SLURM job ID: 6354748
Running initial guess perturbation scan
5
output_stage_two_optimization_stochastic_QA_50nsamp_pert_init_curves
Starting N_SAMPLE LOOP
WARNING:2026-04-15 20:56:10,746:jax._src.xla_bridge:852: An NVIDIA GPU may be present on this machine, but a CUDA-enabled jaxlib is not installed. Falling back to cpu.
WARNING:2026-04-15 20:56:10,746:jax._src.xla_bridge:852: An NVIDIA GPU may be present on this machine, but a CUDA-enabled jaxlib is not installed. Falling back to cpu.
WARNING:2026-04-15 20:56:11,456:jax._src.xla_bridge:852: An NVIDIA GPU may be present on this machine, but a CUDA-enabled jaxlib is not installed. Falling back to cpu.
WARNING:2026-04-15 20:56:11,459:jax._src.xla_bridge:852: An NVIDIA GPU may be present on this machine, but a CUDA-enabled jaxlib is not installed. Falling back to cpu.
WARNING:2026-04-15 20:56:11,465:jax._src.xla_bridge:852: An NVIDIA GPU may be present on this machine, but a CUDA-enabled jaxlib is not installed. Falling back to cpu.
WARNING:2026-04-15 20:56:11,465:jax._src.xla_bridge:852: An NVIDIA GPU may be present on this machine, but a CUDA-enabled jaxlib is not installed. Falling back to cpu.
WARNING:2026-04-15 20:56:11,470:jax._src.xla_bridge:852: An NVIDIA GPU may be present on this machine, but a CUDA-enabled jaxlib is not installed. Falling back to cpu.
WARNING:2026-04-15 20:56:12,025:jax._src.xla_bridge:852: An NVIDIA GPU may be present on this machine, but a CUDA-enabled jaxlib is not installed. Falling back to cpu.
WARNING:2026-04-15 20:56:12,139:jax._src.xla_bridge:852: An NVIDIA GPU may be present on this machine, but a CUDA-enabled jaxlib is not installed. Falling back to cpu.
WARNING:2026-04-15 20:56:12,151:jax._src.xla_bridge:852: An NVIDIA GPU may be present on this machine, but a CUDA-enabled jaxlib is not installed. Falling back to cpu.
WARNING:2026-04-15 20:56:12,176:jax._src.xla_bridge:852: An NVIDIA GPU may be present on this machine, but a CUDA-enabled jaxlib is not installed. Falling back to cpu.
WARNING:2026-04-15 20:56:12,255:jax._src.xla_bridge:852: An NVIDIA GPU may be present on this machine, but a CUDA-enabled jaxlib is not installed. Falling back to cpu.
WARNING:2026-04-15 20:56:12,261:jax._src.xla_bridge:852: An NVIDIA GPU may be present on this machine, but a CUDA-enabled jaxlib is not installed. Falling back to cpu.
WARNING:2026-04-15 20:56:12,281:jax._src.xla_bridge:852: An NVIDIA GPU may be present on this machine, but a CUDA-enabled jaxlib is not installed. Falling back to cpu.
WARNING:2026-04-15 20:56:12,288:jax._src.xla_bridge:852: An NVIDIA GPU may be present on this machine, but a CUDA-enabled jaxlib is not installed. Falling back to cpu.
WARNING:2026-04-15 20:56:12,289:jax._src.xla_bridge:852: An NVIDIA GPU may be present on this machine, but a CUDA-enabled jaxlib is not installed. Falling back to cpu.
WARNING:2026-04-15 20:56:12,293:jax._src.xla_bridge:852: An NVIDIA GPU may be present on this machine, but a CUDA-enabled jaxlib is not installed. Falling back to cpu.
WARNING:2026-04-15 20:56:12,302:jax._src.xla_bridge:852: An NVIDIA GPU may be present on this machine, but a CUDA-enabled jaxlib is not installed. Falling back to cpu.
WARNING:2026-04-15 20:56:12,327:jax._src.xla_bridge:852: An NVIDIA GPU may be present on this machine, but a CUDA-enabled jaxlib is not installed. Falling back to cpu.
WARNING:2026-04-15 20:56:12,328:jax._src.xla_bridge:852: An NVIDIA GPU may be present on this machine, but a CUDA-enabled jaxlib is not installed. Falling back to cpu.
WARNING:2026-04-15 20:56:12,340:jax._src.xla_bridge:852: An NVIDIA GPU may be present on this machine, but a CUDA-enabled jaxlib is not installed. Falling back to cpu.
WARNING:2026-04-15 20:56:12,513:jax._src.xla_bridge:852: An NVIDIA GPU may be present on this machine, but a CUDA-enabled jaxlib is not installed. Falling back to cpu.
WARNING:2026-04-15 20:56:12,556:jax._src.xla_bridge:852: An NVIDIA GPU may be present on this machine, but a CUDA-enabled jaxlib is not installed. Falling back to cpu.
WARNING:2026-04-15 20:56:12,584:jax._src.xla_bridge:852: An NVIDIA GPU may be present on this machine, but a CUDA-enabled jaxlib is not installed. Falling back to cpu.
WARNING:2026-04-15 20:56:12,630:jax._src.xla_bridge:852: An NVIDIA GPU may be present on this machine, but a CUDA-enabled jaxlib is not installed. Falling back to cpu.
WARNING:2026-04-15 20:56:12,635:jax._src.xla_bridge:852: An NVIDIA GPU may be present on this machine, but a CUDA-enabled jaxlib is not installed. Falling back to cpu.
WARNING:2026-04-15 20:56:12,640:jax._src.xla_bridge:852: An NVIDIA GPU may be present on this machine, but a CUDA-enabled jaxlib is not installed. Falling back to cpu.
WARNING:2026-04-15 20:56:12,672:jax._src.xla_bridge:852: An NVIDIA GPU may be present on this machine, but a CUDA-enabled jaxlib is not installed. Falling back to cpu.
WARNING:2026-04-15 20:56:12,742:jax._src.xla_bridge:852: An NVIDIA GPU may be present on this machine, but a CUDA-enabled jaxlib is not installed. Falling back to cpu.
WARNING:2026-04-15 20:56:12,814:jax._src.xla_bridge:852: An NVIDIA GPU may be present on this machine, but a CUDA-enabled jaxlib is not installed. Falling back to cpu.
WARNING:2026-04-15 20:56:13,688:jax._src.xla_bridge:852: An NVIDIA GPU may be present on this machine, but a CUDA-enabled jaxlib is not installed. Falling back to cpu.
WARNING:2026-04-15 20:56:14,554:jax._src.xla_bridge:852: An NVIDIA GPU may be present on this machine, but a CUDA-enabled jaxlib is not installed. Falling back to cpu.

################################################################################
### Perform a Taylor test ######################################################
################################################################################

Iteration 1/2000-----
currents: [100000.0, 100000.0, 100000.0, 100000.0]
J=3.3e-02, ⟨Jf⟩=3.3e-02, ⟨B·n⟩=8.0e-02, Len=sum([3.1, 3.1, 3.1, 3.1])=12.6, ϰ=[2.0, 2.0, 2.0, 2.0], ∫ϰ²/L>=[4.0, 4.0, 4.0, 4.0], C-C-Sep=0.19, ║∇J║=2.2e-01
Iteration 2/2000-----
currents: [100000.0, 100000.000417022, 100000.00072032449, 100000.00000011438]
J=3.6e-02, ⟨Jf⟩=3.3e-02, ⟨B·n⟩=8.0e-02, Len=sum([3.2, 3.2, 3.2, 3.2])=12.7, ϰ=[30.6, 36.8, 35.7, 28.4], ∫ϰ²/L>=[24.3, 26.8, 24.4, 25.2], C-C-Sep=0.19, ║∇J║=9.7e-01
Iteration 3/2000-----
currents: [100000.0, 99999.999582978, 99999.99927967551, 99999.99999988562]
J=3.7e-02, ⟨Jf⟩=3.3e-02, ⟨B·n⟩=8.0e-02, Len=sum([3.2, 3.2, 3.2, 3.2])=12.6, ϰ=[22.9, 28.1, 29.0, 25.8], ∫ϰ²/L>=[22.6, 23.6, 23.0, 23.5], C-C-Sep=0.19, ║∇J║=1.0e+00
err -0.16398487183633692
Iteration 4/2000-----
currents: [100000.0, 100000.0000417022, 100000.00007203245, 100000.00000001144]
J=3.3e-02, ⟨Jf⟩=3.3e-02, ⟨B·n⟩=8.0e-02, Len=sum([3.1, 3.1, 3.1, 3.1])=12.6, ϰ=[3.9, 4.0, 4.0, 3.8], ∫ϰ²/L>=[4.2, 4.2, 4.2, 4.2], C-C-Sep=0.19, ║∇J║=2.3e-01
Iteration 5/2000-----
currents: [100000.0, 99999.9999582978, 99999.99992796755, 99999.99999998856]
J=3.3e-02, ⟨Jf⟩=3.3e-02, ⟨B·n⟩=8.0e-02, Len=sum([3.1, 3.1, 3.1, 3.1])=12.6, ϰ=[3.5, 3.7, 3.7, 3.6], ∫ϰ²/L>=[4.2, 4.2, 4.2, 4.2], C-C-Sep=0.19, ║∇J║=2.3e-01
err -0.0030699318886254073
Iteration 6/2000-----
currents: [100000.0, 100000.00000417022, 100000.00000720324, 100000.00000000115]
J=3.3e-02, ⟨Jf⟩=3.3e-02, ⟨B·n⟩=8.0e-02, Len=sum([3.1, 3.1, 3.1, 3.1])=12.6, ϰ=[2.2, 2.2, 2.2, 2.1], ∫ϰ²/L>=[4.0, 4.0, 4.0, 4.0], C-C-Sep=0.19, ║∇J║=2.2e-01
Iteration 7/2000-----
currents: [100000.0, 99999.99999582978, 99999.99999279676, 99999.99999999885]
J=3.3e-02, ⟨Jf⟩=3.3e-02, ⟨B·n⟩=8.0e-02, Len=sum([3.1, 3.1, 3.1, 3.1])=12.6, ϰ=[2.2, 2.2, 2.2, 2.1], ∫ϰ²/L>=[4.0, 4.0, 4.0, 4.0], C-C-Sep=0.19, ║∇J║=2.2e-01
err -3.075843641812959e-05
Iteration 8/2000-----
currents: [100000.0, 100000.00000041703, 100000.00000072032, 100000.00000000012]
J=3.3e-02, ⟨Jf⟩=3.3e-02, ⟨B·n⟩=8.0e-02, Len=sum([3.1, 3.1, 3.1, 3.1])=12.6, ϰ=[2.0, 2.0, 2.0, 2.0], ∫ϰ²/L>=[4.0, 4.0, 4.0, 4.0], C-C-Sep=0.19, ║∇J║=2.2e-01
Iteration 9/2000-----
currents: [100000.0, 99999.99999958297, 99999.99999927968, 99999.99999999988]
J=3.3e-02, ⟨Jf⟩=3.3e-02, ⟨B·n⟩=8.0e-02, Len=sum([3.1, 3.1, 3.1, 3.1])=12.6, ϰ=[2.0, 2.0, 2.0, 2.0], ∫ϰ²/L>=[4.0, 4.0, 4.0, 4.0], C-C-Sep=0.19, ║∇J║=2.2e-01
err -3.0759595785745386e-07
Iteration 10/2000-----
currents: [100000.0, 100000.0000000417, 100000.00000007203, 100000.00000000001]
J=3.3e-02, ⟨Jf⟩=3.3e-02, ⟨B·n⟩=8.0e-02, Len=sum([3.1, 3.1, 3.1, 3.1])=12.6, ϰ=[2.0, 2.0, 2.0, 2.0], ∫ϰ²/L>=[4.0, 4.0, 4.0, 4.0], C-C-Sep=0.19, ║∇J║=2.2e-01
Iteration 11/2000-----
currents: [100000.0, 99999.9999999583, 99999.99999992797, 99999.99999999999]
J=3.3e-02, ⟨Jf⟩=3.3e-02, ⟨B·n⟩=8.0e-02, Len=sum([3.1, 3.1, 3.1, 3.1])=12.6, ϰ=[2.0, 2.0, 2.0, 2.0], ∫ϰ²/L>=[4.0, 4.0, 4.0, 4.0], C-C-Sep=0.19, ║∇J║=2.2e-01
err -3.1103544601007727e-09

################################################################################
### Run the optimisation #######################################################
################################################################################

Iteration 1/2000-----
currents: [100000.0, 100000.0, 100000.0, 100000.0]
J=3.3e-02, ⟨Jf⟩=3.3e-02, ⟨B·n⟩=8.0e-02, Len=sum([3.1, 3.1, 3.1, 3.1])=12.6, ϰ=[2.0, 2.0, 2.0, 2.0], ∫ϰ²/L>=[4.0, 4.0, 4.0, 4.0], C-C-Sep=0.19, ║∇J║=2.2e-01
Iteration 2/2000-----
currents: [100000.0, 99999.99999916439, 99999.9999993212, 99999.99999943563]
J=3.1e+01, ⟨Jf⟩=2.4e-02, ⟨B·n⟩=6.2e-02, Len=sum([4.3, 4.8, 5.8, 5.8])=20.7, ϰ=[9.9, 4.4, 4.4, 3.4], ∫ϰ²/L>=[7.8, 5.2, 4.1, 3.9], C-C-Sep=0.01, ║∇J║=9.1e+00
Iteration 3/2000-----
currents: [100000.0, 99999.99999999901, 99999.9999999992, 99999.99999999933]
J=3.3e-02, ⟨Jf⟩=3.3e-02, ⟨B·n⟩=8.0e-02, Len=sum([3.1, 3.1, 3.1, 3.1])=12.6, ϰ=[2.0, 2.0, 2.1, 2.1], ∫ϰ²/L>=[4.0, 4.0, 4.0, 4.0], C-C-Sep=0.19, ║∇J║=2.1e-01
Iteration 4/2000-----
currents: [100000.0, 99999.99999991588, 99999.99999993166, 99999.99999994319]
J=2.1e-02, ⟨Jf⟩=1.8e-02, ⟨B·n⟩=5.9e-02, Len=sum([3.2, 3.2, 3.2, 3.2])=12.8, ϰ=[5.7, 6.0, 6.2, 5.8], ∫ϰ²/L>=[5.3, 5.3, 6.2, 6.1], C-C-Sep=0.15, ║∇J║=2.4e-01
Iteration 5/2000-----
currents: [100000.0, 99999.99999982725, 99999.99999986411, 99999.99999988862]
J=5.0e+02, ⟨Jf⟩=1.0e-02, ⟨B·n⟩=4.4e-02, Len=sum([3.2, 3.3, 3.4, 3.4])=13.3, ϰ=[15.6, 230.4, 17415.2, 748.3], ∫ϰ²/L>=[10.8, 86.3, 31703.1, 441.5], C-C-Sep=0.12, ║∇J║=1.2e+07
Iteration 6/2000-----
currents: [100000.0, 99999.9999998865, 99999.99999990927, 99999.9999999251]
J=1.9e-02, ⟨Jf⟩=1.5e-02, ⟨B·n⟩=5.4e-02, Len=sum([3.2, 3.2, 3.3, 3.3])=12.9, ϰ=[5.6, 6.1, 7.3, 7.2], ∫ϰ²/L>=[5.7, 6.0, 7.5, 7.6], C-C-Sep=0.14, ║∇J║=5.5e-01
Iteration 7/2000-----
currents: [100000.0, 99999.99999986921, 99999.99999989585, 99999.99999991417]
J=1.8e-02, ⟨Jf⟩=1.3e-02, ⟨B·n⟩=5.1e-02, Len=sum([3.2, 3.2, 3.3, 3.3])=13.0, ϰ=[5.6, 5.8, 6.1, 6.3], ∫ϰ²/L>=[5.7, 5.6, 6.8, 6.8], C-C-Sep=0.13, ║∇J║=3.3e-01
Iteration 8/2000-----
currents: [100000.0, 99999.99999985872, 99999.99999988789, 99999.99999990777]
J=1.7e-02, ⟨Jf⟩=1.3e-02, ⟨B·n⟩=4.9e-02, Len=sum([3.2, 3.2, 3.3, 3.3])=13.0, ϰ=[5.5, 5.4, 5.8, 5.6], ∫ϰ²/L>=[5.7, 5.6, 6.6, 6.6], C-C-Sep=0.13, ║∇J║=2.4e-01
Iteration 9/2000-----
currents: [100000.0, 99999.99999983782, 99999.99999987251, 99999.99999989559]
J=1.6e-02, ⟨Jf⟩=1.1e-02, ⟨B·n⟩=4.6e-02, Len=sum([3.2, 3.2, 3.3, 3.3])=13.1, ϰ=[4.9, 4.9, 5.5, 5.5], ∫ϰ²/L>=[5.9, 5.7, 6.6, 6.6], C-C-Sep=0.12, ║∇J║=2.5e-01
Iteration 10/2000-----
currents: [100000.0, 99999.99999980122, 99999.99999984627, 99999.99999987513]
J=1.4e-02, ⟨Jf⟩=8.7e-03, ⟨B·n⟩=4.1e-02, Len=sum([3.2, 3.3, 3.3, 3.4])=13.2, ϰ=[5.6, 6.6, 6.8, 6.5], ∫ϰ²/L>=[6.2, 6.1, 7.1, 7.2], C-C-Sep=0.11, ║∇J║=5.7e-01
Iteration 11/2000-----
currents: [100000.0, 99999.99999979093, 99999.99999983939, 99999.99999987]
J=1.3e-02, ⟨Jf⟩=8.1e-03, ⟨B·n⟩=3.9e-02, Len=sum([3.2, 3.3, 3.3, 3.4])=13.2, ϰ=[5.4, 6.5, 7.2, 7.1], ∫ϰ²/L>=[6.3, 6.1, 7.2, 7.3], C-C-Sep=0.11, ║∇J║=2.5e-01
Iteration 12/2000-----
currents: [100000.0, 99999.9999997867, 99999.999999837, 99999.99999986844]
J=1.2e-02, ⟨Jf⟩=8.0e-03, ⟨B·n⟩=3.9e-02, Len=sum([3.2, 3.3, 3.3, 3.4])=13.2, ϰ=[5.2, 6.2, 7.1, 7.2], ∫ϰ²/L>=[6.3, 6.1, 7.1, 7.2], C-C-Sep=0.11, ║∇J║=2.2e-01
Iteration 13/2000-----
currents: [100000.0, 99999.99999977158, 99999.9999998271, 99999.99999986116]
J=1.1e-02, ⟨Jf⟩=7.3e-03, ⟨B·n⟩=3.7e-02, Len=sum([3.2, 3.3, 3.3, 3.4])=13.2, ϰ=[5.3, 6.0, 6.3, 6.6], ∫ϰ²/L>=[6.4, 6.1, 7.1, 7.1], C-C-Sep=0.11, ║∇J║=2.7e-01
Iteration 14/2000-----
currents: [100000.0, 99999.99999973859, 99999.99999980505, 99999.9999998448]
J=1.1e-02, ⟨Jf⟩=5.8e-03, ⟨B·n⟩=3.3e-02, Len=sum([3.2, 3.3, 3.4, 3.4])=13.2, ϰ=[5.6, 6.4, 7.4, 7.2], ∫ϰ²/L>=[7.1, 6.4, 7.4, 7.4], C-C-Sep=0.11, ║∇J║=5.8e-01
Iteration 15/2000-----
currents: [100000.0, 99999.99999972613, 99999.99999979668, 99999.99999983859]
J=9.4e-03, ⟨Jf⟩=5.4e-03, ⟨B·n⟩=3.2e-02, Len=sum([3.2, 3.3, 3.4, 3.4])=13.3, ϰ=[5.8, 6.4, 7.8, 7.8], ∫ϰ²/L>=[7.5, 6.6, 7.6, 7.6], C-C-Sep=0.10, ║∇J║=2.3e-01
Iteration 16/2000-----
currents: [100000.0, 99999.99999971534, 99999.99999978939, 99999.99999983318]
J=8.8e-03, ⟨Jf⟩=5.0e-03, ⟨B·n⟩=3.1e-02, Len=sum([3.2, 3.3, 3.4, 3.4])=13.3, ϰ=[6.1, 6.3, 7.9, 8.0], ∫ϰ²/L>=[7.9, 6.8, 7.7, 7.7], C-C-Sep=0.10, ║∇J║=1.8e-01
Iteration 17/2000-----
currents: [100000.0, 99999.99999970038, 99999.99999977938, 99999.99999982581]
J=8.2e-03, ⟨Jf⟩=4.5e-03, ⟨B·n⟩=2.9e-02, Len=sum([3.2, 3.3, 3.4, 3.4])=13.3, ϰ=[6.4, 6.6, 7.4, 7.8], ∫ϰ²/L>=[8.9, 7.3, 7.7, 7.7], C-C-Sep=0.10, ║∇J║=2.3e-01
Iteration 18/2000-----
currents: [100000.0, 99999.99999967984, 99999.99999976612, 99999.99999981638]
J=7.3e-03, ⟨Jf⟩=3.9e-03, ⟨B·n⟩=2.7e-02, Len=sum([3.3, 3.3, 3.4, 3.4])=13.4, ϰ=[7.3, 6.4, 7.1, 7.1], ∫ϰ²/L>=[11.0, 8.4, 7.7, 7.6], C-C-Sep=0.10, ║∇J║=2.7e-01
Iteration 19/2000-----
currents: [100000.0, 99999.9999996378, 99999.99999973946, 99999.99999979779]
J=7.4e-03, ⟨Jf⟩=2.9e-03, ⟨B·n⟩=2.3e-02, Len=sum([3.3, 3.3, 3.4, 3.5])=13.5, ϰ=[9.5, 10.6, 8.4, 8.1], ∫ϰ²/L>=[15.0, 12.8, 8.6, 8.5], C-C-Sep=0.10, ║∇J║=6.6e-01
Iteration 20/2000-----
currents: [100000.0, 99999.99999966007, 99999.99999975358, 99999.99999980764]
J=6.7e-03, ⟨Jf⟩=3.4e-03, ⟨B·n⟩=2.5e-02, Len=sum([3.3, 3.3, 3.4, 3.4])=13.4, ϰ=[8.4, 8.2, 7.0, 7.0], ∫ϰ²/L>=[12.6, 10.0, 7.8, 7.8], C-C-Sep=0.10, ║∇J║=3.1e-01
Iteration 21/2000-----
currents: [100000.0, 99999.99999964764, 99999.99999974619, 99999.99999980282]
J=6.1e-03, ⟨Jf⟩=3.1e-03, ⟨B·n⟩=2.4e-02, Len=sum([3.3, 3.3, 3.4, 3.5])=13.5, ϰ=[8.8, 9.3, 7.1, 7.1], ∫ϰ²/L>=[12.8, 11.4, 8.0, 7.9], C-C-Sep=0.10, ║∇J║=1.7e-01
Iteration 22/2000-----
currents: [100000.0, 99999.9999996404, 99999.9999997422, 99999.99999980052]
J=5.6e-03, ⟨Jf⟩=3.0e-03, ⟨B·n⟩=2.3e-02, Len=sum([3.3, 3.3, 3.4, 3.5])=13.5, ϰ=[7.8, 9.0, 7.1, 7.2], ∫ϰ²/L>=[11.5, 10.9, 8.1, 8.0], C-C-Sep=0.10, ║∇J║=1.7e-01
Iteration 23/2000-----
currents: [100000.0, 99999.99999962743, 99999.99999973454, 99999.99999979576]
J=5.1e-03, ⟨Jf⟩=2.8e-03, ⟨B·n⟩=2.2e-02, Len=sum([3.3, 3.3, 3.4, 3.5])=13.5, ϰ=[7.2, 8.1, 7.1, 7.3], ∫ϰ²/L>=[10.6, 9.8, 8.5, 8.3], C-C-Sep=0.10, ║∇J║=2.3e-01
Iteration 24/2000-----
currents: [100000.0, 99999.99999960724, 99999.99999972233, 99999.99999978804]
J=4.6e-03, ⟨Jf⟩=2.4e-03, ⟨B·n⟩=2.1e-02, Len=sum([3.3, 3.3, 3.5, 3.5])=13.6, ϰ=[6.7, 7.7, 7.4, 7.1], ∫ϰ²/L>=[10.9, 9.6, 9.2, 8.9], C-C-Sep=0.10, ║∇J║=2.5e-01
Iteration 25/2000-----
currents: [100000.0, 99999.99999959819, 99999.99999971657, 99999.99999978427]
J=4.2e-03, ⟨Jf⟩=2.3e-03, ⟨B·n⟩=2.0e-02, Len=sum([3.3, 3.3, 3.5, 3.5])=13.6, ϰ=[6.9, 7.5, 7.5, 7.1], ∫ϰ²/L>=[10.9, 9.5, 9.2, 8.9], C-C-Sep=0.10, ║∇J║=1.4e-01
Iteration 26/2000-----
currents: [100000.0, 99999.99999958574, 99999.9999997086, 99999.99999977909]
J=3.8e-03, ⟨Jf⟩=2.2e-03, ⟨B·n⟩=1.9e-02, Len=sum([3.3, 3.4, 3.5, 3.5])=13.6, ϰ=[6.9, 7.6, 7.2, 6.8], ∫ϰ²/L>=[11.0, 9.6, 9.0, 8.8], C-C-Sep=0.10, ║∇J║=1.5e-01
Iteration 27/2000-----
currents: [100000.0, 99999.99999957641, 99999.99999970295, 99999.99999977581]
J=3.5e-03, ⟨Jf⟩=2.1e-03, ⟨B·n⟩=1.9e-02, Len=sum([3.3, 3.4, 3.5, 3.5])=13.7, ϰ=[6.9, 7.7, 6.9, 6.4], ∫ϰ²/L>=[11.1, 9.7, 9.0, 8.9], C-C-Sep=0.10, ║∇J║=1.8e-01
Iteration 28/2000-----
currents: [100000.0, 99999.99999956215, 99999.99999969458, 99999.9999997713]
J=3.2e-03, ⟨Jf⟩=2.0e-03, ⟨B·n⟩=1.8e-02, Len=sum([3.3, 3.4, 3.5, 3.5])=13.7, ϰ=[7.0, 8.3, 6.6, 6.2], ∫ϰ²/L>=[11.4, 10.4, 9.5, 9.6], C-C-Sep=0.10, ║∇J║=1.5e-01
Iteration 29/2000-----
currents: [100000.0, 99999.9999995544, 99999.9999996902, 99999.99999976925]
J=2.9e-03, ⟨Jf⟩=1.9e-03, ⟨B·n⟩=1.7e-02, Len=sum([3.3, 3.4, 3.5, 3.5])=13.7, ϰ=[7.4, 7.7, 6.7, 6.1], ∫ϰ²/L>=[11.2, 10.1, 9.8, 9.8], C-C-Sep=0.10, ║∇J║=1.4e-01
Iteration 30/2000-----
currents: [100000.0, 99999.99999954864, 99999.99999968697, 99999.9999997679]
J=2.7e-03, ⟨Jf⟩=1.9e-03, ⟨B·n⟩=1.7e-02, Len=sum([3.3, 3.4, 3.5, 3.5])=13.8, ϰ=[7.8, 6.8, 6.5, 5.9], ∫ϰ²/L>=[10.8, 9.5, 9.7, 9.8], C-C-Sep=0.10, ║∇J║=1.2e-01
Iteration 31/2000-----
currents: [100000.0, 99999.9999995433, 99999.99999968367, 99999.99999976624]
J=2.5e-03, ⟨Jf⟩=1.8e-03, ⟨B·n⟩=1.7e-02, Len=sum([3.3, 3.4, 3.5, 3.5])=13.8, ϰ=[8.1, 6.6, 6.4, 5.7], ∫ϰ²/L>=[10.5, 8.7, 9.3, 9.4], C-C-Sep=0.10, ║∇J║=1.1e-01
Iteration 32/2000-----
currents: [100000.0, 99999.99999953047, 99999.99999967561, 99999.99999976206]
J=2.4e-03, ⟨Jf⟩=1.8e-03, ⟨B·n⟩=1.6e-02, Len=sum([3.3, 3.4, 3.5, 3.6])=13.8, ϰ=[8.2, 7.0, 6.0, 5.9], ∫ϰ²/L>=[10.5, 8.8, 9.0, 9.2], C-C-Sep=0.10, ║∇J║=2.1e-01
Iteration 33/2000-----
currents: [100000.0, 99999.99999952658, 99999.9999996732, 99999.99999976093]
J=2.2e-03, ⟨Jf⟩=1.7e-03, ⟨B·n⟩=1.6e-02, Len=sum([3.3, 3.4, 3.5, 3.6])=13.8, ϰ=[8.2, 6.9, 5.9, 5.9], ∫ϰ²/L>=[10.5, 8.8, 8.9, 9.2], C-C-Sep=0.10, ║∇J║=8.4e-02
Iteration 34/2000-----
currents: [100000.0, 99999.99999952488, 99999.99999967216, 99999.99999976058]
J=2.1e-03, ⟨Jf⟩=1.7e-03, ⟨B·n⟩=1.6e-02, Len=sum([3.3, 3.4, 3.5, 3.6])=13.8, ϰ=[7.9, 6.5, 5.7, 5.9], ∫ϰ²/L>=[10.4, 8.7, 8.8, 9.1], C-C-Sep=0.10, ║∇J║=7.7e-02
Iteration 35/2000-----
currents: [100000.0, 99999.99999951918, 99999.99999966868, 99999.99999975927]
J=2.0e-03, ⟨Jf⟩=1.7e-03, ⟨B·n⟩=1.6e-02, Len=sum([3.4, 3.4, 3.5, 3.6])=13.8, ϰ=[7.4, 6.4, 5.5, 6.0], ∫ϰ²/L>=[10.4, 8.5, 8.5, 8.9], C-C-Sep=0.10, ║∇J║=7.8e-02
Iteration 36/2000-----
currents: [100000.0, 99999.9999995098, 99999.99999966286, 99999.99999975723]
J=2.0e-03, ⟨Jf⟩=1.7e-03, ⟨B·n⟩=1.5e-02, Len=sum([3.4, 3.4, 3.5, 3.6])=13.9, ϰ=[6.9, 6.2, 5.1, 6.1], ∫ϰ²/L>=[10.6, 8.2, 8.1, 8.6], C-C-Sep=0.10, ║∇J║=2.4e-01
Iteration 37/2000-----
currents: [100000.0, 99999.99999951462, 99999.99999966586, 99999.99999975828]
J=1.9e-03, ⟨Jf⟩=1.7e-03, ⟨B·n⟩=1.6e-02, Len=sum([3.4, 3.4, 3.5, 3.6])=13.9, ϰ=[6.9, 6.0, 5.2, 6.0], ∫ϰ²/L>=[10.4, 8.2, 8.2, 8.7], C-C-Sep=0.10, ║∇J║=1.2e-01
Iteration 38/2000-----
currents: [100000.0, 99999.99999950938, 99999.99999966257, 99999.99999975707]
J=1.8e-03, ⟨Jf⟩=1.7e-03, ⟨B·n⟩=1.5e-02, Len=sum([3.4, 3.4, 3.5, 3.6])=13.9, ϰ=[6.7, 6.3, 5.1, 5.9], ∫ϰ²/L>=[10.6, 8.2, 8.1, 8.6], C-C-Sep=0.10, ║∇J║=6.7e-02
Iteration 39/2000-----
currents: [100000.0, 99999.9999995053, 99999.99999965985, 99999.99999975604]
J=1.7e-03, ⟨Jf⟩=1.6e-03, ⟨B·n⟩=1.5e-02, Len=sum([3.4, 3.4, 3.5, 3.6])=13.9, ϰ=[6.8, 6.4, 5.1, 5.5], ∫ϰ²/L>=[10.7, 7.9, 8.0, 8.4], C-C-Sep=0.10, ║∇J║=5.3e-02
Iteration 40/2000-----
currents: [100000.0, 99999.99999950167, 99999.9999996573, 99999.9999997551]
J=1.7e-03, ⟨Jf⟩=1.6e-03, ⟨B·n⟩=1.5e-02, Len=sum([3.4, 3.4, 3.5, 3.6])=13.9, ϰ=[6.9, 6.3, 5.2, 4.9], ∫ϰ²/L>=[10.7, 7.5, 7.8, 8.1], C-C-Sep=0.10, ║∇J║=8.5e-02
Iteration 41/2000-----
currents: [100000.0, 99999.99999950096, 99999.99999965672, 99999.99999975487]
J=1.7e-03, ⟨Jf⟩=1.6e-03, ⟨B·n⟩=1.5e-02, Len=sum([3.4, 3.4, 3.5, 3.6])=13.9, ϰ=[7.0, 6.1, 5.1, 4.6], ∫ϰ²/L>=[10.5, 7.4, 7.7, 7.9], C-C-Sep=0.10, ║∇J║=4.0e-02
Iteration 42/2000-----
currents: [100000.0, 99999.99999950023, 99999.99999965615, 99999.99999975467]
J=1.6e-03, ⟨Jf⟩=1.6e-03, ⟨B·n⟩=1.5e-02, Len=sum([3.4, 3.4, 3.5, 3.6])=13.9, ϰ=[7.1, 6.1, 5.1, 4.5], ∫ϰ²/L>=[10.4, 7.2, 7.5, 7.7], C-C-Sep=0.10, ║∇J║=3.0e-02
Iteration 43/2000-----
currents: [100000.0, 99999.9999994987, 99999.99999965508, 99999.99999975435]
J=1.6e-03, ⟨Jf⟩=1.6e-03, ⟨B·n⟩=1.5e-02, Len=sum([3.4, 3.4, 3.5, 3.6])=13.9, ϰ=[7.1, 6.2, 5.1, 4.5], ∫ϰ²/L>=[10.3, 7.1, 7.4, 7.5], C-C-Sep=0.10, ║∇J║=2.8e-02
Iteration 44/2000-----
currents: [100000.0, 99999.999999496, 99999.99999965316, 99999.9999997538]
J=1.6e-03, ⟨Jf⟩=1.6e-03, ⟨B·n⟩=1.5e-02, Len=sum([3.4, 3.4, 3.5, 3.6])=13.9, ϰ=[7.1, 6.2, 5.0, 4.7], ∫ϰ²/L>=[10.2, 6.9, 7.2, 7.4], C-C-Sep=0.10, ║∇J║=6.2e-02
Iteration 45/2000-----
currents: [100000.0, 99999.99999949514, 99999.99999965254, 99999.9999997536]
J=1.6e-03, ⟨Jf⟩=1.6e-03, ⟨B·n⟩=1.5e-02, Len=sum([3.4, 3.4, 3.5, 3.6])=13.9, ϰ=[7.0, 6.2, 5.0, 4.7], ∫ϰ²/L>=[10.2, 6.9, 7.2, 7.3], C-C-Sep=0.10, ║∇J║=3.0e-02
Iteration 46/2000-----
currents: [100000.0, 99999.99999949333, 99999.9999996512, 99999.99999975317]
J=1.6e-03, ⟨Jf⟩=1.6e-03, ⟨B·n⟩=1.5e-02, Len=sum([3.4, 3.4, 3.5, 3.6])=13.9, ϰ=[7.0, 6.1, 5.0, 4.9], ∫ϰ²/L>=[10.1, 6.8, 7.2, 7.3], C-C-Sep=0.10, ║∇J║=3.1e-02
Iteration 47/2000-----
currents: [100000.0, 99999.99999948924, 99999.99999964809, 99999.99999975217]
J=1.6e-03, ⟨Jf⟩=1.5e-03, ⟨B·n⟩=1.5e-02, Len=sum([3.4, 3.4, 3.5, 3.6])=13.9, ϰ=[6.9, 6.1, 5.2, 5.1], ∫ϰ²/L>=[10.0, 6.9, 7.2, 7.3], C-C-Sep=0.10, ║∇J║=5.6e-02
Iteration 48/2000-----
currents: [100000.0, 99999.99999948141, 99999.99999964201, 99999.9999997502]
J=1.5e-03, ⟨Jf⟩=1.5e-03, ⟨B·n⟩=1.5e-02, Len=sum([3.4, 3.4, 3.5, 3.6])=13.9, ϰ=[7.0, 6.1, 5.5, 5.4], ∫ϰ²/L>=[10.2, 7.5, 7.9, 8.1], C-C-Sep=0.10, ║∇J║=7.7e-02
Iteration 49/2000-----
currents: [100000.0, 99999.99999946929, 99999.99999963246, 99999.99999974709]
J=1.5e-03, ⟨Jf⟩=1.4e-03, ⟨B·n⟩=1.4e-02, Len=sum([3.4, 3.4, 3.6, 3.6])=14.0, ϰ=[7.6, 6.6, 6.5, 7.1], ∫ϰ²/L>=[10.9, 8.8, 9.5, 10.1], C-C-Sep=0.10, ║∇J║=9.1e-02
Iteration 50/2000-----
currents: [100000.0, 99999.99999945147, 99999.99999961823, 99999.99999974226]
J=1.5e-03, ⟨Jf⟩=1.2e-03, ⟨B·n⟩=1.4e-02, Len=sum([3.4, 3.4, 3.6, 3.6])=14.1, ϰ=[8.2, 7.4, 8.2, 8.9], ∫ϰ²/L>=[12.3, 10.2, 11.5, 12.8], C-C-Sep=0.10, ║∇J║=2.3e-01
Iteration 51/2000-----
currents: [100000.0, 99999.99999946274, 99999.99999962724, 99999.99999974531]
J=1.4e-03, ⟨Jf⟩=1.3e-03, ⟨B·n⟩=1.4e-02, Len=sum([3.4, 3.4, 3.6, 3.6])=14.0, ϰ=[7.7, 6.8, 7.1, 7.7], ∫ϰ²/L>=[11.2, 9.2, 10.1, 10.9], C-C-Sep=0.10, ║∇J║=9.8e-02
Iteration 52/2000-----
currents: [100000.0, 99999.99999945756, 99999.99999962296, 99999.99999974381]
J=1.4e-03, ⟨Jf⟩=1.3e-03, ⟨B·n⟩=1.4e-02, Len=sum([3.4, 3.4, 3.6, 3.6])=14.0, ϰ=[7.9, 7.1, 6.8, 7.4], ∫ϰ²/L>=[11.1, 8.9, 9.9, 10.8], C-C-Sep=0.10, ║∇J║=5.3e-02
Iteration 53/2000-----
currents: [100000.0, 99999.99999945177, 99999.99999961822, 99999.99999974239]
J=1.3e-03, ⟨Jf⟩=1.2e-03, ⟨B·n⟩=1.4e-02, Len=sum([3.4, 3.4, 3.6, 3.6])=14.0, ϰ=[7.9, 7.6, 6.7, 6.9], ∫ϰ²/L>=[11.0, 8.7, 9.6, 10.5], C-C-Sep=0.10, ║∇J║=5.2e-02
Iteration 54/2000-----
currents: [100000.0, 99999.9999994452, 99999.99999961289, 99999.99999974067]
J=1.3e-03, ⟨Jf⟩=1.2e-03, ⟨B·n⟩=1.3e-02, Len=sum([3.4, 3.4, 3.6, 3.6])=14.1, ϰ=[7.6, 7.7, 7.1, 5.9], ∫ϰ²/L>=[10.9, 8.5, 9.2, 9.8], C-C-Sep=0.10, ║∇J║=7.0e-02
Iteration 55/2000-----
currents: [100000.0, 99999.99999943131, 99999.99999960189, 99999.99999973702]
J=1.2e-03, ⟨Jf⟩=1.1e-03, ⟨B·n⟩=1.3e-02, Len=sum([3.5, 3.4, 3.6, 3.6])=14.1, ϰ=[7.3, 7.3, 7.6, 5.6], ∫ϰ²/L>=[11.3, 8.7, 9.2, 9.1], C-C-Sep=0.10, ║∇J║=7.9e-02
Iteration 56/2000-----
currents: [100000.0, 99999.9999994101, 99999.99999958518, 99999.99999973136]
J=1.3e-03, ⟨Jf⟩=1.0e-03, ⟨B·n⟩=1.3e-02, Len=sum([3.5, 3.5, 3.6, 3.6])=14.2, ϰ=[8.1, 6.2, 8.1, 6.2], ∫ϰ²/L>=[12.5, 10.5, 10.7, 9.5], C-C-Sep=0.10, ║∇J║=1.8e-01
Iteration 57/2000-----
currents: [100000.0, 99999.99999942289, 99999.99999959525, 99999.99999973476]
J=1.2e-03, ⟨Jf⟩=1.1e-03, ⟨B·n⟩=1.3e-02, Len=sum([3.5, 3.5, 3.6, 3.6])=14.1, ϰ=[7.4, 6.8, 7.8, 5.7], ∫ϰ²/L>=[11.5, 9.0, 9.5, 8.9], C-C-Sep=0.10, ║∇J║=7.7e-02
Iteration 58/2000-----
currents: [100000.0, 99999.999999419, 99999.99999959228, 99999.99999973361]
J=1.2e-03, ⟨Jf⟩=1.1e-03, ⟨B·n⟩=1.3e-02, Len=sum([3.5, 3.5, 3.6, 3.6])=14.2, ϰ=[7.5, 6.2, 7.8, 6.0], ∫ϰ²/L>=[11.4, 9.2, 9.6, 8.8], C-C-Sep=0.10, ║∇J║=3.8e-02
Iteration 59/2000-----
currents: [100000.0, 99999.99999941564, 99999.99999958978, 99999.99999973258]
J=1.2e-03, ⟨Jf⟩=1.1e-03, ⟨B·n⟩=1.3e-02, Len=sum([3.5, 3.5, 3.6, 3.6])=14.2, ϰ=[7.2, 6.0, 7.7, 6.1], ∫ϰ²/L>=[11.0, 9.0, 9.5, 8.6], C-C-Sep=0.10, ║∇J║=3.7e-02
Iteration 60/2000-----
currents: [100000.0, 99999.9999994113, 99999.99999958651, 99999.99999973131]
J=1.1e-03, ⟨Jf⟩=1.1e-03, ⟨B·n⟩=1.3e-02, Len=sum([3.5, 3.5, 3.6, 3.6])=14.2, ϰ=[6.9, 6.0, 7.5, 6.1], ∫ϰ²/L>=[10.8, 8.6, 9.2, 8.5], C-C-Sep=0.10, ║∇J║=5.4e-02
Iteration 61/2000-----
currents: [100000.0, 99999.99999940256, 99999.99999957978, 99999.99999972871]
J=1.1e-03, ⟨Jf⟩=1.0e-03, ⟨B·n⟩=1.3e-02, Len=sum([3.5, 3.5, 3.6, 3.6])=14.2, ϰ=[6.4, 5.9, 7.2, 6.2], ∫ϰ²/L>=[10.8, 8.3, 8.9, 8.6], C-C-Sep=0.10, ║∇J║=6.8e-02
Iteration 62/2000-----
currents: [100000.0, 99999.99999938945, 99999.99999956951, 99999.99999972459]
J=1.1e-03, ⟨Jf⟩=9.8e-04, ⟨B·n⟩=1.2e-02, Len=sum([3.5, 3.5, 3.6, 3.7])=14.3, ϰ=[7.1, 6.6, 6.9, 6.0], ∫ϰ²/L>=[11.7, 9.3, 8.7, 9.3], C-C-Sep=0.10, ║∇J║=1.2e-01
Iteration 63/2000-----
currents: [100000.0, 99999.99999939566, 99999.99999957437, 99999.99999972654]
J=1.1e-03, ⟨Jf⟩=1.0e-03, ⟨B·n⟩=1.3e-02, Len=sum([3.5, 3.5, 3.6, 3.6])=14.2, ϰ=[6.6, 6.2, 7.0, 6.1], ∫ϰ²/L>=[11.1, 8.5, 8.6, 8.8], C-C-Sep=0.10, ║∇J║=7.6e-02
Iteration 64/2000-----
currents: [100000.0, 99999.99999939383, 99999.99999957271, 99999.99999972583]
J=1.1e-03, ⟨Jf⟩=9.8e-04, ⟨B·n⟩=1.2e-02, Len=sum([3.5, 3.5, 3.6, 3.6])=14.2, ϰ=[6.8, 6.2, 6.7, 6.0], ∫ϰ²/L>=[11.1, 8.9, 8.5, 8.9], C-C-Sep=0.10, ║∇J║=4.1e-02
Iteration 65/2000-----
currents: [100000.0, 99999.9999993907, 99999.99999957006, 99999.99999972452]
J=1.0e-03, ⟨Jf⟩=9.7e-04, ⟨B·n⟩=1.2e-02, Len=sum([3.5, 3.5, 3.6, 3.6])=14.2, ϰ=[6.5, 5.9, 6.5, 5.8], ∫ϰ²/L>=[10.8, 8.9, 8.4, 8.7], C-C-Sep=0.10, ║∇J║=3.4e-02
Iteration 66/2000-----
currents: [100000.0, 99999.99999938703, 99999.99999956708, 99999.9999997231]
J=1.0e-03, ⟨Jf⟩=9.6e-04, ⟨B·n⟩=1.2e-02, Len=sum([3.5, 3.5, 3.6, 3.7])=14.3, ϰ=[6.3, 5.9, 6.5, 5.7], ∫ϰ²/L>=[10.5, 8.7, 8.4, 8.6], C-C-Sep=0.10, ║∇J║=4.9e-02
Iteration 67/2000-----
currents: [100000.0, 99999.99999937859, 99999.99999956037, 99999.99999971988]
J=1.0e-03, ⟨Jf⟩=9.3e-04, ⟨B·n⟩=1.2e-02, Len=sum([3.5, 3.5, 3.6, 3.7])=14.3, ϰ=[6.3, 6.1, 6.6, 5.8], ∫ϰ²/L>=[10.3, 8.4, 8.6, 8.6], C-C-Sep=0.10, ║∇J║=6.1e-02
Iteration 68/2000-----
currents: [100000.0, 99999.99999936196, 99999.99999954744, 99999.99999971344]
J=9.8e-04, ⟨Jf⟩=8.8e-04, ⟨B·n⟩=1.2e-02, Len=sum([3.6, 3.5, 3.6, 3.7])=14.4, ϰ=[6.5, 6.8, 6.5, 6.1], ∫ϰ²/L>=[11.3, 8.5, 9.3, 8.9], C-C-Sep=0.10, ║∇J║=1.1e-01
Iteration 69/2000-----
currents: [100000.0, 99999.99999936146, 99999.99999954713, 99999.99999971317]
J=9.4e-04, ⟨Jf⟩=8.7e-04, ⟨B·n⟩=1.2e-02, Len=sum([3.6, 3.5, 3.6, 3.7])=14.4, ϰ=[6.5, 7.2, 6.5, 6.0], ∫ϰ²/L>=[11.3, 8.4, 9.2, 8.8], C-C-Sep=0.10, ║∇J║=4.1e-02
Iteration 70/2000-----
currents: [100000.0, 99999.99999935926, 99999.99999954566, 99999.99999971226]
J=9.3e-04, ⟨Jf⟩=8.7e-04, ⟨B·n⟩=1.2e-02, Len=sum([3.6, 3.5, 3.6, 3.7])=14.4, ϰ=[6.4, 7.7, 6.4, 6.0], ∫ϰ²/L>=[11.0, 8.3, 8.9, 8.6], C-C-Sep=0.10, ║∇J║=2.9e-02
Iteration 71/2000-----
currents: [100000.0, 99999.99999935502, 99999.9999995426, 99999.99999971048]
J=9.1e-04, ⟨Jf⟩=8.5e-04, ⟨B·n⟩=1.2e-02, Len=sum([3.6, 3.5, 3.6, 3.7])=14.4, ϰ=[6.7, 8.3, 6.2, 6.2], ∫ϰ²/L>=[10.8, 8.5, 8.8, 8.5], C-C-Sep=0.10, ║∇J║=4.3e-02
Iteration 72/2000-----
currents: [100000.0, 99999.99999934764, 99999.99999953713, 99999.99999970729]
J=8.9e-04, ⟨Jf⟩=8.2e-04, ⟨B·n⟩=1.1e-02, Len=sum([3.6, 3.5, 3.6, 3.7])=14.4, ϰ=[7.1, 8.8, 6.1, 6.5], ∫ϰ²/L>=[10.5, 8.7, 8.6, 8.4], C-C-Sep=0.10, ║∇J║=5.3e-02
Iteration 73/2000-----
currents: [100000.0, 99999.99999933278, 99999.99999952593, 99999.99999970045]
J=8.5e-04, ⟨Jf⟩=7.6e-04, ⟨B·n⟩=1.1e-02, Len=sum([3.6, 3.5, 3.6, 3.7])=14.5, ϰ=[7.5, 9.0, 6.0, 6.8], ∫ϰ²/L>=[10.5, 9.2, 8.6, 8.6], C-C-Sep=0.10, ║∇J║=8.5e-02
Iteration 74/2000-----
currents: [100000.0, 99999.99999932112, 99999.99999951689, 99999.99999969467]
J=8.1e-04, ⟨Jf⟩=7.1e-04, ⟨B·n⟩=1.0e-02, Len=sum([3.6, 3.5, 3.6, 3.7])=14.5, ϰ=[7.6, 8.5, 6.3, 7.1], ∫ϰ²/L>=[11.3, 10.1, 9.1, 9.5], C-C-Sep=0.10, ║∇J║=5.1e-02
Iteration 75/2000-----
currents: [100000.0, 99999.99999932428, 99999.99999951902, 99999.99999969568]
J=7.9e-04, ⟨Jf⟩=7.1e-04, ⟨B·n⟩=1.0e-02, Len=sum([3.6, 3.5, 3.6, 3.7])=14.5, ϰ=[6.9, 7.6, 6.1, 6.9], ∫ϰ²/L>=[10.9, 9.1, 8.6, 9.1], C-C-Sep=0.10, ║∇J║=3.2e-02
Iteration 76/2000-----
currents: [100000.0, 99999.99999932006, 99999.99999951557, 99999.99999969325]
J=7.6e-04, ⟨Jf⟩=6.9e-04, ⟨B·n⟩=1.0e-02, Len=sum([3.6, 3.5, 3.6, 3.7])=14.5, ϰ=[6.3, 7.0, 6.1, 7.0], ∫ϰ²/L>=[10.6, 8.7, 8.4, 8.9], C-C-Sep=0.10, ║∇J║=4.3e-02
Iteration 77/2000-----
currents: [100000.0, 99999.99999931373, 99999.99999951055, 99999.99999968962]
J=7.4e-04, ⟨Jf⟩=6.5e-04, ⟨B·n⟩=9.8e-03, Len=sum([3.7, 3.6, 3.6, 3.7])=14.5, ϰ=[6.4, 7.0, 5.9, 7.1], ∫ϰ²/L>=[10.7, 8.8, 8.4, 9.0], C-C-Sep=0.10, ║∇J║=5.4e-02
Iteration 78/2000-----
currents: [100000.0, 99999.99999930561, 99999.99999950411, 99999.99999968501]
J=7.0e-04, ⟨Jf⟩=6.1e-04, ⟨B·n⟩=9.4e-03, Len=sum([3.7, 3.6, 3.7, 3.7])=14.6, ϰ=[7.3, 6.8, 5.8, 7.3], ∫ϰ²/L>=[11.1, 9.3, 8.4, 8.9], C-C-Sep=0.10, ║∇J║=4.5e-02
Iteration 79/2000-----
currents: [100000.0, 99999.99999929268, 99999.9999994942, 99999.99999967848]
J=6.7e-04, ⟨Jf⟩=5.6e-04, ⟨B·n⟩=8.9e-03, Len=sum([3.7, 3.6, 3.7, 3.7])=14.6, ϰ=[7.7, 6.5, 6.1, 7.0], ∫ϰ²/L>=[11.7, 10.1, 8.6, 8.9], C-C-Sep=0.10, ║∇J║=7.1e-02
Iteration 80/2000-----
currents: [100000.0, 99999.999999287, 99999.99999949004, 99999.9999996757]
J=6.4e-04, ⟨Jf⟩=5.4e-04, ⟨B·n⟩=8.7e-03, Len=sum([3.7, 3.6, 3.7, 3.7])=14.7, ϰ=[7.6, 6.4, 6.3, 6.9], ∫ϰ²/L>=[11.8, 9.6, 8.7, 8.9], C-C-Sep=0.10, ║∇J║=4.6e-02
Iteration 81/2000-----
currents: [100000.0, 99999.99999928247, 99999.9999994867, 99999.99999967315]
J=6.1e-04, ⟨Jf⟩=5.1e-04, ⟨B·n⟩=8.4e-03, Len=sum([3.7, 3.6, 3.7, 3.7])=14.7, ϰ=[7.1, 6.8, 6.4, 7.0], ∫ϰ²/L>=[11.8, 9.1, 8.8, 8.9], C-C-Sep=0.10, ║∇J║=4.2e-02
Iteration 82/2000-----
currents: [100000.0, 99999.99999927104, 99999.999999478, 99999.99999966676]
J=5.8e-04, ⟨Jf⟩=4.7e-04, ⟨B·n⟩=7.9e-03, Len=sum([3.7, 3.6, 3.7, 3.7])=14.8, ϰ=[8.0, 6.9, 6.5, 7.3], ∫ϰ²/L>=[12.3, 9.0, 9.0, 9.0], C-C-Sep=0.10, ║∇J║=5.8e-02
Iteration 83/2000-----
currents: [100000.0, 99999.99999925903, 99999.99999946875, 99999.99999965957]
J=5.5e-04, ⟨Jf⟩=4.2e-04, ⟨B·n⟩=7.3e-03, Len=sum([3.8, 3.6, 3.7, 3.7])=14.8, ϰ=[9.1, 6.7, 6.7, 7.5], ∫ϰ²/L>=[13.2, 9.5, 9.4, 9.4], C-C-Sep=0.10, ║∇J║=5.4e-02
Iteration 84/2000-----
currents: [100000.0, 99999.99999925967, 99999.99999946904, 99999.99999965902]
J=5.3e-04, ⟨Jf⟩=4.1e-04, ⟨B·n⟩=7.2e-03, Len=sum([3.8, 3.6, 3.7, 3.7])=14.8, ϰ=[8.9, 6.3, 6.6, 7.3], ∫ϰ²/L>=[12.9, 9.5, 9.2, 9.3], C-C-Sep=0.10, ║∇J║=4.1e-02
Iteration 85/2000-----
currents: [100000.0, 99999.99999925258, 99999.99999946341, 99999.99999965478]
J=5.0e-04, ⟨Jf⟩=3.8e-04, ⟨B·n⟩=6.9e-03, Len=sum([3.8, 3.6, 3.7, 3.7])=14.9, ϰ=[8.4, 6.1, 6.8, 7.1], ∫ϰ²/L>=[12.7, 9.6, 9.4, 9.5], C-C-Sep=0.10, ║∇J║=4.1e-02
Iteration 86/2000-----
currents: [100000.0, 99999.99999924876, 99999.99999946044, 99999.99999965177]
J=4.8e-04, ⟨Jf⟩=3.6e-04, ⟨B·n⟩=6.7e-03, Len=sum([3.8, 3.6, 3.7, 3.7])=14.9, ϰ=[7.9, 5.5, 7.1, 7.0], ∫ϰ²/L>=[12.6, 9.5, 9.4, 9.6], C-C-Sep=0.10, ║∇J║=5.4e-02
Iteration 87/2000-----
currents: [100000.0, 99999.99999924605, 99999.99999945838, 99999.9999996496]
J=4.5e-04, ⟨Jf⟩=3.5e-04, ⟨B·n⟩=6.5e-03, Len=sum([3.8, 3.7, 3.7, 3.7])=14.9, ϰ=[8.1, 5.6, 7.3, 7.2], ∫ϰ²/L>=[12.8, 9.3, 9.3, 9.4], C-C-Sep=0.10, ║∇J║=3.2e-02
Iteration 88/2000-----
currents: [100000.0, 99999.99999923825, 99999.99999945247, 99999.99999964578]
J=4.3e-04, ⟨Jf⟩=3.3e-04, ⟨B·n⟩=6.4e-03, Len=sum([3.8, 3.7, 3.7, 3.7])=15.0, ϰ=[8.1, 5.8, 7.6, 7.4], ∫ϰ²/L>=[12.9, 9.0, 9.2, 9.3], C-C-Sep=0.10, ║∇J║=3.1e-02
Iteration 89/2000-----
currents: [100000.0, 99999.99999923984, 99999.99999945385, 99999.99999964566]
J=4.2e-04, ⟨Jf⟩=3.2e-04, ⟨B·n⟩=6.3e-03, Len=sum([3.8, 3.7, 3.7, 3.7])=14.9, ϰ=[7.6, 5.9, 7.7, 7.6], ∫ϰ²/L>=[12.7, 8.5, 8.9, 9.1], C-C-Sep=0.10, ║∇J║=4.3e-02
Iteration 90/2000-----
currents: [100000.0, 99999.99999923041, 99999.99999944659, 99999.9999996404]
J=4.0e-04, ⟨Jf⟩=3.1e-04, ⟨B·n⟩=6.1e-03, Len=sum([3.9, 3.7, 3.7, 3.7])=15.0, ϰ=[7.4, 5.8, 7.7, 7.5], ∫ϰ²/L>=[12.9, 8.5, 9.1, 9.3], C-C-Sep=0.10, ║∇J║=3.6e-02
Iteration 91/2000-----
currents: [100000.0, 99999.99999922537, 99999.9999994425, 99999.99999963726]
J=3.8e-04, ⟨Jf⟩=3.0e-04, ⟨B·n⟩=5.9e-03, Len=sum([3.9, 3.7, 3.7, 3.7])=15.0, ϰ=[7.0, 5.4, 7.4, 7.3], ∫ϰ²/L>=[13.0, 8.4, 9.1, 9.3], C-C-Sep=0.10, ║∇J║=3.0e-02
Iteration 92/2000-----
currents: [100000.0, 99999.99999922713, 99999.9999994438, 99999.99999963764]
J=3.7e-04, ⟨Jf⟩=2.9e-04, ⟨B·n⟩=5.9e-03, Len=sum([3.9, 3.7, 3.7, 3.7])=15.0, ϰ=[6.8, 5.2, 7.1, 7.1], ∫ϰ²/L>=[12.8, 8.4, 9.0, 9.0], C-C-Sep=0.10, ║∇J║=3.1e-02
Iteration 93/2000-----
currents: [100000.0, 99999.99999922133, 99999.99999943942, 99999.99999963467]
J=3.6e-04, ⟨Jf⟩=2.8e-04, ⟨B·n⟩=5.8e-03, Len=sum([3.9, 3.7, 3.7, 3.7])=15.1, ϰ=[6.9, 5.4, 6.8, 7.1], ∫ϰ²/L>=[12.8, 8.6, 9.1, 8.9], C-C-Sep=0.10, ║∇J║=3.2e-02
Iteration 94/2000-----
currents: [100000.0, 99999.99999922054, 99999.99999943886, 99999.999999634]
J=3.4e-04, ⟨Jf⟩=2.8e-04, ⟨B·n⟩=5.8e-03, Len=sum([3.9, 3.7, 3.7, 3.7])=15.1, ϰ=[6.7, 5.5, 6.5, 6.9], ∫ϰ²/L>=[12.4, 8.7, 9.0, 8.7], C-C-Sep=0.10, ║∇J║=2.6e-02
Iteration 95/2000-----
currents: [100000.0, 99999.99999921316, 99999.99999943329, 99999.99999963018]
J=3.3e-04, ⟨Jf⟩=2.6e-04, ⟨B·n⟩=5.7e-03, Len=sum([3.9, 3.7, 3.8, 3.8])=15.1, ϰ=[6.6, 5.4, 6.2, 6.9], ∫ϰ²/L>=[12.0, 8.9, 9.1, 8.7], C-C-Sep=0.10, ║∇J║=3.9e-02
Iteration 96/2000-----
currents: [100000.0, 99999.99999921069, 99999.99999943156, 99999.9999996286]
J=3.2e-04, ⟨Jf⟩=2.6e-04, ⟨B·n⟩=5.6e-03, Len=sum([3.9, 3.7, 3.8, 3.8])=15.1, ϰ=[6.6, 5.4, 5.9, 7.0], ∫ϰ²/L>=[11.8, 8.9, 9.1, 8.7], C-C-Sep=0.10, ║∇J║=3.1e-02
Iteration 97/2000-----
currents: [100000.0, 99999.9999992113, 99999.99999943205, 99999.9999996285]
J=3.1e-04, ⟨Jf⟩=2.6e-04, ⟨B·n⟩=5.6e-03, Len=sum([3.9, 3.7, 3.8, 3.8])=15.1, ϰ=[6.6, 5.5, 5.7, 7.0], ∫ϰ²/L>=[11.6, 8.7, 9.0, 8.6], C-C-Sep=0.10, ║∇J║=2.4e-02
Iteration 98/2000-----
currents: [100000.0, 99999.99999920926, 99999.99999943053, 99999.99999962654]
J=3.0e-04, ⟨Jf⟩=2.5e-04, ⟨B·n⟩=5.6e-03, Len=sum([3.9, 3.7, 3.8, 3.8])=15.1, ϰ=[6.7, 5.6, 5.8, 6.6], ∫ϰ²/L>=[11.3, 8.3, 8.8, 8.5], C-C-Sep=0.10, ║∇J║=2.5e-02
Iteration 99/2000-----
currents: [100000.0, 99999.99999920861, 99999.99999943012, 99999.99999962549]
J=2.9e-04, ⟨Jf⟩=2.4e-04, ⟨B·n⟩=5.5e-03, Len=sum([3.9, 3.7, 3.8, 3.8])=15.1, ϰ=[6.6, 5.6, 5.7, 6.6], ∫ϰ²/L>=[11.0, 8.2, 8.7, 8.4], C-C-Sep=0.10, ║∇J║=3.2e-02
Iteration 100/2000-----
currents: [100000.0, 99999.99999920774, 99999.99999942964, 99999.99999962465]
J=2.8e-04, ⟨Jf⟩=2.3e-04, ⟨B·n⟩=5.5e-03, Len=sum([3.9, 3.7, 3.8, 3.8])=15.1, ϰ=[6.5, 5.4, 5.5, 6.4], ∫ϰ²/L>=[10.6, 8.2, 8.7, 8.4], C-C-Sep=0.10, ║∇J║=2.4e-02
Iteration 101/2000-----
currents: [100000.0, 99999.99999920858, 99999.99999943051, 99999.99999962474]
J=2.7e-04, ⟨Jf⟩=2.3e-04, ⟨B·n⟩=5.4e-03, Len=sum([3.9, 3.7, 3.8, 3.8])=15.1, ϰ=[6.1, 5.2, 5.4, 6.0], ∫ϰ²/L>=[10.2, 8.3, 8.6, 8.4], C-C-Sep=0.10, ║∇J║=2.7e-02
Iteration 102/2000-----
currents: [100000.0, 99999.9999992077, 99999.99999942999, 99999.99999962433]
J=2.7e-04, ⟨Jf⟩=2.2e-04, ⟨B·n⟩=5.4e-03, Len=sum([3.9, 3.7, 3.8, 3.8])=15.1, ϰ=[5.9, 5.3, 5.6, 5.8], ∫ϰ²/L>=[10.0, 8.2, 8.5, 8.3], C-C-Sep=0.10, ║∇J║=2.2e-02
Iteration 103/2000-----
currents: [100000.0, 99999.99999920715, 99999.99999942972, 99999.99999962405]
J=2.6e-04, ⟨Jf⟩=2.2e-04, ⟨B·n⟩=5.3e-03, Len=sum([3.9, 3.7, 3.8, 3.8])=15.1, ϰ=[5.8, 5.2, 5.9, 5.8], ∫ϰ²/L>=[9.9, 8.1, 8.4, 8.2], C-C-Sep=0.10, ║∇J║=2.1e-02
Iteration 104/2000-----
currents: [100000.0, 99999.99999920517, 99999.99999942849, 99999.9999996229]
J=2.5e-04, ⟨Jf⟩=2.1e-04, ⟨B·n⟩=5.3e-03, Len=sum([3.9, 3.7, 3.8, 3.8])=15.2, ϰ=[5.9, 4.9, 6.3, 5.8], ∫ϰ²/L>=[9.7, 7.9, 8.3, 8.1], C-C-Sep=0.10, ║∇J║=3.5e-02
Iteration 105/2000-----
currents: [100000.0, 99999.99999920452, 99999.99999942815, 99999.99999962216]
J=2.4e-04, ⟨Jf⟩=2.0e-04, ⟨B·n⟩=5.2e-03, Len=sum([3.9, 3.7, 3.8, 3.8])=15.2, ϰ=[6.1, 4.9, 6.6, 5.7], ∫ϰ²/L>=[9.7, 7.9, 8.3, 8.1], C-C-Sep=0.10, ║∇J║=2.3e-02
Iteration 106/2000-----
currents: [100000.0, 99999.99999920453, 99999.99999942821, 99999.999999622]
J=2.4e-04, ⟨Jf⟩=2.0e-04, ⟨B·n⟩=5.2e-03, Len=sum([3.9, 3.7, 3.8, 3.8])=15.2, ϰ=[6.1, 5.0, 6.6, 5.8], ∫ϰ²/L>=[9.5, 7.9, 8.3, 8.1], C-C-Sep=0.10, ║∇J║=1.7e-02
Iteration 107/2000-----
currents: [100000.0, 99999.9999992041, 99999.99999942798, 99999.99999962149]
J=2.3e-04, ⟨Jf⟩=2.0e-04, ⟨B·n⟩=5.1e-03, Len=sum([3.9, 3.7, 3.8, 3.8])=15.2, ϰ=[6.2, 5.1, 6.6, 6.0], ∫ϰ²/L>=[9.2, 7.9, 8.3, 8.1], C-C-Sep=0.10, ║∇J║=1.9e-02
Iteration 108/2000-----
currents: [100000.0, 99999.99999920354, 99999.99999942778, 99999.99999962098]
J=2.3e-04, ⟨Jf⟩=1.9e-04, ⟨B·n⟩=5.1e-03, Len=sum([3.9, 3.7, 3.8, 3.8])=15.2, ϰ=[6.3, 5.1, 6.7, 6.0], ∫ϰ²/L>=[9.1, 7.9, 8.3, 8.2], C-C-Sep=0.10, ║∇J║=3.0e-02
Iteration 109/2000-----
currents: [100000.0, 99999.99999920315, 99999.99999942766, 99999.99999962073]
J=2.2e-04, ⟨Jf⟩=1.9e-04, ⟨B·n⟩=5.0e-03, Len=sum([3.9, 3.7, 3.8, 3.8])=15.2, ϰ=[6.3, 5.2, 6.8, 6.0], ∫ϰ²/L>=[9.0, 7.9, 8.3, 8.2], C-C-Sep=0.10, ║∇J║=1.8e-02
Iteration 110/2000-----
currents: [100000.0, 99999.99999920248, 99999.99999942731, 99999.99999962057]
J=2.1e-04, ⟨Jf⟩=1.8e-04, ⟨B·n⟩=5.0e-03, Len=sum([3.9, 3.7, 3.8, 3.8])=15.2, ϰ=[6.1, 5.1, 6.7, 6.0], ∫ϰ²/L>=[9.0, 7.8, 8.2, 8.2], C-C-Sep=0.10, ║∇J║=1.4e-02
Iteration 111/2000-----
currents: [100000.0, 99999.99999920145, 99999.99999942667, 99999.99999962]
J=2.1e-04, ⟨Jf⟩=1.8e-04, ⟨B·n⟩=4.9e-03, Len=sum([3.9, 3.7, 3.8, 3.8])=15.2, ϰ=[6.0, 5.1, 6.7, 6.0], ∫ϰ²/L>=[8.9, 7.8, 8.1, 8.2], C-C-Sep=0.10, ║∇J║=1.7e-02
Iteration 112/2000-----
currents: [100000.0, 99999.99999920039, 99999.99999942606, 99999.99999961955]
J=2.0e-04, ⟨Jf⟩=1.7e-04, ⟨B·n⟩=4.8e-03, Len=sum([3.9, 3.7, 3.8, 3.8])=15.2, ϰ=[5.7, 5.1, 6.5, 6.0], ∫ϰ²/L>=[8.9, 7.8, 8.1, 8.2], C-C-Sep=0.10, ║∇J║=2.0e-02
Iteration 113/2000-----
currents: [100000.0, 99999.9999991989, 99999.99999942511, 99999.99999961896]
J=2.0e-04, ⟨Jf⟩=1.7e-04, ⟨B·n⟩=4.7e-03, Len=sum([3.9, 3.7, 3.8, 3.8])=15.2, ϰ=[5.8, 4.9, 6.1, 5.8], ∫ϰ²/L>=[8.9, 7.8, 8.1, 8.1], C-C-Sep=0.10, ║∇J║=2.9e-02
Iteration 114/2000-----
currents: [100000.0, 99999.99999919822, 99999.99999942465, 99999.9999996185]
J=1.9e-04, ⟨Jf⟩=1.6e-04, ⟨B·n⟩=4.7e-03, Len=sum([3.9, 3.7, 3.8, 3.8])=15.2, ϰ=[5.8, 5.0, 5.9, 5.6], ∫ϰ²/L>=[8.7, 7.7, 8.1, 8.1], C-C-Sep=0.10, ║∇J║=1.5e-02
Iteration 115/2000-----
currents: [100000.0, 99999.9999991975, 99999.99999942421, 99999.99999961826]
J=1.9e-04, ⟨Jf⟩=1.6e-04, ⟨B·n⟩=4.6e-03, Len=sum([3.9, 3.7, 3.8, 3.8])=15.2, ϰ=[5.8, 5.1, 5.8, 5.5], ∫ϰ²/L>=[8.6, 7.7, 8.1, 8.0], C-C-Sep=0.10, ║∇J║=1.4e-02
Iteration 116/2000-----
currents: [100000.0, 99999.99999919544, 99999.99999942278, 99999.99999961744]
J=1.9e-04, ⟨Jf⟩=1.6e-04, ⟨B·n⟩=4.6e-03, Len=sum([3.9, 3.7, 3.8, 3.8])=15.2, ϰ=[5.7, 5.3, 5.8, 5.7], ∫ϰ²/L>=[8.5, 7.7, 8.1, 8.0], C-C-Sep=0.10, ║∇J║=1.8e-02
Iteration 117/2000-----
currents: [100000.0, 99999.99999919244, 99999.99999942086, 99999.99999961621]
J=1.8e-04, ⟨Jf⟩=1.5e-04, ⟨B·n⟩=4.4e-03, Len=sum([3.9, 3.8, 3.8, 3.8])=15.2, ϰ=[5.6, 5.4, 5.9, 5.7], ∫ϰ²/L>=[8.7, 7.7, 8.2, 8.0], C-C-Sep=0.10, ║∇J║=2.6e-02
Iteration 118/2000-----
currents: [100000.0, 99999.99999918963, 99999.99999941888, 99999.99999961507]
J=1.7e-04, ⟨Jf⟩=1.4e-04, ⟨B·n⟩=4.3e-03, Len=sum([3.9, 3.8, 3.8, 3.8])=15.2, ϰ=[5.6, 5.2, 5.8, 5.6], ∫ϰ²/L>=[8.7, 7.8, 8.3, 7.9], C-C-Sep=0.10, ║∇J║=1.7e-02
Iteration 119/2000-----
currents: [100000.0, 99999.9999991872, 99999.99999941715, 99999.99999961398]
J=1.7e-04, ⟨Jf⟩=1.4e-04, ⟨B·n⟩=4.3e-03, Len=sum([3.9, 3.8, 3.8, 3.8])=15.2, ϰ=[5.6, 5.0, 5.7, 5.5], ∫ϰ²/L>=[8.6, 7.8, 8.3, 7.9], C-C-Sep=0.10, ║∇J║=1.5e-02
Iteration 120/2000-----
currents: [100000.0, 99999.9999991855, 99999.99999941602, 99999.99999961308]
J=1.6e-04, ⟨Jf⟩=1.4e-04, ⟨B·n⟩=4.2e-03, Len=sum([3.9, 3.8, 3.8, 3.8])=15.2, ϰ=[5.7, 5.1, 5.9, 5.4], ∫ϰ²/L>=[8.5, 7.9, 8.3, 7.9], C-C-Sep=0.10, ║∇J║=1.9e-02
Iteration 121/2000-----
currents: [100000.0, 99999.9999991836, 99999.9999994148, 99999.99999961274]
J=1.6e-04, ⟨Jf⟩=1.3e-04, ⟨B·n⟩=4.1e-03, Len=sum([3.9, 3.8, 3.8, 3.8])=15.3, ϰ=[5.9, 5.5, 6.0, 5.5], ∫ϰ²/L>=[8.3, 8.0, 8.3, 7.9], C-C-Sep=0.10, ║∇J║=2.1e-02
Iteration 122/2000-----
currents: [100000.0, 99999.99999918067, 99999.99999941277, 99999.99999961111]
J=1.6e-04, ⟨Jf⟩=1.3e-04, ⟨B·n⟩=4.0e-03, Len=sum([3.9, 3.8, 3.8, 3.8])=15.3, ϰ=[5.9, 5.5, 6.1, 5.4], ∫ϰ²/L>=[8.3, 8.0, 8.4, 7.9], C-C-Sep=0.10, ║∇J║=1.8e-02
Iteration 123/2000-----
currents: [100000.0, 99999.99999918138, 99999.99999941344, 99999.99999961209]
J=1.5e-04, ⟨Jf⟩=1.3e-04, ⟨B·n⟩=4.0e-03, Len=sum([3.9, 3.8, 3.8, 3.8])=15.3, ϰ=[5.9, 5.2, 5.9, 5.3], ∫ϰ²/L>=[8.2, 7.8, 8.2, 7.8], C-C-Sep=0.10, ║∇J║=3.3e-02
Iteration 124/2000-----
currents: [100000.0, 99999.99999917996, 99999.99999941245, 99999.99999961103]
J=1.5e-04, ⟨Jf⟩=1.3e-04, ⟨B·n⟩=3.9e-03, Len=sum([3.9, 3.8, 3.8, 3.8])=15.3, ϰ=[5.9, 5.0, 5.9, 5.4], ∫ϰ²/L>=[8.2, 7.8, 8.3, 7.8], C-C-Sep=0.10, ║∇J║=1.5e-02
Iteration 125/2000-----
currents: [100000.0, 99999.999999178, 99999.9999994111, 99999.99999960988]
J=1.5e-04, ⟨Jf⟩=1.2e-04, ⟨B·n⟩=3.9e-03, Len=sum([3.9, 3.8, 3.8, 3.8])=15.3, ϰ=[5.9, 5.1, 6.0, 5.3], ∫ϰ²/L>=[8.3, 7.8, 8.3, 7.8], C-C-Sep=0.10, ║∇J║=1.1e-02
Iteration 126/2000-----
currents: [100000.0, 99999.99999917574, 99999.99999940956, 99999.99999960868]
J=1.4e-04, ⟨Jf⟩=1.2e-04, ⟨B·n⟩=3.9e-03, Len=sum([3.9, 3.8, 3.8, 3.8])=15.3, ϰ=[5.8, 5.2, 6.0, 5.3], ∫ϰ²/L>=[8.3, 7.8, 8.3, 7.7], C-C-Sep=0.10, ║∇J║=1.2e-02
Iteration 127/2000-----
currents: [100000.0, 99999.99999917284, 99999.99999940772, 99999.99999960714]
J=1.4e-04, ⟨Jf⟩=1.2e-04, ⟨B·n⟩=3.8e-03, Len=sum([3.9, 3.8, 3.8, 3.8])=15.3, ϰ=[5.7, 5.4, 6.0, 5.4], ∫ϰ²/L>=[8.3, 7.8, 8.3, 7.7], C-C-Sep=0.10, ║∇J║=2.5e-02
Iteration 128/2000-----
currents: [100000.0, 99999.99999917053, 99999.99999940617, 99999.99999960588]
J=1.4e-04, ⟨Jf⟩=1.1e-04, ⟨B·n⟩=3.8e-03, Len=sum([3.9, 3.8, 3.8, 3.8])=15.3, ϰ=[5.6, 5.4, 6.0, 5.5], ∫ϰ²/L>=[8.3, 7.9, 8.3, 7.7], C-C-Sep=0.10, ║∇J║=1.3e-02
Iteration 129/2000-----
currents: [100000.0, 99999.999999171, 99999.99999940656, 99999.99999960612]
J=1.3e-04, ⟨Jf⟩=1.1e-04, ⟨B·n⟩=3.7e-03, Len=sum([3.9, 3.8, 3.8, 3.8])=15.3, ϰ=[5.5, 5.3, 6.0, 5.5], ∫ϰ²/L>=[8.1, 7.8, 8.2, 7.7], C-C-Sep=0.10, ║∇J║=1.1e-02
Iteration 130/2000-----
currents: [100000.0, 99999.99999916932, 99999.99999940554, 99999.9999996052]
J=1.3e-04, ⟨Jf⟩=1.1e-04, ⟨B·n⟩=3.7e-03, Len=sum([3.9, 3.8, 3.8, 3.8])=15.3, ϰ=[5.6, 5.0, 5.9, 5.4], ∫ϰ²/L>=[8.0, 7.7, 8.2, 7.6], C-C-Sep=0.10, ║∇J║=1.4e-02
Iteration 131/2000-----
currents: [100000.0, 99999.99999916786, 99999.99999940462, 99999.99999960446]
J=1.3e-04, ⟨Jf⟩=1.1e-04, ⟨B·n⟩=3.7e-03, Len=sum([3.9, 3.8, 3.8, 3.8])=15.3, ϰ=[5.7, 4.9, 6.0, 5.3], ∫ϰ²/L>=[8.0, 7.7, 8.1, 7.6], C-C-Sep=0.10, ║∇J║=1.7e-02
Iteration 132/2000-----
currents: [100000.0, 99999.99999916677, 99999.99999940391, 99999.99999960384]
J=1.3e-04, ⟨Jf⟩=1.1e-04, ⟨B·n⟩=3.7e-03, Len=sum([3.9, 3.8, 3.8, 3.8])=15.3, ϰ=[5.7, 4.8, 6.0, 5.3], ∫ϰ²/L>=[7.9, 7.7, 8.1, 7.6], C-C-Sep=0.10, ║∇J║=9.2e-03
Iteration 133/2000-----
currents: [100000.0, 99999.99999916427, 99999.99999940216, 99999.99999960251]
J=1.3e-04, ⟨Jf⟩=1.1e-04, ⟨B·n⟩=3.6e-03, Len=sum([3.9, 3.8, 3.8, 3.8])=15.4, ϰ=[5.6, 4.9, 6.0, 5.3], ∫ϰ²/L>=[7.9, 7.8, 8.1, 7.5], C-C-Sep=0.10, ║∇J║=8.6e-03
Iteration 134/2000-----
currents: [100000.0, 99999.99999916294, 99999.99999940123, 99999.99999960171]
J=1.2e-04, ⟨Jf⟩=1.1e-04, ⟨B·n⟩=3.6e-03, Len=sum([3.9, 3.8, 3.8, 3.8])=15.4, ϰ=[5.4, 5.0, 5.9, 5.3], ∫ϰ²/L>=[7.8, 7.8, 8.1, 7.5], C-C-Sep=0.10, ║∇J║=1.1e-02
Iteration 135/2000-----
currents: [100000.0, 99999.99999916111, 99999.99999939992, 99999.9999996005]
J=1.2e-04, ⟨Jf⟩=1.1e-04, ⟨B·n⟩=3.6e-03, Len=sum([3.9, 3.8, 3.8, 3.8])=15.4, ϰ=[5.1, 5.1, 6.0, 5.3], ∫ϰ²/L>=[7.8, 7.8, 8.1, 7.4], C-C-Sep=0.10, ║∇J║=1.1e-02
Iteration 136/2000-----
currents: [100000.0, 99999.99999916044, 99999.99999939944, 99999.99999959991]
J=1.2e-04, ⟨Jf⟩=1.0e-04, ⟨B·n⟩=3.6e-03, Len=sum([3.9, 3.8, 3.8, 3.8])=15.4, ϰ=[5.0, 5.1, 6.1, 5.3], ∫ϰ²/L>=[7.7, 7.7, 8.0, 7.4], C-C-Sep=0.10, ║∇J║=9.2e-03
Iteration 137/2000-----
currents: [100000.0, 99999.9999991601, 99999.99999939921, 99999.99999959947]
J=1.2e-04, ⟨Jf⟩=1.0e-04, ⟨B·n⟩=3.6e-03, Len=sum([3.9, 3.8, 3.8, 3.8])=15.4, ϰ=[4.9, 5.1, 6.1, 5.2], ∫ϰ²/L>=[7.6, 7.7, 7.9, 7.4], C-C-Sep=0.10, ║∇J║=8.3e-03
Iteration 138/2000-----
currents: [100000.0, 99999.99999915976, 99999.99999939899, 99999.999999599]
J=1.2e-04, ⟨Jf⟩=1.0e-04, ⟨B·n⟩=3.6e-03, Len=sum([3.9, 3.8, 3.8, 3.8])=15.4, ϰ=[4.8, 5.1, 6.1, 5.1], ∫ϰ²/L>=[7.5, 7.7, 7.9, 7.4], C-C-Sep=0.10, ║∇J║=9.2e-03
Iteration 139/2000-----
currents: [100000.0, 99999.99999915827, 99999.999999398, 99999.9999995979]
J=1.2e-04, ⟨Jf⟩=1.0e-04, ⟨B·n⟩=3.6e-03, Len=sum([3.9, 3.8, 3.8, 3.8])=15.4, ϰ=[4.7, 5.1, 6.1, 5.0], ∫ϰ²/L>=[7.5, 7.6, 7.8, 7.4], C-C-Sep=0.10, ║∇J║=1.0e-02
Iteration 140/2000-----
currents: [100000.0, 99999.99999915734, 99999.99999939742, 99999.99999959728]
J=1.2e-04, ⟨Jf⟩=1.0e-04, ⟨B·n⟩=3.6e-03, Len=sum([4.0, 3.8, 3.8, 3.8])=15.4, ϰ=[4.7, 5.1, 6.1, 5.0], ∫ϰ²/L>=[7.5, 7.6, 7.8, 7.4], C-C-Sep=0.10, ║∇J║=7.1e-03
Iteration 141/2000-----
currents: [100000.0, 99999.99999915625, 99999.99999939672, 99999.99999959646]
J=1.2e-04, ⟨Jf⟩=1.0e-04, ⟨B·n⟩=3.5e-03, Len=sum([4.0, 3.8, 3.8, 3.8])=15.4, ϰ=[4.8, 5.2, 6.0, 5.0], ∫ϰ²/L>=[7.4, 7.6, 7.8, 7.3], C-C-Sep=0.10, ║∇J║=8.0e-03
Iteration 142/2000-----
currents: [100000.0, 99999.99999915548, 99999.99999939626, 99999.99999959572]
J=1.1e-04, ⟨Jf⟩=9.9e-05, ⟨B·n⟩=3.5e-03, Len=sum([4.0, 3.8, 3.8, 3.8])=15.4, ϰ=[4.9, 5.2, 5.9, 5.0], ∫ϰ²/L>=[7.4, 7.6, 7.7, 7.3], C-C-Sep=0.10, ║∇J║=1.1e-02
Iteration 143/2000-----
currents: [100000.0, 99999.99999915494, 99999.99999939596, 99999.99999959487]
J=1.1e-04, ⟨Jf⟩=9.8e-05, ⟨B·n⟩=3.5e-03, Len=sum([4.0, 3.8, 3.8, 3.8])=15.4, ϰ=[5.0, 5.2, 5.9, 5.1], ∫ϰ²/L>=[7.4, 7.7, 7.7, 7.3], C-C-Sep=0.10, ║∇J║=9.0e-03
Iteration 144/2000-----
currents: [100000.0, 99999.99999915504, 99999.99999939602, 99999.99999959447]
J=1.1e-04, ⟨Jf⟩=9.7e-05, ⟨B·n⟩=3.5e-03, Len=sum([4.0, 3.8, 3.8, 3.8])=15.4, ϰ=[4.9, 5.2, 5.8, 5.2], ∫ϰ²/L>=[7.4, 7.7, 7.6, 7.3], C-C-Sep=0.10, ║∇J║=7.5e-03
Iteration 145/2000-----
currents: [100000.0, 99999.99999915564, 99999.99999939646, 99999.99999959425]
J=1.1e-04, ⟨Jf⟩=9.6e-05, ⟨B·n⟩=3.5e-03, Len=sum([4.0, 3.8, 3.8, 3.8])=15.4, ϰ=[4.8, 5.1, 5.8, 5.2], ∫ϰ²/L>=[7.3, 7.6, 7.6, 7.2], C-C-Sep=0.10, ║∇J║=8.6e-03
Iteration 146/2000-----
currents: [100000.0, 99999.99999915516, 99999.9999993961, 99999.99999959333]
J=1.1e-04, ⟨Jf⟩=9.5e-05, ⟨B·n⟩=3.4e-03, Len=sum([4.0, 3.8, 3.8, 3.8])=15.4, ϰ=[4.8, 5.1, 5.6, 5.2], ∫ϰ²/L>=[7.3, 7.6, 7.5, 7.2], C-C-Sep=0.10, ║∇J║=1.1e-02
Iteration 147/2000-----
currents: [100000.0, 99999.99999915504, 99999.99999939602, 99999.99999959215]
J=1.1e-04, ⟨Jf⟩=9.2e-05, ⟨B·n⟩=3.4e-03, Len=sum([4.0, 3.8, 3.8, 3.8])=15.4, ϰ=[4.9, 5.2, 5.5, 5.3], ∫ϰ²/L>=[7.4, 7.6, 7.5, 7.1], C-C-Sep=0.10, ║∇J║=1.0e-02
Iteration 148/2000-----
currents: [100000.0, 99999.99999915452, 99999.99999939564, 99999.99999959118]
J=1.1e-04, ⟨Jf⟩=9.1e-05, ⟨B·n⟩=3.4e-03, Len=sum([4.0, 3.8, 3.8, 3.8])=15.4, ϰ=[5.0, 5.3, 5.3, 5.3], ∫ϰ²/L>=[7.4, 7.6, 7.5, 7.1], C-C-Sep=0.10, ║∇J║=1.0e-02
Iteration 149/2000-----
currents: [100000.0, 99999.99999915369, 99999.99999939503, 99999.99999959025]
J=1.0e-04, ⟨Jf⟩=9.0e-05, ⟨B·n⟩=3.3e-03, Len=sum([4.0, 3.8, 3.8, 3.8])=15.4, ϰ=[5.0, 5.3, 5.3, 5.2], ∫ϰ²/L>=[7.4, 7.6, 7.5, 7.1], C-C-Sep=0.10, ║∇J║=9.3e-03
Iteration 150/2000-----
currents: [100000.0, 99999.99999915337, 99999.99999939474, 99999.9999995893]
J=1.0e-04, ⟨Jf⟩=8.8e-05, ⟨B·n⟩=3.3e-03, Len=sum([4.0, 3.8, 3.8, 3.8])=15.4, ϰ=[5.0, 5.4, 5.2, 5.2], ∫ϰ²/L>=[7.4, 7.6, 7.5, 7.1], C-C-Sep=0.10, ║∇J║=1.1e-02
Iteration 151/2000-----
currents: [100000.0, 99999.99999915331, 99999.99999939454, 99999.99999958793]
J=1.0e-04, ⟨Jf⟩=8.5e-05, ⟨B·n⟩=3.2e-03, Len=sum([4.0, 3.8, 3.9, 3.8])=15.4, ϰ=[5.0, 5.5, 5.1, 5.2], ∫ϰ²/L>=[7.5, 7.7, 7.5, 7.1], C-C-Sep=0.10, ║∇J║=1.3e-02
Iteration 152/2000-----
currents: [100000.0, 99999.99999915379, 99999.99999939483, 99999.99999958772]
J=9.8e-05, ⟨Jf⟩=8.5e-05, ⟨B·n⟩=3.2e-03, Len=sum([4.0, 3.8, 3.9, 3.8])=15.4, ϰ=[5.0, 5.4, 5.0, 5.2], ∫ϰ²/L>=[7.4, 7.7, 7.5, 7.1], C-C-Sep=0.10, ║∇J║=8.1e-03
Iteration 153/2000-----
currents: [100000.0, 99999.99999915379, 99999.99999939473, 99999.99999958703]
J=9.7e-05, ⟨Jf⟩=8.3e-05, ⟨B·n⟩=3.2e-03, Len=sum([4.0, 3.8, 3.9, 3.8])=15.4, ϰ=[5.1, 5.4, 5.0, 5.2], ∫ϰ²/L>=[7.5, 7.7, 7.5, 7.1], C-C-Sep=0.10, ║∇J║=8.2e-03
Iteration 154/2000-----
currents: [100000.0, 99999.99999915418, 99999.9999993949, 99999.99999958652]
J=9.6e-05, ⟨Jf⟩=8.2e-05, ⟨B·n⟩=3.2e-03, Len=sum([4.0, 3.8, 3.9, 3.8])=15.4, ϰ=[5.2, 5.4, 5.0, 5.1], ∫ϰ²/L>=[7.5, 7.6, 7.5, 7.1], C-C-Sep=0.10, ║∇J║=1.0e-02
Iteration 155/2000-----
currents: [100000.0, 99999.99999915376, 99999.9999993945, 99999.99999958533]
J=9.4e-05, ⟨Jf⟩=8.0e-05, ⟨B·n⟩=3.1e-03, Len=sum([4.0, 3.8, 3.9, 3.8])=15.4, ϰ=[5.4, 5.3, 4.9, 5.1], ∫ϰ²/L>=[7.6, 7.7, 7.5, 7.1], C-C-Sep=0.10, ║∇J║=8.1e-03
Iteration 156/2000-----
currents: [100000.0, 99999.99999915347, 99999.99999939419, 99999.99999958435]
J=9.3e-05, ⟨Jf⟩=7.8e-05, ⟨B·n⟩=3.1e-03, Len=sum([4.0, 3.8, 3.9, 3.8])=15.5, ϰ=[5.6, 5.3, 4.8, 5.1], ∫ϰ²/L>=[7.7, 7.6, 7.5, 7.1], C-C-Sep=0.10, ║∇J║=8.7e-03
Iteration 157/2000-----
currents: [100000.0, 99999.99999915347, 99999.99999939415, 99999.99999958366]
J=9.1e-05, ⟨Jf⟩=7.7e-05, ⟨B·n⟩=3.1e-03, Len=sum([4.0, 3.8, 3.9, 3.8])=15.5, ϰ=[5.6, 5.1, 4.8, 5.0], ∫ϰ²/L>=[7.7, 7.6, 7.5, 7.0], C-C-Sep=0.10, ║∇J║=9.3e-03
Iteration 158/2000-----
currents: [100000.0, 99999.999999154, 99999.99999939447, 99999.99999958336]
J=9.0e-05, ⟨Jf⟩=7.6e-05, ⟨B·n⟩=3.1e-03, Len=sum([4.0, 3.8, 3.9, 3.8])=15.4, ϰ=[5.6, 5.1, 4.9, 5.0], ∫ϰ²/L>=[7.7, 7.6, 7.5, 7.0], C-C-Sep=0.10, ║∇J║=8.5e-03
Iteration 159/2000-----
currents: [100000.0, 99999.99999915475, 99999.99999939492, 99999.999999583]
J=8.9e-05, ⟨Jf⟩=7.5e-05, ⟨B·n⟩=3.0e-03, Len=sum([4.0, 3.8, 3.9, 3.8])=15.4, ϰ=[5.6, 5.1, 4.8, 4.9], ∫ϰ²/L>=[7.7, 7.6, 7.5, 7.0], C-C-Sep=0.10, ║∇J║=7.4e-03
Iteration 160/2000-----
currents: [100000.0, 99999.99999915535, 99999.99999939522, 99999.99999958239]
J=8.7e-05, ⟨Jf⟩=7.4e-05, ⟨B·n⟩=3.0e-03, Len=sum([4.0, 3.8, 3.9, 3.8])=15.4, ϰ=[5.5, 5.0, 4.8, 4.7], ∫ϰ²/L>=[7.6, 7.6, 7.5, 7.0], C-C-Sep=0.10, ║∇J║=9.6e-03
Iteration 161/2000-----
currents: [100000.0, 99999.999999156, 99999.99999939557, 99999.99999958172]
J=8.6e-05, ⟨Jf⟩=7.3e-05, ⟨B·n⟩=3.0e-03, Len=sum([4.0, 3.8, 3.9, 3.8])=15.4, ϰ=[5.5, 4.9, 4.8, 4.6], ∫ϰ²/L>=[7.7, 7.6, 7.5, 7.0], C-C-Sep=0.10, ║∇J║=8.7e-03
Iteration 162/2000-----
currents: [100000.0, 99999.99999915545, 99999.99999939509, 99999.99999958074]
J=8.5e-05, ⟨Jf⟩=7.2e-05, ⟨B·n⟩=2.9e-03, Len=sum([4.0, 3.8, 3.9, 3.8])=15.4, ϰ=[5.4, 4.8, 4.8, 4.7], ∫ϰ²/L>=[7.7, 7.5, 7.5, 7.0], C-C-Sep=0.10, ║∇J║=7.2e-03
Iteration 163/2000-----
currents: [100000.0, 99999.99999915439, 99999.9999993942, 99999.99999957909]
J=8.3e-05, ⟨Jf⟩=7.0e-05, ⟨B·n⟩=2.9e-03, Len=sum([4.0, 3.8, 3.9, 3.8])=15.5, ϰ=[5.3, 4.8, 4.7, 4.9], ∫ϰ²/L>=[7.6, 7.5, 7.5, 6.9], C-C-Sep=0.10, ║∇J║=9.4e-03
Iteration 164/2000-----
currents: [100000.0, 99999.99999915336, 99999.99999939327, 99999.99999957722]
J=8.2e-05, ⟨Jf⟩=6.8e-05, ⟨B·n⟩=2.9e-03, Len=sum([4.0, 3.9, 3.9, 3.8])=15.5, ϰ=[5.3, 4.8, 4.7, 5.0], ∫ϰ²/L>=[7.7, 7.5, 7.5, 6.9], C-C-Sep=0.10, ║∇J║=1.4e-02
Iteration 165/2000-----
currents: [100000.0, 99999.99999915395, 99999.9999993937, 99999.99999957762]
J=8.1e-05, ⟨Jf⟩=6.9e-05, ⟨B·n⟩=2.9e-03, Len=sum([4.0, 3.8, 3.9, 3.8])=15.5, ϰ=[5.2, 4.9, 4.7, 4.9], ∫ϰ²/L>=[7.6, 7.5, 7.5, 6.9], C-C-Sep=0.10, ║∇J║=8.2e-03
Iteration 166/2000-----
currents: [100000.0, 99999.99999915397, 99999.99999939359, 99999.99999957682]
J=8.0e-05, ⟨Jf⟩=6.8e-05, ⟨B·n⟩=2.9e-03, Len=sum([4.0, 3.8, 3.9, 3.8])=15.5, ϰ=[5.2, 4.8, 4.7, 4.7], ∫ϰ²/L>=[7.6, 7.5, 7.4, 6.9], C-C-Sep=0.10, ║∇J║=7.3e-03
Iteration 167/2000-----
currents: [100000.0, 99999.99999915468, 99999.99999939397, 99999.9999995767]
J=7.9e-05, ⟨Jf⟩=6.7e-05, ⟨B·n⟩=2.9e-03, Len=sum([4.0, 3.8, 3.9, 3.8])=15.4, ϰ=[5.0, 4.8, 4.6, 4.7], ∫ϰ²/L>=[7.5, 7.5, 7.4, 6.8], C-C-Sep=0.10, ║∇J║=7.7e-03
Iteration 168/2000-----
currents: [100000.0, 99999.99999915442, 99999.9999993935, 99999.99999957478]
J=7.8e-05, ⟨Jf⟩=6.5e-05, ⟨B·n⟩=2.8e-03, Len=sum([4.0, 3.9, 3.9, 3.8])=15.5, ϰ=[4.9, 4.9, 4.6, 4.7], ∫ϰ²/L>=[7.5, 7.5, 7.4, 6.8], C-C-Sep=0.10, ║∇J║=1.0e-02
Iteration 169/2000-----
currents: [100000.0, 99999.99999915384, 99999.99999939284, 99999.99999957283]
J=7.6e-05, ⟨Jf⟩=6.4e-05, ⟨B·n⟩=2.8e-03, Len=sum([4.0, 3.9, 3.9, 3.8])=15.5, ϰ=[4.8, 5.1, 4.7, 4.6], ∫ϰ²/L>=[7.5, 7.5, 7.4, 6.8], C-C-Sep=0.10, ║∇J║=9.1e-03
Iteration 170/2000-----
currents: [100000.0, 99999.99999915286, 99999.9999993921, 99999.99999957184]
J=7.5e-05, ⟨Jf⟩=6.3e-05, ⟨B·n⟩=2.8e-03, Len=sum([4.0, 3.9, 3.9, 3.8])=15.5, ϰ=[4.6, 5.1, 4.7, 4.6], ∫ϰ²/L>=[7.5, 7.5, 7.3, 6.8], C-C-Sep=0.10, ║∇J║=7.1e-03
Iteration 171/2000-----
currents: [100000.0, 99999.999999152, 99999.99999939137, 99999.99999957041]
J=7.4e-05, ⟨Jf⟩=6.2e-05, ⟨B·n⟩=2.8e-03, Len=sum([4.0, 3.9, 3.9, 3.8])=15.5, ϰ=[4.6, 5.2, 4.7, 4.7], ∫ϰ²/L>=[7.4, 7.5, 7.2, 6.7], C-C-Sep=0.10, ║∇J║=7.9e-03
Iteration 172/2000-----
currents: [100000.0, 99999.99999915124, 99999.99999939074, 99999.99999956958]
J=7.3e-05, ⟨Jf⟩=6.2e-05, ⟨B·n⟩=2.8e-03, Len=sum([4.0, 3.9, 3.9, 3.8])=15.5, ϰ=[4.8, 5.2, 4.8, 4.7], ∫ϰ²/L>=[7.4, 7.4, 7.2, 6.7], C-C-Sep=0.10, ║∇J║=9.5e-03
Iteration 173/2000-----
currents: [100000.0, 99999.99999914994, 99999.99999938984, 99999.99999956887]
J=7.2e-05, ⟨Jf⟩=6.2e-05, ⟨B·n⟩=2.8e-03, Len=sum([4.0, 3.9, 3.9, 3.8])=15.5, ϰ=[4.7, 5.2, 4.9, 4.5], ∫ϰ²/L>=[7.3, 7.4, 7.2, 6.7], C-C-Sep=0.10, ║∇J║=6.3e-03
Iteration 174/2000-----
currents: [100000.0, 99999.99999914913, 99999.99999938904, 99999.99999956742]
J=7.1e-05, ⟨Jf⟩=6.1e-05, ⟨B·n⟩=2.8e-03, Len=sum([4.0, 3.9, 3.9, 3.8])=15.5, ϰ=[4.5, 5.3, 5.0, 4.5], ∫ϰ²/L>=[7.3, 7.4, 7.1, 6.6], C-C-Sep=0.10, ║∇J║=6.9e-03
Iteration 175/2000-----
currents: [100000.0, 99999.99999914861, 99999.99999938851, 99999.99999956673]
J=7.0e-05, ⟨Jf⟩=6.1e-05, ⟨B·n⟩=2.7e-03, Len=sum([4.0, 3.9, 3.9, 3.8])=15.5, ϰ=[4.5, 5.3, 4.9, 4.5], ∫ϰ²/L>=[7.2, 7.4, 7.1, 6.6], C-C-Sep=0.10, ║∇J║=7.9e-03
Iteration 176/2000-----
currents: [100000.0, 99999.99999914713, 99999.99999938715, 99999.99999956455]
J=6.9e-05, ⟨Jf⟩=5.9e-05, ⟨B·n⟩=2.7e-03, Len=sum([4.0, 3.9, 3.9, 3.8])=15.5, ϰ=[4.6, 5.4, 5.0, 4.5], ∫ϰ²/L>=[7.2, 7.4, 7.0, 6.6], C-C-Sep=0.10, ║∇J║=6.9e-03
Iteration 177/2000-----
currents: [100000.0, 99999.99999914579, 99999.99999938578, 99999.999999562]
J=6.8e-05, ⟨Jf⟩=5.8e-05, ⟨B·n⟩=2.7e-03, Len=sum([4.0, 3.9, 3.9, 3.8])=15.5, ϰ=[4.8, 5.4, 5.0, 4.6], ∫ϰ²/L>=[7.3, 7.4, 7.0, 6.6], C-C-Sep=0.10, ║∇J║=7.7e-03
Iteration 178/2000-----
currents: [100000.0, 99999.99999914509, 99999.99999938502, 99999.99999956047]
J=6.7e-05, ⟨Jf⟩=5.7e-05, ⟨B·n⟩=2.7e-03, Len=sum([4.0, 3.9, 3.9, 3.8])=15.5, ϰ=[4.7, 5.5, 5.0, 4.6], ∫ϰ²/L>=[7.3, 7.4, 7.0, 6.6], C-C-Sep=0.10, ║∇J║=6.8e-03
Iteration 179/2000-----
currents: [100000.0, 99999.9999991452, 99999.99999938502, 99999.99999956008]
J=6.7e-05, ⟨Jf⟩=5.7e-05, ⟨B·n⟩=2.7e-03, Len=sum([4.0, 3.9, 3.9, 3.8])=15.5, ϰ=[4.7, 5.5, 5.0, 4.6], ∫ϰ²/L>=[7.3, 7.4, 7.0, 6.6], C-C-Sep=0.10, ║∇J║=5.3e-03
Iteration 180/2000-----
currents: [100000.0, 99999.99999914467, 99999.99999938444, 99999.9999995588]
J=6.6e-05, ⟨Jf⟩=5.7e-05, ⟨B·n⟩=2.6e-03, Len=sum([4.0, 3.9, 3.9, 3.8])=15.5, ϰ=[4.6, 5.4, 5.0, 4.5], ∫ϰ²/L>=[7.2, 7.3, 7.0, 6.5], C-C-Sep=0.10, ║∇J║=5.9e-03
Iteration 181/2000-----
currents: [100000.0, 99999.99999914381, 99999.99999938355, 99999.9999995571]
J=6.5e-05, ⟨Jf⟩=5.6e-05, ⟨B·n⟩=2.6e-03, Len=sum([4.0, 3.9, 3.9, 3.8])=15.5, ϰ=[4.7, 5.3, 5.0, 4.5], ∫ϰ²/L>=[7.2, 7.3, 7.0, 6.5], C-C-Sep=0.10, ║∇J║=8.7e-03
Iteration 182/2000-----
currents: [100000.0, 99999.99999914326, 99999.99999938307, 99999.99999955666]
J=6.5e-05, ⟨Jf⟩=5.6e-05, ⟨B·n⟩=2.6e-03, Len=sum([4.0, 3.9, 3.9, 3.8])=15.5, ϰ=[4.7, 5.3, 5.0, 4.5], ∫ϰ²/L>=[7.2, 7.3, 6.9, 6.5], C-C-Sep=0.10, ║∇J║=5.2e-03
Iteration 183/2000-----
currents: [100000.0, 99999.99999914199, 99999.99999938194, 99999.99999955532]
J=6.4e-05, ⟨Jf⟩=5.6e-05, ⟨B·n⟩=2.6e-03, Len=sum([4.0, 3.9, 3.9, 3.8])=15.6, ϰ=[4.7, 5.2, 5.0, 4.5], ∫ϰ²/L>=[7.2, 7.3, 6.9, 6.5], C-C-Sep=0.10, ║∇J║=4.3e-03
Iteration 184/2000-----
currents: [100000.0, 99999.99999914109, 99999.99999938112, 99999.99999955439]
J=6.4e-05, ⟨Jf⟩=5.5e-05, ⟨B·n⟩=2.6e-03, Len=sum([4.0, 3.9, 3.9, 3.8])=15.6, ϰ=[4.7, 5.1, 5.0, 4.5], ∫ϰ²/L>=[7.1, 7.3, 6.9, 6.5], C-C-Sep=0.10, ║∇J║=5.0e-03
Iteration 185/2000-----
currents: [100000.0, 99999.99999913968, 99999.99999937975, 99999.99999955262]
J=6.3e-05, ⟨Jf⟩=5.5e-05, ⟨B·n⟩=2.6e-03, Len=sum([4.0, 3.9, 3.9, 3.8])=15.6, ϰ=[4.8, 4.9, 5.1, 4.5], ∫ϰ²/L>=[7.1, 7.3, 6.9, 6.4], C-C-Sep=0.10, ║∇J║=6.0e-03
Iteration 186/2000-----
currents: [100000.0, 99999.9999991394, 99999.99999937939, 99999.99999955214]
J=6.3e-05, ⟨Jf⟩=5.5e-05, ⟨B·n⟩=2.6e-03, Len=sum([4.0, 3.9, 3.9, 3.8])=15.6, ϰ=[4.8, 4.9, 5.1, 4.6], ∫ϰ²/L>=[7.0, 7.2, 6.9, 6.4], C-C-Sep=0.10, ║∇J║=5.1e-03
Iteration 187/2000-----
currents: [100000.0, 99999.99999913946, 99999.99999937935, 99999.99999955192]
J=6.2e-05, ⟨Jf⟩=5.4e-05, ⟨B·n⟩=2.6e-03, Len=sum([4.0, 3.9, 3.9, 3.8])=15.6, ϰ=[4.8, 4.9, 5.1, 4.6], ∫ϰ²/L>=[7.0, 7.2, 6.9, 6.4], C-C-Sep=0.10, ║∇J║=4.3e-03
Iteration 188/2000-----
currents: [100000.0, 99999.99999913959, 99999.99999937927, 99999.99999955161]
J=6.2e-05, ⟨Jf⟩=5.4e-05, ⟨B·n⟩=2.6e-03, Len=sum([4.0, 3.9, 3.9, 3.8])=15.6, ϰ=[4.8, 4.8, 5.1, 4.7], ∫ϰ²/L>=[6.9, 7.2, 6.8, 6.4], C-C-Sep=0.10, ║∇J║=4.5e-03
Iteration 189/2000-----
currents: [100000.0, 99999.99999913936, 99999.9999993788, 99999.99999955048]
J=6.1e-05, ⟨Jf⟩=5.4e-05, ⟨B·n⟩=2.6e-03, Len=sum([4.0, 3.9, 3.9, 3.8])=15.6, ϰ=[4.9, 4.8, 5.1, 4.7], ∫ϰ²/L>=[6.9, 7.2, 6.8, 6.4], C-C-Sep=0.10, ║∇J║=7.8e-03
Iteration 190/2000-----
currents: [100000.0, 99999.99999913889, 99999.99999937825, 99999.99999954947]
J=6.1e-05, ⟨Jf⟩=5.4e-05, ⟨B·n⟩=2.5e-03, Len=sum([4.0, 3.9, 3.9, 3.8])=15.6, ϰ=[4.9, 4.8, 5.1, 4.7], ∫ϰ²/L>=[6.9, 7.1, 6.8, 6.4], C-C-Sep=0.10, ║∇J║=4.4e-03
Iteration 191/2000-----
currents: [100000.0, 99999.99999913853, 99999.9999993778, 99999.99999954859]
J=6.1e-05, ⟨Jf⟩=5.3e-05, ⟨B·n⟩=2.5e-03, Len=sum([4.0, 3.9, 3.9, 3.8])=15.6, ϰ=[4.8, 4.9, 5.1, 4.7], ∫ϰ²/L>=[6.9, 7.1, 6.8, 6.4], C-C-Sep=0.10, ║∇J║=4.1e-03
Iteration 192/2000-----
currents: [100000.0, 99999.99999913812, 99999.99999937728, 99999.99999954739]
J=6.0e-05, ⟨Jf⟩=5.3e-05, ⟨B·n⟩=2.5e-03, Len=sum([4.0, 3.9, 3.9, 3.8])=15.6, ϰ=[4.8, 4.9, 5.1, 4.7], ∫ϰ²/L>=[6.9, 7.1, 6.8, 6.4], C-C-Sep=0.10, ║∇J║=4.8e-03
Iteration 193/2000-----
currents: [100000.0, 99999.99999913778, 99999.99999937673, 99999.99999954595]
J=6.0e-05, ⟨Jf⟩=5.2e-05, ⟨B·n⟩=2.5e-03, Len=sum([4.0, 3.9, 3.9, 3.8])=15.6, ϰ=[4.7, 5.0, 5.1, 4.7], ∫ϰ²/L>=[6.9, 7.1, 6.8, 6.4], C-C-Sep=0.10, ║∇J║=5.6e-03
Iteration 194/2000-----
currents: [100000.0, 99999.99999913793, 99999.99999937664, 99999.9999995454]
J=5.9e-05, ⟨Jf⟩=5.2e-05, ⟨B·n⟩=2.5e-03, Len=sum([4.0, 3.9, 3.9, 3.8])=15.6, ϰ=[4.7, 5.0, 5.1, 4.7], ∫ϰ²/L>=[6.9, 7.1, 6.8, 6.4], C-C-Sep=0.10, ║∇J║=4.6e-03
Iteration 195/2000-----
currents: [100000.0, 99999.99999913777, 99999.99999937629, 99999.99999954455]
J=5.9e-05, ⟨Jf⟩=5.1e-05, ⟨B·n⟩=2.5e-03, Len=sum([4.0, 3.9, 3.9, 3.8])=15.6, ϰ=[4.8, 5.0, 5.2, 4.7], ∫ϰ²/L>=[6.8, 7.1, 6.8, 6.3], C-C-Sep=0.10, ║∇J║=4.4e-03
Iteration 196/2000-----
currents: [100000.0, 99999.99999913774, 99999.999999376, 99999.9999995439]
J=5.8e-05, ⟨Jf⟩=5.1e-05, ⟨B·n⟩=2.5e-03, Len=sum([4.0, 3.9, 3.9, 3.8])=15.6, ϰ=[4.9, 5.0, 5.2, 4.8], ∫ϰ²/L>=[6.8, 7.1, 6.8, 6.3], C-C-Sep=0.10, ║∇J║=5.6e-03
Iteration 197/2000-----
currents: [100000.0, 99999.99999913746, 99999.99999937545, 99999.99999954284]
J=5.8e-05, ⟨Jf⟩=5.0e-05, ⟨B·n⟩=2.5e-03, Len=sum([4.0, 3.9, 3.9, 3.8])=15.6, ϰ=[5.0, 5.0, 5.2, 4.9], ∫ϰ²/L>=[6.8, 7.1, 6.8, 6.3], C-C-Sep=0.10, ║∇J║=6.1e-03
Iteration 198/2000-----
currents: [100000.0, 99999.99999913694, 99999.9999993748, 99999.99999954192]
J=5.7e-05, ⟨Jf⟩=5.0e-05, ⟨B·n⟩=2.4e-03, Len=sum([4.0, 3.9, 3.9, 3.8])=15.6, ϰ=[5.0, 5.1, 5.2, 4.9], ∫ϰ²/L>=[6.8, 7.1, 6.8, 6.3], C-C-Sep=0.10, ║∇J║=3.9e-03
Iteration 199/2000-----
currents: [100000.0, 99999.99999913637, 99999.9999993741, 99999.99999954073]
J=5.7e-05, ⟨Jf⟩=5.0e-05, ⟨B·n⟩=2.4e-03, Len=sum([4.0, 3.9, 3.9, 3.8])=15.6, ϰ=[5.0, 5.1, 5.2, 4.9], ∫ϰ²/L>=[6.8, 7.1, 6.8, 6.3], C-C-Sep=0.10, ║∇J║=4.1e-03
Iteration 200/2000-----
currents: [100000.0, 99999.9999991362, 99999.99999937369, 99999.99999954003]
J=5.6e-05, ⟨Jf⟩=4.9e-05, ⟨B·n⟩=2.4e-03, Len=sum([4.0, 3.9, 3.9, 3.8])=15.6, ϰ=[4.9, 5.2, 5.2, 4.8], ∫ϰ²/L>=[6.8, 7.1, 6.8, 6.3], C-C-Sep=0.10, ║∇J║=5.3e-03
Iteration 201/2000-----
currents: [100000.0, 99999.99999913579, 99999.99999937293, 99999.99999953856]
J=5.6e-05, ⟨Jf⟩=4.8e-05, ⟨B·n⟩=2.4e-03, Len=sum([4.0, 3.9, 3.9, 3.8])=15.6, ϰ=[4.8, 5.2, 5.3, 4.8], ∫ϰ²/L>=[6.8, 7.1, 6.8, 6.3], C-C-Sep=0.10, ║∇J║=4.5e-03
Iteration 202/2000-----
currents: [100000.0, 99999.99999913567, 99999.99999937243, 99999.99999953753]
J=5.5e-05, ⟨Jf⟩=4.8e-05, ⟨B·n⟩=2.4e-03, Len=sum([4.0, 3.9, 3.9, 3.8])=15.6, ϰ=[4.7, 5.2, 5.3, 4.7], ∫ϰ²/L>=[6.8, 7.1, 6.8, 6.3], C-C-Sep=0.10, ║∇J║=5.6e-03
Iteration 203/2000-----
currents: [100000.0, 99999.99999913604, 99999.9999993725, 99999.99999953753]
J=5.5e-05, ⟨Jf⟩=4.8e-05, ⟨B·n⟩=2.4e-03, Len=sum([4.0, 3.9, 3.9, 3.8])=15.6, ϰ=[4.7, 5.2, 5.4, 4.7], ∫ϰ²/L>=[6.7, 7.1, 6.8, 6.3], C-C-Sep=0.10, ║∇J║=4.8e-03
Iteration 204/2000-----
currents: [100000.0, 99999.99999913566, 99999.9999993721, 99999.9999995371]
J=5.4e-05, ⟨Jf⟩=4.7e-05, ⟨B·n⟩=2.4e-03, Len=sum([4.0, 3.9, 3.9, 3.8])=15.6, ϰ=[4.7, 5.2, 5.3, 4.7], ∫ϰ²/L>=[6.7, 7.1, 6.8, 6.2], C-C-Sep=0.10, ║∇J║=3.9e-03
Iteration 205/2000-----
currents: [100000.0, 99999.9999991355, 99999.99999937185, 99999.99999953699]
J=5.4e-05, ⟨Jf⟩=4.7e-05, ⟨B·n⟩=2.3e-03, Len=sum([4.0, 3.9, 3.9, 3.8])=15.6, ϰ=[4.6, 5.2, 5.3, 4.8], ∫ϰ²/L>=[6.7, 7.1, 6.8, 6.2], C-C-Sep=0.10, ║∇J║=4.1e-03
Iteration 206/2000-----
currents: [100000.0, 99999.99999913518, 99999.99999937136, 99999.9999995362]
J=5.3e-05, ⟨Jf⟩=4.7e-05, ⟨B·n⟩=2.3e-03, Len=sum([4.0, 3.9, 3.9, 3.8])=15.6, ϰ=[4.6, 5.3, 5.2, 4.8], ∫ϰ²/L>=[6.7, 7.0, 6.8, 6.2], C-C-Sep=0.10, ║∇J║=5.5e-03
Iteration 207/2000-----
currents: [100000.0, 99999.99999913476, 99999.99999937072, 99999.99999953528]
J=5.3e-05, ⟨Jf⟩=4.6e-05, ⟨B·n⟩=2.3e-03, Len=sum([4.0, 3.9, 3.9, 3.8])=15.6, ϰ=[4.7, 5.3, 5.2, 4.8], ∫ϰ²/L>=[6.7, 7.0, 6.8, 6.2], C-C-Sep=0.10, ║∇J║=4.5e-03
Iteration 208/2000-----
currents: [100000.0, 99999.9999991342, 99999.9999993696, 99999.99999953338]
J=5.2e-05, ⟨Jf⟩=4.6e-05, ⟨B·n⟩=2.3e-03, Len=sum([4.0, 3.9, 3.9, 3.8])=15.6, ϰ=[4.9, 5.4, 5.2, 4.7], ∫ϰ²/L>=[6.7, 7.0, 6.8, 6.2], C-C-Sep=0.10, ║∇J║=5.2e-03
Iteration 209/2000-----
currents: [100000.0, 99999.99999913391, 99999.99999936875, 99999.99999953163]
J=5.2e-05, ⟨Jf⟩=4.5e-05, ⟨B·n⟩=2.2e-03, Len=sum([4.0, 3.9, 3.9, 3.8])=15.6, ϰ=[4.9, 5.4, 5.3, 4.6], ∫ϰ²/L>=[6.7, 7.0, 6.8, 6.2], C-C-Sep=0.10, ║∇J║=8.7e-03
Iteration 210/2000-----
currents: [100000.0, 99999.99999913394, 99999.99999936874, 99999.99999953162]
J=5.1e-05, ⟨Jf⟩=4.5e-05, ⟨B·n⟩=2.2e-03, Len=sum([4.0, 3.9, 3.9, 3.8])=15.6, ϰ=[4.9, 5.4, 5.3, 4.6], ∫ϰ²/L>=[6.7, 7.0, 6.8, 6.2], C-C-Sep=0.10, ║∇J║=4.3e-03
Iteration 211/2000-----
currents: [100000.0, 99999.9999991337, 99999.9999993683, 99999.99999953083]
J=5.1e-05, ⟨Jf⟩=4.5e-05, ⟨B·n⟩=2.2e-03, Len=sum([4.0, 3.9, 3.9, 3.8])=15.6, ϰ=[4.9, 5.4, 5.3, 4.6], ∫ϰ²/L>=[6.6, 6.9, 6.8, 6.2], C-C-Sep=0.10, ║∇J║=3.5e-03
Iteration 212/2000-----
currents: [100000.0, 99999.9999991334, 99999.99999936785, 99999.99999953022]
J=5.1e-05, ⟨Jf⟩=4.4e-05, ⟨B·n⟩=2.2e-03, Len=sum([4.0, 3.9, 3.9, 3.8])=15.6, ϰ=[4.8, 5.3, 5.2, 4.5], ∫ϰ²/L>=[6.6, 6.9, 6.8, 6.2], C-C-Sep=0.10, ║∇J║=4.2e-03
Iteration 213/2000-----
currents: [100000.0, 99999.99999913186, 99999.99999936581, 99999.99999952699]
J=5.0e-05, ⟨Jf⟩=4.3e-05, ⟨B·n⟩=2.2e-03, Len=sum([4.0, 3.9, 3.9, 3.8])=15.6, ϰ=[4.9, 5.2, 5.2, 4.5], ∫ϰ²/L>=[6.6, 6.9, 6.8, 6.2], C-C-Sep=0.10, ║∇J║=8.6e-03
Iteration 214/2000-----
currents: [100000.0, 99999.9999991326, 99999.99999936679, 99999.99999952855]
J=5.0e-05, ⟨Jf⟩=4.4e-05, ⟨B·n⟩=2.2e-03, Len=sum([4.0, 3.9, 3.9, 3.8])=15.6, ϰ=[4.9, 5.2, 5.2, 4.5], ∫ϰ²/L>=[6.6, 6.9, 6.8, 6.2], C-C-Sep=0.10, ║∇J║=5.3e-03
Iteration 215/2000-----
currents: [100000.0, 99999.99999913167, 99999.99999936581, 99999.99999952796]
J=5.0e-05, ⟨Jf⟩=4.3e-05, ⟨B·n⟩=2.2e-03, Len=sum([4.0, 3.9, 3.9, 3.8])=15.6, ϰ=[4.9, 5.1, 5.2, 4.4], ∫ϰ²/L>=[6.5, 6.9, 6.7, 6.1], C-C-Sep=0.10, ║∇J║=5.1e-03
Iteration 216/2000-----
currents: [100000.0, 99999.99999913084, 99999.99999936504, 99999.99999952737]
J=4.9e-05, ⟨Jf⟩=4.3e-05, ⟨B·n⟩=2.2e-03, Len=sum([4.0, 3.9, 3.9, 3.8])=15.6, ϰ=[4.9, 5.1, 5.3, 4.4], ∫ϰ²/L>=[6.5, 6.8, 6.7, 6.1], C-C-Sep=0.10, ║∇J║=4.9e-03
Iteration 217/2000-----
currents: [100000.0, 99999.99999912984, 99999.99999936364, 99999.99999952539]
J=4.9e-05, ⟨Jf⟩=4.3e-05, ⟨B·n⟩=2.2e-03, Len=sum([4.0, 3.9, 3.9, 3.8])=15.6, ϰ=[5.0, 5.2, 5.3, 4.4], ∫ϰ²/L>=[6.6, 6.8, 6.7, 6.1], C-C-Sep=0.10, ║∇J║=4.3e-03
Iteration 218/2000-----
currents: [100000.0, 99999.99999912894, 99999.99999936298, 99999.99999952555]
J=4.9e-05, ⟨Jf⟩=4.3e-05, ⟨B·n⟩=2.2e-03, Len=sum([4.0, 3.9, 3.9, 3.8])=15.6, ϰ=[5.1, 5.3, 5.4, 4.3], ∫ϰ²/L>=[6.5, 6.8, 6.7, 6.1], C-C-Sep=0.10, ║∇J║=8.7e-03
Iteration 219/2000-----
currents: [100000.0, 99999.9999991295, 99999.9999993634, 99999.99999952545]
J=4.9e-05, ⟨Jf⟩=4.3e-05, ⟨B·n⟩=2.2e-03, Len=sum([4.0, 3.9, 3.9, 3.8])=15.6, ϰ=[5.1, 5.2, 5.3, 4.3], ∫ϰ²/L>=[6.5, 6.8, 6.7, 6.1], C-C-Sep=0.10, ║∇J║=4.1e-03
Iteration 220/2000-----
currents: [100000.0, 99999.99999912913, 99999.99999936277, 99999.99999952453]
J=4.8e-05, ⟨Jf⟩=4.2e-05, ⟨B·n⟩=2.2e-03, Len=sum([4.0, 3.9, 3.9, 3.8])=15.6, ϰ=[5.1, 5.3, 5.3, 4.3], ∫ϰ²/L>=[6.5, 6.8, 6.7, 6.1], C-C-Sep=0.10, ║∇J║=4.3e-03
Iteration 221/2000-----
currents: [100000.0, 99999.99999912927, 99999.99999936258, 99999.99999952411]
J=4.8e-05, ⟨Jf⟩=4.2e-05, ⟨B·n⟩=2.1e-03, Len=sum([4.0, 3.9, 3.9, 3.8])=15.6, ϰ=[5.1, 5.3, 5.3, 4.3], ∫ϰ²/L>=[6.5, 6.8, 6.7, 6.1], C-C-Sep=0.10, ║∇J║=3.7e-03
Iteration 222/2000-----
currents: [100000.0, 99999.99999912884, 99999.99999936168, 99999.9999995227]
J=4.7e-05, ⟨Jf⟩=4.2e-05, ⟨B·n⟩=2.1e-03, Len=sum([4.0, 3.9, 3.9, 3.8])=15.6, ϰ=[5.2, 5.3, 5.3, 4.3], ∫ϰ²/L>=[6.5, 6.8, 6.7, 6.1], C-C-Sep=0.10, ║∇J║=4.6e-03
Iteration 223/2000-----
currents: [100000.0, 99999.9999991281, 99999.99999936033, 99999.99999952082]
J=4.7e-05, ⟨Jf⟩=4.1e-05, ⟨B·n⟩=2.1e-03, Len=sum([4.0, 3.9, 3.9, 3.8])=15.6, ϰ=[5.2, 5.3, 5.3, 4.2], ∫ϰ²/L>=[6.5, 6.8, 6.6, 6.1], C-C-Sep=0.10, ║∇J║=7.2e-03
Iteration 224/2000-----
currents: [100000.0, 99999.99999912793, 99999.99999936002, 99999.99999952047]
J=4.7e-05, ⟨Jf⟩=4.1e-05, ⟨B·n⟩=2.1e-03, Len=sum([4.0, 3.9, 3.9, 3.8])=15.6, ϰ=[5.2, 5.3, 5.2, 4.2], ∫ϰ²/L>=[6.5, 6.8, 6.6, 6.0], C-C-Sep=0.10, ║∇J║=4.0e-03
Iteration 225/2000-----
currents: [100000.0, 99999.99999912718, 99999.99999935897, 99999.99999951915]
J=4.6e-05, ⟨Jf⟩=4.1e-05, ⟨B·n⟩=2.1e-03, Len=sum([4.0, 3.9, 3.9, 3.8])=15.7, ϰ=[5.3, 5.3, 5.2, 4.2], ∫ϰ²/L>=[6.5, 6.8, 6.6, 6.0], C-C-Sep=0.10, ║∇J║=3.5e-03
Iteration 226/2000-----
currents: [100000.0, 99999.99999912661, 99999.9999993584, 99999.99999951864]
J=4.6e-05, ⟨Jf⟩=4.1e-05, ⟨B·n⟩=2.1e-03, Len=sum([4.0, 3.9, 3.9, 3.8])=15.7, ϰ=[5.3, 5.3, 5.2, 4.2], ∫ϰ²/L>=[6.5, 6.7, 6.6, 6.0], C-C-Sep=0.10, ║∇J║=4.0e-03
Iteration 227/2000-----
currents: [100000.0, 99999.9999991254, 99999.99999935647, 99999.99999951608]
J=4.6e-05, ⟨Jf⟩=4.0e-05, ⟨B·n⟩=2.0e-03, Len=sum([4.0, 3.9, 3.9, 3.8])=15.7, ϰ=[5.3, 5.3, 5.2, 4.2], ∫ϰ²/L>=[6.5, 6.7, 6.6, 6.0], C-C-Sep=0.10, ║∇J║=7.0e-03
Iteration 228/2000-----
currents: [100000.0, 99999.99999912526, 99999.99999935635, 99999.99999951587]
J=4.5e-05, ⟨Jf⟩=4.0e-05, ⟨B·n⟩=2.0e-03, Len=sum([4.0, 3.9, 3.9, 3.8])=15.7, ϰ=[5.4, 5.3, 5.2, 4.2], ∫ϰ²/L>=[6.5, 6.7, 6.6, 6.0], C-C-Sep=0.10, ║∇J║=3.4e-03
Iteration 229/2000-----
currents: [100000.0, 99999.99999912502, 99999.99999935615, 99999.99999951555]
J=4.5e-05, ⟨Jf⟩=4.0e-05, ⟨B·n⟩=2.0e-03, Len=sum([4.0, 3.9, 3.9, 3.8])=15.7, ϰ=[5.3, 5.3, 5.2, 4.2], ∫ϰ²/L>=[6.5, 6.7, 6.6, 6.0], C-C-Sep=0.10, ║∇J║=2.9e-03
Iteration 230/2000-----
currents: [100000.0, 99999.99999912524, 99999.99999935608, 99999.9999995153]
J=4.5e-05, ⟨Jf⟩=4.0e-05, ⟨B·n⟩=2.0e-03, Len=sum([4.0, 3.9, 3.9, 3.8])=15.7, ϰ=[5.3, 5.2, 5.2, 4.2], ∫ϰ²/L>=[6.5, 6.7, 6.5, 6.0], C-C-Sep=0.10, ║∇J║=3.6e-03
Iteration 231/2000-----
currents: [100000.0, 99999.99999912416, 99999.9999993543, 99999.99999951245]
J=4.5e-05, ⟨Jf⟩=3.9e-05, ⟨B·n⟩=2.0e-03, Len=sum([4.0, 3.9, 3.9, 3.8])=15.7, ϰ=[5.4, 5.1, 5.2, 4.3], ∫ϰ²/L>=[6.5, 6.7, 6.6, 6.0], C-C-Sep=0.10, ║∇J║=4.7e-03
Iteration 232/2000-----
currents: [100000.0, 99999.99999912424, 99999.99999935397, 99999.99999951223]
J=4.4e-05, ⟨Jf⟩=3.9e-05, ⟨B·n⟩=2.0e-03, Len=sum([4.0, 3.9, 3.9, 3.8])=15.7, ϰ=[5.3, 5.0, 5.2, 4.2], ∫ϰ²/L>=[6.5, 6.6, 6.5, 6.0], C-C-Sep=0.10, ║∇J║=7.4e-03
Iteration 233/2000-----
currents: [100000.0, 99999.99999912409, 99999.99999935381, 99999.99999951194]
J=4.4e-05, ⟨Jf⟩=3.9e-05, ⟨B·n⟩=2.0e-03, Len=sum([4.0, 3.9, 3.9, 3.8])=15.7, ϰ=[5.4, 5.0, 5.2, 4.2], ∫ϰ²/L>=[6.5, 6.6, 6.5, 5.9], C-C-Sep=0.10, ║∇J║=2.9e-03
Iteration 234/2000-----
currents: [100000.0, 99999.99999912374, 99999.99999935325, 99999.99999951107]
J=4.4e-05, ⟨Jf⟩=3.9e-05, ⟨B·n⟩=2.0e-03, Len=sum([4.0, 3.9, 3.9, 3.8])=15.7, ϰ=[5.4, 5.0, 5.2, 4.2], ∫ϰ²/L>=[6.5, 6.6, 6.5, 5.9], C-C-Sep=0.10, ║∇J║=2.6e-03
Iteration 235/2000-----
currents: [100000.0, 99999.99999912312, 99999.99999935216, 99999.99999950956]
J=4.4e-05, ⟨Jf⟩=3.8e-05, ⟨B·n⟩=2.0e-03, Len=sum([4.0, 3.9, 3.9, 3.8])=15.7, ϰ=[5.4, 4.9, 5.2, 4.2], ∫ϰ²/L>=[6.5, 6.6, 6.5, 5.9], C-C-Sep=0.10, ║∇J║=3.7e-03
Iteration 236/2000-----
currents: [100000.0, 99999.99999912208, 99999.99999935043, 99999.99999950708]
J=4.3e-05, ⟨Jf⟩=3.8e-05, ⟨B·n⟩=1.9e-03, Len=sum([4.0, 3.9, 3.9, 3.8])=15.7, ϰ=[5.5, 4.8, 5.3, 4.2], ∫ϰ²/L>=[6.4, 6.6, 6.5, 5.9], C-C-Sep=0.10, ║∇J║=4.9e-03
Iteration 237/2000-----
currents: [100000.0, 99999.99999912168, 99999.99999934956, 99999.99999950617]
J=4.3e-05, ⟨Jf⟩=3.8e-05, ⟨B·n⟩=1.9e-03, Len=sum([4.0, 3.9, 3.9, 3.8])=15.7, ϰ=[5.5, 4.8, 5.3, 4.2], ∫ϰ²/L>=[6.4, 6.6, 6.5, 5.9], C-C-Sep=0.10, ║∇J║=3.5e-03
Iteration 238/2000-----
currents: [100000.0, 99999.99999912128, 99999.99999934905, 99999.99999950572]
J=4.3e-05, ⟨Jf⟩=3.8e-05, ⟨B·n⟩=1.9e-03, Len=sum([4.0, 3.9, 3.9, 3.8])=15.7, ϰ=[5.5, 4.9, 5.3, 4.2], ∫ϰ²/L>=[6.4, 6.6, 6.6, 5.9], C-C-Sep=0.10, ║∇J║=2.9e-03
Iteration 239/2000-----
currents: [100000.0, 99999.999999121, 99999.99999934851, 99999.99999950515]
J=4.2e-05, ⟨Jf⟩=3.7e-05, ⟨B·n⟩=1.9e-03, Len=sum([4.0, 3.9, 3.9, 3.8])=15.7, ϰ=[5.4, 4.9, 5.3, 4.2], ∫ϰ²/L>=[6.3, 6.6, 6.6, 5.9], C-C-Sep=0.10, ║∇J║=3.1e-03
Iteration 240/2000-----
currents: [100000.0, 99999.99999912023, 99999.99999934739, 99999.99999950375]
J=4.2e-05, ⟨Jf⟩=3.7e-05, ⟨B·n⟩=1.9e-03, Len=sum([4.0, 3.9, 3.9, 3.8])=15.7, ϰ=[5.4, 4.9, 5.3, 4.3], ∫ϰ²/L>=[6.3, 6.6, 6.6, 5.9], C-C-Sep=0.10, ║∇J║=3.3e-03
Iteration 241/2000-----
currents: [100000.0, 99999.99999911965, 99999.99999934611, 99999.99999950196]
J=4.2e-05, ⟨Jf⟩=3.7e-05, ⟨B·n⟩=1.9e-03, Len=sum([4.0, 3.9, 3.9, 3.8])=15.7, ϰ=[5.3, 4.9, 5.3, 4.3], ∫ϰ²/L>=[6.3, 6.6, 6.6, 5.9], C-C-Sep=0.10, ║∇J║=3.9e-03
Iteration 242/2000-----
currents: [100000.0, 99999.99999911935, 99999.99999934554, 99999.99999950106]
J=4.2e-05, ⟨Jf⟩=3.7e-05, ⟨B·n⟩=1.9e-03, Len=sum([4.0, 3.9, 3.9, 3.8])=15.7, ϰ=[5.3, 5.0, 5.3, 4.4], ∫ϰ²/L>=[6.3, 6.6, 6.6, 5.9], C-C-Sep=0.10, ║∇J║=2.9e-03
Iteration 243/2000-----
currents: [100000.0, 99999.99999911919, 99999.999999345, 99999.99999950004]
J=4.2e-05, ⟨Jf⟩=3.7e-05, ⟨B·n⟩=1.9e-03, Len=sum([4.0, 3.9, 3.9, 3.8])=15.7, ϰ=[5.3, 5.1, 5.2, 4.3], ∫ϰ²/L>=[6.3, 6.6, 6.5, 5.8], C-C-Sep=0.10, ║∇J║=3.3e-03
Iteration 244/2000-----
currents: [100000.0, 99999.99999911925, 99999.99999934444, 99999.99999949892]
J=4.1e-05, ⟨Jf⟩=3.6e-05, ⟨B·n⟩=1.9e-03, Len=sum([4.0, 3.9, 3.9, 3.8])=15.7, ϰ=[5.2, 5.1, 5.2, 4.4], ∫ϰ²/L>=[6.3, 6.5, 6.5, 5.8], C-C-Sep=0.10, ║∇J║=4.5e-03
Iteration 245/2000-----
currents: [100000.0, 99999.99999911866, 99999.99999934305, 99999.99999949682]
J=4.1e-05, ⟨Jf⟩=3.6e-05, ⟨B·n⟩=1.9e-03, Len=sum([4.0, 4.0, 3.9, 3.8])=15.7, ϰ=[5.3, 5.2, 5.1, 4.3], ∫ϰ²/L>=[6.3, 6.5, 6.5, 5.8], C-C-Sep=0.10, ║∇J║=3.9e-03
Iteration 246/2000-----
currents: [100000.0, 99999.99999911891, 99999.99999934314, 99999.99999949694]
J=4.1e-05, ⟨Jf⟩=3.6e-05, ⟨B·n⟩=1.9e-03, Len=sum([4.0, 3.9, 3.9, 3.8])=15.7, ϰ=[5.2, 5.1, 5.1, 4.3], ∫ϰ²/L>=[6.3, 6.5, 6.5, 5.8], C-C-Sep=0.10, ║∇J║=2.6e-03
Iteration 247/2000-----
currents: [100000.0, 99999.99999911866, 99999.99999934266, 99999.9999994965]
J=4.1e-05, ⟨Jf⟩=3.6e-05, ⟨B·n⟩=1.9e-03, Len=sum([4.0, 4.0, 3.9, 3.8])=15.7, ϰ=[5.2, 5.1, 5.2, 4.3], ∫ϰ²/L>=[6.3, 6.5, 6.5, 5.8], C-C-Sep=0.10, ║∇J║=2.5e-03
Iteration 248/2000-----
currents: [100000.0, 99999.9999991186, 99999.99999934218, 99999.99999949583]
J=4.1e-05, ⟨Jf⟩=3.6e-05, ⟨B·n⟩=1.9e-03, Len=sum([4.0, 4.0, 3.9, 3.8])=15.7, ϰ=[5.2, 5.1, 5.2, 4.2], ∫ϰ²/L>=[6.3, 6.5, 6.5, 5.8], C-C-Sep=0.10, ║∇J║=2.8e-03
Iteration 249/2000-----
currents: [100000.0, 99999.99999911818, 99999.99999934106, 99999.99999949434]
J=4.0e-05, ⟨Jf⟩=3.6e-05, ⟨B·n⟩=1.8e-03, Len=sum([4.0, 4.0, 3.9, 3.8])=15.7, ϰ=[5.2, 5.2, 5.3, 4.2], ∫ϰ²/L>=[6.3, 6.5, 6.5, 5.8], C-C-Sep=0.10, ║∇J║=3.1e-03
Iteration 250/2000-----
currents: [100000.0, 99999.99999911795, 99999.9999993403, 99999.99999949314]
J=4.0e-05, ⟨Jf⟩=3.5e-05, ⟨B·n⟩=1.8e-03, Len=sum([4.0, 4.0, 3.9, 3.8])=15.7, ϰ=[5.2, 5.2, 5.3, 4.2], ∫ϰ²/L>=[6.3, 6.4, 6.5, 5.8], C-C-Sep=0.10, ║∇J║=2.8e-03
Iteration 251/2000-----
currents: [100000.0, 99999.99999911778, 99999.99999933963, 99999.99999949196]
J=4.0e-05, ⟨Jf⟩=3.5e-05, ⟨B·n⟩=1.8e-03, Len=sum([4.0, 4.0, 3.9, 3.8])=15.7, ϰ=[5.2, 5.2, 5.3, 4.2], ∫ϰ²/L>=[6.3, 6.4, 6.5, 5.8], C-C-Sep=0.10, ║∇J║=2.4e-03
Iteration 252/2000-----
currents: [100000.0, 99999.9999991175, 99999.999999339, 99999.99999949093]
J=4.0e-05, ⟨Jf⟩=3.5e-05, ⟨B·n⟩=1.8e-03, Len=sum([4.0, 4.0, 3.9, 3.8])=15.7, ϰ=[5.3, 5.2, 5.3, 4.2], ∫ϰ²/L>=[6.3, 6.4, 6.5, 5.8], C-C-Sep=0.10, ║∇J║=2.8e-03
Iteration 253/2000-----
currents: [100000.0, 99999.99999911741, 99999.99999933843, 99999.99999949001]
J=4.0e-05, ⟨Jf⟩=3.5e-05, ⟨B·n⟩=1.8e-03, Len=sum([4.0, 4.0, 3.9, 3.8])=15.7, ϰ=[5.3, 5.1, 5.4, 4.2], ∫ϰ²/L>=[6.3, 6.4, 6.4, 5.8], C-C-Sep=0.10, ║∇J║=3.2e-03
Iteration 254/2000-----
currents: [100000.0, 99999.99999911709, 99999.99999933774, 99999.99999948917]
J=4.0e-05, ⟨Jf⟩=3.5e-05, ⟨B·n⟩=1.8e-03, Len=sum([4.0, 4.0, 3.9, 3.8])=15.7, ϰ=[5.3, 5.1, 5.4, 4.2], ∫ϰ²/L>=[6.3, 6.4, 6.4, 5.8], C-C-Sep=0.10, ║∇J║=2.4e-03
Iteration 255/2000-----
currents: [100000.0, 99999.99999911664, 99999.99999933706, 99999.9999994885]
J=3.9e-05, ⟨Jf⟩=3.5e-05, ⟨B·n⟩=1.8e-03, Len=sum([4.0, 4.0, 3.9, 3.8])=15.7, ϰ=[5.3, 5.1, 5.4, 4.2], ∫ϰ²/L>=[6.3, 6.3, 6.4, 5.7], C-C-Sep=0.10, ║∇J║=2.7e-03
Iteration 256/2000-----
currents: [100000.0, 99999.99999911632, 99999.99999933627, 99999.9999994875]
J=3.9e-05, ⟨Jf⟩=3.4e-05, ⟨B·n⟩=1.8e-03, Len=sum([4.0, 4.0, 3.9, 3.8])=15.7, ϰ=[5.4, 5.2, 5.4, 4.1], ∫ϰ²/L>=[6.3, 6.3, 6.4, 5.7], C-C-Sep=0.10, ║∇J║=3.9e-03
Iteration 257/2000-----
currents: [100000.0, 99999.9999991157, 99999.99999933504, 99999.99999948587]
J=3.9e-05, ⟨Jf⟩=3.4e-05, ⟨B·n⟩=1.8e-03, Len=sum([4.1, 4.0, 3.9, 3.8])=15.7, ϰ=[5.4, 5.2, 5.4, 4.0], ∫ϰ²/L>=[6.3, 6.3, 6.4, 5.7], C-C-Sep=0.10, ║∇J║=2.9e-03
Iteration 258/2000-----
currents: [100000.0, 99999.99999911545, 99999.99999933447, 99999.9999994851]
J=3.9e-05, ⟨Jf⟩=3.4e-05, ⟨B·n⟩=1.8e-03, Len=sum([4.1, 4.0, 3.9, 3.8])=15.8, ϰ=[5.4, 5.1, 5.3, 4.0], ∫ϰ²/L>=[6.3, 6.3, 6.4, 5.7], C-C-Sep=0.10, ║∇J║=2.6e-03
Iteration 259/2000-----
currents: [100000.0, 99999.99999911532, 99999.9999993338, 99999.99999948406]
J=3.9e-05, ⟨Jf⟩=3.4e-05, ⟨B·n⟩=1.8e-03, Len=sum([4.1, 4.0, 3.9, 3.8])=15.8, ϰ=[5.4, 5.1, 5.3, 3.9], ∫ϰ²/L>=[6.3, 6.3, 6.3, 5.7], C-C-Sep=0.10, ║∇J║=2.9e-03
Iteration 260/2000-----
currents: [100000.0, 99999.99999911494, 99999.99999933287, 99999.99999948277]
J=3.8e-05, ⟨Jf⟩=3.4e-05, ⟨B·n⟩=1.8e-03, Len=sum([4.1, 4.0, 3.9, 3.8])=15.8, ϰ=[5.4, 5.0, 5.2, 4.0], ∫ϰ²/L>=[6.3, 6.3, 6.3, 5.7], C-C-Sep=0.10, ║∇J║=2.5e-03
Iteration 261/2000-----
currents: [100000.0, 99999.99999911453, 99999.99999933188, 99999.99999948165]
J=3.8e-05, ⟨Jf⟩=3.4e-05, ⟨B·n⟩=1.8e-03, Len=sum([4.1, 4.0, 3.9, 3.8])=15.8, ϰ=[5.5, 5.0, 5.1, 4.1], ∫ϰ²/L>=[6.2, 6.3, 6.3, 5.7], C-C-Sep=0.10, ║∇J║=2.8e-03
Iteration 262/2000-----
currents: [100000.0, 99999.99999911412, 99999.99999933108, 99999.99999948067]
J=3.8e-05, ⟨Jf⟩=3.4e-05, ⟨B·n⟩=1.7e-03, Len=sum([4.1, 4.0, 3.9, 3.8])=15.8, ϰ=[5.5, 4.9, 5.0, 4.1], ∫ϰ²/L>=[6.2, 6.3, 6.3, 5.7], C-C-Sep=0.10, ║∇J║=3.0e-03
Iteration 263/2000-----
currents: [100000.0, 99999.99999911363, 99999.99999933042, 99999.99999947999]
J=3.8e-05, ⟨Jf⟩=3.3e-05, ⟨B·n⟩=1.7e-03, Len=sum([4.1, 4.0, 3.9, 3.8])=15.8, ϰ=[5.4, 5.0, 5.0, 4.1], ∫ϰ²/L>=[6.2, 6.3, 6.3, 5.7], C-C-Sep=0.10, ║∇J║=2.4e-03
Iteration 264/2000-----
currents: [100000.0, 99999.99999911305, 99999.99999932971, 99999.99999947935]
J=3.8e-05, ⟨Jf⟩=3.3e-05, ⟨B·n⟩=1.7e-03, Len=sum([4.1, 4.0, 3.9, 3.8])=15.8, ϰ=[5.4, 4.9, 4.9, 4.0], ∫ϰ²/L>=[6.2, 6.2, 6.2, 5.7], C-C-Sep=0.10, ║∇J║=2.4e-03
Iteration 265/2000-----
currents: [100000.0, 99999.99999911227, 99999.99999932857, 99999.99999947807]
J=3.8e-05, ⟨Jf⟩=3.3e-05, ⟨B·n⟩=1.7e-03, Len=sum([4.1, 4.0, 3.9, 3.8])=15.8, ϰ=[5.3, 4.9, 4.9, 3.9], ∫ϰ²/L>=[6.2, 6.2, 6.2, 5.7], C-C-Sep=0.10, ║∇J║=3.5e-03
Iteration 266/2000-----
currents: [100000.0, 99999.99999911198, 99999.99999932799, 99999.99999947722]
J=3.7e-05, ⟨Jf⟩=3.3e-05, ⟨B·n⟩=1.7e-03, Len=sum([4.1, 4.0, 3.9, 3.8])=15.8, ϰ=[5.3, 4.9, 4.8, 3.9], ∫ϰ²/L>=[6.2, 6.2, 6.2, 5.7], C-C-Sep=0.10, ║∇J║=2.3e-03
Iteration 267/2000-----
currents: [100000.0, 99999.99999911188, 99999.99999932759, 99999.99999947654]
J=3.7e-05, ⟨Jf⟩=3.3e-05, ⟨B·n⟩=1.7e-03, Len=sum([4.1, 4.0, 3.9, 3.8])=15.8, ϰ=[5.3, 4.8, 4.8, 3.8], ∫ϰ²/L>=[6.2, 6.2, 6.2, 5.7], C-C-Sep=0.10, ║∇J║=2.2e-03
Iteration 268/2000-----
currents: [100000.0, 99999.99999911152, 99999.9999993267, 99999.99999947524]
J=3.7e-05, ⟨Jf⟩=3.3e-05, ⟨B·n⟩=1.7e-03, Len=sum([4.1, 4.0, 3.9, 3.8])=15.8, ϰ=[5.3, 4.7, 4.9, 3.8], ∫ϰ²/L>=[6.3, 6.2, 6.2, 5.6], C-C-Sep=0.10, ║∇J║=2.5e-03
Iteration 269/2000-----
currents: [100000.0, 99999.99999911115, 99999.9999993258, 99999.99999947402]
J=3.7e-05, ⟨Jf⟩=3.3e-05, ⟨B·n⟩=1.7e-03, Len=sum([4.1, 4.0, 3.9, 3.8])=15.8, ϰ=[5.3, 4.7, 4.9, 3.7], ∫ϰ²/L>=[6.3, 6.2, 6.2, 5.6], C-C-Sep=0.10, ║∇J║=2.3e-03
Iteration 270/2000-----
currents: [100000.0, 99999.99999911062, 99999.99999932475, 99999.9999994728]
J=3.7e-05, ⟨Jf⟩=3.2e-05, ⟨B·n⟩=1.7e-03, Len=sum([4.1, 4.0, 3.9, 3.8])=15.8, ϰ=[5.3, 4.7, 4.9, 3.8], ∫ϰ²/L>=[6.3, 6.1, 6.2, 5.6], C-C-Sep=0.10, ║∇J║=2.2e-03
Iteration 271/2000-----
currents: [100000.0, 99999.99999911, 99999.9999993235, 99999.99999947129]
J=3.7e-05, ⟨Jf⟩=3.2e-05, ⟨B·n⟩=1.7e-03, Len=sum([4.1, 4.0, 3.9, 3.8])=15.8, ϰ=[5.3, 4.6, 4.8, 3.8], ∫ϰ²/L>=[6.3, 6.1, 6.2, 5.6], C-C-Sep=0.10, ║∇J║=3.1e-03
Iteration 272/2000-----
currents: [100000.0, 99999.9999991097, 99999.99999932274, 99999.99999947032]
J=3.7e-05, ⟨Jf⟩=3.2e-05, ⟨B·n⟩=1.7e-03, Len=sum([4.1, 4.0, 3.9, 3.8])=15.8, ϰ=[5.3, 4.6, 4.8, 3.8], ∫ϰ²/L>=[6.3, 6.1, 6.1, 5.6], C-C-Sep=0.10, ║∇J║=2.5e-03
Iteration 273/2000-----
currents: [100000.0, 99999.99999910941, 99999.99999932214, 99999.99999946958]
J=3.7e-05, ⟨Jf⟩=3.2e-05, ⟨B·n⟩=1.7e-03, Len=sum([4.1, 4.0, 3.9, 3.8])=15.8, ϰ=[5.3, 4.6, 4.8, 3.8], ∫ϰ²/L>=[6.3, 6.1, 6.1, 5.6], C-C-Sep=0.10, ║∇J║=2.0e-03
Iteration 274/2000-----
currents: [100000.0, 99999.9999991094, 99999.9999993216, 99999.99999946871]
J=3.6e-05, ⟨Jf⟩=3.2e-05, ⟨B·n⟩=1.7e-03, Len=sum([4.1, 4.0, 3.9, 3.8])=15.8, ϰ=[5.3, 4.5, 4.8, 3.8], ∫ϰ²/L>=[6.3, 6.1, 6.1, 5.6], C-C-Sep=0.10, ║∇J║=2.5e-03
Iteration 275/2000-----
currents: [100000.0, 99999.99999910872, 99999.9999993202, 99999.99999946695]
J=3.6e-05, ⟨Jf⟩=3.2e-05, ⟨B·n⟩=1.7e-03, Len=sum([4.1, 4.0, 3.9, 3.8])=15.8, ϰ=[5.2, 4.4, 4.8, 3.8], ∫ϰ²/L>=[6.3, 6.1, 6.1, 5.6], C-C-Sep=0.10, ║∇J║=3.1e-03
Iteration 276/2000-----
currents: [100000.0, 99999.99999910883, 99999.9999993201, 99999.99999946686]
J=3.6e-05, ⟨Jf⟩=3.2e-05, ⟨B·n⟩=1.7e-03, Len=sum([4.1, 4.0, 3.9, 3.8])=15.8, ϰ=[5.2, 4.4, 4.8, 3.7], ∫ϰ²/L>=[6.3, 6.1, 6.1, 5.6], C-C-Sep=0.10, ║∇J║=2.2e-03
Iteration 277/2000-----
currents: [100000.0, 99999.99999910856, 99999.99999931938, 99999.99999946599]
J=3.6e-05, ⟨Jf⟩=3.2e-05, ⟨B·n⟩=1.6e-03, Len=sum([4.1, 4.0, 3.9, 3.8])=15.8, ϰ=[5.1, 4.4, 4.8, 3.7], ∫ϰ²/L>=[6.3, 6.1, 6.1, 5.6], C-C-Sep=0.10, ║∇J║=2.2e-03
Iteration 278/2000-----
currents: [100000.0, 99999.99999910836, 99999.99999931894, 99999.99999946554]
J=3.6e-05, ⟨Jf⟩=3.2e-05, ⟨B·n⟩=1.6e-03, Len=sum([4.1, 4.0, 3.9, 3.8])=15.8, ϰ=[5.1, 4.4, 4.8, 3.8], ∫ϰ²/L>=[6.3, 6.1, 6.1, 5.6], C-C-Sep=0.10, ║∇J║=2.1e-03
Iteration 279/2000-----
currents: [100000.0, 99999.99999910808, 99999.99999931845, 99999.99999946504]
J=3.6e-05, ⟨Jf⟩=3.2e-05, ⟨B·n⟩=1.6e-03, Len=sum([4.1, 4.0, 3.9, 3.8])=15.8, ϰ=[5.1, 4.4, 4.7, 3.8], ∫ϰ²/L>=[6.3, 6.0, 6.0, 5.6], C-C-Sep=0.10, ║∇J║=1.8e-03
Iteration 280/2000-----
currents: [100000.0, 99999.99999910752, 99999.99999931718, 99999.9999994635]
J=3.6e-05, ⟨Jf⟩=3.1e-05, ⟨B·n⟩=1.6e-03, Len=sum([4.1, 4.0, 3.9, 3.8])=15.8, ϰ=[5.1, 4.4, 4.6, 3.9], ∫ϰ²/L>=[6.3, 6.0, 6.0, 5.6], C-C-Sep=0.10, ║∇J║=2.9e-03
Iteration 281/2000-----
currents: [100000.0, 99999.99999910723, 99999.99999931638, 99999.9999994624]
J=3.6e-05, ⟨Jf⟩=3.1e-05, ⟨B·n⟩=1.6e-03, Len=sum([4.1, 4.0, 3.9, 3.8])=15.8, ϰ=[5.1, 4.4, 4.6, 4.0], ∫ϰ²/L>=[6.3, 6.0, 6.0, 5.6], C-C-Sep=0.10, ║∇J║=2.4e-03
Iteration 282/2000-----
currents: [100000.0, 99999.99999910747, 99999.99999931677, 99999.99999946289]
J=3.6e-05, ⟨Jf⟩=3.1e-05, ⟨B·n⟩=1.6e-03, Len=sum([4.1, 4.0, 3.9, 3.8])=15.8, ϰ=[5.1, 4.4, 4.6, 4.0], ∫ϰ²/L>=[6.3, 6.0, 6.0, 5.5], C-C-Sep=0.10, ║∇J║=2.0e-03
Iteration 283/2000-----
currents: [100000.0, 99999.99999910723, 99999.9999993158, 99999.99999946143]
J=3.5e-05, ⟨Jf⟩=3.1e-05, ⟨B·n⟩=1.6e-03, Len=sum([4.1, 4.0, 3.9, 3.8])=15.8, ϰ=[5.1, 4.3, 4.6, 4.1], ∫ϰ²/L>=[6.2, 6.0, 6.0, 5.5], C-C-Sep=0.10, ║∇J║=2.2e-03
Iteration 284/2000-----
currents: [100000.0, 99999.99999910736, 99999.99999931578, 99999.9999994614]
J=3.5e-05, ⟨Jf⟩=3.1e-05, ⟨B·n⟩=1.6e-03, Len=sum([4.1, 4.0, 3.9, 3.8])=15.8, ϰ=[5.2, 4.2, 4.6, 4.1], ∫ϰ²/L>=[6.2, 6.0, 6.0, 5.5], C-C-Sep=0.10, ║∇J║=2.5e-03
Iteration 285/2000-----
currents: [100000.0, 99999.999999107, 99999.99999931514, 99999.99999946068]
J=3.5e-05, ⟨Jf⟩=3.1e-05, ⟨B·n⟩=1.6e-03, Len=sum([4.1, 4.0, 3.9, 3.8])=15.8, ϰ=[5.2, 4.2, 4.6, 4.2], ∫ϰ²/L>=[6.2, 6.0, 6.0, 5.5], C-C-Sep=0.10, ║∇J║=1.8e-03
Iteration 286/2000-----
currents: [100000.0, 99999.99999910618, 99999.99999931343, 99999.99999945858]
J=3.5e-05, ⟨Jf⟩=3.1e-05, ⟨B·n⟩=1.6e-03, Len=sum([4.1, 4.0, 3.9, 3.8])=15.8, ϰ=[5.2, 4.2, 4.5, 4.2], ∫ϰ²/L>=[6.2, 6.0, 6.0, 5.5], C-C-Sep=0.10, ║∇J║=1.7e-03
Iteration 287/2000-----
currents: [100000.0, 99999.9999991057, 99999.99999931248, 99999.99999945745]
J=3.5e-05, ⟨Jf⟩=3.1e-05, ⟨B·n⟩=1.6e-03, Len=sum([4.1, 4.0, 3.9, 3.8])=15.8, ϰ=[5.2, 4.2, 4.5, 4.3], ∫ϰ²/L>=[6.2, 6.0, 5.9, 5.5], C-C-Sep=0.10, ║∇J║=2.2e-03
Iteration 288/2000-----
currents: [100000.0, 99999.99999910545, 99999.9999993118, 99999.9999994566]
J=3.5e-05, ⟨Jf⟩=3.1e-05, ⟨B·n⟩=1.6e-03, Len=sum([4.1, 4.0, 3.9, 3.8])=15.8, ϰ=[5.2, 4.2, 4.5, 4.3], ∫ϰ²/L>=[6.2, 6.0, 5.9, 5.5], C-C-Sep=0.10, ║∇J║=2.1e-03
Iteration 289/2000-----
currents: [100000.0, 99999.99999910446, 99999.99999930985, 99999.99999945439]
J=3.5e-05, ⟨Jf⟩=3.0e-05, ⟨B·n⟩=1.6e-03, Len=sum([4.1, 4.0, 3.9, 3.8])=15.8, ϰ=[5.1, 4.2, 4.5, 4.2], ∫ϰ²/L>=[6.2, 6.0, 5.9, 5.5], C-C-Sep=0.10, ║∇J║=4.3e-03
Iteration 290/2000-----
currents: [100000.0, 99999.99999910433, 99999.99999930899, 99999.99999945323]
J=3.5e-05, ⟨Jf⟩=3.0e-05, ⟨B·n⟩=1.6e-03, Len=sum([4.1, 4.0, 3.9, 3.8])=15.8, ϰ=[5.1, 4.1, 4.5, 4.2], ∫ϰ²/L>=[6.2, 6.0, 5.9, 5.5], C-C-Sep=0.10, ║∇J║=2.1e-03
Iteration 291/2000-----
currents: [100000.0, 99999.9999991043, 99999.99999930893, 99999.99999945324]
J=3.4e-05, ⟨Jf⟩=3.0e-05, ⟨B·n⟩=1.6e-03, Len=sum([4.1, 4.0, 3.9, 3.8])=15.8, ϰ=[5.1, 4.1, 4.5, 4.2], ∫ϰ²/L>=[6.2, 6.0, 5.9, 5.5], C-C-Sep=0.10, ║∇J║=1.8e-03
Iteration 292/2000-----
currents: [100000.0, 99999.9999991037, 99999.9999993076, 99999.99999945179]
J=3.4e-05, ⟨Jf⟩=3.0e-05, ⟨B·n⟩=1.6e-03, Len=sum([4.1, 4.0, 3.9, 3.8])=15.8, ϰ=[5.0, 4.1, 4.5, 4.2], ∫ϰ²/L>=[6.2, 5.9, 5.9, 5.5], C-C-Sep=0.10, ║∇J║=1.8e-03
Iteration 293/2000-----
currents: [100000.0, 99999.99999910324, 99999.99999930643, 99999.99999945042]
J=3.4e-05, ⟨Jf⟩=3.0e-05, ⟨B·n⟩=1.6e-03, Len=sum([4.1, 4.0, 3.9, 3.8])=15.8, ϰ=[5.0, 4.0, 4.4, 4.2], ∫ϰ²/L>=[6.2, 5.9, 5.9, 5.5], C-C-Sep=0.10, ║∇J║=3.8e-03
Iteration 294/2000-----
currents: [100000.0, 99999.99999910312, 99999.99999930624, 99999.99999945018]
J=3.4e-05, ⟨Jf⟩=3.0e-05, ⟨B·n⟩=1.6e-03, Len=sum([4.1, 4.0, 3.9, 3.8])=15.8, ϰ=[5.0, 4.1, 4.4, 4.2], ∫ϰ²/L>=[6.2, 5.9, 5.9, 5.5], C-C-Sep=0.10, ║∇J║=1.8e-03
Iteration 295/2000-----
currents: [100000.0, 99999.9999991028, 99999.9999993055, 99999.99999944924]
J=3.4e-05, ⟨Jf⟩=3.0e-05, ⟨B·n⟩=1.6e-03, Len=sum([4.1, 4.0, 3.9, 3.8])=15.8, ϰ=[5.0, 4.0, 4.4, 4.2], ∫ϰ²/L>=[6.2, 5.9, 5.9, 5.5], C-C-Sep=0.10, ║∇J║=1.4e-03
Iteration 296/2000-----
currents: [100000.0, 99999.99999910253, 99999.99999930477, 99999.99999944831]
J=3.4e-05, ⟨Jf⟩=3.0e-05, ⟨B·n⟩=1.6e-03, Len=sum([4.1, 4.0, 3.9, 3.8])=15.8, ϰ=[5.0, 4.0, 4.4, 4.2], ∫ϰ²/L>=[6.2, 5.9, 5.9, 5.5], C-C-Sep=0.10, ║∇J║=2.0e-03
Iteration 297/2000-----
currents: [100000.0, 99999.99999910193, 99999.99999930324, 99999.9999994465]
J=3.4e-05, ⟨Jf⟩=3.0e-05, ⟨B·n⟩=1.5e-03, Len=sum([4.1, 4.0, 3.9, 3.8])=15.8, ϰ=[4.9, 4.0, 4.3, 4.2], ∫ϰ²/L>=[6.2, 5.9, 5.8, 5.4], C-C-Sep=0.10, ║∇J║=2.7e-03
Iteration 298/2000-----
currents: [100000.0, 99999.9999991014, 99999.99999930186, 99999.99999944493]
J=3.4e-05, ⟨Jf⟩=3.0e-05, ⟨B·n⟩=1.5e-03, Len=sum([4.1, 4.0, 3.9, 3.8])=15.8, ϰ=[4.9, 4.0, 4.3, 4.2], ∫ϰ²/L>=[6.2, 5.9, 5.8, 5.4], C-C-Sep=0.10, ║∇J║=2.5e-03
Iteration 299/2000-----
currents: [100000.0, 99999.99999910084, 99999.99999930049, 99999.99999944368]
J=3.4e-05, ⟨Jf⟩=3.0e-05, ⟨B·n⟩=1.5e-03, Len=sum([4.1, 4.0, 3.9, 3.8])=15.8, ϰ=[4.9, 4.0, 4.2, 4.2], ∫ϰ²/L>=[6.1, 5.8, 5.8, 5.4], C-C-Sep=0.10, ║∇J║=2.6e-03
Iteration 300/2000-----
currents: [100000.0, 99999.99999910031, 99999.99999929934, 99999.9999994425]
J=3.4e-05, ⟨Jf⟩=2.9e-05, ⟨B·n⟩=1.5e-03, Len=sum([4.1, 4.0, 3.9, 3.8])=15.8, ϰ=[4.9, 4.0, 4.1, 4.2], ∫ϰ²/L>=[6.1, 5.8, 5.8, 5.4], C-C-Sep=0.10, ║∇J║=2.1e-03
Iteration 301/2000-----
currents: [100000.0, 99999.9999991002, 99999.99999929917, 99999.99999944237]
J=3.3e-05, ⟨Jf⟩=2.9e-05, ⟨B·n⟩=1.5e-03, Len=sum([4.1, 4.0, 3.9, 3.8])=15.8, ϰ=[4.8, 4.0, 4.1, 4.2], ∫ϰ²/L>=[6.1, 5.8, 5.8, 5.4], C-C-Sep=0.10, ║∇J║=1.6e-03
Iteration 302/2000-----
currents: [100000.0, 99999.99999909977, 99999.99999929823, 99999.99999944142]
J=3.3e-05, ⟨Jf⟩=2.9e-05, ⟨B·n⟩=1.5e-03, Len=sum([4.1, 4.0, 3.9, 3.8])=15.8, ϰ=[4.8, 4.0, 4.1, 4.2], ∫ϰ²/L>=[6.1, 5.8, 5.8, 5.4], C-C-Sep=0.10, ║∇J║=1.5e-03
Iteration 303/2000-----
currents: [100000.0, 99999.99999909947, 99999.99999929708, 99999.99999944012]
J=3.3e-05, ⟨Jf⟩=2.9e-05, ⟨B·n⟩=1.5e-03, Len=sum([4.1, 4.0, 3.9, 3.8])=15.8, ϰ=[4.8, 4.0, 4.1, 4.1], ∫ϰ²/L>=[6.1, 5.8, 5.8, 5.4], C-C-Sep=0.10, ║∇J║=2.0e-03
Iteration 304/2000-----
currents: [100000.0, 99999.99999909909, 99999.99999929577, 99999.99999943856]
J=3.3e-05, ⟨Jf⟩=2.9e-05, ⟨B·n⟩=1.5e-03, Len=sum([4.1, 4.0, 3.9, 3.8])=15.8, ϰ=[4.8, 4.0, 4.1, 4.1], ∫ϰ²/L>=[6.1, 5.8, 5.7, 5.4], C-C-Sep=0.10, ║∇J║=1.9e-03
Iteration 305/2000-----
currents: [100000.0, 99999.99999909865, 99999.99999929422, 99999.99999943672]
J=3.3e-05, ⟨Jf⟩=2.9e-05, ⟨B·n⟩=1.5e-03, Len=sum([4.1, 4.0, 3.9, 3.8])=15.8, ϰ=[4.8, 3.9, 4.0, 4.0], ∫ϰ²/L>=[6.1, 5.8, 5.7, 5.4], C-C-Sep=0.10, ║∇J║=2.2e-03
Iteration 306/2000-----
currents: [100000.0, 99999.99999909874, 99999.99999929391, 99999.9999994363]
J=3.3e-05, ⟨Jf⟩=2.9e-05, ⟨B·n⟩=1.5e-03, Len=sum([4.1, 4.0, 3.9, 3.8])=15.8, ϰ=[4.8, 3.9, 4.0, 4.0], ∫ϰ²/L>=[6.1, 5.8, 5.7, 5.4], C-C-Sep=0.10, ║∇J║=2.0e-03
Iteration 307/2000-----
currents: [100000.0, 99999.9999990986, 99999.99999929364, 99999.99999943601]
J=3.3e-05, ⟨Jf⟩=2.9e-05, ⟨B·n⟩=1.5e-03, Len=sum([4.1, 4.0, 3.9, 3.8])=15.8, ϰ=[4.8, 4.0, 3.9, 3.9], ∫ϰ²/L>=[6.1, 5.8, 5.7, 5.4], C-C-Sep=0.10, ║∇J║=1.6e-03
Iteration 308/2000-----
currents: [100000.0, 99999.99999909855, 99999.99999929362, 99999.99999943613]
J=3.3e-05, ⟨Jf⟩=2.9e-05, ⟨B·n⟩=1.5e-03, Len=sum([4.1, 4.0, 3.9, 3.8])=15.8, ϰ=[4.8, 4.0, 3.9, 3.9], ∫ϰ²/L>=[6.1, 5.8, 5.7, 5.4], C-C-Sep=0.10, ║∇J║=1.5e-03
Iteration 309/2000-----
currents: [100000.0, 99999.99999909819, 99999.99999929298, 99999.99999943557]
J=3.3e-05, ⟨Jf⟩=2.9e-05, ⟨B·n⟩=1.5e-03, Len=sum([4.1, 4.0, 3.9, 3.8])=15.8, ϰ=[4.8, 4.0, 3.9, 3.8], ∫ϰ²/L>=[6.1, 5.8, 5.7, 5.3], C-C-Sep=0.10, ║∇J║=2.3e-03
Iteration 310/2000-----
currents: [100000.0, 99999.99999909788, 99999.99999929233, 99999.99999943485]
J=3.3e-05, ⟨Jf⟩=2.9e-05, ⟨B·n⟩=1.5e-03, Len=sum([4.1, 4.0, 3.9, 3.8])=15.8, ϰ=[4.8, 4.0, 3.9, 3.8], ∫ϰ²/L>=[6.1, 5.8, 5.6, 5.3], C-C-Sep=0.10, ║∇J║=1.4e-03
Iteration 311/2000-----
currents: [100000.0, 99999.99999909766, 99999.99999929174, 99999.99999943427]
J=3.3e-05, ⟨Jf⟩=2.9e-05, ⟨B·n⟩=1.5e-03, Len=sum([4.1, 4.0, 3.9, 3.8])=15.8, ϰ=[4.9, 3.9, 3.9, 3.8], ∫ϰ²/L>=[6.1, 5.8, 5.6, 5.3], C-C-Sep=0.10, ║∇J║=1.4e-03
Iteration 312/2000-----
currents: [100000.0, 99999.99999909711, 99999.9999992903, 99999.9999994326]
J=3.3e-05, ⟨Jf⟩=2.9e-05, ⟨B·n⟩=1.5e-03, Len=sum([4.1, 4.0, 3.9, 3.8])=15.8, ϰ=[4.9, 3.9, 3.9, 3.8], ∫ϰ²/L>=[6.1, 5.7, 5.6, 5.3], C-C-Sep=0.10, ║∇J║=1.6e-03
Iteration 313/2000-----
currents: [100000.0, 99999.99999909679, 99999.99999928924, 99999.99999943156]
J=3.3e-05, ⟨Jf⟩=2.9e-05, ⟨B·n⟩=1.5e-03, Len=sum([4.1, 4.0, 3.9, 3.8])=15.8, ϰ=[4.9, 4.0, 3.9, 3.7], ∫ϰ²/L>=[6.1, 5.7, 5.6, 5.3], C-C-Sep=0.10, ║∇J║=2.1e-03
Iteration 314/2000-----
currents: [100000.0, 99999.99999909652, 99999.99999928827, 99999.99999943061]
J=3.2e-05, ⟨Jf⟩=2.9e-05, ⟨B·n⟩=1.5e-03, Len=sum([4.1, 4.0, 3.9, 3.8])=15.8, ϰ=[4.9, 3.9, 3.9, 3.7], ∫ϰ²/L>=[6.1, 5.7, 5.6, 5.3], C-C-Sep=0.10, ║∇J║=1.8e-03
Iteration 315/2000-----
currents: [100000.0, 99999.99999909643, 99999.99999928767, 99999.99999943012]
J=3.2e-05, ⟨Jf⟩=2.9e-05, ⟨B·n⟩=1.5e-03, Len=sum([4.1, 4.0, 3.9, 3.8])=15.8, ϰ=[4.9, 3.9, 3.8, 3.7], ∫ϰ²/L>=[6.1, 5.7, 5.6, 5.3], C-C-Sep=0.10, ║∇J║=1.5e-03
Iteration 316/2000-----
currents: [100000.0, 99999.99999909637, 99999.99999928748, 99999.99999943016]
J=3.2e-05, ⟨Jf⟩=2.9e-05, ⟨B·n⟩=1.5e-03, Len=sum([4.1, 4.0, 3.9, 3.8])=15.8, ϰ=[5.0, 3.9, 3.8, 3.8], ∫ϰ²/L>=[6.1, 5.7, 5.6, 5.3], C-C-Sep=0.10, ║∇J║=1.8e-03
Iteration 317/2000-----
currents: [100000.0, 99999.99999909641, 99999.99999928723, 99999.99999943029]
J=3.2e-05, ⟨Jf⟩=2.9e-05, ⟨B·n⟩=1.5e-03, Len=sum([4.1, 4.0, 3.9, 3.8])=15.8, ϰ=[5.0, 3.9, 3.8, 3.7], ∫ϰ²/L>=[6.0, 5.7, 5.6, 5.3], C-C-Sep=0.10, ║∇J║=2.3e-03
Iteration 318/2000-----
currents: [100000.0, 99999.99999909612, 99999.99999928665, 99999.99999942967]
J=3.2e-05, ⟨Jf⟩=2.9e-05, ⟨B·n⟩=1.5e-03, Len=sum([4.1, 4.0, 3.9, 3.8])=15.8, ϰ=[5.0, 3.9, 3.8, 3.8], ∫ϰ²/L>=[6.0, 5.7, 5.6, 5.3], C-C-Sep=0.10, ║∇J║=1.2e-03
Iteration 319/2000-----
currents: [100000.0, 99999.99999909574, 99999.99999928598, 99999.9999994289]
J=3.2e-05, ⟨Jf⟩=2.9e-05, ⟨B·n⟩=1.5e-03, Len=sum([4.1, 4.0, 3.9, 3.8])=15.8, ϰ=[5.0, 3.9, 3.8, 3.7], ∫ϰ²/L>=[6.0, 5.7, 5.6, 5.3], C-C-Sep=0.10, ║∇J║=1.1e-03
Iteration 320/2000-----
currents: [100000.0, 99999.99999909542, 99999.99999928527, 99999.99999942818]
J=3.2e-05, ⟨Jf⟩=2.9e-05, ⟨B·n⟩=1.5e-03, Len=sum([4.1, 4.0, 3.9, 3.8])=15.8, ϰ=[5.0, 4.0, 3.8, 3.7], ∫ϰ²/L>=[6.0, 5.7, 5.6, 5.3], C-C-Sep=0.10, ║∇J║=1.3e-03
Iteration 321/2000-----
currents: [100000.0, 99999.99999909461, 99999.99999928327, 99999.99999942597]
J=3.2e-05, ⟨Jf⟩=2.8e-05, ⟨B·n⟩=1.5e-03, Len=sum([4.1, 4.0, 3.9, 3.8])=15.8, ϰ=[5.1, 4.0, 3.8, 3.7], ∫ϰ²/L>=[6.0, 5.6, 5.5, 5.3], C-C-Sep=0.10, ║∇J║=1.8e-03
Iteration 322/2000-----
currents: [100000.0, 99999.99999909432, 99999.99999928223, 99999.99999942486]
J=3.2e-05, ⟨Jf⟩=2.8e-05, ⟨B·n⟩=1.5e-03, Len=sum([4.1, 4.0, 3.9, 3.8])=15.8, ϰ=[5.0, 3.9, 3.8, 3.7], ∫ϰ²/L>=[6.0, 5.6, 5.5, 5.3], C-C-Sep=0.10, ║∇J║=1.9e-03
Iteration 323/2000-----
currents: [100000.0, 99999.99999909403, 99999.99999928122, 99999.99999942367]
J=3.2e-05, ⟨Jf⟩=2.8e-05, ⟨B·n⟩=1.5e-03, Len=sum([4.1, 4.0, 3.9, 3.8])=15.8, ϰ=[5.0, 3.9, 3.7, 3.7], ∫ϰ²/L>=[6.0, 5.6, 5.5, 5.3], C-C-Sep=0.10, ║∇J║=1.4e-03
Iteration 324/2000-----
currents: [100000.0, 99999.99999909395, 99999.9999992806, 99999.99999942287]
J=3.2e-05, ⟨Jf⟩=2.8e-05, ⟨B·n⟩=1.5e-03, Len=sum([4.1, 4.0, 3.9, 3.8])=15.8, ϰ=[5.0, 3.9, 3.7, 3.7], ∫ϰ²/L>=[6.0, 5.6, 5.5, 5.2], C-C-Sep=0.10, ║∇J║=1.4e-03
Iteration 325/2000-----
currents: [100000.0, 99999.99999909346, 99999.99999927914, 99999.99999942112]
J=3.2e-05, ⟨Jf⟩=2.8e-05, ⟨B·n⟩=1.5e-03, Len=sum([4.1, 4.0, 3.9, 3.8])=15.8, ϰ=[5.0, 3.9, 3.6, 3.7], ∫ϰ²/L>=[6.0, 5.6, 5.5, 5.2], C-C-Sep=0.10, ║∇J║=1.6e-03
Iteration 326/2000-----
currents: [100000.0, 99999.99999909305, 99999.99999927833, 99999.9999994203]
J=3.2e-05, ⟨Jf⟩=2.8e-05, ⟨B·n⟩=1.5e-03, Len=sum([4.1, 4.0, 3.9, 3.8])=15.8, ϰ=[5.0, 3.9, 3.6, 3.7], ∫ϰ²/L>=[6.0, 5.6, 5.5, 5.2], C-C-Sep=0.10, ║∇J║=1.3e-03
Iteration 327/2000-----
currents: [100000.0, 99999.99999909224, 99999.99999927677, 99999.9999994188]
J=3.2e-05, ⟨Jf⟩=2.8e-05, ⟨B·n⟩=1.5e-03, Len=sum([4.1, 4.0, 3.9, 3.8])=15.8, ϰ=[5.0, 3.8, 3.6, 3.7], ∫ϰ²/L>=[6.0, 5.6, 5.5, 5.2], C-C-Sep=0.10, ║∇J║=1.6e-03
Iteration 328/2000-----
currents: [100000.0, 99999.99999909199, 99999.99999927635, 99999.99999941852]
J=3.2e-05, ⟨Jf⟩=2.8e-05, ⟨B·n⟩=1.5e-03, Len=sum([4.1, 4.0, 3.9, 3.8])=15.8, ϰ=[5.0, 3.8, 3.6, 3.7], ∫ϰ²/L>=[6.0, 5.6, 5.5, 5.2], C-C-Sep=0.10, ║∇J║=1.8e-03
Iteration 329/2000-----
currents: [100000.0, 99999.9999990916, 99999.99999927547, 99999.9999994177]
J=3.2e-05, ⟨Jf⟩=2.8e-05, ⟨B·n⟩=1.5e-03, Len=sum([4.1, 4.0, 3.9, 3.8])=15.8, ϰ=[5.0, 3.8, 3.5, 3.7], ∫ϰ²/L>=[6.0, 5.6, 5.5, 5.2], C-C-Sep=0.10, ║∇J║=1.3e-03
Iteration 330/2000-----
currents: [100000.0, 99999.99999909135, 99999.99999927451, 99999.99999941673]
J=3.1e-05, ⟨Jf⟩=2.8e-05, ⟨B·n⟩=1.5e-03, Len=sum([4.1, 4.0, 3.9, 3.8])=15.8, ϰ=[5.0, 3.8, 3.5, 3.7], ∫ϰ²/L>=[6.0, 5.6, 5.5, 5.2], C-C-Sep=0.10, ║∇J║=1.3e-03
Iteration 331/2000-----
currents: [100000.0, 99999.99999909117, 99999.99999927351, 99999.99999941557]
J=3.1e-05, ⟨Jf⟩=2.8e-05, ⟨B·n⟩=1.5e-03, Len=sum([4.1, 4.0, 3.9, 3.8])=15.8, ϰ=[5.0, 3.8, 3.6, 3.7], ∫ϰ²/L>=[6.0, 5.6, 5.5, 5.2], C-C-Sep=0.10, ║∇J║=1.6e-03
Iteration 332/2000-----
currents: [100000.0, 99999.99999909085, 99999.99999927233, 99999.99999941417]
J=3.1e-05, ⟨Jf⟩=2.8e-05, ⟨B·n⟩=1.5e-03, Len=sum([4.1, 4.0, 3.9, 3.8])=15.8, ϰ=[5.0, 3.8, 3.7, 3.7], ∫ϰ²/L>=[6.0, 5.6, 5.5, 5.2], C-C-Sep=0.10, ║∇J║=1.4e-03
Iteration 333/2000-----
currents: [100000.0, 99999.99999909033, 99999.99999927009, 99999.99999941149]
J=3.1e-05, ⟨Jf⟩=2.8e-05, ⟨B·n⟩=1.5e-03, Len=sum([4.1, 4.0, 3.9, 3.8])=15.8, ϰ=[4.9, 3.8, 3.7, 3.7], ∫ϰ²/L>=[6.0, 5.6, 5.5, 5.2], C-C-Sep=0.10, ║∇J║=1.5e-03
Iteration 334/2000-----
currents: [100000.0, 99999.9999990896, 99999.99999926804, 99999.99999940922]
J=3.1e-05, ⟨Jf⟩=2.8e-05, ⟨B·n⟩=1.4e-03, Len=sum([4.1, 4.0, 3.9, 3.8])=15.8, ϰ=[4.9, 3.8, 3.8, 3.7], ∫ϰ²/L>=[6.0, 5.6, 5.5, 5.2], C-C-Sep=0.10, ║∇J║=1.9e-03
Iteration 335/2000-----
currents: [100000.0, 99999.99999908928, 99999.99999926728, 99999.99999940842]
J=3.1e-05, ⟨Jf⟩=2.8e-05, ⟨B·n⟩=1.4e-03, Len=sum([4.1, 4.0, 3.9, 3.8])=15.8, ϰ=[4.9, 3.7, 3.8, 3.7], ∫ϰ²/L>=[6.0, 5.6, 5.5, 5.2], C-C-Sep=0.10, ║∇J║=1.4e-03
Iteration 336/2000-----
currents: [100000.0, 99999.9999990887, 99999.99999926605, 99999.9999994073]
J=3.1e-05, ⟨Jf⟩=2.8e-05, ⟨B·n⟩=1.4e-03, Len=sum([4.1, 4.0, 3.9, 3.8])=15.8, ϰ=[4.8, 3.7, 3.8, 3.6], ∫ϰ²/L>=[6.0, 5.5, 5.5, 5.2], C-C-Sep=0.10, ║∇J║=1.3e-03
Iteration 337/2000-----
currents: [100000.0, 99999.9999990882, 99999.99999926476, 99999.99999940596]
J=3.1e-05, ⟨Jf⟩=2.7e-05, ⟨B·n⟩=1.4e-03, Len=sum([4.1, 4.0, 3.9, 3.8])=15.8, ϰ=[4.8, 3.6, 3.8, 3.6], ∫ϰ²/L>=[6.0, 5.5, 5.5, 5.2], C-C-Sep=0.10, ║∇J║=1.8e-03
Iteration 338/2000-----
currents: [100000.0, 99999.9999990881, 99999.99999926446, 99999.9999994058]
J=3.1e-05, ⟨Jf⟩=2.7e-05, ⟨B·n⟩=1.4e-03, Len=sum([4.1, 4.0, 3.9, 3.8])=15.8, ϰ=[4.9, 3.6, 3.8, 3.6], ∫ϰ²/L>=[6.0, 5.5, 5.5, 5.2], C-C-Sep=0.10, ║∇J║=1.7e-03
Iteration 339/2000-----
currents: [100000.0, 99999.99999908748, 99999.99999926217, 99999.99999940347]
J=3.1e-05, ⟨Jf⟩=2.7e-05, ⟨B·n⟩=1.4e-03, Len=sum([4.1, 4.0, 3.9, 3.8])=15.8, ϰ=[4.9, 3.7, 3.8, 3.5], ∫ϰ²/L>=[6.0, 5.5, 5.5, 5.2], C-C-Sep=0.10, ║∇J║=1.8e-03
Iteration 340/2000-----
currents: [100000.0, 99999.99999908796, 99999.9999992629, 99999.9999994042]
J=3.1e-05, ⟨Jf⟩=2.7e-05, ⟨B·n⟩=1.4e-03, Len=sum([4.1, 4.0, 3.9, 3.8])=15.8, ϰ=[4.9, 3.7, 3.8, 3.5], ∫ϰ²/L>=[5.9, 5.5, 5.4, 5.2], C-C-Sep=0.10, ║∇J║=1.5e-03
Iteration 341/2000-----
currents: [100000.0, 99999.99999908765, 99999.99999926185, 99999.99999940302]
J=3.1e-05, ⟨Jf⟩=2.7e-05, ⟨B·n⟩=1.4e-03, Len=sum([4.1, 4.0, 3.9, 3.8])=15.8, ϰ=[4.9, 3.7, 3.8, 3.5], ∫ϰ²/L>=[5.9, 5.5, 5.4, 5.2], C-C-Sep=0.10, ║∇J║=1.7e-03
Iteration 342/2000-----
currents: [100000.0, 99999.99999908762, 99999.99999926158, 99999.99999940269]
J=3.1e-05, ⟨Jf⟩=2.7e-05, ⟨B·n⟩=1.4e-03, Len=sum([4.1, 4.0, 3.9, 3.8])=15.8, ϰ=[4.9, 3.7, 3.7, 3.4], ∫ϰ²/L>=[5.9, 5.5, 5.4, 5.2], C-C-Sep=0.10, ║∇J║=1.3e-03
Iteration 343/2000-----
currents: [100000.0, 99999.99999908714, 99999.99999926022, 99999.99999940119]
J=3.1e-05, ⟨Jf⟩=2.7e-05, ⟨B·n⟩=1.4e-03, Len=sum([4.1, 4.0, 3.9, 3.8])=15.8, ϰ=[4.9, 3.7, 3.7, 3.5], ∫ϰ²/L>=[5.9, 5.5, 5.4, 5.2], C-C-Sep=0.10, ║∇J║=1.3e-03
Iteration 344/2000-----
currents: [100000.0, 99999.99999908665, 99999.99999925886, 99999.9999993997]
J=3.1e-05, ⟨Jf⟩=2.7e-05, ⟨B·n⟩=1.4e-03, Len=sum([4.1, 4.0, 3.9, 3.8])=15.8, ϰ=[4.9, 3.7, 3.7, 3.5], ∫ϰ²/L>=[5.9, 5.5, 5.4, 5.2], C-C-Sep=0.10, ║∇J║=1.5e-03
Iteration 345/2000-----
currents: [100000.0, 99999.999999086, 99999.99999925678, 99999.99999939738]
J=3.0e-05, ⟨Jf⟩=2.7e-05, ⟨B·n⟩=1.4e-03, Len=sum([4.1, 4.0, 3.9, 3.8])=15.8, ϰ=[4.9, 3.8, 3.7, 3.6], ∫ϰ²/L>=[6.0, 5.5, 5.4, 5.2], C-C-Sep=0.10, ║∇J║=1.6e-03
Iteration 346/2000-----
currents: [100000.0, 99999.9999990857, 99999.99999925587, 99999.99999939633]
J=3.0e-05, ⟨Jf⟩=2.7e-05, ⟨B·n⟩=1.4e-03, Len=sum([4.1, 4.0, 3.9, 3.8])=15.8, ϰ=[4.9, 3.7, 3.7, 3.7], ∫ϰ²/L>=[6.0, 5.5, 5.4, 5.2], C-C-Sep=0.10, ║∇J║=1.4e-03
Iteration 347/2000-----
currents: [100000.0, 99999.99999908566, 99999.99999925542, 99999.99999939576]
J=3.0e-05, ⟨Jf⟩=2.7e-05, ⟨B·n⟩=1.4e-03, Len=sum([4.1, 4.0, 3.9, 3.8])=15.8, ϰ=[4.9, 3.7, 3.6, 3.7], ∫ϰ²/L>=[6.0, 5.5, 5.4, 5.2], C-C-Sep=0.10, ║∇J║=1.1e-03
Iteration 348/2000-----
currents: [100000.0, 99999.99999908583, 99999.9999992556, 99999.99999939589]
J=3.0e-05, ⟨Jf⟩=2.7e-05, ⟨B·n⟩=1.4e-03, Len=sum([4.1, 4.0, 3.9, 3.8])=15.8, ϰ=[4.9, 3.7, 3.6, 3.7], ∫ϰ²/L>=[5.9, 5.5, 5.4, 5.2], C-C-Sep=0.10, ║∇J║=1.1e-03
Iteration 349/2000-----
currents: [100000.0, 99999.99999908563, 99999.99999925467, 99999.99999939481]
J=3.0e-05, ⟨Jf⟩=2.7e-05, ⟨B·n⟩=1.4e-03, Len=sum([4.1, 4.0, 3.9, 3.8])=15.8, ϰ=[4.9, 3.7, 3.6, 3.8], ∫ϰ²/L>=[5.9, 5.5, 5.4, 5.2], C-C-Sep=0.10, ║∇J║=1.5e-03
Iteration 350/2000-----
currents: [100000.0, 99999.99999908543, 99999.99999925378, 99999.99999939384]
J=3.0e-05, ⟨Jf⟩=2.7e-05, ⟨B·n⟩=1.4e-03, Len=sum([4.1, 4.0, 3.9, 3.8])=15.8, ϰ=[4.8, 3.8, 3.6, 3.8], ∫ϰ²/L>=[5.9, 5.4, 5.4, 5.2], C-C-Sep=0.10, ║∇J║=1.3e-03
Iteration 351/2000-----
currents: [100000.0, 99999.9999990848, 99999.99999925183, 99999.99999939174]
J=3.0e-05, ⟨Jf⟩=2.7e-05, ⟨B·n⟩=1.4e-03, Len=sum([4.1, 4.0, 3.9, 3.8])=15.8, ϰ=[4.8, 3.8, 3.6, 3.9], ∫ϰ²/L>=[5.9, 5.4, 5.4, 5.2], C-C-Sep=0.10, ║∇J║=1.2e-03
Iteration 352/2000-----
currents: [100000.0, 99999.99999908403, 99999.99999924928, 99999.99999938904]
J=3.0e-05, ⟨Jf⟩=2.7e-05, ⟨B·n⟩=1.4e-03, Len=sum([4.1, 4.0, 3.9, 3.8])=15.8, ϰ=[4.7, 3.7, 3.7, 4.0], ∫ϰ²/L>=[5.9, 5.4, 5.4, 5.2], C-C-Sep=0.10, ║∇J║=1.7e-03
Iteration 353/2000-----
currents: [100000.0, 99999.99999908333, 99999.99999924704, 99999.99999938667]
J=3.0e-05, ⟨Jf⟩=2.7e-05, ⟨B·n⟩=1.4e-03, Len=sum([4.1, 4.0, 3.9, 3.8])=15.8, ϰ=[4.7, 3.7, 3.7, 4.0], ∫ϰ²/L>=[6.0, 5.4, 5.4, 5.2], C-C-Sep=0.10, ║∇J║=1.5e-03
Iteration 354/2000-----
currents: [100000.0, 99999.99999908352, 99999.99999924726, 99999.99999938693]
J=3.0e-05, ⟨Jf⟩=2.7e-05, ⟨B·n⟩=1.4e-03, Len=sum([4.1, 4.0, 3.9, 3.8])=15.8, ϰ=[4.7, 3.8, 3.8, 4.0], ∫ϰ²/L>=[5.9, 5.4, 5.4, 5.2], C-C-Sep=0.10, ║∇J║=1.1e-03
Iteration 355/2000-----
currents: [100000.0, 99999.9999990832, 99999.99999924593, 99999.99999938544]
J=3.0e-05, ⟨Jf⟩=2.7e-05, ⟨B·n⟩=1.4e-03, Len=sum([4.1, 4.0, 3.9, 3.8])=15.8, ϰ=[4.7, 3.8, 3.8, 3.9], ∫ϰ²/L>=[5.9, 5.4, 5.4, 5.2], C-C-Sep=0.10, ║∇J║=1.2e-03
Iteration 356/2000-----
currents: [100000.0, 99999.99999908345, 99999.99999924617, 99999.9999993857]
J=3.0e-05, ⟨Jf⟩=2.7e-05, ⟨B·n⟩=1.4e-03, Len=sum([4.1, 4.0, 3.9, 3.8])=15.8, ϰ=[4.7, 3.8, 3.8, 3.8], ∫ϰ²/L>=[5.9, 5.4, 5.4, 5.2], C-C-Sep=0.10, ║∇J║=1.3e-03
Iteration 357/2000-----
currents: [100000.0, 99999.99999908326, 99999.99999924528, 99999.9999993847]
J=3.0e-05, ⟨Jf⟩=2.7e-05, ⟨B·n⟩=1.4e-03, Len=sum([4.1, 4.0, 3.9, 3.8])=15.8, ϰ=[4.7, 3.8, 3.8, 3.8], ∫ϰ²/L>=[5.9, 5.4, 5.4, 5.2], C-C-Sep=0.10, ║∇J║=1.2e-03
Iteration 358/2000-----
currents: [100000.0, 99999.99999908291, 99999.99999924397, 99999.99999938328]
J=3.0e-05, ⟨Jf⟩=2.7e-05, ⟨B·n⟩=1.4e-03, Len=sum([4.1, 4.0, 3.9, 3.8])=15.8, ϰ=[4.6, 3.7, 3.9, 3.7], ∫ϰ²/L>=[5.9, 5.4, 5.4, 5.1], C-C-Sep=0.10, ║∇J║=1.6e-03
Iteration 359/2000-----
currents: [100000.0, 99999.99999908243, 99999.99999924214, 99999.9999993813]
J=3.0e-05, ⟨Jf⟩=2.7e-05, ⟨B·n⟩=1.4e-03, Len=sum([4.1, 4.0, 3.9, 3.8])=15.8, ϰ=[4.6, 3.7, 3.9, 3.6], ∫ϰ²/L>=[5.9, 5.4, 5.4, 5.1], C-C-Sep=0.10, ║∇J║=1.6e-03
Iteration 360/2000-----
currents: [100000.0, 99999.99999908224, 99999.99999924142, 99999.99999938051]
J=3.0e-05, ⟨Jf⟩=2.7e-05, ⟨B·n⟩=1.4e-03, Len=sum([4.1, 4.0, 3.9, 3.8])=15.8, ϰ=[4.5, 3.7, 4.0, 3.6], ∫ϰ²/L>=[5.9, 5.4, 5.4, 5.1], C-C-Sep=0.10, ║∇J║=1.3e-03
Iteration 361/2000-----
currents: [100000.0, 99999.9999990819, 99999.99999923987, 99999.9999993788]
J=3.0e-05, ⟨Jf⟩=2.7e-05, ⟨B·n⟩=1.4e-03, Len=sum([4.1, 4.0, 3.9, 3.8])=15.8, ϰ=[4.4, 3.7, 4.0, 3.6], ∫ϰ²/L>=[5.9, 5.4, 5.4, 5.1], C-C-Sep=0.10, ║∇J║=1.6e-03
Iteration 362/2000-----
currents: [100000.0, 99999.99999908161, 99999.9999992385, 99999.99999937724]
J=3.0e-05, ⟨Jf⟩=2.7e-05, ⟨B·n⟩=1.4e-03, Len=sum([4.1, 4.0, 3.9, 3.8])=15.8, ϰ=[4.4, 3.7, 4.1, 3.6], ∫ϰ²/L>=[5.9, 5.4, 5.4, 5.2], C-C-Sep=0.10, ║∇J║=1.6e-03
Iteration 363/2000-----
currents: [100000.0, 99999.99999908147, 99999.99999923796, 99999.9999993766]
J=2.9e-05, ⟨Jf⟩=2.7e-05, ⟨B·n⟩=1.4e-03, Len=sum([4.1, 4.0, 3.9, 3.8])=15.8, ϰ=[4.4, 3.7, 4.1, 3.6], ∫ϰ²/L>=[5.9, 5.4, 5.4, 5.1], C-C-Sep=0.10, ║∇J║=1.2e-03
Iteration 364/2000-----
currents: [100000.0, 99999.99999908087, 99999.99999923566, 99999.99999937402]
J=2.9e-05, ⟨Jf⟩=2.6e-05, ⟨B·n⟩=1.4e-03, Len=sum([4.1, 4.0, 3.9, 3.8])=15.8, ϰ=[4.4, 3.7, 4.1, 3.6], ∫ϰ²/L>=[5.9, 5.4, 5.4, 5.2], C-C-Sep=0.10, ║∇J║=1.4e-03
Iteration 365/2000-----
currents: [100000.0, 99999.99999908087, 99999.9999992353, 99999.99999937361]
J=2.9e-05, ⟨Jf⟩=2.6e-05, ⟨B·n⟩=1.4e-03, Len=sum([4.1, 4.0, 3.9, 3.8])=15.8, ϰ=[4.5, 3.7, 4.1, 3.6], ∫ϰ²/L>=[5.9, 5.4, 5.4, 5.2], C-C-Sep=0.10, ║∇J║=1.3e-03
Iteration 366/2000-----
currents: [100000.0, 99999.99999908058, 99999.99999923453, 99999.99999937283]
J=2.9e-05, ⟨Jf⟩=2.6e-05, ⟨B·n⟩=1.4e-03, Len=sum([4.1, 4.0, 3.9, 3.8])=15.8, ϰ=[4.5, 3.7, 4.0, 3.6], ∫ϰ²/L>=[5.9, 5.4, 5.4, 5.2], C-C-Sep=0.10, ║∇J║=1.2e-03
Iteration 367/2000-----
currents: [100000.0, 99999.99999908006, 99999.99999923281, 99999.99999937102]
J=2.9e-05, ⟨Jf⟩=2.6e-05, ⟨B·n⟩=1.4e-03, Len=sum([4.1, 4.0, 3.9, 3.8])=15.8, ϰ=[4.4, 3.7, 4.0, 3.6], ∫ϰ²/L>=[5.9, 5.4, 5.4, 5.2], C-C-Sep=0.10, ║∇J║=1.2e-03
Iteration 368/2000-----
currents: [100000.0, 99999.9999990798, 99999.99999923215, 99999.99999937035]
J=2.9e-05, ⟨Jf⟩=2.6e-05, ⟨B·n⟩=1.4e-03, Len=sum([4.1, 4.0, 3.9, 3.8])=15.8, ϰ=[4.4, 3.7, 4.0, 3.7], ∫ϰ²/L>=[5.9, 5.4, 5.4, 5.2], C-C-Sep=0.10, ║∇J║=1.3e-03
Iteration 369/2000-----
currents: [100000.0, 99999.9999990794, 99999.99999923093, 99999.99999936904]
J=2.9e-05, ⟨Jf⟩=2.6e-05, ⟨B·n⟩=1.4e-03, Len=sum([4.1, 4.0, 3.9, 3.8])=15.8, ϰ=[4.3, 3.7, 3.9, 3.7], ∫ϰ²/L>=[5.9, 5.4, 5.4, 5.2], C-C-Sep=0.10, ║∇J║=1.3e-03
Iteration 370/2000-----
currents: [100000.0, 99999.99999907891, 99999.99999922935, 99999.99999936733]
J=2.9e-05, ⟨Jf⟩=2.6e-05, ⟨B·n⟩=1.4e-03, Len=sum([4.1, 4.0, 3.9, 3.8])=15.8, ϰ=[4.2, 3.6, 4.0, 3.7], ∫ϰ²/L>=[5.9, 5.4, 5.4, 5.2], C-C-Sep=0.10, ║∇J║=1.5e-03
Iteration 371/2000-----
currents: [100000.0, 99999.99999907856, 99999.99999922857, 99999.99999936647]
J=2.9e-05, ⟨Jf⟩=2.6e-05, ⟨B·n⟩=1.4e-03, Len=sum([4.1, 4.0, 3.9, 3.8])=15.8, ϰ=[4.2, 3.6, 4.0, 3.7], ∫ϰ²/L>=[5.9, 5.4, 5.4, 5.2], C-C-Sep=0.10, ║∇J║=1.3e-03
Iteration 372/2000-----
currents: [100000.0, 99999.9999990783, 99999.99999922785, 99999.99999936568]
J=2.9e-05, ⟨Jf⟩=2.6e-05, ⟨B·n⟩=1.4e-03, Len=sum([4.1, 4.0, 3.9, 3.8])=15.8, ϰ=[4.2, 3.6, 4.0, 3.7], ∫ϰ²/L>=[5.9, 5.4, 5.4, 5.2], C-C-Sep=0.10, ║∇J║=1.2e-03
Iteration 373/2000-----
currents: [100000.0, 99999.99999907793, 99999.99999922684, 99999.99999936455]
J=2.9e-05, ⟨Jf⟩=2.6e-05, ⟨B·n⟩=1.4e-03, Len=sum([4.1, 4.0, 3.9, 3.8])=15.8, ϰ=[4.2, 3.7, 4.1, 3.7], ∫ϰ²/L>=[5.9, 5.4, 5.4, 5.1], C-C-Sep=0.10, ║∇J║=1.2e-03
Iteration 374/2000-----
currents: [100000.0, 99999.9999990771, 99999.99999922386, 99999.99999936129]
J=2.9e-05, ⟨Jf⟩=2.6e-05, ⟨B·n⟩=1.4e-03, Len=sum([4.1, 4.0, 3.9, 3.8])=15.8, ϰ=[4.2, 3.7, 4.2, 3.7], ∫ϰ²/L>=[5.9, 5.4, 5.4, 5.2], C-C-Sep=0.10, ║∇J║=1.7e-03
Iteration 375/2000-----
currents: [100000.0, 99999.99999907706, 99999.99999922334, 99999.99999936062]
J=2.9e-05, ⟨Jf⟩=2.6e-05, ⟨B·n⟩=1.4e-03, Len=sum([4.1, 4.0, 3.9, 3.8])=15.8, ϰ=[4.1, 3.7, 4.2, 3.7], ∫ϰ²/L>=[5.9, 5.4, 5.4, 5.2], C-C-Sep=0.10, ║∇J║=1.5e-03
Iteration 376/2000-----
currents: [100000.0, 99999.99999907694, 99999.99999922239, 99999.99999935958]
J=2.9e-05, ⟨Jf⟩=2.6e-05, ⟨B·n⟩=1.4e-03, Len=sum([4.1, 4.0, 3.9, 3.8])=15.8, ϰ=[4.1, 3.7, 4.1, 3.7], ∫ϰ²/L>=[5.9, 5.3, 5.4, 5.2], C-C-Sep=0.10, ║∇J║=1.3e-03
Iteration 377/2000-----
currents: [100000.0, 99999.99999907704, 99999.99999922252, 99999.99999935957]
J=2.9e-05, ⟨Jf⟩=2.6e-05, ⟨B·n⟩=1.4e-03, Len=sum([4.1, 4.0, 3.9, 3.8])=15.8, ϰ=[4.1, 3.7, 4.1, 3.7], ∫ϰ²/L>=[5.9, 5.3, 5.4, 5.2], C-C-Sep=0.10, ║∇J║=1.0e-03
Iteration 378/2000-----
currents: [100000.0, 99999.99999907683, 99999.99999922156, 99999.99999935844]
J=2.9e-05, ⟨Jf⟩=2.6e-05, ⟨B·n⟩=1.4e-03, Len=sum([4.1, 4.0, 3.9, 3.8])=15.8, ϰ=[4.1, 3.6, 4.1, 3.7], ∫ϰ²/L>=[5.9, 5.3, 5.4, 5.2], C-C-Sep=0.10, ║∇J║=1.1e-03
Iteration 379/2000-----
currents: [100000.0, 99999.99999907668, 99999.99999922082, 99999.9999993575]
J=2.9e-05, ⟨Jf⟩=2.6e-05, ⟨B·n⟩=1.4e-03, Len=sum([4.1, 4.0, 3.9, 3.8])=15.8, ϰ=[4.1, 3.6, 4.1, 3.7], ∫ϰ²/L>=[5.9, 5.3, 5.4, 5.2], C-C-Sep=0.10, ║∇J║=1.3e-03
Iteration 380/2000-----
currents: [100000.0, 99999.99999907588, 99999.99999921775, 99999.99999935395]
J=2.9e-05, ⟨Jf⟩=2.6e-05, ⟨B·n⟩=1.4e-03, Len=sum([4.1, 4.0, 3.9, 3.8])=15.8, ϰ=[4.1, 3.7, 4.1, 3.7], ∫ϰ²/L>=[5.9, 5.3, 5.4, 5.2], C-C-Sep=0.10, ║∇J║=1.5e-03
Iteration 381/2000-----
currents: [100000.0, 99999.99999907566, 99999.99999921706, 99999.99999935323]
J=2.9e-05, ⟨Jf⟩=2.6e-05, ⟨B·n⟩=1.4e-03, Len=sum([4.1, 4.0, 3.9, 3.8])=15.8, ϰ=[4.1, 3.7, 4.2, 3.6], ∫ϰ²/L>=[5.9, 5.3, 5.4, 5.2], C-C-Sep=0.10, ║∇J║=1.4e-03
Iteration 382/2000-----
currents: [100000.0, 99999.99999907518, 99999.99999921552, 99999.99999935154]
J=2.9e-05, ⟨Jf⟩=2.6e-05, ⟨B·n⟩=1.4e-03, Len=sum([4.1, 4.0, 3.9, 3.8])=15.8, ϰ=[4.0, 3.7, 4.2, 3.6], ∫ϰ²/L>=[5.9, 5.4, 5.4, 5.2], C-C-Sep=0.10, ║∇J║=1.4e-03
Iteration 383/2000-----
currents: [100000.0, 99999.99999907496, 99999.9999992153, 99999.99999935129]
J=2.8e-05, ⟨Jf⟩=2.6e-05, ⟨B·n⟩=1.4e-03, Len=sum([4.1, 4.0, 3.9, 3.8])=15.8, ϰ=[4.0, 3.8, 4.2, 3.6], ∫ϰ²/L>=[5.8, 5.4, 5.3, 5.2], C-C-Sep=0.10, ║∇J║=1.7e-03
Iteration 384/2000-----
currents: [100000.0, 99999.9999990743, 99999.99999921328, 99999.99999934905]
J=2.8e-05, ⟨Jf⟩=2.6e-05, ⟨B·n⟩=1.4e-03, Len=sum([4.1, 4.0, 3.9, 3.8])=15.8, ϰ=[4.0, 3.8, 4.2, 3.7], ∫ϰ²/L>=[5.8, 5.4, 5.3, 5.2], C-C-Sep=0.10, ║∇J║=1.4e-03
Iteration 385/2000-----
currents: [100000.0, 99999.999999074, 99999.9999992124, 99999.99999934806]
J=2.8e-05, ⟨Jf⟩=2.6e-05, ⟨B·n⟩=1.4e-03, Len=sum([4.1, 4.0, 3.9, 3.8])=15.8, ϰ=[4.0, 3.8, 4.2, 3.7], ∫ϰ²/L>=[5.8, 5.4, 5.3, 5.2], C-C-Sep=0.10, ║∇J║=1.1e-03
Iteration 386/2000-----
currents: [100000.0, 99999.99999907357, 99999.99999921107, 99999.9999993465]
J=2.8e-05, ⟨Jf⟩=2.6e-05, ⟨B·n⟩=1.4e-03, Len=sum([4.1, 4.0, 3.9, 3.8])=15.8, ϰ=[4.0, 3.9, 4.1, 3.7], ∫ϰ²/L>=[5.8, 5.4, 5.3, 5.2], C-C-Sep=0.10, ║∇J║=1.4e-03
Iteration 387/2000-----
currents: [100000.0, 99999.99999907298, 99999.99999920944, 99999.99999934458]
J=2.8e-05, ⟨Jf⟩=2.6e-05, ⟨B·n⟩=1.4e-03, Len=sum([4.1, 4.0, 3.9, 3.8])=15.8, ϰ=[4.1, 4.0, 4.1, 3.7], ∫ϰ²/L>=[5.8, 5.4, 5.3, 5.2], C-C-Sep=0.10, ║∇J║=1.5e-03
Iteration 388/2000-----
currents: [100000.0, 99999.99999907259, 99999.99999920829, 99999.9999993432]
J=2.8e-05, ⟨Jf⟩=2.6e-05, ⟨B·n⟩=1.4e-03, Len=sum([4.1, 4.0, 3.9, 3.8])=15.8, ϰ=[4.1, 4.0, 4.1, 3.8], ∫ϰ²/L>=[5.8, 5.4, 5.4, 5.2], C-C-Sep=0.10, ║∇J║=1.5e-03
Iteration 389/2000-----
currents: [100000.0, 99999.9999990719, 99999.99999920627, 99999.99999934086]
J=2.8e-05, ⟨Jf⟩=2.6e-05, ⟨B·n⟩=1.4e-03, Len=sum([4.1, 4.0, 3.9, 3.8])=15.8, ϰ=[4.1, 4.0, 4.1, 3.8], ∫ϰ²/L>=[5.8, 5.4, 5.4, 5.2], C-C-Sep=0.10, ║∇J║=1.2e-03
Iteration 390/2000-----
currents: [100000.0, 99999.99999907179, 99999.99999920605, 99999.99999934057]
J=2.8e-05, ⟨Jf⟩=2.6e-05, ⟨B·n⟩=1.4e-03, Len=sum([4.1, 4.0, 3.9, 3.8])=15.8, ϰ=[4.1, 4.0, 4.1, 3.8], ∫ϰ²/L>=[5.8, 5.4, 5.3, 5.2], C-C-Sep=0.10, ║∇J║=1.1e-03
Iteration 391/2000-----
currents: [100000.0, 99999.99999907131, 99999.99999920442, 99999.99999933873]
J=2.8e-05, ⟨Jf⟩=2.6e-05, ⟨B·n⟩=1.4e-03, Len=sum([4.1, 4.0, 3.9, 3.8])=15.8, ϰ=[4.1, 4.0, 4.0, 3.8], ∫ϰ²/L>=[5.8, 5.4, 5.3, 5.2], C-C-Sep=0.10, ║∇J║=1.3e-03
Iteration 392/2000-----
currents: [100000.0, 99999.99999907067, 99999.99999920264, 99999.99999933671]
J=2.8e-05, ⟨Jf⟩=2.6e-05, ⟨B·n⟩=1.4e-03, Len=sum([4.1, 4.0, 3.9, 3.8])=15.8, ϰ=[4.0, 4.0, 3.9, 3.8], ∫ϰ²/L>=[5.8, 5.3, 5.3, 5.2], C-C-Sep=0.10, ║∇J║=1.5e-03
Iteration 393/2000-----
currents: [100000.0, 99999.99999907025, 99999.9999992012, 99999.99999933515]
J=2.8e-05, ⟨Jf⟩=2.5e-05, ⟨B·n⟩=1.4e-03, Len=sum([4.1, 4.0, 3.9, 3.8])=15.8, ϰ=[4.0, 4.1, 3.8, 3.9], ∫ϰ²/L>=[5.8, 5.3, 5.3, 5.2], C-C-Sep=0.10, ║∇J║=1.3e-03
Iteration 394/2000-----
currents: [100000.0, 99999.99999906977, 99999.99999919973, 99999.99999933358]
J=2.8e-05, ⟨Jf⟩=2.5e-05, ⟨B·n⟩=1.4e-03, Len=sum([4.1, 4.0, 3.9, 3.8])=15.8, ϰ=[4.0, 4.2, 3.8, 3.9], ∫ϰ²/L>=[5.8, 5.3, 5.4, 5.2], C-C-Sep=0.10, ║∇J║=1.2e-03
Iteration 395/2000-----
currents: [100000.0, 99999.99999906943, 99999.99999919877, 99999.99999933256]
J=2.8e-05, ⟨Jf⟩=2.5e-05, ⟨B·n⟩=1.4e-03, Len=sum([4.1, 4.0, 3.9, 3.8])=15.8, ϰ=[4.0, 4.2, 3.8, 4.0], ∫ϰ²/L>=[5.8, 5.3, 5.4, 5.2], C-C-Sep=0.10, ║∇J║=1.3e-03
Iteration 396/2000-----
currents: [100000.0, 99999.99999906897, 99999.99999919724, 99999.99999933099]
J=2.8e-05, ⟨Jf⟩=2.5e-05, ⟨B·n⟩=1.4e-03, Len=sum([4.1, 4.0, 3.9, 3.8])=15.8, ϰ=[4.0, 4.2, 3.9, 4.0], ∫ϰ²/L>=[5.8, 5.3, 5.4, 5.2], C-C-Sep=0.10, ║∇J║=1.4e-03
Iteration 397/2000-----
currents: [100000.0, 99999.9999990688, 99999.9999991968, 99999.99999933048]
J=2.8e-05, ⟨Jf⟩=2.5e-05, ⟨B·n⟩=1.4e-03, Len=sum([4.1, 4.0, 3.9, 3.8])=15.8, ϰ=[4.0, 4.2, 3.9, 4.1], ∫ϰ²/L>=[5.8, 5.3, 5.4, 5.2], C-C-Sep=0.10, ║∇J║=1.2e-03
Iteration 398/2000-----
currents: [100000.0, 99999.99999906836, 99999.99999919554, 99999.99999932913]
J=2.8e-05, ⟨Jf⟩=2.5e-05, ⟨B·n⟩=1.4e-03, Len=sum([4.1, 4.0, 3.9, 3.8])=15.8, ϰ=[4.0, 4.2, 3.9, 4.1], ∫ϰ²/L>=[5.8, 5.3, 5.4, 5.2], C-C-Sep=0.10, ║∇J║=1.2e-03
Iteration 399/2000-----
currents: [100000.0, 99999.99999906786, 99999.99999919425, 99999.99999932767]
J=2.8e-05, ⟨Jf⟩=2.5e-05, ⟨B·n⟩=1.4e-03, Len=sum([4.1, 4.0, 3.9, 3.8])=15.8, ϰ=[4.0, 4.2, 3.9, 4.1], ∫ϰ²/L>=[5.8, 5.3, 5.4, 5.2], C-C-Sep=0.10, ║∇J║=1.2e-03
Iteration 400/2000-----
currents: [100000.0, 99999.9999990674, 99999.99999919314, 99999.99999932655]
J=2.8e-05, ⟨Jf⟩=2.5e-05, ⟨B·n⟩=1.3e-03, Len=sum([4.1, 4.0, 3.9, 3.8])=15.8, ϰ=[4.0, 4.2, 3.8, 4.1], ∫ϰ²/L>=[5.8, 5.3, 5.3, 5.2], C-C-Sep=0.10, ║∇J║=1.5e-03
Iteration 401/2000-----
currents: [100000.0, 99999.99999906652, 99999.99999919068, 99999.99999932387]
J=2.8e-05, ⟨Jf⟩=2.5e-05, ⟨B·n⟩=1.3e-03, Len=sum([4.1, 4.0, 3.9, 3.8])=15.8, ϰ=[3.9, 4.2, 3.7, 4.1], ∫ϰ²/L>=[5.8, 5.3, 5.4, 5.2], C-C-Sep=0.10, ║∇J║=1.1e-03
Iteration 402/2000-----
currents: [100000.0, 99999.9999990664, 99999.99999919068, 99999.99999932402]
J=2.7e-05, ⟨Jf⟩=2.5e-05, ⟨B·n⟩=1.3e-03, Len=sum([4.1, 4.0, 3.9, 3.8])=15.8, ϰ=[3.9, 4.2, 3.8, 4.2], ∫ϰ²/L>=[5.8, 5.3, 5.4, 5.2], C-C-Sep=0.10, ║∇J║=1.4e-03
Iteration 403/2000-----
currents: [100000.0, 99999.99999906603, 99999.99999918953, 99999.99999932281]
J=2.7e-05, ⟨Jf⟩=2.5e-05, ⟨B·n⟩=1.3e-03, Len=sum([4.1, 4.0, 3.9, 3.8])=15.8, ϰ=[4.0, 4.2, 3.9, 4.2], ∫ϰ²/L>=[5.8, 5.3, 5.4, 5.2], C-C-Sep=0.10, ║∇J║=1.1e-03
Iteration 404/2000-----
currents: [100000.0, 99999.9999990659, 99999.99999918888, 99999.99999932206]
J=2.7e-05, ⟨Jf⟩=2.5e-05, ⟨B·n⟩=1.3e-03, Len=sum([4.1, 4.0, 3.9, 3.8])=15.8, ϰ=[4.0, 4.3, 3.9, 4.2], ∫ϰ²/L>=[5.8, 5.3, 5.4, 5.2], C-C-Sep=0.10, ║∇J║=1.1e-03
Iteration 405/2000-----
currents: [100000.0, 99999.99999906562, 99999.99999918784, 99999.99999932089]
J=2.7e-05, ⟨Jf⟩=2.5e-05, ⟨B·n⟩=1.3e-03, Len=sum([4.1, 4.0, 3.9, 3.8])=15.8, ϰ=[4.0, 4.3, 3.9, 4.3], ∫ϰ²/L>=[5.8, 5.3, 5.4, 5.2], C-C-Sep=0.10, ║∇J║=1.1e-03
Iteration 406/2000-----
currents: [100000.0, 99999.99999906532, 99999.99999918664, 99999.99999931945]
J=2.7e-05, ⟨Jf⟩=2.5e-05, ⟨B·n⟩=1.3e-03, Len=sum([4.1, 4.0, 3.9, 3.8])=15.8, ϰ=[4.0, 4.3, 3.9, 4.3], ∫ϰ²/L>=[5.8, 5.3, 5.4, 5.2], C-C-Sep=0.10, ║∇J║=1.2e-03
Iteration 407/2000-----
currents: [100000.0, 99999.99999906484, 99999.99999918506, 99999.99999931763]
J=2.7e-05, ⟨Jf⟩=2.5e-05, ⟨B·n⟩=1.3e-03, Len=sum([4.1, 4.0, 3.9, 3.8])=15.8, ϰ=[4.0, 4.4, 3.9, 4.3], ∫ϰ²/L>=[5.8, 5.3, 5.3, 5.3], C-C-Sep=0.10, ║∇J║=1.4e-03
Iteration 408/2000-----
currents: [100000.0, 99999.99999906449, 99999.99999918396, 99999.99999931638]
J=2.7e-05, ⟨Jf⟩=2.5e-05, ⟨B·n⟩=1.3e-03, Len=sum([4.1, 4.0, 3.9, 3.8])=15.8, ϰ=[4.0, 4.4, 3.8, 4.4], ∫ϰ²/L>=[5.7, 5.3, 5.3, 5.3], C-C-Sep=0.10, ║∇J║=1.2e-03
Iteration 409/2000-----
currents: [100000.0, 99999.99999906434, 99999.99999918355, 99999.99999931597]
J=2.7e-05, ⟨Jf⟩=2.5e-05, ⟨B·n⟩=1.3e-03, Len=sum([4.1, 4.0, 3.9, 3.8])=15.8, ϰ=[4.0, 4.3, 3.7, 4.4], ∫ϰ²/L>=[5.7, 5.3, 5.3, 5.3], C-C-Sep=0.10, ║∇J║=1.2e-03
Iteration 410/2000-----
currents: [100000.0, 99999.99999906417, 99999.99999918306, 99999.99999931552]
J=2.7e-05, ⟨Jf⟩=2.5e-05, ⟨B·n⟩=1.3e-03, Len=sum([4.1, 4.0, 3.9, 3.8])=15.8, ϰ=[4.1, 4.3, 3.7, 4.4], ∫ϰ²/L>=[5.7, 5.3, 5.4, 5.3], C-C-Sep=0.10, ║∇J║=1.2e-03
Iteration 411/2000-----
currents: [100000.0, 99999.99999906402, 99999.9999991825, 99999.99999931501]
J=2.7e-05, ⟨Jf⟩=2.5e-05, ⟨B·n⟩=1.3e-03, Len=sum([4.0, 4.0, 3.9, 3.8])=15.7, ϰ=[4.1, 4.3, 3.7, 4.4], ∫ϰ²/L>=[5.7, 5.3, 5.4, 5.3], C-C-Sep=0.10, ║∇J║=1.2e-03
Iteration 412/2000-----
currents: [100000.0, 99999.99999906411, 99999.99999918268, 99999.99999931532]
J=2.7e-05, ⟨Jf⟩=2.5e-05, ⟨B·n⟩=1.3e-03, Len=sum([4.0, 4.0, 3.9, 3.8])=15.7, ϰ=[4.1, 4.3, 3.7, 4.4], ∫ϰ²/L>=[5.7, 5.3, 5.4, 5.3], C-C-Sep=0.10, ║∇J║=1.0e-03
Iteration 413/2000-----
currents: [100000.0, 99999.99999906348, 99999.99999918065, 99999.99999931321]
J=2.7e-05, ⟨Jf⟩=2.5e-05, ⟨B·n⟩=1.3e-03, Len=sum([4.0, 4.0, 3.9, 3.8])=15.7, ϰ=[4.0, 4.4, 3.7, 4.4], ∫ϰ²/L>=[5.7, 5.3, 5.4, 5.3], C-C-Sep=0.10, ║∇J║=1.4e-03
Iteration 414/2000-----
currents: [100000.0, 99999.99999906344, 99999.99999918025, 99999.99999931281]
J=2.7e-05, ⟨Jf⟩=2.5e-05, ⟨B·n⟩=1.3e-03, Len=sum([4.0, 4.0, 3.9, 3.8])=15.7, ϰ=[4.0, 4.3, 3.8, 4.4], ∫ϰ²/L>=[5.7, 5.3, 5.4, 5.3], C-C-Sep=0.10, ║∇J║=1.3e-03
Iteration 415/2000-----
currents: [100000.0, 99999.99999906268, 99999.999999178, 99999.99999931041]
J=2.7e-05, ⟨Jf⟩=2.5e-05, ⟨B·n⟩=1.3e-03, Len=sum([4.0, 4.0, 3.9, 3.8])=15.7, ϰ=[3.9, 4.4, 3.8, 4.4], ∫ϰ²/L>=[5.7, 5.3, 5.4, 5.3], C-C-Sep=0.10, ║∇J║=1.4e-03
Iteration 416/2000-----
currents: [100000.0, 99999.999999062, 99999.99999917625, 99999.99999930854]
J=2.7e-05, ⟨Jf⟩=2.5e-05, ⟨B·n⟩=1.3e-03, Len=sum([4.0, 4.0, 3.9, 3.8])=15.7, ϰ=[3.9, 4.4, 3.9, 4.3], ∫ϰ²/L>=[5.7, 5.3, 5.3, 5.3], C-C-Sep=0.10, ║∇J║=2.8e-03
Iteration 417/2000-----
currents: [100000.0, 99999.99999906174, 99999.99999917558, 99999.99999930784]
J=2.7e-05, ⟨Jf⟩=2.5e-05, ⟨B·n⟩=1.3e-03, Len=sum([4.0, 4.0, 3.9, 3.8])=15.7, ϰ=[3.9, 4.4, 3.9, 4.3], ∫ϰ²/L>=[5.7, 5.3, 5.3, 5.3], C-C-Sep=0.10, ║∇J║=1.5e-03
Iteration 418/2000-----
currents: [100000.0, 99999.99999906136, 99999.9999991748, 99999.999999307]
J=2.7e-05, ⟨Jf⟩=2.5e-05, ⟨B·n⟩=1.3e-03, Len=sum([4.0, 4.0, 3.9, 3.8])=15.7, ϰ=[3.9, 4.4, 3.9, 4.3], ∫ϰ²/L>=[5.6, 5.3, 5.3, 5.3], C-C-Sep=0.10, ║∇J║=1.2e-03
Iteration 419/2000-----
currents: [100000.0, 99999.99999906118, 99999.99999917473, 99999.99999930697]
J=2.7e-05, ⟨Jf⟩=2.5e-05, ⟨B·n⟩=1.3e-03, Len=sum([4.0, 4.0, 3.9, 3.8])=15.7, ϰ=[3.9, 4.4, 4.0, 4.2], ∫ϰ²/L>=[5.6, 5.4, 5.3, 5.3], C-C-Sep=0.10, ║∇J║=1.2e-03
Iteration 420/2000-----
currents: [100000.0, 99999.99999906069, 99999.9999991733, 99999.99999930541]
J=2.7e-05, ⟨Jf⟩=2.5e-05, ⟨B·n⟩=1.3e-03, Len=sum([4.0, 4.0, 3.9, 3.8])=15.7, ϰ=[3.9, 4.4, 4.0, 4.2], ∫ϰ²/L>=[5.6, 5.4, 5.3, 5.3], C-C-Sep=0.10, ║∇J║=1.6e-03
Iteration 421/2000-----
currents: [100000.0, 99999.99999906069, 99999.99999917352, 99999.99999930568]
J=2.7e-05, ⟨Jf⟩=2.5e-05, ⟨B·n⟩=1.3e-03, Len=sum([4.0, 4.0, 3.9, 3.8])=15.7, ϰ=[3.9, 4.4, 4.0, 4.2], ∫ϰ²/L>=[5.6, 5.4, 5.3, 5.3], C-C-Sep=0.10, ║∇J║=1.2e-03
Iteration 422/2000-----
currents: [100000.0, 99999.99999906046, 99999.99999917307, 99999.99999930525]
J=2.7e-05, ⟨Jf⟩=2.5e-05, ⟨B·n⟩=1.3e-03, Len=sum([4.0, 4.0, 3.9, 3.8])=15.7, ϰ=[3.9, 4.5, 4.1, 4.2], ∫ϰ²/L>=[5.6, 5.4, 5.3, 5.3], C-C-Sep=0.10, ║∇J║=1.3e-03
Iteration 423/2000-----
currents: [100000.0, 99999.99999906008, 99999.99999917229, 99999.99999930446]
J=2.6e-05, ⟨Jf⟩=2.5e-05, ⟨B·n⟩=1.3e-03, Len=sum([4.0, 4.0, 3.9, 3.8])=15.7, ϰ=[3.9, 4.5, 4.1, 4.2], ∫ϰ²/L>=[5.6, 5.4, 5.3, 5.3], C-C-Sep=0.10, ║∇J║=1.7e-03
Iteration 424/2000-----
currents: [100000.0, 99999.99999905967, 99999.99999917152, 99999.99999930372]
J=2.6e-05, ⟨Jf⟩=2.5e-05, ⟨B·n⟩=1.3e-03, Len=sum([4.0, 4.0, 3.9, 3.8])=15.7, ϰ=[3.9, 4.5, 4.1, 4.1], ∫ϰ²/L>=[5.6, 5.4, 5.3, 5.3], C-C-Sep=0.10, ║∇J║=1.5e-03
Iteration 425/2000-----
currents: [100000.0, 99999.99999905891, 99999.99999916955, 99999.99999930171]
J=2.6e-05, ⟨Jf⟩=2.5e-05, ⟨B·n⟩=1.3e-03, Len=sum([4.0, 4.0, 3.9, 3.8])=15.7, ϰ=[3.8, 4.5, 4.1, 4.1], ∫ϰ²/L>=[5.6, 5.4, 5.3, 5.3], C-C-Sep=0.10, ║∇J║=1.2e-03
Iteration 426/2000-----
currents: [100000.0, 99999.9999990585, 99999.99999916855, 99999.99999930075]
J=2.6e-05, ⟨Jf⟩=2.5e-05, ⟨B·n⟩=1.3e-03, Len=sum([4.0, 4.0, 3.9, 3.8])=15.7, ϰ=[3.8, 4.4, 4.1, 4.1], ∫ϰ²/L>=[5.6, 5.4, 5.3, 5.3], C-C-Sep=0.10, ║∇J║=1.4e-03
Iteration 427/2000-----
currents: [100000.0, 99999.99999905804, 99999.9999991674, 99999.99999929965]
J=2.6e-05, ⟨Jf⟩=2.5e-05, ⟨B·n⟩=1.3e-03, Len=sum([4.0, 4.0, 3.9, 3.8])=15.7, ϰ=[3.8, 4.4, 4.1, 4.1], ∫ϰ²/L>=[5.6, 5.4, 5.3, 5.3], C-C-Sep=0.10, ║∇J║=1.1e-03
Iteration 428/2000-----
currents: [100000.0, 99999.9999990576, 99999.9999991665, 99999.99999929887]
J=2.6e-05, ⟨Jf⟩=2.5e-05, ⟨B·n⟩=1.3e-03, Len=sum([4.0, 4.0, 3.9, 3.8])=15.7, ϰ=[3.8, 4.3, 4.1, 4.1], ∫ϰ²/L>=[5.6, 5.4, 5.3, 5.3], C-C-Sep=0.10, ║∇J║=1.3e-03
Iteration 429/2000-----
currents: [100000.0, 99999.99999905734, 99999.99999916597, 99999.99999929844]
J=2.6e-05, ⟨Jf⟩=2.5e-05, ⟨B·n⟩=1.3e-03, Len=sum([4.0, 4.0, 3.9, 3.8])=15.7, ϰ=[3.8, 4.3, 4.1, 4.1], ∫ϰ²/L>=[5.6, 5.4, 5.3, 5.3], C-C-Sep=0.10, ║∇J║=1.2e-03
Iteration 430/2000-----
currents: [100000.0, 99999.99999905727, 99999.99999916583, 99999.9999992983]
J=2.6e-05, ⟨Jf⟩=2.5e-05, ⟨B·n⟩=1.3e-03, Len=sum([4.0, 4.0, 3.9, 3.8])=15.7, ϰ=[3.7, 4.3, 4.1, 4.1], ∫ϰ²/L>=[5.5, 5.4, 5.3, 5.3], C-C-Sep=0.10, ║∇J║=9.1e-04
Iteration 431/2000-----
currents: [100000.0, 99999.99999905699, 99999.99999916526, 99999.99999929774]
J=2.6e-05, ⟨Jf⟩=2.5e-05, ⟨B·n⟩=1.3e-03, Len=sum([4.0, 4.0, 3.9, 3.8])=15.7, ϰ=[3.7, 4.3, 4.2, 4.0], ∫ϰ²/L>=[5.5, 5.4, 5.3, 5.3], C-C-Sep=0.10, ║∇J║=9.8e-04
Iteration 432/2000-----
currents: [100000.0, 99999.9999990569, 99999.99999916501, 99999.99999929749]
J=2.6e-05, ⟨Jf⟩=2.5e-05, ⟨B·n⟩=1.3e-03, Len=sum([4.0, 4.0, 3.9, 3.8])=15.7, ϰ=[3.7, 4.2, 4.2, 4.0], ∫ϰ²/L>=[5.5, 5.3, 5.3, 5.3], C-C-Sep=0.10, ║∇J║=1.1e-03
Iteration 433/2000-----
currents: [100000.0, 99999.99999905634, 99999.99999916357, 99999.999999296]
J=2.6e-05, ⟨Jf⟩=2.5e-05, ⟨B·n⟩=1.3e-03, Len=sum([4.0, 4.0, 3.9, 3.8])=15.7, ϰ=[3.8, 4.2, 4.2, 4.0], ∫ϰ²/L>=[5.5, 5.3, 5.3, 5.3], C-C-Sep=0.10, ║∇J║=1.3e-03
Iteration 434/2000-----
currents: [100000.0, 99999.99999905628, 99999.99999916364, 99999.99999929615]
J=2.6e-05, ⟨Jf⟩=2.5e-05, ⟨B·n⟩=1.3e-03, Len=sum([4.0, 4.0, 3.9, 3.8])=15.7, ϰ=[3.8, 4.2, 4.2, 4.0], ∫ϰ²/L>=[5.5, 5.3, 5.3, 5.3], C-C-Sep=0.10, ║∇J║=1.0e-03
Iteration 435/2000-----
currents: [100000.0, 99999.99999905599, 99999.99999916296, 99999.99999929548]
J=2.6e-05, ⟨Jf⟩=2.5e-05, ⟨B·n⟩=1.3e-03, Len=sum([4.0, 4.0, 3.9, 3.8])=15.7, ϰ=[3.8, 4.2, 4.2, 4.0], ∫ϰ²/L>=[5.5, 5.3, 5.3, 5.3], C-C-Sep=0.10, ║∇J║=9.9e-04
Iteration 436/2000-----
currents: [100000.0, 99999.99999905571, 99999.9999991625, 99999.99999929513]
J=2.6e-05, ⟨Jf⟩=2.5e-05, ⟨B·n⟩=1.3e-03, Len=sum([4.0, 4.0, 3.9, 3.8])=15.7, ϰ=[3.8, 4.2, 4.3, 4.0], ∫ϰ²/L>=[5.5, 5.3, 5.3, 5.3], C-C-Sep=0.10, ║∇J║=1.2e-03
Iteration 437/2000-----
currents: [100000.0, 99999.99999905494, 99999.99999916072, 99999.99999929348]
J=2.6e-05, ⟨Jf⟩=2.5e-05, ⟨B·n⟩=1.3e-03, Len=sum([4.0, 4.0, 3.9, 3.8])=15.7, ϰ=[3.8, 4.2, 4.3, 4.0], ∫ϰ²/L>=[5.5, 5.4, 5.3, 5.3], C-C-Sep=0.10, ║∇J║=1.6e-03
Iteration 438/2000-----
currents: [100000.0, 99999.99999905455, 99999.99999915992, 99999.99999929285]
J=2.6e-05, ⟨Jf⟩=2.5e-05, ⟨B·n⟩=1.3e-03, Len=sum([4.0, 4.0, 3.9, 3.8])=15.7, ϰ=[3.8, 4.2, 4.4, 4.0], ∫ϰ²/L>=[5.5, 5.4, 5.3, 5.3], C-C-Sep=0.10, ║∇J║=1.5e-03
Iteration 439/2000-----
currents: [100000.0, 99999.99999905452, 99999.99999915973, 99999.9999992927]
J=2.6e-05, ⟨Jf⟩=2.5e-05, ⟨B·n⟩=1.3e-03, Len=sum([4.0, 4.0, 3.9, 3.8])=15.7, ϰ=[3.7, 4.3, 4.4, 4.0], ∫ϰ²/L>=[5.5, 5.3, 5.3, 5.3], C-C-Sep=0.10, ║∇J║=9.4e-04
Iteration 440/2000-----
currents: [100000.0, 99999.9999990543, 99999.99999915896, 99999.999999292]
J=2.6e-05, ⟨Jf⟩=2.5e-05, ⟨B·n⟩=1.3e-03, Len=sum([4.0, 4.0, 3.9, 3.8])=15.7, ϰ=[3.7, 4.3, 4.5, 4.0], ∫ϰ²/L>=[5.5, 5.3, 5.3, 5.3], C-C-Sep=0.10, ║∇J║=9.1e-04
Iteration 441/2000-----
currents: [100000.0, 99999.99999905411, 99999.99999915843, 99999.99999929158]
J=2.6e-05, ⟨Jf⟩=2.5e-05, ⟨B·n⟩=1.3e-03, Len=sum([4.0, 4.0, 3.9, 3.8])=15.7, ϰ=[3.7, 4.4, 4.5, 4.1], ∫ϰ²/L>=[5.4, 5.4, 5.3, 5.3], C-C-Sep=0.10, ║∇J║=1.1e-03
Iteration 442/2000-----
currents: [100000.0, 99999.99999905372, 99999.99999915731, 99999.9999992906]
J=2.6e-05, ⟨Jf⟩=2.5e-05, ⟨B·n⟩=1.3e-03, Len=sum([4.0, 4.0, 3.9, 3.8])=15.7, ϰ=[3.7, 4.4, 4.6, 4.1], ∫ϰ²/L>=[5.4, 5.4, 5.3, 5.3], C-C-Sep=0.10, ║∇J║=1.6e-03
Iteration 443/2000-----
currents: [100000.0, 99999.99999905351, 99999.99999915696, 99999.99999929032]
J=2.6e-05, ⟨Jf⟩=2.5e-05, ⟨B·n⟩=1.3e-03, Len=sum([4.0, 4.0, 3.9, 3.8])=15.7, ϰ=[3.8, 4.4, 4.6, 4.1], ∫ϰ²/L>=[5.4, 5.4, 5.3, 5.3], C-C-Sep=0.10, ║∇J║=9.0e-04
Iteration 444/2000-----
currents: [100000.0, 99999.99999905346, 99999.999999157, 99999.99999929036]
J=2.6e-05, ⟨Jf⟩=2.5e-05, ⟨B·n⟩=1.3e-03, Len=sum([4.0, 4.0, 3.9, 3.8])=15.7, ϰ=[3.8, 4.4, 4.6, 4.1], ∫ϰ²/L>=[5.4, 5.4, 5.3, 5.3], C-C-Sep=0.10, ║∇J║=8.8e-04
Iteration 445/2000-----
currents: [100000.0, 99999.99999905321, 99999.99999915669, 99999.99999929013]
J=2.6e-05, ⟨Jf⟩=2.5e-05, ⟨B·n⟩=1.3e-03, Len=sum([4.0, 4.0, 3.9, 3.8])=15.7, ϰ=[3.8, 4.4, 4.6, 4.1], ∫ϰ²/L>=[5.4, 5.4, 5.3, 5.3], C-C-Sep=0.10, ║∇J║=1.1e-03
Iteration 446/2000-----
currents: [100000.0, 99999.99999905289, 99999.99999915619, 99999.9999992897]
J=2.6e-05, ⟨Jf⟩=2.5e-05, ⟨B·n⟩=1.3e-03, Len=sum([4.0, 4.0, 3.9, 3.8])=15.7, ϰ=[3.8, 4.3, 4.6, 4.1], ∫ϰ²/L>=[5.4, 5.4, 5.3, 5.3], C-C-Sep=0.10, ║∇J║=1.3e-03
Iteration 447/2000-----
currents: [100000.0, 99999.99999905279, 99999.999999156, 99999.99999928955]
J=2.6e-05, ⟨Jf⟩=2.5e-05, ⟨B·n⟩=1.3e-03, Len=sum([4.0, 4.0, 3.9, 3.8])=15.7, ϰ=[3.8, 4.3, 4.6, 4.1], ∫ϰ²/L>=[5.4, 5.4, 5.3, 5.3], C-C-Sep=0.10, ║∇J║=8.3e-04
Iteration 448/2000-----
currents: [100000.0, 99999.99999905261, 99999.99999915576, 99999.99999928934]
J=2.6e-05, ⟨Jf⟩=2.5e-05, ⟨B·n⟩=1.3e-03, Len=sum([4.0, 4.0, 3.9, 3.8])=15.7, ϰ=[3.8, 4.3, 4.6, 4.1], ∫ϰ²/L>=[5.4, 5.3, 5.3, 5.3], C-C-Sep=0.10, ║∇J║=7.9e-04
Iteration 449/2000-----
currents: [100000.0, 99999.99999905242, 99999.99999915542, 99999.99999928902]
J=2.6e-05, ⟨Jf⟩=2.5e-05, ⟨B·n⟩=1.3e-03, Len=sum([4.0, 4.0, 3.9, 3.8])=15.7, ϰ=[3.8, 4.3, 4.6, 4.2], ∫ϰ²/L>=[5.4, 5.4, 5.3, 5.3], C-C-Sep=0.10, ║∇J║=8.1e-04
Iteration 450/2000-----
currents: [100000.0, 99999.99999905218, 99999.9999991551, 99999.99999928869]
J=2.6e-05, ⟨Jf⟩=2.5e-05, ⟨B·n⟩=1.3e-03, Len=sum([4.0, 4.0, 3.9, 3.8])=15.7, ϰ=[3.8, 4.2, 4.6, 4.2], ∫ϰ²/L>=[5.4, 5.4, 5.3, 5.3], C-C-Sep=0.10, ║∇J║=1.3e-03
Iteration 451/2000-----
currents: [100000.0, 99999.99999905196, 99999.99999915491, 99999.99999928848]
J=2.6e-05, ⟨Jf⟩=2.5e-05, ⟨B·n⟩=1.3e-03, Len=sum([4.0, 4.0, 3.9, 3.8])=15.7, ϰ=[3.8, 4.2, 4.6, 4.2], ∫ϰ²/L>=[5.4, 5.4, 5.3, 5.3], C-C-Sep=0.10, ║∇J║=1.2e-03
Iteration 452/2000-----
currents: [100000.0, 99999.99999905177, 99999.99999915443, 99999.999999288]
J=2.6e-05, ⟨Jf⟩=2.4e-05, ⟨B·n⟩=1.3e-03, Len=sum([4.0, 4.0, 3.9, 3.8])=15.7, ϰ=[3.8, 4.2, 4.6, 4.2], ∫ϰ²/L>=[5.4, 5.4, 5.3, 5.3], C-C-Sep=0.10, ║∇J║=8.7e-04
Iteration 453/2000-----
currents: [100000.0, 99999.99999905154, 99999.99999915398, 99999.99999928755]
J=2.6e-05, ⟨Jf⟩=2.4e-05, ⟨B·n⟩=1.3e-03, Len=sum([4.0, 4.0, 3.9, 3.8])=15.7, ϰ=[3.9, 4.2, 4.6, 4.2], ∫ϰ²/L>=[5.4, 5.4, 5.3, 5.3], C-C-Sep=0.10, ║∇J║=8.8e-04
Iteration 454/2000-----
currents: [100000.0, 99999.99999905104, 99999.99999915295, 99999.99999928655]
J=2.6e-05, ⟨Jf⟩=2.4e-05, ⟨B·n⟩=1.3e-03, Len=sum([4.0, 4.0, 3.9, 3.8])=15.7, ϰ=[3.9, 4.2, 4.6, 4.3], ∫ϰ²/L>=[5.4, 5.4, 5.3, 5.3], C-C-Sep=0.10, ║∇J║=1.0e-03
Iteration 455/2000-----
currents: [100000.0, 99999.99999905007, 99999.9999991509, 99999.99999928457]
J=2.6e-05, ⟨Jf⟩=2.4e-05, ⟨B·n⟩=1.3e-03, Len=sum([4.0, 4.0, 3.9, 3.8])=15.7, ϰ=[3.9, 4.2, 4.6, 4.3], ∫ϰ²/L>=[5.4, 5.4, 5.3, 5.3], C-C-Sep=0.10, ║∇J║=1.7e-03
Iteration 456/2000-----
currents: [100000.0, 99999.9999990496, 99999.99999915004, 99999.99999928383]
J=2.6e-05, ⟨Jf⟩=2.4e-05, ⟨B·n⟩=1.3e-03, Len=sum([4.0, 4.0, 3.9, 3.8])=15.7, ϰ=[3.9, 4.2, 4.6, 4.4], ∫ϰ²/L>=[5.4, 5.3, 5.3, 5.3], C-C-Sep=0.10, ║∇J║=1.1e-03
Iteration 457/2000-----
currents: [100000.0, 99999.9999990489, 99999.99999914851, 99999.9999992824]
J=2.6e-05, ⟨Jf⟩=2.4e-05, ⟨B·n⟩=1.3e-03, Len=sum([4.0, 4.0, 3.9, 3.8])=15.7, ϰ=[3.9, 4.2, 4.6, 4.4], ∫ϰ²/L>=[5.4, 5.3, 5.3, 5.3], C-C-Sep=0.10, ║∇J║=1.1e-03
Iteration 458/2000-----
currents: [100000.0, 99999.99999904842, 99999.99999914758, 99999.99999928164]
J=2.6e-05, ⟨Jf⟩=2.4e-05, ⟨B·n⟩=1.3e-03, Len=sum([4.0, 4.0, 3.9, 3.8])=15.7, ϰ=[3.9, 4.2, 4.7, 4.4], ∫ϰ²/L>=[5.4, 5.3, 5.3, 5.3], C-C-Sep=0.10, ║∇J║=1.5e-03
Iteration 459/2000-----
currents: [100000.0, 99999.99999904782, 99999.99999914636, 99999.99999928052]
J=2.6e-05, ⟨Jf⟩=2.4e-05, ⟨B·n⟩=1.3e-03, Len=sum([4.0, 4.0, 3.9, 3.8])=15.7, ϰ=[3.8, 4.2, 4.7, 4.4], ∫ϰ²/L>=[5.4, 5.3, 5.3, 5.3], C-C-Sep=0.10, ║∇J║=1.3e-03
Iteration 460/2000-----
currents: [100000.0, 99999.99999904774, 99999.9999991461, 99999.99999928022]
J=2.6e-05, ⟨Jf⟩=2.4e-05, ⟨B·n⟩=1.3e-03, Len=sum([4.0, 4.0, 3.9, 3.8])=15.7, ϰ=[3.9, 4.1, 4.7, 4.4], ∫ϰ²/L>=[5.4, 5.3, 5.3, 5.3], C-C-Sep=0.10, ║∇J║=7.5e-04
Iteration 461/2000-----
currents: [100000.0, 99999.99999904775, 99999.99999914625, 99999.99999928041]
J=2.6e-05, ⟨Jf⟩=2.4e-05, ⟨B·n⟩=1.3e-03, Len=sum([4.0, 4.0, 3.9, 3.8])=15.7, ϰ=[3.9, 4.1, 4.6, 4.4], ∫ϰ²/L>=[5.4, 5.3, 5.3, 5.3], C-C-Sep=0.10, ║∇J║=7.7e-04
Iteration 462/2000-----
currents: [100000.0, 99999.9999990475, 99999.99999914585, 99999.99999928004]
J=2.6e-05, ⟨Jf⟩=2.4e-05, ⟨B·n⟩=1.3e-03, Len=sum([4.0, 4.0, 3.9, 3.8])=15.7, ϰ=[3.9, 4.1, 4.6, 4.4], ∫ϰ²/L>=[5.4, 5.3, 5.3, 5.3], C-C-Sep=0.10, ║∇J║=8.3e-04
Iteration 463/2000-----
currents: [100000.0, 99999.99999904718, 99999.99999914563, 99999.99999927997]
J=2.6e-05, ⟨Jf⟩=2.4e-05, ⟨B·n⟩=1.3e-03, Len=sum([4.0, 4.0, 3.9, 3.8])=15.7, ϰ=[3.9, 4.1, 4.6, 4.4], ∫ϰ²/L>=[5.4, 5.3, 5.3, 5.3], C-C-Sep=0.10, ║∇J║=9.4e-04
Iteration 464/2000-----
currents: [100000.0, 99999.9999990465, 99999.99999914467, 99999.99999927917]
J=2.6e-05, ⟨Jf⟩=2.4e-05, ⟨B·n⟩=1.3e-03, Len=sum([4.0, 4.0, 3.9, 3.8])=15.7, ϰ=[3.9, 4.1, 4.5, 4.4], ∫ϰ²/L>=[5.4, 5.3, 5.3, 5.3], C-C-Sep=0.10, ║∇J║=1.6e-03
Iteration 465/2000-----
currents: [100000.0, 99999.99999904622, 99999.99999914436, 99999.99999927894]
J=2.6e-05, ⟨Jf⟩=2.4e-05, ⟨B·n⟩=1.3e-03, Len=sum([4.0, 4.0, 3.9, 3.8])=15.7, ϰ=[3.9, 4.1, 4.5, 4.4], ∫ϰ²/L>=[5.4, 5.3, 5.3, 5.3], C-C-Sep=0.10, ║∇J║=8.5e-04
Iteration 466/2000-----
currents: [100000.0, 99999.99999904596, 99999.99999914416, 99999.99999927878]
J=2.5e-05, ⟨Jf⟩=2.4e-05, ⟨B·n⟩=1.3e-03, Len=sum([4.0, 4.0, 3.9, 3.8])=15.7, ϰ=[4.0, 4.1, 4.5, 4.4], ∫ϰ²/L>=[5.4, 5.3, 5.3, 5.3], C-C-Sep=0.10, ║∇J║=8.1e-04
Iteration 467/2000-----
currents: [100000.0, 99999.99999904541, 99999.99999914329, 99999.999999278]
J=2.5e-05, ⟨Jf⟩=2.4e-05, ⟨B·n⟩=1.3e-03, Len=sum([4.0, 4.0, 3.9, 3.8])=15.7, ϰ=[4.0, 4.2, 4.5, 4.4], ∫ϰ²/L>=[5.4, 5.3, 5.3, 5.3], C-C-Sep=0.10, ║∇J║=8.8e-04
Iteration 468/2000-----
currents: [100000.0, 99999.99999904478, 99999.99999914227, 99999.99999927709]
J=2.5e-05, ⟨Jf⟩=2.4e-05, ⟨B·n⟩=1.3e-03, Len=sum([4.0, 4.0, 3.9, 3.8])=15.7, ϰ=[4.1, 4.2, 4.5, 4.4], ∫ϰ²/L>=[5.4, 5.3, 5.3, 5.3], C-C-Sep=0.10, ║∇J║=1.1e-03
Iteration 469/2000-----
currents: [100000.0, 99999.99999904426, 99999.99999914147, 99999.9999992764]
J=2.5e-05, ⟨Jf⟩=2.4e-05, ⟨B·n⟩=1.3e-03, Len=sum([4.0, 4.0, 3.9, 3.8])=15.7, ϰ=[4.1, 4.3, 4.5, 4.3], ∫ϰ²/L>=[5.4, 5.3, 5.3, 5.3], C-C-Sep=0.10, ║∇J║=1.1e-03
Iteration 470/2000-----
currents: [100000.0, 99999.99999904398, 99999.99999914093, 99999.99999927601]
J=2.5e-05, ⟨Jf⟩=2.4e-05, ⟨B·n⟩=1.3e-03, Len=sum([4.0, 4.0, 3.9, 3.8])=15.7, ϰ=[4.1, 4.3, 4.5, 4.3], ∫ϰ²/L>=[5.4, 5.3, 5.3, 5.3], C-C-Sep=0.10, ║∇J║=8.9e-04
Iteration 471/2000-----
currents: [100000.0, 99999.99999904381, 99999.99999914064, 99999.99999927584]
J=2.5e-05, ⟨Jf⟩=2.4e-05, ⟨B·n⟩=1.3e-03, Len=sum([4.0, 4.0, 3.9, 3.8])=15.7, ϰ=[4.0, 4.3, 4.5, 4.3], ∫ϰ²/L>=[5.4, 5.3, 5.3, 5.3], C-C-Sep=0.10, ║∇J║=8.7e-04
Iteration 472/2000-----
currents: [100000.0, 99999.99999904339, 99999.99999914004, 99999.99999927546]
J=2.5e-05, ⟨Jf⟩=2.4e-05, ⟨B·n⟩=1.3e-03, Len=sum([4.0, 4.0, 3.9, 3.8])=15.7, ϰ=[4.0, 4.3, 4.5, 4.4], ∫ϰ²/L>=[5.4, 5.3, 5.3, 5.2], C-C-Sep=0.10, ║∇J║=1.5e-03
Iteration 473/2000-----
currents: [100000.0, 99999.99999904311, 99999.99999913975, 99999.99999927537]
J=2.5e-05, ⟨Jf⟩=2.4e-05, ⟨B·n⟩=1.3e-03, Len=sum([4.0, 4.0, 3.9, 3.8])=15.7, ϰ=[4.0, 4.4, 4.5, 4.4], ∫ϰ²/L>=[5.4, 5.3, 5.3, 5.2], C-C-Sep=0.10, ║∇J║=8.6e-04
Iteration 474/2000-----
currents: [100000.0, 99999.9999990428, 99999.99999913936, 99999.99999927511]
J=2.5e-05, ⟨Jf⟩=2.4e-05, ⟨B·n⟩=1.3e-03, Len=sum([4.0, 4.0, 3.9, 3.8])=15.7, ϰ=[4.1, 4.4, 4.5, 4.4], ∫ϰ²/L>=[5.4, 5.3, 5.3, 5.3], C-C-Sep=0.10, ║∇J║=9.1e-04
Iteration 475/2000-----
currents: [100000.0, 99999.99999904238, 99999.99999913882, 99999.99999927473]
J=2.5e-05, ⟨Jf⟩=2.4e-05, ⟨B·n⟩=1.2e-03, Len=sum([4.0, 4.0, 3.9, 3.8])=15.7, ϰ=[4.1, 4.4, 4.5, 4.4], ∫ϰ²/L>=[5.4, 5.3, 5.3, 5.3], C-C-Sep=0.10, ║∇J║=1.0e-03
Iteration 476/2000-----
currents: [100000.0, 99999.99999904183, 99999.99999913792, 99999.99999927396]
J=2.5e-05, ⟨Jf⟩=2.4e-05, ⟨B·n⟩=1.2e-03, Len=sum([4.0, 4.0, 3.9, 3.8])=15.7, ϰ=[4.2, 4.4, 4.5, 4.3], ∫ϰ²/L>=[5.4, 5.3, 5.3, 5.3], C-C-Sep=0.10, ║∇J║=1.3e-03
Iteration 477/2000-----
currents: [100000.0, 99999.99999904167, 99999.99999913765, 99999.99999927371]
J=2.5e-05, ⟨Jf⟩=2.4e-05, ⟨B·n⟩=1.2e-03, Len=sum([4.0, 4.0, 3.9, 3.8])=15.7, ϰ=[4.2, 4.4, 4.5, 4.3], ∫ϰ²/L>=[5.4, 5.3, 5.3, 5.3], C-C-Sep=0.10, ║∇J║=7.7e-04
Iteration 478/2000-----
currents: [100000.0, 99999.99999904135, 99999.99999913691, 99999.99999927299]
J=2.5e-05, ⟨Jf⟩=2.4e-05, ⟨B·n⟩=1.2e-03, Len=sum([4.0, 4.0, 3.9, 3.8])=15.7, ϰ=[4.1, 4.4, 4.5, 4.3], ∫ϰ²/L>=[5.3, 5.3, 5.3, 5.3], C-C-Sep=0.10, ║∇J║=8.8e-04
Iteration 479/2000-----
currents: [100000.0, 99999.99999904107, 99999.99999913639, 99999.99999927248]
J=2.5e-05, ⟨Jf⟩=2.4e-05, ⟨B·n⟩=1.2e-03, Len=sum([4.0, 4.0, 3.9, 3.8])=15.7, ϰ=[4.1, 4.3, 4.5, 4.3], ∫ϰ²/L>=[5.3, 5.3, 5.3, 5.3], C-C-Sep=0.10, ║∇J║=1.2e-03
Iteration 480/2000-----
currents: [100000.0, 99999.99999904042, 99999.99999913508, 99999.99999927128]
J=2.5e-05, ⟨Jf⟩=2.4e-05, ⟨B·n⟩=1.2e-03, Len=sum([4.0, 4.0, 3.9, 3.8])=15.7, ϰ=[4.1, 4.4, 4.5, 4.3], ∫ϰ²/L>=[5.3, 5.4, 5.3, 5.3], C-C-Sep=0.10, ║∇J║=1.1e-03
Iteration 481/2000-----
currents: [100000.0, 99999.99999903995, 99999.99999913426, 99999.99999927059]
J=2.5e-05, ⟨Jf⟩=2.4e-05, ⟨B·n⟩=1.2e-03, Len=sum([4.0, 4.0, 3.9, 3.8])=15.7, ϰ=[4.1, 4.4, 4.5, 4.3], ∫ϰ²/L>=[5.3, 5.4, 5.3, 5.3], C-C-Sep=0.10, ║∇J║=8.4e-04
Iteration 482/2000-----
currents: [100000.0, 99999.99999903957, 99999.99999913374, 99999.99999927019]
J=2.5e-05, ⟨Jf⟩=2.4e-05, ⟨B·n⟩=1.2e-03, Len=sum([4.0, 4.0, 3.9, 3.8])=15.7, ϰ=[4.2, 4.4, 4.5, 4.3], ∫ϰ²/L>=[5.3, 5.4, 5.3, 5.3], C-C-Sep=0.10, ║∇J║=9.5e-04
Iteration 483/2000-----
currents: [100000.0, 99999.99999903882, 99999.99999913247, 99999.9999992691]
J=2.5e-05, ⟨Jf⟩=2.4e-05, ⟨B·n⟩=1.2e-03, Len=sum([4.0, 4.0, 3.9, 3.8])=15.7, ϰ=[4.2, 4.5, 4.5, 4.3], ∫ϰ²/L>=[5.3, 5.4, 5.3, 5.3], C-C-Sep=0.10, ║∇J║=1.0e-03
Iteration 484/2000-----
currents: [100000.0, 99999.9999990383, 99999.9999991318, 99999.99999926856]
J=2.5e-05, ⟨Jf⟩=2.4e-05, ⟨B·n⟩=1.2e-03, Len=sum([4.0, 4.0, 3.9, 3.8])=15.7, ϰ=[4.3, 4.5, 4.5, 4.3], ∫ϰ²/L>=[5.3, 5.4, 5.3, 5.3], C-C-Sep=0.10, ║∇J║=1.1e-03
Iteration 485/2000-----
currents: [100000.0, 99999.99999903786, 99999.99999913122, 99999.99999926807]
J=2.5e-05, ⟨Jf⟩=2.4e-05, ⟨B·n⟩=1.2e-03, Len=sum([4.0, 4.0, 3.9, 3.8])=15.7, ϰ=[4.3, 4.5, 4.5, 4.3], ∫ϰ²/L>=[5.3, 5.4, 5.3, 5.3], C-C-Sep=0.10, ║∇J║=1.0e-03
Iteration 486/2000-----
currents: [100000.0, 99999.99999903727, 99999.99999913039, 99999.99999926731]
J=2.5e-05, ⟨Jf⟩=2.4e-05, ⟨B·n⟩=1.2e-03, Len=sum([4.0, 4.0, 3.9, 3.8])=15.7, ϰ=[4.3, 4.5, 4.4, 4.3], ∫ϰ²/L>=[5.3, 5.4, 5.3, 5.3], C-C-Sep=0.10, ║∇J║=1.1e-03
Iteration 487/2000-----
currents: [100000.0, 99999.99999903716, 99999.99999913073, 99999.99999926773]
J=2.5e-05, ⟨Jf⟩=2.4e-05, ⟨B·n⟩=1.2e-03, Len=sum([4.0, 4.0, 3.9, 3.8])=15.7, ϰ=[4.3, 4.5, 4.4, 4.3], ∫ϰ²/L>=[5.3, 5.4, 5.3, 5.3], C-C-Sep=0.10, ║∇J║=1.2e-03
Iteration 488/2000-----
currents: [100000.0, 99999.99999903659, 99999.99999912985, 99999.99999926696]
J=2.5e-05, ⟨Jf⟩=2.4e-05, ⟨B·n⟩=1.2e-03, Len=sum([4.0, 4.0, 3.9, 3.8])=15.7, ϰ=[4.3, 4.5, 4.3, 4.3], ∫ϰ²/L>=[5.3, 5.4, 5.3, 5.3], C-C-Sep=0.10, ║∇J║=8.7e-04
Iteration 489/2000-----
currents: [100000.0, 99999.99999903639, 99999.9999991298, 99999.99999926698]
J=2.5e-05, ⟨Jf⟩=2.4e-05, ⟨B·n⟩=1.2e-03, Len=sum([4.0, 4.0, 3.9, 3.8])=15.7, ϰ=[4.3, 4.5, 4.3, 4.3], ∫ϰ²/L>=[5.3, 5.4, 5.3, 5.3], C-C-Sep=0.10, ║∇J║=7.7e-04
Iteration 490/2000-----
currents: [100000.0, 99999.99999903596, 99999.99999912926, 99999.99999926654]
J=2.5e-05, ⟨Jf⟩=2.4e-05, ⟨B·n⟩=1.2e-03, Len=sum([4.0, 4.0, 3.9, 3.8])=15.7, ϰ=[4.3, 4.5, 4.3, 4.3], ∫ϰ²/L>=[5.3, 5.4, 5.3, 5.3], C-C-Sep=0.10, ║∇J║=7.7e-04
Iteration 491/2000-----
currents: [100000.0, 99999.99999903532, 99999.99999912844, 99999.99999926586]
J=2.5e-05, ⟨Jf⟩=2.4e-05, ⟨B·n⟩=1.2e-03, Len=sum([4.0, 4.0, 3.9, 3.8])=15.7, ϰ=[4.3, 4.5, 4.2, 4.3], ∫ϰ²/L>=[5.3, 5.4, 5.3, 5.3], C-C-Sep=0.10, ║∇J║=1.0e-03
Iteration 492/2000-----
currents: [100000.0, 99999.99999903487, 99999.99999912792, 99999.99999926545]
J=2.5e-05, ⟨Jf⟩=2.4e-05, ⟨B·n⟩=1.2e-03, Len=sum([4.0, 4.0, 3.9, 3.8])=15.7, ϰ=[4.3, 4.5, 4.2, 4.3], ∫ϰ²/L>=[5.3, 5.4, 5.3, 5.2], C-C-Sep=0.10, ║∇J║=1.1e-03
Iteration 493/2000-----
currents: [100000.0, 99999.99999903458, 99999.9999991272, 99999.99999926474]
J=2.5e-05, ⟨Jf⟩=2.4e-05, ⟨B·n⟩=1.2e-03, Len=sum([4.0, 4.0, 3.9, 3.8])=15.7, ϰ=[4.3, 4.5, 4.2, 4.3], ∫ϰ²/L>=[5.3, 5.4, 5.3, 5.2], C-C-Sep=0.10, ║∇J║=7.1e-04
Iteration 494/2000-----
currents: [100000.0, 99999.99999903452, 99999.9999991271, 99999.99999926465]
J=2.5e-05, ⟨Jf⟩=2.4e-05, ⟨B·n⟩=1.2e-03, Len=sum([4.0, 4.0, 3.9, 3.8])=15.7, ϰ=[4.2, 4.5, 4.2, 4.3], ∫ϰ²/L>=[5.3, 5.4, 5.3, 5.2], C-C-Sep=0.10, ║∇J║=8.6e-04
Iteration 495/2000-----
currents: [100000.0, 99999.99999903388, 99999.99999912588, 99999.99999926353]
J=2.5e-05, ⟨Jf⟩=2.4e-05, ⟨B·n⟩=1.2e-03, Len=sum([4.0, 4.0, 3.9, 3.8])=15.7, ϰ=[4.2, 4.5, 4.2, 4.3], ∫ϰ²/L>=[5.3, 5.4, 5.3, 5.2], C-C-Sep=0.10, ║∇J║=8.7e-04
Iteration 496/2000-----
currents: [100000.0, 99999.99999903361, 99999.99999912574, 99999.99999926353]
J=2.5e-05, ⟨Jf⟩=2.4e-05, ⟨B·n⟩=1.2e-03, Len=sum([4.0, 4.0, 3.9, 3.8])=15.7, ϰ=[4.2, 4.5, 4.2, 4.3], ∫ϰ²/L>=[5.3, 5.4, 5.3, 5.2], C-C-Sep=0.10, ║∇J║=1.1e-03
Iteration 497/2000-----
currents: [100000.0, 99999.99999903298, 99999.99999912495, 99999.99999926295]
J=2.5e-05, ⟨Jf⟩=2.4e-05, ⟨B·n⟩=1.2e-03, Len=sum([4.0, 4.0, 3.9, 3.8])=15.7, ϰ=[4.2, 4.6, 4.2, 4.2], ∫ϰ²/L>=[5.3, 5.4, 5.3, 5.2], C-C-Sep=0.10, ║∇J║=8.9e-04
Iteration 498/2000-----
currents: [100000.0, 99999.99999903237, 99999.9999991243, 99999.9999992625]
J=2.5e-05, ⟨Jf⟩=2.4e-05, ⟨B·n⟩=1.2e-03, Len=sum([4.0, 4.0, 3.9, 3.8])=15.7, ϰ=[4.2, 4.6, 4.2, 4.2], ∫ϰ²/L>=[5.3, 5.4, 5.3, 5.2], C-C-Sep=0.10, ║∇J║=9.4e-04
Iteration 499/2000-----
currents: [100000.0, 99999.99999903234, 99999.99999912441, 99999.99999926264]
J=2.5e-05, ⟨Jf⟩=2.4e-05, ⟨B·n⟩=1.2e-03, Len=sum([4.0, 4.0, 3.9, 3.8])=15.7, ϰ=[4.2, 4.5, 4.1, 4.2], ∫ϰ²/L>=[5.3, 5.3, 5.3, 5.2], C-C-Sep=0.10, ║∇J║=1.2e-03
Iteration 500/2000-----
currents: [100000.0, 99999.99999903135, 99999.99999912316, 99999.9999992617]
J=2.5e-05, ⟨Jf⟩=2.4e-05, ⟨B·n⟩=1.2e-03, Len=sum([4.0, 4.0, 3.9, 3.8])=15.7, ϰ=[4.2, 4.5, 4.1, 4.2], ∫ϰ²/L>=[5.3, 5.4, 5.3, 5.2], C-C-Sep=0.10, ║∇J║=1.2e-03
Iteration 501/2000-----
currents: [100000.0, 99999.9999990315, 99999.9999991231, 99999.99999926145]
J=2.5e-05, ⟨Jf⟩=2.4e-05, ⟨B·n⟩=1.2e-03, Len=sum([4.0, 4.0, 3.9, 3.8])=15.7, ϰ=[4.2, 4.4, 4.1, 4.2], ∫ϰ²/L>=[5.3, 5.3, 5.3, 5.2], C-C-Sep=0.10, ║∇J║=1.9e-03
Iteration 502/2000-----
currents: [100000.0, 99999.99999903153, 99999.99999912301, 99999.99999926136]
J=2.5e-05, ⟨Jf⟩=2.4e-05, ⟨B·n⟩=1.2e-03, Len=sum([4.0, 4.0, 3.9, 3.8])=15.7, ϰ=[4.1, 4.4, 4.1, 4.2], ∫ϰ²/L>=[5.3, 5.3, 5.3, 5.2], C-C-Sep=0.10, ║∇J║=1.5e-03
Iteration 503/2000-----
currents: [100000.0, 99999.9999990314, 99999.9999991227, 99999.99999926114]
J=2.5e-05, ⟨Jf⟩=2.4e-05, ⟨B·n⟩=1.2e-03, Len=sum([4.0, 4.0, 3.9, 3.8])=15.7, ϰ=[4.1, 4.5, 4.1, 4.2], ∫ϰ²/L>=[5.3, 5.3, 5.3, 5.2], C-C-Sep=0.10, ║∇J║=6.8e-04
Iteration 504/2000-----
currents: [100000.0, 99999.99999903071, 99999.99999912157, 99999.99999926018]
J=2.5e-05, ⟨Jf⟩=2.4e-05, ⟨B·n⟩=1.2e-03, Len=sum([4.0, 4.0, 3.9, 3.8])=15.7, ϰ=[4.2, 4.5, 4.2, 4.2], ∫ϰ²/L>=[5.3, 5.3, 5.3, 5.2], C-C-Sep=0.10, ║∇J║=6.4e-04
Iteration 505/2000-----
currents: [100000.0, 99999.99999902926, 99999.9999991193, 99999.9999992583]
J=2.5e-05, ⟨Jf⟩=2.4e-05, ⟨B·n⟩=1.2e-03, Len=sum([4.0, 4.0, 3.9, 3.8])=15.7, ϰ=[4.2, 4.5, 4.2, 4.2], ∫ϰ²/L>=[5.3, 5.4, 5.3, 5.2], C-C-Sep=0.10, ║∇J║=1.1e-03
Iteration 506/2000-----
currents: [100000.0, 99999.9999990288, 99999.99999911833, 99999.99999925728]
J=2.5e-05, ⟨Jf⟩=2.4e-05, ⟨B·n⟩=1.2e-03, Len=sum([4.0, 4.0, 3.9, 3.8])=15.7, ϰ=[4.1, 4.4, 4.3, 4.3], ∫ϰ²/L>=[5.3, 5.3, 5.3, 5.3], C-C-Sep=0.10, ║∇J║=1.6e-03
Iteration 507/2000-----
currents: [100000.0, 99999.99999902889, 99999.99999911853, 99999.99999925752]
J=2.5e-05, ⟨Jf⟩=2.4e-05, ⟨B·n⟩=1.2e-03, Len=sum([4.0, 4.0, 3.9, 3.8])=15.7, ϰ=[4.1, 4.4, 4.3, 4.3], ∫ϰ²/L>=[5.3, 5.3, 5.3, 5.2], C-C-Sep=0.10, ║∇J║=7.5e-04
Iteration 508/2000-----
currents: [100000.0, 99999.99999902854, 99999.99999911807, 99999.99999925714]
J=2.5e-05, ⟨Jf⟩=2.4e-05, ⟨B·n⟩=1.2e-03, Len=sum([4.0, 4.0, 3.9, 3.8])=15.7, ϰ=[4.1, 4.4, 4.3, 4.3], ∫ϰ²/L>=[5.3, 5.3, 5.3, 5.2], C-C-Sep=0.10, ║∇J║=5.7e-04
Iteration 509/2000-----
currents: [100000.0, 99999.99999902763, 99999.9999991169, 99999.99999925624]
J=2.5e-05, ⟨Jf⟩=2.4e-05, ⟨B·n⟩=1.2e-03, Len=sum([4.0, 4.0, 3.9, 3.8])=15.7, ϰ=[4.2, 4.4, 4.3, 4.3], ∫ϰ²/L>=[5.3, 5.3, 5.3, 5.2], C-C-Sep=0.10, ║∇J║=8.5e-04
Iteration 510/2000-----
currents: [100000.0, 99999.99999902688, 99999.9999991161, 99999.99999925567]
J=2.5e-05, ⟨Jf⟩=2.4e-05, ⟨B·n⟩=1.2e-03, Len=sum([4.0, 4.0, 3.9, 3.8])=15.7, ϰ=[4.1, 4.4, 4.3, 4.3], ∫ϰ²/L>=[5.3, 5.3, 5.3, 5.2], C-C-Sep=0.10, ║∇J║=2.2e-03
Iteration 511/2000-----
currents: [100000.0, 99999.99999902694, 99999.99999911616, 99999.99999925571]
J=2.5e-05, ⟨Jf⟩=2.4e-05, ⟨B·n⟩=1.2e-03, Len=sum([4.0, 4.0, 3.9, 3.8])=15.7, ϰ=[4.1, 4.4, 4.3, 4.3], ∫ϰ²/L>=[5.3, 5.3, 5.3, 5.2], C-C-Sep=0.10, ║∇J║=9.0e-04
Iteration 512/2000-----
currents: [100000.0, 99999.99999902686, 99999.99999911616, 99999.99999925576]
J=2.5e-05, ⟨Jf⟩=2.4e-05, ⟨B·n⟩=1.2e-03, Len=sum([4.0, 4.0, 3.9, 3.8])=15.7, ϰ=[4.1, 4.4, 4.3, 4.3], ∫ϰ²/L>=[5.3, 5.3, 5.3, 5.2], C-C-Sep=0.10, ║∇J║=6.4e-04
Iteration 513/2000-----
currents: [100000.0, 99999.99999902648, 99999.99999911596, 99999.99999925568]
J=2.5e-05, ⟨Jf⟩=2.4e-05, ⟨B·n⟩=1.2e-03, Len=sum([4.0, 4.0, 3.9, 3.8])=15.7, ϰ=[4.1, 4.4, 4.4, 4.3], ∫ϰ²/L>=[5.3, 5.3, 5.3, 5.2], C-C-Sep=0.10, ║∇J║=1.1e-03
Iteration 514/2000-----
currents: [100000.0, 99999.99999902582, 99999.99999911549, 99999.9999992554]
J=2.5e-05, ⟨Jf⟩=2.4e-05, ⟨B·n⟩=1.2e-03, Len=sum([4.0, 4.0, 3.9, 3.8])=15.7, ϰ=[4.1, 4.4, 4.4, 4.3], ∫ϰ²/L>=[5.3, 5.3, 5.3, 5.2], C-C-Sep=0.10, ║∇J║=1.4e-03
Iteration 515/2000-----
currents: [100000.0, 99999.9999990255, 99999.99999911561, 99999.99999925558]
J=2.5e-05, ⟨Jf⟩=2.4e-05, ⟨B·n⟩=1.2e-03, Len=sum([4.0, 4.0, 3.9, 3.8])=15.7, ϰ=[4.1, 4.3, 4.4, 4.3], ∫ϰ²/L>=[5.3, 5.3, 5.3, 5.2], C-C-Sep=0.10, ║∇J║=9.9e-04
Iteration 516/2000-----
currents: [100000.0, 99999.9999990251, 99999.9999991153, 99999.99999925532]
J=2.5e-05, ⟨Jf⟩=2.4e-05, ⟨B·n⟩=1.2e-03, Len=sum([4.0, 4.0, 3.9, 3.8])=15.7, ϰ=[4.1, 4.3, 4.4, 4.3], ∫ϰ²/L>=[5.3, 5.3, 5.3, 5.2], C-C-Sep=0.10, ║∇J║=7.6e-04
Iteration 517/2000-----
currents: [100000.0, 99999.99999902466, 99999.99999911497, 99999.99999925499]
J=2.5e-05, ⟨Jf⟩=2.4e-05, ⟨B·n⟩=1.2e-03, Len=sum([4.0, 4.0, 3.9, 3.8])=15.7, ϰ=[4.1, 4.3, 4.5, 4.3], ∫ϰ²/L>=[5.3, 5.3, 5.3, 5.2], C-C-Sep=0.10, ║∇J║=9.5e-04
Iteration 518/2000-----
currents: [100000.0, 99999.99999902438, 99999.99999911479, 99999.99999925481]
J=2.5e-05, ⟨Jf⟩=2.4e-05, ⟨B·n⟩=1.2e-03, Len=sum([4.0, 4.0, 3.9, 3.8])=15.7, ϰ=[4.2, 4.3, 4.5, 4.3], ∫ϰ²/L>=[5.3, 5.3, 5.3, 5.2], C-C-Sep=0.10, ║∇J║=1.2e-03
Iteration 519/2000-----
currents: [100000.0, 99999.99999902419, 99999.99999911457, 99999.9999992546]
J=2.5e-05, ⟨Jf⟩=2.4e-05, ⟨B·n⟩=1.2e-03, Len=sum([4.0, 4.0, 3.9, 3.8])=15.7, ϰ=[4.2, 4.3, 4.5, 4.3], ∫ϰ²/L>=[5.3, 5.3, 5.3, 5.2], C-C-Sep=0.10, ║∇J║=7.3e-04
Iteration 520/2000-----
currents: [100000.0, 99999.99999902399, 99999.99999911447, 99999.99999925448]
J=2.5e-05, ⟨Jf⟩=2.4e-05, ⟨B·n⟩=1.2e-03, Len=sum([4.0, 4.0, 3.9, 3.8])=15.7, ϰ=[4.2, 4.3, 4.5, 4.3], ∫ϰ²/L>=[5.3, 5.3, 5.3, 5.2], C-C-Sep=0.10, ║∇J║=8.0e-04
Iteration 521/2000-----
currents: [100000.0, 99999.99999902351, 99999.99999911396, 99999.99999925403]
J=2.5e-05, ⟨Jf⟩=2.4e-05, ⟨B·n⟩=1.2e-03, Len=sum([4.0, 4.0, 3.9, 3.8])=15.7, ϰ=[4.2, 4.3, 4.4, 4.3], ∫ϰ²/L>=[5.3, 5.3, 5.3, 5.2], C-C-Sep=0.10, ║∇J║=1.0e-03
Iteration 522/2000-----
currents: [100000.0, 99999.99999902236, 99999.99999911262, 99999.99999925283]
J=2.5e-05, ⟨Jf⟩=2.4e-05, ⟨B·n⟩=1.2e-03, Len=sum([4.0, 4.0, 3.9, 3.8])=15.7, ϰ=[4.2, 4.3, 4.4, 4.3], ∫ϰ²/L>=[5.3, 5.3, 5.3, 5.2], C-C-Sep=0.10, ║∇J║=1.6e-03
Iteration 523/2000-----
currents: [100000.0, 99999.99999902195, 99999.99999911245, 99999.99999925279]
J=2.5e-05, ⟨Jf⟩=2.4e-05, ⟨B·n⟩=1.2e-03, Len=sum([4.0, 4.0, 3.9, 3.8])=15.7, ϰ=[4.2, 4.2, 4.4, 4.3], ∫ϰ²/L>=[5.3, 5.3, 5.3, 5.2], C-C-Sep=0.10, ║∇J║=8.8e-04
Iteration 524/2000-----
currents: [100000.0, 99999.99999902157, 99999.99999911188, 99999.99999925228]
J=2.5e-05, ⟨Jf⟩=2.4e-05, ⟨B·n⟩=1.2e-03, Len=sum([4.0, 4.0, 3.9, 3.8])=15.7, ϰ=[4.2, 4.2, 4.4, 4.4], ∫ϰ²/L>=[5.3, 5.3, 5.3, 5.2], C-C-Sep=0.10, ║∇J║=7.2e-04
Iteration 525/2000-----
currents: [100000.0, 99999.9999990211, 99999.99999911136, 99999.99999925184]
J=2.5e-05, ⟨Jf⟩=2.4e-05, ⟨B·n⟩=1.2e-03, Len=sum([4.0, 4.0, 3.9, 3.8])=15.7, ϰ=[4.2, 4.3, 4.4, 4.4], ∫ϰ²/L>=[5.3, 5.3, 5.3, 5.2], C-C-Sep=0.10, ║∇J║=8.5e-04
Iteration 526/2000-----
currents: [100000.0, 99999.99999902079, 99999.99999911104, 99999.99999925154]
J=2.5e-05, ⟨Jf⟩=2.4e-05, ⟨B·n⟩=1.2e-03, Len=sum([4.0, 4.0, 3.9, 3.8])=15.7, ϰ=[4.2, 4.3, 4.4, 4.4], ∫ϰ²/L>=[5.3, 5.3, 5.3, 5.2], C-C-Sep=0.10, ║∇J║=1.2e-03
Iteration 527/2000-----
currents: [100000.0, 99999.99999902013, 99999.99999911021, 99999.9999992508]
J=2.4e-05, ⟨Jf⟩=2.4e-05, ⟨B·n⟩=1.2e-03, Len=sum([4.0, 4.0, 3.9, 3.8])=15.7, ϰ=[4.2, 4.3, 4.4, 4.4], ∫ϰ²/L>=[5.3, 5.3, 5.3, 5.2], C-C-Sep=0.10, ║∇J║=7.2e-04
Iteration 528/2000-----
currents: [100000.0, 99999.99999901974, 99999.99999911005, 99999.99999925071]
J=2.4e-05, ⟨Jf⟩=2.4e-05, ⟨B·n⟩=1.2e-03, Len=sum([4.0, 4.0, 3.9, 3.8])=15.7, ϰ=[4.2, 4.3, 4.3, 4.4], ∫ϰ²/L>=[5.3, 5.3, 5.3, 5.2], C-C-Sep=0.10, ║∇J║=9.0e-04
Iteration 529/2000-----
currents: [100000.0, 99999.99999901894, 99999.99999910918, 99999.99999924995]
J=2.4e-05, ⟨Jf⟩=2.3e-05, ⟨B·n⟩=1.2e-03, Len=sum([4.0, 4.0, 3.9, 3.8])=15.7, ϰ=[4.2, 4.3, 4.3, 4.4], ∫ϰ²/L>=[5.3, 5.3, 5.3, 5.2], C-C-Sep=0.10, ║∇J║=1.0e-03
Iteration 530/2000-----
currents: [100000.0, 99999.99999901824, 99999.99999910909, 99999.99999924994]
J=2.4e-05, ⟨Jf⟩=2.3e-05, ⟨B·n⟩=1.2e-03, Len=sum([4.0, 4.0, 3.9, 3.8])=15.7, ϰ=[4.2, 4.2, 4.2, 4.4], ∫ϰ²/L>=[5.3, 5.3, 5.3, 5.2], C-C-Sep=0.10, ║∇J║=1.3e-03
Iteration 531/2000-----
currents: [100000.0, 99999.99999901735, 99999.99999910862, 99999.99999924966]
J=2.4e-05, ⟨Jf⟩=2.3e-05, ⟨B·n⟩=1.2e-03, Len=sum([4.0, 4.0, 3.9, 3.8])=15.7, ϰ=[4.2, 4.2, 4.1, 4.3], ∫ϰ²/L>=[5.3, 5.3, 5.3, 5.2], C-C-Sep=0.10, ║∇J║=1.3e-03
Iteration 532/2000-----
currents: [100000.0, 99999.99999901703, 99999.99999910838, 99999.99999924948]
J=2.4e-05, ⟨Jf⟩=2.3e-05, ⟨B·n⟩=1.2e-03, Len=sum([4.0, 4.0, 3.9, 3.8])=15.7, ϰ=[4.2, 4.2, 4.1, 4.3], ∫ϰ²/L>=[5.3, 5.3, 5.3, 5.2], C-C-Sep=0.10, ║∇J║=8.4e-04
Iteration 533/2000-----
currents: [100000.0, 99999.99999901651, 99999.99999910814, 99999.99999924935]
J=2.4e-05, ⟨Jf⟩=2.3e-05, ⟨B·n⟩=1.2e-03, Len=sum([4.0, 4.0, 3.9, 3.8])=15.7, ϰ=[4.2, 4.2, 4.1, 4.3], ∫ϰ²/L>=[5.3, 5.3, 5.3, 5.2], C-C-Sep=0.10, ║∇J║=9.5e-04
Iteration 534/2000-----
currents: [100000.0, 99999.99999901587, 99999.99999910772, 99999.99999924906]
J=2.4e-05, ⟨Jf⟩=2.3e-05, ⟨B·n⟩=1.2e-03, Len=sum([4.0, 4.0, 3.9, 3.8])=15.7, ϰ=[4.2, 4.2, 4.1, 4.3], ∫ϰ²/L>=[5.3, 5.3, 5.3, 5.2], C-C-Sep=0.10, ║∇J║=1.2e-03
Iteration 535/2000-----
currents: [100000.0, 99999.99999901491, 99999.99999910685, 99999.99999924836]
J=2.4e-05, ⟨Jf⟩=2.3e-05, ⟨B·n⟩=1.2e-03, Len=sum([4.0, 4.0, 3.9, 3.8])=15.7, ϰ=[4.3, 4.3, 4.1, 4.3], ∫ϰ²/L>=[5.3, 5.3, 5.3, 5.2], C-C-Sep=0.10, ║∇J║=8.5e-04
Iteration 536/2000-----
currents: [100000.0, 99999.99999901408, 99999.99999910603, 99999.9999992477]
J=2.4e-05, ⟨Jf⟩=2.3e-05, ⟨B·n⟩=1.2e-03, Len=sum([4.0, 4.0, 3.9, 3.8])=15.7, ϰ=[4.3, 4.3, 4.1, 4.3], ∫ϰ²/L>=[5.3, 5.4, 5.3, 5.2], C-C-Sep=0.10, ║∇J║=7.2e-04
Iteration 537/2000-----
currents: [100000.0, 99999.99999901325, 99999.99999910503, 99999.99999924684]
J=2.4e-05, ⟨Jf⟩=2.3e-05, ⟨B·n⟩=1.2e-03, Len=sum([4.0, 4.0, 3.9, 3.8])=15.7, ϰ=[4.3, 4.3, 4.1, 4.3], ∫ϰ²/L>=[5.3, 5.4, 5.3, 5.3], C-C-Sep=0.10, ║∇J║=1.0e-03
Iteration 538/2000-----
currents: [100000.0, 99999.99999901227, 99999.99999910397, 99999.99999924599]
J=2.4e-05, ⟨Jf⟩=2.3e-05, ⟨B·n⟩=1.2e-03, Len=sum([4.0, 4.0, 3.9, 3.8])=15.7, ϰ=[4.4, 4.3, 4.1, 4.3], ∫ϰ²/L>=[5.3, 5.4, 5.3, 5.3], C-C-Sep=0.10, ║∇J║=9.7e-04
Iteration 539/2000-----
currents: [100000.0, 99999.99999901166, 99999.99999910343, 99999.99999924561]
J=2.4e-05, ⟨Jf⟩=2.3e-05, ⟨B·n⟩=1.2e-03, Len=sum([4.0, 4.0, 3.9, 3.8])=15.7, ϰ=[4.4, 4.3, 4.0, 4.3], ∫ϰ²/L>=[5.2, 5.4, 5.3, 5.3], C-C-Sep=0.10, ║∇J║=7.5e-04
Iteration 540/2000-----
currents: [100000.0, 99999.99999901104, 99999.99999910261, 99999.99999924493]
J=2.4e-05, ⟨Jf⟩=2.3e-05, ⟨B·n⟩=1.2e-03, Len=sum([4.0, 4.0, 3.9, 3.8])=15.7, ϰ=[4.4, 4.3, 4.0, 4.3], ∫ϰ²/L>=[5.2, 5.4, 5.3, 5.3], C-C-Sep=0.10, ║∇J║=7.7e-04
Iteration 541/2000-----
currents: [100000.0, 99999.99999901101, 99999.99999910267, 99999.99999924499]
J=2.4e-05, ⟨Jf⟩=2.3e-05, ⟨B·n⟩=1.2e-03, Len=sum([4.0, 4.0, 3.9, 3.8])=15.7, ϰ=[4.4, 4.3, 4.0, 4.3], ∫ϰ²/L>=[5.2, 5.4, 5.3, 5.2], C-C-Sep=0.10, ║∇J║=8.0e-04
Iteration 542/2000-----
currents: [100000.0, 99999.99999901031, 99999.99999910202, 99999.99999924446]
J=2.4e-05, ⟨Jf⟩=2.3e-05, ⟨B·n⟩=1.2e-03, Len=sum([4.0, 4.0, 3.9, 3.8])=15.7, ϰ=[4.4, 4.3, 4.0, 4.3], ∫ϰ²/L>=[5.2, 5.4, 5.3, 5.2], C-C-Sep=0.10, ║∇J║=8.4e-04
Iteration 543/2000-----
currents: [100000.0, 99999.99999900906, 99999.99999910085, 99999.99999924353]
J=2.4e-05, ⟨Jf⟩=2.3e-05, ⟨B·n⟩=1.2e-03, Len=sum([4.0, 4.0, 3.9, 3.7])=15.7, ϰ=[4.4, 4.3, 4.0, 4.2], ∫ϰ²/L>=[5.2, 5.4, 5.4, 5.2], C-C-Sep=0.10, ║∇J║=1.0e-03
Iteration 544/2000-----
currents: [100000.0, 99999.9999990081, 99999.99999909996, 99999.99999924279]
J=2.4e-05, ⟨Jf⟩=2.3e-05, ⟨B·n⟩=1.2e-03, Len=sum([4.0, 4.0, 3.9, 3.7])=15.7, ϰ=[4.3, 4.3, 4.0, 4.2], ∫ϰ²/L>=[5.2, 5.4, 5.4, 5.2], C-C-Sep=0.10, ║∇J║=9.1e-04
Iteration 545/2000-----
currents: [100000.0, 99999.99999900688, 99999.99999909889, 99999.99999924192]
J=2.4e-05, ⟨Jf⟩=2.3e-05, ⟨B·n⟩=1.2e-03, Len=sum([4.0, 4.0, 3.9, 3.7])=15.7, ϰ=[4.4, 4.3, 4.0, 4.2], ∫ϰ²/L>=[5.2, 5.4, 5.4, 5.2], C-C-Sep=0.10, ║∇J║=1.0e-03
Iteration 546/2000-----
currents: [100000.0, 99999.99999900599, 99999.99999909851, 99999.99999924167]
J=2.4e-05, ⟨Jf⟩=2.3e-05, ⟨B·n⟩=1.2e-03, Len=sum([4.0, 4.0, 3.9, 3.7])=15.7, ϰ=[4.4, 4.3, 4.0, 4.2], ∫ϰ²/L>=[5.2, 5.4, 5.4, 5.2], C-C-Sep=0.10, ║∇J║=1.4e-03
Iteration 547/2000-----
currents: [100000.0, 99999.999999005, 99999.99999909756, 99999.99999924086]
J=2.4e-05, ⟨Jf⟩=2.3e-05, ⟨B·n⟩=1.2e-03, Len=sum([4.0, 4.0, 3.9, 3.7])=15.7, ϰ=[4.4, 4.3, 4.1, 4.2], ∫ϰ²/L>=[5.2, 5.4, 5.4, 5.2], C-C-Sep=0.10, ║∇J║=1.0e-03
Iteration 548/2000-----
currents: [100000.0, 99999.99999900487, 99999.99999909778, 99999.99999924113]
J=2.4e-05, ⟨Jf⟩=2.3e-05, ⟨B·n⟩=1.2e-03, Len=sum([4.0, 4.0, 3.9, 3.7])=15.7, ϰ=[4.4, 4.3, 4.1, 4.3], ∫ϰ²/L>=[5.2, 5.4, 5.4, 5.2], C-C-Sep=0.10, ║∇J║=8.2e-04
Iteration 549/2000-----
currents: [100000.0, 99999.9999990046, 99999.99999909764, 99999.99999924106]
J=2.4e-05, ⟨Jf⟩=2.3e-05, ⟨B·n⟩=1.2e-03, Len=sum([4.0, 4.0, 3.9, 3.7])=15.7, ϰ=[4.4, 4.3, 4.1, 4.3], ∫ϰ²/L>=[5.2, 5.4, 5.4, 5.2], C-C-Sep=0.10, ║∇J║=8.1e-04
Iteration 550/2000-----
currents: [100000.0, 99999.9999990039, 99999.99999909704, 99999.99999924068]
J=2.4e-05, ⟨Jf⟩=2.3e-05, ⟨B·n⟩=1.2e-03, Len=sum([4.0, 4.0, 3.9, 3.7])=15.7, ϰ=[4.4, 4.4, 4.1, 4.3], ∫ϰ²/L>=[5.2, 5.4, 5.4, 5.2], C-C-Sep=0.10, ║∇J║=8.9e-04
Iteration 551/2000-----
currents: [100000.0, 99999.99999900348, 99999.99999909679, 99999.99999924062]
J=2.4e-05, ⟨Jf⟩=2.3e-05, ⟨B·n⟩=1.2e-03, Len=sum([4.0, 4.0, 3.9, 3.7])=15.7, ϰ=[4.4, 4.4, 4.2, 4.3], ∫ϰ²/L>=[5.2, 5.4, 5.4, 5.2], C-C-Sep=0.10, ║∇J║=7.4e-04
Iteration 552/2000-----
currents: [100000.0, 99999.99999900287, 99999.99999909636, 99999.99999924048]
J=2.4e-05, ⟨Jf⟩=2.3e-05, ⟨B·n⟩=1.2e-03, Len=sum([4.0, 4.0, 3.9, 3.7])=15.7, ϰ=[4.5, 4.4, 4.2, 4.3], ∫ϰ²/L>=[5.2, 5.4, 5.4, 5.2], C-C-Sep=0.10, ║∇J║=8.0e-04
Iteration 553/2000-----
currents: [100000.0, 99999.99999900183, 99999.99999909561, 99999.99999924019]
J=2.4e-05, ⟨Jf⟩=2.3e-05, ⟨B·n⟩=1.2e-03, Len=sum([4.0, 4.0, 3.9, 3.7])=15.7, ϰ=[4.5, 4.3, 4.2, 4.3], ∫ϰ²/L>=[5.2, 5.4, 5.4, 5.2], C-C-Sep=0.10, ║∇J║=1.1e-03
Iteration 554/2000-----
currents: [100000.0, 99999.99999900117, 99999.99999909535, 99999.99999924026]
J=2.4e-05, ⟨Jf⟩=2.3e-05, ⟨B·n⟩=1.2e-03, Len=sum([4.0, 4.0, 3.9, 3.7])=15.7, ϰ=[4.6, 4.3, 4.2, 4.3], ∫ϰ²/L>=[5.2, 5.4, 5.3, 5.2], C-C-Sep=0.10, ║∇J║=9.5e-04
Iteration 555/2000-----
currents: [100000.0, 99999.99999900055, 99999.99999909525, 99999.99999924046]
J=2.4e-05, ⟨Jf⟩=2.3e-05, ⟨B·n⟩=1.2e-03, Len=sum([4.0, 4.0, 3.9, 3.7])=15.7, ϰ=[4.6, 4.3, 4.1, 4.3], ∫ϰ²/L>=[5.2, 5.4, 5.3, 5.2], C-C-Sep=0.10, ║∇J║=8.8e-04
Iteration 556/2000-----
currents: [100000.0, 99999.99999899964, 99999.99999909481, 99999.99999924042]
J=2.4e-05, ⟨Jf⟩=2.3e-05, ⟨B·n⟩=1.2e-03, Len=sum([4.0, 4.0, 3.9, 3.7])=15.7, ϰ=[4.6, 4.2, 4.0, 4.3], ∫ϰ²/L>=[5.2, 5.4, 5.3, 5.2], C-C-Sep=0.10, ║∇J║=9.1e-04
Iteration 557/2000-----
currents: [100000.0, 99999.99999899884, 99999.99999909458, 99999.99999924048]
J=2.4e-05, ⟨Jf⟩=2.3e-05, ⟨B·n⟩=1.2e-03, Len=sum([4.0, 4.0, 3.9, 3.7])=15.7, ϰ=[4.5, 4.1, 4.0, 4.3], ∫ϰ²/L>=[5.2, 5.4, 5.3, 5.2], C-C-Sep=0.10, ║∇J║=1.1e-03
Iteration 558/2000-----
currents: [100000.0, 99999.99999899793, 99999.99999909387, 99999.99999924006]
J=2.4e-05, ⟨Jf⟩=2.3e-05, ⟨B·n⟩=1.2e-03, Len=sum([4.0, 4.0, 3.9, 3.7])=15.7, ϰ=[4.5, 4.1, 4.0, 4.2], ∫ϰ²/L>=[5.2, 5.4, 5.3, 5.2], C-C-Sep=0.10, ║∇J║=8.5e-04
Iteration 559/2000-----
currents: [100000.0, 99999.99999899756, 99999.99999909358, 99999.99999923991]
J=2.4e-05, ⟨Jf⟩=2.3e-05, ⟨B·n⟩=1.2e-03, Len=sum([4.0, 4.0, 3.9, 3.7])=15.7, ϰ=[4.5, 4.1, 4.0, 4.2], ∫ϰ²/L>=[5.2, 5.4, 5.3, 5.2], C-C-Sep=0.10, ║∇J║=7.2e-04
Iteration 560/2000-----
currents: [100000.0, 99999.99999899657, 99999.99999909247, 99999.999999239]
J=2.4e-05, ⟨Jf⟩=2.3e-05, ⟨B·n⟩=1.2e-03, Len=sum([4.0, 4.0, 3.9, 3.7])=15.7, ϰ=[4.5, 4.1, 4.0, 4.2], ∫ϰ²/L>=[5.2, 5.4, 5.3, 5.2], C-C-Sep=0.10, ║∇J║=7.6e-04
Iteration 561/2000-----
currents: [100000.0, 99999.99999899589, 99999.99999909198, 99999.99999923869]
J=2.4e-05, ⟨Jf⟩=2.3e-05, ⟨B·n⟩=1.2e-03, Len=sum([4.0, 4.0, 3.9, 3.7])=15.7, ϰ=[4.5, 4.1, 4.0, 4.2], ∫ϰ²/L>=[5.2, 5.3, 5.3, 5.2], C-C-Sep=0.10, ║∇J║=1.1e-03
Iteration 562/2000-----
currents: [100000.0, 99999.99999899475, 99999.99999909096, 99999.99999923796]
J=2.4e-05, ⟨Jf⟩=2.3e-05, ⟨B·n⟩=1.2e-03, Len=sum([4.0, 4.0, 3.9, 3.7])=15.7, ϰ=[4.5, 4.1, 4.0, 4.2], ∫ϰ²/L>=[5.2, 5.3, 5.3, 5.2], C-C-Sep=0.10, ║∇J║=8.1e-04
Iteration 563/2000-----
currents: [100000.0, 99999.99999899366, 99999.99999908997, 99999.9999992372]
J=2.4e-05, ⟨Jf⟩=2.3e-05, ⟨B·n⟩=1.2e-03, Len=sum([4.0, 4.0, 3.9, 3.7])=15.7, ϰ=[4.5, 4.1, 4.0, 4.2], ∫ϰ²/L>=[5.2, 5.3, 5.3, 5.2], C-C-Sep=0.10, ║∇J║=7.9e-04
Iteration 564/2000-----
currents: [100000.0, 99999.99999899298, 99999.99999908931, 99999.99999923671]
J=2.4e-05, ⟨Jf⟩=2.3e-05, ⟨B·n⟩=1.2e-03, Len=sum([4.0, 4.0, 3.9, 3.7])=15.7, ϰ=[4.5, 4.2, 4.0, 4.2], ∫ϰ²/L>=[5.2, 5.3, 5.3, 5.2], C-C-Sep=0.10, ║∇J║=1.1e-03
Iteration 565/2000-----
currents: [100000.0, 99999.99999899256, 99999.99999908906, 99999.99999923659]
J=2.4e-05, ⟨Jf⟩=2.3e-05, ⟨B·n⟩=1.2e-03, Len=sum([4.0, 4.0, 3.9, 3.7])=15.7, ϰ=[4.5, 4.2, 4.0, 4.2], ∫ϰ²/L>=[5.2, 5.3, 5.3, 5.2], C-C-Sep=0.10, ║∇J║=7.1e-04
Iteration 566/2000-----
currents: [100000.0, 99999.99999899209, 99999.99999908837, 99999.99999923602]
J=2.4e-05, ⟨Jf⟩=2.3e-05, ⟨B·n⟩=1.2e-03, Len=sum([4.0, 4.0, 3.9, 3.7])=15.7, ϰ=[4.5, 4.2, 4.0, 4.2], ∫ϰ²/L>=[5.2, 5.3, 5.3, 5.2], C-C-Sep=0.10, ║∇J║=6.9e-04
Iteration 567/2000-----
currents: [100000.0, 99999.99999899144, 99999.99999908774, 99999.99999923556]
J=2.4e-05, ⟨Jf⟩=2.3e-05, ⟨B·n⟩=1.2e-03, Len=sum([4.0, 4.0, 3.9, 3.7])=15.7, ϰ=[4.5, 4.2, 4.0, 4.2], ∫ϰ²/L>=[5.2, 5.3, 5.3, 5.2], C-C-Sep=0.10, ║∇J║=6.7e-04
Iteration 568/2000-----
currents: [100000.0, 99999.9999989907, 99999.99999908691, 99999.99999923495]
J=2.4e-05, ⟨Jf⟩=2.3e-05, ⟨B·n⟩=1.2e-03, Len=sum([4.0, 4.0, 3.9, 3.7])=15.7, ϰ=[4.6, 4.2, 4.1, 4.2], ∫ϰ²/L>=[5.2, 5.3, 5.3, 5.2], C-C-Sep=0.10, ║∇J║=7.1e-04
Iteration 569/2000-----
currents: [100000.0, 99999.99999898946, 99999.9999990857, 99999.9999992341]
J=2.4e-05, ⟨Jf⟩=2.3e-05, ⟨B·n⟩=1.2e-03, Len=sum([4.0, 4.0, 3.9, 3.7])=15.7, ϰ=[4.6, 4.2, 4.1, 4.2], ∫ϰ²/L>=[5.2, 5.3, 5.3, 5.2], C-C-Sep=0.10, ║∇J║=9.0e-04
Iteration 570/2000-----
currents: [100000.0, 99999.9999989889, 99999.99999908534, 99999.99999923394]
J=2.4e-05, ⟨Jf⟩=2.3e-05, ⟨B·n⟩=1.2e-03, Len=sum([4.0, 4.0, 3.9, 3.7])=15.7, ϰ=[4.6, 4.3, 4.1, 4.3], ∫ϰ²/L>=[5.2, 5.3, 5.3, 5.2], C-C-Sep=0.10, ║∇J║=8.1e-04
Iteration 571/2000-----
currents: [100000.0, 99999.99999898823, 99999.99999908483, 99999.99999923362]
J=2.4e-05, ⟨Jf⟩=2.3e-05, ⟨B·n⟩=1.2e-03, Len=sum([4.0, 4.0, 3.9, 3.7])=15.7, ϰ=[4.6, 4.3, 4.1, 4.3], ∫ϰ²/L>=[5.1, 5.3, 5.4, 5.2], C-C-Sep=0.10, ║∇J║=7.1e-04
Iteration 572/2000-----
currents: [100000.0, 99999.99999898784, 99999.99999908473, 99999.9999992337]
J=2.4e-05, ⟨Jf⟩=2.3e-05, ⟨B·n⟩=1.2e-03, Len=sum([4.0, 4.0, 3.9, 3.7])=15.7, ϰ=[4.5, 4.3, 4.1, 4.3], ∫ϰ²/L>=[5.1, 5.3, 5.3, 5.2], C-C-Sep=0.10, ║∇J║=8.7e-04
Iteration 573/2000-----
currents: [100000.0, 99999.99999898621, 99999.9999990834, 99999.99999923281]
J=2.4e-05, ⟨Jf⟩=2.3e-05, ⟨B·n⟩=1.2e-03, Len=sum([4.0, 4.0, 3.9, 3.7])=15.7, ϰ=[4.5, 4.4, 4.1, 4.3], ∫ϰ²/L>=[5.1, 5.3, 5.4, 5.2], C-C-Sep=0.10, ║∇J║=1.0e-03
Iteration 574/2000-----
currents: [100000.0, 99999.99999898598, 99999.99999908327, 99999.99999923274]
J=2.4e-05, ⟨Jf⟩=2.3e-05, ⟨B·n⟩=1.2e-03, Len=sum([4.0, 4.0, 3.9, 3.7])=15.7, ϰ=[4.5, 4.4, 4.1, 4.3], ∫ϰ²/L>=[5.1, 5.3, 5.4, 5.2], C-C-Sep=0.10, ║∇J║=7.1e-04
Iteration 575/2000-----
currents: [100000.0, 99999.99999898562, 99999.99999908303, 99999.9999992326]
J=2.4e-05, ⟨Jf⟩=2.3e-05, ⟨B·n⟩=1.2e-03, Len=sum([4.0, 4.0, 3.9, 3.7])=15.7, ϰ=[4.4, 4.4, 4.1, 4.2], ∫ϰ²/L>=[5.1, 5.3, 5.3, 5.2], C-C-Sep=0.10, ║∇J║=6.7e-04
Iteration 576/2000-----
currents: [100000.0, 99999.99999898426, 99999.99999908167, 99999.99999923156]
J=2.4e-05, ⟨Jf⟩=2.3e-05, ⟨B·n⟩=1.2e-03, Len=sum([4.0, 4.0, 3.9, 3.7])=15.7, ϰ=[4.4, 4.4, 4.1, 4.2], ∫ϰ²/L>=[5.1, 5.4, 5.3, 5.2], C-C-Sep=0.10, ║∇J║=9.4e-04
Iteration 577/2000-----
currents: [100000.0, 99999.9999989838, 99999.99999908144, 99999.99999923148]
J=2.4e-05, ⟨Jf⟩=2.3e-05, ⟨B·n⟩=1.2e-03, Len=sum([4.0, 4.0, 3.9, 3.7])=15.7, ϰ=[4.4, 4.5, 4.1, 4.2], ∫ϰ²/L>=[5.1, 5.3, 5.3, 5.2], C-C-Sep=0.10, ║∇J║=8.5e-04
Iteration 578/2000-----
currents: [100000.0, 99999.99999898252, 99999.99999908012, 99999.99999923047]
J=2.4e-05, ⟨Jf⟩=2.3e-05, ⟨B·n⟩=1.2e-03, Len=sum([4.0, 4.0, 3.9, 3.7])=15.7, ϰ=[4.3, 4.5, 4.2, 4.2], ∫ϰ²/L>=[5.1, 5.3, 5.3, 5.3], C-C-Sep=0.10, ║∇J║=7.7e-04
Iteration 579/2000-----
currents: [100000.0, 99999.99999898179, 99999.99999907945, 99999.99999923001]
J=2.4e-05, ⟨Jf⟩=2.3e-05, ⟨B·n⟩=1.2e-03, Len=sum([4.0, 4.0, 3.9, 3.7])=15.7, ϰ=[4.3, 4.6, 4.2, 4.2], ∫ϰ²/L>=[5.1, 5.3, 5.3, 5.3], C-C-Sep=0.10, ║∇J║=6.4e-04
Iteration 580/2000-----
currents: [100000.0, 99999.99999898093, 99999.99999907866, 99999.99999922949]
J=2.4e-05, ⟨Jf⟩=2.3e-05, ⟨B·n⟩=1.2e-03, Len=sum([4.0, 4.0, 3.9, 3.7])=15.7, ϰ=[4.3, 4.6, 4.2, 4.2], ∫ϰ²/L>=[5.1, 5.3, 5.3, 5.3], C-C-Sep=0.10, ║∇J║=6.7e-04
Iteration 581/2000-----
currents: [100000.0, 99999.99999898009, 99999.9999990779, 99999.99999922901]
J=2.4e-05, ⟨Jf⟩=2.3e-05, ⟨B·n⟩=1.2e-03, Len=sum([4.0, 4.0, 3.9, 3.7])=15.7, ϰ=[4.3, 4.6, 4.2, 4.1], ∫ϰ²/L>=[5.1, 5.3, 5.4, 5.3], C-C-Sep=0.10, ║∇J║=8.2e-04
Iteration 582/2000-----
currents: [100000.0, 99999.99999897875, 99999.99999907667, 99999.9999992282]
J=2.4e-05, ⟨Jf⟩=2.3e-05, ⟨B·n⟩=1.2e-03, Len=sum([4.0, 4.0, 3.9, 3.7])=15.7, ϰ=[4.2, 4.7, 4.2, 4.2], ∫ϰ²/L>=[5.1, 5.3, 5.4, 5.3], C-C-Sep=0.10, ║∇J║=9.8e-04
Iteration 583/2000-----
currents: [100000.0, 99999.99999897827, 99999.99999907616, 99999.9999992279]
J=2.4e-05, ⟨Jf⟩=2.3e-05, ⟨B·n⟩=1.2e-03, Len=sum([4.0, 4.0, 3.9, 3.7])=15.7, ϰ=[4.2, 4.7, 4.2, 4.1], ∫ϰ²/L>=[5.1, 5.3, 5.4, 5.3], C-C-Sep=0.10, ║∇J║=8.3e-04
Iteration 584/2000-----
currents: [100000.0, 99999.99999897735, 99999.99999907556, 99999.99999922763]
J=2.4e-05, ⟨Jf⟩=2.3e-05, ⟨B·n⟩=1.2e-03, Len=sum([4.0, 4.0, 3.9, 3.7])=15.7, ϰ=[4.2, 4.7, 4.2, 4.1], ∫ϰ²/L>=[5.1, 5.3, 5.4, 5.3], C-C-Sep=0.10, ║∇J║=8.6e-04
Iteration 585/2000-----
currents: [100000.0, 99999.99999897699, 99999.99999907521, 99999.9999992274]
J=2.4e-05, ⟨Jf⟩=2.3e-05, ⟨B·n⟩=1.2e-03, Len=sum([4.0, 4.0, 3.9, 3.7])=15.7, ϰ=[4.2, 4.7, 4.2, 4.1], ∫ϰ²/L>=[5.1, 5.3, 5.3, 5.3], C-C-Sep=0.10, ║∇J║=7.2e-04
Iteration 586/2000-----
currents: [100000.0, 99999.99999897652, 99999.99999907488, 99999.99999922724]
J=2.4e-05, ⟨Jf⟩=2.3e-05, ⟨B·n⟩=1.2e-03, Len=sum([4.0, 4.0, 3.9, 3.7])=15.7, ϰ=[4.2, 4.8, 4.2, 4.1], ∫ϰ²/L>=[5.1, 5.3, 5.3, 5.3], C-C-Sep=0.10, ║∇J║=7.4e-04
Iteration 587/2000-----
currents: [100000.0, 99999.99999897373, 99999.99999907255, 99999.99999922566]
J=2.4e-05, ⟨Jf⟩=2.3e-05, ⟨B·n⟩=1.2e-03, Len=sum([4.0, 4.0, 3.9, 3.7])=15.7, ϰ=[4.3, 4.8, 4.2, 4.0], ∫ϰ²/L>=[5.1, 5.3, 5.4, 5.3], C-C-Sep=0.10, ║∇J║=1.2e-03
Iteration 588/2000-----
currents: [100000.0, 99999.99999897376, 99999.99999907288, 99999.99999922609]
J=2.4e-05, ⟨Jf⟩=2.3e-05, ⟨B·n⟩=1.2e-03, Len=sum([4.0, 4.0, 3.9, 3.7])=15.7, ϰ=[4.3, 4.8, 4.2, 4.0], ∫ϰ²/L>=[5.1, 5.3, 5.3, 5.3], C-C-Sep=0.10, ║∇J║=1.0e-03
Iteration 589/2000-----
currents: [100000.0, 99999.9999989725, 99999.99999907185, 99999.99999922537]
J=2.4e-05, ⟨Jf⟩=2.3e-05, ⟨B·n⟩=1.2e-03, Len=sum([4.0, 4.0, 3.9, 3.7])=15.7, ϰ=[4.3, 4.8, 4.2, 4.0], ∫ϰ²/L>=[5.1, 5.3, 5.3, 5.3], C-C-Sep=0.10, ║∇J║=8.8e-04
Iteration 590/2000-----
currents: [100000.0, 99999.99999897083, 99999.9999990706, 99999.9999992246]
J=2.3e-05, ⟨Jf⟩=2.3e-05, ⟨B·n⟩=1.2e-03, Len=sum([4.0, 4.0, 3.9, 3.7])=15.7, ϰ=[4.3, 4.8, 4.1, 4.0], ∫ϰ²/L>=[5.1, 5.3, 5.3, 5.3], C-C-Sep=0.10, ║∇J║=9.0e-04
Iteration 591/2000-----
currents: [100000.0, 99999.99999896981, 99999.99999906999, 99999.99999922422]
J=2.3e-05, ⟨Jf⟩=2.3e-05, ⟨B·n⟩=1.2e-03, Len=sum([4.0, 4.0, 3.9, 3.7])=15.7, ϰ=[4.4, 4.8, 4.1, 4.0], ∫ϰ²/L>=[5.1, 5.3, 5.3, 5.3], C-C-Sep=0.10, ║∇J║=8.5e-04
Iteration 592/2000-----
currents: [100000.0, 99999.99999896908, 99999.99999906964, 99999.99999922408]
J=2.3e-05, ⟨Jf⟩=2.3e-05, ⟨B·n⟩=1.2e-03, Len=sum([4.0, 4.0, 3.9, 3.7])=15.7, ϰ=[4.4, 4.8, 4.1, 3.9], ∫ϰ²/L>=[5.1, 5.3, 5.3, 5.3], C-C-Sep=0.10, ║∇J║=7.3e-04
Iteration 593/2000-----
currents: [100000.0, 99999.9999989684, 99999.99999906936, 99999.99999922395]
J=2.3e-05, ⟨Jf⟩=2.3e-05, ⟨B·n⟩=1.2e-03, Len=sum([4.0, 4.0, 3.9, 3.7])=15.7, ϰ=[4.4, 4.7, 4.1, 3.9], ∫ϰ²/L>=[5.1, 5.3, 5.3, 5.3], C-C-Sep=0.10, ║∇J║=7.9e-04
Iteration 594/2000-----
currents: [100000.0, 99999.99999896747, 99999.99999906876, 99999.99999922357]
J=2.3e-05, ⟨Jf⟩=2.2e-05, ⟨B·n⟩=1.2e-03, Len=sum([4.0, 4.0, 3.9, 3.7])=15.7, ϰ=[4.5, 4.7, 4.2, 3.9], ∫ϰ²/L>=[5.1, 5.3, 5.3, 5.3], C-C-Sep=0.10, ║∇J║=9.0e-04
Iteration 595/2000-----
currents: [100000.0, 99999.99999896727, 99999.99999906869, 99999.9999992235]
J=2.3e-05, ⟨Jf⟩=2.2e-05, ⟨B·n⟩=1.2e-03, Len=sum([4.0, 4.0, 3.9, 3.7])=15.7, ϰ=[4.5, 4.7, 4.2, 3.9], ∫ϰ²/L>=[5.1, 5.3, 5.3, 5.3], C-C-Sep=0.10, ║∇J║=7.3e-04
Iteration 596/2000-----
currents: [100000.0, 99999.99999896596, 99999.9999990675, 99999.99999922253]
J=2.3e-05, ⟨Jf⟩=2.2e-05, ⟨B·n⟩=1.2e-03, Len=sum([4.0, 4.0, 3.9, 3.7])=15.7, ϰ=[4.5, 4.7, 4.2, 4.0], ∫ϰ²/L>=[5.1, 5.3, 5.3, 5.3], C-C-Sep=0.10, ║∇J║=7.5e-04
Iteration 597/2000-----
currents: [100000.0, 99999.999998965, 99999.99999906674, 99999.99999922195]
J=2.3e-05, ⟨Jf⟩=2.2e-05, ⟨B·n⟩=1.2e-03, Len=sum([4.0, 4.0, 3.9, 3.7])=15.7, ϰ=[4.5, 4.7, 4.2, 4.0], ∫ϰ²/L>=[5.1, 5.3, 5.3, 5.3], C-C-Sep=0.10, ║∇J║=9.7e-04
Iteration 598/2000-----
currents: [100000.0, 99999.99999896291, 99999.99999906517, 99999.99999922088]
J=2.3e-05, ⟨Jf⟩=2.2e-05, ⟨B·n⟩=1.2e-03, Len=sum([4.0, 4.0, 3.9, 3.7])=15.7, ϰ=[4.5, 4.7, 4.2, 4.0], ∫ϰ²/L>=[5.1, 5.3, 5.4, 5.3], C-C-Sep=0.10, ║∇J║=8.8e-04
Iteration 599/2000-----
currents: [100000.0, 99999.99999896185, 99999.99999906431, 99999.99999922032]
J=2.3e-05, ⟨Jf⟩=2.2e-05, ⟨B·n⟩=1.2e-03, Len=sum([4.0, 4.0, 3.9, 3.7])=15.7, ϰ=[4.5, 4.7, 4.2, 4.0], ∫ϰ²/L>=[5.1, 5.3, 5.4, 5.3], C-C-Sep=0.10, ║∇J║=1.1e-03
Iteration 600/2000-----
currents: [100000.0, 99999.99999896102, 99999.99999906377, 99999.99999922008]
J=2.3e-05, ⟨Jf⟩=2.2e-05, ⟨B·n⟩=1.2e-03, Len=sum([4.0, 4.0, 3.9, 3.7])=15.7, ϰ=[4.5, 4.7, 4.2, 4.0], ∫ϰ²/L>=[5.1, 5.3, 5.4, 5.3], C-C-Sep=0.10, ║∇J║=7.3e-04
Iteration 601/2000-----
currents: [100000.0, 99999.99999896117, 99999.99999906393, 99999.99999922028]
J=2.3e-05, ⟨Jf⟩=2.2e-05, ⟨B·n⟩=1.2e-03, Len=sum([4.0, 4.0, 3.9, 3.7])=15.7, ϰ=[4.5, 4.7, 4.1, 4.0], ∫ϰ²/L>=[5.1, 5.3, 5.4, 5.3], C-C-Sep=0.10, ║∇J║=6.4e-04
Iteration 602/2000-----
currents: [100000.0, 99999.99999896086, 99999.99999906373, 99999.99999922019]
J=2.3e-05, ⟨Jf⟩=2.2e-05, ⟨B·n⟩=1.2e-03, Len=sum([4.0, 4.0, 3.9, 3.7])=15.7, ϰ=[4.5, 4.8, 4.1, 3.9], ∫ϰ²/L>=[5.1, 5.3, 5.3, 5.3], C-C-Sep=0.10, ║∇J║=6.1e-04
Iteration 603/2000-----
currents: [100000.0, 99999.99999896025, 99999.9999990631, 99999.99999921973]
J=2.3e-05, ⟨Jf⟩=2.2e-05, ⟨B·n⟩=1.1e-03, Len=sum([4.0, 4.0, 3.9, 3.7])=15.7, ϰ=[4.5, 4.8, 4.1, 3.9], ∫ϰ²/L>=[5.1, 5.3, 5.3, 5.3], C-C-Sep=0.10, ║∇J║=6.8e-04
Iteration 604/2000-----
currents: [100000.0, 99999.99999895979, 99999.9999990626, 99999.99999921928]
J=2.3e-05, ⟨Jf⟩=2.2e-05, ⟨B·n⟩=1.1e-03, Len=sum([4.0, 4.0, 3.9, 3.7])=15.7, ϰ=[4.5, 4.7, 4.1, 3.9], ∫ϰ²/L>=[5.1, 5.3, 5.3, 5.3], C-C-Sep=0.10, ║∇J║=7.2e-04
Iteration 605/2000-----
currents: [100000.0, 99999.99999895919, 99999.999999062, 99999.99999921872]
J=2.3e-05, ⟨Jf⟩=2.2e-05, ⟨B·n⟩=1.1e-03, Len=sum([4.0, 4.0, 3.9, 3.7])=15.7, ϰ=[4.5, 4.7, 4.1, 3.9], ∫ϰ²/L>=[5.1, 5.3, 5.3, 5.3], C-C-Sep=0.10, ║∇J║=6.7e-04
Iteration 606/2000-----
currents: [100000.0, 99999.9999989578, 99999.99999906067, 99999.9999992177]
J=2.3e-05, ⟨Jf⟩=2.2e-05, ⟨B·n⟩=1.1e-03, Len=sum([4.0, 4.0, 3.9, 3.7])=15.7, ϰ=[4.5, 4.7, 4.1, 3.9], ∫ϰ²/L>=[5.1, 5.3, 5.3, 5.3], C-C-Sep=0.10, ║∇J║=6.8e-04
Iteration 607/2000-----
currents: [100000.0, 99999.99999895756, 99999.99999906025, 99999.99999921733]
J=2.3e-05, ⟨Jf⟩=2.2e-05, ⟨B·n⟩=1.1e-03, Len=sum([4.0, 4.0, 3.9, 3.7])=15.7, ϰ=[4.5, 4.7, 4.2, 3.9], ∫ϰ²/L>=[5.1, 5.3, 5.3, 5.3], C-C-Sep=0.10, ║∇J║=9.7e-04
Iteration 608/2000-----
currents: [100000.0, 99999.9999989558, 99999.99999905871, 99999.99999921625]
J=2.3e-05, ⟨Jf⟩=2.2e-05, ⟨B·n⟩=1.1e-03, Len=sum([4.0, 4.0, 3.9, 3.7])=15.7, ϰ=[4.5, 4.7, 4.2, 3.9], ∫ϰ²/L>=[5.1, 5.3, 5.3, 5.3], C-C-Sep=0.10, ║∇J║=9.7e-04
Iteration 609/2000-----
currents: [100000.0, 99999.99999895484, 99999.99999905785, 99999.99999921571]
J=2.3e-05, ⟨Jf⟩=2.2e-05, ⟨B·n⟩=1.1e-03, Len=sum([4.0, 4.0, 3.9, 3.7])=15.7, ϰ=[4.4, 4.6, 4.2, 3.9], ∫ϰ²/L>=[5.1, 5.3, 5.3, 5.3], C-C-Sep=0.10, ║∇J║=9.7e-04
Iteration 610/2000-----
currents: [100000.0, 99999.9999989531, 99999.99999905653, 99999.9999992149]
J=2.3e-05, ⟨Jf⟩=2.2e-05, ⟨B·n⟩=1.1e-03, Len=sum([4.0, 4.0, 3.9, 3.7])=15.7, ϰ=[4.4, 4.6, 4.2, 4.0], ∫ϰ²/L>=[5.1, 5.3, 5.4, 5.3], C-C-Sep=0.10, ║∇J║=1.1e-03
Iteration 611/2000-----
currents: [100000.0, 99999.99999895312, 99999.99999905658, 99999.99999921492]
J=2.3e-05, ⟨Jf⟩=2.2e-05, ⟨B·n⟩=1.1e-03, Len=sum([4.0, 4.0, 3.9, 3.7])=15.7, ϰ=[4.3, 4.6, 4.2, 4.0], ∫ϰ²/L>=[5.1, 5.2, 5.3, 5.3], C-C-Sep=0.10, ║∇J║=8.7e-04
Iteration 612/2000-----
currents: [100000.0, 99999.99999895199, 99999.99999905576, 99999.99999921441]
J=2.3e-05, ⟨Jf⟩=2.2e-05, ⟨B·n⟩=1.1e-03, Len=sum([4.0, 4.0, 3.9, 3.7])=15.7, ϰ=[4.3, 4.6, 4.2, 4.0], ∫ϰ²/L>=[5.1, 5.2, 5.3, 5.3], C-C-Sep=0.10, ║∇J║=6.9e-04
Iteration 613/2000-----
currents: [100000.0, 99999.99999895124, 99999.99999905545, 99999.99999921427]
J=2.3e-05, ⟨Jf⟩=2.2e-05, ⟨B·n⟩=1.1e-03, Len=sum([4.0, 4.0, 3.9, 3.7])=15.7, ϰ=[4.3, 4.6, 4.2, 4.0], ∫ϰ²/L>=[5.1, 5.2, 5.3, 5.3], C-C-Sep=0.10, ║∇J║=7.7e-04
Iteration 614/2000-----
currents: [100000.0, 99999.99999895006, 99999.99999905447, 99999.99999921366]
J=2.3e-05, ⟨Jf⟩=2.2e-05, ⟨B·n⟩=1.1e-03, Len=sum([4.0, 4.0, 3.9, 3.7])=15.7, ϰ=[4.3, 4.5, 4.3, 4.0], ∫ϰ²/L>=[5.1, 5.2, 5.3, 5.3], C-C-Sep=0.10, ║∇J║=9.8e-04
Iteration 615/2000-----
currents: [100000.0, 99999.99999894896, 99999.99999905341, 99999.99999921287]
J=2.3e-05, ⟨Jf⟩=2.2e-05, ⟨B·n⟩=1.1e-03, Len=sum([4.0, 4.0, 3.9, 3.7])=15.7, ϰ=[4.3, 4.6, 4.3, 4.1], ∫ϰ²/L>=[5.1, 5.2, 5.3, 5.3], C-C-Sep=0.10, ║∇J║=1.4e-03
Iteration 616/2000-----
currents: [100000.0, 99999.99999894969, 99999.99999905413, 99999.99999921341]
J=2.3e-05, ⟨Jf⟩=2.2e-05, ⟨B·n⟩=1.1e-03, Len=sum([4.0, 4.0, 3.9, 3.7])=15.7, ϰ=[4.3, 4.6, 4.3, 4.0], ∫ϰ²/L>=[5.1, 5.2, 5.3, 5.3], C-C-Sep=0.10, ║∇J║=5.9e-04
Iteration 617/2000-----
currents: [100000.0, 99999.9999989492, 99999.99999905378, 99999.99999921318]
J=2.3e-05, ⟨Jf⟩=2.2e-05, ⟨B·n⟩=1.1e-03, Len=sum([4.0, 4.0, 3.9, 3.7])=15.7, ϰ=[4.3, 4.6, 4.2, 4.0], ∫ϰ²/L>=[5.1, 5.2, 5.3, 5.3], C-C-Sep=0.10, ║∇J║=4.3e-04
Iteration 618/2000-----
currents: [100000.0, 99999.99999894865, 99999.99999905334, 99999.99999921293]
J=2.3e-05, ⟨Jf⟩=2.2e-05, ⟨B·n⟩=1.1e-03, Len=sum([4.0, 4.0, 3.9, 3.7])=15.7, ϰ=[4.3, 4.5, 4.2, 4.0], ∫ϰ²/L>=[5.1, 5.3, 5.3, 5.3], C-C-Sep=0.10, ║∇J║=6.4e-04
Iteration 619/2000-----
currents: [100000.0, 99999.99999894711, 99999.99999905213, 99999.99999921216]
J=2.3e-05, ⟨Jf⟩=2.2e-05, ⟨B·n⟩=1.1e-03, Len=sum([4.0, 4.0, 3.9, 3.7])=15.7, ϰ=[4.3, 4.5, 4.2, 4.1], ∫ϰ²/L>=[5.1, 5.3, 5.3, 5.3], C-C-Sep=0.10, ║∇J║=7.3e-04
Iteration 620/2000-----
currents: [100000.0, 99999.99999894538, 99999.99999905072, 99999.99999921126]
J=2.3e-05, ⟨Jf⟩=2.2e-05, ⟨B·n⟩=1.1e-03, Len=sum([4.0, 4.0, 3.9, 3.7])=15.7, ϰ=[4.3, 4.5, 4.2, 4.0], ∫ϰ²/L>=[5.1, 5.3, 5.3, 5.3], C-C-Sep=0.10, ║∇J║=9.3e-04
Iteration 621/2000-----
currents: [100000.0, 99999.99999894554, 99999.99999905081, 99999.9999992113]
J=2.3e-05, ⟨Jf⟩=2.2e-05, ⟨B·n⟩=1.1e-03, Len=sum([4.0, 4.0, 3.9, 3.7])=15.7, ϰ=[4.3, 4.5, 4.2, 4.0], ∫ϰ²/L>=[5.1, 5.3, 5.3, 5.3], C-C-Sep=0.10, ║∇J║=7.2e-04
Iteration 622/2000-----
currents: [100000.0, 99999.99999894403, 99999.99999904976, 99999.99999921066]
J=2.3e-05, ⟨Jf⟩=2.2e-05, ⟨B·n⟩=1.1e-03, Len=sum([4.0, 4.0, 3.9, 3.7])=15.7, ϰ=[4.2, 4.4, 4.2, 4.0], ∫ϰ²/L>=[5.1, 5.3, 5.3, 5.3], C-C-Sep=0.10, ║∇J║=9.1e-04
Iteration 623/2000-----
currents: [100000.0, 99999.99999894397, 99999.9999990497, 99999.99999921059]
J=2.3e-05, ⟨Jf⟩=2.2e-05, ⟨B·n⟩=1.1e-03, Len=sum([4.0, 4.0, 3.9, 3.7])=15.7, ϰ=[4.2, 4.4, 4.2, 4.0], ∫ϰ²/L>=[5.1, 5.3, 5.3, 5.3], C-C-Sep=0.10, ║∇J║=1.1e-03
Iteration 624/2000-----
currents: [100000.0, 99999.99999894302, 99999.99999904906, 99999.99999921015]
J=2.3e-05, ⟨Jf⟩=2.2e-05, ⟨B·n⟩=1.1e-03, Len=sum([4.0, 4.0, 3.9, 3.7])=15.7, ϰ=[4.1, 4.4, 4.3, 4.0], ∫ϰ²/L>=[5.1, 5.3, 5.3, 5.3], C-C-Sep=0.10, ║∇J║=6.9e-04
Iteration 625/2000-----
currents: [100000.0, 99999.99999894165, 99999.99999904787, 99999.99999920925]
J=2.3e-05, ⟨Jf⟩=2.2e-05, ⟨B·n⟩=1.1e-03, Len=sum([4.0, 4.0, 3.9, 3.7])=15.7, ϰ=[4.2, 4.3, 4.3, 4.0], ∫ϰ²/L>=[5.1, 5.3, 5.3, 5.3], C-C-Sep=0.10, ║∇J║=6.1e-04
Iteration 626/2000-----
currents: [100000.0, 99999.9999989412, 99999.99999904748, 99999.99999920889]
J=2.3e-05, ⟨Jf⟩=2.2e-05, ⟨B·n⟩=1.1e-03, Len=sum([4.1, 4.0, 3.9, 3.7])=15.7, ϰ=[4.2, 4.3, 4.3, 4.0], ∫ϰ²/L>=[5.1, 5.3, 5.3, 5.3], C-C-Sep=0.10, ║∇J║=6.5e-04
Iteration 627/2000-----
currents: [100000.0, 99999.99999894026, 99999.99999904657, 99999.99999920816]
J=2.3e-05, ⟨Jf⟩=2.2e-05, ⟨B·n⟩=1.1e-03, Len=sum([4.1, 4.0, 3.9, 3.7])=15.7, ϰ=[4.2, 4.3, 4.2, 4.0], ∫ϰ²/L>=[5.1, 5.3, 5.3, 5.3], C-C-Sep=0.10, ║∇J║=6.5e-04
Iteration 628/2000-----
currents: [100000.0, 99999.99999893941, 99999.99999904574, 99999.99999920744]
J=2.3e-05, ⟨Jf⟩=2.2e-05, ⟨B·n⟩=1.1e-03, Len=sum([4.1, 4.0, 3.9, 3.7])=15.7, ϰ=[4.2, 4.3, 4.2, 4.0], ∫ϰ²/L>=[5.1, 5.3, 5.3, 5.3], C-C-Sep=0.10, ║∇J║=5.8e-04
Iteration 629/2000-----
currents: [100000.0, 99999.99999893864, 99999.99999904509, 99999.99999920689]
J=2.3e-05, ⟨Jf⟩=2.2e-05, ⟨B·n⟩=1.1e-03, Len=sum([4.1, 4.0, 3.9, 3.7])=15.7, ϰ=[4.2, 4.4, 4.2, 4.0], ∫ϰ²/L>=[5.1, 5.2, 5.3, 5.3], C-C-Sep=0.10, ║∇J║=6.9e-04
Iteration 630/2000-----
currents: [100000.0, 99999.99999893695, 99999.99999904356, 99999.99999920568]
J=2.3e-05, ⟨Jf⟩=2.2e-05, ⟨B·n⟩=1.1e-03, Len=sum([4.1, 4.0, 3.9, 3.7])=15.7, ϰ=[4.2, 4.4, 4.2, 4.1], ∫ϰ²/L>=[5.1, 5.2, 5.4, 5.3], C-C-Sep=0.10, ║∇J║=1.0e-03
Iteration 631/2000-----
currents: [100000.0, 99999.99999893624, 99999.99999904283, 99999.99999920501]
J=2.3e-05, ⟨Jf⟩=2.2e-05, ⟨B·n⟩=1.1e-03, Len=sum([4.1, 4.0, 3.9, 3.7])=15.7, ϰ=[4.2, 4.4, 4.3, 4.1], ∫ϰ²/L>=[5.1, 5.2, 5.4, 5.3], C-C-Sep=0.10, ║∇J║=6.7e-04
Iteration 632/2000-----
currents: [100000.0, 99999.99999893544, 99999.99999904222, 99999.99999920455]
J=2.3e-05, ⟨Jf⟩=2.2e-05, ⟨B·n⟩=1.1e-03, Len=sum([4.1, 4.0, 3.9, 3.7])=15.7, ϰ=[4.3, 4.4, 4.3, 4.1], ∫ϰ²/L>=[5.1, 5.2, 5.4, 5.3], C-C-Sep=0.10, ║∇J║=6.0e-04
Iteration 633/2000-----
currents: [100000.0, 99999.99999893414, 99999.99999904094, 99999.99999920344]
J=2.3e-05, ⟨Jf⟩=2.2e-05, ⟨B·n⟩=1.1e-03, Len=sum([4.1, 4.0, 3.9, 3.7])=15.7, ϰ=[4.3, 4.5, 4.3, 4.1], ∫ϰ²/L>=[5.1, 5.2, 5.4, 5.3], C-C-Sep=0.10, ║∇J║=7.6e-04
Iteration 634/2000-----
currents: [100000.0, 99999.99999893268, 99999.9999990397, 99999.99999920245]
J=2.3e-05, ⟨Jf⟩=2.2e-05, ⟨B·n⟩=1.1e-03, Len=sum([4.1, 4.0, 3.9, 3.7])=15.7, ϰ=[4.3, 4.5, 4.3, 4.1], ∫ϰ²/L>=[5.1, 5.2, 5.4, 5.3], C-C-Sep=0.10, ║∇J║=8.6e-04
Iteration 635/2000-----
currents: [100000.0, 99999.99999893193, 99999.9999990392, 99999.99999920203]
J=2.3e-05, ⟨Jf⟩=2.2e-05, ⟨B·n⟩=1.1e-03, Len=sum([4.1, 4.0, 3.9, 3.7])=15.7, ϰ=[4.3, 4.5, 4.3, 4.1], ∫ϰ²/L>=[5.1, 5.2, 5.4, 5.3], C-C-Sep=0.10, ║∇J║=6.7e-04
Iteration 636/2000-----
currents: [100000.0, 99999.99999893081, 99999.99999903806, 99999.99999920106]
J=2.3e-05, ⟨Jf⟩=2.2e-05, ⟨B·n⟩=1.1e-03, Len=sum([4.1, 4.0, 3.9, 3.7])=15.7, ϰ=[4.3, 4.6, 4.3, 4.0], ∫ϰ²/L>=[5.1, 5.3, 5.4, 5.3], C-C-Sep=0.10, ║∇J║=6.9e-04
Iteration 637/2000-----
currents: [100000.0, 99999.99999893122, 99999.99999903858, 99999.99999920145]
J=2.3e-05, ⟨Jf⟩=2.2e-05, ⟨B·n⟩=1.1e-03, Len=sum([4.1, 4.0, 3.9, 3.7])=15.7, ϰ=[4.3, 4.6, 4.3, 4.0], ∫ϰ²/L>=[5.1, 5.3, 5.4, 5.3], C-C-Sep=0.10, ║∇J║=6.1e-04
Iteration 638/2000-----
currents: [100000.0, 99999.99999893086, 99999.99999903844, 99999.99999920135]
J=2.3e-05, ⟨Jf⟩=2.2e-05, ⟨B·n⟩=1.1e-03, Len=sum([4.1, 4.0, 3.9, 3.7])=15.7, ϰ=[4.3, 4.6, 4.3, 4.0], ∫ϰ²/L>=[5.1, 5.2, 5.4, 5.3], C-C-Sep=0.10, ║∇J║=5.6e-04
Iteration 639/2000-----
currents: [100000.0, 99999.99999893033, 99999.99999903822, 99999.99999920114]
J=2.3e-05, ⟨Jf⟩=2.2e-05, ⟨B·n⟩=1.1e-03, Len=sum([4.1, 4.0, 3.9, 3.7])=15.7, ϰ=[4.2, 4.6, 4.2, 3.9], ∫ϰ²/L>=[5.1, 5.2, 5.4, 5.3], C-C-Sep=0.10, ║∇J║=6.1e-04
Iteration 640/2000-----
currents: [100000.0, 99999.99999892878, 99999.99999903723, 99999.99999920037]
J=2.3e-05, ⟨Jf⟩=2.2e-05, ⟨B·n⟩=1.1e-03, Len=sum([4.1, 4.0, 3.9, 3.7])=15.7, ϰ=[4.2, 4.6, 4.2, 3.9], ∫ϰ²/L>=[5.1, 5.3, 5.4, 5.3], C-C-Sep=0.10, ║∇J║=1.0e-03
Iteration 641/2000-----
currents: [100000.0, 99999.99999892773, 99999.99999903653, 99999.99999919982]
J=2.3e-05, ⟨Jf⟩=2.2e-05, ⟨B·n⟩=1.1e-03, Len=sum([4.1, 4.0, 3.9, 3.7])=15.7, ϰ=[4.2, 4.6, 4.2, 3.9], ∫ϰ²/L>=[5.1, 5.3, 5.4, 5.3], C-C-Sep=0.10, ║∇J║=6.3e-04
Iteration 642/2000-----
currents: [100000.0, 99999.99999892732, 99999.99999903656, 99999.9999991998]
J=2.3e-05, ⟨Jf⟩=2.2e-05, ⟨B·n⟩=1.1e-03, Len=sum([4.1, 4.0, 3.9, 3.7])=15.7, ϰ=[4.1, 4.6, 4.2, 3.9], ∫ϰ²/L>=[5.1, 5.2, 5.3, 5.3], C-C-Sep=0.10, ║∇J║=5.4e-04
Iteration 643/2000-----
currents: [100000.0, 99999.99999892569, 99999.99999903559, 99999.99999919912]
J=2.3e-05, ⟨Jf⟩=2.2e-05, ⟨B·n⟩=1.1e-03, Len=sum([4.1, 4.0, 3.9, 3.7])=15.7, ϰ=[4.1, 4.6, 4.3, 3.9], ∫ϰ²/L>=[5.1, 5.2, 5.4, 5.3], C-C-Sep=0.10, ║∇J║=6.7e-04
Iteration 644/2000-----
currents: [100000.0, 99999.99999892518, 99999.99999903559, 99999.99999919912]
J=2.3e-05, ⟨Jf⟩=2.2e-05, ⟨B·n⟩=1.1e-03, Len=sum([4.1, 4.0, 3.9, 3.7])=15.7, ϰ=[4.0, 4.6, 4.3, 3.8], ∫ϰ²/L>=[5.1, 5.2, 5.3, 5.3], C-C-Sep=0.10, ║∇J║=6.5e-04
Iteration 645/2000-----
currents: [100000.0, 99999.9999989249, 99999.99999903562, 99999.9999991991]
J=2.3e-05, ⟨Jf⟩=2.2e-05, ⟨B·n⟩=1.1e-03, Len=sum([4.1, 4.0, 3.9, 3.7])=15.7, ϰ=[4.0, 4.5, 4.4, 3.8], ∫ϰ²/L>=[5.1, 5.2, 5.3, 5.3], C-C-Sep=0.10, ║∇J║=8.4e-04
Iteration 646/2000-----
currents: [100000.0, 99999.99999892464, 99999.9999990356, 99999.9999991991]
J=2.3e-05, ⟨Jf⟩=2.2e-05, ⟨B·n⟩=1.1e-03, Len=sum([4.1, 4.0, 3.9, 3.7])=15.7, ϰ=[4.0, 4.6, 4.4, 3.8], ∫ϰ²/L>=[5.1, 5.2, 5.3, 5.3], C-C-Sep=0.10, ║∇J║=6.8e-04
Iteration 647/2000-----
currents: [100000.0, 99999.99999892403, 99999.99999903532, 99999.99999919889]
J=2.3e-05, ⟨Jf⟩=2.2e-05, ⟨B·n⟩=1.1e-03, Len=sum([4.1, 4.0, 3.9, 3.7])=15.7, ϰ=[4.0, 4.6, 4.3, 3.8], ∫ϰ²/L>=[5.1, 5.2, 5.3, 5.3], C-C-Sep=0.10, ║∇J║=5.5e-04
Iteration 648/2000-----
currents: [100000.0, 99999.99999892362, 99999.99999903495, 99999.99999919842]
J=2.3e-05, ⟨Jf⟩=2.2e-05, ⟨B·n⟩=1.1e-03, Len=sum([4.1, 4.0, 3.9, 3.7])=15.7, ϰ=[4.1, 4.6, 4.3, 3.9], ∫ϰ²/L>=[5.1, 5.2, 5.3, 5.3], C-C-Sep=0.10, ║∇J║=6.4e-04
Iteration 649/2000-----
currents: [100000.0, 99999.9999989232, 99999.99999903471, 99999.99999919806]
J=2.3e-05, ⟨Jf⟩=2.2e-05, ⟨B·n⟩=1.1e-03, Len=sum([4.1, 4.0, 3.9, 3.7])=15.7, ϰ=[4.1, 4.6, 4.3, 4.0], ∫ϰ²/L>=[5.1, 5.2, 5.3, 5.3], C-C-Sep=0.10, ║∇J║=7.3e-04
Iteration 650/2000-----
currents: [100000.0, 99999.99999892278, 99999.99999903455, 99999.99999919781]
J=2.3e-05, ⟨Jf⟩=2.2e-05, ⟨B·n⟩=1.1e-03, Len=sum([4.1, 4.0, 3.9, 3.7])=15.7, ϰ=[4.1, 4.6, 4.3, 4.0], ∫ϰ²/L>=[5.1, 5.2, 5.3, 5.3], C-C-Sep=0.10, ║∇J║=6.4e-04
Iteration 651/2000-----
currents: [100000.0, 99999.99999892326, 99999.99999903495, 99999.99999919799]
J=2.3e-05, ⟨Jf⟩=2.2e-05, ⟨B·n⟩=1.1e-03, Len=sum([4.1, 4.0, 3.9, 3.7])=15.7, ϰ=[4.1, 4.6, 4.2, 4.0], ∫ϰ²/L>=[5.1, 5.2, 5.3, 5.3], C-C-Sep=0.10, ║∇J║=4.9e-04
Iteration 652/2000-----
currents: [100000.0, 99999.99999892316, 99999.99999903496, 99999.99999919796]
J=2.3e-05, ⟨Jf⟩=2.2e-05, ⟨B·n⟩=1.1e-03, Len=sum([4.1, 4.0, 3.9, 3.7])=15.7, ϰ=[4.1, 4.6, 4.3, 4.0], ∫ϰ²/L>=[5.1, 5.2, 5.3, 5.3], C-C-Sep=0.10, ║∇J║=5.8e-04
Iteration 653/2000-----
currents: [100000.0, 99999.99999892338, 99999.9999990354, 99999.9999991983]
J=2.3e-05, ⟨Jf⟩=2.2e-05, ⟨B·n⟩=1.1e-03, Len=sum([4.1, 4.0, 3.9, 3.7])=15.7, ϰ=[4.1, 4.5, 4.3, 4.0], ∫ϰ²/L>=[5.1, 5.2, 5.3, 5.3], C-C-Sep=0.10, ║∇J║=5.8e-04
Iteration 654/2000-----
currents: [100000.0, 99999.99999892314, 99999.99999903538, 99999.99999919833]
J=2.3e-05, ⟨Jf⟩=2.2e-05, ⟨B·n⟩=1.1e-03, Len=sum([4.1, 4.0, 3.9, 3.7])=15.7, ϰ=[4.1, 4.5, 4.3, 4.0], ∫ϰ²/L>=[5.1, 5.2, 5.3, 5.3], C-C-Sep=0.10, ║∇J║=5.0e-04
Iteration 655/2000-----
currents: [100000.0, 99999.99999892256, 99999.99999903528, 99999.99999919832]
J=2.3e-05, ⟨Jf⟩=2.2e-05, ⟨B·n⟩=1.1e-03, Len=sum([4.1, 4.0, 3.9, 3.7])=15.7, ϰ=[4.1, 4.5, 4.3, 4.0], ∫ϰ²/L>=[5.1, 5.2, 5.3, 5.3], C-C-Sep=0.10, ║∇J║=6.1e-04
Iteration 656/2000-----
currents: [100000.0, 99999.99999892197, 99999.99999903506, 99999.9999991982]
J=2.3e-05, ⟨Jf⟩=2.2e-05, ⟨B·n⟩=1.1e-03, Len=sum([4.1, 4.0, 3.9, 3.7])=15.7, ϰ=[4.1, 4.5, 4.3, 4.0], ∫ϰ²/L>=[5.1, 5.2, 5.3, 5.3], C-C-Sep=0.10, ║∇J║=5.2e-04
Iteration 657/2000-----
currents: [100000.0, 99999.99999892162, 99999.99999903487, 99999.99999919806]
J=2.3e-05, ⟨Jf⟩=2.2e-05, ⟨B·n⟩=1.1e-03, Len=sum([4.1, 4.0, 3.9, 3.7])=15.7, ϰ=[4.1, 4.5, 4.3, 4.0], ∫ϰ²/L>=[5.1, 5.2, 5.3, 5.3], C-C-Sep=0.10, ║∇J║=4.5e-04
Iteration 658/2000-----
currents: [100000.0, 99999.99999892102, 99999.9999990344, 99999.99999919761]
J=2.3e-05, ⟨Jf⟩=2.2e-05, ⟨B·n⟩=1.1e-03, Len=sum([4.1, 4.0, 3.9, 3.7])=15.7, ϰ=[4.1, 4.5, 4.3, 3.9], ∫ϰ²/L>=[5.0, 5.2, 5.3, 5.3], C-C-Sep=0.10, ║∇J║=6.0e-04
Iteration 659/2000-----
currents: [100000.0, 99999.99999892, 99999.9999990335, 99999.99999919684]
J=2.3e-05, ⟨Jf⟩=2.2e-05, ⟨B·n⟩=1.1e-03, Len=sum([4.1, 4.0, 3.9, 3.7])=15.7, ϰ=[4.1, 4.5, 4.3, 3.9], ∫ϰ²/L>=[5.1, 5.2, 5.3, 5.3], C-C-Sep=0.10, ║∇J║=7.5e-04
Iteration 660/2000-----
currents: [100000.0, 99999.99999891914, 99999.99999903269, 99999.99999919606]
J=2.3e-05, ⟨Jf⟩=2.2e-05, ⟨B·n⟩=1.1e-03, Len=sum([4.1, 4.0, 3.9, 3.7])=15.7, ϰ=[4.1, 4.4, 4.2, 3.9], ∫ϰ²/L>=[5.0, 5.2, 5.3, 5.3], C-C-Sep=0.10, ║∇J║=7.5e-04
Iteration 661/2000-----
currents: [100000.0, 99999.99999891671, 99999.99999902978, 99999.99999919353]
J=2.3e-05, ⟨Jf⟩=2.2e-05, ⟨B·n⟩=1.1e-03, Len=sum([4.1, 4.0, 3.9, 3.7])=15.7, ϰ=[4.0, 4.4, 4.3, 3.9], ∫ϰ²/L>=[5.0, 5.2, 5.3, 5.3], C-C-Sep=0.10, ║∇J║=1.2e-03
Iteration 662/2000-----
currents: [100000.0, 99999.99999891772, 99999.99999903067, 99999.9999991941]
J=2.3e-05, ⟨Jf⟩=2.2e-05, ⟨B·n⟩=1.1e-03, Len=sum([4.1, 4.0, 3.9, 3.7])=15.7, ϰ=[4.1, 4.4, 4.3, 3.9], ∫ϰ²/L>=[5.0, 5.2, 5.3, 5.3], C-C-Sep=0.10, ║∇J║=9.0e-04
Iteration 663/2000-----
currents: [100000.0, 99999.99999891748, 99999.99999903067, 99999.99999919419]
J=2.3e-05, ⟨Jf⟩=2.2e-05, ⟨B·n⟩=1.1e-03, Len=sum([4.1, 4.0, 3.9, 3.7])=15.7, ϰ=[4.1, 4.4, 4.3, 3.9], ∫ϰ²/L>=[5.0, 5.2, 5.3, 5.3], C-C-Sep=0.10, ║∇J║=5.3e-04
Iteration 664/2000-----
currents: [100000.0, 99999.99999891712, 99999.99999903027, 99999.99999919378]
J=2.3e-05, ⟨Jf⟩=2.2e-05, ⟨B·n⟩=1.1e-03, Len=sum([4.1, 4.0, 3.9, 3.7])=15.7, ϰ=[4.1, 4.4, 4.3, 3.9], ∫ϰ²/L>=[5.0, 5.2, 5.3, 5.3], C-C-Sep=0.10, ║∇J║=4.3e-04
Iteration 665/2000-----
currents: [100000.0, 99999.99999891612, 99999.99999902904, 99999.99999919263]
J=2.3e-05, ⟨Jf⟩=2.2e-05, ⟨B·n⟩=1.1e-03, Len=sum([4.1, 4.0, 3.9, 3.7])=15.7, ϰ=[4.1, 4.4, 4.3, 3.9], ∫ϰ²/L>=[5.0, 5.2, 5.3, 5.3], C-C-Sep=0.10, ║∇J║=6.0e-04
Iteration 666/2000-----
currents: [100000.0, 99999.99999891507, 99999.99999902783, 99999.99999919138]
J=2.3e-05, ⟨Jf⟩=2.2e-05, ⟨B·n⟩=1.1e-03, Len=sum([4.1, 4.0, 3.9, 3.7])=15.7, ϰ=[4.1, 4.4, 4.4, 4.0], ∫ϰ²/L>=[5.1, 5.2, 5.3, 5.3], C-C-Sep=0.10, ║∇J║=7.0e-04
Iteration 667/2000-----
currents: [100000.0, 99999.99999891513, 99999.99999902786, 99999.99999919141]
J=2.3e-05, ⟨Jf⟩=2.2e-05, ⟨B·n⟩=1.1e-03, Len=sum([4.1, 4.0, 3.9, 3.7])=15.7, ϰ=[4.1, 4.4, 4.4, 4.0], ∫ϰ²/L>=[5.1, 5.2, 5.3, 5.3], C-C-Sep=0.10, ║∇J║=4.4e-04
Iteration 668/2000-----
currents: [100000.0, 99999.99999891508, 99999.99999902792, 99999.9999991915]
J=2.3e-05, ⟨Jf⟩=2.2e-05, ⟨B·n⟩=1.1e-03, Len=sum([4.1, 4.0, 3.9, 3.7])=15.7, ϰ=[4.1, 4.4, 4.4, 4.0], ∫ϰ²/L>=[5.1, 5.2, 5.3, 5.3], C-C-Sep=0.10, ║∇J║=4.0e-04
Iteration 669/2000-----
currents: [100000.0, 99999.99999891467, 99999.99999902751, 99999.9999991911]
J=2.3e-05, ⟨Jf⟩=2.2e-05, ⟨B·n⟩=1.1e-03, Len=sum([4.1, 4.0, 3.9, 3.7])=15.7, ϰ=[4.1, 4.4, 4.3, 4.0], ∫ϰ²/L>=[5.1, 5.2, 5.3, 5.3], C-C-Sep=0.10, ║∇J║=4.8e-04
Iteration 670/2000-----
currents: [100000.0, 99999.99999891332, 99999.99999902638, 99999.99999919003]
J=2.3e-05, ⟨Jf⟩=2.1e-05, ⟨B·n⟩=1.1e-03, Len=sum([4.1, 4.0, 3.9, 3.7])=15.7, ϰ=[4.1, 4.4, 4.3, 4.0], ∫ϰ²/L>=[5.1, 5.2, 5.3, 5.3], C-C-Sep=0.10, ║∇J║=7.0e-04
Iteration 671/2000-----
currents: [100000.0, 99999.9999989127, 99999.99999902597, 99999.99999918955]
J=2.3e-05, ⟨Jf⟩=2.1e-05, ⟨B·n⟩=1.1e-03, Len=sum([4.1, 4.0, 3.9, 3.7])=15.7, ϰ=[4.1, 4.4, 4.3, 4.0], ∫ϰ²/L>=[5.1, 5.2, 5.3, 5.3], C-C-Sep=0.10, ║∇J║=8.5e-04
Iteration 672/2000-----
currents: [100000.0, 99999.99999891128, 99999.99999902489, 99999.99999918856]
J=2.3e-05, ⟨Jf⟩=2.1e-05, ⟨B·n⟩=1.1e-03, Len=sum([4.1, 4.0, 3.9, 3.7])=15.7, ϰ=[4.1, 4.4, 4.3, 4.0], ∫ϰ²/L>=[5.1, 5.2, 5.3, 5.3], C-C-Sep=0.10, ║∇J║=7.6e-04
Iteration 673/2000-----
currents: [100000.0, 99999.99999890992, 99999.999999024, 99999.9999991876]
J=2.3e-05, ⟨Jf⟩=2.1e-05, ⟨B·n⟩=1.1e-03, Len=sum([4.1, 4.0, 3.9, 3.7])=15.7, ϰ=[4.1, 4.4, 4.3, 4.0], ∫ϰ²/L>=[5.1, 5.2, 5.3, 5.3], C-C-Sep=0.10, ║∇J║=7.0e-04
Iteration 674/2000-----
currents: [100000.0, 99999.99999890912, 99999.99999902355, 99999.9999991871]
J=2.3e-05, ⟨Jf⟩=2.1e-05, ⟨B·n⟩=1.1e-03, Len=sum([4.1, 4.0, 3.9, 3.7])=15.7, ϰ=[4.1, 4.5, 4.3, 4.1], ∫ϰ²/L>=[5.1, 5.2, 5.3, 5.3], C-C-Sep=0.10, ║∇J║=7.5e-04
Iteration 675/2000-----
currents: [100000.0, 99999.99999890837, 99999.99999902312, 99999.99999918671]
J=2.3e-05, ⟨Jf⟩=2.1e-05, ⟨B·n⟩=1.1e-03, Len=sum([4.1, 4.0, 3.9, 3.7])=15.7, ϰ=[4.1, 4.4, 4.3, 4.1], ∫ϰ²/L>=[5.1, 5.2, 5.3, 5.3], C-C-Sep=0.10, ║∇J║=5.5e-04
Iteration 676/2000-----
currents: [100000.0, 99999.9999989083, 99999.99999902296, 99999.99999918639]
J=2.3e-05, ⟨Jf⟩=2.1e-05, ⟨B·n⟩=1.1e-03, Len=sum([4.1, 4.0, 3.9, 3.7])=15.7, ϰ=[4.1, 4.4, 4.3, 4.1], ∫ϰ²/L>=[5.1, 5.2, 5.3, 5.3], C-C-Sep=0.10, ║∇J║=4.7e-04
Iteration 677/2000-----
currents: [100000.0, 99999.99999890721, 99999.9999990221, 99999.99999918565]
J=2.3e-05, ⟨Jf⟩=2.1e-05, ⟨B·n⟩=1.1e-03, Len=sum([4.1, 4.0, 3.9, 3.7])=15.7, ϰ=[4.1, 4.4, 4.3, 4.1], ∫ϰ²/L>=[5.1, 5.2, 5.3, 5.3], C-C-Sep=0.10, ║∇J║=5.4e-04
Iteration 678/2000-----
currents: [100000.0, 99999.99999890666, 99999.99999902154, 99999.99999918512]
J=2.3e-05, ⟨Jf⟩=2.1e-05, ⟨B·n⟩=1.1e-03, Len=sum([4.1, 4.0, 3.9, 3.7])=15.7, ϰ=[4.1, 4.4, 4.3, 4.1], ∫ϰ²/L>=[5.1, 5.2, 5.3, 5.3], C-C-Sep=0.10, ║∇J║=4.5e-04
Iteration 679/2000-----
currents: [100000.0, 99999.99999890637, 99999.99999902124, 99999.99999918483]
J=2.3e-05, ⟨Jf⟩=2.1e-05, ⟨B·n⟩=1.1e-03, Len=sum([4.1, 4.0, 3.9, 3.7])=15.7, ϰ=[4.1, 4.4, 4.3, 4.1], ∫ϰ²/L>=[5.1, 5.2, 5.3, 5.3], C-C-Sep=0.10, ║∇J║=4.4e-04
Iteration 680/2000-----
currents: [100000.0, 99999.99999890574, 99999.99999902076, 99999.99999918444]
J=2.3e-05, ⟨Jf⟩=2.1e-05, ⟨B·n⟩=1.1e-03, Len=sum([4.1, 4.0, 3.9, 3.7])=15.7, ϰ=[4.1, 4.4, 4.3, 4.1], ∫ϰ²/L>=[5.1, 5.2, 5.3, 5.3], C-C-Sep=0.10, ║∇J║=4.5e-04
Iteration 681/2000-----
currents: [100000.0, 99999.99999890545, 99999.9999990205, 99999.99999918415]
J=2.3e-05, ⟨Jf⟩=2.1e-05, ⟨B·n⟩=1.1e-03, Len=sum([4.1, 4.0, 3.9, 3.7])=15.7, ϰ=[4.1, 4.4, 4.3, 4.1], ∫ϰ²/L>=[5.0, 5.2, 5.3, 5.3], C-C-Sep=0.10, ║∇J║=5.1e-04
Iteration 682/2000-----
currents: [100000.0, 99999.99999890449, 99999.99999901977, 99999.99999918338]
J=2.2e-05, ⟨Jf⟩=2.1e-05, ⟨B·n⟩=1.1e-03, Len=sum([4.1, 4.0, 3.9, 3.7])=15.7, ϰ=[4.1, 4.4, 4.3, 4.1], ∫ϰ²/L>=[5.1, 5.2, 5.3, 5.3], C-C-Sep=0.10, ║∇J║=6.1e-04
Iteration 683/2000-----
currents: [100000.0, 99999.99999890405, 99999.99999901933, 99999.9999991828]
J=2.2e-05, ⟨Jf⟩=2.1e-05, ⟨B·n⟩=1.1e-03, Len=sum([4.1, 4.0, 3.9, 3.7])=15.7, ϰ=[4.2, 4.4, 4.3, 4.1], ∫ϰ²/L>=[5.1, 5.2, 5.3, 5.3], C-C-Sep=0.10, ║∇J║=6.8e-04
Iteration 684/2000-----
currents: [100000.0, 99999.99999890344, 99999.99999901863, 99999.99999918183]
J=2.2e-05, ⟨Jf⟩=2.1e-05, ⟨B·n⟩=1.1e-03, Len=sum([4.1, 4.0, 3.9, 3.7])=15.7, ϰ=[4.2, 4.4, 4.3, 4.1], ∫ϰ²/L>=[5.1, 5.2, 5.3, 5.3], C-C-Sep=0.10, ║∇J║=6.2e-04
Iteration 685/2000-----
currents: [100000.0, 99999.99999890254, 99999.99999901761, 99999.99999918065]
J=2.2e-05, ⟨Jf⟩=2.1e-05, ⟨B·n⟩=1.1e-03, Len=sum([4.1, 4.0, 3.9, 3.7])=15.7, ϰ=[4.2, 4.4, 4.3, 4.0], ∫ϰ²/L>=[5.1, 5.2, 5.3, 5.3], C-C-Sep=0.10, ║∇J║=7.6e-04
Iteration 686/2000-----
currents: [100000.0, 99999.99999890235, 99999.99999901728, 99999.9999991802]
J=2.2e-05, ⟨Jf⟩=2.1e-05, ⟨B·n⟩=1.1e-03, Len=sum([4.1, 4.0, 3.9, 3.7])=15.7, ϰ=[4.2, 4.4, 4.3, 4.0], ∫ϰ²/L>=[5.1, 5.2, 5.3, 5.3], C-C-Sep=0.10, ║∇J║=5.6e-04
Iteration 687/2000-----
currents: [100000.0, 99999.99999890178, 99999.9999990167, 99999.99999917958]
J=2.2e-05, ⟨Jf⟩=2.1e-05, ⟨B·n⟩=1.1e-03, Len=sum([4.1, 4.0, 3.9, 3.7])=15.7, ϰ=[4.2, 4.5, 4.3, 4.0], ∫ϰ²/L>=[5.1, 5.2, 5.3, 5.3], C-C-Sep=0.10, ║∇J║=5.4e-04
Iteration 688/2000-----
currents: [100000.0, 99999.99999890114, 99999.99999901596, 99999.99999917869]
J=2.2e-05, ⟨Jf⟩=2.1e-05, ⟨B·n⟩=1.1e-03, Len=sum([4.1, 4.0, 3.9, 3.7])=15.7, ϰ=[4.2, 4.5, 4.3, 4.0], ∫ϰ²/L>=[5.1, 5.2, 5.3, 5.3], C-C-Sep=0.10, ║∇J║=7.1e-04
Iteration 689/2000-----
currents: [100000.0, 99999.99999890041, 99999.99999901542, 99999.99999917804]
J=2.2e-05, ⟨Jf⟩=2.1e-05, ⟨B·n⟩=1.1e-03, Len=sum([4.1, 4.0, 3.9, 3.7])=15.7, ϰ=[4.2, 4.5, 4.4, 4.0], ∫ϰ²/L>=[5.1, 5.2, 5.3, 5.3], C-C-Sep=0.10, ║∇J║=6.8e-04
Iteration 690/2000-----
currents: [100000.0, 99999.99999890044, 99999.99999901553, 99999.99999917814]
J=2.2e-05, ⟨Jf⟩=2.1e-05, ⟨B·n⟩=1.1e-03, Len=sum([4.1, 4.0, 3.9, 3.7])=15.7, ϰ=[4.2, 4.5, 4.4, 4.0], ∫ϰ²/L>=[5.1, 5.2, 5.3, 5.3], C-C-Sep=0.10, ║∇J║=4.3e-04
Iteration 691/2000-----
currents: [100000.0, 99999.99999889989, 99999.99999901529, 99999.9999991779]
J=2.2e-05, ⟨Jf⟩=2.1e-05, ⟨B·n⟩=1.1e-03, Len=sum([4.1, 4.0, 3.9, 3.7])=15.7, ϰ=[4.3, 4.4, 4.4, 4.1], ∫ϰ²/L>=[5.1, 5.2, 5.3, 5.3], C-C-Sep=0.10, ║∇J║=4.2e-04
Iteration 692/2000-----
currents: [100000.0, 99999.9999988997, 99999.99999901527, 99999.99999917782]
J=2.2e-05, ⟨Jf⟩=2.1e-05, ⟨B·n⟩=1.1e-03, Len=sum([4.1, 4.0, 3.9, 3.7])=15.7, ϰ=[4.3, 4.4, 4.4, 4.1], ∫ϰ²/L>=[5.1, 5.2, 5.3, 5.3], C-C-Sep=0.10, ║∇J║=4.9e-04
Iteration 693/2000-----
currents: [100000.0, 99999.99999889864, 99999.99999901457, 99999.99999917718]
J=2.2e-05, ⟨Jf⟩=2.1e-05, ⟨B·n⟩=1.1e-03, Len=sum([4.1, 4.0, 3.9, 3.7])=15.7, ϰ=[4.3, 4.4, 4.4, 4.1], ∫ϰ²/L>=[5.1, 5.2, 5.3, 5.3], C-C-Sep=0.10, ║∇J║=4.4e-04
Iteration 694/2000-----
currents: [100000.0, 99999.99999889739, 99999.99999901366, 99999.99999917632]
J=2.2e-05, ⟨Jf⟩=2.1e-05, ⟨B·n⟩=1.1e-03, Len=sum([4.1, 4.0, 3.9, 3.7])=15.7, ϰ=[4.3, 4.4, 4.4, 4.1], ∫ϰ²/L>=[5.1, 5.2, 5.3, 5.3], C-C-Sep=0.10, ║∇J║=4.9e-04
Iteration 695/2000-----
currents: [100000.0, 99999.99999889683, 99999.99999901326, 99999.99999917594]
J=2.2e-05, ⟨Jf⟩=2.1e-05, ⟨B·n⟩=1.1e-03, Len=sum([4.1, 4.0, 3.9, 3.7])=15.7, ϰ=[4.3, 4.4, 4.4, 4.1], ∫ϰ²/L>=[5.1, 5.2, 5.3, 5.3], C-C-Sep=0.10, ║∇J║=4.8e-04
Iteration 696/2000-----
currents: [100000.0, 99999.99999889583, 99999.99999901257, 99999.99999917526]
J=2.2e-05, ⟨Jf⟩=2.1e-05, ⟨B·n⟩=1.1e-03, Len=sum([4.1, 4.0, 3.9, 3.7])=15.7, ϰ=[4.3, 4.4, 4.4, 4.1], ∫ϰ²/L>=[5.1, 5.2, 5.3, 5.3], C-C-Sep=0.10, ║∇J║=4.8e-04
Iteration 697/2000-----
currents: [100000.0, 99999.99999889477, 99999.99999901184, 99999.99999917446]
J=2.2e-05, ⟨Jf⟩=2.1e-05, ⟨B·n⟩=1.1e-03, Len=sum([4.1, 4.0, 3.9, 3.7])=15.7, ϰ=[4.3, 4.4, 4.3, 4.1], ∫ϰ²/L>=[5.1, 5.2, 5.3, 5.3], C-C-Sep=0.10, ║∇J║=5.8e-04
Iteration 698/2000-----
currents: [100000.0, 99999.99999889435, 99999.99999901162, 99999.99999917415]
J=2.2e-05, ⟨Jf⟩=2.1e-05, ⟨B·n⟩=1.1e-03, Len=sum([4.1, 4.0, 3.9, 3.7])=15.7, ϰ=[4.3, 4.4, 4.3, 4.1], ∫ϰ²/L>=[5.1, 5.2, 5.3, 5.3], C-C-Sep=0.10, ║∇J║=5.5e-04
Iteration 699/2000-----
currents: [100000.0, 99999.99999889341, 99999.99999901104, 99999.9999991735]
J=2.2e-05, ⟨Jf⟩=2.1e-05, ⟨B·n⟩=1.1e-03, Len=sum([4.1, 4.0, 3.9, 3.7])=15.7, ϰ=[4.4, 4.4, 4.3, 4.1], ∫ϰ²/L>=[5.1, 5.2, 5.3, 5.3], C-C-Sep=0.10, ║∇J║=5.1e-04
Iteration 700/2000-----
currents: [100000.0, 99999.99999889344, 99999.9999990111, 99999.9999991732]
J=2.2e-05, ⟨Jf⟩=2.1e-05, ⟨B·n⟩=1.1e-03, Len=sum([4.1, 4.0, 3.9, 3.7])=15.7, ϰ=[4.3, 4.4, 4.2, 4.1], ∫ϰ²/L>=[5.1, 5.2, 5.3, 5.3], C-C-Sep=0.10, ║∇J║=6.7e-04
Iteration 701/2000-----
currents: [100000.0, 99999.99999889267, 99999.99999901069, 99999.9999991726]
J=2.2e-05, ⟨Jf⟩=2.1e-05, ⟨B·n⟩=1.1e-03, Len=sum([4.1, 4.0, 3.9, 3.7])=15.7, ϰ=[4.3, 4.4, 4.2, 4.1], ∫ϰ²/L>=[5.1, 5.2, 5.3, 5.3], C-C-Sep=0.10, ║∇J║=8.3e-04
Iteration 702/2000-----
currents: [100000.0, 99999.99999889289, 99999.99999901083, 99999.9999991725]
J=2.2e-05, ⟨Jf⟩=2.1e-05, ⟨B·n⟩=1.1e-03, Len=sum([4.1, 4.0, 3.9, 3.7])=15.7, ϰ=[4.3, 4.4, 4.2, 4.1], ∫ϰ²/L>=[5.1, 5.2, 5.3, 5.3], C-C-Sep=0.10, ║∇J║=5.9e-04
Iteration 703/2000-----
currents: [100000.0, 99999.99999889272, 99999.99999901069, 99999.99999917197]
J=2.2e-05, ⟨Jf⟩=2.1e-05, ⟨B·n⟩=1.1e-03, Len=sum([4.1, 4.0, 3.9, 3.7])=15.7, ϰ=[4.3, 4.4, 4.3, 4.1], ∫ϰ²/L>=[5.1, 5.2, 5.3, 5.3], C-C-Sep=0.10, ║∇J║=6.0e-04
Iteration 704/2000-----
currents: [100000.0, 99999.99999889318, 99999.9999990111, 99999.99999917201]
J=2.2e-05, ⟨Jf⟩=2.1e-05, ⟨B·n⟩=1.1e-03, Len=sum([4.1, 4.0, 3.9, 3.7])=15.7, ϰ=[4.3, 4.5, 4.3, 4.0], ∫ϰ²/L>=[5.1, 5.2, 5.3, 5.3], C-C-Sep=0.10, ║∇J║=6.5e-04
Iteration 705/2000-----
currents: [100000.0, 99999.99999889304, 99999.99999901104, 99999.99999917194]
J=2.2e-05, ⟨Jf⟩=2.1e-05, ⟨B·n⟩=1.1e-03, Len=sum([4.1, 4.0, 3.9, 3.7])=15.7, ϰ=[4.3, 4.4, 4.3, 4.0], ∫ϰ²/L>=[5.0, 5.2, 5.3, 5.3], C-C-Sep=0.10, ║∇J║=6.1e-04
Iteration 706/2000-----
currents: [100000.0, 99999.99999889144, 99999.9999990098, 99999.99999917064]
J=2.2e-05, ⟨Jf⟩=2.1e-05, ⟨B·n⟩=1.1e-03, Len=sum([4.1, 4.0, 3.9, 3.7])=15.7, ϰ=[4.3, 4.4, 4.3, 4.0], ∫ϰ²/L>=[5.1, 5.2, 5.3, 5.3], C-C-Sep=0.10, ║∇J║=6.2e-04
Iteration 707/2000-----
currents: [100000.0, 99999.99999889071, 99999.9999990092, 99999.99999917018]
J=2.2e-05, ⟨Jf⟩=2.1e-05, ⟨B·n⟩=1.1e-03, Len=sum([4.1, 4.0, 3.9, 3.7])=15.7, ϰ=[4.2, 4.3, 4.3, 4.0], ∫ϰ²/L>=[5.0, 5.2, 5.3, 5.3], C-C-Sep=0.10, ║∇J║=1.4e-03
Iteration 708/2000-----
currents: [100000.0, 99999.99999889116, 99999.99999900958, 99999.99999917047]
J=2.2e-05, ⟨Jf⟩=2.1e-05, ⟨B·n⟩=1.1e-03, Len=sum([4.1, 4.0, 3.9, 3.7])=15.7, ϰ=[4.3, 4.4, 4.3, 3.9], ∫ϰ²/L>=[5.0, 5.2, 5.3, 5.3], C-C-Sep=0.10, ║∇J║=6.8e-04
Iteration 709/2000-----
currents: [100000.0, 99999.99999889128, 99999.99999900954, 99999.99999917032]
J=2.2e-05, ⟨Jf⟩=2.1e-05, ⟨B·n⟩=1.1e-03, Len=sum([4.1, 4.0, 3.9, 3.7])=15.7, ϰ=[4.2, 4.4, 4.3, 3.9], ∫ϰ²/L>=[5.0, 5.2, 5.3, 5.3], C-C-Sep=0.10, ║∇J║=5.8e-04
Iteration 710/2000-----
currents: [100000.0, 99999.99999889098, 99999.9999990092, 99999.99999917002]
J=2.2e-05, ⟨Jf⟩=2.1e-05, ⟨B·n⟩=1.1e-03, Len=sum([4.1, 4.0, 3.9, 3.7])=15.7, ϰ=[4.3, 4.4, 4.3, 3.9], ∫ϰ²/L>=[5.0, 5.2, 5.3, 5.3], C-C-Sep=0.10, ║∇J║=6.3e-04
Iteration 711/2000-----
currents: [100000.0, 99999.99999889033, 99999.99999900867, 99999.99999916943]
J=2.2e-05, ⟨Jf⟩=2.1e-05, ⟨B·n⟩=1.1e-03, Len=sum([4.1, 4.0, 3.9, 3.7])=15.7, ϰ=[4.3, 4.4, 4.2, 3.9], ∫ϰ²/L>=[5.0, 5.2, 5.3, 5.3], C-C-Sep=0.10, ║∇J║=6.2e-04
Iteration 712/2000-----
currents: [100000.0, 99999.9999988896, 99999.99999900805, 99999.99999916894]
J=2.2e-05, ⟨Jf⟩=2.1e-05, ⟨B·n⟩=1.1e-03, Len=sum([4.1, 4.0, 3.9, 3.7])=15.7, ϰ=[4.2, 4.4, 4.2, 3.9], ∫ϰ²/L>=[5.0, 5.2, 5.3, 5.3], C-C-Sep=0.10, ║∇J║=6.4e-04
Iteration 713/2000-----
currents: [100000.0, 99999.99999888834, 99999.9999990071, 99999.999999168]
J=2.2e-05, ⟨Jf⟩=2.1e-05, ⟨B·n⟩=1.1e-03, Len=sum([4.1, 4.0, 3.9, 3.7])=15.7, ϰ=[4.2, 4.4, 4.2, 3.9], ∫ϰ²/L>=[5.0, 5.2, 5.3, 5.3], C-C-Sep=0.10, ║∇J║=6.1e-04
Iteration 714/2000-----
currents: [100000.0, 99999.99999888844, 99999.99999900708, 99999.99999916785]
J=2.2e-05, ⟨Jf⟩=2.1e-05, ⟨B·n⟩=1.1e-03, Len=sum([4.1, 4.0, 3.9, 3.7])=15.7, ϰ=[4.2, 4.5, 4.2, 3.9], ∫ϰ²/L>=[5.0, 5.2, 5.3, 5.3], C-C-Sep=0.10, ║∇J║=4.4e-04
Iteration 715/2000-----
currents: [100000.0, 99999.99999888832, 99999.99999900692, 99999.99999916766]
J=2.2e-05, ⟨Jf⟩=2.1e-05, ⟨B·n⟩=1.1e-03, Len=sum([4.1, 4.0, 3.9, 3.7])=15.7, ϰ=[4.2, 4.5, 4.2, 4.0], ∫ϰ²/L>=[5.0, 5.2, 5.3, 5.3], C-C-Sep=0.10, ║∇J║=4.8e-04
Iteration 716/2000-----
currents: [100000.0, 99999.99999888749, 99999.99999900608, 99999.99999916673]
J=2.2e-05, ⟨Jf⟩=2.1e-05, ⟨B·n⟩=1.1e-03, Len=sum([4.1, 4.0, 3.9, 3.7])=15.7, ϰ=[4.2, 4.5, 4.2, 4.0], ∫ϰ²/L>=[5.1, 5.2, 5.3, 5.3], C-C-Sep=0.10, ║∇J║=5.1e-04
Iteration 717/2000-----
currents: [100000.0, 99999.99999888662, 99999.99999900529, 99999.99999916583]
J=2.2e-05, ⟨Jf⟩=2.1e-05, ⟨B·n⟩=1.1e-03, Len=sum([4.1, 4.0, 3.9, 3.7])=15.7, ϰ=[4.2, 4.5, 4.2, 4.0], ∫ϰ²/L>=[5.1, 5.2, 5.3, 5.3], C-C-Sep=0.10, ║∇J║=6.9e-04
Iteration 718/2000-----
currents: [100000.0, 99999.99999888537, 99999.9999990041, 99999.99999916459]
J=2.2e-05, ⟨Jf⟩=2.1e-05, ⟨B·n⟩=1.1e-03, Len=sum([4.1, 4.0, 3.9, 3.7])=15.7, ϰ=[4.2, 4.5, 4.2, 4.0], ∫ϰ²/L>=[5.1, 5.2, 5.3, 5.3], C-C-Sep=0.10, ║∇J║=7.2e-04
Iteration 719/2000-----
currents: [100000.0, 99999.99999888554, 99999.9999990041, 99999.99999916443]
J=2.2e-05, ⟨Jf⟩=2.1e-05, ⟨B·n⟩=1.1e-03, Len=sum([4.1, 4.0, 3.9, 3.7])=15.7, ϰ=[4.2, 4.5, 4.2, 4.0], ∫ϰ²/L>=[5.0, 5.2, 5.3, 5.3], C-C-Sep=0.10, ║∇J║=5.2e-04
Iteration 720/2000-----
currents: [100000.0, 99999.99999888527, 99999.99999900389, 99999.99999916407]
J=2.2e-05, ⟨Jf⟩=2.1e-05, ⟨B·n⟩=1.1e-03, Len=sum([4.1, 4.0, 3.9, 3.7])=15.7, ϰ=[4.3, 4.5, 4.2, 4.1], ∫ϰ²/L>=[5.0, 5.2, 5.3, 5.3], C-C-Sep=0.10, ║∇J║=5.3e-04
Iteration 721/2000-----
currents: [100000.0, 99999.9999988842, 99999.99999900302, 99999.99999916306]
J=2.2e-05, ⟨Jf⟩=2.1e-05, ⟨B·n⟩=1.1e-03, Len=sum([4.1, 4.0, 3.9, 3.7])=15.7, ϰ=[4.3, 4.5, 4.2, 4.1], ∫ϰ²/L>=[5.0, 5.2, 5.3, 5.3], C-C-Sep=0.10, ║∇J║=6.0e-04
Iteration 722/2000-----
currents: [100000.0, 99999.99999888374, 99999.99999900258, 99999.99999916252]
J=2.2e-05, ⟨Jf⟩=2.1e-05, ⟨B·n⟩=1.1e-03, Len=sum([4.1, 4.0, 3.9, 3.7])=15.7, ϰ=[4.3, 4.5, 4.2, 4.1], ∫ϰ²/L>=[5.0, 5.2, 5.3, 5.3], C-C-Sep=0.10, ║∇J║=5.3e-04
Iteration 723/2000-----
currents: [100000.0, 99999.99999888196, 99999.9999990013, 99999.99999916114]
J=2.2e-05, ⟨Jf⟩=2.1e-05, ⟨B·n⟩=1.1e-03, Len=sum([4.1, 4.0, 3.9, 3.7])=15.7, ϰ=[4.3, 4.5, 4.1, 4.1], ∫ϰ²/L>=[5.0, 5.2, 5.3, 5.3], C-C-Sep=0.10, ║∇J║=6.0e-04
Iteration 724/2000-----
currents: [100000.0, 99999.99999888134, 99999.999999001, 99999.99999916079]
J=2.2e-05, ⟨Jf⟩=2.1e-05, ⟨B·n⟩=1.1e-03, Len=sum([4.1, 4.0, 3.9, 3.7])=15.7, ϰ=[4.4, 4.5, 4.1, 4.2], ∫ϰ²/L>=[5.0, 5.2, 5.3, 5.3], C-C-Sep=0.10, ║∇J║=6.1e-04
Iteration 725/2000-----
currents: [100000.0, 99999.99999888118, 99999.99999900095, 99999.99999916069]
J=2.2e-05, ⟨Jf⟩=2.1e-05, ⟨B·n⟩=1.1e-03, Len=sum([4.1, 4.0, 3.9, 3.7])=15.7, ϰ=[4.4, 4.5, 4.0, 4.2], ∫ϰ²/L>=[5.0, 5.2, 5.2, 5.3], C-C-Sep=0.10, ║∇J║=5.1e-04
Iteration 726/2000-----
currents: [100000.0, 99999.99999887966, 99999.99999899986, 99999.99999915958]
J=2.2e-05, ⟨Jf⟩=2.1e-05, ⟨B·n⟩=1.1e-03, Len=sum([4.1, 4.0, 3.9, 3.7])=15.7, ϰ=[4.4, 4.5, 4.0, 4.2], ∫ϰ²/L>=[5.0, 5.2, 5.2, 5.3], C-C-Sep=0.10, ║∇J║=5.3e-04
Iteration 727/2000-----
currents: [100000.0, 99999.9999988784, 99999.999998999, 99999.99999915848]
J=2.2e-05, ⟨Jf⟩=2.1e-05, ⟨B·n⟩=1.1e-03, Len=sum([4.1, 4.0, 3.8, 3.7])=15.7, ϰ=[4.4, 4.4, 4.0, 4.2], ∫ϰ²/L>=[5.0, 5.2, 5.2, 5.3], C-C-Sep=0.10, ║∇J║=7.4e-04
Iteration 728/2000-----
currents: [100000.0, 99999.99999887664, 99999.99999899777, 99999.99999915711]
J=2.2e-05, ⟨Jf⟩=2.1e-05, ⟨B·n⟩=1.1e-03, Len=sum([4.1, 4.0, 3.8, 3.7])=15.7, ϰ=[4.4, 4.4, 4.0, 4.2], ∫ϰ²/L>=[5.0, 5.2, 5.2, 5.3], C-C-Sep=0.10, ║∇J║=6.4e-04
Iteration 729/2000-----
currents: [100000.0, 99999.9999988756, 99999.99999899688, 99999.99999915603]
J=2.2e-05, ⟨Jf⟩=2.1e-05, ⟨B·n⟩=1.1e-03, Len=sum([4.1, 4.0, 3.8, 3.7])=15.7, ϰ=[4.4, 4.4, 4.0, 4.2], ∫ϰ²/L>=[5.0, 5.2, 5.2, 5.3], C-C-Sep=0.10, ║∇J║=5.6e-04
Iteration 730/2000-----
currents: [100000.0, 99999.99999887554, 99999.99999899679, 99999.99999915573]
J=2.2e-05, ⟨Jf⟩=2.1e-05, ⟨B·n⟩=1.1e-03, Len=sum([4.1, 4.0, 3.8, 3.7])=15.7, ϰ=[4.4, 4.4, 4.1, 4.2], ∫ϰ²/L>=[5.0, 5.2, 5.2, 5.3], C-C-Sep=0.10, ║∇J║=5.7e-04
Iteration 731/2000-----
currents: [100000.0, 99999.99999887511, 99999.99999899649, 99999.99999915514]
J=2.2e-05, ⟨Jf⟩=2.1e-05, ⟨B·n⟩=1.1e-03, Len=sum([4.1, 4.0, 3.8, 3.7])=15.7, ϰ=[4.4, 4.4, 4.1, 4.2], ∫ϰ²/L>=[5.0, 5.2, 5.2, 5.3], C-C-Sep=0.10, ║∇J║=5.5e-04
Iteration 732/2000-----
currents: [100000.0, 99999.99999887483, 99999.99999899624, 99999.99999915475]
J=2.2e-05, ⟨Jf⟩=2.1e-05, ⟨B·n⟩=1.1e-03, Len=sum([4.1, 4.0, 3.8, 3.7])=15.7, ϰ=[4.3, 4.3, 4.1, 4.2], ∫ϰ²/L>=[5.0, 5.2, 5.2, 5.3], C-C-Sep=0.10, ║∇J║=4.9e-04
Iteration 733/2000-----
currents: [100000.0, 99999.99999887441, 99999.99999899605, 99999.99999915445]
J=2.2e-05, ⟨Jf⟩=2.1e-05, ⟨B·n⟩=1.1e-03, Len=sum([4.1, 4.0, 3.8, 3.7])=15.7, ϰ=[4.3, 4.3, 4.1, 4.2], ∫ϰ²/L>=[5.0, 5.2, 5.2, 5.3], C-C-Sep=0.10, ║∇J║=4.9e-04
Iteration 734/2000-----
currents: [100000.0, 99999.99999887394, 99999.99999899582, 99999.99999915417]
J=2.2e-05, ⟨Jf⟩=2.1e-05, ⟨B·n⟩=1.1e-03, Len=sum([4.1, 4.0, 3.8, 3.7])=15.7, ϰ=[4.3, 4.2, 4.1, 4.2], ∫ϰ²/L>=[5.0, 5.2, 5.2, 5.3], C-C-Sep=0.10, ║∇J║=4.8e-04
Iteration 735/2000-----
currents: [100000.0, 99999.99999887288, 99999.99999899504, 99999.99999915341]
J=2.2e-05, ⟨Jf⟩=2.1e-05, ⟨B·n⟩=1.1e-03, Len=sum([4.1, 4.0, 3.8, 3.7])=15.7, ϰ=[4.3, 4.2, 4.1, 4.2], ∫ϰ²/L>=[5.1, 5.2, 5.2, 5.3], C-C-Sep=0.10, ║∇J║=4.8e-04
Iteration 736/2000-----
currents: [100000.0, 99999.99999887179, 99999.99999899411, 99999.99999915257]
J=2.2e-05, ⟨Jf⟩=2.1e-05, ⟨B·n⟩=1.1e-03, Len=sum([4.1, 4.0, 3.8, 3.7])=15.7, ϰ=[4.3, 4.1, 4.0, 4.2], ∫ϰ²/L>=[5.1, 5.2, 5.2, 5.3], C-C-Sep=0.10, ║∇J║=8.4e-04
Iteration 737/2000-----
currents: [100000.0, 99999.99999887102, 99999.99999899359, 99999.99999915199]
J=2.2e-05, ⟨Jf⟩=2.1e-05, ⟨B·n⟩=1.1e-03, Len=sum([4.1, 4.0, 3.8, 3.7])=15.7, ϰ=[4.3, 4.0, 4.0, 4.2], ∫ϰ²/L>=[5.1, 5.2, 5.2, 5.3], C-C-Sep=0.10, ║∇J║=5.8e-04
Iteration 738/2000-----
currents: [100000.0, 99999.99999887063, 99999.99999899295, 99999.99999915126]
J=2.2e-05, ⟨Jf⟩=2.1e-05, ⟨B·n⟩=1.1e-03, Len=sum([4.1, 4.0, 3.8, 3.7])=15.7, ϰ=[4.2, 4.1, 4.0, 4.2], ∫ϰ²/L>=[5.0, 5.2, 5.2, 5.3], C-C-Sep=0.10, ║∇J║=5.0e-04
Iteration 739/2000-----
currents: [100000.0, 99999.99999887003, 99999.99999899231, 99999.99999915044]
J=2.2e-05, ⟨Jf⟩=2.1e-05, ⟨B·n⟩=1.1e-03, Len=sum([4.1, 4.0, 3.8, 3.7])=15.7, ϰ=[4.2, 4.0, 4.0, 4.2], ∫ϰ²/L>=[5.0, 5.2, 5.2, 5.3], C-C-Sep=0.10, ║∇J║=5.1e-04
Iteration 740/2000-----
currents: [100000.0, 99999.99999886974, 99999.999998992, 99999.99999914992]
J=2.2e-05, ⟨Jf⟩=2.1e-05, ⟨B·n⟩=1.1e-03, Len=sum([4.1, 4.0, 3.8, 3.7])=15.7, ϰ=[4.2, 4.1, 3.9, 4.2], ∫ϰ²/L>=[5.0, 5.2, 5.2, 5.3], C-C-Sep=0.10, ║∇J║=5.7e-04
Iteration 741/2000-----
currents: [100000.0, 99999.99999886872, 99999.9999989912, 99999.99999914883]
J=2.2e-05, ⟨Jf⟩=2.1e-05, ⟨B·n⟩=1.1e-03, Len=sum([4.1, 4.0, 3.8, 3.7])=15.7, ϰ=[4.2, 4.0, 3.9, 4.2], ∫ϰ²/L>=[5.0, 5.2, 5.2, 5.3], C-C-Sep=0.10, ║∇J║=4.7e-04
Iteration 742/2000-----
currents: [100000.0, 99999.99999886767, 99999.99999899043, 99999.99999914762]
J=2.2e-05, ⟨Jf⟩=2.1e-05, ⟨B·n⟩=1.1e-03, Len=sum([4.1, 4.0, 3.8, 3.7])=15.7, ϰ=[4.2, 4.0, 3.9, 4.2], ∫ϰ²/L>=[5.0, 5.2, 5.2, 5.4], C-C-Sep=0.10, ║∇J║=6.9e-04
Iteration 743/2000-----
currents: [100000.0, 99999.99999886692, 99999.99999898991, 99999.9999991469]
J=2.2e-05, ⟨Jf⟩=2.1e-05, ⟨B·n⟩=1.1e-03, Len=sum([4.1, 4.0, 3.8, 3.7])=15.7, ϰ=[4.3, 4.0, 3.9, 4.2], ∫ϰ²/L>=[5.0, 5.2, 5.2, 5.4], C-C-Sep=0.10, ║∇J║=5.4e-04
Iteration 744/2000-----
currents: [100000.0, 99999.99999886626, 99999.99999898941, 99999.99999914625]
J=2.2e-05, ⟨Jf⟩=2.1e-05, ⟨B·n⟩=1.1e-03, Len=sum([4.1, 4.0, 3.8, 3.7])=15.7, ϰ=[4.3, 4.0, 3.9, 4.2], ∫ϰ²/L>=[5.0, 5.2, 5.2, 5.4], C-C-Sep=0.10, ║∇J║=5.4e-04
Iteration 745/2000-----
currents: [100000.0, 99999.99999886511, 99999.99999898844, 99999.99999914503]
J=2.2e-05, ⟨Jf⟩=2.1e-05, ⟨B·n⟩=1.1e-03, Len=sum([4.1, 4.0, 3.8, 3.7])=15.7, ϰ=[4.3, 4.0, 3.9, 4.2], ∫ϰ²/L>=[5.0, 5.2, 5.2, 5.3], C-C-Sep=0.10, ║∇J║=5.7e-04
Iteration 746/2000-----
currents: [100000.0, 99999.99999886438, 99999.99999898781, 99999.9999991442]
J=2.2e-05, ⟨Jf⟩=2.1e-05, ⟨B·n⟩=1.1e-03, Len=sum([4.1, 4.0, 3.8, 3.7])=15.7, ϰ=[4.3, 3.9, 3.9, 4.1], ∫ϰ²/L>=[5.0, 5.2, 5.2, 5.3], C-C-Sep=0.10, ║∇J║=6.3e-04
Iteration 747/2000-----
currents: [100000.0, 99999.99999886406, 99999.99999898762, 99999.99999914403]
J=2.2e-05, ⟨Jf⟩=2.1e-05, ⟨B·n⟩=1.1e-03, Len=sum([4.1, 4.0, 3.8, 3.7])=15.7, ϰ=[4.2, 3.9, 3.9, 4.1], ∫ϰ²/L>=[5.0, 5.2, 5.2, 5.3], C-C-Sep=0.10, ║∇J║=5.1e-04
Iteration 748/2000-----
currents: [100000.0, 99999.99999886286, 99999.99999898663, 99999.99999914301]
J=2.2e-05, ⟨Jf⟩=2.1e-05, ⟨B·n⟩=1.1e-03, Len=sum([4.1, 4.0, 3.8, 3.7])=15.7, ϰ=[4.2, 3.9, 3.9, 4.1], ∫ϰ²/L>=[5.0, 5.2, 5.2, 5.3], C-C-Sep=0.10, ║∇J║=4.6e-04
Iteration 749/2000-----
currents: [100000.0, 99999.99999886246, 99999.99999898647, 99999.99999914278]
J=2.2e-05, ⟨Jf⟩=2.1e-05, ⟨B·n⟩=1.1e-03, Len=sum([4.1, 4.0, 3.8, 3.7])=15.7, ϰ=[4.1, 3.9, 3.9, 4.1], ∫ϰ²/L>=[5.0, 5.2, 5.2, 5.3], C-C-Sep=0.10, ║∇J║=5.2e-04
Iteration 750/2000-----
currents: [100000.0, 99999.99999886114, 99999.9999989856, 99999.99999914186]
J=2.2e-05, ⟨Jf⟩=2.1e-05, ⟨B·n⟩=1.1e-03, Len=sum([4.1, 4.0, 3.8, 3.7])=15.7, ϰ=[4.1, 4.0, 3.9, 4.1], ∫ϰ²/L>=[5.0, 5.2, 5.2, 5.3], C-C-Sep=0.10, ║∇J║=4.9e-04
Iteration 751/2000-----
currents: [100000.0, 99999.99999885955, 99999.99999898441, 99999.99999914048]
J=2.2e-05, ⟨Jf⟩=2.1e-05, ⟨B·n⟩=1.1e-03, Len=sum([4.1, 4.0, 3.8, 3.7])=15.7, ϰ=[4.1, 4.0, 3.9, 4.2], ∫ϰ²/L>=[5.0, 5.2, 5.2, 5.3], C-C-Sep=0.10, ║∇J║=6.8e-04
Iteration 752/2000-----
currents: [100000.0, 99999.99999885817, 99999.9999989834, 99999.99999913927]
J=2.2e-05, ⟨Jf⟩=2.1e-05, ⟨B·n⟩=1.1e-03, Len=sum([4.1, 4.0, 3.8, 3.7])=15.7, ϰ=[4.1, 4.0, 3.9, 4.2], ∫ϰ²/L>=[5.0, 5.2, 5.2, 5.3], C-C-Sep=0.10, ║∇J║=6.5e-04
Iteration 753/2000-----
currents: [100000.0, 99999.99999885728, 99999.99999898263, 99999.99999913825]
J=2.2e-05, ⟨Jf⟩=2.1e-05, ⟨B·n⟩=1.1e-03, Len=sum([4.1, 4.0, 3.8, 3.7])=15.7, ϰ=[4.1, 4.1, 4.0, 4.2], ∫ϰ²/L>=[5.0, 5.2, 5.2, 5.3], C-C-Sep=0.10, ║∇J║=7.1e-04
Iteration 754/2000-----
currents: [100000.0, 99999.99999885666, 99999.99999898189, 99999.99999913735]
J=2.2e-05, ⟨Jf⟩=2.1e-05, ⟨B·n⟩=1.1e-03, Len=sum([4.1, 4.0, 3.8, 3.7])=15.7, ϰ=[4.2, 4.0, 4.3, 4.3], ∫ϰ²/L>=[5.0, 5.2, 5.2, 5.4], C-C-Sep=0.10, ║∇J║=1.5e-03
Iteration 755/2000-----
currents: [100000.0, 99999.99999885709, 99999.99999898241, 99999.99999913797]
J=2.2e-05, ⟨Jf⟩=2.1e-05, ⟨B·n⟩=1.1e-03, Len=sum([4.1, 4.0, 3.8, 3.7])=15.7, ϰ=[4.1, 4.0, 4.1, 4.2], ∫ϰ²/L>=[5.0, 5.2, 5.2, 5.4], C-C-Sep=0.10, ║∇J║=7.5e-04
Iteration 756/2000-----
currents: [100000.0, 99999.99999885564, 99999.9999989811, 99999.99999913649]
J=2.2e-05, ⟨Jf⟩=2.1e-05, ⟨B·n⟩=1.1e-03, Len=sum([4.1, 4.0, 3.8, 3.7])=15.7, ϰ=[4.1, 4.1, 4.1, 4.3], ∫ϰ²/L>=[5.0, 5.2, 5.2, 5.4], C-C-Sep=0.10, ║∇J║=1.0e-03
Iteration 757/2000-----
currents: [100000.0, 99999.9999988564, 99999.99999898153, 99999.99999913675]
J=2.2e-05, ⟨Jf⟩=2.1e-05, ⟨B·n⟩=1.1e-03, Len=sum([4.1, 4.0, 3.8, 3.7])=15.7, ϰ=[4.1, 4.1, 4.1, 4.3], ∫ϰ²/L>=[5.0, 5.2, 5.2, 5.3], C-C-Sep=0.10, ║∇J║=5.8e-04
Iteration 758/2000-----
currents: [100000.0, 99999.9999988564, 99999.9999989813, 99999.99999913627]
J=2.2e-05, ⟨Jf⟩=2.1e-05, ⟨B·n⟩=1.1e-03, Len=sum([4.1, 4.0, 3.8, 3.7])=15.7, ϰ=[4.1, 4.1, 4.1, 4.3], ∫ϰ²/L>=[5.0, 5.2, 5.2, 5.3], C-C-Sep=0.10, ║∇J║=4.7e-04
Iteration 759/2000-----
currents: [100000.0, 99999.99999885602, 99999.99999898075, 99999.9999991355]
J=2.2e-05, ⟨Jf⟩=2.1e-05, ⟨B·n⟩=1.1e-03, Len=sum([4.1, 4.0, 3.8, 3.7])=15.7, ϰ=[4.1, 4.1, 4.1, 4.3], ∫ϰ²/L>=[5.0, 5.2, 5.2, 5.3], C-C-Sep=0.10, ║∇J║=5.4e-04
Iteration 760/2000-----
currents: [100000.0, 99999.99999885556, 99999.99999898009, 99999.99999913429]
J=2.2e-05, ⟨Jf⟩=2.1e-05, ⟨B·n⟩=1.1e-03, Len=sum([4.1, 4.0, 3.8, 3.7])=15.7, ϰ=[4.1, 4.1, 4.1, 4.3], ∫ϰ²/L>=[5.0, 5.2, 5.2, 5.4], C-C-Sep=0.10, ║∇J║=5.9e-04
Iteration 761/2000-----
currents: [100000.0, 99999.99999885345, 99999.99999897821, 99999.99999913182]
J=2.2e-05, ⟨Jf⟩=2.1e-05, ⟨B·n⟩=1.1e-03, Len=sum([4.1, 4.0, 3.8, 3.7])=15.7, ϰ=[4.1, 4.0, 4.1, 4.3], ∫ϰ²/L>=[5.0, 5.2, 5.2, 5.4], C-C-Sep=0.10, ║∇J║=5.7e-04
Iteration 762/2000-----
currents: [100000.0, 99999.99999885367, 99999.99999897814, 99999.99999913153]
J=2.2e-05, ⟨Jf⟩=2.1e-05, ⟨B·n⟩=1.1e-03, Len=sum([4.1, 4.0, 3.8, 3.7])=15.7, ϰ=[4.1, 4.0, 4.1, 4.3], ∫ϰ²/L>=[5.0, 5.2, 5.2, 5.4], C-C-Sep=0.10, ║∇J║=6.7e-04
Iteration 763/2000-----
currents: [100000.0, 99999.99999885228, 99999.99999897693, 99999.99999912981]
J=2.2e-05, ⟨Jf⟩=2.1e-05, ⟨B·n⟩=1.1e-03, Len=sum([4.1, 4.0, 3.8, 3.7])=15.7, ϰ=[4.1, 4.0, 4.1, 4.3], ∫ϰ²/L>=[5.0, 5.2, 5.2, 5.3], C-C-Sep=0.10, ║∇J║=6.0e-04
Iteration 764/2000-----
currents: [100000.0, 99999.99999885164, 99999.99999897591, 99999.99999912837]
J=2.2e-05, ⟨Jf⟩=2.1e-05, ⟨B·n⟩=1.1e-03, Len=sum([4.1, 4.0, 3.8, 3.7])=15.7, ϰ=[4.2, 4.0, 4.1, 4.3], ∫ϰ²/L>=[5.0, 5.2, 5.2, 5.3], C-C-Sep=0.10, ║∇J║=6.6e-04
Iteration 765/2000-----
currents: [100000.0, 99999.9999988499, 99999.99999897432, 99999.99999912627]
J=2.2e-05, ⟨Jf⟩=2.1e-05, ⟨B·n⟩=1.1e-03, Len=sum([4.1, 4.0, 3.8, 3.7])=15.7, ϰ=[4.2, 4.1, 4.1, 4.3], ∫ϰ²/L>=[5.0, 5.2, 5.2, 5.4], C-C-Sep=0.10, ║∇J║=7.8e-04
Iteration 766/2000-----
currents: [100000.0, 99999.99999884942, 99999.99999897394, 99999.99999912591]
J=2.2e-05, ⟨Jf⟩=2.1e-05, ⟨B·n⟩=1.1e-03, Len=sum([4.1, 4.0, 3.8, 3.7])=15.7, ϰ=[4.2, 4.1, 4.1, 4.3], ∫ϰ²/L>=[5.0, 5.2, 5.2, 5.3], C-C-Sep=0.10, ║∇J║=5.8e-04
Iteration 767/2000-----
currents: [100000.0, 99999.99999884702, 99999.99999897198, 99999.999999124]
J=2.2e-05, ⟨Jf⟩=2.1e-05, ⟨B·n⟩=1.1e-03, Len=sum([4.1, 4.0, 3.8, 3.7])=15.7, ϰ=[4.1, 4.2, 4.1, 4.3], ∫ϰ²/L>=[5.0, 5.2, 5.3, 5.4], C-C-Sep=0.10, ║∇J║=6.7e-04
Iteration 768/2000-----
currents: [100000.0, 99999.9999988451, 99999.99999897054, 99999.99999912253]
J=2.2e-05, ⟨Jf⟩=2.1e-05, ⟨B·n⟩=1.1e-03, Len=sum([4.1, 4.0, 3.8, 3.7])=15.7, ϰ=[4.1, 4.2, 4.1, 4.3], ∫ϰ²/L>=[5.0, 5.2, 5.3, 5.4], C-C-Sep=0.10, ║∇J║=9.0e-04
Iteration 769/2000-----
currents: [100000.0, 99999.99999884295, 99999.99999896891, 99999.99999912083]
J=2.2e-05, ⟨Jf⟩=2.1e-05, ⟨B·n⟩=1.1e-03, Len=sum([4.1, 4.0, 3.8, 3.7])=15.7, ϰ=[4.1, 4.2, 4.1, 4.3], ∫ϰ²/L>=[5.0, 5.2, 5.3, 5.4], C-C-Sep=0.10, ║∇J║=6.7e-04
Iteration 770/2000-----
currents: [100000.0, 99999.99999884034, 99999.999998967, 99999.999999119]
J=2.2e-05, ⟨Jf⟩=2.1e-05, ⟨B·n⟩=1.1e-03, Len=sum([4.1, 4.0, 3.8, 3.7])=15.7, ϰ=[4.1, 4.2, 4.0, 4.3], ∫ϰ²/L>=[5.0, 5.2, 5.3, 5.4], C-C-Sep=0.10, ║∇J║=6.0e-04
Iteration 771/2000-----
currents: [100000.0, 99999.99999883927, 99999.99999896614, 99999.99999911796]
J=2.2e-05, ⟨Jf⟩=2.1e-05, ⟨B·n⟩=1.1e-03, Len=sum([4.1, 4.0, 3.8, 3.7])=15.7, ϰ=[4.2, 4.2, 4.0, 4.3], ∫ϰ²/L>=[5.1, 5.2, 5.2, 5.4], C-C-Sep=0.10, ║∇J║=5.5e-04
Iteration 772/2000-----
currents: [100000.0, 99999.99999883879, 99999.99999896574, 99999.99999911757]
J=2.2e-05, ⟨Jf⟩=2.1e-05, ⟨B·n⟩=1.1e-03, Len=sum([4.1, 4.0, 3.8, 3.7])=15.7, ϰ=[4.2, 4.2, 4.0, 4.2], ∫ϰ²/L>=[5.1, 5.2, 5.2, 5.4], C-C-Sep=0.10, ║∇J║=5.8e-04
Iteration 773/2000-----
currents: [100000.0, 99999.99999883653, 99999.99999896373, 99999.99999911532]
J=2.2e-05, ⟨Jf⟩=2.1e-05, ⟨B·n⟩=1.1e-03, Len=sum([4.1, 4.0, 3.8, 3.7])=15.7, ϰ=[4.1, 4.1, 4.0, 4.2], ∫ϰ²/L>=[5.1, 5.2, 5.2, 5.4], C-C-Sep=0.10, ║∇J║=5.7e-04
Iteration 774/2000-----
currents: [100000.0, 99999.99999883673, 99999.99999896385, 99999.9999991152]
J=2.2e-05, ⟨Jf⟩=2.1e-05, ⟨B·n⟩=1.1e-03, Len=sum([4.1, 4.0, 3.8, 3.7])=15.7, ϰ=[4.1, 4.1, 4.0, 4.2], ∫ϰ²/L>=[5.1, 5.2, 5.2, 5.4], C-C-Sep=0.10, ║∇J║=5.3e-04
Iteration 775/2000-----
currents: [100000.0, 99999.9999988358, 99999.99999896297, 99999.99999911406]
J=2.2e-05, ⟨Jf⟩=2.1e-05, ⟨B·n⟩=1.1e-03, Len=sum([4.1, 4.0, 3.8, 3.7])=15.7, ϰ=[4.1, 4.1, 4.1, 4.2], ∫ϰ²/L>=[5.1, 5.2, 5.2, 5.4], C-C-Sep=0.10, ║∇J║=5.1e-04
Iteration 776/2000-----
currents: [100000.0, 99999.99999883528, 99999.99999896227, 99999.99999911284]
J=2.2e-05, ⟨Jf⟩=2.1e-05, ⟨B·n⟩=1.1e-03, Len=sum([4.1, 4.0, 3.8, 3.7])=15.7, ϰ=[4.1, 4.2, 4.1, 4.2], ∫ϰ²/L>=[5.1, 5.2, 5.2, 5.4], C-C-Sep=0.10, ║∇J║=5.2e-04
Iteration 777/2000-----
currents: [100000.0, 99999.99999883416, 99999.99999896104, 99999.99999911107]
J=2.2e-05, ⟨Jf⟩=2.1e-05, ⟨B·n⟩=1.1e-03, Len=sum([4.1, 4.0, 3.8, 3.7])=15.7, ϰ=[4.1, 4.2, 4.1, 4.2], ∫ϰ²/L>=[5.1, 5.2, 5.2, 5.4], C-C-Sep=0.10, ║∇J║=5.5e-04
Iteration 778/2000-----
currents: [100000.0, 99999.99999883365, 99999.99999896002, 99999.99999910938]
J=2.2e-05, ⟨Jf⟩=2.1e-05, ⟨B·n⟩=1.1e-03, Len=sum([4.1, 4.0, 3.8, 3.7])=15.7, ϰ=[4.2, 4.1, 4.1, 4.2], ∫ϰ²/L>=[5.1, 5.2, 5.2, 5.4], C-C-Sep=0.10, ║∇J║=7.6e-04
Iteration 779/2000-----
currents: [100000.0, 99999.99999883347, 99999.9999989594, 99999.99999910832]
J=2.2e-05, ⟨Jf⟩=2.1e-05, ⟨B·n⟩=1.1e-03, Len=sum([4.1, 4.0, 3.8, 3.7])=15.7, ϰ=[4.2, 4.2, 4.1, 4.2], ∫ϰ²/L>=[5.1, 5.2, 5.2, 5.3], C-C-Sep=0.10, ║∇J║=6.3e-04
Iteration 780/2000-----
currents: [100000.0, 99999.99999883307, 99999.99999895874, 99999.99999910759]
J=2.2e-05, ⟨Jf⟩=2.1e-05, ⟨B·n⟩=1.1e-03, Len=sum([4.1, 4.0, 3.8, 3.7])=15.7, ϰ=[4.1, 4.2, 4.1, 4.2], ∫ϰ²/L>=[5.0, 5.2, 5.2, 5.3], C-C-Sep=0.10, ║∇J║=5.5e-04
Iteration 781/2000-----
currents: [100000.0, 99999.99999883263, 99999.99999895816, 99999.99999910666]
J=2.2e-05, ⟨Jf⟩=2.1e-05, ⟨B·n⟩=1.1e-03, Len=sum([4.1, 4.0, 3.8, 3.7])=15.7, ϰ=[4.1, 4.1, 4.0, 4.2], ∫ϰ²/L>=[5.0, 5.2, 5.2, 5.3], C-C-Sep=0.10, ║∇J║=5.2e-04
Iteration 782/2000-----
currents: [100000.0, 99999.99999883195, 99999.9999989573, 99999.99999910551]
J=2.2e-05, ⟨Jf⟩=2.1e-05, ⟨B·n⟩=1.1e-03, Len=sum([4.1, 4.0, 3.8, 3.7])=15.7, ϰ=[4.1, 4.1, 4.0, 4.2], ∫ϰ²/L>=[5.0, 5.2, 5.3, 5.3], C-C-Sep=0.10, ║∇J║=5.0e-04
Iteration 783/2000-----
currents: [100000.0, 99999.99999883113, 99999.99999895644, 99999.99999910439]
J=2.2e-05, ⟨Jf⟩=2.1e-05, ⟨B·n⟩=1.1e-03, Len=sum([4.1, 4.0, 3.8, 3.7])=15.7, ϰ=[4.0, 4.1, 4.0, 4.2], ∫ϰ²/L>=[5.0, 5.2, 5.3, 5.3], C-C-Sep=0.10, ║∇J║=4.6e-04
Iteration 784/2000-----
currents: [100000.0, 99999.99999882927, 99999.99999895474, 99999.9999991021]
J=2.2e-05, ⟨Jf⟩=2.1e-05, ⟨B·n⟩=1.1e-03, Len=sum([4.1, 4.0, 3.8, 3.7])=15.7, ϰ=[4.0, 4.1, 4.0, 4.2], ∫ϰ²/L>=[5.0, 5.2, 5.3, 5.3], C-C-Sep=0.10, ║∇J║=5.3e-04
Iteration 785/2000-----
currents: [100000.0, 99999.999998828, 99999.99999895357, 99999.99999910069]
J=2.2e-05, ⟨Jf⟩=2.1e-05, ⟨B·n⟩=1.1e-03, Len=sum([4.1, 4.0, 3.8, 3.7])=15.7, ϰ=[3.9, 4.1, 4.0, 4.2], ∫ϰ²/L>=[5.0, 5.2, 5.3, 5.4], C-C-Sep=0.10, ║∇J║=5.7e-04
Iteration 786/2000-----
currents: [100000.0, 99999.99999882636, 99999.99999895207, 99999.99999909871]
J=2.2e-05, ⟨Jf⟩=2.1e-05, ⟨B·n⟩=1.1e-03, Len=sum([4.1, 4.0, 3.8, 3.7])=15.7, ϰ=[3.9, 4.1, 4.1, 4.2], ∫ϰ²/L>=[5.0, 5.2, 5.3, 5.4], C-C-Sep=0.10, ║∇J║=5.8e-04
Iteration 787/2000-----
currents: [100000.0, 99999.99999882477, 99999.99999895069, 99999.99999909716]
J=2.2e-05, ⟨Jf⟩=2.1e-05, ⟨B·n⟩=1.1e-03, Len=sum([4.1, 4.0, 3.8, 3.7])=15.7, ϰ=[3.8, 4.0, 4.1, 4.2], ∫ϰ²/L>=[5.0, 5.2, 5.3, 5.4], C-C-Sep=0.10, ║∇J║=5.5e-04
Iteration 788/2000-----
currents: [100000.0, 99999.99999882391, 99999.99999895008, 99999.9999990964]
J=2.2e-05, ⟨Jf⟩=2.1e-05, ⟨B·n⟩=1.1e-03, Len=sum([4.1, 4.0, 3.8, 3.7])=15.7, ϰ=[3.8, 4.0, 4.1, 4.2], ∫ϰ²/L>=[5.0, 5.2, 5.3, 5.4], C-C-Sep=0.10, ║∇J║=5.4e-04
Iteration 789/2000-----
currents: [100000.0, 99999.99999882272, 99999.99999894926, 99999.99999909553]
J=2.2e-05, ⟨Jf⟩=2.1e-05, ⟨B·n⟩=1.1e-03, Len=sum([4.1, 4.0, 3.8, 3.7])=15.7, ϰ=[3.9, 4.0, 4.1, 4.2], ∫ϰ²/L>=[5.0, 5.2, 5.3, 5.4], C-C-Sep=0.10, ║∇J║=5.7e-04
Iteration 790/2000-----
currents: [100000.0, 99999.99999882194, 99999.99999894868, 99999.99999909489]
J=2.2e-05, ⟨Jf⟩=2.1e-05, ⟨B·n⟩=1.1e-03, Len=sum([4.1, 4.0, 3.8, 3.7])=15.7, ϰ=[3.9, 4.0, 4.1, 4.2], ∫ϰ²/L>=[5.0, 5.1, 5.3, 5.4], C-C-Sep=0.10, ║∇J║=5.2e-04
Iteration 791/2000-----
currents: [100000.0, 99999.99999882099, 99999.99999894791, 99999.99999909394]
J=2.2e-05, ⟨Jf⟩=2.1e-05, ⟨B·n⟩=1.1e-03, Len=sum([4.1, 4.0, 3.8, 3.7])=15.7, ϰ=[3.9, 4.0, 4.1, 4.2], ∫ϰ²/L>=[5.0, 5.1, 5.3, 5.4], C-C-Sep=0.10, ║∇J║=4.1e-04
Iteration 792/2000-----
currents: [100000.0, 99999.99999881972, 99999.99999894686, 99999.99999909279]
J=2.2e-05, ⟨Jf⟩=2.1e-05, ⟨B·n⟩=1.1e-03, Len=sum([4.1, 4.0, 3.8, 3.7])=15.7, ϰ=[3.9, 4.1, 4.1, 4.1], ∫ϰ²/L>=[5.0, 5.1, 5.3, 5.3], C-C-Sep=0.10, ║∇J║=4.6e-04
Iteration 793/2000-----
currents: [100000.0, 99999.99999881804, 99999.99999894523, 99999.99999909071]
J=2.2e-05, ⟨Jf⟩=2.1e-05, ⟨B·n⟩=1.1e-03, Len=sum([4.1, 4.0, 3.8, 3.7])=15.7, ϰ=[3.9, 4.1, 4.1, 4.1], ∫ϰ²/L>=[5.0, 5.1, 5.3, 5.3], C-C-Sep=0.10, ║∇J║=5.4e-04
Iteration 794/2000-----
currents: [100000.0, 99999.99999881792, 99999.9999989449, 99999.99999909033]
J=2.2e-05, ⟨Jf⟩=2.1e-05, ⟨B·n⟩=1.1e-03, Len=sum([4.1, 4.0, 3.8, 3.7])=15.7, ϰ=[3.9, 4.1, 4.1, 4.1], ∫ϰ²/L>=[5.0, 5.1, 5.3, 5.3], C-C-Sep=0.10, ║∇J║=4.3e-04
Iteration 795/2000-----
currents: [100000.0, 99999.99999881691, 99999.99999894385, 99999.99999908908]
J=2.2e-05, ⟨Jf⟩=2.1e-05, ⟨B·n⟩=1.1e-03, Len=sum([4.1, 4.0, 3.8, 3.7])=15.7, ϰ=[3.9, 4.2, 4.0, 4.1], ∫ϰ²/L>=[5.0, 5.1, 5.3, 5.3], C-C-Sep=0.10, ║∇J║=4.3e-04
Iteration 796/2000-----
currents: [100000.0, 99999.9999988163, 99999.99999894299, 99999.99999908808]
J=2.2e-05, ⟨Jf⟩=2.1e-05, ⟨B·n⟩=1.1e-03, Len=sum([4.1, 4.0, 3.8, 3.7])=15.7, ϰ=[3.9, 4.2, 4.0, 4.1], ∫ϰ²/L>=[5.0, 5.1, 5.3, 5.3], C-C-Sep=0.10, ║∇J║=5.9e-04
Iteration 797/2000-----
currents: [100000.0, 99999.999998815, 99999.99999894177, 99999.99999908658]
J=2.2e-05, ⟨Jf⟩=2.1e-05, ⟨B·n⟩=1.1e-03, Len=sum([4.1, 4.0, 3.8, 3.7])=15.7, ϰ=[3.9, 4.2, 4.1, 4.0], ∫ϰ²/L>=[5.0, 5.1, 5.3, 5.3], C-C-Sep=0.10, ║∇J║=5.3e-04
Iteration 798/2000-----
currents: [100000.0, 99999.99999881301, 99999.99999893997, 99999.99999908447]
J=2.2e-05, ⟨Jf⟩=2.1e-05, ⟨B·n⟩=1.1e-03, Len=sum([4.1, 4.0, 3.8, 3.7])=15.7, ϰ=[3.9, 4.1, 4.1, 4.0], ∫ϰ²/L>=[5.0, 5.1, 5.3, 5.3], C-C-Sep=0.10, ║∇J║=5.9e-04
Iteration 799/2000-----
currents: [100000.0, 99999.99999881195, 99999.99999893905, 99999.99999908342]
J=2.2e-05, ⟨Jf⟩=2.1e-05, ⟨B·n⟩=1.1e-03, Len=sum([4.1, 4.0, 3.8, 3.7])=15.7, ϰ=[3.9, 4.1, 4.1, 4.0], ∫ϰ²/L>=[5.0, 5.1, 5.3, 5.3], C-C-Sep=0.10, ║∇J║=5.7e-04
Iteration 800/2000-----
currents: [100000.0, 99999.99999881079, 99999.99999893791, 99999.99999908205]
J=2.2e-05, ⟨Jf⟩=2.1e-05, ⟨B·n⟩=1.1e-03, Len=sum([4.1, 4.0, 3.8, 3.7])=15.7, ϰ=[3.8, 4.1, 4.1, 4.0], ∫ϰ²/L>=[5.0, 5.1, 5.3, 5.3], C-C-Sep=0.10, ║∇J║=5.5e-04
Iteration 801/2000-----
currents: [100000.0, 99999.99999880996, 99999.99999893697, 99999.99999908096]
J=2.2e-05, ⟨Jf⟩=2.1e-05, ⟨B·n⟩=1.1e-03, Len=sum([4.1, 4.0, 3.8, 3.7])=15.7, ϰ=[3.8, 4.1, 4.1, 4.0], ∫ϰ²/L>=[5.0, 5.1, 5.3, 5.3], C-C-Sep=0.10, ║∇J║=4.2e-04
Iteration 802/2000-----
currents: [100000.0, 99999.99999880992, 99999.99999893665, 99999.9999990804]
J=2.2e-05, ⟨Jf⟩=2.1e-05, ⟨B·n⟩=1.1e-03, Len=sum([4.1, 4.0, 3.8, 3.7])=15.7, ϰ=[3.8, 4.1, 4.1, 4.0], ∫ϰ²/L>=[5.0, 5.1, 5.3, 5.3], C-C-Sep=0.10, ║∇J║=3.9e-04
Iteration 803/2000-----
currents: [100000.0, 99999.99999880926, 99999.99999893592, 99999.9999990794]
J=2.2e-05, ⟨Jf⟩=2.1e-05, ⟨B·n⟩=1.1e-03, Len=sum([4.1, 4.0, 3.8, 3.7])=15.7, ϰ=[3.8, 4.1, 4.0, 4.0], ∫ϰ²/L>=[5.0, 5.1, 5.3, 5.3], C-C-Sep=0.10, ║∇J║=4.2e-04
Iteration 804/2000-----
currents: [100000.0, 99999.99999880913, 99999.99999893556, 99999.99999907854]
J=2.2e-05, ⟨Jf⟩=2.1e-05, ⟨B·n⟩=1.1e-03, Len=sum([4.1, 4.0, 3.8, 3.7])=15.7, ϰ=[3.8, 4.1, 4.1, 4.1], ∫ϰ²/L>=[5.0, 5.1, 5.3, 5.3], C-C-Sep=0.10, ║∇J║=4.9e-04
Iteration 805/2000-----
currents: [100000.0, 99999.99999880801, 99999.99999893445, 99999.99999907675]
J=2.2e-05, ⟨Jf⟩=2.1e-05, ⟨B·n⟩=1.1e-03, Len=sum([4.1, 4.0, 3.8, 3.7])=15.7, ϰ=[3.8, 4.2, 4.1, 4.1], ∫ϰ²/L>=[5.0, 5.1, 5.3, 5.3], C-C-Sep=0.10, ║∇J║=6.2e-04
Iteration 806/2000-----
currents: [100000.0, 99999.99999880792, 99999.9999989345, 99999.99999907672]
J=2.2e-05, ⟨Jf⟩=2.1e-05, ⟨B·n⟩=1.1e-03, Len=sum([4.1, 4.0, 3.8, 3.7])=15.7, ϰ=[3.8, 4.2, 4.1, 4.1], ∫ϰ²/L>=[5.0, 5.1, 5.3, 5.3], C-C-Sep=0.10, ║∇J║=4.0e-04
Iteration 807/2000-----
currents: [100000.0, 99999.99999880714, 99999.99999893391, 99999.99999907594]
J=2.2e-05, ⟨Jf⟩=2.1e-05, ⟨B·n⟩=1.1e-03, Len=sum([4.1, 4.0, 3.8, 3.7])=15.7, ϰ=[3.8, 4.2, 4.1, 4.1], ∫ϰ²/L>=[5.0, 5.1, 5.3, 5.3], C-C-Sep=0.10, ║∇J║=4.3e-04
Iteration 808/2000-----
currents: [100000.0, 99999.99999880695, 99999.99999893374, 99999.99999907578]
J=2.2e-05, ⟨Jf⟩=2.1e-05, ⟨B·n⟩=1.1e-03, Len=sum([4.1, 4.0, 3.8, 3.7])=15.7, ϰ=[3.8, 4.1, 4.1, 4.1], ∫ϰ²/L>=[5.0, 5.1, 5.3, 5.3], C-C-Sep=0.10, ║∇J║=4.2e-04
Iteration 809/2000-----
currents: [100000.0, 99999.99999880572, 99999.99999893262, 99999.9999990745]
J=2.2e-05, ⟨Jf⟩=2.1e-05, ⟨B·n⟩=1.1e-03, Len=sum([4.1, 4.0, 3.8, 3.7])=15.7, ϰ=[3.8, 4.2, 4.1, 4.0], ∫ϰ²/L>=[5.0, 5.1, 5.3, 5.3], C-C-Sep=0.10, ║∇J║=4.4e-04
Iteration 810/2000-----
currents: [100000.0, 99999.9999988047, 99999.99999893148, 99999.99999907316]
J=2.2e-05, ⟨Jf⟩=2.1e-05, ⟨B·n⟩=1.1e-03, Len=sum([4.1, 4.0, 3.8, 3.7])=15.7, ϰ=[3.8, 4.2, 4.1, 4.0], ∫ϰ²/L>=[5.0, 5.1, 5.3, 5.3], C-C-Sep=0.10, ║∇J║=6.4e-04
Iteration 811/2000-----
currents: [100000.0, 99999.99999880315, 99999.99999892974, 99999.99999907117]
J=2.2e-05, ⟨Jf⟩=2.1e-05, ⟨B·n⟩=1.1e-03, Len=sum([4.1, 4.0, 3.8, 3.7])=15.7, ϰ=[3.8, 4.2, 4.1, 4.0], ∫ϰ²/L>=[5.0, 5.1, 5.3, 5.3], C-C-Sep=0.10, ║∇J║=6.7e-04
Iteration 812/2000-----
currents: [100000.0, 99999.99999880303, 99999.99999892949, 99999.99999907086]
J=2.2e-05, ⟨Jf⟩=2.1e-05, ⟨B·n⟩=1.1e-03, Len=sum([4.1, 4.0, 3.8, 3.7])=15.7, ϰ=[3.8, 4.2, 4.2, 4.0], ∫ϰ²/L>=[5.0, 5.1, 5.3, 5.3], C-C-Sep=0.10, ║∇J║=5.1e-04
Iteration 813/2000-----
currents: [100000.0, 99999.99999880168, 99999.99999892795, 99999.999999069]
J=2.1e-05, ⟨Jf⟩=2.1e-05, ⟨B·n⟩=1.1e-03, Len=sum([4.1, 4.0, 3.8, 3.7])=15.7, ϰ=[3.8, 4.2, 4.2, 4.0], ∫ϰ²/L>=[5.0, 5.1, 5.3, 5.3], C-C-Sep=0.10, ║∇J║=3.9e-04
Iteration 814/2000-----
currents: [100000.0, 99999.99999880108, 99999.9999989273, 99999.99999906827]
J=2.1e-05, ⟨Jf⟩=2.1e-05, ⟨B·n⟩=1.1e-03, Len=sum([4.1, 4.0, 3.8, 3.7])=15.7, ϰ=[3.8, 4.3, 4.2, 4.0], ∫ϰ²/L>=[5.0, 5.1, 5.3, 5.3], C-C-Sep=0.10, ║∇J║=5.9e-04
Iteration 815/2000-----
currents: [100000.0, 99999.99999879897, 99999.99999892533, 99999.99999906606]
J=2.1e-05, ⟨Jf⟩=2.1e-05, ⟨B·n⟩=1.1e-03, Len=sum([4.1, 4.0, 3.8, 3.7])=15.7, ϰ=[3.8, 4.3, 4.2, 4.0], ∫ϰ²/L>=[5.0, 5.1, 5.3, 5.3], C-C-Sep=0.10, ║∇J║=5.3e-04
Iteration 816/2000-----
currents: [100000.0, 99999.99999879663, 99999.99999892307, 99999.99999906348]
J=2.1e-05, ⟨Jf⟩=2.1e-05, ⟨B·n⟩=1.1e-03, Len=sum([4.1, 4.0, 3.8, 3.7])=15.7, ϰ=[3.9, 4.4, 4.3, 4.1], ∫ϰ²/L>=[5.0, 5.1, 5.3, 5.3], C-C-Sep=0.10, ║∇J║=6.0e-04
Iteration 817/2000-----
currents: [100000.0, 99999.99999879459, 99999.99999892131, 99999.9999990617]
J=2.1e-05, ⟨Jf⟩=2.1e-05, ⟨B·n⟩=1.1e-03, Len=sum([4.1, 4.0, 3.8, 3.7])=15.7, ϰ=[3.9, 4.4, 4.3, 4.1], ∫ϰ²/L>=[5.0, 5.1, 5.3, 5.3], C-C-Sep=0.10, ║∇J║=5.7e-04
Iteration 818/2000-----
currents: [100000.0, 99999.99999879465, 99999.99999892146, 99999.99999906187]
J=2.1e-05, ⟨Jf⟩=2.1e-05, ⟨B·n⟩=1.1e-03, Len=sum([4.1, 4.0, 3.8, 3.7])=15.7, ϰ=[3.9, 4.4, 4.3, 4.1], ∫ϰ²/L>=[5.0, 5.1, 5.3, 5.3], C-C-Sep=0.10, ║∇J║=5.4e-04
Iteration 819/2000-----
currents: [100000.0, 99999.9999987937, 99999.9999989206, 99999.99999906089]
J=2.1e-05, ⟨Jf⟩=2.1e-05, ⟨B·n⟩=1.1e-03, Len=sum([4.1, 4.0, 3.8, 3.7])=15.7, ϰ=[3.9, 4.4, 4.4, 4.1], ∫ϰ²/L>=[5.0, 5.1, 5.3, 5.3], C-C-Sep=0.10, ║∇J║=5.1e-04
Iteration 820/2000-----
currents: [100000.0, 99999.999998794, 99999.99999892098, 99999.99999906136]
J=2.1e-05, ⟨Jf⟩=2.1e-05, ⟨B·n⟩=1.1e-03, Len=sum([4.1, 4.0, 3.8, 3.7])=15.7, ϰ=[3.9, 4.4, 4.4, 4.1], ∫ϰ²/L>=[5.0, 5.1, 5.3, 5.3], C-C-Sep=0.10, ║∇J║=3.9e-04
Iteration 821/2000-----
currents: [100000.0, 99999.99999879357, 99999.99999892083, 99999.99999906111]
J=2.1e-05, ⟨Jf⟩=2.1e-05, ⟨B·n⟩=1.1e-03, Len=sum([4.1, 4.0, 3.8, 3.7])=15.7, ϰ=[3.9, 4.4, 4.4, 4.1], ∫ϰ²/L>=[5.0, 5.1, 5.3, 5.3], C-C-Sep=0.10, ║∇J║=4.3e-04
Iteration 822/2000-----
currents: [100000.0, 99999.99999879242, 99999.99999891994, 99999.9999990601]
J=2.1e-05, ⟨Jf⟩=2.1e-05, ⟨B·n⟩=1.1e-03, Len=sum([4.1, 4.0, 3.8, 3.7])=15.7, ϰ=[3.9, 4.4, 4.5, 4.0], ∫ϰ²/L>=[5.0, 5.1, 5.3, 5.3], C-C-Sep=0.10, ║∇J║=5.0e-04
Iteration 823/2000-----
currents: [100000.0, 99999.99999879094, 99999.99999891866, 99999.99999905856]
J=2.1e-05, ⟨Jf⟩=2.1e-05, ⟨B·n⟩=1.1e-03, Len=sum([4.1, 4.0, 3.8, 3.7])=15.7, ϰ=[3.9, 4.4, 4.5, 4.0], ∫ϰ²/L>=[5.0, 5.1, 5.3, 5.3], C-C-Sep=0.10, ║∇J║=5.1e-04
Iteration 824/2000-----
currents: [100000.0, 99999.99999878998, 99999.9999989176, 99999.99999905715]
J=2.1e-05, ⟨Jf⟩=2.1e-05, ⟨B·n⟩=1.1e-03, Len=sum([4.1, 4.0, 3.8, 3.7])=15.7, ϰ=[3.9, 4.3, 4.5, 4.0], ∫ϰ²/L>=[5.0, 5.1, 5.3, 5.3], C-C-Sep=0.10, ║∇J║=4.5e-04
Iteration 825/2000-----
currents: [100000.0, 99999.99999878924, 99999.99999891673, 99999.99999905596]
J=2.1e-05, ⟨Jf⟩=2.1e-05, ⟨B·n⟩=1.1e-03, Len=sum([4.1, 4.0, 3.8, 3.7])=15.7, ϰ=[3.9, 4.3, 4.5, 4.0], ∫ϰ²/L>=[5.0, 5.1, 5.3, 5.3], C-C-Sep=0.10, ║∇J║=5.4e-04
Iteration 826/2000-----
currents: [100000.0, 99999.99999878758, 99999.99999891501, 99999.99999905363]
J=2.1e-05, ⟨Jf⟩=2.1e-05, ⟨B·n⟩=1.1e-03, Len=sum([4.1, 4.0, 3.8, 3.7])=15.7, ϰ=[4.0, 4.3, 4.5, 4.0], ∫ϰ²/L>=[5.0, 5.1, 5.3, 5.3], C-C-Sep=0.10, ║∇J║=7.2e-04
Iteration 827/2000-----
currents: [100000.0, 99999.9999987875, 99999.99999891465, 99999.999999053]
J=2.1e-05, ⟨Jf⟩=2.1e-05, ⟨B·n⟩=1.1e-03, Len=sum([4.1, 4.0, 3.8, 3.7])=15.7, ϰ=[4.0, 4.3, 4.5, 4.0], ∫ϰ²/L>=[5.0, 5.1, 5.3, 5.3], C-C-Sep=0.10, ║∇J║=5.6e-04
Iteration 828/2000-----
currents: [100000.0, 99999.99999878716, 99999.99999891427, 99999.99999905247]
J=2.1e-05, ⟨Jf⟩=2.1e-05, ⟨B·n⟩=1.1e-03, Len=sum([4.1, 4.0, 3.8, 3.7])=15.7, ϰ=[4.0, 4.4, 4.5, 4.0], ∫ϰ²/L>=[5.0, 5.1, 5.3, 5.3], C-C-Sep=0.10, ║∇J║=5.0e-04
Iteration 829/2000-----
currents: [100000.0, 99999.99999878687, 99999.99999891386, 99999.99999905202]
J=2.1e-05, ⟨Jf⟩=2.1e-05, ⟨B·n⟩=1.1e-03, Len=sum([4.1, 4.0, 3.8, 3.7])=15.7, ϰ=[4.0, 4.4, 4.5, 4.0], ∫ϰ²/L>=[5.0, 5.1, 5.3, 5.3], C-C-Sep=0.10, ║∇J║=5.4e-04
Iteration 830/2000-----
currents: [100000.0, 99999.99999878461, 99999.99999891137, 99999.99999904884]
J=2.1e-05, ⟨Jf⟩=2.1e-05, ⟨B·n⟩=1.1e-03, Len=sum([4.1, 4.0, 3.8, 3.7])=15.7, ϰ=[4.0, 4.5, 4.5, 4.0], ∫ϰ²/L>=[5.0, 5.1, 5.3, 5.3], C-C-Sep=0.10, ║∇J║=5.9e-04
Iteration 831/2000-----
currents: [100000.0, 99999.99999877997, 99999.99999890648, 99999.99999904327]
J=2.1e-05, ⟨Jf⟩=2.1e-05, ⟨B·n⟩=1.1e-03, Len=sum([4.1, 4.0, 3.8, 3.7])=15.7, ϰ=[4.0, 4.6, 4.6, 4.0], ∫ϰ²/L>=[5.1, 5.2, 5.3, 5.3], C-C-Sep=0.10, ║∇J║=1.2e-03
Iteration 832/2000-----
currents: [100000.0, 99999.99999878327, 99999.99999890996, 99999.99999904724]
J=2.1e-05, ⟨Jf⟩=2.1e-05, ⟨B·n⟩=1.1e-03, Len=sum([4.1, 4.0, 3.8, 3.7])=15.7, ϰ=[4.0, 4.5, 4.6, 4.0], ∫ϰ²/L>=[5.0, 5.1, 5.3, 5.3], C-C-Sep=0.10, ║∇J║=6.4e-04
Iteration 833/2000-----
currents: [100000.0, 99999.99999878295, 99999.99999890944, 99999.99999904679]
J=2.1e-05, ⟨Jf⟩=2.1e-05, ⟨B·n⟩=1.1e-03, Len=sum([4.1, 4.0, 3.8, 3.7])=15.7, ϰ=[4.0, 4.5, 4.6, 4.0], ∫ϰ²/L>=[5.0, 5.1, 5.3, 5.3], C-C-Sep=0.10, ║∇J║=1.3e-03
Iteration 834/2000-----
currents: [100000.0, 99999.99999878334, 99999.99999890979, 99999.99999904737]
J=2.1e-05, ⟨Jf⟩=2.1e-05, ⟨B·n⟩=1.1e-03, Len=sum([4.1, 4.0, 3.8, 3.7])=15.7, ϰ=[4.0, 4.5, 4.6, 4.0], ∫ϰ²/L>=[5.0, 5.1, 5.3, 5.3], C-C-Sep=0.10, ║∇J║=4.3e-04
Iteration 835/2000-----
currents: [100000.0, 99999.99999878241, 99999.9999989088, 99999.9999990461]
J=2.1e-05, ⟨Jf⟩=2.1e-05, ⟨B·n⟩=1.1e-03, Len=sum([4.1, 4.0, 3.8, 3.7])=15.7, ϰ=[4.0, 4.5, 4.6, 4.0], ∫ϰ²/L>=[5.0, 5.1, 5.3, 5.3], C-C-Sep=0.10, ║∇J║=4.3e-04
Iteration 836/2000-----
currents: [100000.0, 99999.9999987817, 99999.99999890794, 99999.99999904518]
J=2.1e-05, ⟨Jf⟩=2.1e-05, ⟨B·n⟩=1.1e-03, Len=sum([4.1, 4.0, 3.8, 3.7])=15.7, ϰ=[3.9, 4.5, 4.6, 4.0], ∫ϰ²/L>=[5.0, 5.1, 5.3, 5.3], C-C-Sep=0.10, ║∇J║=4.8e-04
Iteration 837/2000-----
currents: [100000.0, 99999.9999987808, 99999.99999890682, 99999.99999904392]
J=2.1e-05, ⟨Jf⟩=2.1e-05, ⟨B·n⟩=1.1e-03, Len=sum([4.1, 4.0, 3.8, 3.7])=15.7, ϰ=[3.9, 4.4, 4.6, 4.0], ∫ϰ²/L>=[5.0, 5.1, 5.3, 5.3], C-C-Sep=0.10, ║∇J║=4.5e-04
Iteration 838/2000-----
currents: [100000.0, 99999.99999878043, 99999.99999890622, 99999.99999904312]
J=2.1e-05, ⟨Jf⟩=2.1e-05, ⟨B·n⟩=1.1e-03, Len=sum([4.1, 4.0, 3.8, 3.7])=15.7, ϰ=[3.9, 4.4, 4.7, 4.0], ∫ϰ²/L>=[5.0, 5.1, 5.3, 5.3], C-C-Sep=0.10, ║∇J║=4.9e-04
Iteration 839/2000-----
currents: [100000.0, 99999.9999987806, 99999.9999989063, 99999.99999904317]
J=2.1e-05, ⟨Jf⟩=2.1e-05, ⟨B·n⟩=1.1e-03, Len=sum([4.1, 4.0, 3.8, 3.7])=15.7, ϰ=[3.9, 4.4, 4.7, 4.0], ∫ϰ²/L>=[5.0, 5.1, 5.3, 5.3], C-C-Sep=0.10, ║∇J║=3.5e-04
Iteration 840/2000-----
currents: [100000.0, 99999.99999877984, 99999.9999989055, 99999.99999904228]
J=2.1e-05, ⟨Jf⟩=2.1e-05, ⟨B·n⟩=1.1e-03, Len=sum([4.1, 4.0, 3.8, 3.7])=15.7, ϰ=[3.9, 4.4, 4.7, 4.0], ∫ϰ²/L>=[5.0, 5.1, 5.3, 5.3], C-C-Sep=0.10, ║∇J║=4.0e-04
Iteration 841/2000-----
currents: [100000.0, 99999.99999877933, 99999.99999890487, 99999.99999904142]
J=2.1e-05, ⟨Jf⟩=2.1e-05, ⟨B·n⟩=1.1e-03, Len=sum([4.1, 4.0, 3.8, 3.7])=15.7, ϰ=[3.9, 4.4, 4.6, 4.0], ∫ϰ²/L>=[5.0, 5.1, 5.3, 5.3], C-C-Sep=0.10, ║∇J║=5.8e-04
Iteration 842/2000-----
currents: [100000.0, 99999.99999877767, 99999.99999890309, 99999.99999903917]
J=2.1e-05, ⟨Jf⟩=2.1e-05, ⟨B·n⟩=1.1e-03, Len=sum([4.1, 4.0, 3.8, 3.7])=15.7, ϰ=[3.8, 4.4, 4.6, 4.1], ∫ϰ²/L>=[5.0, 5.1, 5.3, 5.3], C-C-Sep=0.10, ║∇J║=4.7e-04
Iteration 843/2000-----
currents: [100000.0, 99999.99999877631, 99999.99999890183, 99999.99999903757]
J=2.1e-05, ⟨Jf⟩=2.1e-05, ⟨B·n⟩=1.1e-03, Len=sum([4.1, 4.0, 3.8, 3.7])=15.7, ϰ=[3.8, 4.4, 4.6, 4.1], ∫ϰ²/L>=[5.0, 5.1, 5.3, 5.3], C-C-Sep=0.10, ║∇J║=4.8e-04
Iteration 844/2000-----
currents: [100000.0, 99999.99999877495, 99999.99999890049, 99999.99999903567]
J=2.1e-05, ⟨Jf⟩=2.1e-05, ⟨B·n⟩=1.1e-03, Len=sum([4.1, 4.0, 3.8, 3.7])=15.7, ϰ=[3.7, 4.3, 4.6, 4.1], ∫ϰ²/L>=[5.0, 5.1, 5.3, 5.3], C-C-Sep=0.10, ║∇J║=6.8e-04
Iteration 845/2000-----
currents: [100000.0, 99999.99999877377, 99999.99999889941, 99999.9999990341]
J=2.1e-05, ⟨Jf⟩=2.1e-05, ⟨B·n⟩=1.1e-03, Len=sum([4.1, 4.0, 3.8, 3.7])=15.7, ϰ=[3.7, 4.3, 4.6, 4.1], ∫ϰ²/L>=[5.0, 5.1, 5.3, 5.3], C-C-Sep=0.10, ║∇J║=5.8e-04
Iteration 846/2000-----
currents: [100000.0, 99999.99999877356, 99999.9999988995, 99999.99999903419]
J=2.1e-05, ⟨Jf⟩=2.1e-05, ⟨B·n⟩=1.1e-03, Len=sum([4.1, 4.0, 3.8, 3.7])=15.7, ϰ=[3.7, 4.3, 4.6, 4.1], ∫ϰ²/L>=[5.0, 5.1, 5.3, 5.3], C-C-Sep=0.10, ║∇J║=5.3e-04
Iteration 847/2000-----
currents: [100000.0, 99999.99999877272, 99999.99999889874, 99999.99999903311]
J=2.1e-05, ⟨Jf⟩=2.1e-05, ⟨B·n⟩=1.1e-03, Len=sum([4.1, 4.0, 3.8, 3.7])=15.7, ϰ=[3.7, 4.3, 4.6, 4.2], ∫ϰ²/L>=[5.0, 5.1, 5.3, 5.3], C-C-Sep=0.10, ║∇J║=4.2e-04
Iteration 848/2000-----
currents: [100000.0, 99999.99999877188, 99999.99999889785, 99999.99999903193]
J=2.1e-05, ⟨Jf⟩=2.1e-05, ⟨B·n⟩=1.1e-03, Len=sum([4.1, 4.0, 3.8, 3.7])=15.7, ϰ=[3.7, 4.3, 4.6, 4.1], ∫ϰ²/L>=[5.0, 5.1, 5.3, 5.3], C-C-Sep=0.10, ║∇J║=4.8e-04
Iteration 849/2000-----
currents: [100000.0, 99999.99999876978, 99999.99999889595, 99999.99999902966]
J=2.1e-05, ⟨Jf⟩=2.1e-05, ⟨B·n⟩=1.1e-03, Len=sum([4.1, 4.0, 3.8, 3.7])=15.7, ϰ=[3.8, 4.2, 4.6, 4.1], ∫ϰ²/L>=[5.0, 5.1, 5.3, 5.3], C-C-Sep=0.10, ║∇J║=3.9e-04
Iteration 850/2000-----
currents: [100000.0, 99999.99999876844, 99999.99999889475, 99999.99999902824]
J=2.1e-05, ⟨Jf⟩=2.1e-05, ⟨B·n⟩=1.1e-03, Len=sum([4.1, 4.0, 3.8, 3.7])=15.7, ϰ=[3.7, 4.2, 4.5, 4.1], ∫ϰ²/L>=[5.0, 5.1, 5.3, 5.3], C-C-Sep=0.10, ║∇J║=4.5e-04
Iteration 851/2000-----
currents: [100000.0, 99999.99999876755, 99999.999998894, 99999.99999902742]
J=2.1e-05, ⟨Jf⟩=2.1e-05, ⟨B·n⟩=1.1e-03, Len=sum([4.1, 4.0, 3.8, 3.7])=15.7, ϰ=[3.8, 4.2, 4.5, 4.1], ∫ϰ²/L>=[5.0, 5.1, 5.3, 5.3], C-C-Sep=0.10, ║∇J║=6.8e-04
Iteration 852/2000-----
currents: [100000.0, 99999.99999876729, 99999.9999988938, 99999.9999990273]
J=2.1e-05, ⟨Jf⟩=2.1e-05, ⟨B·n⟩=1.1e-03, Len=sum([4.1, 4.0, 3.8, 3.7])=15.7, ϰ=[3.8, 4.2, 4.5, 4.1], ∫ϰ²/L>=[5.0, 5.1, 5.3, 5.3], C-C-Sep=0.10, ║∇J║=3.7e-04
Iteration 853/2000-----
currents: [100000.0, 99999.99999876757, 99999.99999889414, 99999.99999902779]
J=2.1e-05, ⟨Jf⟩=2.1e-05, ⟨B·n⟩=1.1e-03, Len=sum([4.1, 4.0, 3.8, 3.7])=15.7, ϰ=[3.7, 4.2, 4.5, 4.1], ∫ϰ²/L>=[5.0, 5.1, 5.3, 5.3], C-C-Sep=0.10, ║∇J║=3.0e-04
Iteration 854/2000-----
currents: [100000.0, 99999.99999876649, 99999.99999889311, 99999.99999902662]
J=2.1e-05, ⟨Jf⟩=2.1e-05, ⟨B·n⟩=1.1e-03, Len=sum([4.1, 4.0, 3.8, 3.7])=15.7, ϰ=[3.7, 4.2, 4.5, 4.1], ∫ϰ²/L>=[5.0, 5.1, 5.3, 5.3], C-C-Sep=0.10, ║∇J║=4.3e-04
Iteration 855/2000-----
currents: [100000.0, 99999.999998766, 99999.99999889277, 99999.99999902629]
J=2.1e-05, ⟨Jf⟩=2.1e-05, ⟨B·n⟩=1.1e-03, Len=sum([4.1, 4.0, 3.8, 3.7])=15.7, ϰ=[3.7, 4.2, 4.5, 4.1], ∫ϰ²/L>=[5.0, 5.1, 5.3, 5.3], C-C-Sep=0.10, ║∇J║=4.0e-04
Iteration 856/2000-----
currents: [100000.0, 99999.99999876544, 99999.99999889222, 99999.9999990257]
J=2.1e-05, ⟨Jf⟩=2.1e-05, ⟨B·n⟩=1.1e-03, Len=sum([4.1, 4.0, 3.8, 3.7])=15.7, ϰ=[3.7, 4.2, 4.5, 4.1], ∫ϰ²/L>=[5.0, 5.1, 5.3, 5.3], C-C-Sep=0.10, ║∇J║=4.0e-04
Iteration 857/2000-----
currents: [100000.0, 99999.99999876464, 99999.9999988914, 99999.9999990248]
J=2.1e-05, ⟨Jf⟩=2.1e-05, ⟨B·n⟩=1.1e-03, Len=sum([4.1, 4.0, 3.8, 3.7])=15.7, ϰ=[3.7, 4.2, 4.5, 4.0], ∫ϰ²/L>=[5.0, 5.1, 5.3, 5.3], C-C-Sep=0.10, ║∇J║=4.2e-04
Iteration 858/2000-----
currents: [100000.0, 99999.99999876301, 99999.99999888982, 99999.99999902301]
J=2.1e-05, ⟨Jf⟩=2.1e-05, ⟨B·n⟩=1.1e-03, Len=sum([4.1, 4.0, 3.8, 3.7])=15.7, ϰ=[3.7, 4.2, 4.5, 4.0], ∫ϰ²/L>=[5.0, 5.1, 5.3, 5.3], C-C-Sep=0.10, ║∇J║=4.8e-04
Iteration 859/2000-----
currents: [100000.0, 99999.99999876216, 99999.99999888908, 99999.99999902223]
J=2.1e-05, ⟨Jf⟩=2.1e-05, ⟨B·n⟩=1.1e-03, Len=sum([4.1, 4.0, 3.8, 3.7])=15.7, ϰ=[3.7, 4.1, 4.5, 4.0], ∫ϰ²/L>=[5.0, 5.1, 5.3, 5.3], C-C-Sep=0.10, ║∇J║=6.7e-04
Iteration 860/2000-----
currents: [100000.0, 99999.99999876207, 99999.99999888906, 99999.99999902232]
J=2.1e-05, ⟨Jf⟩=2.1e-05, ⟨B·n⟩=1.1e-03, Len=sum([4.1, 4.0, 3.8, 3.7])=15.7, ϰ=[3.8, 4.1, 4.5, 4.0], ∫ϰ²/L>=[5.0, 5.1, 5.3, 5.3], C-C-Sep=0.10, ║∇J║=4.4e-04
Iteration 861/2000-----
currents: [100000.0, 99999.99999876157, 99999.99999888858, 99999.99999902176]
J=2.1e-05, ⟨Jf⟩=2.1e-05, ⟨B·n⟩=1.1e-03, Len=sum([4.1, 4.0, 3.8, 3.7])=15.7, ϰ=[3.8, 4.1, 4.5, 4.0], ∫ϰ²/L>=[5.0, 5.1, 5.3, 5.3], C-C-Sep=0.10, ║∇J║=3.1e-04
Iteration 862/2000-----
currents: [100000.0, 99999.99999876191, 99999.99999888902, 99999.99999902237]
J=2.1e-05, ⟨Jf⟩=2.1e-05, ⟨B·n⟩=1.1e-03, Len=sum([4.1, 4.0, 3.8, 3.7])=15.7, ϰ=[3.8, 4.1, 4.5, 4.0], ∫ϰ²/L>=[5.0, 5.1, 5.3, 5.3], C-C-Sep=0.10, ║∇J║=3.3e-04
Iteration 863/2000-----
currents: [100000.0, 99999.99999876089, 99999.99999888815, 99999.99999902134]
J=2.1e-05, ⟨Jf⟩=2.1e-05, ⟨B·n⟩=1.1e-03, Len=sum([4.1, 4.0, 3.8, 3.7])=15.7, ϰ=[3.8, 4.1, 4.5, 4.0], ∫ϰ²/L>=[5.0, 5.1, 5.3, 5.3], C-C-Sep=0.10, ║∇J║=5.6e-04
Iteration 864/2000-----
currents: [100000.0, 99999.99999876032, 99999.99999888765, 99999.99999902082]
J=2.1e-05, ⟨Jf⟩=2.1e-05, ⟨B·n⟩=1.1e-03, Len=sum([4.1, 4.0, 3.8, 3.7])=15.7, ϰ=[3.8, 4.1, 4.5, 4.0], ∫ϰ²/L>=[5.0, 5.1, 5.3, 5.3], C-C-Sep=0.10, ║∇J║=3.6e-04
Iteration 865/2000-----
currents: [100000.0, 99999.99999876012, 99999.99999888746, 99999.99999902061]
J=2.1e-05, ⟨Jf⟩=2.1e-05, ⟨B·n⟩=1.1e-03, Len=sum([4.1, 4.0, 3.8, 3.7])=15.7, ϰ=[3.8, 4.0, 4.5, 3.9], ∫ϰ²/L>=[5.0, 5.1, 5.3, 5.3], C-C-Sep=0.10, ║∇J║=3.9e-04
Iteration 866/2000-----
currents: [100000.0, 99999.99999875872, 99999.9999988862, 99999.99999901907]
J=2.1e-05, ⟨Jf⟩=2.1e-05, ⟨B·n⟩=1.1e-03, Len=sum([4.1, 4.0, 3.8, 3.7])=15.7, ϰ=[3.9, 4.0, 4.4, 3.9], ∫ϰ²/L>=[5.0, 5.1, 5.3, 5.3], C-C-Sep=0.10, ║∇J║=3.9e-04
Iteration 867/2000-----
currents: [100000.0, 99999.99999875679, 99999.99999888439, 99999.99999901674]
J=2.1e-05, ⟨Jf⟩=2.1e-05, ⟨B·n⟩=1.1e-03, Len=sum([4.1, 4.0, 3.8, 3.7])=15.7, ϰ=[3.9, 4.0, 4.4, 4.0], ∫ϰ²/L>=[5.0, 5.1, 5.3, 5.3], C-C-Sep=0.10, ║∇J║=5.2e-04
Iteration 868/2000-----
currents: [100000.0, 99999.99999875556, 99999.99999888327, 99999.99999901524]
J=2.1e-05, ⟨Jf⟩=2.1e-05, ⟨B·n⟩=1.1e-03, Len=sum([4.1, 4.0, 3.8, 3.7])=15.7, ϰ=[3.9, 3.9, 4.4, 4.0], ∫ϰ²/L>=[5.0, 5.1, 5.3, 5.3], C-C-Sep=0.10, ║∇J║=6.0e-04
Iteration 869/2000-----
currents: [100000.0, 99999.99999875498, 99999.99999888278, 99999.99999901462]
J=2.1e-05, ⟨Jf⟩=2.1e-05, ⟨B·n⟩=1.1e-03, Len=sum([4.1, 4.0, 3.8, 3.7])=15.7, ϰ=[3.9, 3.9, 4.4, 4.0], ∫ϰ²/L>=[5.0, 5.1, 5.3, 5.3], C-C-Sep=0.10, ║∇J║=4.7e-04
Iteration 870/2000-----
currents: [100000.0, 99999.99999875386, 99999.9999988818, 99999.9999990134]
J=2.1e-05, ⟨Jf⟩=2.1e-05, ⟨B·n⟩=1.1e-03, Len=sum([4.1, 4.0, 3.8, 3.7])=15.7, ϰ=[3.9, 3.9, 4.4, 4.0], ∫ϰ²/L>=[5.0, 5.1, 5.3, 5.3], C-C-Sep=0.10, ║∇J║=4.2e-04
Iteration 871/2000-----
currents: [100000.0, 99999.99999875308, 99999.99999888107, 99999.99999901245]
J=2.1e-05, ⟨Jf⟩=2.1e-05, ⟨B·n⟩=1.1e-03, Len=sum([4.1, 4.0, 3.8, 3.7])=15.7, ϰ=[3.8, 3.9, 4.3, 4.0], ∫ϰ²/L>=[5.0, 5.1, 5.3, 5.3], C-C-Sep=0.10, ║∇J║=6.1e-04
Iteration 872/2000-----
currents: [100000.0, 99999.99999875216, 99999.99999888022, 99999.99999901143]
J=2.1e-05, ⟨Jf⟩=2.1e-05, ⟨B·n⟩=1.1e-03, Len=sum([4.1, 4.0, 3.8, 3.7])=15.7, ϰ=[3.9, 3.8, 4.3, 4.0], ∫ϰ²/L>=[5.0, 5.1, 5.3, 5.3], C-C-Sep=0.10, ║∇J║=3.7e-04
Iteration 873/2000-----
currents: [100000.0, 99999.99999875134, 99999.99999887939, 99999.99999901037]
J=2.1e-05, ⟨Jf⟩=2.1e-05, ⟨B·n⟩=1.1e-03, Len=sum([4.1, 4.0, 3.8, 3.7])=15.7, ϰ=[3.9, 3.8, 4.3, 4.1], ∫ϰ²/L>=[5.0, 5.1, 5.3, 5.3], C-C-Sep=0.10, ║∇J║=3.4e-04
Iteration 874/2000-----
currents: [100000.0, 99999.9999987509, 99999.99999887889, 99999.99999900957]
J=2.1e-05, ⟨Jf⟩=2.1e-05, ⟨B·n⟩=1.1e-03, Len=sum([4.1, 4.0, 3.8, 3.7])=15.7, ϰ=[3.9, 3.9, 4.3, 4.1], ∫ϰ²/L>=[5.0, 5.1, 5.3, 5.3], C-C-Sep=0.10, ║∇J║=4.2e-04
Iteration 875/2000-----
currents: [100000.0, 99999.99999875088, 99999.99999887867, 99999.99999900916]
J=2.1e-05, ⟨Jf⟩=2.1e-05, ⟨B·n⟩=1.1e-03, Len=sum([4.1, 4.0, 3.8, 3.7])=15.7, ϰ=[3.9, 3.9, 4.3, 4.1], ∫ϰ²/L>=[5.0, 5.1, 5.2, 5.3], C-C-Sep=0.10, ║∇J║=6.6e-04
Iteration 876/2000-----
currents: [100000.0, 99999.99999875113, 99999.99999887882, 99999.99999900919]
J=2.1e-05, ⟨Jf⟩=2.1e-05, ⟨B·n⟩=1.1e-03, Len=sum([4.1, 4.0, 3.8, 3.7])=15.7, ϰ=[3.9, 3.9, 4.3, 4.1], ∫ϰ²/L>=[5.0, 5.1, 5.2, 5.3], C-C-Sep=0.10, ║∇J║=3.7e-04
Iteration 877/2000-----
currents: [100000.0, 99999.99999875063, 99999.99999887827, 99999.99999900842]
J=2.1e-05, ⟨Jf⟩=2.1e-05, ⟨B·n⟩=1.1e-03, Len=sum([4.1, 4.0, 3.8, 3.7])=15.7, ϰ=[3.9, 3.8, 4.3, 4.1], ∫ϰ²/L>=[5.0, 5.1, 5.3, 5.3], C-C-Sep=0.10, ║∇J║=4.6e-04
Iteration 878/2000-----
currents: [100000.0, 99999.99999875181, 99999.99999887934, 99999.9999990095]
J=2.1e-05, ⟨Jf⟩=2.1e-05, ⟨B·n⟩=1.1e-03, Len=sum([4.1, 4.0, 3.8, 3.7])=15.7, ϰ=[3.9, 3.8, 4.3, 4.2], ∫ϰ²/L>=[5.0, 5.1, 5.2, 5.3], C-C-Sep=0.10, ║∇J║=3.8e-04
Iteration 879/2000-----
currents: [100000.0, 99999.99999875127, 99999.99999887883, 99999.99999900894]
J=2.1e-05, ⟨Jf⟩=2.1e-05, ⟨B·n⟩=1.1e-03, Len=sum([4.1, 4.0, 3.8, 3.7])=15.7, ϰ=[3.9, 3.8, 4.3, 4.2], ∫ϰ²/L>=[5.0, 5.1, 5.2, 5.3], C-C-Sep=0.10, ║∇J║=3.2e-04
Iteration 880/2000-----
currents: [100000.0, 99999.99999875028, 99999.99999887795, 99999.99999900797]
J=2.1e-05, ⟨Jf⟩=2.1e-05, ⟨B·n⟩=1.1e-03, Len=sum([4.1, 4.0, 3.8, 3.7])=15.7, ϰ=[3.9, 3.8, 4.3, 4.2], ∫ϰ²/L>=[5.0, 5.1, 5.2, 5.3], C-C-Sep=0.10, ║∇J║=2.9e-04
Iteration 881/2000-----
currents: [100000.0, 99999.99999874995, 99999.9999988777, 99999.99999900766]
J=2.1e-05, ⟨Jf⟩=2.1e-05, ⟨B·n⟩=1.1e-03, Len=sum([4.1, 4.0, 3.8, 3.7])=15.7, ϰ=[3.9, 3.8, 4.3, 4.2], ∫ϰ²/L>=[5.0, 5.1, 5.2, 5.3], C-C-Sep=0.10, ║∇J║=4.5e-04
Iteration 882/2000-----
currents: [100000.0, 99999.99999874932, 99999.99999887717, 99999.99999900699]
J=2.1e-05, ⟨Jf⟩=2.1e-05, ⟨B·n⟩=1.0e-03, Len=sum([4.1, 4.0, 3.8, 3.7])=15.7, ϰ=[3.9, 3.8, 4.3, 4.2], ∫ϰ²/L>=[5.0, 5.1, 5.2, 5.3], C-C-Sep=0.10, ║∇J║=3.1e-04
Iteration 883/2000-----
currents: [100000.0, 99999.99999874877, 99999.99999887671, 99999.99999900645]
J=2.1e-05, ⟨Jf⟩=2.1e-05, ⟨B·n⟩=1.0e-03, Len=sum([4.1, 4.0, 3.8, 3.7])=15.7, ϰ=[4.0, 3.8, 4.3, 4.2], ∫ϰ²/L>=[5.0, 5.1, 5.2, 5.3], C-C-Sep=0.10, ║∇J║=3.1e-04
Iteration 884/2000-----
currents: [100000.0, 99999.99999874787, 99999.99999887585, 99999.99999900545]
J=2.1e-05, ⟨Jf⟩=2.1e-05, ⟨B·n⟩=1.0e-03, Len=sum([4.1, 4.0, 3.8, 3.7])=15.7, ϰ=[4.0, 3.9, 4.3, 4.2], ∫ϰ²/L>=[5.0, 5.1, 5.2, 5.3], C-C-Sep=0.10, ║∇J║=4.1e-04
Iteration 885/2000-----
currents: [100000.0, 99999.99999874693, 99999.99999887505, 99999.99999900466]
J=2.1e-05, ⟨Jf⟩=2.1e-05, ⟨B·n⟩=1.1e-03, Len=sum([4.1, 4.0, 3.8, 3.7])=15.7, ϰ=[4.0, 3.9, 4.2, 4.2], ∫ϰ²/L>=[5.0, 5.1, 5.2, 5.3], C-C-Sep=0.10, ║∇J║=6.7e-04
Iteration 886/2000-----
currents: [100000.0, 99999.99999874673, 99999.99999887477, 99999.99999900437]
J=2.1e-05, ⟨Jf⟩=2.1e-05, ⟨B·n⟩=1.1e-03, Len=sum([4.1, 4.0, 3.8, 3.7])=15.7, ϰ=[4.1, 4.0, 4.2, 4.2], ∫ϰ²/L>=[5.0, 5.1, 5.2, 5.3], C-C-Sep=0.10, ║∇J║=3.6e-04
Iteration 887/2000-----
currents: [100000.0, 99999.9999987461, 99999.99999887409, 99999.99999900354]
J=2.1e-05, ⟨Jf⟩=2.1e-05, ⟨B·n⟩=1.1e-03, Len=sum([4.1, 4.0, 3.8, 3.7])=15.7, ϰ=[4.1, 4.0, 4.2, 4.1], ∫ϰ²/L>=[5.0, 5.1, 5.2, 5.3], C-C-Sep=0.10, ║∇J║=3.3e-04
Iteration 888/2000-----
currents: [100000.0, 99999.99999874618, 99999.99999887422, 99999.99999900375]
J=2.1e-05, ⟨Jf⟩=2.1e-05, ⟨B·n⟩=1.1e-03, Len=sum([4.1, 4.0, 3.8, 3.7])=15.7, ϰ=[4.1, 4.0, 4.1, 4.1], ∫ϰ²/L>=[5.0, 5.1, 5.2, 5.3], C-C-Sep=0.10, ║∇J║=3.5e-04
Iteration 889/2000-----
currents: [100000.0, 99999.99999874484, 99999.99999887298, 99999.99999900222]
J=2.1e-05, ⟨Jf⟩=2.1e-05, ⟨B·n⟩=1.1e-03, Len=sum([4.1, 4.0, 3.8, 3.7])=15.7, ϰ=[4.1, 4.0, 4.1, 4.1], ∫ϰ²/L>=[5.0, 5.1, 5.2, 5.3], C-C-Sep=0.10, ║∇J║=4.5e-04
Iteration 890/2000-----
currents: [100000.0, 99999.99999874466, 99999.99999887284, 99999.99999900196]
J=2.1e-05, ⟨Jf⟩=2.1e-05, ⟨B·n⟩=1.1e-03, Len=sum([4.1, 4.0, 3.8, 3.7])=15.7, ϰ=[4.1, 4.0, 4.1, 4.1], ∫ϰ²/L>=[5.0, 5.1, 5.2, 5.3], C-C-Sep=0.10, ║∇J║=5.4e-04
Iteration 891/2000-----
currents: [100000.0, 99999.99999874443, 99999.99999887272, 99999.99999900177]
J=2.1e-05, ⟨Jf⟩=2.1e-05, ⟨B·n⟩=1.1e-03, Len=sum([4.1, 4.0, 3.8, 3.7])=15.7, ϰ=[4.1, 4.0, 4.1, 4.1], ∫ϰ²/L>=[5.0, 5.1, 5.2, 5.3], C-C-Sep=0.10, ║∇J║=5.5e-04
Iteration 892/2000-----
currents: [100000.0, 99999.99999874418, 99999.99999887255, 99999.9999990015]
J=2.1e-05, ⟨Jf⟩=2.1e-05, ⟨B·n⟩=1.1e-03, Len=sum([4.1, 4.0, 3.8, 3.7])=15.7, ϰ=[4.1, 4.0, 4.1, 4.1], ∫ϰ²/L>=[5.0, 5.1, 5.2, 5.3], C-C-Sep=0.10, ║∇J║=3.4e-04
Iteration 893/2000-----
currents: [100000.0, 99999.99999874295, 99999.99999887137, 99999.99999899999]
J=2.1e-05, ⟨Jf⟩=2.1e-05, ⟨B·n⟩=1.1e-03, Len=sum([4.1, 4.0, 3.8, 3.7])=15.7, ϰ=[4.1, 4.0, 4.1, 4.1], ∫ϰ²/L>=[5.0, 5.1, 5.2, 5.3], C-C-Sep=0.10, ║∇J║=3.7e-04
Iteration 894/2000-----
currents: [100000.0, 99999.99999874142, 99999.99999886993, 99999.99999899816]
J=2.1e-05, ⟨Jf⟩=2.1e-05, ⟨B·n⟩=1.1e-03, Len=sum([4.1, 4.0, 3.8, 3.7])=15.7, ϰ=[4.1, 3.9, 4.1, 4.1], ∫ϰ²/L>=[5.0, 5.1, 5.2, 5.3], C-C-Sep=0.10, ║∇J║=7.0e-04
Iteration 895/2000-----
currents: [100000.0, 99999.99999874132, 99999.99999886988, 99999.99999899814]
J=2.1e-05, ⟨Jf⟩=2.1e-05, ⟨B·n⟩=1.1e-03, Len=sum([4.1, 4.0, 3.8, 3.7])=15.7, ϰ=[4.1, 3.9, 4.1, 4.1], ∫ϰ²/L>=[5.0, 5.1, 5.2, 5.3], C-C-Sep=0.10, ║∇J║=3.8e-04
Iteration 896/2000-----
currents: [100000.0, 99999.99999874107, 99999.99999886984, 99999.99999899816]
J=2.1e-05, ⟨Jf⟩=2.1e-05, ⟨B·n⟩=1.1e-03, Len=sum([4.1, 4.0, 3.8, 3.7])=15.6, ϰ=[4.1, 3.9, 4.1, 4.1], ∫ϰ²/L>=[5.0, 5.1, 5.2, 5.3], C-C-Sep=0.10, ║∇J║=2.7e-04
Iteration 897/2000-----
currents: [100000.0, 99999.99999874092, 99999.99999886981, 99999.99999899816]
J=2.1e-05, ⟨Jf⟩=2.1e-05, ⟨B·n⟩=1.1e-03, Len=sum([4.1, 4.0, 3.8, 3.7])=15.7, ϰ=[4.1, 3.9, 4.1, 4.1], ∫ϰ²/L>=[5.0, 5.1, 5.2, 5.3], C-C-Sep=0.10, ║∇J║=3.1e-04
Iteration 898/2000-----
currents: [100000.0, 99999.99999873992, 99999.9999988692, 99999.99999899756]
J=2.1e-05, ⟨Jf⟩=2.1e-05, ⟨B·n⟩=1.1e-03, Len=sum([4.1, 4.0, 3.8, 3.7])=15.7, ϰ=[4.1, 3.9, 4.0, 4.1], ∫ϰ²/L>=[5.0, 5.1, 5.2, 5.3], C-C-Sep=0.10, ║∇J║=4.1e-04
Iteration 899/2000-----
currents: [100000.0, 99999.99999873986, 99999.99999886933, 99999.9999989978]
J=2.1e-05, ⟨Jf⟩=2.0e-05, ⟨B·n⟩=1.1e-03, Len=sum([4.1, 4.0, 3.8, 3.7])=15.7, ϰ=[4.1, 3.9, 4.0, 4.1], ∫ϰ²/L>=[5.0, 5.1, 5.2, 5.3], C-C-Sep=0.10, ║∇J║=3.3e-04
Iteration 900/2000-----
currents: [100000.0, 99999.99999873979, 99999.99999886933, 99999.9999989978]
J=2.1e-05, ⟨Jf⟩=2.0e-05, ⟨B·n⟩=1.1e-03, Len=sum([4.1, 4.0, 3.8, 3.7])=15.7, ϰ=[4.1, 3.9, 4.0, 4.1], ∫ϰ²/L>=[5.0, 5.1, 5.2, 5.3], C-C-Sep=0.10, ║∇J║=3.0e-04
Iteration 901/2000-----
currents: [100000.0, 99999.99999873906, 99999.99999886887, 99999.99999899729]
J=2.1e-05, ⟨Jf⟩=2.0e-05, ⟨B·n⟩=1.1e-03, Len=sum([4.1, 4.0, 3.8, 3.7])=15.7, ϰ=[4.2, 3.9, 4.0, 4.1], ∫ϰ²/L>=[5.0, 5.1, 5.2, 5.3], C-C-Sep=0.10, ║∇J║=2.8e-04
Iteration 902/2000-----
currents: [100000.0, 99999.99999873772, 99999.99999886776, 99999.99999899598]
J=2.1e-05, ⟨Jf⟩=2.0e-05, ⟨B·n⟩=1.1e-03, Len=sum([4.1, 4.0, 3.8, 3.7])=15.7, ϰ=[4.2, 3.9, 4.1, 4.1], ∫ϰ²/L>=[5.0, 5.1, 5.2, 5.3], C-C-Sep=0.10, ║∇J║=5.2e-04
Iteration 903/2000-----
currents: [100000.0, 99999.99999873701, 99999.99999886709, 99999.99999899516]
J=2.1e-05, ⟨Jf⟩=2.0e-05, ⟨B·n⟩=1.1e-03, Len=sum([4.1, 4.0, 3.8, 3.7])=15.7, ϰ=[4.2, 3.8, 4.1, 4.0], ∫ϰ²/L>=[5.0, 5.1, 5.2, 5.3], C-C-Sep=0.10, ║∇J║=3.2e-04
Iteration 904/2000-----
currents: [100000.0, 99999.99999873583, 99999.99999886585, 99999.99999899352]
J=2.1e-05, ⟨Jf⟩=2.0e-05, ⟨B·n⟩=1.1e-03, Len=sum([4.1, 4.0, 3.8, 3.7])=15.6, ϰ=[4.2, 3.8, 4.1, 4.0], ∫ϰ²/L>=[5.0, 5.1, 5.2, 5.3], C-C-Sep=0.10, ║∇J║=3.1e-04
Iteration 905/2000-----
currents: [100000.0, 99999.99999873448, 99999.99999886447, 99999.99999899173]
J=2.1e-05, ⟨Jf⟩=2.0e-05, ⟨B·n⟩=1.1e-03, Len=sum([4.1, 4.0, 3.8, 3.7])=15.6, ϰ=[4.2, 3.8, 4.2, 4.0], ∫ϰ²/L>=[5.0, 5.1, 5.2, 5.3], C-C-Sep=0.10, ║∇J║=6.1e-04
Iteration 906/2000-----
currents: [100000.0, 99999.99999873333, 99999.99999886329, 99999.99999899017]
J=2.1e-05, ⟨Jf⟩=2.0e-05, ⟨B·n⟩=1.1e-03, Len=sum([4.1, 4.0, 3.8, 3.7])=15.6, ϰ=[4.2, 3.8, 4.2, 4.0], ∫ϰ²/L>=[5.0, 5.1, 5.2, 5.3], C-C-Sep=0.10, ║∇J║=4.7e-04
Iteration 907/2000-----
currents: [100000.0, 99999.99999873289, 99999.9999988628, 99999.9999989894]
J=2.1e-05, ⟨Jf⟩=2.0e-05, ⟨B·n⟩=1.1e-03, Len=sum([4.1, 4.0, 3.8, 3.7])=15.6, ϰ=[4.2, 3.8, 4.2, 4.0], ∫ϰ²/L>=[5.0, 5.1, 5.2, 5.3], C-C-Sep=0.10, ║∇J║=4.8e-04
Iteration 908/2000-----
currents: [100000.0, 99999.99999873254, 99999.99999886271, 99999.99999898917]
J=2.1e-05, ⟨Jf⟩=2.0e-05, ⟨B·n⟩=1.0e-03, Len=sum([4.1, 4.0, 3.8, 3.7])=15.7, ϰ=[4.2, 3.8, 4.2, 3.9], ∫ϰ²/L>=[5.0, 5.1, 5.2, 5.3], C-C-Sep=0.10, ║∇J║=5.0e-04
Iteration 909/2000-----
currents: [100000.0, 99999.99999873343, 99999.9999988637, 99999.99999899039]
J=2.1e-05, ⟨Jf⟩=2.0e-05, ⟨B·n⟩=1.0e-03, Len=sum([4.1, 4.0, 3.8, 3.7])=15.7, ϰ=[4.1, 3.8, 4.2, 3.9], ∫ϰ²/L>=[5.0, 5.1, 5.2, 5.3], C-C-Sep=0.10, ║∇J║=8.9e-04
Iteration 910/2000-----
currents: [100000.0, 99999.99999873288, 99999.99999886309, 99999.99999898963]
J=2.1e-05, ⟨Jf⟩=2.0e-05, ⟨B·n⟩=1.0e-03, Len=sum([4.1, 4.0, 3.8, 3.7])=15.7, ϰ=[4.1, 3.8, 4.2, 3.9], ∫ϰ²/L>=[5.0, 5.1, 5.2, 5.3], C-C-Sep=0.10, ║∇J║=5.0e-04
Iteration 911/2000-----
currents: [100000.0, 99999.99999873264, 99999.99999886283, 99999.99999898931]
J=2.1e-05, ⟨Jf⟩=2.0e-05, ⟨B·n⟩=1.0e-03, Len=sum([4.1, 4.0, 3.8, 3.7])=15.7, ϰ=[4.1, 3.8, 4.2, 3.9], ∫ϰ²/L>=[5.0, 5.1, 5.2, 5.3], C-C-Sep=0.10, ║∇J║=4.7e-04
Iteration 912/2000-----
currents: [100000.0, 99999.99999873208, 99999.9999988623, 99999.99999898857]
J=2.1e-05, ⟨Jf⟩=2.0e-05, ⟨B·n⟩=1.0e-03, Len=sum([4.1, 4.0, 3.8, 3.7])=15.7, ϰ=[4.1, 3.8, 4.2, 3.9], ∫ϰ²/L>=[5.0, 5.1, 5.2, 5.3], C-C-Sep=0.10, ║∇J║=2.5e-04
Iteration 913/2000-----
currents: [100000.0, 99999.99999873154, 99999.99999886194, 99999.99999898802]
J=2.1e-05, ⟨Jf⟩=2.0e-05, ⟨B·n⟩=1.0e-03, Len=sum([4.1, 4.0, 3.8, 3.7])=15.7, ϰ=[4.1, 3.8, 4.2, 3.9], ∫ϰ²/L>=[5.0, 5.1, 5.2, 5.3], C-C-Sep=0.10, ║∇J║=2.9e-04
Iteration 914/2000-----
currents: [100000.0, 99999.99999873173, 99999.99999886203, 99999.99999898797]
J=2.1e-05, ⟨Jf⟩=2.0e-05, ⟨B·n⟩=1.0e-03, Len=sum([4.1, 4.0, 3.8, 3.7])=15.7, ϰ=[4.1, 3.8, 4.2, 3.9], ∫ϰ²/L>=[5.0, 5.1, 5.2, 5.3], C-C-Sep=0.10, ║∇J║=3.7e-04
Iteration 915/2000-----
currents: [100000.0, 99999.99999873145, 99999.99999886182, 99999.99999898761]
J=2.1e-05, ⟨Jf⟩=2.0e-05, ⟨B·n⟩=1.0e-03, Len=sum([4.1, 4.0, 3.8, 3.7])=15.7, ϰ=[4.1, 3.8, 4.2, 3.9], ∫ϰ²/L>=[5.0, 5.1, 5.2, 5.3], C-C-Sep=0.10, ║∇J║=2.9e-04
Iteration 916/2000-----
currents: [100000.0, 99999.99999873135, 99999.99999886169, 99999.99999898739]
J=2.1e-05, ⟨Jf⟩=2.0e-05, ⟨B·n⟩=1.0e-03, Len=sum([4.1, 4.0, 3.8, 3.7])=15.7, ϰ=[4.1, 3.8, 4.2, 3.9], ∫ϰ²/L>=[5.0, 5.1, 5.2, 5.3], C-C-Sep=0.10, ║∇J║=2.7e-04
Iteration 917/2000-----
currents: [100000.0, 99999.9999987311, 99999.99999886146, 99999.99999898708]
J=2.1e-05, ⟨Jf⟩=2.0e-05, ⟨B·n⟩=1.0e-03, Len=sum([4.1, 4.0, 3.8, 3.7])=15.7, ϰ=[4.1, 3.8, 4.2, 3.9], ∫ϰ²/L>=[5.0, 5.1, 5.2, 5.3], C-C-Sep=0.10, ║∇J║=3.5e-04
Iteration 918/2000-----
currents: [100000.0, 99999.99999872998, 99999.9999988605, 99999.99999898592]
J=2.1e-05, ⟨Jf⟩=2.0e-05, ⟨B·n⟩=1.0e-03, Len=sum([4.1, 4.0, 3.8, 3.7])=15.7, ϰ=[4.0, 3.8, 4.2, 3.8], ∫ϰ²/L>=[5.0, 5.1, 5.2, 5.3], C-C-Sep=0.10, ║∇J║=3.9e-04
Iteration 919/2000-----
currents: [100000.0, 99999.99999872851, 99999.99999885923, 99999.99999898441]
J=2.1e-05, ⟨Jf⟩=2.0e-05, ⟨B·n⟩=1.1e-03, Len=sum([4.1, 4.0, 3.8, 3.7])=15.7, ϰ=[4.0, 3.8, 4.2, 3.8], ∫ϰ²/L>=[5.0, 5.1, 5.2, 5.3], C-C-Sep=0.10, ║∇J║=3.6e-04
Iteration 920/2000-----
currents: [100000.0, 99999.99999872693, 99999.99999885791, 99999.99999898282]
J=2.1e-05, ⟨Jf⟩=2.0e-05, ⟨B·n⟩=1.1e-03, Len=sum([4.1, 4.0, 3.8, 3.7])=15.7, ϰ=[4.0, 3.8, 4.1, 3.8], ∫ϰ²/L>=[5.0, 5.1, 5.2, 5.3], C-C-Sep=0.10, ║∇J║=3.1e-04
Iteration 921/2000-----
currents: [100000.0, 99999.99999872554, 99999.99999885663, 99999.99999898125]
J=2.1e-05, ⟨Jf⟩=2.0e-05, ⟨B·n⟩=1.1e-03, Len=sum([4.1, 4.0, 3.8, 3.7])=15.7, ϰ=[4.0, 3.8, 4.1, 3.8], ∫ϰ²/L>=[5.0, 5.1, 5.2, 5.3], C-C-Sep=0.10, ║∇J║=3.8e-04
Iteration 922/2000-----
currents: [100000.0, 99999.99999872339, 99999.99999885466, 99999.99999897885]
J=2.1e-05, ⟨Jf⟩=2.0e-05, ⟨B·n⟩=1.1e-03, Len=sum([4.1, 4.0, 3.8, 3.7])=15.6, ϰ=[4.1, 3.8, 4.1, 3.8], ∫ϰ²/L>=[5.0, 5.1, 5.2, 5.3], C-C-Sep=0.10, ║∇J║=5.7e-04
Iteration 923/2000-----
currents: [100000.0, 99999.99999872303, 99999.99999885418, 99999.99999897818]
J=2.1e-05, ⟨Jf⟩=2.0e-05, ⟨B·n⟩=1.1e-03, Len=sum([4.1, 4.0, 3.8, 3.7])=15.6, ϰ=[4.1, 3.8, 4.1, 3.7], ∫ϰ²/L>=[5.0, 5.1, 5.2, 5.3], C-C-Sep=0.10, ║∇J║=4.7e-04
Iteration 924/2000-----
currents: [100000.0, 99999.99999872273, 99999.99999885383, 99999.9999989777]
J=2.1e-05, ⟨Jf⟩=2.0e-05, ⟨B·n⟩=1.1e-03, Len=sum([4.1, 4.0, 3.8, 3.7])=15.6, ϰ=[4.1, 3.9, 4.1, 3.7], ∫ϰ²/L>=[5.0, 5.0, 5.2, 5.3], C-C-Sep=0.10, ║∇J║=4.7e-04
Iteration 925/2000-----
currents: [100000.0, 99999.99999872266, 99999.99999885379, 99999.99999897766]
J=2.1e-05, ⟨Jf⟩=2.0e-05, ⟨B·n⟩=1.1e-03, Len=sum([4.1, 4.0, 3.8, 3.7])=15.6, ϰ=[4.1, 3.9, 4.1, 3.8], ∫ϰ²/L>=[5.0, 5.1, 5.2, 5.3], C-C-Sep=0.10, ║∇J║=4.3e-04
Iteration 926/2000-----
currents: [100000.0, 99999.99999872268, 99999.99999885379, 99999.99999897766]
J=2.1e-05, ⟨Jf⟩=2.0e-05, ⟨B·n⟩=1.1e-03, Len=sum([4.1, 4.0, 3.8, 3.7])=15.6, ϰ=[4.1, 3.9, 4.1, 3.8], ∫ϰ²/L>=[5.0, 5.1, 5.2, 5.3], C-C-Sep=0.10, ║∇J║=3.0e-04
Iteration 927/2000-----
currents: [100000.0, 99999.99999872195, 99999.99999885328, 99999.99999897707]
J=2.1e-05, ⟨Jf⟩=2.0e-05, ⟨B·n⟩=1.1e-03, Len=sum([4.1, 4.0, 3.8, 3.7])=15.7, ϰ=[4.1, 4.0, 4.1, 3.8], ∫ϰ²/L>=[5.0, 5.1, 5.2, 5.3], C-C-Sep=0.10, ║∇J║=3.2e-04
Iteration 928/2000-----
currents: [100000.0, 99999.99999872172, 99999.99999885312, 99999.99999897688]
J=2.1e-05, ⟨Jf⟩=2.0e-05, ⟨B·n⟩=1.1e-03, Len=sum([4.1, 4.0, 3.8, 3.7])=15.7, ϰ=[4.1, 4.0, 4.1, 3.8], ∫ϰ²/L>=[5.0, 5.1, 5.2, 5.3], C-C-Sep=0.10, ║∇J║=4.2e-04
Iteration 929/2000-----
currents: [100000.0, 99999.9999987206, 99999.9999988522, 99999.99999897573]
J=2.1e-05, ⟨Jf⟩=2.0e-05, ⟨B·n⟩=1.0e-03, Len=sum([4.1, 4.0, 3.8, 3.7])=15.7, ϰ=[4.1, 4.0, 4.1, 3.8], ∫ϰ²/L>=[5.0, 5.1, 5.2, 5.3], C-C-Sep=0.10, ║∇J║=3.8e-04
Iteration 930/2000-----
currents: [100000.0, 99999.99999871997, 99999.99999885168, 99999.99999897498]
J=2.1e-05, ⟨Jf⟩=2.0e-05, ⟨B·n⟩=1.0e-03, Len=sum([4.1, 4.0, 3.8, 3.7])=15.7, ϰ=[4.1, 4.0, 4.1, 3.8], ∫ϰ²/L>=[5.0, 5.1, 5.2, 5.3], C-C-Sep=0.10, ║∇J║=2.9e-04
Iteration 931/2000-----
currents: [100000.0, 99999.99999871945, 99999.9999988513, 99999.99999897431]
J=2.1e-05, ⟨Jf⟩=2.0e-05, ⟨B·n⟩=1.0e-03, Len=sum([4.1, 4.0, 3.8, 3.7])=15.7, ϰ=[4.1, 4.1, 4.1, 3.8], ∫ϰ²/L>=[5.0, 5.1, 5.2, 5.3], C-C-Sep=0.10, ║∇J║=3.1e-04
Iteration 932/2000-----
currents: [100000.0, 99999.99999871856, 99999.99999885063, 99999.99999897332]
J=2.1e-05, ⟨Jf⟩=2.0e-05, ⟨B·n⟩=1.0e-03, Len=sum([4.1, 4.0, 3.8, 3.7])=15.7, ϰ=[4.1, 4.1, 4.1, 3.8], ∫ϰ²/L>=[5.0, 5.1, 5.2, 5.3], C-C-Sep=0.10, ║∇J║=3.8e-04
Iteration 933/2000-----
currents: [100000.0, 99999.99999871814, 99999.99999885037, 99999.99999897295]
J=2.1e-05, ⟨Jf⟩=2.0e-05, ⟨B·n⟩=1.0e-03, Len=sum([4.1, 4.0, 3.8, 3.7])=15.7, ϰ=[4.1, 4.1, 4.1, 3.8], ∫ϰ²/L>=[5.0, 5.1, 5.2, 5.3], C-C-Sep=0.10, ║∇J║=2.3e-04
Iteration 934/2000-----
currents: [100000.0, 99999.99999871744, 99999.99999884993, 99999.99999897233]
J=2.1e-05, ⟨Jf⟩=2.0e-05, ⟨B·n⟩=1.0e-03, Len=sum([4.1, 4.0, 3.8, 3.7])=15.7, ϰ=[4.1, 4.1, 4.1, 3.8], ∫ϰ²/L>=[5.0, 5.1, 5.2, 5.3], C-C-Sep=0.10, ║∇J║=2.4e-04
Iteration 935/2000-----
currents: [100000.0, 99999.99999871728, 99999.99999884989, 99999.9999989722]
J=2.1e-05, ⟨Jf⟩=2.0e-05, ⟨B·n⟩=1.0e-03, Len=sum([4.1, 4.0, 3.8, 3.7])=15.7, ϰ=[4.1, 4.1, 4.2, 3.8], ∫ϰ²/L>=[5.0, 5.1, 5.2, 5.3], C-C-Sep=0.10, ║∇J║=3.5e-04
Iteration 936/2000-----
currents: [100000.0, 99999.99999871623, 99999.99999884896, 99999.99999897095]
J=2.1e-05, ⟨Jf⟩=2.0e-05, ⟨B·n⟩=1.0e-03, Len=sum([4.1, 4.0, 3.8, 3.7])=15.7, ϰ=[4.1, 4.1, 4.1, 3.9], ∫ϰ²/L>=[5.0, 5.1, 5.2, 5.3], C-C-Sep=0.10, ║∇J║=3.1e-04
Iteration 937/2000-----
currents: [100000.0, 99999.99999871514, 99999.99999884797, 99999.99999896974]
J=2.1e-05, ⟨Jf⟩=2.0e-05, ⟨B·n⟩=1.0e-03, Len=sum([4.1, 4.0, 3.8, 3.7])=15.7, ϰ=[4.1, 4.1, 4.2, 3.8], ∫ϰ²/L>=[5.0, 5.1, 5.2, 5.3], C-C-Sep=0.10, ║∇J║=4.3e-04
Iteration 938/2000-----
currents: [100000.0, 99999.99999871558, 99999.99999884826, 99999.99999896997]
J=2.1e-05, ⟨Jf⟩=2.0e-05, ⟨B·n⟩=1.0e-03, Len=sum([4.1, 4.0, 3.8, 3.7])=15.7, ϰ=[4.1, 4.1, 4.2, 3.8], ∫ϰ²/L>=[5.0, 5.1, 5.2, 5.3], C-C-Sep=0.10, ║∇J║=2.9e-04
Iteration 939/2000-----
currents: [100000.0, 99999.99999871523, 99999.99999884792, 99999.9999989694]
J=2.1e-05, ⟨Jf⟩=2.0e-05, ⟨B·n⟩=1.0e-03, Len=sum([4.1, 4.0, 3.8, 3.7])=15.7, ϰ=[4.1, 4.1, 4.1, 3.9], ∫ϰ²/L>=[5.0, 5.1, 5.2, 5.3], C-C-Sep=0.10, ║∇J║=3.0e-04
Iteration 940/2000-----
currents: [100000.0, 99999.99999871461, 99999.99999884727, 99999.99999896841]
J=2.1e-05, ⟨Jf⟩=2.0e-05, ⟨B·n⟩=1.0e-03, Len=sum([4.1, 4.0, 3.8, 3.7])=15.7, ϰ=[4.1, 4.1, 4.2, 3.9], ∫ϰ²/L>=[5.0, 5.1, 5.2, 5.3], C-C-Sep=0.10, ║∇J║=6.1e-04
Iteration 941/2000-----
currents: [100000.0, 99999.99999871467, 99999.99999884728, 99999.99999896827]
J=2.1e-05, ⟨Jf⟩=2.0e-05, ⟨B·n⟩=1.0e-03, Len=sum([4.1, 4.0, 3.8, 3.7])=15.7, ϰ=[4.1, 4.1, 4.2, 3.8], ∫ϰ²/L>=[5.0, 5.1, 5.2, 5.3], C-C-Sep=0.10, ║∇J║=3.2e-04
Iteration 942/2000-----
currents: [100000.0, 99999.99999871371, 99999.99999884648, 99999.9999989671]
J=2.1e-05, ⟨Jf⟩=2.0e-05, ⟨B·n⟩=1.0e-03, Len=sum([4.1, 4.0, 3.8, 3.7])=15.7, ϰ=[4.1, 4.1, 4.1, 3.8], ∫ϰ²/L>=[5.0, 5.1, 5.2, 5.3], C-C-Sep=0.10, ║∇J║=3.1e-04
Iteration 943/2000-----
currents: [100000.0, 99999.99999871333, 99999.99999884618, 99999.99999896651]
J=2.1e-05, ⟨Jf⟩=2.0e-05, ⟨B·n⟩=1.0e-03, Len=sum([4.1, 4.0, 3.8, 3.7])=15.7, ϰ=[4.1, 4.1, 4.1, 3.8], ∫ϰ²/L>=[5.0, 5.1, 5.2, 5.3], C-C-Sep=0.10, ║∇J║=4.5e-04
Iteration 944/2000-----
currents: [100000.0, 99999.9999987119, 99999.99999884484, 99999.99999896456]
J=2.1e-05, ⟨Jf⟩=2.0e-05, ⟨B·n⟩=1.0e-03, Len=sum([4.1, 4.0, 3.8, 3.7])=15.7, ϰ=[4.1, 4.1, 4.1, 3.7], ∫ϰ²/L>=[5.0, 5.1, 5.2, 5.3], C-C-Sep=0.10, ║∇J║=6.2e-04
Iteration 945/2000-----
currents: [100000.0, 99999.99999871037, 99999.9999988436, 99999.99999896272]
J=2.1e-05, ⟨Jf⟩=2.0e-05, ⟨B·n⟩=1.0e-03, Len=sum([4.1, 4.0, 3.8, 3.7])=15.7, ϰ=[4.0, 4.1, 4.1, 3.7], ∫ϰ²/L>=[5.0, 5.1, 5.2, 5.3], C-C-Sep=0.10, ║∇J║=4.2e-04
Iteration 946/2000-----
currents: [100000.0, 99999.9999987103, 99999.99999884369, 99999.9999989628]
J=2.1e-05, ⟨Jf⟩=2.0e-05, ⟨B·n⟩=1.0e-03, Len=sum([4.1, 4.0, 3.8, 3.7])=15.7, ϰ=[4.0, 4.1, 4.0, 3.7], ∫ϰ²/L>=[5.0, 5.1, 5.2, 5.3], C-C-Sep=0.10, ║∇J║=3.4e-04
Iteration 947/2000-----
currents: [100000.0, 99999.9999987084, 99999.999998842, 99999.99999896056]
J=2.1e-05, ⟨Jf⟩=2.0e-05, ⟨B·n⟩=1.0e-03, Len=sum([4.1, 4.0, 3.8, 3.7])=15.7, ϰ=[4.0, 4.1, 4.0, 3.8], ∫ϰ²/L>=[5.0, 5.1, 5.2, 5.3], C-C-Sep=0.10, ║∇J║=4.2e-04
Iteration 948/2000-----
currents: [100000.0, 99999.99999870725, 99999.99999884109, 99999.99999895938]
J=2.1e-05, ⟨Jf⟩=2.0e-05, ⟨B·n⟩=1.0e-03, Len=sum([4.1, 4.0, 3.8, 3.7])=15.7, ϰ=[4.0, 4.1, 4.0, 3.8], ∫ϰ²/L>=[5.0, 5.1, 5.2, 5.3], C-C-Sep=0.10, ║∇J║=5.5e-04
Iteration 949/2000-----
currents: [100000.0, 99999.9999987072, 99999.99999884109, 99999.99999895945]
J=2.1e-05, ⟨Jf⟩=2.0e-05, ⟨B·n⟩=1.0e-03, Len=sum([4.1, 4.0, 3.8, 3.7])=15.7, ϰ=[4.0, 4.1, 4.0, 3.8], ∫ϰ²/L>=[5.0, 5.1, 5.2, 5.3], C-C-Sep=0.10, ║∇J║=2.6e-04
Iteration 950/2000-----
currents: [100000.0, 99999.99999870609, 99999.99999884007, 99999.99999895805]
J=2.1e-05, ⟨Jf⟩=2.0e-05, ⟨B·n⟩=1.0e-03, Len=sum([4.1, 4.0, 3.8, 3.7])=15.7, ϰ=[4.0, 4.1, 4.1, 3.8], ∫ϰ²/L>=[5.0, 5.1, 5.2, 5.3], C-C-Sep=0.10, ║∇J║=2.2e-04
Iteration 951/2000-----
currents: [100000.0, 99999.99999870519, 99999.9999988393, 99999.99999895704]
J=2.1e-05, ⟨Jf⟩=2.0e-05, ⟨B·n⟩=1.0e-03, Len=sum([4.1, 4.0, 3.8, 3.7])=15.7, ϰ=[4.0, 4.1, 4.1, 3.8], ∫ϰ²/L>=[5.0, 5.1, 5.2, 5.3], C-C-Sep=0.10, ║∇J║=2.8e-04
Iteration 952/2000-----
currents: [100000.0, 99999.99999870347, 99999.99999883787, 99999.99999895516]
J=2.1e-05, ⟨Jf⟩=2.0e-05, ⟨B·n⟩=1.0e-03, Len=sum([4.1, 4.0, 3.8, 3.7])=15.7, ϰ=[4.0, 4.1, 4.1, 3.8], ∫ϰ²/L>=[5.0, 5.1, 5.2, 5.3], C-C-Sep=0.10, ║∇J║=3.9e-04
Iteration 953/2000-----
currents: [100000.0, 99999.99999870195, 99999.99999883657, 99999.99999895347]
J=2.1e-05, ⟨Jf⟩=2.0e-05, ⟨B·n⟩=1.0e-03, Len=sum([4.1, 4.0, 3.8, 3.7])=15.7, ϰ=[4.0, 4.1, 4.2, 3.9], ∫ϰ²/L>=[5.0, 5.1, 5.2, 5.3], C-C-Sep=0.10, ║∇J║=3.9e-04
Iteration 954/2000-----
currents: [100000.0, 99999.9999987023, 99999.99999883694, 99999.99999895404]
J=2.1e-05, ⟨Jf⟩=2.0e-05, ⟨B·n⟩=1.0e-03, Len=sum([4.1, 4.0, 3.8, 3.7])=15.7, ϰ=[4.0, 4.1, 4.2, 3.9], ∫ϰ²/L>=[5.0, 5.1, 5.2, 5.3], C-C-Sep=0.10, ║∇J║=2.8e-04
Iteration 955/2000-----
currents: [100000.0, 99999.99999870242, 99999.99999883721, 99999.99999895444]
J=2.1e-05, ⟨Jf⟩=2.0e-05, ⟨B·n⟩=1.0e-03, Len=sum([4.1, 4.0, 3.8, 3.7])=15.7, ϰ=[4.0, 4.1, 4.2, 3.9], ∫ϰ²/L>=[5.0, 5.1, 5.2, 5.3], C-C-Sep=0.10, ║∇J║=3.1e-04
Iteration 956/2000-----
currents: [100000.0, 99999.9999987017, 99999.99999883663, 99999.9999989538]
J=2.1e-05, ⟨Jf⟩=2.0e-05, ⟨B·n⟩=1.0e-03, Len=sum([4.1, 4.0, 3.8, 3.7])=15.7, ϰ=[4.0, 4.0, 4.2, 3.9], ∫ϰ²/L>=[5.0, 5.1, 5.2, 5.3], C-C-Sep=0.10, ║∇J║=3.6e-04
Iteration 957/2000-----
currents: [100000.0, 99999.99999870101, 99999.99999883618, 99999.99999895327]
J=2.1e-05, ⟨Jf⟩=2.0e-05, ⟨B·n⟩=1.0e-03, Len=sum([4.1, 4.0, 3.8, 3.7])=15.7, ϰ=[4.0, 4.0, 4.2, 3.9], ∫ϰ²/L>=[5.0, 5.1, 5.2, 5.3], C-C-Sep=0.10, ║∇J║=3.0e-04
Iteration 958/2000-----
currents: [100000.0, 99999.9999986987, 99999.9999988344, 99999.99999895098]
J=2.1e-05, ⟨Jf⟩=2.0e-05, ⟨B·n⟩=1.0e-03, Len=sum([4.1, 4.0, 3.8, 3.7])=15.7, ϰ=[4.0, 4.0, 4.2, 3.9], ∫ϰ²/L>=[5.0, 5.1, 5.2, 5.3], C-C-Sep=0.10, ║∇J║=5.6e-04
Iteration 959/2000-----
currents: [100000.0, 99999.99999869778, 99999.99999883362, 99999.9999989499]
J=2.1e-05, ⟨Jf⟩=2.0e-05, ⟨B·n⟩=1.0e-03, Len=sum([4.1, 4.0, 3.8, 3.7])=15.7, ϰ=[4.0, 4.0, 4.2, 3.9], ∫ϰ²/L>=[5.0, 5.1, 5.2, 5.3], C-C-Sep=0.10, ║∇J║=3.8e-04
Iteration 960/2000-----
currents: [100000.0, 99999.9999986976, 99999.99999883339, 99999.9999989495]
J=2.1e-05, ⟨Jf⟩=2.0e-05, ⟨B·n⟩=1.0e-03, Len=sum([4.1, 4.0, 3.8, 3.7])=15.7, ϰ=[4.0, 4.0, 4.2, 3.9], ∫ϰ²/L>=[5.0, 5.1, 5.2, 5.3], C-C-Sep=0.10, ║∇J║=3.7e-04
Iteration 961/2000-----
currents: [100000.0, 99999.99999869568, 99999.99999883168, 99999.99999894708]
J=2.1e-05, ⟨Jf⟩=2.0e-05, ⟨B·n⟩=1.0e-03, Len=sum([4.1, 4.0, 3.8, 3.7])=15.7, ϰ=[4.0, 4.0, 4.2, 3.9], ∫ϰ²/L>=[5.0, 5.1, 5.2, 5.3], C-C-Sep=0.10, ║∇J║=5.0e-04
Iteration 962/2000-----
currents: [100000.0, 99999.99999869366, 99999.99999882995, 99999.9999989446]
J=2.1e-05, ⟨Jf⟩=2.0e-05, ⟨B·n⟩=1.0e-03, Len=sum([4.1, 4.0, 3.8, 3.7])=15.7, ϰ=[3.9, 4.0, 4.2, 3.8], ∫ϰ²/L>=[5.0, 5.1, 5.2, 5.3], C-C-Sep=0.10, ║∇J║=1.1e-03
Iteration 963/2000-----
currents: [100000.0, 99999.99999869426, 99999.99999883039, 99999.99999894502]
J=2.1e-05, ⟨Jf⟩=2.0e-05, ⟨B·n⟩=1.0e-03, Len=sum([4.1, 4.0, 3.8, 3.7])=15.7, ϰ=[3.9, 4.0, 4.2, 3.9], ∫ϰ²/L>=[5.0, 5.1, 5.2, 5.3], C-C-Sep=0.10, ║∇J║=3.8e-04
Iteration 964/2000-----
currents: [100000.0, 99999.9999986942, 99999.99999883045, 99999.99999894506]
J=2.1e-05, ⟨Jf⟩=2.0e-05, ⟨B·n⟩=1.0e-03, Len=sum([4.1, 4.0, 3.8, 3.7])=15.7, ϰ=[3.9, 3.9, 4.2, 3.9], ∫ϰ²/L>=[5.0, 5.1, 5.2, 5.3], C-C-Sep=0.10, ║∇J║=2.6e-04
Iteration 965/2000-----
currents: [100000.0, 99999.99999869343, 99999.9999988299, 99999.99999894413]
J=2.1e-05, ⟨Jf⟩=2.0e-05, ⟨B·n⟩=1.0e-03, Len=sum([4.1, 4.0, 3.8, 3.7])=15.7, ϰ=[3.9, 3.9, 4.2, 3.9], ∫ϰ²/L>=[5.0, 5.1, 5.2, 5.3], C-C-Sep=0.10, ║∇J║=3.1e-04
Iteration 966/2000-----
currents: [100000.0, 99999.99999869299, 99999.99999882956, 99999.99999894353]
J=2.1e-05, ⟨Jf⟩=2.0e-05, ⟨B·n⟩=1.0e-03, Len=sum([4.1, 4.0, 3.8, 3.7])=15.7, ϰ=[3.8, 3.9, 4.2, 3.9], ∫ϰ²/L>=[5.0, 5.1, 5.2, 5.3], C-C-Sep=0.10, ║∇J║=3.6e-04
Iteration 967/2000-----
currents: [100000.0, 99999.9999986928, 99999.99999882941, 99999.99999894327]
J=2.1e-05, ⟨Jf⟩=2.0e-05, ⟨B·n⟩=1.0e-03, Len=sum([4.1, 4.0, 3.8, 3.7])=15.7, ϰ=[3.8, 3.9, 4.2, 3.9], ∫ϰ²/L>=[5.0, 5.1, 5.2, 5.3], C-C-Sep=0.10, ║∇J║=2.5e-04
Iteration 968/2000-----
currents: [100000.0, 99999.99999869282, 99999.99999882937, 99999.99999894317]
J=2.1e-05, ⟨Jf⟩=2.0e-05, ⟨B·n⟩=1.0e-03, Len=sum([4.1, 4.0, 3.8, 3.7])=15.7, ϰ=[3.8, 3.9, 4.2, 3.9], ∫ϰ²/L>=[5.0, 5.1, 5.2, 5.3], C-C-Sep=0.10, ║∇J║=2.3e-04
Iteration 969/2000-----
currents: [100000.0, 99999.99999869282, 99999.9999988294, 99999.99999894323]
J=2.1e-05, ⟨Jf⟩=2.0e-05, ⟨B·n⟩=1.0e-03, Len=sum([4.1, 4.0, 3.8, 3.7])=15.7, ϰ=[3.9, 3.9, 4.2, 3.9], ∫ϰ²/L>=[5.0, 5.1, 5.2, 5.3], C-C-Sep=0.10, ║∇J║=2.3e-04
Iteration 970/2000-----
currents: [100000.0, 99999.99999869264, 99999.99999882927, 99999.99999894308]
J=2.1e-05, ⟨Jf⟩=2.0e-05, ⟨B·n⟩=1.0e-03, Len=sum([4.1, 4.0, 3.8, 3.7])=15.7, ϰ=[3.9, 3.9, 4.2, 3.9], ∫ϰ²/L>=[5.0, 5.1, 5.2, 5.3], C-C-Sep=0.10, ║∇J║=2.1e-04
Iteration 971/2000-----
currents: [100000.0, 99999.99999869193, 99999.9999988288, 99999.99999894259]
J=2.1e-05, ⟨Jf⟩=2.0e-05, ⟨B·n⟩=1.0e-03, Len=sum([4.1, 4.0, 3.8, 3.7])=15.7, ϰ=[3.9, 3.9, 4.2, 3.9], ∫ϰ²/L>=[5.0, 5.1, 5.2, 5.3], C-C-Sep=0.10, ║∇J║=2.9e-04
Iteration 972/2000-----
currents: [100000.0, 99999.99999869101, 99999.99999882815, 99999.99999894177]
J=2.1e-05, ⟨Jf⟩=2.0e-05, ⟨B·n⟩=1.0e-03, Len=sum([4.1, 4.0, 3.8, 3.7])=15.7, ϰ=[3.9, 3.9, 4.2, 3.9], ∫ϰ²/L>=[5.0, 5.1, 5.2, 5.3], C-C-Sep=0.10, ║∇J║=4.0e-04
Iteration 973/2000-----
currents: [100000.0, 99999.99999868931, 99999.99999882674, 99999.99999893995]
J=2.1e-05, ⟨Jf⟩=2.0e-05, ⟨B·n⟩=1.0e-03, Len=sum([4.1, 4.0, 3.8, 3.7])=15.7, ϰ=[3.9, 3.9, 4.2, 3.9], ∫ϰ²/L>=[5.0, 5.1, 5.2, 5.3], C-C-Sep=0.10, ║∇J║=3.6e-04
Iteration 974/2000-----
currents: [100000.0, 99999.99999868924, 99999.99999882674, 99999.99999894005]
J=2.1e-05, ⟨Jf⟩=2.0e-05, ⟨B·n⟩=1.0e-03, Len=sum([4.1, 4.0, 3.8, 3.7])=15.7, ϰ=[3.9, 3.9, 4.2, 3.9], ∫ϰ²/L>=[5.0, 5.1, 5.2, 5.3], C-C-Sep=0.10, ║∇J║=7.2e-04
Iteration 975/2000-----
currents: [100000.0, 99999.99999868829, 99999.99999882602, 99999.9999989391]
J=2.1e-05, ⟨Jf⟩=2.0e-05, ⟨B·n⟩=1.0e-03, Len=sum([4.1, 4.0, 3.8, 3.7])=15.7, ϰ=[3.9, 3.9, 4.2, 3.9], ∫ϰ²/L>=[5.0, 5.1, 5.2, 5.3], C-C-Sep=0.10, ║∇J║=3.3e-04
Iteration 976/2000-----
currents: [100000.0, 99999.9999986864, 99999.99999882454, 99999.99999893708]
J=2.1e-05, ⟨Jf⟩=2.0e-05, ⟨B·n⟩=1.0e-03, Len=sum([4.1, 4.0, 3.8, 3.7])=15.7, ϰ=[3.8, 3.9, 4.2, 3.9], ∫ϰ²/L>=[5.0, 5.1, 5.2, 5.3], C-C-Sep=0.10, ║∇J║=3.4e-04
Iteration 977/2000-----
currents: [100000.0, 99999.99999868449, 99999.99999882308, 99999.99999893519]
J=2.1e-05, ⟨Jf⟩=2.0e-05, ⟨B·n⟩=1.0e-03, Len=sum([4.1, 4.0, 3.8, 3.7])=15.7, ϰ=[3.8, 3.9, 4.3, 3.9], ∫ϰ²/L>=[5.0, 5.1, 5.2, 5.3], C-C-Sep=0.10, ║∇J║=5.0e-04
Iteration 978/2000-----
currents: [100000.0, 99999.99999868263, 99999.99999882159, 99999.99999893301]
J=2.1e-05, ⟨Jf⟩=2.0e-05, ⟨B·n⟩=1.0e-03, Len=sum([4.1, 4.0, 3.8, 3.7])=15.7, ϰ=[3.8, 3.9, 4.3, 3.9], ∫ϰ²/L>=[5.0, 5.1, 5.2, 5.3], C-C-Sep=0.10, ║∇J║=6.7e-04
Iteration 979/2000-----
currents: [100000.0, 99999.9999986823, 99999.99999882135, 99999.99999893247]
J=2.1e-05, ⟨Jf⟩=2.0e-05, ⟨B·n⟩=1.0e-03, Len=sum([4.1, 4.0, 3.8, 3.7])=15.7, ϰ=[3.8, 3.9, 4.3, 3.9], ∫ϰ²/L>=[5.0, 5.0, 5.2, 5.3], C-C-Sep=0.10, ║∇J║=5.0e-04
Iteration 980/2000-----
currents: [100000.0, 99999.99999868272, 99999.9999988217, 99999.99999893288]
J=2.1e-05, ⟨Jf⟩=2.0e-05, ⟨B·n⟩=1.0e-03, Len=sum([4.1, 4.0, 3.8, 3.7])=15.7, ϰ=[3.8, 3.9, 4.2, 3.9], ∫ϰ²/L>=[5.0, 5.0, 5.2, 5.3], C-C-Sep=0.10, ║∇J║=2.7e-04
Iteration 981/2000-----
currents: [100000.0, 99999.99999868311, 99999.99999882201, 99999.99999893321]
J=2.1e-05, ⟨Jf⟩=2.0e-05, ⟨B·n⟩=1.0e-03, Len=sum([4.1, 4.0, 3.8, 3.7])=15.7, ϰ=[3.8, 3.9, 4.2, 3.9], ∫ϰ²/L>=[5.0, 5.0, 5.2, 5.3], C-C-Sep=0.10, ║∇J║=2.4e-04
Iteration 982/2000-----
currents: [100000.0, 99999.99999868318, 99999.99999882212, 99999.99999893327]
J=2.1e-05, ⟨Jf⟩=2.0e-05, ⟨B·n⟩=1.0e-03, Len=sum([4.1, 4.0, 3.8, 3.7])=15.7, ϰ=[3.8, 3.8, 4.2, 3.8], ∫ϰ²/L>=[5.0, 5.0, 5.2, 5.3], C-C-Sep=0.10, ║∇J║=2.7e-04
Iteration 983/2000-----
currents: [100000.0, 99999.99999868269, 99999.99999882172, 99999.99999893269]
J=2.1e-05, ⟨Jf⟩=2.0e-05, ⟨B·n⟩=1.0e-03, Len=sum([4.1, 4.0, 3.8, 3.7])=15.7, ϰ=[3.8, 3.8, 4.2, 3.8], ∫ϰ²/L>=[5.0, 5.0, 5.2, 5.3], C-C-Sep=0.10, ║∇J║=4.1e-04
Iteration 984/2000-----
currents: [100000.0, 99999.99999868295, 99999.99999882196, 99999.99999893297]
J=2.1e-05, ⟨Jf⟩=2.0e-05, ⟨B·n⟩=1.0e-03, Len=sum([4.1, 4.0, 3.8, 3.7])=15.7, ϰ=[3.8, 3.8, 4.2, 3.8], ∫ϰ²/L>=[5.0, 5.0, 5.2, 5.3], C-C-Sep=0.10, ║∇J║=2.4e-04
Iteration 985/2000-----
currents: [100000.0, 99999.9999986826, 99999.99999882172, 99999.99999893268]
J=2.1e-05, ⟨Jf⟩=2.0e-05, ⟨B·n⟩=1.0e-03, Len=sum([4.1, 4.0, 3.8, 3.7])=15.7, ϰ=[3.8, 3.8, 4.2, 3.8], ∫ϰ²/L>=[5.0, 5.0, 5.2, 5.3], C-C-Sep=0.10, ║∇J║=2.3e-04
Iteration 986/2000-----
currents: [100000.0, 99999.99999868238, 99999.99999882154, 99999.99999893241]
J=2.1e-05, ⟨Jf⟩=2.0e-05, ⟨B·n⟩=1.0e-03, Len=sum([4.1, 4.0, 3.8, 3.7])=15.7, ϰ=[3.8, 3.8, 4.3, 3.9], ∫ϰ²/L>=[5.0, 5.0, 5.2, 5.3], C-C-Sep=0.10, ║∇J║=3.1e-04
Iteration 987/2000-----
currents: [100000.0, 99999.99999868202, 99999.99999882124, 99999.9999989321]
J=2.1e-05, ⟨Jf⟩=2.0e-05, ⟨B·n⟩=1.0e-03, Len=sum([4.1, 4.0, 3.8, 3.7])=15.7, ϰ=[3.8, 3.8, 4.3, 3.9], ∫ϰ²/L>=[5.0, 5.0, 5.2, 5.3], C-C-Sep=0.10, ║∇J║=4.1e-04
Iteration 988/2000-----
currents: [100000.0, 99999.999998682, 99999.99999882128, 99999.99999893211]
J=2.1e-05, ⟨Jf⟩=2.0e-05, ⟨B·n⟩=1.0e-03, Len=sum([4.1, 4.0, 3.8, 3.7])=15.7, ϰ=[3.8, 3.8, 4.3, 3.9], ∫ϰ²/L>=[5.0, 5.0, 5.2, 5.3], C-C-Sep=0.10, ║∇J║=2.7e-04
Iteration 989/2000-----
currents: [100000.0, 99999.9999986815, 99999.99999882086, 99999.99999893154]
J=2.1e-05, ⟨Jf⟩=2.0e-05, ⟨B·n⟩=1.0e-03, Len=sum([4.1, 4.0, 3.8, 3.7])=15.7, ϰ=[3.9, 3.8, 4.3, 3.9], ∫ϰ²/L>=[5.0, 5.0, 5.2, 5.3], C-C-Sep=0.10, ║∇J║=2.6e-04
Iteration 990/2000-----
currents: [100000.0, 99999.99999868133, 99999.99999882083, 99999.99999893155]
J=2.1e-05, ⟨Jf⟩=2.0e-05, ⟨B·n⟩=1.0e-03, Len=sum([4.1, 4.0, 3.8, 3.7])=15.7, ϰ=[3.9, 3.8, 4.3, 3.9], ∫ϰ²/L>=[5.0, 5.0, 5.2, 5.3], C-C-Sep=0.10, ║∇J║=3.1e-04
Iteration 991/2000-----
currents: [100000.0, 99999.99999867984, 99999.99999881972, 99999.99999893016]
J=2.1e-05, ⟨Jf⟩=2.0e-05, ⟨B·n⟩=1.0e-03, Len=sum([4.1, 4.0, 3.8, 3.7])=15.7, ϰ=[3.9, 3.9, 4.3, 3.9], ∫ϰ²/L>=[5.0, 5.0, 5.2, 5.3], C-C-Sep=0.10, ║∇J║=3.2e-04
Iteration 992/2000-----
currents: [100000.0, 99999.99999867854, 99999.9999988187, 99999.9999989288]
J=2.1e-05, ⟨Jf⟩=2.0e-05, ⟨B·n⟩=1.0e-03, Len=sum([4.1, 4.0, 3.8, 3.7])=15.7, ϰ=[3.9, 3.9, 4.3, 3.9], ∫ϰ²/L>=[5.0, 5.0, 5.2, 5.3], C-C-Sep=0.10, ║∇J║=2.9e-04
Iteration 993/2000-----
currents: [100000.0, 99999.99999867726, 99999.99999881779, 99999.9999989277]
J=2.1e-05, ⟨Jf⟩=2.0e-05, ⟨B·n⟩=1.0e-03, Len=sum([4.1, 4.0, 3.8, 3.7])=15.7, ϰ=[4.0, 3.9, 4.3, 3.9], ∫ϰ²/L>=[5.0, 5.0, 5.2, 5.3], C-C-Sep=0.10, ║∇J║=3.4e-04
Iteration 994/2000-----
currents: [100000.0, 99999.99999867636, 99999.99999881713, 99999.99999892668]
J=2.1e-05, ⟨Jf⟩=2.0e-05, ⟨B·n⟩=1.0e-03, Len=sum([4.1, 4.0, 3.8, 3.7])=15.7, ϰ=[4.0, 3.9, 4.3, 3.9], ∫ϰ²/L>=[5.0, 5.0, 5.2, 5.3], C-C-Sep=0.10, ║∇J║=4.7e-04
Iteration 995/2000-----
currents: [100000.0, 99999.99999867573, 99999.99999881651, 99999.99999892576]
J=2.1e-05, ⟨Jf⟩=2.0e-05, ⟨B·n⟩=1.0e-03, Len=sum([4.1, 4.0, 3.8, 3.7])=15.7, ϰ=[4.0, 3.9, 4.3, 3.9], ∫ϰ²/L>=[5.0, 5.0, 5.2, 5.3], C-C-Sep=0.10, ║∇J║=3.1e-04
Iteration 996/2000-----
currents: [100000.0, 99999.9999986751, 99999.99999881593, 99999.99999892495]
J=2.1e-05, ⟨Jf⟩=2.0e-05, ⟨B·n⟩=1.0e-03, Len=sum([4.1, 4.0, 3.8, 3.7])=15.7, ϰ=[4.0, 3.9, 4.2, 3.9], ∫ϰ²/L>=[5.0, 5.0, 5.2, 5.3], C-C-Sep=0.10, ║∇J║=3.0e-04
Iteration 997/2000-----
currents: [100000.0, 99999.99999867332, 99999.99999881437, 99999.99999892288]
J=2.1e-05, ⟨Jf⟩=2.0e-05, ⟨B·n⟩=1.0e-03, Len=sum([4.1, 4.0, 3.8, 3.7])=15.7, ϰ=[4.0, 3.9, 4.2, 3.9], ∫ϰ²/L>=[5.0, 5.0, 5.2, 5.3], C-C-Sep=0.10, ║∇J║=3.9e-04
Iteration 998/2000-----
currents: [100000.0, 99999.9999986705, 99999.99999881207, 99999.99999891984]
J=2.1e-05, ⟨Jf⟩=2.0e-05, ⟨B·n⟩=1.0e-03, Len=sum([4.1, 4.0, 3.8, 3.7])=15.7, ϰ=[4.0, 3.9, 4.2, 3.9], ∫ϰ²/L>=[5.0, 5.0, 5.2, 5.3], C-C-Sep=0.10, ║∇J║=8.0e-04
Iteration 999/2000-----
currents: [100000.0, 99999.99999866956, 99999.99999881122, 99999.99999891879]
J=2.1e-05, ⟨Jf⟩=2.0e-05, ⟨B·n⟩=1.0e-03, Len=sum([4.1, 4.0, 3.8, 3.7])=15.7, ϰ=[4.0, 3.9, 4.2, 3.9], ∫ϰ²/L>=[5.0, 5.0, 5.2, 5.3], C-C-Sep=0.10, ║∇J║=3.4e-04
Iteration 1000/2000-----
currents: [100000.0, 99999.9999986681, 99999.99999881, 99999.99999891734]
J=2.1e-05, ⟨Jf⟩=2.0e-05, ⟨B·n⟩=1.0e-03, Len=sum([4.1, 4.0, 3.8, 3.7])=15.7, ϰ=[3.9, 3.9, 4.2, 3.9], ∫ϰ²/L>=[5.0, 5.0, 5.2, 5.3], C-C-Sep=0.10, ║∇J║=3.0e-04
Iteration 1001/2000-----
currents: [100000.0, 99999.99999866611, 99999.9999988084, 99999.99999891536]
J=2.1e-05, ⟨Jf⟩=2.0e-05, ⟨B·n⟩=1.0e-03, Len=sum([4.1, 4.0, 3.8, 3.7])=15.7, ϰ=[3.9, 3.9, 4.2, 3.9], ∫ϰ²/L>=[5.0, 5.0, 5.2, 5.3], C-C-Sep=0.10, ║∇J║=3.6e-04
Iteration 1002/2000-----
currents: [100000.0, 99999.99999866476, 99999.99999880735, 99999.99999891412]
J=2.1e-05, ⟨Jf⟩=2.0e-05, ⟨B·n⟩=1.0e-03, Len=sum([4.1, 4.0, 3.8, 3.7])=15.7, ϰ=[3.9, 3.9, 4.2, 3.9], ∫ϰ²/L>=[5.0, 5.0, 5.2, 5.3], C-C-Sep=0.10, ║∇J║=3.9e-04
Iteration 1003/2000-----
currents: [100000.0, 99999.99999866361, 99999.99999880654, 99999.99999891309]
J=2.1e-05, ⟨Jf⟩=2.0e-05, ⟨B·n⟩=1.0e-03, Len=sum([4.1, 4.0, 3.8, 3.7])=15.7, ϰ=[3.9, 3.9, 4.2, 3.9], ∫ϰ²/L>=[5.0, 5.0, 5.2, 5.3], C-C-Sep=0.10, ║∇J║=3.0e-04
Iteration 1004/2000-----
currents: [100000.0, 99999.99999866431, 99999.99999880721, 99999.99999891395]
J=2.1e-05, ⟨Jf⟩=2.0e-05, ⟨B·n⟩=1.0e-03, Len=sum([4.1, 4.0, 3.8, 3.7])=15.7, ϰ=[3.9, 3.9, 4.2, 3.9], ∫ϰ²/L>=[5.0, 5.0, 5.2, 5.3], C-C-Sep=0.10, ║∇J║=2.4e-04
Iteration 1005/2000-----
currents: [100000.0, 99999.999998665, 99999.99999880798, 99999.99999891498]
J=2.1e-05, ⟨Jf⟩=2.0e-05, ⟨B·n⟩=1.0e-03, Len=sum([4.1, 4.0, 3.8, 3.7])=15.7, ϰ=[3.9, 3.9, 4.2, 3.9], ∫ϰ²/L>=[5.0, 5.0, 5.2, 5.3], C-C-Sep=0.10, ║∇J║=2.8e-04
Iteration 1006/2000-----
currents: [100000.0, 99999.99999866591, 99999.99999880884, 99999.9999989161]
J=2.1e-05, ⟨Jf⟩=2.0e-05, ⟨B·n⟩=1.0e-03, Len=sum([4.1, 4.0, 3.8, 3.7])=15.7, ϰ=[3.9, 3.9, 4.2, 3.9], ∫ϰ²/L>=[5.0, 5.0, 5.2, 5.3], C-C-Sep=0.10, ║∇J║=2.9e-04
Iteration 1007/2000-----
currents: [100000.0, 99999.99999866603, 99999.9999988089, 99999.99999891628]
J=2.1e-05, ⟨Jf⟩=2.0e-05, ⟨B·n⟩=1.0e-03, Len=sum([4.1, 4.0, 3.8, 3.7])=15.7, ϰ=[3.9, 3.9, 4.2, 3.9], ∫ϰ²/L>=[5.0, 5.0, 5.2, 5.3], C-C-Sep=0.10, ║∇J║=3.4e-04
Iteration 1008/2000-----
currents: [100000.0, 99999.99999866504, 99999.99999880813, 99999.9999989153]
J=2.1e-05, ⟨Jf⟩=2.0e-05, ⟨B·n⟩=1.0e-03, Len=sum([4.1, 4.0, 3.8, 3.7])=15.7, ϰ=[3.9, 3.9, 4.2, 3.9], ∫ϰ²/L>=[5.0, 5.0, 5.2, 5.3], C-C-Sep=0.10, ║∇J║=2.8e-04
Iteration 1009/2000-----
currents: [100000.0, 99999.99999866488, 99999.99999880805, 99999.99999891524]
J=2.1e-05, ⟨Jf⟩=2.0e-05, ⟨B·n⟩=1.0e-03, Len=sum([4.1, 4.0, 3.8, 3.7])=15.7, ϰ=[3.8, 3.9, 4.2, 3.9], ∫ϰ²/L>=[5.0, 5.0, 5.2, 5.3], C-C-Sep=0.10, ║∇J║=2.1e-04
Iteration 1010/2000-----
currents: [100000.0, 99999.99999866396, 99999.9999988073, 99999.99999891424]
J=2.1e-05, ⟨Jf⟩=2.0e-05, ⟨B·n⟩=1.0e-03, Len=sum([4.1, 4.0, 3.8, 3.7])=15.7, ϰ=[3.8, 3.9, 4.2, 3.9], ∫ϰ²/L>=[5.0, 5.0, 5.2, 5.3], C-C-Sep=0.10, ║∇J║=2.3e-04
Iteration 1011/2000-----
currents: [100000.0, 99999.99999866368, 99999.999998807, 99999.99999891402]
J=2.1e-05, ⟨Jf⟩=2.0e-05, ⟨B·n⟩=1.0e-03, Len=sum([4.1, 4.0, 3.8, 3.7])=15.7, ϰ=[3.8, 3.9, 4.2, 3.9], ∫ϰ²/L>=[5.0, 5.0, 5.2, 5.3], C-C-Sep=0.10, ║∇J║=4.3e-04
Iteration 1012/2000-----
currents: [100000.0, 99999.99999866376, 99999.99999880699, 99999.99999891395]
J=2.1e-05, ⟨Jf⟩=2.0e-05, ⟨B·n⟩=1.0e-03, Len=sum([4.1, 4.0, 3.8, 3.7])=15.7, ϰ=[3.8, 3.9, 4.2, 3.9], ∫ϰ²/L>=[5.0, 5.0, 5.2, 5.3], C-C-Sep=0.10, ║∇J║=2.2e-04
Iteration 1013/2000-----
currents: [100000.0, 99999.99999866303, 99999.99999880636, 99999.99999891319]
J=2.1e-05, ⟨Jf⟩=2.0e-05, ⟨B·n⟩=1.0e-03, Len=sum([4.1, 4.0, 3.8, 3.7])=15.7, ϰ=[3.8, 3.9, 4.2, 3.9], ∫ϰ²/L>=[5.0, 5.0, 5.2, 5.3], C-C-Sep=0.10, ║∇J║=2.0e-04
Iteration 1014/2000-----
currents: [100000.0, 99999.99999866246, 99999.99999880581, 99999.99999891248]
J=2.1e-05, ⟨Jf⟩=2.0e-05, ⟨B·n⟩=1.0e-03, Len=sum([4.1, 4.0, 3.8, 3.7])=15.7, ϰ=[3.8, 3.9, 4.2, 3.9], ∫ϰ²/L>=[5.0, 5.0, 5.2, 5.3], C-C-Sep=0.10, ║∇J║=2.6e-04
Iteration 1015/2000-----
currents: [100000.0, 99999.99999866128, 99999.99999880491, 99999.99999891141]
J=2.1e-05, ⟨Jf⟩=2.0e-05, ⟨B·n⟩=1.0e-03, Len=sum([4.1, 4.0, 3.8, 3.7])=15.7, ϰ=[3.8, 3.9, 4.2, 3.9], ∫ϰ²/L>=[5.0, 5.0, 5.2, 5.3], C-C-Sep=0.10, ║∇J║=3.0e-04
Iteration 1016/2000-----
currents: [100000.0, 99999.99999866069, 99999.99999880455, 99999.99999891098]
J=2.1e-05, ⟨Jf⟩=2.0e-05, ⟨B·n⟩=1.0e-03, Len=sum([4.1, 4.0, 3.8, 3.7])=15.7, ϰ=[3.8, 3.9, 4.2, 3.9], ∫ϰ²/L>=[5.0, 5.0, 5.2, 5.3], C-C-Sep=0.10, ║∇J║=2.2e-04
Iteration 1017/2000-----
currents: [100000.0, 99999.9999986606, 99999.99999880446, 99999.99999891079]
J=2.1e-05, ⟨Jf⟩=2.0e-05, ⟨B·n⟩=1.0e-03, Len=sum([4.1, 4.0, 3.8, 3.7])=15.7, ϰ=[3.8, 3.9, 4.2, 3.9], ∫ϰ²/L>=[5.0, 5.0, 5.2, 5.3], C-C-Sep=0.10, ║∇J║=2.3e-04
Iteration 1018/2000-----
currents: [100000.0, 99999.9999986596, 99999.99999880361, 99999.99999890965]
J=2.1e-05, ⟨Jf⟩=2.0e-05, ⟨B·n⟩=1.0e-03, Len=sum([4.1, 4.0, 3.8, 3.7])=15.7, ϰ=[3.8, 3.9, 4.2, 3.8], ∫ϰ²/L>=[5.0, 5.0, 5.2, 5.3], C-C-Sep=0.10, ║∇J║=2.5e-04
Iteration 1019/2000-----
currents: [100000.0, 99999.99999865794, 99999.99999880219, 99999.99999890773]
J=2.1e-05, ⟨Jf⟩=2.0e-05, ⟨B·n⟩=1.0e-03, Len=sum([4.1, 4.0, 3.8, 3.7])=15.7, ϰ=[3.8, 3.9, 4.2, 3.8], ∫ϰ²/L>=[5.0, 5.0, 5.2, 5.3], C-C-Sep=0.10, ║∇J║=3.3e-04
Iteration 1020/2000-----
currents: [100000.0, 99999.99999865756, 99999.99999880191, 99999.99999890737]
J=2.1e-05, ⟨Jf⟩=2.0e-05, ⟨B·n⟩=1.0e-03, Len=sum([4.1, 4.0, 3.8, 3.7])=15.7, ϰ=[3.8, 3.9, 4.2, 3.8], ∫ϰ²/L>=[5.0, 5.0, 5.2, 5.3], C-C-Sep=0.10, ║∇J║=2.8e-04
Iteration 1021/2000-----
currents: [100000.0, 99999.99999865681, 99999.99999880129, 99999.99999890653]
J=2.1e-05, ⟨Jf⟩=2.0e-05, ⟨B·n⟩=1.0e-03, Len=sum([4.1, 4.0, 3.8, 3.7])=15.7, ϰ=[3.8, 3.9, 4.2, 3.8], ∫ϰ²/L>=[5.0, 5.0, 5.2, 5.3], C-C-Sep=0.10, ║∇J║=2.7e-04
Iteration 1022/2000-----
currents: [100000.0, 99999.99999865594, 99999.9999988006, 99999.99999890567]
J=2.1e-05, ⟨Jf⟩=2.0e-05, ⟨B·n⟩=1.0e-03, Len=sum([4.1, 4.0, 3.8, 3.7])=15.7, ϰ=[3.8, 3.9, 4.2, 3.8], ∫ϰ²/L>=[5.0, 5.0, 5.2, 5.3], C-C-Sep=0.10, ║∇J║=4.2e-04
Iteration 1023/2000-----
currents: [100000.0, 99999.99999865562, 99999.99999880047, 99999.99999890549]
J=2.1e-05, ⟨Jf⟩=2.0e-05, ⟨B·n⟩=1.0e-03, Len=sum([4.1, 4.0, 3.8, 3.7])=15.7, ϰ=[3.8, 3.8, 4.2, 3.8], ∫ϰ²/L>=[5.0, 5.0, 5.2, 5.3], C-C-Sep=0.10, ║∇J║=2.9e-04
Iteration 1024/2000-----
currents: [100000.0, 99999.99999865613, 99999.99999880095, 99999.99999890612]
J=2.1e-05, ⟨Jf⟩=2.0e-05, ⟨B·n⟩=1.0e-03, Len=sum([4.1, 4.0, 3.8, 3.7])=15.7, ϰ=[3.8, 3.9, 4.2, 3.8], ∫ϰ²/L>=[5.0, 5.0, 5.2, 5.3], C-C-Sep=0.10, ║∇J║=2.5e-04
Iteration 1025/2000-----
currents: [100000.0, 99999.99999865674, 99999.99999880149, 99999.99999890674]
J=2.1e-05, ⟨Jf⟩=2.0e-05, ⟨B·n⟩=1.0e-03, Len=sum([4.1, 4.0, 3.8, 3.7])=15.7, ϰ=[3.8, 3.8, 4.2, 3.8], ∫ϰ²/L>=[5.0, 5.0, 5.2, 5.2], C-C-Sep=0.10, ║∇J║=3.3e-04
Iteration 1026/2000-----
currents: [100000.0, 99999.99999865555, 99999.99999880057, 99999.99999890558]
J=2.1e-05, ⟨Jf⟩=2.0e-05, ⟨B·n⟩=1.0e-03, Len=sum([4.1, 4.0, 3.8, 3.7])=15.7, ϰ=[3.8, 3.9, 4.2, 3.8], ∫ϰ²/L>=[5.0, 5.0, 5.2, 5.2], C-C-Sep=0.10, ║∇J║=2.3e-04
Iteration 1027/2000-----
currents: [100000.0, 99999.9999986553, 99999.99999880046, 99999.99999890546]
J=2.1e-05, ⟨Jf⟩=2.0e-05, ⟨B·n⟩=1.0e-03, Len=sum([4.1, 4.0, 3.8, 3.7])=15.7, ϰ=[3.8, 3.9, 4.2, 3.8], ∫ϰ²/L>=[5.0, 5.0, 5.2, 5.2], C-C-Sep=0.10, ║∇J║=1.8e-04
Iteration 1028/2000-----
currents: [100000.0, 99999.9999986546, 99999.99999879995, 99999.99999890478]
J=2.1e-05, ⟨Jf⟩=2.0e-05, ⟨B·n⟩=1.0e-03, Len=sum([4.1, 4.0, 3.8, 3.7])=15.7, ϰ=[3.9, 3.9, 4.2, 3.8], ∫ϰ²/L>=[5.0, 5.0, 5.2, 5.2], C-C-Sep=0.10, ║∇J║=2.0e-04
Iteration 1029/2000-----
currents: [100000.0, 99999.99999865466, 99999.99999880017, 99999.99999890511]
J=2.1e-05, ⟨Jf⟩=2.0e-05, ⟨B·n⟩=1.0e-03, Len=sum([4.1, 4.0, 3.8, 3.7])=15.7, ϰ=[3.9, 3.9, 4.1, 3.8], ∫ϰ²/L>=[5.0, 5.0, 5.2, 5.2], C-C-Sep=0.10, ║∇J║=3.4e-04
Iteration 1030/2000-----
currents: [100000.0, 99999.99999865382, 99999.99999879955, 99999.99999890433]
J=2.1e-05, ⟨Jf⟩=2.0e-05, ⟨B·n⟩=1.0e-03, Len=sum([4.1, 4.0, 3.8, 3.7])=15.7, ϰ=[3.9, 3.9, 4.1, 3.8], ∫ϰ²/L>=[5.0, 5.0, 5.2, 5.2], C-C-Sep=0.10, ║∇J║=2.9e-04
Iteration 1031/2000-----
currents: [100000.0, 99999.99999865325, 99999.99999879909, 99999.99999890375]
J=2.1e-05, ⟨Jf⟩=2.0e-05, ⟨B·n⟩=1.0e-03, Len=sum([4.1, 4.0, 3.8, 3.7])=15.7, ϰ=[3.9, 3.9, 4.1, 3.8], ∫ϰ²/L>=[5.0, 5.0, 5.2, 5.2], C-C-Sep=0.10, ║∇J║=2.8e-04
Iteration 1032/2000-----
currents: [100000.0, 99999.99999865245, 99999.99999879845, 99999.99999890302]
J=2.1e-05, ⟨Jf⟩=2.0e-05, ⟨B·n⟩=1.0e-03, Len=sum([4.1, 4.0, 3.8, 3.7])=15.7, ϰ=[3.9, 3.9, 4.1, 3.8], ∫ϰ²/L>=[5.0, 5.0, 5.2, 5.2], C-C-Sep=0.10, ║∇J║=3.0e-04
Iteration 1033/2000-----
currents: [100000.0, 99999.99999865243, 99999.99999879833, 99999.9999989029]
J=2.1e-05, ⟨Jf⟩=2.0e-05, ⟨B·n⟩=1.0e-03, Len=sum([4.1, 4.0, 3.8, 3.7])=15.7, ϰ=[3.9, 3.9, 4.1, 3.8], ∫ϰ²/L>=[5.0, 5.0, 5.2, 5.3], C-C-Sep=0.10, ║∇J║=4.4e-04
Iteration 1034/2000-----
currents: [100000.0, 99999.99999865188, 99999.9999987979, 99999.99999890229]
J=2.1e-05, ⟨Jf⟩=2.0e-05, ⟨B·n⟩=1.0e-03, Len=sum([4.1, 4.0, 3.8, 3.7])=15.7, ϰ=[3.9, 3.9, 4.1, 3.8], ∫ϰ²/L>=[5.0, 5.0, 5.2, 5.3], C-C-Sep=0.10, ║∇J║=2.4e-04
Iteration 1035/2000-----
currents: [100000.0, 99999.99999865126, 99999.99999879743, 99999.99999890178]
J=2.1e-05, ⟨Jf⟩=2.0e-05, ⟨B·n⟩=1.0e-03, Len=sum([4.1, 4.0, 3.8, 3.7])=15.7, ϰ=[3.9, 3.9, 4.1, 3.9], ∫ϰ²/L>=[5.0, 5.0, 5.2, 5.3], C-C-Sep=0.10, ║∇J║=2.4e-04
Iteration 1036/2000-----
currents: [100000.0, 99999.99999865046, 99999.99999879685, 99999.99999890104]
J=2.1e-05, ⟨Jf⟩=2.0e-05, ⟨B·n⟩=1.0e-03, Len=sum([4.1, 4.0, 3.8, 3.7])=15.7, ϰ=[3.9, 3.9, 4.2, 3.9], ∫ϰ²/L>=[5.0, 5.0, 5.2, 5.3], C-C-Sep=0.10, ║∇J║=2.3e-04
Iteration 1037/2000-----
currents: [100000.0, 99999.99999864944, 99999.99999879599, 99999.99999890004]
J=2.1e-05, ⟨Jf⟩=2.0e-05, ⟨B·n⟩=1.0e-03, Len=sum([4.1, 4.0, 3.8, 3.7])=15.7, ϰ=[3.9, 3.9, 4.2, 3.9], ∫ϰ²/L>=[5.0, 5.0, 5.2, 5.3], C-C-Sep=0.10, ║∇J║=2.6e-04
Iteration 1038/2000-----
currents: [100000.0, 99999.99999864853, 99999.99999879528, 99999.99999889915]
J=2.1e-05, ⟨Jf⟩=2.0e-05, ⟨B·n⟩=1.0e-03, Len=sum([4.1, 4.0, 3.8, 3.7])=15.7, ϰ=[3.9, 3.9, 4.1, 3.9], ∫ϰ²/L>=[5.0, 5.0, 5.2, 5.3], C-C-Sep=0.10, ║∇J║=2.1e-04
Iteration 1039/2000-----
currents: [100000.0, 99999.99999864849, 99999.99999879525, 99999.99999889919]
J=2.1e-05, ⟨Jf⟩=2.0e-05, ⟨B·n⟩=1.0e-03, Len=sum([4.1, 4.0, 3.8, 3.7])=15.7, ϰ=[3.9, 3.9, 4.1, 3.9], ∫ϰ²/L>=[5.0, 5.0, 5.2, 5.3], C-C-Sep=0.10, ║∇J║=2.0e-04
Iteration 1040/2000-----
currents: [100000.0, 99999.99999864788, 99999.9999987947, 99999.99999889842]
J=2.1e-05, ⟨Jf⟩=2.0e-05, ⟨B·n⟩=1.0e-03, Len=sum([4.1, 4.0, 3.8, 3.7])=15.7, ϰ=[3.9, 3.9, 4.1, 3.9], ∫ϰ²/L>=[5.0, 5.0, 5.2, 5.3], C-C-Sep=0.10, ║∇J║=1.9e-04
Iteration 1041/2000-----
currents: [100000.0, 99999.99999864747, 99999.99999879427, 99999.99999889785]
J=2.1e-05, ⟨Jf⟩=2.0e-05, ⟨B·n⟩=1.0e-03, Len=sum([4.1, 4.0, 3.8, 3.7])=15.7, ϰ=[3.9, 4.0, 4.1, 3.9], ∫ϰ²/L>=[5.0, 5.0, 5.2, 5.3], C-C-Sep=0.10, ║∇J║=2.4e-04
Iteration 1042/2000-----
currents: [100000.0, 99999.99999864695, 99999.9999987938, 99999.99999889715]
J=2.1e-05, ⟨Jf⟩=2.0e-05, ⟨B·n⟩=1.0e-03, Len=sum([4.1, 4.0, 3.8, 3.7])=15.7, ϰ=[3.9, 4.0, 4.1, 3.9], ∫ϰ²/L>=[5.0, 5.0, 5.2, 5.3], C-C-Sep=0.10, ║∇J║=2.1e-04
Iteration 1043/2000-----
currents: [100000.0, 99999.99999864612, 99999.99999879305, 99999.999998896]
J=2.1e-05, ⟨Jf⟩=2.0e-05, ⟨B·n⟩=1.0e-03, Len=sum([4.1, 4.0, 3.8, 3.7])=15.7, ϰ=[3.9, 4.0, 4.1, 3.9], ∫ϰ²/L>=[5.0, 5.0, 5.2, 5.3], C-C-Sep=0.10, ║∇J║=2.5e-04
Iteration 1044/2000-----
currents: [100000.0, 99999.99999864485, 99999.99999879193, 99999.99999889443]
J=2.1e-05, ⟨Jf⟩=2.0e-05, ⟨B·n⟩=1.0e-03, Len=sum([4.1, 4.0, 3.8, 3.7])=15.7, ϰ=[3.9, 4.0, 4.1, 4.0], ∫ϰ²/L>=[5.0, 5.0, 5.2, 5.3], C-C-Sep=0.10, ║∇J║=2.7e-04
Iteration 1045/2000-----
currents: [100000.0, 99999.99999864431, 99999.9999987915, 99999.99999889392]
J=2.1e-05, ⟨Jf⟩=2.0e-05, ⟨B·n⟩=1.0e-03, Len=sum([4.1, 4.0, 3.8, 3.7])=15.7, ϰ=[3.9, 4.0, 4.1, 4.0], ∫ϰ²/L>=[5.0, 5.0, 5.2, 5.3], C-C-Sep=0.10, ║∇J║=2.5e-04
Iteration 1046/2000-----
currents: [100000.0, 99999.9999986431, 99999.99999879049, 99999.99999889273]
J=2.1e-05, ⟨Jf⟩=2.0e-05, ⟨B·n⟩=1.0e-03, Len=sum([4.1, 4.0, 3.8, 3.7])=15.7, ϰ=[3.9, 4.0, 4.1, 4.0], ∫ϰ²/L>=[5.0, 5.0, 5.2, 5.3], C-C-Sep=0.10, ║∇J║=2.6e-04
Iteration 1047/2000-----
currents: [100000.0, 99999.99999864152, 99999.99999878927, 99999.99999889138]
J=2.1e-05, ⟨Jf⟩=2.0e-05, ⟨B·n⟩=1.0e-03, Len=sum([4.1, 4.0, 3.8, 3.7])=15.7, ϰ=[3.9, 4.0, 4.1, 4.0], ∫ϰ²/L>=[5.0, 5.0, 5.2, 5.3], C-C-Sep=0.10, ║∇J║=3.8e-04
Iteration 1048/2000-----
currents: [100000.0, 99999.99999864085, 99999.99999878881, 99999.99999889094]
J=2.1e-05, ⟨Jf⟩=2.0e-05, ⟨B·n⟩=1.0e-03, Len=sum([4.1, 4.0, 3.8, 3.7])=15.7, ϰ=[3.9, 4.0, 4.1, 3.9], ∫ϰ²/L>=[5.0, 5.0, 5.2, 5.3], C-C-Sep=0.10, ║∇J║=2.4e-04
Iteration 1049/2000-----
currents: [100000.0, 99999.99999864063, 99999.9999987888, 99999.9999988911]
J=2.1e-05, ⟨Jf⟩=2.0e-05, ⟨B·n⟩=1.0e-03, Len=sum([4.1, 4.0, 3.8, 3.7])=15.7, ϰ=[3.9, 4.0, 4.1, 4.0], ∫ϰ²/L>=[5.0, 5.0, 5.2, 5.3], C-C-Sep=0.10, ║∇J║=2.8e-04
Iteration 1050/2000-----
currents: [100000.0, 99999.9999986398, 99999.99999878828, 99999.99999889055]
J=2.1e-05, ⟨Jf⟩=2.0e-05, ⟨B·n⟩=1.0e-03, Len=sum([4.1, 4.0, 3.8, 3.7])=15.7, ϰ=[3.9, 4.1, 4.1, 3.9], ∫ϰ²/L>=[5.0, 5.0, 5.2, 5.3], C-C-Sep=0.10, ║∇J║=2.4e-04
Iteration 1051/2000-----
currents: [100000.0, 99999.99999863969, 99999.99999878835, 99999.99999889065]
J=2.1e-05, ⟨Jf⟩=2.0e-05, ⟨B·n⟩=1.0e-03, Len=sum([4.1, 4.0, 3.8, 3.7])=15.7, ϰ=[3.9, 4.1, 4.0, 4.0], ∫ϰ²/L>=[5.0, 5.0, 5.2, 5.3], C-C-Sep=0.10, ║∇J║=2.4e-04
Iteration 1052/2000-----
currents: [100000.0, 99999.99999863926, 99999.99999878817, 99999.99999889047]
J=2.1e-05, ⟨Jf⟩=2.0e-05, ⟨B·n⟩=1.0e-03, Len=sum([4.1, 4.0, 3.8, 3.7])=15.7, ϰ=[4.0, 4.2, 4.0, 4.0], ∫ϰ²/L>=[5.0, 5.0, 5.2, 5.3], C-C-Sep=0.10, ║∇J║=2.6e-04
Iteration 1053/2000-----
currents: [100000.0, 99999.99999863925, 99999.99999878816, 99999.9999988905]
J=2.1e-05, ⟨Jf⟩=2.0e-05, ⟨B·n⟩=1.0e-03, Len=sum([4.1, 4.0, 3.8, 3.7])=15.7, ϰ=[4.0, 4.2, 4.0, 4.0], ∫ϰ²/L>=[5.0, 5.0, 5.2, 5.3], C-C-Sep=0.10, ║∇J║=1.8e-04
Iteration 1054/2000-----
currents: [100000.0, 99999.99999863893, 99999.99999878799, 99999.99999889033]
J=2.1e-05, ⟨Jf⟩=2.0e-05, ⟨B·n⟩=1.0e-03, Len=sum([4.1, 4.0, 3.8, 3.7])=15.7, ϰ=[4.0, 4.2, 4.0, 4.0], ∫ϰ²/L>=[5.0, 5.0, 5.2, 5.3], C-C-Sep=0.10, ║∇J║=1.7e-04
Iteration 1055/2000-----
currents: [100000.0, 99999.99999863852, 99999.99999878778, 99999.99999889014]
J=2.1e-05, ⟨Jf⟩=2.0e-05, ⟨B·n⟩=1.0e-03, Len=sum([4.1, 4.0, 3.8, 3.7])=15.7, ϰ=[4.0, 4.1, 4.1, 4.0], ∫ϰ²/L>=[5.0, 5.0, 5.2, 5.3], C-C-Sep=0.10, ║∇J║=2.5e-04
Iteration 1056/2000-----
currents: [100000.0, 99999.99999863794, 99999.99999878743, 99999.99999888976]
J=2.1e-05, ⟨Jf⟩=2.0e-05, ⟨B·n⟩=1.0e-03, Len=sum([4.1, 4.0, 3.8, 3.7])=15.7, ϰ=[4.0, 4.1, 4.1, 4.0], ∫ϰ²/L>=[5.0, 5.0, 5.2, 5.3], C-C-Sep=0.10, ║∇J║=2.1e-04
Iteration 1057/2000-----
currents: [100000.0, 99999.99999863737, 99999.99999878704, 99999.9999988893]
J=2.1e-05, ⟨Jf⟩=2.0e-05, ⟨B·n⟩=1.0e-03, Len=sum([4.1, 4.0, 3.8, 3.7])=15.7, ϰ=[3.9, 4.1, 4.1, 4.0], ∫ϰ²/L>=[5.0, 5.0, 5.2, 5.3], C-C-Sep=0.10, ║∇J║=1.9e-04
Iteration 1058/2000-----
currents: [100000.0, 99999.99999863736, 99999.99999878707, 99999.99999888941]
J=2.1e-05, ⟨Jf⟩=2.0e-05, ⟨B·n⟩=1.0e-03, Len=sum([4.1, 4.0, 3.8, 3.7])=15.7, ϰ=[3.9, 4.1, 4.1, 4.1], ∫ϰ²/L>=[5.0, 5.0, 5.2, 5.3], C-C-Sep=0.10, ║∇J║=2.5e-04
Iteration 1059/2000-----
currents: [100000.0, 99999.999998637, 99999.99999878675, 99999.99999888903]
J=2.1e-05, ⟨Jf⟩=2.0e-05, ⟨B·n⟩=1.0e-03, Len=sum([4.1, 4.0, 3.8, 3.7])=15.7, ϰ=[3.9, 4.1, 4.1, 4.1], ∫ϰ²/L>=[5.0, 5.0, 5.2, 5.3], C-C-Sep=0.10, ║∇J║=3.1e-04
Iteration 1060/2000-----
currents: [100000.0, 99999.99999863746, 99999.99999878707, 99999.99999888944]
J=2.1e-05, ⟨Jf⟩=2.0e-05, ⟨B·n⟩=1.0e-03, Len=sum([4.1, 4.0, 3.8, 3.7])=15.7, ϰ=[3.9, 4.1, 4.0, 4.1], ∫ϰ²/L>=[5.0, 5.0, 5.2, 5.3], C-C-Sep=0.10, ║∇J║=2.0e-04
Iteration 1061/2000-----
currents: [100000.0, 99999.99999863774, 99999.99999878714, 99999.99999888959]
J=2.1e-05, ⟨Jf⟩=2.0e-05, ⟨B·n⟩=1.0e-03, Len=sum([4.1, 4.0, 3.8, 3.7])=15.7, ϰ=[3.9, 4.1, 4.0, 4.1], ∫ϰ²/L>=[5.0, 5.0, 5.2, 5.3], C-C-Sep=0.10, ║∇J║=2.0e-04
Iteration 1062/2000-----
currents: [100000.0, 99999.99999863777, 99999.99999878705, 99999.9999988894]
J=2.1e-05, ⟨Jf⟩=2.0e-05, ⟨B·n⟩=1.0e-03, Len=sum([4.1, 4.0, 3.8, 3.7])=15.7, ϰ=[3.9, 4.1, 4.0, 4.1], ∫ϰ²/L>=[5.0, 5.0, 5.2, 5.3], C-C-Sep=0.10, ║∇J║=2.4e-04
Iteration 1063/2000-----
currents: [100000.0, 99999.99999863762, 99999.99999878684, 99999.9999988891]
J=2.1e-05, ⟨Jf⟩=2.0e-05, ⟨B·n⟩=1.0e-03, Len=sum([4.1, 4.0, 3.8, 3.7])=15.7, ϰ=[3.9, 4.1, 4.0, 4.1], ∫ϰ²/L>=[5.0, 5.0, 5.2, 5.3], C-C-Sep=0.10, ║∇J║=2.3e-04
Iteration 1064/2000-----
currents: [100000.0, 99999.99999863617, 99999.99999878551, 99999.99999888754]
J=2.1e-05, ⟨Jf⟩=2.0e-05, ⟨B·n⟩=1.0e-03, Len=sum([4.1, 4.0, 3.8, 3.7])=15.7, ϰ=[4.0, 4.2, 4.1, 4.1], ∫ϰ²/L>=[5.0, 5.0, 5.2, 5.3], C-C-Sep=0.10, ║∇J║=3.4e-04
Iteration 1065/2000-----
currents: [100000.0, 99999.99999863569, 99999.9999987851, 99999.99999888708]
J=2.1e-05, ⟨Jf⟩=2.0e-05, ⟨B·n⟩=1.0e-03, Len=sum([4.1, 4.0, 3.8, 3.7])=15.7, ϰ=[4.0, 4.1, 4.1, 4.1], ∫ϰ²/L>=[5.0, 5.0, 5.2, 5.3], C-C-Sep=0.10, ║∇J║=2.7e-04
Iteration 1066/2000-----
currents: [100000.0, 99999.99999863515, 99999.99999878476, 99999.99999888681]
J=2.1e-05, ⟨Jf⟩=2.0e-05, ⟨B·n⟩=1.0e-03, Len=sum([4.1, 4.0, 3.8, 3.7])=15.7, ϰ=[4.0, 4.1, 4.1, 4.1], ∫ϰ²/L>=[5.0, 5.0, 5.2, 5.3], C-C-Sep=0.10, ║∇J║=2.5e-04
Iteration 1067/2000-----
currents: [100000.0, 99999.99999863394, 99999.99999878384, 99999.99999888596]
J=2.1e-05, ⟨Jf⟩=2.0e-05, ⟨B·n⟩=1.0e-03, Len=sum([4.1, 4.0, 3.8, 3.7])=15.7, ϰ=[4.0, 4.1, 4.1, 4.1], ∫ϰ²/L>=[5.0, 5.0, 5.2, 5.3], C-C-Sep=0.10, ║∇J║=2.9e-04
Iteration 1068/2000-----
currents: [100000.0, 99999.99999863221, 99999.99999878244, 99999.99999888439]
J=2.1e-05, ⟨Jf⟩=2.0e-05, ⟨B·n⟩=1.0e-03, Len=sum([4.1, 4.0, 3.8, 3.7])=15.7, ϰ=[4.0, 4.1, 4.1, 4.1], ∫ϰ²/L>=[5.0, 5.0, 5.2, 5.3], C-C-Sep=0.10, ║∇J║=3.9e-04
Iteration 1069/2000-----
currents: [100000.0, 99999.99999863184, 99999.9999987821, 99999.99999888394]
J=2.1e-05, ⟨Jf⟩=2.0e-05, ⟨B·n⟩=1.0e-03, Len=sum([4.1, 4.0, 3.8, 3.7])=15.7, ϰ=[4.0, 4.1, 4.0, 4.1], ∫ϰ²/L>=[5.0, 5.0, 5.2, 5.3], C-C-Sep=0.10, ║∇J║=2.3e-04
Iteration 1070/2000-----
currents: [100000.0, 99999.99999863097, 99999.99999878138, 99999.99999888297]
J=2.1e-05, ⟨Jf⟩=2.0e-05, ⟨B·n⟩=1.0e-03, Len=sum([4.1, 4.0, 3.8, 3.7])=15.7, ϰ=[4.0, 4.2, 4.1, 4.1], ∫ϰ²/L>=[5.0, 5.0, 5.2, 5.3], C-C-Sep=0.10, ║∇J║=2.3e-04
Iteration 1071/2000-----
currents: [100000.0, 99999.99999863059, 99999.99999878099, 99999.99999888243]
J=2.1e-05, ⟨Jf⟩=2.0e-05, ⟨B·n⟩=1.0e-03, Len=sum([4.1, 4.0, 3.8, 3.7])=15.7, ϰ=[4.0, 4.1, 4.0, 4.1], ∫ϰ²/L>=[5.0, 5.0, 5.2, 5.3], C-C-Sep=0.10, ║∇J║=2.3e-04
Iteration 1072/2000-----
currents: [100000.0, 99999.99999862984, 99999.99999878036, 99999.9999988816]
J=2.1e-05, ⟨Jf⟩=2.0e-05, ⟨B·n⟩=1.0e-03, Len=sum([4.1, 4.0, 3.8, 3.7])=15.7, ϰ=[4.0, 4.1, 4.1, 4.1], ∫ϰ²/L>=[5.0, 5.0, 5.2, 5.2], C-C-Sep=0.10, ║∇J║=1.9e-04
Iteration 1073/2000-----
currents: [100000.0, 99999.99999862912, 99999.99999877982, 99999.99999888093]
J=2.1e-05, ⟨Jf⟩=2.0e-05, ⟨B·n⟩=1.0e-03, Len=sum([4.1, 4.0, 3.8, 3.7])=15.7, ϰ=[4.0, 4.1, 4.1, 4.1], ∫ϰ²/L>=[5.0, 5.0, 5.2, 5.2], C-C-Sep=0.10, ║∇J║=2.4e-04
Iteration 1074/2000-----
currents: [100000.0, 99999.99999862902, 99999.99999877966, 99999.99999888071]
J=2.1e-05, ⟨Jf⟩=2.0e-05, ⟨B·n⟩=1.0e-03, Len=sum([4.1, 4.0, 3.8, 3.7])=15.7, ϰ=[4.0, 4.1, 4.1, 4.1], ∫ϰ²/L>=[5.0, 5.0, 5.2, 5.2], C-C-Sep=0.10, ║∇J║=1.7e-04
Iteration 1075/2000-----
currents: [100000.0, 99999.99999862892, 99999.99999877956, 99999.99999888065]
J=2.1e-05, ⟨Jf⟩=2.0e-05, ⟨B·n⟩=1.0e-03, Len=sum([4.1, 4.0, 3.8, 3.7])=15.7, ϰ=[4.0, 4.1, 4.1, 4.1], ∫ϰ²/L>=[5.0, 5.0, 5.2, 5.2], C-C-Sep=0.10, ║∇J║=1.7e-04
Iteration 1076/2000-----
currents: [100000.0, 99999.99999862823, 99999.99999877895, 99999.99999888]
J=2.1e-05, ⟨Jf⟩=2.0e-05, ⟨B·n⟩=1.0e-03, Len=sum([4.1, 4.0, 3.8, 3.7])=15.7, ϰ=[4.0, 4.1, 4.1, 4.1], ∫ϰ²/L>=[5.0, 5.0, 5.2, 5.2], C-C-Sep=0.10, ║∇J║=1.6e-04
Iteration 1077/2000-----
currents: [100000.0, 99999.99999862743, 99999.99999877831, 99999.99999887936]
J=2.1e-05, ⟨Jf⟩=2.0e-05, ⟨B·n⟩=1.0e-03, Len=sum([4.1, 4.0, 3.8, 3.7])=15.7, ϰ=[4.0, 4.1, 4.1, 4.1], ∫ϰ²/L>=[5.0, 5.0, 5.2, 5.2], C-C-Sep=0.10, ║∇J║=2.6e-04
Iteration 1078/2000-----
currents: [100000.0, 99999.99999862786, 99999.99999877864, 99999.99999887969]
J=2.1e-05, ⟨Jf⟩=2.0e-05, ⟨B·n⟩=1.0e-03, Len=sum([4.1, 4.0, 3.8, 3.7])=15.7, ϰ=[4.0, 4.1, 4.1, 4.1], ∫ϰ²/L>=[5.0, 5.0, 5.2, 5.2], C-C-Sep=0.10, ║∇J║=1.7e-04
Iteration 1079/2000-----
currents: [100000.0, 99999.9999986274, 99999.99999877828, 99999.99999887934]
J=2.1e-05, ⟨Jf⟩=2.0e-05, ⟨B·n⟩=1.0e-03, Len=sum([4.1, 4.0, 3.8, 3.7])=15.7, ϰ=[4.0, 4.1, 4.1, 4.1], ∫ϰ²/L>=[5.0, 5.0, 5.2, 5.2], C-C-Sep=0.10, ║∇J║=2.0e-04
Iteration 1080/2000-----
currents: [100000.0, 99999.99999862749, 99999.99999877834, 99999.99999887965]
J=2.1e-05, ⟨Jf⟩=2.0e-05, ⟨B·n⟩=1.0e-03, Len=sum([4.1, 4.0, 3.8, 3.7])=15.7, ϰ=[4.0, 4.1, 4.1, 4.1], ∫ϰ²/L>=[5.0, 5.0, 5.2, 5.2], C-C-Sep=0.10, ║∇J║=3.0e-04
Iteration 1081/2000-----
currents: [100000.0, 99999.99999862714, 99999.99999877803, 99999.99999887943]
J=2.1e-05, ⟨Jf⟩=2.0e-05, ⟨B·n⟩=1.0e-03, Len=sum([4.1, 4.0, 3.8, 3.7])=15.7, ϰ=[4.0, 4.1, 4.1, 4.1], ∫ϰ²/L>=[5.0, 5.0, 5.2, 5.2], C-C-Sep=0.10, ║∇J║=2.9e-04
Iteration 1082/2000-----
currents: [100000.0, 99999.99999862621, 99999.99999877726, 99999.99999887867]
J=2.1e-05, ⟨Jf⟩=2.0e-05, ⟨B·n⟩=1.0e-03, Len=sum([4.1, 4.0, 3.8, 3.7])=15.7, ϰ=[4.0, 4.1, 4.1, 4.1], ∫ϰ²/L>=[5.0, 5.0, 5.2, 5.2], C-C-Sep=0.10, ║∇J║=2.9e-04
Iteration 1083/2000-----
currents: [100000.0, 99999.99999862524, 99999.99999877642, 99999.99999887781]
J=2.1e-05, ⟨Jf⟩=2.0e-05, ⟨B·n⟩=1.0e-03, Len=sum([4.1, 4.0, 3.8, 3.7])=15.7, ϰ=[4.0, 4.1, 4.1, 4.1], ∫ϰ²/L>=[5.0, 5.0, 5.2, 5.2], C-C-Sep=0.10, ║∇J║=2.5e-04
Iteration 1084/2000-----
currents: [100000.0, 99999.99999862319, 99999.99999877463, 99999.9999988758]
J=2.1e-05, ⟨Jf⟩=2.0e-05, ⟨B·n⟩=1.0e-03, Len=sum([4.1, 4.0, 3.8, 3.7])=15.7, ϰ=[4.0, 4.1, 4.0, 4.1], ∫ϰ²/L>=[5.0, 5.0, 5.2, 5.2], C-C-Sep=0.10, ║∇J║=2.6e-04
Iteration 1085/2000-----
currents: [100000.0, 99999.99999862068, 99999.9999987724, 99999.99999887339]
J=2.1e-05, ⟨Jf⟩=2.0e-05, ⟨B·n⟩=1.0e-03, Len=sum([4.1, 4.0, 3.8, 3.7])=15.7, ϰ=[4.0, 4.1, 4.0, 4.0], ∫ϰ²/L>=[5.0, 5.0, 5.2, 5.3], C-C-Sep=0.10, ║∇J║=3.8e-04
Iteration 1086/2000-----
currents: [100000.0, 99999.99999861942, 99999.99999877135, 99999.99999887226]
J=2.1e-05, ⟨Jf⟩=2.0e-05, ⟨B·n⟩=1.0e-03, Len=sum([4.1, 4.0, 3.8, 3.7])=15.7, ϰ=[4.0, 4.1, 4.0, 4.0], ∫ϰ²/L>=[5.0, 5.0, 5.2, 5.3], C-C-Sep=0.10, ║∇J║=2.3e-04
Iteration 1087/2000-----
currents: [100000.0, 99999.99999861937, 99999.99999877118, 99999.99999887207]
J=2.1e-05, ⟨Jf⟩=2.0e-05, ⟨B·n⟩=1.0e-03, Len=sum([4.1, 4.0, 3.8, 3.7])=15.7, ϰ=[4.0, 4.1, 4.0, 4.0], ∫ϰ²/L>=[5.0, 5.0, 5.2, 5.3], C-C-Sep=0.10, ║∇J║=2.0e-04
Iteration 1088/2000-----
currents: [100000.0, 99999.99999861995, 99999.99999877159, 99999.99999887253]
J=2.1e-05, ⟨Jf⟩=2.0e-05, ⟨B·n⟩=1.0e-03, Len=sum([4.1, 4.0, 3.8, 3.7])=15.7, ϰ=[4.0, 4.1, 4.0, 4.1], ∫ϰ²/L>=[5.0, 5.0, 5.2, 5.2], C-C-Sep=0.10, ║∇J║=2.9e-04
Iteration 1089/2000-----
currents: [100000.0, 99999.99999862054, 99999.99999877217, 99999.99999887338]
J=2.1e-05, ⟨Jf⟩=2.0e-05, ⟨B·n⟩=1.0e-03, Len=sum([4.1, 4.0, 3.8, 3.7])=15.7, ϰ=[4.0, 4.1, 4.0, 4.1], ∫ϰ²/L>=[5.0, 5.0, 5.2, 5.2], C-C-Sep=0.10, ║∇J║=2.2e-04
Iteration 1090/2000-----
currents: [100000.0, 99999.99999861969, 99999.99999877144, 99999.99999887258]
J=2.1e-05, ⟨Jf⟩=2.0e-05, ⟨B·n⟩=1.0e-03, Len=sum([4.1, 4.0, 3.8, 3.7])=15.7, ϰ=[4.0, 4.1, 4.0, 4.1], ∫ϰ²/L>=[5.0, 5.0, 5.2, 5.3], C-C-Sep=0.10, ║∇J║=1.2e-04
Iteration 1091/2000-----
currents: [100000.0, 99999.99999861987, 99999.9999987715, 99999.99999887269]
J=2.1e-05, ⟨Jf⟩=2.0e-05, ⟨B·n⟩=1.0e-03, Len=sum([4.1, 4.0, 3.8, 3.7])=15.7, ϰ=[4.0, 4.1, 4.0, 4.1], ∫ϰ²/L>=[5.0, 5.0, 5.2, 5.3], C-C-Sep=0.10, ║∇J║=1.1e-04
Iteration 1092/2000-----
currents: [100000.0, 99999.99999861953, 99999.99999877116, 99999.99999887242]
J=2.1e-05, ⟨Jf⟩=2.0e-05, ⟨B·n⟩=1.0e-03, Len=sum([4.1, 4.0, 3.8, 3.7])=15.7, ϰ=[4.0, 4.1, 4.0, 4.1], ∫ϰ²/L>=[5.0, 5.0, 5.2, 5.3], C-C-Sep=0.10, ║∇J║=1.2e-04
Iteration 1093/2000-----
currents: [100000.0, 99999.99999861937, 99999.99999877092, 99999.99999887226]
J=2.1e-05, ⟨Jf⟩=2.0e-05, ⟨B·n⟩=1.0e-03, Len=sum([4.1, 4.0, 3.8, 3.7])=15.7, ϰ=[4.0, 4.1, 4.0, 4.1], ∫ϰ²/L>=[5.0, 5.0, 5.2, 5.3], C-C-Sep=0.10, ║∇J║=1.7e-04
Iteration 1094/2000-----
currents: [100000.0, 99999.99999861883, 99999.99999877038, 99999.99999887175]
J=2.1e-05, ⟨Jf⟩=2.0e-05, ⟨B·n⟩=1.0e-03, Len=sum([4.1, 4.0, 3.8, 3.7])=15.7, ϰ=[4.0, 4.1, 4.0, 4.0], ∫ϰ²/L>=[5.0, 5.0, 5.2, 5.2], C-C-Sep=0.10, ║∇J║=1.4e-04
Iteration 1095/2000-----
currents: [100000.0, 99999.9999986179, 99999.99999876956, 99999.99999887082]
J=2.1e-05, ⟨Jf⟩=2.0e-05, ⟨B·n⟩=1.0e-03, Len=sum([4.1, 4.0, 3.8, 3.7])=15.7, ϰ=[4.0, 4.2, 4.0, 4.0], ∫ϰ²/L>=[5.0, 5.0, 5.2, 5.2], C-C-Sep=0.10, ║∇J║=1.5e-04
Iteration 1096/2000-----
currents: [100000.0, 99999.99999861645, 99999.99999876827, 99999.99999886919]
J=2.1e-05, ⟨Jf⟩=2.0e-05, ⟨B·n⟩=1.0e-03, Len=sum([4.1, 4.0, 3.8, 3.7])=15.7, ϰ=[4.0, 4.2, 4.0, 4.0], ∫ϰ²/L>=[5.0, 5.0, 5.2, 5.2], C-C-Sep=0.10, ║∇J║=2.1e-04
Iteration 1097/2000-----
currents: [100000.0, 99999.9999986161, 99999.99999876787, 99999.99999886866]
J=2.1e-05, ⟨Jf⟩=2.0e-05, ⟨B·n⟩=1.0e-03, Len=sum([4.1, 4.0, 3.8, 3.7])=15.7, ϰ=[4.0, 4.2, 4.0, 4.0], ∫ϰ²/L>=[5.0, 5.0, 5.2, 5.2], C-C-Sep=0.10, ║∇J║=2.8e-04
Iteration 1098/2000-----
currents: [100000.0, 99999.99999861557, 99999.99999876744, 99999.99999886818]
J=2.1e-05, ⟨Jf⟩=2.0e-05, ⟨B·n⟩=1.0e-03, Len=sum([4.1, 4.0, 3.8, 3.7])=15.7, ϰ=[4.0, 4.1, 4.0, 4.0], ∫ϰ²/L>=[5.0, 5.1, 5.2, 5.2], C-C-Sep=0.10, ║∇J║=2.0e-04
Iteration 1099/2000-----
currents: [100000.0, 99999.99999861384, 99999.99999876591, 99999.99999886651]
J=2.1e-05, ⟨Jf⟩=2.0e-05, ⟨B·n⟩=1.0e-03, Len=sum([4.1, 4.0, 3.8, 3.7])=15.7, ϰ=[4.0, 4.1, 3.9, 4.0], ∫ϰ²/L>=[5.0, 5.1, 5.2, 5.2], C-C-Sep=0.10, ║∇J║=2.1e-04
Iteration 1100/2000-----
currents: [100000.0, 99999.99999861364, 99999.99999876572, 99999.99999886645]
J=2.1e-05, ⟨Jf⟩=2.0e-05, ⟨B·n⟩=1.0e-03, Len=sum([4.1, 4.0, 3.8, 3.7])=15.7, ϰ=[4.0, 4.1, 3.9, 4.0], ∫ϰ²/L>=[5.0, 5.1, 5.2, 5.2], C-C-Sep=0.10, ║∇J║=2.4e-04
Iteration 1101/2000-----
currents: [100000.0, 99999.99999861249, 99999.99999876472, 99999.99999886552]
J=2.1e-05, ⟨Jf⟩=2.0e-05, ⟨B·n⟩=1.0e-03, Len=sum([4.1, 4.0, 3.8, 3.7])=15.7, ϰ=[4.0, 4.1, 3.9, 4.0], ∫ϰ²/L>=[5.0, 5.1, 5.2, 5.2], C-C-Sep=0.10, ║∇J║=2.1e-04
Iteration 1102/2000-----
currents: [100000.0, 99999.99999861202, 99999.99999876431, 99999.99999886527]
J=2.1e-05, ⟨Jf⟩=2.0e-05, ⟨B·n⟩=1.0e-03, Len=sum([4.1, 4.0, 3.8, 3.7])=15.7, ϰ=[4.0, 4.1, 3.9, 4.0], ∫ϰ²/L>=[5.0, 5.1, 5.2, 5.2], C-C-Sep=0.10, ║∇J║=2.2e-04
Iteration 1103/2000-----
currents: [100000.0, 99999.99999861198, 99999.99999876422, 99999.99999886534]
J=2.1e-05, ⟨Jf⟩=2.0e-05, ⟨B·n⟩=1.0e-03, Len=sum([4.1, 4.0, 3.8, 3.7])=15.7, ϰ=[4.0, 4.1, 3.9, 4.0], ∫ϰ²/L>=[5.0, 5.1, 5.2, 5.2], C-C-Sep=0.10, ║∇J║=1.9e-04
Iteration 1104/2000-----
currents: [100000.0, 99999.99999861156, 99999.99999876386, 99999.99999886511]
J=2.1e-05, ⟨Jf⟩=2.0e-05, ⟨B·n⟩=1.0e-03, Len=sum([4.1, 4.0, 3.8, 3.7])=15.7, ϰ=[4.0, 4.1, 3.9, 4.0], ∫ϰ²/L>=[5.0, 5.1, 5.2, 5.2], C-C-Sep=0.10, ║∇J║=1.8e-04
Iteration 1105/2000-----
currents: [100000.0, 99999.99999861067, 99999.99999876304, 99999.99999886427]
J=2.1e-05, ⟨Jf⟩=2.0e-05, ⟨B·n⟩=1.0e-03, Len=sum([4.1, 4.0, 3.8, 3.7])=15.7, ϰ=[4.0, 4.1, 3.9, 4.0], ∫ϰ²/L>=[5.0, 5.1, 5.2, 5.2], C-C-Sep=0.10, ║∇J║=1.8e-04
Iteration 1106/2000-----
currents: [100000.0, 99999.9999986101, 99999.99999876249, 99999.9999988637]
J=2.1e-05, ⟨Jf⟩=2.0e-05, ⟨B·n⟩=1.0e-03, Len=sum([4.1, 4.0, 3.8, 3.7])=15.7, ϰ=[4.0, 4.1, 3.9, 4.0], ∫ϰ²/L>=[5.0, 5.1, 5.2, 5.2], C-C-Sep=0.10, ║∇J║=1.6e-04
Iteration 1107/2000-----
currents: [100000.0, 99999.99999860927, 99999.99999876176, 99999.9999988631]
J=2.1e-05, ⟨Jf⟩=2.0e-05, ⟨B·n⟩=1.0e-03, Len=sum([4.1, 4.0, 3.8, 3.7])=15.7, ϰ=[4.0, 4.1, 3.9, 4.0], ∫ϰ²/L>=[5.0, 5.1, 5.2, 5.2], C-C-Sep=0.10, ║∇J║=1.7e-04
Iteration 1108/2000-----
currents: [100000.0, 99999.99999860853, 99999.99999876112, 99999.99999886258]
J=2.1e-05, ⟨Jf⟩=2.0e-05, ⟨B·n⟩=1.0e-03, Len=sum([4.1, 4.0, 3.8, 3.7])=15.7, ϰ=[4.0, 4.1, 4.0, 4.0], ∫ϰ²/L>=[5.0, 5.1, 5.2, 5.2], C-C-Sep=0.10, ║∇J║=1.7e-04
Iteration 1109/2000-----
currents: [100000.0, 99999.9999986088, 99999.99999876131, 99999.99999886296]
J=2.1e-05, ⟨Jf⟩=2.0e-05, ⟨B·n⟩=1.0e-03, Len=sum([4.1, 4.0, 3.8, 3.7])=15.7, ϰ=[4.0, 4.1, 4.0, 4.0], ∫ϰ²/L>=[5.0, 5.1, 5.2, 5.2], C-C-Sep=0.10, ║∇J║=1.5e-04
Iteration 1110/2000-----
currents: [100000.0, 99999.9999986084, 99999.99999876096, 99999.99999886278]
J=2.1e-05, ⟨Jf⟩=2.0e-05, ⟨B·n⟩=1.0e-03, Len=sum([4.1, 4.0, 3.8, 3.7])=15.7, ϰ=[4.0, 4.1, 4.0, 4.0], ∫ϰ²/L>=[5.0, 5.1, 5.2, 5.2], C-C-Sep=0.10, ║∇J║=1.8e-04
Iteration 1111/2000-----
currents: [100000.0, 99999.99999860887, 99999.99999876144, 99999.99999886358]
J=2.1e-05, ⟨Jf⟩=2.0e-05, ⟨B·n⟩=1.0e-03, Len=sum([4.1, 4.0, 3.8, 3.7])=15.7, ϰ=[4.0, 4.1, 4.0, 4.0], ∫ϰ²/L>=[5.0, 5.1, 5.2, 5.2], C-C-Sep=0.10, ║∇J║=2.2e-04
Iteration 1112/2000-----
currents: [100000.0, 99999.99999860888, 99999.99999876141, 99999.99999886371]
J=2.1e-05, ⟨Jf⟩=2.0e-05, ⟨B·n⟩=1.0e-03, Len=sum([4.1, 4.0, 3.8, 3.7])=15.7, ϰ=[4.0, 4.1, 3.9, 4.0], ∫ϰ²/L>=[5.0, 5.1, 5.2, 5.2], C-C-Sep=0.10, ║∇J║=2.0e-04
Iteration 1113/2000-----
currents: [100000.0, 99999.99999860831, 99999.99999876089, 99999.99999886323]
J=2.1e-05, ⟨Jf⟩=2.0e-05, ⟨B·n⟩=1.0e-03, Len=sum([4.1, 4.0, 3.8, 3.7])=15.7, ϰ=[4.0, 4.1, 3.9, 4.0], ∫ϰ²/L>=[5.0, 5.1, 5.2, 5.2], C-C-Sep=0.10, ║∇J║=1.5e-04
Iteration 1114/2000-----
currents: [100000.0, 99999.99999860759, 99999.99999876028, 99999.99999886278]
J=2.1e-05, ⟨Jf⟩=2.0e-05, ⟨B·n⟩=1.0e-03, Len=sum([4.1, 4.0, 3.8, 3.7])=15.7, ϰ=[4.0, 4.1, 3.9, 4.0], ∫ϰ²/L>=[5.0, 5.1, 5.2, 5.2], C-C-Sep=0.10, ║∇J║=1.8e-04
Iteration 1115/2000-----
currents: [100000.0, 99999.9999986072, 99999.99999875997, 99999.99999886253]
J=2.1e-05, ⟨Jf⟩=2.0e-05, ⟨B·n⟩=1.0e-03, Len=sum([4.1, 4.0, 3.8, 3.7])=15.7, ϰ=[4.0, 4.1, 4.0, 4.0], ∫ϰ²/L>=[5.0, 5.1, 5.2, 5.2], C-C-Sep=0.10, ║∇J║=2.1e-04
Iteration 1116/2000-----
currents: [100000.0, 99999.99999860642, 99999.99999875932, 99999.9999988619]
J=2.1e-05, ⟨Jf⟩=2.0e-05, ⟨B·n⟩=1.0e-03, Len=sum([4.1, 4.0, 3.8, 3.7])=15.7, ϰ=[4.0, 4.1, 4.0, 4.0], ∫ϰ²/L>=[5.0, 5.1, 5.2, 5.2], C-C-Sep=0.10, ║∇J║=1.9e-04
Iteration 1117/2000-----
currents: [100000.0, 99999.99999860463, 99999.9999987578, 99999.99999886038]
J=2.1e-05, ⟨Jf⟩=2.0e-05, ⟨B·n⟩=1.0e-03, Len=sum([4.1, 4.0, 3.8, 3.7])=15.7, ϰ=[4.0, 4.1, 4.0, 4.0], ∫ϰ²/L>=[5.0, 5.1, 5.2, 5.2], C-C-Sep=0.10, ║∇J║=2.4e-04
Iteration 1118/2000-----
currents: [100000.0, 99999.999998603, 99999.9999987564, 99999.99999885894]
J=2.1e-05, ⟨Jf⟩=2.0e-05, ⟨B·n⟩=1.0e-03, Len=sum([4.1, 4.0, 3.8, 3.7])=15.7, ϰ=[4.0, 4.1, 4.0, 4.0], ∫ϰ²/L>=[5.0, 5.1, 5.2, 5.2], C-C-Sep=0.10, ║∇J║=3.9e-04
Iteration 1119/2000-----
currents: [100000.0, 99999.99999860284, 99999.99999875625, 99999.99999885877]
J=2.1e-05, ⟨Jf⟩=2.0e-05, ⟨B·n⟩=1.0e-03, Len=sum([4.1, 4.0, 3.8, 3.7])=15.7, ϰ=[4.0, 4.1, 4.0, 4.0], ∫ϰ²/L>=[5.0, 5.1, 5.2, 5.2], C-C-Sep=0.10, ║∇J║=2.2e-04
Iteration 1120/2000-----
currents: [100000.0, 99999.99999860232, 99999.99999875574, 99999.99999885826]
J=2.1e-05, ⟨Jf⟩=2.0e-05, ⟨B·n⟩=1.0e-03, Len=sum([4.1, 4.0, 3.8, 3.7])=15.7, ϰ=[4.0, 4.1, 4.0, 4.0], ∫ϰ²/L>=[5.0, 5.1, 5.2, 5.2], C-C-Sep=0.10, ║∇J║=1.6e-04
Iteration 1121/2000-----
currents: [100000.0, 99999.99999860192, 99999.99999875539, 99999.99999885783]
J=2.1e-05, ⟨Jf⟩=2.0e-05, ⟨B·n⟩=1.0e-03, Len=sum([4.1, 4.0, 3.8, 3.7])=15.7, ϰ=[3.9, 4.1, 4.0, 4.0], ∫ϰ²/L>=[5.0, 5.1, 5.2, 5.2], C-C-Sep=0.10, ║∇J║=1.7e-04
Iteration 1122/2000-----
currents: [100000.0, 99999.99999860134, 99999.99999875485, 99999.9999988573]
J=2.1e-05, ⟨Jf⟩=2.0e-05, ⟨B·n⟩=1.0e-03, Len=sum([4.1, 4.0, 3.8, 3.7])=15.7, ϰ=[3.9, 4.1, 4.0, 4.0], ∫ϰ²/L>=[5.0, 5.1, 5.2, 5.2], C-C-Sep=0.10, ║∇J║=1.5e-04
Iteration 1123/2000-----
currents: [100000.0, 99999.99999860088, 99999.9999987544, 99999.99999885679]
J=2.1e-05, ⟨Jf⟩=2.0e-05, ⟨B·n⟩=1.0e-03, Len=sum([4.1, 4.0, 3.8, 3.7])=15.7, ϰ=[3.9, 4.1, 4.0, 4.0], ∫ϰ²/L>=[5.0, 5.1, 5.2, 5.2], C-C-Sep=0.10, ║∇J║=1.5e-04
Iteration 1124/2000-----
currents: [100000.0, 99999.9999986004, 99999.99999875393, 99999.99999885628]
J=2.1e-05, ⟨Jf⟩=2.0e-05, ⟨B·n⟩=1.0e-03, Len=sum([4.1, 4.0, 3.8, 3.7])=15.7, ϰ=[3.9, 4.1, 4.0, 4.0], ∫ϰ²/L>=[5.0, 5.1, 5.2, 5.2], C-C-Sep=0.10, ║∇J║=1.5e-04
Iteration 1125/2000-----
currents: [100000.0, 99999.99999860015, 99999.99999875369, 99999.99999885597]
J=2.1e-05, ⟨Jf⟩=2.0e-05, ⟨B·n⟩=1.0e-03, Len=sum([4.1, 4.0, 3.8, 3.7])=15.7, ϰ=[4.0, 4.1, 4.0, 4.0], ∫ϰ²/L>=[5.0, 5.1, 5.2, 5.2], C-C-Sep=0.10, ║∇J║=1.5e-04
Iteration 1126/2000-----
currents: [100000.0, 99999.99999859923, 99999.99999875284, 99999.99999885491]
J=2.1e-05, ⟨Jf⟩=2.0e-05, ⟨B·n⟩=1.0e-03, Len=sum([4.1, 4.0, 3.8, 3.7])=15.7, ϰ=[4.0, 4.1, 4.0, 4.0], ∫ϰ²/L>=[5.0, 5.1, 5.2, 5.2], C-C-Sep=0.10, ║∇J║=1.6e-04
Iteration 1127/2000-----
currents: [100000.0, 99999.99999859891, 99999.9999987525, 99999.99999885453]
J=2.1e-05, ⟨Jf⟩=2.0e-05, ⟨B·n⟩=1.0e-03, Len=sum([4.1, 4.0, 3.8, 3.7])=15.7, ϰ=[4.0, 4.1, 4.0, 4.0], ∫ϰ²/L>=[5.0, 5.1, 5.2, 5.2], C-C-Sep=0.10, ║∇J║=2.9e-04
Iteration 1128/2000-----
currents: [100000.0, 99999.99999859933, 99999.99999875284, 99999.99999885491]
J=2.1e-05, ⟨Jf⟩=2.0e-05, ⟨B·n⟩=1.0e-03, Len=sum([4.1, 4.0, 3.8, 3.7])=15.7, ϰ=[4.0, 4.1, 4.0, 4.0], ∫ϰ²/L>=[5.0, 5.1, 5.2, 5.2], C-C-Sep=0.10, ║∇J║=1.5e-04
Iteration 1129/2000-----
currents: [100000.0, 99999.99999859903, 99999.99999875257, 99999.9999988546]
J=2.1e-05, ⟨Jf⟩=2.0e-05, ⟨B·n⟩=1.0e-03, Len=sum([4.1, 4.0, 3.8, 3.7])=15.7, ϰ=[4.0, 4.1, 4.0, 4.0], ∫ϰ²/L>=[5.0, 5.1, 5.2, 5.2], C-C-Sep=0.10, ║∇J║=1.2e-04
Iteration 1130/2000-----
currents: [100000.0, 99999.99999859871, 99999.99999875223, 99999.99999885427]
J=2.1e-05, ⟨Jf⟩=2.0e-05, ⟨B·n⟩=1.0e-03, Len=sum([4.1, 4.0, 3.8, 3.7])=15.7, ϰ=[3.9, 4.1, 4.0, 4.0], ∫ϰ²/L>=[5.0, 5.1, 5.2, 5.2], C-C-Sep=0.10, ║∇J║=2.1e-04
Iteration 1131/2000-----
currents: [100000.0, 99999.99999859775, 99999.99999875133, 99999.99999885334]
J=2.1e-05, ⟨Jf⟩=2.0e-05, ⟨B·n⟩=1.0e-03, Len=sum([4.1, 4.0, 3.8, 3.7])=15.7, ϰ=[3.9, 4.0, 4.0, 4.0], ∫ϰ²/L>=[5.0, 5.1, 5.2, 5.2], C-C-Sep=0.10, ║∇J║=3.0e-04
Iteration 1132/2000-----
currents: [100000.0, 99999.99999859693, 99999.99999875057, 99999.99999885265]
J=2.1e-05, ⟨Jf⟩=2.0e-05, ⟨B·n⟩=1.0e-03, Len=sum([4.1, 4.0, 3.8, 3.7])=15.7, ϰ=[3.9, 4.0, 4.0, 4.0], ∫ϰ²/L>=[5.0, 5.1, 5.2, 5.2], C-C-Sep=0.10, ║∇J║=2.6e-04
Iteration 1133/2000-----
currents: [100000.0, 99999.99999859689, 99999.99999875057, 99999.99999885277]
J=2.1e-05, ⟨Jf⟩=2.0e-05, ⟨B·n⟩=1.0e-03, Len=sum([4.1, 4.0, 3.8, 3.7])=15.7, ϰ=[3.9, 4.0, 4.0, 4.0], ∫ϰ²/L>=[5.0, 5.1, 5.2, 5.2], C-C-Sep=0.10, ║∇J║=1.8e-04
Iteration 1134/2000-----
currents: [100000.0, 99999.99999859631, 99999.9999987502, 99999.9999988525]
J=2.1e-05, ⟨Jf⟩=2.0e-05, ⟨B·n⟩=1.0e-03, Len=sum([4.1, 4.0, 3.8, 3.7])=15.7, ϰ=[4.0, 4.0, 4.0, 3.9], ∫ϰ²/L>=[5.0, 5.1, 5.2, 5.2], C-C-Sep=0.10, ║∇J║=1.9e-04
Iteration 1135/2000-----
currents: [100000.0, 99999.9999985957, 99999.99999874976, 99999.99999885207]
J=2.1e-05, ⟨Jf⟩=2.0e-05, ⟨B·n⟩=1.0e-03, Len=sum([4.1, 4.0, 3.8, 3.7])=15.7, ϰ=[4.0, 4.0, 4.0, 3.9], ∫ϰ²/L>=[5.0, 5.1, 5.2, 5.2], C-C-Sep=0.10, ║∇J║=1.9e-04
Iteration 1136/2000-----
currents: [100000.0, 99999.9999985953, 99999.99999874955, 99999.99999885194]
J=2.1e-05, ⟨Jf⟩=2.0e-05, ⟨B·n⟩=1.0e-03, Len=sum([4.1, 4.0, 3.8, 3.7])=15.7, ϰ=[4.0, 4.0, 4.0, 3.9], ∫ϰ²/L>=[5.0, 5.1, 5.2, 5.2], C-C-Sep=0.10, ║∇J║=1.4e-04
Iteration 1137/2000-----
currents: [100000.0, 99999.99999859412, 99999.99999874865, 99999.99999885101]
J=2.1e-05, ⟨Jf⟩=2.0e-05, ⟨B·n⟩=1.0e-03, Len=sum([4.1, 4.0, 3.8, 3.7])=15.7, ϰ=[4.0, 4.0, 4.0, 3.9], ∫ϰ²/L>=[5.0, 5.1, 5.2, 5.2], C-C-Sep=0.10, ║∇J║=1.6e-04
Iteration 1138/2000-----
currents: [100000.0, 99999.99999859369, 99999.9999987483, 99999.99999885069]
J=2.1e-05, ⟨Jf⟩=2.0e-05, ⟨B·n⟩=1.0e-03, Len=sum([4.1, 4.0, 3.8, 3.7])=15.7, ϰ=[4.0, 4.0, 4.0, 3.9], ∫ϰ²/L>=[5.0, 5.1, 5.2, 5.2], C-C-Sep=0.10, ║∇J║=1.3e-04
Iteration 1139/2000-----
currents: [100000.0, 99999.9999985933, 99999.99999874798, 99999.99999885037]
J=2.1e-05, ⟨Jf⟩=2.0e-05, ⟨B·n⟩=1.0e-03, Len=sum([4.1, 4.0, 3.8, 3.7])=15.7, ϰ=[4.0, 4.0, 4.0, 3.9], ∫ϰ²/L>=[5.0, 5.1, 5.2, 5.2], C-C-Sep=0.10, ║∇J║=1.0e-04
Iteration 1140/2000-----
currents: [100000.0, 99999.99999859254, 99999.99999874734, 99999.9999988497]
J=2.1e-05, ⟨Jf⟩=2.0e-05, ⟨B·n⟩=1.0e-03, Len=sum([4.1, 4.0, 3.8, 3.7])=15.7, ϰ=[4.0, 4.0, 4.0, 3.9], ∫ϰ²/L>=[5.0, 5.1, 5.2, 5.2], C-C-Sep=0.10, ║∇J║=1.2e-04
Iteration 1141/2000-----
currents: [100000.0, 99999.99999859203, 99999.99999874692, 99999.99999884926]
J=2.1e-05, ⟨Jf⟩=2.0e-05, ⟨B·n⟩=1.0e-03, Len=sum([4.1, 4.0, 3.8, 3.7])=15.7, ϰ=[4.0, 4.0, 4.0, 3.9], ∫ϰ²/L>=[5.0, 5.1, 5.2, 5.2], C-C-Sep=0.10, ║∇J║=1.4e-04
Iteration 1142/2000-----
currents: [100000.0, 99999.9999985917, 99999.99999874664, 99999.99999884896]
J=2.1e-05, ⟨Jf⟩=2.0e-05, ⟨B·n⟩=1.0e-03, Len=sum([4.1, 4.0, 3.8, 3.7])=15.7, ϰ=[4.0, 4.0, 4.0, 3.9], ∫ϰ²/L>=[5.0, 5.1, 5.2, 5.2], C-C-Sep=0.10, ║∇J║=1.3e-04
Iteration 1143/2000-----
currents: [100000.0, 99999.99999859075, 99999.99999874586, 99999.99999884807]
J=2.1e-05, ⟨Jf⟩=2.0e-05, ⟨B·n⟩=1.0e-03, Len=sum([4.1, 4.0, 3.8, 3.7])=15.7, ϰ=[4.0, 4.0, 4.0, 3.9], ∫ϰ²/L>=[5.0, 5.1, 5.2, 5.2], C-C-Sep=0.10, ║∇J║=1.5e-04
Iteration 1144/2000-----
currents: [100000.0, 99999.99999859037, 99999.99999874548, 99999.99999884768]
J=2.1e-05, ⟨Jf⟩=2.0e-05, ⟨B·n⟩=1.0e-03, Len=sum([4.1, 4.0, 3.8, 3.7])=15.7, ϰ=[4.0, 4.0, 4.0, 3.9], ∫ϰ²/L>=[5.0, 5.1, 5.2, 5.2], C-C-Sep=0.10, ║∇J║=2.3e-04
Iteration 1145/2000-----
currents: [100000.0, 99999.99999859015, 99999.99999874533, 99999.99999884755]
J=2.1e-05, ⟨Jf⟩=2.0e-05, ⟨B·n⟩=1.0e-03, Len=sum([4.1, 4.0, 3.8, 3.7])=15.7, ϰ=[4.0, 4.0, 4.0, 3.9], ∫ϰ²/L>=[5.0, 5.1, 5.2, 5.2], C-C-Sep=0.10, ║∇J║=2.4e-04
Iteration 1146/2000-----
currents: [100000.0, 99999.99999858894, 99999.99999874445, 99999.99999884656]
J=2.1e-05, ⟨Jf⟩=2.0e-05, ⟨B·n⟩=1.0e-03, Len=sum([4.1, 4.0, 3.8, 3.7])=15.7, ϰ=[3.9, 4.0, 4.0, 3.9], ∫ϰ²/L>=[5.0, 5.1, 5.2, 5.2], C-C-Sep=0.10, ║∇J║=3.1e-04
Iteration 1147/2000-----
currents: [100000.0, 99999.99999858851, 99999.99999874413, 99999.99999884632]
J=2.1e-05, ⟨Jf⟩=2.0e-05, ⟨B·n⟩=1.0e-03, Len=sum([4.1, 4.0, 3.8, 3.7])=15.7, ϰ=[3.9, 4.0, 4.0, 3.9], ∫ϰ²/L>=[5.0, 5.1, 5.2, 5.2], C-C-Sep=0.10, ║∇J║=1.7e-04
Iteration 1148/2000-----
currents: [100000.0, 99999.99999858729, 99999.99999874312, 99999.99999884532]
J=2.1e-05, ⟨Jf⟩=2.0e-05, ⟨B·n⟩=1.0e-03, Len=sum([4.1, 4.0, 3.8, 3.7])=15.7, ϰ=[3.9, 4.0, 4.0, 3.9], ∫ϰ²/L>=[5.0, 5.1, 5.2, 5.2], C-C-Sep=0.10, ║∇J║=1.4e-04
Iteration 1149/2000-----
currents: [100000.0, 99999.99999858641, 99999.99999874244, 99999.99999884475]
J=2.1e-05, ⟨Jf⟩=2.0e-05, ⟨B·n⟩=1.0e-03, Len=sum([4.1, 4.0, 3.8, 3.7])=15.7, ϰ=[3.9, 4.0, 4.0, 3.9], ∫ϰ²/L>=[5.0, 5.1, 5.2, 5.2], C-C-Sep=0.10, ║∇J║=1.5e-04
Iteration 1150/2000-----
currents: [100000.0, 99999.99999858554, 99999.99999874177, 99999.99999884402]
J=2.1e-05, ⟨Jf⟩=2.0e-05, ⟨B·n⟩=1.0e-03, Len=sum([4.1, 4.0, 3.8, 3.7])=15.7, ϰ=[3.9, 4.0, 4.0, 4.0], ∫ϰ²/L>=[5.0, 5.1, 5.2, 5.2], C-C-Sep=0.10, ║∇J║=1.5e-04
Iteration 1151/2000-----
currents: [100000.0, 99999.9999985848, 99999.99999874114, 99999.99999884338]
J=2.1e-05, ⟨Jf⟩=2.0e-05, ⟨B·n⟩=1.0e-03, Len=sum([4.1, 4.0, 3.8, 3.7])=15.7, ϰ=[3.9, 4.0, 4.0, 3.9], ∫ϰ²/L>=[5.0, 5.1, 5.2, 5.2], C-C-Sep=0.10, ║∇J║=1.2e-04
Iteration 1152/2000-----
currents: [100000.0, 99999.99999858464, 99999.99999874097, 99999.99999884325]
J=2.1e-05, ⟨Jf⟩=2.0e-05, ⟨B·n⟩=1.0e-03, Len=sum([4.1, 4.0, 3.8, 3.7])=15.7, ϰ=[3.9, 4.0, 4.0, 3.9], ∫ϰ²/L>=[5.0, 5.0, 5.2, 5.2], C-C-Sep=0.10, ║∇J║=1.2e-04
Iteration 1153/2000-----
currents: [100000.0, 99999.9999985847, 99999.99999874101, 99999.99999884331]
J=2.1e-05, ⟨Jf⟩=2.0e-05, ⟨B·n⟩=1.0e-03, Len=sum([4.1, 4.0, 3.8, 3.7])=15.7, ϰ=[3.9, 4.0, 4.0, 3.9], ∫ϰ²/L>=[5.0, 5.0, 5.2, 5.2], C-C-Sep=0.10, ║∇J║=9.8e-05
Iteration 1154/2000-----
currents: [100000.0, 99999.9999985845, 99999.99999874085, 99999.99999884318]
J=2.1e-05, ⟨Jf⟩=2.0e-05, ⟨B·n⟩=1.0e-03, Len=sum([4.1, 4.0, 3.8, 3.7])=15.7, ϰ=[3.9, 4.0, 4.0, 3.9], ∫ϰ²/L>=[5.0, 5.1, 5.2, 5.2], C-C-Sep=0.10, ║∇J║=8.1e-05
Iteration 1155/2000-----
currents: [100000.0, 99999.9999985843, 99999.99999874069, 99999.99999884308]
J=2.1e-05, ⟨Jf⟩=2.0e-05, ⟨B·n⟩=1.0e-03, Len=sum([4.1, 4.0, 3.8, 3.7])=15.7, ϰ=[3.9, 4.0, 4.0, 3.9], ∫ϰ²/L>=[5.0, 5.1, 5.2, 5.2], C-C-Sep=0.10, ║∇J║=8.8e-05
Iteration 1156/2000-----
currents: [100000.0, 99999.99999858436, 99999.99999874082, 99999.99999884328]
J=2.1e-05, ⟨Jf⟩=2.0e-05, ⟨B·n⟩=1.0e-03, Len=sum([4.1, 4.0, 3.8, 3.7])=15.7, ϰ=[3.9, 4.0, 3.9, 3.9], ∫ϰ²/L>=[5.0, 5.1, 5.2, 5.2], C-C-Sep=0.10, ║∇J║=1.1e-04
Iteration 1157/2000-----
currents: [100000.0, 99999.99999858436, 99999.99999874092, 99999.99999884337]
J=2.1e-05, ⟨Jf⟩=2.0e-05, ⟨B·n⟩=1.0e-03, Len=sum([4.1, 4.0, 3.8, 3.7])=15.7, ϰ=[4.0, 4.0, 3.9, 3.9], ∫ϰ²/L>=[5.0, 5.1, 5.2, 5.2], C-C-Sep=0.10, ║∇J║=8.9e-05
Iteration 1158/2000-----
currents: [100000.0, 99999.99999858405, 99999.99999874081, 99999.99999884322]
J=2.1e-05, ⟨Jf⟩=2.0e-05, ⟨B·n⟩=1.0e-03, Len=sum([4.1, 4.0, 3.8, 3.7])=15.7, ϰ=[4.0, 4.0, 3.9, 3.9], ∫ϰ²/L>=[5.0, 5.0, 5.2, 5.2], C-C-Sep=0.10, ║∇J║=1.1e-04
Iteration 1159/2000-----
currents: [100000.0, 99999.99999858365, 99999.99999874056, 99999.99999884285]
J=2.1e-05, ⟨Jf⟩=2.0e-05, ⟨B·n⟩=1.0e-03, Len=sum([4.1, 4.0, 3.8, 3.7])=15.7, ϰ=[4.0, 4.0, 4.0, 3.9], ∫ϰ²/L>=[5.0, 5.0, 5.2, 5.2], C-C-Sep=0.10, ║∇J║=1.7e-04
Iteration 1160/2000-----
currents: [100000.0, 99999.99999858307, 99999.99999874017, 99999.99999884237]
J=2.1e-05, ⟨Jf⟩=2.0e-05, ⟨B·n⟩=1.0e-03, Len=sum([4.1, 4.0, 3.8, 3.7])=15.7, ϰ=[4.0, 4.0, 4.0, 3.9], ∫ϰ²/L>=[5.0, 5.0, 5.2, 5.2], C-C-Sep=0.10, ║∇J║=1.4e-04
Iteration 1161/2000-----
currents: [100000.0, 99999.99999858106, 99999.99999873858, 99999.99999884053]
J=2.1e-05, ⟨Jf⟩=2.0e-05, ⟨B·n⟩=1.0e-03, Len=sum([4.1, 4.0, 3.8, 3.7])=15.7, ϰ=[4.0, 4.0, 4.0, 3.9], ∫ϰ²/L>=[5.0, 5.0, 5.2, 5.2], C-C-Sep=0.10, ║∇J║=1.5e-04
Iteration 1162/2000-----
currents: [100000.0, 99999.9999985792, 99999.99999873718, 99999.99999883908]
J=2.1e-05, ⟨Jf⟩=2.0e-05, ⟨B·n⟩=1.0e-03, Len=sum([4.1, 4.0, 3.8, 3.7])=15.7, ϰ=[3.9, 4.0, 4.0, 3.9], ∫ϰ²/L>=[5.0, 5.0, 5.2, 5.2], C-C-Sep=0.10, ║∇J║=2.8e-04
Iteration 1163/2000-----
currents: [100000.0, 99999.99999857935, 99999.99999873737, 99999.99999883932]
J=2.1e-05, ⟨Jf⟩=2.0e-05, ⟨B·n⟩=1.0e-03, Len=sum([4.1, 4.0, 3.8, 3.7])=15.7, ϰ=[3.9, 4.0, 4.0, 3.9], ∫ϰ²/L>=[5.0, 5.1, 5.1, 5.2], C-C-Sep=0.10, ║∇J║=2.0e-04
Iteration 1164/2000-----
currents: [100000.0, 99999.99999857797, 99999.99999873617, 99999.99999883799]
J=2.1e-05, ⟨Jf⟩=2.0e-05, ⟨B·n⟩=1.0e-03, Len=sum([4.1, 4.0, 3.8, 3.7])=15.7, ϰ=[3.9, 4.0, 4.0, 3.9], ∫ϰ²/L>=[5.0, 5.1, 5.1, 5.2], C-C-Sep=0.10, ║∇J║=3.0e-04
Iteration 1165/2000-----
currents: [100000.0, 99999.99999857767, 99999.999998736, 99999.999998838]
J=2.1e-05, ⟨Jf⟩=2.0e-05, ⟨B·n⟩=1.0e-03, Len=sum([4.1, 4.0, 3.8, 3.7])=15.7, ϰ=[3.9, 4.0, 3.9, 4.0], ∫ϰ²/L>=[5.0, 5.1, 5.1, 5.2], C-C-Sep=0.10, ║∇J║=1.5e-04
Iteration 1166/2000-----
currents: [100000.0, 99999.99999857745, 99999.99999873589, 99999.99999883802]
J=2.1e-05, ⟨Jf⟩=2.0e-05, ⟨B·n⟩=1.0e-03, Len=sum([4.1, 4.0, 3.8, 3.7])=15.7, ϰ=[3.9, 4.0, 4.0, 4.0], ∫ϰ²/L>=[5.0, 5.0, 5.1, 5.2], C-C-Sep=0.10, ║∇J║=1.2e-04
Iteration 1167/2000-----
currents: [100000.0, 99999.9999985775, 99999.99999873599, 99999.99999883818]
J=2.1e-05, ⟨Jf⟩=2.0e-05, ⟨B·n⟩=1.0e-03, Len=sum([4.1, 4.0, 3.8, 3.7])=15.7, ϰ=[3.9, 3.9, 4.0, 4.0], ∫ϰ²/L>=[5.0, 5.0, 5.1, 5.2], C-C-Sep=0.10, ║∇J║=1.2e-04
Iteration 1168/2000-----
currents: [100000.0, 99999.99999857742, 99999.99999873598, 99999.9999988382]
J=2.1e-05, ⟨Jf⟩=2.0e-05, ⟨B·n⟩=1.0e-03, Len=sum([4.1, 4.0, 3.8, 3.7])=15.7, ϰ=[3.9, 3.9, 4.0, 4.0], ∫ϰ²/L>=[5.0, 5.0, 5.1, 5.2], C-C-Sep=0.10, ║∇J║=1.0e-04
Iteration 1169/2000-----
currents: [100000.0, 99999.99999857707, 99999.99999873574, 99999.99999883799]
J=2.1e-05, ⟨Jf⟩=2.0e-05, ⟨B·n⟩=1.0e-03, Len=sum([4.1, 4.0, 3.8, 3.7])=15.7, ϰ=[3.9, 3.9, 4.0, 4.0], ∫ϰ²/L>=[5.0, 5.0, 5.1, 5.2], C-C-Sep=0.10, ║∇J║=1.3e-04
Iteration 1170/2000-----
currents: [100000.0, 99999.99999857682, 99999.99999873557, 99999.99999883785]
J=2.1e-05, ⟨Jf⟩=2.0e-05, ⟨B·n⟩=1.0e-03, Len=sum([4.1, 4.0, 3.8, 3.7])=15.7, ϰ=[3.9, 3.9, 4.0, 4.0], ∫ϰ²/L>=[5.0, 5.0, 5.1, 5.2], C-C-Sep=0.10, ║∇J║=9.4e-05
Iteration 1171/2000-----
currents: [100000.0, 99999.99999857636, 99999.9999987352, 99999.99999883752]
J=2.1e-05, ⟨Jf⟩=2.0e-05, ⟨B·n⟩=1.0e-03, Len=sum([4.1, 4.0, 3.8, 3.7])=15.7, ϰ=[3.9, 4.0, 4.0, 4.0], ∫ϰ²/L>=[5.0, 5.0, 5.1, 5.2], C-C-Sep=0.10, ║∇J║=9.6e-05
Iteration 1172/2000-----
currents: [100000.0, 99999.99999857592, 99999.99999873489, 99999.99999883729]
J=2.1e-05, ⟨Jf⟩=2.0e-05, ⟨B·n⟩=1.0e-03, Len=sum([4.1, 4.0, 3.8, 3.7])=15.7, ϰ=[3.9, 4.0, 4.0, 4.0], ∫ϰ²/L>=[5.0, 5.0, 5.1, 5.2], C-C-Sep=0.10, ║∇J║=1.3e-04
Iteration 1173/2000-----
currents: [100000.0, 99999.99999857487, 99999.99999873411, 99999.99999883657]
J=2.1e-05, ⟨Jf⟩=2.0e-05, ⟨B·n⟩=1.0e-03, Len=sum([4.1, 4.0, 3.8, 3.7])=15.7, ϰ=[3.9, 3.9, 4.0, 4.0], ∫ϰ²/L>=[5.0, 5.1, 5.1, 5.2], C-C-Sep=0.10, ║∇J║=1.8e-04
Iteration 1174/2000-----
currents: [100000.0, 99999.99999857425, 99999.99999873365, 99999.9999988361]
J=2.1e-05, ⟨Jf⟩=2.0e-05, ⟨B·n⟩=1.0e-03, Len=sum([4.1, 4.0, 3.8, 3.7])=15.7, ϰ=[3.9, 3.9, 4.0, 4.0], ∫ϰ²/L>=[5.0, 5.1, 5.1, 5.2], C-C-Sep=0.10, ║∇J║=1.3e-04
Iteration 1175/2000-----
currents: [100000.0, 99999.99999857345, 99999.99999873308, 99999.99999883554]
J=2.1e-05, ⟨Jf⟩=2.0e-05, ⟨B·n⟩=1.0e-03, Len=sum([4.1, 4.0, 3.8, 3.7])=15.7, ϰ=[3.9, 3.9, 4.0, 4.0], ∫ϰ²/L>=[5.0, 5.0, 5.1, 5.2], C-C-Sep=0.10, ║∇J║=1.4e-04
Iteration 1176/2000-----
currents: [100000.0, 99999.99999857227, 99999.99999873221, 99999.99999883461]
J=2.1e-05, ⟨Jf⟩=2.0e-05, ⟨B·n⟩=1.0e-03, Len=sum([4.1, 4.0, 3.8, 3.7])=15.7, ϰ=[3.9, 3.9, 4.0, 4.0], ∫ϰ²/L>=[5.0, 5.1, 5.1, 5.2], C-C-Sep=0.10, ║∇J║=1.8e-04
Iteration 1177/2000-----
currents: [100000.0, 99999.9999985706, 99999.99999873099, 99999.99999883337]
J=2.1e-05, ⟨Jf⟩=2.0e-05, ⟨B·n⟩=1.0e-03, Len=sum([4.1, 4.0, 3.8, 3.7])=15.7, ϰ=[4.0, 3.9, 4.1, 4.0], ∫ϰ²/L>=[5.0, 5.1, 5.1, 5.2], C-C-Sep=0.10, ║∇J║=2.1e-04
Iteration 1178/2000-----
currents: [100000.0, 99999.99999857006, 99999.99999873068, 99999.99999883318]
J=2.1e-05, ⟨Jf⟩=2.0e-05, ⟨B·n⟩=1.0e-03, Len=sum([4.1, 4.0, 3.8, 3.7])=15.7, ϰ=[4.0, 3.9, 4.1, 4.0], ∫ϰ²/L>=[5.0, 5.1, 5.1, 5.2], C-C-Sep=0.10, ║∇J║=1.7e-04
Iteration 1179/2000-----
currents: [100000.0, 99999.99999856953, 99999.9999987303, 99999.99999883285]
J=2.1e-05, ⟨Jf⟩=2.0e-05, ⟨B·n⟩=1.0e-03, Len=sum([4.1, 4.0, 3.8, 3.7])=15.7, ϰ=[4.0, 3.9, 4.0, 3.9], ∫ϰ²/L>=[5.0, 5.1, 5.1, 5.2], C-C-Sep=0.10, ║∇J║=1.4e-04
Iteration 1180/2000-----
currents: [100000.0, 99999.99999856892, 99999.99999872991, 99999.99999883257]
J=2.1e-05, ⟨Jf⟩=2.0e-05, ⟨B·n⟩=1.0e-03, Len=sum([4.1, 4.0, 3.8, 3.7])=15.7, ϰ=[4.0, 3.9, 4.0, 3.9], ∫ϰ²/L>=[5.0, 5.1, 5.1, 5.2], C-C-Sep=0.10, ║∇J║=1.4e-04
Iteration 1181/2000-----
currents: [100000.0, 99999.99999856825, 99999.99999872946, 99999.99999883225]
J=2.1e-05, ⟨Jf⟩=2.0e-05, ⟨B·n⟩=1.0e-03, Len=sum([4.1, 4.0, 3.8, 3.7])=15.7, ϰ=[4.0, 3.9, 4.0, 3.9], ∫ϰ²/L>=[5.0, 5.1, 5.1, 5.2], C-C-Sep=0.10, ║∇J║=2.2e-04
Iteration 1182/2000-----
currents: [100000.0, 99999.99999856803, 99999.99999872927, 99999.99999883206]
J=2.1e-05, ⟨Jf⟩=2.0e-05, ⟨B·n⟩=1.0e-03, Len=sum([4.1, 4.0, 3.8, 3.7])=15.7, ϰ=[4.0, 3.9, 4.0, 3.9], ∫ϰ²/L>=[5.0, 5.1, 5.1, 5.2], C-C-Sep=0.10, ║∇J║=9.0e-05
Iteration 1183/2000-----
currents: [100000.0, 99999.99999856792, 99999.99999872918, 99999.99999883202]
J=2.1e-05, ⟨Jf⟩=2.0e-05, ⟨B·n⟩=1.0e-03, Len=sum([4.1, 4.0, 3.8, 3.7])=15.7, ϰ=[4.0, 3.9, 4.0, 3.9], ∫ϰ²/L>=[5.0, 5.1, 5.1, 5.2], C-C-Sep=0.10, ║∇J║=7.2e-05
Iteration 1184/2000-----
currents: [100000.0, 99999.99999856744, 99999.9999987288, 99999.99999883167]
J=2.1e-05, ⟨Jf⟩=2.0e-05, ⟨B·n⟩=1.0e-03, Len=sum([4.1, 4.0, 3.8, 3.7])=15.7, ϰ=[4.0, 3.9, 4.0, 3.9], ∫ϰ²/L>=[5.0, 5.1, 5.1, 5.2], C-C-Sep=0.10, ║∇J║=8.0e-05
Iteration 1185/2000-----
currents: [100000.0, 99999.9999985674, 99999.99999872882, 99999.99999883183]
J=2.1e-05, ⟨Jf⟩=2.0e-05, ⟨B·n⟩=1.0e-03, Len=sum([4.1, 4.0, 3.8, 3.7])=15.7, ϰ=[4.0, 3.9, 4.0, 3.9], ∫ϰ²/L>=[5.0, 5.1, 5.1, 5.2], C-C-Sep=0.10, ║∇J║=1.2e-04
Iteration 1186/2000-----
currents: [100000.0, 99999.99999856678, 99999.99999872837, 99999.99999883147]
J=2.1e-05, ⟨Jf⟩=2.0e-05, ⟨B·n⟩=1.0e-03, Len=sum([4.1, 4.0, 3.8, 3.7])=15.7, ϰ=[4.0, 3.9, 4.0, 3.9], ∫ϰ²/L>=[5.0, 5.1, 5.1, 5.2], C-C-Sep=0.10, ║∇J║=1.1e-04
Iteration 1187/2000-----
currents: [100000.0, 99999.99999856653, 99999.99999872822, 99999.99999883136]
J=2.1e-05, ⟨Jf⟩=2.0e-05, ⟨B·n⟩=1.0e-03, Len=sum([4.1, 4.0, 3.8, 3.7])=15.7, ϰ=[4.0, 3.8, 4.0, 3.9], ∫ϰ²/L>=[5.0, 5.1, 5.1, 5.2], C-C-Sep=0.10, ║∇J║=9.8e-05
Iteration 1188/2000-----
currents: [100000.0, 99999.99999856668, 99999.99999872845, 99999.99999883171]
J=2.1e-05, ⟨Jf⟩=2.0e-05, ⟨B·n⟩=1.0e-03, Len=sum([4.1, 4.0, 3.8, 3.7])=15.7, ϰ=[4.0, 3.8, 4.0, 3.9], ∫ϰ²/L>=[5.0, 5.0, 5.1, 5.2], C-C-Sep=0.10, ║∇J║=1.5e-04
Iteration 1189/2000-----
currents: [100000.0, 99999.99999856607, 99999.99999872805, 99999.99999883135]
J=2.1e-05, ⟨Jf⟩=2.0e-05, ⟨B·n⟩=1.0e-03, Len=sum([4.1, 4.0, 3.8, 3.7])=15.7, ϰ=[4.0, 3.8, 4.0, 3.9], ∫ϰ²/L>=[5.0, 5.0, 5.1, 5.2], C-C-Sep=0.10, ║∇J║=2.3e-04
Iteration 1190/2000-----
currents: [100000.0, 99999.99999856588, 99999.99999872792, 99999.99999883125]
J=2.1e-05, ⟨Jf⟩=2.0e-05, ⟨B·n⟩=1.0e-03, Len=sum([4.1, 4.0, 3.8, 3.7])=15.7, ϰ=[3.9, 3.8, 4.0, 3.9], ∫ϰ²/L>=[5.0, 5.0, 5.1, 5.2], C-C-Sep=0.10, ║∇J║=1.6e-04
Iteration 1191/2000-----
currents: [100000.0, 99999.99999856454, 99999.9999987268, 99999.99999883017]
J=2.1e-05, ⟨Jf⟩=2.0e-05, ⟨B·n⟩=1.0e-03, Len=sum([4.1, 4.0, 3.8, 3.7])=15.7, ϰ=[3.9, 3.8, 4.0, 3.9], ∫ϰ²/L>=[5.0, 5.0, 5.1, 5.2], C-C-Sep=0.10, ║∇J║=1.5e-04
Iteration 1192/2000-----
currents: [100000.0, 99999.99999856352, 99999.99999872595, 99999.99999882934]
J=2.1e-05, ⟨Jf⟩=2.0e-05, ⟨B·n⟩=1.0e-03, Len=sum([4.1, 4.0, 3.8, 3.7])=15.7, ϰ=[3.9, 3.8, 4.0, 3.9], ∫ϰ²/L>=[5.0, 5.0, 5.1, 5.2], C-C-Sep=0.10, ║∇J║=2.0e-04
Iteration 1193/2000-----
currents: [100000.0, 99999.99999856204, 99999.99999872477, 99999.99999882818]
J=2.1e-05, ⟨Jf⟩=2.0e-05, ⟨B·n⟩=1.0e-03, Len=sum([4.1, 4.0, 3.8, 3.7])=15.7, ϰ=[3.9, 3.8, 4.0, 3.9], ∫ϰ²/L>=[5.0, 5.0, 5.1, 5.2], C-C-Sep=0.10, ║∇J║=1.6e-04
Iteration 1194/2000-----
currents: [100000.0, 99999.99999856022, 99999.99999872338, 99999.99999882677]
J=2.1e-05, ⟨Jf⟩=2.0e-05, ⟨B·n⟩=1.0e-03, Len=sum([4.1, 4.0, 3.8, 3.7])=15.7, ϰ=[4.0, 3.8, 4.0, 3.9], ∫ϰ²/L>=[5.0, 5.0, 5.1, 5.2], C-C-Sep=0.10, ║∇J║=1.7e-04
Iteration 1195/2000-----
currents: [100000.0, 99999.9999985597, 99999.99999872303, 99999.99999882633]
J=2.1e-05, ⟨Jf⟩=2.0e-05, ⟨B·n⟩=1.0e-03, Len=sum([4.1, 4.0, 3.8, 3.7])=15.7, ϰ=[4.0, 3.8, 4.0, 3.9], ∫ϰ²/L>=[5.0, 5.0, 5.1, 5.2], C-C-Sep=0.10, ║∇J║=1.5e-04
Iteration 1196/2000-----
currents: [100000.0, 99999.99999855983, 99999.99999872317, 99999.99999882645]
J=2.1e-05, ⟨Jf⟩=2.0e-05, ⟨B·n⟩=1.0e-03, Len=sum([4.1, 4.0, 3.8, 3.7])=15.7, ϰ=[4.0, 3.8, 4.0, 3.9], ∫ϰ²/L>=[5.0, 5.0, 5.1, 5.2], C-C-Sep=0.10, ║∇J║=8.7e-05
Iteration 1197/2000-----
currents: [100000.0, 99999.99999855962, 99999.99999872305, 99999.99999882624]
J=2.1e-05, ⟨Jf⟩=2.0e-05, ⟨B·n⟩=1.0e-03, Len=sum([4.1, 4.0, 3.8, 3.7])=15.7, ϰ=[4.0, 3.8, 4.0, 3.9], ∫ϰ²/L>=[5.0, 5.0, 5.1, 5.2], C-C-Sep=0.10, ║∇J║=7.2e-05
Iteration 1198/2000-----
currents: [100000.0, 99999.99999855923, 99999.99999872278, 99999.99999882594]
J=2.1e-05, ⟨Jf⟩=2.0e-05, ⟨B·n⟩=1.0e-03, Len=sum([4.1, 4.0, 3.8, 3.7])=15.7, ϰ=[4.0, 3.8, 4.0, 3.9], ∫ϰ²/L>=[5.0, 5.0, 5.1, 5.2], C-C-Sep=0.10, ║∇J║=8.1e-05
Iteration 1199/2000-----
currents: [100000.0, 99999.9999985586, 99999.99999872231, 99999.99999882541]
J=2.1e-05, ⟨Jf⟩=2.0e-05, ⟨B·n⟩=1.0e-03, Len=sum([4.1, 4.0, 3.8, 3.7])=15.7, ϰ=[4.0, 3.8, 4.0, 3.9], ∫ϰ²/L>=[5.0, 5.0, 5.1, 5.2], C-C-Sep=0.10, ║∇J║=8.9e-05
Iteration 1200/2000-----
currents: [100000.0, 99999.99999855798, 99999.9999987218, 99999.99999882487]
J=2.1e-05, ⟨Jf⟩=2.0e-05, ⟨B·n⟩=1.0e-03, Len=sum([4.1, 4.0, 3.8, 3.7])=15.7, ϰ=[4.0, 3.8, 4.0, 3.9], ∫ϰ²/L>=[5.0, 5.0, 5.1, 5.2], C-C-Sep=0.10, ║∇J║=7.8e-05
Iteration 1201/2000-----
currents: [100000.0, 99999.9999985575, 99999.99999872143, 99999.9999988245]
J=2.1e-05, ⟨Jf⟩=2.0e-05, ⟨B·n⟩=1.0e-03, Len=sum([4.1, 4.0, 3.8, 3.7])=15.7, ϰ=[4.0, 3.8, 4.0, 3.9], ∫ϰ²/L>=[5.0, 5.0, 5.1, 5.2], C-C-Sep=0.10, ║∇J║=8.2e-05
Iteration 1202/2000-----
currents: [100000.0, 99999.999998557, 99999.99999872103, 99999.9999988241]
J=2.1e-05, ⟨Jf⟩=2.0e-05, ⟨B·n⟩=1.0e-03, Len=sum([4.1, 4.0, 3.8, 3.7])=15.7, ϰ=[4.0, 3.8, 4.0, 3.9], ∫ϰ²/L>=[5.0, 5.0, 5.1, 5.2], C-C-Sep=0.10, ║∇J║=1.1e-04
Iteration 1203/2000-----
currents: [100000.0, 99999.99999855633, 99999.99999872052, 99999.9999988236]
J=2.1e-05, ⟨Jf⟩=2.0e-05, ⟨B·n⟩=1.0e-03, Len=sum([4.1, 4.0, 3.8, 3.7])=15.7, ϰ=[4.0, 3.8, 4.0, 3.9], ∫ϰ²/L>=[5.0, 5.0, 5.1, 5.2], C-C-Sep=0.10, ║∇J║=1.3e-04
Iteration 1204/2000-----
currents: [100000.0, 99999.99999855588, 99999.99999872022, 99999.99999882327]
J=2.1e-05, ⟨Jf⟩=2.0e-05, ⟨B·n⟩=1.0e-03, Len=sum([4.1, 4.0, 3.8, 3.7])=15.7, ϰ=[4.0, 3.8, 4.0, 3.9], ∫ϰ²/L>=[5.0, 5.0, 5.1, 5.2], C-C-Sep=0.10, ║∇J║=1.4e-04
Iteration 1205/2000-----
currents: [100000.0, 99999.99999855508, 99999.9999987197, 99999.99999882269]
J=2.1e-05, ⟨Jf⟩=2.0e-05, ⟨B·n⟩=1.0e-03, Len=sum([4.1, 4.0, 3.8, 3.7])=15.7, ϰ=[4.0, 3.8, 4.0, 3.9], ∫ϰ²/L>=[5.0, 5.0, 5.1, 5.2], C-C-Sep=0.10, ║∇J║=2.6e-04
Iteration 1206/2000-----
currents: [100000.0, 99999.99999855453, 99999.99999871929, 99999.99999882221]
J=2.1e-05, ⟨Jf⟩=2.0e-05, ⟨B·n⟩=1.0e-03, Len=sum([4.1, 4.0, 3.8, 3.7])=15.7, ϰ=[4.0, 3.8, 4.0, 3.9], ∫ϰ²/L>=[5.0, 5.0, 5.1, 5.2], C-C-Sep=0.10, ║∇J║=1.5e-04
Iteration 1207/2000-----
currents: [100000.0, 99999.99999855427, 99999.99999871911, 99999.99999882201]
J=2.1e-05, ⟨Jf⟩=2.0e-05, ⟨B·n⟩=1.0e-03, Len=sum([4.1, 4.0, 3.8, 3.7])=15.7, ϰ=[4.0, 3.8, 4.0, 3.9], ∫ϰ²/L>=[5.0, 5.0, 5.1, 5.2], C-C-Sep=0.10, ║∇J║=1.2e-04
Iteration 1208/2000-----
currents: [100000.0, 99999.99999855366, 99999.99999871867, 99999.9999988215]
J=2.1e-05, ⟨Jf⟩=2.0e-05, ⟨B·n⟩=1.0e-03, Len=sum([4.1, 4.0, 3.8, 3.7])=15.7, ϰ=[4.0, 3.8, 4.0, 3.9], ∫ϰ²/L>=[5.0, 5.0, 5.1, 5.2], C-C-Sep=0.10, ║∇J║=1.4e-04
Iteration 1209/2000-----
currents: [100000.0, 99999.99999855287, 99999.99999871812, 99999.99999882092]
J=2.1e-05, ⟨Jf⟩=2.0e-05, ⟨B·n⟩=1.0e-03, Len=sum([4.1, 4.0, 3.8, 3.7])=15.7, ϰ=[4.0, 3.8, 4.0, 3.9], ∫ϰ²/L>=[5.0, 5.0, 5.1, 5.2], C-C-Sep=0.10, ║∇J║=1.8e-04
Iteration 1210/2000-----
currents: [100000.0, 99999.99999855242, 99999.99999871779, 99999.99999882052]
J=2.1e-05, ⟨Jf⟩=2.0e-05, ⟨B·n⟩=1.0e-03, Len=sum([4.1, 4.0, 3.8, 3.7])=15.7, ϰ=[4.0, 3.8, 4.0, 3.9], ∫ϰ²/L>=[5.0, 5.0, 5.1, 5.2], C-C-Sep=0.10, ║∇J║=9.8e-05
Iteration 1211/2000-----
currents: [100000.0, 99999.99999855198, 99999.99999871745, 99999.9999988201]
J=2.1e-05, ⟨Jf⟩=2.0e-05, ⟨B·n⟩=1.0e-03, Len=sum([4.1, 4.0, 3.8, 3.7])=15.7, ϰ=[4.0, 3.9, 4.0, 3.9], ∫ϰ²/L>=[5.0, 5.0, 5.1, 5.2], C-C-Sep=0.10, ║∇J║=8.4e-05
Iteration 1212/2000-----
currents: [100000.0, 99999.99999855136, 99999.99999871697, 99999.99999881958]
J=2.1e-05, ⟨Jf⟩=2.0e-05, ⟨B·n⟩=1.0e-03, Len=sum([4.1, 4.0, 3.8, 3.7])=15.7, ϰ=[4.0, 3.9, 4.0, 3.9], ∫ϰ²/L>=[5.0, 5.0, 5.1, 5.2], C-C-Sep=0.10, ║∇J║=8.0e-05
Iteration 1213/2000-----
currents: [100000.0, 99999.99999855085, 99999.99999871658, 99999.99999881911]
J=2.1e-05, ⟨Jf⟩=2.0e-05, ⟨B·n⟩=1.0e-03, Len=sum([4.1, 4.0, 3.8, 3.7])=15.7, ϰ=[4.0, 3.9, 4.0, 3.9], ∫ϰ²/L>=[5.0, 5.0, 5.1, 5.2], C-C-Sep=0.10, ║∇J║=9.5e-05
Iteration 1214/2000-----
currents: [100000.0, 99999.9999985506, 99999.99999871639, 99999.9999988189]
J=2.1e-05, ⟨Jf⟩=2.0e-05, ⟨B·n⟩=1.0e-03, Len=sum([4.1, 4.0, 3.8, 3.7])=15.7, ϰ=[4.0, 3.8, 4.0, 3.9], ∫ϰ²/L>=[5.0, 5.0, 5.1, 5.2], C-C-Sep=0.10, ║∇J║=6.0e-05
Iteration 1215/2000-----
currents: [100000.0, 99999.9999985502, 99999.99999871608, 99999.99999881859]
J=2.1e-05, ⟨Jf⟩=2.0e-05, ⟨B·n⟩=1.0e-03, Len=sum([4.1, 4.0, 3.8, 3.7])=15.7, ϰ=[4.0, 3.8, 4.0, 3.9], ∫ϰ²/L>=[5.0, 5.0, 5.1, 5.2], C-C-Sep=0.10, ║∇J║=6.3e-05
Iteration 1216/2000-----
currents: [100000.0, 99999.9999985502, 99999.9999987161, 99999.9999988186]
J=2.1e-05, ⟨Jf⟩=2.0e-05, ⟨B·n⟩=1.0e-03, Len=sum([4.1, 4.0, 3.8, 3.7])=15.7, ϰ=[4.0, 3.8, 4.0, 3.9], ∫ϰ²/L>=[5.0, 5.0, 5.1, 5.2], C-C-Sep=0.10, ║∇J║=8.0e-05
Iteration 1217/2000-----
currents: [100000.0, 99999.99999854976, 99999.99999871576, 99999.99999881828]
J=2.1e-05, ⟨Jf⟩=2.0e-05, ⟨B·n⟩=1.0e-03, Len=sum([4.1, 4.0, 3.8, 3.7])=15.7, ϰ=[4.0, 3.8, 4.0, 3.9], ∫ϰ²/L>=[5.0, 5.0, 5.1, 5.2], C-C-Sep=0.10, ║∇J║=9.6e-05
Iteration 1218/2000-----
currents: [100000.0, 99999.99999854945, 99999.99999871553, 99999.9999988181]
J=2.1e-05, ⟨Jf⟩=2.0e-05, ⟨B·n⟩=1.0e-03, Len=sum([4.1, 4.0, 3.8, 3.7])=15.7, ϰ=[4.0, 3.8, 4.0, 3.9], ∫ϰ²/L>=[5.0, 5.0, 5.1, 5.2], C-C-Sep=0.10, ║∇J║=8.9e-05
Iteration 1219/2000-----
currents: [100000.0, 99999.99999854939, 99999.99999871549, 99999.99999881808]
J=2.1e-05, ⟨Jf⟩=2.0e-05, ⟨B·n⟩=1.0e-03, Len=sum([4.1, 4.0, 3.8, 3.7])=15.7, ϰ=[4.0, 3.8, 4.0, 3.9], ∫ϰ²/L>=[5.0, 5.0, 5.1, 5.2], C-C-Sep=0.10, ║∇J║=9.7e-05
Iteration 1220/2000-----
currents: [100000.0, 99999.99999854901, 99999.9999987152, 99999.99999881782]
J=2.1e-05, ⟨Jf⟩=2.0e-05, ⟨B·n⟩=1.0e-03, Len=sum([4.1, 4.0, 3.8, 3.7])=15.7, ϰ=[4.0, 3.9, 4.0, 3.9], ∫ϰ²/L>=[5.0, 5.0, 5.1, 5.2], C-C-Sep=0.10, ║∇J║=1.7e-04
Iteration 1221/2000-----
currents: [100000.0, 99999.99999854858, 99999.99999871479, 99999.99999881744]
J=2.1e-05, ⟨Jf⟩=2.0e-05, ⟨B·n⟩=1.0e-03, Len=sum([4.1, 4.0, 3.8, 3.7])=15.7, ϰ=[4.0, 3.9, 4.0, 3.9], ∫ϰ²/L>=[5.0, 5.0, 5.1, 5.2], C-C-Sep=0.10, ║∇J║=1.2e-04
Iteration 1222/2000-----
currents: [100000.0, 99999.99999854797, 99999.99999871424, 99999.99999881681]
J=2.1e-05, ⟨Jf⟩=2.0e-05, ⟨B·n⟩=1.0e-03, Len=sum([4.1, 4.0, 3.8, 3.7])=15.7, ϰ=[4.0, 3.9, 4.0, 3.9], ∫ϰ²/L>=[5.0, 5.0, 5.1, 5.2], C-C-Sep=0.10, ║∇J║=1.2e-04
Iteration 1223/2000-----
currents: [100000.0, 99999.99999854692, 99999.9999987133, 99999.99999881577]
J=2.1e-05, ⟨Jf⟩=2.0e-05, ⟨B·n⟩=1.0e-03, Len=sum([4.1, 4.0, 3.8, 3.7])=15.7, ϰ=[4.0, 3.9, 4.0, 3.9], ∫ϰ²/L>=[5.0, 5.0, 5.1, 5.2], C-C-Sep=0.10, ║∇J║=1.7e-04
Iteration 1224/2000-----
currents: [100000.0, 99999.99999854539, 99999.99999871202, 99999.99999881434]
J=2.1e-05, ⟨Jf⟩=2.0e-05, ⟨B·n⟩=1.0e-03, Len=sum([4.1, 4.0, 3.8, 3.7])=15.7, ϰ=[3.9, 3.9, 4.0, 3.9], ∫ϰ²/L>=[5.0, 5.0, 5.1, 5.2], C-C-Sep=0.10, ║∇J║=1.7e-04
Iteration 1225/2000-----
currents: [100000.0, 99999.99999854519, 99999.99999871188, 99999.9999988141]
J=2.1e-05, ⟨Jf⟩=2.0e-05, ⟨B·n⟩=1.0e-03, Len=sum([4.1, 4.0, 3.8, 3.7])=15.7, ϰ=[3.9, 3.9, 4.0, 3.9], ∫ϰ²/L>=[5.0, 5.0, 5.1, 5.2], C-C-Sep=0.10, ║∇J║=9.7e-05
Iteration 1226/2000-----
currents: [100000.0, 99999.99999854485, 99999.99999871165, 99999.99999881384]
J=2.1e-05, ⟨Jf⟩=2.0e-05, ⟨B·n⟩=1.0e-03, Len=sum([4.1, 4.0, 3.8, 3.7])=15.7, ϰ=[3.9, 3.9, 4.0, 3.9], ∫ϰ²/L>=[5.0, 5.0, 5.1, 5.2], C-C-Sep=0.10, ║∇J║=7.8e-05
Iteration 1227/2000-----
currents: [100000.0, 99999.99999854449, 99999.99999871137, 99999.99999881348]
J=2.1e-05, ⟨Jf⟩=2.0e-05, ⟨B·n⟩=1.0e-03, Len=sum([4.1, 4.0, 3.8, 3.7])=15.7, ϰ=[3.9, 3.9, 4.0, 3.9], ∫ϰ²/L>=[5.0, 5.0, 5.1, 5.2], C-C-Sep=0.10, ║∇J║=8.0e-05
Iteration 1228/2000-----
currents: [100000.0, 99999.99999854421, 99999.99999871115, 99999.99999881325]
J=2.1e-05, ⟨Jf⟩=2.0e-05, ⟨B·n⟩=1.0e-03, Len=sum([4.1, 4.0, 3.8, 3.7])=15.7, ϰ=[3.9, 3.9, 4.0, 3.9], ∫ϰ²/L>=[5.0, 5.0, 5.1, 5.2], C-C-Sep=0.10, ║∇J║=6.1e-05
Iteration 1229/2000-----
currents: [100000.0, 99999.99999854394, 99999.99999871092, 99999.99999881304]
J=2.1e-05, ⟨Jf⟩=2.0e-05, ⟨B·n⟩=1.0e-03, Len=sum([4.1, 4.0, 3.8, 3.7])=15.7, ϰ=[3.9, 3.9, 4.0, 3.9], ∫ϰ²/L>=[5.0, 5.0, 5.1, 5.2], C-C-Sep=0.10, ║∇J║=7.8e-05
Iteration 1230/2000-----
currents: [100000.0, 99999.9999985438, 99999.9999987108, 99999.99999881293]
J=2.1e-05, ⟨Jf⟩=2.0e-05, ⟨B·n⟩=1.0e-03, Len=sum([4.1, 4.0, 3.8, 3.7])=15.7, ϰ=[3.9, 3.9, 4.0, 3.9], ∫ϰ²/L>=[5.0, 5.0, 5.1, 5.2], C-C-Sep=0.10, ║∇J║=5.9e-05
Iteration 1231/2000-----
currents: [100000.0, 99999.9999985435, 99999.99999871057, 99999.99999881271]
J=2.1e-05, ⟨Jf⟩=2.0e-05, ⟨B·n⟩=1.0e-03, Len=sum([4.1, 4.0, 3.8, 3.7])=15.7, ϰ=[3.9, 3.9, 4.0, 3.9], ∫ϰ²/L>=[5.0, 5.0, 5.1, 5.2], C-C-Sep=0.10, ║∇J║=6.1e-05
Iteration 1232/2000-----
currents: [100000.0, 99999.99999854321, 99999.99999871038, 99999.99999881255]
J=2.1e-05, ⟨Jf⟩=2.0e-05, ⟨B·n⟩=1.0e-03, Len=sum([4.1, 4.0, 3.8, 3.7])=15.7, ϰ=[3.9, 3.9, 4.0, 3.9], ∫ϰ²/L>=[5.0, 5.0, 5.1, 5.2], C-C-Sep=0.10, ║∇J║=9.8e-05
Iteration 1233/2000-----
currents: [100000.0, 99999.99999854248, 99999.99999870984, 99999.99999881201]
J=2.1e-05, ⟨Jf⟩=2.0e-05, ⟨B·n⟩=1.0e-03, Len=sum([4.1, 4.0, 3.8, 3.7])=15.7, ϰ=[3.9, 3.9, 4.0, 3.9], ∫ϰ²/L>=[5.0, 5.0, 5.1, 5.2], C-C-Sep=0.10, ║∇J║=1.1e-04
Iteration 1234/2000-----
currents: [100000.0, 99999.99999854225, 99999.99999870973, 99999.99999881191]
J=2.1e-05, ⟨Jf⟩=2.0e-05, ⟨B·n⟩=1.0e-03, Len=sum([4.1, 4.0, 3.8, 3.7])=15.7, ϰ=[3.9, 3.9, 4.0, 3.9], ∫ϰ²/L>=[5.0, 5.0, 5.1, 5.2], C-C-Sep=0.10, ║∇J║=1.0e-04
Iteration 1235/2000-----
currents: [100000.0, 99999.99999854194, 99999.99999870962, 99999.99999881184]
J=2.1e-05, ⟨Jf⟩=2.0e-05, ⟨B·n⟩=1.0e-03, Len=sum([4.1, 4.0, 3.8, 3.7])=15.7, ϰ=[3.9, 3.9, 4.0, 3.9], ∫ϰ²/L>=[5.0, 5.1, 5.1, 5.2], C-C-Sep=0.10, ║∇J║=1.3e-04
Iteration 1236/2000-----
currents: [100000.0, 99999.99999854158, 99999.9999987094, 99999.99999881162]
J=2.1e-05, ⟨Jf⟩=2.0e-05, ⟨B·n⟩=1.0e-03, Len=sum([4.1, 4.0, 3.8, 3.7])=15.7, ϰ=[3.9, 3.9, 4.0, 3.9], ∫ϰ²/L>=[5.0, 5.1, 5.1, 5.2], C-C-Sep=0.10, ║∇J║=1.7e-04
Iteration 1237/2000-----
currents: [100000.0, 99999.9999985415, 99999.99999870935, 99999.99999881157]
J=2.1e-05, ⟨Jf⟩=2.0e-05, ⟨B·n⟩=1.0e-03, Len=sum([4.1, 4.0, 3.8, 3.7])=15.7, ϰ=[3.9, 3.9, 4.0, 3.9], ∫ϰ²/L>=[5.0, 5.1, 5.1, 5.2], C-C-Sep=0.10, ║∇J║=1.1e-04
Iteration 1238/2000-----
currents: [100000.0, 99999.99999854073, 99999.99999870872, 99999.99999881096]
J=2.1e-05, ⟨Jf⟩=2.0e-05, ⟨B·n⟩=1.0e-03, Len=sum([4.1, 4.0, 3.8, 3.7])=15.7, ϰ=[3.9, 3.9, 4.0, 3.9], ∫ϰ²/L>=[5.0, 5.1, 5.1, 5.2], C-C-Sep=0.10, ║∇J║=1.0e-04
Iteration 1239/2000-----
currents: [100000.0, 99999.99999853998, 99999.99999870812, 99999.99999881031]
J=2.1e-05, ⟨Jf⟩=2.0e-05, ⟨B·n⟩=1.0e-03, Len=sum([4.1, 4.0, 3.8, 3.7])=15.7, ϰ=[3.9, 3.9, 4.0, 3.9], ∫ϰ²/L>=[5.0, 5.1, 5.1, 5.2], C-C-Sep=0.10, ║∇J║=1.2e-04
Iteration 1240/2000-----
currents: [100000.0, 99999.99999853803, 99999.9999987066, 99999.99999880868]
J=2.1e-05, ⟨Jf⟩=2.0e-05, ⟨B·n⟩=1.0e-03, Len=sum([4.1, 4.0, 3.8, 3.7])=15.7, ϰ=[3.9, 3.9, 4.0, 3.9], ∫ϰ²/L>=[5.0, 5.1, 5.1, 5.2], C-C-Sep=0.10, ║∇J║=1.2e-04
Iteration 1241/2000-----
currents: [100000.0, 99999.99999853758, 99999.99999870625, 99999.99999880823]
J=2.1e-05, ⟨Jf⟩=2.0e-05, ⟨B·n⟩=1.0e-03, Len=sum([4.1, 4.0, 3.8, 3.7])=15.7, ϰ=[3.9, 3.9, 4.0, 3.9], ∫ϰ²/L>=[5.0, 5.1, 5.1, 5.2], C-C-Sep=0.10, ║∇J║=1.1e-04
Iteration 1242/2000-----
currents: [100000.0, 99999.99999853731, 99999.99999870603, 99999.99999880794]
J=2.1e-05, ⟨Jf⟩=2.0e-05, ⟨B·n⟩=1.0e-03, Len=sum([4.1, 4.0, 3.8, 3.7])=15.7, ϰ=[3.9, 3.9, 4.0, 3.8], ∫ϰ²/L>=[5.0, 5.1, 5.1, 5.2], C-C-Sep=0.10, ║∇J║=8.3e-05
Iteration 1243/2000-----
currents: [100000.0, 99999.99999853742, 99999.99999870612, 99999.999998808]
J=2.1e-05, ⟨Jf⟩=2.0e-05, ⟨B·n⟩=1.0e-03, Len=sum([4.1, 4.0, 3.8, 3.7])=15.7, ϰ=[3.9, 3.9, 4.0, 3.8], ∫ϰ²/L>=[5.0, 5.1, 5.1, 5.2], C-C-Sep=0.10, ║∇J║=7.1e-05
Iteration 1244/2000-----
currents: [100000.0, 99999.99999853736, 99999.99999870604, 99999.99999880786]
J=2.1e-05, ⟨Jf⟩=2.0e-05, ⟨B·n⟩=1.0e-03, Len=sum([4.1, 4.0, 3.8, 3.7])=15.7, ϰ=[3.9, 3.9, 4.0, 3.8], ∫ϰ²/L>=[5.0, 5.1, 5.1, 5.2], C-C-Sep=0.10, ║∇J║=7.1e-05
Iteration 1245/2000-----
currents: [100000.0, 99999.99999853708, 99999.9999987058, 99999.99999880757]
J=2.1e-05, ⟨Jf⟩=2.0e-05, ⟨B·n⟩=1.0e-03, Len=sum([4.1, 4.0, 3.8, 3.7])=15.7, ϰ=[3.9, 3.9, 4.0, 3.8], ∫ϰ²/L>=[5.0, 5.1, 5.1, 5.2], C-C-Sep=0.10, ║∇J║=7.2e-05
Iteration 1246/2000-----
currents: [100000.0, 99999.99999853689, 99999.99999870564, 99999.99999880741]
J=2.1e-05, ⟨Jf⟩=2.0e-05, ⟨B·n⟩=1.0e-03, Len=sum([4.1, 4.0, 3.8, 3.7])=15.7, ϰ=[3.9, 3.9, 4.1, 3.8], ∫ϰ²/L>=[5.0, 5.1, 5.1, 5.2], C-C-Sep=0.10, ║∇J║=7.6e-05
Iteration 1247/2000-----
currents: [100000.0, 99999.99999853647, 99999.99999870527, 99999.99999880706]
J=2.1e-05, ⟨Jf⟩=2.0e-05, ⟨B·n⟩=1.0e-03, Len=sum([4.1, 4.0, 3.8, 3.7])=15.7, ϰ=[3.9, 3.9, 4.1, 3.8], ∫ϰ²/L>=[5.0, 5.1, 5.1, 5.2], C-C-Sep=0.10, ║∇J║=7.8e-05
Iteration 1248/2000-----
currents: [100000.0, 99999.99999853606, 99999.99999870491, 99999.99999880671]
J=2.1e-05, ⟨Jf⟩=2.0e-05, ⟨B·n⟩=1.0e-03, Len=sum([4.1, 4.0, 3.8, 3.7])=15.7, ϰ=[3.9, 3.9, 4.1, 3.8], ∫ϰ²/L>=[5.0, 5.1, 5.1, 5.2], C-C-Sep=0.10, ║∇J║=8.3e-05
Iteration 1249/2000-----
currents: [100000.0, 99999.9999985357, 99999.9999987046, 99999.99999880642]
J=2.1e-05, ⟨Jf⟩=2.0e-05, ⟨B·n⟩=1.0e-03, Len=sum([4.1, 4.0, 3.8, 3.7])=15.7, ϰ=[3.9, 3.9, 4.1, 3.8], ∫ϰ²/L>=[5.0, 5.1, 5.1, 5.2], C-C-Sep=0.10, ║∇J║=6.5e-05
Iteration 1250/2000-----
currents: [100000.0, 99999.99999853541, 99999.99999870436, 99999.99999880616]
J=2.1e-05, ⟨Jf⟩=2.0e-05, ⟨B·n⟩=1.0e-03, Len=sum([4.1, 4.0, 3.8, 3.7])=15.7, ϰ=[3.9, 3.9, 4.1, 3.8], ∫ϰ²/L>=[5.0, 5.1, 5.1, 5.2], C-C-Sep=0.10, ║∇J║=6.7e-05
Iteration 1251/2000-----
currents: [100000.0, 99999.99999853506, 99999.99999870405, 99999.9999988058]
J=2.1e-05, ⟨Jf⟩=2.0e-05, ⟨B·n⟩=1.0e-03, Len=sum([4.1, 4.0, 3.8, 3.7])=15.7, ϰ=[3.9, 3.9, 4.1, 3.8], ∫ϰ²/L>=[5.0, 5.1, 5.1, 5.2], C-C-Sep=0.10, ║∇J║=1.1e-04
Iteration 1252/2000-----
currents: [100000.0, 99999.99999853467, 99999.9999987037, 99999.99999880538]
J=2.1e-05, ⟨Jf⟩=2.0e-05, ⟨B·n⟩=1.0e-03, Len=sum([4.1, 4.0, 3.8, 3.7])=15.7, ϰ=[3.9, 3.8, 4.1, 3.8], ∫ϰ²/L>=[5.0, 5.1, 5.1, 5.2], C-C-Sep=0.10, ║∇J║=8.4e-05
Iteration 1253/2000-----
currents: [100000.0, 99999.99999853405, 99999.99999870318, 99999.99999880472]
J=2.1e-05, ⟨Jf⟩=2.0e-05, ⟨B·n⟩=1.0e-03, Len=sum([4.1, 4.0, 3.8, 3.7])=15.7, ϰ=[3.9, 3.8, 4.1, 3.8], ∫ϰ²/L>=[5.0, 5.1, 5.1, 5.2], C-C-Sep=0.10, ║∇J║=8.2e-05
Iteration 1254/2000-----
currents: [100000.0, 99999.99999853327, 99999.9999987025, 99999.9999988039]
J=2.1e-05, ⟨Jf⟩=2.0e-05, ⟨B·n⟩=1.0e-03, Len=sum([4.1, 4.0, 3.8, 3.7])=15.7, ϰ=[3.9, 3.8, 4.1, 3.8], ∫ϰ²/L>=[5.0, 5.1, 5.1, 5.2], C-C-Sep=0.10, ║∇J║=1.2e-04
Iteration 1255/2000-----
currents: [100000.0, 99999.99999853261, 99999.99999870193, 99999.9999988032]
J=2.1e-05, ⟨Jf⟩=2.0e-05, ⟨B·n⟩=1.0e-03, Len=sum([4.1, 4.0, 3.8, 3.7])=15.7, ϰ=[3.9, 3.8, 4.1, 3.8], ∫ϰ²/L>=[5.0, 5.1, 5.1, 5.2], C-C-Sep=0.10, ║∇J║=1.1e-04
Iteration 1256/2000-----
currents: [100000.0, 99999.99999853212, 99999.99999870155, 99999.99999880283]
J=2.1e-05, ⟨Jf⟩=2.0e-05, ⟨B·n⟩=1.0e-03, Len=sum([4.1, 4.0, 3.8, 3.7])=15.7, ϰ=[3.9, 3.8, 4.1, 3.9], ∫ϰ²/L>=[5.0, 5.1, 5.1, 5.2], C-C-Sep=0.10, ║∇J║=8.8e-05
Iteration 1257/2000-----
currents: [100000.0, 99999.99999853173, 99999.99999870124, 99999.99999880257]
J=2.1e-05, ⟨Jf⟩=2.0e-05, ⟨B·n⟩=1.0e-03, Len=sum([4.1, 4.0, 3.8, 3.7])=15.7, ϰ=[3.9, 3.8, 4.1, 3.9], ∫ϰ²/L>=[5.0, 5.1, 5.1, 5.2], C-C-Sep=0.10, ║∇J║=1.0e-04
Iteration 1258/2000-----
currents: [100000.0, 99999.9999985314, 99999.99999870098, 99999.99999880233]
J=2.1e-05, ⟨Jf⟩=2.0e-05, ⟨B·n⟩=1.0e-03, Len=sum([4.1, 4.0, 3.8, 3.7])=15.7, ϰ=[3.9, 3.8, 4.1, 3.9], ∫ϰ²/L>=[5.0, 5.1, 5.1, 5.2], C-C-Sep=0.10, ║∇J║=1.6e-04
Iteration 1259/2000-----
currents: [100000.0, 99999.99999853142, 99999.99999870102, 99999.9999988024]
J=2.1e-05, ⟨Jf⟩=2.0e-05, ⟨B·n⟩=1.0e-03, Len=sum([4.1, 4.0, 3.8, 3.7])=15.7, ϰ=[3.9, 3.8, 4.1, 3.9], ∫ϰ²/L>=[5.0, 5.1, 5.1, 5.2], C-C-Sep=0.10, ║∇J║=7.5e-05
Iteration 1260/2000-----
currents: [100000.0, 99999.99999853138, 99999.999998701, 99999.9999988024]
J=2.1e-05, ⟨Jf⟩=2.0e-05, ⟨B·n⟩=1.0e-03, Len=sum([4.1, 4.0, 3.8, 3.7])=15.7, ϰ=[3.9, 3.8, 4.1, 3.9], ∫ϰ²/L>=[5.0, 5.1, 5.1, 5.2], C-C-Sep=0.10, ║∇J║=5.9e-05
Iteration 1261/2000-----
currents: [100000.0, 99999.99999853117, 99999.99999870083, 99999.99999880226]
J=2.1e-05, ⟨Jf⟩=2.0e-05, ⟨B·n⟩=1.0e-03, Len=sum([4.1, 4.0, 3.8, 3.7])=15.7, ϰ=[3.9, 3.8, 4.1, 3.9], ∫ϰ²/L>=[5.0, 5.1, 5.1, 5.2], C-C-Sep=0.10, ║∇J║=5.8e-05
Iteration 1262/2000-----
currents: [100000.0, 99999.99999853065, 99999.9999987004, 99999.99999880182]
J=2.1e-05, ⟨Jf⟩=2.0e-05, ⟨B·n⟩=1.0e-03, Len=sum([4.1, 4.0, 3.8, 3.7])=15.7, ϰ=[3.9, 3.8, 4.1, 3.9], ∫ϰ²/L>=[5.0, 5.1, 5.1, 5.2], C-C-Sep=0.10, ║∇J║=8.5e-05
Iteration 1263/2000-----
currents: [100000.0, 99999.99999853042, 99999.99999870021, 99999.99999880159]
J=2.1e-05, ⟨Jf⟩=2.0e-05, ⟨B·n⟩=1.0e-03, Len=sum([4.1, 4.0, 3.8, 3.7])=15.7, ϰ=[3.9, 3.8, 4.1, 3.9], ∫ϰ²/L>=[5.0, 5.1, 5.1, 5.2], C-C-Sep=0.10, ║∇J║=6.7e-05
Iteration 1264/2000-----
currents: [100000.0, 99999.99999853024, 99999.99999870006, 99999.99999880142]
J=2.1e-05, ⟨Jf⟩=2.0e-05, ⟨B·n⟩=1.0e-03, Len=sum([4.1, 4.0, 3.8, 3.7])=15.7, ϰ=[3.9, 3.8, 4.1, 3.9], ∫ϰ²/L>=[5.0, 5.1, 5.1, 5.2], C-C-Sep=0.10, ║∇J║=5.8e-05
Iteration 1265/2000-----
currents: [100000.0, 99999.99999852995, 99999.99999869982, 99999.9999988011]
J=2.1e-05, ⟨Jf⟩=2.0e-05, ⟨B·n⟩=1.0e-03, Len=sum([4.1, 4.0, 3.8, 3.7])=15.7, ϰ=[3.9, 3.8, 4.1, 3.9], ∫ϰ²/L>=[5.0, 5.1, 5.1, 5.2], C-C-Sep=0.10, ║∇J║=6.3e-05
Iteration 1266/2000-----
currents: [100000.0, 99999.99999852986, 99999.99999869974, 99999.999998801]
J=2.1e-05, ⟨Jf⟩=2.0e-05, ⟨B·n⟩=1.0e-03, Len=sum([4.1, 4.0, 3.8, 3.7])=15.7, ϰ=[3.9, 3.8, 4.1, 3.9], ∫ϰ²/L>=[5.0, 5.1, 5.1, 5.2], C-C-Sep=0.10, ║∇J║=1.0e-04
Iteration 1267/2000-----
currents: [100000.0, 99999.9999985296, 99999.99999869954, 99999.99999880075]
J=2.1e-05, ⟨Jf⟩=2.0e-05, ⟨B·n⟩=1.0e-03, Len=sum([4.1, 4.0, 3.8, 3.7])=15.7, ϰ=[3.9, 3.8, 4.1, 3.9], ∫ϰ²/L>=[5.0, 5.1, 5.1, 5.2], C-C-Sep=0.10, ║∇J║=8.7e-05
Iteration 1268/2000-----
currents: [100000.0, 99999.999998529, 99999.99999869907, 99999.99999880021]
J=2.1e-05, ⟨Jf⟩=2.0e-05, ⟨B·n⟩=1.0e-03, Len=sum([4.1, 4.0, 3.8, 3.7])=15.7, ϰ=[3.9, 3.8, 4.1, 3.9], ∫ϰ²/L>=[5.0, 5.1, 5.1, 5.2], C-C-Sep=0.10, ║∇J║=1.6e-04
Iteration 1269/2000-----
currents: [100000.0, 99999.99999852858, 99999.99999869874, 99999.99999879986]
J=2.1e-05, ⟨Jf⟩=2.0e-05, ⟨B·n⟩=1.0e-03, Len=sum([4.1, 4.0, 3.8, 3.7])=15.7, ϰ=[3.9, 3.8, 4.1, 3.9], ∫ϰ²/L>=[5.0, 5.1, 5.1, 5.2], C-C-Sep=0.10, ║∇J║=1.2e-04
Iteration 1270/2000-----
currents: [100000.0, 99999.99999852813, 99999.99999869837, 99999.99999879948]
J=2.1e-05, ⟨Jf⟩=2.0e-05, ⟨B·n⟩=1.0e-03, Len=sum([4.1, 4.0, 3.8, 3.7])=15.7, ϰ=[3.9, 3.8, 4.1, 3.9], ∫ϰ²/L>=[5.0, 5.1, 5.1, 5.2], C-C-Sep=0.10, ║∇J║=1.1e-04
Iteration 1271/2000-----
currents: [100000.0, 99999.99999852684, 99999.99999869731, 99999.9999987983]
J=2.1e-05, ⟨Jf⟩=2.0e-05, ⟨B·n⟩=1.0e-03, Len=sum([4.1, 4.0, 3.8, 3.7])=15.7, ϰ=[3.9, 3.8, 4.1, 3.9], ∫ϰ²/L>=[5.0, 5.1, 5.1, 5.2], C-C-Sep=0.10, ║∇J║=1.4e-04
Iteration 1272/2000-----
currents: [100000.0, 99999.99999852544, 99999.99999869616, 99999.99999879704]
J=2.1e-05, ⟨Jf⟩=2.0e-05, ⟨B·n⟩=1.0e-03, Len=sum([4.1, 4.0, 3.8, 3.7])=15.7, ϰ=[3.9, 3.8, 4.1, 3.9], ∫ϰ²/L>=[5.0, 5.1, 5.1, 5.2], C-C-Sep=0.10, ║∇J║=3.0e-04
Iteration 1273/2000-----
currents: [100000.0, 99999.99999852617, 99999.99999869676, 99999.99999879769]
J=2.1e-05, ⟨Jf⟩=2.0e-05, ⟨B·n⟩=1.0e-03, Len=sum([4.1, 4.0, 3.8, 3.7])=15.7, ϰ=[3.9, 3.8, 4.1, 3.9], ∫ϰ²/L>=[5.0, 5.1, 5.1, 5.2], C-C-Sep=0.10, ║∇J║=1.3e-04
Iteration 1274/2000-----
currents: [100000.0, 99999.99999852575, 99999.99999869641, 99999.9999987973]
J=2.1e-05, ⟨Jf⟩=2.0e-05, ⟨B·n⟩=1.0e-03, Len=sum([4.1, 4.0, 3.8, 3.7])=15.7, ϰ=[3.9, 3.8, 4.1, 3.9], ∫ϰ²/L>=[5.0, 5.1, 5.1, 5.2], C-C-Sep=0.10, ║∇J║=8.6e-05
Iteration 1275/2000-----
currents: [100000.0, 99999.99999852524, 99999.99999869597, 99999.99999879677]
J=2.1e-05, ⟨Jf⟩=2.0e-05, ⟨B·n⟩=1.0e-03, Len=sum([4.1, 4.0, 3.8, 3.7])=15.7, ϰ=[3.9, 3.8, 4.1, 3.9], ∫ϰ²/L>=[5.0, 5.1, 5.1, 5.2], C-C-Sep=0.10, ║∇J║=7.2e-05
Iteration 1276/2000-----
currents: [100000.0, 99999.99999852468, 99999.99999869554, 99999.99999879632]
J=2.1e-05, ⟨Jf⟩=2.0e-05, ⟨B·n⟩=1.0e-03, Len=sum([4.1, 4.0, 3.8, 3.7])=15.7, ϰ=[3.9, 3.8, 4.1, 3.9], ∫ϰ²/L>=[5.0, 5.1, 5.1, 5.2], C-C-Sep=0.10, ║∇J║=1.1e-04
Iteration 1277/2000-----
currents: [100000.0, 99999.9999985243, 99999.99999869523, 99999.99999879603]
J=2.1e-05, ⟨Jf⟩=2.0e-05, ⟨B·n⟩=1.0e-03, Len=sum([4.1, 4.0, 3.8, 3.7])=15.7, ϰ=[3.9, 3.8, 4.1, 3.9], ∫ϰ²/L>=[5.0, 5.1, 5.1, 5.2], C-C-Sep=0.10, ║∇J║=6.1e-05
Iteration 1278/2000-----
currents: [100000.0, 99999.9999985242, 99999.99999869516, 99999.99999879597]
J=2.1e-05, ⟨Jf⟩=2.0e-05, ⟨B·n⟩=1.0e-03, Len=sum([4.1, 4.0, 3.8, 3.7])=15.7, ϰ=[3.9, 3.8, 4.1, 3.9], ∫ϰ²/L>=[5.0, 5.1, 5.1, 5.2], C-C-Sep=0.10, ║∇J║=4.7e-05
Iteration 1279/2000-----
currents: [100000.0, 99999.99999852407, 99999.99999869507, 99999.9999987959]
J=2.1e-05, ⟨Jf⟩=2.0e-05, ⟨B·n⟩=1.0e-03, Len=sum([4.1, 4.0, 3.8, 3.7])=15.7, ϰ=[3.9, 3.8, 4.1, 3.9], ∫ϰ²/L>=[5.0, 5.1, 5.1, 5.2], C-C-Sep=0.10, ║∇J║=5.0e-05
Iteration 1280/2000-----
currents: [100000.0, 99999.99999852396, 99999.99999869498, 99999.99999879583]
J=2.1e-05, ⟨Jf⟩=2.0e-05, ⟨B·n⟩=1.0e-03, Len=sum([4.1, 4.0, 3.8, 3.7])=15.7, ϰ=[3.9, 3.8, 4.1, 3.9], ∫ϰ²/L>=[5.0, 5.1, 5.1, 5.2], C-C-Sep=0.10, ║∇J║=4.4e-05
Iteration 1281/2000-----
currents: [100000.0, 99999.99999852388, 99999.99999869491, 99999.99999879574]
J=2.1e-05, ⟨Jf⟩=2.0e-05, ⟨B·n⟩=1.0e-03, Len=sum([4.1, 4.0, 3.8, 3.7])=15.7, ϰ=[3.9, 3.8, 4.1, 3.9], ∫ϰ²/L>=[5.0, 5.1, 5.1, 5.2], C-C-Sep=0.10, ║∇J║=4.6e-05
Iteration 1282/2000-----
currents: [100000.0, 99999.99999852365, 99999.99999869471, 99999.99999879552]
J=2.1e-05, ⟨Jf⟩=2.0e-05, ⟨B·n⟩=1.0e-03, Len=sum([4.1, 4.0, 3.8, 3.7])=15.7, ϰ=[3.9, 3.8, 4.1, 3.9], ∫ϰ²/L>=[5.0, 5.1, 5.1, 5.2], C-C-Sep=0.10, ║∇J║=6.6e-05
Iteration 1283/2000-----
currents: [100000.0, 99999.99999852324, 99999.99999869436, 99999.99999879516]
J=2.1e-05, ⟨Jf⟩=2.0e-05, ⟨B·n⟩=1.0e-03, Len=sum([4.1, 4.0, 3.8, 3.7])=15.7, ϰ=[3.9, 3.8, 4.1, 3.9], ∫ϰ²/L>=[5.0, 5.1, 5.1, 5.2], C-C-Sep=0.10, ║∇J║=6.0e-05
Iteration 1284/2000-----
currents: [100000.0, 99999.99999852266, 99999.99999869386, 99999.99999879462]
J=2.1e-05, ⟨Jf⟩=2.0e-05, ⟨B·n⟩=1.0e-03, Len=sum([4.1, 4.0, 3.8, 3.7])=15.7, ϰ=[3.9, 3.8, 4.1, 3.9], ∫ϰ²/L>=[5.0, 5.1, 5.1, 5.2], C-C-Sep=0.10, ║∇J║=6.5e-05
Iteration 1285/2000-----
currents: [100000.0, 99999.99999852164, 99999.99999869302, 99999.99999879378]
J=2.1e-05, ⟨Jf⟩=2.0e-05, ⟨B·n⟩=1.0e-03, Len=sum([4.1, 4.0, 3.8, 3.7])=15.7, ϰ=[3.9, 3.8, 4.1, 3.9], ∫ϰ²/L>=[5.0, 5.1, 5.1, 5.2], C-C-Sep=0.10, ║∇J║=9.8e-05
Iteration 1286/2000-----
currents: [100000.0, 99999.99999851991, 99999.9999986916, 99999.99999879235]
J=2.1e-05, ⟨Jf⟩=2.0e-05, ⟨B·n⟩=1.0e-03, Len=sum([4.1, 4.0, 3.8, 3.7])=15.7, ϰ=[3.9, 3.8, 4.1, 3.9], ∫ϰ²/L>=[5.0, 5.1, 5.1, 5.2], C-C-Sep=0.10, ║∇J║=1.1e-04
Iteration 1287/2000-----
currents: [100000.0, 99999.99999851818, 99999.9999986902, 99999.99999879101]
J=2.1e-05, ⟨Jf⟩=2.0e-05, ⟨B·n⟩=1.0e-03, Len=sum([4.1, 4.0, 3.8, 3.7])=15.7, ϰ=[3.9, 3.8, 4.1, 3.9], ∫ϰ²/L>=[5.0, 5.1, 5.1, 5.2], C-C-Sep=0.10, ║∇J║=1.5e-04
Iteration 1288/2000-----
currents: [100000.0, 99999.99999851709, 99999.9999986893, 99999.99999879021]
J=2.1e-05, ⟨Jf⟩=2.0e-05, ⟨B·n⟩=1.0e-03, Len=sum([4.1, 4.0, 3.8, 3.7])=15.7, ϰ=[3.9, 3.8, 4.0, 3.9], ∫ϰ²/L>=[5.0, 5.1, 5.1, 5.2], C-C-Sep=0.10, ║∇J║=1.2e-04
Iteration 1289/2000-----
currents: [100000.0, 99999.99999851639, 99999.99999868876, 99999.99999878982]
J=2.1e-05, ⟨Jf⟩=2.0e-05, ⟨B·n⟩=1.0e-03, Len=sum([4.1, 4.0, 3.8, 3.7])=15.7, ϰ=[3.9, 3.8, 4.0, 3.9], ∫ϰ²/L>=[5.0, 5.1, 5.1, 5.2], C-C-Sep=0.10, ║∇J║=1.2e-04
Iteration 1290/2000-----
currents: [100000.0, 99999.999998516, 99999.99999868845, 99999.99999878959]
J=2.1e-05, ⟨Jf⟩=2.0e-05, ⟨B·n⟩=1.0e-03, Len=sum([4.1, 4.0, 3.8, 3.7])=15.7, ϰ=[3.9, 3.8, 4.0, 3.9], ∫ϰ²/L>=[5.0, 5.1, 5.1, 5.2], C-C-Sep=0.10, ║∇J║=1.0e-04
Iteration 1291/2000-----
currents: [100000.0, 99999.99999851604, 99999.99999868848, 99999.99999878963]
J=2.1e-05, ⟨Jf⟩=2.0e-05, ⟨B·n⟩=1.0e-03, Len=sum([4.1, 4.0, 3.8, 3.7])=15.7, ϰ=[3.9, 3.8, 4.0, 3.9], ∫ϰ²/L>=[5.0, 5.0, 5.1, 5.2], C-C-Sep=0.10, ║∇J║=6.5e-05
Iteration 1292/2000-----
currents: [100000.0, 99999.99999851534, 99999.99999868793, 99999.99999878912]
J=2.1e-05, ⟨Jf⟩=2.0e-05, ⟨B·n⟩=1.0e-03, Len=sum([4.1, 4.0, 3.8, 3.7])=15.7, ϰ=[3.9, 3.8, 4.0, 3.9], ∫ϰ²/L>=[5.0, 5.0, 5.1, 5.2], C-C-Sep=0.10, ║∇J║=5.4e-05
Iteration 1293/2000-----
currents: [100000.0, 99999.99999851498, 99999.99999868764, 99999.99999878887]
J=2.1e-05, ⟨Jf⟩=2.0e-05, ⟨B·n⟩=1.0e-03, Len=sum([4.1, 4.0, 3.8, 3.7])=15.7, ϰ=[3.9, 3.8, 4.0, 3.9], ∫ϰ²/L>=[5.0, 5.0, 5.1, 5.2], C-C-Sep=0.10, ║∇J║=9.1e-05
Iteration 1294/2000-----
currents: [100000.0, 99999.99999851447, 99999.99999868723, 99999.99999878851]
J=2.1e-05, ⟨Jf⟩=2.0e-05, ⟨B·n⟩=1.0e-03, Len=sum([4.1, 4.0, 3.8, 3.7])=15.7, ϰ=[3.9, 3.8, 4.0, 3.9], ∫ϰ²/L>=[5.0, 5.0, 5.1, 5.2], C-C-Sep=0.10, ║∇J║=5.3e-05
Iteration 1295/2000-----
currents: [100000.0, 99999.99999851419, 99999.99999868702, 99999.99999878836]
J=2.1e-05, ⟨Jf⟩=2.0e-05, ⟨B·n⟩=1.0e-03, Len=sum([4.1, 4.0, 3.8, 3.7])=15.7, ϰ=[3.9, 3.8, 4.0, 3.9], ∫ϰ²/L>=[5.0, 5.0, 5.1, 5.2], C-C-Sep=0.10, ║∇J║=3.8e-05
Iteration 1296/2000-----
currents: [100000.0, 99999.99999851432, 99999.99999868711, 99999.99999878851]
J=2.1e-05, ⟨Jf⟩=2.0e-05, ⟨B·n⟩=1.0e-03, Len=sum([4.1, 4.0, 3.8, 3.7])=15.7, ϰ=[3.9, 3.8, 4.0, 3.9], ∫ϰ²/L>=[5.0, 5.0, 5.1, 5.2], C-C-Sep=0.10, ║∇J║=5.3e-05
Iteration 1297/2000-----
currents: [100000.0, 99999.9999985144, 99999.99999868717, 99999.99999878863]
J=2.1e-05, ⟨Jf⟩=2.0e-05, ⟨B·n⟩=1.0e-03, Len=sum([4.1, 4.0, 3.8, 3.7])=15.7, ϰ=[3.9, 3.8, 4.0, 3.9], ∫ϰ²/L>=[5.0, 5.0, 5.1, 5.2], C-C-Sep=0.10, ║∇J║=4.0e-05
Iteration 1298/2000-----
currents: [100000.0, 99999.99999851453, 99999.99999868727, 99999.99999878879]
J=2.1e-05, ⟨Jf⟩=2.0e-05, ⟨B·n⟩=1.0e-03, Len=sum([4.1, 4.0, 3.8, 3.7])=15.7, ϰ=[3.9, 3.8, 4.0, 3.9], ∫ϰ²/L>=[5.0, 5.0, 5.1, 5.2], C-C-Sep=0.10, ║∇J║=3.8e-05
Iteration 1299/2000-----
currents: [100000.0, 99999.99999851458, 99999.9999986873, 99999.99999878889]
J=2.1e-05, ⟨Jf⟩=2.0e-05, ⟨B·n⟩=1.0e-03, Len=sum([4.1, 4.0, 3.8, 3.7])=15.7, ϰ=[3.9, 3.8, 4.0, 3.9], ∫ϰ²/L>=[5.0, 5.0, 5.1, 5.2], C-C-Sep=0.10, ║∇J║=5.9e-05
Iteration 1300/2000-----
currents: [100000.0, 99999.99999851447, 99999.9999986872, 99999.99999878884]
J=2.1e-05, ⟨Jf⟩=2.0e-05, ⟨B·n⟩=1.0e-03, Len=sum([4.1, 4.0, 3.8, 3.7])=15.7, ϰ=[3.9, 3.8, 4.0, 3.9], ∫ϰ²/L>=[5.0, 5.0, 5.1, 5.2], C-C-Sep=0.10, ║∇J║=5.6e-05
Iteration 1301/2000-----
currents: [100000.0, 99999.99999851413, 99999.99999868692, 99999.99999878861]
J=2.1e-05, ⟨Jf⟩=2.0e-05, ⟨B·n⟩=1.0e-03, Len=sum([4.1, 4.0, 3.8, 3.7])=15.7, ϰ=[3.9, 3.8, 4.0, 3.9], ∫ϰ²/L>=[5.0, 5.0, 5.1, 5.2], C-C-Sep=0.10, ║∇J║=6.0e-05
Iteration 1302/2000-----
currents: [100000.0, 99999.99999851326, 99999.99999868622, 99999.99999878796]
J=2.1e-05, ⟨Jf⟩=2.0e-05, ⟨B·n⟩=1.0e-03, Len=sum([4.1, 4.0, 3.8, 3.7])=15.7, ϰ=[3.9, 3.8, 4.0, 3.9], ∫ϰ²/L>=[5.0, 5.0, 5.1, 5.2], C-C-Sep=0.10, ║∇J║=9.8e-05
Iteration 1303/2000-----
currents: [100000.0, 99999.99999851218, 99999.99999868537, 99999.99999878714]
J=2.1e-05, ⟨Jf⟩=2.0e-05, ⟨B·n⟩=1.0e-03, Len=sum([4.1, 4.0, 3.8, 3.7])=15.7, ϰ=[3.9, 3.8, 4.0, 3.9], ∫ϰ²/L>=[5.0, 5.0, 5.1, 5.2], C-C-Sep=0.10, ║∇J║=1.1e-04
Iteration 1304/2000-----
currents: [100000.0, 99999.99999851138, 99999.99999868473, 99999.99999878653]
J=2.1e-05, ⟨Jf⟩=2.0e-05, ⟨B·n⟩=1.0e-03, Len=sum([4.1, 4.0, 3.8, 3.7])=15.7, ϰ=[3.9, 3.8, 4.0, 3.9], ∫ϰ²/L>=[5.0, 5.0, 5.1, 5.2], C-C-Sep=0.10, ║∇J║=9.2e-05
Iteration 1305/2000-----
currents: [100000.0, 99999.99999850933, 99999.99999868312, 99999.99999878502]
J=2.1e-05, ⟨Jf⟩=2.0e-05, ⟨B·n⟩=1.0e-03, Len=sum([4.1, 4.0, 3.8, 3.7])=15.7, ϰ=[3.9, 3.8, 4.0, 3.9], ∫ϰ²/L>=[5.0, 5.0, 5.1, 5.2], C-C-Sep=0.10, ║∇J║=1.3e-04
Iteration 1306/2000-----
currents: [100000.0, 99999.99999850811, 99999.99999868212, 99999.9999987841]
J=2.1e-05, ⟨Jf⟩=2.0e-05, ⟨B·n⟩=1.0e-03, Len=sum([4.1, 4.0, 3.8, 3.7])=15.7, ϰ=[3.9, 3.8, 4.0, 3.9], ∫ϰ²/L>=[5.0, 5.0, 5.1, 5.2], C-C-Sep=0.10, ║∇J║=1.7e-04
Iteration 1307/2000-----
currents: [100000.0, 99999.99999850806, 99999.99999868208, 99999.9999987841]
J=2.1e-05, ⟨Jf⟩=2.0e-05, ⟨B·n⟩=1.0e-03, Len=sum([4.1, 4.0, 3.8, 3.7])=15.7, ϰ=[3.9, 3.8, 4.0, 3.9], ∫ϰ²/L>=[5.0, 5.0, 5.1, 5.2], C-C-Sep=0.10, ║∇J║=8.1e-05
Iteration 1308/2000-----
currents: [100000.0, 99999.99999850753, 99999.99999868164, 99999.99999878374]
J=2.1e-05, ⟨Jf⟩=2.0e-05, ⟨B·n⟩=1.0e-03, Len=sum([4.1, 4.0, 3.8, 3.7])=15.7, ϰ=[3.9, 3.8, 4.0, 3.9], ∫ϰ²/L>=[5.0, 5.0, 5.1, 5.2], C-C-Sep=0.10, ║∇J║=5.9e-05
Iteration 1309/2000-----
currents: [100000.0, 99999.99999850655, 99999.99999868084, 99999.99999878302]
J=2.1e-05, ⟨Jf⟩=2.0e-05, ⟨B·n⟩=1.0e-03, Len=sum([4.1, 4.0, 3.8, 3.7])=15.7, ϰ=[3.9, 3.8, 4.0, 3.9], ∫ϰ²/L>=[5.0, 5.0, 5.1, 5.2], C-C-Sep=0.10, ║∇J║=5.5e-05
Iteration 1310/2000-----
currents: [100000.0, 99999.99999850585, 99999.99999868026, 99999.9999987825]
J=2.1e-05, ⟨Jf⟩=2.0e-05, ⟨B·n⟩=1.0e-03, Len=sum([4.1, 4.0, 3.8, 3.7])=15.7, ϰ=[3.9, 3.8, 4.0, 3.9], ∫ϰ²/L>=[5.0, 5.0, 5.1, 5.2], C-C-Sep=0.10, ║∇J║=1.0e-04
Iteration 1311/2000-----
currents: [100000.0, 99999.99999850549, 99999.99999867994, 99999.9999987822]
J=2.1e-05, ⟨Jf⟩=2.0e-05, ⟨B·n⟩=1.0e-03, Len=sum([4.1, 4.0, 3.8, 3.7])=15.7, ϰ=[3.9, 3.8, 4.0, 3.9], ∫ϰ²/L>=[5.0, 5.1, 5.1, 5.2], C-C-Sep=0.10, ║∇J║=4.0e-05
Iteration 1312/2000-----
currents: [100000.0, 99999.99999850547, 99999.9999986799, 99999.99999878215]
J=2.1e-05, ⟨Jf⟩=2.0e-05, ⟨B·n⟩=1.0e-03, Len=sum([4.1, 4.0, 3.8, 3.7])=15.7, ϰ=[3.9, 3.8, 4.0, 3.9], ∫ϰ²/L>=[5.0, 5.1, 5.1, 5.2], C-C-Sep=0.10, ║∇J║=3.0e-05
Iteration 1313/2000-----
currents: [100000.0, 99999.99999850547, 99999.99999867986, 99999.99999878212]
J=2.1e-05, ⟨Jf⟩=2.0e-05, ⟨B·n⟩=1.0e-03, Len=sum([4.1, 4.0, 3.8, 3.7])=15.7, ϰ=[3.9, 3.8, 4.0, 3.9], ∫ϰ²/L>=[5.0, 5.1, 5.1, 5.2], C-C-Sep=0.10, ║∇J║=3.6e-05
Iteration 1314/2000-----
currents: [100000.0, 99999.99999850518, 99999.99999867959, 99999.99999878186]
J=2.1e-05, ⟨Jf⟩=2.0e-05, ⟨B·n⟩=1.0e-03, Len=sum([4.1, 4.0, 3.8, 3.7])=15.7, ϰ=[3.9, 3.8, 4.0, 3.9], ∫ϰ²/L>=[5.0, 5.1, 5.1, 5.2], C-C-Sep=0.10, ║∇J║=7.8e-05
Iteration 1315/2000-----
currents: [100000.0, 99999.99999850526, 99999.99999867965, 99999.99999878192]
J=2.1e-05, ⟨Jf⟩=2.0e-05, ⟨B·n⟩=1.0e-03, Len=sum([4.1, 4.0, 3.8, 3.7])=15.7, ϰ=[3.9, 3.8, 4.0, 3.9], ∫ϰ²/L>=[5.0, 5.1, 5.1, 5.2], C-C-Sep=0.10, ║∇J║=3.6e-05
Iteration 1316/2000-----
currents: [100000.0, 99999.99999850514, 99999.99999867956, 99999.99999878183]
J=2.1e-05, ⟨Jf⟩=2.0e-05, ⟨B·n⟩=1.0e-03, Len=sum([4.1, 4.0, 3.8, 3.7])=15.7, ϰ=[3.9, 3.8, 4.0, 3.9], ∫ϰ²/L>=[5.0, 5.0, 5.1, 5.2], C-C-Sep=0.10, ║∇J║=3.2e-05
Iteration 1317/2000-----
currents: [100000.0, 99999.99999850488, 99999.99999867936, 99999.99999878164]
J=2.1e-05, ⟨Jf⟩=2.0e-05, ⟨B·n⟩=1.0e-03, Len=sum([4.1, 4.0, 3.8, 3.7])=15.7, ϰ=[3.9, 3.8, 4.0, 3.9], ∫ϰ²/L>=[5.0, 5.0, 5.1, 5.2], C-C-Sep=0.10, ║∇J║=5.3e-05
Iteration 1318/2000-----
currents: [100000.0, 99999.99999850443, 99999.999998679, 99999.99999878132]
J=2.1e-05, ⟨Jf⟩=2.0e-05, ⟨B·n⟩=1.0e-03, Len=sum([4.1, 4.0, 3.8, 3.7])=15.7, ϰ=[3.9, 3.8, 4.0, 3.9], ∫ϰ²/L>=[5.0, 5.0, 5.1, 5.2], C-C-Sep=0.10, ║∇J║=7.7e-05
Iteration 1319/2000-----
currents: [100000.0, 99999.99999850364, 99999.9999986784, 99999.99999878075]
J=2.1e-05, ⟨Jf⟩=2.0e-05, ⟨B·n⟩=1.0e-03, Len=sum([4.1, 4.0, 3.8, 3.7])=15.7, ϰ=[3.9, 3.8, 4.0, 3.9], ∫ϰ²/L>=[5.0, 5.0, 5.1, 5.2], C-C-Sep=0.10, ║∇J║=7.1e-05
Iteration 1320/2000-----
currents: [100000.0, 99999.9999985025, 99999.99999867751, 99999.99999877995]
J=2.1e-05, ⟨Jf⟩=2.0e-05, ⟨B·n⟩=1.0e-03, Len=sum([4.1, 4.0, 3.8, 3.7])=15.7, ϰ=[3.9, 3.8, 4.0, 3.9], ∫ϰ²/L>=[5.0, 5.0, 5.1, 5.2], C-C-Sep=0.10, ║∇J║=7.0e-05
Iteration 1321/2000-----
currents: [100000.0, 99999.99999850061, 99999.99999867604, 99999.99999877867]
J=2.1e-05, ⟨Jf⟩=2.0e-05, ⟨B·n⟩=1.0e-03, Len=sum([4.1, 4.0, 3.8, 3.7])=15.7, ϰ=[3.9, 3.8, 4.0, 3.9], ∫ϰ²/L>=[5.0, 5.0, 5.1, 5.2], C-C-Sep=0.10, ║∇J║=1.8e-04
Iteration 1322/2000-----
currents: [100000.0, 99999.9999984996, 99999.99999867522, 99999.99999877797]
J=2.1e-05, ⟨Jf⟩=2.0e-05, ⟨B·n⟩=1.0e-03, Len=sum([4.1, 4.0, 3.8, 3.7])=15.7, ϰ=[3.9, 3.8, 4.0, 3.9], ∫ϰ²/L>=[5.0, 5.0, 5.1, 5.2], C-C-Sep=0.10, ║∇J║=1.0e-04
Iteration 1323/2000-----
currents: [100000.0, 99999.99999849938, 99999.99999867503, 99999.99999877787]
J=2.1e-05, ⟨Jf⟩=2.0e-05, ⟨B·n⟩=1.0e-03, Len=sum([4.1, 4.0, 3.8, 3.7])=15.7, ϰ=[3.9, 3.8, 4.0, 3.9], ∫ϰ²/L>=[5.0, 5.0, 5.1, 5.2], C-C-Sep=0.10, ║∇J║=8.2e-05
Iteration 1324/2000-----
currents: [100000.0, 99999.99999849839, 99999.99999867423, 99999.99999877726]
J=2.1e-05, ⟨Jf⟩=2.0e-05, ⟨B·n⟩=1.0e-03, Len=sum([4.1, 4.0, 3.8, 3.7])=15.7, ϰ=[3.9, 3.8, 4.0, 3.9], ∫ϰ²/L>=[5.0, 5.0, 5.1, 5.2], C-C-Sep=0.10, ║∇J║=9.0e-05
Iteration 1325/2000-----
currents: [100000.0, 99999.99999849712, 99999.99999867321, 99999.99999877642]
J=2.1e-05, ⟨Jf⟩=2.0e-05, ⟨B·n⟩=1.0e-03, Len=sum([4.1, 4.0, 3.8, 3.7])=15.7, ϰ=[3.9, 3.8, 4.0, 3.9], ∫ϰ²/L>=[5.0, 5.1, 5.1, 5.2], C-C-Sep=0.10, ║∇J║=1.3e-04
Iteration 1326/2000-----
currents: [100000.0, 99999.99999849706, 99999.99999867317, 99999.9999987764]
J=2.1e-05, ⟨Jf⟩=2.0e-05, ⟨B·n⟩=1.0e-03, Len=sum([4.1, 4.0, 3.8, 3.7])=15.7, ϰ=[3.9, 3.8, 4.0, 3.9], ∫ϰ²/L>=[5.0, 5.1, 5.1, 5.2], C-C-Sep=0.10, ║∇J║=6.3e-05
Iteration 1327/2000-----
currents: [100000.0, 99999.99999849647, 99999.9999986727, 99999.999998776]
J=2.1e-05, ⟨Jf⟩=2.0e-05, ⟨B·n⟩=1.0e-03, Len=sum([4.1, 4.0, 3.8, 3.7])=15.7, ϰ=[3.9, 3.8, 4.0, 3.9], ∫ϰ²/L>=[5.0, 5.1, 5.1, 5.2], C-C-Sep=0.10, ║∇J║=5.4e-05
Iteration 1328/2000-----
currents: [100000.0, 99999.99999849605, 99999.99999867237, 99999.99999877575]
J=2.1e-05, ⟨Jf⟩=2.0e-05, ⟨B·n⟩=1.0e-03, Len=sum([4.1, 4.0, 3.8, 3.7])=15.7, ϰ=[3.9, 3.8, 4.0, 3.9], ∫ϰ²/L>=[5.0, 5.1, 5.1, 5.2], C-C-Sep=0.10, ║∇J║=5.9e-05
Iteration 1329/2000-----
currents: [100000.0, 99999.99999849549, 99999.99999867193, 99999.99999877544]
J=2.1e-05, ⟨Jf⟩=2.0e-05, ⟨B·n⟩=1.0e-03, Len=sum([4.1, 4.0, 3.8, 3.7])=15.7, ϰ=[3.9, 3.8, 4.0, 3.9], ∫ϰ²/L>=[5.0, 5.1, 5.1, 5.2], C-C-Sep=0.10, ║∇J║=1.3e-04
Iteration 1330/2000-----
currents: [100000.0, 99999.99999849532, 99999.99999867179, 99999.99999877537]
J=2.1e-05, ⟨Jf⟩=2.0e-05, ⟨B·n⟩=1.0e-03, Len=sum([4.1, 4.0, 3.8, 3.7])=15.7, ϰ=[3.9, 3.8, 4.0, 3.9], ∫ϰ²/L>=[5.0, 5.1, 5.1, 5.2], C-C-Sep=0.10, ║∇J║=3.8e-05
Iteration 1331/2000-----
currents: [100000.0, 99999.99999849558, 99999.999998672, 99999.9999987756]
J=2.1e-05, ⟨Jf⟩=2.0e-05, ⟨B·n⟩=1.0e-03, Len=sum([4.1, 4.0, 3.8, 3.7])=15.7, ϰ=[3.9, 3.8, 4.0, 3.9], ∫ϰ²/L>=[5.0, 5.0, 5.1, 5.2], C-C-Sep=0.10, ║∇J║=2.9e-05
Iteration 1332/2000-----
currents: [100000.0, 99999.99999849568, 99999.99999867211, 99999.99999877573]
J=2.1e-05, ⟨Jf⟩=2.0e-05, ⟨B·n⟩=1.0e-03, Len=sum([4.1, 4.0, 3.8, 3.7])=15.7, ϰ=[3.9, 3.8, 4.0, 3.9], ∫ϰ²/L>=[5.0, 5.0, 5.1, 5.2], C-C-Sep=0.10, ║∇J║=3.5e-05
Iteration 1333/2000-----
currents: [100000.0, 99999.99999849574, 99999.99999867218, 99999.99999877585]
J=2.1e-05, ⟨Jf⟩=2.0e-05, ⟨B·n⟩=1.0e-03, Len=sum([4.1, 4.0, 3.8, 3.7])=15.7, ϰ=[3.9, 3.8, 4.0, 3.9], ∫ϰ²/L>=[5.0, 5.0, 5.1, 5.2], C-C-Sep=0.10, ║∇J║=9.7e-05
Iteration 1334/2000-----
currents: [100000.0, 99999.99999849571, 99999.99999867215, 99999.99999877579]
J=2.1e-05, ⟨Jf⟩=2.0e-05, ⟨B·n⟩=1.0e-03, Len=sum([4.1, 4.0, 3.8, 3.7])=15.7, ϰ=[3.9, 3.8, 4.0, 3.9], ∫ϰ²/L>=[5.0, 5.0, 5.1, 5.2], C-C-Sep=0.10, ║∇J║=4.8e-05
Iteration 1335/2000-----
currents: [100000.0, 99999.99999849564, 99999.99999867211, 99999.99999877578]
J=2.1e-05, ⟨Jf⟩=2.0e-05, ⟨B·n⟩=1.0e-03, Len=sum([4.1, 4.0, 3.8, 3.7])=15.7, ϰ=[3.9, 3.8, 4.0, 3.9], ∫ϰ²/L>=[5.0, 5.0, 5.1, 5.2], C-C-Sep=0.10, ║∇J║=3.1e-05
Iteration 1336/2000-----
currents: [100000.0, 99999.99999849538, 99999.99999867192, 99999.99999877563]
J=2.1e-05, ⟨Jf⟩=2.0e-05, ⟨B·n⟩=1.0e-03, Len=sum([4.1, 4.0, 3.8, 3.7])=15.7, ϰ=[3.9, 3.8, 4.0, 3.9], ∫ϰ²/L>=[5.0, 5.0, 5.1, 5.2], C-C-Sep=0.10, ║∇J║=2.7e-05
Iteration 1337/2000-----
currents: [100000.0, 99999.9999984951, 99999.99999867172, 99999.99999877547]
J=2.1e-05, ⟨Jf⟩=2.0e-05, ⟨B·n⟩=1.0e-03, Len=sum([4.1, 4.0, 3.8, 3.7])=15.7, ϰ=[3.9, 3.8, 4.0, 3.9], ∫ϰ²/L>=[5.0, 5.0, 5.1, 5.2], C-C-Sep=0.10, ║∇J║=3.6e-05
Iteration 1338/2000-----
currents: [100000.0, 99999.99999849456, 99999.99999867131, 99999.99999877515]
J=2.1e-05, ⟨Jf⟩=2.0e-05, ⟨B·n⟩=1.0e-03, Len=sum([4.1, 4.0, 3.8, 3.7])=15.7, ϰ=[3.9, 3.8, 3.9, 3.9], ∫ϰ²/L>=[5.0, 5.0, 5.1, 5.2], C-C-Sep=0.10, ║∇J║=6.4e-05
Iteration 1339/2000-----
currents: [100000.0, 99999.99999849405, 99999.99999867093, 99999.99999877483]
J=2.1e-05, ⟨Jf⟩=2.0e-05, ⟨B·n⟩=1.0e-03, Len=sum([4.1, 4.0, 3.8, 3.7])=15.7, ϰ=[3.9, 3.7, 3.9, 3.9], ∫ϰ²/L>=[5.0, 5.0, 5.1, 5.2], C-C-Sep=0.10, ║∇J║=6.1e-05
Iteration 1340/2000-----
currents: [100000.0, 99999.99999849366, 99999.99999867064, 99999.99999877455]
J=2.1e-05, ⟨Jf⟩=2.0e-05, ⟨B·n⟩=1.0e-03, Len=sum([4.1, 4.0, 3.8, 3.7])=15.7, ϰ=[3.9, 3.7, 3.9, 3.9], ∫ϰ²/L>=[5.0, 5.0, 5.1, 5.2], C-C-Sep=0.10, ║∇J║=5.6e-05
Iteration 1341/2000-----
currents: [100000.0, 99999.99999849276, 99999.99999866998, 99999.99999877396]
J=2.1e-05, ⟨Jf⟩=2.0e-05, ⟨B·n⟩=1.0e-03, Len=sum([4.1, 4.0, 3.8, 3.7])=15.7, ϰ=[3.9, 3.7, 3.9, 3.9], ∫ϰ²/L>=[5.0, 5.0, 5.1, 5.2], C-C-Sep=0.10, ║∇J║=8.4e-05
Iteration 1342/2000-----
currents: [100000.0, 99999.99999849177, 99999.99999866927, 99999.99999877333]
J=2.1e-05, ⟨Jf⟩=2.0e-05, ⟨B·n⟩=1.0e-03, Len=sum([4.1, 4.0, 3.8, 3.7])=15.7, ϰ=[3.9, 3.7, 3.9, 3.9], ∫ϰ²/L>=[5.0, 5.0, 5.1, 5.2], C-C-Sep=0.10, ║∇J║=1.1e-04
Iteration 1343/2000-----
currents: [100000.0, 99999.9999984911, 99999.99999866879, 99999.99999877292]
J=2.1e-05, ⟨Jf⟩=2.0e-05, ⟨B·n⟩=1.0e-03, Len=sum([4.1, 4.0, 3.8, 3.7])=15.7, ϰ=[3.9, 3.7, 4.0, 3.9], ∫ϰ²/L>=[5.0, 5.0, 5.1, 5.2], C-C-Sep=0.10, ║∇J║=8.1e-05
Iteration 1344/2000-----
currents: [100000.0, 99999.99999848957, 99999.9999986677, 99999.99999877208]
J=2.1e-05, ⟨Jf⟩=2.0e-05, ⟨B·n⟩=1.0e-03, Len=sum([4.1, 4.0, 3.8, 3.7])=15.7, ϰ=[3.9, 3.8, 4.0, 3.9], ∫ϰ²/L>=[5.0, 5.0, 5.1, 5.2], C-C-Sep=0.10, ║∇J║=6.6e-05
Iteration 1345/2000-----
currents: [100000.0, 99999.99999848861, 99999.99999866702, 99999.99999877157]
J=2.1e-05, ⟨Jf⟩=2.0e-05, ⟨B·n⟩=1.0e-03, Len=sum([4.1, 4.0, 3.8, 3.7])=15.7, ϰ=[4.0, 3.8, 3.9, 3.9], ∫ϰ²/L>=[5.0, 5.0, 5.1, 5.2], C-C-Sep=0.10, ║∇J║=9.8e-05
Iteration 1346/2000-----
currents: [100000.0, 99999.99999848784, 99999.99999866645, 99999.99999877112]
J=2.1e-05, ⟨Jf⟩=2.0e-05, ⟨B·n⟩=1.0e-03, Len=sum([4.1, 4.0, 3.8, 3.7])=15.7, ϰ=[4.0, 3.8, 3.9, 3.9], ∫ϰ²/L>=[5.0, 5.0, 5.1, 5.2], C-C-Sep=0.10, ║∇J║=5.4e-05
Iteration 1347/2000-----
currents: [100000.0, 99999.99999848758, 99999.99999866627, 99999.99999877102]
J=2.1e-05, ⟨Jf⟩=2.0e-05, ⟨B·n⟩=1.0e-03, Len=sum([4.1, 4.0, 3.8, 3.7])=15.7, ϰ=[4.0, 3.8, 3.9, 3.9], ∫ϰ²/L>=[5.0, 5.0, 5.1, 5.2], C-C-Sep=0.10, ║∇J║=4.1e-05
Iteration 1348/2000-----
currents: [100000.0, 99999.99999848747, 99999.99999866622, 99999.99999877097]
J=2.1e-05, ⟨Jf⟩=2.0e-05, ⟨B·n⟩=1.0e-03, Len=sum([4.1, 4.0, 3.8, 3.7])=15.7, ϰ=[4.0, 3.7, 3.9, 3.9], ∫ϰ²/L>=[5.0, 5.0, 5.1, 5.2], C-C-Sep=0.10, ║∇J║=4.2e-05
Iteration 1349/2000-----
currents: [100000.0, 99999.99999848718, 99999.99999866604, 99999.99999877083]
J=2.1e-05, ⟨Jf⟩=2.0e-05, ⟨B·n⟩=1.0e-03, Len=sum([4.1, 4.0, 3.8, 3.7])=15.7, ϰ=[4.0, 3.7, 3.9, 3.9], ∫ϰ²/L>=[5.0, 5.0, 5.1, 5.2], C-C-Sep=0.10, ║∇J║=4.1e-05
Iteration 1350/2000-----
currents: [100000.0, 99999.99999848702, 99999.99999866597, 99999.9999987708]
J=2.1e-05, ⟨Jf⟩=2.0e-05, ⟨B·n⟩=1.0e-03, Len=sum([4.1, 4.0, 3.8, 3.7])=15.7, ϰ=[4.0, 3.7, 3.9, 3.9], ∫ϰ²/L>=[5.0, 5.0, 5.1, 5.2], C-C-Sep=0.10, ║∇J║=4.3e-05
Iteration 1351/2000-----
currents: [100000.0, 99999.99999848672, 99999.99999866576, 99999.99999877064]
J=2.1e-05, ⟨Jf⟩=2.0e-05, ⟨B·n⟩=1.0e-03, Len=sum([4.1, 4.0, 3.8, 3.7])=15.7, ϰ=[4.0, 3.7, 3.9, 3.9], ∫ϰ²/L>=[5.0, 5.0, 5.1, 5.2], C-C-Sep=0.10, ║∇J║=4.0e-05
Iteration 1352/2000-----
currents: [100000.0, 99999.99999848646, 99999.99999866559, 99999.99999877052]
J=2.1e-05, ⟨Jf⟩=2.0e-05, ⟨B·n⟩=1.0e-03, Len=sum([4.1, 4.0, 3.8, 3.7])=15.7, ϰ=[4.0, 3.7, 3.9, 3.9], ∫ϰ²/L>=[5.0, 5.0, 5.1, 5.2], C-C-Sep=0.10, ║∇J║=3.5e-05
Iteration 1353/2000-----
currents: [100000.0, 99999.99999848621, 99999.99999866541, 99999.99999877042]
J=2.1e-05, ⟨Jf⟩=2.0e-05, ⟨B·n⟩=1.0e-03, Len=sum([4.1, 4.0, 3.8, 3.7])=15.7, ϰ=[4.0, 3.7, 3.9, 3.9], ∫ϰ²/L>=[5.0, 5.0, 5.1, 5.2], C-C-Sep=0.10, ║∇J║=3.4e-05
Iteration 1354/2000-----
currents: [100000.0, 99999.999998486, 99999.99999866528, 99999.99999877038]
J=2.1e-05, ⟨Jf⟩=2.0e-05, ⟨B·n⟩=1.0e-03, Len=sum([4.1, 4.0, 3.8, 3.7])=15.7, ϰ=[4.0, 3.7, 3.9, 3.9], ∫ϰ²/L>=[5.0, 5.0, 5.1, 5.2], C-C-Sep=0.10, ║∇J║=7.2e-05
Iteration 1355/2000-----
currents: [100000.0, 99999.99999848587, 99999.99999866518, 99999.9999987703]
J=2.1e-05, ⟨Jf⟩=2.0e-05, ⟨B·n⟩=1.0e-03, Len=sum([4.1, 4.0, 3.8, 3.7])=15.7, ϰ=[4.0, 3.7, 3.9, 3.9], ∫ϰ²/L>=[5.0, 5.0, 5.1, 5.2], C-C-Sep=0.10, ║∇J║=3.8e-05
Iteration 1356/2000-----
currents: [100000.0, 99999.99999848579, 99999.99999866511, 99999.99999877026]
J=2.1e-05, ⟨Jf⟩=2.0e-05, ⟨B·n⟩=1.0e-03, Len=sum([4.1, 4.0, 3.8, 3.7])=15.7, ϰ=[4.0, 3.7, 4.0, 3.9], ∫ϰ²/L>=[5.0, 5.0, 5.1, 5.2], C-C-Sep=0.10, ║∇J║=3.7e-05
Iteration 1357/2000-----
currents: [100000.0, 99999.99999848548, 99999.99999866486, 99999.99999877012]
J=2.1e-05, ⟨Jf⟩=2.0e-05, ⟨B·n⟩=1.0e-03, Len=sum([4.1, 4.0, 3.8, 3.7])=15.7, ϰ=[4.0, 3.7, 4.0, 3.9], ∫ϰ²/L>=[5.0, 5.0, 5.1, 5.2], C-C-Sep=0.10, ║∇J║=4.8e-05
Iteration 1358/2000-----
currents: [100000.0, 99999.99999848477, 99999.9999986643, 99999.99999876977]
J=2.1e-05, ⟨Jf⟩=2.0e-05, ⟨B·n⟩=1.0e-03, Len=sum([4.1, 4.0, 3.8, 3.7])=15.7, ϰ=[4.0, 3.7, 4.0, 3.9], ∫ϰ²/L>=[5.0, 5.0, 5.1, 5.2], C-C-Sep=0.10, ║∇J║=8.3e-05
Iteration 1359/2000-----
currents: [100000.0, 99999.99999848347, 99999.99999866326, 99999.99999876911]
J=2.1e-05, ⟨Jf⟩=2.0e-05, ⟨B·n⟩=1.0e-03, Len=sum([4.1, 4.0, 3.8, 3.7])=15.7, ϰ=[4.0, 3.7, 4.0, 3.8], ∫ϰ²/L>=[5.0, 5.0, 5.1, 5.2], C-C-Sep=0.10, ║∇J║=8.0e-05
Iteration 1360/2000-----
currents: [100000.0, 99999.99999848241, 99999.99999866242, 99999.9999987686]
J=2.1e-05, ⟨Jf⟩=2.0e-05, ⟨B·n⟩=1.0e-03, Len=sum([4.1, 4.0, 3.8, 3.7])=15.7, ϰ=[4.0, 3.7, 4.0, 3.8], ∫ϰ²/L>=[5.0, 5.0, 5.1, 5.2], C-C-Sep=0.10, ║∇J║=5.9e-05
Iteration 1361/2000-----
currents: [100000.0, 99999.9999984809, 99999.99999866121, 99999.99999876785]
J=2.1e-05, ⟨Jf⟩=2.0e-05, ⟨B·n⟩=1.0e-03, Len=sum([4.1, 4.0, 3.8, 3.7])=15.7, ϰ=[4.0, 3.7, 4.0, 3.9], ∫ϰ²/L>=[5.0, 5.0, 5.1, 5.2], C-C-Sep=0.10, ║∇J║=6.1e-05
Iteration 1362/2000-----
currents: [100000.0, 99999.9999984798, 99999.99999866035, 99999.99999876729]
J=2.1e-05, ⟨Jf⟩=2.0e-05, ⟨B·n⟩=1.0e-03, Len=sum([4.1, 4.0, 3.8, 3.7])=15.7, ϰ=[4.0, 3.7, 4.0, 3.9], ∫ϰ²/L>=[5.0, 5.0, 5.1, 5.2], C-C-Sep=0.10, ║∇J║=8.6e-05
Iteration 1363/2000-----
currents: [100000.0, 99999.99999847909, 99999.99999865977, 99999.99999876691]
J=2.1e-05, ⟨Jf⟩=2.0e-05, ⟨B·n⟩=1.0e-03, Len=sum([4.1, 4.0, 3.8, 3.7])=15.7, ϰ=[4.0, 3.7, 4.0, 3.9], ∫ϰ²/L>=[5.0, 5.0, 5.1, 5.2], C-C-Sep=0.10, ║∇J║=5.6e-05
Iteration 1364/2000-----
currents: [100000.0, 99999.99999847834, 99999.99999865914, 99999.99999876649]
J=2.1e-05, ⟨Jf⟩=2.0e-05, ⟨B·n⟩=1.0e-03, Len=sum([4.1, 4.0, 3.8, 3.7])=15.7, ϰ=[4.0, 3.7, 4.0, 3.9], ∫ϰ²/L>=[5.0, 5.0, 5.1, 5.2], C-C-Sep=0.10, ║∇J║=5.4e-05
Iteration 1365/2000-----
currents: [100000.0, 99999.99999847806, 99999.99999865891, 99999.99999876639]
J=2.1e-05, ⟨Jf⟩=2.0e-05, ⟨B·n⟩=1.0e-03, Len=sum([4.1, 4.0, 3.8, 3.7])=15.7, ϰ=[4.0, 3.7, 4.0, 3.9], ∫ϰ²/L>=[5.0, 5.0, 5.1, 5.2], C-C-Sep=0.10, ║∇J║=8.6e-05
Iteration 1366/2000-----
currents: [100000.0, 99999.99999847799, 99999.99999865885, 99999.99999876635]
J=2.1e-05, ⟨Jf⟩=2.0e-05, ⟨B·n⟩=1.0e-03, Len=sum([4.1, 4.0, 3.8, 3.7])=15.7, ϰ=[4.0, 3.7, 4.0, 3.9], ∫ϰ²/L>=[5.0, 5.0, 5.1, 5.2], C-C-Sep=0.10, ║∇J║=4.1e-05
Iteration 1367/2000-----
currents: [100000.0, 99999.99999847777, 99999.99999865868, 99999.99999876623]
J=2.1e-05, ⟨Jf⟩=2.0e-05, ⟨B·n⟩=1.0e-03, Len=sum([4.1, 4.0, 3.8, 3.7])=15.7, ϰ=[4.0, 3.7, 4.0, 3.9], ∫ϰ²/L>=[5.0, 5.0, 5.1, 5.2], C-C-Sep=0.10, ║∇J║=3.5e-05
Iteration 1368/2000-----
currents: [100000.0, 99999.99999847746, 99999.99999865843, 99999.99999876607]
J=2.1e-05, ⟨Jf⟩=2.0e-05, ⟨B·n⟩=1.0e-03, Len=sum([4.1, 4.0, 3.8, 3.7])=15.7, ϰ=[4.0, 3.7, 4.0, 3.9], ∫ϰ²/L>=[5.0, 5.0, 5.1, 5.2], C-C-Sep=0.10, ║∇J║=3.8e-05
Iteration 1369/2000-----
currents: [100000.0, 99999.99999847697, 99999.99999865801, 99999.9999987658]
J=2.1e-05, ⟨Jf⟩=2.0e-05, ⟨B·n⟩=1.0e-03, Len=sum([4.1, 4.0, 3.8, 3.7])=15.7, ϰ=[4.0, 3.7, 4.0, 3.9], ∫ϰ²/L>=[5.0, 5.0, 5.1, 5.2], C-C-Sep=0.10, ║∇J║=4.0e-05
Iteration 1370/2000-----
currents: [100000.0, 99999.99999847627, 99999.99999865741, 99999.99999876546]
J=2.1e-05, ⟨Jf⟩=2.0e-05, ⟨B·n⟩=1.0e-03, Len=sum([4.1, 4.0, 3.8, 3.7])=15.7, ϰ=[4.0, 3.7, 4.0, 3.9], ∫ϰ²/L>=[5.0, 5.0, 5.1, 5.2], C-C-Sep=0.10, ║∇J║=1.2e-04
Iteration 1371/2000-----
currents: [100000.0, 99999.99999847665, 99999.99999865773, 99999.99999876563]
J=2.1e-05, ⟨Jf⟩=2.0e-05, ⟨B·n⟩=1.0e-03, Len=sum([4.1, 4.0, 3.8, 3.7])=15.7, ϰ=[4.0, 3.7, 4.0, 3.9], ∫ϰ²/L>=[5.0, 5.0, 5.1, 5.2], C-C-Sep=0.10, ║∇J║=5.4e-05
Iteration 1372/2000-----
currents: [100000.0, 99999.99999847625, 99999.9999986574, 99999.99999876542]
J=2.1e-05, ⟨Jf⟩=2.0e-05, ⟨B·n⟩=1.0e-03, Len=sum([4.1, 4.0, 3.8, 3.7])=15.7, ϰ=[4.0, 3.7, 4.0, 3.9], ∫ϰ²/L>=[5.0, 5.0, 5.1, 5.2], C-C-Sep=0.10, ║∇J║=3.1e-05
Iteration 1373/2000-----
currents: [100000.0, 99999.99999847605, 99999.99999865721, 99999.9999987653]
J=2.1e-05, ⟨Jf⟩=2.0e-05, ⟨B·n⟩=1.0e-03, Len=sum([4.1, 4.0, 3.8, 3.7])=15.7, ϰ=[4.0, 3.7, 4.0, 3.9], ∫ϰ²/L>=[5.0, 5.0, 5.1, 5.2], C-C-Sep=0.10, ║∇J║=3.2e-05
Iteration 1374/2000-----
currents: [100000.0, 99999.99999847575, 99999.99999865693, 99999.99999876512]
J=2.1e-05, ⟨Jf⟩=2.0e-05, ⟨B·n⟩=1.0e-03, Len=sum([4.1, 4.0, 3.8, 3.7])=15.7, ϰ=[4.0, 3.7, 4.0, 3.9], ∫ϰ²/L>=[5.0, 5.0, 5.1, 5.2], C-C-Sep=0.10, ║∇J║=4.8e-05
Iteration 1375/2000-----
currents: [100000.0, 99999.9999984754, 99999.99999865663, 99999.99999876492]
J=2.1e-05, ⟨Jf⟩=2.0e-05, ⟨B·n⟩=1.0e-03, Len=sum([4.1, 4.0, 3.8, 3.7])=15.7, ϰ=[4.0, 3.7, 4.0, 3.9], ∫ϰ²/L>=[5.0, 5.0, 5.1, 5.2], C-C-Sep=0.10, ║∇J║=5.0e-05
Iteration 1376/2000-----
currents: [100000.0, 99999.99999847508, 99999.99999865635, 99999.99999876473]
J=2.1e-05, ⟨Jf⟩=2.0e-05, ⟨B·n⟩=1.0e-03, Len=sum([4.1, 4.0, 3.8, 3.7])=15.7, ϰ=[4.0, 3.7, 4.0, 3.9], ∫ϰ²/L>=[5.0, 5.0, 5.1, 5.2], C-C-Sep=0.10, ║∇J║=4.5e-05
Iteration 1377/2000-----
currents: [100000.0, 99999.9999984745, 99999.99999865587, 99999.99999876443]
J=2.1e-05, ⟨Jf⟩=2.0e-05, ⟨B·n⟩=1.0e-03, Len=sum([4.1, 4.0, 3.8, 3.7])=15.7, ϰ=[4.0, 3.7, 4.0, 3.8], ∫ϰ²/L>=[5.0, 5.0, 5.1, 5.2], C-C-Sep=0.10, ║∇J║=7.2e-05
Iteration 1378/2000-----
currents: [100000.0, 99999.99999847385, 99999.99999865536, 99999.99999876402]
J=2.1e-05, ⟨Jf⟩=2.0e-05, ⟨B·n⟩=1.0e-03, Len=sum([4.1, 4.0, 3.8, 3.7])=15.7, ϰ=[4.0, 3.8, 4.0, 3.8], ∫ϰ²/L>=[5.0, 5.0, 5.1, 5.2], C-C-Sep=0.10, ║∇J║=6.4e-05
Iteration 1379/2000-----
currents: [100000.0, 99999.99999847324, 99999.99999865488, 99999.99999876368]
J=2.1e-05, ⟨Jf⟩=2.0e-05, ⟨B·n⟩=1.0e-03, Len=sum([4.1, 4.0, 3.8, 3.7])=15.7, ϰ=[4.0, 3.8, 4.0, 3.8], ∫ϰ²/L>=[5.0, 5.0, 5.1, 5.2], C-C-Sep=0.10, ║∇J║=6.6e-05
Iteration 1380/2000-----
currents: [100000.0, 99999.99999847157, 99999.99999865355, 99999.99999876277]
J=2.1e-05, ⟨Jf⟩=2.0e-05, ⟨B·n⟩=1.0e-03, Len=sum([4.1, 4.0, 3.8, 3.7])=15.7, ϰ=[4.0, 3.8, 4.0, 3.8], ∫ϰ²/L>=[5.0, 5.0, 5.1, 5.2], C-C-Sep=0.10, ║∇J║=7.1e-05
Iteration 1381/2000-----
currents: [100000.0, 99999.99999846953, 99999.99999865195, 99999.99999876173]
J=2.1e-05, ⟨Jf⟩=2.0e-05, ⟨B·n⟩=1.0e-03, Len=sum([4.1, 4.0, 3.8, 3.7])=15.7, ϰ=[4.0, 3.8, 4.0, 3.8], ∫ϰ²/L>=[5.0, 5.0, 5.1, 5.2], C-C-Sep=0.10, ║∇J║=1.6e-04
Iteration 1382/2000-----
currents: [100000.0, 99999.9999984694, 99999.99999865184, 99999.99999876162]
J=2.1e-05, ⟨Jf⟩=2.0e-05, ⟨B·n⟩=1.0e-03, Len=sum([4.1, 4.0, 3.8, 3.7])=15.7, ϰ=[4.0, 3.8, 4.0, 3.8], ∫ϰ²/L>=[5.0, 5.0, 5.1, 5.2], C-C-Sep=0.10, ║∇J║=5.3e-05
Iteration 1383/2000-----
currents: [100000.0, 99999.99999846925, 99999.99999865172, 99999.99999876154]
J=2.1e-05, ⟨Jf⟩=2.0e-05, ⟨B·n⟩=1.0e-03, Len=sum([4.1, 4.0, 3.8, 3.7])=15.7, ϰ=[4.0, 3.8, 4.0, 3.8], ∫ϰ²/L>=[5.0, 5.0, 5.1, 5.2], C-C-Sep=0.10, ║∇J║=3.7e-05
Iteration 1384/2000-----
currents: [100000.0, 99999.9999984686, 99999.9999986512, 99999.99999876118]
J=2.1e-05, ⟨Jf⟩=2.0e-05, ⟨B·n⟩=1.0e-03, Len=sum([4.1, 4.0, 3.8, 3.7])=15.7, ϰ=[4.0, 3.8, 4.0, 3.8], ∫ϰ²/L>=[5.0, 5.0, 5.1, 5.2], C-C-Sep=0.10, ║∇J║=4.0e-05
Iteration 1385/2000-----
currents: [100000.0, 99999.99999846786, 99999.9999986506, 99999.99999876076]
J=2.1e-05, ⟨Jf⟩=2.0e-05, ⟨B·n⟩=1.0e-03, Len=sum([4.1, 4.0, 3.8, 3.7])=15.7, ϰ=[4.0, 3.8, 4.0, 3.8], ∫ϰ²/L>=[5.0, 5.0, 5.1, 5.2], C-C-Sep=0.10, ║∇J║=4.4e-05
Iteration 1386/2000-----
currents: [100000.0, 99999.99999846678, 99999.99999864973, 99999.99999876009]
J=2.1e-05, ⟨Jf⟩=2.0e-05, ⟨B·n⟩=1.0e-03, Len=sum([4.1, 4.0, 3.8, 3.7])=15.7, ϰ=[4.0, 3.8, 4.0, 3.8], ∫ϰ²/L>=[5.0, 5.0, 5.1, 5.2], C-C-Sep=0.10, ║∇J║=6.5e-05
Iteration 1387/2000-----
currents: [100000.0, 99999.9999984667, 99999.99999864966, 99999.99999876002]
J=2.1e-05, ⟨Jf⟩=2.0e-05, ⟨B·n⟩=1.0e-03, Len=sum([4.1, 4.0, 3.8, 3.7])=15.7, ϰ=[4.0, 3.8, 4.0, 3.8], ∫ϰ²/L>=[5.0, 5.0, 5.1, 5.2], C-C-Sep=0.10, ║∇J║=2.7e-05
Iteration 1388/2000-----
currents: [100000.0, 99999.99999846671, 99999.99999864966, 99999.99999876]
J=2.1e-05, ⟨Jf⟩=2.0e-05, ⟨B·n⟩=1.0e-03, Len=sum([4.1, 4.0, 3.8, 3.7])=15.7, ϰ=[4.0, 3.8, 4.0, 3.8], ∫ϰ²/L>=[5.0, 5.0, 5.1, 5.2], C-C-Sep=0.10, ║∇J║=2.4e-05
Iteration 1389/2000-----
currents: [100000.0, 99999.99999846643, 99999.99999864941, 99999.99999875978]
J=2.1e-05, ⟨Jf⟩=2.0e-05, ⟨B·n⟩=1.0e-03, Len=sum([4.1, 4.0, 3.8, 3.7])=15.7, ϰ=[4.0, 3.8, 4.0, 3.8], ∫ϰ²/L>=[5.0, 5.0, 5.1, 5.2], C-C-Sep=0.10, ║∇J║=3.4e-05
Iteration 1390/2000-----
currents: [100000.0, 99999.99999846595, 99999.999998649, 99999.99999875948]
J=2.1e-05, ⟨Jf⟩=2.0e-05, ⟨B·n⟩=1.0e-03, Len=sum([4.1, 4.0, 3.8, 3.7])=15.7, ϰ=[4.0, 3.8, 4.0, 3.9], ∫ϰ²/L>=[5.0, 5.0, 5.1, 5.2], C-C-Sep=0.10, ║∇J║=5.2e-05
Iteration 1391/2000-----
currents: [100000.0, 99999.99999846579, 99999.99999864887, 99999.99999875939]
J=2.1e-05, ⟨Jf⟩=2.0e-05, ⟨B·n⟩=1.0e-03, Len=sum([4.1, 4.0, 3.8, 3.7])=15.7, ϰ=[4.0, 3.8, 4.0, 3.9], ∫ϰ²/L>=[5.0, 5.0, 5.1, 5.2], C-C-Sep=0.10, ║∇J║=2.9e-05
Iteration 1392/2000-----
currents: [100000.0, 99999.99999846549, 99999.99999864862, 99999.99999875925]
J=2.1e-05, ⟨Jf⟩=2.0e-05, ⟨B·n⟩=1.0e-03, Len=sum([4.1, 4.0, 3.8, 3.7])=15.7, ϰ=[4.0, 3.8, 4.0, 3.9], ∫ϰ²/L>=[5.0, 5.0, 5.1, 5.2], C-C-Sep=0.10, ║∇J║=2.9e-05
Iteration 1393/2000-----
currents: [100000.0, 99999.99999846524, 99999.99999864842, 99999.99999875913]
J=2.1e-05, ⟨Jf⟩=2.0e-05, ⟨B·n⟩=1.0e-03, Len=sum([4.1, 4.0, 3.8, 3.7])=15.7, ϰ=[4.0, 3.8, 4.0, 3.9], ∫ϰ²/L>=[5.0, 5.0, 5.1, 5.2], C-C-Sep=0.10, ║∇J║=3.6e-05
Iteration 1394/2000-----
currents: [100000.0, 99999.99999846455, 99999.99999864785, 99999.99999875884]
J=2.1e-05, ⟨Jf⟩=2.0e-05, ⟨B·n⟩=1.0e-03, Len=sum([4.1, 4.0, 3.8, 3.7])=15.7, ϰ=[4.0, 3.8, 4.0, 3.8], ∫ϰ²/L>=[5.0, 5.0, 5.1, 5.2], C-C-Sep=0.10, ║∇J║=7.2e-05
Iteration 1395/2000-----
currents: [100000.0, 99999.99999846399, 99999.99999864737, 99999.99999875855]
J=2.1e-05, ⟨Jf⟩=2.0e-05, ⟨B·n⟩=1.0e-03, Len=sum([4.1, 4.0, 3.8, 3.7])=15.7, ϰ=[4.0, 3.8, 4.0, 3.8], ∫ϰ²/L>=[5.0, 5.0, 5.1, 5.2], C-C-Sep=0.10, ║∇J║=4.7e-05
Iteration 1396/2000-----
currents: [100000.0, 99999.99999846364, 99999.99999864706, 99999.99999875834]
J=2.1e-05, ⟨Jf⟩=2.0e-05, ⟨B·n⟩=1.0e-03, Len=sum([4.1, 4.0, 3.8, 3.7])=15.7, ϰ=[4.0, 3.8, 4.0, 3.8], ∫ϰ²/L>=[5.0, 5.0, 5.1, 5.2], C-C-Sep=0.10, ║∇J║=4.2e-05
Iteration 1397/2000-----
currents: [100000.0, 99999.9999984627, 99999.99999864625, 99999.99999875782]
J=2.1e-05, ⟨Jf⟩=2.0e-05, ⟨B·n⟩=1.0e-03, Len=sum([4.1, 4.0, 3.8, 3.7])=15.7, ϰ=[4.0, 3.8, 4.0, 3.8], ∫ϰ²/L>=[5.0, 5.0, 5.1, 5.2], C-C-Sep=0.10, ║∇J║=6.5e-05
Iteration 1398/2000-----
currents: [100000.0, 99999.99999846157, 99999.99999864526, 99999.99999875718]
J=2.1e-05, ⟨Jf⟩=2.0e-05, ⟨B·n⟩=1.0e-03, Len=sum([4.1, 4.0, 3.8, 3.7])=15.7, ϰ=[4.0, 3.8, 4.0, 3.8], ∫ϰ²/L>=[5.0, 5.0, 5.1, 5.2], C-C-Sep=0.10, ║∇J║=1.0e-04
Iteration 1399/2000-----
currents: [100000.0, 99999.999998461, 99999.99999864478, 99999.99999875684]
J=2.1e-05, ⟨Jf⟩=2.0e-05, ⟨B·n⟩=1.0e-03, Len=sum([4.1, 4.0, 3.8, 3.7])=15.7, ϰ=[4.0, 3.8, 4.0, 3.9], ∫ϰ²/L>=[5.0, 5.0, 5.1, 5.2], C-C-Sep=0.10, ║∇J║=6.5e-05
Iteration 1400/2000-----
currents: [100000.0, 99999.99999845948, 99999.9999986435, 99999.999998756]
J=2.1e-05, ⟨Jf⟩=2.0e-05, ⟨B·n⟩=1.0e-03, Len=sum([4.1, 4.0, 3.8, 3.7])=15.7, ϰ=[4.0, 3.8, 4.0, 3.9], ∫ϰ²/L>=[5.0, 5.0, 5.1, 5.2], C-C-Sep=0.10, ║∇J║=5.7e-05
Iteration 1401/2000-----
currents: [100000.0, 99999.99999845853, 99999.99999864268, 99999.99999875549]
J=2.1e-05, ⟨Jf⟩=2.0e-05, ⟨B·n⟩=1.0e-03, Len=sum([4.1, 4.0, 3.8, 3.7])=15.7, ϰ=[4.0, 3.8, 4.0, 3.9], ∫ϰ²/L>=[5.0, 5.0, 5.1, 5.2], C-C-Sep=0.10, ║∇J║=6.3e-05
Iteration 1402/2000-----
currents: [100000.0, 99999.9999984564, 99999.99999864082, 99999.9999987544]
J=2.1e-05, ⟨Jf⟩=2.0e-05, ⟨B·n⟩=1.0e-03, Len=sum([4.1, 4.0, 3.8, 3.7])=15.7, ϰ=[4.0, 3.8, 4.0, 3.9], ∫ϰ²/L>=[5.0, 5.0, 5.1, 5.2], C-C-Sep=0.10, ║∇J║=1.3e-04
Iteration 1403/2000-----
currents: [100000.0, 99999.99999845597, 99999.99999864043, 99999.99999875415]
J=2.1e-05, ⟨Jf⟩=2.0e-05, ⟨B·n⟩=1.0e-03, Len=sum([4.1, 4.0, 3.8, 3.7])=15.7, ϰ=[4.0, 3.8, 4.0, 3.9], ∫ϰ²/L>=[5.0, 5.0, 5.1, 5.2], C-C-Sep=0.10, ║∇J║=4.5e-05
Iteration 1404/2000-----
currents: [100000.0, 99999.99999845603, 99999.99999864047, 99999.9999987542]
J=2.1e-05, ⟨Jf⟩=2.0e-05, ⟨B·n⟩=1.0e-03, Len=sum([4.1, 4.0, 3.8, 3.7])=15.7, ϰ=[4.0, 3.8, 4.0, 3.8], ∫ϰ²/L>=[5.0, 5.0, 5.1, 5.2], C-C-Sep=0.10, ║∇J║=3.6e-05
Iteration 1405/2000-----
currents: [100000.0, 99999.99999845562, 99999.99999864012, 99999.99999875395]
J=2.1e-05, ⟨Jf⟩=2.0e-05, ⟨B·n⟩=1.0e-03, Len=sum([4.1, 4.0, 3.8, 3.7])=15.7, ϰ=[4.0, 3.8, 4.0, 3.8], ∫ϰ²/L>=[5.0, 5.0, 5.1, 5.2], C-C-Sep=0.10, ║∇J║=3.5e-05
Iteration 1406/2000-----
currents: [100000.0, 99999.999998455, 99999.9999986396, 99999.99999875358]
J=2.1e-05, ⟨Jf⟩=2.0e-05, ⟨B·n⟩=1.0e-03, Len=sum([4.1, 4.0, 3.8, 3.7])=15.7, ϰ=[4.0, 3.8, 4.0, 3.8], ∫ϰ²/L>=[5.0, 5.0, 5.1, 5.2], C-C-Sep=0.10, ║∇J║=8.5e-05
Iteration 1407/2000-----
currents: [100000.0, 99999.99999845492, 99999.99999863954, 99999.99999875353]
J=2.1e-05, ⟨Jf⟩=2.0e-05, ⟨B·n⟩=1.0e-03, Len=sum([4.1, 4.0, 3.8, 3.7])=15.7, ϰ=[4.0, 3.8, 4.0, 3.8], ∫ϰ²/L>=[5.0, 5.0, 5.1, 5.2], C-C-Sep=0.10, ║∇J║=2.9e-05
Iteration 1408/2000-----
currents: [100000.0, 99999.99999845478, 99999.99999863943, 99999.99999875344]
J=2.1e-05, ⟨Jf⟩=2.0e-05, ⟨B·n⟩=1.0e-03, Len=sum([4.1, 4.0, 3.8, 3.7])=15.7, ϰ=[4.0, 3.8, 4.0, 3.9], ∫ϰ²/L>=[5.0, 5.0, 5.1, 5.2], C-C-Sep=0.10, ║∇J║=2.0e-05
Iteration 1409/2000-----
currents: [100000.0, 99999.99999845448, 99999.99999863919, 99999.99999875328]
J=2.1e-05, ⟨Jf⟩=2.0e-05, ⟨B·n⟩=1.0e-03, Len=sum([4.1, 4.0, 3.8, 3.7])=15.7, ϰ=[4.0, 3.8, 4.0, 3.9], ∫ϰ²/L>=[5.0, 5.0, 5.1, 5.2], C-C-Sep=0.10, ║∇J║=2.6e-05
Iteration 1410/2000-----
currents: [100000.0, 99999.9999984542, 99999.99999863894, 99999.99999875312]
J=2.1e-05, ⟨Jf⟩=2.0e-05, ⟨B·n⟩=1.0e-03, Len=sum([4.1, 4.0, 3.8, 3.7])=15.7, ϰ=[4.0, 3.8, 4.0, 3.9], ∫ϰ²/L>=[5.0, 5.0, 5.1, 5.2], C-C-Sep=0.10, ║∇J║=2.8e-05
Iteration 1411/2000-----
currents: [100000.0, 99999.99999845338, 99999.99999863825, 99999.9999987527]
J=2.1e-05, ⟨Jf⟩=2.0e-05, ⟨B·n⟩=1.0e-03, Len=sum([4.1, 4.0, 3.8, 3.7])=15.7, ϰ=[4.0, 3.8, 4.0, 3.9], ∫ϰ²/L>=[5.0, 5.0, 5.1, 5.2], C-C-Sep=0.10, ║∇J║=9.2e-05
Iteration 1412/2000-----
currents: [100000.0, 99999.99999845329, 99999.99999863816, 99999.99999875262]
J=2.1e-05, ⟨Jf⟩=2.0e-05, ⟨B·n⟩=1.0e-03, Len=sum([4.1, 4.0, 3.8, 3.7])=15.7, ϰ=[4.0, 3.7, 4.0, 3.9], ∫ϰ²/L>=[5.0, 5.0, 5.1, 5.2], C-C-Sep=0.10, ║∇J║=3.5e-05
Iteration 1413/2000-----
currents: [100000.0, 99999.99999845325, 99999.9999986381, 99999.99999875258]
J=2.1e-05, ⟨Jf⟩=2.0e-05, ⟨B·n⟩=1.0e-03, Len=sum([4.1, 4.0, 3.8, 3.7])=15.7, ϰ=[4.0, 3.7, 4.0, 3.9], ∫ϰ²/L>=[5.0, 5.0, 5.1, 5.2], C-C-Sep=0.10, ║∇J║=3.7e-05
Iteration 1414/2000-----
currents: [100000.0, 99999.99999845281, 99999.9999986377, 99999.9999987523]
J=2.1e-05, ⟨Jf⟩=2.0e-05, ⟨B·n⟩=1.0e-03, Len=sum([4.1, 4.0, 3.8, 3.7])=15.7, ϰ=[4.0, 3.7, 4.0, 3.9], ∫ϰ²/L>=[5.0, 5.0, 5.1, 5.2], C-C-Sep=0.10, ║∇J║=6.3e-05
Iteration 1415/2000-----
currents: [100000.0, 99999.99999845184, 99999.99999863683, 99999.99999875172]
J=2.1e-05, ⟨Jf⟩=2.0e-05, ⟨B·n⟩=1.0e-03, Len=sum([4.1, 4.0, 3.8, 3.7])=15.7, ϰ=[4.0, 3.7, 4.0, 3.9], ∫ϰ²/L>=[5.0, 5.0, 5.1, 5.2], C-C-Sep=0.10, ║∇J║=7.7e-05
Iteration 1416/2000-----
currents: [100000.0, 99999.99999844896, 99999.99999863435, 99999.99999875002]
J=2.1e-05, ⟨Jf⟩=2.0e-05, ⟨B·n⟩=1.0e-03, Len=sum([4.1, 4.0, 3.8, 3.7])=15.7, ϰ=[4.0, 3.7, 4.0, 3.9], ∫ϰ²/L>=[5.0, 5.0, 5.1, 5.2], C-C-Sep=0.10, ║∇J║=1.8e-04
Iteration 1417/2000-----
currents: [100000.0, 99999.99999844814, 99999.99999863365, 99999.99999874955]
J=2.1e-05, ⟨Jf⟩=2.0e-05, ⟨B·n⟩=1.0e-03, Len=sum([4.1, 4.0, 3.8, 3.7])=15.7, ϰ=[4.0, 3.7, 4.0, 3.9], ∫ϰ²/L>=[5.0, 5.0, 5.1, 5.2], C-C-Sep=0.10, ║∇J║=6.2e-05
Iteration 1418/2000-----
currents: [100000.0, 99999.99999844754, 99999.99999863315, 99999.99999874922]
J=2.1e-05, ⟨Jf⟩=2.0e-05, ⟨B·n⟩=1.0e-03, Len=sum([4.1, 4.0, 3.8, 3.7])=15.7, ϰ=[4.0, 3.7, 4.0, 3.9], ∫ϰ²/L>=[5.0, 5.0, 5.1, 5.2], C-C-Sep=0.10, ║∇J║=3.8e-05
Iteration 1419/2000-----
currents: [100000.0, 99999.99999844663, 99999.99999863237, 99999.99999874871]
J=2.1e-05, ⟨Jf⟩=2.0e-05, ⟨B·n⟩=1.0e-03, Len=sum([4.1, 4.0, 3.8, 3.7])=15.7, ϰ=[4.0, 3.7, 4.0, 3.9], ∫ϰ²/L>=[5.0, 5.0, 5.1, 5.2], C-C-Sep=0.10, ║∇J║=3.8e-05
Iteration 1420/2000-----
currents: [100000.0, 99999.99999844618, 99999.99999863197, 99999.99999874846]
J=2.1e-05, ⟨Jf⟩=2.0e-05, ⟨B·n⟩=1.0e-03, Len=sum([4.1, 4.0, 3.8, 3.7])=15.7, ϰ=[4.0, 3.7, 4.0, 3.9], ∫ϰ²/L>=[5.0, 5.0, 5.1, 5.2], C-C-Sep=0.10, ║∇J║=4.0e-05
Iteration 1421/2000-----
currents: [100000.0, 99999.99999844581, 99999.99999863164, 99999.99999874827]
J=2.1e-05, ⟨Jf⟩=2.0e-05, ⟨B·n⟩=1.0e-03, Len=sum([4.1, 4.0, 3.8, 3.7])=15.7, ϰ=[4.0, 3.7, 4.0, 3.9], ∫ϰ²/L>=[5.0, 5.0, 5.1, 5.2], C-C-Sep=0.10, ║∇J║=2.7e-05
Iteration 1422/2000-----
currents: [100000.0, 99999.99999844588, 99999.99999863168, 99999.99999874832]
J=2.1e-05, ⟨Jf⟩=2.0e-05, ⟨B·n⟩=1.0e-03, Len=sum([4.1, 4.0, 3.8, 3.7])=15.7, ϰ=[4.0, 3.7, 4.0, 3.9], ∫ϰ²/L>=[5.0, 5.0, 5.1, 5.2], C-C-Sep=0.10, ║∇J║=2.1e-05
Iteration 1423/2000-----
currents: [100000.0, 99999.99999844594, 99999.99999863171, 99999.99999874833]
J=2.1e-05, ⟨Jf⟩=2.0e-05, ⟨B·n⟩=1.0e-03, Len=sum([4.1, 4.0, 3.8, 3.7])=15.7, ϰ=[4.0, 3.7, 4.0, 3.9], ∫ϰ²/L>=[5.0, 5.0, 5.1, 5.2], C-C-Sep=0.10, ║∇J║=2.4e-05
Iteration 1424/2000-----
currents: [100000.0, 99999.99999844581, 99999.99999863158, 99999.99999874823]
J=2.1e-05, ⟨Jf⟩=2.0e-05, ⟨B·n⟩=1.0e-03, Len=sum([4.1, 4.0, 3.8, 3.7])=15.7, ϰ=[4.0, 3.7, 4.0, 3.9], ∫ϰ²/L>=[5.0, 5.0, 5.1, 5.2], C-C-Sep=0.10, ║∇J║=3.7e-05
Iteration 1425/2000-----
currents: [100000.0, 99999.99999844545, 99999.99999863126, 99999.99999874797]
J=2.1e-05, ⟨Jf⟩=2.0e-05, ⟨B·n⟩=1.0e-03, Len=sum([4.1, 4.0, 3.8, 3.7])=15.7, ϰ=[4.0, 3.7, 4.0, 3.9], ∫ϰ²/L>=[5.0, 5.0, 5.1, 5.2], C-C-Sep=0.10, ║∇J║=3.0e-05
Iteration 1426/2000-----
currents: [100000.0, 99999.99999844481, 99999.99999863072, 99999.99999874755]
J=2.1e-05, ⟨Jf⟩=2.0e-05, ⟨B·n⟩=1.0e-03, Len=sum([4.1, 4.0, 3.8, 3.7])=15.7, ϰ=[4.0, 3.7, 4.0, 3.9], ∫ϰ²/L>=[5.0, 5.0, 5.1, 5.2], C-C-Sep=0.10, ║∇J║=3.1e-05
Iteration 1427/2000-----
currents: [100000.0, 99999.99999844396, 99999.99999863001, 99999.999998747]
J=2.1e-05, ⟨Jf⟩=2.0e-05, ⟨B·n⟩=1.0e-03, Len=sum([4.1, 4.0, 3.8, 3.7])=15.7, ϰ=[4.0, 3.7, 4.0, 3.9], ∫ϰ²/L>=[5.0, 5.0, 5.1, 5.2], C-C-Sep=0.10, ║∇J║=4.4e-05
Iteration 1428/2000-----
currents: [100000.0, 99999.9999984436, 99999.9999986297, 99999.99999874676]
J=2.1e-05, ⟨Jf⟩=2.0e-05, ⟨B·n⟩=1.0e-03, Len=sum([4.1, 4.0, 3.8, 3.7])=15.7, ϰ=[4.0, 3.7, 4.0, 3.9], ∫ϰ²/L>=[5.0, 5.0, 5.1, 5.2], C-C-Sep=0.10, ║∇J║=3.4e-05
Iteration 1429/2000-----
currents: [100000.0, 99999.99999844316, 99999.99999862934, 99999.99999874648]
J=2.1e-05, ⟨Jf⟩=2.0e-05, ⟨B·n⟩=1.0e-03, Len=sum([4.1, 4.0, 3.8, 3.7])=15.7, ϰ=[4.0, 3.7, 4.0, 3.9], ∫ϰ²/L>=[5.0, 5.0, 5.1, 5.2], C-C-Sep=0.10, ║∇J║=3.5e-05
Iteration 1430/2000-----
currents: [100000.0, 99999.99999844244, 99999.99999862871, 99999.999998746]
J=2.1e-05, ⟨Jf⟩=2.0e-05, ⟨B·n⟩=1.0e-03, Len=sum([4.1, 4.0, 3.8, 3.7])=15.7, ϰ=[4.0, 3.7, 4.0, 3.9], ∫ϰ²/L>=[5.0, 5.0, 5.1, 5.2], C-C-Sep=0.10, ║∇J║=5.5e-05
Iteration 1431/2000-----
currents: [100000.0, 99999.99999844166, 99999.99999862805, 99999.99999874551]
J=2.1e-05, ⟨Jf⟩=2.0e-05, ⟨B·n⟩=1.0e-03, Len=sum([4.1, 4.0, 3.8, 3.7])=15.7, ϰ=[4.0, 3.7, 4.0, 3.9], ∫ϰ²/L>=[5.0, 5.0, 5.1, 5.2], C-C-Sep=0.10, ║∇J║=6.0e-05
Iteration 1432/2000-----
currents: [100000.0, 99999.99999844108, 99999.99999862755, 99999.99999874514]
J=2.1e-05, ⟨Jf⟩=2.0e-05, ⟨B·n⟩=1.0e-03, Len=sum([4.1, 4.0, 3.8, 3.7])=15.7, ϰ=[4.0, 3.7, 4.0, 3.9], ∫ϰ²/L>=[5.0, 5.0, 5.1, 5.2], C-C-Sep=0.10, ║∇J║=4.5e-05
Iteration 1433/2000-----
currents: [100000.0, 99999.99999843995, 99999.99999862658, 99999.9999987444]
J=2.1e-05, ⟨Jf⟩=2.0e-05, ⟨B·n⟩=1.0e-03, Len=sum([4.1, 4.0, 3.8, 3.7])=15.7, ϰ=[4.0, 3.7, 4.0, 3.9], ∫ϰ²/L>=[5.0, 5.0, 5.1, 5.2], C-C-Sep=0.10, ║∇J║=4.2e-05
Iteration 1434/2000-----
currents: [100000.0, 99999.99999843913, 99999.99999862589, 99999.99999874392]
J=2.1e-05, ⟨Jf⟩=2.0e-05, ⟨B·n⟩=1.0e-03, Len=sum([4.1, 4.0, 3.8, 3.7])=15.7, ϰ=[4.0, 3.7, 4.0, 3.9], ∫ϰ²/L>=[5.0, 5.0, 5.1, 5.2], C-C-Sep=0.10, ║∇J║=6.0e-05
Iteration 1435/2000-----
currents: [100000.0, 99999.99999843874, 99999.99999862556, 99999.99999874365]
J=2.1e-05, ⟨Jf⟩=2.0e-05, ⟨B·n⟩=1.0e-03, Len=sum([4.1, 4.0, 3.8, 3.7])=15.7, ϰ=[3.9, 3.7, 4.0, 3.9], ∫ϰ²/L>=[5.0, 5.0, 5.1, 5.2], C-C-Sep=0.10, ║∇J║=4.0e-05
Iteration 1436/2000-----
currents: [100000.0, 99999.99999843829, 99999.99999862516, 99999.99999874328]
J=2.1e-05, ⟨Jf⟩=2.0e-05, ⟨B·n⟩=1.0e-03, Len=sum([4.1, 4.0, 3.8, 3.7])=15.7, ϰ=[3.9, 3.7, 4.0, 3.9], ∫ϰ²/L>=[5.0, 5.0, 5.1, 5.2], C-C-Sep=0.10, ║∇J║=3.0e-05
Iteration 1437/2000-----
currents: [100000.0, 99999.99999843781, 99999.99999862476, 99999.99999874295]
J=2.1e-05, ⟨Jf⟩=2.0e-05, ⟨B·n⟩=1.0e-03, Len=sum([4.1, 4.0, 3.8, 3.7])=15.7, ϰ=[3.9, 3.7, 4.0, 3.9], ∫ϰ²/L>=[5.0, 5.0, 5.1, 5.2], C-C-Sep=0.10, ║∇J║=3.3e-05
Iteration 1438/2000-----
currents: [100000.0, 99999.99999843737, 99999.99999862438, 99999.99999874261]
J=2.1e-05, ⟨Jf⟩=2.0e-05, ⟨B·n⟩=1.0e-03, Len=sum([4.1, 4.0, 3.8, 3.7])=15.7, ϰ=[3.9, 3.7, 4.0, 3.9], ∫ϰ²/L>=[5.0, 5.0, 5.1, 5.2], C-C-Sep=0.10, ║∇J║=2.4e-05
Iteration 1439/2000-----
currents: [100000.0, 99999.99999843689, 99999.99999862396, 99999.99999874225]
J=2.1e-05, ⟨Jf⟩=2.0e-05, ⟨B·n⟩=1.0e-03, Len=sum([4.1, 4.0, 3.8, 3.7])=15.7, ϰ=[3.9, 3.7, 4.0, 3.9], ∫ϰ²/L>=[5.0, 5.0, 5.1, 5.2], C-C-Sep=0.10, ║∇J║=3.6e-05
Iteration 1440/2000-----
currents: [100000.0, 99999.99999843672, 99999.99999862381, 99999.99999874213]
J=2.1e-05, ⟨Jf⟩=2.0e-05, ⟨B·n⟩=1.0e-03, Len=sum([4.1, 4.0, 3.8, 3.7])=15.7, ϰ=[3.9, 3.7, 4.0, 3.9], ∫ϰ²/L>=[5.0, 5.0, 5.1, 5.2], C-C-Sep=0.10, ║∇J║=2.9e-05
Iteration 1441/2000-----
currents: [100000.0, 99999.99999843663, 99999.99999862374, 99999.99999874209]
J=2.1e-05, ⟨Jf⟩=2.0e-05, ⟨B·n⟩=1.0e-03, Len=sum([4.1, 4.0, 3.8, 3.7])=15.7, ϰ=[3.9, 3.7, 4.0, 3.9], ∫ϰ²/L>=[5.0, 5.0, 5.1, 5.2], C-C-Sep=0.10, ║∇J║=2.3e-05
Iteration 1442/2000-----
currents: [100000.0, 99999.99999843631, 99999.99999862346, 99999.99999874189]
J=2.1e-05, ⟨Jf⟩=2.0e-05, ⟨B·n⟩=1.0e-03, Len=sum([4.1, 4.0, 3.8, 3.7])=15.7, ϰ=[3.9, 3.7, 4.0, 3.9], ∫ϰ²/L>=[5.0, 5.0, 5.1, 5.2], C-C-Sep=0.10, ║∇J║=2.7e-05
Iteration 1443/2000-----
currents: [100000.0, 99999.99999843593, 99999.99999862311, 99999.99999874161]
J=2.1e-05, ⟨Jf⟩=2.0e-05, ⟨B·n⟩=1.0e-03, Len=sum([4.1, 4.0, 3.8, 3.7])=15.7, ϰ=[3.9, 3.7, 4.0, 3.9], ∫ϰ²/L>=[5.0, 5.0, 5.1, 5.2], C-C-Sep=0.10, ║∇J║=4.1e-05
Iteration 1444/2000-----
currents: [100000.0, 99999.99999843573, 99999.99999862294, 99999.99999874146]
J=2.1e-05, ⟨Jf⟩=2.0e-05, ⟨B·n⟩=1.0e-03, Len=sum([4.1, 4.0, 3.8, 3.7])=15.7, ϰ=[3.9, 3.7, 4.0, 3.9], ∫ϰ²/L>=[5.0, 5.0, 5.1, 5.2], C-C-Sep=0.10, ║∇J║=2.9e-05
Iteration 1445/2000-----
currents: [100000.0, 99999.99999843516, 99999.99999862244, 99999.99999874104]
J=2.1e-05, ⟨Jf⟩=2.0e-05, ⟨B·n⟩=1.0e-03, Len=sum([4.1, 4.0, 3.8, 3.7])=15.7, ϰ=[3.9, 3.7, 4.0, 3.9], ∫ϰ²/L>=[5.0, 5.0, 5.1, 5.2], C-C-Sep=0.10, ║∇J║=2.5e-05
Iteration 1446/2000-----
currents: [100000.0, 99999.99999843478, 99999.99999862211, 99999.99999874078]
J=2.1e-05, ⟨Jf⟩=2.0e-05, ⟨B·n⟩=1.0e-03, Len=sum([4.1, 4.0, 3.8, 3.7])=15.7, ϰ=[3.9, 3.7, 4.0, 3.9], ∫ϰ²/L>=[5.0, 5.0, 5.1, 5.2], C-C-Sep=0.10, ║∇J║=3.2e-05
Iteration 1447/2000-----
currents: [100000.0, 99999.99999843394, 99999.99999862135, 99999.99999874021]
J=2.1e-05, ⟨Jf⟩=2.0e-05, ⟨B·n⟩=1.0e-03, Len=sum([4.1, 4.0, 3.8, 3.7])=15.7, ϰ=[3.9, 3.7, 4.0, 3.9], ∫ϰ²/L>=[5.0, 5.0, 5.1, 5.2], C-C-Sep=0.10, ║∇J║=4.5e-05
Iteration 1448/2000-----
currents: [100000.0, 99999.99999843331, 99999.99999862078, 99999.9999987398]
J=2.1e-05, ⟨Jf⟩=2.0e-05, ⟨B·n⟩=1.0e-03, Len=sum([4.1, 4.0, 3.8, 3.7])=15.7, ϰ=[3.9, 3.7, 4.0, 3.9], ∫ϰ²/L>=[5.0, 5.0, 5.1, 5.2], C-C-Sep=0.10, ║∇J║=5.5e-05
Iteration 1449/2000-----
currents: [100000.0, 99999.99999843308, 99999.99999862057, 99999.99999873969]
J=2.1e-05, ⟨Jf⟩=2.0e-05, ⟨B·n⟩=1.0e-03, Len=sum([4.1, 4.0, 3.8, 3.7])=15.7, ϰ=[3.9, 3.7, 4.0, 3.9], ∫ϰ²/L>=[5.0, 5.0, 5.1, 5.2], C-C-Sep=0.10, ║∇J║=4.2e-05
Iteration 1450/2000-----
currents: [100000.0, 99999.99999843258, 99999.99999862007, 99999.99999873944]
J=2.1e-05, ⟨Jf⟩=2.0e-05, ⟨B·n⟩=1.0e-03, Len=sum([4.1, 4.0, 3.8, 3.7])=15.7, ϰ=[3.9, 3.7, 4.0, 3.9], ∫ϰ²/L>=[5.0, 5.0, 5.1, 5.2], C-C-Sep=0.10, ║∇J║=4.7e-05
Iteration 1451/2000-----
currents: [100000.0, 99999.99999843173, 99999.99999861929, 99999.99999873892]
J=2.1e-05, ⟨Jf⟩=2.0e-05, ⟨B·n⟩=1.0e-03, Len=sum([4.1, 4.0, 3.8, 3.7])=15.7, ϰ=[3.9, 3.7, 4.0, 3.9], ∫ϰ²/L>=[5.0, 5.0, 5.1, 5.2], C-C-Sep=0.10, ║∇J║=6.0e-05
Iteration 1452/2000-----
currents: [100000.0, 99999.99999843047, 99999.99999861814, 99999.9999987381]
J=2.1e-05, ⟨Jf⟩=2.0e-05, ⟨B·n⟩=1.0e-03, Len=sum([4.1, 4.0, 3.8, 3.7])=15.7, ϰ=[3.9, 3.7, 4.0, 3.9], ∫ϰ²/L>=[5.0, 5.0, 5.1, 5.2], C-C-Sep=0.10, ║∇J║=5.2e-05
Iteration 1453/2000-----
currents: [100000.0, 99999.99999842788, 99999.99999861576, 99999.99999873637]
J=2.1e-05, ⟨Jf⟩=2.0e-05, ⟨B·n⟩=1.0e-03, Len=sum([4.1, 4.0, 3.8, 3.7])=15.7, ϰ=[3.9, 3.7, 4.0, 3.9], ∫ϰ²/L>=[5.0, 5.0, 5.1, 5.2], C-C-Sep=0.10, ║∇J║=1.3e-04
Iteration 1454/2000-----
currents: [100000.0, 99999.99999842748, 99999.99999861539, 99999.99999873606]
J=2.1e-05, ⟨Jf⟩=2.0e-05, ⟨B·n⟩=1.0e-03, Len=sum([4.1, 4.0, 3.8, 3.7])=15.7, ϰ=[3.9, 3.8, 4.0, 3.9], ∫ϰ²/L>=[5.0, 5.0, 5.1, 5.2], C-C-Sep=0.10, ║∇J║=3.6e-05
Iteration 1455/2000-----
currents: [100000.0, 99999.99999842755, 99999.99999861547, 99999.99999873611]
J=2.1e-05, ⟨Jf⟩=2.0e-05, ⟨B·n⟩=1.0e-03, Len=sum([4.1, 4.0, 3.8, 3.7])=15.7, ϰ=[3.9, 3.8, 4.0, 3.9], ∫ϰ²/L>=[5.0, 5.0, 5.1, 5.2], C-C-Sep=0.10, ║∇J║=2.7e-05
Iteration 1456/2000-----
currents: [100000.0, 99999.99999842694, 99999.99999861495, 99999.9999987357]
J=2.1e-05, ⟨Jf⟩=2.0e-05, ⟨B·n⟩=1.0e-03, Len=sum([4.1, 4.0, 3.8, 3.7])=15.7, ϰ=[3.9, 3.8, 4.0, 3.9], ∫ϰ²/L>=[5.0, 5.0, 5.1, 5.2], C-C-Sep=0.10, ║∇J║=2.5e-05
Iteration 1457/2000-----
currents: [100000.0, 99999.99999842622, 99999.99999861432, 99999.99999873528]
J=2.1e-05, ⟨Jf⟩=2.0e-05, ⟨B·n⟩=1.0e-03, Len=sum([4.1, 4.0, 3.8, 3.7])=15.7, ϰ=[3.9, 3.7, 4.0, 3.9], ∫ϰ²/L>=[5.0, 5.0, 5.1, 5.2], C-C-Sep=0.10, ║∇J║=7.6e-05
Iteration 1458/2000-----
currents: [100000.0, 99999.99999842659, 99999.99999861464, 99999.9999987355]
J=2.1e-05, ⟨Jf⟩=2.0e-05, ⟨B·n⟩=1.0e-03, Len=sum([4.1, 4.0, 3.8, 3.7])=15.7, ϰ=[3.9, 3.7, 4.0, 3.9], ∫ϰ²/L>=[5.0, 5.0, 5.1, 5.2], C-C-Sep=0.10, ║∇J║=3.5e-05
Iteration 1459/2000-----
currents: [100000.0, 99999.99999842622, 99999.99999861432, 99999.99999873528]
J=2.1e-05, ⟨Jf⟩=2.0e-05, ⟨B·n⟩=1.0e-03, Len=sum([4.1, 4.0, 3.8, 3.7])=15.7, ϰ=[3.9, 3.8, 4.0, 3.9], ∫ϰ²/L>=[5.0, 5.0, 5.1, 5.2], C-C-Sep=0.10, ║∇J║=2.2e-05
Iteration 1460/2000-----
currents: [100000.0, 99999.99999842586, 99999.999998614, 99999.99999873506]
J=2.1e-05, ⟨Jf⟩=2.0e-05, ⟨B·n⟩=1.0e-03, Len=sum([4.1, 4.0, 3.8, 3.7])=15.7, ϰ=[3.9, 3.8, 4.0, 3.9], ∫ϰ²/L>=[5.0, 5.0, 5.1, 5.2], C-C-Sep=0.10, ║∇J║=1.8e-05
Iteration 1461/2000-----
currents: [100000.0, 99999.99999842561, 99999.99999861377, 99999.99999873491]
J=2.1e-05, ⟨Jf⟩=2.0e-05, ⟨B·n⟩=1.0e-03, Len=sum([4.1, 4.0, 3.8, 3.7])=15.7, ϰ=[3.9, 3.8, 4.0, 3.9], ∫ϰ²/L>=[5.0, 5.0, 5.1, 5.2], C-C-Sep=0.10, ║∇J║=2.9e-05
Iteration 1462/2000-----
currents: [100000.0, 99999.99999842541, 99999.99999861358, 99999.99999873477]
J=2.1e-05, ⟨Jf⟩=2.0e-05, ⟨B·n⟩=1.0e-03, Len=sum([4.1, 4.0, 3.8, 3.7])=15.7, ϰ=[3.9, 3.8, 4.0, 3.9], ∫ϰ²/L>=[5.0, 5.0, 5.1, 5.2], C-C-Sep=0.10, ║∇J║=2.3e-05
Iteration 1463/2000-----
currents: [100000.0, 99999.99999842531, 99999.99999861348, 99999.99999873468]
J=2.1e-05, ⟨Jf⟩=2.0e-05, ⟨B·n⟩=1.0e-03, Len=sum([4.1, 4.0, 3.8, 3.7])=15.7, ϰ=[3.9, 3.8, 4.0, 3.9], ∫ϰ²/L>=[5.0, 5.0, 5.1, 5.2], C-C-Sep=0.10, ║∇J║=2.2e-05
Iteration 1464/2000-----
currents: [100000.0, 99999.99999842506, 99999.99999861325, 99999.99999873448]
J=2.1e-05, ⟨Jf⟩=2.0e-05, ⟨B·n⟩=1.0e-03, Len=sum([4.1, 4.0, 3.8, 3.7])=15.7, ϰ=[3.9, 3.8, 4.0, 3.9], ∫ϰ²/L>=[5.0, 5.0, 5.1, 5.2], C-C-Sep=0.10, ║∇J║=3.3e-05
Iteration 1465/2000-----
currents: [100000.0, 99999.99999842455, 99999.9999986128, 99999.99999873413]
J=2.1e-05, ⟨Jf⟩=2.0e-05, ⟨B·n⟩=1.0e-03, Len=sum([4.1, 4.0, 3.8, 3.7])=15.7, ϰ=[3.9, 3.8, 4.0, 3.9], ∫ϰ²/L>=[5.0, 5.0, 5.1, 5.2], C-C-Sep=0.10, ║∇J║=3.9e-05
Iteration 1466/2000-----
currents: [100000.0, 99999.99999842404, 99999.99999861234, 99999.99999873381]
J=2.1e-05, ⟨Jf⟩=2.0e-05, ⟨B·n⟩=1.0e-03, Len=sum([4.1, 4.0, 3.8, 3.7])=15.7, ϰ=[3.9, 3.7, 4.0, 3.9], ∫ϰ²/L>=[5.0, 5.0, 5.1, 5.2], C-C-Sep=0.10, ║∇J║=3.4e-05
Iteration 1467/2000-----
currents: [100000.0, 99999.99999842302, 99999.99999861146, 99999.99999873317]
J=2.1e-05, ⟨Jf⟩=2.0e-05, ⟨B·n⟩=1.0e-03, Len=sum([4.1, 4.0, 3.8, 3.7])=15.7, ϰ=[3.9, 3.8, 4.0, 3.9], ∫ϰ²/L>=[5.0, 5.0, 5.1, 5.2], C-C-Sep=0.10, ║∇J║=3.4e-05
Iteration 1468/2000-----
currents: [100000.0, 99999.99999842187, 99999.99999861048, 99999.99999873251]
J=2.1e-05, ⟨Jf⟩=2.0e-05, ⟨B·n⟩=1.0e-03, Len=sum([4.1, 4.0, 3.8, 3.7])=15.7, ϰ=[3.9, 3.8, 4.0, 3.9], ∫ϰ²/L>=[5.0, 5.0, 5.1, 5.2], C-C-Sep=0.10, ║∇J║=4.9e-05
Iteration 1469/2000-----
currents: [100000.0, 99999.99999842099, 99999.99999860974, 99999.999998732]
J=2.1e-05, ⟨Jf⟩=2.0e-05, ⟨B·n⟩=1.0e-03, Len=sum([4.1, 4.0, 3.8, 3.7])=15.7, ϰ=[3.9, 3.8, 4.0, 3.9], ∫ϰ²/L>=[5.0, 5.0, 5.1, 5.2], C-C-Sep=0.10, ║∇J║=4.0e-05
Iteration 1470/2000-----
currents: [100000.0, 99999.99999841968, 99999.99999860866, 99999.99999873126]
J=2.1e-05, ⟨Jf⟩=2.0e-05, ⟨B·n⟩=1.0e-03, Len=sum([4.1, 4.0, 3.8, 3.7])=15.7, ϰ=[3.9, 3.8, 4.0, 3.9], ∫ϰ²/L>=[5.0, 5.0, 5.1, 5.2], C-C-Sep=0.10, ║∇J║=4.6e-05
Iteration 1471/2000-----
currents: [100000.0, 99999.99999841857, 99999.99999860775, 99999.99999873055]
J=2.1e-05, ⟨Jf⟩=2.0e-05, ⟨B·n⟩=1.0e-03, Len=sum([4.1, 4.0, 3.8, 3.7])=15.7, ϰ=[3.9, 3.8, 4.0, 3.9], ∫ϰ²/L>=[5.0, 5.0, 5.1, 5.2], C-C-Sep=0.10, ║∇J║=6.1e-05
Iteration 1472/2000-----
currents: [100000.0, 99999.99999841864, 99999.9999986078, 99999.99999873058]
J=2.1e-05, ⟨Jf⟩=2.0e-05, ⟨B·n⟩=1.0e-03, Len=sum([4.1, 4.0, 3.8, 3.7])=15.7, ϰ=[3.9, 3.8, 4.0, 3.9], ∫ϰ²/L>=[5.0, 5.0, 5.1, 5.2], C-C-Sep=0.10, ║∇J║=2.4e-05
Iteration 1473/2000-----
currents: [100000.0, 99999.99999841856, 99999.99999860772, 99999.99999873049]
J=2.1e-05, ⟨Jf⟩=2.0e-05, ⟨B·n⟩=1.0e-03, Len=sum([4.1, 4.0, 3.8, 3.7])=15.7, ϰ=[3.9, 3.8, 4.0, 3.9], ∫ϰ²/L>=[5.0, 5.0, 5.1, 5.2], C-C-Sep=0.10, ║∇J║=1.9e-05
Iteration 1474/2000-----
currents: [100000.0, 99999.99999841813, 99999.99999860735, 99999.9999987302]
J=2.1e-05, ⟨Jf⟩=2.0e-05, ⟨B·n⟩=1.0e-03, Len=sum([4.1, 4.0, 3.8, 3.7])=15.7, ϰ=[3.9, 3.8, 4.0, 3.9], ∫ϰ²/L>=[5.0, 5.0, 5.1, 5.2], C-C-Sep=0.10, ║∇J║=1.8e-05
Iteration 1475/2000-----
currents: [100000.0, 99999.99999841768, 99999.99999860696, 99999.99999872991]
J=2.1e-05, ⟨Jf⟩=2.0e-05, ⟨B·n⟩=1.0e-03, Len=sum([4.1, 4.0, 3.8, 3.7])=15.7, ϰ=[3.9, 3.8, 4.0, 3.9], ∫ϰ²/L>=[5.0, 5.0, 5.1, 5.2], C-C-Sep=0.10, ║∇J║=3.2e-05
Iteration 1476/2000-----
currents: [100000.0, 99999.99999841728, 99999.99999860663, 99999.99999872966]
J=2.1e-05, ⟨Jf⟩=2.0e-05, ⟨B·n⟩=1.0e-03, Len=sum([4.1, 4.0, 3.8, 3.7])=15.7, ϰ=[3.9, 3.8, 4.0, 3.9], ∫ϰ²/L>=[5.0, 5.0, 5.1, 5.2], C-C-Sep=0.10, ║∇J║=1.8e-05
Iteration 1477/2000-----
currents: [100000.0, 99999.99999841696, 99999.99999860636, 99999.99999872949]
J=2.1e-05, ⟨Jf⟩=2.0e-05, ⟨B·n⟩=1.0e-03, Len=sum([4.1, 4.0, 3.8, 3.7])=15.7, ϰ=[3.9, 3.8, 4.0, 3.9], ∫ϰ²/L>=[5.0, 5.0, 5.1, 5.2], C-C-Sep=0.10, ║∇J║=1.8e-05
Iteration 1478/2000-----
currents: [100000.0, 99999.99999841652, 99999.999998606, 99999.99999872924]
J=2.1e-05, ⟨Jf⟩=2.0e-05, ⟨B·n⟩=1.0e-03, Len=sum([4.1, 4.0, 3.8, 3.7])=15.7, ϰ=[3.9, 3.8, 4.0, 3.9], ∫ϰ²/L>=[5.0, 5.0, 5.1, 5.2], C-C-Sep=0.10, ║∇J║=2.7e-05
Iteration 1479/2000-----
currents: [100000.0, 99999.99999841602, 99999.99999860558, 99999.99999872895]
J=2.1e-05, ⟨Jf⟩=2.0e-05, ⟨B·n⟩=1.0e-03, Len=sum([4.1, 4.0, 3.8, 3.7])=15.7, ϰ=[3.9, 3.8, 4.0, 3.9], ∫ϰ²/L>=[5.0, 5.0, 5.1, 5.2], C-C-Sep=0.10, ║∇J║=4.2e-05
Iteration 1480/2000-----
currents: [100000.0, 99999.99999841559, 99999.9999986052, 99999.99999872866]
J=2.1e-05, ⟨Jf⟩=2.0e-05, ⟨B·n⟩=1.0e-03, Len=sum([4.1, 4.0, 3.8, 3.7])=15.7, ϰ=[3.9, 3.8, 4.0, 3.9], ∫ϰ²/L>=[5.0, 5.0, 5.1, 5.2], C-C-Sep=0.10, ║∇J║=2.8e-05
Iteration 1481/2000-----
currents: [100000.0, 99999.99999841485, 99999.99999860454, 99999.99999872812]
J=2.1e-05, ⟨Jf⟩=2.0e-05, ⟨B·n⟩=1.0e-03, Len=sum([4.1, 4.0, 3.8, 3.7])=15.7, ϰ=[3.9, 3.8, 4.0, 3.9], ∫ϰ²/L>=[5.0, 5.0, 5.1, 5.2], C-C-Sep=0.10, ║∇J║=3.1e-05
Iteration 1482/2000-----
currents: [100000.0, 99999.99999841397, 99999.99999860377, 99999.99999872751]
J=2.1e-05, ⟨Jf⟩=2.0e-05, ⟨B·n⟩=1.0e-03, Len=sum([4.1, 4.0, 3.8, 3.7])=15.7, ϰ=[3.9, 3.8, 4.0, 3.9], ∫ϰ²/L>=[5.0, 5.0, 5.1, 5.2], C-C-Sep=0.10, ║∇J║=3.8e-05
Iteration 1483/2000-----
currents: [100000.0, 99999.9999984121, 99999.99999860211, 99999.99999872623]
J=2.1e-05, ⟨Jf⟩=2.0e-05, ⟨B·n⟩=1.0e-03, Len=sum([4.1, 4.0, 3.8, 3.7])=15.7, ϰ=[3.9, 3.8, 4.0, 3.9], ∫ϰ²/L>=[5.0, 5.1, 5.1, 5.2], C-C-Sep=0.10, ║∇J║=7.1e-05
Iteration 1484/2000-----
currents: [100000.0, 99999.99999841124, 99999.99999860134, 99999.99999872567]
J=2.1e-05, ⟨Jf⟩=2.0e-05, ⟨B·n⟩=1.0e-03, Len=sum([4.1, 4.0, 3.8, 3.7])=15.7, ϰ=[3.9, 3.8, 4.0, 3.9], ∫ϰ²/L>=[5.0, 5.1, 5.1, 5.2], C-C-Sep=0.10, ║∇J║=3.3e-05
Iteration 1485/2000-----
currents: [100000.0, 99999.99999841065, 99999.9999986008, 99999.99999872534]
J=2.1e-05, ⟨Jf⟩=2.0e-05, ⟨B·n⟩=1.0e-03, Len=sum([4.1, 4.0, 3.8, 3.7])=15.7, ϰ=[3.9, 3.7, 4.0, 3.9], ∫ϰ²/L>=[5.0, 5.0, 5.1, 5.2], C-C-Sep=0.10, ║∇J║=3.5e-05
Iteration 1486/2000-----
currents: [100000.0, 99999.99999840998, 99999.99999860018, 99999.99999872496]
J=2.1e-05, ⟨Jf⟩=2.0e-05, ⟨B·n⟩=1.0e-03, Len=sum([4.1, 4.0, 3.8, 3.7])=15.7, ϰ=[3.9, 3.7, 4.0, 3.9], ∫ϰ²/L>=[5.0, 5.0, 5.1, 5.2], C-C-Sep=0.10, ║∇J║=4.3e-05
Iteration 1487/2000-----
currents: [100000.0, 99999.99999840888, 99999.99999859915, 99999.99999872428]
J=2.1e-05, ⟨Jf⟩=2.0e-05, ⟨B·n⟩=1.0e-03, Len=sum([4.1, 4.0, 3.8, 3.7])=15.7, ϰ=[3.9, 3.7, 4.0, 3.9], ∫ϰ²/L>=[5.0, 5.0, 5.1, 5.2], C-C-Sep=0.10, ║∇J║=5.0e-05
Iteration 1488/2000-----
currents: [100000.0, 99999.99999840795, 99999.99999859824, 99999.99999872371]
J=2.1e-05, ⟨Jf⟩=2.0e-05, ⟨B·n⟩=1.0e-03, Len=sum([4.1, 4.0, 3.8, 3.7])=15.7, ϰ=[3.9, 3.7, 4.0, 3.9], ∫ϰ²/L>=[5.0, 5.0, 5.1, 5.2], C-C-Sep=0.10, ║∇J║=4.9e-05
Iteration 1489/2000-----
currents: [100000.0, 99999.99999840789, 99999.9999985982, 99999.99999872364]
J=2.1e-05, ⟨Jf⟩=2.0e-05, ⟨B·n⟩=1.0e-03, Len=sum([4.1, 4.0, 3.8, 3.7])=15.7, ϰ=[3.9, 3.8, 4.0, 3.9], ∫ϰ²/L>=[5.0, 5.0, 5.1, 5.2], C-C-Sep=0.10, ║∇J║=2.2e-05
Iteration 1490/2000-----
currents: [100000.0, 99999.9999984078, 99999.99999859814, 99999.99999872355]
J=2.1e-05, ⟨Jf⟩=2.0e-05, ⟨B·n⟩=1.0e-03, Len=sum([4.1, 4.0, 3.8, 3.7])=15.7, ϰ=[3.9, 3.8, 4.0, 3.9], ∫ϰ²/L>=[5.0, 5.0, 5.1, 5.2], C-C-Sep=0.10, ║∇J║=2.4e-05
Iteration 1491/2000-----
currents: [100000.0, 99999.99999840744, 99999.99999859782, 99999.9999987233]
J=2.1e-05, ⟨Jf⟩=2.0e-05, ⟨B·n⟩=1.0e-03, Len=sum([4.1, 4.0, 3.8, 3.7])=15.7, ϰ=[3.9, 3.8, 4.0, 3.9], ∫ϰ²/L>=[5.0, 5.0, 5.1, 5.2], C-C-Sep=0.10, ║∇J║=2.9e-05
Iteration 1492/2000-----
currents: [100000.0, 99999.99999840667, 99999.99999859715, 99999.99999872278]
J=2.1e-05, ⟨Jf⟩=2.0e-05, ⟨B·n⟩=1.0e-03, Len=sum([4.1, 4.0, 3.8, 3.7])=15.7, ϰ=[3.9, 3.8, 4.0, 3.9], ∫ϰ²/L>=[5.0, 5.0, 5.1, 5.2], C-C-Sep=0.10, ║∇J║=3.3e-05
Iteration 1493/2000-----
currents: [100000.0, 99999.99999840654, 99999.99999859702, 99999.99999872272]
J=2.1e-05, ⟨Jf⟩=2.0e-05, ⟨B·n⟩=1.0e-03, Len=sum([4.1, 4.0, 3.8, 3.7])=15.7, ϰ=[3.9, 3.7, 4.0, 3.9], ∫ϰ²/L>=[5.0, 5.0, 5.1, 5.2], C-C-Sep=0.10, ║∇J║=1.8e-05
Iteration 1494/2000-----
currents: [100000.0, 99999.99999840629, 99999.99999859679, 99999.99999872259]
J=2.1e-05, ⟨Jf⟩=2.0e-05, ⟨B·n⟩=1.0e-03, Len=sum([4.1, 4.0, 3.8, 3.7])=15.7, ϰ=[3.9, 3.7, 4.0, 3.9], ∫ϰ²/L>=[5.0, 5.0, 5.1, 5.2], C-C-Sep=0.10, ║∇J║=1.9e-05
Iteration 1495/2000-----
currents: [100000.0, 99999.99999840616, 99999.99999859666, 99999.99999872252]
J=2.1e-05, ⟨Jf⟩=2.0e-05, ⟨B·n⟩=1.0e-03, Len=sum([4.1, 4.0, 3.8, 3.7])=15.7, ϰ=[3.9, 3.7, 4.0, 3.9], ∫ϰ²/L>=[5.0, 5.0, 5.1, 5.2], C-C-Sep=0.10, ║∇J║=2.4e-05
Iteration 1496/2000-----
currents: [100000.0, 99999.99999840566, 99999.99999859619, 99999.99999872223]
J=2.1e-05, ⟨Jf⟩=2.0e-05, ⟨B·n⟩=1.0e-03, Len=sum([4.1, 4.0, 3.8, 3.7])=15.7, ϰ=[3.9, 3.7, 4.0, 3.9], ∫ϰ²/L>=[5.0, 5.0, 5.1, 5.2], C-C-Sep=0.10, ║∇J║=3.7e-05
Iteration 1497/2000-----
currents: [100000.0, 99999.99999840517, 99999.99999859575, 99999.9999987219]
J=2.1e-05, ⟨Jf⟩=2.0e-05, ⟨B·n⟩=1.0e-03, Len=sum([4.1, 4.0, 3.8, 3.7])=15.7, ϰ=[3.9, 3.7, 4.0, 3.9], ∫ϰ²/L>=[5.0, 5.0, 5.1, 5.2], C-C-Sep=0.10, ║∇J║=2.7e-05
Iteration 1498/2000-----
currents: [100000.0, 99999.99999840466, 99999.9999985953, 99999.99999872156]
J=2.1e-05, ⟨Jf⟩=2.0e-05, ⟨B·n⟩=1.0e-03, Len=sum([4.1, 4.0, 3.8, 3.7])=15.7, ϰ=[4.0, 3.7, 4.0, 3.9], ∫ϰ²/L>=[5.0, 5.0, 5.1, 5.2], C-C-Sep=0.10, ║∇J║=2.7e-05
Iteration 1499/2000-----
currents: [100000.0, 99999.99999840379, 99999.99999859455, 99999.99999872097]
J=2.1e-05, ⟨Jf⟩=2.0e-05, ⟨B·n⟩=1.0e-03, Len=sum([4.1, 4.0, 3.8, 3.7])=15.7, ϰ=[4.0, 3.7, 4.0, 3.9], ∫ϰ²/L>=[5.0, 5.0, 5.1, 5.2], C-C-Sep=0.10, ║∇J║=3.7e-05
Iteration 1500/2000-----
currents: [100000.0, 99999.99999840278, 99999.99999859366, 99999.9999987203]
J=2.1e-05, ⟨Jf⟩=2.0e-05, ⟨B·n⟩=1.0e-03, Len=sum([4.1, 4.0, 3.8, 3.7])=15.7, ϰ=[4.0, 3.7, 4.0, 3.9], ∫ϰ²/L>=[5.0, 5.0, 5.1, 5.2], C-C-Sep=0.10, ║∇J║=3.8e-05
Iteration 1501/2000-----
currents: [100000.0, 99999.99999840205, 99999.999998593, 99999.99999871982]
J=2.1e-05, ⟨Jf⟩=2.0e-05, ⟨B·n⟩=1.0e-03, Len=sum([4.1, 4.0, 3.8, 3.7])=15.7, ϰ=[4.0, 3.7, 4.0, 3.9], ∫ϰ²/L>=[5.0, 5.0, 5.1, 5.2], C-C-Sep=0.10, ║∇J║=3.5e-05
Iteration 1502/2000-----
currents: [100000.0, 99999.99999840047, 99999.99999859156, 99999.99999871882]
J=2.1e-05, ⟨Jf⟩=2.0e-05, ⟨B·n⟩=1.0e-03, Len=sum([4.1, 4.0, 3.8, 3.7])=15.7, ϰ=[4.0, 3.7, 4.0, 3.9], ∫ϰ²/L>=[5.0, 5.0, 5.1, 5.2], C-C-Sep=0.10, ║∇J║=5.4e-05
Iteration 1503/2000-----
currents: [100000.0, 99999.99999839933, 99999.99999859053, 99999.99999871808]
J=2.1e-05, ⟨Jf⟩=2.0e-05, ⟨B·n⟩=1.0e-03, Len=sum([4.1, 4.0, 3.8, 3.7])=15.7, ϰ=[4.0, 3.7, 4.0, 3.9], ∫ϰ²/L>=[5.0, 5.0, 5.1, 5.2], C-C-Sep=0.10, ║∇J║=5.1e-05
Iteration 1504/2000-----
currents: [100000.0, 99999.99999839909, 99999.99999859027, 99999.99999871792]
J=2.1e-05, ⟨Jf⟩=2.0e-05, ⟨B·n⟩=1.0e-03, Len=sum([4.1, 4.0, 3.8, 3.7])=15.7, ϰ=[4.0, 3.7, 4.0, 3.9], ∫ϰ²/L>=[5.0, 5.0, 5.1, 5.2], C-C-Sep=0.10, ║∇J║=4.2e-05
Iteration 1505/2000-----
currents: [100000.0, 99999.99999839783, 99999.9999985891, 99999.99999871707]
J=2.1e-05, ⟨Jf⟩=2.0e-05, ⟨B·n⟩=1.0e-03, Len=sum([4.1, 4.0, 3.8, 3.7])=15.7, ϰ=[4.0, 3.7, 4.0, 3.9], ∫ϰ²/L>=[5.0, 5.1, 5.1, 5.2], C-C-Sep=0.10, ║∇J║=4.9e-05
Iteration 1506/2000-----
currents: [100000.0, 99999.99999839689, 99999.99999858825, 99999.99999871648]
J=2.1e-05, ⟨Jf⟩=2.0e-05, ⟨B·n⟩=1.0e-03, Len=sum([4.1, 4.0, 3.8, 3.7])=15.7, ϰ=[4.0, 3.7, 4.0, 3.9], ∫ϰ²/L>=[5.0, 5.1, 5.1, 5.2], C-C-Sep=0.10, ║∇J║=5.5e-05
Iteration 1507/2000-----
currents: [100000.0, 99999.99999839666, 99999.99999858806, 99999.99999871632]
J=2.1e-05, ⟨Jf⟩=2.0e-05, ⟨B·n⟩=1.0e-03, Len=sum([4.1, 4.0, 3.8, 3.7])=15.7, ϰ=[4.0, 3.7, 4.0, 3.9], ∫ϰ²/L>=[5.0, 5.1, 5.1, 5.2], C-C-Sep=0.10, ║∇J║=3.1e-05
Iteration 1508/2000-----
currents: [100000.0, 99999.99999839581, 99999.99999858734, 99999.99999871576]
J=2.1e-05, ⟨Jf⟩=2.0e-05, ⟨B·n⟩=1.0e-03, Len=sum([4.1, 4.0, 3.8, 3.7])=15.7, ϰ=[4.0, 3.7, 4.0, 3.9], ∫ϰ²/L>=[5.0, 5.1, 5.1, 5.2], C-C-Sep=0.10, ║∇J║=1.9e-05
Iteration 1509/2000-----
currents: [100000.0, 99999.99999839529, 99999.99999858688, 99999.99999871543]
J=2.1e-05, ⟨Jf⟩=2.0e-05, ⟨B·n⟩=1.0e-03, Len=sum([4.1, 4.0, 3.8, 3.7])=15.7, ϰ=[4.0, 3.7, 4.0, 3.9], ∫ϰ²/L>=[5.0, 5.1, 5.1, 5.2], C-C-Sep=0.10, ║∇J║=1.8e-05
Iteration 1510/2000-----
currents: [100000.0, 99999.99999839455, 99999.9999985862, 99999.99999871493]
J=2.1e-05, ⟨Jf⟩=2.0e-05, ⟨B·n⟩=1.0e-03, Len=sum([4.1, 4.0, 3.8, 3.7])=15.7, ϰ=[4.0, 3.7, 4.0, 3.9], ∫ϰ²/L>=[5.0, 5.1, 5.1, 5.2], C-C-Sep=0.10, ║∇J║=5.3e-05
Iteration 1511/2000-----
currents: [100000.0, 99999.99999839455, 99999.9999985862, 99999.99999871495]
J=2.1e-05, ⟨Jf⟩=2.0e-05, ⟨B·n⟩=1.0e-03, Len=sum([4.1, 4.0, 3.8, 3.7])=15.7, ϰ=[4.0, 3.7, 4.0, 3.9], ∫ϰ²/L>=[5.0, 5.1, 5.1, 5.2], C-C-Sep=0.10, ║∇J║=1.4e-05
Iteration 1512/2000-----
currents: [100000.0, 99999.99999839463, 99999.99999858627, 99999.99999871501]
J=2.1e-05, ⟨Jf⟩=2.0e-05, ⟨B·n⟩=1.0e-03, Len=sum([4.1, 4.0, 3.8, 3.7])=15.7, ϰ=[4.0, 3.7, 4.0, 3.9], ∫ϰ²/L>=[5.0, 5.1, 5.1, 5.2], C-C-Sep=0.10, ║∇J║=1.1e-05
Iteration 1513/2000-----
currents: [100000.0, 99999.99999839465, 99999.99999858628, 99999.99999871502]
J=2.1e-05, ⟨Jf⟩=2.0e-05, ⟨B·n⟩=1.0e-03, Len=sum([4.1, 4.0, 3.8, 3.7])=15.7, ϰ=[4.0, 3.7, 4.0, 3.9], ∫ϰ²/L>=[5.0, 5.1, 5.1, 5.2], C-C-Sep=0.10, ║∇J║=1.3e-05
Iteration 1514/2000-----
currents: [100000.0, 99999.99999839447, 99999.99999858612, 99999.9999987149]
J=2.1e-05, ⟨Jf⟩=2.0e-05, ⟨B·n⟩=1.0e-03, Len=sum([4.1, 4.0, 3.8, 3.7])=15.7, ϰ=[4.0, 3.7, 4.0, 3.9], ∫ϰ²/L>=[5.0, 5.1, 5.1, 5.2], C-C-Sep=0.10, ║∇J║=1.8e-05
Iteration 1515/2000-----
currents: [100000.0, 99999.99999839405, 99999.99999858573, 99999.99999871461]
J=2.1e-05, ⟨Jf⟩=2.0e-05, ⟨B·n⟩=1.0e-03, Len=sum([4.1, 4.0, 3.8, 3.7])=15.7, ϰ=[4.0, 3.7, 4.0, 3.9], ∫ϰ²/L>=[5.0, 5.1, 5.1, 5.2], C-C-Sep=0.10, ║∇J║=2.0e-05
Iteration 1516/2000-----
currents: [100000.0, 99999.99999839348, 99999.99999858522, 99999.99999871424]
J=2.1e-05, ⟨Jf⟩=2.0e-05, ⟨B·n⟩=1.0e-03, Len=sum([4.1, 4.0, 3.8, 3.7])=15.7, ϰ=[4.0, 3.7, 4.0, 3.9], ∫ϰ²/L>=[5.0, 5.0, 5.1, 5.2], C-C-Sep=0.10, ║∇J║=2.6e-05
Iteration 1517/2000-----
currents: [100000.0, 99999.99999839277, 99999.99999858458, 99999.99999871377]
J=2.1e-05, ⟨Jf⟩=2.0e-05, ⟨B·n⟩=1.0e-03, Len=sum([4.1, 4.0, 3.8, 3.7])=15.7, ϰ=[4.0, 3.7, 4.0, 3.9], ∫ϰ²/L>=[5.0, 5.0, 5.1, 5.2], C-C-Sep=0.10, ║∇J║=2.6e-05
Iteration 1518/2000-----
currents: [100000.0, 99999.99999839155, 99999.99999858349, 99999.99999871297]
J=2.1e-05, ⟨Jf⟩=2.0e-05, ⟨B·n⟩=1.0e-03, Len=sum([4.1, 4.0, 3.8, 3.7])=15.7, ϰ=[4.0, 3.7, 4.0, 3.9], ∫ϰ²/L>=[5.0, 5.0, 5.1, 5.2], C-C-Sep=0.10, ║∇J║=4.0e-05
Iteration 1519/2000-----
currents: [100000.0, 99999.99999839097, 99999.99999858295, 99999.9999987126]
J=2.1e-05, ⟨Jf⟩=2.0e-05, ⟨B·n⟩=1.0e-03, Len=sum([4.1, 4.0, 3.8, 3.7])=15.7, ϰ=[4.0, 3.7, 4.0, 3.9], ∫ϰ²/L>=[5.0, 5.0, 5.1, 5.2], C-C-Sep=0.10, ║∇J║=3.3e-05
Iteration 1520/2000-----
currents: [100000.0, 99999.99999839069, 99999.99999858269, 99999.99999871243]
J=2.1e-05, ⟨Jf⟩=2.0e-05, ⟨B·n⟩=1.0e-03, Len=sum([4.1, 4.0, 3.8, 3.7])=15.7, ϰ=[4.0, 3.7, 4.0, 3.9], ∫ϰ²/L>=[5.0, 5.0, 5.1, 5.2], C-C-Sep=0.10, ║∇J║=2.7e-05
Iteration 1521/2000-----
currents: [100000.0, 99999.99999839, 99999.99999858202, 99999.999998712]
J=2.1e-05, ⟨Jf⟩=2.0e-05, ⟨B·n⟩=1.0e-03, Len=sum([4.1, 4.0, 3.8, 3.7])=15.7, ϰ=[4.0, 3.7, 4.0, 3.9], ∫ϰ²/L>=[5.0, 5.0, 5.1, 5.2], C-C-Sep=0.10, ║∇J║=3.5e-05
Iteration 1522/2000-----
currents: [100000.0, 99999.99999838928, 99999.9999985813, 99999.99999871149]
J=2.1e-05, ⟨Jf⟩=2.0e-05, ⟨B·n⟩=1.0e-03, Len=sum([4.1, 4.0, 3.8, 3.7])=15.7, ϰ=[4.0, 3.7, 4.0, 3.9], ∫ϰ²/L>=[5.0, 5.0, 5.1, 5.2], C-C-Sep=0.10, ║∇J║=5.9e-05
Iteration 1523/2000-----
currents: [100000.0, 99999.99999838878, 99999.99999858084, 99999.99999871117]
J=2.1e-05, ⟨Jf⟩=2.0e-05, ⟨B·n⟩=1.0e-03, Len=sum([4.1, 4.0, 3.8, 3.7])=15.7, ϰ=[4.0, 3.7, 4.0, 3.9], ∫ϰ²/L>=[5.0, 5.0, 5.1, 5.2], C-C-Sep=0.10, ║∇J║=3.4e-05
Iteration 1524/2000-----
currents: [100000.0, 99999.99999838787, 99999.99999857997, 99999.99999871054]
J=2.1e-05, ⟨Jf⟩=2.0e-05, ⟨B·n⟩=1.0e-03, Len=sum([4.1, 4.0, 3.8, 3.7])=15.7, ϰ=[4.0, 3.7, 4.0, 3.9], ∫ϰ²/L>=[5.0, 5.0, 5.1, 5.2], C-C-Sep=0.10, ║∇J║=2.3e-05
Iteration 1525/2000-----
currents: [100000.0, 99999.99999838731, 99999.99999857944, 99999.99999871015]
J=2.1e-05, ⟨Jf⟩=2.0e-05, ⟨B·n⟩=1.0e-03, Len=sum([4.1, 4.0, 3.8, 3.7])=15.7, ϰ=[4.0, 3.7, 4.0, 3.9], ∫ϰ²/L>=[5.0, 5.0, 5.1, 5.2], C-C-Sep=0.10, ║∇J║=2.3e-05
Iteration 1526/2000-----
currents: [100000.0, 99999.9999983863, 99999.9999985785, 99999.99999870939]
J=2.1e-05, ⟨Jf⟩=2.0e-05, ⟨B·n⟩=1.0e-03, Len=sum([4.1, 4.0, 3.8, 3.7])=15.7, ϰ=[4.0, 3.7, 4.0, 3.9], ∫ϰ²/L>=[5.0, 5.1, 5.1, 5.2], C-C-Sep=0.10, ║∇J║=4.6e-05
Iteration 1527/2000-----
currents: [100000.0, 99999.99999838618, 99999.99999857841, 99999.99999870933]
J=2.1e-05, ⟨Jf⟩=2.0e-05, ⟨B·n⟩=1.0e-03, Len=sum([4.1, 4.0, 3.8, 3.7])=15.7, ϰ=[4.0, 3.7, 4.0, 3.9], ∫ϰ²/L>=[5.0, 5.1, 5.1, 5.2], C-C-Sep=0.10, ║∇J║=1.3e-05
Iteration 1528/2000-----
currents: [100000.0, 99999.99999838619, 99999.99999857844, 99999.99999870935]
J=2.1e-05, ⟨Jf⟩=2.0e-05, ⟨B·n⟩=1.0e-03, Len=sum([4.1, 4.0, 3.8, 3.7])=15.7, ϰ=[4.0, 3.7, 4.0, 3.9], ∫ϰ²/L>=[5.0, 5.1, 5.1, 5.2], C-C-Sep=0.10, ║∇J║=1.0e-05
Iteration 1529/2000-----
currents: [100000.0, 99999.99999838602, 99999.9999985783, 99999.99999870923]
J=2.1e-05, ⟨Jf⟩=2.0e-05, ⟨B·n⟩=1.0e-03, Len=sum([4.1, 4.0, 3.8, 3.7])=15.7, ϰ=[4.0, 3.8, 4.0, 3.9], ∫ϰ²/L>=[5.0, 5.1, 5.1, 5.2], C-C-Sep=0.10, ║∇J║=1.1e-05
Iteration 1530/2000-----
currents: [100000.0, 99999.99999838577, 99999.99999857809, 99999.99999870906]
J=2.1e-05, ⟨Jf⟩=2.0e-05, ⟨B·n⟩=1.0e-03, Len=sum([4.1, 4.0, 3.8, 3.7])=15.7, ϰ=[4.0, 3.8, 4.0, 3.9], ∫ϰ²/L>=[5.0, 5.1, 5.1, 5.2], C-C-Sep=0.10, ║∇J║=2.5e-05
Iteration 1531/2000-----
currents: [100000.0, 99999.9999983856, 99999.99999857794, 99999.99999870894]
J=2.1e-05, ⟨Jf⟩=2.0e-05, ⟨B·n⟩=1.0e-03, Len=sum([4.1, 4.0, 3.8, 3.7])=15.7, ϰ=[4.0, 3.8, 4.0, 3.9], ∫ϰ²/L>=[5.0, 5.1, 5.1, 5.2], C-C-Sep=0.10, ║∇J║=1.3e-05
Iteration 1532/2000-----
currents: [100000.0, 99999.99999838533, 99999.99999857772, 99999.99999870876]
J=2.1e-05, ⟨Jf⟩=2.0e-05, ⟨B·n⟩=1.0e-03, Len=sum([4.1, 4.0, 3.8, 3.7])=15.7, ϰ=[4.0, 3.8, 4.0, 3.9], ∫ϰ²/L>=[5.0, 5.1, 5.1, 5.2], C-C-Sep=0.10, ║∇J║=1.3e-05
Iteration 1533/2000-----
currents: [100000.0, 99999.99999838507, 99999.9999985775, 99999.99999870859]
J=2.1e-05, ⟨Jf⟩=2.0e-05, ⟨B·n⟩=1.0e-03, Len=sum([4.1, 4.0, 3.8, 3.7])=15.7, ϰ=[4.0, 3.8, 4.0, 3.9], ∫ϰ²/L>=[5.0, 5.1, 5.1, 5.2], C-C-Sep=0.10, ║∇J║=1.8e-05
Iteration 1534/2000-----
currents: [100000.0, 99999.99999838462, 99999.99999857714, 99999.9999987083]
J=2.1e-05, ⟨Jf⟩=2.0e-05, ⟨B·n⟩=1.0e-03, Len=sum([4.1, 4.0, 3.8, 3.7])=15.7, ϰ=[4.0, 3.8, 4.0, 3.9], ∫ϰ²/L>=[5.0, 5.1, 5.1, 5.2], C-C-Sep=0.10, ║∇J║=2.2e-05
Iteration 1535/2000-----
currents: [100000.0, 99999.9999983837, 99999.9999985764, 99999.99999870773]
J=2.1e-05, ⟨Jf⟩=2.0e-05, ⟨B·n⟩=1.0e-03, Len=sum([4.1, 4.0, 3.8, 3.7])=15.7, ϰ=[4.0, 3.8, 4.0, 3.9], ∫ϰ²/L>=[5.0, 5.1, 5.1, 5.2], C-C-Sep=0.10, ║∇J║=5.7e-05
Iteration 1536/2000-----
currents: [100000.0, 99999.99999838334, 99999.99999857612, 99999.99999870751]
J=2.1e-05, ⟨Jf⟩=2.0e-05, ⟨B·n⟩=1.0e-03, Len=sum([4.1, 4.0, 3.8, 3.7])=15.7, ϰ=[4.0, 3.8, 4.0, 3.9], ∫ϰ²/L>=[5.0, 5.1, 5.1, 5.2], C-C-Sep=0.10, ║∇J║=2.5e-05
Iteration 1537/2000-----
currents: [100000.0, 99999.99999838296, 99999.99999857583, 99999.99999870731]
J=2.1e-05, ⟨Jf⟩=2.0e-05, ⟨B·n⟩=1.0e-03, Len=sum([4.1, 4.0, 3.8, 3.7])=15.7, ϰ=[4.0, 3.8, 4.0, 3.9], ∫ϰ²/L>=[5.0, 5.1, 5.1, 5.2], C-C-Sep=0.10, ║∇J║=2.4e-05
Iteration 1538/2000-----
currents: [100000.0, 99999.999998382, 99999.99999857506, 99999.99999870676]
J=2.1e-05, ⟨Jf⟩=2.0e-05, ⟨B·n⟩=1.0e-03, Len=sum([4.1, 4.0, 3.8, 3.7])=15.7, ϰ=[4.0, 3.8, 4.0, 3.9], ∫ϰ²/L>=[5.0, 5.1, 5.1, 5.2], C-C-Sep=0.10, ║∇J║=3.7e-05
Iteration 1539/2000-----
currents: [100000.0, 99999.99999838034, 99999.99999857371, 99999.99999870577]
J=2.1e-05, ⟨Jf⟩=2.0e-05, ⟨B·n⟩=1.0e-03, Len=sum([4.1, 4.0, 3.8, 3.7])=15.7, ϰ=[4.0, 3.8, 4.0, 3.9], ∫ϰ²/L>=[5.0, 5.1, 5.1, 5.2], C-C-Sep=0.10, ║∇J║=4.4e-05
Iteration 1540/2000-----
currents: [100000.0, 99999.99999837688, 99999.99999857087, 99999.99999870367]
J=2.1e-05, ⟨Jf⟩=2.0e-05, ⟨B·n⟩=1.0e-03, Len=sum([4.1, 4.0, 3.8, 3.7])=15.7, ϰ=[4.0, 3.8, 4.0, 3.9], ∫ϰ²/L>=[5.0, 5.1, 5.1, 5.2], C-C-Sep=0.10, ║∇J║=1.2e-04
Iteration 1541/2000-----
currents: [100000.0, 99999.99999837863, 99999.99999857231, 99999.99999870473]
J=2.1e-05, ⟨Jf⟩=2.0e-05, ⟨B·n⟩=1.0e-03, Len=sum([4.1, 4.0, 3.8, 3.7])=15.7, ϰ=[4.0, 3.8, 4.0, 3.9], ∫ϰ²/L>=[5.0, 5.1, 5.1, 5.2], C-C-Sep=0.10, ║∇J║=6.7e-05
Iteration 1542/2000-----
currents: [100000.0, 99999.99999837657, 99999.99999857062, 99999.99999870348]
J=2.1e-05, ⟨Jf⟩=2.0e-05, ⟨B·n⟩=1.0e-03, Len=sum([4.1, 4.0, 3.8, 3.7])=15.7, ϰ=[4.0, 3.8, 4.0, 3.9], ∫ϰ²/L>=[5.0, 5.1, 5.1, 5.2], C-C-Sep=0.10, ║∇J║=3.2e-05
Iteration 1543/2000-----
currents: [100000.0, 99999.9999983759, 99999.99999857007, 99999.99999870305]
J=2.1e-05, ⟨Jf⟩=2.0e-05, ⟨B·n⟩=1.0e-03, Len=sum([4.1, 4.0, 3.8, 3.7])=15.7, ϰ=[4.0, 3.8, 4.0, 3.9], ∫ϰ²/L>=[5.0, 5.1, 5.1, 5.2], C-C-Sep=0.10, ║∇J║=2.0e-05
Iteration 1544/2000-----
currents: [100000.0, 99999.99999837547, 99999.9999985697, 99999.99999870275]
J=2.1e-05, ⟨Jf⟩=2.0e-05, ⟨B·n⟩=1.0e-03, Len=sum([4.1, 4.0, 3.8, 3.7])=15.7, ϰ=[4.0, 3.8, 4.0, 3.9], ∫ϰ²/L>=[5.0, 5.1, 5.1, 5.2], C-C-Sep=0.10, ║∇J║=2.4e-05
Iteration 1545/2000-----
currents: [100000.0, 99999.99999837542, 99999.99999856968, 99999.99999870273]
J=2.1e-05, ⟨Jf⟩=2.0e-05, ⟨B·n⟩=1.0e-03, Len=sum([4.1, 4.0, 3.8, 3.7])=15.7, ϰ=[4.0, 3.8, 4.0, 3.9], ∫ϰ²/L>=[5.0, 5.1, 5.1, 5.2], C-C-Sep=0.10, ║∇J║=2.2e-05
Iteration 1546/2000-----
currents: [100000.0, 99999.99999837542, 99999.99999856969, 99999.99999870275]
J=2.1e-05, ⟨Jf⟩=2.0e-05, ⟨B·n⟩=1.0e-03, Len=sum([4.1, 4.0, 3.8, 3.7])=15.7, ϰ=[4.0, 3.8, 4.0, 3.9], ∫ϰ²/L>=[5.0, 5.1, 5.1, 5.2], C-C-Sep=0.10, ║∇J║=1.6e-05
Iteration 1547/2000-----
currents: [100000.0, 99999.99999837497, 99999.99999856936, 99999.99999870255]
J=2.1e-05, ⟨Jf⟩=2.0e-05, ⟨B·n⟩=1.0e-03, Len=sum([4.1, 4.0, 3.8, 3.7])=15.7, ϰ=[4.0, 3.8, 4.0, 3.9], ∫ϰ²/L>=[5.0, 5.1, 5.1, 5.2], C-C-Sep=0.10, ║∇J║=1.7e-05
Iteration 1548/2000-----
currents: [100000.0, 99999.9999983748, 99999.99999856923, 99999.99999870248]
J=2.1e-05, ⟨Jf⟩=2.0e-05, ⟨B·n⟩=1.0e-03, Len=sum([4.1, 4.0, 3.8, 3.7])=15.7, ϰ=[4.0, 3.8, 4.0, 3.9], ∫ϰ²/L>=[5.0, 5.1, 5.1, 5.2], C-C-Sep=0.10, ║∇J║=1.8e-05
Iteration 1549/2000-----
currents: [100000.0, 99999.99999837448, 99999.99999856896, 99999.99999870229]
J=2.1e-05, ⟨Jf⟩=2.0e-05, ⟨B·n⟩=1.0e-03, Len=sum([4.1, 4.0, 3.8, 3.7])=15.7, ϰ=[4.0, 3.8, 4.0, 3.9], ∫ϰ²/L>=[5.0, 5.1, 5.1, 5.2], C-C-Sep=0.10, ║∇J║=1.5e-05
Iteration 1550/2000-----
currents: [100000.0, 99999.99999837375, 99999.99999856837, 99999.99999870185]
J=2.1e-05, ⟨Jf⟩=2.0e-05, ⟨B·n⟩=1.0e-03, Len=sum([4.1, 4.0, 3.8, 3.7])=15.7, ϰ=[4.0, 3.8, 4.0, 3.9], ∫ϰ²/L>=[5.0, 5.1, 5.1, 5.2], C-C-Sep=0.10, ║∇J║=2.1e-05
Iteration 1551/2000-----
currents: [100000.0, 99999.99999837362, 99999.99999856825, 99999.99999870175]
J=2.1e-05, ⟨Jf⟩=2.0e-05, ⟨B·n⟩=1.0e-03, Len=sum([4.1, 4.0, 3.8, 3.7])=15.7, ϰ=[4.0, 3.8, 4.0, 3.9], ∫ϰ²/L>=[5.0, 5.1, 5.1, 5.2], C-C-Sep=0.10, ║∇J║=1.9e-05
Iteration 1552/2000-----
currents: [100000.0, 99999.99999837359, 99999.99999856822, 99999.99999870172]
J=2.1e-05, ⟨Jf⟩=2.0e-05, ⟨B·n⟩=1.0e-03, Len=sum([4.1, 4.0, 3.8, 3.7])=15.7, ϰ=[4.0, 3.8, 4.0, 3.9], ∫ϰ²/L>=[5.0, 5.1, 5.1, 5.2], C-C-Sep=0.10, ║∇J║=1.7e-05
Iteration 1553/2000-----
currents: [100000.0, 99999.99999837304, 99999.99999856774, 99999.99999870136]
J=2.1e-05, ⟨Jf⟩=2.0e-05, ⟨B·n⟩=1.0e-03, Len=sum([4.1, 4.0, 3.8, 3.7])=15.7, ϰ=[4.0, 3.8, 4.0, 3.9], ∫ϰ²/L>=[5.0, 5.1, 5.1, 5.2], C-C-Sep=0.10, ║∇J║=2.3e-05
Iteration 1554/2000-----
currents: [100000.0, 99999.99999837232, 99999.99999856715, 99999.99999870092]
J=2.1e-05, ⟨Jf⟩=2.0e-05, ⟨B·n⟩=1.0e-03, Len=sum([4.1, 4.0, 3.8, 3.7])=15.7, ϰ=[4.0, 3.8, 4.0, 3.9], ∫ϰ²/L>=[5.0, 5.1, 5.1, 5.2], C-C-Sep=0.10, ║∇J║=3.4e-05
Iteration 1555/2000-----
currents: [100000.0, 99999.99999837097, 99999.99999856603, 99999.9999987001]
J=2.1e-05, ⟨Jf⟩=2.0e-05, ⟨B·n⟩=1.0e-03, Len=sum([4.1, 4.0, 3.8, 3.7])=15.7, ϰ=[4.0, 3.8, 4.0, 3.9], ∫ϰ²/L>=[5.0, 5.1, 5.1, 5.2], C-C-Sep=0.10, ║∇J║=3.8e-05
Iteration 1556/2000-----
currents: [100000.0, 99999.99999836703, 99999.99999856277, 99999.99999869773]
J=2.1e-05, ⟨Jf⟩=2.0e-05, ⟨B·n⟩=1.0e-03, Len=sum([4.1, 4.0, 3.8, 3.7])=15.7, ϰ=[4.0, 3.8, 4.0, 3.9], ∫ϰ²/L>=[5.0, 5.1, 5.1, 5.2], C-C-Sep=0.10, ║∇J║=7.8e-05
Iteration 1557/2000-----
currents: [100000.0, 99999.99999836512, 99999.9999985612, 99999.99999869661]
J=2.1e-05, ⟨Jf⟩=2.0e-05, ⟨B·n⟩=1.0e-03, Len=sum([4.1, 4.0, 3.8, 3.7])=15.7, ϰ=[4.0, 3.8, 4.0, 3.9], ∫ϰ²/L>=[5.0, 5.1, 5.1, 5.2], C-C-Sep=0.10, ║∇J║=3.5e-05
Iteration 1558/2000-----
currents: [100000.0, 99999.99999836508, 99999.99999856116, 99999.99999869657]
J=2.1e-05, ⟨Jf⟩=2.0e-05, ⟨B·n⟩=1.0e-03, Len=sum([4.1, 4.0, 3.8, 3.7])=15.7, ϰ=[4.0, 3.8, 4.0, 3.9], ∫ϰ²/L>=[5.0, 5.1, 5.1, 5.2], C-C-Sep=0.10, ║∇J║=2.6e-05
Iteration 1559/2000-----
currents: [100000.0, 99999.99999836448, 99999.99999856068, 99999.99999869619]
J=2.1e-05, ⟨Jf⟩=2.0e-05, ⟨B·n⟩=1.0e-03, Len=sum([4.1, 4.0, 3.8, 3.7])=15.7, ϰ=[4.0, 3.8, 4.0, 3.9], ∫ϰ²/L>=[5.0, 5.1, 5.1, 5.2], C-C-Sep=0.10, ║∇J║=2.6e-05
Iteration 1560/2000-----
currents: [100000.0, 99999.99999836338, 99999.9999985598, 99999.99999869551]
J=2.1e-05, ⟨Jf⟩=2.0e-05, ⟨B·n⟩=1.0e-03, Len=sum([4.1, 4.0, 3.8, 3.7])=15.7, ϰ=[4.0, 3.8, 4.0, 3.9], ∫ϰ²/L>=[5.0, 5.1, 5.1, 5.2], C-C-Sep=0.10, ║∇J║=4.6e-05
Iteration 1561/2000-----
currents: [100000.0, 99999.9999983633, 99999.99999855974, 99999.99999869545]
J=2.1e-05, ⟨Jf⟩=2.0e-05, ⟨B·n⟩=1.0e-03, Len=sum([4.1, 4.0, 3.8, 3.7])=15.7, ϰ=[4.0, 3.8, 4.0, 3.9], ∫ϰ²/L>=[5.0, 5.1, 5.1, 5.2], C-C-Sep=0.10, ║∇J║=1.9e-05
Iteration 1562/2000-----
currents: [100000.0, 99999.99999836291, 99999.99999855943, 99999.99999869522]
J=2.1e-05, ⟨Jf⟩=2.0e-05, ⟨B·n⟩=1.0e-03, Len=sum([4.1, 4.0, 3.8, 3.7])=15.7, ϰ=[4.0, 3.8, 4.0, 3.9], ∫ϰ²/L>=[5.0, 5.1, 5.1, 5.2], C-C-Sep=0.10, ║∇J║=1.4e-05
Iteration 1563/2000-----
currents: [100000.0, 99999.99999836249, 99999.99999855911, 99999.99999869497]
J=2.1e-05, ⟨Jf⟩=2.0e-05, ⟨B·n⟩=1.0e-03, Len=sum([4.1, 4.0, 3.8, 3.7])=15.7, ϰ=[4.0, 3.8, 4.0, 3.9], ∫ϰ²/L>=[5.0, 5.1, 5.1, 5.2], C-C-Sep=0.10, ║∇J║=1.6e-05
Iteration 1564/2000-----
currents: [100000.0, 99999.99999836196, 99999.99999855872, 99999.99999869466]
J=2.1e-05, ⟨Jf⟩=2.0e-05, ⟨B·n⟩=1.0e-03, Len=sum([4.1, 4.0, 3.8, 3.7])=15.7, ϰ=[4.0, 3.8, 4.0, 3.9], ∫ϰ²/L>=[5.0, 5.1, 5.1, 5.2], C-C-Sep=0.10, ║∇J║=2.3e-05
Iteration 1565/2000-----
currents: [100000.0, 99999.99999836125, 99999.99999855817, 99999.99999869423]
J=2.1e-05, ⟨Jf⟩=2.0e-05, ⟨B·n⟩=1.0e-03, Len=sum([4.1, 4.0, 3.8, 3.7])=15.7, ϰ=[4.0, 3.8, 4.0, 3.9], ∫ϰ²/L>=[5.0, 5.1, 5.1, 5.2], C-C-Sep=0.10, ║∇J║=1.8e-05
Iteration 1566/2000-----
currents: [100000.0, 99999.99999836138, 99999.99999855827, 99999.9999986943]
J=2.1e-05, ⟨Jf⟩=2.0e-05, ⟨B·n⟩=1.0e-03, Len=sum([4.1, 4.0, 3.8, 3.7])=15.7, ϰ=[4.0, 3.8, 4.0, 3.9], ∫ϰ²/L>=[5.0, 5.1, 5.1, 5.2], C-C-Sep=0.10, ║∇J║=9.6e-06
Iteration 1567/2000-----
currents: [100000.0, 99999.99999836145, 99999.99999855833, 99999.99999869434]
J=2.1e-05, ⟨Jf⟩=2.0e-05, ⟨B·n⟩=1.0e-03, Len=sum([4.1, 4.0, 3.8, 3.7])=15.7, ϰ=[4.0, 3.8, 4.0, 3.9], ∫ϰ²/L>=[5.0, 5.1, 5.1, 5.2], C-C-Sep=0.10, ║∇J║=1.2e-05
Iteration 1568/2000-----
currents: [100000.0, 99999.99999836135, 99999.99999855825, 99999.99999869429]
J=2.1e-05, ⟨Jf⟩=2.0e-05, ⟨B·n⟩=1.0e-03, Len=sum([4.1, 4.0, 3.8, 3.7])=15.7, ϰ=[4.0, 3.8, 4.0, 3.9], ∫ϰ²/L>=[5.0, 5.1, 5.1, 5.2], C-C-Sep=0.10, ║∇J║=1.5e-05
Iteration 1569/2000-----
currents: [100000.0, 99999.99999836087, 99999.9999985579, 99999.99999869401]
J=2.1e-05, ⟨Jf⟩=2.0e-05, ⟨B·n⟩=1.0e-03, Len=sum([4.1, 4.0, 3.8, 3.7])=15.7, ϰ=[4.0, 3.8, 4.0, 3.9], ∫ϰ²/L>=[5.0, 5.1, 5.1, 5.2], C-C-Sep=0.10, ║∇J║=2.7e-05
Iteration 1570/2000-----
currents: [100000.0, 99999.99999836044, 99999.99999855757, 99999.99999869376]
J=2.1e-05, ⟨Jf⟩=2.0e-05, ⟨B·n⟩=1.0e-03, Len=sum([4.1, 4.0, 3.8, 3.7])=15.7, ϰ=[4.0, 3.8, 4.0, 3.9], ∫ϰ²/L>=[5.0, 5.1, 5.1, 5.2], C-C-Sep=0.10, ║∇J║=1.5e-05
Iteration 1571/2000-----
currents: [100000.0, 99999.99999835993, 99999.99999855718, 99999.99999869347]
J=2.1e-05, ⟨Jf⟩=2.0e-05, ⟨B·n⟩=1.0e-03, Len=sum([4.1, 4.0, 3.8, 3.7])=15.7, ϰ=[4.0, 3.8, 4.0, 3.9], ∫ϰ²/L>=[5.0, 5.1, 5.1, 5.2], C-C-Sep=0.10, ║∇J║=1.8e-05
Iteration 1572/2000-----
currents: [100000.0, 99999.99999835908, 99999.99999855652, 99999.99999869299]
J=2.1e-05, ⟨Jf⟩=2.0e-05, ⟨B·n⟩=1.0e-03, Len=sum([4.1, 4.0, 3.8, 3.7])=15.7, ϰ=[4.0, 3.8, 4.0, 3.9], ∫ϰ²/L>=[5.0, 5.1, 5.1, 5.2], C-C-Sep=0.10, ║∇J║=2.8e-05
Iteration 1573/2000-----
currents: [100000.0, 99999.99999835786, 99999.99999855558, 99999.99999869229]
J=2.1e-05, ⟨Jf⟩=2.0e-05, ⟨B·n⟩=1.0e-03, Len=sum([4.1, 4.0, 3.8, 3.7])=15.7, ϰ=[4.0, 3.7, 4.0, 3.9], ∫ϰ²/L>=[5.0, 5.1, 5.1, 5.2], C-C-Sep=0.10, ║∇J║=3.5e-05
Iteration 1574/2000-----
currents: [100000.0, 99999.99999835574, 99999.99999855396, 99999.99999869111]
J=2.1e-05, ⟨Jf⟩=2.0e-05, ⟨B·n⟩=1.0e-03, Len=sum([4.1, 4.0, 3.8, 3.7])=15.7, ϰ=[4.0, 3.7, 4.0, 3.9], ∫ϰ²/L>=[5.0, 5.1, 5.1, 5.2], C-C-Sep=0.10, ║∇J║=7.8e-05
Iteration 1575/2000-----
currents: [100000.0, 99999.99999835501, 99999.99999855338, 99999.99999869069]
J=2.1e-05, ⟨Jf⟩=2.0e-05, ⟨B·n⟩=1.0e-03, Len=sum([4.1, 4.0, 3.8, 3.7])=15.7, ϰ=[4.0, 3.7, 4.0, 3.9], ∫ϰ²/L>=[5.0, 5.1, 5.1, 5.2], C-C-Sep=0.10, ║∇J║=3.4e-05
Iteration 1576/2000-----
currents: [100000.0, 99999.99999835475, 99999.99999855318, 99999.99999869055]
J=2.1e-05, ⟨Jf⟩=2.0e-05, ⟨B·n⟩=1.0e-03, Len=sum([4.1, 4.0, 3.8, 3.7])=15.7, ϰ=[4.0, 3.7, 4.0, 3.9], ∫ϰ²/L>=[5.0, 5.1, 5.1, 5.2], C-C-Sep=0.10, ║∇J║=2.2e-05
Iteration 1577/2000-----
currents: [100000.0, 99999.99999835406, 99999.99999855264, 99999.99999869015]
J=2.1e-05, ⟨Jf⟩=2.0e-05, ⟨B·n⟩=1.0e-03, Len=sum([4.1, 4.0, 3.8, 3.7])=15.7, ϰ=[4.0, 3.7, 4.0, 3.9], ∫ϰ²/L>=[5.0, 5.1, 5.1, 5.2], C-C-Sep=0.10, ║∇J║=2.4e-05
Iteration 1578/2000-----
currents: [100000.0, 99999.99999835315, 99999.99999855192, 99999.99999868961]
J=2.1e-05, ⟨Jf⟩=2.0e-05, ⟨B·n⟩=1.0e-03, Len=sum([4.1, 4.0, 3.8, 3.7])=15.7, ϰ=[4.0, 3.7, 4.0, 3.9], ∫ϰ²/L>=[5.0, 5.1, 5.1, 5.2], C-C-Sep=0.10, ║∇J║=2.2e-05
Iteration 1579/2000-----
currents: [100000.0, 99999.99999835182, 99999.99999855089, 99999.99999868883]
J=2.1e-05, ⟨Jf⟩=2.0e-05, ⟨B·n⟩=1.0e-03, Len=sum([4.1, 4.0, 3.8, 3.7])=15.7, ϰ=[4.0, 3.7, 4.0, 3.9], ∫ϰ²/L>=[5.0, 5.1, 5.1, 5.2], C-C-Sep=0.10, ║∇J║=3.9e-05
Iteration 1580/2000-----
currents: [100000.0, 99999.99999835138, 99999.99999855056, 99999.99999868857]
J=2.1e-05, ⟨Jf⟩=2.0e-05, ⟨B·n⟩=1.0e-03, Len=sum([4.1, 4.0, 3.8, 3.7])=15.7, ϰ=[4.0, 3.7, 4.0, 3.9], ∫ϰ²/L>=[5.0, 5.1, 5.1, 5.2], C-C-Sep=0.10, ║∇J║=1.3e-05
Iteration 1581/2000-----
currents: [100000.0, 99999.99999835146, 99999.99999855063, 99999.99999868861]
J=2.1e-05, ⟨Jf⟩=2.0e-05, ⟨B·n⟩=1.0e-03, Len=sum([4.1, 4.0, 3.8, 3.7])=15.7, ϰ=[4.0, 3.7, 4.0, 3.9], ∫ϰ²/L>=[5.0, 5.1, 5.1, 5.2], C-C-Sep=0.10, ║∇J║=1.0e-05
Iteration 1582/2000-----
currents: [100000.0, 99999.99999835136, 99999.99999855057, 99999.99999868855]
J=2.1e-05, ⟨Jf⟩=2.0e-05, ⟨B·n⟩=1.0e-03, Len=sum([4.1, 4.0, 3.8, 3.7])=15.7, ϰ=[4.0, 3.7, 4.0, 3.9], ∫ϰ²/L>=[5.0, 5.1, 5.1, 5.2], C-C-Sep=0.10, ║∇J║=1.2e-05
Iteration 1583/2000-----
currents: [100000.0, 99999.99999835105, 99999.99999855034, 99999.99999868836]
J=2.1e-05, ⟨Jf⟩=2.0e-05, ⟨B·n⟩=1.0e-03, Len=sum([4.1, 4.0, 3.8, 3.7])=15.7, ϰ=[4.0, 3.7, 4.0, 3.9], ∫ϰ²/L>=[5.0, 5.1, 5.1, 5.2], C-C-Sep=0.10, ║∇J║=1.8e-05
Iteration 1584/2000-----
currents: [100000.0, 99999.99999835102, 99999.99999855031, 99999.99999868835]
J=2.1e-05, ⟨Jf⟩=2.0e-05, ⟨B·n⟩=1.0e-03, Len=sum([4.1, 4.0, 3.8, 3.7])=15.7, ϰ=[4.0, 3.7, 4.0, 3.9], ∫ϰ²/L>=[5.0, 5.1, 5.1, 5.2], C-C-Sep=0.10, ║∇J║=1.0e-05
Iteration 1585/2000-----
currents: [100000.0, 99999.99999835088, 99999.99999855016, 99999.99999868826]
J=2.1e-05, ⟨Jf⟩=2.0e-05, ⟨B·n⟩=1.0e-03, Len=sum([4.1, 4.0, 3.8, 3.7])=15.7, ϰ=[4.0, 3.7, 4.0, 3.9], ∫ϰ²/L>=[5.0, 5.1, 5.1, 5.2], C-C-Sep=0.10, ║∇J║=1.0e-05
Iteration 1586/2000-----
currents: [100000.0, 99999.9999983507, 99999.99999854999, 99999.99999868814]
J=2.1e-05, ⟨Jf⟩=2.0e-05, ⟨B·n⟩=1.0e-03, Len=sum([4.1, 4.0, 3.8, 3.7])=15.7, ϰ=[4.0, 3.7, 4.0, 3.9], ∫ϰ²/L>=[5.0, 5.1, 5.1, 5.2], C-C-Sep=0.10, ║∇J║=1.4e-05
Iteration 1587/2000-----
currents: [100000.0, 99999.99999835025, 99999.99999854954, 99999.99999868784]
J=2.1e-05, ⟨Jf⟩=2.0e-05, ⟨B·n⟩=1.0e-03, Len=sum([4.1, 4.0, 3.8, 3.7])=15.7, ϰ=[4.0, 3.7, 4.0, 3.9], ∫ϰ²/L>=[5.0, 5.1, 5.1, 5.2], C-C-Sep=0.10, ║∇J║=2.0e-05
Iteration 1588/2000-----
currents: [100000.0, 99999.99999834927, 99999.99999854856, 99999.99999868717]
J=2.1e-05, ⟨Jf⟩=2.0e-05, ⟨B·n⟩=1.0e-03, Len=sum([4.1, 4.0, 3.8, 3.7])=15.7, ϰ=[4.0, 3.7, 4.0, 3.9], ∫ϰ²/L>=[5.0, 5.1, 5.1, 5.2], C-C-Sep=0.10, ║∇J║=4.5e-05
Iteration 1589/2000-----
currents: [100000.0, 99999.99999834911, 99999.99999854839, 99999.99999868704]
J=2.1e-05, ⟨Jf⟩=2.0e-05, ⟨B·n⟩=1.0e-03, Len=sum([4.1, 4.0, 3.8, 3.7])=15.7, ϰ=[4.0, 3.7, 4.0, 3.9], ∫ϰ²/L>=[5.0, 5.1, 5.1, 5.2], C-C-Sep=0.10, ║∇J║=2.2e-05
Iteration 1590/2000-----
currents: [100000.0, 99999.99999834872, 99999.99999854798, 99999.99999868675]
J=2.1e-05, ⟨Jf⟩=2.0e-05, ⟨B·n⟩=1.0e-03, Len=sum([4.1, 4.0, 3.8, 3.7])=15.7, ϰ=[4.0, 3.7, 4.0, 3.9], ∫ϰ²/L>=[5.0, 5.1, 5.1, 5.2], C-C-Sep=0.10, ║∇J║=2.4e-05
Iteration 1591/2000-----
currents: [100000.0, 99999.99999834786, 99999.99999854712, 99999.99999868614]
J=2.1e-05, ⟨Jf⟩=2.0e-05, ⟨B·n⟩=1.0e-03, Len=sum([4.1, 4.0, 3.8, 3.7])=15.7, ϰ=[4.0, 3.7, 4.0, 3.9], ∫ϰ²/L>=[5.0, 5.1, 5.1, 5.2], C-C-Sep=0.10, ║∇J║=3.4e-05
Iteration 1592/2000-----
currents: [100000.0, 99999.99999834619, 99999.99999854545, 99999.99999868497]
J=2.1e-05, ⟨Jf⟩=2.0e-05, ⟨B·n⟩=1.0e-03, Len=sum([4.1, 4.0, 3.8, 3.7])=15.7, ϰ=[4.0, 3.7, 4.0, 3.9], ∫ϰ²/L>=[5.0, 5.1, 5.1, 5.2], C-C-Sep=0.10, ║∇J║=4.1e-05
Iteration 1593/2000-----
currents: [100000.0, 99999.99999834255, 99999.99999854185, 99999.99999868246]
J=2.1e-05, ⟨Jf⟩=2.0e-05, ⟨B·n⟩=1.0e-03, Len=sum([4.1, 4.0, 3.8, 3.7])=15.7, ϰ=[4.0, 3.7, 4.0, 3.9], ∫ϰ²/L>=[5.0, 5.1, 5.1, 5.2], C-C-Sep=0.10, ║∇J║=8.8e-05
Iteration 1594/2000-----
currents: [100000.0, 99999.99999834178, 99999.99999854107, 99999.99999868195]
J=2.1e-05, ⟨Jf⟩=2.0e-05, ⟨B·n⟩=1.0e-03, Len=sum([4.1, 4.0, 3.8, 3.7])=15.7, ϰ=[4.0, 3.7, 4.0, 3.9], ∫ϰ²/L>=[5.0, 5.1, 5.1, 5.2], C-C-Sep=0.10, ║∇J║=2.9e-05
Iteration 1595/2000-----
currents: [100000.0, 99999.99999834152, 99999.9999985408, 99999.99999868177]
J=2.1e-05, ⟨Jf⟩=2.0e-05, ⟨B·n⟩=1.0e-03, Len=sum([4.1, 4.0, 3.8, 3.7])=15.7, ϰ=[4.0, 3.7, 4.0, 3.9], ∫ϰ²/L>=[5.0, 5.1, 5.1, 5.2], C-C-Sep=0.10, ║∇J║=2.0e-05
Iteration 1596/2000-----
currents: [100000.0, 99999.9999983405, 99999.99999853982, 99999.99999868107]
J=2.1e-05, ⟨Jf⟩=2.0e-05, ⟨B·n⟩=1.0e-03, Len=sum([4.1, 4.0, 3.8, 3.7])=15.7, ϰ=[4.0, 3.7, 4.0, 3.9], ∫ϰ²/L>=[5.0, 5.1, 5.1, 5.2], C-C-Sep=0.10, ║∇J║=2.5e-05
Iteration 1597/2000-----
currents: [100000.0, 99999.99999833955, 99999.99999853889, 99999.99999868042]
J=2.1e-05, ⟨Jf⟩=2.0e-05, ⟨B·n⟩=1.0e-03, Len=sum([4.1, 4.0, 3.8, 3.7])=15.7, ϰ=[4.0, 3.7, 4.0, 3.9], ∫ϰ²/L>=[5.0, 5.1, 5.1, 5.2], C-C-Sep=0.10, ║∇J║=3.0e-05
Iteration 1598/2000-----
currents: [100000.0, 99999.99999833811, 99999.99999853746, 99999.99999867938]
J=2.1e-05, ⟨Jf⟩=2.0e-05, ⟨B·n⟩=1.0e-03, Len=sum([4.1, 4.0, 3.8, 3.7])=15.7, ϰ=[4.0, 3.7, 4.0, 3.9], ∫ϰ²/L>=[5.0, 5.1, 5.1, 5.2], C-C-Sep=0.10, ║∇J║=2.6e-05
Iteration 1599/2000-----
currents: [100000.0, 99999.99999833773, 99999.99999853708, 99999.99999867911]
J=2.1e-05, ⟨Jf⟩=2.0e-05, ⟨B·n⟩=1.0e-03, Len=sum([4.1, 4.0, 3.8, 3.7])=15.7, ϰ=[4.0, 3.7, 4.0, 3.9], ∫ϰ²/L>=[5.0, 5.1, 5.1, 5.2], C-C-Sep=0.10, ║∇J║=1.6e-05
Iteration 1600/2000-----
currents: [100000.0, 99999.99999833775, 99999.99999853705, 99999.9999986791]
J=2.1e-05, ⟨Jf⟩=2.0e-05, ⟨B·n⟩=1.0e-03, Len=sum([4.1, 4.0, 3.8, 3.7])=15.7, ϰ=[4.0, 3.7, 4.0, 3.9], ∫ϰ²/L>=[5.0, 5.1, 5.1, 5.2], C-C-Sep=0.10, ║∇J║=1.5e-05
Iteration 1601/2000-----
currents: [100000.0, 99999.99999833766, 99999.99999853695, 99999.99999867902]
J=2.1e-05, ⟨Jf⟩=2.0e-05, ⟨B·n⟩=1.0e-03, Len=sum([4.1, 4.0, 3.8, 3.7])=15.7, ϰ=[4.0, 3.7, 4.0, 3.9], ∫ϰ²/L>=[5.0, 5.1, 5.1, 5.2], C-C-Sep=0.10, ║∇J║=1.5e-05
Iteration 1602/2000-----
currents: [100000.0, 99999.99999833743, 99999.9999985367, 99999.99999867883]
J=2.1e-05, ⟨Jf⟩=2.0e-05, ⟨B·n⟩=1.0e-03, Len=sum([4.1, 4.0, 3.8, 3.7])=15.7, ϰ=[4.0, 3.7, 4.0, 3.9], ∫ϰ²/L>=[5.0, 5.1, 5.1, 5.2], C-C-Sep=0.10, ║∇J║=1.2e-05
Iteration 1603/2000-----
currents: [100000.0, 99999.99999833727, 99999.99999853653, 99999.9999986787]
J=2.1e-05, ⟨Jf⟩=2.0e-05, ⟨B·n⟩=1.0e-03, Len=sum([4.1, 4.0, 3.8, 3.7])=15.7, ϰ=[4.0, 3.7, 4.0, 3.9], ∫ϰ²/L>=[5.0, 5.1, 5.1, 5.2], C-C-Sep=0.10, ║∇J║=1.4e-05
Iteration 1604/2000-----
currents: [100000.0, 99999.999998337, 99999.9999985363, 99999.99999867851]
J=2.1e-05, ⟨Jf⟩=2.0e-05, ⟨B·n⟩=1.0e-03, Len=sum([4.1, 4.0, 3.8, 3.7])=15.7, ϰ=[4.0, 3.7, 4.0, 3.9], ∫ϰ²/L>=[5.0, 5.1, 5.1, 5.2], C-C-Sep=0.10, ║∇J║=1.1e-05
Iteration 1605/2000-----
currents: [100000.0, 99999.9999983366, 99999.99999853593, 99999.9999986782]
J=2.1e-05, ⟨Jf⟩=2.0e-05, ⟨B·n⟩=1.0e-03, Len=sum([4.1, 4.0, 3.8, 3.7])=15.7, ϰ=[4.0, 3.7, 4.0, 3.9], ∫ϰ²/L>=[5.0, 5.1, 5.1, 5.2], C-C-Sep=0.10, ║∇J║=1.2e-05
Iteration 1606/2000-----
currents: [100000.0, 99999.99999833615, 99999.99999853552, 99999.99999867786]
J=2.1e-05, ⟨Jf⟩=2.0e-05, ⟨B·n⟩=1.0e-03, Len=sum([4.1, 4.0, 3.8, 3.7])=15.7, ϰ=[4.0, 3.7, 4.0, 3.9], ∫ϰ²/L>=[5.0, 5.1, 5.1, 5.2], C-C-Sep=0.10, ║∇J║=1.7e-05
Iteration 1607/2000-----
currents: [100000.0, 99999.9999983354, 99999.99999853484, 99999.99999867727]
J=2.1e-05, ⟨Jf⟩=2.0e-05, ⟨B·n⟩=1.0e-03, Len=sum([4.1, 4.0, 3.8, 3.7])=15.7, ϰ=[4.0, 3.7, 4.0, 3.9], ∫ϰ²/L>=[5.0, 5.1, 5.1, 5.2], C-C-Sep=0.10, ║∇J║=1.9e-05
Iteration 1608/2000-----
currents: [100000.0, 99999.99999833514, 99999.99999853458, 99999.99999867706]
J=2.1e-05, ⟨Jf⟩=2.0e-05, ⟨B·n⟩=1.0e-03, Len=sum([4.1, 4.0, 3.8, 3.7])=15.7, ϰ=[4.0, 3.7, 4.0, 3.9], ∫ϰ²/L>=[5.0, 5.1, 5.1, 5.2], C-C-Sep=0.10, ║∇J║=1.5e-05
Iteration 1609/2000-----
currents: [100000.0, 99999.99999833474, 99999.99999853416, 99999.9999986767]
J=2.1e-05, ⟨Jf⟩=2.0e-05, ⟨B·n⟩=1.0e-03, Len=sum([4.1, 4.0, 3.8, 3.7])=15.7, ϰ=[4.0, 3.7, 4.0, 3.9], ∫ϰ²/L>=[5.0, 5.1, 5.1, 5.2], C-C-Sep=0.10, ║∇J║=1.8e-05
Iteration 1610/2000-----
currents: [100000.0, 99999.99999833421, 99999.9999985336, 99999.99999867626]
J=2.1e-05, ⟨Jf⟩=2.0e-05, ⟨B·n⟩=1.0e-03, Len=sum([4.1, 4.0, 3.8, 3.7])=15.7, ϰ=[4.0, 3.7, 4.0, 3.9], ∫ϰ²/L>=[5.0, 5.1, 5.1, 5.2], C-C-Sep=0.10, ║∇J║=2.6e-05
Iteration 1611/2000-----
currents: [100000.0, 99999.99999833315, 99999.99999853253, 99999.99999867538]
J=2.1e-05, ⟨Jf⟩=2.0e-05, ⟨B·n⟩=1.0e-03, Len=sum([4.1, 4.0, 3.8, 3.7])=15.7, ϰ=[4.0, 3.7, 4.0, 3.9], ∫ϰ²/L>=[5.0, 5.0, 5.1, 5.2], C-C-Sep=0.10, ║∇J║=2.9e-05
Iteration 1612/2000-----
currents: [100000.0, 99999.99999833193, 99999.9999985313, 99999.9999986744]
J=2.1e-05, ⟨Jf⟩=2.0e-05, ⟨B·n⟩=1.0e-03, Len=sum([4.1, 4.0, 3.8, 3.7])=15.7, ϰ=[4.0, 3.7, 4.0, 3.9], ∫ϰ²/L>=[5.0, 5.0, 5.1, 5.2], C-C-Sep=0.10, ║∇J║=2.7e-05
Iteration 1613/2000-----
currents: [100000.0, 99999.99999833052, 99999.9999985299, 99999.99999867323]
J=2.1e-05, ⟨Jf⟩=2.0e-05, ⟨B·n⟩=1.0e-03, Len=sum([4.1, 4.0, 3.8, 3.7])=15.7, ϰ=[4.0, 3.7, 4.0, 3.9], ∫ϰ²/L>=[5.0, 5.0, 5.1, 5.2], C-C-Sep=0.10, ║∇J║=2.6e-05
Iteration 1614/2000-----
currents: [100000.0, 99999.99999832887, 99999.99999852829, 99999.9999986719]
J=2.1e-05, ⟨Jf⟩=2.0e-05, ⟨B·n⟩=1.0e-03, Len=sum([4.1, 4.0, 3.8, 3.7])=15.7, ϰ=[4.0, 3.7, 4.0, 3.9], ∫ϰ²/L>=[5.0, 5.0, 5.1, 5.2], C-C-Sep=0.10, ║∇J║=3.4e-05
Iteration 1615/2000-----
currents: [100000.0, 99999.99999832746, 99999.99999852688, 99999.99999867071]
J=2.1e-05, ⟨Jf⟩=2.0e-05, ⟨B·n⟩=1.0e-03, Len=sum([4.1, 4.0, 3.8, 3.7])=15.7, ϰ=[4.0, 3.7, 4.0, 3.9], ∫ϰ²/L>=[5.0, 5.1, 5.1, 5.2], C-C-Sep=0.10, ║∇J║=3.9e-05
Iteration 1616/2000-----
currents: [100000.0, 99999.99999832641, 99999.99999852588, 99999.99999866985]
J=2.1e-05, ⟨Jf⟩=2.0e-05, ⟨B·n⟩=1.0e-03, Len=sum([4.1, 4.0, 3.8, 3.7])=15.7, ϰ=[4.0, 3.7, 4.0, 3.9], ∫ϰ²/L>=[5.0, 5.1, 5.1, 5.2], C-C-Sep=0.10, ║∇J║=2.4e-05
Iteration 1617/2000-----
currents: [100000.0, 99999.99999832589, 99999.99999852535, 99999.99999866942]
J=2.1e-05, ⟨Jf⟩=2.0e-05, ⟨B·n⟩=1.0e-03, Len=sum([4.1, 4.0, 3.8, 3.7])=15.7, ϰ=[4.0, 3.7, 4.0, 3.9], ∫ϰ²/L>=[5.0, 5.1, 5.1, 5.2], C-C-Sep=0.10, ║∇J║=2.0e-05
Iteration 1618/2000-----
currents: [100000.0, 99999.99999832507, 99999.99999852455, 99999.99999866875]
J=2.1e-05, ⟨Jf⟩=2.0e-05, ⟨B·n⟩=1.0e-03, Len=sum([4.1, 4.0, 3.8, 3.7])=15.7, ϰ=[4.0, 3.7, 4.0, 3.9], ∫ϰ²/L>=[5.0, 5.1, 5.1, 5.2], C-C-Sep=0.10, ║∇J║=2.3e-05
Iteration 1619/2000-----
currents: [100000.0, 99999.99999832369, 99999.99999852321, 99999.99999866763]
J=2.1e-05, ⟨Jf⟩=2.0e-05, ⟨B·n⟩=1.0e-03, Len=sum([4.1, 4.0, 3.8, 3.7])=15.7, ϰ=[4.0, 3.7, 4.0, 3.9], ∫ϰ²/L>=[5.0, 5.1, 5.1, 5.2], C-C-Sep=0.10, ║∇J║=3.2e-05
Iteration 1620/2000-----
currents: [100000.0, 99999.99999832288, 99999.99999852243, 99999.99999866697]
J=2.1e-05, ⟨Jf⟩=2.0e-05, ⟨B·n⟩=1.0e-03, Len=sum([4.1, 4.0, 3.8, 3.7])=15.7, ϰ=[4.0, 3.7, 4.0, 3.9], ∫ϰ²/L>=[5.0, 5.1, 5.1, 5.2], C-C-Sep=0.10, ║∇J║=1.6e-05
Iteration 1621/2000-----
currents: [100000.0, 99999.9999983225, 99999.99999852206, 99999.99999866668]
J=2.1e-05, ⟨Jf⟩=2.0e-05, ⟨B·n⟩=1.0e-03, Len=sum([4.1, 4.0, 3.8, 3.7])=15.7, ϰ=[4.0, 3.7, 4.0, 3.9], ∫ϰ²/L>=[5.0, 5.1, 5.1, 5.2], C-C-Sep=0.10, ║∇J║=1.3e-05
Iteration 1622/2000-----
currents: [100000.0, 99999.99999832218, 99999.99999852174, 99999.99999866642]
J=2.1e-05, ⟨Jf⟩=2.0e-05, ⟨B·n⟩=1.0e-03, Len=sum([4.1, 4.0, 3.8, 3.7])=15.7, ϰ=[4.0, 3.7, 4.0, 3.9], ∫ϰ²/L>=[5.0, 5.1, 5.1, 5.2], C-C-Sep=0.10, ║∇J║=1.4e-05
Iteration 1623/2000-----
currents: [100000.0, 99999.9999983218, 99999.99999852135, 99999.99999866608]
J=2.1e-05, ⟨Jf⟩=2.0e-05, ⟨B·n⟩=1.0e-03, Len=sum([4.1, 4.0, 3.8, 3.7])=15.7, ϰ=[4.0, 3.7, 4.0, 3.9], ∫ϰ²/L>=[5.0, 5.1, 5.1, 5.2], C-C-Sep=0.10, ║∇J║=2.1e-05
Iteration 1624/2000-----
currents: [100000.0, 99999.99999832164, 99999.99999852118, 99999.99999866594]
J=2.1e-05, ⟨Jf⟩=2.0e-05, ⟨B·n⟩=1.0e-03, Len=sum([4.1, 4.0, 3.8, 3.7])=15.7, ϰ=[4.0, 3.7, 4.0, 3.9], ∫ϰ²/L>=[5.0, 5.0, 5.1, 5.2], C-C-Sep=0.10, ║∇J║=1.1e-05
Iteration 1625/2000-----
currents: [100000.0, 99999.99999832163, 99999.99999852115, 99999.9999986659]
J=2.1e-05, ⟨Jf⟩=2.0e-05, ⟨B·n⟩=1.0e-03, Len=sum([4.1, 4.0, 3.8, 3.7])=15.7, ϰ=[4.0, 3.7, 4.0, 3.9], ∫ϰ²/L>=[5.0, 5.0, 5.1, 5.2], C-C-Sep=0.10, ║∇J║=9.7e-06
Iteration 1626/2000-----
currents: [100000.0, 99999.9999983215, 99999.99999852102, 99999.99999866576]
J=2.1e-05, ⟨Jf⟩=2.0e-05, ⟨B·n⟩=1.0e-03, Len=sum([4.1, 4.0, 3.8, 3.7])=15.7, ϰ=[4.0, 3.7, 4.0, 3.9], ∫ϰ²/L>=[5.0, 5.0, 5.1, 5.2], C-C-Sep=0.10, ║∇J║=1.2e-05
Iteration 1627/2000-----
currents: [100000.0, 99999.99999832123, 99999.99999852075, 99999.99999866552]
J=2.1e-05, ⟨Jf⟩=2.0e-05, ⟨B·n⟩=1.0e-03, Len=sum([4.1, 4.0, 3.8, 3.7])=15.7, ϰ=[4.0, 3.7, 4.0, 3.9], ∫ϰ²/L>=[5.0, 5.0, 5.1, 5.2], C-C-Sep=0.10, ║∇J║=1.5e-05
Iteration 1628/2000-----
currents: [100000.0, 99999.99999832067, 99999.99999852023, 99999.99999866505]
J=2.1e-05, ⟨Jf⟩=2.0e-05, ⟨B·n⟩=1.0e-03, Len=sum([4.1, 4.0, 3.8, 3.7])=15.7, ϰ=[4.0, 3.7, 4.0, 3.9], ∫ϰ²/L>=[5.0, 5.0, 5.1, 5.2], C-C-Sep=0.10, ║∇J║=1.6e-05
Iteration 1629/2000-----
currents: [100000.0, 99999.99999832021, 99999.99999851982, 99999.9999986647]
J=2.1e-05, ⟨Jf⟩=2.0e-05, ⟨B·n⟩=1.0e-03, Len=sum([4.1, 4.0, 3.8, 3.7])=15.7, ϰ=[4.0, 3.7, 4.0, 3.9], ∫ϰ²/L>=[5.0, 5.1, 5.1, 5.2], C-C-Sep=0.10, ║∇J║=1.4e-05
Iteration 1630/2000-----
currents: [100000.0, 99999.99999831959, 99999.99999851926, 99999.99999866419]
J=2.1e-05, ⟨Jf⟩=2.0e-05, ⟨B·n⟩=1.0e-03, Len=sum([4.1, 4.0, 3.8, 3.7])=15.7, ϰ=[4.0, 3.7, 4.0, 3.9], ∫ϰ²/L>=[5.0, 5.1, 5.1, 5.2], C-C-Sep=0.10, ║∇J║=2.0e-05
Iteration 1631/2000-----
currents: [100000.0, 99999.99999831883, 99999.99999851857, 99999.99999866355]
J=2.1e-05, ⟨Jf⟩=2.0e-05, ⟨B·n⟩=1.0e-03, Len=sum([4.1, 4.0, 3.8, 3.7])=15.7, ϰ=[4.0, 3.7, 4.0, 3.9], ∫ϰ²/L>=[5.0, 5.1, 5.1, 5.2], C-C-Sep=0.10, ║∇J║=2.8e-05
Iteration 1632/2000-----
currents: [100000.0, 99999.9999983168, 99999.99999851671, 99999.99999866183]
J=2.1e-05, ⟨Jf⟩=2.0e-05, ⟨B·n⟩=1.0e-03, Len=sum([4.1, 4.0, 3.8, 3.7])=15.7, ϰ=[4.0, 3.7, 4.0, 3.9], ∫ϰ²/L>=[5.0, 5.1, 5.1, 5.2], C-C-Sep=0.10, ║∇J║=3.7e-05
Iteration 1633/2000-----
currents: [100000.0, 99999.999998315, 99999.99999851506, 99999.99999866022]
J=2.1e-05, ⟨Jf⟩=2.0e-05, ⟨B·n⟩=1.0e-03, Len=sum([4.1, 4.0, 3.8, 3.7])=15.7, ϰ=[4.0, 3.7, 4.0, 3.9], ∫ϰ²/L>=[5.0, 5.1, 5.1, 5.2], C-C-Sep=0.10, ║∇J║=3.2e-05
Iteration 1634/2000-----
currents: [100000.0, 99999.99999831317, 99999.99999851338, 99999.99999865856]
J=2.1e-05, ⟨Jf⟩=2.0e-05, ⟨B·n⟩=1.0e-03, Len=sum([4.1, 4.0, 3.8, 3.7])=15.7, ϰ=[4.0, 3.7, 4.0, 3.9], ∫ϰ²/L>=[5.0, 5.1, 5.1, 5.2], C-C-Sep=0.10, ║∇J║=2.6e-05
Iteration 1635/2000-----
currents: [100000.0, 99999.9999983114, 99999.99999851176, 99999.999998657]
J=2.1e-05, ⟨Jf⟩=2.0e-05, ⟨B·n⟩=1.0e-03, Len=sum([4.1, 4.0, 3.8, 3.7])=15.7, ϰ=[4.0, 3.7, 4.0, 3.9], ∫ϰ²/L>=[5.0, 5.1, 5.1, 5.2], C-C-Sep=0.10, ║∇J║=3.0e-05
Iteration 1636/2000-----
currents: [100000.0, 99999.99999831093, 99999.99999851134, 99999.99999865655]
J=2.1e-05, ⟨Jf⟩=2.0e-05, ⟨B·n⟩=1.0e-03, Len=sum([4.1, 4.0, 3.8, 3.7])=15.7, ϰ=[4.0, 3.7, 4.0, 3.9], ∫ϰ²/L>=[5.0, 5.1, 5.1, 5.2], C-C-Sep=0.10, ║∇J║=2.4e-05
Iteration 1637/2000-----
currents: [100000.0, 99999.99999831028, 99999.99999851074, 99999.99999865599]
J=2.1e-05, ⟨Jf⟩=2.0e-05, ⟨B·n⟩=1.0e-03, Len=sum([4.1, 4.0, 3.8, 3.7])=15.7, ϰ=[4.0, 3.7, 4.0, 3.9], ∫ϰ²/L>=[5.0, 5.1, 5.1, 5.2], C-C-Sep=0.10, ║∇J║=1.7e-05
Iteration 1638/2000-----
currents: [100000.0, 99999.99999830931, 99999.99999850988, 99999.99999865521]
J=2.1e-05, ⟨Jf⟩=2.0e-05, ⟨B·n⟩=1.0e-03, Len=sum([4.1, 4.0, 3.8, 3.7])=15.7, ϰ=[4.0, 3.7, 4.0, 3.9], ∫ϰ²/L>=[5.0, 5.1, 5.1, 5.2], C-C-Sep=0.10, ║∇J║=1.7e-05
Iteration 1639/2000-----
currents: [100000.0, 99999.99999830901, 99999.9999985096, 99999.99999865494]
J=2.1e-05, ⟨Jf⟩=2.0e-05, ⟨B·n⟩=1.0e-03, Len=sum([4.1, 4.0, 3.8, 3.7])=15.7, ϰ=[4.0, 3.7, 4.0, 3.9], ∫ϰ²/L>=[5.0, 5.1, 5.1, 5.2], C-C-Sep=0.10, ║∇J║=1.1e-05
Iteration 1640/2000-----
currents: [100000.0, 99999.99999830878, 99999.99999850935, 99999.9999986547]
J=2.1e-05, ⟨Jf⟩=2.0e-05, ⟨B·n⟩=1.0e-03, Len=sum([4.1, 4.0, 3.8, 3.7])=15.7, ϰ=[4.0, 3.7, 4.0, 3.9], ∫ϰ²/L>=[5.0, 5.1, 5.1, 5.2], C-C-Sep=0.10, ║∇J║=1.0e-05
Iteration 1641/2000-----
currents: [100000.0, 99999.9999983085, 99999.99999850905, 99999.99999865446]
J=2.1e-05, ⟨Jf⟩=2.0e-05, ⟨B·n⟩=1.0e-03, Len=sum([4.1, 4.0, 3.8, 3.7])=15.7, ϰ=[4.0, 3.7, 4.0, 3.9], ∫ϰ²/L>=[5.0, 5.1, 5.1, 5.2], C-C-Sep=0.10, ║∇J║=1.4e-05
Iteration 1642/2000-----
currents: [100000.0, 99999.99999830847, 99999.99999850898, 99999.9999986544]
J=2.1e-05, ⟨Jf⟩=2.0e-05, ⟨B·n⟩=1.0e-03, Len=sum([4.1, 4.0, 3.8, 3.7])=15.7, ϰ=[4.0, 3.7, 4.0, 3.9], ∫ϰ²/L>=[5.0, 5.1, 5.1, 5.2], C-C-Sep=0.10, ║∇J║=1.1e-05
Iteration 1643/2000-----
currents: [100000.0, 99999.99999830844, 99999.99999850892, 99999.99999865437]
J=2.1e-05, ⟨Jf⟩=2.0e-05, ⟨B·n⟩=1.0e-03, Len=sum([4.1, 4.0, 3.8, 3.7])=15.7, ϰ=[4.0, 3.7, 4.0, 3.9], ∫ϰ²/L>=[5.0, 5.1, 5.1, 5.2], C-C-Sep=0.10, ║∇J║=9.8e-06
Iteration 1644/2000-----
currents: [100000.0, 99999.99999830833, 99999.99999850876, 99999.99999865425]
J=2.1e-05, ⟨Jf⟩=2.0e-05, ⟨B·n⟩=1.0e-03, Len=sum([4.1, 4.0, 3.8, 3.7])=15.7, ϰ=[4.0, 3.7, 4.0, 3.9], ∫ϰ²/L>=[5.0, 5.1, 5.1, 5.2], C-C-Sep=0.10, ║∇J║=1.3e-05
Iteration 1645/2000-----
currents: [100000.0, 99999.9999983079, 99999.99999850833, 99999.9999986539]
J=2.1e-05, ⟨Jf⟩=2.0e-05, ⟨B·n⟩=1.0e-03, Len=sum([4.1, 4.0, 3.8, 3.7])=15.7, ϰ=[4.0, 3.7, 4.0, 3.9], ∫ϰ²/L>=[5.0, 5.1, 5.1, 5.2], C-C-Sep=0.10, ║∇J║=1.7e-05
Iteration 1646/2000-----
currents: [100000.0, 99999.99999830751, 99999.99999850795, 99999.99999865358]
J=2.1e-05, ⟨Jf⟩=2.0e-05, ⟨B·n⟩=1.0e-03, Len=sum([4.1, 4.0, 3.8, 3.7])=15.7, ϰ=[4.0, 3.7, 4.0, 3.9], ∫ϰ²/L>=[5.0, 5.1, 5.1, 5.2], C-C-Sep=0.10, ║∇J║=1.3e-05
Iteration 1647/2000-----
currents: [100000.0, 99999.99999830652, 99999.99999850699, 99999.99999865277]
J=2.1e-05, ⟨Jf⟩=2.0e-05, ⟨B·n⟩=1.0e-03, Len=sum([4.1, 4.0, 3.8, 3.7])=15.7, ϰ=[4.0, 3.7, 4.0, 3.9], ∫ϰ²/L>=[5.0, 5.1, 5.1, 5.2], C-C-Sep=0.10, ║∇J║=1.4e-05
Iteration 1648/2000-----
currents: [100000.0, 99999.99999830587, 99999.99999850635, 99999.99999865223]
J=2.1e-05, ⟨Jf⟩=2.0e-05, ⟨B·n⟩=1.0e-03, Len=sum([4.1, 4.0, 3.8, 3.7])=15.7, ϰ=[4.0, 3.7, 4.0, 3.9], ∫ϰ²/L>=[5.0, 5.1, 5.1, 5.2], C-C-Sep=0.10, ║∇J║=1.8e-05
Iteration 1649/2000-----
currents: [100000.0, 99999.99999830456, 99999.99999850505, 99999.99999865115]
J=2.1e-05, ⟨Jf⟩=2.0e-05, ⟨B·n⟩=1.0e-03, Len=sum([4.1, 4.0, 3.8, 3.7])=15.7, ϰ=[4.0, 3.7, 4.0, 3.9], ∫ϰ²/L>=[5.0, 5.1, 5.1, 5.2], C-C-Sep=0.10, ║∇J║=2.0e-05
Iteration 1650/2000-----
currents: [100000.0, 99999.99999830339, 99999.99999850386, 99999.99999865016]
J=2.1e-05, ⟨Jf⟩=2.0e-05, ⟨B·n⟩=1.0e-03, Len=sum([4.1, 4.0, 3.8, 3.7])=15.7, ϰ=[4.0, 3.7, 4.0, 3.9], ∫ϰ²/L>=[5.0, 5.1, 5.1, 5.2], C-C-Sep=0.10, ║∇J║=3.2e-05
Iteration 1651/2000-----
currents: [100000.0, 99999.99999830281, 99999.99999850328, 99999.9999986497]
J=2.1e-05, ⟨Jf⟩=2.0e-05, ⟨B·n⟩=1.0e-03, Len=sum([4.1, 4.0, 3.8, 3.7])=15.7, ϰ=[4.0, 3.7, 4.0, 3.9], ∫ϰ²/L>=[5.0, 5.1, 5.1, 5.2], C-C-Sep=0.10, ║∇J║=2.2e-05
Iteration 1652/2000-----
currents: [100000.0, 99999.9999983021, 99999.99999850255, 99999.99999864909]
J=2.1e-05, ⟨Jf⟩=2.0e-05, ⟨B·n⟩=1.0e-03, Len=sum([4.1, 4.0, 3.8, 3.7])=15.7, ϰ=[4.0, 3.7, 4.0, 3.9], ∫ϰ²/L>=[5.0, 5.1, 5.1, 5.2], C-C-Sep=0.10, ║∇J║=2.2e-05
Iteration 1653/2000-----
currents: [100000.0, 99999.99999830102, 99999.99999850149, 99999.99999864821]
J=2.1e-05, ⟨Jf⟩=2.0e-05, ⟨B·n⟩=1.0e-03, Len=sum([4.1, 4.0, 3.8, 3.7])=15.7, ϰ=[4.0, 3.7, 4.0, 3.9], ∫ϰ²/L>=[5.0, 5.1, 5.1, 5.2], C-C-Sep=0.10, ║∇J║=2.9e-05
Iteration 1654/2000-----
currents: [100000.0, 99999.9999982999, 99999.9999985004, 99999.99999864728]
J=2.1e-05, ⟨Jf⟩=2.0e-05, ⟨B·n⟩=1.0e-03, Len=sum([4.1, 4.0, 3.8, 3.7])=15.7, ϰ=[4.0, 3.7, 4.0, 3.9], ∫ϰ²/L>=[5.0, 5.1, 5.1, 5.2], C-C-Sep=0.10, ║∇J║=1.9e-05
Iteration 1655/2000-----
currents: [100000.0, 99999.99999829875, 99999.99999849926, 99999.99999864631]
J=2.1e-05, ⟨Jf⟩=2.0e-05, ⟨B·n⟩=1.0e-03, Len=sum([4.1, 4.0, 3.8, 3.7])=15.7, ϰ=[4.0, 3.7, 4.0, 3.9], ∫ϰ²/L>=[5.0, 5.1, 5.1, 5.2], C-C-Sep=0.10, ║∇J║=1.7e-05
Iteration 1656/2000-----
currents: [100000.0, 99999.99999829778, 99999.9999984983, 99999.99999864551]
J=2.1e-05, ⟨Jf⟩=2.0e-05, ⟨B·n⟩=1.0e-03, Len=sum([4.1, 4.0, 3.8, 3.7])=15.7, ϰ=[4.0, 3.7, 4.0, 3.9], ∫ϰ²/L>=[5.0, 5.1, 5.1, 5.2], C-C-Sep=0.10, ║∇J║=2.7e-05
Iteration 1657/2000-----
currents: [100000.0, 99999.9999982973, 99999.9999984978, 99999.99999864511]
J=2.1e-05, ⟨Jf⟩=2.0e-05, ⟨B·n⟩=1.0e-03, Len=sum([4.1, 4.0, 3.8, 3.7])=15.7, ϰ=[4.0, 3.7, 4.0, 3.9], ∫ϰ²/L>=[5.0, 5.1, 5.1, 5.2], C-C-Sep=0.10, ║∇J║=2.1e-05
Iteration 1658/2000-----
currents: [100000.0, 99999.99999829721, 99999.9999984977, 99999.99999864506]
J=2.1e-05, ⟨Jf⟩=2.0e-05, ⟨B·n⟩=1.0e-03, Len=sum([4.1, 4.0, 3.8, 3.7])=15.7, ϰ=[4.0, 3.7, 4.0, 3.9], ∫ϰ²/L>=[5.0, 5.1, 5.1, 5.2], C-C-Sep=0.10, ║∇J║=1.3e-05
Iteration 1659/2000-----
currents: [100000.0, 99999.9999982972, 99999.99999849767, 99999.99999864506]
J=2.1e-05, ⟨Jf⟩=2.0e-05, ⟨B·n⟩=1.0e-03, Len=sum([4.1, 4.0, 3.8, 3.7])=15.7, ϰ=[4.0, 3.7, 4.0, 3.9], ∫ϰ²/L>=[5.0, 5.1, 5.1, 5.2], C-C-Sep=0.10, ║∇J║=1.2e-05
Iteration 1660/2000-----
currents: [100000.0, 99999.99999829681, 99999.99999849733, 99999.99999864477]
J=2.1e-05, ⟨Jf⟩=2.0e-05, ⟨B·n⟩=1.0e-03, Len=sum([4.1, 4.0, 3.8, 3.7])=15.7, ϰ=[4.0, 3.7, 4.0, 3.9], ∫ϰ²/L>=[5.0, 5.1, 5.1, 5.2], C-C-Sep=0.10, ║∇J║=1.3e-05
Iteration 1661/2000-----
currents: [100000.0, 99999.99999829622, 99999.99999849677, 99999.99999864429]
J=2.1e-05, ⟨Jf⟩=2.0e-05, ⟨B·n⟩=1.0e-03, Len=sum([4.1, 4.0, 3.8, 3.7])=15.7, ϰ=[4.0, 3.7, 4.0, 3.9], ∫ϰ²/L>=[5.0, 5.1, 5.1, 5.2], C-C-Sep=0.10, ║∇J║=1.1e-05
Iteration 1662/2000-----
currents: [100000.0, 99999.9999982958, 99999.9999984964, 99999.99999864395]
J=2.1e-05, ⟨Jf⟩=2.0e-05, ⟨B·n⟩=1.0e-03, Len=sum([4.1, 4.0, 3.8, 3.7])=15.7, ϰ=[4.0, 3.7, 4.0, 3.9], ∫ϰ²/L>=[5.0, 5.1, 5.1, 5.2], C-C-Sep=0.10, ║∇J║=9.2e-06
Iteration 1663/2000-----
currents: [100000.0, 99999.99999829555, 99999.99999849618, 99999.99999864376]
J=2.1e-05, ⟨Jf⟩=2.0e-05, ⟨B·n⟩=1.0e-03, Len=sum([4.1, 4.0, 3.8, 3.7])=15.7, ϰ=[4.0, 3.7, 4.0, 3.9], ∫ϰ²/L>=[5.0, 5.1, 5.1, 5.2], C-C-Sep=0.10, ║∇J║=7.5e-06
Iteration 1664/2000-----
currents: [100000.0, 99999.99999829545, 99999.99999849609, 99999.99999864369]
J=2.1e-05, ⟨Jf⟩=2.0e-05, ⟨B·n⟩=1.0e-03, Len=sum([4.1, 4.0, 3.8, 3.7])=15.7, ϰ=[4.0, 3.7, 4.0, 3.9], ∫ϰ²/L>=[5.0, 5.1, 5.1, 5.2], C-C-Sep=0.10, ║∇J║=7.9e-06
Iteration 1665/2000-----
currents: [100000.0, 99999.99999829545, 99999.99999849609, 99999.99999864369]
J=2.1e-05, ⟨Jf⟩=2.0e-05, ⟨B·n⟩=1.0e-03, Len=sum([4.1, 4.0, 3.8, 3.7])=15.7, ϰ=[4.0, 3.7, 4.0, 3.9], ∫ϰ²/L>=[5.0, 5.1, 5.1, 5.2], C-C-Sep=0.10, ║∇J║=1.2e-05
Iteration 1666/2000-----
currents: [100000.0, 99999.99999829533, 99999.999998496, 99999.99999864363]
J=2.1e-05, ⟨Jf⟩=2.0e-05, ⟨B·n⟩=1.0e-03, Len=sum([4.1, 4.0, 3.8, 3.7])=15.7, ϰ=[4.0, 3.7, 4.0, 3.9], ∫ϰ²/L>=[5.0, 5.1, 5.1, 5.2], C-C-Sep=0.10, ║∇J║=9.4e-06
Iteration 1667/2000-----
currents: [100000.0, 99999.9999982952, 99999.99999849588, 99999.99999864353]
J=2.1e-05, ⟨Jf⟩=2.0e-05, ⟨B·n⟩=1.0e-03, Len=sum([4.1, 4.0, 3.8, 3.7])=15.7, ϰ=[4.0, 3.7, 4.0, 3.9], ∫ϰ²/L>=[5.0, 5.1, 5.1, 5.2], C-C-Sep=0.10, ║∇J║=1.1e-05
Iteration 1668/2000-----
currents: [100000.0, 99999.99999829475, 99999.99999849549, 99999.99999864318]
J=2.1e-05, ⟨Jf⟩=2.0e-05, ⟨B·n⟩=1.0e-03, Len=sum([4.1, 4.0, 3.8, 3.7])=15.7, ϰ=[4.0, 3.7, 4.0, 3.9], ∫ϰ²/L>=[5.0, 5.1, 5.1, 5.2], C-C-Sep=0.10, ║∇J║=1.8e-05
Iteration 1669/2000-----
currents: [100000.0, 99999.99999829392, 99999.99999849475, 99999.99999864251]
J=2.1e-05, ⟨Jf⟩=2.0e-05, ⟨B·n⟩=1.0e-03, Len=sum([4.1, 4.0, 3.8, 3.7])=15.7, ϰ=[4.0, 3.7, 4.0, 3.9], ∫ϰ²/L>=[5.0, 5.1, 5.1, 5.2], C-C-Sep=0.10, ║∇J║=2.2e-05
Iteration 1670/2000-----
currents: [100000.0, 99999.99999829312, 99999.99999849404, 99999.99999864187]
J=2.1e-05, ⟨Jf⟩=2.0e-05, ⟨B·n⟩=1.0e-03, Len=sum([4.1, 4.0, 3.8, 3.7])=15.7, ϰ=[4.0, 3.7, 4.0, 3.9], ∫ϰ²/L>=[5.0, 5.1, 5.1, 5.2], C-C-Sep=0.10, ║∇J║=1.7e-05
Iteration 1671/2000-----
currents: [100000.0, 99999.99999829136, 99999.99999849248, 99999.99999864047]
J=2.1e-05, ⟨Jf⟩=2.0e-05, ⟨B·n⟩=1.0e-03, Len=sum([4.1, 4.0, 3.8, 3.7])=15.7, ϰ=[4.0, 3.7, 4.0, 3.9], ∫ϰ²/L>=[5.0, 5.1, 5.1, 5.2], C-C-Sep=0.10, ║∇J║=2.0e-05
Iteration 1672/2000-----
currents: [100000.0, 99999.99999828989, 99999.9999984912, 99999.99999863932]
J=2.1e-05, ⟨Jf⟩=2.0e-05, ⟨B·n⟩=1.0e-03, Len=sum([4.1, 4.0, 3.8, 3.7])=15.7, ϰ=[4.0, 3.7, 4.0, 3.9], ∫ϰ²/L>=[5.0, 5.1, 5.1, 5.2], C-C-Sep=0.10, ║∇J║=3.1e-05
Iteration 1673/2000-----
currents: [100000.0, 99999.99999828913, 99999.99999849054, 99999.99999863871]
J=2.1e-05, ⟨Jf⟩=2.0e-05, ⟨B·n⟩=1.0e-03, Len=sum([4.1, 4.0, 3.8, 3.7])=15.7, ϰ=[4.0, 3.7, 4.0, 3.9], ∫ϰ²/L>=[5.0, 5.1, 5.1, 5.2], C-C-Sep=0.10, ║∇J║=2.1e-05
Iteration 1674/2000-----
currents: [100000.0, 99999.99999828817, 99999.99999848971, 99999.99999863793]
J=2.1e-05, ⟨Jf⟩=2.0e-05, ⟨B·n⟩=1.0e-03, Len=sum([4.1, 4.0, 3.8, 3.7])=15.7, ϰ=[4.0, 3.7, 4.0, 3.9], ∫ϰ²/L>=[5.0, 5.1, 5.1, 5.2], C-C-Sep=0.10, ║∇J║=1.8e-05
Iteration 1675/2000-----
currents: [100000.0, 99999.99999828744, 99999.99999848907, 99999.99999863732]
J=2.1e-05, ⟨Jf⟩=2.0e-05, ⟨B·n⟩=1.0e-03, Len=sum([4.1, 4.0, 3.8, 3.7])=15.7, ϰ=[4.0, 3.7, 4.0, 3.9], ∫ϰ²/L>=[5.0, 5.1, 5.1, 5.2], C-C-Sep=0.10, ║∇J║=2.6e-05
Iteration 1676/2000-----
currents: [100000.0, 99999.99999828667, 99999.99999848839, 99999.99999863666]
J=2.1e-05, ⟨Jf⟩=2.0e-05, ⟨B·n⟩=1.0e-03, Len=sum([4.1, 4.0, 3.8, 3.7])=15.7, ϰ=[4.0, 3.7, 4.0, 3.9], ∫ϰ²/L>=[5.0, 5.1, 5.1, 5.2], C-C-Sep=0.10, ║∇J║=1.7e-05
Iteration 1677/2000-----
currents: [100000.0, 99999.99999828612, 99999.9999984879, 99999.9999986362]
J=2.1e-05, ⟨Jf⟩=2.0e-05, ⟨B·n⟩=1.0e-03, Len=sum([4.1, 4.0, 3.8, 3.7])=15.7, ϰ=[4.0, 3.7, 4.0, 3.9], ∫ϰ²/L>=[5.0, 5.1, 5.1, 5.2], C-C-Sep=0.10, ║∇J║=1.4e-05
Iteration 1678/2000-----
currents: [100000.0, 99999.99999828557, 99999.99999848739, 99999.9999986357]
J=2.1e-05, ⟨Jf⟩=2.0e-05, ⟨B·n⟩=1.0e-03, Len=sum([4.1, 4.0, 3.8, 3.7])=15.7, ϰ=[4.0, 3.7, 4.0, 3.9], ∫ϰ²/L>=[5.0, 5.1, 5.1, 5.2], C-C-Sep=0.10, ║∇J║=1.7e-05
Iteration 1679/2000-----
currents: [100000.0, 99999.99999828517, 99999.99999848702, 99999.99999863538]
J=2.1e-05, ⟨Jf⟩=2.0e-05, ⟨B·n⟩=1.0e-03, Len=sum([4.1, 4.0, 3.8, 3.7])=15.7, ϰ=[4.0, 3.7, 4.0, 3.9], ∫ϰ²/L>=[5.0, 5.1, 5.1, 5.2], C-C-Sep=0.10, ║∇J║=1.5e-05
Iteration 1680/2000-----
currents: [100000.0, 99999.99999828493, 99999.99999848678, 99999.99999863516]
J=2.1e-05, ⟨Jf⟩=2.0e-05, ⟨B·n⟩=1.0e-03, Len=sum([4.1, 4.0, 3.8, 3.7])=15.7, ϰ=[4.0, 3.7, 4.0, 3.9], ∫ϰ²/L>=[5.0, 5.1, 5.1, 5.2], C-C-Sep=0.10, ║∇J║=1.0e-05
Iteration 1681/2000-----
currents: [100000.0, 99999.99999828465, 99999.9999984865, 99999.9999986349]
J=2.1e-05, ⟨Jf⟩=2.0e-05, ⟨B·n⟩=1.0e-03, Len=sum([4.1, 4.0, 3.8, 3.7])=15.7, ϰ=[4.0, 3.7, 4.0, 3.9], ∫ϰ²/L>=[5.0, 5.1, 5.1, 5.2], C-C-Sep=0.10, ║∇J║=8.4e-06
Iteration 1682/2000-----
currents: [100000.0, 99999.9999982845, 99999.99999848635, 99999.99999863475]
J=2.1e-05, ⟨Jf⟩=2.0e-05, ⟨B·n⟩=1.0e-03, Len=sum([4.1, 4.0, 3.8, 3.7])=15.7, ϰ=[4.0, 3.7, 4.0, 3.9], ∫ϰ²/L>=[5.0, 5.1, 5.1, 5.2], C-C-Sep=0.10, ║∇J║=1.1e-05
Iteration 1683/2000-----
currents: [100000.0, 99999.99999828443, 99999.99999848628, 99999.99999863468]
J=2.1e-05, ⟨Jf⟩=2.0e-05, ⟨B·n⟩=1.0e-03, Len=sum([4.1, 4.0, 3.8, 3.7])=15.7, ϰ=[4.0, 3.7, 4.0, 3.9], ∫ϰ²/L>=[5.0, 5.1, 5.1, 5.2], C-C-Sep=0.10, ║∇J║=8.2e-06
Iteration 1684/2000-----
currents: [100000.0, 99999.99999828427, 99999.99999848612, 99999.99999863452]
J=2.1e-05, ⟨Jf⟩=2.0e-05, ⟨B·n⟩=1.0e-03, Len=sum([4.1, 4.0, 3.8, 3.7])=15.7, ϰ=[4.0, 3.7, 4.0, 3.9], ∫ϰ²/L>=[5.0, 5.1, 5.1, 5.2], C-C-Sep=0.10, ║∇J║=7.6e-06
Iteration 1685/2000-----
currents: [100000.0, 99999.99999828415, 99999.999998486, 99999.9999986344]
J=2.1e-05, ⟨Jf⟩=2.0e-05, ⟨B·n⟩=1.0e-03, Len=sum([4.1, 4.0, 3.8, 3.7])=15.7, ϰ=[4.0, 3.7, 4.0, 3.9], ∫ϰ²/L>=[5.0, 5.1, 5.1, 5.2], C-C-Sep=0.10, ║∇J║=1.4e-05
Iteration 1686/2000-----
currents: [100000.0, 99999.99999828397, 99999.99999848582, 99999.99999863423]
J=2.1e-05, ⟨Jf⟩=2.0e-05, ⟨B·n⟩=1.0e-03, Len=sum([4.1, 4.0, 3.8, 3.7])=15.7, ϰ=[4.0, 3.7, 4.0, 3.9], ∫ϰ²/L>=[5.0, 5.1, 5.1, 5.2], C-C-Sep=0.10, ║∇J║=1.0e-05
Iteration 1687/2000-----
currents: [100000.0, 99999.9999982836, 99999.99999848545, 99999.9999986339]
J=2.1e-05, ⟨Jf⟩=2.0e-05, ⟨B·n⟩=1.0e-03, Len=sum([4.1, 4.0, 3.8, 3.7])=15.7, ϰ=[4.0, 3.7, 4.0, 3.9], ∫ϰ²/L>=[5.0, 5.1, 5.1, 5.2], C-C-Sep=0.10, ║∇J║=1.0e-05
Iteration 1688/2000-----
currents: [100000.0, 99999.9999982832, 99999.99999848503, 99999.99999863352]
J=2.1e-05, ⟨Jf⟩=2.0e-05, ⟨B·n⟩=1.0e-03, Len=sum([4.1, 4.0, 3.8, 3.7])=15.7, ϰ=[4.0, 3.7, 4.0, 3.9], ∫ϰ²/L>=[5.0, 5.1, 5.1, 5.2], C-C-Sep=0.10, ║∇J║=1.4e-05
Iteration 1689/2000-----
currents: [100000.0, 99999.99999828234, 99999.99999848414, 99999.99999863272]
J=2.1e-05, ⟨Jf⟩=2.0e-05, ⟨B·n⟩=1.0e-03, Len=sum([4.1, 4.0, 3.8, 3.7])=15.7, ϰ=[4.0, 3.7, 4.0, 3.9], ∫ϰ²/L>=[5.0, 5.1, 5.1, 5.2], C-C-Sep=0.10, ║∇J║=2.6e-05
Iteration 1690/2000-----
currents: [100000.0, 99999.99999828164, 99999.99999848343, 99999.99999863209]
J=2.1e-05, ⟨Jf⟩=2.0e-05, ⟨B·n⟩=1.0e-03, Len=sum([4.1, 4.0, 3.8, 3.7])=15.7, ϰ=[4.0, 3.7, 4.0, 3.9], ∫ϰ²/L>=[5.0, 5.1, 5.1, 5.2], C-C-Sep=0.10, ║∇J║=1.8e-05
Iteration 1691/2000-----
currents: [100000.0, 99999.999998281, 99999.99999848277, 99999.99999863151]
J=2.1e-05, ⟨Jf⟩=2.0e-05, ⟨B·n⟩=1.0e-03, Len=sum([4.1, 4.0, 3.8, 3.7])=15.7, ϰ=[4.0, 3.7, 4.0, 3.9], ∫ϰ²/L>=[5.0, 5.1, 5.1, 5.2], C-C-Sep=0.10, ║∇J║=1.7e-05
Iteration 1692/2000-----
currents: [100000.0, 99999.99999827959, 99999.99999848138, 99999.99999863026]
J=2.1e-05, ⟨Jf⟩=2.0e-05, ⟨B·n⟩=1.0e-03, Len=sum([4.1, 4.0, 3.8, 3.7])=15.7, ϰ=[4.0, 3.7, 4.0, 3.9], ∫ϰ²/L>=[5.0, 5.1, 5.1, 5.2], C-C-Sep=0.10, ║∇J║=2.5e-05
Iteration 1693/2000-----
currents: [100000.0, 99999.99999827759, 99999.99999847941, 99999.99999862851]
J=2.1e-05, ⟨Jf⟩=2.0e-05, ⟨B·n⟩=1.0e-03, Len=sum([4.1, 4.0, 3.8, 3.7])=15.7, ϰ=[4.0, 3.7, 4.0, 3.9], ∫ϰ²/L>=[5.0, 5.1, 5.1, 5.2], C-C-Sep=0.10, ║∇J║=4.0e-05
Iteration 1694/2000-----
currents: [100000.0, 99999.99999827705, 99999.99999847892, 99999.99999862807]
J=2.1e-05, ⟨Jf⟩=2.0e-05, ⟨B·n⟩=1.0e-03, Len=sum([4.1, 4.0, 3.8, 3.7])=15.7, ϰ=[4.0, 3.7, 4.0, 3.9], ∫ϰ²/L>=[5.0, 5.1, 5.1, 5.2], C-C-Sep=0.10, ║∇J║=2.1e-05
Iteration 1695/2000-----
currents: [100000.0, 99999.9999982758, 99999.99999847774, 99999.99999862704]
J=2.1e-05, ⟨Jf⟩=2.0e-05, ⟨B·n⟩=1.0e-03, Len=sum([4.1, 4.0, 3.8, 3.7])=15.7, ϰ=[4.0, 3.7, 4.0, 3.9], ∫ϰ²/L>=[5.0, 5.1, 5.1, 5.2], C-C-Sep=0.10, ║∇J║=1.6e-05
Iteration 1696/2000-----
currents: [100000.0, 99999.99999827487, 99999.99999847685, 99999.99999862626]
J=2.1e-05, ⟨Jf⟩=2.0e-05, ⟨B·n⟩=1.0e-03, Len=sum([4.1, 4.0, 3.8, 3.7])=15.7, ϰ=[4.0, 3.7, 4.0, 3.9], ∫ϰ²/L>=[5.0, 5.1, 5.1, 5.2], C-C-Sep=0.10, ║∇J║=1.4e-05
Iteration 1697/2000-----
currents: [100000.0, 99999.99999827397, 99999.99999847596, 99999.99999862547]
J=2.1e-05, ⟨Jf⟩=2.0e-05, ⟨B·n⟩=1.0e-03, Len=sum([4.1, 4.0, 3.8, 3.7])=15.7, ϰ=[4.0, 3.7, 4.0, 3.9], ∫ϰ²/L>=[5.0, 5.1, 5.1, 5.2], C-C-Sep=0.10, ║∇J║=2.6e-05
Iteration 1698/2000-----
currents: [100000.0, 99999.99999827347, 99999.99999847548, 99999.99999862506]
J=2.1e-05, ⟨Jf⟩=2.0e-05, ⟨B·n⟩=1.0e-03, Len=sum([4.1, 4.0, 3.8, 3.7])=15.7, ϰ=[4.0, 3.7, 4.0, 3.9], ∫ϰ²/L>=[5.0, 5.1, 5.1, 5.2], C-C-Sep=0.10, ║∇J║=9.2e-06
Iteration 1699/2000-----
currents: [100000.0, 99999.99999827372, 99999.9999984757, 99999.99999862525]
J=2.1e-05, ⟨Jf⟩=2.0e-05, ⟨B·n⟩=1.0e-03, Len=sum([4.1, 4.0, 3.8, 3.7])=15.7, ϰ=[4.0, 3.7, 4.0, 3.9], ∫ϰ²/L>=[5.0, 5.1, 5.1, 5.2], C-C-Sep=0.10, ║∇J║=6.9e-06
Iteration 1700/2000-----
currents: [100000.0, 99999.99999827382, 99999.99999847576, 99999.99999862531]
J=2.1e-05, ⟨Jf⟩=2.0e-05, ⟨B·n⟩=1.0e-03, Len=sum([4.1, 4.0, 3.8, 3.7])=15.7, ϰ=[4.0, 3.7, 4.0, 3.9], ∫ϰ²/L>=[5.0, 5.1, 5.1, 5.2], C-C-Sep=0.10, ║∇J║=5.7e-06
Iteration 1701/2000-----
currents: [100000.0, 99999.99999827366, 99999.99999847557, 99999.99999862515]
J=2.1e-05, ⟨Jf⟩=2.0e-05, ⟨B·n⟩=1.0e-03, Len=sum([4.1, 4.0, 3.8, 3.7])=15.7, ϰ=[4.0, 3.7, 4.0, 3.9], ∫ϰ²/L>=[5.0, 5.1, 5.1, 5.2], C-C-Sep=0.10, ║∇J║=1.4e-05
Iteration 1702/2000-----
currents: [100000.0, 99999.99999827347, 99999.99999847538, 99999.99999862499]
J=2.1e-05, ⟨Jf⟩=2.0e-05, ⟨B·n⟩=1.0e-03, Len=sum([4.1, 4.0, 3.8, 3.7])=15.7, ϰ=[4.0, 3.7, 4.0, 3.9], ∫ϰ²/L>=[5.0, 5.1, 5.1, 5.2], C-C-Sep=0.10, ║∇J║=6.4e-06
Iteration 1703/2000-----
currents: [100000.0, 99999.99999827318, 99999.9999984751, 99999.99999862476]
J=2.1e-05, ⟨Jf⟩=2.0e-05, ⟨B·n⟩=1.0e-03, Len=sum([4.1, 4.0, 3.8, 3.7])=15.7, ϰ=[4.0, 3.7, 4.0, 3.9], ∫ϰ²/L>=[5.0, 5.1, 5.1, 5.2], C-C-Sep=0.10, ║∇J║=5.8e-06
Iteration 1704/2000-----
currents: [100000.0, 99999.99999827283, 99999.99999847477, 99999.99999862447]
J=2.1e-05, ⟨Jf⟩=2.0e-05, ⟨B·n⟩=1.0e-03, Len=sum([4.1, 4.0, 3.8, 3.7])=15.7, ϰ=[4.0, 3.7, 4.0, 3.9], ∫ϰ²/L>=[5.0, 5.1, 5.1, 5.2], C-C-Sep=0.10, ║∇J║=7.4e-06
Iteration 1705/2000-----
currents: [100000.0, 99999.99999827241, 99999.99999847435, 99999.9999986241]
J=2.1e-05, ⟨Jf⟩=2.0e-05, ⟨B·n⟩=1.0e-03, Len=sum([4.1, 4.0, 3.8, 3.7])=15.7, ϰ=[4.0, 3.7, 4.0, 3.9], ∫ϰ²/L>=[5.0, 5.1, 5.1, 5.2], C-C-Sep=0.10, ║∇J║=9.7e-06
Iteration 1706/2000-----
currents: [100000.0, 99999.99999827184, 99999.99999847374, 99999.99999862355]
J=2.1e-05, ⟨Jf⟩=2.0e-05, ⟨B·n⟩=1.0e-03, Len=sum([4.1, 4.0, 3.8, 3.7])=15.7, ϰ=[4.0, 3.7, 4.0, 3.9], ∫ϰ²/L>=[5.0, 5.1, 5.1, 5.2], C-C-Sep=0.10, ║∇J║=2.0e-05
Iteration 1707/2000-----
currents: [100000.0, 99999.99999827164, 99999.99999847352, 99999.99999862337]
J=2.1e-05, ⟨Jf⟩=2.0e-05, ⟨B·n⟩=1.0e-03, Len=sum([4.1, 4.0, 3.8, 3.7])=15.7, ϰ=[4.0, 3.7, 4.0, 3.9], ∫ϰ²/L>=[5.0, 5.1, 5.1, 5.2], C-C-Sep=0.10, ║∇J║=1.1e-05
Iteration 1708/2000-----
currents: [100000.0, 99999.99999827164, 99999.99999847349, 99999.99999862336]
J=2.1e-05, ⟨Jf⟩=2.0e-05, ⟨B·n⟩=1.0e-03, Len=sum([4.1, 4.0, 3.8, 3.7])=15.7, ϰ=[4.0, 3.7, 4.0, 3.9], ∫ϰ²/L>=[5.0, 5.1, 5.1, 5.2], C-C-Sep=0.10, ║∇J║=1.1e-05
Iteration 1709/2000-----
currents: [100000.0, 99999.9999982714, 99999.9999984732, 99999.99999862313]
J=2.1e-05, ⟨Jf⟩=2.0e-05, ⟨B·n⟩=1.0e-03, Len=sum([4.1, 4.0, 3.8, 3.7])=15.7, ϰ=[4.0, 3.7, 4.0, 3.9], ∫ϰ²/L>=[5.0, 5.1, 5.1, 5.2], C-C-Sep=0.10, ║∇J║=1.5e-05
Iteration 1710/2000-----
currents: [100000.0, 99999.99999827059, 99999.99999847233, 99999.99999862238]
J=2.1e-05, ⟨Jf⟩=2.0e-05, ⟨B·n⟩=1.0e-03, Len=sum([4.1, 4.0, 3.8, 3.7])=15.7, ϰ=[4.0, 3.7, 4.0, 3.9], ∫ϰ²/L>=[5.0, 5.1, 5.1, 5.2], C-C-Sep=0.10, ║∇J║=2.3e-05
Iteration 1711/2000-----
currents: [100000.0, 99999.9999982695, 99999.99999847118, 99999.99999862141]
J=2.1e-05, ⟨Jf⟩=2.0e-05, ⟨B·n⟩=1.0e-03, Len=sum([4.1, 4.0, 3.8, 3.7])=15.7, ϰ=[4.0, 3.7, 4.0, 3.9], ∫ϰ²/L>=[5.0, 5.1, 5.1, 5.2], C-C-Sep=0.10, ║∇J║=1.9e-05
Iteration 1712/2000-----
currents: [100000.0, 99999.99999826761, 99999.99999846923, 99999.99999861974]
J=2.1e-05, ⟨Jf⟩=2.0e-05, ⟨B·n⟩=1.0e-03, Len=sum([4.1, 4.0, 3.8, 3.7])=15.7, ϰ=[4.0, 3.7, 4.0, 3.9], ∫ϰ²/L>=[5.0, 5.1, 5.1, 5.2], C-C-Sep=0.10, ║∇J║=2.0e-05
Iteration 1713/2000-----
currents: [100000.0, 99999.99999826487, 99999.99999846645, 99999.99999861736]
J=2.1e-05, ⟨Jf⟩=2.0e-05, ⟨B·n⟩=1.0e-03, Len=sum([4.1, 4.0, 3.8, 3.7])=15.7, ϰ=[4.0, 3.7, 4.0, 3.9], ∫ϰ²/L>=[5.0, 5.0, 5.1, 5.2], C-C-Sep=0.10, ║∇J║=3.8e-05
Iteration 1714/2000-----
currents: [100000.0, 99999.99999826455, 99999.9999984661, 99999.99999861706]
J=2.1e-05, ⟨Jf⟩=2.0e-05, ⟨B·n⟩=1.0e-03, Len=sum([4.1, 4.0, 3.8, 3.7])=15.7, ϰ=[4.0, 3.7, 4.0, 3.9], ∫ϰ²/L>=[5.0, 5.1, 5.1, 5.2], C-C-Sep=0.10, ║∇J║=2.0e-05
Iteration 1715/2000-----
currents: [100000.0, 99999.9999982642, 99999.99999846572, 99999.99999861675]
J=2.1e-05, ⟨Jf⟩=2.0e-05, ⟨B·n⟩=1.0e-03, Len=sum([4.1, 4.0, 3.8, 3.7])=15.7, ϰ=[4.0, 3.7, 4.0, 3.9], ∫ϰ²/L>=[5.0, 5.1, 5.1, 5.2], C-C-Sep=0.10, ║∇J║=1.8e-05
Iteration 1716/2000-----
currents: [100000.0, 99999.99999826342, 99999.99999846486, 99999.99999861605]
J=2.1e-05, ⟨Jf⟩=2.0e-05, ⟨B·n⟩=1.0e-03, Len=sum([4.1, 4.0, 3.8, 3.7])=15.7, ϰ=[4.0, 3.7, 4.0, 3.9], ∫ϰ²/L>=[5.0, 5.1, 5.1, 5.2], C-C-Sep=0.10, ║∇J║=2.1e-05
Iteration 1717/2000-----
currents: [100000.0, 99999.99999826198, 99999.99999846332, 99999.99999861477]
J=2.1e-05, ⟨Jf⟩=2.0e-05, ⟨B·n⟩=1.0e-03, Len=sum([4.1, 4.0, 3.8, 3.7])=15.7, ϰ=[4.0, 3.7, 4.0, 3.9], ∫ϰ²/L>=[5.0, 5.1, 5.1, 5.2], C-C-Sep=0.10, ║∇J║=4.4e-05
Iteration 1718/2000-----
currents: [100000.0, 99999.99999826151, 99999.99999846282, 99999.99999861437]
J=2.1e-05, ⟨Jf⟩=2.0e-05, ⟨B·n⟩=1.0e-03, Len=sum([4.1, 4.0, 3.8, 3.7])=15.7, ϰ=[4.0, 3.7, 4.0, 3.9], ∫ϰ²/L>=[5.0, 5.1, 5.1, 5.2], C-C-Sep=0.10, ║∇J║=1.6e-05
Iteration 1719/2000-----
currents: [100000.0, 99999.99999826105, 99999.99999846233, 99999.99999861394]
J=2.1e-05, ⟨Jf⟩=2.0e-05, ⟨B·n⟩=1.0e-03, Len=sum([4.1, 4.0, 3.8, 3.7])=15.7, ϰ=[4.0, 3.7, 4.0, 3.9], ∫ϰ²/L>=[5.0, 5.1, 5.1, 5.2], C-C-Sep=0.10, ║∇J║=1.2e-05
Iteration 1720/2000-----
currents: [100000.0, 99999.99999826026, 99999.9999984615, 99999.99999861323]
J=2.1e-05, ⟨Jf⟩=2.0e-05, ⟨B·n⟩=1.0e-03, Len=sum([4.1, 4.0, 3.8, 3.7])=15.7, ϰ=[4.0, 3.7, 4.0, 3.9], ∫ϰ²/L>=[5.0, 5.0, 5.1, 5.2], C-C-Sep=0.10, ║∇J║=1.4e-05
Iteration 1721/2000-----
currents: [100000.0, 99999.99999825956, 99999.99999846076, 99999.99999861259]
J=2.1e-05, ⟨Jf⟩=2.0e-05, ⟨B·n⟩=1.0e-03, Len=sum([4.1, 4.0, 3.8, 3.7])=15.7, ϰ=[4.0, 3.7, 4.0, 3.9], ∫ϰ²/L>=[5.0, 5.0, 5.1, 5.2], C-C-Sep=0.10, ║∇J║=1.3e-05
Iteration 1722/2000-----
currents: [100000.0, 99999.99999825856, 99999.99999845972, 99999.9999986117]
J=2.1e-05, ⟨Jf⟩=2.0e-05, ⟨B·n⟩=1.0e-03, Len=sum([4.1, 4.0, 3.8, 3.7])=15.7, ϰ=[4.0, 3.7, 4.0, 3.9], ∫ϰ²/L>=[5.0, 5.1, 5.1, 5.2], C-C-Sep=0.10, ║∇J║=4.2e-05
Iteration 1723/2000-----
currents: [100000.0, 99999.99999825918, 99999.99999846036, 99999.99999861226]
J=2.1e-05, ⟨Jf⟩=2.0e-05, ⟨B·n⟩=1.0e-03, Len=sum([4.1, 4.0, 3.8, 3.7])=15.7, ϰ=[4.0, 3.7, 4.0, 3.9], ∫ϰ²/L>=[5.0, 5.0, 5.1, 5.2], C-C-Sep=0.10, ║∇J║=1.7e-05
Iteration 1724/2000-----
currents: [100000.0, 99999.99999825875, 99999.99999845991, 99999.99999861188]
J=2.1e-05, ⟨Jf⟩=2.0e-05, ⟨B·n⟩=1.0e-03, Len=sum([4.1, 4.0, 3.8, 3.7])=15.7, ϰ=[4.0, 3.7, 4.0, 3.9], ∫ϰ²/L>=[5.0, 5.1, 5.1, 5.2], C-C-Sep=0.10, ║∇J║=8.5e-06
Iteration 1725/2000-----
currents: [100000.0, 99999.99999825869, 99999.99999845985, 99999.99999861182]
J=2.1e-05, ⟨Jf⟩=2.0e-05, ⟨B·n⟩=1.0e-03, Len=sum([4.1, 4.0, 3.8, 3.7])=15.7, ϰ=[4.0, 3.7, 4.0, 3.9], ∫ϰ²/L>=[5.0, 5.1, 5.1, 5.2], C-C-Sep=0.10, ║∇J║=8.1e-06
Iteration 1726/2000-----
currents: [100000.0, 99999.99999825862, 99999.9999984598, 99999.99999861175]
J=2.1e-05, ⟨Jf⟩=2.0e-05, ⟨B·n⟩=1.0e-03, Len=sum([4.1, 4.0, 3.8, 3.7])=15.7, ϰ=[4.0, 3.7, 4.0, 3.9], ∫ϰ²/L>=[5.0, 5.1, 5.1, 5.2], C-C-Sep=0.10, ║∇J║=1.2e-05
Iteration 1727/2000-----
currents: [100000.0, 99999.99999825838, 99999.99999845958, 99999.99999861154]
J=2.1e-05, ⟨Jf⟩=2.0e-05, ⟨B·n⟩=1.0e-03, Len=sum([4.1, 4.0, 3.8, 3.7])=15.7, ϰ=[4.0, 3.7, 4.0, 3.9], ∫ϰ²/L>=[5.0, 5.1, 5.1, 5.2], C-C-Sep=0.10, ║∇J║=9.9e-06
Iteration 1728/2000-----
currents: [100000.0, 99999.99999825825, 99999.99999845945, 99999.99999861143]
J=2.1e-05, ⟨Jf⟩=2.0e-05, ⟨B·n⟩=1.0e-03, Len=sum([4.1, 4.0, 3.8, 3.7])=15.7, ϰ=[4.0, 3.7, 4.0, 3.9], ∫ϰ²/L>=[5.0, 5.1, 5.1, 5.2], C-C-Sep=0.10, ║∇J║=6.9e-06
Iteration 1729/2000-----
currents: [100000.0, 99999.99999825773, 99999.99999845892, 99999.99999861098]
J=2.1e-05, ⟨Jf⟩=2.0e-05, ⟨B·n⟩=1.0e-03, Len=sum([4.1, 4.0, 3.8, 3.7])=15.7, ϰ=[4.0, 3.7, 4.0, 3.9], ∫ϰ²/L>=[5.0, 5.0, 5.1, 5.2], C-C-Sep=0.10, ║∇J║=9.3e-06
Iteration 1730/2000-----
currents: [100000.0, 99999.99999825735, 99999.99999845854, 99999.99999861066]
J=2.1e-05, ⟨Jf⟩=2.0e-05, ⟨B·n⟩=1.0e-03, Len=sum([4.1, 4.0, 3.8, 3.7])=15.7, ϰ=[4.0, 3.7, 4.0, 3.9], ∫ϰ²/L>=[5.0, 5.0, 5.1, 5.2], C-C-Sep=0.10, ║∇J║=1.2e-05
Iteration 1731/2000-----
currents: [100000.0, 99999.99999825691, 99999.99999845811, 99999.99999861028]
J=2.1e-05, ⟨Jf⟩=2.0e-05, ⟨B·n⟩=1.0e-03, Len=sum([4.1, 4.0, 3.8, 3.7])=15.7, ϰ=[4.0, 3.7, 4.0, 3.9], ∫ϰ²/L>=[5.0, 5.0, 5.1, 5.2], C-C-Sep=0.10, ║∇J║=1.1e-05
Iteration 1732/2000-----
currents: [100000.0, 99999.99999825569, 99999.99999845689, 99999.99999860922]
J=2.1e-05, ⟨Jf⟩=2.0e-05, ⟨B·n⟩=1.0e-03, Len=sum([4.1, 4.0, 3.8, 3.7])=15.7, ϰ=[4.0, 3.7, 4.0, 3.9], ∫ϰ²/L>=[5.0, 5.1, 5.1, 5.2], C-C-Sep=0.10, ║∇J║=2.1e-05
Iteration 1733/2000-----
currents: [100000.0, 99999.99999825518, 99999.99999845638, 99999.99999860875]
J=2.1e-05, ⟨Jf⟩=2.0e-05, ⟨B·n⟩=1.0e-03, Len=sum([4.1, 4.0, 3.8, 3.7])=15.7, ϰ=[4.0, 3.7, 4.0, 3.9], ∫ϰ²/L>=[5.0, 5.1, 5.1, 5.2], C-C-Sep=0.10, ║∇J║=1.4e-05
Iteration 1734/2000-----
currents: [100000.0, 99999.99999825518, 99999.99999845635, 99999.99999860868]
J=2.1e-05, ⟨Jf⟩=2.0e-05, ⟨B·n⟩=1.0e-03, Len=sum([4.1, 4.0, 3.8, 3.7])=15.7, ϰ=[4.0, 3.7, 4.0, 3.9], ∫ϰ²/L>=[5.0, 5.1, 5.1, 5.2], C-C-Sep=0.10, ║∇J║=1.5e-05
Iteration 1735/2000-----
currents: [100000.0, 99999.99999825438, 99999.99999845549, 99999.99999860777]
J=2.1e-05, ⟨Jf⟩=2.0e-05, ⟨B·n⟩=1.0e-03, Len=sum([4.1, 4.0, 3.8, 3.7])=15.7, ϰ=[4.0, 3.7, 4.0, 3.9], ∫ϰ²/L>=[5.0, 5.1, 5.1, 5.2], C-C-Sep=0.10, ║∇J║=2.0e-05
Iteration 1736/2000-----
currents: [100000.0, 99999.99999825266, 99999.99999845367, 99999.99999860606]
J=2.1e-05, ⟨Jf⟩=2.0e-05, ⟨B·n⟩=1.0e-03, Len=sum([4.1, 4.0, 3.8, 3.7])=15.7, ϰ=[4.0, 3.7, 4.0, 3.9], ∫ϰ²/L>=[5.0, 5.1, 5.1, 5.2], C-C-Sep=0.10, ║∇J║=4.3e-05
Iteration 1737/2000-----
currents: [100000.0, 99999.99999825245, 99999.9999984535, 99999.99999860591]
J=2.1e-05, ⟨Jf⟩=2.0e-05, ⟨B·n⟩=1.0e-03, Len=sum([4.1, 4.0, 3.8, 3.7])=15.7, ϰ=[4.0, 3.7, 4.0, 3.9], ∫ϰ²/L>=[5.0, 5.1, 5.1, 5.2], C-C-Sep=0.10, ║∇J║=1.7e-05
Iteration 1738/2000-----
currents: [100000.0, 99999.99999825154, 99999.99999845264, 99999.99999860516]
J=2.1e-05, ⟨Jf⟩=2.0e-05, ⟨B·n⟩=1.0e-03, Len=sum([4.1, 4.0, 3.8, 3.7])=15.7, ϰ=[4.0, 3.7, 4.0, 3.9], ∫ϰ²/L>=[5.0, 5.1, 5.1, 5.2], C-C-Sep=0.10, ║∇J║=1.3e-05
Iteration 1739/2000-----
currents: [100000.0, 99999.99999824967, 99999.99999845079, 99999.99999860348]
J=2.1e-05, ⟨Jf⟩=2.0e-05, ⟨B·n⟩=1.0e-03, Len=sum([4.1, 4.0, 3.8, 3.7])=15.7, ϰ=[4.0, 3.7, 4.0, 3.9], ∫ϰ²/L>=[5.0, 5.1, 5.1, 5.2], C-C-Sep=0.10, ║∇J║=2.0e-05
Iteration 1740/2000-----
currents: [100000.0, 99999.99999824728, 99999.99999844845, 99999.99999860134]
J=2.1e-05, ⟨Jf⟩=2.0e-05, ⟨B·n⟩=1.0e-03, Len=sum([4.1, 4.0, 3.8, 3.7])=15.7, ϰ=[4.0, 3.7, 4.0, 3.9], ∫ϰ²/L>=[5.0, 5.1, 5.1, 5.2], C-C-Sep=0.10, ║∇J║=3.7e-05
Iteration 1741/2000-----
currents: [100000.0, 99999.99999824626, 99999.99999844741, 99999.99999860037]
J=2.1e-05, ⟨Jf⟩=2.0e-05, ⟨B·n⟩=1.0e-03, Len=sum([4.1, 4.0, 3.8, 3.7])=15.7, ϰ=[4.0, 3.7, 4.0, 3.9], ∫ϰ²/L>=[5.0, 5.1, 5.1, 5.2], C-C-Sep=0.10, ║∇J║=1.8e-05
Iteration 1742/2000-----
currents: [100000.0, 99999.99999824578, 99999.99999844692, 99999.99999859986]
J=2.1e-05, ⟨Jf⟩=2.0e-05, ⟨B·n⟩=1.0e-03, Len=sum([4.1, 4.0, 3.8, 3.7])=15.7, ϰ=[4.0, 3.7, 4.0, 3.9], ∫ϰ²/L>=[5.0, 5.1, 5.1, 5.2], C-C-Sep=0.10, ║∇J║=1.3e-05
Iteration 1743/2000-----
currents: [100000.0, 99999.99999824529, 99999.99999844642, 99999.99999859935]
J=2.1e-05, ⟨Jf⟩=2.0e-05, ⟨B·n⟩=1.0e-03, Len=sum([4.1, 4.0, 3.8, 3.7])=15.7, ϰ=[4.0, 3.7, 4.0, 3.9], ∫ϰ²/L>=[5.0, 5.1, 5.1, 5.2], C-C-Sep=0.10, ║∇J║=2.0e-05
Iteration 1744/2000-----
currents: [100000.0, 99999.99999824446, 99999.99999844561, 99999.99999859856]
J=2.1e-05, ⟨Jf⟩=2.0e-05, ⟨B·n⟩=1.0e-03, Len=sum([4.1, 4.0, 3.8, 3.7])=15.7, ϰ=[4.0, 3.7, 4.0, 3.9], ∫ϰ²/L>=[5.0, 5.1, 5.1, 5.2], C-C-Sep=0.10, ║∇J║=2.5e-05
Iteration 1745/2000-----
currents: [100000.0, 99999.99999824421, 99999.99999844536, 99999.99999859834]
J=2.1e-05, ⟨Jf⟩=2.0e-05, ⟨B·n⟩=1.0e-03, Len=sum([4.1, 4.0, 3.8, 3.7])=15.7, ϰ=[4.0, 3.7, 4.0, 3.9], ∫ϰ²/L>=[5.0, 5.1, 5.1, 5.2], C-C-Sep=0.10, ║∇J║=1.3e-05
Iteration 1746/2000-----
currents: [100000.0, 99999.99999824357, 99999.99999844473, 99999.9999985978]
J=2.1e-05, ⟨Jf⟩=2.0e-05, ⟨B·n⟩=1.0e-03, Len=sum([4.1, 4.0, 3.8, 3.7])=15.7, ϰ=[4.0, 3.7, 4.0, 3.9], ∫ϰ²/L>=[5.0, 5.1, 5.1, 5.2], C-C-Sep=0.10, ║∇J║=1.0e-05
Iteration 1747/2000-----
currents: [100000.0, 99999.99999824312, 99999.99999844428, 99999.9999985974]
J=2.1e-05, ⟨Jf⟩=2.0e-05, ⟨B·n⟩=1.0e-03, Len=sum([4.1, 4.0, 3.8, 3.7])=15.7, ϰ=[4.0, 3.7, 4.0, 3.9], ∫ϰ²/L>=[5.0, 5.1, 5.1, 5.2], C-C-Sep=0.10, ║∇J║=1.0e-05
Iteration 1748/2000-----
currents: [100000.0, 99999.99999824213, 99999.9999984433, 99999.99999859648]
J=2.1e-05, ⟨Jf⟩=2.0e-05, ⟨B·n⟩=1.0e-03, Len=sum([4.1, 4.0, 3.8, 3.7])=15.7, ϰ=[4.0, 3.7, 4.0, 3.9], ∫ϰ²/L>=[5.0, 5.1, 5.1, 5.2], C-C-Sep=0.10, ║∇J║=2.9e-05
Iteration 1749/2000-----
currents: [100000.0, 99999.99999824219, 99999.99999844334, 99999.99999859651]
J=2.1e-05, ⟨Jf⟩=2.0e-05, ⟨B·n⟩=1.0e-03, Len=sum([4.1, 4.0, 3.8, 3.7])=15.7, ϰ=[4.0, 3.7, 4.0, 3.9], ∫ϰ²/L>=[5.0, 5.1, 5.1, 5.2], C-C-Sep=0.10, ║∇J║=7.4e-06
Iteration 1750/2000-----
currents: [100000.0, 99999.9999982423, 99999.99999844344, 99999.9999985966]
J=2.1e-05, ⟨Jf⟩=2.0e-05, ⟨B·n⟩=1.0e-03, Len=sum([4.1, 4.0, 3.8, 3.7])=15.7, ϰ=[4.0, 3.7, 4.0, 3.9], ∫ϰ²/L>=[5.0, 5.1, 5.1, 5.2], C-C-Sep=0.10, ║∇J║=6.3e-06
Iteration 1751/2000-----
currents: [100000.0, 99999.99999824232, 99999.99999844344, 99999.99999859658]
J=2.1e-05, ⟨Jf⟩=2.0e-05, ⟨B·n⟩=1.0e-03, Len=sum([4.1, 4.0, 3.8, 3.7])=15.7, ϰ=[4.0, 3.7, 4.0, 3.9], ∫ϰ²/L>=[5.0, 5.1, 5.1, 5.2], C-C-Sep=0.10, ║∇J║=7.8e-06
Iteration 1752/2000-----
currents: [100000.0, 99999.99999824213, 99999.99999844325, 99999.9999985964]
J=2.1e-05, ⟨Jf⟩=2.0e-05, ⟨B·n⟩=1.0e-03, Len=sum([4.1, 4.0, 3.8, 3.7])=15.7, ϰ=[4.0, 3.7, 4.0, 3.9], ∫ϰ²/L>=[5.0, 5.1, 5.1, 5.2], C-C-Sep=0.10, ║∇J║=7.8e-06
Iteration 1753/2000-----
currents: [100000.0, 99999.99999824137, 99999.99999844252, 99999.9999985957]
J=2.1e-05, ⟨Jf⟩=2.0e-05, ⟨B·n⟩=1.0e-03, Len=sum([4.1, 4.0, 3.8, 3.7])=15.7, ϰ=[4.0, 3.7, 4.0, 3.9], ∫ϰ²/L>=[5.0, 5.1, 5.1, 5.2], C-C-Sep=0.10, ║∇J║=3.0e-05
Iteration 1754/2000-----
currents: [100000.0, 99999.9999982418, 99999.99999844293, 99999.99999859609]
J=2.1e-05, ⟨Jf⟩=2.0e-05, ⟨B·n⟩=1.0e-03, Len=sum([4.1, 4.0, 3.8, 3.7])=15.7, ϰ=[4.0, 3.7, 4.0, 3.9], ∫ϰ²/L>=[5.0, 5.1, 5.1, 5.2], C-C-Sep=0.10, ║∇J║=1.3e-05
Iteration 1755/2000-----
currents: [100000.0, 99999.99999824134, 99999.99999844251, 99999.99999859568]
J=2.1e-05, ⟨Jf⟩=2.0e-05, ⟨B·n⟩=1.0e-03, Len=sum([4.1, 4.0, 3.8, 3.7])=15.7, ϰ=[4.0, 3.7, 4.0, 3.9], ∫ϰ²/L>=[5.0, 5.1, 5.1, 5.2], C-C-Sep=0.10, ║∇J║=7.6e-06
Iteration 1756/2000-----
currents: [100000.0, 99999.99999824088, 99999.99999844209, 99999.99999859527]
J=2.1e-05, ⟨Jf⟩=2.0e-05, ⟨B·n⟩=1.0e-03, Len=sum([4.1, 4.0, 3.8, 3.7])=15.7, ϰ=[4.0, 3.7, 4.0, 3.9], ∫ϰ²/L>=[5.0, 5.1, 5.1, 5.2], C-C-Sep=0.10, ║∇J║=8.2e-06
Iteration 1757/2000-----
currents: [100000.0, 99999.99999824003, 99999.99999844133, 99999.99999859455]
J=2.1e-05, ⟨Jf⟩=2.0e-05, ⟨B·n⟩=1.0e-03, Len=sum([4.1, 4.0, 3.8, 3.7])=15.7, ϰ=[4.0, 3.7, 4.0, 3.9], ∫ϰ²/L>=[5.0, 5.1, 5.1, 5.2], C-C-Sep=0.10, ║∇J║=1.3e-05
Iteration 1758/2000-----
currents: [100000.0, 99999.99999823901, 99999.99999844043, 99999.99999859367]
J=2.1e-05, ⟨Jf⟩=2.0e-05, ⟨B·n⟩=1.0e-03, Len=sum([4.1, 4.0, 3.8, 3.7])=15.7, ϰ=[4.0, 3.7, 4.0, 3.9], ∫ϰ²/L>=[5.0, 5.1, 5.1, 5.2], C-C-Sep=0.10, ║∇J║=1.8e-05
Iteration 1759/2000-----
currents: [100000.0, 99999.99999823853, 99999.99999844, 99999.99999859327]
J=2.1e-05, ⟨Jf⟩=2.0e-05, ⟨B·n⟩=1.0e-03, Len=sum([4.1, 4.0, 3.8, 3.7])=15.7, ϰ=[4.0, 3.7, 4.0, 3.9], ∫ϰ²/L>=[5.0, 5.1, 5.1, 5.2], C-C-Sep=0.10, ║∇J║=1.2e-05
Iteration 1760/2000-----
currents: [100000.0, 99999.99999823784, 99999.99999843941, 99999.99999859268]
J=2.1e-05, ⟨Jf⟩=2.0e-05, ⟨B·n⟩=1.0e-03, Len=sum([4.1, 4.0, 3.8, 3.7])=15.7, ϰ=[4.0, 3.7, 4.0, 3.9], ∫ϰ²/L>=[5.0, 5.1, 5.1, 5.2], C-C-Sep=0.10, ║∇J║=1.3e-05
Iteration 1761/2000-----
currents: [100000.0, 99999.99999823705, 99999.99999843873, 99999.99999859201]
J=2.1e-05, ⟨Jf⟩=2.0e-05, ⟨B·n⟩=1.0e-03, Len=sum([4.1, 4.0, 3.8, 3.7])=15.7, ϰ=[4.0, 3.7, 4.0, 3.9], ∫ϰ²/L>=[5.0, 5.1, 5.1, 5.2], C-C-Sep=0.10, ║∇J║=1.8e-05
Iteration 1762/2000-----
currents: [100000.0, 99999.99999823488, 99999.99999843683, 99999.9999985902]
J=2.1e-05, ⟨Jf⟩=2.0e-05, ⟨B·n⟩=1.0e-03, Len=sum([4.1, 4.0, 3.8, 3.7])=15.7, ϰ=[4.0, 3.7, 4.0, 3.9], ∫ϰ²/L>=[5.0, 5.1, 5.1, 5.2], C-C-Sep=0.10, ║∇J║=2.8e-05
Iteration 1763/2000-----
currents: [100000.0, 99999.99999823354, 99999.99999843565, 99999.99999858903]
J=2.1e-05, ⟨Jf⟩=2.0e-05, ⟨B·n⟩=1.0e-03, Len=sum([4.1, 4.0, 3.8, 3.7])=15.7, ϰ=[4.0, 3.7, 4.0, 3.9], ∫ϰ²/L>=[5.0, 5.1, 5.1, 5.2], C-C-Sep=0.10, ║∇J║=1.9e-05
Iteration 1764/2000-----
currents: [100000.0, 99999.99999823204, 99999.99999843433, 99999.99999858774]
J=2.1e-05, ⟨Jf⟩=2.0e-05, ⟨B·n⟩=1.0e-03, Len=sum([4.1, 4.0, 3.8, 3.7])=15.7, ϰ=[4.0, 3.7, 4.0, 3.9], ∫ϰ²/L>=[5.0, 5.1, 5.1, 5.2], C-C-Sep=0.10, ║∇J║=1.8e-05
Iteration 1765/2000-----
currents: [100000.0, 99999.99999823004, 99999.99999843256, 99999.99999858599]
J=2.1e-05, ⟨Jf⟩=2.0e-05, ⟨B·n⟩=1.0e-03, Len=sum([4.1, 4.0, 3.8, 3.7])=15.7, ϰ=[4.0, 3.7, 4.0, 3.9], ∫ϰ²/L>=[5.0, 5.1, 5.1, 5.2], C-C-Sep=0.10, ║∇J║=2.1e-05
Iteration 1766/2000-----
currents: [100000.0, 99999.99999822819, 99999.99999843094, 99999.99999858438]
J=2.1e-05, ⟨Jf⟩=2.0e-05, ⟨B·n⟩=1.0e-03, Len=sum([4.1, 4.0, 3.8, 3.7])=15.7, ϰ=[4.0, 3.7, 4.0, 3.9], ∫ϰ²/L>=[5.0, 5.1, 5.1, 5.2], C-C-Sep=0.10, ║∇J║=2.6e-05
Iteration 1767/2000-----
currents: [100000.0, 99999.99999822756, 99999.9999984304, 99999.99999858385]
J=2.1e-05, ⟨Jf⟩=2.0e-05, ⟨B·n⟩=1.0e-03, Len=sum([4.1, 4.0, 3.8, 3.7])=15.7, ϰ=[4.0, 3.7, 4.0, 3.9], ∫ϰ²/L>=[5.0, 5.1, 5.1, 5.2], C-C-Sep=0.10, ║∇J║=1.5e-05
Iteration 1768/2000-----
currents: [100000.0, 99999.99999822707, 99999.99999842998, 99999.99999858343]
J=2.1e-05, ⟨Jf⟩=2.0e-05, ⟨B·n⟩=1.0e-03, Len=sum([4.1, 4.0, 3.8, 3.7])=15.7, ϰ=[4.0, 3.7, 4.0, 3.9], ∫ϰ²/L>=[5.0, 5.1, 5.1, 5.2], C-C-Sep=0.10, ║∇J║=1.3e-05
Iteration 1769/2000-----
currents: [100000.0, 99999.99999822644, 99999.99999842944, 99999.99999858289]
J=2.1e-05, ⟨Jf⟩=2.0e-05, ⟨B·n⟩=1.0e-03, Len=sum([4.1, 4.0, 3.8, 3.7])=15.7, ϰ=[4.0, 3.7, 4.0, 3.9], ∫ϰ²/L>=[5.0, 5.1, 5.1, 5.2], C-C-Sep=0.10, ║∇J║=1.5e-05
Iteration 1770/2000-----
currents: [100000.0, 99999.999998225, 99999.99999842817, 99999.99999858165]
J=2.1e-05, ⟨Jf⟩=2.0e-05, ⟨B·n⟩=1.0e-03, Len=sum([4.1, 4.0, 3.8, 3.7])=15.7, ϰ=[4.0, 3.7, 4.0, 3.9], ∫ϰ²/L>=[5.0, 5.1, 5.1, 5.2], C-C-Sep=0.10, ║∇J║=1.9e-05
Iteration 1771/2000-----
currents: [100000.0, 99999.99999822376, 99999.99999842708, 99999.9999985806]
J=2.1e-05, ⟨Jf⟩=2.0e-05, ⟨B·n⟩=1.0e-03, Len=sum([4.1, 4.0, 3.8, 3.7])=15.7, ϰ=[4.0, 3.7, 4.0, 3.9], ∫ϰ²/L>=[5.0, 5.1, 5.1, 5.2], C-C-Sep=0.10, ║∇J║=1.1e-05
Iteration 1772/2000-----
currents: [100000.0, 99999.99999822336, 99999.99999842672, 99999.99999858027]
J=2.1e-05, ⟨Jf⟩=2.0e-05, ⟨B·n⟩=1.0e-03, Len=sum([4.1, 4.0, 3.8, 3.7])=15.7, ϰ=[4.0, 3.7, 4.0, 3.9], ∫ϰ²/L>=[5.0, 5.1, 5.1, 5.2], C-C-Sep=0.10, ║∇J║=8.8e-06
Iteration 1773/2000-----
currents: [100000.0, 99999.99999822308, 99999.99999842647, 99999.99999858005]
J=2.1e-05, ⟨Jf⟩=2.0e-05, ⟨B·n⟩=1.0e-03, Len=sum([4.1, 4.0, 3.8, 3.7])=15.7, ϰ=[4.0, 3.7, 4.0, 3.9], ∫ϰ²/L>=[5.0, 5.1, 5.1, 5.2], C-C-Sep=0.10, ║∇J║=1.0e-05
Iteration 1774/2000-----
currents: [100000.0, 99999.99999822293, 99999.99999842633, 99999.99999857992]
J=2.1e-05, ⟨Jf⟩=2.0e-05, ⟨B·n⟩=1.0e-03, Len=sum([4.1, 4.0, 3.8, 3.7])=15.7, ϰ=[4.0, 3.7, 4.0, 3.9], ∫ϰ²/L>=[5.0, 5.1, 5.1, 5.2], C-C-Sep=0.10, ║∇J║=9.2e-06
Iteration 1775/2000-----
currents: [100000.0, 99999.99999822273, 99999.99999842612, 99999.99999857972]
J=2.1e-05, ⟨Jf⟩=2.0e-05, ⟨B·n⟩=1.0e-03, Len=sum([4.1, 4.0, 3.8, 3.7])=15.7, ϰ=[4.0, 3.7, 4.0, 3.9], ∫ϰ²/L>=[5.0, 5.1, 5.1, 5.2], C-C-Sep=0.10, ║∇J║=7.2e-06
Iteration 1776/2000-----
currents: [100000.0, 99999.99999822243, 99999.99999842583, 99999.99999857941]
J=2.1e-05, ⟨Jf⟩=2.0e-05, ⟨B·n⟩=1.0e-03, Len=sum([4.1, 4.0, 3.8, 3.7])=15.7, ϰ=[4.0, 3.7, 4.0, 3.9], ∫ϰ²/L>=[5.0, 5.1, 5.1, 5.2], C-C-Sep=0.10, ║∇J║=8.0e-06
Iteration 1777/2000-----
currents: [100000.0, 99999.99999822197, 99999.9999984254, 99999.99999857896]
J=2.1e-05, ⟨Jf⟩=2.0e-05, ⟨B·n⟩=1.0e-03, Len=sum([4.1, 4.0, 3.8, 3.7])=15.7, ϰ=[4.0, 3.7, 4.0, 3.9], ∫ϰ²/L>=[5.0, 5.1, 5.1, 5.2], C-C-Sep=0.10, ║∇J║=1.1e-05
Iteration 1778/2000-----
currents: [100000.0, 99999.99999822164, 99999.99999842508, 99999.99999857861]
J=2.1e-05, ⟨Jf⟩=2.0e-05, ⟨B·n⟩=1.0e-03, Len=sum([4.1, 4.0, 3.8, 3.7])=15.7, ϰ=[4.0, 3.7, 4.0, 3.9], ∫ϰ²/L>=[5.0, 5.1, 5.1, 5.2], C-C-Sep=0.10, ║∇J║=1.0e-05
Iteration 1779/2000-----
currents: [100000.0, 99999.99999822107, 99999.99999842452, 99999.99999857805]
J=2.1e-05, ⟨Jf⟩=2.0e-05, ⟨B·n⟩=1.0e-03, Len=sum([4.1, 4.0, 3.8, 3.7])=15.7, ϰ=[4.0, 3.7, 4.0, 3.9], ∫ϰ²/L>=[5.0, 5.1, 5.1, 5.2], C-C-Sep=0.10, ║∇J║=1.0e-05
Iteration 1780/2000-----
currents: [100000.0, 99999.99999822032, 99999.9999984238, 99999.99999857735]
J=2.1e-05, ⟨Jf⟩=2.0e-05, ⟨B·n⟩=1.0e-03, Len=sum([4.1, 4.0, 3.8, 3.7])=15.7, ϰ=[4.0, 3.7, 4.0, 3.9], ∫ϰ²/L>=[5.0, 5.1, 5.1, 5.2], C-C-Sep=0.10, ║∇J║=2.0e-05
Iteration 1781/2000-----
currents: [100000.0, 99999.99999821994, 99999.99999842343, 99999.99999857701]
J=2.1e-05, ⟨Jf⟩=2.0e-05, ⟨B·n⟩=1.0e-03, Len=sum([4.1, 4.0, 3.8, 3.7])=15.7, ϰ=[4.0, 3.7, 4.0, 3.9], ∫ϰ²/L>=[5.0, 5.1, 5.1, 5.2], C-C-Sep=0.10, ║∇J║=1.2e-05
Iteration 1782/2000-----
currents: [100000.0, 99999.99999821938, 99999.9999984229, 99999.99999857655]
J=2.1e-05, ⟨Jf⟩=2.0e-05, ⟨B·n⟩=1.0e-03, Len=sum([4.1, 4.0, 3.8, 3.7])=15.7, ϰ=[4.0, 3.7, 4.0, 3.9], ∫ϰ²/L>=[5.0, 5.1, 5.1, 5.2], C-C-Sep=0.10, ║∇J║=1.1e-05
Iteration 1783/2000-----
currents: [100000.0, 99999.99999821842, 99999.99999842199, 99999.9999985757]
J=2.1e-05, ⟨Jf⟩=2.0e-05, ⟨B·n⟩=1.0e-03, Len=sum([4.1, 4.0, 3.8, 3.7])=15.7, ϰ=[4.0, 3.7, 4.0, 3.9], ∫ϰ²/L>=[5.0, 5.1, 5.1, 5.2], C-C-Sep=0.10, ║∇J║=1.4e-05
Iteration 1784/2000-----
currents: [100000.0, 99999.99999821656, 99999.99999842021, 99999.99999857404]
J=2.1e-05, ⟨Jf⟩=2.0e-05, ⟨B·n⟩=1.0e-03, Len=sum([4.1, 4.0, 3.8, 3.7])=15.7, ϰ=[4.0, 3.7, 4.0, 3.9], ∫ϰ²/L>=[5.0, 5.1, 5.1, 5.2], C-C-Sep=0.10, ║∇J║=2.5e-05
Iteration 1785/2000-----
currents: [100000.0, 99999.9999982153, 99999.999998419, 99999.99999857286]
J=2.1e-05, ⟨Jf⟩=2.0e-05, ⟨B·n⟩=1.0e-03, Len=sum([4.1, 4.0, 3.8, 3.7])=15.7, ϰ=[4.0, 3.7, 4.0, 3.9], ∫ϰ²/L>=[5.0, 5.1, 5.1, 5.2], C-C-Sep=0.10, ║∇J║=1.8e-05
Iteration 1786/2000-----
currents: [100000.0, 99999.99999821336, 99999.99999841716, 99999.99999857103]
J=2.1e-05, ⟨Jf⟩=2.0e-05, ⟨B·n⟩=1.0e-03, Len=sum([4.1, 4.0, 3.8, 3.7])=15.7, ϰ=[4.0, 3.7, 4.0, 3.9], ∫ϰ²/L>=[5.0, 5.1, 5.1, 5.2], C-C-Sep=0.10, ║∇J║=1.8e-05
Iteration 1787/2000-----
currents: [100000.0, 99999.99999821102, 99999.99999841493, 99999.99999856886]
J=2.1e-05, ⟨Jf⟩=2.0e-05, ⟨B·n⟩=1.0e-03, Len=sum([4.1, 4.0, 3.8, 3.7])=15.7, ϰ=[4.0, 3.7, 4.0, 3.9], ∫ϰ²/L>=[5.0, 5.1, 5.1, 5.2], C-C-Sep=0.10, ║∇J║=2.9e-05
Iteration 1788/2000-----
currents: [100000.0, 99999.9999982093, 99999.9999984133, 99999.9999985673]
J=2.1e-05, ⟨Jf⟩=2.0e-05, ⟨B·n⟩=1.0e-03, Len=sum([4.1, 4.0, 3.8, 3.7])=15.7, ϰ=[4.0, 3.7, 4.0, 3.9], ∫ϰ²/L>=[5.0, 5.1, 5.1, 5.2], C-C-Sep=0.10, ║∇J║=1.8e-05
Iteration 1789/2000-----
currents: [100000.0, 99999.99999820798, 99999.99999841207, 99999.99999856617]
J=2.1e-05, ⟨Jf⟩=2.0e-05, ⟨B·n⟩=1.0e-03, Len=sum([4.1, 4.0, 3.8, 3.7])=15.7, ϰ=[4.0, 3.7, 4.0, 3.9], ∫ϰ²/L>=[5.0, 5.1, 5.1, 5.2], C-C-Sep=0.10, ║∇J║=1.5e-05
Iteration 1790/2000-----
currents: [100000.0, 99999.99999820595, 99999.99999841017, 99999.99999856442]
J=2.1e-05, ⟨Jf⟩=2.0e-05, ⟨B·n⟩=1.0e-03, Len=sum([4.1, 4.0, 3.8, 3.7])=15.7, ϰ=[4.0, 3.7, 4.0, 3.9], ∫ϰ²/L>=[5.0, 5.1, 5.1, 5.2], C-C-Sep=0.10, ║∇J║=1.6e-05
Iteration 1791/2000-----
currents: [100000.0, 99999.99999820362, 99999.999998408, 99999.9999985624]
J=2.1e-05, ⟨Jf⟩=2.0e-05, ⟨B·n⟩=1.0e-03, Len=sum([4.1, 4.0, 3.8, 3.7])=15.7, ϰ=[4.0, 3.7, 4.0, 3.9], ∫ϰ²/L>=[5.0, 5.1, 5.1, 5.2], C-C-Sep=0.10, ║∇J║=3.0e-05
Iteration 1792/2000-----
currents: [100000.0, 99999.99999820252, 99999.99999840697, 99999.99999856141]
J=2.1e-05, ⟨Jf⟩=2.0e-05, ⟨B·n⟩=1.0e-03, Len=sum([4.1, 4.0, 3.8, 3.7])=15.7, ϰ=[4.0, 3.7, 4.0, 3.9], ∫ϰ²/L>=[5.0, 5.1, 5.1, 5.2], C-C-Sep=0.10, ║∇J║=1.2e-05
Iteration 1793/2000-----
currents: [100000.0, 99999.99999820227, 99999.99999840674, 99999.99999856115]
J=2.1e-05, ⟨Jf⟩=2.0e-05, ⟨B·n⟩=1.0e-03, Len=sum([4.1, 4.0, 3.8, 3.7])=15.7, ϰ=[4.0, 3.7, 4.0, 3.9], ∫ϰ²/L>=[5.0, 5.1, 5.1, 5.2], C-C-Sep=0.10, ║∇J║=9.2e-06
Iteration 1794/2000-----
currents: [100000.0, 99999.99999820167, 99999.99999840617, 99999.99999856058]
J=2.1e-05, ⟨Jf⟩=2.0e-05, ⟨B·n⟩=1.0e-03, Len=sum([4.1, 4.0, 3.8, 3.7])=15.7, ϰ=[4.0, 3.7, 4.0, 3.9], ∫ϰ²/L>=[5.0, 5.1, 5.1, 5.2], C-C-Sep=0.10, ║∇J║=1.0e-05
Iteration 1795/2000-----
currents: [100000.0, 99999.9999982009, 99999.99999840544, 99999.9999985599]
J=2.1e-05, ⟨Jf⟩=2.0e-05, ⟨B·n⟩=1.0e-03, Len=sum([4.1, 4.0, 3.8, 3.7])=15.7, ϰ=[4.0, 3.7, 4.0, 3.9], ∫ϰ²/L>=[5.0, 5.1, 5.1, 5.2], C-C-Sep=0.10, ║∇J║=1.4e-05
Iteration 1796/2000-----
currents: [100000.0, 99999.99999820015, 99999.99999840473, 99999.99999855921]
J=2.1e-05, ⟨Jf⟩=2.0e-05, ⟨B·n⟩=1.0e-03, Len=sum([4.1, 4.0, 3.8, 3.7])=15.7, ϰ=[4.0, 3.7, 4.0, 3.9], ∫ϰ²/L>=[5.0, 5.1, 5.1, 5.2], C-C-Sep=0.10, ║∇J║=8.7e-06
Iteration 1797/2000-----
currents: [100000.0, 99999.99999820002, 99999.99999840462, 99999.99999855913]
J=2.1e-05, ⟨Jf⟩=2.0e-05, ⟨B·n⟩=1.0e-03, Len=sum([4.1, 4.0, 3.8, 3.7])=15.7, ϰ=[4.0, 3.7, 4.0, 3.9], ∫ϰ²/L>=[5.0, 5.1, 5.1, 5.2], C-C-Sep=0.10, ║∇J║=6.1e-06
Iteration 1798/2000-----
currents: [100000.0, 99999.99999819984, 99999.99999840447, 99999.99999855901]
J=2.1e-05, ⟨Jf⟩=2.0e-05, ⟨B·n⟩=1.0e-03, Len=sum([4.1, 4.0, 3.8, 3.7])=15.7, ϰ=[4.0, 3.7, 4.0, 3.9], ∫ϰ²/L>=[5.0, 5.1, 5.1, 5.2], C-C-Sep=0.10, ║∇J║=7.4e-06
Iteration 1799/2000-----
currents: [100000.0, 99999.99999819952, 99999.99999840418, 99999.99999855873]
J=2.1e-05, ⟨Jf⟩=2.0e-05, ⟨B·n⟩=1.0e-03, Len=sum([4.1, 4.0, 3.8, 3.7])=15.7, ϰ=[4.0, 3.7, 4.0, 3.9], ∫ϰ²/L>=[5.0, 5.1, 5.1, 5.2], C-C-Sep=0.10, ║∇J║=1.0e-05
Iteration 1800/2000-----
currents: [100000.0, 99999.9999981991, 99999.9999984038, 99999.99999855837]
J=2.1e-05, ⟨Jf⟩=2.0e-05, ⟨B·n⟩=1.0e-03, Len=sum([4.1, 4.0, 3.8, 3.7])=15.7, ϰ=[4.0, 3.7, 4.0, 3.9], ∫ϰ²/L>=[5.0, 5.1, 5.1, 5.2], C-C-Sep=0.10, ║∇J║=8.0e-06
Iteration 1801/2000-----
currents: [100000.0, 99999.99999819843, 99999.9999984032, 99999.99999855779]
J=2.1e-05, ⟨Jf⟩=2.0e-05, ⟨B·n⟩=1.0e-03, Len=sum([4.1, 4.0, 3.8, 3.7])=15.7, ϰ=[4.0, 3.7, 4.0, 3.9], ∫ϰ²/L>=[5.0, 5.1, 5.1, 5.2], C-C-Sep=0.10, ║∇J║=1.3e-05
Iteration 1802/2000-----
currents: [100000.0, 99999.99999819807, 99999.99999840287, 99999.99999855744]
J=2.1e-05, ⟨Jf⟩=2.0e-05, ⟨B·n⟩=1.0e-03, Len=sum([4.1, 4.0, 3.8, 3.7])=15.7, ϰ=[4.0, 3.7, 4.0, 3.9], ∫ϰ²/L>=[5.0, 5.1, 5.1, 5.2], C-C-Sep=0.10, ║∇J║=8.8e-06
Iteration 1803/2000-----
currents: [100000.0, 99999.99999819785, 99999.99999840268, 99999.99999855725]
J=2.1e-05, ⟨Jf⟩=2.0e-05, ⟨B·n⟩=1.0e-03, Len=sum([4.1, 4.0, 3.8, 3.7])=15.7, ϰ=[4.0, 3.7, 4.0, 3.9], ∫ϰ²/L>=[5.0, 5.1, 5.1, 5.2], C-C-Sep=0.10, ║∇J║=9.1e-06
Iteration 1804/2000-----
currents: [100000.0, 99999.99999819681, 99999.9999984018, 99999.99999855638]
J=2.1e-05, ⟨Jf⟩=2.0e-05, ⟨B·n⟩=1.0e-03, Len=sum([4.1, 4.0, 3.8, 3.7])=15.7, ϰ=[4.0, 3.7, 4.0, 3.9], ∫ϰ²/L>=[5.0, 5.1, 5.1, 5.2], C-C-Sep=0.10, ║∇J║=1.2e-05
Iteration 1805/2000-----
currents: [100000.0, 99999.99999819553, 99999.99999840074, 99999.99999855533]
J=2.1e-05, ⟨Jf⟩=2.0e-05, ⟨B·n⟩=1.0e-03, Len=sum([4.1, 4.0, 3.8, 3.7])=15.7, ϰ=[4.0, 3.7, 4.0, 3.9], ∫ϰ²/L>=[5.0, 5.1, 5.1, 5.2], C-C-Sep=0.10, ║∇J║=3.7e-05
Iteration 1806/2000-----
currents: [100000.0, 99999.99999819629, 99999.99999840137, 99999.99999855596]
J=2.1e-05, ⟨Jf⟩=2.0e-05, ⟨B·n⟩=1.0e-03, Len=sum([4.1, 4.0, 3.8, 3.7])=15.7, ϰ=[4.0, 3.7, 4.0, 3.9], ∫ϰ²/L>=[5.0, 5.1, 5.1, 5.2], C-C-Sep=0.10, ║∇J║=1.5e-05
Iteration 1807/2000-----
currents: [100000.0, 99999.99999819552, 99999.99999840072, 99999.99999855533]
J=2.1e-05, ⟨Jf⟩=2.0e-05, ⟨B·n⟩=1.0e-03, Len=sum([4.1, 4.0, 3.8, 3.7])=15.7, ϰ=[4.0, 3.7, 4.0, 3.9], ∫ϰ²/L>=[5.0, 5.1, 5.1, 5.2], C-C-Sep=0.10, ║∇J║=9.8e-06
Iteration 1808/2000-----
currents: [100000.0, 99999.99999819431, 99999.9999983997, 99999.99999855434]
J=2.1e-05, ⟨Jf⟩=2.0e-05, ⟨B·n⟩=1.0e-03, Len=sum([4.1, 4.0, 3.8, 3.7])=15.7, ϰ=[4.0, 3.7, 4.0, 3.9], ∫ϰ²/L>=[5.0, 5.1, 5.1, 5.2], C-C-Sep=0.10, ║∇J║=1.0e-05
Iteration 1809/2000-----
currents: [100000.0, 99999.9999981931, 99999.99999839868, 99999.99999855335]
J=2.1e-05, ⟨Jf⟩=2.0e-05, ⟨B·n⟩=1.0e-03, Len=sum([4.1, 4.0, 3.8, 3.7])=15.7, ϰ=[4.0, 3.7, 4.0, 3.9], ∫ϰ²/L>=[5.0, 5.1, 5.1, 5.2], C-C-Sep=0.10, ║∇J║=1.4e-05
Iteration 1810/2000-----
currents: [100000.0, 99999.99999819114, 99999.99999839702, 99999.9999985517]
J=2.1e-05, ⟨Jf⟩=2.0e-05, ⟨B·n⟩=1.0e-03, Len=sum([4.1, 4.0, 3.8, 3.7])=15.7, ϰ=[4.0, 3.7, 4.0, 3.9], ∫ϰ²/L>=[5.0, 5.1, 5.1, 5.2], C-C-Sep=0.10, ║∇J║=1.7e-05
Iteration 1811/2000-----
currents: [100000.0, 99999.99999818986, 99999.99999839597, 99999.99999855064]
J=2.1e-05, ⟨Jf⟩=2.0e-05, ⟨B·n⟩=1.0e-03, Len=sum([4.1, 4.0, 3.8, 3.7])=15.7, ϰ=[4.0, 3.7, 4.0, 3.9], ∫ϰ²/L>=[5.0, 5.1, 5.1, 5.2], C-C-Sep=0.10, ║∇J║=2.0e-05
Iteration 1812/2000-----
currents: [100000.0, 99999.99999818862, 99999.99999839498, 99999.99999854963]
J=2.1e-05, ⟨Jf⟩=2.0e-05, ⟨B·n⟩=1.0e-03, Len=sum([4.1, 4.0, 3.8, 3.7])=15.7, ϰ=[4.0, 3.7, 4.0, 3.9], ∫ϰ²/L>=[5.0, 5.1, 5.1, 5.2], C-C-Sep=0.10, ║∇J║=1.6e-05
Iteration 1813/2000-----
currents: [100000.0, 99999.99999818734, 99999.99999839396, 99999.99999854856]
J=2.1e-05, ⟨Jf⟩=2.0e-05, ⟨B·n⟩=1.0e-03, Len=sum([4.1, 4.0, 3.8, 3.7])=15.7, ϰ=[4.0, 3.7, 4.0, 3.9], ∫ϰ²/L>=[5.0, 5.1, 5.1, 5.2], C-C-Sep=0.10, ║∇J║=1.7e-05
Iteration 1814/2000-----
currents: [100000.0, 99999.99999818526, 99999.99999839228, 99999.99999854685]
J=2.1e-05, ⟨Jf⟩=2.0e-05, ⟨B·n⟩=1.0e-03, Len=sum([4.1, 4.0, 3.8, 3.7])=15.7, ϰ=[4.0, 3.7, 4.0, 3.9], ∫ϰ²/L>=[5.0, 5.1, 5.1, 5.2], C-C-Sep=0.10, ║∇J║=2.3e-05
Iteration 1815/2000-----
currents: [100000.0, 99999.99999818185, 99999.9999983895, 99999.99999854407]
J=2.1e-05, ⟨Jf⟩=2.0e-05, ⟨B·n⟩=1.0e-03, Len=sum([4.1, 4.0, 3.8, 3.7])=15.7, ϰ=[4.0, 3.7, 4.0, 3.9], ∫ϰ²/L>=[5.0, 5.1, 5.1, 5.2], C-C-Sep=0.10, ║∇J║=2.6e-05
Iteration 1816/2000-----
currents: [100000.0, 99999.9999981813, 99999.99999838904, 99999.99999854362]
J=2.1e-05, ⟨Jf⟩=2.0e-05, ⟨B·n⟩=1.0e-03, Len=sum([4.1, 4.0, 3.8, 3.7])=15.7, ϰ=[4.0, 3.7, 4.0, 3.9], ∫ϰ²/L>=[5.0, 5.1, 5.1, 5.2], C-C-Sep=0.10, ║∇J║=1.1e-05
Iteration 1817/2000-----
currents: [100000.0, 99999.99999818065, 99999.99999838848, 99999.99999854306]
J=2.1e-05, ⟨Jf⟩=2.0e-05, ⟨B·n⟩=1.0e-03, Len=sum([4.1, 4.0, 3.8, 3.7])=15.7, ϰ=[4.0, 3.7, 4.0, 3.9], ∫ϰ²/L>=[5.0, 5.1, 5.1, 5.2], C-C-Sep=0.10, ║∇J║=9.5e-06
Iteration 1818/2000-----
currents: [100000.0, 99999.99999817982, 99999.9999983878, 99999.99999854238]
J=2.1e-05, ⟨Jf⟩=2.0e-05, ⟨B·n⟩=1.0e-03, Len=sum([4.1, 4.0, 3.8, 3.7])=15.7, ϰ=[4.0, 3.7, 4.0, 3.9], ∫ϰ²/L>=[5.0, 5.1, 5.1, 5.2], C-C-Sep=0.10, ║∇J║=9.6e-06
Iteration 1819/2000-----
currents: [100000.0, 99999.99999817884, 99999.999998387, 99999.99999854156]
J=2.1e-05, ⟨Jf⟩=2.0e-05, ⟨B·n⟩=1.0e-03, Len=sum([4.1, 4.0, 3.8, 3.7])=15.7, ϰ=[4.0, 3.7, 4.0, 3.9], ∫ϰ²/L>=[5.0, 5.1, 5.1, 5.2], C-C-Sep=0.10, ║∇J║=1.1e-05
Iteration 1820/2000-----
currents: [100000.0, 99999.99999817736, 99999.99999838579, 99999.99999854038]
J=2.1e-05, ⟨Jf⟩=2.0e-05, ⟨B·n⟩=1.0e-03, Len=sum([4.1, 4.0, 3.8, 3.7])=15.7, ϰ=[4.0, 3.7, 4.0, 3.9], ∫ϰ²/L>=[5.0, 5.1, 5.1, 5.2], C-C-Sep=0.10, ║∇J║=1.5e-05
Iteration 1821/2000-----
currents: [100000.0, 99999.99999817724, 99999.9999983857, 99999.9999985403]
J=2.1e-05, ⟨Jf⟩=2.0e-05, ⟨B·n⟩=1.0e-03, Len=sum([4.1, 4.0, 3.8, 3.7])=15.7, ϰ=[4.0, 3.7, 4.0, 3.9], ∫ϰ²/L>=[5.0, 5.1, 5.1, 5.2], C-C-Sep=0.10, ║∇J║=8.1e-06
Iteration 1822/2000-----
currents: [100000.0, 99999.9999981773, 99999.99999838576, 99999.99999854037]
J=2.1e-05, ⟨Jf⟩=2.0e-05, ⟨B·n⟩=1.0e-03, Len=sum([4.1, 4.0, 3.8, 3.7])=15.7, ϰ=[4.0, 3.7, 4.0, 3.9], ∫ϰ²/L>=[5.0, 5.1, 5.1, 5.2], C-C-Sep=0.10, ║∇J║=7.5e-06
Iteration 1823/2000-----
currents: [100000.0, 99999.99999817679, 99999.99999838536, 99999.99999854]
J=2.1e-05, ⟨Jf⟩=2.0e-05, ⟨B·n⟩=1.0e-03, Len=sum([4.1, 4.0, 3.8, 3.7])=15.7, ϰ=[4.0, 3.7, 4.0, 3.9], ∫ϰ²/L>=[5.0, 5.1, 5.1, 5.2], C-C-Sep=0.10, ║∇J║=7.2e-06
Iteration 1824/2000-----
currents: [100000.0, 99999.99999817571, 99999.99999838449, 99999.99999853919]
J=2.1e-05, ⟨Jf⟩=2.0e-05, ⟨B·n⟩=1.0e-03, Len=sum([4.1, 4.0, 3.8, 3.7])=15.7, ϰ=[4.0, 3.7, 4.0, 3.9], ∫ϰ²/L>=[5.0, 5.1, 5.1, 5.2], C-C-Sep=0.10, ║∇J║=1.2e-05
Iteration 1825/2000-----
currents: [100000.0, 99999.99999817491, 99999.99999838386, 99999.99999853857]
J=2.1e-05, ⟨Jf⟩=2.0e-05, ⟨B·n⟩=1.0e-03, Len=sum([4.1, 4.0, 3.8, 3.7])=15.7, ϰ=[4.0, 3.7, 4.0, 3.9], ∫ϰ²/L>=[5.0, 5.1, 5.1, 5.2], C-C-Sep=0.10, ║∇J║=8.0e-06
Iteration 1826/2000-----
currents: [100000.0, 99999.99999817356, 99999.99999838277, 99999.99999853747]
J=2.1e-05, ⟨Jf⟩=2.0e-05, ⟨B·n⟩=1.0e-03, Len=sum([4.1, 4.0, 3.8, 3.7])=15.7, ϰ=[4.0, 3.7, 4.0, 3.9], ∫ϰ²/L>=[5.0, 5.1, 5.1, 5.2], C-C-Sep=0.10, ║∇J║=1.1e-05
Iteration 1827/2000-----
currents: [100000.0, 99999.99999817263, 99999.99999838203, 99999.99999853673]
J=2.1e-05, ⟨Jf⟩=2.0e-05, ⟨B·n⟩=1.0e-03, Len=sum([4.1, 4.0, 3.8, 3.7])=15.7, ϰ=[4.0, 3.7, 4.0, 3.9], ∫ϰ²/L>=[5.0, 5.1, 5.1, 5.2], C-C-Sep=0.10, ║∇J║=1.3e-05
Iteration 1828/2000-----
currents: [100000.0, 99999.99999817237, 99999.99999838183, 99999.99999853653]
J=2.1e-05, ⟨Jf⟩=2.0e-05, ⟨B·n⟩=1.0e-03, Len=sum([4.1, 4.0, 3.8, 3.7])=15.7, ϰ=[4.0, 3.7, 4.0, 3.9], ∫ϰ²/L>=[5.0, 5.1, 5.1, 5.2], C-C-Sep=0.10, ║∇J║=1.0e-05
Iteration 1829/2000-----
currents: [100000.0, 99999.99999817113, 99999.99999838084, 99999.99999853558]
J=2.1e-05, ⟨Jf⟩=2.0e-05, ⟨B·n⟩=1.0e-03, Len=sum([4.1, 4.0, 3.8, 3.7])=15.7, ϰ=[4.0, 3.7, 4.0, 3.9], ∫ϰ²/L>=[5.0, 5.1, 5.1, 5.2], C-C-Sep=0.10, ║∇J║=1.1e-05
Iteration 1830/2000-----
currents: [100000.0, 99999.99999816986, 99999.99999837983, 99999.99999853464]
J=2.1e-05, ⟨Jf⟩=2.0e-05, ⟨B·n⟩=1.0e-03, Len=sum([4.1, 4.0, 3.8, 3.7])=15.7, ϰ=[4.0, 3.7, 4.0, 3.9], ∫ϰ²/L>=[5.0, 5.1, 5.1, 5.2], C-C-Sep=0.10, ║∇J║=1.5e-05
Iteration 1831/2000-----
currents: [100000.0, 99999.999998167, 99999.9999983775, 99999.99999853247]
J=2.1e-05, ⟨Jf⟩=2.0e-05, ⟨B·n⟩=1.0e-03, Len=sum([4.1, 4.0, 3.8, 3.7])=15.7, ϰ=[4.0, 3.8, 4.0, 3.9], ∫ϰ²/L>=[5.0, 5.1, 5.1, 5.2], C-C-Sep=0.10, ║∇J║=2.0e-05
Iteration 1832/2000-----
currents: [100000.0, 99999.99999816419, 99999.99999837524, 99999.99999853033]
J=2.1e-05, ⟨Jf⟩=2.0e-05, ⟨B·n⟩=1.0e-03, Len=sum([4.1, 4.0, 3.8, 3.7])=15.7, ϰ=[4.0, 3.8, 4.0, 3.9], ∫ϰ²/L>=[5.0, 5.1, 5.1, 5.2], C-C-Sep=0.10, ║∇J║=2.2e-05
Iteration 1833/2000-----
currents: [100000.0, 99999.99999816358, 99999.99999837474, 99999.99999852988]
J=2.1e-05, ⟨Jf⟩=2.0e-05, ⟨B·n⟩=1.0e-03, Len=sum([4.1, 4.0, 3.8, 3.7])=15.7, ϰ=[4.0, 3.8, 4.0, 3.9], ∫ϰ²/L>=[5.0, 5.1, 5.1, 5.2], C-C-Sep=0.10, ║∇J║=1.4e-05
Iteration 1834/2000-----
currents: [100000.0, 99999.99999816202, 99999.99999837346, 99999.99999852867]
J=2.1e-05, ⟨Jf⟩=2.0e-05, ⟨B·n⟩=1.0e-03, Len=sum([4.1, 4.0, 3.8, 3.7])=15.7, ϰ=[4.0, 3.8, 4.0, 3.9], ∫ϰ²/L>=[5.0, 5.1, 5.1, 5.2], C-C-Sep=0.10, ║∇J║=1.4e-05
Iteration 1835/2000-----
currents: [100000.0, 99999.99999816017, 99999.99999837196, 99999.99999852724]
J=2.1e-05, ⟨Jf⟩=2.0e-05, ⟨B·n⟩=1.0e-03, Len=sum([4.1, 4.0, 3.8, 3.7])=15.7, ϰ=[4.0, 3.8, 4.0, 3.9], ∫ϰ²/L>=[5.0, 5.1, 5.1, 5.2], C-C-Sep=0.10, ║∇J║=1.8e-05
Iteration 1836/2000-----
currents: [100000.0, 99999.99999815553, 99999.99999836825, 99999.99999852374]
J=2.1e-05, ⟨Jf⟩=2.0e-05, ⟨B·n⟩=1.0e-03, Len=sum([4.1, 4.0, 3.8, 3.7])=15.7, ϰ=[4.0, 3.8, 4.0, 3.9], ∫ϰ²/L>=[5.0, 5.1, 5.1, 5.2], C-C-Sep=0.10, ║∇J║=4.8e-05
Iteration 1837/2000-----
currents: [100000.0, 99999.99999815489, 99999.99999836776, 99999.9999985232]
J=2.1e-05, ⟨Jf⟩=2.0e-05, ⟨B·n⟩=1.0e-03, Len=sum([4.1, 4.0, 3.8, 3.7])=15.7, ϰ=[4.0, 3.8, 4.0, 3.9], ∫ϰ²/L>=[5.0, 5.1, 5.1, 5.2], C-C-Sep=0.10, ║∇J║=1.5e-05
Iteration 1838/2000-----
currents: [100000.0, 99999.99999815413, 99999.99999836713, 99999.99999852254]
J=2.1e-05, ⟨Jf⟩=2.0e-05, ⟨B·n⟩=1.0e-03, Len=sum([4.1, 4.0, 3.8, 3.7])=15.7, ϰ=[4.0, 3.8, 4.0, 3.9], ∫ϰ²/L>=[5.0, 5.1, 5.1, 5.2], C-C-Sep=0.10, ║∇J║=1.1e-05
Iteration 1839/2000-----
currents: [100000.0, 99999.99999815323, 99999.99999836647, 99999.99999852183]
J=2.1e-05, ⟨Jf⟩=2.0e-05, ⟨B·n⟩=1.0e-03, Len=sum([4.1, 4.0, 3.8, 3.7])=15.7, ϰ=[4.0, 3.8, 4.0, 3.9], ∫ϰ²/L>=[5.0, 5.1, 5.1, 5.2], C-C-Sep=0.10, ║∇J║=2.2e-05
Iteration 1840/2000-----
currents: [100000.0, 99999.9999981525, 99999.99999836588, 99999.99999852125]
J=2.1e-05, ⟨Jf⟩=2.0e-05, ⟨B·n⟩=1.0e-03, Len=sum([4.1, 4.0, 3.8, 3.7])=15.7, ϰ=[4.0, 3.8, 4.0, 3.9], ∫ϰ²/L>=[5.0, 5.1, 5.1, 5.2], C-C-Sep=0.10, ║∇J║=1.4e-05
Iteration 1841/2000-----
currents: [100000.0, 99999.99999815095, 99999.9999983646, 99999.99999852]
J=2.1e-05, ⟨Jf⟩=2.0e-05, ⟨B·n⟩=1.0e-03, Len=sum([4.1, 4.0, 3.8, 3.7])=15.7, ϰ=[4.0, 3.8, 4.0, 3.9], ∫ϰ²/L>=[5.0, 5.1, 5.1, 5.2], C-C-Sep=0.10, ║∇J║=1.0e-05
Iteration 1842/2000-----
currents: [100000.0, 99999.99999814985, 99999.99999836371, 99999.99999851912]
J=2.1e-05, ⟨Jf⟩=2.0e-05, ⟨B·n⟩=1.0e-03, Len=sum([4.1, 4.0, 3.8, 3.7])=15.7, ϰ=[4.0, 3.8, 4.0, 3.9], ∫ϰ²/L>=[5.0, 5.1, 5.1, 5.2], C-C-Sep=0.10, ║∇J║=1.1e-05
Iteration 1843/2000-----
currents: [100000.0, 99999.99999814837, 99999.99999836256, 99999.99999851793]
J=2.1e-05, ⟨Jf⟩=2.0e-05, ⟨B·n⟩=1.0e-03, Len=sum([4.1, 4.0, 3.8, 3.7])=15.7, ϰ=[4.0, 3.8, 4.0, 3.9], ∫ϰ²/L>=[5.0, 5.1, 5.1, 5.2], C-C-Sep=0.10, ║∇J║=1.2e-05
Iteration 1844/2000-----
currents: [100000.0, 99999.99999814754, 99999.9999983619, 99999.99999851725]
J=2.1e-05, ⟨Jf⟩=2.0e-05, ⟨B·n⟩=1.0e-03, Len=sum([4.1, 4.0, 3.8, 3.7])=15.7, ϰ=[4.0, 3.8, 4.0, 3.9], ∫ϰ²/L>=[5.0, 5.1, 5.1, 5.2], C-C-Sep=0.10, ║∇J║=9.2e-06
Iteration 1845/2000-----
currents: [100000.0, 99999.99999814725, 99999.99999836172, 99999.99999851701]
J=2.1e-05, ⟨Jf⟩=2.0e-05, ⟨B·n⟩=1.0e-03, Len=sum([4.1, 4.0, 3.8, 3.7])=15.7, ϰ=[4.0, 3.8, 4.0, 3.9], ∫ϰ²/L>=[5.0, 5.1, 5.1, 5.2], C-C-Sep=0.10, ║∇J║=8.0e-06
Iteration 1846/2000-----
currents: [100000.0, 99999.99999814696, 99999.99999836153, 99999.99999851678]
J=2.1e-05, ⟨Jf⟩=2.0e-05, ⟨B·n⟩=1.0e-03, Len=sum([4.1, 4.0, 3.8, 3.7])=15.7, ϰ=[4.0, 3.8, 4.0, 3.9], ∫ϰ²/L>=[5.0, 5.1, 5.1, 5.2], C-C-Sep=0.10, ║∇J║=9.0e-06
Iteration 1847/2000-----
currents: [100000.0, 99999.99999814645, 99999.99999836115, 99999.99999851639]
J=2.1e-05, ⟨Jf⟩=2.0e-05, ⟨B·n⟩=1.0e-03, Len=sum([4.1, 4.0, 3.8, 3.7])=15.7, ϰ=[4.0, 3.8, 4.0, 3.9], ∫ϰ²/L>=[5.0, 5.1, 5.1, 5.2], C-C-Sep=0.10, ║∇J║=1.1e-05
Iteration 1848/2000-----
currents: [100000.0, 99999.99999814604, 99999.99999836084, 99999.99999851607]
J=2.1e-05, ⟨Jf⟩=2.0e-05, ⟨B·n⟩=1.0e-03, Len=sum([4.1, 4.0, 3.8, 3.7])=15.7, ϰ=[4.0, 3.8, 4.0, 3.9], ∫ϰ²/L>=[5.0, 5.1, 5.1, 5.2], C-C-Sep=0.10, ║∇J║=8.3e-06
Iteration 1849/2000-----
currents: [100000.0, 99999.99999814505, 99999.99999836007, 99999.9999985153]
J=2.1e-05, ⟨Jf⟩=2.0e-05, ⟨B·n⟩=1.0e-03, Len=sum([4.1, 4.0, 3.8, 3.7])=15.7, ϰ=[4.0, 3.8, 4.0, 3.9], ∫ϰ²/L>=[5.0, 5.1, 5.1, 5.2], C-C-Sep=0.10, ║∇J║=8.9e-06
Iteration 1850/2000-----
currents: [100000.0, 99999.99999814435, 99999.99999835955, 99999.99999851474]
J=2.1e-05, ⟨Jf⟩=2.0e-05, ⟨B·n⟩=1.0e-03, Len=sum([4.1, 4.0, 3.8, 3.7])=15.7, ϰ=[4.0, 3.8, 4.0, 3.9], ∫ϰ²/L>=[5.0, 5.1, 5.1, 5.2], C-C-Sep=0.10, ║∇J║=1.2e-05
Iteration 1851/2000-----
currents: [100000.0, 99999.99999814304, 99999.99999835854, 99999.99999851371]
J=2.1e-05, ⟨Jf⟩=2.0e-05, ⟨B·n⟩=1.0e-03, Len=sum([4.1, 4.0, 3.8, 3.7])=15.7, ϰ=[4.0, 3.8, 4.0, 3.9], ∫ϰ²/L>=[5.0, 5.1, 5.1, 5.2], C-C-Sep=0.10, ║∇J║=1.2e-05
Iteration 1852/2000-----
currents: [100000.0, 99999.99999814093, 99999.99999835694, 99999.99999851204]
J=2.1e-05, ⟨Jf⟩=2.0e-05, ⟨B·n⟩=1.0e-03, Len=sum([4.1, 4.0, 3.8, 3.7])=15.7, ϰ=[4.0, 3.8, 4.0, 3.9], ∫ϰ²/L>=[5.0, 5.1, 5.1, 5.2], C-C-Sep=0.10, ║∇J║=2.7e-05
Iteration 1853/2000-----
currents: [100000.0, 99999.99999814015, 99999.99999835632, 99999.99999851143]
J=2.1e-05, ⟨Jf⟩=2.0e-05, ⟨B·n⟩=1.0e-03, Len=sum([4.1, 4.0, 3.8, 3.7])=15.7, ϰ=[4.0, 3.8, 4.0, 3.9], ∫ϰ²/L>=[5.0, 5.1, 5.1, 5.2], C-C-Sep=0.10, ║∇J║=1.1e-05
Iteration 1854/2000-----
currents: [100000.0, 99999.9999981396, 99999.99999835587, 99999.999998511]
J=2.1e-05, ⟨Jf⟩=2.0e-05, ⟨B·n⟩=1.0e-03, Len=sum([4.1, 4.0, 3.8, 3.7])=15.7, ϰ=[4.0, 3.8, 4.0, 3.9], ∫ϰ²/L>=[5.0, 5.1, 5.1, 5.2], C-C-Sep=0.10, ║∇J║=1.0e-05
Iteration 1855/2000-----
currents: [100000.0, 99999.99999813832, 99999.99999835485, 99999.99999851]
J=2.1e-05, ⟨Jf⟩=2.0e-05, ⟨B·n⟩=1.0e-03, Len=sum([4.1, 4.0, 3.8, 3.7])=15.7, ϰ=[4.0, 3.8, 4.0, 3.9], ∫ϰ²/L>=[5.0, 5.1, 5.1, 5.2], C-C-Sep=0.10, ║∇J║=1.4e-05
Iteration 1856/2000-----
currents: [100000.0, 99999.99999813561, 99999.9999983527, 99999.99999850789]
J=2.1e-05, ⟨Jf⟩=2.0e-05, ⟨B·n⟩=1.0e-03, Len=sum([4.1, 4.0, 3.8, 3.7])=15.7, ϰ=[4.0, 3.8, 4.0, 3.9], ∫ϰ²/L>=[5.0, 5.1, 5.1, 5.2], C-C-Sep=0.10, ║∇J║=2.8e-05
Iteration 1857/2000-----
currents: [100000.0, 99999.9999981339, 99999.99999835137, 99999.99999850654]
J=2.1e-05, ⟨Jf⟩=2.0e-05, ⟨B·n⟩=1.0e-03, Len=sum([4.1, 4.0, 3.8, 3.7])=15.7, ϰ=[4.0, 3.8, 4.0, 3.9], ∫ϰ²/L>=[5.0, 5.1, 5.1, 5.2], C-C-Sep=0.10, ║∇J║=1.6e-05
Iteration 1858/2000-----
currents: [100000.0, 99999.99999813153, 99999.99999834955, 99999.99999850466]
J=2.1e-05, ⟨Jf⟩=2.0e-05, ⟨B·n⟩=1.0e-03, Len=sum([4.1, 4.0, 3.8, 3.7])=15.7, ϰ=[4.0, 3.8, 4.0, 3.9], ∫ϰ²/L>=[5.0, 5.1, 5.1, 5.2], C-C-Sep=0.10, ║∇J║=1.5e-05
Iteration 1859/2000-----
currents: [100000.0, 99999.99999812868, 99999.99999834734, 99999.9999985024]
J=2.1e-05, ⟨Jf⟩=2.0e-05, ⟨B·n⟩=1.0e-03, Len=sum([4.1, 4.0, 3.8, 3.7])=15.7, ϰ=[4.0, 3.8, 4.0, 3.9], ∫ϰ²/L>=[5.0, 5.1, 5.1, 5.2], C-C-Sep=0.10, ║∇J║=1.9e-05
Iteration 1860/2000-----
currents: [100000.0, 99999.99999812449, 99999.99999834408, 99999.99999849912]
J=2.1e-05, ⟨Jf⟩=2.0e-05, ⟨B·n⟩=1.0e-03, Len=sum([4.1, 4.0, 3.8, 3.7])=15.7, ϰ=[4.0, 3.8, 4.0, 3.9], ∫ϰ²/L>=[5.0, 5.1, 5.1, 5.2], C-C-Sep=0.10, ║∇J║=3.5e-05
Iteration 1861/2000-----
currents: [100000.0, 99999.99999812315, 99999.99999834308, 99999.99999849808]
J=2.1e-05, ⟨Jf⟩=2.0e-05, ⟨B·n⟩=1.0e-03, Len=sum([4.1, 4.0, 3.8, 3.7])=15.7, ϰ=[4.0, 3.8, 4.0, 3.9], ∫ϰ²/L>=[5.0, 5.1, 5.1, 5.2], C-C-Sep=0.10, ║∇J║=1.6e-05
Iteration 1862/2000-----
currents: [100000.0, 99999.99999812212, 99999.9999983423, 99999.99999849731]
J=2.1e-05, ⟨Jf⟩=2.0e-05, ⟨B·n⟩=1.0e-03, Len=sum([4.1, 4.0, 3.8, 3.7])=15.7, ϰ=[4.0, 3.8, 4.0, 3.9], ∫ϰ²/L>=[5.0, 5.1, 5.1, 5.2], C-C-Sep=0.10, ║∇J║=1.3e-05
Iteration 1863/2000-----
currents: [100000.0, 99999.99999812066, 99999.99999834124, 99999.9999984962]
J=2.1e-05, ⟨Jf⟩=2.0e-05, ⟨B·n⟩=1.0e-03, Len=sum([4.1, 4.0, 3.8, 3.7])=15.7, ϰ=[4.0, 3.8, 4.0, 3.9], ∫ϰ²/L>=[5.0, 5.1, 5.1, 5.2], C-C-Sep=0.10, ║∇J║=1.7e-05
Iteration 1864/2000-----
currents: [100000.0, 99999.99999811823, 99999.99999833941, 99999.99999849433]
J=2.1e-05, ⟨Jf⟩=2.0e-05, ⟨B·n⟩=1.0e-03, Len=sum([4.1, 4.0, 3.8, 3.7])=15.7, ϰ=[4.0, 3.8, 4.0, 3.9], ∫ϰ²/L>=[5.0, 5.1, 5.1, 5.2], C-C-Sep=0.10, ║∇J║=2.6e-05
Iteration 1865/2000-----
currents: [100000.0, 99999.99999811708, 99999.99999833854, 99999.99999849344]
J=2.1e-05, ⟨Jf⟩=2.0e-05, ⟨B·n⟩=1.0e-03, Len=sum([4.1, 4.0, 3.8, 3.7])=15.7, ϰ=[4.0, 3.8, 4.0, 3.9], ∫ϰ²/L>=[5.0, 5.1, 5.1, 5.2], C-C-Sep=0.10, ║∇J║=1.3e-05
Iteration 1866/2000-----
currents: [100000.0, 99999.99999811611, 99999.99999833776, 99999.99999849267]
J=2.1e-05, ⟨Jf⟩=2.0e-05, ⟨B·n⟩=1.0e-03, Len=sum([4.1, 4.0, 3.8, 3.7])=15.7, ϰ=[4.0, 3.8, 4.0, 3.9], ∫ϰ²/L>=[5.0, 5.1, 5.1, 5.2], C-C-Sep=0.10, ║∇J║=9.5e-06
Iteration 1867/2000-----
currents: [100000.0, 99999.99999811524, 99999.99999833708, 99999.99999849199]
J=2.1e-05, ⟨Jf⟩=2.0e-05, ⟨B·n⟩=1.0e-03, Len=sum([4.1, 4.0, 3.8, 3.7])=15.7, ϰ=[4.0, 3.8, 4.0, 3.9], ∫ϰ²/L>=[5.0, 5.1, 5.1, 5.2], C-C-Sep=0.10, ║∇J║=9.9e-06
Iteration 1868/2000-----
currents: [100000.0, 99999.99999811438, 99999.99999833641, 99999.99999849132]
J=2.1e-05, ⟨Jf⟩=2.0e-05, ⟨B·n⟩=1.0e-03, Len=sum([4.1, 4.0, 3.8, 3.7])=15.7, ϰ=[4.0, 3.8, 4.0, 3.9], ∫ϰ²/L>=[5.0, 5.1, 5.1, 5.2], C-C-Sep=0.10, ║∇J║=1.3e-05
Iteration 1869/2000-----
currents: [100000.0, 99999.9999981138, 99999.99999833594, 99999.99999849086]
J=2.1e-05, ⟨Jf⟩=2.0e-05, ⟨B·n⟩=1.0e-03, Len=sum([4.1, 4.0, 3.8, 3.7])=15.7, ϰ=[4.0, 3.8, 4.0, 3.9], ∫ϰ²/L>=[5.0, 5.1, 5.1, 5.2], C-C-Sep=0.10, ║∇J║=8.6e-06
Iteration 1870/2000-----
currents: [100000.0, 99999.99999811358, 99999.99999833577, 99999.99999849069]
J=2.1e-05, ⟨Jf⟩=2.0e-05, ⟨B·n⟩=1.0e-03, Len=sum([4.1, 4.0, 3.8, 3.7])=15.7, ϰ=[4.0, 3.8, 4.0, 3.9], ∫ϰ²/L>=[5.0, 5.1, 5.1, 5.2], C-C-Sep=0.10, ║∇J║=7.8e-06
Iteration 1871/2000-----
currents: [100000.0, 99999.99999811332, 99999.99999833557, 99999.99999849046]
J=2.1e-05, ⟨Jf⟩=2.0e-05, ⟨B·n⟩=1.0e-03, Len=sum([4.1, 4.0, 3.8, 3.7])=15.7, ϰ=[4.0, 3.8, 4.0, 3.9], ∫ϰ²/L>=[5.0, 5.1, 5.1, 5.2], C-C-Sep=0.10, ║∇J║=8.4e-06
Iteration 1872/2000-----
currents: [100000.0, 99999.99999811269, 99999.99999833509, 99999.99999848993]
J=2.1e-05, ⟨Jf⟩=2.0e-05, ⟨B·n⟩=1.0e-03, Len=sum([4.1, 4.0, 3.8, 3.7])=15.7, ϰ=[4.0, 3.8, 4.0, 3.9], ∫ϰ²/L>=[5.0, 5.1, 5.1, 5.2], C-C-Sep=0.10, ║∇J║=1.7e-05
Iteration 1873/2000-----
currents: [100000.0, 99999.9999981124, 99999.99999833487, 99999.99999848969]
J=2.1e-05, ⟨Jf⟩=2.0e-05, ⟨B·n⟩=1.0e-03, Len=sum([4.1, 4.0, 3.8, 3.7])=15.7, ϰ=[4.0, 3.8, 4.0, 3.9], ∫ϰ²/L>=[5.0, 5.1, 5.1, 5.2], C-C-Sep=0.10, ║∇J║=7.8e-06
Iteration 1874/2000-----
currents: [100000.0, 99999.99999811199, 99999.99999833455, 99999.99999848935]
J=2.1e-05, ⟨Jf⟩=2.0e-05, ⟨B·n⟩=1.0e-03, Len=sum([4.1, 4.0, 3.8, 3.7])=15.7, ϰ=[4.0, 3.8, 4.0, 3.9], ∫ϰ²/L>=[5.0, 5.1, 5.1, 5.2], C-C-Sep=0.10, ║∇J║=6.9e-06
Iteration 1875/2000-----
currents: [100000.0, 99999.99999811116, 99999.99999833388, 99999.9999984887]
J=2.1e-05, ⟨Jf⟩=2.0e-05, ⟨B·n⟩=1.0e-03, Len=sum([4.1, 4.0, 3.8, 3.7])=15.7, ϰ=[4.0, 3.8, 4.0, 3.9], ∫ϰ²/L>=[5.0, 5.1, 5.1, 5.2], C-C-Sep=0.10, ║∇J║=9.7e-06
Iteration 1876/2000-----
currents: [100000.0, 99999.99999810995, 99999.9999983329, 99999.99999848775]
J=2.1e-05, ⟨Jf⟩=2.0e-05, ⟨B·n⟩=1.0e-03, Len=sum([4.1, 4.0, 3.8, 3.7])=15.7, ϰ=[4.0, 3.8, 4.0, 3.9], ∫ϰ²/L>=[5.0, 5.1, 5.1, 5.2], C-C-Sep=0.10, ║∇J║=1.3e-05
Iteration 1877/2000-----
currents: [100000.0, 99999.99999810755, 99999.99999833092, 99999.99999848587]
J=2.1e-05, ⟨Jf⟩=2.0e-05, ⟨B·n⟩=1.0e-03, Len=sum([4.1, 4.0, 3.8, 3.7])=15.7, ϰ=[4.0, 3.8, 4.0, 3.9], ∫ϰ²/L>=[5.0, 5.1, 5.1, 5.2], C-C-Sep=0.10, ║∇J║=1.7e-05
Iteration 1878/2000-----
currents: [100000.0, 99999.9999981073, 99999.9999983307, 99999.99999848568]
J=2.1e-05, ⟨Jf⟩=2.0e-05, ⟨B·n⟩=1.0e-03, Len=sum([4.1, 4.0, 3.8, 3.7])=15.7, ϰ=[4.0, 3.8, 4.0, 3.9], ∫ϰ²/L>=[5.0, 5.1, 5.1, 5.2], C-C-Sep=0.10, ║∇J║=9.4e-06
Iteration 1879/2000-----
currents: [100000.0, 99999.99999810694, 99999.99999833039, 99999.9999984854]
J=2.1e-05, ⟨Jf⟩=2.0e-05, ⟨B·n⟩=1.0e-03, Len=sum([4.1, 4.0, 3.8, 3.7])=15.7, ϰ=[4.0, 3.8, 4.0, 3.9], ∫ϰ²/L>=[5.0, 5.1, 5.1, 5.2], C-C-Sep=0.10, ║∇J║=1.2e-05
Iteration 1880/2000-----
currents: [100000.0, 99999.99999810613, 99999.99999832972, 99999.99999848474]
J=2.1e-05, ⟨Jf⟩=2.0e-05, ⟨B·n⟩=1.0e-03, Len=sum([4.1, 4.0, 3.8, 3.7])=15.7, ϰ=[4.0, 3.8, 4.0, 3.9], ∫ϰ²/L>=[5.0, 5.1, 5.1, 5.2], C-C-Sep=0.10, ║∇J║=1.5e-05
Iteration 1881/2000-----
currents: [100000.0, 99999.99999810329, 99999.9999983274, 99999.99999848245]
J=2.1e-05, ⟨Jf⟩=2.0e-05, ⟨B·n⟩=1.0e-03, Len=sum([4.1, 4.0, 3.8, 3.7])=15.7, ϰ=[4.0, 3.7, 4.0, 3.9], ∫ϰ²/L>=[5.0, 5.1, 5.1, 5.2], C-C-Sep=0.10, ║∇J║=2.5e-05
Iteration 1882/2000-----
currents: [100000.0, 99999.99999809879, 99999.99999832388, 99999.99999847884]
J=2.1e-05, ⟨Jf⟩=2.0e-05, ⟨B·n⟩=1.0e-03, Len=sum([4.1, 4.0, 3.8, 3.7])=15.7, ϰ=[4.0, 3.7, 4.0, 3.9], ∫ϰ²/L>=[5.0, 5.1, 5.1, 5.2], C-C-Sep=0.10, ║∇J║=2.8e-05
Iteration 1883/2000-----
currents: [100000.0, 99999.99999809817, 99999.9999983234, 99999.99999847835]
J=2.1e-05, ⟨Jf⟩=2.0e-05, ⟨B·n⟩=1.0e-03, Len=sum([4.1, 4.0, 3.8, 3.7])=15.7, ϰ=[4.0, 3.7, 4.0, 3.9], ∫ϰ²/L>=[5.0, 5.1, 5.1, 5.2], C-C-Sep=0.10, ║∇J║=1.3e-05
Iteration 1884/2000-----
currents: [100000.0, 99999.99999809671, 99999.99999832231, 99999.9999984772]
J=2.1e-05, ⟨Jf⟩=2.0e-05, ⟨B·n⟩=1.0e-03, Len=sum([4.1, 4.0, 3.8, 3.7])=15.7, ϰ=[4.0, 3.7, 4.0, 3.9], ∫ϰ²/L>=[5.0, 5.1, 5.1, 5.2], C-C-Sep=0.10, ║∇J║=1.4e-05
Iteration 1885/2000-----
currents: [100000.0, 99999.99999809515, 99999.99999832109, 99999.99999847598]
J=2.1e-05, ⟨Jf⟩=2.0e-05, ⟨B·n⟩=1.0e-03, Len=sum([4.1, 4.0, 3.8, 3.7])=15.7, ϰ=[4.0, 3.7, 4.0, 3.9], ∫ϰ²/L>=[5.0, 5.1, 5.1, 5.2], C-C-Sep=0.10, ║∇J║=1.7e-05
Iteration 1886/2000-----
currents: [100000.0, 99999.99999809089, 99999.99999831773, 99999.99999847263]
J=2.1e-05, ⟨Jf⟩=2.0e-05, ⟨B·n⟩=1.0e-03, Len=sum([4.1, 4.0, 3.8, 3.7])=15.7, ϰ=[4.0, 3.7, 4.0, 3.9], ∫ϰ²/L>=[5.0, 5.1, 5.1, 5.2], C-C-Sep=0.10, ║∇J║=4.1e-05
Iteration 1887/2000-----
currents: [100000.0, 99999.99999808778, 99999.99999831518, 99999.99999847017]
J=2.1e-05, ⟨Jf⟩=2.0e-05, ⟨B·n⟩=1.0e-03, Len=sum([4.1, 4.0, 3.8, 3.7])=15.7, ϰ=[4.0, 3.7, 4.0, 3.9], ∫ϰ²/L>=[5.0, 5.1, 5.1, 5.2], C-C-Sep=0.10, ║∇J║=1.8e-05
Iteration 1888/2000-----
currents: [100000.0, 99999.99999808664, 99999.99999831422, 99999.99999846925]
J=2.1e-05, ⟨Jf⟩=2.0e-05, ⟨B·n⟩=1.0e-03, Len=sum([4.1, 4.0, 3.8, 3.7])=15.7, ϰ=[4.0, 3.7, 4.0, 3.9], ∫ϰ²/L>=[5.0, 5.1, 5.1, 5.2], C-C-Sep=0.10, ║∇J║=1.5e-05
Iteration 1889/2000-----
currents: [100000.0, 99999.99999808431, 99999.9999983123, 99999.99999846738]
J=2.1e-05, ⟨Jf⟩=2.0e-05, ⟨B·n⟩=1.0e-03, Len=sum([4.1, 4.0, 3.8, 3.7])=15.7, ϰ=[4.0, 3.7, 4.0, 3.9], ∫ϰ²/L>=[5.0, 5.1, 5.1, 5.2], C-C-Sep=0.10, ║∇J║=1.8e-05
Iteration 1890/2000-----
currents: [100000.0, 99999.99999808098, 99999.9999983096, 99999.9999984647]
J=2.1e-05, ⟨Jf⟩=2.0e-05, ⟨B·n⟩=1.0e-03, Len=sum([4.1, 4.0, 3.8, 3.7])=15.7, ϰ=[4.0, 3.7, 4.0, 3.9], ∫ϰ²/L>=[5.0, 5.1, 5.1, 5.2], C-C-Sep=0.10, ║∇J║=3.4e-05
Iteration 1891/2000-----
currents: [100000.0, 99999.99999808027, 99999.99999830907, 99999.99999846413]
J=2.1e-05, ⟨Jf⟩=2.0e-05, ⟨B·n⟩=1.0e-03, Len=sum([4.1, 4.0, 3.8, 3.7])=15.7, ϰ=[4.0, 3.7, 4.0, 3.9], ∫ϰ²/L>=[5.0, 5.1, 5.1, 5.2], C-C-Sep=0.10, ║∇J║=1.6e-05
Iteration 1892/2000-----
currents: [100000.0, 99999.99999807827, 99999.99999830752, 99999.99999846258]
J=2.1e-05, ⟨Jf⟩=2.0e-05, ⟨B·n⟩=1.0e-03, Len=sum([4.1, 4.0, 3.8, 3.7])=15.7, ϰ=[4.0, 3.7, 4.0, 3.9], ∫ϰ²/L>=[5.0, 5.1, 5.1, 5.2], C-C-Sep=0.10, ║∇J║=1.2e-05
Iteration 1893/2000-----
currents: [100000.0, 99999.9999980761, 99999.99999830581, 99999.99999846087]
J=2.1e-05, ⟨Jf⟩=2.0e-05, ⟨B·n⟩=1.0e-03, Len=sum([4.1, 4.0, 3.8, 3.7])=15.7, ϰ=[4.0, 3.7, 4.0, 3.9], ∫ϰ²/L>=[5.0, 5.1, 5.1, 5.2], C-C-Sep=0.10, ║∇J║=1.3e-05
Iteration 1894/2000-----
currents: [100000.0, 99999.99999807368, 99999.99999830386, 99999.99999845895]
J=2.1e-05, ⟨Jf⟩=2.0e-05, ⟨B·n⟩=1.0e-03, Len=sum([4.1, 4.0, 3.8, 3.7])=15.7, ϰ=[4.0, 3.7, 4.0, 3.9], ∫ϰ²/L>=[5.0, 5.1, 5.1, 5.2], C-C-Sep=0.10, ║∇J║=1.1e-05
Iteration 1895/2000-----
currents: [100000.0, 99999.99999807097, 99999.99999830163, 99999.99999845686]
J=2.1e-05, ⟨Jf⟩=2.0e-05, ⟨B·n⟩=1.0e-03, Len=sum([4.1, 4.0, 3.8, 3.7])=15.7, ϰ=[4.0, 3.7, 4.0, 3.9], ∫ϰ²/L>=[5.0, 5.1, 5.1, 5.2], C-C-Sep=0.10, ║∇J║=3.5e-05
Iteration 1896/2000-----
currents: [100000.0, 99999.99999807263, 99999.999998303, 99999.99999845814]
J=2.1e-05, ⟨Jf⟩=2.0e-05, ⟨B·n⟩=1.0e-03, Len=sum([4.1, 4.0, 3.8, 3.7])=15.7, ϰ=[4.0, 3.7, 4.0, 3.9], ∫ϰ²/L>=[5.0, 5.1, 5.1, 5.2], C-C-Sep=0.10, ║∇J║=1.4e-05
Iteration 1897/2000-----
currents: [100000.0, 99999.99999807184, 99999.99999830234, 99999.99999845753]
J=2.1e-05, ⟨Jf⟩=2.0e-05, ⟨B·n⟩=1.0e-03, Len=sum([4.1, 4.0, 3.8, 3.7])=15.7, ϰ=[4.0, 3.7, 4.0, 3.9], ∫ϰ²/L>=[5.0, 5.1, 5.1, 5.2], C-C-Sep=0.10, ║∇J║=7.0e-06
Iteration 1898/2000-----
currents: [100000.0, 99999.99999807165, 99999.99999830218, 99999.9999984574]
J=2.1e-05, ⟨Jf⟩=2.0e-05, ⟨B·n⟩=1.0e-03, Len=sum([4.1, 4.0, 3.8, 3.7])=15.7, ϰ=[4.0, 3.7, 4.0, 3.9], ∫ϰ²/L>=[5.0, 5.1, 5.1, 5.2], C-C-Sep=0.10, ║∇J║=6.9e-06
Iteration 1899/2000-----
currents: [100000.0, 99999.99999807135, 99999.99999830195, 99999.9999984572]
J=2.1e-05, ⟨Jf⟩=2.0e-05, ⟨B·n⟩=1.0e-03, Len=sum([4.1, 4.0, 3.8, 3.7])=15.7, ϰ=[4.0, 3.7, 4.0, 3.9], ∫ϰ²/L>=[5.0, 5.1, 5.1, 5.2], C-C-Sep=0.10, ║∇J║=9.2e-06
Iteration 1900/2000-----
currents: [100000.0, 99999.99999807005, 99999.99999830092, 99999.99999845625]
J=2.1e-05, ⟨Jf⟩=2.0e-05, ⟨B·n⟩=1.0e-03, Len=sum([4.1, 4.0, 3.8, 3.7])=15.7, ϰ=[4.0, 3.7, 4.0, 3.9], ∫ϰ²/L>=[5.0, 5.1, 5.1, 5.2], C-C-Sep=0.10, ║∇J║=1.5e-05
Iteration 1901/2000-----
currents: [100000.0, 99999.99999806954, 99999.99999830055, 99999.99999845591]
J=2.1e-05, ⟨Jf⟩=2.0e-05, ⟨B·n⟩=1.0e-03, Len=sum([4.1, 4.0, 3.8, 3.7])=15.7, ϰ=[4.0, 3.7, 4.0, 3.9], ∫ϰ²/L>=[5.0, 5.1, 5.1, 5.2], C-C-Sep=0.10, ║∇J║=9.7e-06
Iteration 1902/2000-----
currents: [100000.0, 99999.99999806864, 99999.99999829987, 99999.99999845526]
J=2.1e-05, ⟨Jf⟩=2.0e-05, ⟨B·n⟩=1.0e-03, Len=sum([4.1, 4.0, 3.8, 3.7])=15.7, ϰ=[4.0, 3.7, 4.0, 3.9], ∫ϰ²/L>=[5.0, 5.1, 5.1, 5.2], C-C-Sep=0.10, ║∇J║=8.5e-06
Iteration 1903/2000-----
currents: [100000.0, 99999.9999980671, 99999.99999829865, 99999.99999845408]
J=2.1e-05, ⟨Jf⟩=2.0e-05, ⟨B·n⟩=1.0e-03, Len=sum([4.1, 4.0, 3.8, 3.7])=15.7, ϰ=[4.0, 3.7, 4.0, 3.9], ∫ϰ²/L>=[5.0, 5.1, 5.1, 5.2], C-C-Sep=0.10, ║∇J║=1.3e-05
Iteration 1904/2000-----
currents: [100000.0, 99999.99999806572, 99999.99999829756, 99999.99999845304]
J=2.1e-05, ⟨Jf⟩=2.0e-05, ⟨B·n⟩=1.0e-03, Len=sum([4.1, 4.0, 3.8, 3.7])=15.7, ϰ=[4.0, 3.7, 4.0, 3.9], ∫ϰ²/L>=[5.0, 5.1, 5.1, 5.2], C-C-Sep=0.10, ║∇J║=1.3e-05
Iteration 1905/2000-----
currents: [100000.0, 99999.99999806406, 99999.99999829622, 99999.99999845178]
J=2.1e-05, ⟨Jf⟩=2.0e-05, ⟨B·n⟩=1.0e-03, Len=sum([4.1, 4.0, 3.8, 3.7])=15.7, ϰ=[4.0, 3.7, 4.0, 3.9], ∫ϰ²/L>=[5.0, 5.1, 5.1, 5.2], C-C-Sep=0.10, ║∇J║=1.2e-05
Iteration 1906/2000-----
currents: [100000.0, 99999.99999806136, 99999.99999829405, 99999.99999844974]
J=2.1e-05, ⟨Jf⟩=2.0e-05, ⟨B·n⟩=1.0e-03, Len=sum([4.1, 4.0, 3.8, 3.7])=15.7, ϰ=[4.0, 3.7, 4.0, 3.9], ∫ϰ²/L>=[5.0, 5.1, 5.1, 5.2], C-C-Sep=0.10, ║∇J║=2.3e-05
Iteration 1907/2000-----
currents: [100000.0, 99999.99999806008, 99999.999998293, 99999.99999844877]
J=2.1e-05, ⟨Jf⟩=2.0e-05, ⟨B·n⟩=1.0e-03, Len=sum([4.1, 4.0, 3.8, 3.7])=15.7, ϰ=[4.0, 3.7, 4.0, 3.9], ∫ϰ²/L>=[5.0, 5.1, 5.1, 5.2], C-C-Sep=0.10, ║∇J║=1.7e-05
Iteration 1908/2000-----
currents: [100000.0, 99999.99999805969, 99999.9999982927, 99999.99999844846]
J=2.1e-05, ⟨Jf⟩=2.0e-05, ⟨B·n⟩=1.0e-03, Len=sum([4.1, 4.0, 3.8, 3.7])=15.7, ϰ=[4.0, 3.7, 4.0, 3.9], ∫ϰ²/L>=[5.0, 5.1, 5.1, 5.2], C-C-Sep=0.10, ║∇J║=1.7e-05
Iteration 1909/2000-----
currents: [100000.0, 99999.99999805658, 99999.99999829021, 99999.99999844604]
J=2.1e-05, ⟨Jf⟩=2.0e-05, ⟨B·n⟩=1.0e-03, Len=sum([4.1, 4.0, 3.8, 3.7])=15.7, ϰ=[4.0, 3.7, 4.0, 3.9], ∫ϰ²/L>=[5.0, 5.1, 5.1, 5.2], C-C-Sep=0.10, ║∇J║=2.3e-05
Iteration 1910/2000-----
currents: [100000.0, 99999.9999980514, 99999.99999828606, 99999.99999844203]
J=2.1e-05, ⟨Jf⟩=2.0e-05, ⟨B·n⟩=1.0e-03, Len=sum([4.1, 4.0, 3.8, 3.7])=15.7, ϰ=[4.0, 3.7, 4.0, 3.9], ∫ϰ²/L>=[5.0, 5.1, 5.1, 5.2], C-C-Sep=0.10, ║∇J║=4.1e-05
Iteration 1911/2000-----
currents: [100000.0, 99999.99999804849, 99999.99999828372, 99999.9999984398]
J=2.1e-05, ⟨Jf⟩=2.0e-05, ⟨B·n⟩=1.0e-03, Len=sum([4.1, 4.0, 3.8, 3.7])=15.7, ϰ=[4.0, 3.7, 4.0, 3.9], ∫ϰ²/L>=[5.0, 5.1, 5.1, 5.2], C-C-Sep=0.10, ║∇J║=2.3e-05
Iteration 1912/2000-----
currents: [100000.0, 99999.99999804351, 99999.9999982797, 99999.99999843599]
J=2.1e-05, ⟨Jf⟩=2.0e-05, ⟨B·n⟩=1.0e-03, Len=sum([4.1, 4.0, 3.8, 3.7])=15.7, ϰ=[4.0, 3.7, 4.0, 3.9], ∫ϰ²/L>=[5.0, 5.1, 5.1, 5.2], C-C-Sep=0.10, ║∇J║=2.0e-05
Iteration 1913/2000-----
currents: [100000.0, 99999.99999803877, 99999.99999827587, 99999.99999843238]
J=2.1e-05, ⟨Jf⟩=2.0e-05, ⟨B·n⟩=1.0e-03, Len=sum([4.1, 4.0, 3.8, 3.7])=15.7, ϰ=[4.0, 3.7, 4.0, 3.9], ∫ϰ²/L>=[5.0, 5.1, 5.1, 5.2], C-C-Sep=0.10, ║∇J║=2.1e-05
Iteration 1914/2000-----
currents: [100000.0, 99999.99999803217, 99999.99999827053, 99999.9999984274]
J=2.1e-05, ⟨Jf⟩=2.0e-05, ⟨B·n⟩=1.0e-03, Len=sum([4.1, 4.0, 3.8, 3.7])=15.7, ϰ=[4.0, 3.7, 4.0, 3.9], ∫ϰ²/L>=[5.0, 5.1, 5.1, 5.2], C-C-Sep=0.10, ║∇J║=4.1e-05
Iteration 1915/2000-----
currents: [100000.0, 99999.99999802976, 99999.99999826861, 99999.99999842561]
J=2.1e-05, ⟨Jf⟩=2.0e-05, ⟨B·n⟩=1.0e-03, Len=sum([4.1, 4.0, 3.8, 3.7])=15.7, ϰ=[4.0, 3.7, 4.0, 3.9], ∫ϰ²/L>=[5.0, 5.1, 5.1, 5.2], C-C-Sep=0.10, ║∇J║=1.5e-05
Iteration 1916/2000-----
currents: [100000.0, 99999.99999803008, 99999.99999826888, 99999.99999842589]
J=2.1e-05, ⟨Jf⟩=2.0e-05, ⟨B·n⟩=1.0e-03, Len=sum([4.1, 4.0, 3.8, 3.7])=15.7, ϰ=[4.0, 3.7, 4.0, 3.9], ∫ϰ²/L>=[5.0, 5.1, 5.1, 5.2], C-C-Sep=0.10, ║∇J║=1.2e-05
Iteration 1917/2000-----
currents: [100000.0, 99999.9999980294, 99999.99999826834, 99999.99999842541]
J=2.1e-05, ⟨Jf⟩=2.0e-05, ⟨B·n⟩=1.0e-03, Len=sum([4.1, 4.0, 3.8, 3.7])=15.7, ϰ=[4.0, 3.7, 4.0, 3.9], ∫ϰ²/L>=[5.0, 5.1, 5.1, 5.2], C-C-Sep=0.10, ║∇J║=1.3e-05
Iteration 1918/2000-----
currents: [100000.0, 99999.99999802727, 99999.99999826662, 99999.99999842384]
J=2.1e-05, ⟨Jf⟩=2.0e-05, ⟨B·n⟩=1.0e-03, Len=sum([4.1, 4.0, 3.8, 3.7])=15.7, ϰ=[4.0, 3.7, 4.0, 3.9], ∫ϰ²/L>=[5.0, 5.1, 5.1, 5.2], C-C-Sep=0.10, ║∇J║=2.3e-05
Iteration 1919/2000-----
currents: [100000.0, 99999.99999802523, 99999.99999826498, 99999.99999842233]
J=2.1e-05, ⟨Jf⟩=2.0e-05, ⟨B·n⟩=1.0e-03, Len=sum([4.1, 4.0, 3.8, 3.7])=15.7, ϰ=[4.0, 3.8, 4.0, 3.9], ∫ϰ²/L>=[5.0, 5.1, 5.1, 5.2], C-C-Sep=0.10, ║∇J║=1.2e-05
Iteration 1920/2000-----
currents: [100000.0, 99999.99999802269, 99999.99999826291, 99999.9999984204]
J=2.1e-05, ⟨Jf⟩=2.0e-05, ⟨B·n⟩=1.0e-03, Len=sum([4.1, 4.0, 3.8, 3.7])=15.7, ϰ=[4.0, 3.8, 4.0, 3.9], ∫ϰ²/L>=[5.0, 5.1, 5.1, 5.2], C-C-Sep=0.10, ║∇J║=9.8e-06
Iteration 1921/2000-----
currents: [100000.0, 99999.9999980207, 99999.99999826128, 99999.99999841892]
J=2.1e-05, ⟨Jf⟩=2.0e-05, ⟨B·n⟩=1.0e-03, Len=sum([4.1, 4.0, 3.8, 3.7])=15.7, ϰ=[4.0, 3.8, 4.0, 3.9], ∫ϰ²/L>=[5.0, 5.1, 5.1, 5.2], C-C-Sep=0.10, ║∇J║=1.3e-05
Iteration 1922/2000-----
currents: [100000.0, 99999.99999801867, 99999.99999825962, 99999.99999841739]
J=2.1e-05, ⟨Jf⟩=2.0e-05, ⟨B·n⟩=1.0e-03, Len=sum([4.1, 4.0, 3.8, 3.7])=15.7, ϰ=[4.0, 3.8, 4.0, 3.9], ∫ϰ²/L>=[5.0, 5.1, 5.1, 5.2], C-C-Sep=0.10, ║∇J║=1.5e-05
Iteration 1923/2000-----
currents: [100000.0, 99999.99999801848, 99999.99999825946, 99999.99999841725]
J=2.1e-05, ⟨Jf⟩=2.0e-05, ⟨B·n⟩=1.0e-03, Len=sum([4.1, 4.0, 3.8, 3.7])=15.7, ϰ=[4.0, 3.8, 4.0, 3.9], ∫ϰ²/L>=[5.0, 5.1, 5.1, 5.2], C-C-Sep=0.10, ║∇J║=1.0e-05
Iteration 1924/2000-----
currents: [100000.0, 99999.99999801857, 99999.9999982595, 99999.99999841729]
J=2.1e-05, ⟨Jf⟩=2.0e-05, ⟨B·n⟩=1.0e-03, Len=sum([4.1, 4.0, 3.8, 3.7])=15.7, ϰ=[4.0, 3.8, 4.0, 3.9], ∫ϰ²/L>=[5.0, 5.1, 5.1, 5.2], C-C-Sep=0.10, ║∇J║=1.1e-05
Iteration 1925/2000-----
currents: [100000.0, 99999.99999801791, 99999.99999825898, 99999.99999841678]
J=2.1e-05, ⟨Jf⟩=2.0e-05, ⟨B·n⟩=1.0e-03, Len=sum([4.1, 4.0, 3.8, 3.7])=15.7, ϰ=[4.0, 3.8, 4.0, 3.9], ∫ϰ²/L>=[5.0, 5.1, 5.1, 5.2], C-C-Sep=0.10, ║∇J║=1.5e-05
Iteration 1926/2000-----
currents: [100000.0, 99999.99999801719, 99999.99999825838, 99999.99999841621]
J=2.1e-05, ⟨Jf⟩=2.0e-05, ⟨B·n⟩=1.0e-03, Len=sum([4.1, 4.0, 3.8, 3.7])=15.7, ϰ=[4.0, 3.8, 4.0, 3.9], ∫ϰ²/L>=[5.0, 5.1, 5.1, 5.2], C-C-Sep=0.10, ║∇J║=1.0e-05
Iteration 1927/2000-----
currents: [100000.0, 99999.99999801513, 99999.99999825672, 99999.99999841464]
J=2.1e-05, ⟨Jf⟩=2.0e-05, ⟨B·n⟩=1.0e-03, Len=sum([4.1, 4.0, 3.8, 3.7])=15.7, ϰ=[4.0, 3.8, 4.0, 3.9], ∫ϰ²/L>=[5.0, 5.1, 5.1, 5.2], C-C-Sep=0.10, ║∇J║=9.0e-06
Iteration 1928/2000-----
currents: [100000.0, 99999.99999801397, 99999.99999825578, 99999.99999841375]
J=2.1e-05, ⟨Jf⟩=2.0e-05, ⟨B·n⟩=1.0e-03, Len=sum([4.1, 4.0, 3.8, 3.7])=15.7, ϰ=[4.0, 3.8, 4.0, 3.9], ∫ϰ²/L>=[5.0, 5.1, 5.1, 5.2], C-C-Sep=0.10, ║∇J║=1.1e-05
Iteration 1929/2000-----
currents: [100000.0, 99999.99999801228, 99999.9999982544, 99999.99999841246]
J=2.1e-05, ⟨Jf⟩=2.0e-05, ⟨B·n⟩=1.0e-03, Len=sum([4.1, 4.0, 3.8, 3.7])=15.7, ϰ=[4.0, 3.8, 4.0, 3.9], ∫ϰ²/L>=[5.0, 5.1, 5.1, 5.2], C-C-Sep=0.10, ║∇J║=1.1e-05
Iteration 1930/2000-----
currents: [100000.0, 99999.99999801033, 99999.99999825278, 99999.99999841093]
J=2.1e-05, ⟨Jf⟩=2.0e-05, ⟨B·n⟩=1.0e-03, Len=sum([4.1, 4.0, 3.8, 3.7])=15.7, ϰ=[4.0, 3.8, 4.0, 3.9], ∫ϰ²/L>=[5.0, 5.1, 5.1, 5.2], C-C-Sep=0.10, ║∇J║=2.7e-05
Iteration 1931/2000-----
currents: [100000.0, 99999.99999801048, 99999.99999825293, 99999.99999841105]
J=2.1e-05, ⟨Jf⟩=2.0e-05, ⟨B·n⟩=1.0e-03, Len=sum([4.1, 4.0, 3.8, 3.7])=15.7, ϰ=[4.0, 3.8, 4.0, 3.9], ∫ϰ²/L>=[5.0, 5.1, 5.1, 5.2], C-C-Sep=0.10, ║∇J║=1.2e-05
Iteration 1932/2000-----
currents: [100000.0, 99999.99999801042, 99999.99999825291, 99999.99999841099]
J=2.1e-05, ⟨Jf⟩=2.0e-05, ⟨B·n⟩=1.0e-03, Len=sum([4.1, 4.0, 3.8, 3.7])=15.7, ϰ=[4.0, 3.8, 4.0, 3.9], ∫ϰ²/L>=[5.0, 5.1, 5.1, 5.2], C-C-Sep=0.10, ║∇J║=1.1e-05
Iteration 1933/2000-----
currents: [100000.0, 99999.99999800941, 99999.99999825214, 99999.99999841019]
J=2.1e-05, ⟨Jf⟩=2.0e-05, ⟨B·n⟩=1.0e-03, Len=sum([4.1, 4.0, 3.8, 3.7])=15.7, ϰ=[4.0, 3.8, 4.0, 3.9], ∫ϰ²/L>=[5.0, 5.1, 5.1, 5.2], C-C-Sep=0.10, ║∇J║=1.4e-05
Iteration 1934/2000-----
currents: [100000.0, 99999.99999800653, 99999.99999824984, 99999.99999840792]
J=2.1e-05, ⟨Jf⟩=2.0e-05, ⟨B·n⟩=1.0e-03, Len=sum([4.1, 4.0, 3.8, 3.7])=15.7, ϰ=[4.0, 3.8, 4.0, 3.9], ∫ϰ²/L>=[5.0, 5.1, 5.1, 5.2], C-C-Sep=0.10, ║∇J║=2.1e-05
Iteration 1935/2000-----
currents: [100000.0, 99999.99999800116, 99999.99999824558, 99999.9999984037]
J=2.1e-05, ⟨Jf⟩=2.0e-05, ⟨B·n⟩=1.0e-03, Len=sum([4.1, 4.0, 3.8, 3.7])=15.7, ϰ=[4.0, 3.8, 4.0, 3.9], ∫ϰ²/L>=[5.0, 5.1, 5.1, 5.2], C-C-Sep=0.10, ║∇J║=2.3e-05
Iteration 1936/2000-----
currents: [100000.0, 99999.99999799905, 99999.99999824385, 99999.99999840208]
J=2.1e-05, ⟨Jf⟩=2.0e-05, ⟨B·n⟩=1.0e-03, Len=sum([4.1, 4.0, 3.8, 3.7])=15.7, ϰ=[4.0, 3.8, 4.0, 3.9], ∫ϰ²/L>=[5.0, 5.1, 5.1, 5.2], C-C-Sep=0.10, ║∇J║=1.5e-05
Iteration 1937/2000-----
currents: [100000.0, 99999.99999799489, 99999.99999824046, 99999.99999839893]
J=2.1e-05, ⟨Jf⟩=2.0e-05, ⟨B·n⟩=1.0e-03, Len=sum([4.1, 4.0, 3.8, 3.7])=15.7, ϰ=[4.0, 3.8, 4.0, 3.9], ∫ϰ²/L>=[5.0, 5.1, 5.1, 5.2], C-C-Sep=0.10, ║∇J║=1.9e-05
Iteration 1938/2000-----
currents: [100000.0, 99999.99999799154, 99999.99999823776, 99999.9999983964]
J=2.1e-05, ⟨Jf⟩=2.0e-05, ⟨B·n⟩=1.0e-03, Len=sum([4.1, 4.0, 3.8, 3.7])=15.7, ϰ=[4.0, 3.8, 4.0, 3.9], ∫ϰ²/L>=[5.0, 5.1, 5.1, 5.2], C-C-Sep=0.10, ║∇J║=2.4e-05
Iteration 1939/2000-----
currents: [100000.0, 99999.99999798542, 99999.99999823283, 99999.99999839171]
J=2.1e-05, ⟨Jf⟩=2.0e-05, ⟨B·n⟩=1.0e-03, Len=sum([4.1, 4.0, 3.8, 3.7])=15.7, ϰ=[4.0, 3.8, 4.0, 3.9], ∫ϰ²/L>=[5.0, 5.1, 5.1, 5.2], C-C-Sep=0.10, ║∇J║=2.1e-05
Iteration 1940/2000-----
currents: [100000.0, 99999.99999798325, 99999.99999823113, 99999.99999839003]
J=2.1e-05, ⟨Jf⟩=2.0e-05, ⟨B·n⟩=1.0e-03, Len=sum([4.1, 4.0, 3.8, 3.7])=15.7, ϰ=[4.0, 3.8, 4.0, 3.9], ∫ϰ²/L>=[5.0, 5.1, 5.1, 5.2], C-C-Sep=0.10, ║∇J║=1.7e-05
Iteration 1941/2000-----
currents: [100000.0, 99999.99999798117, 99999.99999822947, 99999.9999983884]
J=2.1e-05, ⟨Jf⟩=2.0e-05, ⟨B·n⟩=1.0e-03, Len=sum([4.1, 4.0, 3.8, 3.7])=15.7, ϰ=[4.0, 3.8, 4.0, 3.9], ∫ϰ²/L>=[5.0, 5.1, 5.1, 5.2], C-C-Sep=0.10, ║∇J║=1.7e-05
Iteration 1942/2000-----
currents: [100000.0, 99999.99999797941, 99999.99999822804, 99999.999998387]
J=2.1e-05, ⟨Jf⟩=2.0e-05, ⟨B·n⟩=1.0e-03, Len=sum([4.1, 4.0, 3.8, 3.7])=15.7, ϰ=[4.0, 3.8, 4.0, 3.9], ∫ϰ²/L>=[5.0, 5.1, 5.1, 5.2], C-C-Sep=0.10, ║∇J║=1.7e-05
Iteration 1943/2000-----
currents: [100000.0, 99999.99999797695, 99999.99999822603, 99999.99999838507]
J=2.1e-05, ⟨Jf⟩=2.0e-05, ⟨B·n⟩=1.0e-03, Len=sum([4.1, 4.0, 3.8, 3.7])=15.7, ϰ=[4.0, 3.8, 4.0, 3.9], ∫ϰ²/L>=[5.0, 5.1, 5.1, 5.2], C-C-Sep=0.10, ║∇J║=1.3e-05
Iteration 1944/2000-----
currents: [100000.0, 99999.99999797269, 99999.99999822257, 99999.99999838178]
J=2.1e-05, ⟨Jf⟩=2.0e-05, ⟨B·n⟩=1.0e-03, Len=sum([4.1, 4.0, 3.8, 3.7])=15.7, ϰ=[4.0, 3.8, 4.0, 3.9], ∫ϰ²/L>=[5.0, 5.1, 5.1, 5.2], C-C-Sep=0.10, ║∇J║=1.5e-05
Iteration 1945/2000-----
currents: [100000.0, 99999.99999796935, 99999.99999821984, 99999.99999837918]
J=2.1e-05, ⟨Jf⟩=2.0e-05, ⟨B·n⟩=1.0e-03, Len=sum([4.1, 4.0, 3.8, 3.7])=15.7, ϰ=[4.0, 3.8, 4.0, 3.9], ∫ϰ²/L>=[5.0, 5.1, 5.1, 5.2], C-C-Sep=0.10, ║∇J║=2.6e-05
Iteration 1946/2000-----
currents: [100000.0, 99999.99999797007, 99999.99999822043, 99999.99999837975]
J=2.1e-05, ⟨Jf⟩=2.0e-05, ⟨B·n⟩=1.0e-03, Len=sum([4.1, 4.0, 3.8, 3.7])=15.7, ϰ=[4.0, 3.8, 4.0, 3.9], ∫ϰ²/L>=[5.0, 5.1, 5.1, 5.2], C-C-Sep=0.10, ║∇J║=1.1e-05
Iteration 1947/2000-----
currents: [100000.0, 99999.99999797052, 99999.99999822081, 99999.9999983801]
J=2.1e-05, ⟨Jf⟩=2.0e-05, ⟨B·n⟩=1.0e-03, Len=sum([4.1, 4.0, 3.8, 3.7])=15.7, ϰ=[4.0, 3.8, 4.0, 3.9], ∫ϰ²/L>=[5.0, 5.1, 5.1, 5.2], C-C-Sep=0.10, ║∇J║=8.8e-06
Iteration 1948/2000-----
currents: [100000.0, 99999.99999797044, 99999.99999822075, 99999.99999838001]
J=2.1e-05, ⟨Jf⟩=2.0e-05, ⟨B·n⟩=1.0e-03, Len=sum([4.1, 4.0, 3.8, 3.7])=15.7, ϰ=[4.0, 3.8, 4.0, 3.9], ∫ϰ²/L>=[5.0, 5.1, 5.1, 5.2], C-C-Sep=0.10, ║∇J║=1.1e-05
Iteration 1949/2000-----
currents: [100000.0, 99999.99999796935, 99999.99999821984, 99999.9999983791]
J=2.1e-05, ⟨Jf⟩=2.0e-05, ⟨B·n⟩=1.0e-03, Len=sum([4.1, 4.0, 3.8, 3.7])=15.7, ϰ=[4.0, 3.8, 4.0, 3.9], ∫ϰ²/L>=[5.0, 5.1, 5.1, 5.2], C-C-Sep=0.10, ║∇J║=1.2e-05
Iteration 1950/2000-----
currents: [100000.0, 99999.9999979665, 99999.99999821745, 99999.99999837679]
J=2.1e-05, ⟨Jf⟩=2.0e-05, ⟨B·n⟩=1.0e-03, Len=sum([4.1, 4.0, 3.8, 3.7])=15.7, ϰ=[4.0, 3.8, 4.0, 3.9], ∫ϰ²/L>=[5.0, 5.1, 5.1, 5.2], C-C-Sep=0.10, ║∇J║=2.4e-05
Iteration 1951/2000-----
currents: [100000.0, 99999.99999796425, 99999.99999821556, 99999.99999837497]
J=2.1e-05, ⟨Jf⟩=2.0e-05, ⟨B·n⟩=1.0e-03, Len=sum([4.1, 4.0, 3.8, 3.7])=15.7, ϰ=[4.0, 3.8, 4.0, 3.9], ∫ϰ²/L>=[5.0, 5.1, 5.1, 5.2], C-C-Sep=0.10, ║∇J║=1.1e-05
Iteration 1952/2000-----
currents: [100000.0, 99999.99999796355, 99999.99999821499, 99999.99999837445]
J=2.1e-05, ⟨Jf⟩=2.0e-05, ⟨B·n⟩=1.0e-03, Len=sum([4.1, 4.0, 3.8, 3.7])=15.7, ϰ=[4.0, 3.8, 4.0, 3.9], ∫ϰ²/L>=[5.0, 5.1, 5.1, 5.2], C-C-Sep=0.10, ║∇J║=8.3e-06
Iteration 1953/2000-----
currents: [100000.0, 99999.99999796157, 99999.99999821336, 99999.99999837295]
J=2.1e-05, ⟨Jf⟩=2.0e-05, ⟨B·n⟩=1.0e-03, Len=sum([4.1, 4.0, 3.8, 3.7])=15.7, ϰ=[4.0, 3.8, 4.0, 3.9], ∫ϰ²/L>=[5.0, 5.1, 5.1, 5.2], C-C-Sep=0.10, ║∇J║=1.3e-05
Iteration 1954/2000-----
currents: [100000.0, 99999.99999795957, 99999.99999821169, 99999.99999837141]
J=2.1e-05, ⟨Jf⟩=2.0e-05, ⟨B·n⟩=1.0e-03, Len=sum([4.1, 4.0, 3.8, 3.7])=15.7, ϰ=[4.0, 3.8, 4.0, 3.9], ∫ϰ²/L>=[5.0, 5.1, 5.1, 5.2], C-C-Sep=0.10, ║∇J║=1.9e-05
Iteration 1955/2000-----
currents: [100000.0, 99999.99999795908, 99999.99999821128, 99999.99999837106]
J=2.1e-05, ⟨Jf⟩=2.0e-05, ⟨B·n⟩=1.0e-03, Len=sum([4.1, 4.0, 3.8, 3.7])=15.7, ϰ=[4.0, 3.8, 4.0, 3.9], ∫ϰ²/L>=[5.0, 5.1, 5.1, 5.2], C-C-Sep=0.10, ║∇J║=1.4e-05
Iteration 1956/2000-----
currents: [100000.0, 99999.9999979576, 99999.99999821006, 99999.99999836998]
J=2.1e-05, ⟨Jf⟩=2.0e-05, ⟨B·n⟩=1.0e-03, Len=sum([4.1, 4.0, 3.8, 3.7])=15.7, ϰ=[4.0, 3.8, 4.0, 3.9], ∫ϰ²/L>=[5.0, 5.1, 5.1, 5.2], C-C-Sep=0.10, ║∇J║=1.0e-05
Iteration 1957/2000-----
currents: [100000.0, 99999.99999795678, 99999.99999820937, 99999.99999836937]
J=2.1e-05, ⟨Jf⟩=2.0e-05, ⟨B·n⟩=1.0e-03, Len=sum([4.1, 4.0, 3.8, 3.7])=15.7, ϰ=[4.0, 3.8, 4.0, 3.9], ∫ϰ²/L>=[5.0, 5.1, 5.1, 5.2], C-C-Sep=0.10, ║∇J║=1.4e-05
Iteration 1958/2000-----
currents: [100000.0, 99999.99999795508, 99999.99999820798, 99999.99999836808]
J=2.1e-05, ⟨Jf⟩=2.0e-05, ⟨B·n⟩=1.0e-03, Len=sum([4.1, 4.0, 3.8, 3.7])=15.7, ϰ=[4.0, 3.8, 4.0, 3.9], ∫ϰ²/L>=[5.0, 5.1, 5.1, 5.2], C-C-Sep=0.10, ║∇J║=1.4e-05
Iteration 1959/2000-----
currents: [100000.0, 99999.99999795029, 99999.99999820405, 99999.9999983644]
J=2.1e-05, ⟨Jf⟩=2.0e-05, ⟨B·n⟩=1.0e-03, Len=sum([4.1, 4.0, 3.8, 3.7])=15.7, ϰ=[4.0, 3.8, 4.0, 3.9], ∫ϰ²/L>=[5.0, 5.1, 5.1, 5.2], C-C-Sep=0.10, ║∇J║=3.5e-05
Iteration 1960/2000-----
currents: [100000.0, 99999.99999794869, 99999.99999820271, 99999.99999836314]
J=2.1e-05, ⟨Jf⟩=2.0e-05, ⟨B·n⟩=1.0e-03, Len=sum([4.1, 4.0, 3.8, 3.7])=15.7, ϰ=[4.0, 3.8, 4.0, 3.9], ∫ϰ²/L>=[5.0, 5.1, 5.1, 5.2], C-C-Sep=0.10, ║∇J║=1.5e-05
Iteration 1961/2000-----
currents: [100000.0, 99999.99999794809, 99999.99999820223, 99999.99999836269]
J=2.1e-05, ⟨Jf⟩=2.0e-05, ⟨B·n⟩=1.0e-03, Len=sum([4.1, 4.0, 3.8, 3.7])=15.7, ϰ=[4.0, 3.8, 4.0, 3.9], ∫ϰ²/L>=[5.0, 5.1, 5.1, 5.2], C-C-Sep=0.10, ║∇J║=1.4e-05
Iteration 1962/2000-----
currents: [100000.0, 99999.99999794566, 99999.99999820023, 99999.9999983608]
J=2.1e-05, ⟨Jf⟩=2.0e-05, ⟨B·n⟩=1.0e-03, Len=sum([4.1, 4.0, 3.8, 3.7])=15.7, ϰ=[4.0, 3.8, 4.0, 3.9], ∫ϰ²/L>=[5.0, 5.1, 5.1, 5.2], C-C-Sep=0.10, ║∇J║=1.7e-05
Iteration 1963/2000-----
currents: [100000.0, 99999.99999794188, 99999.99999819712, 99999.99999835783]
J=2.1e-05, ⟨Jf⟩=2.0e-05, ⟨B·n⟩=1.0e-03, Len=sum([4.1, 4.0, 3.8, 3.7])=15.7, ϰ=[4.0, 3.8, 4.0, 3.9], ∫ϰ²/L>=[5.0, 5.1, 5.1, 5.2], C-C-Sep=0.10, ║∇J║=2.7e-05
Iteration 1964/2000-----
currents: [100000.0, 99999.99999793601, 99999.9999981923, 99999.99999835325]
J=2.1e-05, ⟨Jf⟩=2.0e-05, ⟨B·n⟩=1.0e-03, Len=sum([4.1, 4.0, 3.8, 3.7])=15.7, ϰ=[4.0, 3.8, 4.0, 3.9], ∫ϰ²/L>=[5.0, 5.1, 5.1, 5.2], C-C-Sep=0.10, ║∇J║=1.9e-05
Iteration 1965/2000-----
currents: [100000.0, 99999.9999979324, 99999.99999818932, 99999.99999835041]
J=2.1e-05, ⟨Jf⟩=2.0e-05, ⟨B·n⟩=1.0e-03, Len=sum([4.1, 4.0, 3.8, 3.7])=15.7, ϰ=[4.0, 3.8, 4.0, 3.9], ∫ϰ²/L>=[5.0, 5.1, 5.1, 5.2], C-C-Sep=0.10, ║∇J║=1.6e-05
Iteration 1966/2000-----
currents: [100000.0, 99999.99999792657, 99999.99999818452, 99999.99999834585]
J=2.1e-05, ⟨Jf⟩=2.0e-05, ⟨B·n⟩=1.0e-03, Len=sum([4.1, 4.0, 3.8, 3.7])=15.7, ϰ=[4.0, 3.8, 4.0, 3.9], ∫ϰ²/L>=[5.0, 5.1, 5.1, 5.2], C-C-Sep=0.10, ║∇J║=2.5e-05
Iteration 1967/2000-----
currents: [100000.0, 99999.99999792362, 99999.9999981821, 99999.99999834353]
J=2.1e-05, ⟨Jf⟩=2.0e-05, ⟨B·n⟩=1.0e-03, Len=sum([4.1, 4.0, 3.8, 3.7])=15.7, ϰ=[4.0, 3.8, 4.0, 3.9], ∫ϰ²/L>=[5.0, 5.1, 5.1, 5.2], C-C-Sep=0.10, ║∇J║=2.4e-05
Iteration 1968/2000-----
currents: [100000.0, 99999.99999792367, 99999.99999818215, 99999.99999834357]
J=2.1e-05, ⟨Jf⟩=2.0e-05, ⟨B·n⟩=1.0e-03, Len=sum([4.1, 4.0, 3.8, 3.7])=15.7, ϰ=[4.0, 3.8, 4.0, 3.9], ∫ϰ²/L>=[5.0, 5.1, 5.1, 5.2], C-C-Sep=0.10, ║∇J║=1.3e-05
Iteration 1969/2000-----
currents: [100000.0, 99999.9999979225, 99999.99999818117, 99999.99999834264]
J=2.1e-05, ⟨Jf⟩=2.0e-05, ⟨B·n⟩=1.0e-03, Len=sum([4.1, 4.0, 3.8, 3.7])=15.7, ϰ=[4.0, 3.8, 4.0, 3.9], ∫ϰ²/L>=[5.0, 5.1, 5.1, 5.2], C-C-Sep=0.10, ║∇J║=1.3e-05
Iteration 1970/2000-----
currents: [100000.0, 99999.99999792065, 99999.99999817964, 99999.99999834118]
J=2.1e-05, ⟨Jf⟩=2.0e-05, ⟨B·n⟩=1.0e-03, Len=sum([4.1, 4.0, 3.8, 3.7])=15.7, ϰ=[4.0, 3.8, 4.0, 3.9], ∫ϰ²/L>=[5.0, 5.1, 5.1, 5.2], C-C-Sep=0.10, ║∇J║=1.5e-05
Iteration 1971/2000-----
currents: [100000.0, 99999.99999791558, 99999.99999817544, 99999.99999833718]
J=2.1e-05, ⟨Jf⟩=2.0e-05, ⟨B·n⟩=1.0e-03, Len=sum([4.1, 4.0, 3.8, 3.7])=15.7, ϰ=[4.0, 3.8, 4.0, 3.9], ∫ϰ²/L>=[5.0, 5.1, 5.1, 5.2], C-C-Sep=0.10, ║∇J║=3.2e-05
Iteration 1972/2000-----
currents: [100000.0, 99999.99999791304, 99999.9999981733, 99999.9999983352]
J=2.1e-05, ⟨Jf⟩=2.0e-05, ⟨B·n⟩=1.0e-03, Len=sum([4.1, 4.0, 3.8, 3.7])=15.7, ϰ=[4.0, 3.8, 4.0, 3.9], ∫ϰ²/L>=[5.0, 5.1, 5.1, 5.2], C-C-Sep=0.10, ║∇J║=1.3e-05
Iteration 1973/2000-----
currents: [100000.0, 99999.99999791279, 99999.99999817307, 99999.99999833503]
J=2.1e-05, ⟨Jf⟩=2.0e-05, ⟨B·n⟩=1.0e-03, Len=sum([4.1, 4.0, 3.8, 3.7])=15.7, ϰ=[4.0, 3.8, 4.0, 3.9], ∫ϰ²/L>=[5.0, 5.1, 5.1, 5.2], C-C-Sep=0.10, ║∇J║=9.9e-06
Iteration 1974/2000-----
currents: [100000.0, 99999.9999979119, 99999.99999817231, 99999.99999833437]
J=2.1e-05, ⟨Jf⟩=2.0e-05, ⟨B·n⟩=1.0e-03, Len=sum([4.1, 4.0, 3.8, 3.7])=15.7, ϰ=[4.0, 3.8, 4.0, 3.9], ∫ϰ²/L>=[5.0, 5.1, 5.1, 5.2], C-C-Sep=0.10, ║∇J║=1.5e-05
Iteration 1975/2000-----
currents: [100000.0, 99999.9999979098, 99999.99999817056, 99999.99999833276]
J=2.1e-05, ⟨Jf⟩=2.0e-05, ⟨B·n⟩=1.0e-03, Len=sum([4.1, 4.0, 3.8, 3.7])=15.7, ϰ=[4.0, 3.8, 4.0, 3.9], ∫ϰ²/L>=[5.0, 5.1, 5.1, 5.2], C-C-Sep=0.10, ║∇J║=2.4e-05
Iteration 1976/2000-----
currents: [100000.0, 99999.99999790854, 99999.99999816953, 99999.9999983318]
J=2.1e-05, ⟨Jf⟩=2.0e-05, ⟨B·n⟩=1.0e-03, Len=sum([4.1, 4.0, 3.8, 3.7])=15.7, ϰ=[4.0, 3.8, 4.0, 3.9], ∫ϰ²/L>=[5.0, 5.1, 5.1, 5.2], C-C-Sep=0.10, ║∇J║=1.5e-05
Iteration 1977/2000-----
currents: [100000.0, 99999.99999790624, 99999.99999816767, 99999.99999833001]
J=2.1e-05, ⟨Jf⟩=2.0e-05, ⟨B·n⟩=1.0e-03, Len=sum([4.1, 4.0, 3.8, 3.7])=15.7, ϰ=[4.0, 3.8, 4.0, 3.9], ∫ϰ²/L>=[5.0, 5.1, 5.1, 5.2], C-C-Sep=0.10, ║∇J║=8.8e-06
Iteration 1978/2000-----
currents: [100000.0, 99999.99999790479, 99999.99999816647, 99999.99999832886]
J=2.1e-05, ⟨Jf⟩=2.0e-05, ⟨B·n⟩=1.0e-03, Len=sum([4.1, 4.0, 3.8, 3.7])=15.7, ϰ=[4.0, 3.8, 4.0, 3.9], ∫ϰ²/L>=[5.0, 5.1, 5.1, 5.2], C-C-Sep=0.10, ║∇J║=1.1e-05
Iteration 1979/2000-----
currents: [100000.0, 99999.99999790221, 99999.99999816432, 99999.99999832678]
J=2.1e-05, ⟨Jf⟩=2.0e-05, ⟨B·n⟩=1.0e-03, Len=sum([4.1, 4.0, 3.8, 3.7])=15.7, ϰ=[4.0, 3.8, 4.0, 3.9], ∫ϰ²/L>=[5.0, 5.1, 5.1, 5.2], C-C-Sep=0.10, ║∇J║=1.5e-05
Iteration 1980/2000-----
currents: [100000.0, 99999.99999790099, 99999.99999816327, 99999.99999832577]
J=2.1e-05, ⟨Jf⟩=2.0e-05, ⟨B·n⟩=1.0e-03, Len=sum([4.1, 4.0, 3.8, 3.7])=15.7, ϰ=[4.0, 3.8, 4.0, 3.9], ∫ϰ²/L>=[5.0, 5.1, 5.1, 5.2], C-C-Sep=0.10, ║∇J║=1.3e-05
Iteration 1981/2000-----
currents: [100000.0, 99999.99999790048, 99999.9999981628, 99999.99999832534]
J=2.1e-05, ⟨Jf⟩=2.0e-05, ⟨B·n⟩=1.0e-03, Len=sum([4.1, 4.0, 3.8, 3.7])=15.7, ϰ=[4.0, 3.8, 4.0, 3.9], ∫ϰ²/L>=[5.0, 5.1, 5.1, 5.2], C-C-Sep=0.10, ║∇J║=1.0e-05
Iteration 1982/2000-----
currents: [100000.0, 99999.9999978998, 99999.99999816218, 99999.99999832477]
J=2.1e-05, ⟨Jf⟩=2.0e-05, ⟨B·n⟩=1.0e-03, Len=sum([4.1, 4.0, 3.8, 3.7])=15.7, ϰ=[4.0, 3.8, 4.0, 3.9], ∫ϰ²/L>=[5.0, 5.1, 5.1, 5.2], C-C-Sep=0.10, ║∇J║=1.3e-05
Iteration 1983/2000-----
currents: [100000.0, 99999.99999789866, 99999.9999981612, 99999.99999832387]
J=2.1e-05, ⟨Jf⟩=2.0e-05, ⟨B·n⟩=1.0e-03, Len=sum([4.1, 4.0, 3.8, 3.7])=15.7, ϰ=[4.0, 3.8, 4.0, 3.9], ∫ϰ²/L>=[5.0, 5.1, 5.1, 5.2], C-C-Sep=0.10, ║∇J║=1.7e-05
Iteration 1984/2000-----
currents: [100000.0, 99999.99999789671, 99999.99999815962, 99999.99999832235]
J=2.1e-05, ⟨Jf⟩=2.0e-05, ⟨B·n⟩=1.0e-03, Len=sum([4.1, 4.0, 3.8, 3.7])=15.7, ϰ=[4.0, 3.8, 4.0, 3.9], ∫ϰ²/L>=[5.0, 5.1, 5.1, 5.2], C-C-Sep=0.10, ║∇J║=1.6e-05
Iteration 1985/2000-----
currents: [100000.0, 99999.99999789301, 99999.99999815659, 99999.9999983195]
J=2.1e-05, ⟨Jf⟩=2.0e-05, ⟨B·n⟩=1.0e-03, Len=sum([4.1, 4.0, 3.8, 3.7])=15.7, ϰ=[4.0, 3.8, 4.0, 3.9], ∫ϰ²/L>=[5.0, 5.1, 5.1, 5.2], C-C-Sep=0.10, ║∇J║=1.9e-05
Iteration 1986/2000-----
currents: [100000.0, 99999.99999788983, 99999.99999815402, 99999.99999831706]
J=2.1e-05, ⟨Jf⟩=2.0e-05, ⟨B·n⟩=1.0e-03, Len=sum([4.1, 4.0, 3.8, 3.7])=15.7, ϰ=[4.0, 3.8, 4.0, 3.9], ∫ϰ²/L>=[5.0, 5.1, 5.1, 5.2], C-C-Sep=0.10, ║∇J║=1.9e-05
Iteration 1987/2000-----
currents: [100000.0, 99999.99999788777, 99999.9999981523, 99999.99999831547]
J=2.1e-05, ⟨Jf⟩=2.0e-05, ⟨B·n⟩=1.0e-03, Len=sum([4.1, 4.0, 3.8, 3.7])=15.7, ϰ=[4.0, 3.8, 4.0, 3.9], ∫ϰ²/L>=[5.0, 5.1, 5.1, 5.2], C-C-Sep=0.10, ║∇J║=1.7e-05
Iteration 1988/2000-----
currents: [100000.0, 99999.99999788178, 99999.99999814722, 99999.99999831081]
J=2.1e-05, ⟨Jf⟩=2.0e-05, ⟨B·n⟩=1.0e-03, Len=sum([4.1, 4.0, 3.8, 3.7])=15.7, ϰ=[4.0, 3.8, 4.0, 3.9], ∫ϰ²/L>=[5.0, 5.1, 5.1, 5.2], C-C-Sep=0.10, ║∇J║=2.4e-05
Iteration 1989/2000-----
currents: [100000.0, 99999.99999787641, 99999.99999814261, 99999.99999830668]
J=2.1e-05, ⟨Jf⟩=2.0e-05, ⟨B·n⟩=1.0e-03, Len=sum([4.1, 4.0, 3.8, 3.7])=15.7, ϰ=[4.0, 3.8, 4.0, 3.9], ∫ϰ²/L>=[5.0, 5.1, 5.1, 5.2], C-C-Sep=0.10, ║∇J║=3.4e-05
Iteration 1990/2000-----
currents: [100000.0, 99999.99999787599, 99999.99999814224, 99999.99999830636]
J=2.1e-05, ⟨Jf⟩=2.0e-05, ⟨B·n⟩=1.0e-03, Len=sum([4.1, 4.0, 3.8, 3.7])=15.7, ϰ=[4.0, 3.8, 4.0, 3.9], ∫ϰ²/L>=[5.0, 5.1, 5.1, 5.2], C-C-Sep=0.10, ║∇J║=1.9e-05
Iteration 1991/2000-----
currents: [100000.0, 99999.99999787346, 99999.99999814009, 99999.99999830444]
J=2.1e-05, ⟨Jf⟩=2.0e-05, ⟨B·n⟩=1.0e-03, Len=sum([4.1, 4.0, 3.8, 3.7])=15.7, ϰ=[4.0, 3.8, 4.0, 3.9], ∫ϰ²/L>=[5.0, 5.1, 5.1, 5.2], C-C-Sep=0.10, ║∇J║=1.7e-05
Iteration 1992/2000-----
currents: [100000.0, 99999.99999786938, 99999.99999813667, 99999.99999830134]
J=2.1e-05, ⟨Jf⟩=2.0e-05, ⟨B·n⟩=1.0e-03, Len=sum([4.1, 4.0, 3.8, 3.7])=15.7, ϰ=[4.0, 3.8, 4.0, 3.9], ∫ϰ²/L>=[5.0, 5.1, 5.1, 5.2], C-C-Sep=0.10, ║∇J║=2.0e-05
Iteration 1993/2000-----
currents: [100000.0, 99999.99999786062, 99999.99999812938, 99999.99999829468]
J=2.1e-05, ⟨Jf⟩=2.0e-05, ⟨B·n⟩=1.0e-03, Len=sum([4.1, 4.0, 3.8, 3.7])=15.7, ϰ=[4.0, 3.8, 4.0, 3.9], ∫ϰ²/L>=[5.0, 5.1, 5.1, 5.2], C-C-Sep=0.10, ║∇J║=2.1e-05
Iteration 1994/2000-----
currents: [100000.0, 99999.99999784966, 99999.99999812031, 99999.99999828634]
J=2.1e-05, ⟨Jf⟩=2.0e-05, ⟨B·n⟩=1.0e-03, Len=sum([4.1, 4.0, 3.8, 3.7])=15.7, ϰ=[4.0, 3.8, 4.0, 3.9], ∫ϰ²/L>=[5.0, 5.1, 5.1, 5.2], C-C-Sep=0.10, ║∇J║=6.5e-05
Iteration 1995/2000-----
currents: [100000.0, 99999.99999785578, 99999.99999812536, 99999.99999829098]
J=2.1e-05, ⟨Jf⟩=2.0e-05, ⟨B·n⟩=1.0e-03, Len=sum([4.1, 4.0, 3.8, 3.7])=15.7, ϰ=[4.0, 3.8, 4.0, 3.9], ∫ϰ²/L>=[5.0, 5.1, 5.1, 5.2], C-C-Sep=0.10, ║∇J║=3.1e-05
Iteration 1996/2000-----
currents: [100000.0, 99999.99999784886, 99999.99999811967, 99999.99999828571]
J=2.1e-05, ⟨Jf⟩=2.0e-05, ⟨B·n⟩=1.0e-03, Len=sum([4.1, 4.0, 3.8, 3.7])=15.7, ϰ=[4.0, 3.8, 4.0, 3.9], ∫ϰ²/L>=[5.0, 5.1, 5.1, 5.2], C-C-Sep=0.10, ║∇J║=1.5e-05
Iteration 1997/2000-----
currents: [100000.0, 99999.9999978459, 99999.99999811726, 99999.99999828344]
J=2.1e-05, ⟨Jf⟩=2.0e-05, ⟨B·n⟩=1.0e-03, Len=sum([4.1, 4.0, 3.8, 3.7])=15.7, ϰ=[4.0, 3.8, 4.0, 3.9], ∫ϰ²/L>=[5.0, 5.1, 5.1, 5.2], C-C-Sep=0.10, ║∇J║=1.3e-05
Iteration 1998/2000-----
currents: [100000.0, 99999.99999784348, 99999.99999811532, 99999.99999828165]
J=2.1e-05, ⟨Jf⟩=2.0e-05, ⟨B·n⟩=1.0e-03, Len=sum([4.1, 4.0, 3.8, 3.7])=15.7, ϰ=[4.0, 3.8, 4.0, 3.9], ∫ϰ²/L>=[5.0, 5.1, 5.1, 5.2], C-C-Sep=0.10, ║∇J║=1.9e-05
Iteration 1999/2000-----
currents: [100000.0, 99999.99999784118, 99999.99999811349, 99999.99999827995]
J=2.1e-05, ⟨Jf⟩=2.0e-05, ⟨B·n⟩=1.0e-03, Len=sum([4.1, 4.0, 3.8, 3.7])=15.7, ϰ=[4.0, 3.8, 4.0, 3.9], ∫ϰ²/L>=[5.0, 5.1, 5.1, 5.2], C-C-Sep=0.10, ║∇J║=2.6e-05
Iteration 2000/2000-----
currents: [100000.0, 99999.99999784054, 99999.99999811295, 99999.99999827947]
J=2.1e-05, ⟨Jf⟩=2.0e-05, ⟨B·n⟩=1.0e-03, Len=sum([4.1, 4.0, 3.8, 3.7])=15.7, ϰ=[4.0, 3.8, 4.0, 3.9], ∫ϰ²/L>=[5.0, 5.1, 5.1, 5.2], C-C-Sep=0.10, ║∇J║=1.3e-05
Iteration 2001/2000-----
currents: [100000.0, 99999.99999783952, 99999.99999811208, 99999.99999827873]
J=2.1e-05, ⟨Jf⟩=2.0e-05, ⟨B·n⟩=1.0e-03, Len=sum([4.1, 4.0, 3.8, 3.7])=15.7, ϰ=[4.0, 3.8, 4.0, 3.9], ∫ϰ²/L>=[5.0, 5.1, 5.1, 5.2], C-C-Sep=0.10, ║∇J║=1.1e-05
Iteration 2002/2000-----
currents: [100000.0, 99999.9999978377, 99999.99999811058, 99999.99999827734]
J=2.1e-05, ⟨Jf⟩=2.0e-05, ⟨B·n⟩=1.0e-03, Len=sum([4.1, 4.0, 3.8, 3.7])=15.7, ϰ=[4.0, 3.8, 4.0, 3.9], ∫ϰ²/L>=[5.0, 5.1, 5.1, 5.2], C-C-Sep=0.10, ║∇J║=1.3e-05
Iteration 2003/2000-----
currents: [100000.0, 99999.99999783315, 99999.99999810681, 99999.99999827388]
J=2.1e-05, ⟨Jf⟩=2.0e-05, ⟨B·n⟩=1.0e-03, Len=sum([4.1, 4.0, 3.8, 3.7])=15.7, ϰ=[4.0, 3.8, 4.0, 3.9], ∫ϰ²/L>=[5.0, 5.1, 5.1, 5.2], C-C-Sep=0.10, ║∇J║=2.4e-05
Iteration 2004/2000-----
currents: [100000.0, 99999.99999783165, 99999.99999810554, 99999.99999827269]
J=2.1e-05, ⟨Jf⟩=2.0e-05, ⟨B·n⟩=1.0e-03, Len=sum([4.1, 4.0, 3.8, 3.7])=15.7, ϰ=[4.0, 3.8, 4.0, 3.9], ∫ϰ²/L>=[5.0, 5.1, 5.1, 5.2], C-C-Sep=0.10, ║∇J║=1.1e-05
Iteration 2005/2000-----
currents: [100000.0, 99999.99999783094, 99999.99999810495, 99999.99999827212]
J=2.1e-05, ⟨Jf⟩=2.0e-05, ⟨B·n⟩=1.0e-03, Len=sum([4.1, 4.0, 3.8, 3.7])=15.7, ϰ=[4.0, 3.8, 4.0, 3.9], ∫ϰ²/L>=[5.0, 5.1, 5.1, 5.2], C-C-Sep=0.10, ║∇J║=1.0e-05
Iteration 2006/2000-----
currents: [100000.0, 99999.99999782945, 99999.99999810371, 99999.99999827099]
J=2.1e-05, ⟨Jf⟩=2.0e-05, ⟨B·n⟩=1.0e-03, Len=sum([4.1, 4.0, 3.8, 3.7])=15.7, ϰ=[4.0, 3.8, 4.0, 3.9], ∫ϰ²/L>=[5.0, 5.1, 5.1, 5.2], C-C-Sep=0.10, ║∇J║=1.2e-05
Iteration 2007/2000-----
currents: [100000.0, 99999.99999782676, 99999.99999810146, 99999.99999826896]
J=2.1e-05, ⟨Jf⟩=2.0e-05, ⟨B·n⟩=1.0e-03, Len=sum([4.1, 4.0, 3.8, 3.7])=15.7, ϰ=[4.0, 3.8, 4.0, 3.9], ∫ϰ²/L>=[5.0, 5.1, 5.1, 5.2], C-C-Sep=0.10, ║∇J║=2.3e-05
Iteration 2008/2000-----
currents: [100000.0, 99999.99999782439, 99999.9999980995, 99999.99999826723]
J=2.1e-05, ⟨Jf⟩=2.0e-05, ⟨B·n⟩=1.0e-03, Len=sum([4.1, 4.0, 3.8, 3.7])=15.7, ϰ=[4.0, 3.8, 4.0, 3.9], ∫ϰ²/L>=[5.0, 5.1, 5.1, 5.2], C-C-Sep=0.10, ║∇J║=1.4e-05
Iteration 2009/2000-----
currents: [100000.0, 99999.99999782299, 99999.9999980984, 99999.99999826631]
J=2.1e-05, ⟨Jf⟩=2.0e-05, ⟨B·n⟩=1.0e-03, Len=sum([4.1, 4.0, 3.8, 3.7])=15.7, ϰ=[4.0, 3.8, 4.0, 3.9], ∫ϰ²/L>=[5.0, 5.1, 5.1, 5.2], C-C-Sep=0.10, ║∇J║=1.2e-05
Iteration 2010/2000-----
currents: [100000.0, 99999.99999781974, 99999.99999809577, 99999.99999826399]
J=2.1e-05, ⟨Jf⟩=2.0e-05, ⟨B·n⟩=1.0e-03, Len=sum([4.1, 4.0, 3.8, 3.7])=15.7, ϰ=[4.0, 3.8, 4.0, 3.9], ∫ϰ²/L>=[5.0, 5.1, 5.1, 5.2], C-C-Sep=0.10, ║∇J║=1.5e-05
Iteration 2011/2000-----
currents: [100000.0, 99999.99999781497, 99999.99999809188, 99999.99999826048]
J=2.1e-05, ⟨Jf⟩=2.0e-05, ⟨B·n⟩=1.0e-03, Len=sum([4.1, 4.0, 3.8, 3.7])=15.7, ϰ=[4.0, 3.8, 4.0, 3.9], ∫ϰ²/L>=[5.0, 5.1, 5.1, 5.2], C-C-Sep=0.10, ║∇J║=3.5e-05
Iteration 2012/2000-----
currents: [100000.0, 99999.99999781499, 99999.99999809192, 99999.99999826048]
J=2.1e-05, ⟨Jf⟩=2.0e-05, ⟨B·n⟩=1.0e-03, Len=sum([4.1, 4.0, 3.8, 3.7])=15.7, ϰ=[4.0, 3.8, 4.0, 3.9], ∫ϰ²/L>=[5.0, 5.1, 5.1, 5.2], C-C-Sep=0.10, ║∇J║=1.5e-05
Iteration 2013/2000-----
currents: [100000.0, 99999.99999781382, 99999.99999809099, 99999.99999825953]
J=2.1e-05, ⟨Jf⟩=2.0e-05, ⟨B·n⟩=1.0e-03, Len=sum([4.1, 4.0, 3.8, 3.7])=15.7, ϰ=[4.0, 3.8, 4.0, 3.9], ∫ϰ²/L>=[5.0, 5.1, 5.1, 5.2], C-C-Sep=0.10, ║∇J║=1.1e-05
Iteration 2014/2000-----
currents: [100000.0, 99999.99999781139, 99999.99999808904, 99999.99999825763]
J=2.1e-05, ⟨Jf⟩=2.0e-05, ⟨B·n⟩=1.0e-03, Len=sum([4.1, 4.0, 3.8, 3.7])=15.7, ϰ=[4.0, 3.8, 4.0, 3.9], ∫ϰ²/L>=[5.0, 5.1, 5.1, 5.2], C-C-Sep=0.10, ║∇J║=1.3e-05
Iteration 2015/2000-----
currents: [100000.0, 99999.99999780799, 99999.99999808632, 99999.999998255]
J=2.1e-05, ⟨Jf⟩=2.0e-05, ⟨B·n⟩=1.0e-03, Len=sum([4.1, 4.0, 3.8, 3.7])=15.7, ϰ=[4.0, 3.8, 4.0, 3.9], ∫ϰ²/L>=[5.0, 5.1, 5.1, 5.2], C-C-Sep=0.10, ║∇J║=1.6e-05
Iteration 2016/2000-----
currents: [100000.0, 99999.99999780065, 99999.99999808047, 99999.99999824943]
J=2.1e-05, ⟨Jf⟩=2.0e-05, ⟨B·n⟩=1.0e-03, Len=sum([4.1, 4.0, 3.8, 3.7])=15.7, ϰ=[4.0, 3.8, 4.0, 3.9], ∫ϰ²/L>=[5.0, 5.1, 5.1, 5.2], C-C-Sep=0.10, ║∇J║=4.6e-05
Iteration 2017/2000-----
currents: [100000.0, 99999.99999780102, 99999.99999808078, 99999.99999824972]
J=2.1e-05, ⟨Jf⟩=2.0e-05, ⟨B·n⟩=1.0e-03, Len=sum([4.1, 4.0, 3.8, 3.7])=15.7, ϰ=[4.0, 3.8, 4.0, 3.9], ∫ϰ²/L>=[5.0, 5.1, 5.1, 5.2], C-C-Sep=0.10, ║∇J║=1.5e-05
Iteration 2018/2000-----
currents: [100000.0, 99999.99999779991, 99999.99999807986, 99999.99999824891]
J=2.1e-05, ⟨Jf⟩=2.0e-05, ⟨B·n⟩=1.0e-03, Len=sum([4.1, 4.0, 3.8, 3.7])=15.7, ϰ=[4.0, 3.8, 4.0, 3.9], ∫ϰ²/L>=[5.0, 5.1, 5.1, 5.2], C-C-Sep=0.10, ║∇J║=1.5e-05
Iteration 2019/2000-----
currents: [100000.0, 99999.99999779751, 99999.9999980779, 99999.99999824718]
J=2.1e-05, ⟨Jf⟩=2.0e-05, ⟨B·n⟩=1.0e-03, Len=sum([4.1, 4.0, 3.8, 3.7])=15.7, ϰ=[4.0, 3.8, 4.0, 3.9], ∫ϰ²/L>=[5.0, 5.1, 5.1, 5.2], C-C-Sep=0.10, ║∇J║=2.1e-05
Iteration 2020/2000-----
currents: [100000.0, 99999.9999977911, 99999.99999807263, 99999.9999982424]
J=2.1e-05, ⟨Jf⟩=2.0e-05, ⟨B·n⟩=1.0e-03, Len=sum([4.1, 4.0, 3.8, 3.7])=15.7, ϰ=[4.0, 3.8, 4.0, 3.9], ∫ϰ²/L>=[5.0, 5.1, 5.1, 5.2], C-C-Sep=0.10, ║∇J║=2.5e-05
Iteration 2021/2000-----
currents: [100000.0, 99999.99999777706, 99999.99999806103, 99999.99999823191]
J=2.1e-05, ⟨Jf⟩=2.0e-05, ⟨B·n⟩=1.0e-03, Len=sum([4.1, 4.0, 3.8, 3.7])=15.7, ϰ=[4.0, 3.7, 4.0, 3.9], ∫ϰ²/L>=[5.0, 5.1, 5.1, 5.2], C-C-Sep=0.10, ║∇J║=6.1e-05
Iteration 2022/2000-----
currents: [100000.0, 99999.99999778371, 99999.99999806653, 99999.99999823689]
J=2.1e-05, ⟨Jf⟩=2.0e-05, ⟨B·n⟩=1.0e-03, Len=sum([4.1, 4.0, 3.8, 3.7])=15.7, ϰ=[4.0, 3.8, 4.0, 3.9], ∫ϰ²/L>=[5.0, 5.1, 5.1, 5.2], C-C-Sep=0.10, ║∇J║=3.3e-05
Iteration 2023/2000-----
currents: [100000.0, 99999.99999777673, 99999.99999806078, 99999.99999823165]
J=2.1e-05, ⟨Jf⟩=2.0e-05, ⟨B·n⟩=1.0e-03, Len=sum([4.1, 4.0, 3.8, 3.7])=15.7, ϰ=[4.0, 3.8, 4.0, 3.9], ∫ϰ²/L>=[5.0, 5.1, 5.1, 5.2], C-C-Sep=0.10, ║∇J║=1.7e-05
Iteration 2024/2000-----
currents: [100000.0, 99999.99999777199, 99999.99999805687, 99999.99999822809]
J=2.1e-05, ⟨Jf⟩=2.0e-05, ⟨B·n⟩=1.0e-03, Len=sum([4.1, 4.0, 3.8, 3.7])=15.7, ϰ=[4.0, 3.8, 4.0, 3.9], ∫ϰ²/L>=[5.0, 5.1, 5.1, 5.2], C-C-Sep=0.10, ║∇J║=1.8e-05
Iteration 2025/2000-----
currents: [100000.0, 99999.99999777, 99999.99999805528, 99999.99999822675]
J=2.1e-05, ⟨Jf⟩=2.0e-05, ⟨B·n⟩=1.0e-03, Len=sum([4.1, 4.0, 3.8, 3.7])=15.7, ϰ=[4.0, 3.8, 4.0, 3.9], ∫ϰ²/L>=[5.0, 5.1, 5.1, 5.2], C-C-Sep=0.10, ║∇J║=2.7e-05
Iteration 2026/2000-----
currents: [100000.0, 99999.99999776778, 99999.99999805343, 99999.99999822516]
J=2.1e-05, ⟨Jf⟩=2.0e-05, ⟨B·n⟩=1.0e-03, Len=sum([4.1, 4.0, 3.8, 3.7])=15.7, ϰ=[4.0, 3.8, 4.0, 3.9], ∫ϰ²/L>=[5.0, 5.1, 5.1, 5.2], C-C-Sep=0.10, ║∇J║=2.1e-05
Iteration 2027/2000-----
currents: [100000.0, 99999.99999776193, 99999.99999804859, 99999.99999822078]
J=2.1e-05, ⟨Jf⟩=2.0e-05, ⟨B·n⟩=1.0e-03, Len=sum([4.1, 4.0, 3.8, 3.7])=15.7, ϰ=[4.0, 3.8, 4.0, 3.9], ∫ϰ²/L>=[5.0, 5.1, 5.1, 5.2], C-C-Sep=0.10, ║∇J║=1.7e-05
--------------------------------JF.x shape after opt: (591,)
Final arclength variation max(|ℓ|)/min(|ℓ|) - 1=[4.22e-04, 5.40e-04, 1.90e-05, 1.49e-05]

################################################################################
### Evaluate the obtained coils ################################################
################################################################################

Finished 100/1000 Out-of-Sample Evaluations
Finished 200/1000 Out-of-Sample Evaluations
Finished 300/1000 Out-of-Sample Evaluations
Finished 400/1000 Out-of-Sample Evaluations
Finished 500/1000 Out-of-Sample Evaluations
Finished 600/1000 Out-of-Sample Evaluations
Finished 700/1000 Out-of-Sample Evaluations
Finished 800/1000 Out-of-Sample Evaluations
Finished 900/1000 Out-of-Sample Evaluations
Finished 1000/1000 Out-of-Sample Evaluations
Flux Objective for exact coils     : 6.045e-06
Out-of-sample flux value                  : 2.115e-05
Objective Gradient (||∇J||)              : 1.684e-05
Mean Flux Objective across perturbed coils: 1.998e-05
Quality Number: 0.286
<B_N>/<|B|> = 3.38e-03

Total time taken: 801.62 seconds
