SLURM job ID: 6400757
Running initial guess perturbation scan
8
output_stage_two_optimization_stochastic_QA_4nsamp_pert_init_curves
Starting N_SAMPLE LOOP

################################################################################
### Perform a Taylor test ######################################################
################################################################################

Iteration 1/2000-----
currents: [100000.0, 100000.0, 100000.0, 100000.0]
J=3.2e-02, ⟨Jf⟩=3.2e-02, ⟨B·n⟩=8.0e-02, Len=sum([3.1, 3.1, 3.2, 3.1])=12.6, ϰ=[2.0, 2.1, 2.0, 2.0], ∫ϰ²/L>=[4.0, 4.0, 4.0, 4.0], C-C-Sep=0.18, ║∇J║=2.0e-01
Iteration 2/2000-----
currents: [100000.0, 100000.000417022, 100000.00072032449, 100000.00000011438]
J=3.5e-02, ⟨Jf⟩=3.2e-02, ⟨B·n⟩=8.0e-02, Len=sum([3.2, 3.2, 3.2, 3.2])=12.7, ϰ=[30.1, 36.3, 36.2, 28.8], ∫ϰ²/L>=[24.0, 26.5, 24.4, 25.4], C-C-Sep=0.18, ║∇J║=9.6e-01
Iteration 3/2000-----
currents: [100000.0, 99999.999582978, 99999.99927967551, 99999.99999988562]
J=3.6e-02, ⟨Jf⟩=3.2e-02, ⟨B·n⟩=8.0e-02, Len=sum([3.2, 3.2, 3.2, 3.2])=12.7, ϰ=[22.6, 27.5, 29.2, 26.2], ∫ϰ²/L>=[22.4, 23.2, 22.9, 23.8], C-C-Sep=0.18, ║∇J║=1.0e+00
err -0.16549376338160426
Iteration 4/2000-----
currents: [100000.0, 100000.0000417022, 100000.00007203245, 100000.00000001144]
J=3.2e-02, ⟨Jf⟩=3.2e-02, ⟨B·n⟩=8.0e-02, Len=sum([3.1, 3.1, 3.2, 3.1])=12.6, ϰ=[3.8, 3.9, 4.0, 3.8], ∫ϰ²/L>=[4.2, 4.2, 4.1, 4.2], C-C-Sep=0.18, ║∇J║=2.2e-01
Iteration 5/2000-----
currents: [100000.0, 99999.9999582978, 99999.99992796755, 99999.99999998856]
J=3.2e-02, ⟨Jf⟩=3.2e-02, ⟨B·n⟩=8.0e-02, Len=sum([3.1, 3.1, 3.2, 3.1])=12.6, ϰ=[3.5, 3.7, 3.7, 3.7], ∫ϰ²/L>=[4.2, 4.2, 4.1, 4.2], C-C-Sep=0.18, ║∇J║=2.2e-01
err -0.0030851027529837025
Iteration 6/2000-----
currents: [100000.0, 100000.00000417022, 100000.00000720324, 100000.00000000115]
J=3.2e-02, ⟨Jf⟩=3.2e-02, ⟨B·n⟩=8.0e-02, Len=sum([3.1, 3.1, 3.2, 3.1])=12.6, ϰ=[2.2, 2.2, 2.2, 2.2], ∫ϰ²/L>=[4.0, 4.0, 4.0, 4.0], C-C-Sep=0.18, ║∇J║=2.0e-01
Iteration 7/2000-----
currents: [100000.0, 99999.99999582978, 99999.99999279676, 99999.99999999885]
J=3.2e-02, ⟨Jf⟩=3.2e-02, ⟨B·n⟩=8.0e-02, Len=sum([3.1, 3.1, 3.2, 3.1])=12.6, ϰ=[2.1, 2.2, 2.2, 2.2], ∫ϰ²/L>=[4.0, 4.0, 4.0, 4.0], C-C-Sep=0.18, ║∇J║=2.0e-01
err -3.090942050634066e-05
Iteration 8/2000-----
currents: [100000.0, 100000.00000041703, 100000.00000072032, 100000.00000000012]
J=3.2e-02, ⟨Jf⟩=3.2e-02, ⟨B·n⟩=8.0e-02, Len=sum([3.1, 3.1, 3.2, 3.1])=12.6, ϰ=[2.0, 2.1, 2.1, 2.0], ∫ϰ²/L>=[4.0, 4.0, 4.0, 4.0], C-C-Sep=0.18, ║∇J║=2.0e-01
Iteration 9/2000-----
currents: [100000.0, 99999.99999958297, 99999.99999927968, 99999.99999999988]
J=3.2e-02, ⟨Jf⟩=3.2e-02, ⟨B·n⟩=8.0e-02, Len=sum([3.1, 3.1, 3.2, 3.1])=12.6, ϰ=[2.0, 2.1, 2.1, 2.0], ∫ϰ²/L>=[4.0, 4.0, 4.0, 4.0], C-C-Sep=0.18, ║∇J║=2.0e-01
err -3.090878219133564e-07
Iteration 10/2000-----
currents: [100000.0, 100000.0000000417, 100000.00000007203, 100000.00000000001]
J=3.2e-02, ⟨Jf⟩=3.2e-02, ⟨B·n⟩=8.0e-02, Len=sum([3.1, 3.1, 3.2, 3.1])=12.6, ϰ=[2.0, 2.1, 2.0, 2.0], ∫ϰ²/L>=[4.0, 4.0, 4.0, 4.0], C-C-Sep=0.18, ║∇J║=2.0e-01
Iteration 11/2000-----
currents: [100000.0, 99999.9999999583, 99999.99999992797, 99999.99999999999]
J=3.2e-02, ⟨Jf⟩=3.2e-02, ⟨B·n⟩=8.0e-02, Len=sum([3.1, 3.1, 3.2, 3.1])=12.6, ϰ=[2.0, 2.1, 2.0, 2.0], ∫ϰ²/L>=[4.0, 4.0, 4.0, 4.0], C-C-Sep=0.18, ║∇J║=2.0e-01
err -3.037497940672207e-09

################################################################################
### Run the optimisation #######################################################
################################################################################

Iteration 1/2000-----
currents: [100000.0, 100000.0, 100000.0, 100000.0]
J=3.2e-02, ⟨Jf⟩=3.2e-02, ⟨B·n⟩=8.0e-02, Len=sum([3.1, 3.1, 3.2, 3.1])=12.6, ϰ=[2.0, 2.1, 2.0, 2.0], ∫ϰ²/L>=[4.0, 4.0, 4.0, 4.0], C-C-Sep=0.18, ║∇J║=2.0e-01
Iteration 2/2000-----
currents: [100000.0, 99999.9999991503, 99999.99999931233, 99999.99999940618]
J=2.1e+01, ⟨Jf⟩=2.2e-02, ⟨B·n⟩=6.1e-02, Len=sum([4.5, 4.8, 5.5, 5.7])=20.4, ϰ=[10.4, 4.2, 3.5, 2.9], ∫ϰ²/L>=[7.8, 5.3, 4.0, 3.7], C-C-Sep=0.00, ║∇J║=8.0e+00
Iteration 3/2000-----
currents: [100000.0, 99999.99999999856, 99999.99999999884, 99999.999999999]
J=3.2e-02, ⟨Jf⟩=3.2e-02, ⟨B·n⟩=7.9e-02, Len=sum([3.1, 3.1, 3.2, 3.1])=12.6, ϰ=[2.1, 2.1, 2.1, 2.1], ∫ϰ²/L>=[4.0, 4.0, 4.0, 4.0], C-C-Sep=0.18, ║∇J║=2.0e-01
Iteration 4/2000-----
currents: [100000.0, 99999.99999990598, 99999.99999992391, 99999.9999999343]
J=2.0e-02, ⟨Jf⟩=1.7e-02, ⟨B·n⟩=5.7e-02, Len=sum([3.2, 3.2, 3.2, 3.2])=12.9, ϰ=[6.6, 5.5, 5.4, 5.0], ∫ϰ²/L>=[5.6, 5.3, 5.7, 5.7], C-C-Sep=0.15, ║∇J║=2.3e-01
Iteration 5/2000-----
currents: [100000.0, 99999.99999981117, 99999.9999998515, 99999.99999987397]
J=7.0e-01, ⟨Jf⟩=8.9e-03, ⟨B·n⟩=4.1e-02, Len=sum([3.2, 3.3, 3.4, 3.4])=13.4, ϰ=[128.3, 244.2, 1569.8, 829.7], ∫ϰ²/L>=[64.5, 100.5, 1072.7, 410.0], C-C-Sep=0.13, ║∇J║=2.8e+03
Iteration 6/2000-----
currents: [100000.0, 99999.99999990594, 99999.99999992388, 99999.99999993427]
J=2.0e-02, ⟨Jf⟩=1.7e-02, ⟨B·n⟩=5.7e-02, Len=sum([3.2, 3.2, 3.2, 3.2])=12.9, ϰ=[6.6, 5.5, 5.4, 5.0], ∫ϰ²/L>=[5.6, 5.3, 5.7, 5.7], C-C-Sep=0.15, ║∇J║=2.3e-01
Iteration 7/2000-----
currents: [100000.0, 99999.99999988405, 99999.99999990716, 99999.99999992034]
J=1.8e-02, ⟨Jf⟩=1.5e-02, ⟨B·n⟩=5.4e-02, Len=sum([3.2, 3.2, 3.3, 3.3])=12.9, ϰ=[5.7, 5.4, 6.1, 5.7], ∫ϰ²/L>=[5.9, 5.6, 6.1, 6.0], C-C-Sep=0.15, ║∇J║=3.6e-01
Iteration 8/2000-----
currents: [100000.0, 99999.99999985595, 99999.99999988545, 99999.99999990212]
J=1.7e-02, ⟨Jf⟩=1.2e-02, ⟨B·n⟩=4.9e-02, Len=sum([3.2, 3.2, 3.3, 3.3])=13.0, ϰ=[6.1, 5.8, 5.9, 5.3], ∫ϰ²/L>=[6.0, 5.7, 6.3, 6.3], C-C-Sep=0.14, ║∇J║=3.6e-01
Iteration 9/2000-----
currents: [100000.0, 99999.99999983916, 99999.99999987263, 99999.99999989144]
J=1.6e-02, ⟨Jf⟩=1.1e-02, ⟨B·n⟩=4.6e-02, Len=sum([3.2, 3.2, 3.3, 3.3])=13.1, ϰ=[5.4, 5.2, 5.3, 5.0], ∫ϰ²/L>=[6.1, 5.8, 6.3, 6.3], C-C-Sep=0.13, ║∇J║=2.6e-01
Iteration 10/2000-----
currents: [100000.0, 99999.99999982298, 99999.9999998608, 99999.99999988187]
J=1.5e-02, ⟨Jf⟩=9.9e-03, ⟨B·n⟩=4.4e-02, Len=sum([3.2, 3.2, 3.3, 3.3])=13.1, ϰ=[5.3, 5.1, 5.2, 4.9], ∫ϰ²/L>=[6.1, 5.8, 6.2, 6.3], C-C-Sep=0.13, ║∇J║=2.4e-01
Iteration 11/2000-----
currents: [100000.0, 99999.99999979534, 99999.99999984111, 99999.99999986624]
J=1.3e-02, ⟨Jf⟩=8.3e-03, ⟨B·n⟩=4.0e-02, Len=sum([3.2, 3.3, 3.3, 3.3])=13.2, ϰ=[6.4, 5.9, 6.1, 5.6], ∫ϰ²/L>=[6.3, 6.0, 6.4, 6.4], C-C-Sep=0.12, ║∇J║=4.3e-01
Iteration 12/2000-----
currents: [100000.0, 99999.9999997768, 99999.99999982814, 99999.99999985611]
J=1.2e-02, ⟨Jf⟩=7.4e-03, ⟨B·n⟩=3.8e-02, Len=sum([3.2, 3.3, 3.3, 3.4])=13.2, ϰ=[6.4, 6.5, 7.2, 6.3], ∫ϰ²/L>=[6.6, 6.2, 6.7, 6.7], C-C-Sep=0.12, ║∇J║=2.8e-01
Iteration 13/2000-----
currents: [100000.0, 99999.99999977104, 99999.99999982442, 99999.9999998534]
J=1.2e-02, ⟨Jf⟩=7.1e-03, ⟨B·n⟩=3.7e-02, Len=sum([3.2, 3.3, 3.3, 3.4])=13.2, ϰ=[6.2, 6.4, 7.1, 6.0], ∫ϰ²/L>=[6.6, 6.2, 6.7, 6.6], C-C-Sep=0.12, ║∇J║=2.3e-01
Iteration 14/2000-----
currents: [100000.0, 99999.99999975218, 99999.99999981183, 99999.99999984402]
J=1.0e-02, ⟨Jf⟩=6.4e-03, ⟨B·n⟩=3.5e-02, Len=sum([3.2, 3.3, 3.4, 3.4])=13.2, ϰ=[5.8, 5.8, 6.0, 5.4], ∫ϰ²/L>=[6.9, 6.3, 6.7, 6.7], C-C-Sep=0.12, ║∇J║=2.6e-01
Iteration 15/2000-----
currents: [100000.0, 99999.9999997224, 99999.99999979144, 99999.99999982853]
J=9.7e-03, ⟨Jf⟩=5.2e-03, ⟨B·n⟩=3.2e-02, Len=sum([3.2, 3.3, 3.4, 3.4])=13.3, ϰ=[6.3, 6.1, 6.6, 5.9], ∫ϰ²/L>=[8.0, 6.5, 6.8, 6.8], C-C-Sep=0.11, ║∇J║=5.1e-01
Iteration 16/2000-----
currents: [100000.0, 99999.99999971656, 99999.99999978732, 99999.99999982535]
J=8.9e-03, ⟨Jf⟩=5.0e-03, ⟨B·n⟩=3.1e-02, Len=sum([3.2, 3.3, 3.4, 3.4])=13.3, ϰ=[6.5, 5.8, 6.9, 6.1], ∫ϰ²/L>=[8.2, 6.5, 6.8, 6.8], C-C-Sep=0.11, ║∇J║=2.3e-01
Iteration 17/2000-----
currents: [100000.0, 99999.99999970477, 99999.99999977917, 99999.99999981918]
J=8.2e-03, ⟨Jf⟩=4.6e-03, ⟨B·n⟩=3.0e-02, Len=sum([3.2, 3.3, 3.4, 3.4])=13.3, ϰ=[7.0, 6.3, 7.3, 6.4], ∫ϰ²/L>=[9.1, 6.7, 6.9, 6.8], C-C-Sep=0.11, ║∇J║=1.8e-01
Iteration 18/2000-----
currents: [100000.0, 99999.99999969211, 99999.9999997706, 99999.99999981285]
J=7.7e-03, ⟨Jf⟩=4.2e-03, ⟨B·n⟩=2.8e-02, Len=sum([3.3, 3.3, 3.4, 3.4])=13.4, ϰ=[7.3, 6.6, 7.3, 6.5], ∫ϰ²/L>=[10.3, 7.0, 7.1, 6.9], C-C-Sep=0.11, ║∇J║=2.2e-01
Iteration 19/2000-----
currents: [100000.0, 99999.99999966795, 99999.99999975463, 99999.99999980142]
J=6.7e-03, ⟨Jf⟩=3.6e-03, ⟨B·n⟩=2.6e-02, Len=sum([3.3, 3.3, 3.4, 3.4])=13.4, ϰ=[7.2, 6.4, 6.7, 6.1], ∫ϰ²/L>=[11.5, 7.8, 7.2, 6.9], C-C-Sep=0.10, ║∇J║=2.4e-01
Iteration 20/2000-----
currents: [100000.0, 99999.99999962233, 99999.99999972491, 99999.99999978072]
J=8.2e-03, ⟨Jf⟩=2.7e-03, ⟨B·n⟩=2.2e-02, Len=sum([3.3, 3.3, 3.5, 3.5])=13.6, ϰ=[8.4, 11.0, 7.9, 6.8], ∫ϰ²/L>=[14.5, 12.1, 8.6, 8.0], C-C-Sep=0.09, ║∇J║=9.9e-01
Iteration 21/2000-----
currents: [100000.0, 99999.99999965359, 99999.99999974527, 99999.9999997949]
J=6.3e-03, ⟨Jf⟩=3.2e-03, ⟨B·n⟩=2.4e-02, Len=sum([3.3, 3.3, 3.4, 3.4])=13.5, ϰ=[7.4, 6.8, 6.9, 6.2], ∫ϰ²/L>=[11.8, 8.6, 7.3, 7.1], C-C-Sep=0.10, ║∇J║=3.1e-01
Iteration 22/2000-----
currents: [100000.0, 99999.99999963712, 99999.99999973479, 99999.9999997878]
J=5.6e-03, ⟨Jf⟩=2.9e-03, ⟨B·n⟩=2.3e-02, Len=sum([3.3, 3.3, 3.4, 3.5])=13.5, ϰ=[7.8, 8.0, 6.7, 5.9], ∫ϰ²/L>=[12.0, 10.0, 7.7, 7.2], C-C-Sep=0.10, ║∇J║=1.7e-01
Iteration 23/2000-----
currents: [100000.0, 99999.9999996267, 99999.99999972842, 99999.9999997838]
J=5.2e-03, ⟨Jf⟩=2.7e-03, ⟨B·n⟩=2.2e-02, Len=sum([3.3, 3.3, 3.4, 3.5])=13.5, ϰ=[7.5, 8.2, 6.6, 6.0], ∫ϰ²/L>=[11.4, 10.2, 8.1, 7.3], C-C-Sep=0.10, ║∇J║=1.5e-01
Iteration 24/2000-----
currents: [100000.0, 99999.99999961157, 99999.99999971913, 99999.99999977811]
J=4.6e-03, ⟨Jf⟩=2.5e-03, ⟨B·n⟩=2.1e-02, Len=sum([3.3, 3.3, 3.5, 3.5])=13.6, ϰ=[7.6, 7.9, 6.7, 6.1], ∫ϰ²/L>=[10.9, 9.7, 8.9, 7.6], C-C-Sep=0.10, ║∇J║=2.0e-01
Iteration 25/2000-----
currents: [100000.0, 99999.99999958939, 99999.99999970512, 99999.99999976922]
J=4.3e-03, ⟨Jf⟩=2.2e-03, ⟨B·n⟩=2.0e-02, Len=sum([3.3, 3.4, 3.5, 3.5])=13.6, ϰ=[7.2, 7.5, 7.7, 6.7], ∫ϰ²/L>=[11.7, 10.0, 10.3, 8.4], C-C-Sep=0.10, ║∇J║=3.0e-01
Iteration 26/2000-----
currents: [100000.0, 99999.99999958696, 99999.99999970343, 99999.99999976816]
J=3.9e-03, ⟨Jf⟩=2.2e-03, ⟨B·n⟩=1.9e-02, Len=sum([3.3, 3.4, 3.5, 3.5])=13.6, ϰ=[6.9, 7.4, 7.6, 6.4], ∫ϰ²/L>=[11.2, 9.7, 10.0, 8.3], C-C-Sep=0.10, ║∇J║=1.4e-01
Iteration 27/2000-----
currents: [100000.0, 99999.99999958277, 99999.99999970055, 99999.99999976638]
J=3.6e-03, ⟨Jf⟩=2.1e-03, ⟨B·n⟩=1.9e-02, Len=sum([3.3, 3.4, 3.5, 3.5])=13.7, ϰ=[6.8, 7.0, 7.3, 5.9], ∫ϰ²/L>=[10.7, 9.4, 9.6, 8.2], C-C-Sep=0.10, ║∇J║=1.2e-01
Iteration 28/2000-----
currents: [100000.0, 99999.99999957484, 99999.99999969543, 99999.99999976337]
J=3.3e-03, ⟨Jf⟩=2.0e-03, ⟨B·n⟩=1.9e-02, Len=sum([3.3, 3.4, 3.5, 3.5])=13.7, ϰ=[6.8, 6.9, 7.0, 5.7], ∫ϰ²/L>=[10.6, 9.3, 9.3, 8.2], C-C-Sep=0.10, ║∇J║=1.4e-01
Iteration 29/2000-----
currents: [100000.0, 99999.99999955678, 99999.99999968414, 99999.99999975729]
J=3.2e-03, ⟨Jf⟩=1.9e-03, ⟨B·n⟩=1.7e-02, Len=sum([3.3, 3.4, 3.5, 3.5])=13.7, ϰ=[8.2, 7.3, 6.7, 5.2], ∫ϰ²/L>=[11.0, 10.0, 9.5, 8.6], C-C-Sep=0.10, ║∇J║=3.9e-01
Iteration 30/2000-----
currents: [100000.0, 99999.99999955279, 99999.99999968172, 99999.99999975595]
J=2.8e-03, ⟨Jf⟩=1.9e-03, ⟨B·n⟩=1.7e-02, Len=sum([3.3, 3.4, 3.5, 3.5])=13.7, ϰ=[7.6, 6.9, 6.6, 5.4], ∫ϰ²/L>=[11.1, 9.9, 9.5, 8.7], C-C-Sep=0.10, ║∇J║=1.2e-01
Iteration 31/2000-----
currents: [100000.0, 99999.99999954956, 99999.99999967981, 99999.99999975497]
J=2.6e-03, ⟨Jf⟩=1.8e-03, ⟨B·n⟩=1.7e-02, Len=sum([3.3, 3.4, 3.5, 3.5])=13.8, ϰ=[7.6, 6.6, 6.6, 5.5], ∫ϰ²/L>=[10.9, 9.6, 9.4, 8.6], C-C-Sep=0.10, ║∇J║=8.5e-02
Iteration 32/2000-----
currents: [100000.0, 99999.99999954173, 99999.99999967506, 99999.99999975256]
J=2.5e-03, ⟨Jf⟩=1.8e-03, ⟨B·n⟩=1.7e-02, Len=sum([3.3, 3.4, 3.5, 3.6])=13.8, ϰ=[7.8, 6.3, 6.5, 5.5], ∫ϰ²/L>=[10.7, 9.2, 9.2, 8.6], C-C-Sep=0.10, ║∇J║=1.0e-01
Iteration 33/2000-----
currents: [100000.0, 99999.99999953133, 99999.9999996685, 99999.99999974923]
J=2.3e-03, ⟨Jf⟩=1.7e-03, ⟨B·n⟩=1.6e-02, Len=sum([3.4, 3.4, 3.5, 3.6])=13.8, ϰ=[7.9, 6.6, 6.3, 5.3], ∫ϰ²/L>=[10.5, 8.8, 8.9, 8.4], C-C-Sep=0.10, ║∇J║=1.2e-01
Iteration 34/2000-----
currents: [100000.0, 99999.99999951212, 99999.99999965634, 99999.99999974348]
J=2.2e-03, ⟨Jf⟩=1.7e-03, ⟨B·n⟩=1.6e-02, Len=sum([3.4, 3.4, 3.5, 3.6])=13.9, ϰ=[8.7, 7.0, 6.3, 5.2], ∫ϰ²/L>=[11.5, 9.4, 9.4, 8.5], C-C-Sep=0.10, ║∇J║=2.6e-01
Iteration 35/2000-----
currents: [100000.0, 99999.99999952131, 99999.99999966216, 99999.99999974623]
J=2.1e-03, ⟨Jf⟩=1.7e-03, ⟨B·n⟩=1.6e-02, Len=sum([3.4, 3.4, 3.5, 3.6])=13.9, ϰ=[8.3, 6.8, 6.2, 5.2], ∫ϰ²/L>=[10.8, 8.9, 8.9, 8.3], C-C-Sep=0.10, ║∇J║=1.3e-01
Iteration 36/2000-----
currents: [100000.0, 99999.99999951723, 99999.99999965949, 99999.99999974525]
J=2.0e-03, ⟨Jf⟩=1.7e-03, ⟨B·n⟩=1.6e-02, Len=sum([3.4, 3.4, 3.5, 3.6])=13.9, ϰ=[7.9, 6.7, 6.1, 5.1], ∫ϰ²/L>=[10.8, 8.9, 8.9, 8.2], C-C-Sep=0.10, ║∇J║=6.7e-02
Iteration 37/2000-----
currents: [100000.0, 99999.99999951568, 99999.99999965835, 99999.99999974499]
J=1.9e-03, ⟨Jf⟩=1.7e-03, ⟨B·n⟩=1.6e-02, Len=sum([3.4, 3.4, 3.5, 3.6])=13.9, ϰ=[7.5, 6.3, 6.0, 5.0], ∫ϰ²/L>=[10.6, 8.6, 8.6, 7.9], C-C-Sep=0.10, ║∇J║=7.1e-02
Iteration 38/2000-----
currents: [100000.0, 99999.99999951237, 99999.9999996561, 99999.99999974447]
J=1.8e-03, ⟨Jf⟩=1.6e-03, ⟨B·n⟩=1.5e-02, Len=sum([3.4, 3.4, 3.5, 3.6])=13.9, ϰ=[6.9, 5.6, 5.7, 4.5], ∫ϰ²/L>=[10.5, 8.3, 8.2, 7.7], C-C-Sep=0.10, ║∇J║=9.5e-02
Iteration 39/2000-----
currents: [100000.0, 99999.99999950666, 99999.9999996523, 99999.99999974317]
J=1.7e-03, ⟨Jf⟩=1.6e-03, ⟨B·n⟩=1.5e-02, Len=sum([3.4, 3.4, 3.5, 3.6])=13.9, ϰ=[7.1, 5.9, 5.7, 4.6], ∫ϰ²/L>=[10.6, 8.1, 8.0, 7.6], C-C-Sep=0.10, ║∇J║=1.0e-01
Iteration 40/2000-----
currents: [100000.0, 99999.99999950454, 99999.99999965091, 99999.99999974245]
J=1.7e-03, ⟨Jf⟩=1.6e-03, ⟨B·n⟩=1.5e-02, Len=sum([3.4, 3.4, 3.5, 3.6])=13.9, ϰ=[6.9, 6.0, 5.7, 4.6], ∫ϰ²/L>=[10.5, 8.0, 7.9, 7.5], C-C-Sep=0.10, ║∇J║=5.0e-02
Iteration 41/2000-----
currents: [100000.0, 99999.99999950216, 99999.99999964942, 99999.99999974178]
J=1.7e-03, ⟨Jf⟩=1.6e-03, ⟨B·n⟩=1.5e-02, Len=sum([3.4, 3.4, 3.5, 3.6])=13.9, ϰ=[7.0, 6.0, 5.8, 4.6], ∫ϰ²/L>=[10.5, 7.8, 7.7, 7.4], C-C-Sep=0.10, ║∇J║=4.5e-02
Iteration 42/2000-----
currents: [100000.0, 99999.99999949944, 99999.9999996476, 99999.9999997411]
J=1.6e-03, ⟨Jf⟩=1.6e-03, ⟨B·n⟩=1.5e-02, Len=sum([3.4, 3.4, 3.5, 3.6])=13.9, ϰ=[7.4, 6.0, 5.7, 4.5], ∫ϰ²/L>=[10.4, 7.6, 7.5, 7.3], C-C-Sep=0.10, ║∇J║=4.7e-02
Iteration 43/2000-----
currents: [100000.0, 99999.99999949402, 99999.9999996438, 99999.99999973967]
J=1.6e-03, ⟨Jf⟩=1.5e-03, ⟨B·n⟩=1.5e-02, Len=sum([3.4, 3.4, 3.5, 3.6])=13.9, ϰ=[7.3, 5.9, 5.7, 4.5], ∫ϰ²/L>=[10.3, 7.4, 7.2, 7.2], C-C-Sep=0.10, ║∇J║=9.0e-02
Iteration 44/2000-----
currents: [100000.0, 99999.99999949549, 99999.99999964476, 99999.99999974022]
J=1.6e-03, ⟨Jf⟩=1.6e-03, ⟨B·n⟩=1.5e-02, Len=sum([3.4, 3.4, 3.5, 3.6])=13.9, ϰ=[7.4, 5.9, 5.6, 4.5], ∫ϰ²/L>=[10.3, 7.3, 7.2, 7.1], C-C-Sep=0.10, ║∇J║=2.2e-02
Iteration 45/2000-----
currents: [100000.0, 99999.99999949567, 99999.99999964482, 99999.99999974028]
J=1.6e-03, ⟨Jf⟩=1.5e-03, ⟨B·n⟩=1.5e-02, Len=sum([3.4, 3.4, 3.5, 3.6])=13.9, ϰ=[7.3, 5.9, 5.6, 4.5], ∫ϰ²/L>=[10.2, 7.3, 7.2, 7.1], C-C-Sep=0.10, ║∇J║=2.0e-02
Iteration 46/2000-----
currents: [100000.0, 99999.99999949505, 99999.99999964415, 99999.99999974016]
J=1.6e-03, ⟨Jf⟩=1.5e-03, ⟨B·n⟩=1.5e-02, Len=sum([3.4, 3.4, 3.5, 3.6])=13.9, ϰ=[7.0, 5.9, 5.6, 4.5], ∫ϰ²/L>=[10.0, 7.1, 7.0, 7.0], C-C-Sep=0.10, ║∇J║=2.8e-02
Iteration 47/2000-----
currents: [100000.0, 99999.9999994921, 99999.9999996416, 99999.99999973954]
J=1.6e-03, ⟨Jf⟩=1.5e-03, ⟨B·n⟩=1.5e-02, Len=sum([3.4, 3.4, 3.5, 3.6])=13.9, ϰ=[6.8, 5.7, 5.7, 4.4], ∫ϰ²/L>=[9.8, 7.0, 6.8, 6.8], C-C-Sep=0.10, ║∇J║=6.5e-02
Iteration 48/2000-----
currents: [100000.0, 99999.99999948754, 99999.99999963793, 99999.99999973836]
J=1.5e-03, ⟨Jf⟩=1.5e-03, ⟨B·n⟩=1.5e-02, Len=sum([3.4, 3.4, 3.5, 3.6])=13.9, ϰ=[6.9, 5.8, 5.9, 4.5], ∫ϰ²/L>=[9.8, 7.1, 6.9, 6.9], C-C-Sep=0.10, ║∇J║=5.5e-02
Iteration 49/2000-----
currents: [100000.0, 99999.99999947271, 99999.99999962622, 99999.9999997345]
J=1.5e-03, ⟨Jf⟩=1.3e-03, ⟨B·n⟩=1.4e-02, Len=sum([3.4, 3.4, 3.5, 3.6])=14.0, ϰ=[7.5, 6.7, 7.2, 5.0], ∫ϰ²/L>=[11.3, 9.7, 9.7, 8.7], C-C-Sep=0.10, ║∇J║=6.4e-02
Iteration 50/2000-----
currents: [100000.0, 99999.99999946501, 99999.99999962012, 99999.99999973258]
J=1.4e-03, ⟨Jf⟩=1.3e-03, ⟨B·n⟩=1.4e-02, Len=sum([3.4, 3.4, 3.5, 3.6])=14.0, ϰ=[7.7, 6.7, 7.5, 5.4], ∫ϰ²/L>=[11.6, 9.9, 10.5, 9.6], C-C-Sep=0.10, ║∇J║=1.6e-01
Iteration 51/2000-----
currents: [100000.0, 99999.99999946663, 99999.99999962158, 99999.99999973286]
J=1.4e-03, ⟨Jf⟩=1.3e-03, ⟨B·n⟩=1.4e-02, Len=sum([3.4, 3.4, 3.5, 3.6])=14.0, ϰ=[7.5, 6.6, 6.7, 5.2], ∫ϰ²/L>=[10.9, 9.0, 9.4, 8.8], C-C-Sep=0.10, ║∇J║=5.6e-02
Iteration 52/2000-----
currents: [100000.0, 99999.99999946162, 99999.9999996178, 99999.99999973144]
J=1.4e-03, ⟨Jf⟩=1.3e-03, ⟨B·n⟩=1.4e-02, Len=sum([3.4, 3.4, 3.5, 3.6])=14.0, ϰ=[7.7, 6.9, 6.8, 5.2], ∫ϰ²/L>=[11.0, 9.1, 9.6, 9.1], C-C-Sep=0.10, ║∇J║=3.6e-02
Iteration 53/2000-----
currents: [100000.0, 99999.99999945408, 99999.99999961199, 99999.99999972935]
J=1.3e-03, ⟨Jf⟩=1.2e-03, ⟨B·n⟩=1.4e-02, Len=sum([3.4, 3.4, 3.5, 3.6])=14.0, ϰ=[7.8, 7.2, 6.9, 5.1], ∫ϰ²/L>=[10.9, 8.7, 9.2, 9.2], C-C-Sep=0.10, ║∇J║=4.8e-02
Iteration 54/2000-----
currents: [100000.0, 99999.99999944013, 99999.99999960102, 99999.99999972555]
J=1.3e-03, ⟨Jf⟩=1.2e-03, ⟨B·n⟩=1.3e-02, Len=sum([3.5, 3.4, 3.6, 3.6])=14.1, ϰ=[7.5, 7.4, 7.1, 5.2], ∫ϰ²/L>=[11.3, 8.9, 9.2, 9.4], C-C-Sep=0.10, ║∇J║=5.9e-02
Iteration 55/2000-----
currents: [100000.0, 99999.99999941434, 99999.99999958048, 99999.99999971843]
J=1.3e-03, ⟨Jf⟩=1.1e-03, ⟨B·n⟩=1.3e-02, Len=sum([3.5, 3.5, 3.6, 3.6])=14.2, ϰ=[7.9, 6.8, 7.5, 5.3], ∫ϰ²/L>=[12.0, 9.6, 9.2, 8.6], C-C-Sep=0.10, ║∇J║=2.5e-01
Iteration 56/2000-----
currents: [100000.0, 99999.999999431, 99999.99999959375, 99999.99999972303]
J=1.2e-03, ⟨Jf⟩=1.1e-03, ⟨B·n⟩=1.3e-02, Len=sum([3.5, 3.5, 3.6, 3.6])=14.1, ϰ=[7.0, 7.0, 7.1, 5.2], ∫ϰ²/L>=[11.2, 8.8, 8.9, 9.0], C-C-Sep=0.10, ║∇J║=9.6e-02
Iteration 57/2000-----
currents: [100000.0, 99999.99999941738, 99999.99999958272, 99999.9999997194]
J=1.2e-03, ⟨Jf⟩=1.1e-03, ⟨B·n⟩=1.3e-02, Len=sum([3.5, 3.5, 3.6, 3.6])=14.2, ϰ=[8.2, 6.8, 7.3, 5.2], ∫ϰ²/L>=[11.9, 9.8, 9.2, 8.8], C-C-Sep=0.10, ║∇J║=4.8e-02
Iteration 58/2000-----
currents: [100000.0, 99999.99999941487, 99999.99999958041, 99999.99999971865]
J=1.1e-03, ⟨Jf⟩=1.1e-03, ⟨B·n⟩=1.3e-02, Len=sum([3.5, 3.5, 3.6, 3.6])=14.2, ϰ=[8.0, 6.3, 7.1, 5.0], ∫ϰ²/L>=[11.4, 9.5, 8.9, 8.2], C-C-Sep=0.10, ║∇J║=3.2e-02
Iteration 59/2000-----
currents: [100000.0, 99999.99999941056, 99999.99999957666, 99999.9999997173]
J=1.1e-03, ⟨Jf⟩=1.0e-03, ⟨B·n⟩=1.3e-02, Len=sum([3.5, 3.5, 3.6, 3.6])=14.2, ϰ=[7.6, 6.0, 7.0, 5.1], ∫ϰ²/L>=[10.9, 9.0, 8.7, 7.7], C-C-Sep=0.10, ║∇J║=5.3e-02
Iteration 60/2000-----
currents: [100000.0, 99999.99999940602, 99999.99999957292, 99999.99999971584]
J=1.1e-03, ⟨Jf⟩=1.0e-03, ⟨B·n⟩=1.3e-02, Len=sum([3.5, 3.5, 3.6, 3.6])=14.2, ϰ=[7.0, 5.9, 7.0, 5.1], ∫ϰ²/L>=[10.9, 8.6, 8.7, 7.7], C-C-Sep=0.10, ║∇J║=4.0e-02
Iteration 61/2000-----
currents: [100000.0, 99999.99999940206, 99999.99999956977, 99999.99999971449]
J=1.1e-03, ⟨Jf⟩=1.0e-03, ⟨B·n⟩=1.3e-02, Len=sum([3.5, 3.5, 3.6, 3.6])=14.2, ϰ=[6.5, 5.9, 6.9, 5.1], ∫ϰ²/L>=[11.1, 8.3, 8.5, 7.8], C-C-Sep=0.10, ║∇J║=3.6e-02
Iteration 62/2000-----
currents: [100000.0, 99999.9999993941, 99999.9999995635, 99999.99999971177]
J=1.0e-03, ⟨Jf⟩=9.8e-04, ⟨B·n⟩=1.3e-02, Len=sum([3.5, 3.5, 3.6, 3.7])=14.2, ϰ=[6.8, 5.8, 7.0, 5.3], ∫ϰ²/L>=[11.5, 8.6, 8.4, 8.3], C-C-Sep=0.10, ║∇J║=6.4e-02
Iteration 63/2000-----
currents: [100000.0, 99999.99999939036, 99999.99999956053, 99999.99999971049]
J=1.0e-03, ⟨Jf⟩=9.7e-04, ⟨B·n⟩=1.3e-02, Len=sum([3.5, 3.5, 3.6, 3.7])=14.2, ϰ=[6.8, 6.0, 7.0, 5.6], ∫ϰ²/L>=[11.2, 8.7, 8.2, 8.3], C-C-Sep=0.10, ║∇J║=3.8e-02
Iteration 64/2000-----
currents: [100000.0, 99999.99999938848, 99999.99999955909, 99999.99999970976]
J=1.0e-03, ⟨Jf⟩=9.6e-04, ⟨B·n⟩=1.2e-02, Len=sum([3.5, 3.5, 3.6, 3.7])=14.2, ϰ=[6.4, 6.1, 7.1, 5.8], ∫ϰ²/L>=[10.6, 8.5, 7.9, 8.1], C-C-Sep=0.10, ║∇J║=3.4e-02
Iteration 65/2000-----
currents: [100000.0, 99999.9999993789, 99999.99999955164, 99999.99999970618]
J=9.8e-04, ⟨Jf⟩=9.3e-04, ⟨B·n⟩=1.2e-02, Len=sum([3.5, 3.5, 3.6, 3.7])=14.3, ϰ=[6.7, 6.2, 7.1, 6.3], ∫ϰ²/L>=[10.3, 8.6, 7.9, 8.1], C-C-Sep=0.10, ║∇J║=4.3e-02
Iteration 66/2000-----
currents: [100000.0, 99999.9999993689, 99999.99999954375, 99999.9999997021]
J=9.7e-04, ⟨Jf⟩=9.0e-04, ⟨B·n⟩=1.2e-02, Len=sum([3.6, 3.5, 3.6, 3.7])=14.3, ϰ=[6.8, 6.1, 6.9, 6.8], ∫ϰ²/L>=[11.1, 9.0, 8.6, 8.2], C-C-Sep=0.10, ║∇J║=8.7e-02
Iteration 67/2000-----
currents: [100000.0, 99999.99999937118, 99999.99999954553, 99999.99999970262]
J=9.5e-04, ⟨Jf⟩=9.0e-04, ⟨B·n⟩=1.2e-02, Len=sum([3.6, 3.5, 3.6, 3.7])=14.3, ϰ=[6.7, 6.3, 6.9, 6.8], ∫ϰ²/L>=[10.8, 8.7, 8.4, 8.1], C-C-Sep=0.10, ║∇J║=3.6e-02
Iteration 68/2000-----
currents: [100000.0, 99999.99999936833, 99999.99999954324, 99999.99999970119]
J=9.3e-04, ⟨Jf⟩=8.9e-04, ⟨B·n⟩=1.2e-02, Len=sum([3.6, 3.5, 3.6, 3.7])=14.3, ϰ=[6.4, 6.7, 6.7, 6.8], ∫ϰ²/L>=[10.7, 8.5, 8.3, 8.2], C-C-Sep=0.10, ║∇J║=2.7e-02
Iteration 69/2000-----
currents: [100000.0, 99999.99999936299, 99999.99999953895, 99999.99999969859]
J=9.1e-04, ⟨Jf⟩=8.6e-04, ⟨B·n⟩=1.2e-02, Len=sum([3.6, 3.5, 3.6, 3.7])=14.3, ϰ=[6.7, 7.4, 6.6, 7.0], ∫ϰ²/L>=[10.7, 8.6, 8.5, 8.3], C-C-Sep=0.10, ║∇J║=3.6e-02
Iteration 70/2000-----
currents: [100000.0, 99999.99999935411, 99999.99999953186, 99999.99999969435]
J=8.9e-04, ⟨Jf⟩=8.3e-04, ⟨B·n⟩=1.2e-02, Len=sum([3.6, 3.5, 3.6, 3.7])=14.4, ϰ=[7.0, 7.8, 6.7, 6.9], ∫ϰ²/L>=[10.5, 8.9, 8.6, 8.2], C-C-Sep=0.10, ║∇J║=5.2e-02
Iteration 71/2000-----
currents: [100000.0, 99999.99999933591, 99999.99999951739, 99999.99999968577]
J=8.6e-04, ⟨Jf⟩=7.5e-04, ⟨B·n⟩=1.1e-02, Len=sum([3.6, 3.5, 3.6, 3.7])=14.5, ϰ=[7.6, 8.6, 6.9, 7.0], ∫ϰ²/L>=[11.2, 10.9, 9.3, 8.0], C-C-Sep=0.10, ║∇J║=6.1e-02
Iteration 72/2000-----
currents: [100000.0, 99999.99999933733, 99999.99999951852, 99999.99999968601]
J=8.2e-04, ⟨Jf⟩=7.4e-04, ⟨B·n⟩=1.1e-02, Len=sum([3.6, 3.5, 3.6, 3.7])=14.4, ϰ=[7.3, 8.0, 6.7, 6.7], ∫ϰ²/L>=[11.0, 10.0, 8.8, 7.9], C-C-Sep=0.10, ║∇J║=3.6e-02
Iteration 73/2000-----
currents: [100000.0, 99999.9999993357, 99999.9999995174, 99999.99999968494]
J=8.0e-04, ⟨Jf⟩=7.2e-04, ⟨B·n⟩=1.1e-02, Len=sum([3.6, 3.5, 3.6, 3.7])=14.4, ϰ=[6.8, 7.3, 6.4, 6.4], ∫ϰ²/L>=[10.9, 9.2, 8.4, 8.0], C-C-Sep=0.10, ║∇J║=3.9e-02
Iteration 74/2000-----
currents: [100000.0, 99999.99999933012, 99999.99999951311, 99999.9999996818]
J=7.7e-04, ⟨Jf⟩=6.9e-04, ⟨B·n⟩=1.0e-02, Len=sum([3.6, 3.5, 3.6, 3.7])=14.5, ϰ=[6.6, 6.8, 6.2, 6.4], ∫ϰ²/L>=[11.2, 8.9, 8.2, 8.4], C-C-Sep=0.10, ║∇J║=5.9e-02
Iteration 75/2000-----
currents: [100000.0, 99999.99999932351, 99999.99999950799, 99999.99999967773]
J=7.4e-04, ⟨Jf⟩=6.4e-04, ⟨B·n⟩=9.9e-03, Len=sum([3.6, 3.6, 3.6, 3.7])=14.5, ϰ=[7.0, 6.5, 6.3, 6.5], ∫ϰ²/L>=[11.4, 8.9, 8.2, 8.9], C-C-Sep=0.10, ║∇J║=4.3e-02
Iteration 76/2000-----
currents: [100000.0, 99999.9999993103, 99999.9999994977, 99999.99999967034]
J=6.9e-04, ⟨Jf⟩=5.8e-04, ⟨B·n⟩=9.4e-03, Len=sum([3.7, 3.6, 3.6, 3.7])=14.6, ϰ=[7.3, 6.7, 6.1, 6.6], ∫ϰ²/L>=[11.5, 9.8, 8.6, 9.3], C-C-Sep=0.10, ║∇J║=4.5e-02
Iteration 77/2000-----
currents: [100000.0, 99999.99999929308, 99999.99999948405, 99999.99999966065]
J=6.7e-04, ⟨Jf⟩=5.2e-04, ⟨B·n⟩=8.7e-03, Len=sum([3.7, 3.6, 3.6, 3.7])=14.7, ϰ=[7.1, 6.9, 7.0, 6.8], ∫ϰ²/L>=[12.2, 11.2, 9.4, 9.5], C-C-Sep=0.10, ║∇J║=9.4e-02
Iteration 78/2000-----
currents: [100000.0, 99999.9999992952, 99999.99999948547, 99999.99999966164]
J=6.3e-04, ⟨Jf⟩=5.2e-04, ⟨B·n⟩=8.7e-03, Len=sum([3.7, 3.6, 3.6, 3.7])=14.6, ϰ=[6.7, 7.0, 6.5, 6.6], ∫ϰ²/L>=[11.9, 10.2, 8.9, 8.9], C-C-Sep=0.10, ║∇J║=4.3e-02
Iteration 79/2000-----
currents: [100000.0, 99999.99999929249, 99999.9999994832, 99999.99999966017]
J=6.1e-04, ⟨Jf⟩=5.1e-04, ⟨B·n⟩=8.6e-03, Len=sum([3.7, 3.6, 3.6, 3.7])=14.6, ϰ=[6.7, 7.0, 6.4, 6.3], ∫ϰ²/L>=[12.1, 9.6, 8.7, 8.6], C-C-Sep=0.10, ║∇J║=3.4e-02
Iteration 80/2000-----
currents: [100000.0, 99999.99999928586, 99999.99999947782, 99999.99999965643]
J=5.8e-04, ⟨Jf⟩=4.7e-04, ⟨B·n⟩=8.2e-03, Len=sum([3.7, 3.6, 3.6, 3.7])=14.7, ϰ=[7.2, 6.8, 6.5, 6.1], ∫ϰ²/L>=[12.7, 9.1, 8.6, 8.3], C-C-Sep=0.10, ║∇J║=4.5e-02
Iteration 81/2000-----
currents: [100000.0, 99999.99999927478, 99999.99999946896, 99999.99999964995]
J=5.5e-04, ⟨Jf⟩=4.3e-04, ⟨B·n⟩=7.6e-03, Len=sum([3.8, 3.6, 3.6, 3.7])=14.7, ϰ=[7.8, 6.7, 6.7, 6.5], ∫ϰ²/L>=[13.3, 8.9, 8.4, 8.3], C-C-Sep=0.10, ║∇J║=6.8e-02
Iteration 82/2000-----
currents: [100000.0, 99999.99999925907, 99999.99999945656, 99999.99999964051]
J=5.1e-04, ⟨Jf⟩=3.7e-04, ⟨B·n⟩=6.9e-03, Len=sum([3.8, 3.7, 3.7, 3.7])=14.8, ϰ=[8.7, 7.6, 7.3, 7.4], ∫ϰ²/L>=[14.4, 10.0, 9.0, 8.9], C-C-Sep=0.10, ║∇J║=5.8e-02
Iteration 83/2000-----
currents: [100000.0, 99999.99999925864, 99999.9999994562, 99999.99999963908]
J=4.7e-04, ⟨Jf⟩=3.6e-04, ⟨B·n⟩=6.7e-03, Len=sum([3.8, 3.7, 3.7, 3.7])=14.8, ϰ=[8.5, 7.1, 7.3, 7.3], ∫ϰ²/L>=[13.9, 10.3, 9.1, 8.9], C-C-Sep=0.10, ║∇J║=4.1e-02
Iteration 84/2000-----
currents: [100000.0, 99999.99999925327, 99999.99999945215, 99999.99999963527]
J=4.5e-04, ⟨Jf⟩=3.4e-04, ⟨B·n⟩=6.5e-03, Len=sum([3.8, 3.7, 3.7, 3.7])=14.9, ϰ=[8.2, 6.4, 7.4, 6.9], ∫ϰ²/L>=[13.7, 10.2, 9.1, 8.7], C-C-Sep=0.10, ║∇J║=4.0e-02
Iteration 85/2000-----
currents: [100000.0, 99999.99999925052, 99999.99999945007, 99999.99999963342]
J=4.3e-04, ⟨Jf⟩=3.3e-04, ⟨B·n⟩=6.4e-03, Len=sum([3.8, 3.7, 3.7, 3.7])=14.9, ϰ=[8.1, 6.3, 7.3, 6.8], ∫ϰ²/L>=[13.5, 9.9, 9.0, 8.7], C-C-Sep=0.10, ║∇J║=3.8e-02
Iteration 86/2000-----
currents: [100000.0, 99999.99999925, 99999.99999944962, 99999.99999963224]
J=4.1e-04, ⟨Jf⟩=3.2e-04, ⟨B·n⟩=6.2e-03, Len=sum([3.8, 3.7, 3.7, 3.7])=14.9, ϰ=[8.1, 6.0, 7.2, 6.6], ∫ϰ²/L>=[13.1, 9.4, 8.7, 8.6], C-C-Sep=0.10, ║∇J║=3.6e-02
Iteration 87/2000-----
currents: [100000.0, 99999.99999924019, 99999.999999442, 99999.9999996259]
J=3.9e-04, ⟨Jf⟩=2.9e-04, ⟨B·n⟩=5.9e-03, Len=sum([3.8, 3.7, 3.7, 3.7])=15.0, ϰ=[8.4, 6.1, 7.3, 6.5], ∫ϰ²/L>=[13.0, 9.0, 8.4, 8.7], C-C-Sep=0.10, ║∇J║=5.6e-02
Iteration 88/2000-----
currents: [100000.0, 99999.99999923882, 99999.99999944113, 99999.99999962434]
J=3.7e-04, ⟨Jf⟩=2.8e-04, ⟨B·n⟩=5.8e-03, Len=sum([3.8, 3.7, 3.7, 3.7])=15.0, ϰ=[8.1, 6.0, 7.2, 6.7], ∫ϰ²/L>=[12.9, 8.9, 8.3, 8.9], C-C-Sep=0.10, ║∇J║=4.1e-02
Iteration 89/2000-----
currents: [100000.0, 99999.99999923831, 99999.99999944058, 99999.99999962484]
J=3.6e-04, ⟨Jf⟩=2.8e-04, ⟨B·n⟩=5.9e-03, Len=sum([3.8, 3.7, 3.7, 3.7])=15.0, ϰ=[7.9, 5.7, 7.0, 6.7], ∫ϰ²/L>=[12.6, 8.7, 8.0, 8.6], C-C-Sep=0.10, ║∇J║=2.4e-02
Iteration 90/2000-----
currents: [100000.0, 99999.99999923455, 99999.99999943755, 99999.99999962257]
J=3.5e-04, ⟨Jf⟩=2.8e-04, ⟨B·n⟩=5.8e-03, Len=sum([3.9, 3.7, 3.7, 3.8])=15.0, ϰ=[7.5, 5.5, 6.6, 6.7], ∫ϰ²/L>=[12.6, 8.8, 7.9, 8.5], C-C-Sep=0.10, ║∇J║=2.2e-02
Iteration 91/2000-----
currents: [100000.0, 99999.99999923013, 99999.99999943413, 99999.9999996199]
J=3.3e-04, ⟨Jf⟩=2.7e-04, ⟨B·n⟩=5.7e-03, Len=sum([3.9, 3.7, 3.7, 3.8])=15.0, ϰ=[7.0, 5.5, 6.4, 6.5], ∫ϰ²/L>=[12.4, 8.9, 7.9, 8.4], C-C-Sep=0.10, ║∇J║=3.0e-02
Iteration 92/2000-----
currents: [100000.0, 99999.9999992246, 99999.99999942981, 99999.99999961688]
J=3.2e-04, ⟨Jf⟩=2.6e-04, ⟨B·n⟩=5.6e-03, Len=sum([3.9, 3.7, 3.7, 3.8])=15.1, ϰ=[6.6, 5.5, 6.7, 6.4], ∫ϰ²/L>=[12.3, 9.0, 8.0, 8.4], C-C-Sep=0.10, ║∇J║=3.8e-02
Iteration 93/2000-----
currents: [100000.0, 99999.99999922418, 99999.99999942956, 99999.9999996166]
J=3.1e-04, ⟨Jf⟩=2.6e-04, ⟨B·n⟩=5.6e-03, Len=sum([3.9, 3.7, 3.7, 3.8])=15.1, ϰ=[6.4, 5.5, 6.7, 6.5], ∫ϰ²/L>=[12.0, 8.8, 8.0, 8.4], C-C-Sep=0.10, ║∇J║=2.5e-02
Iteration 94/2000-----
currents: [100000.0, 99999.99999921976, 99999.99999942633, 99999.99999961464]
J=3.0e-04, ⟨Jf⟩=2.5e-04, ⟨B·n⟩=5.5e-03, Len=sum([3.9, 3.7, 3.7, 3.8])=15.1, ϰ=[6.3, 5.9, 6.3, 6.7], ∫ϰ²/L>=[11.8, 8.5, 7.9, 8.3], C-C-Sep=0.10, ║∇J║=2.2e-02
Iteration 95/2000-----
currents: [100000.0, 99999.99999921992, 99999.99999942663, 99999.99999961468]
J=2.9e-04, ⟨Jf⟩=2.4e-04, ⟨B·n⟩=5.5e-03, Len=sum([3.9, 3.7, 3.7, 3.8])=15.1, ϰ=[6.0, 6.3, 5.9, 6.6], ∫ϰ²/L>=[11.5, 8.5, 7.9, 8.3], C-C-Sep=0.10, ║∇J║=2.6e-02
Iteration 96/2000-----
currents: [100000.0, 99999.99999921792, 99999.9999994253, 99999.9999996132]
J=2.8e-04, ⟨Jf⟩=2.4e-04, ⟨B·n⟩=5.4e-03, Len=sum([3.9, 3.7, 3.7, 3.8])=15.1, ϰ=[5.7, 6.6, 5.6, 6.5], ∫ϰ²/L>=[11.2, 8.7, 8.0, 8.3], C-C-Sep=0.10, ║∇J║=2.2e-02
Iteration 97/2000-----
currents: [100000.0, 99999.99999921213, 99999.99999942105, 99999.9999996098]
J=2.7e-04, ⟨Jf⟩=2.3e-04, ⟨B·n⟩=5.3e-03, Len=sum([3.9, 3.8, 3.7, 3.8])=15.1, ϰ=[5.6, 6.6, 5.8, 6.4], ∫ϰ²/L>=[11.0, 8.9, 8.1, 8.3], C-C-Sep=0.10, ║∇J║=2.7e-02
Iteration 98/2000-----
currents: [100000.0, 99999.99999921335, 99999.99999942216, 99999.99999961007]
J=2.7e-04, ⟨Jf⟩=2.2e-04, ⟨B·n⟩=5.3e-03, Len=sum([3.9, 3.7, 3.7, 3.8])=15.1, ϰ=[5.6, 6.3, 5.8, 6.6], ∫ϰ²/L>=[10.6, 8.8, 7.9, 8.2], C-C-Sep=0.10, ║∇J║=2.2e-02
Iteration 99/2000-----
currents: [100000.0, 99999.99999921345, 99999.99999942243, 99999.99999961002]
J=2.6e-04, ⟨Jf⟩=2.2e-04, ⟨B·n⟩=5.2e-03, Len=sum([3.9, 3.7, 3.7, 3.8])=15.1, ϰ=[5.7, 6.0, 5.8, 6.7], ∫ϰ²/L>=[10.3, 8.7, 7.8, 8.1], C-C-Sep=0.10, ║∇J║=2.0e-02
Iteration 100/2000-----
currents: [100000.0, 99999.99999921293, 99999.99999942245, 99999.99999960959]
J=2.5e-04, ⟨Jf⟩=2.1e-04, ⟨B·n⟩=5.1e-03, Len=sum([3.9, 3.7, 3.7, 3.8])=15.1, ϰ=[5.9, 5.7, 5.7, 6.9], ∫ϰ²/L>=[9.9, 8.5, 7.6, 8.1], C-C-Sep=0.10, ║∇J║=3.2e-02
Iteration 101/2000-----
currents: [100000.0, 99999.99999921049, 99999.99999942086, 99999.99999960842]
J=2.4e-04, ⟨Jf⟩=2.0e-04, ⟨B·n⟩=5.0e-03, Len=sum([3.9, 3.8, 3.7, 3.8])=15.1, ϰ=[5.8, 5.7, 5.6, 6.9], ∫ϰ²/L>=[9.8, 8.5, 7.7, 8.2], C-C-Sep=0.10, ║∇J║=2.4e-02
Iteration 102/2000-----
currents: [100000.0, 99999.99999921044, 99999.99999942095, 99999.99999960841]
J=2.4e-04, ⟨Jf⟩=2.0e-04, ⟨B·n⟩=5.0e-03, Len=sum([3.9, 3.8, 3.7, 3.8])=15.1, ϰ=[5.7, 5.8, 5.4, 6.7], ∫ϰ²/L>=[9.6, 8.5, 7.6, 8.1], C-C-Sep=0.10, ║∇J║=1.7e-02
Iteration 103/2000-----
currents: [100000.0, 99999.999999208, 99999.99999941928, 99999.99999960723]
J=2.3e-04, ⟨Jf⟩=2.0e-04, ⟨B·n⟩=4.9e-03, Len=sum([3.9, 3.8, 3.7, 3.8])=15.1, ϰ=[5.6, 5.9, 5.3, 6.3], ∫ϰ²/L>=[9.4, 8.4, 7.5, 8.0], C-C-Sep=0.10, ║∇J║=1.7e-02
Iteration 104/2000-----
currents: [100000.0, 99999.99999920688, 99999.9999994187, 99999.99999960659]
J=2.2e-04, ⟨Jf⟩=1.9e-04, ⟨B·n⟩=4.9e-03, Len=sum([3.9, 3.8, 3.7, 3.8])=15.1, ϰ=[5.8, 5.9, 5.5, 6.2], ∫ϰ²/L>=[9.2, 8.3, 7.5, 8.0], C-C-Sep=0.10, ║∇J║=2.5e-02
Iteration 105/2000-----
currents: [100000.0, 99999.99999920496, 99999.9999994175, 99999.99999960563]
J=2.2e-04, ⟨Jf⟩=1.8e-04, ⟨B·n⟩=4.8e-03, Len=sum([3.9, 3.8, 3.7, 3.8])=15.1, ϰ=[6.2, 5.8, 5.7, 6.2], ∫ϰ²/L>=[9.1, 8.4, 7.5, 8.1], C-C-Sep=0.10, ║∇J║=1.9e-02
Iteration 106/2000-----
currents: [100000.0, 99999.99999920282, 99999.99999941603, 99999.99999960478]
J=2.1e-04, ⟨Jf⟩=1.8e-04, ⟨B·n⟩=4.7e-03, Len=sum([3.9, 3.8, 3.7, 3.8])=15.1, ϰ=[6.6, 5.7, 5.8, 6.2], ∫ϰ²/L>=[9.0, 8.6, 7.5, 8.2], C-C-Sep=0.10, ║∇J║=2.1e-02
Iteration 107/2000-----
currents: [100000.0, 99999.9999992025, 99999.99999941589, 99999.99999960476]
J=2.1e-04, ⟨Jf⟩=1.7e-04, ⟨B·n⟩=4.7e-03, Len=sum([3.9, 3.8, 3.7, 3.8])=15.1, ϰ=[6.7, 5.8, 5.7, 6.1], ∫ϰ²/L>=[8.9, 8.6, 7.5, 8.1], C-C-Sep=0.10, ║∇J║=1.8e-02
Iteration 108/2000-----
currents: [100000.0, 99999.99999920253, 99999.99999941596, 99999.99999960487]
J=2.0e-04, ⟨Jf⟩=1.7e-04, ⟨B·n⟩=4.6e-03, Len=sum([3.9, 3.8, 3.7, 3.8])=15.1, ϰ=[6.6, 5.7, 5.6, 5.9], ∫ϰ²/L>=[8.8, 8.5, 7.4, 8.0], C-C-Sep=0.10, ║∇J║=1.6e-02
Iteration 109/2000-----
currents: [100000.0, 99999.99999919985, 99999.9999994141, 99999.99999960394]
J=1.9e-04, ⟨Jf⟩=1.6e-04, ⟨B·n⟩=4.5e-03, Len=sum([3.9, 3.8, 3.7, 3.8])=15.1, ϰ=[6.6, 5.6, 5.5, 5.7], ∫ϰ²/L>=[8.8, 8.3, 7.4, 7.9], C-C-Sep=0.10, ║∇J║=2.5e-02
Iteration 110/2000-----
currents: [100000.0, 99999.9999991971, 99999.99999941228, 99999.99999960269]
J=1.9e-04, ⟨Jf⟩=1.5e-04, ⟨B·n⟩=4.4e-03, Len=sum([3.9, 3.8, 3.7, 3.8])=15.2, ϰ=[6.6, 5.6, 5.6, 5.5], ∫ϰ²/L>=[9.0, 8.4, 7.4, 8.0], C-C-Sep=0.10, ║∇J║=2.5e-02
Iteration 111/2000-----
currents: [100000.0, 99999.99999919809, 99999.9999994132, 99999.99999960317]
J=1.8e-04, ⟨Jf⟩=1.5e-04, ⟨B·n⟩=4.4e-03, Len=sum([3.9, 3.8, 3.7, 3.8])=15.2, ϰ=[6.6, 5.5, 5.5, 5.6], ∫ϰ²/L>=[8.9, 8.4, 7.4, 7.9], C-C-Sep=0.10, ║∇J║=1.8e-02
Iteration 112/2000-----
currents: [100000.0, 99999.99999919522, 99999.99999941124, 99999.99999960198]
J=1.8e-04, ⟨Jf⟩=1.5e-04, ⟨B·n⟩=4.3e-03, Len=sum([3.9, 3.8, 3.7, 3.8])=15.2, ϰ=[6.7, 5.7, 5.5, 5.8], ∫ϰ²/L>=[8.8, 8.4, 7.3, 8.0], C-C-Sep=0.10, ║∇J║=1.6e-02
Iteration 113/2000-----
currents: [100000.0, 99999.99999919531, 99999.99999941154, 99999.99999960225]
J=1.7e-04, ⟨Jf⟩=1.4e-04, ⟨B·n⟩=4.3e-03, Len=sum([3.9, 3.8, 3.7, 3.8])=15.2, ϰ=[6.8, 5.8, 5.5, 5.7], ∫ϰ²/L>=[8.8, 8.4, 7.3, 8.0], C-C-Sep=0.10, ║∇J║=2.0e-02
Iteration 114/2000-----
currents: [100000.0, 99999.99999919446, 99999.99999941105, 99999.99999960206]
J=1.7e-04, ⟨Jf⟩=1.4e-04, ⟨B·n⟩=4.2e-03, Len=sum([3.9, 3.8, 3.7, 3.8])=15.2, ϰ=[6.7, 5.9, 5.5, 5.5], ∫ϰ²/L>=[8.7, 8.4, 7.3, 8.0], C-C-Sep=0.10, ║∇J║=1.6e-02
Iteration 115/2000-----
currents: [100000.0, 99999.9999991918, 99999.99999940932, 99999.99999960141]
J=1.6e-04, ⟨Jf⟩=1.3e-04, ⟨B·n⟩=4.1e-03, Len=sum([3.9, 3.8, 3.7, 3.8])=15.2, ϰ=[6.5, 5.8, 5.4, 5.6], ∫ϰ²/L>=[8.7, 8.5, 7.4, 7.9], C-C-Sep=0.10, ║∇J║=2.4e-02
Iteration 116/2000-----
currents: [100000.0, 99999.99999918966, 99999.99999940785, 99999.99999960078]
J=1.6e-04, ⟨Jf⟩=1.3e-04, ⟨B·n⟩=4.0e-03, Len=sum([3.9, 3.8, 3.7, 3.8])=15.2, ϰ=[6.4, 5.8, 5.5, 5.8], ∫ϰ²/L>=[8.8, 8.5, 7.4, 7.9], C-C-Sep=0.10, ║∇J║=2.1e-02
Iteration 117/2000-----
currents: [100000.0, 99999.99999918864, 99999.9999994071, 99999.99999960033]
J=1.6e-04, ⟨Jf⟩=1.3e-04, ⟨B·n⟩=4.0e-03, Len=sum([3.9, 3.8, 3.7, 3.8])=15.2, ϰ=[6.3, 5.7, 5.6, 5.9], ∫ϰ²/L>=[8.7, 8.4, 7.4, 7.9], C-C-Sep=0.10, ║∇J║=1.6e-02
Iteration 118/2000-----
currents: [100000.0, 99999.9999991855, 99999.99999940494, 99999.99999959907]
J=1.5e-04, ⟨Jf⟩=1.2e-04, ⟨B·n⟩=3.9e-03, Len=sum([3.9, 3.8, 3.7, 3.8])=15.2, ϰ=[6.3, 5.4, 5.6, 6.0], ∫ϰ²/L>=[8.6, 8.3, 7.3, 7.9], C-C-Sep=0.10, ║∇J║=1.6e-02
Iteration 119/2000-----
currents: [100000.0, 99999.99999918247, 99999.9999994029, 99999.99999959781]
J=1.5e-04, ⟨Jf⟩=1.2e-04, ⟨B·n⟩=3.8e-03, Len=sum([3.9, 3.8, 3.7, 3.8])=15.2, ϰ=[6.2, 5.4, 5.4, 6.0], ∫ϰ²/L>=[8.6, 8.4, 7.4, 8.0], C-C-Sep=0.10, ║∇J║=2.7e-02
Iteration 120/2000-----
currents: [100000.0, 99999.99999918278, 99999.99999940323, 99999.99999959793]
J=1.4e-04, ⟨Jf⟩=1.2e-04, ⟨B·n⟩=3.8e-03, Len=sum([3.9, 3.8, 3.7, 3.8])=15.2, ϰ=[6.3, 5.4, 5.4, 6.0], ∫ϰ²/L>=[8.6, 8.4, 7.4, 8.0], C-C-Sep=0.10, ║∇J║=1.6e-02
Iteration 121/2000-----
currents: [100000.0, 99999.99999918106, 99999.99999940224, 99999.99999959722]
J=1.4e-04, ⟨Jf⟩=1.1e-04, ⟨B·n⟩=3.7e-03, Len=sum([3.9, 3.8, 3.7, 3.8])=15.2, ϰ=[6.5, 5.5, 5.3, 5.8], ∫ϰ²/L>=[8.6, 8.4, 7.4, 7.9], C-C-Sep=0.10, ║∇J║=1.2e-02
Iteration 122/2000-----
currents: [100000.0, 99999.99999918087, 99999.99999940224, 99999.99999959719]
J=1.4e-04, ⟨Jf⟩=1.1e-04, ⟨B·n⟩=3.7e-03, Len=sum([3.9, 3.8, 3.7, 3.8])=15.2, ϰ=[6.4, 5.6, 5.5, 5.8], ∫ϰ²/L>=[8.5, 8.4, 7.4, 7.9], C-C-Sep=0.10, ║∇J║=1.4e-02
Iteration 123/2000-----
currents: [100000.0, 99999.9999991752, 99999.99999939844, 99999.99999959466]
J=1.3e-04, ⟨Jf⟩=1.1e-04, ⟨B·n⟩=3.6e-03, Len=sum([3.9, 3.8, 3.7, 3.8])=15.3, ϰ=[6.4, 5.7, 5.9, 6.0], ∫ϰ²/L>=[8.5, 8.4, 7.4, 7.8], C-C-Sep=0.10, ║∇J║=3.4e-02
Iteration 124/2000-----
currents: [100000.0, 99999.99999917664, 99999.99999939963, 99999.99999959549]
J=1.3e-04, ⟨Jf⟩=1.1e-04, ⟨B·n⟩=3.6e-03, Len=sum([3.9, 3.8, 3.7, 3.8])=15.3, ϰ=[6.2, 5.8, 5.8, 5.9], ∫ϰ²/L>=[8.5, 8.4, 7.3, 7.8], C-C-Sep=0.10, ║∇J║=1.2e-02
Iteration 125/2000-----
currents: [100000.0, 99999.99999917706, 99999.99999939984, 99999.99999959566]
J=1.3e-04, ⟨Jf⟩=1.1e-04, ⟨B·n⟩=3.6e-03, Len=sum([3.9, 3.8, 3.7, 3.8])=15.3, ϰ=[6.0, 5.7, 5.7, 5.8], ∫ϰ²/L>=[8.3, 8.3, 7.3, 7.8], C-C-Sep=0.10, ║∇J║=9.0e-03
Iteration 126/2000-----
currents: [100000.0, 99999.99999917562, 99999.99999939892, 99999.99999959503]
J=1.3e-04, ⟨Jf⟩=1.1e-04, ⟨B·n⟩=3.6e-03, Len=sum([3.9, 3.8, 3.7, 3.8])=15.3, ϰ=[5.8, 5.7, 5.5, 5.7], ∫ϰ²/L>=[8.3, 8.2, 7.3, 7.7], C-C-Sep=0.10, ║∇J║=1.2e-02
Iteration 127/2000-----
currents: [100000.0, 99999.9999991731, 99999.99999939722, 99999.9999995939]
J=1.2e-04, ⟨Jf⟩=1.0e-04, ⟨B·n⟩=3.5e-03, Len=sum([3.9, 3.8, 3.7, 3.8])=15.3, ϰ=[5.6, 5.8, 5.5, 5.5], ∫ϰ²/L>=[8.2, 8.2, 7.2, 7.7], C-C-Sep=0.10, ║∇J║=1.6e-02
Iteration 128/2000-----
currents: [100000.0, 99999.99999917252, 99999.99999939692, 99999.99999959362]
J=1.2e-04, ⟨Jf⟩=1.0e-04, ⟨B·n⟩=3.5e-03, Len=sum([3.9, 3.8, 3.7, 3.8])=15.3, ϰ=[5.4, 5.8, 5.6, 5.5], ∫ϰ²/L>=[8.1, 8.2, 7.2, 7.7], C-C-Sep=0.10, ║∇J║=1.1e-02
Iteration 129/2000-----
currents: [100000.0, 99999.99999917159, 99999.99999939633, 99999.99999959308]
J=1.2e-04, ⟨Jf⟩=1.0e-04, ⟨B·n⟩=3.5e-03, Len=sum([3.9, 3.8, 3.7, 3.8])=15.3, ϰ=[5.2, 5.8, 5.5, 5.5], ∫ϰ²/L>=[8.1, 8.2, 7.2, 7.7], C-C-Sep=0.10, ║∇J║=8.9e-03
Iteration 130/2000-----
currents: [100000.0, 99999.99999917056, 99999.99999939576, 99999.99999959256]
J=1.2e-04, ⟨Jf⟩=1.0e-04, ⟨B·n⟩=3.5e-03, Len=sum([3.9, 3.8, 3.7, 3.8])=15.3, ϰ=[5.1, 5.9, 5.6, 5.4], ∫ϰ²/L>=[8.0, 8.1, 7.2, 7.7], C-C-Sep=0.10, ║∇J║=1.1e-02
Iteration 131/2000-----
currents: [100000.0, 99999.99999916833, 99999.99999939423, 99999.99999959143]
J=1.2e-04, ⟨Jf⟩=9.9e-05, ⟨B·n⟩=3.5e-03, Len=sum([3.9, 3.8, 3.7, 3.8])=15.3, ϰ=[4.9, 5.9, 5.6, 5.2], ∫ϰ²/L>=[7.8, 8.1, 7.2, 7.7], C-C-Sep=0.10, ║∇J║=1.8e-02
Iteration 132/2000-----
currents: [100000.0, 99999.99999916817, 99999.99999939415, 99999.9999995913]
J=1.2e-04, ⟨Jf⟩=9.9e-05, ⟨B·n⟩=3.5e-03, Len=sum([3.9, 3.8, 3.7, 3.8])=15.3, ϰ=[4.9, 5.9, 5.6, 5.2], ∫ϰ²/L>=[7.8, 8.1, 7.2, 7.7], C-C-Sep=0.10, ║∇J║=8.6e-03
Iteration 133/2000-----
currents: [100000.0, 99999.9999991674, 99999.9999993936, 99999.99999959093]
J=1.1e-04, ⟨Jf⟩=9.9e-05, ⟨B·n⟩=3.5e-03, Len=sum([3.9, 3.8, 3.7, 3.8])=15.3, ϰ=[4.9, 5.9, 5.5, 5.2], ∫ϰ²/L>=[7.7, 8.1, 7.1, 7.7], C-C-Sep=0.10, ║∇J║=7.5e-03
Iteration 134/2000-----
currents: [100000.0, 99999.99999916651, 99999.99999939298, 99999.9999995904]
J=1.1e-04, ⟨Jf⟩=9.8e-05, ⟨B·n⟩=3.5e-03, Len=sum([3.9, 3.8, 3.7, 3.8])=15.3, ϰ=[4.9, 5.9, 5.4, 5.2], ∫ϰ²/L>=[7.6, 8.1, 7.1, 7.6], C-C-Sep=0.10, ║∇J║=9.0e-03
Iteration 135/2000-----
currents: [100000.0, 99999.9999991636, 99999.99999939087, 99999.99999958873]
J=1.1e-04, ⟨Jf⟩=9.7e-05, ⟨B·n⟩=3.5e-03, Len=sum([3.9, 3.8, 3.8, 3.8])=15.3, ϰ=[4.8, 6.0, 5.2, 5.2], ∫ϰ²/L>=[7.4, 8.0, 7.1, 7.6], C-C-Sep=0.10, ║∇J║=1.4e-02
Iteration 136/2000-----
currents: [100000.0, 99999.99999916165, 99999.99999938949, 99999.99999958753]
J=1.1e-04, ⟨Jf⟩=9.5e-05, ⟨B·n⟩=3.5e-03, Len=sum([3.9, 3.8, 3.8, 3.8])=15.3, ϰ=[4.7, 6.0, 5.1, 5.1], ∫ϰ²/L>=[7.4, 8.0, 7.1, 7.5], C-C-Sep=0.10, ║∇J║=1.2e-02
Iteration 137/2000-----
currents: [100000.0, 99999.99999916158, 99999.9999993894, 99999.99999958737]
J=1.1e-04, ⟨Jf⟩=9.5e-05, ⟨B·n⟩=3.5e-03, Len=sum([3.9, 3.8, 3.8, 3.8])=15.3, ϰ=[4.7, 6.0, 5.1, 5.1], ∫ϰ²/L>=[7.3, 8.0, 7.0, 7.5], C-C-Sep=0.10, ║∇J║=6.0e-03
Iteration 138/2000-----
currents: [100000.0, 99999.99999916129, 99999.99999938914, 99999.99999958709]
J=1.1e-04, ⟨Jf⟩=9.5e-05, ⟨B·n⟩=3.5e-03, Len=sum([3.9, 3.8, 3.8, 3.8])=15.3, ϰ=[4.7, 5.9, 5.1, 5.1], ∫ϰ²/L>=[7.3, 8.0, 7.0, 7.5], C-C-Sep=0.10, ║∇J║=6.4e-03
Iteration 139/2000-----
currents: [100000.0, 99999.99999916079, 99999.99999938875, 99999.99999958665]
J=1.1e-04, ⟨Jf⟩=9.4e-05, ⟨B·n⟩=3.5e-03, Len=sum([3.9, 3.8, 3.8, 3.8])=15.3, ϰ=[4.7, 5.9, 5.1, 5.1], ∫ϰ²/L>=[7.2, 8.0, 7.0, 7.5], C-C-Sep=0.10, ║∇J║=7.7e-03
Iteration 140/2000-----
currents: [100000.0, 99999.99999915903, 99999.99999938736, 99999.99999958508]
J=1.1e-04, ⟨Jf⟩=9.3e-05, ⟨B·n⟩=3.4e-03, Len=sum([3.9, 3.9, 3.8, 3.8])=15.3, ϰ=[4.6, 5.8, 5.1, 5.3], ∫ϰ²/L>=[7.0, 7.9, 6.9, 7.4], C-C-Sep=0.10, ║∇J║=1.3e-02
Iteration 141/2000-----
currents: [100000.0, 99999.99999915817, 99999.99999938672, 99999.99999958412]
J=1.0e-04, ⟨Jf⟩=9.1e-05, ⟨B·n⟩=3.4e-03, Len=sum([3.9, 3.9, 3.8, 3.8])=15.3, ϰ=[4.5, 5.7, 5.0, 5.4], ∫ϰ²/L>=[6.9, 7.9, 6.9, 7.4], C-C-Sep=0.10, ║∇J║=9.6e-03
Iteration 142/2000-----
currents: [100000.0, 99999.99999915731, 99999.99999938613, 99999.99999958325]
J=1.0e-04, ⟨Jf⟩=9.0e-05, ⟨B·n⟩=3.4e-03, Len=sum([3.9, 3.9, 3.8, 3.8])=15.4, ϰ=[4.4, 5.8, 4.8, 5.4], ∫ϰ²/L>=[6.8, 7.9, 6.9, 7.4], C-C-Sep=0.10, ║∇J║=7.8e-03
Iteration 143/2000-----
currents: [100000.0, 99999.99999915679, 99999.99999938581, 99999.99999958214]
J=1.0e-04, ⟨Jf⟩=8.9e-05, ⟨B·n⟩=3.4e-03, Len=sum([3.9, 3.9, 3.8, 3.8])=15.4, ϰ=[4.5, 5.8, 4.7, 5.3], ∫ϰ²/L>=[6.8, 7.9, 6.9, 7.4], C-C-Sep=0.10, ║∇J║=9.6e-03
Iteration 144/2000-----
currents: [100000.0, 99999.99999915571, 99999.99999938502, 99999.99999958086]
J=1.0e-04, ⟨Jf⟩=8.7e-05, ⟨B·n⟩=3.3e-03, Len=sum([3.9, 3.9, 3.8, 3.8])=15.4, ϰ=[4.7, 5.8, 4.7, 5.3], ∫ϰ²/L>=[6.8, 7.9, 6.9, 7.4], C-C-Sep=0.10, ║∇J║=1.3e-02
Iteration 145/2000-----
currents: [100000.0, 99999.99999915516, 99999.99999938461, 99999.99999958006]
J=9.9e-05, ⟨Jf⟩=8.6e-05, ⟨B·n⟩=3.3e-03, Len=sum([3.9, 3.9, 3.8, 3.8])=15.4, ϰ=[4.7, 5.8, 4.7, 5.4], ∫ϰ²/L>=[6.9, 7.9, 6.8, 7.4], C-C-Sep=0.10, ║∇J║=8.9e-03
Iteration 146/2000-----
currents: [100000.0, 99999.99999915445, 99999.99999938399, 99999.99999957849]
J=9.7e-05, ⟨Jf⟩=8.4e-05, ⟨B·n⟩=3.3e-03, Len=sum([3.9, 3.9, 3.8, 3.8])=15.4, ϰ=[4.8, 5.7, 4.8, 5.4], ∫ϰ²/L>=[7.0, 7.8, 6.8, 7.5], C-C-Sep=0.10, ║∇J║=9.5e-03
Iteration 147/2000-----
currents: [100000.0, 99999.99999915413, 99999.99999938367, 99999.99999957767]
J=9.6e-05, ⟨Jf⟩=8.3e-05, ⟨B·n⟩=3.3e-03, Len=sum([3.9, 3.9, 3.8, 3.8])=15.4, ϰ=[4.7, 5.6, 4.8, 5.4], ∫ϰ²/L>=[7.1, 7.8, 6.8, 7.5], C-C-Sep=0.10, ║∇J║=1.3e-02
Iteration 148/2000-----
currents: [100000.0, 99999.99999915411, 99999.99999938358, 99999.99999957731]
J=9.5e-05, ⟨Jf⟩=8.2e-05, ⟨B·n⟩=3.2e-03, Len=sum([3.9, 3.9, 3.8, 3.8])=15.4, ϰ=[4.7, 5.5, 4.8, 5.5], ∫ϰ²/L>=[7.1, 7.8, 6.8, 7.4], C-C-Sep=0.10, ║∇J║=9.9e-03
Iteration 149/2000-----
currents: [100000.0, 99999.99999915436, 99999.99999938354, 99999.99999957636]
J=9.2e-05, ⟨Jf⟩=8.0e-05, ⟨B·n⟩=3.2e-03, Len=sum([3.9, 3.9, 3.8, 3.8])=15.4, ϰ=[4.7, 5.4, 4.8, 5.4], ∫ϰ²/L>=[7.1, 7.8, 6.8, 7.4], C-C-Sep=0.10, ║∇J║=8.5e-03
Iteration 150/2000-----
currents: [100000.0, 99999.99999915418, 99999.99999938333, 99999.99999957571]
J=9.1e-05, ⟨Jf⟩=7.9e-05, ⟨B·n⟩=3.2e-03, Len=sum([3.9, 3.9, 3.8, 3.8])=15.4, ϰ=[4.7, 5.4, 4.7, 5.3], ∫ϰ²/L>=[7.1, 7.8, 6.7, 7.3], C-C-Sep=0.10, ║∇J║=1.2e-02
Iteration 151/2000-----
currents: [100000.0, 99999.99999915436, 99999.99999938342, 99999.99999957543]
J=9.0e-05, ⟨Jf⟩=7.8e-05, ⟨B·n⟩=3.2e-03, Len=sum([3.9, 3.9, 3.8, 3.8])=15.4, ϰ=[4.7, 5.4, 4.7, 5.3], ∫ϰ²/L>=[7.2, 7.8, 6.7, 7.3], C-C-Sep=0.10, ║∇J║=8.2e-03
Iteration 152/2000-----
currents: [100000.0, 99999.99999915536, 99999.99999938402, 99999.9999995751]
J=8.9e-05, ⟨Jf⟩=7.7e-05, ⟨B·n⟩=3.1e-03, Len=sum([3.9, 3.9, 3.8, 3.8])=15.4, ϰ=[4.7, 5.4, 4.6, 5.2], ∫ϰ²/L>=[7.1, 7.7, 6.7, 7.3], C-C-Sep=0.10, ║∇J║=7.5e-03
Iteration 153/2000-----
currents: [100000.0, 99999.99999915411, 99999.99999938306, 99999.99999957351]
J=8.8e-05, ⟨Jf⟩=7.5e-05, ⟨B·n⟩=3.1e-03, Len=sum([3.9, 3.9, 3.8, 3.8])=15.4, ϰ=[4.8, 5.4, 4.7, 5.2], ∫ϰ²/L>=[7.3, 7.8, 6.7, 7.3], C-C-Sep=0.10, ║∇J║=1.0e-02
Iteration 154/2000-----
currents: [100000.0, 99999.99999915587, 99999.99999938416, 99999.99999957404]
J=8.7e-05, ⟨Jf⟩=7.5e-05, ⟨B·n⟩=3.1e-03, Len=sum([3.9, 3.9, 3.8, 3.8])=15.4, ϰ=[4.8, 5.4, 4.6, 5.2], ∫ϰ²/L>=[7.3, 7.7, 6.7, 7.2], C-C-Sep=0.10, ║∇J║=1.3e-02
Iteration 155/2000-----
currents: [100000.0, 99999.99999915579, 99999.99999938396, 99999.99999957325]
J=8.5e-05, ⟨Jf⟩=7.4e-05, ⟨B·n⟩=3.1e-03, Len=sum([3.9, 3.9, 3.8, 3.8])=15.4, ϰ=[4.9, 5.3, 4.6, 5.3], ∫ϰ²/L>=[7.3, 7.6, 6.7, 7.2], C-C-Sep=0.10, ║∇J║=1.1e-02
Iteration 156/2000-----
currents: [100000.0, 99999.99999915577, 99999.9999993839, 99999.9999995728]
J=8.5e-05, ⟨Jf⟩=7.3e-05, ⟨B·n⟩=3.1e-03, Len=sum([3.9, 3.9, 3.8, 3.8])=15.4, ϰ=[5.0, 5.3, 4.6, 5.2], ∫ϰ²/L>=[7.4, 7.6, 6.7, 7.2], C-C-Sep=0.10, ║∇J║=6.3e-03
Iteration 157/2000-----
currents: [100000.0, 99999.99999915568, 99999.9999993838, 99999.99999957226]
J=8.4e-05, ⟨Jf⟩=7.2e-05, ⟨B·n⟩=3.1e-03, Len=sum([3.9, 3.9, 3.8, 3.8])=15.4, ϰ=[5.1, 5.2, 4.7, 5.2], ∫ϰ²/L>=[7.4, 7.6, 6.7, 7.2], C-C-Sep=0.10, ║∇J║=6.5e-03
Iteration 158/2000-----
currents: [100000.0, 99999.99999915593, 99999.99999938389, 99999.99999957143]
J=8.3e-05, ⟨Jf⟩=7.1e-05, ⟨B·n⟩=3.1e-03, Len=sum([3.9, 3.9, 3.8, 3.8])=15.4, ϰ=[5.2, 5.2, 4.8, 5.2], ∫ϰ²/L>=[7.5, 7.6, 6.7, 7.2], C-C-Sep=0.10, ║∇J║=8.3e-03
Iteration 159/2000-----
currents: [100000.0, 99999.99999915675, 99999.99999938434, 99999.99999957046]
J=8.2e-05, ⟨Jf⟩=7.0e-05, ⟨B·n⟩=3.0e-03, Len=sum([3.9, 3.9, 3.8, 3.8])=15.4, ϰ=[5.3, 5.3, 4.9, 5.1], ∫ϰ²/L>=[7.5, 7.6, 6.7, 7.2], C-C-Sep=0.10, ║∇J║=1.4e-02
Iteration 160/2000-----
currents: [100000.0, 99999.99999915749, 99999.99999938482, 99999.99999957051]
J=8.1e-05, ⟨Jf⟩=6.9e-05, ⟨B·n⟩=3.0e-03, Len=sum([3.9, 3.9, 3.8, 3.8])=15.4, ϰ=[5.3, 5.3, 4.9, 5.1], ∫ϰ²/L>=[7.5, 7.6, 6.7, 7.2], C-C-Sep=0.10, ║∇J║=6.9e-03
Iteration 161/2000-----
currents: [100000.0, 99999.99999915776, 99999.99999938492, 99999.9999995701]
J=8.0e-05, ⟨Jf⟩=6.9e-05, ⟨B·n⟩=3.0e-03, Len=sum([3.9, 3.9, 3.8, 3.8])=15.4, ϰ=[5.2, 5.3, 4.8, 5.1], ∫ϰ²/L>=[7.5, 7.6, 6.6, 7.2], C-C-Sep=0.10, ║∇J║=6.6e-03
Iteration 162/2000-----
currents: [100000.0, 99999.99999915824, 99999.99999938517, 99999.99999956974]
J=7.9e-05, ⟨Jf⟩=6.8e-05, ⟨B·n⟩=3.0e-03, Len=sum([3.9, 3.9, 3.8, 3.8])=15.4, ϰ=[5.1, 5.2, 4.7, 5.1], ∫ϰ²/L>=[7.3, 7.6, 6.6, 7.1], C-C-Sep=0.10, ║∇J║=8.3e-03
Iteration 163/2000-----
currents: [100000.0, 99999.99999915829, 99999.99999938485, 99999.99999956794]
J=7.8e-05, ⟨Jf⟩=6.6e-05, ⟨B·n⟩=3.0e-03, Len=sum([3.9, 3.9, 3.8, 3.8])=15.4, ϰ=[5.4, 5.1, 4.7, 5.1], ∫ϰ²/L>=[7.5, 7.5, 6.6, 7.1], C-C-Sep=0.10, ║∇J║=1.4e-02
Iteration 164/2000-----
currents: [100000.0, 99999.99999915888, 99999.99999938511, 99999.99999956782]
J=7.7e-05, ⟨Jf⟩=6.6e-05, ⟨B·n⟩=3.0e-03, Len=sum([3.9, 3.9, 3.8, 3.8])=15.4, ϰ=[5.2, 5.1, 4.6, 5.1], ∫ϰ²/L>=[7.4, 7.5, 6.6, 7.0], C-C-Sep=0.10, ║∇J║=8.0e-03
Iteration 165/2000-----
currents: [100000.0, 99999.99999915888, 99999.999999385, 99999.99999956742]
J=7.5e-05, ⟨Jf⟩=6.5e-05, ⟨B·n⟩=3.0e-03, Len=sum([3.9, 3.9, 3.8, 3.8])=15.4, ϰ=[5.1, 5.0, 4.6, 5.0], ∫ϰ²/L>=[7.3, 7.5, 6.5, 7.0], C-C-Sep=0.10, ║∇J║=7.2e-03
Iteration 166/2000-----
currents: [100000.0, 99999.9999991591, 99999.9999993849, 99999.99999956661]
J=7.4e-05, ⟨Jf⟩=6.4e-05, ⟨B·n⟩=3.0e-03, Len=sum([3.9, 3.9, 3.8, 3.8])=15.4, ϰ=[5.0, 4.9, 4.6, 5.0], ∫ϰ²/L>=[7.3, 7.4, 6.5, 6.9], C-C-Sep=0.10, ║∇J║=8.4e-03
Iteration 167/2000-----
currents: [100000.0, 99999.99999915819, 99999.99999938392, 99999.99999956432]
J=7.3e-05, ⟨Jf⟩=6.3e-05, ⟨B·n⟩=2.9e-03, Len=sum([3.9, 3.9, 3.8, 3.8])=15.4, ϰ=[4.9, 4.7, 4.5, 5.0], ∫ϰ²/L>=[7.2, 7.5, 6.5, 6.9], C-C-Sep=0.10, ║∇J║=1.1e-02
Iteration 168/2000-----
currents: [100000.0, 99999.99999915778, 99999.9999993833, 99999.99999956264]
J=7.2e-05, ⟨Jf⟩=6.1e-05, ⟨B·n⟩=2.9e-03, Len=sum([3.9, 3.9, 3.8, 3.8])=15.4, ϰ=[4.6, 4.8, 4.4, 5.1], ∫ϰ²/L>=[7.2, 7.5, 6.6, 6.9], C-C-Sep=0.10, ║∇J║=9.0e-03
Iteration 169/2000-----
currents: [100000.0, 99999.99999915739, 99999.99999938287, 99999.99999956168]
J=7.1e-05, ⟨Jf⟩=6.1e-05, ⟨B·n⟩=2.9e-03, Len=sum([3.9, 3.9, 3.8, 3.8])=15.4, ϰ=[4.4, 5.0, 4.3, 5.2], ∫ϰ²/L>=[7.0, 7.5, 6.5, 6.9], C-C-Sep=0.10, ║∇J║=6.8e-03
Iteration 170/2000-----
currents: [100000.0, 99999.999999157, 99999.99999938243, 99999.99999956076]
J=7.0e-05, ⟨Jf⟩=6.0e-05, ⟨B·n⟩=2.9e-03, Len=sum([3.9, 3.9, 3.8, 3.8])=15.4, ϰ=[4.4, 5.1, 4.3, 5.2], ∫ϰ²/L>=[7.0, 7.4, 6.5, 6.9], C-C-Sep=0.10, ║∇J║=7.2e-03
Iteration 171/2000-----
currents: [100000.0, 99999.99999915643, 99999.99999938172, 99999.9999995591]
J=6.9e-05, ⟨Jf⟩=5.9e-05, ⟨B·n⟩=2.9e-03, Len=sum([3.9, 3.9, 3.8, 3.8])=15.4, ϰ=[4.4, 5.2, 4.3, 5.2], ∫ϰ²/L>=[7.0, 7.4, 6.5, 6.8], C-C-Sep=0.10, ║∇J║=8.3e-03
Iteration 172/2000-----
currents: [100000.0, 99999.9999991556, 99999.99999938066, 99999.99999955682]
J=6.7e-05, ⟨Jf⟩=5.8e-05, ⟨B·n⟩=2.9e-03, Len=sum([3.9, 3.9, 3.8, 3.8])=15.4, ϰ=[4.4, 5.2, 4.3, 5.2], ∫ϰ²/L>=[7.0, 7.4, 6.5, 6.8], C-C-Sep=0.10, ║∇J║=1.0e-02
Iteration 173/2000-----
currents: [100000.0, 99999.99999915533, 99999.99999938018, 99999.99999955566]
J=6.6e-05, ⟨Jf⟩=5.7e-05, ⟨B·n⟩=2.9e-03, Len=sum([3.9, 3.9, 3.8, 3.8])=15.4, ϰ=[4.5, 5.1, 4.3, 5.2], ∫ϰ²/L>=[7.0, 7.4, 6.5, 6.8], C-C-Sep=0.10, ║∇J║=6.8e-03
Iteration 174/2000-----
currents: [100000.0, 99999.99999915491, 99999.9999993797, 99999.99999955486]
J=6.6e-05, ⟨Jf⟩=5.7e-05, ⟨B·n⟩=2.8e-03, Len=sum([3.9, 3.9, 3.8, 3.8])=15.4, ϰ=[4.6, 5.0, 4.3, 5.2], ∫ϰ²/L>=[7.0, 7.4, 6.5, 6.8], C-C-Sep=0.10, ║∇J║=6.1e-03
Iteration 175/2000-----
currents: [100000.0, 99999.99999915382, 99999.99999937863, 99999.99999955349]
J=6.5e-05, ⟨Jf⟩=5.6e-05, ⟨B·n⟩=2.8e-03, Len=sum([3.9, 3.9, 3.8, 3.8])=15.4, ϰ=[4.6, 4.9, 4.4, 5.2], ∫ϰ²/L>=[7.0, 7.4, 6.5, 6.8], C-C-Sep=0.10, ║∇J║=7.0e-03
Iteration 176/2000-----
currents: [100000.0, 99999.99999915178, 99999.99999937674, 99999.99999955134]
J=6.4e-05, ⟨Jf⟩=5.5e-05, ⟨B·n⟩=2.8e-03, Len=sum([4.0, 3.9, 3.8, 3.8])=15.4, ϰ=[4.7, 4.7, 4.6, 5.3], ∫ϰ²/L>=[6.9, 7.4, 6.5, 6.7], C-C-Sep=0.10, ║∇J║=9.2e-03
Iteration 177/2000-----
currents: [100000.0, 99999.9999991505, 99999.99999937553, 99999.99999955007]
J=6.3e-05, ⟨Jf⟩=5.5e-05, ⟨B·n⟩=2.8e-03, Len=sum([4.0, 3.9, 3.8, 3.8])=15.4, ϰ=[4.8, 4.6, 4.6, 5.3], ∫ϰ²/L>=[6.9, 7.3, 6.5, 6.7], C-C-Sep=0.10, ║∇J║=6.2e-03
Iteration 178/2000-----
currents: [100000.0, 99999.9999991491, 99999.99999937412, 99999.99999954828]
J=6.2e-05, ⟨Jf⟩=5.4e-05, ⟨B·n⟩=2.8e-03, Len=sum([4.0, 3.9, 3.8, 3.8])=15.5, ϰ=[4.9, 4.4, 4.7, 5.3], ∫ϰ²/L>=[6.9, 7.3, 6.5, 6.7], C-C-Sep=0.10, ║∇J║=6.3e-03
Iteration 179/2000-----
currents: [100000.0, 99999.9999991476, 99999.99999937257, 99999.99999954685]
J=6.1e-05, ⟨Jf⟩=5.3e-05, ⟨B·n⟩=2.8e-03, Len=sum([4.0, 3.9, 3.8, 3.8])=15.5, ϰ=[4.9, 4.6, 4.7, 5.3], ∫ϰ²/L>=[6.9, 7.3, 6.4, 6.7], C-C-Sep=0.10, ║∇J║=9.5e-03
Iteration 180/2000-----
currents: [100000.0, 99999.99999914686, 99999.99999937165, 99999.99999954534]
J=6.0e-05, ⟨Jf⟩=5.3e-05, ⟨B·n⟩=2.8e-03, Len=sum([4.0, 3.9, 3.8, 3.8])=15.5, ϰ=[4.9, 4.7, 4.7, 5.2], ∫ϰ²/L>=[6.9, 7.3, 6.4, 6.7], C-C-Sep=0.10, ║∇J║=5.4e-03
Iteration 181/2000-----
currents: [100000.0, 99999.99999914675, 99999.99999937131, 99999.99999954451]
J=6.0e-05, ⟨Jf⟩=5.2e-05, ⟨B·n⟩=2.7e-03, Len=sum([4.0, 3.9, 3.8, 3.8])=15.5, ϰ=[4.8, 4.7, 4.7, 5.2], ∫ϰ²/L>=[6.9, 7.3, 6.4, 6.7], C-C-Sep=0.10, ║∇J║=4.5e-03
Iteration 182/2000-----
currents: [100000.0, 99999.99999914649, 99999.99999937086, 99999.99999954381]
J=5.9e-05, ⟨Jf⟩=5.2e-05, ⟨B·n⟩=2.7e-03, Len=sum([4.0, 3.9, 3.8, 3.8])=15.5, ϰ=[4.7, 4.8, 4.7, 5.3], ∫ϰ²/L>=[6.9, 7.2, 6.4, 6.7], C-C-Sep=0.10, ║∇J║=5.4e-03
Iteration 183/2000-----
currents: [100000.0, 99999.99999914598, 99999.99999936993, 99999.9999995421]
J=5.9e-05, ⟨Jf⟩=5.2e-05, ⟨B·n⟩=2.7e-03, Len=sum([4.0, 3.9, 3.8, 3.8])=15.5, ϰ=[4.6, 4.8, 4.7, 5.3], ∫ϰ²/L>=[6.8, 7.2, 6.4, 6.6], C-C-Sep=0.10, ║∇J║=8.1e-03
Iteration 184/2000-----
currents: [100000.0, 99999.99999914548, 99999.99999936933, 99999.99999954148]
J=5.8e-05, ⟨Jf⟩=5.1e-05, ⟨B·n⟩=2.7e-03, Len=sum([4.0, 3.9, 3.8, 3.8])=15.5, ϰ=[4.5, 4.6, 4.7, 5.3], ∫ϰ²/L>=[6.8, 7.1, 6.4, 6.6], C-C-Sep=0.10, ║∇J║=5.0e-03
Iteration 185/2000-----
currents: [100000.0, 99999.99999914451, 99999.9999993682, 99999.99999954017]
J=5.8e-05, ⟨Jf⟩=5.1e-05, ⟨B·n⟩=2.7e-03, Len=sum([4.0, 3.9, 3.8, 3.8])=15.5, ϰ=[4.5, 4.4, 4.8, 5.3], ∫ϰ²/L>=[6.8, 7.1, 6.4, 6.6], C-C-Sep=0.10, ║∇J║=4.3e-03
Iteration 186/2000-----
currents: [100000.0, 99999.99999914426, 99999.99999936792, 99999.99999954025]
J=5.7e-05, ⟨Jf⟩=5.1e-05, ⟨B·n⟩=2.7e-03, Len=sum([4.0, 3.9, 3.8, 3.8])=15.5, ϰ=[4.5, 4.4, 4.8, 5.3], ∫ϰ²/L>=[6.7, 7.1, 6.4, 6.6], C-C-Sep=0.10, ║∇J║=4.8e-03
Iteration 187/2000-----
currents: [100000.0, 99999.99999914358, 99999.9999993669, 99999.9999995385]
J=5.7e-05, ⟨Jf⟩=5.0e-05, ⟨B·n⟩=2.7e-03, Len=sum([4.0, 3.9, 3.8, 3.8])=15.5, ϰ=[4.6, 4.6, 4.8, 5.4], ∫ϰ²/L>=[6.7, 7.1, 6.4, 6.6], C-C-Sep=0.10, ║∇J║=4.7e-03
Iteration 188/2000-----
currents: [100000.0, 99999.99999914411, 99999.99999936725, 99999.99999953895]
J=5.7e-05, ⟨Jf⟩=5.0e-05, ⟨B·n⟩=2.7e-03, Len=sum([4.0, 3.9, 3.8, 3.8])=15.5, ϰ=[4.6, 4.6, 4.8, 5.4], ∫ϰ²/L>=[6.7, 7.1, 6.4, 6.6], C-C-Sep=0.10, ║∇J║=6.9e-03
Iteration 189/2000-----
currents: [100000.0, 99999.99999914416, 99999.99999936708, 99999.99999953825]
J=5.6e-05, ⟨Jf⟩=5.0e-05, ⟨B·n⟩=2.7e-03, Len=sum([4.0, 3.9, 3.8, 3.8])=15.5, ϰ=[4.6, 4.6, 4.8, 5.5], ∫ϰ²/L>=[6.7, 7.1, 6.4, 6.6], C-C-Sep=0.10, ║∇J║=4.1e-03
Iteration 190/2000-----
currents: [100000.0, 99999.99999914425, 99999.99999936693, 99999.99999953761]
J=5.6e-05, ⟨Jf⟩=5.0e-05, ⟨B·n⟩=2.7e-03, Len=sum([4.0, 3.9, 3.8, 3.8])=15.5, ϰ=[4.6, 4.6, 4.8, 5.5], ∫ϰ²/L>=[6.7, 7.0, 6.4, 6.6], C-C-Sep=0.10, ║∇J║=3.7e-03
Iteration 191/2000-----
currents: [100000.0, 99999.99999914436, 99999.99999936669, 99999.99999953664]
J=5.6e-05, ⟨Jf⟩=5.0e-05, ⟨B·n⟩=2.7e-03, Len=sum([4.0, 3.9, 3.8, 3.8])=15.5, ϰ=[4.5, 4.6, 4.8, 5.6], ∫ϰ²/L>=[6.6, 7.0, 6.4, 6.5], C-C-Sep=0.10, ║∇J║=4.4e-03
Iteration 192/2000-----
currents: [100000.0, 99999.99999914474, 99999.9999993666, 99999.99999953594]
J=5.5e-05, ⟨Jf⟩=4.9e-05, ⟨B·n⟩=2.6e-03, Len=sum([4.0, 3.9, 3.8, 3.8])=15.5, ϰ=[4.4, 4.6, 4.8, 5.6], ∫ϰ²/L>=[6.6, 7.0, 6.3, 6.5], C-C-Sep=0.10, ║∇J║=7.3e-03
Iteration 193/2000-----
currents: [100000.0, 99999.99999914433, 99999.99999936587, 99999.99999953467]
J=5.5e-05, ⟨Jf⟩=4.9e-05, ⟨B·n⟩=2.6e-03, Len=sum([4.0, 3.9, 3.8, 3.8])=15.5, ϰ=[4.4, 4.6, 4.8, 5.5], ∫ϰ²/L>=[6.6, 7.0, 6.3, 6.5], C-C-Sep=0.10, ║∇J║=4.4e-03
Iteration 194/2000-----
currents: [100000.0, 99999.99999914411, 99999.99999936554, 99999.99999953425]
J=5.4e-05, ⟨Jf⟩=4.9e-05, ⟨B·n⟩=2.6e-03, Len=sum([4.0, 3.9, 3.8, 3.8])=15.5, ϰ=[4.4, 4.6, 4.8, 5.5], ∫ϰ²/L>=[6.5, 7.0, 6.3, 6.5], C-C-Sep=0.10, ║∇J║=4.4e-03
Iteration 195/2000-----
currents: [100000.0, 99999.99999914339, 99999.99999936445, 99999.99999953271]
J=5.4e-05, ⟨Jf⟩=4.8e-05, ⟨B·n⟩=2.6e-03, Len=sum([4.0, 3.9, 3.8, 3.8])=15.5, ϰ=[4.5, 4.6, 4.8, 5.3], ∫ϰ²/L>=[6.5, 7.0, 6.4, 6.4], C-C-Sep=0.10, ║∇J║=5.4e-03
Iteration 196/2000-----
currents: [100000.0, 99999.99999914355, 99999.99999936401, 99999.99999953172]
J=5.3e-05, ⟨Jf⟩=4.7e-05, ⟨B·n⟩=2.6e-03, Len=sum([4.0, 3.9, 3.8, 3.8])=15.5, ϰ=[4.4, 4.8, 4.9, 5.2], ∫ϰ²/L>=[6.4, 7.0, 6.4, 6.4], C-C-Sep=0.10, ║∇J║=8.1e-03
Iteration 197/2000-----
currents: [100000.0, 99999.99999914305, 99999.9999993634, 99999.99999953095]
J=5.3e-05, ⟨Jf⟩=4.7e-05, ⟨B·n⟩=2.6e-03, Len=sum([4.0, 3.9, 3.8, 3.8])=15.5, ϰ=[4.5, 4.7, 4.9, 5.1], ∫ϰ²/L>=[6.4, 6.9, 6.4, 6.4], C-C-Sep=0.10, ║∇J║=4.5e-03
Iteration 198/2000-----
currents: [100000.0, 99999.99999914272, 99999.99999936289, 99999.99999953024]
J=5.2e-05, ⟨Jf⟩=4.7e-05, ⟨B·n⟩=2.6e-03, Len=sum([4.0, 3.9, 3.8, 3.8])=15.5, ϰ=[4.5, 4.7, 5.0, 5.2], ∫ϰ²/L>=[6.4, 6.9, 6.3, 6.4], C-C-Sep=0.10, ║∇J║=4.0e-03
Iteration 199/2000-----
currents: [100000.0, 99999.99999914257, 99999.99999936232, 99999.99999952919]
J=5.2e-05, ⟨Jf⟩=4.7e-05, ⟨B·n⟩=2.6e-03, Len=sum([4.0, 3.9, 3.8, 3.8])=15.5, ϰ=[4.5, 4.8, 5.0, 5.2], ∫ϰ²/L>=[6.5, 6.9, 6.3, 6.4], C-C-Sep=0.10, ║∇J║=4.5e-03
Iteration 200/2000-----
currents: [100000.0, 99999.99999914231, 99999.99999936149, 99999.99999952804]
J=5.2e-05, ⟨Jf⟩=4.6e-05, ⟨B·n⟩=2.6e-03, Len=sum([4.0, 3.9, 3.8, 3.8])=15.5, ϰ=[4.5, 4.9, 5.0, 5.1], ∫ϰ²/L>=[6.5, 6.9, 6.3, 6.4], C-C-Sep=0.10, ║∇J║=8.6e-03
Iteration 201/2000-----
currents: [100000.0, 99999.999999142, 99999.99999936078, 99999.99999952693]
J=5.1e-05, ⟨Jf⟩=4.6e-05, ⟨B·n⟩=2.6e-03, Len=sum([4.0, 3.9, 3.8, 3.8])=15.5, ϰ=[4.5, 4.9, 5.1, 5.1], ∫ϰ²/L>=[6.5, 6.9, 6.3, 6.4], C-C-Sep=0.10, ║∇J║=4.4e-03
Iteration 202/2000-----
currents: [100000.0, 99999.99999914203, 99999.99999936043, 99999.99999952634]
J=5.1e-05, ⟨Jf⟩=4.5e-05, ⟨B·n⟩=2.6e-03, Len=sum([4.0, 3.9, 3.8, 3.8])=15.5, ϰ=[4.4, 4.9, 5.1, 5.0], ∫ϰ²/L>=[6.5, 6.9, 6.3, 6.4], C-C-Sep=0.10, ║∇J║=4.3e-03
Iteration 203/2000-----
currents: [100000.0, 99999.99999914166, 99999.99999935931, 99999.99999952457]
J=5.0e-05, ⟨Jf⟩=4.5e-05, ⟨B·n⟩=2.5e-03, Len=sum([4.0, 3.9, 3.8, 3.8])=15.5, ϰ=[4.3, 4.9, 5.1, 4.9], ∫ϰ²/L>=[6.5, 6.9, 6.3, 6.4], C-C-Sep=0.10, ║∇J║=5.2e-03
Iteration 204/2000-----
currents: [100000.0, 99999.9999991414, 99999.99999935826, 99999.99999952338]
J=5.0e-05, ⟨Jf⟩=4.4e-05, ⟨B·n⟩=2.5e-03, Len=sum([4.0, 3.9, 3.8, 3.8])=15.5, ϰ=[4.1, 4.9, 5.2, 4.8], ∫ϰ²/L>=[6.5, 6.9, 6.4, 6.4], C-C-Sep=0.10, ║∇J║=1.1e-02
Iteration 205/2000-----
currents: [100000.0, 99999.99999914148, 99999.99999935801, 99999.99999952262]
J=4.9e-05, ⟨Jf⟩=4.4e-05, ⟨B·n⟩=2.5e-03, Len=sum([4.0, 3.9, 3.8, 3.8])=15.5, ϰ=[4.0, 4.9, 5.3, 4.8], ∫ϰ²/L>=[6.5, 6.9, 6.4, 6.4], C-C-Sep=0.10, ║∇J║=6.4e-03
Iteration 206/2000-----
currents: [100000.0, 99999.99999914134, 99999.99999935747, 99999.99999952142]
J=4.9e-05, ⟨Jf⟩=4.3e-05, ⟨B·n⟩=2.5e-03, Len=sum([4.0, 3.9, 3.8, 3.8])=15.6, ϰ=[4.1, 4.9, 5.3, 4.8], ∫ϰ²/L>=[6.5, 6.9, 6.4, 6.3], C-C-Sep=0.10, ║∇J║=4.2e-03
Iteration 207/2000-----
currents: [100000.0, 99999.99999914087, 99999.99999935672, 99999.99999952035]
J=4.8e-05, ⟨Jf⟩=4.3e-05, ⟨B·n⟩=2.5e-03, Len=sum([4.0, 3.9, 3.8, 3.8])=15.6, ϰ=[4.1, 4.9, 5.3, 4.8], ∫ϰ²/L>=[6.5, 6.9, 6.4, 6.3], C-C-Sep=0.10, ║∇J║=4.1e-03
Iteration 208/2000-----
currents: [100000.0, 99999.9999991405, 99999.99999935561, 99999.99999951846]
J=4.8e-05, ⟨Jf⟩=4.2e-05, ⟨B·n⟩=2.5e-03, Len=sum([4.0, 3.9, 3.8, 3.8])=15.6, ϰ=[4.3, 4.9, 5.4, 4.9], ∫ϰ²/L>=[6.5, 6.9, 6.4, 6.3], C-C-Sep=0.10, ║∇J║=4.7e-03
Iteration 209/2000-----
currents: [100000.0, 99999.99999914058, 99999.99999935523, 99999.99999951775]
J=4.7e-05, ⟨Jf⟩=4.2e-05, ⟨B·n⟩=2.4e-03, Len=sum([4.0, 3.9, 3.8, 3.8])=15.6, ϰ=[4.4, 5.0, 5.3, 4.8], ∫ϰ²/L>=[6.6, 6.9, 6.4, 6.3], C-C-Sep=0.10, ║∇J║=5.9e-03
Iteration 210/2000-----
currents: [100000.0, 99999.99999914021, 99999.99999935488, 99999.99999951753]
J=4.7e-05, ⟨Jf⟩=4.2e-05, ⟨B·n⟩=2.4e-03, Len=sum([4.0, 3.9, 3.8, 3.8])=15.6, ϰ=[4.4, 5.0, 5.3, 4.8], ∫ϰ²/L>=[6.6, 6.9, 6.4, 6.3], C-C-Sep=0.10, ║∇J║=3.6e-03
Iteration 211/2000-----
currents: [100000.0, 99999.99999914029, 99999.99999935462, 99999.99999951701]
J=4.7e-05, ⟨Jf⟩=4.2e-05, ⟨B·n⟩=2.4e-03, Len=sum([4.0, 3.9, 3.8, 3.8])=15.6, ϰ=[4.4, 5.0, 5.3, 4.8], ∫ϰ²/L>=[6.6, 6.9, 6.4, 6.3], C-C-Sep=0.10, ║∇J║=3.7e-03
Iteration 212/2000-----
currents: [100000.0, 99999.99999913991, 99999.99999935392, 99999.99999951613]
J=4.7e-05, ⟨Jf⟩=4.1e-05, ⟨B·n⟩=2.4e-03, Len=sum([4.0, 3.9, 3.8, 3.8])=15.6, ϰ=[4.5, 5.0, 5.3, 4.8], ∫ϰ²/L>=[6.6, 6.8, 6.4, 6.3], C-C-Sep=0.10, ║∇J║=4.4e-03
Iteration 213/2000-----
currents: [100000.0, 99999.99999913962, 99999.99999935283, 99999.99999951442]
J=4.6e-05, ⟨Jf⟩=4.1e-05, ⟨B·n⟩=2.4e-03, Len=sum([4.0, 3.9, 3.8, 3.8])=15.6, ϰ=[4.5, 5.0, 5.2, 4.8], ∫ϰ²/L>=[6.6, 6.8, 6.4, 6.3], C-C-Sep=0.10, ║∇J║=4.6e-03
Iteration 214/2000-----
currents: [100000.0, 99999.99999913946, 99999.99999935195, 99999.99999951295]
J=4.6e-05, ⟨Jf⟩=4.0e-05, ⟨B·n⟩=2.4e-03, Len=sum([4.0, 3.9, 3.8, 3.8])=15.6, ϰ=[4.6, 4.9, 5.2, 4.8], ∫ϰ²/L>=[6.7, 6.8, 6.4, 6.3], C-C-Sep=0.10, ║∇J║=4.8e-03
Iteration 215/2000-----
currents: [100000.0, 99999.99999913923, 99999.99999935128, 99999.99999951197]
J=4.5e-05, ⟨Jf⟩=4.0e-05, ⟨B·n⟩=2.4e-03, Len=sum([4.0, 3.9, 3.8, 3.8])=15.6, ϰ=[4.6, 4.9, 5.2, 4.8], ∫ϰ²/L>=[6.7, 6.8, 6.4, 6.3], C-C-Sep=0.10, ║∇J║=4.2e-03
Iteration 216/2000-----
currents: [100000.0, 99999.99999913912, 99999.99999935082, 99999.99999951139]
J=4.5e-05, ⟨Jf⟩=4.0e-05, ⟨B·n⟩=2.4e-03, Len=sum([4.0, 3.9, 3.8, 3.8])=15.6, ϰ=[4.6, 4.9, 5.2, 4.7], ∫ϰ²/L>=[6.6, 6.8, 6.4, 6.2], C-C-Sep=0.10, ║∇J║=4.4e-03
Iteration 217/2000-----
currents: [100000.0, 99999.999999139, 99999.99999935011, 99999.99999951023]
J=4.4e-05, ⟨Jf⟩=3.9e-05, ⟨B·n⟩=2.3e-03, Len=sum([4.0, 3.9, 3.8, 3.8])=15.6, ϰ=[4.7, 4.9, 5.1, 4.7], ∫ϰ²/L>=[6.6, 6.7, 6.4, 6.2], C-C-Sep=0.10, ║∇J║=5.4e-03
Iteration 218/2000-----
currents: [100000.0, 99999.99999913882, 99999.99999934947, 99999.9999995094]
J=4.4e-05, ⟨Jf⟩=3.9e-05, ⟨B·n⟩=2.3e-03, Len=sum([4.0, 3.9, 3.8, 3.8])=15.6, ϰ=[4.7, 5.0, 5.1, 4.7], ∫ϰ²/L>=[6.6, 6.7, 6.4, 6.2], C-C-Sep=0.10, ║∇J║=4.1e-03
Iteration 219/2000-----
currents: [100000.0, 99999.9999991385, 99999.99999934882, 99999.99999950865]
J=4.4e-05, ⟨Jf⟩=3.8e-05, ⟨B·n⟩=2.3e-03, Len=sum([4.0, 3.9, 3.8, 3.8])=15.6, ϰ=[4.8, 5.1, 5.0, 4.6], ∫ϰ²/L>=[6.6, 6.7, 6.4, 6.2], C-C-Sep=0.10, ║∇J║=3.7e-03
Iteration 220/2000-----
currents: [100000.0, 99999.99999913816, 99999.99999934794, 99999.99999950748]
J=4.3e-05, ⟨Jf⟩=3.8e-05, ⟨B·n⟩=2.3e-03, Len=sum([4.0, 3.9, 3.8, 3.8])=15.6, ϰ=[4.8, 5.2, 5.0, 4.6], ∫ϰ²/L>=[6.6, 6.7, 6.4, 6.2], C-C-Sep=0.10, ║∇J║=4.4e-03
Iteration 221/2000-----
currents: [100000.0, 99999.99999913771, 99999.9999993467, 99999.99999950574]
J=4.3e-05, ⟨Jf⟩=3.8e-05, ⟨B·n⟩=2.3e-03, Len=sum([4.0, 3.9, 3.8, 3.8])=15.6, ϰ=[4.9, 5.2, 5.1, 4.5], ∫ϰ²/L>=[6.6, 6.7, 6.4, 6.2], C-C-Sep=0.10, ║∇J║=5.8e-03
Iteration 222/2000-----
currents: [100000.0, 99999.99999913728, 99999.99999934575, 99999.99999950455]
J=4.2e-05, ⟨Jf⟩=3.7e-05, ⟨B·n⟩=2.3e-03, Len=sum([4.0, 3.9, 3.8, 3.8])=15.6, ϰ=[4.9, 5.3, 5.1, 4.5], ∫ϰ²/L>=[6.6, 6.7, 6.4, 6.1], C-C-Sep=0.10, ║∇J║=4.4e-03
Iteration 223/2000-----
currents: [100000.0, 99999.99999913696, 99999.99999934495, 99999.9999995035]
J=4.2e-05, ⟨Jf⟩=3.7e-05, ⟨B·n⟩=2.3e-03, Len=sum([4.0, 3.9, 3.8, 3.8])=15.6, ϰ=[5.0, 5.3, 5.1, 4.5], ∫ϰ²/L>=[6.7, 6.7, 6.4, 6.1], C-C-Sep=0.10, ║∇J║=3.6e-03
Iteration 224/2000-----
currents: [100000.0, 99999.99999913671, 99999.99999934436, 99999.99999950282]
J=4.1e-05, ⟨Jf⟩=3.7e-05, ⟨B·n⟩=2.2e-03, Len=sum([4.0, 3.9, 3.8, 3.8])=15.6, ϰ=[5.1, 5.2, 5.2, 4.5], ∫ϰ²/L>=[6.6, 6.6, 6.4, 6.1], C-C-Sep=0.10, ║∇J║=4.5e-03
Iteration 225/2000-----
currents: [100000.0, 99999.9999991362, 99999.99999934307, 99999.99999950115]
J=4.1e-05, ⟨Jf⟩=3.6e-05, ⟨B·n⟩=2.2e-03, Len=sum([4.0, 3.9, 3.8, 3.8])=15.6, ϰ=[5.1, 5.2, 5.2, 4.5], ∫ϰ²/L>=[6.7, 6.6, 6.4, 6.1], C-C-Sep=0.10, ║∇J║=4.6e-03
Iteration 226/2000-----
currents: [100000.0, 99999.99999913551, 99999.99999934214, 99999.9999995002]
J=4.1e-05, ⟨Jf⟩=3.6e-05, ⟨B·n⟩=2.2e-03, Len=sum([4.0, 4.0, 3.8, 3.8])=15.6, ϰ=[5.1, 5.2, 5.2, 4.6], ∫ϰ²/L>=[6.6, 6.6, 6.3, 6.1], C-C-Sep=0.10, ║∇J║=3.7e-03
Iteration 227/2000-----
currents: [100000.0, 99999.99999913474, 99999.99999934097, 99999.99999949883]
J=4.0e-05, ⟨Jf⟩=3.6e-05, ⟨B·n⟩=2.2e-03, Len=sum([4.0, 4.0, 3.8, 3.8])=15.6, ϰ=[5.1, 5.1, 5.2, 4.6], ∫ϰ²/L>=[6.6, 6.6, 6.3, 6.0], C-C-Sep=0.10, ║∇J║=3.8e-03
Iteration 228/2000-----
currents: [100000.0, 99999.99999913435, 99999.9999993407, 99999.99999949867]
J=4.0e-05, ⟨Jf⟩=3.5e-05, ⟨B·n⟩=2.2e-03, Len=sum([4.0, 4.0, 3.8, 3.8])=15.6, ϰ=[5.1, 5.1, 5.2, 4.7], ∫ϰ²/L>=[6.6, 6.6, 6.3, 6.0], C-C-Sep=0.10, ║∇J║=4.0e-03
Iteration 229/2000-----
currents: [100000.0, 99999.99999913356, 99999.99999933963, 99999.99999949736]
J=4.0e-05, ⟨Jf⟩=3.5e-05, ⟨B·n⟩=2.2e-03, Len=sum([4.0, 4.0, 3.8, 3.8])=15.6, ϰ=[5.1, 5.0, 5.2, 4.7], ∫ϰ²/L>=[6.6, 6.6, 6.3, 6.0], C-C-Sep=0.10, ║∇J║=3.8e-03
Iteration 230/2000-----
currents: [100000.0, 99999.99999913224, 99999.99999933789, 99999.99999949527]
J=4.0e-05, ⟨Jf⟩=3.5e-05, ⟨B·n⟩=2.2e-03, Len=sum([4.0, 4.0, 3.8, 3.8])=15.6, ϰ=[5.1, 5.1, 5.2, 4.7], ∫ϰ²/L>=[6.6, 6.6, 6.3, 6.0], C-C-Sep=0.10, ║∇J║=4.0e-03
Iteration 231/2000-----
currents: [100000.0, 99999.99999913243, 99999.999999338, 99999.9999994953]
J=3.9e-05, ⟨Jf⟩=3.5e-05, ⟨B·n⟩=2.2e-03, Len=sum([4.0, 4.0, 3.8, 3.8])=15.6, ϰ=[5.1, 5.0, 5.2, 4.6], ∫ϰ²/L>=[6.6, 6.5, 6.3, 6.0], C-C-Sep=0.10, ║∇J║=3.3e-03
Iteration 232/2000-----
currents: [100000.0, 99999.99999913244, 99999.99999933766, 99999.99999949473]
J=3.9e-05, ⟨Jf⟩=3.5e-05, ⟨B·n⟩=2.2e-03, Len=sum([4.0, 4.0, 3.8, 3.8])=15.6, ϰ=[5.1, 4.9, 5.2, 4.6], ∫ϰ²/L>=[6.5, 6.5, 6.3, 6.0], C-C-Sep=0.10, ║∇J║=3.0e-03
Iteration 233/2000-----
currents: [100000.0, 99999.99999913221, 99999.9999993368, 99999.99999949365]
J=3.9e-05, ⟨Jf⟩=3.4e-05, ⟨B·n⟩=2.2e-03, Len=sum([4.0, 4.0, 3.8, 3.8])=15.6, ϰ=[5.0, 4.8, 5.1, 4.6], ∫ϰ²/L>=[6.5, 6.5, 6.2, 6.0], C-C-Sep=0.10, ║∇J║=3.7e-03
Iteration 234/2000-----
currents: [100000.0, 99999.99999913135, 99999.9999993349, 99999.99999949113]
J=3.8e-05, ⟨Jf⟩=3.4e-05, ⟨B·n⟩=2.1e-03, Len=sum([4.0, 4.0, 3.8, 3.8])=15.7, ϰ=[5.0, 4.8, 5.1, 4.6], ∫ϰ²/L>=[6.5, 6.5, 6.3, 5.9], C-C-Sep=0.10, ║∇J║=5.4e-03
Iteration 235/2000-----
currents: [100000.0, 99999.99999913113, 99999.99999933463, 99999.99999949097]
J=3.8e-05, ⟨Jf⟩=3.4e-05, ⟨B·n⟩=2.1e-03, Len=sum([4.0, 4.0, 3.8, 3.8])=15.7, ϰ=[5.0, 4.9, 5.1, 4.6], ∫ϰ²/L>=[6.5, 6.5, 6.2, 5.9], C-C-Sep=0.10, ║∇J║=3.8e-03
Iteration 236/2000-----
currents: [100000.0, 99999.99999913033, 99999.99999933329, 99999.99999948945]
J=3.8e-05, ⟨Jf⟩=3.4e-05, ⟨B·n⟩=2.1e-03, Len=sum([4.0, 4.0, 3.8, 3.8])=15.7, ϰ=[5.1, 4.9, 5.1, 4.6], ∫ϰ²/L>=[6.4, 6.5, 6.3, 5.9], C-C-Sep=0.10, ║∇J║=4.6e-03
Iteration 237/2000-----
currents: [100000.0, 99999.99999913039, 99999.99999933309, 99999.99999948907]
J=3.8e-05, ⟨Jf⟩=3.3e-05, ⟨B·n⟩=2.1e-03, Len=sum([4.0, 4.0, 3.8, 3.8])=15.7, ϰ=[5.1, 4.9, 5.1, 4.6], ∫ϰ²/L>=[6.4, 6.5, 6.2, 5.9], C-C-Sep=0.10, ║∇J║=3.5e-03
Iteration 238/2000-----
currents: [100000.0, 99999.9999991302, 99999.99999933263, 99999.99999948846]
J=3.8e-05, ⟨Jf⟩=3.3e-05, ⟨B·n⟩=2.1e-03, Len=sum([4.0, 4.0, 3.8, 3.8])=15.7, ϰ=[5.1, 4.8, 5.1, 4.5], ∫ϰ²/L>=[6.4, 6.5, 6.2, 5.9], C-C-Sep=0.10, ║∇J║=4.4e-03
Iteration 239/2000-----
currents: [100000.0, 99999.99999912987, 99999.99999933173, 99999.9999994872]
J=3.7e-05, ⟨Jf⟩=3.3e-05, ⟨B·n⟩=2.1e-03, Len=sum([4.0, 4.0, 3.8, 3.8])=15.7, ϰ=[5.1, 4.9, 5.1, 4.5], ∫ϰ²/L>=[6.4, 6.5, 6.2, 5.9], C-C-Sep=0.10, ║∇J║=3.5e-03
Iteration 240/2000-----
currents: [100000.0, 99999.99999912886, 99999.99999932927, 99999.99999948377]
J=3.7e-05, ⟨Jf⟩=3.3e-05, ⟨B·n⟩=2.1e-03, Len=sum([4.0, 4.0, 3.9, 3.8])=15.7, ϰ=[5.1, 4.9, 5.1, 4.5], ∫ϰ²/L>=[6.4, 6.5, 6.3, 5.9], C-C-Sep=0.10, ║∇J║=3.7e-03
Iteration 241/2000-----
currents: [100000.0, 99999.99999912879, 99999.99999932866, 99999.999999483]
J=3.7e-05, ⟨Jf⟩=3.2e-05, ⟨B·n⟩=2.1e-03, Len=sum([4.0, 4.0, 3.9, 3.8])=15.7, ϰ=[5.2, 4.9, 5.1, 4.4], ∫ϰ²/L>=[6.3, 6.5, 6.3, 5.9], C-C-Sep=0.10, ║∇J║=4.4e-03
Iteration 242/2000-----
currents: [100000.0, 99999.99999912847, 99999.99999932815, 99999.9999994823]
J=3.7e-05, ⟨Jf⟩=3.2e-05, ⟨B·n⟩=2.1e-03, Len=sum([4.0, 4.0, 3.9, 3.8])=15.7, ϰ=[5.2, 4.8, 5.1, 4.4], ∫ϰ²/L>=[6.3, 6.5, 6.3, 5.9], C-C-Sep=0.10, ║∇J║=3.1e-03
Iteration 243/2000-----
currents: [100000.0, 99999.99999912844, 99999.9999993282, 99999.99999948229]
J=3.6e-05, ⟨Jf⟩=3.2e-05, ⟨B·n⟩=2.1e-03, Len=sum([4.0, 4.0, 3.9, 3.8])=15.7, ϰ=[5.1, 4.7, 5.2, 4.4], ∫ϰ²/L>=[6.2, 6.5, 6.2, 5.9], C-C-Sep=0.10, ║∇J║=2.9e-03
Iteration 244/2000-----
currents: [100000.0, 99999.99999912793, 99999.99999932738, 99999.99999948127]
J=3.6e-05, ⟨Jf⟩=3.2e-05, ⟨B·n⟩=2.1e-03, Len=sum([4.0, 4.0, 3.9, 3.8])=15.7, ϰ=[5.1, 4.7, 5.2, 4.4], ∫ϰ²/L>=[6.2, 6.5, 6.2, 5.9], C-C-Sep=0.10, ║∇J║=3.3e-03
Iteration 245/2000-----
currents: [100000.0, 99999.99999912776, 99999.99999932687, 99999.9999994806]
J=3.6e-05, ⟨Jf⟩=3.2e-05, ⟨B·n⟩=2.1e-03, Len=sum([4.0, 4.0, 3.9, 3.8])=15.7, ϰ=[5.1, 4.6, 5.2, 4.3], ∫ϰ²/L>=[6.2, 6.5, 6.2, 5.9], C-C-Sep=0.10, ║∇J║=3.0e-03
Iteration 246/2000-----
currents: [100000.0, 99999.99999912738, 99999.99999932588, 99999.99999947923]
J=3.6e-05, ⟨Jf⟩=3.2e-05, ⟨B·n⟩=2.0e-03, Len=sum([4.0, 4.0, 3.9, 3.8])=15.7, ϰ=[5.2, 4.6, 5.1, 4.2], ∫ϰ²/L>=[6.1, 6.5, 6.2, 5.9], C-C-Sep=0.10, ║∇J║=3.6e-03
Iteration 247/2000-----
currents: [100000.0, 99999.99999912703, 99999.99999932533, 99999.99999947865]
J=3.6e-05, ⟨Jf⟩=3.2e-05, ⟨B·n⟩=2.0e-03, Len=sum([4.0, 4.0, 3.9, 3.8])=15.7, ϰ=[5.2, 4.7, 5.1, 4.2], ∫ϰ²/L>=[6.1, 6.4, 6.2, 5.9], C-C-Sep=0.10, ║∇J║=2.4e-03
Iteration 248/2000-----
currents: [100000.0, 99999.99999912671, 99999.99999932466, 99999.99999947776]
J=3.5e-05, ⟨Jf⟩=3.1e-05, ⟨B·n⟩=2.0e-03, Len=sum([4.0, 4.0, 3.9, 3.8])=15.7, ϰ=[5.3, 4.7, 5.1, 4.2], ∫ϰ²/L>=[6.1, 6.4, 6.2, 5.9], C-C-Sep=0.10, ║∇J║=2.3e-03
Iteration 249/2000-----
currents: [100000.0, 99999.99999912639, 99999.99999932383, 99999.99999947661]
J=3.5e-05, ⟨Jf⟩=3.1e-05, ⟨B·n⟩=2.0e-03, Len=sum([4.0, 4.0, 3.9, 3.8])=15.7, ϰ=[5.4, 4.7, 5.1, 4.2], ∫ϰ²/L>=[6.1, 6.4, 6.2, 5.9], C-C-Sep=0.10, ║∇J║=3.6e-03
Iteration 250/2000-----
currents: [100000.0, 99999.99999912603, 99999.99999932309, 99999.99999947565]
J=3.5e-05, ⟨Jf⟩=3.1e-05, ⟨B·n⟩=2.0e-03, Len=sum([4.0, 4.0, 3.9, 3.8])=15.7, ϰ=[5.4, 4.7, 5.1, 4.2], ∫ϰ²/L>=[6.1, 6.4, 6.2, 5.8], C-C-Sep=0.10, ║∇J║=1.8e-03
Iteration 251/2000-----
currents: [100000.0, 99999.99999912603, 99999.99999932294, 99999.99999947542]
J=3.5e-05, ⟨Jf⟩=3.1e-05, ⟨B·n⟩=2.0e-03, Len=sum([4.0, 4.0, 3.9, 3.8])=15.7, ϰ=[5.4, 4.7, 5.0, 4.2], ∫ϰ²/L>=[6.1, 6.4, 6.2, 5.8], C-C-Sep=0.10, ║∇J║=1.8e-03
Iteration 252/2000-----
currents: [100000.0, 99999.99999912587, 99999.99999932232, 99999.99999947452]
J=3.5e-05, ⟨Jf⟩=3.1e-05, ⟨B·n⟩=2.0e-03, Len=sum([4.0, 4.0, 3.9, 3.8])=15.7, ϰ=[5.3, 4.6, 5.0, 4.2], ∫ϰ²/L>=[6.2, 6.4, 6.2, 5.8], C-C-Sep=0.10, ║∇J║=2.2e-03
Iteration 253/2000-----
currents: [100000.0, 99999.99999912569, 99999.99999932182, 99999.9999994739]
J=3.5e-05, ⟨Jf⟩=3.1e-05, ⟨B·n⟩=2.0e-03, Len=sum([4.0, 4.0, 3.9, 3.8])=15.7, ϰ=[5.3, 4.5, 5.0, 4.2], ∫ϰ²/L>=[6.2, 6.4, 6.2, 5.8], C-C-Sep=0.10, ║∇J║=4.1e-03
Iteration 254/2000-----
currents: [100000.0, 99999.99999912552, 99999.99999932124, 99999.99999947312]
J=3.5e-05, ⟨Jf⟩=3.1e-05, ⟨B·n⟩=2.0e-03, Len=sum([4.0, 4.0, 3.9, 3.8])=15.7, ϰ=[5.3, 4.5, 5.0, 4.2], ∫ϰ²/L>=[6.2, 6.4, 6.2, 5.8], C-C-Sep=0.10, ║∇J║=2.4e-03
Iteration 255/2000-----
currents: [100000.0, 99999.9999991253, 99999.99999932075, 99999.99999947248]
J=3.5e-05, ⟨Jf⟩=3.1e-05, ⟨B·n⟩=2.0e-03, Len=sum([4.0, 4.0, 3.9, 3.8])=15.7, ϰ=[5.3, 4.5, 5.0, 4.1], ∫ϰ²/L>=[6.1, 6.4, 6.1, 5.8], C-C-Sep=0.10, ║∇J║=2.1e-03
Iteration 256/2000-----
currents: [100000.0, 99999.99999912504, 99999.99999932038, 99999.99999947216]
J=3.4e-05, ⟨Jf⟩=3.1e-05, ⟨B·n⟩=2.0e-03, Len=sum([4.0, 4.0, 3.9, 3.8])=15.7, ϰ=[5.4, 4.5, 4.9, 4.1], ∫ϰ²/L>=[6.1, 6.3, 6.1, 5.8], C-C-Sep=0.10, ║∇J║=2.7e-03
Iteration 257/2000-----
currents: [100000.0, 99999.99999912456, 99999.99999931954, 99999.99999947117]
J=3.4e-05, ⟨Jf⟩=3.0e-05, ⟨B·n⟩=2.0e-03, Len=sum([4.0, 4.0, 3.9, 3.8])=15.7, ϰ=[5.4, 4.4, 4.9, 4.0], ∫ϰ²/L>=[6.1, 6.3, 6.1, 5.8], C-C-Sep=0.10, ║∇J║=3.9e-03
Iteration 258/2000-----
currents: [100000.0, 99999.9999991245, 99999.9999993194, 99999.99999947101]
J=3.4e-05, ⟨Jf⟩=3.0e-05, ⟨B·n⟩=2.0e-03, Len=sum([4.0, 4.0, 3.9, 3.8])=15.7, ϰ=[5.3, 4.4, 4.9, 4.0], ∫ϰ²/L>=[6.1, 6.3, 6.1, 5.8], C-C-Sep=0.10, ║∇J║=2.1e-03
Iteration 259/2000-----
currents: [100000.0, 99999.99999912427, 99999.9999993191, 99999.99999947073]
J=3.4e-05, ⟨Jf⟩=3.0e-05, ⟨B·n⟩=2.0e-03, Len=sum([4.0, 4.0, 3.9, 3.8])=15.7, ϰ=[5.3, 4.4, 4.9, 4.0], ∫ϰ²/L>=[6.1, 6.3, 6.1, 5.8], C-C-Sep=0.10, ║∇J║=1.9e-03
Iteration 260/2000-----
currents: [100000.0, 99999.99999912397, 99999.99999931843, 99999.99999946986]
J=3.4e-05, ⟨Jf⟩=3.0e-05, ⟨B·n⟩=2.0e-03, Len=sum([4.0, 4.0, 3.9, 3.8])=15.7, ϰ=[5.2, 4.4, 5.0, 3.9], ∫ϰ²/L>=[6.1, 6.3, 6.1, 5.8], C-C-Sep=0.10, ║∇J║=2.3e-03
Iteration 261/2000-----
currents: [100000.0, 99999.99999912332, 99999.99999931733, 99999.99999946864]
J=3.4e-05, ⟨Jf⟩=3.0e-05, ⟨B·n⟩=1.9e-03, Len=sum([4.0, 4.0, 3.9, 3.8])=15.7, ϰ=[5.1, 4.4, 5.0, 3.8], ∫ϰ²/L>=[6.1, 6.2, 6.1, 5.8], C-C-Sep=0.10, ║∇J║=3.7e-03
Iteration 262/2000-----
currents: [100000.0, 99999.99999912303, 99999.99999931653, 99999.99999946766]
J=3.4e-05, ⟨Jf⟩=3.0e-05, ⟨B·n⟩=1.9e-03, Len=sum([4.1, 4.0, 3.9, 3.8])=15.7, ϰ=[5.1, 4.4, 5.1, 3.8], ∫ϰ²/L>=[6.1, 6.2, 6.1, 5.8], C-C-Sep=0.10, ║∇J║=2.1e-03
Iteration 263/2000-----
currents: [100000.0, 99999.999999123, 99999.99999931626, 99999.99999946731]
J=3.4e-05, ⟨Jf⟩=3.0e-05, ⟨B·n⟩=1.9e-03, Len=sum([4.1, 4.0, 3.9, 3.8])=15.7, ϰ=[5.1, 4.4, 5.1, 3.8], ∫ϰ²/L>=[6.1, 6.2, 6.1, 5.8], C-C-Sep=0.10, ║∇J║=2.0e-03
Iteration 264/2000-----
currents: [100000.0, 99999.999999123, 99999.99999931599, 99999.99999946702]
J=3.4e-05, ⟨Jf⟩=3.0e-05, ⟨B·n⟩=1.9e-03, Len=sum([4.1, 4.0, 3.9, 3.8])=15.7, ϰ=[5.1, 4.4, 5.1, 3.8], ∫ϰ²/L>=[6.1, 6.2, 6.1, 5.8], C-C-Sep=0.10, ║∇J║=2.4e-03
Iteration 265/2000-----
currents: [100000.0, 99999.9999991227, 99999.99999931525, 99999.99999946632]
J=3.3e-05, ⟨Jf⟩=3.0e-05, ⟨B·n⟩=1.9e-03, Len=sum([4.1, 4.0, 3.9, 3.8])=15.7, ϰ=[5.1, 4.3, 5.1, 3.8], ∫ϰ²/L>=[6.2, 6.2, 6.1, 5.7], C-C-Sep=0.10, ║∇J║=3.5e-03
Iteration 266/2000-----
currents: [100000.0, 99999.9999991227, 99999.99999931485, 99999.9999994658]
J=3.3e-05, ⟨Jf⟩=2.9e-05, ⟨B·n⟩=1.9e-03, Len=sum([4.1, 4.0, 3.9, 3.8])=15.7, ϰ=[5.0, 4.3, 5.1, 3.8], ∫ϰ²/L>=[6.2, 6.2, 6.1, 5.7], C-C-Sep=0.10, ║∇J║=2.1e-03
Iteration 267/2000-----
currents: [100000.0, 99999.99999912265, 99999.9999993145, 99999.99999946542]
J=3.3e-05, ⟨Jf⟩=2.9e-05, ⟨B·n⟩=1.9e-03, Len=sum([4.1, 4.0, 3.9, 3.8])=15.7, ϰ=[5.0, 4.3, 5.1, 3.7], ∫ϰ²/L>=[6.2, 6.2, 6.1, 5.7], C-C-Sep=0.10, ║∇J║=1.8e-03
Iteration 268/2000-----
currents: [100000.0, 99999.9999991224, 99999.99999931385, 99999.99999946472]
J=3.3e-05, ⟨Jf⟩=2.9e-05, ⟨B·n⟩=1.9e-03, Len=sum([4.1, 4.0, 3.9, 3.8])=15.7, ϰ=[5.0, 4.3, 5.1, 3.7], ∫ϰ²/L>=[6.2, 6.1, 6.1, 5.7], C-C-Sep=0.10, ║∇J║=2.3e-03
Iteration 269/2000-----
currents: [100000.0, 99999.99999912191, 99999.9999993127, 99999.99999946357]
J=3.3e-05, ⟨Jf⟩=2.9e-05, ⟨B·n⟩=1.9e-03, Len=sum([4.1, 4.0, 3.9, 3.8])=15.7, ϰ=[5.0, 4.2, 5.0, 3.8], ∫ϰ²/L>=[6.2, 6.1, 6.0, 5.7], C-C-Sep=0.10, ║∇J║=3.0e-03
Iteration 270/2000-----
currents: [100000.0, 99999.99999912157, 99999.99999931197, 99999.99999946293]
J=3.3e-05, ⟨Jf⟩=2.9e-05, ⟨B·n⟩=1.9e-03, Len=sum([4.1, 4.0, 3.9, 3.8])=15.7, ϰ=[5.0, 4.2, 4.9, 3.8], ∫ϰ²/L>=[6.2, 6.1, 6.0, 5.7], C-C-Sep=0.10, ║∇J║=2.3e-03
Iteration 271/2000-----
currents: [100000.0, 99999.99999912105, 99999.99999931107, 99999.99999946213]
J=3.3e-05, ⟨Jf⟩=2.9e-05, ⟨B·n⟩=1.9e-03, Len=sum([4.1, 4.0, 3.9, 3.8])=15.7, ϰ=[5.1, 4.2, 4.8, 3.8], ∫ϰ²/L>=[6.2, 6.1, 6.0, 5.7], C-C-Sep=0.10, ║∇J║=2.1e-03
Iteration 272/2000-----
currents: [100000.0, 99999.99999912057, 99999.9999993103, 99999.99999946143]
J=3.3e-05, ⟨Jf⟩=2.9e-05, ⟨B·n⟩=1.9e-03, Len=sum([4.1, 4.0, 3.9, 3.8])=15.8, ϰ=[5.1, 4.1, 4.8, 3.8], ∫ϰ²/L>=[6.2, 6.1, 6.0, 5.7], C-C-Sep=0.10, ║∇J║=2.4e-03
Iteration 273/2000-----
currents: [100000.0, 99999.99999912022, 99999.99999930945, 99999.99999946055]
J=3.2e-05, ⟨Jf⟩=2.9e-05, ⟨B·n⟩=1.9e-03, Len=sum([4.1, 4.0, 3.9, 3.8])=15.8, ϰ=[5.0, 4.1, 4.8, 3.9], ∫ϰ²/L>=[6.1, 6.1, 6.0, 5.7], C-C-Sep=0.10, ║∇J║=2.4e-03
Iteration 274/2000-----
currents: [100000.0, 99999.99999912009, 99999.99999930893, 99999.99999946007]
J=3.2e-05, ⟨Jf⟩=2.9e-05, ⟨B·n⟩=1.9e-03, Len=sum([4.1, 4.0, 3.9, 3.8])=15.8, ϰ=[5.0, 4.1, 4.8, 3.9], ∫ϰ²/L>=[6.1, 6.1, 6.0, 5.7], C-C-Sep=0.10, ║∇J║=2.2e-03
Iteration 275/2000-----
currents: [100000.0, 99999.99999911986, 99999.99999930774, 99999.99999945865]
J=3.2e-05, ⟨Jf⟩=2.8e-05, ⟨B·n⟩=1.9e-03, Len=sum([4.1, 4.0, 3.9, 3.8])=15.8, ϰ=[5.0, 4.1, 4.8, 3.9], ∫ϰ²/L>=[6.2, 6.1, 6.0, 5.7], C-C-Sep=0.10, ║∇J║=2.3e-03
Iteration 276/2000-----
currents: [100000.0, 99999.9999991199, 99999.99999930746, 99999.99999945845]
J=3.2e-05, ⟨Jf⟩=2.8e-05, ⟨B·n⟩=1.9e-03, Len=sum([4.1, 4.0, 3.9, 3.8])=15.8, ϰ=[4.9, 4.2, 4.8, 3.8], ∫ϰ²/L>=[6.2, 6.1, 6.0, 5.6], C-C-Sep=0.10, ║∇J║=2.5e-03
Iteration 277/2000-----
currents: [100000.0, 99999.99999911981, 99999.99999930673, 99999.9999994577]
J=3.2e-05, ⟨Jf⟩=2.8e-05, ⟨B·n⟩=1.8e-03, Len=sum([4.1, 4.0, 3.9, 3.8])=15.8, ϰ=[4.9, 4.2, 4.8, 3.8], ∫ϰ²/L>=[6.2, 6.1, 5.9, 5.6], C-C-Sep=0.10, ║∇J║=2.2e-03
Iteration 278/2000-----
currents: [100000.0, 99999.9999991194, 99999.99999930564, 99999.99999945672]
J=3.2e-05, ⟨Jf⟩=2.8e-05, ⟨B·n⟩=1.8e-03, Len=sum([4.1, 4.0, 3.9, 3.8])=15.8, ϰ=[4.9, 4.3, 4.8, 3.8], ∫ϰ²/L>=[6.2, 6.1, 5.9, 5.6], C-C-Sep=0.10, ║∇J║=2.7e-03
Iteration 279/2000-----
currents: [100000.0, 99999.99999911919, 99999.99999930506, 99999.99999945622]
J=3.2e-05, ⟨Jf⟩=2.8e-05, ⟨B·n⟩=1.8e-03, Len=sum([4.1, 4.0, 3.9, 3.8])=15.8, ϰ=[4.9, 4.3, 4.8, 3.8], ∫ϰ²/L>=[6.2, 6.0, 5.9, 5.6], C-C-Sep=0.10, ║∇J║=2.2e-03
Iteration 280/2000-----
currents: [100000.0, 99999.99999911893, 99999.99999930458, 99999.99999945582]
J=3.2e-05, ⟨Jf⟩=2.8e-05, ⟨B·n⟩=1.8e-03, Len=sum([4.1, 4.0, 3.9, 3.8])=15.8, ϰ=[4.9, 4.2, 4.8, 3.9], ∫ϰ²/L>=[6.2, 6.0, 5.9, 5.6], C-C-Sep=0.10, ║∇J║=1.8e-03
Iteration 281/2000-----
currents: [100000.0, 99999.99999911849, 99999.99999930369, 99999.999999455]
J=3.2e-05, ⟨Jf⟩=2.8e-05, ⟨B·n⟩=1.8e-03, Len=sum([4.1, 4.0, 3.9, 3.8])=15.8, ϰ=[4.9, 4.2, 4.8, 3.9], ∫ϰ²/L>=[6.2, 6.0, 5.9, 5.6], C-C-Sep=0.10, ║∇J║=2.1e-03
Iteration 282/2000-----
currents: [100000.0, 99999.99999911817, 99999.99999930273, 99999.99999945398]
J=3.1e-05, ⟨Jf⟩=2.8e-05, ⟨B·n⟩=1.8e-03, Len=sum([4.1, 4.0, 3.9, 3.8])=15.8, ϰ=[4.8, 4.2, 4.8, 3.9], ∫ϰ²/L>=[6.2, 6.0, 5.9, 5.6], C-C-Sep=0.10, ║∇J║=2.9e-03
Iteration 283/2000-----
currents: [100000.0, 99999.99999911814, 99999.99999930248, 99999.99999945376]
J=3.1e-05, ⟨Jf⟩=2.8e-05, ⟨B·n⟩=1.8e-03, Len=sum([4.1, 4.0, 3.9, 3.8])=15.8, ϰ=[4.8, 4.2, 4.8, 3.9], ∫ϰ²/L>=[6.2, 6.0, 5.9, 5.6], C-C-Sep=0.10, ║∇J║=1.9e-03
Iteration 284/2000-----
currents: [100000.0, 99999.99999911792, 99999.99999930158, 99999.99999945269]
J=3.1e-05, ⟨Jf⟩=2.8e-05, ⟨B·n⟩=1.8e-03, Len=sum([4.1, 4.0, 3.9, 3.8])=15.8, ϰ=[4.8, 4.2, 4.8, 3.8], ∫ϰ²/L>=[6.2, 6.0, 5.9, 5.6], C-C-Sep=0.10, ║∇J║=1.8e-03
Iteration 285/2000-----
currents: [100000.0, 99999.99999911783, 99999.9999993012, 99999.99999945231]
J=3.1e-05, ⟨Jf⟩=2.8e-05, ⟨B·n⟩=1.8e-03, Len=sum([4.1, 4.0, 3.9, 3.8])=15.8, ϰ=[4.8, 4.1, 4.8, 3.9], ∫ϰ²/L>=[6.2, 6.0, 5.8, 5.6], C-C-Sep=0.10, ║∇J║=1.8e-03
Iteration 286/2000-----
currents: [100000.0, 99999.99999911746, 99999.99999930027, 99999.99999945133]
J=3.1e-05, ⟨Jf⟩=2.7e-05, ⟨B·n⟩=1.8e-03, Len=sum([4.1, 4.0, 3.9, 3.8])=15.8, ϰ=[4.8, 4.1, 4.8, 3.8], ∫ϰ²/L>=[6.2, 6.0, 5.8, 5.6], C-C-Sep=0.10, ║∇J║=1.8e-03
Iteration 287/2000-----
currents: [100000.0, 99999.9999991167, 99999.99999929857, 99999.99999944973]
J=3.1e-05, ⟨Jf⟩=2.7e-05, ⟨B·n⟩=1.8e-03, Len=sum([4.1, 4.0, 3.9, 3.8])=15.8, ϰ=[4.7, 4.1, 4.8, 3.9], ∫ϰ²/L>=[6.2, 5.9, 5.8, 5.6], C-C-Sep=0.10, ║∇J║=3.5e-03
Iteration 288/2000-----
currents: [100000.0, 99999.99999911607, 99999.99999929704, 99999.99999944813]
J=3.1e-05, ⟨Jf⟩=2.7e-05, ⟨B·n⟩=1.8e-03, Len=sum([4.1, 4.0, 3.9, 3.8])=15.8, ϰ=[4.7, 4.0, 4.8, 3.8], ∫ϰ²/L>=[6.2, 5.9, 5.8, 5.6], C-C-Sep=0.10, ║∇J║=2.3e-03
Iteration 289/2000-----
currents: [100000.0, 99999.99999911609, 99999.99999929716, 99999.99999944838]
J=3.1e-05, ⟨Jf⟩=2.7e-05, ⟨B·n⟩=1.8e-03, Len=sum([4.1, 4.0, 3.9, 3.8])=15.8, ϰ=[4.6, 4.0, 4.7, 3.8], ∫ϰ²/L>=[6.2, 5.9, 5.8, 5.6], C-C-Sep=0.10, ║∇J║=1.8e-03
Iteration 290/2000-----
currents: [100000.0, 99999.99999911578, 99999.9999992964, 99999.9999994477]
J=3.1e-05, ⟨Jf⟩=2.7e-05, ⟨B·n⟩=1.8e-03, Len=sum([4.1, 4.0, 3.9, 3.8])=15.8, ϰ=[4.6, 3.9, 4.6, 3.9], ∫ϰ²/L>=[6.2, 5.9, 5.8, 5.6], C-C-Sep=0.10, ║∇J║=1.8e-03
Iteration 291/2000-----
currents: [100000.0, 99999.99999911555, 99999.99999929575, 99999.99999944713]
J=3.1e-05, ⟨Jf⟩=2.7e-05, ⟨B·n⟩=1.8e-03, Len=sum([4.1, 4.0, 3.9, 3.8])=15.8, ϰ=[4.6, 3.9, 4.5, 3.9], ∫ϰ²/L>=[6.2, 5.9, 5.8, 5.6], C-C-Sep=0.10, ║∇J║=2.5e-03
Iteration 292/2000-----
currents: [100000.0, 99999.9999991151, 99999.99999929454, 99999.99999944586]
J=3.0e-05, ⟨Jf⟩=2.7e-05, ⟨B·n⟩=1.8e-03, Len=sum([4.1, 4.0, 3.9, 3.8])=15.8, ϰ=[4.6, 3.9, 4.5, 3.9], ∫ϰ²/L>=[6.2, 5.9, 5.8, 5.6], C-C-Sep=0.10, ║∇J║=1.6e-03
Iteration 293/2000-----
currents: [100000.0, 99999.9999991145, 99999.9999992931, 99999.9999994443]
J=3.0e-05, ⟨Jf⟩=2.7e-05, ⟨B·n⟩=1.8e-03, Len=sum([4.1, 4.0, 3.9, 3.8])=15.8, ϰ=[4.6, 3.9, 4.4, 4.0], ∫ϰ²/L>=[6.2, 5.9, 5.8, 5.6], C-C-Sep=0.10, ║∇J║=1.6e-03
Iteration 294/2000-----
currents: [100000.0, 99999.99999911421, 99999.99999929237, 99999.99999944349]
J=3.0e-05, ⟨Jf⟩=2.7e-05, ⟨B·n⟩=1.8e-03, Len=sum([4.1, 4.0, 3.9, 3.8])=15.8, ϰ=[4.6, 3.9, 4.4, 4.0], ∫ϰ²/L>=[6.2, 5.9, 5.8, 5.6], C-C-Sep=0.10, ║∇J║=1.9e-03
Iteration 295/2000-----
currents: [100000.0, 99999.99999911367, 99999.99999929118, 99999.99999944223]
J=3.0e-05, ⟨Jf⟩=2.7e-05, ⟨B·n⟩=1.7e-03, Len=sum([4.1, 4.0, 3.9, 3.8])=15.8, ϰ=[4.7, 3.9, 4.5, 4.0], ∫ϰ²/L>=[6.2, 5.9, 5.7, 5.6], C-C-Sep=0.10, ║∇J║=1.8e-03
Iteration 296/2000-----
currents: [100000.0, 99999.99999911299, 99999.99999928968, 99999.99999944074]
J=3.0e-05, ⟨Jf⟩=2.6e-05, ⟨B·n⟩=1.7e-03, Len=sum([4.1, 4.0, 3.9, 3.8])=15.8, ϰ=[4.7, 3.8, 4.5, 4.1], ∫ϰ²/L>=[6.1, 5.8, 5.7, 5.6], C-C-Sep=0.10, ║∇J║=2.8e-03
Iteration 297/2000-----
currents: [100000.0, 99999.99999911273, 99999.99999928895, 99999.99999944]
J=3.0e-05, ⟨Jf⟩=2.6e-05, ⟨B·n⟩=1.7e-03, Len=sum([4.1, 4.0, 3.9, 3.8])=15.8, ϰ=[4.6, 3.8, 4.5, 4.1], ∫ϰ²/L>=[6.1, 5.8, 5.7, 5.6], C-C-Sep=0.10, ║∇J║=2.0e-03
Iteration 298/2000-----
currents: [100000.0, 99999.99999911278, 99999.99999928882, 99999.99999943998]
J=3.0e-05, ⟨Jf⟩=2.6e-05, ⟨B·n⟩=1.7e-03, Len=sum([4.1, 4.0, 3.9, 3.8])=15.8, ϰ=[4.6, 3.8, 4.5, 4.1], ∫ϰ²/L>=[6.1, 5.8, 5.7, 5.5], C-C-Sep=0.10, ║∇J║=1.8e-03
Iteration 299/2000-----
currents: [100000.0, 99999.99999911258, 99999.99999928806, 99999.9999994393]
J=3.0e-05, ⟨Jf⟩=2.6e-05, ⟨B·n⟩=1.7e-03, Len=sum([4.1, 4.0, 3.9, 3.8])=15.8, ϰ=[4.6, 3.8, 4.5, 4.1], ∫ϰ²/L>=[6.1, 5.8, 5.7, 5.5], C-C-Sep=0.10, ║∇J║=2.0e-03
Iteration 300/2000-----
currents: [100000.0, 99999.99999911248, 99999.99999928761, 99999.999999439]
J=3.0e-05, ⟨Jf⟩=2.6e-05, ⟨B·n⟩=1.7e-03, Len=sum([4.1, 4.0, 3.9, 3.8])=15.8, ϰ=[4.5, 3.8, 4.4, 4.0], ∫ϰ²/L>=[6.1, 5.8, 5.7, 5.5], C-C-Sep=0.10, ║∇J║=2.6e-03
Iteration 301/2000-----
currents: [100000.0, 99999.99999911213, 99999.99999928653, 99999.99999943779]
J=3.0e-05, ⟨Jf⟩=2.6e-05, ⟨B·n⟩=1.7e-03, Len=sum([4.1, 4.0, 3.9, 3.8])=15.8, ϰ=[4.5, 3.8, 4.4, 4.0], ∫ϰ²/L>=[6.1, 5.8, 5.7, 5.5], C-C-Sep=0.10, ║∇J║=1.5e-03
Iteration 302/2000-----
currents: [100000.0, 99999.99999911188, 99999.99999928592, 99999.99999943706]
J=3.0e-05, ⟨Jf⟩=2.6e-05, ⟨B·n⟩=1.7e-03, Len=sum([4.1, 4.0, 3.9, 3.8])=15.8, ϰ=[4.6, 3.8, 4.3, 4.0], ∫ϰ²/L>=[6.1, 5.8, 5.7, 5.5], C-C-Sep=0.10, ║∇J║=1.4e-03
Iteration 303/2000-----
currents: [100000.0, 99999.99999911134, 99999.99999928456, 99999.99999943555]
J=3.0e-05, ⟨Jf⟩=2.6e-05, ⟨B·n⟩=1.7e-03, Len=sum([4.1, 4.0, 3.9, 3.8])=15.8, ϰ=[4.6, 3.8, 4.3, 4.0], ∫ϰ²/L>=[6.1, 5.8, 5.7, 5.5], C-C-Sep=0.10, ║∇J║=1.6e-03
Iteration 304/2000-----
currents: [100000.0, 99999.99999911085, 99999.99999928301, 99999.99999943384]
J=2.9e-05, ⟨Jf⟩=2.6e-05, ⟨B·n⟩=1.7e-03, Len=sum([4.1, 4.0, 3.9, 3.8])=15.8, ϰ=[4.5, 3.8, 4.2, 3.9], ∫ϰ²/L>=[6.1, 5.8, 5.6, 5.5], C-C-Sep=0.10, ║∇J║=2.5e-03
Iteration 305/2000-----
currents: [100000.0, 99999.99999911027, 99999.99999928147, 99999.9999994322]
J=2.9e-05, ⟨Jf⟩=2.6e-05, ⟨B·n⟩=1.7e-03, Len=sum([4.1, 4.0, 3.9, 3.8])=15.8, ϰ=[4.5, 3.8, 4.1, 3.9], ∫ϰ²/L>=[6.1, 5.8, 5.6, 5.5], C-C-Sep=0.10, ║∇J║=1.7e-03
Iteration 306/2000-----
currents: [100000.0, 99999.9999991099, 99999.99999928035, 99999.99999943106]
J=2.9e-05, ⟨Jf⟩=2.6e-05, ⟨B·n⟩=1.7e-03, Len=sum([4.1, 4.0, 3.9, 3.8])=15.8, ϰ=[4.4, 3.8, 4.0, 3.9], ∫ϰ²/L>=[6.1, 5.8, 5.6, 5.5], C-C-Sep=0.10, ║∇J║=1.7e-03
Iteration 307/2000-----
currents: [100000.0, 99999.99999910971, 99999.99999927964, 99999.99999943035]
J=2.9e-05, ⟨Jf⟩=2.6e-05, ⟨B·n⟩=1.7e-03, Len=sum([4.1, 4.0, 3.9, 3.8])=15.8, ϰ=[4.4, 3.8, 4.0, 3.9], ∫ϰ²/L>=[6.1, 5.8, 5.6, 5.4], C-C-Sep=0.10, ║∇J║=1.8e-03
Iteration 308/2000-----
currents: [100000.0, 99999.99999910971, 99999.99999927945, 99999.99999943018]
J=2.9e-05, ⟨Jf⟩=2.6e-05, ⟨B·n⟩=1.7e-03, Len=sum([4.1, 4.0, 3.9, 3.8])=15.8, ϰ=[4.4, 3.8, 4.0, 3.8], ∫ϰ²/L>=[6.0, 5.8, 5.6, 5.4], C-C-Sep=0.10, ║∇J║=1.5e-03
Iteration 309/2000-----
currents: [100000.0, 99999.9999991094, 99999.99999927865, 99999.99999942939]
J=2.9e-05, ⟨Jf⟩=2.5e-05, ⟨B·n⟩=1.7e-03, Len=sum([4.1, 4.0, 3.9, 3.8])=15.8, ϰ=[4.4, 3.9, 4.0, 3.8], ∫ϰ²/L>=[6.0, 5.8, 5.6, 5.4], C-C-Sep=0.10, ║∇J║=1.5e-03
Iteration 310/2000-----
currents: [100000.0, 99999.99999910925, 99999.99999927815, 99999.9999994289]
J=2.9e-05, ⟨Jf⟩=2.5e-05, ⟨B·n⟩=1.7e-03, Len=sum([4.1, 4.0, 3.9, 3.8])=15.8, ϰ=[4.4, 3.9, 4.1, 3.8], ∫ϰ²/L>=[6.0, 5.8, 5.6, 5.4], C-C-Sep=0.10, ║∇J║=1.4e-03
Iteration 311/2000-----
currents: [100000.0, 99999.99999910884, 99999.99999927706, 99999.99999942778]
J=2.9e-05, ⟨Jf⟩=2.5e-05, ⟨B·n⟩=1.7e-03, Len=sum([4.1, 4.0, 3.9, 3.8])=15.8, ϰ=[4.5, 3.9, 4.1, 3.8], ∫ϰ²/L>=[6.0, 5.7, 5.6, 5.4], C-C-Sep=0.10, ║∇J║=1.4e-03
Iteration 312/2000-----
currents: [100000.0, 99999.99999910826, 99999.99999927537, 99999.99999942613]
J=2.9e-05, ⟨Jf⟩=2.5e-05, ⟨B·n⟩=1.7e-03, Len=sum([4.1, 4.0, 3.9, 3.8])=15.8, ϰ=[4.5, 3.9, 4.2, 3.7], ∫ϰ²/L>=[6.0, 5.7, 5.6, 5.4], C-C-Sep=0.10, ║∇J║=2.4e-03
Iteration 313/2000-----
currents: [100000.0, 99999.99999910797, 99999.99999927446, 99999.99999942523]
J=2.9e-05, ⟨Jf⟩=2.5e-05, ⟨B·n⟩=1.7e-03, Len=sum([4.1, 4.0, 3.9, 3.8])=15.8, ϰ=[4.5, 3.9, 4.2, 3.7], ∫ϰ²/L>=[6.0, 5.7, 5.6, 5.4], C-C-Sep=0.10, ║∇J║=1.5e-03
Iteration 314/2000-----
currents: [100000.0, 99999.99999910794, 99999.99999927417, 99999.99999942492]
J=2.9e-05, ⟨Jf⟩=2.5e-05, ⟨B·n⟩=1.7e-03, Len=sum([4.1, 4.0, 3.9, 3.8])=15.8, ϰ=[4.5, 3.9, 4.2, 3.7], ∫ϰ²/L>=[6.0, 5.7, 5.6, 5.4], C-C-Sep=0.10, ║∇J║=1.4e-03
Iteration 315/2000-----
currents: [100000.0, 99999.99999910776, 99999.99999927335, 99999.99999942411]
J=2.9e-05, ⟨Jf⟩=2.5e-05, ⟨B·n⟩=1.7e-03, Len=sum([4.1, 4.0, 3.9, 3.8])=15.8, ϰ=[4.6, 3.9, 4.3, 3.7], ∫ϰ²/L>=[6.0, 5.7, 5.6, 5.4], C-C-Sep=0.10, ║∇J║=1.6e-03
Iteration 316/2000-----
currents: [100000.0, 99999.99999910743, 99999.9999992721, 99999.99999942286]
J=2.9e-05, ⟨Jf⟩=2.5e-05, ⟨B·n⟩=1.7e-03, Len=sum([4.1, 4.0, 3.9, 3.8])=15.8, ϰ=[4.6, 3.9, 4.4, 3.7], ∫ϰ²/L>=[6.0, 5.7, 5.6, 5.4], C-C-Sep=0.10, ║∇J║=2.3e-03
Iteration 317/2000-----
currents: [100000.0, 99999.99999910734, 99999.99999927159, 99999.99999942233]
J=2.9e-05, ⟨Jf⟩=2.5e-05, ⟨B·n⟩=1.7e-03, Len=sum([4.1, 4.0, 3.9, 3.8])=15.8, ϰ=[4.7, 3.9, 4.4, 3.7], ∫ϰ²/L>=[6.0, 5.7, 5.5, 5.4], C-C-Sep=0.10, ║∇J║=1.4e-03
Iteration 318/2000-----
currents: [100000.0, 99999.99999910689, 99999.99999927037, 99999.99999942114]
J=2.9e-05, ⟨Jf⟩=2.5e-05, ⟨B·n⟩=1.7e-03, Len=sum([4.1, 4.0, 3.9, 3.8])=15.8, ϰ=[4.7, 3.9, 4.4, 3.7], ∫ϰ²/L>=[6.0, 5.7, 5.5, 5.4], C-C-Sep=0.10, ║∇J║=1.3e-03
Iteration 319/2000-----
currents: [100000.0, 99999.99999910702, 99999.99999927056, 99999.99999942144]
J=2.8e-05, ⟨Jf⟩=2.5e-05, ⟨B·n⟩=1.7e-03, Len=sum([4.1, 4.0, 3.9, 3.8])=15.8, ϰ=[4.8, 3.9, 4.5, 3.7], ∫ϰ²/L>=[6.0, 5.7, 5.5, 5.4], C-C-Sep=0.10, ║∇J║=1.6e-03
Iteration 320/2000-----
currents: [100000.0, 99999.99999910666, 99999.99999926954, 99999.99999942046]
J=2.8e-05, ⟨Jf⟩=2.5e-05, ⟨B·n⟩=1.7e-03, Len=sum([4.1, 4.0, 3.9, 3.8])=15.8, ϰ=[4.8, 4.0, 4.5, 3.6], ∫ϰ²/L>=[6.0, 5.7, 5.5, 5.4], C-C-Sep=0.10, ║∇J║=1.3e-03
Iteration 321/2000-----
currents: [100000.0, 99999.9999991065, 99999.99999926919, 99999.99999942021]
J=2.8e-05, ⟨Jf⟩=2.5e-05, ⟨B·n⟩=1.7e-03, Len=sum([4.1, 4.0, 3.9, 3.8])=15.8, ϰ=[4.8, 4.0, 4.5, 3.6], ∫ϰ²/L>=[6.0, 5.7, 5.5, 5.4], C-C-Sep=0.10, ║∇J║=1.3e-03
Iteration 322/2000-----
currents: [100000.0, 99999.99999910637, 99999.99999926877, 99999.99999941983]
J=2.8e-05, ⟨Jf⟩=2.5e-05, ⟨B·n⟩=1.7e-03, Len=sum([4.1, 4.0, 3.9, 3.8])=15.8, ϰ=[4.8, 3.9, 4.4, 3.5], ∫ϰ²/L>=[6.0, 5.7, 5.5, 5.3], C-C-Sep=0.10, ║∇J║=1.4e-03
Iteration 323/2000-----
currents: [100000.0, 99999.99999910615, 99999.9999992682, 99999.9999994193]
J=2.8e-05, ⟨Jf⟩=2.5e-05, ⟨B·n⟩=1.7e-03, Len=sum([4.1, 4.0, 3.9, 3.8])=15.8, ϰ=[4.8, 4.0, 4.4, 3.5], ∫ϰ²/L>=[6.0, 5.7, 5.5, 5.3], C-C-Sep=0.10, ║∇J║=1.6e-03
Iteration 324/2000-----
currents: [100000.0, 99999.99999910578, 99999.99999926695, 99999.9999994181]
J=2.8e-05, ⟨Jf⟩=2.5e-05, ⟨B·n⟩=1.7e-03, Len=sum([4.1, 4.0, 3.9, 3.8])=15.8, ϰ=[4.7, 4.1, 4.4, 3.4], ∫ϰ²/L>=[5.9, 5.7, 5.5, 5.3], C-C-Sep=0.10, ║∇J║=1.8e-03
Iteration 325/2000-----
currents: [100000.0, 99999.99999910532, 99999.99999926567, 99999.99999941695]
J=2.8e-05, ⟨Jf⟩=2.5e-05, ⟨B·n⟩=1.7e-03, Len=sum([4.1, 4.0, 3.9, 3.8])=15.8, ϰ=[4.6, 4.2, 4.4, 3.5], ∫ϰ²/L>=[6.0, 5.7, 5.5, 5.3], C-C-Sep=0.10, ║∇J║=2.2e-03
Iteration 326/2000-----
currents: [100000.0, 99999.99999910514, 99999.99999926488, 99999.99999941626]
J=2.8e-05, ⟨Jf⟩=2.5e-05, ⟨B·n⟩=1.7e-03, Len=sum([4.1, 4.0, 3.9, 3.8])=15.8, ϰ=[4.6, 4.2, 4.4, 3.5], ∫ϰ²/L>=[6.0, 5.6, 5.5, 5.3], C-C-Sep=0.10, ║∇J║=1.5e-03
Iteration 327/2000-----
currents: [100000.0, 99999.99999910519, 99999.99999926459, 99999.99999941602]
J=2.8e-05, ⟨Jf⟩=2.5e-05, ⟨B·n⟩=1.7e-03, Len=sum([4.1, 4.0, 3.9, 3.8])=15.8, ϰ=[4.5, 4.1, 4.3, 3.5], ∫ϰ²/L>=[5.9, 5.6, 5.5, 5.3], C-C-Sep=0.10, ║∇J║=1.4e-03
Iteration 328/2000-----
currents: [100000.0, 99999.99999910488, 99999.99999926354, 99999.99999941509]
J=2.8e-05, ⟨Jf⟩=2.5e-05, ⟨B·n⟩=1.7e-03, Len=sum([4.1, 4.0, 3.9, 3.8])=15.8, ϰ=[4.4, 4.1, 4.4, 3.5], ∫ϰ²/L>=[5.9, 5.6, 5.5, 5.3], C-C-Sep=0.10, ║∇J║=1.5e-03
Iteration 329/2000-----
currents: [100000.0, 99999.9999991049, 99999.99999926331, 99999.999999415]
J=2.8e-05, ⟨Jf⟩=2.5e-05, ⟨B·n⟩=1.7e-03, Len=sum([4.1, 4.0, 3.9, 3.8])=15.8, ϰ=[4.4, 4.0, 4.4, 3.5], ∫ϰ²/L>=[5.9, 5.6, 5.5, 5.3], C-C-Sep=0.10, ║∇J║=1.7e-03
Iteration 330/2000-----
currents: [100000.0, 99999.99999910437, 99999.99999926181, 99999.99999941353]
J=2.8e-05, ⟨Jf⟩=2.5e-05, ⟨B·n⟩=1.7e-03, Len=sum([4.1, 4.0, 3.9, 3.8])=15.8, ϰ=[4.3, 4.0, 4.4, 3.5], ∫ϰ²/L>=[5.9, 5.6, 5.5, 5.3], C-C-Sep=0.10, ║∇J║=1.5e-03
Iteration 331/2000-----
currents: [100000.0, 99999.9999991042, 99999.99999926164, 99999.99999941334]
J=2.8e-05, ⟨Jf⟩=2.5e-05, ⟨B·n⟩=1.7e-03, Len=sum([4.1, 4.0, 3.9, 3.8])=15.8, ϰ=[4.3, 4.0, 4.4, 3.5], ∫ϰ²/L>=[5.9, 5.6, 5.5, 5.3], C-C-Sep=0.10, ║∇J║=1.3e-03
Iteration 332/2000-----
currents: [100000.0, 99999.99999910362, 99999.99999926028, 99999.99999941191]
J=2.8e-05, ⟨Jf⟩=2.4e-05, ⟨B·n⟩=1.7e-03, Len=sum([4.1, 4.0, 3.9, 3.8])=15.8, ϰ=[4.3, 4.0, 4.4, 3.5], ∫ϰ²/L>=[5.9, 5.6, 5.5, 5.3], C-C-Sep=0.10, ║∇J║=1.4e-03
Iteration 333/2000-----
currents: [100000.0, 99999.99999910327, 99999.99999925954, 99999.99999941107]
J=2.8e-05, ⟨Jf⟩=2.4e-05, ⟨B·n⟩=1.7e-03, Len=sum([4.1, 4.0, 3.9, 3.8])=15.8, ϰ=[4.3, 4.0, 4.4, 3.4], ∫ϰ²/L>=[5.9, 5.6, 5.5, 5.3], C-C-Sep=0.10, ║∇J║=1.7e-03
Iteration 334/2000-----
currents: [100000.0, 99999.99999910255, 99999.99999925766, 99999.99999940912]
J=2.7e-05, ⟨Jf⟩=2.4e-05, ⟨B·n⟩=1.6e-03, Len=sum([4.1, 4.0, 3.9, 3.8])=15.8, ϰ=[4.3, 4.0, 4.4, 3.4], ∫ϰ²/L>=[5.9, 5.6, 5.5, 5.3], C-C-Sep=0.10, ║∇J║=1.5e-03
Iteration 335/2000-----
currents: [100000.0, 99999.99999910183, 99999.99999925554, 99999.99999940692]
J=2.7e-05, ⟨Jf⟩=2.4e-05, ⟨B·n⟩=1.6e-03, Len=sum([4.1, 4.0, 3.9, 3.8])=15.8, ϰ=[4.2, 4.0, 4.4, 3.5], ∫ϰ²/L>=[5.9, 5.6, 5.5, 5.3], C-C-Sep=0.10, ║∇J║=1.7e-03
Iteration 336/2000-----
currents: [100000.0, 99999.99999910126, 99999.99999925401, 99999.99999940528]
J=2.7e-05, ⟨Jf⟩=2.4e-05, ⟨B·n⟩=1.6e-03, Len=sum([4.1, 4.0, 3.9, 3.8])=15.8, ϰ=[4.3, 4.1, 4.3, 3.5], ∫ϰ²/L>=[5.9, 5.6, 5.5, 5.3], C-C-Sep=0.10, ║∇J║=1.6e-03
Iteration 337/2000-----
currents: [100000.0, 99999.99999910116, 99999.99999925366, 99999.99999940493]
J=2.7e-05, ⟨Jf⟩=2.4e-05, ⟨B·n⟩=1.6e-03, Len=sum([4.1, 4.0, 3.9, 3.8])=15.8, ϰ=[4.3, 4.1, 4.3, 3.5], ∫ϰ²/L>=[5.9, 5.6, 5.5, 5.3], C-C-Sep=0.10, ║∇J║=1.3e-03
Iteration 338/2000-----
currents: [100000.0, 99999.99999910075, 99999.99999925261, 99999.9999994038]
J=2.7e-05, ⟨Jf⟩=2.4e-05, ⟨B·n⟩=1.6e-03, Len=sum([4.1, 4.0, 3.9, 3.8])=15.8, ϰ=[4.3, 4.2, 4.3, 3.5], ∫ϰ²/L>=[5.8, 5.6, 5.5, 5.3], C-C-Sep=0.10, ║∇J║=1.7e-03
Iteration 339/2000-----
currents: [100000.0, 99999.99999910043, 99999.99999925143, 99999.99999940251]
J=2.7e-05, ⟨Jf⟩=2.4e-05, ⟨B·n⟩=1.6e-03, Len=sum([4.1, 4.0, 3.9, 3.8])=15.8, ϰ=[4.3, 4.2, 4.3, 3.5], ∫ϰ²/L>=[5.8, 5.6, 5.5, 5.3], C-C-Sep=0.10, ║∇J║=1.5e-03
Iteration 340/2000-----
currents: [100000.0, 99999.9999991003, 99999.99999925078, 99999.9999994017]
J=2.7e-05, ⟨Jf⟩=2.4e-05, ⟨B·n⟩=1.6e-03, Len=sum([4.1, 4.0, 3.9, 3.8])=15.8, ϰ=[4.4, 4.2, 4.3, 3.6], ∫ϰ²/L>=[5.8, 5.6, 5.5, 5.3], C-C-Sep=0.10, ║∇J║=1.5e-03
Iteration 341/2000-----
currents: [100000.0, 99999.99999909951, 99999.99999924765, 99999.9999993982]
J=2.7e-05, ⟨Jf⟩=2.4e-05, ⟨B·n⟩=1.6e-03, Len=sum([4.1, 4.0, 3.9, 3.8])=15.8, ϰ=[4.3, 4.2, 4.4, 3.7], ∫ϰ²/L>=[5.8, 5.6, 5.5, 5.3], C-C-Sep=0.10, ║∇J║=2.4e-03
Iteration 342/2000-----
currents: [100000.0, 99999.99999909986, 99999.99999924873, 99999.99999939925]
J=2.7e-05, ⟨Jf⟩=2.4e-05, ⟨B·n⟩=1.6e-03, Len=sum([4.1, 4.0, 3.9, 3.8])=15.8, ϰ=[4.3, 4.2, 4.4, 3.6], ∫ϰ²/L>=[5.8, 5.6, 5.5, 5.3], C-C-Sep=0.10, ║∇J║=1.4e-03
Iteration 343/2000-----
currents: [100000.0, 99999.99999909967, 99999.99999924809, 99999.99999939857]
J=2.7e-05, ⟨Jf⟩=2.4e-05, ⟨B·n⟩=1.6e-03, Len=sum([4.1, 4.0, 3.9, 3.8])=15.8, ϰ=[4.3, 4.2, 4.3, 3.6], ∫ϰ²/L>=[5.8, 5.6, 5.5, 5.3], C-C-Sep=0.10, ║∇J║=1.3e-03
Iteration 344/2000-----
currents: [100000.0, 99999.99999909944, 99999.9999992472, 99999.99999939757]
J=2.7e-05, ⟨Jf⟩=2.4e-05, ⟨B·n⟩=1.6e-03, Len=sum([4.1, 4.0, 3.9, 3.8])=15.8, ϰ=[4.3, 4.2, 4.3, 3.6], ∫ϰ²/L>=[5.8, 5.6, 5.5, 5.2], C-C-Sep=0.10, ║∇J║=1.3e-03
Iteration 345/2000-----
currents: [100000.0, 99999.99999909867, 99999.99999924465, 99999.99999939476]
J=2.7e-05, ⟨Jf⟩=2.4e-05, ⟨B·n⟩=1.6e-03, Len=sum([4.1, 4.0, 3.9, 3.8])=15.8, ϰ=[4.2, 4.2, 4.2, 3.7], ∫ϰ²/L>=[5.8, 5.6, 5.5, 5.3], C-C-Sep=0.10, ║∇J║=1.7e-03
Iteration 346/2000-----
currents: [100000.0, 99999.99999909836, 99999.99999924334, 99999.99999939335]
J=2.7e-05, ⟨Jf⟩=2.4e-05, ⟨B·n⟩=1.6e-03, Len=sum([4.1, 4.0, 3.9, 3.8])=15.8, ϰ=[4.2, 4.2, 4.2, 3.7], ∫ϰ²/L>=[5.8, 5.6, 5.5, 5.2], C-C-Sep=0.10, ║∇J║=1.4e-03
Iteration 347/2000-----
currents: [100000.0, 99999.99999909806, 99999.99999924254, 99999.99999939247]
J=2.7e-05, ⟨Jf⟩=2.4e-05, ⟨B·n⟩=1.6e-03, Len=sum([4.1, 4.0, 3.9, 3.8])=15.8, ϰ=[4.2, 4.2, 4.2, 3.7], ∫ϰ²/L>=[5.8, 5.6, 5.5, 5.2], C-C-Sep=0.10, ║∇J║=1.2e-03
Iteration 348/2000-----
currents: [100000.0, 99999.99999909775, 99999.99999924173, 99999.99999939157]
J=2.7e-05, ⟨Jf⟩=2.3e-05, ⟨B·n⟩=1.6e-03, Len=sum([4.1, 4.0, 3.9, 3.8])=15.8, ϰ=[4.3, 4.3, 4.2, 3.7], ∫ϰ²/L>=[5.8, 5.6, 5.5, 5.2], C-C-Sep=0.10, ║∇J║=1.4e-03
Iteration 349/2000-----
currents: [100000.0, 99999.99999909748, 99999.99999924097, 99999.99999939071]
J=2.7e-05, ⟨Jf⟩=2.3e-05, ⟨B·n⟩=1.6e-03, Len=sum([4.1, 4.0, 3.9, 3.8])=15.8, ϰ=[4.3, 4.3, 4.1, 3.7], ∫ϰ²/L>=[5.8, 5.6, 5.5, 5.2], C-C-Sep=0.10, ║∇J║=1.4e-03
Iteration 350/2000-----
currents: [100000.0, 99999.99999909727, 99999.99999924046, 99999.99999939007]
J=2.6e-05, ⟨Jf⟩=2.3e-05, ⟨B·n⟩=1.6e-03, Len=sum([4.1, 4.0, 3.9, 3.8])=15.8, ϰ=[4.4, 4.3, 4.1, 3.8], ∫ϰ²/L>=[5.8, 5.5, 5.5, 5.2], C-C-Sep=0.10, ║∇J║=1.1e-03
Iteration 351/2000-----
currents: [100000.0, 99999.99999909694, 99999.9999992394, 99999.99999938885]
J=2.6e-05, ⟨Jf⟩=2.3e-05, ⟨B·n⟩=1.6e-03, Len=sum([4.1, 4.0, 3.9, 3.8])=15.8, ϰ=[4.4, 4.3, 4.1, 3.8], ∫ϰ²/L>=[5.8, 5.5, 5.5, 5.2], C-C-Sep=0.10, ║∇J║=1.4e-03
Iteration 352/2000-----
currents: [100000.0, 99999.99999909682, 99999.99999923882, 99999.99999938809]
J=2.6e-05, ⟨Jf⟩=2.3e-05, ⟨B·n⟩=1.6e-03, Len=sum([4.1, 4.0, 3.9, 3.8])=15.8, ϰ=[4.4, 4.3, 4.1, 3.8], ∫ϰ²/L>=[5.8, 5.5, 5.5, 5.2], C-C-Sep=0.10, ║∇J║=1.4e-03
Iteration 353/2000-----
currents: [100000.0, 99999.99999909653, 99999.99999923761, 99999.99999938668]
J=2.6e-05, ⟨Jf⟩=2.3e-05, ⟨B·n⟩=1.6e-03, Len=sum([4.1, 4.0, 3.9, 3.8])=15.8, ϰ=[4.4, 4.3, 4.0, 3.8], ∫ϰ²/L>=[5.8, 5.5, 5.5, 5.2], C-C-Sep=0.10, ║∇J║=1.3e-03
Iteration 354/2000-----
currents: [100000.0, 99999.99999909634, 99999.99999923633, 99999.99999938518]
J=2.6e-05, ⟨Jf⟩=2.3e-05, ⟨B·n⟩=1.6e-03, Len=sum([4.1, 4.0, 3.9, 3.8])=15.8, ϰ=[4.4, 4.2, 3.9, 3.8], ∫ϰ²/L>=[5.8, 5.5, 5.4, 5.2], C-C-Sep=0.10, ║∇J║=1.5e-03
Iteration 355/2000-----
currents: [100000.0, 99999.99999909567, 99999.999999234, 99999.9999993827]
J=2.6e-05, ⟨Jf⟩=2.3e-05, ⟨B·n⟩=1.6e-03, Len=sum([4.1, 4.0, 3.9, 3.8])=15.8, ϰ=[4.4, 4.1, 3.9, 3.8], ∫ϰ²/L>=[5.8, 5.5, 5.5, 5.2], C-C-Sep=0.10, ║∇J║=1.8e-03
Iteration 356/2000-----
currents: [100000.0, 99999.99999909577, 99999.99999923409, 99999.99999938277]
J=2.6e-05, ⟨Jf⟩=2.3e-05, ⟨B·n⟩=1.6e-03, Len=sum([4.1, 4.0, 3.9, 3.8])=15.8, ϰ=[4.4, 4.1, 3.9, 3.8], ∫ϰ²/L>=[5.7, 5.5, 5.4, 5.2], C-C-Sep=0.10, ║∇J║=1.4e-03
Iteration 357/2000-----
currents: [100000.0, 99999.99999909532, 99999.99999923256, 99999.99999938124]
J=2.6e-05, ⟨Jf⟩=2.3e-05, ⟨B·n⟩=1.6e-03, Len=sum([4.1, 4.0, 3.9, 3.8])=15.8, ϰ=[4.4, 4.1, 3.9, 3.8], ∫ϰ²/L>=[5.7, 5.5, 5.4, 5.2], C-C-Sep=0.10, ║∇J║=1.3e-03
Iteration 358/2000-----
currents: [100000.0, 99999.9999990953, 99999.99999923218, 99999.99999938076]
J=2.6e-05, ⟨Jf⟩=2.3e-05, ⟨B·n⟩=1.6e-03, Len=sum([4.1, 4.0, 3.9, 3.8])=15.8, ϰ=[4.4, 4.1, 3.9, 3.8], ∫ϰ²/L>=[5.7, 5.5, 5.4, 5.2], C-C-Sep=0.10, ║∇J║=1.3e-03
Iteration 359/2000-----
currents: [100000.0, 99999.99999909475, 99999.99999923025, 99999.99999937865]
J=2.6e-05, ⟨Jf⟩=2.3e-05, ⟨B·n⟩=1.6e-03, Len=sum([4.1, 4.0, 3.9, 3.8])=15.8, ϰ=[4.4, 4.1, 4.0, 3.9], ∫ϰ²/L>=[5.7, 5.5, 5.4, 5.2], C-C-Sep=0.10, ║∇J║=1.2e-03
Iteration 360/2000-----
currents: [100000.0, 99999.99999909446, 99999.99999922897, 99999.99999937715]
J=2.6e-05, ⟨Jf⟩=2.3e-05, ⟨B·n⟩=1.6e-03, Len=sum([4.1, 4.0, 3.9, 3.8])=15.8, ϰ=[4.3, 4.1, 3.9, 3.9], ∫ϰ²/L>=[5.7, 5.5, 5.4, 5.2], C-C-Sep=0.10, ║∇J║=1.4e-03
Iteration 361/2000-----
currents: [100000.0, 99999.99999909423, 99999.99999922825, 99999.9999993763]
J=2.6e-05, ⟨Jf⟩=2.3e-05, ⟨B·n⟩=1.6e-03, Len=sum([4.1, 4.0, 3.9, 3.8])=15.8, ϰ=[4.4, 4.2, 4.0, 3.9], ∫ϰ²/L>=[5.7, 5.5, 5.4, 5.2], C-C-Sep=0.10, ║∇J║=1.1e-03
Iteration 362/2000-----
currents: [100000.0, 99999.99999909413, 99999.99999922793, 99999.99999937588]
J=2.6e-05, ⟨Jf⟩=2.3e-05, ⟨B·n⟩=1.6e-03, Len=sum([4.1, 4.0, 3.9, 3.8])=15.8, ϰ=[4.4, 4.2, 4.0, 3.9], ∫ϰ²/L>=[5.7, 5.5, 5.4, 5.2], C-C-Sep=0.10, ║∇J║=1.0e-03
Iteration 363/2000-----
currents: [100000.0, 99999.99999909395, 99999.99999922744, 99999.99999937523]
J=2.6e-05, ⟨Jf⟩=2.3e-05, ⟨B·n⟩=1.6e-03, Len=sum([4.1, 4.0, 3.9, 3.8])=15.8, ϰ=[4.5, 4.2, 4.0, 3.9], ∫ϰ²/L>=[5.7, 5.5, 5.4, 5.2], C-C-Sep=0.10, ║∇J║=1.2e-03
Iteration 364/2000-----
currents: [100000.0, 99999.99999909365, 99999.99999922677, 99999.9999993745]
J=2.6e-05, ⟨Jf⟩=2.3e-05, ⟨B·n⟩=1.6e-03, Len=sum([4.1, 4.0, 3.9, 3.8])=15.8, ϰ=[4.6, 4.2, 4.1, 3.8], ∫ϰ²/L>=[5.7, 5.5, 5.4, 5.2], C-C-Sep=0.10, ║∇J║=1.4e-03
Iteration 365/2000-----
currents: [100000.0, 99999.99999909334, 99999.99999922611, 99999.9999993738]
J=2.6e-05, ⟨Jf⟩=2.3e-05, ⟨B·n⟩=1.6e-03, Len=sum([4.1, 4.0, 3.9, 3.8])=15.8, ϰ=[4.6, 4.2, 4.1, 3.8], ∫ϰ²/L>=[5.7, 5.5, 5.4, 5.2], C-C-Sep=0.10, ║∇J║=1.2e-03
Iteration 366/2000-----
currents: [100000.0, 99999.99999909285, 99999.99999922501, 99999.99999937264]
J=2.6e-05, ⟨Jf⟩=2.3e-05, ⟨B·n⟩=1.6e-03, Len=sum([4.1, 4.0, 3.9, 3.8])=15.8, ϰ=[4.6, 4.2, 4.1, 3.8], ∫ϰ²/L>=[5.7, 5.5, 5.4, 5.2], C-C-Sep=0.10, ║∇J║=1.1e-03
Iteration 367/2000-----
currents: [100000.0, 99999.99999909269, 99999.99999922456, 99999.9999993722]
J=2.6e-05, ⟨Jf⟩=2.3e-05, ⟨B·n⟩=1.6e-03, Len=sum([4.1, 4.0, 3.9, 3.8])=15.8, ϰ=[4.6, 4.2, 4.1, 3.7], ∫ϰ²/L>=[5.7, 5.4, 5.4, 5.2], C-C-Sep=0.10, ║∇J║=1.2e-03
Iteration 368/2000-----
currents: [100000.0, 99999.99999909254, 99999.99999922403, 99999.99999937165]
J=2.6e-05, ⟨Jf⟩=2.3e-05, ⟨B·n⟩=1.6e-03, Len=sum([4.1, 4.0, 3.9, 3.8])=15.8, ϰ=[4.6, 4.1, 4.1, 3.7], ∫ϰ²/L>=[5.7, 5.4, 5.4, 5.2], C-C-Sep=0.10, ║∇J║=9.7e-04
Iteration 369/2000-----
currents: [100000.0, 99999.99999909253, 99999.99999922358, 99999.99999937105]
J=2.6e-05, ⟨Jf⟩=2.3e-05, ⟨B·n⟩=1.6e-03, Len=sum([4.1, 4.0, 3.9, 3.8])=15.8, ϰ=[4.5, 4.1, 4.1, 3.7], ∫ϰ²/L>=[5.7, 5.4, 5.4, 5.2], C-C-Sep=0.10, ║∇J║=1.1e-03
Iteration 370/2000-----
currents: [100000.0, 99999.99999909228, 99999.99999922227, 99999.99999936955]
J=2.6e-05, ⟨Jf⟩=2.3e-05, ⟨B·n⟩=1.6e-03, Len=sum([4.1, 4.0, 3.9, 3.8])=15.8, ϰ=[4.5, 4.1, 4.1, 3.7], ∫ϰ²/L>=[5.7, 5.4, 5.4, 5.2], C-C-Sep=0.10, ║∇J║=1.3e-03
Iteration 371/2000-----
currents: [100000.0, 99999.99999909225, 99999.99999922146, 99999.99999936846]
J=2.5e-05, ⟨Jf⟩=2.3e-05, ⟨B·n⟩=1.6e-03, Len=sum([4.1, 4.0, 3.9, 3.8])=15.8, ϰ=[4.5, 4.1, 4.1, 3.7], ∫ϰ²/L>=[5.7, 5.4, 5.4, 5.2], C-C-Sep=0.10, ║∇J║=1.3e-03
Iteration 372/2000-----
currents: [100000.0, 99999.99999909206, 99999.99999922037, 99999.99999936717]
J=2.5e-05, ⟨Jf⟩=2.3e-05, ⟨B·n⟩=1.6e-03, Len=sum([4.1, 4.0, 3.9, 3.8])=15.8, ϰ=[4.5, 4.2, 4.1, 3.7], ∫ϰ²/L>=[5.7, 5.4, 5.4, 5.2], C-C-Sep=0.10, ║∇J║=1.6e-03
Iteration 373/2000-----
currents: [100000.0, 99999.99999909205, 99999.99999922032, 99999.99999936704]
J=2.5e-05, ⟨Jf⟩=2.3e-05, ⟨B·n⟩=1.6e-03, Len=sum([4.1, 4.0, 3.9, 3.8])=15.8, ϰ=[4.5, 4.2, 4.1, 3.7], ∫ϰ²/L>=[5.7, 5.4, 5.4, 5.2], C-C-Sep=0.10, ║∇J║=1.2e-03
Iteration 374/2000-----
currents: [100000.0, 99999.99999909176, 99999.99999921933, 99999.99999936596]
J=2.5e-05, ⟨Jf⟩=2.3e-05, ⟨B·n⟩=1.6e-03, Len=sum([4.1, 4.0, 3.9, 3.8])=15.8, ϰ=[4.4, 4.2, 4.1, 3.8], ∫ϰ²/L>=[5.7, 5.4, 5.4, 5.2], C-C-Sep=0.10, ║∇J║=1.1e-03
Iteration 375/2000-----
currents: [100000.0, 99999.99999909177, 99999.99999921997, 99999.9999993667]
J=2.5e-05, ⟨Jf⟩=2.3e-05, ⟨B·n⟩=1.6e-03, Len=sum([4.1, 4.0, 3.9, 3.8])=15.8, ϰ=[4.4, 4.2, 4.1, 3.7], ∫ϰ²/L>=[5.7, 5.4, 5.3, 5.2], C-C-Sep=0.10, ║∇J║=1.2e-03
Iteration 376/2000-----
currents: [100000.0, 99999.99999909116, 99999.99999921792, 99999.9999993646]
J=2.5e-05, ⟨Jf⟩=2.3e-05, ⟨B·n⟩=1.6e-03, Len=sum([4.1, 4.0, 3.9, 3.8])=15.8, ϰ=[4.2, 4.2, 4.1, 3.8], ∫ϰ²/L>=[5.7, 5.4, 5.4, 5.2], C-C-Sep=0.10, ║∇J║=1.8e-03
Iteration 377/2000-----
currents: [100000.0, 99999.99999909091, 99999.99999921705, 99999.99999936362]
J=2.5e-05, ⟨Jf⟩=2.3e-05, ⟨B·n⟩=1.6e-03, Len=sum([4.1, 4.0, 3.9, 3.8])=15.8, ϰ=[4.2, 4.2, 4.2, 3.8], ∫ϰ²/L>=[5.7, 5.4, 5.3, 5.2], C-C-Sep=0.10, ║∇J║=9.9e-04
Iteration 378/2000-----
currents: [100000.0, 99999.99999909085, 99999.99999921679, 99999.99999936334]
J=2.5e-05, ⟨Jf⟩=2.3e-05, ⟨B·n⟩=1.6e-03, Len=sum([4.1, 4.0, 3.9, 3.8])=15.8, ϰ=[4.2, 4.2, 4.2, 3.8], ∫ϰ²/L>=[5.7, 5.4, 5.3, 5.2], C-C-Sep=0.10, ║∇J║=1.1e-03
Iteration 379/2000-----
currents: [100000.0, 99999.99999909027, 99999.9999992152, 99999.99999936155]
J=2.5e-05, ⟨Jf⟩=2.3e-05, ⟨B·n⟩=1.6e-03, Len=sum([4.1, 4.0, 3.9, 3.8])=15.8, ϰ=[4.2, 4.1, 4.3, 3.8], ∫ϰ²/L>=[5.7, 5.4, 5.3, 5.2], C-C-Sep=0.10, ║∇J║=1.3e-03
Iteration 380/2000-----
currents: [100000.0, 99999.99999909001, 99999.99999921431, 99999.99999936066]
J=2.5e-05, ⟨Jf⟩=2.3e-05, ⟨B·n⟩=1.6e-03, Len=sum([4.1, 4.0, 3.9, 3.8])=15.8, ϰ=[4.2, 4.0, 4.3, 3.8], ∫ϰ²/L>=[5.7, 5.4, 5.3, 5.2], C-C-Sep=0.10, ║∇J║=1.0e-03
Iteration 381/2000-----
currents: [100000.0, 99999.99999908947, 99999.99999921271, 99999.99999935896]
J=2.5e-05, ⟨Jf⟩=2.2e-05, ⟨B·n⟩=1.6e-03, Len=sum([4.1, 4.0, 3.9, 3.8])=15.8, ϰ=[4.3, 3.9, 4.4, 3.8], ∫ϰ²/L>=[5.7, 5.4, 5.3, 5.2], C-C-Sep=0.10, ║∇J║=1.0e-03
Iteration 382/2000-----
currents: [100000.0, 99999.99999908918, 99999.99999921181, 99999.99999935807]
J=2.5e-05, ⟨Jf⟩=2.2e-05, ⟨B·n⟩=1.6e-03, Len=sum([4.1, 4.0, 3.9, 3.8])=15.8, ϰ=[4.2, 3.9, 4.4, 3.8], ∫ϰ²/L>=[5.7, 5.4, 5.3, 5.2], C-C-Sep=0.10, ║∇J║=1.1e-03
Iteration 383/2000-----
currents: [100000.0, 99999.99999908892, 99999.99999921095, 99999.9999993572]
J=2.5e-05, ⟨Jf⟩=2.2e-05, ⟨B·n⟩=1.6e-03, Len=sum([4.1, 4.0, 3.9, 3.8])=15.8, ϰ=[4.2, 3.9, 4.4, 3.8], ∫ϰ²/L>=[5.7, 5.4, 5.3, 5.2], C-C-Sep=0.10, ║∇J║=1.0e-03
Iteration 384/2000-----
currents: [100000.0, 99999.99999908856, 99999.99999920966, 99999.99999935589]
J=2.5e-05, ⟨Jf⟩=2.2e-05, ⟨B·n⟩=1.6e-03, Len=sum([4.1, 4.0, 3.9, 3.8])=15.8, ϰ=[4.1, 3.9, 4.3, 3.8], ∫ϰ²/L>=[5.7, 5.4, 5.4, 5.2], C-C-Sep=0.10, ║∇J║=1.1e-03
Iteration 385/2000-----
currents: [100000.0, 99999.9999990881, 99999.99999920801, 99999.99999935419]
J=2.5e-05, ⟨Jf⟩=2.2e-05, ⟨B·n⟩=1.6e-03, Len=sum([4.1, 4.0, 3.9, 3.8])=15.8, ϰ=[4.1, 3.9, 4.3, 3.8], ∫ϰ²/L>=[5.7, 5.4, 5.4, 5.2], C-C-Sep=0.10, ║∇J║=1.6e-03
Iteration 386/2000-----
currents: [100000.0, 99999.99999908789, 99999.99999920708, 99999.99999935315]
J=2.5e-05, ⟨Jf⟩=2.2e-05, ⟨B·n⟩=1.6e-03, Len=sum([4.1, 4.0, 3.9, 3.8])=15.8, ϰ=[4.1, 4.0, 4.3, 3.8], ∫ϰ²/L>=[5.7, 5.4, 5.4, 5.2], C-C-Sep=0.10, ║∇J║=1.2e-03
Iteration 387/2000-----
currents: [100000.0, 99999.99999908745, 99999.99999920551, 99999.99999935138]
J=2.5e-05, ⟨Jf⟩=2.2e-05, ⟨B·n⟩=1.6e-03, Len=sum([4.1, 4.0, 3.9, 3.8])=15.8, ϰ=[4.1, 4.0, 4.4, 3.8], ∫ϰ²/L>=[5.7, 5.4, 5.4, 5.2], C-C-Sep=0.10, ║∇J║=1.2e-03
Iteration 388/2000-----
currents: [100000.0, 99999.9999990873, 99999.99999920475, 99999.9999993504]
J=2.5e-05, ⟨Jf⟩=2.2e-05, ⟨B·n⟩=1.6e-03, Len=sum([4.1, 4.0, 3.9, 3.8])=15.8, ϰ=[4.2, 4.1, 4.4, 3.8], ∫ϰ²/L>=[5.7, 5.4, 5.4, 5.2], C-C-Sep=0.10, ║∇J║=1.4e-03
Iteration 389/2000-----
currents: [100000.0, 99999.9999990868, 99999.99999920317, 99999.99999934858]
J=2.5e-05, ⟨Jf⟩=2.2e-05, ⟨B·n⟩=1.6e-03, Len=sum([4.1, 4.0, 3.9, 3.8])=15.8, ϰ=[4.2, 4.1, 4.5, 3.8], ∫ϰ²/L>=[5.7, 5.4, 5.4, 5.2], C-C-Sep=0.10, ║∇J║=1.2e-03
Iteration 390/2000-----
currents: [100000.0, 99999.99999908649, 99999.99999920238, 99999.99999934762]
J=2.5e-05, ⟨Jf⟩=2.2e-05, ⟨B·n⟩=1.6e-03, Len=sum([4.1, 4.0, 3.9, 3.8])=15.8, ϰ=[4.1, 4.1, 4.6, 3.9], ∫ϰ²/L>=[5.7, 5.4, 5.4, 5.2], C-C-Sep=0.10, ║∇J║=1.2e-03
Iteration 391/2000-----
currents: [100000.0, 99999.99999908583, 99999.99999920046, 99999.99999934541]
J=2.5e-05, ⟨Jf⟩=2.2e-05, ⟨B·n⟩=1.6e-03, Len=sum([4.1, 4.0, 3.9, 3.8])=15.8, ϰ=[4.1, 4.1, 4.6, 3.9], ∫ϰ²/L>=[5.7, 5.4, 5.4, 5.2], C-C-Sep=0.10, ║∇J║=1.3e-03
Iteration 392/2000-----
currents: [100000.0, 99999.99999908562, 99999.99999920005, 99999.99999934493]
J=2.5e-05, ⟨Jf⟩=2.2e-05, ⟨B·n⟩=1.6e-03, Len=sum([4.1, 4.0, 3.9, 3.8])=15.8, ϰ=[4.1, 4.2, 4.7, 3.9], ∫ϰ²/L>=[5.6, 5.4, 5.4, 5.2], C-C-Sep=0.10, ║∇J║=1.3e-03
Iteration 393/2000-----
currents: [100000.0, 99999.9999990851, 99999.9999991984, 99999.99999934313]
J=2.4e-05, ⟨Jf⟩=2.2e-05, ⟨B·n⟩=1.6e-03, Len=sum([4.1, 4.0, 3.9, 3.8])=15.8, ϰ=[4.1, 4.3, 4.7, 3.9], ∫ϰ²/L>=[5.7, 5.4, 5.4, 5.2], C-C-Sep=0.10, ║∇J║=1.3e-03
Iteration 394/2000-----
currents: [100000.0, 99999.99999908484, 99999.9999991977, 99999.99999934236]
J=2.4e-05, ⟨Jf⟩=2.2e-05, ⟨B·n⟩=1.6e-03, Len=sum([4.1, 4.0, 3.9, 3.8])=15.8, ϰ=[4.1, 4.4, 4.7, 3.9], ∫ϰ²/L>=[5.6, 5.4, 5.4, 5.2], C-C-Sep=0.10, ║∇J║=1.3e-03
Iteration 395/2000-----
currents: [100000.0, 99999.9999990844, 99999.999999196, 99999.99999934049]
J=2.4e-05, ⟨Jf⟩=2.2e-05, ⟨B·n⟩=1.6e-03, Len=sum([4.1, 4.0, 3.9, 3.8])=15.8, ϰ=[4.1, 4.5, 4.7, 3.9], ∫ϰ²/L>=[5.6, 5.4, 5.4, 5.2], C-C-Sep=0.10, ║∇J║=1.1e-03
Iteration 396/2000-----
currents: [100000.0, 99999.99999908412, 99999.99999919503, 99999.99999933937]
J=2.4e-05, ⟨Jf⟩=2.2e-05, ⟨B·n⟩=1.6e-03, Len=sum([4.1, 4.0, 3.9, 3.8])=15.8, ϰ=[4.0, 4.5, 4.7, 3.9], ∫ϰ²/L>=[5.6, 5.4, 5.4, 5.2], C-C-Sep=0.10, ║∇J║=1.3e-03
Iteration 397/2000-----
currents: [100000.0, 99999.99999908367, 99999.99999919324, 99999.99999933735]
J=2.4e-05, ⟨Jf⟩=2.2e-05, ⟨B·n⟩=1.6e-03, Len=sum([4.0, 4.0, 3.9, 3.8])=15.8, ϰ=[4.1, 4.6, 4.7, 4.0], ∫ϰ²/L>=[5.6, 5.4, 5.4, 5.3], C-C-Sep=0.10, ║∇J║=1.4e-03
Iteration 398/2000-----
currents: [100000.0, 99999.99999908356, 99999.99999919266, 99999.99999933661]
J=2.4e-05, ⟨Jf⟩=2.2e-05, ⟨B·n⟩=1.6e-03, Len=sum([4.0, 4.0, 3.9, 3.8])=15.8, ϰ=[4.1, 4.6, 4.6, 4.0], ∫ϰ²/L>=[5.6, 5.4, 5.4, 5.3], C-C-Sep=0.10, ║∇J║=1.3e-03
Iteration 399/2000-----
currents: [100000.0, 99999.99999908314, 99999.99999919129, 99999.99999933498]
J=2.4e-05, ⟨Jf⟩=2.2e-05, ⟨B·n⟩=1.6e-03, Len=sum([4.0, 4.0, 3.9, 3.8])=15.8, ϰ=[4.0, 4.6, 4.5, 4.0], ∫ϰ²/L>=[5.6, 5.4, 5.4, 5.3], C-C-Sep=0.10, ║∇J║=1.1e-03
Iteration 400/2000-----
currents: [100000.0, 99999.9999990829, 99999.99999919091, 99999.99999933458]
J=2.4e-05, ⟨Jf⟩=2.2e-05, ⟨B·n⟩=1.6e-03, Len=sum([4.0, 4.0, 3.9, 3.8])=15.8, ϰ=[4.1, 4.6, 4.4, 3.9], ∫ϰ²/L>=[5.6, 5.4, 5.4, 5.3], C-C-Sep=0.10, ║∇J║=1.5e-03
Iteration 401/2000-----
currents: [100000.0, 99999.99999908236, 99999.99999918973, 99999.99999933325]
J=2.4e-05, ⟨Jf⟩=2.2e-05, ⟨B·n⟩=1.6e-03, Len=sum([4.0, 4.0, 3.9, 3.8])=15.8, ϰ=[4.1, 4.6, 4.3, 3.9], ∫ϰ²/L>=[5.6, 5.4, 5.4, 5.3], C-C-Sep=0.10, ║∇J║=1.2e-03
Iteration 402/2000-----
currents: [100000.0, 99999.99999908161, 99999.99999918845, 99999.99999933195]
J=2.4e-05, ⟨Jf⟩=2.2e-05, ⟨B·n⟩=1.6e-03, Len=sum([4.0, 4.0, 3.9, 3.8])=15.8, ϰ=[4.1, 4.6, 4.3, 3.9], ∫ϰ²/L>=[5.6, 5.4, 5.4, 5.3], C-C-Sep=0.10, ║∇J║=1.2e-03
Iteration 403/2000-----
currents: [100000.0, 99999.99999908106, 99999.99999918719, 99999.99999933058]
J=2.4e-05, ⟨Jf⟩=2.2e-05, ⟨B·n⟩=1.6e-03, Len=sum([4.0, 4.0, 3.9, 3.8])=15.8, ϰ=[4.2, 4.6, 4.2, 3.9], ∫ϰ²/L>=[5.6, 5.4, 5.4, 5.3], C-C-Sep=0.10, ║∇J║=1.1e-03
Iteration 404/2000-----
currents: [100000.0, 99999.99999908099, 99999.99999918694, 99999.99999933032]
J=2.4e-05, ⟨Jf⟩=2.2e-05, ⟨B·n⟩=1.6e-03, Len=sum([4.0, 4.0, 3.9, 3.8])=15.8, ϰ=[4.1, 4.6, 4.3, 3.8], ∫ϰ²/L>=[5.6, 5.4, 5.4, 5.3], C-C-Sep=0.10, ║∇J║=1.0e-03
Iteration 405/2000-----
currents: [100000.0, 99999.99999908077, 99999.99999918627, 99999.9999993296]
J=2.4e-05, ⟨Jf⟩=2.2e-05, ⟨B·n⟩=1.6e-03, Len=sum([4.0, 4.0, 3.9, 3.8])=15.8, ϰ=[4.1, 4.6, 4.3, 3.8], ∫ϰ²/L>=[5.6, 5.4, 5.4, 5.3], C-C-Sep=0.10, ║∇J║=1.1e-03
Iteration 406/2000-----
currents: [100000.0, 99999.99999908045, 99999.99999918518, 99999.99999932837]
J=2.4e-05, ⟨Jf⟩=2.2e-05, ⟨B·n⟩=1.5e-03, Len=sum([4.0, 4.0, 3.9, 3.8])=15.8, ϰ=[4.1, 4.7, 4.4, 3.8], ∫ϰ²/L>=[5.5, 5.4, 5.3, 5.3], C-C-Sep=0.10, ║∇J║=1.4e-03
Iteration 407/2000-----
currents: [100000.0, 99999.99999908009, 99999.99999918403, 99999.99999932706]
J=2.4e-05, ⟨Jf⟩=2.2e-05, ⟨B·n⟩=1.5e-03, Len=sum([4.0, 4.0, 3.9, 3.8])=15.8, ϰ=[4.1, 4.6, 4.4, 3.9], ∫ϰ²/L>=[5.5, 5.4, 5.3, 5.3], C-C-Sep=0.10, ║∇J║=1.3e-03
Iteration 408/2000-----
currents: [100000.0, 99999.99999907937, 99999.99999918207, 99999.99999932491]
J=2.4e-05, ⟨Jf⟩=2.2e-05, ⟨B·n⟩=1.5e-03, Len=sum([4.0, 4.0, 3.9, 3.8])=15.8, ϰ=[4.1, 4.7, 4.5, 4.0], ∫ϰ²/L>=[5.6, 5.4, 5.3, 5.3], C-C-Sep=0.10, ║∇J║=1.3e-03
Iteration 409/2000-----
currents: [100000.0, 99999.99999907952, 99999.99999918239, 99999.99999932526]
J=2.4e-05, ⟨Jf⟩=2.2e-05, ⟨B·n⟩=1.5e-03, Len=sum([4.0, 4.0, 3.9, 3.8])=15.8, ϰ=[4.0, 4.7, 4.4, 4.0], ∫ϰ²/L>=[5.6, 5.4, 5.3, 5.3], C-C-Sep=0.10, ║∇J║=1.1e-03
Iteration 410/2000-----
currents: [100000.0, 99999.99999907934, 99999.99999918207, 99999.99999932488]
J=2.4e-05, ⟨Jf⟩=2.2e-05, ⟨B·n⟩=1.5e-03, Len=sum([4.0, 4.0, 3.9, 3.8])=15.8, ϰ=[4.0, 4.6, 4.4, 4.0], ∫ϰ²/L>=[5.5, 5.4, 5.3, 5.3], C-C-Sep=0.10, ║∇J║=1.2e-03
Iteration 411/2000-----
currents: [100000.0, 99999.99999907883, 99999.99999918058, 99999.99999932323]
J=2.4e-05, ⟨Jf⟩=2.2e-05, ⟨B·n⟩=1.5e-03, Len=sum([4.0, 4.0, 3.9, 3.8])=15.8, ϰ=[4.0, 4.6, 4.4, 4.0], ∫ϰ²/L>=[5.5, 5.4, 5.3, 5.3], C-C-Sep=0.10, ║∇J║=1.0e-03
Iteration 412/2000-----
currents: [100000.0, 99999.99999907869, 99999.99999918009, 99999.99999932268]
J=2.4e-05, ⟨Jf⟩=2.2e-05, ⟨B·n⟩=1.5e-03, Len=sum([4.0, 4.0, 3.9, 3.8])=15.8, ϰ=[4.1, 4.7, 4.4, 4.0], ∫ϰ²/L>=[5.5, 5.4, 5.3, 5.3], C-C-Sep=0.10, ║∇J║=9.0e-04
Iteration 413/2000-----
currents: [100000.0, 99999.99999907827, 99999.99999917859, 99999.99999932101]
J=2.4e-05, ⟨Jf⟩=2.2e-05, ⟨B·n⟩=1.5e-03, Len=sum([4.0, 4.0, 3.9, 3.8])=15.7, ϰ=[4.1, 4.7, 4.4, 4.0], ∫ϰ²/L>=[5.5, 5.4, 5.3, 5.3], C-C-Sep=0.10, ║∇J║=1.2e-03
Iteration 414/2000-----
currents: [100000.0, 99999.99999907817, 99999.99999917805, 99999.99999932041]
J=2.4e-05, ⟨Jf⟩=2.2e-05, ⟨B·n⟩=1.5e-03, Len=sum([4.0, 4.0, 3.9, 3.8])=15.7, ϰ=[4.1, 4.7, 4.4, 4.1], ∫ϰ²/L>=[5.5, 5.4, 5.4, 5.3], C-C-Sep=0.10, ║∇J║=1.6e-03
Iteration 415/2000-----
currents: [100000.0, 99999.9999990782, 99999.99999917795, 99999.99999932038]
J=2.3e-05, ⟨Jf⟩=2.2e-05, ⟨B·n⟩=1.5e-03, Len=sum([4.0, 4.0, 3.9, 3.8])=15.7, ϰ=[4.1, 4.7, 4.4, 4.0], ∫ϰ²/L>=[5.5, 5.4, 5.3, 5.3], C-C-Sep=0.10, ║∇J║=1.1e-03
Iteration 416/2000-----
currents: [100000.0, 99999.99999907774, 99999.99999917649, 99999.99999931893]
J=2.3e-05, ⟨Jf⟩=2.2e-05, ⟨B·n⟩=1.5e-03, Len=sum([4.0, 4.0, 3.9, 3.8])=15.7, ϰ=[4.0, 4.8, 4.4, 4.1], ∫ϰ²/L>=[5.5, 5.4, 5.4, 5.3], C-C-Sep=0.10, ║∇J║=1.5e-03
Iteration 417/2000-----
currents: [100000.0, 99999.9999990774, 99999.99999917539, 99999.99999931788]
J=2.3e-05, ⟨Jf⟩=2.2e-05, ⟨B·n⟩=1.5e-03, Len=sum([4.0, 4.0, 3.9, 3.8])=15.7, ϰ=[3.9, 4.8, 4.3, 4.1], ∫ϰ²/L>=[5.5, 5.4, 5.4, 5.3], C-C-Sep=0.10, ║∇J║=1.1e-03
Iteration 418/2000-----
currents: [100000.0, 99999.99999907736, 99999.9999991753, 99999.99999931786]
J=2.3e-05, ⟨Jf⟩=2.2e-05, ⟨B·n⟩=1.5e-03, Len=sum([4.0, 4.0, 3.9, 3.8])=15.7, ϰ=[3.9, 4.7, 4.3, 4.2], ∫ϰ²/L>=[5.5, 5.4, 5.4, 5.3], C-C-Sep=0.10, ║∇J║=9.6e-04
Iteration 419/2000-----
currents: [100000.0, 99999.999999077, 99999.99999917418, 99999.99999931667]
J=2.3e-05, ⟨Jf⟩=2.2e-05, ⟨B·n⟩=1.5e-03, Len=sum([4.0, 4.0, 3.9, 3.8])=15.7, ϰ=[3.9, 4.7, 4.3, 4.2], ∫ϰ²/L>=[5.5, 5.4, 5.4, 5.3], C-C-Sep=0.10, ║∇J║=8.9e-04
Iteration 420/2000-----
currents: [100000.0, 99999.9999990768, 99999.99999917373, 99999.99999931623]
J=2.3e-05, ⟨Jf⟩=2.2e-05, ⟨B·n⟩=1.5e-03, Len=sum([4.0, 4.0, 3.9, 3.8])=15.7, ϰ=[3.9, 4.7, 4.3, 4.2], ∫ϰ²/L>=[5.5, 5.4, 5.4, 5.3], C-C-Sep=0.10, ║∇J║=1.0e-03
Iteration 421/2000-----
currents: [100000.0, 99999.99999907656, 99999.99999917326, 99999.99999931586]
J=2.3e-05, ⟨Jf⟩=2.2e-05, ⟨B·n⟩=1.5e-03, Len=sum([4.0, 4.0, 3.9, 3.8])=15.7, ϰ=[3.9, 4.7, 4.3, 4.2], ∫ϰ²/L>=[5.5, 5.4, 5.3, 5.3], C-C-Sep=0.10, ║∇J║=1.1e-03
Iteration 422/2000-----
currents: [100000.0, 99999.99999907607, 99999.99999917197, 99999.99999931463]
J=2.3e-05, ⟨Jf⟩=2.1e-05, ⟨B·n⟩=1.5e-03, Len=sum([4.0, 4.0, 3.9, 3.8])=15.7, ϰ=[3.9, 4.6, 4.3, 4.2], ∫ϰ²/L>=[5.5, 5.4, 5.3, 5.3], C-C-Sep=0.10, ║∇J║=1.6e-03
Iteration 423/2000-----
currents: [100000.0, 99999.99999907572, 99999.99999917124, 99999.99999931411]
J=2.3e-05, ⟨Jf⟩=2.1e-05, ⟨B·n⟩=1.5e-03, Len=sum([4.0, 4.0, 3.9, 3.8])=15.7, ϰ=[3.9, 4.6, 4.3, 4.2], ∫ϰ²/L>=[5.5, 5.4, 5.3, 5.3], C-C-Sep=0.10, ║∇J║=1.3e-03
Iteration 424/2000-----
currents: [100000.0, 99999.99999907541, 99999.99999917035, 99999.99999931328]
J=2.3e-05, ⟨Jf⟩=2.1e-05, ⟨B·n⟩=1.5e-03, Len=sum([4.0, 4.0, 3.9, 3.8])=15.7, ϰ=[3.9, 4.5, 4.3, 4.2], ∫ϰ²/L>=[5.5, 5.4, 5.3, 5.3], C-C-Sep=0.10, ║∇J║=1.1e-03
Iteration 425/2000-----
currents: [100000.0, 99999.99999907517, 99999.99999916964, 99999.99999931263]
J=2.3e-05, ⟨Jf⟩=2.1e-05, ⟨B·n⟩=1.5e-03, Len=sum([4.0, 4.0, 3.9, 3.8])=15.7, ϰ=[3.9, 4.5, 4.3, 4.2], ∫ϰ²/L>=[5.5, 5.4, 5.3, 5.3], C-C-Sep=0.10, ║∇J║=1.3e-03
Iteration 426/2000-----
currents: [100000.0, 99999.99999907476, 99999.99999916871, 99999.99999931178]
J=2.3e-05, ⟨Jf⟩=2.1e-05, ⟨B·n⟩=1.5e-03, Len=sum([4.0, 4.0, 3.9, 3.8])=15.7, ϰ=[3.9, 4.6, 4.4, 4.2], ∫ϰ²/L>=[5.5, 5.4, 5.4, 5.3], C-C-Sep=0.10, ║∇J║=1.5e-03
Iteration 427/2000-----
currents: [100000.0, 99999.99999907456, 99999.99999916807, 99999.99999931113]
J=2.3e-05, ⟨Jf⟩=2.1e-05, ⟨B·n⟩=1.5e-03, Len=sum([4.0, 4.0, 3.9, 3.8])=15.7, ϰ=[3.9, 4.6, 4.4, 4.2], ∫ϰ²/L>=[5.5, 5.4, 5.4, 5.3], C-C-Sep=0.10, ║∇J║=9.7e-04
Iteration 428/2000-----
currents: [100000.0, 99999.99999907437, 99999.99999916754, 99999.9999993106]
J=2.3e-05, ⟨Jf⟩=2.1e-05, ⟨B·n⟩=1.5e-03, Len=sum([4.0, 4.0, 3.9, 3.8])=15.7, ϰ=[3.9, 4.6, 4.4, 4.2], ∫ϰ²/L>=[5.5, 5.4, 5.4, 5.3], C-C-Sep=0.10, ║∇J║=1.0e-03
Iteration 429/2000-----
currents: [100000.0, 99999.9999990738, 99999.99999916607, 99999.99999930915]
J=2.3e-05, ⟨Jf⟩=2.1e-05, ⟨B·n⟩=1.5e-03, Len=sum([4.0, 4.0, 3.9, 3.8])=15.7, ϰ=[3.8, 4.7, 4.4, 4.2], ∫ϰ²/L>=[5.5, 5.4, 5.4, 5.3], C-C-Sep=0.10, ║∇J║=1.3e-03
Iteration 430/2000-----
currents: [100000.0, 99999.9999990733, 99999.99999916481, 99999.99999930803]
J=2.3e-05, ⟨Jf⟩=2.1e-05, ⟨B·n⟩=1.5e-03, Len=sum([4.0, 4.0, 3.9, 3.8])=15.7, ϰ=[3.9, 4.7, 4.4, 4.2], ∫ϰ²/L>=[5.5, 5.4, 5.4, 5.3], C-C-Sep=0.10, ║∇J║=1.2e-03
Iteration 431/2000-----
currents: [100000.0, 99999.99999907275, 99999.99999916345, 99999.99999930675]
J=2.3e-05, ⟨Jf⟩=2.1e-05, ⟨B·n⟩=1.5e-03, Len=sum([4.0, 4.0, 3.9, 3.8])=15.7, ϰ=[4.0, 4.7, 4.5, 4.2], ∫ϰ²/L>=[5.4, 5.4, 5.4, 5.3], C-C-Sep=0.10, ║∇J║=1.4e-03
Iteration 432/2000-----
currents: [100000.0, 99999.99999907248, 99999.99999916276, 99999.99999930609]
J=2.3e-05, ⟨Jf⟩=2.1e-05, ⟨B·n⟩=1.5e-03, Len=sum([4.0, 4.0, 3.9, 3.8])=15.7, ϰ=[3.9, 4.7, 4.5, 4.2], ∫ϰ²/L>=[5.4, 5.4, 5.4, 5.3], C-C-Sep=0.10, ║∇J║=1.1e-03
Iteration 433/2000-----
currents: [100000.0, 99999.99999907262, 99999.99999916313, 99999.99999930653]
J=2.3e-05, ⟨Jf⟩=2.1e-05, ⟨B·n⟩=1.5e-03, Len=sum([4.0, 4.0, 3.9, 3.8])=15.7, ϰ=[3.9, 4.7, 4.5, 4.2], ∫ϰ²/L>=[5.4, 5.4, 5.4, 5.3], C-C-Sep=0.10, ║∇J║=9.9e-04
Iteration 434/2000-----
currents: [100000.0, 99999.99999907256, 99999.999999163, 99999.99999930641]
J=2.3e-05, ⟨Jf⟩=2.1e-05, ⟨B·n⟩=1.5e-03, Len=sum([4.0, 4.0, 3.9, 3.8])=15.7, ϰ=[3.8, 4.6, 4.5, 4.2], ∫ϰ²/L>=[5.4, 5.4, 5.4, 5.3], C-C-Sep=0.10, ║∇J║=1.3e-03
Iteration 435/2000-----
currents: [100000.0, 99999.99999907245, 99999.9999991627, 99999.9999993061]
J=2.3e-05, ⟨Jf⟩=2.1e-05, ⟨B·n⟩=1.5e-03, Len=sum([4.0, 4.0, 3.9, 3.8])=15.7, ϰ=[3.8, 4.6, 4.6, 4.2], ∫ϰ²/L>=[5.4, 5.4, 5.4, 5.3], C-C-Sep=0.10, ║∇J║=9.6e-04
Iteration 436/2000-----
currents: [100000.0, 99999.99999907223, 99999.99999916226, 99999.99999930568]
J=2.3e-05, ⟨Jf⟩=2.1e-05, ⟨B·n⟩=1.5e-03, Len=sum([4.0, 4.0, 3.9, 3.8])=15.7, ϰ=[3.8, 4.6, 4.5, 4.2], ∫ϰ²/L>=[5.4, 5.4, 5.4, 5.3], C-C-Sep=0.10, ║∇J║=1.0e-03
Iteration 437/2000-----
currents: [100000.0, 99999.99999907186, 99999.99999916159, 99999.99999930509]
J=2.3e-05, ⟨Jf⟩=2.1e-05, ⟨B·n⟩=1.5e-03, Len=sum([4.0, 4.0, 3.9, 3.8])=15.7, ϰ=[3.8, 4.6, 4.5, 4.2], ∫ϰ²/L>=[5.4, 5.4, 5.4, 5.3], C-C-Sep=0.10, ║∇J║=1.2e-03
Iteration 438/2000-----
currents: [100000.0, 99999.9999990713, 99999.9999991603, 99999.99999930379]
J=2.3e-05, ⟨Jf⟩=2.1e-05, ⟨B·n⟩=1.5e-03, Len=sum([4.0, 4.0, 3.9, 3.8])=15.7, ϰ=[3.7, 4.6, 4.6, 4.2], ∫ϰ²/L>=[5.4, 5.4, 5.4, 5.3], C-C-Sep=0.10, ║∇J║=1.6e-03
Iteration 439/2000-----
currents: [100000.0, 99999.9999990712, 99999.99999916038, 99999.99999930398]
J=2.3e-05, ⟨Jf⟩=2.1e-05, ⟨B·n⟩=1.5e-03, Len=sum([4.0, 4.0, 3.9, 3.8])=15.7, ϰ=[3.7, 4.6, 4.5, 4.2], ∫ϰ²/L>=[5.4, 5.4, 5.3, 5.3], C-C-Sep=0.10, ║∇J║=1.1e-03
Iteration 440/2000-----
currents: [100000.0, 99999.9999990708, 99999.99999915948, 99999.99999930317]
J=2.3e-05, ⟨Jf⟩=2.1e-05, ⟨B·n⟩=1.5e-03, Len=sum([4.0, 4.0, 3.9, 3.8])=15.7, ϰ=[3.7, 4.6, 4.6, 4.2], ∫ϰ²/L>=[5.4, 5.4, 5.3, 5.3], C-C-Sep=0.10, ║∇J║=1.1e-03
Iteration 441/2000-----
currents: [100000.0, 99999.9999990705, 99999.9999991587, 99999.99999930235]
J=2.3e-05, ⟨Jf⟩=2.1e-05, ⟨B·n⟩=1.5e-03, Len=sum([4.0, 4.0, 3.9, 3.8])=15.7, ϰ=[3.8, 4.7, 4.6, 4.2], ∫ϰ²/L>=[5.4, 5.4, 5.3, 5.3], C-C-Sep=0.10, ║∇J║=1.3e-03
Iteration 442/2000-----
currents: [100000.0, 99999.99999907035, 99999.99999915836, 99999.99999930203]
J=2.3e-05, ⟨Jf⟩=2.1e-05, ⟨B·n⟩=1.5e-03, Len=sum([4.0, 4.0, 3.9, 3.8])=15.7, ϰ=[3.8, 4.6, 4.6, 4.2], ∫ϰ²/L>=[5.4, 5.4, 5.3, 5.3], C-C-Sep=0.10, ║∇J║=9.4e-04
Iteration 443/2000-----
currents: [100000.0, 99999.99999907003, 99999.99999915736, 99999.99999930096]
J=2.3e-05, ⟨Jf⟩=2.1e-05, ⟨B·n⟩=1.5e-03, Len=sum([4.0, 4.0, 3.9, 3.8])=15.7, ϰ=[3.9, 4.6, 4.7, 4.3], ∫ϰ²/L>=[5.4, 5.4, 5.4, 5.3], C-C-Sep=0.10, ║∇J║=8.1e-04
Iteration 444/2000-----
currents: [100000.0, 99999.99999906999, 99999.9999991575, 99999.99999930116]
J=2.3e-05, ⟨Jf⟩=2.1e-05, ⟨B·n⟩=1.5e-03, Len=sum([4.0, 4.0, 3.9, 3.8])=15.7, ϰ=[3.9, 4.6, 4.7, 4.3], ∫ϰ²/L>=[5.4, 5.4, 5.4, 5.3], C-C-Sep=0.10, ║∇J║=1.2e-03
Iteration 445/2000-----
currents: [100000.0, 99999.99999906981, 99999.99999915731, 99999.999999301]
J=2.3e-05, ⟨Jf⟩=2.1e-05, ⟨B·n⟩=1.5e-03, Len=sum([4.0, 4.0, 3.9, 3.8])=15.7, ϰ=[3.9, 4.6, 4.7, 4.3], ∫ϰ²/L>=[5.4, 5.4, 5.3, 5.3], C-C-Sep=0.10, ║∇J║=8.3e-04
Iteration 446/2000-----
currents: [100000.0, 99999.99999906954, 99999.99999915676, 99999.99999930047]
J=2.3e-05, ⟨Jf⟩=2.1e-05, ⟨B·n⟩=1.5e-03, Len=sum([4.0, 4.0, 3.9, 3.8])=15.7, ϰ=[3.9, 4.6, 4.7, 4.3], ∫ϰ²/L>=[5.4, 5.4, 5.3, 5.3], C-C-Sep=0.10, ║∇J║=7.7e-04
Iteration 447/2000-----
currents: [100000.0, 99999.99999906954, 99999.99999915673, 99999.99999930047]
J=2.3e-05, ⟨Jf⟩=2.1e-05, ⟨B·n⟩=1.5e-03, Len=sum([4.0, 4.0, 3.9, 3.8])=15.7, ϰ=[3.9, 4.5, 4.7, 4.3], ∫ϰ²/L>=[5.3, 5.4, 5.3, 5.3], C-C-Sep=0.10, ║∇J║=1.0e-03
Iteration 448/2000-----
currents: [100000.0, 99999.99999906922, 99999.99999915574, 99999.99999929947]
J=2.3e-05, ⟨Jf⟩=2.1e-05, ⟨B·n⟩=1.5e-03, Len=sum([4.0, 4.0, 3.9, 3.8])=15.7, ϰ=[3.9, 4.6, 4.7, 4.3], ∫ϰ²/L>=[5.3, 5.4, 5.3, 5.3], C-C-Sep=0.10, ║∇J║=9.7e-04
Iteration 449/2000-----
currents: [100000.0, 99999.99999906897, 99999.99999915472, 99999.9999992984]
J=2.3e-05, ⟨Jf⟩=2.1e-05, ⟨B·n⟩=1.5e-03, Len=sum([4.0, 4.0, 3.9, 3.8])=15.7, ϰ=[3.8, 4.6, 4.7, 4.3], ∫ϰ²/L>=[5.3, 5.4, 5.3, 5.3], C-C-Sep=0.10, ║∇J║=1.1e-03
Iteration 450/2000-----
currents: [100000.0, 99999.99999906843, 99999.999999153, 99999.99999929657]
J=2.2e-05, ⟨Jf⟩=2.1e-05, ⟨B·n⟩=1.5e-03, Len=sum([4.0, 4.0, 3.9, 3.8])=15.7, ϰ=[3.8, 4.7, 4.7, 4.4], ∫ϰ²/L>=[5.3, 5.4, 5.4, 5.3], C-C-Sep=0.10, ║∇J║=1.7e-03
Iteration 451/2000-----
currents: [100000.0, 99999.99999906852, 99999.9999991533, 99999.99999929688]
J=2.2e-05, ⟨Jf⟩=2.1e-05, ⟨B·n⟩=1.5e-03, Len=sum([4.0, 4.0, 3.9, 3.8])=15.7, ϰ=[3.8, 4.7, 4.7, 4.3], ∫ϰ²/L>=[5.3, 5.4, 5.4, 5.3], C-C-Sep=0.10, ║∇J║=7.4e-04
Iteration 452/2000-----
currents: [100000.0, 99999.99999906837, 99999.99999915305, 99999.99999929662]
J=2.2e-05, ⟨Jf⟩=2.1e-05, ⟨B·n⟩=1.5e-03, Len=sum([4.0, 4.0, 3.9, 3.8])=15.7, ϰ=[3.8, 4.7, 4.7, 4.3], ∫ϰ²/L>=[5.3, 5.4, 5.4, 5.3], C-C-Sep=0.10, ║∇J║=7.1e-04
Iteration 453/2000-----
currents: [100000.0, 99999.99999906824, 99999.99999915293, 99999.99999929655]
J=2.2e-05, ⟨Jf⟩=2.1e-05, ⟨B·n⟩=1.5e-03, Len=sum([4.0, 4.0, 3.9, 3.8])=15.7, ϰ=[3.8, 4.8, 4.7, 4.3], ∫ϰ²/L>=[5.3, 5.4, 5.4, 5.3], C-C-Sep=0.10, ║∇J║=7.8e-04
Iteration 454/2000-----
currents: [100000.0, 99999.9999990677, 99999.99999915184, 99999.99999929547]
J=2.2e-05, ⟨Jf⟩=2.1e-05, ⟨B·n⟩=1.5e-03, Len=sum([4.0, 4.0, 3.9, 3.8])=15.7, ϰ=[3.8, 4.8, 4.7, 4.4], ∫ϰ²/L>=[5.3, 5.4, 5.4, 5.3], C-C-Sep=0.10, ║∇J║=1.3e-03
Iteration 455/2000-----
currents: [100000.0, 99999.9999990675, 99999.99999915158, 99999.9999992953]
J=2.2e-05, ⟨Jf⟩=2.1e-05, ⟨B·n⟩=1.5e-03, Len=sum([4.0, 4.0, 3.9, 3.8])=15.7, ϰ=[3.8, 4.9, 4.7, 4.4], ∫ϰ²/L>=[5.3, 5.4, 5.4, 5.3], C-C-Sep=0.10, ║∇J║=7.9e-04
Iteration 456/2000-----
currents: [100000.0, 99999.99999906748, 99999.99999915165, 99999.99999929545]
J=2.2e-05, ⟨Jf⟩=2.1e-05, ⟨B·n⟩=1.5e-03, Len=sum([4.0, 4.0, 3.9, 3.8])=15.7, ϰ=[3.8, 4.8, 4.7, 4.4], ∫ϰ²/L>=[5.3, 5.4, 5.4, 5.3], C-C-Sep=0.10, ║∇J║=7.5e-04
Iteration 457/2000-----
currents: [100000.0, 99999.99999906722, 99999.9999991511, 99999.99999929503]
J=2.2e-05, ⟨Jf⟩=2.1e-05, ⟨B·n⟩=1.5e-03, Len=sum([4.0, 4.0, 3.9, 3.8])=15.7, ϰ=[3.8, 4.8, 4.7, 4.5], ∫ϰ²/L>=[5.3, 5.4, 5.3, 5.3], C-C-Sep=0.10, ║∇J║=9.4e-04
Iteration 458/2000-----
currents: [100000.0, 99999.99999906721, 99999.99999915145, 99999.99999929556]
J=2.2e-05, ⟨Jf⟩=2.1e-05, ⟨B·n⟩=1.5e-03, Len=sum([4.0, 4.0, 3.9, 3.8])=15.7, ϰ=[3.8, 4.8, 4.6, 4.5], ∫ϰ²/L>=[5.3, 5.4, 5.3, 5.3], C-C-Sep=0.10, ║∇J║=1.3e-03
Iteration 459/2000-----
currents: [100000.0, 99999.99999906703, 99999.99999915122, 99999.99999929547]
J=2.2e-05, ⟨Jf⟩=2.1e-05, ⟨B·n⟩=1.5e-03, Len=sum([4.0, 4.0, 3.9, 3.8])=15.7, ϰ=[3.8, 4.8, 4.5, 4.5], ∫ϰ²/L>=[5.3, 5.4, 5.3, 5.3], C-C-Sep=0.10, ║∇J║=8.8e-04
Iteration 460/2000-----
currents: [100000.0, 99999.9999990669, 99999.99999915114, 99999.99999929557]
J=2.2e-05, ⟨Jf⟩=2.1e-05, ⟨B·n⟩=1.5e-03, Len=sum([4.0, 4.0, 3.9, 3.8])=15.7, ϰ=[3.9, 4.8, 4.5, 4.5], ∫ϰ²/L>=[5.3, 5.4, 5.3, 5.3], C-C-Sep=0.10, ║∇J║=8.5e-04
Iteration 461/2000-----
currents: [100000.0, 99999.99999906679, 99999.99999915126, 99999.99999929593]
J=2.2e-05, ⟨Jf⟩=2.1e-05, ⟨B·n⟩=1.5e-03, Len=sum([4.0, 4.0, 3.9, 3.8])=15.7, ϰ=[3.9, 4.8, 4.5, 4.4], ∫ϰ²/L>=[5.3, 5.4, 5.3, 5.3], C-C-Sep=0.10, ║∇J║=1.1e-03
Iteration 462/2000-----
currents: [100000.0, 99999.99999906663, 99999.99999915124, 99999.99999929617]
J=2.2e-05, ⟨Jf⟩=2.1e-05, ⟨B·n⟩=1.5e-03, Len=sum([4.0, 4.0, 3.9, 3.8])=15.7, ϰ=[3.9, 4.8, 4.4, 4.4], ∫ϰ²/L>=[5.3, 5.4, 5.3, 5.3], C-C-Sep=0.10, ║∇J║=8.7e-04
Iteration 463/2000-----
currents: [100000.0, 99999.99999906651, 99999.99999915132, 99999.99999929649]
J=2.2e-05, ⟨Jf⟩=2.1e-05, ⟨B·n⟩=1.5e-03, Len=sum([4.0, 4.0, 3.9, 3.8])=15.7, ϰ=[4.0, 4.8, 4.4, 4.4], ∫ϰ²/L>=[5.3, 5.4, 5.3, 5.3], C-C-Sep=0.10, ║∇J║=7.2e-04
Iteration 464/2000-----
currents: [100000.0, 99999.99999906623, 99999.99999915088, 99999.99999929624]
J=2.2e-05, ⟨Jf⟩=2.1e-05, ⟨B·n⟩=1.5e-03, Len=sum([4.0, 4.0, 3.9, 3.8])=15.7, ϰ=[4.0, 4.8, 4.4, 4.4], ∫ϰ²/L>=[5.3, 5.4, 5.3, 5.3], C-C-Sep=0.10, ║∇J║=9.4e-04
Iteration 465/2000-----
currents: [100000.0, 99999.9999990658, 99999.9999991501, 99999.99999929563]
J=2.2e-05, ⟨Jf⟩=2.1e-05, ⟨B·n⟩=1.5e-03, Len=sum([4.0, 4.0, 3.9, 3.8])=15.7, ϰ=[4.0, 4.8, 4.4, 4.4], ∫ϰ²/L>=[5.3, 5.4, 5.3, 5.3], C-C-Sep=0.10, ║∇J║=1.1e-03
Iteration 466/2000-----
currents: [100000.0, 99999.9999990653, 99999.999999149, 99999.99999929464]
J=2.2e-05, ⟨Jf⟩=2.1e-05, ⟨B·n⟩=1.5e-03, Len=sum([4.0, 4.0, 3.9, 3.8])=15.7, ϰ=[4.0, 4.8, 4.5, 4.5], ∫ϰ²/L>=[5.3, 5.4, 5.3, 5.3], C-C-Sep=0.10, ║∇J║=1.1e-03
Iteration 467/2000-----
currents: [100000.0, 99999.99999906482, 99999.99999914801, 99999.99999929381]
J=2.2e-05, ⟨Jf⟩=2.1e-05, ⟨B·n⟩=1.5e-03, Len=sum([4.0, 4.0, 3.9, 3.8])=15.7, ϰ=[4.0, 4.8, 4.5, 4.5], ∫ϰ²/L>=[5.3, 5.4, 5.3, 5.3], C-C-Sep=0.10, ║∇J║=8.0e-04
Iteration 468/2000-----
currents: [100000.0, 99999.99999906449, 99999.99999914708, 99999.99999929285]
J=2.2e-05, ⟨Jf⟩=2.1e-05, ⟨B·n⟩=1.5e-03, Len=sum([4.0, 4.0, 3.9, 3.8])=15.7, ϰ=[4.0, 4.9, 4.5, 4.5], ∫ϰ²/L>=[5.3, 5.4, 5.3, 5.3], C-C-Sep=0.10, ║∇J║=9.4e-04
Iteration 469/2000-----
currents: [100000.0, 99999.99999906406, 99999.99999914614, 99999.99999929205]
J=2.2e-05, ⟨Jf⟩=2.1e-05, ⟨B·n⟩=1.5e-03, Len=sum([4.0, 4.0, 3.9, 3.8])=15.7, ϰ=[4.0, 4.9, 4.5, 4.5], ∫ϰ²/L>=[5.3, 5.4, 5.3, 5.3], C-C-Sep=0.10, ║∇J║=1.1e-03
Iteration 470/2000-----
currents: [100000.0, 99999.9999990641, 99999.99999914604, 99999.99999929193]
J=2.2e-05, ⟨Jf⟩=2.1e-05, ⟨B·n⟩=1.5e-03, Len=sum([4.0, 4.0, 3.9, 3.8])=15.7, ϰ=[3.9, 4.9, 4.5, 4.5], ∫ϰ²/L>=[5.3, 5.4, 5.3, 5.3], C-C-Sep=0.10, ║∇J║=8.6e-04
Iteration 471/2000-----
currents: [100000.0, 99999.99999906383, 99999.99999914554, 99999.99999929167]
J=2.2e-05, ⟨Jf⟩=2.1e-05, ⟨B·n⟩=1.5e-03, Len=sum([4.0, 4.0, 3.9, 3.8])=15.7, ϰ=[4.0, 4.9, 4.5, 4.4], ∫ϰ²/L>=[5.3, 5.4, 5.3, 5.3], C-C-Sep=0.10, ║∇J║=1.4e-03
Iteration 472/2000-----
currents: [100000.0, 99999.99999906367, 99999.99999914515, 99999.99999929128]
J=2.2e-05, ⟨Jf⟩=2.1e-05, ⟨B·n⟩=1.5e-03, Len=sum([4.0, 4.0, 3.9, 3.8])=15.7, ϰ=[3.9, 4.9, 4.5, 4.4], ∫ϰ²/L>=[5.3, 5.4, 5.3, 5.3], C-C-Sep=0.10, ║∇J║=8.9e-04
Iteration 473/2000-----
currents: [100000.0, 99999.99999906347, 99999.9999991449, 99999.99999929118]
J=2.2e-05, ⟨Jf⟩=2.1e-05, ⟨B·n⟩=1.5e-03, Len=sum([4.0, 4.0, 3.9, 3.8])=15.7, ϰ=[3.9, 4.8, 4.5, 4.4], ∫ϰ²/L>=[5.2, 5.4, 5.3, 5.3], C-C-Sep=0.10, ║∇J║=7.8e-04
Iteration 474/2000-----
currents: [100000.0, 99999.99999906296, 99999.99999914416, 99999.99999929068]
J=2.2e-05, ⟨Jf⟩=2.1e-05, ⟨B·n⟩=1.5e-03, Len=sum([4.0, 4.0, 3.9, 3.8])=15.7, ϰ=[3.8, 4.8, 4.5, 4.4], ∫ϰ²/L>=[5.2, 5.4, 5.3, 5.3], C-C-Sep=0.10, ║∇J║=9.7e-04
Iteration 475/2000-----
currents: [100000.0, 99999.99999906217, 99999.99999914276, 99999.99999928955]
J=2.2e-05, ⟨Jf⟩=2.1e-05, ⟨B·n⟩=1.5e-03, Len=sum([4.0, 4.0, 3.9, 3.8])=15.7, ϰ=[3.7, 4.8, 4.5, 4.3], ∫ϰ²/L>=[5.2, 5.4, 5.3, 5.3], C-C-Sep=0.10, ║∇J║=1.3e-03
Iteration 476/2000-----
currents: [100000.0, 99999.99999906126, 99999.9999991413, 99999.99999928844]
J=2.2e-05, ⟨Jf⟩=2.1e-05, ⟨B·n⟩=1.5e-03, Len=sum([4.0, 4.0, 3.9, 3.8])=15.7, ϰ=[3.6, 4.8, 4.5, 4.3], ∫ϰ²/L>=[5.2, 5.4, 5.3, 5.3], C-C-Sep=0.10, ║∇J║=1.1e-03
Iteration 477/2000-----
currents: [100000.0, 99999.9999990609, 99999.99999914075, 99999.99999928799]
J=2.2e-05, ⟨Jf⟩=2.1e-05, ⟨B·n⟩=1.5e-03, Len=sum([4.0, 4.0, 3.9, 3.8])=15.7, ϰ=[3.6, 4.8, 4.5, 4.3], ∫ϰ²/L>=[5.2, 5.4, 5.3, 5.3], C-C-Sep=0.10, ║∇J║=1.1e-03
Iteration 478/2000-----
currents: [100000.0, 99999.99999906037, 99999.99999913976, 99999.99999928712]
J=2.2e-05, ⟨Jf⟩=2.1e-05, ⟨B·n⟩=1.5e-03, Len=sum([4.0, 4.0, 3.9, 3.8])=15.7, ϰ=[3.6, 4.8, 4.5, 4.3], ∫ϰ²/L>=[5.2, 5.4, 5.3, 5.3], C-C-Sep=0.10, ║∇J║=1.2e-03
Iteration 479/2000-----
currents: [100000.0, 99999.99999906016, 99999.99999913957, 99999.999999287]
J=2.2e-05, ⟨Jf⟩=2.1e-05, ⟨B·n⟩=1.5e-03, Len=sum([4.0, 4.0, 3.9, 3.8])=15.7, ϰ=[3.6, 4.7, 4.5, 4.3], ∫ϰ²/L>=[5.2, 5.4, 5.3, 5.3], C-C-Sep=0.10, ║∇J║=1.2e-03
Iteration 480/2000-----
currents: [100000.0, 99999.99999905979, 99999.9999991388, 99999.9999992863]
J=2.2e-05, ⟨Jf⟩=2.1e-05, ⟨B·n⟩=1.5e-03, Len=sum([4.0, 4.0, 3.9, 3.8])=15.7, ϰ=[3.6, 4.7, 4.5, 4.3], ∫ϰ²/L>=[5.2, 5.4, 5.3, 5.3], C-C-Sep=0.10, ║∇J║=8.7e-04
Iteration 481/2000-----
currents: [100000.0, 99999.99999905919, 99999.99999913764, 99999.99999928528]
J=2.2e-05, ⟨Jf⟩=2.1e-05, ⟨B·n⟩=1.5e-03, Len=sum([4.0, 4.0, 3.9, 3.8])=15.7, ϰ=[3.7, 4.7, 4.5, 4.3], ∫ϰ²/L>=[5.2, 5.4, 5.3, 5.3], C-C-Sep=0.10, ║∇J║=9.3e-04
Iteration 482/2000-----
currents: [100000.0, 99999.99999905897, 99999.99999913732, 99999.99999928505]
J=2.2e-05, ⟨Jf⟩=2.1e-05, ⟨B·n⟩=1.5e-03, Len=sum([4.0, 4.0, 3.9, 3.8])=15.7, ϰ=[3.7, 4.7, 4.5, 4.2], ∫ϰ²/L>=[5.2, 5.4, 5.3, 5.3], C-C-Sep=0.10, ║∇J║=1.2e-03
Iteration 483/2000-----
currents: [100000.0, 99999.99999905848, 99999.99999913623, 99999.99999928403]
J=2.2e-05, ⟨Jf⟩=2.1e-05, ⟨B·n⟩=1.5e-03, Len=sum([4.0, 4.0, 3.9, 3.8])=15.7, ϰ=[3.7, 4.7, 4.6, 4.2], ∫ϰ²/L>=[5.2, 5.4, 5.3, 5.3], C-C-Sep=0.10, ║∇J║=8.5e-04
Iteration 484/2000-----
currents: [100000.0, 99999.99999905832, 99999.9999991363, 99999.99999928422]
J=2.2e-05, ⟨Jf⟩=2.1e-05, ⟨B·n⟩=1.5e-03, Len=sum([4.0, 4.0, 3.9, 3.8])=15.7, ϰ=[3.7, 4.7, 4.6, 4.2], ∫ϰ²/L>=[5.2, 5.4, 5.3, 5.3], C-C-Sep=0.10, ║∇J║=9.9e-04
Iteration 485/2000-----
currents: [100000.0, 99999.99999905797, 99999.99999913541, 99999.99999928329]
J=2.2e-05, ⟨Jf⟩=2.1e-05, ⟨B·n⟩=1.5e-03, Len=sum([4.0, 4.0, 3.9, 3.8])=15.7, ϰ=[3.7, 4.7, 4.6, 4.2], ∫ϰ²/L>=[5.2, 5.4, 5.3, 5.3], C-C-Sep=0.10, ║∇J║=1.6e-03
Iteration 486/2000-----
currents: [100000.0, 99999.99999905776, 99999.99999913512, 99999.99999928306]
J=2.2e-05, ⟨Jf⟩=2.1e-05, ⟨B·n⟩=1.5e-03, Len=sum([4.0, 4.0, 3.9, 3.8])=15.7, ϰ=[3.7, 4.7, 4.6, 4.2], ∫ϰ²/L>=[5.2, 5.4, 5.3, 5.3], C-C-Sep=0.10, ║∇J║=1.4e-03
Iteration 487/2000-----
currents: [100000.0, 99999.99999905798, 99999.99999913588, 99999.99999928386]
J=2.2e-05, ⟨Jf⟩=2.1e-05, ⟨B·n⟩=1.5e-03, Len=sum([4.0, 4.0, 3.9, 3.8])=15.7, ϰ=[3.7, 4.7, 4.5, 4.2], ∫ϰ²/L>=[5.2, 5.4, 5.3, 5.3], C-C-Sep=0.10, ║∇J║=7.8e-04
Iteration 488/2000-----
currents: [100000.0, 99999.99999905755, 99999.99999913538, 99999.99999928358]
J=2.2e-05, ⟨Jf⟩=2.1e-05, ⟨B·n⟩=1.5e-03, Len=sum([4.0, 4.0, 3.9, 3.8])=15.7, ϰ=[3.7, 4.6, 4.5, 4.2], ∫ϰ²/L>=[5.2, 5.4, 5.3, 5.3], C-C-Sep=0.10, ║∇J║=6.4e-04
Iteration 489/2000-----
currents: [100000.0, 99999.99999905717, 99999.99999913509, 99999.99999928346]
J=2.2e-05, ⟨Jf⟩=2.1e-05, ⟨B·n⟩=1.5e-03, Len=sum([4.0, 4.0, 3.9, 3.8])=15.7, ϰ=[3.7, 4.6, 4.5, 4.3], ∫ϰ²/L>=[5.2, 5.4, 5.3, 5.3], C-C-Sep=0.10, ║∇J║=9.1e-04
Iteration 490/2000-----
currents: [100000.0, 99999.99999905632, 99999.99999913394, 99999.99999928263]
J=2.2e-05, ⟨Jf⟩=2.1e-05, ⟨B·n⟩=1.5e-03, Len=sum([4.0, 4.0, 3.9, 3.8])=15.7, ϰ=[3.8, 4.6, 4.5, 4.3], ∫ϰ²/L>=[5.2, 5.4, 5.3, 5.3], C-C-Sep=0.10, ║∇J║=1.3e-03
Iteration 491/2000-----
currents: [100000.0, 99999.99999905576, 99999.9999991335, 99999.99999928246]
J=2.2e-05, ⟨Jf⟩=2.1e-05, ⟨B·n⟩=1.5e-03, Len=sum([4.0, 4.0, 3.9, 3.8])=15.7, ϰ=[3.8, 4.5, 4.5, 4.3], ∫ϰ²/L>=[5.2, 5.4, 5.3, 5.3], C-C-Sep=0.10, ║∇J║=1.4e-03
Iteration 492/2000-----
currents: [100000.0, 99999.99999905574, 99999.99999913358, 99999.99999928255]
J=2.2e-05, ⟨Jf⟩=2.1e-05, ⟨B·n⟩=1.5e-03, Len=sum([4.0, 4.0, 3.9, 3.8])=15.7, ϰ=[3.8, 4.5, 4.5, 4.3], ∫ϰ²/L>=[5.2, 5.4, 5.3, 5.3], C-C-Sep=0.10, ║∇J║=7.6e-04
Iteration 493/2000-----
currents: [100000.0, 99999.99999905557, 99999.99999913329, 99999.99999928234]
J=2.2e-05, ⟨Jf⟩=2.1e-05, ⟨B·n⟩=1.5e-03, Len=sum([4.0, 4.0, 3.9, 3.8])=15.7, ϰ=[3.8, 4.5, 4.4, 4.2], ∫ϰ²/L>=[5.2, 5.4, 5.3, 5.3], C-C-Sep=0.10, ║∇J║=7.2e-04
Iteration 494/2000-----
currents: [100000.0, 99999.99999905529, 99999.9999991331, 99999.99999928233]
J=2.2e-05, ⟨Jf⟩=2.1e-05, ⟨B·n⟩=1.5e-03, Len=sum([4.0, 4.0, 3.9, 3.8])=15.7, ϰ=[3.8, 4.5, 4.4, 4.2], ∫ϰ²/L>=[5.2, 5.4, 5.3, 5.3], C-C-Sep=0.10, ║∇J║=7.9e-04
Iteration 495/2000-----
currents: [100000.0, 99999.99999905472, 99999.99999913244, 99999.9999992819]
J=2.2e-05, ⟨Jf⟩=2.1e-05, ⟨B·n⟩=1.5e-03, Len=sum([4.0, 4.0, 3.9, 3.8])=15.7, ϰ=[3.7, 4.5, 4.4, 4.2], ∫ϰ²/L>=[5.2, 5.4, 5.3, 5.3], C-C-Sep=0.10, ║∇J║=9.1e-04
Iteration 496/2000-----
currents: [100000.0, 99999.9999990545, 99999.9999991322, 99999.99999928178]
J=2.2e-05, ⟨Jf⟩=2.1e-05, ⟨B·n⟩=1.5e-03, Len=sum([4.0, 4.0, 3.9, 3.8])=15.7, ϰ=[3.7, 4.6, 4.4, 4.2], ∫ϰ²/L>=[5.2, 5.4, 5.3, 5.3], C-C-Sep=0.10, ║∇J║=6.5e-04
Iteration 497/2000-----
currents: [100000.0, 99999.99999905439, 99999.99999913212, 99999.99999928178]
J=2.2e-05, ⟨Jf⟩=2.1e-05, ⟨B·n⟩=1.5e-03, Len=sum([4.0, 4.0, 3.9, 3.8])=15.7, ϰ=[3.7, 4.5, 4.4, 4.2], ∫ϰ²/L>=[5.2, 5.4, 5.3, 5.3], C-C-Sep=0.10, ║∇J║=6.0e-04
Iteration 498/2000-----
currents: [100000.0, 99999.99999905395, 99999.99999913159, 99999.99999928141]
J=2.2e-05, ⟨Jf⟩=2.1e-05, ⟨B·n⟩=1.5e-03, Len=sum([4.0, 4.0, 3.9, 3.8])=15.7, ϰ=[3.8, 4.5, 4.5, 4.2], ∫ϰ²/L>=[5.2, 5.4, 5.3, 5.3], C-C-Sep=0.10, ║∇J║=5.9e-04
Iteration 499/2000-----
currents: [100000.0, 99999.99999905341, 99999.99999913095, 99999.99999928096]
J=2.2e-05, ⟨Jf⟩=2.1e-05, ⟨B·n⟩=1.5e-03, Len=sum([4.0, 4.0, 3.9, 3.8])=15.7, ϰ=[3.8, 4.5, 4.5, 4.3], ∫ϰ²/L>=[5.2, 5.4, 5.3, 5.3], C-C-Sep=0.10, ║∇J║=1.1e-03
Iteration 500/2000-----
currents: [100000.0, 99999.99999905264, 99999.99999912994, 99999.99999928022]
J=2.2e-05, ⟨Jf⟩=2.1e-05, ⟨B·n⟩=1.5e-03, Len=sum([4.0, 4.0, 3.9, 3.8])=15.7, ϰ=[3.8, 4.5, 4.5, 4.3], ∫ϰ²/L>=[5.2, 5.4, 5.3, 5.3], C-C-Sep=0.10, ║∇J║=1.1e-03
Iteration 501/2000-----
currents: [100000.0, 99999.999999052, 99999.999999129, 99999.99999927945]
J=2.2e-05, ⟨Jf⟩=2.1e-05, ⟨B·n⟩=1.5e-03, Len=sum([4.0, 4.0, 3.9, 3.8])=15.7, ϰ=[3.8, 4.5, 4.5, 4.4], ∫ϰ²/L>=[5.2, 5.4, 5.3, 5.3], C-C-Sep=0.10, ║∇J║=9.0e-04
Iteration 502/2000-----
currents: [100000.0, 99999.99999905145, 99999.99999912838, 99999.99999927907]
J=2.2e-05, ⟨Jf⟩=2.1e-05, ⟨B·n⟩=1.5e-03, Len=sum([4.0, 4.0, 3.9, 3.8])=15.7, ϰ=[3.9, 4.4, 4.5, 4.4], ∫ϰ²/L>=[5.2, 5.4, 5.3, 5.3], C-C-Sep=0.10, ║∇J║=9.2e-04
Iteration 503/2000-----
currents: [100000.0, 99999.99999905066, 99999.99999912751, 99999.99999927855]
J=2.2e-05, ⟨Jf⟩=2.1e-05, ⟨B·n⟩=1.5e-03, Len=sum([4.0, 4.0, 3.9, 3.8])=15.7, ϰ=[3.9, 4.3, 4.5, 4.5], ∫ϰ²/L>=[5.2, 5.4, 5.3, 5.3], C-C-Sep=0.10, ║∇J║=1.6e-03
Iteration 504/2000-----
currents: [100000.0, 99999.99999905034, 99999.99999912718, 99999.99999927836]
J=2.2e-05, ⟨Jf⟩=2.1e-05, ⟨B·n⟩=1.5e-03, Len=sum([4.0, 4.0, 3.9, 3.7])=15.7, ϰ=[3.9, 4.3, 4.5, 4.4], ∫ϰ²/L>=[5.2, 5.4, 5.3, 5.3], C-C-Sep=0.10, ║∇J║=8.7e-04
Iteration 505/2000-----
currents: [100000.0, 99999.99999905044, 99999.99999912761, 99999.99999927884]
J=2.2e-05, ⟨Jf⟩=2.1e-05, ⟨B·n⟩=1.5e-03, Len=sum([4.0, 4.0, 3.9, 3.7])=15.7, ϰ=[4.0, 4.3, 4.5, 4.4], ∫ϰ²/L>=[5.2, 5.4, 5.3, 5.3], C-C-Sep=0.10, ║∇J║=7.0e-04
Iteration 506/2000-----
currents: [100000.0, 99999.99999905007, 99999.99999912728, 99999.99999927869]
J=2.2e-05, ⟨Jf⟩=2.1e-05, ⟨B·n⟩=1.5e-03, Len=sum([4.0, 4.0, 3.9, 3.7])=15.7, ϰ=[4.0, 4.3, 4.5, 4.4], ∫ϰ²/L>=[5.2, 5.4, 5.3, 5.3], C-C-Sep=0.10, ║∇J║=6.9e-04
Iteration 507/2000-----
currents: [100000.0, 99999.99999904977, 99999.99999912709, 99999.9999992786]
J=2.2e-05, ⟨Jf⟩=2.1e-05, ⟨B·n⟩=1.5e-03, Len=sum([4.0, 4.0, 3.9, 3.7])=15.7, ϰ=[4.0, 4.4, 4.5, 4.4], ∫ϰ²/L>=[5.2, 5.4, 5.3, 5.3], C-C-Sep=0.10, ║∇J║=1.0e-03
Iteration 508/2000-----
currents: [100000.0, 99999.99999904967, 99999.99999912707, 99999.99999927865]
J=2.2e-05, ⟨Jf⟩=2.1e-05, ⟨B·n⟩=1.5e-03, Len=sum([4.0, 4.0, 3.9, 3.7])=15.7, ϰ=[4.0, 4.4, 4.5, 4.4], ∫ϰ²/L>=[5.2, 5.4, 5.3, 5.3], C-C-Sep=0.10, ║∇J║=6.2e-04
Iteration 509/2000-----
currents: [100000.0, 99999.99999904934, 99999.99999912661, 99999.99999927827]
J=2.2e-05, ⟨Jf⟩=2.1e-05, ⟨B·n⟩=1.5e-03, Len=sum([4.0, 4.0, 3.9, 3.7])=15.7, ϰ=[4.1, 4.4, 4.5, 4.4], ∫ϰ²/L>=[5.2, 5.4, 5.3, 5.3], C-C-Sep=0.10, ║∇J║=7.0e-04
Iteration 510/2000-----
currents: [100000.0, 99999.99999904908, 99999.99999912643, 99999.99999927817]
J=2.2e-05, ⟨Jf⟩=2.1e-05, ⟨B·n⟩=1.5e-03, Len=sum([4.0, 4.0, 3.9, 3.7])=15.7, ϰ=[4.1, 4.4, 4.5, 4.4], ∫ϰ²/L>=[5.2, 5.4, 5.3, 5.3], C-C-Sep=0.10, ║∇J║=9.9e-04
Iteration 511/2000-----
currents: [100000.0, 99999.9999990484, 99999.99999912562, 99999.9999992775]
J=2.2e-05, ⟨Jf⟩=2.1e-05, ⟨B·n⟩=1.5e-03, Len=sum([4.0, 4.0, 3.9, 3.7])=15.7, ϰ=[4.1, 4.5, 4.5, 4.3], ∫ϰ²/L>=[5.2, 5.4, 5.3, 5.3], C-C-Sep=0.10, ║∇J║=1.0e-03
Iteration 512/2000-----
currents: [100000.0, 99999.99999904801, 99999.99999912521, 99999.99999927716]
J=2.1e-05, ⟨Jf⟩=2.1e-05, ⟨B·n⟩=1.5e-03, Len=sum([4.0, 4.0, 3.9, 3.7])=15.7, ϰ=[4.2, 4.4, 4.5, 4.3], ∫ϰ²/L>=[5.2, 5.4, 5.3, 5.3], C-C-Sep=0.10, ║∇J║=9.7e-04
Iteration 513/2000-----
currents: [100000.0, 99999.99999904768, 99999.99999912494, 99999.99999927694]
J=2.1e-05, ⟨Jf⟩=2.1e-05, ⟨B·n⟩=1.5e-03, Len=sum([4.0, 4.0, 3.9, 3.7])=15.7, ϰ=[4.2, 4.4, 4.5, 4.3], ∫ϰ²/L>=[5.2, 5.4, 5.3, 5.3], C-C-Sep=0.10, ║∇J║=8.9e-04
Iteration 514/2000-----
currents: [100000.0, 99999.99999904729, 99999.99999912448, 99999.99999927657]
J=2.1e-05, ⟨Jf⟩=2.1e-05, ⟨B·n⟩=1.5e-03, Len=sum([4.0, 4.0, 3.9, 3.7])=15.7, ϰ=[4.2, 4.4, 4.5, 4.2], ∫ϰ²/L>=[5.2, 5.4, 5.3, 5.3], C-C-Sep=0.10, ║∇J║=8.2e-04
Iteration 515/2000-----
currents: [100000.0, 99999.99999904682, 99999.99999912399, 99999.99999927617]
J=2.1e-05, ⟨Jf⟩=2.1e-05, ⟨B·n⟩=1.5e-03, Len=sum([4.0, 4.0, 3.9, 3.7])=15.7, ϰ=[4.2, 4.3, 4.5, 4.2], ∫ϰ²/L>=[5.2, 5.4, 5.3, 5.3], C-C-Sep=0.10, ║∇J║=7.4e-04
Iteration 516/2000-----
currents: [100000.0, 99999.99999904615, 99999.99999912333, 99999.99999927565]
J=2.1e-05, ⟨Jf⟩=2.1e-05, ⟨B·n⟩=1.5e-03, Len=sum([4.0, 4.0, 3.9, 3.7])=15.7, ϰ=[4.2, 4.3, 4.6, 4.2], ∫ϰ²/L>=[5.2, 5.4, 5.3, 5.3], C-C-Sep=0.10, ║∇J║=7.6e-04
Iteration 517/2000-----
currents: [100000.0, 99999.9999990454, 99999.99999912253, 99999.99999927498]
J=2.1e-05, ⟨Jf⟩=2.1e-05, ⟨B·n⟩=1.5e-03, Len=sum([4.0, 4.0, 3.9, 3.7])=15.7, ϰ=[4.2, 4.2, 4.6, 4.2], ∫ϰ²/L>=[5.2, 5.4, 5.3, 5.3], C-C-Sep=0.10, ║∇J║=1.2e-03
Iteration 518/2000-----
currents: [100000.0, 99999.99999904486, 99999.99999912198, 99999.99999927451]
J=2.1e-05, ⟨Jf⟩=2.0e-05, ⟨B·n⟩=1.5e-03, Len=sum([4.0, 4.0, 3.9, 3.7])=15.7, ϰ=[4.2, 4.2, 4.6, 4.2], ∫ϰ²/L>=[5.2, 5.4, 5.3, 5.3], C-C-Sep=0.10, ║∇J║=8.0e-04
Iteration 519/2000-----
currents: [100000.0, 99999.99999904487, 99999.9999991221, 99999.99999927459]
J=2.1e-05, ⟨Jf⟩=2.0e-05, ⟨B·n⟩=1.5e-03, Len=sum([4.0, 4.0, 3.9, 3.7])=15.7, ϰ=[4.2, 4.2, 4.6, 4.2], ∫ϰ²/L>=[5.2, 5.4, 5.3, 5.3], C-C-Sep=0.10, ║∇J║=5.4e-04
Iteration 520/2000-----
currents: [100000.0, 99999.99999904448, 99999.99999912157, 99999.99999927412]
J=2.1e-05, ⟨Jf⟩=2.0e-05, ⟨B·n⟩=1.5e-03, Len=sum([4.0, 4.0, 3.9, 3.7])=15.7, ϰ=[4.2, 4.3, 4.7, 4.2], ∫ϰ²/L>=[5.2, 5.4, 5.3, 5.3], C-C-Sep=0.10, ║∇J║=6.0e-04
Iteration 521/2000-----
currents: [100000.0, 99999.99999904432, 99999.99999912157, 99999.99999927414]
J=2.1e-05, ⟨Jf⟩=2.0e-05, ⟨B·n⟩=1.5e-03, Len=sum([4.0, 4.0, 3.9, 3.7])=15.7, ϰ=[4.2, 4.3, 4.7, 4.2], ∫ϰ²/L>=[5.2, 5.4, 5.3, 5.3], C-C-Sep=0.10, ║∇J║=9.3e-04
Iteration 522/2000-----
currents: [100000.0, 99999.99999904392, 99999.99999912114, 99999.99999927377]
J=2.1e-05, ⟨Jf⟩=2.0e-05, ⟨B·n⟩=1.5e-03, Len=sum([4.0, 4.0, 3.9, 3.7])=15.7, ϰ=[4.2, 4.3, 4.7, 4.2], ∫ϰ²/L>=[5.2, 5.4, 5.3, 5.3], C-C-Sep=0.10, ║∇J║=7.7e-04
Iteration 523/2000-----
currents: [100000.0, 99999.99999904317, 99999.99999912032, 99999.99999927319]
J=2.1e-05, ⟨Jf⟩=2.0e-05, ⟨B·n⟩=1.5e-03, Len=sum([4.0, 4.0, 3.9, 3.7])=15.7, ϰ=[4.2, 4.3, 4.7, 4.1], ∫ϰ²/L>=[5.2, 5.4, 5.3, 5.3], C-C-Sep=0.10, ║∇J║=7.5e-04
Iteration 524/2000-----
currents: [100000.0, 99999.99999904292, 99999.99999912025, 99999.99999927322]
J=2.1e-05, ⟨Jf⟩=2.0e-05, ⟨B·n⟩=1.5e-03, Len=sum([4.0, 4.0, 3.9, 3.7])=15.7, ϰ=[4.2, 4.3, 4.6, 4.1], ∫ϰ²/L>=[5.2, 5.4, 5.3, 5.3], C-C-Sep=0.10, ║∇J║=1.3e-03
Iteration 525/2000-----
currents: [100000.0, 99999.9999990428, 99999.99999912026, 99999.9999992733]
J=2.1e-05, ⟨Jf⟩=2.0e-05, ⟨B·n⟩=1.5e-03, Len=sum([4.0, 4.0, 3.9, 3.7])=15.7, ϰ=[4.2, 4.3, 4.6, 4.1], ∫ϰ²/L>=[5.2, 5.4, 5.3, 5.3], C-C-Sep=0.10, ║∇J║=8.1e-04
Iteration 526/2000-----
currents: [100000.0, 99999.99999904247, 99999.99999911999, 99999.99999927318]
J=2.1e-05, ⟨Jf⟩=2.0e-05, ⟨B·n⟩=1.5e-03, Len=sum([4.0, 4.0, 3.9, 3.7])=15.7, ϰ=[4.2, 4.3, 4.5, 4.1], ∫ϰ²/L>=[5.2, 5.4, 5.3, 5.3], C-C-Sep=0.10, ║∇J║=7.0e-04
Iteration 527/2000-----
currents: [100000.0, 99999.9999990423, 99999.99999911994, 99999.99999927319]
J=2.1e-05, ⟨Jf⟩=2.0e-05, ⟨B·n⟩=1.5e-03, Len=sum([4.0, 4.0, 3.9, 3.7])=15.7, ϰ=[4.2, 4.3, 4.4, 4.1], ∫ϰ²/L>=[5.2, 5.4, 5.2, 5.3], C-C-Sep=0.10, ║∇J║=7.3e-04
Iteration 528/2000-----
currents: [100000.0, 99999.99999904138, 99999.99999911894, 99999.99999927246]
J=2.1e-05, ⟨Jf⟩=2.0e-05, ⟨B·n⟩=1.5e-03, Len=sum([4.0, 4.0, 3.9, 3.7])=15.7, ϰ=[4.3, 4.2, 4.3, 4.1], ∫ϰ²/L>=[5.2, 5.4, 5.3, 5.3], C-C-Sep=0.10, ║∇J║=9.8e-04
Iteration 529/2000-----
currents: [100000.0, 99999.99999904093, 99999.99999911849, 99999.99999927208]
J=2.1e-05, ⟨Jf⟩=2.0e-05, ⟨B·n⟩=1.5e-03, Len=sum([4.0, 4.0, 3.9, 3.7])=15.7, ϰ=[4.2, 4.2, 4.2, 4.1], ∫ϰ²/L>=[5.2, 5.4, 5.3, 5.3], C-C-Sep=0.10, ║∇J║=7.3e-04
Iteration 530/2000-----
currents: [100000.0, 99999.9999990406, 99999.99999911811, 99999.99999927176]
J=2.1e-05, ⟨Jf⟩=2.0e-05, ⟨B·n⟩=1.5e-03, Len=sum([4.0, 4.0, 3.9, 3.7])=15.7, ϰ=[4.2, 4.2, 4.2, 4.1], ∫ϰ²/L>=[5.2, 5.4, 5.3, 5.3], C-C-Sep=0.10, ║∇J║=6.8e-04
Iteration 531/2000-----
currents: [100000.0, 99999.99999903985, 99999.9999991171, 99999.99999927088]
J=2.1e-05, ⟨Jf⟩=2.0e-05, ⟨B·n⟩=1.5e-03, Len=sum([4.0, 4.0, 3.9, 3.7])=15.7, ϰ=[4.2, 4.2, 4.2, 4.1], ∫ϰ²/L>=[5.2, 5.4, 5.3, 5.3], C-C-Sep=0.10, ║∇J║=8.1e-04
Iteration 532/2000-----
currents: [100000.0, 99999.99999903908, 99999.99999911619, 99999.9999992701]
J=2.1e-05, ⟨Jf⟩=2.0e-05, ⟨B·n⟩=1.5e-03, Len=sum([4.0, 4.0, 3.9, 3.7])=15.7, ϰ=[4.2, 4.2, 4.3, 4.1], ∫ϰ²/L>=[5.2, 5.4, 5.3, 5.3], C-C-Sep=0.10, ║∇J║=9.9e-04
Iteration 533/2000-----
currents: [100000.0, 99999.99999903847, 99999.99999911542, 99999.99999926939]
J=2.1e-05, ⟨Jf⟩=2.0e-05, ⟨B·n⟩=1.5e-03, Len=sum([4.0, 4.0, 3.9, 3.7])=15.7, ϰ=[4.2, 4.2, 4.3, 4.1], ∫ϰ²/L>=[5.2, 5.4, 5.3, 5.3], C-C-Sep=0.10, ║∇J║=8.2e-04
Iteration 534/2000-----
currents: [100000.0, 99999.99999903733, 99999.99999911415, 99999.99999926833]
J=2.1e-05, ⟨Jf⟩=2.0e-05, ⟨B·n⟩=1.5e-03, Len=sum([4.0, 4.0, 3.9, 3.7])=15.7, ϰ=[4.2, 4.2, 4.3, 4.1], ∫ϰ²/L>=[5.2, 5.4, 5.3, 5.3], C-C-Sep=0.10, ║∇J║=9.2e-04
Iteration 535/2000-----
currents: [100000.0, 99999.9999990367, 99999.99999911357, 99999.99999926791]
J=2.1e-05, ⟨Jf⟩=2.0e-05, ⟨B·n⟩=1.5e-03, Len=sum([4.0, 4.0, 3.9, 3.7])=15.7, ϰ=[4.1, 4.2, 4.3, 4.1], ∫ϰ²/L>=[5.2, 5.4, 5.3, 5.3], C-C-Sep=0.10, ║∇J║=1.2e-03
Iteration 536/2000-----
currents: [100000.0, 99999.99999903652, 99999.99999911351, 99999.99999926792]
J=2.1e-05, ⟨Jf⟩=2.0e-05, ⟨B·n⟩=1.5e-03, Len=sum([4.0, 4.0, 3.9, 3.7])=15.7, ϰ=[4.2, 4.2, 4.3, 4.1], ∫ϰ²/L>=[5.2, 5.4, 5.3, 5.3], C-C-Sep=0.10, ║∇J║=8.0e-04
Iteration 537/2000-----
currents: [100000.0, 99999.99999903607, 99999.99999911309, 99999.99999926766]
J=2.1e-05, ⟨Jf⟩=2.0e-05, ⟨B·n⟩=1.5e-03, Len=sum([4.0, 4.0, 3.9, 3.7])=15.7, ϰ=[4.2, 4.2, 4.3, 4.1], ∫ϰ²/L>=[5.2, 5.4, 5.3, 5.3], C-C-Sep=0.10, ║∇J║=6.5e-04
Iteration 538/2000-----
currents: [100000.0, 99999.99999903572, 99999.99999911289, 99999.99999926754]
J=2.1e-05, ⟨Jf⟩=2.0e-05, ⟨B·n⟩=1.5e-03, Len=sum([4.0, 4.0, 3.9, 3.7])=15.7, ϰ=[4.2, 4.2, 4.3, 4.2], ∫ϰ²/L>=[5.2, 5.4, 5.3, 5.3], C-C-Sep=0.10, ║∇J║=6.6e-04
Iteration 539/2000-----
currents: [100000.0, 99999.99999903544, 99999.9999991127, 99999.99999926741]
J=2.1e-05, ⟨Jf⟩=2.0e-05, ⟨B·n⟩=1.5e-03, Len=sum([4.0, 4.0, 3.9, 3.7])=15.7, ϰ=[4.1, 4.2, 4.3, 4.2], ∫ϰ²/L>=[5.2, 5.4, 5.3, 5.3], C-C-Sep=0.10, ║∇J║=5.8e-04
Iteration 540/2000-----
currents: [100000.0, 99999.99999903484, 99999.99999911211, 99999.99999926699]
J=2.1e-05, ⟨Jf⟩=2.0e-05, ⟨B·n⟩=1.5e-03, Len=sum([4.0, 4.0, 3.9, 3.7])=15.7, ϰ=[4.1, 4.2, 4.3, 4.2], ∫ϰ²/L>=[5.2, 5.4, 5.3, 5.3], C-C-Sep=0.10, ║∇J║=8.3e-04
Iteration 541/2000-----
currents: [100000.0, 99999.99999903482, 99999.99999911229, 99999.9999992672]
J=2.1e-05, ⟨Jf⟩=2.0e-05, ⟨B·n⟩=1.5e-03, Len=sum([4.0, 4.0, 3.9, 3.7])=15.7, ϰ=[4.1, 4.1, 4.3, 4.2], ∫ϰ²/L>=[5.2, 5.4, 5.3, 5.3], C-C-Sep=0.10, ║∇J║=7.6e-04
Iteration 542/2000-----
currents: [100000.0, 99999.9999990347, 99999.9999991122, 99999.9999992672]
J=2.1e-05, ⟨Jf⟩=2.0e-05, ⟨B·n⟩=1.5e-03, Len=sum([4.0, 4.0, 3.9, 3.7])=15.7, ϰ=[4.1, 4.1, 4.3, 4.2], ∫ϰ²/L>=[5.2, 5.4, 5.3, 5.3], C-C-Sep=0.10, ║∇J║=6.3e-04
Iteration 543/2000-----
currents: [100000.0, 99999.99999903422, 99999.99999911175, 99999.99999926698]
J=2.1e-05, ⟨Jf⟩=2.0e-05, ⟨B·n⟩=1.5e-03, Len=sum([4.0, 4.0, 3.9, 3.7])=15.7, ϰ=[4.1, 4.1, 4.3, 4.2], ∫ϰ²/L>=[5.2, 5.4, 5.3, 5.3], C-C-Sep=0.10, ║∇J║=7.1e-04
Iteration 544/2000-----
currents: [100000.0, 99999.99999903364, 99999.99999911136, 99999.99999926683]
J=2.1e-05, ⟨Jf⟩=2.0e-05, ⟨B·n⟩=1.5e-03, Len=sum([4.0, 4.0, 3.9, 3.7])=15.7, ϰ=[4.1, 4.1, 4.3, 4.2], ∫ϰ²/L>=[5.2, 5.4, 5.3, 5.3], C-C-Sep=0.10, ║∇J║=9.3e-04
Iteration 545/2000-----
currents: [100000.0, 99999.9999990331, 99999.99999911079, 99999.99999926647]
J=2.1e-05, ⟨Jf⟩=2.0e-05, ⟨B·n⟩=1.5e-03, Len=sum([4.0, 4.0, 3.9, 3.7])=15.7, ϰ=[4.0, 4.1, 4.3, 4.2], ∫ϰ²/L>=[5.2, 5.4, 5.3, 5.3], C-C-Sep=0.10, ║∇J║=6.7e-04
Iteration 546/2000-----
currents: [100000.0, 99999.9999990321, 99999.99999910989, 99999.99999926591]
J=2.1e-05, ⟨Jf⟩=2.0e-05, ⟨B·n⟩=1.5e-03, Len=sum([4.0, 4.0, 3.9, 3.7])=15.7, ϰ=[3.9, 4.1, 4.3, 4.2], ∫ϰ²/L>=[5.2, 5.4, 5.3, 5.3], C-C-Sep=0.10, ║∇J║=7.3e-04
Iteration 547/2000-----
currents: [100000.0, 99999.99999903096, 99999.99999910887, 99999.99999926523]
J=2.1e-05, ⟨Jf⟩=2.0e-05, ⟨B·n⟩=1.5e-03, Len=sum([4.0, 4.0, 3.9, 3.7])=15.7, ϰ=[3.9, 4.1, 4.3, 4.2], ∫ϰ²/L>=[5.2, 5.4, 5.3, 5.3], C-C-Sep=0.10, ║∇J║=1.1e-03
Iteration 548/2000-----
currents: [100000.0, 99999.99999903009, 99999.9999991083, 99999.99999926492]
J=2.1e-05, ⟨Jf⟩=2.0e-05, ⟨B·n⟩=1.5e-03, Len=sum([4.0, 4.0, 3.9, 3.7])=15.7, ϰ=[4.0, 4.1, 4.3, 4.2], ∫ϰ²/L>=[5.2, 5.4, 5.3, 5.3], C-C-Sep=0.10, ║∇J║=9.4e-04
Iteration 549/2000-----
currents: [100000.0, 99999.99999902963, 99999.99999910794, 99999.99999926463]
J=2.1e-05, ⟨Jf⟩=2.0e-05, ⟨B·n⟩=1.5e-03, Len=sum([4.0, 4.0, 3.9, 3.7])=15.7, ϰ=[4.0, 4.1, 4.3, 4.2], ∫ϰ²/L>=[5.2, 5.4, 5.3, 5.3], C-C-Sep=0.10, ║∇J║=8.6e-04
Iteration 550/2000-----
currents: [100000.0, 99999.99999902963, 99999.99999910795, 99999.99999926458]
J=2.1e-05, ⟨Jf⟩=2.0e-05, ⟨B·n⟩=1.5e-03, Len=sum([4.0, 4.0, 3.9, 3.7])=15.7, ϰ=[4.0, 4.1, 4.3, 4.2], ∫ϰ²/L>=[5.2, 5.4, 5.3, 5.3], C-C-Sep=0.10, ║∇J║=6.0e-04
Iteration 551/2000-----
currents: [100000.0, 99999.99999902978, 99999.99999910811, 99999.99999926468]
J=2.1e-05, ⟨Jf⟩=2.0e-05, ⟨B·n⟩=1.5e-03, Len=sum([4.0, 4.0, 3.9, 3.7])=15.7, ϰ=[4.0, 4.1, 4.3, 4.2], ∫ϰ²/L>=[5.2, 5.4, 5.3, 5.3], C-C-Sep=0.10, ║∇J║=5.3e-04
Iteration 552/2000-----
currents: [100000.0, 99999.99999902953, 99999.99999910784, 99999.99999926444]
J=2.1e-05, ⟨Jf⟩=2.0e-05, ⟨B·n⟩=1.5e-03, Len=sum([4.0, 4.0, 3.9, 3.7])=15.7, ϰ=[4.1, 4.1, 4.3, 4.2], ∫ϰ²/L>=[5.2, 5.4, 5.3, 5.3], C-C-Sep=0.10, ║∇J║=6.2e-04
Iteration 553/2000-----
currents: [100000.0, 99999.99999902886, 99999.99999910727, 99999.99999926401]
J=2.1e-05, ⟨Jf⟩=2.0e-05, ⟨B·n⟩=1.5e-03, Len=sum([4.0, 4.0, 3.9, 3.7])=15.7, ϰ=[4.1, 4.1, 4.2, 4.2], ∫ϰ²/L>=[5.2, 5.4, 5.3, 5.3], C-C-Sep=0.10, ║∇J║=1.0e-03
Iteration 554/2000-----
currents: [100000.0, 99999.99999902841, 99999.99999910699, 99999.99999926383]
J=2.1e-05, ⟨Jf⟩=2.0e-05, ⟨B·n⟩=1.5e-03, Len=sum([4.0, 4.0, 3.9, 3.7])=15.7, ϰ=[4.1, 4.1, 4.2, 4.2], ∫ϰ²/L>=[5.2, 5.4, 5.3, 5.3], C-C-Sep=0.10, ║∇J║=6.6e-04
Iteration 555/2000-----
currents: [100000.0, 99999.99999902757, 99999.9999991064, 99999.99999926338]
J=2.1e-05, ⟨Jf⟩=2.0e-05, ⟨B·n⟩=1.5e-03, Len=sum([4.0, 4.0, 3.9, 3.7])=15.7, ϰ=[4.1, 4.0, 4.2, 4.2], ∫ϰ²/L>=[5.2, 5.4, 5.3, 5.3], C-C-Sep=0.10, ║∇J║=6.9e-04
Iteration 556/2000-----
currents: [100000.0, 99999.99999902683, 99999.99999910603, 99999.99999926312]
J=2.1e-05, ⟨Jf⟩=2.0e-05, ⟨B·n⟩=1.5e-03, Len=sum([4.0, 4.0, 3.9, 3.7])=15.7, ϰ=[4.1, 4.0, 4.2, 4.2], ∫ϰ²/L>=[5.2, 5.4, 5.3, 5.3], C-C-Sep=0.10, ║∇J║=8.6e-04
Iteration 557/2000-----
currents: [100000.0, 99999.99999902584, 99999.99999910545, 99999.99999926267]
J=2.1e-05, ⟨Jf⟩=2.0e-05, ⟨B·n⟩=1.5e-03, Len=sum([4.0, 4.0, 3.9, 3.7])=15.7, ϰ=[4.2, 4.1, 4.1, 4.1], ∫ϰ²/L>=[5.2, 5.4, 5.3, 5.3], C-C-Sep=0.10, ║∇J║=8.9e-04
Iteration 558/2000-----
currents: [100000.0, 99999.99999902541, 99999.9999991052, 99999.99999926245]
J=2.1e-05, ⟨Jf⟩=2.0e-05, ⟨B·n⟩=1.4e-03, Len=sum([4.0, 4.0, 3.9, 3.7])=15.7, ϰ=[4.2, 4.1, 4.1, 4.1], ∫ϰ²/L>=[5.2, 5.4, 5.3, 5.3], C-C-Sep=0.10, ║∇J║=6.4e-04
Iteration 559/2000-----
currents: [100000.0, 99999.99999902489, 99999.99999910506, 99999.99999926242]
J=2.1e-05, ⟨Jf⟩=2.0e-05, ⟨B·n⟩=1.5e-03, Len=sum([4.0, 4.0, 3.9, 3.7])=15.7, ϰ=[4.2, 4.1, 4.1, 4.2], ∫ϰ²/L>=[5.2, 5.4, 5.3, 5.3], C-C-Sep=0.10, ║∇J║=8.5e-04
Iteration 560/2000-----
currents: [100000.0, 99999.99999902376, 99999.99999910405, 99999.99999926177]
J=2.1e-05, ⟨Jf⟩=2.0e-05, ⟨B·n⟩=1.4e-03, Len=sum([4.0, 4.0, 3.9, 3.7])=15.7, ϰ=[4.2, 4.1, 4.1, 4.2], ∫ϰ²/L>=[5.2, 5.4, 5.3, 5.3], C-C-Sep=0.10, ║∇J║=1.2e-03
Iteration 561/2000-----
currents: [100000.0, 99999.99999902355, 99999.99999910408, 99999.99999926188]
J=2.1e-05, ⟨Jf⟩=2.0e-05, ⟨B·n⟩=1.5e-03, Len=sum([4.0, 4.0, 3.9, 3.7])=15.7, ϰ=[4.3, 4.1, 4.1, 4.2], ∫ϰ²/L>=[5.2, 5.4, 5.3, 5.3], C-C-Sep=0.10, ║∇J║=8.8e-04
Iteration 562/2000-----
currents: [100000.0, 99999.9999990222, 99999.999999103, 99999.99999926129]
J=2.1e-05, ⟨Jf⟩=2.0e-05, ⟨B·n⟩=1.5e-03, Len=sum([4.0, 4.0, 3.9, 3.7])=15.7, ϰ=[4.4, 4.2, 4.1, 4.2], ∫ϰ²/L>=[5.2, 5.4, 5.3, 5.3], C-C-Sep=0.10, ║∇J║=7.8e-04
Iteration 563/2000-----
currents: [100000.0, 99999.9999990216, 99999.99999910285, 99999.99999926132]
J=2.1e-05, ⟨Jf⟩=2.0e-05, ⟨B·n⟩=1.4e-03, Len=sum([4.0, 4.0, 3.9, 3.7])=15.7, ϰ=[4.4, 4.2, 4.1, 4.3], ∫ϰ²/L>=[5.2, 5.4, 5.3, 5.3], C-C-Sep=0.10, ║∇J║=9.0e-04
Iteration 564/2000-----
currents: [100000.0, 99999.99999902047, 99999.99999910204, 99999.99999926075]
J=2.1e-05, ⟨Jf⟩=2.0e-05, ⟨B·n⟩=1.4e-03, Len=sum([4.0, 4.0, 3.9, 3.7])=15.7, ϰ=[4.4, 4.2, 4.1, 4.3], ∫ϰ²/L>=[5.2, 5.4, 5.3, 5.3], C-C-Sep=0.10, ║∇J║=9.3e-04
Iteration 565/2000-----
currents: [100000.0, 99999.99999901977, 99999.99999910165, 99999.9999992605]
J=2.1e-05, ⟨Jf⟩=2.0e-05, ⟨B·n⟩=1.4e-03, Len=sum([4.0, 4.0, 3.9, 3.7])=15.7, ϰ=[4.3, 4.3, 4.1, 4.3], ∫ϰ²/L>=[5.2, 5.4, 5.3, 5.3], C-C-Sep=0.10, ║∇J║=9.8e-04
Iteration 566/2000-----
currents: [100000.0, 99999.99999901927, 99999.99999910135, 99999.9999992603]
J=2.1e-05, ⟨Jf⟩=2.0e-05, ⟨B·n⟩=1.4e-03, Len=sum([4.0, 4.0, 3.9, 3.7])=15.7, ϰ=[4.3, 4.3, 4.1, 4.3], ∫ϰ²/L>=[5.2, 5.4, 5.3, 5.3], C-C-Sep=0.10, ║∇J║=6.7e-04
Iteration 567/2000-----
currents: [100000.0, 99999.99999901933, 99999.99999910177, 99999.99999926066]
J=2.1e-05, ⟨Jf⟩=2.0e-05, ⟨B·n⟩=1.4e-03, Len=sum([4.0, 4.0, 3.9, 3.7])=15.7, ϰ=[4.3, 4.3, 4.1, 4.3], ∫ϰ²/L>=[5.2, 5.3, 5.3, 5.3], C-C-Sep=0.10, ║∇J║=6.9e-04
Iteration 568/2000-----
currents: [100000.0, 99999.99999901753, 99999.99999910023, 99999.99999925944]
J=2.1e-05, ⟨Jf⟩=2.0e-05, ⟨B·n⟩=1.4e-03, Len=sum([4.0, 4.0, 3.9, 3.7])=15.7, ϰ=[4.3, 4.3, 4.1, 4.4], ∫ϰ²/L>=[5.2, 5.3, 5.3, 5.3], C-C-Sep=0.10, ║∇J║=1.3e-03
Iteration 569/2000-----
currents: [100000.0, 99999.9999990173, 99999.99999910018, 99999.99999925938]
J=2.1e-05, ⟨Jf⟩=2.0e-05, ⟨B·n⟩=1.4e-03, Len=sum([4.0, 4.0, 3.9, 3.7])=15.7, ϰ=[4.4, 4.3, 4.1, 4.4], ∫ϰ²/L>=[5.2, 5.3, 5.3, 5.3], C-C-Sep=0.10, ║∇J║=8.1e-04
Iteration 570/2000-----
currents: [100000.0, 99999.99999901657, 99999.99999909963, 99999.99999925889]
J=2.1e-05, ⟨Jf⟩=2.0e-05, ⟨B·n⟩=1.4e-03, Len=sum([4.0, 4.0, 3.9, 3.7])=15.7, ϰ=[4.3, 4.3, 4.1, 4.4], ∫ϰ²/L>=[5.2, 5.3, 5.3, 5.3], C-C-Sep=0.10, ║∇J║=6.8e-04
Iteration 571/2000-----
currents: [100000.0, 99999.9999990153, 99999.99999909842, 99999.99999925782]
J=2.1e-05, ⟨Jf⟩=2.0e-05, ⟨B·n⟩=1.4e-03, Len=sum([4.0, 4.0, 3.9, 3.7])=15.7, ϰ=[4.4, 4.3, 4.1, 4.4], ∫ϰ²/L>=[5.2, 5.3, 5.3, 5.3], C-C-Sep=0.10, ║∇J║=9.2e-04
Iteration 572/2000-----
currents: [100000.0, 99999.99999901379, 99999.99999909697, 99999.99999925659]
J=2.1e-05, ⟨Jf⟩=2.0e-05, ⟨B·n⟩=1.4e-03, Len=sum([4.0, 4.0, 3.9, 3.7])=15.7, ϰ=[4.4, 4.3, 4.2, 4.3], ∫ϰ²/L>=[5.2, 5.3, 5.3, 5.3], C-C-Sep=0.10, ║∇J║=1.0e-03
Iteration 573/2000-----
currents: [100000.0, 99999.9999990133, 99999.99999909631, 99999.99999925609]
J=2.1e-05, ⟨Jf⟩=2.0e-05, ⟨B·n⟩=1.4e-03, Len=sum([4.0, 4.0, 3.9, 3.7])=15.7, ϰ=[4.3, 4.3, 4.2, 4.4], ∫ϰ²/L>=[5.2, 5.3, 5.3, 5.3], C-C-Sep=0.10, ║∇J║=9.7e-04
Iteration 574/2000-----
currents: [100000.0, 99999.99999901289, 99999.99999909604, 99999.99999925589]
J=2.1e-05, ⟨Jf⟩=2.0e-05, ⟨B·n⟩=1.4e-03, Len=sum([4.0, 4.0, 3.9, 3.7])=15.7, ϰ=[4.3, 4.2, 4.2, 4.3], ∫ϰ²/L>=[5.2, 5.3, 5.3, 5.3], C-C-Sep=0.10, ║∇J║=8.5e-04
Iteration 575/2000-----
currents: [100000.0, 99999.99999901192, 99999.99999909538, 99999.99999925544]
J=2.1e-05, ⟨Jf⟩=2.0e-05, ⟨B·n⟩=1.4e-03, Len=sum([4.0, 4.0, 3.9, 3.7])=15.7, ϰ=[4.4, 4.2, 4.2, 4.3], ∫ϰ²/L>=[5.2, 5.3, 5.3, 5.3], C-C-Sep=0.10, ║∇J║=7.8e-04
Iteration 576/2000-----
currents: [100000.0, 99999.99999901067, 99999.9999990945, 99999.99999925487]
J=2.1e-05, ⟨Jf⟩=2.0e-05, ⟨B·n⟩=1.4e-03, Len=sum([4.0, 4.0, 3.9, 3.7])=15.7, ϰ=[4.4, 4.2, 4.2, 4.3], ∫ϰ²/L>=[5.2, 5.3, 5.3, 5.3], C-C-Sep=0.10, ║∇J║=1.1e-03
Iteration 577/2000-----
currents: [100000.0, 99999.99999901, 99999.99999909413, 99999.99999925467]
J=2.1e-05, ⟨Jf⟩=2.0e-05, ⟨B·n⟩=1.4e-03, Len=sum([4.0, 4.0, 3.9, 3.7])=15.7, ϰ=[4.4, 4.2, 4.2, 4.3], ∫ϰ²/L>=[5.2, 5.3, 5.3, 5.3], C-C-Sep=0.10, ║∇J║=6.6e-04
Iteration 578/2000-----
currents: [100000.0, 99999.99999900947, 99999.9999990937, 99999.99999925443]
J=2.1e-05, ⟨Jf⟩=2.0e-05, ⟨B·n⟩=1.4e-03, Len=sum([4.0, 4.0, 3.9, 3.7])=15.7, ϰ=[4.5, 4.1, 4.3, 4.4], ∫ϰ²/L>=[5.2, 5.3, 5.3, 5.3], C-C-Sep=0.10, ║∇J║=6.0e-04
Iteration 579/2000-----
currents: [100000.0, 99999.99999900884, 99999.99999909333, 99999.99999925423]
J=2.1e-05, ⟨Jf⟩=2.0e-05, ⟨B·n⟩=1.4e-03, Len=sum([4.0, 4.0, 3.9, 3.7])=15.7, ϰ=[4.5, 4.1, 4.3, 4.3], ∫ϰ²/L>=[5.2, 5.3, 5.3, 5.3], C-C-Sep=0.10, ║∇J║=7.1e-04
Iteration 580/2000-----
currents: [100000.0, 99999.99999900826, 99999.99999909312, 99999.99999925426]
J=2.1e-05, ⟨Jf⟩=2.0e-05, ⟨B·n⟩=1.4e-03, Len=sum([4.0, 4.0, 3.9, 3.7])=15.7, ϰ=[4.4, 4.1, 4.3, 4.3], ∫ϰ²/L>=[5.2, 5.3, 5.3, 5.3], C-C-Sep=0.10, ║∇J║=6.9e-04
Iteration 581/2000-----
currents: [100000.0, 99999.99999900754, 99999.99999909282, 99999.99999925417]
J=2.1e-05, ⟨Jf⟩=2.0e-05, ⟨B·n⟩=1.4e-03, Len=sum([4.0, 4.0, 3.9, 3.7])=15.7, ϰ=[4.4, 4.1, 4.3, 4.3], ∫ϰ²/L>=[5.2, 5.3, 5.3, 5.3], C-C-Sep=0.10, ║∇J║=6.7e-04
Iteration 582/2000-----
currents: [100000.0, 99999.99999900699, 99999.99999909269, 99999.99999925419]
J=2.1e-05, ⟨Jf⟩=2.0e-05, ⟨B·n⟩=1.4e-03, Len=sum([4.0, 4.0, 3.9, 3.7])=15.7, ϰ=[4.4, 4.0, 4.3, 4.3], ∫ϰ²/L>=[5.2, 5.4, 5.3, 5.3], C-C-Sep=0.10, ║∇J║=8.8e-04
Iteration 583/2000-----
currents: [100000.0, 99999.99999900632, 99999.99999909231, 99999.99999925392]
J=2.1e-05, ⟨Jf⟩=2.0e-05, ⟨B·n⟩=1.4e-03, Len=sum([4.0, 4.0, 3.9, 3.7])=15.7, ϰ=[4.5, 4.0, 4.2, 4.3], ∫ϰ²/L>=[5.2, 5.4, 5.3, 5.3], C-C-Sep=0.10, ║∇J║=7.4e-04
Iteration 584/2000-----
currents: [100000.0, 99999.99999900608, 99999.9999990925, 99999.99999925401]
J=2.1e-05, ⟨Jf⟩=2.0e-05, ⟨B·n⟩=1.4e-03, Len=sum([4.0, 4.0, 3.9, 3.7])=15.7, ϰ=[4.4, 4.0, 4.2, 4.2], ∫ϰ²/L>=[5.2, 5.3, 5.3, 5.3], C-C-Sep=0.10, ║∇J║=8.2e-04
Iteration 585/2000-----
currents: [100000.0, 99999.99999900495, 99999.99999909161, 99999.99999925325]
J=2.1e-05, ⟨Jf⟩=2.0e-05, ⟨B·n⟩=1.4e-03, Len=sum([4.0, 4.0, 3.9, 3.7])=15.7, ϰ=[4.4, 4.0, 4.2, 4.2], ∫ϰ²/L>=[5.2, 5.4, 5.3, 5.3], C-C-Sep=0.10, ║∇J║=8.6e-04
Iteration 586/2000-----
currents: [100000.0, 99999.99999900433, 99999.99999909129, 99999.999999253]
J=2.1e-05, ⟨Jf⟩=2.0e-05, ⟨B·n⟩=1.4e-03, Len=sum([4.0, 4.0, 3.9, 3.7])=15.7, ϰ=[4.4, 4.0, 4.2, 4.2], ∫ϰ²/L>=[5.2, 5.3, 5.3, 5.3], C-C-Sep=0.10, ║∇J║=6.6e-04
Iteration 587/2000-----
currents: [100000.0, 99999.99999900362, 99999.999999091, 99999.99999925279]
J=2.1e-05, ⟨Jf⟩=2.0e-05, ⟨B·n⟩=1.4e-03, Len=sum([4.0, 4.0, 3.9, 3.7])=15.7, ϰ=[4.3, 4.0, 4.2, 4.2], ∫ϰ²/L>=[5.2, 5.3, 5.3, 5.3], C-C-Sep=0.10, ║∇J║=6.6e-04
Iteration 588/2000-----
currents: [100000.0, 99999.99999900226, 99999.99999909026, 99999.99999925237]
J=2.1e-05, ⟨Jf⟩=2.0e-05, ⟨B·n⟩=1.4e-03, Len=sum([4.0, 4.0, 3.9, 3.7])=15.7, ϰ=[4.3, 4.1, 4.3, 4.1], ∫ϰ²/L>=[5.2, 5.3, 5.3, 5.3], C-C-Sep=0.10, ║∇J║=1.0e-03
Iteration 589/2000-----
currents: [100000.0, 99999.99999900116, 99999.99999908969, 99999.99999925202]
J=2.0e-05, ⟨Jf⟩=2.0e-05, ⟨B·n⟩=1.4e-03, Len=sum([4.0, 4.0, 3.9, 3.7])=15.7, ϰ=[4.3, 4.1, 4.3, 4.1], ∫ϰ²/L>=[5.2, 5.3, 5.3, 5.3], C-C-Sep=0.10, ║∇J║=7.2e-04
Iteration 590/2000-----
currents: [100000.0, 99999.99999900091, 99999.99999908965, 99999.999999252]
J=2.0e-05, ⟨Jf⟩=2.0e-05, ⟨B·n⟩=1.4e-03, Len=sum([4.0, 4.0, 3.9, 3.7])=15.7, ϰ=[4.3, 4.1, 4.3, 4.1], ∫ϰ²/L>=[5.2, 5.3, 5.2, 5.3], C-C-Sep=0.10, ║∇J║=6.6e-04
Iteration 591/2000-----
currents: [100000.0, 99999.99999899937, 99999.99999908848, 99999.99999925111]
J=2.0e-05, ⟨Jf⟩=1.9e-05, ⟨B·n⟩=1.4e-03, Len=sum([4.0, 4.0, 3.9, 3.7])=15.7, ϰ=[4.4, 4.2, 4.3, 4.0], ∫ϰ²/L>=[5.2, 5.3, 5.3, 5.3], C-C-Sep=0.10, ║∇J║=1.1e-03
Iteration 592/2000-----
currents: [100000.0, 99999.99999899867, 99999.99999908802, 99999.99999925063]
J=2.0e-05, ⟨Jf⟩=1.9e-05, ⟨B·n⟩=1.4e-03, Len=sum([4.0, 4.0, 3.9, 3.7])=15.7, ϰ=[4.4, 4.2, 4.3, 4.0], ∫ϰ²/L>=[5.2, 5.3, 5.3, 5.3], C-C-Sep=0.10, ║∇J║=7.9e-04
Iteration 593/2000-----
currents: [100000.0, 99999.99999899846, 99999.99999908778, 99999.99999925036]
J=2.0e-05, ⟨Jf⟩=1.9e-05, ⟨B·n⟩=1.4e-03, Len=sum([4.0, 4.0, 3.9, 3.7])=15.7, ϰ=[4.5, 4.2, 4.3, 4.0], ∫ϰ²/L>=[5.2, 5.3, 5.3, 5.3], C-C-Sep=0.10, ║∇J║=6.2e-04
Iteration 594/2000-----
currents: [100000.0, 99999.99999899698, 99999.99999908674, 99999.99999924944]
J=2.0e-05, ⟨Jf⟩=1.9e-05, ⟨B·n⟩=1.4e-03, Len=sum([4.0, 4.0, 3.9, 3.7])=15.7, ϰ=[4.5, 4.2, 4.3, 4.0], ∫ϰ²/L>=[5.2, 5.3, 5.3, 5.3], C-C-Sep=0.10, ║∇J║=1.1e-03
Iteration 595/2000-----
currents: [100000.0, 99999.99999899657, 99999.99999908642, 99999.99999924896]
J=2.0e-05, ⟨Jf⟩=1.9e-05, ⟨B·n⟩=1.4e-03, Len=sum([4.0, 4.0, 3.9, 3.7])=15.7, ϰ=[4.5, 4.1, 4.3, 4.0], ∫ϰ²/L>=[5.2, 5.3, 5.3, 5.3], C-C-Sep=0.10, ║∇J║=8.9e-04
Iteration 596/2000-----
currents: [100000.0, 99999.99999899605, 99999.99999908607, 99999.99999924876]
J=2.0e-05, ⟨Jf⟩=1.9e-05, ⟨B·n⟩=1.4e-03, Len=sum([4.0, 4.0, 3.9, 3.7])=15.7, ϰ=[4.5, 4.1, 4.4, 4.0], ∫ϰ²/L>=[5.2, 5.3, 5.3, 5.3], C-C-Sep=0.10, ║∇J║=5.8e-04
Iteration 597/2000-----
currents: [100000.0, 99999.99999899532, 99999.99999908572, 99999.99999924854]
J=2.0e-05, ⟨Jf⟩=1.9e-05, ⟨B·n⟩=1.4e-03, Len=sum([4.0, 4.0, 3.9, 3.7])=15.7, ϰ=[4.4, 4.2, 4.4, 4.0], ∫ϰ²/L>=[5.2, 5.3, 5.3, 5.3], C-C-Sep=0.10, ║∇J║=6.2e-04
Iteration 598/2000-----
currents: [100000.0, 99999.99999899365, 99999.99999908441, 99999.99999924752]
J=2.0e-05, ⟨Jf⟩=1.9e-05, ⟨B·n⟩=1.4e-03, Len=sum([4.0, 4.0, 3.9, 3.7])=15.7, ϰ=[4.4, 4.2, 4.4, 4.1], ∫ϰ²/L>=[5.2, 5.3, 5.3, 5.3], C-C-Sep=0.10, ║∇J║=7.6e-04
Iteration 599/2000-----
currents: [100000.0, 99999.99999899195, 99999.99999908326, 99999.99999924665]
J=2.0e-05, ⟨Jf⟩=1.9e-05, ⟨B·n⟩=1.4e-03, Len=sum([4.0, 4.0, 3.9, 3.7])=15.7, ϰ=[4.4, 4.1, 4.4, 4.1], ∫ϰ²/L>=[5.2, 5.3, 5.3, 5.4], C-C-Sep=0.10, ║∇J║=9.0e-04
Iteration 600/2000-----
currents: [100000.0, 99999.99999899184, 99999.99999908333, 99999.99999924665]
J=2.0e-05, ⟨Jf⟩=1.9e-05, ⟨B·n⟩=1.4e-03, Len=sum([4.0, 4.0, 3.9, 3.7])=15.7, ϰ=[4.4, 4.1, 4.4, 4.1], ∫ϰ²/L>=[5.2, 5.3, 5.3, 5.4], C-C-Sep=0.10, ║∇J║=7.5e-04
Iteration 601/2000-----
currents: [100000.0, 99999.99999899075, 99999.99999908237, 99999.99999924582]
J=2.0e-05, ⟨Jf⟩=1.9e-05, ⟨B·n⟩=1.4e-03, Len=sum([4.0, 4.0, 3.9, 3.7])=15.7, ϰ=[4.4, 4.1, 4.5, 4.1], ∫ϰ²/L>=[5.2, 5.3, 5.3, 5.4], C-C-Sep=0.10, ║∇J║=7.4e-04
Iteration 602/2000-----
currents: [100000.0, 99999.99999899075, 99999.99999908234, 99999.99999924572]
J=2.0e-05, ⟨Jf⟩=1.9e-05, ⟨B·n⟩=1.4e-03, Len=sum([4.0, 4.0, 3.9, 3.7])=15.7, ϰ=[4.4, 4.0, 4.5, 4.1], ∫ϰ²/L>=[5.2, 5.3, 5.3, 5.4], C-C-Sep=0.10, ║∇J║=7.3e-04
Iteration 603/2000-----
currents: [100000.0, 99999.99999899002, 99999.99999908179, 99999.99999924513]
J=2.0e-05, ⟨Jf⟩=1.9e-05, ⟨B·n⟩=1.4e-03, Len=sum([4.0, 4.0, 3.9, 3.7])=15.7, ϰ=[4.3, 4.0, 4.6, 4.1], ∫ϰ²/L>=[5.2, 5.3, 5.3, 5.3], C-C-Sep=0.10, ║∇J║=6.2e-04
Iteration 604/2000-----
currents: [100000.0, 99999.99999898978, 99999.99999908153, 99999.99999924477]
J=2.0e-05, ⟨Jf⟩=1.9e-05, ⟨B·n⟩=1.4e-03, Len=sum([4.0, 4.0, 3.9, 3.7])=15.7, ϰ=[4.3, 4.0, 4.6, 4.1], ∫ϰ²/L>=[5.2, 5.3, 5.3, 5.3], C-C-Sep=0.10, ║∇J║=5.9e-04
Iteration 605/2000-----
currents: [100000.0, 99999.99999898886, 99999.99999908064, 99999.99999924394]
J=2.0e-05, ⟨Jf⟩=1.9e-05, ⟨B·n⟩=1.4e-03, Len=sum([4.0, 4.0, 3.9, 3.7])=15.7, ϰ=[4.3, 4.0, 4.6, 4.1], ∫ϰ²/L>=[5.2, 5.3, 5.3, 5.3], C-C-Sep=0.10, ║∇J║=5.8e-04
Iteration 606/2000-----
currents: [100000.0, 99999.99999898816, 99999.99999908, 99999.99999924333]
J=2.0e-05, ⟨Jf⟩=1.9e-05, ⟨B·n⟩=1.4e-03, Len=sum([4.0, 4.0, 3.9, 3.7])=15.7, ϰ=[4.3, 4.0, 4.6, 4.1], ∫ϰ²/L>=[5.2, 5.3, 5.3, 5.3], C-C-Sep=0.10, ║∇J║=7.0e-04
Iteration 607/2000-----
currents: [100000.0, 99999.99999898738, 99999.99999907923, 99999.99999924262]
J=2.0e-05, ⟨Jf⟩=1.9e-05, ⟨B·n⟩=1.4e-03, Len=sum([4.0, 4.0, 3.9, 3.7])=15.7, ϰ=[4.3, 4.0, 4.6, 4.1], ∫ϰ²/L>=[5.2, 5.3, 5.3, 5.4], C-C-Sep=0.10, ║∇J║=6.6e-04
Iteration 608/2000-----
currents: [100000.0, 99999.9999989852, 99999.99999907745, 99999.99999924113]
J=2.0e-05, ⟨Jf⟩=1.9e-05, ⟨B·n⟩=1.4e-03, Len=sum([4.0, 4.0, 3.9, 3.7])=15.7, ϰ=[4.3, 4.0, 4.6, 4.0], ∫ϰ²/L>=[5.2, 5.3, 5.3, 5.4], C-C-Sep=0.10, ║∇J║=9.3e-04
Iteration 609/2000-----
currents: [100000.0, 99999.99999898403, 99999.99999907655, 99999.99999924043]
J=2.0e-05, ⟨Jf⟩=1.9e-05, ⟨B·n⟩=1.4e-03, Len=sum([4.0, 4.0, 3.9, 3.7])=15.7, ϰ=[4.3, 4.1, 4.6, 4.0], ∫ϰ²/L>=[5.2, 5.3, 5.3, 5.4], C-C-Sep=0.10, ║∇J║=8.1e-04
Iteration 610/2000-----
currents: [100000.0, 99999.99999898406, 99999.99999907656, 99999.99999924039]
J=2.0e-05, ⟨Jf⟩=1.9e-05, ⟨B·n⟩=1.4e-03, Len=sum([4.0, 4.0, 3.9, 3.7])=15.7, ϰ=[4.3, 4.1, 4.6, 4.0], ∫ϰ²/L>=[5.2, 5.3, 5.3, 5.4], C-C-Sep=0.10, ║∇J║=6.9e-04
Iteration 611/2000-----
currents: [100000.0, 99999.99999898272, 99999.99999907568, 99999.9999992397]
J=2.0e-05, ⟨Jf⟩=1.9e-05, ⟨B·n⟩=1.4e-03, Len=sum([4.0, 4.0, 3.9, 3.7])=15.7, ϰ=[4.2, 4.1, 4.5, 4.0], ∫ϰ²/L>=[5.2, 5.3, 5.3, 5.4], C-C-Sep=0.10, ║∇J║=7.0e-04
Iteration 612/2000-----
currents: [100000.0, 99999.99999898244, 99999.99999907544, 99999.99999923946]
J=2.0e-05, ⟨Jf⟩=1.9e-05, ⟨B·n⟩=1.4e-03, Len=sum([4.0, 4.0, 3.9, 3.7])=15.7, ϰ=[4.1, 4.2, 4.5, 4.1], ∫ϰ²/L>=[5.1, 5.3, 5.3, 5.4], C-C-Sep=0.10, ║∇J║=9.6e-04
Iteration 613/2000-----
currents: [100000.0, 99999.99999898193, 99999.99999907511, 99999.99999923914]
J=2.0e-05, ⟨Jf⟩=1.9e-05, ⟨B·n⟩=1.4e-03, Len=sum([4.0, 4.0, 3.9, 3.7])=15.7, ϰ=[4.1, 4.1, 4.5, 4.1], ∫ϰ²/L>=[5.1, 5.3, 5.3, 5.4], C-C-Sep=0.10, ║∇J║=6.0e-04
Iteration 614/2000-----
currents: [100000.0, 99999.9999989809, 99999.99999907453, 99999.99999923867]
J=2.0e-05, ⟨Jf⟩=1.9e-05, ⟨B·n⟩=1.4e-03, Len=sum([4.0, 4.0, 3.9, 3.7])=15.7, ϰ=[4.1, 4.1, 4.5, 4.1], ∫ϰ²/L>=[5.1, 5.3, 5.3, 5.4], C-C-Sep=0.10, ║∇J║=4.9e-04
Iteration 615/2000-----
currents: [100000.0, 99999.99999898027, 99999.99999907419, 99999.99999923838]
J=2.0e-05, ⟨Jf⟩=1.9e-05, ⟨B·n⟩=1.4e-03, Len=sum([4.0, 4.0, 3.9, 3.7])=15.7, ϰ=[4.1, 4.1, 4.5, 4.1], ∫ϰ²/L>=[5.1, 5.3, 5.3, 5.4], C-C-Sep=0.10, ║∇J║=5.6e-04
Iteration 616/2000-----
currents: [100000.0, 99999.99999897898, 99999.99999907339, 99999.99999923771]
J=2.0e-05, ⟨Jf⟩=1.9e-05, ⟨B·n⟩=1.4e-03, Len=sum([4.0, 4.0, 3.9, 3.7])=15.7, ϰ=[4.0, 4.1, 4.5, 4.1], ∫ϰ²/L>=[5.1, 5.3, 5.3, 5.4], C-C-Sep=0.10, ║∇J║=7.5e-04
Iteration 617/2000-----
currents: [100000.0, 99999.99999897915, 99999.9999990737, 99999.99999923792]
J=2.0e-05, ⟨Jf⟩=1.9e-05, ⟨B·n⟩=1.4e-03, Len=sum([4.0, 4.0, 3.9, 3.7])=15.7, ϰ=[4.0, 4.1, 4.5, 4.0], ∫ϰ²/L>=[5.1, 5.3, 5.3, 5.4], C-C-Sep=0.10, ║∇J║=4.9e-04
Iteration 618/2000-----
currents: [100000.0, 99999.99999897873, 99999.99999907352, 99999.99999923776]
J=2.0e-05, ⟨Jf⟩=1.9e-05, ⟨B·n⟩=1.4e-03, Len=sum([4.0, 4.0, 3.9, 3.7])=15.7, ϰ=[4.0, 4.1, 4.5, 4.0], ∫ϰ²/L>=[5.1, 5.3, 5.3, 5.4], C-C-Sep=0.10, ║∇J║=6.0e-04
Iteration 619/2000-----
currents: [100000.0, 99999.99999897857, 99999.99999907361, 99999.99999923774]
J=2.0e-05, ⟨Jf⟩=1.9e-05, ⟨B·n⟩=1.4e-03, Len=sum([4.0, 4.0, 3.9, 3.7])=15.7, ϰ=[4.0, 4.1, 4.5, 4.0], ∫ϰ²/L>=[5.1, 5.3, 5.3, 5.4], C-C-Sep=0.10, ║∇J║=6.5e-04
Iteration 620/2000-----
currents: [100000.0, 99999.99999897707, 99999.9999990728, 99999.99999923703]
J=2.0e-05, ⟨Jf⟩=1.9e-05, ⟨B·n⟩=1.4e-03, Len=sum([4.1, 4.0, 3.9, 3.7])=15.7, ϰ=[3.9, 4.1, 4.4, 4.0], ∫ϰ²/L>=[5.1, 5.3, 5.3, 5.4], C-C-Sep=0.10, ║∇J║=6.3e-04
Iteration 621/2000-----
currents: [100000.0, 99999.99999897645, 99999.99999907243, 99999.99999923659]
J=2.0e-05, ⟨Jf⟩=1.9e-05, ⟨B·n⟩=1.4e-03, Len=sum([4.1, 4.0, 3.9, 3.7])=15.7, ϰ=[3.9, 4.1, 4.5, 4.1], ∫ϰ²/L>=[5.1, 5.3, 5.3, 5.4], C-C-Sep=0.10, ║∇J║=6.9e-04
Iteration 622/2000-----
currents: [100000.0, 99999.99999897546, 99999.99999907186, 99999.99999923605]
J=2.0e-05, ⟨Jf⟩=1.9e-05, ⟨B·n⟩=1.4e-03, Len=sum([4.1, 4.0, 3.9, 3.7])=15.7, ϰ=[3.9, 4.1, 4.5, 4.1], ∫ϰ²/L>=[5.1, 5.3, 5.3, 5.4], C-C-Sep=0.10, ║∇J║=6.6e-04
Iteration 623/2000-----
currents: [100000.0, 99999.9999989752, 99999.99999907178, 99999.99999923594]
J=2.0e-05, ⟨Jf⟩=1.9e-05, ⟨B·n⟩=1.4e-03, Len=sum([4.1, 4.0, 3.9, 3.7])=15.7, ϰ=[3.9, 4.1, 4.5, 4.0], ∫ϰ²/L>=[5.1, 5.3, 5.3, 5.4], C-C-Sep=0.10, ║∇J║=6.5e-04
Iteration 624/2000-----
currents: [100000.0, 99999.99999897451, 99999.99999907134, 99999.99999923563]
J=2.0e-05, ⟨Jf⟩=1.9e-05, ⟨B·n⟩=1.4e-03, Len=sum([4.1, 4.0, 3.9, 3.7])=15.7, ϰ=[3.9, 4.1, 4.5, 4.0], ∫ϰ²/L>=[5.1, 5.3, 5.3, 5.4], C-C-Sep=0.10, ║∇J║=5.6e-04
Iteration 625/2000-----
currents: [100000.0, 99999.99999897447, 99999.99999907133, 99999.9999992356]
J=2.0e-05, ⟨Jf⟩=1.9e-05, ⟨B·n⟩=1.4e-03, Len=sum([4.1, 4.0, 3.9, 3.7])=15.7, ϰ=[3.9, 4.1, 4.5, 4.0], ∫ϰ²/L>=[5.1, 5.3, 5.3, 5.4], C-C-Sep=0.10, ║∇J║=4.4e-04
Iteration 626/2000-----
currents: [100000.0, 99999.99999897428, 99999.99999907127, 99999.99999923562]
J=2.0e-05, ⟨Jf⟩=1.9e-05, ⟨B·n⟩=1.4e-03, Len=sum([4.1, 4.0, 3.9, 3.7])=15.7, ϰ=[3.9, 4.1, 4.4, 4.0], ∫ϰ²/L>=[5.1, 5.3, 5.3, 5.4], C-C-Sep=0.10, ║∇J║=4.9e-04
Iteration 627/2000-----
currents: [100000.0, 99999.99999897378, 99999.9999990709, 99999.99999923531]
J=2.0e-05, ⟨Jf⟩=1.9e-05, ⟨B·n⟩=1.4e-03, Len=sum([4.1, 4.0, 3.9, 3.7])=15.7, ϰ=[3.9, 4.0, 4.4, 4.0], ∫ϰ²/L>=[5.1, 5.3, 5.3, 5.4], C-C-Sep=0.10, ║∇J║=6.1e-04
Iteration 628/2000-----
currents: [100000.0, 99999.99999897295, 99999.99999907035, 99999.99999923483]
J=2.0e-05, ⟨Jf⟩=1.9e-05, ⟨B·n⟩=1.4e-03, Len=sum([4.1, 4.0, 3.9, 3.7])=15.7, ϰ=[3.8, 4.0, 4.4, 4.0], ∫ϰ²/L>=[5.1, 5.3, 5.3, 5.4], C-C-Sep=0.10, ║∇J║=7.5e-04
Iteration 629/2000-----
currents: [100000.0, 99999.99999897202, 99999.99999906978, 99999.99999923437]
J=2.0e-05, ⟨Jf⟩=1.9e-05, ⟨B·n⟩=1.4e-03, Len=sum([4.1, 4.0, 3.9, 3.7])=15.7, ϰ=[3.8, 4.0, 4.4, 4.0], ∫ϰ²/L>=[5.1, 5.3, 5.3, 5.4], C-C-Sep=0.10, ║∇J║=6.1e-04
Iteration 630/2000-----
currents: [100000.0, 99999.9999989715, 99999.99999906946, 99999.99999923399]
J=2.0e-05, ⟨Jf⟩=1.9e-05, ⟨B·n⟩=1.4e-03, Len=sum([4.1, 4.0, 3.9, 3.7])=15.7, ϰ=[3.7, 3.9, 4.4, 4.0], ∫ϰ²/L>=[5.1, 5.3, 5.3, 5.4], C-C-Sep=0.10, ║∇J║=5.9e-04
Iteration 631/2000-----
currents: [100000.0, 99999.99999897041, 99999.99999906897, 99999.99999923342]
J=2.0e-05, ⟨Jf⟩=1.9e-05, ⟨B·n⟩=1.4e-03, Len=sum([4.1, 4.0, 3.9, 3.7])=15.7, ϰ=[3.7, 3.9, 4.4, 4.0], ∫ϰ²/L>=[5.1, 5.3, 5.3, 5.4], C-C-Sep=0.10, ║∇J║=6.6e-04
Iteration 632/2000-----
currents: [100000.0, 99999.99999896977, 99999.9999990687, 99999.99999923306]
J=2.0e-05, ⟨Jf⟩=1.9e-05, ⟨B·n⟩=1.4e-03, Len=sum([4.1, 4.0, 3.9, 3.7])=15.7, ϰ=[3.7, 3.9, 4.3, 4.0], ∫ϰ²/L>=[5.1, 5.3, 5.3, 5.4], C-C-Sep=0.10, ║∇J║=7.2e-04
Iteration 633/2000-----
currents: [100000.0, 99999.99999896961, 99999.99999906865, 99999.99999923291]
J=2.0e-05, ⟨Jf⟩=1.9e-05, ⟨B·n⟩=1.4e-03, Len=sum([4.1, 4.0, 3.9, 3.7])=15.7, ϰ=[3.7, 3.8, 4.3, 4.0], ∫ϰ²/L>=[5.1, 5.3, 5.3, 5.4], C-C-Sep=0.10, ║∇J║=4.7e-04
Iteration 634/2000-----
currents: [100000.0, 99999.99999896932, 99999.99999906855, 99999.99999923276]
J=2.0e-05, ⟨Jf⟩=1.9e-05, ⟨B·n⟩=1.4e-03, Len=sum([4.1, 4.0, 3.9, 3.7])=15.7, ϰ=[3.7, 3.9, 4.3, 4.0], ∫ϰ²/L>=[5.1, 5.3, 5.3, 5.4], C-C-Sep=0.10, ║∇J║=5.2e-04
Iteration 635/2000-----
currents: [100000.0, 99999.99999896876, 99999.99999906821, 99999.9999992324]
J=2.0e-05, ⟨Jf⟩=1.9e-05, ⟨B·n⟩=1.4e-03, Len=sum([4.1, 4.0, 3.9, 3.7])=15.7, ϰ=[3.6, 3.9, 4.3, 4.0], ∫ϰ²/L>=[5.1, 5.3, 5.3, 5.4], C-C-Sep=0.10, ║∇J║=6.1e-04
Iteration 636/2000-----
currents: [100000.0, 99999.99999896844, 99999.99999906802, 99999.99999923212]
J=2.0e-05, ⟨Jf⟩=1.9e-05, ⟨B·n⟩=1.4e-03, Len=sum([4.1, 4.0, 3.9, 3.7])=15.7, ϰ=[3.6, 3.9, 4.3, 4.0], ∫ϰ²/L>=[5.1, 5.3, 5.3, 5.4], C-C-Sep=0.10, ║∇J║=5.4e-04
Iteration 637/2000-----
currents: [100000.0, 99999.99999896747, 99999.99999906743, 99999.9999992316]
J=2.0e-05, ⟨Jf⟩=1.9e-05, ⟨B·n⟩=1.4e-03, Len=sum([4.1, 4.0, 3.9, 3.7])=15.7, ϰ=[3.7, 3.9, 4.2, 4.1], ∫ϰ²/L>=[5.1, 5.3, 5.3, 5.4], C-C-Sep=0.10, ║∇J║=5.5e-04
Iteration 638/2000-----
currents: [100000.0, 99999.99999896715, 99999.99999906731, 99999.99999923147]
J=2.0e-05, ⟨Jf⟩=1.9e-05, ⟨B·n⟩=1.4e-03, Len=sum([4.1, 4.0, 3.9, 3.7])=15.7, ϰ=[3.7, 3.9, 4.2, 4.1], ∫ϰ²/L>=[5.1, 5.3, 5.3, 5.4], C-C-Sep=0.10, ║∇J║=6.0e-04
Iteration 639/2000-----
currents: [100000.0, 99999.99999896661, 99999.99999906697, 99999.9999992312]
J=2.0e-05, ⟨Jf⟩=1.9e-05, ⟨B·n⟩=1.4e-03, Len=sum([4.1, 4.0, 3.9, 3.7])=15.7, ϰ=[3.7, 3.9, 4.2, 4.1], ∫ϰ²/L>=[5.1, 5.3, 5.3, 5.4], C-C-Sep=0.10, ║∇J║=5.3e-04
Iteration 640/2000-----
currents: [100000.0, 99999.99999896626, 99999.99999906696, 99999.99999923127]
J=2.0e-05, ⟨Jf⟩=1.9e-05, ⟨B·n⟩=1.4e-03, Len=sum([4.1, 4.0, 3.9, 3.7])=15.7, ϰ=[3.7, 3.9, 4.2, 4.1], ∫ϰ²/L>=[5.1, 5.3, 5.3, 5.4], C-C-Sep=0.10, ║∇J║=4.7e-04
Iteration 641/2000-----
currents: [100000.0, 99999.999998965, 99999.99999906623, 99999.99999923068]
J=2.0e-05, ⟨Jf⟩=1.9e-05, ⟨B·n⟩=1.4e-03, Len=sum([4.1, 4.0, 3.9, 3.7])=15.7, ϰ=[3.7, 4.0, 4.3, 4.1], ∫ϰ²/L>=[5.1, 5.3, 5.3, 5.4], C-C-Sep=0.10, ║∇J║=6.3e-04
Iteration 642/2000-----
currents: [100000.0, 99999.99999896453, 99999.9999990663, 99999.99999923077]
J=2.0e-05, ⟨Jf⟩=1.9e-05, ⟨B·n⟩=1.4e-03, Len=sum([4.1, 4.0, 3.9, 3.7])=15.7, ϰ=[3.7, 4.0, 4.3, 4.1], ∫ϰ²/L>=[5.1, 5.3, 5.2, 5.4], C-C-Sep=0.10, ║∇J║=6.3e-04
Iteration 643/2000-----
currents: [100000.0, 99999.99999896387, 99999.99999906599, 99999.99999923045]
J=2.0e-05, ⟨Jf⟩=1.9e-05, ⟨B·n⟩=1.4e-03, Len=sum([4.1, 4.0, 3.9, 3.7])=15.7, ϰ=[3.7, 4.0, 4.3, 4.2], ∫ϰ²/L>=[5.0, 5.3, 5.2, 5.4], C-C-Sep=0.10, ║∇J║=5.9e-04
Iteration 644/2000-----
currents: [100000.0, 99999.9999989626, 99999.99999906539, 99999.9999992299]
J=2.0e-05, ⟨Jf⟩=1.9e-05, ⟨B·n⟩=1.4e-03, Len=sum([4.1, 4.0, 3.9, 3.7])=15.7, ϰ=[3.7, 4.0, 4.3, 4.2], ∫ϰ²/L>=[5.0, 5.3, 5.2, 5.4], C-C-Sep=0.10, ║∇J║=5.7e-04
Iteration 645/2000-----
currents: [100000.0, 99999.99999896239, 99999.99999906526, 99999.99999922967]
J=2.0e-05, ⟨Jf⟩=1.9e-05, ⟨B·n⟩=1.4e-03, Len=sum([4.1, 4.0, 3.9, 3.7])=15.7, ϰ=[3.7, 3.9, 4.3, 4.2], ∫ϰ²/L>=[5.0, 5.3, 5.2, 5.4], C-C-Sep=0.10, ║∇J║=5.8e-04
Iteration 646/2000-----
currents: [100000.0, 99999.99999896172, 99999.99999906469, 99999.99999922911]
J=2.0e-05, ⟨Jf⟩=1.9e-05, ⟨B·n⟩=1.4e-03, Len=sum([4.1, 4.0, 3.9, 3.7])=15.7, ϰ=[3.8, 3.9, 4.3, 4.2], ∫ϰ²/L>=[5.0, 5.3, 5.2, 5.4], C-C-Sep=0.10, ║∇J║=5.0e-04
Iteration 647/2000-----
currents: [100000.0, 99999.9999989621, 99999.9999990648, 99999.9999992291]
J=2.0e-05, ⟨Jf⟩=1.9e-05, ⟨B·n⟩=1.4e-03, Len=sum([4.1, 4.0, 3.9, 3.7])=15.7, ϰ=[3.8, 3.9, 4.3, 4.1], ∫ϰ²/L>=[5.0, 5.3, 5.2, 5.4], C-C-Sep=0.10, ║∇J║=5.9e-04
Iteration 648/2000-----
currents: [100000.0, 99999.99999896175, 99999.9999990644, 99999.99999922866]
J=2.0e-05, ⟨Jf⟩=1.9e-05, ⟨B·n⟩=1.4e-03, Len=sum([4.1, 4.0, 3.9, 3.7])=15.7, ϰ=[3.9, 3.9, 4.2, 4.1], ∫ϰ²/L>=[5.1, 5.3, 5.2, 5.4], C-C-Sep=0.10, ║∇J║=5.5e-04
Iteration 649/2000-----
currents: [100000.0, 99999.99999896184, 99999.99999906438, 99999.99999922857]
J=2.0e-05, ⟨Jf⟩=1.9e-05, ⟨B·n⟩=1.4e-03, Len=sum([4.1, 4.0, 3.9, 3.7])=15.7, ϰ=[3.9, 3.9, 4.2, 4.1], ∫ϰ²/L>=[5.1, 5.3, 5.2, 5.4], C-C-Sep=0.10, ║∇J║=4.9e-04
Iteration 650/2000-----
currents: [100000.0, 99999.99999896172, 99999.99999906405, 99999.99999922812]
J=2.0e-05, ⟨Jf⟩=1.9e-05, ⟨B·n⟩=1.4e-03, Len=sum([4.1, 4.0, 3.9, 3.7])=15.7, ϰ=[3.9, 3.8, 4.2, 4.1], ∫ϰ²/L>=[5.1, 5.3, 5.2, 5.4], C-C-Sep=0.10, ║∇J║=5.5e-04
Iteration 651/2000-----
currents: [100000.0, 99999.99999896152, 99999.99999906386, 99999.99999922788]
J=2.0e-05, ⟨Jf⟩=1.9e-05, ⟨B·n⟩=1.4e-03, Len=sum([4.1, 4.0, 3.9, 3.7])=15.7, ϰ=[3.9, 3.8, 4.2, 4.1], ∫ϰ²/L>=[5.1, 5.3, 5.2, 5.4], C-C-Sep=0.10, ║∇J║=6.1e-04
Iteration 652/2000-----
currents: [100000.0, 99999.99999896104, 99999.99999906341, 99999.99999922742]
J=2.0e-05, ⟨Jf⟩=1.9e-05, ⟨B·n⟩=1.4e-03, Len=sum([4.1, 4.0, 3.9, 3.7])=15.7, ϰ=[3.9, 3.8, 4.2, 4.1], ∫ϰ²/L>=[5.1, 5.3, 5.2, 5.4], C-C-Sep=0.10, ║∇J║=4.7e-04
Iteration 653/2000-----
currents: [100000.0, 99999.99999896045, 99999.99999906277, 99999.99999922675]
J=2.0e-05, ⟨Jf⟩=1.9e-05, ⟨B·n⟩=1.4e-03, Len=sum([4.1, 4.0, 3.9, 3.7])=15.7, ϰ=[3.9, 3.8, 4.3, 4.1], ∫ϰ²/L>=[5.1, 5.3, 5.2, 5.4], C-C-Sep=0.10, ║∇J║=4.7e-04
Iteration 654/2000-----
currents: [100000.0, 99999.99999895958, 99999.99999906209, 99999.9999992261]
J=2.0e-05, ⟨Jf⟩=1.9e-05, ⟨B·n⟩=1.4e-03, Len=sum([4.1, 4.0, 3.9, 3.7])=15.7, ϰ=[3.9, 3.8, 4.3, 4.1], ∫ϰ²/L>=[5.1, 5.3, 5.2, 5.4], C-C-Sep=0.10, ║∇J║=7.6e-04
Iteration 655/2000-----
currents: [100000.0, 99999.99999895939, 99999.99999906195, 99999.99999922595]
J=2.0e-05, ⟨Jf⟩=1.9e-05, ⟨B·n⟩=1.4e-03, Len=sum([4.1, 4.0, 3.9, 3.7])=15.7, ϰ=[3.9, 3.8, 4.3, 4.1], ∫ϰ²/L>=[5.1, 5.3, 5.2, 5.4], C-C-Sep=0.10, ║∇J║=5.4e-04
Iteration 656/2000-----
currents: [100000.0, 99999.99999895878, 99999.99999906152, 99999.99999922553]
J=2.0e-05, ⟨Jf⟩=1.9e-05, ⟨B·n⟩=1.4e-03, Len=sum([4.1, 4.0, 3.9, 3.7])=15.7, ϰ=[3.9, 3.8, 4.3, 4.1], ∫ϰ²/L>=[5.1, 5.3, 5.2, 5.4], C-C-Sep=0.10, ║∇J║=5.5e-04
Iteration 657/2000-----
currents: [100000.0, 99999.99999895852, 99999.9999990614, 99999.99999922542]
J=2.0e-05, ⟨Jf⟩=1.9e-05, ⟨B·n⟩=1.4e-03, Len=sum([4.1, 4.0, 3.9, 3.7])=15.7, ϰ=[3.9, 3.9, 4.3, 4.1], ∫ϰ²/L>=[5.1, 5.3, 5.2, 5.4], C-C-Sep=0.10, ║∇J║=5.9e-04
Iteration 658/2000-----
currents: [100000.0, 99999.99999895775, 99999.99999906094, 99999.99999922504]
J=2.0e-05, ⟨Jf⟩=1.9e-05, ⟨B·n⟩=1.4e-03, Len=sum([4.1, 4.0, 3.9, 3.7])=15.7, ϰ=[3.9, 3.8, 4.3, 4.1], ∫ϰ²/L>=[5.1, 5.3, 5.2, 5.4], C-C-Sep=0.10, ║∇J║=4.8e-04
Iteration 659/2000-----
currents: [100000.0, 99999.99999895679, 99999.99999906035, 99999.99999922457]
J=2.0e-05, ⟨Jf⟩=1.9e-05, ⟨B·n⟩=1.4e-03, Len=sum([4.1, 4.0, 3.9, 3.7])=15.7, ϰ=[3.9, 3.8, 4.4, 4.0], ∫ϰ²/L>=[5.1, 5.3, 5.2, 5.4], C-C-Sep=0.10, ║∇J║=5.4e-04
Iteration 660/2000-----
currents: [100000.0, 99999.99999895616, 99999.99999905996, 99999.99999922431]
J=2.0e-05, ⟨Jf⟩=1.9e-05, ⟨B·n⟩=1.4e-03, Len=sum([4.1, 4.0, 3.9, 3.7])=15.7, ϰ=[3.8, 3.8, 4.4, 4.0], ∫ϰ²/L>=[5.1, 5.3, 5.2, 5.4], C-C-Sep=0.10, ║∇J║=6.2e-04
Iteration 661/2000-----
currents: [100000.0, 99999.99999895567, 99999.99999905968, 99999.9999992241]
J=2.0e-05, ⟨Jf⟩=1.9e-05, ⟨B·n⟩=1.4e-03, Len=sum([4.1, 4.0, 3.9, 3.7])=15.7, ϰ=[3.8, 3.9, 4.4, 4.0], ∫ϰ²/L>=[5.1, 5.3, 5.2, 5.4], C-C-Sep=0.10, ║∇J║=5.2e-04
Iteration 662/2000-----
currents: [100000.0, 99999.99999895421, 99999.99999905881, 99999.99999922348]
J=2.0e-05, ⟨Jf⟩=1.9e-05, ⟨B·n⟩=1.4e-03, Len=sum([4.1, 4.0, 3.9, 3.7])=15.7, ϰ=[3.8, 3.9, 4.3, 4.0], ∫ϰ²/L>=[5.1, 5.3, 5.2, 5.4], C-C-Sep=0.10, ║∇J║=5.8e-04
Iteration 663/2000-----
currents: [100000.0, 99999.9999989526, 99999.99999905773, 99999.99999922268]
J=2.0e-05, ⟨Jf⟩=1.9e-05, ⟨B·n⟩=1.4e-03, Len=sum([4.1, 4.1, 3.9, 3.7])=15.7, ϰ=[3.7, 3.9, 4.3, 4.0], ∫ϰ²/L>=[5.1, 5.3, 5.2, 5.4], C-C-Sep=0.10, ║∇J║=9.4e-04
Iteration 664/2000-----
currents: [100000.0, 99999.99999895236, 99999.99999905762, 99999.99999922262]
J=2.0e-05, ⟨Jf⟩=1.9e-05, ⟨B·n⟩=1.4e-03, Len=sum([4.1, 4.1, 3.9, 3.7])=15.7, ϰ=[3.7, 3.9, 4.3, 4.0], ∫ϰ²/L>=[5.1, 5.3, 5.2, 5.4], C-C-Sep=0.10, ║∇J║=5.0e-04
Iteration 665/2000-----
currents: [100000.0, 99999.99999895143, 99999.99999905708, 99999.99999922224]
J=2.0e-05, ⟨Jf⟩=1.9e-05, ⟨B·n⟩=1.4e-03, Len=sum([4.1, 4.1, 3.9, 3.7])=15.7, ϰ=[3.7, 3.9, 4.3, 4.1], ∫ϰ²/L>=[5.1, 5.3, 5.2, 5.4], C-C-Sep=0.10, ║∇J║=4.2e-04
Iteration 666/2000-----
currents: [100000.0, 99999.99999895113, 99999.99999905685, 99999.99999922203]
J=2.0e-05, ⟨Jf⟩=1.9e-05, ⟨B·n⟩=1.4e-03, Len=sum([4.1, 4.1, 3.9, 3.7])=15.7, ϰ=[3.7, 3.9, 4.3, 4.1], ∫ϰ²/L>=[5.1, 5.3, 5.2, 5.4], C-C-Sep=0.10, ║∇J║=4.9e-04
Iteration 667/2000-----
currents: [100000.0, 99999.99999894972, 99999.9999990558, 99999.99999922105]
J=2.0e-05, ⟨Jf⟩=1.9e-05, ⟨B·n⟩=1.4e-03, Len=sum([4.1, 4.1, 3.9, 3.7])=15.7, ϰ=[3.7, 3.9, 4.3, 4.1], ∫ϰ²/L>=[5.1, 5.3, 5.3, 5.4], C-C-Sep=0.10, ║∇J║=6.6e-04
Iteration 668/2000-----
currents: [100000.0, 99999.9999989489, 99999.99999905503, 99999.99999922013]
J=2.0e-05, ⟨Jf⟩=1.9e-05, ⟨B·n⟩=1.4e-03, Len=sum([4.1, 4.1, 3.9, 3.7])=15.7, ϰ=[3.6, 3.8, 4.3, 4.1], ∫ϰ²/L>=[5.1, 5.3, 5.3, 5.4], C-C-Sep=0.10, ║∇J║=7.3e-04
Iteration 669/2000-----
currents: [100000.0, 99999.99999894797, 99999.99999905397, 99999.99999921891]
J=2.0e-05, ⟨Jf⟩=1.9e-05, ⟨B·n⟩=1.4e-03, Len=sum([4.1, 4.1, 3.9, 3.7])=15.7, ϰ=[3.6, 3.8, 4.3, 4.0], ∫ϰ²/L>=[5.1, 5.3, 5.3, 5.4], C-C-Sep=0.10, ║∇J║=5.9e-04
Iteration 670/2000-----
currents: [100000.0, 99999.99999894838, 99999.99999905407, 99999.99999921871]
J=2.0e-05, ⟨Jf⟩=1.9e-05, ⟨B·n⟩=1.4e-03, Len=sum([4.1, 4.1, 3.9, 3.7])=15.7, ϰ=[3.6, 3.8, 4.3, 4.0], ∫ϰ²/L>=[5.1, 5.3, 5.2, 5.4], C-C-Sep=0.10, ║∇J║=7.4e-04
Iteration 671/2000-----
currents: [100000.0, 99999.99999894787, 99999.9999990535, 99999.99999921791]
J=2.0e-05, ⟨Jf⟩=1.9e-05, ⟨B·n⟩=1.4e-03, Len=sum([4.1, 4.1, 3.9, 3.7])=15.7, ϰ=[3.6, 3.8, 4.3, 4.0], ∫ϰ²/L>=[5.1, 5.3, 5.2, 5.4], C-C-Sep=0.10, ║∇J║=7.2e-04
Iteration 672/2000-----
currents: [100000.0, 99999.99999894774, 99999.99999905331, 99999.99999921759]
J=2.0e-05, ⟨Jf⟩=1.9e-05, ⟨B·n⟩=1.4e-03, Len=sum([4.1, 4.1, 3.9, 3.7])=15.7, ϰ=[3.5, 3.8, 4.3, 4.0], ∫ϰ²/L>=[5.1, 5.3, 5.2, 5.4], C-C-Sep=0.10, ║∇J║=5.2e-04
Iteration 673/2000-----
currents: [100000.0, 99999.99999894747, 99999.99999905309, 99999.99999921733]
J=2.0e-05, ⟨Jf⟩=1.9e-05, ⟨B·n⟩=1.4e-03, Len=sum([4.1, 4.1, 3.9, 3.7])=15.7, ϰ=[3.5, 3.8, 4.3, 4.0], ∫ϰ²/L>=[5.1, 5.3, 5.2, 5.4], C-C-Sep=0.10, ║∇J║=5.0e-04
Iteration 674/2000-----
currents: [100000.0, 99999.999998947, 99999.99999905264, 99999.99999921689]
J=2.0e-05, ⟨Jf⟩=1.9e-05, ⟨B·n⟩=1.4e-03, Len=sum([4.1, 4.1, 3.9, 3.7])=15.7, ϰ=[3.5, 3.8, 4.3, 4.0], ∫ϰ²/L>=[5.1, 5.3, 5.2, 5.4], C-C-Sep=0.10, ║∇J║=5.6e-04
Iteration 675/2000-----
currents: [100000.0, 99999.99999894595, 99999.99999905184, 99999.99999921616]
J=2.0e-05, ⟨Jf⟩=1.9e-05, ⟨B·n⟩=1.4e-03, Len=sum([4.1, 4.1, 3.9, 3.7])=15.7, ϰ=[3.6, 3.7, 4.3, 4.1], ∫ϰ²/L>=[5.1, 5.3, 5.2, 5.4], C-C-Sep=0.10, ║∇J║=4.5e-04
Iteration 676/2000-----
currents: [100000.0, 99999.99999894541, 99999.99999905133, 99999.99999921571]
J=2.0e-05, ⟨Jf⟩=1.9e-05, ⟨B·n⟩=1.4e-03, Len=sum([4.1, 4.1, 3.9, 3.7])=15.7, ϰ=[3.6, 3.7, 4.3, 4.1], ∫ϰ²/L>=[5.1, 5.3, 5.2, 5.4], C-C-Sep=0.10, ║∇J║=4.7e-04
Iteration 677/2000-----
currents: [100000.0, 99999.99999894414, 99999.99999905039, 99999.99999921492]
J=2.0e-05, ⟨Jf⟩=1.9e-05, ⟨B·n⟩=1.4e-03, Len=sum([4.1, 4.1, 3.9, 3.7])=15.7, ϰ=[3.7, 3.7, 4.3, 4.0], ∫ϰ²/L>=[5.1, 5.3, 5.2, 5.4], C-C-Sep=0.10, ║∇J║=5.8e-04
Iteration 678/2000-----
currents: [100000.0, 99999.99999894381, 99999.99999905018, 99999.99999921481]
J=2.0e-05, ⟨Jf⟩=1.9e-05, ⟨B·n⟩=1.4e-03, Len=sum([4.1, 4.1, 3.9, 3.7])=15.7, ϰ=[3.7, 3.7, 4.3, 4.0], ∫ϰ²/L>=[5.1, 5.3, 5.2, 5.4], C-C-Sep=0.10, ║∇J║=5.3e-04
Iteration 679/2000-----
currents: [100000.0, 99999.99999894339, 99999.9999990499, 99999.99999921459]
J=2.0e-05, ⟨Jf⟩=1.9e-05, ⟨B·n⟩=1.4e-03, Len=sum([4.1, 4.1, 3.9, 3.7])=15.7, ϰ=[3.7, 3.7, 4.3, 4.0], ∫ϰ²/L>=[5.1, 5.3, 5.2, 5.4], C-C-Sep=0.10, ║∇J║=4.1e-04
Iteration 680/2000-----
currents: [100000.0, 99999.99999894261, 99999.99999904938, 99999.99999921415]
J=2.0e-05, ⟨Jf⟩=1.9e-05, ⟨B·n⟩=1.4e-03, Len=sum([4.1, 4.1, 3.9, 3.7])=15.7, ϰ=[3.7, 3.7, 4.3, 4.0], ∫ϰ²/L>=[5.1, 5.3, 5.2, 5.4], C-C-Sep=0.10, ║∇J║=4.9e-04
Iteration 681/2000-----
currents: [100000.0, 99999.9999989419, 99999.99999904889, 99999.99999921373]
J=2.0e-05, ⟨Jf⟩=1.9e-05, ⟨B·n⟩=1.4e-03, Len=sum([4.1, 4.1, 3.9, 3.7])=15.7, ϰ=[3.7, 3.8, 4.3, 4.0], ∫ϰ²/L>=[5.1, 5.3, 5.2, 5.4], C-C-Sep=0.10, ║∇J║=6.6e-04
Iteration 682/2000-----
currents: [100000.0, 99999.99999894074, 99999.99999904809, 99999.99999921303]
J=2.0e-05, ⟨Jf⟩=1.9e-05, ⟨B·n⟩=1.4e-03, Len=sum([4.1, 4.1, 3.9, 3.7])=15.7, ϰ=[3.8, 3.8, 4.3, 4.1], ∫ϰ²/L>=[5.1, 5.3, 5.2, 5.4], C-C-Sep=0.10, ║∇J║=6.7e-04
Iteration 683/2000-----
currents: [100000.0, 99999.99999893997, 99999.99999904753, 99999.9999992125]
J=2.0e-05, ⟨Jf⟩=1.9e-05, ⟨B·n⟩=1.4e-03, Len=sum([4.1, 4.1, 3.9, 3.7])=15.7, ϰ=[3.8, 3.8, 4.2, 4.1], ∫ϰ²/L>=[5.1, 5.3, 5.2, 5.4], C-C-Sep=0.10, ║∇J║=6.7e-04
Iteration 684/2000-----
currents: [100000.0, 99999.9999989396, 99999.99999904727, 99999.99999921229]
J=2.0e-05, ⟨Jf⟩=1.9e-05, ⟨B·n⟩=1.4e-03, Len=sum([4.1, 4.1, 3.9, 3.7])=15.7, ϰ=[3.8, 3.9, 4.2, 4.2], ∫ϰ²/L>=[5.1, 5.3, 5.2, 5.4], C-C-Sep=0.10, ║∇J║=6.3e-04
Iteration 685/2000-----
currents: [100000.0, 99999.99999893951, 99999.99999904716, 99999.99999921214]
J=2.0e-05, ⟨Jf⟩=1.9e-05, ⟨B·n⟩=1.4e-03, Len=sum([4.1, 4.0, 3.9, 3.7])=15.7, ϰ=[3.8, 3.9, 4.2, 4.2], ∫ϰ²/L>=[5.1, 5.3, 5.2, 5.4], C-C-Sep=0.10, ║∇J║=4.6e-04
Iteration 686/2000-----
currents: [100000.0, 99999.99999893966, 99999.9999990473, 99999.99999921226]
J=2.0e-05, ⟨Jf⟩=1.9e-05, ⟨B·n⟩=1.4e-03, Len=sum([4.1, 4.0, 3.9, 3.7])=15.7, ϰ=[3.9, 3.9, 4.2, 4.2], ∫ϰ²/L>=[5.1, 5.2, 5.2, 5.4], C-C-Sep=0.10, ║∇J║=3.7e-04
Iteration 687/2000-----
currents: [100000.0, 99999.99999893925, 99999.99999904701, 99999.99999921201]
J=2.0e-05, ⟨Jf⟩=1.9e-05, ⟨B·n⟩=1.4e-03, Len=sum([4.1, 4.0, 3.9, 3.7])=15.7, ϰ=[3.9, 3.9, 4.2, 4.2], ∫ϰ²/L>=[5.1, 5.2, 5.2, 5.4], C-C-Sep=0.10, ║∇J║=3.9e-04
Iteration 688/2000-----
currents: [100000.0, 99999.99999893863, 99999.99999904656, 99999.99999921162]
J=2.0e-05, ⟨Jf⟩=1.9e-05, ⟨B·n⟩=1.4e-03, Len=sum([4.1, 4.0, 3.9, 3.7])=15.7, ϰ=[3.9, 3.9, 4.1, 4.2], ∫ϰ²/L>=[5.1, 5.2, 5.2, 5.4], C-C-Sep=0.10, ║∇J║=4.8e-04
Iteration 689/2000-----
currents: [100000.0, 99999.99999893812, 99999.99999904621, 99999.9999992113]
J=2.0e-05, ⟨Jf⟩=1.9e-05, ⟨B·n⟩=1.4e-03, Len=sum([4.1, 4.1, 3.9, 3.7])=15.7, ϰ=[3.9, 3.9, 4.1, 4.2], ∫ϰ²/L>=[5.1, 5.2, 5.2, 5.4], C-C-Sep=0.10, ║∇J║=4.5e-04
Iteration 690/2000-----
currents: [100000.0, 99999.99999893756, 99999.99999904586, 99999.999999211]
J=2.0e-05, ⟨Jf⟩=1.9e-05, ⟨B·n⟩=1.4e-03, Len=sum([4.1, 4.1, 3.9, 3.7])=15.7, ϰ=[3.9, 3.9, 4.1, 4.2], ∫ϰ²/L>=[5.1, 5.2, 5.2, 5.4], C-C-Sep=0.10, ║∇J║=4.2e-04
Iteration 691/2000-----
currents: [100000.0, 99999.99999893676, 99999.99999904519, 99999.99999921037]
J=2.0e-05, ⟨Jf⟩=1.8e-05, ⟨B·n⟩=1.4e-03, Len=sum([4.1, 4.1, 3.9, 3.7])=15.7, ϰ=[3.9, 3.9, 4.1, 4.2], ∫ϰ²/L>=[5.1, 5.2, 5.2, 5.4], C-C-Sep=0.10, ║∇J║=6.2e-04
Iteration 692/2000-----
currents: [100000.0, 99999.99999893561, 99999.9999990444, 99999.99999920963]
J=2.0e-05, ⟨Jf⟩=1.8e-05, ⟨B·n⟩=1.4e-03, Len=sum([4.1, 4.1, 3.9, 3.7])=15.7, ϰ=[3.8, 3.9, 4.1, 4.2], ∫ϰ²/L>=[5.1, 5.2, 5.2, 5.4], C-C-Sep=0.10, ║∇J║=7.3e-04
Iteration 693/2000-----
currents: [100000.0, 99999.99999893531, 99999.99999904401, 99999.99999920926]
J=2.0e-05, ⟨Jf⟩=1.8e-05, ⟨B·n⟩=1.4e-03, Len=sum([4.1, 4.1, 3.9, 3.7])=15.7, ϰ=[3.8, 3.9, 4.0, 4.3], ∫ϰ²/L>=[5.1, 5.2, 5.2, 5.4], C-C-Sep=0.10, ║∇J║=7.2e-04
Iteration 694/2000-----
currents: [100000.0, 99999.99999893403, 99999.99999904292, 99999.99999920829]
J=2.0e-05, ⟨Jf⟩=1.8e-05, ⟨B·n⟩=1.4e-03, Len=sum([4.1, 4.1, 3.9, 3.7])=15.7, ϰ=[3.9, 3.9, 4.0, 4.3], ∫ϰ²/L>=[5.1, 5.2, 5.2, 5.4], C-C-Sep=0.10, ║∇J║=5.0e-04
Iteration 695/2000-----
currents: [100000.0, 99999.9999989342, 99999.999999043, 99999.99999920833]
J=2.0e-05, ⟨Jf⟩=1.8e-05, ⟨B·n⟩=1.4e-03, Len=sum([4.1, 4.1, 3.9, 3.7])=15.7, ϰ=[3.9, 3.9, 4.1, 4.3], ∫ϰ²/L>=[5.1, 5.2, 5.2, 5.4], C-C-Sep=0.10, ║∇J║=5.5e-04
Iteration 696/2000-----
currents: [100000.0, 99999.99999893417, 99999.99999904304, 99999.9999992084]
J=2.0e-05, ⟨Jf⟩=1.8e-05, ⟨B·n⟩=1.4e-03, Len=sum([4.1, 4.1, 3.9, 3.7])=15.7, ϰ=[3.9, 3.9, 4.1, 4.3], ∫ϰ²/L>=[5.1, 5.2, 5.2, 5.4], C-C-Sep=0.10, ║∇J║=3.9e-04
Iteration 697/2000-----
currents: [100000.0, 99999.99999893382, 99999.99999904276, 99999.99999920814]
J=2.0e-05, ⟨Jf⟩=1.8e-05, ⟨B·n⟩=1.4e-03, Len=sum([4.1, 4.0, 3.9, 3.7])=15.7, ϰ=[3.9, 3.9, 4.1, 4.3], ∫ϰ²/L>=[5.1, 5.2, 5.2, 5.4], C-C-Sep=0.10, ║∇J║=3.3e-04
Iteration 698/2000-----
currents: [100000.0, 99999.99999893362, 99999.99999904261, 99999.99999920798]
J=2.0e-05, ⟨Jf⟩=1.8e-05, ⟨B·n⟩=1.4e-03, Len=sum([4.1, 4.0, 3.9, 3.7])=15.7, ϰ=[3.8, 3.9, 4.1, 4.3], ∫ϰ²/L>=[5.1, 5.2, 5.2, 5.4], C-C-Sep=0.10, ║∇J║=4.0e-04
Iteration 699/2000-----
currents: [100000.0, 99999.99999893297, 99999.99999904208, 99999.99999920743]
J=2.0e-05, ⟨Jf⟩=1.8e-05, ⟨B·n⟩=1.4e-03, Len=sum([4.1, 4.0, 3.9, 3.7])=15.7, ϰ=[3.8, 4.0, 4.2, 4.4], ∫ϰ²/L>=[5.1, 5.2, 5.2, 5.4], C-C-Sep=0.10, ║∇J║=6.0e-04
Iteration 700/2000-----
currents: [100000.0, 99999.99999893262, 99999.9999990418, 99999.99999920717]
J=2.0e-05, ⟨Jf⟩=1.8e-05, ⟨B·n⟩=1.4e-03, Len=sum([4.1, 4.0, 3.9, 3.7])=15.7, ϰ=[3.9, 4.0, 4.2, 4.4], ∫ϰ²/L>=[5.1, 5.2, 5.2, 5.4], C-C-Sep=0.10, ║∇J║=4.4e-04
Iteration 701/2000-----
currents: [100000.0, 99999.99999893227, 99999.99999904154, 99999.99999920692]
J=2.0e-05, ⟨Jf⟩=1.8e-05, ⟨B·n⟩=1.4e-03, Len=sum([4.1, 4.0, 3.9, 3.7])=15.7, ϰ=[3.9, 4.0, 4.2, 4.4], ∫ϰ²/L>=[5.1, 5.2, 5.2, 5.4], C-C-Sep=0.10, ║∇J║=4.0e-04
Iteration 702/2000-----
currents: [100000.0, 99999.99999893161, 99999.99999904083, 99999.9999992063]
J=2.0e-05, ⟨Jf⟩=1.8e-05, ⟨B·n⟩=1.4e-03, Len=sum([4.1, 4.0, 3.9, 3.7])=15.7, ϰ=[3.9, 4.0, 4.2, 4.4], ∫ϰ²/L>=[5.1, 5.2, 5.2, 5.4], C-C-Sep=0.10, ║∇J║=5.9e-04
Iteration 703/2000-----
currents: [100000.0, 99999.99999893016, 99999.99999903972, 99999.99999920536]
J=2.0e-05, ⟨Jf⟩=1.8e-05, ⟨B·n⟩=1.4e-03, Len=sum([4.1, 4.0, 3.9, 3.7])=15.7, ϰ=[3.9, 4.0, 4.2, 4.4], ∫ϰ²/L>=[5.1, 5.2, 5.2, 5.4], C-C-Sep=0.10, ║∇J║=7.7e-04
Iteration 704/2000-----
currents: [100000.0, 99999.99999892969, 99999.99999903924, 99999.99999920496]
J=2.0e-05, ⟨Jf⟩=1.8e-05, ⟨B·n⟩=1.4e-03, Len=sum([4.1, 4.0, 3.9, 3.7])=15.7, ϰ=[3.9, 4.0, 4.1, 4.4], ∫ϰ²/L>=[5.1, 5.2, 5.2, 5.4], C-C-Sep=0.10, ║∇J║=4.9e-04
Iteration 705/2000-----
currents: [100000.0, 99999.99999892898, 99999.9999990385, 99999.99999920434]
J=2.0e-05, ⟨Jf⟩=1.8e-05, ⟨B·n⟩=1.4e-03, Len=sum([4.1, 4.0, 3.9, 3.7])=15.7, ϰ=[3.9, 4.0, 4.1, 4.4], ∫ϰ²/L>=[5.1, 5.2, 5.2, 5.4], C-C-Sep=0.10, ║∇J║=4.2e-04
Iteration 706/2000-----
currents: [100000.0, 99999.99999892777, 99999.99999903762, 99999.9999992036]
J=2.0e-05, ⟨Jf⟩=1.8e-05, ⟨B·n⟩=1.4e-03, Len=sum([4.1, 4.0, 3.9, 3.7])=15.7, ϰ=[3.9, 4.0, 4.1, 4.4], ∫ϰ²/L>=[5.1, 5.2, 5.2, 5.4], C-C-Sep=0.10, ║∇J║=4.8e-04
Iteration 707/2000-----
currents: [100000.0, 99999.99999892694, 99999.99999903685, 99999.99999920295]
J=2.0e-05, ⟨Jf⟩=1.8e-05, ⟨B·n⟩=1.4e-03, Len=sum([4.1, 4.0, 3.9, 3.7])=15.7, ϰ=[3.9, 4.0, 4.1, 4.4], ∫ϰ²/L>=[5.1, 5.2, 5.2, 5.4], C-C-Sep=0.10, ║∇J║=5.9e-04
Iteration 708/2000-----
currents: [100000.0, 99999.99999892639, 99999.99999903634, 99999.99999920247]
J=1.9e-05, ⟨Jf⟩=1.8e-05, ⟨B·n⟩=1.4e-03, Len=sum([4.1, 4.0, 3.9, 3.7])=15.7, ϰ=[3.9, 3.9, 4.0, 4.3], ∫ϰ²/L>=[5.1, 5.2, 5.2, 5.4], C-C-Sep=0.10, ║∇J║=4.3e-04
Iteration 709/2000-----
currents: [100000.0, 99999.99999892518, 99999.99999903548, 99999.99999920164]
J=1.9e-05, ⟨Jf⟩=1.8e-05, ⟨B·n⟩=1.4e-03, Len=sum([4.1, 4.1, 3.8, 3.7])=15.7, ϰ=[3.9, 3.9, 4.0, 4.3], ∫ϰ²/L>=[5.1, 5.2, 5.2, 5.4], C-C-Sep=0.10, ║∇J║=4.1e-04
Iteration 710/2000-----
currents: [100000.0, 99999.9999989251, 99999.99999903522, 99999.99999920132]
J=1.9e-05, ⟨Jf⟩=1.8e-05, ⟨B·n⟩=1.4e-03, Len=sum([4.1, 4.1, 3.8, 3.7])=15.7, ϰ=[3.9, 4.0, 4.0, 4.3], ∫ϰ²/L>=[5.1, 5.2, 5.2, 5.4], C-C-Sep=0.10, ║∇J║=4.8e-04
Iteration 711/2000-----
currents: [100000.0, 99999.99999892435, 99999.99999903452, 99999.99999920055]
J=1.9e-05, ⟨Jf⟩=1.8e-05, ⟨B·n⟩=1.4e-03, Len=sum([4.1, 4.1, 3.8, 3.7])=15.7, ϰ=[3.8, 4.0, 4.0, 4.3], ∫ϰ²/L>=[5.1, 5.2, 5.2, 5.4], C-C-Sep=0.10, ║∇J║=4.0e-04
Iteration 712/2000-----
currents: [100000.0, 99999.99999892319, 99999.99999903346, 99999.99999919948]
J=1.9e-05, ⟨Jf⟩=1.8e-05, ⟨B·n⟩=1.4e-03, Len=sum([4.1, 4.1, 3.8, 3.7])=15.7, ϰ=[3.8, 4.0, 4.0, 4.3], ∫ϰ²/L>=[5.1, 5.2, 5.2, 5.4], C-C-Sep=0.10, ║∇J║=5.7e-04
Iteration 713/2000-----
currents: [100000.0, 99999.99999892293, 99999.99999903326, 99999.9999991992]
J=1.9e-05, ⟨Jf⟩=1.8e-05, ⟨B·n⟩=1.4e-03, Len=sum([4.1, 4.1, 3.8, 3.7])=15.7, ϰ=[3.8, 4.0, 4.0, 4.3], ∫ϰ²/L>=[5.1, 5.2, 5.2, 5.4], C-C-Sep=0.10, ║∇J║=4.5e-04
Iteration 714/2000-----
currents: [100000.0, 99999.99999892233, 99999.99999903287, 99999.9999991988]
J=1.9e-05, ⟨Jf⟩=1.8e-05, ⟨B·n⟩=1.4e-03, Len=sum([4.1, 4.1, 3.8, 3.7])=15.7, ϰ=[3.8, 4.0, 4.0, 4.3], ∫ϰ²/L>=[5.1, 5.2, 5.2, 5.4], C-C-Sep=0.10, ║∇J║=4.1e-04
Iteration 715/2000-----
currents: [100000.0, 99999.99999892173, 99999.99999903256, 99999.99999919848]
J=1.9e-05, ⟨Jf⟩=1.8e-05, ⟨B·n⟩=1.4e-03, Len=sum([4.1, 4.0, 3.8, 3.7])=15.7, ϰ=[3.8, 4.0, 4.0, 4.3], ∫ϰ²/L>=[5.1, 5.2, 5.2, 5.4], C-C-Sep=0.10, ║∇J║=4.6e-04
Iteration 716/2000-----
currents: [100000.0, 99999.99999892067, 99999.99999903177, 99999.99999919775]
J=1.9e-05, ⟨Jf⟩=1.8e-05, ⟨B·n⟩=1.4e-03, Len=sum([4.1, 4.0, 3.8, 3.7])=15.7, ϰ=[3.8, 4.0, 4.0, 4.3], ∫ϰ²/L>=[5.1, 5.2, 5.2, 5.4], C-C-Sep=0.10, ║∇J║=5.1e-04
Iteration 717/2000-----
currents: [100000.0, 99999.9999989202, 99999.99999903135, 99999.99999919733]
J=1.9e-05, ⟨Jf⟩=1.8e-05, ⟨B·n⟩=1.4e-03, Len=sum([4.1, 4.0, 3.8, 3.7])=15.7, ϰ=[3.8, 4.0, 4.0, 4.3], ∫ϰ²/L>=[5.1, 5.2, 5.2, 5.4], C-C-Sep=0.10, ║∇J║=4.2e-04
Iteration 718/2000-----
currents: [100000.0, 99999.99999891879, 99999.9999990302, 99999.99999919627]
J=1.9e-05, ⟨Jf⟩=1.8e-05, ⟨B·n⟩=1.4e-03, Len=sum([4.1, 4.0, 3.8, 3.7])=15.7, ϰ=[3.8, 4.0, 4.0, 4.3], ∫ϰ²/L>=[5.1, 5.2, 5.2, 5.4], C-C-Sep=0.10, ║∇J║=5.8e-04
Iteration 719/2000-----
currents: [100000.0, 99999.99999891747, 99999.99999902895, 99999.99999919505]
J=1.9e-05, ⟨Jf⟩=1.8e-05, ⟨B·n⟩=1.4e-03, Len=sum([4.1, 4.0, 3.8, 3.7])=15.7, ϰ=[3.8, 4.1, 4.0, 4.3], ∫ϰ²/L>=[5.1, 5.2, 5.2, 5.4], C-C-Sep=0.10, ║∇J║=7.2e-04
Iteration 720/2000-----
currents: [100000.0, 99999.99999891543, 99999.99999902734, 99999.99999919358]
J=1.9e-05, ⟨Jf⟩=1.8e-05, ⟨B·n⟩=1.4e-03, Len=sum([4.1, 4.0, 3.8, 3.7])=15.7, ϰ=[3.9, 4.1, 4.0, 4.4], ∫ϰ²/L>=[5.1, 5.2, 5.2, 5.4], C-C-Sep=0.10, ║∇J║=7.1e-04
Iteration 721/2000-----
currents: [100000.0, 99999.99999891478, 99999.99999902694, 99999.99999919329]
J=1.9e-05, ⟨Jf⟩=1.8e-05, ⟨B·n⟩=1.4e-03, Len=sum([4.1, 4.0, 3.8, 3.7])=15.7, ϰ=[3.9, 4.0, 4.0, 4.4], ∫ϰ²/L>=[5.1, 5.2, 5.2, 5.4], C-C-Sep=0.10, ║∇J║=6.2e-04
Iteration 722/2000-----
currents: [100000.0, 99999.99999891451, 99999.99999902652, 99999.99999919282]
J=1.9e-05, ⟨Jf⟩=1.8e-05, ⟨B·n⟩=1.4e-03, Len=sum([4.1, 4.0, 3.8, 3.7])=15.7, ϰ=[3.9, 4.0, 4.0, 4.4], ∫ϰ²/L>=[5.1, 5.2, 5.2, 5.4], C-C-Sep=0.10, ║∇J║=4.7e-04
Iteration 723/2000-----
currents: [100000.0, 99999.99999891517, 99999.99999902709, 99999.99999919339]
J=1.9e-05, ⟨Jf⟩=1.8e-05, ⟨B·n⟩=1.4e-03, Len=sum([4.1, 4.0, 3.8, 3.7])=15.7, ϰ=[3.9, 4.0, 4.0, 4.4], ∫ϰ²/L>=[5.1, 5.2, 5.2, 5.4], C-C-Sep=0.10, ║∇J║=3.9e-04
Iteration 724/2000-----
currents: [100000.0, 99999.9999989148, 99999.99999902687, 99999.99999919323]
J=1.9e-05, ⟨Jf⟩=1.8e-05, ⟨B·n⟩=1.4e-03, Len=sum([4.1, 4.0, 3.8, 3.7])=15.7, ϰ=[3.9, 4.0, 4.0, 4.4], ∫ϰ²/L>=[5.1, 5.2, 5.2, 5.4], C-C-Sep=0.10, ║∇J║=4.0e-04
Iteration 725/2000-----
currents: [100000.0, 99999.99999891475, 99999.99999902668, 99999.99999919302]
J=1.9e-05, ⟨Jf⟩=1.8e-05, ⟨B·n⟩=1.4e-03, Len=sum([4.1, 4.0, 3.8, 3.7])=15.7, ϰ=[3.9, 4.0, 4.1, 4.4], ∫ϰ²/L>=[5.1, 5.2, 5.2, 5.4], C-C-Sep=0.10, ║∇J║=4.6e-04
Iteration 726/2000-----
currents: [100000.0, 99999.99999891312, 99999.99999902521, 99999.99999919164]
J=1.9e-05, ⟨Jf⟩=1.8e-05, ⟨B·n⟩=1.4e-03, Len=sum([4.1, 4.0, 3.8, 3.7])=15.7, ϰ=[3.9, 4.0, 4.1, 4.4], ∫ϰ²/L>=[5.1, 5.2, 5.2, 5.4], C-C-Sep=0.10, ║∇J║=7.2e-04
Iteration 727/2000-----
currents: [100000.0, 99999.99999891233, 99999.9999990245, 99999.99999919088]
J=1.9e-05, ⟨Jf⟩=1.8e-05, ⟨B·n⟩=1.4e-03, Len=sum([4.1, 4.0, 3.8, 3.7])=15.7, ϰ=[3.9, 4.0, 4.0, 4.3], ∫ϰ²/L>=[5.1, 5.2, 5.2, 5.4], C-C-Sep=0.10, ║∇J║=6.1e-04
Iteration 728/2000-----
currents: [100000.0, 99999.99999891165, 99999.99999902383, 99999.99999919022]
J=1.9e-05, ⟨Jf⟩=1.8e-05, ⟨B·n⟩=1.4e-03, Len=sum([4.1, 4.0, 3.8, 3.7])=15.7, ϰ=[3.9, 4.0, 4.0, 4.3], ∫ϰ²/L>=[5.1, 5.2, 5.2, 5.4], C-C-Sep=0.10, ║∇J║=4.9e-04
Iteration 729/2000-----
currents: [100000.0, 99999.99999891056, 99999.99999902303, 99999.99999918946]
J=1.9e-05, ⟨Jf⟩=1.8e-05, ⟨B·n⟩=1.4e-03, Len=sum([4.1, 4.0, 3.8, 3.7])=15.7, ϰ=[3.9, 4.0, 3.9, 4.3], ∫ϰ²/L>=[5.1, 5.2, 5.2, 5.4], C-C-Sep=0.10, ║∇J║=5.0e-04
Iteration 730/2000-----
currents: [100000.0, 99999.9999989095, 99999.99999902239, 99999.99999918898]
J=1.9e-05, ⟨Jf⟩=1.8e-05, ⟨B·n⟩=1.4e-03, Len=sum([4.1, 4.0, 3.8, 3.7])=15.7, ϰ=[3.9, 4.0, 3.9, 4.3], ∫ϰ²/L>=[5.1, 5.2, 5.2, 5.4], C-C-Sep=0.10, ║∇J║=6.9e-04
Iteration 731/2000-----
currents: [100000.0, 99999.9999989092, 99999.99999902218, 99999.99999918882]
J=1.9e-05, ⟨Jf⟩=1.8e-05, ⟨B·n⟩=1.4e-03, Len=sum([4.1, 4.0, 3.8, 3.7])=15.7, ϰ=[3.9, 4.0, 3.9, 4.3], ∫ϰ²/L>=[5.1, 5.2, 5.2, 5.4], C-C-Sep=0.10, ║∇J║=3.7e-04
Iteration 732/2000-----
currents: [100000.0, 99999.99999890845, 99999.99999902176, 99999.99999918841]
J=1.9e-05, ⟨Jf⟩=1.8e-05, ⟨B·n⟩=1.4e-03, Len=sum([4.1, 4.0, 3.8, 3.7])=15.7, ϰ=[3.9, 4.0, 4.0, 4.3], ∫ϰ²/L>=[5.1, 5.2, 5.2, 5.4], C-C-Sep=0.10, ║∇J║=3.9e-04
Iteration 733/2000-----
currents: [100000.0, 99999.99999890795, 99999.99999902141, 99999.99999918809]
J=1.9e-05, ⟨Jf⟩=1.8e-05, ⟨B·n⟩=1.4e-03, Len=sum([4.1, 4.0, 3.8, 3.7])=15.7, ϰ=[3.9, 4.0, 4.0, 4.2], ∫ϰ²/L>=[5.1, 5.2, 5.2, 5.4], C-C-Sep=0.10, ║∇J║=4.4e-04
Iteration 734/2000-----
currents: [100000.0, 99999.9999989064, 99999.9999990203, 99999.99999918697]
J=1.9e-05, ⟨Jf⟩=1.8e-05, ⟨B·n⟩=1.4e-03, Len=sum([4.1, 4.0, 3.8, 3.7])=15.7, ϰ=[3.9, 4.0, 4.0, 4.2], ∫ϰ²/L>=[5.1, 5.2, 5.2, 5.4], C-C-Sep=0.10, ║∇J║=5.0e-04
Iteration 735/2000-----
currents: [100000.0, 99999.9999989047, 99999.99999901895, 99999.99999918551]
J=1.9e-05, ⟨Jf⟩=1.8e-05, ⟨B·n⟩=1.4e-03, Len=sum([4.1, 4.0, 3.8, 3.7])=15.7, ϰ=[3.9, 4.0, 4.0, 4.3], ∫ϰ²/L>=[5.1, 5.2, 5.2, 5.4], C-C-Sep=0.10, ║∇J║=6.0e-04
Iteration 736/2000-----
currents: [100000.0, 99999.99999890348, 99999.99999901796, 99999.9999991845]
J=1.9e-05, ⟨Jf⟩=1.8e-05, ⟨B·n⟩=1.4e-03, Len=sum([4.1, 4.0, 3.8, 3.7])=15.7, ϰ=[3.9, 4.0, 4.1, 4.3], ∫ϰ²/L>=[5.1, 5.2, 5.2, 5.4], C-C-Sep=0.10, ║∇J║=5.3e-04
Iteration 737/2000-----
currents: [100000.0, 99999.99999890248, 99999.99999901722, 99999.99999918371]
J=1.9e-05, ⟨Jf⟩=1.8e-05, ⟨B·n⟩=1.4e-03, Len=sum([4.1, 4.0, 3.8, 3.7])=15.7, ϰ=[3.9, 3.9, 4.1, 4.3], ∫ϰ²/L>=[5.1, 5.2, 5.2, 5.4], C-C-Sep=0.10, ║∇J║=5.3e-04
Iteration 738/2000-----
currents: [100000.0, 99999.99999890127, 99999.9999990161, 99999.99999918258]
J=1.9e-05, ⟨Jf⟩=1.8e-05, ⟨B·n⟩=1.4e-03, Len=sum([4.1, 4.0, 3.8, 3.7])=15.7, ϰ=[3.9, 4.0, 4.0, 4.3], ∫ϰ²/L>=[5.1, 5.2, 5.2, 5.4], C-C-Sep=0.10, ║∇J║=6.3e-04
Iteration 739/2000-----
currents: [100000.0, 99999.99999890063, 99999.99999901558, 99999.9999991822]
J=1.9e-05, ⟨Jf⟩=1.8e-05, ⟨B·n⟩=1.4e-03, Len=sum([4.1, 4.0, 3.8, 3.7])=15.7, ϰ=[4.0, 4.0, 4.0, 4.3], ∫ϰ²/L>=[5.1, 5.2, 5.2, 5.4], C-C-Sep=0.10, ║∇J║=6.9e-04
Iteration 740/2000-----
currents: [100000.0, 99999.99999889954, 99999.99999901476, 99999.99999918163]
J=1.9e-05, ⟨Jf⟩=1.8e-05, ⟨B·n⟩=1.4e-03, Len=sum([4.1, 4.0, 3.8, 3.7])=15.7, ϰ=[4.0, 4.0, 4.0, 4.2], ∫ϰ²/L>=[5.1, 5.2, 5.2, 5.4], C-C-Sep=0.10, ║∇J║=5.5e-04
Iteration 741/2000-----
currents: [100000.0, 99999.99999889832, 99999.99999901358, 99999.99999918063]
J=1.9e-05, ⟨Jf⟩=1.8e-05, ⟨B·n⟩=1.4e-03, Len=sum([4.1, 4.0, 3.8, 3.7])=15.7, ϰ=[4.0, 4.0, 4.0, 4.2], ∫ϰ²/L>=[5.1, 5.2, 5.2, 5.4], C-C-Sep=0.10, ║∇J║=6.4e-04
Iteration 742/2000-----
currents: [100000.0, 99999.99999889715, 99999.99999901239, 99999.99999917956]
J=1.9e-05, ⟨Jf⟩=1.8e-05, ⟨B·n⟩=1.4e-03, Len=sum([4.1, 4.0, 3.8, 3.7])=15.7, ϰ=[4.1, 4.0, 4.0, 4.2], ∫ϰ²/L>=[5.1, 5.2, 5.2, 5.4], C-C-Sep=0.10, ║∇J║=6.9e-04
Iteration 743/2000-----
currents: [100000.0, 99999.99999889573, 99999.99999901111, 99999.99999917834]
J=1.9e-05, ⟨Jf⟩=1.8e-05, ⟨B·n⟩=1.4e-03, Len=sum([4.1, 4.0, 3.8, 3.7])=15.7, ϰ=[4.1, 4.0, 4.0, 4.2], ∫ϰ²/L>=[5.1, 5.2, 5.2, 5.4], C-C-Sep=0.10, ║∇J║=4.3e-04
Iteration 744/2000-----
currents: [100000.0, 99999.99999889566, 99999.9999990108, 99999.99999917792]
J=1.9e-05, ⟨Jf⟩=1.8e-05, ⟨B·n⟩=1.4e-03, Len=sum([4.1, 4.0, 3.8, 3.7])=15.7, ϰ=[4.1, 4.0, 4.1, 4.2], ∫ϰ²/L>=[5.1, 5.2, 5.2, 5.4], C-C-Sep=0.10, ║∇J║=4.9e-04
Iteration 745/2000-----
currents: [100000.0, 99999.99999889493, 99999.99999901006, 99999.99999917719]
J=1.9e-05, ⟨Jf⟩=1.8e-05, ⟨B·n⟩=1.4e-03, Len=sum([4.1, 4.0, 3.8, 3.7])=15.7, ϰ=[4.1, 4.0, 4.0, 4.2], ∫ϰ²/L>=[5.1, 5.2, 5.2, 5.4], C-C-Sep=0.10, ║∇J║=4.3e-04
Iteration 746/2000-----
currents: [100000.0, 99999.99999889461, 99999.99999900968, 99999.99999917681]
J=1.9e-05, ⟨Jf⟩=1.8e-05, ⟨B·n⟩=1.4e-03, Len=sum([4.1, 4.0, 3.8, 3.7])=15.7, ϰ=[4.1, 4.0, 4.1, 4.2], ∫ϰ²/L>=[5.1, 5.2, 5.2, 5.4], C-C-Sep=0.10, ║∇J║=4.2e-04
Iteration 747/2000-----
currents: [100000.0, 99999.99999889388, 99999.99999900906, 99999.99999917617]
J=1.9e-05, ⟨Jf⟩=1.8e-05, ⟨B·n⟩=1.4e-03, Len=sum([4.1, 4.0, 3.8, 3.7])=15.7, ϰ=[4.1, 4.1, 4.1, 4.1], ∫ϰ²/L>=[5.1, 5.2, 5.2, 5.4], C-C-Sep=0.10, ║∇J║=7.0e-04
Iteration 748/2000-----
currents: [100000.0, 99999.99999889376, 99999.99999900903, 99999.99999917611]
J=1.9e-05, ⟨Jf⟩=1.8e-05, ⟨B·n⟩=1.4e-03, Len=sum([4.1, 4.0, 3.8, 3.7])=15.7, ϰ=[4.1, 4.1, 4.1, 4.1], ∫ϰ²/L>=[5.1, 5.2, 5.2, 5.4], C-C-Sep=0.10, ║∇J║=4.8e-04
Iteration 749/2000-----
currents: [100000.0, 99999.999998893, 99999.99999900858, 99999.99999917562]
J=1.9e-05, ⟨Jf⟩=1.8e-05, ⟨B·n⟩=1.4e-03, Len=sum([4.1, 4.0, 3.8, 3.7])=15.7, ϰ=[4.1, 4.1, 4.1, 4.1], ∫ϰ²/L>=[5.1, 5.2, 5.2, 5.4], C-C-Sep=0.10, ║∇J║=4.4e-04
Iteration 750/2000-----
currents: [100000.0, 99999.99999889167, 99999.99999900765, 99999.99999917459]
J=1.9e-05, ⟨Jf⟩=1.8e-05, ⟨B·n⟩=1.4e-03, Len=sum([4.1, 4.0, 3.8, 3.7])=15.7, ϰ=[4.1, 4.2, 4.0, 4.1], ∫ϰ²/L>=[5.1, 5.2, 5.2, 5.4], C-C-Sep=0.10, ║∇J║=5.3e-04
Iteration 751/2000-----
currents: [100000.0, 99999.99999888959, 99999.99999900613, 99999.99999917296]
J=1.9e-05, ⟨Jf⟩=1.8e-05, ⟨B·n⟩=1.4e-03, Len=sum([4.1, 4.0, 3.8, 3.7])=15.7, ϰ=[4.1, 4.2, 4.0, 4.1], ∫ϰ²/L>=[5.1, 5.2, 5.2, 5.4], C-C-Sep=0.10, ║∇J║=6.6e-04
Iteration 752/2000-----
currents: [100000.0, 99999.99999888834, 99999.99999900517, 99999.9999991719]
J=1.9e-05, ⟨Jf⟩=1.8e-05, ⟨B·n⟩=1.4e-03, Len=sum([4.1, 4.0, 3.8, 3.7])=15.7, ϰ=[4.1, 4.3, 4.0, 4.0], ∫ϰ²/L>=[5.1, 5.2, 5.2, 5.4], C-C-Sep=0.10, ║∇J║=5.0e-04
Iteration 753/2000-----
currents: [100000.0, 99999.99999888717, 99999.99999900414, 99999.99999917077]
J=1.9e-05, ⟨Jf⟩=1.8e-05, ⟨B·n⟩=1.4e-03, Len=sum([4.1, 4.0, 3.8, 3.7])=15.7, ϰ=[4.1, 4.3, 4.0, 4.0], ∫ϰ²/L>=[5.1, 5.2, 5.2, 5.4], C-C-Sep=0.10, ║∇J║=4.9e-04
Iteration 754/2000-----
currents: [100000.0, 99999.99999888729, 99999.99999900426, 99999.99999917082]
J=1.9e-05, ⟨Jf⟩=1.8e-05, ⟨B·n⟩=1.4e-03, Len=sum([4.1, 4.0, 3.8, 3.7])=15.7, ϰ=[4.1, 4.2, 4.0, 4.0], ∫ϰ²/L>=[5.1, 5.2, 5.2, 5.4], C-C-Sep=0.10, ║∇J║=6.0e-04
Iteration 755/2000-----
currents: [100000.0, 99999.99999888614, 99999.9999990034, 99999.99999917]
J=1.9e-05, ⟨Jf⟩=1.8e-05, ⟨B·n⟩=1.4e-03, Len=sum([4.1, 4.0, 3.8, 3.7])=15.7, ϰ=[4.1, 4.2, 4.0, 4.1], ∫ϰ²/L>=[5.1, 5.2, 5.2, 5.4], C-C-Sep=0.10, ║∇J║=4.5e-04
Iteration 756/2000-----
currents: [100000.0, 99999.9999988852, 99999.99999900276, 99999.99999916936]
J=1.9e-05, ⟨Jf⟩=1.8e-05, ⟨B·n⟩=1.4e-03, Len=sum([4.1, 4.0, 3.8, 3.7])=15.7, ϰ=[4.1, 4.1, 4.0, 4.1], ∫ϰ²/L>=[5.1, 5.2, 5.2, 5.4], C-C-Sep=0.10, ║∇J║=7.8e-04
Iteration 757/2000-----
currents: [100000.0, 99999.99999888432, 99999.99999900225, 99999.99999916901]
J=1.9e-05, ⟨Jf⟩=1.8e-05, ⟨B·n⟩=1.4e-03, Len=sum([4.1, 4.0, 3.8, 3.7])=15.7, ϰ=[4.1, 4.1, 4.0, 4.1], ∫ϰ²/L>=[5.1, 5.2, 5.2, 5.4], C-C-Sep=0.10, ║∇J║=4.6e-04
Iteration 758/2000-----
currents: [100000.0, 99999.99999888285, 99999.99999900119, 99999.99999916802]
J=1.9e-05, ⟨Jf⟩=1.8e-05, ⟨B·n⟩=1.4e-03, Len=sum([4.1, 4.0, 3.8, 3.7])=15.7, ϰ=[4.1, 4.1, 4.0, 4.1], ∫ϰ²/L>=[5.1, 5.2, 5.2, 5.4], C-C-Sep=0.10, ║∇J║=5.1e-04
Iteration 759/2000-----
currents: [100000.0, 99999.9999988819, 99999.99999900049, 99999.99999916734]
J=1.9e-05, ⟨Jf⟩=1.8e-05, ⟨B·n⟩=1.4e-03, Len=sum([4.1, 4.0, 3.8, 3.7])=15.7, ϰ=[4.1, 4.1, 4.0, 4.1], ∫ϰ²/L>=[5.1, 5.2, 5.2, 5.4], C-C-Sep=0.10, ║∇J║=6.3e-04
Iteration 760/2000-----
currents: [100000.0, 99999.99999888083, 99999.99999899967, 99999.99999916668]
J=1.9e-05, ⟨Jf⟩=1.8e-05, ⟨B·n⟩=1.4e-03, Len=sum([4.1, 4.0, 3.8, 3.7])=15.7, ϰ=[4.1, 4.1, 4.1, 4.1], ∫ϰ²/L>=[5.1, 5.2, 5.2, 5.4], C-C-Sep=0.10, ║∇J║=4.9e-04
Iteration 761/2000-----
currents: [100000.0, 99999.9999988785, 99999.99999899772, 99999.99999916482]
J=1.9e-05, ⟨Jf⟩=1.8e-05, ⟨B·n⟩=1.4e-03, Len=sum([4.1, 4.0, 3.8, 3.7])=15.7, ϰ=[4.1, 4.0, 4.1, 4.0], ∫ϰ²/L>=[5.1, 5.2, 5.2, 5.4], C-C-Sep=0.10, ║∇J║=5.1e-04
Iteration 762/2000-----
currents: [100000.0, 99999.99999887761, 99999.99999899694, 99999.99999916407]
J=1.9e-05, ⟨Jf⟩=1.8e-05, ⟨B·n⟩=1.4e-03, Len=sum([4.1, 4.0, 3.8, 3.7])=15.7, ϰ=[4.0, 4.0, 4.1, 4.0], ∫ϰ²/L>=[5.1, 5.2, 5.2, 5.4], C-C-Sep=0.10, ║∇J║=6.0e-04
Iteration 763/2000-----
currents: [100000.0, 99999.99999887624, 99999.99999899563, 99999.99999916267]
J=1.9e-05, ⟨Jf⟩=1.8e-05, ⟨B·n⟩=1.4e-03, Len=sum([4.1, 4.0, 3.8, 3.7])=15.7, ϰ=[4.0, 4.0, 4.1, 4.0], ∫ϰ²/L>=[5.1, 5.2, 5.2, 5.4], C-C-Sep=0.10, ║∇J║=5.2e-04
Iteration 764/2000-----
currents: [100000.0, 99999.99999887621, 99999.99999899538, 99999.99999916229]
J=1.9e-05, ⟨Jf⟩=1.8e-05, ⟨B·n⟩=1.4e-03, Len=sum([4.1, 4.0, 3.8, 3.7])=15.7, ϰ=[4.0, 4.0, 4.1, 4.0], ∫ϰ²/L>=[5.1, 5.2, 5.2, 5.4], C-C-Sep=0.10, ║∇J║=5.4e-04
Iteration 765/2000-----
currents: [100000.0, 99999.99999887659, 99999.99999899566, 99999.9999991625]
J=1.9e-05, ⟨Jf⟩=1.8e-05, ⟨B·n⟩=1.4e-03, Len=sum([4.1, 4.0, 3.8, 3.7])=15.7, ϰ=[4.0, 4.0, 4.1, 3.9], ∫ϰ²/L>=[5.1, 5.2, 5.2, 5.4], C-C-Sep=0.10, ║∇J║=5.2e-04
Iteration 766/2000-----
currents: [100000.0, 99999.99999887547, 99999.99999899481, 99999.9999991617]
J=1.9e-05, ⟨Jf⟩=1.8e-05, ⟨B·n⟩=1.4e-03, Len=sum([4.1, 4.0, 3.8, 3.7])=15.7, ϰ=[4.0, 4.0, 4.2, 3.9], ∫ϰ²/L>=[5.1, 5.2, 5.2, 5.4], C-C-Sep=0.10, ║∇J║=5.7e-04
Iteration 767/2000-----
currents: [100000.0, 99999.9999988747, 99999.99999899411, 99999.99999916105]
J=1.9e-05, ⟨Jf⟩=1.8e-05, ⟨B·n⟩=1.4e-03, Len=sum([4.1, 4.0, 3.8, 3.7])=15.7, ϰ=[4.0, 4.0, 4.2, 3.9], ∫ϰ²/L>=[5.1, 5.2, 5.2, 5.4], C-C-Sep=0.10, ║∇J║=5.4e-04
Iteration 768/2000-----
currents: [100000.0, 99999.9999988726, 99999.99999899245, 99999.99999915944]
J=1.9e-05, ⟨Jf⟩=1.8e-05, ⟨B·n⟩=1.4e-03, Len=sum([4.1, 4.0, 3.8, 3.7])=15.7, ϰ=[4.0, 4.1, 4.2, 3.9], ∫ϰ²/L>=[5.1, 5.2, 5.2, 5.4], C-C-Sep=0.10, ║∇J║=5.7e-04
Iteration 769/2000-----
currents: [100000.0, 99999.99999887183, 99999.99999899184, 99999.99999915887]
J=1.9e-05, ⟨Jf⟩=1.8e-05, ⟨B·n⟩=1.4e-03, Len=sum([4.1, 4.0, 3.8, 3.7])=15.7, ϰ=[4.0, 4.1, 4.2, 3.9], ∫ϰ²/L>=[5.1, 5.2, 5.2, 5.4], C-C-Sep=0.10, ║∇J║=7.7e-04
Iteration 770/2000-----
currents: [100000.0, 99999.99999887115, 99999.99999899139, 99999.9999991584]
J=1.9e-05, ⟨Jf⟩=1.8e-05, ⟨B·n⟩=1.4e-03, Len=sum([4.1, 4.0, 3.8, 3.7])=15.7, ϰ=[3.9, 4.1, 4.2, 3.9], ∫ϰ²/L>=[5.1, 5.2, 5.2, 5.4], C-C-Sep=0.10, ║∇J║=5.4e-04
Iteration 771/2000-----
currents: [100000.0, 99999.99999887125, 99999.99999899176, 99999.99999915865]
J=1.9e-05, ⟨Jf⟩=1.8e-05, ⟨B·n⟩=1.4e-03, Len=sum([4.1, 4.0, 3.8, 3.7])=15.7, ϰ=[3.9, 4.1, 4.2, 3.9], ∫ϰ²/L>=[5.0, 5.2, 5.2, 5.4], C-C-Sep=0.10, ║∇J║=5.2e-04
Iteration 772/2000-----
currents: [100000.0, 99999.999998869, 99999.99999899016, 99999.99999915711]
J=1.9e-05, ⟨Jf⟩=1.8e-05, ⟨B·n⟩=1.4e-03, Len=sum([4.1, 4.0, 3.8, 3.7])=15.7, ϰ=[3.9, 4.2, 4.3, 3.9], ∫ϰ²/L>=[5.1, 5.2, 5.2, 5.4], C-C-Sep=0.10, ║∇J║=6.1e-04
Iteration 773/2000-----
currents: [100000.0, 99999.99999886806, 99999.99999898937, 99999.99999915632]
J=1.9e-05, ⟨Jf⟩=1.8e-05, ⟨B·n⟩=1.4e-03, Len=sum([4.1, 4.0, 3.8, 3.7])=15.7, ϰ=[3.9, 4.2, 4.3, 4.0], ∫ϰ²/L>=[5.1, 5.2, 5.2, 5.4], C-C-Sep=0.10, ║∇J║=5.0e-04
Iteration 774/2000-----
currents: [100000.0, 99999.99999886606, 99999.99999898784, 99999.99999915481]
J=1.9e-05, ⟨Jf⟩=1.8e-05, ⟨B·n⟩=1.4e-03, Len=sum([4.1, 4.0, 3.8, 3.7])=15.7, ϰ=[3.9, 4.2, 4.3, 4.0], ∫ϰ²/L>=[5.1, 5.2, 5.2, 5.4], C-C-Sep=0.10, ║∇J║=4.4e-04
Iteration 775/2000-----
currents: [100000.0, 99999.99999886566, 99999.99999898746, 99999.9999991544]
J=1.9e-05, ⟨Jf⟩=1.8e-05, ⟨B·n⟩=1.4e-03, Len=sum([4.1, 4.0, 3.8, 3.7])=15.7, ϰ=[3.9, 4.1, 4.3, 4.0], ∫ϰ²/L>=[5.1, 5.2, 5.2, 5.4], C-C-Sep=0.10, ║∇J║=4.1e-04
Iteration 776/2000-----
currents: [100000.0, 99999.99999886459, 99999.99999898659, 99999.99999915354]
J=1.9e-05, ⟨Jf⟩=1.8e-05, ⟨B·n⟩=1.4e-03, Len=sum([4.1, 4.0, 3.8, 3.7])=15.7, ϰ=[3.9, 4.1, 4.3, 4.0], ∫ϰ²/L>=[5.1, 5.2, 5.2, 5.4], C-C-Sep=0.10, ║∇J║=3.9e-04
Iteration 777/2000-----
currents: [100000.0, 99999.99999886415, 99999.9999989863, 99999.99999915318]
J=1.9e-05, ⟨Jf⟩=1.8e-05, ⟨B·n⟩=1.4e-03, Len=sum([4.1, 4.0, 3.8, 3.7])=15.7, ϰ=[3.9, 4.1, 4.3, 4.0], ∫ϰ²/L>=[5.1, 5.2, 5.2, 5.4], C-C-Sep=0.10, ║∇J║=3.8e-04
Iteration 778/2000-----
currents: [100000.0, 99999.99999886335, 99999.99999898573, 99999.99999915257]
J=1.9e-05, ⟨Jf⟩=1.8e-05, ⟨B·n⟩=1.4e-03, Len=sum([4.1, 4.0, 3.8, 3.7])=15.7, ϰ=[3.9, 4.1, 4.3, 4.0], ∫ϰ²/L>=[5.1, 5.2, 5.2, 5.4], C-C-Sep=0.10, ║∇J║=4.1e-04
Iteration 779/2000-----
currents: [100000.0, 99999.99999886205, 99999.99999898493, 99999.99999915177]
J=1.9e-05, ⟨Jf⟩=1.8e-05, ⟨B·n⟩=1.4e-03, Len=sum([4.1, 4.0, 3.8, 3.7])=15.7, ϰ=[3.9, 4.1, 4.2, 3.9], ∫ϰ²/L>=[5.1, 5.2, 5.2, 5.4], C-C-Sep=0.10, ║∇J║=4.6e-04
Iteration 780/2000-----
currents: [100000.0, 99999.9999988599, 99999.9999989833, 99999.99999915014]
J=1.9e-05, ⟨Jf⟩=1.8e-05, ⟨B·n⟩=1.4e-03, Len=sum([4.1, 4.0, 3.8, 3.7])=15.7, ϰ=[3.9, 4.0, 4.2, 3.9], ∫ϰ²/L>=[5.1, 5.2, 5.2, 5.4], C-C-Sep=0.10, ║∇J║=6.3e-04
Iteration 781/2000-----
currents: [100000.0, 99999.99999885747, 99999.99999898145, 99999.99999914841]
J=1.9e-05, ⟨Jf⟩=1.8e-05, ⟨B·n⟩=1.4e-03, Len=sum([4.1, 4.0, 3.8, 3.7])=15.7, ϰ=[3.9, 4.0, 4.2, 3.9], ∫ϰ²/L>=[5.1, 5.2, 5.2, 5.4], C-C-Sep=0.10, ║∇J║=5.1e-04
Iteration 782/2000-----
currents: [100000.0, 99999.99999885581, 99999.99999898016, 99999.99999914719]
J=1.9e-05, ⟨Jf⟩=1.8e-05, ⟨B·n⟩=1.4e-03, Len=sum([4.1, 4.0, 3.8, 3.7])=15.7, ϰ=[3.9, 4.0, 4.2, 4.0], ∫ϰ²/L>=[5.1, 5.2, 5.2, 5.4], C-C-Sep=0.10, ║∇J║=5.8e-04
Iteration 783/2000-----
currents: [100000.0, 99999.99999885369, 99999.99999897834, 99999.9999991455]
J=1.9e-05, ⟨Jf⟩=1.8e-05, ⟨B·n⟩=1.4e-03, Len=sum([4.1, 4.0, 3.8, 3.7])=15.7, ϰ=[3.9, 4.0, 4.3, 4.0], ∫ϰ²/L>=[5.1, 5.2, 5.2, 5.4], C-C-Sep=0.10, ║∇J║=5.7e-04
Iteration 784/2000-----
currents: [100000.0, 99999.99999885216, 99999.99999897707, 99999.99999914426]
J=1.9e-05, ⟨Jf⟩=1.8e-05, ⟨B·n⟩=1.4e-03, Len=sum([4.1, 4.0, 3.8, 3.7])=15.7, ϰ=[3.9, 4.0, 4.3, 4.0], ∫ϰ²/L>=[5.1, 5.2, 5.2, 5.4], C-C-Sep=0.10, ║∇J║=5.1e-04
Iteration 785/2000-----
currents: [100000.0, 99999.99999885159, 99999.99999897662, 99999.99999914381]
J=1.9e-05, ⟨Jf⟩=1.8e-05, ⟨B·n⟩=1.4e-03, Len=sum([4.1, 4.0, 3.8, 3.7])=15.7, ϰ=[3.9, 4.0, 4.4, 4.0], ∫ϰ²/L>=[5.1, 5.2, 5.2, 5.4], C-C-Sep=0.10, ║∇J║=5.0e-04
Iteration 786/2000-----
currents: [100000.0, 99999.99999885134, 99999.99999897627, 99999.99999914349]
J=1.9e-05, ⟨Jf⟩=1.8e-05, ⟨B·n⟩=1.4e-03, Len=sum([4.1, 4.0, 3.8, 3.7])=15.7, ϰ=[3.9, 4.0, 4.4, 4.0], ∫ϰ²/L>=[5.1, 5.2, 5.2, 5.4], C-C-Sep=0.10, ║∇J║=4.8e-04
Iteration 787/2000-----
currents: [100000.0, 99999.99999885086, 99999.99999897594, 99999.99999914311]
J=1.9e-05, ⟨Jf⟩=1.8e-05, ⟨B·n⟩=1.4e-03, Len=sum([4.1, 4.0, 3.8, 3.7])=15.7, ϰ=[3.9, 4.0, 4.4, 4.0], ∫ϰ²/L>=[5.1, 5.2, 5.2, 5.4], C-C-Sep=0.10, ║∇J║=3.6e-04
Iteration 788/2000-----
currents: [100000.0, 99999.99999885105, 99999.99999897605, 99999.99999914329]
J=1.9e-05, ⟨Jf⟩=1.8e-05, ⟨B·n⟩=1.4e-03, Len=sum([4.1, 4.0, 3.8, 3.7])=15.7, ϰ=[3.9, 4.0, 4.4, 4.0], ∫ϰ²/L>=[5.1, 5.2, 5.2, 5.4], C-C-Sep=0.10, ║∇J║=3.3e-04
Iteration 789/2000-----
currents: [100000.0, 99999.99999885056, 99999.99999897555, 99999.99999914279]
J=1.9e-05, ⟨Jf⟩=1.8e-05, ⟨B·n⟩=1.4e-03, Len=sum([4.1, 4.0, 3.8, 3.7])=15.7, ϰ=[3.9, 4.0, 4.4, 4.0], ∫ϰ²/L>=[5.1, 5.2, 5.2, 5.4], C-C-Sep=0.10, ║∇J║=3.8e-04
Iteration 790/2000-----
currents: [100000.0, 99999.99999884989, 99999.9999989749, 99999.99999914222]
J=1.9e-05, ⟨Jf⟩=1.8e-05, ⟨B·n⟩=1.4e-03, Len=sum([4.1, 4.0, 3.8, 3.7])=15.7, ϰ=[3.9, 4.0, 4.4, 4.0], ∫ϰ²/L>=[5.1, 5.2, 5.2, 5.4], C-C-Sep=0.10, ║∇J║=4.1e-04
Iteration 791/2000-----
currents: [100000.0, 99999.99999884849, 99999.9999989737, 99999.99999914106]
J=1.9e-05, ⟨Jf⟩=1.8e-05, ⟨B·n⟩=1.4e-03, Len=sum([4.1, 4.0, 3.8, 3.7])=15.7, ϰ=[3.9, 4.0, 4.5, 4.0], ∫ϰ²/L>=[5.1, 5.2, 5.2, 5.4], C-C-Sep=0.10, ║∇J║=5.1e-04
Iteration 792/2000-----
currents: [100000.0, 99999.9999988473, 99999.9999989727, 99999.99999914013]
J=1.9e-05, ⟨Jf⟩=1.8e-05, ⟨B·n⟩=1.4e-03, Len=sum([4.1, 4.0, 3.8, 3.7])=15.7, ϰ=[3.9, 3.9, 4.5, 4.0], ∫ϰ²/L>=[5.1, 5.2, 5.2, 5.4], C-C-Sep=0.10, ║∇J║=5.2e-04
Iteration 793/2000-----
currents: [100000.0, 99999.999998846, 99999.99999897182, 99999.99999913933]
J=1.9e-05, ⟨Jf⟩=1.8e-05, ⟨B·n⟩=1.4e-03, Len=sum([4.1, 4.0, 3.8, 3.7])=15.7, ϰ=[3.9, 3.9, 4.5, 4.0], ∫ϰ²/L>=[5.1, 5.2, 5.2, 5.4], C-C-Sep=0.10, ║∇J║=4.6e-04
Iteration 794/2000-----
currents: [100000.0, 99999.99999884477, 99999.99999897105, 99999.9999991386]
J=1.9e-05, ⟨Jf⟩=1.8e-05, ⟨B·n⟩=1.4e-03, Len=sum([4.1, 4.0, 3.8, 3.7])=15.7, ϰ=[3.9, 3.9, 4.5, 4.0], ∫ϰ²/L>=[5.1, 5.2, 5.2, 5.4], C-C-Sep=0.10, ║∇J║=4.6e-04
Iteration 795/2000-----
currents: [100000.0, 99999.99999884315, 99999.99999896997, 99999.99999913765]
J=1.9e-05, ⟨Jf⟩=1.8e-05, ⟨B·n⟩=1.4e-03, Len=sum([4.1, 4.0, 3.8, 3.7])=15.7, ϰ=[3.9, 3.9, 4.5, 4.0], ∫ϰ²/L>=[5.1, 5.2, 5.2, 5.4], C-C-Sep=0.10, ║∇J║=5.0e-04
Iteration 796/2000-----
currents: [100000.0, 99999.999998842, 99999.99999896916, 99999.9999991369]
J=1.9e-05, ⟨Jf⟩=1.8e-05, ⟨B·n⟩=1.4e-03, Len=sum([4.1, 4.0, 3.8, 3.7])=15.7, ϰ=[3.9, 3.9, 4.5, 4.0], ∫ϰ²/L>=[5.1, 5.2, 5.2, 5.4], C-C-Sep=0.10, ║∇J║=4.1e-04
Iteration 797/2000-----
currents: [100000.0, 99999.99999884002, 99999.99999896757, 99999.99999913537]
J=1.9e-05, ⟨Jf⟩=1.8e-05, ⟨B·n⟩=1.4e-03, Len=sum([4.1, 4.0, 3.8, 3.7])=15.7, ϰ=[3.9, 3.9, 4.6, 4.0], ∫ϰ²/L>=[5.1, 5.2, 5.2, 5.4], C-C-Sep=0.10, ║∇J║=4.5e-04
Iteration 798/2000-----
currents: [100000.0, 99999.99999883953, 99999.99999896706, 99999.99999913487]
J=1.9e-05, ⟨Jf⟩=1.8e-05, ⟨B·n⟩=1.4e-03, Len=sum([4.1, 4.0, 3.8, 3.7])=15.7, ϰ=[3.9, 3.9, 4.5, 4.1], ∫ϰ²/L>=[5.1, 5.2, 5.2, 5.4], C-C-Sep=0.10, ║∇J║=4.0e-04
Iteration 799/2000-----
currents: [100000.0, 99999.99999883896, 99999.99999896646, 99999.99999913426]
J=1.9e-05, ⟨Jf⟩=1.8e-05, ⟨B·n⟩=1.4e-03, Len=sum([4.1, 4.0, 3.8, 3.7])=15.7, ϰ=[3.9, 4.0, 4.5, 4.1], ∫ϰ²/L>=[5.1, 5.2, 5.2, 5.4], C-C-Sep=0.10, ║∇J║=3.5e-04
Iteration 800/2000-----
currents: [100000.0, 99999.99999883873, 99999.99999896609, 99999.99999913381]
J=1.9e-05, ⟨Jf⟩=1.8e-05, ⟨B·n⟩=1.4e-03, Len=sum([4.1, 4.0, 3.8, 3.7])=15.7, ϰ=[3.9, 4.0, 4.5, 4.1], ∫ϰ²/L>=[5.0, 5.2, 5.2, 5.4], C-C-Sep=0.10, ║∇J║=3.7e-04
Iteration 801/2000-----
currents: [100000.0, 99999.99999883797, 99999.99999896524, 99999.99999913295]
J=1.9e-05, ⟨Jf⟩=1.8e-05, ⟨B·n⟩=1.4e-03, Len=sum([4.1, 4.0, 3.8, 3.7])=15.7, ϰ=[4.0, 4.0, 4.5, 4.1], ∫ϰ²/L>=[5.1, 5.2, 5.2, 5.4], C-C-Sep=0.10, ║∇J║=5.2e-04
Iteration 802/2000-----
currents: [100000.0, 99999.99999883791, 99999.99999896485, 99999.99999913244]
J=1.9e-05, ⟨Jf⟩=1.8e-05, ⟨B·n⟩=1.4e-03, Len=sum([4.1, 4.0, 3.8, 3.7])=15.7, ϰ=[4.0, 4.0, 4.6, 4.1], ∫ϰ²/L>=[5.1, 5.2, 5.2, 5.4], C-C-Sep=0.10, ║∇J║=5.0e-04
Iteration 803/2000-----
currents: [100000.0, 99999.99999883726, 99999.999998964, 99999.99999913151]
J=1.9e-05, ⟨Jf⟩=1.8e-05, ⟨B·n⟩=1.4e-03, Len=sum([4.1, 4.0, 3.8, 3.7])=15.7, ϰ=[4.0, 4.0, 4.5, 4.1], ∫ϰ²/L>=[5.1, 5.2, 5.2, 5.4], C-C-Sep=0.10, ║∇J║=4.9e-04
Iteration 804/2000-----
currents: [100000.0, 99999.99999883743, 99999.9999989639, 99999.99999913125]
J=1.9e-05, ⟨Jf⟩=1.8e-05, ⟨B·n⟩=1.4e-03, Len=sum([4.1, 4.0, 3.8, 3.7])=15.7, ϰ=[4.0, 4.1, 4.6, 4.1], ∫ϰ²/L>=[5.1, 5.2, 5.2, 5.4], C-C-Sep=0.10, ║∇J║=4.7e-04
Iteration 805/2000-----
currents: [100000.0, 99999.99999883705, 99999.99999896353, 99999.9999991308]
J=1.9e-05, ⟨Jf⟩=1.8e-05, ⟨B·n⟩=1.4e-03, Len=sum([4.1, 4.0, 3.8, 3.7])=15.7, ϰ=[4.0, 4.1, 4.5, 4.1], ∫ϰ²/L>=[5.1, 5.2, 5.2, 5.4], C-C-Sep=0.10, ║∇J║=3.8e-04
Iteration 806/2000-----
currents: [100000.0, 99999.99999883602, 99999.99999896258, 99999.99999912971]
J=1.9e-05, ⟨Jf⟩=1.8e-05, ⟨B·n⟩=1.4e-03, Len=sum([4.1, 4.0, 3.8, 3.7])=15.7, ϰ=[3.9, 4.1, 4.5, 4.1], ∫ϰ²/L>=[5.1, 5.2, 5.2, 5.4], C-C-Sep=0.10, ║∇J║=4.2e-04
Iteration 807/2000-----
currents: [100000.0, 99999.99999883481, 99999.99999896159, 99999.99999912863]
J=1.9e-05, ⟨Jf⟩=1.8e-05, ⟨B·n⟩=1.4e-03, Len=sum([4.1, 4.0, 3.8, 3.7])=15.7, ϰ=[3.9, 4.0, 4.5, 4.1], ∫ϰ²/L>=[5.1, 5.2, 5.2, 5.4], C-C-Sep=0.10, ║∇J║=6.3e-04
Iteration 808/2000-----
currents: [100000.0, 99999.99999883275, 99999.99999895995, 99999.99999912696]
J=1.9e-05, ⟨Jf⟩=1.8e-05, ⟨B·n⟩=1.4e-03, Len=sum([4.1, 4.0, 3.8, 3.7])=15.7, ϰ=[3.9, 4.0, 4.5, 4.1], ∫ϰ²/L>=[5.1, 5.2, 5.2, 5.4], C-C-Sep=0.10, ║∇J║=4.9e-04
Iteration 809/2000-----
currents: [100000.0, 99999.9999988309, 99999.99999895872, 99999.99999912588]
J=1.9e-05, ⟨Jf⟩=1.8e-05, ⟨B·n⟩=1.4e-03, Len=sum([4.1, 4.0, 3.8, 3.7])=15.7, ϰ=[3.9, 4.0, 4.5, 4.1], ∫ϰ²/L>=[5.1, 5.2, 5.2, 5.4], C-C-Sep=0.10, ║∇J║=5.2e-04
Iteration 810/2000-----
currents: [100000.0, 99999.99999882869, 99999.99999895725, 99999.9999991246]
J=1.9e-05, ⟨Jf⟩=1.8e-05, ⟨B·n⟩=1.4e-03, Len=sum([4.1, 4.0, 3.8, 3.7])=15.7, ϰ=[3.9, 4.0, 4.4, 4.1], ∫ϰ²/L>=[5.1, 5.2, 5.2, 5.4], C-C-Sep=0.10, ║∇J║=5.5e-04
Iteration 811/2000-----
currents: [100000.0, 99999.99999882723, 99999.99999895644, 99999.999999124]
J=1.9e-05, ⟨Jf⟩=1.8e-05, ⟨B·n⟩=1.4e-03, Len=sum([4.1, 4.0, 3.8, 3.7])=15.7, ϰ=[3.9, 4.0, 4.4, 4.1], ∫ϰ²/L>=[5.1, 5.2, 5.2, 5.4], C-C-Sep=0.10, ║∇J║=4.1e-04
Iteration 812/2000-----
currents: [100000.0, 99999.99999882742, 99999.99999895686, 99999.9999991246]
J=1.9e-05, ⟨Jf⟩=1.8e-05, ⟨B·n⟩=1.4e-03, Len=sum([4.1, 4.0, 3.8, 3.7])=15.7, ϰ=[4.0, 4.0, 4.4, 4.1], ∫ϰ²/L>=[5.1, 5.2, 5.2, 5.4], C-C-Sep=0.10, ║∇J║=3.5e-04
Iteration 813/2000-----
currents: [100000.0, 99999.9999988259, 99999.99999895578, 99999.99999912361]
J=1.9e-05, ⟨Jf⟩=1.8e-05, ⟨B·n⟩=1.4e-03, Len=sum([4.1, 4.0, 3.8, 3.7])=15.7, ϰ=[4.0, 4.0, 4.4, 4.0], ∫ϰ²/L>=[5.1, 5.2, 5.2, 5.4], C-C-Sep=0.10, ║∇J║=3.6e-04
Iteration 814/2000-----
currents: [100000.0, 99999.99999882573, 99999.99999895567, 99999.99999912347]
J=1.9e-05, ⟨Jf⟩=1.8e-05, ⟨B·n⟩=1.4e-03, Len=sum([4.1, 4.0, 3.8, 3.7])=15.7, ϰ=[4.0, 4.0, 4.4, 4.0], ∫ϰ²/L>=[5.1, 5.2, 5.2, 5.4], C-C-Sep=0.10, ║∇J║=3.4e-04
Iteration 815/2000-----
currents: [100000.0, 99999.99999882442, 99999.99999895458, 99999.99999912234]
J=1.9e-05, ⟨Jf⟩=1.8e-05, ⟨B·n⟩=1.4e-03, Len=sum([4.1, 4.0, 3.8, 3.7])=15.7, ϰ=[4.0, 4.0, 4.4, 4.0], ∫ϰ²/L>=[5.1, 5.2, 5.2, 5.4], C-C-Sep=0.10, ║∇J║=3.8e-04
Iteration 816/2000-----
currents: [100000.0, 99999.99999882368, 99999.99999895401, 99999.9999991217]
J=1.9e-05, ⟨Jf⟩=1.8e-05, ⟨B·n⟩=1.4e-03, Len=sum([4.1, 4.0, 3.8, 3.7])=15.7, ϰ=[4.0, 4.0, 4.4, 4.0], ∫ϰ²/L>=[5.1, 5.2, 5.2, 5.4], C-C-Sep=0.10, ║∇J║=4.4e-04
Iteration 817/2000-----
currents: [100000.0, 99999.9999988223, 99999.99999895284, 99999.99999912051]
J=1.9e-05, ⟨Jf⟩=1.8e-05, ⟨B·n⟩=1.4e-03, Len=sum([4.1, 4.0, 3.8, 3.7])=15.7, ϰ=[4.0, 4.0, 4.4, 4.0], ∫ϰ²/L>=[5.1, 5.2, 5.2, 5.4], C-C-Sep=0.10, ║∇J║=4.4e-04
Iteration 818/2000-----
currents: [100000.0, 99999.99999881949, 99999.99999895059, 99999.99999911826]
J=1.9e-05, ⟨Jf⟩=1.8e-05, ⟨B·n⟩=1.4e-03, Len=sum([4.1, 4.0, 3.8, 3.7])=15.7, ϰ=[4.0, 4.1, 4.4, 4.1], ∫ϰ²/L>=[5.1, 5.2, 5.2, 5.4], C-C-Sep=0.10, ║∇J║=5.2e-04
Iteration 819/2000-----
currents: [100000.0, 99999.99999881818, 99999.99999894954, 99999.99999911718]
J=1.9e-05, ⟨Jf⟩=1.8e-05, ⟨B·n⟩=1.4e-03, Len=sum([4.1, 4.0, 3.8, 3.7])=15.7, ϰ=[3.9, 4.1, 4.3, 4.1], ∫ϰ²/L>=[5.1, 5.2, 5.2, 5.4], C-C-Sep=0.10, ║∇J║=7.1e-04
Iteration 820/2000-----
currents: [100000.0, 99999.99999881742, 99999.9999989488, 99999.99999911638]
J=1.9e-05, ⟨Jf⟩=1.8e-05, ⟨B·n⟩=1.4e-03, Len=sum([4.1, 4.0, 3.8, 3.7])=15.7, ϰ=[3.9, 4.1, 4.3, 4.1], ∫ϰ²/L>=[5.1, 5.2, 5.2, 5.4], C-C-Sep=0.10, ║∇J║=4.9e-04
Iteration 821/2000-----
currents: [100000.0, 99999.9999988167, 99999.99999894804, 99999.99999911555]
J=1.9e-05, ⟨Jf⟩=1.8e-05, ⟨B·n⟩=1.4e-03, Len=sum([4.1, 4.0, 3.8, 3.7])=15.7, ϰ=[3.9, 4.1, 4.3, 4.1], ∫ϰ²/L>=[5.1, 5.2, 5.2, 5.4], C-C-Sep=0.10, ║∇J║=4.3e-04
Iteration 822/2000-----
currents: [100000.0, 99999.99999881691, 99999.99999894798, 99999.99999911532]
J=1.9e-05, ⟨Jf⟩=1.8e-05, ⟨B·n⟩=1.4e-03, Len=sum([4.1, 4.0, 3.8, 3.7])=15.7, ϰ=[3.9, 4.0, 4.3, 4.1], ∫ϰ²/L>=[5.1, 5.2, 5.2, 5.4], C-C-Sep=0.10, ║∇J║=4.5e-04
Iteration 823/2000-----
currents: [100000.0, 99999.99999881601, 99999.99999894695, 99999.9999991142]
J=1.9e-05, ⟨Jf⟩=1.8e-05, ⟨B·n⟩=1.4e-03, Len=sum([4.1, 4.0, 3.8, 3.7])=15.7, ϰ=[3.9, 4.0, 4.3, 4.1], ∫ϰ²/L>=[5.1, 5.2, 5.2, 5.4], C-C-Sep=0.10, ║∇J║=5.4e-04
Iteration 824/2000-----
currents: [100000.0, 99999.9999988162, 99999.99999894694, 99999.99999911415]
J=1.9e-05, ⟨Jf⟩=1.8e-05, ⟨B·n⟩=1.4e-03, Len=sum([4.1, 4.0, 3.8, 3.7])=15.7, ϰ=[3.9, 4.0, 4.3, 4.1], ∫ϰ²/L>=[5.1, 5.2, 5.2, 5.4], C-C-Sep=0.10, ║∇J║=4.3e-04
Iteration 825/2000-----
currents: [100000.0, 99999.99999881598, 99999.99999894665, 99999.99999911389]
J=1.9e-05, ⟨Jf⟩=1.8e-05, ⟨B·n⟩=1.4e-03, Len=sum([4.1, 4.0, 3.8, 3.7])=15.7, ϰ=[3.9, 4.0, 4.3, 4.1], ∫ϰ²/L>=[5.1, 5.2, 5.2, 5.4], C-C-Sep=0.10, ║∇J║=3.8e-04
Iteration 826/2000-----
currents: [100000.0, 99999.99999881569, 99999.99999894627, 99999.99999911361]
J=1.9e-05, ⟨Jf⟩=1.8e-05, ⟨B·n⟩=1.4e-03, Len=sum([4.1, 4.0, 3.8, 3.7])=15.7, ϰ=[3.9, 4.0, 4.2, 4.0], ∫ϰ²/L>=[5.1, 5.1, 5.2, 5.4], C-C-Sep=0.10, ║∇J║=3.6e-04
Iteration 827/2000-----
currents: [100000.0, 99999.99999881521, 99999.9999989457, 99999.99999911319]
J=1.9e-05, ⟨Jf⟩=1.8e-05, ⟨B·n⟩=1.4e-03, Len=sum([4.1, 4.0, 3.8, 3.7])=15.7, ϰ=[3.9, 4.0, 4.2, 4.0], ∫ϰ²/L>=[5.1, 5.1, 5.2, 5.4], C-C-Sep=0.10, ║∇J║=3.8e-04
Iteration 828/2000-----
currents: [100000.0, 99999.99999881431, 99999.9999989448, 99999.99999911238]
J=1.9e-05, ⟨Jf⟩=1.8e-05, ⟨B·n⟩=1.4e-03, Len=sum([4.1, 4.0, 3.8, 3.7])=15.7, ϰ=[4.0, 3.9, 4.2, 4.0], ∫ϰ²/L>=[5.1, 5.1, 5.2, 5.4], C-C-Sep=0.10, ║∇J║=4.4e-04
Iteration 829/2000-----
currents: [100000.0, 99999.99999881342, 99999.99999894387, 99999.99999911149]
J=1.9e-05, ⟨Jf⟩=1.8e-05, ⟨B·n⟩=1.4e-03, Len=sum([4.1, 4.0, 3.8, 3.7])=15.7, ϰ=[4.0, 3.9, 4.2, 4.1], ∫ϰ²/L>=[5.1, 5.1, 5.2, 5.4], C-C-Sep=0.10, ║∇J║=5.2e-04
Iteration 830/2000-----
currents: [100000.0, 99999.99999881317, 99999.99999894362, 99999.99999911126]
J=1.9e-05, ⟨Jf⟩=1.8e-05, ⟨B·n⟩=1.4e-03, Len=sum([4.1, 4.0, 3.8, 3.7])=15.7, ϰ=[4.0, 3.9, 4.2, 4.1], ∫ϰ²/L>=[5.1, 5.1, 5.2, 5.4], C-C-Sep=0.10, ║∇J║=3.9e-04
Iteration 831/2000-----
currents: [100000.0, 99999.99999881258, 99999.99999894308, 99999.99999911072]
J=1.9e-05, ⟨Jf⟩=1.8e-05, ⟨B·n⟩=1.4e-03, Len=sum([4.1, 4.0, 3.8, 3.7])=15.7, ϰ=[4.0, 3.9, 4.2, 4.1], ∫ϰ²/L>=[5.1, 5.1, 5.2, 5.4], C-C-Sep=0.10, ║∇J║=3.9e-04
Iteration 832/2000-----
currents: [100000.0, 99999.99999881194, 99999.9999989424, 99999.9999991101]
J=1.9e-05, ⟨Jf⟩=1.8e-05, ⟨B·n⟩=1.4e-03, Len=sum([4.1, 4.0, 3.8, 3.7])=15.7, ϰ=[4.0, 3.9, 4.2, 4.1], ∫ϰ²/L>=[5.1, 5.1, 5.2, 5.4], C-C-Sep=0.10, ║∇J║=4.8e-04
Iteration 833/2000-----
currents: [100000.0, 99999.99999881125, 99999.99999894162, 99999.99999910945]
J=1.9e-05, ⟨Jf⟩=1.8e-05, ⟨B·n⟩=1.4e-03, Len=sum([4.1, 4.0, 3.8, 3.7])=15.7, ϰ=[4.0, 3.9, 4.2, 4.1], ∫ϰ²/L>=[5.1, 5.1, 5.2, 5.4], C-C-Sep=0.10, ║∇J║=4.4e-04
Iteration 834/2000-----
currents: [100000.0, 99999.99999880933, 99999.9999989398, 99999.99999910778]
J=1.9e-05, ⟨Jf⟩=1.8e-05, ⟨B·n⟩=1.4e-03, Len=sum([4.1, 4.0, 3.8, 3.7])=15.7, ϰ=[4.0, 3.9, 4.2, 4.1], ∫ϰ²/L>=[5.1, 5.1, 5.2, 5.4], C-C-Sep=0.10, ║∇J║=4.8e-04
Iteration 835/2000-----
currents: [100000.0, 99999.99999880813, 99999.99999893861, 99999.99999910669]
J=1.9e-05, ⟨Jf⟩=1.8e-05, ⟨B·n⟩=1.4e-03, Len=sum([4.1, 4.0, 3.8, 3.7])=15.7, ϰ=[4.1, 4.0, 4.2, 4.1], ∫ϰ²/L>=[5.1, 5.1, 5.2, 5.4], C-C-Sep=0.10, ║∇J║=5.2e-04
Iteration 836/2000-----
currents: [100000.0, 99999.99999880676, 99999.99999893745, 99999.99999910562]
J=1.9e-05, ⟨Jf⟩=1.8e-05, ⟨B·n⟩=1.4e-03, Len=sum([4.1, 4.0, 3.8, 3.7])=15.7, ϰ=[4.1, 4.0, 4.2, 4.2], ∫ϰ²/L>=[5.1, 5.1, 5.2, 5.4], C-C-Sep=0.10, ║∇J║=4.3e-04
Iteration 837/2000-----
currents: [100000.0, 99999.99999880457, 99999.99999893553, 99999.99999910372]
J=1.9e-05, ⟨Jf⟩=1.8e-05, ⟨B·n⟩=1.4e-03, Len=sum([4.1, 4.0, 3.8, 3.7])=15.7, ϰ=[4.1, 4.0, 4.1, 4.2], ∫ϰ²/L>=[5.1, 5.1, 5.2, 5.4], C-C-Sep=0.10, ║∇J║=4.0e-04
Iteration 838/2000-----
currents: [100000.0, 99999.99999880324, 99999.99999893448, 99999.99999910271]
J=1.9e-05, ⟨Jf⟩=1.8e-05, ⟨B·n⟩=1.4e-03, Len=sum([4.1, 4.0, 3.8, 3.7])=15.7, ϰ=[4.1, 4.0, 4.2, 4.2], ∫ϰ²/L>=[5.1, 5.1, 5.2, 5.4], C-C-Sep=0.10, ║∇J║=7.3e-04
Iteration 839/2000-----
currents: [100000.0, 99999.9999988017, 99999.9999989333, 99999.99999910155]
J=1.9e-05, ⟨Jf⟩=1.8e-05, ⟨B·n⟩=1.4e-03, Len=sum([4.1, 4.0, 3.8, 3.7])=15.7, ϰ=[4.1, 4.0, 4.2, 4.2], ∫ϰ²/L>=[5.1, 5.1, 5.2, 5.4], C-C-Sep=0.10, ║∇J║=3.5e-04
Iteration 840/2000-----
currents: [100000.0, 99999.999998801, 99999.99999893273, 99999.999999101]
J=1.9e-05, ⟨Jf⟩=1.8e-05, ⟨B·n⟩=1.4e-03, Len=sum([4.1, 4.0, 3.8, 3.7])=15.7, ϰ=[4.1, 4.0, 4.2, 4.1], ∫ϰ²/L>=[5.1, 5.1, 5.2, 5.4], C-C-Sep=0.10, ║∇J║=3.3e-04
Iteration 841/2000-----
currents: [100000.0, 99999.99999879912, 99999.99999893122, 99999.99999909951]
J=1.9e-05, ⟨Jf⟩=1.8e-05, ⟨B·n⟩=1.4e-03, Len=sum([4.1, 4.0, 3.8, 3.7])=15.7, ϰ=[4.1, 3.9, 4.2, 4.1], ∫ϰ²/L>=[5.1, 5.1, 5.2, 5.4], C-C-Sep=0.10, ║∇J║=3.2e-04
Iteration 842/2000-----
currents: [100000.0, 99999.99999879797, 99999.99999893027, 99999.99999909852]
J=1.9e-05, ⟨Jf⟩=1.8e-05, ⟨B·n⟩=1.4e-03, Len=sum([4.1, 4.0, 3.8, 3.7])=15.7, ϰ=[4.1, 3.9, 4.2, 4.1], ∫ϰ²/L>=[5.1, 5.1, 5.2, 5.4], C-C-Sep=0.10, ║∇J║=4.6e-04
Iteration 843/2000-----
currents: [100000.0, 99999.99999879605, 99999.99999892876, 99999.99999909701]
J=1.9e-05, ⟨Jf⟩=1.8e-05, ⟨B·n⟩=1.4e-03, Len=sum([4.1, 4.0, 3.8, 3.7])=15.7, ϰ=[4.1, 3.9, 4.2, 4.1], ∫ϰ²/L>=[5.1, 5.1, 5.2, 5.4], C-C-Sep=0.10, ║∇J║=3.7e-04
Iteration 844/2000-----
currents: [100000.0, 99999.99999879493, 99999.99999892781, 99999.99999909596]
J=1.9e-05, ⟨Jf⟩=1.8e-05, ⟨B·n⟩=1.4e-03, Len=sum([4.1, 4.0, 3.8, 3.7])=15.7, ϰ=[4.1, 3.9, 4.2, 4.1], ∫ϰ²/L>=[5.1, 5.1, 5.2, 5.4], C-C-Sep=0.10, ║∇J║=4.2e-04
Iteration 845/2000-----
currents: [100000.0, 99999.99999879401, 99999.99999892701, 99999.99999909507]
J=1.9e-05, ⟨Jf⟩=1.8e-05, ⟨B·n⟩=1.3e-03, Len=sum([4.1, 4.0, 3.8, 3.7])=15.7, ϰ=[4.1, 3.9, 4.2, 4.1], ∫ϰ²/L>=[5.1, 5.1, 5.2, 5.4], C-C-Sep=0.10, ║∇J║=5.1e-04
Iteration 846/2000-----
currents: [100000.0, 99999.99999879317, 99999.99999892623, 99999.99999909422]
J=1.9e-05, ⟨Jf⟩=1.8e-05, ⟨B·n⟩=1.3e-03, Len=sum([4.1, 4.0, 3.8, 3.7])=15.7, ϰ=[4.1, 3.9, 4.2, 4.1], ∫ϰ²/L>=[5.1, 5.1, 5.2, 5.4], C-C-Sep=0.10, ║∇J║=4.7e-04
Iteration 847/2000-----
currents: [100000.0, 99999.9999987914, 99999.99999892445, 99999.99999909241]
J=1.9e-05, ⟨Jf⟩=1.8e-05, ⟨B·n⟩=1.3e-03, Len=sum([4.1, 4.0, 3.8, 3.7])=15.7, ϰ=[4.1, 4.0, 4.2, 4.1], ∫ϰ²/L>=[5.1, 5.1, 5.2, 5.4], C-C-Sep=0.10, ║∇J║=6.1e-04
Iteration 848/2000-----
currents: [100000.0, 99999.99999879094, 99999.99999892371, 99999.99999909165]
J=1.9e-05, ⟨Jf⟩=1.8e-05, ⟨B·n⟩=1.3e-03, Len=sum([4.1, 4.0, 3.8, 3.7])=15.7, ϰ=[4.1, 4.0, 4.2, 4.1], ∫ϰ²/L>=[5.1, 5.1, 5.2, 5.4], C-C-Sep=0.10, ║∇J║=6.9e-04
Iteration 849/2000-----
currents: [100000.0, 99999.99999878874, 99999.99999892164, 99999.9999990896]
J=1.9e-05, ⟨Jf⟩=1.8e-05, ⟨B·n⟩=1.3e-03, Len=sum([4.1, 4.0, 3.8, 3.7])=15.7, ϰ=[4.0, 4.0, 4.2, 4.0], ∫ϰ²/L>=[5.1, 5.1, 5.2, 5.4], C-C-Sep=0.10, ║∇J║=7.6e-04
Iteration 850/2000-----
currents: [100000.0, 99999.99999878898, 99999.99999892178, 99999.99999908976]
J=1.9e-05, ⟨Jf⟩=1.8e-05, ⟨B·n⟩=1.3e-03, Len=sum([4.1, 4.0, 3.8, 3.7])=15.7, ϰ=[4.0, 4.0, 4.2, 4.0], ∫ϰ²/L>=[5.1, 5.2, 5.2, 5.4], C-C-Sep=0.10, ║∇J║=4.7e-04
Iteration 851/2000-----
currents: [100000.0, 99999.9999987897, 99999.99999892243, 99999.99999909045]
J=1.9e-05, ⟨Jf⟩=1.8e-05, ⟨B·n⟩=1.3e-03, Len=sum([4.1, 4.0, 3.8, 3.7])=15.7, ϰ=[4.0, 4.0, 4.2, 4.0], ∫ϰ²/L>=[5.1, 5.2, 5.2, 5.4], C-C-Sep=0.10, ║∇J║=3.5e-04
Iteration 852/2000-----
currents: [100000.0, 99999.99999879005, 99999.99999892275, 99999.99999909077]
J=1.9e-05, ⟨Jf⟩=1.8e-05, ⟨B·n⟩=1.3e-03, Len=sum([4.1, 4.0, 3.8, 3.7])=15.7, ϰ=[4.0, 4.0, 4.2, 4.0], ∫ϰ²/L>=[5.1, 5.2, 5.2, 5.4], C-C-Sep=0.10, ║∇J║=3.2e-04
Iteration 853/2000-----
currents: [100000.0, 99999.99999879031, 99999.99999892309, 99999.99999909115]
J=1.9e-05, ⟨Jf⟩=1.8e-05, ⟨B·n⟩=1.3e-03, Len=sum([4.1, 4.0, 3.8, 3.7])=15.7, ϰ=[4.0, 3.9, 4.2, 4.0], ∫ϰ²/L>=[5.1, 5.2, 5.2, 5.4], C-C-Sep=0.10, ║∇J║=4.4e-04
Iteration 854/2000-----
currents: [100000.0, 99999.99999879012, 99999.99999892288, 99999.99999909096]
J=1.9e-05, ⟨Jf⟩=1.8e-05, ⟨B·n⟩=1.3e-03, Len=sum([4.1, 4.0, 3.8, 3.7])=15.7, ϰ=[4.1, 3.9, 4.3, 4.0], ∫ϰ²/L>=[5.1, 5.1, 5.2, 5.4], C-C-Sep=0.10, ║∇J║=3.6e-04
Iteration 855/2000-----
currents: [100000.0, 99999.99999879028, 99999.99999892301, 99999.99999909109]
J=1.9e-05, ⟨Jf⟩=1.8e-05, ⟨B·n⟩=1.3e-03, Len=sum([4.1, 4.0, 3.8, 3.7])=15.7, ϰ=[4.1, 3.9, 4.3, 4.0], ∫ϰ²/L>=[5.1, 5.1, 5.2, 5.4], C-C-Sep=0.10, ║∇J║=3.1e-04
Iteration 856/2000-----
currents: [100000.0, 99999.99999878948, 99999.99999892227, 99999.9999990904]
J=1.9e-05, ⟨Jf⟩=1.8e-05, ⟨B·n⟩=1.3e-03, Len=sum([4.1, 4.0, 3.8, 3.7])=15.7, ϰ=[4.1, 3.9, 4.3, 4.0], ∫ϰ²/L>=[5.1, 5.1, 5.2, 5.4], C-C-Sep=0.10, ║∇J║=3.3e-04
Iteration 857/2000-----
currents: [100000.0, 99999.99999878941, 99999.9999989222, 99999.99999909037]
J=1.9e-05, ⟨Jf⟩=1.8e-05, ⟨B·n⟩=1.3e-03, Len=sum([4.1, 4.0, 3.8, 3.7])=15.7, ϰ=[4.1, 3.9, 4.3, 4.0], ∫ϰ²/L>=[5.1, 5.1, 5.2, 5.4], C-C-Sep=0.10, ║∇J║=4.1e-04
Iteration 858/2000-----
currents: [100000.0, 99999.99999878861, 99999.99999892143, 99999.99999908963]
J=1.9e-05, ⟨Jf⟩=1.8e-05, ⟨B·n⟩=1.3e-03, Len=sum([4.1, 4.0, 3.8, 3.7])=15.7, ϰ=[4.2, 3.8, 4.3, 4.0], ∫ϰ²/L>=[5.1, 5.1, 5.2, 5.4], C-C-Sep=0.10, ║∇J║=6.1e-04
Iteration 859/2000-----
currents: [100000.0, 99999.99999878748, 99999.99999892025, 99999.99999908835]
J=1.9e-05, ⟨Jf⟩=1.8e-05, ⟨B·n⟩=1.3e-03, Len=sum([4.1, 4.0, 3.8, 3.7])=15.7, ϰ=[4.2, 3.9, 4.3, 4.0], ∫ϰ²/L>=[5.1, 5.1, 5.2, 5.4], C-C-Sep=0.10, ║∇J║=5.9e-04
Iteration 860/2000-----
currents: [100000.0, 99999.99999878719, 99999.9999989199, 99999.9999990879]
J=1.9e-05, ⟨Jf⟩=1.8e-05, ⟨B·n⟩=1.3e-03, Len=sum([4.1, 4.0, 3.8, 3.7])=15.7, ϰ=[4.2, 3.9, 4.3, 3.9], ∫ϰ²/L>=[5.1, 5.1, 5.2, 5.4], C-C-Sep=0.10, ║∇J║=4.4e-04
Iteration 861/2000-----
currents: [100000.0, 99999.9999987864, 99999.99999891914, 99999.999999087]
J=1.9e-05, ⟨Jf⟩=1.8e-05, ⟨B·n⟩=1.3e-03, Len=sum([4.1, 4.0, 3.8, 3.7])=15.7, ϰ=[4.2, 3.9, 4.3, 3.9], ∫ϰ²/L>=[5.1, 5.1, 5.2, 5.4], C-C-Sep=0.10, ║∇J║=4.6e-04
Iteration 862/2000-----
currents: [100000.0, 99999.99999878454, 99999.99999891745, 99999.99999908528]
J=1.9e-05, ⟨Jf⟩=1.8e-05, ⟨B·n⟩=1.3e-03, Len=sum([4.1, 4.0, 3.8, 3.7])=15.7, ϰ=[4.2, 3.9, 4.3, 3.9], ∫ϰ²/L>=[5.1, 5.1, 5.2, 5.4], C-C-Sep=0.10, ║∇J║=6.1e-04
Iteration 863/2000-----
currents: [100000.0, 99999.9999987811, 99999.999998914, 99999.99999908158]
J=1.9e-05, ⟨Jf⟩=1.8e-05, ⟨B·n⟩=1.3e-03, Len=sum([4.1, 4.0, 3.8, 3.7])=15.7, ϰ=[4.2, 4.0, 4.3, 3.9], ∫ϰ²/L>=[5.1, 5.1, 5.2, 5.4], C-C-Sep=0.10, ║∇J║=1.0e-03
Iteration 864/2000-----
currents: [100000.0, 99999.999998782, 99999.999998915, 99999.99999908275]
J=1.9e-05, ⟨Jf⟩=1.8e-05, ⟨B·n⟩=1.3e-03, Len=sum([4.1, 4.0, 3.8, 3.7])=15.7, ϰ=[4.2, 4.0, 4.3, 3.9], ∫ϰ²/L>=[5.1, 5.1, 5.2, 5.4], C-C-Sep=0.10, ║∇J║=6.0e-04
Iteration 865/2000-----
currents: [100000.0, 99999.99999878167, 99999.99999891483, 99999.9999990827]
J=1.9e-05, ⟨Jf⟩=1.8e-05, ⟨B·n⟩=1.3e-03, Len=sum([4.1, 4.0, 3.8, 3.7])=15.7, ϰ=[4.2, 4.0, 4.4, 3.9], ∫ϰ²/L>=[5.1, 5.1, 5.2, 5.4], C-C-Sep=0.10, ║∇J║=3.8e-04
Iteration 866/2000-----
currents: [100000.0, 99999.99999878043, 99999.99999891377, 99999.99999908166]
J=1.9e-05, ⟨Jf⟩=1.8e-05, ⟨B·n⟩=1.3e-03, Len=sum([4.1, 4.0, 3.8, 3.7])=15.7, ϰ=[4.2, 4.0, 4.4, 3.9], ∫ϰ²/L>=[5.1, 5.1, 5.2, 5.4], C-C-Sep=0.10, ║∇J║=3.3e-04
Iteration 867/2000-----
currents: [100000.0, 99999.99999877917, 99999.9999989127, 99999.99999908055]
J=1.9e-05, ⟨Jf⟩=1.8e-05, ⟨B·n⟩=1.3e-03, Len=sum([4.1, 4.0, 3.8, 3.7])=15.7, ϰ=[4.2, 4.0, 4.4, 3.9], ∫ϰ²/L>=[5.1, 5.1, 5.2, 5.4], C-C-Sep=0.10, ║∇J║=3.4e-04
Iteration 868/2000-----
currents: [100000.0, 99999.99999877861, 99999.99999891227, 99999.99999908006]
J=1.9e-05, ⟨Jf⟩=1.8e-05, ⟨B·n⟩=1.3e-03, Len=sum([4.1, 4.0, 3.8, 3.7])=15.7, ϰ=[4.1, 4.0, 4.4, 3.8], ∫ϰ²/L>=[5.1, 5.1, 5.2, 5.4], C-C-Sep=0.10, ║∇J║=5.7e-04
Iteration 869/2000-----
currents: [100000.0, 99999.99999877872, 99999.99999891236, 99999.99999908016]
J=1.9e-05, ⟨Jf⟩=1.8e-05, ⟨B·n⟩=1.3e-03, Len=sum([4.1, 4.0, 3.8, 3.7])=15.7, ϰ=[4.1, 4.0, 4.4, 3.8], ∫ϰ²/L>=[5.1, 5.1, 5.2, 5.4], C-C-Sep=0.10, ║∇J║=2.5e-04
Iteration 870/2000-----
currents: [100000.0, 99999.99999877882, 99999.99999891245, 99999.99999908026]
J=1.9e-05, ⟨Jf⟩=1.8e-05, ⟨B·n⟩=1.3e-03, Len=sum([4.1, 4.0, 3.8, 3.7])=15.7, ϰ=[4.1, 4.0, 4.4, 3.8], ∫ϰ²/L>=[5.1, 5.1, 5.2, 5.4], C-C-Sep=0.10, ║∇J║=2.2e-04
Iteration 871/2000-----
currents: [100000.0, 99999.99999877834, 99999.99999891206, 99999.99999907991]
J=1.9e-05, ⟨Jf⟩=1.8e-05, ⟨B·n⟩=1.3e-03, Len=sum([4.1, 4.0, 3.8, 3.7])=15.7, ϰ=[4.1, 4.0, 4.4, 3.8], ∫ϰ²/L>=[5.1, 5.1, 5.2, 5.4], C-C-Sep=0.10, ║∇J║=2.7e-04
Iteration 872/2000-----
currents: [100000.0, 99999.99999877784, 99999.99999891168, 99999.9999990796]
J=1.9e-05, ⟨Jf⟩=1.8e-05, ⟨B·n⟩=1.3e-03, Len=sum([4.1, 4.0, 3.8, 3.7])=15.7, ϰ=[4.1, 4.0, 4.4, 3.8], ∫ϰ²/L>=[5.1, 5.1, 5.2, 5.4], C-C-Sep=0.10, ║∇J║=3.5e-04
Iteration 873/2000-----
currents: [100000.0, 99999.99999877588, 99999.99999890996, 99999.99999907799]
J=1.9e-05, ⟨Jf⟩=1.8e-05, ⟨B·n⟩=1.3e-03, Len=sum([4.1, 4.0, 3.8, 3.7])=15.7, ϰ=[4.1, 4.0, 4.4, 3.8], ∫ϰ²/L>=[5.1, 5.1, 5.2, 5.4], C-C-Sep=0.10, ║∇J║=4.5e-04
Iteration 874/2000-----
currents: [100000.0, 99999.99999877413, 99999.99999890849, 99999.99999907665]
J=1.9e-05, ⟨Jf⟩=1.8e-05, ⟨B·n⟩=1.3e-03, Len=sum([4.1, 4.0, 3.8, 3.7])=15.7, ϰ=[4.1, 4.0, 4.5, 3.9], ∫ϰ²/L>=[5.1, 5.1, 5.2, 5.4], C-C-Sep=0.10, ║∇J║=4.6e-04
Iteration 875/2000-----
currents: [100000.0, 99999.99999877354, 99999.99999890794, 99999.99999907613]
J=1.9e-05, ⟨Jf⟩=1.8e-05, ⟨B·n⟩=1.3e-03, Len=sum([4.1, 4.0, 3.8, 3.7])=15.7, ϰ=[4.2, 4.0, 4.5, 3.9], ∫ϰ²/L>=[5.1, 5.1, 5.2, 5.4], C-C-Sep=0.10, ║∇J║=5.5e-04
Iteration 876/2000-----
currents: [100000.0, 99999.9999987714, 99999.99999890596, 99999.99999907424]
J=1.9e-05, ⟨Jf⟩=1.8e-05, ⟨B·n⟩=1.3e-03, Len=sum([4.1, 4.0, 3.8, 3.7])=15.7, ϰ=[4.2, 4.0, 4.6, 4.0], ∫ϰ²/L>=[5.1, 5.1, 5.2, 5.4], C-C-Sep=0.10, ║∇J║=5.1e-04
Iteration 877/2000-----
currents: [100000.0, 99999.99999877115, 99999.9999989057, 99999.999999074]
J=1.9e-05, ⟨Jf⟩=1.8e-05, ⟨B·n⟩=1.3e-03, Len=sum([4.1, 4.0, 3.8, 3.7])=15.7, ϰ=[4.2, 4.0, 4.6, 3.9], ∫ϰ²/L>=[5.1, 5.1, 5.2, 5.4], C-C-Sep=0.10, ║∇J║=5.1e-04
Iteration 878/2000-----
currents: [100000.0, 99999.9999987703, 99999.99999890491, 99999.99999907329]
J=1.9e-05, ⟨Jf⟩=1.8e-05, ⟨B·n⟩=1.3e-03, Len=sum([4.1, 4.0, 3.8, 3.7])=15.7, ϰ=[4.2, 4.0, 4.6, 3.9], ∫ϰ²/L>=[5.1, 5.1, 5.2, 5.4], C-C-Sep=0.10, ║∇J║=4.1e-04
Iteration 879/2000-----
currents: [100000.0, 99999.99999876988, 99999.9999989044, 99999.9999990728]
J=1.9e-05, ⟨Jf⟩=1.8e-05, ⟨B·n⟩=1.3e-03, Len=sum([4.1, 4.0, 3.8, 3.7])=15.7, ϰ=[4.2, 4.0, 4.6, 3.9], ∫ϰ²/L>=[5.1, 5.1, 5.2, 5.4], C-C-Sep=0.10, ║∇J║=3.4e-04
Iteration 880/2000-----
currents: [100000.0, 99999.99999876873, 99999.99999890344, 99999.99999907191]
J=1.9e-05, ⟨Jf⟩=1.8e-05, ⟨B·n⟩=1.3e-03, Len=sum([4.1, 4.0, 3.8, 3.7])=15.7, ϰ=[4.2, 4.0, 4.6, 4.0], ∫ϰ²/L>=[5.1, 5.1, 5.2, 5.4], C-C-Sep=0.10, ║∇J║=4.9e-04
Iteration 881/2000-----
currents: [100000.0, 99999.99999876831, 99999.999998903, 99999.99999907146]
J=1.9e-05, ⟨Jf⟩=1.8e-05, ⟨B·n⟩=1.3e-03, Len=sum([4.1, 4.0, 3.8, 3.7])=15.7, ϰ=[4.1, 4.0, 4.6, 4.0], ∫ϰ²/L>=[5.1, 5.1, 5.2, 5.4], C-C-Sep=0.10, ║∇J║=4.3e-04
Iteration 882/2000-----
currents: [100000.0, 99999.99999876735, 99999.99999890204, 99999.9999990705]
J=1.9e-05, ⟨Jf⟩=1.8e-05, ⟨B·n⟩=1.3e-03, Len=sum([4.1, 4.0, 3.8, 3.7])=15.7, ϰ=[4.1, 4.1, 4.6, 3.9], ∫ϰ²/L>=[5.1, 5.1, 5.2, 5.4], C-C-Sep=0.10, ║∇J║=4.5e-04
Iteration 883/2000-----
currents: [100000.0, 99999.99999876787, 99999.99999890257, 99999.99999907102]
J=1.9e-05, ⟨Jf⟩=1.8e-05, ⟨B·n⟩=1.3e-03, Len=sum([4.1, 4.0, 3.8, 3.7])=15.7, ϰ=[4.1, 4.1, 4.6, 4.0], ∫ϰ²/L>=[5.1, 5.1, 5.2, 5.4], C-C-Sep=0.10, ║∇J║=3.6e-04
Iteration 884/2000-----
currents: [100000.0, 99999.99999876748, 99999.99999890204, 99999.99999907044]
J=1.9e-05, ⟨Jf⟩=1.8e-05, ⟨B·n⟩=1.3e-03, Len=sum([4.1, 4.0, 3.8, 3.7])=15.7, ϰ=[4.1, 4.1, 4.6, 4.0], ∫ϰ²/L>=[5.1, 5.1, 5.2, 5.4], C-C-Sep=0.10, ║∇J║=1.1e-03
Iteration 885/2000-----
currents: [100000.0, 99999.9999987677, 99999.99999890233, 99999.99999907076]
J=1.8e-05, ⟨Jf⟩=1.8e-05, ⟨B·n⟩=1.3e-03, Len=sum([4.1, 4.0, 3.8, 3.7])=15.7, ϰ=[4.1, 4.1, 4.6, 4.0], ∫ϰ²/L>=[5.1, 5.1, 5.2, 5.4], C-C-Sep=0.10, ║∇J║=5.3e-04
Iteration 886/2000-----
currents: [100000.0, 99999.9999987673, 99999.99999890187, 99999.99999907025]
J=1.8e-05, ⟨Jf⟩=1.8e-05, ⟨B·n⟩=1.3e-03, Len=sum([4.1, 4.0, 3.8, 3.7])=15.7, ϰ=[4.1, 4.1, 4.6, 4.0], ∫ϰ²/L>=[5.1, 5.1, 5.2, 5.4], C-C-Sep=0.10, ║∇J║=3.0e-04
Iteration 887/2000-----
currents: [100000.0, 99999.99999876629, 99999.99999890091, 99999.99999906924]
J=1.8e-05, ⟨Jf⟩=1.8e-05, ⟨B·n⟩=1.3e-03, Len=sum([4.1, 4.0, 3.8, 3.7])=15.7, ϰ=[4.1, 4.1, 4.6, 4.0], ∫ϰ²/L>=[5.1, 5.1, 5.2, 5.4], C-C-Sep=0.10, ║∇J║=2.8e-04
Iteration 888/2000-----
currents: [100000.0, 99999.99999876587, 99999.99999890037, 99999.99999906868]
J=1.8e-05, ⟨Jf⟩=1.8e-05, ⟨B·n⟩=1.3e-03, Len=sum([4.1, 4.0, 3.8, 3.7])=15.7, ϰ=[4.1, 4.1, 4.7, 4.0], ∫ϰ²/L>=[5.1, 5.1, 5.2, 5.4], C-C-Sep=0.10, ║∇J║=4.7e-04
Iteration 889/2000-----
currents: [100000.0, 99999.99999876562, 99999.99999890008, 99999.99999906834]
J=1.8e-05, ⟨Jf⟩=1.8e-05, ⟨B·n⟩=1.3e-03, Len=sum([4.1, 4.0, 3.8, 3.7])=15.7, ϰ=[4.1, 4.1, 4.7, 4.0], ∫ϰ²/L>=[5.1, 5.1, 5.2, 5.4], C-C-Sep=0.10, ║∇J║=3.1e-04
Iteration 890/2000-----
currents: [100000.0, 99999.99999876479, 99999.99999889925, 99999.99999906743]
J=1.8e-05, ⟨Jf⟩=1.8e-05, ⟨B·n⟩=1.3e-03, Len=sum([4.1, 4.0, 3.8, 3.7])=15.7, ϰ=[4.1, 4.1, 4.7, 3.9], ∫ϰ²/L>=[5.1, 5.1, 5.2, 5.4], C-C-Sep=0.10, ║∇J║=3.4e-04
Iteration 891/2000-----
currents: [100000.0, 99999.99999876392, 99999.99999889823, 99999.99999906633]
J=1.8e-05, ⟨Jf⟩=1.8e-05, ⟨B·n⟩=1.3e-03, Len=sum([4.1, 4.0, 3.8, 3.7])=15.7, ϰ=[4.1, 4.1, 4.7, 3.9], ∫ϰ²/L>=[5.1, 5.1, 5.2, 5.4], C-C-Sep=0.10, ║∇J║=4.5e-04
Iteration 892/2000-----
currents: [100000.0, 99999.99999876191, 99999.999998896, 99999.99999906398]
J=1.8e-05, ⟨Jf⟩=1.8e-05, ⟨B·n⟩=1.3e-03, Len=sum([4.1, 4.0, 3.8, 3.7])=15.7, ϰ=[4.1, 4.1, 4.7, 3.9], ∫ϰ²/L>=[5.1, 5.1, 5.2, 5.4], C-C-Sep=0.10, ║∇J║=5.2e-04
Iteration 893/2000-----
currents: [100000.0, 99999.99999875978, 99999.99999889362, 99999.99999906159]
J=1.8e-05, ⟨Jf⟩=1.8e-05, ⟨B·n⟩=1.3e-03, Len=sum([4.1, 4.0, 3.8, 3.7])=15.7, ϰ=[4.2, 4.1, 4.7, 3.9], ∫ϰ²/L>=[5.1, 5.1, 5.2, 5.4], C-C-Sep=0.10, ║∇J║=8.3e-04
Iteration 894/2000-----
currents: [100000.0, 99999.99999875869, 99999.9999988924, 99999.99999906035]
J=1.8e-05, ⟨Jf⟩=1.8e-05, ⟨B·n⟩=1.3e-03, Len=sum([4.1, 4.0, 3.8, 3.7])=15.7, ϰ=[4.1, 4.1, 4.7, 3.9], ∫ϰ²/L>=[5.1, 5.1, 5.2, 5.4], C-C-Sep=0.10, ║∇J║=4.7e-04
Iteration 895/2000-----
currents: [100000.0, 99999.99999875831, 99999.99999889193, 99999.99999905995]
J=1.8e-05, ⟨Jf⟩=1.8e-05, ⟨B·n⟩=1.3e-03, Len=sum([4.1, 4.0, 3.8, 3.7])=15.7, ϰ=[4.1, 4.1, 4.6, 3.9], ∫ϰ²/L>=[5.1, 5.1, 5.2, 5.4], C-C-Sep=0.10, ║∇J║=3.9e-04
Iteration 896/2000-----
currents: [100000.0, 99999.99999875772, 99999.99999889133, 99999.9999990594]
J=1.8e-05, ⟨Jf⟩=1.8e-05, ⟨B·n⟩=1.3e-03, Len=sum([4.1, 4.0, 3.8, 3.7])=15.7, ϰ=[4.1, 4.1, 4.6, 3.9], ∫ϰ²/L>=[5.1, 5.1, 5.2, 5.4], C-C-Sep=0.10, ║∇J║=3.8e-04
Iteration 897/2000-----
currents: [100000.0, 99999.99999875737, 99999.9999988909, 99999.99999905899]
J=1.8e-05, ⟨Jf⟩=1.8e-05, ⟨B·n⟩=1.3e-03, Len=sum([4.1, 4.0, 3.8, 3.7])=15.7, ϰ=[4.1, 4.1, 4.6, 3.9], ∫ϰ²/L>=[5.1, 5.1, 5.2, 5.4], C-C-Sep=0.10, ║∇J║=5.2e-04
Iteration 898/2000-----
currents: [100000.0, 99999.99999875741, 99999.99999889094, 99999.99999905904]
J=1.8e-05, ⟨Jf⟩=1.8e-05, ⟨B·n⟩=1.3e-03, Len=sum([4.1, 4.0, 3.8, 3.7])=15.7, ϰ=[4.1, 4.0, 4.6, 3.9], ∫ϰ²/L>=[5.1, 5.1, 5.2, 5.4], C-C-Sep=0.10, ║∇J║=2.9e-04
Iteration 899/2000-----
currents: [100000.0, 99999.99999875743, 99999.99999889098, 99999.99999905903]
J=1.8e-05, ⟨Jf⟩=1.8e-05, ⟨B·n⟩=1.3e-03, Len=sum([4.1, 4.0, 3.8, 3.7])=15.7, ϰ=[4.1, 4.0, 4.6, 3.9], ∫ϰ²/L>=[5.1, 5.1, 5.2, 5.4], C-C-Sep=0.10, ║∇J║=2.6e-04
Iteration 900/2000-----
currents: [100000.0, 99999.9999987573, 99999.99999889087, 99999.9999990589]
J=1.8e-05, ⟨Jf⟩=1.8e-05, ⟨B·n⟩=1.3e-03, Len=sum([4.1, 4.0, 3.8, 3.7])=15.7, ϰ=[4.1, 4.0, 4.6, 3.9], ∫ϰ²/L>=[5.1, 5.1, 5.2, 5.4], C-C-Sep=0.10, ║∇J║=2.9e-04
Iteration 901/2000-----
currents: [100000.0, 99999.99999875663, 99999.99999889027, 99999.99999905823]
J=1.8e-05, ⟨Jf⟩=1.8e-05, ⟨B·n⟩=1.3e-03, Len=sum([4.1, 4.0, 3.8, 3.7])=15.7, ϰ=[4.1, 4.0, 4.6, 3.9], ∫ϰ²/L>=[5.1, 5.1, 5.2, 5.4], C-C-Sep=0.10, ║∇J║=6.4e-04
Iteration 902/2000-----
currents: [100000.0, 99999.99999875674, 99999.99999889039, 99999.99999905835]
J=1.8e-05, ⟨Jf⟩=1.8e-05, ⟨B·n⟩=1.3e-03, Len=sum([4.1, 4.0, 3.8, 3.7])=15.7, ϰ=[4.1, 4.0, 4.6, 3.9], ∫ϰ²/L>=[5.1, 5.1, 5.2, 5.4], C-C-Sep=0.10, ║∇J║=2.7e-04
Iteration 903/2000-----
currents: [100000.0, 99999.9999987563, 99999.99999888994, 99999.99999905792]
J=1.8e-05, ⟨Jf⟩=1.8e-05, ⟨B·n⟩=1.3e-03, Len=sum([4.1, 4.0, 3.8, 3.7])=15.7, ϰ=[4.1, 4.0, 4.5, 3.9], ∫ϰ²/L>=[5.1, 5.1, 5.2, 5.4], C-C-Sep=0.10, ║∇J║=2.9e-04
Iteration 904/2000-----
currents: [100000.0, 99999.99999875546, 99999.99999888915, 99999.99999905711]
J=1.8e-05, ⟨Jf⟩=1.8e-05, ⟨B·n⟩=1.3e-03, Len=sum([4.1, 4.0, 3.8, 3.7])=15.7, ϰ=[4.1, 4.0, 4.5, 4.0], ∫ϰ²/L>=[5.1, 5.1, 5.2, 5.4], C-C-Sep=0.10, ║∇J║=4.0e-04
Iteration 905/2000-----
currents: [100000.0, 99999.99999875421, 99999.99999888791, 99999.99999905586]
J=1.8e-05, ⟨Jf⟩=1.8e-05, ⟨B·n⟩=1.3e-03, Len=sum([4.1, 4.0, 3.8, 3.7])=15.7, ϰ=[4.1, 4.0, 4.5, 4.0], ∫ϰ²/L>=[5.1, 5.1, 5.2, 5.4], C-C-Sep=0.10, ║∇J║=5.0e-04
Iteration 906/2000-----
currents: [100000.0, 99999.9999987525, 99999.99999888627, 99999.99999905417]
J=1.8e-05, ⟨Jf⟩=1.8e-05, ⟨B·n⟩=1.3e-03, Len=sum([4.1, 4.0, 3.8, 3.7])=15.7, ϰ=[4.1, 4.1, 4.5, 4.0], ∫ϰ²/L>=[5.1, 5.1, 5.2, 5.4], C-C-Sep=0.10, ║∇J║=3.3e-04
Iteration 907/2000-----
currents: [100000.0, 99999.9999987524, 99999.99999888623, 99999.99999905407]
J=1.8e-05, ⟨Jf⟩=1.8e-05, ⟨B·n⟩=1.3e-03, Len=sum([4.1, 4.0, 3.8, 3.7])=15.7, ϰ=[4.2, 4.1, 4.5, 4.0], ∫ϰ²/L>=[5.1, 5.1, 5.2, 5.4], C-C-Sep=0.10, ║∇J║=4.3e-04
Iteration 908/2000-----
currents: [100000.0, 99999.99999875085, 99999.99999888481, 99999.99999905268]
J=1.8e-05, ⟨Jf⟩=1.8e-05, ⟨B·n⟩=1.3e-03, Len=sum([4.1, 4.0, 3.8, 3.7])=15.7, ϰ=[4.2, 4.1, 4.5, 4.0], ∫ϰ²/L>=[5.0, 5.1, 5.2, 5.4], C-C-Sep=0.10, ║∇J║=5.2e-04
Iteration 909/2000-----
currents: [100000.0, 99999.99999874941, 99999.99999888348, 99999.99999905142]
J=1.8e-05, ⟨Jf⟩=1.8e-05, ⟨B·n⟩=1.3e-03, Len=sum([4.1, 4.0, 3.8, 3.7])=15.7, ϰ=[4.2, 4.1, 4.4, 4.0], ∫ϰ²/L>=[5.0, 5.1, 5.2, 5.4], C-C-Sep=0.10, ║∇J║=5.8e-04
Iteration 910/2000-----
currents: [100000.0, 99999.99999874776, 99999.99999888193, 99999.99999904998]
J=1.8e-05, ⟨Jf⟩=1.8e-05, ⟨B·n⟩=1.3e-03, Len=sum([4.1, 4.0, 3.8, 3.7])=15.7, ϰ=[4.2, 4.1, 4.4, 4.0], ∫ϰ²/L>=[5.0, 5.1, 5.2, 5.4], C-C-Sep=0.10, ║∇J║=4.7e-04
Iteration 911/2000-----
currents: [100000.0, 99999.99999874632, 99999.99999888062, 99999.9999990487]
J=1.8e-05, ⟨Jf⟩=1.8e-05, ⟨B·n⟩=1.3e-03, Len=sum([4.1, 4.0, 3.8, 3.7])=15.7, ϰ=[4.2, 4.1, 4.3, 4.0], ∫ϰ²/L>=[5.0, 5.1, 5.2, 5.4], C-C-Sep=0.10, ║∇J║=5.0e-04
Iteration 912/2000-----
currents: [100000.0, 99999.9999987458, 99999.99999887998, 99999.99999904797]
J=1.8e-05, ⟨Jf⟩=1.8e-05, ⟨B·n⟩=1.3e-03, Len=sum([4.1, 4.0, 3.8, 3.7])=15.7, ϰ=[4.2, 4.1, 4.2, 4.0], ∫ϰ²/L>=[5.1, 5.1, 5.2, 5.4], C-C-Sep=0.10, ║∇J║=5.0e-04
Iteration 913/2000-----
currents: [100000.0, 99999.999998745, 99999.99999887914, 99999.99999904698]
J=1.8e-05, ⟨Jf⟩=1.8e-05, ⟨B·n⟩=1.3e-03, Len=sum([4.1, 4.0, 3.8, 3.7])=15.7, ϰ=[4.2, 4.1, 4.2, 4.0], ∫ϰ²/L>=[5.1, 5.1, 5.2, 5.4], C-C-Sep=0.10, ║∇J║=3.2e-04
Iteration 914/2000-----
currents: [100000.0, 99999.99999874528, 99999.99999887933, 99999.99999904704]
J=1.8e-05, ⟨Jf⟩=1.8e-05, ⟨B·n⟩=1.3e-03, Len=sum([4.1, 4.0, 3.8, 3.7])=15.7, ϰ=[4.2, 4.1, 4.2, 4.0], ∫ϰ²/L>=[5.1, 5.1, 5.2, 5.4], C-C-Sep=0.10, ║∇J║=2.7e-04
Iteration 915/2000-----
currents: [100000.0, 99999.999998745, 99999.99999887895, 99999.99999904651]
J=1.8e-05, ⟨Jf⟩=1.8e-05, ⟨B·n⟩=1.3e-03, Len=sum([4.1, 4.0, 3.8, 3.7])=15.7, ϰ=[4.2, 4.1, 4.2, 4.0], ∫ϰ²/L>=[5.1, 5.1, 5.2, 5.4], C-C-Sep=0.10, ║∇J║=2.9e-04
Iteration 916/2000-----
currents: [100000.0, 99999.99999874488, 99999.99999887872, 99999.99999904622]
J=1.8e-05, ⟨Jf⟩=1.8e-05, ⟨B·n⟩=1.3e-03, Len=sum([4.1, 4.0, 3.8, 3.7])=15.7, ϰ=[4.2, 4.1, 4.1, 3.9], ∫ϰ²/L>=[5.1, 5.1, 5.2, 5.4], C-C-Sep=0.10, ║∇J║=3.3e-04
Iteration 917/2000-----
currents: [100000.0, 99999.99999874485, 99999.99999887872, 99999.99999904627]
J=1.8e-05, ⟨Jf⟩=1.8e-05, ⟨B·n⟩=1.3e-03, Len=sum([4.1, 4.0, 3.8, 3.7])=15.7, ϰ=[4.2, 4.0, 4.1, 3.9], ∫ϰ²/L>=[5.1, 5.1, 5.2, 5.4], C-C-Sep=0.10, ║∇J║=2.3e-04
Iteration 918/2000-----
currents: [100000.0, 99999.99999874465, 99999.99999887856, 99999.99999904617]
J=1.8e-05, ⟨Jf⟩=1.8e-05, ⟨B·n⟩=1.3e-03, Len=sum([4.1, 4.0, 3.8, 3.7])=15.7, ϰ=[4.2, 4.0, 4.1, 3.9], ∫ϰ²/L>=[5.1, 5.1, 5.2, 5.4], C-C-Sep=0.10, ║∇J║=2.7e-04
Iteration 919/2000-----
currents: [100000.0, 99999.99999874391, 99999.99999887787, 99999.99999904551]
J=1.8e-05, ⟨Jf⟩=1.8e-05, ⟨B·n⟩=1.3e-03, Len=sum([4.1, 4.0, 3.8, 3.7])=15.7, ϰ=[4.2, 4.0, 4.1, 3.9], ∫ϰ²/L>=[5.1, 5.1, 5.2, 5.4], C-C-Sep=0.10, ║∇J║=3.8e-04
Iteration 920/2000-----
currents: [100000.0, 99999.99999874328, 99999.9999988774, 99999.99999904513]
J=1.8e-05, ⟨Jf⟩=1.8e-05, ⟨B·n⟩=1.3e-03, Len=sum([4.1, 4.0, 3.8, 3.7])=15.7, ϰ=[4.2, 4.0, 4.1, 3.9], ∫ϰ²/L>=[5.1, 5.1, 5.2, 5.4], C-C-Sep=0.10, ║∇J║=3.2e-04
Iteration 921/2000-----
currents: [100000.0, 99999.99999874215, 99999.99999887648, 99999.9999990442]
J=1.8e-05, ⟨Jf⟩=1.8e-05, ⟨B·n⟩=1.3e-03, Len=sum([4.1, 4.0, 3.8, 3.7])=15.7, ϰ=[4.2, 4.0, 4.1, 3.9], ∫ϰ²/L>=[5.1, 5.1, 5.2, 5.4], C-C-Sep=0.10, ║∇J║=4.9e-04
Iteration 922/2000-----
currents: [100000.0, 99999.99999874138, 99999.99999887582, 99999.99999904359]
J=1.8e-05, ⟨Jf⟩=1.8e-05, ⟨B·n⟩=1.3e-03, Len=sum([4.1, 4.0, 3.8, 3.7])=15.7, ϰ=[4.2, 4.0, 4.1, 3.9], ∫ϰ²/L>=[5.1, 5.1, 5.1, 5.4], C-C-Sep=0.10, ║∇J║=4.7e-04
Iteration 923/2000-----
currents: [100000.0, 99999.99999874037, 99999.99999887504, 99999.99999904282]
J=1.8e-05, ⟨Jf⟩=1.8e-05, ⟨B·n⟩=1.3e-03, Len=sum([4.1, 4.0, 3.8, 3.7])=15.7, ϰ=[4.2, 3.9, 4.1, 3.9], ∫ϰ²/L>=[5.1, 5.1, 5.1, 5.4], C-C-Sep=0.10, ║∇J║=4.7e-04
Iteration 924/2000-----
currents: [100000.0, 99999.99999873913, 99999.999998874, 99999.99999904184]
J=1.8e-05, ⟨Jf⟩=1.8e-05, ⟨B·n⟩=1.3e-03, Len=sum([4.1, 4.0, 3.8, 3.7])=15.7, ϰ=[4.2, 4.0, 4.1, 3.9], ∫ϰ²/L>=[5.1, 5.1, 5.1, 5.4], C-C-Sep=0.10, ║∇J║=6.3e-04
Iteration 925/2000-----
currents: [100000.0, 99999.9999987373, 99999.9999988723, 99999.99999904008]
J=1.8e-05, ⟨Jf⟩=1.8e-05, ⟨B·n⟩=1.3e-03, Len=sum([4.1, 4.0, 3.8, 3.7])=15.7, ϰ=[4.2, 4.0, 4.1, 3.9], ∫ϰ²/L>=[5.1, 5.1, 5.1, 5.4], C-C-Sep=0.10, ║∇J║=7.6e-04
Iteration 926/2000-----
currents: [100000.0, 99999.99999873778, 99999.99999887275, 99999.99999904053]
J=1.8e-05, ⟨Jf⟩=1.8e-05, ⟨B·n⟩=1.3e-03, Len=sum([4.1, 4.0, 3.8, 3.7])=15.7, ϰ=[4.2, 4.0, 4.1, 3.9], ∫ϰ²/L>=[5.0, 5.1, 5.1, 5.4], C-C-Sep=0.10, ║∇J║=3.8e-04
Iteration 927/2000-----
currents: [100000.0, 99999.99999873705, 99999.99999887196, 99999.99999903973]
J=1.8e-05, ⟨Jf⟩=1.8e-05, ⟨B·n⟩=1.3e-03, Len=sum([4.1, 4.0, 3.8, 3.7])=15.7, ϰ=[4.2, 4.0, 4.1, 3.9], ∫ϰ²/L>=[5.0, 5.1, 5.1, 5.4], C-C-Sep=0.10, ║∇J║=3.0e-04
Iteration 928/2000-----
currents: [100000.0, 99999.99999873688, 99999.99999887178, 99999.99999903952]
J=1.8e-05, ⟨Jf⟩=1.8e-05, ⟨B·n⟩=1.3e-03, Len=sum([4.1, 4.0, 3.8, 3.7])=15.7, ϰ=[4.2, 4.0, 4.1, 3.9], ∫ϰ²/L>=[5.0, 5.1, 5.1, 5.4], C-C-Sep=0.10, ║∇J║=3.3e-04
Iteration 929/2000-----
currents: [100000.0, 99999.9999987351, 99999.99999887009, 99999.99999903774]
J=1.8e-05, ⟨Jf⟩=1.8e-05, ⟨B·n⟩=1.3e-03, Len=sum([4.1, 4.0, 3.8, 3.7])=15.7, ϰ=[4.2, 4.0, 4.1, 3.9], ∫ϰ²/L>=[5.0, 5.1, 5.1, 5.4], C-C-Sep=0.10, ║∇J║=4.3e-04
Iteration 930/2000-----
currents: [100000.0, 99999.9999987345, 99999.99999886953, 99999.99999903719]
J=1.8e-05, ⟨Jf⟩=1.8e-05, ⟨B·n⟩=1.3e-03, Len=sum([4.1, 4.0, 3.8, 3.7])=15.7, ϰ=[4.2, 4.0, 4.1, 3.9], ∫ϰ²/L>=[5.0, 5.1, 5.1, 5.4], C-C-Sep=0.10, ║∇J║=3.0e-04
Iteration 931/2000-----
currents: [100000.0, 99999.99999873452, 99999.99999886967, 99999.99999903733]
J=1.8e-05, ⟨Jf⟩=1.8e-05, ⟨B·n⟩=1.3e-03, Len=sum([4.1, 4.0, 3.8, 3.7])=15.7, ϰ=[4.2, 4.0, 4.1, 3.9], ∫ϰ²/L>=[5.0, 5.1, 5.1, 5.4], C-C-Sep=0.10, ║∇J║=2.8e-04
Iteration 932/2000-----
currents: [100000.0, 99999.99999873393, 99999.99999886921, 99999.99999903688]
J=1.8e-05, ⟨Jf⟩=1.8e-05, ⟨B·n⟩=1.3e-03, Len=sum([4.1, 4.0, 3.8, 3.7])=15.7, ϰ=[4.2, 4.0, 4.1, 3.9], ∫ϰ²/L>=[5.1, 5.1, 5.1, 5.4], C-C-Sep=0.10, ║∇J║=3.1e-04
Iteration 933/2000-----
currents: [100000.0, 99999.9999987332, 99999.99999886878, 99999.99999903653]
J=1.8e-05, ⟨Jf⟩=1.8e-05, ⟨B·n⟩=1.3e-03, Len=sum([4.1, 4.0, 3.8, 3.7])=15.7, ϰ=[4.3, 4.0, 4.1, 3.9], ∫ϰ²/L>=[5.1, 5.1, 5.1, 5.3], C-C-Sep=0.10, ║∇J║=5.8e-04
Iteration 934/2000-----
currents: [100000.0, 99999.99999873288, 99999.99999886838, 99999.99999903614]
J=1.8e-05, ⟨Jf⟩=1.8e-05, ⟨B·n⟩=1.3e-03, Len=sum([4.1, 4.0, 3.8, 3.7])=15.7, ϰ=[4.3, 4.0, 4.1, 3.9], ∫ϰ²/L>=[5.1, 5.1, 5.1, 5.3], C-C-Sep=0.10, ║∇J║=2.6e-04
Iteration 935/2000-----
currents: [100000.0, 99999.99999873238, 99999.99999886785, 99999.9999990356]
J=1.8e-05, ⟨Jf⟩=1.8e-05, ⟨B·n⟩=1.3e-03, Len=sum([4.1, 4.0, 3.8, 3.7])=15.7, ϰ=[4.3, 4.0, 4.1, 3.9], ∫ϰ²/L>=[5.1, 5.1, 5.1, 5.4], C-C-Sep=0.10, ║∇J║=2.4e-04
Iteration 936/2000-----
currents: [100000.0, 99999.99999873174, 99999.9999988672, 99999.99999903503]
J=1.8e-05, ⟨Jf⟩=1.8e-05, ⟨B·n⟩=1.3e-03, Len=sum([4.1, 4.0, 3.8, 3.7])=15.7, ϰ=[4.3, 4.0, 4.1, 3.9], ∫ϰ²/L>=[5.0, 5.1, 5.1, 5.4], C-C-Sep=0.10, ║∇J║=2.1e-04
Iteration 937/2000-----
currents: [100000.0, 99999.99999873144, 99999.99999886689, 99999.99999903479]
J=1.8e-05, ⟨Jf⟩=1.8e-05, ⟨B·n⟩=1.3e-03, Len=sum([4.1, 4.0, 3.8, 3.7])=15.7, ϰ=[4.3, 4.0, 4.1, 3.8], ∫ϰ²/L>=[5.0, 5.1, 5.2, 5.4], C-C-Sep=0.10, ║∇J║=2.7e-04
Iteration 938/2000-----
currents: [100000.0, 99999.99999873117, 99999.99999886651, 99999.99999903452]
J=1.8e-05, ⟨Jf⟩=1.8e-05, ⟨B·n⟩=1.3e-03, Len=sum([4.1, 4.0, 3.8, 3.7])=15.7, ϰ=[4.2, 4.0, 4.1, 3.8], ∫ϰ²/L>=[5.0, 5.1, 5.2, 5.3], C-C-Sep=0.10, ║∇J║=3.5e-04
Iteration 939/2000-----
currents: [100000.0, 99999.99999873032, 99999.99999886565, 99999.99999903377]
J=1.8e-05, ⟨Jf⟩=1.8e-05, ⟨B·n⟩=1.3e-03, Len=sum([4.1, 4.0, 3.8, 3.7])=15.7, ϰ=[4.2, 4.1, 4.1, 3.8], ∫ϰ²/L>=[5.0, 5.1, 5.2, 5.3], C-C-Sep=0.10, ║∇J║=3.5e-04
Iteration 940/2000-----
currents: [100000.0, 99999.99999873008, 99999.99999886531, 99999.9999990335]
J=1.8e-05, ⟨Jf⟩=1.8e-05, ⟨B·n⟩=1.3e-03, Len=sum([4.1, 4.0, 3.8, 3.7])=15.7, ϰ=[4.2, 4.1, 4.1, 3.9], ∫ϰ²/L>=[5.0, 5.1, 5.2, 5.3], C-C-Sep=0.10, ║∇J║=5.1e-04
Iteration 941/2000-----
currents: [100000.0, 99999.9999987303, 99999.9999988653, 99999.99999903353]
J=1.8e-05, ⟨Jf⟩=1.8e-05, ⟨B·n⟩=1.3e-03, Len=sum([4.1, 4.0, 3.8, 3.7])=15.7, ϰ=[4.2, 4.1, 4.1, 3.9], ∫ϰ²/L>=[5.0, 5.1, 5.2, 5.3], C-C-Sep=0.10, ║∇J║=4.0e-04
Iteration 942/2000-----
currents: [100000.0, 99999.99999872975, 99999.99999886465, 99999.99999903295]
J=1.8e-05, ⟨Jf⟩=1.8e-05, ⟨B·n⟩=1.3e-03, Len=sum([4.1, 4.0, 3.8, 3.7])=15.7, ϰ=[4.2, 4.1, 4.1, 3.9], ∫ϰ²/L>=[5.0, 5.1, 5.2, 5.3], C-C-Sep=0.10, ║∇J║=3.6e-04
Iteration 943/2000-----
currents: [100000.0, 99999.99999872892, 99999.99999886389, 99999.9999990323]
J=1.8e-05, ⟨Jf⟩=1.8e-05, ⟨B·n⟩=1.3e-03, Len=sum([4.1, 4.0, 3.8, 3.7])=15.7, ϰ=[4.2, 4.1, 4.1, 3.9], ∫ϰ²/L>=[5.0, 5.1, 5.2, 5.3], C-C-Sep=0.10, ║∇J║=4.9e-04
Iteration 944/2000-----
currents: [100000.0, 99999.99999872848, 99999.99999886347, 99999.99999903196]
J=1.8e-05, ⟨Jf⟩=1.8e-05, ⟨B·n⟩=1.3e-03, Len=sum([4.1, 4.0, 3.8, 3.7])=15.7, ϰ=[4.2, 4.1, 4.1, 3.9], ∫ϰ²/L>=[5.0, 5.1, 5.2, 5.3], C-C-Sep=0.10, ║∇J║=3.6e-04
Iteration 945/2000-----
currents: [100000.0, 99999.99999872754, 99999.99999886281, 99999.99999903142]
J=1.8e-05, ⟨Jf⟩=1.8e-05, ⟨B·n⟩=1.3e-03, Len=sum([4.1, 4.0, 3.8, 3.7])=15.7, ϰ=[4.2, 4.1, 4.1, 3.9], ∫ϰ²/L>=[5.0, 5.1, 5.2, 5.3], C-C-Sep=0.10, ║∇J║=2.8e-04
Iteration 946/2000-----
currents: [100000.0, 99999.99999872642, 99999.99999886194, 99999.99999903071]
J=1.8e-05, ⟨Jf⟩=1.8e-05, ⟨B·n⟩=1.3e-03, Len=sum([4.1, 4.0, 3.8, 3.7])=15.7, ϰ=[4.2, 4.2, 4.1, 3.9], ∫ϰ²/L>=[5.0, 5.1, 5.2, 5.3], C-C-Sep=0.10, ║∇J║=3.8e-04
Iteration 947/2000-----
currents: [100000.0, 99999.99999872595, 99999.99999886163, 99999.99999903046]
J=1.8e-05, ⟨Jf⟩=1.8e-05, ⟨B·n⟩=1.3e-03, Len=sum([4.1, 4.0, 3.8, 3.7])=15.7, ϰ=[4.2, 4.2, 4.1, 3.9], ∫ϰ²/L>=[5.0, 5.1, 5.2, 5.3], C-C-Sep=0.10, ║∇J║=3.7e-04
Iteration 948/2000-----
currents: [100000.0, 99999.999998726, 99999.99999886162, 99999.99999903045]
J=1.8e-05, ⟨Jf⟩=1.8e-05, ⟨B·n⟩=1.3e-03, Len=sum([4.1, 4.0, 3.8, 3.7])=15.7, ϰ=[4.3, 4.2, 4.1, 3.9], ∫ϰ²/L>=[5.0, 5.1, 5.2, 5.3], C-C-Sep=0.10, ║∇J║=1.7e-04
Iteration 949/2000-----
currents: [100000.0, 99999.99999872605, 99999.99999886155, 99999.99999903038]
J=1.8e-05, ⟨Jf⟩=1.8e-05, ⟨B·n⟩=1.3e-03, Len=sum([4.1, 4.0, 3.8, 3.7])=15.7, ϰ=[4.2, 4.2, 4.1, 3.9], ∫ϰ²/L>=[5.0, 5.1, 5.2, 5.3], C-C-Sep=0.10, ║∇J║=1.5e-04
Iteration 950/2000-----
currents: [100000.0, 99999.99999872626, 99999.99999886166, 99999.99999903051]
J=1.8e-05, ⟨Jf⟩=1.8e-05, ⟨B·n⟩=1.3e-03, Len=sum([4.1, 4.0, 3.8, 3.7])=15.7, ϰ=[4.3, 4.2, 4.1, 3.9], ∫ϰ²/L>=[5.0, 5.1, 5.2, 5.3], C-C-Sep=0.10, ║∇J║=2.0e-04
Iteration 951/2000-----
currents: [100000.0, 99999.99999872658, 99999.99999886178, 99999.99999903065]
J=1.8e-05, ⟨Jf⟩=1.8e-05, ⟨B·n⟩=1.3e-03, Len=sum([4.1, 4.0, 3.8, 3.7])=15.7, ϰ=[4.3, 4.2, 4.1, 3.9], ∫ϰ²/L>=[5.0, 5.1, 5.2, 5.3], C-C-Sep=0.10, ║∇J║=3.5e-04
Iteration 952/2000-----
currents: [100000.0, 99999.99999872639, 99999.9999988617, 99999.99999903057]
J=1.8e-05, ⟨Jf⟩=1.8e-05, ⟨B·n⟩=1.3e-03, Len=sum([4.1, 4.0, 3.8, 3.7])=15.7, ϰ=[4.3, 4.2, 4.1, 3.9], ∫ϰ²/L>=[5.0, 5.1, 5.2, 5.3], C-C-Sep=0.10, ║∇J║=2.1e-04
Iteration 953/2000-----
currents: [100000.0, 99999.99999872608, 99999.99999886131, 99999.9999990302]
J=1.8e-05, ⟨Jf⟩=1.8e-05, ⟨B·n⟩=1.3e-03, Len=sum([4.1, 4.0, 3.8, 3.7])=15.7, ϰ=[4.3, 4.1, 4.1, 3.9], ∫ϰ²/L>=[5.0, 5.1, 5.2, 5.3], C-C-Sep=0.10, ║∇J║=2.9e-04
Iteration 954/2000-----
currents: [100000.0, 99999.99999872578, 99999.99999886098, 99999.99999902993]
J=1.8e-05, ⟨Jf⟩=1.8e-05, ⟨B·n⟩=1.3e-03, Len=sum([4.1, 4.0, 3.8, 3.7])=15.7, ϰ=[4.3, 4.1, 4.1, 3.9], ∫ϰ²/L>=[5.0, 5.1, 5.2, 5.3], C-C-Sep=0.10, ║∇J║=2.8e-04
Iteration 955/2000-----
currents: [100000.0, 99999.99999872586, 99999.99999886112, 99999.99999903009]
J=1.8e-05, ⟨Jf⟩=1.8e-05, ⟨B·n⟩=1.3e-03, Len=sum([4.1, 4.0, 3.8, 3.7])=15.7, ϰ=[4.3, 4.2, 4.1, 3.9], ∫ϰ²/L>=[5.0, 5.1, 5.2, 5.3], C-C-Sep=0.10, ║∇J║=2.2e-04
Iteration 956/2000-----
currents: [100000.0, 99999.99999872489, 99999.99999886031, 99999.99999902933]
J=1.8e-05, ⟨Jf⟩=1.8e-05, ⟨B·n⟩=1.3e-03, Len=sum([4.1, 4.0, 3.8, 3.7])=15.7, ϰ=[4.3, 4.1, 4.1, 3.9], ∫ϰ²/L>=[5.0, 5.1, 5.2, 5.3], C-C-Sep=0.10, ║∇J║=2.8e-04
Iteration 957/2000-----
currents: [100000.0, 99999.99999872175, 99999.99999885751, 99999.99999902674]
J=1.8e-05, ⟨Jf⟩=1.8e-05, ⟨B·n⟩=1.3e-03, Len=sum([4.1, 4.0, 3.8, 3.7])=15.7, ϰ=[4.3, 4.1, 4.0, 3.9], ∫ϰ²/L>=[5.0, 5.1, 5.2, 5.3], C-C-Sep=0.10, ║∇J║=4.9e-04
Iteration 958/2000-----
currents: [100000.0, 99999.99999871994, 99999.99999885568, 99999.99999902508]
J=1.8e-05, ⟨Jf⟩=1.8e-05, ⟨B·n⟩=1.3e-03, Len=sum([4.1, 4.0, 3.8, 3.7])=15.7, ϰ=[4.4, 4.0, 4.0, 3.9], ∫ϰ²/L>=[5.1, 5.1, 5.2, 5.3], C-C-Sep=0.10, ║∇J║=7.6e-04
Iteration 959/2000-----
currents: [100000.0, 99999.99999871952, 99999.99999885538, 99999.99999902483]
J=1.8e-05, ⟨Jf⟩=1.8e-05, ⟨B·n⟩=1.3e-03, Len=sum([4.1, 4.0, 3.8, 3.7])=15.7, ϰ=[4.4, 4.0, 4.0, 3.9], ∫ϰ²/L>=[5.0, 5.1, 5.2, 5.3], C-C-Sep=0.10, ║∇J║=3.8e-04
Iteration 960/2000-----
currents: [100000.0, 99999.99999871911, 99999.99999885497, 99999.9999990245]
J=1.8e-05, ⟨Jf⟩=1.8e-05, ⟨B·n⟩=1.3e-03, Len=sum([4.1, 4.0, 3.8, 3.7])=15.7, ϰ=[4.4, 4.1, 4.0, 3.9], ∫ϰ²/L>=[5.0, 5.1, 5.2, 5.3], C-C-Sep=0.10, ║∇J║=2.7e-04
Iteration 961/2000-----
currents: [100000.0, 99999.99999871854, 99999.99999885456, 99999.99999902422]
J=1.8e-05, ⟨Jf⟩=1.8e-05, ⟨B·n⟩=1.3e-03, Len=sum([4.1, 4.0, 3.8, 3.7])=15.7, ϰ=[4.4, 4.1, 4.0, 3.9], ∫ϰ²/L>=[5.0, 5.1, 5.2, 5.3], C-C-Sep=0.10, ║∇J║=3.2e-04
Iteration 962/2000-----
currents: [100000.0, 99999.99999871782, 99999.99999885398, 99999.99999902386]
J=1.8e-05, ⟨Jf⟩=1.8e-05, ⟨B·n⟩=1.3e-03, Len=sum([4.1, 4.0, 3.8, 3.7])=15.7, ϰ=[4.4, 4.1, 4.0, 3.9], ∫ϰ²/L>=[5.1, 5.1, 5.2, 5.3], C-C-Sep=0.10, ║∇J║=4.7e-04
Iteration 963/2000-----
currents: [100000.0, 99999.99999871774, 99999.99999885411, 99999.99999902406]
J=1.8e-05, ⟨Jf⟩=1.8e-05, ⟨B·n⟩=1.3e-03, Len=sum([4.1, 4.0, 3.8, 3.7])=15.7, ϰ=[4.4, 4.1, 4.0, 3.9], ∫ϰ²/L>=[5.1, 5.1, 5.2, 5.3], C-C-Sep=0.10, ║∇J║=2.5e-04
Iteration 964/2000-----
currents: [100000.0, 99999.9999987187, 99999.99999885508, 99999.99999902504]
J=1.8e-05, ⟨Jf⟩=1.8e-05, ⟨B·n⟩=1.3e-03, Len=sum([4.1, 4.0, 3.8, 3.7])=15.7, ϰ=[4.4, 4.1, 4.0, 3.9], ∫ϰ²/L>=[5.1, 5.1, 5.1, 5.3], C-C-Sep=0.10, ║∇J║=2.4e-04
Iteration 965/2000-----
currents: [100000.0, 99999.99999871886, 99999.99999885527, 99999.99999902524]
J=1.8e-05, ⟨Jf⟩=1.8e-05, ⟨B·n⟩=1.3e-03, Len=sum([4.1, 4.0, 3.8, 3.7])=15.7, ϰ=[4.4, 4.1, 4.0, 3.9], ∫ϰ²/L>=[5.1, 5.1, 5.1, 5.3], C-C-Sep=0.10, ║∇J║=2.5e-04
Iteration 966/2000-----
currents: [100000.0, 99999.99999871888, 99999.99999885536, 99999.99999902536]
J=1.8e-05, ⟨Jf⟩=1.8e-05, ⟨B·n⟩=1.3e-03, Len=sum([4.1, 4.0, 3.8, 3.7])=15.7, ϰ=[4.4, 4.1, 4.0, 3.9], ∫ϰ²/L>=[5.1, 5.1, 5.1, 5.3], C-C-Sep=0.10, ║∇J║=2.5e-04
Iteration 967/2000-----
currents: [100000.0, 99999.99999871934, 99999.9999988557, 99999.99999902569]
J=1.8e-05, ⟨Jf⟩=1.8e-05, ⟨B·n⟩=1.3e-03, Len=sum([4.1, 4.0, 3.8, 3.7])=15.7, ϰ=[4.4, 4.1, 4.0, 3.9], ∫ϰ²/L>=[5.1, 5.1, 5.1, 5.3], C-C-Sep=0.10, ║∇J║=2.0e-04
Iteration 968/2000-----
currents: [100000.0, 99999.99999871911, 99999.99999885546, 99999.99999902549]
J=1.8e-05, ⟨Jf⟩=1.8e-05, ⟨B·n⟩=1.3e-03, Len=sum([4.1, 4.0, 3.8, 3.7])=15.7, ϰ=[4.4, 4.1, 4.0, 3.9], ∫ϰ²/L>=[5.1, 5.1, 5.1, 5.3], C-C-Sep=0.10, ║∇J║=2.1e-04
Iteration 969/2000-----
currents: [100000.0, 99999.99999871913, 99999.99999885545, 99999.99999902549]
J=1.8e-05, ⟨Jf⟩=1.8e-05, ⟨B·n⟩=1.3e-03, Len=sum([4.1, 4.0, 3.8, 3.7])=15.7, ϰ=[4.4, 4.1, 4.0, 3.9], ∫ϰ²/L>=[5.1, 5.1, 5.1, 5.3], C-C-Sep=0.10, ║∇J║=2.8e-04
Iteration 970/2000-----
currents: [100000.0, 99999.99999871905, 99999.99999885533, 99999.99999902537]
J=1.8e-05, ⟨Jf⟩=1.8e-05, ⟨B·n⟩=1.3e-03, Len=sum([4.1, 4.0, 3.8, 3.7])=15.7, ϰ=[4.4, 4.1, 4.0, 3.9], ∫ϰ²/L>=[5.1, 5.1, 5.1, 5.3], C-C-Sep=0.10, ║∇J║=2.3e-04
Iteration 971/2000-----
currents: [100000.0, 99999.99999871867, 99999.99999885503, 99999.99999902512]
J=1.8e-05, ⟨Jf⟩=1.8e-05, ⟨B·n⟩=1.3e-03, Len=sum([4.1, 4.0, 3.8, 3.7])=15.7, ϰ=[4.4, 4.1, 4.0, 3.9], ∫ϰ²/L>=[5.1, 5.1, 5.1, 5.3], C-C-Sep=0.10, ║∇J║=2.9e-04
Iteration 972/2000-----
currents: [100000.0, 99999.99999871783, 99999.99999885425, 99999.99999902444]
J=1.8e-05, ⟨Jf⟩=1.8e-05, ⟨B·n⟩=1.3e-03, Len=sum([4.1, 4.0, 3.8, 3.7])=15.7, ϰ=[4.4, 4.1, 4.0, 3.9], ∫ϰ²/L>=[5.1, 5.1, 5.1, 5.3], C-C-Sep=0.10, ║∇J║=4.3e-04
Iteration 973/2000-----
currents: [100000.0, 99999.99999871658, 99999.99999885318, 99999.99999902342]
J=1.8e-05, ⟨Jf⟩=1.8e-05, ⟨B·n⟩=1.3e-03, Len=sum([4.1, 4.0, 3.8, 3.7])=15.7, ϰ=[4.4, 4.1, 4.0, 3.9], ∫ϰ²/L>=[5.1, 5.1, 5.1, 5.3], C-C-Sep=0.10, ║∇J║=3.6e-04
Iteration 974/2000-----
currents: [100000.0, 99999.99999871448, 99999.99999885142, 99999.99999902185]
J=1.8e-05, ⟨Jf⟩=1.8e-05, ⟨B·n⟩=1.3e-03, Len=sum([4.1, 4.0, 3.8, 3.7])=15.7, ϰ=[4.4, 4.1, 4.1, 4.0], ∫ϰ²/L>=[5.1, 5.1, 5.1, 5.3], C-C-Sep=0.10, ║∇J║=3.0e-04
Iteration 975/2000-----
currents: [100000.0, 99999.99999871146, 99999.99999884883, 99999.99999901932]
J=1.8e-05, ⟨Jf⟩=1.8e-05, ⟨B·n⟩=1.3e-03, Len=sum([4.1, 4.0, 3.8, 3.7])=15.7, ϰ=[4.4, 4.0, 4.1, 4.0], ∫ϰ²/L>=[5.1, 5.1, 5.1, 5.3], C-C-Sep=0.10, ║∇J║=5.2e-04
Iteration 976/2000-----
currents: [100000.0, 99999.9999987116, 99999.99999884884, 99999.99999901939]
J=1.8e-05, ⟨Jf⟩=1.8e-05, ⟨B·n⟩=1.3e-03, Len=sum([4.1, 4.0, 3.8, 3.7])=15.7, ϰ=[4.4, 4.0, 4.1, 4.0], ∫ϰ²/L>=[5.1, 5.1, 5.1, 5.3], C-C-Sep=0.10, ║∇J║=4.6e-04
Iteration 977/2000-----
currents: [100000.0, 99999.99999871202, 99999.99999884932, 99999.99999901987]
J=1.8e-05, ⟨Jf⟩=1.8e-05, ⟨B·n⟩=1.3e-03, Len=sum([4.1, 4.0, 3.8, 3.7])=15.7, ϰ=[4.4, 4.0, 4.1, 4.0], ∫ϰ²/L>=[5.1, 5.1, 5.1, 5.3], C-C-Sep=0.10, ║∇J║=2.2e-04
Iteration 978/2000-----
currents: [100000.0, 99999.99999871229, 99999.99999884954, 99999.99999902007]
J=1.8e-05, ⟨Jf⟩=1.8e-05, ⟨B·n⟩=1.3e-03, Len=sum([4.1, 4.0, 3.8, 3.7])=15.7, ϰ=[4.4, 4.0, 4.1, 4.0], ∫ϰ²/L>=[5.1, 5.1, 5.1, 5.3], C-C-Sep=0.10, ║∇J║=1.8e-04
Iteration 979/2000-----
currents: [100000.0, 99999.99999871191, 99999.9999988492, 99999.99999901986]
J=1.8e-05, ⟨Jf⟩=1.8e-05, ⟨B·n⟩=1.3e-03, Len=sum([4.1, 4.0, 3.8, 3.7])=15.7, ϰ=[4.4, 4.0, 4.2, 4.0], ∫ϰ²/L>=[5.1, 5.1, 5.1, 5.3], C-C-Sep=0.10, ║∇J║=3.7e-04
Iteration 980/2000-----
currents: [100000.0, 99999.99999871217, 99999.99999884944, 99999.99999902002]
J=1.8e-05, ⟨Jf⟩=1.8e-05, ⟨B·n⟩=1.3e-03, Len=sum([4.1, 4.0, 3.8, 3.7])=15.7, ϰ=[4.4, 4.0, 4.1, 4.0], ∫ϰ²/L>=[5.1, 5.1, 5.1, 5.3], C-C-Sep=0.10, ║∇J║=1.8e-04
Iteration 981/2000-----
currents: [100000.0, 99999.99999871138, 99999.99999884878, 99999.99999901939]
J=1.8e-05, ⟨Jf⟩=1.8e-05, ⟨B·n⟩=1.3e-03, Len=sum([4.1, 4.0, 3.8, 3.7])=15.7, ϰ=[4.4, 3.9, 4.2, 4.1], ∫ϰ²/L>=[5.1, 5.1, 5.1, 5.3], C-C-Sep=0.10, ║∇J║=5.4e-04
Iteration 982/2000-----
currents: [100000.0, 99999.99999871127, 99999.99999884862, 99999.99999901924]
J=1.8e-05, ⟨Jf⟩=1.8e-05, ⟨B·n⟩=1.3e-03, Len=sum([4.1, 4.0, 3.8, 3.7])=15.7, ϰ=[4.4, 3.9, 4.2, 4.1], ∫ϰ²/L>=[5.1, 5.1, 5.1, 5.3], C-C-Sep=0.10, ║∇J║=2.2e-04
Iteration 983/2000-----
currents: [100000.0, 99999.99999871165, 99999.9999988489, 99999.99999901954]
J=1.8e-05, ⟨Jf⟩=1.8e-05, ⟨B·n⟩=1.3e-03, Len=sum([4.1, 4.0, 3.8, 3.7])=15.7, ϰ=[4.4, 3.9, 4.2, 4.1], ∫ϰ²/L>=[5.1, 5.1, 5.1, 5.3], C-C-Sep=0.10, ║∇J║=1.6e-04
Iteration 984/2000-----
currents: [100000.0, 99999.99999871185, 99999.99999884902, 99999.9999990197]
J=1.8e-05, ⟨Jf⟩=1.8e-05, ⟨B·n⟩=1.3e-03, Len=sum([4.1, 4.0, 3.8, 3.7])=15.7, ϰ=[4.4, 3.9, 4.2, 4.1], ∫ϰ²/L>=[5.1, 5.1, 5.1, 5.3], C-C-Sep=0.10, ║∇J║=2.0e-04
Iteration 985/2000-----
currents: [100000.0, 99999.9999987123, 99999.9999988494, 99999.99999902012]
J=1.8e-05, ⟨Jf⟩=1.8e-05, ⟨B·n⟩=1.3e-03, Len=sum([4.1, 4.0, 3.8, 3.7])=15.7, ϰ=[4.4, 4.0, 4.2, 4.1], ∫ϰ²/L>=[5.1, 5.1, 5.1, 5.3], C-C-Sep=0.10, ║∇J║=3.8e-04
Iteration 986/2000-----
currents: [100000.0, 99999.99999871202, 99999.99999884907, 99999.9999990199]
J=1.8e-05, ⟨Jf⟩=1.8e-05, ⟨B·n⟩=1.3e-03, Len=sum([4.1, 4.0, 3.8, 3.7])=15.7, ϰ=[4.4, 3.9, 4.2, 4.1], ∫ϰ²/L>=[5.1, 5.1, 5.1, 5.3], C-C-Sep=0.10, ║∇J║=3.6e-04
Iteration 987/2000-----
currents: [100000.0, 99999.99999871003, 99999.99999884743, 99999.9999990184]
J=1.8e-05, ⟨Jf⟩=1.8e-05, ⟨B·n⟩=1.3e-03, Len=sum([4.1, 4.0, 3.8, 3.7])=15.7, ϰ=[4.4, 3.9, 4.2, 4.1], ∫ϰ²/L>=[5.1, 5.1, 5.1, 5.3], C-C-Sep=0.10, ║∇J║=3.0e-04
Iteration 988/2000-----
currents: [100000.0, 99999.99999870764, 99999.99999884557, 99999.99999901668]
J=1.8e-05, ⟨Jf⟩=1.8e-05, ⟨B·n⟩=1.3e-03, Len=sum([4.1, 4.0, 3.8, 3.7])=15.7, ϰ=[4.4, 3.9, 4.2, 4.1], ∫ϰ²/L>=[5.1, 5.1, 5.1, 5.3], C-C-Sep=0.10, ║∇J║=3.7e-04
Iteration 989/2000-----
currents: [100000.0, 99999.99999870596, 99999.99999884414, 99999.99999901548]
J=1.8e-05, ⟨Jf⟩=1.8e-05, ⟨B·n⟩=1.3e-03, Len=sum([4.1, 4.0, 3.8, 3.7])=15.7, ϰ=[4.4, 3.9, 4.2, 4.1], ∫ϰ²/L>=[5.1, 5.1, 5.1, 5.3], C-C-Sep=0.10, ║∇J║=7.2e-04
Iteration 990/2000-----
currents: [100000.0, 99999.99999870552, 99999.99999884372, 99999.99999901507]
J=1.8e-05, ⟨Jf⟩=1.8e-05, ⟨B·n⟩=1.3e-03, Len=sum([4.1, 4.0, 3.8, 3.7])=15.7, ϰ=[4.4, 3.9, 4.1, 4.1], ∫ϰ²/L>=[5.1, 5.1, 5.1, 5.3], C-C-Sep=0.10, ║∇J║=3.1e-04
Iteration 991/2000-----
currents: [100000.0, 99999.99999870596, 99999.99999884408, 99999.99999901543]
J=1.8e-05, ⟨Jf⟩=1.8e-05, ⟨B·n⟩=1.3e-03, Len=sum([4.1, 4.0, 3.8, 3.7])=15.7, ϰ=[4.4, 3.9, 4.2, 4.1], ∫ϰ²/L>=[5.1, 5.1, 5.1, 5.3], C-C-Sep=0.10, ║∇J║=2.5e-04
Iteration 992/2000-----
currents: [100000.0, 99999.99999870523, 99999.99999884336, 99999.9999990148]
J=1.8e-05, ⟨Jf⟩=1.8e-05, ⟨B·n⟩=1.3e-03, Len=sum([4.1, 4.0, 3.8, 3.7])=15.7, ϰ=[4.4, 3.9, 4.2, 4.1], ∫ϰ²/L>=[5.1, 5.1, 5.1, 5.3], C-C-Sep=0.10, ║∇J║=3.1e-04
Iteration 993/2000-----
currents: [100000.0, 99999.99999870463, 99999.99999884288, 99999.99999901441]
J=1.8e-05, ⟨Jf⟩=1.8e-05, ⟨B·n⟩=1.3e-03, Len=sum([4.1, 4.0, 3.8, 3.7])=15.7, ϰ=[4.4, 3.9, 4.2, 4.1], ∫ϰ²/L>=[5.1, 5.1, 5.1, 5.3], C-C-Sep=0.10, ║∇J║=4.2e-04
Iteration 994/2000-----
currents: [100000.0, 99999.99999870428, 99999.9999988426, 99999.99999901418]
J=1.8e-05, ⟨Jf⟩=1.8e-05, ⟨B·n⟩=1.3e-03, Len=sum([4.1, 4.0, 3.8, 3.7])=15.7, ϰ=[4.4, 3.9, 4.2, 4.1], ∫ϰ²/L>=[5.1, 5.1, 5.2, 5.3], C-C-Sep=0.10, ║∇J║=2.1e-04
Iteration 995/2000-----
currents: [100000.0, 99999.99999870392, 99999.99999884231, 99999.99999901392]
J=1.8e-05, ⟨Jf⟩=1.8e-05, ⟨B·n⟩=1.3e-03, Len=sum([4.1, 4.0, 3.8, 3.7])=15.7, ϰ=[4.4, 3.9, 4.2, 4.1], ∫ϰ²/L>=[5.1, 5.1, 5.1, 5.3], C-C-Sep=0.10, ║∇J║=1.9e-04
Iteration 996/2000-----
currents: [100000.0, 99999.99999870395, 99999.99999884238, 99999.999999014]
J=1.8e-05, ⟨Jf⟩=1.8e-05, ⟨B·n⟩=1.3e-03, Len=sum([4.1, 4.0, 3.8, 3.7])=15.7, ϰ=[4.4, 3.9, 4.2, 4.1], ∫ϰ²/L>=[5.1, 5.1, 5.1, 5.3], C-C-Sep=0.10, ║∇J║=2.0e-04
Iteration 997/2000-----
currents: [100000.0, 99999.99999870332, 99999.999998842, 99999.99999901371]
J=1.8e-05, ⟨Jf⟩=1.8e-05, ⟨B·n⟩=1.3e-03, Len=sum([4.1, 4.0, 3.8, 3.7])=15.7, ϰ=[4.4, 3.9, 4.2, 4.1], ∫ϰ²/L>=[5.1, 5.1, 5.1, 5.3], C-C-Sep=0.10, ║∇J║=2.7e-04
Iteration 998/2000-----
currents: [100000.0, 99999.99999870312, 99999.9999988419, 99999.99999901367]
J=1.8e-05, ⟨Jf⟩=1.8e-05, ⟨B·n⟩=1.3e-03, Len=sum([4.1, 4.0, 3.8, 3.7])=15.7, ϰ=[4.4, 3.9, 4.2, 4.1], ∫ϰ²/L>=[5.1, 5.1, 5.1, 5.3], C-C-Sep=0.10, ║∇J║=2.2e-04
Iteration 999/2000-----
currents: [100000.0, 99999.99999870258, 99999.9999988415, 99999.99999901337]
J=1.8e-05, ⟨Jf⟩=1.8e-05, ⟨B·n⟩=1.3e-03, Len=sum([4.1, 4.0, 3.8, 3.7])=15.7, ϰ=[4.4, 3.9, 4.2, 4.1], ∫ϰ²/L>=[5.1, 5.1, 5.1, 5.3], C-C-Sep=0.10, ║∇J║=2.0e-04
Iteration 1000/2000-----
currents: [100000.0, 99999.9999987017, 99999.99999884085, 99999.9999990129]
J=1.8e-05, ⟨Jf⟩=1.8e-05, ⟨B·n⟩=1.3e-03, Len=sum([4.1, 4.0, 3.8, 3.7])=15.7, ϰ=[4.4, 3.9, 4.2, 4.1], ∫ϰ²/L>=[5.1, 5.1, 5.1, 5.3], C-C-Sep=0.10, ║∇J║=2.6e-04
Iteration 1001/2000-----
currents: [100000.0, 99999.99999870056, 99999.99999884, 99999.99999901223]
J=1.8e-05, ⟨Jf⟩=1.8e-05, ⟨B·n⟩=1.3e-03, Len=sum([4.1, 4.0, 3.8, 3.7])=15.7, ϰ=[4.4, 3.9, 4.2, 4.1], ∫ϰ²/L>=[5.1, 5.1, 5.1, 5.3], C-C-Sep=0.10, ║∇J║=4.2e-04
Iteration 1002/2000-----
currents: [100000.0, 99999.99999870006, 99999.99999883956, 99999.99999901187]
J=1.8e-05, ⟨Jf⟩=1.8e-05, ⟨B·n⟩=1.3e-03, Len=sum([4.1, 4.0, 3.8, 3.7])=15.7, ϰ=[4.4, 3.9, 4.2, 4.1], ∫ϰ²/L>=[5.1, 5.1, 5.1, 5.3], C-C-Sep=0.10, ║∇J║=2.6e-04
Iteration 1003/2000-----
currents: [100000.0, 99999.99999869887, 99999.9999988386, 99999.99999901105]
J=1.8e-05, ⟨Jf⟩=1.8e-05, ⟨B·n⟩=1.3e-03, Len=sum([4.1, 4.0, 3.8, 3.7])=15.7, ϰ=[4.4, 3.9, 4.2, 4.1], ∫ϰ²/L>=[5.1, 5.1, 5.1, 5.3], C-C-Sep=0.10, ║∇J║=2.8e-04
Iteration 1004/2000-----
currents: [100000.0, 99999.99999869833, 99999.99999883816, 99999.9999990107]
J=1.8e-05, ⟨Jf⟩=1.8e-05, ⟨B·n⟩=1.3e-03, Len=sum([4.1, 4.0, 3.8, 3.7])=15.7, ϰ=[4.4, 3.9, 4.2, 4.1], ∫ϰ²/L>=[5.1, 5.1, 5.1, 5.3], C-C-Sep=0.10, ║∇J║=3.3e-04
Iteration 1005/2000-----
currents: [100000.0, 99999.99999869676, 99999.99999883691, 99999.99999900965]
J=1.8e-05, ⟨Jf⟩=1.8e-05, ⟨B·n⟩=1.3e-03, Len=sum([4.1, 4.0, 3.8, 3.7])=15.7, ϰ=[4.4, 3.9, 4.2, 4.1], ∫ϰ²/L>=[5.1, 5.1, 5.1, 5.3], C-C-Sep=0.10, ║∇J║=4.2e-04
Iteration 1006/2000-----
currents: [100000.0, 99999.99999869657, 99999.99999883675, 99999.99999900954]
J=1.8e-05, ⟨Jf⟩=1.8e-05, ⟨B·n⟩=1.3e-03, Len=sum([4.1, 4.0, 3.8, 3.7])=15.7, ϰ=[4.4, 3.9, 4.2, 4.1], ∫ϰ²/L>=[5.1, 5.1, 5.1, 5.3], C-C-Sep=0.10, ║∇J║=2.3e-04
Iteration 1007/2000-----
currents: [100000.0, 99999.99999869638, 99999.99999883662, 99999.99999900945]
J=1.8e-05, ⟨Jf⟩=1.8e-05, ⟨B·n⟩=1.3e-03, Len=sum([4.1, 4.0, 3.8, 3.7])=15.7, ϰ=[4.4, 3.9, 4.2, 4.1], ∫ϰ²/L>=[5.1, 5.1, 5.1, 5.3], C-C-Sep=0.10, ║∇J║=1.9e-04
Iteration 1008/2000-----
currents: [100000.0, 99999.99999869584, 99999.9999988362, 99999.99999900909]
J=1.8e-05, ⟨Jf⟩=1.8e-05, ⟨B·n⟩=1.3e-03, Len=sum([4.1, 4.0, 3.8, 3.7])=15.7, ϰ=[4.4, 3.8, 4.2, 4.1], ∫ϰ²/L>=[5.1, 5.1, 5.1, 5.3], C-C-Sep=0.10, ║∇J║=1.7e-04
Iteration 1009/2000-----
currents: [100000.0, 99999.99999869491, 99999.99999883547, 99999.99999900846]
J=1.8e-05, ⟨Jf⟩=1.8e-05, ⟨B·n⟩=1.3e-03, Len=sum([4.1, 4.0, 3.8, 3.7])=15.7, ϰ=[4.4, 3.8, 4.2, 4.1], ∫ϰ²/L>=[5.1, 5.1, 5.1, 5.3], C-C-Sep=0.10, ║∇J║=2.1e-04
Iteration 1010/2000-----
currents: [100000.0, 99999.99999869439, 99999.99999883512, 99999.9999990082]
J=1.8e-05, ⟨Jf⟩=1.8e-05, ⟨B·n⟩=1.3e-03, Len=sum([4.1, 4.0, 3.8, 3.7])=15.7, ϰ=[4.4, 3.8, 4.2, 4.1], ∫ϰ²/L>=[5.1, 5.1, 5.1, 5.3], C-C-Sep=0.10, ║∇J║=1.8e-04
Iteration 1011/2000-----
currents: [100000.0, 99999.99999869375, 99999.9999988346, 99999.99999900775]
J=1.8e-05, ⟨Jf⟩=1.8e-05, ⟨B·n⟩=1.3e-03, Len=sum([4.1, 4.0, 3.8, 3.7])=15.7, ϰ=[4.4, 3.8, 4.2, 4.1], ∫ϰ²/L>=[5.1, 5.1, 5.1, 5.3], C-C-Sep=0.10, ║∇J║=1.7e-04
Iteration 1012/2000-----
currents: [100000.0, 99999.99999869334, 99999.99999883435, 99999.99999900759]
J=1.8e-05, ⟨Jf⟩=1.8e-05, ⟨B·n⟩=1.3e-03, Len=sum([4.1, 4.0, 3.8, 3.7])=15.7, ϰ=[4.4, 3.8, 4.2, 4.1], ∫ϰ²/L>=[5.1, 5.1, 5.1, 5.3], C-C-Sep=0.10, ║∇J║=2.0e-04
Iteration 1013/2000-----
currents: [100000.0, 99999.99999869232, 99999.99999883359, 99999.999999007]
J=1.8e-05, ⟨Jf⟩=1.8e-05, ⟨B·n⟩=1.3e-03, Len=sum([4.1, 4.0, 3.8, 3.7])=15.7, ϰ=[4.4, 3.8, 4.2, 4.1], ∫ϰ²/L>=[5.1, 5.1, 5.1, 5.3], C-C-Sep=0.10, ║∇J║=4.0e-04
Iteration 1014/2000-----
currents: [100000.0, 99999.99999869193, 99999.99999883327, 99999.99999900673]
J=1.8e-05, ⟨Jf⟩=1.7e-05, ⟨B·n⟩=1.3e-03, Len=sum([4.1, 4.0, 3.8, 3.7])=15.7, ϰ=[4.4, 3.8, 4.2, 4.1], ∫ϰ²/L>=[5.1, 5.1, 5.1, 5.3], C-C-Sep=0.10, ║∇J║=2.3e-04
Iteration 1015/2000-----
currents: [100000.0, 99999.99999869122, 99999.99999883269, 99999.9999990062]
J=1.8e-05, ⟨Jf⟩=1.7e-05, ⟨B·n⟩=1.3e-03, Len=sum([4.1, 4.0, 3.8, 3.7])=15.7, ϰ=[4.4, 3.8, 4.2, 4.1], ∫ϰ²/L>=[5.1, 5.1, 5.1, 5.3], C-C-Sep=0.10, ║∇J║=2.4e-04
Iteration 1016/2000-----
currents: [100000.0, 99999.99999869072, 99999.99999883217, 99999.99999900573]
J=1.8e-05, ⟨Jf⟩=1.7e-05, ⟨B·n⟩=1.3e-03, Len=sum([4.1, 4.0, 3.8, 3.7])=15.7, ϰ=[4.4, 3.8, 4.2, 4.1], ∫ϰ²/L>=[5.1, 5.1, 5.1, 5.3], C-C-Sep=0.10, ║∇J║=3.2e-04
Iteration 1017/2000-----
currents: [100000.0, 99999.99999868858, 99999.99999883024, 99999.99999900394]
J=1.8e-05, ⟨Jf⟩=1.7e-05, ⟨B·n⟩=1.3e-03, Len=sum([4.1, 4.0, 3.8, 3.7])=15.7, ϰ=[4.4, 3.8, 4.2, 4.0], ∫ϰ²/L>=[5.1, 5.1, 5.1, 5.3], C-C-Sep=0.10, ║∇J║=4.3e-04
Iteration 1018/2000-----
currents: [100000.0, 99999.99999868796, 99999.9999988296, 99999.99999900337]
J=1.8e-05, ⟨Jf⟩=1.7e-05, ⟨B·n⟩=1.3e-03, Len=sum([4.1, 4.0, 3.8, 3.7])=15.7, ϰ=[4.4, 3.8, 4.2, 4.1], ∫ϰ²/L>=[5.1, 5.1, 5.1, 5.3], C-C-Sep=0.10, ║∇J║=3.4e-04
Iteration 1019/2000-----
currents: [100000.0, 99999.99999868816, 99999.99999882968, 99999.99999900348]
J=1.8e-05, ⟨Jf⟩=1.7e-05, ⟨B·n⟩=1.3e-03, Len=sum([4.1, 4.0, 3.8, 3.7])=15.7, ϰ=[4.4, 3.8, 4.2, 4.1], ∫ϰ²/L>=[5.1, 5.1, 5.1, 5.3], C-C-Sep=0.10, ║∇J║=2.3e-04
Iteration 1020/2000-----
currents: [100000.0, 99999.99999868762, 99999.99999882917, 99999.99999900306]
J=1.8e-05, ⟨Jf⟩=1.7e-05, ⟨B·n⟩=1.3e-03, Len=sum([4.1, 4.0, 3.8, 3.7])=15.7, ϰ=[4.4, 3.8, 4.2, 4.1], ∫ϰ²/L>=[5.1, 5.1, 5.1, 5.3], C-C-Sep=0.10, ║∇J║=2.1e-04
Iteration 1021/2000-----
currents: [100000.0, 99999.99999868771, 99999.99999882925, 99999.99999900328]
J=1.8e-05, ⟨Jf⟩=1.7e-05, ⟨B·n⟩=1.3e-03, Len=sum([4.1, 4.0, 3.8, 3.7])=15.7, ϰ=[4.4, 3.8, 4.2, 4.1], ∫ϰ²/L>=[5.1, 5.1, 5.1, 5.3], C-C-Sep=0.10, ║∇J║=2.3e-04
Iteration 1022/2000-----
currents: [100000.0, 99999.99999868782, 99999.99999882939, 99999.99999900348]
J=1.8e-05, ⟨Jf⟩=1.7e-05, ⟨B·n⟩=1.3e-03, Len=sum([4.1, 4.0, 3.8, 3.7])=15.7, ϰ=[4.4, 3.8, 4.2, 4.1], ∫ϰ²/L>=[5.1, 5.1, 5.1, 5.3], C-C-Sep=0.10, ║∇J║=1.8e-04
Iteration 1023/2000-----
currents: [100000.0, 99999.999998688, 99999.99999882956, 99999.99999900372]
J=1.8e-05, ⟨Jf⟩=1.7e-05, ⟨B·n⟩=1.3e-03, Len=sum([4.1, 4.0, 3.8, 3.7])=15.7, ϰ=[4.4, 3.8, 4.2, 4.1], ∫ϰ²/L>=[5.1, 5.1, 5.1, 5.3], C-C-Sep=0.10, ║∇J║=1.7e-04
Iteration 1024/2000-----
currents: [100000.0, 99999.99999868793, 99999.99999882956, 99999.99999900379]
J=1.8e-05, ⟨Jf⟩=1.7e-05, ⟨B·n⟩=1.3e-03, Len=sum([4.1, 4.0, 3.8, 3.7])=15.7, ϰ=[4.4, 3.8, 4.2, 4.1], ∫ϰ²/L>=[5.1, 5.1, 5.1, 5.3], C-C-Sep=0.10, ║∇J║=1.8e-04
Iteration 1025/2000-----
currents: [100000.0, 99999.99999868746, 99999.99999882924, 99999.99999900364]
J=1.8e-05, ⟨Jf⟩=1.7e-05, ⟨B·n⟩=1.3e-03, Len=sum([4.1, 4.0, 3.8, 3.7])=15.7, ϰ=[4.4, 3.8, 4.2, 4.1], ∫ϰ²/L>=[5.1, 5.1, 5.1, 5.3], C-C-Sep=0.10, ║∇J║=2.5e-04
Iteration 1026/2000-----
currents: [100000.0, 99999.99999868682, 99999.99999882873, 99999.99999900332]
J=1.8e-05, ⟨Jf⟩=1.7e-05, ⟨B·n⟩=1.3e-03, Len=sum([4.1, 4.0, 3.8, 3.7])=15.7, ϰ=[4.4, 3.8, 4.3, 4.1], ∫ϰ²/L>=[5.1, 5.1, 5.1, 5.3], C-C-Sep=0.10, ║∇J║=2.8e-04
Iteration 1027/2000-----
currents: [100000.0, 99999.99999868589, 99999.99999882796, 99999.99999900271]
J=1.8e-05, ⟨Jf⟩=1.7e-05, ⟨B·n⟩=1.3e-03, Len=sum([4.1, 4.0, 3.8, 3.7])=15.7, ϰ=[4.4, 3.8, 4.3, 4.1], ∫ϰ²/L>=[5.1, 5.1, 5.1, 5.3], C-C-Sep=0.10, ║∇J║=2.2e-04
Iteration 1028/2000-----
currents: [100000.0, 99999.99999868411, 99999.99999882643, 99999.99999900152]
J=1.8e-05, ⟨Jf⟩=1.7e-05, ⟨B·n⟩=1.3e-03, Len=sum([4.1, 4.0, 3.8, 3.7])=15.7, ϰ=[4.4, 3.8, 4.3, 4.1], ∫ϰ²/L>=[5.1, 5.1, 5.1, 5.3], C-C-Sep=0.10, ║∇J║=2.8e-04
Iteration 1029/2000-----
currents: [100000.0, 99999.99999868286, 99999.99999882535, 99999.99999900072]
J=1.8e-05, ⟨Jf⟩=1.7e-05, ⟨B·n⟩=1.3e-03, Len=sum([4.1, 4.0, 3.8, 3.7])=15.7, ϰ=[4.4, 3.8, 4.3, 4.1], ∫ϰ²/L>=[5.1, 5.1, 5.1, 5.3], C-C-Sep=0.10, ║∇J║=3.4e-04
Iteration 1030/2000-----
currents: [100000.0, 99999.99999868184, 99999.99999882453, 99999.9999990002]
J=1.8e-05, ⟨Jf⟩=1.7e-05, ⟨B·n⟩=1.3e-03, Len=sum([4.1, 4.0, 3.8, 3.7])=15.7, ϰ=[4.4, 3.8, 4.3, 4.0], ∫ϰ²/L>=[5.1, 5.1, 5.1, 5.3], C-C-Sep=0.10, ║∇J║=3.1e-04
Iteration 1031/2000-----
currents: [100000.0, 99999.99999867997, 99999.99999882292, 99999.99999899909]
J=1.8e-05, ⟨Jf⟩=1.7e-05, ⟨B·n⟩=1.3e-03, Len=sum([4.1, 4.0, 3.8, 3.7])=15.7, ϰ=[4.4, 3.7, 4.3, 4.0], ∫ϰ²/L>=[5.1, 5.1, 5.1, 5.3], C-C-Sep=0.10, ║∇J║=4.7e-04
Iteration 1032/2000-----
currents: [100000.0, 99999.99999867954, 99999.99999882262, 99999.99999899896]
J=1.8e-05, ⟨Jf⟩=1.7e-05, ⟨B·n⟩=1.3e-03, Len=sum([4.1, 4.0, 3.8, 3.7])=15.7, ϰ=[4.4, 3.7, 4.3, 4.0], ∫ϰ²/L>=[5.1, 5.1, 5.1, 5.3], C-C-Sep=0.10, ║∇J║=3.3e-04
Iteration 1033/2000-----
currents: [100000.0, 99999.99999868023, 99999.99999882319, 99999.99999899947]
J=1.8e-05, ⟨Jf⟩=1.7e-05, ⟨B·n⟩=1.3e-03, Len=sum([4.1, 4.0, 3.8, 3.7])=15.7, ϰ=[4.4, 3.7, 4.3, 4.0], ∫ϰ²/L>=[5.1, 5.1, 5.1, 5.3], C-C-Sep=0.10, ║∇J║=2.3e-04
Iteration 1034/2000-----
currents: [100000.0, 99999.99999867978, 99999.99999882274, 99999.99999899913]
J=1.8e-05, ⟨Jf⟩=1.7e-05, ⟨B·n⟩=1.3e-03, Len=sum([4.1, 4.0, 3.8, 3.7])=15.7, ϰ=[4.4, 3.7, 4.3, 4.0], ∫ϰ²/L>=[5.1, 5.1, 5.1, 5.3], C-C-Sep=0.10, ║∇J║=2.0e-04
Iteration 1035/2000-----
currents: [100000.0, 99999.9999986788, 99999.9999988218, 99999.9999989983]
J=1.8e-05, ⟨Jf⟩=1.7e-05, ⟨B·n⟩=1.3e-03, Len=sum([4.1, 4.0, 3.8, 3.7])=15.7, ϰ=[4.4, 3.7, 4.2, 4.0], ∫ϰ²/L>=[5.1, 5.1, 5.1, 5.3], C-C-Sep=0.10, ║∇J║=2.6e-04
Iteration 1036/2000-----
currents: [100000.0, 99999.99999867729, 99999.99999882036, 99999.999998997]
J=1.8e-05, ⟨Jf⟩=1.7e-05, ⟨B·n⟩=1.3e-03, Len=sum([4.1, 4.0, 3.8, 3.7])=15.7, ϰ=[4.4, 3.7, 4.2, 4.0], ∫ϰ²/L>=[5.1, 5.1, 5.1, 5.3], C-C-Sep=0.10, ║∇J║=2.5e-04
Iteration 1037/2000-----
currents: [100000.0, 99999.99999867583, 99999.99999881901, 99999.99999899582]
J=1.8e-05, ⟨Jf⟩=1.7e-05, ⟨B·n⟩=1.3e-03, Len=sum([4.1, 4.0, 3.8, 3.7])=15.7, ϰ=[4.4, 3.7, 4.2, 4.0], ∫ϰ²/L>=[5.1, 5.1, 5.1, 5.3], C-C-Sep=0.10, ║∇J║=3.1e-04
Iteration 1038/2000-----
currents: [100000.0, 99999.99999867487, 99999.99999881824, 99999.99999899513]
J=1.8e-05, ⟨Jf⟩=1.7e-05, ⟨B·n⟩=1.3e-03, Len=sum([4.1, 4.0, 3.8, 3.7])=15.7, ϰ=[4.4, 3.7, 4.2, 4.1], ∫ϰ²/L>=[5.1, 5.1, 5.1, 5.3], C-C-Sep=0.10, ║∇J║=2.6e-04
Iteration 1039/2000-----
currents: [100000.0, 99999.99999867534, 99999.99999881868, 99999.9999989955]
J=1.8e-05, ⟨Jf⟩=1.7e-05, ⟨B·n⟩=1.3e-03, Len=sum([4.1, 4.0, 3.8, 3.7])=15.7, ϰ=[4.4, 3.7, 4.2, 4.1], ∫ϰ²/L>=[5.1, 5.1, 5.1, 5.3], C-C-Sep=0.10, ║∇J║=2.0e-04
Iteration 1040/2000-----
currents: [100000.0, 99999.99999867547, 99999.99999881884, 99999.99999899567]
J=1.8e-05, ⟨Jf⟩=1.7e-05, ⟨B·n⟩=1.3e-03, Len=sum([4.1, 4.0, 3.8, 3.7])=15.7, ϰ=[4.4, 3.7, 4.2, 4.1], ∫ϰ²/L>=[5.1, 5.1, 5.1, 5.3], C-C-Sep=0.10, ║∇J║=1.7e-04
Iteration 1041/2000-----
currents: [100000.0, 99999.99999867528, 99999.99999881875, 99999.99999899567]
J=1.8e-05, ⟨Jf⟩=1.7e-05, ⟨B·n⟩=1.3e-03, Len=sum([4.1, 4.0, 3.8, 3.7])=15.7, ϰ=[4.4, 3.7, 4.2, 4.1], ∫ϰ²/L>=[5.1, 5.1, 5.1, 5.3], C-C-Sep=0.10, ║∇J║=2.0e-04
Iteration 1042/2000-----
currents: [100000.0, 99999.99999867447, 99999.999998818, 99999.999998995]
J=1.8e-05, ⟨Jf⟩=1.7e-05, ⟨B·n⟩=1.3e-03, Len=sum([4.1, 4.0, 3.8, 3.7])=15.7, ϰ=[4.4, 3.8, 4.2, 4.1], ∫ϰ²/L>=[5.1, 5.1, 5.1, 5.3], C-C-Sep=0.10, ║∇J║=4.1e-04
Iteration 1043/2000-----
currents: [100000.0, 99999.99999867407, 99999.99999881764, 99999.99999899468]
J=1.8e-05, ⟨Jf⟩=1.7e-05, ⟨B·n⟩=1.3e-03, Len=sum([4.1, 4.0, 3.8, 3.7])=15.7, ϰ=[4.4, 3.8, 4.2, 4.1], ∫ϰ²/L>=[5.1, 5.1, 5.1, 5.3], C-C-Sep=0.10, ║∇J║=2.1e-04
Iteration 1044/2000-----
currents: [100000.0, 99999.99999867353, 99999.99999881715, 99999.99999899424]
J=1.8e-05, ⟨Jf⟩=1.7e-05, ⟨B·n⟩=1.3e-03, Len=sum([4.1, 4.0, 3.8, 3.7])=15.7, ϰ=[4.4, 3.7, 4.2, 4.1], ∫ϰ²/L>=[5.1, 5.1, 5.1, 5.3], C-C-Sep=0.10, ║∇J║=2.2e-04
Iteration 1045/2000-----
currents: [100000.0, 99999.99999867231, 99999.99999881604, 99999.99999899325]
J=1.8e-05, ⟨Jf⟩=1.7e-05, ⟨B·n⟩=1.3e-03, Len=sum([4.1, 4.0, 3.8, 3.7])=15.7, ϰ=[4.4, 3.7, 4.2, 4.1], ∫ϰ²/L>=[5.1, 5.1, 5.1, 5.3], C-C-Sep=0.10, ║∇J║=3.2e-04
Iteration 1046/2000-----
currents: [100000.0, 99999.99999867057, 99999.99999881462, 99999.999998992]
J=1.8e-05, ⟨Jf⟩=1.7e-05, ⟨B·n⟩=1.3e-03, Len=sum([4.1, 4.0, 3.8, 3.7])=15.7, ϰ=[4.4, 3.7, 4.2, 4.1], ∫ϰ²/L>=[5.1, 5.1, 5.1, 5.3], C-C-Sep=0.10, ║∇J║=4.3e-04
Iteration 1047/2000-----
currents: [100000.0, 99999.99999866796, 99999.99999881243, 99999.99999899011]
J=1.8e-05, ⟨Jf⟩=1.7e-05, ⟨B·n⟩=1.3e-03, Len=sum([4.1, 4.0, 3.8, 3.7])=15.7, ϰ=[4.4, 3.8, 4.2, 4.1], ∫ϰ²/L>=[5.1, 5.1, 5.1, 5.3], C-C-Sep=0.10, ║∇J║=5.4e-04
Iteration 1048/2000-----
currents: [100000.0, 99999.99999866687, 99999.9999988117, 99999.99999898949]
J=1.8e-05, ⟨Jf⟩=1.7e-05, ⟨B·n⟩=1.3e-03, Len=sum([4.1, 4.0, 3.8, 3.7])=15.7, ϰ=[4.4, 3.8, 4.1, 4.1], ∫ϰ²/L>=[5.1, 5.1, 5.1, 5.3], C-C-Sep=0.10, ║∇J║=2.8e-04
Iteration 1049/2000-----
currents: [100000.0, 99999.9999986665, 99999.99999881172, 99999.9999989896]
J=1.8e-05, ⟨Jf⟩=1.7e-05, ⟨B·n⟩=1.3e-03, Len=sum([4.1, 4.0, 3.8, 3.7])=15.7, ϰ=[4.4, 3.8, 4.1, 4.1], ∫ϰ²/L>=[5.1, 5.1, 5.1, 5.3], C-C-Sep=0.10, ║∇J║=2.8e-04
Iteration 1050/2000-----
currents: [100000.0, 99999.99999866511, 99999.99999881073, 99999.99999898883]
J=1.8e-05, ⟨Jf⟩=1.7e-05, ⟨B·n⟩=1.3e-03, Len=sum([4.1, 4.0, 3.8, 3.7])=15.7, ϰ=[4.4, 3.8, 4.1, 4.1], ∫ϰ²/L>=[5.1, 5.1, 5.1, 5.3], C-C-Sep=0.10, ║∇J║=2.7e-04
Iteration 1051/2000-----
currents: [100000.0, 99999.99999866389, 99999.99999880989, 99999.99999898818]
J=1.8e-05, ⟨Jf⟩=1.7e-05, ⟨B·n⟩=1.3e-03, Len=sum([4.1, 4.0, 3.8, 3.7])=15.7, ϰ=[4.3, 3.9, 4.1, 4.1], ∫ϰ²/L>=[5.1, 5.1, 5.1, 5.3], C-C-Sep=0.10, ║∇J║=3.2e-04
Iteration 1052/2000-----
currents: [100000.0, 99999.99999866344, 99999.99999880945, 99999.99999898778]
J=1.8e-05, ⟨Jf⟩=1.7e-05, ⟨B·n⟩=1.3e-03, Len=sum([4.1, 4.0, 3.8, 3.7])=15.7, ϰ=[4.3, 3.9, 4.1, 4.1], ∫ϰ²/L>=[5.1, 5.1, 5.1, 5.3], C-C-Sep=0.10, ║∇J║=1.3e-04
Iteration 1053/2000-----
currents: [100000.0, 99999.99999866358, 99999.99999880954, 99999.99999898786]
J=1.8e-05, ⟨Jf⟩=1.7e-05, ⟨B·n⟩=1.3e-03, Len=sum([4.1, 4.0, 3.8, 3.7])=15.7, ϰ=[4.3, 3.9, 4.1, 4.1], ∫ϰ²/L>=[5.1, 5.1, 5.1, 5.3], C-C-Sep=0.10, ║∇J║=1.1e-04
Iteration 1054/2000-----
currents: [100000.0, 99999.99999866322, 99999.9999988092, 99999.99999898755]
J=1.8e-05, ⟨Jf⟩=1.7e-05, ⟨B·n⟩=1.3e-03, Len=sum([4.1, 4.0, 3.8, 3.7])=15.7, ϰ=[4.3, 3.9, 4.1, 4.1], ∫ϰ²/L>=[5.1, 5.1, 5.1, 5.3], C-C-Sep=0.10, ║∇J║=1.1e-04
Iteration 1055/2000-----
currents: [100000.0, 99999.99999866272, 99999.99999880877, 99999.99999898716]
J=1.8e-05, ⟨Jf⟩=1.7e-05, ⟨B·n⟩=1.3e-03, Len=sum([4.1, 4.0, 3.8, 3.7])=15.7, ϰ=[4.3, 3.9, 4.0, 4.1], ∫ϰ²/L>=[5.1, 5.1, 5.1, 5.3], C-C-Sep=0.10, ║∇J║=1.6e-04
Iteration 1056/2000-----
currents: [100000.0, 99999.9999986625, 99999.99999880858, 99999.99999898697]
J=1.8e-05, ⟨Jf⟩=1.7e-05, ⟨B·n⟩=1.3e-03, Len=sum([4.1, 4.0, 3.8, 3.7])=15.7, ϰ=[4.3, 3.9, 4.1, 4.1], ∫ϰ²/L>=[5.1, 5.1, 5.1, 5.3], C-C-Sep=0.10, ║∇J║=1.8e-04
Iteration 1057/2000-----
currents: [100000.0, 99999.99999866197, 99999.99999880811, 99999.99999898655]
J=1.8e-05, ⟨Jf⟩=1.7e-05, ⟨B·n⟩=1.3e-03, Len=sum([4.1, 4.0, 3.8, 3.7])=15.7, ϰ=[4.3, 3.9, 4.1, 4.1], ∫ϰ²/L>=[5.1, 5.1, 5.1, 5.3], C-C-Sep=0.10, ║∇J║=1.8e-04
Iteration 1058/2000-----
currents: [100000.0, 99999.99999866106, 99999.9999988073, 99999.99999898579]
J=1.8e-05, ⟨Jf⟩=1.7e-05, ⟨B·n⟩=1.3e-03, Len=sum([4.1, 4.0, 3.8, 3.7])=15.7, ϰ=[4.3, 3.9, 4.1, 4.1], ∫ϰ²/L>=[5.1, 5.1, 5.1, 5.3], C-C-Sep=0.10, ║∇J║=3.2e-04
Iteration 1059/2000-----
currents: [100000.0, 99999.99999866045, 99999.99999880667, 99999.99999898513]
J=1.8e-05, ⟨Jf⟩=1.7e-05, ⟨B·n⟩=1.3e-03, Len=sum([4.1, 4.0, 3.8, 3.7])=15.7, ϰ=[4.3, 3.9, 4.2, 4.0], ∫ϰ²/L>=[5.1, 5.1, 5.1, 5.3], C-C-Sep=0.10, ║∇J║=3.6e-04
Iteration 1060/2000-----
currents: [100000.0, 99999.99999865962, 99999.99999880591, 99999.9999989844]
J=1.8e-05, ⟨Jf⟩=1.7e-05, ⟨B·n⟩=1.3e-03, Len=sum([4.1, 4.0, 3.8, 3.7])=15.7, ϰ=[4.3, 3.9, 4.2, 4.1], ∫ϰ²/L>=[5.1, 5.1, 5.1, 5.3], C-C-Sep=0.10, ║∇J║=2.6e-04
Iteration 1061/2000-----
currents: [100000.0, 99999.99999865775, 99999.999998804, 99999.99999898244]
J=1.8e-05, ⟨Jf⟩=1.7e-05, ⟨B·n⟩=1.3e-03, Len=sum([4.1, 4.0, 3.8, 3.7])=15.7, ϰ=[4.3, 3.9, 4.2, 4.1], ∫ϰ²/L>=[5.1, 5.1, 5.1, 5.3], C-C-Sep=0.10, ║∇J║=2.5e-04
Iteration 1062/2000-----
currents: [100000.0, 99999.99999865625, 99999.99999880262, 99999.99999898097]
J=1.8e-05, ⟨Jf⟩=1.7e-05, ⟨B·n⟩=1.3e-03, Len=sum([4.1, 4.0, 3.8, 3.7])=15.7, ϰ=[4.3, 3.9, 4.2, 4.1], ∫ϰ²/L>=[5.1, 5.1, 5.1, 5.3], C-C-Sep=0.10, ║∇J║=3.8e-04
Iteration 1063/2000-----
currents: [100000.0, 99999.99999865616, 99999.99999880255, 99999.9999989809]
J=1.8e-05, ⟨Jf⟩=1.7e-05, ⟨B·n⟩=1.3e-03, Len=sum([4.1, 4.0, 3.8, 3.7])=15.7, ϰ=[4.3, 3.9, 4.2, 4.1], ∫ϰ²/L>=[5.1, 5.1, 5.1, 5.3], C-C-Sep=0.10, ║∇J║=1.9e-04
Iteration 1064/2000-----
currents: [100000.0, 99999.99999865558, 99999.99999880197, 99999.99999898032]
J=1.8e-05, ⟨Jf⟩=1.7e-05, ⟨B·n⟩=1.3e-03, Len=sum([4.1, 4.0, 3.8, 3.7])=15.7, ϰ=[4.3, 3.9, 4.2, 4.0], ∫ϰ²/L>=[5.1, 5.1, 5.1, 5.3], C-C-Sep=0.10, ║∇J║=1.6e-04
Iteration 1065/2000-----
currents: [100000.0, 99999.99999865524, 99999.99999880172, 99999.99999898006]
J=1.8e-05, ⟨Jf⟩=1.7e-05, ⟨B·n⟩=1.3e-03, Len=sum([4.1, 4.0, 3.8, 3.7])=15.7, ϰ=[4.3, 3.9, 4.3, 4.0], ∫ϰ²/L>=[5.1, 5.1, 5.1, 5.3], C-C-Sep=0.10, ║∇J║=1.9e-04
Iteration 1066/2000-----
currents: [100000.0, 99999.9999986554, 99999.99999880187, 99999.99999898013]
J=1.8e-05, ⟨Jf⟩=1.7e-05, ⟨B·n⟩=1.3e-03, Len=sum([4.1, 4.0, 3.8, 3.7])=15.7, ϰ=[4.3, 3.9, 4.3, 4.0], ∫ϰ²/L>=[5.1, 5.1, 5.1, 5.3], C-C-Sep=0.10, ║∇J║=1.6e-04
Iteration 1067/2000-----
currents: [100000.0, 99999.99999865473, 99999.9999988013, 99999.99999897958]
J=1.8e-05, ⟨Jf⟩=1.7e-05, ⟨B·n⟩=1.3e-03, Len=sum([4.1, 4.0, 3.8, 3.7])=15.7, ϰ=[4.3, 3.9, 4.3, 4.0], ∫ϰ²/L>=[5.1, 5.1, 5.1, 5.3], C-C-Sep=0.10, ║∇J║=1.6e-04
Iteration 1068/2000-----
currents: [100000.0, 99999.99999865473, 99999.99999880133, 99999.9999989796]
J=1.8e-05, ⟨Jf⟩=1.7e-05, ⟨B·n⟩=1.3e-03, Len=sum([4.1, 4.0, 3.8, 3.7])=15.7, ϰ=[4.3, 3.9, 4.3, 4.0], ∫ϰ²/L>=[5.1, 5.1, 5.1, 5.3], C-C-Sep=0.10, ║∇J║=1.4e-04
Iteration 1069/2000-----
currents: [100000.0, 99999.99999865463, 99999.99999880133, 99999.99999897963]
J=1.8e-05, ⟨Jf⟩=1.7e-05, ⟨B·n⟩=1.3e-03, Len=sum([4.1, 4.0, 3.8, 3.7])=15.7, ϰ=[4.3, 3.9, 4.3, 4.0], ∫ϰ²/L>=[5.1, 5.1, 5.1, 5.3], C-C-Sep=0.10, ║∇J║=1.3e-04
Iteration 1070/2000-----
currents: [100000.0, 99999.99999865404, 99999.999998801, 99999.99999897939]
J=1.8e-05, ⟨Jf⟩=1.7e-05, ⟨B·n⟩=1.3e-03, Len=sum([4.1, 4.0, 3.8, 3.7])=15.7, ϰ=[4.3, 3.9, 4.2, 4.0], ∫ϰ²/L>=[5.1, 5.1, 5.1, 5.3], C-C-Sep=0.10, ║∇J║=1.8e-04
Iteration 1071/2000-----
currents: [100000.0, 99999.99999865354, 99999.99999880073, 99999.99999897918]
J=1.8e-05, ⟨Jf⟩=1.7e-05, ⟨B·n⟩=1.3e-03, Len=sum([4.1, 4.0, 3.8, 3.7])=15.7, ϰ=[4.3, 3.9, 4.2, 4.0], ∫ϰ²/L>=[5.1, 5.1, 5.1, 5.3], C-C-Sep=0.10, ║∇J║=1.7e-04
Iteration 1072/2000-----
currents: [100000.0, 99999.99999865357, 99999.99999880092, 99999.99999897936]
J=1.8e-05, ⟨Jf⟩=1.7e-05, ⟨B·n⟩=1.3e-03, Len=sum([4.1, 4.0, 3.8, 3.7])=15.7, ϰ=[4.3, 3.9, 4.3, 4.0], ∫ϰ²/L>=[5.1, 5.1, 5.1, 5.3], C-C-Sep=0.10, ║∇J║=1.7e-04
Iteration 1073/2000-----
currents: [100000.0, 99999.99999865313, 99999.99999880069, 99999.99999897912]
J=1.8e-05, ⟨Jf⟩=1.7e-05, ⟨B·n⟩=1.3e-03, Len=sum([4.1, 4.0, 3.8, 3.7])=15.7, ϰ=[4.3, 3.9, 4.3, 4.0], ∫ϰ²/L>=[5.1, 5.1, 5.1, 5.3], C-C-Sep=0.10, ║∇J║=2.4e-04
Iteration 1074/2000-----
currents: [100000.0, 99999.99999865267, 99999.99999880034, 99999.99999897873]
J=1.8e-05, ⟨Jf⟩=1.7e-05, ⟨B·n⟩=1.3e-03, Len=sum([4.1, 4.0, 3.8, 3.7])=15.7, ϰ=[4.3, 3.9, 4.3, 4.0], ∫ϰ²/L>=[5.1, 5.1, 5.1, 5.3], C-C-Sep=0.10, ║∇J║=2.8e-04
Iteration 1075/2000-----
currents: [100000.0, 99999.99999865289, 99999.99999880044, 99999.99999897878]
J=1.8e-05, ⟨Jf⟩=1.7e-05, ⟨B·n⟩=1.3e-03, Len=sum([4.1, 4.0, 3.8, 3.7])=15.7, ϰ=[4.3, 3.9, 4.3, 4.0], ∫ϰ²/L>=[5.1, 5.1, 5.1, 5.3], C-C-Sep=0.10, ║∇J║=2.1e-04
Iteration 1076/2000-----
currents: [100000.0, 99999.99999865198, 99999.99999879938, 99999.99999897768]
J=1.8e-05, ⟨Jf⟩=1.7e-05, ⟨B·n⟩=1.3e-03, Len=sum([4.1, 4.0, 3.8, 3.7])=15.7, ϰ=[4.3, 4.0, 4.2, 4.0], ∫ϰ²/L>=[5.1, 5.1, 5.1, 5.3], C-C-Sep=0.10, ║∇J║=2.4e-04
Iteration 1077/2000-----
currents: [100000.0, 99999.99999865095, 99999.99999879835, 99999.99999897668]
J=1.8e-05, ⟨Jf⟩=1.7e-05, ⟨B·n⟩=1.3e-03, Len=sum([4.1, 4.0, 3.8, 3.7])=15.7, ϰ=[4.3, 4.0, 4.2, 4.0], ∫ϰ²/L>=[5.1, 5.1, 5.1, 5.3], C-C-Sep=0.10, ║∇J║=3.5e-04
Iteration 1078/2000-----
currents: [100000.0, 99999.99999864941, 99999.99999879692, 99999.99999897536]
J=1.8e-05, ⟨Jf⟩=1.7e-05, ⟨B·n⟩=1.3e-03, Len=sum([4.1, 4.0, 3.8, 3.7])=15.7, ϰ=[4.3, 4.0, 4.1, 4.0], ∫ϰ²/L>=[5.1, 5.1, 5.1, 5.3], C-C-Sep=0.10, ║∇J║=2.4e-04
Iteration 1079/2000-----
currents: [100000.0, 99999.9999986478, 99999.99999879552, 99999.99999897408]
J=1.8e-05, ⟨Jf⟩=1.7e-05, ⟨B·n⟩=1.3e-03, Len=sum([4.1, 4.0, 3.8, 3.7])=15.7, ϰ=[4.3, 4.0, 4.1, 4.0], ∫ϰ²/L>=[5.1, 5.1, 5.1, 5.3], C-C-Sep=0.10, ║∇J║=2.3e-04
Iteration 1080/2000-----
currents: [100000.0, 99999.99999864749, 99999.99999879533, 99999.99999897393]
J=1.8e-05, ⟨Jf⟩=1.7e-05, ⟨B·n⟩=1.3e-03, Len=sum([4.1, 4.0, 3.8, 3.7])=15.7, ϰ=[4.3, 4.0, 4.1, 4.0], ∫ϰ²/L>=[5.1, 5.1, 5.1, 5.3], C-C-Sep=0.10, ║∇J║=1.6e-04
Iteration 1081/2000-----
currents: [100000.0, 99999.99999864746, 99999.99999879538, 99999.99999897399]
J=1.8e-05, ⟨Jf⟩=1.7e-05, ⟨B·n⟩=1.3e-03, Len=sum([4.1, 4.0, 3.8, 3.7])=15.7, ϰ=[4.3, 4.0, 4.1, 4.0], ∫ϰ²/L>=[5.1, 5.1, 5.1, 5.3], C-C-Sep=0.10, ║∇J║=1.2e-04
Iteration 1082/2000-----
currents: [100000.0, 99999.99999864747, 99999.99999879536, 99999.99999897392]
J=1.8e-05, ⟨Jf⟩=1.7e-05, ⟨B·n⟩=1.3e-03, Len=sum([4.1, 4.0, 3.8, 3.7])=15.7, ϰ=[4.3, 4.0, 4.1, 4.0], ∫ϰ²/L>=[5.1, 5.1, 5.1, 5.3], C-C-Sep=0.10, ║∇J║=1.2e-04
Iteration 1083/2000-----
currents: [100000.0, 99999.99999864718, 99999.99999879512, 99999.99999897362]
J=1.8e-05, ⟨Jf⟩=1.7e-05, ⟨B·n⟩=1.3e-03, Len=sum([4.1, 4.0, 3.8, 3.7])=15.7, ϰ=[4.3, 4.0, 4.1, 4.0], ∫ϰ²/L>=[5.1, 5.1, 5.1, 5.3], C-C-Sep=0.10, ║∇J║=1.7e-04
Iteration 1084/2000-----
currents: [100000.0, 99999.9999986469, 99999.99999879485, 99999.99999897333]
J=1.8e-05, ⟨Jf⟩=1.7e-05, ⟨B·n⟩=1.3e-03, Len=sum([4.1, 4.0, 3.8, 3.7])=15.7, ϰ=[4.3, 4.0, 4.1, 4.0], ∫ϰ²/L>=[5.1, 5.1, 5.1, 5.3], C-C-Sep=0.10, ║∇J║=1.3e-04
Iteration 1085/2000-----
currents: [100000.0, 99999.99999864628, 99999.99999879427, 99999.99999897268]
J=1.8e-05, ⟨Jf⟩=1.7e-05, ⟨B·n⟩=1.3e-03, Len=sum([4.1, 4.0, 3.8, 3.7])=15.7, ϰ=[4.3, 4.0, 4.1, 4.0], ∫ϰ²/L>=[5.1, 5.1, 5.1, 5.3], C-C-Sep=0.10, ║∇J║=1.2e-04
Iteration 1086/2000-----
currents: [100000.0, 99999.9999986456, 99999.99999879373, 99999.99999897211]
J=1.8e-05, ⟨Jf⟩=1.7e-05, ⟨B·n⟩=1.3e-03, Len=sum([4.1, 4.0, 3.8, 3.7])=15.7, ϰ=[4.3, 4.1, 4.2, 4.0], ∫ϰ²/L>=[5.1, 5.1, 5.1, 5.3], C-C-Sep=0.10, ║∇J║=1.9e-04
Iteration 1087/2000-----
currents: [100000.0, 99999.99999864463, 99999.99999879293, 99999.99999897133]
J=1.8e-05, ⟨Jf⟩=1.7e-05, ⟨B·n⟩=1.3e-03, Len=sum([4.1, 4.0, 3.8, 3.7])=15.7, ϰ=[4.3, 4.1, 4.2, 4.0], ∫ϰ²/L>=[5.1, 5.1, 5.1, 5.3], C-C-Sep=0.10, ║∇J║=2.0e-04
Iteration 1088/2000-----
currents: [100000.0, 99999.99999864394, 99999.99999879242, 99999.99999897084]
J=1.8e-05, ⟨Jf⟩=1.7e-05, ⟨B·n⟩=1.3e-03, Len=sum([4.1, 4.0, 3.8, 3.7])=15.7, ϰ=[4.3, 4.0, 4.2, 4.0], ∫ϰ²/L>=[5.1, 5.1, 5.1, 5.3], C-C-Sep=0.10, ║∇J║=2.5e-04
Iteration 1089/2000-----
currents: [100000.0, 99999.99999864351, 99999.99999879212, 99999.9999989706]
J=1.8e-05, ⟨Jf⟩=1.7e-05, ⟨B·n⟩=1.3e-03, Len=sum([4.1, 4.0, 3.8, 3.7])=15.7, ϰ=[4.3, 4.0, 4.2, 4.0], ∫ϰ²/L>=[5.1, 5.1, 5.1, 5.3], C-C-Sep=0.10, ║∇J║=1.8e-04
Iteration 1090/2000-----
currents: [100000.0, 99999.99999864318, 99999.99999879184, 99999.99999897038]
J=1.8e-05, ⟨Jf⟩=1.7e-05, ⟨B·n⟩=1.3e-03, Len=sum([4.1, 4.0, 3.8, 3.7])=15.7, ϰ=[4.3, 4.0, 4.2, 4.0], ∫ϰ²/L>=[5.1, 5.1, 5.1, 5.3], C-C-Sep=0.10, ║∇J║=1.9e-04
Iteration 1091/2000-----
currents: [100000.0, 99999.99999864251, 99999.99999879125, 99999.99999896977]
J=1.8e-05, ⟨Jf⟩=1.7e-05, ⟨B·n⟩=1.3e-03, Len=sum([4.1, 4.0, 3.8, 3.7])=15.7, ϰ=[4.4, 4.0, 4.2, 4.0], ∫ϰ²/L>=[5.1, 5.1, 5.1, 5.3], C-C-Sep=0.10, ║∇J║=2.4e-04
Iteration 1092/2000-----
currents: [100000.0, 99999.99999864184, 99999.99999879063, 99999.99999896908]
J=1.8e-05, ⟨Jf⟩=1.7e-05, ⟨B·n⟩=1.3e-03, Len=sum([4.1, 4.0, 3.8, 3.7])=15.7, ϰ=[4.4, 4.0, 4.2, 4.0], ∫ϰ²/L>=[5.1, 5.1, 5.1, 5.3], C-C-Sep=0.10, ║∇J║=1.5e-04
Iteration 1093/2000-----
currents: [100000.0, 99999.99999864094, 99999.99999878995, 99999.99999896836]
J=1.8e-05, ⟨Jf⟩=1.7e-05, ⟨B·n⟩=1.3e-03, Len=sum([4.1, 4.0, 3.8, 3.7])=15.7, ϰ=[4.4, 4.0, 4.2, 4.0], ∫ϰ²/L>=[5.1, 5.1, 5.1, 5.3], C-C-Sep=0.10, ║∇J║=1.2e-04
Iteration 1094/2000-----
currents: [100000.0, 99999.99999864012, 99999.99999878927, 99999.99999896772]
J=1.8e-05, ⟨Jf⟩=1.7e-05, ⟨B·n⟩=1.3e-03, Len=sum([4.1, 4.0, 3.8, 3.7])=15.7, ϰ=[4.4, 4.0, 4.2, 4.0], ∫ϰ²/L>=[5.1, 5.1, 5.1, 5.3], C-C-Sep=0.10, ║∇J║=9.1e-05
Iteration 1095/2000-----
currents: [100000.0, 99999.99999864005, 99999.9999987892, 99999.99999896766]
J=1.8e-05, ⟨Jf⟩=1.7e-05, ⟨B·n⟩=1.3e-03, Len=sum([4.1, 4.0, 3.8, 3.7])=15.7, ϰ=[4.4, 4.0, 4.2, 4.0], ∫ϰ²/L>=[5.1, 5.1, 5.1, 5.3], C-C-Sep=0.10, ║∇J║=9.9e-05
Iteration 1096/2000-----
currents: [100000.0, 99999.99999863954, 99999.9999987887, 99999.9999989672]
J=1.8e-05, ⟨Jf⟩=1.7e-05, ⟨B·n⟩=1.3e-03, Len=sum([4.1, 4.0, 3.8, 3.7])=15.7, ϰ=[4.4, 4.0, 4.2, 4.0], ∫ϰ²/L>=[5.1, 5.1, 5.1, 5.3], C-C-Sep=0.10, ║∇J║=1.3e-04
Iteration 1097/2000-----
currents: [100000.0, 99999.99999863928, 99999.99999878844, 99999.99999896696]
J=1.8e-05, ⟨Jf⟩=1.7e-05, ⟨B·n⟩=1.3e-03, Len=sum([4.1, 4.0, 3.8, 3.7])=15.7, ϰ=[4.4, 4.0, 4.2, 4.0], ∫ϰ²/L>=[5.1, 5.1, 5.1, 5.3], C-C-Sep=0.10, ║∇J║=1.6e-04
Iteration 1098/2000-----
currents: [100000.0, 99999.99999863852, 99999.99999878777, 99999.99999896635]
J=1.8e-05, ⟨Jf⟩=1.7e-05, ⟨B·n⟩=1.3e-03, Len=sum([4.1, 4.0, 3.8, 3.7])=15.7, ϰ=[4.4, 4.0, 4.2, 4.0], ∫ϰ²/L>=[5.1, 5.1, 5.1, 5.3], C-C-Sep=0.10, ║∇J║=1.8e-04
Iteration 1099/2000-----
currents: [100000.0, 99999.99999863669, 99999.99999878612, 99999.99999896483]
J=1.8e-05, ⟨Jf⟩=1.7e-05, ⟨B·n⟩=1.3e-03, Len=sum([4.1, 4.0, 3.8, 3.7])=15.7, ϰ=[4.4, 4.0, 4.2, 4.0], ∫ϰ²/L>=[5.1, 5.1, 5.1, 5.3], C-C-Sep=0.10, ║∇J║=2.8e-04
Iteration 1100/2000-----
currents: [100000.0, 99999.99999863512, 99999.99999878478, 99999.99999896358]
J=1.8e-05, ⟨Jf⟩=1.7e-05, ⟨B·n⟩=1.3e-03, Len=sum([4.1, 4.0, 3.8, 3.7])=15.7, ϰ=[4.4, 4.0, 4.2, 4.0], ∫ϰ²/L>=[5.1, 5.1, 5.1, 5.3], C-C-Sep=0.10, ║∇J║=3.0e-04
Iteration 1101/2000-----
currents: [100000.0, 99999.99999863488, 99999.99999878457, 99999.99999896337]
J=1.8e-05, ⟨Jf⟩=1.7e-05, ⟨B·n⟩=1.3e-03, Len=sum([4.1, 4.0, 3.8, 3.7])=15.7, ϰ=[4.4, 4.0, 4.1, 4.0], ∫ϰ²/L>=[5.1, 5.1, 5.1, 5.3], C-C-Sep=0.10, ║∇J║=2.1e-04
Iteration 1102/2000-----
currents: [100000.0, 99999.99999863407, 99999.99999878391, 99999.99999896277]
J=1.8e-05, ⟨Jf⟩=1.7e-05, ⟨B·n⟩=1.3e-03, Len=sum([4.1, 4.0, 3.8, 3.7])=15.7, ϰ=[4.4, 4.0, 4.1, 4.0], ∫ϰ²/L>=[5.1, 5.1, 5.1, 5.3], C-C-Sep=0.10, ║∇J║=1.8e-04
Iteration 1103/2000-----
currents: [100000.0, 99999.99999863465, 99999.99999878436, 99999.99999896312]
J=1.8e-05, ⟨Jf⟩=1.7e-05, ⟨B·n⟩=1.3e-03, Len=sum([4.1, 4.0, 3.8, 3.7])=15.7, ϰ=[4.4, 4.0, 4.1, 4.0], ∫ϰ²/L>=[5.1, 5.1, 5.1, 5.3], C-C-Sep=0.10, ║∇J║=1.8e-04
Iteration 1104/2000-----
currents: [100000.0, 99999.99999863465, 99999.99999878435, 99999.99999896307]
J=1.8e-05, ⟨Jf⟩=1.7e-05, ⟨B·n⟩=1.3e-03, Len=sum([4.1, 4.0, 3.8, 3.7])=15.7, ϰ=[4.4, 4.0, 4.1, 4.0], ∫ϰ²/L>=[5.1, 5.1, 5.1, 5.3], C-C-Sep=0.10, ║∇J║=1.6e-04
Iteration 1105/2000-----
currents: [100000.0, 99999.99999863472, 99999.9999987844, 99999.99999896312]
J=1.8e-05, ⟨Jf⟩=1.7e-05, ⟨B·n⟩=1.3e-03, Len=sum([4.1, 4.0, 3.8, 3.7])=15.7, ϰ=[4.4, 4.0, 4.1, 3.9], ∫ϰ²/L>=[5.1, 5.1, 5.1, 5.3], C-C-Sep=0.10, ║∇J║=1.6e-04
Iteration 1106/2000-----
currents: [100000.0, 99999.99999863487, 99999.99999878452, 99999.9999989632]
J=1.8e-05, ⟨Jf⟩=1.7e-05, ⟨B·n⟩=1.3e-03, Len=sum([4.1, 4.0, 3.8, 3.7])=15.7, ϰ=[4.4, 4.0, 4.1, 4.0], ∫ϰ²/L>=[5.1, 5.1, 5.1, 5.3], C-C-Sep=0.10, ║∇J║=1.0e-04
Iteration 1107/2000-----
currents: [100000.0, 99999.99999863475, 99999.99999878443, 99999.99999896312]
J=1.8e-05, ⟨Jf⟩=1.7e-05, ⟨B·n⟩=1.3e-03, Len=sum([4.1, 4.0, 3.8, 3.7])=15.7, ϰ=[4.4, 4.0, 4.1, 4.0], ∫ϰ²/L>=[5.1, 5.1, 5.1, 5.3], C-C-Sep=0.10, ║∇J║=9.9e-05
Iteration 1108/2000-----
currents: [100000.0, 99999.9999986344, 99999.99999878417, 99999.99999896287]
J=1.8e-05, ⟨Jf⟩=1.7e-05, ⟨B·n⟩=1.3e-03, Len=sum([4.1, 4.0, 3.8, 3.7])=15.7, ϰ=[4.4, 4.0, 4.1, 4.0], ∫ϰ²/L>=[5.1, 5.1, 5.1, 5.3], C-C-Sep=0.10, ║∇J║=1.2e-04
Iteration 1109/2000-----
currents: [100000.0, 99999.99999863382, 99999.99999878372, 99999.99999896245]
J=1.8e-05, ⟨Jf⟩=1.7e-05, ⟨B·n⟩=1.3e-03, Len=sum([4.1, 4.0, 3.8, 3.7])=15.7, ϰ=[4.4, 4.0, 4.1, 4.0], ∫ϰ²/L>=[5.1, 5.1, 5.1, 5.3], C-C-Sep=0.10, ║∇J║=1.8e-04
Iteration 1110/2000-----
currents: [100000.0, 99999.99999863324, 99999.99999878326, 99999.99999896203]
J=1.8e-05, ⟨Jf⟩=1.7e-05, ⟨B·n⟩=1.3e-03, Len=sum([4.1, 4.0, 3.8, 3.7])=15.7, ϰ=[4.4, 4.0, 4.1, 4.0], ∫ϰ²/L>=[5.1, 5.1, 5.1, 5.3], C-C-Sep=0.10, ║∇J║=1.5e-04
Iteration 1111/2000-----
currents: [100000.0, 99999.99999863208, 99999.99999878228, 99999.99999896114]
J=1.8e-05, ⟨Jf⟩=1.7e-05, ⟨B·n⟩=1.3e-03, Len=sum([4.1, 4.0, 3.8, 3.7])=15.7, ϰ=[4.4, 4.0, 4.1, 4.0], ∫ϰ²/L>=[5.1, 5.1, 5.1, 5.3], C-C-Sep=0.10, ║∇J║=1.9e-04
Iteration 1112/2000-----
currents: [100000.0, 99999.99999863032, 99999.99999878075, 99999.99999895971]
J=1.8e-05, ⟨Jf⟩=1.7e-05, ⟨B·n⟩=1.3e-03, Len=sum([4.1, 4.0, 3.8, 3.7])=15.7, ϰ=[4.4, 3.9, 4.1, 4.0], ∫ϰ²/L>=[5.1, 5.1, 5.1, 5.3], C-C-Sep=0.10, ║∇J║=3.2e-04
Iteration 1113/2000-----
currents: [100000.0, 99999.9999986293, 99999.9999987798, 99999.99999895881]
J=1.8e-05, ⟨Jf⟩=1.7e-05, ⟨B·n⟩=1.3e-03, Len=sum([4.1, 4.0, 3.8, 3.7])=15.7, ϰ=[4.4, 3.9, 4.1, 4.0], ∫ϰ²/L>=[5.1, 5.1, 5.1, 5.3], C-C-Sep=0.10, ║∇J║=2.5e-04
Iteration 1114/2000-----
currents: [100000.0, 99999.99999862764, 99999.99999877825, 99999.99999895733]
J=1.8e-05, ⟨Jf⟩=1.7e-05, ⟨B·n⟩=1.3e-03, Len=sum([4.1, 4.0, 3.8, 3.7])=15.7, ϰ=[4.4, 3.9, 4.1, 4.0], ∫ϰ²/L>=[5.1, 5.1, 5.1, 5.3], C-C-Sep=0.10, ║∇J║=2.2e-04
Iteration 1115/2000-----
currents: [100000.0, 99999.99999862722, 99999.9999987777, 99999.99999895673]
J=1.8e-05, ⟨Jf⟩=1.7e-05, ⟨B·n⟩=1.3e-03, Len=sum([4.1, 4.0, 3.8, 3.7])=15.7, ϰ=[4.4, 3.9, 4.1, 4.0], ∫ϰ²/L>=[5.1, 5.1, 5.1, 5.3], C-C-Sep=0.10, ║∇J║=3.3e-04
Iteration 1116/2000-----
currents: [100000.0, 99999.99999862757, 99999.99999877797, 99999.99999895698]
J=1.8e-05, ⟨Jf⟩=1.7e-05, ⟨B·n⟩=1.3e-03, Len=sum([4.1, 4.0, 3.8, 3.7])=15.7, ϰ=[4.4, 3.9, 4.1, 4.0], ∫ϰ²/L>=[5.1, 5.1, 5.1, 5.3], C-C-Sep=0.10, ║∇J║=1.4e-04
Iteration 1117/2000-----
currents: [100000.0, 99999.99999862723, 99999.99999877768, 99999.99999895669]
J=1.8e-05, ⟨Jf⟩=1.7e-05, ⟨B·n⟩=1.3e-03, Len=sum([4.1, 4.0, 3.8, 3.7])=15.7, ϰ=[4.4, 4.0, 4.1, 4.0], ∫ϰ²/L>=[5.1, 5.1, 5.1, 5.3], C-C-Sep=0.10, ║∇J║=1.1e-04
Iteration 1118/2000-----
currents: [100000.0, 99999.99999862722, 99999.99999877758, 99999.99999895653]
J=1.8e-05, ⟨Jf⟩=1.7e-05, ⟨B·n⟩=1.3e-03, Len=sum([4.1, 4.0, 3.8, 3.7])=15.7, ϰ=[4.4, 4.0, 4.1, 4.0], ∫ϰ²/L>=[5.1, 5.1, 5.1, 5.3], C-C-Sep=0.10, ║∇J║=1.1e-04
Iteration 1119/2000-----
currents: [100000.0, 99999.99999862694, 99999.99999877726, 99999.99999895618]
J=1.8e-05, ⟨Jf⟩=1.7e-05, ⟨B·n⟩=1.3e-03, Len=sum([4.1, 4.0, 3.8, 3.7])=15.7, ϰ=[4.4, 4.0, 4.1, 4.0], ∫ϰ²/L>=[5.1, 5.1, 5.1, 5.3], C-C-Sep=0.10, ║∇J║=1.3e-04
Iteration 1120/2000-----
currents: [100000.0, 99999.99999862687, 99999.99999877713, 99999.999998956]
J=1.8e-05, ⟨Jf⟩=1.7e-05, ⟨B·n⟩=1.3e-03, Len=sum([4.1, 4.0, 3.8, 3.7])=15.7, ϰ=[4.4, 4.0, 4.1, 4.0], ∫ϰ²/L>=[5.1, 5.1, 5.1, 5.3], C-C-Sep=0.10, ║∇J║=9.3e-05
Iteration 1121/2000-----
currents: [100000.0, 99999.99999862682, 99999.99999877707, 99999.99999895593]
J=1.8e-05, ⟨Jf⟩=1.7e-05, ⟨B·n⟩=1.3e-03, Len=sum([4.1, 4.0, 3.8, 3.7])=15.7, ϰ=[4.4, 4.0, 4.1, 4.0], ∫ϰ²/L>=[5.1, 5.1, 5.1, 5.3], C-C-Sep=0.10, ║∇J║=7.8e-05
Iteration 1122/2000-----
currents: [100000.0, 99999.99999862676, 99999.99999877701, 99999.99999895584]
J=1.8e-05, ⟨Jf⟩=1.7e-05, ⟨B·n⟩=1.3e-03, Len=sum([4.1, 4.0, 3.8, 3.7])=15.7, ϰ=[4.4, 4.0, 4.1, 4.0], ∫ϰ²/L>=[5.1, 5.1, 5.1, 5.3], C-C-Sep=0.10, ║∇J║=9.3e-05
Iteration 1123/2000-----
currents: [100000.0, 99999.99999862647, 99999.99999877675, 99999.99999895557]
J=1.8e-05, ⟨Jf⟩=1.7e-05, ⟨B·n⟩=1.3e-03, Len=sum([4.1, 4.0, 3.8, 3.7])=15.7, ϰ=[4.4, 4.0, 4.1, 4.0], ∫ϰ²/L>=[5.1, 5.1, 5.1, 5.3], C-C-Sep=0.10, ║∇J║=1.6e-04
Iteration 1124/2000-----
currents: [100000.0, 99999.99999862615, 99999.99999877647, 99999.99999895525]
J=1.8e-05, ⟨Jf⟩=1.7e-05, ⟨B·n⟩=1.3e-03, Len=sum([4.1, 4.0, 3.8, 3.7])=15.7, ϰ=[4.4, 4.0, 4.1, 4.0], ∫ϰ²/L>=[5.1, 5.1, 5.1, 5.3], C-C-Sep=0.10, ║∇J║=1.3e-04
Iteration 1125/2000-----
currents: [100000.0, 99999.99999862551, 99999.99999877592, 99999.99999895468]
J=1.8e-05, ⟨Jf⟩=1.7e-05, ⟨B·n⟩=1.3e-03, Len=sum([4.1, 4.0, 3.8, 3.7])=15.7, ϰ=[4.5, 4.0, 4.1, 4.0], ∫ϰ²/L>=[5.1, 5.1, 5.1, 5.3], C-C-Sep=0.10, ║∇J║=1.6e-04
Iteration 1126/2000-----
currents: [100000.0, 99999.99999862467, 99999.99999877517, 99999.99999895389]
J=1.8e-05, ⟨Jf⟩=1.7e-05, ⟨B·n⟩=1.3e-03, Len=sum([4.1, 4.0, 3.8, 3.7])=15.7, ϰ=[4.5, 4.0, 4.1, 4.0], ∫ϰ²/L>=[5.1, 5.1, 5.1, 5.3], C-C-Sep=0.10, ║∇J║=2.5e-04
Iteration 1127/2000-----
currents: [100000.0, 99999.99999862415, 99999.9999987747, 99999.99999895343]
J=1.8e-05, ⟨Jf⟩=1.7e-05, ⟨B·n⟩=1.3e-03, Len=sum([4.1, 4.0, 3.8, 3.7])=15.7, ϰ=[4.5, 4.0, 4.1, 4.0], ∫ϰ²/L>=[5.1, 5.1, 5.1, 5.3], C-C-Sep=0.10, ║∇J║=1.9e-04
Iteration 1128/2000-----
currents: [100000.0, 99999.99999862257, 99999.99999877323, 99999.99999895203]
J=1.8e-05, ⟨Jf⟩=1.7e-05, ⟨B·n⟩=1.3e-03, Len=sum([4.1, 4.0, 3.8, 3.7])=15.7, ϰ=[4.5, 4.0, 4.1, 4.0], ∫ϰ²/L>=[5.1, 5.1, 5.1, 5.3], C-C-Sep=0.10, ║∇J║=2.6e-04
Iteration 1129/2000-----
currents: [100000.0, 99999.99999862252, 99999.9999987732, 99999.99999895203]
J=1.8e-05, ⟨Jf⟩=1.7e-05, ⟨B·n⟩=1.3e-03, Len=sum([4.1, 4.0, 3.8, 3.7])=15.7, ϰ=[4.4, 4.0, 4.1, 4.0], ∫ϰ²/L>=[5.1, 5.1, 5.1, 5.3], C-C-Sep=0.10, ║∇J║=2.3e-04
Iteration 1130/2000-----
currents: [100000.0, 99999.99999862192, 99999.99999877274, 99999.99999895158]
J=1.8e-05, ⟨Jf⟩=1.7e-05, ⟨B·n⟩=1.3e-03, Len=sum([4.1, 4.0, 3.8, 3.7])=15.7, ϰ=[4.4, 4.0, 4.1, 4.0], ∫ϰ²/L>=[5.1, 5.1, 5.1, 5.3], C-C-Sep=0.10, ║∇J║=1.8e-04
Iteration 1131/2000-----
currents: [100000.0, 99999.99999862109, 99999.99999877201, 99999.99999895084]
J=1.8e-05, ⟨Jf⟩=1.7e-05, ⟨B·n⟩=1.3e-03, Len=sum([4.1, 4.0, 3.8, 3.7])=15.7, ϰ=[4.4, 4.0, 4.0, 4.0], ∫ϰ²/L>=[5.1, 5.1, 5.1, 5.3], C-C-Sep=0.10, ║∇J║=1.7e-04
Iteration 1132/2000-----
currents: [100000.0, 99999.99999862071, 99999.9999987718, 99999.9999989507]
J=1.8e-05, ⟨Jf⟩=1.7e-05, ⟨B·n⟩=1.3e-03, Len=sum([4.1, 4.0, 3.8, 3.7])=15.7, ϰ=[4.4, 4.0, 4.0, 4.0], ∫ϰ²/L>=[5.1, 5.1, 5.1, 5.3], C-C-Sep=0.10, ║∇J║=1.3e-04
Iteration 1133/2000-----
currents: [100000.0, 99999.99999862071, 99999.99999877189, 99999.99999895082]
J=1.8e-05, ⟨Jf⟩=1.7e-05, ⟨B·n⟩=1.3e-03, Len=sum([4.1, 4.0, 3.8, 3.7])=15.7, ϰ=[4.4, 4.0, 4.0, 4.0], ∫ϰ²/L>=[5.1, 5.1, 5.1, 5.3], C-C-Sep=0.10, ║∇J║=9.2e-05
Iteration 1134/2000-----
currents: [100000.0, 99999.99999862051, 99999.99999877177, 99999.99999895075]
J=1.8e-05, ⟨Jf⟩=1.7e-05, ⟨B·n⟩=1.3e-03, Len=sum([4.1, 4.0, 3.8, 3.7])=15.7, ϰ=[4.4, 4.0, 4.0, 4.0], ∫ϰ²/L>=[5.1, 5.1, 5.1, 5.3], C-C-Sep=0.10, ║∇J║=1.1e-04
Iteration 1135/2000-----
currents: [100000.0, 99999.9999986206, 99999.99999877183, 99999.9999989508]
J=1.8e-05, ⟨Jf⟩=1.7e-05, ⟨B·n⟩=1.3e-03, Len=sum([4.1, 4.0, 3.8, 3.7])=15.7, ϰ=[4.4, 4.0, 4.0, 4.0], ∫ϰ²/L>=[5.1, 5.1, 5.1, 5.3], C-C-Sep=0.10, ║∇J║=8.1e-05
Iteration 1136/2000-----
currents: [100000.0, 99999.9999986208, 99999.99999877198, 99999.99999895094]
J=1.8e-05, ⟨Jf⟩=1.7e-05, ⟨B·n⟩=1.3e-03, Len=sum([4.1, 4.0, 3.8, 3.7])=15.7, ϰ=[4.4, 4.0, 4.0, 4.0], ∫ϰ²/L>=[5.1, 5.1, 5.1, 5.3], C-C-Sep=0.10, ║∇J║=7.3e-05
Iteration 1137/2000-----
currents: [100000.0, 99999.99999862062, 99999.99999877176, 99999.99999895072]
J=1.8e-05, ⟨Jf⟩=1.7e-05, ⟨B·n⟩=1.3e-03, Len=sum([4.1, 4.0, 3.8, 3.7])=15.7, ϰ=[4.4, 4.0, 4.0, 4.0], ∫ϰ²/L>=[5.1, 5.1, 5.1, 5.3], C-C-Sep=0.10, ║∇J║=8.9e-05
Iteration 1138/2000-----
currents: [100000.0, 99999.99999862033, 99999.99999877145, 99999.99999895043]
J=1.8e-05, ⟨Jf⟩=1.7e-05, ⟨B·n⟩=1.3e-03, Len=sum([4.1, 4.0, 3.8, 3.7])=15.7, ϰ=[4.4, 4.0, 4.0, 4.0], ∫ϰ²/L>=[5.1, 5.1, 5.1, 5.3], C-C-Sep=0.10, ║∇J║=1.5e-04
Iteration 1139/2000-----
currents: [100000.0, 99999.99999861987, 99999.99999877099, 99999.99999894998]
J=1.8e-05, ⟨Jf⟩=1.7e-05, ⟨B·n⟩=1.3e-03, Len=sum([4.1, 4.0, 3.8, 3.7])=15.7, ϰ=[4.4, 4.0, 4.0, 4.0], ∫ϰ²/L>=[5.1, 5.1, 5.1, 5.3], C-C-Sep=0.10, ║∇J║=1.5e-04
Iteration 1140/2000-----
currents: [100000.0, 99999.99999861809, 99999.9999987694, 99999.99999894848]
J=1.8e-05, ⟨Jf⟩=1.7e-05, ⟨B·n⟩=1.3e-03, Len=sum([4.1, 4.0, 3.8, 3.7])=15.7, ϰ=[4.4, 4.0, 4.0, 3.9], ∫ϰ²/L>=[5.1, 5.1, 5.1, 5.3], C-C-Sep=0.10, ║∇J║=2.2e-04
Iteration 1141/2000-----
currents: [100000.0, 99999.99999861665, 99999.99999876808, 99999.99999894723]
J=1.8e-05, ⟨Jf⟩=1.7e-05, ⟨B·n⟩=1.3e-03, Len=sum([4.1, 4.0, 3.8, 3.7])=15.7, ϰ=[4.4, 4.0, 4.0, 3.9], ∫ϰ²/L>=[5.1, 5.1, 5.1, 5.3], C-C-Sep=0.10, ║∇J║=2.6e-04
Iteration 1142/2000-----
currents: [100000.0, 99999.99999861686, 99999.9999987683, 99999.9999989475]
J=1.8e-05, ⟨Jf⟩=1.7e-05, ⟨B·n⟩=1.3e-03, Len=sum([4.1, 4.0, 3.8, 3.7])=15.7, ϰ=[4.4, 4.0, 4.0, 3.9], ∫ϰ²/L>=[5.1, 5.1, 5.1, 5.3], C-C-Sep=0.10, ║∇J║=2.2e-04
Iteration 1143/2000-----
currents: [100000.0, 99999.99999861566, 99999.99999876728, 99999.99999894659]
J=1.8e-05, ⟨Jf⟩=1.7e-05, ⟨B·n⟩=1.3e-03, Len=sum([4.1, 4.0, 3.8, 3.7])=15.7, ϰ=[4.4, 4.0, 4.0, 3.9], ∫ϰ²/L>=[5.1, 5.1, 5.1, 5.3], C-C-Sep=0.10, ║∇J║=1.8e-04
Iteration 1144/2000-----
currents: [100000.0, 99999.9999986155, 99999.99999876709, 99999.99999894646]
J=1.8e-05, ⟨Jf⟩=1.7e-05, ⟨B·n⟩=1.3e-03, Len=sum([4.1, 4.0, 3.8, 3.7])=15.7, ϰ=[4.4, 4.0, 4.0, 3.9], ∫ϰ²/L>=[5.1, 5.1, 5.1, 5.3], C-C-Sep=0.10, ║∇J║=1.2e-04
Iteration 1145/2000-----
currents: [100000.0, 99999.9999986155, 99999.99999876702, 99999.9999989465]
J=1.8e-05, ⟨Jf⟩=1.7e-05, ⟨B·n⟩=1.3e-03, Len=sum([4.1, 4.0, 3.8, 3.7])=15.7, ϰ=[4.4, 4.0, 4.0, 3.9], ∫ϰ²/L>=[5.1, 5.1, 5.1, 5.3], C-C-Sep=0.10, ║∇J║=1.7e-04
Iteration 1146/2000-----
currents: [100000.0, 99999.99999861515, 99999.99999876664, 99999.99999894616]
J=1.8e-05, ⟨Jf⟩=1.7e-05, ⟨B·n⟩=1.3e-03, Len=sum([4.1, 4.0, 3.8, 3.7])=15.7, ϰ=[4.4, 4.0, 4.0, 3.9], ∫ϰ²/L>=[5.1, 5.1, 5.1, 5.3], C-C-Sep=0.10, ║∇J║=1.1e-04
Iteration 1147/2000-----
currents: [100000.0, 99999.99999861425, 99999.99999876584, 99999.99999894545]
J=1.8e-05, ⟨Jf⟩=1.7e-05, ⟨B·n⟩=1.3e-03, Len=sum([4.1, 4.0, 3.8, 3.7])=15.7, ϰ=[4.4, 4.0, 4.0, 3.9], ∫ϰ²/L>=[5.1, 5.1, 5.1, 5.3], C-C-Sep=0.10, ║∇J║=7.1e-05
Iteration 1148/2000-----
currents: [100000.0, 99999.99999861384, 99999.9999987655, 99999.9999989452]
J=1.8e-05, ⟨Jf⟩=1.7e-05, ⟨B·n⟩=1.3e-03, Len=sum([4.1, 4.0, 3.8, 3.7])=15.7, ϰ=[4.4, 4.0, 4.0, 3.9], ∫ϰ²/L>=[5.1, 5.1, 5.1, 5.3], C-C-Sep=0.10, ║∇J║=7.1e-05
Iteration 1149/2000-----
currents: [100000.0, 99999.9999986129, 99999.9999987647, 99999.99999894454]
J=1.8e-05, ⟨Jf⟩=1.7e-05, ⟨B·n⟩=1.3e-03, Len=sum([4.1, 4.0, 3.8, 3.7])=15.7, ϰ=[4.4, 4.0, 4.0, 3.9], ∫ϰ²/L>=[5.1, 5.1, 5.1, 5.3], C-C-Sep=0.10, ║∇J║=1.0e-04
Iteration 1150/2000-----
currents: [100000.0, 99999.99999861246, 99999.99999876428, 99999.99999894421]
J=1.8e-05, ⟨Jf⟩=1.7e-05, ⟨B·n⟩=1.3e-03, Len=sum([4.1, 4.0, 3.8, 3.7])=15.7, ϰ=[4.4, 4.0, 4.0, 3.9], ∫ϰ²/L>=[5.1, 5.1, 5.1, 5.3], C-C-Sep=0.10, ║∇J║=9.6e-05
Iteration 1151/2000-----
currents: [100000.0, 99999.99999861195, 99999.99999876377, 99999.99999894387]
J=1.8e-05, ⟨Jf⟩=1.7e-05, ⟨B·n⟩=1.3e-03, Len=sum([4.1, 4.0, 3.8, 3.7])=15.7, ϰ=[4.4, 4.0, 4.0, 3.9], ∫ϰ²/L>=[5.1, 5.1, 5.1, 5.3], C-C-Sep=0.10, ║∇J║=1.2e-04
Iteration 1152/2000-----
currents: [100000.0, 99999.99999861122, 99999.999998763, 99999.99999894334]
J=1.8e-05, ⟨Jf⟩=1.7e-05, ⟨B·n⟩=1.3e-03, Len=sum([4.1, 4.0, 3.8, 3.7])=15.7, ϰ=[4.4, 4.0, 4.0, 3.9], ∫ϰ²/L>=[5.1, 5.1, 5.1, 5.3], C-C-Sep=0.10, ║∇J║=2.1e-04
Iteration 1153/2000-----
currents: [100000.0, 99999.99999861003, 99999.99999876178, 99999.99999894248]
J=1.8e-05, ⟨Jf⟩=1.7e-05, ⟨B·n⟩=1.3e-03, Len=sum([4.1, 4.0, 3.8, 3.7])=15.7, ϰ=[4.4, 4.0, 4.1, 3.9], ∫ϰ²/L>=[5.1, 5.1, 5.1, 5.3], C-C-Sep=0.10, ║∇J║=2.1e-04
Iteration 1154/2000-----
currents: [100000.0, 99999.9999986093, 99999.99999876098, 99999.99999894193]
J=1.8e-05, ⟨Jf⟩=1.7e-05, ⟨B·n⟩=1.3e-03, Len=sum([4.1, 4.0, 3.8, 3.7])=15.7, ϰ=[4.4, 4.0, 4.1, 3.9], ∫ϰ²/L>=[5.1, 5.1, 5.1, 5.3], C-C-Sep=0.10, ║∇J║=1.6e-04
Iteration 1155/2000-----
currents: [100000.0, 99999.99999860747, 99999.99999875916, 99999.99999894068]
J=1.8e-05, ⟨Jf⟩=1.7e-05, ⟨B·n⟩=1.3e-03, Len=sum([4.1, 4.0, 3.8, 3.7])=15.7, ϰ=[4.4, 4.0, 4.1, 3.9], ∫ϰ²/L>=[5.1, 5.1, 5.1, 5.3], C-C-Sep=0.10, ║∇J║=2.2e-04
Iteration 1156/2000-----
currents: [100000.0, 99999.99999860655, 99999.99999875823, 99999.99999894]
J=1.8e-05, ⟨Jf⟩=1.7e-05, ⟨B·n⟩=1.3e-03, Len=sum([4.1, 4.0, 3.8, 3.7])=15.7, ϰ=[4.4, 4.0, 4.1, 3.9], ∫ϰ²/L>=[5.1, 5.1, 5.1, 5.3], C-C-Sep=0.10, ║∇J║=2.8e-04
Iteration 1157/2000-----
currents: [100000.0, 99999.99999860718, 99999.99999875884, 99999.9999989406]
J=1.8e-05, ⟨Jf⟩=1.7e-05, ⟨B·n⟩=1.3e-03, Len=sum([4.1, 4.0, 3.8, 3.7])=15.7, ϰ=[4.4, 4.0, 4.1, 3.9], ∫ϰ²/L>=[5.1, 5.1, 5.1, 5.3], C-C-Sep=0.10, ║∇J║=1.4e-04
Iteration 1158/2000-----
currents: [100000.0, 99999.99999860673, 99999.99999875849, 99999.99999894039]
J=1.8e-05, ⟨Jf⟩=1.7e-05, ⟨B·n⟩=1.3e-03, Len=sum([4.1, 4.0, 3.8, 3.7])=15.7, ϰ=[4.4, 4.0, 4.1, 3.9], ∫ϰ²/L>=[5.1, 5.1, 5.1, 5.3], C-C-Sep=0.10, ║∇J║=8.7e-05
Iteration 1159/2000-----
currents: [100000.0, 99999.99999860655, 99999.9999987583, 99999.99999894033]
J=1.8e-05, ⟨Jf⟩=1.7e-05, ⟨B·n⟩=1.3e-03, Len=sum([4.1, 4.0, 3.8, 3.7])=15.7, ϰ=[4.4, 4.0, 4.1, 3.9], ∫ϰ²/L>=[5.1, 5.1, 5.1, 5.3], C-C-Sep=0.10, ║∇J║=8.0e-05
Iteration 1160/2000-----
currents: [100000.0, 99999.99999860623, 99999.99999875798, 99999.99999894017]
J=1.8e-05, ⟨Jf⟩=1.7e-05, ⟨B·n⟩=1.3e-03, Len=sum([4.1, 4.0, 3.8, 3.7])=15.7, ϰ=[4.4, 4.0, 4.1, 3.9], ∫ϰ²/L>=[5.1, 5.1, 5.1, 5.3], C-C-Sep=0.10, ║∇J║=1.2e-04
Iteration 1161/2000-----
currents: [100000.0, 99999.9999986058, 99999.99999875754, 99999.99999893985]
J=1.8e-05, ⟨Jf⟩=1.7e-05, ⟨B·n⟩=1.3e-03, Len=sum([4.1, 4.0, 3.8, 3.7])=15.7, ϰ=[4.4, 4.0, 4.1, 3.9], ∫ϰ²/L>=[5.1, 5.1, 5.1, 5.3], C-C-Sep=0.10, ║∇J║=7.3e-05
Iteration 1162/2000-----
currents: [100000.0, 99999.99999860607, 99999.99999875776, 99999.99999894004]
J=1.8e-05, ⟨Jf⟩=1.7e-05, ⟨B·n⟩=1.3e-03, Len=sum([4.1, 4.0, 3.8, 3.7])=15.7, ϰ=[4.4, 4.0, 4.1, 3.9], ∫ϰ²/L>=[5.1, 5.1, 5.1, 5.3], C-C-Sep=0.10, ║∇J║=6.5e-05
Iteration 1163/2000-----
currents: [100000.0, 99999.9999986061, 99999.99999875778, 99999.99999894004]
J=1.8e-05, ⟨Jf⟩=1.7e-05, ⟨B·n⟩=1.3e-03, Len=sum([4.1, 4.0, 3.8, 3.7])=15.7, ϰ=[4.4, 4.0, 4.1, 3.9], ∫ϰ²/L>=[5.1, 5.1, 5.1, 5.3], C-C-Sep=0.10, ║∇J║=7.9e-05
Iteration 1164/2000-----
currents: [100000.0, 99999.99999860597, 99999.99999875762, 99999.99999893992]
J=1.8e-05, ⟨Jf⟩=1.7e-05, ⟨B·n⟩=1.3e-03, Len=sum([4.1, 4.0, 3.8, 3.7])=15.7, ϰ=[4.4, 4.0, 4.1, 3.9], ∫ϰ²/L>=[5.1, 5.1, 5.1, 5.3], C-C-Sep=0.10, ║∇J║=1.3e-04
Iteration 1165/2000-----
currents: [100000.0, 99999.99999860549, 99999.99999875715, 99999.9999989396]
J=1.8e-05, ⟨Jf⟩=1.7e-05, ⟨B·n⟩=1.3e-03, Len=sum([4.1, 4.0, 3.8, 3.7])=15.7, ϰ=[4.4, 4.0, 4.1, 3.9], ∫ϰ²/L>=[5.1, 5.1, 5.1, 5.3], C-C-Sep=0.10, ║∇J║=1.2e-04
Iteration 1166/2000-----
currents: [100000.0, 99999.99999860389, 99999.99999875565, 99999.99999893851]
J=1.8e-05, ⟨Jf⟩=1.7e-05, ⟨B·n⟩=1.3e-03, Len=sum([4.1, 4.0, 3.8, 3.7])=15.7, ϰ=[4.4, 4.0, 4.1, 3.9], ∫ϰ²/L>=[5.1, 5.1, 5.1, 5.3], C-C-Sep=0.10, ║∇J║=1.5e-04
Iteration 1167/2000-----
currents: [100000.0, 99999.99999860214, 99999.99999875393, 99999.99999893733]
J=1.8e-05, ⟨Jf⟩=1.7e-05, ⟨B·n⟩=1.3e-03, Len=sum([4.1, 4.0, 3.8, 3.7])=15.7, ϰ=[4.4, 4.0, 4.1, 3.9], ∫ϰ²/L>=[5.1, 5.1, 5.1, 5.3], C-C-Sep=0.10, ║∇J║=2.6e-04
Iteration 1168/2000-----
currents: [100000.0, 99999.99999860143, 99999.99999875325, 99999.99999893685]
J=1.8e-05, ⟨Jf⟩=1.7e-05, ⟨B·n⟩=1.3e-03, Len=sum([4.1, 4.0, 3.8, 3.7])=15.7, ϰ=[4.4, 4.0, 4.1, 3.9], ∫ϰ²/L>=[5.1, 5.1, 5.1, 5.3], C-C-Sep=0.10, ║∇J║=1.7e-04
Iteration 1169/2000-----
currents: [100000.0, 99999.9999986, 99999.99999875184, 99999.99999893582]
J=1.8e-05, ⟨Jf⟩=1.7e-05, ⟨B·n⟩=1.3e-03, Len=sum([4.1, 4.0, 3.8, 3.7])=15.7, ϰ=[4.4, 4.0, 4.1, 3.9], ∫ϰ²/L>=[5.1, 5.1, 5.1, 5.3], C-C-Sep=0.10, ║∇J║=1.5e-04
Iteration 1170/2000-----
currents: [100000.0, 99999.99999859913, 99999.99999875089, 99999.99999893513]
J=1.8e-05, ⟨Jf⟩=1.7e-05, ⟨B·n⟩=1.3e-03, Len=sum([4.1, 4.0, 3.8, 3.7])=15.7, ϰ=[4.4, 4.0, 4.1, 3.9], ∫ϰ²/L>=[5.1, 5.1, 5.1, 5.3], C-C-Sep=0.10, ║∇J║=1.6e-04
Iteration 1171/2000-----
currents: [100000.0, 99999.9999985966, 99999.99999874845, 99999.99999893326]
J=1.8e-05, ⟨Jf⟩=1.7e-05, ⟨B·n⟩=1.3e-03, Len=sum([4.1, 4.0, 3.8, 3.7])=15.7, ϰ=[4.4, 4.0, 4.1, 3.9], ∫ϰ²/L>=[5.1, 5.1, 5.1, 5.3], C-C-Sep=0.10, ║∇J║=2.8e-04
Iteration 1172/2000-----
currents: [100000.0, 99999.99999859734, 99999.99999874903, 99999.99999893374]
J=1.8e-05, ⟨Jf⟩=1.7e-05, ⟨B·n⟩=1.3e-03, Len=sum([4.1, 4.0, 3.8, 3.7])=15.7, ϰ=[4.4, 4.0, 4.1, 3.9], ∫ϰ²/L>=[5.1, 5.1, 5.1, 5.3], C-C-Sep=0.10, ║∇J║=9.4e-05
Iteration 1173/2000-----
currents: [100000.0, 99999.9999985973, 99999.99999874899, 99999.9999989337]
J=1.8e-05, ⟨Jf⟩=1.7e-05, ⟨B·n⟩=1.3e-03, Len=sum([4.1, 4.0, 3.8, 3.7])=15.7, ϰ=[4.4, 4.0, 4.1, 3.9], ∫ϰ²/L>=[5.1, 5.1, 5.1, 5.3], C-C-Sep=0.10, ║∇J║=7.3e-05
Iteration 1174/2000-----
currents: [100000.0, 99999.999998597, 99999.99999874867, 99999.99999893346]
J=1.8e-05, ⟨Jf⟩=1.7e-05, ⟨B·n⟩=1.3e-03, Len=sum([4.1, 4.0, 3.8, 3.7])=15.7, ϰ=[4.4, 4.1, 4.1, 3.9], ∫ϰ²/L>=[5.1, 5.1, 5.1, 5.3], C-C-Sep=0.10, ║∇J║=6.8e-05
Iteration 1175/2000-----
currents: [100000.0, 99999.99999859631, 99999.999998748, 99999.99999893297]
J=1.8e-05, ⟨Jf⟩=1.7e-05, ⟨B·n⟩=1.3e-03, Len=sum([4.1, 4.0, 3.8, 3.7])=15.7, ϰ=[4.4, 4.1, 4.1, 3.9], ∫ϰ²/L>=[5.1, 5.1, 5.1, 5.3], C-C-Sep=0.10, ║∇J║=1.1e-04
Iteration 1176/2000-----
currents: [100000.0, 99999.99999859605, 99999.9999987477, 99999.99999893276]
J=1.8e-05, ⟨Jf⟩=1.7e-05, ⟨B·n⟩=1.3e-03, Len=sum([4.1, 4.0, 3.8, 3.7])=15.7, ϰ=[4.4, 4.1, 4.1, 3.9], ∫ϰ²/L>=[5.1, 5.1, 5.1, 5.3], C-C-Sep=0.10, ║∇J║=6.6e-05
Iteration 1177/2000-----
currents: [100000.0, 99999.99999859584, 99999.99999874749, 99999.99999893263]
J=1.8e-05, ⟨Jf⟩=1.7e-05, ⟨B·n⟩=1.3e-03, Len=sum([4.1, 4.0, 3.8, 3.7])=15.7, ϰ=[4.4, 4.1, 4.1, 3.9], ∫ϰ²/L>=[5.1, 5.1, 5.1, 5.3], C-C-Sep=0.10, ║∇J║=7.5e-05
Iteration 1178/2000-----
currents: [100000.0, 99999.99999859548, 99999.99999874711, 99999.99999893241]
J=1.8e-05, ⟨Jf⟩=1.7e-05, ⟨B·n⟩=1.3e-03, Len=sum([4.1, 4.0, 3.8, 3.7])=15.7, ϰ=[4.4, 4.1, 4.1, 3.9], ∫ϰ²/L>=[5.1, 5.1, 5.1, 5.3], C-C-Sep=0.10, ║∇J║=1.1e-04
Iteration 1179/2000-----
currents: [100000.0, 99999.99999859501, 99999.99999874657, 99999.99999893215]
J=1.8e-05, ⟨Jf⟩=1.7e-05, ⟨B·n⟩=1.3e-03, Len=sum([4.1, 4.0, 3.8, 3.7])=15.7, ϰ=[4.4, 4.1, 4.1, 3.9], ∫ϰ²/L>=[5.1, 5.1, 5.1, 5.3], C-C-Sep=0.10, ║∇J║=1.8e-04
Iteration 1180/2000-----
currents: [100000.0, 99999.99999859431, 99999.99999874583, 99999.99999893176]
J=1.8e-05, ⟨Jf⟩=1.7e-05, ⟨B·n⟩=1.3e-03, Len=sum([4.1, 4.0, 3.8, 3.7])=15.7, ϰ=[4.4, 4.1, 4.1, 3.9], ∫ϰ²/L>=[5.1, 5.1, 5.1, 5.3], C-C-Sep=0.10, ║∇J║=1.4e-04
Iteration 1181/2000-----
currents: [100000.0, 99999.9999985932, 99999.99999874464, 99999.99999893107]
J=1.8e-05, ⟨Jf⟩=1.7e-05, ⟨B·n⟩=1.3e-03, Len=sum([4.1, 4.0, 3.8, 3.7])=15.7, ϰ=[4.4, 4.1, 4.1, 3.9], ∫ϰ²/L>=[5.1, 5.1, 5.1, 5.3], C-C-Sep=0.10, ║∇J║=1.4e-04
Iteration 1182/2000-----
currents: [100000.0, 99999.9999985918, 99999.99999874312, 99999.99999893025]
J=1.8e-05, ⟨Jf⟩=1.7e-05, ⟨B·n⟩=1.3e-03, Len=sum([4.1, 4.0, 3.8, 3.7])=15.7, ϰ=[4.3, 4.1, 4.0, 3.9], ∫ϰ²/L>=[5.1, 5.1, 5.1, 5.3], C-C-Sep=0.10, ║∇J║=2.3e-04
Iteration 1183/2000-----
currents: [100000.0, 99999.99999859104, 99999.99999874232, 99999.99999892974]
J=1.8e-05, ⟨Jf⟩=1.7e-05, ⟨B·n⟩=1.3e-03, Len=sum([4.1, 4.0, 3.8, 3.7])=15.7, ϰ=[4.3, 4.1, 4.0, 3.9], ∫ϰ²/L>=[5.1, 5.1, 5.1, 5.3], C-C-Sep=0.10, ║∇J║=1.5e-04
Iteration 1184/2000-----
currents: [100000.0, 99999.9999985902, 99999.99999874145, 99999.99999892914]
J=1.8e-05, ⟨Jf⟩=1.7e-05, ⟨B·n⟩=1.3e-03, Len=sum([4.1, 4.0, 3.8, 3.7])=15.7, ϰ=[4.3, 4.1, 4.0, 3.9], ∫ϰ²/L>=[5.1, 5.1, 5.1, 5.3], C-C-Sep=0.10, ║∇J║=1.2e-04
Iteration 1185/2000-----
currents: [100000.0, 99999.99999858922, 99999.99999874044, 99999.99999892847]
J=1.8e-05, ⟨Jf⟩=1.7e-05, ⟨B·n⟩=1.3e-03, Len=sum([4.1, 4.0, 3.8, 3.7])=15.7, ϰ=[4.3, 4.1, 4.0, 4.0], ∫ϰ²/L>=[5.1, 5.1, 5.1, 5.3], C-C-Sep=0.10, ║∇J║=1.3e-04
Iteration 1186/2000-----
currents: [100000.0, 99999.99999858848, 99999.9999987397, 99999.99999892805]
J=1.8e-05, ⟨Jf⟩=1.7e-05, ⟨B·n⟩=1.3e-03, Len=sum([4.1, 4.0, 3.8, 3.7])=15.7, ϰ=[4.3, 4.1, 4.0, 4.0], ∫ϰ²/L>=[5.1, 5.1, 5.1, 5.3], C-C-Sep=0.10, ║∇J║=1.6e-04
Iteration 1187/2000-----
currents: [100000.0, 99999.99999858811, 99999.99999873935, 99999.99999892779]
J=1.8e-05, ⟨Jf⟩=1.7e-05, ⟨B·n⟩=1.3e-03, Len=sum([4.1, 4.0, 3.8, 3.7])=15.7, ϰ=[4.3, 4.1, 4.0, 4.0], ∫ϰ²/L>=[5.1, 5.1, 5.1, 5.3], C-C-Sep=0.10, ║∇J║=8.3e-05
Iteration 1188/2000-----
currents: [100000.0, 99999.99999858795, 99999.99999873922, 99999.99999892768]
J=1.8e-05, ⟨Jf⟩=1.7e-05, ⟨B·n⟩=1.3e-03, Len=sum([4.1, 4.0, 3.8, 3.7])=15.7, ϰ=[4.3, 4.1, 4.0, 4.0], ∫ϰ²/L>=[5.1, 5.1, 5.1, 5.3], C-C-Sep=0.10, ║∇J║=6.6e-05
Iteration 1189/2000-----
currents: [100000.0, 99999.99999858771, 99999.999998739, 99999.99999892752]
J=1.8e-05, ⟨Jf⟩=1.7e-05, ⟨B·n⟩=1.3e-03, Len=sum([4.1, 4.0, 3.8, 3.7])=15.7, ϰ=[4.3, 4.1, 4.0, 4.0], ∫ϰ²/L>=[5.1, 5.1, 5.1, 5.3], C-C-Sep=0.10, ║∇J║=6.7e-05
Iteration 1190/2000-----
currents: [100000.0, 99999.99999858734, 99999.99999873868, 99999.9999989273]
J=1.8e-05, ⟨Jf⟩=1.7e-05, ⟨B·n⟩=1.3e-03, Len=sum([4.1, 4.0, 3.8, 3.7])=15.7, ϰ=[4.3, 4.1, 4.0, 4.0], ∫ϰ²/L>=[5.1, 5.1, 5.1, 5.3], C-C-Sep=0.10, ║∇J║=1.1e-04
Iteration 1191/2000-----
currents: [100000.0, 99999.99999858718, 99999.99999873852, 99999.99999892722]
J=1.8e-05, ⟨Jf⟩=1.7e-05, ⟨B·n⟩=1.3e-03, Len=sum([4.1, 4.0, 3.8, 3.7])=15.7, ϰ=[4.3, 4.1, 4.0, 4.0], ∫ϰ²/L>=[5.1, 5.1, 5.1, 5.3], C-C-Sep=0.10, ║∇J║=8.6e-05
Iteration 1192/2000-----
currents: [100000.0, 99999.99999858704, 99999.99999873835, 99999.99999892713]
J=1.8e-05, ⟨Jf⟩=1.7e-05, ⟨B·n⟩=1.3e-03, Len=sum([4.1, 4.0, 3.8, 3.7])=15.7, ϰ=[4.3, 4.1, 4.0, 4.0], ∫ϰ²/L>=[5.1, 5.1, 5.1, 5.3], C-C-Sep=0.10, ║∇J║=1.0e-04
Iteration 1193/2000-----
currents: [100000.0, 99999.99999858628, 99999.9999987376, 99999.99999892665]
J=1.8e-05, ⟨Jf⟩=1.7e-05, ⟨B·n⟩=1.3e-03, Len=sum([4.1, 4.0, 3.8, 3.7])=15.7, ϰ=[4.3, 4.1, 4.0, 4.0], ∫ϰ²/L>=[5.1, 5.1, 5.1, 5.3], C-C-Sep=0.10, ║∇J║=1.3e-04
Iteration 1194/2000-----
currents: [100000.0, 99999.9999985853, 99999.99999873668, 99999.99999892614]
J=1.8e-05, ⟨Jf⟩=1.7e-05, ⟨B·n⟩=1.3e-03, Len=sum([4.1, 4.0, 3.8, 3.7])=15.7, ϰ=[4.3, 4.1, 4.1, 4.0], ∫ϰ²/L>=[5.1, 5.1, 5.1, 5.3], C-C-Sep=0.10, ║∇J║=1.9e-04
Iteration 1195/2000-----
currents: [100000.0, 99999.99999858427, 99999.99999873572, 99999.99999892559]
J=1.8e-05, ⟨Jf⟩=1.7e-05, ⟨B·n⟩=1.3e-03, Len=sum([4.1, 4.0, 3.8, 3.7])=15.7, ϰ=[4.3, 4.1, 4.1, 4.0], ∫ϰ²/L>=[5.1, 5.1, 5.1, 5.3], C-C-Sep=0.10, ║∇J║=1.6e-04
Iteration 1196/2000-----
currents: [100000.0, 99999.99999858292, 99999.99999873455, 99999.99999892489]
J=1.8e-05, ⟨Jf⟩=1.7e-05, ⟨B·n⟩=1.3e-03, Len=sum([4.1, 4.0, 3.8, 3.7])=15.7, ϰ=[4.3, 4.1, 4.1, 3.9], ∫ϰ²/L>=[5.1, 5.1, 5.1, 5.3], C-C-Sep=0.10, ║∇J║=1.3e-04
Iteration 1197/2000-----
currents: [100000.0, 99999.99999858199, 99999.99999873375, 99999.99999892448]
J=1.8e-05, ⟨Jf⟩=1.7e-05, ⟨B·n⟩=1.3e-03, Len=sum([4.1, 4.0, 3.8, 3.7])=15.7, ϰ=[4.3, 4.1, 4.1, 3.9], ∫ϰ²/L>=[5.1, 5.1, 5.1, 5.3], C-C-Sep=0.10, ║∇J║=1.6e-04
Iteration 1198/2000-----
currents: [100000.0, 99999.9999985814, 99999.99999873328, 99999.99999892419]
J=1.8e-05, ⟨Jf⟩=1.7e-05, ⟨B·n⟩=1.3e-03, Len=sum([4.1, 4.0, 3.8, 3.7])=15.7, ϰ=[4.3, 4.1, 4.1, 3.9], ∫ϰ²/L>=[5.1, 5.1, 5.1, 5.3], C-C-Sep=0.10, ║∇J║=1.2e-04
Iteration 1199/2000-----
currents: [100000.0, 99999.99999858138, 99999.99999873326, 99999.9999989242]
J=1.8e-05, ⟨Jf⟩=1.7e-05, ⟨B·n⟩=1.3e-03, Len=sum([4.1, 4.0, 3.8, 3.7])=15.7, ϰ=[4.3, 4.1, 4.1, 3.9], ∫ϰ²/L>=[5.1, 5.1, 5.1, 5.3], C-C-Sep=0.10, ║∇J║=7.5e-05
Iteration 1200/2000-----
currents: [100000.0, 99999.99999858114, 99999.99999873304, 99999.99999892409]
J=1.8e-05, ⟨Jf⟩=1.7e-05, ⟨B·n⟩=1.3e-03, Len=sum([4.1, 4.0, 3.8, 3.7])=15.7, ϰ=[4.3, 4.1, 4.1, 3.9], ∫ϰ²/L>=[5.1, 5.1, 5.1, 5.3], C-C-Sep=0.10, ║∇J║=6.2e-05
Iteration 1201/2000-----
currents: [100000.0, 99999.9999985809, 99999.99999873282, 99999.99999892397]
J=1.8e-05, ⟨Jf⟩=1.7e-05, ⟨B·n⟩=1.3e-03, Len=sum([4.1, 4.0, 3.8, 3.7])=15.7, ϰ=[4.3, 4.1, 4.1, 3.9], ∫ϰ²/L>=[5.1, 5.1, 5.1, 5.3], C-C-Sep=0.10, ║∇J║=6.0e-05
Iteration 1202/2000-----
currents: [100000.0, 99999.99999858043, 99999.99999873244, 99999.99999892371]
J=1.8e-05, ⟨Jf⟩=1.7e-05, ⟨B·n⟩=1.3e-03, Len=sum([4.1, 4.0, 3.8, 3.7])=15.7, ϰ=[4.3, 4.1, 4.1, 3.9], ∫ϰ²/L>=[5.1, 5.1, 5.1, 5.3], C-C-Sep=0.10, ║∇J║=5.4e-05
Iteration 1203/2000-----
currents: [100000.0, 99999.99999858004, 99999.99999873212, 99999.99999892346]
J=1.8e-05, ⟨Jf⟩=1.7e-05, ⟨B·n⟩=1.3e-03, Len=sum([4.1, 4.0, 3.8, 3.7])=15.7, ϰ=[4.3, 4.1, 4.1, 3.9], ∫ϰ²/L>=[5.1, 5.1, 5.1, 5.3], C-C-Sep=0.10, ║∇J║=6.4e-05
Iteration 1204/2000-----
currents: [100000.0, 99999.99999857969, 99999.99999873187, 99999.99999892327]
J=1.8e-05, ⟨Jf⟩=1.7e-05, ⟨B·n⟩=1.3e-03, Len=sum([4.1, 4.0, 3.8, 3.7])=15.7, ϰ=[4.3, 4.1, 4.1, 3.9], ∫ϰ²/L>=[5.1, 5.1, 5.1, 5.3], C-C-Sep=0.10, ║∇J║=7.8e-05
Iteration 1205/2000-----
currents: [100000.0, 99999.99999857906, 99999.99999873141, 99999.99999892293]
J=1.8e-05, ⟨Jf⟩=1.7e-05, ⟨B·n⟩=1.3e-03, Len=sum([4.1, 4.0, 3.8, 3.7])=15.7, ϰ=[4.3, 4.1, 4.1, 3.9], ∫ϰ²/L>=[5.1, 5.1, 5.1, 5.3], C-C-Sep=0.10, ║∇J║=1.0e-04
Iteration 1206/2000-----
currents: [100000.0, 99999.99999857842, 99999.9999987309, 99999.9999989226]
J=1.8e-05, ⟨Jf⟩=1.7e-05, ⟨B·n⟩=1.3e-03, Len=sum([4.1, 4.0, 3.8, 3.7])=15.7, ϰ=[4.3, 4.1, 4.1, 3.9], ∫ϰ²/L>=[5.1, 5.1, 5.1, 5.3], C-C-Sep=0.10, ║∇J║=1.1e-04
Iteration 1207/2000-----
currents: [100000.0, 99999.99999857788, 99999.99999873045, 99999.99999892234]
J=1.8e-05, ⟨Jf⟩=1.7e-05, ⟨B·n⟩=1.3e-03, Len=sum([4.1, 4.0, 3.8, 3.7])=15.7, ϰ=[4.3, 4.1, 4.1, 3.9], ∫ϰ²/L>=[5.1, 5.1, 5.1, 5.3], C-C-Sep=0.10, ║∇J║=8.8e-05
Iteration 1208/2000-----
currents: [100000.0, 99999.99999857732, 99999.99999872995, 99999.99999892214]
J=1.8e-05, ⟨Jf⟩=1.7e-05, ⟨B·n⟩=1.3e-03, Len=sum([4.1, 4.0, 3.8, 3.7])=15.7, ϰ=[4.3, 4.1, 4.1, 3.9], ∫ϰ²/L>=[5.1, 5.1, 5.1, 5.3], C-C-Sep=0.10, ║∇J║=1.1e-04
Iteration 1209/2000-----
currents: [100000.0, 99999.99999857628, 99999.99999872902, 99999.99999892159]
J=1.8e-05, ⟨Jf⟩=1.7e-05, ⟨B·n⟩=1.3e-03, Len=sum([4.1, 4.0, 3.8, 3.7])=15.7, ϰ=[4.3, 4.1, 4.0, 3.9], ∫ϰ²/L>=[5.1, 5.1, 5.1, 5.3], C-C-Sep=0.10, ║∇J║=1.7e-04
Iteration 1210/2000-----
currents: [100000.0, 99999.99999857535, 99999.99999872825, 99999.99999892118]
J=1.8e-05, ⟨Jf⟩=1.7e-05, ⟨B·n⟩=1.3e-03, Len=sum([4.1, 4.0, 3.8, 3.7])=15.7, ϰ=[4.4, 4.1, 4.0, 3.9], ∫ϰ²/L>=[5.1, 5.1, 5.1, 5.3], C-C-Sep=0.10, ║∇J║=1.5e-04
Iteration 1211/2000-----
currents: [100000.0, 99999.99999857432, 99999.9999987274, 99999.99999892066]
J=1.8e-05, ⟨Jf⟩=1.7e-05, ⟨B·n⟩=1.3e-03, Len=sum([4.1, 4.0, 3.8, 3.7])=15.7, ϰ=[4.4, 4.1, 4.0, 3.9], ∫ϰ²/L>=[5.1, 5.1, 5.1, 5.3], C-C-Sep=0.10, ║∇J║=1.2e-04
Iteration 1212/2000-----
currents: [100000.0, 99999.99999857337, 99999.9999987266, 99999.99999892006]
J=1.8e-05, ⟨Jf⟩=1.7e-05, ⟨B·n⟩=1.3e-03, Len=sum([4.1, 4.0, 3.8, 3.7])=15.7, ϰ=[4.4, 4.1, 4.0, 3.9], ∫ϰ²/L>=[5.1, 5.1, 5.1, 5.3], C-C-Sep=0.10, ║∇J║=1.2e-04
Iteration 1213/2000-----
currents: [100000.0, 99999.9999985734, 99999.99999872666, 99999.99999892009]
J=1.8e-05, ⟨Jf⟩=1.7e-05, ⟨B·n⟩=1.3e-03, Len=sum([4.1, 4.0, 3.8, 3.7])=15.7, ϰ=[4.4, 4.1, 4.0, 3.9], ∫ϰ²/L>=[5.1, 5.1, 5.1, 5.3], C-C-Sep=0.10, ║∇J║=7.4e-05
Iteration 1214/2000-----
currents: [100000.0, 99999.99999857333, 99999.99999872662, 99999.99999892007]
J=1.8e-05, ⟨Jf⟩=1.7e-05, ⟨B·n⟩=1.3e-03, Len=sum([4.1, 4.0, 3.8, 3.7])=15.7, ϰ=[4.4, 4.1, 4.0, 3.9], ∫ϰ²/L>=[5.1, 5.1, 5.1, 5.3], C-C-Sep=0.10, ║∇J║=5.4e-05
Iteration 1215/2000-----
currents: [100000.0, 99999.99999857304, 99999.99999872636, 99999.99999891993]
J=1.8e-05, ⟨Jf⟩=1.7e-05, ⟨B·n⟩=1.3e-03, Len=sum([4.1, 4.0, 3.8, 3.7])=15.7, ϰ=[4.4, 4.1, 4.0, 3.9], ∫ϰ²/L>=[5.1, 5.1, 5.1, 5.3], C-C-Sep=0.10, ║∇J║=5.1e-05
Iteration 1216/2000-----
currents: [100000.0, 99999.99999857269, 99999.99999872605, 99999.9999989198]
J=1.8e-05, ⟨Jf⟩=1.7e-05, ⟨B·n⟩=1.3e-03, Len=sum([4.1, 4.0, 3.8, 3.7])=15.7, ϰ=[4.4, 4.1, 4.0, 3.9], ∫ϰ²/L>=[5.1, 5.1, 5.1, 5.3], C-C-Sep=0.10, ║∇J║=6.6e-05
Iteration 1217/2000-----
currents: [100000.0, 99999.99999857238, 99999.99999872579, 99999.99999891965]
J=1.8e-05, ⟨Jf⟩=1.7e-05, ⟨B·n⟩=1.3e-03, Len=sum([4.1, 4.0, 3.8, 3.7])=15.7, ϰ=[4.4, 4.1, 4.0, 3.9], ∫ϰ²/L>=[5.1, 5.1, 5.1, 5.3], C-C-Sep=0.10, ║∇J║=6.3e-05
Iteration 1218/2000-----
currents: [100000.0, 99999.99999857189, 99999.99999872537, 99999.9999989194]
J=1.8e-05, ⟨Jf⟩=1.7e-05, ⟨B·n⟩=1.3e-03, Len=sum([4.1, 4.0, 3.8, 3.7])=15.7, ϰ=[4.4, 4.1, 4.0, 3.9], ∫ϰ²/L>=[5.1, 5.1, 5.1, 5.3], C-C-Sep=0.10, ║∇J║=8.6e-05
Iteration 1219/2000-----
currents: [100000.0, 99999.99999857078, 99999.99999872442, 99999.99999891875]
J=1.8e-05, ⟨Jf⟩=1.7e-05, ⟨B·n⟩=1.3e-03, Len=sum([4.1, 4.0, 3.8, 3.7])=15.7, ϰ=[4.4, 4.1, 4.0, 3.9], ∫ϰ²/L>=[5.1, 5.1, 5.1, 5.3], C-C-Sep=0.10, ║∇J║=1.6e-04
Iteration 1220/2000-----
currents: [100000.0, 99999.99999857025, 99999.99999872399, 99999.9999989184]
J=1.8e-05, ⟨Jf⟩=1.7e-05, ⟨B·n⟩=1.3e-03, Len=sum([4.1, 4.0, 3.8, 3.7])=15.7, ϰ=[4.4, 4.1, 4.0, 3.9], ∫ϰ²/L>=[5.1, 5.1, 5.1, 5.3], C-C-Sep=0.10, ║∇J║=1.2e-04
Iteration 1221/2000-----
currents: [100000.0, 99999.99999856898, 99999.99999872287, 99999.99999891751]
J=1.8e-05, ⟨Jf⟩=1.7e-05, ⟨B·n⟩=1.3e-03, Len=sum([4.1, 4.0, 3.8, 3.7])=15.7, ϰ=[4.4, 4.1, 4.0, 3.9], ∫ϰ²/L>=[5.1, 5.1, 5.1, 5.3], C-C-Sep=0.10, ║∇J║=1.0e-04
Iteration 1222/2000-----
currents: [100000.0, 99999.99999856768, 99999.9999987217, 99999.99999891665]
J=1.8e-05, ⟨Jf⟩=1.7e-05, ⟨B·n⟩=1.3e-03, Len=sum([4.1, 4.0, 3.8, 3.7])=15.7, ϰ=[4.4, 4.1, 4.0, 3.9], ∫ϰ²/L>=[5.1, 5.1, 5.1, 5.3], C-C-Sep=0.10, ║∇J║=1.3e-04
Iteration 1223/2000-----
currents: [100000.0, 99999.99999856646, 99999.99999872055, 99999.9999989159]
J=1.8e-05, ⟨Jf⟩=1.7e-05, ⟨B·n⟩=1.3e-03, Len=sum([4.1, 4.0, 3.8, 3.7])=15.7, ϰ=[4.4, 4.1, 4.0, 3.9], ∫ϰ²/L>=[5.1, 5.1, 5.1, 5.3], C-C-Sep=0.10, ║∇J║=1.3e-04
Iteration 1224/2000-----
currents: [100000.0, 99999.99999856594, 99999.99999872004, 99999.99999891559]
J=1.8e-05, ⟨Jf⟩=1.7e-05, ⟨B·n⟩=1.3e-03, Len=sum([4.1, 4.0, 3.8, 3.7])=15.7, ϰ=[4.4, 4.1, 4.0, 3.9], ∫ϰ²/L>=[5.1, 5.1, 5.1, 5.3], C-C-Sep=0.10, ║∇J║=8.7e-05
Iteration 1225/2000-----
currents: [100000.0, 99999.99999856604, 99999.99999872013, 99999.99999891574]
J=1.8e-05, ⟨Jf⟩=1.7e-05, ⟨B·n⟩=1.3e-03, Len=sum([4.1, 4.0, 3.8, 3.7])=15.7, ϰ=[4.4, 4.1, 4.0, 3.9], ∫ϰ²/L>=[5.1, 5.1, 5.1, 5.3], C-C-Sep=0.10, ║∇J║=6.5e-05
Iteration 1226/2000-----
currents: [100000.0, 99999.99999856611, 99999.9999987202, 99999.99999891582]
J=1.8e-05, ⟨Jf⟩=1.7e-05, ⟨B·n⟩=1.3e-03, Len=sum([4.1, 4.0, 3.8, 3.7])=15.7, ϰ=[4.4, 4.1, 4.0, 3.9], ∫ϰ²/L>=[5.1, 5.1, 5.1, 5.3], C-C-Sep=0.10, ║∇J║=6.5e-05
Iteration 1227/2000-----
currents: [100000.0, 99999.99999856607, 99999.99999872016, 99999.99999891581]
J=1.8e-05, ⟨Jf⟩=1.7e-05, ⟨B·n⟩=1.3e-03, Len=sum([4.1, 4.0, 3.8, 3.7])=15.7, ϰ=[4.4, 4.1, 4.0, 3.9], ∫ϰ²/L>=[5.1, 5.1, 5.1, 5.3], C-C-Sep=0.10, ║∇J║=4.9e-05
Iteration 1228/2000-----
currents: [100000.0, 99999.99999856597, 99999.99999872007, 99999.99999891574]
J=1.8e-05, ⟨Jf⟩=1.7e-05, ⟨B·n⟩=1.3e-03, Len=sum([4.1, 4.0, 3.8, 3.7])=15.7, ϰ=[4.4, 4.1, 4.0, 3.9], ∫ϰ²/L>=[5.1, 5.1, 5.1, 5.3], C-C-Sep=0.10, ║∇J║=4.5e-05
Iteration 1229/2000-----
currents: [100000.0, 99999.99999856578, 99999.9999987199, 99999.9999989156]
J=1.8e-05, ⟨Jf⟩=1.7e-05, ⟨B·n⟩=1.3e-03, Len=sum([4.1, 4.0, 3.8, 3.7])=15.7, ϰ=[4.4, 4.1, 4.0, 3.9], ∫ϰ²/L>=[5.1, 5.1, 5.1, 5.3], C-C-Sep=0.10, ║∇J║=5.7e-05
Iteration 1230/2000-----
currents: [100000.0, 99999.99999856536, 99999.99999871949, 99999.99999891531]
J=1.8e-05, ⟨Jf⟩=1.7e-05, ⟨B·n⟩=1.3e-03, Len=sum([4.1, 4.0, 3.8, 3.7])=15.7, ϰ=[4.4, 4.1, 4.0, 3.9], ∫ϰ²/L>=[5.1, 5.1, 5.1, 5.3], C-C-Sep=0.10, ║∇J║=6.9e-05
Iteration 1231/2000-----
currents: [100000.0, 99999.99999856496, 99999.99999871911, 99999.99999891507]
J=1.8e-05, ⟨Jf⟩=1.7e-05, ⟨B·n⟩=1.3e-03, Len=sum([4.1, 4.0, 3.8, 3.7])=15.7, ϰ=[4.4, 4.1, 4.0, 3.9], ∫ϰ²/L>=[5.1, 5.1, 5.1, 5.3], C-C-Sep=0.10, ║∇J║=7.0e-05
Iteration 1232/2000-----
currents: [100000.0, 99999.99999856425, 99999.99999871844, 99999.99999891466]
J=1.8e-05, ⟨Jf⟩=1.7e-05, ⟨B·n⟩=1.3e-03, Len=sum([4.1, 4.0, 3.8, 3.7])=15.7, ϰ=[4.4, 4.1, 4.0, 3.9], ∫ϰ²/L>=[5.1, 5.1, 5.1, 5.3], C-C-Sep=0.10, ║∇J║=8.7e-05
Iteration 1233/2000-----
currents: [100000.0, 99999.99999856327, 99999.99999871753, 99999.99999891406]
J=1.8e-05, ⟨Jf⟩=1.7e-05, ⟨B·n⟩=1.3e-03, Len=sum([4.1, 4.0, 3.8, 3.7])=15.7, ϰ=[4.4, 4.1, 4.0, 3.9], ∫ϰ²/L>=[5.1, 5.1, 5.1, 5.3], C-C-Sep=0.10, ║∇J║=1.4e-04
Iteration 1234/2000-----
currents: [100000.0, 99999.99999856231, 99999.99999871668, 99999.99999891354]
J=1.8e-05, ⟨Jf⟩=1.7e-05, ⟨B·n⟩=1.3e-03, Len=sum([4.1, 4.0, 3.8, 3.7])=15.7, ϰ=[4.4, 4.1, 4.0, 3.9], ∫ϰ²/L>=[5.1, 5.1, 5.1, 5.3], C-C-Sep=0.10, ║∇J║=1.2e-04
Iteration 1235/2000-----
currents: [100000.0, 99999.99999856042, 99999.99999871501, 99999.99999891246]
J=1.8e-05, ⟨Jf⟩=1.7e-05, ⟨B·n⟩=1.3e-03, Len=sum([4.1, 4.0, 3.8, 3.7])=15.7, ϰ=[4.4, 4.1, 4.0, 3.9], ∫ϰ²/L>=[5.1, 5.1, 5.1, 5.3], C-C-Sep=0.10, ║∇J║=1.6e-04
Iteration 1236/2000-----
currents: [100000.0, 99999.99999855872, 99999.99999871351, 99999.99999891146]
J=1.8e-05, ⟨Jf⟩=1.7e-05, ⟨B·n⟩=1.3e-03, Len=sum([4.1, 4.0, 3.8, 3.7])=15.7, ϰ=[4.4, 4.1, 4.1, 4.0], ∫ϰ²/L>=[5.1, 5.1, 5.1, 5.3], C-C-Sep=0.10, ║∇J║=2.4e-04
Iteration 1237/2000-----
currents: [100000.0, 99999.99999855859, 99999.99999871339, 99999.99999891136]
J=1.8e-05, ⟨Jf⟩=1.7e-05, ⟨B·n⟩=1.3e-03, Len=sum([4.1, 4.0, 3.8, 3.7])=15.7, ϰ=[4.4, 4.1, 4.1, 4.0], ∫ϰ²/L>=[5.1, 5.1, 5.1, 5.3], C-C-Sep=0.10, ║∇J║=1.1e-04
Iteration 1238/2000-----
currents: [100000.0, 99999.9999985584, 99999.9999987132, 99999.99999891124]
J=1.8e-05, ⟨Jf⟩=1.7e-05, ⟨B·n⟩=1.3e-03, Len=sum([4.1, 4.0, 3.8, 3.7])=15.7, ϰ=[4.4, 4.1, 4.1, 4.0], ∫ϰ²/L>=[5.1, 5.1, 5.1, 5.3], C-C-Sep=0.10, ║∇J║=8.1e-05
Iteration 1239/2000-----
currents: [100000.0, 99999.99999855788, 99999.99999871272, 99999.99999891093]
J=1.8e-05, ⟨Jf⟩=1.7e-05, ⟨B·n⟩=1.3e-03, Len=sum([4.1, 4.0, 3.8, 3.7])=15.7, ϰ=[4.4, 4.1, 4.1, 4.0], ∫ϰ²/L>=[5.1, 5.1, 5.1, 5.3], C-C-Sep=0.10, ║∇J║=7.1e-05
Iteration 1240/2000-----
currents: [100000.0, 99999.99999855731, 99999.99999871218, 99999.99999891063]
J=1.8e-05, ⟨Jf⟩=1.7e-05, ⟨B·n⟩=1.3e-03, Len=sum([4.1, 4.0, 3.8, 3.7])=15.7, ϰ=[4.4, 4.1, 4.1, 4.0], ∫ϰ²/L>=[5.1, 5.1, 5.1, 5.3], C-C-Sep=0.10, ║∇J║=5.9e-05
Iteration 1241/2000-----
currents: [100000.0, 99999.99999855684, 99999.99999871173, 99999.99999891034]
J=1.8e-05, ⟨Jf⟩=1.7e-05, ⟨B·n⟩=1.3e-03, Len=sum([4.1, 4.0, 3.8, 3.7])=15.7, ϰ=[4.4, 4.1, 4.1, 4.0], ∫ϰ²/L>=[5.1, 5.1, 5.1, 5.3], C-C-Sep=0.10, ║∇J║=8.7e-05
Iteration 1242/2000-----
currents: [100000.0, 99999.99999855673, 99999.99999871163, 99999.99999891025]
J=1.8e-05, ⟨Jf⟩=1.7e-05, ⟨B·n⟩=1.3e-03, Len=sum([4.1, 4.0, 3.8, 3.7])=15.7, ϰ=[4.4, 4.1, 4.1, 4.0], ∫ϰ²/L>=[5.1, 5.1, 5.1, 5.3], C-C-Sep=0.10, ║∇J║=4.6e-05
Iteration 1243/2000-----
currents: [100000.0, 99999.99999855673, 99999.99999871163, 99999.99999891022]
J=1.8e-05, ⟨Jf⟩=1.7e-05, ⟨B·n⟩=1.3e-03, Len=sum([4.1, 4.0, 3.8, 3.7])=15.7, ϰ=[4.4, 4.1, 4.1, 4.0], ∫ϰ²/L>=[5.1, 5.1, 5.1, 5.3], C-C-Sep=0.10, ║∇J║=4.3e-05
Iteration 1244/2000-----
currents: [100000.0, 99999.99999855652, 99999.99999871146, 99999.99999891006]
J=1.8e-05, ⟨Jf⟩=1.7e-05, ⟨B·n⟩=1.3e-03, Len=sum([4.1, 4.0, 3.8, 3.7])=15.7, ϰ=[4.4, 4.1, 4.1, 4.0], ∫ϰ²/L>=[5.1, 5.1, 5.1, 5.3], C-C-Sep=0.10, ║∇J║=4.7e-05
Iteration 1245/2000-----
currents: [100000.0, 99999.99999855607, 99999.99999871106, 99999.99999890976]
J=1.8e-05, ⟨Jf⟩=1.7e-05, ⟨B·n⟩=1.3e-03, Len=sum([4.1, 4.0, 3.8, 3.7])=15.7, ϰ=[4.4, 4.1, 4.1, 4.0], ∫ϰ²/L>=[5.1, 5.1, 5.1, 5.3], C-C-Sep=0.10, ║∇J║=9.5e-05
Iteration 1246/2000-----
currents: [100000.0, 99999.99999855527, 99999.99999871037, 99999.99999890922]
J=1.8e-05, ⟨Jf⟩=1.7e-05, ⟨B·n⟩=1.3e-03, Len=sum([4.1, 4.0, 3.8, 3.7])=15.7, ϰ=[4.4, 4.1, 4.1, 4.0], ∫ϰ²/L>=[5.1, 5.1, 5.1, 5.3], C-C-Sep=0.10, ║∇J║=8.2e-05
Iteration 1247/2000-----
currents: [100000.0, 99999.99999855504, 99999.99999871018, 99999.99999890913]
J=1.8e-05, ⟨Jf⟩=1.7e-05, ⟨B·n⟩=1.3e-03, Len=sum([4.1, 4.0, 3.8, 3.7])=15.7, ϰ=[4.4, 4.1, 4.1, 4.0], ∫ϰ²/L>=[5.1, 5.1, 5.1, 5.3], C-C-Sep=0.10, ║∇J║=6.2e-05
Iteration 1248/2000-----
currents: [100000.0, 99999.99999855443, 99999.99999870965, 99999.99999890891]
J=1.8e-05, ⟨Jf⟩=1.7e-05, ⟨B·n⟩=1.3e-03, Len=sum([4.1, 4.0, 3.8, 3.7])=15.7, ϰ=[4.4, 4.1, 4.1, 3.9], ∫ϰ²/L>=[5.1, 5.1, 5.1, 5.3], C-C-Sep=0.10, ║∇J║=7.4e-05
Iteration 1249/2000-----
currents: [100000.0, 99999.99999855385, 99999.99999870917, 99999.99999890868]
J=1.8e-05, ⟨Jf⟩=1.7e-05, ⟨B·n⟩=1.3e-03, Len=sum([4.1, 4.0, 3.8, 3.7])=15.7, ϰ=[4.4, 4.1, 4.0, 3.9], ∫ϰ²/L>=[5.1, 5.1, 5.1, 5.3], C-C-Sep=0.10, ║∇J║=1.2e-04
Iteration 1250/2000-----
currents: [100000.0, 99999.99999855322, 99999.99999870865, 99999.99999890846]
J=1.8e-05, ⟨Jf⟩=1.7e-05, ⟨B·n⟩=1.3e-03, Len=sum([4.1, 4.0, 3.8, 3.7])=15.7, ϰ=[4.4, 4.1, 4.0, 3.9], ∫ϰ²/L>=[5.1, 5.1, 5.1, 5.3], C-C-Sep=0.10, ║∇J║=1.0e-04
Iteration 1251/2000-----
currents: [100000.0, 99999.99999855207, 99999.99999870766, 99999.99999890794]
J=1.8e-05, ⟨Jf⟩=1.7e-05, ⟨B·n⟩=1.3e-03, Len=sum([4.1, 4.0, 3.8, 3.7])=15.7, ϰ=[4.4, 4.1, 4.0, 3.9], ∫ϰ²/L>=[5.1, 5.1, 5.1, 5.3], C-C-Sep=0.10, ║∇J║=1.2e-04
Iteration 1252/2000-----
currents: [100000.0, 99999.99999855152, 99999.9999987072, 99999.99999890769]
J=1.8e-05, ⟨Jf⟩=1.7e-05, ⟨B·n⟩=1.3e-03, Len=sum([4.1, 4.0, 3.8, 3.7])=15.7, ϰ=[4.4, 4.1, 4.0, 3.9], ∫ϰ²/L>=[5.1, 5.1, 5.1, 5.3], C-C-Sep=0.10, ║∇J║=1.1e-04
Iteration 1253/2000-----
currents: [100000.0, 99999.99999855143, 99999.99999870712, 99999.9999989076]
J=1.8e-05, ⟨Jf⟩=1.7e-05, ⟨B·n⟩=1.3e-03, Len=sum([4.1, 4.0, 3.8, 3.7])=15.7, ϰ=[4.4, 4.1, 4.0, 3.9], ∫ϰ²/L>=[5.1, 5.1, 5.1, 5.3], C-C-Sep=0.10, ║∇J║=6.5e-05
Iteration 1254/2000-----
currents: [100000.0, 99999.9999985509, 99999.99999870667, 99999.99999890725]
J=1.8e-05, ⟨Jf⟩=1.7e-05, ⟨B·n⟩=1.3e-03, Len=sum([4.1, 4.0, 3.8, 3.7])=15.7, ϰ=[4.4, 4.1, 4.0, 3.9], ∫ϰ²/L>=[5.1, 5.1, 5.1, 5.3], C-C-Sep=0.10, ║∇J║=4.9e-05
Iteration 1255/2000-----
currents: [100000.0, 99999.99999855043, 99999.99999870629, 99999.99999890702]
J=1.8e-05, ⟨Jf⟩=1.7e-05, ⟨B·n⟩=1.3e-03, Len=sum([4.1, 4.0, 3.8, 3.7])=15.7, ϰ=[4.4, 4.1, 4.0, 3.9], ∫ϰ²/L>=[5.1, 5.1, 5.1, 5.3], C-C-Sep=0.10, ║∇J║=8.8e-05
Iteration 1256/2000-----
currents: [100000.0, 99999.99999854983, 99999.9999987058, 99999.99999890669]
J=1.8e-05, ⟨Jf⟩=1.7e-05, ⟨B·n⟩=1.3e-03, Len=sum([4.1, 4.0, 3.8, 3.7])=15.7, ϰ=[4.4, 4.1, 4.0, 3.9], ∫ϰ²/L>=[5.1, 5.1, 5.1, 5.3], C-C-Sep=0.10, ║∇J║=4.6e-05
Iteration 1257/2000-----
currents: [100000.0, 99999.99999854952, 99999.99999870553, 99999.99999890654]
J=1.8e-05, ⟨Jf⟩=1.7e-05, ⟨B·n⟩=1.3e-03, Len=sum([4.1, 4.0, 3.8, 3.7])=15.7, ϰ=[4.4, 4.1, 4.0, 3.9], ∫ϰ²/L>=[5.1, 5.1, 5.1, 5.3], C-C-Sep=0.10, ║∇J║=3.5e-05
Iteration 1258/2000-----
currents: [100000.0, 99999.99999854929, 99999.99999870533, 99999.9999989064]
J=1.8e-05, ⟨Jf⟩=1.7e-05, ⟨B·n⟩=1.3e-03, Len=sum([4.1, 4.0, 3.8, 3.7])=15.7, ϰ=[4.4, 4.1, 4.0, 3.9], ∫ϰ²/L>=[5.1, 5.1, 5.1, 5.3], C-C-Sep=0.10, ║∇J║=4.7e-05
Iteration 1259/2000-----
currents: [100000.0, 99999.99999854909, 99999.99999870513, 99999.99999890625]
J=1.8e-05, ⟨Jf⟩=1.7e-05, ⟨B·n⟩=1.3e-03, Len=sum([4.1, 4.0, 3.8, 3.7])=15.7, ϰ=[4.4, 4.1, 4.0, 3.9], ∫ϰ²/L>=[5.1, 5.1, 5.1, 5.3], C-C-Sep=0.10, ║∇J║=6.0e-05
Iteration 1260/2000-----
currents: [100000.0, 99999.99999854903, 99999.99999870505, 99999.99999890618]
J=1.8e-05, ⟨Jf⟩=1.7e-05, ⟨B·n⟩=1.3e-03, Len=sum([4.1, 4.0, 3.8, 3.7])=15.7, ϰ=[4.4, 4.1, 4.0, 3.9], ∫ϰ²/L>=[5.1, 5.1, 5.1, 5.3], C-C-Sep=0.10, ║∇J║=4.3e-05
Iteration 1261/2000-----
currents: [100000.0, 99999.99999854882, 99999.99999870484, 99999.99999890599]
J=1.8e-05, ⟨Jf⟩=1.7e-05, ⟨B·n⟩=1.3e-03, Len=sum([4.1, 4.0, 3.8, 3.7])=15.7, ϰ=[4.4, 4.1, 4.0, 3.9], ∫ϰ²/L>=[5.1, 5.1, 5.1, 5.3], C-C-Sep=0.10, ║∇J║=5.2e-05
Iteration 1262/2000-----
currents: [100000.0, 99999.99999854845, 99999.99999870446, 99999.99999890571]
J=1.8e-05, ⟨Jf⟩=1.7e-05, ⟨B·n⟩=1.3e-03, Len=sum([4.1, 4.0, 3.8, 3.7])=15.7, ϰ=[4.4, 4.1, 4.0, 3.9], ∫ϰ²/L>=[5.1, 5.1, 5.1, 5.3], C-C-Sep=0.10, ║∇J║=9.2e-05
Iteration 1263/2000-----
currents: [100000.0, 99999.99999854807, 99999.9999987041, 99999.99999890548]
J=1.8e-05, ⟨Jf⟩=1.7e-05, ⟨B·n⟩=1.3e-03, Len=sum([4.1, 4.0, 3.8, 3.7])=15.7, ϰ=[4.4, 4.1, 4.0, 3.9], ∫ϰ²/L>=[5.1, 5.1, 5.1, 5.3], C-C-Sep=0.10, ║∇J║=7.7e-05
Iteration 1264/2000-----
currents: [100000.0, 99999.99999854705, 99999.99999870312, 99999.99999890487]
J=1.8e-05, ⟨Jf⟩=1.7e-05, ⟨B·n⟩=1.3e-03, Len=sum([4.1, 4.0, 3.8, 3.7])=15.7, ϰ=[4.4, 4.1, 4.0, 3.9], ∫ϰ²/L>=[5.1, 5.1, 5.1, 5.3], C-C-Sep=0.10, ║∇J║=7.2e-05
Iteration 1265/2000-----
currents: [100000.0, 99999.99999854625, 99999.99999870229, 99999.99999890439]
J=1.8e-05, ⟨Jf⟩=1.7e-05, ⟨B·n⟩=1.3e-03, Len=sum([4.1, 4.0, 3.8, 3.7])=15.7, ϰ=[4.4, 4.1, 4.0, 3.9], ∫ϰ²/L>=[5.1, 5.1, 5.1, 5.3], C-C-Sep=0.10, ║∇J║=1.0e-04
Iteration 1266/2000-----
currents: [100000.0, 99999.99999854469, 99999.99999870069, 99999.99999890335]
J=1.8e-05, ⟨Jf⟩=1.7e-05, ⟨B·n⟩=1.3e-03, Len=sum([4.1, 4.0, 3.8, 3.7])=15.7, ϰ=[4.4, 4.1, 4.0, 3.9], ∫ϰ²/L>=[5.1, 5.1, 5.1, 5.3], C-C-Sep=0.10, ║∇J║=1.2e-04
Iteration 1267/2000-----
currents: [100000.0, 99999.99999854414, 99999.99999870002, 99999.99999890292]
J=1.8e-05, ⟨Jf⟩=1.7e-05, ⟨B·n⟩=1.3e-03, Len=sum([4.1, 4.0, 3.8, 3.7])=15.7, ϰ=[4.4, 4.2, 4.0, 3.9], ∫ϰ²/L>=[5.1, 5.1, 5.1, 5.3], C-C-Sep=0.10, ║∇J║=9.6e-05
Iteration 1268/2000-----
currents: [100000.0, 99999.99999854388, 99999.99999869957, 99999.99999890258]
J=1.8e-05, ⟨Jf⟩=1.7e-05, ⟨B·n⟩=1.3e-03, Len=sum([4.1, 4.0, 3.8, 3.7])=15.7, ϰ=[4.4, 4.2, 4.0, 3.9], ∫ϰ²/L>=[5.1, 5.1, 5.1, 5.3], C-C-Sep=0.10, ║∇J║=9.0e-05
Iteration 1269/2000-----
currents: [100000.0, 99999.99999854316, 99999.99999869881, 99999.99999890204]
J=1.8e-05, ⟨Jf⟩=1.7e-05, ⟨B·n⟩=1.3e-03, Len=sum([4.1, 4.0, 3.8, 3.7])=15.7, ϰ=[4.4, 4.2, 4.0, 3.9], ∫ϰ²/L>=[5.1, 5.1, 5.1, 5.3], C-C-Sep=0.10, ║∇J║=1.0e-04
Iteration 1270/2000-----
currents: [100000.0, 99999.99999854283, 99999.99999869845, 99999.9999989018]
J=1.8e-05, ⟨Jf⟩=1.7e-05, ⟨B·n⟩=1.3e-03, Len=sum([4.1, 4.0, 3.8, 3.7])=15.7, ϰ=[4.4, 4.2, 4.0, 3.9], ∫ϰ²/L>=[5.1, 5.1, 5.1, 5.3], C-C-Sep=0.10, ║∇J║=7.9e-05
Iteration 1271/2000-----
currents: [100000.0, 99999.99999854185, 99999.99999869749, 99999.99999890118]
J=1.8e-05, ⟨Jf⟩=1.7e-05, ⟨B·n⟩=1.3e-03, Len=sum([4.1, 4.0, 3.8, 3.7])=15.7, ϰ=[4.4, 4.2, 4.0, 3.9], ∫ϰ²/L>=[5.1, 5.1, 5.1, 5.3], C-C-Sep=0.10, ║∇J║=7.2e-05
Iteration 1272/2000-----
currents: [100000.0, 99999.99999854146, 99999.99999869708, 99999.99999890097]
J=1.8e-05, ⟨Jf⟩=1.7e-05, ⟨B·n⟩=1.3e-03, Len=sum([4.1, 4.0, 3.8, 3.7])=15.7, ϰ=[4.4, 4.2, 4.0, 3.9], ∫ϰ²/L>=[5.1, 5.1, 5.1, 5.3], C-C-Sep=0.10, ║∇J║=9.9e-05
Iteration 1273/2000-----
currents: [100000.0, 99999.99999854139, 99999.99999869702, 99999.99999890094]
J=1.8e-05, ⟨Jf⟩=1.7e-05, ⟨B·n⟩=1.3e-03, Len=sum([4.1, 4.0, 3.8, 3.7])=15.7, ϰ=[4.4, 4.2, 4.0, 3.9], ∫ϰ²/L>=[5.1, 5.1, 5.1, 5.3], C-C-Sep=0.10, ║∇J║=4.3e-05
Iteration 1274/2000-----
currents: [100000.0, 99999.99999854142, 99999.99999869704, 99999.99999890097]
J=1.8e-05, ⟨Jf⟩=1.7e-05, ⟨B·n⟩=1.3e-03, Len=sum([4.1, 4.0, 3.8, 3.7])=15.7, ϰ=[4.4, 4.2, 4.0, 3.9], ∫ϰ²/L>=[5.1, 5.1, 5.1, 5.3], C-C-Sep=0.10, ║∇J║=2.7e-05
Iteration 1275/2000-----
currents: [100000.0, 99999.99999854142, 99999.99999869702, 99999.99999890097]
J=1.8e-05, ⟨Jf⟩=1.7e-05, ⟨B·n⟩=1.3e-03, Len=sum([4.1, 4.0, 3.8, 3.7])=15.7, ϰ=[4.4, 4.2, 4.0, 3.9], ∫ϰ²/L>=[5.1, 5.1, 5.1, 5.3], C-C-Sep=0.10, ║∇J║=3.0e-05
Iteration 1276/2000-----
currents: [100000.0, 99999.99999854137, 99999.99999869696, 99999.99999890094]
J=1.8e-05, ⟨Jf⟩=1.7e-05, ⟨B·n⟩=1.3e-03, Len=sum([4.1, 4.0, 3.8, 3.7])=15.7, ϰ=[4.4, 4.2, 4.0, 3.9], ∫ϰ²/L>=[5.1, 5.1, 5.1, 5.3], C-C-Sep=0.10, ║∇J║=5.5e-05
Iteration 1277/2000-----
currents: [100000.0, 99999.99999854133, 99999.99999869689, 99999.99999890091]
J=1.8e-05, ⟨Jf⟩=1.7e-05, ⟨B·n⟩=1.3e-03, Len=sum([4.1, 4.0, 3.8, 3.7])=15.7, ϰ=[4.4, 4.2, 4.0, 3.9], ∫ϰ²/L>=[5.1, 5.1, 5.1, 5.3], C-C-Sep=0.10, ║∇J║=3.7e-05
Iteration 1278/2000-----
currents: [100000.0, 99999.99999854119, 99999.99999869672, 99999.9999989008]
J=1.8e-05, ⟨Jf⟩=1.7e-05, ⟨B·n⟩=1.3e-03, Len=sum([4.1, 4.0, 3.8, 3.7])=15.7, ϰ=[4.4, 4.2, 4.0, 3.9], ∫ϰ²/L>=[5.1, 5.1, 5.1, 5.3], C-C-Sep=0.10, ║∇J║=4.8e-05
Iteration 1279/2000-----
currents: [100000.0, 99999.9999985408, 99999.99999869631, 99999.99999890056]
J=1.8e-05, ⟨Jf⟩=1.7e-05, ⟨B·n⟩=1.3e-03, Len=sum([4.1, 4.0, 3.8, 3.7])=15.7, ϰ=[4.4, 4.2, 4.0, 3.9], ∫ϰ²/L>=[5.1, 5.1, 5.1, 5.3], C-C-Sep=0.10, ║∇J║=6.6e-05
Iteration 1280/2000-----
currents: [100000.0, 99999.99999854046, 99999.99999869594, 99999.99999890034]
J=1.8e-05, ⟨Jf⟩=1.7e-05, ⟨B·n⟩=1.3e-03, Len=sum([4.1, 4.0, 3.8, 3.7])=15.7, ϰ=[4.4, 4.2, 4.0, 3.9], ∫ϰ²/L>=[5.1, 5.1, 5.1, 5.3], C-C-Sep=0.10, ║∇J║=8.7e-05
Iteration 1281/2000-----
currents: [100000.0, 99999.99999853988, 99999.99999869535, 99999.99999889995]
J=1.8e-05, ⟨Jf⟩=1.7e-05, ⟨B·n⟩=1.3e-03, Len=sum([4.1, 4.0, 3.8, 3.7])=15.7, ϰ=[4.4, 4.2, 4.0, 3.9], ∫ϰ²/L>=[5.1, 5.1, 5.1, 5.3], C-C-Sep=0.10, ║∇J║=7.8e-05
Iteration 1282/2000-----
currents: [100000.0, 99999.99999853838, 99999.99999869383, 99999.99999889894]
J=1.8e-05, ⟨Jf⟩=1.7e-05, ⟨B·n⟩=1.3e-03, Len=sum([4.1, 4.0, 3.8, 3.7])=15.7, ϰ=[4.4, 4.2, 4.0, 3.9], ∫ϰ²/L>=[5.1, 5.1, 5.1, 5.3], C-C-Sep=0.10, ║∇J║=1.8e-04
Iteration 1283/2000-----
currents: [100000.0, 99999.999998538, 99999.99999869341, 99999.99999889868]
J=1.8e-05, ⟨Jf⟩=1.7e-05, ⟨B·n⟩=1.3e-03, Len=sum([4.1, 4.0, 3.8, 3.7])=15.7, ϰ=[4.4, 4.1, 4.0, 3.9], ∫ϰ²/L>=[5.1, 5.1, 5.1, 5.3], C-C-Sep=0.10, ║∇J║=8.6e-05
Iteration 1284/2000-----
currents: [100000.0, 99999.99999853766, 99999.99999869305, 99999.99999889845]
J=1.8e-05, ⟨Jf⟩=1.7e-05, ⟨B·n⟩=1.3e-03, Len=sum([4.1, 4.0, 3.8, 3.7])=15.7, ϰ=[4.4, 4.2, 4.0, 3.9], ∫ϰ²/L>=[5.1, 5.1, 5.1, 5.3], C-C-Sep=0.10, ║∇J║=8.0e-05
Iteration 1285/2000-----
currents: [100000.0, 99999.99999853657, 99999.99999869191, 99999.99999889772]
J=1.8e-05, ⟨Jf⟩=1.7e-05, ⟨B·n⟩=1.3e-03, Len=sum([4.1, 4.0, 3.8, 3.7])=15.7, ϰ=[4.4, 4.2, 4.0, 3.9], ∫ϰ²/L>=[5.1, 5.1, 5.1, 5.3], C-C-Sep=0.10, ║∇J║=1.0e-04
Iteration 1286/2000-----
currents: [100000.0, 99999.99999853568, 99999.99999869097, 99999.99999889715]
J=1.8e-05, ⟨Jf⟩=1.7e-05, ⟨B·n⟩=1.3e-03, Len=sum([4.1, 4.0, 3.8, 3.7])=15.7, ϰ=[4.4, 4.2, 4.0, 3.9], ∫ϰ²/L>=[5.1, 5.1, 5.1, 5.3], C-C-Sep=0.10, ║∇J║=1.8e-04
Iteration 1287/2000-----
currents: [100000.0, 99999.9999985349, 99999.99999869021, 99999.99999889663]
J=1.8e-05, ⟨Jf⟩=1.7e-05, ⟨B·n⟩=1.3e-03, Len=sum([4.1, 4.0, 3.8, 3.7])=15.7, ϰ=[4.4, 4.2, 4.0, 3.9], ∫ϰ²/L>=[5.1, 5.1, 5.1, 5.3], C-C-Sep=0.10, ║∇J║=7.4e-05
Iteration 1288/2000-----
currents: [100000.0, 99999.99999853429, 99999.99999868963, 99999.99999889624]
J=1.8e-05, ⟨Jf⟩=1.7e-05, ⟨B·n⟩=1.3e-03, Len=sum([4.1, 4.0, 3.8, 3.7])=15.7, ϰ=[4.4, 4.2, 4.0, 3.9], ∫ϰ²/L>=[5.1, 5.1, 5.1, 5.3], C-C-Sep=0.10, ║∇J║=5.3e-05
Iteration 1289/2000-----
currents: [100000.0, 99999.99999853403, 99999.99999868937, 99999.99999889608]
J=1.8e-05, ⟨Jf⟩=1.7e-05, ⟨B·n⟩=1.3e-03, Len=sum([4.1, 4.0, 3.8, 3.7])=15.7, ϰ=[4.4, 4.2, 4.0, 3.9], ∫ϰ²/L>=[5.1, 5.1, 5.1, 5.3], C-C-Sep=0.10, ║∇J║=5.5e-05
Iteration 1290/2000-----
currents: [100000.0, 99999.99999853353, 99999.99999868887, 99999.99999889574]
J=1.8e-05, ⟨Jf⟩=1.7e-05, ⟨B·n⟩=1.3e-03, Len=sum([4.1, 4.0, 3.8, 3.7])=15.7, ϰ=[4.4, 4.2, 4.0, 3.9], ∫ϰ²/L>=[5.1, 5.1, 5.1, 5.3], C-C-Sep=0.10, ║∇J║=8.3e-05
Iteration 1291/2000-----
currents: [100000.0, 99999.9999985334, 99999.99999868874, 99999.9999988957]
J=1.8e-05, ⟨Jf⟩=1.7e-05, ⟨B·n⟩=1.3e-03, Len=sum([4.1, 4.0, 3.8, 3.7])=15.7, ϰ=[4.4, 4.2, 4.0, 3.9], ∫ϰ²/L>=[5.1, 5.1, 5.1, 5.3], C-C-Sep=0.10, ║∇J║=5.9e-05
Iteration 1292/2000-----
currents: [100000.0, 99999.9999985336, 99999.99999868893, 99999.99999889583]
J=1.8e-05, ⟨Jf⟩=1.7e-05, ⟨B·n⟩=1.3e-03, Len=sum([4.1, 4.0, 3.8, 3.7])=15.7, ϰ=[4.4, 4.2, 4.0, 3.9], ∫ϰ²/L>=[5.1, 5.1, 5.1, 5.3], C-C-Sep=0.10, ║∇J║=3.4e-05
Iteration 1293/2000-----
currents: [100000.0, 99999.99999853357, 99999.9999986889, 99999.99999889582]
J=1.8e-05, ⟨Jf⟩=1.7e-05, ⟨B·n⟩=1.3e-03, Len=sum([4.1, 4.0, 3.8, 3.7])=15.7, ϰ=[4.4, 4.2, 4.0, 3.9], ∫ϰ²/L>=[5.1, 5.1, 5.1, 5.3], C-C-Sep=0.10, ║∇J║=3.2e-05
Iteration 1294/2000-----
currents: [100000.0, 99999.99999853333, 99999.99999868868, 99999.99999889568]
J=1.8e-05, ⟨Jf⟩=1.7e-05, ⟨B·n⟩=1.3e-03, Len=sum([4.1, 4.0, 3.8, 3.7])=15.7, ϰ=[4.4, 4.2, 4.0, 3.9], ∫ϰ²/L>=[5.1, 5.1, 5.1, 5.3], C-C-Sep=0.10, ║∇J║=6.2e-05
Iteration 1295/2000-----
currents: [100000.0, 99999.99999853317, 99999.99999868855, 99999.99999889561]
J=1.8e-05, ⟨Jf⟩=1.7e-05, ⟨B·n⟩=1.3e-03, Len=sum([4.1, 4.0, 3.8, 3.7])=15.7, ϰ=[4.4, 4.2, 4.0, 3.9], ∫ϰ²/L>=[5.1, 5.1, 5.1, 5.3], C-C-Sep=0.10, ║∇J║=4.4e-05
Iteration 1296/2000-----
currents: [100000.0, 99999.9999985327, 99999.99999868814, 99999.99999889536]
J=1.8e-05, ⟨Jf⟩=1.7e-05, ⟨B·n⟩=1.3e-03, Len=sum([4.1, 4.0, 3.8, 3.7])=15.7, ϰ=[4.4, 4.2, 4.0, 3.9], ∫ϰ²/L>=[5.1, 5.1, 5.1, 5.3], C-C-Sep=0.10, ║∇J║=3.5e-05
Iteration 1297/2000-----
currents: [100000.0, 99999.99999853228, 99999.99999868777, 99999.99999889513]
J=1.8e-05, ⟨Jf⟩=1.7e-05, ⟨B·n⟩=1.3e-03, Len=sum([4.1, 4.0, 3.8, 3.7])=15.7, ϰ=[4.4, 4.2, 4.0, 3.9], ∫ϰ²/L>=[5.1, 5.1, 5.1, 5.3], C-C-Sep=0.10, ║∇J║=4.9e-05
Iteration 1298/2000-----
currents: [100000.0, 99999.99999853158, 99999.99999868713, 99999.99999889474]
J=1.8e-05, ⟨Jf⟩=1.7e-05, ⟨B·n⟩=1.3e-03, Len=sum([4.1, 4.0, 3.8, 3.7])=15.7, ϰ=[4.4, 4.2, 4.0, 3.9], ∫ϰ²/L>=[5.1, 5.1, 5.1, 5.3], C-C-Sep=0.10, ║∇J║=7.6e-05
Iteration 1299/2000-----
currents: [100000.0, 99999.99999853091, 99999.99999868652, 99999.99999889435]
J=1.8e-05, ⟨Jf⟩=1.7e-05, ⟨B·n⟩=1.3e-03, Len=sum([4.1, 4.0, 3.8, 3.7])=15.7, ϰ=[4.4, 4.2, 4.0, 3.9], ∫ϰ²/L>=[5.1, 5.1, 5.1, 5.3], C-C-Sep=0.10, ║∇J║=7.4e-05
Iteration 1300/2000-----
currents: [100000.0, 99999.99999853049, 99999.99999868612, 99999.9999988941]
J=1.8e-05, ⟨Jf⟩=1.7e-05, ⟨B·n⟩=1.3e-03, Len=sum([4.1, 4.0, 3.8, 3.7])=15.7, ϰ=[4.4, 4.2, 4.0, 3.9], ∫ϰ²/L>=[5.1, 5.1, 5.1, 5.3], C-C-Sep=0.10, ║∇J║=6.4e-05
Iteration 1301/2000-----
currents: [100000.0, 99999.99999852976, 99999.99999868545, 99999.99999889372]
J=1.8e-05, ⟨Jf⟩=1.7e-05, ⟨B·n⟩=1.3e-03, Len=sum([4.1, 4.0, 3.8, 3.7])=15.7, ϰ=[4.4, 4.2, 4.0, 3.9], ∫ϰ²/L>=[5.1, 5.1, 5.1, 5.3], C-C-Sep=0.10, ║∇J║=9.1e-05
Iteration 1302/2000-----
currents: [100000.0, 99999.9999985287, 99999.99999868449, 99999.99999889315]
J=1.8e-05, ⟨Jf⟩=1.7e-05, ⟨B·n⟩=1.3e-03, Len=sum([4.1, 4.0, 3.8, 3.7])=15.7, ϰ=[4.4, 4.2, 4.0, 3.9], ∫ϰ²/L>=[5.1, 5.1, 5.1, 5.3], C-C-Sep=0.10, ║∇J║=1.6e-04
Iteration 1303/2000-----
currents: [100000.0, 99999.99999852823, 99999.99999868408, 99999.99999889293]
J=1.8e-05, ⟨Jf⟩=1.7e-05, ⟨B·n⟩=1.3e-03, Len=sum([4.1, 4.0, 3.8, 3.7])=15.7, ϰ=[4.4, 4.2, 4.0, 3.9], ∫ϰ²/L>=[5.1, 5.1, 5.1, 5.3], C-C-Sep=0.10, ║∇J║=9.3e-05
Iteration 1304/2000-----
currents: [100000.0, 99999.99999852733, 99999.9999986833, 99999.99999889253]
J=1.8e-05, ⟨Jf⟩=1.7e-05, ⟨B·n⟩=1.3e-03, Len=sum([4.1, 4.0, 3.8, 3.7])=15.7, ϰ=[4.4, 4.2, 4.0, 3.9], ∫ϰ²/L>=[5.1, 5.1, 5.1, 5.3], C-C-Sep=0.10, ║∇J║=7.6e-05
Iteration 1305/2000-----
currents: [100000.0, 99999.99999852636, 99999.99999868244, 99999.99999889203]
J=1.8e-05, ⟨Jf⟩=1.7e-05, ⟨B·n⟩=1.3e-03, Len=sum([4.1, 4.0, 3.8, 3.7])=15.7, ϰ=[4.4, 4.2, 4.0, 3.9], ∫ϰ²/L>=[5.1, 5.1, 5.1, 5.3], C-C-Sep=0.10, ║∇J║=7.2e-05
Iteration 1306/2000-----
currents: [100000.0, 99999.99999852518, 99999.99999868142, 99999.99999889144]
J=1.8e-05, ⟨Jf⟩=1.7e-05, ⟨B·n⟩=1.3e-03, Len=sum([4.1, 4.0, 3.8, 3.7])=15.7, ϰ=[4.4, 4.2, 4.0, 3.9], ∫ϰ²/L>=[5.1, 5.1, 5.1, 5.3], C-C-Sep=0.10, ║∇J║=1.7e-04
Iteration 1307/2000-----
currents: [100000.0, 99999.99999852508, 99999.99999868132, 99999.99999889139]
J=1.8e-05, ⟨Jf⟩=1.7e-05, ⟨B·n⟩=1.3e-03, Len=sum([4.1, 4.0, 3.8, 3.7])=15.7, ϰ=[4.4, 4.2, 4.0, 3.9], ∫ϰ²/L>=[5.1, 5.1, 5.1, 5.3], C-C-Sep=0.10, ║∇J║=4.7e-05
Iteration 1308/2000-----
currents: [100000.0, 99999.99999852508, 99999.9999986813, 99999.99999889138]
J=1.8e-05, ⟨Jf⟩=1.7e-05, ⟨B·n⟩=1.3e-03, Len=sum([4.1, 4.0, 3.8, 3.7])=15.7, ϰ=[4.4, 4.2, 4.0, 3.9], ∫ϰ²/L>=[5.1, 5.1, 5.1, 5.3], C-C-Sep=0.10, ║∇J║=3.3e-05
Iteration 1309/2000-----
currents: [100000.0, 99999.99999852508, 99999.99999868129, 99999.99999889139]
J=1.8e-05, ⟨Jf⟩=1.7e-05, ⟨B·n⟩=1.3e-03, Len=sum([4.1, 4.0, 3.8, 3.7])=15.7, ϰ=[4.4, 4.1, 4.0, 3.9], ∫ϰ²/L>=[5.1, 5.1, 5.1, 5.3], C-C-Sep=0.10, ║∇J║=3.7e-05
Iteration 1310/2000-----
currents: [100000.0, 99999.9999985248, 99999.99999868103, 99999.99999889125]
J=1.8e-05, ⟨Jf⟩=1.7e-05, ⟨B·n⟩=1.3e-03, Len=sum([4.1, 4.0, 3.8, 3.7])=15.7, ϰ=[4.4, 4.1, 4.0, 3.9], ∫ϰ²/L>=[5.1, 5.1, 5.1, 5.3], C-C-Sep=0.10, ║∇J║=5.6e-05
Iteration 1311/2000-----
currents: [100000.0, 99999.99999852451, 99999.99999868075, 99999.99999889113]
J=1.8e-05, ⟨Jf⟩=1.7e-05, ⟨B·n⟩=1.3e-03, Len=sum([4.1, 4.0, 3.8, 3.7])=15.7, ϰ=[4.4, 4.1, 4.0, 3.9], ∫ϰ²/L>=[5.1, 5.1, 5.1, 5.3], C-C-Sep=0.10, ║∇J║=4.2e-05
Iteration 1312/2000-----
currents: [100000.0, 99999.99999852448, 99999.99999868074, 99999.99999889114]
J=1.8e-05, ⟨Jf⟩=1.7e-05, ⟨B·n⟩=1.3e-03, Len=sum([4.1, 4.0, 3.8, 3.7])=15.7, ϰ=[4.4, 4.1, 4.0, 3.9], ∫ϰ²/L>=[5.1, 5.1, 5.1, 5.3], C-C-Sep=0.10, ║∇J║=2.9e-05
Iteration 1313/2000-----
currents: [100000.0, 99999.9999985243, 99999.99999868059, 99999.99999889107]
J=1.8e-05, ⟨Jf⟩=1.7e-05, ⟨B·n⟩=1.3e-03, Len=sum([4.1, 4.0, 3.8, 3.7])=15.7, ϰ=[4.4, 4.1, 4.0, 3.9], ∫ϰ²/L>=[5.1, 5.1, 5.1, 5.3], C-C-Sep=0.10, ║∇J║=3.8e-05
Iteration 1314/2000-----
currents: [100000.0, 99999.9999985242, 99999.9999986805, 99999.99999889104]
J=1.8e-05, ⟨Jf⟩=1.7e-05, ⟨B·n⟩=1.3e-03, Len=sum([4.1, 4.0, 3.8, 3.7])=15.7, ϰ=[4.4, 4.2, 4.0, 3.9], ∫ϰ²/L>=[5.1, 5.1, 5.1, 5.3], C-C-Sep=0.10, ║∇J║=5.1e-05
Iteration 1315/2000-----
currents: [100000.0, 99999.99999852397, 99999.99999868029, 99999.99999889097]
J=1.8e-05, ⟨Jf⟩=1.7e-05, ⟨B·n⟩=1.3e-03, Len=sum([4.1, 4.0, 3.8, 3.7])=15.7, ϰ=[4.4, 4.2, 4.0, 3.9], ∫ϰ²/L>=[5.1, 5.1, 5.1, 5.3], C-C-Sep=0.10, ║∇J║=6.5e-05
Iteration 1316/2000-----
currents: [100000.0, 99999.99999852372, 99999.99999868005, 99999.99999889088]
J=1.8e-05, ⟨Jf⟩=1.7e-05, ⟨B·n⟩=1.3e-03, Len=sum([4.1, 4.0, 3.8, 3.7])=15.7, ϰ=[4.4, 4.2, 4.0, 3.9], ∫ϰ²/L>=[5.1, 5.1, 5.1, 5.3], C-C-Sep=0.10, ║∇J║=5.8e-05
Iteration 1317/2000-----
currents: [100000.0, 99999.99999852333, 99999.99999867968, 99999.99999889068]
J=1.8e-05, ⟨Jf⟩=1.7e-05, ⟨B·n⟩=1.3e-03, Len=sum([4.1, 4.0, 3.8, 3.7])=15.7, ϰ=[4.4, 4.2, 4.0, 3.9], ∫ϰ²/L>=[5.1, 5.1, 5.1, 5.3], C-C-Sep=0.10, ║∇J║=5.9e-05
Iteration 1318/2000-----
currents: [100000.0, 99999.99999852284, 99999.99999867922, 99999.99999889047]
J=1.8e-05, ⟨Jf⟩=1.7e-05, ⟨B·n⟩=1.3e-03, Len=sum([4.1, 4.0, 3.8, 3.7])=15.7, ϰ=[4.4, 4.2, 4.0, 3.9], ∫ϰ²/L>=[5.1, 5.1, 5.1, 5.3], C-C-Sep=0.10, ║∇J║=1.1e-04
Iteration 1319/2000-----
currents: [100000.0, 99999.99999852205, 99999.99999867851, 99999.99999889007]
J=1.8e-05, ⟨Jf⟩=1.7e-05, ⟨B·n⟩=1.3e-03, Len=sum([4.1, 4.0, 3.8, 3.7])=15.7, ϰ=[4.4, 4.2, 4.0, 3.9], ∫ϰ²/L>=[5.1, 5.1, 5.1, 5.3], C-C-Sep=0.10, ║∇J║=8.3e-05
Iteration 1320/2000-----
currents: [100000.0, 99999.99999852071, 99999.99999867732, 99999.99999888934]
J=1.8e-05, ⟨Jf⟩=1.7e-05, ⟨B·n⟩=1.3e-03, Len=sum([4.1, 4.0, 3.8, 3.7])=15.7, ϰ=[4.4, 4.2, 4.0, 3.9], ∫ϰ²/L>=[5.1, 5.1, 5.1, 5.3], C-C-Sep=0.10, ║∇J║=7.8e-05
Iteration 1321/2000-----
currents: [100000.0, 99999.99999851918, 99999.99999867596, 99999.99999888854]
J=1.8e-05, ⟨Jf⟩=1.7e-05, ⟨B·n⟩=1.3e-03, Len=sum([4.1, 4.0, 3.8, 3.7])=15.7, ϰ=[4.4, 4.2, 4.0, 3.9], ∫ϰ²/L>=[5.1, 5.1, 5.1, 5.3], C-C-Sep=0.10, ║∇J║=7.4e-05
Iteration 1322/2000-----
currents: [100000.0, 99999.99999851696, 99999.999998674, 99999.99999888724]
J=1.8e-05, ⟨Jf⟩=1.7e-05, ⟨B·n⟩=1.3e-03, Len=sum([4.1, 4.0, 3.8, 3.7])=15.7, ϰ=[4.4, 4.2, 4.0, 3.9], ∫ϰ²/L>=[5.1, 5.1, 5.1, 5.3], C-C-Sep=0.10, ║∇J║=1.9e-04
Iteration 1323/2000-----
currents: [100000.0, 99999.99999851684, 99999.9999986739, 99999.9999988872]
J=1.8e-05, ⟨Jf⟩=1.7e-05, ⟨B·n⟩=1.3e-03, Len=sum([4.1, 4.0, 3.8, 3.7])=15.7, ϰ=[4.4, 4.2, 4.0, 3.9], ∫ϰ²/L>=[5.1, 5.1, 5.1, 5.3], C-C-Sep=0.10, ║∇J║=6.7e-05
Iteration 1324/2000-----
currents: [100000.0, 99999.99999851691, 99999.99999867397, 99999.99999888724]
J=1.8e-05, ⟨Jf⟩=1.7e-05, ⟨B·n⟩=1.3e-03, Len=sum([4.1, 4.0, 3.8, 3.7])=15.7, ϰ=[4.4, 4.2, 4.0, 3.9], ∫ϰ²/L>=[5.1, 5.1, 5.1, 5.3], C-C-Sep=0.10, ║∇J║=5.3e-05
Iteration 1325/2000-----
currents: [100000.0, 99999.99999851623, 99999.99999867336, 99999.99999888682]
J=1.8e-05, ⟨Jf⟩=1.7e-05, ⟨B·n⟩=1.3e-03, Len=sum([4.1, 4.0, 3.8, 3.7])=15.7, ϰ=[4.4, 4.2, 4.0, 3.9], ∫ϰ²/L>=[5.1, 5.1, 5.1, 5.3], C-C-Sep=0.10, ║∇J║=6.0e-05
Iteration 1326/2000-----
currents: [100000.0, 99999.99999851576, 99999.99999867295, 99999.9999988866]
J=1.8e-05, ⟨Jf⟩=1.7e-05, ⟨B·n⟩=1.3e-03, Len=sum([4.1, 4.0, 3.8, 3.7])=15.7, ϰ=[4.3, 4.2, 4.0, 3.9], ∫ϰ²/L>=[5.1, 5.1, 5.1, 5.3], C-C-Sep=0.10, ║∇J║=1.4e-04
Iteration 1327/2000-----
currents: [100000.0, 99999.99999851536, 99999.99999867259, 99999.99999888637]
J=1.8e-05, ⟨Jf⟩=1.7e-05, ⟨B·n⟩=1.3e-03, Len=sum([4.1, 4.0, 3.8, 3.7])=15.7, ϰ=[4.3, 4.2, 4.0, 3.9], ∫ϰ²/L>=[5.1, 5.1, 5.1, 5.3], C-C-Sep=0.10, ║∇J║=4.8e-05
Iteration 1328/2000-----
currents: [100000.0, 99999.99999851506, 99999.99999867233, 99999.99999888623]
J=1.8e-05, ⟨Jf⟩=1.7e-05, ⟨B·n⟩=1.3e-03, Len=sum([4.1, 4.0, 3.8, 3.7])=15.7, ϰ=[4.3, 4.2, 4.0, 3.9], ∫ϰ²/L>=[5.1, 5.1, 5.1, 5.3], C-C-Sep=0.10, ║∇J║=3.2e-05
Iteration 1329/2000-----
currents: [100000.0, 99999.9999985147, 99999.999998672, 99999.99999888607]
J=1.8e-05, ⟨Jf⟩=1.7e-05, ⟨B·n⟩=1.3e-03, Len=sum([4.1, 4.0, 3.8, 3.7])=15.7, ϰ=[4.3, 4.2, 4.0, 3.9], ∫ϰ²/L>=[5.1, 5.1, 5.1, 5.3], C-C-Sep=0.10, ║∇J║=4.1e-05
Iteration 1330/2000-----
currents: [100000.0, 99999.99999851445, 99999.99999867179, 99999.99999888596]
J=1.8e-05, ⟨Jf⟩=1.7e-05, ⟨B·n⟩=1.3e-03, Len=sum([4.1, 4.0, 3.8, 3.7])=15.7, ϰ=[4.3, 4.2, 4.0, 3.9], ∫ϰ²/L>=[5.1, 5.1, 5.1, 5.3], C-C-Sep=0.10, ║∇J║=4.0e-05
Iteration 1331/2000-----
currents: [100000.0, 99999.9999985142, 99999.99999867158, 99999.99999888592]
J=1.8e-05, ⟨Jf⟩=1.7e-05, ⟨B·n⟩=1.3e-03, Len=sum([4.1, 4.0, 3.8, 3.7])=15.7, ϰ=[4.3, 4.2, 4.0, 3.9], ∫ϰ²/L>=[5.1, 5.1, 5.1, 5.3], C-C-Sep=0.10, ║∇J║=8.3e-05
Iteration 1332/2000-----
currents: [100000.0, 99999.99999851428, 99999.99999867164, 99999.99999888592]
J=1.8e-05, ⟨Jf⟩=1.7e-05, ⟨B·n⟩=1.3e-03, Len=sum([4.1, 4.0, 3.8, 3.7])=15.7, ϰ=[4.3, 4.2, 4.0, 3.9], ∫ϰ²/L>=[5.1, 5.1, 5.1, 5.3], C-C-Sep=0.10, ║∇J║=3.1e-05
Iteration 1333/2000-----
currents: [100000.0, 99999.99999851441, 99999.99999867176, 99999.99999888598]
J=1.8e-05, ⟨Jf⟩=1.7e-05, ⟨B·n⟩=1.3e-03, Len=sum([4.1, 4.0, 3.8, 3.7])=15.7, ϰ=[4.3, 4.2, 4.0, 3.9], ∫ϰ²/L>=[5.1, 5.1, 5.1, 5.3], C-C-Sep=0.10, ║∇J║=3.3e-05
Iteration 1334/2000-----
currents: [100000.0, 99999.99999851448, 99999.99999867183, 99999.999998886]
J=1.8e-05, ⟨Jf⟩=1.7e-05, ⟨B·n⟩=1.3e-03, Len=sum([4.1, 4.0, 3.8, 3.7])=15.7, ϰ=[4.4, 4.2, 4.0, 3.9], ∫ϰ²/L>=[5.1, 5.1, 5.1, 5.3], C-C-Sep=0.10, ║∇J║=5.4e-05
Iteration 1335/2000-----
currents: [100000.0, 99999.9999985142, 99999.9999986716, 99999.99999888586]
J=1.8e-05, ⟨Jf⟩=1.7e-05, ⟨B·n⟩=1.3e-03, Len=sum([4.1, 4.0, 3.8, 3.7])=15.7, ϰ=[4.4, 4.2, 4.0, 3.9], ∫ϰ²/L>=[5.1, 5.1, 5.1, 5.3], C-C-Sep=0.10, ║∇J║=8.1e-05
Iteration 1336/2000-----
currents: [100000.0, 99999.99999851394, 99999.99999867138, 99999.99999888576]
J=1.8e-05, ⟨Jf⟩=1.7e-05, ⟨B·n⟩=1.3e-03, Len=sum([4.1, 4.0, 3.8, 3.7])=15.7, ϰ=[4.4, 4.2, 4.0, 3.9], ∫ϰ²/L>=[5.1, 5.1, 5.1, 5.3], C-C-Sep=0.10, ║∇J║=5.4e-05
Iteration 1337/2000-----
currents: [100000.0, 99999.99999851275, 99999.99999867036, 99999.99999888524]
J=1.8e-05, ⟨Jf⟩=1.7e-05, ⟨B·n⟩=1.3e-03, Len=sum([4.1, 4.0, 3.8, 3.7])=15.7, ϰ=[4.4, 4.2, 4.0, 3.9], ∫ϰ²/L>=[5.1, 5.1, 5.1, 5.3], C-C-Sep=0.10, ║∇J║=6.6e-05
Iteration 1338/2000-----
currents: [100000.0, 99999.9999985119, 99999.99999866965, 99999.99999888487]
J=1.8e-05, ⟨Jf⟩=1.7e-05, ⟨B·n⟩=1.3e-03, Len=sum([4.1, 4.0, 3.8, 3.7])=15.7, ϰ=[4.4, 4.2, 4.0, 3.9], ∫ϰ²/L>=[5.1, 5.1, 5.1, 5.3], C-C-Sep=0.10, ║∇J║=8.2e-05
Iteration 1339/2000-----
currents: [100000.0, 99999.99999850939, 99999.9999986675, 99999.9999988836]
J=1.8e-05, ⟨Jf⟩=1.7e-05, ⟨B·n⟩=1.3e-03, Len=sum([4.1, 4.0, 3.8, 3.7])=15.7, ϰ=[4.4, 4.2, 4.0, 3.9], ∫ϰ²/L>=[5.1, 5.1, 5.1, 5.3], C-C-Sep=0.10, ║∇J║=1.8e-04
Iteration 1340/2000-----
currents: [100000.0, 99999.99999850761, 99999.99999866598, 99999.99999888273]
J=1.8e-05, ⟨Jf⟩=1.7e-05, ⟨B·n⟩=1.3e-03, Len=sum([4.1, 4.0, 3.8, 3.7])=15.7, ϰ=[4.4, 4.2, 4.1, 3.9], ∫ϰ²/L>=[5.1, 5.1, 5.1, 5.3], C-C-Sep=0.10, ║∇J║=1.0e-04
Iteration 1341/2000-----
currents: [100000.0, 99999.99999850728, 99999.99999866569, 99999.99999888247]
J=1.8e-05, ⟨Jf⟩=1.7e-05, ⟨B·n⟩=1.3e-03, Len=sum([4.1, 4.0, 3.8, 3.7])=15.7, ϰ=[4.4, 4.2, 4.1, 3.9], ∫ϰ²/L>=[5.1, 5.1, 5.1, 5.3], C-C-Sep=0.10, ║∇J║=7.3e-05
Iteration 1342/2000-----
currents: [100000.0, 99999.99999850552, 99999.99999866412, 99999.99999888129]
J=1.8e-05, ⟨Jf⟩=1.7e-05, ⟨B·n⟩=1.3e-03, Len=sum([4.1, 4.0, 3.8, 3.7])=15.7, ϰ=[4.4, 4.2, 4.1, 3.9], ∫ϰ²/L>=[5.1, 5.1, 5.1, 5.3], C-C-Sep=0.10, ║∇J║=7.7e-05
Iteration 1343/2000-----
currents: [100000.0, 99999.99999850431, 99999.99999866307, 99999.99999888062]
J=1.8e-05, ⟨Jf⟩=1.7e-05, ⟨B·n⟩=1.3e-03, Len=sum([4.1, 4.0, 3.8, 3.7])=15.7, ϰ=[4.4, 4.2, 4.1, 3.9], ∫ϰ²/L>=[5.1, 5.1, 5.1, 5.3], C-C-Sep=0.10, ║∇J║=1.4e-04
Iteration 1344/2000-----
currents: [100000.0, 99999.99999850408, 99999.99999866287, 99999.9999988805]
J=1.8e-05, ⟨Jf⟩=1.7e-05, ⟨B·n⟩=1.3e-03, Len=sum([4.1, 4.0, 3.8, 3.7])=15.7, ϰ=[4.4, 4.2, 4.1, 3.9], ∫ϰ²/L>=[5.1, 5.1, 5.1, 5.3], C-C-Sep=0.10, ║∇J║=5.3e-05
Iteration 1345/2000-----
currents: [100000.0, 99999.9999985035, 99999.99999866236, 99999.9999988802]
J=1.8e-05, ⟨Jf⟩=1.7e-05, ⟨B·n⟩=1.3e-03, Len=sum([4.1, 4.0, 3.8, 3.7])=15.7, ϰ=[4.4, 4.2, 4.1, 3.9], ∫ϰ²/L>=[5.1, 5.1, 5.1, 5.3], C-C-Sep=0.10, ║∇J║=3.5e-05
Iteration 1346/2000-----
currents: [100000.0, 99999.99999850296, 99999.99999866188, 99999.99999887991]
J=1.8e-05, ⟨Jf⟩=1.7e-05, ⟨B·n⟩=1.3e-03, Len=sum([4.1, 4.0, 3.8, 3.7])=15.7, ϰ=[4.4, 4.2, 4.1, 3.9], ∫ϰ²/L>=[5.1, 5.1, 5.1, 5.3], C-C-Sep=0.10, ║∇J║=3.6e-05
Iteration 1347/2000-----
currents: [100000.0, 99999.99999850233, 99999.99999866133, 99999.99999887955]
J=1.8e-05, ⟨Jf⟩=1.7e-05, ⟨B·n⟩=1.3e-03, Len=sum([4.1, 4.0, 3.8, 3.7])=15.7, ϰ=[4.4, 4.2, 4.1, 3.9], ∫ϰ²/L>=[5.1, 5.1, 5.1, 5.3], C-C-Sep=0.10, ║∇J║=3.3e-05
Iteration 1348/2000-----
currents: [100000.0, 99999.99999850198, 99999.99999866102, 99999.99999887933]
J=1.8e-05, ⟨Jf⟩=1.7e-05, ⟨B·n⟩=1.3e-03, Len=sum([4.1, 4.0, 3.8, 3.7])=15.7, ϰ=[4.4, 4.2, 4.1, 3.9], ∫ϰ²/L>=[5.1, 5.1, 5.1, 5.3], C-C-Sep=0.10, ║∇J║=4.3e-05
Iteration 1349/2000-----
currents: [100000.0, 99999.9999985018, 99999.99999866086, 99999.9999988792]
J=1.8e-05, ⟨Jf⟩=1.7e-05, ⟨B·n⟩=1.3e-03, Len=sum([4.1, 4.0, 3.8, 3.7])=15.7, ϰ=[4.4, 4.2, 4.1, 3.9], ∫ϰ²/L>=[5.1, 5.1, 5.1, 5.3], C-C-Sep=0.10, ║∇J║=3.4e-05
Iteration 1350/2000-----
currents: [100000.0, 99999.99999850181, 99999.9999986609, 99999.9999988792]
J=1.8e-05, ⟨Jf⟩=1.7e-05, ⟨B·n⟩=1.3e-03, Len=sum([4.1, 4.0, 3.8, 3.7])=15.7, ϰ=[4.4, 4.2, 4.1, 3.9], ∫ϰ²/L>=[5.1, 5.1, 5.1, 5.3], C-C-Sep=0.10, ║∇J║=4.1e-05
Iteration 1351/2000-----
currents: [100000.0, 99999.99999850153, 99999.99999866071, 99999.99999887904]
J=1.8e-05, ⟨Jf⟩=1.7e-05, ⟨B·n⟩=1.3e-03, Len=sum([4.1, 4.0, 3.8, 3.7])=15.7, ϰ=[4.4, 4.2, 4.1, 3.9], ∫ϰ²/L>=[5.1, 5.1, 5.1, 5.3], C-C-Sep=0.10, ║∇J║=8.2e-05
Iteration 1352/2000-----
currents: [100000.0, 99999.99999850123, 99999.99999866048, 99999.99999887888]
J=1.8e-05, ⟨Jf⟩=1.7e-05, ⟨B·n⟩=1.3e-03, Len=sum([4.1, 4.0, 3.8, 3.7])=15.7, ϰ=[4.4, 4.2, 4.1, 3.9], ∫ϰ²/L>=[5.1, 5.1, 5.1, 5.3], C-C-Sep=0.10, ║∇J║=4.6e-05
Iteration 1353/2000-----
currents: [100000.0, 99999.9999985006, 99999.99999865999, 99999.99999887859]
J=1.8e-05, ⟨Jf⟩=1.7e-05, ⟨B·n⟩=1.3e-03, Len=sum([4.1, 4.0, 3.8, 3.7])=15.7, ϰ=[4.4, 4.2, 4.1, 3.9], ∫ϰ²/L>=[5.1, 5.1, 5.1, 5.3], C-C-Sep=0.10, ║∇J║=5.0e-05
Iteration 1354/2000-----
currents: [100000.0, 99999.99999849952, 99999.99999865911, 99999.99999887806]
J=1.8e-05, ⟨Jf⟩=1.7e-05, ⟨B·n⟩=1.3e-03, Len=sum([4.1, 4.0, 3.8, 3.7])=15.7, ϰ=[4.4, 4.2, 4.1, 3.9], ∫ϰ²/L>=[5.1, 5.1, 5.1, 5.3], C-C-Sep=0.10, ║∇J║=6.9e-05
Iteration 1355/2000-----
currents: [100000.0, 99999.99999849798, 99999.9999986579, 99999.99999887735]
J=1.8e-05, ⟨Jf⟩=1.7e-05, ⟨B·n⟩=1.3e-03, Len=sum([4.1, 4.0, 3.8, 3.7])=15.7, ϰ=[4.4, 4.2, 4.1, 3.9], ∫ϰ²/L>=[5.1, 5.1, 5.1, 5.3], C-C-Sep=0.10, ║∇J║=1.6e-04
Iteration 1356/2000-----
currents: [100000.0, 99999.99999849738, 99999.99999865745, 99999.99999887709]
J=1.8e-05, ⟨Jf⟩=1.7e-05, ⟨B·n⟩=1.3e-03, Len=sum([4.1, 4.0, 3.8, 3.7])=15.7, ϰ=[4.4, 4.2, 4.1, 3.9], ∫ϰ²/L>=[5.1, 5.1, 5.1, 5.3], C-C-Sep=0.10, ║∇J║=7.9e-05
Iteration 1357/2000-----
currents: [100000.0, 99999.99999849686, 99999.99999865708, 99999.99999887685]
J=1.8e-05, ⟨Jf⟩=1.7e-05, ⟨B·n⟩=1.3e-03, Len=sum([4.1, 4.0, 3.8, 3.7])=15.7, ϰ=[4.4, 4.2, 4.1, 3.9], ∫ϰ²/L>=[5.1, 5.1, 5.1, 5.3], C-C-Sep=0.10, ║∇J║=6.2e-05
Iteration 1358/2000-----
currents: [100000.0, 99999.99999849634, 99999.99999865673, 99999.99999887664]
J=1.8e-05, ⟨Jf⟩=1.7e-05, ⟨B·n⟩=1.3e-03, Len=sum([4.1, 4.0, 3.8, 3.7])=15.7, ϰ=[4.4, 4.2, 4.1, 3.9], ∫ϰ²/L>=[5.1, 5.1, 5.1, 5.3], C-C-Sep=0.10, ║∇J║=7.4e-05
Iteration 1359/2000-----
currents: [100000.0, 99999.99999849516, 99999.99999865583, 99999.99999887604]
J=1.8e-05, ⟨Jf⟩=1.7e-05, ⟨B·n⟩=1.3e-03, Len=sum([4.1, 4.0, 3.8, 3.7])=15.7, ϰ=[4.4, 4.2, 4.1, 3.9], ∫ϰ²/L>=[5.1, 5.1, 5.1, 5.3], C-C-Sep=0.10, ║∇J║=1.1e-04
Iteration 1360/2000-----
currents: [100000.0, 99999.99999849408, 99999.99999865498, 99999.99999887549]
J=1.8e-05, ⟨Jf⟩=1.7e-05, ⟨B·n⟩=1.3e-03, Len=sum([4.1, 4.0, 3.8, 3.7])=15.7, ϰ=[4.4, 4.2, 4.1, 3.9], ∫ϰ²/L>=[5.1, 5.1, 5.1, 5.3], C-C-Sep=0.10, ║∇J║=5.5e-05
Iteration 1361/2000-----
currents: [100000.0, 99999.99999849361, 99999.99999865462, 99999.99999887521]
J=1.8e-05, ⟨Jf⟩=1.7e-05, ⟨B·n⟩=1.3e-03, Len=sum([4.1, 4.0, 3.8, 3.7])=15.7, ϰ=[4.4, 4.2, 4.1, 3.9], ∫ϰ²/L>=[5.1, 5.1, 5.1, 5.3], C-C-Sep=0.10, ║∇J║=3.9e-05
Iteration 1362/2000-----
currents: [100000.0, 99999.99999849276, 99999.9999986539, 99999.99999887469]
J=1.8e-05, ⟨Jf⟩=1.7e-05, ⟨B·n⟩=1.3e-03, Len=sum([4.1, 4.0, 3.8, 3.7])=15.7, ϰ=[4.4, 4.2, 4.1, 3.9], ∫ϰ²/L>=[5.1, 5.1, 5.1, 5.3], C-C-Sep=0.10, ║∇J║=4.5e-05
Iteration 1363/2000-----
currents: [100000.0, 99999.99999849203, 99999.99999865331, 99999.99999887425]
J=1.8e-05, ⟨Jf⟩=1.7e-05, ⟨B·n⟩=1.3e-03, Len=sum([4.1, 4.0, 3.8, 3.7])=15.7, ϰ=[4.4, 4.2, 4.1, 3.9], ∫ϰ²/L>=[5.1, 5.1, 5.1, 5.3], C-C-Sep=0.10, ║∇J║=1.1e-04
Iteration 1364/2000-----
currents: [100000.0, 99999.99999849201, 99999.99999865331, 99999.99999887425]
J=1.8e-05, ⟨Jf⟩=1.7e-05, ⟨B·n⟩=1.3e-03, Len=sum([4.1, 4.0, 3.8, 3.7])=15.7, ϰ=[4.4, 4.2, 4.1, 3.9], ∫ϰ²/L>=[5.1, 5.1, 5.1, 5.3], C-C-Sep=0.10, ║∇J║=3.8e-05
Iteration 1365/2000-----
currents: [100000.0, 99999.99999849184, 99999.99999865316, 99999.99999887415]
J=1.8e-05, ⟨Jf⟩=1.7e-05, ⟨B·n⟩=1.3e-03, Len=sum([4.1, 4.0, 3.8, 3.7])=15.7, ϰ=[4.4, 4.2, 4.1, 3.9], ∫ϰ²/L>=[5.1, 5.1, 5.1, 5.3], C-C-Sep=0.10, ║∇J║=2.6e-05
Iteration 1366/2000-----
currents: [100000.0, 99999.99999849168, 99999.99999865305, 99999.99999887406]
J=1.8e-05, ⟨Jf⟩=1.7e-05, ⟨B·n⟩=1.3e-03, Len=sum([4.1, 4.0, 3.8, 3.7])=15.7, ϰ=[4.4, 4.2, 4.1, 3.9], ∫ϰ²/L>=[5.1, 5.1, 5.1, 5.3], C-C-Sep=0.10, ║∇J║=3.1e-05
Iteration 1367/2000-----
currents: [100000.0, 99999.9999984913, 99999.99999865273, 99999.99999887384]
J=1.8e-05, ⟨Jf⟩=1.7e-05, ⟨B·n⟩=1.3e-03, Len=sum([4.1, 4.0, 3.8, 3.7])=15.7, ϰ=[4.4, 4.2, 4.1, 3.9], ∫ϰ²/L>=[5.1, 5.1, 5.1, 5.3], C-C-Sep=0.10, ║∇J║=3.1e-05
Iteration 1368/2000-----
currents: [100000.0, 99999.99999849069, 99999.99999865223, 99999.9999988735]
J=1.8e-05, ⟨Jf⟩=1.7e-05, ⟨B·n⟩=1.3e-03, Len=sum([4.1, 4.0, 3.8, 3.7])=15.7, ϰ=[4.4, 4.2, 4.1, 3.9], ∫ϰ²/L>=[5.1, 5.1, 5.1, 5.3], C-C-Sep=0.10, ║∇J║=6.2e-05
Iteration 1369/2000-----
currents: [100000.0, 99999.9999984902, 99999.99999865182, 99999.99999887323]
J=1.8e-05, ⟨Jf⟩=1.7e-05, ⟨B·n⟩=1.3e-03, Len=sum([4.1, 4.0, 3.8, 3.7])=15.7, ϰ=[4.4, 4.2, 4.1, 3.9], ∫ϰ²/L>=[5.1, 5.1, 5.1, 5.3], C-C-Sep=0.10, ║∇J║=4.3e-05
Iteration 1370/2000-----
currents: [100000.0, 99999.9999984896, 99999.99999865131, 99999.9999988729]
J=1.8e-05, ⟨Jf⟩=1.7e-05, ⟨B·n⟩=1.3e-03, Len=sum([4.1, 4.0, 3.8, 3.7])=15.7, ϰ=[4.4, 4.2, 4.1, 3.9], ∫ϰ²/L>=[5.1, 5.1, 5.1, 5.3], C-C-Sep=0.10, ║∇J║=5.3e-05
Iteration 1371/2000-----
currents: [100000.0, 99999.99999848827, 99999.99999865024, 99999.99999887217]
J=1.8e-05, ⟨Jf⟩=1.7e-05, ⟨B·n⟩=1.3e-03, Len=sum([4.1, 4.0, 3.8, 3.7])=15.7, ϰ=[4.4, 4.2, 4.1, 3.9], ∫ϰ²/L>=[5.1, 5.1, 5.1, 5.3], C-C-Sep=0.10, ║∇J║=7.8e-05
Iteration 1372/2000-----
currents: [100000.0, 99999.99999848625, 99999.99999864858, 99999.99999887103]
J=1.8e-05, ⟨Jf⟩=1.7e-05, ⟨B·n⟩=1.3e-03, Len=sum([4.1, 4.0, 3.8, 3.7])=15.7, ϰ=[4.4, 4.2, 4.1, 3.9], ∫ϰ²/L>=[5.1, 5.1, 5.1, 5.3], C-C-Sep=0.10, ║∇J║=1.3e-04
Iteration 1373/2000-----
currents: [100000.0, 99999.9999984851, 99999.99999864766, 99999.99999887036]
J=1.8e-05, ⟨Jf⟩=1.7e-05, ⟨B·n⟩=1.3e-03, Len=sum([4.1, 4.0, 3.8, 3.7])=15.7, ϰ=[4.4, 4.2, 4.1, 4.0], ∫ϰ²/L>=[5.1, 5.1, 5.1, 5.3], C-C-Sep=0.10, ║∇J║=7.7e-05
Iteration 1374/2000-----
currents: [100000.0, 99999.99999848401, 99999.99999864685, 99999.99999886975]
J=1.8e-05, ⟨Jf⟩=1.7e-05, ⟨B·n⟩=1.3e-03, Len=sum([4.1, 4.0, 3.8, 3.7])=15.7, ϰ=[4.4, 4.1, 4.1, 4.0], ∫ϰ²/L>=[5.1, 5.1, 5.1, 5.3], C-C-Sep=0.10, ║∇J║=6.2e-05
Iteration 1375/2000-----
currents: [100000.0, 99999.99999848263, 99999.99999864576, 99999.99999886897]
J=1.8e-05, ⟨Jf⟩=1.7e-05, ⟨B·n⟩=1.3e-03, Len=sum([4.1, 4.0, 3.8, 3.7])=15.7, ϰ=[4.4, 4.1, 4.1, 4.0], ∫ϰ²/L>=[5.1, 5.1, 5.1, 5.3], C-C-Sep=0.10, ║∇J║=7.3e-05
Iteration 1376/2000-----
currents: [100000.0, 99999.99999848107, 99999.99999864456, 99999.99999886808]
J=1.8e-05, ⟨Jf⟩=1.7e-05, ⟨B·n⟩=1.3e-03, Len=sum([4.1, 4.0, 3.8, 3.7])=15.7, ϰ=[4.4, 4.1, 4.1, 4.0], ∫ϰ²/L>=[5.1, 5.1, 5.1, 5.3], C-C-Sep=0.10, ║∇J║=1.3e-04
Iteration 1377/2000-----
currents: [100000.0, 99999.99999848072, 99999.99999864426, 99999.99999886792]
J=1.8e-05, ⟨Jf⟩=1.7e-05, ⟨B·n⟩=1.3e-03, Len=sum([4.1, 4.0, 3.8, 3.7])=15.7, ϰ=[4.4, 4.2, 4.1, 4.0], ∫ϰ²/L>=[5.1, 5.1, 5.1, 5.3], C-C-Sep=0.10, ║∇J║=4.7e-05
Iteration 1378/2000-----
currents: [100000.0, 99999.99999848066, 99999.9999986442, 99999.9999988679]
J=1.8e-05, ⟨Jf⟩=1.7e-05, ⟨B·n⟩=1.3e-03, Len=sum([4.1, 4.0, 3.8, 3.7])=15.7, ϰ=[4.4, 4.2, 4.1, 4.0], ∫ϰ²/L>=[5.1, 5.1, 5.1, 5.3], C-C-Sep=0.10, ║∇J║=3.9e-05
Iteration 1379/2000-----
currents: [100000.0, 99999.99999848042, 99999.999998644, 99999.99999886779]
J=1.8e-05, ⟨Jf⟩=1.7e-05, ⟨B·n⟩=1.3e-03, Len=sum([4.1, 4.0, 3.8, 3.7])=15.7, ϰ=[4.4, 4.2, 4.1, 4.0], ∫ϰ²/L>=[5.1, 5.1, 5.1, 5.3], C-C-Sep=0.10, ║∇J║=3.7e-05
Iteration 1380/2000-----
currents: [100000.0, 99999.9999984802, 99999.99999864383, 99999.99999886769]
J=1.8e-05, ⟨Jf⟩=1.7e-05, ⟨B·n⟩=1.3e-03, Len=sum([4.1, 4.0, 3.8, 3.7])=15.7, ϰ=[4.4, 4.2, 4.1, 4.0], ∫ϰ²/L>=[5.1, 5.1, 5.1, 5.3], C-C-Sep=0.10, ║∇J║=3.6e-05
Iteration 1381/2000-----
currents: [100000.0, 99999.99999847966, 99999.99999864341, 99999.99999886741]
J=1.8e-05, ⟨Jf⟩=1.7e-05, ⟨B·n⟩=1.3e-03, Len=sum([4.1, 4.0, 3.8, 3.7])=15.7, ϰ=[4.4, 4.2, 4.1, 4.0], ∫ϰ²/L>=[5.1, 5.1, 5.1, 5.3], C-C-Sep=0.10, ║∇J║=5.6e-05
Iteration 1382/2000-----
currents: [100000.0, 99999.99999847967, 99999.99999864343, 99999.99999886742]
J=1.8e-05, ⟨Jf⟩=1.7e-05, ⟨B·n⟩=1.3e-03, Len=sum([4.1, 4.0, 3.8, 3.7])=15.7, ϰ=[4.4, 4.1, 4.1, 4.0], ∫ϰ²/L>=[5.1, 5.1, 5.1, 5.3], C-C-Sep=0.10, ║∇J║=2.6e-05
Iteration 1383/2000-----
currents: [100000.0, 99999.99999847975, 99999.9999986435, 99999.99999886747]
J=1.8e-05, ⟨Jf⟩=1.7e-05, ⟨B·n⟩=1.3e-03, Len=sum([4.1, 4.0, 3.8, 3.7])=15.7, ϰ=[4.4, 4.2, 4.1, 4.0], ∫ϰ²/L>=[5.1, 5.1, 5.1, 5.3], C-C-Sep=0.10, ║∇J║=3.0e-05
Iteration 1384/2000-----
currents: [100000.0, 99999.9999984796, 99999.99999864338, 99999.9999988674]
J=1.8e-05, ⟨Jf⟩=1.7e-05, ⟨B·n⟩=1.3e-03, Len=sum([4.1, 4.0, 3.8, 3.7])=15.7, ϰ=[4.4, 4.2, 4.1, 4.0], ∫ϰ²/L>=[5.1, 5.1, 5.1, 5.3], C-C-Sep=0.10, ║∇J║=4.2e-05
Iteration 1385/2000-----
currents: [100000.0, 99999.99999847937, 99999.99999864321, 99999.9999988673]
J=1.8e-05, ⟨Jf⟩=1.7e-05, ⟨B·n⟩=1.3e-03, Len=sum([4.1, 4.0, 3.8, 3.7])=15.7, ϰ=[4.4, 4.2, 4.1, 4.0], ∫ϰ²/L>=[5.1, 5.1, 5.1, 5.3], C-C-Sep=0.10, ║∇J║=6.3e-05
Iteration 1386/2000-----
currents: [100000.0, 99999.99999847825, 99999.99999864226, 99999.9999988667]
J=1.8e-05, ⟨Jf⟩=1.7e-05, ⟨B·n⟩=1.3e-03, Len=sum([4.1, 4.0, 3.8, 3.7])=15.7, ϰ=[4.4, 4.2, 4.1, 4.0], ∫ϰ²/L>=[5.1, 5.1, 5.1, 5.3], C-C-Sep=0.10, ║∇J║=7.7e-05
Iteration 1387/2000-----
currents: [100000.0, 99999.9999984773, 99999.99999864145, 99999.99999886619]
J=1.8e-05, ⟨Jf⟩=1.7e-05, ⟨B·n⟩=1.3e-03, Len=sum([4.1, 4.0, 3.8, 3.7])=15.7, ϰ=[4.4, 4.2, 4.1, 4.0], ∫ϰ²/L>=[5.1, 5.1, 5.1, 5.3], C-C-Sep=0.10, ║∇J║=6.1e-05
Iteration 1388/2000-----
currents: [100000.0, 99999.99999847532, 99999.99999863976, 99999.99999886514]
J=1.8e-05, ⟨Jf⟩=1.7e-05, ⟨B·n⟩=1.3e-03, Len=sum([4.1, 4.0, 3.8, 3.7])=15.7, ϰ=[4.4, 4.2, 4.1, 3.9], ∫ϰ²/L>=[5.1, 5.1, 5.1, 5.3], C-C-Sep=0.10, ║∇J║=8.2e-05
Iteration 1389/2000-----
currents: [100000.0, 99999.99999847368, 99999.99999863833, 99999.99999886422]
J=1.8e-05, ⟨Jf⟩=1.7e-05, ⟨B·n⟩=1.3e-03, Len=sum([4.1, 4.0, 3.8, 3.7])=15.7, ϰ=[4.4, 4.2, 4.1, 3.9], ∫ϰ²/L>=[5.1, 5.1, 5.1, 5.3], C-C-Sep=0.10, ║∇J║=1.1e-04
Iteration 1390/2000-----
currents: [100000.0, 99999.99999847234, 99999.99999863718, 99999.9999988635]
J=1.8e-05, ⟨Jf⟩=1.7e-05, ⟨B·n⟩=1.3e-03, Len=sum([4.1, 4.0, 3.8, 3.7])=15.7, ϰ=[4.4, 4.2, 4.1, 3.9], ∫ϰ²/L>=[5.1, 5.1, 5.1, 5.3], C-C-Sep=0.10, ║∇J║=7.3e-05
Iteration 1391/2000-----
currents: [100000.0, 99999.99999847116, 99999.99999863621, 99999.99999886288]
J=1.8e-05, ⟨Jf⟩=1.7e-05, ⟨B·n⟩=1.3e-03, Len=sum([4.1, 4.0, 3.8, 3.7])=15.7, ϰ=[4.4, 4.2, 4.1, 3.9], ∫ϰ²/L>=[5.1, 5.1, 5.1, 5.3], C-C-Sep=0.10, ║∇J║=5.6e-05
Iteration 1392/2000-----
currents: [100000.0, 99999.99999847027, 99999.99999863548, 99999.99999886239]
J=1.8e-05, ⟨Jf⟩=1.7e-05, ⟨B·n⟩=1.3e-03, Len=sum([4.1, 4.0, 3.8, 3.7])=15.7, ϰ=[4.4, 4.2, 4.1, 3.9], ∫ϰ²/L>=[5.1, 5.1, 5.1, 5.3], C-C-Sep=0.10, ║∇J║=7.0e-05
Iteration 1393/2000-----
currents: [100000.0, 99999.99999846985, 99999.99999863512, 99999.99999886216]
J=1.8e-05, ⟨Jf⟩=1.7e-05, ⟨B·n⟩=1.3e-03, Len=sum([4.1, 4.0, 3.8, 3.7])=15.7, ϰ=[4.4, 4.2, 4.1, 3.9], ∫ϰ²/L>=[5.1, 5.1, 5.1, 5.3], C-C-Sep=0.10, ║∇J║=4.8e-05
Iteration 1394/2000-----
currents: [100000.0, 99999.99999846924, 99999.99999863461, 99999.99999886184]
J=1.8e-05, ⟨Jf⟩=1.7e-05, ⟨B·n⟩=1.3e-03, Len=sum([4.1, 4.0, 3.8, 3.7])=15.7, ϰ=[4.4, 4.2, 4.1, 3.9], ∫ϰ²/L>=[5.1, 5.1, 5.1, 5.3], C-C-Sep=0.10, ║∇J║=3.8e-05
Iteration 1395/2000-----
currents: [100000.0, 99999.99999846848, 99999.99999863394, 99999.99999886139]
J=1.8e-05, ⟨Jf⟩=1.7e-05, ⟨B·n⟩=1.3e-03, Len=sum([4.1, 4.0, 3.8, 3.7])=15.7, ϰ=[4.4, 4.2, 4.1, 3.9], ∫ϰ²/L>=[5.1, 5.1, 5.1, 5.3], C-C-Sep=0.10, ║∇J║=6.0e-05
Iteration 1396/2000-----
currents: [100000.0, 99999.99999846806, 99999.99999863356, 99999.99999886115]
J=1.8e-05, ⟨Jf⟩=1.7e-05, ⟨B·n⟩=1.3e-03, Len=sum([4.1, 4.0, 3.8, 3.7])=15.7, ϰ=[4.4, 4.2, 4.1, 3.9], ∫ϰ²/L>=[5.1, 5.1, 5.1, 5.3], C-C-Sep=0.10, ║∇J║=3.6e-05
Iteration 1397/2000-----
currents: [100000.0, 99999.99999846779, 99999.99999863331, 99999.999998861]
J=1.8e-05, ⟨Jf⟩=1.7e-05, ⟨B·n⟩=1.3e-03, Len=sum([4.1, 4.0, 3.8, 3.7])=15.7, ϰ=[4.4, 4.2, 4.1, 3.9], ∫ϰ²/L>=[5.1, 5.1, 5.1, 5.3], C-C-Sep=0.10, ║∇J║=2.7e-05
Iteration 1398/2000-----
currents: [100000.0, 99999.99999846744, 99999.999998633, 99999.9999988608]
J=1.8e-05, ⟨Jf⟩=1.7e-05, ⟨B·n⟩=1.3e-03, Len=sum([4.1, 4.0, 3.8, 3.7])=15.7, ϰ=[4.4, 4.2, 4.1, 3.9], ∫ϰ²/L>=[5.1, 5.1, 5.1, 5.3], C-C-Sep=0.10, ║∇J║=3.0e-05
Iteration 1399/2000-----
currents: [100000.0, 99999.99999846674, 99999.99999863235, 99999.99999886042]
J=1.8e-05, ⟨Jf⟩=1.7e-05, ⟨B·n⟩=1.3e-03, Len=sum([4.1, 4.0, 3.8, 3.7])=15.7, ϰ=[4.4, 4.2, 4.1, 3.9], ∫ϰ²/L>=[5.1, 5.1, 5.1, 5.3], C-C-Sep=0.10, ║∇J║=4.8e-05
Iteration 1400/2000-----
currents: [100000.0, 99999.99999846688, 99999.99999863248, 99999.99999886051]
J=1.8e-05, ⟨Jf⟩=1.7e-05, ⟨B·n⟩=1.3e-03, Len=sum([4.1, 4.0, 3.8, 3.7])=15.7, ϰ=[4.4, 4.2, 4.1, 3.9], ∫ϰ²/L>=[5.1, 5.1, 5.1, 5.3], C-C-Sep=0.10, ║∇J║=2.8e-05
Iteration 1401/2000-----
currents: [100000.0, 99999.99999846658, 99999.99999863221, 99999.99999886034]
J=1.8e-05, ⟨Jf⟩=1.7e-05, ⟨B·n⟩=1.3e-03, Len=sum([4.1, 4.0, 3.8, 3.7])=15.7, ϰ=[4.4, 4.2, 4.1, 3.9], ∫ϰ²/L>=[5.1, 5.1, 5.1, 5.3], C-C-Sep=0.10, ║∇J║=3.1e-05
Iteration 1402/2000-----
currents: [100000.0, 99999.99999846634, 99999.999998632, 99999.99999886022]
J=1.8e-05, ⟨Jf⟩=1.7e-05, ⟨B·n⟩=1.3e-03, Len=sum([4.1, 4.0, 3.8, 3.7])=15.7, ϰ=[4.4, 4.2, 4.1, 3.9], ∫ϰ²/L>=[5.1, 5.1, 5.1, 5.3], C-C-Sep=0.10, ║∇J║=4.4e-05
Iteration 1403/2000-----
currents: [100000.0, 99999.99999846538, 99999.99999863113, 99999.99999885967]
J=1.8e-05, ⟨Jf⟩=1.7e-05, ⟨B·n⟩=1.3e-03, Len=sum([4.1, 4.0, 3.8, 3.7])=15.7, ϰ=[4.4, 4.2, 4.1, 3.9], ∫ϰ²/L>=[5.1, 5.1, 5.1, 5.3], C-C-Sep=0.10, ║∇J║=5.9e-05
Iteration 1404/2000-----
currents: [100000.0, 99999.99999846397, 99999.99999862986, 99999.9999988589]
J=1.8e-05, ⟨Jf⟩=1.7e-05, ⟨B·n⟩=1.3e-03, Len=sum([4.1, 4.0, 3.8, 3.7])=15.7, ϰ=[4.4, 4.2, 4.1, 3.9], ∫ϰ²/L>=[5.1, 5.1, 5.1, 5.3], C-C-Sep=0.10, ║∇J║=8.0e-05
Iteration 1405/2000-----
currents: [100000.0, 99999.99999846386, 99999.99999862973, 99999.99999885884]
J=1.8e-05, ⟨Jf⟩=1.7e-05, ⟨B·n⟩=1.3e-03, Len=sum([4.1, 4.0, 3.8, 3.7])=15.7, ϰ=[4.4, 4.2, 4.1, 3.9], ∫ϰ²/L>=[5.1, 5.1, 5.1, 5.3], C-C-Sep=0.10, ║∇J║=5.3e-05
Iteration 1406/2000-----
currents: [100000.0, 99999.99999846307, 99999.999998629, 99999.9999988584]
J=1.8e-05, ⟨Jf⟩=1.7e-05, ⟨B·n⟩=1.3e-03, Len=sum([4.1, 4.0, 3.8, 3.7])=15.7, ϰ=[4.4, 4.2, 4.1, 3.9], ∫ϰ²/L>=[5.1, 5.1, 5.1, 5.3], C-C-Sep=0.10, ║∇J║=6.4e-05
Iteration 1407/2000-----
currents: [100000.0, 99999.9999984627, 99999.99999862864, 99999.99999885821]
J=1.8e-05, ⟨Jf⟩=1.7e-05, ⟨B·n⟩=1.3e-03, Len=sum([4.1, 4.0, 3.8, 3.7])=15.7, ϰ=[4.4, 4.2, 4.1, 3.9], ∫ϰ²/L>=[5.1, 5.1, 5.1, 5.3], C-C-Sep=0.10, ║∇J║=7.9e-05
Iteration 1408/2000-----
currents: [100000.0, 99999.9999984602, 99999.99999862636, 99999.99999885686]
J=1.8e-05, ⟨Jf⟩=1.7e-05, ⟨B·n⟩=1.3e-03, Len=sum([4.1, 4.0, 3.8, 3.7])=15.7, ϰ=[4.4, 4.2, 4.1, 3.9], ∫ϰ²/L>=[5.1, 5.1, 5.1, 5.3], C-C-Sep=0.10, ║∇J║=1.3e-04
Iteration 1409/2000-----
currents: [100000.0, 99999.99999845817, 99999.99999862447, 99999.99999885568]
J=1.8e-05, ⟨Jf⟩=1.7e-05, ⟨B·n⟩=1.3e-03, Len=sum([4.1, 4.0, 3.8, 3.7])=15.7, ϰ=[4.4, 4.2, 4.1, 3.9], ∫ϰ²/L>=[5.1, 5.1, 5.1, 5.3], C-C-Sep=0.10, ║∇J║=9.0e-05
Iteration 1410/2000-----
currents: [100000.0, 99999.99999845654, 99999.99999862298, 99999.99999885476]
J=1.8e-05, ⟨Jf⟩=1.7e-05, ⟨B·n⟩=1.3e-03, Len=sum([4.1, 4.0, 3.8, 3.7])=15.7, ϰ=[4.4, 4.2, 4.1, 3.9], ∫ϰ²/L>=[5.1, 5.1, 5.1, 5.3], C-C-Sep=0.10, ║∇J║=6.3e-05
Iteration 1411/2000-----
currents: [100000.0, 99999.99999845438, 99999.99999862106, 99999.99999885354]
J=1.8e-05, ⟨Jf⟩=1.7e-05, ⟨B·n⟩=1.3e-03, Len=sum([4.1, 4.0, 3.8, 3.7])=15.7, ϰ=[4.4, 4.2, 4.1, 3.9], ∫ϰ²/L>=[5.1, 5.1, 5.1, 5.3], C-C-Sep=0.10, ║∇J║=7.2e-05
Iteration 1412/2000-----
currents: [100000.0, 99999.99999845336, 99999.99999862014, 99999.99999885293]
J=1.8e-05, ⟨Jf⟩=1.7e-05, ⟨B·n⟩=1.3e-03, Len=sum([4.1, 4.0, 3.8, 3.7])=15.7, ϰ=[4.4, 4.2, 4.1, 3.9], ∫ϰ²/L>=[5.1, 5.1, 5.1, 5.3], C-C-Sep=0.10, ║∇J║=4.6e-05
Iteration 1413/2000-----
currents: [100000.0, 99999.99999845301, 99999.99999861982, 99999.9999988527]
J=1.8e-05, ⟨Jf⟩=1.7e-05, ⟨B·n⟩=1.3e-03, Len=sum([4.1, 4.0, 3.8, 3.7])=15.7, ϰ=[4.4, 4.2, 4.1, 3.9], ∫ϰ²/L>=[5.1, 5.1, 5.1, 5.3], C-C-Sep=0.10, ║∇J║=4.0e-05
Iteration 1414/2000-----
currents: [100000.0, 99999.99999845249, 99999.99999861934, 99999.99999885235]
J=1.8e-05, ⟨Jf⟩=1.7e-05, ⟨B·n⟩=1.3e-03, Len=sum([4.1, 4.0, 3.8, 3.7])=15.7, ϰ=[4.4, 4.2, 4.1, 3.9], ∫ϰ²/L>=[5.1, 5.1, 5.1, 5.3], C-C-Sep=0.10, ║∇J║=3.9e-05
Iteration 1415/2000-----
currents: [100000.0, 99999.99999845217, 99999.99999861904, 99999.99999885213]
J=1.8e-05, ⟨Jf⟩=1.7e-05, ⟨B·n⟩=1.3e-03, Len=sum([4.1, 4.0, 3.8, 3.7])=15.7, ϰ=[4.4, 4.2, 4.1, 3.9], ∫ϰ²/L>=[5.1, 5.1, 5.1, 5.3], C-C-Sep=0.10, ║∇J║=7.9e-05
Iteration 1416/2000-----
currents: [100000.0, 99999.99999845233, 99999.99999861918, 99999.99999885223]
J=1.8e-05, ⟨Jf⟩=1.7e-05, ⟨B·n⟩=1.3e-03, Len=sum([4.1, 4.0, 3.8, 3.7])=15.7, ϰ=[4.4, 4.2, 4.1, 3.9], ∫ϰ²/L>=[5.1, 5.1, 5.1, 5.3], C-C-Sep=0.10, ║∇J║=2.9e-05
Iteration 1417/2000-----
currents: [100000.0, 99999.99999845235, 99999.9999986192, 99999.99999885225]
J=1.8e-05, ⟨Jf⟩=1.7e-05, ⟨B·n⟩=1.3e-03, Len=sum([4.1, 4.0, 3.8, 3.7])=15.7, ϰ=[4.4, 4.2, 4.1, 3.9], ∫ϰ²/L>=[5.1, 5.1, 5.1, 5.3], C-C-Sep=0.10, ║∇J║=2.1e-05
Iteration 1418/2000-----
currents: [100000.0, 99999.9999984523, 99999.99999861915, 99999.99999885223]
J=1.8e-05, ⟨Jf⟩=1.7e-05, ⟨B·n⟩=1.3e-03, Len=sum([4.1, 4.0, 3.8, 3.7])=15.7, ϰ=[4.4, 4.2, 4.1, 3.9], ∫ϰ²/L>=[5.1, 5.1, 5.1, 5.3], C-C-Sep=0.10, ║∇J║=2.6e-05
Iteration 1419/2000-----
currents: [100000.0, 99999.99999845198, 99999.99999861886, 99999.99999885206]
J=1.8e-05, ⟨Jf⟩=1.7e-05, ⟨B·n⟩=1.3e-03, Len=sum([4.1, 4.0, 3.8, 3.7])=15.7, ϰ=[4.4, 4.2, 4.1, 3.9], ∫ϰ²/L>=[5.1, 5.1, 5.1, 5.3], C-C-Sep=0.10, ║∇J║=2.8e-05
Iteration 1420/2000-----
currents: [100000.0, 99999.99999845127, 99999.99999861821, 99999.99999885166]
J=1.8e-05, ⟨Jf⟩=1.7e-05, ⟨B·n⟩=1.3e-03, Len=sum([4.1, 4.0, 3.8, 3.7])=15.7, ϰ=[4.4, 4.2, 4.1, 3.9], ∫ϰ²/L>=[5.1, 5.1, 5.1, 5.3], C-C-Sep=0.10, ║∇J║=5.1e-05
Iteration 1421/2000-----
currents: [100000.0, 99999.99999845024, 99999.99999861726, 99999.99999885108]
J=1.8e-05, ⟨Jf⟩=1.7e-05, ⟨B·n⟩=1.3e-03, Len=sum([4.1, 4.0, 3.8, 3.7])=15.7, ϰ=[4.4, 4.2, 4.1, 3.9], ∫ϰ²/L>=[5.1, 5.1, 5.1, 5.3], C-C-Sep=0.10, ║∇J║=4.7e-05
Iteration 1422/2000-----
currents: [100000.0, 99999.99999844932, 99999.99999861642, 99999.99999885054]
J=1.8e-05, ⟨Jf⟩=1.7e-05, ⟨B·n⟩=1.3e-03, Len=sum([4.1, 4.0, 3.8, 3.7])=15.7, ϰ=[4.4, 4.2, 4.1, 3.9], ∫ϰ²/L>=[5.1, 5.1, 5.1, 5.3], C-C-Sep=0.10, ║∇J║=4.7e-05
Iteration 1423/2000-----
currents: [100000.0, 99999.99999844746, 99999.99999861466, 99999.99999884941]
J=1.8e-05, ⟨Jf⟩=1.7e-05, ⟨B·n⟩=1.3e-03, Len=sum([4.1, 4.0, 3.8, 3.7])=15.7, ϰ=[4.4, 4.2, 4.1, 3.9], ∫ϰ²/L>=[5.1, 5.1, 5.1, 5.3], C-C-Sep=0.10, ║∇J║=8.1e-05
Iteration 1424/2000-----
currents: [100000.0, 99999.99999844583, 99999.99999861313, 99999.99999884845]
J=1.8e-05, ⟨Jf⟩=1.7e-05, ⟨B·n⟩=1.3e-03, Len=sum([4.1, 4.0, 3.8, 3.7])=15.7, ϰ=[4.4, 4.2, 4.1, 3.9], ∫ϰ²/L>=[5.1, 5.1, 5.1, 5.3], C-C-Sep=0.10, ║∇J║=1.2e-04
Iteration 1425/2000-----
currents: [100000.0, 99999.99999844538, 99999.99999861268, 99999.99999884819]
J=1.8e-05, ⟨Jf⟩=1.7e-05, ⟨B·n⟩=1.3e-03, Len=sum([4.1, 4.0, 3.8, 3.7])=15.7, ϰ=[4.4, 4.2, 4.1, 3.9], ∫ϰ²/L>=[5.1, 5.1, 5.1, 5.3], C-C-Sep=0.10, ║∇J║=7.4e-05
Iteration 1426/2000-----
currents: [100000.0, 99999.99999844441, 99999.99999861166, 99999.99999884763]
J=1.8e-05, ⟨Jf⟩=1.7e-05, ⟨B·n⟩=1.3e-03, Len=sum([4.1, 4.0, 3.8, 3.7])=15.7, ϰ=[4.4, 4.2, 4.1, 3.9], ∫ϰ²/L>=[5.1, 5.1, 5.1, 5.3], C-C-Sep=0.10, ║∇J║=5.7e-05
Iteration 1427/2000-----
currents: [100000.0, 99999.99999844302, 99999.99999861034, 99999.99999884685]
J=1.8e-05, ⟨Jf⟩=1.7e-05, ⟨B·n⟩=1.3e-03, Len=sum([4.1, 4.0, 3.8, 3.7])=15.7, ϰ=[4.4, 4.2, 4.1, 3.9], ∫ϰ²/L>=[5.1, 5.1, 5.1, 5.3], C-C-Sep=0.10, ║∇J║=6.1e-05
Iteration 1428/2000-----
currents: [100000.0, 99999.99999843998, 99999.99999860747, 99999.99999884515]
J=1.8e-05, ⟨Jf⟩=1.7e-05, ⟨B·n⟩=1.3e-03, Len=sum([4.1, 4.0, 3.8, 3.7])=15.7, ϰ=[4.4, 4.2, 4.1, 3.9], ∫ϰ²/L>=[5.1, 5.1, 5.1, 5.3], C-C-Sep=0.10, ║∇J║=1.3e-04
Iteration 1429/2000-----
currents: [100000.0, 99999.99999843987, 99999.99999860738, 99999.9999988451]
J=1.8e-05, ⟨Jf⟩=1.7e-05, ⟨B·n⟩=1.3e-03, Len=sum([4.1, 4.0, 3.8, 3.7])=15.7, ϰ=[4.4, 4.2, 4.1, 3.9], ∫ϰ²/L>=[5.1, 5.1, 5.1, 5.3], C-C-Sep=0.10, ║∇J║=4.2e-05
Iteration 1430/2000-----
currents: [100000.0, 99999.99999843944, 99999.99999860702, 99999.99999884485]
J=1.8e-05, ⟨Jf⟩=1.7e-05, ⟨B·n⟩=1.3e-03, Len=sum([4.1, 4.0, 3.8, 3.7])=15.7, ϰ=[4.4, 4.2, 4.1, 3.9], ∫ϰ²/L>=[5.1, 5.1, 5.1, 5.3], C-C-Sep=0.10, ║∇J║=3.8e-05
Iteration 1431/2000-----
currents: [100000.0, 99999.99999843871, 99999.99999860636, 99999.99999884445]
J=1.8e-05, ⟨Jf⟩=1.7e-05, ⟨B·n⟩=1.3e-03, Len=sum([4.1, 4.0, 3.8, 3.7])=15.7, ϰ=[4.4, 4.2, 4.1, 3.9], ∫ϰ²/L>=[5.1, 5.1, 5.1, 5.3], C-C-Sep=0.10, ║∇J║=4.1e-05
Iteration 1432/2000-----
currents: [100000.0, 99999.99999843749, 99999.99999860524, 99999.99999884376]
J=1.8e-05, ⟨Jf⟩=1.7e-05, ⟨B·n⟩=1.3e-03, Len=sum([4.1, 4.0, 3.8, 3.7])=15.7, ϰ=[4.4, 4.2, 4.1, 3.9], ∫ϰ²/L>=[5.1, 5.1, 5.1, 5.3], C-C-Sep=0.10, ║∇J║=7.8e-05
Iteration 1433/2000-----
currents: [100000.0, 99999.99999843698, 99999.99999860476, 99999.99999884349]
J=1.8e-05, ⟨Jf⟩=1.7e-05, ⟨B·n⟩=1.3e-03, Len=sum([4.1, 4.0, 3.8, 3.7])=15.7, ϰ=[4.4, 4.2, 4.1, 3.9], ∫ϰ²/L>=[5.1, 5.1, 5.1, 5.3], C-C-Sep=0.10, ║∇J║=3.2e-05
Iteration 1434/2000-----
currents: [100000.0, 99999.99999843712, 99999.99999860486, 99999.99999884359]
J=1.8e-05, ⟨Jf⟩=1.7e-05, ⟨B·n⟩=1.3e-03, Len=sum([4.1, 4.0, 3.8, 3.7])=15.7, ϰ=[4.4, 4.2, 4.1, 3.9], ∫ϰ²/L>=[5.1, 5.1, 5.1, 5.3], C-C-Sep=0.10, ║∇J║=2.4e-05
Iteration 1435/2000-----
currents: [100000.0, 99999.99999843676, 99999.99999860451, 99999.99999884338]
J=1.8e-05, ⟨Jf⟩=1.7e-05, ⟨B·n⟩=1.3e-03, Len=sum([4.1, 4.0, 3.8, 3.7])=15.7, ϰ=[4.4, 4.2, 4.1, 3.9], ∫ϰ²/L>=[5.1, 5.1, 5.1, 5.3], C-C-Sep=0.10, ║∇J║=2.7e-05
Iteration 1436/2000-----
currents: [100000.0, 99999.99999843638, 99999.99999860417, 99999.99999884318]
J=1.8e-05, ⟨Jf⟩=1.7e-05, ⟨B·n⟩=1.3e-03, Len=sum([4.1, 4.0, 3.8, 3.7])=15.7, ϰ=[4.4, 4.2, 4.1, 3.9], ∫ϰ²/L>=[5.1, 5.1, 5.1, 5.3], C-C-Sep=0.10, ║∇J║=4.6e-05
Iteration 1437/2000-----
currents: [100000.0, 99999.9999984361, 99999.99999860392, 99999.99999884302]
J=1.8e-05, ⟨Jf⟩=1.7e-05, ⟨B·n⟩=1.3e-03, Len=sum([4.1, 4.0, 3.8, 3.7])=15.7, ϰ=[4.4, 4.2, 4.1, 3.9], ∫ϰ²/L>=[5.1, 5.1, 5.1, 5.3], C-C-Sep=0.10, ║∇J║=2.4e-05
Iteration 1438/2000-----
currents: [100000.0, 99999.99999843568, 99999.99999860354, 99999.99999884276]
J=1.8e-05, ⟨Jf⟩=1.7e-05, ⟨B·n⟩=1.3e-03, Len=sum([4.1, 4.0, 3.8, 3.7])=15.7, ϰ=[4.4, 4.2, 4.1, 3.9], ∫ϰ²/L>=[5.1, 5.1, 5.1, 5.3], C-C-Sep=0.10, ║∇J║=2.1e-05
Iteration 1439/2000-----
currents: [100000.0, 99999.99999843529, 99999.99999860318, 99999.99999884251]
J=1.8e-05, ⟨Jf⟩=1.7e-05, ⟨B·n⟩=1.3e-03, Len=sum([4.1, 4.0, 3.8, 3.7])=15.7, ϰ=[4.4, 4.2, 4.1, 3.9], ∫ϰ²/L>=[5.1, 5.1, 5.1, 5.3], C-C-Sep=0.10, ║∇J║=2.8e-05
Iteration 1440/2000-----
currents: [100000.0, 99999.99999843484, 99999.99999860274, 99999.99999884222]
J=1.8e-05, ⟨Jf⟩=1.7e-05, ⟨B·n⟩=1.3e-03, Len=sum([4.1, 4.0, 3.8, 3.7])=15.7, ϰ=[4.4, 4.2, 4.1, 3.9], ∫ϰ²/L>=[5.1, 5.1, 5.1, 5.3], C-C-Sep=0.10, ║∇J║=3.9e-05
Iteration 1441/2000-----
currents: [100000.0, 99999.999998434, 99999.99999860194, 99999.99999884168]
J=1.8e-05, ⟨Jf⟩=1.7e-05, ⟨B·n⟩=1.3e-03, Len=sum([4.1, 4.0, 3.8, 3.7])=15.7, ϰ=[4.4, 4.2, 4.1, 3.9], ∫ϰ²/L>=[5.1, 5.1, 5.1, 5.3], C-C-Sep=0.10, ║∇J║=3.6e-05
Iteration 1442/2000-----
currents: [100000.0, 99999.99999843306, 99999.99999860102, 99999.99999884109]
J=1.8e-05, ⟨Jf⟩=1.7e-05, ⟨B·n⟩=1.3e-03, Len=sum([4.1, 4.0, 3.8, 3.7])=15.7, ϰ=[4.4, 4.2, 4.1, 3.9], ∫ϰ²/L>=[5.1, 5.1, 5.1, 5.3], C-C-Sep=0.10, ║∇J║=4.8e-05
Iteration 1443/2000-----
currents: [100000.0, 99999.9999984328, 99999.99999860072, 99999.99999884087]
J=1.8e-05, ⟨Jf⟩=1.7e-05, ⟨B·n⟩=1.3e-03, Len=sum([4.1, 4.0, 3.8, 3.7])=15.7, ϰ=[4.4, 4.2, 4.1, 3.9], ∫ϰ²/L>=[5.1, 5.1, 5.1, 5.3], C-C-Sep=0.10, ║∇J║=4.7e-05
Iteration 1444/2000-----
currents: [100000.0, 99999.99999843209, 99999.99999860005, 99999.9999988404]
J=1.8e-05, ⟨Jf⟩=1.7e-05, ⟨B·n⟩=1.3e-03, Len=sum([4.1, 4.0, 3.8, 3.7])=15.7, ϰ=[4.4, 4.2, 4.1, 3.9], ∫ϰ²/L>=[5.1, 5.1, 5.1, 5.3], C-C-Sep=0.10, ║∇J║=5.0e-05
Iteration 1445/2000-----
currents: [100000.0, 99999.99999843063, 99999.99999859868, 99999.99999883947]
J=1.8e-05, ⟨Jf⟩=1.7e-05, ⟨B·n⟩=1.3e-03, Len=sum([4.1, 4.0, 3.8, 3.7])=15.7, ϰ=[4.4, 4.2, 4.1, 3.9], ∫ϰ²/L>=[5.1, 5.1, 5.1, 5.3], C-C-Sep=0.10, ║∇J║=7.4e-05
Iteration 1446/2000-----
currents: [100000.0, 99999.99999842941, 99999.99999859753, 99999.99999883861]
J=1.8e-05, ⟨Jf⟩=1.7e-05, ⟨B·n⟩=1.3e-03, Len=sum([4.1, 4.0, 3.8, 3.7])=15.7, ϰ=[4.4, 4.2, 4.1, 3.9], ∫ϰ²/L>=[5.1, 5.1, 5.1, 5.3], C-C-Sep=0.10, ║∇J║=7.4e-05
Iteration 1447/2000-----
currents: [100000.0, 99999.99999842815, 99999.99999859637, 99999.99999883784]
J=1.8e-05, ⟨Jf⟩=1.7e-05, ⟨B·n⟩=1.3e-03, Len=sum([4.1, 4.0, 3.8, 3.7])=15.7, ϰ=[4.4, 4.2, 4.1, 3.9], ∫ϰ²/L>=[5.1, 5.1, 5.1, 5.3], C-C-Sep=0.10, ║∇J║=4.7e-05
Iteration 1448/2000-----
currents: [100000.0, 99999.99999842701, 99999.99999859532, 99999.99999883713]
J=1.8e-05, ⟨Jf⟩=1.7e-05, ⟨B·n⟩=1.3e-03, Len=sum([4.1, 4.0, 3.8, 3.7])=15.7, ϰ=[4.4, 4.2, 4.1, 3.9], ∫ϰ²/L>=[5.1, 5.1, 5.1, 5.3], C-C-Sep=0.10, ║∇J║=4.0e-05
Iteration 1449/2000-----
currents: [100000.0, 99999.99999842663, 99999.99999859495, 99999.99999883688]
J=1.8e-05, ⟨Jf⟩=1.7e-05, ⟨B·n⟩=1.3e-03, Len=sum([4.1, 4.0, 3.8, 3.7])=15.7, ϰ=[4.4, 4.2, 4.1, 3.9], ∫ϰ²/L>=[5.1, 5.1, 5.1, 5.3], C-C-Sep=0.10, ║∇J║=5.4e-05
Iteration 1450/2000-----
currents: [100000.0, 99999.99999842572, 99999.99999859408, 99999.9999988363]
J=1.8e-05, ⟨Jf⟩=1.7e-05, ⟨B·n⟩=1.3e-03, Len=sum([4.1, 4.0, 3.8, 3.7])=15.7, ϰ=[4.4, 4.2, 4.1, 3.9], ∫ϰ²/L>=[5.1, 5.1, 5.1, 5.3], C-C-Sep=0.10, ║∇J║=3.8e-05
Iteration 1451/2000-----
currents: [100000.0, 99999.99999842461, 99999.99999859303, 99999.99999883558]
J=1.8e-05, ⟨Jf⟩=1.7e-05, ⟨B·n⟩=1.3e-03, Len=sum([4.1, 4.0, 3.8, 3.7])=15.7, ϰ=[4.4, 4.2, 4.1, 3.9], ∫ϰ²/L>=[5.1, 5.1, 5.1, 5.3], C-C-Sep=0.10, ║∇J║=5.0e-05
Iteration 1452/2000-----
currents: [100000.0, 99999.999998425, 99999.9999985934, 99999.9999988358]
J=1.8e-05, ⟨Jf⟩=1.7e-05, ⟨B·n⟩=1.3e-03, Len=sum([4.1, 4.0, 3.8, 3.7])=15.7, ϰ=[4.4, 4.2, 4.1, 3.9], ∫ϰ²/L>=[5.1, 5.1, 5.1, 5.3], C-C-Sep=0.10, ║∇J║=2.9e-05
Iteration 1453/2000-----
currents: [100000.0, 99999.99999842476, 99999.99999859318, 99999.99999883564]
J=1.8e-05, ⟨Jf⟩=1.7e-05, ⟨B·n⟩=1.3e-03, Len=sum([4.1, 4.0, 3.8, 3.7])=15.7, ϰ=[4.4, 4.2, 4.1, 3.9], ∫ϰ²/L>=[5.1, 5.1, 5.1, 5.3], C-C-Sep=0.10, ║∇J║=2.2e-05
Iteration 1454/2000-----
currents: [100000.0, 99999.99999842429, 99999.99999859276, 99999.99999883532]
J=1.8e-05, ⟨Jf⟩=1.7e-05, ⟨B·n⟩=1.3e-03, Len=sum([4.1, 4.0, 3.8, 3.7])=15.7, ϰ=[4.4, 4.2, 4.1, 3.9], ∫ϰ²/L>=[5.1, 5.1, 5.1, 5.3], C-C-Sep=0.10, ║∇J║=2.4e-05
Iteration 1455/2000-----
currents: [100000.0, 99999.99999842377, 99999.99999859228, 99999.99999883497]
J=1.8e-05, ⟨Jf⟩=1.7e-05, ⟨B·n⟩=1.3e-03, Len=sum([4.1, 4.0, 3.8, 3.7])=15.7, ϰ=[4.4, 4.2, 4.1, 3.9], ∫ϰ²/L>=[5.1, 5.1, 5.1, 5.3], C-C-Sep=0.10, ║∇J║=2.7e-05
Iteration 1456/2000-----
currents: [100000.0, 99999.99999842345, 99999.99999859199, 99999.99999883478]
J=1.8e-05, ⟨Jf⟩=1.7e-05, ⟨B·n⟩=1.3e-03, Len=sum([4.1, 4.0, 3.8, 3.7])=15.7, ϰ=[4.4, 4.2, 4.1, 3.9], ∫ϰ²/L>=[5.1, 5.1, 5.1, 5.3], C-C-Sep=0.10, ║∇J║=1.8e-05
Iteration 1457/2000-----
currents: [100000.0, 99999.999998423, 99999.99999859156, 99999.99999883451]
J=1.8e-05, ⟨Jf⟩=1.7e-05, ⟨B·n⟩=1.3e-03, Len=sum([4.1, 4.0, 3.8, 3.7])=15.7, ϰ=[4.4, 4.2, 4.1, 3.9], ∫ϰ²/L>=[5.1, 5.1, 5.1, 5.3], C-C-Sep=0.10, ║∇J║=2.0e-05
Iteration 1458/2000-----
currents: [100000.0, 99999.9999984226, 99999.99999859121, 99999.99999883426]
J=1.8e-05, ⟨Jf⟩=1.7e-05, ⟨B·n⟩=1.3e-03, Len=sum([4.1, 4.0, 3.8, 3.7])=15.7, ϰ=[4.4, 4.2, 4.1, 3.9], ∫ϰ²/L>=[5.1, 5.1, 5.1, 5.3], C-C-Sep=0.10, ║∇J║=3.1e-05
Iteration 1459/2000-----
currents: [100000.0, 99999.99999842206, 99999.99999859073, 99999.99999883393]
J=1.8e-05, ⟨Jf⟩=1.7e-05, ⟨B·n⟩=1.3e-03, Len=sum([4.1, 4.0, 3.8, 3.7])=15.7, ϰ=[4.4, 4.2, 4.1, 3.9], ∫ϰ²/L>=[5.1, 5.1, 5.1, 5.3], C-C-Sep=0.10, ║∇J║=2.9e-05
Iteration 1460/2000-----
currents: [100000.0, 99999.99999842138, 99999.99999859012, 99999.99999883343]
J=1.8e-05, ⟨Jf⟩=1.7e-05, ⟨B·n⟩=1.3e-03, Len=sum([4.1, 4.0, 3.8, 3.7])=15.7, ϰ=[4.4, 4.2, 4.1, 3.9], ∫ϰ²/L>=[5.1, 5.1, 5.1, 5.3], C-C-Sep=0.10, ║∇J║=6.3e-05
Iteration 1461/2000-----
currents: [100000.0, 99999.99999842056, 99999.99999858941, 99999.99999883286]
J=1.8e-05, ⟨Jf⟩=1.7e-05, ⟨B·n⟩=1.3e-03, Len=sum([4.1, 4.0, 3.8, 3.7])=15.7, ϰ=[4.4, 4.2, 4.1, 3.9], ∫ϰ²/L>=[5.1, 5.1, 5.1, 5.3], C-C-Sep=0.10, ║∇J║=4.1e-05
Iteration 1462/2000-----
currents: [100000.0, 99999.9999984199, 99999.99999858884, 99999.9999988324]
J=1.8e-05, ⟨Jf⟩=1.7e-05, ⟨B·n⟩=1.3e-03, Len=sum([4.1, 4.0, 3.8, 3.7])=15.7, ϰ=[4.4, 4.2, 4.1, 3.9], ∫ϰ²/L>=[5.1, 5.1, 5.1, 5.3], C-C-Sep=0.10, ║∇J║=3.8e-05
Iteration 1463/2000-----
currents: [100000.0, 99999.9999984188, 99999.99999858794, 99999.99999883155]
J=1.8e-05, ⟨Jf⟩=1.7e-05, ⟨B·n⟩=1.3e-03, Len=sum([4.1, 4.0, 3.8, 3.7])=15.7, ϰ=[4.4, 4.2, 4.1, 3.9], ∫ϰ²/L>=[5.1, 5.1, 5.1, 5.3], C-C-Sep=0.10, ║∇J║=5.3e-05
Iteration 1464/2000-----
currents: [100000.0, 99999.99999841572, 99999.9999985853, 99999.9999988295]
J=1.8e-05, ⟨Jf⟩=1.7e-05, ⟨B·n⟩=1.3e-03, Len=sum([4.1, 4.0, 3.8, 3.7])=15.7, ϰ=[4.4, 4.2, 4.1, 3.9], ∫ϰ²/L>=[5.1, 5.1, 5.1, 5.3], C-C-Sep=0.10, ║∇J║=1.3e-04
Iteration 1465/2000-----
currents: [100000.0, 99999.99999841554, 99999.99999858516, 99999.9999988294]
J=1.8e-05, ⟨Jf⟩=1.7e-05, ⟨B·n⟩=1.3e-03, Len=sum([4.1, 4.0, 3.8, 3.7])=15.7, ϰ=[4.4, 4.2, 4.1, 3.9], ∫ϰ²/L>=[5.1, 5.1, 5.1, 5.3], C-C-Sep=0.10, ║∇J║=5.4e-05
Iteration 1466/2000-----
currents: [100000.0, 99999.99999841471, 99999.99999858445, 99999.99999882888]
J=1.8e-05, ⟨Jf⟩=1.7e-05, ⟨B·n⟩=1.3e-03, Len=sum([4.1, 4.0, 3.8, 3.7])=15.7, ϰ=[4.4, 4.2, 4.1, 3.9], ∫ϰ²/L>=[5.1, 5.1, 5.1, 5.3], C-C-Sep=0.10, ║∇J║=4.2e-05
Iteration 1467/2000-----
currents: [100000.0, 99999.99999841274, 99999.99999858275, 99999.99999882762]
J=1.8e-05, ⟨Jf⟩=1.7e-05, ⟨B·n⟩=1.3e-03, Len=sum([4.1, 4.0, 3.8, 3.7])=15.7, ϰ=[4.3, 4.2, 4.1, 3.9], ∫ϰ²/L>=[5.1, 5.1, 5.1, 5.3], C-C-Sep=0.10, ║∇J║=5.1e-05
Iteration 1468/2000-----
currents: [100000.0, 99999.99999841177, 99999.99999858193, 99999.99999882697]
J=1.8e-05, ⟨Jf⟩=1.7e-05, ⟨B·n⟩=1.3e-03, Len=sum([4.1, 4.0, 3.8, 3.7])=15.7, ϰ=[4.3, 4.2, 4.1, 3.9], ∫ϰ²/L>=[5.1, 5.1, 5.1, 5.3], C-C-Sep=0.10, ║∇J║=5.2e-05
Iteration 1469/2000-----
currents: [100000.0, 99999.9999984097, 99999.99999858016, 99999.99999882565]
J=1.8e-05, ⟨Jf⟩=1.7e-05, ⟨B·n⟩=1.3e-03, Len=sum([4.1, 4.0, 3.8, 3.7])=15.7, ϰ=[4.3, 4.2, 4.1, 3.9], ∫ϰ²/L>=[5.1, 5.1, 5.1, 5.3], C-C-Sep=0.10, ║∇J║=6.1e-05
Iteration 1470/2000-----
currents: [100000.0, 99999.99999841054, 99999.9999985809, 99999.99999882617]
J=1.8e-05, ⟨Jf⟩=1.7e-05, ⟨B·n⟩=1.3e-03, Len=sum([4.1, 4.0, 3.8, 3.7])=15.7, ϰ=[4.3, 4.2, 4.1, 3.9], ∫ϰ²/L>=[5.1, 5.1, 5.1, 5.3], C-C-Sep=0.10, ║∇J║=2.6e-05
Iteration 1471/2000-----
currents: [100000.0, 99999.99999841132, 99999.99999858158, 99999.99999882665]
J=1.8e-05, ⟨Jf⟩=1.7e-05, ⟨B·n⟩=1.3e-03, Len=sum([4.1, 4.0, 3.8, 3.7])=15.7, ϰ=[4.3, 4.2, 4.1, 3.9], ∫ϰ²/L>=[5.1, 5.1, 5.1, 5.3], C-C-Sep=0.10, ║∇J║=2.3e-05
Iteration 1472/2000-----
currents: [100000.0, 99999.99999841159, 99999.99999858181, 99999.99999882681]
J=1.8e-05, ⟨Jf⟩=1.7e-05, ⟨B·n⟩=1.3e-03, Len=sum([4.1, 4.0, 3.8, 3.7])=15.7, ϰ=[4.3, 4.2, 4.1, 3.9], ∫ϰ²/L>=[5.1, 5.1, 5.1, 5.3], C-C-Sep=0.10, ║∇J║=2.4e-05
Iteration 1473/2000-----
currents: [100000.0, 99999.99999841132, 99999.9999985816, 99999.99999882666]
J=1.8e-05, ⟨Jf⟩=1.7e-05, ⟨B·n⟩=1.3e-03, Len=sum([4.1, 4.0, 3.8, 3.7])=15.7, ϰ=[4.3, 4.2, 4.1, 3.9], ∫ϰ²/L>=[5.1, 5.1, 5.1, 5.3], C-C-Sep=0.10, ║∇J║=4.9e-05
Iteration 1474/2000-----
currents: [100000.0, 99999.999998411, 99999.99999858132, 99999.99999882646]
J=1.8e-05, ⟨Jf⟩=1.7e-05, ⟨B·n⟩=1.3e-03, Len=sum([4.1, 4.0, 3.8, 3.7])=15.7, ϰ=[4.3, 4.2, 4.1, 3.9], ∫ϰ²/L>=[5.1, 5.1, 5.1, 5.3], C-C-Sep=0.10, ║∇J║=2.3e-05
Iteration 1475/2000-----
currents: [100000.0, 99999.99999841022, 99999.99999858064, 99999.99999882598]
J=1.8e-05, ⟨Jf⟩=1.7e-05, ⟨B·n⟩=1.3e-03, Len=sum([4.1, 4.0, 3.8, 3.7])=15.7, ϰ=[4.3, 4.2, 4.1, 3.9], ∫ϰ²/L>=[5.1, 5.1, 5.1, 5.3], C-C-Sep=0.10, ║∇J║=2.1e-05
Iteration 1476/2000-----
currents: [100000.0, 99999.99999840946, 99999.99999857998, 99999.99999882551]
J=1.8e-05, ⟨Jf⟩=1.7e-05, ⟨B·n⟩=1.3e-03, Len=sum([4.1, 4.0, 3.8, 3.7])=15.7, ϰ=[4.3, 4.2, 4.1, 3.9], ∫ϰ²/L>=[5.1, 5.1, 5.1, 5.3], C-C-Sep=0.10, ║∇J║=2.6e-05
Iteration 1477/2000-----
currents: [100000.0, 99999.99999840827, 99999.99999857895, 99999.99999882477]
J=1.8e-05, ⟨Jf⟩=1.7e-05, ⟨B·n⟩=1.3e-03, Len=sum([4.1, 4.0, 3.8, 3.7])=15.7, ϰ=[4.3, 4.2, 4.1, 3.9], ∫ϰ²/L>=[5.1, 5.1, 5.1, 5.3], C-C-Sep=0.10, ║∇J║=3.3e-05
Iteration 1478/2000-----
currents: [100000.0, 99999.99999840629, 99999.99999857724, 99999.99999882355]
J=1.8e-05, ⟨Jf⟩=1.7e-05, ⟨B·n⟩=1.3e-03, Len=sum([4.1, 4.0, 3.8, 3.7])=15.7, ϰ=[4.3, 4.2, 4.1, 3.9], ∫ϰ²/L>=[5.1, 5.1, 5.1, 5.3], C-C-Sep=0.10, ║∇J║=9.5e-05
Iteration 1479/2000-----
currents: [100000.0, 99999.99999840638, 99999.99999857732, 99999.99999882356]
J=1.8e-05, ⟨Jf⟩=1.7e-05, ⟨B·n⟩=1.3e-03, Len=sum([4.1, 4.0, 3.8, 3.7])=15.7, ϰ=[4.3, 4.2, 4.1, 3.9], ∫ϰ²/L>=[5.1, 5.1, 5.1, 5.3], C-C-Sep=0.10, ║∇J║=3.9e-05
Iteration 1480/2000-----
currents: [100000.0, 99999.99999840655, 99999.99999857748, 99999.99999882364]
J=1.8e-05, ⟨Jf⟩=1.7e-05, ⟨B·n⟩=1.3e-03, Len=sum([4.1, 4.0, 3.8, 3.7])=15.7, ϰ=[4.3, 4.2, 4.1, 3.9], ∫ϰ²/L>=[5.1, 5.1, 5.1, 5.3], C-C-Sep=0.10, ║∇J║=4.1e-05
Iteration 1481/2000-----
currents: [100000.0, 99999.9999984064, 99999.99999857738, 99999.99999882346]
J=1.8e-05, ⟨Jf⟩=1.7e-05, ⟨B·n⟩=1.3e-03, Len=sum([4.1, 4.0, 3.8, 3.7])=15.7, ϰ=[4.3, 4.2, 4.1, 3.9], ∫ϰ²/L>=[5.1, 5.1, 5.1, 5.3], C-C-Sep=0.10, ║∇J║=6.0e-05
Iteration 1482/2000-----
currents: [100000.0, 99999.99999840479, 99999.99999857602, 99999.99999882237]
J=1.8e-05, ⟨Jf⟩=1.7e-05, ⟨B·n⟩=1.3e-03, Len=sum([4.1, 4.0, 3.8, 3.7])=15.7, ϰ=[4.3, 4.2, 4.1, 3.9], ∫ϰ²/L>=[5.1, 5.1, 5.1, 5.3], C-C-Sep=0.10, ║∇J║=6.8e-05
Iteration 1483/2000-----
currents: [100000.0, 99999.99999840061, 99999.99999857254, 99999.99999881959]
J=1.8e-05, ⟨Jf⟩=1.7e-05, ⟨B·n⟩=1.3e-03, Len=sum([4.1, 4.0, 3.8, 3.7])=15.7, ϰ=[4.3, 4.2, 4.1, 3.9], ∫ϰ²/L>=[5.1, 5.1, 5.1, 5.3], C-C-Sep=0.10, ║∇J║=1.9e-04
Iteration 1484/2000-----
currents: [100000.0, 99999.99999840271, 99999.99999857429, 99999.99999882099]
J=1.8e-05, ⟨Jf⟩=1.7e-05, ⟨B·n⟩=1.3e-03, Len=sum([4.1, 4.0, 3.8, 3.7])=15.7, ϰ=[4.3, 4.2, 4.1, 3.9], ∫ϰ²/L>=[5.1, 5.1, 5.1, 5.3], C-C-Sep=0.10, ║∇J║=1.1e-04
Iteration 1485/2000-----
currents: [100000.0, 99999.99999839955, 99999.99999857164, 99999.99999881895]
J=1.8e-05, ⟨Jf⟩=1.7e-05, ⟨B·n⟩=1.3e-03, Len=sum([4.1, 4.0, 3.8, 3.7])=15.7, ϰ=[4.3, 4.2, 4.1, 3.9], ∫ϰ²/L>=[5.1, 5.1, 5.1, 5.3], C-C-Sep=0.10, ║∇J║=5.5e-05
Iteration 1486/2000-----
currents: [100000.0, 99999.99999839658, 99999.99999856914, 99999.9999988171]
J=1.8e-05, ⟨Jf⟩=1.7e-05, ⟨B·n⟩=1.3e-03, Len=sum([4.1, 4.0, 3.8, 3.7])=15.7, ϰ=[4.3, 4.2, 4.1, 3.9], ∫ϰ²/L>=[5.1, 5.1, 5.1, 5.3], C-C-Sep=0.10, ║∇J║=4.6e-05
Iteration 1487/2000-----
currents: [100000.0, 99999.99999839427, 99999.99999856719, 99999.99999881566]
J=1.8e-05, ⟨Jf⟩=1.7e-05, ⟨B·n⟩=1.3e-03, Len=sum([4.1, 4.0, 3.8, 3.7])=15.7, ϰ=[4.3, 4.2, 4.1, 3.9], ∫ϰ²/L>=[5.1, 5.1, 5.1, 5.3], C-C-Sep=0.10, ║∇J║=6.4e-05
Iteration 1488/2000-----
currents: [100000.0, 99999.99999839257, 99999.99999856572, 99999.99999881466]
J=1.8e-05, ⟨Jf⟩=1.7e-05, ⟨B·n⟩=1.3e-03, Len=sum([4.1, 4.0, 3.8, 3.7])=15.7, ϰ=[4.3, 4.2, 4.1, 3.9], ∫ϰ²/L>=[5.1, 5.1, 5.1, 5.3], C-C-Sep=0.10, ║∇J║=5.2e-05
Iteration 1489/2000-----
currents: [100000.0, 99999.99999839255, 99999.99999856569, 99999.99999881466]
J=1.8e-05, ⟨Jf⟩=1.7e-05, ⟨B·n⟩=1.3e-03, Len=sum([4.1, 4.0, 3.8, 3.7])=15.7, ϰ=[4.3, 4.2, 4.1, 3.9], ∫ϰ²/L>=[5.1, 5.1, 5.1, 5.3], C-C-Sep=0.10, ║∇J║=3.1e-05
Iteration 1490/2000-----
currents: [100000.0, 99999.99999839265, 99999.99999856576, 99999.9999988147]
J=1.8e-05, ⟨Jf⟩=1.7e-05, ⟨B·n⟩=1.3e-03, Len=sum([4.1, 4.0, 3.8, 3.7])=15.7, ϰ=[4.3, 4.2, 4.1, 3.9], ∫ϰ²/L>=[5.1, 5.1, 5.1, 5.3], C-C-Sep=0.10, ║∇J║=2.9e-05
Iteration 1491/2000-----
currents: [100000.0, 99999.9999983924, 99999.99999856556, 99999.99999881454]
J=1.8e-05, ⟨Jf⟩=1.7e-05, ⟨B·n⟩=1.3e-03, Len=sum([4.1, 4.0, 3.8, 3.7])=15.7, ϰ=[4.3, 4.2, 4.1, 3.9], ∫ϰ²/L>=[5.1, 5.1, 5.1, 5.3], C-C-Sep=0.10, ║∇J║=3.1e-05
Iteration 1492/2000-----
currents: [100000.0, 99999.99999839212, 99999.99999856533, 99999.99999881434]
J=1.8e-05, ⟨Jf⟩=1.7e-05, ⟨B·n⟩=1.3e-03, Len=sum([4.1, 4.0, 3.8, 3.7])=15.7, ϰ=[4.3, 4.2, 4.1, 3.9], ∫ϰ²/L>=[5.1, 5.1, 5.1, 5.3], C-C-Sep=0.10, ║∇J║=2.4e-05
Iteration 1493/2000-----
currents: [100000.0, 99999.99999839136, 99999.9999985647, 99999.99999881383]
J=1.8e-05, ⟨Jf⟩=1.7e-05, ⟨B·n⟩=1.3e-03, Len=sum([4.1, 4.0, 3.8, 3.7])=15.7, ϰ=[4.3, 4.2, 4.1, 3.9], ∫ϰ²/L>=[5.1, 5.1, 5.1, 5.3], C-C-Sep=0.10, ║∇J║=2.7e-05
Iteration 1494/2000-----
currents: [100000.0, 99999.99999839107, 99999.99999856447, 99999.99999881364]
J=1.8e-05, ⟨Jf⟩=1.7e-05, ⟨B·n⟩=1.3e-03, Len=sum([4.1, 4.0, 3.8, 3.7])=15.7, ϰ=[4.3, 4.2, 4.1, 3.9], ∫ϰ²/L>=[5.1, 5.1, 5.1, 5.3], C-C-Sep=0.10, ║∇J║=2.4e-05
Iteration 1495/2000-----
currents: [100000.0, 99999.99999839086, 99999.99999856431, 99999.99999881352]
J=1.8e-05, ⟨Jf⟩=1.7e-05, ⟨B·n⟩=1.3e-03, Len=sum([4.1, 4.0, 3.8, 3.7])=15.7, ϰ=[4.3, 4.2, 4.1, 3.9], ∫ϰ²/L>=[5.1, 5.1, 5.1, 5.3], C-C-Sep=0.10, ║∇J║=2.5e-05
Iteration 1496/2000-----
currents: [100000.0, 99999.99999838995, 99999.99999856357, 99999.999998813]
J=1.8e-05, ⟨Jf⟩=1.7e-05, ⟨B·n⟩=1.3e-03, Len=sum([4.1, 4.0, 3.8, 3.7])=15.7, ϰ=[4.3, 4.2, 4.1, 3.9], ∫ϰ²/L>=[5.1, 5.1, 5.1, 5.3], C-C-Sep=0.10, ║∇J║=3.9e-05
Iteration 1497/2000-----
currents: [100000.0, 99999.99999838871, 99999.99999856256, 99999.99999881227]
J=1.8e-05, ⟨Jf⟩=1.7e-05, ⟨B·n⟩=1.3e-03, Len=sum([4.1, 4.0, 3.8, 3.7])=15.7, ϰ=[4.3, 4.2, 4.1, 3.9], ∫ϰ²/L>=[5.1, 5.1, 5.1, 5.3], C-C-Sep=0.10, ║∇J║=6.8e-05
Iteration 1498/2000-----
currents: [100000.0, 99999.99999838823, 99999.99999856218, 99999.999998812]
J=1.8e-05, ⟨Jf⟩=1.7e-05, ⟨B·n⟩=1.3e-03, Len=sum([4.1, 4.0, 3.8, 3.7])=15.7, ϰ=[4.3, 4.2, 4.1, 3.9], ∫ϰ²/L>=[5.1, 5.1, 5.1, 5.3], C-C-Sep=0.10, ║∇J║=4.5e-05
Iteration 1499/2000-----
currents: [100000.0, 99999.99999838645, 99999.99999856076, 99999.99999881093]
J=1.8e-05, ⟨Jf⟩=1.7e-05, ⟨B·n⟩=1.3e-03, Len=sum([4.1, 4.0, 3.8, 3.7])=15.7, ϰ=[4.3, 4.2, 4.1, 3.9], ∫ϰ²/L>=[5.1, 5.1, 5.1, 5.3], C-C-Sep=0.10, ║∇J║=4.4e-05
Iteration 1500/2000-----
currents: [100000.0, 99999.99999838493, 99999.99999855954, 99999.99999881002]
J=1.8e-05, ⟨Jf⟩=1.7e-05, ⟨B·n⟩=1.3e-03, Len=sum([4.1, 4.0, 3.8, 3.7])=15.7, ϰ=[4.3, 4.2, 4.1, 3.9], ∫ϰ²/L>=[5.1, 5.1, 5.1, 5.3], C-C-Sep=0.10, ║∇J║=5.3e-05
Iteration 1501/2000-----
currents: [100000.0, 99999.9999983815, 99999.99999855684, 99999.99999880795]
J=1.8e-05, ⟨Jf⟩=1.7e-05, ⟨B·n⟩=1.3e-03, Len=sum([4.1, 4.0, 3.8, 3.7])=15.7, ϰ=[4.3, 4.2, 4.1, 3.9], ∫ϰ²/L>=[5.1, 5.1, 5.1, 5.3], C-C-Sep=0.10, ║∇J║=9.1e-05
Iteration 1502/2000-----
currents: [100000.0, 99999.99999837817, 99999.9999985542, 99999.99999880597]
J=1.8e-05, ⟨Jf⟩=1.7e-05, ⟨B·n⟩=1.3e-03, Len=sum([4.1, 4.0, 3.8, 3.7])=15.7, ϰ=[4.3, 4.2, 4.1, 3.9], ∫ϰ²/L>=[5.1, 5.1, 5.1, 5.3], C-C-Sep=0.10, ║∇J║=6.9e-05
Iteration 1503/2000-----
currents: [100000.0, 99999.99999837803, 99999.99999855417, 99999.9999988059]
J=1.8e-05, ⟨Jf⟩=1.7e-05, ⟨B·n⟩=1.3e-03, Len=sum([4.1, 4.0, 3.8, 3.7])=15.7, ϰ=[4.3, 4.2, 4.1, 3.9], ∫ϰ²/L>=[5.1, 5.1, 5.1, 5.3], C-C-Sep=0.10, ║∇J║=4.6e-05
Iteration 1504/2000-----
currents: [100000.0, 99999.99999837752, 99999.99999855389, 99999.99999880558]
J=1.8e-05, ⟨Jf⟩=1.7e-05, ⟨B·n⟩=1.3e-03, Len=sum([4.1, 4.0, 3.8, 3.7])=15.7, ϰ=[4.3, 4.2, 4.1, 3.9], ∫ϰ²/L>=[5.1, 5.1, 5.1, 5.3], C-C-Sep=0.10, ║∇J║=4.7e-05
Iteration 1505/2000-----
currents: [100000.0, 99999.99999837656, 99999.99999855316, 99999.99999880501]
J=1.8e-05, ⟨Jf⟩=1.7e-05, ⟨B·n⟩=1.3e-03, Len=sum([4.1, 4.0, 3.8, 3.7])=15.7, ϰ=[4.3, 4.2, 4.1, 3.9], ∫ϰ²/L>=[5.1, 5.1, 5.1, 5.3], C-C-Sep=0.10, ║∇J║=5.8e-05
Iteration 1506/2000-----
currents: [100000.0, 99999.99999837602, 99999.99999855277, 99999.99999880466]
J=1.8e-05, ⟨Jf⟩=1.7e-05, ⟨B·n⟩=1.3e-03, Len=sum([4.1, 4.0, 3.8, 3.7])=15.7, ϰ=[4.3, 4.2, 4.1, 3.9], ∫ϰ²/L>=[5.1, 5.1, 5.1, 5.3], C-C-Sep=0.10, ║∇J║=4.1e-05
Iteration 1507/2000-----
currents: [100000.0, 99999.9999983738, 99999.99999855096, 99999.99999880327]
J=1.8e-05, ⟨Jf⟩=1.7e-05, ⟨B·n⟩=1.3e-03, Len=sum([4.1, 4.0, 3.8, 3.7])=15.7, ϰ=[4.3, 4.2, 4.1, 3.9], ∫ϰ²/L>=[5.1, 5.1, 5.1, 5.3], C-C-Sep=0.10, ║∇J║=3.6e-05
Iteration 1508/2000-----
currents: [100000.0, 99999.9999983728, 99999.99999855015, 99999.99999880264]
J=1.8e-05, ⟨Jf⟩=1.7e-05, ⟨B·n⟩=1.3e-03, Len=sum([4.1, 4.0, 3.8, 3.7])=15.7, ϰ=[4.3, 4.2, 4.1, 3.9], ∫ϰ²/L>=[5.1, 5.1, 5.1, 5.3], C-C-Sep=0.10, ║∇J║=4.1e-05
Iteration 1509/2000-----
currents: [100000.0, 99999.99999837248, 99999.9999985499, 99999.99999880242]
J=1.8e-05, ⟨Jf⟩=1.7e-05, ⟨B·n⟩=1.3e-03, Len=sum([4.1, 4.0, 3.8, 3.7])=15.7, ϰ=[4.3, 4.2, 4.1, 3.9], ∫ϰ²/L>=[5.1, 5.1, 5.1, 5.3], C-C-Sep=0.10, ║∇J║=3.2e-05
Iteration 1510/2000-----
currents: [100000.0, 99999.99999837078, 99999.99999854846, 99999.99999880137]
J=1.8e-05, ⟨Jf⟩=1.7e-05, ⟨B·n⟩=1.3e-03, Len=sum([4.1, 4.0, 3.8, 3.7])=15.7, ϰ=[4.3, 4.2, 4.1, 3.9], ∫ϰ²/L>=[5.1, 5.1, 5.1, 5.3], C-C-Sep=0.10, ║∇J║=3.9e-05
Iteration 1511/2000-----
currents: [100000.0, 99999.99999837052, 99999.99999854826, 99999.9999988012]
J=1.8e-05, ⟨Jf⟩=1.7e-05, ⟨B·n⟩=1.3e-03, Len=sum([4.1, 4.0, 3.8, 3.7])=15.7, ϰ=[4.3, 4.2, 4.1, 3.9], ∫ϰ²/L>=[5.1, 5.1, 5.1, 5.3], C-C-Sep=0.10, ║∇J║=3.8e-05
Iteration 1512/2000-----
currents: [100000.0, 99999.999998371, 99999.99999854868, 99999.99999880149]
J=1.8e-05, ⟨Jf⟩=1.7e-05, ⟨B·n⟩=1.3e-03, Len=sum([4.1, 4.0, 3.8, 3.7])=15.7, ϰ=[4.3, 4.2, 4.1, 3.9], ∫ϰ²/L>=[5.1, 5.1, 5.1, 5.3], C-C-Sep=0.10, ║∇J║=2.5e-05
Iteration 1513/2000-----
currents: [100000.0, 99999.99999837055, 99999.9999985483, 99999.99999880123]
J=1.8e-05, ⟨Jf⟩=1.7e-05, ⟨B·n⟩=1.3e-03, Len=sum([4.1, 4.0, 3.8, 3.7])=15.7, ϰ=[4.3, 4.2, 4.1, 3.9], ∫ϰ²/L>=[5.1, 5.1, 5.1, 5.3], C-C-Sep=0.10, ║∇J║=2.3e-05
Iteration 1514/2000-----
currents: [100000.0, 99999.99999837026, 99999.99999854808, 99999.99999880104]
J=1.8e-05, ⟨Jf⟩=1.7e-05, ⟨B·n⟩=1.3e-03, Len=sum([4.1, 4.0, 3.8, 3.7])=15.7, ϰ=[4.3, 4.2, 4.1, 3.9], ∫ϰ²/L>=[5.1, 5.1, 5.1, 5.3], C-C-Sep=0.10, ║∇J║=2.9e-05
Iteration 1515/2000-----
currents: [100000.0, 99999.99999836848, 99999.99999854663, 99999.99999879996]
J=1.8e-05, ⟨Jf⟩=1.7e-05, ⟨B·n⟩=1.3e-03, Len=sum([4.1, 4.0, 3.8, 3.7])=15.7, ϰ=[4.3, 4.2, 4.1, 3.9], ∫ϰ²/L>=[5.1, 5.1, 5.1, 5.3], C-C-Sep=0.10, ║∇J║=6.0e-05
Iteration 1516/2000-----
currents: [100000.0, 99999.99999836633, 99999.99999854482, 99999.99999879864]
J=1.8e-05, ⟨Jf⟩=1.7e-05, ⟨B·n⟩=1.3e-03, Len=sum([4.1, 4.0, 3.8, 3.7])=15.7, ϰ=[4.3, 4.2, 4.1, 3.9], ∫ϰ²/L>=[5.1, 5.1, 5.1, 5.3], C-C-Sep=0.10, ║∇J║=4.3e-05
Iteration 1517/2000-----
currents: [100000.0, 99999.99999836546, 99999.99999854412, 99999.99999879808]
J=1.8e-05, ⟨Jf⟩=1.7e-05, ⟨B·n⟩=1.3e-03, Len=sum([4.1, 4.0, 3.8, 3.7])=15.7, ϰ=[4.3, 4.2, 4.1, 3.9], ∫ϰ²/L>=[5.1, 5.1, 5.1, 5.3], C-C-Sep=0.10, ║∇J║=3.8e-05
Iteration 1518/2000-----
currents: [100000.0, 99999.99999836227, 99999.99999854145, 99999.99999879616]
J=1.8e-05, ⟨Jf⟩=1.7e-05, ⟨B·n⟩=1.3e-03, Len=sum([4.1, 4.0, 3.8, 3.7])=15.7, ϰ=[4.3, 4.2, 4.1, 3.9], ∫ϰ²/L>=[5.1, 5.1, 5.1, 5.3], C-C-Sep=0.10, ║∇J║=5.5e-05
Iteration 1519/2000-----
currents: [100000.0, 99999.99999836028, 99999.99999853985, 99999.99999879496]
J=1.8e-05, ⟨Jf⟩=1.7e-05, ⟨B·n⟩=1.3e-03, Len=sum([4.1, 4.0, 3.8, 3.7])=15.7, ϰ=[4.3, 4.2, 4.1, 3.9], ∫ϰ²/L>=[5.1, 5.1, 5.1, 5.3], C-C-Sep=0.10, ║∇J║=7.3e-05
Iteration 1520/2000-----
currents: [100000.0, 99999.99999835686, 99999.99999853711, 99999.9999987929]
J=1.8e-05, ⟨Jf⟩=1.7e-05, ⟨B·n⟩=1.3e-03, Len=sum([4.1, 4.0, 3.8, 3.7])=15.7, ϰ=[4.3, 4.2, 4.1, 3.9], ∫ϰ²/L>=[5.1, 5.1, 5.1, 5.3], C-C-Sep=0.10, ║∇J║=7.1e-05
Iteration 1521/2000-----
currents: [100000.0, 99999.99999835192, 99999.99999853312, 99999.99999878996]
J=1.8e-05, ⟨Jf⟩=1.7e-05, ⟨B·n⟩=1.3e-03, Len=sum([4.1, 4.0, 3.8, 3.7])=15.7, ϰ=[4.3, 4.2, 4.1, 3.9], ∫ϰ²/L>=[5.1, 5.1, 5.1, 5.3], C-C-Sep=0.10, ║∇J║=9.2e-05
Iteration 1522/2000-----
currents: [100000.0, 99999.99999835217, 99999.99999853341, 99999.99999879012]
J=1.8e-05, ⟨Jf⟩=1.7e-05, ⟨B·n⟩=1.3e-03, Len=sum([4.1, 4.0, 3.8, 3.7])=15.7, ϰ=[4.3, 4.2, 4.1, 3.9], ∫ϰ²/L>=[5.1, 5.1, 5.1, 5.3], C-C-Sep=0.10, ║∇J║=4.4e-05
Iteration 1523/2000-----
currents: [100000.0, 99999.99999835277, 99999.99999853397, 99999.99999879047]
J=1.8e-05, ⟨Jf⟩=1.7e-05, ⟨B·n⟩=1.3e-03, Len=sum([4.1, 4.0, 3.8, 3.7])=15.7, ϰ=[4.3, 4.2, 4.1, 3.9], ∫ϰ²/L>=[5.1, 5.1, 5.1, 5.3], C-C-Sep=0.10, ║∇J║=3.9e-05
Iteration 1524/2000-----
currents: [100000.0, 99999.99999835226, 99999.99999853363, 99999.99999879018]
J=1.8e-05, ⟨Jf⟩=1.7e-05, ⟨B·n⟩=1.3e-03, Len=sum([4.1, 4.0, 3.8, 3.7])=15.7, ϰ=[4.3, 4.2, 4.1, 3.9], ∫ϰ²/L>=[5.1, 5.1, 5.1, 5.3], C-C-Sep=0.10, ║∇J║=4.0e-05
Iteration 1525/2000-----
currents: [100000.0, 99999.99999835114, 99999.99999853288, 99999.99999878959]
J=1.8e-05, ⟨Jf⟩=1.7e-05, ⟨B·n⟩=1.3e-03, Len=sum([4.1, 4.0, 3.8, 3.7])=15.7, ϰ=[4.3, 4.2, 4.1, 3.9], ∫ϰ²/L>=[5.1, 5.1, 5.1, 5.3], C-C-Sep=0.10, ║∇J║=8.2e-05
Iteration 1526/2000-----
currents: [100000.0, 99999.99999835035, 99999.99999853225, 99999.9999987891]
J=1.8e-05, ⟨Jf⟩=1.7e-05, ⟨B·n⟩=1.3e-03, Len=sum([4.1, 4.0, 3.8, 3.7])=15.7, ϰ=[4.3, 4.2, 4.1, 3.9], ∫ϰ²/L>=[5.1, 5.1, 5.1, 5.3], C-C-Sep=0.10, ║∇J║=3.1e-05
Iteration 1527/2000-----
currents: [100000.0, 99999.9999983496, 99999.99999853164, 99999.99999878867]
J=1.8e-05, ⟨Jf⟩=1.7e-05, ⟨B·n⟩=1.3e-03, Len=sum([4.1, 4.0, 3.8, 3.7])=15.7, ϰ=[4.3, 4.2, 4.1, 3.9], ∫ϰ²/L>=[5.1, 5.1, 5.1, 5.3], C-C-Sep=0.10, ║∇J║=2.4e-05
Iteration 1528/2000-----
currents: [100000.0, 99999.99999834906, 99999.99999853125, 99999.99999878838]
J=1.8e-05, ⟨Jf⟩=1.7e-05, ⟨B·n⟩=1.3e-03, Len=sum([4.1, 4.0, 3.8, 3.7])=15.7, ϰ=[4.3, 4.2, 4.1, 3.9], ∫ϰ²/L>=[5.1, 5.1, 5.1, 5.3], C-C-Sep=0.10, ║∇J║=2.7e-05
Iteration 1529/2000-----
currents: [100000.0, 99999.99999834842, 99999.9999985308, 99999.99999878803]
J=1.8e-05, ⟨Jf⟩=1.7e-05, ⟨B·n⟩=1.3e-03, Len=sum([4.1, 4.0, 3.8, 3.7])=15.7, ϰ=[4.3, 4.2, 4.1, 3.9], ∫ϰ²/L>=[5.1, 5.1, 5.1, 5.3], C-C-Sep=0.10, ║∇J║=6.1e-05
Iteration 1530/2000-----
currents: [100000.0, 99999.99999834842, 99999.99999853081, 99999.99999878806]
J=1.8e-05, ⟨Jf⟩=1.7e-05, ⟨B·n⟩=1.3e-03, Len=sum([4.1, 4.0, 3.8, 3.7])=15.7, ϰ=[4.3, 4.2, 4.1, 3.9], ∫ϰ²/L>=[5.1, 5.1, 5.1, 5.3], C-C-Sep=0.10, ║∇J║=2.3e-05
Iteration 1531/2000-----
currents: [100000.0, 99999.99999834853, 99999.99999853093, 99999.99999878815]
J=1.8e-05, ⟨Jf⟩=1.7e-05, ⟨B·n⟩=1.3e-03, Len=sum([4.1, 4.0, 3.8, 3.7])=15.7, ϰ=[4.3, 4.2, 4.1, 3.9], ∫ϰ²/L>=[5.1, 5.1, 5.1, 5.3], C-C-Sep=0.10, ║∇J║=1.7e-05
Iteration 1532/2000-----
currents: [100000.0, 99999.9999983484, 99999.99999853085, 99999.9999987881]
J=1.8e-05, ⟨Jf⟩=1.7e-05, ⟨B·n⟩=1.3e-03, Len=sum([4.1, 4.0, 3.8, 3.7])=15.7, ϰ=[4.3, 4.2, 4.1, 3.9], ∫ϰ²/L>=[5.1, 5.1, 5.1, 5.3], C-C-Sep=0.10, ║∇J║=2.4e-05
Iteration 1533/2000-----
currents: [100000.0, 99999.99999834788, 99999.99999853047, 99999.99999878784]
J=1.8e-05, ⟨Jf⟩=1.7e-05, ⟨B·n⟩=1.3e-03, Len=sum([4.1, 4.0, 3.8, 3.7])=15.7, ϰ=[4.3, 4.2, 4.1, 3.9], ∫ϰ²/L>=[5.1, 5.1, 5.1, 5.3], C-C-Sep=0.10, ║∇J║=2.9e-05
Iteration 1534/2000-----
currents: [100000.0, 99999.99999834673, 99999.99999852966, 99999.99999878726]
J=1.8e-05, ⟨Jf⟩=1.7e-05, ⟨B·n⟩=1.3e-03, Len=sum([4.1, 4.0, 3.8, 3.7])=15.7, ϰ=[4.3, 4.2, 4.1, 3.9], ∫ϰ²/L>=[5.1, 5.1, 5.1, 5.3], C-C-Sep=0.10, ║∇J║=7.4e-05
Iteration 1535/2000-----
currents: [100000.0, 99999.99999834629, 99999.99999852931, 99999.99999878701]
J=1.8e-05, ⟨Jf⟩=1.7e-05, ⟨B·n⟩=1.3e-03, Len=sum([4.1, 4.0, 3.8, 3.7])=15.7, ϰ=[4.3, 4.2, 4.1, 3.9], ∫ϰ²/L>=[5.1, 5.1, 5.1, 5.3], C-C-Sep=0.10, ║∇J║=2.6e-05
Iteration 1536/2000-----
currents: [100000.0, 99999.99999834593, 99999.99999852903, 99999.9999987868]
J=1.8e-05, ⟨Jf⟩=1.7e-05, ⟨B·n⟩=1.3e-03, Len=sum([4.1, 4.0, 3.8, 3.7])=15.7, ϰ=[4.3, 4.2, 4.1, 3.9], ∫ϰ²/L>=[5.1, 5.1, 5.1, 5.3], C-C-Sep=0.10, ║∇J║=2.4e-05
Iteration 1537/2000-----
currents: [100000.0, 99999.99999834521, 99999.99999852852, 99999.99999878643]
J=1.8e-05, ⟨Jf⟩=1.7e-05, ⟨B·n⟩=1.3e-03, Len=sum([4.1, 4.0, 3.8, 3.7])=15.7, ϰ=[4.3, 4.2, 4.1, 3.9], ∫ϰ²/L>=[5.1, 5.1, 5.1, 5.3], C-C-Sep=0.10, ║∇J║=3.8e-05
Iteration 1538/2000-----
currents: [100000.0, 99999.99999834425, 99999.99999852787, 99999.99999878593]
J=1.8e-05, ⟨Jf⟩=1.7e-05, ⟨B·n⟩=1.3e-03, Len=sum([4.1, 4.0, 3.8, 3.7])=15.7, ϰ=[4.3, 4.2, 4.1, 3.9], ∫ϰ²/L>=[5.1, 5.1, 5.1, 5.3], C-C-Sep=0.10, ║∇J║=4.9e-05
Iteration 1539/2000-----
currents: [100000.0, 99999.99999834257, 99999.99999852684, 99999.99999878515]
J=1.8e-05, ⟨Jf⟩=1.7e-05, ⟨B·n⟩=1.3e-03, Len=sum([4.1, 4.0, 3.8, 3.7])=15.7, ϰ=[4.3, 4.2, 4.1, 3.9], ∫ϰ²/L>=[5.1, 5.1, 5.1, 5.3], C-C-Sep=0.10, ║∇J║=9.8e-05
Iteration 1540/2000-----
currents: [100000.0, 99999.99999834211, 99999.99999852656, 99999.99999878493]
J=1.8e-05, ⟨Jf⟩=1.7e-05, ⟨B·n⟩=1.3e-03, Len=sum([4.1, 4.0, 3.8, 3.7])=15.7, ϰ=[4.3, 4.2, 4.1, 3.9], ∫ϰ²/L>=[5.1, 5.1, 5.1, 5.3], C-C-Sep=0.10, ║∇J║=4.6e-05
Iteration 1541/2000-----
currents: [100000.0, 99999.99999834168, 99999.99999852631, 99999.99999878473]
J=1.8e-05, ⟨Jf⟩=1.7e-05, ⟨B·n⟩=1.3e-03, Len=sum([4.1, 4.0, 3.8, 3.7])=15.7, ϰ=[4.3, 4.2, 4.1, 3.9], ∫ϰ²/L>=[5.1, 5.1, 5.1, 5.3], C-C-Sep=0.10, ║∇J║=4.8e-05
Iteration 1542/2000-----
currents: [100000.0, 99999.99999834046, 99999.99999852548, 99999.9999987841]
J=1.8e-05, ⟨Jf⟩=1.7e-05, ⟨B·n⟩=1.3e-03, Len=sum([4.1, 4.0, 3.8, 3.7])=15.7, ϰ=[4.3, 4.2, 4.1, 3.9], ∫ϰ²/L>=[5.1, 5.1, 5.1, 5.3], C-C-Sep=0.10, ║∇J║=6.2e-05
Iteration 1543/2000-----
currents: [100000.0, 99999.99999833827, 99999.99999852394, 99999.99999878295]
J=1.8e-05, ⟨Jf⟩=1.7e-05, ⟨B·n⟩=1.3e-03, Len=sum([4.1, 4.0, 3.8, 3.7])=15.7, ϰ=[4.3, 4.2, 4.1, 3.9], ∫ϰ²/L>=[5.1, 5.1, 5.1, 5.3], C-C-Sep=0.10, ║∇J║=6.3e-05
Iteration 1544/2000-----
currents: [100000.0, 99999.99999833306, 99999.99999852008, 99999.99999878013]
J=1.8e-05, ⟨Jf⟩=1.7e-05, ⟨B·n⟩=1.3e-03, Len=sum([4.1, 4.0, 3.8, 3.7])=15.7, ϰ=[4.3, 4.2, 4.1, 3.9], ∫ϰ²/L>=[5.1, 5.1, 5.1, 5.3], C-C-Sep=0.10, ║∇J║=1.4e-04
Iteration 1545/2000-----
currents: [100000.0, 99999.99999833245, 99999.9999985196, 99999.9999987798]
J=1.8e-05, ⟨Jf⟩=1.7e-05, ⟨B·n⟩=1.3e-03, Len=sum([4.1, 4.0, 3.8, 3.7])=15.7, ϰ=[4.3, 4.2, 4.0, 3.9], ∫ϰ²/L>=[5.1, 5.1, 5.1, 5.3], C-C-Sep=0.10, ║∇J║=4.3e-05
Iteration 1546/2000-----
currents: [100000.0, 99999.99999833165, 99999.9999985189, 99999.99999877933]
J=1.8e-05, ⟨Jf⟩=1.7e-05, ⟨B·n⟩=1.3e-03, Len=sum([4.1, 4.0, 3.8, 3.7])=15.7, ϰ=[4.3, 4.2, 4.0, 3.9], ∫ϰ²/L>=[5.1, 5.1, 5.1, 5.3], C-C-Sep=0.10, ║∇J║=3.1e-05
Iteration 1547/2000-----
currents: [100000.0, 99999.99999832964, 99999.99999851728, 99999.9999987782]
J=1.8e-05, ⟨Jf⟩=1.7e-05, ⟨B·n⟩=1.3e-03, Len=sum([4.1, 4.0, 3.8, 3.7])=15.7, ϰ=[4.3, 4.2, 4.0, 3.9], ∫ϰ²/L>=[5.1, 5.1, 5.1, 5.3], C-C-Sep=0.10, ║∇J║=3.3e-05
Iteration 1548/2000-----
currents: [100000.0, 99999.99999832793, 99999.9999985159, 99999.99999877726]
J=1.8e-05, ⟨Jf⟩=1.7e-05, ⟨B·n⟩=1.3e-03, Len=sum([4.1, 4.0, 3.8, 3.7])=15.7, ϰ=[4.3, 4.2, 4.0, 3.9], ∫ϰ²/L>=[5.1, 5.1, 5.1, 5.3], C-C-Sep=0.10, ║∇J║=5.0e-05
Iteration 1549/2000-----
currents: [100000.0, 99999.9999983271, 99999.99999851525, 99999.99999877682]
J=1.8e-05, ⟨Jf⟩=1.7e-05, ⟨B·n⟩=1.3e-03, Len=sum([4.1, 4.0, 3.8, 3.7])=15.7, ϰ=[4.3, 4.2, 4.0, 3.9], ∫ϰ²/L>=[5.1, 5.1, 5.1, 5.3], C-C-Sep=0.10, ║∇J║=2.2e-05
Iteration 1550/2000-----
currents: [100000.0, 99999.99999832694, 99999.99999851517, 99999.99999877678]
J=1.8e-05, ⟨Jf⟩=1.7e-05, ⟨B·n⟩=1.3e-03, Len=sum([4.1, 4.0, 3.8, 3.7])=15.7, ϰ=[4.3, 4.2, 4.0, 3.9], ∫ϰ²/L>=[5.1, 5.1, 5.1, 5.3], C-C-Sep=0.10, ║∇J║=1.8e-05
Iteration 1551/2000-----
currents: [100000.0, 99999.99999832646, 99999.9999985148, 99999.99999877653]
J=1.8e-05, ⟨Jf⟩=1.7e-05, ⟨B·n⟩=1.3e-03, Len=sum([4.1, 4.0, 3.8, 3.7])=15.7, ϰ=[4.3, 4.2, 4.0, 3.9], ∫ϰ²/L>=[5.1, 5.1, 5.1, 5.3], C-C-Sep=0.10, ║∇J║=2.3e-05
Iteration 1552/2000-----
currents: [100000.0, 99999.99999832596, 99999.99999851444, 99999.99999877631]
J=1.8e-05, ⟨Jf⟩=1.7e-05, ⟨B·n⟩=1.3e-03, Len=sum([4.1, 4.0, 3.8, 3.7])=15.7, ϰ=[4.3, 4.2, 4.0, 3.9], ∫ϰ²/L>=[5.1, 5.1, 5.1, 5.3], C-C-Sep=0.10, ║∇J║=3.1e-05
Iteration 1553/2000-----
currents: [100000.0, 99999.99999832537, 99999.99999851396, 99999.99999877598]
J=1.8e-05, ⟨Jf⟩=1.7e-05, ⟨B·n⟩=1.3e-03, Len=sum([4.1, 4.0, 3.8, 3.7])=15.7, ϰ=[4.3, 4.2, 4.0, 3.9], ∫ϰ²/L>=[5.1, 5.1, 5.1, 5.3], C-C-Sep=0.10, ║∇J║=2.1e-05
Iteration 1554/2000-----
currents: [100000.0, 99999.99999832422, 99999.999998513, 99999.99999877531]
J=1.8e-05, ⟨Jf⟩=1.7e-05, ⟨B·n⟩=1.3e-03, Len=sum([4.1, 4.0, 3.8, 3.7])=15.7, ϰ=[4.3, 4.2, 4.0, 3.9], ∫ϰ²/L>=[5.1, 5.1, 5.1, 5.3], C-C-Sep=0.10, ║∇J║=2.1e-05
Iteration 1555/2000-----
currents: [100000.0, 99999.99999832326, 99999.99999851221, 99999.99999877477]
J=1.8e-05, ⟨Jf⟩=1.7e-05, ⟨B·n⟩=1.3e-03, Len=sum([4.1, 4.0, 3.8, 3.7])=15.7, ϰ=[4.3, 4.2, 4.0, 3.9], ∫ϰ²/L>=[5.1, 5.1, 5.1, 5.3], C-C-Sep=0.10, ║∇J║=3.4e-05
Iteration 1556/2000-----
currents: [100000.0, 99999.99999832091, 99999.99999851029, 99999.99999877346]
J=1.8e-05, ⟨Jf⟩=1.7e-05, ⟨B·n⟩=1.3e-03, Len=sum([4.1, 4.0, 3.8, 3.7])=15.7, ϰ=[4.3, 4.2, 4.0, 3.9], ∫ϰ²/L>=[5.1, 5.1, 5.1, 5.3], C-C-Sep=0.10, ║∇J║=5.2e-05
Iteration 1557/2000-----
currents: [100000.0, 99999.99999831761, 99999.99999850767, 99999.99999877167]
J=1.8e-05, ⟨Jf⟩=1.7e-05, ⟨B·n⟩=1.3e-03, Len=sum([4.1, 4.0, 3.8, 3.7])=15.7, ϰ=[4.3, 4.2, 4.1, 3.9], ∫ϰ²/L>=[5.1, 5.1, 5.1, 5.3], C-C-Sep=0.10, ║∇J║=7.0e-05
Iteration 1558/2000-----
currents: [100000.0, 99999.99999831483, 99999.9999985056, 99999.99999877028]
J=1.8e-05, ⟨Jf⟩=1.7e-05, ⟨B·n⟩=1.3e-03, Len=sum([4.1, 4.0, 3.8, 3.7])=15.7, ϰ=[4.3, 4.2, 4.1, 3.9], ∫ϰ²/L>=[5.1, 5.1, 5.1, 5.3], C-C-Sep=0.10, ║∇J║=6.4e-05
Iteration 1559/2000-----
currents: [100000.0, 99999.99999830994, 99999.99999850191, 99999.99999876771]
J=1.8e-05, ⟨Jf⟩=1.7e-05, ⟨B·n⟩=1.3e-03, Len=sum([4.1, 4.0, 3.8, 3.7])=15.7, ϰ=[4.3, 4.2, 4.1, 3.9], ∫ϰ²/L>=[5.1, 5.1, 5.1, 5.3], C-C-Sep=0.10, ║∇J║=5.5e-05
Iteration 1560/2000-----
currents: [100000.0, 99999.99999830815, 99999.99999850064, 99999.99999876681]
J=1.8e-05, ⟨Jf⟩=1.7e-05, ⟨B·n⟩=1.3e-03, Len=sum([4.1, 4.0, 3.8, 3.7])=15.7, ϰ=[4.4, 4.2, 4.1, 3.9], ∫ϰ²/L>=[5.1, 5.1, 5.1, 5.3], C-C-Sep=0.10, ║∇J║=5.4e-05
Iteration 1561/2000-----
currents: [100000.0, 99999.99999830952, 99999.99999850194, 99999.99999876769]
J=1.8e-05, ⟨Jf⟩=1.7e-05, ⟨B·n⟩=1.3e-03, Len=sum([4.1, 4.0, 3.8, 3.7])=15.7, ϰ=[4.4, 4.2, 4.1, 3.9], ∫ϰ²/L>=[5.1, 5.1, 5.1, 5.3], C-C-Sep=0.10, ║∇J║=4.9e-05
Iteration 1562/2000-----
currents: [100000.0, 99999.99999830878, 99999.99999850156, 99999.9999987674]
J=1.8e-05, ⟨Jf⟩=1.7e-05, ⟨B·n⟩=1.3e-03, Len=sum([4.1, 4.0, 3.8, 3.7])=15.7, ϰ=[4.4, 4.2, 4.1, 3.9], ∫ϰ²/L>=[5.1, 5.1, 5.1, 5.3], C-C-Sep=0.10, ║∇J║=5.2e-05
Iteration 1563/2000-----
currents: [100000.0, 99999.99999830652, 99999.99999849993, 99999.99999876626]
J=1.8e-05, ⟨Jf⟩=1.7e-05, ⟨B·n⟩=1.3e-03, Len=sum([4.1, 4.0, 3.8, 3.7])=15.7, ϰ=[4.4, 4.2, 4.1, 3.9], ∫ϰ²/L>=[5.1, 5.1, 5.1, 5.3], C-C-Sep=0.10, ║∇J║=5.7e-05
Iteration 1564/2000-----
currents: [100000.0, 99999.9999983054, 99999.99999849916, 99999.99999876574]
J=1.8e-05, ⟨Jf⟩=1.7e-05, ⟨B·n⟩=1.3e-03, Len=sum([4.1, 4.0, 3.8, 3.7])=15.7, ϰ=[4.4, 4.2, 4.1, 3.9], ∫ϰ²/L>=[5.1, 5.1, 5.1, 5.3], C-C-Sep=0.10, ║∇J║=4.1e-05
Iteration 1565/2000-----
currents: [100000.0, 99999.99999830342, 99999.99999849766, 99999.9999987647]
J=1.8e-05, ⟨Jf⟩=1.7e-05, ⟨B·n⟩=1.3e-03, Len=sum([4.1, 4.0, 3.8, 3.7])=15.7, ϰ=[4.4, 4.2, 4.1, 3.9], ∫ϰ²/L>=[5.1, 5.1, 5.1, 5.3], C-C-Sep=0.10, ║∇J║=3.6e-05
Iteration 1566/2000-----
currents: [100000.0, 99999.999998301, 99999.99999849577, 99999.99999876336]
J=1.8e-05, ⟨Jf⟩=1.7e-05, ⟨B·n⟩=1.3e-03, Len=sum([4.1, 4.0, 3.8, 3.7])=15.7, ϰ=[4.4, 4.2, 4.1, 3.9], ∫ϰ²/L>=[5.1, 5.1, 5.1, 5.3], C-C-Sep=0.10, ║∇J║=4.4e-05
Iteration 1567/2000-----
currents: [100000.0, 99999.99999830198, 99999.99999849669, 99999.99999876399]
J=1.8e-05, ⟨Jf⟩=1.7e-05, ⟨B·n⟩=1.3e-03, Len=sum([4.1, 4.0, 3.8, 3.7])=15.7, ϰ=[4.4, 4.2, 4.1, 3.9], ∫ϰ²/L>=[5.1, 5.1, 5.1, 5.3], C-C-Sep=0.10, ║∇J║=3.0e-05
Iteration 1568/2000-----
currents: [100000.0, 99999.99999830253, 99999.99999849722, 99999.99999876432]
J=1.8e-05, ⟨Jf⟩=1.7e-05, ⟨B·n⟩=1.3e-03, Len=sum([4.1, 4.0, 3.8, 3.7])=15.7, ϰ=[4.4, 4.2, 4.1, 3.9], ∫ϰ²/L>=[5.1, 5.1, 5.1, 5.3], C-C-Sep=0.10, ║∇J║=3.0e-05
Iteration 1569/2000-----
currents: [100000.0, 99999.99999830266, 99999.9999984974, 99999.99999876441]
J=1.8e-05, ⟨Jf⟩=1.7e-05, ⟨B·n⟩=1.3e-03, Len=sum([4.1, 4.0, 3.8, 3.7])=15.7, ϰ=[4.4, 4.2, 4.1, 3.9], ∫ϰ²/L>=[5.1, 5.1, 5.1, 5.3], C-C-Sep=0.10, ║∇J║=3.6e-05
Iteration 1570/2000-----
currents: [100000.0, 99999.99999830294, 99999.99999849766, 99999.9999987646]
J=1.8e-05, ⟨Jf⟩=1.7e-05, ⟨B·n⟩=1.3e-03, Len=sum([4.1, 4.0, 3.8, 3.7])=15.7, ϰ=[4.4, 4.2, 4.1, 3.9], ∫ϰ²/L>=[5.1, 5.1, 5.1, 5.3], C-C-Sep=0.10, ║∇J║=2.0e-05
Iteration 1571/2000-----
currents: [100000.0, 99999.99999830205, 99999.99999849698, 99999.99999876412]
J=1.8e-05, ⟨Jf⟩=1.7e-05, ⟨B·n⟩=1.3e-03, Len=sum([4.1, 4.0, 3.8, 3.7])=15.7, ϰ=[4.4, 4.2, 4.1, 3.9], ∫ϰ²/L>=[5.1, 5.1, 5.1, 5.3], C-C-Sep=0.10, ║∇J║=1.9e-05
Iteration 1572/2000-----
currents: [100000.0, 99999.99999830147, 99999.99999849654, 99999.99999876381]
J=1.8e-05, ⟨Jf⟩=1.7e-05, ⟨B·n⟩=1.3e-03, Len=sum([4.1, 4.0, 3.8, 3.7])=15.7, ϰ=[4.4, 4.2, 4.1, 3.9], ∫ϰ²/L>=[5.1, 5.1, 5.1, 5.3], C-C-Sep=0.10, ║∇J║=2.3e-05
Iteration 1573/2000-----
currents: [100000.0, 99999.99999830045, 99999.99999849578, 99999.99999876325]
J=1.8e-05, ⟨Jf⟩=1.7e-05, ⟨B·n⟩=1.3e-03, Len=sum([4.1, 4.0, 3.8, 3.7])=15.7, ϰ=[4.4, 4.2, 4.1, 3.9], ∫ϰ²/L>=[5.1, 5.1, 5.1, 5.3], C-C-Sep=0.10, ║∇J║=3.8e-05
Iteration 1574/2000-----
currents: [100000.0, 99999.99999829983, 99999.99999849527, 99999.99999876288]
J=1.8e-05, ⟨Jf⟩=1.7e-05, ⟨B·n⟩=1.3e-03, Len=sum([4.1, 4.0, 3.8, 3.7])=15.7, ϰ=[4.4, 4.2, 4.1, 3.9], ∫ϰ²/L>=[5.1, 5.1, 5.1, 5.3], C-C-Sep=0.10, ║∇J║=2.5e-05
Iteration 1575/2000-----
currents: [100000.0, 99999.99999829989, 99999.99999849533, 99999.9999987629]
J=1.8e-05, ⟨Jf⟩=1.7e-05, ⟨B·n⟩=1.3e-03, Len=sum([4.1, 4.0, 3.8, 3.7])=15.7, ϰ=[4.3, 4.2, 4.1, 3.9], ∫ϰ²/L>=[5.1, 5.1, 5.1, 5.3], C-C-Sep=0.10, ║∇J║=2.6e-05
Iteration 1576/2000-----
currents: [100000.0, 99999.99999829939, 99999.99999849492, 99999.99999876258]
J=1.8e-05, ⟨Jf⟩=1.7e-05, ⟨B·n⟩=1.3e-03, Len=sum([4.1, 4.0, 3.8, 3.7])=15.7, ϰ=[4.3, 4.2, 4.1, 3.9], ∫ϰ²/L>=[5.1, 5.1, 5.1, 5.3], C-C-Sep=0.10, ║∇J║=3.3e-05
Iteration 1577/2000-----
currents: [100000.0, 99999.9999982984, 99999.99999849417, 99999.99999876201]
J=1.8e-05, ⟨Jf⟩=1.7e-05, ⟨B·n⟩=1.3e-03, Len=sum([4.1, 4.0, 3.8, 3.7])=15.7, ϰ=[4.3, 4.2, 4.1, 3.9], ∫ϰ²/L>=[5.1, 5.1, 5.1, 5.3], C-C-Sep=0.10, ║∇J║=5.2e-05
Iteration 1578/2000-----
currents: [100000.0, 99999.99999829759, 99999.99999849353, 99999.99999876154]
J=1.8e-05, ⟨Jf⟩=1.7e-05, ⟨B·n⟩=1.3e-03, Len=sum([4.1, 4.0, 3.8, 3.7])=15.7, ϰ=[4.3, 4.2, 4.1, 3.9], ∫ϰ²/L>=[5.1, 5.1, 5.1, 5.3], C-C-Sep=0.10, ║∇J║=3.4e-05
Iteration 1579/2000-----
currents: [100000.0, 99999.99999829607, 99999.99999849235, 99999.99999876072]
J=1.8e-05, ⟨Jf⟩=1.7e-05, ⟨B·n⟩=1.3e-03, Len=sum([4.1, 4.0, 3.8, 3.7])=15.7, ϰ=[4.3, 4.2, 4.1, 3.9], ∫ϰ²/L>=[5.1, 5.1, 5.1, 5.3], C-C-Sep=0.10, ║∇J║=3.6e-05
Iteration 1580/2000-----
currents: [100000.0, 99999.99999829427, 99999.99999849097, 99999.99999875974]
J=1.8e-05, ⟨Jf⟩=1.7e-05, ⟨B·n⟩=1.3e-03, Len=sum([4.1, 4.0, 3.8, 3.7])=15.7, ϰ=[4.3, 4.2, 4.1, 3.9], ∫ϰ²/L>=[5.1, 5.1, 5.1, 5.3], C-C-Sep=0.10, ║∇J║=5.1e-05
Iteration 1581/2000-----
currents: [100000.0, 99999.99999829229, 99999.9999984895, 99999.99999875868]
J=1.8e-05, ⟨Jf⟩=1.7e-05, ⟨B·n⟩=1.3e-03, Len=sum([4.1, 4.0, 3.8, 3.7])=15.7, ϰ=[4.4, 4.2, 4.1, 3.9], ∫ϰ²/L>=[5.1, 5.1, 5.1, 5.3], C-C-Sep=0.10, ║∇J║=7.3e-05
Iteration 1582/2000-----
currents: [100000.0, 99999.99999829003, 99999.99999848775, 99999.99999875743]
J=1.8e-05, ⟨Jf⟩=1.7e-05, ⟨B·n⟩=1.3e-03, Len=sum([4.1, 4.0, 3.8, 3.7])=15.7, ϰ=[4.4, 4.2, 4.1, 3.9], ∫ϰ²/L>=[5.1, 5.1, 5.1, 5.3], C-C-Sep=0.10, ║∇J║=5.3e-05
Iteration 1583/2000-----
currents: [100000.0, 99999.99999828737, 99999.99999848563, 99999.99999875588]
J=1.8e-05, ⟨Jf⟩=1.7e-05, ⟨B·n⟩=1.3e-03, Len=sum([4.1, 4.0, 3.8, 3.7])=15.7, ϰ=[4.4, 4.2, 4.1, 3.9], ∫ϰ²/L>=[5.1, 5.1, 5.1, 5.3], C-C-Sep=0.10, ║∇J║=4.9e-05
Iteration 1584/2000-----
currents: [100000.0, 99999.99999828526, 99999.99999848397, 99999.99999875465]
J=1.8e-05, ⟨Jf⟩=1.7e-05, ⟨B·n⟩=1.3e-03, Len=sum([4.1, 4.0, 3.8, 3.7])=15.7, ϰ=[4.4, 4.2, 4.1, 3.9], ∫ϰ²/L>=[5.1, 5.1, 5.1, 5.3], C-C-Sep=0.10, ║∇J║=7.3e-05
Iteration 1585/2000-----
currents: [100000.0, 99999.99999828252, 99999.99999848168, 99999.999998753]
J=1.8e-05, ⟨Jf⟩=1.7e-05, ⟨B·n⟩=1.3e-03, Len=sum([4.1, 4.0, 3.8, 3.7])=15.7, ϰ=[4.3, 4.2, 4.1, 3.9], ∫ϰ²/L>=[5.1, 5.1, 5.1, 5.3], C-C-Sep=0.10, ║∇J║=5.7e-05
Iteration 1586/2000-----
currents: [100000.0, 99999.99999827953, 99999.99999847921, 99999.99999875121]
J=1.8e-05, ⟨Jf⟩=1.7e-05, ⟨B·n⟩=1.3e-03, Len=sum([4.1, 4.0, 3.8, 3.7])=15.7, ϰ=[4.3, 4.2, 4.1, 3.9], ∫ϰ²/L>=[5.1, 5.1, 5.1, 5.3], C-C-Sep=0.10, ║∇J║=4.3e-05
Iteration 1587/2000-----
currents: [100000.0, 99999.9999982766, 99999.99999847681, 99999.9999987495]
J=1.8e-05, ⟨Jf⟩=1.7e-05, ⟨B·n⟩=1.3e-03, Len=sum([4.1, 4.0, 3.8, 3.7])=15.7, ϰ=[4.3, 4.2, 4.1, 3.9], ∫ϰ²/L>=[5.1, 5.1, 5.1, 5.3], C-C-Sep=0.10, ║∇J║=5.3e-05
Iteration 1588/2000-----
currents: [100000.0, 99999.99999827445, 99999.99999847508, 99999.99999874826]
J=1.8e-05, ⟨Jf⟩=1.7e-05, ⟨B·n⟩=1.3e-03, Len=sum([4.1, 4.0, 3.8, 3.7])=15.7, ϰ=[4.3, 4.2, 4.1, 3.9], ∫ϰ²/L>=[5.1, 5.1, 5.1, 5.3], C-C-Sep=0.10, ║∇J║=3.6e-05
Iteration 1589/2000-----
currents: [100000.0, 99999.9999982735, 99999.99999847433, 99999.99999874775]
J=1.8e-05, ⟨Jf⟩=1.7e-05, ⟨B·n⟩=1.3e-03, Len=sum([4.1, 4.0, 3.8, 3.7])=15.7, ϰ=[4.3, 4.2, 4.1, 3.9], ∫ϰ²/L>=[5.1, 5.1, 5.1, 5.3], C-C-Sep=0.10, ║∇J║=2.6e-05
Iteration 1590/2000-----
currents: [100000.0, 99999.99999827269, 99999.99999847368, 99999.9999987473]
J=1.8e-05, ⟨Jf⟩=1.7e-05, ⟨B·n⟩=1.3e-03, Len=sum([4.1, 4.0, 3.8, 3.7])=15.7, ϰ=[4.3, 4.2, 4.1, 3.9], ∫ϰ²/L>=[5.1, 5.1, 5.1, 5.3], C-C-Sep=0.10, ║∇J║=2.6e-05
Iteration 1591/2000-----
currents: [100000.0, 99999.99999827126, 99999.99999847251, 99999.99999874647]
J=1.8e-05, ⟨Jf⟩=1.7e-05, ⟨B·n⟩=1.3e-03, Len=sum([4.1, 4.0, 3.8, 3.7])=15.7, ϰ=[4.3, 4.2, 4.1, 3.9], ∫ϰ²/L>=[5.1, 5.1, 5.1, 5.3], C-C-Sep=0.10, ║∇J║=3.1e-05
Iteration 1592/2000-----
currents: [100000.0, 99999.99999827125, 99999.99999847249, 99999.99999874645]
J=1.8e-05, ⟨Jf⟩=1.7e-05, ⟨B·n⟩=1.3e-03, Len=sum([4.1, 4.0, 3.8, 3.7])=15.7, ϰ=[4.3, 4.2, 4.1, 3.9], ∫ϰ²/L>=[5.1, 5.1, 5.1, 5.3], C-C-Sep=0.10, ║∇J║=2.2e-05
Iteration 1593/2000-----
currents: [100000.0, 99999.99999827055, 99999.99999847189, 99999.99999874605]
J=1.8e-05, ⟨Jf⟩=1.7e-05, ⟨B·n⟩=1.3e-03, Len=sum([4.1, 4.0, 3.8, 3.7])=15.7, ϰ=[4.3, 4.2, 4.1, 3.9], ∫ϰ²/L>=[5.1, 5.1, 5.1, 5.3], C-C-Sep=0.10, ║∇J║=1.9e-05
Iteration 1594/2000-----
currents: [100000.0, 99999.99999826959, 99999.9999984711, 99999.9999987455]
J=1.8e-05, ⟨Jf⟩=1.7e-05, ⟨B·n⟩=1.3e-03, Len=sum([4.1, 4.0, 3.8, 3.7])=15.7, ϰ=[4.3, 4.2, 4.1, 3.9], ∫ϰ²/L>=[5.1, 5.1, 5.1, 5.3], C-C-Sep=0.10, ║∇J║=2.5e-05
Iteration 1595/2000-----
currents: [100000.0, 99999.9999982681, 99999.99999846991, 99999.9999987447]
J=1.8e-05, ⟨Jf⟩=1.7e-05, ⟨B·n⟩=1.3e-03, Len=sum([4.1, 4.0, 3.8, 3.7])=15.7, ϰ=[4.3, 4.2, 4.1, 3.9], ∫ϰ²/L>=[5.1, 5.1, 5.1, 5.3], C-C-Sep=0.10, ║∇J║=3.1e-05
Iteration 1596/2000-----
currents: [100000.0, 99999.99999826509, 99999.99999846747, 99999.99999874299]
J=1.8e-05, ⟨Jf⟩=1.7e-05, ⟨B·n⟩=1.3e-03, Len=sum([4.1, 4.0, 3.8, 3.7])=15.7, ϰ=[4.3, 4.2, 4.1, 3.9], ∫ϰ²/L>=[5.1, 5.1, 5.1, 5.3], C-C-Sep=0.10, ║∇J║=4.3e-05
Iteration 1597/2000-----
currents: [100000.0, 99999.99999826173, 99999.99999846477, 99999.99999874114]
J=1.8e-05, ⟨Jf⟩=1.7e-05, ⟨B·n⟩=1.3e-03, Len=sum([4.1, 4.0, 3.8, 3.7])=15.7, ϰ=[4.3, 4.2, 4.1, 3.9], ∫ϰ²/L>=[5.1, 5.1, 5.1, 5.3], C-C-Sep=0.10, ║∇J║=4.8e-05
Iteration 1598/2000-----
currents: [100000.0, 99999.99999825875, 99999.99999846236, 99999.99999873954]
J=1.8e-05, ⟨Jf⟩=1.7e-05, ⟨B·n⟩=1.3e-03, Len=sum([4.1, 4.0, 3.8, 3.7])=15.7, ϰ=[4.3, 4.2, 4.1, 3.9], ∫ϰ²/L>=[5.1, 5.1, 5.1, 5.3], C-C-Sep=0.10, ║∇J║=5.6e-05
Iteration 1599/2000-----
currents: [100000.0, 99999.99999825495, 99999.99999845927, 99999.9999987374]
J=1.8e-05, ⟨Jf⟩=1.7e-05, ⟨B·n⟩=1.3e-03, Len=sum([4.1, 4.0, 3.8, 3.7])=15.7, ϰ=[4.3, 4.2, 4.1, 3.9], ∫ϰ²/L>=[5.1, 5.1, 5.1, 5.3], C-C-Sep=0.10, ║∇J║=5.8e-05
Iteration 1600/2000-----
currents: [100000.0, 99999.99999825236, 99999.99999845718, 99999.999998736]
J=1.8e-05, ⟨Jf⟩=1.7e-05, ⟨B·n⟩=1.3e-03, Len=sum([4.1, 4.0, 3.8, 3.7])=15.7, ϰ=[4.4, 4.2, 4.1, 3.9], ∫ϰ²/L>=[5.1, 5.1, 5.1, 5.3], C-C-Sep=0.10, ║∇J║=6.4e-05
Iteration 1601/2000-----
currents: [100000.0, 99999.99999824839, 99999.99999845399, 99999.99999873385]
J=1.8e-05, ⟨Jf⟩=1.7e-05, ⟨B·n⟩=1.3e-03, Len=sum([4.1, 4.0, 3.8, 3.7])=15.7, ϰ=[4.4, 4.2, 4.1, 3.9], ∫ϰ²/L>=[5.1, 5.1, 5.1, 5.3], C-C-Sep=0.10, ║∇J║=8.7e-05
Iteration 1602/2000-----
currents: [100000.0, 99999.99999824609, 99999.99999845214, 99999.99999873254]
J=1.8e-05, ⟨Jf⟩=1.7e-05, ⟨B·n⟩=1.3e-03, Len=sum([4.1, 4.0, 3.8, 3.7])=15.7, ϰ=[4.4, 4.2, 4.1, 3.9], ∫ϰ²/L>=[5.1, 5.1, 5.1, 5.3], C-C-Sep=0.10, ║∇J║=4.3e-05
Iteration 1603/2000-----
currents: [100000.0, 99999.99999824516, 99999.99999845146, 99999.99999873205]
J=1.8e-05, ⟨Jf⟩=1.7e-05, ⟨B·n⟩=1.3e-03, Len=sum([4.1, 4.0, 3.8, 3.7])=15.7, ϰ=[4.4, 4.2, 4.1, 3.9], ∫ϰ²/L>=[5.1, 5.1, 5.1, 5.3], C-C-Sep=0.10, ║∇J║=4.4e-05
Iteration 1604/2000-----
currents: [100000.0, 99999.99999824144, 99999.99999844855, 99999.99999872998]
J=1.8e-05, ⟨Jf⟩=1.7e-05, ⟨B·n⟩=1.3e-03, Len=sum([4.1, 4.0, 3.8, 3.7])=15.7, ϰ=[4.4, 4.2, 4.1, 3.9], ∫ϰ²/L>=[5.1, 5.1, 5.1, 5.3], C-C-Sep=0.10, ║∇J║=5.1e-05
Iteration 1605/2000-----
currents: [100000.0, 99999.99999823935, 99999.999998447, 99999.99999872886]
J=1.8e-05, ⟨Jf⟩=1.7e-05, ⟨B·n⟩=1.3e-03, Len=sum([4.1, 4.0, 3.8, 3.7])=15.7, ϰ=[4.4, 4.2, 4.1, 3.9], ∫ϰ²/L>=[5.1, 5.1, 5.1, 5.3], C-C-Sep=0.10, ║∇J║=1.2e-04
Iteration 1606/2000-----
currents: [100000.0, 99999.9999982404, 99999.99999844778, 99999.99999872943]
J=1.8e-05, ⟨Jf⟩=1.7e-05, ⟨B·n⟩=1.3e-03, Len=sum([4.1, 4.0, 3.8, 3.7])=15.7, ϰ=[4.4, 4.2, 4.1, 3.9], ∫ϰ²/L>=[5.1, 5.1, 5.1, 5.3], C-C-Sep=0.10, ║∇J║=6.0e-05
Iteration 1607/2000-----
currents: [100000.0, 99999.99999824047, 99999.9999984479, 99999.99999872952]
J=1.8e-05, ⟨Jf⟩=1.7e-05, ⟨B·n⟩=1.3e-03, Len=sum([4.1, 4.0, 3.8, 3.7])=15.7, ϰ=[4.4, 4.2, 4.1, 3.9], ∫ϰ²/L>=[5.1, 5.1, 5.1, 5.3], C-C-Sep=0.10, ║∇J║=3.4e-05
Iteration 1608/2000-----
currents: [100000.0, 99999.99999823887, 99999.99999844663, 99999.99999872861]
J=1.8e-05, ⟨Jf⟩=1.7e-05, ⟨B·n⟩=1.3e-03, Len=sum([4.1, 4.0, 3.8, 3.7])=15.7, ϰ=[4.4, 4.2, 4.1, 3.9], ∫ϰ²/L>=[5.1, 5.1, 5.1, 5.3], C-C-Sep=0.10, ║∇J║=2.6e-05
Iteration 1609/2000-----
currents: [100000.0, 99999.99999824044, 99999.99999844794, 99999.99999872955]
J=1.8e-05, ⟨Jf⟩=1.7e-05, ⟨B·n⟩=1.3e-03, Len=sum([4.1, 4.0, 3.8, 3.7])=15.7, ϰ=[4.4, 4.2, 4.1, 3.9], ∫ϰ²/L>=[5.1, 5.1, 5.1, 5.3], C-C-Sep=0.10, ║∇J║=3.3e-05
Iteration 1610/2000-----
currents: [100000.0, 99999.99999824104, 99999.99999844845, 99999.99999872992]
J=1.8e-05, ⟨Jf⟩=1.7e-05, ⟨B·n⟩=1.3e-03, Len=sum([4.1, 4.0, 3.8, 3.7])=15.7, ϰ=[4.4, 4.2, 4.1, 3.9], ∫ϰ²/L>=[5.1, 5.1, 5.1, 5.3], C-C-Sep=0.10, ║∇J║=3.8e-05
Iteration 1611/2000-----
currents: [100000.0, 99999.99999824021, 99999.9999984478, 99999.99999872947]
J=1.8e-05, ⟨Jf⟩=1.7e-05, ⟨B·n⟩=1.3e-03, Len=sum([4.1, 4.0, 3.8, 3.7])=15.7, ϰ=[4.4, 4.2, 4.1, 3.9], ∫ϰ²/L>=[5.1, 5.1, 5.1, 5.3], C-C-Sep=0.10, ║∇J║=2.4e-05
Iteration 1612/2000-----
currents: [100000.0, 99999.99999823952, 99999.9999984473, 99999.99999872911]
J=1.8e-05, ⟨Jf⟩=1.7e-05, ⟨B·n⟩=1.3e-03, Len=sum([4.1, 4.0, 3.8, 3.7])=15.7, ϰ=[4.4, 4.2, 4.1, 3.9], ∫ϰ²/L>=[5.1, 5.1, 5.1, 5.3], C-C-Sep=0.10, ║∇J║=2.1e-05
Iteration 1613/2000-----
currents: [100000.0, 99999.9999982393, 99999.99999844718, 99999.99999872902]
J=1.8e-05, ⟨Jf⟩=1.7e-05, ⟨B·n⟩=1.3e-03, Len=sum([4.1, 4.0, 3.8, 3.7])=15.7, ϰ=[4.4, 4.2, 4.1, 3.9], ∫ϰ²/L>=[5.1, 5.1, 5.1, 5.3], C-C-Sep=0.10, ║∇J║=2.8e-05
Iteration 1614/2000-----
currents: [100000.0, 99999.99999823901, 99999.99999844699, 99999.99999872888]
J=1.8e-05, ⟨Jf⟩=1.7e-05, ⟨B·n⟩=1.3e-03, Len=sum([4.1, 4.0, 3.8, 3.7])=15.7, ϰ=[4.4, 4.2, 4.1, 3.9], ∫ϰ²/L>=[5.1, 5.1, 5.1, 5.3], C-C-Sep=0.10, ║∇J║=2.4e-05
Iteration 1615/2000-----
currents: [100000.0, 99999.9999982394, 99999.99999844733, 99999.9999987291]
J=1.8e-05, ⟨Jf⟩=1.7e-05, ⟨B·n⟩=1.3e-03, Len=sum([4.1, 4.0, 3.8, 3.7])=15.7, ϰ=[4.4, 4.2, 4.1, 3.9], ∫ϰ²/L>=[5.1, 5.1, 5.1, 5.3], C-C-Sep=0.10, ║∇J║=2.4e-05
Iteration 1616/2000-----
currents: [100000.0, 99999.99999824054, 99999.99999844827, 99999.99999872976]
J=1.8e-05, ⟨Jf⟩=1.7e-05, ⟨B·n⟩=1.3e-03, Len=sum([4.1, 4.0, 3.8, 3.7])=15.7, ϰ=[4.4, 4.2, 4.1, 3.9], ∫ϰ²/L>=[5.1, 5.1, 5.1, 5.3], C-C-Sep=0.10, ║∇J║=3.2e-05
Iteration 1617/2000-----
currents: [100000.0, 99999.99999824127, 99999.99999844887, 99999.99999873017]
J=1.8e-05, ⟨Jf⟩=1.7e-05, ⟨B·n⟩=1.3e-03, Len=sum([4.1, 4.0, 3.8, 3.7])=15.7, ϰ=[4.4, 4.2, 4.1, 3.9], ∫ϰ²/L>=[5.1, 5.1, 5.1, 5.3], C-C-Sep=0.10, ║∇J║=3.9e-05
Iteration 1618/2000-----
currents: [100000.0, 99999.99999824101, 99999.99999844868, 99999.99999873003]
J=1.8e-05, ⟨Jf⟩=1.7e-05, ⟨B·n⟩=1.3e-03, Len=sum([4.1, 4.0, 3.8, 3.7])=15.7, ϰ=[4.4, 4.2, 4.1, 3.9], ∫ϰ²/L>=[5.1, 5.1, 5.1, 5.3], C-C-Sep=0.10, ║∇J║=3.9e-05
Iteration 1619/2000-----
currents: [100000.0, 99999.9999982391, 99999.9999984472, 99999.99999872895]
J=1.8e-05, ⟨Jf⟩=1.7e-05, ⟨B·n⟩=1.3e-03, Len=sum([4.1, 4.0, 3.8, 3.7])=15.7, ϰ=[4.4, 4.2, 4.1, 3.9], ∫ϰ²/L>=[5.1, 5.1, 5.1, 5.3], C-C-Sep=0.10, ║∇J║=5.8e-05
Iteration 1620/2000-----
currents: [100000.0, 99999.99999823648, 99999.99999844514, 99999.99999872744]
J=1.8e-05, ⟨Jf⟩=1.7e-05, ⟨B·n⟩=1.3e-03, Len=sum([4.1, 4.0, 3.8, 3.7])=15.7, ϰ=[4.4, 4.2, 4.1, 3.9], ∫ϰ²/L>=[5.1, 5.1, 5.1, 5.3], C-C-Sep=0.10, ║∇J║=5.2e-05
Iteration 1621/2000-----
currents: [100000.0, 99999.99999823252, 99999.99999844201, 99999.99999872515]
J=1.8e-05, ⟨Jf⟩=1.7e-05, ⟨B·n⟩=1.3e-03, Len=sum([4.1, 4.0, 3.8, 3.7])=15.7, ϰ=[4.4, 4.2, 4.1, 3.9], ∫ϰ²/L>=[5.1, 5.1, 5.1, 5.3], C-C-Sep=0.10, ║∇J║=5.2e-05
Iteration 1622/2000-----
currents: [100000.0, 99999.99999822585, 99999.99999843676, 99999.99999872127]
J=1.8e-05, ⟨Jf⟩=1.7e-05, ⟨B·n⟩=1.3e-03, Len=sum([4.1, 4.0, 3.8, 3.7])=15.7, ϰ=[4.4, 4.2, 4.1, 3.9], ∫ϰ²/L>=[5.1, 5.1, 5.1, 5.3], C-C-Sep=0.10, ║∇J║=6.8e-05
Iteration 1623/2000-----
currents: [100000.0, 99999.99999822237, 99999.999998434, 99999.99999871914]
J=1.8e-05, ⟨Jf⟩=1.7e-05, ⟨B·n⟩=1.3e-03, Len=sum([4.1, 4.0, 3.8, 3.7])=15.7, ϰ=[4.4, 4.2, 4.1, 3.9], ∫ϰ²/L>=[5.1, 5.1, 5.1, 5.3], C-C-Sep=0.10, ║∇J║=9.0e-05
Iteration 1624/2000-----
currents: [100000.0, 99999.99999822243, 99999.99999843402, 99999.99999871915]
J=1.8e-05, ⟨Jf⟩=1.7e-05, ⟨B·n⟩=1.3e-03, Len=sum([4.1, 4.0, 3.8, 3.7])=15.7, ϰ=[4.4, 4.2, 4.1, 3.9], ∫ϰ²/L>=[5.1, 5.1, 5.1, 5.3], C-C-Sep=0.10, ║∇J║=4.9e-05
Iteration 1625/2000-----
currents: [100000.0, 99999.99999822197, 99999.99999843362, 99999.99999871882]
J=1.8e-05, ⟨Jf⟩=1.7e-05, ⟨B·n⟩=1.3e-03, Len=sum([4.1, 4.0, 3.8, 3.7])=15.7, ϰ=[4.4, 4.2, 4.1, 3.9], ∫ϰ²/L>=[5.1, 5.1, 5.1, 5.3], C-C-Sep=0.10, ║∇J║=4.2e-05
Iteration 1626/2000-----
currents: [100000.0, 99999.99999821986, 99999.99999843191, 99999.99999871754]
J=1.8e-05, ⟨Jf⟩=1.7e-05, ⟨B·n⟩=1.3e-03, Len=sum([4.1, 4.0, 3.8, 3.7])=15.7, ϰ=[4.4, 4.2, 4.1, 3.9], ∫ϰ²/L>=[5.1, 5.1, 5.1, 5.3], C-C-Sep=0.10, ║∇J║=4.8e-05
Iteration 1627/2000-----
currents: [100000.0, 99999.99999821481, 99999.9999984278, 99999.99999871456]
J=1.8e-05, ⟨Jf⟩=1.7e-05, ⟨B·n⟩=1.3e-03, Len=sum([4.1, 4.0, 3.8, 3.7])=15.7, ϰ=[4.4, 4.2, 4.1, 3.9], ∫ϰ²/L>=[5.1, 5.1, 5.1, 5.3], C-C-Sep=0.10, ║∇J║=9.4e-05
Iteration 1628/2000-----
currents: [100000.0, 99999.99999821334, 99999.99999842663, 99999.9999987137]
J=1.8e-05, ⟨Jf⟩=1.7e-05, ⟨B·n⟩=1.3e-03, Len=sum([4.1, 4.0, 3.8, 3.7])=15.7, ϰ=[4.4, 4.2, 4.1, 3.9], ∫ϰ²/L>=[5.1, 5.1, 5.1, 5.3], C-C-Sep=0.10, ║∇J║=2.9e-05
Iteration 1629/2000-----
currents: [100000.0, 99999.99999821215, 99999.99999842567, 99999.99999871303]
J=1.8e-05, ⟨Jf⟩=1.7e-05, ⟨B·n⟩=1.3e-03, Len=sum([4.1, 4.0, 3.8, 3.7])=15.7, ϰ=[4.4, 4.2, 4.1, 3.9], ∫ϰ²/L>=[5.1, 5.1, 5.1, 5.3], C-C-Sep=0.10, ║∇J║=2.2e-05
Iteration 1630/2000-----
currents: [100000.0, 99999.99999820962, 99999.9999984236, 99999.99999871157]
J=1.8e-05, ⟨Jf⟩=1.7e-05, ⟨B·n⟩=1.3e-03, Len=sum([4.1, 4.0, 3.8, 3.7])=15.7, ϰ=[4.4, 4.3, 4.1, 3.9], ∫ϰ²/L>=[5.1, 5.1, 5.1, 5.3], C-C-Sep=0.10, ║∇J║=3.0e-05
Iteration 1631/2000-----
currents: [100000.0, 99999.99999820626, 99999.99999842086, 99999.99999870962]
J=1.8e-05, ⟨Jf⟩=1.7e-05, ⟨B·n⟩=1.3e-03, Len=sum([4.1, 4.0, 3.8, 3.7])=15.7, ϰ=[4.4, 4.3, 4.1, 3.9], ∫ϰ²/L>=[5.1, 5.1, 5.1, 5.3], C-C-Sep=0.10, ║∇J║=6.6e-05
Iteration 1632/2000-----
currents: [100000.0, 99999.99999820588, 99999.99999842052, 99999.99999870939]
J=1.8e-05, ⟨Jf⟩=1.7e-05, ⟨B·n⟩=1.3e-03, Len=sum([4.1, 4.0, 3.8, 3.7])=15.7, ϰ=[4.4, 4.3, 4.1, 3.9], ∫ϰ²/L>=[5.1, 5.1, 5.1, 5.3], C-C-Sep=0.10, ║∇J║=2.5e-05
Iteration 1633/2000-----
currents: [100000.0, 99999.99999820568, 99999.99999842033, 99999.99999870925]
J=1.8e-05, ⟨Jf⟩=1.7e-05, ⟨B·n⟩=1.3e-03, Len=sum([4.1, 4.0, 3.8, 3.7])=15.7, ϰ=[4.4, 4.3, 4.1, 3.9], ∫ϰ²/L>=[5.1, 5.1, 5.1, 5.3], C-C-Sep=0.10, ║∇J║=1.8e-05
Iteration 1634/2000-----
currents: [100000.0, 99999.99999820474, 99999.99999841955, 99999.99999870866]
J=1.8e-05, ⟨Jf⟩=1.7e-05, ⟨B·n⟩=1.3e-03, Len=sum([4.1, 4.0, 3.8, 3.7])=15.7, ϰ=[4.4, 4.3, 4.1, 3.9], ∫ϰ²/L>=[5.1, 5.1, 5.1, 5.3], C-C-Sep=0.10, ║∇J║=2.3e-05
Iteration 1635/2000-----
currents: [100000.0, 99999.99999820339, 99999.99999841843, 99999.99999870783]
J=1.8e-05, ⟨Jf⟩=1.7e-05, ⟨B·n⟩=1.3e-03, Len=sum([4.1, 4.0, 3.8, 3.7])=15.7, ϰ=[4.4, 4.3, 4.1, 3.9], ∫ϰ²/L>=[5.1, 5.1, 5.1, 5.3], C-C-Sep=0.10, ║∇J║=2.8e-05
Iteration 1636/2000-----
currents: [100000.0, 99999.99999820012, 99999.99999841573, 99999.99999870587]
J=1.8e-05, ⟨Jf⟩=1.7e-05, ⟨B·n⟩=1.3e-03, Len=sum([4.1, 4.0, 3.8, 3.7])=15.7, ϰ=[4.4, 4.3, 4.1, 3.9], ∫ϰ²/L>=[5.1, 5.1, 5.1, 5.3], C-C-Sep=0.10, ║∇J║=5.1e-05
Iteration 1637/2000-----
currents: [100000.0, 99999.99999819972, 99999.99999841543, 99999.99999870565]
J=1.8e-05, ⟨Jf⟩=1.7e-05, ⟨B·n⟩=1.3e-03, Len=sum([4.1, 4.0, 3.8, 3.7])=15.7, ϰ=[4.4, 4.3, 4.1, 3.9], ∫ϰ²/L>=[5.1, 5.1, 5.1, 5.3], C-C-Sep=0.10, ║∇J║=2.4e-05
Iteration 1638/2000-----
currents: [100000.0, 99999.99999819967, 99999.9999984154, 99999.99999870564]
J=1.8e-05, ⟨Jf⟩=1.7e-05, ⟨B·n⟩=1.3e-03, Len=sum([4.1, 4.0, 3.8, 3.7])=15.7, ϰ=[4.4, 4.3, 4.1, 3.9], ∫ϰ²/L>=[5.1, 5.1, 5.1, 5.3], C-C-Sep=0.10, ║∇J║=2.7e-05
Iteration 1639/2000-----
currents: [100000.0, 99999.9999981985, 99999.99999841447, 99999.99999870497]
J=1.8e-05, ⟨Jf⟩=1.7e-05, ⟨B·n⟩=1.3e-03, Len=sum([4.1, 4.0, 3.8, 3.7])=15.7, ϰ=[4.4, 4.3, 4.1, 3.9], ∫ϰ²/L>=[5.1, 5.1, 5.1, 5.3], C-C-Sep=0.10, ║∇J║=3.5e-05
Iteration 1640/2000-----
currents: [100000.0, 99999.9999981967, 99999.99999841298, 99999.99999870389]
J=1.8e-05, ⟨Jf⟩=1.7e-05, ⟨B·n⟩=1.3e-03, Len=sum([4.1, 4.0, 3.8, 3.7])=15.7, ϰ=[4.4, 4.3, 4.1, 3.9], ∫ϰ²/L>=[5.1, 5.1, 5.1, 5.3], C-C-Sep=0.10, ║∇J║=3.9e-05
Iteration 1641/2000-----
currents: [100000.0, 99999.99999819149, 99999.99999840872, 99999.99999870085]
J=1.8e-05, ⟨Jf⟩=1.7e-05, ⟨B·n⟩=1.3e-03, Len=sum([4.1, 4.0, 3.8, 3.7])=15.7, ϰ=[4.4, 4.3, 4.1, 3.9], ∫ϰ²/L>=[5.1, 5.1, 5.1, 5.3], C-C-Sep=0.10, ║∇J║=1.0e-04
Iteration 1642/2000-----
currents: [100000.0, 99999.99999819105, 99999.99999840833, 99999.99999870056]
J=1.8e-05, ⟨Jf⟩=1.7e-05, ⟨B·n⟩=1.3e-03, Len=sum([4.1, 4.0, 3.8, 3.7])=15.7, ϰ=[4.4, 4.3, 4.1, 3.9], ∫ϰ²/L>=[5.1, 5.1, 5.1, 5.3], C-C-Sep=0.10, ║∇J║=4.8e-05
Iteration 1643/2000-----
currents: [100000.0, 99999.99999819131, 99999.99999840853, 99999.9999987007]
J=1.8e-05, ⟨Jf⟩=1.7e-05, ⟨B·n⟩=1.3e-03, Len=sum([4.1, 4.0, 3.8, 3.7])=15.7, ϰ=[4.4, 4.3, 4.1, 3.9], ∫ϰ²/L>=[5.1, 5.1, 5.1, 5.3], C-C-Sep=0.10, ║∇J║=3.8e-05
Iteration 1644/2000-----
currents: [100000.0, 99999.9999981883, 99999.99999840609, 99999.99999869899]
J=1.8e-05, ⟨Jf⟩=1.7e-05, ⟨B·n⟩=1.3e-03, Len=sum([4.1, 4.0, 3.8, 3.7])=15.7, ϰ=[4.4, 4.3, 4.1, 3.9], ∫ϰ²/L>=[5.1, 5.1, 5.1, 5.3], C-C-Sep=0.10, ║∇J║=6.2e-05
Iteration 1645/2000-----
currents: [100000.0, 99999.99999818353, 99999.99999840227, 99999.99999869628]
J=1.8e-05, ⟨Jf⟩=1.7e-05, ⟨B·n⟩=1.3e-03, Len=sum([4.1, 4.0, 3.8, 3.7])=15.7, ϰ=[4.4, 4.3, 4.1, 3.9], ∫ϰ²/L>=[5.1, 5.1, 5.1, 5.3], C-C-Sep=0.10, ║∇J║=8.3e-05
Iteration 1646/2000-----
currents: [100000.0, 99999.99999818063, 99999.99999839997, 99999.99999869465]
J=1.8e-05, ⟨Jf⟩=1.7e-05, ⟨B·n⟩=1.3e-03, Len=sum([4.1, 4.0, 3.8, 3.7])=15.7, ϰ=[4.4, 4.3, 4.1, 3.9], ∫ϰ²/L>=[5.1, 5.1, 5.1, 5.3], C-C-Sep=0.10, ║∇J║=6.2e-05
Iteration 1647/2000-----
currents: [100000.0, 99999.99999817087, 99999.99999839223, 99999.99999868915]
J=1.8e-05, ⟨Jf⟩=1.7e-05, ⟨B·n⟩=1.3e-03, Len=sum([4.1, 4.0, 3.8, 3.7])=15.7, ϰ=[4.4, 4.3, 4.1, 3.9], ∫ϰ²/L>=[5.1, 5.1, 5.1, 5.3], C-C-Sep=0.10, ║∇J║=5.9e-05
Iteration 1648/2000-----
currents: [100000.0, 99999.99999817087, 99999.99999839233, 99999.99999868916]
J=1.8e-05, ⟨Jf⟩=1.7e-05, ⟨B·n⟩=1.3e-03, Len=sum([4.1, 4.0, 3.8, 3.7])=15.7, ϰ=[4.4, 4.3, 4.1, 3.9], ∫ϰ²/L>=[5.1, 5.1, 5.1, 5.3], C-C-Sep=0.10, ║∇J║=7.5e-05
Iteration 1649/2000-----
currents: [100000.0, 99999.99999816887, 99999.99999839075, 99999.99999868798]
J=1.8e-05, ⟨Jf⟩=1.7e-05, ⟨B·n⟩=1.3e-03, Len=sum([4.1, 4.0, 3.8, 3.7])=15.7, ϰ=[4.4, 4.3, 4.1, 3.9], ∫ϰ²/L>=[5.1, 5.1, 5.1, 5.3], C-C-Sep=0.10, ║∇J║=5.1e-05
Iteration 1650/2000-----
currents: [100000.0, 99999.99999816566, 99999.99999838816, 99999.99999868605]
J=1.8e-05, ⟨Jf⟩=1.7e-05, ⟨B·n⟩=1.3e-03, Len=sum([4.1, 4.0, 3.8, 3.7])=15.7, ϰ=[4.4, 4.3, 4.1, 3.9], ∫ϰ²/L>=[5.1, 5.1, 5.1, 5.3], C-C-Sep=0.10, ║∇J║=6.3e-05
Iteration 1651/2000-----
currents: [100000.0, 99999.99999816796, 99999.99999839003, 99999.99999868732]
J=1.8e-05, ⟨Jf⟩=1.7e-05, ⟨B·n⟩=1.3e-03, Len=sum([4.1, 4.0, 3.8, 3.7])=15.7, ϰ=[4.4, 4.3, 4.1, 3.9], ∫ϰ²/L>=[5.1, 5.1, 5.1, 5.3], C-C-Sep=0.10, ║∇J║=7.2e-05
Iteration 1652/2000-----
currents: [100000.0, 99999.99999816765, 99999.99999838979, 99999.99999868714]
J=1.8e-05, ⟨Jf⟩=1.7e-05, ⟨B·n⟩=1.3e-03, Len=sum([4.1, 4.0, 3.8, 3.7])=15.7, ϰ=[4.4, 4.3, 4.1, 3.9], ∫ϰ²/L>=[5.1, 5.1, 5.1, 5.3], C-C-Sep=0.10, ║∇J║=3.1e-05
Iteration 1653/2000-----
currents: [100000.0, 99999.99999816796, 99999.99999839005, 99999.99999868733]
J=1.8e-05, ⟨Jf⟩=1.7e-05, ⟨B·n⟩=1.3e-03, Len=sum([4.1, 4.0, 3.8, 3.7])=15.7, ϰ=[4.4, 4.3, 4.1, 3.9], ∫ϰ²/L>=[5.1, 5.1, 5.1, 5.3], C-C-Sep=0.10, ║∇J║=2.4e-05
Iteration 1654/2000-----
currents: [100000.0, 99999.9999981678, 99999.99999838996, 99999.99999868723]
J=1.8e-05, ⟨Jf⟩=1.7e-05, ⟨B·n⟩=1.3e-03, Len=sum([4.1, 4.0, 3.8, 3.7])=15.7, ϰ=[4.4, 4.3, 4.1, 3.9], ∫ϰ²/L>=[5.1, 5.1, 5.1, 5.3], C-C-Sep=0.10, ║∇J║=3.5e-05
Iteration 1655/2000-----
currents: [100000.0, 99999.99999816946, 99999.99999839136, 99999.99999868819]
J=1.8e-05, ⟨Jf⟩=1.7e-05, ⟨B·n⟩=1.3e-03, Len=sum([4.1, 4.0, 3.8, 3.7])=15.7, ϰ=[4.4, 4.3, 4.1, 3.9], ∫ϰ²/L>=[5.1, 5.1, 5.1, 5.3], C-C-Sep=0.10, ║∇J║=3.3e-05
Iteration 1656/2000-----
currents: [100000.0, 99999.99999816592, 99999.99999838858, 99999.99999868615]
J=1.8e-05, ⟨Jf⟩=1.7e-05, ⟨B·n⟩=1.3e-03, Len=sum([4.1, 4.0, 3.8, 3.7])=15.7, ϰ=[4.4, 4.3, 4.1, 3.9], ∫ϰ²/L>=[5.1, 5.1, 5.1, 5.3], C-C-Sep=0.10, ║∇J║=6.1e-05
Iteration 1657/2000-----
currents: [100000.0, 99999.99999816778, 99999.99999839008, 99999.99999868721]
J=1.8e-05, ⟨Jf⟩=1.7e-05, ⟨B·n⟩=1.3e-03, Len=sum([4.1, 4.0, 3.8, 3.7])=15.7, ϰ=[4.4, 4.3, 4.1, 3.9], ∫ϰ²/L>=[5.1, 5.1, 5.1, 5.3], C-C-Sep=0.10, ║∇J║=2.1e-05
Iteration 1658/2000-----
currents: [100000.0, 99999.99999816832, 99999.9999983905, 99999.99999868752]
J=1.8e-05, ⟨Jf⟩=1.7e-05, ⟨B·n⟩=1.3e-03, Len=sum([4.1, 4.0, 3.8, 3.7])=15.7, ϰ=[4.4, 4.3, 4.1, 3.9], ∫ϰ²/L>=[5.1, 5.1, 5.1, 5.3], C-C-Sep=0.10, ║∇J║=1.8e-05
Iteration 1659/2000-----
currents: [100000.0, 99999.99999816713, 99999.99999838954, 99999.99999868684]
J=1.8e-05, ⟨Jf⟩=1.7e-05, ⟨B·n⟩=1.3e-03, Len=sum([4.1, 4.0, 3.8, 3.7])=15.7, ϰ=[4.4, 4.3, 4.1, 3.9], ∫ϰ²/L>=[5.1, 5.1, 5.1, 5.3], C-C-Sep=0.10, ║∇J║=3.1e-05
Iteration 1660/2000-----
currents: [100000.0, 99999.99999816582, 99999.99999838848, 99999.99999868608]
J=1.8e-05, ⟨Jf⟩=1.7e-05, ⟨B·n⟩=1.3e-03, Len=sum([4.1, 4.0, 3.8, 3.7])=15.7, ϰ=[4.4, 4.3, 4.1, 3.9], ∫ϰ²/L>=[5.1, 5.1, 5.1, 5.3], C-C-Sep=0.10, ║∇J║=3.8e-05
Iteration 1661/2000-----
currents: [100000.0, 99999.99999816445, 99999.99999838737, 99999.99999868529]
J=1.8e-05, ⟨Jf⟩=1.7e-05, ⟨B·n⟩=1.3e-03, Len=sum([4.1, 4.0, 3.8, 3.7])=15.7, ϰ=[4.4, 4.3, 4.1, 3.9], ∫ϰ²/L>=[5.1, 5.1, 5.1, 5.3], C-C-Sep=0.10, ║∇J║=3.0e-05
Iteration 1662/2000-----
currents: [100000.0, 99999.9999981609, 99999.99999838452, 99999.99999868327]
J=1.8e-05, ⟨Jf⟩=1.7e-05, ⟨B·n⟩=1.3e-03, Len=sum([4.1, 4.0, 3.8, 3.7])=15.7, ϰ=[4.4, 4.3, 4.1, 3.9], ∫ϰ²/L>=[5.1, 5.1, 5.1, 5.3], C-C-Sep=0.10, ║∇J║=4.2e-05
Iteration 1663/2000-----
currents: [100000.0, 99999.99999815958, 99999.99999838343, 99999.99999868248]
J=1.8e-05, ⟨Jf⟩=1.7e-05, ⟨B·n⟩=1.3e-03, Len=sum([4.1, 4.0, 3.8, 3.7])=15.7, ϰ=[4.4, 4.3, 4.1, 3.9], ∫ϰ²/L>=[5.1, 5.1, 5.1, 5.3], C-C-Sep=0.10, ║∇J║=5.2e-05
Iteration 1664/2000-----
currents: [100000.0, 99999.99999816007, 99999.99999838382, 99999.99999868275]
J=1.8e-05, ⟨Jf⟩=1.7e-05, ⟨B·n⟩=1.3e-03, Len=sum([4.1, 4.0, 3.8, 3.7])=15.7, ϰ=[4.4, 4.3, 4.1, 3.9], ∫ϰ²/L>=[5.1, 5.1, 5.1, 5.3], C-C-Sep=0.10, ║∇J║=4.2e-05
Iteration 1665/2000-----
currents: [100000.0, 99999.9999981595, 99999.99999838338, 99999.99999868235]
J=1.8e-05, ⟨Jf⟩=1.7e-05, ⟨B·n⟩=1.3e-03, Len=sum([4.1, 4.0, 3.8, 3.7])=15.7, ϰ=[4.4, 4.3, 4.1, 3.9], ∫ϰ²/L>=[5.1, 5.1, 5.1, 5.3], C-C-Sep=0.10, ║∇J║=4.5e-05
Iteration 1666/2000-----
currents: [100000.0, 99999.99999815515, 99999.99999837988, 99999.99999867975]
J=1.8e-05, ⟨Jf⟩=1.7e-05, ⟨B·n⟩=1.3e-03, Len=sum([4.1, 4.0, 3.8, 3.7])=15.7, ϰ=[4.4, 4.3, 4.1, 3.9], ∫ϰ²/L>=[5.1, 5.1, 5.1, 5.3], C-C-Sep=0.10, ║∇J║=9.6e-05
Iteration 1667/2000-----
currents: [100000.0, 99999.99999815517, 99999.99999837989, 99999.99999867972]
J=1.8e-05, ⟨Jf⟩=1.7e-05, ⟨B·n⟩=1.3e-03, Len=sum([4.1, 4.0, 3.8, 3.7])=15.7, ϰ=[4.4, 4.3, 4.1, 3.9], ∫ϰ²/L>=[5.1, 5.1, 5.1, 5.3], C-C-Sep=0.10, ║∇J║=5.3e-05
Iteration 1668/2000-----
currents: [100000.0, 99999.9999981518, 99999.99999837721, 99999.99999867771]
J=1.8e-05, ⟨Jf⟩=1.7e-05, ⟨B·n⟩=1.3e-03, Len=sum([4.1, 4.0, 3.8, 3.7])=15.7, ϰ=[4.4, 4.3, 4.1, 3.9], ∫ϰ²/L>=[5.1, 5.1, 5.1, 5.3], C-C-Sep=0.10, ║∇J║=4.4e-05
Iteration 1669/2000-----
currents: [100000.0, 99999.99999814823, 99999.99999837436, 99999.99999867556]
J=1.8e-05, ⟨Jf⟩=1.7e-05, ⟨B·n⟩=1.3e-03, Len=sum([4.1, 4.0, 3.8, 3.7])=15.7, ϰ=[4.4, 4.3, 4.1, 3.9], ∫ϰ²/L>=[5.1, 5.1, 5.1, 5.3], C-C-Sep=0.10, ║∇J║=5.9e-05
Iteration 1670/2000-----
currents: [100000.0, 99999.99999814182, 99999.99999836925, 99999.99999867176]
J=1.8e-05, ⟨Jf⟩=1.7e-05, ⟨B·n⟩=1.3e-03, Len=sum([4.1, 4.0, 3.8, 3.7])=15.7, ϰ=[4.4, 4.3, 4.1, 3.9], ∫ϰ²/L>=[5.1, 5.1, 5.1, 5.3], C-C-Sep=0.10, ║∇J║=7.2e-05
Iteration 1671/2000-----
currents: [100000.0, 99999.99999813322, 99999.99999836236, 99999.9999986667]
J=1.8e-05, ⟨Jf⟩=1.7e-05, ⟨B·n⟩=1.3e-03, Len=sum([4.1, 4.0, 3.8, 3.7])=15.7, ϰ=[4.4, 4.3, 4.1, 3.9], ∫ϰ²/L>=[5.1, 5.1, 5.1, 5.3], C-C-Sep=0.10, ║∇J║=1.5e-04
Iteration 1672/2000-----
currents: [100000.0, 99999.99999813417, 99999.99999836313, 99999.99999866728]
J=1.8e-05, ⟨Jf⟩=1.7e-05, ⟨B·n⟩=1.3e-03, Len=sum([4.1, 4.0, 3.8, 3.7])=15.7, ϰ=[4.4, 4.3, 4.1, 3.9], ∫ϰ²/L>=[5.1, 5.1, 5.1, 5.3], C-C-Sep=0.10, ║∇J║=4.9e-05
Iteration 1673/2000-----
currents: [100000.0, 99999.99999813447, 99999.99999836333, 99999.99999866751]
J=1.8e-05, ⟨Jf⟩=1.7e-05, ⟨B·n⟩=1.3e-03, Len=sum([4.1, 4.0, 3.8, 3.7])=15.7, ϰ=[4.4, 4.3, 4.1, 3.9], ∫ϰ²/L>=[5.1, 5.1, 5.1, 5.3], C-C-Sep=0.10, ║∇J║=3.4e-05
Iteration 1674/2000-----
currents: [100000.0, 99999.99999813548, 99999.99999836409, 99999.99999866815]
J=1.8e-05, ⟨Jf⟩=1.7e-05, ⟨B·n⟩=1.3e-03, Len=sum([4.1, 4.0, 3.8, 3.7])=15.7, ϰ=[4.4, 4.3, 4.1, 3.9], ∫ϰ²/L>=[5.1, 5.1, 5.1, 5.3], C-C-Sep=0.10, ║∇J║=4.6e-05
Iteration 1675/2000-----
currents: [100000.0, 99999.99999813175, 99999.99999836108, 99999.999998666]
J=1.8e-05, ⟨Jf⟩=1.7e-05, ⟨B·n⟩=1.3e-03, Len=sum([4.1, 4.0, 3.8, 3.7])=15.7, ϰ=[4.4, 4.3, 4.1, 3.9], ∫ϰ²/L>=[5.1, 5.1, 5.1, 5.3], C-C-Sep=0.10, ║∇J║=6.9e-05
Iteration 1676/2000-----
currents: [100000.0, 99999.99999813025, 99999.99999835985, 99999.99999866512]
J=1.8e-05, ⟨Jf⟩=1.7e-05, ⟨B·n⟩=1.3e-03, Len=sum([4.1, 4.0, 3.8, 3.7])=15.7, ϰ=[4.4, 4.3, 4.1, 3.9], ∫ϰ²/L>=[5.1, 5.1, 5.1, 5.3], C-C-Sep=0.10, ║∇J║=3.9e-05
Iteration 1677/2000-----
currents: [100000.0, 99999.9999981283, 99999.9999983583, 99999.99999866395]
J=1.8e-05, ⟨Jf⟩=1.7e-05, ⟨B·n⟩=1.3e-03, Len=sum([4.1, 4.0, 3.8, 3.7])=15.7, ϰ=[4.4, 4.3, 4.1, 3.9], ∫ϰ²/L>=[5.1, 5.1, 5.1, 5.3], C-C-Sep=0.10, ║∇J║=2.7e-05
Iteration 1678/2000-----
currents: [100000.0, 99999.99999812574, 99999.99999835624, 99999.99999866243]
J=1.8e-05, ⟨Jf⟩=1.7e-05, ⟨B·n⟩=1.3e-03, Len=sum([4.1, 4.0, 3.8, 3.7])=15.7, ϰ=[4.4, 4.3, 4.1, 3.9], ∫ϰ²/L>=[5.1, 5.1, 5.1, 5.3], C-C-Sep=0.10, ║∇J║=2.7e-05
Iteration 1679/2000-----
currents: [100000.0, 99999.99999812232, 99999.9999983535, 99999.99999866041]
J=1.8e-05, ⟨Jf⟩=1.7e-05, ⟨B·n⟩=1.3e-03, Len=sum([4.1, 4.0, 3.8, 3.7])=15.7, ϰ=[4.4, 4.3, 4.1, 3.9], ∫ϰ²/L>=[5.1, 5.1, 5.1, 5.3], C-C-Sep=0.10, ║∇J║=5.9e-05
Iteration 1680/2000-----
currents: [100000.0, 99999.99999812199, 99999.99999835322, 99999.9999986602]
J=1.8e-05, ⟨Jf⟩=1.7e-05, ⟨B·n⟩=1.3e-03, Len=sum([4.1, 4.0, 3.8, 3.7])=15.7, ϰ=[4.4, 4.3, 4.1, 3.9], ∫ϰ²/L>=[5.1, 5.1, 5.1, 5.3], C-C-Sep=0.10, ║∇J║=2.4e-05
Iteration 1681/2000-----
currents: [100000.0, 99999.99999812123, 99999.99999835259, 99999.99999865977]
J=1.8e-05, ⟨Jf⟩=1.7e-05, ⟨B·n⟩=1.3e-03, Len=sum([4.1, 4.0, 3.8, 3.7])=15.7, ϰ=[4.4, 4.3, 4.1, 3.9], ∫ϰ²/L>=[5.1, 5.1, 5.1, 5.3], C-C-Sep=0.10, ║∇J║=2.1e-05
Iteration 1682/2000-----
currents: [100000.0, 99999.99999812117, 99999.99999835252, 99999.99999865972]
J=1.8e-05, ⟨Jf⟩=1.7e-05, ⟨B·n⟩=1.3e-03, Len=sum([4.1, 4.0, 3.8, 3.7])=15.7, ϰ=[4.4, 4.3, 4.1, 3.9], ∫ϰ²/L>=[5.1, 5.1, 5.1, 5.3], C-C-Sep=0.10, ║∇J║=2.5e-05
Iteration 1683/2000-----
currents: [100000.0, 99999.99999811868, 99999.99999835048, 99999.99999865824]
J=1.8e-05, ⟨Jf⟩=1.7e-05, ⟨B·n⟩=1.3e-03, Len=sum([4.1, 4.0, 3.8, 3.7])=15.7, ϰ=[4.4, 4.3, 4.1, 3.9], ∫ϰ²/L>=[5.1, 5.1, 5.1, 5.3], C-C-Sep=0.10, ║∇J║=3.1e-05
Iteration 1684/2000-----
currents: [100000.0, 99999.99999811612, 99999.9999983484, 99999.99999865671]
J=1.8e-05, ⟨Jf⟩=1.7e-05, ⟨B·n⟩=1.3e-03, Len=sum([4.1, 4.0, 3.8, 3.7])=15.7, ϰ=[4.4, 4.3, 4.1, 3.9], ∫ϰ²/L>=[5.1, 5.1, 5.1, 5.3], C-C-Sep=0.10, ║∇J║=4.0e-05
Iteration 1685/2000-----
currents: [100000.0, 99999.99999811625, 99999.99999834849, 99999.99999865673]
J=1.8e-05, ⟨Jf⟩=1.7e-05, ⟨B·n⟩=1.3e-03, Len=sum([4.1, 4.0, 3.8, 3.7])=15.7, ϰ=[4.4, 4.3, 4.1, 3.9], ∫ϰ²/L>=[5.1, 5.1, 5.1, 5.3], C-C-Sep=0.10, ║∇J║=3.4e-05
Iteration 1686/2000-----
currents: [100000.0, 99999.99999811518, 99999.99999834763, 99999.99999865606]
J=1.8e-05, ⟨Jf⟩=1.7e-05, ⟨B·n⟩=1.3e-03, Len=sum([4.1, 4.0, 3.8, 3.7])=15.7, ϰ=[4.4, 4.3, 4.1, 3.9], ∫ϰ²/L>=[5.1, 5.1, 5.1, 5.3], C-C-Sep=0.10, ║∇J║=3.0e-05
Iteration 1687/2000-----
currents: [100000.0, 99999.99999811436, 99999.99999834702, 99999.99999865556]
J=1.8e-05, ⟨Jf⟩=1.7e-05, ⟨B·n⟩=1.3e-03, Len=sum([4.1, 4.0, 3.8, 3.7])=15.7, ϰ=[4.4, 4.3, 4.1, 3.9], ∫ϰ²/L>=[5.1, 5.1, 5.1, 5.3], C-C-Sep=0.10, ║∇J║=3.7e-05
Iteration 1688/2000-----
currents: [100000.0, 99999.99999811467, 99999.99999834728, 99999.9999986557]
J=1.8e-05, ⟨Jf⟩=1.7e-05, ⟨B·n⟩=1.3e-03, Len=sum([4.1, 4.0, 3.8, 3.7])=15.7, ϰ=[4.4, 4.3, 4.1, 3.9], ∫ϰ²/L>=[5.1, 5.1, 5.1, 5.3], C-C-Sep=0.10, ║∇J║=6.1e-05
Iteration 1689/2000-----
currents: [100000.0, 99999.99999811313, 99999.99999834603, 99999.9999986548]
J=1.8e-05, ⟨Jf⟩=1.7e-05, ⟨B·n⟩=1.3e-03, Len=sum([4.1, 4.0, 3.8, 3.7])=15.7, ϰ=[4.4, 4.3, 4.1, 3.9], ∫ϰ²/L>=[5.1, 5.1, 5.1, 5.3], C-C-Sep=0.10, ║∇J║=4.1e-05
Iteration 1690/2000-----
currents: [100000.0, 99999.99999811061, 99999.999998344, 99999.9999986534]
J=1.8e-05, ⟨Jf⟩=1.7e-05, ⟨B·n⟩=1.3e-03, Len=sum([4.1, 4.0, 3.8, 3.7])=15.7, ϰ=[4.4, 4.3, 4.1, 3.9], ∫ϰ²/L>=[5.1, 5.1, 5.1, 5.3], C-C-Sep=0.10, ║∇J║=4.5e-05
Iteration 1691/2000-----
currents: [100000.0, 99999.99999810792, 99999.99999834185, 99999.99999865187]
J=1.8e-05, ⟨Jf⟩=1.7e-05, ⟨B·n⟩=1.3e-03, Len=sum([4.1, 4.0, 3.8, 3.7])=15.7, ϰ=[4.4, 4.3, 4.1, 3.9], ∫ϰ²/L>=[5.1, 5.1, 5.1, 5.3], C-C-Sep=0.10, ║∇J║=6.0e-05
Iteration 1692/2000-----
currents: [100000.0, 99999.99999810211, 99999.99999833723, 99999.99999864858]
J=1.8e-05, ⟨Jf⟩=1.7e-05, ⟨B·n⟩=1.3e-03, Len=sum([4.1, 4.0, 3.8, 3.7])=15.7, ϰ=[4.4, 4.3, 4.1, 3.9], ∫ϰ²/L>=[5.1, 5.1, 5.1, 5.3], C-C-Sep=0.10, ║∇J║=1.3e-04
Iteration 1693/2000-----
currents: [100000.0, 99999.99999810065, 99999.99999833613, 99999.99999864776]
J=1.8e-05, ⟨Jf⟩=1.7e-05, ⟨B·n⟩=1.3e-03, Len=sum([4.1, 4.0, 3.8, 3.7])=15.7, ϰ=[4.4, 4.3, 4.1, 3.9], ∫ϰ²/L>=[5.1, 5.1, 5.1, 5.3], C-C-Sep=0.10, ║∇J║=5.3e-05
Iteration 1694/2000-----
currents: [100000.0, 99999.99999809996, 99999.99999833562, 99999.99999864734]
J=1.8e-05, ⟨Jf⟩=1.7e-05, ⟨B·n⟩=1.3e-03, Len=sum([4.1, 4.0, 3.8, 3.7])=15.7, ϰ=[4.4, 4.3, 4.1, 3.9], ∫ϰ²/L>=[5.1, 5.1, 5.1, 5.3], C-C-Sep=0.10, ║∇J║=4.8e-05
Iteration 1695/2000-----
currents: [100000.0, 99999.99999809677, 99999.99999833317, 99999.99999864551]
J=1.8e-05, ⟨Jf⟩=1.7e-05, ⟨B·n⟩=1.3e-03, Len=sum([4.1, 4.0, 3.8, 3.7])=15.7, ϰ=[4.4, 4.3, 4.1, 3.9], ∫ϰ²/L>=[5.1, 5.1, 5.1, 5.3], C-C-Sep=0.10, ║∇J║=6.0e-05
Iteration 1696/2000-----
currents: [100000.0, 99999.99999809316, 99999.99999833036, 99999.99999864344]
J=1.8e-05, ⟨Jf⟩=1.7e-05, ⟨B·n⟩=1.3e-03, Len=sum([4.1, 4.0, 3.8, 3.7])=15.7, ϰ=[4.4, 4.3, 4.1, 3.9], ∫ϰ²/L>=[5.1, 5.1, 5.1, 5.3], C-C-Sep=0.10, ║∇J║=8.3e-05
Iteration 1697/2000-----
currents: [100000.0, 99999.9999980891, 99999.99999832717, 99999.99999864113]
J=1.8e-05, ⟨Jf⟩=1.7e-05, ⟨B·n⟩=1.3e-03, Len=sum([4.1, 4.0, 3.8, 3.7])=15.7, ϰ=[4.4, 4.3, 4.1, 3.9], ∫ϰ²/L>=[5.1, 5.1, 5.1, 5.3], C-C-Sep=0.10, ║∇J║=5.4e-05
Iteration 1698/2000-----
currents: [100000.0, 99999.99999808708, 99999.99999832555, 99999.99999863998]
J=1.8e-05, ⟨Jf⟩=1.7e-05, ⟨B·n⟩=1.3e-03, Len=sum([4.1, 4.0, 3.8, 3.7])=15.7, ϰ=[4.4, 4.3, 4.1, 3.9], ∫ϰ²/L>=[5.1, 5.1, 5.1, 5.3], C-C-Sep=0.10, ║∇J║=3.7e-05
Iteration 1699/2000-----
currents: [100000.0, 99999.99999808705, 99999.99999832553, 99999.99999863995]
J=1.8e-05, ⟨Jf⟩=1.7e-05, ⟨B·n⟩=1.3e-03, Len=sum([4.1, 4.0, 3.8, 3.7])=15.7, ϰ=[4.4, 4.3, 4.1, 3.9], ∫ϰ²/L>=[5.1, 5.1, 5.1, 5.3], C-C-Sep=0.10, ║∇J║=4.5e-05
Iteration 1700/2000-----
currents: [100000.0, 99999.99999808543, 99999.99999832425, 99999.99999863899]
J=1.8e-05, ⟨Jf⟩=1.7e-05, ⟨B·n⟩=1.3e-03, Len=sum([4.1, 4.0, 3.8, 3.7])=15.7, ϰ=[4.4, 4.3, 4.1, 3.9], ∫ϰ²/L>=[5.1, 5.1, 5.1, 5.3], C-C-Sep=0.10, ║∇J║=4.3e-05
Iteration 1701/2000-----
currents: [100000.0, 99999.99999808258, 99999.99999832197, 99999.99999863729]
J=1.8e-05, ⟨Jf⟩=1.7e-05, ⟨B·n⟩=1.3e-03, Len=sum([4.1, 4.0, 3.8, 3.7])=15.7, ϰ=[4.4, 4.3, 4.1, 3.9], ∫ϰ²/L>=[5.1, 5.1, 5.1, 5.3], C-C-Sep=0.10, ║∇J║=3.2e-05
Iteration 1702/2000-----
currents: [100000.0, 99999.99999808299, 99999.99999832235, 99999.99999863745]
J=1.8e-05, ⟨Jf⟩=1.7e-05, ⟨B·n⟩=1.3e-03, Len=sum([4.1, 4.0, 3.8, 3.7])=15.7, ϰ=[4.4, 4.3, 4.1, 3.9], ∫ϰ²/L>=[5.1, 5.1, 5.1, 5.3], C-C-Sep=0.10, ║∇J║=5.1e-05
Iteration 1703/2000-----
currents: [100000.0, 99999.99999808316, 99999.99999832247, 99999.99999863753]
J=1.8e-05, ⟨Jf⟩=1.7e-05, ⟨B·n⟩=1.3e-03, Len=sum([4.1, 4.0, 3.8, 3.7])=15.7, ϰ=[4.4, 4.3, 4.1, 3.9], ∫ϰ²/L>=[5.1, 5.1, 5.1, 5.3], C-C-Sep=0.10, ║∇J║=2.4e-05
Iteration 1704/2000-----
currents: [100000.0, 99999.99999808182, 99999.99999832138, 99999.99999863675]
J=1.8e-05, ⟨Jf⟩=1.7e-05, ⟨B·n⟩=1.3e-03, Len=sum([4.1, 4.0, 3.8, 3.7])=15.7, ϰ=[4.4, 4.3, 4.1, 3.9], ∫ϰ²/L>=[5.1, 5.1, 5.1, 5.3], C-C-Sep=0.10, ║∇J║=2.5e-05
Iteration 1705/2000-----
currents: [100000.0, 99999.9999980819, 99999.99999832142, 99999.99999863678]
J=1.8e-05, ⟨Jf⟩=1.7e-05, ⟨B·n⟩=1.3e-03, Len=sum([4.1, 4.0, 3.8, 3.7])=15.7, ϰ=[4.4, 4.3, 4.1, 3.9], ∫ϰ²/L>=[5.1, 5.1, 5.1, 5.3], C-C-Sep=0.10, ║∇J║=2.9e-05
Iteration 1706/2000-----
currents: [100000.0, 99999.99999807971, 99999.99999831965, 99999.99999863551]
J=1.8e-05, ⟨Jf⟩=1.7e-05, ⟨B·n⟩=1.3e-03, Len=sum([4.1, 4.0, 3.8, 3.7])=15.7, ϰ=[4.4, 4.3, 4.1, 3.9], ∫ϰ²/L>=[5.1, 5.1, 5.1, 5.3], C-C-Sep=0.10, ║∇J║=4.8e-05
Iteration 1707/2000-----
currents: [100000.0, 99999.99999807857, 99999.99999831874, 99999.99999863483]
J=1.8e-05, ⟨Jf⟩=1.7e-05, ⟨B·n⟩=1.3e-03, Len=sum([4.1, 4.0, 3.8, 3.7])=15.7, ϰ=[4.4, 4.3, 4.1, 3.9], ∫ϰ²/L>=[5.1, 5.1, 5.1, 5.3], C-C-Sep=0.10, ║∇J║=2.5e-05
Iteration 1708/2000-----
currents: [100000.0, 99999.99999807843, 99999.99999831867, 99999.99999863474]
J=1.8e-05, ⟨Jf⟩=1.7e-05, ⟨B·n⟩=1.3e-03, Len=sum([4.1, 4.0, 3.8, 3.7])=15.7, ϰ=[4.4, 4.3, 4.1, 3.9], ∫ϰ²/L>=[5.1, 5.1, 5.1, 5.3], C-C-Sep=0.10, ║∇J║=2.5e-05
Iteration 1709/2000-----
currents: [100000.0, 99999.99999807676, 99999.99999831738, 99999.99999863376]
J=1.8e-05, ⟨Jf⟩=1.7e-05, ⟨B·n⟩=1.3e-03, Len=sum([4.1, 4.0, 3.8, 3.7])=15.7, ϰ=[4.4, 4.3, 4.1, 3.9], ∫ϰ²/L>=[5.1, 5.1, 5.1, 5.3], C-C-Sep=0.10, ║∇J║=3.8e-05
Iteration 1710/2000-----
currents: [100000.0, 99999.99999807515, 99999.99999831614, 99999.99999863283]
J=1.8e-05, ⟨Jf⟩=1.7e-05, ⟨B·n⟩=1.3e-03, Len=sum([4.1, 4.0, 3.8, 3.7])=15.7, ϰ=[4.4, 4.3, 4.1, 3.9], ∫ϰ²/L>=[5.1, 5.1, 5.1, 5.3], C-C-Sep=0.10, ║∇J║=6.2e-05
Iteration 1711/2000-----
currents: [100000.0, 99999.9999980735, 99999.99999831487, 99999.9999986319]
J=1.8e-05, ⟨Jf⟩=1.7e-05, ⟨B·n⟩=1.3e-03, Len=sum([4.1, 4.0, 3.8, 3.7])=15.7, ϰ=[4.4, 4.3, 4.1, 3.9], ∫ϰ²/L>=[5.1, 5.1, 5.1, 5.3], C-C-Sep=0.10, ║∇J║=5.5e-05
Iteration 1712/2000-----
currents: [100000.0, 99999.99999807256, 99999.9999983141, 99999.99999863135]
J=1.8e-05, ⟨Jf⟩=1.7e-05, ⟨B·n⟩=1.3e-03, Len=sum([4.1, 4.0, 3.8, 3.7])=15.7, ϰ=[4.4, 4.3, 4.1, 3.9], ∫ϰ²/L>=[5.1, 5.1, 5.1, 5.3], C-C-Sep=0.10, ║∇J║=4.1e-05
Iteration 1713/2000-----
currents: [100000.0, 99999.99999807279, 99999.99999831426, 99999.99999863148]
J=1.8e-05, ⟨Jf⟩=1.7e-05, ⟨B·n⟩=1.3e-03, Len=sum([4.1, 4.0, 3.8, 3.7])=15.7, ϰ=[4.4, 4.3, 4.1, 3.9], ∫ϰ²/L>=[5.1, 5.1, 5.1, 5.3], C-C-Sep=0.10, ║∇J║=5.6e-05
Iteration 1714/2000-----
currents: [100000.0, 99999.99999807283, 99999.99999831425, 99999.99999863148]
J=1.8e-05, ⟨Jf⟩=1.7e-05, ⟨B·n⟩=1.3e-03, Len=sum([4.1, 4.0, 3.8, 3.7])=15.7, ϰ=[4.4, 4.3, 4.1, 3.9], ∫ϰ²/L>=[5.1, 5.1, 5.1, 5.3], C-C-Sep=0.10, ║∇J║=6.3e-05
Iteration 1715/2000-----
currents: [100000.0, 99999.99999807116, 99999.99999831287, 99999.99999863046]
J=1.8e-05, ⟨Jf⟩=1.7e-05, ⟨B·n⟩=1.3e-03, Len=sum([4.1, 4.0, 3.8, 3.7])=15.7, ϰ=[4.4, 4.3, 4.1, 3.9], ∫ϰ²/L>=[5.1, 5.1, 5.1, 5.3], C-C-Sep=0.10, ║∇J║=5.8e-05
Iteration 1716/2000-----
currents: [100000.0, 99999.9999980634, 99999.9999983066, 99999.99999862583]
J=1.8e-05, ⟨Jf⟩=1.7e-05, ⟨B·n⟩=1.3e-03, Len=sum([4.1, 4.0, 3.8, 3.7])=15.7, ϰ=[4.4, 4.3, 4.1, 3.9], ∫ϰ²/L>=[5.1, 5.1, 5.1, 5.3], C-C-Sep=0.10, ║∇J║=1.1e-04
Iteration 1717/2000-----
currents: [100000.0, 99999.99999805907, 99999.99999830306, 99999.99999862321]
J=1.8e-05, ⟨Jf⟩=1.7e-05, ⟨B·n⟩=1.3e-03, Len=sum([4.1, 4.0, 3.8, 3.7])=15.7, ϰ=[4.4, 4.3, 4.1, 3.9], ∫ϰ²/L>=[5.1, 5.1, 5.1, 5.3], C-C-Sep=0.10, ║∇J║=1.1e-04
Iteration 1718/2000-----
currents: [100000.0, 99999.99999805845, 99999.99999830258, 99999.99999862288]
J=1.8e-05, ⟨Jf⟩=1.7e-05, ⟨B·n⟩=1.3e-03, Len=sum([4.1, 4.0, 3.8, 3.7])=15.7, ϰ=[4.4, 4.3, 4.1, 3.9], ∫ϰ²/L>=[5.1, 5.1, 5.1, 5.3], C-C-Sep=0.10, ║∇J║=6.4e-05
Iteration 1719/2000-----
currents: [100000.0, 99999.99999805493, 99999.99999829975, 99999.99999862083]
J=1.8e-05, ⟨Jf⟩=1.7e-05, ⟨B·n⟩=1.3e-03, Len=sum([4.1, 4.0, 3.8, 3.7])=15.7, ϰ=[4.4, 4.3, 4.1, 3.9], ∫ϰ²/L>=[5.1, 5.1, 5.1, 5.3], C-C-Sep=0.10, ║∇J║=4.6e-05
Iteration 1720/2000-----
currents: [100000.0, 99999.99999805255, 99999.99999829778, 99999.9999986194]
J=1.8e-05, ⟨Jf⟩=1.7e-05, ⟨B·n⟩=1.3e-03, Len=sum([4.1, 4.0, 3.8, 3.7])=15.7, ϰ=[4.4, 4.3, 4.1, 3.9], ∫ϰ²/L>=[5.1, 5.1, 5.1, 5.3], C-C-Sep=0.10, ║∇J║=5.8e-05
Iteration 1721/2000-----
currents: [100000.0, 99999.99999804788, 99999.99999829399, 99999.99999861664]
J=1.8e-05, ⟨Jf⟩=1.7e-05, ⟨B·n⟩=1.3e-03, Len=sum([4.1, 4.0, 3.8, 3.7])=15.7, ϰ=[4.4, 4.3, 4.1, 3.9], ∫ϰ²/L>=[5.1, 5.1, 5.1, 5.3], C-C-Sep=0.10, ║∇J║=6.2e-05
Iteration 1722/2000-----
currents: [100000.0, 99999.99999804434, 99999.99999829114, 99999.99999861445]
J=1.8e-05, ⟨Jf⟩=1.7e-05, ⟨B·n⟩=1.3e-03, Len=sum([4.1, 4.0, 3.8, 3.7])=15.7, ϰ=[4.4, 4.3, 4.1, 3.9], ∫ϰ²/L>=[5.1, 5.1, 5.1, 5.3], C-C-Sep=0.10, ║∇J║=2.0e-04
Iteration 1723/2000-----
currents: [100000.0, 99999.99999804665, 99999.999998293, 99999.99999861588]
J=1.8e-05, ⟨Jf⟩=1.7e-05, ⟨B·n⟩=1.3e-03, Len=sum([4.1, 4.0, 3.8, 3.7])=15.7, ϰ=[4.4, 4.3, 4.1, 3.9], ∫ϰ²/L>=[5.1, 5.1, 5.1, 5.3], C-C-Sep=0.10, ║∇J║=7.6e-05
Iteration 1724/2000-----
currents: [100000.0, 99999.99999804456, 99999.9999982913, 99999.99999861463]
J=1.8e-05, ⟨Jf⟩=1.7e-05, ⟨B·n⟩=1.3e-03, Len=sum([4.1, 4.0, 3.8, 3.7])=15.7, ϰ=[4.4, 4.3, 4.1, 3.9], ∫ϰ²/L>=[5.1, 5.1, 5.1, 5.3], C-C-Sep=0.10, ║∇J║=4.0e-05
Iteration 1725/2000-----
currents: [100000.0, 99999.99999804182, 99999.99999828913, 99999.99999861301]
J=1.8e-05, ⟨Jf⟩=1.7e-05, ⟨B·n⟩=1.3e-03, Len=sum([4.1, 4.0, 3.8, 3.7])=15.7, ϰ=[4.4, 4.3, 4.1, 3.9], ∫ϰ²/L>=[5.1, 5.1, 5.1, 5.3], C-C-Sep=0.10, ║∇J║=3.9e-05
Iteration 1726/2000-----
currents: [100000.0, 99999.99999804031, 99999.99999828792, 99999.9999986121]
J=1.8e-05, ⟨Jf⟩=1.7e-05, ⟨B·n⟩=1.3e-03, Len=sum([4.1, 4.0, 3.8, 3.7])=15.7, ϰ=[4.4, 4.3, 4.1, 3.9], ∫ϰ²/L>=[5.1, 5.1, 5.1, 5.3], C-C-Sep=0.10, ║∇J║=7.0e-05
Iteration 1727/2000-----
currents: [100000.0, 99999.99999803919, 99999.99999828704, 99999.99999861146]
J=1.8e-05, ⟨Jf⟩=1.7e-05, ⟨B·n⟩=1.3e-03, Len=sum([4.1, 4.0, 3.8, 3.7])=15.7, ϰ=[4.4, 4.3, 4.1, 3.9], ∫ϰ²/L>=[5.1, 5.1, 5.1, 5.3], C-C-Sep=0.10, ║∇J║=3.7e-05
Iteration 1728/2000-----
currents: [100000.0, 99999.99999803588, 99999.9999982844, 99999.99999860955]
J=1.8e-05, ⟨Jf⟩=1.7e-05, ⟨B·n⟩=1.3e-03, Len=sum([4.1, 4.0, 3.8, 3.7])=15.7, ϰ=[4.4, 4.3, 4.1, 3.9], ∫ϰ²/L>=[5.1, 5.1, 5.1, 5.3], C-C-Sep=0.10, ║∇J║=3.0e-05
Iteration 1729/2000-----
currents: [100000.0, 99999.99999803476, 99999.9999982835, 99999.99999860891]
J=1.8e-05, ⟨Jf⟩=1.7e-05, ⟨B·n⟩=1.3e-03, Len=sum([4.1, 4.0, 3.8, 3.7])=15.7, ϰ=[4.4, 4.3, 4.1, 3.9], ∫ϰ²/L>=[5.1, 5.1, 5.1, 5.3], C-C-Sep=0.10, ║∇J║=3.4e-05
Iteration 1730/2000-----
currents: [100000.0, 99999.9999980291, 99999.99999827893, 99999.99999860564]
J=1.8e-05, ⟨Jf⟩=1.7e-05, ⟨B·n⟩=1.3e-03, Len=sum([4.1, 4.0, 3.8, 3.7])=15.7, ϰ=[4.4, 4.3, 4.1, 3.9], ∫ϰ²/L>=[5.1, 5.1, 5.1, 5.3], C-C-Sep=0.10, ║∇J║=3.8e-05
Iteration 1731/2000-----
currents: [100000.0, 99999.99999802475, 99999.99999827542, 99999.99999860312]
J=1.8e-05, ⟨Jf⟩=1.7e-05, ⟨B·n⟩=1.3e-03, Len=sum([4.1, 4.0, 3.8, 3.7])=15.7, ϰ=[4.4, 4.3, 4.1, 3.9], ∫ϰ²/L>=[5.1, 5.1, 5.1, 5.3], C-C-Sep=0.10, ║∇J║=6.6e-05
Iteration 1732/2000-----
currents: [100000.0, 99999.999998027, 99999.9999982772, 99999.99999860444]
J=1.8e-05, ⟨Jf⟩=1.7e-05, ⟨B·n⟩=1.3e-03, Len=sum([4.1, 4.0, 3.8, 3.7])=15.7, ϰ=[4.4, 4.3, 4.1, 3.9], ∫ϰ²/L>=[5.1, 5.1, 5.1, 5.3], C-C-Sep=0.10, ║∇J║=3.4e-05
Iteration 1733/2000-----
currents: [100000.0, 99999.99999802558, 99999.99999827603, 99999.99999860364]
J=1.8e-05, ⟨Jf⟩=1.7e-05, ⟨B·n⟩=1.3e-03, Len=sum([4.1, 4.0, 3.8, 3.7])=15.7, ϰ=[4.4, 4.3, 4.1, 3.9], ∫ϰ²/L>=[5.1, 5.1, 5.1, 5.3], C-C-Sep=0.10, ║∇J║=3.4e-05
Iteration 1734/2000-----
currents: [100000.0, 99999.99999802408, 99999.99999827481, 99999.99999860283]
J=1.8e-05, ⟨Jf⟩=1.7e-05, ⟨B·n⟩=1.3e-03, Len=sum([4.1, 4.0, 3.8, 3.7])=15.7, ϰ=[4.4, 4.3, 4.1, 3.9], ∫ϰ²/L>=[5.1, 5.1, 5.1, 5.3], C-C-Sep=0.10, ║∇J║=4.0e-05
Iteration 1735/2000-----
currents: [100000.0, 99999.99999801938, 99999.99999827099, 99999.99999860018]
J=1.8e-05, ⟨Jf⟩=1.7e-05, ⟨B·n⟩=1.3e-03, Len=sum([4.1, 4.0, 3.8, 3.7])=15.7, ϰ=[4.4, 4.3, 4.1, 3.9], ∫ϰ²/L>=[5.1, 5.1, 5.1, 5.3], C-C-Sep=0.10, ║∇J║=4.3e-05
Iteration 1736/2000-----
currents: [100000.0, 99999.99999801199, 99999.99999826495, 99999.99999859606]
J=1.8e-05, ⟨Jf⟩=1.7e-05, ⟨B·n⟩=1.3e-03, Len=sum([4.1, 4.0, 3.8, 3.7])=15.7, ϰ=[4.4, 4.3, 4.1, 3.9], ∫ϰ²/L>=[5.1, 5.1, 5.1, 5.3], C-C-Sep=0.10, ║∇J║=9.0e-05
Iteration 1737/2000-----
currents: [100000.0, 99999.9999980081, 99999.9999982618, 99999.99999859383]
J=1.8e-05, ⟨Jf⟩=1.7e-05, ⟨B·n⟩=1.3e-03, Len=sum([4.1, 4.0, 3.8, 3.7])=15.7, ϰ=[4.4, 4.3, 4.1, 3.9], ∫ϰ²/L>=[5.1, 5.1, 5.1, 5.3], C-C-Sep=0.10, ║∇J║=4.0e-05
Iteration 1738/2000-----
currents: [100000.0, 99999.9999980074, 99999.99999826119, 99999.9999985934]
J=1.8e-05, ⟨Jf⟩=1.7e-05, ⟨B·n⟩=1.3e-03, Len=sum([4.1, 4.0, 3.8, 3.7])=15.7, ϰ=[4.4, 4.3, 4.1, 3.9], ∫ϰ²/L>=[5.1, 5.1, 5.1, 5.3], C-C-Sep=0.10, ║∇J║=3.4e-05
Iteration 1739/2000-----
currents: [100000.0, 99999.99999800212, 99999.9999982569, 99999.99999859034]
J=1.8e-05, ⟨Jf⟩=1.7e-05, ⟨B·n⟩=1.3e-03, Len=sum([4.1, 4.0, 3.8, 3.7])=15.7, ϰ=[4.4, 4.3, 4.1, 3.9], ∫ϰ²/L>=[5.1, 5.1, 5.1, 5.3], C-C-Sep=0.10, ║∇J║=4.9e-05
Iteration 1740/2000-----
currents: [100000.0, 99999.99999799527, 99999.99999825131, 99999.99999858641]
J=1.8e-05, ⟨Jf⟩=1.7e-05, ⟨B·n⟩=1.3e-03, Len=sum([4.1, 4.0, 3.8, 3.7])=15.7, ϰ=[4.4, 4.3, 4.1, 3.9], ∫ϰ²/L>=[5.1, 5.1, 5.1, 5.3], C-C-Sep=0.10, ║∇J║=9.1e-05
Iteration 1741/2000-----
currents: [100000.0, 99999.99999799418, 99999.99999825037, 99999.99999858579]
J=1.8e-05, ⟨Jf⟩=1.7e-05, ⟨B·n⟩=1.3e-03, Len=sum([4.1, 4.0, 3.8, 3.7])=15.7, ϰ=[4.4, 4.3, 4.1, 3.9], ∫ϰ²/L>=[5.1, 5.1, 5.1, 5.3], C-C-Sep=0.10, ║∇J║=5.1e-05
Iteration 1742/2000-----
currents: [100000.0, 99999.99999799015, 99999.99999824708, 99999.99999858353]
J=1.8e-05, ⟨Jf⟩=1.7e-05, ⟨B·n⟩=1.3e-03, Len=sum([4.1, 4.0, 3.8, 3.7])=15.7, ϰ=[4.4, 4.3, 4.1, 3.9], ∫ϰ²/L>=[5.1, 5.1, 5.1, 5.3], C-C-Sep=0.10, ║∇J║=4.9e-05
Iteration 1743/2000-----
currents: [100000.0, 99999.99999798829, 99999.99999824553, 99999.99999858254]
J=1.8e-05, ⟨Jf⟩=1.7e-05, ⟨B·n⟩=1.3e-03, Len=sum([4.1, 4.0, 3.8, 3.7])=15.7, ϰ=[4.4, 4.3, 4.1, 3.9], ∫ϰ²/L>=[5.1, 5.1, 5.1, 5.3], C-C-Sep=0.10, ║∇J║=6.0e-05
Iteration 1744/2000-----
currents: [100000.0, 99999.99999797432, 99999.9999982342, 99999.99999857465]
J=1.8e-05, ⟨Jf⟩=1.7e-05, ⟨B·n⟩=1.3e-03, Len=sum([4.1, 4.0, 3.8, 3.7])=15.7, ϰ=[4.4, 4.3, 4.1, 3.9], ∫ϰ²/L>=[5.1, 5.1, 5.1, 5.3], C-C-Sep=0.10, ║∇J║=8.6e-05
Iteration 1745/2000-----
currents: [100000.0, 99999.99999797282, 99999.9999982329, 99999.99999857397]
J=1.8e-05, ⟨Jf⟩=1.7e-05, ⟨B·n⟩=1.3e-03, Len=sum([4.1, 4.0, 3.8, 3.7])=15.7, ϰ=[4.4, 4.3, 4.1, 3.9], ∫ϰ²/L>=[5.1, 5.1, 5.1, 5.3], C-C-Sep=0.10, ║∇J║=1.4e-04
Iteration 1746/2000-----
currents: [100000.0, 99999.9999979738, 99999.99999823376, 99999.99999857455]
J=1.8e-05, ⟨Jf⟩=1.7e-05, ⟨B·n⟩=1.3e-03, Len=sum([4.1, 4.0, 3.8, 3.7])=15.7, ϰ=[4.4, 4.3, 4.1, 3.9], ∫ϰ²/L>=[5.1, 5.1, 5.1, 5.3], C-C-Sep=0.10, ║∇J║=4.5e-05
Iteration 1747/2000-----
currents: [100000.0, 99999.99999797072, 99999.99999823127, 99999.99999857278]
J=1.8e-05, ⟨Jf⟩=1.7e-05, ⟨B·n⟩=1.3e-03, Len=sum([4.1, 4.0, 3.8, 3.7])=15.7, ϰ=[4.4, 4.3, 4.1, 3.9], ∫ϰ²/L>=[5.1, 5.1, 5.1, 5.3], C-C-Sep=0.10, ║∇J║=3.8e-05
Iteration 1748/2000-----
currents: [100000.0, 99999.99999796903, 99999.99999822993, 99999.99999857193]
J=1.8e-05, ⟨Jf⟩=1.7e-05, ⟨B·n⟩=1.3e-03, Len=sum([4.1, 4.0, 3.8, 3.7])=15.7, ϰ=[4.4, 4.3, 4.1, 3.9], ∫ϰ²/L>=[5.1, 5.1, 5.1, 5.3], C-C-Sep=0.10, ║∇J║=9.1e-05
Iteration 1749/2000-----
currents: [100000.0, 99999.99999796746, 99999.99999822864, 99999.99999857119]
J=1.8e-05, ⟨Jf⟩=1.7e-05, ⟨B·n⟩=1.3e-03, Len=sum([4.1, 4.0, 3.8, 3.7])=15.7, ϰ=[4.4, 4.3, 4.1, 3.9], ∫ϰ²/L>=[5.1, 5.1, 5.1, 5.3], C-C-Sep=0.10, ║∇J║=7.6e-05
Iteration 1750/2000-----
currents: [100000.0, 99999.99999796324, 99999.99999822516, 99999.99999856882]
J=1.8e-05, ⟨Jf⟩=1.7e-05, ⟨B·n⟩=1.3e-03, Len=sum([4.1, 4.0, 3.8, 3.7])=15.7, ϰ=[4.4, 4.3, 4.1, 3.9], ∫ϰ²/L>=[5.1, 5.1, 5.1, 5.3], C-C-Sep=0.10, ║∇J║=4.9e-05
Iteration 1751/2000-----
currents: [100000.0, 99999.99999796668, 99999.99999822784, 99999.99999857093]
J=1.8e-05, ⟨Jf⟩=1.7e-05, ⟨B·n⟩=1.3e-03, Len=sum([4.1, 4.0, 3.8, 3.7])=15.7, ϰ=[4.4, 4.3, 4.1, 3.9], ∫ϰ²/L>=[5.1, 5.1, 5.1, 5.3], C-C-Sep=0.10, ║∇J║=5.2e-05
Iteration 1752/2000-----
currents: [100000.0, 99999.99999796427, 99999.99999822592, 99999.99999856955]
J=1.8e-05, ⟨Jf⟩=1.7e-05, ⟨B·n⟩=1.3e-03, Len=sum([4.1, 4.0, 3.8, 3.7])=15.7, ϰ=[4.4, 4.3, 4.1, 3.9], ∫ϰ²/L>=[5.1, 5.1, 5.1, 5.3], C-C-Sep=0.10, ║∇J║=6.6e-05
Iteration 1753/2000-----
currents: [100000.0, 99999.9999979642, 99999.9999982258, 99999.9999985695]
J=1.8e-05, ⟨Jf⟩=1.7e-05, ⟨B·n⟩=1.3e-03, Len=sum([4.1, 4.0, 3.8, 3.7])=15.7, ϰ=[4.4, 4.4, 4.1, 3.9], ∫ϰ²/L>=[5.1, 5.1, 5.1, 5.3], C-C-Sep=0.10, ║∇J║=5.8e-05
Iteration 1754/2000-----
currents: [100000.0, 99999.99999796705, 99999.9999982281, 99999.99999857118]
J=1.8e-05, ⟨Jf⟩=1.7e-05, ⟨B·n⟩=1.3e-03, Len=sum([4.1, 4.0, 3.8, 3.7])=15.7, ϰ=[4.4, 4.4, 4.1, 3.9], ∫ϰ²/L>=[5.1, 5.1, 5.1, 5.3], C-C-Sep=0.10, ║∇J║=4.0e-05
Iteration 1755/2000-----
currents: [100000.0, 99999.9999979681, 99999.99999822908, 99999.99999857183]
J=1.8e-05, ⟨Jf⟩=1.7e-05, ⟨B·n⟩=1.3e-03, Len=sum([4.1, 4.0, 3.8, 3.7])=15.7, ϰ=[4.4, 4.3, 4.1, 3.9], ∫ϰ²/L>=[5.1, 5.1, 5.1, 5.3], C-C-Sep=0.10, ║∇J║=4.5e-05
Iteration 1756/2000-----
currents: [100000.0, 99999.99999796851, 99999.99999822941, 99999.99999857211]
J=1.8e-05, ⟨Jf⟩=1.7e-05, ⟨B·n⟩=1.3e-03, Len=sum([4.1, 4.0, 3.8, 3.7])=15.7, ϰ=[4.4, 4.3, 4.1, 3.9], ∫ϰ²/L>=[5.1, 5.1, 5.1, 5.3], C-C-Sep=0.10, ║∇J║=5.6e-05
Iteration 1757/2000-----
currents: [100000.0, 99999.99999796721, 99999.99999822832, 99999.99999857138]
J=1.8e-05, ⟨Jf⟩=1.7e-05, ⟨B·n⟩=1.3e-03, Len=sum([4.1, 4.0, 3.8, 3.7])=15.7, ϰ=[4.4, 4.3, 4.1, 3.9], ∫ϰ²/L>=[5.1, 5.1, 5.1, 5.3], C-C-Sep=0.10, ║∇J║=4.4e-05
Iteration 1758/2000-----
currents: [100000.0, 99999.9999979668, 99999.99999822803, 99999.99999857118]
J=1.8e-05, ⟨Jf⟩=1.7e-05, ⟨B·n⟩=1.3e-03, Len=sum([4.1, 4.0, 3.8, 3.7])=15.7, ϰ=[4.4, 4.3, 4.1, 3.9], ∫ϰ²/L>=[5.1, 5.1, 5.1, 5.3], C-C-Sep=0.10, ║∇J║=3.2e-05
Iteration 1759/2000-----
currents: [100000.0, 99999.99999796684, 99999.99999822803, 99999.99999857119]
J=1.8e-05, ⟨Jf⟩=1.7e-05, ⟨B·n⟩=1.3e-03, Len=sum([4.1, 4.0, 3.8, 3.7])=15.7, ϰ=[4.4, 4.3, 4.1, 3.9], ∫ϰ²/L>=[5.1, 5.1, 5.1, 5.3], C-C-Sep=0.10, ║∇J║=3.1e-05
Iteration 1760/2000-----
currents: [100000.0, 99999.99999796686, 99999.999998228, 99999.9999985712]
J=1.8e-05, ⟨Jf⟩=1.7e-05, ⟨B·n⟩=1.3e-03, Len=sum([4.1, 4.0, 3.8, 3.7])=15.7, ϰ=[4.4, 4.3, 4.1, 3.9], ∫ϰ²/L>=[5.1, 5.1, 5.1, 5.3], C-C-Sep=0.10, ║∇J║=3.8e-05
Iteration 1761/2000-----
currents: [100000.0, 99999.99999796783, 99999.99999822878, 99999.99999857174]
J=1.8e-05, ⟨Jf⟩=1.7e-05, ⟨B·n⟩=1.3e-03, Len=sum([4.1, 4.0, 3.8, 3.7])=15.7, ϰ=[4.5, 4.3, 4.1, 3.9], ∫ϰ²/L>=[5.1, 5.1, 5.1, 5.3], C-C-Sep=0.10, ║∇J║=3.7e-05
Iteration 1762/2000-----
currents: [100000.0, 99999.99999796787, 99999.99999822883, 99999.99999857179]
J=1.8e-05, ⟨Jf⟩=1.7e-05, ⟨B·n⟩=1.3e-03, Len=sum([4.1, 4.0, 3.8, 3.7])=15.7, ϰ=[4.5, 4.3, 4.1, 3.9], ∫ϰ²/L>=[5.1, 5.1, 5.1, 5.3], C-C-Sep=0.10, ║∇J║=2.8e-05
Iteration 1763/2000-----
currents: [100000.0, 99999.99999796682, 99999.999998228, 99999.99999857122]
J=1.8e-05, ⟨Jf⟩=1.7e-05, ⟨B·n⟩=1.3e-03, Len=sum([4.1, 4.0, 3.8, 3.7])=15.7, ϰ=[4.5, 4.3, 4.1, 3.9], ∫ϰ²/L>=[5.1, 5.1, 5.1, 5.3], C-C-Sep=0.10, ║∇J║=2.9e-05
Iteration 1764/2000-----
currents: [100000.0, 99999.99999796617, 99999.99999822746, 99999.99999857087]
J=1.8e-05, ⟨Jf⟩=1.7e-05, ⟨B·n⟩=1.3e-03, Len=sum([4.1, 4.0, 3.8, 3.7])=15.7, ϰ=[4.5, 4.3, 4.1, 3.9], ∫ϰ²/L>=[5.1, 5.1, 5.1, 5.3], C-C-Sep=0.10, ║∇J║=4.5e-05
Iteration 1765/2000-----
currents: [100000.0, 99999.99999796497, 99999.99999822651, 99999.99999857023]
J=1.8e-05, ⟨Jf⟩=1.7e-05, ⟨B·n⟩=1.3e-03, Len=sum([4.1, 4.0, 3.8, 3.7])=15.7, ϰ=[4.4, 4.3, 4.1, 3.9], ∫ϰ²/L>=[5.1, 5.1, 5.1, 5.3], C-C-Sep=0.10, ║∇J║=3.1e-05
Iteration 1766/2000-----
currents: [100000.0, 99999.99999796363, 99999.99999822544, 99999.99999856952]
J=1.8e-05, ⟨Jf⟩=1.7e-05, ⟨B·n⟩=1.3e-03, Len=sum([4.1, 4.0, 3.8, 3.7])=15.7, ϰ=[4.4, 4.4, 4.1, 3.9], ∫ϰ²/L>=[5.1, 5.1, 5.1, 5.3], C-C-Sep=0.10, ║∇J║=3.3e-05
Iteration 1767/2000-----
currents: [100000.0, 99999.99999796262, 99999.99999822458, 99999.99999856898]
J=1.8e-05, ⟨Jf⟩=1.7e-05, ⟨B·n⟩=1.3e-03, Len=sum([4.1, 4.0, 3.8, 3.7])=15.7, ϰ=[4.4, 4.4, 4.1, 3.9], ∫ϰ²/L>=[5.1, 5.1, 5.1, 5.3], C-C-Sep=0.10, ║∇J║=4.9e-05
Iteration 1768/2000-----
currents: [100000.0, 99999.99999796136, 99999.99999822355, 99999.99999856831]
J=1.8e-05, ⟨Jf⟩=1.7e-05, ⟨B·n⟩=1.3e-03, Len=sum([4.1, 4.0, 3.8, 3.7])=15.7, ϰ=[4.4, 4.4, 4.1, 3.9], ∫ϰ²/L>=[5.1, 5.1, 5.1, 5.3], C-C-Sep=0.10, ║∇J║=4.4e-05
Iteration 1769/2000-----
currents: [100000.0, 99999.99999796032, 99999.99999822266, 99999.9999985678]
J=1.8e-05, ⟨Jf⟩=1.7e-05, ⟨B·n⟩=1.3e-03, Len=sum([4.1, 4.0, 3.8, 3.7])=15.7, ϰ=[4.4, 4.3, 4.1, 3.9], ∫ϰ²/L>=[5.1, 5.1, 5.1, 5.3], C-C-Sep=0.10, ║∇J║=4.5e-05
Iteration 1770/2000-----
currents: [100000.0, 99999.99999795646, 99999.99999821957, 99999.99999856572]
J=1.8e-05, ⟨Jf⟩=1.7e-05, ⟨B·n⟩=1.3e-03, Len=sum([4.1, 4.0, 3.8, 3.7])=15.7, ϰ=[4.4, 4.3, 4.1, 3.9], ∫ϰ²/L>=[5.1, 5.1, 5.1, 5.3], C-C-Sep=0.10, ║∇J║=7.1e-05
Iteration 1771/2000-----
currents: [100000.0, 99999.99999795402, 99999.9999982176, 99999.99999856441]
J=1.8e-05, ⟨Jf⟩=1.7e-05, ⟨B·n⟩=1.3e-03, Len=sum([4.1, 4.0, 3.8, 3.7])=15.7, ϰ=[4.4, 4.3, 4.1, 3.9], ∫ϰ²/L>=[5.1, 5.1, 5.1, 5.3], C-C-Sep=0.10, ║∇J║=6.5e-05
Iteration 1772/2000-----
currents: [100000.0, 99999.99999795109, 99999.99999821528, 99999.99999856285]
J=1.8e-05, ⟨Jf⟩=1.7e-05, ⟨B·n⟩=1.3e-03, Len=sum([4.1, 4.0, 3.8, 3.7])=15.7, ϰ=[4.4, 4.3, 4.1, 3.9], ∫ϰ²/L>=[5.1, 5.1, 5.1, 5.3], C-C-Sep=0.10, ║∇J║=5.7e-05
Iteration 1773/2000-----
currents: [100000.0, 99999.99999794507, 99999.99999821054, 99999.99999855954]
J=1.8e-05, ⟨Jf⟩=1.7e-05, ⟨B·n⟩=1.3e-03, Len=sum([4.1, 4.0, 3.8, 3.7])=15.7, ϰ=[4.4, 4.3, 4.1, 3.9], ∫ϰ²/L>=[5.1, 5.1, 5.1, 5.3], C-C-Sep=0.10, ║∇J║=6.5e-05
Iteration 1774/2000-----
currents: [100000.0, 99999.9999979408, 99999.99999820704, 99999.99999855718]
J=1.8e-05, ⟨Jf⟩=1.7e-05, ⟨B·n⟩=1.3e-03, Len=sum([4.1, 4.0, 3.8, 3.7])=15.7, ϰ=[4.4, 4.3, 4.1, 3.9], ∫ϰ²/L>=[5.1, 5.1, 5.1, 5.3], C-C-Sep=0.10, ║∇J║=5.1e-05
Iteration 1775/2000-----
currents: [100000.0, 99999.99999793588, 99999.99999820301, 99999.99999855446]
J=1.8e-05, ⟨Jf⟩=1.7e-05, ⟨B·n⟩=1.3e-03, Len=sum([4.1, 4.0, 3.8, 3.7])=15.7, ϰ=[4.4, 4.3, 4.1, 3.9], ∫ϰ²/L>=[5.1, 5.1, 5.1, 5.3], C-C-Sep=0.10, ║∇J║=6.3e-05
Iteration 1776/2000-----
currents: [100000.0, 99999.9999979317, 99999.9999981996, 99999.99999855219]
J=1.8e-05, ⟨Jf⟩=1.7e-05, ⟨B·n⟩=1.3e-03, Len=sum([4.1, 4.0, 3.8, 3.7])=15.7, ϰ=[4.4, 4.4, 4.1, 3.9], ∫ϰ²/L>=[5.1, 5.1, 5.1, 5.3], C-C-Sep=0.10, ║∇J║=7.8e-05
Iteration 1777/2000-----
currents: [100000.0, 99999.99999793137, 99999.99999819924, 99999.99999855201]
J=1.8e-05, ⟨Jf⟩=1.7e-05, ⟨B·n⟩=1.3e-03, Len=sum([4.1, 4.0, 3.8, 3.7])=15.7, ϰ=[4.4, 4.4, 4.1, 3.9], ∫ϰ²/L>=[5.1, 5.1, 5.1, 5.3], C-C-Sep=0.10, ║∇J║=4.5e-05
Iteration 1778/2000-----
currents: [100000.0, 99999.99999793101, 99999.99999819891, 99999.99999855187]
J=1.8e-05, ⟨Jf⟩=1.7e-05, ⟨B·n⟩=1.3e-03, Len=sum([4.1, 4.0, 3.8, 3.7])=15.7, ϰ=[4.4, 4.4, 4.1, 3.9], ∫ϰ²/L>=[5.1, 5.1, 5.1, 5.3], C-C-Sep=0.10, ║∇J║=4.1e-05
Iteration 1779/2000-----
currents: [100000.0, 99999.99999792951, 99999.99999819769, 99999.99999855108]
J=1.8e-05, ⟨Jf⟩=1.7e-05, ⟨B·n⟩=1.3e-03, Len=sum([4.1, 4.0, 3.8, 3.7])=15.7, ϰ=[4.4, 4.4, 4.1, 3.9], ∫ϰ²/L>=[5.1, 5.1, 5.1, 5.3], C-C-Sep=0.10, ║∇J║=5.3e-05
Iteration 1780/2000-----
currents: [100000.0, 99999.99999792638, 99999.99999819518, 99999.99999854945]
J=1.8e-05, ⟨Jf⟩=1.7e-05, ⟨B·n⟩=1.3e-03, Len=sum([4.1, 4.0, 3.8, 3.7])=15.7, ϰ=[4.4, 4.4, 4.1, 3.9], ∫ϰ²/L>=[5.1, 5.1, 5.1, 5.3], C-C-Sep=0.10, ║∇J║=5.7e-05
Iteration 1781/2000-----
currents: [100000.0, 99999.99999792494, 99999.99999819403, 99999.9999985487]
J=1.8e-05, ⟨Jf⟩=1.7e-05, ⟨B·n⟩=1.3e-03, Len=sum([4.1, 4.0, 3.8, 3.7])=15.7, ϰ=[4.4, 4.4, 4.1, 3.9], ∫ϰ²/L>=[5.1, 5.1, 5.1, 5.3], C-C-Sep=0.10, ║∇J║=3.1e-05
Iteration 1782/2000-----
currents: [100000.0, 99999.9999979232, 99999.99999819264, 99999.99999854778]
J=1.8e-05, ⟨Jf⟩=1.7e-05, ⟨B·n⟩=1.3e-03, Len=sum([4.1, 4.0, 3.8, 3.7])=15.7, ϰ=[4.4, 4.4, 4.1, 3.9], ∫ϰ²/L>=[5.1, 5.1, 5.1, 5.3], C-C-Sep=0.10, ║∇J║=3.3e-05
Iteration 1783/2000-----
currents: [100000.0, 99999.99999792172, 99999.99999819144, 99999.999998547]
J=1.8e-05, ⟨Jf⟩=1.7e-05, ⟨B·n⟩=1.3e-03, Len=sum([4.1, 4.0, 3.8, 3.7])=15.7, ϰ=[4.4, 4.3, 4.1, 3.9], ∫ϰ²/L>=[5.1, 5.1, 5.1, 5.3], C-C-Sep=0.10, ║∇J║=3.9e-05
Iteration 1784/2000-----
currents: [100000.0, 99999.99999791928, 99999.9999981895, 99999.99999854577]
J=1.8e-05, ⟨Jf⟩=1.7e-05, ⟨B·n⟩=1.3e-03, Len=sum([4.1, 4.0, 3.8, 3.7])=15.7, ϰ=[4.4, 4.3, 4.1, 3.9], ∫ϰ²/L>=[5.1, 5.1, 5.1, 5.3], C-C-Sep=0.10, ║∇J║=5.2e-05
Iteration 1785/2000-----
currents: [100000.0, 99999.99999791972, 99999.99999818984, 99999.99999854602]
J=1.8e-05, ⟨Jf⟩=1.7e-05, ⟨B·n⟩=1.3e-03, Len=sum([4.1, 4.0, 3.8, 3.7])=15.7, ϰ=[4.4, 4.3, 4.1, 3.9], ∫ϰ²/L>=[5.1, 5.1, 5.1, 5.3], C-C-Sep=0.10, ║∇J║=2.4e-05
Iteration 1786/2000-----
currents: [100000.0, 99999.9999979197, 99999.99999818987, 99999.99999854603]
J=1.8e-05, ⟨Jf⟩=1.7e-05, ⟨B·n⟩=1.3e-03, Len=sum([4.1, 4.0, 3.8, 3.7])=15.7, ϰ=[4.4, 4.3, 4.1, 3.9], ∫ϰ²/L>=[5.1, 5.1, 5.1, 5.3], C-C-Sep=0.10, ║∇J║=2.7e-05
Iteration 1787/2000-----
currents: [100000.0, 99999.99999791992, 99999.99999819009, 99999.99999854619]
J=1.8e-05, ⟨Jf⟩=1.7e-05, ⟨B·n⟩=1.3e-03, Len=sum([4.1, 4.0, 3.8, 3.7])=15.7, ϰ=[4.4, 4.4, 4.1, 3.9], ∫ϰ²/L>=[5.1, 5.1, 5.1, 5.3], C-C-Sep=0.10, ║∇J║=3.0e-05
Iteration 1788/2000-----
currents: [100000.0, 99999.99999791797, 99999.99999818859, 99999.99999854516]
J=1.8e-05, ⟨Jf⟩=1.7e-05, ⟨B·n⟩=1.3e-03, Len=sum([4.1, 4.0, 3.8, 3.7])=15.7, ϰ=[4.4, 4.4, 4.1, 3.9], ∫ϰ²/L>=[5.1, 5.1, 5.1, 5.3], C-C-Sep=0.10, ║∇J║=4.6e-05
Iteration 1789/2000-----
currents: [100000.0, 99999.9999979155, 99999.99999818667, 99999.99999854383]
J=1.8e-05, ⟨Jf⟩=1.7e-05, ⟨B·n⟩=1.3e-03, Len=sum([4.1, 4.0, 3.8, 3.7])=15.7, ϰ=[4.4, 4.4, 4.1, 3.9], ∫ϰ²/L>=[5.1, 5.1, 5.1, 5.3], C-C-Sep=0.10, ║∇J║=5.1e-05
Iteration 1790/2000-----
currents: [100000.0, 99999.99999791569, 99999.99999818676, 99999.9999985439]
J=1.8e-05, ⟨Jf⟩=1.7e-05, ⟨B·n⟩=1.3e-03, Len=sum([4.1, 4.0, 3.8, 3.7])=15.7, ϰ=[4.4, 4.4, 4.1, 3.9], ∫ϰ²/L>=[5.1, 5.1, 5.1, 5.3], C-C-Sep=0.10, ║∇J║=2.7e-05
Iteration 1791/2000-----
currents: [100000.0, 99999.9999979135, 99999.99999818494, 99999.99999854261]
J=1.8e-05, ⟨Jf⟩=1.7e-05, ⟨B·n⟩=1.3e-03, Len=sum([4.1, 4.0, 3.8, 3.7])=15.7, ϰ=[4.4, 4.4, 4.1, 3.9], ∫ϰ²/L>=[5.1, 5.1, 5.1, 5.3], C-C-Sep=0.10, ║∇J║=3.4e-05
Iteration 1792/2000-----
currents: [100000.0, 99999.99999791213, 99999.99999818378, 99999.99999854177]
J=1.8e-05, ⟨Jf⟩=1.7e-05, ⟨B·n⟩=1.3e-03, Len=sum([4.1, 4.0, 3.8, 3.7])=15.7, ϰ=[4.4, 4.4, 4.1, 3.9], ∫ϰ²/L>=[5.1, 5.1, 5.1, 5.3], C-C-Sep=0.10, ║∇J║=4.2e-05
Iteration 1793/2000-----
currents: [100000.0, 99999.99999790675, 99999.9999981793, 99999.9999985385]
J=1.8e-05, ⟨Jf⟩=1.7e-05, ⟨B·n⟩=1.3e-03, Len=sum([4.1, 4.0, 3.8, 3.7])=15.7, ϰ=[4.4, 4.4, 4.1, 3.9], ∫ϰ²/L>=[5.1, 5.1, 5.1, 5.3], C-C-Sep=0.10, ║∇J║=9.4e-05
Iteration 1794/2000-----
currents: [100000.0, 99999.99999790298, 99999.9999981763, 99999.9999985363]
J=1.8e-05, ⟨Jf⟩=1.7e-05, ⟨B·n⟩=1.3e-03, Len=sum([4.1, 4.0, 3.8, 3.7])=15.7, ϰ=[4.5, 4.4, 4.1, 3.9], ∫ϰ²/L>=[5.1, 5.1, 5.1, 5.3], C-C-Sep=0.10, ║∇J║=4.7e-05
Iteration 1795/2000-----
currents: [100000.0, 99999.9999979028, 99999.99999817621, 99999.99999853618]
J=1.8e-05, ⟨Jf⟩=1.7e-05, ⟨B·n⟩=1.3e-03, Len=sum([4.1, 4.0, 3.8, 3.7])=15.7, ϰ=[4.5, 4.4, 4.1, 3.9], ∫ϰ²/L>=[5.1, 5.1, 5.1, 5.3], C-C-Sep=0.10, ║∇J║=5.0e-05
Iteration 1796/2000-----
currents: [100000.0, 99999.99999789693, 99999.99999817157, 99999.99999853279]
J=1.8e-05, ⟨Jf⟩=1.7e-05, ⟨B·n⟩=1.3e-03, Len=sum([4.1, 4.0, 3.8, 3.7])=15.7, ϰ=[4.5, 4.4, 4.1, 3.9], ∫ϰ²/L>=[5.1, 5.1, 5.1, 5.3], C-C-Sep=0.10, ║∇J║=6.5e-05
Iteration 1797/2000-----
currents: [100000.0, 99999.99999789262, 99999.99999816816, 99999.99999853026]
J=1.8e-05, ⟨Jf⟩=1.7e-05, ⟨B·n⟩=1.3e-03, Len=sum([4.1, 4.0, 3.8, 3.7])=15.7, ϰ=[4.5, 4.4, 4.1, 3.9], ∫ϰ²/L>=[5.1, 5.1, 5.1, 5.3], C-C-Sep=0.10, ║∇J║=1.4e-04
Iteration 1798/2000-----
currents: [100000.0, 99999.99999789211, 99999.99999816772, 99999.99999852995]
J=1.8e-05, ⟨Jf⟩=1.7e-05, ⟨B·n⟩=1.3e-03, Len=sum([4.1, 4.0, 3.8, 3.7])=15.7, ϰ=[4.5, 4.4, 4.1, 3.9], ∫ϰ²/L>=[5.1, 5.1, 5.1, 5.3], C-C-Sep=0.10, ║∇J║=6.0e-05
Iteration 1799/2000-----
currents: [100000.0, 99999.99999788665, 99999.99999816326, 99999.99999852682]
J=1.8e-05, ⟨Jf⟩=1.7e-05, ⟨B·n⟩=1.3e-03, Len=sum([4.1, 4.0, 3.8, 3.7])=15.7, ϰ=[4.5, 4.4, 4.1, 3.9], ∫ϰ²/L>=[5.1, 5.1, 5.1, 5.3], C-C-Sep=0.10, ║∇J║=5.2e-05
Iteration 1800/2000-----
currents: [100000.0, 99999.99999788593, 99999.9999981626, 99999.99999852634]
J=1.8e-05, ⟨Jf⟩=1.7e-05, ⟨B·n⟩=1.3e-03, Len=sum([4.1, 4.0, 3.8, 3.7])=15.7, ϰ=[4.5, 4.4, 4.0, 3.9], ∫ϰ²/L>=[5.1, 5.1, 5.1, 5.3], C-C-Sep=0.10, ║∇J║=6.7e-05
Iteration 1801/2000-----
currents: [100000.0, 99999.99999787954, 99999.99999815738, 99999.99999852266]
J=1.8e-05, ⟨Jf⟩=1.7e-05, ⟨B·n⟩=1.3e-03, Len=sum([4.1, 4.0, 3.8, 3.7])=15.7, ϰ=[4.5, 4.4, 4.0, 3.9], ∫ϰ²/L>=[5.1, 5.1, 5.1, 5.3], C-C-Sep=0.10, ║∇J║=6.5e-05
Iteration 1802/2000-----
currents: [100000.0, 99999.99999787542, 99999.9999981541, 99999.9999985203]
J=1.8e-05, ⟨Jf⟩=1.7e-05, ⟨B·n⟩=1.3e-03, Len=sum([4.1, 4.0, 3.8, 3.7])=15.7, ϰ=[4.5, 4.4, 4.0, 3.9], ∫ϰ²/L>=[5.1, 5.1, 5.1, 5.3], C-C-Sep=0.10, ║∇J║=1.4e-04
Iteration 1803/2000-----
currents: [100000.0, 99999.99999787555, 99999.99999815415, 99999.99999852033]
J=1.8e-05, ⟨Jf⟩=1.7e-05, ⟨B·n⟩=1.3e-03, Len=sum([4.1, 4.0, 3.8, 3.7])=15.7, ϰ=[4.5, 4.4, 4.0, 3.9], ∫ϰ²/L>=[5.1, 5.1, 5.1, 5.3], C-C-Sep=0.10, ║∇J║=4.7e-05
Iteration 1804/2000-----
currents: [100000.0, 99999.9999978739, 99999.99999815282, 99999.9999985194]
J=1.8e-05, ⟨Jf⟩=1.7e-05, ⟨B·n⟩=1.3e-03, Len=sum([4.1, 4.0, 3.8, 3.7])=15.7, ϰ=[4.5, 4.4, 4.0, 3.9], ∫ϰ²/L>=[5.1, 5.1, 5.1, 5.3], C-C-Sep=0.10, ║∇J║=4.1e-05
Iteration 1805/2000-----
currents: [100000.0, 99999.99999787175, 99999.99999815108, 99999.99999851816]
J=1.8e-05, ⟨Jf⟩=1.7e-05, ⟨B·n⟩=1.3e-03, Len=sum([4.1, 4.0, 3.8, 3.7])=15.7, ϰ=[4.5, 4.4, 4.0, 3.9], ∫ϰ²/L>=[5.1, 5.1, 5.1, 5.3], C-C-Sep=0.10, ║∇J║=5.0e-05
Iteration 1806/2000-----
currents: [100000.0, 99999.99999786587, 99999.99999814626, 99999.99999851474]
J=1.8e-05, ⟨Jf⟩=1.7e-05, ⟨B·n⟩=1.3e-03, Len=sum([4.1, 4.0, 3.8, 3.7])=15.7, ϰ=[4.5, 4.4, 4.0, 3.9], ∫ϰ²/L>=[5.1, 5.1, 5.1, 5.3], C-C-Sep=0.10, ║∇J║=1.3e-04
Iteration 1807/2000-----
currents: [100000.0, 99999.99999786446, 99999.9999981451, 99999.99999851394]
J=1.8e-05, ⟨Jf⟩=1.7e-05, ⟨B·n⟩=1.3e-03, Len=sum([4.1, 4.0, 3.8, 3.7])=15.7, ϰ=[4.5, 4.4, 4.0, 3.9], ∫ϰ²/L>=[5.1, 5.1, 5.1, 5.3], C-C-Sep=0.10, ║∇J║=4.2e-05
Iteration 1808/2000-----
currents: [100000.0, 99999.99999786352, 99999.99999814428, 99999.99999851335]
J=1.8e-05, ⟨Jf⟩=1.7e-05, ⟨B·n⟩=1.3e-03, Len=sum([4.1, 4.0, 3.8, 3.7])=15.7, ϰ=[4.5, 4.4, 4.0, 3.9], ∫ϰ²/L>=[5.1, 5.1, 5.1, 5.3], C-C-Sep=0.10, ║∇J║=2.7e-05
Iteration 1809/2000-----
currents: [100000.0, 99999.99999786021, 99999.99999814156, 99999.9999985114]
J=1.8e-05, ⟨Jf⟩=1.7e-05, ⟨B·n⟩=1.3e-03, Len=sum([4.1, 4.0, 3.8, 3.7])=15.7, ϰ=[4.5, 4.4, 4.0, 3.9], ∫ϰ²/L>=[5.1, 5.1, 5.1, 5.3], C-C-Sep=0.10, ║∇J║=3.4e-05
Iteration 1810/2000-----
currents: [100000.0, 99999.99999785787, 99999.99999813965, 99999.99999851]
J=1.8e-05, ⟨Jf⟩=1.7e-05, ⟨B·n⟩=1.3e-03, Len=sum([4.1, 4.0, 3.8, 3.7])=15.7, ϰ=[4.5, 4.4, 4.0, 3.9], ∫ϰ²/L>=[5.1, 5.1, 5.1, 5.3], C-C-Sep=0.10, ║∇J║=4.2e-05
Iteration 1811/2000-----
currents: [100000.0, 99999.99999785265, 99999.99999813542, 99999.9999985069]
J=1.8e-05, ⟨Jf⟩=1.7e-05, ⟨B·n⟩=1.3e-03, Len=sum([4.1, 4.0, 3.8, 3.7])=15.7, ϰ=[4.5, 4.4, 4.0, 3.9], ∫ϰ²/L>=[5.1, 5.1, 5.1, 5.3], C-C-Sep=0.10, ║∇J║=6.6e-05
Iteration 1812/2000-----
currents: [100000.0, 99999.99999785231, 99999.9999981352, 99999.99999850674]
J=1.8e-05, ⟨Jf⟩=1.7e-05, ⟨B·n⟩=1.3e-03, Len=sum([4.1, 4.0, 3.8, 3.7])=15.7, ϰ=[4.5, 4.4, 4.0, 3.9], ∫ϰ²/L>=[5.1, 5.1, 5.1, 5.3], C-C-Sep=0.10, ║∇J║=2.6e-05
Iteration 1813/2000-----
currents: [100000.0, 99999.99999785401, 99999.99999813664, 99999.99999850773]
J=1.8e-05, ⟨Jf⟩=1.7e-05, ⟨B·n⟩=1.3e-03, Len=sum([4.1, 4.0, 3.8, 3.7])=15.7, ϰ=[4.5, 4.4, 4.0, 3.9], ∫ϰ²/L>=[5.1, 5.1, 5.1, 5.3], C-C-Sep=0.10, ║∇J║=2.6e-05
Iteration 1814/2000-----
currents: [100000.0, 99999.99999785161, 99999.99999813475, 99999.99999850633]
J=1.8e-05, ⟨Jf⟩=1.7e-05, ⟨B·n⟩=1.3e-03, Len=sum([4.1, 4.0, 3.8, 3.7])=15.7, ϰ=[4.5, 4.4, 4.0, 3.9], ∫ϰ²/L>=[5.1, 5.1, 5.1, 5.3], C-C-Sep=0.10, ║∇J║=3.2e-05
Iteration 1815/2000-----
currents: [100000.0, 99999.99999785105, 99999.9999981343, 99999.99999850597]
J=1.8e-05, ⟨Jf⟩=1.7e-05, ⟨B·n⟩=1.3e-03, Len=sum([4.1, 4.0, 3.8, 3.7])=15.7, ϰ=[4.5, 4.4, 4.0, 3.9], ∫ϰ²/L>=[5.1, 5.1, 5.1, 5.3], C-C-Sep=0.10, ║∇J║=5.2e-05
Iteration 1816/2000-----
currents: [100000.0, 99999.99999784934, 99999.99999813292, 99999.99999850495]
J=1.8e-05, ⟨Jf⟩=1.7e-05, ⟨B·n⟩=1.3e-03, Len=sum([4.1, 4.0, 3.8, 3.7])=15.7, ϰ=[4.5, 4.4, 4.0, 3.9], ∫ϰ²/L>=[5.1, 5.1, 5.1, 5.3], C-C-Sep=0.10, ║∇J║=3.0e-05
Iteration 1817/2000-----
currents: [100000.0, 99999.99999784744, 99999.99999813136, 99999.99999850384]
J=1.8e-05, ⟨Jf⟩=1.7e-05, ⟨B·n⟩=1.3e-03, Len=sum([4.1, 4.0, 3.8, 3.7])=15.7, ϰ=[4.5, 4.4, 4.0, 3.9], ∫ϰ²/L>=[5.1, 5.1, 5.1, 5.3], C-C-Sep=0.10, ║∇J║=2.7e-05
Iteration 1818/2000-----
currents: [100000.0, 99999.99999784544, 99999.99999812967, 99999.99999850271]
J=1.8e-05, ⟨Jf⟩=1.7e-05, ⟨B·n⟩=1.3e-03, Len=sum([4.1, 4.0, 3.8, 3.7])=15.7, ϰ=[4.5, 4.4, 4.0, 3.9], ∫ϰ²/L>=[5.1, 5.1, 5.1, 5.3], C-C-Sep=0.10, ║∇J║=4.0e-05
Iteration 1819/2000-----
currents: [100000.0, 99999.99999784325, 99999.99999812785, 99999.99999850141]
J=1.8e-05, ⟨Jf⟩=1.7e-05, ⟨B·n⟩=1.3e-03, Len=sum([4.1, 4.0, 3.8, 3.7])=15.7, ϰ=[4.5, 4.4, 4.0, 3.9], ∫ϰ²/L>=[5.1, 5.1, 5.1, 5.3], C-C-Sep=0.10, ║∇J║=8.4e-05
Iteration 1820/2000-----
currents: [100000.0, 99999.9999978431, 99999.99999812777, 99999.99999850133]
J=1.8e-05, ⟨Jf⟩=1.7e-05, ⟨B·n⟩=1.3e-03, Len=sum([4.1, 4.0, 3.8, 3.7])=15.7, ϰ=[4.5, 4.4, 4.0, 3.9], ∫ϰ²/L>=[5.1, 5.1, 5.1, 5.3], C-C-Sep=0.10, ║∇J║=3.9e-05
Iteration 1821/2000-----
currents: [100000.0, 99999.99999784265, 99999.99999812742, 99999.99999850108]
J=1.8e-05, ⟨Jf⟩=1.7e-05, ⟨B·n⟩=1.3e-03, Len=sum([4.1, 4.0, 3.8, 3.7])=15.7, ϰ=[4.5, 4.4, 4.0, 3.9], ∫ϰ²/L>=[5.1, 5.1, 5.1, 5.3], C-C-Sep=0.10, ║∇J║=3.4e-05
Iteration 1822/2000-----
currents: [100000.0, 99999.99999784071, 99999.99999812589, 99999.99999849989]
J=1.8e-05, ⟨Jf⟩=1.7e-05, ⟨B·n⟩=1.3e-03, Len=sum([4.1, 4.0, 3.8, 3.7])=15.7, ϰ=[4.5, 4.4, 4.0, 3.9], ∫ϰ²/L>=[5.1, 5.1, 5.1, 5.3], C-C-Sep=0.10, ║∇J║=5.3e-05
Iteration 1823/2000-----
currents: [100000.0, 99999.99999783728, 99999.99999812312, 99999.99999849785]
J=1.8e-05, ⟨Jf⟩=1.7e-05, ⟨B·n⟩=1.3e-03, Len=sum([4.1, 4.0, 3.8, 3.7])=15.7, ϰ=[4.5, 4.4, 4.0, 3.9], ∫ϰ²/L>=[5.1, 5.1, 5.1, 5.3], C-C-Sep=0.10, ║∇J║=5.6e-05
Iteration 1824/2000-----
currents: [100000.0, 99999.99999783066, 99999.99999811765, 99999.99999849382]
J=1.8e-05, ⟨Jf⟩=1.7e-05, ⟨B·n⟩=1.3e-03, Len=sum([4.1, 4.0, 3.8, 3.7])=15.7, ϰ=[4.5, 4.4, 4.0, 3.9], ∫ϰ²/L>=[5.1, 5.1, 5.1, 5.3], C-C-Sep=0.10, ║∇J║=8.4e-05
Iteration 1825/2000-----
currents: [100000.0, 99999.99999782235, 99999.9999981109, 99999.99999848883]
J=1.8e-05, ⟨Jf⟩=1.7e-05, ⟨B·n⟩=1.3e-03, Len=sum([4.1, 4.0, 3.8, 3.7])=15.7, ϰ=[4.5, 4.4, 4.0, 3.9], ∫ϰ²/L>=[5.1, 5.1, 5.1, 5.3], C-C-Sep=0.10, ║∇J║=7.3e-05
Iteration 1826/2000-----
currents: [100000.0, 99999.9999978226, 99999.9999981111, 99999.99999848897]
J=1.8e-05, ⟨Jf⟩=1.7e-05, ⟨B·n⟩=1.3e-03, Len=sum([4.1, 4.0, 3.8, 3.7])=15.7, ϰ=[4.5, 4.4, 4.0, 3.9], ∫ϰ²/L>=[5.1, 5.1, 5.1, 5.3], C-C-Sep=0.10, ║∇J║=4.7e-05
Iteration 1827/2000-----
currents: [100000.0, 99999.99999782107, 99999.99999810976, 99999.99999848804]
J=1.8e-05, ⟨Jf⟩=1.7e-05, ⟨B·n⟩=1.3e-03, Len=sum([4.1, 4.0, 3.8, 3.7])=15.7, ϰ=[4.5, 4.4, 4.0, 3.9], ∫ϰ²/L>=[5.1, 5.1, 5.1, 5.3], C-C-Sep=0.10, ║∇J║=4.1e-05
Iteration 1828/2000-----
currents: [100000.0, 99999.99999781828, 99999.9999981074, 99999.99999848632]
J=1.8e-05, ⟨Jf⟩=1.7e-05, ⟨B·n⟩=1.3e-03, Len=sum([4.1, 4.0, 3.8, 3.7])=15.7, ϰ=[4.5, 4.4, 4.0, 3.9], ∫ϰ²/L>=[5.1, 5.1, 5.1, 5.3], C-C-Sep=0.10, ║∇J║=4.8e-05
Iteration 1829/2000-----
currents: [100000.0, 99999.9999978115, 99999.99999810169, 99999.99999848222]
J=1.8e-05, ⟨Jf⟩=1.7e-05, ⟨B·n⟩=1.3e-03, Len=sum([4.1, 4.0, 3.8, 3.7])=15.7, ϰ=[4.5, 4.4, 4.0, 3.9], ∫ϰ²/L>=[5.1, 5.1, 5.1, 5.3], C-C-Sep=0.10, ║∇J║=8.9e-05
Iteration 1830/2000-----
currents: [100000.0, 99999.99999780607, 99999.99999809703, 99999.99999847887]
J=1.8e-05, ⟨Jf⟩=1.7e-05, ⟨B·n⟩=1.3e-03, Len=sum([4.1, 4.0, 3.8, 3.7])=15.7, ϰ=[4.5, 4.4, 4.0, 3.9], ∫ϰ²/L>=[5.1, 5.1, 5.1, 5.3], C-C-Sep=0.10, ║∇J║=8.4e-05
Iteration 1831/2000-----
currents: [100000.0, 99999.99999780531, 99999.9999980964, 99999.9999984784]
J=1.8e-05, ⟨Jf⟩=1.7e-05, ⟨B·n⟩=1.3e-03, Len=sum([4.1, 4.0, 3.8, 3.7])=15.7, ϰ=[4.5, 4.4, 4.0, 3.9], ∫ϰ²/L>=[5.1, 5.1, 5.1, 5.3], C-C-Sep=0.10, ║∇J║=4.5e-05
Iteration 1832/2000-----
currents: [100000.0, 99999.99999780499, 99999.99999809609, 99999.99999847818]
J=1.8e-05, ⟨Jf⟩=1.7e-05, ⟨B·n⟩=1.3e-03, Len=sum([4.1, 4.0, 3.8, 3.7])=15.7, ϰ=[4.5, 4.4, 4.0, 3.9], ∫ϰ²/L>=[5.1, 5.1, 5.1, 5.3], C-C-Sep=0.10, ║∇J║=4.4e-05
Iteration 1833/2000-----
currents: [100000.0, 99999.99999780327, 99999.99999809459, 99999.99999847711]
J=1.8e-05, ⟨Jf⟩=1.7e-05, ⟨B·n⟩=1.3e-03, Len=sum([4.1, 4.0, 3.8, 3.7])=15.7, ϰ=[4.5, 4.4, 4.0, 3.9], ∫ϰ²/L>=[5.1, 5.1, 5.1, 5.3], C-C-Sep=0.10, ║∇J║=6.6e-05
Iteration 1834/2000-----
currents: [100000.0, 99999.9999978021, 99999.99999809354, 99999.99999847634]
J=1.8e-05, ⟨Jf⟩=1.7e-05, ⟨B·n⟩=1.3e-03, Len=sum([4.1, 4.0, 3.8, 3.7])=15.7, ϰ=[4.5, 4.4, 4.0, 3.9], ∫ϰ²/L>=[5.1, 5.1, 5.1, 5.3], C-C-Sep=0.10, ║∇J║=4.9e-05
Iteration 1835/2000-----
currents: [100000.0, 99999.99999780025, 99999.99999809194, 99999.99999847518]
J=1.8e-05, ⟨Jf⟩=1.7e-05, ⟨B·n⟩=1.3e-03, Len=sum([4.1, 4.0, 3.8, 3.7])=15.7, ϰ=[4.5, 4.4, 4.0, 3.9], ∫ϰ²/L>=[5.1, 5.1, 5.1, 5.3], C-C-Sep=0.10, ║∇J║=4.1e-05
Iteration 1836/2000-----
currents: [100000.0, 99999.99999779894, 99999.99999809072, 99999.99999847428]
J=1.8e-05, ⟨Jf⟩=1.7e-05, ⟨B·n⟩=1.3e-03, Len=sum([4.1, 4.0, 3.8, 3.7])=15.7, ϰ=[4.5, 4.4, 4.0, 3.9], ∫ϰ²/L>=[5.1, 5.1, 5.1, 5.3], C-C-Sep=0.10, ║∇J║=6.3e-05
Iteration 1837/2000-----
currents: [100000.0, 99999.99999779878, 99999.99999809063, 99999.9999984742]
J=1.8e-05, ⟨Jf⟩=1.7e-05, ⟨B·n⟩=1.3e-03, Len=sum([4.1, 4.0, 3.8, 3.7])=15.7, ϰ=[4.5, 4.4, 4.0, 3.9], ∫ϰ²/L>=[5.1, 5.1, 5.1, 5.3], C-C-Sep=0.10, ║∇J║=3.4e-05
Iteration 1838/2000-----
currents: [100000.0, 99999.99999779776, 99999.9999980898, 99999.9999984736]
J=1.8e-05, ⟨Jf⟩=1.7e-05, ⟨B·n⟩=1.3e-03, Len=sum([4.1, 4.0, 3.8, 3.7])=15.7, ϰ=[4.5, 4.4, 4.0, 3.9], ∫ϰ²/L>=[5.1, 5.1, 5.1, 5.3], C-C-Sep=0.10, ║∇J║=2.8e-05
Iteration 1839/2000-----
currents: [100000.0, 99999.99999779767, 99999.99999808965, 99999.99999847347]
J=1.8e-05, ⟨Jf⟩=1.7e-05, ⟨B·n⟩=1.3e-03, Len=sum([4.1, 4.0, 3.8, 3.7])=15.7, ϰ=[4.5, 4.4, 4.0, 3.9], ∫ϰ²/L>=[5.1, 5.1, 5.1, 5.3], C-C-Sep=0.10, ║∇J║=3.5e-05
Iteration 1840/2000-----
currents: [100000.0, 99999.99999779406, 99999.99999808663, 99999.99999847129]
J=1.8e-05, ⟨Jf⟩=1.7e-05, ⟨B·n⟩=1.3e-03, Len=sum([4.1, 4.0, 3.8, 3.7])=15.7, ϰ=[4.5, 4.4, 4.0, 3.9], ∫ϰ²/L>=[5.1, 5.1, 5.1, 5.3], C-C-Sep=0.10, ║∇J║=4.3e-05
Iteration 1841/2000-----
currents: [100000.0, 99999.99999779474, 99999.99999808705, 99999.99999847153]
J=1.8e-05, ⟨Jf⟩=1.7e-05, ⟨B·n⟩=1.3e-03, Len=sum([4.1, 4.0, 3.8, 3.7])=15.7, ϰ=[4.5, 4.4, 4.0, 3.9], ∫ϰ²/L>=[5.1, 5.1, 5.1, 5.3], C-C-Sep=0.10, ║∇J║=3.3e-05
Iteration 1842/2000-----
currents: [100000.0, 99999.99999779629, 99999.99999808826, 99999.99999847234]
J=1.8e-05, ⟨Jf⟩=1.7e-05, ⟨B·n⟩=1.3e-03, Len=sum([4.1, 4.0, 3.8, 3.7])=15.7, ϰ=[4.5, 4.4, 4.0, 3.9], ∫ϰ²/L>=[5.1, 5.1, 5.1, 5.3], C-C-Sep=0.10, ║∇J║=2.4e-05
Iteration 1843/2000-----
currents: [100000.0, 99999.99999779406, 99999.99999808644, 99999.99999847097]
J=1.8e-05, ⟨Jf⟩=1.7e-05, ⟨B·n⟩=1.3e-03, Len=sum([4.1, 4.0, 3.8, 3.7])=15.7, ϰ=[4.5, 4.4, 4.0, 3.9], ∫ϰ²/L>=[5.1, 5.1, 5.1, 5.3], C-C-Sep=0.10, ║∇J║=3.7e-05
Iteration 1844/2000-----
currents: [100000.0, 99999.99999779637, 99999.9999980883, 99999.99999847222]
J=1.8e-05, ⟨Jf⟩=1.7e-05, ⟨B·n⟩=1.3e-03, Len=sum([4.1, 4.0, 3.8, 3.7])=15.7, ϰ=[4.5, 4.4, 4.0, 3.9], ∫ϰ²/L>=[5.1, 5.1, 5.1, 5.3], C-C-Sep=0.10, ║∇J║=3.9e-05
Iteration 1845/2000-----
currents: [100000.0, 99999.99999779774, 99999.99999808939, 99999.99999847292]
J=1.8e-05, ⟨Jf⟩=1.7e-05, ⟨B·n⟩=1.3e-03, Len=sum([4.1, 4.0, 3.8, 3.7])=15.7, ϰ=[4.5, 4.4, 4.0, 3.9], ∫ϰ²/L>=[5.1, 5.1, 5.1, 5.3], C-C-Sep=0.10, ║∇J║=3.5e-05
Iteration 1846/2000-----
currents: [100000.0, 99999.9999977944, 99999.99999808663, 99999.9999984709]
J=1.8e-05, ⟨Jf⟩=1.7e-05, ⟨B·n⟩=1.3e-03, Len=sum([4.1, 4.0, 3.8, 3.7])=15.7, ϰ=[4.5, 4.4, 4.0, 3.9], ∫ϰ²/L>=[5.1, 5.1, 5.1, 5.3], C-C-Sep=0.10, ║∇J║=5.0e-05
Iteration 1847/2000-----
currents: [100000.0, 99999.99999779309, 99999.99999808549, 99999.99999847011]
J=1.8e-05, ⟨Jf⟩=1.7e-05, ⟨B·n⟩=1.3e-03, Len=sum([4.1, 4.0, 3.8, 3.7])=15.7, ϰ=[4.5, 4.4, 4.0, 3.9], ∫ϰ²/L>=[5.1, 5.1, 5.1, 5.3], C-C-Sep=0.10, ║∇J║=4.1e-05
Iteration 1848/2000-----
currents: [100000.0, 99999.99999778924, 99999.99999808226, 99999.9999984679]
J=1.8e-05, ⟨Jf⟩=1.7e-05, ⟨B·n⟩=1.3e-03, Len=sum([4.1, 4.0, 3.8, 3.7])=15.7, ϰ=[4.5, 4.4, 4.0, 3.9], ∫ϰ²/L>=[5.1, 5.1, 5.1, 5.3], C-C-Sep=0.10, ║∇J║=4.3e-05
Iteration 1849/2000-----
currents: [100000.0, 99999.9999977862, 99999.99999807966, 99999.99999846611]
J=1.8e-05, ⟨Jf⟩=1.7e-05, ⟨B·n⟩=1.3e-03, Len=sum([4.1, 4.0, 3.8, 3.7])=15.7, ϰ=[4.5, 4.4, 4.0, 3.9], ∫ϰ²/L>=[5.1, 5.1, 5.1, 5.3], C-C-Sep=0.10, ║∇J║=4.9e-05
Iteration 1850/2000-----
currents: [100000.0, 99999.99999778274, 99999.99999807669, 99999.99999846402]
J=1.8e-05, ⟨Jf⟩=1.7e-05, ⟨B·n⟩=1.3e-03, Len=sum([4.1, 4.0, 3.8, 3.7])=15.7, ϰ=[4.5, 4.4, 4.0, 3.9], ∫ϰ²/L>=[5.1, 5.1, 5.1, 5.3], C-C-Sep=0.10, ║∇J║=5.2e-05
Iteration 1851/2000-----
currents: [100000.0, 99999.99999778088, 99999.99999807509, 99999.99999846282]
J=1.8e-05, ⟨Jf⟩=1.7e-05, ⟨B·n⟩=1.3e-03, Len=sum([4.1, 4.0, 3.8, 3.7])=15.7, ϰ=[4.5, 4.4, 4.0, 3.9], ∫ϰ²/L>=[5.1, 5.1, 5.1, 5.3], C-C-Sep=0.10, ║∇J║=4.9e-05
Iteration 1852/2000-----
currents: [100000.0, 99999.99999778156, 99999.99999807555, 99999.99999846298]
J=1.8e-05, ⟨Jf⟩=1.7e-05, ⟨B·n⟩=1.3e-03, Len=sum([4.1, 4.0, 3.8, 3.7])=15.7, ϰ=[4.5, 4.4, 4.0, 3.9], ∫ϰ²/L>=[5.1, 5.1, 5.1, 5.3], C-C-Sep=0.10, ║∇J║=6.0e-05
Iteration 1853/2000-----
currents: [100000.0, 99999.99999777888, 99999.99999807328, 99999.99999846121]
J=1.8e-05, ⟨Jf⟩=1.7e-05, ⟨B·n⟩=1.3e-03, Len=sum([4.1, 4.0, 3.8, 3.7])=15.7, ϰ=[4.5, 4.4, 4.0, 3.9], ∫ϰ²/L>=[5.1, 5.1, 5.1, 5.3], C-C-Sep=0.10, ║∇J║=7.1e-05
Iteration 1854/2000-----
currents: [100000.0, 99999.99999777823, 99999.99999807273, 99999.99999846071]
J=1.8e-05, ⟨Jf⟩=1.7e-05, ⟨B·n⟩=1.3e-03, Len=sum([4.1, 4.0, 3.8, 3.7])=15.7, ϰ=[4.5, 4.4, 4.0, 3.9], ∫ϰ²/L>=[5.1, 5.1, 5.1, 5.3], C-C-Sep=0.10, ║∇J║=5.5e-05
Iteration 1855/2000-----
currents: [100000.0, 99999.99999777603, 99999.99999807085, 99999.99999845927]
J=1.8e-05, ⟨Jf⟩=1.7e-05, ⟨B·n⟩=1.3e-03, Len=sum([4.1, 4.0, 3.8, 3.7])=15.7, ϰ=[4.5, 4.4, 4.0, 3.9], ∫ϰ²/L>=[5.1, 5.1, 5.1, 5.3], C-C-Sep=0.10, ║∇J║=6.6e-05
Iteration 1856/2000-----
currents: [100000.0, 99999.99999777188, 99999.99999806736, 99999.9999984567]
J=1.8e-05, ⟨Jf⟩=1.7e-05, ⟨B·n⟩=1.3e-03, Len=sum([4.1, 4.0, 3.8, 3.7])=15.7, ϰ=[4.5, 4.4, 4.0, 3.9], ∫ϰ²/L>=[5.1, 5.1, 5.1, 5.3], C-C-Sep=0.10, ║∇J║=9.4e-05
Iteration 1857/2000-----
currents: [100000.0, 99999.99999777024, 99999.99999806599, 99999.99999845568]
J=1.8e-05, ⟨Jf⟩=1.7e-05, ⟨B·n⟩=1.3e-03, Len=sum([4.1, 4.0, 3.8, 3.7])=15.7, ϰ=[4.5, 4.4, 4.0, 3.9], ∫ϰ²/L>=[5.1, 5.1, 5.1, 5.3], C-C-Sep=0.10, ║∇J║=6.3e-05
Iteration 1858/2000-----
currents: [100000.0, 99999.99999776835, 99999.99999806435, 99999.99999845441]
J=1.8e-05, ⟨Jf⟩=1.7e-05, ⟨B·n⟩=1.3e-03, Len=sum([4.1, 4.0, 3.8, 3.7])=15.7, ϰ=[4.5, 4.4, 4.0, 3.9], ∫ϰ²/L>=[5.1, 5.1, 5.1, 5.3], C-C-Sep=0.10, ║∇J║=4.5e-05
Iteration 1859/2000-----
currents: [100000.0, 99999.99999776541, 99999.99999806189, 99999.99999845255]
J=1.8e-05, ⟨Jf⟩=1.7e-05, ⟨B·n⟩=1.3e-03, Len=sum([4.1, 4.0, 3.8, 3.7])=15.7, ϰ=[4.5, 4.4, 4.0, 3.9], ∫ϰ²/L>=[5.1, 5.1, 5.1, 5.3], C-C-Sep=0.10, ║∇J║=5.1e-05
Iteration 1860/2000-----
currents: [100000.0, 99999.9999977648, 99999.99999806132, 99999.99999845191]
J=1.8e-05, ⟨Jf⟩=1.7e-05, ⟨B·n⟩=1.3e-03, Len=sum([4.1, 4.0, 3.8, 3.7])=15.7, ϰ=[4.5, 4.4, 4.0, 3.9], ∫ϰ²/L>=[5.1, 5.1, 5.1, 5.3], C-C-Sep=0.10, ║∇J║=5.9e-05
Iteration 1861/2000-----
currents: [100000.0, 99999.99999776158, 99999.9999980586, 99999.99999844984]
J=1.8e-05, ⟨Jf⟩=1.7e-05, ⟨B·n⟩=1.3e-03, Len=sum([4.1, 4.0, 3.8, 3.7])=15.7, ϰ=[4.5, 4.4, 4.0, 3.9], ∫ϰ²/L>=[5.1, 5.1, 5.1, 5.3], C-C-Sep=0.10, ║∇J║=4.8e-05
Iteration 1862/2000-----
currents: [100000.0, 99999.99999775985, 99999.99999805714, 99999.99999844875]
J=1.8e-05, ⟨Jf⟩=1.7e-05, ⟨B·n⟩=1.3e-03, Len=sum([4.1, 4.0, 3.8, 3.7])=15.7, ϰ=[4.5, 4.4, 4.0, 3.9], ∫ϰ²/L>=[5.1, 5.1, 5.1, 5.3], C-C-Sep=0.10, ║∇J║=3.6e-05
Iteration 1863/2000-----
currents: [100000.0, 99999.99999776014, 99999.99999805736, 99999.99999844888]
J=1.8e-05, ⟨Jf⟩=1.7e-05, ⟨B·n⟩=1.3e-03, Len=sum([4.1, 4.0, 3.8, 3.7])=15.7, ϰ=[4.5, 4.4, 4.0, 3.9], ∫ϰ²/L>=[5.1, 5.1, 5.1, 5.3], C-C-Sep=0.10, ║∇J║=4.8e-05
Iteration 1864/2000-----
currents: [100000.0, 99999.99999775806, 99999.99999805565, 99999.99999844765]
J=1.8e-05, ⟨Jf⟩=1.7e-05, ⟨B·n⟩=1.3e-03, Len=sum([4.1, 4.0, 3.8, 3.7])=15.7, ϰ=[4.5, 4.4, 4.0, 3.9], ∫ϰ²/L>=[5.1, 5.1, 5.1, 5.3], C-C-Sep=0.10, ║∇J║=3.6e-05
Iteration 1865/2000-----
currents: [100000.0, 99999.99999775732, 99999.99999805503, 99999.9999984472]
J=1.8e-05, ⟨Jf⟩=1.7e-05, ⟨B·n⟩=1.3e-03, Len=sum([4.1, 4.0, 3.8, 3.7])=15.7, ϰ=[4.5, 4.4, 4.0, 3.9], ∫ϰ²/L>=[5.1, 5.1, 5.1, 5.3], C-C-Sep=0.10, ║∇J║=3.0e-05
Iteration 1866/2000-----
currents: [100000.0, 99999.99999775545, 99999.9999980535, 99999.99999844607]
J=1.8e-05, ⟨Jf⟩=1.7e-05, ⟨B·n⟩=1.3e-03, Len=sum([4.1, 4.0, 3.8, 3.7])=15.7, ϰ=[4.5, 4.4, 4.0, 3.9], ∫ϰ²/L>=[5.1, 5.1, 5.1, 5.3], C-C-Sep=0.10, ║∇J║=3.8e-05
Iteration 1867/2000-----
currents: [100000.0, 99999.99999775531, 99999.99999805336, 99999.99999844591]
J=1.8e-05, ⟨Jf⟩=1.7e-05, ⟨B·n⟩=1.3e-03, Len=sum([4.1, 4.0, 3.8, 3.7])=15.7, ϰ=[4.5, 4.4, 4.0, 3.9], ∫ϰ²/L>=[5.1, 5.1, 5.1, 5.3], C-C-Sep=0.10, ║∇J║=4.0e-05
Iteration 1868/2000-----
currents: [100000.0, 99999.9999977545, 99999.99999805268, 99999.9999984454]
J=1.8e-05, ⟨Jf⟩=1.7e-05, ⟨B·n⟩=1.3e-03, Len=sum([4.1, 4.0, 3.8, 3.7])=15.7, ϰ=[4.5, 4.4, 4.0, 3.9], ∫ϰ²/L>=[5.1, 5.1, 5.1, 5.3], C-C-Sep=0.10, ║∇J║=3.0e-05
Iteration 1869/2000-----
currents: [100000.0, 99999.99999775247, 99999.99999805093, 99999.9999984441]
J=1.8e-05, ⟨Jf⟩=1.7e-05, ⟨B·n⟩=1.3e-03, Len=sum([4.1, 4.0, 3.8, 3.7])=15.7, ϰ=[4.5, 4.4, 4.0, 3.9], ∫ϰ²/L>=[5.1, 5.1, 5.1, 5.3], C-C-Sep=0.10, ║∇J║=3.1e-05
Iteration 1870/2000-----
currents: [100000.0, 99999.99999775062, 99999.99999804933, 99999.99999844293]
J=1.8e-05, ⟨Jf⟩=1.7e-05, ⟨B·n⟩=1.3e-03, Len=sum([4.1, 4.0, 3.8, 3.7])=15.7, ϰ=[4.5, 4.4, 4.0, 3.9], ∫ϰ²/L>=[5.1, 5.1, 5.1, 5.3], C-C-Sep=0.10, ║∇J║=4.7e-05
Iteration 1871/2000-----
currents: [100000.0, 99999.9999977491, 99999.999998048, 99999.99999844196]
J=1.8e-05, ⟨Jf⟩=1.7e-05, ⟨B·n⟩=1.3e-03, Len=sum([4.1, 4.0, 3.8, 3.7])=15.7, ϰ=[4.5, 4.4, 4.0, 3.9], ∫ϰ²/L>=[5.1, 5.1, 5.1, 5.3], C-C-Sep=0.10, ║∇J║=3.8e-05
Iteration 1872/2000-----
currents: [100000.0, 99999.9999977443, 99999.99999804392, 99999.99999843894]
J=1.8e-05, ⟨Jf⟩=1.7e-05, ⟨B·n⟩=1.3e-03, Len=sum([4.1, 4.0, 3.8, 3.7])=15.7, ϰ=[4.5, 4.4, 4.0, 3.9], ∫ϰ²/L>=[5.1, 5.1, 5.1, 5.3], C-C-Sep=0.10, ║∇J║=3.6e-05
Iteration 1873/2000-----
currents: [100000.0, 99999.99999774122, 99999.99999804133, 99999.99999843704]
J=1.8e-05, ⟨Jf⟩=1.7e-05, ⟨B·n⟩=1.3e-03, Len=sum([4.1, 4.0, 3.8, 3.7])=15.7, ϰ=[4.5, 4.4, 4.0, 3.9], ∫ϰ²/L>=[5.1, 5.1, 5.1, 5.3], C-C-Sep=0.10, ║∇J║=6.0e-05
Iteration 1874/2000-----
currents: [100000.0, 99999.99999774003, 99999.9999980404, 99999.99999843632]
J=1.8e-05, ⟨Jf⟩=1.7e-05, ⟨B·n⟩=1.3e-03, Len=sum([4.1, 4.0, 3.8, 3.7])=15.7, ϰ=[4.5, 4.4, 4.0, 3.9], ∫ϰ²/L>=[5.1, 5.1, 5.1, 5.3], C-C-Sep=0.10, ║∇J║=4.2e-05
Iteration 1875/2000-----
currents: [100000.0, 99999.99999773655, 99999.99999803762, 99999.99999843427]
J=1.8e-05, ⟨Jf⟩=1.7e-05, ⟨B·n⟩=1.3e-03, Len=sum([4.1, 4.0, 3.8, 3.7])=15.7, ϰ=[4.5, 4.4, 4.0, 3.9], ∫ϰ²/L>=[5.1, 5.1, 5.1, 5.3], C-C-Sep=0.10, ║∇J║=3.8e-05
Iteration 1876/2000-----
currents: [100000.0, 99999.99999773492, 99999.99999803634, 99999.99999843328]
J=1.8e-05, ⟨Jf⟩=1.7e-05, ⟨B·n⟩=1.3e-03, Len=sum([4.1, 4.0, 3.8, 3.7])=15.7, ϰ=[4.5, 4.4, 4.0, 3.9], ∫ϰ²/L>=[5.1, 5.1, 5.1, 5.3], C-C-Sep=0.10, ║∇J║=4.5e-05
Iteration 1877/2000-----
currents: [100000.0, 99999.99999772749, 99999.99999803024, 99999.99999842879]
J=1.8e-05, ⟨Jf⟩=1.7e-05, ⟨B·n⟩=1.3e-03, Len=sum([4.1, 4.0, 3.8, 3.7])=15.7, ϰ=[4.5, 4.4, 4.0, 3.9], ∫ϰ²/L>=[5.1, 5.1, 5.1, 5.3], C-C-Sep=0.10, ║∇J║=8.2e-05
Iteration 1878/2000-----
currents: [100000.0, 99999.99999772567, 99999.9999980287, 99999.99999842767]
J=1.8e-05, ⟨Jf⟩=1.7e-05, ⟨B·n⟩=1.3e-03, Len=sum([4.1, 4.0, 3.8, 3.7])=15.7, ϰ=[4.5, 4.4, 4.0, 3.9], ∫ϰ²/L>=[5.1, 5.1, 5.1, 5.3], C-C-Sep=0.10, ║∇J║=4.3e-05
Iteration 1879/2000-----
currents: [100000.0, 99999.99999772539, 99999.99999802839, 99999.99999842743]
J=1.8e-05, ⟨Jf⟩=1.7e-05, ⟨B·n⟩=1.3e-03, Len=sum([4.1, 4.0, 3.8, 3.7])=15.7, ϰ=[4.5, 4.4, 4.0, 3.9], ∫ϰ²/L>=[5.1, 5.1, 5.1, 5.3], C-C-Sep=0.10, ║∇J║=4.0e-05
Iteration 1880/2000-----
currents: [100000.0, 99999.99999771926, 99999.99999802324, 99999.9999984237]
J=1.8e-05, ⟨Jf⟩=1.7e-05, ⟨B·n⟩=1.3e-03, Len=sum([4.1, 4.0, 3.8, 3.7])=15.7, ϰ=[4.5, 4.4, 4.0, 3.9], ∫ϰ²/L>=[5.1, 5.1, 5.1, 5.3], C-C-Sep=0.10, ║∇J║=5.1e-05
Iteration 1881/2000-----
currents: [100000.0, 99999.99999771683, 99999.9999980211, 99999.99999842209]
J=1.8e-05, ⟨Jf⟩=1.7e-05, ⟨B·n⟩=1.3e-03, Len=sum([4.1, 4.0, 3.8, 3.7])=15.7, ϰ=[4.5, 4.4, 4.0, 3.9], ∫ϰ²/L>=[5.1, 5.1, 5.1, 5.3], C-C-Sep=0.10, ║∇J║=5.5e-05
Iteration 1882/2000-----
currents: [100000.0, 99999.9999977089, 99999.9999980145, 99999.99999841716]
J=1.8e-05, ⟨Jf⟩=1.7e-05, ⟨B·n⟩=1.3e-03, Len=sum([4.1, 4.0, 3.8, 3.7])=15.7, ϰ=[4.5, 4.4, 4.0, 3.9], ∫ϰ²/L>=[5.1, 5.1, 5.1, 5.3], C-C-Sep=0.10, ║∇J║=9.5e-05
Iteration 1883/2000-----
currents: [100000.0, 99999.99999770516, 99999.9999980114, 99999.99999841492]
J=1.8e-05, ⟨Jf⟩=1.7e-05, ⟨B·n⟩=1.3e-03, Len=sum([4.1, 4.0, 3.8, 3.7])=15.7, ϰ=[4.5, 4.4, 4.0, 3.9], ∫ϰ²/L>=[5.1, 5.1, 5.1, 5.3], C-C-Sep=0.10, ║∇J║=4.0e-05
Iteration 1884/2000-----
currents: [100000.0, 99999.9999977096, 99999.99999801508, 99999.99999841752]
J=1.8e-05, ⟨Jf⟩=1.7e-05, ⟨B·n⟩=1.3e-03, Len=sum([4.1, 4.0, 3.8, 3.7])=15.7, ϰ=[4.5, 4.4, 4.0, 3.9], ∫ϰ²/L>=[5.1, 5.1, 5.1, 5.3], C-C-Sep=0.10, ║∇J║=4.3e-05
Iteration 1885/2000-----
currents: [100000.0, 99999.99999770745, 99999.9999980133, 99999.99999841614]
J=1.8e-05, ⟨Jf⟩=1.7e-05, ⟨B·n⟩=1.3e-03, Len=sum([4.1, 4.0, 3.8, 3.7])=15.7, ϰ=[4.5, 4.4, 4.0, 3.9], ∫ϰ²/L>=[5.1, 5.1, 5.1, 5.3], C-C-Sep=0.10, ║∇J║=4.9e-05
Iteration 1886/2000-----
currents: [100000.0, 99999.99999770742, 99999.99999801321, 99999.9999984158]
J=1.8e-05, ⟨Jf⟩=1.7e-05, ⟨B·n⟩=1.3e-03, Len=sum([4.1, 4.0, 3.8, 3.7])=15.7, ϰ=[4.5, 4.4, 4.0, 3.9], ∫ϰ²/L>=[5.1, 5.1, 5.1, 5.3], C-C-Sep=0.10, ║∇J║=1.2e-04
Iteration 1887/2000-----
currents: [100000.0, 99999.99999770506, 99999.99999801119, 99999.99999841435]
J=1.8e-05, ⟨Jf⟩=1.7e-05, ⟨B·n⟩=1.3e-03, Len=sum([4.1, 4.0, 3.8, 3.7])=15.7, ϰ=[4.5, 4.4, 4.0, 3.9], ∫ϰ²/L>=[5.1, 5.1, 5.1, 5.3], C-C-Sep=0.10, ║∇J║=3.9e-05
Iteration 1888/2000-----
currents: [100000.0, 99999.99999770364, 99999.99999800998, 99999.99999841346]
J=1.8e-05, ⟨Jf⟩=1.7e-05, ⟨B·n⟩=1.3e-03, Len=sum([4.1, 4.0, 3.8, 3.7])=15.7, ϰ=[4.5, 4.4, 4.0, 3.9], ∫ϰ²/L>=[5.1, 5.1, 5.1, 5.3], C-C-Sep=0.10, ║∇J║=2.9e-05
Iteration 1889/2000-----
currents: [100000.0, 99999.9999977026, 99999.99999800904, 99999.9999984127]
J=1.8e-05, ⟨Jf⟩=1.7e-05, ⟨B·n⟩=1.3e-03, Len=sum([4.1, 4.0, 3.8, 3.7])=15.7, ϰ=[4.5, 4.4, 4.0, 3.9], ∫ϰ²/L>=[5.1, 5.1, 5.1, 5.3], C-C-Sep=0.10, ║∇J║=3.3e-05
Iteration 1890/2000-----
currents: [100000.0, 99999.99999770198, 99999.9999980085, 99999.9999984122]
J=1.8e-05, ⟨Jf⟩=1.7e-05, ⟨B·n⟩=1.3e-03, Len=sum([4.1, 4.0, 3.8, 3.7])=15.7, ϰ=[4.5, 4.4, 4.0, 3.9], ∫ϰ²/L>=[5.1, 5.1, 5.1, 5.3], C-C-Sep=0.10, ║∇J║=5.5e-05
Iteration 1891/2000-----
currents: [100000.0, 99999.99999770192, 99999.9999980084, 99999.99999841204]
J=1.8e-05, ⟨Jf⟩=1.7e-05, ⟨B·n⟩=1.3e-03, Len=sum([4.1, 4.0, 3.8, 3.7])=15.7, ϰ=[4.5, 4.4, 4.0, 3.9], ∫ϰ²/L>=[5.1, 5.1, 5.1, 5.3], C-C-Sep=0.10, ║∇J║=3.4e-05
Iteration 1892/2000-----
currents: [100000.0, 99999.99999770307, 99999.99999800928, 99999.99999841265]
J=1.8e-05, ⟨Jf⟩=1.7e-05, ⟨B·n⟩=1.3e-03, Len=sum([4.1, 4.0, 3.8, 3.7])=15.7, ϰ=[4.5, 4.4, 4.0, 3.9], ∫ϰ²/L>=[5.1, 5.1, 5.1, 5.3], C-C-Sep=0.10, ║∇J║=3.0e-05
Iteration 1893/2000-----
currents: [100000.0, 99999.99999770331, 99999.9999980094, 99999.99999841268]
J=1.8e-05, ⟨Jf⟩=1.7e-05, ⟨B·n⟩=1.3e-03, Len=sum([4.1, 4.0, 3.8, 3.7])=15.7, ϰ=[4.5, 4.4, 4.0, 3.9], ∫ϰ²/L>=[5.1, 5.1, 5.1, 5.3], C-C-Sep=0.10, ║∇J║=4.7e-05
Iteration 1894/2000-----
currents: [100000.0, 99999.99999770307, 99999.99999800907, 99999.99999841243]
J=1.8e-05, ⟨Jf⟩=1.7e-05, ⟨B·n⟩=1.3e-03, Len=sum([4.1, 4.0, 3.8, 3.7])=15.7, ϰ=[4.5, 4.4, 4.0, 3.9], ∫ϰ²/L>=[5.1, 5.1, 5.1, 5.3], C-C-Sep=0.10, ║∇J║=6.3e-05
Iteration 1895/2000-----
currents: [100000.0, 99999.99999770259, 99999.99999800856, 99999.99999841207]
J=1.8e-05, ⟨Jf⟩=1.7e-05, ⟨B·n⟩=1.3e-03, Len=sum([4.1, 4.0, 3.8, 3.7])=15.7, ϰ=[4.5, 4.4, 4.0, 3.9], ∫ϰ²/L>=[5.1, 5.1, 5.1, 5.3], C-C-Sep=0.10, ║∇J║=3.8e-05
Iteration 1896/2000-----
currents: [100000.0, 99999.99999770045, 99999.99999800665, 99999.99999841065]
J=1.8e-05, ⟨Jf⟩=1.7e-05, ⟨B·n⟩=1.3e-03, Len=sum([4.1, 4.0, 3.8, 3.7])=15.7, ϰ=[4.5, 4.4, 4.0, 3.9], ∫ϰ²/L>=[5.1, 5.1, 5.1, 5.3], C-C-Sep=0.10, ║∇J║=3.2e-05
Iteration 1897/2000-----
currents: [100000.0, 99999.99999770011, 99999.99999800629, 99999.99999841035]
J=1.8e-05, ⟨Jf⟩=1.7e-05, ⟨B·n⟩=1.3e-03, Len=sum([4.1, 4.0, 3.8, 3.7])=15.7, ϰ=[4.5, 4.4, 4.0, 3.9], ∫ϰ²/L>=[5.1, 5.1, 5.1, 5.3], C-C-Sep=0.10, ║∇J║=3.7e-05
Iteration 1898/2000-----
currents: [100000.0, 99999.99999769985, 99999.99999800586, 99999.9999984099]
J=1.8e-05, ⟨Jf⟩=1.7e-05, ⟨B·n⟩=1.3e-03, Len=sum([4.1, 4.0, 3.8, 3.7])=15.7, ϰ=[4.5, 4.4, 4.0, 3.9], ∫ϰ²/L>=[5.1, 5.1, 5.1, 5.3], C-C-Sep=0.10, ║∇J║=5.5e-05
Iteration 1899/2000-----
currents: [100000.0, 99999.99999770052, 99999.9999980064, 99999.99999841019]
J=1.8e-05, ⟨Jf⟩=1.7e-05, ⟨B·n⟩=1.3e-03, Len=sum([4.1, 4.0, 3.8, 3.7])=15.7, ϰ=[4.5, 4.4, 4.0, 3.9], ∫ϰ²/L>=[5.1, 5.1, 5.1, 5.3], C-C-Sep=0.10, ║∇J║=4.3e-05
Iteration 1900/2000-----
currents: [100000.0, 99999.99999770224, 99999.99999800786, 99999.99999841116]
J=1.8e-05, ⟨Jf⟩=1.7e-05, ⟨B·n⟩=1.3e-03, Len=sum([4.1, 4.0, 3.8, 3.7])=15.7, ϰ=[4.5, 4.4, 4.0, 3.9], ∫ϰ²/L>=[5.1, 5.1, 5.1, 5.3], C-C-Sep=0.10, ║∇J║=4.2e-05
Iteration 1901/2000-----
currents: [100000.0, 99999.99999770409, 99999.99999800941, 99999.99999841214]
J=1.8e-05, ⟨Jf⟩=1.7e-05, ⟨B·n⟩=1.3e-03, Len=sum([4.1, 4.0, 3.8, 3.7])=15.7, ϰ=[4.5, 4.4, 4.0, 3.9], ∫ϰ²/L>=[5.1, 5.1, 5.1, 5.3], C-C-Sep=0.10, ║∇J║=4.9e-05
Iteration 1902/2000-----
currents: [100000.0, 99999.99999770474, 99999.99999800994, 99999.99999841237]
J=1.8e-05, ⟨Jf⟩=1.7e-05, ⟨B·n⟩=1.3e-03, Len=sum([4.1, 4.0, 3.8, 3.7])=15.7, ϰ=[4.5, 4.4, 4.0, 3.9], ∫ϰ²/L>=[5.1, 5.1, 5.1, 5.3], C-C-Sep=0.10, ║∇J║=8.9e-05
Iteration 1903/2000-----
currents: [100000.0, 99999.99999770419, 99999.99999800943, 99999.99999841201]
J=1.8e-05, ⟨Jf⟩=1.7e-05, ⟨B·n⟩=1.3e-03, Len=sum([4.1, 4.0, 3.8, 3.7])=15.7, ϰ=[4.5, 4.4, 4.0, 3.9], ∫ϰ²/L>=[5.1, 5.1, 5.1, 5.3], C-C-Sep=0.10, ║∇J║=3.9e-05
Iteration 1904/2000-----
currents: [100000.0, 99999.99999770251, 99999.99999800794, 99999.99999841092]
J=1.8e-05, ⟨Jf⟩=1.7e-05, ⟨B·n⟩=1.3e-03, Len=sum([4.1, 4.0, 3.8, 3.7])=15.7, ϰ=[4.5, 4.4, 4.0, 3.9], ∫ϰ²/L>=[5.1, 5.1, 5.1, 5.3], C-C-Sep=0.10, ║∇J║=3.2e-05
Iteration 1905/2000-----
currents: [100000.0, 99999.99999770022, 99999.9999980059, 99999.99999840939]
J=1.8e-05, ⟨Jf⟩=1.7e-05, ⟨B·n⟩=1.3e-03, Len=sum([4.1, 4.0, 3.8, 3.7])=15.7, ϰ=[4.5, 4.4, 4.0, 3.9], ∫ϰ²/L>=[5.1, 5.1, 5.1, 5.3], C-C-Sep=0.10, ║∇J║=4.5e-05
Iteration 1906/2000-----
currents: [100000.0, 99999.99999769738, 99999.99999800335, 99999.9999984075]
J=1.8e-05, ⟨Jf⟩=1.7e-05, ⟨B·n⟩=1.3e-03, Len=sum([4.1, 4.0, 3.8, 3.7])=15.7, ϰ=[4.5, 4.4, 4.0, 3.9], ∫ϰ²/L>=[5.1, 5.1, 5.1, 5.3], C-C-Sep=0.10, ║∇J║=5.4e-05
Iteration 1907/2000-----
currents: [100000.0, 99999.99999769234, 99999.99999799888, 99999.99999840414]
J=1.8e-05, ⟨Jf⟩=1.7e-05, ⟨B·n⟩=1.3e-03, Len=sum([4.1, 4.0, 3.8, 3.7])=15.7, ϰ=[4.5, 4.4, 4.0, 3.9], ∫ϰ²/L>=[5.1, 5.1, 5.1, 5.3], C-C-Sep=0.10, ║∇J║=1.4e-04
Iteration 1908/2000-----
currents: [100000.0, 99999.99999769508, 99999.99999800131, 99999.99999840597]
J=1.8e-05, ⟨Jf⟩=1.7e-05, ⟨B·n⟩=1.3e-03, Len=sum([4.1, 4.0, 3.8, 3.7])=15.7, ϰ=[4.5, 4.4, 4.0, 3.9], ∫ϰ²/L>=[5.1, 5.1, 5.1, 5.3], C-C-Sep=0.10, ║∇J║=7.3e-05
Iteration 1909/2000-----
currents: [100000.0, 99999.99999769308, 99999.99999799949, 99999.99999840462]
J=1.8e-05, ⟨Jf⟩=1.7e-05, ⟨B·n⟩=1.3e-03, Len=sum([4.1, 4.0, 3.8, 3.7])=15.7, ϰ=[4.5, 4.4, 4.0, 3.9], ∫ϰ²/L>=[5.1, 5.1, 5.1, 5.3], C-C-Sep=0.10, ║∇J║=4.0e-05
Iteration 1910/2000-----
currents: [100000.0, 99999.99999769208, 99999.99999799863, 99999.999998404]
J=1.8e-05, ⟨Jf⟩=1.7e-05, ⟨B·n⟩=1.3e-03, Len=sum([4.1, 4.0, 3.8, 3.7])=15.7, ϰ=[4.5, 4.4, 4.0, 3.9], ∫ϰ²/L>=[5.1, 5.1, 5.1, 5.3], C-C-Sep=0.10, ║∇J║=3.2e-05
Iteration 1911/2000-----
currents: [100000.0, 99999.99999769105, 99999.99999799777, 99999.9999984034]
J=1.8e-05, ⟨Jf⟩=1.7e-05, ⟨B·n⟩=1.3e-03, Len=sum([4.1, 4.0, 3.8, 3.7])=15.7, ϰ=[4.5, 4.4, 4.0, 3.9], ∫ϰ²/L>=[5.1, 5.1, 5.1, 5.3], C-C-Sep=0.10, ║∇J║=4.0e-05
Iteration 1912/2000-----
currents: [100000.0, 99999.999997689, 99999.99999799608, 99999.99999840214]
J=1.8e-05, ⟨Jf⟩=1.7e-05, ⟨B·n⟩=1.3e-03, Len=sum([4.1, 4.0, 3.8, 3.7])=15.7, ϰ=[4.5, 4.4, 4.0, 3.9], ∫ϰ²/L>=[5.1, 5.1, 5.1, 5.3], C-C-Sep=0.10, ║∇J║=6.6e-05
Iteration 1913/2000-----
currents: [100000.0, 99999.99999768761, 99999.99999799495, 99999.9999984013]
J=1.8e-05, ⟨Jf⟩=1.7e-05, ⟨B·n⟩=1.3e-03, Len=sum([4.1, 4.0, 3.8, 3.7])=15.7, ϰ=[4.5, 4.4, 4.0, 3.9], ∫ϰ²/L>=[5.1, 5.1, 5.1, 5.3], C-C-Sep=0.10, ║∇J║=4.0e-05
Iteration 1914/2000-----
currents: [100000.0, 99999.99999768498, 99999.99999799274, 99999.9999983996]
J=1.8e-05, ⟨Jf⟩=1.7e-05, ⟨B·n⟩=1.3e-03, Len=sum([4.1, 4.0, 3.8, 3.7])=15.7, ϰ=[4.5, 4.4, 4.0, 3.9], ∫ϰ²/L>=[5.1, 5.1, 5.1, 5.3], C-C-Sep=0.10, ║∇J║=3.2e-05
Iteration 1915/2000-----
currents: [100000.0, 99999.99999768262, 99999.99999799077, 99999.99999839807]
J=1.8e-05, ⟨Jf⟩=1.7e-05, ⟨B·n⟩=1.3e-03, Len=sum([4.1, 4.0, 3.8, 3.7])=15.7, ϰ=[4.5, 4.4, 4.0, 3.9], ∫ϰ²/L>=[5.1, 5.1, 5.1, 5.3], C-C-Sep=0.10, ║∇J║=3.5e-05
Iteration 1916/2000-----
currents: [100000.0, 99999.9999976787, 99999.9999979875, 99999.99999839549]
J=1.8e-05, ⟨Jf⟩=1.7e-05, ⟨B·n⟩=1.3e-03, Len=sum([4.1, 4.0, 3.8, 3.7])=15.7, ϰ=[4.5, 4.4, 4.0, 3.9], ∫ϰ²/L>=[5.1, 5.1, 5.1, 5.3], C-C-Sep=0.10, ║∇J║=7.2e-05
Iteration 1917/2000-----
currents: [100000.0, 99999.99999767709, 99999.99999798618, 99999.99999839449]
J=1.8e-05, ⟨Jf⟩=1.7e-05, ⟨B·n⟩=1.3e-03, Len=sum([4.1, 4.0, 3.8, 3.7])=15.7, ϰ=[4.5, 4.4, 4.0, 3.9], ∫ϰ²/L>=[5.1, 5.1, 5.1, 5.3], C-C-Sep=0.10, ║∇J║=3.3e-05
Iteration 1918/2000-----
currents: [100000.0, 99999.9999976762, 99999.99999798548, 99999.99999839398]
J=1.8e-05, ⟨Jf⟩=1.7e-05, ⟨B·n⟩=1.3e-03, Len=sum([4.1, 4.0, 3.8, 3.7])=15.7, ϰ=[4.5, 4.4, 4.0, 3.9], ∫ϰ²/L>=[5.1, 5.1, 5.1, 5.3], C-C-Sep=0.10, ║∇J║=3.1e-05
Iteration 1919/2000-----
currents: [100000.0, 99999.99999767354, 99999.99999798331, 99999.99999839239]
J=1.8e-05, ⟨Jf⟩=1.7e-05, ⟨B·n⟩=1.3e-03, Len=sum([4.1, 4.0, 3.8, 3.7])=15.7, ϰ=[4.5, 4.4, 4.0, 3.9], ∫ϰ²/L>=[5.1, 5.1, 5.1, 5.3], C-C-Sep=0.10, ║∇J║=4.0e-05
Iteration 1920/2000-----
currents: [100000.0, 99999.99999766871, 99999.99999797935, 99999.9999983895]
J=1.8e-05, ⟨Jf⟩=1.7e-05, ⟨B·n⟩=1.3e-03, Len=sum([4.1, 4.0, 3.8, 3.7])=15.7, ϰ=[4.5, 4.4, 4.0, 3.9], ∫ϰ²/L>=[5.1, 5.1, 5.1, 5.3], C-C-Sep=0.10, ║∇J║=6.2e-05
Iteration 1921/2000-----
currents: [100000.0, 99999.99999766317, 99999.99999797478, 99999.99999838616]
J=1.8e-05, ⟨Jf⟩=1.7e-05, ⟨B·n⟩=1.3e-03, Len=sum([4.1, 4.0, 3.8, 3.7])=15.7, ϰ=[4.5, 4.4, 4.0, 3.9], ∫ϰ²/L>=[5.1, 5.1, 5.1, 5.3], C-C-Sep=0.10, ║∇J║=3.9e-05
Iteration 1922/2000-----
currents: [100000.0, 99999.99999765876, 99999.99999797113, 99999.9999983835]
J=1.8e-05, ⟨Jf⟩=1.7e-05, ⟨B·n⟩=1.3e-03, Len=sum([4.1, 4.0, 3.8, 3.7])=15.7, ϰ=[4.5, 4.4, 4.0, 3.9], ∫ϰ²/L>=[5.1, 5.1, 5.1, 5.3], C-C-Sep=0.10, ║∇J║=3.0e-05
Iteration 1923/2000-----
currents: [100000.0, 99999.99999765208, 99999.99999796561, 99999.99999837947]
J=1.8e-05, ⟨Jf⟩=1.7e-05, ⟨B·n⟩=1.3e-03, Len=sum([4.1, 4.0, 3.8, 3.7])=15.7, ϰ=[4.5, 4.4, 4.0, 3.9], ∫ϰ²/L>=[5.1, 5.1, 5.1, 5.3], C-C-Sep=0.10, ║∇J║=5.0e-05
Iteration 1924/2000-----
currents: [100000.0, 99999.99999764586, 99999.99999796049, 99999.99999837569]
J=1.8e-05, ⟨Jf⟩=1.7e-05, ⟨B·n⟩=1.3e-03, Len=sum([4.1, 4.0, 3.8, 3.7])=15.7, ϰ=[4.5, 4.4, 4.0, 3.9], ∫ϰ²/L>=[5.1, 5.1, 5.1, 5.3], C-C-Sep=0.10, ║∇J║=6.0e-05
Iteration 1925/2000-----
currents: [100000.0, 99999.9999976443, 99999.99999795922, 99999.99999837471]
J=1.8e-05, ⟨Jf⟩=1.7e-05, ⟨B·n⟩=1.3e-03, Len=sum([4.1, 4.0, 3.8, 3.7])=15.7, ϰ=[4.5, 4.4, 4.0, 3.9], ∫ϰ²/L>=[5.1, 5.1, 5.1, 5.3], C-C-Sep=0.10, ║∇J║=4.3e-05
Iteration 1926/2000-----
currents: [100000.0, 99999.99999763905, 99999.99999795498, 99999.99999837144]
J=1.8e-05, ⟨Jf⟩=1.7e-05, ⟨B·n⟩=1.3e-03, Len=sum([4.1, 4.0, 3.8, 3.7])=15.7, ϰ=[4.5, 4.4, 4.0, 3.9], ∫ϰ²/L>=[5.1, 5.1, 5.1, 5.3], C-C-Sep=0.10, ║∇J║=3.7e-05
Iteration 1927/2000-----
currents: [100000.0, 99999.9999976374, 99999.99999795367, 99999.99999837037]
J=1.8e-05, ⟨Jf⟩=1.7e-05, ⟨B·n⟩=1.3e-03, Len=sum([4.1, 4.0, 3.8, 3.7])=15.7, ϰ=[4.5, 4.4, 4.0, 3.9], ∫ϰ²/L>=[5.1, 5.1, 5.1, 5.3], C-C-Sep=0.10, ║∇J║=5.5e-05
Iteration 1928/2000-----
currents: [100000.0, 99999.9999976363, 99999.9999979528, 99999.99999836968]
J=1.8e-05, ⟨Jf⟩=1.7e-05, ⟨B·n⟩=1.3e-03, Len=sum([4.1, 4.0, 3.8, 3.7])=15.7, ϰ=[4.5, 4.4, 4.0, 3.9], ∫ϰ²/L>=[5.1, 5.1, 5.1, 5.3], C-C-Sep=0.10, ║∇J║=3.9e-05
Iteration 1929/2000-----
currents: [100000.0, 99999.9999976292, 99999.99999794709, 99999.9999983653]
J=1.8e-05, ⟨Jf⟩=1.7e-05, ⟨B·n⟩=1.3e-03, Len=sum([4.1, 4.0, 3.8, 3.7])=15.7, ϰ=[4.5, 4.4, 4.0, 3.9], ∫ϰ²/L>=[5.1, 5.1, 5.1, 5.3], C-C-Sep=0.10, ║∇J║=3.3e-05
Iteration 1930/2000-----
currents: [100000.0, 99999.99999762698, 99999.99999794534, 99999.9999983639]
J=1.8e-05, ⟨Jf⟩=1.7e-05, ⟨B·n⟩=1.3e-03, Len=sum([4.1, 4.0, 3.8, 3.7])=15.7, ϰ=[4.5, 4.4, 4.0, 3.9], ∫ϰ²/L>=[5.1, 5.1, 5.1, 5.3], C-C-Sep=0.10, ║∇J║=4.4e-05
Iteration 1931/2000-----
currents: [100000.0, 99999.99999761817, 99999.99999793823, 99999.99999835851]
J=1.8e-05, ⟨Jf⟩=1.7e-05, ⟨B·n⟩=1.3e-03, Len=sum([4.1, 4.0, 3.8, 3.7])=15.7, ϰ=[4.5, 4.4, 4.0, 3.9], ∫ϰ²/L>=[5.1, 5.1, 5.1, 5.3], C-C-Sep=0.10, ║∇J║=4.5e-05
Iteration 1932/2000-----
currents: [100000.0, 99999.99999761104, 99999.99999793246, 99999.99999835422]
J=1.8e-05, ⟨Jf⟩=1.7e-05, ⟨B·n⟩=1.3e-03, Len=sum([4.1, 4.0, 3.8, 3.7])=15.7, ϰ=[4.5, 4.4, 4.0, 3.9], ∫ϰ²/L>=[5.1, 5.1, 5.1, 5.3], C-C-Sep=0.10, ║∇J║=4.9e-05
Iteration 1933/2000-----
currents: [100000.0, 99999.9999976107, 99999.99999793223, 99999.99999835403]
J=1.8e-05, ⟨Jf⟩=1.7e-05, ⟨B·n⟩=1.3e-03, Len=sum([4.1, 4.0, 3.8, 3.7])=15.7, ϰ=[4.5, 4.4, 4.0, 3.9], ∫ϰ²/L>=[5.1, 5.1, 5.1, 5.3], C-C-Sep=0.10, ║∇J║=4.1e-05
Iteration 1934/2000-----
currents: [100000.0, 99999.99999760276, 99999.99999792562, 99999.99999834926]
J=1.8e-05, ⟨Jf⟩=1.7e-05, ⟨B·n⟩=1.3e-03, Len=sum([4.1, 4.0, 3.8, 3.7])=15.7, ϰ=[4.5, 4.4, 4.0, 3.9], ∫ϰ²/L>=[5.1, 5.1, 5.1, 5.3], C-C-Sep=0.10, ║∇J║=4.3e-05
Iteration 1935/2000-----
currents: [100000.0, 99999.99999760163, 99999.99999792465, 99999.9999983486]
J=1.8e-05, ⟨Jf⟩=1.7e-05, ⟨B·n⟩=1.3e-03, Len=sum([4.1, 4.0, 3.8, 3.7])=15.7, ϰ=[4.5, 4.4, 4.0, 3.9], ∫ϰ²/L>=[5.1, 5.1, 5.1, 5.3], C-C-Sep=0.10, ║∇J║=5.5e-05
Iteration 1936/2000-----
currents: [100000.0, 99999.99999759994, 99999.99999792331, 99999.99999834763]
J=1.8e-05, ⟨Jf⟩=1.7e-05, ⟨B·n⟩=1.3e-03, Len=sum([4.1, 4.0, 3.8, 3.7])=15.7, ϰ=[4.5, 4.4, 4.0, 3.9], ∫ϰ²/L>=[5.1, 5.1, 5.1, 5.3], C-C-Sep=0.10, ║∇J║=3.8e-05
Iteration 1937/2000-----
currents: [100000.0, 99999.99999759483, 99999.99999791909, 99999.99999834453]
J=1.8e-05, ⟨Jf⟩=1.7e-05, ⟨B·n⟩=1.3e-03, Len=sum([4.1, 4.0, 3.8, 3.7])=15.7, ϰ=[4.5, 4.4, 4.0, 3.9], ∫ϰ²/L>=[5.1, 5.1, 5.1, 5.3], C-C-Sep=0.10, ║∇J║=4.1e-05
Iteration 1938/2000-----
currents: [100000.0, 99999.99999759448, 99999.99999791883, 99999.99999834431]
J=1.8e-05, ⟨Jf⟩=1.7e-05, ⟨B·n⟩=1.3e-03, Len=sum([4.1, 4.0, 3.8, 3.7])=15.7, ϰ=[4.5, 4.4, 4.0, 3.9], ∫ϰ²/L>=[5.1, 5.1, 5.1, 5.3], C-C-Sep=0.10, ║∇J║=4.6e-05
Iteration 1939/2000-----
currents: [100000.0, 99999.99999759163, 99999.99999791651, 99999.99999834255]
J=1.8e-05, ⟨Jf⟩=1.7e-05, ⟨B·n⟩=1.3e-03, Len=sum([4.1, 4.0, 3.8, 3.7])=15.7, ϰ=[4.5, 4.4, 4.0, 3.9], ∫ϰ²/L>=[5.1, 5.1, 5.1, 5.3], C-C-Sep=0.10, ║∇J║=3.6e-05
Iteration 1940/2000-----
currents: [100000.0, 99999.99999759092, 99999.99999791586, 99999.99999834195]
J=1.8e-05, ⟨Jf⟩=1.7e-05, ⟨B·n⟩=1.3e-03, Len=sum([4.1, 4.0, 3.8, 3.7])=15.7, ϰ=[4.5, 4.4, 4.0, 3.9], ∫ϰ²/L>=[5.1, 5.1, 5.1, 5.3], C-C-Sep=0.10, ║∇J║=5.4e-05
Iteration 1941/2000-----
currents: [100000.0, 99999.99999758694, 99999.99999791259, 99999.99999833941]
J=1.8e-05, ⟨Jf⟩=1.7e-05, ⟨B·n⟩=1.3e-03, Len=sum([4.1, 4.0, 3.8, 3.7])=15.7, ϰ=[4.5, 4.4, 4.0, 3.9], ∫ϰ²/L>=[5.1, 5.1, 5.1, 5.3], C-C-Sep=0.10, ║∇J║=6.1e-05
Iteration 1942/2000-----
currents: [100000.0, 99999.99999758834, 99999.99999791372, 99999.9999983402]
J=1.8e-05, ⟨Jf⟩=1.7e-05, ⟨B·n⟩=1.3e-03, Len=sum([4.1, 4.0, 3.8, 3.7])=15.7, ϰ=[4.5, 4.4, 4.0, 3.9], ∫ϰ²/L>=[5.1, 5.1, 5.1, 5.3], C-C-Sep=0.10, ║∇J║=4.1e-05
Iteration 1943/2000-----
currents: [100000.0, 99999.99999759035, 99999.9999979153, 99999.99999834121]
J=1.8e-05, ⟨Jf⟩=1.7e-05, ⟨B·n⟩=1.3e-03, Len=sum([4.1, 4.0, 3.8, 3.7])=15.7, ϰ=[4.5, 4.4, 4.0, 3.9], ∫ϰ²/L>=[5.1, 5.1, 5.1, 5.3], C-C-Sep=0.10, ║∇J║=3.7e-05
Iteration 1944/2000-----
currents: [100000.0, 99999.99999758994, 99999.99999791491, 99999.99999834079]
J=1.8e-05, ⟨Jf⟩=1.7e-05, ⟨B·n⟩=1.3e-03, Len=sum([4.1, 4.0, 3.8, 3.7])=15.7, ϰ=[4.5, 4.4, 4.0, 3.9], ∫ϰ²/L>=[5.1, 5.1, 5.1, 5.3], C-C-Sep=0.10, ║∇J║=4.1e-05
Iteration 1945/2000-----
currents: [100000.0, 99999.9999975865, 99999.99999791202, 99999.99999833836]
J=1.8e-05, ⟨Jf⟩=1.7e-05, ⟨B·n⟩=1.3e-03, Len=sum([4.1, 4.0, 3.8, 3.7])=15.7, ϰ=[4.5, 4.4, 4.0, 3.9], ∫ϰ²/L>=[5.1, 5.1, 5.1, 5.3], C-C-Sep=0.10, ║∇J║=5.5e-05
Iteration 1946/2000-----
currents: [100000.0, 99999.9999975876, 99999.9999979129, 99999.99999833893]
J=1.8e-05, ⟨Jf⟩=1.7e-05, ⟨B·n⟩=1.3e-03, Len=sum([4.1, 4.0, 3.8, 3.7])=15.7, ϰ=[4.5, 4.4, 4.0, 4.0], ∫ϰ²/L>=[5.1, 5.1, 5.1, 5.3], C-C-Sep=0.10, ║∇J║=4.1e-05
Iteration 1947/2000-----
currents: [100000.0, 99999.99999758611, 99999.99999791165, 99999.999998338]
J=1.8e-05, ⟨Jf⟩=1.7e-05, ⟨B·n⟩=1.3e-03, Len=sum([4.1, 4.0, 3.8, 3.7])=15.7, ϰ=[4.5, 4.4, 4.0, 4.0], ∫ϰ²/L>=[5.1, 5.1, 5.1, 5.3], C-C-Sep=0.10, ║∇J║=3.2e-05
Iteration 1948/2000-----
currents: [100000.0, 99999.99999758623, 99999.99999791174, 99999.999998338]
J=1.8e-05, ⟨Jf⟩=1.7e-05, ⟨B·n⟩=1.3e-03, Len=sum([4.1, 4.0, 3.8, 3.7])=15.7, ϰ=[4.5, 4.4, 4.0, 4.0], ∫ϰ²/L>=[5.1, 5.1, 5.1, 5.3], C-C-Sep=0.10, ║∇J║=2.9e-05
Iteration 1949/2000-----
currents: [100000.0, 99999.99999758786, 99999.99999791305, 99999.99999833881]
J=1.8e-05, ⟨Jf⟩=1.7e-05, ⟨B·n⟩=1.3e-03, Len=sum([4.1, 4.0, 3.8, 3.7])=15.7, ϰ=[4.5, 4.4, 4.0, 4.0], ∫ϰ²/L>=[5.1, 5.1, 5.1, 5.3], C-C-Sep=0.10, ║∇J║=4.7e-05
Iteration 1950/2000-----
currents: [100000.0, 99999.99999758719, 99999.99999791246, 99999.99999833819]
J=1.8e-05, ⟨Jf⟩=1.7e-05, ⟨B·n⟩=1.3e-03, Len=sum([4.1, 4.0, 3.8, 3.7])=15.7, ϰ=[4.5, 4.4, 4.0, 4.0], ∫ϰ²/L>=[5.1, 5.1, 5.1, 5.3], C-C-Sep=0.10, ║∇J║=4.3e-05
Iteration 1951/2000-----
currents: [100000.0, 99999.9999975892, 99999.9999979141, 99999.99999833929]
J=1.8e-05, ⟨Jf⟩=1.7e-05, ⟨B·n⟩=1.3e-03, Len=sum([4.1, 4.0, 3.8, 3.7])=15.7, ϰ=[4.5, 4.4, 4.0, 4.0], ∫ϰ²/L>=[5.1, 5.1, 5.1, 5.3], C-C-Sep=0.10, ║∇J║=2.7e-05
Iteration 1952/2000-----
currents: [100000.0, 99999.99999758964, 99999.99999791446, 99999.99999833945]
J=1.8e-05, ⟨Jf⟩=1.7e-05, ⟨B·n⟩=1.3e-03, Len=sum([4.1, 4.0, 3.8, 3.7])=15.7, ϰ=[4.5, 4.4, 4.0, 4.0], ∫ϰ²/L>=[5.1, 5.1, 5.1, 5.3], C-C-Sep=0.10, ║∇J║=2.7e-05
Iteration 1953/2000-----
currents: [100000.0, 99999.99999758916, 99999.99999791408, 99999.99999833906]
J=1.8e-05, ⟨Jf⟩=1.7e-05, ⟨B·n⟩=1.3e-03, Len=sum([4.1, 4.0, 3.8, 3.7])=15.7, ϰ=[4.5, 4.4, 4.0, 4.0], ∫ϰ²/L>=[5.1, 5.1, 5.1, 5.3], C-C-Sep=0.10, ║∇J║=3.5e-05
Iteration 1954/2000-----
currents: [100000.0, 99999.99999758854, 99999.99999791365, 99999.99999833845]
J=1.8e-05, ⟨Jf⟩=1.7e-05, ⟨B·n⟩=1.3e-03, Len=sum([4.1, 4.0, 3.8, 3.7])=15.7, ϰ=[4.5, 4.4, 4.0, 4.0], ∫ϰ²/L>=[5.1, 5.1, 5.1, 5.3], C-C-Sep=0.10, ║∇J║=1.0e-04
Iteration 1955/2000-----
currents: [100000.0, 99999.99999758671, 99999.99999791216, 99999.99999833734]
J=1.8e-05, ⟨Jf⟩=1.7e-05, ⟨B·n⟩=1.3e-03, Len=sum([4.1, 4.0, 3.8, 3.7])=15.7, ϰ=[4.5, 4.4, 4.0, 4.0], ∫ϰ²/L>=[5.1, 5.1, 5.1, 5.3], C-C-Sep=0.10, ║∇J║=3.4e-05
Iteration 1956/2000-----
currents: [100000.0, 99999.99999758629, 99999.99999791183, 99999.99999833711]
J=1.8e-05, ⟨Jf⟩=1.7e-05, ⟨B·n⟩=1.3e-03, Len=sum([4.1, 4.0, 3.8, 3.7])=15.7, ϰ=[4.5, 4.4, 4.0, 4.0], ∫ϰ²/L>=[5.1, 5.1, 5.1, 5.3], C-C-Sep=0.10, ║∇J║=2.9e-05
Iteration 1957/2000-----
currents: [100000.0, 99999.99999758575, 99999.99999791142, 99999.99999833676]
J=1.8e-05, ⟨Jf⟩=1.7e-05, ⟨B·n⟩=1.3e-03, Len=sum([4.1, 4.0, 3.8, 3.7])=15.7, ϰ=[4.5, 4.4, 4.0, 4.0], ∫ϰ²/L>=[5.1, 5.1, 5.1, 5.3], C-C-Sep=0.10, ║∇J║=3.8e-05
Iteration 1958/2000-----
currents: [100000.0, 99999.99999758558, 99999.99999791129, 99999.9999983366]
J=1.8e-05, ⟨Jf⟩=1.7e-05, ⟨B·n⟩=1.3e-03, Len=sum([4.1, 4.0, 3.8, 3.7])=15.7, ϰ=[4.5, 4.4, 4.0, 4.0], ∫ϰ²/L>=[5.1, 5.1, 5.1, 5.3], C-C-Sep=0.10, ║∇J║=4.4e-05
Iteration 1959/2000-----
currents: [100000.0, 99999.9999975845, 99999.99999791048, 99999.99999833578]
J=1.8e-05, ⟨Jf⟩=1.7e-05, ⟨B·n⟩=1.3e-03, Len=sum([4.1, 4.0, 3.8, 3.7])=15.7, ϰ=[4.5, 4.4, 4.0, 4.0], ∫ϰ²/L>=[5.1, 5.1, 5.1, 5.3], C-C-Sep=0.10, ║∇J║=1.3e-04
Iteration 1960/2000-----
currents: [100000.0, 99999.9999975851, 99999.99999791093, 99999.99999833624]
J=1.8e-05, ⟨Jf⟩=1.7e-05, ⟨B·n⟩=1.3e-03, Len=sum([4.1, 4.0, 3.8, 3.7])=15.7, ϰ=[4.5, 4.4, 4.0, 4.0], ∫ϰ²/L>=[5.1, 5.1, 5.1, 5.3], C-C-Sep=0.10, ║∇J║=6.2e-05
Iteration 1961/2000-----
currents: [100000.0, 99999.99999758528, 99999.99999791104, 99999.99999833624]
J=1.8e-05, ⟨Jf⟩=1.7e-05, ⟨B·n⟩=1.3e-03, Len=sum([4.1, 4.0, 3.8, 3.7])=15.7, ϰ=[4.5, 4.4, 4.0, 4.0], ∫ϰ²/L>=[5.1, 5.1, 5.1, 5.3], C-C-Sep=0.10, ║∇J║=3.5e-05
Iteration 1962/2000-----
currents: [100000.0, 99999.99999758514, 99999.99999791087, 99999.99999833608]
J=1.8e-05, ⟨Jf⟩=1.7e-05, ⟨B·n⟩=1.3e-03, Len=sum([4.1, 4.0, 3.8, 3.7])=15.7, ϰ=[4.5, 4.4, 4.0, 4.0], ∫ϰ²/L>=[5.1, 5.1, 5.1, 5.3], C-C-Sep=0.10, ║∇J║=3.2e-05
Iteration 1963/2000-----
currents: [100000.0, 99999.99999758303, 99999.99999790906, 99999.9999983347]
J=1.8e-05, ⟨Jf⟩=1.7e-05, ⟨B·n⟩=1.3e-03, Len=sum([4.1, 4.0, 3.8, 3.7])=15.7, ϰ=[4.5, 4.4, 4.0, 3.9], ∫ϰ²/L>=[5.1, 5.1, 5.1, 5.3], C-C-Sep=0.10, ║∇J║=5.5e-05
Iteration 1964/2000-----
currents: [100000.0, 99999.99999758163, 99999.99999790789, 99999.9999983338]
J=1.8e-05, ⟨Jf⟩=1.7e-05, ⟨B·n⟩=1.3e-03, Len=sum([4.1, 4.0, 3.8, 3.7])=15.7, ϰ=[4.5, 4.4, 4.0, 3.9], ∫ϰ²/L>=[5.1, 5.1, 5.1, 5.3], C-C-Sep=0.10, ║∇J║=3.8e-05
Iteration 1965/2000-----
currents: [100000.0, 99999.99999757891, 99999.99999790564, 99999.99999833218]
J=1.8e-05, ⟨Jf⟩=1.7e-05, ⟨B·n⟩=1.3e-03, Len=sum([4.1, 4.0, 3.8, 3.7])=15.7, ϰ=[4.5, 4.4, 4.0, 3.9], ∫ϰ²/L>=[5.1, 5.1, 5.1, 5.3], C-C-Sep=0.10, ║∇J║=3.0e-05
Iteration 1966/2000-----
currents: [100000.0, 99999.99999757526, 99999.99999790266, 99999.99999832995]
J=1.8e-05, ⟨Jf⟩=1.7e-05, ⟨B·n⟩=1.3e-03, Len=sum([4.1, 4.0, 3.8, 3.7])=15.7, ϰ=[4.5, 4.4, 4.0, 3.9], ∫ϰ²/L>=[5.1, 5.1, 5.1, 5.3], C-C-Sep=0.10, ║∇J║=3.6e-05
Iteration 1967/2000-----
currents: [100000.0, 99999.99999757104, 99999.9999978992, 99999.99999832739]
J=1.8e-05, ⟨Jf⟩=1.7e-05, ⟨B·n⟩=1.3e-03, Len=sum([4.1, 4.0, 3.8, 3.7])=15.7, ϰ=[4.5, 4.4, 4.0, 3.9], ∫ϰ²/L>=[5.1, 5.1, 5.1, 5.3], C-C-Sep=0.10, ║∇J║=6.8e-05
Iteration 1968/2000-----
currents: [100000.0, 99999.99999757066, 99999.9999978989, 99999.99999832716]
J=1.8e-05, ⟨Jf⟩=1.7e-05, ⟨B·n⟩=1.3e-03, Len=sum([4.1, 4.0, 3.8, 3.7])=15.7, ϰ=[4.5, 4.4, 4.0, 3.9], ∫ϰ²/L>=[5.1, 5.1, 5.1, 5.3], C-C-Sep=0.10, ║∇J║=3.1e-05
Iteration 1969/2000-----
currents: [100000.0, 99999.9999975697, 99999.99999789814, 99999.99999832656]
J=1.8e-05, ⟨Jf⟩=1.7e-05, ⟨B·n⟩=1.3e-03, Len=sum([4.1, 4.0, 3.8, 3.7])=15.7, ϰ=[4.5, 4.4, 4.0, 3.9], ∫ϰ²/L>=[5.1, 5.1, 5.1, 5.3], C-C-Sep=0.10, ║∇J║=2.9e-05
Iteration 1970/2000-----
currents: [100000.0, 99999.9999975672, 99999.9999978961, 99999.99999832503]
J=1.8e-05, ⟨Jf⟩=1.7e-05, ⟨B·n⟩=1.3e-03, Len=sum([4.1, 4.0, 3.8, 3.7])=15.7, ϰ=[4.5, 4.4, 4.0, 3.9], ∫ϰ²/L>=[5.1, 5.1, 5.1, 5.3], C-C-Sep=0.10, ║∇J║=3.8e-05
Iteration 1971/2000-----
currents: [100000.0, 99999.99999756244, 99999.99999789223, 99999.99999832215]
J=1.8e-05, ⟨Jf⟩=1.7e-05, ⟨B·n⟩=1.3e-03, Len=sum([4.1, 4.0, 3.8, 3.7])=15.7, ϰ=[4.5, 4.4, 4.0, 3.9], ∫ϰ²/L>=[5.1, 5.1, 5.1, 5.3], C-C-Sep=0.10, ║∇J║=4.6e-05
Iteration 1972/2000-----
currents: [100000.0, 99999.99999755344, 99999.99999788488, 99999.9999983167]
J=1.8e-05, ⟨Jf⟩=1.7e-05, ⟨B·n⟩=1.3e-03, Len=sum([4.1, 4.0, 3.8, 3.7])=15.7, ϰ=[4.5, 4.4, 4.0, 3.9], ∫ϰ²/L>=[5.1, 5.1, 5.1, 5.3], C-C-Sep=0.10, ║∇J║=8.5e-05
Iteration 1973/2000-----
currents: [100000.0, 99999.99999755311, 99999.99999788462, 99999.99999831653]
J=1.8e-05, ⟨Jf⟩=1.7e-05, ⟨B·n⟩=1.3e-03, Len=sum([4.1, 4.0, 3.8, 3.7])=15.7, ϰ=[4.5, 4.4, 4.0, 3.9], ∫ϰ²/L>=[5.1, 5.1, 5.1, 5.3], C-C-Sep=0.10, ║∇J║=3.1e-05
Iteration 1974/2000-----
currents: [100000.0, 99999.99999755235, 99999.999997884, 99999.99999831611]
J=1.8e-05, ⟨Jf⟩=1.7e-05, ⟨B·n⟩=1.3e-03, Len=sum([4.1, 4.0, 3.8, 3.7])=15.7, ϰ=[4.5, 4.4, 4.0, 3.9], ∫ϰ²/L>=[5.1, 5.1, 5.1, 5.3], C-C-Sep=0.10, ║∇J║=3.0e-05
Iteration 1975/2000-----
currents: [100000.0, 99999.99999754896, 99999.99999788126, 99999.99999831413]
J=1.8e-05, ⟨Jf⟩=1.7e-05, ⟨B·n⟩=1.3e-03, Len=sum([4.1, 4.0, 3.8, 3.7])=15.7, ϰ=[4.5, 4.4, 4.0, 3.9], ∫ϰ²/L>=[5.1, 5.1, 5.1, 5.3], C-C-Sep=0.10, ║∇J║=4.0e-05
Iteration 1976/2000-----
currents: [100000.0, 99999.9999975427, 99999.99999787619, 99999.99999831048]
J=1.8e-05, ⟨Jf⟩=1.7e-05, ⟨B·n⟩=1.3e-03, Len=sum([4.1, 4.0, 3.8, 3.7])=15.7, ϰ=[4.5, 4.4, 4.0, 3.9], ∫ϰ²/L>=[5.1, 5.1, 5.1, 5.3], C-C-Sep=0.10, ║∇J║=4.8e-05
Iteration 1977/2000-----
currents: [100000.0, 99999.99999752983, 99999.9999978658, 99999.99999830294]
J=1.8e-05, ⟨Jf⟩=1.7e-05, ⟨B·n⟩=1.3e-03, Len=sum([4.1, 4.0, 3.8, 3.7])=15.7, ϰ=[4.5, 4.4, 4.0, 3.9], ∫ϰ²/L>=[5.1, 5.1, 5.1, 5.3], C-C-Sep=0.10, ║∇J║=1.0e-04
Iteration 1978/2000-----
currents: [100000.0, 99999.99999752436, 99999.99999786135, 99999.99999829981]
J=1.8e-05, ⟨Jf⟩=1.7e-05, ⟨B·n⟩=1.3e-03, Len=sum([4.1, 4.0, 3.8, 3.7])=15.7, ϰ=[4.5, 4.4, 4.0, 3.9], ∫ϰ²/L>=[5.1, 5.1, 5.1, 5.3], C-C-Sep=0.10, ║∇J║=4.3e-05
Iteration 1979/2000-----
currents: [100000.0, 99999.99999752153, 99999.99999785903, 99999.99999829815]
J=1.8e-05, ⟨Jf⟩=1.7e-05, ⟨B·n⟩=1.3e-03, Len=sum([4.1, 4.0, 3.8, 3.7])=15.7, ϰ=[4.5, 4.4, 4.0, 3.9], ∫ϰ²/L>=[5.1, 5.1, 5.1, 5.3], C-C-Sep=0.10, ║∇J║=3.4e-05
Iteration 1980/2000-----
currents: [100000.0, 99999.99999751378, 99999.99999785269, 99999.99999829356]
J=1.8e-05, ⟨Jf⟩=1.7e-05, ⟨B·n⟩=1.3e-03, Len=sum([4.1, 4.0, 3.8, 3.7])=15.7, ϰ=[4.5, 4.4, 4.0, 3.9], ∫ϰ²/L>=[5.1, 5.1, 5.1, 5.3], C-C-Sep=0.10, ║∇J║=3.8e-05
Iteration 1981/2000-----
currents: [100000.0, 99999.99999750756, 99999.99999784764, 99999.99999828987]
J=1.8e-05, ⟨Jf⟩=1.7e-05, ⟨B·n⟩=1.3e-03, Len=sum([4.1, 4.0, 3.8, 3.7])=15.7, ϰ=[4.5, 4.4, 4.0, 3.9], ∫ϰ²/L>=[5.1, 5.1, 5.1, 5.3], C-C-Sep=0.10, ║∇J║=5.0e-05
Iteration 1982/2000-----
currents: [100000.0, 99999.9999974987, 99999.99999784044, 99999.99999828456]
J=1.8e-05, ⟨Jf⟩=1.7e-05, ⟨B·n⟩=1.3e-03, Len=sum([4.1, 4.0, 3.8, 3.7])=15.7, ϰ=[4.5, 4.4, 4.0, 3.9], ∫ϰ²/L>=[5.1, 5.1, 5.1, 5.3], C-C-Sep=0.10, ║∇J║=3.9e-05
Iteration 1983/2000-----
currents: [100000.0, 99999.99999749546, 99999.9999978378, 99999.99999828257]
J=1.8e-05, ⟨Jf⟩=1.7e-05, ⟨B·n⟩=1.3e-03, Len=sum([4.1, 4.0, 3.8, 3.7])=15.7, ϰ=[4.5, 4.4, 4.0, 3.9], ∫ϰ²/L>=[5.1, 5.1, 5.1, 5.3], C-C-Sep=0.10, ║∇J║=3.0e-05
Iteration 1984/2000-----
currents: [100000.0, 99999.99999749211, 99999.99999783513, 99999.99999828052]
J=1.8e-05, ⟨Jf⟩=1.7e-05, ⟨B·n⟩=1.3e-03, Len=sum([4.1, 4.0, 3.8, 3.7])=15.7, ϰ=[4.5, 4.4, 4.0, 3.9], ∫ϰ²/L>=[5.1, 5.1, 5.1, 5.3], C-C-Sep=0.10, ║∇J║=3.7e-05
Iteration 1985/2000-----
currents: [100000.0, 99999.99999749033, 99999.99999783373, 99999.9999982794]
J=1.8e-05, ⟨Jf⟩=1.7e-05, ⟨B·n⟩=1.3e-03, Len=sum([4.1, 4.0, 3.8, 3.7])=15.7, ϰ=[4.5, 4.4, 4.0, 3.9], ∫ϰ²/L>=[5.1, 5.1, 5.1, 5.3], C-C-Sep=0.10, ║∇J║=4.2e-05
Iteration 1986/2000-----
currents: [100000.0, 99999.99999748645, 99999.9999978306, 99999.999998277]
J=1.8e-05, ⟨Jf⟩=1.7e-05, ⟨B·n⟩=1.3e-03, Len=sum([4.1, 4.0, 3.8, 3.7])=15.7, ϰ=[4.5, 4.4, 4.0, 3.9], ∫ϰ²/L>=[5.2, 5.1, 5.1, 5.3], C-C-Sep=0.10, ║∇J║=3.3e-05
Iteration 1987/2000-----
currents: [100000.0, 99999.99999748207, 99999.99999782704, 99999.99999827432]
J=1.8e-05, ⟨Jf⟩=1.7e-05, ⟨B·n⟩=1.3e-03, Len=sum([4.1, 4.0, 3.8, 3.7])=15.7, ϰ=[4.5, 4.4, 4.0, 3.9], ∫ϰ²/L>=[5.2, 5.1, 5.1, 5.3], C-C-Sep=0.10, ║∇J║=4.3e-05
Iteration 1988/2000-----
currents: [100000.0, 99999.99999748169, 99999.99999782674, 99999.99999827407]
J=1.8e-05, ⟨Jf⟩=1.7e-05, ⟨B·n⟩=1.3e-03, Len=sum([4.1, 4.0, 3.8, 3.7])=15.7, ϰ=[4.5, 4.4, 4.0, 3.9], ∫ϰ²/L>=[5.2, 5.1, 5.1, 5.3], C-C-Sep=0.10, ║∇J║=3.6e-05
Iteration 1989/2000-----
currents: [100000.0, 99999.99999748042, 99999.99999782567, 99999.99999827327]
J=1.8e-05, ⟨Jf⟩=1.7e-05, ⟨B·n⟩=1.3e-03, Len=sum([4.1, 4.0, 3.8, 3.7])=15.7, ϰ=[4.5, 4.4, 4.0, 3.9], ∫ϰ²/L>=[5.2, 5.1, 5.1, 5.3], C-C-Sep=0.10, ║∇J║=3.0e-05
Iteration 1990/2000-----
currents: [100000.0, 99999.99999747936, 99999.99999782472, 99999.99999827253]
J=1.8e-05, ⟨Jf⟩=1.7e-05, ⟨B·n⟩=1.3e-03, Len=sum([4.1, 4.0, 3.8, 3.7])=15.7, ϰ=[4.5, 4.5, 4.0, 3.9], ∫ϰ²/L>=[5.2, 5.1, 5.1, 5.3], C-C-Sep=0.10, ║∇J║=3.4e-05
Iteration 1991/2000-----
currents: [100000.0, 99999.99999747482, 99999.99999782101, 99999.99999826968]
J=1.8e-05, ⟨Jf⟩=1.7e-05, ⟨B·n⟩=1.3e-03, Len=sum([4.1, 4.0, 3.8, 3.7])=15.7, ϰ=[4.5, 4.5, 4.0, 3.9], ∫ϰ²/L>=[5.2, 5.1, 5.1, 5.3], C-C-Sep=0.10, ║∇J║=5.7e-05
Iteration 1992/2000-----
currents: [100000.0, 99999.99999747428, 99999.9999978206, 99999.99999826934]
J=1.8e-05, ⟨Jf⟩=1.7e-05, ⟨B·n⟩=1.3e-03, Len=sum([4.1, 4.0, 3.8, 3.7])=15.7, ϰ=[4.5, 4.5, 4.0, 3.9], ∫ϰ²/L>=[5.2, 5.1, 5.1, 5.3], C-C-Sep=0.10, ║∇J║=3.5e-05
Iteration 1993/2000-----
currents: [100000.0, 99999.99999747342, 99999.99999782, 99999.99999826883]
J=1.8e-05, ⟨Jf⟩=1.7e-05, ⟨B·n⟩=1.3e-03, Len=sum([4.1, 4.0, 3.8, 3.7])=15.7, ϰ=[4.5, 4.5, 4.0, 3.9], ∫ϰ²/L>=[5.2, 5.1, 5.1, 5.3], C-C-Sep=0.10, ║∇J║=3.1e-05
Iteration 1994/2000-----
currents: [100000.0, 99999.99999746824, 99999.99999781584, 99999.99999826572]
J=1.8e-05, ⟨Jf⟩=1.7e-05, ⟨B·n⟩=1.3e-03, Len=sum([4.1, 4.0, 3.8, 3.7])=15.7, ϰ=[4.5, 4.5, 4.0, 3.9], ∫ϰ²/L>=[5.2, 5.1, 5.1, 5.3], C-C-Sep=0.10, ║∇J║=3.7e-05
Iteration 1995/2000-----
currents: [100000.0, 99999.99999747003, 99999.99999781745, 99999.99999826685]
J=1.8e-05, ⟨Jf⟩=1.7e-05, ⟨B·n⟩=1.3e-03, Len=sum([4.1, 4.0, 3.8, 3.7])=15.7, ϰ=[4.5, 4.5, 4.0, 3.9], ∫ϰ²/L>=[5.2, 5.1, 5.1, 5.3], C-C-Sep=0.10, ║∇J║=5.1e-05
Iteration 1996/2000-----
currents: [100000.0, 99999.99999746413, 99999.99999781264, 99999.99999826335]
J=1.8e-05, ⟨Jf⟩=1.7e-05, ⟨B·n⟩=1.3e-03, Len=sum([4.1, 4.0, 3.8, 3.7])=15.7, ϰ=[4.5, 4.5, 4.0, 3.9], ∫ϰ²/L>=[5.2, 5.1, 5.1, 5.3], C-C-Sep=0.10, ║∇J║=4.6e-05
Iteration 1997/2000-----
currents: [100000.0, 99999.99999746011, 99999.99999780931, 99999.99999826093]
J=1.8e-05, ⟨Jf⟩=1.7e-05, ⟨B·n⟩=1.3e-03, Len=sum([4.1, 4.0, 3.8, 3.7])=15.7, ϰ=[4.5, 4.5, 4.0, 3.9], ∫ϰ²/L>=[5.2, 5.1, 5.1, 5.3], C-C-Sep=0.10, ║∇J║=3.2e-05
Iteration 1998/2000-----
currents: [100000.0, 99999.99999746586, 99999.99999781394, 99999.9999982644]
J=1.8e-05, ⟨Jf⟩=1.7e-05, ⟨B·n⟩=1.3e-03, Len=sum([4.1, 4.0, 3.8, 3.7])=15.7, ϰ=[4.5, 4.5, 4.0, 3.9], ∫ϰ²/L>=[5.2, 5.1, 5.1, 5.3], C-C-Sep=0.10, ║∇J║=4.1e-05
Iteration 1999/2000-----
currents: [100000.0, 99999.99999746593, 99999.99999781397, 99999.99999826444]
J=1.8e-05, ⟨Jf⟩=1.7e-05, ⟨B·n⟩=1.3e-03, Len=sum([4.1, 4.0, 3.8, 3.7])=15.7, ϰ=[4.5, 4.5, 4.0, 3.9], ∫ϰ²/L>=[5.2, 5.1, 5.1, 5.3], C-C-Sep=0.10, ║∇J║=4.3e-05
Iteration 2000/2000-----
currents: [100000.0, 99999.9999974656, 99999.99999781366, 99999.9999982642]
J=1.8e-05, ⟨Jf⟩=1.7e-05, ⟨B·n⟩=1.3e-03, Len=sum([4.1, 4.0, 3.8, 3.7])=15.7, ϰ=[4.5, 4.5, 4.0, 3.9], ∫ϰ²/L>=[5.2, 5.1, 5.1, 5.3], C-C-Sep=0.10, ║∇J║=3.7e-05
Iteration 2001/2000-----
currents: [100000.0, 99999.99999746341, 99999.99999781187, 99999.9999982628]
J=1.8e-05, ⟨Jf⟩=1.7e-05, ⟨B·n⟩=1.3e-03, Len=sum([4.1, 4.0, 3.8, 3.7])=15.7, ϰ=[4.5, 4.5, 4.0, 3.9], ∫ϰ²/L>=[5.2, 5.1, 5.1, 5.3], C-C-Sep=0.10, ║∇J║=4.2e-05
Iteration 2002/2000-----
currents: [100000.0, 99999.99999746191, 99999.99999781066, 99999.99999826188]
J=1.8e-05, ⟨Jf⟩=1.7e-05, ⟨B·n⟩=1.3e-03, Len=sum([4.1, 4.0, 3.8, 3.7])=15.7, ϰ=[4.5, 4.5, 4.0, 3.9], ∫ϰ²/L>=[5.2, 5.1, 5.1, 5.3], C-C-Sep=0.10, ║∇J║=4.2e-05
Iteration 2003/2000-----
currents: [100000.0, 99999.999997459, 99999.99999780829, 99999.99999826011]
J=1.8e-05, ⟨Jf⟩=1.7e-05, ⟨B·n⟩=1.3e-03, Len=sum([4.1, 4.0, 3.8, 3.7])=15.7, ϰ=[4.5, 4.5, 4.0, 3.9], ∫ϰ²/L>=[5.2, 5.1, 5.1, 5.3], C-C-Sep=0.10, ║∇J║=3.6e-05
Iteration 2004/2000-----
currents: [100000.0, 99999.99999745526, 99999.99999780524, 99999.99999825784]
J=1.8e-05, ⟨Jf⟩=1.7e-05, ⟨B·n⟩=1.3e-03, Len=sum([4.1, 4.0, 3.8, 3.7])=15.7, ϰ=[4.5, 4.5, 4.0, 3.9], ∫ϰ²/L>=[5.2, 5.1, 5.1, 5.3], C-C-Sep=0.10, ║∇J║=3.9e-05
Iteration 2005/2000-----
currents: [100000.0, 99999.99999745305, 99999.99999780348, 99999.99999825654]
J=1.8e-05, ⟨Jf⟩=1.7e-05, ⟨B·n⟩=1.3e-03, Len=sum([4.1, 4.0, 3.8, 3.7])=15.7, ϰ=[4.5, 4.5, 4.0, 3.9], ∫ϰ²/L>=[5.2, 5.1, 5.1, 5.3], C-C-Sep=0.10, ║∇J║=5.2e-05
Iteration 2006/2000-----
currents: [100000.0, 99999.99999745392, 99999.9999978042, 99999.99999825704]
J=1.8e-05, ⟨Jf⟩=1.7e-05, ⟨B·n⟩=1.3e-03, Len=sum([4.1, 4.0, 3.8, 3.7])=15.7, ϰ=[4.5, 4.5, 4.0, 3.9], ∫ϰ²/L>=[5.2, 5.1, 5.1, 5.3], C-C-Sep=0.10, ║∇J║=3.9e-05
Iteration 2007/2000-----
currents: [100000.0, 99999.99999745483, 99999.99999780499, 99999.99999825757]
J=1.8e-05, ⟨Jf⟩=1.7e-05, ⟨B·n⟩=1.3e-03, Len=sum([4.1, 4.0, 3.8, 3.7])=15.7, ϰ=[4.5, 4.5, 4.0, 3.9], ∫ϰ²/L>=[5.2, 5.1, 5.1, 5.3], C-C-Sep=0.10, ║∇J║=3.6e-05
Iteration 2008/2000-----
currents: [100000.0, 99999.99999745532, 99999.99999780545, 99999.99999825789]
J=1.8e-05, ⟨Jf⟩=1.7e-05, ⟨B·n⟩=1.3e-03, Len=sum([4.1, 4.0, 3.8, 3.7])=15.7, ϰ=[4.5, 4.5, 4.0, 3.9], ∫ϰ²/L>=[5.2, 5.1, 5.1, 5.3], C-C-Sep=0.10, ║∇J║=4.4e-05
Iteration 2009/2000-----
currents: [100000.0, 99999.9999974551, 99999.9999978053, 99999.99999825774]
J=1.8e-05, ⟨Jf⟩=1.7e-05, ⟨B·n⟩=1.3e-03, Len=sum([4.1, 4.0, 3.8, 3.7])=15.7, ϰ=[4.5, 4.5, 4.0, 3.9], ∫ϰ²/L>=[5.2, 5.1, 5.1, 5.3], C-C-Sep=0.10, ║∇J║=3.9e-05
Iteration 2010/2000-----
currents: [100000.0, 99999.99999745344, 99999.99999780397, 99999.99999825674]
J=1.8e-05, ⟨Jf⟩=1.7e-05, ⟨B·n⟩=1.3e-03, Len=sum([4.1, 4.0, 3.8, 3.7])=15.7, ϰ=[4.5, 4.5, 4.0, 3.9], ∫ϰ²/L>=[5.2, 5.1, 5.1, 5.3], C-C-Sep=0.10, ║∇J║=4.8e-05
Iteration 2011/2000-----
currents: [100000.0, 99999.99999745334, 99999.9999978039, 99999.99999825668]
J=1.8e-05, ⟨Jf⟩=1.7e-05, ⟨B·n⟩=1.3e-03, Len=sum([4.1, 4.0, 3.8, 3.7])=15.7, ϰ=[4.5, 4.5, 4.0, 3.9], ∫ϰ²/L>=[5.2, 5.1, 5.1, 5.3], C-C-Sep=0.10, ║∇J║=5.8e-05
Iteration 2012/2000-----
currents: [100000.0, 99999.99999745289, 99999.99999780355, 99999.99999825642]
J=1.8e-05, ⟨Jf⟩=1.7e-05, ⟨B·n⟩=1.3e-03, Len=sum([4.1, 4.0, 3.8, 3.7])=15.7, ϰ=[4.5, 4.5, 4.0, 3.9], ∫ϰ²/L>=[5.2, 5.1, 5.1, 5.3], C-C-Sep=0.10, ║∇J║=3.7e-05
Iteration 2013/2000-----
currents: [100000.0, 99999.99999745266, 99999.99999780342, 99999.99999825632]
J=1.8e-05, ⟨Jf⟩=1.7e-05, ⟨B·n⟩=1.3e-03, Len=sum([4.1, 4.0, 3.8, 3.7])=15.7, ϰ=[4.5, 4.5, 4.0, 3.9], ∫ϰ²/L>=[5.2, 5.1, 5.1, 5.3], C-C-Sep=0.10, ║∇J║=3.1e-05
Iteration 2014/2000-----
currents: [100000.0, 99999.99999745243, 99999.99999780332, 99999.9999982562]
J=1.8e-05, ⟨Jf⟩=1.7e-05, ⟨B·n⟩=1.3e-03, Len=sum([4.1, 4.0, 3.8, 3.7])=15.7, ϰ=[4.5, 4.5, 4.0, 3.9], ∫ϰ²/L>=[5.2, 5.1, 5.1, 5.3], C-C-Sep=0.10, ║∇J║=3.5e-05
Iteration 2015/2000-----
currents: [100000.0, 99999.99999745064, 99999.999997802, 99999.99999825517]
J=1.8e-05, ⟨Jf⟩=1.7e-05, ⟨B·n⟩=1.3e-03, Len=sum([4.1, 4.0, 3.8, 3.7])=15.7, ϰ=[4.5, 4.5, 4.0, 3.9], ∫ϰ²/L>=[5.2, 5.1, 5.1, 5.3], C-C-Sep=0.10, ║∇J║=6.6e-05
Iteration 2016/2000-----
currents: [100000.0, 99999.99999745014, 99999.99999780166, 99999.99999825488]
J=1.8e-05, ⟨Jf⟩=1.7e-05, ⟨B·n⟩=1.3e-03, Len=sum([4.1, 4.0, 3.8, 3.7])=15.7, ϰ=[4.5, 4.5, 4.0, 3.9], ∫ϰ²/L>=[5.2, 5.1, 5.1, 5.3], C-C-Sep=0.10, ║∇J║=2.6e-05
Iteration 2017/2000-----
currents: [100000.0, 99999.99999744844, 99999.99999780029, 99999.99999825387]
J=1.8e-05, ⟨Jf⟩=1.7e-05, ⟨B·n⟩=1.3e-03, Len=sum([4.1, 4.0, 3.8, 3.7])=15.7, ϰ=[4.5, 4.5, 4.0, 3.9], ∫ϰ²/L>=[5.2, 5.1, 5.1, 5.3], C-C-Sep=0.10, ║∇J║=2.4e-05
--------------------------------JF.x shape after opt: (591,)
Final arclength variation max(|ℓ|)/min(|ℓ|) - 1=[3.28e-04, 3.77e-04, 2.85e-05, 2.61e-05]

################################################################################
### Evaluate the obtained coils ################################################
################################################################################

Finished 100/1000 Out-of-Sample Evaluations
Finished 200/1000 Out-of-Sample Evaluations
Finished 300/1000 Out-of-Sample Evaluations
Finished 400/1000 Out-of-Sample Evaluations
Finished 500/1000 Out-of-Sample Evaluations
Finished 600/1000 Out-of-Sample Evaluations
Finished 700/1000 Out-of-Sample Evaluations
Finished 800/1000 Out-of-Sample Evaluations
Finished 900/1000 Out-of-Sample Evaluations
Finished 1000/1000 Out-of-Sample Evaluations
Flux Objective for exact coils     : 9.916e-06
Out-of-sample flux value                  : 2.487e-05
Objective Gradient (||∇J||)              : 2.358e-05
Mean Flux Objective across perturbed coils: 1.726e-05
Quality Number: 0.399
<B_N>/<|B|> = 4.35e-03

Total time taken: 448.11 seconds
