SLURM job ID: 6347487
Running normal mode
output_stage_two_optimization_stochastic_QH5_50nsamp_normal_curves
Starting N_SAMPLE LOOP

################################################################################
### Perform a Taylor test ######################################################
################################################################################

Iteration 1/2000-----
currents: [100000.0, 100000.0, 100000.0, 100000.0, 100000.0]
J=5.7e-01, ⟨Jf⟩=5.6e-01, ⟨B·n⟩=3.3e-01, Len=sum([3.1, 3.1, 3.1, 3.1, 3.1])=15.7, ϰ=[2.0, 2.0, 2.0, 2.0, 2.0], ∫ϰ²/L>=[4.0, 4.0, 4.0, 4.0, 4.0], C-C-Sep=0.08, ║∇J║=1.6e+00
Iteration 2/2000-----
currents: [100000.0, 100000.000417022, 100000.00072032449, 100000.00000011438, 100000.00030233257]
J=5.7e-01, ⟨Jf⟩=5.6e-01, ⟨B·n⟩=3.3e-01, Len=sum([3.2, 3.1, 3.1, 3.1, 3.2])=15.7, ϰ=[9.3, 8.2, 10.0, 9.9, 8.9], ∫ϰ²/L>=[7.2, 6.5, 7.7, 7.2, 6.6], C-C-Sep=0.07, ║∇J║=1.7e+00
Iteration 3/2000-----
currents: [100000.0, 99999.999582978, 99999.99927967551, 99999.99999988562, 99999.99969766743]
J=5.7e-01, ⟨Jf⟩=5.6e-01, ⟨B·n⟩=3.3e-01, Len=sum([3.1, 3.1, 3.1, 3.1, 3.1])=15.7, ϰ=[7.5, 6.5, 7.7, 8.1, 7.0], ∫ϰ²/L>=[6.9, 6.4, 7.4, 6.9, 6.3], C-C-Sep=0.07, ║∇J║=1.6e+00
err -0.043025831080135024
Iteration 4/2000-----
currents: [100000.0, 100000.0000417022, 100000.00007203245, 100000.00000001144, 100000.00003023326]
J=5.7e-01, ⟨Jf⟩=5.6e-01, ⟨B·n⟩=3.3e-01, Len=sum([3.1, 3.1, 3.1, 3.1, 3.1])=15.7, ϰ=[2.5, 2.5, 2.6, 2.6, 2.5], ∫ϰ²/L>=[4.0, 4.0, 4.0, 4.0, 4.0], C-C-Sep=0.08, ║∇J║=1.6e+00
Iteration 5/2000-----
currents: [100000.0, 99999.9999582978, 99999.99992796755, 99999.99999998856, 99999.99996976674]
J=5.7e-01, ⟨Jf⟩=5.6e-01, ⟨B·n⟩=3.3e-01, Len=sum([3.1, 3.1, 3.1, 3.1, 3.1])=15.7, ϰ=[2.5, 2.4, 2.6, 2.6, 2.5], ∫ϰ²/L>=[4.0, 4.0, 4.0, 4.0, 4.0], C-C-Sep=0.08, ║∇J║=1.6e+00
err -0.000462897002684759
Iteration 6/2000-----
currents: [100000.0, 100000.00000417022, 100000.00000720324, 100000.00000000115, 100000.00000302332]
J=5.7e-01, ⟨Jf⟩=5.6e-01, ⟨B·n⟩=3.3e-01, Len=sum([3.1, 3.1, 3.1, 3.1, 3.1])=15.7, ϰ=[2.0, 2.0, 2.1, 2.1, 2.0], ∫ϰ²/L>=[4.0, 4.0, 4.0, 4.0, 4.0], C-C-Sep=0.08, ║∇J║=1.6e+00
Iteration 7/2000-----
currents: [100000.0, 99999.99999582978, 99999.99999279676, 99999.99999999885, 99999.99999697668]
J=5.7e-01, ⟨Jf⟩=5.6e-01, ⟨B·n⟩=3.3e-01, Len=sum([3.1, 3.1, 3.1, 3.1, 3.1])=15.7, ϰ=[2.0, 2.0, 2.1, 2.1, 2.0], ∫ϰ²/L>=[4.0, 4.0, 4.0, 4.0, 4.0], C-C-Sep=0.08, ║∇J║=1.6e+00
err -4.831781375447264e-06
Iteration 8/2000-----
currents: [100000.0, 100000.00000041703, 100000.00000072032, 100000.00000000012, 100000.00000030233]
J=5.7e-01, ⟨Jf⟩=5.6e-01, ⟨B·n⟩=3.3e-01, Len=sum([3.1, 3.1, 3.1, 3.1, 3.1])=15.7, ϰ=[2.0, 2.0, 2.0, 2.0, 2.0], ∫ϰ²/L>=[4.0, 4.0, 4.0, 4.0, 4.0], C-C-Sep=0.08, ║∇J║=1.6e+00
Iteration 9/2000-----
currents: [100000.0, 99999.99999958297, 99999.99999927968, 99999.99999999988, 99999.99999969767]
J=5.7e-01, ⟨Jf⟩=5.6e-01, ⟨B·n⟩=3.3e-01, Len=sum([3.1, 3.1, 3.1, 3.1, 3.1])=15.7, ϰ=[2.0, 2.0, 2.0, 2.0, 2.0], ∫ϰ²/L>=[4.0, 4.0, 4.0, 4.0, 4.0], C-C-Sep=0.08, ║∇J║=1.6e+00
err -4.820228705071372e-08
Iteration 10/2000-----
currents: [100000.0, 100000.0000000417, 100000.00000007203, 100000.00000000001, 100000.00000003024]
J=5.7e-01, ⟨Jf⟩=5.6e-01, ⟨B·n⟩=3.3e-01, Len=sum([3.1, 3.1, 3.1, 3.1, 3.1])=15.7, ϰ=[2.0, 2.0, 2.0, 2.0, 2.0], ∫ϰ²/L>=[4.0, 4.0, 4.0, 4.0, 4.0], C-C-Sep=0.08, ║∇J║=1.6e+00
Iteration 11/2000-----
currents: [100000.0, 99999.9999999583, 99999.99999992797, 99999.99999999999, 99999.99999996976]
J=5.7e-01, ⟨Jf⟩=5.6e-01, ⟨B·n⟩=3.3e-01, Len=sum([3.1, 3.1, 3.1, 3.1, 3.1])=15.7, ϰ=[2.0, 2.0, 2.0, 2.0, 2.0], ∫ϰ²/L>=[4.0, 4.0, 4.0, 4.0, 4.0], C-C-Sep=0.08, ║∇J║=1.6e+00
err -7.957638992195371e-10

################################################################################
### Run the optimisation #######################################################
################################################################################

Iteration 1/2000-----
currents: [100000.0, 100000.0, 100000.0, 100000.0, 100000.0]
J=5.7e-01, ⟨Jf⟩=5.6e-01, ⟨B·n⟩=3.3e-01, Len=sum([3.1, 3.1, 3.1, 3.1, 3.1])=15.7, ϰ=[2.0, 2.0, 2.0, 2.0, 2.0], ∫ϰ²/L>=[4.0, 4.0, 4.0, 4.0, 4.0], C-C-Sep=0.08, ║∇J║=1.6e+00
Iteration 2/2000-----
currents: [100000.0, 99999.99999855456, 99999.99999862899, 99999.99999870107, 99999.99999873618]
J=1.4e+04, ⟨Jf⟩=6.5e-02, ⟨B·n⟩=1.1e-01, Len=sum([3.4, 3.8, 4.3, 4.7, 4.9])=21.2, ϰ=[10.3, 7.0, 4.9, 4.0, 3.5], ∫ϰ²/L>=[9.1, 7.2, 5.7, 4.5, 4.1], C-C-Sep=0.01, ║∇J║=4.0e+00
Iteration 3/2000-----
currents: [100000.0, 99999.99999999997, 99999.99999999997, 99999.99999999997, 99999.99999999997]
J=5.7e-01, ⟨Jf⟩=5.6e-01, ⟨B·n⟩=3.3e-01, Len=sum([3.1, 3.1, 3.1, 3.1, 3.1])=15.7, ϰ=[2.0, 2.0, 2.0, 2.0, 2.0], ∫ϰ²/L>=[4.0, 4.0, 4.0, 4.0, 4.0], C-C-Sep=0.08, ║∇J║=1.6e+00
Iteration 4/2000-----
currents: [100000.0, 99999.99999975145, 99999.99999976426, 99999.99999977666, 99999.99999978268]
J=3.8e-01, ⟨Jf⟩=3.6e-01, ⟨B·n⟩=2.7e-01, Len=sum([3.1, 3.1, 3.2, 3.2, 3.3])=16.0, ϰ=[2.4, 3.0, 3.4, 3.7, 3.9], ∫ϰ²/L>=[4.2, 4.3, 4.5, 4.8, 5.0], C-C-Sep=0.05, ║∇J║=1.1e+00
Iteration 5/2000-----
currents: [100000.0, 99999.99999925698, 99999.99999932073, 99999.99999937402, 99999.99999939975]
J=1.9e-01, ⟨Jf⟩=1.5e-01, ⟨B·n⟩=1.7e-01, Len=sum([3.2, 3.3, 3.4, 3.5, 3.5])=16.8, ϰ=[30.3, 14.5, 14.0, 13.0, 8.1], ∫ϰ²/L>=[31.6, 16.9, 15.5, 14.5, 9.2], C-C-Sep=0.02, ║∇J║=1.2e+00
Iteration 6/2000-----
currents: [100000.0, 99999.99999830646, 99999.99999846457, 99999.99999860255, 99999.9999986674]
J=8.0e+03, ⟨Jf⟩=1.3e-01, ⟨B·n⟩=1.1e-01, Len=sum([4.4, 4.5, 4.3, 4.2, 4.3])=21.8, ϰ=[182.7, 206.6, 87.2, 239.9, 51.3], ∫ϰ²/L>=[137.0, 127.3, 81.2, 122.1, 45.7], C-C-Sep=0.00, ║∇J║=5.1e+01
Iteration 7/2000-----
currents: [100000.0, 99999.99999925696, 99999.99999932072, 99999.999999374, 99999.99999939975]
J=1.9e-01, ⟨Jf⟩=1.5e-01, ⟨B·n⟩=1.7e-01, Len=sum([3.2, 3.3, 3.4, 3.5, 3.5])=16.8, ϰ=[30.3, 14.5, 14.0, 13.0, 8.1], ∫ϰ²/L>=[31.6, 16.9, 15.5, 14.5, 9.2], C-C-Sep=0.02, ║∇J║=1.2e+00
Iteration 8/2000-----
currents: [100000.0, 99999.99999912635, 99999.99999920306, 99999.999999268, 99999.99999929909]
J=1.5e-01, ⟨Jf⟩=1.0e-01, ⟨B·n⟩=1.5e-01, Len=sum([3.2, 3.3, 3.4, 3.5, 3.5])=17.0, ϰ=[31.9, 15.2, 12.1, 14.7, 7.5], ∫ϰ²/L>=[32.0, 22.5, 17.3, 14.8, 10.8], C-C-Sep=0.04, ║∇J║=1.0e+00
Iteration 9/2000-----
currents: [100000.0, 99999.99999882885, 99999.99999893525, 99999.99999902757, 99999.99999907108]
J=9.7e-02, ⟨Jf⟩=3.3e-02, ⟨B·n⟩=8.3e-02, Len=sum([3.5, 3.6, 3.6, 3.6, 3.6])=17.9, ϰ=[27.9, 39.0, 30.4, 24.5, 15.2], ∫ϰ²/L>=[44.0, 44.7, 26.1, 20.3, 16.0], C-C-Sep=0.02, ║∇J║=1.3e+00
Iteration 10/2000-----
currents: [100000.0, 99999.99999863803, 99999.99999876153, 99999.9999988732, 99999.99999892461]
J=3.2e-01, ⟨Jf⟩=2.5e-01, ⟨B·n⟩=1.1e-01, Len=sum([3.7, 3.7, 3.7, 3.7, 3.7])=18.4, ϰ=[27.6, 76.3, 48.0, 31.6, 29.0], ∫ϰ²/L>=[45.4, 79.3, 51.4, 55.1, 46.1], C-C-Sep=0.04, ║∇J║=3.2e+02
Iteration 11/2000-----
currents: [100000.0, 99999.99999875495, 99999.99999886798, 99999.99999896779, 99999.99999901436]
J=8.2e-02, ⟨Jf⟩=2.6e-02, ⟨B·n⟩=7.4e-02, Len=sum([3.5, 3.6, 3.6, 3.6, 3.6])=17.9, ϰ=[26.0, 43.5, 35.0, 20.8, 18.0], ∫ϰ²/L>=[42.8, 54.7, 32.7, 23.8, 19.4], C-C-Sep=0.06, ║∇J║=7.5e-01
Iteration 12/2000-----
currents: [100000.0, 99999.99999881408, 99999.99999892029, 99999.9999990159, 99999.99999906002]
J=7.0e-02, ⟨Jf⟩=2.9e-02, ⟨B·n⟩=7.7e-02, Len=sum([3.4, 3.5, 3.5, 3.5, 3.5])=17.5, ϰ=[21.5, 45.6, 32.3, 16.8, 18.1], ∫ϰ²/L>=[40.0, 56.9, 37.3, 22.4, 20.0], C-C-Sep=0.06, ║∇J║=4.6e-01
Iteration 13/2000-----
currents: [100000.0, 99999.99999876444, 99999.99999887164, 99999.99999897451, 99999.99999902041]
J=5.4e-02, ⟨Jf⟩=2.1e-02, ⟨B·n⟩=6.6e-02, Len=sum([3.5, 3.5, 3.5, 3.5, 3.5])=17.4, ϰ=[38.4, 80.3, 38.6, 30.8, 23.9], ∫ϰ²/L>=[54.5, 83.6, 56.5, 38.2, 30.8], C-C-Sep=0.07, ║∇J║=4.2e-01
Iteration 14/2000-----
currents: [100000.0, 99999.9999987029, 99999.9999988085, 99999.99999892266, 99999.9999989703]
J=4.2e-02, ⟨Jf⟩=1.5e-02, ⟨B·n⟩=5.5e-02, Len=sum([3.5, 3.5, 3.4, 3.5, 3.4])=17.3, ϰ=[44.9, 42.1, 45.8, 46.2, 25.9], ∫ϰ²/L>=[67.8, 78.6, 79.5, 74.7, 49.5], C-C-Sep=0.05, ║∇J║=6.8e-01
Iteration 15/2000-----
currents: [100000.0, 99999.99999870778, 99999.99999881034, 99999.99999892697, 99999.99999897384]
J=3.3e-02, ⟨Jf⟩=1.3e-02, ⟨B·n⟩=5.0e-02, Len=sum([3.4, 3.4, 3.4, 3.4, 3.3])=16.9, ϰ=[25.2, 26.0, 41.0, 60.9, 18.7], ∫ϰ²/L>=[52.2, 61.2, 75.3, 67.3, 41.5], C-C-Sep=0.07, ║∇J║=3.9e-01
Iteration 16/2000-----
currents: [100000.0, 99999.99999871166, 99999.99999881285, 99999.99999893049, 99999.9999989768]
J=2.9e-02, ⟨Jf⟩=1.2e-02, ⟨B·n⟩=4.9e-02, Len=sum([3.4, 3.4, 3.3, 3.3, 3.2])=16.7, ϰ=[24.1, 22.9, 30.4, 33.3, 17.6], ∫ϰ²/L>=[47.9, 58.4, 65.3, 53.6, 33.5], C-C-Sep=0.08, ║∇J║=2.6e-01
Iteration 17/2000-----
currents: [100000.0, 99999.99999869893, 99999.99999879816, 99999.99999892009, 99999.9999989659]
J=2.5e-02, ⟨Jf⟩=1.1e-02, ⟨B·n⟩=4.5e-02, Len=sum([3.4, 3.4, 3.3, 3.3, 3.2])=16.5, ϰ=[21.9, 28.2, 22.3, 21.5, 17.7], ∫ϰ²/L>=[49.1, 65.0, 60.2, 56.9, 27.0], C-C-Sep=0.07, ║∇J║=2.4e-01
Iteration 18/2000-----
currents: [100000.0, 99999.99999867412, 99999.99999877045, 99999.99999889845, 99999.99999894344]
J=2.2e-02, ⟨Jf⟩=8.7e-03, ⟨B·n⟩=4.1e-02, Len=sum([3.4, 3.3, 3.2, 3.2, 3.1])=16.3, ϰ=[23.0, 28.8, 30.0, 20.7, 11.2], ∫ϰ²/L>=[53.8, 69.6, 62.8, 64.1, 27.4], C-C-Sep=0.07, ║∇J║=4.0e-01
Iteration 19/2000-----
currents: [100000.0, 99999.99999866218, 99999.99999875746, 99999.9999988872, 99999.99999893189]
J=1.9e-02, ⟨Jf⟩=8.1e-03, ⟨B·n⟩=3.9e-02, Len=sum([3.4, 3.3, 3.2, 3.2, 3.1])=16.1, ϰ=[21.9, 25.4, 24.6, 19.6, 12.1], ∫ϰ²/L>=[52.4, 65.8, 56.5, 58.7, 26.8], C-C-Sep=0.07, ║∇J║=2.2e-01
Iteration 20/2000-----
currents: [100000.0, 99999.99999865853, 99999.99999875369, 99999.99999888307, 99999.99999892779]
J=1.8e-02, ⟨Jf⟩=8.0e-03, ⟨B·n⟩=3.9e-02, Len=sum([3.3, 3.3, 3.2, 3.2, 3.1])=16.0, ϰ=[20.3, 23.7, 20.3, 16.9, 11.5], ∫ϰ²/L>=[46.8, 58.4, 49.0, 51.1, 21.3], C-C-Sep=0.08, ║∇J║=1.7e-01
Iteration 21/2000-----
currents: [100000.0, 99999.99999864165, 99999.9999987345, 99999.99999886529, 99999.99999890961]
J=1.6e-02, ⟨Jf⟩=7.3e-03, ⟨B·n⟩=3.8e-02, Len=sum([3.3, 3.3, 3.1, 3.1, 3.0])=15.8, ϰ=[20.3, 22.2, 17.7, 17.6, 10.1], ∫ϰ²/L>=[43.1, 54.6, 39.9, 47.1, 16.6], C-C-Sep=0.06, ║∇J║=2.2e-01
Iteration 22/2000-----
currents: [100000.0, 99999.99999863273, 99999.99999872148, 99999.99999885197, 99999.99999889525]
J=1.4e-02, ⟨Jf⟩=6.5e-03, ⟨B·n⟩=3.5e-02, Len=sum([3.3, 3.2, 3.0, 3.1, 3.0])=15.6, ϰ=[23.2, 27.3, 17.9, 17.0, 9.5], ∫ϰ²/L>=[47.5, 65.3, 36.3, 46.1, 20.4], C-C-Sep=0.07, ║∇J║=2.4e-01
Iteration 23/2000-----
currents: [100000.0, 99999.9999986281, 99999.999998715, 99999.99999884522, 99999.99999888816]
J=1.2e-02, ⟨Jf⟩=6.1e-03, ⟨B·n⟩=3.4e-02, Len=sum([3.2, 3.2, 3.0, 3.0, 2.9])=15.4, ϰ=[19.4, 28.9, 17.2, 15.9, 8.6], ∫ϰ²/L>=[44.1, 58.7, 33.1, 39.1, 19.0], C-C-Sep=0.08, ║∇J║=1.6e-01
Iteration 24/2000-----
currents: [100000.0, 99999.99999861293, 99999.99999869494, 99999.99999882621, 99999.99999886831]
J=1.1e-02, ⟨Jf⟩=5.3e-03, ⟨B·n⟩=3.2e-02, Len=sum([3.2, 3.2, 3.0, 3.0, 2.9])=15.2, ϰ=[19.8, 25.2, 13.2, 15.0, 9.5], ∫ϰ²/L>=[47.6, 55.7, 29.8, 34.6, 17.6], C-C-Sep=0.07, ║∇J║=1.6e-01
Iteration 25/2000-----
currents: [100000.0, 99999.9999986003, 99999.99999867608, 99999.9999988062, 99999.99999884753]
J=9.2e-03, ⟨Jf⟩=4.4e-03, ⟨B·n⟩=2.9e-02, Len=sum([3.2, 3.1, 2.9, 2.9, 2.8])=14.9, ϰ=[21.4, 18.4, 12.3, 11.3, 11.9], ∫ϰ²/L>=[52.7, 48.2, 27.6, 27.3, 19.0], C-C-Sep=0.07, ║∇J║=2.5e-01
Iteration 26/2000-----
currents: [100000.0, 99999.9999985911, 99999.99999866438, 99999.99999879411, 99999.99999883537]
J=8.1e-03, ⟨Jf⟩=4.0e-03, ⟨B·n⟩=2.8e-02, Len=sum([3.1, 3.1, 2.9, 2.9, 2.8])=14.7, ϰ=[22.2, 18.5, 10.9, 10.3, 11.6], ∫ϰ²/L>=[53.1, 46.0, 24.9, 25.2, 19.8], C-C-Sep=0.07, ║∇J║=1.4e-01
Iteration 27/2000-----
currents: [100000.0, 99999.99999858547, 99999.99999865708, 99999.99999878599, 99999.99999882722]
J=7.4e-03, ⟨Jf⟩=3.7e-03, ⟨B·n⟩=2.7e-02, Len=sum([3.1, 3.1, 2.8, 2.9, 2.8])=14.7, ϰ=[21.7, 17.1, 9.7, 9.4, 10.9], ∫ϰ²/L>=[51.1, 41.9, 22.1, 22.8, 19.2], C-C-Sep=0.07, ║∇J║=1.2e-01
Iteration 28/2000-----
currents: [100000.0, 99999.99999857399, 99999.99999863996, 99999.9999987666, 99999.99999880731]
J=6.3e-03, ⟨Jf⟩=3.2e-03, ⟨B·n⟩=2.5e-02, Len=sum([3.1, 3.0, 2.8, 2.8, 2.7])=14.5, ϰ=[20.8, 17.9, 9.1, 10.6, 10.3], ∫ϰ²/L>=[51.0, 43.0, 19.7, 25.4, 20.8], C-C-Sep=0.08, ║∇J║=1.4e-01
Iteration 29/2000-----
currents: [100000.0, 99999.9999985631, 99999.99999862163, 99999.99999874494, 99999.99999878474]
J=5.9e-03, ⟨Jf⟩=2.7e-03, ⟨B·n⟩=2.3e-02, Len=sum([3.1, 3.0, 2.7, 2.8, 2.7])=14.3, ϰ=[23.0, 17.8, 10.7, 14.0, 9.5], ∫ϰ²/L>=[57.6, 48.7, 22.9, 34.3, 24.0], C-C-Sep=0.08, ║∇J║=2.5e-01
Iteration 30/2000-----
currents: [100000.0, 99999.99999856522, 99999.99999862404, 99999.99999874746, 99999.99999878717]
J=5.1e-03, ⟨Jf⟩=2.6e-03, ⟨B·n⟩=2.3e-02, Len=sum([3.1, 3.0, 2.7, 2.8, 2.7])=14.2, ϰ=[22.3, 16.9, 9.8, 12.3, 9.2], ∫ϰ²/L>=[54.2, 39.4, 19.4, 28.4, 20.9], C-C-Sep=0.08, ║∇J║=9.7e-02
Iteration 31/2000-----
currents: [100000.0, 99999.99999856178, 99999.99999861872, 99999.99999874165, 99999.99999878099]
J=4.8e-03, ⟨Jf⟩=2.5e-03, ⟨B·n⟩=2.2e-02, Len=sum([3.1, 2.9, 2.7, 2.7, 2.7])=14.1, ϰ=[22.0, 16.6, 9.9, 12.2, 9.5], ∫ϰ²/L>=[53.2, 34.7, 19.1, 26.0, 19.9], C-C-Sep=0.08, ║∇J║=7.9e-02
Iteration 32/2000-----
currents: [100000.0, 99999.99999855593, 99999.99999860981, 99999.99999873167, 99999.9999987704]
J=4.4e-03, ⟨Jf⟩=2.2e-03, ⟨B·n⟩=2.1e-02, Len=sum([3.0, 2.9, 2.7, 2.7, 2.6])=14.0, ϰ=[20.9, 17.0, 11.3, 11.0, 9.1], ∫ϰ²/L>=[52.1, 29.8, 19.7, 23.3, 18.2], C-C-Sep=0.08, ║∇J║=9.4e-02
Iteration 33/2000-----
currents: [100000.0, 99999.99999854396, 99999.9999985917, 99999.99999871134, 99999.99999874893]
J=3.9e-03, ⟨Jf⟩=1.9e-03, ⟨B·n⟩=1.9e-02, Len=sum([3.0, 2.9, 2.7, 2.7, 2.6])=13.8, ϰ=[21.7, 20.2, 13.4, 10.0, 9.1], ∫ϰ²/L>=[52.5, 29.1, 24.2, 24.9, 17.7], C-C-Sep=0.07, ║∇J║=1.5e-01
Iteration 34/2000-----
currents: [100000.0, 99999.9999985392, 99999.99999858304, 99999.99999870048, 99999.99999873742]
J=3.5e-03, ⟨Jf⟩=1.7e-03, ⟨B·n⟩=1.8e-02, Len=sum([3.0, 2.9, 2.7, 2.7, 2.6])=13.7, ϰ=[22.9, 15.3, 15.7, 10.9, 8.6], ∫ϰ²/L>=[55.2, 31.5, 28.5, 29.2, 18.6], C-C-Sep=0.07, ║∇J║=9.9e-02
Iteration 35/2000-----
currents: [100000.0, 99999.99999853969, 99999.99999858273, 99999.99999869951, 99999.99999873634]
J=3.2e-03, ⟨Jf⟩=1.6e-03, ⟨B·n⟩=1.7e-02, Len=sum([3.0, 2.9, 2.7, 2.7, 2.6])=13.7, ϰ=[23.1, 13.8, 14.3, 10.7, 8.2], ∫ϰ²/L>=[55.0, 30.2, 27.7, 29.1, 18.1], C-C-Sep=0.08, ║∇J║=7.0e-02
Iteration 36/2000-----
currents: [100000.0, 99999.99999853857, 99999.9999985777, 99999.99999869257, 99999.99999872882]
J=2.9e-03, ⟨Jf⟩=1.5e-03, ⟨B·n⟩=1.7e-02, Len=sum([3.0, 2.8, 2.6, 2.7, 2.5])=13.6, ϰ=[22.4, 12.9, 13.3, 11.0, 9.0], ∫ϰ²/L>=[56.7, 30.8, 28.2, 31.1, 18.8], C-C-Sep=0.08, ║∇J║=7.9e-02
Iteration 37/2000-----
currents: [100000.0, 99999.99999854014, 99999.99999857355, 99999.99999868595, 99999.99999872137]
J=2.5e-03, ⟨Jf⟩=1.3e-03, ⟨B·n⟩=1.6e-02, Len=sum([2.9, 2.8, 2.6, 2.6, 2.5])=13.5, ϰ=[21.3, 13.2, 12.1, 11.1, 9.6], ∫ϰ²/L>=[58.3, 32.4, 27.9, 34.0, 20.3], C-C-Sep=0.08, ║∇J║=1.0e-01
Iteration 38/2000-----
currents: [100000.0, 99999.9999985424, 99999.99999856812, 99999.99999867789, 99999.99999871229]
J=2.3e-03, ⟨Jf⟩=1.2e-03, ⟨B·n⟩=1.5e-02, Len=sum([2.9, 2.8, 2.6, 2.6, 2.5])=13.4, ϰ=[22.4, 13.4, 11.9, 12.5, 10.6], ∫ϰ²/L>=[60.3, 37.5, 27.9, 38.7, 22.8], C-C-Sep=0.07, ║∇J║=1.3e-01
Iteration 39/2000-----
currents: [100000.0, 99999.99999854242, 99999.99999856726, 99999.99999867709, 99999.99999871146]
J=2.0e-03, ⟨Jf⟩=1.1e-03, ⟨B·n⟩=1.5e-02, Len=sum([2.9, 2.8, 2.6, 2.6, 2.5])=13.3, ϰ=[23.1, 12.8, 11.3, 11.3, 9.8], ∫ϰ²/L>=[57.2, 32.8, 25.8, 34.5, 20.8], C-C-Sep=0.08, ║∇J║=5.8e-02
Iteration 40/2000-----
currents: [100000.0, 99999.99999854242, 99999.99999856489, 99999.99999867416, 99999.9999987083]
J=1.9e-03, ⟨Jf⟩=1.1e-03, ⟨B·n⟩=1.5e-02, Len=sum([2.9, 2.8, 2.6, 2.6, 2.5])=13.3, ϰ=[22.8, 12.9, 10.8, 11.2, 9.6], ∫ϰ²/L>=[56.1, 31.0, 24.6, 34.6, 20.6], C-C-Sep=0.08, ║∇J║=5.9e-02
Iteration 41/2000-----
currents: [100000.0, 99999.99999854264, 99999.99999856207, 99999.99999867087, 99999.99999870485]
J=1.7e-03, ⟨Jf⟩=1.0e-03, ⟨B·n⟩=1.5e-02, Len=sum([2.9, 2.8, 2.5, 2.6, 2.5])=13.2, ϰ=[22.0, 11.8, 10.8, 10.5, 8.8], ∫ϰ²/L>=[54.5, 28.7, 23.6, 33.2, 18.6], C-C-Sep=0.08, ║∇J║=6.5e-02
Iteration 42/2000-----
currents: [100000.0, 99999.99999854468, 99999.9999985571, 99999.99999866403, 99999.99999869753]
J=1.5e-03, ⟨Jf⟩=9.1e-04, ⟨B·n⟩=1.4e-02, Len=sum([2.9, 2.7, 2.5, 2.5, 2.4])=13.1, ϰ=[20.6, 12.1, 11.9, 11.2, 9.3], ∫ϰ²/L>=[56.9, 29.9, 26.3, 36.9, 18.0], C-C-Sep=0.08, ║∇J║=7.4e-02
Iteration 43/2000-----
currents: [100000.0, 99999.99999854734, 99999.99999855658, 99999.99999866282, 99999.99999869635]
J=1.4e-03, ⟨Jf⟩=8.5e-04, ⟨B·n⟩=1.4e-02, Len=sum([2.8, 2.7, 2.5, 2.5, 2.4])=13.0, ϰ=[20.3, 11.8, 11.9, 10.8, 9.0], ∫ϰ²/L>=[55.7, 28.1, 27.1, 35.7, 17.3], C-C-Sep=0.08, ║∇J║=5.4e-02
Iteration 44/2000-----
currents: [100000.0, 99999.99999854877, 99999.99999855642, 99999.99999866236, 99999.99999869599]
J=1.3e-03, ⟨Jf⟩=8.2e-04, ⟨B·n⟩=1.3e-02, Len=sum([2.8, 2.7, 2.5, 2.5, 2.4])=13.0, ϰ=[19.8, 10.7, 11.5, 10.3, 8.5], ∫ϰ²/L>=[52.6, 25.2, 26.3, 32.9, 17.0], C-C-Sep=0.08, ║∇J║=4.6e-02
Iteration 45/2000-----
currents: [100000.0, 99999.99999855032, 99999.99999855216, 99999.99999865657, 99999.99999869]
J=1.2e-03, ⟨Jf⟩=7.4e-04, ⟨B·n⟩=1.3e-02, Len=sum([2.8, 2.7, 2.5, 2.5, 2.4])=12.9, ϰ=[18.3, 10.5, 10.9, 12.6, 8.8], ∫ϰ²/L>=[50.5, 24.5, 26.3, 33.5, 19.3], C-C-Sep=0.08, ║∇J║=5.6e-02
Iteration 46/2000-----
currents: [100000.0, 99999.99999855316, 99999.99999855098, 99999.99999865484, 99999.99999868839]
J=1.0e-03, ⟨Jf⟩=6.7e-04, ⟨B·n⟩=1.2e-02, Len=sum([2.8, 2.7, 2.5, 2.5, 2.4])=12.9, ϰ=[18.5, 11.4, 10.7, 14.7, 9.5], ∫ϰ²/L>=[48.4, 25.8, 25.1, 33.7, 23.0], C-C-Sep=0.08, ║∇J║=6.6e-02
Iteration 47/2000-----
currents: [100000.0, 99999.99999855325, 99999.99999854811, 99999.99999865115, 99999.99999868454]
J=9.3e-04, ⟨Jf⟩=6.3e-04, ⟨B·n⟩=1.2e-02, Len=sum([2.8, 2.7, 2.5, 2.5, 2.4])=12.9, ϰ=[20.3, 10.9, 10.8, 12.9, 9.4], ∫ϰ²/L>=[49.1, 25.8, 24.1, 31.6, 23.2], C-C-Sep=0.08, ║∇J║=4.4e-02
Iteration 48/2000-----
currents: [100000.0, 99999.99999855523, 99999.99999854635, 99999.99999864833, 99999.99999868161]
J=8.3e-04, ⟨Jf⟩=5.8e-04, ⟨B·n⟩=1.1e-02, Len=sum([2.8, 2.7, 2.5, 2.5, 2.4])=12.8, ϰ=[21.0, 10.5, 11.6, 10.8, 9.6], ∫ϰ²/L>=[50.8, 25.9, 24.0, 30.8, 24.0], C-C-Sep=0.08, ║∇J║=4.0e-02
Iteration 49/2000-----
currents: [100000.0, 99999.99999855613, 99999.99999854376, 99999.99999864471, 99999.99999867791]
J=7.8e-04, ⟨Jf⟩=5.5e-04, ⟨B·n⟩=1.1e-02, Len=sum([2.8, 2.7, 2.5, 2.5, 2.4])=12.8, ϰ=[20.5, 10.9, 12.1, 10.4, 9.9], ∫ϰ²/L>=[51.2, 26.0, 24.1, 30.6, 24.2], C-C-Sep=0.08, ║∇J║=3.8e-02
Iteration 50/2000-----
currents: [100000.0, 99999.99999855913, 99999.99999854414, 99999.99999864411, 99999.99999867758]
J=7.1e-04, ⟨Jf⟩=5.1e-04, ⟨B·n⟩=1.0e-02, Len=sum([2.8, 2.7, 2.5, 2.5, 2.4])=12.8, ϰ=[18.7, 11.0, 12.1, 10.6, 10.0], ∫ϰ²/L>=[49.3, 25.5, 23.6, 29.4, 23.3], C-C-Sep=0.08, ║∇J║=3.8e-02
Iteration 51/2000-----
currents: [100000.0, 99999.99999856067, 99999.99999854203, 99999.9999986407, 99999.99999867434]
J=6.6e-04, ⟨Jf⟩=4.7e-04, ⟨B·n⟩=1.0e-02, Len=sum([2.8, 2.7, 2.5, 2.5, 2.4])=12.8, ϰ=[18.1, 10.6, 11.6, 10.6, 9.8], ∫ϰ²/L>=[48.6, 26.3, 24.5, 29.2, 23.9], C-C-Sep=0.08, ║∇J║=3.6e-02
Iteration 52/2000-----
currents: [100000.0, 99999.99999856092, 99999.99999854108, 99999.99999863919, 99999.99999867298]
J=6.2e-04, ⟨Jf⟩=4.6e-04, ⟨B·n⟩=9.9e-03, Len=sum([2.8, 2.7, 2.5, 2.5, 2.4])=12.7, ϰ=[17.4, 10.0, 11.1, 9.3, 9.5], ∫ϰ²/L>=[46.8, 25.5, 23.4, 27.6, 22.7], C-C-Sep=0.08, ║∇J║=2.8e-02
Iteration 53/2000-----
currents: [100000.0, 99999.99999856381, 99999.99999854044, 99999.99999863726, 99999.99999867119]
J=5.8e-04, ⟨Jf⟩=4.3e-04, ⟨B·n⟩=9.6e-03, Len=sum([2.8, 2.7, 2.5, 2.5, 2.4])=12.7, ϰ=[17.3, 9.8, 11.3, 9.7, 9.7], ∫ϰ²/L>=[47.2, 26.0, 23.5, 27.8, 22.5], C-C-Sep=0.08, ║∇J║=2.8e-02
Iteration 54/2000-----
currents: [100000.0, 99999.99999856572, 99999.99999853938, 99999.99999863503, 99999.99999866917]
J=5.5e-04, ⟨Jf⟩=4.0e-04, ⟨B·n⟩=9.4e-03, Len=sum([2.8, 2.7, 2.4, 2.5, 2.4])=12.7, ϰ=[17.1, 8.8, 11.2, 10.7, 9.5], ∫ϰ²/L>=[45.6, 24.8, 21.6, 27.9, 21.2], C-C-Sep=0.08, ║∇J║=3.1e-02
Iteration 55/2000-----
currents: [100000.0, 99999.99999856783, 99999.99999853813, 99999.99999863273, 99999.999998667]
J=5.1e-04, ⟨Jf⟩=3.7e-04, ⟨B·n⟩=9.1e-03, Len=sum([2.8, 2.6, 2.4, 2.5, 2.4])=12.7, ϰ=[17.0, 9.0, 11.7, 10.6, 10.3], ∫ϰ²/L>=[45.4, 24.3, 21.0, 28.0, 21.6], C-C-Sep=0.08, ║∇J║=3.0e-02
Iteration 56/2000-----
currents: [100000.0, 99999.99999856892, 99999.99999853676, 99999.9999986306, 99999.99999866496]
J=4.8e-04, ⟨Jf⟩=3.5e-04, ⟨B·n⟩=8.8e-03, Len=sum([2.8, 2.6, 2.4, 2.5, 2.4])=12.7, ϰ=[16.0, 9.0, 11.6, 10.1, 10.5], ∫ϰ²/L>=[44.8, 23.5, 20.7, 27.9, 22.6], C-C-Sep=0.08, ║∇J║=2.3e-02
Iteration 57/2000-----
currents: [100000.0, 99999.99999857091, 99999.99999853458, 99999.99999862703, 99999.9999986615]
J=4.4e-04, ⟨Jf⟩=3.3e-04, ⟨B·n⟩=8.4e-03, Len=sum([2.8, 2.6, 2.4, 2.5, 2.4])=12.6, ϰ=[15.0, 9.2, 11.7, 11.0, 10.8], ∫ϰ²/L>=[44.1, 22.1, 21.2, 28.6, 25.0], C-C-Sep=0.08, ║∇J║=2.4e-02
Iteration 58/2000-----
currents: [100000.0, 99999.99999857343, 99999.99999853295, 99999.99999862381, 99999.99999865849]
J=4.2e-04, ⟨Jf⟩=3.0e-04, ⟨B·n⟩=8.0e-03, Len=sum([2.8, 2.6, 2.4, 2.5, 2.4])=12.6, ϰ=[15.4, 9.1, 11.4, 11.2, 10.7], ∫ϰ²/L>=[44.7, 20.9, 22.6, 29.4, 27.3], C-C-Sep=0.08, ║∇J║=3.6e-02
Iteration 59/2000-----
currents: [100000.0, 99999.99999857342, 99999.99999853267, 99999.99999862337, 99999.99999865805]
J=3.9e-04, ⟨Jf⟩=3.0e-04, ⟨B·n⟩=8.0e-03, Len=sum([2.8, 2.6, 2.4, 2.5, 2.4])=12.6, ϰ=[15.5, 9.3, 11.2, 10.6, 10.1], ∫ϰ²/L>=[44.0, 20.0, 21.5, 27.5, 26.0], C-C-Sep=0.08, ║∇J║=2.0e-02
Iteration 60/2000-----
currents: [100000.0, 99999.99999857461, 99999.99999853109, 99999.99999862075, 99999.99999865549]
J=3.8e-04, ⟨Jf⟩=2.9e-04, ⟨B·n⟩=7.9e-03, Len=sum([2.8, 2.6, 2.4, 2.5, 2.4])=12.6, ϰ=[16.0, 9.7, 11.0, 10.6, 10.4], ∫ϰ²/L>=[44.6, 19.8, 21.1, 26.7, 25.7], C-C-Sep=0.08, ║∇J║=1.9e-02
Iteration 61/2000-----
currents: [100000.0, 99999.99999857626, 99999.99999853098, 99999.99999861974, 99999.99999865459]
J=3.6e-04, ⟨Jf⟩=2.7e-04, ⟨B·n⟩=7.8e-03, Len=sum([2.7, 2.6, 2.4, 2.4, 2.4])=12.6, ϰ=[16.4, 10.1, 10.5, 11.2, 10.6], ∫ϰ²/L>=[44.3, 18.8, 20.2, 25.2, 24.2], C-C-Sep=0.08, ║∇J║=2.3e-02
Iteration 62/2000-----
currents: [100000.0, 99999.99999857915, 99999.99999852767, 99999.99999861387, 99999.99999864884]
J=3.4e-04, ⟨Jf⟩=2.5e-04, ⟨B·n⟩=7.4e-03, Len=sum([2.7, 2.6, 2.4, 2.4, 2.3])=12.5, ϰ=[16.4, 10.6, 11.0, 12.2, 11.1], ∫ϰ²/L>=[45.8, 19.0, 21.2, 26.3, 24.3], C-C-Sep=0.08, ║∇J║=3.1e-02
Iteration 63/2000-----
currents: [100000.0, 99999.99999858094, 99999.9999985261, 99999.9999986109, 99999.99999864596]
J=3.2e-04, ⟨Jf⟩=2.4e-04, ⟨B·n⟩=7.2e-03, Len=sum([2.7, 2.6, 2.4, 2.4, 2.4])=12.5, ϰ=[16.2, 10.5, 11.6, 12.4, 11.0], ∫ϰ²/L>=[46.7, 19.4, 22.5, 27.7, 24.9], C-C-Sep=0.08, ║∇J║=1.7e-02
Iteration 64/2000-----
currents: [100000.0, 99999.99999858167, 99999.99999852577, 99999.99999860991, 99999.99999864494]
J=3.0e-04, ⟨Jf⟩=2.3e-04, ⟨B·n⟩=7.0e-03, Len=sum([2.7, 2.6, 2.4, 2.4, 2.4])=12.5, ϰ=[15.8, 10.2, 11.7, 11.6, 10.6], ∫ϰ²/L>=[45.3, 19.1, 22.3, 27.6, 24.2], C-C-Sep=0.08, ║∇J║=1.7e-02
Iteration 65/2000-----
currents: [100000.0, 99999.99999858378, 99999.99999852422, 99999.9999986065, 99999.99999864149]
J=2.8e-04, ⟨Jf⟩=2.1e-04, ⟨B·n⟩=6.7e-03, Len=sum([2.7, 2.6, 2.4, 2.4, 2.4])=12.5, ϰ=[15.5, 10.0, 12.1, 11.1, 10.3], ∫ϰ²/L>=[45.2, 19.2, 23.0, 29.1, 24.0], C-C-Sep=0.08, ║∇J║=2.0e-02
Iteration 66/2000-----
currents: [100000.0, 99999.99999858689, 99999.99999852183, 99999.99999860112, 99999.99999863592]
J=2.7e-04, ⟨Jf⟩=1.9e-04, ⟨B·n⟩=6.3e-03, Len=sum([2.7, 2.6, 2.4, 2.4, 2.3])=12.5, ϰ=[15.2, 10.1, 12.4, 11.7, 10.6], ∫ϰ²/L>=[45.2, 19.4, 23.9, 31.9, 23.6], C-C-Sep=0.08, ║∇J║=2.8e-02
Iteration 67/2000-----
currents: [100000.0, 99999.99999858704, 99999.99999852153, 99999.99999860046, 99999.99999863512]
J=2.5e-04, ⟨Jf⟩=1.9e-04, ⟨B·n⟩=6.3e-03, Len=sum([2.7, 2.6, 2.4, 2.4, 2.3])=12.5, ϰ=[15.2, 9.9, 12.4, 11.5, 10.7], ∫ϰ²/L>=[44.5, 19.1, 23.3, 30.9, 23.1], C-C-Sep=0.08, ║∇J║=1.5e-02
Iteration 68/2000-----
currents: [100000.0, 99999.9999985879, 99999.9999985209, 99999.99999859904, 99999.99999863359]
J=2.4e-04, ⟨Jf⟩=1.9e-04, ⟨B·n⟩=6.2e-03, Len=sum([2.7, 2.6, 2.4, 2.4, 2.3])=12.5, ϰ=[15.1, 10.1, 12.5, 11.1, 10.8], ∫ϰ²/L>=[44.1, 19.0, 23.2, 30.6, 23.0], C-C-Sep=0.08, ║∇J║=1.4e-02
Iteration 69/2000-----
currents: [100000.0, 99999.99999858963, 99999.99999851997, 99999.99999859666, 99999.99999863094]
J=2.3e-04, ⟨Jf⟩=1.8e-04, ⟨B·n⟩=5.9e-03, Len=sum([2.7, 2.6, 2.4, 2.4, 2.3])=12.5, ϰ=[15.1, 10.1, 12.5, 11.6, 11.2], ∫ϰ²/L>=[43.2, 18.9, 22.9, 29.8, 23.1], C-C-Sep=0.08, ║∇J║=1.6e-02
Iteration 70/2000-----
currents: [100000.0, 99999.99999859306, 99999.99999851784, 99999.9999985916, 99999.99999862537]
J=2.2e-04, ⟨Jf⟩=1.6e-04, ⟨B·n⟩=5.6e-03, Len=sum([2.7, 2.6, 2.4, 2.4, 2.4])=12.4, ϰ=[15.4, 9.9, 12.7, 12.6, 11.5], ∫ϰ²/L>=[42.8, 19.4, 23.2, 29.1, 24.2], C-C-Sep=0.08, ║∇J║=3.3e-02
Iteration 71/2000-----
currents: [100000.0, 99999.99999859327, 99999.99999851802, 99999.99999859165, 99999.99999862534]
J=2.1e-04, ⟨Jf⟩=1.6e-04, ⟨B·n⟩=5.5e-03, Len=sum([2.7, 2.6, 2.4, 2.4, 2.4])=12.4, ϰ=[15.3, 9.7, 12.6, 12.3, 11.3], ∫ϰ²/L>=[42.4, 19.3, 22.9, 28.7, 24.1], C-C-Sep=0.08, ║∇J║=1.3e-02
Iteration 72/2000-----
currents: [100000.0, 99999.99999859388, 99999.99999851765, 99999.99999859075, 99999.99999862433]
J=2.0e-04, ⟨Jf⟩=1.6e-04, ⟨B·n⟩=5.4e-03, Len=sum([2.7, 2.6, 2.4, 2.4, 2.4])=12.4, ϰ=[15.2, 9.4, 12.3, 12.2, 10.9], ∫ϰ²/L>=[42.2, 19.3, 22.7, 28.6, 24.0], C-C-Sep=0.08, ║∇J║=1.0e-02
Iteration 73/2000-----
currents: [100000.0, 99999.99999859497, 99999.99999851717, 99999.99999858934, 99999.99999862268]
J=2.0e-04, ⟨Jf⟩=1.5e-04, ⟨B·n⟩=5.3e-03, Len=sum([2.7, 2.6, 2.4, 2.4, 2.4])=12.4, ϰ=[15.2, 9.0, 11.9, 12.0, 10.4], ∫ϰ²/L>=[41.6, 19.2, 22.1, 28.0, 24.0], C-C-Sep=0.08, ║∇J║=1.3e-02
Iteration 74/2000-----
currents: [100000.0, 99999.99999859693, 99999.9999985151, 99999.99999858507, 99999.99999861795]
J=1.9e-04, ⟨Jf⟩=1.4e-04, ⟨B·n⟩=5.1e-03, Len=sum([2.7, 2.6, 2.4, 2.4, 2.4])=12.4, ϰ=[15.0, 8.9, 11.0, 11.6, 10.4], ∫ϰ²/L>=[41.3, 19.1, 21.6, 28.0, 23.9], C-C-Sep=0.08, ║∇J║=2.5e-02
Iteration 75/2000-----
currents: [100000.0, 99999.99999859817, 99999.99999851527, 99999.99999858445, 99999.99999861706]
J=1.8e-04, ⟨Jf⟩=1.4e-04, ⟨B·n⟩=5.0e-03, Len=sum([2.7, 2.6, 2.4, 2.4, 2.4])=12.4, ϰ=[14.9, 8.7, 10.9, 11.2, 10.4], ∫ϰ²/L>=[41.1, 18.8, 21.2, 27.9, 23.5], C-C-Sep=0.08, ║∇J║=1.1e-02
Iteration 76/2000-----
currents: [100000.0, 99999.99999859853, 99999.99999851512, 99999.99999858388, 99999.99999861635]
J=1.7e-04, ⟨Jf⟩=1.4e-04, ⟨B·n⟩=5.0e-03, Len=sum([2.7, 2.6, 2.4, 2.4, 2.4])=12.4, ϰ=[14.9, 8.7, 10.8, 10.8, 10.2], ∫ϰ²/L>=[40.8, 18.6, 20.9, 27.6, 23.2], C-C-Sep=0.08, ║∇J║=8.8e-03
Iteration 77/2000-----
currents: [100000.0, 99999.9999986003, 99999.9999985142, 99999.9999985814, 99999.9999986136]
J=1.7e-04, ⟨Jf⟩=1.3e-04, ⟨B·n⟩=4.9e-03, Len=sum([2.7, 2.6, 2.4, 2.4, 2.4])=12.4, ϰ=[14.8, 8.6, 10.8, 10.6, 10.1], ∫ϰ²/L>=[40.7, 18.4, 20.6, 27.6, 23.0], C-C-Sep=0.08, ║∇J║=1.2e-02
Iteration 78/2000-----
currents: [100000.0, 99999.9999986021, 99999.99999851314, 99999.99999857848, 99999.9999986102]
J=1.6e-04, ⟨Jf⟩=1.2e-04, ⟨B·n⟩=4.7e-03, Len=sum([2.7, 2.6, 2.4, 2.4, 2.4])=12.4, ϰ=[14.8, 8.7, 11.1, 10.0, 9.8], ∫ϰ²/L>=[40.0, 18.1, 20.4, 27.4, 22.8], C-C-Sep=0.08, ║∇J║=1.8e-02
Iteration 79/2000-----
currents: [100000.0, 99999.99999860287, 99999.99999851242, 99999.99999857688, 99999.9999986084]
J=1.6e-04, ⟨Jf⟩=1.2e-04, ⟨B·n⟩=4.7e-03, Len=sum([2.7, 2.6, 2.4, 2.4, 2.4])=12.4, ϰ=[14.7, 8.6, 11.3, 10.0, 9.8], ∫ϰ²/L>=[39.6, 18.0, 20.4, 27.1, 22.8], C-C-Sep=0.08, ║∇J║=9.8e-03
Iteration 80/2000-----
currents: [100000.0, 99999.99999860438, 99999.99999851179, 99999.99999857505, 99999.99999860633]
J=1.5e-04, ⟨Jf⟩=1.2e-04, ⟨B·n⟩=4.7e-03, Len=sum([2.7, 2.6, 2.4, 2.4, 2.4])=12.4, ϰ=[14.6, 8.5, 11.6, 10.1, 10.0], ∫ϰ²/L>=[39.1, 17.9, 20.5, 26.9, 22.7], C-C-Sep=0.08, ║∇J║=8.4e-03
Iteration 81/2000-----
currents: [100000.0, 99999.99999860536, 99999.99999851093, 99999.99999857311, 99999.99999860405]
J=1.5e-04, ⟨Jf⟩=1.2e-04, ⟨B·n⟩=4.6e-03, Len=sum([2.6, 2.6, 2.4, 2.4, 2.4])=12.4, ϰ=[14.7, 8.5, 12.0, 9.9, 10.2], ∫ϰ²/L>=[38.8, 17.7, 20.8, 26.3, 22.6], C-C-Sep=0.08, ║∇J║=1.1e-02
Iteration 82/2000-----
currents: [100000.0, 99999.99999860702, 99999.99999851013, 99999.9999985708, 99999.99999860121]
J=1.4e-04, ⟨Jf⟩=1.1e-04, ⟨B·n⟩=4.6e-03, Len=sum([2.6, 2.6, 2.4, 2.4, 2.4])=12.4, ϰ=[14.5, 8.7, 12.2, 10.1, 10.4], ∫ϰ²/L>=[38.2, 17.3, 20.9, 25.1, 22.5], C-C-Sep=0.08, ║∇J║=1.2e-02
Iteration 83/2000-----
currents: [100000.0, 99999.99999860935, 99999.99999850892, 99999.99999856752, 99999.99999859733]
J=1.4e-04, ⟨Jf⟩=1.1e-04, ⟨B·n⟩=4.5e-03, Len=sum([2.6, 2.6, 2.4, 2.4, 2.4])=12.4, ϰ=[14.3, 8.9, 12.2, 10.3, 10.6], ∫ϰ²/L>=[38.2, 17.1, 20.9, 24.6, 22.8], C-C-Sep=0.08, ║∇J║=1.3e-02
Iteration 84/2000-----
currents: [100000.0, 99999.9999986101, 99999.99999850849, 99999.99999856635, 99999.99999859581]
J=1.3e-04, ⟨Jf⟩=1.0e-04, ⟨B·n⟩=4.5e-03, Len=sum([2.6, 2.6, 2.4, 2.4, 2.4])=12.4, ϰ=[14.2, 9.0, 12.0, 10.4, 10.4], ∫ϰ²/L>=[37.6, 16.9, 20.5, 24.2, 22.8], C-C-Sep=0.08, ║∇J║=8.7e-03
Iteration 85/2000-----
currents: [100000.0, 99999.99999861077, 99999.99999850806, 99999.9999985652, 99999.99999859428]
J=1.3e-04, ⟨Jf⟩=1.0e-04, ⟨B·n⟩=4.4e-03, Len=sum([2.6, 2.6, 2.4, 2.4, 2.4])=12.4, ϰ=[14.2, 9.0, 11.6, 10.4, 10.4], ∫ϰ²/L>=[36.9, 16.7, 19.8, 24.0, 22.7], C-C-Sep=0.08, ║∇J║=9.2e-03
Iteration 86/2000-----
currents: [100000.0, 99999.99999861213, 99999.99999850724, 99999.99999856304, 99999.99999859158]
J=1.2e-04, ⟨Jf⟩=9.6e-05, ⟨B·n⟩=4.3e-03, Len=sum([2.6, 2.5, 2.4, 2.4, 2.4])=12.4, ϰ=[14.1, 9.0, 11.2, 10.5, 11.4], ∫ϰ²/L>=[36.5, 16.4, 19.4, 24.1, 22.8], C-C-Sep=0.08, ║∇J║=1.1e-02
Iteration 87/2000-----
currents: [100000.0, 99999.99999861266, 99999.99999850665, 99999.99999856172, 99999.99999858986]
J=1.2e-04, ⟨Jf⟩=9.3e-05, ⟨B·n⟩=4.2e-03, Len=sum([2.6, 2.5, 2.4, 2.4, 2.4])=12.3, ϰ=[13.9, 9.0, 10.8, 10.6, 11.9], ∫ϰ²/L>=[36.1, 16.3, 19.0, 24.1, 22.8], C-C-Sep=0.08, ║∇J║=8.2e-03
Iteration 88/2000-----
currents: [100000.0, 99999.99999861368, 99999.99999850562, 99999.99999855948, 99999.99999858717]
J=1.2e-04, ⟨Jf⟩=9.0e-05, ⟨B·n⟩=4.1e-03, Len=sum([2.6, 2.5, 2.4, 2.4, 2.4])=12.3, ϰ=[13.8, 9.1, 10.3, 10.6, 12.2], ∫ϰ²/L>=[36.1, 16.2, 18.7, 24.2, 22.9], C-C-Sep=0.08, ║∇J║=8.3e-03
Iteration 89/2000-----
currents: [100000.0, 99999.99999861377, 99999.99999850542, 99999.99999855898, 99999.99999858634]
J=1.1e-04, ⟨Jf⟩=8.8e-05, ⟨B·n⟩=4.1e-03, Len=sum([2.6, 2.5, 2.4, 2.4, 2.4])=12.3, ϰ=[13.6, 9.4, 10.2, 10.7, 12.0], ∫ϰ²/L>=[35.6, 16.2, 18.2, 23.9, 22.7], C-C-Sep=0.08, ║∇J║=9.4e-03
Iteration 90/2000-----
currents: [100000.0, 99999.9999986161, 99999.99999850379, 99999.99999855502, 99999.9999985816]
J=1.1e-04, ⟨Jf⟩=8.4e-05, ⟨B·n⟩=4.0e-03, Len=sum([2.6, 2.5, 2.4, 2.4, 2.4])=12.3, ϰ=[13.5, 9.8, 10.4, 10.8, 12.0], ∫ϰ²/L>=[36.1, 16.5, 18.4, 24.4, 23.3], C-C-Sep=0.08, ║∇J║=9.5e-03
Iteration 91/2000-----
currents: [100000.0, 99999.99999861652, 99999.99999850367, 99999.99999855453, 99999.99999858087]
J=1.1e-04, ⟨Jf⟩=8.3e-05, ⟨B·n⟩=3.9e-03, Len=sum([2.6, 2.5, 2.4, 2.4, 2.4])=12.3, ϰ=[13.3, 9.9, 10.6, 10.5, 11.7], ∫ϰ²/L>=[35.7, 16.4, 18.2, 23.8, 23.2], C-C-Sep=0.08, ║∇J║=7.4e-03
Iteration 92/2000-----
currents: [100000.0, 99999.99999861712, 99999.99999850352, 99999.99999855387, 99999.99999858002]
J=1.1e-04, ⟨Jf⟩=8.2e-05, ⟨B·n⟩=3.9e-03, Len=sum([2.6, 2.5, 2.4, 2.4, 2.4])=12.3, ϰ=[13.1, 9.9, 10.6, 10.3, 11.8], ∫ϰ²/L>=[35.7, 16.5, 18.3, 23.5, 23.3], C-C-Sep=0.08, ║∇J║=5.7e-03
Iteration 93/2000-----
currents: [100000.0, 99999.99999861768, 99999.99999850316, 99999.99999855287, 99999.99999857874]
J=1.0e-04, ⟨Jf⟩=8.0e-05, ⟨B·n⟩=3.9e-03, Len=sum([2.6, 2.5, 2.4, 2.4, 2.4])=12.3, ϰ=[12.9, 9.9, 10.5, 10.1, 12.0], ∫ϰ²/L>=[35.6, 16.5, 18.2, 23.2, 23.3], C-C-Sep=0.08, ║∇J║=5.8e-03
Iteration 94/2000-----
currents: [100000.0, 99999.99999861945, 99999.99999850201, 99999.99999854983, 99999.99999857499]
J=1.0e-04, ⟨Jf⟩=7.8e-05, ⟨B·n⟩=3.8e-03, Len=sum([2.6, 2.6, 2.3, 2.4, 2.4])=12.3, ϰ=[12.7, 10.0, 10.6, 9.9, 12.5], ∫ϰ²/L>=[35.6, 16.8, 18.4, 22.8, 23.6], C-C-Sep=0.08, ║∇J║=8.4e-03
Iteration 95/2000-----
currents: [100000.0, 99999.99999861956, 99999.99999850162, 99999.999998549, 99999.9999985739]
J=1.0e-04, ⟨Jf⟩=7.6e-05, ⟨B·n⟩=3.8e-03, Len=sum([2.6, 2.6, 2.3, 2.4, 2.4])=12.3, ϰ=[12.6, 10.2, 10.7, 9.8, 12.7], ∫ϰ²/L>=[35.0, 16.8, 18.3, 22.5, 23.6], C-C-Sep=0.08, ║∇J║=7.5e-03
Iteration 96/2000-----
currents: [100000.0, 99999.99999861966, 99999.99999850118, 99999.9999985482, 99999.99999857297]
J=9.8e-05, ⟨Jf⟩=7.5e-05, ⟨B·n⟩=3.7e-03, Len=sum([2.6, 2.6, 2.3, 2.4, 2.4])=12.3, ϰ=[12.7, 10.3, 10.6, 9.8, 12.7], ∫ϰ²/L>=[34.7, 16.7, 18.1, 22.3, 23.6], C-C-Sep=0.08, ║∇J║=5.6e-03
Iteration 97/2000-----
currents: [100000.0, 99999.99999862022, 99999.99999850028, 99999.99999854635, 99999.99999857083]
J=9.6e-05, ⟨Jf⟩=7.4e-05, ⟨B·n⟩=3.7e-03, Len=sum([2.6, 2.6, 2.3, 2.4, 2.4])=12.3, ϰ=[12.9, 10.5, 10.3, 9.7, 12.8], ∫ϰ²/L>=[34.3, 16.7, 18.0, 22.2, 23.7], C-C-Sep=0.08, ║∇J║=5.4e-03
Iteration 98/2000-----
currents: [100000.0, 99999.99999862054, 99999.9999984996, 99999.99999854492, 99999.99999856915]
J=9.5e-05, ⟨Jf⟩=7.2e-05, ⟨B·n⟩=3.6e-03, Len=sum([2.6, 2.6, 2.3, 2.4, 2.4])=12.4, ϰ=[13.0, 10.6, 9.9, 9.6, 12.9], ∫ϰ²/L>=[33.8, 16.7, 17.8, 22.3, 23.7], C-C-Sep=0.08, ║∇J║=7.5e-03
Iteration 99/2000-----
currents: [100000.0, 99999.9999986207, 99999.99999849923, 99999.99999854411, 99999.99999856816]
J=9.3e-05, ⟨Jf⟩=7.1e-05, ⟨B·n⟩=3.6e-03, Len=sum([2.6, 2.6, 2.3, 2.4, 2.4])=12.4, ϰ=[13.1, 10.7, 9.5, 9.5, 12.8], ∫ϰ²/L>=[33.4, 16.7, 17.7, 22.3, 23.7], C-C-Sep=0.08, ║∇J║=5.1e-03
Iteration 100/2000-----
currents: [100000.0, 99999.99999862105, 99999.99999849868, 99999.99999854283, 99999.9999985666]
J=9.1e-05, ⟨Jf⟩=7.0e-05, ⟨B·n⟩=3.5e-03, Len=sum([2.6, 2.6, 2.3, 2.4, 2.4])=12.4, ϰ=[13.3, 10.7, 8.8, 9.4, 12.7], ∫ϰ²/L>=[32.8, 16.8, 17.7, 22.4, 23.8], C-C-Sep=0.08, ║∇J║=5.1e-03
Iteration 101/2000-----
currents: [100000.0, 99999.99999862109, 99999.99999849842, 99999.99999854219, 99999.9999985658]
J=9.0e-05, ⟨Jf⟩=6.8e-05, ⟨B·n⟩=3.5e-03, Len=sum([2.6, 2.6, 2.3, 2.4, 2.4])=12.4, ϰ=[13.5, 10.7, 8.9, 9.5, 12.5], ∫ϰ²/L>=[32.3, 17.0, 17.6, 22.6, 23.8], C-C-Sep=0.08, ║∇J║=7.8e-03
Iteration 102/2000-----
currents: [100000.0, 99999.99999862135, 99999.99999849811, 99999.99999854136, 99999.99999856477]
J=8.8e-05, ⟨Jf⟩=6.7e-05, ⟨B·n⟩=3.5e-03, Len=sum([2.6, 2.6, 2.3, 2.4, 2.4])=12.4, ϰ=[13.5, 10.6, 9.1, 9.6, 12.5], ∫ϰ²/L>=[32.1, 17.2, 17.6, 22.7, 23.8], C-C-Sep=0.08, ║∇J║=5.2e-03
Iteration 103/2000-----
currents: [100000.0, 99999.99999862157, 99999.99999849767, 99999.99999854041, 99999.99999856368]
J=8.7e-05, ⟨Jf⟩=6.6e-05, ⟨B·n⟩=3.4e-03, Len=sum([2.6, 2.6, 2.3, 2.4, 2.4])=12.4, ϰ=[13.6, 10.8, 9.1, 9.7, 12.4], ∫ϰ²/L>=[31.8, 17.4, 17.4, 22.6, 23.7], C-C-Sep=0.08, ║∇J║=4.5e-03
Iteration 104/2000-----
currents: [100000.0, 99999.99999862182, 99999.99999849743, 99999.99999853967, 99999.99999856278]
J=8.6e-05, ⟨Jf⟩=6.5e-05, ⟨B·n⟩=3.4e-03, Len=sum([2.6, 2.6, 2.3, 2.4, 2.4])=12.4, ϰ=[13.4, 10.8, 8.9, 9.7, 12.4], ∫ϰ²/L>=[31.5, 17.5, 17.1, 22.5, 23.6], C-C-Sep=0.08, ║∇J║=5.4e-03
Iteration 105/2000-----
currents: [100000.0, 99999.99999862217, 99999.99999849699, 99999.99999853861, 99999.99999856154]
J=8.5e-05, ⟨Jf⟩=6.4e-05, ⟨B·n⟩=3.3e-03, Len=sum([2.6, 2.6, 2.3, 2.4, 2.4])=12.4, ϰ=[13.3, 10.9, 8.6, 9.6, 12.4], ∫ϰ²/L>=[31.3, 17.7, 16.9, 22.4, 23.5], C-C-Sep=0.08, ║∇J║=4.6e-03
Iteration 106/2000-----
currents: [100000.0, 99999.99999862233, 99999.99999849642, 99999.99999853733, 99999.99999856012]
J=8.3e-05, ⟨Jf⟩=6.2e-05, ⟨B·n⟩=3.3e-03, Len=sum([2.6, 2.6, 2.3, 2.4, 2.4])=12.4, ϰ=[13.2, 10.8, 8.4, 9.5, 12.4], ∫ϰ²/L>=[30.9, 17.9, 16.8, 22.3, 23.3], C-C-Sep=0.08, ║∇J║=5.4e-03
Iteration 107/2000-----
currents: [100000.0, 99999.99999862266, 99999.99999849578, 99999.99999853583, 99999.99999855841]
J=8.2e-05, ⟨Jf⟩=6.1e-05, ⟨B·n⟩=3.2e-03, Len=sum([2.6, 2.6, 2.3, 2.4, 2.5])=12.4, ϰ=[13.1, 10.8, 8.3, 9.3, 12.3], ∫ϰ²/L>=[30.7, 18.1, 16.8, 22.3, 23.3], C-C-Sep=0.08, ║∇J║=5.6e-03
Iteration 108/2000-----
currents: [100000.0, 99999.99999862254, 99999.99999849567, 99999.9999985355, 99999.99999855807]
J=8.1e-05, ⟨Jf⟩=6.0e-05, ⟨B·n⟩=3.2e-03, Len=sum([2.6, 2.6, 2.3, 2.4, 2.5])=12.4, ϰ=[13.0, 10.6, 8.4, 9.1, 12.3], ∫ϰ²/L>=[30.5, 18.0, 16.8, 22.1, 23.2], C-C-Sep=0.08, ║∇J║=4.7e-03
Iteration 109/2000-----
currents: [100000.0, 99999.99999862246, 99999.99999849516, 99999.99999853432, 99999.9999985568]
J=7.9e-05, ⟨Jf⟩=5.9e-05, ⟨B·n⟩=3.2e-03, Len=sum([2.6, 2.6, 2.3, 2.4, 2.5])=12.4, ϰ=[12.9, 10.4, 8.4, 9.2, 12.4], ∫ϰ²/L>=[30.3, 17.9, 17.0, 22.0, 23.2], C-C-Sep=0.08, ║∇J║=5.0e-03
Iteration 110/2000-----
currents: [100000.0, 99999.99999862224, 99999.99999849484, 99999.99999853363, 99999.99999855609]
J=7.8e-05, ⟨Jf⟩=5.8e-05, ⟨B·n⟩=3.1e-03, Len=sum([2.6, 2.6, 2.3, 2.4, 2.5])=12.4, ϰ=[13.0, 10.5, 8.4, 9.2, 12.4], ∫ϰ²/L>=[30.0, 17.8, 17.2, 21.9, 23.1], C-C-Sep=0.08, ║∇J║=5.7e-03
Iteration 111/2000-----
currents: [100000.0, 99999.99999862227, 99999.9999984946, 99999.99999853307, 99999.99999855548]
J=7.7e-05, ⟨Jf⟩=5.7e-05, ⟨B·n⟩=3.1e-03, Len=sum([2.6, 2.6, 2.3, 2.4, 2.5])=12.4, ϰ=[13.0, 10.5, 8.5, 9.2, 12.3], ∫ϰ²/L>=[29.9, 17.8, 17.3, 21.9, 23.1], C-C-Sep=0.08, ║∇J║=4.4e-03
Iteration 112/2000-----
currents: [100000.0, 99999.99999862233, 99999.99999849417, 99999.99999853189, 99999.99999855418]
J=7.6e-05, ⟨Jf⟩=5.6e-05, ⟨B·n⟩=3.1e-03, Len=sum([2.6, 2.6, 2.3, 2.4, 2.5])=12.4, ϰ=[13.1, 10.4, 8.7, 9.2, 12.2], ∫ϰ²/L>=[29.7, 17.7, 17.5, 21.8, 23.1], C-C-Sep=0.08, ║∇J║=4.0e-03
Iteration 113/2000-----
currents: [100000.0, 99999.99999862244, 99999.99999849369, 99999.99999853072, 99999.99999855296]
J=7.5e-05, ⟨Jf⟩=5.5e-05, ⟨B·n⟩=3.0e-03, Len=sum([2.6, 2.6, 2.3, 2.4, 2.5])=12.4, ϰ=[13.0, 10.3, 8.6, 9.3, 12.2], ∫ϰ²/L>=[29.6, 17.6, 17.6, 21.9, 23.2], C-C-Sep=0.08, ║∇J║=6.4e-03
Iteration 114/2000-----
currents: [100000.0, 99999.99999862241, 99999.9999984936, 99999.99999853039, 99999.99999855262]
J=7.4e-05, ⟨Jf⟩=5.4e-05, ⟨B·n⟩=3.0e-03, Len=sum([2.6, 2.6, 2.3, 2.4, 2.5])=12.4, ϰ=[13.1, 10.2, 8.6, 9.2, 12.3], ∫ϰ²/L>=[29.5, 17.5, 17.7, 21.8, 23.1], C-C-Sep=0.08, ║∇J║=4.1e-03
Iteration 115/2000-----
currents: [100000.0, 99999.9999986224, 99999.99999849337, 99999.9999985297, 99999.99999855195]
J=7.3e-05, ⟨Jf⟩=5.3e-05, ⟨B·n⟩=3.0e-03, Len=sum([2.6, 2.6, 2.3, 2.4, 2.5])=12.4, ϰ=[13.2, 10.1, 8.5, 9.3, 12.4], ∫ϰ²/L>=[29.4, 17.4, 17.6, 21.8, 23.0], C-C-Sep=0.08, ║∇J║=3.8e-03
Iteration 116/2000-----
currents: [100000.0, 99999.99999862228, 99999.99999849327, 99999.9999985294, 99999.99999855174]
J=7.2e-05, ⟨Jf⟩=5.3e-05, ⟨B·n⟩=3.0e-03, Len=sum([2.6, 2.6, 2.3, 2.4, 2.5])=12.4, ϰ=[13.2, 10.0, 8.3, 9.3, 12.4], ∫ϰ²/L>=[29.2, 17.2, 17.4, 21.7, 22.9], C-C-Sep=0.08, ║∇J║=4.7e-03
Iteration 117/2000-----
currents: [100000.0, 99999.99999862212, 99999.9999984927, 99999.99999852812, 99999.99999855053]
J=7.1e-05, ⟨Jf⟩=5.1e-05, ⟨B·n⟩=2.9e-03, Len=sum([2.6, 2.6, 2.3, 2.4, 2.5])=12.4, ϰ=[13.2, 10.1, 8.0, 9.5, 12.5], ∫ϰ²/L>=[29.0, 17.0, 17.2, 21.6, 22.8], C-C-Sep=0.08, ║∇J║=5.0e-03
Iteration 118/2000-----
currents: [100000.0, 99999.99999862161, 99999.99999849201, 99999.99999852675, 99999.99999854935]
J=7.0e-05, ⟨Jf⟩=5.0e-05, ⟨B·n⟩=2.9e-03, Len=sum([2.6, 2.6, 2.3, 2.4, 2.5])=12.4, ϰ=[13.2, 10.1, 7.8, 9.6, 12.5], ∫ϰ²/L>=[28.8, 16.8, 17.0, 21.5, 22.7], C-C-Sep=0.08, ║∇J║=7.5e-03
Iteration 119/2000-----
currents: [100000.0, 99999.99999862145, 99999.9999984919, 99999.99999852652, 99999.99999854916]
J=6.9e-05, ⟨Jf⟩=5.0e-05, ⟨B·n⟩=2.9e-03, Len=sum([2.6, 2.6, 2.3, 2.4, 2.5])=12.4, ϰ=[13.1, 10.2, 7.8, 9.6, 12.5], ∫ϰ²/L>=[28.7, 16.7, 16.8, 21.2, 22.6], C-C-Sep=0.08, ║∇J║=4.0e-03
Iteration 120/2000-----
currents: [100000.0, 99999.999998621, 99999.9999984916, 99999.99999852607, 99999.99999854881]
J=6.8e-05, ⟨Jf⟩=4.9e-05, ⟨B·n⟩=2.8e-03, Len=sum([2.6, 2.6, 2.3, 2.4, 2.5])=12.4, ϰ=[13.1, 10.3, 7.8, 9.8, 12.3], ∫ϰ²/L>=[28.6, 16.7, 16.9, 21.2, 22.5], C-C-Sep=0.08, ║∇J║=4.1e-03
Iteration 121/2000-----
currents: [100000.0, 99999.99999862093, 99999.99999849113, 99999.99999852503, 99999.99999854782]
J=6.7e-05, ⟨Jf⟩=4.8e-05, ⟨B·n⟩=2.8e-03, Len=sum([2.6, 2.6, 2.3, 2.4, 2.5])=12.4, ϰ=[13.1, 10.3, 8.1, 9.8, 12.2], ∫ϰ²/L>=[28.4, 16.6, 16.9, 20.9, 22.4], C-C-Sep=0.08, ║∇J║=4.8e-03
Iteration 122/2000-----
currents: [100000.0, 99999.99999861994, 99999.99999849095, 99999.99999852497, 99999.99999854827]
J=6.5e-05, ⟨Jf⟩=4.8e-05, ⟨B·n⟩=2.8e-03, Len=sum([2.6, 2.6, 2.3, 2.4, 2.5])=12.4, ϰ=[13.2, 10.2, 8.3, 10.0, 12.0], ∫ϰ²/L>=[28.3, 16.4, 17.0, 20.7, 22.2], C-C-Sep=0.08, ║∇J║=5.4e-03
Iteration 123/2000-----
currents: [100000.0, 99999.99999862023, 99999.9999984897, 99999.99999852222, 99999.99999854555]
J=6.5e-05, ⟨Jf⟩=4.6e-05, ⟨B·n⟩=2.7e-03, Len=sum([2.6, 2.6, 2.3, 2.4, 2.5])=12.4, ϰ=[13.3, 10.2, 8.5, 10.0, 12.0], ∫ϰ²/L>=[28.6, 16.6, 17.5, 20.9, 22.4], C-C-Sep=0.08, ║∇J║=5.4e-03
Iteration 124/2000-----
currents: [100000.0, 99999.99999861982, 99999.99999849015, 99999.99999852336, 99999.99999854705]
J=6.4e-05, ⟨Jf⟩=4.6e-05, ⟨B·n⟩=2.7e-03, Len=sum([2.6, 2.6, 2.3, 2.4, 2.5])=12.4, ϰ=[13.4, 10.0, 8.4, 9.8, 12.0], ∫ϰ²/L>=[28.3, 16.4, 17.2, 20.8, 22.2], C-C-Sep=0.08, ║∇J║=4.9e-03
Iteration 125/2000-----
currents: [100000.0, 99999.99999861998, 99999.99999848982, 99999.99999852263, 99999.99999854631]
J=6.3e-05, ⟨Jf⟩=4.6e-05, ⟨B·n⟩=2.7e-03, Len=sum([2.6, 2.6, 2.3, 2.4, 2.5])=12.4, ϰ=[13.4, 9.9, 8.3, 9.7, 12.1], ∫ϰ²/L>=[28.2, 16.4, 17.2, 20.8, 22.2], C-C-Sep=0.08, ║∇J║=3.7e-03
Iteration 126/2000-----
currents: [100000.0, 99999.99999861994, 99999.99999848945, 99999.99999852196, 99999.99999854575]
J=6.2e-05, ⟨Jf⟩=4.5e-05, ⟨B·n⟩=2.7e-03, Len=sum([2.6, 2.5, 2.3, 2.4, 2.5])=12.4, ϰ=[13.4, 9.9, 8.3, 9.7, 12.0], ∫ϰ²/L>=[28.1, 16.4, 17.2, 20.8, 22.2], C-C-Sep=0.08, ║∇J║=3.2e-03
Iteration 127/2000-----
currents: [100000.0, 99999.99999861968, 99999.99999848855, 99999.99999852035, 99999.99999854446]
J=6.1e-05, ⟨Jf⟩=4.4e-05, ⟨B·n⟩=2.6e-03, Len=sum([2.6, 2.5, 2.3, 2.4, 2.5])=12.4, ϰ=[13.4, 9.9, 8.4, 9.7, 11.8], ∫ϰ²/L>=[27.9, 16.4, 17.3, 20.9, 22.2], C-C-Sep=0.08, ║∇J║=3.7e-03
Iteration 128/2000-----
currents: [100000.0, 99999.99999861921, 99999.99999848806, 99999.99999851969, 99999.99999854437]
J=6.1e-05, ⟨Jf⟩=4.3e-05, ⟨B·n⟩=2.6e-03, Len=sum([2.6, 2.5, 2.3, 2.4, 2.5])=12.4, ϰ=[13.3, 9.8, 8.3, 9.7, 11.7], ∫ϰ²/L>=[27.6, 16.3, 17.1, 20.9, 22.1], C-C-Sep=0.08, ║∇J║=7.4e-03
Iteration 129/2000-----
currents: [100000.0, 99999.99999861917, 99999.99999848803, 99999.99999851966, 99999.99999854437]
J=6.0e-05, ⟨Jf⟩=4.3e-05, ⟨B·n⟩=2.6e-03, Len=sum([2.6, 2.5, 2.3, 2.4, 2.5])=12.4, ϰ=[13.3, 9.8, 8.3, 9.7, 11.7], ∫ϰ²/L>=[27.5, 16.3, 17.1, 20.9, 22.1], C-C-Sep=0.08, ║∇J║=3.2e-03
Iteration 130/2000-----
currents: [100000.0, 99999.9999986189, 99999.99999848788, 99999.99999851944, 99999.99999854433]
J=6.0e-05, ⟨Jf⟩=4.3e-05, ⟨B·n⟩=2.6e-03, Len=sum([2.6, 2.5, 2.3, 2.4, 2.5])=12.4, ϰ=[13.3, 9.8, 8.3, 9.8, 11.6], ∫ϰ²/L>=[27.4, 16.3, 17.1, 20.8, 22.1], C-C-Sep=0.08, ║∇J║=2.6e-03
Iteration 131/2000-----
currents: [100000.0, 99999.99999861872, 99999.9999984876, 99999.9999985191, 99999.99999854424]
J=5.9e-05, ⟨Jf⟩=4.3e-05, ⟨B·n⟩=2.6e-03, Len=sum([2.6, 2.5, 2.3, 2.4, 2.5])=12.4, ϰ=[13.3, 9.7, 8.3, 9.9, 11.6], ∫ϰ²/L>=[27.2, 16.2, 16.9, 20.8, 22.0], C-C-Sep=0.08, ║∇J║=3.6e-03
Iteration 132/2000-----
currents: [100000.0, 99999.99999861809, 99999.99999848683, 99999.9999985179, 99999.9999985436]
J=5.8e-05, ⟨Jf⟩=4.2e-05, ⟨B·n⟩=2.5e-03, Len=sum([2.6, 2.5, 2.3, 2.4, 2.5])=12.4, ϰ=[13.2, 9.6, 8.2, 9.9, 11.6], ∫ϰ²/L>=[26.9, 16.1, 16.9, 20.8, 22.0], C-C-Sep=0.08, ║∇J║=5.0e-03
Iteration 133/2000-----
currents: [100000.0, 99999.99999861766, 99999.99999848612, 99999.99999851707, 99999.99999854335]
J=5.7e-05, ⟨Jf⟩=4.1e-05, ⟨B·n⟩=2.5e-03, Len=sum([2.6, 2.5, 2.3, 2.4, 2.5])=12.3, ϰ=[13.2, 9.5, 8.0, 9.9, 11.7], ∫ϰ²/L>=[26.7, 16.0, 16.7, 20.7, 21.9], C-C-Sep=0.08, ║∇J║=4.6e-03
Iteration 134/2000-----
currents: [100000.0, 99999.99999861747, 99999.9999984858, 99999.99999851668, 99999.99999854318]
J=5.7e-05, ⟨Jf⟩=4.1e-05, ⟨B·n⟩=2.5e-03, Len=sum([2.6, 2.5, 2.3, 2.4, 2.5])=12.3, ϰ=[13.2, 9.4, 8.0, 9.7, 11.7], ∫ϰ²/L>=[26.6, 15.9, 16.7, 20.7, 21.9], C-C-Sep=0.08, ║∇J║=2.8e-03
Iteration 135/2000-----
currents: [100000.0, 99999.99999861709, 99999.9999984855, 99999.99999851634, 99999.99999854309]
J=5.6e-05, ⟨Jf⟩=4.0e-05, ⟨B·n⟩=2.5e-03, Len=sum([2.6, 2.5, 2.3, 2.4, 2.5])=12.3, ϰ=[13.1, 9.3, 8.0, 9.5, 11.6], ∫ϰ²/L>=[26.4, 15.9, 16.7, 20.7, 21.9], C-C-Sep=0.08, ║∇J║=3.1e-03
Iteration 136/2000-----
currents: [100000.0, 99999.99999861667, 99999.99999848512, 99999.99999851595, 99999.99999854299]
J=5.6e-05, ⟨Jf⟩=4.0e-05, ⟨B·n⟩=2.5e-03, Len=sum([2.5, 2.5, 2.3, 2.4, 2.5])=12.3, ϰ=[13.0, 9.3, 8.0, 9.4, 11.6], ∫ϰ²/L>=[26.3, 15.9, 16.6, 20.6, 21.9], C-C-Sep=0.08, ║∇J║=3.5e-03
Iteration 137/2000-----
currents: [100000.0, 99999.9999986155, 99999.99999848433, 99999.99999851536, 99999.99999854331]
J=5.5e-05, ⟨Jf⟩=3.9e-05, ⟨B·n⟩=2.4e-03, Len=sum([2.5, 2.5, 2.3, 2.4, 2.5])=12.3, ϰ=[12.8, 9.3, 8.0, 9.2, 11.3], ∫ϰ²/L>=[26.0, 15.9, 16.7, 20.5, 22.0], C-C-Sep=0.08, ║∇J║=4.6e-03
Iteration 138/2000-----
currents: [100000.0, 99999.99999861474, 99999.99999848405, 99999.99999851533, 99999.99999854379]
J=5.4e-05, ⟨Jf⟩=3.9e-05, ⟨B·n⟩=2.4e-03, Len=sum([2.5, 2.5, 2.3, 2.4, 2.5])=12.3, ϰ=[12.7, 9.4, 8.0, 9.3, 11.3], ∫ϰ²/L>=[25.8, 16.0, 16.7, 20.5, 22.0], C-C-Sep=0.08, ║∇J║=4.6e-03
Iteration 139/2000-----
currents: [100000.0, 99999.99999861428, 99999.9999984838, 99999.99999851505, 99999.99999854382]
J=5.3e-05, ⟨Jf⟩=3.8e-05, ⟨B·n⟩=2.4e-03, Len=sum([2.5, 2.5, 2.3, 2.4, 2.5])=12.3, ϰ=[12.7, 9.5, 8.0, 9.4, 11.3], ∫ϰ²/L>=[25.7, 16.0, 16.7, 20.5, 21.9], C-C-Sep=0.08, ║∇J║=3.4e-03
Iteration 140/2000-----
currents: [100000.0, 99999.99999861378, 99999.99999848379, 99999.99999851537, 99999.9999985445]
J=5.3e-05, ⟨Jf⟩=3.8e-05, ⟨B·n⟩=2.4e-03, Len=sum([2.5, 2.5, 2.3, 2.4, 2.5])=12.3, ϰ=[12.8, 9.7, 7.9, 9.4, 11.3], ∫ϰ²/L>=[25.5, 16.0, 16.7, 20.5, 21.8], C-C-Sep=0.08, ║∇J║=3.0e-03
Iteration 141/2000-----
currents: [100000.0, 99999.99999861304, 99999.99999848306, 99999.9999985144, 99999.99999854412]
J=5.2e-05, ⟨Jf⟩=3.7e-05, ⟨B·n⟩=2.3e-03, Len=sum([2.5, 2.5, 2.3, 2.4, 2.5])=12.3, ϰ=[12.9, 9.8, 8.1, 9.4, 11.4], ∫ϰ²/L>=[25.4, 16.1, 16.9, 20.7, 21.9], C-C-Sep=0.08, ║∇J║=3.5e-03
Iteration 142/2000-----
currents: [100000.0, 99999.99999861249, 99999.99999848314, 99999.9999985149, 99999.9999985449]
J=5.2e-05, ⟨Jf⟩=3.7e-05, ⟨B·n⟩=2.3e-03, Len=sum([2.5, 2.5, 2.3, 2.4, 2.5])=12.3, ϰ=[12.9, 9.8, 8.0, 9.4, 11.3], ∫ϰ²/L>=[25.2, 16.0, 16.8, 20.6, 21.7], C-C-Sep=0.08, ║∇J║=2.6e-03
Iteration 143/2000-----
currents: [100000.0, 99999.9999986117, 99999.9999984827, 99999.99999851463, 99999.99999854503]
J=5.1e-05, ⟨Jf⟩=3.7e-05, ⟨B·n⟩=2.3e-03, Len=sum([2.5, 2.5, 2.3, 2.4, 2.5])=12.3, ϰ=[13.0, 9.9, 8.1, 9.4, 11.3], ∫ϰ²/L>=[25.1, 16.1, 16.9, 20.6, 21.7], C-C-Sep=0.08, ║∇J║=2.9e-03
Iteration 144/2000-----
currents: [100000.0, 99999.99999861098, 99999.99999848251, 99999.99999851483, 99999.99999854564]
J=5.1e-05, ⟨Jf⟩=3.6e-05, ⟨B·n⟩=2.3e-03, Len=sum([2.5, 2.5, 2.3, 2.4, 2.5])=12.3, ϰ=[13.0, 9.8, 8.1, 9.4, 11.2], ∫ϰ²/L>=[25.0, 16.1, 16.8, 20.6, 21.6], C-C-Sep=0.08, ║∇J║=2.9e-03
Iteration 145/2000-----
currents: [100000.0, 99999.9999986098, 99999.99999848189, 99999.99999851442, 99999.99999854597]
J=5.0e-05, ⟨Jf⟩=3.6e-05, ⟨B·n⟩=2.2e-03, Len=sum([2.5, 2.5, 2.3, 2.4, 2.5])=12.3, ϰ=[13.0, 9.8, 8.1, 9.6, 11.1], ∫ϰ²/L>=[24.9, 16.2, 17.0, 20.8, 21.6], C-C-Sep=0.08, ║∇J║=3.1e-03
Iteration 146/2000-----
currents: [100000.0, 99999.99999860828, 99999.99999848123, 99999.99999851426, 99999.9999985467]
J=4.9e-05, ⟨Jf⟩=3.5e-05, ⟨B·n⟩=2.2e-03, Len=sum([2.5, 2.5, 2.3, 2.4, 2.5])=12.3, ϰ=[13.2, 10.0, 8.0, 9.8, 11.1], ∫ϰ²/L>=[24.7, 16.3, 17.0, 20.9, 21.6], C-C-Sep=0.08, ║∇J║=3.9e-03
Iteration 147/2000-----
currents: [100000.0, 99999.99999860767, 99999.99999848085, 99999.99999851403, 99999.99999854687]
J=4.9e-05, ⟨Jf⟩=3.4e-05, ⟨B·n⟩=2.2e-03, Len=sum([2.5, 2.5, 2.3, 2.4, 2.5])=12.3, ϰ=[13.1, 10.0, 8.0, 9.7, 11.0], ∫ϰ²/L>=[24.7, 16.3, 17.0, 21.0, 21.6], C-C-Sep=0.08, ║∇J║=2.9e-03
Iteration 148/2000-----
currents: [100000.0, 99999.9999986071, 99999.99999848056, 99999.9999985139, 99999.99999854712]
J=4.8e-05, ⟨Jf⟩=3.4e-05, ⟨B·n⟩=2.1e-03, Len=sum([2.5, 2.5, 2.3, 2.4, 2.5])=12.3, ϰ=[13.1, 10.1, 8.0, 9.7, 11.1], ∫ϰ²/L>=[24.6, 16.3, 17.0, 21.0, 21.6], C-C-Sep=0.08, ║∇J║=2.6e-03
Iteration 149/2000-----
currents: [100000.0, 99999.99999860628, 99999.99999848004, 99999.99999851358, 99999.99999854727]
J=4.8e-05, ⟨Jf⟩=3.3e-05, ⟨B·n⟩=2.1e-03, Len=sum([2.5, 2.5, 2.3, 2.4, 2.5])=12.3, ϰ=[13.1, 10.3, 8.1, 9.5, 11.1], ∫ϰ²/L>=[24.5, 16.4, 17.1, 21.1, 21.6], C-C-Sep=0.08, ║∇J║=3.2e-03
Iteration 150/2000-----
currents: [100000.0, 99999.9999986051, 99999.9999984798, 99999.99999851393, 99999.99999854813]
J=4.8e-05, ⟨Jf⟩=3.3e-05, ⟨B·n⟩=2.1e-03, Len=sum([2.5, 2.5, 2.3, 2.4, 2.5])=12.3, ϰ=[13.1, 10.3, 8.2, 9.5, 11.1], ∫ϰ²/L>=[24.3, 16.4, 17.1, 21.2, 21.6], C-C-Sep=0.08, ║∇J║=3.0e-03
Iteration 151/2000-----
currents: [100000.0, 99999.9999986048, 99999.99999847948, 99999.9999985136, 99999.999998548]
J=4.7e-05, ⟨Jf⟩=3.3e-05, ⟨B·n⟩=2.1e-03, Len=sum([2.5, 2.5, 2.3, 2.4, 2.5])=12.3, ϰ=[13.2, 10.3, 8.2, 9.5, 11.1], ∫ϰ²/L>=[24.3, 16.4, 17.2, 21.2, 21.6], C-C-Sep=0.08, ║∇J║=2.4e-03
Iteration 152/2000-----
currents: [100000.0, 99999.99999860446, 99999.99999847941, 99999.99999851371, 99999.9999985482]
J=4.7e-05, ⟨Jf⟩=3.2e-05, ⟨B·n⟩=2.0e-03, Len=sum([2.5, 2.5, 2.3, 2.4, 2.5])=12.3, ϰ=[13.2, 10.2, 8.1, 9.6, 10.9], ∫ϰ²/L>=[24.1, 16.3, 17.0, 21.1, 21.6], C-C-Sep=0.08, ║∇J║=2.6e-03
Iteration 153/2000-----
currents: [100000.0, 99999.99999860363, 99999.9999984789, 99999.99999851336, 99999.99999854827]
J=4.6e-05, ⟨Jf⟩=3.2e-05, ⟨B·n⟩=2.0e-03, Len=sum([2.5, 2.5, 2.3, 2.4, 2.5])=12.3, ϰ=[13.2, 10.1, 8.2, 9.6, 10.9], ∫ϰ²/L>=[24.0, 16.3, 17.0, 21.2, 21.6], C-C-Sep=0.08, ║∇J║=2.7e-03
Iteration 154/2000-----
currents: [100000.0, 99999.99999860312, 99999.99999847879, 99999.99999851357, 99999.99999854862]
J=4.6e-05, ⟨Jf⟩=3.2e-05, ⟨B·n⟩=2.0e-03, Len=sum([2.5, 2.5, 2.3, 2.4, 2.5])=12.3, ϰ=[13.2, 10.0, 8.3, 9.6, 10.9], ∫ϰ²/L>=[23.9, 16.2, 16.8, 21.1, 21.5], C-C-Sep=0.08, ║∇J║=2.6e-03
Iteration 155/2000-----
currents: [100000.0, 99999.99999860185, 99999.9999984784, 99999.99999851375, 99999.99999854933]
J=4.5e-05, ⟨Jf⟩=3.1e-05, ⟨B·n⟩=2.0e-03, Len=sum([2.5, 2.5, 2.3, 2.4, 2.5])=12.3, ϰ=[13.2, 10.0, 8.4, 9.7, 10.9], ∫ϰ²/L>=[23.8, 16.2, 16.7, 21.1, 21.5], C-C-Sep=0.08, ║∇J║=3.4e-03
Iteration 156/2000-----
currents: [100000.0, 99999.9999986009, 99999.99999847819, 99999.99999851409, 99999.99999854993]
J=4.5e-05, ⟨Jf⟩=3.1e-05, ⟨B·n⟩=2.0e-03, Len=sum([2.5, 2.5, 2.3, 2.4, 2.5])=12.3, ϰ=[13.2, 9.9, 8.4, 9.6, 10.9], ∫ϰ²/L>=[23.5, 16.2, 16.6, 21.0, 21.4], C-C-Sep=0.08, ║∇J║=3.0e-03
Iteration 157/2000-----
currents: [100000.0, 99999.99999859964, 99999.9999984777, 99999.99999851409, 99999.99999855035]
J=4.4e-05, ⟨Jf⟩=3.0e-05, ⟨B·n⟩=2.0e-03, Len=sum([2.5, 2.5, 2.3, 2.4, 2.5])=12.3, ϰ=[13.3, 9.9, 8.6, 9.7, 11.0], ∫ϰ²/L>=[23.4, 16.3, 16.6, 21.0, 21.4], C-C-Sep=0.08, ║∇J║=2.5e-03
Iteration 158/2000-----
currents: [100000.0, 99999.99999859795, 99999.999998477, 99999.99999851407, 99999.99999855098]
J=4.4e-05, ⟨Jf⟩=3.0e-05, ⟨B·n⟩=2.0e-03, Len=sum([2.5, 2.5, 2.3, 2.4, 2.5])=12.3, ϰ=[13.3, 10.0, 8.8, 9.6, 10.9], ∫ϰ²/L>=[23.2, 16.4, 16.7, 21.0, 21.4], C-C-Sep=0.08, ║∇J║=3.3e-03
Iteration 159/2000-----
currents: [100000.0, 99999.99999859773, 99999.99999847692, 99999.99999851415, 99999.99999855107]
J=4.4e-05, ⟨Jf⟩=3.0e-05, ⟨B·n⟩=1.9e-03, Len=sum([2.5, 2.5, 2.3, 2.4, 2.5])=12.3, ϰ=[13.4, 9.9, 8.9, 9.6, 10.9], ∫ϰ²/L>=[23.1, 16.5, 16.6, 21.0, 21.4], C-C-Sep=0.08, ║∇J║=2.2e-03
Iteration 160/2000-----
currents: [100000.0, 99999.9999985973, 99999.99999847669, 99999.99999851403, 99999.99999855117]
J=4.3e-05, ⟨Jf⟩=3.0e-05, ⟨B·n⟩=1.9e-03, Len=sum([2.5, 2.5, 2.3, 2.4, 2.5])=12.3, ϰ=[13.4, 10.0, 9.0, 9.6, 10.8], ∫ϰ²/L>=[23.1, 16.5, 16.6, 21.0, 21.4], C-C-Sep=0.08, ║∇J║=2.1e-03
Iteration 161/2000-----
currents: [100000.0, 99999.99999859692, 99999.99999847657, 99999.99999851423, 99999.99999855146]
J=4.3e-05, ⟨Jf⟩=3.0e-05, ⟨B·n⟩=1.9e-03, Len=sum([2.5, 2.5, 2.3, 2.4, 2.5])=12.3, ϰ=[13.3, 9.9, 9.2, 9.5, 10.8], ∫ϰ²/L>=[22.9, 16.4, 16.5, 20.8, 21.3], C-C-Sep=0.08, ║∇J║=2.5e-03
Iteration 162/2000-----
currents: [100000.0, 99999.99999859532, 99999.9999984759, 99999.9999985142, 99999.99999855216]
J=4.3e-05, ⟨Jf⟩=2.9e-05, ⟨B·n⟩=1.9e-03, Len=sum([2.5, 2.5, 2.3, 2.4, 2.5])=12.3, ϰ=[13.2, 9.9, 9.3, 9.5, 10.8], ∫ϰ²/L>=[22.9, 16.4, 16.6, 20.9, 21.3], C-C-Sep=0.08, ║∇J║=3.1e-03
Iteration 163/2000-----
currents: [100000.0, 99999.99999859507, 99999.99999847588, 99999.99999851435, 99999.99999855233]
J=4.2e-05, ⟨Jf⟩=2.9e-05, ⟨B·n⟩=1.9e-03, Len=sum([2.5, 2.5, 2.3, 2.4, 2.5])=12.3, ϰ=[13.1, 9.9, 9.3, 9.5, 10.8], ∫ϰ²/L>=[22.8, 16.4, 16.5, 20.8, 21.3], C-C-Sep=0.08, ║∇J║=2.0e-03
Iteration 164/2000-----
currents: [100000.0, 99999.99999859411, 99999.99999847544, 99999.99999851434, 99999.99999855271]
J=4.2e-05, ⟨Jf⟩=2.9e-05, ⟨B·n⟩=1.9e-03, Len=sum([2.5, 2.5, 2.3, 2.4, 2.5])=12.3, ϰ=[13.1, 9.9, 9.3, 9.5, 10.8], ∫ϰ²/L>=[22.7, 16.3, 16.5, 20.8, 21.3], C-C-Sep=0.08, ║∇J║=2.1e-03
Iteration 165/2000-----
currents: [100000.0, 99999.9999985938, 99999.99999847534, 99999.99999851444, 99999.99999855286]
J=4.2e-05, ⟨Jf⟩=2.9e-05, ⟨B·n⟩=1.9e-03, Len=sum([2.5, 2.5, 2.3, 2.4, 2.5])=12.3, ϰ=[13.1, 9.8, 9.2, 9.5, 10.8], ∫ϰ²/L>=[22.6, 16.3, 16.4, 20.8, 21.2], C-C-Sep=0.08, ║∇J║=2.1e-03
Iteration 166/2000-----
currents: [100000.0, 99999.99999859282, 99999.99999847481, 99999.99999851434, 99999.99999855323]
J=4.2e-05, ⟨Jf⟩=2.8e-05, ⟨B·n⟩=1.9e-03, Len=sum([2.5, 2.5, 2.3, 2.4, 2.5])=12.3, ϰ=[13.1, 9.8, 9.2, 9.4, 10.8], ∫ϰ²/L>=[22.5, 16.2, 16.4, 20.8, 21.3], C-C-Sep=0.08, ║∇J║=1.9e-03
Iteration 167/2000-----
currents: [100000.0, 99999.99999859155, 99999.99999847406, 99999.99999851416, 99999.99999855367]
J=4.1e-05, ⟨Jf⟩=2.8e-05, ⟨B·n⟩=1.9e-03, Len=sum([2.5, 2.5, 2.3, 2.4, 2.5])=12.3, ϰ=[13.1, 10.0, 9.1, 9.4, 10.7], ∫ϰ²/L>=[22.4, 16.2, 16.4, 20.8, 21.3], C-C-Sep=0.08, ║∇J║=3.2e-03
Iteration 168/2000-----
currents: [100000.0, 99999.9999985914, 99999.99999847393, 99999.99999851418, 99999.99999855385]
J=4.1e-05, ⟨Jf⟩=2.8e-05, ⟨B·n⟩=1.9e-03, Len=sum([2.5, 2.5, 2.3, 2.4, 2.5])=12.3, ϰ=[13.1, 10.0, 9.1, 9.3, 10.6], ∫ϰ²/L>=[22.4, 16.2, 16.3, 20.8, 21.3], C-C-Sep=0.08, ║∇J║=1.9e-03
Iteration 169/2000-----
currents: [100000.0, 99999.99999859135, 99999.99999847391, 99999.99999851426, 99999.99999855396]
J=4.1e-05, ⟨Jf⟩=2.8e-05, ⟨B·n⟩=1.9e-03, Len=sum([2.5, 2.5, 2.3, 2.4, 2.5])=12.3, ϰ=[13.0, 10.0, 9.1, 9.3, 10.6], ∫ϰ²/L>=[22.3, 16.2, 16.3, 20.8, 21.2], C-C-Sep=0.08, ║∇J║=1.5e-03
Iteration 170/2000-----
currents: [100000.0, 99999.9999985907, 99999.99999847355, 99999.99999851434, 99999.9999985544]
J=4.1e-05, ⟨Jf⟩=2.8e-05, ⟨B·n⟩=1.9e-03, Len=sum([2.5, 2.5, 2.3, 2.4, 2.5])=12.3, ϰ=[12.9, 9.9, 9.1, 9.3, 10.5], ∫ϰ²/L>=[22.2, 16.2, 16.2, 20.8, 21.2], C-C-Sep=0.08, ║∇J║=1.7e-03
Iteration 171/2000-----
currents: [100000.0, 99999.99999858988, 99999.99999847308, 99999.99999851437, 99999.99999855491]
J=4.1e-05, ⟨Jf⟩=2.7e-05, ⟨B·n⟩=1.9e-03, Len=sum([2.5, 2.5, 2.3, 2.4, 2.5])=12.3, ϰ=[12.9, 9.9, 9.0, 9.3, 10.4], ∫ϰ²/L>=[22.1, 16.1, 16.2, 20.8, 21.2], C-C-Sep=0.08, ║∇J║=2.8e-03
Iteration 172/2000-----
currents: [100000.0, 99999.99999858935, 99999.9999984728, 99999.99999851434, 99999.99999855514]
J=4.0e-05, ⟨Jf⟩=2.7e-05, ⟨B·n⟩=1.9e-03, Len=sum([2.5, 2.5, 2.3, 2.4, 2.5])=12.3, ϰ=[12.8, 9.9, 9.0, 9.3, 10.4], ∫ϰ²/L>=[22.1, 16.1, 16.2, 20.9, 21.2], C-C-Sep=0.08, ║∇J║=1.6e-03
Iteration 173/2000-----
currents: [100000.0, 99999.99999858868, 99999.9999984724, 99999.99999851426, 99999.99999855549]
J=4.0e-05, ⟨Jf⟩=2.7e-05, ⟨B·n⟩=1.9e-03, Len=sum([2.5, 2.5, 2.3, 2.4, 2.5])=12.3, ϰ=[12.8, 9.9, 9.0, 9.2, 10.4], ∫ϰ²/L>=[22.0, 16.1, 16.2, 20.9, 21.2], C-C-Sep=0.08, ║∇J║=1.5e-03
Iteration 174/2000-----
currents: [100000.0, 99999.99999858753, 99999.99999847173, 99999.9999985141, 99999.99999855598]
J=4.0e-05, ⟨Jf⟩=2.7e-05, ⟨B·n⟩=1.8e-03, Len=sum([2.5, 2.5, 2.3, 2.4, 2.5])=12.3, ϰ=[12.9, 9.8, 8.9, 9.2, 10.2], ∫ϰ²/L>=[21.9, 16.1, 16.2, 20.9, 21.2], C-C-Sep=0.08, ║∇J║=2.0e-03
Iteration 175/2000-----
currents: [100000.0, 99999.99999858662, 99999.999998471, 99999.99999851394, 99999.99999855651]
J=4.0e-05, ⟨Jf⟩=2.7e-05, ⟨B·n⟩=1.8e-03, Len=sum([2.5, 2.5, 2.3, 2.4, 2.5])=12.3, ϰ=[12.9, 9.8, 8.8, 9.1, 10.1], ∫ϰ²/L>=[21.8, 16.0, 16.2, 20.9, 21.1], C-C-Sep=0.08, ║∇J║=2.4e-03
Iteration 176/2000-----
currents: [100000.0, 99999.99999858603, 99999.99999847052, 99999.99999851378, 99999.99999855677]
J=4.0e-05, ⟨Jf⟩=2.7e-05, ⟨B·n⟩=1.8e-03, Len=sum([2.5, 2.5, 2.3, 2.4, 2.5])=12.3, ϰ=[12.9, 9.8, 8.7, 9.0, 10.0], ∫ϰ²/L>=[21.7, 16.0, 16.2, 20.9, 21.1], C-C-Sep=0.08, ║∇J║=1.8e-03
Iteration 177/2000-----
currents: [100000.0, 99999.99999858547, 99999.99999847, 99999.99999851362, 99999.99999855699]
J=3.9e-05, ⟨Jf⟩=2.6e-05, ⟨B·n⟩=1.8e-03, Len=sum([2.5, 2.5, 2.3, 2.4, 2.5])=12.3, ϰ=[12.9, 9.8, 8.7, 8.9, 9.8], ∫ϰ²/L>=[21.6, 16.0, 16.2, 20.9, 21.1], C-C-Sep=0.08, ║∇J║=1.8e-03
Iteration 178/2000-----
currents: [100000.0, 99999.99999858504, 99999.9999984695, 99999.99999851342, 99999.9999985571]
J=3.9e-05, ⟨Jf⟩=2.6e-05, ⟨B·n⟩=1.8e-03, Len=sum([2.5, 2.5, 2.3, 2.4, 2.5])=12.3, ϰ=[12.8, 9.8, 8.6, 8.8, 9.8], ∫ϰ²/L>=[21.5, 16.0, 16.1, 20.9, 21.1], C-C-Sep=0.08, ║∇J║=2.1e-03
Iteration 179/2000-----
currents: [100000.0, 99999.99999858439, 99999.99999846857, 99999.999998513, 99999.99999855724]
J=3.9e-05, ⟨Jf⟩=2.6e-05, ⟨B·n⟩=1.8e-03, Len=sum([2.5, 2.5, 2.3, 2.4, 2.5])=12.3, ϰ=[12.8, 9.7, 8.6, 8.6, 9.7], ∫ϰ²/L>=[21.4, 16.0, 16.1, 20.9, 21.1], C-C-Sep=0.08, ║∇J║=2.3e-03
Iteration 180/2000-----
currents: [100000.0, 99999.99999858333, 99999.99999846764, 99999.99999851269, 99999.99999855763]
J=3.9e-05, ⟨Jf⟩=2.6e-05, ⟨B·n⟩=1.8e-03, Len=sum([2.5, 2.5, 2.3, 2.4, 2.5])=12.3, ϰ=[12.7, 9.6, 8.5, 8.5, 9.6], ∫ϰ²/L>=[21.3, 16.0, 16.2, 21.0, 21.1], C-C-Sep=0.08, ║∇J║=2.0e-03
Iteration 181/2000-----
currents: [100000.0, 99999.99999858369, 99999.99999846757, 99999.99999851249, 99999.99999855732]
J=3.8e-05, ⟨Jf⟩=2.6e-05, ⟨B·n⟩=1.8e-03, Len=sum([2.5, 2.5, 2.3, 2.4, 2.5])=12.3, ϰ=[12.6, 9.5, 8.4, 8.5, 9.6], ∫ϰ²/L>=[21.2, 15.9, 16.1, 20.9, 21.0], C-C-Sep=0.08, ║∇J║=1.7e-03
Iteration 182/2000-----
currents: [100000.0, 99999.99999858276, 99999.9999984668, 99999.99999851211, 99999.99999855751]
J=3.8e-05, ⟨Jf⟩=2.6e-05, ⟨B·n⟩=1.8e-03, Len=sum([2.5, 2.5, 2.3, 2.4, 2.5])=12.3, ϰ=[12.5, 9.4, 8.3, 8.5, 9.6], ∫ϰ²/L>=[21.2, 15.9, 16.2, 20.9, 21.1], C-C-Sep=0.08, ║∇J║=2.3e-03
Iteration 183/2000-----
currents: [100000.0, 99999.99999858283, 99999.99999846664, 99999.999998512, 99999.99999855742]
J=3.8e-05, ⟨Jf⟩=2.6e-05, ⟨B·n⟩=1.8e-03, Len=sum([2.5, 2.5, 2.3, 2.4, 2.5])=12.3, ϰ=[12.5, 9.3, 8.2, 8.5, 9.5], ∫ϰ²/L>=[21.1, 15.9, 16.1, 20.8, 21.0], C-C-Sep=0.08, ║∇J║=1.6e-03
Iteration 184/2000-----
currents: [100000.0, 99999.99999858266, 99999.99999846624, 99999.99999851175, 99999.9999985574]
J=3.8e-05, ⟨Jf⟩=2.5e-05, ⟨B·n⟩=1.8e-03, Len=sum([2.5, 2.5, 2.3, 2.4, 2.5])=12.3, ϰ=[12.5, 9.2, 8.1, 8.5, 9.5], ∫ϰ²/L>=[21.0, 15.8, 16.0, 20.8, 21.0], C-C-Sep=0.08, ║∇J║=1.4e-03
Iteration 185/2000-----
currents: [100000.0, 99999.99999858225, 99999.99999846557, 99999.99999851132, 99999.99999855728]
J=3.8e-05, ⟨Jf⟩=2.5e-05, ⟨B·n⟩=1.8e-03, Len=sum([2.5, 2.5, 2.3, 2.4, 2.5])=12.3, ϰ=[12.4, 9.1, 8.0, 8.5, 9.5], ∫ϰ²/L>=[20.9, 15.8, 16.0, 20.8, 21.0], C-C-Sep=0.08, ║∇J║=1.8e-03
Iteration 186/2000-----
currents: [100000.0, 99999.99999858117, 99999.99999846451, 99999.99999851093, 99999.99999855761]
J=3.7e-05, ⟨Jf⟩=2.5e-05, ⟨B·n⟩=1.8e-03, Len=sum([2.5, 2.5, 2.3, 2.4, 2.5])=12.3, ϰ=[12.4, 8.9, 7.9, 8.5, 9.4], ∫ϰ²/L>=[20.8, 15.8, 15.9, 20.7, 21.0], C-C-Sep=0.08, ║∇J║=2.2e-03
Iteration 187/2000-----
currents: [100000.0, 99999.9999985807, 99999.99999846391, 99999.99999851058, 99999.99999855757]
J=3.7e-05, ⟨Jf⟩=2.5e-05, ⟨B·n⟩=1.8e-03, Len=sum([2.5, 2.5, 2.3, 2.4, 2.5])=12.3, ϰ=[12.4, 8.9, 7.9, 8.5, 9.4], ∫ϰ²/L>=[20.7, 15.8, 15.9, 20.7, 21.0], C-C-Sep=0.08, ║∇J║=1.6e-03
Iteration 188/2000-----
currents: [100000.0, 99999.99999858032, 99999.99999846346, 99999.99999851033, 99999.99999855753]
J=3.7e-05, ⟨Jf⟩=2.5e-05, ⟨B·n⟩=1.8e-03, Len=sum([2.5, 2.5, 2.3, 2.4, 2.5])=12.3, ϰ=[12.5, 8.9, 7.9, 8.5, 9.4], ∫ϰ²/L>=[20.6, 15.8, 15.8, 20.7, 21.1], C-C-Sep=0.08, ║∇J║=1.5e-03
Iteration 189/2000-----
currents: [100000.0, 99999.99999857994, 99999.99999846294, 99999.99999851, 99999.99999855747]
J=3.7e-05, ⟨Jf⟩=2.5e-05, ⟨B·n⟩=1.7e-03, Len=sum([2.5, 2.5, 2.3, 2.4, 2.5])=12.3, ϰ=[12.6, 8.9, 7.8, 8.6, 9.4], ∫ϰ²/L>=[20.6, 15.8, 15.8, 20.7, 21.1], C-C-Sep=0.08, ║∇J║=1.7e-03
Iteration 190/2000-----
currents: [100000.0, 99999.99999857935, 99999.99999846214, 99999.99999850955, 99999.99999855741]
J=3.7e-05, ⟨Jf⟩=2.5e-05, ⟨B·n⟩=1.7e-03, Len=sum([2.5, 2.5, 2.3, 2.4, 2.5])=12.3, ϰ=[12.6, 9.0, 7.6, 8.5, 9.4], ∫ϰ²/L>=[20.5, 15.8, 15.7, 20.7, 21.1], C-C-Sep=0.08, ║∇J║=1.7e-03
Iteration 191/2000-----
currents: [100000.0, 99999.99999857886, 99999.99999846135, 99999.99999850901, 99999.99999855719]
J=3.7e-05, ⟨Jf⟩=2.4e-05, ⟨B·n⟩=1.7e-03, Len=sum([2.5, 2.5, 2.3, 2.4, 2.5])=12.3, ϰ=[12.7, 9.0, 7.5, 8.6, 9.5], ∫ϰ²/L>=[20.5, 15.8, 15.6, 20.7, 21.1], C-C-Sep=0.08, ║∇J║=1.7e-03
Iteration 192/2000-----
currents: [100000.0, 99999.99999857867, 99999.99999846095, 99999.99999850872, 99999.999998557]
J=3.6e-05, ⟨Jf⟩=2.4e-05, ⟨B·n⟩=1.7e-03, Len=sum([2.5, 2.5, 2.3, 2.4, 2.5])=12.3, ϰ=[12.7, 8.9, 7.3, 8.5, 9.5], ∫ϰ²/L>=[20.4, 15.8, 15.5, 20.6, 21.1], C-C-Sep=0.08, ║∇J║=1.5e-03
Iteration 193/2000-----
currents: [100000.0, 99999.99999857781, 99999.99999846007, 99999.99999850828, 99999.99999855699]
J=3.6e-05, ⟨Jf⟩=2.4e-05, ⟨B·n⟩=1.7e-03, Len=sum([2.5, 2.5, 2.3, 2.4, 2.5])=12.3, ϰ=[12.6, 8.8, 7.3, 8.5, 9.5], ∫ϰ²/L>=[20.3, 15.9, 15.5, 20.7, 21.1], C-C-Sep=0.08, ║∇J║=1.7e-03
Iteration 194/2000-----
currents: [100000.0, 99999.99999857743, 99999.99999845952, 99999.99999850792, 99999.99999855677]
J=3.6e-05, ⟨Jf⟩=2.4e-05, ⟨B·n⟩=1.7e-03, Len=sum([2.5, 2.5, 2.3, 2.4, 2.5])=12.3, ϰ=[12.6, 8.8, 7.5, 8.5, 9.5], ∫ϰ²/L>=[20.2, 15.8, 15.4, 20.6, 21.1], C-C-Sep=0.08, ║∇J║=2.2e-03
Iteration 195/2000-----
currents: [100000.0, 99999.99999857653, 99999.99999845873, 99999.99999850751, 99999.9999985568]
J=3.6e-05, ⟨Jf⟩=2.4e-05, ⟨B·n⟩=1.7e-03, Len=sum([2.5, 2.5, 2.3, 2.4, 2.5])=12.3, ϰ=[12.5, 8.8, 7.6, 8.5, 9.6], ∫ϰ²/L>=[20.1, 15.9, 15.4, 20.7, 21.1], C-C-Sep=0.08, ║∇J║=1.6e-03
Iteration 196/2000-----
currents: [100000.0, 99999.99999857589, 99999.9999984582, 99999.99999850728, 99999.99999855692]
J=3.6e-05, ⟨Jf⟩=2.4e-05, ⟨B·n⟩=1.7e-03, Len=sum([2.5, 2.5, 2.3, 2.4, 2.5])=12.3, ϰ=[12.5, 8.8, 7.7, 8.5, 9.6], ∫ϰ²/L>=[20.0, 15.9, 15.3, 20.6, 21.1], C-C-Sep=0.08, ║∇J║=1.8e-03
Iteration 197/2000-----
currents: [100000.0, 99999.9999985753, 99999.99999845745, 99999.99999850676, 99999.99999855677]
J=3.5e-05, ⟨Jf⟩=2.4e-05, ⟨B·n⟩=1.7e-03, Len=sum([2.5, 2.5, 2.3, 2.4, 2.5])=12.3, ϰ=[12.5, 8.8, 7.7, 8.5, 9.7], ∫ϰ²/L>=[20.0, 15.9, 15.3, 20.7, 21.1], C-C-Sep=0.08, ║∇J║=1.7e-03
Iteration 198/2000-----
currents: [100000.0, 99999.99999857505, 99999.99999845673, 99999.99999850609, 99999.99999855638]
J=3.5e-05, ⟨Jf⟩=2.3e-05, ⟨B·n⟩=1.6e-03, Len=sum([2.5, 2.5, 2.3, 2.4, 2.5])=12.3, ϰ=[12.5, 8.9, 7.7, 8.4, 9.8], ∫ϰ²/L>=[19.8, 16.0, 15.2, 20.7, 21.1], C-C-Sep=0.08, ║∇J║=1.7e-03
Iteration 199/2000-----
currents: [100000.0, 99999.99999857436, 99999.99999845553, 99999.9999985052, 99999.99999855601]
J=3.5e-05, ⟨Jf⟩=2.3e-05, ⟨B·n⟩=1.6e-03, Len=sum([2.5, 2.5, 2.3, 2.4, 2.5])=12.3, ϰ=[12.5, 8.9, 7.7, 8.3, 9.8], ∫ϰ²/L>=[19.7, 16.1, 15.2, 20.7, 21.1], C-C-Sep=0.08, ║∇J║=1.7e-03
Iteration 200/2000-----
currents: [100000.0, 99999.99999857377, 99999.99999845466, 99999.99999850457, 99999.99999855581]
J=3.5e-05, ⟨Jf⟩=2.3e-05, ⟨B·n⟩=1.6e-03, Len=sum([2.5, 2.5, 2.3, 2.4, 2.5])=12.3, ϰ=[12.5, 8.9, 7.6, 8.4, 9.8], ∫ϰ²/L>=[19.6, 16.2, 15.2, 20.8, 21.1], C-C-Sep=0.08, ║∇J║=1.6e-03
Iteration 201/2000-----
currents: [100000.0, 99999.99999857337, 99999.99999845415, 99999.99999850424, 99999.9999985557]
J=3.5e-05, ⟨Jf⟩=2.3e-05, ⟨B·n⟩=1.6e-03, Len=sum([2.5, 2.5, 2.3, 2.4, 2.5])=12.3, ϰ=[12.5, 8.9, 7.6, 8.5, 9.8], ∫ϰ²/L>=[19.5, 16.2, 15.2, 20.7, 21.1], C-C-Sep=0.08, ║∇J║=1.4e-03
Iteration 202/2000-----
currents: [100000.0, 99999.99999857234, 99999.99999845315, 99999.99999850366, 99999.99999855571]
J=3.4e-05, ⟨Jf⟩=2.3e-05, ⟨B·n⟩=1.6e-03, Len=sum([2.5, 2.5, 2.3, 2.4, 2.5])=12.3, ϰ=[12.5, 8.9, 7.6, 8.5, 9.8], ∫ϰ²/L>=[19.4, 16.2, 15.2, 20.7, 21.1], C-C-Sep=0.08, ║∇J║=1.7e-03
Iteration 203/2000-----
currents: [100000.0, 99999.9999985726, 99999.99999845326, 99999.99999850352, 99999.99999855539]
J=3.4e-05, ⟨Jf⟩=2.3e-05, ⟨B·n⟩=1.6e-03, Len=sum([2.5, 2.5, 2.3, 2.4, 2.5])=12.3, ϰ=[12.5, 8.8, 7.6, 8.5, 9.8], ∫ϰ²/L>=[19.3, 16.2, 15.1, 20.6, 21.0], C-C-Sep=0.08, ║∇J║=1.6e-03
Iteration 204/2000-----
currents: [100000.0, 99999.99999857174, 99999.99999845235, 99999.99999850297, 99999.99999855536]
J=3.4e-05, ⟨Jf⟩=2.3e-05, ⟨B·n⟩=1.6e-03, Len=sum([2.5, 2.5, 2.3, 2.4, 2.5])=12.3, ϰ=[12.4, 8.8, 7.7, 8.5, 9.8], ∫ϰ²/L>=[19.3, 16.2, 15.1, 20.6, 21.0], C-C-Sep=0.08, ║∇J║=1.7e-03
Iteration 205/2000-----
currents: [100000.0, 99999.99999857163, 99999.99999845207, 99999.99999850268, 99999.99999855513]
J=3.4e-05, ⟨Jf⟩=2.2e-05, ⟨B·n⟩=1.6e-03, Len=sum([2.5, 2.5, 2.3, 2.4, 2.5])=12.3, ϰ=[12.4, 8.9, 7.7, 8.6, 9.8], ∫ϰ²/L>=[19.3, 16.2, 15.0, 20.6, 21.0], C-C-Sep=0.08, ║∇J║=1.4e-03
Iteration 206/2000-----
currents: [100000.0, 99999.99999857113, 99999.99999845124, 99999.99999850197, 99999.99999855479]
J=3.4e-05, ⟨Jf⟩=2.2e-05, ⟨B·n⟩=1.6e-03, Len=sum([2.5, 2.5, 2.3, 2.4, 2.5])=12.3, ϰ=[12.4, 8.9, 7.7, 8.7, 9.7], ∫ϰ²/L>=[19.2, 16.2, 15.0, 20.6, 21.0], C-C-Sep=0.08, ║∇J║=1.3e-03
Iteration 207/2000-----
currents: [100000.0, 99999.99999857081, 99999.9999984504, 99999.99999850111, 99999.9999985542]
J=3.4e-05, ⟨Jf⟩=2.2e-05, ⟨B·n⟩=1.6e-03, Len=sum([2.5, 2.6, 2.3, 2.4, 2.5])=12.3, ϰ=[12.5, 8.9, 7.6, 8.8, 9.6], ∫ϰ²/L>=[19.2, 16.3, 14.9, 20.6, 21.0], C-C-Sep=0.08, ║∇J║=1.7e-03
Iteration 208/2000-----
currents: [100000.0, 99999.9999985698, 99999.99999844909, 99999.99999850013, 99999.99999855389]
J=3.4e-05, ⟨Jf⟩=2.2e-05, ⟨B·n⟩=1.6e-03, Len=sum([2.5, 2.6, 2.3, 2.4, 2.5])=12.3, ϰ=[12.5, 8.9, 7.5, 8.9, 9.5], ∫ϰ²/L>=[19.2, 16.3, 14.9, 20.6, 21.0], C-C-Sep=0.08, ║∇J║=1.6e-03
Iteration 209/2000-----
currents: [100000.0, 99999.99999856962, 99999.99999844878, 99999.9999984998, 99999.9999985537]
J=3.3e-05, ⟨Jf⟩=2.2e-05, ⟨B·n⟩=1.6e-03, Len=sum([2.5, 2.6, 2.3, 2.4, 2.5])=12.3, ϰ=[12.5, 8.9, 7.4, 9.0, 9.5], ∫ϰ²/L>=[19.1, 16.2, 14.8, 20.5, 21.0], C-C-Sep=0.08, ║∇J║=1.4e-03
Iteration 210/2000-----
currents: [100000.0, 99999.99999856914, 99999.99999844824, 99999.99999849945, 99999.99999855364]
J=3.3e-05, ⟨Jf⟩=2.2e-05, ⟨B·n⟩=1.6e-03, Len=sum([2.5, 2.6, 2.3, 2.4, 2.5])=12.3, ϰ=[12.5, 8.8, 7.5, 9.0, 9.5], ∫ϰ²/L>=[19.1, 16.2, 14.8, 20.5, 21.0], C-C-Sep=0.08, ║∇J║=1.3e-03
Iteration 211/2000-----
currents: [100000.0, 99999.99999856886, 99999.99999844802, 99999.99999849932, 99999.99999855367]
J=3.3e-05, ⟨Jf⟩=2.2e-05, ⟨B·n⟩=1.6e-03, Len=sum([2.5, 2.6, 2.3, 2.4, 2.5])=12.3, ϰ=[12.4, 8.9, 7.5, 9.0, 9.5], ∫ϰ²/L>=[19.0, 16.2, 14.8, 20.5, 21.0], C-C-Sep=0.08, ║∇J║=1.3e-03
Iteration 212/2000-----
currents: [100000.0, 99999.9999985684, 99999.99999844743, 99999.99999849882, 99999.99999855348]
J=3.3e-05, ⟨Jf⟩=2.2e-05, ⟨B·n⟩=1.6e-03, Len=sum([2.5, 2.6, 2.3, 2.4, 2.5])=12.3, ϰ=[12.4, 8.9, 7.4, 9.0, 9.6], ∫ϰ²/L>=[19.0, 16.2, 14.8, 20.5, 21.0], C-C-Sep=0.08, ║∇J║=1.1e-03
Iteration 213/2000-----
currents: [100000.0, 99999.99999856777, 99999.99999844655, 99999.9999984981, 99999.99999855322]
J=3.3e-05, ⟨Jf⟩=2.2e-05, ⟨B·n⟩=1.6e-03, Len=sum([2.5, 2.6, 2.3, 2.4, 2.5])=12.3, ϰ=[12.3, 8.9, 7.4, 9.0, 9.6], ∫ϰ²/L>=[18.9, 16.2, 14.7, 20.5, 21.1], C-C-Sep=0.08, ║∇J║=1.2e-03
Iteration 214/2000-----
currents: [100000.0, 99999.99999856733, 99999.99999844572, 99999.99999849733, 99999.99999855281]
J=3.3e-05, ⟨Jf⟩=2.2e-05, ⟨B·n⟩=1.5e-03, Len=sum([2.5, 2.6, 2.3, 2.4, 2.5])=12.3, ϰ=[12.2, 9.0, 7.3, 8.9, 9.5], ∫ϰ²/L>=[18.8, 16.2, 14.7, 20.4, 21.1], C-C-Sep=0.08, ║∇J║=1.5e-03
Iteration 215/2000-----
currents: [100000.0, 99999.99999856713, 99999.99999844543, 99999.99999849703, 99999.99999855271]
J=3.3e-05, ⟨Jf⟩=2.2e-05, ⟨B·n⟩=1.5e-03, Len=sum([2.5, 2.6, 2.3, 2.4, 2.5])=12.3, ϰ=[12.3, 9.0, 7.2, 8.9, 9.5], ∫ϰ²/L>=[18.8, 16.2, 14.6, 20.4, 21.1], C-C-Sep=0.08, ║∇J║=1.0e-03
Iteration 216/2000-----
currents: [100000.0, 99999.99999856706, 99999.99999844519, 99999.99999849671, 99999.99999855252]
J=3.3e-05, ⟨Jf⟩=2.2e-05, ⟨B·n⟩=1.5e-03, Len=sum([2.5, 2.6, 2.3, 2.4, 2.5])=12.3, ϰ=[12.3, 9.1, 7.2, 8.9, 9.5], ∫ϰ²/L>=[18.8, 16.2, 14.6, 20.4, 21.0], C-C-Sep=0.08, ║∇J║=1.1e-03
Iteration 217/2000-----
currents: [100000.0, 99999.99999856675, 99999.99999844475, 99999.9999984963, 99999.99999855239]
J=3.3e-05, ⟨Jf⟩=2.1e-05, ⟨B·n⟩=1.5e-03, Len=sum([2.5, 2.6, 2.3, 2.4, 2.5])=12.3, ϰ=[12.3, 9.1, 7.2, 8.8, 9.5], ∫ϰ²/L>=[18.7, 16.2, 14.6, 20.3, 21.1], C-C-Sep=0.08, ║∇J║=1.4e-03
Iteration 218/2000-----
currents: [100000.0, 99999.99999856648, 99999.99999844436, 99999.99999849596, 99999.99999855227]
J=3.3e-05, ⟨Jf⟩=2.1e-05, ⟨B·n⟩=1.5e-03, Len=sum([2.5, 2.6, 2.3, 2.4, 2.5])=12.3, ϰ=[12.2, 9.2, 7.2, 8.8, 9.5], ∫ϰ²/L>=[18.7, 16.2, 14.5, 20.3, 21.1], C-C-Sep=0.08, ║∇J║=1.1e-03
Iteration 219/2000-----
currents: [100000.0, 99999.99999856588, 99999.99999844359, 99999.9999984954, 99999.9999985522]
J=3.2e-05, ⟨Jf⟩=2.1e-05, ⟨B·n⟩=1.5e-03, Len=sum([2.5, 2.6, 2.3, 2.4, 2.5])=12.3, ϰ=[12.1, 9.3, 7.3, 8.8, 9.5], ∫ϰ²/L>=[18.6, 16.2, 14.5, 20.2, 21.1], C-C-Sep=0.08, ║∇J║=1.2e-03
Iteration 220/2000-----
currents: [100000.0, 99999.9999985653, 99999.99999844278, 99999.99999849488, 99999.99999855216]
J=3.2e-05, ⟨Jf⟩=2.1e-05, ⟨B·n⟩=1.5e-03, Len=sum([2.5, 2.6, 2.3, 2.4, 2.5])=12.3, ϰ=[12.0, 9.3, 7.3, 8.7, 9.6], ∫ϰ²/L>=[18.6, 16.2, 14.5, 20.2, 21.1], C-C-Sep=0.08, ║∇J║=1.2e-03
Iteration 221/2000-----
currents: [100000.0, 99999.9999985649, 99999.99999844239, 99999.99999849475, 99999.99999855235]
J=3.2e-05, ⟨Jf⟩=2.1e-05, ⟨B·n⟩=1.5e-03, Len=sum([2.5, 2.6, 2.3, 2.4, 2.5])=12.3, ϰ=[12.0, 9.3, 7.2, 8.7, 9.6], ∫ϰ²/L>=[18.6, 16.2, 14.4, 20.2, 21.1], C-C-Sep=0.08, ║∇J║=1.0e-03
Iteration 222/2000-----
currents: [100000.0, 99999.99999856377, 99999.99999844102, 99999.99999849402, 99999.99999855254]
J=3.2e-05, ⟨Jf⟩=2.1e-05, ⟨B·n⟩=1.5e-03, Len=sum([2.5, 2.6, 2.3, 2.4, 2.5])=12.3, ϰ=[11.9, 9.3, 7.2, 8.7, 9.6], ∫ϰ²/L>=[18.5, 16.2, 14.4, 20.2, 21.2], C-C-Sep=0.08, ║∇J║=1.2e-03
Iteration 223/2000-----
currents: [100000.0, 99999.99999856294, 99999.99999844015, 99999.99999849363, 99999.9999985528]
J=3.2e-05, ⟨Jf⟩=2.1e-05, ⟨B·n⟩=1.5e-03, Len=sum([2.5, 2.6, 2.3, 2.4, 2.5])=12.3, ϰ=[11.9, 9.3, 7.2, 8.7, 9.6], ∫ϰ²/L>=[18.5, 16.2, 14.4, 20.1, 21.2], C-C-Sep=0.08, ║∇J║=1.4e-03
Iteration 224/2000-----
currents: [100000.0, 99999.9999985624, 99999.99999843948, 99999.99999849321, 99999.99999855277]
J=3.2e-05, ⟨Jf⟩=2.1e-05, ⟨B·n⟩=1.5e-03, Len=sum([2.5, 2.6, 2.3, 2.4, 2.5])=12.3, ϰ=[11.9, 9.2, 7.3, 8.8, 9.6], ∫ϰ²/L>=[18.5, 16.2, 14.4, 20.1, 21.2], C-C-Sep=0.08, ║∇J║=1.0e-03
Iteration 225/2000-----
currents: [100000.0, 99999.99999856201, 99999.9999984389, 99999.99999849277, 99999.99999855268]
J=3.2e-05, ⟨Jf⟩=2.1e-05, ⟨B·n⟩=1.5e-03, Len=sum([2.5, 2.6, 2.3, 2.4, 2.5])=12.3, ϰ=[11.9, 9.2, 7.4, 8.8, 9.6], ∫ϰ²/L>=[18.5, 16.2, 14.4, 20.1, 21.1], C-C-Sep=0.08, ║∇J║=1.0e-03
Iteration 226/2000-----
currents: [100000.0, 99999.9999985612, 99999.99999843795, 99999.99999849216, 99999.99999855262]
J=3.2e-05, ⟨Jf⟩=2.1e-05, ⟨B·n⟩=1.5e-03, Len=sum([2.5, 2.6, 2.3, 2.4, 2.5])=12.3, ϰ=[11.9, 9.2, 7.5, 8.9, 9.6], ∫ϰ²/L>=[18.5, 16.3, 14.4, 20.1, 21.1], C-C-Sep=0.08, ║∇J║=1.1e-03
Iteration 227/2000-----
currents: [100000.0, 99999.9999985609, 99999.99999843758, 99999.99999849185, 99999.99999855256]
J=3.2e-05, ⟨Jf⟩=2.1e-05, ⟨B·n⟩=1.5e-03, Len=sum([2.5, 2.6, 2.3, 2.4, 2.5])=12.3, ϰ=[11.9, 9.1, 7.5, 8.9, 9.6], ∫ϰ²/L>=[18.4, 16.3, 14.4, 20.0, 21.1], C-C-Sep=0.08, ║∇J║=1.2e-03
Iteration 228/2000-----
currents: [100000.0, 99999.99999855956, 99999.99999843606, 99999.9999984909, 99999.99999855261]
J=3.2e-05, ⟨Jf⟩=2.0e-05, ⟨B·n⟩=1.5e-03, Len=sum([2.5, 2.6, 2.3, 2.4, 2.5])=12.3, ϰ=[11.8, 9.1, 7.6, 9.1, 9.5], ∫ϰ²/L>=[18.4, 16.3, 14.4, 20.1, 21.1], C-C-Sep=0.08, ║∇J║=1.9e-03
Iteration 229/2000-----
currents: [100000.0, 99999.99999855945, 99999.99999843584, 99999.99999849065, 99999.99999855245]
J=3.2e-05, ⟨Jf⟩=2.0e-05, ⟨B·n⟩=1.5e-03, Len=sum([2.5, 2.6, 2.3, 2.4, 2.5])=12.3, ϰ=[11.8, 9.1, 7.4, 9.1, 9.5], ∫ϰ²/L>=[18.4, 16.3, 14.4, 20.1, 21.1], C-C-Sep=0.08, ║∇J║=1.0e-03
Iteration 230/2000-----
currents: [100000.0, 99999.99999855943, 99999.9999984358, 99999.99999849062, 99999.99999855243]
J=3.1e-05, ⟨Jf⟩=2.0e-05, ⟨B·n⟩=1.5e-03, Len=sum([2.5, 2.6, 2.3, 2.4, 2.5])=12.3, ϰ=[11.8, 9.1, 7.3, 9.1, 9.5], ∫ϰ²/L>=[18.4, 16.3, 14.4, 20.1, 21.1], C-C-Sep=0.08, ║∇J║=8.1e-04
Iteration 231/2000-----
currents: [100000.0, 99999.99999855885, 99999.99999843507, 99999.99999849011, 99999.99999855233]
J=3.1e-05, ⟨Jf⟩=2.0e-05, ⟨B·n⟩=1.5e-03, Len=sum([2.4, 2.6, 2.3, 2.4, 2.5])=12.3, ϰ=[11.8, 9.1, 7.2, 9.1, 9.5], ∫ϰ²/L>=[18.4, 16.3, 14.4, 20.1, 21.1], C-C-Sep=0.08, ║∇J║=8.4e-04
Iteration 232/2000-----
currents: [100000.0, 99999.99999855811, 99999.99999843418, 99999.99999848951, 99999.99999855224]
J=3.1e-05, ⟨Jf⟩=2.0e-05, ⟨B·n⟩=1.5e-03, Len=sum([2.4, 2.6, 2.3, 2.4, 2.5])=12.3, ϰ=[11.8, 9.1, 7.2, 9.1, 9.4], ∫ϰ²/L>=[18.4, 16.3, 14.4, 20.1, 21.1], C-C-Sep=0.08, ║∇J║=1.1e-03
Iteration 233/2000-----
currents: [100000.0, 99999.99999855741, 99999.99999843338, 99999.99999848899, 99999.99999855217]
J=3.1e-05, ⟨Jf⟩=2.0e-05, ⟨B·n⟩=1.5e-03, Len=sum([2.4, 2.6, 2.3, 2.4, 2.5])=12.3, ϰ=[11.8, 9.1, 7.2, 9.1, 9.4], ∫ϰ²/L>=[18.4, 16.3, 14.4, 20.1, 21.1], C-C-Sep=0.08, ║∇J║=9.9e-04
Iteration 234/2000-----
currents: [100000.0, 99999.99999855648, 99999.99999843237, 99999.99999848836, 99999.99999855217]
J=3.1e-05, ⟨Jf⟩=2.0e-05, ⟨B·n⟩=1.5e-03, Len=sum([2.4, 2.6, 2.3, 2.4, 2.5])=12.3, ϰ=[11.9, 9.0, 7.2, 9.1, 9.4], ∫ϰ²/L>=[18.4, 16.3, 14.4, 20.1, 21.1], C-C-Sep=0.08, ║∇J║=1.0e-03
Iteration 235/2000-----
currents: [100000.0, 99999.99999855566, 99999.9999984315, 99999.99999848788, 99999.99999855224]
J=3.1e-05, ⟨Jf⟩=2.0e-05, ⟨B·n⟩=1.5e-03, Len=sum([2.4, 2.6, 2.3, 2.4, 2.5])=12.3, ϰ=[12.0, 9.0, 7.2, 9.0, 9.4], ∫ϰ²/L>=[18.4, 16.3, 14.4, 20.1, 21.1], C-C-Sep=0.08, ║∇J║=1.7e-03
Iteration 236/2000-----
currents: [100000.0, 99999.99999855523, 99999.99999843116, 99999.99999848775, 99999.99999855238]
J=3.1e-05, ⟨Jf⟩=2.0e-05, ⟨B·n⟩=1.5e-03, Len=sum([2.4, 2.6, 2.3, 2.4, 2.5])=12.3, ϰ=[12.0, 9.0, 7.2, 9.0, 9.4], ∫ϰ²/L>=[18.4, 16.3, 14.4, 20.1, 21.1], C-C-Sep=0.08, ║∇J║=9.7e-04
Iteration 237/2000-----
currents: [100000.0, 99999.99999855514, 99999.99999843111, 99999.99999848787, 99999.99999855261]
J=3.1e-05, ⟨Jf⟩=2.0e-05, ⟨B·n⟩=1.5e-03, Len=sum([2.4, 2.6, 2.3, 2.4, 2.5])=12.3, ϰ=[12.0, 9.0, 7.1, 9.0, 9.4], ∫ϰ²/L>=[18.3, 16.3, 14.4, 20.1, 21.1], C-C-Sep=0.08, ║∇J║=1.0e-03
Iteration 238/2000-----
currents: [100000.0, 99999.99999855437, 99999.99999843033, 99999.99999848749, 99999.99999855272]
J=3.1e-05, ⟨Jf⟩=2.0e-05, ⟨B·n⟩=1.5e-03, Len=sum([2.4, 2.6, 2.3, 2.4, 2.5])=12.3, ϰ=[12.0, 9.1, 7.1, 9.1, 9.4], ∫ϰ²/L>=[18.3, 16.3, 14.3, 20.1, 21.1], C-C-Sep=0.08, ║∇J║=1.3e-03
Iteration 239/2000-----
currents: [100000.0, 99999.99999855376, 99999.99999842978, 99999.99999848736, 99999.999998553]
J=3.1e-05, ⟨Jf⟩=2.0e-05, ⟨B·n⟩=1.5e-03, Len=sum([2.4, 2.6, 2.3, 2.4, 2.5])=12.3, ϰ=[12.0, 9.1, 7.0, 9.1, 9.4], ∫ϰ²/L>=[18.3, 16.2, 14.3, 20.1, 21.1], C-C-Sep=0.08, ║∇J║=1.2e-03
Iteration 240/2000-----
currents: [100000.0, 99999.9999985524, 99999.99999842833, 99999.99999848663, 99999.99999855315]
J=3.1e-05, ⟨Jf⟩=2.0e-05, ⟨B·n⟩=1.5e-03, Len=sum([2.4, 2.6, 2.3, 2.4, 2.5])=12.3, ϰ=[11.9, 9.1, 7.0, 9.2, 9.4], ∫ϰ²/L>=[18.3, 16.2, 14.3, 20.1, 21.1], C-C-Sep=0.08, ║∇J║=1.0e-03
Iteration 241/2000-----
currents: [100000.0, 99999.9999985515, 99999.99999842746, 99999.99999848621, 99999.99999855326]
J=3.1e-05, ⟨Jf⟩=2.0e-05, ⟨B·n⟩=1.5e-03, Len=sum([2.4, 2.6, 2.3, 2.4, 2.5])=12.3, ϰ=[11.8, 9.1, 7.0, 9.2, 9.4], ∫ϰ²/L>=[18.3, 16.3, 14.2, 20.1, 21.1], C-C-Sep=0.08, ║∇J║=1.1e-03
Iteration 242/2000-----
currents: [100000.0, 99999.99999855072, 99999.99999842668, 99999.99999848577, 99999.99999855334]
J=3.0e-05, ⟨Jf⟩=1.9e-05, ⟨B·n⟩=1.4e-03, Len=sum([2.4, 2.6, 2.3, 2.4, 2.5])=12.3, ϰ=[11.8, 9.1, 6.9, 9.2, 9.4], ∫ϰ²/L>=[18.3, 16.3, 14.2, 20.1, 21.1], C-C-Sep=0.08, ║∇J║=9.7e-04
Iteration 243/2000-----
currents: [100000.0, 99999.99999855037, 99999.99999842641, 99999.99999848568, 99999.99999855342]
J=3.0e-05, ⟨Jf⟩=1.9e-05, ⟨B·n⟩=1.4e-03, Len=sum([2.4, 2.6, 2.3, 2.4, 2.5])=12.3, ϰ=[11.9, 9.2, 6.9, 9.2, 9.4], ∫ϰ²/L>=[18.4, 16.3, 14.2, 20.0, 21.1], C-C-Sep=0.08, ║∇J║=8.9e-04
Iteration 244/2000-----
currents: [100000.0, 99999.99999854955, 99999.99999842564, 99999.99999848529, 99999.99999855354]
J=3.0e-05, ⟨Jf⟩=1.9e-05, ⟨B·n⟩=1.4e-03, Len=sum([2.4, 2.6, 2.3, 2.4, 2.5])=12.3, ϰ=[11.9, 9.2, 6.8, 9.2, 9.4], ∫ϰ²/L>=[18.4, 16.3, 14.2, 20.0, 21.2], C-C-Sep=0.08, ║∇J║=9.5e-04
Iteration 245/2000-----
currents: [100000.0, 99999.99999854894, 99999.99999842512, 99999.9999984851, 99999.99999855369]
J=3.0e-05, ⟨Jf⟩=1.9e-05, ⟨B·n⟩=1.4e-03, Len=sum([2.4, 2.6, 2.3, 2.4, 2.5])=12.3, ϰ=[11.9, 9.2, 6.7, 9.2, 9.4], ∫ϰ²/L>=[18.4, 16.3, 14.2, 19.9, 21.2], C-C-Sep=0.08, ║∇J║=1.1e-03
Iteration 246/2000-----
currents: [100000.0, 99999.99999854802, 99999.99999842422, 99999.99999848462, 99999.99999855374]
J=3.0e-05, ⟨Jf⟩=1.9e-05, ⟨B·n⟩=1.4e-03, Len=sum([2.4, 2.6, 2.3, 2.4, 2.5])=12.3, ϰ=[11.9, 9.3, 6.7, 9.2, 9.4], ∫ϰ²/L>=[18.5, 16.3, 14.1, 19.9, 21.2], C-C-Sep=0.08, ║∇J║=9.9e-04
Iteration 247/2000-----
currents: [100000.0, 99999.99999854725, 99999.99999842336, 99999.99999848413, 99999.99999855371]
J=3.0e-05, ⟨Jf⟩=1.9e-05, ⟨B·n⟩=1.4e-03, Len=sum([2.4, 2.6, 2.3, 2.4, 2.5])=12.3, ϰ=[11.9, 9.3, 6.6, 9.2, 9.4], ∫ϰ²/L>=[18.5, 16.3, 14.1, 19.9, 21.2], C-C-Sep=0.08, ║∇J║=8.7e-04
Iteration 248/2000-----
currents: [100000.0, 99999.99999854568, 99999.99999842176, 99999.99999848327, 99999.99999855383]
J=3.0e-05, ⟨Jf⟩=1.9e-05, ⟨B·n⟩=1.4e-03, Len=sum([2.4, 2.6, 2.3, 2.4, 2.5])=12.3, ϰ=[11.9, 9.4, 6.6, 9.1, 9.4], ∫ϰ²/L>=[18.6, 16.3, 14.1, 19.8, 21.3], C-C-Sep=0.08, ║∇J║=1.3e-03
Iteration 249/2000-----
currents: [100000.0, 99999.99999854538, 99999.9999984215, 99999.99999848315, 99999.99999855386]
J=3.0e-05, ⟨Jf⟩=1.9e-05, ⟨B·n⟩=1.4e-03, Len=sum([2.4, 2.6, 2.3, 2.4, 2.5])=12.3, ϰ=[11.9, 9.4, 6.5, 9.1, 9.4], ∫ϰ²/L>=[18.6, 16.3, 14.1, 19.8, 21.3], C-C-Sep=0.08, ║∇J║=9.5e-04
Iteration 250/2000-----
currents: [100000.0, 99999.99999854459, 99999.99999842064, 99999.99999848267, 99999.99999855393]
J=3.0e-05, ⟨Jf⟩=1.9e-05, ⟨B·n⟩=1.4e-03, Len=sum([2.4, 2.6, 2.3, 2.4, 2.5])=12.3, ϰ=[11.9, 9.4, 6.5, 9.1, 9.4], ∫ϰ²/L>=[18.6, 16.4, 14.1, 19.7, 21.3], C-C-Sep=0.08, ║∇J║=8.9e-04
Iteration 251/2000-----
currents: [100000.0, 99999.99999854414, 99999.99999842039, 99999.99999848263, 99999.9999985542]
J=3.0e-05, ⟨Jf⟩=1.9e-05, ⟨B·n⟩=1.4e-03, Len=sum([2.4, 2.6, 2.3, 2.4, 2.5])=12.3, ϰ=[11.9, 9.3, 6.5, 9.0, 9.3], ∫ϰ²/L>=[18.5, 16.4, 14.1, 19.7, 21.3], C-C-Sep=0.08, ║∇J║=9.9e-04
Iteration 252/2000-----
currents: [100000.0, 99999.9999985433, 99999.99999841936, 99999.99999848193, 99999.9999985541]
J=3.0e-05, ⟨Jf⟩=1.9e-05, ⟨B·n⟩=1.4e-03, Len=sum([2.4, 2.6, 2.3, 2.4, 2.5])=12.3, ϰ=[11.9, 9.3, 6.5, 9.0, 9.3], ∫ϰ²/L>=[18.6, 16.4, 14.1, 19.7, 21.3], C-C-Sep=0.08, ║∇J║=1.1e-03
Iteration 253/2000-----
currents: [100000.0, 99999.99999854273, 99999.99999841875, 99999.99999848157, 99999.99999855409]
J=3.0e-05, ⟨Jf⟩=1.9e-05, ⟨B·n⟩=1.4e-03, Len=sum([2.4, 2.6, 2.3, 2.4, 2.5])=12.3, ϰ=[11.9, 9.4, 6.5, 9.0, 9.3], ∫ϰ²/L>=[18.6, 16.4, 14.1, 19.7, 21.3], C-C-Sep=0.08, ║∇J║=7.9e-04
Iteration 254/2000-----
currents: [100000.0, 99999.99999854213, 99999.99999841799, 99999.999998481, 99999.9999985539]
J=3.0e-05, ⟨Jf⟩=1.9e-05, ⟨B·n⟩=1.4e-03, Len=sum([2.4, 2.6, 2.3, 2.4, 2.5])=12.3, ϰ=[11.9, 9.4, 6.6, 8.9, 9.3], ∫ϰ²/L>=[18.5, 16.4, 14.1, 19.6, 21.3], C-C-Sep=0.08, ║∇J║=8.5e-04
Iteration 255/2000-----
currents: [100000.0, 99999.99999854149, 99999.99999841723, 99999.99999848049, 99999.99999855377]
J=3.0e-05, ⟨Jf⟩=1.9e-05, ⟨B·n⟩=1.4e-03, Len=sum([2.4, 2.6, 2.3, 2.4, 2.5])=12.3, ϰ=[11.9, 9.4, 6.6, 8.9, 9.3], ∫ϰ²/L>=[18.5, 16.4, 14.1, 19.6, 21.4], C-C-Sep=0.08, ║∇J║=9.5e-04
Iteration 256/2000-----
currents: [100000.0, 99999.99999854079, 99999.99999841646, 99999.99999848, 99999.9999985537]
J=2.9e-05, ⟨Jf⟩=1.9e-05, ⟨B·n⟩=1.4e-03, Len=sum([2.4, 2.6, 2.3, 2.4, 2.5])=12.3, ϰ=[12.0, 9.4, 6.6, 8.9, 9.2], ∫ϰ²/L>=[18.5, 16.4, 14.0, 19.5, 21.4], C-C-Sep=0.08, ║∇J║=8.6e-04
Iteration 257/2000-----
currents: [100000.0, 99999.99999853967, 99999.99999841505, 99999.999998479, 99999.99999855344]
J=2.9e-05, ⟨Jf⟩=1.8e-05, ⟨B·n⟩=1.4e-03, Len=sum([2.4, 2.6, 2.4, 2.4, 2.5])=12.3, ϰ=[12.0, 9.4, 6.4, 8.8, 9.2], ∫ϰ²/L>=[18.5, 16.5, 14.0, 19.5, 21.4], C-C-Sep=0.08, ║∇J║=1.4e-03
Iteration 258/2000-----
currents: [100000.0, 99999.99999853969, 99999.99999841525, 99999.99999847924, 99999.99999855363]
J=2.9e-05, ⟨Jf⟩=1.9e-05, ⟨B·n⟩=1.4e-03, Len=sum([2.4, 2.6, 2.4, 2.4, 2.5])=12.3, ϰ=[12.1, 9.4, 6.4, 8.7, 9.2], ∫ϰ²/L>=[18.5, 16.5, 14.0, 19.5, 21.4], C-C-Sep=0.08, ║∇J║=7.5e-04
Iteration 259/2000-----
currents: [100000.0, 99999.99999853942, 99999.99999841502, 99999.99999847912, 99999.9999985537]
J=2.9e-05, ⟨Jf⟩=1.8e-05, ⟨B·n⟩=1.4e-03, Len=sum([2.4, 2.6, 2.4, 2.4, 2.5])=12.3, ϰ=[12.1, 9.4, 6.4, 8.7, 9.2], ∫ϰ²/L>=[18.5, 16.4, 14.0, 19.5, 21.4], C-C-Sep=0.08, ║∇J║=6.6e-04
Iteration 260/2000-----
currents: [100000.0, 99999.9999985391, 99999.99999841482, 99999.99999847906, 99999.99999855383]
J=2.9e-05, ⟨Jf⟩=1.8e-05, ⟨B·n⟩=1.4e-03, Len=sum([2.4, 2.6, 2.4, 2.4, 2.5])=12.3, ϰ=[12.1, 9.4, 6.4, 8.7, 9.2], ∫ϰ²/L>=[18.5, 16.4, 14.0, 19.4, 21.5], C-C-Sep=0.08, ║∇J║=6.9e-04
Iteration 261/2000-----
currents: [100000.0, 99999.99999853781, 99999.99999841346, 99999.99999847822, 99999.9999985538]
J=2.9e-05, ⟨Jf⟩=1.8e-05, ⟨B·n⟩=1.4e-03, Len=sum([2.4, 2.6, 2.4, 2.4, 2.5])=12.3, ϰ=[12.0, 9.4, 6.4, 8.6, 9.2], ∫ϰ²/L>=[18.5, 16.4, 14.0, 19.4, 21.5], C-C-Sep=0.08, ║∇J║=1.2e-03
Iteration 262/2000-----
currents: [100000.0, 99999.99999853713, 99999.99999841275, 99999.99999847774, 99999.99999855369]
J=2.9e-05, ⟨Jf⟩=1.8e-05, ⟨B·n⟩=1.4e-03, Len=sum([2.4, 2.6, 2.4, 2.4, 2.5])=12.3, ϰ=[12.1, 9.4, 6.4, 8.5, 9.2], ∫ϰ²/L>=[18.5, 16.4, 13.9, 19.4, 21.5], C-C-Sep=0.08, ║∇J║=8.3e-04
Iteration 263/2000-----
currents: [100000.0, 99999.99999853646, 99999.99999841201, 99999.99999847724, 99999.99999855353]
J=2.9e-05, ⟨Jf⟩=1.8e-05, ⟨B·n⟩=1.4e-03, Len=sum([2.4, 2.6, 2.4, 2.4, 2.5])=12.3, ϰ=[12.1, 9.4, 6.4, 8.4, 9.2], ∫ϰ²/L>=[18.5, 16.4, 13.9, 19.4, 21.5], C-C-Sep=0.08, ║∇J║=7.4e-04
Iteration 264/2000-----
currents: [100000.0, 99999.99999853576, 99999.99999841116, 99999.99999847665, 99999.99999855329]
J=2.9e-05, ⟨Jf⟩=1.8e-05, ⟨B·n⟩=1.4e-03, Len=sum([2.4, 2.6, 2.4, 2.4, 2.5])=12.3, ϰ=[12.1, 9.4, 6.4, 8.4, 9.2], ∫ϰ²/L>=[18.5, 16.4, 13.9, 19.4, 21.6], C-C-Sep=0.08, ║∇J║=9.8e-04
Iteration 265/2000-----
currents: [100000.0, 99999.99999853523, 99999.99999841051, 99999.9999984762, 99999.99999855312]
J=2.9e-05, ⟨Jf⟩=1.8e-05, ⟨B·n⟩=1.4e-03, Len=sum([2.4, 2.6, 2.4, 2.4, 2.5])=12.3, ϰ=[12.1, 9.4, 6.3, 8.4, 9.2], ∫ϰ²/L>=[18.4, 16.4, 13.9, 19.4, 21.6], C-C-Sep=0.08, ║∇J║=7.9e-04
Iteration 266/2000-----
currents: [100000.0, 99999.99999853478, 99999.99999841001, 99999.99999847595, 99999.99999855312]
J=2.9e-05, ⟨Jf⟩=1.8e-05, ⟨B·n⟩=1.4e-03, Len=sum([2.4, 2.6, 2.4, 2.4, 2.5])=12.3, ϰ=[12.0, 9.3, 6.2, 8.4, 9.1], ∫ϰ²/L>=[18.4, 16.4, 13.9, 19.3, 21.5], C-C-Sep=0.08, ║∇J║=7.6e-04
Iteration 267/2000-----
currents: [100000.0, 99999.99999853414, 99999.99999840921, 99999.99999847544, 99999.999998553]
J=2.9e-05, ⟨Jf⟩=1.8e-05, ⟨B·n⟩=1.4e-03, Len=sum([2.4, 2.6, 2.4, 2.4, 2.5])=12.3, ϰ=[12.0, 9.3, 6.1, 8.3, 9.1], ∫ϰ²/L>=[18.4, 16.4, 13.9, 19.3, 21.5], C-C-Sep=0.08, ║∇J║=8.8e-04
Iteration 268/2000-----
currents: [100000.0, 99999.99999853331, 99999.9999984083, 99999.99999847492, 99999.99999855299]
J=2.9e-05, ⟨Jf⟩=1.8e-05, ⟨B·n⟩=1.4e-03, Len=sum([2.4, 2.6, 2.4, 2.4, 2.5])=12.3, ϰ=[11.9, 9.3, 6.1, 8.3, 9.0], ∫ϰ²/L>=[18.4, 16.4, 13.9, 19.3, 21.6], C-C-Sep=0.08, ║∇J║=9.1e-04
Iteration 269/2000-----
currents: [100000.0, 99999.99999853224, 99999.99999840703, 99999.9999984741, 99999.99999855286]
J=2.9e-05, ⟨Jf⟩=1.8e-05, ⟨B·n⟩=1.4e-03, Len=sum([2.4, 2.6, 2.4, 2.4, 2.6])=12.3, ϰ=[11.9, 9.3, 6.1, 8.3, 9.0], ∫ϰ²/L>=[18.4, 16.4, 13.9, 19.3, 21.6], C-C-Sep=0.08, ║∇J║=8.1e-04
Iteration 270/2000-----
currents: [100000.0, 99999.99999853145, 99999.99999840606, 99999.9999984734, 99999.99999855265]
J=2.9e-05, ⟨Jf⟩=1.8e-05, ⟨B·n⟩=1.4e-03, Len=sum([2.4, 2.6, 2.4, 2.4, 2.6])=12.3, ϰ=[11.8, 9.3, 6.1, 8.3, 9.0], ∫ϰ²/L>=[18.4, 16.4, 13.9, 19.3, 21.6], C-C-Sep=0.08, ║∇J║=7.9e-04
Iteration 271/2000-----
currents: [100000.0, 99999.99999853047, 99999.99999840498, 99999.99999847272, 99999.99999855258]
J=2.9e-05, ⟨Jf⟩=1.8e-05, ⟨B·n⟩=1.4e-03, Len=sum([2.4, 2.6, 2.4, 2.4, 2.6])=12.3, ϰ=[11.8, 9.3, 6.2, 8.2, 9.0], ∫ϰ²/L>=[18.4, 16.4, 13.9, 19.2, 21.7], C-C-Sep=0.08, ║∇J║=7.3e-04
Iteration 272/2000-----
currents: [100000.0, 99999.99999852979, 99999.99999840412, 99999.99999847209, 99999.99999855239]
J=2.9e-05, ⟨Jf⟩=1.8e-05, ⟨B·n⟩=1.4e-03, Len=sum([2.4, 2.6, 2.4, 2.4, 2.6])=12.3, ϰ=[11.8, 9.3, 6.3, 8.2, 9.0], ∫ϰ²/L>=[18.4, 16.4, 13.9, 19.2, 21.7], C-C-Sep=0.08, ║∇J║=7.7e-04
Iteration 273/2000-----
currents: [100000.0, 99999.99999852854, 99999.99999840271, 99999.99999847116, 99999.99999855222]
J=2.9e-05, ⟨Jf⟩=1.8e-05, ⟨B·n⟩=1.4e-03, Len=sum([2.4, 2.6, 2.4, 2.4, 2.6])=12.3, ϰ=[11.7, 9.3, 6.4, 8.2, 9.0], ∫ϰ²/L>=[18.4, 16.5, 13.9, 19.1, 21.7], C-C-Sep=0.08, ║∇J║=1.0e-03
Iteration 274/2000-----
currents: [100000.0, 99999.99999852732, 99999.9999984014, 99999.99999847036, 99999.99999855214]
J=2.8e-05, ⟨Jf⟩=1.8e-05, ⟨B·n⟩=1.4e-03, Len=sum([2.4, 2.6, 2.4, 2.4, 2.6])=12.3, ϰ=[11.7, 9.3, 6.3, 8.3, 9.0], ∫ϰ²/L>=[18.4, 16.5, 13.9, 19.1, 21.8], C-C-Sep=0.08, ║∇J║=7.6e-04
Iteration 275/2000-----
currents: [100000.0, 99999.99999852758, 99999.99999840168, 99999.99999847049, 99999.99999855203]
J=2.8e-05, ⟨Jf⟩=1.8e-05, ⟨B·n⟩=1.4e-03, Len=sum([2.4, 2.6, 2.4, 2.4, 2.6])=12.3, ϰ=[11.7, 9.4, 6.2, 8.3, 9.0], ∫ϰ²/L>=[18.4, 16.5, 13.8, 19.1, 21.7], C-C-Sep=0.08, ║∇J║=7.0e-04
Iteration 276/2000-----
currents: [100000.0, 99999.99999852649, 99999.99999840057, 99999.99999846984, 99999.99999855195]
J=2.8e-05, ⟨Jf⟩=1.8e-05, ⟨B·n⟩=1.4e-03, Len=sum([2.4, 2.6, 2.4, 2.4, 2.6])=12.3, ϰ=[11.7, 9.4, 6.2, 8.4, 9.0], ∫ϰ²/L>=[18.4, 16.5, 13.8, 19.0, 21.7], C-C-Sep=0.08, ║∇J║=7.0e-04
Iteration 277/2000-----
currents: [100000.0, 99999.99999852612, 99999.99999840025, 99999.99999846965, 99999.99999855185]
J=2.8e-05, ⟨Jf⟩=1.8e-05, ⟨B·n⟩=1.4e-03, Len=sum([2.4, 2.5, 2.4, 2.4, 2.6])=12.3, ϰ=[11.7, 9.3, 6.1, 8.4, 8.9], ∫ϰ²/L>=[18.4, 16.5, 13.8, 19.0, 21.7], C-C-Sep=0.08, ║∇J║=8.4e-04
Iteration 278/2000-----
currents: [100000.0, 99999.99999852508, 99999.99999839922, 99999.99999846904, 99999.99999855174]
J=2.8e-05, ⟨Jf⟩=1.7e-05, ⟨B·n⟩=1.4e-03, Len=sum([2.4, 2.5, 2.4, 2.4, 2.6])=12.3, ϰ=[11.6, 9.3, 6.2, 8.5, 8.9], ∫ϰ²/L>=[18.4, 16.5, 13.8, 19.0, 21.8], C-C-Sep=0.08, ║∇J║=7.6e-04
Iteration 279/2000-----
currents: [100000.0, 99999.99999852426, 99999.99999839833, 99999.9999984685, 99999.99999855163]
J=2.8e-05, ⟨Jf⟩=1.7e-05, ⟨B·n⟩=1.4e-03, Len=sum([2.4, 2.5, 2.4, 2.4, 2.6])=12.3, ϰ=[11.6, 9.2, 6.2, 8.5, 8.9], ∫ϰ²/L>=[18.3, 16.5, 13.8, 19.0, 21.8], C-C-Sep=0.08, ║∇J║=7.9e-04
Iteration 280/2000-----
currents: [100000.0, 99999.99999852365, 99999.9999983977, 99999.99999846815, 99999.99999855159]
J=2.8e-05, ⟨Jf⟩=1.7e-05, ⟨B·n⟩=1.4e-03, Len=sum([2.4, 2.5, 2.4, 2.4, 2.6])=12.3, ϰ=[11.6, 9.2, 6.2, 8.5, 8.9], ∫ϰ²/L>=[18.3, 16.5, 13.7, 19.0, 21.8], C-C-Sep=0.08, ║∇J║=6.7e-04
Iteration 281/2000-----
currents: [100000.0, 99999.9999985228, 99999.9999983968, 99999.99999846767, 99999.9999985516]
J=2.8e-05, ⟨Jf⟩=1.7e-05, ⟨B·n⟩=1.4e-03, Len=sum([2.4, 2.5, 2.4, 2.4, 2.6])=12.3, ϰ=[11.6, 9.2, 6.2, 8.5, 8.9], ∫ϰ²/L>=[18.3, 16.6, 13.7, 19.0, 21.8], C-C-Sep=0.08, ║∇J║=6.9e-04
Iteration 282/2000-----
currents: [100000.0, 99999.99999852227, 99999.99999839618, 99999.99999846729, 99999.99999855153]
J=2.8e-05, ⟨Jf⟩=1.7e-05, ⟨B·n⟩=1.4e-03, Len=sum([2.4, 2.5, 2.4, 2.4, 2.6])=12.3, ϰ=[11.6, 9.2, 6.2, 8.4, 8.8], ∫ϰ²/L>=[18.2, 16.6, 13.7, 18.9, 21.7], C-C-Sep=0.08, ║∇J║=8.9e-04
Iteration 283/2000-----
currents: [100000.0, 99999.9999985212, 99999.99999839501, 99999.99999846664, 99999.9999985515]
J=2.8e-05, ⟨Jf⟩=1.7e-05, ⟨B·n⟩=1.4e-03, Len=sum([2.4, 2.5, 2.4, 2.4, 2.6])=12.3, ϰ=[11.6, 9.3, 6.2, 8.4, 8.8], ∫ϰ²/L>=[18.2, 16.6, 13.7, 18.9, 21.7], C-C-Sep=0.08, ║∇J║=7.3e-04
Iteration 284/2000-----
currents: [100000.0, 99999.99999852077, 99999.99999839453, 99999.99999846632, 99999.99999855144]
J=2.8e-05, ⟨Jf⟩=1.7e-05, ⟨B·n⟩=1.4e-03, Len=sum([2.4, 2.5, 2.4, 2.4, 2.6])=12.3, ϰ=[11.6, 9.3, 6.2, 8.4, 8.7], ∫ϰ²/L>=[18.2, 16.6, 13.7, 18.9, 21.7], C-C-Sep=0.08, ║∇J║=7.2e-04
Iteration 285/2000-----
currents: [100000.0, 99999.99999851985, 99999.99999839344, 99999.99999846559, 99999.99999855127]
J=2.8e-05, ⟨Jf⟩=1.7e-05, ⟨B·n⟩=1.4e-03, Len=sum([2.4, 2.5, 2.4, 2.4, 2.6])=12.3, ϰ=[11.6, 9.3, 6.1, 8.4, 8.7], ∫ϰ²/L>=[18.3, 16.6, 13.7, 18.9, 21.7], C-C-Sep=0.08, ║∇J║=7.4e-04
Iteration 286/2000-----
currents: [100000.0, 99999.99999851926, 99999.99999839271, 99999.99999846505, 99999.9999985511]
J=2.8e-05, ⟨Jf⟩=1.7e-05, ⟨B·n⟩=1.4e-03, Len=sum([2.4, 2.5, 2.4, 2.4, 2.6])=12.3, ϰ=[11.7, 9.3, 6.2, 8.5, 8.6], ∫ϰ²/L>=[18.3, 16.6, 13.7, 18.9, 21.7], C-C-Sep=0.08, ║∇J║=7.0e-04
Iteration 287/2000-----
currents: [100000.0, 99999.9999985182, 99999.99999839158, 99999.99999846434, 99999.99999855101]
J=2.8e-05, ⟨Jf⟩=1.7e-05, ⟨B·n⟩=1.4e-03, Len=sum([2.4, 2.5, 2.4, 2.4, 2.6])=12.3, ϰ=[11.7, 9.3, 6.3, 8.6, 8.6], ∫ϰ²/L>=[18.3, 16.6, 13.7, 18.9, 21.7], C-C-Sep=0.08, ║∇J║=6.9e-04
Iteration 288/2000-----
currents: [100000.0, 99999.99999851747, 99999.99999839079, 99999.99999846387, 99999.99999855093]
J=2.8e-05, ⟨Jf⟩=1.7e-05, ⟨B·n⟩=1.4e-03, Len=sum([2.4, 2.5, 2.4, 2.4, 2.6])=12.3, ϰ=[11.7, 9.3, 6.4, 8.6, 8.6], ∫ϰ²/L>=[18.3, 16.6, 13.7, 18.9, 21.7], C-C-Sep=0.08, ║∇J║=7.6e-04
Iteration 289/2000-----
currents: [100000.0, 99999.9999985164, 99999.99999838969, 99999.99999846324, 99999.99999855088]
J=2.8e-05, ⟨Jf⟩=1.7e-05, ⟨B·n⟩=1.4e-03, Len=sum([2.4, 2.5, 2.4, 2.4, 2.6])=12.3, ϰ=[11.7, 9.2, 6.5, 8.7, 8.6], ∫ϰ²/L>=[18.3, 16.6, 13.7, 18.8, 21.7], C-C-Sep=0.08, ║∇J║=8.5e-04
Iteration 290/2000-----
currents: [100000.0, 99999.99999851557, 99999.99999838887, 99999.99999846285, 99999.99999855086]
J=2.8e-05, ⟨Jf⟩=1.7e-05, ⟨B·n⟩=1.4e-03, Len=sum([2.4, 2.5, 2.4, 2.4, 2.6])=12.3, ϰ=[11.7, 9.2, 6.5, 8.7, 8.6], ∫ϰ²/L>=[18.2, 16.6, 13.7, 18.8, 21.6], C-C-Sep=0.08, ║∇J║=8.1e-04
Iteration 291/2000-----
currents: [100000.0, 99999.99999851499, 99999.99999838829, 99999.99999846258, 99999.99999855085]
J=2.8e-05, ⟨Jf⟩=1.7e-05, ⟨B·n⟩=1.4e-03, Len=sum([2.4, 2.5, 2.4, 2.4, 2.6])=12.3, ϰ=[11.7, 9.2, 6.5, 8.6, 8.6], ∫ϰ²/L>=[18.2, 16.6, 13.6, 18.7, 21.6], C-C-Sep=0.08, ║∇J║=7.3e-04
Iteration 292/2000-----
currents: [100000.0, 99999.9999985143, 99999.99999838749, 99999.99999846207, 99999.99999855069]
J=2.8e-05, ⟨Jf⟩=1.7e-05, ⟨B·n⟩=1.4e-03, Len=sum([2.4, 2.5, 2.4, 2.4, 2.6])=12.3, ϰ=[11.6, 9.2, 6.5, 8.7, 8.7], ∫ϰ²/L>=[18.2, 16.6, 13.6, 18.7, 21.6], C-C-Sep=0.08, ║∇J║=7.1e-04
Iteration 293/2000-----
currents: [100000.0, 99999.99999851413, 99999.99999838724, 99999.99999846189, 99999.99999855061]
J=2.8e-05, ⟨Jf⟩=1.7e-05, ⟨B·n⟩=1.3e-03, Len=sum([2.4, 2.5, 2.4, 2.4, 2.6])=12.3, ϰ=[11.6, 9.1, 6.4, 8.6, 8.7], ∫ϰ²/L>=[18.1, 16.5, 13.6, 18.7, 21.6], C-C-Sep=0.08, ║∇J║=5.9e-04
Iteration 294/2000-----
currents: [100000.0, 99999.99999851329, 99999.99999838625, 99999.99999846122, 99999.99999855047]
J=2.7e-05, ⟨Jf⟩=1.7e-05, ⟨B·n⟩=1.3e-03, Len=sum([2.4, 2.5, 2.4, 2.4, 2.6])=12.3, ϰ=[11.6, 9.1, 6.5, 8.6, 8.8], ∫ϰ²/L>=[18.1, 16.5, 13.6, 18.7, 21.6], C-C-Sep=0.08, ║∇J║=6.6e-04
Iteration 295/2000-----
currents: [100000.0, 99999.9999985129, 99999.99999838574, 99999.99999846086, 99999.99999855035]
J=2.7e-05, ⟨Jf⟩=1.7e-05, ⟨B·n⟩=1.3e-03, Len=sum([2.4, 2.5, 2.4, 2.4, 2.6])=12.3, ϰ=[11.7, 9.1, 6.5, 8.6, 8.8], ∫ϰ²/L>=[18.1, 16.5, 13.6, 18.7, 21.5], C-C-Sep=0.08, ║∇J║=7.2e-04
Iteration 296/2000-----
currents: [100000.0, 99999.99999851189, 99999.99999838462, 99999.99999846012, 99999.99999855027]
J=2.7e-05, ⟨Jf⟩=1.7e-05, ⟨B·n⟩=1.3e-03, Len=sum([2.4, 2.5, 2.4, 2.4, 2.6])=12.3, ϰ=[11.7, 9.1, 6.6, 8.6, 8.9], ∫ϰ²/L>=[18.1, 16.5, 13.6, 18.7, 21.5], C-C-Sep=0.08, ║∇J║=6.3e-04
Iteration 297/2000-----
currents: [100000.0, 99999.99999851066, 99999.99999838338, 99999.99999845936, 99999.99999855025]
J=2.7e-05, ⟨Jf⟩=1.7e-05, ⟨B·n⟩=1.3e-03, Len=sum([2.4, 2.5, 2.4, 2.4, 2.6])=12.3, ϰ=[11.7, 9.1, 6.6, 8.6, 8.9], ∫ϰ²/L>=[18.1, 16.5, 13.6, 18.6, 21.5], C-C-Sep=0.08, ║∇J║=6.5e-04
Iteration 298/2000-----
currents: [100000.0, 99999.99999850984, 99999.99999838258, 99999.99999845884, 99999.99999855022]
J=2.7e-05, ⟨Jf⟩=1.7e-05, ⟨B·n⟩=1.3e-03, Len=sum([2.4, 2.5, 2.4, 2.4, 2.6])=12.3, ϰ=[11.7, 9.1, 6.7, 8.6, 9.0], ∫ϰ²/L>=[18.0, 16.5, 13.6, 18.6, 21.5], C-C-Sep=0.08, ║∇J║=7.5e-04
Iteration 299/2000-----
currents: [100000.0, 99999.99999850921, 99999.99999838199, 99999.99999845844, 99999.99999855019]
J=2.7e-05, ⟨Jf⟩=1.7e-05, ⟨B·n⟩=1.3e-03, Len=sum([2.4, 2.5, 2.4, 2.4, 2.6])=12.3, ϰ=[11.7, 9.0, 6.7, 8.6, 9.0], ∫ϰ²/L>=[18.0, 16.5, 13.6, 18.6, 21.5], C-C-Sep=0.08, ║∇J║=6.1e-04
Iteration 300/2000-----
currents: [100000.0, 99999.99999850834, 99999.99999838122, 99999.99999845798, 99999.9999985502]
J=2.7e-05, ⟨Jf⟩=1.7e-05, ⟨B·n⟩=1.3e-03, Len=sum([2.4, 2.5, 2.4, 2.4, 2.6])=12.3, ϰ=[11.6, 9.0, 6.7, 8.5, 9.0], ∫ϰ²/L>=[18.0, 16.5, 13.7, 18.6, 21.4], C-C-Sep=0.08, ║∇J║=6.3e-04
Iteration 301/2000-----
currents: [100000.0, 99999.99999850761, 99999.99999838046, 99999.99999845738, 99999.99999855003]
J=2.7e-05, ⟨Jf⟩=1.7e-05, ⟨B·n⟩=1.3e-03, Len=sum([2.4, 2.5, 2.4, 2.4, 2.6])=12.3, ϰ=[11.6, 8.9, 6.7, 8.5, 9.1], ∫ϰ²/L>=[17.9, 16.5, 13.7, 18.5, 21.4], C-C-Sep=0.08, ║∇J║=7.5e-04
Iteration 302/2000-----
currents: [100000.0, 99999.99999850684, 99999.9999983797, 99999.99999845684, 99999.99999854996]
J=2.7e-05, ⟨Jf⟩=1.7e-05, ⟨B·n⟩=1.3e-03, Len=sum([2.4, 2.5, 2.4, 2.4, 2.6])=12.3, ϰ=[11.6, 8.9, 6.7, 8.4, 9.1], ∫ϰ²/L>=[17.9, 16.5, 13.7, 18.5, 21.4], C-C-Sep=0.08, ║∇J║=5.9e-04
Iteration 303/2000-----
currents: [100000.0, 99999.99999850626, 99999.99999837916, 99999.99999845642, 99999.9999985499]
J=2.7e-05, ⟨Jf⟩=1.7e-05, ⟨B·n⟩=1.3e-03, Len=sum([2.4, 2.5, 2.4, 2.4, 2.6])=12.3, ϰ=[11.6, 8.9, 6.8, 8.3, 9.1], ∫ϰ²/L>=[17.9, 16.5, 13.6, 18.5, 21.3], C-C-Sep=0.08, ║∇J║=6.4e-04
Iteration 304/2000-----
currents: [100000.0, 99999.99999850536, 99999.99999837819, 99999.99999845569, 99999.99999854974]
J=2.7e-05, ⟨Jf⟩=1.7e-05, ⟨B·n⟩=1.3e-03, Len=sum([2.4, 2.5, 2.4, 2.4, 2.6])=12.3, ϰ=[11.6, 8.9, 6.8, 8.2, 9.2], ∫ϰ²/L>=[17.9, 16.5, 13.6, 18.5, 21.3], C-C-Sep=0.08, ║∇J║=6.9e-04
Iteration 305/2000-----
currents: [100000.0, 99999.99999850507, 99999.9999983779, 99999.99999845549, 99999.99999854976]
J=2.7e-05, ⟨Jf⟩=1.7e-05, ⟨B·n⟩=1.3e-03, Len=sum([2.4, 2.5, 2.4, 2.4, 2.6])=12.3, ϰ=[11.6, 9.0, 6.8, 8.1, 9.2], ∫ϰ²/L>=[17.9, 16.5, 13.6, 18.5, 21.3], C-C-Sep=0.08, ║∇J║=5.3e-04
Iteration 306/2000-----
currents: [100000.0, 99999.9999985044, 99999.99999837718, 99999.99999845498, 99999.99999854967]
J=2.7e-05, ⟨Jf⟩=1.7e-05, ⟨B·n⟩=1.3e-03, Len=sum([2.4, 2.5, 2.4, 2.4, 2.6])=12.3, ϰ=[11.6, 9.0, 6.8, 8.1, 9.2], ∫ϰ²/L>=[17.9, 16.4, 13.6, 18.5, 21.3], C-C-Sep=0.08, ║∇J║=5.2e-04
Iteration 307/2000-----
currents: [100000.0, 99999.99999850393, 99999.99999837666, 99999.99999845459, 99999.9999985496]
J=2.7e-05, ⟨Jf⟩=1.7e-05, ⟨B·n⟩=1.3e-03, Len=sum([2.4, 2.5, 2.4, 2.4, 2.6])=12.3, ϰ=[11.6, 8.9, 6.8, 8.0, 9.3], ∫ϰ²/L>=[17.9, 16.4, 13.6, 18.4, 21.3], C-C-Sep=0.08, ║∇J║=5.3e-04
Iteration 308/2000-----
currents: [100000.0, 99999.99999850299, 99999.9999983756, 99999.9999984538, 99999.99999854939]
J=2.7e-05, ⟨Jf⟩=1.7e-05, ⟨B·n⟩=1.3e-03, Len=sum([2.4, 2.5, 2.4, 2.4, 2.6])=12.3, ϰ=[11.6, 8.9, 6.8, 7.9, 9.3], ∫ϰ²/L>=[17.9, 16.4, 13.6, 18.4, 21.2], C-C-Sep=0.08, ║∇J║=5.8e-04
Iteration 309/2000-----
currents: [100000.0, 99999.99999850322, 99999.99999837573, 99999.9999984537, 99999.99999854919]
J=2.7e-05, ⟨Jf⟩=1.7e-05, ⟨B·n⟩=1.3e-03, Len=sum([2.4, 2.5, 2.4, 2.4, 2.6])=12.3, ϰ=[11.7, 8.9, 6.7, 7.8, 9.3], ∫ϰ²/L>=[17.9, 16.4, 13.6, 18.3, 21.2], C-C-Sep=0.08, ║∇J║=8.7e-04
Iteration 310/2000-----
currents: [100000.0, 99999.99999850157, 99999.99999837387, 99999.99999845243, 99999.99999854888]
J=2.7e-05, ⟨Jf⟩=1.7e-05, ⟨B·n⟩=1.3e-03, Len=sum([2.4, 2.5, 2.4, 2.4, 2.6])=12.3, ϰ=[11.7, 8.9, 6.7, 7.7, 9.3], ∫ϰ²/L>=[17.9, 16.4, 13.6, 18.3, 21.2], C-C-Sep=0.08, ║∇J║=7.5e-04
Iteration 311/2000-----
currents: [100000.0, 99999.99999850319, 99999.99999837554, 99999.99999845352, 99999.99999854903]
J=2.7e-05, ⟨Jf⟩=1.7e-05, ⟨B·n⟩=1.3e-03, Len=sum([2.4, 2.5, 2.4, 2.4, 2.6])=12.3, ϰ=[11.8, 8.9, 6.6, 7.8, 9.1], ∫ϰ²/L>=[17.9, 16.3, 13.5, 18.3, 21.1], C-C-Sep=0.08, ║∇J║=1.7e-03
Iteration 312/2000-----
currents: [100000.0, 99999.99999850219, 99999.99999837451, 99999.99999845285, 99999.99999854894]
J=2.7e-05, ⟨Jf⟩=1.7e-05, ⟨B·n⟩=1.3e-03, Len=sum([2.4, 2.5, 2.4, 2.4, 2.6])=12.3, ϰ=[11.7, 8.9, 6.6, 7.7, 9.2], ∫ϰ²/L>=[17.9, 16.4, 13.6, 18.3, 21.2], C-C-Sep=0.08, ║∇J║=7.3e-04
Iteration 313/2000-----
currents: [100000.0, 99999.99999850238, 99999.99999837475, 99999.99999845301, 99999.99999854898]
J=2.7e-05, ⟨Jf⟩=1.7e-05, ⟨B·n⟩=1.3e-03, Len=sum([2.4, 2.5, 2.4, 2.4, 2.6])=12.3, ϰ=[11.7, 8.9, 6.7, 7.7, 9.2], ∫ϰ²/L>=[17.9, 16.3, 13.6, 18.3, 21.2], C-C-Sep=0.08, ║∇J║=3.9e-04
Iteration 314/2000-----
currents: [100000.0, 99999.99999850226, 99999.99999837465, 99999.99999845293, 99999.99999854898]
J=2.7e-05, ⟨Jf⟩=1.7e-05, ⟨B·n⟩=1.3e-03, Len=sum([2.4, 2.5, 2.4, 2.4, 2.6])=12.3, ϰ=[11.7, 8.9, 6.7, 7.7, 9.2], ∫ϰ²/L>=[17.8, 16.3, 13.5, 18.3, 21.2], C-C-Sep=0.08, ║∇J║=4.0e-04
Iteration 315/2000-----
currents: [100000.0, 99999.99999850168, 99999.99999837401, 99999.99999845248, 99999.99999854893]
J=2.7e-05, ⟨Jf⟩=1.7e-05, ⟨B·n⟩=1.3e-03, Len=sum([2.4, 2.5, 2.4, 2.4, 2.6])=12.3, ϰ=[11.8, 8.9, 6.6, 7.6, 9.2], ∫ϰ²/L>=[17.8, 16.3, 13.5, 18.2, 21.1], C-C-Sep=0.08, ║∇J║=6.7e-04
Iteration 316/2000-----
currents: [100000.0, 99999.99999850082, 99999.9999983731, 99999.99999845185, 99999.99999854885]
J=2.7e-05, ⟨Jf⟩=1.7e-05, ⟨B·n⟩=1.3e-03, Len=sum([2.4, 2.5, 2.4, 2.4, 2.6])=12.3, ϰ=[11.8, 8.8, 6.6, 7.7, 9.1], ∫ϰ²/L>=[17.9, 16.3, 13.5, 18.2, 21.1], C-C-Sep=0.08, ║∇J║=5.8e-04
Iteration 317/2000-----
currents: [100000.0, 99999.99999850027, 99999.9999983725, 99999.99999845146, 99999.99999854881]
J=2.7e-05, ⟨Jf⟩=1.7e-05, ⟨B·n⟩=1.3e-03, Len=sum([2.4, 2.5, 2.4, 2.4, 2.6])=12.3, ϰ=[11.8, 8.8, 6.6, 7.6, 9.1], ∫ϰ²/L>=[17.9, 16.3, 13.5, 18.2, 21.1], C-C-Sep=0.08, ║∇J║=4.3e-04
Iteration 318/2000-----
currents: [100000.0, 99999.99999849944, 99999.99999837164, 99999.99999845093, 99999.99999854878]
J=2.7e-05, ⟨Jf⟩=1.7e-05, ⟨B·n⟩=1.3e-03, Len=sum([2.4, 2.5, 2.4, 2.4, 2.6])=12.3, ϰ=[11.8, 8.8, 6.5, 7.6, 9.1], ∫ϰ²/L>=[17.9, 16.3, 13.5, 18.2, 21.1], C-C-Sep=0.08, ║∇J║=4.7e-04
Iteration 319/2000-----
currents: [100000.0, 99999.99999849893, 99999.99999837109, 99999.99999845058, 99999.99999854877]
J=2.7e-05, ⟨Jf⟩=1.6e-05, ⟨B·n⟩=1.3e-03, Len=sum([2.4, 2.5, 2.4, 2.4, 2.6])=12.3, ϰ=[11.7, 8.8, 6.5, 7.6, 9.1], ∫ϰ²/L>=[17.9, 16.3, 13.5, 18.2, 21.1], C-C-Sep=0.08, ║∇J║=5.7e-04
Iteration 320/2000-----
currents: [100000.0, 99999.99999849848, 99999.99999837067, 99999.99999845037, 99999.99999854884]
J=2.7e-05, ⟨Jf⟩=1.6e-05, ⟨B·n⟩=1.3e-03, Len=sum([2.4, 2.5, 2.4, 2.4, 2.6])=12.3, ϰ=[11.7, 8.8, 6.5, 7.6, 9.1], ∫ϰ²/L>=[17.9, 16.3, 13.5, 18.1, 21.1], C-C-Sep=0.08, ║∇J║=5.6e-04
Iteration 321/2000-----
currents: [100000.0, 99999.9999984975, 99999.99999836956, 99999.99999844965, 99999.99999854877]
J=2.7e-05, ⟨Jf⟩=1.6e-05, ⟨B·n⟩=1.3e-03, Len=sum([2.4, 2.5, 2.4, 2.4, 2.6])=12.3, ϰ=[11.7, 8.7, 6.5, 7.6, 9.1], ∫ϰ²/L>=[17.9, 16.3, 13.4, 18.1, 21.1], C-C-Sep=0.08, ║∇J║=7.7e-04
Iteration 322/2000-----
currents: [100000.0, 99999.99999849686, 99999.99999836886, 99999.99999844919, 99999.99999854871]
J=2.7e-05, ⟨Jf⟩=1.6e-05, ⟨B·n⟩=1.3e-03, Len=sum([2.4, 2.5, 2.4, 2.4, 2.6])=12.3, ϰ=[11.7, 8.7, 6.5, 7.6, 9.1], ∫ϰ²/L>=[17.9, 16.3, 13.4, 18.1, 21.1], C-C-Sep=0.08, ║∇J║=5.0e-04
Iteration 323/2000-----
currents: [100000.0, 99999.99999849628, 99999.99999836822, 99999.99999844877, 99999.99999854865]
J=2.6e-05, ⟨Jf⟩=1.6e-05, ⟨B·n⟩=1.3e-03, Len=sum([2.4, 2.5, 2.4, 2.4, 2.6])=12.3, ϰ=[11.8, 8.7, 6.5, 7.6, 9.0], ∫ϰ²/L>=[17.9, 16.3, 13.4, 18.1, 21.1], C-C-Sep=0.08, ║∇J║=4.3e-04
Iteration 324/2000-----
currents: [100000.0, 99999.99999849517, 99999.9999983669, 99999.99999844783, 99999.99999854848]
J=2.6e-05, ⟨Jf⟩=1.6e-05, ⟨B·n⟩=1.3e-03, Len=sum([2.4, 2.5, 2.4, 2.4, 2.6])=12.3, ϰ=[11.8, 8.7, 6.6, 7.6, 9.0], ∫ϰ²/L>=[17.9, 16.3, 13.4, 18.0, 21.1], C-C-Sep=0.08, ║∇J║=4.8e-04
Iteration 325/2000-----
currents: [100000.0, 99999.99999849408, 99999.99999836569, 99999.99999844703, 99999.99999854837]
J=2.6e-05, ⟨Jf⟩=1.6e-05, ⟨B·n⟩=1.3e-03, Len=sum([2.4, 2.5, 2.4, 2.4, 2.6])=12.3, ϰ=[11.8, 8.6, 6.6, 7.6, 9.0], ∫ϰ²/L>=[18.0, 16.3, 13.4, 18.0, 21.1], C-C-Sep=0.08, ║∇J║=5.7e-04
Iteration 326/2000-----
currents: [100000.0, 99999.99999849332, 99999.9999983648, 99999.99999844644, 99999.9999985483]
J=2.6e-05, ⟨Jf⟩=1.6e-05, ⟨B·n⟩=1.3e-03, Len=sum([2.4, 2.5, 2.4, 2.4, 2.6])=12.3, ϰ=[11.8, 8.6, 6.6, 7.6, 9.0], ∫ϰ²/L>=[18.0, 16.3, 13.4, 18.0, 21.1], C-C-Sep=0.08, ║∇J║=4.3e-04
Iteration 327/2000-----
currents: [100000.0, 99999.99999849261, 99999.99999836399, 99999.99999844586, 99999.99999854823]
J=2.6e-05, ⟨Jf⟩=1.6e-05, ⟨B·n⟩=1.3e-03, Len=sum([2.4, 2.5, 2.4, 2.4, 2.6])=12.3, ϰ=[11.8, 8.6, 6.6, 7.7, 9.0], ∫ϰ²/L>=[18.0, 16.2, 13.4, 18.0, 21.1], C-C-Sep=0.08, ║∇J║=4.5e-04
Iteration 328/2000-----
currents: [100000.0, 99999.99999849213, 99999.99999836346, 99999.9999984455, 99999.99999854818]
J=2.6e-05, ⟨Jf⟩=1.6e-05, ⟨B·n⟩=1.3e-03, Len=sum([2.4, 2.5, 2.4, 2.4, 2.6])=12.3, ϰ=[11.8, 8.6, 6.6, 7.7, 9.0], ∫ϰ²/L>=[18.0, 16.2, 13.4, 18.0, 21.1], C-C-Sep=0.08, ║∇J║=4.3e-04
Iteration 329/2000-----
currents: [100000.0, 99999.99999849164, 99999.99999836297, 99999.99999844517, 99999.99999854816]
J=2.6e-05, ⟨Jf⟩=1.6e-05, ⟨B·n⟩=1.3e-03, Len=sum([2.4, 2.5, 2.4, 2.4, 2.6])=12.3, ϰ=[11.8, 8.6, 6.6, 7.7, 9.0], ∫ϰ²/L>=[18.0, 16.2, 13.4, 18.0, 21.1], C-C-Sep=0.08, ║∇J║=4.1e-04
Iteration 330/2000-----
currents: [100000.0, 99999.99999849075, 99999.99999836204, 99999.99999844447, 99999.999998548]
J=2.6e-05, ⟨Jf⟩=1.6e-05, ⟨B·n⟩=1.3e-03, Len=sum([2.4, 2.5, 2.4, 2.4, 2.6])=12.3, ϰ=[11.8, 8.5, 6.5, 7.8, 9.0], ∫ϰ²/L>=[18.0, 16.2, 13.4, 17.9, 21.1], C-C-Sep=0.08, ║∇J║=5.6e-04
Iteration 331/2000-----
currents: [100000.0, 99999.99999848955, 99999.99999836077, 99999.99999844357, 99999.99999854784]
J=2.6e-05, ⟨Jf⟩=1.6e-05, ⟨B·n⟩=1.3e-03, Len=sum([2.4, 2.5, 2.4, 2.4, 2.6])=12.3, ϰ=[11.8, 8.5, 6.5, 7.8, 9.1], ∫ϰ²/L>=[18.1, 16.2, 13.4, 17.9, 21.2], C-C-Sep=0.08, ║∇J║=5.7e-04
Iteration 332/2000-----
currents: [100000.0, 99999.99999848928, 99999.99999836048, 99999.99999844332, 99999.99999854775]
J=2.6e-05, ⟨Jf⟩=1.6e-05, ⟨B·n⟩=1.3e-03, Len=sum([2.4, 2.5, 2.4, 2.4, 2.6])=12.3, ϰ=[11.8, 8.5, 6.5, 7.8, 9.0], ∫ϰ²/L>=[18.1, 16.2, 13.4, 17.9, 21.2], C-C-Sep=0.08, ║∇J║=4.1e-04
Iteration 333/2000-----
currents: [100000.0, 99999.99999848852, 99999.9999983597, 99999.99999844276, 99999.99999854765]
J=2.6e-05, ⟨Jf⟩=1.6e-05, ⟨B·n⟩=1.3e-03, Len=sum([2.4, 2.5, 2.4, 2.4, 2.6])=12.3, ϰ=[11.9, 8.5, 6.5, 7.8, 9.0], ∫ϰ²/L>=[18.1, 16.2, 13.4, 17.9, 21.2], C-C-Sep=0.08, ║∇J║=4.2e-04
Iteration 334/2000-----
currents: [100000.0, 99999.99999848827, 99999.99999835946, 99999.9999984426, 99999.99999854765]
J=2.6e-05, ⟨Jf⟩=1.6e-05, ⟨B·n⟩=1.3e-03, Len=sum([2.4, 2.5, 2.4, 2.4, 2.6])=12.3, ϰ=[11.9, 8.5, 6.5, 7.8, 9.0], ∫ϰ²/L>=[18.1, 16.2, 13.4, 17.9, 21.2], C-C-Sep=0.08, ║∇J║=4.1e-04
Iteration 335/2000-----
currents: [100000.0, 99999.99999848731, 99999.99999835846, 99999.99999844194, 99999.9999985476]
J=2.6e-05, ⟨Jf⟩=1.6e-05, ⟨B·n⟩=1.3e-03, Len=sum([2.4, 2.5, 2.4, 2.4, 2.6])=12.3, ϰ=[11.8, 8.5, 6.5, 7.8, 9.0], ∫ϰ²/L>=[18.1, 16.2, 13.3, 17.9, 21.2], C-C-Sep=0.08, ║∇J║=4.1e-04
Iteration 336/2000-----
currents: [100000.0, 99999.99999848614, 99999.99999835726, 99999.99999844113, 99999.99999854757]
J=2.6e-05, ⟨Jf⟩=1.6e-05, ⟨B·n⟩=1.3e-03, Len=sum([2.4, 2.5, 2.4, 2.4, 2.6])=12.3, ϰ=[11.8, 8.5, 6.5, 7.9, 9.0], ∫ϰ²/L>=[18.1, 16.2, 13.3, 17.9, 21.2], C-C-Sep=0.08, ║∇J║=4.8e-04
Iteration 337/2000-----
currents: [100000.0, 99999.99999848513, 99999.99999835617, 99999.99999844038, 99999.99999854747]
J=2.6e-05, ⟨Jf⟩=1.6e-05, ⟨B·n⟩=1.3e-03, Len=sum([2.4, 2.5, 2.4, 2.4, 2.6])=12.3, ϰ=[11.8, 8.5, 6.4, 7.9, 9.0], ∫ϰ²/L>=[18.1, 16.2, 13.3, 17.9, 21.2], C-C-Sep=0.08, ║∇J║=4.1e-04
Iteration 338/2000-----
currents: [100000.0, 99999.99999848426, 99999.99999835523, 99999.99999843966, 99999.9999985473]
J=2.6e-05, ⟨Jf⟩=1.6e-05, ⟨B·n⟩=1.3e-03, Len=sum([2.4, 2.5, 2.4, 2.4, 2.6])=12.3, ϰ=[11.8, 8.5, 6.4, 7.9, 9.0], ∫ϰ²/L>=[18.1, 16.2, 13.3, 17.8, 21.2], C-C-Sep=0.08, ║∇J║=4.4e-04
Iteration 339/2000-----
currents: [100000.0, 99999.9999984831, 99999.99999835399, 99999.99999843871, 99999.99999854708]
J=2.6e-05, ⟨Jf⟩=1.6e-05, ⟨B·n⟩=1.3e-03, Len=sum([2.4, 2.5, 2.4, 2.4, 2.6])=12.3, ϰ=[11.9, 8.5, 6.4, 7.9, 9.0], ∫ϰ²/L>=[18.1, 16.2, 13.3, 17.8, 21.2], C-C-Sep=0.08, ║∇J║=5.1e-04
Iteration 340/2000-----
currents: [100000.0, 99999.99999848244, 99999.99999835339, 99999.99999843823, 99999.99999854696]
J=2.6e-05, ⟨Jf⟩=1.6e-05, ⟨B·n⟩=1.3e-03, Len=sum([2.4, 2.5, 2.4, 2.4, 2.6])=12.3, ϰ=[11.9, 8.5, 6.4, 7.9, 9.0], ∫ϰ²/L>=[18.1, 16.3, 13.3, 17.8, 21.2], C-C-Sep=0.08, ║∇J║=4.2e-04
Iteration 341/2000-----
currents: [100000.0, 99999.99999848232, 99999.99999835333, 99999.99999843814, 99999.99999854692]
J=2.6e-05, ⟨Jf⟩=1.6e-05, ⟨B·n⟩=1.3e-03, Len=sum([2.4, 2.5, 2.4, 2.4, 2.6])=12.3, ϰ=[11.9, 8.6, 6.4, 7.9, 9.0], ∫ϰ²/L>=[18.1, 16.3, 13.3, 17.8, 21.2], C-C-Sep=0.08, ║∇J║=3.5e-04
Iteration 342/2000-----
currents: [100000.0, 99999.99999848148, 99999.99999835258, 99999.99999843759, 99999.99999854683]
J=2.6e-05, ⟨Jf⟩=1.6e-05, ⟨B·n⟩=1.3e-03, Len=sum([2.4, 2.5, 2.4, 2.4, 2.6])=12.3, ϰ=[11.9, 8.6, 6.5, 7.9, 9.1], ∫ϰ²/L>=[18.1, 16.3, 13.3, 17.8, 21.2], C-C-Sep=0.08, ║∇J║=4.2e-04
Iteration 343/2000-----
currents: [100000.0, 99999.99999848082, 99999.99999835207, 99999.9999984372, 99999.99999854677]
J=2.6e-05, ⟨Jf⟩=1.6e-05, ⟨B·n⟩=1.3e-03, Len=sum([2.4, 2.5, 2.4, 2.4, 2.6])=12.3, ϰ=[11.9, 8.6, 6.5, 7.9, 9.1], ∫ϰ²/L>=[18.1, 16.3, 13.3, 17.8, 21.2], C-C-Sep=0.08, ║∇J║=4.4e-04
Iteration 344/2000-----
currents: [100000.0, 99999.99999847947, 99999.99999835085, 99999.9999984363, 99999.99999854661]
J=2.6e-05, ⟨Jf⟩=1.6e-05, ⟨B·n⟩=1.3e-03, Len=sum([2.4, 2.5, 2.4, 2.4, 2.6])=12.3, ϰ=[11.9, 8.6, 6.6, 7.9, 9.1], ∫ϰ²/L>=[18.1, 16.3, 13.3, 17.8, 21.3], C-C-Sep=0.08, ║∇J║=4.4e-04
Iteration 345/2000-----
currents: [100000.0, 99999.99999847813, 99999.99999834965, 99999.99999843547, 99999.99999854651]
J=2.6e-05, ⟨Jf⟩=1.6e-05, ⟨B·n⟩=1.3e-03, Len=sum([2.4, 2.5, 2.4, 2.4, 2.6])=12.3, ϰ=[11.9, 8.6, 6.6, 7.9, 9.1], ∫ϰ²/L>=[18.1, 16.3, 13.3, 17.9, 21.3], C-C-Sep=0.08, ║∇J║=4.5e-04
Iteration 346/2000-----
currents: [100000.0, 99999.9999984775, 99999.99999834916, 99999.99999843509, 99999.99999854642]
J=2.6e-05, ⟨Jf⟩=1.6e-05, ⟨B·n⟩=1.3e-03, Len=sum([2.4, 2.5, 2.4, 2.4, 2.6])=12.3, ϰ=[12.0, 8.6, 6.6, 7.8, 9.1], ∫ϰ²/L>=[18.1, 16.3, 13.4, 17.9, 21.3], C-C-Sep=0.08, ║∇J║=3.9e-04
Iteration 347/2000-----
currents: [100000.0, 99999.99999847688, 99999.99999834865, 99999.99999843475, 99999.99999854641]
J=2.6e-05, ⟨Jf⟩=1.6e-05, ⟨B·n⟩=1.3e-03, Len=sum([2.4, 2.5, 2.4, 2.4, 2.6])=12.3, ϰ=[12.0, 8.5, 6.5, 7.8, 9.1], ∫ϰ²/L>=[18.1, 16.2, 13.4, 17.8, 21.3], C-C-Sep=0.08, ║∇J║=3.5e-04
Iteration 348/2000-----
currents: [100000.0, 99999.99999847608, 99999.99999834808, 99999.99999843437, 99999.99999854641]
J=2.6e-05, ⟨Jf⟩=1.6e-05, ⟨B·n⟩=1.3e-03, Len=sum([2.4, 2.5, 2.4, 2.4, 2.6])=12.3, ϰ=[12.0, 8.5, 6.5, 7.8, 9.1], ∫ϰ²/L>=[18.1, 16.2, 13.4, 17.8, 21.3], C-C-Sep=0.08, ║∇J║=4.3e-04
Iteration 349/2000-----
currents: [100000.0, 99999.99999847464, 99999.99999834689, 99999.99999843354, 99999.99999854637]
J=2.6e-05, ⟨Jf⟩=1.6e-05, ⟨B·n⟩=1.3e-03, Len=sum([2.4, 2.5, 2.4, 2.4, 2.6])=12.3, ϰ=[12.0, 8.5, 6.5, 7.8, 9.0], ∫ϰ²/L>=[18.1, 16.2, 13.4, 17.8, 21.3], C-C-Sep=0.08, ║∇J║=5.0e-04
Iteration 350/2000-----
currents: [100000.0, 99999.99999847371, 99999.99999834619, 99999.99999843302, 99999.99999854635]
J=2.6e-05, ⟨Jf⟩=1.6e-05, ⟨B·n⟩=1.3e-03, Len=sum([2.4, 2.5, 2.4, 2.4, 2.6])=12.3, ϰ=[11.9, 8.5, 6.6, 7.8, 9.0], ∫ϰ²/L>=[18.2, 16.2, 13.4, 17.9, 21.3], C-C-Sep=0.08, ║∇J║=4.5e-04
Iteration 351/2000-----
currents: [100000.0, 99999.99999847217, 99999.9999983448, 99999.99999843203, 99999.99999854628]
J=2.6e-05, ⟨Jf⟩=1.6e-05, ⟨B·n⟩=1.3e-03, Len=sum([2.4, 2.5, 2.4, 2.4, 2.6])=12.3, ϰ=[11.9, 8.5, 6.6, 7.8, 9.0], ∫ϰ²/L>=[18.2, 16.2, 13.4, 17.9, 21.3], C-C-Sep=0.08, ║∇J║=4.3e-04
Iteration 352/2000-----
currents: [100000.0, 99999.99999847122, 99999.99999834395, 99999.99999843135, 99999.9999985462]
J=2.6e-05, ⟨Jf⟩=1.6e-05, ⟨B·n⟩=1.3e-03, Len=sum([2.4, 2.5, 2.4, 2.4, 2.6])=12.3, ϰ=[11.9, 8.5, 6.7, 7.8, 8.9], ∫ϰ²/L>=[18.2, 16.2, 13.4, 17.9, 21.3], C-C-Sep=0.08, ║∇J║=4.3e-04
Iteration 353/2000-----
currents: [100000.0, 99999.99999847, 99999.99999834276, 99999.99999843049, 99999.99999854612]
J=2.6e-05, ⟨Jf⟩=1.6e-05, ⟨B·n⟩=1.3e-03, Len=sum([2.4, 2.5, 2.4, 2.4, 2.6])=12.3, ϰ=[11.9, 8.5, 6.7, 7.9, 8.9], ∫ϰ²/L>=[18.2, 16.2, 13.4, 17.9, 21.4], C-C-Sep=0.08, ║∇J║=4.4e-04
Iteration 354/2000-----
currents: [100000.0, 99999.9999984691, 99999.99999834193, 99999.99999842988, 99999.99999854606]
J=2.6e-05, ⟨Jf⟩=1.6e-05, ⟨B·n⟩=1.3e-03, Len=sum([2.4, 2.5, 2.4, 2.4, 2.6])=12.3, ϰ=[11.9, 8.5, 6.6, 7.9, 8.9], ∫ϰ²/L>=[18.2, 16.2, 13.4, 17.9, 21.3], C-C-Sep=0.08, ║∇J║=4.0e-04
Iteration 355/2000-----
currents: [100000.0, 99999.99999846824, 99999.99999834118, 99999.99999842938, 99999.99999854606]
J=2.6e-05, ⟨Jf⟩=1.6e-05, ⟨B·n⟩=1.3e-03, Len=sum([2.4, 2.5, 2.4, 2.4, 2.6])=12.3, ϰ=[11.9, 8.4, 6.6, 8.0, 8.9], ∫ϰ²/L>=[18.1, 16.2, 13.4, 17.9, 21.4], C-C-Sep=0.08, ║∇J║=3.9e-04
Iteration 356/2000-----
currents: [100000.0, 99999.9999984671, 99999.99999834024, 99999.99999842873, 99999.99999854606]
J=2.6e-05, ⟨Jf⟩=1.6e-05, ⟨B·n⟩=1.3e-03, Len=sum([2.4, 2.5, 2.4, 2.4, 2.6])=12.3, ϰ=[11.9, 8.4, 6.6, 8.0, 8.9], ∫ϰ²/L>=[18.1, 16.2, 13.4, 17.9, 21.4], C-C-Sep=0.08, ║∇J║=4.4e-04
Iteration 357/2000-----
currents: [100000.0, 99999.99999846649, 99999.99999833989, 99999.99999842852, 99999.99999854618]
J=2.6e-05, ⟨Jf⟩=1.6e-05, ⟨B·n⟩=1.3e-03, Len=sum([2.4, 2.5, 2.4, 2.4, 2.6])=12.3, ϰ=[11.8, 8.4, 6.6, 8.1, 8.9], ∫ϰ²/L>=[18.1, 16.2, 13.5, 17.9, 21.4], C-C-Sep=0.08, ║∇J║=4.7e-04
Iteration 358/2000-----
currents: [100000.0, 99999.99999846521, 99999.99999833881, 99999.9999984278, 99999.99999854622]
J=2.6e-05, ⟨Jf⟩=1.6e-05, ⟨B·n⟩=1.3e-03, Len=sum([2.4, 2.5, 2.4, 2.4, 2.6])=12.3, ϰ=[11.8, 8.4, 6.7, 8.1, 8.9], ∫ϰ²/L>=[18.1, 16.2, 13.5, 17.9, 21.4], C-C-Sep=0.08, ║∇J║=4.3e-04
Iteration 359/2000-----
currents: [100000.0, 99999.99999846442, 99999.99999833817, 99999.99999842732, 99999.99999854623]
J=2.6e-05, ⟨Jf⟩=1.6e-05, ⟨B·n⟩=1.3e-03, Len=sum([2.4, 2.5, 2.4, 2.4, 2.6])=12.3, ϰ=[11.8, 8.4, 6.7, 8.1, 8.9], ∫ϰ²/L>=[18.1, 16.2, 13.5, 17.9, 21.4], C-C-Sep=0.08, ║∇J║=4.0e-04
Iteration 360/2000-----
currents: [100000.0, 99999.99999846311, 99999.99999833699, 99999.99999842649, 99999.99999854623]
J=2.6e-05, ⟨Jf⟩=1.6e-05, ⟨B·n⟩=1.3e-03, Len=sum([2.4, 2.5, 2.4, 2.4, 2.6])=12.3, ϰ=[11.8, 8.4, 6.8, 8.2, 8.9], ∫ϰ²/L>=[18.1, 16.2, 13.5, 18.0, 21.4], C-C-Sep=0.08, ║∇J║=3.9e-04
Iteration 361/2000-----
currents: [100000.0, 99999.99999846207, 99999.999998336, 99999.99999842574, 99999.99999854618]
J=2.6e-05, ⟨Jf⟩=1.6e-05, ⟨B·n⟩=1.3e-03, Len=sum([2.4, 2.5, 2.4, 2.4, 2.6])=12.3, ϰ=[11.8, 8.4, 6.8, 8.2, 8.8], ∫ϰ²/L>=[18.1, 16.1, 13.5, 18.0, 21.4], C-C-Sep=0.08, ║∇J║=4.1e-04
Iteration 362/2000-----
currents: [100000.0, 99999.99999846063, 99999.99999833465, 99999.99999842478, 99999.99999854615]
J=2.6e-05, ⟨Jf⟩=1.6e-05, ⟨B·n⟩=1.3e-03, Len=sum([2.4, 2.5, 2.4, 2.4, 2.6])=12.3, ϰ=[11.8, 8.4, 6.9, 8.3, 8.8], ∫ϰ²/L>=[18.1, 16.1, 13.5, 18.0, 21.4], C-C-Sep=0.08, ║∇J║=4.0e-04
Iteration 363/2000-----
currents: [100000.0, 99999.99999845994, 99999.99999833404, 99999.99999842433, 99999.99999854613]
J=2.6e-05, ⟨Jf⟩=1.6e-05, ⟨B·n⟩=1.3e-03, Len=sum([2.4, 2.5, 2.4, 2.4, 2.6])=12.3, ϰ=[11.9, 8.4, 6.9, 8.4, 8.9], ∫ϰ²/L>=[18.1, 16.1, 13.5, 18.0, 21.4], C-C-Sep=0.08, ║∇J║=3.6e-04
Iteration 364/2000-----
currents: [100000.0, 99999.99999845857, 99999.99999833276, 99999.99999842342, 99999.99999854607]
J=2.6e-05, ⟨Jf⟩=1.6e-05, ⟨B·n⟩=1.3e-03, Len=sum([2.4, 2.5, 2.4, 2.4, 2.6])=12.3, ϰ=[11.9, 8.4, 6.9, 8.4, 8.9], ∫ϰ²/L>=[18.1, 16.1, 13.5, 18.0, 21.4], C-C-Sep=0.08, ║∇J║=4.0e-04
Iteration 365/2000-----
currents: [100000.0, 99999.99999845773, 99999.99999833207, 99999.99999842289, 99999.99999854609]
J=2.6e-05, ⟨Jf⟩=1.5e-05, ⟨B·n⟩=1.3e-03, Len=sum([2.4, 2.5, 2.4, 2.4, 2.6])=12.3, ϰ=[11.9, 8.4, 6.9, 8.5, 8.9], ∫ϰ²/L>=[18.1, 16.1, 13.5, 18.0, 21.4], C-C-Sep=0.08, ║∇J║=5.2e-04
Iteration 366/2000-----
currents: [100000.0, 99999.99999845575, 99999.99999833026, 99999.9999984216, 99999.99999854599]
J=2.6e-05, ⟨Jf⟩=1.5e-05, ⟨B·n⟩=1.3e-03, Len=sum([2.4, 2.5, 2.4, 2.4, 2.6])=12.3, ϰ=[11.9, 8.4, 6.9, 8.5, 8.8], ∫ϰ²/L>=[18.1, 16.1, 13.5, 18.1, 21.4], C-C-Sep=0.08, ║∇J║=4.0e-04
Iteration 367/2000-----
currents: [100000.0, 99999.99999845507, 99999.99999832964, 99999.99999842113, 99999.99999854594]
J=2.6e-05, ⟨Jf⟩=1.5e-05, ⟨B·n⟩=1.3e-03, Len=sum([2.4, 2.5, 2.4, 2.4, 2.6])=12.3, ϰ=[11.9, 8.4, 6.9, 8.5, 8.9], ∫ϰ²/L>=[18.1, 16.1, 13.5, 18.1, 21.4], C-C-Sep=0.08, ║∇J║=3.7e-04
Iteration 368/2000-----
currents: [100000.0, 99999.99999845363, 99999.99999832833, 99999.99999842017, 99999.99999854584]
J=2.6e-05, ⟨Jf⟩=1.5e-05, ⟨B·n⟩=1.3e-03, Len=sum([2.4, 2.5, 2.4, 2.4, 2.6])=12.3, ϰ=[11.9, 8.3, 6.9, 8.6, 8.9], ∫ϰ²/L>=[18.2, 16.1, 13.5, 18.1, 21.4], C-C-Sep=0.08, ║∇J║=4.0e-04
Iteration 369/2000-----
currents: [100000.0, 99999.99999845262, 99999.99999832742, 99999.99999841949, 99999.99999854575]
J=2.6e-05, ⟨Jf⟩=1.5e-05, ⟨B·n⟩=1.2e-03, Len=sum([2.4, 2.5, 2.4, 2.4, 2.6])=12.3, ϰ=[11.9, 8.3, 6.9, 8.6, 8.9], ∫ϰ²/L>=[18.2, 16.1, 13.5, 18.1, 21.4], C-C-Sep=0.08, ║∇J║=3.9e-04
Iteration 370/2000-----
currents: [100000.0, 99999.99999845134, 99999.99999832622, 99999.9999984186, 99999.99999854564]
J=2.6e-05, ⟨Jf⟩=1.5e-05, ⟨B·n⟩=1.2e-03, Len=sum([2.4, 2.5, 2.4, 2.4, 2.6])=12.3, ϰ=[12.0, 8.3, 7.0, 8.7, 8.8], ∫ϰ²/L>=[18.2, 16.1, 13.5, 18.2, 21.4], C-C-Sep=0.08, ║∇J║=3.7e-04
Iteration 371/2000-----
currents: [100000.0, 99999.99999845008, 99999.99999832506, 99999.99999841773, 99999.99999854552]
J=2.6e-05, ⟨Jf⟩=1.5e-05, ⟨B·n⟩=1.2e-03, Len=sum([2.4, 2.5, 2.4, 2.4, 2.6])=12.3, ϰ=[12.0, 8.3, 7.0, 8.7, 8.8], ∫ϰ²/L>=[18.2, 16.0, 13.5, 18.2, 21.4], C-C-Sep=0.08, ║∇J║=4.5e-04
Iteration 372/2000-----
currents: [100000.0, 99999.99999844929, 99999.99999832433, 99999.99999841722, 99999.99999854548]
J=2.5e-05, ⟨Jf⟩=1.5e-05, ⟨B·n⟩=1.2e-03, Len=sum([2.4, 2.5, 2.4, 2.4, 2.6])=12.3, ϰ=[12.0, 8.2, 7.0, 8.8, 8.8], ∫ϰ²/L>=[18.2, 16.0, 13.5, 18.2, 21.4], C-C-Sep=0.08, ║∇J║=3.9e-04
Iteration 373/2000-----
currents: [100000.0, 99999.99999844855, 99999.99999832363, 99999.99999841671, 99999.99999854543]
J=2.5e-05, ⟨Jf⟩=1.5e-05, ⟨B·n⟩=1.2e-03, Len=sum([2.4, 2.5, 2.4, 2.4, 2.6])=12.3, ϰ=[12.0, 8.2, 7.0, 8.7, 8.8], ∫ϰ²/L>=[18.2, 16.0, 13.5, 18.2, 21.4], C-C-Sep=0.08, ║∇J║=3.6e-04
Iteration 374/2000-----
currents: [100000.0, 99999.99999844696, 99999.99999832216, 99999.99999841569, 99999.99999854539]
J=2.5e-05, ⟨Jf⟩=1.5e-05, ⟨B·n⟩=1.2e-03, Len=sum([2.4, 2.5, 2.4, 2.4, 2.6])=12.3, ϰ=[12.0, 8.2, 7.0, 8.7, 8.8], ∫ϰ²/L>=[18.2, 16.0, 13.5, 18.2, 21.3], C-C-Sep=0.08, ║∇J║=4.4e-04
Iteration 375/2000-----
currents: [100000.0, 99999.99999844536, 99999.99999832068, 99999.99999841464, 99999.99999854536]
J=2.5e-05, ⟨Jf⟩=1.5e-05, ⟨B·n⟩=1.2e-03, Len=sum([2.4, 2.5, 2.4, 2.4, 2.6])=12.3, ϰ=[12.0, 8.2, 6.9, 8.7, 8.9], ∫ϰ²/L>=[18.2, 16.0, 13.5, 18.2, 21.3], C-C-Sep=0.08, ║∇J║=4.7e-04
Iteration 376/2000-----
currents: [100000.0, 99999.99999844295, 99999.99999831837, 99999.99999841301, 99999.99999854523]
J=2.5e-05, ⟨Jf⟩=1.5e-05, ⟨B·n⟩=1.2e-03, Len=sum([2.4, 2.5, 2.4, 2.4, 2.6])=12.3, ϰ=[12.0, 8.2, 6.9, 8.7, 8.9], ∫ϰ²/L>=[18.2, 16.0, 13.5, 18.2, 21.3], C-C-Sep=0.08, ║∇J║=4.4e-04
Iteration 377/2000-----
currents: [100000.0, 99999.99999844209, 99999.99999831762, 99999.99999841253, 99999.99999854527]
J=2.5e-05, ⟨Jf⟩=1.5e-05, ⟨B·n⟩=1.2e-03, Len=sum([2.4, 2.5, 2.4, 2.4, 2.6])=12.3, ϰ=[12.0, 8.2, 6.9, 8.7, 8.9], ∫ϰ²/L>=[18.2, 16.0, 13.4, 18.2, 21.3], C-C-Sep=0.08, ║∇J║=4.6e-04
Iteration 378/2000-----
currents: [100000.0, 99999.99999844049, 99999.99999831611, 99999.99999841145, 99999.99999854519]
J=2.5e-05, ⟨Jf⟩=1.5e-05, ⟨B·n⟩=1.2e-03, Len=sum([2.4, 2.5, 2.4, 2.4, 2.6])=12.3, ϰ=[12.0, 8.2, 6.9, 8.8, 8.9], ∫ϰ²/L>=[18.3, 16.0, 13.4, 18.3, 21.3], C-C-Sep=0.08, ║∇J║=4.1e-04
Iteration 379/2000-----
currents: [100000.0, 99999.99999843996, 99999.99999831564, 99999.99999841113, 99999.99999854517]
J=2.5e-05, ⟨Jf⟩=1.5e-05, ⟨B·n⟩=1.2e-03, Len=sum([2.4, 2.5, 2.4, 2.4, 2.6])=12.3, ϰ=[12.0, 8.2, 6.9, 8.8, 8.9], ∫ϰ²/L>=[18.2, 16.0, 13.4, 18.3, 21.3], C-C-Sep=0.08, ║∇J║=4.2e-04
Iteration 380/2000-----
currents: [100000.0, 99999.99999843766, 99999.99999831353, 99999.99999840965, 99999.99999854507]
J=2.5e-05, ⟨Jf⟩=1.5e-05, ⟨B·n⟩=1.2e-03, Len=sum([2.4, 2.5, 2.4, 2.4, 2.6])=12.3, ϰ=[12.0, 8.2, 7.0, 8.8, 8.9], ∫ϰ²/L>=[18.3, 16.0, 13.4, 18.3, 21.4], C-C-Sep=0.08, ║∇J║=4.0e-04
Iteration 381/2000-----
currents: [100000.0, 99999.99999843685, 99999.99999831281, 99999.99999840913, 99999.99999854504]
J=2.5e-05, ⟨Jf⟩=1.5e-05, ⟨B·n⟩=1.2e-03, Len=sum([2.4, 2.5, 2.4, 2.4, 2.6])=12.3, ϰ=[12.0, 8.2, 6.9, 8.8, 8.9], ∫ϰ²/L>=[18.3, 16.0, 13.4, 18.3, 21.4], C-C-Sep=0.08, ║∇J║=3.8e-04
Iteration 382/2000-----
currents: [100000.0, 99999.99999843507, 99999.99999831124, 99999.99999840802, 99999.99999854501]
J=2.5e-05, ⟨Jf⟩=1.5e-05, ⟨B·n⟩=1.2e-03, Len=sum([2.4, 2.5, 2.4, 2.4, 2.6])=12.3, ϰ=[12.0, 8.2, 6.9, 8.8, 9.0], ∫ϰ²/L>=[18.3, 16.0, 13.4, 18.4, 21.3], C-C-Sep=0.08, ║∇J║=4.0e-04
Iteration 383/2000-----
currents: [100000.0, 99999.99999843427, 99999.99999831046, 99999.99999840748, 99999.999998545]
J=2.5e-05, ⟨Jf⟩=1.5e-05, ⟨B·n⟩=1.2e-03, Len=sum([2.4, 2.5, 2.4, 2.4, 2.6])=12.3, ϰ=[12.0, 8.2, 6.9, 8.8, 9.0], ∫ϰ²/L>=[18.3, 16.0, 13.4, 18.4, 21.3], C-C-Sep=0.08, ║∇J║=3.6e-04
Iteration 384/2000-----
currents: [100000.0, 99999.99999843279, 99999.99999830911, 99999.99999840654, 99999.99999854498]
J=2.5e-05, ⟨Jf⟩=1.5e-05, ⟨B·n⟩=1.2e-03, Len=sum([2.4, 2.5, 2.4, 2.4, 2.6])=12.3, ϰ=[12.1, 8.2, 6.8, 8.8, 9.0], ∫ϰ²/L>=[18.3, 16.0, 13.4, 18.4, 21.3], C-C-Sep=0.08, ║∇J║=3.5e-04
Iteration 385/2000-----
currents: [100000.0, 99999.99999843184, 99999.99999830821, 99999.99999840592, 99999.99999854498]
J=2.5e-05, ⟨Jf⟩=1.5e-05, ⟨B·n⟩=1.2e-03, Len=sum([2.4, 2.5, 2.4, 2.4, 2.6])=12.3, ϰ=[12.1, 8.2, 6.7, 8.9, 9.0], ∫ϰ²/L>=[18.3, 16.0, 13.4, 18.4, 21.3], C-C-Sep=0.08, ║∇J║=4.0e-04
Iteration 386/2000-----
currents: [100000.0, 99999.99999842963, 99999.99999830617, 99999.99999840453, 99999.99999854494]
J=2.5e-05, ⟨Jf⟩=1.5e-05, ⟨B·n⟩=1.2e-03, Len=sum([2.4, 2.5, 2.4, 2.4, 2.6])=12.3, ϰ=[12.1, 8.2, 6.7, 9.0, 9.0], ∫ϰ²/L>=[18.3, 16.0, 13.4, 18.5, 21.3], C-C-Sep=0.08, ║∇J║=3.8e-04
Iteration 387/2000-----
currents: [100000.0, 99999.99999842848, 99999.99999830512, 99999.9999984038, 99999.9999985449]
J=2.5e-05, ⟨Jf⟩=1.5e-05, ⟨B·n⟩=1.2e-03, Len=sum([2.4, 2.5, 2.4, 2.4, 2.6])=12.3, ϰ=[12.1, 8.2, 6.7, 9.0, 9.0], ∫ϰ²/L>=[18.3, 16.0, 13.4, 18.5, 21.3], C-C-Sep=0.08, ║∇J║=3.9e-04
Iteration 388/2000-----
currents: [100000.0, 99999.99999842611, 99999.99999830294, 99999.99999840227, 99999.9999985448]
J=2.5e-05, ⟨Jf⟩=1.5e-05, ⟨B·n⟩=1.2e-03, Len=sum([2.4, 2.5, 2.4, 2.4, 2.6])=12.3, ϰ=[12.0, 8.2, 6.7, 9.1, 9.0], ∫ϰ²/L>=[18.3, 16.0, 13.4, 18.6, 21.3], C-C-Sep=0.08, ║∇J║=3.4e-04
Iteration 389/2000-----
currents: [100000.0, 99999.9999984248, 99999.99999830176, 99999.99999840141, 99999.99999854472]
J=2.5e-05, ⟨Jf⟩=1.5e-05, ⟨B·n⟩=1.2e-03, Len=sum([2.4, 2.5, 2.4, 2.4, 2.6])=12.3, ϰ=[12.0, 8.2, 6.7, 9.1, 9.1], ∫ϰ²/L>=[18.3, 16.0, 13.4, 18.6, 21.3], C-C-Sep=0.08, ║∇J║=3.5e-04
Iteration 390/2000-----
currents: [100000.0, 99999.99999842352, 99999.99999830063, 99999.9999984006, 99999.99999854468]
J=2.5e-05, ⟨Jf⟩=1.5e-05, ⟨B·n⟩=1.2e-03, Len=sum([2.4, 2.5, 2.4, 2.4, 2.6])=12.3, ϰ=[12.0, 8.2, 6.7, 9.1, 9.1], ∫ϰ²/L>=[18.3, 16.0, 13.4, 18.6, 21.3], C-C-Sep=0.08, ║∇J║=3.0e-04
Iteration 391/2000-----
currents: [100000.0, 99999.99999842265, 99999.99999829983, 99999.99999840002, 99999.99999854468]
J=2.5e-05, ⟨Jf⟩=1.5e-05, ⟨B·n⟩=1.2e-03, Len=sum([2.4, 2.5, 2.4, 2.4, 2.6])=12.3, ϰ=[12.0, 8.2, 6.7, 9.1, 9.1], ∫ϰ²/L>=[18.3, 16.0, 13.3, 18.6, 21.2], C-C-Sep=0.08, ║∇J║=3.4e-04
Iteration 392/2000-----
currents: [100000.0, 99999.99999842136, 99999.99999829866, 99999.99999839922, 99999.99999854472]
J=2.5e-05, ⟨Jf⟩=1.5e-05, ⟨B·n⟩=1.2e-03, Len=sum([2.4, 2.5, 2.4, 2.4, 2.6])=12.3, ϰ=[12.0, 8.2, 6.7, 9.2, 9.2], ∫ϰ²/L>=[18.3, 15.9, 13.3, 18.6, 21.2], C-C-Sep=0.08, ║∇J║=3.7e-04
Iteration 393/2000-----
currents: [100000.0, 99999.99999842033, 99999.9999982977, 99999.99999839856, 99999.99999854478]
J=2.5e-05, ⟨Jf⟩=1.5e-05, ⟨B·n⟩=1.2e-03, Len=sum([2.4, 2.5, 2.4, 2.4, 2.6])=12.3, ϰ=[12.0, 8.2, 6.7, 9.2, 9.2], ∫ϰ²/L>=[18.3, 15.9, 13.3, 18.7, 21.2], C-C-Sep=0.08, ║∇J║=4.5e-04
Iteration 394/2000-----
currents: [100000.0, 99999.99999841892, 99999.99999829632, 99999.99999839764, 99999.99999854481]
J=2.5e-05, ⟨Jf⟩=1.5e-05, ⟨B·n⟩=1.2e-03, Len=sum([2.4, 2.5, 2.4, 2.4, 2.6])=12.3, ϰ=[12.0, 8.2, 6.7, 9.3, 9.2], ∫ϰ²/L>=[18.3, 15.9, 13.3, 18.7, 21.2], C-C-Sep=0.08, ║∇J║=4.1e-04
Iteration 395/2000-----
currents: [100000.0, 99999.99999841723, 99999.99999829466, 99999.99999839648, 99999.99999854476]
J=2.5e-05, ⟨Jf⟩=1.5e-05, ⟨B·n⟩=1.2e-03, Len=sum([2.4, 2.5, 2.4, 2.4, 2.6])=12.3, ϰ=[12.0, 8.2, 6.7, 9.3, 9.2], ∫ϰ²/L>=[18.3, 15.9, 13.3, 18.7, 21.2], C-C-Sep=0.08, ║∇J║=4.3e-04
Iteration 396/2000-----
currents: [100000.0, 99999.9999984161, 99999.99999829356, 99999.99999839571, 99999.99999854474]
J=2.5e-05, ⟨Jf⟩=1.5e-05, ⟨B·n⟩=1.2e-03, Len=sum([2.4, 2.5, 2.4, 2.4, 2.6])=12.3, ϰ=[11.9, 8.1, 6.8, 9.4, 9.2], ∫ϰ²/L>=[18.3, 15.9, 13.3, 18.7, 21.2], C-C-Sep=0.08, ║∇J║=3.4e-04
Iteration 397/2000-----
currents: [100000.0, 99999.999998414, 99999.99999829153, 99999.99999839423, 99999.9999985446]
J=2.5e-05, ⟨Jf⟩=1.5e-05, ⟨B·n⟩=1.2e-03, Len=sum([2.4, 2.5, 2.4, 2.4, 2.6])=12.3, ϰ=[11.9, 8.1, 6.8, 9.4, 9.3], ∫ϰ²/L>=[18.3, 15.9, 13.3, 18.7, 21.2], C-C-Sep=0.08, ║∇J║=3.4e-04
Iteration 398/2000-----
currents: [100000.0, 99999.99999841157, 99999.9999982892, 99999.99999839254, 99999.99999854449]
J=2.5e-05, ⟨Jf⟩=1.5e-05, ⟨B·n⟩=1.2e-03, Len=sum([2.4, 2.5, 2.4, 2.4, 2.6])=12.3, ϰ=[11.9, 8.0, 6.8, 9.4, 9.3], ∫ϰ²/L>=[18.3, 15.9, 13.3, 18.7, 21.2], C-C-Sep=0.08, ║∇J║=4.1e-04
Iteration 399/2000-----
currents: [100000.0, 99999.99999840932, 99999.999998287, 99999.99999839092, 99999.99999854437]
J=2.5e-05, ⟨Jf⟩=1.5e-05, ⟨B·n⟩=1.2e-03, Len=sum([2.4, 2.5, 2.4, 2.4, 2.6])=12.3, ϰ=[12.0, 7.9, 6.9, 9.5, 9.3], ∫ϰ²/L>=[18.3, 15.9, 13.3, 18.8, 21.2], C-C-Sep=0.08, ║∇J║=3.8e-04
Iteration 400/2000-----
currents: [100000.0, 99999.99999840716, 99999.99999828494, 99999.99999838944, 99999.9999985443]
J=2.5e-05, ⟨Jf⟩=1.5e-05, ⟨B·n⟩=1.2e-03, Len=sum([2.4, 2.5, 2.4, 2.4, 2.6])=12.3, ϰ=[12.0, 7.9, 6.9, 9.5, 9.4], ∫ϰ²/L>=[18.4, 15.9, 13.3, 18.8, 21.1], C-C-Sep=0.08, ║∇J║=3.4e-04
Iteration 401/2000-----
currents: [100000.0, 99999.99999840598, 99999.99999828379, 99999.99999838865, 99999.99999854434]
J=2.5e-05, ⟨Jf⟩=1.5e-05, ⟨B·n⟩=1.2e-03, Len=sum([2.4, 2.5, 2.4, 2.4, 2.6])=12.3, ϰ=[12.1, 7.8, 6.9, 9.5, 9.4], ∫ϰ²/L>=[18.4, 15.9, 13.3, 18.8, 21.1], C-C-Sep=0.08, ║∇J║=4.3e-04
Iteration 402/2000-----
currents: [100000.0, 99999.99999840322, 99999.99999828122, 99999.9999983869, 99999.99999854434]
J=2.5e-05, ⟨Jf⟩=1.5e-05, ⟨B·n⟩=1.2e-03, Len=sum([2.4, 2.5, 2.4, 2.4, 2.6])=12.3, ϰ=[12.1, 7.7, 6.9, 9.6, 9.5], ∫ϰ²/L>=[18.4, 15.9, 13.3, 18.8, 21.1], C-C-Sep=0.08, ║∇J║=4.1e-04
Iteration 403/2000-----
currents: [100000.0, 99999.99999840317, 99999.99999828119, 99999.99999838693, 99999.99999854442]
J=2.5e-05, ⟨Jf⟩=1.5e-05, ⟨B·n⟩=1.2e-03, Len=sum([2.4, 2.5, 2.4, 2.4, 2.6])=12.3, ϰ=[12.1, 7.7, 6.9, 9.5, 9.4], ∫ϰ²/L>=[18.5, 15.8, 13.3, 18.8, 21.1], C-C-Sep=0.08, ║∇J║=4.2e-04
Iteration 404/2000-----
currents: [100000.0, 99999.99999839942, 99999.99999827778, 99999.99999838459, 99999.9999985444]
J=2.5e-05, ⟨Jf⟩=1.5e-05, ⟨B·n⟩=1.2e-03, Len=sum([2.4, 2.5, 2.4, 2.4, 2.6])=12.3, ϰ=[12.1, 7.6, 7.0, 9.6, 9.5], ∫ϰ²/L>=[18.5, 15.8, 13.3, 18.8, 21.1], C-C-Sep=0.08, ║∇J║=5.1e-04
Iteration 405/2000-----
currents: [100000.0, 99999.99999839978, 99999.99999827814, 99999.99999838487, 99999.99999854444]
J=2.5e-05, ⟨Jf⟩=1.5e-05, ⟨B·n⟩=1.2e-03, Len=sum([2.4, 2.5, 2.4, 2.4, 2.6])=12.3, ϰ=[12.1, 7.6, 7.0, 9.5, 9.4], ∫ϰ²/L>=[18.5, 15.8, 13.3, 18.8, 21.1], C-C-Sep=0.08, ║∇J║=4.3e-04
Iteration 406/2000-----
currents: [100000.0, 99999.99999839855, 99999.99999827698, 99999.99999838397, 99999.99999854433]
J=2.5e-05, ⟨Jf⟩=1.5e-05, ⟨B·n⟩=1.2e-03, Len=sum([2.4, 2.5, 2.4, 2.4, 2.6])=12.3, ϰ=[12.1, 7.6, 7.0, 9.5, 9.4], ∫ϰ²/L>=[18.5, 15.8, 13.3, 18.7, 21.1], C-C-Sep=0.08, ║∇J║=4.1e-04
Iteration 407/2000-----
currents: [100000.0, 99999.99999839574, 99999.9999982743, 99999.99999838197, 99999.99999854414]
J=2.5e-05, ⟨Jf⟩=1.5e-05, ⟨B·n⟩=1.2e-03, Len=sum([2.4, 2.5, 2.4, 2.4, 2.6])=12.3, ϰ=[12.1, 7.6, 7.0, 9.6, 9.4], ∫ϰ²/L>=[18.6, 15.8, 13.3, 18.7, 21.0], C-C-Sep=0.08, ║∇J║=3.9e-04
Iteration 408/2000-----
currents: [100000.0, 99999.99999839277, 99999.99999827144, 99999.99999837989, 99999.99999854396]
J=2.5e-05, ⟨Jf⟩=1.5e-05, ⟨B·n⟩=1.2e-03, Len=sum([2.4, 2.5, 2.4, 2.4, 2.6])=12.3, ϰ=[12.2, 7.6, 7.0, 9.6, 9.4], ∫ϰ²/L>=[18.6, 15.9, 13.3, 18.7, 21.0], C-C-Sep=0.08, ║∇J║=4.4e-04
Iteration 409/2000-----
currents: [100000.0, 99999.99999838897, 99999.99999826765, 99999.99999837714, 99999.99999854367]
J=2.5e-05, ⟨Jf⟩=1.5e-05, ⟨B·n⟩=1.2e-03, Len=sum([2.4, 2.5, 2.4, 2.4, 2.6])=12.3, ϰ=[12.2, 7.5, 7.0, 9.7, 9.5], ∫ϰ²/L>=[18.7, 15.8, 13.2, 18.7, 21.0], C-C-Sep=0.08, ║∇J║=5.2e-04
Iteration 410/2000-----
currents: [100000.0, 99999.99999838526, 99999.99999826396, 99999.9999983745, 99999.99999854343]
J=2.5e-05, ⟨Jf⟩=1.5e-05, ⟨B·n⟩=1.2e-03, Len=sum([2.4, 2.5, 2.4, 2.4, 2.6])=12.3, ϰ=[12.2, 7.5, 7.1, 9.7, 9.5], ∫ϰ²/L>=[18.7, 15.8, 13.2, 18.7, 21.0], C-C-Sep=0.08, ║∇J║=5.2e-04
Iteration 411/2000-----
currents: [100000.0, 99999.99999838238, 99999.99999826103, 99999.99999837241, 99999.9999985432]
J=2.5e-05, ⟨Jf⟩=1.4e-05, ⟨B·n⟩=1.2e-03, Len=sum([2.4, 2.5, 2.4, 2.4, 2.6])=12.3, ϰ=[12.2, 7.5, 7.1, 9.7, 9.6], ∫ϰ²/L>=[18.7, 15.8, 13.2, 18.6, 21.0], C-C-Sep=0.08, ║∇J║=4.8e-04
Iteration 412/2000-----
currents: [100000.0, 99999.99999838103, 99999.99999825975, 99999.9999983715, 99999.99999854314]
J=2.5e-05, ⟨Jf⟩=1.4e-05, ⟨B·n⟩=1.2e-03, Len=sum([2.4, 2.5, 2.4, 2.4, 2.6])=12.3, ϰ=[12.1, 7.5, 7.1, 9.7, 9.6], ∫ϰ²/L>=[18.7, 15.8, 13.2, 18.6, 21.0], C-C-Sep=0.08, ║∇J║=4.3e-04
Iteration 413/2000-----
currents: [100000.0, 99999.99999837902, 99999.99999825782, 99999.99999837016, 99999.99999854308]
J=2.5e-05, ⟨Jf⟩=1.4e-05, ⟨B·n⟩=1.2e-03, Len=sum([2.4, 2.5, 2.4, 2.4, 2.6])=12.3, ϰ=[12.1, 7.5, 7.1, 9.7, 9.6], ∫ϰ²/L>=[18.7, 15.8, 13.2, 18.6, 21.0], C-C-Sep=0.08, ║∇J║=4.5e-04
Iteration 414/2000-----
currents: [100000.0, 99999.99999837868, 99999.99999825764, 99999.99999837003, 99999.99999854309]
J=2.5e-05, ⟨Jf⟩=1.4e-05, ⟨B·n⟩=1.2e-03, Len=sum([2.4, 2.5, 2.4, 2.4, 2.6])=12.3, ϰ=[12.1, 7.5, 7.1, 9.7, 9.6], ∫ϰ²/L>=[18.7, 15.8, 13.2, 18.6, 21.0], C-C-Sep=0.08, ║∇J║=5.0e-04
Iteration 415/2000-----
currents: [100000.0, 99999.99999837305, 99999.9999982523, 99999.99999836624, 99999.99999854289]
J=2.5e-05, ⟨Jf⟩=1.4e-05, ⟨B·n⟩=1.2e-03, Len=sum([2.4, 2.5, 2.4, 2.4, 2.6])=12.3, ϰ=[12.2, 7.5, 7.2, 9.8, 9.6], ∫ϰ²/L>=[18.7, 15.9, 13.2, 18.7, 21.0], C-C-Sep=0.08, ║∇J║=6.5e-04
Iteration 416/2000-----
currents: [100000.0, 99999.99999837196, 99999.99999825106, 99999.99999836535, 99999.9999985427]
J=2.5e-05, ⟨Jf⟩=1.4e-05, ⟨B·n⟩=1.1e-03, Len=sum([2.4, 2.5, 2.4, 2.4, 2.6])=12.3, ϰ=[12.2, 7.5, 7.1, 9.8, 9.6], ∫ϰ²/L>=[18.7, 15.9, 13.2, 18.6, 21.0], C-C-Sep=0.08, ║∇J║=6.2e-04
Iteration 417/2000-----
currents: [100000.0, 99999.99999836736, 99999.99999824655, 99999.9999983621, 99999.9999985423]
J=2.4e-05, ⟨Jf⟩=1.4e-05, ⟨B·n⟩=1.1e-03, Len=sum([2.4, 2.5, 2.4, 2.4, 2.6])=12.3, ϰ=[12.2, 7.5, 7.0, 9.8, 9.6], ∫ϰ²/L>=[18.7, 15.9, 13.2, 18.6, 21.0], C-C-Sep=0.08, ║∇J║=5.6e-04
Iteration 418/2000-----
currents: [100000.0, 99999.99999836645, 99999.99999824536, 99999.99999836125, 99999.99999854209]
J=2.4e-05, ⟨Jf⟩=1.4e-05, ⟨B·n⟩=1.1e-03, Len=sum([2.4, 2.5, 2.4, 2.4, 2.6])=12.3, ϰ=[12.2, 7.6, 6.9, 9.7, 9.7], ∫ϰ²/L>=[18.7, 15.9, 13.2, 18.6, 20.9], C-C-Sep=0.08, ║∇J║=5.8e-04
Iteration 419/2000-----
currents: [100000.0, 99999.99999836365, 99999.99999824242, 99999.99999835911, 99999.99999854175]
J=2.4e-05, ⟨Jf⟩=1.4e-05, ⟨B·n⟩=1.1e-03, Len=sum([2.4, 2.5, 2.4, 2.4, 2.6])=12.3, ϰ=[12.2, 7.6, 6.9, 9.8, 9.7], ∫ϰ²/L>=[18.7, 16.0, 13.1, 18.6, 20.9], C-C-Sep=0.08, ║∇J║=4.6e-04
Iteration 420/2000-----
currents: [100000.0, 99999.99999836134, 99999.99999824003, 99999.99999835738, 99999.99999854153]
J=2.4e-05, ⟨Jf⟩=1.4e-05, ⟨B·n⟩=1.1e-03, Len=sum([2.4, 2.5, 2.4, 2.4, 2.6])=12.3, ϰ=[12.2, 7.6, 6.9, 9.7, 9.8], ∫ϰ²/L>=[18.7, 16.0, 13.1, 18.6, 20.9], C-C-Sep=0.08, ║∇J║=4.4e-04
Iteration 421/2000-----
currents: [100000.0, 99999.99999835932, 99999.99999823795, 99999.99999835588, 99999.99999854136]
J=2.4e-05, ⟨Jf⟩=1.4e-05, ⟨B·n⟩=1.1e-03, Len=sum([2.4, 2.5, 2.4, 2.4, 2.6])=12.3, ϰ=[12.2, 7.6, 6.9, 9.7, 9.8], ∫ϰ²/L>=[18.6, 15.9, 13.1, 18.6, 20.9], C-C-Sep=0.08, ║∇J║=6.1e-04
Iteration 422/2000-----
currents: [100000.0, 99999.99999835799, 99999.99999823664, 99999.99999835496, 99999.99999854133]
J=2.4e-05, ⟨Jf⟩=1.4e-05, ⟨B·n⟩=1.1e-03, Len=sum([2.4, 2.5, 2.4, 2.4, 2.6])=12.3, ϰ=[12.2, 7.5, 6.9, 9.7, 9.8], ∫ϰ²/L>=[18.6, 15.9, 13.1, 18.5, 20.9], C-C-Sep=0.08, ║∇J║=5.5e-04
Iteration 423/2000-----
currents: [100000.0, 99999.9999983553, 99999.99999823407, 99999.99999835313, 99999.99999854124]
J=2.4e-05, ⟨Jf⟩=1.4e-05, ⟨B·n⟩=1.1e-03, Len=sum([2.4, 2.5, 2.4, 2.4, 2.6])=12.3, ϰ=[12.2, 7.5, 7.0, 9.8, 9.8], ∫ϰ²/L>=[18.6, 15.9, 13.1, 18.6, 20.9], C-C-Sep=0.08, ║∇J║=5.6e-04
Iteration 424/2000-----
currents: [100000.0, 99999.99999835537, 99999.99999823414, 99999.9999983532, 99999.99999854129]
J=2.4e-05, ⟨Jf⟩=1.4e-05, ⟨B·n⟩=1.1e-03, Len=sum([2.4, 2.5, 2.4, 2.4, 2.6])=12.3, ϰ=[12.2, 7.5, 7.0, 9.7, 9.8], ∫ϰ²/L>=[18.6, 15.9, 13.1, 18.6, 20.8], C-C-Sep=0.08, ║∇J║=7.0e-04
Iteration 425/2000-----
currents: [100000.0, 99999.99999835367, 99999.99999823244, 99999.99999835198, 99999.9999985412]
J=2.4e-05, ⟨Jf⟩=1.4e-05, ⟨B·n⟩=1.1e-03, Len=sum([2.4, 2.5, 2.4, 2.4, 2.6])=12.3, ϰ=[12.2, 7.5, 7.0, 9.7, 9.8], ∫ϰ²/L>=[18.6, 15.9, 13.1, 18.6, 20.8], C-C-Sep=0.08, ║∇J║=4.9e-04
Iteration 426/2000-----
currents: [100000.0, 99999.99999835303, 99999.99999823175, 99999.99999835146, 99999.99999854111]
J=2.4e-05, ⟨Jf⟩=1.4e-05, ⟨B·n⟩=1.1e-03, Len=sum([2.4, 2.5, 2.4, 2.4, 2.6])=12.3, ϰ=[12.2, 7.5, 7.0, 9.7, 9.8], ∫ϰ²/L>=[18.6, 15.9, 13.0, 18.6, 20.8], C-C-Sep=0.08, ║∇J║=4.6e-04
Iteration 427/2000-----
currents: [100000.0, 99999.99999835122, 99999.99999822985, 99999.99999835006, 99999.99999854097]
J=2.4e-05, ⟨Jf⟩=1.4e-05, ⟨B·n⟩=1.1e-03, Len=sum([2.4, 2.5, 2.4, 2.4, 2.6])=12.3, ϰ=[12.1, 7.5, 7.0, 9.6, 9.9], ∫ϰ²/L>=[18.6, 15.9, 13.0, 18.6, 20.8], C-C-Sep=0.08, ║∇J║=4.7e-04
Iteration 428/2000-----
currents: [100000.0, 99999.99999835243, 99999.99999823095, 99999.99999835082, 99999.99999854104]
J=2.4e-05, ⟨Jf⟩=1.4e-05, ⟨B·n⟩=1.1e-03, Len=sum([2.4, 2.5, 2.4, 2.4, 2.6])=12.3, ϰ=[12.1, 7.6, 7.0, 9.5, 9.8], ∫ϰ²/L>=[18.6, 15.9, 13.0, 18.6, 20.8], C-C-Sep=0.08, ║∇J║=7.8e-04
Iteration 429/2000-----
currents: [100000.0, 99999.99999834945, 99999.99999822804, 99999.99999834877, 99999.99999854091]
J=2.4e-05, ⟨Jf⟩=1.4e-05, ⟨B·n⟩=1.1e-03, Len=sum([2.4, 2.5, 2.4, 2.4, 2.6])=12.3, ϰ=[12.1, 7.6, 7.0, 9.5, 9.9], ∫ϰ²/L>=[18.6, 15.9, 13.0, 18.6, 20.8], C-C-Sep=0.08, ║∇J║=4.9e-04
Iteration 430/2000-----
currents: [100000.0, 99999.99999834872, 99999.99999822734, 99999.99999834828, 99999.99999854094]
J=2.4e-05, ⟨Jf⟩=1.4e-05, ⟨B·n⟩=1.1e-03, Len=sum([2.4, 2.5, 2.4, 2.4, 2.6])=12.3, ϰ=[12.1, 7.6, 7.0, 9.6, 9.9], ∫ϰ²/L>=[18.6, 15.9, 13.0, 18.6, 20.8], C-C-Sep=0.08, ║∇J║=5.1e-04
Iteration 431/2000-----
currents: [100000.0, 99999.9999983478, 99999.99999822646, 99999.99999834769, 99999.99999854092]
J=2.4e-05, ⟨Jf⟩=1.4e-05, ⟨B·n⟩=1.1e-03, Len=sum([2.4, 2.5, 2.4, 2.4, 2.6])=12.3, ϰ=[12.2, 7.6, 7.0, 9.6, 9.9], ∫ϰ²/L>=[18.6, 15.9, 13.0, 18.6, 20.8], C-C-Sep=0.08, ║∇J║=4.9e-04
Iteration 432/2000-----
currents: [100000.0, 99999.99999834661, 99999.9999982254, 99999.99999834699, 99999.99999854098]
J=2.4e-05, ⟨Jf⟩=1.4e-05, ⟨B·n⟩=1.1e-03, Len=sum([2.4, 2.5, 2.4, 2.4, 2.6])=12.3, ϰ=[12.1, 7.5, 7.0, 9.6, 9.9], ∫ϰ²/L>=[18.6, 15.9, 13.0, 18.6, 20.7], C-C-Sep=0.08, ║∇J║=5.9e-04
Iteration 433/2000-----
currents: [100000.0, 99999.99999834508, 99999.99999822387, 99999.99999834594, 99999.99999854092]
J=2.4e-05, ⟨Jf⟩=1.4e-05, ⟨B·n⟩=1.1e-03, Len=sum([2.4, 2.5, 2.4, 2.4, 2.6])=12.3, ϰ=[12.1, 7.5, 7.0, 9.6, 10.0], ∫ϰ²/L>=[18.6, 16.0, 12.9, 18.6, 20.7], C-C-Sep=0.08, ║∇J║=5.0e-04
Iteration 434/2000-----
currents: [100000.0, 99999.99999834406, 99999.99999822289, 99999.99999834524, 99999.99999854086]
J=2.4e-05, ⟨Jf⟩=1.4e-05, ⟨B·n⟩=1.1e-03, Len=sum([2.4, 2.5, 2.4, 2.4, 2.6])=12.3, ϰ=[12.1, 7.5, 7.0, 9.6, 10.0], ∫ϰ²/L>=[18.6, 15.9, 12.9, 18.6, 20.7], C-C-Sep=0.08, ║∇J║=5.1e-04
Iteration 435/2000-----
currents: [100000.0, 99999.99999834292, 99999.99999822181, 99999.9999983445, 99999.99999854085]
J=2.4e-05, ⟨Jf⟩=1.4e-05, ⟨B·n⟩=1.1e-03, Len=sum([2.4, 2.5, 2.4, 2.4, 2.6])=12.3, ϰ=[12.1, 7.5, 7.0, 9.5, 10.0], ∫ϰ²/L>=[18.6, 15.9, 12.9, 18.6, 20.7], C-C-Sep=0.08, ║∇J║=5.8e-04
Iteration 436/2000-----
currents: [100000.0, 99999.99999834143, 99999.99999822043, 99999.99999834353, 99999.9999985408]
J=2.4e-05, ⟨Jf⟩=1.4e-05, ⟨B·n⟩=1.1e-03, Len=sum([2.4, 2.5, 2.4, 2.4, 2.6])=12.3, ϰ=[12.1, 7.5, 6.9, 9.6, 10.0], ∫ϰ²/L>=[18.6, 15.9, 12.9, 18.6, 20.7], C-C-Sep=0.08, ║∇J║=5.5e-04
Iteration 437/2000-----
currents: [100000.0, 99999.99999834129, 99999.99999822034, 99999.99999834342, 99999.99999854076]
J=2.4e-05, ⟨Jf⟩=1.4e-05, ⟨B·n⟩=1.1e-03, Len=sum([2.4, 2.5, 2.4, 2.4, 2.6])=12.3, ϰ=[12.2, 7.5, 6.9, 9.6, 10.0], ∫ϰ²/L>=[18.6, 15.9, 12.9, 18.6, 20.6], C-C-Sep=0.08, ║∇J║=4.6e-04
Iteration 438/2000-----
currents: [100000.0, 99999.99999833977, 99999.99999821898, 99999.99999834246, 99999.99999854076]
J=2.4e-05, ⟨Jf⟩=1.4e-05, ⟨B·n⟩=1.1e-03, Len=sum([2.4, 2.5, 2.4, 2.4, 2.6])=12.3, ϰ=[12.2, 7.6, 6.9, 9.6, 10.0], ∫ϰ²/L>=[18.5, 15.9, 12.8, 18.6, 20.6], C-C-Sep=0.08, ║∇J║=5.3e-04
Iteration 439/2000-----
currents: [100000.0, 99999.99999833877, 99999.99999821807, 99999.9999983418, 99999.99999854073]
J=2.4e-05, ⟨Jf⟩=1.4e-05, ⟨B·n⟩=1.1e-03, Len=sum([2.4, 2.5, 2.4, 2.4, 2.6])=12.3, ϰ=[12.2, 7.6, 6.9, 9.6, 10.0], ∫ϰ²/L>=[18.6, 15.9, 12.8, 18.6, 20.6], C-C-Sep=0.08, ║∇J║=5.4e-04
Iteration 440/2000-----
currents: [100000.0, 99999.99999833739, 99999.99999821678, 99999.99999834082, 99999.99999854066]
J=2.4e-05, ⟨Jf⟩=1.4e-05, ⟨B·n⟩=1.1e-03, Len=sum([2.4, 2.5, 2.4, 2.4, 2.6])=12.3, ϰ=[12.3, 7.6, 6.9, 9.6, 10.0], ∫ϰ²/L>=[18.6, 15.9, 12.8, 18.6, 20.6], C-C-Sep=0.08, ║∇J║=4.8e-04
Iteration 441/2000-----
currents: [100000.0, 99999.99999833554, 99999.999998215, 99999.99999833952, 99999.9999985406]
J=2.4e-05, ⟨Jf⟩=1.4e-05, ⟨B·n⟩=1.1e-03, Len=sum([2.4, 2.5, 2.4, 2.4, 2.6])=12.3, ϰ=[12.3, 7.6, 6.9, 9.6, 10.1], ∫ϰ²/L>=[18.6, 15.9, 12.8, 18.6, 20.6], C-C-Sep=0.08, ║∇J║=7.1e-04
Iteration 442/2000-----
currents: [100000.0, 99999.99999833519, 99999.9999982147, 99999.99999833929, 99999.99999854059]
J=2.4e-05, ⟨Jf⟩=1.4e-05, ⟨B·n⟩=1.1e-03, Len=sum([2.4, 2.5, 2.4, 2.4, 2.6])=12.3, ϰ=[12.2, 7.6, 6.9, 9.6, 10.1], ∫ϰ²/L>=[18.6, 15.9, 12.8, 18.6, 20.6], C-C-Sep=0.08, ║∇J║=4.3e-04
Iteration 443/2000-----
currents: [100000.0, 99999.99999833385, 99999.99999821337, 99999.9999983383, 99999.99999854046]
J=2.4e-05, ⟨Jf⟩=1.4e-05, ⟨B·n⟩=1.1e-03, Len=sum([2.4, 2.5, 2.4, 2.4, 2.6])=12.3, ϰ=[12.2, 7.6, 6.9, 9.6, 10.1], ∫ϰ²/L>=[18.6, 15.9, 12.8, 18.6, 20.6], C-C-Sep=0.08, ║∇J║=4.3e-04
Iteration 444/2000-----
currents: [100000.0, 99999.99999833383, 99999.99999821337, 99999.99999833823, 99999.99999854038]
J=2.4e-05, ⟨Jf⟩=1.4e-05, ⟨B·n⟩=1.1e-03, Len=sum([2.4, 2.5, 2.4, 2.4, 2.6])=12.3, ϰ=[12.2, 7.6, 6.9, 9.5, 10.1], ∫ϰ²/L>=[18.6, 15.9, 12.8, 18.6, 20.6], C-C-Sep=0.08, ║∇J║=5.3e-04
Iteration 445/2000-----
currents: [100000.0, 99999.99999833114, 99999.99999821078, 99999.99999833626, 99999.99999854012]
J=2.4e-05, ⟨Jf⟩=1.4e-05, ⟨B·n⟩=1.1e-03, Len=sum([2.4, 2.5, 2.4, 2.4, 2.6])=12.3, ϰ=[12.2, 7.6, 6.8, 9.5, 10.1], ∫ϰ²/L>=[18.6, 15.9, 12.8, 18.6, 20.5], C-C-Sep=0.08, ║∇J║=6.7e-04
Iteration 446/2000-----
currents: [100000.0, 99999.99999833046, 99999.99999821014, 99999.99999833568, 99999.99999853996]
J=2.4e-05, ⟨Jf⟩=1.4e-05, ⟨B·n⟩=1.1e-03, Len=sum([2.4, 2.5, 2.4, 2.4, 2.6])=12.3, ϰ=[12.2, 7.7, 6.8, 9.5, 10.1], ∫ϰ²/L>=[18.6, 15.9, 12.8, 18.6, 20.5], C-C-Sep=0.08, ║∇J║=5.0e-04
Iteration 447/2000-----
currents: [100000.0, 99999.99999833028, 99999.99999820997, 99999.9999983355, 99999.99999853988]
J=2.4e-05, ⟨Jf⟩=1.4e-05, ⟨B·n⟩=1.1e-03, Len=sum([2.4, 2.5, 2.4, 2.4, 2.6])=12.3, ϰ=[12.2, 7.7, 6.8, 9.5, 10.1], ∫ϰ²/L>=[18.6, 16.0, 12.8, 18.6, 20.5], C-C-Sep=0.08, ║∇J║=4.1e-04
Iteration 448/2000-----
currents: [100000.0, 99999.99999832973, 99999.9999982094, 99999.99999833501, 99999.99999853973]
J=2.4e-05, ⟨Jf⟩=1.4e-05, ⟨B·n⟩=1.1e-03, Len=sum([2.4, 2.5, 2.4, 2.4, 2.6])=12.3, ϰ=[12.2, 7.7, 6.8, 9.5, 10.1], ∫ϰ²/L>=[18.6, 16.0, 12.8, 18.6, 20.5], C-C-Sep=0.08, ║∇J║=4.5e-04
Iteration 449/2000-----
currents: [100000.0, 99999.99999832876, 99999.99999820838, 99999.99999833421, 99999.99999853956]
J=2.4e-05, ⟨Jf⟩=1.4e-05, ⟨B·n⟩=1.1e-03, Len=sum([2.4, 2.5, 2.4, 2.4, 2.6])=12.3, ϰ=[12.2, 7.7, 6.8, 9.4, 10.1], ∫ϰ²/L>=[18.6, 16.0, 12.8, 18.6, 20.5], C-C-Sep=0.08, ║∇J║=5.1e-04
Iteration 450/2000-----
currents: [100000.0, 99999.9999983281, 99999.99999820774, 99999.99999833372, 99999.99999853945]
J=2.4e-05, ⟨Jf⟩=1.4e-05, ⟨B·n⟩=1.1e-03, Len=sum([2.4, 2.5, 2.4, 2.4, 2.6])=12.3, ϰ=[12.2, 7.7, 6.8, 9.4, 10.2], ∫ϰ²/L>=[18.6, 16.0, 12.8, 18.6, 20.5], C-C-Sep=0.08, ║∇J║=3.9e-04
Iteration 451/2000-----
currents: [100000.0, 99999.99999832695, 99999.9999982066, 99999.99999833286, 99999.99999853935]
J=2.4e-05, ⟨Jf⟩=1.4e-05, ⟨B·n⟩=1.1e-03, Len=sum([2.4, 2.5, 2.4, 2.4, 2.6])=12.3, ϰ=[12.2, 7.7, 6.8, 9.4, 10.2], ∫ϰ²/L>=[18.6, 16.0, 12.7, 18.6, 20.5], C-C-Sep=0.08, ║∇J║=3.9e-04
Iteration 452/2000-----
currents: [100000.0, 99999.99999832649, 99999.99999820611, 99999.99999833251, 99999.99999853934]
J=2.4e-05, ⟨Jf⟩=1.4e-05, ⟨B·n⟩=1.1e-03, Len=sum([2.4, 2.5, 2.4, 2.4, 2.6])=12.3, ϰ=[12.2, 7.7, 6.7, 9.4, 10.2], ∫ϰ²/L>=[18.6, 16.0, 12.7, 18.6, 20.5], C-C-Sep=0.08, ║∇J║=5.6e-04
Iteration 453/2000-----
currents: [100000.0, 99999.99999832483, 99999.9999982045, 99999.99999833132, 99999.99999853925]
J=2.4e-05, ⟨Jf⟩=1.4e-05, ⟨B·n⟩=1.1e-03, Len=sum([2.4, 2.5, 2.4, 2.4, 2.6])=12.3, ϰ=[12.2, 7.7, 6.7, 9.5, 10.2], ∫ϰ²/L>=[18.6, 16.0, 12.7, 18.6, 20.4], C-C-Sep=0.08, ║∇J║=4.3e-04
Iteration 454/2000-----
currents: [100000.0, 99999.99999832347, 99999.99999820316, 99999.99999833031, 99999.9999985392]
J=2.4e-05, ⟨Jf⟩=1.4e-05, ⟨B·n⟩=1.1e-03, Len=sum([2.4, 2.5, 2.4, 2.4, 2.6])=12.3, ϰ=[12.2, 7.7, 6.6, 9.5, 10.2], ∫ϰ²/L>=[18.6, 16.0, 12.7, 18.6, 20.4], C-C-Sep=0.08, ║∇J║=4.4e-04
Iteration 455/2000-----
currents: [100000.0, 99999.99999832112, 99999.99999820074, 99999.9999983285, 99999.99999853897]
J=2.4e-05, ⟨Jf⟩=1.4e-05, ⟨B·n⟩=1.1e-03, Len=sum([2.4, 2.5, 2.4, 2.4, 2.6])=12.3, ϰ=[12.2, 7.7, 6.6, 9.6, 10.2], ∫ϰ²/L>=[18.6, 16.0, 12.7, 18.6, 20.4], C-C-Sep=0.08, ║∇J║=6.1e-04
Iteration 456/2000-----
currents: [100000.0, 99999.99999832084, 99999.99999820048, 99999.99999832828, 99999.99999853896]
J=2.4e-05, ⟨Jf⟩=1.4e-05, ⟨B·n⟩=1.1e-03, Len=sum([2.4, 2.5, 2.4, 2.4, 2.6])=12.3, ϰ=[12.2, 7.7, 6.6, 9.6, 10.2], ∫ϰ²/L>=[18.6, 16.0, 12.7, 18.6, 20.3], C-C-Sep=0.08, ║∇J║=4.3e-04
Iteration 457/2000-----
currents: [100000.0, 99999.99999831995, 99999.99999819952, 99999.99999832755, 99999.99999853884]
J=2.4e-05, ⟨Jf⟩=1.4e-05, ⟨B·n⟩=1.1e-03, Len=sum([2.4, 2.5, 2.4, 2.4, 2.6])=12.3, ϰ=[12.2, 7.7, 6.6, 9.6, 10.2], ∫ϰ²/L>=[18.6, 16.0, 12.7, 18.6, 20.3], C-C-Sep=0.08, ║∇J║=3.4e-04
Iteration 458/2000-----
currents: [100000.0, 99999.99999831965, 99999.99999819911, 99999.99999832721, 99999.99999853874]
J=2.4e-05, ⟨Jf⟩=1.4e-05, ⟨B·n⟩=1.1e-03, Len=sum([2.4, 2.5, 2.4, 2.4, 2.6])=12.3, ϰ=[12.1, 7.7, 6.6, 9.7, 10.3], ∫ϰ²/L>=[18.6, 16.0, 12.7, 18.6, 20.3], C-C-Sep=0.08, ║∇J║=4.0e-04
Iteration 459/2000-----
currents: [100000.0, 99999.99999831704, 99999.99999819638, 99999.99999832519, 99999.99999853852]
J=2.4e-05, ⟨Jf⟩=1.4e-05, ⟨B·n⟩=1.1e-03, Len=sum([2.4, 2.5, 2.4, 2.4, 2.6])=12.3, ϰ=[12.1, 7.8, 6.6, 9.7, 10.3], ∫ϰ²/L>=[18.6, 16.0, 12.7, 18.6, 20.3], C-C-Sep=0.08, ║∇J║=7.8e-04
Iteration 460/2000-----
currents: [100000.0, 99999.99999831674, 99999.99999819604, 99999.99999832491, 99999.99999853848]
J=2.4e-05, ⟨Jf⟩=1.4e-05, ⟨B·n⟩=1.1e-03, Len=sum([2.4, 2.5, 2.4, 2.4, 2.6])=12.3, ϰ=[12.1, 7.8, 6.6, 9.7, 10.3], ∫ϰ²/L>=[18.6, 16.0, 12.6, 18.6, 20.3], C-C-Sep=0.08, ║∇J║=4.5e-04
Iteration 461/2000-----
currents: [100000.0, 99999.99999831623, 99999.99999819555, 99999.99999832455, 99999.99999853852]
J=2.4e-05, ⟨Jf⟩=1.4e-05, ⟨B·n⟩=1.1e-03, Len=sum([2.4, 2.5, 2.4, 2.4, 2.6])=12.3, ϰ=[12.1, 7.8, 6.5, 9.8, 10.3], ∫ϰ²/L>=[18.6, 16.0, 12.6, 18.6, 20.2], C-C-Sep=0.08, ║∇J║=4.1e-04
Iteration 462/2000-----
currents: [100000.0, 99999.99999831534, 99999.9999981946, 99999.99999832384, 99999.9999985385]
J=2.4e-05, ⟨Jf⟩=1.4e-05, ⟨B·n⟩=1.1e-03, Len=sum([2.4, 2.5, 2.4, 2.4, 2.6])=12.3, ϰ=[12.2, 7.8, 6.5, 9.8, 10.3], ∫ϰ²/L>=[18.6, 16.0, 12.6, 18.6, 20.2], C-C-Sep=0.08, ║∇J║=4.6e-04
Iteration 463/2000-----
currents: [100000.0, 99999.99999831236, 99999.99999819155, 99999.99999832152, 99999.99999853833]
J=2.4e-05, ⟨Jf⟩=1.4e-05, ⟨B·n⟩=1.1e-03, Len=sum([2.4, 2.5, 2.4, 2.4, 2.6])=12.3, ϰ=[12.2, 7.8, 6.5, 9.8, 10.4], ∫ϰ²/L>=[18.6, 16.0, 12.6, 18.6, 20.2], C-C-Sep=0.08, ║∇J║=6.7e-04
Iteration 464/2000-----
currents: [100000.0, 99999.99999831151, 99999.99999819056, 99999.99999832071, 99999.99999853829]
J=2.4e-05, ⟨Jf⟩=1.4e-05, ⟨B·n⟩=1.1e-03, Len=sum([2.4, 2.5, 2.4, 2.4, 2.6])=12.3, ϰ=[12.1, 7.8, 6.5, 9.8, 10.4], ∫ϰ²/L>=[18.7, 16.0, 12.6, 18.6, 20.2], C-C-Sep=0.08, ║∇J║=6.2e-04
Iteration 465/2000-----
currents: [100000.0, 99999.99999831051, 99999.99999818957, 99999.99999831997, 99999.99999853822]
J=2.4e-05, ⟨Jf⟩=1.4e-05, ⟨B·n⟩=1.1e-03, Len=sum([2.4, 2.5, 2.4, 2.4, 2.6])=12.3, ϰ=[12.2, 7.9, 6.6, 9.9, 10.4], ∫ϰ²/L>=[18.7, 16.0, 12.6, 18.6, 20.2], C-C-Sep=0.08, ║∇J║=4.4e-04
Iteration 466/2000-----
currents: [100000.0, 99999.99999831017, 99999.99999818923, 99999.99999831966, 99999.99999853813]
J=2.4e-05, ⟨Jf⟩=1.4e-05, ⟨B·n⟩=1.1e-03, Len=sum([2.4, 2.5, 2.4, 2.4, 2.6])=12.3, ϰ=[12.2, 7.9, 6.6, 9.8, 10.3], ∫ϰ²/L>=[18.7, 16.0, 12.6, 18.6, 20.2], C-C-Sep=0.08, ║∇J║=4.4e-04
Iteration 467/2000-----
currents: [100000.0, 99999.99999830792, 99999.99999818699, 99999.99999831797, 99999.99999853794]
J=2.4e-05, ⟨Jf⟩=1.4e-05, ⟨B·n⟩=1.1e-03, Len=sum([2.4, 2.5, 2.4, 2.4, 2.6])=12.3, ϰ=[12.2, 7.9, 6.6, 9.8, 10.4], ∫ϰ²/L>=[18.7, 16.0, 12.6, 18.6, 20.1], C-C-Sep=0.08, ║∇J║=4.7e-04
Iteration 468/2000-----
currents: [100000.0, 99999.99999830648, 99999.99999818543, 99999.99999831674, 99999.9999985378]
J=2.4e-05, ⟨Jf⟩=1.4e-05, ⟨B·n⟩=1.1e-03, Len=sum([2.4, 2.5, 2.4, 2.4, 2.6])=12.3, ϰ=[12.2, 8.0, 6.6, 9.8, 10.3], ∫ϰ²/L>=[18.8, 16.0, 12.6, 18.6, 20.1], C-C-Sep=0.08, ║∇J║=7.0e-04
Iteration 469/2000-----
currents: [100000.0, 99999.99999830547, 99999.99999818434, 99999.99999831589, 99999.99999853768]
J=2.4e-05, ⟨Jf⟩=1.4e-05, ⟨B·n⟩=1.1e-03, Len=sum([2.4, 2.5, 2.4, 2.4, 2.6])=12.3, ϰ=[12.3, 8.0, 6.6, 9.8, 10.4], ∫ϰ²/L>=[18.8, 16.0, 12.6, 18.6, 20.1], C-C-Sep=0.08, ║∇J║=4.2e-04
Iteration 470/2000-----
currents: [100000.0, 99999.99999830408, 99999.99999818289, 99999.9999983148, 99999.99999853755]
J=2.4e-05, ⟨Jf⟩=1.4e-05, ⟨B·n⟩=1.1e-03, Len=sum([2.4, 2.5, 2.4, 2.4, 2.6])=12.3, ϰ=[12.3, 8.0, 6.6, 9.9, 10.4], ∫ϰ²/L>=[18.8, 16.0, 12.6, 18.6, 20.1], C-C-Sep=0.08, ║∇J║=3.8e-04
Iteration 471/2000-----
currents: [100000.0, 99999.99999830342, 99999.9999981821, 99999.99999831419, 99999.9999985374]
J=2.4e-05, ⟨Jf⟩=1.4e-05, ⟨B·n⟩=1.1e-03, Len=sum([2.4, 2.5, 2.4, 2.4, 2.6])=12.3, ϰ=[12.3, 8.0, 6.5, 9.9, 10.4], ∫ϰ²/L>=[18.8, 16.0, 12.6, 18.6, 20.1], C-C-Sep=0.08, ║∇J║=4.4e-04
Iteration 472/2000-----
currents: [100000.0, 99999.99999830195, 99999.99999818031, 99999.99999831278, 99999.99999853707]
J=2.4e-05, ⟨Jf⟩=1.4e-05, ⟨B·n⟩=1.1e-03, Len=sum([2.4, 2.5, 2.4, 2.4, 2.6])=12.3, ϰ=[12.2, 8.0, 6.5, 9.9, 10.4], ∫ϰ²/L>=[18.8, 16.0, 12.6, 18.6, 20.0], C-C-Sep=0.08, ║∇J║=4.3e-04
Iteration 473/2000-----
currents: [100000.0, 99999.99999830063, 99999.9999981788, 99999.99999831156, 99999.99999853678]
J=2.4e-05, ⟨Jf⟩=1.4e-05, ⟨B·n⟩=1.1e-03, Len=sum([2.4, 2.5, 2.4, 2.4, 2.6])=12.3, ϰ=[12.2, 8.0, 6.6, 9.9, 10.5], ∫ϰ²/L>=[18.8, 16.0, 12.6, 18.5, 20.0], C-C-Sep=0.08, ║∇J║=4.5e-04
Iteration 474/2000-----
currents: [100000.0, 99999.9999983001, 99999.99999817813, 99999.99999831097, 99999.99999853659]
J=2.4e-05, ⟨Jf⟩=1.4e-05, ⟨B·n⟩=1.1e-03, Len=sum([2.4, 2.5, 2.4, 2.4, 2.6])=12.3, ϰ=[12.2, 8.0, 6.6, 10.0, 10.5], ∫ϰ²/L>=[18.8, 16.0, 12.5, 18.5, 20.0], C-C-Sep=0.08, ║∇J║=3.9e-04
Iteration 475/2000-----
currents: [100000.0, 99999.99999829935, 99999.99999817723, 99999.99999831022, 99999.9999985364]
J=2.3e-05, ⟨Jf⟩=1.4e-05, ⟨B·n⟩=1.1e-03, Len=sum([2.4, 2.5, 2.4, 2.4, 2.6])=12.3, ϰ=[12.2, 8.0, 6.6, 10.0, 10.5], ∫ϰ²/L>=[18.8, 16.0, 12.5, 18.5, 20.0], C-C-Sep=0.08, ║∇J║=4.0e-04
Iteration 476/2000-----
currents: [100000.0, 99999.99999829866, 99999.99999817643, 99999.9999983095, 99999.99999853624]
J=2.3e-05, ⟨Jf⟩=1.4e-05, ⟨B·n⟩=1.1e-03, Len=sum([2.4, 2.5, 2.4, 2.4, 2.6])=12.3, ϰ=[12.2, 8.0, 6.5, 10.0, 10.4], ∫ϰ²/L>=[18.8, 16.0, 12.5, 18.5, 20.0], C-C-Sep=0.08, ║∇J║=5.9e-04
Iteration 477/2000-----
currents: [100000.0, 99999.99999829677, 99999.99999817453, 99999.99999830802, 99999.99999853606]
J=2.3e-05, ⟨Jf⟩=1.4e-05, ⟨B·n⟩=1.1e-03, Len=sum([2.4, 2.5, 2.4, 2.4, 2.6])=12.3, ϰ=[12.2, 8.0, 6.5, 10.0, 10.4], ∫ϰ²/L>=[18.8, 16.0, 12.5, 18.5, 20.0], C-C-Sep=0.08, ║∇J║=5.1e-04
Iteration 478/2000-----
currents: [100000.0, 99999.99999829658, 99999.99999817437, 99999.9999983079, 99999.99999853614]
J=2.3e-05, ⟨Jf⟩=1.4e-05, ⟨B·n⟩=1.1e-03, Len=sum([2.4, 2.5, 2.4, 2.4, 2.6])=12.3, ϰ=[12.2, 8.0, 6.4, 10.0, 10.4], ∫ϰ²/L>=[18.8, 15.9, 12.5, 18.5, 20.0], C-C-Sep=0.08, ║∇J║=3.7e-04
Iteration 479/2000-----
currents: [100000.0, 99999.9999982959, 99999.99999817373, 99999.99999830742, 99999.99999853615]
J=2.3e-05, ⟨Jf⟩=1.4e-05, ⟨B·n⟩=1.1e-03, Len=sum([2.4, 2.5, 2.4, 2.4, 2.6])=12.3, ϰ=[12.2, 8.0, 6.4, 10.0, 10.4], ∫ϰ²/L>=[18.8, 15.9, 12.5, 18.5, 20.0], C-C-Sep=0.08, ║∇J║=3.5e-04
Iteration 480/2000-----
currents: [100000.0, 99999.99999829479, 99999.99999817264, 99999.99999830661, 99999.99999853609]
J=2.3e-05, ⟨Jf⟩=1.4e-05, ⟨B·n⟩=1.1e-03, Len=sum([2.4, 2.5, 2.4, 2.4, 2.6])=12.3, ϰ=[12.2, 8.0, 6.4, 10.0, 10.4], ∫ϰ²/L>=[18.9, 15.9, 12.5, 18.5, 20.0], C-C-Sep=0.08, ║∇J║=5.1e-04
Iteration 481/2000-----
currents: [100000.0, 99999.99999829428, 99999.99999817209, 99999.99999830619, 99999.99999853603]
J=2.3e-05, ⟨Jf⟩=1.4e-05, ⟨B·n⟩=1.1e-03, Len=sum([2.4, 2.5, 2.4, 2.4, 2.6])=12.3, ϰ=[12.2, 8.0, 6.4, 9.9, 10.4], ∫ϰ²/L>=[18.9, 15.9, 12.5, 18.5, 19.9], C-C-Sep=0.08, ║∇J║=3.4e-04
Iteration 482/2000-----
currents: [100000.0, 99999.99999829287, 99999.99999817059, 99999.99999830502, 99999.99999853583]
J=2.3e-05, ⟨Jf⟩=1.4e-05, ⟨B·n⟩=1.1e-03, Len=sum([2.4, 2.5, 2.4, 2.4, 2.6])=12.3, ϰ=[12.2, 8.0, 6.5, 9.9, 10.4], ∫ϰ²/L>=[18.9, 15.9, 12.5, 18.5, 19.9], C-C-Sep=0.08, ║∇J║=3.4e-04
Iteration 483/2000-----
currents: [100000.0, 99999.9999982925, 99999.99999817007, 99999.99999830457, 99999.99999853564]
J=2.3e-05, ⟨Jf⟩=1.4e-05, ⟨B·n⟩=1.1e-03, Len=sum([2.4, 2.5, 2.4, 2.4, 2.6])=12.3, ϰ=[12.2, 8.0, 6.5, 9.9, 10.3], ∫ϰ²/L>=[18.9, 15.9, 12.4, 18.5, 19.9], C-C-Sep=0.08, ║∇J║=5.5e-04
Iteration 484/2000-----
currents: [100000.0, 99999.99999829073, 99999.99999816822, 99999.99999830314, 99999.99999853541]
J=2.3e-05, ⟨Jf⟩=1.4e-05, ⟨B·n⟩=1.1e-03, Len=sum([2.4, 2.5, 2.4, 2.4, 2.6])=12.3, ϰ=[12.2, 8.0, 6.5, 9.9, 10.4], ∫ϰ²/L>=[18.9, 15.9, 12.4, 18.5, 19.9], C-C-Sep=0.08, ║∇J║=3.9e-04
Iteration 485/2000-----
currents: [100000.0, 99999.99999829044, 99999.99999816786, 99999.99999830284, 99999.99999853529]
J=2.3e-05, ⟨Jf⟩=1.4e-05, ⟨B·n⟩=1.1e-03, Len=sum([2.4, 2.5, 2.4, 2.4, 2.6])=12.3, ϰ=[12.2, 8.1, 6.5, 9.9, 10.4], ∫ϰ²/L>=[18.9, 15.9, 12.4, 18.5, 19.9], C-C-Sep=0.08, ║∇J║=3.7e-04
Iteration 486/2000-----
currents: [100000.0, 99999.99999828947, 99999.99999816681, 99999.99999830201, 99999.99999853512]
J=2.3e-05, ⟨Jf⟩=1.4e-05, ⟨B·n⟩=1.1e-03, Len=sum([2.4, 2.5, 2.4, 2.4, 2.6])=12.3, ϰ=[12.2, 8.1, 6.5, 10.0, 10.4], ∫ϰ²/L>=[18.9, 15.9, 12.4, 18.5, 19.9], C-C-Sep=0.08, ║∇J║=3.0e-04
Iteration 487/2000-----
currents: [100000.0, 99999.99999828936, 99999.9999981666, 99999.9999983018, 99999.99999853499]
J=2.3e-05, ⟨Jf⟩=1.4e-05, ⟨B·n⟩=1.1e-03, Len=sum([2.4, 2.5, 2.4, 2.4, 2.6])=12.3, ϰ=[12.2, 8.1, 6.5, 10.0, 10.3], ∫ϰ²/L>=[18.9, 15.9, 12.4, 18.5, 19.9], C-C-Sep=0.08, ║∇J║=3.0e-04
Iteration 488/2000-----
currents: [100000.0, 99999.99999828803, 99999.99999816509, 99999.99999830055, 99999.99999853467]
J=2.3e-05, ⟨Jf⟩=1.4e-05, ⟨B·n⟩=1.1e-03, Len=sum([2.4, 2.5, 2.4, 2.4, 2.6])=12.3, ϰ=[12.2, 8.1, 6.5, 10.0, 10.3], ∫ϰ²/L>=[18.9, 15.9, 12.4, 18.5, 19.9], C-C-Sep=0.08, ║∇J║=3.7e-04
Iteration 489/2000-----
currents: [100000.0, 99999.99999828705, 99999.999998164, 99999.99999829964, 99999.99999853442]
J=2.3e-05, ⟨Jf⟩=1.4e-05, ⟨B·n⟩=1.1e-03, Len=sum([2.4, 2.5, 2.4, 2.4, 2.6])=12.3, ϰ=[12.2, 8.1, 6.5, 10.0, 10.3], ∫ϰ²/L>=[18.9, 15.9, 12.4, 18.5, 19.9], C-C-Sep=0.08, ║∇J║=3.3e-04
Iteration 490/2000-----
currents: [100000.0, 99999.9999982855, 99999.99999816227, 99999.99999829823, 99999.9999985341]
J=2.3e-05, ⟨Jf⟩=1.4e-05, ⟨B·n⟩=1.1e-03, Len=sum([2.4, 2.5, 2.4, 2.4, 2.6])=12.3, ϰ=[12.3, 8.2, 6.5, 10.0, 10.3], ∫ϰ²/L>=[18.9, 15.9, 12.4, 18.5, 19.8], C-C-Sep=0.08, ║∇J║=3.7e-04
Iteration 491/2000-----
currents: [100000.0, 99999.99999828466, 99999.99999816134, 99999.99999829743, 99999.99999853387]
J=2.3e-05, ⟨Jf⟩=1.4e-05, ⟨B·n⟩=1.1e-03, Len=sum([2.4, 2.5, 2.4, 2.4, 2.6])=12.3, ϰ=[12.2, 8.2, 6.5, 10.0, 10.3], ∫ϰ²/L>=[18.9, 15.9, 12.3, 18.5, 19.8], C-C-Sep=0.08, ║∇J║=4.8e-04
Iteration 492/2000-----
currents: [100000.0, 99999.99999828459, 99999.99999816126, 99999.99999829735, 99999.99999853382]
J=2.3e-05, ⟨Jf⟩=1.4e-05, ⟨B·n⟩=1.1e-03, Len=sum([2.4, 2.5, 2.4, 2.4, 2.6])=12.3, ϰ=[12.2, 8.2, 6.5, 10.0, 10.2], ∫ϰ²/L>=[18.9, 15.9, 12.3, 18.5, 19.8], C-C-Sep=0.08, ║∇J║=3.5e-04
Iteration 493/2000-----
currents: [100000.0, 99999.9999982839, 99999.99999816052, 99999.99999829677, 99999.99999853372]
J=2.3e-05, ⟨Jf⟩=1.4e-05, ⟨B·n⟩=1.1e-03, Len=sum([2.4, 2.5, 2.4, 2.4, 2.6])=12.3, ϰ=[12.2, 8.1, 6.5, 9.9, 10.2], ∫ϰ²/L>=[18.9, 15.9, 12.3, 18.5, 19.8], C-C-Sep=0.08, ║∇J║=3.3e-04
Iteration 494/2000-----
currents: [100000.0, 99999.99999828413, 99999.99999816074, 99999.9999982969, 99999.99999853368]
J=2.3e-05, ⟨Jf⟩=1.4e-05, ⟨B·n⟩=1.1e-03, Len=sum([2.4, 2.5, 2.4, 2.4, 2.6])=12.3, ϰ=[12.2, 8.1, 6.5, 9.9, 10.2], ∫ϰ²/L>=[18.9, 15.9, 12.3, 18.5, 19.8], C-C-Sep=0.08, ║∇J║=4.2e-04
Iteration 495/2000-----
currents: [100000.0, 99999.99999828366, 99999.99999816022, 99999.99999829645, 99999.99999853355]
J=2.3e-05, ⟨Jf⟩=1.4e-05, ⟨B·n⟩=1.1e-03, Len=sum([2.4, 2.5, 2.4, 2.4, 2.6])=12.3, ϰ=[12.2, 8.1, 6.5, 9.9, 10.1], ∫ϰ²/L>=[18.9, 15.9, 12.3, 18.5, 19.8], C-C-Sep=0.08, ║∇J║=3.1e-04
Iteration 496/2000-----
currents: [100000.0, 99999.99999828202, 99999.99999815848, 99999.99999829504, 99999.99999853325]
J=2.3e-05, ⟨Jf⟩=1.4e-05, ⟨B·n⟩=1.1e-03, Len=sum([2.4, 2.5, 2.4, 2.4, 2.6])=12.3, ϰ=[12.2, 8.1, 6.5, 9.9, 10.1], ∫ϰ²/L>=[18.9, 15.9, 12.3, 18.5, 19.8], C-C-Sep=0.08, ║∇J║=3.3e-04
Iteration 497/2000-----
currents: [100000.0, 99999.99999828113, 99999.99999815752, 99999.99999829424, 99999.99999853307]
J=2.3e-05, ⟨Jf⟩=1.4e-05, ⟨B·n⟩=1.1e-03, Len=sum([2.4, 2.5, 2.4, 2.4, 2.6])=12.3, ϰ=[12.2, 8.1, 6.5, 10.0, 10.0], ∫ϰ²/L>=[18.9, 15.9, 12.3, 18.5, 19.8], C-C-Sep=0.08, ║∇J║=3.7e-04
Iteration 498/2000-----
currents: [100000.0, 99999.99999827959, 99999.99999815597, 99999.99999829296, 99999.99999853282]
J=2.3e-05, ⟨Jf⟩=1.4e-05, ⟨B·n⟩=1.1e-03, Len=sum([2.4, 2.5, 2.4, 2.4, 2.6])=12.3, ϰ=[12.2, 8.1, 6.5, 10.0, 10.0], ∫ϰ²/L>=[19.0, 15.9, 12.3, 18.6, 19.8], C-C-Sep=0.08, ║∇J║=4.0e-04
Iteration 499/2000-----
currents: [100000.0, 99999.99999827842, 99999.9999981548, 99999.99999829206, 99999.99999853269]
J=2.3e-05, ⟨Jf⟩=1.4e-05, ⟨B·n⟩=1.1e-03, Len=sum([2.4, 2.5, 2.4, 2.4, 2.6])=12.3, ϰ=[12.2, 8.1, 6.5, 10.0, 9.9], ∫ϰ²/L>=[19.0, 15.9, 12.3, 18.6, 19.8], C-C-Sep=0.08, ║∇J║=3.3e-04
Iteration 500/2000-----
currents: [100000.0, 99999.9999982786, 99999.99999815499, 99999.99999829219, 99999.99999853269]
J=2.3e-05, ⟨Jf⟩=1.4e-05, ⟨B·n⟩=1.1e-03, Len=sum([2.4, 2.5, 2.4, 2.4, 2.6])=12.3, ϰ=[12.2, 8.1, 6.5, 10.0, 9.9], ∫ϰ²/L>=[18.9, 15.9, 12.2, 18.6, 19.8], C-C-Sep=0.08, ║∇J║=2.8e-04
Iteration 501/2000-----
currents: [100000.0, 99999.99999827819, 99999.9999981546, 99999.99999829185, 99999.99999853261]
J=2.3e-05, ⟨Jf⟩=1.4e-05, ⟨B·n⟩=1.1e-03, Len=sum([2.4, 2.5, 2.4, 2.4, 2.6])=12.3, ϰ=[12.2, 8.1, 6.5, 10.0, 9.9], ∫ϰ²/L>=[18.9, 15.9, 12.2, 18.6, 19.8], C-C-Sep=0.08, ║∇J║=2.8e-04
Iteration 502/2000-----
currents: [100000.0, 99999.99999827694, 99999.99999815326, 99999.99999829076, 99999.99999853235]
J=2.3e-05, ⟨Jf⟩=1.4e-05, ⟨B·n⟩=1.1e-03, Len=sum([2.4, 2.5, 2.4, 2.4, 2.6])=12.3, ϰ=[12.2, 8.1, 6.4, 10.0, 9.9], ∫ϰ²/L>=[18.9, 15.9, 12.2, 18.6, 19.8], C-C-Sep=0.08, ║∇J║=5.2e-04
Iteration 503/2000-----
currents: [100000.0, 99999.99999827676, 99999.99999815306, 99999.99999829056, 99999.99999853225]
J=2.3e-05, ⟨Jf⟩=1.4e-05, ⟨B·n⟩=1.1e-03, Len=sum([2.4, 2.5, 2.4, 2.4, 2.6])=12.3, ϰ=[12.2, 8.1, 6.4, 10.0, 9.9], ∫ϰ²/L>=[18.9, 15.9, 12.2, 18.6, 19.8], C-C-Sep=0.08, ║∇J║=2.9e-04
Iteration 504/2000-----
currents: [100000.0, 99999.99999827593, 99999.99999815215, 99999.99999828982, 99999.99999853208]
J=2.3e-05, ⟨Jf⟩=1.4e-05, ⟨B·n⟩=1.1e-03, Len=sum([2.4, 2.5, 2.4, 2.4, 2.6])=12.3, ϰ=[12.2, 8.1, 6.5, 10.0, 9.9], ∫ϰ²/L>=[18.9, 15.9, 12.2, 18.6, 19.8], C-C-Sep=0.08, ║∇J║=2.7e-04
Iteration 505/2000-----
currents: [100000.0, 99999.99999827553, 99999.99999815167, 99999.99999828941, 99999.99999853193]
J=2.3e-05, ⟨Jf⟩=1.4e-05, ⟨B·n⟩=1.1e-03, Len=sum([2.4, 2.5, 2.4, 2.4, 2.6])=12.3, ϰ=[12.2, 8.1, 6.5, 10.0, 9.9], ∫ϰ²/L>=[18.9, 15.9, 12.2, 18.6, 19.8], C-C-Sep=0.08, ║∇J║=3.1e-04
Iteration 506/2000-----
currents: [100000.0, 99999.99999827439, 99999.99999815041, 99999.99999828835, 99999.99999853164]
J=2.3e-05, ⟨Jf⟩=1.4e-05, ⟨B·n⟩=1.1e-03, Len=sum([2.4, 2.5, 2.4, 2.4, 2.6])=12.3, ϰ=[12.2, 8.2, 6.4, 10.0, 9.8], ∫ϰ²/L>=[18.9, 15.9, 12.2, 18.6, 19.8], C-C-Sep=0.08, ║∇J║=4.1e-04
Iteration 507/2000-----
currents: [100000.0, 99999.99999827416, 99999.9999981501, 99999.99999828807, 99999.99999853152]
J=2.3e-05, ⟨Jf⟩=1.4e-05, ⟨B·n⟩=1.1e-03, Len=sum([2.4, 2.5, 2.4, 2.4, 2.6])=12.3, ϰ=[12.2, 8.2, 6.4, 10.0, 9.8], ∫ϰ²/L>=[18.9, 15.9, 12.2, 18.6, 19.7], C-C-Sep=0.08, ║∇J║=2.5e-04
Iteration 508/2000-----
currents: [100000.0, 99999.99999827422, 99999.99999815013, 99999.99999828805, 99999.99999853146]
J=2.3e-05, ⟨Jf⟩=1.4e-05, ⟨B·n⟩=1.1e-03, Len=sum([2.4, 2.5, 2.4, 2.4, 2.6])=12.3, ϰ=[12.2, 8.2, 6.4, 10.0, 9.8], ∫ϰ²/L>=[18.9, 15.9, 12.2, 18.6, 19.7], C-C-Sep=0.08, ║∇J║=2.4e-04
Iteration 509/2000-----
currents: [100000.0, 99999.99999827337, 99999.99999814917, 99999.99999828724, 99999.99999853123]
J=2.3e-05, ⟨Jf⟩=1.4e-05, ⟨B·n⟩=1.1e-03, Len=sum([2.4, 2.5, 2.4, 2.4, 2.6])=12.3, ϰ=[12.2, 8.2, 6.4, 10.1, 9.8], ∫ϰ²/L>=[18.9, 15.9, 12.2, 18.6, 19.7], C-C-Sep=0.08, ║∇J║=3.3e-04
Iteration 510/2000-----
currents: [100000.0, 99999.99999827285, 99999.99999814857, 99999.99999828672, 99999.99999853106]
J=2.3e-05, ⟨Jf⟩=1.4e-05, ⟨B·n⟩=1.1e-03, Len=sum([2.4, 2.5, 2.4, 2.4, 2.6])=12.3, ϰ=[12.2, 8.2, 6.4, 10.0, 9.8], ∫ϰ²/L>=[18.9, 15.9, 12.2, 18.6, 19.7], C-C-Sep=0.08, ║∇J║=2.5e-04
Iteration 511/2000-----
currents: [100000.0, 99999.99999827225, 99999.9999981479, 99999.99999828615, 99999.9999985309]
J=2.3e-05, ⟨Jf⟩=1.4e-05, ⟨B·n⟩=1.1e-03, Len=sum([2.4, 2.5, 2.4, 2.4, 2.6])=12.3, ϰ=[12.2, 8.2, 6.4, 10.0, 9.8], ∫ϰ²/L>=[18.9, 15.9, 12.2, 18.6, 19.7], C-C-Sep=0.08, ║∇J║=2.4e-04
Iteration 512/2000-----
currents: [100000.0, 99999.99999827161, 99999.99999814713, 99999.9999982855, 99999.99999853068]
J=2.3e-05, ⟨Jf⟩=1.4e-05, ⟨B·n⟩=1.1e-03, Len=sum([2.4, 2.5, 2.4, 2.4, 2.6])=12.3, ϰ=[12.2, 8.2, 6.4, 10.0, 9.8], ∫ϰ²/L>=[18.9, 15.9, 12.2, 18.6, 19.7], C-C-Sep=0.08, ║∇J║=3.2e-04
Iteration 513/2000-----
currents: [100000.0, 99999.99999827101, 99999.99999814648, 99999.99999828497, 99999.99999853055]
J=2.3e-05, ⟨Jf⟩=1.4e-05, ⟨B·n⟩=1.1e-03, Len=sum([2.4, 2.5, 2.4, 2.4, 2.6])=12.3, ϰ=[12.2, 8.1, 6.4, 10.0, 9.8], ∫ϰ²/L>=[18.9, 15.9, 12.2, 18.6, 19.7], C-C-Sep=0.08, ║∇J║=3.0e-04
Iteration 514/2000-----
currents: [100000.0, 99999.9999982711, 99999.99999814657, 99999.99999828506, 99999.99999853056]
J=2.3e-05, ⟨Jf⟩=1.4e-05, ⟨B·n⟩=1.1e-03, Len=sum([2.4, 2.5, 2.4, 2.4, 2.6])=12.3, ϰ=[12.2, 8.1, 6.4, 10.0, 9.8], ∫ϰ²/L>=[18.9, 15.9, 12.2, 18.6, 19.7], C-C-Sep=0.08, ║∇J║=2.3e-04
Iteration 515/2000-----
currents: [100000.0, 99999.99999827068, 99999.99999814606, 99999.99999828466, 99999.99999853046]
J=2.3e-05, ⟨Jf⟩=1.4e-05, ⟨B·n⟩=1.1e-03, Len=sum([2.4, 2.5, 2.4, 2.4, 2.6])=12.3, ϰ=[12.2, 8.1, 6.4, 10.0, 9.8], ∫ϰ²/L>=[18.9, 15.9, 12.2, 18.6, 19.7], C-C-Sep=0.08, ║∇J║=2.6e-04
Iteration 516/2000-----
currents: [100000.0, 99999.99999827017, 99999.9999981455, 99999.99999828424, 99999.99999853036]
J=2.3e-05, ⟨Jf⟩=1.4e-05, ⟨B·n⟩=1.1e-03, Len=sum([2.4, 2.5, 2.4, 2.4, 2.6])=12.3, ϰ=[12.2, 8.2, 6.4, 10.0, 9.8], ∫ϰ²/L>=[18.9, 15.9, 12.2, 18.6, 19.7], C-C-Sep=0.08, ║∇J║=3.5e-04
Iteration 517/2000-----
currents: [100000.0, 99999.9999982695, 99999.9999981447, 99999.9999982836, 99999.9999985302]
J=2.3e-05, ⟨Jf⟩=1.4e-05, ⟨B·n⟩=1.1e-03, Len=sum([2.4, 2.5, 2.4, 2.4, 2.6])=12.3, ϰ=[12.2, 8.1, 6.4, 10.0, 9.7], ∫ϰ²/L>=[18.9, 15.9, 12.2, 18.6, 19.7], C-C-Sep=0.08, ║∇J║=2.7e-04
Iteration 518/2000-----
currents: [100000.0, 99999.99999826834, 99999.99999814332, 99999.9999982825, 99999.99999852992]
J=2.3e-05, ⟨Jf⟩=1.4e-05, ⟨B·n⟩=1.1e-03, Len=sum([2.4, 2.5, 2.4, 2.4, 2.6])=12.3, ϰ=[12.2, 8.2, 6.4, 10.1, 9.7], ∫ϰ²/L>=[18.9, 15.9, 12.2, 18.6, 19.6], C-C-Sep=0.08, ║∇J║=2.4e-04
Iteration 519/2000-----
currents: [100000.0, 99999.99999826732, 99999.99999814214, 99999.99999828155, 99999.99999852967]
J=2.3e-05, ⟨Jf⟩=1.4e-05, ⟨B·n⟩=1.1e-03, Len=sum([2.4, 2.5, 2.4, 2.4, 2.6])=12.3, ϰ=[12.2, 8.2, 6.4, 10.1, 9.7], ∫ϰ²/L>=[18.9, 15.9, 12.2, 18.6, 19.6], C-C-Sep=0.08, ║∇J║=3.1e-04
Iteration 520/2000-----
currents: [100000.0, 99999.99999826706, 99999.9999981418, 99999.99999828127, 99999.99999852957]
J=2.3e-05, ⟨Jf⟩=1.3e-05, ⟨B·n⟩=1.1e-03, Len=sum([2.4, 2.5, 2.4, 2.4, 2.6])=12.3, ϰ=[12.2, 8.1, 6.3, 10.1, 9.7], ∫ϰ²/L>=[18.9, 15.9, 12.1, 18.6, 19.6], C-C-Sep=0.08, ║∇J║=2.5e-04
Iteration 521/2000-----
currents: [100000.0, 99999.99999826602, 99999.99999814056, 99999.99999828028, 99999.99999852928]
J=2.3e-05, ⟨Jf⟩=1.3e-05, ⟨B·n⟩=1.1e-03, Len=sum([2.4, 2.5, 2.4, 2.4, 2.6])=12.3, ϰ=[12.2, 8.1, 6.4, 10.1, 9.7], ∫ϰ²/L>=[18.9, 15.9, 12.1, 18.6, 19.6], C-C-Sep=0.08, ║∇J║=2.4e-04
Iteration 522/2000-----
currents: [100000.0, 99999.99999826652, 99999.99999814104, 99999.99999828068, 99999.9999985293]
J=2.3e-05, ⟨Jf⟩=1.3e-05, ⟨B·n⟩=1.1e-03, Len=sum([2.4, 2.5, 2.4, 2.4, 2.6])=12.3, ϰ=[12.2, 8.1, 6.4, 10.1, 9.8], ∫ϰ²/L>=[18.9, 15.9, 12.2, 18.6, 19.6], C-C-Sep=0.08, ║∇J║=4.1e-04
Iteration 523/2000-----
currents: [100000.0, 99999.99999826589, 99999.99999814032, 99999.9999982801, 99999.99999852915]
J=2.3e-05, ⟨Jf⟩=1.3e-05, ⟨B·n⟩=1.1e-03, Len=sum([2.4, 2.5, 2.4, 2.4, 2.6])=12.3, ϰ=[12.2, 8.1, 6.4, 10.1, 9.8], ∫ϰ²/L>=[18.9, 15.9, 12.1, 18.6, 19.6], C-C-Sep=0.08, ║∇J║=2.4e-04
Iteration 524/2000-----
currents: [100000.0, 99999.99999826477, 99999.99999813907, 99999.99999827908, 99999.99999852889]
J=2.3e-05, ⟨Jf⟩=1.3e-05, ⟨B·n⟩=1.1e-03, Len=sum([2.4, 2.5, 2.4, 2.4, 2.6])=12.3, ϰ=[12.2, 8.1, 6.4, 10.1, 9.7], ∫ϰ²/L>=[18.9, 15.9, 12.1, 18.6, 19.6], C-C-Sep=0.08, ║∇J║=2.2e-04
Iteration 525/2000-----
currents: [100000.0, 99999.99999826527, 99999.99999813955, 99999.99999827944, 99999.9999985289]
J=2.3e-05, ⟨Jf⟩=1.3e-05, ⟨B·n⟩=1.1e-03, Len=sum([2.4, 2.5, 2.4, 2.4, 2.6])=12.3, ϰ=[12.2, 8.1, 6.4, 10.1, 9.7], ∫ϰ²/L>=[18.9, 15.9, 12.1, 18.6, 19.6], C-C-Sep=0.08, ║∇J║=2.9e-04
Iteration 526/2000-----
currents: [100000.0, 99999.99999826375, 99999.99999813784, 99999.99999827804, 99999.99999852852]
J=2.3e-05, ⟨Jf⟩=1.3e-05, ⟨B·n⟩=1.1e-03, Len=sum([2.4, 2.5, 2.4, 2.4, 2.6])=12.3, ϰ=[12.2, 8.1, 6.4, 10.1, 9.7], ∫ϰ²/L>=[18.9, 15.9, 12.1, 18.6, 19.6], C-C-Sep=0.08, ║∇J║=3.4e-04
Iteration 527/2000-----
currents: [100000.0, 99999.99999826397, 99999.99999813808, 99999.99999827826, 99999.99999852854]
J=2.3e-05, ⟨Jf⟩=1.3e-05, ⟨B·n⟩=1.1e-03, Len=sum([2.4, 2.5, 2.4, 2.4, 2.6])=12.3, ϰ=[12.2, 8.1, 6.4, 10.2, 9.7], ∫ϰ²/L>=[18.9, 15.9, 12.1, 18.6, 19.6], C-C-Sep=0.08, ║∇J║=2.8e-04
Iteration 528/2000-----
currents: [100000.0, 99999.99999826371, 99999.99999813773, 99999.99999827796, 99999.9999985284]
J=2.3e-05, ⟨Jf⟩=1.3e-05, ⟨B·n⟩=1.1e-03, Len=sum([2.4, 2.5, 2.4, 2.4, 2.6])=12.3, ϰ=[12.2, 8.1, 6.4, 10.1, 9.7], ∫ϰ²/L>=[18.9, 15.9, 12.1, 18.6, 19.6], C-C-Sep=0.08, ║∇J║=2.5e-04
Iteration 529/2000-----
currents: [100000.0, 99999.99999826336, 99999.99999813727, 99999.99999827756, 99999.99999852823]
J=2.3e-05, ⟨Jf⟩=1.3e-05, ⟨B·n⟩=1.1e-03, Len=sum([2.4, 2.5, 2.4, 2.4, 2.6])=12.3, ϰ=[12.2, 8.1, 6.4, 10.2, 9.7], ∫ϰ²/L>=[18.9, 15.9, 12.1, 18.6, 19.6], C-C-Sep=0.08, ║∇J║=2.3e-04
Iteration 530/2000-----
currents: [100000.0, 99999.99999826215, 99999.99999813593, 99999.99999827647, 99999.99999852794]
J=2.3e-05, ⟨Jf⟩=1.3e-05, ⟨B·n⟩=1.1e-03, Len=sum([2.4, 2.5, 2.4, 2.4, 2.6])=12.3, ϰ=[12.2, 8.1, 6.4, 10.2, 9.7], ∫ϰ²/L>=[18.9, 15.9, 12.1, 18.7, 19.6], C-C-Sep=0.08, ║∇J║=2.6e-04
Iteration 531/2000-----
currents: [100000.0, 99999.99999826158, 99999.99999813519, 99999.99999827583, 99999.9999985277]
J=2.3e-05, ⟨Jf⟩=1.3e-05, ⟨B·n⟩=1.1e-03, Len=sum([2.4, 2.5, 2.4, 2.4, 2.6])=12.3, ϰ=[12.2, 8.1, 6.4, 10.2, 9.7], ∫ϰ²/L>=[18.9, 15.9, 12.1, 18.7, 19.6], C-C-Sep=0.08, ║∇J║=2.8e-04
Iteration 532/2000-----
currents: [100000.0, 99999.99999826148, 99999.99999813504, 99999.9999982757, 99999.99999852764]
J=2.3e-05, ⟨Jf⟩=1.3e-05, ⟨B·n⟩=1.1e-03, Len=sum([2.4, 2.5, 2.4, 2.4, 2.6])=12.3, ϰ=[12.2, 8.2, 6.4, 10.2, 9.7], ∫ϰ²/L>=[18.9, 15.9, 12.1, 18.7, 19.6], C-C-Sep=0.08, ║∇J║=2.0e-04
Iteration 533/2000-----
currents: [100000.0, 99999.99999826125, 99999.99999813476, 99999.99999827548, 99999.99999852756]
J=2.3e-05, ⟨Jf⟩=1.3e-05, ⟨B·n⟩=1.1e-03, Len=sum([2.4, 2.5, 2.4, 2.4, 2.6])=12.3, ϰ=[12.2, 8.2, 6.4, 10.2, 9.7], ∫ϰ²/L>=[18.9, 15.9, 12.1, 18.7, 19.6], C-C-Sep=0.08, ║∇J║=2.1e-04
Iteration 534/2000-----
currents: [100000.0, 99999.99999826112, 99999.99999813455, 99999.99999827528, 99999.99999852743]
J=2.3e-05, ⟨Jf⟩=1.3e-05, ⟨B·n⟩=1.1e-03, Len=sum([2.4, 2.5, 2.4, 2.4, 2.6])=12.3, ϰ=[12.2, 8.2, 6.4, 10.2, 9.7], ∫ϰ²/L>=[18.9, 15.9, 12.1, 18.7, 19.6], C-C-Sep=0.08, ║∇J║=3.0e-04
Iteration 535/2000-----
currents: [100000.0, 99999.99999826067, 99999.99999813396, 99999.99999827478, 99999.99999852722]
J=2.3e-05, ⟨Jf⟩=1.3e-05, ⟨B·n⟩=1.1e-03, Len=sum([2.4, 2.5, 2.4, 2.4, 2.6])=12.3, ϰ=[12.2, 8.2, 6.5, 10.2, 9.7], ∫ϰ²/L>=[18.8, 15.9, 12.1, 18.7, 19.6], C-C-Sep=0.08, ║∇J║=2.4e-04
Iteration 536/2000-----
currents: [100000.0, 99999.99999825966, 99999.99999813276, 99999.99999827376, 99999.9999985268]
J=2.3e-05, ⟨Jf⟩=1.3e-05, ⟨B·n⟩=1.1e-03, Len=sum([2.4, 2.5, 2.4, 2.4, 2.6])=12.3, ϰ=[12.2, 8.2, 6.5, 10.3, 9.7], ∫ϰ²/L>=[18.8, 15.9, 12.1, 18.7, 19.6], C-C-Sep=0.08, ║∇J║=2.9e-04
Iteration 537/2000-----
currents: [100000.0, 99999.99999825875, 99999.9999981316, 99999.99999827276, 99999.99999852636]
J=2.3e-05, ⟨Jf⟩=1.3e-05, ⟨B·n⟩=1.1e-03, Len=sum([2.4, 2.5, 2.4, 2.4, 2.6])=12.3, ϰ=[12.2, 8.2, 6.5, 10.3, 9.7], ∫ϰ²/L>=[18.8, 15.9, 12.1, 18.7, 19.6], C-C-Sep=0.08, ║∇J║=4.1e-04
Iteration 538/2000-----
currents: [100000.0, 99999.99999825878, 99999.99999813165, 99999.99999827279, 99999.99999852636]
J=2.3e-05, ⟨Jf⟩=1.3e-05, ⟨B·n⟩=1.1e-03, Len=sum([2.4, 2.5, 2.4, 2.4, 2.6])=12.3, ϰ=[12.2, 8.2, 6.5, 10.3, 9.7], ∫ϰ²/L>=[18.8, 15.9, 12.1, 18.7, 19.6], C-C-Sep=0.08, ║∇J║=2.0e-04
Iteration 539/2000-----
currents: [100000.0, 99999.99999825872, 99999.99999813159, 99999.99999827273, 99999.99999852631]
J=2.3e-05, ⟨Jf⟩=1.3e-05, ⟨B·n⟩=1.1e-03, Len=sum([2.4, 2.5, 2.4, 2.4, 2.6])=12.3, ϰ=[12.2, 8.2, 6.5, 10.3, 9.7], ∫ϰ²/L>=[18.8, 15.9, 12.1, 18.7, 19.6], C-C-Sep=0.08, ║∇J║=1.6e-04
Iteration 540/2000-----
currents: [100000.0, 99999.99999825843, 99999.99999813123, 99999.99999827241, 99999.99999852618]
J=2.3e-05, ⟨Jf⟩=1.3e-05, ⟨B·n⟩=1.1e-03, Len=sum([2.4, 2.5, 2.4, 2.4, 2.6])=12.3, ϰ=[12.2, 8.2, 6.5, 10.3, 9.7], ∫ϰ²/L>=[18.8, 15.9, 12.1, 18.7, 19.6], C-C-Sep=0.08, ║∇J║=1.7e-04
Iteration 541/2000-----
currents: [100000.0, 99999.99999825824, 99999.99999813094, 99999.99999827213, 99999.99999852602]
J=2.3e-05, ⟨Jf⟩=1.3e-05, ⟨B·n⟩=1.1e-03, Len=sum([2.4, 2.5, 2.4, 2.4, 2.6])=12.3, ϰ=[12.2, 8.2, 6.5, 10.3, 9.7], ∫ϰ²/L>=[18.8, 15.9, 12.1, 18.7, 19.6], C-C-Sep=0.08, ║∇J║=1.8e-04
Iteration 542/2000-----
currents: [100000.0, 99999.99999825773, 99999.99999813028, 99999.99999827155, 99999.99999852579]
J=2.3e-05, ⟨Jf⟩=1.3e-05, ⟨B·n⟩=1.1e-03, Len=sum([2.4, 2.5, 2.4, 2.4, 2.6])=12.3, ϰ=[12.1, 8.2, 6.5, 10.3, 9.7], ∫ϰ²/L>=[18.8, 15.9, 12.1, 18.7, 19.6], C-C-Sep=0.08, ║∇J║=1.9e-04
Iteration 543/2000-----
currents: [100000.0, 99999.99999825748, 99999.99999812992, 99999.99999827122, 99999.99999852563]
J=2.3e-05, ⟨Jf⟩=1.3e-05, ⟨B·n⟩=1.1e-03, Len=sum([2.4, 2.5, 2.4, 2.4, 2.6])=12.3, ϰ=[12.1, 8.2, 6.5, 10.3, 9.7], ∫ϰ²/L>=[18.7, 15.9, 12.1, 18.7, 19.6], C-C-Sep=0.08, ║∇J║=1.9e-04
Iteration 544/2000-----
currents: [100000.0, 99999.99999825719, 99999.99999812953, 99999.99999827084, 99999.99999852547]
J=2.3e-05, ⟨Jf⟩=1.3e-05, ⟨B·n⟩=1.1e-03, Len=sum([2.4, 2.5, 2.4, 2.4, 2.6])=12.3, ϰ=[12.1, 8.3, 6.5, 10.4, 9.7], ∫ϰ²/L>=[18.7, 15.9, 12.0, 18.7, 19.6], C-C-Sep=0.08, ║∇J║=2.2e-04
Iteration 545/2000-----
currents: [100000.0, 99999.99999825683, 99999.99999812907, 99999.99999827042, 99999.9999985253]
J=2.3e-05, ⟨Jf⟩=1.3e-05, ⟨B·n⟩=1.1e-03, Len=sum([2.4, 2.5, 2.4, 2.4, 2.6])=12.3, ϰ=[12.1, 8.3, 6.5, 10.4, 9.7], ∫ϰ²/L>=[18.7, 15.9, 12.0, 18.7, 19.6], C-C-Sep=0.08, ║∇J║=1.9e-04
Iteration 546/2000-----
currents: [100000.0, 99999.99999825652, 99999.9999981287, 99999.99999827004, 99999.99999852512]
J=2.3e-05, ⟨Jf⟩=1.3e-05, ⟨B·n⟩=1.1e-03, Len=sum([2.4, 2.5, 2.4, 2.4, 2.6])=12.3, ϰ=[12.1, 8.3, 6.4, 10.4, 9.7], ∫ϰ²/L>=[18.7, 15.9, 12.0, 18.7, 19.6], C-C-Sep=0.08, ║∇J║=1.9e-04
Iteration 547/2000-----
currents: [100000.0, 99999.9999982558, 99999.99999812785, 99999.99999826925, 99999.99999852483]
J=2.3e-05, ⟨Jf⟩=1.3e-05, ⟨B·n⟩=1.1e-03, Len=sum([2.4, 2.5, 2.4, 2.4, 2.6])=12.3, ϰ=[12.1, 8.3, 6.4, 10.4, 9.7], ∫ϰ²/L>=[18.7, 15.9, 12.0, 18.7, 19.6], C-C-Sep=0.08, ║∇J║=2.4e-04
Iteration 548/2000-----
currents: [100000.0, 99999.99999825537, 99999.99999812733, 99999.99999826876, 99999.99999852462]
J=2.3e-05, ⟨Jf⟩=1.3e-05, ⟨B·n⟩=1.1e-03, Len=sum([2.4, 2.5, 2.4, 2.4, 2.6])=12.3, ϰ=[12.1, 8.3, 6.4, 10.4, 9.7], ∫ϰ²/L>=[18.7, 15.9, 12.0, 18.8, 19.6], C-C-Sep=0.08, ║∇J║=2.0e-04
Iteration 549/2000-----
currents: [100000.0, 99999.99999825511, 99999.99999812698, 99999.99999826841, 99999.99999852448]
J=2.3e-05, ⟨Jf⟩=1.3e-05, ⟨B·n⟩=1.1e-03, Len=sum([2.4, 2.5, 2.4, 2.4, 2.6])=12.3, ϰ=[12.1, 8.3, 6.4, 10.4, 9.7], ∫ϰ²/L>=[18.7, 15.9, 12.0, 18.8, 19.6], C-C-Sep=0.08, ║∇J║=1.5e-04
Iteration 550/2000-----
currents: [100000.0, 99999.99999825479, 99999.99999812656, 99999.99999826799, 99999.99999852432]
J=2.3e-05, ⟨Jf⟩=1.3e-05, ⟨B·n⟩=1.1e-03, Len=sum([2.4, 2.5, 2.4, 2.4, 2.6])=12.3, ϰ=[12.1, 8.3, 6.4, 10.4, 9.7], ∫ϰ²/L>=[18.7, 15.9, 12.0, 18.8, 19.6], C-C-Sep=0.08, ║∇J║=1.6e-04
Iteration 551/2000-----
currents: [100000.0, 99999.99999825445, 99999.99999812615, 99999.99999826758, 99999.99999852417]
J=2.3e-05, ⟨Jf⟩=1.3e-05, ⟨B·n⟩=1.1e-03, Len=sum([2.4, 2.5, 2.4, 2.4, 2.6])=12.3, ϰ=[12.1, 8.3, 6.5, 10.4, 9.7], ∫ϰ²/L>=[18.7, 15.9, 12.0, 18.8, 19.6], C-C-Sep=0.08, ║∇J║=2.4e-04
Iteration 552/2000-----
currents: [100000.0, 99999.99999825447, 99999.99999812618, 99999.99999826757, 99999.99999852416]
J=2.3e-05, ⟨Jf⟩=1.3e-05, ⟨B·n⟩=1.1e-03, Len=sum([2.4, 2.5, 2.4, 2.4, 2.6])=12.3, ϰ=[12.1, 8.3, 6.5, 10.4, 9.7], ∫ϰ²/L>=[18.7, 15.9, 12.0, 18.8, 19.6], C-C-Sep=0.08, ║∇J║=1.5e-04
Iteration 553/2000-----
currents: [100000.0, 99999.99999825443, 99999.99999812616, 99999.9999982675, 99999.99999852414]
J=2.3e-05, ⟨Jf⟩=1.3e-05, ⟨B·n⟩=1.1e-03, Len=sum([2.4, 2.5, 2.4, 2.4, 2.6])=12.3, ϰ=[12.1, 8.3, 6.5, 10.4, 9.6], ∫ϰ²/L>=[18.7, 15.9, 12.0, 18.8, 19.6], C-C-Sep=0.08, ║∇J║=1.4e-04
Iteration 554/2000-----
currents: [100000.0, 99999.99999825426, 99999.99999812602, 99999.99999826732, 99999.99999852407]
J=2.3e-05, ⟨Jf⟩=1.3e-05, ⟨B·n⟩=1.1e-03, Len=sum([2.4, 2.5, 2.4, 2.4, 2.6])=12.3, ϰ=[12.1, 8.3, 6.5, 10.4, 9.6], ∫ϰ²/L>=[18.7, 15.9, 12.0, 18.8, 19.6], C-C-Sep=0.08, ║∇J║=1.6e-04
Iteration 555/2000-----
currents: [100000.0, 99999.99999825361, 99999.99999812532, 99999.99999826656, 99999.99999852378]
J=2.3e-05, ⟨Jf⟩=1.3e-05, ⟨B·n⟩=1.1e-03, Len=sum([2.4, 2.5, 2.4, 2.4, 2.6])=12.3, ϰ=[12.1, 8.3, 6.5, 10.4, 9.6], ∫ϰ²/L>=[18.7, 15.9, 12.1, 18.8, 19.6], C-C-Sep=0.08, ║∇J║=2.3e-04
Iteration 556/2000-----
currents: [100000.0, 99999.99999825285, 99999.99999812445, 99999.99999826562, 99999.99999852339]
J=2.3e-05, ⟨Jf⟩=1.3e-05, ⟨B·n⟩=1.1e-03, Len=sum([2.4, 2.5, 2.4, 2.4, 2.6])=12.3, ϰ=[12.1, 8.3, 6.5, 10.4, 9.6], ∫ϰ²/L>=[18.7, 15.9, 12.1, 18.8, 19.6], C-C-Sep=0.08, ║∇J║=2.6e-04
Iteration 557/2000-----
currents: [100000.0, 99999.99999825249, 99999.99999812401, 99999.99999826516, 99999.9999985232]
J=2.3e-05, ⟨Jf⟩=1.3e-05, ⟨B·n⟩=1.1e-03, Len=sum([2.4, 2.5, 2.4, 2.4, 2.6])=12.3, ϰ=[12.1, 8.3, 6.5, 10.4, 9.6], ∫ϰ²/L>=[18.7, 15.9, 12.1, 18.8, 19.6], C-C-Sep=0.08, ║∇J║=1.6e-04
Iteration 558/2000-----
currents: [100000.0, 99999.99999825192, 99999.99999812328, 99999.99999826445, 99999.9999985229]
J=2.3e-05, ⟨Jf⟩=1.3e-05, ⟨B·n⟩=1.1e-03, Len=sum([2.4, 2.5, 2.4, 2.4, 2.6])=12.3, ϰ=[12.1, 8.3, 6.5, 10.4, 9.6], ∫ϰ²/L>=[18.7, 15.9, 12.1, 18.8, 19.6], C-C-Sep=0.08, ║∇J║=1.6e-04
Iteration 559/2000-----
currents: [100000.0, 99999.9999982518, 99999.99999812312, 99999.99999826423, 99999.99999852278]
J=2.3e-05, ⟨Jf⟩=1.3e-05, ⟨B·n⟩=1.1e-03, Len=sum([2.4, 2.5, 2.4, 2.4, 2.6])=12.3, ϰ=[12.1, 8.3, 6.5, 10.4, 9.6], ∫ϰ²/L>=[18.8, 15.9, 12.1, 18.8, 19.6], C-C-Sep=0.08, ║∇J║=1.9e-04
Iteration 560/2000-----
currents: [100000.0, 99999.99999825162, 99999.99999812288, 99999.99999826394, 99999.99999852265]
J=2.3e-05, ⟨Jf⟩=1.3e-05, ⟨B·n⟩=1.1e-03, Len=sum([2.4, 2.5, 2.4, 2.4, 2.6])=12.3, ϰ=[12.2, 8.4, 6.6, 10.4, 9.6], ∫ϰ²/L>=[18.8, 15.9, 12.1, 18.8, 19.6], C-C-Sep=0.08, ║∇J║=1.4e-04
Iteration 561/2000-----
currents: [100000.0, 99999.99999825122, 99999.9999981224, 99999.99999826337, 99999.99999852241]
J=2.3e-05, ⟨Jf⟩=1.3e-05, ⟨B·n⟩=1.0e-03, Len=sum([2.4, 2.5, 2.4, 2.4, 2.6])=12.3, ϰ=[12.2, 8.4, 6.6, 10.3, 9.6], ∫ϰ²/L>=[18.8, 15.9, 12.1, 18.8, 19.6], C-C-Sep=0.08, ║∇J║=1.9e-04
Iteration 562/2000-----
currents: [100000.0, 99999.9999982511, 99999.99999812225, 99999.99999826313, 99999.99999852228]
J=2.3e-05, ⟨Jf⟩=1.3e-05, ⟨B·n⟩=1.0e-03, Len=sum([2.4, 2.5, 2.4, 2.4, 2.6])=12.3, ϰ=[12.2, 8.4, 6.6, 10.3, 9.6], ∫ϰ²/L>=[18.8, 15.9, 12.1, 18.8, 19.6], C-C-Sep=0.08, ║∇J║=2.2e-04
Iteration 563/2000-----
currents: [100000.0, 99999.9999982509, 99999.99999812202, 99999.99999826287, 99999.99999852217]
J=2.3e-05, ⟨Jf⟩=1.3e-05, ⟨B·n⟩=1.0e-03, Len=sum([2.4, 2.5, 2.4, 2.4, 2.6])=12.3, ϰ=[12.2, 8.4, 6.6, 10.3, 9.6], ∫ϰ²/L>=[18.8, 15.9, 12.1, 18.8, 19.6], C-C-Sep=0.08, ║∇J║=1.7e-04
Iteration 564/2000-----
currents: [100000.0, 99999.99999825041, 99999.99999812144, 99999.99999826224, 99999.99999852187]
J=2.3e-05, ⟨Jf⟩=1.3e-05, ⟨B·n⟩=1.0e-03, Len=sum([2.4, 2.5, 2.4, 2.4, 2.6])=12.3, ϰ=[12.2, 8.4, 6.6, 10.3, 9.5], ∫ϰ²/L>=[18.8, 15.9, 12.1, 18.8, 19.6], C-C-Sep=0.08, ║∇J║=1.5e-04
Iteration 565/2000-----
currents: [100000.0, 99999.99999825016, 99999.99999812111, 99999.99999826188, 99999.99999852169]
J=2.3e-05, ⟨Jf⟩=1.3e-05, ⟨B·n⟩=1.0e-03, Len=sum([2.4, 2.5, 2.4, 2.4, 2.6])=12.3, ϰ=[12.2, 8.4, 6.6, 10.3, 9.5], ∫ϰ²/L>=[18.8, 15.9, 12.1, 18.8, 19.6], C-C-Sep=0.08, ║∇J║=2.1e-04
Iteration 566/2000-----
currents: [100000.0, 99999.99999824978, 99999.99999812066, 99999.99999826144, 99999.99999852151]
J=2.3e-05, ⟨Jf⟩=1.3e-05, ⟨B·n⟩=1.0e-03, Len=sum([2.4, 2.5, 2.4, 2.4, 2.6])=12.3, ϰ=[12.2, 8.4, 6.6, 10.3, 9.5], ∫ϰ²/L>=[18.8, 15.9, 12.1, 18.8, 19.6], C-C-Sep=0.08, ║∇J║=1.6e-04
Iteration 567/2000-----
currents: [100000.0, 99999.99999824923, 99999.99999811997, 99999.99999826065, 99999.99999852113]
J=2.3e-05, ⟨Jf⟩=1.3e-05, ⟨B·n⟩=1.0e-03, Len=sum([2.4, 2.5, 2.4, 2.4, 2.6])=12.3, ϰ=[12.2, 8.4, 6.7, 10.3, 9.5], ∫ϰ²/L>=[18.8, 15.9, 12.1, 18.8, 19.6], C-C-Sep=0.08, ║∇J║=1.5e-04
Iteration 568/2000-----
currents: [100000.0, 99999.9999982487, 99999.99999811933, 99999.99999825998, 99999.99999852084]
J=2.3e-05, ⟨Jf⟩=1.3e-05, ⟨B·n⟩=1.0e-03, Len=sum([2.4, 2.5, 2.4, 2.4, 2.6])=12.3, ϰ=[12.2, 8.4, 6.7, 10.4, 9.5], ∫ϰ²/L>=[18.8, 15.9, 12.1, 18.8, 19.6], C-C-Sep=0.08, ║∇J║=1.8e-04
Iteration 569/2000-----
currents: [100000.0, 99999.99999824844, 99999.99999811896, 99999.99999825949, 99999.99999852055]
J=2.3e-05, ⟨Jf⟩=1.3e-05, ⟨B·n⟩=1.0e-03, Len=sum([2.4, 2.5, 2.4, 2.4, 2.6])=12.3, ϰ=[12.2, 8.4, 6.7, 10.4, 9.5], ∫ϰ²/L>=[18.8, 15.8, 12.1, 18.8, 19.6], C-C-Sep=0.08, ║∇J║=1.7e-04
Iteration 570/2000-----
currents: [100000.0, 99999.99999824831, 99999.99999811877, 99999.99999825911, 99999.99999852029]
J=2.3e-05, ⟨Jf⟩=1.3e-05, ⟨B·n⟩=1.0e-03, Len=sum([2.4, 2.5, 2.4, 2.4, 2.6])=12.3, ϰ=[12.2, 8.4, 6.7, 10.4, 9.4], ∫ϰ²/L>=[18.8, 15.8, 12.1, 18.8, 19.6], C-C-Sep=0.08, ║∇J║=2.2e-04
Iteration 571/2000-----
currents: [100000.0, 99999.99999824825, 99999.9999981187, 99999.99999825897, 99999.9999985202]
J=2.3e-05, ⟨Jf⟩=1.3e-05, ⟨B·n⟩=1.0e-03, Len=sum([2.4, 2.5, 2.4, 2.4, 2.6])=12.3, ϰ=[12.2, 8.4, 6.7, 10.4, 9.4], ∫ϰ²/L>=[18.8, 15.8, 12.1, 18.8, 19.6], C-C-Sep=0.08, ║∇J║=1.4e-04
Iteration 572/2000-----
currents: [100000.0, 99999.99999824807, 99999.99999811851, 99999.99999825878, 99999.99999852014]
J=2.3e-05, ⟨Jf⟩=1.3e-05, ⟨B·n⟩=1.0e-03, Len=sum([2.4, 2.5, 2.4, 2.4, 2.6])=12.3, ϰ=[12.2, 8.4, 6.7, 10.4, 9.4], ∫ϰ²/L>=[18.8, 15.8, 12.1, 18.8, 19.6], C-C-Sep=0.08, ║∇J║=1.3e-04
Iteration 573/2000-----
currents: [100000.0, 99999.99999824777, 99999.99999811822, 99999.99999825846, 99999.99999852004]
J=2.3e-05, ⟨Jf⟩=1.3e-05, ⟨B·n⟩=1.0e-03, Len=sum([2.4, 2.5, 2.4, 2.4, 2.6])=12.3, ϰ=[12.2, 8.4, 6.7, 10.4, 9.4], ∫ϰ²/L>=[18.8, 15.8, 12.1, 18.8, 19.6], C-C-Sep=0.08, ║∇J║=1.3e-04
Iteration 574/2000-----
currents: [100000.0, 99999.99999824696, 99999.9999981173, 99999.99999825751, 99999.9999985197]
J=2.3e-05, ⟨Jf⟩=1.3e-05, ⟨B·n⟩=1.0e-03, Len=sum([2.4, 2.5, 2.4, 2.4, 2.6])=12.3, ϰ=[12.2, 8.4, 6.7, 10.4, 9.3], ∫ϰ²/L>=[18.8, 15.8, 12.1, 18.8, 19.6], C-C-Sep=0.08, ║∇J║=2.1e-04
Iteration 575/2000-----
currents: [100000.0, 99999.9999982462, 99999.99999811643, 99999.99999825661, 99999.99999851937]
J=2.3e-05, ⟨Jf⟩=1.3e-05, ⟨B·n⟩=1.0e-03, Len=sum([2.4, 2.5, 2.4, 2.4, 2.6])=12.3, ϰ=[12.2, 8.4, 6.7, 10.4, 9.3], ∫ϰ²/L>=[18.8, 15.8, 12.1, 18.8, 19.6], C-C-Sep=0.08, ║∇J║=1.3e-04
Iteration 576/2000-----
currents: [100000.0, 99999.99999824593, 99999.99999811607, 99999.99999825617, 99999.99999851918]
J=2.3e-05, ⟨Jf⟩=1.3e-05, ⟨B·n⟩=1.0e-03, Len=sum([2.4, 2.5, 2.4, 2.4, 2.6])=12.3, ϰ=[12.2, 8.4, 6.7, 10.4, 9.3], ∫ϰ²/L>=[18.8, 15.8, 12.1, 18.8, 19.6], C-C-Sep=0.08, ║∇J║=1.2e-04
Iteration 577/2000-----
currents: [100000.0, 99999.99999824548, 99999.9999981155, 99999.99999825556, 99999.99999851894]
J=2.3e-05, ⟨Jf⟩=1.3e-05, ⟨B·n⟩=1.0e-03, Len=sum([2.4, 2.5, 2.4, 2.4, 2.6])=12.3, ϰ=[12.2, 8.4, 6.7, 10.4, 9.3], ∫ϰ²/L>=[18.8, 15.8, 12.1, 18.8, 19.6], C-C-Sep=0.08, ║∇J║=1.5e-04
Iteration 578/2000-----
currents: [100000.0, 99999.9999982451, 99999.99999811502, 99999.99999825505, 99999.99999851872]
J=2.3e-05, ⟨Jf⟩=1.3e-05, ⟨B·n⟩=1.0e-03, Len=sum([2.4, 2.5, 2.4, 2.4, 2.6])=12.3, ϰ=[12.2, 8.4, 6.7, 10.4, 9.2], ∫ϰ²/L>=[18.8, 15.8, 12.1, 18.8, 19.6], C-C-Sep=0.08, ║∇J║=1.3e-04
Iteration 579/2000-----
currents: [100000.0, 99999.99999824524, 99999.99999811516, 99999.99999825512, 99999.9999985187]
J=2.3e-05, ⟨Jf⟩=1.3e-05, ⟨B·n⟩=1.0e-03, Len=sum([2.4, 2.5, 2.4, 2.4, 2.6])=12.3, ϰ=[12.2, 8.4, 6.7, 10.4, 9.2], ∫ϰ²/L>=[18.8, 15.8, 12.1, 18.8, 19.6], C-C-Sep=0.08, ║∇J║=1.2e-04
Iteration 580/2000-----
currents: [100000.0, 99999.99999824498, 99999.99999811486, 99999.99999825477, 99999.99999851854]
J=2.3e-05, ⟨Jf⟩=1.3e-05, ⟨B·n⟩=1.0e-03, Len=sum([2.4, 2.5, 2.4, 2.4, 2.6])=12.3, ϰ=[12.2, 8.4, 6.6, 10.4, 9.2], ∫ϰ²/L>=[18.8, 15.8, 12.1, 18.8, 19.6], C-C-Sep=0.08, ║∇J║=1.4e-04
Iteration 581/2000-----
currents: [100000.0, 99999.99999824469, 99999.99999811451, 99999.99999825435, 99999.99999851834]
J=2.3e-05, ⟨Jf⟩=1.3e-05, ⟨B·n⟩=1.0e-03, Len=sum([2.4, 2.5, 2.4, 2.4, 2.6])=12.3, ϰ=[12.2, 8.4, 6.6, 10.4, 9.2], ∫ϰ²/L>=[18.8, 15.8, 12.0, 18.8, 19.6], C-C-Sep=0.08, ║∇J║=1.6e-04
Iteration 582/2000-----
currents: [100000.0, 99999.99999824449, 99999.99999811426, 99999.99999825403, 99999.99999851818]
J=2.3e-05, ⟨Jf⟩=1.3e-05, ⟨B·n⟩=1.0e-03, Len=sum([2.4, 2.5, 2.4, 2.4, 2.6])=12.3, ϰ=[12.2, 8.4, 6.6, 10.4, 9.2], ∫ϰ²/L>=[18.8, 15.8, 12.0, 18.8, 19.6], C-C-Sep=0.08, ║∇J║=1.2e-04
Iteration 583/2000-----
currents: [100000.0, 99999.99999824377, 99999.99999811342, 99999.99999825312, 99999.9999985178]
J=2.3e-05, ⟨Jf⟩=1.3e-05, ⟨B·n⟩=1.0e-03, Len=sum([2.4, 2.5, 2.4, 2.4, 2.6])=12.3, ϰ=[12.2, 8.4, 6.6, 10.4, 9.2], ∫ϰ²/L>=[18.8, 15.8, 12.0, 18.8, 19.6], C-C-Sep=0.08, ║∇J║=1.4e-04
Iteration 584/2000-----
currents: [100000.0, 99999.9999982433, 99999.99999811282, 99999.99999825245, 99999.9999985175]
J=2.3e-05, ⟨Jf⟩=1.3e-05, ⟨B·n⟩=1.0e-03, Len=sum([2.4, 2.5, 2.4, 2.4, 2.6])=12.3, ϰ=[12.2, 8.4, 6.6, 10.4, 9.2], ∫ϰ²/L>=[18.8, 15.8, 12.0, 18.8, 19.6], C-C-Sep=0.08, ║∇J║=2.1e-04
Iteration 585/2000-----
currents: [100000.0, 99999.99999824313, 99999.99999811263, 99999.99999825226, 99999.9999985174]
J=2.3e-05, ⟨Jf⟩=1.3e-05, ⟨B·n⟩=1.0e-03, Len=sum([2.4, 2.5, 2.4, 2.4, 2.6])=12.3, ϰ=[12.2, 8.4, 6.6, 10.4, 9.2], ∫ϰ²/L>=[18.8, 15.8, 12.0, 18.8, 19.6], C-C-Sep=0.08, ║∇J║=1.2e-04
Iteration 586/2000-----
currents: [100000.0, 99999.99999824273, 99999.99999811215, 99999.99999825178, 99999.99999851719]
J=2.3e-05, ⟨Jf⟩=1.3e-05, ⟨B·n⟩=1.0e-03, Len=sum([2.4, 2.5, 2.4, 2.4, 2.6])=12.3, ϰ=[12.2, 8.4, 6.6, 10.4, 9.2], ∫ϰ²/L>=[18.8, 15.8, 12.0, 18.8, 19.6], C-C-Sep=0.08, ║∇J║=1.2e-04
Iteration 587/2000-----
currents: [100000.0, 99999.99999824232, 99999.99999811167, 99999.99999825127, 99999.99999851694]
J=2.3e-05, ⟨Jf⟩=1.3e-05, ⟨B·n⟩=1.0e-03, Len=sum([2.4, 2.5, 2.4, 2.4, 2.6])=12.3, ϰ=[12.2, 8.4, 6.6, 10.4, 9.2], ∫ϰ²/L>=[18.8, 15.8, 12.0, 18.8, 19.6], C-C-Sep=0.08, ║∇J║=1.4e-04
Iteration 588/2000-----
currents: [100000.0, 99999.9999982413, 99999.99999811049, 99999.99999825002, 99999.99999851636]
J=2.3e-05, ⟨Jf⟩=1.3e-05, ⟨B·n⟩=1.0e-03, Len=sum([2.4, 2.5, 2.4, 2.4, 2.6])=12.3, ϰ=[12.2, 8.4, 6.6, 10.4, 9.2], ∫ϰ²/L>=[18.8, 15.8, 12.0, 18.8, 19.6], C-C-Sep=0.08, ║∇J║=2.3e-04
Iteration 589/2000-----
currents: [100000.0, 99999.99999824098, 99999.9999981101, 99999.99999824955, 99999.99999851611]
J=2.3e-05, ⟨Jf⟩=1.3e-05, ⟨B·n⟩=1.0e-03, Len=sum([2.4, 2.5, 2.4, 2.4, 2.6])=12.3, ϰ=[12.2, 8.4, 6.6, 10.4, 9.2], ∫ϰ²/L>=[18.8, 15.8, 12.0, 18.8, 19.6], C-C-Sep=0.08, ║∇J║=1.1e-04
Iteration 590/2000-----
currents: [100000.0, 99999.99999824096, 99999.99999811008, 99999.99999824952, 99999.9999985161]
J=2.3e-05, ⟨Jf⟩=1.3e-05, ⟨B·n⟩=1.0e-03, Len=sum([2.4, 2.5, 2.4, 2.4, 2.6])=12.3, ϰ=[12.2, 8.4, 6.6, 10.4, 9.2], ∫ϰ²/L>=[18.8, 15.8, 12.0, 18.8, 19.6], C-C-Sep=0.08, ║∇J║=9.4e-05
Iteration 591/2000-----
currents: [100000.0, 99999.9999982408, 99999.99999810988, 99999.9999982493, 99999.999998516]
J=2.3e-05, ⟨Jf⟩=1.3e-05, ⟨B·n⟩=1.0e-03, Len=sum([2.4, 2.5, 2.4, 2.4, 2.6])=12.3, ϰ=[12.2, 8.4, 6.6, 10.4, 9.2], ∫ϰ²/L>=[18.8, 15.8, 12.0, 18.8, 19.6], C-C-Sep=0.08, ║∇J║=1.1e-04
Iteration 592/2000-----
currents: [100000.0, 99999.99999824066, 99999.9999981097, 99999.9999982491, 99999.9999985159]
J=2.3e-05, ⟨Jf⟩=1.3e-05, ⟨B·n⟩=1.0e-03, Len=sum([2.4, 2.5, 2.4, 2.4, 2.6])=12.3, ϰ=[12.2, 8.4, 6.6, 10.4, 9.2], ∫ϰ²/L>=[18.8, 15.8, 12.0, 18.8, 19.6], C-C-Sep=0.08, ║∇J║=1.8e-04
Iteration 593/2000-----
currents: [100000.0, 99999.9999982403, 99999.99999810924, 99999.99999824863, 99999.99999851569]
J=2.3e-05, ⟨Jf⟩=1.3e-05, ⟨B·n⟩=1.0e-03, Len=sum([2.4, 2.5, 2.4, 2.4, 2.6])=12.3, ϰ=[12.2, 8.4, 6.6, 10.4, 9.2], ∫ϰ²/L>=[18.8, 15.8, 12.0, 18.8, 19.6], C-C-Sep=0.08, ║∇J║=1.2e-04
Iteration 594/2000-----
currents: [100000.0, 99999.9999982398, 99999.9999981086, 99999.99999824796, 99999.9999985154]
J=2.3e-05, ⟨Jf⟩=1.3e-05, ⟨B·n⟩=1.0e-03, Len=sum([2.4, 2.5, 2.4, 2.4, 2.6])=12.3, ϰ=[12.2, 8.4, 6.6, 10.4, 9.2], ∫ϰ²/L>=[18.8, 15.8, 12.0, 18.8, 19.6], C-C-Sep=0.08, ║∇J║=1.1e-04
Iteration 595/2000-----
currents: [100000.0, 99999.99999823933, 99999.99999810799, 99999.99999824732, 99999.99999851512]
J=2.3e-05, ⟨Jf⟩=1.3e-05, ⟨B·n⟩=1.0e-03, Len=sum([2.4, 2.5, 2.4, 2.4, 2.6])=12.3, ϰ=[12.2, 8.4, 6.6, 10.4, 9.2], ∫ϰ²/L>=[18.8, 15.8, 12.0, 18.8, 19.6], C-C-Sep=0.08, ║∇J║=1.5e-04
Iteration 596/2000-----
currents: [100000.0, 99999.99999823885, 99999.99999810736, 99999.99999824668, 99999.99999851486]
J=2.3e-05, ⟨Jf⟩=1.3e-05, ⟨B·n⟩=1.0e-03, Len=sum([2.4, 2.5, 2.4, 2.4, 2.6])=12.3, ϰ=[12.2, 8.3, 6.6, 10.4, 9.2], ∫ϰ²/L>=[18.8, 15.8, 12.0, 18.8, 19.5], C-C-Sep=0.08, ║∇J║=1.4e-04
Iteration 597/2000-----
currents: [100000.0, 99999.99999823855, 99999.99999810697, 99999.99999824628, 99999.9999985147]
J=2.3e-05, ⟨Jf⟩=1.3e-05, ⟨B·n⟩=1.0e-03, Len=sum([2.4, 2.5, 2.4, 2.4, 2.6])=12.3, ϰ=[12.2, 8.3, 6.6, 10.4, 9.2], ∫ϰ²/L>=[18.8, 15.8, 12.0, 18.8, 19.5], C-C-Sep=0.08, ║∇J║=1.0e-04
Iteration 598/2000-----
currents: [100000.0, 99999.99999823824, 99999.99999810656, 99999.99999824585, 99999.99999851454]
J=2.3e-05, ⟨Jf⟩=1.3e-05, ⟨B·n⟩=1.0e-03, Len=sum([2.4, 2.5, 2.4, 2.4, 2.6])=12.3, ϰ=[12.2, 8.3, 6.6, 10.4, 9.2], ∫ϰ²/L>=[18.8, 15.8, 12.0, 18.8, 19.5], C-C-Sep=0.08, ║∇J║=1.1e-04
Iteration 599/2000-----
currents: [100000.0, 99999.9999982379, 99999.99999810611, 99999.99999824542, 99999.99999851437]
J=2.3e-05, ⟨Jf⟩=1.3e-05, ⟨B·n⟩=1.0e-03, Len=sum([2.4, 2.5, 2.4, 2.4, 2.6])=12.3, ϰ=[12.2, 8.3, 6.6, 10.4, 9.3], ∫ϰ²/L>=[18.8, 15.8, 12.0, 18.8, 19.5], C-C-Sep=0.08, ║∇J║=1.3e-04
Iteration 600/2000-----
currents: [100000.0, 99999.9999982376, 99999.99999810573, 99999.99999824504, 99999.9999985142]
J=2.3e-05, ⟨Jf⟩=1.3e-05, ⟨B·n⟩=1.0e-03, Len=sum([2.4, 2.5, 2.4, 2.4, 2.6])=12.3, ϰ=[12.2, 8.3, 6.6, 10.4, 9.3], ∫ϰ²/L>=[18.8, 15.8, 12.0, 18.8, 19.5], C-C-Sep=0.08, ║∇J║=1.1e-04
Iteration 601/2000-----
currents: [100000.0, 99999.99999823693, 99999.99999810485, 99999.99999824412, 99999.99999851378]
J=2.3e-05, ⟨Jf⟩=1.3e-05, ⟨B·n⟩=1.0e-03, Len=sum([2.4, 2.5, 2.4, 2.4, 2.6])=12.3, ϰ=[12.2, 8.3, 6.6, 10.4, 9.3], ∫ϰ²/L>=[18.8, 15.8, 12.0, 18.8, 19.5], C-C-Sep=0.08, ║∇J║=1.5e-04
Iteration 602/2000-----
currents: [100000.0, 99999.99999823628, 99999.99999810402, 99999.99999824328, 99999.99999851342]
J=2.3e-05, ⟨Jf⟩=1.3e-05, ⟨B·n⟩=1.0e-03, Len=sum([2.4, 2.5, 2.4, 2.4, 2.6])=12.3, ϰ=[12.2, 8.3, 6.6, 10.4, 9.3], ∫ϰ²/L>=[18.8, 15.8, 12.0, 18.8, 19.5], C-C-Sep=0.08, ║∇J║=2.1e-04
Iteration 603/2000-----
currents: [100000.0, 99999.99999823597, 99999.99999810362, 99999.99999824286, 99999.99999851322]
J=2.3e-05, ⟨Jf⟩=1.3e-05, ⟨B·n⟩=1.0e-03, Len=sum([2.4, 2.5, 2.4, 2.4, 2.6])=12.3, ϰ=[12.2, 8.3, 6.6, 10.4, 9.3], ∫ϰ²/L>=[18.8, 15.8, 12.0, 18.8, 19.5], C-C-Sep=0.08, ║∇J║=1.4e-04
Iteration 604/2000-----
currents: [100000.0, 99999.99999823557, 99999.99999810307, 99999.99999824223, 99999.99999851288]
J=2.3e-05, ⟨Jf⟩=1.3e-05, ⟨B·n⟩=1.0e-03, Len=sum([2.4, 2.5, 2.4, 2.4, 2.6])=12.3, ϰ=[12.2, 8.3, 6.6, 10.4, 9.3], ∫ϰ²/L>=[18.8, 15.8, 12.0, 18.8, 19.5], C-C-Sep=0.08, ║∇J║=1.1e-04
Iteration 605/2000-----
currents: [100000.0, 99999.99999823506, 99999.99999810242, 99999.99999824156, 99999.99999851258]
J=2.3e-05, ⟨Jf⟩=1.3e-05, ⟨B·n⟩=1.0e-03, Len=sum([2.4, 2.5, 2.4, 2.4, 2.6])=12.3, ϰ=[12.2, 8.3, 6.6, 10.4, 9.3], ∫ϰ²/L>=[18.8, 15.8, 12.0, 18.8, 19.5], C-C-Sep=0.08, ║∇J║=1.2e-04
Iteration 606/2000-----
currents: [100000.0, 99999.99999823462, 99999.99999810182, 99999.99999824094, 99999.99999851227]
J=2.3e-05, ⟨Jf⟩=1.3e-05, ⟨B·n⟩=1.0e-03, Len=sum([2.4, 2.5, 2.4, 2.4, 2.6])=12.3, ϰ=[12.2, 8.3, 6.6, 10.4, 9.3], ∫ϰ²/L>=[18.8, 15.8, 12.0, 18.8, 19.5], C-C-Sep=0.08, ║∇J║=1.3e-04
Iteration 607/2000-----
currents: [100000.0, 99999.99999823463, 99999.99999810178, 99999.99999824088, 99999.99999851223]
J=2.3e-05, ⟨Jf⟩=1.3e-05, ⟨B·n⟩=1.0e-03, Len=sum([2.4, 2.5, 2.4, 2.4, 2.6])=12.3, ϰ=[12.2, 8.3, 6.6, 10.4, 9.3], ∫ϰ²/L>=[18.9, 15.8, 12.0, 18.8, 19.5], C-C-Sep=0.08, ║∇J║=1.1e-04
Iteration 608/2000-----
currents: [100000.0, 99999.99999823429, 99999.99999810131, 99999.99999824043, 99999.99999851205]
J=2.3e-05, ⟨Jf⟩=1.3e-05, ⟨B·n⟩=1.0e-03, Len=sum([2.4, 2.5, 2.4, 2.4, 2.6])=12.3, ϰ=[12.2, 8.3, 6.6, 10.4, 9.3], ∫ϰ²/L>=[18.9, 15.8, 12.0, 18.8, 19.5], C-C-Sep=0.08, ║∇J║=1.2e-04
Iteration 609/2000-----
currents: [100000.0, 99999.99999823402, 99999.9999981009, 99999.99999824, 99999.99999851186]
J=2.3e-05, ⟨Jf⟩=1.3e-05, ⟨B·n⟩=1.0e-03, Len=sum([2.4, 2.5, 2.4, 2.4, 2.6])=12.3, ϰ=[12.2, 8.3, 6.6, 10.4, 9.3], ∫ϰ²/L>=[18.9, 15.8, 12.0, 18.8, 19.5], C-C-Sep=0.08, ║∇J║=1.4e-04
Iteration 610/2000-----
currents: [100000.0, 99999.99999823322, 99999.99999809981, 99999.99999823888, 99999.99999851137]
J=2.3e-05, ⟨Jf⟩=1.3e-05, ⟨B·n⟩=1.0e-03, Len=sum([2.4, 2.5, 2.4, 2.4, 2.6])=12.3, ϰ=[12.2, 8.3, 6.6, 10.4, 9.3], ∫ϰ²/L>=[18.9, 15.8, 12.0, 18.9, 19.5], C-C-Sep=0.08, ║∇J║=1.7e-04
Iteration 611/2000-----
currents: [100000.0, 99999.99999823261, 99999.99999809903, 99999.99999823808, 99999.99999851102]
J=2.3e-05, ⟨Jf⟩=1.3e-05, ⟨B·n⟩=1.0e-03, Len=sum([2.4, 2.5, 2.4, 2.4, 2.6])=12.3, ϰ=[12.2, 8.3, 6.6, 10.4, 9.3], ∫ϰ²/L>=[18.9, 15.8, 12.0, 18.9, 19.5], C-C-Sep=0.08, ║∇J║=1.2e-04
Iteration 612/2000-----
currents: [100000.0, 99999.99999823218, 99999.99999809843, 99999.99999823746, 99999.99999851073]
J=2.3e-05, ⟨Jf⟩=1.3e-05, ⟨B·n⟩=1.0e-03, Len=sum([2.4, 2.5, 2.4, 2.4, 2.6])=12.3, ϰ=[12.2, 8.3, 6.6, 10.4, 9.3], ∫ϰ²/L>=[18.9, 15.8, 12.0, 18.9, 19.5], C-C-Sep=0.08, ║∇J║=1.1e-04
Iteration 613/2000-----
currents: [100000.0, 99999.99999823152, 99999.99999809754, 99999.99999823653, 99999.9999985103]
J=2.3e-05, ⟨Jf⟩=1.3e-05, ⟨B·n⟩=1.0e-03, Len=sum([2.4, 2.5, 2.4, 2.4, 2.6])=12.3, ϰ=[12.2, 8.3, 6.6, 10.5, 9.3], ∫ϰ²/L>=[18.9, 15.8, 12.0, 18.9, 19.5], C-C-Sep=0.08, ║∇J║=1.2e-04
Iteration 614/2000-----
currents: [100000.0, 99999.99999823076, 99999.99999809651, 99999.99999823545, 99999.99999850984]
J=2.3e-05, ⟨Jf⟩=1.3e-05, ⟨B·n⟩=1.0e-03, Len=sum([2.4, 2.5, 2.4, 2.4, 2.6])=12.3, ϰ=[12.2, 8.3, 6.6, 10.5, 9.3], ∫ϰ²/L>=[18.9, 15.8, 12.0, 18.9, 19.5], C-C-Sep=0.08, ║∇J║=1.3e-04
Iteration 615/2000-----
currents: [100000.0, 99999.99999823052, 99999.99999809613, 99999.99999823504, 99999.99999850965]
J=2.3e-05, ⟨Jf⟩=1.3e-05, ⟨B·n⟩=1.0e-03, Len=sum([2.4, 2.5, 2.4, 2.4, 2.6])=12.3, ϰ=[12.2, 8.3, 6.6, 10.5, 9.3], ∫ϰ²/L>=[18.9, 15.8, 12.0, 18.9, 19.5], C-C-Sep=0.08, ║∇J║=1.0e-04
Iteration 616/2000-----
currents: [100000.0, 99999.99999823027, 99999.9999980957, 99999.99999823458, 99999.99999850943]
J=2.3e-05, ⟨Jf⟩=1.3e-05, ⟨B·n⟩=1.0e-03, Len=sum([2.4, 2.5, 2.4, 2.4, 2.6])=12.3, ϰ=[12.2, 8.2, 6.6, 10.5, 9.3], ∫ϰ²/L>=[18.9, 15.8, 12.0, 18.9, 19.5], C-C-Sep=0.08, ║∇J║=1.2e-04
Iteration 617/2000-----
currents: [100000.0, 99999.99999822998, 99999.99999809524, 99999.99999823407, 99999.9999985092]
J=2.3e-05, ⟨Jf⟩=1.3e-05, ⟨B·n⟩=1.0e-03, Len=sum([2.4, 2.5, 2.4, 2.4, 2.6])=12.3, ϰ=[12.2, 8.2, 6.6, 10.5, 9.3], ∫ϰ²/L>=[18.9, 15.8, 12.0, 18.9, 19.5], C-C-Sep=0.08, ║∇J║=1.7e-04
Iteration 618/2000-----
currents: [100000.0, 99999.99999822977, 99999.99999809488, 99999.99999823366, 99999.999998509]
J=2.3e-05, ⟨Jf⟩=1.3e-05, ⟨B·n⟩=1.0e-03, Len=sum([2.4, 2.5, 2.4, 2.4, 2.6])=12.3, ϰ=[12.2, 8.2, 6.6, 10.5, 9.3], ∫ϰ²/L>=[18.8, 15.8, 12.0, 18.9, 19.5], C-C-Sep=0.08, ║∇J║=1.1e-04
Iteration 619/2000-----
currents: [100000.0, 99999.99999822925, 99999.99999809406, 99999.9999982328, 99999.99999850859]
J=2.3e-05, ⟨Jf⟩=1.3e-05, ⟨B·n⟩=1.0e-03, Len=sum([2.4, 2.5, 2.4, 2.4, 2.6])=12.3, ϰ=[12.2, 8.2, 6.6, 10.5, 9.3], ∫ϰ²/L>=[18.8, 15.8, 11.9, 18.9, 19.5], C-C-Sep=0.08, ║∇J║=1.3e-04
Iteration 620/2000-----
currents: [100000.0, 99999.99999822874, 99999.99999809334, 99999.99999823204, 99999.99999850824]
J=2.3e-05, ⟨Jf⟩=1.3e-05, ⟨B·n⟩=1.0e-03, Len=sum([2.4, 2.5, 2.4, 2.4, 2.6])=12.3, ϰ=[12.2, 8.2, 6.6, 10.5, 9.3], ∫ϰ²/L>=[18.8, 15.8, 11.9, 18.9, 19.5], C-C-Sep=0.08, ║∇J║=1.6e-04
Iteration 621/2000-----
currents: [100000.0, 99999.99999822823, 99999.99999809261, 99999.9999982313, 99999.9999985079]
J=2.3e-05, ⟨Jf⟩=1.3e-05, ⟨B·n⟩=1.0e-03, Len=sum([2.4, 2.5, 2.4, 2.4, 2.6])=12.3, ϰ=[12.2, 8.2, 6.6, 10.5, 9.4], ∫ϰ²/L>=[18.8, 15.8, 11.9, 18.9, 19.5], C-C-Sep=0.08, ║∇J║=1.3e-04
Iteration 622/2000-----
currents: [100000.0, 99999.99999822724, 99999.99999809124, 99999.99999822993, 99999.99999850732]
J=2.3e-05, ⟨Jf⟩=1.3e-05, ⟨B·n⟩=1.0e-03, Len=sum([2.4, 2.5, 2.4, 2.4, 2.6])=12.3, ϰ=[12.2, 8.2, 6.6, 10.5, 9.4], ∫ϰ²/L>=[18.8, 15.8, 11.9, 18.9, 19.5], C-C-Sep=0.08, ║∇J║=1.3e-04
Iteration 623/2000-----
currents: [100000.0, 99999.99999822663, 99999.9999980904, 99999.99999822906, 99999.99999850694]
J=2.3e-05, ⟨Jf⟩=1.3e-05, ⟨B·n⟩=1.0e-03, Len=sum([2.4, 2.5, 2.4, 2.4, 2.6])=12.3, ϰ=[12.2, 8.3, 6.6, 10.5, 9.4], ∫ϰ²/L>=[18.8, 15.8, 11.9, 18.9, 19.5], C-C-Sep=0.08, ║∇J║=1.5e-04
Iteration 624/2000-----
currents: [100000.0, 99999.9999982264, 99999.99999809006, 99999.9999982287, 99999.99999850677]
J=2.3e-05, ⟨Jf⟩=1.3e-05, ⟨B·n⟩=1.0e-03, Len=sum([2.4, 2.5, 2.4, 2.4, 2.6])=12.3, ϰ=[12.2, 8.3, 6.6, 10.5, 9.3], ∫ϰ²/L>=[18.8, 15.8, 11.9, 18.9, 19.5], C-C-Sep=0.08, ║∇J║=1.2e-04
Iteration 625/2000-----
currents: [100000.0, 99999.99999822568, 99999.99999808909, 99999.99999822765, 99999.99999850628]
J=2.3e-05, ⟨Jf⟩=1.3e-05, ⟨B·n⟩=1.0e-03, Len=sum([2.4, 2.5, 2.4, 2.4, 2.6])=12.3, ϰ=[12.2, 8.3, 6.6, 10.5, 9.4], ∫ϰ²/L>=[18.8, 15.8, 11.9, 18.9, 19.5], C-C-Sep=0.08, ║∇J║=1.3e-04
Iteration 626/2000-----
currents: [100000.0, 99999.99999822528, 99999.99999808849, 99999.99999822698, 99999.99999850594]
J=2.3e-05, ⟨Jf⟩=1.3e-05, ⟨B·n⟩=1.0e-03, Len=sum([2.4, 2.5, 2.4, 2.4, 2.6])=12.3, ϰ=[12.2, 8.3, 6.6, 10.5, 9.3], ∫ϰ²/L>=[18.8, 15.8, 11.9, 18.9, 19.5], C-C-Sep=0.08, ║∇J║=1.6e-04
Iteration 627/2000-----
currents: [100000.0, 99999.99999822512, 99999.99999808824, 99999.99999822672, 99999.9999985058]
J=2.3e-05, ⟨Jf⟩=1.3e-05, ⟨B·n⟩=1.0e-03, Len=sum([2.4, 2.5, 2.4, 2.4, 2.6])=12.3, ϰ=[12.2, 8.3, 6.6, 10.5, 9.4], ∫ϰ²/L>=[18.8, 15.8, 11.9, 18.9, 19.5], C-C-Sep=0.08, ║∇J║=1.1e-04
Iteration 628/2000-----
currents: [100000.0, 99999.99999822439, 99999.99999808715, 99999.9999982256, 99999.99999850523]
J=2.3e-05, ⟨Jf⟩=1.3e-05, ⟨B·n⟩=1.0e-03, Len=sum([2.4, 2.5, 2.4, 2.4, 2.6])=12.3, ϰ=[12.2, 8.3, 6.6, 10.5, 9.4], ∫ϰ²/L>=[18.8, 15.8, 11.9, 18.9, 19.5], C-C-Sep=0.08, ║∇J║=9.4e-05
Iteration 629/2000-----
currents: [100000.0, 99999.9999982241, 99999.99999808667, 99999.99999822509, 99999.99999850495]
J=2.3e-05, ⟨Jf⟩=1.3e-05, ⟨B·n⟩=1.0e-03, Len=sum([2.4, 2.5, 2.4, 2.4, 2.6])=12.3, ϰ=[12.2, 8.3, 6.6, 10.5, 9.4], ∫ϰ²/L>=[18.8, 15.8, 11.9, 18.9, 19.5], C-C-Sep=0.08, ║∇J║=1.1e-04
Iteration 630/2000-----
currents: [100000.0, 99999.99999822365, 99999.99999808586, 99999.99999822426, 99999.99999850449]
J=2.3e-05, ⟨Jf⟩=1.3e-05, ⟨B·n⟩=1.0e-03, Len=sum([2.4, 2.5, 2.4, 2.4, 2.6])=12.3, ϰ=[12.2, 8.3, 6.6, 10.5, 9.4], ∫ϰ²/L>=[18.8, 15.8, 11.9, 18.9, 19.5], C-C-Sep=0.08, ║∇J║=1.1e-04
Iteration 631/2000-----
currents: [100000.0, 99999.9999982233, 99999.99999808526, 99999.99999822368, 99999.99999850418]
J=2.3e-05, ⟨Jf⟩=1.3e-05, ⟨B·n⟩=1.0e-03, Len=sum([2.4, 2.5, 2.4, 2.4, 2.6])=12.3, ϰ=[12.2, 8.3, 6.6, 10.5, 9.4], ∫ϰ²/L>=[18.8, 15.8, 11.9, 18.9, 19.5], C-C-Sep=0.08, ║∇J║=1.4e-04
Iteration 632/2000-----
currents: [100000.0, 99999.99999822304, 99999.99999808484, 99999.99999822327, 99999.99999850396]
J=2.3e-05, ⟨Jf⟩=1.3e-05, ⟨B·n⟩=1.0e-03, Len=sum([2.4, 2.5, 2.4, 2.4, 2.6])=12.3, ϰ=[12.2, 8.3, 6.6, 10.5, 9.4], ∫ϰ²/L>=[18.8, 15.8, 11.9, 18.9, 19.5], C-C-Sep=0.08, ║∇J║=1.1e-04
Iteration 633/2000-----
currents: [100000.0, 99999.99999822276, 99999.99999808439, 99999.99999822288, 99999.99999850376]
J=2.3e-05, ⟨Jf⟩=1.3e-05, ⟨B·n⟩=1.0e-03, Len=sum([2.4, 2.5, 2.4, 2.4, 2.6])=12.3, ϰ=[12.2, 8.3, 6.6, 10.5, 9.4], ∫ϰ²/L>=[18.8, 15.8, 11.9, 19.0, 19.5], C-C-Sep=0.08, ║∇J║=1.3e-04
Iteration 634/2000-----
currents: [100000.0, 99999.99999822224, 99999.99999808367, 99999.99999822219, 99999.99999850344]
J=2.3e-05, ⟨Jf⟩=1.3e-05, ⟨B·n⟩=1.0e-03, Len=sum([2.4, 2.5, 2.4, 2.4, 2.6])=12.3, ϰ=[12.2, 8.3, 6.6, 10.5, 9.4], ∫ϰ²/L>=[18.8, 15.8, 11.9, 19.0, 19.5], C-C-Sep=0.08, ║∇J║=1.1e-04
Iteration 635/2000-----
currents: [100000.0, 99999.99999822176, 99999.999998083, 99999.99999822154, 99999.99999850312]
J=2.3e-05, ⟨Jf⟩=1.3e-05, ⟨B·n⟩=1.0e-03, Len=sum([2.4, 2.5, 2.4, 2.4, 2.6])=12.3, ϰ=[12.2, 8.4, 6.6, 10.5, 9.4], ∫ϰ²/L>=[18.8, 15.8, 11.9, 19.0, 19.5], C-C-Sep=0.08, ║∇J║=9.6e-05
Iteration 636/2000-----
currents: [100000.0, 99999.99999822053, 99999.9999980813, 99999.9999982199, 99999.99999850232]
J=2.3e-05, ⟨Jf⟩=1.3e-05, ⟨B·n⟩=1.0e-03, Len=sum([2.4, 2.5, 2.4, 2.4, 2.6])=12.3, ϰ=[12.2, 8.4, 6.6, 10.5, 9.4], ∫ϰ²/L>=[18.8, 15.8, 11.9, 19.0, 19.5], C-C-Sep=0.08, ║∇J║=1.1e-04
Iteration 637/2000-----
currents: [100000.0, 99999.99999821959, 99999.99999807995, 99999.9999982186, 99999.99999850166]
J=2.3e-05, ⟨Jf⟩=1.3e-05, ⟨B·n⟩=1.0e-03, Len=sum([2.4, 2.5, 2.4, 2.4, 2.6])=12.3, ϰ=[12.2, 8.4, 6.6, 10.5, 9.4], ∫ϰ²/L>=[18.8, 15.8, 11.9, 19.0, 19.5], C-C-Sep=0.08, ║∇J║=2.0e-04
Iteration 638/2000-----
currents: [100000.0, 99999.99999821924, 99999.99999807947, 99999.9999982181, 99999.99999850141]
J=2.3e-05, ⟨Jf⟩=1.3e-05, ⟨B·n⟩=1.0e-03, Len=sum([2.4, 2.5, 2.4, 2.4, 2.6])=12.3, ϰ=[12.2, 8.4, 6.7, 10.5, 9.4], ∫ϰ²/L>=[18.8, 15.8, 11.9, 19.0, 19.5], C-C-Sep=0.08, ║∇J║=1.1e-04
Iteration 639/2000-----
currents: [100000.0, 99999.99999821893, 99999.99999807902, 99999.99999821768, 99999.99999850118]
J=2.3e-05, ⟨Jf⟩=1.3e-05, ⟨B·n⟩=1.0e-03, Len=sum([2.4, 2.5, 2.4, 2.4, 2.6])=12.3, ϰ=[12.2, 8.4, 6.7, 10.5, 9.4], ∫ϰ²/L>=[18.8, 15.8, 11.9, 19.0, 19.5], C-C-Sep=0.08, ║∇J║=9.0e-05
Iteration 640/2000-----
currents: [100000.0, 99999.99999821851, 99999.9999980784, 99999.99999821706, 99999.99999850083]
J=2.3e-05, ⟨Jf⟩=1.3e-05, ⟨B·n⟩=1.0e-03, Len=sum([2.4, 2.5, 2.4, 2.4, 2.6])=12.3, ϰ=[12.2, 8.4, 6.7, 10.5, 9.4], ∫ϰ²/L>=[18.8, 15.8, 11.9, 19.0, 19.5], C-C-Sep=0.08, ║∇J║=1.0e-04
Iteration 641/2000-----
currents: [100000.0, 99999.99999821791, 99999.9999980775, 99999.99999821617, 99999.99999850032]
J=2.3e-05, ⟨Jf⟩=1.3e-05, ⟨B·n⟩=1.0e-03, Len=sum([2.4, 2.5, 2.4, 2.4, 2.6])=12.3, ϰ=[12.2, 8.4, 6.7, 10.5, 9.4], ∫ϰ²/L>=[18.7, 15.8, 11.9, 19.0, 19.5], C-C-Sep=0.08, ║∇J║=1.5e-04
Iteration 642/2000-----
currents: [100000.0, 99999.99999821729, 99999.99999807656, 99999.99999821521, 99999.99999849976]
J=2.3e-05, ⟨Jf⟩=1.3e-05, ⟨B·n⟩=1.0e-03, Len=sum([2.4, 2.5, 2.4, 2.4, 2.6])=12.3, ϰ=[12.2, 8.4, 6.7, 10.5, 9.4], ∫ϰ²/L>=[18.7, 15.8, 11.9, 19.0, 19.5], C-C-Sep=0.08, ║∇J║=1.4e-04
Iteration 643/2000-----
currents: [100000.0, 99999.999998217, 99999.99999807616, 99999.99999821479, 99999.99999849952]
J=2.3e-05, ⟨Jf⟩=1.3e-05, ⟨B·n⟩=1.0e-03, Len=sum([2.4, 2.5, 2.4, 2.4, 2.6])=12.3, ϰ=[12.2, 8.4, 6.7, 10.5, 9.4], ∫ϰ²/L>=[18.7, 15.8, 11.9, 19.0, 19.5], C-C-Sep=0.08, ║∇J║=9.2e-05
Iteration 644/2000-----
currents: [100000.0, 99999.99999821688, 99999.99999807599, 99999.99999821458, 99999.99999849938]
J=2.3e-05, ⟨Jf⟩=1.3e-05, ⟨B·n⟩=1.0e-03, Len=sum([2.4, 2.5, 2.4, 2.4, 2.6])=12.3, ϰ=[12.2, 8.4, 6.7, 10.5, 9.4], ∫ϰ²/L>=[18.7, 15.8, 11.9, 19.0, 19.5], C-C-Sep=0.08, ║∇J║=9.7e-05
Iteration 645/2000-----
currents: [100000.0, 99999.99999821639, 99999.99999807532, 99999.99999821388, 99999.999998499]
J=2.3e-05, ⟨Jf⟩=1.3e-05, ⟨B·n⟩=1.0e-03, Len=sum([2.4, 2.5, 2.4, 2.4, 2.6])=12.3, ϰ=[12.2, 8.4, 6.7, 10.5, 9.4], ∫ϰ²/L>=[18.7, 15.8, 11.9, 19.0, 19.5], C-C-Sep=0.08, ║∇J║=1.1e-04
Iteration 646/2000-----
currents: [100000.0, 99999.99999821538, 99999.9999980739, 99999.9999982124, 99999.99999849817]
J=2.3e-05, ⟨Jf⟩=1.3e-05, ⟨B·n⟩=1.0e-03, Len=sum([2.4, 2.5, 2.4, 2.4, 2.6])=12.3, ϰ=[12.2, 8.4, 6.7, 10.5, 9.4], ∫ϰ²/L>=[18.7, 15.8, 11.9, 19.0, 19.5], C-C-Sep=0.08, ║∇J║=1.2e-04
Iteration 647/2000-----
currents: [100000.0, 99999.99999821465, 99999.99999807285, 99999.99999821132, 99999.99999849756]
J=2.3e-05, ⟨Jf⟩=1.3e-05, ⟨B·n⟩=1.0e-03, Len=sum([2.4, 2.5, 2.4, 2.4, 2.6])=12.3, ϰ=[12.2, 8.4, 6.7, 10.5, 9.4], ∫ϰ²/L>=[18.7, 15.8, 11.9, 19.0, 19.5], C-C-Sep=0.08, ║∇J║=1.4e-04
Iteration 648/2000-----
currents: [100000.0, 99999.9999982138, 99999.99999807167, 99999.99999821014, 99999.99999849696]
J=2.3e-05, ⟨Jf⟩=1.3e-05, ⟨B·n⟩=1.0e-03, Len=sum([2.4, 2.5, 2.4, 2.4, 2.6])=12.3, ϰ=[12.2, 8.4, 6.7, 10.5, 9.4], ∫ϰ²/L>=[18.7, 15.8, 11.9, 19.0, 19.5], C-C-Sep=0.08, ║∇J║=1.1e-04
Iteration 649/2000-----
currents: [100000.0, 99999.99999821333, 99999.99999807095, 99999.99999820942, 99999.99999849654]
J=2.3e-05, ⟨Jf⟩=1.3e-05, ⟨B·n⟩=1.0e-03, Len=sum([2.4, 2.5, 2.4, 2.4, 2.6])=12.3, ϰ=[12.2, 8.4, 6.7, 10.5, 9.4], ∫ϰ²/L>=[18.7, 15.8, 11.9, 19.0, 19.5], C-C-Sep=0.08, ║∇J║=1.3e-04
Iteration 650/2000-----
currents: [100000.0, 99999.9999982129, 99999.99999807031, 99999.99999820875, 99999.99999849618]
J=2.3e-05, ⟨Jf⟩=1.3e-05, ⟨B·n⟩=1.0e-03, Len=sum([2.4, 2.5, 2.4, 2.4, 2.6])=12.3, ϰ=[12.2, 8.4, 6.7, 10.5, 9.4], ∫ϰ²/L>=[18.7, 15.8, 11.9, 19.0, 19.5], C-C-Sep=0.08, ║∇J║=1.3e-04
Iteration 651/2000-----
currents: [100000.0, 99999.99999821246, 99999.99999806969, 99999.9999982081, 99999.99999849584]
J=2.3e-05, ⟨Jf⟩=1.3e-05, ⟨B·n⟩=1.0e-03, Len=sum([2.4, 2.5, 2.4, 2.4, 2.6])=12.3, ϰ=[12.2, 8.4, 6.7, 10.5, 9.4], ∫ϰ²/L>=[18.7, 15.8, 11.9, 19.0, 19.5], C-C-Sep=0.08, ║∇J║=1.0e-04
Iteration 652/2000-----
currents: [100000.0, 99999.9999982119, 99999.99999806882, 99999.99999820716, 99999.99999849526]
J=2.3e-05, ⟨Jf⟩=1.3e-05, ⟨B·n⟩=1.0e-03, Len=sum([2.4, 2.5, 2.4, 2.4, 2.6])=12.3, ϰ=[12.2, 8.4, 6.7, 10.5, 9.4], ∫ϰ²/L>=[18.7, 15.8, 11.9, 19.0, 19.5], C-C-Sep=0.08, ║∇J║=1.2e-04
Iteration 653/2000-----
currents: [100000.0, 99999.99999821097, 99999.99999806746, 99999.99999820576, 99999.99999849449]
J=2.3e-05, ⟨Jf⟩=1.3e-05, ⟨B·n⟩=1.0e-03, Len=sum([2.4, 2.5, 2.4, 2.4, 2.6])=12.3, ϰ=[12.2, 8.4, 6.7, 10.5, 9.4], ∫ϰ²/L>=[18.7, 15.8, 11.9, 19.0, 19.5], C-C-Sep=0.08, ║∇J║=1.7e-04
Iteration 654/2000-----
currents: [100000.0, 99999.99999821051, 99999.99999806675, 99999.999998205, 99999.99999849405]
J=2.3e-05, ⟨Jf⟩=1.3e-05, ⟨B·n⟩=1.0e-03, Len=sum([2.4, 2.5, 2.4, 2.4, 2.6])=12.3, ϰ=[12.2, 8.4, 6.7, 10.5, 9.4], ∫ϰ²/L>=[18.7, 15.8, 11.9, 19.0, 19.5], C-C-Sep=0.08, ║∇J║=1.1e-04
Iteration 655/2000-----
currents: [100000.0, 99999.99999820946, 99999.99999806516, 99999.99999820336, 99999.99999849312]
J=2.3e-05, ⟨Jf⟩=1.3e-05, ⟨B·n⟩=1.0e-03, Len=sum([2.4, 2.5, 2.4, 2.4, 2.6])=12.3, ϰ=[12.2, 8.4, 6.7, 10.5, 9.4], ∫ϰ²/L>=[18.6, 15.8, 11.9, 19.0, 19.5], C-C-Sep=0.08, ║∇J║=1.0e-04
Iteration 656/2000-----
currents: [100000.0, 99999.99999820863, 99999.99999806395, 99999.99999820211, 99999.99999849244]
J=2.3e-05, ⟨Jf⟩=1.3e-05, ⟨B·n⟩=1.0e-03, Len=sum([2.4, 2.5, 2.4, 2.4, 2.6])=12.3, ϰ=[12.2, 8.4, 6.7, 10.4, 9.4], ∫ϰ²/L>=[18.6, 15.8, 11.9, 19.0, 19.5], C-C-Sep=0.08, ║∇J║=1.3e-04
Iteration 657/2000-----
currents: [100000.0, 99999.99999820755, 99999.99999806243, 99999.99999820054, 99999.99999849159]
J=2.3e-05, ⟨Jf⟩=1.3e-05, ⟨B·n⟩=1.0e-03, Len=sum([2.4, 2.5, 2.4, 2.4, 2.6])=12.3, ϰ=[12.2, 8.4, 6.7, 10.4, 9.4], ∫ϰ²/L>=[18.6, 15.8, 11.9, 19.0, 19.5], C-C-Sep=0.08, ║∇J║=1.1e-04
Iteration 658/2000-----
currents: [100000.0, 99999.99999820713, 99999.9999980618, 99999.99999819987, 99999.9999984912]
J=2.3e-05, ⟨Jf⟩=1.3e-05, ⟨B·n⟩=1.0e-03, Len=sum([2.4, 2.5, 2.4, 2.4, 2.6])=12.3, ϰ=[12.2, 8.4, 6.7, 10.4, 9.4], ∫ϰ²/L>=[18.6, 15.8, 11.9, 19.0, 19.5], C-C-Sep=0.08, ║∇J║=1.1e-04
Iteration 659/2000-----
currents: [100000.0, 99999.99999820661, 99999.99999806112, 99999.99999819914, 99999.99999849084]
J=2.3e-05, ⟨Jf⟩=1.3e-05, ⟨B·n⟩=1.0e-03, Len=sum([2.4, 2.5, 2.4, 2.4, 2.6])=12.3, ϰ=[12.2, 8.4, 6.7, 10.4, 9.4], ∫ϰ²/L>=[18.6, 15.8, 11.9, 19.0, 19.5], C-C-Sep=0.08, ║∇J║=1.1e-04
Iteration 660/2000-----
currents: [100000.0, 99999.99999820621, 99999.99999806052, 99999.99999819847, 99999.99999849041]
J=2.3e-05, ⟨Jf⟩=1.3e-05, ⟨B·n⟩=1.0e-03, Len=sum([2.4, 2.5, 2.4, 2.4, 2.6])=12.3, ϰ=[12.2, 8.4, 6.7, 10.4, 9.4], ∫ϰ²/L>=[18.6, 15.8, 11.9, 19.0, 19.5], C-C-Sep=0.08, ║∇J║=1.5e-04
Iteration 661/2000-----
currents: [100000.0, 99999.9999982053, 99999.99999805921, 99999.99999819705, 99999.9999984896]
J=2.3e-05, ⟨Jf⟩=1.3e-05, ⟨B·n⟩=1.0e-03, Len=sum([2.4, 2.5, 2.4, 2.4, 2.6])=12.3, ϰ=[12.2, 8.4, 6.7, 10.4, 9.3], ∫ϰ²/L>=[18.6, 15.8, 11.9, 19.0, 19.5], C-C-Sep=0.08, ║∇J║=1.7e-04
Iteration 662/2000-----
currents: [100000.0, 99999.99999820458, 99999.99999805816, 99999.99999819597, 99999.99999848902]
J=2.3e-05, ⟨Jf⟩=1.3e-05, ⟨B·n⟩=1.0e-03, Len=sum([2.4, 2.5, 2.4, 2.4, 2.6])=12.3, ϰ=[12.2, 8.4, 6.7, 10.4, 9.3], ∫ϰ²/L>=[18.6, 15.8, 11.9, 19.0, 19.5], C-C-Sep=0.08, ║∇J║=1.1e-04
Iteration 663/2000-----
currents: [100000.0, 99999.99999820432, 99999.9999980577, 99999.99999819548, 99999.99999848868]
J=2.3e-05, ⟨Jf⟩=1.3e-05, ⟨B·n⟩=1.0e-03, Len=sum([2.4, 2.5, 2.4, 2.4, 2.6])=12.3, ϰ=[12.2, 8.4, 6.7, 10.4, 9.3], ∫ϰ²/L>=[18.6, 15.8, 11.9, 19.0, 19.5], C-C-Sep=0.08, ║∇J║=1.0e-04
Iteration 664/2000-----
currents: [100000.0, 99999.99999820345, 99999.99999805646, 99999.9999981942, 99999.99999848801]
J=2.3e-05, ⟨Jf⟩=1.3e-05, ⟨B·n⟩=1.0e-03, Len=sum([2.4, 2.5, 2.4, 2.4, 2.6])=12.3, ϰ=[12.2, 8.4, 6.7, 10.4, 9.3], ∫ϰ²/L>=[18.6, 15.8, 11.9, 19.0, 19.5], C-C-Sep=0.08, ║∇J║=1.1e-04
Iteration 665/2000-----
currents: [100000.0, 99999.99999820221, 99999.9999980547, 99999.99999819238, 99999.99999848705]
J=2.3e-05, ⟨Jf⟩=1.3e-05, ⟨B·n⟩=1.0e-03, Len=sum([2.4, 2.5, 2.4, 2.4, 2.6])=12.3, ϰ=[12.1, 8.4, 6.7, 10.5, 9.3], ∫ϰ²/L>=[18.6, 15.9, 11.9, 19.0, 19.5], C-C-Sep=0.08, ║∇J║=1.2e-04
Iteration 666/2000-----
currents: [100000.0, 99999.9999982017, 99999.99999805394, 99999.99999819159, 99999.99999848662]
J=2.3e-05, ⟨Jf⟩=1.3e-05, ⟨B·n⟩=1.0e-03, Len=sum([2.4, 2.5, 2.4, 2.4, 2.6])=12.3, ϰ=[12.1, 8.4, 6.7, 10.5, 9.3], ∫ϰ²/L>=[18.6, 15.9, 11.9, 19.0, 19.5], C-C-Sep=0.08, ║∇J║=1.1e-04
Iteration 667/2000-----
currents: [100000.0, 99999.99999820099, 99999.99999805298, 99999.9999981906, 99999.99999848614]
J=2.3e-05, ⟨Jf⟩=1.3e-05, ⟨B·n⟩=1.0e-03, Len=sum([2.4, 2.5, 2.4, 2.4, 2.6])=12.3, ϰ=[12.1, 8.4, 6.7, 10.5, 9.3], ∫ϰ²/L>=[18.6, 15.9, 11.9, 19.0, 19.5], C-C-Sep=0.08, ║∇J║=9.2e-05
Iteration 668/2000-----
currents: [100000.0, 99999.99999820071, 99999.9999980526, 99999.99999819022, 99999.99999848595]
J=2.3e-05, ⟨Jf⟩=1.3e-05, ⟨B·n⟩=1.0e-03, Len=sum([2.4, 2.5, 2.4, 2.4, 2.6])=12.3, ϰ=[12.1, 8.4, 6.7, 10.5, 9.3], ∫ϰ²/L>=[18.6, 15.9, 11.9, 19.0, 19.5], C-C-Sep=0.08, ║∇J║=9.6e-05
Iteration 669/2000-----
currents: [100000.0, 99999.99999820032, 99999.99999805204, 99999.99999818963, 99999.99999848561]
J=2.3e-05, ⟨Jf⟩=1.3e-05, ⟨B·n⟩=1.0e-03, Len=sum([2.4, 2.5, 2.4, 2.4, 2.6])=12.3, ϰ=[12.1, 8.4, 6.7, 10.5, 9.3], ∫ϰ²/L>=[18.6, 15.9, 11.9, 19.0, 19.5], C-C-Sep=0.08, ║∇J║=1.2e-04
Iteration 670/2000-----
currents: [100000.0, 99999.99999819908, 99999.9999980503, 99999.9999981878, 99999.99999848465]
J=2.3e-05, ⟨Jf⟩=1.3e-05, ⟨B·n⟩=1.0e-03, Len=sum([2.4, 2.5, 2.4, 2.4, 2.6])=12.3, ϰ=[12.1, 8.4, 6.7, 10.5, 9.3], ∫ϰ²/L>=[18.6, 15.9, 11.9, 19.0, 19.5], C-C-Sep=0.08, ║∇J║=1.5e-04
Iteration 671/2000-----
currents: [100000.0, 99999.9999981981, 99999.99999804888, 99999.9999981863, 99999.99999848382]
J=2.3e-05, ⟨Jf⟩=1.3e-05, ⟨B·n⟩=1.0e-03, Len=sum([2.4, 2.5, 2.4, 2.4, 2.6])=12.3, ϰ=[12.1, 8.4, 6.7, 10.5, 9.3], ∫ϰ²/L>=[18.6, 15.9, 11.9, 19.1, 19.5], C-C-Sep=0.08, ║∇J║=1.4e-04
Iteration 672/2000-----
currents: [100000.0, 99999.99999819702, 99999.99999804735, 99999.99999818466, 99999.99999848295]
J=2.3e-05, ⟨Jf⟩=1.3e-05, ⟨B·n⟩=1.0e-03, Len=sum([2.4, 2.5, 2.4, 2.4, 2.6])=12.3, ϰ=[12.1, 8.4, 6.7, 10.5, 9.3], ∫ϰ²/L>=[18.6, 15.9, 11.9, 19.1, 19.5], C-C-Sep=0.08, ║∇J║=1.2e-04
Iteration 673/2000-----
currents: [100000.0, 99999.99999819601, 99999.99999804597, 99999.99999818316, 99999.99999848216]
J=2.3e-05, ⟨Jf⟩=1.3e-05, ⟨B·n⟩=1.0e-03, Len=sum([2.4, 2.5, 2.4, 2.4, 2.6])=12.3, ϰ=[12.1, 8.4, 6.7, 10.5, 9.3], ∫ϰ²/L>=[18.6, 15.9, 11.9, 19.1, 19.5], C-C-Sep=0.08, ║∇J║=1.3e-04
Iteration 674/2000-----
currents: [100000.0, 99999.99999819568, 99999.99999804552, 99999.99999818267, 99999.9999984819]
J=2.3e-05, ⟨Jf⟩=1.3e-05, ⟨B·n⟩=1.0e-03, Len=sum([2.4, 2.5, 2.4, 2.4, 2.6])=12.3, ϰ=[12.1, 8.4, 6.7, 10.5, 9.3], ∫ϰ²/L>=[18.6, 15.9, 11.9, 19.1, 19.5], C-C-Sep=0.08, ║∇J║=9.5e-05
Iteration 675/2000-----
currents: [100000.0, 99999.99999819542, 99999.9999980452, 99999.99999818232, 99999.99999848174]
J=2.3e-05, ⟨Jf⟩=1.3e-05, ⟨B·n⟩=1.0e-03, Len=sum([2.4, 2.5, 2.4, 2.4, 2.6])=12.3, ϰ=[12.1, 8.4, 6.7, 10.5, 9.3], ∫ϰ²/L>=[18.5, 15.9, 11.9, 19.1, 19.5], C-C-Sep=0.08, ║∇J║=9.0e-05
Iteration 676/2000-----
currents: [100000.0, 99999.99999819529, 99999.99999804504, 99999.99999818213, 99999.99999848164]
J=2.3e-05, ⟨Jf⟩=1.3e-05, ⟨B·n⟩=1.0e-03, Len=sum([2.4, 2.5, 2.4, 2.4, 2.6])=12.3, ϰ=[12.1, 8.4, 6.7, 10.5, 9.3], ∫ϰ²/L>=[18.5, 15.9, 11.9, 19.1, 19.5], C-C-Sep=0.08, ║∇J║=9.4e-05
Iteration 677/2000-----
currents: [100000.0, 99999.99999819459, 99999.9999980441, 99999.99999818111, 99999.9999984811]
J=2.3e-05, ⟨Jf⟩=1.3e-05, ⟨B·n⟩=1.0e-03, Len=sum([2.4, 2.5, 2.4, 2.4, 2.6])=12.3, ϰ=[12.1, 8.4, 6.7, 10.5, 9.3], ∫ϰ²/L>=[18.5, 15.9, 11.9, 19.1, 19.5], C-C-Sep=0.08, ║∇J║=9.9e-05
Iteration 678/2000-----
currents: [100000.0, 99999.99999819377, 99999.99999804299, 99999.99999817988, 99999.9999984804]
J=2.3e-05, ⟨Jf⟩=1.3e-05, ⟨B·n⟩=1.0e-03, Len=sum([2.4, 2.5, 2.4, 2.4, 2.6])=12.3, ϰ=[12.1, 8.4, 6.7, 10.5, 9.3], ∫ϰ²/L>=[18.5, 15.9, 11.9, 19.1, 19.6], C-C-Sep=0.08, ║∇J║=1.2e-04
Iteration 679/2000-----
currents: [100000.0, 99999.99999819214, 99999.99999804079, 99999.99999817752, 99999.99999847918]
J=2.3e-05, ⟨Jf⟩=1.3e-05, ⟨B·n⟩=1.0e-03, Len=sum([2.4, 2.5, 2.4, 2.4, 2.6])=12.3, ϰ=[12.1, 8.4, 6.7, 10.5, 9.3], ∫ϰ²/L>=[18.5, 15.9, 11.9, 19.1, 19.6], C-C-Sep=0.08, ║∇J║=1.3e-04
Iteration 680/2000-----
currents: [100000.0, 99999.99999819211, 99999.99999804073, 99999.99999817739, 99999.99999847906]
J=2.3e-05, ⟨Jf⟩=1.3e-05, ⟨B·n⟩=1.0e-03, Len=sum([2.4, 2.5, 2.4, 2.4, 2.6])=12.3, ϰ=[12.1, 8.3, 6.7, 10.5, 9.3], ∫ϰ²/L>=[18.5, 15.9, 11.9, 19.1, 19.6], C-C-Sep=0.08, ║∇J║=9.5e-05
Iteration 681/2000-----
currents: [100000.0, 99999.99999819162, 99999.99999804006, 99999.99999817667, 99999.9999984787]
J=2.3e-05, ⟨Jf⟩=1.3e-05, ⟨B·n⟩=1.0e-03, Len=sum([2.4, 2.5, 2.4, 2.4, 2.5])=12.3, ϰ=[12.1, 8.3, 6.7, 10.5, 9.3], ∫ϰ²/L>=[18.5, 15.9, 11.9, 19.1, 19.6], C-C-Sep=0.08, ║∇J║=9.1e-05
Iteration 682/2000-----
currents: [100000.0, 99999.9999981914, 99999.99999803976, 99999.9999981763, 99999.9999984785]
J=2.3e-05, ⟨Jf⟩=1.3e-05, ⟨B·n⟩=1.0e-03, Len=sum([2.4, 2.5, 2.4, 2.4, 2.5])=12.3, ϰ=[12.1, 8.3, 6.7, 10.5, 9.3], ∫ϰ²/L>=[18.5, 15.9, 11.9, 19.1, 19.6], C-C-Sep=0.08, ║∇J║=1.0e-04
Iteration 683/2000-----
currents: [100000.0, 99999.99999819079, 99999.99999803894, 99999.99999817535, 99999.999998478]
J=2.3e-05, ⟨Jf⟩=1.3e-05, ⟨B·n⟩=1.0e-03, Len=sum([2.4, 2.5, 2.4, 2.4, 2.5])=12.3, ϰ=[12.1, 8.3, 6.7, 10.5, 9.3], ∫ϰ²/L>=[18.5, 15.9, 11.9, 19.1, 19.6], C-C-Sep=0.08, ║∇J║=1.2e-04
Iteration 684/2000-----
currents: [100000.0, 99999.99999819003, 99999.9999980379, 99999.99999817421, 99999.9999984774]
J=2.3e-05, ⟨Jf⟩=1.3e-05, ⟨B·n⟩=1.0e-03, Len=sum([2.4, 2.5, 2.4, 2.4, 2.5])=12.3, ϰ=[12.1, 8.3, 6.7, 10.5, 9.3], ∫ϰ²/L>=[18.5, 15.9, 11.9, 19.1, 19.6], C-C-Sep=0.08, ║∇J║=9.6e-05
Iteration 685/2000-----
currents: [100000.0, 99999.99999818909, 99999.99999803655, 99999.99999817272, 99999.99999847657]
J=2.3e-05, ⟨Jf⟩=1.3e-05, ⟨B·n⟩=1.0e-03, Len=sum([2.4, 2.5, 2.4, 2.4, 2.5])=12.3, ϰ=[12.1, 8.3, 6.7, 10.5, 9.3], ∫ϰ²/L>=[18.5, 15.9, 11.9, 19.1, 19.6], C-C-Sep=0.08, ║∇J║=1.0e-04
Iteration 686/2000-----
currents: [100000.0, 99999.99999818801, 99999.99999803507, 99999.99999817109, 99999.9999984757]
J=2.3e-05, ⟨Jf⟩=1.3e-05, ⟨B·n⟩=1.0e-03, Len=sum([2.4, 2.5, 2.4, 2.4, 2.5])=12.3, ϰ=[12.1, 8.3, 6.7, 10.4, 9.3], ∫ϰ²/L>=[18.6, 15.9, 11.9, 19.1, 19.6], C-C-Sep=0.08, ║∇J║=1.6e-04
Iteration 687/2000-----
currents: [100000.0, 99999.9999981876, 99999.99999803447, 99999.99999817042, 99999.99999847531]
J=2.3e-05, ⟨Jf⟩=1.3e-05, ⟨B·n⟩=1.0e-03, Len=sum([2.4, 2.5, 2.4, 2.4, 2.5])=12.3, ϰ=[12.1, 8.3, 6.7, 10.4, 9.3], ∫ϰ²/L>=[18.6, 15.9, 11.9, 19.1, 19.6], C-C-Sep=0.08, ║∇J║=8.0e-05
Iteration 688/2000-----
currents: [100000.0, 99999.99999818728, 99999.99999803399, 99999.99999816988, 99999.999998475]
J=2.3e-05, ⟨Jf⟩=1.3e-05, ⟨B·n⟩=1.0e-03, Len=sum([2.4, 2.5, 2.4, 2.4, 2.5])=12.3, ϰ=[12.1, 8.3, 6.7, 10.4, 9.3], ∫ϰ²/L>=[18.6, 15.9, 11.9, 19.1, 19.6], C-C-Sep=0.08, ║∇J║=7.5e-05
Iteration 689/2000-----
currents: [100000.0, 99999.99999818686, 99999.99999803338, 99999.99999816917, 99999.99999847461]
J=2.3e-05, ⟨Jf⟩=1.3e-05, ⟨B·n⟩=1.0e-03, Len=sum([2.4, 2.5, 2.4, 2.4, 2.5])=12.3, ϰ=[12.1, 8.3, 6.7, 10.4, 9.3], ∫ϰ²/L>=[18.6, 16.0, 11.9, 19.1, 19.6], C-C-Sep=0.08, ║∇J║=1.0e-04
Iteration 690/2000-----
currents: [100000.0, 99999.99999818562, 99999.99999803164, 99999.99999816717, 99999.99999847355]
J=2.3e-05, ⟨Jf⟩=1.3e-05, ⟨B·n⟩=1.0e-03, Len=sum([2.4, 2.5, 2.4, 2.4, 2.5])=12.3, ϰ=[12.1, 8.2, 6.7, 10.4, 9.3], ∫ϰ²/L>=[18.6, 16.0, 11.9, 19.1, 19.6], C-C-Sep=0.08, ║∇J║=1.4e-04
Iteration 691/2000-----
currents: [100000.0, 99999.99999818408, 99999.99999802944, 99999.99999816467, 99999.9999984722]
J=2.3e-05, ⟨Jf⟩=1.3e-05, ⟨B·n⟩=1.0e-03, Len=sum([2.4, 2.5, 2.4, 2.4, 2.5])=12.3, ϰ=[12.1, 8.2, 6.7, 10.4, 9.3], ∫ϰ²/L>=[18.6, 16.0, 11.9, 19.1, 19.6], C-C-Sep=0.08, ║∇J║=1.1e-04
Iteration 692/2000-----
currents: [100000.0, 99999.99999818315, 99999.99999802816, 99999.99999816318, 99999.99999847141]
J=2.3e-05, ⟨Jf⟩=1.3e-05, ⟨B·n⟩=1.0e-03, Len=sum([2.4, 2.5, 2.4, 2.4, 2.5])=12.3, ϰ=[12.1, 8.2, 6.7, 10.4, 9.3], ∫ϰ²/L>=[18.6, 16.0, 11.9, 19.1, 19.6], C-C-Sep=0.08, ║∇J║=8.6e-05
Iteration 693/2000-----
currents: [100000.0, 99999.99999818217, 99999.99999802679, 99999.99999816163, 99999.99999847058]
J=2.3e-05, ⟨Jf⟩=1.3e-05, ⟨B·n⟩=1.0e-03, Len=sum([2.4, 2.5, 2.4, 2.4, 2.5])=12.3, ϰ=[12.1, 8.2, 6.6, 10.4, 9.3], ∫ϰ²/L>=[18.6, 16.0, 11.9, 19.1, 19.6], C-C-Sep=0.08, ║∇J║=1.1e-04
Iteration 694/2000-----
currents: [100000.0, 99999.99999818158, 99999.99999802595, 99999.99999816065, 99999.99999847004]
J=2.3e-05, ⟨Jf⟩=1.3e-05, ⟨B·n⟩=1.0e-03, Len=sum([2.4, 2.5, 2.4, 2.4, 2.5])=12.3, ϰ=[12.1, 8.2, 6.6, 10.4, 9.3], ∫ϰ²/L>=[18.6, 16.0, 11.9, 19.1, 19.6], C-C-Sep=0.08, ║∇J║=1.1e-04
Iteration 695/2000-----
currents: [100000.0, 99999.99999818145, 99999.99999802576, 99999.99999816043, 99999.99999846992]
J=2.3e-05, ⟨Jf⟩=1.3e-05, ⟨B·n⟩=1.0e-03, Len=sum([2.4, 2.5, 2.4, 2.4, 2.5])=12.3, ϰ=[12.1, 8.2, 6.6, 10.4, 9.3], ∫ϰ²/L>=[18.6, 16.0, 11.9, 19.1, 19.6], C-C-Sep=0.08, ║∇J║=7.4e-05
Iteration 696/2000-----
currents: [100000.0, 99999.99999818097, 99999.9999980251, 99999.9999981597, 99999.99999846955]
J=2.3e-05, ⟨Jf⟩=1.3e-05, ⟨B·n⟩=1.0e-03, Len=sum([2.4, 2.5, 2.4, 2.4, 2.5])=12.3, ϰ=[12.1, 8.2, 6.6, 10.4, 9.3], ∫ϰ²/L>=[18.6, 16.0, 11.9, 19.1, 19.6], C-C-Sep=0.08, ║∇J║=7.6e-05
Iteration 697/2000-----
currents: [100000.0, 99999.99999818037, 99999.99999802427, 99999.99999815876, 99999.99999846904]
J=2.3e-05, ⟨Jf⟩=1.3e-05, ⟨B·n⟩=1.0e-03, Len=sum([2.4, 2.5, 2.4, 2.4, 2.5])=12.3, ϰ=[12.1, 8.2, 6.6, 10.4, 9.3], ∫ϰ²/L>=[18.6, 16.0, 11.9, 19.1, 19.7], C-C-Sep=0.08, ║∇J║=1.0e-04
Iteration 698/2000-----
currents: [100000.0, 99999.9999981793, 99999.99999802282, 99999.9999981571, 99999.99999846815]
J=2.3e-05, ⟨Jf⟩=1.3e-05, ⟨B·n⟩=1.0e-03, Len=sum([2.4, 2.5, 2.4, 2.4, 2.5])=12.3, ϰ=[12.1, 8.2, 6.7, 10.5, 9.4], ∫ϰ²/L>=[18.6, 16.0, 11.9, 19.1, 19.7], C-C-Sep=0.08, ║∇J║=1.1e-04
Iteration 699/2000-----
currents: [100000.0, 99999.99999817813, 99999.99999802129, 99999.99999815534, 99999.9999984672]
J=2.3e-05, ⟨Jf⟩=1.3e-05, ⟨B·n⟩=1.0e-03, Len=sum([2.4, 2.5, 2.4, 2.4, 2.5])=12.3, ϰ=[12.1, 8.2, 6.7, 10.5, 9.4], ∫ϰ²/L>=[18.6, 16.0, 11.9, 19.1, 19.7], C-C-Sep=0.08, ║∇J║=2.1e-04
Iteration 700/2000-----
currents: [100000.0, 99999.999998178, 99999.99999802107, 99999.99999815508, 99999.99999846703]
J=2.3e-05, ⟨Jf⟩=1.3e-05, ⟨B·n⟩=1.0e-03, Len=sum([2.4, 2.5, 2.4, 2.4, 2.5])=12.3, ϰ=[12.1, 8.2, 6.7, 10.5, 9.4], ∫ϰ²/L>=[18.6, 16.0, 11.9, 19.1, 19.7], C-C-Sep=0.08, ║∇J║=7.2e-05
Iteration 701/2000-----
currents: [100000.0, 99999.9999981782, 99999.99999802136, 99999.99999815538, 99999.99999846717]
J=2.3e-05, ⟨Jf⟩=1.3e-05, ⟨B·n⟩=1.0e-03, Len=sum([2.4, 2.5, 2.4, 2.4, 2.5])=12.3, ϰ=[12.1, 8.2, 6.7, 10.5, 9.4], ∫ϰ²/L>=[18.6, 16.0, 11.9, 19.1, 19.7], C-C-Sep=0.08, ║∇J║=5.8e-05
Iteration 702/2000-----
currents: [100000.0, 99999.9999981781, 99999.99999802122, 99999.99999815518, 99999.99999846703]
J=2.3e-05, ⟨Jf⟩=1.3e-05, ⟨B·n⟩=1.0e-03, Len=sum([2.4, 2.5, 2.4, 2.4, 2.5])=12.3, ϰ=[12.1, 8.2, 6.7, 10.5, 9.4], ∫ϰ²/L>=[18.6, 16.0, 11.9, 19.1, 19.7], C-C-Sep=0.08, ║∇J║=6.6e-05
Iteration 703/2000-----
currents: [100000.0, 99999.99999817787, 99999.99999802088, 99999.99999815472, 99999.99999846671]
J=2.3e-05, ⟨Jf⟩=1.3e-05, ⟨B·n⟩=1.0e-03, Len=sum([2.4, 2.5, 2.4, 2.4, 2.5])=12.3, ϰ=[12.1, 8.2, 6.7, 10.5, 9.4], ∫ϰ²/L>=[18.6, 16.0, 11.9, 19.1, 19.7], C-C-Sep=0.08, ║∇J║=1.1e-04
Iteration 704/2000-----
currents: [100000.0, 99999.99999817701, 99999.99999801969, 99999.99999815329, 99999.9999984659]
J=2.3e-05, ⟨Jf⟩=1.3e-05, ⟨B·n⟩=1.0e-03, Len=sum([2.4, 2.5, 2.4, 2.4, 2.5])=12.3, ϰ=[12.1, 8.2, 6.7, 10.5, 9.4], ∫ϰ²/L>=[18.6, 16.0, 11.9, 19.1, 19.7], C-C-Sep=0.08, ║∇J║=8.6e-05
Iteration 705/2000-----
currents: [100000.0, 99999.99999817625, 99999.99999801861, 99999.999998152, 99999.99999846515]
J=2.3e-05, ⟨Jf⟩=1.3e-05, ⟨B·n⟩=1.0e-03, Len=sum([2.4, 2.5, 2.4, 2.4, 2.5])=12.3, ϰ=[12.1, 8.2, 6.7, 10.5, 9.4], ∫ϰ²/L>=[18.6, 16.0, 11.9, 19.1, 19.7], C-C-Sep=0.08, ║∇J║=7.9e-05
Iteration 706/2000-----
currents: [100000.0, 99999.99999817506, 99999.99999801698, 99999.99999815012, 99999.99999846413]
J=2.3e-05, ⟨Jf⟩=1.3e-05, ⟨B·n⟩=1.0e-03, Len=sum([2.4, 2.5, 2.4, 2.4, 2.5])=12.3, ϰ=[12.1, 8.2, 6.7, 10.4, 9.4], ∫ϰ²/L>=[18.6, 16.0, 11.9, 19.1, 19.7], C-C-Sep=0.08, ║∇J║=1.4e-04
Iteration 707/2000-----
currents: [100000.0, 99999.99999817491, 99999.99999801676, 99999.99999814985, 99999.99999846397]
J=2.3e-05, ⟨Jf⟩=1.3e-05, ⟨B·n⟩=1.0e-03, Len=sum([2.4, 2.5, 2.4, 2.4, 2.5])=12.3, ϰ=[12.1, 8.2, 6.7, 10.4, 9.4], ∫ϰ²/L>=[18.6, 16.0, 11.9, 19.1, 19.7], C-C-Sep=0.08, ║∇J║=7.5e-05
Iteration 708/2000-----
currents: [100000.0, 99999.99999817515, 99999.99999801708, 99999.9999981502, 99999.99999846413]
J=2.3e-05, ⟨Jf⟩=1.3e-05, ⟨B·n⟩=1.0e-03, Len=sum([2.4, 2.5, 2.4, 2.4, 2.5])=12.3, ϰ=[12.1, 8.2, 6.7, 10.4, 9.4], ∫ϰ²/L>=[18.6, 16.0, 11.9, 19.1, 19.7], C-C-Sep=0.08, ║∇J║=6.8e-05
Iteration 709/2000-----
currents: [100000.0, 99999.99999817488, 99999.9999980167, 99999.99999814978, 99999.99999846387]
J=2.3e-05, ⟨Jf⟩=1.3e-05, ⟨B·n⟩=1.0e-03, Len=sum([2.4, 2.5, 2.4, 2.4, 2.5])=12.3, ϰ=[12.1, 8.2, 6.7, 10.4, 9.4], ∫ϰ²/L>=[18.6, 16.0, 11.9, 19.1, 19.7], C-C-Sep=0.08, ║∇J║=8.3e-05
Iteration 710/2000-----
currents: [100000.0, 99999.9999981748, 99999.99999801656, 99999.9999981495, 99999.99999846362]
J=2.3e-05, ⟨Jf⟩=1.3e-05, ⟨B·n⟩=1.0e-03, Len=sum([2.4, 2.5, 2.4, 2.4, 2.5])=12.3, ϰ=[12.1, 8.2, 6.7, 10.4, 9.4], ∫ϰ²/L>=[18.6, 16.0, 11.9, 19.1, 19.7], C-C-Sep=0.08, ║∇J║=1.3e-04
Iteration 711/2000-----
currents: [100000.0, 99999.99999817392, 99999.99999801531, 99999.99999814807, 99999.9999984628]
J=2.3e-05, ⟨Jf⟩=1.3e-05, ⟨B·n⟩=1.0e-03, Len=sum([2.4, 2.5, 2.4, 2.4, 2.5])=12.3, ϰ=[12.1, 8.2, 6.7, 10.4, 9.4], ∫ϰ²/L>=[18.6, 16.0, 11.9, 19.1, 19.7], C-C-Sep=0.08, ║∇J║=9.7e-05
Iteration 712/2000-----
currents: [100000.0, 99999.99999817197, 99999.99999801251, 99999.99999814488, 99999.99999846102]
J=2.3e-05, ⟨Jf⟩=1.3e-05, ⟨B·n⟩=1.0e-03, Len=sum([2.4, 2.5, 2.4, 2.4, 2.5])=12.3, ϰ=[12.1, 8.2, 6.7, 10.4, 9.4], ∫ϰ²/L>=[18.6, 16.0, 11.9, 19.1, 19.7], C-C-Sep=0.08, ║∇J║=9.1e-05
Iteration 713/2000-----
currents: [100000.0, 99999.99999817145, 99999.99999801177, 99999.99999814395, 99999.99999846047]
J=2.3e-05, ⟨Jf⟩=1.3e-05, ⟨B·n⟩=1.0e-03, Len=sum([2.4, 2.5, 2.4, 2.4, 2.5])=12.3, ϰ=[12.1, 8.2, 6.7, 10.4, 9.4], ∫ϰ²/L>=[18.6, 16.0, 11.9, 19.1, 19.7], C-C-Sep=0.08, ║∇J║=1.2e-04
Iteration 714/2000-----
currents: [100000.0, 99999.9999981706, 99999.9999980106, 99999.99999814268, 99999.99999845983]
J=2.3e-05, ⟨Jf⟩=1.3e-05, ⟨B·n⟩=1.0e-03, Len=sum([2.4, 2.5, 2.4, 2.4, 2.5])=12.3, ϰ=[12.1, 8.2, 6.7, 10.4, 9.4], ∫ϰ²/L>=[18.6, 16.0, 11.9, 19.1, 19.7], C-C-Sep=0.08, ║∇J║=7.1e-05
Iteration 715/2000-----
currents: [100000.0, 99999.99999817008, 99999.9999980099, 99999.9999981419, 99999.99999845945]
J=2.3e-05, ⟨Jf⟩=1.3e-05, ⟨B·n⟩=1.0e-03, Len=sum([2.4, 2.5, 2.4, 2.4, 2.5])=12.3, ϰ=[12.1, 8.2, 6.7, 10.4, 9.4], ∫ϰ²/L>=[18.6, 16.0, 11.9, 19.1, 19.7], C-C-Sep=0.08, ║∇J║=6.3e-05
Iteration 716/2000-----
currents: [100000.0, 99999.99999816935, 99999.99999800889, 99999.99999814079, 99999.99999845886]
J=2.3e-05, ⟨Jf⟩=1.3e-05, ⟨B·n⟩=1.0e-03, Len=sum([2.4, 2.5, 2.4, 2.4, 2.5])=12.3, ϰ=[12.1, 8.2, 6.7, 10.4, 9.4], ∫ϰ²/L>=[18.6, 16.0, 11.9, 19.1, 19.7], C-C-Sep=0.08, ║∇J║=7.2e-05
Iteration 717/2000-----
currents: [100000.0, 99999.99999816842, 99999.9999980076, 99999.99999813928, 99999.999998458]
J=2.3e-05, ⟨Jf⟩=1.3e-05, ⟨B·n⟩=1.0e-03, Len=sum([2.4, 2.5, 2.4, 2.4, 2.5])=12.3, ϰ=[12.1, 8.2, 6.7, 10.4, 9.4], ∫ϰ²/L>=[18.6, 16.0, 11.9, 19.1, 19.7], C-C-Sep=0.08, ║∇J║=1.1e-04
Iteration 718/2000-----
currents: [100000.0, 99999.9999981674, 99999.99999800617, 99999.99999813759, 99999.99999845702]
J=2.3e-05, ⟨Jf⟩=1.3e-05, ⟨B·n⟩=1.0e-03, Len=sum([2.4, 2.5, 2.4, 2.4, 2.5])=12.3, ϰ=[12.1, 8.2, 6.7, 10.4, 9.4], ∫ϰ²/L>=[18.6, 16.0, 11.9, 19.1, 19.7], C-C-Sep=0.08, ║∇J║=1.1e-04
Iteration 719/2000-----
currents: [100000.0, 99999.99999816685, 99999.99999800535, 99999.99999813655, 99999.99999845633]
J=2.3e-05, ⟨Jf⟩=1.3e-05, ⟨B·n⟩=1.0e-03, Len=sum([2.4, 2.5, 2.4, 2.4, 2.5])=12.3, ϰ=[12.1, 8.2, 6.7, 10.4, 9.4], ∫ϰ²/L>=[18.6, 16.0, 11.9, 19.1, 19.7], C-C-Sep=0.08, ║∇J║=8.6e-05
Iteration 720/2000-----
currents: [100000.0, 99999.99999816682, 99999.99999800528, 99999.99999813632, 99999.99999845606]
J=2.3e-05, ⟨Jf⟩=1.3e-05, ⟨B·n⟩=1.0e-03, Len=sum([2.4, 2.5, 2.4, 2.4, 2.5])=12.3, ϰ=[12.1, 8.2, 6.7, 10.4, 9.4], ∫ϰ²/L>=[18.6, 16.0, 11.9, 19.1, 19.7], C-C-Sep=0.08, ║∇J║=8.4e-05
Iteration 721/2000-----
currents: [100000.0, 99999.9999981668, 99999.99999800524, 99999.9999981362, 99999.99999845594]
J=2.3e-05, ⟨Jf⟩=1.3e-05, ⟨B·n⟩=1.0e-03, Len=sum([2.4, 2.5, 2.4, 2.4, 2.5])=12.3, ϰ=[12.1, 8.2, 6.7, 10.4, 9.4], ∫ϰ²/L>=[18.6, 16.0, 11.9, 19.1, 19.7], C-C-Sep=0.08, ║∇J║=8.7e-05
Iteration 722/2000-----
currents: [100000.0, 99999.9999981668, 99999.99999800527, 99999.99999813619, 99999.99999845591]
J=2.3e-05, ⟨Jf⟩=1.3e-05, ⟨B·n⟩=1.0e-03, Len=sum([2.4, 2.5, 2.4, 2.4, 2.5])=12.3, ϰ=[12.1, 8.2, 6.7, 10.4, 9.4], ∫ϰ²/L>=[18.6, 16.0, 11.9, 19.1, 19.7], C-C-Sep=0.08, ║∇J║=8.0e-05
Iteration 723/2000-----
currents: [100000.0, 99999.99999816607, 99999.99999800432, 99999.9999981351, 99999.99999845531]
J=2.3e-05, ⟨Jf⟩=1.3e-05, ⟨B·n⟩=1.0e-03, Len=sum([2.4, 2.5, 2.4, 2.4, 2.5])=12.3, ϰ=[12.1, 8.2, 6.7, 10.4, 9.4], ∫ϰ²/L>=[18.6, 16.0, 11.9, 19.1, 19.7], C-C-Sep=0.08, ║∇J║=9.0e-05
Iteration 724/2000-----
currents: [100000.0, 99999.99999816518, 99999.99999800319, 99999.99999813375, 99999.99999845456]
J=2.3e-05, ⟨Jf⟩=1.3e-05, ⟨B·n⟩=1.0e-03, Len=sum([2.4, 2.5, 2.4, 2.4, 2.5])=12.3, ϰ=[12.1, 8.3, 6.7, 10.4, 9.4], ∫ϰ²/L>=[18.6, 16.0, 11.9, 19.1, 19.7], C-C-Sep=0.08, ║∇J║=1.5e-04
Iteration 725/2000-----
currents: [100000.0, 99999.9999981644, 99999.99999800215, 99999.9999981326, 99999.99999845395]
J=2.3e-05, ⟨Jf⟩=1.3e-05, ⟨B·n⟩=1.0e-03, Len=sum([2.4, 2.5, 2.4, 2.4, 2.5])=12.3, ϰ=[12.1, 8.3, 6.7, 10.5, 9.4], ∫ϰ²/L>=[18.6, 16.0, 11.9, 19.1, 19.8], C-C-Sep=0.08, ║∇J║=7.6e-05
Iteration 726/2000-----
currents: [100000.0, 99999.99999816327, 99999.99999800058, 99999.99999813085, 99999.99999845299]
J=2.3e-05, ⟨Jf⟩=1.3e-05, ⟨B·n⟩=1.0e-03, Len=sum([2.4, 2.5, 2.4, 2.4, 2.5])=12.3, ϰ=[12.1, 8.3, 6.7, 10.5, 9.4], ∫ϰ²/L>=[18.6, 16.0, 11.9, 19.1, 19.8], C-C-Sep=0.08, ║∇J║=6.5e-05
Iteration 727/2000-----
currents: [100000.0, 99999.99999816252, 99999.99999799953, 99999.99999812966, 99999.99999845232]
J=2.3e-05, ⟨Jf⟩=1.3e-05, ⟨B·n⟩=1.0e-03, Len=sum([2.4, 2.5, 2.4, 2.4, 2.5])=12.3, ϰ=[12.1, 8.3, 6.7, 10.5, 9.4], ∫ϰ²/L>=[18.6, 16.0, 11.9, 19.1, 19.8], C-C-Sep=0.08, ║∇J║=6.9e-05
Iteration 728/2000-----
currents: [100000.0, 99999.99999816064, 99999.9999979969, 99999.99999812667, 99999.99999845066]
J=2.3e-05, ⟨Jf⟩=1.3e-05, ⟨B·n⟩=1.0e-03, Len=sum([2.4, 2.5, 2.4, 2.4, 2.5])=12.3, ϰ=[12.1, 8.3, 6.7, 10.5, 9.4], ∫ϰ²/L>=[18.6, 16.0, 11.9, 19.1, 19.8], C-C-Sep=0.08, ║∇J║=1.1e-04
Iteration 729/2000-----
currents: [100000.0, 99999.99999815936, 99999.99999799507, 99999.99999812455, 99999.99999844944]
J=2.3e-05, ⟨Jf⟩=1.3e-05, ⟨B·n⟩=1.0e-03, Len=sum([2.4, 2.5, 2.4, 2.4, 2.5])=12.3, ϰ=[12.1, 8.3, 6.7, 10.5, 9.4], ∫ϰ²/L>=[18.6, 16.0, 11.9, 19.1, 19.8], C-C-Sep=0.08, ║∇J║=8.2e-05
Iteration 730/2000-----
currents: [100000.0, 99999.99999815876, 99999.99999799421, 99999.99999812355, 99999.99999844885]
J=2.3e-05, ⟨Jf⟩=1.3e-05, ⟨B·n⟩=1.0e-03, Len=sum([2.4, 2.5, 2.4, 2.4, 2.5])=12.3, ϰ=[12.1, 8.2, 6.7, 10.5, 9.4], ∫ϰ²/L>=[18.6, 16.0, 11.9, 19.1, 19.8], C-C-Sep=0.08, ║∇J║=7.3e-05
Iteration 731/2000-----
currents: [100000.0, 99999.99999815774, 99999.99999799271, 99999.9999981218, 99999.99999844782]
J=2.3e-05, ⟨Jf⟩=1.3e-05, ⟨B·n⟩=1.0e-03, Len=sum([2.4, 2.5, 2.4, 2.4, 2.5])=12.3, ϰ=[12.1, 8.2, 6.7, 10.5, 9.4], ∫ϰ²/L>=[18.6, 16.0, 11.9, 19.1, 19.8], C-C-Sep=0.08, ║∇J║=1.1e-04
Iteration 732/2000-----
currents: [100000.0, 99999.99999815774, 99999.9999979927, 99999.99999812176, 99999.99999844776]
J=2.3e-05, ⟨Jf⟩=1.3e-05, ⟨B·n⟩=1.0e-03, Len=sum([2.4, 2.5, 2.4, 2.4, 2.5])=12.3, ϰ=[12.1, 8.2, 6.7, 10.5, 9.4], ∫ϰ²/L>=[18.6, 16.0, 11.9, 19.1, 19.8], C-C-Sep=0.08, ║∇J║=9.2e-05
Iteration 733/2000-----
currents: [100000.0, 99999.99999815774, 99999.99999799271, 99999.99999812176, 99999.99999844775]
J=2.3e-05, ⟨Jf⟩=1.3e-05, ⟨B·n⟩=1.0e-03, Len=sum([2.4, 2.5, 2.4, 2.4, 2.5])=12.3, ϰ=[12.1, 8.2, 6.7, 10.5, 9.4], ∫ϰ²/L>=[18.6, 16.0, 11.9, 19.1, 19.8], C-C-Sep=0.08, ║∇J║=6.6e-05
Iteration 734/2000-----
currents: [100000.0, 99999.99999815674, 99999.99999799134, 99999.99999812021, 99999.99999844686]
J=2.3e-05, ⟨Jf⟩=1.3e-05, ⟨B·n⟩=1.0e-03, Len=sum([2.4, 2.5, 2.4, 2.4, 2.5])=12.3, ϰ=[12.1, 8.3, 6.7, 10.5, 9.4], ∫ϰ²/L>=[18.6, 15.9, 11.9, 19.1, 19.8], C-C-Sep=0.08, ║∇J║=8.3e-05
Iteration 735/2000-----
currents: [100000.0, 99999.99999815621, 99999.99999799063, 99999.99999811934, 99999.99999844634]
J=2.3e-05, ⟨Jf⟩=1.3e-05, ⟨B·n⟩=1.0e-03, Len=sum([2.4, 2.5, 2.4, 2.4, 2.5])=12.3, ϰ=[12.1, 8.3, 6.7, 10.5, 9.4], ∫ϰ²/L>=[18.6, 15.9, 11.9, 19.1, 19.8], C-C-Sep=0.08, ║∇J║=1.1e-04
Iteration 736/2000-----
currents: [100000.0, 99999.99999815406, 99999.99999798766, 99999.99999811598, 99999.99999844447]
J=2.3e-05, ⟨Jf⟩=1.3e-05, ⟨B·n⟩=1.0e-03, Len=sum([2.4, 2.5, 2.4, 2.4, 2.5])=12.3, ϰ=[12.1, 8.3, 6.7, 10.4, 9.4], ∫ϰ²/L>=[18.6, 15.9, 11.9, 19.1, 19.8], C-C-Sep=0.08, ║∇J║=1.0e-04
Iteration 737/2000-----
currents: [100000.0, 99999.99999815195, 99999.99999798469, 99999.99999811257, 99999.99999844255]
J=2.3e-05, ⟨Jf⟩=1.3e-05, ⟨B·n⟩=1.0e-03, Len=sum([2.4, 2.5, 2.4, 2.4, 2.5])=12.3, ϰ=[12.1, 8.2, 6.7, 10.4, 9.4], ∫ϰ²/L>=[18.6, 15.9, 11.9, 19.1, 19.8], C-C-Sep=0.08, ║∇J║=1.4e-04
Iteration 738/2000-----
currents: [100000.0, 99999.99999815127, 99999.99999798369, 99999.99999811137, 99999.99999844185]
J=2.3e-05, ⟨Jf⟩=1.3e-05, ⟨B·n⟩=1.0e-03, Len=sum([2.4, 2.5, 2.4, 2.4, 2.5])=12.3, ϰ=[12.1, 8.2, 6.7, 10.4, 9.4], ∫ϰ²/L>=[18.6, 15.9, 11.9, 19.1, 19.8], C-C-Sep=0.08, ║∇J║=8.0e-05
Iteration 739/2000-----
currents: [100000.0, 99999.99999815068, 99999.99999798286, 99999.99999811046, 99999.99999844139]
J=2.3e-05, ⟨Jf⟩=1.3e-05, ⟨B·n⟩=1.0e-03, Len=sum([2.4, 2.5, 2.4, 2.4, 2.5])=12.3, ϰ=[12.1, 8.2, 6.7, 10.4, 9.4], ∫ϰ²/L>=[18.5, 15.9, 11.9, 19.1, 19.8], C-C-Sep=0.08, ║∇J║=7.3e-05
Iteration 740/2000-----
currents: [100000.0, 99999.99999815054, 99999.9999979826, 99999.99999811011, 99999.99999844117]
J=2.3e-05, ⟨Jf⟩=1.3e-05, ⟨B·n⟩=1.0e-03, Len=sum([2.4, 2.5, 2.4, 2.4, 2.5])=12.3, ϰ=[12.1, 8.2, 6.7, 10.4, 9.4], ∫ϰ²/L>=[18.5, 15.9, 11.9, 19.1, 19.8], C-C-Sep=0.08, ║∇J║=9.0e-05
Iteration 741/2000-----
currents: [100000.0, 99999.99999814933, 99999.9999979808, 99999.999998108, 99999.99999843995]
J=2.3e-05, ⟨Jf⟩=1.3e-05, ⟨B·n⟩=1.0e-03, Len=sum([2.4, 2.5, 2.4, 2.4, 2.5])=12.3, ϰ=[12.1, 8.2, 6.7, 10.4, 9.4], ∫ϰ²/L>=[18.5, 15.9, 11.9, 19.1, 19.8], C-C-Sep=0.08, ║∇J║=1.1e-04
Iteration 742/2000-----
currents: [100000.0, 99999.99999814859, 99999.99999797971, 99999.99999810664, 99999.9999984391]
J=2.3e-05, ⟨Jf⟩=1.3e-05, ⟨B·n⟩=1.0e-03, Len=sum([2.4, 2.5, 2.4, 2.4, 2.5])=12.3, ϰ=[12.1, 8.2, 6.7, 10.4, 9.4], ∫ϰ²/L>=[18.5, 15.9, 11.9, 19.1, 19.8], C-C-Sep=0.08, ║∇J║=8.6e-05
Iteration 743/2000-----
currents: [100000.0, 99999.9999981475, 99999.99999797813, 99999.99999810471, 99999.99999843794]
J=2.3e-05, ⟨Jf⟩=1.3e-05, ⟨B·n⟩=1.0e-03, Len=sum([2.4, 2.5, 2.4, 2.4, 2.5])=12.3, ϰ=[12.1, 8.2, 6.7, 10.4, 9.4], ∫ϰ²/L>=[18.5, 15.9, 11.9, 19.1, 19.8], C-C-Sep=0.08, ║∇J║=6.7e-05
Iteration 744/2000-----
currents: [100000.0, 99999.99999814702, 99999.99999797744, 99999.99999810384, 99999.99999843739]
J=2.3e-05, ⟨Jf⟩=1.3e-05, ⟨B·n⟩=1.0e-03, Len=sum([2.4, 2.5, 2.4, 2.4, 2.5])=12.3, ϰ=[12.1, 8.2, 6.7, 10.4, 9.4], ∫ϰ²/L>=[18.5, 15.9, 11.9, 19.1, 19.8], C-C-Sep=0.08, ║∇J║=7.6e-05
Iteration 745/2000-----
currents: [100000.0, 99999.99999814633, 99999.9999979765, 99999.99999810274, 99999.99999843676]
J=2.3e-05, ⟨Jf⟩=1.3e-05, ⟨B·n⟩=1.0e-03, Len=sum([2.4, 2.5, 2.4, 2.4, 2.5])=12.3, ϰ=[12.1, 8.2, 6.7, 10.4, 9.4], ∫ϰ²/L>=[18.5, 15.9, 11.9, 19.1, 19.8], C-C-Sep=0.08, ║∇J║=7.7e-05
Iteration 746/2000-----
currents: [100000.0, 99999.9999981461, 99999.99999797616, 99999.99999810228, 99999.9999984365]
J=2.3e-05, ⟨Jf⟩=1.3e-05, ⟨B·n⟩=1.0e-03, Len=sum([2.4, 2.5, 2.4, 2.4, 2.5])=12.3, ϰ=[12.1, 8.2, 6.7, 10.4, 9.4], ∫ϰ²/L>=[18.5, 15.9, 11.9, 19.1, 19.8], C-C-Sep=0.08, ║∇J║=7.4e-05
Iteration 747/2000-----
currents: [100000.0, 99999.99999814497, 99999.99999797459, 99999.99999810044, 99999.99999843548]
J=2.3e-05, ⟨Jf⟩=1.3e-05, ⟨B·n⟩=1.0e-03, Len=sum([2.4, 2.5, 2.4, 2.4, 2.5])=12.3, ϰ=[12.1, 8.2, 6.7, 10.4, 9.4], ∫ϰ²/L>=[18.5, 15.9, 11.9, 19.1, 19.8], C-C-Sep=0.08, ║∇J║=1.0e-04
Iteration 748/2000-----
currents: [100000.0, 99999.99999814424, 99999.99999797362, 99999.99999809926, 99999.99999843484]
J=2.3e-05, ⟨Jf⟩=1.3e-05, ⟨B·n⟩=1.0e-03, Len=sum([2.4, 2.5, 2.4, 2.4, 2.5])=12.3, ϰ=[12.1, 8.2, 6.7, 10.4, 9.4], ∫ϰ²/L>=[18.5, 15.9, 11.9, 19.1, 19.8], C-C-Sep=0.08, ║∇J║=1.1e-04
Iteration 749/2000-----
currents: [100000.0, 99999.99999814351, 99999.99999797258, 99999.99999809805, 99999.99999843416]
J=2.3e-05, ⟨Jf⟩=1.3e-05, ⟨B·n⟩=1.0e-03, Len=sum([2.4, 2.5, 2.4, 2.4, 2.5])=12.3, ϰ=[12.1, 8.2, 6.7, 10.4, 9.4], ∫ϰ²/L>=[18.5, 15.9, 11.9, 19.1, 19.8], C-C-Sep=0.08, ║∇J║=7.1e-05
Iteration 750/2000-----
currents: [100000.0, 99999.99999814232, 99999.99999797094, 99999.99999809617, 99999.99999843312]
J=2.3e-05, ⟨Jf⟩=1.3e-05, ⟨B·n⟩=1.0e-03, Len=sum([2.4, 2.5, 2.4, 2.4, 2.5])=12.3, ϰ=[12.1, 8.2, 6.7, 10.4, 9.4], ∫ϰ²/L>=[18.5, 15.9, 11.9, 19.1, 19.8], C-C-Sep=0.08, ║∇J║=6.0e-05
Iteration 751/2000-----
currents: [100000.0, 99999.99999814182, 99999.99999797026, 99999.99999809539, 99999.99999843269]
J=2.3e-05, ⟨Jf⟩=1.3e-05, ⟨B·n⟩=1.0e-03, Len=sum([2.4, 2.5, 2.4, 2.4, 2.5])=12.3, ϰ=[12.1, 8.2, 6.7, 10.4, 9.4], ∫ϰ²/L>=[18.5, 15.9, 11.9, 19.1, 19.8], C-C-Sep=0.08, ║∇J║=7.8e-05
Iteration 752/2000-----
currents: [100000.0, 99999.99999814077, 99999.99999796881, 99999.99999809374, 99999.99999843178]
J=2.3e-05, ⟨Jf⟩=1.3e-05, ⟨B·n⟩=1.0e-03, Len=sum([2.4, 2.5, 2.4, 2.4, 2.5])=12.3, ϰ=[12.1, 8.2, 6.7, 10.4, 9.4], ∫ϰ²/L>=[18.5, 15.9, 11.9, 19.1, 19.8], C-C-Sep=0.08, ║∇J║=8.3e-05
Iteration 753/2000-----
currents: [100000.0, 99999.99999813898, 99999.99999796636, 99999.99999809088, 99999.9999984302]
J=2.3e-05, ⟨Jf⟩=1.3e-05, ⟨B·n⟩=1.0e-03, Len=sum([2.4, 2.5, 2.4, 2.4, 2.5])=12.3, ϰ=[12.1, 8.2, 6.7, 10.4, 9.4], ∫ϰ²/L>=[18.5, 15.9, 11.9, 19.1, 19.8], C-C-Sep=0.08, ║∇J║=1.5e-04
Iteration 754/2000-----
currents: [100000.0, 99999.99999813705, 99999.99999796369, 99999.99999808786, 99999.99999842855]
J=2.3e-05, ⟨Jf⟩=1.3e-05, ⟨B·n⟩=1.0e-03, Len=sum([2.4, 2.5, 2.4, 2.4, 2.5])=12.3, ϰ=[12.1, 8.2, 6.7, 10.4, 9.4], ∫ϰ²/L>=[18.5, 15.9, 11.9, 19.1, 19.8], C-C-Sep=0.08, ║∇J║=1.0e-04
Iteration 755/2000-----
currents: [100000.0, 99999.9999981369, 99999.99999796349, 99999.9999980876, 99999.99999842838]
J=2.3e-05, ⟨Jf⟩=1.3e-05, ⟨B·n⟩=1.0e-03, Len=sum([2.4, 2.5, 2.4, 2.4, 2.5])=12.3, ϰ=[12.1, 8.2, 6.7, 10.4, 9.4], ∫ϰ²/L>=[18.5, 15.9, 11.9, 19.1, 19.8], C-C-Sep=0.08, ║∇J║=6.4e-05
Iteration 756/2000-----
currents: [100000.0, 99999.99999813671, 99999.99999796321, 99999.99999808725, 99999.99999842815]
J=2.3e-05, ⟨Jf⟩=1.3e-05, ⟨B·n⟩=1.0e-03, Len=sum([2.4, 2.5, 2.4, 2.4, 2.5])=12.3, ϰ=[12.1, 8.2, 6.7, 10.4, 9.4], ∫ϰ²/L>=[18.5, 15.9, 11.9, 19.1, 19.8], C-C-Sep=0.08, ║∇J║=6.2e-05
Iteration 757/2000-----
currents: [100000.0, 99999.99999813632, 99999.99999796269, 99999.99999808666, 99999.9999984278]
J=2.3e-05, ⟨Jf⟩=1.3e-05, ⟨B·n⟩=1.0e-03, Len=sum([2.4, 2.5, 2.4, 2.4, 2.5])=12.3, ϰ=[12.1, 8.2, 6.7, 10.4, 9.4], ∫ϰ²/L>=[18.5, 15.9, 11.9, 19.1, 19.8], C-C-Sep=0.08, ║∇J║=7.0e-05
Iteration 758/2000-----
currents: [100000.0, 99999.9999981355, 99999.99999796157, 99999.99999808536, 99999.99999842704]
J=2.3e-05, ⟨Jf⟩=1.3e-05, ⟨B·n⟩=1.0e-03, Len=sum([2.4, 2.5, 2.4, 2.4, 2.5])=12.3, ϰ=[12.1, 8.2, 6.7, 10.4, 9.4], ∫ϰ²/L>=[18.5, 15.9, 11.9, 19.1, 19.8], C-C-Sep=0.08, ║∇J║=6.5e-05
Iteration 759/2000-----
currents: [100000.0, 99999.99999813402, 99999.99999795953, 99999.99999808306, 99999.99999842573]
J=2.3e-05, ⟨Jf⟩=1.3e-05, ⟨B·n⟩=1.0e-03, Len=sum([2.4, 2.5, 2.4, 2.4, 2.5])=12.3, ϰ=[12.1, 8.2, 6.8, 10.4, 9.4], ∫ϰ²/L>=[18.5, 15.9, 11.9, 19.1, 19.8], C-C-Sep=0.08, ║∇J║=8.1e-05
Iteration 760/2000-----
currents: [100000.0, 99999.99999813244, 99999.99999795735, 99999.99999808059, 99999.99999842433]
J=2.3e-05, ⟨Jf⟩=1.3e-05, ⟨B·n⟩=1.0e-03, Len=sum([2.4, 2.5, 2.4, 2.4, 2.5])=12.3, ϰ=[12.1, 8.2, 6.8, 10.4, 9.4], ∫ϰ²/L>=[18.5, 15.9, 11.9, 19.1, 19.8], C-C-Sep=0.08, ║∇J║=1.2e-04
Iteration 761/2000-----
currents: [100000.0, 99999.9999981314, 99999.99999795594, 99999.99999807899, 99999.99999842343]
J=2.3e-05, ⟨Jf⟩=1.3e-05, ⟨B·n⟩=1.0e-03, Len=sum([2.4, 2.5, 2.4, 2.4, 2.5])=12.3, ϰ=[12.1, 8.2, 6.8, 10.4, 9.4], ∫ϰ²/L>=[18.5, 15.9, 11.9, 19.1, 19.8], C-C-Sep=0.08, ║∇J║=8.2e-05
Iteration 762/2000-----
currents: [100000.0, 99999.99999813086, 99999.99999795524, 99999.99999807817, 99999.99999842298]
J=2.3e-05, ⟨Jf⟩=1.3e-05, ⟨B·n⟩=1.0e-03, Len=sum([2.4, 2.5, 2.4, 2.4, 2.5])=12.3, ϰ=[12.1, 8.2, 6.8, 10.4, 9.4], ∫ϰ²/L>=[18.5, 15.9, 11.9, 19.1, 19.8], C-C-Sep=0.08, ║∇J║=6.2e-05
Iteration 763/2000-----
currents: [100000.0, 99999.99999813008, 99999.99999795416, 99999.99999807692, 99999.99999842227]
J=2.3e-05, ⟨Jf⟩=1.3e-05, ⟨B·n⟩=1.0e-03, Len=sum([2.4, 2.5, 2.4, 2.4, 2.5])=12.3, ϰ=[12.1, 8.2, 6.8, 10.4, 9.4], ∫ϰ²/L>=[18.5, 15.9, 11.9, 19.1, 19.8], C-C-Sep=0.08, ║∇J║=7.8e-05
Iteration 764/2000-----
currents: [100000.0, 99999.99999813011, 99999.99999795423, 99999.99999807694, 99999.99999842224]
J=2.3e-05, ⟨Jf⟩=1.3e-05, ⟨B·n⟩=1.0e-03, Len=sum([2.4, 2.5, 2.4, 2.4, 2.5])=12.3, ϰ=[12.1, 8.2, 6.8, 10.4, 9.4], ∫ϰ²/L>=[18.5, 15.9, 11.9, 19.1, 19.8], C-C-Sep=0.08, ║∇J║=6.4e-05
Iteration 765/2000-----
currents: [100000.0, 99999.9999981291, 99999.99999795287, 99999.99999807533, 99999.99999842132]
J=2.3e-05, ⟨Jf⟩=1.3e-05, ⟨B·n⟩=1.0e-03, Len=sum([2.4, 2.5, 2.4, 2.4, 2.5])=12.3, ϰ=[12.1, 8.2, 6.8, 10.4, 9.4], ∫ϰ²/L>=[18.5, 15.9, 11.9, 19.1, 19.8], C-C-Sep=0.08, ║∇J║=7.0e-05
Iteration 766/2000-----
currents: [100000.0, 99999.99999812811, 99999.99999795148, 99999.99999807368, 99999.99999842033]
J=2.3e-05, ⟨Jf⟩=1.3e-05, ⟨B·n⟩=1.0e-03, Len=sum([2.4, 2.5, 2.4, 2.4, 2.5])=12.3, ϰ=[12.1, 8.2, 6.8, 10.4, 9.4], ∫ϰ²/L>=[18.5, 15.9, 11.9, 19.1, 19.8], C-C-Sep=0.08, ║∇J║=8.3e-05
Iteration 767/2000-----
currents: [100000.0, 99999.99999812637, 99999.99999794907, 99999.99999807087, 99999.99999841872]
J=2.3e-05, ⟨Jf⟩=1.3e-05, ⟨B·n⟩=1.0e-03, Len=sum([2.4, 2.5, 2.4, 2.4, 2.5])=12.3, ϰ=[12.1, 8.2, 6.8, 10.4, 9.4], ∫ϰ²/L>=[18.5, 15.9, 11.9, 19.1, 19.8], C-C-Sep=0.08, ║∇J║=1.0e-04
Iteration 768/2000-----
currents: [100000.0, 99999.99999812437, 99999.99999794627, 99999.99999806764, 99999.99999841687]
J=2.3e-05, ⟨Jf⟩=1.3e-05, ⟨B·n⟩=1.0e-03, Len=sum([2.4, 2.5, 2.4, 2.4, 2.5])=12.3, ϰ=[12.1, 8.2, 6.8, 10.4, 9.4], ∫ϰ²/L>=[18.5, 15.9, 11.9, 19.1, 19.8], C-C-Sep=0.08, ║∇J║=1.0e-04
Iteration 769/2000-----
currents: [100000.0, 99999.99999812317, 99999.99999794451, 99999.99999806557, 99999.99999841565]
J=2.3e-05, ⟨Jf⟩=1.3e-05, ⟨B·n⟩=1.0e-03, Len=sum([2.4, 2.5, 2.4, 2.4, 2.5])=12.3, ϰ=[12.1, 8.2, 6.8, 10.4, 9.4], ∫ϰ²/L>=[18.5, 15.9, 11.9, 19.1, 19.8], C-C-Sep=0.08, ║∇J║=9.9e-05
Iteration 770/2000-----
currents: [100000.0, 99999.99999812317, 99999.99999794451, 99999.99999806553, 99999.99999841562]
J=2.3e-05, ⟨Jf⟩=1.3e-05, ⟨B·n⟩=1.0e-03, Len=sum([2.4, 2.5, 2.4, 2.4, 2.5])=12.3, ϰ=[12.1, 8.2, 6.8, 10.4, 9.4], ∫ϰ²/L>=[18.5, 15.9, 11.9, 19.1, 19.8], C-C-Sep=0.08, ║∇J║=5.8e-05
Iteration 771/2000-----
currents: [100000.0, 99999.99999812317, 99999.9999979445, 99999.9999980655, 99999.99999841559]
J=2.3e-05, ⟨Jf⟩=1.3e-05, ⟨B·n⟩=1.0e-03, Len=sum([2.4, 2.5, 2.4, 2.4, 2.5])=12.3, ϰ=[12.1, 8.2, 6.8, 10.4, 9.4], ∫ϰ²/L>=[18.5, 15.9, 11.9, 19.1, 19.8], C-C-Sep=0.08, ║∇J║=5.0e-05
Iteration 772/2000-----
currents: [100000.0, 99999.99999812298, 99999.99999794421, 99999.99999806512, 99999.99999841534]
J=2.3e-05, ⟨Jf⟩=1.3e-05, ⟨B·n⟩=1.0e-03, Len=sum([2.4, 2.5, 2.4, 2.4, 2.5])=12.3, ϰ=[12.1, 8.2, 6.8, 10.4, 9.4], ∫ϰ²/L>=[18.5, 15.9, 11.9, 19.1, 19.8], C-C-Sep=0.08, ║∇J║=5.5e-05
Iteration 773/2000-----
currents: [100000.0, 99999.99999812129, 99999.99999794182, 99999.99999806235, 99999.99999841374]
J=2.3e-05, ⟨Jf⟩=1.3e-05, ⟨B·n⟩=1.0e-03, Len=sum([2.4, 2.5, 2.4, 2.4, 2.5])=12.3, ϰ=[12.1, 8.2, 6.8, 10.4, 9.4], ∫ϰ²/L>=[18.5, 15.8, 11.9, 19.1, 19.8], C-C-Sep=0.08, ║∇J║=9.7e-05
Iteration 774/2000-----
currents: [100000.0, 99999.9999981198, 99999.99999793968, 99999.99999805988, 99999.9999984123]
J=2.3e-05, ⟨Jf⟩=1.3e-05, ⟨B·n⟩=1.0e-03, Len=sum([2.4, 2.5, 2.4, 2.4, 2.5])=12.3, ϰ=[12.1, 8.2, 6.8, 10.4, 9.4], ∫ϰ²/L>=[18.5, 15.8, 11.9, 19.1, 19.8], C-C-Sep=0.08, ║∇J║=8.3e-05
Iteration 775/2000-----
currents: [100000.0, 99999.99999811743, 99999.99999793633, 99999.99999805605, 99999.99999841015]
J=2.3e-05, ⟨Jf⟩=1.3e-05, ⟨B·n⟩=1.0e-03, Len=sum([2.4, 2.5, 2.4, 2.4, 2.5])=12.3, ϰ=[12.0, 8.2, 6.8, 10.4, 9.4], ∫ϰ²/L>=[18.5, 15.8, 11.9, 19.1, 19.8], C-C-Sep=0.08, ║∇J║=7.7e-05
Iteration 776/2000-----
currents: [100000.0, 99999.99999811537, 99999.99999793341, 99999.99999805275, 99999.99999840833]
J=2.3e-05, ⟨Jf⟩=1.3e-05, ⟨B·n⟩=1.0e-03, Len=sum([2.4, 2.5, 2.4, 2.4, 2.5])=12.3, ϰ=[12.0, 8.2, 6.8, 10.4, 9.4], ∫ϰ²/L>=[18.5, 15.8, 11.9, 19.1, 19.8], C-C-Sep=0.08, ║∇J║=1.5e-04
Iteration 777/2000-----
currents: [100000.0, 99999.99999811605, 99999.99999793438, 99999.99999805391, 99999.99999840902]
J=2.3e-05, ⟨Jf⟩=1.3e-05, ⟨B·n⟩=1.0e-03, Len=sum([2.4, 2.5, 2.4, 2.4, 2.5])=12.3, ϰ=[12.1, 8.2, 6.8, 10.4, 9.4], ∫ϰ²/L>=[18.5, 15.8, 11.9, 19.1, 19.8], C-C-Sep=0.08, ║∇J║=5.2e-05
Iteration 778/2000-----
currents: [100000.0, 99999.99999811659, 99999.99999793514, 99999.99999805479, 99999.99999840953]
J=2.3e-05, ⟨Jf⟩=1.3e-05, ⟨B·n⟩=1.0e-03, Len=sum([2.4, 2.5, 2.4, 2.4, 2.5])=12.3, ϰ=[12.1, 8.2, 6.8, 10.4, 9.4], ∫ϰ²/L>=[18.5, 15.8, 11.9, 19.1, 19.8], C-C-Sep=0.08, ║∇J║=4.1e-05
Iteration 779/2000-----
currents: [100000.0, 99999.99999811722, 99999.99999793601, 99999.9999980558, 99999.99999841012]
J=2.3e-05, ⟨Jf⟩=1.3e-05, ⟨B·n⟩=1.0e-03, Len=sum([2.4, 2.5, 2.4, 2.4, 2.5])=12.3, ϰ=[12.1, 8.2, 6.8, 10.4, 9.4], ∫ϰ²/L>=[18.5, 15.8, 11.9, 19.1, 19.8], C-C-Sep=0.08, ║∇J║=5.5e-05
Iteration 780/2000-----
currents: [100000.0, 99999.99999811707, 99999.9999979358, 99999.99999805553, 99999.99999840994]
J=2.3e-05, ⟨Jf⟩=1.3e-05, ⟨B·n⟩=1.0e-03, Len=sum([2.4, 2.5, 2.4, 2.4, 2.5])=12.3, ϰ=[12.1, 8.2, 6.8, 10.4, 9.4], ∫ϰ²/L>=[18.5, 15.8, 11.9, 19.1, 19.8], C-C-Sep=0.08, ║∇J║=7.2e-05
Iteration 781/2000-----
currents: [100000.0, 99999.99999811634, 99999.9999979347, 99999.9999980542, 99999.9999984091]
J=2.3e-05, ⟨Jf⟩=1.3e-05, ⟨B·n⟩=1.0e-03, Len=sum([2.4, 2.5, 2.4, 2.4, 2.5])=12.3, ϰ=[12.1, 8.1, 6.8, 10.4, 9.4], ∫ϰ²/L>=[18.5, 15.8, 11.9, 19.1, 19.7], C-C-Sep=0.08, ║∇J║=1.2e-04
Iteration 782/2000-----
currents: [100000.0, 99999.99999811368, 99999.99999793097, 99999.99999804987, 99999.99999840661]
J=2.3e-05, ⟨Jf⟩=1.3e-05, ⟨B·n⟩=1.0e-03, Len=sum([2.4, 2.5, 2.4, 2.4, 2.5])=12.3, ϰ=[12.1, 8.1, 6.8, 10.4, 9.4], ∫ϰ²/L>=[18.5, 15.8, 11.9, 19.1, 19.8], C-C-Sep=0.08, ║∇J║=7.3e-05
Iteration 783/2000-----
currents: [100000.0, 99999.9999981123, 99999.99999792902, 99999.99999804758, 99999.99999840528]
J=2.3e-05, ⟨Jf⟩=1.3e-05, ⟨B·n⟩=1.0e-03, Len=sum([2.4, 2.5, 2.4, 2.4, 2.5])=12.3, ϰ=[12.1, 8.1, 6.8, 10.4, 9.4], ∫ϰ²/L>=[18.5, 15.8, 11.9, 19.1, 19.8], C-C-Sep=0.08, ║∇J║=5.2e-05
Iteration 784/2000-----
currents: [100000.0, 99999.99999810984, 99999.99999792558, 99999.99999804364, 99999.99999840306]
J=2.3e-05, ⟨Jf⟩=1.3e-05, ⟨B·n⟩=1.0e-03, Len=sum([2.4, 2.5, 2.4, 2.4, 2.5])=12.3, ϰ=[12.1, 8.1, 6.8, 10.4, 9.4], ∫ϰ²/L>=[18.5, 15.8, 11.9, 19.1, 19.8], C-C-Sep=0.08, ║∇J║=6.3e-05
Iteration 785/2000-----
currents: [100000.0, 99999.99999810893, 99999.99999792431, 99999.99999804216, 99999.99999840221]
J=2.3e-05, ⟨Jf⟩=1.3e-05, ⟨B·n⟩=1.0e-03, Len=sum([2.4, 2.5, 2.4, 2.4, 2.5])=12.3, ϰ=[12.1, 8.1, 6.8, 10.4, 9.4], ∫ϰ²/L>=[18.5, 15.8, 11.9, 19.1, 19.8], C-C-Sep=0.08, ║∇J║=6.9e-05
Iteration 786/2000-----
currents: [100000.0, 99999.99999810838, 99999.99999792354, 99999.99999804127, 99999.99999840173]
J=2.3e-05, ⟨Jf⟩=1.3e-05, ⟨B·n⟩=1.0e-03, Len=sum([2.4, 2.5, 2.4, 2.4, 2.5])=12.3, ϰ=[12.1, 8.1, 6.8, 10.4, 9.4], ∫ϰ²/L>=[18.5, 15.8, 11.9, 19.1, 19.8], C-C-Sep=0.08, ║∇J║=6.1e-05
Iteration 787/2000-----
currents: [100000.0, 99999.99999810687, 99999.99999792142, 99999.99999803882, 99999.99999840041]
J=2.3e-05, ⟨Jf⟩=1.3e-05, ⟨B·n⟩=1.0e-03, Len=sum([2.4, 2.5, 2.4, 2.4, 2.5])=12.3, ϰ=[12.1, 8.1, 6.8, 10.4, 9.4], ∫ϰ²/L>=[18.5, 15.8, 11.9, 19.1, 19.8], C-C-Sep=0.08, ║∇J║=6.9e-05
Iteration 788/2000-----
currents: [100000.0, 99999.99999810704, 99999.99999792165, 99999.99999803897, 99999.99999840044]
J=2.3e-05, ⟨Jf⟩=1.3e-05, ⟨B·n⟩=1.0e-03, Len=sum([2.4, 2.5, 2.4, 2.4, 2.5])=12.3, ϰ=[12.1, 8.1, 6.8, 10.4, 9.4], ∫ϰ²/L>=[18.5, 15.8, 11.9, 19.1, 19.8], C-C-Sep=0.08, ║∇J║=1.1e-04
Iteration 789/2000-----
currents: [100000.0, 99999.99999810671, 99999.99999792116, 99999.99999803833, 99999.99999840005]
J=2.3e-05, ⟨Jf⟩=1.3e-05, ⟨B·n⟩=1.0e-03, Len=sum([2.4, 2.5, 2.4, 2.4, 2.5])=12.3, ϰ=[12.1, 8.1, 6.8, 10.4, 9.4], ∫ϰ²/L>=[18.5, 15.8, 11.9, 19.1, 19.8], C-C-Sep=0.08, ║∇J║=6.9e-05
Iteration 790/2000-----
currents: [100000.0, 99999.99999810659, 99999.99999792097, 99999.99999803795, 99999.99999839973]
J=2.3e-05, ⟨Jf⟩=1.3e-05, ⟨B·n⟩=1.0e-03, Len=sum([2.4, 2.5, 2.4, 2.4, 2.5])=12.3, ϰ=[12.1, 8.1, 6.8, 10.4, 9.4], ∫ϰ²/L>=[18.5, 15.8, 11.9, 19.1, 19.8], C-C-Sep=0.08, ║∇J║=4.6e-05
Iteration 791/2000-----
currents: [100000.0, 99999.99999810597, 99999.9999979201, 99999.99999803687, 99999.99999839909]
J=2.3e-05, ⟨Jf⟩=1.3e-05, ⟨B·n⟩=1.0e-03, Len=sum([2.4, 2.5, 2.4, 2.4, 2.5])=12.3, ϰ=[12.1, 8.1, 6.8, 10.4, 9.4], ∫ϰ²/L>=[18.5, 15.8, 11.9, 19.1, 19.8], C-C-Sep=0.08, ║∇J║=4.5e-05
Iteration 792/2000-----
currents: [100000.0, 99999.99999810569, 99999.99999791972, 99999.99999803634, 99999.99999839874]
J=2.3e-05, ⟨Jf⟩=1.3e-05, ⟨B·n⟩=1.0e-03, Len=sum([2.4, 2.5, 2.4, 2.4, 2.5])=12.3, ϰ=[12.1, 8.1, 6.8, 10.4, 9.4], ∫ϰ²/L>=[18.5, 15.8, 11.9, 19.1, 19.8], C-C-Sep=0.08, ║∇J║=5.2e-05
Iteration 793/2000-----
currents: [100000.0, 99999.99999810377, 99999.99999791701, 99999.99999803308, 99999.99999839683]
J=2.3e-05, ⟨Jf⟩=1.3e-05, ⟨B·n⟩=1.0e-03, Len=sum([2.4, 2.5, 2.4, 2.4, 2.5])=12.3, ϰ=[12.1, 8.1, 6.8, 10.4, 9.4], ∫ϰ²/L>=[18.5, 15.8, 11.9, 19.1, 19.8], C-C-Sep=0.08, ║∇J║=8.3e-05
Iteration 794/2000-----
currents: [100000.0, 99999.99999810263, 99999.99999791544, 99999.9999980311, 99999.9999983957]
J=2.3e-05, ⟨Jf⟩=1.3e-05, ⟨B·n⟩=1.0e-03, Len=sum([2.4, 2.5, 2.4, 2.4, 2.5])=12.3, ϰ=[12.1, 8.1, 6.8, 10.4, 9.4], ∫ϰ²/L>=[18.5, 15.8, 11.9, 19.1, 19.8], C-C-Sep=0.08, ║∇J║=8.6e-05
Iteration 795/2000-----
currents: [100000.0, 99999.9999981019, 99999.99999791439, 99999.99999802985, 99999.99999839501]
J=2.3e-05, ⟨Jf⟩=1.3e-05, ⟨B·n⟩=1.0e-03, Len=sum([2.4, 2.5, 2.4, 2.4, 2.5])=12.3, ϰ=[12.1, 8.1, 6.9, 10.4, 9.4], ∫ϰ²/L>=[18.5, 15.8, 11.9, 19.1, 19.8], C-C-Sep=0.08, ║∇J║=7.0e-05
Iteration 796/2000-----
currents: [100000.0, 99999.99999810115, 99999.9999979133, 99999.99999802862, 99999.99999839439]
J=2.3e-05, ⟨Jf⟩=1.3e-05, ⟨B·n⟩=1.0e-03, Len=sum([2.4, 2.5, 2.4, 2.4, 2.5])=12.3, ϰ=[12.1, 8.1, 6.9, 10.4, 9.4], ∫ϰ²/L>=[18.5, 15.8, 11.9, 19.1, 19.8], C-C-Sep=0.08, ║∇J║=4.8e-05
Iteration 797/2000-----
currents: [100000.0, 99999.99999810137, 99999.99999791359, 99999.99999802894, 99999.9999983946]
J=2.3e-05, ⟨Jf⟩=1.3e-05, ⟨B·n⟩=1.0e-03, Len=sum([2.4, 2.5, 2.4, 2.4, 2.5])=12.3, ϰ=[12.1, 8.1, 6.9, 10.4, 9.4], ∫ϰ²/L>=[18.5, 15.8, 11.9, 19.1, 19.8], C-C-Sep=0.08, ║∇J║=4.3e-05
Iteration 798/2000-----
currents: [100000.0, 99999.99999810162, 99999.99999791392, 99999.99999802932, 99999.99999839487]
J=2.3e-05, ⟨Jf⟩=1.3e-05, ⟨B·n⟩=1.0e-03, Len=sum([2.4, 2.5, 2.4, 2.4, 2.5])=12.3, ϰ=[12.1, 8.1, 6.8, 10.4, 9.3], ∫ϰ²/L>=[18.5, 15.8, 11.9, 19.1, 19.8], C-C-Sep=0.08, ║∇J║=4.3e-05
Iteration 799/2000-----
currents: [100000.0, 99999.9999981007, 99999.9999979126, 99999.9999980277, 99999.99999839396]
J=2.3e-05, ⟨Jf⟩=1.3e-05, ⟨B·n⟩=1.0e-03, Len=sum([2.4, 2.5, 2.4, 2.4, 2.5])=12.3, ϰ=[12.1, 8.1, 6.8, 10.4, 9.3], ∫ϰ²/L>=[18.5, 15.8, 11.9, 19.1, 19.8], C-C-Sep=0.08, ║∇J║=4.6e-05
Iteration 800/2000-----
currents: [100000.0, 99999.99999809942, 99999.99999791075, 99999.99999802545, 99999.99999839268]
J=2.3e-05, ⟨Jf⟩=1.3e-05, ⟨B·n⟩=1.0e-03, Len=sum([2.4, 2.5, 2.5, 2.4, 2.5])=12.3, ϰ=[12.1, 8.1, 6.8, 10.4, 9.3], ∫ϰ²/L>=[18.5, 15.8, 11.9, 19.1, 19.8], C-C-Sep=0.08, ║∇J║=5.8e-05
Iteration 801/2000-----
currents: [100000.0, 99999.99999809811, 99999.99999790882, 99999.99999802305, 99999.99999839131]
J=2.3e-05, ⟨Jf⟩=1.3e-05, ⟨B·n⟩=1.0e-03, Len=sum([2.4, 2.5, 2.5, 2.4, 2.5])=12.3, ϰ=[12.1, 8.0, 6.8, 10.4, 9.4], ∫ϰ²/L>=[18.5, 15.8, 11.9, 19.1, 19.8], C-C-Sep=0.08, ║∇J║=8.9e-05
Iteration 802/2000-----
currents: [100000.0, 99999.99999809722, 99999.99999790752, 99999.99999802148, 99999.99999839041]
J=2.3e-05, ⟨Jf⟩=1.3e-05, ⟨B·n⟩=1.0e-03, Len=sum([2.4, 2.5, 2.5, 2.4, 2.5])=12.3, ϰ=[12.1, 8.0, 6.8, 10.4, 9.4], ∫ϰ²/L>=[18.5, 15.8, 11.9, 19.1, 19.8], C-C-Sep=0.08, ║∇J║=5.4e-05
Iteration 803/2000-----
currents: [100000.0, 99999.99999809766, 99999.9999979081, 99999.99999802216, 99999.9999983908]
J=2.3e-05, ⟨Jf⟩=1.3e-05, ⟨B·n⟩=1.0e-03, Len=sum([2.4, 2.5, 2.5, 2.4, 2.5])=12.3, ϰ=[12.1, 8.0, 6.8, 10.4, 9.4], ∫ϰ²/L>=[18.5, 15.8, 11.9, 19.1, 19.8], C-C-Sep=0.08, ║∇J║=3.9e-05
Iteration 804/2000-----
currents: [100000.0, 99999.99999809786, 99999.99999790835, 99999.99999802242, 99999.99999839094]
J=2.3e-05, ⟨Jf⟩=1.3e-05, ⟨B·n⟩=1.0e-03, Len=sum([2.4, 2.5, 2.5, 2.4, 2.5])=12.3, ϰ=[12.1, 8.0, 6.8, 10.4, 9.4], ∫ϰ²/L>=[18.5, 15.8, 11.8, 19.1, 19.8], C-C-Sep=0.08, ║∇J║=4.4e-05
Iteration 805/2000-----
currents: [100000.0, 99999.99999809831, 99999.99999790895, 99999.99999802306, 99999.9999983913]
J=2.3e-05, ⟨Jf⟩=1.3e-05, ⟨B·n⟩=1.0e-03, Len=sum([2.4, 2.5, 2.4, 2.4, 2.5])=12.3, ϰ=[12.1, 8.0, 6.8, 10.4, 9.4], ∫ϰ²/L>=[18.5, 15.7, 11.8, 19.1, 19.8], C-C-Sep=0.08, ║∇J║=4.7e-05
Iteration 806/2000-----
currents: [100000.0, 99999.99999809798, 99999.99999790841, 99999.99999802232, 99999.99999839088]
J=2.3e-05, ⟨Jf⟩=1.3e-05, ⟨B·n⟩=1.0e-03, Len=sum([2.4, 2.5, 2.4, 2.4, 2.5])=12.3, ϰ=[12.0, 8.1, 6.8, 10.4, 9.4], ∫ϰ²/L>=[18.5, 15.7, 11.8, 19.1, 19.8], C-C-Sep=0.08, ║∇J║=5.4e-05
Iteration 807/2000-----
currents: [100000.0, 99999.99999809734, 99999.99999790742, 99999.99999802095, 99999.99999839009]
J=2.3e-05, ⟨Jf⟩=1.3e-05, ⟨B·n⟩=1.0e-03, Len=sum([2.4, 2.5, 2.4, 2.4, 2.5])=12.3, ϰ=[12.0, 8.1, 6.8, 10.4, 9.4], ∫ϰ²/L>=[18.5, 15.7, 11.8, 19.1, 19.8], C-C-Sep=0.08, ║∇J║=6.3e-05
Iteration 808/2000-----
currents: [100000.0, 99999.99999809623, 99999.99999790575, 99999.99999801881, 99999.9999983889]
J=2.3e-05, ⟨Jf⟩=1.3e-05, ⟨B·n⟩=1.0e-03, Len=sum([2.4, 2.5, 2.5, 2.4, 2.5])=12.3, ϰ=[12.0, 8.0, 6.8, 10.4, 9.4], ∫ϰ²/L>=[18.5, 15.7, 11.8, 19.1, 19.8], C-C-Sep=0.08, ║∇J║=7.5e-05
Iteration 809/2000-----
currents: [100000.0, 99999.99999809526, 99999.99999790432, 99999.99999801707, 99999.99999838794]
J=2.3e-05, ⟨Jf⟩=1.3e-05, ⟨B·n⟩=1.0e-03, Len=sum([2.4, 2.5, 2.5, 2.4, 2.5])=12.3, ϰ=[12.0, 8.0, 6.9, 10.4, 9.4], ∫ϰ²/L>=[18.5, 15.7, 11.8, 19.1, 19.8], C-C-Sep=0.08, ║∇J║=5.2e-05
Iteration 810/2000-----
currents: [100000.0, 99999.99999809485, 99999.99999790371, 99999.99999801638, 99999.99999838758]
J=2.3e-05, ⟨Jf⟩=1.3e-05, ⟨B·n⟩=1.0e-03, Len=sum([2.4, 2.5, 2.5, 2.4, 2.5])=12.3, ϰ=[12.0, 8.0, 6.9, 10.4, 9.4], ∫ϰ²/L>=[18.5, 15.7, 11.8, 19.1, 19.8], C-C-Sep=0.08, ║∇J║=3.7e-05
Iteration 811/2000-----
currents: [100000.0, 99999.9999980947, 99999.99999790346, 99999.99999801614, 99999.99999838746]
J=2.3e-05, ⟨Jf⟩=1.3e-05, ⟨B·n⟩=1.0e-03, Len=sum([2.4, 2.5, 2.5, 2.4, 2.5])=12.3, ϰ=[12.0, 8.0, 6.9, 10.4, 9.4], ∫ϰ²/L>=[18.5, 15.7, 11.8, 19.1, 19.8], C-C-Sep=0.08, ║∇J║=4.1e-05
Iteration 812/2000-----
currents: [100000.0, 99999.99999809408, 99999.99999790249, 99999.99999801502, 99999.99999838683]
J=2.3e-05, ⟨Jf⟩=1.3e-05, ⟨B·n⟩=1.0e-03, Len=sum([2.4, 2.5, 2.5, 2.4, 2.5])=12.3, ϰ=[12.0, 8.0, 6.9, 10.4, 9.4], ∫ϰ²/L>=[18.5, 15.7, 11.8, 19.1, 19.8], C-C-Sep=0.08, ║∇J║=5.1e-05
Iteration 813/2000-----
currents: [100000.0, 99999.99999809318, 99999.99999790105, 99999.99999801329, 99999.99999838584]
J=2.3e-05, ⟨Jf⟩=1.3e-05, ⟨B·n⟩=1.0e-03, Len=sum([2.4, 2.5, 2.5, 2.4, 2.5])=12.3, ϰ=[12.0, 8.0, 6.9, 10.4, 9.4], ∫ϰ²/L>=[18.5, 15.7, 11.8, 19.2, 19.8], C-C-Sep=0.08, ║∇J║=6.8e-05
Iteration 814/2000-----
currents: [100000.0, 99999.99999809182, 99999.99999789892, 99999.99999801065, 99999.9999983843]
J=2.3e-05, ⟨Jf⟩=1.3e-05, ⟨B·n⟩=1.0e-03, Len=sum([2.4, 2.5, 2.5, 2.4, 2.5])=12.3, ϰ=[12.0, 8.0, 6.9, 10.4, 9.4], ∫ϰ²/L>=[18.5, 15.7, 11.8, 19.2, 19.8], C-C-Sep=0.08, ║∇J║=7.0e-05
Iteration 815/2000-----
currents: [100000.0, 99999.99999809041, 99999.99999789675, 99999.99999800794, 99999.9999983827]
J=2.3e-05, ⟨Jf⟩=1.3e-05, ⟨B·n⟩=1.0e-03, Len=sum([2.4, 2.5, 2.5, 2.4, 2.5])=12.3, ϰ=[12.0, 8.0, 6.9, 10.4, 9.4], ∫ϰ²/L>=[18.5, 15.7, 11.8, 19.2, 19.8], C-C-Sep=0.08, ║∇J║=6.2e-05
Iteration 816/2000-----
currents: [100000.0, 99999.99999809003, 99999.99999789619, 99999.99999800719, 99999.99999838223]
J=2.3e-05, ⟨Jf⟩=1.3e-05, ⟨B·n⟩=1.0e-03, Len=sum([2.4, 2.5, 2.5, 2.4, 2.5])=12.3, ϰ=[12.0, 8.0, 6.9, 10.4, 9.4], ∫ϰ²/L>=[18.5, 15.7, 11.8, 19.2, 19.8], C-C-Sep=0.08, ║∇J║=4.5e-05
Iteration 817/2000-----
currents: [100000.0, 99999.99999809003, 99999.99999789619, 99999.99999800714, 99999.99999838219]
J=2.3e-05, ⟨Jf⟩=1.3e-05, ⟨B·n⟩=1.0e-03, Len=sum([2.4, 2.5, 2.5, 2.4, 2.5])=12.3, ϰ=[12.0, 8.0, 6.8, 10.4, 9.4], ∫ϰ²/L>=[18.5, 15.7, 11.8, 19.1, 19.8], C-C-Sep=0.08, ║∇J║=3.5e-05
Iteration 818/2000-----
currents: [100000.0, 99999.99999809, 99999.99999789611, 99999.99999800704, 99999.99999838213]
J=2.3e-05, ⟨Jf⟩=1.3e-05, ⟨B·n⟩=1.0e-03, Len=sum([2.4, 2.5, 2.5, 2.4, 2.5])=12.3, ϰ=[12.0, 8.0, 6.8, 10.4, 9.4], ∫ϰ²/L>=[18.5, 15.7, 11.8, 19.1, 19.8], C-C-Sep=0.08, ║∇J║=3.9e-05
Iteration 819/2000-----
currents: [100000.0, 99999.99999808992, 99999.99999789588, 99999.99999800671, 99999.99999838194]
J=2.3e-05, ⟨Jf⟩=1.3e-05, ⟨B·n⟩=1.0e-03, Len=sum([2.4, 2.5, 2.5, 2.4, 2.5])=12.3, ϰ=[12.0, 8.0, 6.8, 10.4, 9.4], ∫ϰ²/L>=[18.5, 15.7, 11.8, 19.1, 19.8], C-C-Sep=0.08, ║∇J║=4.9e-05
Iteration 820/2000-----
currents: [100000.0, 99999.99999808912, 99999.99999789456, 99999.99999800505, 99999.999998381]
J=2.3e-05, ⟨Jf⟩=1.3e-05, ⟨B·n⟩=1.0e-03, Len=sum([2.4, 2.5, 2.5, 2.4, 2.5])=12.3, ϰ=[12.0, 8.0, 6.8, 10.4, 9.4], ∫ϰ²/L>=[18.5, 15.7, 11.8, 19.1, 19.8], C-C-Sep=0.08, ║∇J║=6.7e-05
Iteration 821/2000-----
currents: [100000.0, 99999.99999808833, 99999.99999789326, 99999.99999800339, 99999.99999838004]
J=2.3e-05, ⟨Jf⟩=1.3e-05, ⟨B·n⟩=1.0e-03, Len=sum([2.4, 2.5, 2.5, 2.4, 2.5])=12.3, ϰ=[12.0, 8.0, 6.8, 10.4, 9.4], ∫ϰ²/L>=[18.5, 15.7, 11.8, 19.1, 19.8], C-C-Sep=0.08, ║∇J║=5.2e-05
Iteration 822/2000-----
currents: [100000.0, 99999.99999808667, 99999.99999789069, 99999.99999800014, 99999.99999837815]
J=2.3e-05, ⟨Jf⟩=1.3e-05, ⟨B·n⟩=1.0e-03, Len=sum([2.4, 2.5, 2.5, 2.4, 2.5])=12.3, ϰ=[12.0, 8.0, 6.8, 10.4, 9.4], ∫ϰ²/L>=[18.5, 15.7, 11.8, 19.1, 19.8], C-C-Sep=0.08, ║∇J║=6.1e-05
Iteration 823/2000-----
currents: [100000.0, 99999.99999808586, 99999.99999788945, 99999.99999799856, 99999.9999983772]
J=2.3e-05, ⟨Jf⟩=1.3e-05, ⟨B·n⟩=1.0e-03, Len=sum([2.4, 2.5, 2.5, 2.4, 2.5])=12.3, ϰ=[12.0, 8.0, 6.8, 10.4, 9.4], ∫ϰ²/L>=[18.5, 15.7, 11.8, 19.1, 19.8], C-C-Sep=0.08, ║∇J║=6.0e-05
Iteration 824/2000-----
currents: [100000.0, 99999.99999808554, 99999.99999788901, 99999.99999799805, 99999.9999983769]
J=2.3e-05, ⟨Jf⟩=1.3e-05, ⟨B·n⟩=1.0e-03, Len=sum([2.4, 2.5, 2.5, 2.4, 2.5])=12.3, ϰ=[12.0, 8.0, 6.8, 10.4, 9.4], ∫ϰ²/L>=[18.5, 15.7, 11.8, 19.1, 19.8], C-C-Sep=0.08, ║∇J║=3.8e-05
Iteration 825/2000-----
currents: [100000.0, 99999.99999808522, 99999.99999788856, 99999.9999979975, 99999.99999837654]
J=2.3e-05, ⟨Jf⟩=1.3e-05, ⟨B·n⟩=1.0e-03, Len=sum([2.4, 2.5, 2.5, 2.4, 2.5])=12.3, ϰ=[12.0, 8.0, 6.8, 10.4, 9.4], ∫ϰ²/L>=[18.5, 15.7, 11.8, 19.1, 19.8], C-C-Sep=0.08, ║∇J║=3.4e-05
Iteration 826/2000-----
currents: [100000.0, 99999.99999808458, 99999.99999788759, 99999.99999799633, 99999.99999837586]
J=2.3e-05, ⟨Jf⟩=1.3e-05, ⟨B·n⟩=1.0e-03, Len=sum([2.4, 2.5, 2.5, 2.4, 2.5])=12.3, ϰ=[12.0, 8.0, 6.8, 10.4, 9.4], ∫ϰ²/L>=[18.5, 15.7, 11.8, 19.1, 19.8], C-C-Sep=0.08, ║∇J║=4.4e-05
Iteration 827/2000-----
currents: [100000.0, 99999.99999808313, 99999.9999978853, 99999.99999799352, 99999.9999983742]
J=2.3e-05, ⟨Jf⟩=1.3e-05, ⟨B·n⟩=1.0e-03, Len=sum([2.4, 2.5, 2.5, 2.4, 2.5])=12.3, ϰ=[12.0, 8.0, 6.8, 10.4, 9.4], ∫ϰ²/L>=[18.5, 15.7, 11.8, 19.1, 19.8], C-C-Sep=0.08, ║∇J║=6.6e-05
Iteration 828/2000-----
currents: [100000.0, 99999.99999808098, 99999.99999788191, 99999.99999798939, 99999.99999837179]
J=2.3e-05, ⟨Jf⟩=1.3e-05, ⟨B·n⟩=1.0e-03, Len=sum([2.4, 2.5, 2.5, 2.4, 2.5])=12.3, ϰ=[12.0, 8.0, 6.8, 10.4, 9.4], ∫ϰ²/L>=[18.5, 15.6, 11.8, 19.1, 19.9], C-C-Sep=0.08, ║∇J║=9.9e-05
Iteration 829/2000-----
currents: [100000.0, 99999.99999808012, 99999.99999788057, 99999.99999798775, 99999.99999837084]
J=2.3e-05, ⟨Jf⟩=1.3e-05, ⟨B·n⟩=1.0e-03, Len=sum([2.4, 2.5, 2.5, 2.4, 2.5])=12.3, ϰ=[12.0, 8.0, 6.8, 10.4, 9.4], ∫ϰ²/L>=[18.5, 15.6, 11.8, 19.1, 19.9], C-C-Sep=0.08, ║∇J║=5.7e-05
Iteration 830/2000-----
currents: [100000.0, 99999.9999980798, 99999.99999787998, 99999.9999979869, 99999.99999837033]
J=2.3e-05, ⟨Jf⟩=1.3e-05, ⟨B·n⟩=1.0e-03, Len=sum([2.4, 2.5, 2.5, 2.4, 2.5])=12.3, ϰ=[12.0, 8.0, 6.8, 10.4, 9.4], ∫ϰ²/L>=[18.5, 15.6, 11.8, 19.1, 19.9], C-C-Sep=0.08, ║∇J║=4.9e-05
Iteration 831/2000-----
currents: [100000.0, 99999.99999807937, 99999.99999787929, 99999.99999798603, 99999.99999836982]
J=2.3e-05, ⟨Jf⟩=1.3e-05, ⟨B·n⟩=1.0e-03, Len=sum([2.4, 2.5, 2.5, 2.4, 2.5])=12.3, ϰ=[12.0, 8.0, 6.8, 10.4, 9.4], ∫ϰ²/L>=[18.5, 15.6, 11.8, 19.1, 19.9], C-C-Sep=0.08, ║∇J║=8.5e-05
Iteration 832/2000-----
currents: [100000.0, 99999.99999807926, 99999.99999787915, 99999.99999798584, 99999.9999983697]
J=2.3e-05, ⟨Jf⟩=1.3e-05, ⟨B·n⟩=1.0e-03, Len=sum([2.4, 2.5, 2.5, 2.4, 2.5])=12.3, ϰ=[12.0, 8.0, 6.8, 10.4, 9.4], ∫ϰ²/L>=[18.5, 15.6, 11.8, 19.1, 19.9], C-C-Sep=0.08, ║∇J║=4.1e-05
Iteration 833/2000-----
currents: [100000.0, 99999.99999807948, 99999.99999787945, 99999.99999798616, 99999.99999836985]
J=2.3e-05, ⟨Jf⟩=1.3e-05, ⟨B·n⟩=1.0e-03, Len=sum([2.4, 2.5, 2.5, 2.4, 2.5])=12.3, ϰ=[12.0, 8.0, 6.8, 10.4, 9.4], ∫ϰ²/L>=[18.5, 15.6, 11.8, 19.1, 19.9], C-C-Sep=0.08, ║∇J║=3.2e-05
Iteration 834/2000-----
currents: [100000.0, 99999.99999807951, 99999.99999787948, 99999.99999798619, 99999.99999836985]
J=2.3e-05, ⟨Jf⟩=1.3e-05, ⟨B·n⟩=1.0e-03, Len=sum([2.4, 2.5, 2.5, 2.4, 2.5])=12.3, ϰ=[12.0, 8.0, 6.8, 10.4, 9.4], ∫ϰ²/L>=[18.5, 15.6, 11.8, 19.1, 19.9], C-C-Sep=0.08, ║∇J║=3.9e-05
Iteration 835/2000-----
currents: [100000.0, 99999.99999807935, 99999.99999787919, 99999.99999798581, 99999.99999836957]
J=2.3e-05, ⟨Jf⟩=1.3e-05, ⟨B·n⟩=1.0e-03, Len=sum([2.4, 2.5, 2.5, 2.4, 2.5])=12.3, ϰ=[12.0, 8.0, 6.8, 10.4, 9.4], ∫ϰ²/L>=[18.5, 15.6, 11.8, 19.1, 19.9], C-C-Sep=0.08, ║∇J║=5.0e-05
Iteration 836/2000-----
currents: [100000.0, 99999.99999807877, 99999.99999787824, 99999.99999798465, 99999.99999836883]
J=2.3e-05, ⟨Jf⟩=1.3e-05, ⟨B·n⟩=1.0e-03, Len=sum([2.4, 2.5, 2.5, 2.4, 2.5])=12.3, ϰ=[12.0, 8.0, 6.8, 10.4, 9.4], ∫ϰ²/L>=[18.5, 15.6, 11.8, 19.1, 19.9], C-C-Sep=0.08, ║∇J║=6.6e-05
Iteration 837/2000-----
currents: [100000.0, 99999.99999807618, 99999.99999787436, 99999.99999798, 99999.99999836604]
J=2.3e-05, ⟨Jf⟩=1.3e-05, ⟨B·n⟩=1.0e-03, Len=sum([2.4, 2.5, 2.5, 2.4, 2.5])=12.3, ϰ=[12.0, 8.0, 6.8, 10.4, 9.4], ∫ϰ²/L>=[18.5, 15.6, 11.8, 19.1, 19.9], C-C-Sep=0.08, ║∇J║=1.3e-04
Iteration 838/2000-----
currents: [100000.0, 99999.99999807595, 99999.999997874, 99999.99999797955, 99999.99999836576]
J=2.3e-05, ⟨Jf⟩=1.3e-05, ⟨B·n⟩=1.0e-03, Len=sum([2.4, 2.5, 2.5, 2.4, 2.5])=12.3, ϰ=[12.0, 8.0, 6.8, 10.4, 9.4], ∫ϰ²/L>=[18.5, 15.6, 11.8, 19.1, 19.9], C-C-Sep=0.08, ║∇J║=5.7e-05
Iteration 839/2000-----
currents: [100000.0, 99999.99999807533, 99999.99999787314, 99999.99999797856, 99999.99999836522]
J=2.3e-05, ⟨Jf⟩=1.3e-05, ⟨B·n⟩=1.0e-03, Len=sum([2.4, 2.5, 2.5, 2.4, 2.5])=12.3, ϰ=[12.0, 8.0, 6.8, 10.4, 9.4], ∫ϰ²/L>=[18.5, 15.6, 11.8, 19.1, 19.9], C-C-Sep=0.08, ║∇J║=3.9e-05
Iteration 840/2000-----
currents: [100000.0, 99999.9999980741, 99999.99999787137, 99999.99999797648, 99999.99999836403]
J=2.3e-05, ⟨Jf⟩=1.3e-05, ⟨B·n⟩=1.0e-03, Len=sum([2.4, 2.5, 2.5, 2.4, 2.5])=12.3, ϰ=[12.0, 8.0, 6.8, 10.4, 9.4], ∫ϰ²/L>=[18.5, 15.6, 11.8, 19.1, 19.9], C-C-Sep=0.08, ║∇J║=3.4e-05
Iteration 841/2000-----
currents: [100000.0, 99999.99999807346, 99999.99999787044, 99999.99999797538, 99999.99999836338]
J=2.3e-05, ⟨Jf⟩=1.3e-05, ⟨B·n⟩=1.0e-03, Len=sum([2.4, 2.5, 2.5, 2.4, 2.5])=12.3, ϰ=[12.0, 8.0, 6.8, 10.4, 9.4], ∫ϰ²/L>=[18.5, 15.6, 11.8, 19.1, 19.9], C-C-Sep=0.08, ║∇J║=5.4e-05
Iteration 842/2000-----
currents: [100000.0, 99999.99999807237, 99999.99999786887, 99999.9999979735, 99999.99999836227]
J=2.3e-05, ⟨Jf⟩=1.3e-05, ⟨B·n⟩=1.0e-03, Len=sum([2.4, 2.5, 2.5, 2.4, 2.5])=12.3, ϰ=[12.0, 8.0, 6.9, 10.4, 9.4], ∫ϰ²/L>=[18.5, 15.6, 11.8, 19.1, 19.9], C-C-Sep=0.08, ║∇J║=4.5e-05
Iteration 843/2000-----
currents: [100000.0, 99999.99999807167, 99999.99999786787, 99999.99999797228, 99999.99999836151]
J=2.3e-05, ⟨Jf⟩=1.3e-05, ⟨B·n⟩=1.0e-03, Len=sum([2.4, 2.5, 2.5, 2.4, 2.5])=12.3, ϰ=[12.0, 8.0, 6.9, 10.4, 9.4], ∫ϰ²/L>=[18.5, 15.6, 11.8, 19.1, 19.9], C-C-Sep=0.08, ║∇J║=5.2e-05
Iteration 844/2000-----
currents: [100000.0, 99999.99999807146, 99999.99999786752, 99999.99999797178, 99999.99999836113]
J=2.3e-05, ⟨Jf⟩=1.3e-05, ⟨B·n⟩=1.0e-03, Len=sum([2.4, 2.5, 2.5, 2.4, 2.5])=12.3, ϰ=[12.0, 8.0, 6.9, 10.4, 9.4], ∫ϰ²/L>=[18.5, 15.6, 11.8, 19.1, 19.9], C-C-Sep=0.08, ║∇J║=8.0e-05
Iteration 845/2000-----
currents: [100000.0, 99999.99999807127, 99999.99999786723, 99999.9999979714, 99999.99999836087]
J=2.3e-05, ⟨Jf⟩=1.3e-05, ⟨B·n⟩=1.0e-03, Len=sum([2.4, 2.5, 2.5, 2.4, 2.5])=12.3, ϰ=[12.0, 8.0, 6.8, 10.4, 9.4], ∫ϰ²/L>=[18.5, 15.6, 11.8, 19.1, 19.9], C-C-Sep=0.08, ║∇J║=5.7e-05
Iteration 846/2000-----
currents: [100000.0, 99999.99999807055, 99999.99999786614, 99999.99999797002, 99999.99999835996]
J=2.3e-05, ⟨Jf⟩=1.3e-05, ⟨B·n⟩=1.0e-03, Len=sum([2.4, 2.5, 2.5, 2.4, 2.5])=12.3, ϰ=[12.0, 8.0, 6.8, 10.4, 9.4], ∫ϰ²/L>=[18.5, 15.6, 11.8, 19.1, 19.9], C-C-Sep=0.08, ║∇J║=5.8e-05
Iteration 847/2000-----
currents: [100000.0, 99999.99999806943, 99999.99999786448, 99999.99999796796, 99999.99999835865]
J=2.3e-05, ⟨Jf⟩=1.3e-05, ⟨B·n⟩=1.0e-03, Len=sum([2.4, 2.5, 2.5, 2.4, 2.5])=12.3, ϰ=[12.0, 7.9, 6.8, 10.4, 9.4], ∫ϰ²/L>=[18.5, 15.6, 11.8, 19.1, 19.9], C-C-Sep=0.08, ║∇J║=5.6e-05
Iteration 848/2000-----
currents: [100000.0, 99999.99999806698, 99999.99999786093, 99999.99999796366, 99999.99999835606]
J=2.3e-05, ⟨Jf⟩=1.3e-05, ⟨B·n⟩=1.0e-03, Len=sum([2.4, 2.5, 2.5, 2.4, 2.5])=12.3, ϰ=[12.0, 7.9, 6.9, 10.4, 9.4], ∫ϰ²/L>=[18.5, 15.6, 11.8, 19.1, 19.9], C-C-Sep=0.08, ║∇J║=1.3e-04
Iteration 849/2000-----
currents: [100000.0, 99999.9999980671, 99999.99999786109, 99999.99999796384, 99999.99999835616]
J=2.3e-05, ⟨Jf⟩=1.3e-05, ⟨B·n⟩=1.0e-03, Len=sum([2.4, 2.5, 2.5, 2.4, 2.5])=12.3, ϰ=[12.0, 7.9, 6.9, 10.4, 9.4], ∫ϰ²/L>=[18.5, 15.6, 11.8, 19.1, 19.9], C-C-Sep=0.08, ║∇J║=3.6e-05
Iteration 850/2000-----
currents: [100000.0, 99999.99999806682, 99999.9999978607, 99999.99999796336, 99999.99999835588]
J=2.3e-05, ⟨Jf⟩=1.3e-05, ⟨B·n⟩=1.0e-03, Len=sum([2.4, 2.5, 2.5, 2.4, 2.5])=12.3, ϰ=[12.0, 7.9, 6.9, 10.4, 9.4], ∫ϰ²/L>=[18.5, 15.6, 11.8, 19.1, 19.9], C-C-Sep=0.08, ║∇J║=3.0e-05
Iteration 851/2000-----
currents: [100000.0, 99999.99999806596, 99999.99999785946, 99999.99999796184, 99999.99999835498]
J=2.3e-05, ⟨Jf⟩=1.3e-05, ⟨B·n⟩=1.0e-03, Len=sum([2.4, 2.5, 2.5, 2.4, 2.5])=12.3, ϰ=[12.0, 7.9, 6.9, 10.4, 9.4], ∫ϰ²/L>=[18.5, 15.6, 11.8, 19.1, 19.9], C-C-Sep=0.08, ║∇J║=3.9e-05
Iteration 852/2000-----
currents: [100000.0, 99999.99999806519, 99999.99999785832, 99999.99999796043, 99999.9999983541]
J=2.3e-05, ⟨Jf⟩=1.3e-05, ⟨B·n⟩=1.0e-03, Len=sum([2.4, 2.5, 2.5, 2.4, 2.5])=12.3, ϰ=[12.0, 7.9, 6.9, 10.4, 9.4], ∫ϰ²/L>=[18.5, 15.6, 11.8, 19.1, 19.9], C-C-Sep=0.08, ║∇J║=5.6e-05
Iteration 853/2000-----
currents: [100000.0, 99999.99999806326, 99999.99999785546, 99999.9999979569, 99999.99999835191]
J=2.3e-05, ⟨Jf⟩=1.3e-05, ⟨B·n⟩=1.0e-03, Len=sum([2.4, 2.5, 2.5, 2.4, 2.5])=12.3, ϰ=[12.0, 7.9, 6.9, 10.4, 9.4], ∫ϰ²/L>=[18.5, 15.5, 11.8, 19.1, 19.9], C-C-Sep=0.08, ║∇J║=8.3e-05
Iteration 854/2000-----
currents: [100000.0, 99999.99999806327, 99999.99999785541, 99999.99999795678, 99999.99999835175]
J=2.3e-05, ⟨Jf⟩=1.3e-05, ⟨B·n⟩=1.0e-03, Len=sum([2.4, 2.5, 2.5, 2.4, 2.5])=12.3, ϰ=[12.0, 7.9, 6.9, 10.4, 9.4], ∫ϰ²/L>=[18.5, 15.5, 11.8, 19.1, 19.9], C-C-Sep=0.08, ║∇J║=5.9e-05
Iteration 855/2000-----
currents: [100000.0, 99999.99999806342, 99999.99999785551, 99999.99999795682, 99999.99999835168]
J=2.3e-05, ⟨Jf⟩=1.3e-05, ⟨B·n⟩=1.0e-03, Len=sum([2.4, 2.5, 2.5, 2.4, 2.5])=12.3, ϰ=[12.0, 7.9, 6.9, 10.4, 9.4], ∫ϰ²/L>=[18.5, 15.5, 11.8, 19.1, 19.9], C-C-Sep=0.08, ║∇J║=6.0e-05
Iteration 856/2000-----
currents: [100000.0, 99999.9999980629, 99999.99999785468, 99999.99999795578, 99999.99999835099]
J=2.3e-05, ⟨Jf⟩=1.3e-05, ⟨B·n⟩=1.0e-03, Len=sum([2.4, 2.5, 2.5, 2.4, 2.5])=12.3, ϰ=[12.0, 7.9, 6.9, 10.4, 9.4], ∫ϰ²/L>=[18.5, 15.5, 11.8, 19.1, 19.9], C-C-Sep=0.08, ║∇J║=8.9e-05
Iteration 857/2000-----
currents: [100000.0, 99999.99999806215, 99999.99999785355, 99999.99999795438, 99999.99999835015]
J=2.3e-05, ⟨Jf⟩=1.3e-05, ⟨B·n⟩=1.0e-03, Len=sum([2.4, 2.5, 2.5, 2.4, 2.5])=12.3, ϰ=[12.0, 7.9, 6.9, 10.4, 9.4], ∫ϰ²/L>=[18.5, 15.5, 11.8, 19.1, 19.9], C-C-Sep=0.08, ║∇J║=4.5e-05
Iteration 858/2000-----
currents: [100000.0, 99999.99999806091, 99999.99999785176, 99999.99999795224, 99999.99999834891]
J=2.3e-05, ⟨Jf⟩=1.3e-05, ⟨B·n⟩=1.0e-03, Len=sum([2.4, 2.5, 2.5, 2.4, 2.5])=12.3, ϰ=[12.0, 7.9, 6.9, 10.4, 9.4], ∫ϰ²/L>=[18.5, 15.5, 11.8, 19.1, 19.9], C-C-Sep=0.08, ║∇J║=4.1e-05
Iteration 859/2000-----
currents: [100000.0, 99999.99999805901, 99999.999997849, 99999.99999794895, 99999.999998347]
J=2.3e-05, ⟨Jf⟩=1.3e-05, ⟨B·n⟩=1.0e-03, Len=sum([2.4, 2.5, 2.5, 2.4, 2.5])=12.3, ϰ=[12.0, 7.9, 6.9, 10.4, 9.4], ∫ϰ²/L>=[18.5, 15.5, 11.8, 19.1, 19.9], C-C-Sep=0.08, ║∇J║=4.5e-05
Iteration 860/2000-----
currents: [100000.0, 99999.99999805687, 99999.99999784585, 99999.99999794518, 99999.99999834478]
J=2.3e-05, ⟨Jf⟩=1.3e-05, ⟨B·n⟩=1.0e-03, Len=sum([2.4, 2.5, 2.5, 2.4, 2.5])=12.3, ϰ=[12.0, 7.9, 6.9, 10.4, 9.4], ∫ϰ²/L>=[18.5, 15.5, 11.8, 19.1, 19.9], C-C-Sep=0.08, ║∇J║=4.7e-05
Iteration 861/2000-----
currents: [100000.0, 99999.99999805592, 99999.9999978444, 99999.99999794344, 99999.99999834369]
J=2.3e-05, ⟨Jf⟩=1.3e-05, ⟨B·n⟩=1.0e-03, Len=sum([2.4, 2.5, 2.5, 2.4, 2.5])=12.3, ϰ=[12.0, 7.9, 6.9, 10.4, 9.5], ∫ϰ²/L>=[18.5, 15.5, 11.8, 19.1, 19.9], C-C-Sep=0.08, ║∇J║=5.5e-05
Iteration 862/2000-----
currents: [100000.0, 99999.99999805409, 99999.9999978416, 99999.9999979401, 99999.99999834162]
J=2.3e-05, ⟨Jf⟩=1.3e-05, ⟨B·n⟩=1.0e-03, Len=sum([2.4, 2.5, 2.5, 2.4, 2.5])=12.3, ϰ=[12.0, 7.9, 6.9, 10.4, 9.5], ∫ϰ²/L>=[18.5, 15.5, 11.8, 19.1, 19.9], C-C-Sep=0.08, ║∇J║=7.4e-05
Iteration 863/2000-----
currents: [100000.0, 99999.99999805434, 99999.99999784179, 99999.99999794026, 99999.99999834153]
J=2.3e-05, ⟨Jf⟩=1.3e-05, ⟨B·n⟩=1.0e-03, Len=sum([2.4, 2.5, 2.5, 2.4, 2.5])=12.3, ϰ=[12.0, 7.9, 6.9, 10.4, 9.5], ∫ϰ²/L>=[18.5, 15.5, 11.8, 19.1, 19.9], C-C-Sep=0.08, ║∇J║=7.6e-05
Iteration 864/2000-----
currents: [100000.0, 99999.99999805505, 99999.99999784272, 99999.99999794136, 99999.99999834209]
J=2.3e-05, ⟨Jf⟩=1.3e-05, ⟨B·n⟩=1.0e-03, Len=sum([2.4, 2.5, 2.5, 2.4, 2.5])=12.3, ϰ=[12.0, 7.9, 6.9, 10.4, 9.5], ∫ϰ²/L>=[18.5, 15.5, 11.8, 19.1, 19.9], C-C-Sep=0.08, ║∇J║=5.2e-05
Iteration 865/2000-----
currents: [100000.0, 99999.99999805511, 99999.99999784275, 99999.99999794137, 99999.99999834204]
J=2.3e-05, ⟨Jf⟩=1.3e-05, ⟨B·n⟩=1.0e-03, Len=sum([2.4, 2.5, 2.5, 2.4, 2.5])=12.3, ϰ=[12.0, 7.9, 6.9, 10.4, 9.5], ∫ϰ²/L>=[18.5, 15.5, 11.8, 19.1, 19.9], C-C-Sep=0.08, ║∇J║=5.2e-05
Iteration 866/2000-----
currents: [100000.0, 99999.99999805505, 99999.99999784263, 99999.99999794121, 99999.9999983419]
J=2.3e-05, ⟨Jf⟩=1.3e-05, ⟨B·n⟩=1.0e-03, Len=sum([2.4, 2.5, 2.5, 2.4, 2.5])=12.3, ϰ=[12.0, 7.9, 6.9, 10.4, 9.5], ∫ϰ²/L>=[18.5, 15.5, 11.8, 19.1, 19.9], C-C-Sep=0.08, ║∇J║=4.2e-05
Iteration 867/2000-----
currents: [100000.0, 99999.99999805416, 99999.99999784131, 99999.99999793964, 99999.99999834094]
J=2.3e-05, ⟨Jf⟩=1.3e-05, ⟨B·n⟩=1.0e-03, Len=sum([2.4, 2.5, 2.5, 2.4, 2.5])=12.3, ϰ=[12.0, 7.9, 6.9, 10.4, 9.5], ∫ϰ²/L>=[18.5, 15.5, 11.8, 19.1, 19.9], C-C-Sep=0.08, ║∇J║=3.5e-05
Iteration 868/2000-----
currents: [100000.0, 99999.9999980531, 99999.99999783968, 99999.99999793773, 99999.99999833976]
J=2.3e-05, ⟨Jf⟩=1.3e-05, ⟨B·n⟩=1.0e-03, Len=sum([2.4, 2.5, 2.5, 2.4, 2.5])=12.3, ϰ=[12.0, 7.9, 6.9, 10.4, 9.5], ∫ϰ²/L>=[18.5, 15.5, 11.8, 19.1, 19.9], C-C-Sep=0.08, ║∇J║=6.7e-05
Iteration 869/2000-----
currents: [100000.0, 99999.99999805242, 99999.99999783862, 99999.99999793647, 99999.99999833894]
J=2.3e-05, ⟨Jf⟩=1.3e-05, ⟨B·n⟩=1.0e-03, Len=sum([2.4, 2.5, 2.5, 2.4, 2.5])=12.3, ϰ=[12.0, 7.9, 6.9, 10.4, 9.5], ∫ϰ²/L>=[18.5, 15.5, 11.8, 19.1, 19.9], C-C-Sep=0.08, ║∇J║=4.4e-05
Iteration 870/2000-----
currents: [100000.0, 99999.99999805231, 99999.99999783841, 99999.99999793623, 99999.99999833874]
J=2.3e-05, ⟨Jf⟩=1.3e-05, ⟨B·n⟩=1.0e-03, Len=sum([2.4, 2.5, 2.5, 2.4, 2.5])=12.3, ϰ=[12.0, 7.9, 6.9, 10.4, 9.5], ∫ϰ²/L>=[18.5, 15.5, 11.8, 19.1, 19.9], C-C-Sep=0.08, ║∇J║=4.9e-05
Iteration 871/2000-----
currents: [100000.0, 99999.99999805205, 99999.99999783786, 99999.99999793556, 99999.99999833817]
J=2.3e-05, ⟨Jf⟩=1.3e-05, ⟨B·n⟩=1.0e-03, Len=sum([2.4, 2.5, 2.5, 2.4, 2.5])=12.3, ϰ=[12.0, 7.9, 6.9, 10.4, 9.5], ∫ϰ²/L>=[18.5, 15.5, 11.8, 19.1, 19.9], C-C-Sep=0.08, ║∇J║=1.0e-04
Iteration 872/2000-----
currents: [100000.0, 99999.99999805211, 99999.99999783783, 99999.99999793549, 99999.999998338]
J=2.3e-05, ⟨Jf⟩=1.3e-05, ⟨B·n⟩=1.0e-03, Len=sum([2.4, 2.5, 2.5, 2.4, 2.5])=12.3, ϰ=[12.0, 7.9, 6.9, 10.4, 9.5], ∫ϰ²/L>=[18.5, 15.5, 11.8, 19.1, 19.9], C-C-Sep=0.08, ║∇J║=7.5e-05
Iteration 873/2000-----
currents: [100000.0, 99999.99999805164, 99999.99999783712, 99999.99999793463, 99999.99999833744]
J=2.3e-05, ⟨Jf⟩=1.3e-05, ⟨B·n⟩=1.0e-03, Len=sum([2.4, 2.5, 2.5, 2.4, 2.5])=12.3, ϰ=[12.0, 7.9, 6.9, 10.4, 9.5], ∫ϰ²/L>=[18.5, 15.5, 11.8, 19.1, 19.9], C-C-Sep=0.08, ║∇J║=5.5e-05
Iteration 874/2000-----
currents: [100000.0, 99999.99999804964, 99999.99999783402, 99999.99999793088, 99999.99999833507]
J=2.3e-05, ⟨Jf⟩=1.3e-05, ⟨B·n⟩=1.0e-03, Len=sum([2.4, 2.5, 2.5, 2.4, 2.5])=12.3, ϰ=[12.0, 7.9, 6.9, 10.4, 9.5], ∫ϰ²/L>=[18.5, 15.4, 11.8, 19.1, 19.9], C-C-Sep=0.08, ║∇J║=4.3e-05
Iteration 875/2000-----
currents: [100000.0, 99999.9999980484, 99999.99999783214, 99999.99999792865, 99999.99999833367]
J=2.3e-05, ⟨Jf⟩=1.3e-05, ⟨B·n⟩=1.0e-03, Len=sum([2.4, 2.5, 2.5, 2.4, 2.5])=12.3, ϰ=[12.0, 7.9, 6.9, 10.4, 9.5], ∫ϰ²/L>=[18.5, 15.4, 11.8, 19.1, 19.9], C-C-Sep=0.08, ║∇J║=7.5e-05
Iteration 876/2000-----
currents: [100000.0, 99999.99999804713, 99999.99999783021, 99999.99999792635, 99999.99999833225]
J=2.3e-05, ⟨Jf⟩=1.3e-05, ⟨B·n⟩=1.0e-03, Len=sum([2.4, 2.5, 2.5, 2.4, 2.5])=12.3, ϰ=[12.0, 7.9, 6.9, 10.4, 9.5], ∫ϰ²/L>=[18.5, 15.4, 11.8, 19.1, 19.9], C-C-Sep=0.08, ║∇J║=3.7e-05
Iteration 877/2000-----
currents: [100000.0, 99999.99999804648, 99999.99999782919, 99999.99999792514, 99999.9999983315]
J=2.3e-05, ⟨Jf⟩=1.3e-05, ⟨B·n⟩=1.0e-03, Len=sum([2.4, 2.5, 2.5, 2.4, 2.5])=12.3, ϰ=[12.0, 7.9, 6.9, 10.4, 9.5], ∫ϰ²/L>=[18.5, 15.4, 11.8, 19.1, 19.9], C-C-Sep=0.08, ║∇J║=3.0e-05
Iteration 878/2000-----
currents: [100000.0, 99999.99999804606, 99999.99999782853, 99999.99999792437, 99999.99999833103]
J=2.3e-05, ⟨Jf⟩=1.3e-05, ⟨B·n⟩=1.0e-03, Len=sum([2.4, 2.5, 2.5, 2.4, 2.5])=12.3, ϰ=[12.0, 7.9, 6.9, 10.4, 9.5], ∫ϰ²/L>=[18.5, 15.4, 11.8, 19.1, 19.9], C-C-Sep=0.08, ║∇J║=4.0e-05
Iteration 879/2000-----
currents: [100000.0, 99999.99999804476, 99999.99999782654, 99999.99999792199, 99999.99999832954]
J=2.3e-05, ⟨Jf⟩=1.3e-05, ⟨B·n⟩=1.0e-03, Len=sum([2.4, 2.5, 2.5, 2.4, 2.5])=12.3, ϰ=[12.0, 7.8, 6.9, 10.4, 9.5], ∫ϰ²/L>=[18.5, 15.4, 11.8, 19.1, 19.9], C-C-Sep=0.08, ║∇J║=8.5e-05
Iteration 880/2000-----
currents: [100000.0, 99999.9999980441, 99999.99999782546, 99999.99999792066, 99999.99999832864]
J=2.3e-05, ⟨Jf⟩=1.3e-05, ⟨B·n⟩=1.0e-03, Len=sum([2.4, 2.5, 2.5, 2.4, 2.5])=12.3, ϰ=[12.0, 7.8, 6.9, 10.4, 9.5], ∫ϰ²/L>=[18.5, 15.4, 11.8, 19.1, 19.9], C-C-Sep=0.08, ║∇J║=6.2e-05
Iteration 881/2000-----
currents: [100000.0, 99999.99999804354, 99999.99999782453, 99999.99999791948, 99999.99999832782]
J=2.3e-05, ⟨Jf⟩=1.3e-05, ⟨B·n⟩=1.0e-03, Len=sum([2.4, 2.5, 2.5, 2.4, 2.5])=12.3, ϰ=[12.0, 7.8, 6.9, 10.4, 9.5], ∫ϰ²/L>=[18.5, 15.4, 11.8, 19.1, 19.9], C-C-Sep=0.08, ║∇J║=5.2e-05
Iteration 882/2000-----
currents: [100000.0, 99999.99999804232, 99999.99999782252, 99999.99999791695, 99999.9999983261]
J=2.3e-05, ⟨Jf⟩=1.3e-05, ⟨B·n⟩=1.0e-03, Len=sum([2.4, 2.5, 2.5, 2.4, 2.5])=12.3, ϰ=[12.0, 7.8, 6.9, 10.4, 9.5], ∫ϰ²/L>=[18.5, 15.4, 11.8, 19.1, 19.9], C-C-Sep=0.08, ║∇J║=6.1e-05
Iteration 883/2000-----
currents: [100000.0, 99999.99999804114, 99999.99999782059, 99999.99999791457, 99999.99999832446]
J=2.3e-05, ⟨Jf⟩=1.3e-05, ⟨B·n⟩=1.0e-03, Len=sum([2.4, 2.5, 2.5, 2.4, 2.5])=12.3, ϰ=[12.0, 7.8, 6.9, 10.4, 9.5], ∫ϰ²/L>=[18.5, 15.4, 11.8, 19.1, 19.9], C-C-Sep=0.08, ║∇J║=1.1e-04
Iteration 884/2000-----
currents: [100000.0, 99999.99999804153, 99999.99999782119, 99999.99999791529, 99999.99999832491]
J=2.3e-05, ⟨Jf⟩=1.3e-05, ⟨B·n⟩=1.0e-03, Len=sum([2.4, 2.5, 2.5, 2.4, 2.5])=12.3, ϰ=[12.0, 7.8, 6.9, 10.4, 9.5], ∫ϰ²/L>=[18.5, 15.4, 11.8, 19.1, 19.9], C-C-Sep=0.08, ║∇J║=4.4e-05
Iteration 885/2000-----
currents: [100000.0, 99999.99999804114, 99999.99999782057, 99999.99999791457, 99999.99999832449]
J=2.3e-05, ⟨Jf⟩=1.3e-05, ⟨B·n⟩=1.0e-03, Len=sum([2.4, 2.5, 2.5, 2.4, 2.5])=12.3, ϰ=[12.0, 7.8, 6.9, 10.4, 9.5], ∫ϰ²/L>=[18.5, 15.4, 11.8, 19.1, 19.9], C-C-Sep=0.08, ║∇J║=3.3e-05
Iteration 886/2000-----
currents: [100000.0, 99999.99999804131, 99999.99999782078, 99999.99999791483, 99999.99999832461]
J=2.3e-05, ⟨Jf⟩=1.3e-05, ⟨B·n⟩=1.0e-03, Len=sum([2.4, 2.5, 2.5, 2.4, 2.5])=12.3, ϰ=[12.0, 7.8, 6.9, 10.4, 9.5], ∫ϰ²/L>=[18.5, 15.4, 11.8, 19.1, 19.9], C-C-Sep=0.08, ║∇J║=3.9e-05
Iteration 887/2000-----
currents: [100000.0, 99999.99999804058, 99999.99999781967, 99999.99999791352, 99999.99999832381]
J=2.3e-05, ⟨Jf⟩=1.3e-05, ⟨B·n⟩=1.0e-03, Len=sum([2.4, 2.5, 2.5, 2.4, 2.5])=12.3, ϰ=[12.0, 7.8, 6.9, 10.4, 9.5], ∫ϰ²/L>=[18.5, 15.4, 11.8, 19.1, 19.9], C-C-Sep=0.08, ║∇J║=6.8e-05
Iteration 888/2000-----
currents: [100000.0, 99999.99999804006, 99999.99999781884, 99999.99999791253, 99999.99999832317]
J=2.3e-05, ⟨Jf⟩=1.3e-05, ⟨B·n⟩=1.0e-03, Len=sum([2.4, 2.5, 2.5, 2.4, 2.5])=12.3, ϰ=[12.0, 7.8, 6.9, 10.4, 9.5], ∫ϰ²/L>=[18.5, 15.4, 11.8, 19.1, 19.9], C-C-Sep=0.08, ║∇J║=3.6e-05
Iteration 889/2000-----
currents: [100000.0, 99999.99999804041, 99999.99999781934, 99999.99999791312, 99999.99999832347]
J=2.3e-05, ⟨Jf⟩=1.3e-05, ⟨B·n⟩=1.0e-03, Len=sum([2.4, 2.5, 2.5, 2.4, 2.5])=12.3, ϰ=[12.0, 7.8, 6.9, 10.4, 9.5], ∫ϰ²/L>=[18.5, 15.4, 11.8, 19.1, 19.9], C-C-Sep=0.08, ║∇J║=3.6e-05
Iteration 890/2000-----
currents: [100000.0, 99999.99999803952, 99999.99999781801, 99999.99999791154, 99999.99999832248]
J=2.3e-05, ⟨Jf⟩=1.3e-05, ⟨B·n⟩=1.0e-03, Len=sum([2.4, 2.5, 2.5, 2.4, 2.5])=12.3, ϰ=[12.0, 7.8, 6.9, 10.4, 9.5], ∫ϰ²/L>=[18.5, 15.4, 11.8, 19.1, 19.9], C-C-Sep=0.08, ║∇J║=4.6e-05
Iteration 891/2000-----
currents: [100000.0, 99999.99999803863, 99999.99999781666, 99999.99999790991, 99999.9999983214]
J=2.3e-05, ⟨Jf⟩=1.3e-05, ⟨B·n⟩=1.0e-03, Len=sum([2.4, 2.5, 2.5, 2.4, 2.5])=12.3, ϰ=[12.0, 7.8, 6.9, 10.4, 9.5], ∫ϰ²/L>=[18.5, 15.4, 11.8, 19.1, 19.9], C-C-Sep=0.08, ║∇J║=6.8e-05
Iteration 892/2000-----
currents: [100000.0, 99999.99999803735, 99999.99999781468, 99999.99999790754, 99999.99999831982]
J=2.3e-05, ⟨Jf⟩=1.3e-05, ⟨B·n⟩=1.0e-03, Len=sum([2.4, 2.5, 2.5, 2.4, 2.5])=12.3, ϰ=[12.0, 7.8, 6.9, 10.4, 9.4], ∫ϰ²/L>=[18.5, 15.4, 11.8, 19.1, 19.9], C-C-Sep=0.08, ║∇J║=1.0e-04
Iteration 893/2000-----
currents: [100000.0, 99999.99999803652, 99999.99999781346, 99999.99999790604, 99999.9999983189]
J=2.3e-05, ⟨Jf⟩=1.3e-05, ⟨B·n⟩=1.0e-03, Len=sum([2.4, 2.5, 2.5, 2.4, 2.5])=12.3, ϰ=[12.0, 7.8, 6.9, 10.4, 9.4], ∫ϰ²/L>=[18.5, 15.4, 11.8, 19.1, 19.9], C-C-Sep=0.08, ║∇J║=4.0e-05
Iteration 894/2000-----
currents: [100000.0, 99999.99999803668, 99999.99999781366, 99999.99999790623, 99999.99999831898]
J=2.3e-05, ⟨Jf⟩=1.3e-05, ⟨B·n⟩=1.0e-03, Len=sum([2.4, 2.5, 2.5, 2.4, 2.5])=12.3, ϰ=[12.0, 7.8, 6.9, 10.4, 9.5], ∫ϰ²/L>=[18.5, 15.4, 11.8, 19.1, 19.9], C-C-Sep=0.08, ║∇J║=3.6e-05
Iteration 895/2000-----
currents: [100000.0, 99999.9999980361, 99999.99999781276, 99999.9999979051, 99999.99999831822]
J=2.3e-05, ⟨Jf⟩=1.3e-05, ⟨B·n⟩=1.0e-03, Len=sum([2.4, 2.5, 2.5, 2.4, 2.5])=12.3, ϰ=[12.0, 7.8, 6.9, 10.4, 9.5], ∫ϰ²/L>=[18.5, 15.4, 11.8, 19.1, 19.9], C-C-Sep=0.08, ║∇J║=3.8e-05
Iteration 896/2000-----
currents: [100000.0, 99999.9999980358, 99999.99999781224, 99999.9999979044, 99999.99999831767]
J=2.3e-05, ⟨Jf⟩=1.3e-05, ⟨B·n⟩=1.0e-03, Len=sum([2.4, 2.5, 2.5, 2.4, 2.5])=12.3, ϰ=[12.0, 7.8, 6.9, 10.4, 9.5], ∫ϰ²/L>=[18.5, 15.4, 11.8, 19.1, 19.9], C-C-Sep=0.08, ║∇J║=4.8e-05
Iteration 897/2000-----
currents: [100000.0, 99999.99999803492, 99999.99999781084, 99999.99999790265, 99999.99999831645]
J=2.3e-05, ⟨Jf⟩=1.3e-05, ⟨B·n⟩=1.0e-03, Len=sum([2.4, 2.5, 2.5, 2.4, 2.5])=12.3, ϰ=[12.0, 7.8, 6.9, 10.4, 9.5], ∫ϰ²/L>=[18.5, 15.4, 11.8, 19.1, 19.9], C-C-Sep=0.08, ║∇J║=5.8e-05
Iteration 898/2000-----
currents: [100000.0, 99999.99999803389, 99999.99999780931, 99999.99999790084, 99999.99999831532]
J=2.3e-05, ⟨Jf⟩=1.3e-05, ⟨B·n⟩=1.0e-03, Len=sum([2.4, 2.5, 2.5, 2.4, 2.5])=12.3, ϰ=[12.0, 7.8, 6.9, 10.4, 9.4], ∫ϰ²/L>=[18.5, 15.4, 11.8, 19.1, 19.9], C-C-Sep=0.08, ║∇J║=4.9e-05
Iteration 899/2000-----
currents: [100000.0, 99999.99999803357, 99999.99999780885, 99999.99999790029, 99999.99999831498]
J=2.3e-05, ⟨Jf⟩=1.3e-05, ⟨B·n⟩=1.0e-03, Len=sum([2.4, 2.5, 2.5, 2.4, 2.5])=12.3, ϰ=[12.0, 7.8, 6.9, 10.4, 9.4], ∫ϰ²/L>=[18.5, 15.4, 11.8, 19.1, 19.9], C-C-Sep=0.08, ║∇J║=4.9e-05
Iteration 900/2000-----
currents: [100000.0, 99999.99999803236, 99999.99999780707, 99999.99999789815, 99999.99999831362]
J=2.3e-05, ⟨Jf⟩=1.3e-05, ⟨B·n⟩=1.0e-03, Len=sum([2.4, 2.5, 2.5, 2.4, 2.5])=12.3, ϰ=[12.0, 7.8, 6.9, 10.4, 9.4], ∫ϰ²/L>=[18.5, 15.4, 11.8, 19.1, 19.9], C-C-Sep=0.08, ║∇J║=6.2e-05
Iteration 901/2000-----
currents: [100000.0, 99999.9999980301, 99999.99999780372, 99999.99999789412, 99999.99999831099]
J=2.3e-05, ⟨Jf⟩=1.3e-05, ⟨B·n⟩=1.0e-03, Len=sum([2.4, 2.5, 2.5, 2.4, 2.5])=12.3, ϰ=[12.0, 7.8, 6.9, 10.4, 9.4], ∫ϰ²/L>=[18.5, 15.4, 11.8, 19.1, 19.9], C-C-Sep=0.08, ║∇J║=1.2e-04
Iteration 902/2000-----
currents: [100000.0, 99999.99999802983, 99999.9999978033, 99999.99999789355, 99999.99999831057]
J=2.3e-05, ⟨Jf⟩=1.3e-05, ⟨B·n⟩=1.0e-03, Len=sum([2.4, 2.5, 2.5, 2.4, 2.5])=12.3, ϰ=[12.0, 7.8, 6.9, 10.4, 9.4], ∫ϰ²/L>=[18.5, 15.4, 11.8, 19.1, 19.9], C-C-Sep=0.08, ║∇J║=5.4e-05
Iteration 903/2000-----
currents: [100000.0, 99999.99999802929, 99999.99999780249, 99999.99999789252, 99999.99999830982]
J=2.3e-05, ⟨Jf⟩=1.3e-05, ⟨B·n⟩=1.0e-03, Len=sum([2.4, 2.5, 2.5, 2.4, 2.5])=12.3, ϰ=[12.0, 7.8, 6.9, 10.4, 9.4], ∫ϰ²/L>=[18.5, 15.4, 11.8, 19.1, 19.9], C-C-Sep=0.08, ║∇J║=4.2e-05
Iteration 904/2000-----
currents: [100000.0, 99999.99999802886, 99999.99999780183, 99999.9999978917, 99999.99999830923]
J=2.3e-05, ⟨Jf⟩=1.3e-05, ⟨B·n⟩=1.0e-03, Len=sum([2.4, 2.5, 2.5, 2.4, 2.5])=12.3, ϰ=[12.0, 7.8, 6.9, 10.4, 9.4], ∫ϰ²/L>=[18.5, 15.4, 11.8, 19.1, 19.9], C-C-Sep=0.08, ║∇J║=4.8e-05
Iteration 905/2000-----
currents: [100000.0, 99999.9999980284, 99999.99999780116, 99999.99999789087, 99999.99999830859]
J=2.3e-05, ⟨Jf⟩=1.3e-05, ⟨B·n⟩=1.0e-03, Len=sum([2.4, 2.5, 2.5, 2.4, 2.5])=12.3, ϰ=[12.0, 7.8, 6.9, 10.4, 9.5], ∫ϰ²/L>=[18.5, 15.4, 11.8, 19.1, 19.9], C-C-Sep=0.08, ║∇J║=9.8e-05
Iteration 906/2000-----
currents: [100000.0, 99999.9999980281, 99999.9999978007, 99999.99999789034, 99999.99999830827]
J=2.3e-05, ⟨Jf⟩=1.3e-05, ⟨B·n⟩=1.0e-03, Len=sum([2.4, 2.5, 2.5, 2.4, 2.5])=12.3, ϰ=[12.0, 7.8, 6.9, 10.4, 9.4], ∫ϰ²/L>=[18.5, 15.4, 11.8, 19.1, 19.9], C-C-Sep=0.08, ║∇J║=3.7e-05
Iteration 907/2000-----
currents: [100000.0, 99999.99999802804, 99999.99999780061, 99999.99999789025, 99999.99999830821]
J=2.3e-05, ⟨Jf⟩=1.3e-05, ⟨B·n⟩=1.0e-03, Len=sum([2.4, 2.5, 2.5, 2.4, 2.5])=12.3, ϰ=[12.0, 7.8, 6.9, 10.4, 9.4], ∫ϰ²/L>=[18.5, 15.4, 11.8, 19.1, 19.9], C-C-Sep=0.08, ║∇J║=3.6e-05
Iteration 908/2000-----
currents: [100000.0, 99999.99999802742, 99999.99999779966, 99999.99999788913, 99999.99999830748]
J=2.3e-05, ⟨Jf⟩=1.3e-05, ⟨B·n⟩=1.0e-03, Len=sum([2.4, 2.5, 2.5, 2.4, 2.5])=12.3, ϰ=[12.0, 7.8, 6.9, 10.4, 9.4], ∫ϰ²/L>=[18.5, 15.4, 11.8, 19.1, 19.9], C-C-Sep=0.08, ║∇J║=5.2e-05
Iteration 909/2000-----
currents: [100000.0, 99999.99999802643, 99999.99999779816, 99999.99999788734, 99999.99999830627]
J=2.3e-05, ⟨Jf⟩=1.3e-05, ⟨B·n⟩=1.0e-03, Len=sum([2.4, 2.5, 2.5, 2.4, 2.5])=12.3, ϰ=[12.0, 7.8, 6.9, 10.4, 9.4], ∫ϰ²/L>=[18.5, 15.4, 11.8, 19.1, 19.9], C-C-Sep=0.08, ║∇J║=7.3e-05
Iteration 910/2000-----
currents: [100000.0, 99999.9999980247, 99999.99999779556, 99999.99999788421, 99999.99999830412]
J=2.3e-05, ⟨Jf⟩=1.3e-05, ⟨B·n⟩=1.0e-03, Len=sum([2.4, 2.5, 2.5, 2.4, 2.5])=12.3, ϰ=[12.0, 7.8, 6.9, 10.4, 9.4], ∫ϰ²/L>=[18.5, 15.3, 11.8, 19.1, 19.9], C-C-Sep=0.08, ║∇J║=8.8e-05
Iteration 911/2000-----
currents: [100000.0, 99999.99999802366, 99999.99999779399, 99999.99999788232, 99999.99999830288]
J=2.3e-05, ⟨Jf⟩=1.3e-05, ⟨B·n⟩=1.0e-03, Len=sum([2.4, 2.5, 2.5, 2.4, 2.5])=12.3, ϰ=[12.0, 7.8, 6.9, 10.4, 9.5], ∫ϰ²/L>=[18.5, 15.3, 11.8, 19.1, 19.9], C-C-Sep=0.08, ║∇J║=4.7e-05
Iteration 912/2000-----
currents: [100000.0, 99999.99999802349, 99999.99999779371, 99999.99999788198, 99999.9999983026]
J=2.3e-05, ⟨Jf⟩=1.3e-05, ⟨B·n⟩=1.0e-03, Len=sum([2.4, 2.5, 2.5, 2.4, 2.5])=12.3, ϰ=[12.0, 7.8, 6.9, 10.4, 9.5], ∫ϰ²/L>=[18.5, 15.3, 11.8, 19.1, 19.9], C-C-Sep=0.08, ║∇J║=6.3e-05
Iteration 913/2000-----
currents: [100000.0, 99999.99999802258, 99999.99999779236, 99999.99999788034, 99999.99999830152]
J=2.3e-05, ⟨Jf⟩=1.3e-05, ⟨B·n⟩=1.0e-03, Len=sum([2.4, 2.5, 2.5, 2.4, 2.5])=12.3, ϰ=[12.0, 7.7, 6.9, 10.4, 9.5], ∫ϰ²/L>=[18.5, 15.3, 11.8, 19.1, 19.9], C-C-Sep=0.08, ║∇J║=6.1e-05
Iteration 914/2000-----
currents: [100000.0, 99999.99999802212, 99999.9999977917, 99999.99999787951, 99999.99999830087]
J=2.3e-05, ⟨Jf⟩=1.3e-05, ⟨B·n⟩=1.0e-03, Len=sum([2.4, 2.5, 2.5, 2.4, 2.5])=12.3, ϰ=[12.0, 7.7, 6.9, 10.4, 9.5], ∫ϰ²/L>=[18.5, 15.3, 11.8, 19.1, 19.9], C-C-Sep=0.08, ║∇J║=1.0e-04
Iteration 915/2000-----
currents: [100000.0, 99999.99999802181, 99999.99999779125, 99999.99999787894, 99999.99999830045]
J=2.3e-05, ⟨Jf⟩=1.3e-05, ⟨B·n⟩=1.0e-03, Len=sum([2.4, 2.5, 2.5, 2.4, 2.5])=12.3, ϰ=[12.0, 7.7, 6.9, 10.4, 9.5], ∫ϰ²/L>=[18.5, 15.3, 11.8, 19.1, 19.9], C-C-Sep=0.08, ║∇J║=3.9e-05
Iteration 916/2000-----
currents: [100000.0, 99999.99999802132, 99999.99999779051, 99999.99999787803, 99999.99999829989]
J=2.3e-05, ⟨Jf⟩=1.3e-05, ⟨B·n⟩=1.0e-03, Len=sum([2.4, 2.5, 2.5, 2.4, 2.5])=12.3, ϰ=[12.0, 7.7, 6.9, 10.4, 9.5], ∫ϰ²/L>=[18.5, 15.3, 11.8, 19.1, 19.9], C-C-Sep=0.08, ║∇J║=3.2e-05
Iteration 917/2000-----
currents: [100000.0, 99999.99999802164, 99999.999997791, 99999.99999787856, 99999.99999830019]
J=2.3e-05, ⟨Jf⟩=1.3e-05, ⟨B·n⟩=1.0e-03, Len=sum([2.4, 2.5, 2.5, 2.4, 2.5])=12.3, ϰ=[12.0, 7.7, 6.9, 10.4, 9.5], ∫ϰ²/L>=[18.5, 15.3, 11.8, 19.1, 19.9], C-C-Sep=0.08, ║∇J║=4.5e-05
Iteration 918/2000-----
currents: [100000.0, 99999.9999980212, 99999.99999779035, 99999.9999978777, 99999.99999829958]
J=2.3e-05, ⟨Jf⟩=1.3e-05, ⟨B·n⟩=1.0e-03, Len=sum([2.4, 2.5, 2.5, 2.4, 2.5])=12.3, ϰ=[12.0, 7.7, 7.0, 10.4, 9.5], ∫ϰ²/L>=[18.5, 15.3, 11.8, 19.1, 19.9], C-C-Sep=0.08, ║∇J║=8.2e-05
Iteration 919/2000-----
currents: [100000.0, 99999.99999802036, 99999.99999778908, 99999.99999787613, 99999.99999829855]
J=2.3e-05, ⟨Jf⟩=1.3e-05, ⟨B·n⟩=1.0e-03, Len=sum([2.4, 2.5, 2.5, 2.4, 2.5])=12.3, ϰ=[12.0, 7.7, 7.0, 10.4, 9.5], ∫ϰ²/L>=[18.5, 15.3, 11.8, 19.1, 19.9], C-C-Sep=0.08, ║∇J║=5.1e-05
Iteration 920/2000-----
currents: [100000.0, 99999.99999801975, 99999.99999778815, 99999.99999787491, 99999.99999829764]
J=2.3e-05, ⟨Jf⟩=1.3e-05, ⟨B·n⟩=1.0e-03, Len=sum([2.4, 2.5, 2.5, 2.4, 2.5])=12.3, ϰ=[12.0, 7.7, 7.0, 10.4, 9.5], ∫ϰ²/L>=[18.5, 15.3, 11.8, 19.1, 19.9], C-C-Sep=0.08, ║∇J║=5.3e-05
Iteration 921/2000-----
currents: [100000.0, 99999.99999801857, 99999.99999778636, 99999.99999787267, 99999.99999829612]
J=2.3e-05, ⟨Jf⟩=1.3e-05, ⟨B·n⟩=1.0e-03, Len=sum([2.4, 2.5, 2.5, 2.4, 2.5])=12.3, ϰ=[12.0, 7.7, 7.0, 10.4, 9.5], ∫ϰ²/L>=[18.5, 15.3, 11.8, 19.1, 19.9], C-C-Sep=0.08, ║∇J║=6.3e-05
Iteration 922/2000-----
currents: [100000.0, 99999.99999801653, 99999.99999778323, 99999.9999978687, 99999.99999829332]
J=2.3e-05, ⟨Jf⟩=1.3e-05, ⟨B·n⟩=1.0e-03, Len=sum([2.4, 2.5, 2.5, 2.4, 2.5])=12.3, ϰ=[12.0, 7.7, 7.0, 10.4, 9.5], ∫ϰ²/L>=[18.5, 15.3, 11.8, 19.1, 19.9], C-C-Sep=0.08, ║∇J║=1.6e-04
Iteration 923/2000-----
currents: [100000.0, 99999.99999801608, 99999.99999778252, 99999.99999786771, 99999.99999829252]
J=2.3e-05, ⟨Jf⟩=1.3e-05, ⟨B·n⟩=1.0e-03, Len=sum([2.4, 2.5, 2.5, 2.4, 2.5])=12.3, ϰ=[12.0, 7.7, 7.0, 10.4, 9.5], ∫ϰ²/L>=[18.5, 15.3, 11.8, 19.1, 19.9], C-C-Sep=0.08, ║∇J║=5.8e-05
Iteration 924/2000-----
currents: [100000.0, 99999.99999801599, 99999.99999778242, 99999.99999786759, 99999.99999829243]
J=2.3e-05, ⟨Jf⟩=1.3e-05, ⟨B·n⟩=1.0e-03, Len=sum([2.4, 2.5, 2.5, 2.4, 2.5])=12.3, ϰ=[12.0, 7.7, 7.0, 10.4, 9.5], ∫ϰ²/L>=[18.5, 15.3, 11.8, 19.1, 19.9], C-C-Sep=0.08, ║∇J║=4.3e-05
Iteration 925/2000-----
currents: [100000.0, 99999.9999980164, 99999.99999778306, 99999.9999978683, 99999.99999829283]
J=2.3e-05, ⟨Jf⟩=1.3e-05, ⟨B·n⟩=1.0e-03, Len=sum([2.4, 2.5, 2.5, 2.4, 2.5])=12.3, ϰ=[12.0, 7.7, 7.0, 10.4, 9.5], ∫ϰ²/L>=[18.5, 15.3, 11.8, 19.1, 19.9], C-C-Sep=0.08, ║∇J║=4.0e-05
Iteration 926/2000-----
currents: [100000.0, 99999.99999801598, 99999.99999778245, 99999.99999786752, 99999.99999829225]
J=2.3e-05, ⟨Jf⟩=1.3e-05, ⟨B·n⟩=1.0e-03, Len=sum([2.4, 2.5, 2.5, 2.4, 2.5])=12.3, ϰ=[12.0, 7.7, 7.0, 10.4, 9.5], ∫ϰ²/L>=[18.5, 15.3, 11.8, 19.1, 19.9], C-C-Sep=0.08, ║∇J║=4.8e-05
Iteration 927/2000-----
currents: [100000.0, 99999.99999801556, 99999.99999778184, 99999.9999978667, 99999.99999829163]
J=2.3e-05, ⟨Jf⟩=1.3e-05, ⟨B·n⟩=1.0e-03, Len=sum([2.4, 2.5, 2.5, 2.4, 2.5])=12.3, ϰ=[12.0, 7.7, 7.0, 10.4, 9.5], ∫ϰ²/L>=[18.5, 15.3, 11.8, 19.1, 19.9], C-C-Sep=0.08, ║∇J║=5.1e-05
Iteration 928/2000-----
currents: [100000.0, 99999.99999801561, 99999.99999778192, 99999.99999786678, 99999.99999829163]
J=2.3e-05, ⟨Jf⟩=1.3e-05, ⟨B·n⟩=1.0e-03, Len=sum([2.4, 2.5, 2.5, 2.4, 2.5])=12.3, ϰ=[12.0, 7.7, 7.0, 10.4, 9.5], ∫ϰ²/L>=[18.5, 15.3, 11.8, 19.1, 19.9], C-C-Sep=0.08, ║∇J║=3.6e-05
Iteration 929/2000-----
currents: [100000.0, 99999.99999801522, 99999.99999778133, 99999.99999786605, 99999.99999829114]
J=2.3e-05, ⟨Jf⟩=1.3e-05, ⟨B·n⟩=1.0e-03, Len=sum([2.4, 2.5, 2.5, 2.4, 2.5])=12.3, ϰ=[12.0, 7.7, 7.0, 10.4, 9.5], ∫ϰ²/L>=[18.5, 15.3, 11.8, 19.1, 19.9], C-C-Sep=0.08, ║∇J║=4.1e-05
Iteration 930/2000-----
currents: [100000.0, 99999.99999801448, 99999.9999977802, 99999.99999786467, 99999.99999829018]
J=2.3e-05, ⟨Jf⟩=1.3e-05, ⟨B·n⟩=1.0e-03, Len=sum([2.4, 2.5, 2.5, 2.4, 2.5])=12.3, ϰ=[12.0, 7.7, 7.0, 10.4, 9.5], ∫ϰ²/L>=[18.5, 15.3, 11.8, 19.1, 19.9], C-C-Sep=0.08, ║∇J║=5.4e-05
Iteration 931/2000-----
currents: [100000.0, 99999.9999980131, 99999.99999777808, 99999.99999786197, 99999.99999828823]
J=2.3e-05, ⟨Jf⟩=1.3e-05, ⟨B·n⟩=1.0e-03, Len=sum([2.4, 2.5, 2.5, 2.4, 2.5])=12.3, ϰ=[12.0, 7.7, 7.0, 10.4, 9.5], ∫ϰ²/L>=[18.5, 15.3, 11.8, 19.1, 19.9], C-C-Sep=0.08, ║∇J║=1.1e-04
Iteration 932/2000-----
currents: [100000.0, 99999.99999801141, 99999.99999777554, 99999.99999785882, 99999.99999828606]
J=2.3e-05, ⟨Jf⟩=1.3e-05, ⟨B·n⟩=1.0e-03, Len=sum([2.4, 2.5, 2.5, 2.4, 2.5])=12.3, ϰ=[12.0, 7.7, 7.0, 10.4, 9.5], ∫ϰ²/L>=[18.5, 15.3, 11.8, 19.1, 19.9], C-C-Sep=0.08, ║∇J║=6.9e-05
Iteration 933/2000-----
currents: [100000.0, 99999.99999801088, 99999.99999777474, 99999.99999785778, 99999.99999828529]
J=2.3e-05, ⟨Jf⟩=1.3e-05, ⟨B·n⟩=1.0e-03, Len=sum([2.4, 2.5, 2.5, 2.4, 2.5])=12.3, ϰ=[12.0, 7.7, 7.0, 10.4, 9.5], ∫ϰ²/L>=[18.5, 15.3, 11.8, 19.1, 19.9], C-C-Sep=0.08, ║∇J║=5.4e-05
Iteration 934/2000-----
currents: [100000.0, 99999.99999800957, 99999.99999777273, 99999.99999785518, 99999.99999828341]
J=2.3e-05, ⟨Jf⟩=1.3e-05, ⟨B·n⟩=1.0e-03, Len=sum([2.4, 2.5, 2.5, 2.4, 2.5])=12.3, ϰ=[12.0, 7.7, 7.0, 10.4, 9.5], ∫ϰ²/L>=[18.5, 15.3, 11.8, 19.1, 19.9], C-C-Sep=0.08, ║∇J║=7.5e-05
Iteration 935/2000-----
currents: [100000.0, 99999.99999800867, 99999.99999777136, 99999.99999785346, 99999.9999982822]
J=2.3e-05, ⟨Jf⟩=1.3e-05, ⟨B·n⟩=1.0e-03, Len=sum([2.4, 2.5, 2.5, 2.4, 2.5])=12.3, ϰ=[12.0, 7.7, 7.0, 10.4, 9.5], ∫ϰ²/L>=[18.5, 15.3, 11.8, 19.1, 19.9], C-C-Sep=0.08, ║∇J║=6.7e-05
Iteration 936/2000-----
currents: [100000.0, 99999.99999800863, 99999.99999777129, 99999.99999785336, 99999.99999828207]
J=2.3e-05, ⟨Jf⟩=1.3e-05, ⟨B·n⟩=1.0e-03, Len=sum([2.4, 2.5, 2.5, 2.4, 2.5])=12.3, ϰ=[12.0, 7.7, 7.0, 10.4, 9.5], ∫ϰ²/L>=[18.5, 15.3, 11.8, 19.1, 19.9], C-C-Sep=0.08, ║∇J║=4.7e-05
Iteration 937/2000-----
currents: [100000.0, 99999.99999800767, 99999.99999776977, 99999.99999785148, 99999.99999828069]
J=2.3e-05, ⟨Jf⟩=1.3e-05, ⟨B·n⟩=1.0e-03, Len=sum([2.4, 2.5, 2.5, 2.4, 2.5])=12.3, ϰ=[12.0, 7.7, 7.0, 10.4, 9.5], ∫ϰ²/L>=[18.5, 15.3, 11.8, 19.1, 19.9], C-C-Sep=0.08, ║∇J║=4.8e-05
Iteration 938/2000-----
currents: [100000.0, 99999.99999800758, 99999.99999776963, 99999.99999785128, 99999.99999828046]
J=2.3e-05, ⟨Jf⟩=1.3e-05, ⟨B·n⟩=1.0e-03, Len=sum([2.4, 2.5, 2.5, 2.4, 2.5])=12.3, ϰ=[12.0, 7.7, 7.0, 10.4, 9.5], ∫ϰ²/L>=[18.5, 15.3, 11.8, 19.1, 19.9], C-C-Sep=0.08, ║∇J║=5.8e-05
Iteration 939/2000-----
currents: [100000.0, 99999.99999800771, 99999.99999776982, 99999.99999785151, 99999.99999828059]
J=2.3e-05, ⟨Jf⟩=1.3e-05, ⟨B·n⟩=1.0e-03, Len=sum([2.4, 2.5, 2.5, 2.4, 2.5])=12.3, ϰ=[12.0, 7.7, 7.0, 10.4, 9.5], ∫ϰ²/L>=[18.5, 15.3, 11.8, 19.1, 19.9], C-C-Sep=0.08, ║∇J║=3.8e-05
Iteration 940/2000-----
currents: [100000.0, 99999.99999800755, 99999.99999776953, 99999.99999785113, 99999.99999828025]
J=2.3e-05, ⟨Jf⟩=1.3e-05, ⟨B·n⟩=1.0e-03, Len=sum([2.4, 2.5, 2.5, 2.4, 2.5])=12.3, ϰ=[12.0, 7.7, 7.0, 10.4, 9.5], ∫ϰ²/L>=[18.5, 15.3, 11.8, 19.1, 19.9], C-C-Sep=0.08, ║∇J║=3.1e-05
Iteration 941/2000-----
currents: [100000.0, 99999.9999980076, 99999.99999776957, 99999.99999785116, 99999.9999982802]
J=2.3e-05, ⟨Jf⟩=1.3e-05, ⟨B·n⟩=1.0e-03, Len=sum([2.4, 2.5, 2.5, 2.4, 2.5])=12.3, ϰ=[12.0, 7.7, 7.0, 10.4, 9.4], ∫ϰ²/L>=[18.5, 15.3, 11.8, 19.1, 19.9], C-C-Sep=0.08, ║∇J║=3.9e-05
Iteration 942/2000-----
currents: [100000.0, 99999.99999800716, 99999.99999776881, 99999.99999785009, 99999.99999827922]
J=2.3e-05, ⟨Jf⟩=1.3e-05, ⟨B·n⟩=1.0e-03, Len=sum([2.4, 2.5, 2.5, 2.4, 2.5])=12.3, ϰ=[12.0, 7.7, 7.0, 10.4, 9.4], ∫ϰ²/L>=[18.5, 15.3, 11.8, 19.1, 19.9], C-C-Sep=0.08, ║∇J║=1.1e-04
Iteration 943/2000-----
currents: [100000.0, 99999.99999800645, 99999.99999776769, 99999.99999784866, 99999.99999827826]
J=2.3e-05, ⟨Jf⟩=1.3e-05, ⟨B·n⟩=1.0e-03, Len=sum([2.4, 2.5, 2.5, 2.4, 2.5])=12.3, ϰ=[12.0, 7.7, 7.0, 10.4, 9.4], ∫ϰ²/L>=[18.5, 15.3, 11.8, 19.1, 19.9], C-C-Sep=0.08, ║∇J║=4.7e-05
Iteration 944/2000-----
currents: [100000.0, 99999.99999800598, 99999.99999776698, 99999.99999784774, 99999.99999827765]
J=2.3e-05, ⟨Jf⟩=1.3e-05, ⟨B·n⟩=1.0e-03, Len=sum([2.4, 2.5, 2.5, 2.4, 2.5])=12.3, ϰ=[12.0, 7.7, 7.0, 10.4, 9.4], ∫ϰ²/L>=[18.5, 15.3, 11.8, 19.1, 19.9], C-C-Sep=0.08, ║∇J║=4.3e-05
Iteration 945/2000-----
currents: [100000.0, 99999.9999980046, 99999.99999776483, 99999.99999784498, 99999.99999827579]
J=2.3e-05, ⟨Jf⟩=1.3e-05, ⟨B·n⟩=1.0e-03, Len=sum([2.4, 2.5, 2.5, 2.4, 2.5])=12.3, ϰ=[12.0, 7.7, 7.0, 10.4, 9.4], ∫ϰ²/L>=[18.5, 15.3, 11.8, 19.1, 19.9], C-C-Sep=0.08, ║∇J║=4.7e-05
Iteration 946/2000-----
currents: [100000.0, 99999.99999800346, 99999.99999776302, 99999.99999784266, 99999.99999827416]
J=2.3e-05, ⟨Jf⟩=1.3e-05, ⟨B·n⟩=1.0e-03, Len=sum([2.4, 2.5, 2.5, 2.4, 2.5])=12.3, ϰ=[12.0, 7.7, 7.0, 10.4, 9.4], ∫ϰ²/L>=[18.5, 15.3, 11.8, 19.1, 19.9], C-C-Sep=0.08, ║∇J║=8.7e-05
Iteration 947/2000-----
currents: [100000.0, 99999.99999801231, 99999.99999777545, 99999.99999785656, 99999.99999828194]
J=2.3e-05, ⟨Jf⟩=1.3e-05, ⟨B·n⟩=1.0e-03, Len=sum([2.4, 2.5, 2.5, 2.4, 2.5])=12.3, ϰ=[12.0, 7.8, 6.9, 10.4, 9.5], ∫ϰ²/L>=[18.6, 15.3, 11.8, 19.1, 19.9], C-C-Sep=0.08, ║∇J║=6.8e-04
Iteration 948/2000-----
currents: [100000.0, 99999.99999800425, 99999.99999776413, 99999.99999784392, 99999.99999827486]
J=2.3e-05, ⟨Jf⟩=1.3e-05, ⟨B·n⟩=1.0e-03, Len=sum([2.4, 2.5, 2.5, 2.4, 2.5])=12.3, ϰ=[12.0, 7.7, 7.0, 10.4, 9.5], ∫ϰ²/L>=[18.5, 15.3, 11.8, 19.1, 19.9], C-C-Sep=0.08, ║∇J║=1.3e-04
Iteration 949/2000-----
currents: [100000.0, 99999.99999800378, 99999.99999776347, 99999.99999784317, 99999.99999827443]
J=2.3e-05, ⟨Jf⟩=1.3e-05, ⟨B·n⟩=1.0e-03, Len=sum([2.4, 2.5, 2.5, 2.4, 2.5])=12.3, ϰ=[12.0, 7.7, 7.0, 10.4, 9.4], ∫ϰ²/L>=[18.5, 15.3, 11.8, 19.1, 19.9], C-C-Sep=0.08, ║∇J║=1.0e-04
Iteration 950/2000-----
currents: [100000.0, 99999.9999980033, 99999.9999977626, 99999.99999784182, 99999.99999827323]
J=2.3e-05, ⟨Jf⟩=1.3e-05, ⟨B·n⟩=1.0e-03, Len=sum([2.4, 2.5, 2.5, 2.4, 2.5])=12.3, ϰ=[12.0, 7.7, 7.0, 10.4, 9.5], ∫ϰ²/L>=[18.5, 15.3, 11.8, 19.1, 19.9], C-C-Sep=0.08, ║∇J║=2.6e-04
Iteration 951/2000-----
currents: [100000.0, 99999.99999800365, 99999.99999776323, 99999.99999784278, 99999.99999827408]
J=2.3e-05, ⟨Jf⟩=1.3e-05, ⟨B·n⟩=1.0e-03, Len=sum([2.4, 2.5, 2.5, 2.4, 2.5])=12.3, ϰ=[12.0, 7.7, 7.0, 10.4, 9.5], ∫ϰ²/L>=[18.5, 15.3, 11.8, 19.1, 19.9], C-C-Sep=0.08, ║∇J║=5.5e-05
Iteration 952/2000-----
currents: [100000.0, 99999.99999800383, 99999.99999776347, 99999.9999978431, 99999.99999827433]
J=2.3e-05, ⟨Jf⟩=1.3e-05, ⟨B·n⟩=1.0e-03, Len=sum([2.4, 2.5, 2.5, 2.4, 2.5])=12.3, ϰ=[12.0, 7.7, 7.0, 10.4, 9.4], ∫ϰ²/L>=[18.5, 15.3, 11.8, 19.1, 19.9], C-C-Sep=0.08, ║∇J║=3.2e-05
Iteration 953/2000-----
currents: [100000.0, 99999.99999800397, 99999.99999776368, 99999.99999784335, 99999.99999827446]
J=2.3e-05, ⟨Jf⟩=1.3e-05, ⟨B·n⟩=1.0e-03, Len=sum([2.4, 2.5, 2.5, 2.4, 2.5])=12.3, ϰ=[12.0, 7.7, 7.0, 10.4, 9.5], ∫ϰ²/L>=[18.5, 15.3, 11.8, 19.1, 19.9], C-C-Sep=0.08, ║∇J║=3.1e-05
Iteration 954/2000-----
currents: [100000.0, 99999.99999800402, 99999.9999977637, 99999.99999784333, 99999.99999827439]
J=2.3e-05, ⟨Jf⟩=1.3e-05, ⟨B·n⟩=1.0e-03, Len=sum([2.4, 2.5, 2.5, 2.4, 2.5])=12.3, ϰ=[12.0, 7.7, 7.0, 10.4, 9.5], ∫ϰ²/L>=[18.5, 15.3, 11.8, 19.1, 19.9], C-C-Sep=0.08, ║∇J║=5.1e-05
Iteration 955/2000-----
currents: [100000.0, 99999.99999800391, 99999.9999977635, 99999.999997843, 99999.9999982741]
J=2.3e-05, ⟨Jf⟩=1.3e-05, ⟨B·n⟩=1.0e-03, Len=sum([2.4, 2.5, 2.5, 2.4, 2.5])=12.3, ϰ=[12.0, 7.7, 7.0, 10.4, 9.5], ∫ϰ²/L>=[18.5, 15.3, 11.8, 19.1, 19.9], C-C-Sep=0.08, ║∇J║=5.3e-05
Iteration 956/2000-----
currents: [100000.0, 99999.99999800368, 99999.99999776312, 99999.99999784243, 99999.99999827366]
J=2.3e-05, ⟨Jf⟩=1.3e-05, ⟨B·n⟩=1.0e-03, Len=sum([2.4, 2.5, 2.5, 2.4, 2.5])=12.3, ϰ=[12.0, 7.7, 7.0, 10.4, 9.5], ∫ϰ²/L>=[18.5, 15.3, 11.8, 19.1, 19.9], C-C-Sep=0.08, ║∇J║=4.9e-05
Iteration 957/2000-----
currents: [100000.0, 99999.99999800303, 99999.9999977621, 99999.99999784093, 99999.9999982725]
J=2.3e-05, ⟨Jf⟩=1.3e-05, ⟨B·n⟩=1.0e-03, Len=sum([2.4, 2.5, 2.5, 2.4, 2.5])=12.3, ϰ=[12.0, 7.7, 7.0, 10.4, 9.5], ∫ϰ²/L>=[18.5, 15.3, 11.8, 19.1, 19.9], C-C-Sep=0.08, ║∇J║=9.2e-05
Iteration 958/2000-----
currents: [100000.0, 99999.99999800275, 99999.99999776167, 99999.99999784029, 99999.99999827202]
J=2.3e-05, ⟨Jf⟩=1.3e-05, ⟨B·n⟩=1.0e-03, Len=sum([2.4, 2.5, 2.5, 2.4, 2.5])=12.3, ϰ=[12.0, 7.7, 7.0, 10.4, 9.5], ∫ϰ²/L>=[18.5, 15.3, 11.8, 19.1, 19.9], C-C-Sep=0.08, ║∇J║=5.8e-05
Iteration 959/2000-----
currents: [100000.0, 99999.99999800262, 99999.99999776146, 99999.99999784, 99999.99999827179]
J=2.3e-05, ⟨Jf⟩=1.3e-05, ⟨B·n⟩=1.0e-03, Len=sum([2.4, 2.5, 2.5, 2.4, 2.5])=12.3, ϰ=[12.0, 7.7, 7.0, 10.4, 9.5], ∫ϰ²/L>=[18.5, 15.3, 11.8, 19.1, 19.9], C-C-Sep=0.08, ║∇J║=4.3e-05
Iteration 960/2000-----
currents: [100000.0, 99999.9999980026, 99999.99999776148, 99999.99999783999, 99999.99999827171]
J=2.3e-05, ⟨Jf⟩=1.3e-05, ⟨B·n⟩=1.0e-03, Len=sum([2.4, 2.5, 2.5, 2.4, 2.5])=12.3, ϰ=[12.0, 7.7, 6.9, 10.4, 9.4], ∫ϰ²/L>=[18.5, 15.3, 11.8, 19.1, 19.9], C-C-Sep=0.08, ║∇J║=4.0e-05
Iteration 961/2000-----
currents: [100000.0, 99999.99999800241, 99999.99999776116, 99999.99999783948, 99999.9999982713]
J=2.3e-05, ⟨Jf⟩=1.3e-05, ⟨B·n⟩=1.0e-03, Len=sum([2.4, 2.5, 2.5, 2.4, 2.5])=12.3, ϰ=[12.0, 7.7, 6.9, 10.4, 9.4], ∫ϰ²/L>=[18.5, 15.3, 11.8, 19.1, 19.9], C-C-Sep=0.08, ║∇J║=5.6e-05
Iteration 962/2000-----
currents: [100000.0, 99999.99999800234, 99999.99999776103, 99999.99999783926, 99999.99999827112]
J=2.3e-05, ⟨Jf⟩=1.3e-05, ⟨B·n⟩=1.0e-03, Len=sum([2.4, 2.5, 2.5, 2.4, 2.5])=12.3, ϰ=[12.0, 7.7, 6.9, 10.4, 9.4], ∫ϰ²/L>=[18.5, 15.3, 11.8, 19.1, 19.9], C-C-Sep=0.08, ║∇J║=3.9e-05
Iteration 963/2000-----
currents: [100000.0, 99999.99999800204, 99999.99999776052, 99999.9999978385, 99999.99999827055]
J=2.3e-05, ⟨Jf⟩=1.3e-05, ⟨B·n⟩=1.0e-03, Len=sum([2.4, 2.5, 2.5, 2.4, 2.5])=12.3, ϰ=[12.0, 7.7, 6.9, 10.4, 9.5], ∫ϰ²/L>=[18.5, 15.3, 11.8, 19.1, 19.9], C-C-Sep=0.08, ║∇J║=3.3e-05
Iteration 964/2000-----
currents: [100000.0, 99999.99999800177, 99999.99999776005, 99999.99999783782, 99999.99999827002]
J=2.3e-05, ⟨Jf⟩=1.3e-05, ⟨B·n⟩=1.0e-03, Len=sum([2.4, 2.5, 2.5, 2.4, 2.5])=12.3, ϰ=[12.0, 7.7, 6.9, 10.4, 9.5], ∫ϰ²/L>=[18.5, 15.3, 11.8, 19.1, 19.9], C-C-Sep=0.08, ║∇J║=5.5e-05
Iteration 965/2000-----
currents: [100000.0, 99999.99999800154, 99999.99999775965, 99999.9999978372, 99999.99999826954]
J=2.3e-05, ⟨Jf⟩=1.3e-05, ⟨B·n⟩=1.0e-03, Len=sum([2.4, 2.5, 2.5, 2.4, 2.5])=12.3, ϰ=[12.0, 7.7, 6.9, 10.4, 9.5], ∫ϰ²/L>=[18.5, 15.3, 11.8, 19.1, 19.9], C-C-Sep=0.08, ║∇J║=5.0e-05
Iteration 966/2000-----
currents: [100000.0, 99999.99999800093, 99999.99999775857, 99999.99999783555, 99999.9999982682]
J=2.3e-05, ⟨Jf⟩=1.3e-05, ⟨B·n⟩=1.0e-03, Len=sum([2.4, 2.5, 2.5, 2.4, 2.5])=12.3, ϰ=[12.0, 7.7, 6.9, 10.4, 9.5], ∫ϰ²/L>=[18.5, 15.3, 11.8, 19.1, 19.9], C-C-Sep=0.08, ║∇J║=5.9e-05
Iteration 967/2000-----
currents: [100000.0, 99999.99999800012, 99999.99999775717, 99999.99999783342, 99999.99999826647]
J=2.3e-05, ⟨Jf⟩=1.3e-05, ⟨B·n⟩=1.0e-03, Len=sum([2.4, 2.5, 2.5, 2.4, 2.5])=12.3, ϰ=[12.0, 7.7, 6.9, 10.4, 9.5], ∫ϰ²/L>=[18.5, 15.3, 11.8, 19.1, 19.9], C-C-Sep=0.08, ║∇J║=1.5e-04
Iteration 968/2000-----
currents: [100000.0, 99999.99999800033, 99999.99999775754, 99999.99999783392, 99999.99999826682]
J=2.3e-05, ⟨Jf⟩=1.3e-05, ⟨B·n⟩=1.0e-03, Len=sum([2.4, 2.5, 2.5, 2.4, 2.5])=12.3, ϰ=[12.0, 7.7, 6.9, 10.4, 9.5], ∫ϰ²/L>=[18.5, 15.3, 11.8, 19.1, 19.9], C-C-Sep=0.08, ║∇J║=4.9e-05
Iteration 969/2000-----
currents: [100000.0, 99999.99999800035, 99999.99999775756, 99999.99999783392, 99999.99999826678]
J=2.3e-05, ⟨Jf⟩=1.3e-05, ⟨B·n⟩=1.0e-03, Len=sum([2.4, 2.5, 2.5, 2.4, 2.5])=12.3, ϰ=[12.0, 7.7, 6.9, 10.4, 9.5], ∫ϰ²/L>=[18.5, 15.3, 11.8, 19.1, 19.9], C-C-Sep=0.08, ║∇J║=3.8e-05
Iteration 970/2000-----
currents: [100000.0, 99999.99999800012, 99999.99999775717, 99999.99999783329, 99999.99999826624]
J=2.3e-05, ⟨Jf⟩=1.3e-05, ⟨B·n⟩=1.0e-03, Len=sum([2.4, 2.5, 2.5, 2.4, 2.5])=12.3, ϰ=[12.0, 7.7, 6.9, 10.4, 9.5], ∫ϰ²/L>=[18.5, 15.3, 11.8, 19.1, 19.9], C-C-Sep=0.08, ║∇J║=4.6e-05
Iteration 971/2000-----
currents: [100000.0, 99999.99999799968, 99999.99999775644, 99999.9999978322, 99999.99999826537]
J=2.3e-05, ⟨Jf⟩=1.3e-05, ⟨B·n⟩=1.0e-03, Len=sum([2.4, 2.5, 2.5, 2.4, 2.5])=12.3, ϰ=[12.0, 7.7, 6.9, 10.4, 9.5], ∫ϰ²/L>=[18.5, 15.3, 11.8, 19.1, 19.9], C-C-Sep=0.08, ║∇J║=4.4e-05
Iteration 972/2000-----
currents: [100000.0, 99999.99999799872, 99999.9999977548, 99999.99999782977, 99999.99999826342]
J=2.3e-05, ⟨Jf⟩=1.3e-05, ⟨B·n⟩=1.0e-03, Len=sum([2.4, 2.5, 2.5, 2.4, 2.5])=12.3, ϰ=[12.0, 7.7, 6.9, 10.4, 9.5], ∫ϰ²/L>=[18.5, 15.3, 11.8, 19.1, 19.9], C-C-Sep=0.08, ║∇J║=1.4e-04
Iteration 973/2000-----
currents: [100000.0, 99999.99999799923, 99999.99999775566, 99999.99999783105, 99999.99999826444]
J=2.3e-05, ⟨Jf⟩=1.3e-05, ⟨B·n⟩=1.0e-03, Len=sum([2.4, 2.5, 2.5, 2.4, 2.5])=12.3, ϰ=[12.0, 7.7, 6.9, 10.4, 9.5], ∫ϰ²/L>=[18.5, 15.3, 11.8, 19.1, 19.9], C-C-Sep=0.08, ║∇J║=6.9e-05
Iteration 974/2000-----
currents: [100000.0, 99999.99999799875, 99999.99999775486, 99999.99999782989, 99999.99999826353]
J=2.3e-05, ⟨Jf⟩=1.3e-05, ⟨B·n⟩=1.0e-03, Len=sum([2.4, 2.5, 2.5, 2.4, 2.5])=12.3, ϰ=[12.0, 7.7, 6.9, 10.4, 9.5], ∫ϰ²/L>=[18.5, 15.3, 11.8, 19.1, 19.9], C-C-Sep=0.08, ║∇J║=3.6e-05
Iteration 975/2000-----
currents: [100000.0, 99999.99999799847, 99999.99999775438, 99999.99999782922, 99999.99999826301]
J=2.3e-05, ⟨Jf⟩=1.3e-05, ⟨B·n⟩=1.0e-03, Len=sum([2.4, 2.5, 2.5, 2.4, 2.5])=12.3, ϰ=[12.0, 7.7, 6.9, 10.4, 9.5], ∫ϰ²/L>=[18.5, 15.3, 11.8, 19.1, 19.9], C-C-Sep=0.08, ║∇J║=3.9e-05
Iteration 976/2000-----
currents: [100000.0, 99999.99999799806, 99999.99999775365, 99999.99999782818, 99999.99999826215]
J=2.3e-05, ⟨Jf⟩=1.3e-05, ⟨B·n⟩=1.0e-03, Len=sum([2.4, 2.5, 2.5, 2.4, 2.5])=12.3, ϰ=[12.0, 7.7, 6.9, 10.4, 9.5], ∫ϰ²/L>=[18.5, 15.3, 11.8, 19.1, 19.9], C-C-Sep=0.08, ║∇J║=5.8e-05
Iteration 977/2000-----
currents: [100000.0, 99999.99999799757, 99999.99999775275, 99999.99999782688, 99999.99999826102]
J=2.3e-05, ⟨Jf⟩=1.3e-05, ⟨B·n⟩=1.0e-03, Len=sum([2.4, 2.5, 2.5, 2.4, 2.5])=12.3, ϰ=[12.0, 7.7, 6.9, 10.4, 9.5], ∫ϰ²/L>=[18.5, 15.2, 11.8, 19.1, 19.9], C-C-Sep=0.08, ║∇J║=9.4e-05
Iteration 978/2000-----
currents: [100000.0, 99999.99999799751, 99999.99999775262, 99999.99999782663, 99999.99999826073]
J=2.3e-05, ⟨Jf⟩=1.3e-05, ⟨B·n⟩=1.0e-03, Len=sum([2.4, 2.5, 2.5, 2.4, 2.5])=12.3, ϰ=[12.0, 7.7, 6.9, 10.4, 9.5], ∫ϰ²/L>=[18.5, 15.2, 11.8, 19.1, 19.9], C-C-Sep=0.08, ║∇J║=5.3e-05
Iteration 979/2000-----
currents: [100000.0, 99999.99999799748, 99999.99999775256, 99999.99999782644, 99999.99999826045]
J=2.3e-05, ⟨Jf⟩=1.3e-05, ⟨B·n⟩=1.0e-03, Len=sum([2.4, 2.5, 2.5, 2.4, 2.5])=12.3, ϰ=[12.0, 7.7, 6.9, 10.4, 9.5], ∫ϰ²/L>=[18.5, 15.3, 11.8, 19.1, 19.9], C-C-Sep=0.08, ║∇J║=4.2e-05
Iteration 980/2000-----
currents: [100000.0, 99999.9999979973, 99999.99999775228, 99999.99999782594, 99999.99999825998]
J=2.3e-05, ⟨Jf⟩=1.3e-05, ⟨B·n⟩=1.0e-03, Len=sum([2.4, 2.5, 2.5, 2.4, 2.5])=12.3, ϰ=[12.0, 7.7, 7.0, 10.4, 9.5], ∫ϰ²/L>=[18.5, 15.3, 11.8, 19.1, 19.9], C-C-Sep=0.08, ║∇J║=5.3e-05
Iteration 981/2000-----
currents: [100000.0, 99999.99999799694, 99999.99999775173, 99999.99999782506, 99999.99999825924]
J=2.3e-05, ⟨Jf⟩=1.3e-05, ⟨B·n⟩=1.0e-03, Len=sum([2.4, 2.5, 2.5, 2.4, 2.5])=12.3, ϰ=[12.0, 7.7, 7.0, 10.4, 9.5], ∫ϰ²/L>=[18.5, 15.3, 11.8, 19.1, 19.9], C-C-Sep=0.08, ║∇J║=6.5e-05
Iteration 982/2000-----
currents: [100000.0, 99999.99999799657, 99999.99999775113, 99999.9999978242, 99999.9999982586]
J=2.3e-05, ⟨Jf⟩=1.3e-05, ⟨B·n⟩=1.0e-03, Len=sum([2.4, 2.5, 2.5, 2.4, 2.5])=12.3, ϰ=[12.0, 7.7, 7.0, 10.4, 9.5], ∫ϰ²/L>=[18.5, 15.3, 11.7, 19.1, 19.9], C-C-Sep=0.08, ║∇J║=3.9e-05
Iteration 983/2000-----
currents: [100000.0, 99999.99999799608, 99999.99999775038, 99999.99999782315, 99999.99999825786]
J=2.3e-05, ⟨Jf⟩=1.3e-05, ⟨B·n⟩=1.0e-03, Len=sum([2.4, 2.5, 2.5, 2.4, 2.5])=12.3, ϰ=[12.0, 7.7, 7.0, 10.4, 9.5], ∫ϰ²/L>=[18.5, 15.2, 11.7, 19.1, 19.9], C-C-Sep=0.08, ║∇J║=3.1e-05
Iteration 984/2000-----
currents: [100000.0, 99999.9999979958, 99999.99999774994, 99999.99999782255, 99999.99999825745]
J=2.3e-05, ⟨Jf⟩=1.3e-05, ⟨B·n⟩=1.0e-03, Len=sum([2.4, 2.5, 2.5, 2.4, 2.5])=12.3, ϰ=[12.0, 7.7, 7.0, 10.4, 9.5], ∫ϰ²/L>=[18.5, 15.2, 11.7, 19.1, 19.9], C-C-Sep=0.08, ║∇J║=3.5e-05
Iteration 985/2000-----
currents: [100000.0, 99999.99999799534, 99999.99999774927, 99999.99999782162, 99999.99999825681]
J=2.3e-05, ⟨Jf⟩=1.3e-05, ⟨B·n⟩=1.0e-03, Len=sum([2.4, 2.5, 2.5, 2.4, 2.5])=12.3, ϰ=[12.0, 7.7, 6.9, 10.4, 9.5], ∫ϰ²/L>=[18.5, 15.2, 11.7, 19.1, 19.9], C-C-Sep=0.08, ║∇J║=4.1e-05
Iteration 986/2000-----
currents: [100000.0, 99999.99999799504, 99999.99999774883, 99999.999997821, 99999.99999825636]
J=2.3e-05, ⟨Jf⟩=1.3e-05, ⟨B·n⟩=1.0e-03, Len=sum([2.4, 2.5, 2.5, 2.4, 2.5])=12.3, ϰ=[12.0, 7.7, 6.9, 10.4, 9.5], ∫ϰ²/L>=[18.5, 15.2, 11.7, 19.1, 19.9], C-C-Sep=0.08, ║∇J║=4.7e-05
Iteration 987/2000-----
currents: [100000.0, 99999.99999799489, 99999.99999774864, 99999.9999978207, 99999.99999825614]
J=2.3e-05, ⟨Jf⟩=1.3e-05, ⟨B·n⟩=1.0e-03, Len=sum([2.4, 2.5, 2.5, 2.4, 2.5])=12.3, ϰ=[12.0, 7.7, 6.9, 10.4, 9.5], ∫ϰ²/L>=[18.5, 15.2, 11.7, 19.1, 19.9], C-C-Sep=0.08, ║∇J║=3.8e-05
Iteration 988/2000-----
currents: [100000.0, 99999.99999799451, 99999.9999977481, 99999.9999978199, 99999.99999825553]
J=2.3e-05, ⟨Jf⟩=1.3e-05, ⟨B·n⟩=1.0e-03, Len=sum([2.4, 2.5, 2.5, 2.4, 2.5])=12.3, ϰ=[12.0, 7.7, 6.9, 10.4, 9.5], ∫ϰ²/L>=[18.5, 15.2, 11.7, 19.1, 19.9], C-C-Sep=0.08, ║∇J║=4.5e-05
Iteration 989/2000-----
currents: [100000.0, 99999.99999799389, 99999.99999774717, 99999.99999781855, 99999.9999982545]
J=2.3e-05, ⟨Jf⟩=1.3e-05, ⟨B·n⟩=1.0e-03, Len=sum([2.4, 2.5, 2.5, 2.4, 2.5])=12.3, ϰ=[12.0, 7.7, 6.9, 10.4, 9.5], ∫ϰ²/L>=[18.5, 15.2, 11.7, 19.0, 19.9], C-C-Sep=0.08, ║∇J║=7.8e-05
Iteration 990/2000-----
currents: [100000.0, 99999.99999799344, 99999.99999774648, 99999.99999781756, 99999.99999825376]
J=2.3e-05, ⟨Jf⟩=1.3e-05, ⟨B·n⟩=1.0e-03, Len=sum([2.4, 2.5, 2.5, 2.4, 2.5])=12.3, ϰ=[12.0, 7.7, 6.9, 10.4, 9.5], ∫ϰ²/L>=[18.5, 15.2, 11.7, 19.0, 19.9], C-C-Sep=0.08, ║∇J║=5.0e-05
Iteration 991/2000-----
currents: [100000.0, 99999.99999799259, 99999.99999774515, 99999.99999781571, 99999.99999825239]
J=2.3e-05, ⟨Jf⟩=1.3e-05, ⟨B·n⟩=1.0e-03, Len=sum([2.4, 2.5, 2.5, 2.4, 2.5])=12.3, ϰ=[12.0, 7.7, 6.9, 10.4, 9.5], ∫ϰ²/L>=[18.5, 15.2, 11.7, 19.0, 19.9], C-C-Sep=0.08, ║∇J║=4.2e-05
Iteration 992/2000-----
currents: [100000.0, 99999.99999799227, 99999.99999774466, 99999.99999781504, 99999.99999825188]
J=2.3e-05, ⟨Jf⟩=1.3e-05, ⟨B·n⟩=1.0e-03, Len=sum([2.4, 2.5, 2.5, 2.4, 2.5])=12.3, ϰ=[12.0, 7.7, 6.9, 10.4, 9.5], ∫ϰ²/L>=[18.5, 15.2, 11.7, 19.0, 19.9], C-C-Sep=0.08, ║∇J║=5.2e-05
Iteration 993/2000-----
currents: [100000.0, 99999.99999799192, 99999.99999774413, 99999.99999781433, 99999.99999825134]
J=2.3e-05, ⟨Jf⟩=1.3e-05, ⟨B·n⟩=1.0e-03, Len=sum([2.4, 2.5, 2.5, 2.4, 2.5])=12.3, ϰ=[12.0, 7.7, 6.9, 10.4, 9.5], ∫ϰ²/L>=[18.5, 15.2, 11.7, 19.0, 19.9], C-C-Sep=0.08, ║∇J║=3.6e-05
Iteration 994/2000-----
currents: [100000.0, 99999.99999799179, 99999.99999774396, 99999.9999978141, 99999.99999825114]
J=2.3e-05, ⟨Jf⟩=1.3e-05, ⟨B·n⟩=1.0e-03, Len=sum([2.4, 2.5, 2.5, 2.4, 2.5])=12.3, ϰ=[12.0, 7.7, 6.9, 10.4, 9.5], ∫ϰ²/L>=[18.5, 15.2, 11.7, 19.0, 19.9], C-C-Sep=0.08, ║∇J║=3.4e-05
Iteration 995/2000-----
currents: [100000.0, 99999.99999799165, 99999.99999774375, 99999.99999781382, 99999.9999982509]
J=2.3e-05, ⟨Jf⟩=1.3e-05, ⟨B·n⟩=1.0e-03, Len=sum([2.4, 2.5, 2.5, 2.4, 2.5])=12.3, ϰ=[12.0, 7.7, 6.9, 10.4, 9.5], ∫ϰ²/L>=[18.5, 15.2, 11.7, 19.0, 19.9], C-C-Sep=0.08, ║∇J║=5.0e-05
Iteration 996/2000-----
currents: [100000.0, 99999.99999799157, 99999.99999774364, 99999.99999781365, 99999.99999825074]
J=2.3e-05, ⟨Jf⟩=1.3e-05, ⟨B·n⟩=1.0e-03, Len=sum([2.4, 2.5, 2.5, 2.4, 2.5])=12.3, ϰ=[12.0, 7.7, 6.9, 10.4, 9.5], ∫ϰ²/L>=[18.5, 15.2, 11.7, 19.0, 19.9], C-C-Sep=0.08, ║∇J║=3.6e-05
Iteration 997/2000-----
currents: [100000.0, 99999.99999799131, 99999.9999977432, 99999.99999781304, 99999.99999825026]
J=2.3e-05, ⟨Jf⟩=1.3e-05, ⟨B·n⟩=1.0e-03, Len=sum([2.4, 2.5, 2.5, 2.4, 2.5])=12.3, ϰ=[12.0, 7.7, 6.9, 10.4, 9.5], ∫ϰ²/L>=[18.5, 15.2, 11.7, 19.0, 19.9], C-C-Sep=0.08, ║∇J║=3.8e-05
Iteration 998/2000-----
currents: [100000.0, 99999.9999979907, 99999.99999774218, 99999.99999781162, 99999.99999824916]
J=2.3e-05, ⟨Jf⟩=1.3e-05, ⟨B·n⟩=1.0e-03, Len=sum([2.4, 2.5, 2.5, 2.4, 2.5])=12.3, ϰ=[12.0, 7.7, 6.9, 10.4, 9.5], ∫ϰ²/L>=[18.5, 15.2, 11.7, 19.0, 19.9], C-C-Sep=0.08, ║∇J║=5.0e-05
Iteration 999/2000-----
currents: [100000.0, 99999.99999798954, 99999.99999774028, 99999.99999780902, 99999.99999824713]
J=2.3e-05, ⟨Jf⟩=1.3e-05, ⟨B·n⟩=1.0e-03, Len=sum([2.4, 2.5, 2.5, 2.4, 2.5])=12.3, ϰ=[12.0, 7.6, 6.9, 10.4, 9.5], ∫ϰ²/L>=[18.5, 15.2, 11.7, 19.0, 19.9], C-C-Sep=0.08, ║∇J║=8.7e-05
Iteration 1000/2000-----
currents: [100000.0, 99999.99999798855, 99999.99999773868, 99999.99999780681, 99999.99999824539]
J=2.3e-05, ⟨Jf⟩=1.3e-05, ⟨B·n⟩=1.0e-03, Len=sum([2.4, 2.5, 2.5, 2.4, 2.5])=12.3, ϰ=[12.0, 7.6, 6.9, 10.4, 9.5], ∫ϰ²/L>=[18.5, 15.2, 11.7, 19.0, 19.9], C-C-Sep=0.08, ║∇J║=5.9e-05
Iteration 1001/2000-----
currents: [100000.0, 99999.99999798789, 99999.99999773763, 99999.99999780537, 99999.99999824422]
J=2.3e-05, ⟨Jf⟩=1.3e-05, ⟨B·n⟩=1.0e-03, Len=sum([2.4, 2.5, 2.5, 2.4, 2.5])=12.3, ϰ=[12.0, 7.6, 6.9, 10.4, 9.5], ∫ϰ²/L>=[18.5, 15.2, 11.7, 19.0, 19.9], C-C-Sep=0.08, ║∇J║=4.6e-05
Iteration 1002/2000-----
currents: [100000.0, 99999.99999798712, 99999.9999977364, 99999.9999978037, 99999.99999824289]
J=2.3e-05, ⟨Jf⟩=1.3e-05, ⟨B·n⟩=1.0e-03, Len=sum([2.4, 2.5, 2.5, 2.4, 2.5])=12.3, ϰ=[12.0, 7.6, 6.9, 10.4, 9.4], ∫ϰ²/L>=[18.5, 15.2, 11.7, 19.0, 19.9], C-C-Sep=0.08, ║∇J║=7.1e-05
Iteration 1003/2000-----
currents: [100000.0, 99999.99999798703, 99999.99999773629, 99999.99999780353, 99999.99999824275]
J=2.3e-05, ⟨Jf⟩=1.3e-05, ⟨B·n⟩=1.0e-03, Len=sum([2.4, 2.5, 2.5, 2.4, 2.5])=12.3, ϰ=[12.0, 7.6, 6.9, 10.4, 9.4], ∫ϰ²/L>=[18.5, 15.2, 11.7, 19.0, 19.9], C-C-Sep=0.08, ║∇J║=4.0e-05
Iteration 1004/2000-----
currents: [100000.0, 99999.99999798703, 99999.99999773629, 99999.99999780353, 99999.99999824278]
J=2.3e-05, ⟨Jf⟩=1.3e-05, ⟨B·n⟩=1.0e-03, Len=sum([2.4, 2.5, 2.5, 2.4, 2.5])=12.3, ϰ=[12.0, 7.6, 6.9, 10.4, 9.4], ∫ϰ²/L>=[18.5, 15.2, 11.7, 19.0, 19.9], C-C-Sep=0.08, ║∇J║=3.5e-05
Iteration 1005/2000-----
currents: [100000.0, 99999.99999798667, 99999.99999773572, 99999.99999780275, 99999.99999824226]
J=2.3e-05, ⟨Jf⟩=1.3e-05, ⟨B·n⟩=1.0e-03, Len=sum([2.4, 2.5, 2.5, 2.4, 2.5])=12.3, ϰ=[12.0, 7.6, 6.9, 10.4, 9.4], ∫ϰ²/L>=[18.5, 15.2, 11.7, 19.0, 19.9], C-C-Sep=0.08, ║∇J║=3.8e-05
Iteration 1006/2000-----
currents: [100000.0, 99999.99999798601, 99999.9999977347, 99999.99999780134, 99999.99999824126]
J=2.3e-05, ⟨Jf⟩=1.3e-05, ⟨B·n⟩=1.0e-03, Len=sum([2.4, 2.5, 2.5, 2.4, 2.5])=12.3, ϰ=[12.0, 7.6, 6.9, 10.4, 9.4], ∫ϰ²/L>=[18.5, 15.2, 11.7, 19.0, 19.9], C-C-Sep=0.08, ║∇J║=6.8e-05
Iteration 1007/2000-----
currents: [100000.0, 99999.99999798574, 99999.99999773428, 99999.99999780075, 99999.99999824083]
J=2.3e-05, ⟨Jf⟩=1.3e-05, ⟨B·n⟩=1.0e-03, Len=sum([2.4, 2.5, 2.5, 2.4, 2.5])=12.3, ϰ=[12.0, 7.6, 6.9, 10.4, 9.4], ∫ϰ²/L>=[18.5, 15.2, 11.7, 19.0, 19.9], C-C-Sep=0.08, ║∇J║=4.0e-05
Iteration 1008/2000-----
currents: [100000.0, 99999.99999798508, 99999.99999773332, 99999.99999779942, 99999.99999823987]
J=2.3e-05, ⟨Jf⟩=1.3e-05, ⟨B·n⟩=1.0e-03, Len=sum([2.4, 2.5, 2.5, 2.4, 2.5])=12.3, ϰ=[12.0, 7.6, 6.9, 10.4, 9.4], ∫ϰ²/L>=[18.5, 15.2, 11.7, 19.0, 19.9], C-C-Sep=0.08, ║∇J║=4.0e-05
Iteration 1009/2000-----
currents: [100000.0, 99999.99999798446, 99999.9999977324, 99999.9999977981, 99999.99999823891]
J=2.3e-05, ⟨Jf⟩=1.3e-05, ⟨B·n⟩=1.0e-03, Len=sum([2.4, 2.5, 2.5, 2.4, 2.5])=12.3, ϰ=[12.0, 7.6, 6.9, 10.4, 9.4], ∫ϰ²/L>=[18.5, 15.2, 11.7, 19.0, 19.9], C-C-Sep=0.08, ║∇J║=5.4e-05
Iteration 1010/2000-----
currents: [100000.0, 99999.99999798325, 99999.99999773069, 99999.99999779563, 99999.99999823715]
J=2.3e-05, ⟨Jf⟩=1.3e-05, ⟨B·n⟩=1.0e-03, Len=sum([2.4, 2.5, 2.5, 2.4, 2.5])=12.3, ϰ=[12.0, 7.6, 6.9, 10.4, 9.4], ∫ϰ²/L>=[18.5, 15.2, 11.7, 19.0, 19.9], C-C-Sep=0.08, ║∇J║=7.0e-05
Iteration 1011/2000-----
currents: [100000.0, 99999.99999798105, 99999.99999772749, 99999.99999779093, 99999.99999823372]
J=2.3e-05, ⟨Jf⟩=1.3e-05, ⟨B·n⟩=1.0e-03, Len=sum([2.4, 2.5, 2.5, 2.4, 2.5])=12.3, ϰ=[12.0, 7.6, 7.0, 10.4, 9.4], ∫ϰ²/L>=[18.5, 15.2, 11.7, 19.0, 19.9], C-C-Sep=0.08, ║∇J║=1.6e-04
Iteration 1012/2000-----
currents: [100000.0, 99999.99999798216, 99999.99999772909, 99999.99999779329, 99999.99999823543]
J=2.3e-05, ⟨Jf⟩=1.3e-05, ⟨B·n⟩=1.0e-03, Len=sum([2.4, 2.5, 2.5, 2.4, 2.5])=12.3, ϰ=[12.0, 7.6, 6.9, 10.4, 9.4], ∫ϰ²/L>=[18.5, 15.2, 11.7, 19.0, 19.9], C-C-Sep=0.08, ║∇J║=8.6e-05
Iteration 1013/2000-----
currents: [100000.0, 99999.99999798133, 99999.99999772785, 99999.99999779146, 99999.99999823405]
J=2.3e-05, ⟨Jf⟩=1.3e-05, ⟨B·n⟩=1.0e-03, Len=sum([2.4, 2.5, 2.5, 2.4, 2.5])=12.3, ϰ=[12.0, 7.6, 6.9, 10.4, 9.4], ∫ϰ²/L>=[18.5, 15.2, 11.7, 19.0, 19.9], C-C-Sep=0.08, ║∇J║=4.6e-05
Iteration 1014/2000-----
currents: [100000.0, 99999.99999798079, 99999.99999772705, 99999.99999779025, 99999.99999823316]
J=2.3e-05, ⟨Jf⟩=1.3e-05, ⟨B·n⟩=1.0e-03, Len=sum([2.4, 2.5, 2.5, 2.4, 2.5])=12.3, ϰ=[12.0, 7.6, 6.9, 10.4, 9.4], ∫ϰ²/L>=[18.5, 15.2, 11.7, 19.0, 19.9], C-C-Sep=0.08, ║∇J║=4.5e-05
Iteration 1015/2000-----
currents: [100000.0, 99999.99999798021, 99999.99999772613, 99999.99999778891, 99999.99999823215]
J=2.3e-05, ⟨Jf⟩=1.3e-05, ⟨B·n⟩=1.0e-03, Len=sum([2.4, 2.5, 2.5, 2.4, 2.5])=12.3, ϰ=[12.0, 7.6, 6.9, 10.4, 9.4], ∫ϰ²/L>=[18.5, 15.2, 11.7, 19.0, 19.9], C-C-Sep=0.08, ║∇J║=6.0e-05
Iteration 1016/2000-----
currents: [100000.0, 99999.99999797964, 99999.99999772523, 99999.99999778763, 99999.9999982312]
J=2.3e-05, ⟨Jf⟩=1.3e-05, ⟨B·n⟩=1.0e-03, Len=sum([2.4, 2.5, 2.5, 2.4, 2.5])=12.3, ϰ=[12.0, 7.6, 6.9, 10.4, 9.4], ∫ϰ²/L>=[18.5, 15.2, 11.7, 19.0, 19.9], C-C-Sep=0.08, ║∇J║=4.3e-05
Iteration 1017/2000-----
currents: [100000.0, 99999.99999797925, 99999.99999772465, 99999.99999778686, 99999.99999823068]
J=2.3e-05, ⟨Jf⟩=1.3e-05, ⟨B·n⟩=1.0e-03, Len=sum([2.4, 2.5, 2.5, 2.4, 2.5])=12.3, ϰ=[12.0, 7.6, 6.9, 10.4, 9.4], ∫ϰ²/L>=[18.5, 15.2, 11.7, 19.0, 19.9], C-C-Sep=0.08, ║∇J║=3.5e-05
Iteration 1018/2000-----
currents: [100000.0, 99999.99999797848, 99999.99999772345, 99999.99999778524, 99999.9999982295]
J=2.3e-05, ⟨Jf⟩=1.3e-05, ⟨B·n⟩=1.0e-03, Len=sum([2.4, 2.5, 2.5, 2.4, 2.5])=12.3, ϰ=[12.0, 7.6, 6.9, 10.4, 9.4], ∫ϰ²/L>=[18.5, 15.2, 11.7, 19.0, 19.9], C-C-Sep=0.08, ║∇J║=5.2e-05
Iteration 1019/2000-----
currents: [100000.0, 99999.9999979778, 99999.99999772242, 99999.99999778385, 99999.99999822846]
J=2.3e-05, ⟨Jf⟩=1.3e-05, ⟨B·n⟩=1.0e-03, Len=sum([2.4, 2.5, 2.5, 2.4, 2.5])=12.3, ϰ=[12.0, 7.6, 6.9, 10.4, 9.4], ∫ϰ²/L>=[18.5, 15.2, 11.7, 19.0, 19.9], C-C-Sep=0.08, ║∇J║=6.7e-05
Iteration 1020/2000-----
currents: [100000.0, 99999.9999979775, 99999.99999772201, 99999.99999778332, 99999.99999822809]
J=2.3e-05, ⟨Jf⟩=1.3e-05, ⟨B·n⟩=1.0e-03, Len=sum([2.4, 2.5, 2.5, 2.4, 2.5])=12.3, ϰ=[12.0, 7.6, 6.9, 10.4, 9.4], ∫ϰ²/L>=[18.5, 15.2, 11.7, 19.0, 19.9], C-C-Sep=0.08, ║∇J║=5.5e-05
Iteration 1021/2000-----
currents: [100000.0, 99999.99999797619, 99999.99999771996, 99999.99999778047, 99999.9999982259]
J=2.3e-05, ⟨Jf⟩=1.3e-05, ⟨B·n⟩=1.0e-03, Len=sum([2.4, 2.5, 2.5, 2.4, 2.5])=12.3, ϰ=[12.0, 7.6, 6.9, 10.4, 9.4], ∫ϰ²/L>=[18.5, 15.2, 11.7, 19.0, 19.9], C-C-Sep=0.08, ║∇J║=5.4e-05
Iteration 1022/2000-----
currents: [100000.0, 99999.99999797544, 99999.9999977188, 99999.99999777888, 99999.99999822468]
J=2.3e-05, ⟨Jf⟩=1.3e-05, ⟨B·n⟩=1.0e-03, Len=sum([2.4, 2.5, 2.5, 2.4, 2.5])=12.3, ϰ=[12.0, 7.6, 6.9, 10.4, 9.4], ∫ϰ²/L>=[18.5, 15.2, 11.7, 19.0, 19.9], C-C-Sep=0.08, ║∇J║=9.2e-05
Iteration 1023/2000-----
currents: [100000.0, 99999.99999797481, 99999.99999771782, 99999.99999777752, 99999.99999822369]
J=2.3e-05, ⟨Jf⟩=1.3e-05, ⟨B·n⟩=1.0e-03, Len=sum([2.4, 2.5, 2.5, 2.4, 2.5])=12.3, ϰ=[12.0, 7.6, 6.9, 10.4, 9.4], ∫ϰ²/L>=[18.5, 15.2, 11.7, 19.0, 19.9], C-C-Sep=0.08, ║∇J║=6.0e-05
Iteration 1024/2000-----
currents: [100000.0, 99999.9999979732, 99999.99999771526, 99999.99999777389, 99999.99999822101]
J=2.3e-05, ⟨Jf⟩=1.3e-05, ⟨B·n⟩=1.0e-03, Len=sum([2.4, 2.5, 2.5, 2.4, 2.5])=12.3, ϰ=[11.9, 7.6, 6.9, 10.4, 9.4], ∫ϰ²/L>=[18.5, 15.2, 11.7, 19.0, 19.9], C-C-Sep=0.08, ║∇J║=5.0e-05
Iteration 1025/2000-----
currents: [100000.0, 99999.99999797237, 99999.99999771398, 99999.9999977721, 99999.99999821969]
J=2.3e-05, ⟨Jf⟩=1.3e-05, ⟨B·n⟩=1.0e-03, Len=sum([2.4, 2.5, 2.5, 2.4, 2.5])=12.3, ϰ=[11.9, 7.5, 6.9, 10.4, 9.4], ∫ϰ²/L>=[18.5, 15.2, 11.7, 19.0, 19.9], C-C-Sep=0.08, ║∇J║=7.6e-05
Iteration 1026/2000-----
currents: [100000.0, 99999.99999797156, 99999.99999771276, 99999.99999777041, 99999.99999821848]
J=2.3e-05, ⟨Jf⟩=1.3e-05, ⟨B·n⟩=1.0e-03, Len=sum([2.4, 2.5, 2.5, 2.4, 2.5])=12.3, ϰ=[11.9, 7.5, 6.9, 10.4, 9.4], ∫ϰ²/L>=[18.5, 15.2, 11.7, 19.0, 19.9], C-C-Sep=0.08, ║∇J║=4.4e-05
Iteration 1027/2000-----
currents: [100000.0, 99999.99999797092, 99999.99999771175, 99999.99999776902, 99999.99999821742]
J=2.3e-05, ⟨Jf⟩=1.3e-05, ⟨B·n⟩=1.0e-03, Len=sum([2.4, 2.5, 2.5, 2.4, 2.5])=12.3, ϰ=[11.9, 7.5, 6.9, 10.4, 9.4], ∫ϰ²/L>=[18.5, 15.2, 11.7, 19.0, 19.9], C-C-Sep=0.08, ║∇J║=4.1e-05
Iteration 1028/2000-----
currents: [100000.0, 99999.99999797043, 99999.99999771097, 99999.99999776794, 99999.99999821658]
J=2.3e-05, ⟨Jf⟩=1.3e-05, ⟨B·n⟩=1.0e-03, Len=sum([2.4, 2.5, 2.5, 2.4, 2.5])=12.3, ϰ=[11.9, 7.5, 6.9, 10.4, 9.4], ∫ϰ²/L>=[18.5, 15.2, 11.7, 19.0, 19.9], C-C-Sep=0.08, ║∇J║=5.1e-05
Iteration 1029/2000-----
currents: [100000.0, 99999.99999796994, 99999.99999771017, 99999.99999776683, 99999.99999821567]
J=2.3e-05, ⟨Jf⟩=1.3e-05, ⟨B·n⟩=1.0e-03, Len=sum([2.4, 2.5, 2.5, 2.4, 2.5])=12.3, ϰ=[11.9, 7.5, 6.9, 10.4, 9.4], ∫ϰ²/L>=[18.5, 15.2, 11.7, 19.0, 19.9], C-C-Sep=0.08, ║∇J║=7.7e-05
Iteration 1030/2000-----
currents: [100000.0, 99999.99999796918, 99999.99999770895, 99999.99999776512, 99999.99999821433]
J=2.3e-05, ⟨Jf⟩=1.3e-05, ⟨B·n⟩=1.0e-03, Len=sum([2.4, 2.5, 2.5, 2.4, 2.5])=12.3, ϰ=[11.9, 7.5, 6.9, 10.4, 9.4], ∫ϰ²/L>=[18.5, 15.2, 11.7, 19.0, 19.9], C-C-Sep=0.08, ║∇J║=5.8e-05
Iteration 1031/2000-----
currents: [100000.0, 99999.99999796812, 99999.99999770721, 99999.9999977627, 99999.99999821246]
J=2.3e-05, ⟨Jf⟩=1.3e-05, ⟨B·n⟩=1.0e-03, Len=sum([2.4, 2.5, 2.5, 2.4, 2.5])=12.3, ϰ=[11.9, 7.5, 6.9, 10.4, 9.4], ∫ϰ²/L>=[18.5, 15.2, 11.7, 19.0, 19.9], C-C-Sep=0.08, ║∇J║=6.2e-05
Iteration 1032/2000-----
currents: [100000.0, 99999.99999796686, 99999.99999770524, 99999.99999775998, 99999.99999821038]
J=2.3e-05, ⟨Jf⟩=1.3e-05, ⟨B·n⟩=1.0e-03, Len=sum([2.4, 2.5, 2.5, 2.4, 2.5])=12.3, ϰ=[12.0, 7.5, 6.9, 10.4, 9.4], ∫ϰ²/L>=[18.5, 15.2, 11.7, 19.0, 19.9], C-C-Sep=0.08, ║∇J║=7.3e-05
Iteration 1033/2000-----
currents: [100000.0, 99999.9999979637, 99999.99999770023, 99999.99999775302, 99999.99999820514]
J=2.3e-05, ⟨Jf⟩=1.3e-05, ⟨B·n⟩=1.0e-03, Len=sum([2.4, 2.5, 2.5, 2.4, 2.5])=12.3, ϰ=[12.0, 7.5, 6.9, 10.4, 9.4], ∫ϰ²/L>=[18.5, 15.2, 11.7, 19.0, 19.9], C-C-Sep=0.08, ║∇J║=1.0e-04
Iteration 1034/2000-----
currents: [100000.0, 99999.99999796358, 99999.99999770008, 99999.99999775291, 99999.9999982051]
J=2.3e-05, ⟨Jf⟩=1.3e-05, ⟨B·n⟩=1.0e-03, Len=sum([2.4, 2.5, 2.5, 2.4, 2.5])=12.3, ϰ=[12.0, 7.5, 6.9, 10.4, 9.4], ∫ϰ²/L>=[18.5, 15.2, 11.7, 19.0, 19.9], C-C-Sep=0.08, ║∇J║=5.4e-05
Iteration 1035/2000-----
currents: [100000.0, 99999.99999796327, 99999.99999769966, 99999.99999775234, 99999.99999820469]
J=2.3e-05, ⟨Jf⟩=1.3e-05, ⟨B·n⟩=1.0e-03, Len=sum([2.4, 2.5, 2.5, 2.4, 2.5])=12.3, ϰ=[12.0, 7.5, 6.9, 10.4, 9.4], ∫ϰ²/L>=[18.5, 15.2, 11.7, 19.0, 19.9], C-C-Sep=0.08, ║∇J║=4.6e-05
Iteration 1036/2000-----
currents: [100000.0, 99999.99999796193, 99999.99999769757, 99999.9999977494, 99999.99999820249]
J=2.3e-05, ⟨Jf⟩=1.3e-05, ⟨B·n⟩=1.0e-03, Len=sum([2.4, 2.5, 2.5, 2.4, 2.5])=12.3, ϰ=[12.0, 7.5, 6.9, 10.4, 9.4], ∫ϰ²/L>=[18.5, 15.2, 11.7, 19.0, 19.9], C-C-Sep=0.08, ║∇J║=6.1e-05
Iteration 1037/2000-----
currents: [100000.0, 99999.99999796107, 99999.99999769623, 99999.99999774754, 99999.99999820106]
J=2.3e-05, ⟨Jf⟩=1.3e-05, ⟨B·n⟩=1.0e-03, Len=sum([2.4, 2.5, 2.5, 2.4, 2.5])=12.3, ϰ=[12.0, 7.5, 6.9, 10.4, 9.4], ∫ϰ²/L>=[18.5, 15.2, 11.7, 19.0, 19.9], C-C-Sep=0.08, ║∇J║=7.5e-05
Iteration 1038/2000-----
currents: [100000.0, 99999.99999796021, 99999.99999769483, 99999.99999774554, 99999.9999981995]
J=2.3e-05, ⟨Jf⟩=1.3e-05, ⟨B·n⟩=1.0e-03, Len=sum([2.4, 2.5, 2.5, 2.4, 2.5])=12.3, ϰ=[12.0, 7.5, 6.9, 10.4, 9.4], ∫ϰ²/L>=[18.5, 15.2, 11.7, 19.0, 19.9], C-C-Sep=0.08, ║∇J║=4.6e-05
Iteration 1039/2000-----
currents: [100000.0, 99999.99999795896, 99999.99999769275, 99999.99999774258, 99999.99999819718]
J=2.3e-05, ⟨Jf⟩=1.3e-05, ⟨B·n⟩=1.0e-03, Len=sum([2.4, 2.5, 2.5, 2.4, 2.5])=12.3, ϰ=[12.0, 7.5, 6.9, 10.4, 9.4], ∫ϰ²/L>=[18.5, 15.2, 11.7, 19.0, 19.9], C-C-Sep=0.08, ║∇J║=4.6e-05
Iteration 1040/2000-----
currents: [100000.0, 99999.99999795856, 99999.99999769204, 99999.99999774159, 99999.99999819639]
J=2.3e-05, ⟨Jf⟩=1.3e-05, ⟨B·n⟩=1.0e-03, Len=sum([2.4, 2.5, 2.5, 2.4, 2.5])=12.3, ϰ=[12.0, 7.5, 6.9, 10.4, 9.4], ∫ϰ²/L>=[18.5, 15.2, 11.7, 19.0, 19.9], C-C-Sep=0.08, ║∇J║=7.2e-05
Iteration 1041/2000-----
currents: [100000.0, 99999.99999795778, 99999.99999769077, 99999.99999773981, 99999.999998195]
J=2.3e-05, ⟨Jf⟩=1.3e-05, ⟨B·n⟩=1.0e-03, Len=sum([2.4, 2.5, 2.5, 2.4, 2.5])=12.3, ϰ=[12.0, 7.5, 6.9, 10.4, 9.4], ∫ϰ²/L>=[18.5, 15.2, 11.7, 19.0, 19.9], C-C-Sep=0.08, ║∇J║=5.9e-05
Iteration 1042/2000-----
currents: [100000.0, 99999.99999795605, 99999.9999976879, 99999.99999773584, 99999.99999819191]
J=2.3e-05, ⟨Jf⟩=1.3e-05, ⟨B·n⟩=1.0e-03, Len=sum([2.4, 2.5, 2.5, 2.4, 2.5])=12.3, ϰ=[12.0, 7.5, 6.9, 10.4, 9.4], ∫ϰ²/L>=[18.5, 15.2, 11.7, 19.0, 19.9], C-C-Sep=0.08, ║∇J║=6.8e-05
Iteration 1043/2000-----
currents: [100000.0, 99999.9999979541, 99999.99999768472, 99999.9999977314, 99999.9999981885]
J=2.3e-05, ⟨Jf⟩=1.3e-05, ⟨B·n⟩=1.0e-03, Len=sum([2.4, 2.5, 2.5, 2.4, 2.5])=12.3, ϰ=[12.0, 7.5, 6.9, 10.4, 9.4], ∫ϰ²/L>=[18.5, 15.2, 11.7, 18.9, 19.9], C-C-Sep=0.08, ║∇J║=1.3e-04
Iteration 1044/2000-----
currents: [100000.0, 99999.99999795436, 99999.99999768512, 99999.99999773198, 99999.99999818893]
J=2.3e-05, ⟨Jf⟩=1.3e-05, ⟨B·n⟩=1.0e-03, Len=sum([2.4, 2.5, 2.5, 2.4, 2.5])=12.3, ϰ=[12.0, 7.5, 6.9, 10.4, 9.4], ∫ϰ²/L>=[18.5, 15.2, 11.7, 18.9, 19.9], C-C-Sep=0.08, ║∇J║=6.6e-05
Iteration 1045/2000-----
currents: [100000.0, 99999.9999979542, 99999.9999976848, 99999.99999773155, 99999.99999818856]
J=2.3e-05, ⟨Jf⟩=1.3e-05, ⟨B·n⟩=1.0e-03, Len=sum([2.4, 2.5, 2.5, 2.4, 2.5])=12.3, ϰ=[12.0, 7.5, 6.9, 10.4, 9.4], ∫ϰ²/L>=[18.5, 15.2, 11.7, 18.9, 19.9], C-C-Sep=0.08, ║∇J║=5.3e-05
Iteration 1046/2000-----
currents: [100000.0, 99999.99999795339, 99999.99999768342, 99999.99999772962, 99999.99999818702]
J=2.3e-05, ⟨Jf⟩=1.3e-05, ⟨B·n⟩=1.0e-03, Len=sum([2.4, 2.5, 2.5, 2.4, 2.5])=12.3, ϰ=[12.0, 7.4, 6.9, 10.4, 9.4], ∫ϰ²/L>=[18.5, 15.2, 11.7, 18.9, 19.9], C-C-Sep=0.08, ║∇J║=6.1e-05
Iteration 1047/2000-----
currents: [100000.0, 99999.99999795214, 99999.99999768131, 99999.99999772671, 99999.99999818469]
J=2.3e-05, ⟨Jf⟩=1.3e-05, ⟨B·n⟩=1.0e-03, Len=sum([2.4, 2.5, 2.5, 2.4, 2.5])=12.3, ϰ=[12.0, 7.4, 7.0, 10.4, 9.4], ∫ϰ²/L>=[18.5, 15.2, 11.7, 18.9, 19.9], C-C-Sep=0.08, ║∇J║=5.7e-05
Iteration 1048/2000-----
currents: [100000.0, 99999.99999794897, 99999.99999767612, 99999.99999771947, 99999.99999817906]
J=2.3e-05, ⟨Jf⟩=1.3e-05, ⟨B·n⟩=1.0e-03, Len=sum([2.4, 2.5, 2.5, 2.4, 2.5])=12.3, ϰ=[12.0, 7.4, 7.0, 10.4, 9.4], ∫ϰ²/L>=[18.5, 15.2, 11.7, 18.9, 19.9], C-C-Sep=0.08, ║∇J║=1.3e-04
Iteration 1049/2000-----
currents: [100000.0, 99999.99999795055, 99999.99999767872, 99999.9999977231, 99999.99999818188]
J=2.3e-05, ⟨Jf⟩=1.3e-05, ⟨B·n⟩=1.0e-03, Len=sum([2.4, 2.5, 2.5, 2.4, 2.5])=12.3, ϰ=[12.0, 7.4, 7.0, 10.4, 9.4], ∫ϰ²/L>=[18.5, 15.2, 11.7, 18.9, 19.9], C-C-Sep=0.08, ║∇J║=6.7e-05
Iteration 1050/2000-----
currents: [100000.0, 99999.99999794996, 99999.99999767775, 99999.9999977218, 99999.9999981808]
J=2.3e-05, ⟨Jf⟩=1.3e-05, ⟨B·n⟩=1.0e-03, Len=sum([2.4, 2.5, 2.5, 2.4, 2.5])=12.3, ϰ=[12.0, 7.4, 7.0, 10.4, 9.4], ∫ϰ²/L>=[18.5, 15.2, 11.7, 18.9, 19.9], C-C-Sep=0.08, ║∇J║=3.8e-05
Iteration 1051/2000-----
currents: [100000.0, 99999.99999794929, 99999.99999767666, 99999.9999977203, 99999.99999817963]
J=2.3e-05, ⟨Jf⟩=1.3e-05, ⟨B·n⟩=1.0e-03, Len=sum([2.4, 2.5, 2.5, 2.4, 2.5])=12.3, ϰ=[12.0, 7.4, 7.0, 10.4, 9.4], ∫ϰ²/L>=[18.5, 15.2, 11.7, 18.9, 19.8], C-C-Sep=0.08, ║∇J║=4.6e-05
Iteration 1052/2000-----
currents: [100000.0, 99999.99999794846, 99999.99999767532, 99999.9999977185, 99999.99999817826]
J=2.3e-05, ⟨Jf⟩=1.3e-05, ⟨B·n⟩=1.0e-03, Len=sum([2.4, 2.5, 2.5, 2.4, 2.5])=12.3, ϰ=[12.0, 7.4, 7.0, 10.4, 9.4], ∫ϰ²/L>=[18.4, 15.2, 11.7, 18.9, 19.8], C-C-Sep=0.08, ║∇J║=6.5e-05
Iteration 1053/2000-----
currents: [100000.0, 99999.99999794688, 99999.99999767277, 99999.99999771504, 99999.99999817561]
J=2.3e-05, ⟨Jf⟩=1.3e-05, ⟨B·n⟩=1.0e-03, Len=sum([2.4, 2.5, 2.5, 2.4, 2.5])=12.3, ϰ=[12.0, 7.4, 6.9, 10.4, 9.4], ∫ϰ²/L>=[18.4, 15.2, 11.7, 18.9, 19.8], C-C-Sep=0.08, ║∇J║=6.4e-05
Iteration 1054/2000-----
currents: [100000.0, 99999.99999794562, 99999.99999767066, 99999.99999771213, 99999.99999817339]
J=2.3e-05, ⟨Jf⟩=1.3e-05, ⟨B·n⟩=1.0e-03, Len=sum([2.4, 2.5, 2.5, 2.4, 2.5])=12.3, ϰ=[12.0, 7.4, 6.9, 10.4, 9.4], ∫ϰ²/L>=[18.4, 15.2, 11.7, 18.9, 19.8], C-C-Sep=0.08, ║∇J║=5.0e-05
Iteration 1055/2000-----
currents: [100000.0, 99999.99999794312, 99999.99999766651, 99999.99999770643, 99999.99999816905]
J=2.3e-05, ⟨Jf⟩=1.3e-05, ⟨B·n⟩=1.0e-03, Len=sum([2.4, 2.5, 2.5, 2.4, 2.5])=12.3, ϰ=[12.0, 7.4, 6.9, 10.4, 9.4], ∫ϰ²/L>=[18.4, 15.2, 11.7, 18.9, 19.8], C-C-Sep=0.08, ║∇J║=7.2e-05
Iteration 1056/2000-----
currents: [100000.0, 99999.99999794202, 99999.9999976646, 99999.99999770382, 99999.99999816698]
J=2.3e-05, ⟨Jf⟩=1.3e-05, ⟨B·n⟩=1.1e-03, Len=sum([2.4, 2.5, 2.5, 2.4, 2.5])=12.3, ϰ=[12.0, 7.4, 7.0, 10.4, 9.4], ∫ϰ²/L>=[18.4, 15.2, 11.7, 18.9, 19.8], C-C-Sep=0.08, ║∇J║=9.8e-05
Iteration 1057/2000-----
currents: [100000.0, 99999.99999793991, 99999.99999766109, 99999.99999769888, 99999.99999816308]
J=2.3e-05, ⟨Jf⟩=1.3e-05, ⟨B·n⟩=1.1e-03, Len=sum([2.4, 2.5, 2.5, 2.4, 2.5])=12.3, ϰ=[12.0, 7.4, 6.9, 10.4, 9.4], ∫ϰ²/L>=[18.4, 15.2, 11.7, 18.9, 19.8], C-C-Sep=0.08, ║∇J║=7.6e-05
Iteration 1058/2000-----
currents: [100000.0, 99999.99999793837, 99999.99999765847, 99999.99999769534, 99999.99999816033]
J=2.3e-05, ⟨Jf⟩=1.3e-05, ⟨B·n⟩=1.1e-03, Len=sum([2.4, 2.5, 2.5, 2.4, 2.5])=12.3, ϰ=[12.0, 7.4, 6.9, 10.4, 9.4], ∫ϰ²/L>=[18.4, 15.2, 11.7, 18.9, 19.8], C-C-Sep=0.08, ║∇J║=7.6e-05
Iteration 1059/2000-----
currents: [100000.0, 99999.99999793725, 99999.99999765662, 99999.99999769275, 99999.99999815824]
J=2.3e-05, ⟨Jf⟩=1.3e-05, ⟨B·n⟩=1.1e-03, Len=sum([2.4, 2.5, 2.5, 2.4, 2.5])=12.3, ϰ=[12.0, 7.4, 6.9, 10.4, 9.4], ∫ϰ²/L>=[18.4, 15.2, 11.7, 18.9, 19.8], C-C-Sep=0.08, ║∇J║=7.7e-05
Iteration 1060/2000-----
currents: [100000.0, 99999.9999979371, 99999.9999976564, 99999.99999769244, 99999.99999815796]
J=2.3e-05, ⟨Jf⟩=1.3e-05, ⟨B·n⟩=1.1e-03, Len=sum([2.4, 2.5, 2.5, 2.4, 2.5])=12.3, ϰ=[12.0, 7.4, 6.9, 10.4, 9.4], ∫ϰ²/L>=[18.4, 15.2, 11.7, 18.9, 19.8], C-C-Sep=0.08, ║∇J║=5.7e-05
Iteration 1061/2000-----
currents: [100000.0, 99999.99999793772, 99999.99999765742, 99999.99999769396, 99999.99999815924]
J=2.3e-05, ⟨Jf⟩=1.3e-05, ⟨B·n⟩=1.0e-03, Len=sum([2.4, 2.5, 2.5, 2.4, 2.5])=12.3, ϰ=[12.0, 7.4, 6.9, 10.4, 9.4], ∫ϰ²/L>=[18.4, 15.2, 11.7, 18.9, 19.8], C-C-Sep=0.08, ║∇J║=5.1e-05
Iteration 1062/2000-----
currents: [100000.0, 99999.99999793734, 99999.99999765678, 99999.99999769311, 99999.99999815857]
J=2.3e-05, ⟨Jf⟩=1.3e-05, ⟨B·n⟩=1.0e-03, Len=sum([2.4, 2.5, 2.5, 2.4, 2.5])=12.3, ϰ=[12.0, 7.4, 6.9, 10.4, 9.4], ∫ϰ²/L>=[18.4, 15.2, 11.7, 18.9, 19.8], C-C-Sep=0.08, ║∇J║=6.0e-05
Iteration 1063/2000-----
currents: [100000.0, 99999.99999793597, 99999.9999976545, 99999.99999769001, 99999.99999815621]
J=2.3e-05, ⟨Jf⟩=1.3e-05, ⟨B·n⟩=1.1e-03, Len=sum([2.4, 2.5, 2.5, 2.4, 2.5])=12.3, ϰ=[11.9, 7.4, 6.9, 10.4, 9.4], ∫ϰ²/L>=[18.4, 15.2, 11.7, 18.9, 19.8], C-C-Sep=0.08, ║∇J║=7.0e-05
Iteration 1064/2000-----
currents: [100000.0, 99999.99999793475, 99999.99999765244, 99999.9999976872, 99999.99999815405]
J=2.3e-05, ⟨Jf⟩=1.3e-05, ⟨B·n⟩=1.1e-03, Len=sum([2.4, 2.5, 2.5, 2.4, 2.5])=12.3, ϰ=[11.9, 7.4, 6.9, 10.4, 9.4], ∫ϰ²/L>=[18.4, 15.2, 11.7, 18.9, 19.8], C-C-Sep=0.08, ║∇J║=7.4e-05
Iteration 1065/2000-----
currents: [100000.0, 99999.99999793335, 99999.99999765019, 99999.99999768402, 99999.9999981515]
J=2.3e-05, ⟨Jf⟩=1.3e-05, ⟨B·n⟩=1.1e-03, Len=sum([2.4, 2.5, 2.5, 2.4, 2.5])=12.3, ϰ=[11.9, 7.4, 7.0, 10.4, 9.4], ∫ϰ²/L>=[18.4, 15.2, 11.7, 18.9, 19.8], C-C-Sep=0.08, ║∇J║=6.6e-05
Iteration 1066/2000-----
currents: [100000.0, 99999.99999793229, 99999.9999976485, 99999.99999768168, 99999.99999814962]
J=2.3e-05, ⟨Jf⟩=1.3e-05, ⟨B·n⟩=1.1e-03, Len=sum([2.4, 2.5, 2.5, 2.4, 2.5])=12.3, ϰ=[12.0, 7.3, 7.0, 10.4, 9.4], ∫ϰ²/L>=[18.4, 15.2, 11.7, 18.9, 19.8], C-C-Sep=0.08, ║∇J║=9.2e-05
Iteration 1067/2000-----
currents: [100000.0, 99999.99999792941, 99999.99999764393, 99999.99999767527, 99999.99999814467]
J=2.3e-05, ⟨Jf⟩=1.3e-05, ⟨B·n⟩=1.1e-03, Len=sum([2.4, 2.5, 2.5, 2.4, 2.5])=12.3, ϰ=[12.0, 7.3, 7.0, 10.4, 9.4], ∫ϰ²/L>=[18.4, 15.2, 11.7, 18.9, 19.8], C-C-Sep=0.08, ║∇J║=8.6e-05
Iteration 1068/2000-----
currents: [100000.0, 99999.99999792987, 99999.99999764467, 99999.99999767632, 99999.99999814537]
J=2.3e-05, ⟨Jf⟩=1.3e-05, ⟨B·n⟩=1.1e-03, Len=sum([2.4, 2.5, 2.5, 2.4, 2.5])=12.3, ϰ=[12.0, 7.3, 6.9, 10.4, 9.4], ∫ϰ²/L>=[18.4, 15.2, 11.7, 18.9, 19.8], C-C-Sep=0.08, ║∇J║=7.3e-05
Iteration 1069/2000-----
currents: [100000.0, 99999.99999792724, 99999.99999764047, 99999.9999976705, 99999.99999814086]
J=2.3e-05, ⟨Jf⟩=1.3e-05, ⟨B·n⟩=1.1e-03, Len=sum([2.4, 2.5, 2.5, 2.4, 2.5])=12.3, ϰ=[12.0, 7.3, 6.9, 10.4, 9.4], ∫ϰ²/L>=[18.4, 15.2, 11.7, 18.9, 19.8], C-C-Sep=0.08, ║∇J║=7.9e-05
Iteration 1070/2000-----
currents: [100000.0, 99999.99999792702, 99999.9999976401, 99999.9999976701, 99999.99999814072]
J=2.3e-05, ⟨Jf⟩=1.3e-05, ⟨B·n⟩=1.1e-03, Len=sum([2.4, 2.5, 2.5, 2.4, 2.5])=12.3, ϰ=[11.9, 7.3, 6.9, 10.4, 9.4], ∫ϰ²/L>=[18.4, 15.2, 11.7, 18.9, 19.8], C-C-Sep=0.08, ║∇J║=6.3e-05
Iteration 1071/2000-----
currents: [100000.0, 99999.99999792663, 99999.99999763936, 99999.99999766907, 99999.99999813989]
J=2.3e-05, ⟨Jf⟩=1.3e-05, ⟨B·n⟩=1.1e-03, Len=sum([2.4, 2.5, 2.5, 2.4, 2.5])=12.3, ϰ=[11.9, 7.3, 7.0, 10.4, 9.4], ∫ϰ²/L>=[18.4, 15.2, 11.7, 18.9, 19.8], C-C-Sep=0.08, ║∇J║=5.1e-05
Iteration 1072/2000-----
currents: [100000.0, 99999.99999792472, 99999.99999763627, 99999.99999766483, 99999.99999813664]
J=2.3e-05, ⟨Jf⟩=1.3e-05, ⟨B·n⟩=1.1e-03, Len=sum([2.4, 2.5, 2.5, 2.4, 2.5])=12.3, ϰ=[11.9, 7.3, 7.0, 10.4, 9.4], ∫ϰ²/L>=[18.4, 15.2, 11.7, 18.9, 19.8], C-C-Sep=0.08, ║∇J║=6.5e-05
Iteration 1073/2000-----
currents: [100000.0, 99999.99999792298, 99999.99999763348, 99999.99999766091, 99999.9999981336]
J=2.3e-05, ⟨Jf⟩=1.3e-05, ⟨B·n⟩=1.1e-03, Len=sum([2.4, 2.5, 2.5, 2.4, 2.5])=12.3, ϰ=[12.0, 7.3, 7.0, 10.4, 9.4], ∫ϰ²/L>=[18.4, 15.2, 11.7, 18.9, 19.8], C-C-Sep=0.08, ║∇J║=8.3e-05
Iteration 1074/2000-----
currents: [100000.0, 99999.99999792292, 99999.99999763341, 99999.99999766078, 99999.99999813344]
J=2.3e-05, ⟨Jf⟩=1.3e-05, ⟨B·n⟩=1.1e-03, Len=sum([2.4, 2.5, 2.5, 2.4, 2.5])=12.3, ϰ=[12.0, 7.3, 7.0, 10.4, 9.4], ∫ϰ²/L>=[18.4, 15.2, 11.7, 18.9, 19.8], C-C-Sep=0.08, ║∇J║=6.3e-05
Iteration 1075/2000-----
currents: [100000.0, 99999.99999792135, 99999.99999763106, 99999.9999976575, 99999.99999813091]
J=2.3e-05, ⟨Jf⟩=1.3e-05, ⟨B·n⟩=1.1e-03, Len=sum([2.4, 2.5, 2.5, 2.4, 2.5])=12.3, ϰ=[12.0, 7.3, 7.0, 10.4, 9.4], ∫ϰ²/L>=[18.4, 15.2, 11.7, 18.9, 19.8], C-C-Sep=0.08, ║∇J║=6.5e-05
Iteration 1076/2000-----
currents: [100000.0, 99999.99999792074, 99999.9999976302, 99999.99999765628, 99999.99999812989]
J=2.3e-05, ⟨Jf⟩=1.3e-05, ⟨B·n⟩=1.1e-03, Len=sum([2.4, 2.5, 2.5, 2.4, 2.5])=12.3, ϰ=[12.0, 7.3, 7.0, 10.4, 9.4], ∫ϰ²/L>=[18.4, 15.2, 11.7, 18.9, 19.8], C-C-Sep=0.08, ║∇J║=8.5e-05
Iteration 1077/2000-----
currents: [100000.0, 99999.99999791873, 99999.99999762721, 99999.99999765214, 99999.99999812669]
J=2.3e-05, ⟨Jf⟩=1.3e-05, ⟨B·n⟩=1.1e-03, Len=sum([2.4, 2.5, 2.5, 2.4, 2.5])=12.3, ϰ=[12.0, 7.3, 7.0, 10.4, 9.4], ∫ϰ²/L>=[18.4, 15.2, 11.7, 18.9, 19.8], C-C-Sep=0.08, ║∇J║=9.1e-05
Iteration 1078/2000-----
currents: [100000.0, 99999.99999791641, 99999.99999762366, 99999.99999764726, 99999.99999812296]
J=2.3e-05, ⟨Jf⟩=1.3e-05, ⟨B·n⟩=1.1e-03, Len=sum([2.4, 2.5, 2.5, 2.4, 2.5])=12.3, ϰ=[12.0, 7.3, 7.0, 10.4, 9.5], ∫ϰ²/L>=[18.4, 15.2, 11.7, 18.9, 19.8], C-C-Sep=0.08, ║∇J║=7.8e-05
Iteration 1079/2000-----
currents: [100000.0, 99999.99999791654, 99999.99999762385, 99999.99999764755, 99999.99999812317]
J=2.3e-05, ⟨Jf⟩=1.3e-05, ⟨B·n⟩=1.1e-03, Len=sum([2.4, 2.5, 2.5, 2.4, 2.5])=12.3, ϰ=[12.0, 7.3, 7.0, 10.4, 9.5], ∫ϰ²/L>=[18.4, 15.2, 11.7, 18.9, 19.8], C-C-Sep=0.08, ║∇J║=5.4e-05
Iteration 1080/2000-----
currents: [100000.0, 99999.99999791598, 99999.99999762292, 99999.9999976463, 99999.99999812222]
J=2.3e-05, ⟨Jf⟩=1.3e-05, ⟨B·n⟩=1.1e-03, Len=sum([2.4, 2.5, 2.5, 2.4, 2.5])=12.3, ϰ=[12.0, 7.3, 7.0, 10.4, 9.5], ∫ϰ²/L>=[18.4, 15.2, 11.7, 18.9, 19.8], C-C-Sep=0.08, ║∇J║=5.6e-05
Iteration 1081/2000-----
currents: [100000.0, 99999.99999791538, 99999.999997622, 99999.9999976451, 99999.99999812135]
J=2.3e-05, ⟨Jf⟩=1.3e-05, ⟨B·n⟩=1.1e-03, Len=sum([2.4, 2.5, 2.5, 2.4, 2.5])=12.3, ϰ=[12.0, 7.3, 7.0, 10.4, 9.4], ∫ϰ²/L>=[18.4, 15.2, 11.7, 18.9, 19.8], C-C-Sep=0.08, ║∇J║=8.1e-05
Iteration 1082/2000-----
currents: [100000.0, 99999.99999791368, 99999.99999761936, 99999.99999764148, 99999.99999811861]
J=2.3e-05, ⟨Jf⟩=1.3e-05, ⟨B·n⟩=1.1e-03, Len=sum([2.4, 2.5, 2.5, 2.4, 2.5])=12.3, ϰ=[11.9, 7.3, 7.0, 10.4, 9.4], ∫ϰ²/L>=[18.4, 15.2, 11.7, 18.9, 19.8], C-C-Sep=0.08, ║∇J║=7.1e-05
Iteration 1083/2000-----
currents: [100000.0, 99999.99999791327, 99999.99999761874, 99999.99999764065, 99999.99999811803]
J=2.3e-05, ⟨Jf⟩=1.3e-05, ⟨B·n⟩=1.1e-03, Len=sum([2.4, 2.5, 2.5, 2.4, 2.5])=12.3, ϰ=[12.0, 7.3, 7.0, 10.4, 9.4], ∫ϰ²/L>=[18.4, 15.2, 11.7, 18.9, 19.8], C-C-Sep=0.08, ║∇J║=4.5e-05
Iteration 1084/2000-----
currents: [100000.0, 99999.99999791269, 99999.99999761788, 99999.99999763952, 99999.99999811719]
J=2.3e-05, ⟨Jf⟩=1.3e-05, ⟨B·n⟩=1.1e-03, Len=sum([2.4, 2.5, 2.5, 2.4, 2.5])=12.3, ϰ=[12.0, 7.3, 7.0, 10.4, 9.4], ∫ϰ²/L>=[18.4, 15.2, 11.7, 18.9, 19.8], C-C-Sep=0.08, ║∇J║=4.9e-05
Iteration 1085/2000-----
currents: [100000.0, 99999.99999791216, 99999.99999761711, 99999.99999763849, 99999.99999811644]
J=2.3e-05, ⟨Jf⟩=1.3e-05, ⟨B·n⟩=1.1e-03, Len=sum([2.4, 2.5, 2.5, 2.4, 2.5])=12.3, ϰ=[12.0, 7.3, 7.0, 10.4, 9.4], ∫ϰ²/L>=[18.4, 15.2, 11.7, 18.9, 19.8], C-C-Sep=0.08, ║∇J║=6.0e-05
Iteration 1086/2000-----
currents: [100000.0, 99999.99999791099, 99999.99999761532, 99999.99999763606, 99999.99999811464]
J=2.3e-05, ⟨Jf⟩=1.3e-05, ⟨B·n⟩=1.1e-03, Len=sum([2.4, 2.5, 2.5, 2.4, 2.5])=12.3, ϰ=[12.0, 7.3, 7.0, 10.4, 9.4], ∫ϰ²/L>=[18.4, 15.2, 11.7, 18.9, 19.8], C-C-Sep=0.08, ║∇J║=6.8e-05
Iteration 1087/2000-----
currents: [100000.0, 99999.99999790844, 99999.99999761142, 99999.9999976307, 99999.9999981106]
J=2.3e-05, ⟨Jf⟩=1.3e-05, ⟨B·n⟩=1.1e-03, Len=sum([2.4, 2.5, 2.5, 2.4, 2.5])=12.3, ϰ=[12.0, 7.3, 7.0, 10.4, 9.4], ∫ϰ²/L>=[18.4, 15.2, 11.7, 18.9, 19.8], C-C-Sep=0.08, ║∇J║=1.3e-04
Iteration 1088/2000-----
currents: [100000.0, 99999.99999790794, 99999.99999761069, 99999.99999762965, 99999.99999810978]
J=2.3e-05, ⟨Jf⟩=1.3e-05, ⟨B·n⟩=1.1e-03, Len=sum([2.4, 2.5, 2.5, 2.4, 2.5])=12.3, ϰ=[12.0, 7.3, 7.0, 10.4, 9.4], ∫ϰ²/L>=[18.4, 15.2, 11.7, 18.9, 19.8], C-C-Sep=0.08, ║∇J║=6.0e-05
Iteration 1089/2000-----
currents: [100000.0, 99999.99999790693, 99999.99999760906, 99999.99999762734, 99999.99999810795]
J=2.3e-05, ⟨Jf⟩=1.3e-05, ⟨B·n⟩=1.1e-03, Len=sum([2.4, 2.5, 2.5, 2.4, 2.5])=12.3, ϰ=[12.0, 7.3, 7.0, 10.4, 9.4], ∫ϰ²/L>=[18.4, 15.2, 11.7, 18.9, 19.8], C-C-Sep=0.08, ║∇J║=5.3e-05
Iteration 1090/2000-----
currents: [100000.0, 99999.9999979058, 99999.99999760736, 99999.99999762492, 99999.9999981061]
J=2.3e-05, ⟨Jf⟩=1.3e-05, ⟨B·n⟩=1.1e-03, Len=sum([2.4, 2.5, 2.5, 2.4, 2.5])=12.3, ϰ=[12.0, 7.3, 7.0, 10.4, 9.4], ∫ϰ²/L>=[18.3, 15.2, 11.7, 18.9, 19.8], C-C-Sep=0.08, ║∇J║=6.5e-05
Iteration 1091/2000-----
currents: [100000.0, 99999.99999790255, 99999.9999976022, 99999.99999761769, 99999.99999810048]
J=2.3e-05, ⟨Jf⟩=1.3e-05, ⟨B·n⟩=1.1e-03, Len=sum([2.4, 2.5, 2.5, 2.4, 2.5])=12.3, ϰ=[11.9, 7.3, 7.0, 10.4, 9.5], ∫ϰ²/L>=[18.3, 15.2, 11.7, 18.9, 19.8], C-C-Sep=0.08, ║∇J║=8.8e-05
Iteration 1092/2000-----
currents: [100000.0, 99999.999997901, 99999.99999759988, 99999.99999761446, 99999.99999809806]
J=2.3e-05, ⟨Jf⟩=1.3e-05, ⟨B·n⟩=1.1e-03, Len=sum([2.4, 2.5, 2.5, 2.4, 2.5])=12.3, ϰ=[12.0, 7.3, 7.0, 10.4, 9.5], ∫ϰ²/L>=[18.3, 15.2, 11.7, 18.9, 19.8], C-C-Sep=0.08, ║∇J║=7.4e-05
Iteration 1093/2000-----
currents: [100000.0, 99999.99999790147, 99999.99999760067, 99999.99999761558, 99999.99999809897]
J=2.3e-05, ⟨Jf⟩=1.3e-05, ⟨B·n⟩=1.1e-03, Len=sum([2.4, 2.5, 2.5, 2.4, 2.5])=12.3, ϰ=[12.0, 7.3, 7.0, 10.4, 9.5], ∫ϰ²/L>=[18.4, 15.2, 11.7, 18.9, 19.8], C-C-Sep=0.08, ║∇J║=4.1e-05
Iteration 1094/2000-----
currents: [100000.0, 99999.9999979, 99999.99999759831, 99999.99999761232, 99999.99999809645]
J=2.3e-05, ⟨Jf⟩=1.3e-05, ⟨B·n⟩=1.1e-03, Len=sum([2.4, 2.5, 2.5, 2.4, 2.5])=12.3, ϰ=[12.0, 7.3, 7.0, 10.4, 9.5], ∫ϰ²/L>=[18.3, 15.2, 11.7, 18.9, 19.8], C-C-Sep=0.08, ║∇J║=4.5e-05
Iteration 1095/2000-----
currents: [100000.0, 99999.99999790033, 99999.9999975989, 99999.99999761312, 99999.99999809708]
J=2.3e-05, ⟨Jf⟩=1.3e-05, ⟨B·n⟩=1.1e-03, Len=sum([2.4, 2.5, 2.5, 2.4, 2.5])=12.3, ϰ=[12.0, 7.3, 7.0, 10.4, 9.5], ∫ϰ²/L>=[18.4, 15.2, 11.7, 18.9, 19.8], C-C-Sep=0.08, ║∇J║=5.8e-05
Iteration 1096/2000-----
currents: [100000.0, 99999.99999789913, 99999.99999759706, 99999.99999761049, 99999.99999809508]
J=2.3e-05, ⟨Jf⟩=1.3e-05, ⟨B·n⟩=1.1e-03, Len=sum([2.4, 2.5, 2.5, 2.4, 2.5])=12.3, ϰ=[12.0, 7.3, 7.0, 10.4, 9.5], ∫ϰ²/L>=[18.3, 15.2, 11.7, 18.9, 19.8], C-C-Sep=0.08, ║∇J║=5.1e-05
Iteration 1097/2000-----
currents: [100000.0, 99999.99999789566, 99999.99999759166, 99999.9999976028, 99999.99999808919]
J=2.3e-05, ⟨Jf⟩=1.3e-05, ⟨B·n⟩=1.1e-03, Len=sum([2.4, 2.5, 2.5, 2.4, 2.5])=12.3, ϰ=[12.0, 7.3, 7.0, 10.4, 9.4], ∫ϰ²/L>=[18.3, 15.2, 11.7, 18.9, 19.8], C-C-Sep=0.08, ║∇J║=1.0e-04
Iteration 1098/2000-----
currents: [100000.0, 99999.9999978962, 99999.99999759256, 99999.99999760401, 99999.9999980901]
J=2.3e-05, ⟨Jf⟩=1.3e-05, ⟨B·n⟩=1.1e-03, Len=sum([2.4, 2.5, 2.5, 2.4, 2.5])=12.3, ϰ=[12.0, 7.3, 7.0, 10.4, 9.4], ∫ϰ²/L>=[18.3, 15.2, 11.7, 18.9, 19.8], C-C-Sep=0.08, ║∇J║=7.0e-05
Iteration 1099/2000-----
currents: [100000.0, 99999.99999789595, 99999.99999759215, 99999.99999760346, 99999.9999980897]
J=2.3e-05, ⟨Jf⟩=1.3e-05, ⟨B·n⟩=1.1e-03, Len=sum([2.4, 2.5, 2.5, 2.4, 2.5])=12.3, ϰ=[12.0, 7.3, 7.0, 10.4, 9.4], ∫ϰ²/L>=[18.3, 15.2, 11.7, 18.9, 19.8], C-C-Sep=0.08, ║∇J║=5.8e-05
Iteration 1100/2000-----
currents: [100000.0, 99999.99999789459, 99999.99999759006, 99999.99999760056, 99999.99999808753]
J=2.3e-05, ⟨Jf⟩=1.3e-05, ⟨B·n⟩=1.1e-03, Len=sum([2.4, 2.5, 2.5, 2.4, 2.5])=12.3, ϰ=[11.9, 7.3, 7.0, 10.4, 9.4], ∫ϰ²/L>=[18.3, 15.2, 11.7, 18.9, 19.8], C-C-Sep=0.08, ║∇J║=6.5e-05
Iteration 1101/2000-----
currents: [100000.0, 99999.99999789118, 99999.99999758475, 99999.99999759307, 99999.99999808168]
J=2.3e-05, ⟨Jf⟩=1.3e-05, ⟨B·n⟩=1.1e-03, Len=sum([2.4, 2.5, 2.4, 2.4, 2.5])=12.3, ϰ=[11.9, 7.2, 7.0, 10.4, 9.4], ∫ϰ²/L>=[18.3, 15.2, 11.7, 18.9, 19.8], C-C-Sep=0.08, ║∇J║=1.4e-04
Iteration 1102/2000-----
currents: [100000.0, 99999.99999789135, 99999.9999975851, 99999.99999759356, 99999.99999808213]
J=2.3e-05, ⟨Jf⟩=1.3e-05, ⟨B·n⟩=1.1e-03, Len=sum([2.4, 2.5, 2.4, 2.4, 2.5])=12.3, ϰ=[11.9, 7.2, 7.0, 10.4, 9.5], ∫ϰ²/L>=[18.3, 15.2, 11.7, 18.9, 19.8], C-C-Sep=0.08, ║∇J║=6.4e-05
Iteration 1103/2000-----
currents: [100000.0, 99999.9999978903, 99999.99999758352, 99999.99999759135, 99999.99999808044]
J=2.3e-05, ⟨Jf⟩=1.3e-05, ⟨B·n⟩=1.1e-03, Len=sum([2.4, 2.5, 2.4, 2.4, 2.5])=12.3, ϰ=[11.9, 7.2, 7.0, 10.4, 9.5], ∫ϰ²/L>=[18.3, 15.2, 11.7, 18.9, 19.8], C-C-Sep=0.08, ║∇J║=4.6e-05
Iteration 1104/2000-----
currents: [100000.0, 99999.99999788878, 99999.99999758121, 99999.99999758806, 99999.9999980779]
J=2.3e-05, ⟨Jf⟩=1.3e-05, ⟨B·n⟩=1.1e-03, Len=sum([2.4, 2.5, 2.4, 2.4, 2.5])=12.3, ϰ=[11.9, 7.2, 7.0, 10.4, 9.5], ∫ϰ²/L>=[18.3, 15.2, 11.7, 18.9, 19.8], C-C-Sep=0.08, ║∇J║=6.0e-05
Iteration 1105/2000-----
currents: [100000.0, 99999.99999788709, 99999.99999757865, 99999.99999758445, 99999.99999807516]
J=2.3e-05, ⟨Jf⟩=1.3e-05, ⟨B·n⟩=1.1e-03, Len=sum([2.4, 2.5, 2.4, 2.4, 2.5])=12.3, ϰ=[11.9, 7.2, 7.0, 10.4, 9.5], ∫ϰ²/L>=[18.3, 15.2, 11.7, 18.9, 19.8], C-C-Sep=0.08, ║∇J║=1.0e-04
Iteration 1106/2000-----
currents: [100000.0, 99999.9999978856, 99999.99999757635, 99999.99999758117, 99999.99999807258]
J=2.3e-05, ⟨Jf⟩=1.3e-05, ⟨B·n⟩=1.1e-03, Len=sum([2.4, 2.5, 2.4, 2.4, 2.5])=12.3, ϰ=[11.9, 7.2, 7.0, 10.4, 9.5], ∫ϰ²/L>=[18.3, 15.2, 11.7, 18.9, 19.8], C-C-Sep=0.08, ║∇J║=5.1e-05
Iteration 1107/2000-----
currents: [100000.0, 99999.99999788617, 99999.99999757727, 99999.9999975824, 99999.99999807357]
J=2.3e-05, ⟨Jf⟩=1.3e-05, ⟨B·n⟩=1.1e-03, Len=sum([2.4, 2.5, 2.4, 2.4, 2.5])=12.3, ϰ=[11.9, 7.2, 7.0, 10.4, 9.5], ∫ϰ²/L>=[18.3, 15.2, 11.7, 18.9, 19.8], C-C-Sep=0.08, ║∇J║=4.2e-05
Iteration 1108/2000-----
currents: [100000.0, 99999.99999788578, 99999.9999975767, 99999.99999758159, 99999.999998073]
J=2.3e-05, ⟨Jf⟩=1.3e-05, ⟨B·n⟩=1.1e-03, Len=sum([2.4, 2.5, 2.4, 2.4, 2.5])=12.3, ϰ=[11.9, 7.2, 7.0, 10.4, 9.4], ∫ϰ²/L>=[18.3, 15.2, 11.7, 18.9, 19.8], C-C-Sep=0.08, ║∇J║=5.7e-05
Iteration 1109/2000-----
currents: [100000.0, 99999.99999788647, 99999.99999757788, 99999.9999975832, 99999.99999807436]
J=2.3e-05, ⟨Jf⟩=1.3e-05, ⟨B·n⟩=1.1e-03, Len=sum([2.4, 2.5, 2.4, 2.4, 2.5])=12.3, ϰ=[11.9, 7.2, 7.0, 10.4, 9.4], ∫ϰ²/L>=[18.3, 15.2, 11.7, 18.9, 19.8], C-C-Sep=0.08, ║∇J║=8.5e-05
Iteration 1110/2000-----
currents: [100000.0, 99999.99999788613, 99999.99999757747, 99999.99999758262, 99999.99999807402]
J=2.3e-05, ⟨Jf⟩=1.3e-05, ⟨B·n⟩=1.1e-03, Len=sum([2.4, 2.5, 2.4, 2.4, 2.5])=12.3, ϰ=[11.9, 7.2, 7.0, 10.4, 9.4], ∫ϰ²/L>=[18.3, 15.2, 11.7, 18.9, 19.8], C-C-Sep=0.08, ║∇J║=6.2e-05
Iteration 1111/2000-----
currents: [100000.0, 99999.99999788402, 99999.9999975743, 99999.99999757818, 99999.9999980707]
J=2.3e-05, ⟨Jf⟩=1.3e-05, ⟨B·n⟩=1.1e-03, Len=sum([2.4, 2.5, 2.4, 2.4, 2.5])=12.3, ϰ=[11.9, 7.2, 7.0, 10.4, 9.4], ∫ϰ²/L>=[18.3, 15.2, 11.7, 18.9, 19.8], C-C-Sep=0.08, ║∇J║=7.0e-05
Iteration 1112/2000-----
currents: [100000.0, 99999.99999788213, 99999.99999757143, 99999.99999757424, 99999.99999806777]
J=2.3e-05, ⟨Jf⟩=1.3e-05, ⟨B·n⟩=1.1e-03, Len=sum([2.4, 2.5, 2.4, 2.4, 2.5])=12.3, ϰ=[11.9, 7.2, 7.0, 10.4, 9.4], ∫ϰ²/L>=[18.3, 15.2, 11.7, 18.9, 19.8], C-C-Sep=0.08, ║∇J║=8.7e-05
Iteration 1113/2000-----
currents: [100000.0, 99999.99999788139, 99999.99999757028, 99999.99999757265, 99999.99999806657]
J=2.3e-05, ⟨Jf⟩=1.3e-05, ⟨B·n⟩=1.1e-03, Len=sum([2.4, 2.5, 2.4, 2.4, 2.5])=12.3, ϰ=[11.9, 7.2, 7.1, 10.4, 9.4], ∫ϰ²/L>=[18.3, 15.2, 11.7, 18.9, 19.8], C-C-Sep=0.08, ║∇J║=6.6e-05
Iteration 1114/2000-----
currents: [100000.0, 99999.99999787881, 99999.99999756628, 99999.99999756714, 99999.9999980624]
J=2.3e-05, ⟨Jf⟩=1.3e-05, ⟨B·n⟩=1.1e-03, Len=sum([2.4, 2.5, 2.4, 2.4, 2.5])=12.3, ϰ=[11.9, 7.1, 7.1, 10.4, 9.4], ∫ϰ²/L>=[18.3, 15.2, 11.7, 18.9, 19.8], C-C-Sep=0.08, ║∇J║=5.6e-05
Iteration 1115/2000-----
currents: [100000.0, 99999.9999978778, 99999.99999756478, 99999.9999975651, 99999.9999980609]
J=2.3e-05, ⟨Jf⟩=1.3e-05, ⟨B·n⟩=1.1e-03, Len=sum([2.4, 2.5, 2.4, 2.4, 2.5])=12.3, ϰ=[11.9, 7.1, 7.1, 10.4, 9.4], ∫ϰ²/L>=[18.3, 15.2, 11.7, 18.9, 19.8], C-C-Sep=0.08, ║∇J║=9.6e-05
Iteration 1116/2000-----
currents: [100000.0, 99999.99999787747, 99999.99999756427, 99999.99999756439, 99999.99999806038]
J=2.3e-05, ⟨Jf⟩=1.3e-05, ⟨B·n⟩=1.1e-03, Len=sum([2.4, 2.5, 2.4, 2.4, 2.5])=12.3, ϰ=[11.9, 7.1, 7.1, 10.4, 9.4], ∫ϰ²/L>=[18.3, 15.2, 11.7, 18.9, 19.8], C-C-Sep=0.08, ║∇J║=5.2e-05
Iteration 1117/2000-----
currents: [100000.0, 99999.99999787603, 99999.99999756209, 99999.99999756133, 99999.99999805805]
J=2.3e-05, ⟨Jf⟩=1.3e-05, ⟨B·n⟩=1.1e-03, Len=sum([2.4, 2.5, 2.4, 2.4, 2.5])=12.3, ϰ=[11.9, 7.1, 7.1, 10.5, 9.4], ∫ϰ²/L>=[18.3, 15.2, 11.7, 18.9, 19.8], C-C-Sep=0.08, ║∇J║=4.2e-05
Iteration 1118/2000-----
currents: [100000.0, 99999.99999787551, 99999.99999756133, 99999.99999756027, 99999.99999805723]
J=2.3e-05, ⟨Jf⟩=1.3e-05, ⟨B·n⟩=1.1e-03, Len=sum([2.4, 2.5, 2.4, 2.4, 2.5])=12.3, ϰ=[11.9, 7.2, 7.1, 10.5, 9.4], ∫ϰ²/L>=[18.3, 15.2, 11.7, 18.9, 19.8], C-C-Sep=0.08, ║∇J║=5.1e-05
Iteration 1119/2000-----
currents: [100000.0, 99999.99999787347, 99999.99999755822, 99999.99999755586, 99999.9999980538]
J=2.3e-05, ⟨Jf⟩=1.3e-05, ⟨B·n⟩=1.1e-03, Len=sum([2.4, 2.5, 2.4, 2.4, 2.5])=12.3, ϰ=[11.9, 7.2, 7.1, 10.5, 9.4], ∫ϰ²/L>=[18.3, 15.3, 11.7, 18.9, 19.8], C-C-Sep=0.08, ║∇J║=7.0e-05
Iteration 1120/2000-----
currents: [100000.0, 99999.99999787107, 99999.9999975545, 99999.99999755067, 99999.99999804981]
J=2.3e-05, ⟨Jf⟩=1.3e-05, ⟨B·n⟩=1.1e-03, Len=sum([2.4, 2.5, 2.4, 2.4, 2.5])=12.3, ϰ=[11.9, 7.1, 7.1, 10.5, 9.4], ∫ϰ²/L>=[18.3, 15.3, 11.7, 18.9, 19.8], C-C-Sep=0.08, ║∇J║=5.3e-05
Iteration 1121/2000-----
currents: [100000.0, 99999.99999787005, 99999.99999755292, 99999.99999754841, 99999.9999980481]
J=2.3e-05, ⟨Jf⟩=1.3e-05, ⟨B·n⟩=1.1e-03, Len=sum([2.4, 2.5, 2.4, 2.4, 2.5])=12.3, ϰ=[11.9, 7.1, 7.1, 10.5, 9.4], ∫ϰ²/L>=[18.3, 15.3, 11.7, 18.9, 19.8], C-C-Sep=0.08, ║∇J║=4.8e-05
Iteration 1122/2000-----
currents: [100000.0, 99999.99999786774, 99999.99999754933, 99999.99999754333, 99999.99999804425]
J=2.3e-05, ⟨Jf⟩=1.3e-05, ⟨B·n⟩=1.1e-03, Len=sum([2.4, 2.5, 2.4, 2.4, 2.5])=12.3, ϰ=[11.9, 7.1, 7.1, 10.5, 9.4], ∫ϰ²/L>=[18.3, 15.3, 11.7, 18.9, 19.8], C-C-Sep=0.08, ║∇J║=7.2e-05
Iteration 1123/2000-----
currents: [100000.0, 99999.99999786468, 99999.99999754455, 99999.9999975366, 99999.99999803917]
J=2.3e-05, ⟨Jf⟩=1.3e-05, ⟨B·n⟩=1.1e-03, Len=sum([2.4, 2.5, 2.4, 2.4, 2.5])=12.3, ϰ=[11.9, 7.1, 7.1, 10.5, 9.4], ∫ϰ²/L>=[18.3, 15.3, 11.7, 18.9, 19.8], C-C-Sep=0.08, ║∇J║=7.6e-05
Iteration 1124/2000-----
currents: [100000.0, 99999.9999978645, 99999.99999754432, 99999.99999753624, 99999.999998039]
J=2.3e-05, ⟨Jf⟩=1.3e-05, ⟨B·n⟩=1.1e-03, Len=sum([2.4, 2.5, 2.4, 2.4, 2.5])=12.3, ϰ=[11.9, 7.1, 7.1, 10.5, 9.4], ∫ϰ²/L>=[18.3, 15.3, 11.7, 18.9, 19.8], C-C-Sep=0.08, ║∇J║=5.4e-05
Iteration 1125/2000-----
currents: [100000.0, 99999.99999786307, 99999.99999754217, 99999.9999975332, 99999.99999803682]
J=2.3e-05, ⟨Jf⟩=1.3e-05, ⟨B·n⟩=1.1e-03, Len=sum([2.4, 2.5, 2.4, 2.4, 2.5])=12.3, ϰ=[11.9, 7.1, 7.1, 10.5, 9.4], ∫ϰ²/L>=[18.3, 15.3, 11.7, 18.9, 19.8], C-C-Sep=0.08, ║∇J║=5.7e-05
Iteration 1126/2000-----
currents: [100000.0, 99999.99999786206, 99999.99999754068, 99999.99999753111, 99999.99999803536]
J=2.3e-05, ⟨Jf⟩=1.3e-05, ⟨B·n⟩=1.1e-03, Len=sum([2.4, 2.5, 2.4, 2.4, 2.5])=12.3, ϰ=[11.9, 7.1, 7.1, 10.5, 9.4], ∫ϰ²/L>=[18.3, 15.3, 11.7, 18.9, 19.8], C-C-Sep=0.08, ║∇J║=8.7e-05
Iteration 1127/2000-----
currents: [100000.0, 99999.99999786107, 99999.99999753921, 99999.99999752904, 99999.9999980338]
J=2.3e-05, ⟨Jf⟩=1.3e-05, ⟨B·n⟩=1.1e-03, Len=sum([2.4, 2.5, 2.4, 2.4, 2.5])=12.3, ϰ=[11.9, 7.1, 7.1, 10.5, 9.4], ∫ϰ²/L>=[18.3, 15.3, 11.7, 18.9, 19.8], C-C-Sep=0.08, ║∇J║=5.5e-05
Iteration 1128/2000-----
currents: [100000.0, 99999.99999786014, 99999.99999753782, 99999.99999752708, 99999.99999803236]
J=2.3e-05, ⟨Jf⟩=1.3e-05, ⟨B·n⟩=1.1e-03, Len=sum([2.4, 2.5, 2.4, 2.4, 2.5])=12.3, ϰ=[11.9, 7.1, 7.1, 10.5, 9.4], ∫ϰ²/L>=[18.3, 15.3, 11.7, 18.9, 19.8], C-C-Sep=0.08, ║∇J║=4.8e-05
Iteration 1129/2000-----
currents: [100000.0, 99999.99999785905, 99999.99999753617, 99999.99999752479, 99999.99999803069]
J=2.3e-05, ⟨Jf⟩=1.3e-05, ⟨B·n⟩=1.1e-03, Len=sum([2.4, 2.5, 2.4, 2.4, 2.5])=12.3, ϰ=[11.9, 7.1, 7.1, 10.5, 9.4], ∫ϰ²/L>=[18.3, 15.3, 11.7, 18.9, 19.8], C-C-Sep=0.08, ║∇J║=5.4e-05
Iteration 1130/2000-----
currents: [100000.0, 99999.99999785864, 99999.99999753566, 99999.99999752415, 99999.99999803043]
J=2.3e-05, ⟨Jf⟩=1.3e-05, ⟨B·n⟩=1.1e-03, Len=sum([2.4, 2.5, 2.4, 2.4, 2.5])=12.3, ϰ=[11.9, 7.1, 7.1, 10.5, 9.4], ∫ϰ²/L>=[18.3, 15.3, 11.7, 18.9, 19.8], C-C-Sep=0.08, ║∇J║=6.8e-05
Iteration 1131/2000-----
currents: [100000.0, 99999.99999785704, 99999.99999753325, 99999.99999752083, 99999.99999802814]
J=2.3e-05, ⟨Jf⟩=1.3e-05, ⟨B·n⟩=1.1e-03, Len=sum([2.4, 2.5, 2.4, 2.4, 2.5])=12.3, ϰ=[11.9, 7.1, 7.1, 10.5, 9.4], ∫ϰ²/L>=[18.3, 15.3, 11.7, 18.9, 19.8], C-C-Sep=0.08, ║∇J║=7.6e-05
Iteration 1132/2000-----
currents: [100000.0, 99999.99999785666, 99999.9999975328, 99999.99999752024, 99999.99999802792]
J=2.3e-05, ⟨Jf⟩=1.3e-05, ⟨B·n⟩=1.1e-03, Len=sum([2.4, 2.5, 2.4, 2.4, 2.5])=12.3, ϰ=[11.9, 7.0, 7.1, 10.5, 9.4], ∫ϰ²/L>=[18.3, 15.3, 11.7, 18.9, 19.8], C-C-Sep=0.08, ║∇J║=6.5e-05
Iteration 1133/2000-----
currents: [100000.0, 99999.99999785589, 99999.99999753172, 99999.99999751875, 99999.99999802704]
J=2.3e-05, ⟨Jf⟩=1.3e-05, ⟨B·n⟩=1.1e-03, Len=sum([2.4, 2.5, 2.4, 2.4, 2.5])=12.3, ϰ=[11.9, 7.0, 7.0, 10.5, 9.4], ∫ϰ²/L>=[18.3, 15.3, 11.7, 18.9, 19.8], C-C-Sep=0.08, ║∇J║=7.0e-05
Iteration 1134/2000-----
currents: [100000.0, 99999.9999978559, 99999.99999753179, 99999.99999751874, 99999.9999980271]
J=2.3e-05, ⟨Jf⟩=1.3e-05, ⟨B·n⟩=1.1e-03, Len=sum([2.4, 2.5, 2.4, 2.4, 2.5])=12.3, ϰ=[11.9, 7.0, 7.0, 10.5, 9.4], ∫ϰ²/L>=[18.3, 15.3, 11.7, 18.9, 19.8], C-C-Sep=0.08, ║∇J║=7.7e-05
Iteration 1135/2000-----
currents: [100000.0, 99999.99999785428, 99999.99999752935, 99999.9999975152, 99999.99999802445]
J=2.3e-05, ⟨Jf⟩=1.3e-05, ⟨B·n⟩=1.1e-03, Len=sum([2.4, 2.5, 2.4, 2.4, 2.5])=12.3, ϰ=[11.9, 7.0, 7.0, 10.5, 9.4], ∫ϰ²/L>=[18.3, 15.3, 11.7, 18.9, 19.8], C-C-Sep=0.08, ║∇J║=7.2e-05
Iteration 1136/2000-----
currents: [100000.0, 99999.99999785236, 99999.9999975264, 99999.99999751103, 99999.99999802132]
J=2.3e-05, ⟨Jf⟩=1.3e-05, ⟨B·n⟩=1.1e-03, Len=sum([2.4, 2.5, 2.4, 2.4, 2.5])=12.3, ϰ=[11.9, 7.0, 7.1, 10.5, 9.4], ∫ϰ²/L>=[18.3, 15.3, 11.7, 18.9, 19.8], C-C-Sep=0.08, ║∇J║=6.2e-05
Iteration 1137/2000-----
currents: [100000.0, 99999.99999785029, 99999.99999752325, 99999.99999750653, 99999.99999801788]
J=2.3e-05, ⟨Jf⟩=1.3e-05, ⟨B·n⟩=1.1e-03, Len=sum([2.4, 2.5, 2.4, 2.4, 2.5])=12.3, ϰ=[11.9, 7.0, 7.1, 10.5, 9.4], ∫ϰ²/L>=[18.3, 15.3, 11.7, 18.9, 19.8], C-C-Sep=0.08, ║∇J║=6.4e-05
Iteration 1138/2000-----
currents: [100000.0, 99999.99999784687, 99999.99999751798, 99999.99999749911, 99999.99999801231]
J=2.3e-05, ⟨Jf⟩=1.3e-05, ⟨B·n⟩=1.1e-03, Len=sum([2.4, 2.5, 2.4, 2.4, 2.5])=12.3, ϰ=[11.9, 7.0, 7.1, 10.5, 9.4], ∫ϰ²/L>=[18.3, 15.3, 11.7, 18.9, 19.8], C-C-Sep=0.08, ║∇J║=7.7e-05
Iteration 1139/2000-----
currents: [100000.0, 99999.99999784197, 99999.99999751043, 99999.99999748856, 99999.99999800447]
J=2.3e-05, ⟨Jf⟩=1.3e-05, ⟨B·n⟩=1.1e-03, Len=sum([2.4, 2.5, 2.4, 2.4, 2.5])=12.3, ϰ=[11.9, 7.0, 7.1, 10.5, 9.4], ∫ϰ²/L>=[18.3, 15.3, 11.7, 18.9, 19.8], C-C-Sep=0.08, ║∇J║=8.6e-05
Iteration 1140/2000-----
currents: [100000.0, 99999.9999978407, 99999.99999750852, 99999.99999748587, 99999.99999800246]
J=2.3e-05, ⟨Jf⟩=1.3e-05, ⟨B·n⟩=1.1e-03, Len=sum([2.4, 2.5, 2.4, 2.4, 2.5])=12.3, ϰ=[11.9, 7.0, 7.1, 10.5, 9.4], ∫ϰ²/L>=[18.3, 15.3, 11.7, 18.9, 19.8], C-C-Sep=0.08, ║∇J║=7.2e-05
Iteration 1141/2000-----
currents: [100000.0, 99999.99999783785, 99999.99999750407, 99999.99999747965, 99999.99999799776]
J=2.3e-05, ⟨Jf⟩=1.3e-05, ⟨B·n⟩=1.1e-03, Len=sum([2.4, 2.5, 2.4, 2.4, 2.5])=12.3, ϰ=[11.9, 6.9, 7.1, 10.5, 9.4], ∫ϰ²/L>=[18.3, 15.3, 11.7, 18.9, 19.8], C-C-Sep=0.08, ║∇J║=6.4e-05
Iteration 1142/2000-----
currents: [100000.0, 99999.99999783745, 99999.9999975034, 99999.99999747866, 99999.99999799699]
J=2.3e-05, ⟨Jf⟩=1.3e-05, ⟨B·n⟩=1.1e-03, Len=sum([2.4, 2.5, 2.4, 2.4, 2.5])=12.3, ϰ=[11.9, 6.9, 7.1, 10.5, 9.4], ∫ϰ²/L>=[18.3, 15.3, 11.7, 18.9, 19.8], C-C-Sep=0.08, ║∇J║=7.8e-05
Iteration 1143/2000-----
currents: [100000.0, 99999.99999783262, 99999.9999974959, 99999.99999746811, 99999.9999979889]
J=2.3e-05, ⟨Jf⟩=1.3e-05, ⟨B·n⟩=1.1e-03, Len=sum([2.4, 2.5, 2.4, 2.4, 2.5])=12.3, ϰ=[11.9, 6.9, 7.1, 10.5, 9.4], ∫ϰ²/L>=[18.3, 15.3, 11.7, 18.9, 19.8], C-C-Sep=0.08, ║∇J║=8.2e-05
Iteration 1144/2000-----
currents: [100000.0, 99999.99999783062, 99999.99999749287, 99999.9999974637, 99999.99999798549]
J=2.3e-05, ⟨Jf⟩=1.3e-05, ⟨B·n⟩=1.1e-03, Len=sum([2.4, 2.5, 2.4, 2.4, 2.5])=12.3, ϰ=[11.9, 6.9, 7.1, 10.5, 9.4], ∫ϰ²/L>=[18.3, 15.3, 11.7, 18.9, 19.8], C-C-Sep=0.08, ║∇J║=8.1e-05
Iteration 1145/2000-----
currents: [100000.0, 99999.99999782864, 99999.99999748985, 99999.99999745937, 99999.99999798216]
J=2.3e-05, ⟨Jf⟩=1.3e-05, ⟨B·n⟩=1.1e-03, Len=sum([2.4, 2.5, 2.4, 2.4, 2.5])=12.3, ϰ=[11.9, 6.9, 7.1, 10.5, 9.4], ∫ϰ²/L>=[18.3, 15.3, 11.7, 18.9, 19.8], C-C-Sep=0.08, ║∇J║=6.2e-05
Iteration 1146/2000-----
currents: [100000.0, 99999.99999782657, 99999.99999748675, 99999.99999745497, 99999.99999797893]
J=2.3e-05, ⟨Jf⟩=1.3e-05, ⟨B·n⟩=1.1e-03, Len=sum([2.4, 2.5, 2.4, 2.4, 2.5])=12.3, ϰ=[11.9, 6.9, 7.1, 10.5, 9.4], ∫ϰ²/L>=[18.3, 15.3, 11.7, 18.9, 19.8], C-C-Sep=0.08, ║∇J║=6.8e-05
Iteration 1147/2000-----
currents: [100000.0, 99999.99999782126, 99999.99999747874, 99999.99999744368, 99999.99999797053]
J=2.3e-05, ⟨Jf⟩=1.3e-05, ⟨B·n⟩=1.1e-03, Len=sum([2.4, 2.5, 2.4, 2.4, 2.5])=12.3, ϰ=[11.9, 6.8, 7.1, 10.5, 9.4], ∫ϰ²/L>=[18.3, 15.3, 11.7, 18.9, 19.8], C-C-Sep=0.08, ║∇J║=8.2e-05
Iteration 1148/2000-----
currents: [100000.0, 99999.99999782084, 99999.99999747823, 99999.99999744301, 99999.99999797027]
J=2.3e-05, ⟨Jf⟩=1.3e-05, ⟨B·n⟩=1.1e-03, Len=sum([2.4, 2.5, 2.4, 2.4, 2.5])=12.3, ϰ=[11.9, 6.8, 7.1, 10.5, 9.4], ∫ϰ²/L>=[18.3, 15.3, 11.7, 18.9, 19.8], C-C-Sep=0.08, ║∇J║=9.8e-05
Iteration 1149/2000-----
currents: [100000.0, 99999.99999781708, 99999.9999974724, 99999.99999743489, 99999.99999796423]
J=2.3e-05, ⟨Jf⟩=1.3e-05, ⟨B·n⟩=1.1e-03, Len=sum([2.4, 2.5, 2.4, 2.4, 2.5])=12.3, ϰ=[11.9, 6.8, 7.1, 10.5, 9.4], ∫ϰ²/L>=[18.3, 15.4, 11.7, 18.9, 19.8], C-C-Sep=0.08, ║∇J║=8.7e-05
Iteration 1150/2000-----
currents: [100000.0, 99999.99999781667, 99999.99999747187, 99999.99999743415, 99999.9999979638]
J=2.3e-05, ⟨Jf⟩=1.3e-05, ⟨B·n⟩=1.1e-03, Len=sum([2.4, 2.5, 2.4, 2.4, 2.5])=12.3, ϰ=[11.9, 6.8, 7.1, 10.5, 9.4], ∫ϰ²/L>=[18.3, 15.3, 11.7, 18.9, 19.8], C-C-Sep=0.08, ║∇J║=6.8e-05
Iteration 1151/2000-----
currents: [100000.0, 99999.99999781675, 99999.99999747201, 99999.99999743435, 99999.99999796404]
J=2.3e-05, ⟨Jf⟩=1.3e-05, ⟨B·n⟩=1.1e-03, Len=sum([2.4, 2.5, 2.4, 2.4, 2.5])=12.3, ϰ=[11.9, 6.8, 7.1, 10.5, 9.4], ∫ϰ²/L>=[18.3, 15.3, 11.7, 18.9, 19.8], C-C-Sep=0.08, ║∇J║=6.9e-05
Iteration 1152/2000-----
currents: [100000.0, 99999.99999781685, 99999.99999747227, 99999.99999743466, 99999.99999796442]
J=2.3e-05, ⟨Jf⟩=1.3e-05, ⟨B·n⟩=1.1e-03, Len=sum([2.4, 2.5, 2.4, 2.4, 2.5])=12.3, ϰ=[11.9, 6.8, 7.1, 10.5, 9.4], ∫ϰ²/L>=[18.3, 15.3, 11.7, 18.9, 19.8], C-C-Sep=0.08, ║∇J║=7.6e-05
Iteration 1153/2000-----
currents: [100000.0, 99999.99999781478, 99999.99999746926, 99999.99999743034, 99999.9999979614]
J=2.3e-05, ⟨Jf⟩=1.3e-05, ⟨B·n⟩=1.1e-03, Len=sum([2.4, 2.5, 2.4, 2.4, 2.5])=12.3, ϰ=[11.9, 6.8, 7.1, 10.5, 9.4], ∫ϰ²/L>=[18.3, 15.4, 11.7, 18.9, 19.8], C-C-Sep=0.08, ║∇J║=7.0e-05
Iteration 1154/2000-----
currents: [100000.0, 99999.99999781442, 99999.99999746887, 99999.99999742975, 99999.99999796112]
J=2.3e-05, ⟨Jf⟩=1.3e-05, ⟨B·n⟩=1.1e-03, Len=sum([2.4, 2.5, 2.4, 2.4, 2.5])=12.3, ϰ=[11.9, 6.8, 7.1, 10.5, 9.4], ∫ϰ²/L>=[18.3, 15.4, 11.7, 18.9, 19.8], C-C-Sep=0.08, ║∇J║=6.4e-05
Iteration 1155/2000-----
currents: [100000.0, 99999.99999781324, 99999.9999974672, 99999.99999742747, 99999.99999795959]
J=2.3e-05, ⟨Jf⟩=1.3e-05, ⟨B·n⟩=1.1e-03, Len=sum([2.4, 2.5, 2.4, 2.4, 2.5])=12.3, ϰ=[11.9, 6.8, 7.1, 10.5, 9.4], ∫ϰ²/L>=[18.3, 15.4, 11.7, 18.9, 19.8], C-C-Sep=0.08, ║∇J║=6.8e-05
Iteration 1156/2000-----
currents: [100000.0, 99999.99999781224, 99999.99999746577, 99999.99999742556, 99999.9999979583]
J=2.3e-05, ⟨Jf⟩=1.3e-05, ⟨B·n⟩=1.1e-03, Len=sum([2.4, 2.5, 2.4, 2.4, 2.5])=12.3, ϰ=[11.9, 6.8, 7.1, 10.5, 9.4], ∫ϰ²/L>=[18.3, 15.4, 11.7, 18.9, 19.8], C-C-Sep=0.08, ║∇J║=8.7e-05
Iteration 1157/2000-----
currents: [100000.0, 99999.99999781218, 99999.9999974657, 99999.99999742558, 99999.99999795832]
J=2.3e-05, ⟨Jf⟩=1.3e-05, ⟨B·n⟩=1.1e-03, Len=sum([2.4, 2.5, 2.4, 2.4, 2.5])=12.3, ϰ=[11.9, 6.8, 7.1, 10.5, 9.4], ∫ϰ²/L>=[18.2, 15.4, 11.7, 18.9, 19.8], C-C-Sep=0.08, ║∇J║=6.0e-05
Iteration 1158/2000-----
currents: [100000.0, 99999.99999781098, 99999.99999746385, 99999.99999742302, 99999.99999795636]
J=2.3e-05, ⟨Jf⟩=1.3e-05, ⟨B·n⟩=1.1e-03, Len=sum([2.4, 2.5, 2.4, 2.4, 2.5])=12.3, ϰ=[11.9, 6.8, 7.1, 10.5, 9.4], ∫ϰ²/L>=[18.2, 15.4, 11.7, 18.9, 19.8], C-C-Sep=0.08, ║∇J║=5.5e-05
Iteration 1159/2000-----
currents: [100000.0, 99999.99999780994, 99999.99999746219, 99999.99999742069, 99999.99999795452]
J=2.3e-05, ⟨Jf⟩=1.3e-05, ⟨B·n⟩=1.1e-03, Len=sum([2.4, 2.5, 2.4, 2.4, 2.5])=12.3, ϰ=[11.9, 6.8, 7.1, 10.4, 9.4], ∫ϰ²/L>=[18.2, 15.4, 11.7, 18.9, 19.8], C-C-Sep=0.08, ║∇J║=8.6e-05
Iteration 1160/2000-----
currents: [100000.0, 99999.99999780903, 99999.99999746084, 99999.99999741872, 99999.99999795301]
J=2.3e-05, ⟨Jf⟩=1.3e-05, ⟨B·n⟩=1.1e-03, Len=sum([2.4, 2.5, 2.4, 2.4, 2.5])=12.3, ϰ=[11.9, 6.8, 7.1, 10.4, 9.4], ∫ϰ²/L>=[18.2, 15.4, 11.7, 18.9, 19.8], C-C-Sep=0.08, ║∇J║=6.0e-05
Iteration 1161/2000-----
currents: [100000.0, 99999.99999780717, 99999.99999745803, 99999.99999741469, 99999.99999795001]
J=2.3e-05, ⟨Jf⟩=1.3e-05, ⟨B·n⟩=1.1e-03, Len=sum([2.4, 2.5, 2.4, 2.4, 2.5])=12.3, ϰ=[11.9, 6.8, 7.1, 10.4, 9.3], ∫ϰ²/L>=[18.2, 15.4, 11.7, 18.9, 19.8], C-C-Sep=0.08, ║∇J║=5.6e-05
Iteration 1162/2000-----
currents: [100000.0, 99999.99999780607, 99999.9999974564, 99999.99999741233, 99999.99999794828]
J=2.3e-05, ⟨Jf⟩=1.3e-05, ⟨B·n⟩=1.1e-03, Len=sum([2.4, 2.5, 2.4, 2.4, 2.5])=12.3, ϰ=[11.9, 6.8, 7.1, 10.4, 9.3], ∫ϰ²/L>=[18.2, 15.4, 11.7, 18.9, 19.8], C-C-Sep=0.08, ║∇J║=6.8e-05
Iteration 1163/2000-----
currents: [100000.0, 99999.99999780186, 99999.99999745005, 99999.99999740337, 99999.9999979416]
J=2.3e-05, ⟨Jf⟩=1.3e-05, ⟨B·n⟩=1.1e-03, Len=sum([2.4, 2.5, 2.4, 2.4, 2.5])=12.3, ϰ=[11.9, 6.8, 7.1, 10.4, 9.3], ∫ϰ²/L>=[18.2, 15.4, 11.7, 18.9, 19.8], C-C-Sep=0.08, ║∇J║=1.0e-04
Iteration 1164/2000-----
currents: [100000.0, 99999.99999780112, 99999.99999744893, 99999.9999974019, 99999.99999794064]
J=2.3e-05, ⟨Jf⟩=1.3e-05, ⟨B·n⟩=1.1e-03, Len=sum([2.4, 2.5, 2.4, 2.4, 2.5])=12.3, ϰ=[11.9, 6.8, 7.1, 10.4, 9.3], ∫ϰ²/L>=[18.2, 15.4, 11.7, 18.9, 19.8], C-C-Sep=0.08, ║∇J║=7.5e-05
Iteration 1165/2000-----
currents: [100000.0, 99999.99999780036, 99999.99999744777, 99999.99999740039, 99999.99999793949]
J=2.3e-05, ⟨Jf⟩=1.3e-05, ⟨B·n⟩=1.1e-03, Len=sum([2.4, 2.5, 2.4, 2.4, 2.5])=12.3, ϰ=[11.9, 6.8, 7.1, 10.4, 9.3], ∫ϰ²/L>=[18.2, 15.4, 11.7, 18.9, 19.8], C-C-Sep=0.08, ║∇J║=6.2e-05
Iteration 1166/2000-----
currents: [100000.0, 99999.99999779763, 99999.99999744364, 99999.99999739474, 99999.99999793545]
J=2.3e-05, ⟨Jf⟩=1.3e-05, ⟨B·n⟩=1.1e-03, Len=sum([2.4, 2.5, 2.4, 2.4, 2.5])=12.3, ϰ=[11.9, 6.8, 7.1, 10.4, 9.3], ∫ϰ²/L>=[18.2, 15.4, 11.7, 18.9, 19.8], C-C-Sep=0.08, ║∇J║=7.0e-05
Iteration 1167/2000-----
currents: [100000.0, 99999.99999779444, 99999.99999743878, 99999.99999738793, 99999.99999793025]
J=2.3e-05, ⟨Jf⟩=1.3e-05, ⟨B·n⟩=1.1e-03, Len=sum([2.4, 2.5, 2.4, 2.4, 2.5])=12.3, ϰ=[11.9, 6.8, 7.1, 10.4, 9.3], ∫ϰ²/L>=[18.2, 15.4, 11.7, 18.9, 19.8], C-C-Sep=0.08, ║∇J║=9.0e-05
Iteration 1168/2000-----
currents: [100000.0, 99999.99999779386, 99999.99999743792, 99999.99999738672, 99999.99999792936]
J=2.3e-05, ⟨Jf⟩=1.3e-05, ⟨B·n⟩=1.1e-03, Len=sum([2.4, 2.5, 2.4, 2.4, 2.5])=12.3, ϰ=[11.9, 6.8, 7.1, 10.4, 9.3], ∫ϰ²/L>=[18.2, 15.4, 11.7, 18.9, 19.8], C-C-Sep=0.08, ║∇J║=5.8e-05
Iteration 1169/2000-----
currents: [100000.0, 99999.99999779141, 99999.99999743424, 99999.99999738154, 99999.99999792551]
J=2.3e-05, ⟨Jf⟩=1.3e-05, ⟨B·n⟩=1.1e-03, Len=sum([2.4, 2.5, 2.4, 2.4, 2.5])=12.3, ϰ=[11.9, 6.8, 7.1, 10.4, 9.3], ∫ϰ²/L>=[18.2, 15.4, 11.7, 18.9, 19.8], C-C-Sep=0.08, ║∇J║=5.5e-05
Iteration 1170/2000-----
currents: [100000.0, 99999.99999779076, 99999.99999743327, 99999.99999738016, 99999.99999792442]
J=2.3e-05, ⟨Jf⟩=1.3e-05, ⟨B·n⟩=1.1e-03, Len=sum([2.4, 2.5, 2.4, 2.4, 2.5])=12.3, ϰ=[11.9, 6.8, 7.1, 10.4, 9.3], ∫ϰ²/L>=[18.2, 15.4, 11.7, 18.9, 19.8], C-C-Sep=0.08, ║∇J║=5.6e-05
Iteration 1171/2000-----
currents: [100000.0, 99999.99999778846, 99999.99999742983, 99999.99999737533, 99999.9999979207]
J=2.3e-05, ⟨Jf⟩=1.3e-05, ⟨B·n⟩=1.1e-03, Len=sum([2.4, 2.5, 2.4, 2.4, 2.5])=12.3, ϰ=[11.9, 6.8, 7.1, 10.4, 9.3], ∫ϰ²/L>=[18.2, 15.4, 11.7, 18.9, 19.8], C-C-Sep=0.08, ║∇J║=6.3e-05
Iteration 1172/2000-----
currents: [100000.0, 99999.99999778488, 99999.99999742443, 99999.99999736782, 99999.99999791502]
J=2.3e-05, ⟨Jf⟩=1.3e-05, ⟨B·n⟩=1.1e-03, Len=sum([2.4, 2.5, 2.4, 2.4, 2.5])=12.3, ϰ=[11.9, 6.7, 7.1, 10.4, 9.3], ∫ϰ²/L>=[18.2, 15.4, 11.7, 18.9, 19.8], C-C-Sep=0.08, ║∇J║=7.0e-05
Iteration 1173/2000-----
currents: [100000.0, 99999.99999778434, 99999.99999742363, 99999.99999736674, 99999.99999791417]
J=2.3e-05, ⟨Jf⟩=1.3e-05, ⟨B·n⟩=1.1e-03, Len=sum([2.4, 2.5, 2.4, 2.4, 2.5])=12.3, ϰ=[11.9, 6.8, 7.1, 10.4, 9.3], ∫ϰ²/L>=[18.2, 15.4, 11.7, 18.9, 19.8], C-C-Sep=0.08, ║∇J║=6.5e-05
Iteration 1174/2000-----
currents: [100000.0, 99999.99999778208, 99999.99999742021, 99999.99999736199, 99999.99999791062]
J=2.3e-05, ⟨Jf⟩=1.3e-05, ⟨B·n⟩=1.1e-03, Len=sum([2.4, 2.5, 2.4, 2.4, 2.5])=12.3, ϰ=[11.9, 6.7, 7.1, 10.4, 9.3], ∫ϰ²/L>=[18.2, 15.4, 11.7, 18.9, 19.8], C-C-Sep=0.08, ║∇J║=6.5e-05
Iteration 1175/2000-----
currents: [100000.0, 99999.99999778069, 99999.99999741811, 99999.99999735907, 99999.99999790844]
J=2.3e-05, ⟨Jf⟩=1.3e-05, ⟨B·n⟩=1.1e-03, Len=sum([2.4, 2.5, 2.4, 2.4, 2.5])=12.3, ϰ=[11.9, 6.7, 7.1, 10.4, 9.3], ∫ϰ²/L>=[18.2, 15.4, 11.7, 18.9, 19.7], C-C-Sep=0.08, ║∇J║=9.1e-05
Iteration 1176/2000-----
currents: [100000.0, 99999.99999777853, 99999.99999741485, 99999.9999973545, 99999.99999790506]
J=2.3e-05, ⟨Jf⟩=1.3e-05, ⟨B·n⟩=1.1e-03, Len=sum([2.4, 2.5, 2.4, 2.4, 2.5])=12.3, ϰ=[11.9, 6.7, 7.1, 10.4, 9.3], ∫ϰ²/L>=[18.2, 15.5, 11.7, 18.9, 19.7], C-C-Sep=0.08, ║∇J║=6.0e-05
Iteration 1177/2000-----
currents: [100000.0, 99999.99999777634, 99999.99999741153, 99999.99999734985, 99999.9999979016]
J=2.3e-05, ⟨Jf⟩=1.3e-05, ⟨B·n⟩=1.1e-03, Len=sum([2.4, 2.5, 2.4, 2.4, 2.5])=12.3, ϰ=[11.9, 6.7, 7.1, 10.4, 9.3], ∫ϰ²/L>=[18.2, 15.5, 11.7, 18.9, 19.7], C-C-Sep=0.08, ║∇J║=5.7e-05
Iteration 1178/2000-----
currents: [100000.0, 99999.99999777447, 99999.99999740867, 99999.99999734589, 99999.99999789862]
J=2.3e-05, ⟨Jf⟩=1.3e-05, ⟨B·n⟩=1.1e-03, Len=sum([2.4, 2.5, 2.4, 2.4, 2.5])=12.3, ϰ=[11.9, 6.8, 7.1, 10.4, 9.3], ∫ϰ²/L>=[18.2, 15.5, 11.7, 18.9, 19.7], C-C-Sep=0.08, ║∇J║=8.6e-05
Iteration 1179/2000-----
currents: [100000.0, 99999.99999777265, 99999.99999740592, 99999.9999973421, 99999.99999789572]
J=2.3e-05, ⟨Jf⟩=1.3e-05, ⟨B·n⟩=1.1e-03, Len=sum([2.4, 2.5, 2.4, 2.4, 2.5])=12.3, ϰ=[11.9, 6.8, 7.1, 10.4, 9.4], ∫ϰ²/L>=[18.2, 15.5, 11.7, 18.9, 19.7], C-C-Sep=0.08, ║∇J║=6.2e-05
Iteration 1180/2000-----
currents: [100000.0, 99999.99999777241, 99999.99999740552, 99999.99999734161, 99999.99999789536]
J=2.3e-05, ⟨Jf⟩=1.3e-05, ⟨B·n⟩=1.1e-03, Len=sum([2.4, 2.5, 2.4, 2.4, 2.5])=12.3, ϰ=[11.9, 6.8, 7.1, 10.4, 9.4], ∫ϰ²/L>=[18.2, 15.5, 11.7, 18.9, 19.7], C-C-Sep=0.08, ║∇J║=4.4e-05
Iteration 1181/2000-----
currents: [100000.0, 99999.99999777129, 99999.99999740378, 99999.99999733926, 99999.99999789357]
J=2.3e-05, ⟨Jf⟩=1.3e-05, ⟨B·n⟩=1.1e-03, Len=sum([2.4, 2.5, 2.4, 2.4, 2.5])=12.3, ϰ=[11.9, 6.8, 7.1, 10.4, 9.3], ∫ϰ²/L>=[18.2, 15.5, 11.7, 18.9, 19.7], C-C-Sep=0.08, ║∇J║=5.0e-05
Iteration 1182/2000-----
currents: [100000.0, 99999.99999777063, 99999.99999740276, 99999.99999733792, 99999.9999978926]
J=2.3e-05, ⟨Jf⟩=1.3e-05, ⟨B·n⟩=1.1e-03, Len=sum([2.4, 2.5, 2.4, 2.4, 2.5])=12.3, ϰ=[11.9, 6.7, 7.1, 10.4, 9.3], ∫ϰ²/L>=[18.2, 15.5, 11.8, 18.9, 19.7], C-C-Sep=0.08, ║∇J║=6.5e-05
Iteration 1183/2000-----
currents: [100000.0, 99999.99999776811, 99999.99999739892, 99999.99999733256, 99999.99999788863]
J=2.3e-05, ⟨Jf⟩=1.3e-05, ⟨B·n⟩=1.1e-03, Len=sum([2.4, 2.5, 2.4, 2.4, 2.5])=12.3, ϰ=[11.9, 6.7, 7.1, 10.4, 9.3], ∫ϰ²/L>=[18.2, 15.5, 11.8, 18.9, 19.7], C-C-Sep=0.08, ║∇J║=4.8e-05
Iteration 1184/2000-----
currents: [100000.0, 99999.99999776758, 99999.99999739809, 99999.99999733141, 99999.99999788783]
J=2.3e-05, ⟨Jf⟩=1.3e-05, ⟨B·n⟩=1.1e-03, Len=sum([2.4, 2.5, 2.4, 2.4, 2.5])=12.3, ϰ=[11.9, 6.7, 7.1, 10.4, 9.3], ∫ϰ²/L>=[18.2, 15.5, 11.8, 18.9, 19.7], C-C-Sep=0.08, ║∇J║=5.3e-05
Iteration 1185/2000-----
currents: [100000.0, 99999.99999776442, 99999.9999973933, 99999.99999732473, 99999.99999788289]
J=2.3e-05, ⟨Jf⟩=1.3e-05, ⟨B·n⟩=1.1e-03, Len=sum([2.4, 2.5, 2.4, 2.4, 2.5])=12.3, ϰ=[11.9, 6.7, 7.1, 10.4, 9.3], ∫ϰ²/L>=[18.2, 15.5, 11.8, 18.9, 19.7], C-C-Sep=0.08, ║∇J║=5.7e-05
Iteration 1186/2000-----
currents: [100000.0, 99999.99999776462, 99999.99999739364, 99999.99999732524, 99999.99999788337]
J=2.3e-05, ⟨Jf⟩=1.3e-05, ⟨B·n⟩=1.1e-03, Len=sum([2.4, 2.5, 2.4, 2.4, 2.5])=12.3, ϰ=[11.9, 6.7, 7.1, 10.4, 9.3], ∫ϰ²/L>=[18.2, 15.5, 11.8, 18.9, 19.7], C-C-Sep=0.08, ║∇J║=7.4e-05
Iteration 1187/2000-----
currents: [100000.0, 99999.99999776285, 99999.99999739093, 99999.99999732149, 99999.9999978806]
J=2.3e-05, ⟨Jf⟩=1.3e-05, ⟨B·n⟩=1.1e-03, Len=sum([2.4, 2.5, 2.4, 2.4, 2.5])=12.3, ϰ=[11.9, 6.7, 7.2, 10.4, 9.3], ∫ϰ²/L>=[18.2, 15.5, 11.7, 18.9, 19.7], C-C-Sep=0.08, ║∇J║=5.8e-05
Iteration 1188/2000-----
currents: [100000.0, 99999.99999776167, 99999.99999738911, 99999.99999731909, 99999.99999787887]
J=2.3e-05, ⟨Jf⟩=1.3e-05, ⟨B·n⟩=1.1e-03, Len=sum([2.4, 2.5, 2.4, 2.4, 2.5])=12.3, ϰ=[11.9, 6.7, 7.2, 10.5, 9.3], ∫ϰ²/L>=[18.2, 15.5, 11.8, 18.9, 19.7], C-C-Sep=0.08, ║∇J║=5.2e-05
Iteration 1189/2000-----
currents: [100000.0, 99999.999997761, 99999.99999738805, 99999.99999731763, 99999.99999787779]
J=2.3e-05, ⟨Jf⟩=1.3e-05, ⟨B·n⟩=1.1e-03, Len=sum([2.4, 2.5, 2.4, 2.4, 2.5])=12.3, ϰ=[11.9, 6.7, 7.2, 10.5, 9.3], ∫ϰ²/L>=[18.2, 15.5, 11.8, 18.9, 19.7], C-C-Sep=0.08, ║∇J║=5.3e-05
Iteration 1190/2000-----
currents: [100000.0, 99999.99999776043, 99999.99999738717, 99999.99999731638, 99999.99999787685]
J=2.3e-05, ⟨Jf⟩=1.3e-05, ⟨B·n⟩=1.1e-03, Len=sum([2.4, 2.5, 2.4, 2.4, 2.5])=12.3, ϰ=[11.9, 6.7, 7.2, 10.5, 9.3], ∫ϰ²/L>=[18.2, 15.5, 11.8, 18.9, 19.7], C-C-Sep=0.08, ║∇J║=4.5e-05
Iteration 1191/2000-----
currents: [100000.0, 99999.99999776034, 99999.99999738704, 99999.99999731618, 99999.99999787667]
J=2.3e-05, ⟨Jf⟩=1.3e-05, ⟨B·n⟩=1.1e-03, Len=sum([2.4, 2.5, 2.4, 2.4, 2.5])=12.3, ϰ=[11.9, 6.7, 7.2, 10.5, 9.3], ∫ϰ²/L>=[18.2, 15.5, 11.8, 18.9, 19.7], C-C-Sep=0.08, ║∇J║=4.6e-05
Iteration 1192/2000-----
currents: [100000.0, 99999.99999775994, 99999.99999738642, 99999.99999731527, 99999.99999787599]
J=2.3e-05, ⟨Jf⟩=1.3e-05, ⟨B·n⟩=1.1e-03, Len=sum([2.4, 2.5, 2.4, 2.4, 2.5])=12.3, ϰ=[11.9, 6.7, 7.2, 10.5, 9.3], ∫ϰ²/L>=[18.2, 15.5, 11.8, 18.9, 19.7], C-C-Sep=0.08, ║∇J║=4.5e-05
Iteration 1193/2000-----
currents: [100000.0, 99999.99999775956, 99999.99999738592, 99999.99999731456, 99999.99999787542]
J=2.3e-05, ⟨Jf⟩=1.3e-05, ⟨B·n⟩=1.1e-03, Len=sum([2.4, 2.5, 2.4, 2.4, 2.5])=12.3, ϰ=[11.9, 6.7, 7.2, 10.5, 9.3], ∫ϰ²/L>=[18.2, 15.5, 11.8, 18.9, 19.7], C-C-Sep=0.08, ║∇J║=3.7e-05
Iteration 1194/2000-----
currents: [100000.0, 99999.99999775864, 99999.99999738458, 99999.9999973127, 99999.999997874]
J=2.3e-05, ⟨Jf⟩=1.3e-05, ⟨B·n⟩=1.1e-03, Len=sum([2.4, 2.5, 2.4, 2.4, 2.5])=12.3, ϰ=[11.9, 6.7, 7.2, 10.5, 9.3], ∫ϰ²/L>=[18.2, 15.5, 11.8, 18.9, 19.7], C-C-Sep=0.08, ║∇J║=3.6e-05
Iteration 1195/2000-----
currents: [100000.0, 99999.99999775691, 99999.99999738201, 99999.9999973091, 99999.99999787129]
J=2.3e-05, ⟨Jf⟩=1.3e-05, ⟨B·n⟩=1.1e-03, Len=sum([2.4, 2.5, 2.4, 2.4, 2.5])=12.3, ϰ=[11.9, 6.7, 7.2, 10.5, 9.3], ∫ϰ²/L>=[18.2, 15.5, 11.8, 18.9, 19.7], C-C-Sep=0.08, ║∇J║=4.4e-05
Iteration 1196/2000-----
currents: [100000.0, 99999.99999775505, 99999.99999737927, 99999.99999730526, 99999.99999786838]
J=2.3e-05, ⟨Jf⟩=1.3e-05, ⟨B·n⟩=1.1e-03, Len=sum([2.4, 2.5, 2.4, 2.4, 2.5])=12.3, ϰ=[11.9, 6.7, 7.2, 10.5, 9.3], ∫ϰ²/L>=[18.2, 15.5, 11.8, 18.9, 19.7], C-C-Sep=0.08, ║∇J║=5.2e-05
Iteration 1197/2000-----
currents: [100000.0, 99999.99999775183, 99999.99999737443, 99999.99999729841, 99999.9999978632]
J=2.3e-05, ⟨Jf⟩=1.3e-05, ⟨B·n⟩=1.1e-03, Len=sum([2.4, 2.5, 2.4, 2.4, 2.5])=12.3, ϰ=[11.9, 6.7, 7.2, 10.5, 9.3], ∫ϰ²/L>=[18.2, 15.5, 11.8, 18.9, 19.7], C-C-Sep=0.08, ║∇J║=5.5e-05
Iteration 1198/2000-----
currents: [100000.0, 99999.99999775074, 99999.99999737277, 99999.99999729604, 99999.99999786142]
J=2.3e-05, ⟨Jf⟩=1.3e-05, ⟨B·n⟩=1.1e-03, Len=sum([2.4, 2.5, 2.4, 2.4, 2.5])=12.3, ϰ=[11.9, 6.7, 7.2, 10.5, 9.3], ∫ϰ²/L>=[18.2, 15.5, 11.8, 18.9, 19.7], C-C-Sep=0.08, ║∇J║=4.5e-05
Iteration 1199/2000-----
currents: [100000.0, 99999.99999775008, 99999.99999737181, 99999.99999729462, 99999.99999786037]
J=2.3e-05, ⟨Jf⟩=1.3e-05, ⟨B·n⟩=1.1e-03, Len=sum([2.4, 2.5, 2.4, 2.4, 2.5])=12.3, ϰ=[11.9, 6.7, 7.2, 10.5, 9.3], ∫ϰ²/L>=[18.2, 15.6, 11.8, 18.9, 19.7], C-C-Sep=0.08, ║∇J║=4.5e-05
Iteration 1200/2000-----
currents: [100000.0, 99999.99999774966, 99999.99999737118, 99999.9999972937, 99999.99999785966]
J=2.3e-05, ⟨Jf⟩=1.3e-05, ⟨B·n⟩=1.1e-03, Len=sum([2.4, 2.5, 2.4, 2.4, 2.5])=12.3, ϰ=[11.9, 6.7, 7.2, 10.5, 9.4], ∫ϰ²/L>=[18.2, 15.6, 11.8, 18.9, 19.7], C-C-Sep=0.08, ║∇J║=5.2e-05
Iteration 1201/2000-----
currents: [100000.0, 99999.99999774931, 99999.99999737064, 99999.99999729294, 99999.9999978591]
J=2.3e-05, ⟨Jf⟩=1.3e-05, ⟨B·n⟩=1.1e-03, Len=sum([2.4, 2.5, 2.4, 2.4, 2.5])=12.3, ϰ=[11.9, 6.7, 7.2, 10.5, 9.4], ∫ϰ²/L>=[18.2, 15.6, 11.8, 18.9, 19.7], C-C-Sep=0.08, ║∇J║=6.5e-05
Iteration 1202/2000-----
currents: [100000.0, 99999.99999774894, 99999.9999973701, 99999.99999729218, 99999.99999785854]
J=2.3e-05, ⟨Jf⟩=1.3e-05, ⟨B·n⟩=1.1e-03, Len=sum([2.4, 2.5, 2.4, 2.4, 2.5])=12.3, ϰ=[11.9, 6.7, 7.2, 10.5, 9.4], ∫ϰ²/L>=[18.2, 15.6, 11.8, 18.9, 19.7], C-C-Sep=0.08, ║∇J║=4.0e-05
Iteration 1203/2000-----
currents: [100000.0, 99999.99999774911, 99999.9999973704, 99999.9999972926, 99999.99999785882]
J=2.3e-05, ⟨Jf⟩=1.3e-05, ⟨B·n⟩=1.1e-03, Len=sum([2.4, 2.5, 2.4, 2.4, 2.5])=12.3, ϰ=[11.9, 6.7, 7.2, 10.5, 9.4], ∫ϰ²/L>=[18.2, 15.6, 11.8, 18.9, 19.7], C-C-Sep=0.08, ║∇J║=4.1e-05
Iteration 1204/2000-----
currents: [100000.0, 99999.99999774808, 99999.99999736882, 99999.9999972904, 99999.99999785719]
J=2.3e-05, ⟨Jf⟩=1.3e-05, ⟨B·n⟩=1.1e-03, Len=sum([2.4, 2.5, 2.4, 2.4, 2.5])=12.3, ϰ=[11.9, 6.7, 7.2, 10.5, 9.3], ∫ϰ²/L>=[18.2, 15.6, 11.8, 18.9, 19.7], C-C-Sep=0.08, ║∇J║=4.7e-05
Iteration 1205/2000-----
currents: [100000.0, 99999.99999774774, 99999.9999973683, 99999.99999728965, 99999.99999785662]
J=2.3e-05, ⟨Jf⟩=1.3e-05, ⟨B·n⟩=1.1e-03, Len=sum([2.4, 2.5, 2.4, 2.4, 2.5])=12.3, ϰ=[11.9, 6.7, 7.2, 10.5, 9.3], ∫ϰ²/L>=[18.2, 15.6, 11.8, 18.9, 19.7], C-C-Sep=0.08, ║∇J║=4.5e-05
Iteration 1206/2000-----
currents: [100000.0, 99999.99999774637, 99999.99999736622, 99999.99999728671, 99999.99999785444]
J=2.3e-05, ⟨Jf⟩=1.3e-05, ⟨B·n⟩=1.1e-03, Len=sum([2.4, 2.5, 2.4, 2.4, 2.5])=12.3, ϰ=[11.9, 6.7, 7.2, 10.5, 9.3], ∫ϰ²/L>=[18.2, 15.6, 11.8, 18.9, 19.7], C-C-Sep=0.08, ║∇J║=6.4e-05
Iteration 1207/2000-----
currents: [100000.0, 99999.99999774595, 99999.99999736556, 99999.99999728578, 99999.99999785381]
J=2.3e-05, ⟨Jf⟩=1.3e-05, ⟨B·n⟩=1.1e-03, Len=sum([2.4, 2.5, 2.4, 2.4, 2.5])=12.3, ϰ=[11.9, 6.7, 7.2, 10.5, 9.3], ∫ϰ²/L>=[18.2, 15.6, 11.8, 18.9, 19.7], C-C-Sep=0.08, ║∇J║=4.9e-05
Iteration 1208/2000-----
currents: [100000.0, 99999.99999774588, 99999.99999736546, 99999.99999728557, 99999.99999785371]
J=2.3e-05, ⟨Jf⟩=1.3e-05, ⟨B·n⟩=1.1e-03, Len=sum([2.4, 2.5, 2.4, 2.4, 2.5])=12.3, ϰ=[11.9, 6.7, 7.2, 10.5, 9.3], ∫ϰ²/L>=[18.2, 15.6, 11.8, 18.9, 19.7], C-C-Sep=0.08, ║∇J║=4.9e-05
Iteration 1209/2000-----
currents: [100000.0, 99999.99999774482, 99999.99999736395, 99999.9999972834, 99999.99999785221]
J=2.3e-05, ⟨Jf⟩=1.3e-05, ⟨B·n⟩=1.1e-03, Len=sum([2.4, 2.5, 2.4, 2.4, 2.5])=12.3, ϰ=[11.9, 6.7, 7.2, 10.5, 9.3], ∫ϰ²/L>=[18.2, 15.6, 11.8, 18.9, 19.7], C-C-Sep=0.08, ║∇J║=6.6e-05
Iteration 1210/2000-----
currents: [100000.0, 99999.99999774434, 99999.99999736332, 99999.9999972825, 99999.9999978517]
J=2.3e-05, ⟨Jf⟩=1.3e-05, ⟨B·n⟩=1.1e-03, Len=sum([2.4, 2.5, 2.4, 2.4, 2.5])=12.3, ϰ=[11.9, 6.7, 7.2, 10.5, 9.3], ∫ϰ²/L>=[18.2, 15.6, 11.8, 18.9, 19.7], C-C-Sep=0.08, ║∇J║=6.3e-05
Iteration 1211/2000-----
currents: [100000.0, 99999.99999774407, 99999.99999736297, 99999.99999728198, 99999.99999785131]
J=2.3e-05, ⟨Jf⟩=1.3e-05, ⟨B·n⟩=1.1e-03, Len=sum([2.4, 2.5, 2.4, 2.4, 2.5])=12.3, ϰ=[11.9, 6.7, 7.2, 10.5, 9.3], ∫ϰ²/L>=[18.2, 15.6, 11.8, 18.9, 19.7], C-C-Sep=0.08, ║∇J║=4.2e-05
Iteration 1212/2000-----
currents: [100000.0, 99999.99999774278, 99999.99999736111, 99999.99999727936, 99999.9999978494]
J=2.3e-05, ⟨Jf⟩=1.3e-05, ⟨B·n⟩=1.1e-03, Len=sum([2.4, 2.5, 2.4, 2.4, 2.5])=12.3, ϰ=[11.9, 6.7, 7.2, 10.5, 9.3], ∫ϰ²/L>=[18.2, 15.6, 11.8, 18.9, 19.7], C-C-Sep=0.08, ║∇J║=4.4e-05
Iteration 1213/2000-----
currents: [100000.0, 99999.99999774287, 99999.99999736132, 99999.99999727962, 99999.99999784963]
J=2.3e-05, ⟨Jf⟩=1.3e-05, ⟨B·n⟩=1.1e-03, Len=sum([2.4, 2.5, 2.4, 2.4, 2.5])=12.3, ϰ=[11.9, 6.7, 7.2, 10.5, 9.3], ∫ϰ²/L>=[18.2, 15.6, 11.8, 18.9, 19.7], C-C-Sep=0.08, ║∇J║=5.1e-05
Iteration 1214/2000-----
currents: [100000.0, 99999.99999774022, 99999.99999735742, 99999.9999972741, 99999.99999784557]
J=2.3e-05, ⟨Jf⟩=1.3e-05, ⟨B·n⟩=1.1e-03, Len=sum([2.4, 2.5, 2.4, 2.4, 2.5])=12.3, ϰ=[11.9, 6.7, 7.2, 10.5, 9.4], ∫ϰ²/L>=[18.2, 15.6, 11.8, 18.9, 19.7], C-C-Sep=0.08, ║∇J║=6.7e-05
Iteration 1215/2000-----
currents: [100000.0, 99999.9999977394, 99999.99999735628, 99999.9999972726, 99999.99999784457]
J=2.3e-05, ⟨Jf⟩=1.3e-05, ⟨B·n⟩=1.1e-03, Len=sum([2.4, 2.5, 2.4, 2.4, 2.5])=12.3, ϰ=[11.9, 6.7, 7.2, 10.5, 9.4], ∫ϰ²/L>=[18.2, 15.6, 11.8, 18.9, 19.7], C-C-Sep=0.08, ║∇J║=5.3e-05
Iteration 1216/2000-----
currents: [100000.0, 99999.99999774016, 99999.99999735742, 99999.99999727422, 99999.99999784582]
J=2.3e-05, ⟨Jf⟩=1.3e-05, ⟨B·n⟩=1.1e-03, Len=sum([2.4, 2.5, 2.4, 2.4, 2.5])=12.3, ϰ=[11.9, 6.7, 7.2, 10.5, 9.4], ∫ϰ²/L>=[18.2, 15.6, 11.8, 18.9, 19.7], C-C-Sep=0.08, ║∇J║=4.0e-05
Iteration 1217/2000-----
currents: [100000.0, 99999.99999773837, 99999.9999973547, 99999.9999972705, 99999.9999978431]
J=2.3e-05, ⟨Jf⟩=1.3e-05, ⟨B·n⟩=1.1e-03, Len=sum([2.4, 2.5, 2.4, 2.4, 2.5])=12.3, ϰ=[11.9, 6.7, 7.2, 10.5, 9.4], ∫ϰ²/L>=[18.2, 15.6, 11.8, 18.9, 19.7], C-C-Sep=0.08, ║∇J║=4.5e-05
Iteration 1218/2000-----
currents: [100000.0, 99999.99999773754, 99999.99999735352, 99999.99999726895, 99999.9999978421]
J=2.3e-05, ⟨Jf⟩=1.3e-05, ⟨B·n⟩=1.1e-03, Len=sum([2.4, 2.5, 2.4, 2.4, 2.5])=12.3, ϰ=[11.9, 6.7, 7.2, 10.5, 9.4], ∫ϰ²/L>=[18.2, 15.6, 11.8, 18.9, 19.7], C-C-Sep=0.08, ║∇J║=5.7e-05
Iteration 1219/2000-----
currents: [100000.0, 99999.99999773552, 99999.99999735056, 99999.99999726491, 99999.99999783926]
J=2.3e-05, ⟨Jf⟩=1.3e-05, ⟨B·n⟩=1.1e-03, Len=sum([2.4, 2.5, 2.4, 2.4, 2.5])=12.3, ϰ=[11.9, 6.7, 7.2, 10.5, 9.4], ∫ϰ²/L>=[18.2, 15.6, 11.8, 18.9, 19.7], C-C-Sep=0.08, ║∇J║=5.2e-05
Iteration 1220/2000-----
currents: [100000.0, 99999.99999773342, 99999.9999973475, 99999.99999726066, 99999.99999783626]
J=2.3e-05, ⟨Jf⟩=1.3e-05, ⟨B·n⟩=1.1e-03, Len=sum([2.4, 2.5, 2.4, 2.4, 2.5])=12.3, ϰ=[11.9, 6.7, 7.2, 10.5, 9.4], ∫ϰ²/L>=[18.2, 15.6, 11.8, 18.9, 19.7], C-C-Sep=0.08, ║∇J║=5.6e-05
Iteration 1221/2000-----
currents: [100000.0, 99999.99999773238, 99999.999997346, 99999.99999725855, 99999.99999783478]
J=2.3e-05, ⟨Jf⟩=1.3e-05, ⟨B·n⟩=1.1e-03, Len=sum([2.4, 2.5, 2.4, 2.4, 2.5])=12.3, ϰ=[11.9, 6.7, 7.2, 10.5, 9.4], ∫ϰ²/L>=[18.2, 15.6, 11.8, 18.9, 19.7], C-C-Sep=0.08, ║∇J║=4.9e-05
Iteration 1222/2000-----
currents: [100000.0, 99999.99999773238, 99999.99999734604, 99999.99999725856, 99999.99999783482]
J=2.3e-05, ⟨Jf⟩=1.3e-05, ⟨B·n⟩=1.1e-03, Len=sum([2.4, 2.5, 2.4, 2.4, 2.5])=12.3, ϰ=[11.9, 6.7, 7.2, 10.5, 9.4], ∫ϰ²/L>=[18.2, 15.6, 11.8, 18.9, 19.7], C-C-Sep=0.08, ║∇J║=4.2e-05
Iteration 1223/2000-----
currents: [100000.0, 99999.99999773187, 99999.99999734525, 99999.99999725743, 99999.99999783399]
J=2.3e-05, ⟨Jf⟩=1.3e-05, ⟨B·n⟩=1.1e-03, Len=sum([2.4, 2.5, 2.4, 2.4, 2.5])=12.3, ϰ=[11.9, 6.7, 7.2, 10.5, 9.4], ∫ϰ²/L>=[18.2, 15.6, 11.8, 18.8, 19.7], C-C-Sep=0.08, ║∇J║=4.2e-05
Iteration 1224/2000-----
currents: [100000.0, 99999.99999773108, 99999.99999734406, 99999.99999725579, 99999.99999783284]
J=2.3e-05, ⟨Jf⟩=1.3e-05, ⟨B·n⟩=1.1e-03, Len=sum([2.4, 2.5, 2.4, 2.4, 2.5])=12.3, ϰ=[11.9, 6.7, 7.2, 10.5, 9.4], ∫ϰ²/L>=[18.2, 15.6, 11.8, 18.8, 19.7], C-C-Sep=0.08, ║∇J║=4.7e-05
Iteration 1225/2000-----
currents: [100000.0, 99999.99999773038, 99999.99999734301, 99999.99999725436, 99999.99999783184]
J=2.3e-05, ⟨Jf⟩=1.3e-05, ⟨B·n⟩=1.1e-03, Len=sum([2.4, 2.5, 2.4, 2.4, 2.5])=12.3, ϰ=[11.9, 6.7, 7.2, 10.5, 9.4], ∫ϰ²/L>=[18.2, 15.6, 11.8, 18.8, 19.7], C-C-Sep=0.08, ║∇J║=4.1e-05
Iteration 1226/2000-----
currents: [100000.0, 99999.99999772961, 99999.99999734185, 99999.9999972528, 99999.99999783076]
J=2.3e-05, ⟨Jf⟩=1.3e-05, ⟨B·n⟩=1.1e-03, Len=sum([2.4, 2.5, 2.4, 2.4, 2.5])=12.3, ϰ=[11.9, 6.7, 7.2, 10.5, 9.4], ∫ϰ²/L>=[18.2, 15.6, 11.8, 18.8, 19.7], C-C-Sep=0.08, ║∇J║=4.2e-05
Iteration 1227/2000-----
currents: [100000.0, 99999.99999772778, 99999.99999733907, 99999.999997249, 99999.999997828]
J=2.3e-05, ⟨Jf⟩=1.3e-05, ⟨B·n⟩=1.1e-03, Len=sum([2.4, 2.5, 2.4, 2.4, 2.5])=12.3, ϰ=[11.9, 6.7, 7.2, 10.5, 9.4], ∫ϰ²/L>=[18.2, 15.7, 11.8, 18.8, 19.7], C-C-Sep=0.08, ║∇J║=5.9e-05
Iteration 1228/2000-----
currents: [100000.0, 99999.99999772766, 99999.99999733885, 99999.99999724877, 99999.99999782785]
J=2.3e-05, ⟨Jf⟩=1.3e-05, ⟨B·n⟩=1.1e-03, Len=sum([2.4, 2.5, 2.4, 2.4, 2.5])=12.3, ϰ=[11.9, 6.7, 7.2, 10.5, 9.4], ∫ϰ²/L>=[18.2, 15.7, 11.8, 18.8, 19.7], C-C-Sep=0.08, ║∇J║=5.4e-05
Iteration 1229/2000-----
currents: [100000.0, 99999.99999772743, 99999.99999733843, 99999.9999972482, 99999.9999978274]
J=2.3e-05, ⟨Jf⟩=1.3e-05, ⟨B·n⟩=1.1e-03, Len=sum([2.4, 2.5, 2.4, 2.4, 2.5])=12.3, ϰ=[11.9, 6.7, 7.2, 10.4, 9.4], ∫ϰ²/L>=[18.2, 15.7, 11.8, 18.8, 19.8], C-C-Sep=0.08, ║∇J║=4.8e-05
Iteration 1230/2000-----
currents: [100000.0, 99999.99999772692, 99999.9999973376, 99999.9999972471, 99999.99999782658]
J=2.3e-05, ⟨Jf⟩=1.3e-05, ⟨B·n⟩=1.1e-03, Len=sum([2.4, 2.5, 2.4, 2.4, 2.5])=12.3, ϰ=[11.9, 6.7, 7.2, 10.4, 9.4], ∫ϰ²/L>=[18.2, 15.7, 11.8, 18.8, 19.8], C-C-Sep=0.08, ║∇J║=5.4e-05
Iteration 1231/2000-----
currents: [100000.0, 99999.99999772602, 99999.99999733621, 99999.99999724518, 99999.99999782516]
J=2.3e-05, ⟨Jf⟩=1.3e-05, ⟨B·n⟩=1.1e-03, Len=sum([2.4, 2.5, 2.4, 2.4, 2.5])=12.3, ϰ=[11.9, 6.6, 7.2, 10.4, 9.4], ∫ϰ²/L>=[18.2, 15.7, 11.8, 18.8, 19.8], C-C-Sep=0.08, ║∇J║=5.0e-05
Iteration 1232/2000-----
currents: [100000.0, 99999.99999772508, 99999.99999733482, 99999.99999724327, 99999.99999782382]
J=2.3e-05, ⟨Jf⟩=1.3e-05, ⟨B·n⟩=1.1e-03, Len=sum([2.4, 2.5, 2.4, 2.4, 2.5])=12.3, ϰ=[11.9, 6.6, 7.2, 10.4, 9.4], ∫ϰ²/L>=[18.2, 15.7, 11.8, 18.8, 19.8], C-C-Sep=0.08, ║∇J║=4.6e-05
Iteration 1233/2000-----
currents: [100000.0, 99999.99999772316, 99999.99999733202, 99999.99999723941, 99999.99999782105]
J=2.3e-05, ⟨Jf⟩=1.3e-05, ⟨B·n⟩=1.1e-03, Len=sum([2.4, 2.5, 2.4, 2.4, 2.5])=12.3, ϰ=[11.9, 6.6, 7.2, 10.4, 9.4], ∫ϰ²/L>=[18.2, 15.7, 11.8, 18.8, 19.8], C-C-Sep=0.08, ║∇J║=4.8e-05
Iteration 1234/2000-----
currents: [100000.0, 99999.99999772174, 99999.99999732991, 99999.9999972365, 99999.99999781894]
J=2.3e-05, ⟨Jf⟩=1.3e-05, ⟨B·n⟩=1.1e-03, Len=sum([2.4, 2.5, 2.4, 2.4, 2.5])=12.3, ϰ=[11.9, 6.6, 7.2, 10.4, 9.4], ∫ϰ²/L>=[18.2, 15.7, 11.8, 18.8, 19.8], C-C-Sep=0.08, ║∇J║=4.9e-05
Iteration 1235/2000-----
currents: [100000.0, 99999.99999772092, 99999.99999732872, 99999.99999723486, 99999.99999781777]
J=2.3e-05, ⟨Jf⟩=1.3e-05, ⟨B·n⟩=1.1e-03, Len=sum([2.4, 2.5, 2.4, 2.4, 2.5])=12.3, ϰ=[11.9, 6.6, 7.2, 10.4, 9.4], ∫ϰ²/L>=[18.2, 15.7, 11.8, 18.8, 19.8], C-C-Sep=0.08, ║∇J║=3.8e-05
Iteration 1236/2000-----
currents: [100000.0, 99999.99999771947, 99999.99999732657, 99999.99999723188, 99999.99999781555]
J=2.3e-05, ⟨Jf⟩=1.3e-05, ⟨B·n⟩=1.0e-03, Len=sum([2.4, 2.5, 2.4, 2.4, 2.5])=12.3, ϰ=[11.9, 6.6, 7.2, 10.4, 9.4], ∫ϰ²/L>=[18.2, 15.7, 11.8, 18.8, 19.8], C-C-Sep=0.08, ║∇J║=4.5e-05
Iteration 1237/2000-----
currents: [100000.0, 99999.99999771838, 99999.9999973249, 99999.99999722959, 99999.99999781384]
J=2.3e-05, ⟨Jf⟩=1.3e-05, ⟨B·n⟩=1.0e-03, Len=sum([2.4, 2.5, 2.4, 2.4, 2.5])=12.3, ϰ=[11.9, 6.6, 7.3, 10.4, 9.4], ∫ϰ²/L>=[18.2, 15.7, 11.8, 18.8, 19.8], C-C-Sep=0.08, ║∇J║=4.7e-05
Iteration 1238/2000-----
currents: [100000.0, 99999.9999977178, 99999.99999732399, 99999.99999722837, 99999.99999781293]
J=2.3e-05, ⟨Jf⟩=1.3e-05, ⟨B·n⟩=1.0e-03, Len=sum([2.4, 2.5, 2.4, 2.4, 2.5])=12.3, ϰ=[11.9, 6.6, 7.3, 10.4, 9.4], ∫ϰ²/L>=[18.2, 15.7, 11.8, 18.8, 19.8], C-C-Sep=0.08, ║∇J║=5.2e-05
Iteration 1239/2000-----
currents: [100000.0, 99999.99999771621, 99999.99999732156, 99999.99999722508, 99999.99999781052]
J=2.3e-05, ⟨Jf⟩=1.3e-05, ⟨B·n⟩=1.0e-03, Len=sum([2.4, 2.5, 2.4, 2.4, 2.5])=12.3, ϰ=[11.9, 6.6, 7.3, 10.5, 9.4], ∫ϰ²/L>=[18.2, 15.7, 11.8, 18.8, 19.8], C-C-Sep=0.08, ║∇J║=5.6e-05
Iteration 1240/2000-----
currents: [100000.0, 99999.99999771501, 99999.99999731971, 99999.99999722256, 99999.99999780869]
J=2.3e-05, ⟨Jf⟩=1.3e-05, ⟨B·n⟩=1.0e-03, Len=sum([2.4, 2.5, 2.4, 2.4, 2.5])=12.3, ϰ=[11.9, 6.6, 7.3, 10.5, 9.4], ∫ϰ²/L>=[18.2, 15.7, 11.8, 18.8, 19.8], C-C-Sep=0.08, ║∇J║=6.5e-05
Iteration 1241/2000-----
currents: [100000.0, 99999.99999771448, 99999.9999973189, 99999.99999722147, 99999.99999780796]
J=2.3e-05, ⟨Jf⟩=1.3e-05, ⟨B·n⟩=1.0e-03, Len=sum([2.4, 2.5, 2.4, 2.4, 2.5])=12.3, ϰ=[11.9, 6.6, 7.2, 10.5, 9.4], ∫ϰ²/L>=[18.2, 15.7, 11.8, 18.8, 19.8], C-C-Sep=0.08, ║∇J║=5.6e-05
Iteration 1242/2000-----
currents: [100000.0, 99999.99999771334, 99999.99999731722, 99999.99999721913, 99999.99999780633]
J=2.3e-05, ⟨Jf⟩=1.3e-05, ⟨B·n⟩=1.0e-03, Len=sum([2.4, 2.5, 2.4, 2.4, 2.5])=12.3, ϰ=[11.9, 6.6, 7.2, 10.5, 9.4], ∫ϰ²/L>=[18.2, 15.7, 11.8, 18.8, 19.8], C-C-Sep=0.08, ║∇J║=6.0e-05
Iteration 1243/2000-----
currents: [100000.0, 99999.9999977114, 99999.99999731433, 99999.9999972151, 99999.99999780339]
J=2.3e-05, ⟨Jf⟩=1.3e-05, ⟨B·n⟩=1.0e-03, Len=sum([2.4, 2.5, 2.4, 2.4, 2.5])=12.3, ϰ=[12.0, 6.6, 7.3, 10.4, 9.4], ∫ϰ²/L>=[18.2, 15.7, 11.8, 18.8, 19.8], C-C-Sep=0.08, ║∇J║=6.6e-05
Iteration 1244/2000-----
currents: [100000.0, 99999.99999771111, 99999.99999731389, 99999.99999721447, 99999.99999780295]
J=2.3e-05, ⟨Jf⟩=1.3e-05, ⟨B·n⟩=1.0e-03, Len=sum([2.4, 2.5, 2.4, 2.4, 2.5])=12.3, ϰ=[12.0, 6.6, 7.3, 10.4, 9.4], ∫ϰ²/L>=[18.2, 15.7, 11.8, 18.8, 19.8], C-C-Sep=0.08, ║∇J║=4.3e-05
Iteration 1245/2000-----
currents: [100000.0, 99999.99999771018, 99999.99999731251, 99999.99999721255, 99999.99999780157]
J=2.3e-05, ⟨Jf⟩=1.3e-05, ⟨B·n⟩=1.0e-03, Len=sum([2.4, 2.5, 2.4, 2.4, 2.5])=12.3, ϰ=[12.0, 6.6, 7.3, 10.4, 9.4], ∫ϰ²/L>=[18.2, 15.7, 11.8, 18.8, 19.8], C-C-Sep=0.08, ║∇J║=3.8e-05
Iteration 1246/2000-----
currents: [100000.0, 99999.99999771029, 99999.99999731267, 99999.99999721281, 99999.9999978018]
J=2.3e-05, ⟨Jf⟩=1.3e-05, ⟨B·n⟩=1.0e-03, Len=sum([2.4, 2.5, 2.4, 2.4, 2.5])=12.3, ϰ=[12.0, 6.6, 7.3, 10.4, 9.4], ∫ϰ²/L>=[18.2, 15.7, 11.8, 18.8, 19.8], C-C-Sep=0.08, ║∇J║=6.8e-05
Iteration 1247/2000-----
currents: [100000.0, 99999.99999770988, 99999.99999731207, 99999.99999721204, 99999.99999780131]
J=2.3e-05, ⟨Jf⟩=1.3e-05, ⟨B·n⟩=1.0e-03, Len=sum([2.4, 2.5, 2.4, 2.4, 2.5])=12.3, ϰ=[12.0, 6.6, 7.3, 10.4, 9.4], ∫ϰ²/L>=[18.2, 15.7, 11.8, 18.8, 19.8], C-C-Sep=0.08, ║∇J║=5.5e-05
Iteration 1248/2000-----
currents: [100000.0, 99999.99999770922, 99999.99999731111, 99999.99999721075, 99999.99999780045]
J=2.3e-05, ⟨Jf⟩=1.3e-05, ⟨B·n⟩=1.0e-03, Len=sum([2.4, 2.5, 2.4, 2.4, 2.5])=12.3, ϰ=[12.0, 6.6, 7.3, 10.4, 9.4], ∫ϰ²/L>=[18.2, 15.7, 11.8, 18.8, 19.8], C-C-Sep=0.08, ║∇J║=4.1e-05
Iteration 1249/2000-----
currents: [100000.0, 99999.99999770953, 99999.99999731158, 99999.99999721146, 99999.9999978011]
J=2.3e-05, ⟨Jf⟩=1.3e-05, ⟨B·n⟩=1.0e-03, Len=sum([2.4, 2.5, 2.4, 2.4, 2.5])=12.3, ϰ=[12.0, 6.6, 7.3, 10.5, 9.4], ∫ϰ²/L>=[18.2, 15.7, 11.8, 18.8, 19.8], C-C-Sep=0.08, ║∇J║=4.9e-05
Iteration 1250/2000-----
currents: [100000.0, 99999.99999770793, 99999.9999973092, 99999.99999720817, 99999.99999779878]
J=2.3e-05, ⟨Jf⟩=1.3e-05, ⟨B·n⟩=1.0e-03, Len=sum([2.4, 2.5, 2.4, 2.4, 2.5])=12.3, ϰ=[12.0, 6.6, 7.3, 10.5, 9.4], ∫ϰ²/L>=[18.2, 15.7, 11.8, 18.8, 19.8], C-C-Sep=0.08, ║∇J║=4.7e-05
Iteration 1251/2000-----
currents: [100000.0, 99999.99999770786, 99999.99999730909, 99999.99999720803, 99999.9999977987]
J=2.3e-05, ⟨Jf⟩=1.3e-05, ⟨B·n⟩=1.0e-03, Len=sum([2.4, 2.5, 2.4, 2.4, 2.5])=12.3, ϰ=[12.0, 6.6, 7.3, 10.5, 9.4], ∫ϰ²/L>=[18.2, 15.7, 11.8, 18.8, 19.8], C-C-Sep=0.08, ║∇J║=3.9e-05
Iteration 1252/2000-----
currents: [100000.0, 99999.9999977074, 99999.99999730843, 99999.99999720715, 99999.99999779812]
J=2.3e-05, ⟨Jf⟩=1.3e-05, ⟨B·n⟩=1.0e-03, Len=sum([2.4, 2.5, 2.4, 2.4, 2.5])=12.3, ϰ=[12.0, 6.6, 7.2, 10.5, 9.4], ∫ϰ²/L>=[18.2, 15.7, 11.8, 18.8, 19.8], C-C-Sep=0.08, ║∇J║=5.1e-05
Iteration 1253/2000-----
currents: [100000.0, 99999.99999770652, 99999.9999973071, 99999.99999720532, 99999.99999779677]
J=2.3e-05, ⟨Jf⟩=1.3e-05, ⟨B·n⟩=1.0e-03, Len=sum([2.4, 2.5, 2.4, 2.4, 2.5])=12.3, ϰ=[12.0, 6.6, 7.2, 10.5, 9.4], ∫ϰ²/L>=[18.2, 15.8, 11.8, 18.8, 19.8], C-C-Sep=0.08, ║∇J║=1.1e-04
Iteration 1254/2000-----
currents: [100000.0, 99999.99999770691, 99999.9999973077, 99999.99999720613, 99999.99999779735]
J=2.3e-05, ⟨Jf⟩=1.3e-05, ⟨B·n⟩=1.0e-03, Len=sum([2.4, 2.5, 2.4, 2.4, 2.5])=12.3, ϰ=[12.0, 6.6, 7.2, 10.5, 9.4], ∫ϰ²/L>=[18.2, 15.8, 11.8, 18.8, 19.8], C-C-Sep=0.08, ║∇J║=4.5e-05
Iteration 1255/2000-----
currents: [100000.0, 99999.99999770698, 99999.99999730787, 99999.99999720634, 99999.99999779751]
J=2.3e-05, ⟨Jf⟩=1.3e-05, ⟨B·n⟩=1.0e-03, Len=sum([2.4, 2.5, 2.4, 2.4, 2.5])=12.3, ϰ=[12.0, 6.6, 7.2, 10.5, 9.4], ∫ϰ²/L>=[18.2, 15.8, 11.8, 18.8, 19.8], C-C-Sep=0.08, ║∇J║=3.3e-05
Iteration 1256/2000-----
currents: [100000.0, 99999.99999770688, 99999.9999973078, 99999.9999972062, 99999.99999779742]
J=2.3e-05, ⟨Jf⟩=1.3e-05, ⟨B·n⟩=1.0e-03, Len=sum([2.4, 2.5, 2.4, 2.4, 2.5])=12.3, ϰ=[12.0, 6.6, 7.2, 10.5, 9.4], ∫ϰ²/L>=[18.2, 15.8, 11.8, 18.8, 19.8], C-C-Sep=0.08, ║∇J║=4.7e-05
Iteration 1257/2000-----
currents: [100000.0, 99999.99999770634, 99999.9999973071, 99999.9999972052, 99999.99999779674]
J=2.3e-05, ⟨Jf⟩=1.3e-05, ⟨B·n⟩=1.0e-03, Len=sum([2.4, 2.5, 2.4, 2.4, 2.5])=12.3, ϰ=[12.0, 6.6, 7.3, 10.5, 9.4], ∫ϰ²/L>=[18.2, 15.8, 11.8, 18.8, 19.8], C-C-Sep=0.08, ║∇J║=5.0e-05
Iteration 1258/2000-----
currents: [100000.0, 99999.99999770525, 99999.99999730565, 99999.99999720311, 99999.9999977953]
J=2.3e-05, ⟨Jf⟩=1.3e-05, ⟨B·n⟩=1.0e-03, Len=sum([2.4, 2.5, 2.4, 2.4, 2.5])=12.3, ϰ=[12.0, 6.7, 7.3, 10.5, 9.4], ∫ϰ²/L>=[18.2, 15.8, 11.8, 18.8, 19.8], C-C-Sep=0.08, ║∇J║=1.4e-04
Iteration 1259/2000-----
currents: [100000.0, 99999.99999770452, 99999.99999730462, 99999.99999720167, 99999.99999779434]
J=2.3e-05, ⟨Jf⟩=1.3e-05, ⟨B·n⟩=1.0e-03, Len=sum([2.4, 2.5, 2.4, 2.4, 2.5])=12.3, ϰ=[12.0, 6.7, 7.3, 10.5, 9.4], ∫ϰ²/L>=[18.2, 15.8, 11.8, 18.8, 19.8], C-C-Sep=0.08, ║∇J║=4.3e-05
Iteration 1260/2000-----
currents: [100000.0, 99999.9999977039, 99999.99999730369, 99999.99999720039, 99999.99999779345]
J=2.3e-05, ⟨Jf⟩=1.3e-05, ⟨B·n⟩=1.0e-03, Len=sum([2.4, 2.5, 2.4, 2.4, 2.5])=12.3, ϰ=[12.0, 6.7, 7.3, 10.5, 9.4], ∫ϰ²/L>=[18.2, 15.8, 11.8, 18.8, 19.8], C-C-Sep=0.08, ║∇J║=3.6e-05
Iteration 1261/2000-----
currents: [100000.0, 99999.99999770313, 99999.99999730256, 99999.99999719881, 99999.99999779239]
J=2.3e-05, ⟨Jf⟩=1.3e-05, ⟨B·n⟩=1.0e-03, Len=sum([2.4, 2.5, 2.4, 2.4, 2.5])=12.3, ϰ=[12.0, 6.7, 7.3, 10.5, 9.4], ∫ϰ²/L>=[18.2, 15.8, 11.8, 18.8, 19.8], C-C-Sep=0.08, ║∇J║=4.1e-05
Iteration 1262/2000-----
currents: [100000.0, 99999.99999770161, 99999.99999730036, 99999.99999719577, 99999.99999779029]
J=2.3e-05, ⟨Jf⟩=1.3e-05, ⟨B·n⟩=1.0e-03, Len=sum([2.4, 2.5, 2.4, 2.4, 2.5])=12.3, ϰ=[12.0, 6.7, 7.3, 10.5, 9.4], ∫ϰ²/L>=[18.2, 15.8, 11.8, 18.8, 19.8], C-C-Sep=0.08, ║∇J║=6.9e-05
Iteration 1263/2000-----
currents: [100000.0, 99999.9999977015, 99999.99999730023, 99999.9999971956, 99999.99999779025]
J=2.3e-05, ⟨Jf⟩=1.3e-05, ⟨B·n⟩=1.0e-03, Len=sum([2.4, 2.5, 2.4, 2.4, 2.5])=12.3, ϰ=[12.0, 6.7, 7.3, 10.5, 9.4], ∫ϰ²/L>=[18.2, 15.8, 11.8, 18.8, 19.8], C-C-Sep=0.08, ║∇J║=4.2e-05
Iteration 1264/2000-----
currents: [100000.0, 99999.99999770157, 99999.99999730036, 99999.99999719579, 99999.99999779042]
J=2.3e-05, ⟨Jf⟩=1.3e-05, ⟨B·n⟩=1.0e-03, Len=sum([2.4, 2.5, 2.4, 2.4, 2.5])=12.3, ϰ=[12.0, 6.7, 7.3, 10.5, 9.4], ∫ϰ²/L>=[18.2, 15.8, 11.8, 18.8, 19.8], C-C-Sep=0.08, ║∇J║=3.5e-05
Iteration 1265/2000-----
currents: [100000.0, 99999.99999770094, 99999.9999972995, 99999.9999971946, 99999.99999778967]
J=2.3e-05, ⟨Jf⟩=1.3e-05, ⟨B·n⟩=1.0e-03, Len=sum([2.4, 2.5, 2.4, 2.4, 2.5])=12.3, ϰ=[12.0, 6.7, 7.3, 10.5, 9.4], ∫ϰ²/L>=[18.2, 15.8, 11.8, 18.8, 19.8], C-C-Sep=0.08, ║∇J║=4.4e-05
Iteration 1266/2000-----
currents: [100000.0, 99999.9999977003, 99999.99999729867, 99999.99999719347, 99999.99999778901]
J=2.3e-05, ⟨Jf⟩=1.3e-05, ⟨B·n⟩=1.0e-03, Len=sum([2.4, 2.5, 2.4, 2.4, 2.5])=12.3, ϰ=[12.0, 6.6, 7.3, 10.5, 9.4], ∫ϰ²/L>=[18.2, 15.8, 11.8, 18.8, 19.8], C-C-Sep=0.08, ║∇J║=1.2e-04
Iteration 1267/2000-----
currents: [100000.0, 99999.99999770019, 99999.9999972985, 99999.99999719321, 99999.99999778881]
J=2.3e-05, ⟨Jf⟩=1.3e-05, ⟨B·n⟩=1.0e-03, Len=sum([2.4, 2.5, 2.4, 2.4, 2.5])=12.3, ϰ=[12.0, 6.6, 7.3, 10.5, 9.4], ∫ϰ²/L>=[18.2, 15.8, 11.8, 18.8, 19.8], C-C-Sep=0.08, ║∇J║=3.8e-05
Iteration 1268/2000-----
currents: [100000.0, 99999.99999769963, 99999.9999972977, 99999.99999719209, 99999.99999778802]
J=2.3e-05, ⟨Jf⟩=1.3e-05, ⟨B·n⟩=1.0e-03, Len=sum([2.4, 2.5, 2.4, 2.4, 2.5])=12.3, ϰ=[12.0, 6.6, 7.3, 10.5, 9.4], ∫ϰ²/L>=[18.2, 15.8, 11.8, 18.8, 19.8], C-C-Sep=0.08, ║∇J║=3.2e-05
Iteration 1269/2000-----
currents: [100000.0, 99999.99999769921, 99999.99999729713, 99999.9999971913, 99999.99999778753]
J=2.3e-05, ⟨Jf⟩=1.3e-05, ⟨B·n⟩=1.0e-03, Len=sum([2.4, 2.5, 2.4, 2.4, 2.5])=12.3, ϰ=[12.0, 6.6, 7.3, 10.5, 9.4], ∫ϰ²/L>=[18.2, 15.8, 11.8, 18.8, 19.8], C-C-Sep=0.08, ║∇J║=4.3e-05
Iteration 1270/2000-----
currents: [100000.0, 99999.9999976983, 99999.99999729585, 99999.99999718953, 99999.99999778633]
J=2.3e-05, ⟨Jf⟩=1.3e-05, ⟨B·n⟩=1.0e-03, Len=sum([2.4, 2.5, 2.4, 2.4, 2.5])=12.3, ϰ=[12.0, 6.6, 7.3, 10.5, 9.4], ∫ϰ²/L>=[18.2, 15.8, 11.8, 18.8, 19.8], C-C-Sep=0.08, ║∇J║=4.6e-05
Iteration 1271/2000-----
currents: [100000.0, 99999.99999769869, 99999.99999729662, 99999.9999971906, 99999.99999778732]
J=2.3e-05, ⟨Jf⟩=1.3e-05, ⟨B·n⟩=1.0e-03, Len=sum([2.4, 2.5, 2.4, 2.4, 2.5])=12.3, ϰ=[12.0, 6.6, 7.3, 10.5, 9.4], ∫ϰ²/L>=[18.2, 15.8, 11.8, 18.8, 19.8], C-C-Sep=0.08, ║∇J║=5.5e-05
Iteration 1272/2000-----
currents: [100000.0, 99999.99999769736, 99999.99999729474, 99999.99999718797, 99999.99999778549]
J=2.3e-05, ⟨Jf⟩=1.3e-05, ⟨B·n⟩=1.0e-03, Len=sum([2.4, 2.5, 2.4, 2.4, 2.5])=12.3, ϰ=[12.0, 6.6, 7.3, 10.5, 9.4], ∫ϰ²/L>=[18.2, 15.8, 11.8, 18.8, 19.8], C-C-Sep=0.08, ║∇J║=4.4e-05
Iteration 1273/2000-----
currents: [100000.0, 99999.9999976979, 99999.99999729558, 99999.99999718912, 99999.99999778636]
J=2.3e-05, ⟨Jf⟩=1.3e-05, ⟨B·n⟩=1.0e-03, Len=sum([2.4, 2.5, 2.4, 2.4, 2.5])=12.3, ϰ=[12.0, 6.7, 7.3, 10.5, 9.4], ∫ϰ²/L>=[18.2, 15.8, 11.8, 18.8, 19.8], C-C-Sep=0.08, ║∇J║=4.1e-05
Iteration 1274/2000-----
currents: [100000.0, 99999.99999769847, 99999.99999729644, 99999.99999719029, 99999.99999778724]
J=2.3e-05, ⟨Jf⟩=1.3e-05, ⟨B·n⟩=1.0e-03, Len=sum([2.4, 2.5, 2.4, 2.4, 2.5])=12.3, ϰ=[12.0, 6.7, 7.3, 10.5, 9.4], ∫ϰ²/L>=[18.2, 15.8, 11.8, 18.8, 19.8], C-C-Sep=0.08, ║∇J║=5.1e-05
Iteration 1275/2000-----
currents: [100000.0, 99999.99999769799, 99999.99999729573, 99999.99999718927, 99999.99999778651]
J=2.3e-05, ⟨Jf⟩=1.3e-05, ⟨B·n⟩=1.0e-03, Len=sum([2.4, 2.5, 2.4, 2.4, 2.5])=12.3, ϰ=[12.0, 6.7, 7.3, 10.5, 9.4], ∫ϰ²/L>=[18.2, 15.8, 11.8, 18.8, 19.8], C-C-Sep=0.08, ║∇J║=3.7e-05
Iteration 1276/2000-----
currents: [100000.0, 99999.99999769799, 99999.99999729574, 99999.99999718927, 99999.99999778655]
J=2.3e-05, ⟨Jf⟩=1.3e-05, ⟨B·n⟩=1.0e-03, Len=sum([2.4, 2.5, 2.4, 2.4, 2.5])=12.3, ϰ=[12.0, 6.7, 7.3, 10.5, 9.4], ∫ϰ²/L>=[18.2, 15.8, 11.8, 18.8, 19.8], C-C-Sep=0.08, ║∇J║=3.1e-05
Iteration 1277/2000-----
currents: [100000.0, 99999.9999976975, 99999.99999729502, 99999.99999718822, 99999.99999778588]
J=2.3e-05, ⟨Jf⟩=1.3e-05, ⟨B·n⟩=1.0e-03, Len=sum([2.4, 2.5, 2.4, 2.4, 2.5])=12.3, ϰ=[12.0, 6.7, 7.3, 10.4, 9.4], ∫ϰ²/L>=[18.2, 15.8, 11.7, 18.8, 19.8], C-C-Sep=0.08, ║∇J║=4.4e-05
Iteration 1278/2000-----
currents: [100000.0, 99999.9999976976, 99999.99999729516, 99999.99999718837, 99999.99999778603]
J=2.3e-05, ⟨Jf⟩=1.3e-05, ⟨B·n⟩=1.0e-03, Len=sum([2.4, 2.5, 2.4, 2.4, 2.5])=12.3, ϰ=[11.9, 6.7, 7.3, 10.4, 9.4], ∫ϰ²/L>=[18.2, 15.8, 11.7, 18.8, 19.8], C-C-Sep=0.08, ║∇J║=6.0e-05
Iteration 1279/2000-----
currents: [100000.0, 99999.99999769784, 99999.99999729553, 99999.99999718886, 99999.99999778639]
J=2.3e-05, ⟨Jf⟩=1.3e-05, ⟨B·n⟩=1.0e-03, Len=sum([2.4, 2.5, 2.4, 2.4, 2.5])=12.3, ϰ=[12.0, 6.7, 7.3, 10.4, 9.4], ∫ϰ²/L>=[18.2, 15.8, 11.7, 18.8, 19.8], C-C-Sep=0.08, ║∇J║=3.2e-05
Iteration 1280/2000-----
currents: [100000.0, 99999.99999769818, 99999.99999729599, 99999.99999718947, 99999.99999778684]
J=2.3e-05, ⟨Jf⟩=1.3e-05, ⟨B·n⟩=1.0e-03, Len=sum([2.4, 2.5, 2.4, 2.4, 2.5])=12.3, ϰ=[12.0, 6.7, 7.2, 10.4, 9.4], ∫ϰ²/L>=[18.2, 15.8, 11.7, 18.8, 19.8], C-C-Sep=0.08, ║∇J║=2.6e-05
Iteration 1281/2000-----
currents: [100000.0, 99999.99999769831, 99999.99999729617, 99999.99999718966, 99999.999997787]
J=2.3e-05, ⟨Jf⟩=1.3e-05, ⟨B·n⟩=1.0e-03, Len=sum([2.4, 2.5, 2.4, 2.4, 2.5])=12.3, ϰ=[12.0, 6.7, 7.2, 10.4, 9.4], ∫ϰ²/L>=[18.2, 15.8, 11.7, 18.8, 19.8], C-C-Sep=0.08, ║∇J║=3.2e-05
Iteration 1282/2000-----
currents: [100000.0, 99999.99999769841, 99999.99999729628, 99999.99999718969, 99999.9999977871]
J=2.3e-05, ⟨Jf⟩=1.3e-05, ⟨B·n⟩=1.0e-03, Len=sum([2.4, 2.5, 2.4, 2.4, 2.5])=12.3, ϰ=[12.0, 6.7, 7.2, 10.4, 9.4], ∫ϰ²/L>=[18.2, 15.8, 11.7, 18.8, 19.8], C-C-Sep=0.08, ║∇J║=9.8e-05
Iteration 1283/2000-----
currents: [100000.0, 99999.99999769796, 99999.99999729563, 99999.99999718876, 99999.99999778645]
J=2.3e-05, ⟨Jf⟩=1.3e-05, ⟨B·n⟩=1.0e-03, Len=sum([2.4, 2.5, 2.4, 2.4, 2.5])=12.3, ϰ=[12.0, 6.7, 7.2, 10.4, 9.4], ∫ϰ²/L>=[18.2, 15.8, 11.7, 18.8, 19.8], C-C-Sep=0.08, ║∇J║=3.1e-05
Iteration 1284/2000-----
currents: [100000.0, 99999.9999976975, 99999.99999729496, 99999.99999718781, 99999.9999977858]
J=2.3e-05, ⟨Jf⟩=1.3e-05, ⟨B·n⟩=1.0e-03, Len=sum([2.4, 2.5, 2.4, 2.4, 2.5])=12.3, ϰ=[12.0, 6.7, 7.2, 10.4, 9.4], ∫ϰ²/L>=[18.2, 15.8, 11.7, 18.8, 19.8], C-C-Sep=0.08, ║∇J║=2.4e-05
Iteration 1285/2000-----
currents: [100000.0, 99999.9999976966, 99999.99999729368, 99999.99999718598, 99999.99999778453]
J=2.3e-05, ⟨Jf⟩=1.3e-05, ⟨B·n⟩=1.0e-03, Len=sum([2.4, 2.5, 2.4, 2.4, 2.5])=12.3, ϰ=[12.0, 6.7, 7.2, 10.4, 9.4], ∫ϰ²/L>=[18.2, 15.8, 11.7, 18.8, 19.8], C-C-Sep=0.08, ║∇J║=3.4e-05
Iteration 1286/2000-----
currents: [100000.0, 99999.99999769579, 99999.99999729247, 99999.99999718425, 99999.99999778335]
J=2.3e-05, ⟨Jf⟩=1.3e-05, ⟨B·n⟩=1.0e-03, Len=sum([2.4, 2.5, 2.4, 2.4, 2.5])=12.3, ϰ=[12.0, 6.7, 7.3, 10.5, 9.4], ∫ϰ²/L>=[18.2, 15.8, 11.7, 18.8, 19.8], C-C-Sep=0.08, ║∇J║=3.6e-05
Iteration 1287/2000-----
currents: [100000.0, 99999.99999769387, 99999.99999728957, 99999.99999718012, 99999.99999778048]
J=2.3e-05, ⟨Jf⟩=1.3e-05, ⟨B·n⟩=1.0e-03, Len=sum([2.4, 2.5, 2.4, 2.4, 2.5])=12.3, ϰ=[12.0, 6.7, 7.3, 10.5, 9.4], ∫ϰ²/L>=[18.2, 15.8, 11.7, 18.8, 19.8], C-C-Sep=0.08, ║∇J║=6.7e-05
Iteration 1288/2000-----
currents: [100000.0, 99999.9999976925, 99999.9999972875, 99999.99999717709, 99999.99999777842]
J=2.3e-05, ⟨Jf⟩=1.3e-05, ⟨B·n⟩=1.0e-03, Len=sum([2.4, 2.5, 2.4, 2.4, 2.5])=12.3, ϰ=[12.0, 6.7, 7.3, 10.5, 9.4], ∫ϰ²/L>=[18.2, 15.8, 11.7, 18.8, 19.8], C-C-Sep=0.08, ║∇J║=6.3e-05
Iteration 1289/2000-----
currents: [100000.0, 99999.99999769298, 99999.99999728818, 99999.99999717806, 99999.99999777913]
J=2.3e-05, ⟨Jf⟩=1.3e-05, ⟨B·n⟩=1.0e-03, Len=sum([2.4, 2.5, 2.4, 2.4, 2.5])=12.3, ϰ=[12.0, 6.7, 7.3, 10.5, 9.4], ∫ϰ²/L>=[18.2, 15.8, 11.7, 18.8, 19.8], C-C-Sep=0.08, ║∇J║=3.3e-05
Iteration 1290/2000-----
currents: [100000.0, 99999.99999769323, 99999.99999728848, 99999.99999717849, 99999.99999777945]
J=2.3e-05, ⟨Jf⟩=1.3e-05, ⟨B·n⟩=1.0e-03, Len=sum([2.4, 2.5, 2.4, 2.4, 2.5])=12.3, ϰ=[12.0, 6.7, 7.3, 10.5, 9.4], ∫ϰ²/L>=[18.2, 15.8, 11.7, 18.8, 19.8], C-C-Sep=0.08, ║∇J║=3.3e-05
Iteration 1291/2000-----
currents: [100000.0, 99999.99999769306, 99999.99999728822, 99999.99999717808, 99999.99999777923]
J=2.3e-05, ⟨Jf⟩=1.3e-05, ⟨B·n⟩=1.0e-03, Len=sum([2.4, 2.5, 2.4, 2.4, 2.5])=12.3, ϰ=[12.0, 6.7, 7.3, 10.5, 9.4], ∫ϰ²/L>=[18.2, 15.8, 11.7, 18.8, 19.8], C-C-Sep=0.08, ║∇J║=3.6e-05
Iteration 1292/2000-----
currents: [100000.0, 99999.99999769212, 99999.99999728687, 99999.99999717606, 99999.99999777798]
J=2.3e-05, ⟨Jf⟩=1.3e-05, ⟨B·n⟩=1.0e-03, Len=sum([2.4, 2.5, 2.4, 2.4, 2.5])=12.3, ϰ=[12.0, 6.7, 7.3, 10.4, 9.4], ∫ϰ²/L>=[18.2, 15.8, 11.7, 18.8, 19.8], C-C-Sep=0.08, ║∇J║=9.1e-05
Iteration 1293/2000-----
currents: [100000.0, 99999.99999769146, 99999.99999728594, 99999.99999717469, 99999.9999977771]
J=2.3e-05, ⟨Jf⟩=1.3e-05, ⟨B·n⟩=1.0e-03, Len=sum([2.4, 2.5, 2.4, 2.4, 2.5])=12.3, ϰ=[12.0, 6.7, 7.3, 10.4, 9.4], ∫ϰ²/L>=[18.2, 15.9, 11.7, 18.8, 19.8], C-C-Sep=0.08, ║∇J║=3.0e-05
Iteration 1294/2000-----
currents: [100000.0, 99999.99999769127, 99999.99999728569, 99999.99999717432, 99999.99999777686]
J=2.3e-05, ⟨Jf⟩=1.3e-05, ⟨B·n⟩=1.0e-03, Len=sum([2.4, 2.5, 2.4, 2.4, 2.5])=12.3, ϰ=[12.0, 6.7, 7.3, 10.4, 9.4], ∫ϰ²/L>=[18.2, 15.9, 11.7, 18.8, 19.8], C-C-Sep=0.08, ║∇J║=2.5e-05
Iteration 1295/2000-----
currents: [100000.0, 99999.9999976904, 99999.99999728448, 99999.99999717256, 99999.99999777568]
J=2.3e-05, ⟨Jf⟩=1.3e-05, ⟨B·n⟩=1.0e-03, Len=sum([2.4, 2.5, 2.4, 2.4, 2.5])=12.3, ϰ=[12.0, 6.7, 7.3, 10.4, 9.4], ∫ϰ²/L>=[18.2, 15.9, 11.7, 18.8, 19.8], C-C-Sep=0.08, ║∇J║=3.1e-05
Iteration 1296/2000-----
currents: [100000.0, 99999.99999768962, 99999.99999728345, 99999.999997171, 99999.99999777472]
J=2.3e-05, ⟨Jf⟩=1.3e-05, ⟨B·n⟩=1.0e-03, Len=sum([2.4, 2.5, 2.4, 2.4, 2.5])=12.3, ϰ=[12.0, 6.7, 7.3, 10.4, 9.4], ∫ϰ²/L>=[18.2, 15.9, 11.7, 18.8, 19.8], C-C-Sep=0.08, ║∇J║=8.6e-05
Iteration 1297/2000-----
currents: [100000.0, 99999.9999976893, 99999.99999728297, 99999.99999717031, 99999.99999777423]
J=2.3e-05, ⟨Jf⟩=1.3e-05, ⟨B·n⟩=1.0e-03, Len=sum([2.4, 2.5, 2.4, 2.4, 2.5])=12.3, ϰ=[12.0, 6.7, 7.3, 10.4, 9.4], ∫ϰ²/L>=[18.2, 15.9, 11.7, 18.8, 19.8], C-C-Sep=0.08, ║∇J║=3.7e-05
Iteration 1298/2000-----
currents: [100000.0, 99999.99999768904, 99999.99999728258, 99999.99999716971, 99999.99999777382]
J=2.3e-05, ⟨Jf⟩=1.3e-05, ⟨B·n⟩=1.0e-03, Len=sum([2.4, 2.5, 2.4, 2.4, 2.5])=12.3, ϰ=[12.0, 6.7, 7.3, 10.4, 9.4], ∫ϰ²/L>=[18.2, 15.9, 11.7, 18.8, 19.8], C-C-Sep=0.08, ║∇J║=3.0e-05
Iteration 1299/2000-----
currents: [100000.0, 99999.9999976887, 99999.99999728208, 99999.99999716894, 99999.99999777332]
J=2.3e-05, ⟨Jf⟩=1.3e-05, ⟨B·n⟩=1.0e-03, Len=sum([2.4, 2.5, 2.4, 2.4, 2.5])=12.3, ϰ=[12.0, 6.7, 7.3, 10.4, 9.4], ∫ϰ²/L>=[18.2, 15.9, 11.7, 18.8, 19.8], C-C-Sep=0.08, ║∇J║=3.7e-05
Iteration 1300/2000-----
currents: [100000.0, 99999.99999768795, 99999.99999728099, 99999.99999716728, 99999.99999777223]
J=2.3e-05, ⟨Jf⟩=1.3e-05, ⟨B·n⟩=1.0e-03, Len=sum([2.4, 2.5, 2.4, 2.4, 2.5])=12.3, ϰ=[12.0, 6.7, 7.3, 10.4, 9.4], ∫ϰ²/L>=[18.2, 15.9, 11.7, 18.8, 19.8], C-C-Sep=0.08, ║∇J║=3.7e-05
Iteration 1301/2000-----
currents: [100000.0, 99999.99999768607, 99999.99999727828, 99999.99999716322, 99999.99999776956]
J=2.3e-05, ⟨Jf⟩=1.3e-05, ⟨B·n⟩=1.0e-03, Len=sum([2.4, 2.5, 2.4, 2.4, 2.5])=12.3, ϰ=[12.0, 6.7, 7.2, 10.4, 9.4], ∫ϰ²/L>=[18.2, 15.9, 11.7, 18.8, 19.8], C-C-Sep=0.08, ║∇J║=6.6e-05
Iteration 1302/2000-----
currents: [100000.0, 99999.99999768526, 99999.99999727716, 99999.9999971615, 99999.99999776843]
J=2.3e-05, ⟨Jf⟩=1.3e-05, ⟨B·n⟩=1.0e-03, Len=sum([2.4, 2.5, 2.4, 2.4, 2.5])=12.3, ϰ=[12.0, 6.7, 7.2, 10.4, 9.4], ∫ϰ²/L>=[18.2, 15.9, 11.7, 18.8, 19.8], C-C-Sep=0.08, ║∇J║=5.5e-05
Iteration 1303/2000-----
currents: [100000.0, 99999.9999976855, 99999.99999727753, 99999.99999716203, 99999.99999776878]
J=2.3e-05, ⟨Jf⟩=1.3e-05, ⟨B·n⟩=1.0e-03, Len=sum([2.4, 2.5, 2.4, 2.4, 2.5])=12.3, ϰ=[12.0, 6.7, 7.2, 10.4, 9.4], ∫ϰ²/L>=[18.2, 15.9, 11.7, 18.8, 19.8], C-C-Sep=0.08, ║∇J║=2.9e-05
Iteration 1304/2000-----
currents: [100000.0, 99999.99999768553, 99999.99999727758, 99999.99999716209, 99999.99999776883]
J=2.3e-05, ⟨Jf⟩=1.3e-05, ⟨B·n⟩=1.0e-03, Len=sum([2.4, 2.5, 2.4, 2.4, 2.5])=12.3, ϰ=[12.0, 6.7, 7.2, 10.4, 9.4], ∫ϰ²/L>=[18.2, 15.9, 11.7, 18.8, 19.8], C-C-Sep=0.08, ║∇J║=2.6e-05
Iteration 1305/2000-----
currents: [100000.0, 99999.99999768524, 99999.99999727719, 99999.99999716143, 99999.9999977684]
J=2.3e-05, ⟨Jf⟩=1.3e-05, ⟨B·n⟩=1.0e-03, Len=sum([2.4, 2.5, 2.4, 2.4, 2.5])=12.3, ϰ=[12.0, 6.7, 7.2, 10.4, 9.4], ∫ϰ²/L>=[18.2, 15.9, 11.7, 18.8, 19.8], C-C-Sep=0.08, ║∇J║=3.8e-05
Iteration 1306/2000-----
currents: [100000.0, 99999.9999976849, 99999.99999727677, 99999.99999716063, 99999.99999776793]
J=2.3e-05, ⟨Jf⟩=1.3e-05, ⟨B·n⟩=1.0e-03, Len=sum([2.4, 2.5, 2.4, 2.4, 2.5])=12.3, ϰ=[12.0, 6.7, 7.2, 10.5, 9.4], ∫ϰ²/L>=[18.2, 15.9, 11.7, 18.8, 19.8], C-C-Sep=0.08, ║∇J║=3.7e-05
Iteration 1307/2000-----
currents: [100000.0, 99999.99999768485, 99999.99999727673, 99999.99999716038, 99999.99999776782]
J=2.3e-05, ⟨Jf⟩=1.3e-05, ⟨B·n⟩=1.0e-03, Len=sum([2.4, 2.5, 2.4, 2.4, 2.5])=12.3, ϰ=[12.0, 6.7, 7.2, 10.5, 9.4], ∫ϰ²/L>=[18.2, 15.9, 11.7, 18.8, 19.8], C-C-Sep=0.08, ║∇J║=3.1e-05
Iteration 1308/2000-----
currents: [100000.0, 99999.99999768469, 99999.99999727654, 99999.99999715989, 99999.99999776755]
J=2.3e-05, ⟨Jf⟩=1.3e-05, ⟨B·n⟩=1.0e-03, Len=sum([2.4, 2.5, 2.4, 2.4, 2.5])=12.3, ϰ=[12.0, 6.7, 7.2, 10.5, 9.4], ∫ϰ²/L>=[18.2, 15.9, 11.7, 18.8, 19.8], C-C-Sep=0.08, ║∇J║=4.4e-05
Iteration 1309/2000-----
currents: [100000.0, 99999.99999768459, 99999.99999727642, 99999.99999715955, 99999.99999776737]
J=2.3e-05, ⟨Jf⟩=1.3e-05, ⟨B·n⟩=1.0e-03, Len=sum([2.4, 2.5, 2.4, 2.4, 2.5])=12.3, ϰ=[12.0, 6.7, 7.2, 10.5, 9.4], ∫ϰ²/L>=[18.2, 15.9, 11.7, 18.8, 19.8], C-C-Sep=0.08, ║∇J║=5.6e-05
Iteration 1310/2000-----
currents: [100000.0, 99999.9999976849, 99999.9999972769, 99999.99999716022, 99999.99999776784]
J=2.3e-05, ⟨Jf⟩=1.3e-05, ⟨B·n⟩=1.0e-03, Len=sum([2.4, 2.5, 2.4, 2.4, 2.5])=12.3, ϰ=[12.0, 6.7, 7.2, 10.5, 9.4], ∫ϰ²/L>=[18.2, 15.9, 11.7, 18.8, 19.8], C-C-Sep=0.08, ║∇J║=3.2e-05
Iteration 1311/2000-----
currents: [100000.0, 99999.99999768466, 99999.99999727657, 99999.99999715971, 99999.99999776749]
J=2.3e-05, ⟨Jf⟩=1.3e-05, ⟨B·n⟩=1.0e-03, Len=sum([2.4, 2.5, 2.4, 2.4, 2.5])=12.3, ϰ=[12.0, 6.7, 7.2, 10.5, 9.4], ∫ϰ²/L>=[18.2, 15.9, 11.7, 18.8, 19.8], C-C-Sep=0.08, ║∇J║=3.1e-05
Iteration 1312/2000-----
currents: [100000.0, 99999.99999768453, 99999.99999727642, 99999.9999971594, 99999.9999977673]
J=2.3e-05, ⟨Jf⟩=1.3e-05, ⟨B·n⟩=1.0e-03, Len=sum([2.4, 2.5, 2.4, 2.4, 2.5])=12.3, ϰ=[12.0, 6.7, 7.2, 10.5, 9.4], ∫ϰ²/L>=[18.2, 15.9, 11.7, 18.8, 19.8], C-C-Sep=0.08, ║∇J║=3.5e-05
Iteration 1313/2000-----
currents: [100000.0, 99999.9999976832, 99999.99999727457, 99999.99999715647, 99999.99999776532]
J=2.3e-05, ⟨Jf⟩=1.3e-05, ⟨B·n⟩=1.0e-03, Len=sum([2.4, 2.5, 2.4, 2.4, 2.5])=12.3, ϰ=[12.0, 6.7, 7.2, 10.5, 9.4], ∫ϰ²/L>=[18.2, 15.9, 11.7, 18.8, 19.8], C-C-Sep=0.08, ║∇J║=7.6e-05
Iteration 1314/2000-----
currents: [100000.0, 99999.99999768207, 99999.999997273, 99999.99999715397, 99999.99999776363]
J=2.3e-05, ⟨Jf⟩=1.3e-05, ⟨B·n⟩=1.0e-03, Len=sum([2.4, 2.5, 2.4, 2.4, 2.5])=12.3, ϰ=[12.0, 6.7, 7.2, 10.5, 9.4], ∫ϰ²/L>=[18.2, 15.9, 11.7, 18.8, 19.8], C-C-Sep=0.08, ║∇J║=4.2e-05
Iteration 1315/2000-----
currents: [100000.0, 99999.99999768223, 99999.99999727326, 99999.99999715427, 99999.99999776385]
J=2.3e-05, ⟨Jf⟩=1.3e-05, ⟨B·n⟩=1.0e-03, Len=sum([2.4, 2.5, 2.4, 2.4, 2.5])=12.3, ϰ=[12.0, 6.7, 7.2, 10.5, 9.4], ∫ϰ²/L>=[18.2, 15.9, 11.7, 18.8, 19.8], C-C-Sep=0.08, ║∇J║=2.9e-05
Iteration 1316/2000-----
currents: [100000.0, 99999.99999768128, 99999.9999972719, 99999.99999715222, 99999.99999776238]
J=2.3e-05, ⟨Jf⟩=1.3e-05, ⟨B·n⟩=1.0e-03, Len=sum([2.4, 2.5, 2.4, 2.4, 2.5])=12.3, ϰ=[12.0, 6.7, 7.2, 10.5, 9.4], ∫ϰ²/L>=[18.2, 15.9, 11.7, 18.8, 19.8], C-C-Sep=0.08, ║∇J║=4.0e-05
Iteration 1317/2000-----
currents: [100000.0, 99999.99999767992, 99999.99999726993, 99999.99999714931, 99999.99999776037]
J=2.3e-05, ⟨Jf⟩=1.3e-05, ⟨B·n⟩=1.0e-03, Len=sum([2.4, 2.5, 2.4, 2.4, 2.5])=12.3, ϰ=[12.0, 6.7, 7.3, 10.5, 9.4], ∫ϰ²/L>=[18.2, 15.9, 11.7, 18.8, 19.8], C-C-Sep=0.08, ║∇J║=6.1e-05
Iteration 1318/2000-----
currents: [100000.0, 99999.99999768008, 99999.9999972702, 99999.99999714961, 99999.9999977606]
J=2.3e-05, ⟨Jf⟩=1.3e-05, ⟨B·n⟩=1.0e-03, Len=sum([2.4, 2.5, 2.4, 2.4, 2.5])=12.3, ϰ=[12.0, 6.7, 7.3, 10.5, 9.4], ∫ϰ²/L>=[18.2, 15.9, 11.7, 18.8, 19.8], C-C-Sep=0.08, ║∇J║=3.6e-05
Iteration 1319/2000-----
currents: [100000.0, 99999.9999976791, 99999.99999726882, 99999.99999714753, 99999.99999775915]
J=2.3e-05, ⟨Jf⟩=1.3e-05, ⟨B·n⟩=1.0e-03, Len=sum([2.4, 2.5, 2.4, 2.4, 2.5])=12.3, ϰ=[12.0, 6.7, 7.3, 10.5, 9.4], ∫ϰ²/L>=[18.2, 15.9, 11.7, 18.8, 19.8], C-C-Sep=0.08, ║∇J║=2.7e-05
Iteration 1320/2000-----
currents: [100000.0, 99999.99999767836, 99999.99999726776, 99999.99999714593, 99999.99999775807]
J=2.3e-05, ⟨Jf⟩=1.3e-05, ⟨B·n⟩=1.0e-03, Len=sum([2.4, 2.5, 2.4, 2.4, 2.5])=12.3, ϰ=[12.0, 6.7, 7.3, 10.5, 9.4], ∫ϰ²/L>=[18.2, 15.9, 11.7, 18.8, 19.8], C-C-Sep=0.08, ║∇J║=4.4e-05
Iteration 1321/2000-----
currents: [100000.0, 99999.99999767795, 99999.99999726718, 99999.999997145, 99999.99999775745]
J=2.3e-05, ⟨Jf⟩=1.3e-05, ⟨B·n⟩=1.0e-03, Len=sum([2.4, 2.5, 2.4, 2.4, 2.5])=12.3, ϰ=[12.0, 6.7, 7.3, 10.5, 9.4], ∫ϰ²/L>=[18.2, 15.9, 11.7, 18.8, 19.8], C-C-Sep=0.08, ║∇J║=3.3e-05
Iteration 1322/2000-----
currents: [100000.0, 99999.99999767671, 99999.99999726537, 99999.9999971423, 99999.99999775557]
J=2.3e-05, ⟨Jf⟩=1.3e-05, ⟨B·n⟩=1.0e-03, Len=sum([2.4, 2.5, 2.4, 2.4, 2.5])=12.3, ϰ=[12.0, 6.7, 7.3, 10.5, 9.4], ∫ϰ²/L>=[18.2, 15.9, 11.7, 18.8, 19.8], C-C-Sep=0.08, ║∇J║=3.4e-05
Iteration 1323/2000-----
currents: [100000.0, 99999.99999767575, 99999.99999726398, 99999.99999714016, 99999.99999775414]
J=2.3e-05, ⟨Jf⟩=1.3e-05, ⟨B·n⟩=1.0e-03, Len=sum([2.4, 2.5, 2.4, 2.4, 2.5])=12.3, ϰ=[12.0, 6.7, 7.3, 10.5, 9.4], ∫ϰ²/L>=[18.2, 15.9, 11.7, 18.8, 19.8], C-C-Sep=0.08, ║∇J║=7.5e-05
Iteration 1324/2000-----
currents: [100000.0, 99999.9999976762, 99999.99999726466, 99999.99999714113, 99999.99999775481]
J=2.3e-05, ⟨Jf⟩=1.3e-05, ⟨B·n⟩=1.0e-03, Len=sum([2.4, 2.5, 2.4, 2.4, 2.5])=12.3, ϰ=[12.0, 6.7, 7.3, 10.5, 9.4], ∫ϰ²/L>=[18.2, 15.9, 11.7, 18.8, 19.8], C-C-Sep=0.08, ║∇J║=3.4e-05
Iteration 1325/2000-----
currents: [100000.0, 99999.99999767618, 99999.99999726466, 99999.99999714109, 99999.99999775478]
J=2.3e-05, ⟨Jf⟩=1.3e-05, ⟨B·n⟩=1.0e-03, Len=sum([2.4, 2.5, 2.4, 2.4, 2.5])=12.3, ϰ=[12.0, 6.7, 7.3, 10.5, 9.4], ∫ϰ²/L>=[18.2, 15.9, 11.7, 18.8, 19.8], C-C-Sep=0.08, ║∇J║=2.8e-05
Iteration 1326/2000-----
currents: [100000.0, 99999.99999767619, 99999.99999726476, 99999.99999714109, 99999.99999775483]
J=2.3e-05, ⟨Jf⟩=1.3e-05, ⟨B·n⟩=1.0e-03, Len=sum([2.4, 2.5, 2.4, 2.4, 2.5])=12.3, ϰ=[12.0, 6.7, 7.3, 10.5, 9.4], ∫ϰ²/L>=[18.2, 15.9, 11.7, 18.8, 19.8], C-C-Sep=0.08, ║∇J║=3.7e-05
Iteration 1327/2000-----
currents: [100000.0, 99999.9999976758, 99999.99999726428, 99999.99999714017, 99999.99999775423]
J=2.3e-05, ⟨Jf⟩=1.3e-05, ⟨B·n⟩=1.0e-03, Len=sum([2.4, 2.5, 2.4, 2.4, 2.5])=12.3, ϰ=[12.0, 6.7, 7.3, 10.5, 9.4], ∫ϰ²/L>=[18.2, 15.9, 11.7, 18.8, 19.8], C-C-Sep=0.08, ║∇J║=3.8e-05
Iteration 1328/2000-----
currents: [100000.0, 99999.99999767498, 99999.99999726326, 99999.99999713831, 99999.99999775304]
J=2.3e-05, ⟨Jf⟩=1.3e-05, ⟨B·n⟩=1.0e-03, Len=sum([2.4, 2.5, 2.4, 2.4, 2.5])=12.3, ϰ=[12.0, 6.7, 7.3, 10.5, 9.4], ∫ϰ²/L>=[18.2, 15.9, 11.7, 18.8, 19.8], C-C-Sep=0.08, ║∇J║=9.3e-05
Iteration 1329/2000-----
currents: [100000.0, 99999.99999767495, 99999.99999726326, 99999.9999971381, 99999.99999775291]
J=2.3e-05, ⟨Jf⟩=1.3e-05, ⟨B·n⟩=1.0e-03, Len=sum([2.4, 2.5, 2.4, 2.4, 2.5])=12.3, ϰ=[12.0, 6.7, 7.3, 10.5, 9.4], ∫ϰ²/L>=[18.2, 15.9, 11.7, 18.8, 19.8], C-C-Sep=0.08, ║∇J║=3.4e-05
Iteration 1330/2000-----
currents: [100000.0, 99999.99999767481, 99999.99999726305, 99999.99999713775, 99999.99999775266]
J=2.3e-05, ⟨Jf⟩=1.3e-05, ⟨B·n⟩=1.0e-03, Len=sum([2.4, 2.5, 2.4, 2.4, 2.5])=12.3, ϰ=[12.0, 6.7, 7.3, 10.5, 9.4], ∫ϰ²/L>=[18.2, 15.9, 11.7, 18.8, 19.8], C-C-Sep=0.08, ║∇J║=2.7e-05
Iteration 1331/2000-----
currents: [100000.0, 99999.9999976747, 99999.99999726293, 99999.99999713746, 99999.99999775249]
J=2.3e-05, ⟨Jf⟩=1.3e-05, ⟨B·n⟩=1.0e-03, Len=sum([2.4, 2.5, 2.4, 2.4, 2.5])=12.3, ϰ=[12.0, 6.7, 7.3, 10.5, 9.4], ∫ϰ²/L>=[18.2, 15.9, 11.7, 18.8, 19.8], C-C-Sep=0.08, ║∇J║=3.8e-05
Iteration 1332/2000-----
currents: [100000.0, 99999.99999767465, 99999.99999726292, 99999.99999713725, 99999.9999977524]
J=2.3e-05, ⟨Jf⟩=1.3e-05, ⟨B·n⟩=1.0e-03, Len=sum([2.4, 2.5, 2.4, 2.4, 2.5])=12.3, ϰ=[12.0, 6.7, 7.3, 10.5, 9.4], ∫ϰ²/L>=[18.2, 15.9, 11.7, 18.8, 19.8], C-C-Sep=0.08, ║∇J║=1.1e-04
Iteration 1333/2000-----
currents: [100000.0, 99999.99999767468, 99999.99999726293, 99999.99999713736, 99999.99999775244]
J=2.3e-05, ⟨Jf⟩=1.3e-05, ⟨B·n⟩=1.0e-03, Len=sum([2.4, 2.5, 2.4, 2.4, 2.5])=12.3, ϰ=[12.0, 6.7, 7.3, 10.5, 9.4], ∫ϰ²/L>=[18.2, 15.9, 11.7, 18.8, 19.8], C-C-Sep=0.08, ║∇J║=5.1e-05
Iteration 1334/2000-----
currents: [100000.0, 99999.99999767443, 99999.99999726261, 99999.99999713682, 99999.99999775208]
J=2.3e-05, ⟨Jf⟩=1.3e-05, ⟨B·n⟩=1.0e-03, Len=sum([2.4, 2.5, 2.4, 2.4, 2.5])=12.3, ϰ=[12.0, 6.7, 7.3, 10.5, 9.4], ∫ϰ²/L>=[18.2, 15.9, 11.7, 18.8, 19.8], C-C-Sep=0.08, ║∇J║=3.6e-05
Iteration 1335/2000-----
currents: [100000.0, 99999.99999767417, 99999.99999726232, 99999.99999713623, 99999.99999775173]
J=2.3e-05, ⟨Jf⟩=1.3e-05, ⟨B·n⟩=1.0e-03, Len=sum([2.4, 2.5, 2.4, 2.4, 2.5])=12.3, ϰ=[12.0, 6.7, 7.3, 10.5, 9.4], ∫ϰ²/L>=[18.2, 15.9, 11.7, 18.8, 19.8], C-C-Sep=0.08, ║∇J║=2.6e-05
Iteration 1336/2000-----
currents: [100000.0, 99999.99999767373, 99999.99999726174, 99999.99999713527, 99999.99999775109]
J=2.3e-05, ⟨Jf⟩=1.3e-05, ⟨B·n⟩=1.0e-03, Len=sum([2.4, 2.5, 2.4, 2.4, 2.5])=12.3, ϰ=[12.0, 6.7, 7.3, 10.5, 9.4], ∫ϰ²/L>=[18.2, 15.9, 11.7, 18.8, 19.8], C-C-Sep=0.08, ║∇J║=3.7e-05
Iteration 1337/2000-----
currents: [100000.0, 99999.9999976733, 99999.99999726117, 99999.99999713426, 99999.99999775043]
J=2.3e-05, ⟨Jf⟩=1.3e-05, ⟨B·n⟩=1.0e-03, Len=sum([2.4, 2.5, 2.4, 2.4, 2.5])=12.3, ϰ=[12.0, 6.7, 7.3, 10.5, 9.4], ∫ϰ²/L>=[18.2, 15.9, 11.7, 18.8, 19.8], C-C-Sep=0.08, ║∇J║=3.3e-05
Iteration 1338/2000-----
currents: [100000.0, 99999.99999767318, 99999.99999726101, 99999.99999713397, 99999.99999775024]
J=2.3e-05, ⟨Jf⟩=1.3e-05, ⟨B·n⟩=1.0e-03, Len=sum([2.4, 2.5, 2.4, 2.4, 2.5])=12.3, ϰ=[12.0, 6.7, 7.3, 10.5, 9.4], ∫ϰ²/L>=[18.2, 15.9, 11.7, 18.8, 19.8], C-C-Sep=0.08, ║∇J║=2.4e-05
Iteration 1339/2000-----
currents: [100000.0, 99999.99999767268, 99999.99999726028, 99999.99999713284, 99999.99999774943]
J=2.3e-05, ⟨Jf⟩=1.3e-05, ⟨B·n⟩=1.0e-03, Len=sum([2.4, 2.5, 2.4, 2.4, 2.5])=12.3, ϰ=[12.0, 6.7, 7.3, 10.5, 9.4], ∫ϰ²/L>=[18.2, 15.9, 11.7, 18.8, 19.8], C-C-Sep=0.08, ║∇J║=2.8e-05
Iteration 1340/2000-----
currents: [100000.0, 99999.99999767228, 99999.9999972597, 99999.99999713189, 99999.99999774878]
J=2.3e-05, ⟨Jf⟩=1.3e-05, ⟨B·n⟩=1.0e-03, Len=sum([2.4, 2.5, 2.4, 2.4, 2.5])=12.3, ϰ=[12.0, 6.7, 7.3, 10.5, 9.4], ∫ϰ²/L>=[18.2, 15.9, 11.7, 18.8, 19.8], C-C-Sep=0.08, ║∇J║=3.8e-05
Iteration 1341/2000-----
currents: [100000.0, 99999.99999767137, 99999.99999725842, 99999.99999712987, 99999.99999774736]
J=2.3e-05, ⟨Jf⟩=1.3e-05, ⟨B·n⟩=1.0e-03, Len=sum([2.4, 2.5, 2.4, 2.4, 2.5])=12.3, ϰ=[12.0, 6.7, 7.3, 10.5, 9.4], ∫ϰ²/L>=[18.2, 16.0, 11.7, 18.8, 19.8], C-C-Sep=0.08, ║∇J║=4.8e-05
Iteration 1342/2000-----
currents: [100000.0, 99999.99999767085, 99999.99999725768, 99999.9999971287, 99999.99999774653]
J=2.3e-05, ⟨Jf⟩=1.3e-05, ⟨B·n⟩=1.0e-03, Len=sum([2.4, 2.5, 2.4, 2.4, 2.5])=12.3, ϰ=[12.0, 6.7, 7.3, 10.5, 9.4], ∫ϰ²/L>=[18.2, 16.0, 11.7, 18.8, 19.8], C-C-Sep=0.08, ║∇J║=3.0e-05
Iteration 1343/2000-----
currents: [100000.0, 99999.99999767065, 99999.99999725739, 99999.99999712827, 99999.99999774624]
J=2.3e-05, ⟨Jf⟩=1.3e-05, ⟨B·n⟩=1.0e-03, Len=sum([2.4, 2.5, 2.4, 2.4, 2.5])=12.3, ϰ=[12.0, 6.7, 7.3, 10.5, 9.4], ∫ϰ²/L>=[18.2, 16.0, 11.7, 18.8, 19.8], C-C-Sep=0.08, ║∇J║=2.4e-05
Iteration 1344/2000-----
currents: [100000.0, 99999.99999767047, 99999.99999725712, 99999.99999712784, 99999.99999774595]
J=2.3e-05, ⟨Jf⟩=1.3e-05, ⟨B·n⟩=1.0e-03, Len=sum([2.4, 2.5, 2.4, 2.4, 2.5])=12.3, ϰ=[12.0, 6.7, 7.3, 10.5, 9.4], ∫ϰ²/L>=[18.2, 16.0, 11.7, 18.8, 19.8], C-C-Sep=0.08, ║∇J║=3.0e-05
Iteration 1345/2000-----
currents: [100000.0, 99999.99999767002, 99999.99999725644, 99999.9999971268, 99999.99999774521]
J=2.3e-05, ⟨Jf⟩=1.3e-05, ⟨B·n⟩=1.0e-03, Len=sum([2.4, 2.5, 2.4, 2.4, 2.5])=12.3, ϰ=[12.0, 6.7, 7.3, 10.5, 9.4], ∫ϰ²/L>=[18.2, 16.0, 11.7, 18.8, 19.8], C-C-Sep=0.08, ║∇J║=4.9e-05
Iteration 1346/2000-----
currents: [100000.0, 99999.99999766993, 99999.9999972563, 99999.99999712655, 99999.99999774502]
J=2.3e-05, ⟨Jf⟩=1.3e-05, ⟨B·n⟩=1.0e-03, Len=sum([2.4, 2.5, 2.4, 2.4, 2.5])=12.3, ϰ=[12.0, 6.7, 7.3, 10.5, 9.4], ∫ϰ²/L>=[18.2, 16.0, 11.7, 18.8, 19.8], C-C-Sep=0.08, ║∇J║=2.6e-05
Iteration 1347/2000-----
currents: [100000.0, 99999.99999766996, 99999.9999972563, 99999.99999712649, 99999.99999774495]
J=2.3e-05, ⟨Jf⟩=1.3e-05, ⟨B·n⟩=1.0e-03, Len=sum([2.4, 2.5, 2.4, 2.4, 2.5])=12.3, ϰ=[12.0, 6.7, 7.3, 10.5, 9.4], ∫ϰ²/L>=[18.2, 16.0, 11.7, 18.8, 19.8], C-C-Sep=0.08, ║∇J║=2.5e-05
Iteration 1348/2000-----
currents: [100000.0, 99999.99999766977, 99999.99999725597, 99999.99999712598, 99999.99999774456]
J=2.3e-05, ⟨Jf⟩=1.3e-05, ⟨B·n⟩=1.0e-03, Len=sum([2.4, 2.5, 2.4, 2.4, 2.5])=12.3, ϰ=[12.0, 6.7, 7.3, 10.5, 9.4], ∫ϰ²/L>=[18.2, 16.0, 11.7, 18.8, 19.8], C-C-Sep=0.08, ║∇J║=2.9e-05
Iteration 1349/2000-----
currents: [100000.0, 99999.99999766951, 99999.99999725552, 99999.99999712523, 99999.99999774396]
J=2.3e-05, ⟨Jf⟩=1.3e-05, ⟨B·n⟩=1.0e-03, Len=sum([2.4, 2.5, 2.4, 2.4, 2.5])=12.3, ϰ=[12.0, 6.7, 7.3, 10.5, 9.4], ∫ϰ²/L>=[18.2, 16.0, 11.7, 18.8, 19.8], C-C-Sep=0.08, ║∇J║=4.0e-05
Iteration 1350/2000-----
currents: [100000.0, 99999.99999766905, 99999.9999972547, 99999.99999712392, 99999.99999774287]
J=2.3e-05, ⟨Jf⟩=1.3e-05, ⟨B·n⟩=1.0e-03, Len=sum([2.4, 2.5, 2.4, 2.4, 2.5])=12.3, ϰ=[12.0, 6.7, 7.3, 10.5, 9.4], ∫ϰ²/L>=[18.2, 16.0, 11.7, 18.8, 19.8], C-C-Sep=0.08, ║∇J║=8.1e-05
Iteration 1351/2000-----
currents: [100000.0, 99999.99999766887, 99999.99999725449, 99999.99999712364, 99999.99999774274]
J=2.3e-05, ⟨Jf⟩=1.3e-05, ⟨B·n⟩=1.0e-03, Len=sum([2.4, 2.5, 2.4, 2.4, 2.5])=12.3, ϰ=[12.0, 6.7, 7.3, 10.5, 9.4], ∫ϰ²/L>=[18.2, 16.0, 11.7, 18.8, 19.8], C-C-Sep=0.08, ║∇J║=2.5e-05
Iteration 1352/2000-----
currents: [100000.0, 99999.99999766887, 99999.99999725452, 99999.99999712368, 99999.99999774278]
J=2.3e-05, ⟨Jf⟩=1.3e-05, ⟨B·n⟩=1.0e-03, Len=sum([2.4, 2.5, 2.4, 2.4, 2.5])=12.3, ϰ=[12.0, 6.7, 7.3, 10.5, 9.4], ∫ϰ²/L>=[18.2, 16.0, 11.7, 18.8, 19.8], C-C-Sep=0.08, ║∇J║=2.6e-05
Iteration 1353/2000-----
currents: [100000.0, 99999.99999766846, 99999.99999725394, 99999.99999712281, 99999.99999774215]
J=2.3e-05, ⟨Jf⟩=1.3e-05, ⟨B·n⟩=1.0e-03, Len=sum([2.4, 2.5, 2.4, 2.4, 2.5])=12.3, ϰ=[12.0, 6.7, 7.3, 10.5, 9.4], ∫ϰ²/L>=[18.2, 16.0, 11.7, 18.8, 19.8], C-C-Sep=0.08, ║∇J║=3.5e-05
Iteration 1354/2000-----
currents: [100000.0, 99999.99999766806, 99999.99999725337, 99999.99999712186, 99999.99999774147]
J=2.3e-05, ⟨Jf⟩=1.3e-05, ⟨B·n⟩=1.0e-03, Len=sum([2.4, 2.5, 2.4, 2.4, 2.5])=12.3, ϰ=[12.0, 6.7, 7.3, 10.5, 9.4], ∫ϰ²/L>=[18.2, 16.0, 11.7, 18.8, 19.8], C-C-Sep=0.08, ║∇J║=7.9e-05
Iteration 1355/2000-----
currents: [100000.0, 99999.99999766792, 99999.99999725312, 99999.99999712149, 99999.99999774118]
J=2.3e-05, ⟨Jf⟩=1.3e-05, ⟨B·n⟩=1.0e-03, Len=sum([2.4, 2.5, 2.4, 2.4, 2.5])=12.3, ϰ=[12.0, 6.7, 7.3, 10.5, 9.4], ∫ϰ²/L>=[18.2, 16.0, 11.7, 18.8, 19.8], C-C-Sep=0.08, ║∇J║=3.0e-05
Iteration 1356/2000-----
currents: [100000.0, 99999.99999766769, 99999.99999725273, 99999.99999712087, 99999.99999774073]
J=2.3e-05, ⟨Jf⟩=1.3e-05, ⟨B·n⟩=1.0e-03, Len=sum([2.4, 2.5, 2.4, 2.4, 2.5])=12.3, ϰ=[12.0, 6.7, 7.3, 10.5, 9.4], ∫ϰ²/L>=[18.2, 16.0, 11.7, 18.8, 19.8], C-C-Sep=0.08, ║∇J║=2.3e-05
Iteration 1357/2000-----
currents: [100000.0, 99999.99999766768, 99999.99999725266, 99999.9999971207, 99999.9999977406]
J=2.3e-05, ⟨Jf⟩=1.3e-05, ⟨B·n⟩=1.0e-03, Len=sum([2.4, 2.5, 2.4, 2.4, 2.5])=12.3, ϰ=[12.0, 6.7, 7.3, 10.5, 9.4], ∫ϰ²/L>=[18.2, 16.0, 11.7, 18.8, 19.8], C-C-Sep=0.08, ║∇J║=3.0e-05
Iteration 1358/2000-----
currents: [100000.0, 99999.99999766747, 99999.99999725232, 99999.99999712015, 99999.99999774022]
J=2.3e-05, ⟨Jf⟩=1.3e-05, ⟨B·n⟩=1.0e-03, Len=sum([2.4, 2.5, 2.4, 2.4, 2.5])=12.3, ϰ=[12.0, 6.7, 7.3, 10.5, 9.4], ∫ϰ²/L>=[18.2, 16.0, 11.7, 18.8, 19.8], C-C-Sep=0.08, ║∇J║=3.0e-05
Iteration 1359/2000-----
currents: [100000.0, 99999.99999766743, 99999.9999972522, 99999.99999711988, 99999.99999774007]
J=2.3e-05, ⟨Jf⟩=1.3e-05, ⟨B·n⟩=1.0e-03, Len=sum([2.4, 2.5, 2.4, 2.4, 2.5])=12.3, ϰ=[12.0, 6.7, 7.3, 10.5, 9.4], ∫ϰ²/L>=[18.2, 16.0, 11.7, 18.8, 19.8], C-C-Sep=0.08, ║∇J║=6.4e-05
Iteration 1360/2000-----
currents: [100000.0, 99999.99999766747, 99999.99999725228, 99999.99999711996, 99999.99999774015]
J=2.3e-05, ⟨Jf⟩=1.3e-05, ⟨B·n⟩=1.0e-03, Len=sum([2.4, 2.5, 2.4, 2.4, 2.5])=12.3, ϰ=[12.0, 6.7, 7.3, 10.5, 9.4], ∫ϰ²/L>=[18.2, 16.0, 11.7, 18.8, 19.8], C-C-Sep=0.08, ║∇J║=2.3e-05
Iteration 1361/2000-----
currents: [100000.0, 99999.99999766727, 99999.999997252, 99999.99999711958, 99999.99999773988]
J=2.3e-05, ⟨Jf⟩=1.3e-05, ⟨B·n⟩=1.0e-03, Len=sum([2.4, 2.5, 2.4, 2.4, 2.5])=12.3, ϰ=[12.0, 6.7, 7.3, 10.5, 9.4], ∫ϰ²/L>=[18.2, 16.0, 11.7, 18.8, 19.8], C-C-Sep=0.08, ║∇J║=2.2e-05
Iteration 1362/2000-----
currents: [100000.0, 99999.99999766721, 99999.99999725193, 99999.99999711945, 99999.99999773983]
J=2.3e-05, ⟨Jf⟩=1.3e-05, ⟨B·n⟩=1.0e-03, Len=sum([2.4, 2.5, 2.4, 2.4, 2.5])=12.3, ϰ=[12.0, 6.7, 7.3, 10.5, 9.4], ∫ϰ²/L>=[18.2, 16.0, 11.7, 18.8, 19.8], C-C-Sep=0.08, ║∇J║=2.7e-05
Iteration 1363/2000-----
currents: [100000.0, 99999.99999766666, 99999.99999725107, 99999.99999711815, 99999.9999977389]
J=2.3e-05, ⟨Jf⟩=1.3e-05, ⟨B·n⟩=1.0e-03, Len=sum([2.4, 2.5, 2.4, 2.4, 2.5])=12.3, ϰ=[12.0, 6.7, 7.3, 10.5, 9.4], ∫ϰ²/L>=[18.2, 16.0, 11.7, 18.8, 19.8], C-C-Sep=0.08, ║∇J║=7.4e-05
Iteration 1364/2000-----
currents: [100000.0, 99999.99999766661, 99999.99999725098, 99999.999997118, 99999.99999773879]
J=2.3e-05, ⟨Jf⟩=1.3e-05, ⟨B·n⟩=1.0e-03, Len=sum([2.4, 2.5, 2.4, 2.4, 2.5])=12.3, ϰ=[12.0, 6.7, 7.3, 10.5, 9.4], ∫ϰ²/L>=[18.2, 16.0, 11.7, 18.8, 19.8], C-C-Sep=0.08, ║∇J║=2.9e-05
Iteration 1365/2000-----
currents: [100000.0, 99999.99999766661, 99999.99999725094, 99999.99999711786, 99999.99999773869]
J=2.3e-05, ⟨Jf⟩=1.3e-05, ⟨B·n⟩=1.0e-03, Len=sum([2.4, 2.5, 2.4, 2.4, 2.5])=12.3, ϰ=[12.0, 6.7, 7.3, 10.5, 9.4], ∫ϰ²/L>=[18.2, 16.0, 11.7, 18.8, 19.8], C-C-Sep=0.08, ║∇J║=2.0e-05
Iteration 1366/2000-----
currents: [100000.0, 99999.99999766627, 99999.99999725036, 99999.99999711695, 99999.99999773802]
J=2.3e-05, ⟨Jf⟩=1.3e-05, ⟨B·n⟩=1.0e-03, Len=sum([2.4, 2.5, 2.4, 2.4, 2.5])=12.3, ϰ=[12.0, 6.7, 7.3, 10.5, 9.4], ∫ϰ²/L>=[18.2, 16.0, 11.7, 18.8, 19.8], C-C-Sep=0.08, ║∇J║=2.6e-05
Iteration 1367/2000-----
currents: [100000.0, 99999.99999766599, 99999.99999724986, 99999.99999711617, 99999.99999773742]
J=2.3e-05, ⟨Jf⟩=1.3e-05, ⟨B·n⟩=1.0e-03, Len=sum([2.4, 2.5, 2.4, 2.4, 2.5])=12.3, ϰ=[12.0, 6.7, 7.3, 10.5, 9.4], ∫ϰ²/L>=[18.2, 16.0, 11.7, 18.8, 19.8], C-C-Sep=0.08, ║∇J║=3.9e-05
Iteration 1368/2000-----
currents: [100000.0, 99999.99999766535, 99999.99999724881, 99999.99999711459, 99999.99999773625]
J=2.3e-05, ⟨Jf⟩=1.3e-05, ⟨B·n⟩=1.0e-03, Len=sum([2.4, 2.5, 2.4, 2.4, 2.5])=12.3, ϰ=[12.0, 6.7, 7.3, 10.5, 9.4], ∫ϰ²/L>=[18.2, 16.0, 11.7, 18.8, 19.8], C-C-Sep=0.08, ║∇J║=3.0e-05
Iteration 1369/2000-----
currents: [100000.0, 99999.99999766501, 99999.9999972483, 99999.99999711386, 99999.99999773571]
J=2.3e-05, ⟨Jf⟩=1.3e-05, ⟨B·n⟩=1.0e-03, Len=sum([2.4, 2.5, 2.4, 2.4, 2.5])=12.3, ϰ=[12.0, 6.7, 7.3, 10.5, 9.4], ∫ϰ²/L>=[18.2, 16.0, 11.7, 18.8, 19.8], C-C-Sep=0.08, ║∇J║=2.1e-05
Iteration 1370/2000-----
currents: [100000.0, 99999.99999766477, 99999.99999724791, 99999.99999711332, 99999.99999773529]
J=2.3e-05, ⟨Jf⟩=1.3e-05, ⟨B·n⟩=1.0e-03, Len=sum([2.4, 2.5, 2.4, 2.4, 2.5])=12.3, ϰ=[12.0, 6.7, 7.3, 10.5, 9.4], ∫ϰ²/L>=[18.2, 16.0, 11.7, 18.8, 19.8], C-C-Sep=0.08, ║∇J║=3.1e-05
Iteration 1371/2000-----
currents: [100000.0, 99999.99999766439, 99999.99999724732, 99999.99999711242, 99999.99999773462]
J=2.3e-05, ⟨Jf⟩=1.3e-05, ⟨B·n⟩=1.0e-03, Len=sum([2.4, 2.5, 2.4, 2.4, 2.5])=12.3, ϰ=[12.0, 6.7, 7.3, 10.5, 9.4], ∫ϰ²/L>=[18.2, 16.0, 11.7, 18.8, 19.8], C-C-Sep=0.08, ║∇J║=4.7e-05
Iteration 1372/2000-----
currents: [100000.0, 99999.99999766392, 99999.99999724657, 99999.99999711133, 99999.99999773382]
J=2.3e-05, ⟨Jf⟩=1.3e-05, ⟨B·n⟩=1.0e-03, Len=sum([2.4, 2.5, 2.4, 2.4, 2.5])=12.3, ϰ=[12.0, 6.7, 7.3, 10.5, 9.4], ∫ϰ²/L>=[18.2, 16.0, 11.7, 18.8, 19.8], C-C-Sep=0.08, ║∇J║=3.1e-05
Iteration 1373/2000-----
currents: [100000.0, 99999.9999976636, 99999.99999724596, 99999.99999711035, 99999.99999773307]
J=2.3e-05, ⟨Jf⟩=1.3e-05, ⟨B·n⟩=1.0e-03, Len=sum([2.4, 2.5, 2.4, 2.4, 2.5])=12.3, ϰ=[12.0, 6.7, 7.3, 10.5, 9.4], ∫ϰ²/L>=[18.2, 16.0, 11.7, 18.8, 19.8], C-C-Sep=0.08, ║∇J║=2.3e-05
Iteration 1374/2000-----
currents: [100000.0, 99999.99999766296, 99999.99999724496, 99999.99999710885, 99999.999997732]
J=2.3e-05, ⟨Jf⟩=1.3e-05, ⟨B·n⟩=1.0e-03, Len=sum([2.4, 2.5, 2.4, 2.4, 2.5])=12.3, ϰ=[12.0, 6.7, 7.3, 10.5, 9.4], ∫ϰ²/L>=[18.2, 16.0, 11.7, 18.8, 19.8], C-C-Sep=0.08, ║∇J║=2.5e-05
Iteration 1375/2000-----
currents: [100000.0, 99999.99999766225, 99999.99999724375, 99999.99999710699, 99999.99999773064]
J=2.3e-05, ⟨Jf⟩=1.3e-05, ⟨B·n⟩=1.0e-03, Len=sum([2.4, 2.5, 2.4, 2.4, 2.5])=12.3, ϰ=[12.0, 6.7, 7.3, 10.5, 9.4], ∫ϰ²/L>=[18.2, 16.0, 11.7, 18.8, 19.8], C-C-Sep=0.08, ║∇J║=6.0e-05
Iteration 1376/2000-----
currents: [100000.0, 99999.99999766237, 99999.9999972439, 99999.99999710717, 99999.99999773076]
J=2.3e-05, ⟨Jf⟩=1.3e-05, ⟨B·n⟩=1.0e-03, Len=sum([2.4, 2.5, 2.4, 2.4, 2.5])=12.3, ϰ=[12.0, 6.7, 7.3, 10.5, 9.4], ∫ϰ²/L>=[18.2, 16.0, 11.7, 18.8, 19.8], C-C-Sep=0.08, ║∇J║=2.5e-05
Iteration 1377/2000-----
currents: [100000.0, 99999.99999766228, 99999.9999972438, 99999.99999710702, 99999.99999773067]
J=2.3e-05, ⟨Jf⟩=1.3e-05, ⟨B·n⟩=1.0e-03, Len=sum([2.4, 2.5, 2.4, 2.4, 2.5])=12.3, ϰ=[12.0, 6.7, 7.3, 10.5, 9.4], ∫ϰ²/L>=[18.2, 16.0, 11.7, 18.8, 19.8], C-C-Sep=0.08, ║∇J║=2.0e-05
Iteration 1378/2000-----
currents: [100000.0, 99999.99999766237, 99999.99999724391, 99999.99999710715, 99999.99999773076]
J=2.3e-05, ⟨Jf⟩=1.3e-05, ⟨B·n⟩=1.0e-03, Len=sum([2.4, 2.5, 2.4, 2.4, 2.5])=12.3, ϰ=[12.0, 6.7, 7.3, 10.5, 9.4], ∫ϰ²/L>=[18.2, 16.0, 11.7, 18.8, 19.8], C-C-Sep=0.08, ║∇J║=2.3e-05
Iteration 1379/2000-----
currents: [100000.0, 99999.99999766241, 99999.99999724391, 99999.99999710706, 99999.99999773069]
J=2.3e-05, ⟨Jf⟩=1.3e-05, ⟨B·n⟩=1.0e-03, Len=sum([2.4, 2.5, 2.4, 2.4, 2.5])=12.3, ϰ=[12.0, 6.7, 7.3, 10.5, 9.4], ∫ϰ²/L>=[18.2, 16.0, 11.7, 18.8, 19.8], C-C-Sep=0.08, ║∇J║=5.1e-05
Iteration 1380/2000-----
currents: [100000.0, 99999.99999766212, 99999.99999724343, 99999.99999710632, 99999.99999773016]
J=2.3e-05, ⟨Jf⟩=1.3e-05, ⟨B·n⟩=1.0e-03, Len=sum([2.4, 2.5, 2.4, 2.4, 2.5])=12.3, ϰ=[12.0, 6.7, 7.3, 10.5, 9.4], ∫ϰ²/L>=[18.2, 16.0, 11.7, 18.8, 19.8], C-C-Sep=0.08, ║∇J║=2.5e-05
Iteration 1381/2000-----
currents: [100000.0, 99999.99999766175, 99999.99999724282, 99999.9999971054, 99999.99999772951]
J=2.3e-05, ⟨Jf⟩=1.3e-05, ⟨B·n⟩=1.0e-03, Len=sum([2.4, 2.5, 2.4, 2.4, 2.5])=12.3, ϰ=[12.0, 6.7, 7.3, 10.5, 9.4], ∫ϰ²/L>=[18.2, 16.0, 11.7, 18.8, 19.8], C-C-Sep=0.08, ║∇J║=2.1e-05
Iteration 1382/2000-----
currents: [100000.0, 99999.99999766157, 99999.99999724247, 99999.99999710487, 99999.99999772914]
J=2.3e-05, ⟨Jf⟩=1.3e-05, ⟨B·n⟩=1.0e-03, Len=sum([2.4, 2.5, 2.4, 2.4, 2.5])=12.3, ϰ=[12.0, 6.7, 7.3, 10.5, 9.4], ∫ϰ²/L>=[18.2, 16.0, 11.7, 18.8, 19.8], C-C-Sep=0.08, ║∇J║=2.4e-05
Iteration 1383/2000-----
currents: [100000.0, 99999.99999766104, 99999.99999724164, 99999.99999710365, 99999.99999772834]
J=2.3e-05, ⟨Jf⟩=1.3e-05, ⟨B·n⟩=1.0e-03, Len=sum([2.4, 2.5, 2.4, 2.4, 2.5])=12.3, ϰ=[12.0, 6.7, 7.3, 10.5, 9.4], ∫ϰ²/L>=[18.2, 16.0, 11.7, 18.8, 19.8], C-C-Sep=0.08, ║∇J║=4.7e-05
Iteration 1384/2000-----
currents: [100000.0, 99999.99999766098, 99999.99999724151, 99999.99999710347, 99999.99999772824]
J=2.3e-05, ⟨Jf⟩=1.3e-05, ⟨B·n⟩=1.0e-03, Len=sum([2.4, 2.5, 2.4, 2.4, 2.5])=12.3, ϰ=[12.0, 6.7, 7.3, 10.5, 9.4], ∫ϰ²/L>=[18.2, 16.0, 11.7, 18.8, 19.8], C-C-Sep=0.08, ║∇J║=2.1e-05
Iteration 1385/2000-----
currents: [100000.0, 99999.99999766103, 99999.99999724157, 99999.99999710357, 99999.99999772836]
J=2.3e-05, ⟨Jf⟩=1.3e-05, ⟨B·n⟩=1.0e-03, Len=sum([2.4, 2.5, 2.4, 2.4, 2.5])=12.3, ϰ=[12.0, 6.7, 7.3, 10.5, 9.4], ∫ϰ²/L>=[18.2, 16.0, 11.7, 18.8, 19.8], C-C-Sep=0.08, ║∇J║=2.1e-05
Iteration 1386/2000-----
currents: [100000.0, 99999.99999766082, 99999.99999724126, 99999.99999710315, 99999.99999772811]
J=2.3e-05, ⟨Jf⟩=1.3e-05, ⟨B·n⟩=1.0e-03, Len=sum([2.4, 2.5, 2.4, 2.4, 2.5])=12.3, ϰ=[12.0, 6.7, 7.3, 10.5, 9.4], ∫ϰ²/L>=[18.2, 16.0, 11.7, 18.8, 19.8], C-C-Sep=0.08, ║∇J║=2.8e-05
Iteration 1387/2000-----
currents: [100000.0, 99999.99999766058, 99999.99999724086, 99999.99999710252, 99999.99999772773]
J=2.3e-05, ⟨Jf⟩=1.3e-05, ⟨B·n⟩=1.0e-03, Len=sum([2.4, 2.5, 2.4, 2.4, 2.5])=12.3, ϰ=[12.0, 6.7, 7.3, 10.5, 9.4], ∫ϰ²/L>=[18.2, 16.0, 11.7, 18.8, 19.8], C-C-Sep=0.08, ║∇J║=3.7e-05
Iteration 1388/2000-----
currents: [100000.0, 99999.99999766007, 99999.99999724001, 99999.99999710123, 99999.99999772686]
J=2.3e-05, ⟨Jf⟩=1.3e-05, ⟨B·n⟩=1.0e-03, Len=sum([2.4, 2.5, 2.4, 2.4, 2.5])=12.3, ϰ=[12.0, 6.7, 7.3, 10.5, 9.4], ∫ϰ²/L>=[18.2, 16.0, 11.7, 18.8, 19.8], C-C-Sep=0.08, ║∇J║=4.0e-05
Iteration 1389/2000-----
currents: [100000.0, 99999.99999766008, 99999.99999724, 99999.99999710119, 99999.9999977268]
J=2.3e-05, ⟨Jf⟩=1.3e-05, ⟨B·n⟩=1.0e-03, Len=sum([2.4, 2.5, 2.4, 2.4, 2.5])=12.3, ϰ=[12.0, 6.7, 7.3, 10.5, 9.4], ∫ϰ²/L>=[18.2, 16.0, 11.7, 18.8, 19.8], C-C-Sep=0.08, ║∇J║=1.8e-05
Iteration 1390/2000-----
currents: [100000.0, 99999.99999766023, 99999.99999724016, 99999.99999710136, 99999.9999977269]
J=2.3e-05, ⟨Jf⟩=1.3e-05, ⟨B·n⟩=1.0e-03, Len=sum([2.4, 2.5, 2.4, 2.4, 2.5])=12.3, ϰ=[12.0, 6.7, 7.3, 10.5, 9.4], ∫ϰ²/L>=[18.2, 16.0, 11.7, 18.8, 19.8], C-C-Sep=0.08, ║∇J║=2.2e-05
Iteration 1391/2000-----
currents: [100000.0, 99999.99999766027, 99999.99999724016, 99999.99999710129, 99999.99999772685]
J=2.3e-05, ⟨Jf⟩=1.3e-05, ⟨B·n⟩=1.0e-03, Len=sum([2.4, 2.5, 2.4, 2.4, 2.5])=12.3, ϰ=[12.0, 6.7, 7.3, 10.5, 9.4], ∫ϰ²/L>=[18.2, 16.0, 11.7, 18.8, 19.8], C-C-Sep=0.08, ║∇J║=2.7e-05
Iteration 1392/2000-----
currents: [100000.0, 99999.9999976601, 99999.99999723976, 99999.99999710057, 99999.99999772641]
J=2.3e-05, ⟨Jf⟩=1.3e-05, ⟨B·n⟩=1.0e-03, Len=sum([2.4, 2.5, 2.4, 2.4, 2.5])=12.3, ϰ=[12.0, 6.7, 7.3, 10.5, 9.4], ∫ϰ²/L>=[18.2, 16.0, 11.7, 18.8, 19.8], C-C-Sep=0.08, ║∇J║=6.5e-05
Iteration 1393/2000-----
currents: [100000.0, 99999.99999766034, 99999.99999724008, 99999.999997101, 99999.99999772671]
J=2.3e-05, ⟨Jf⟩=1.3e-05, ⟨B·n⟩=1.0e-03, Len=sum([2.4, 2.5, 2.4, 2.4, 2.5])=12.3, ϰ=[12.0, 6.7, 7.3, 10.5, 9.4], ∫ϰ²/L>=[18.2, 16.0, 11.7, 18.8, 19.8], C-C-Sep=0.08, ║∇J║=2.0e-05
Iteration 1394/2000-----
currents: [100000.0, 99999.9999976601, 99999.99999723972, 99999.99999710047, 99999.99999772638]
J=2.3e-05, ⟨Jf⟩=1.3e-05, ⟨B·n⟩=1.0e-03, Len=sum([2.4, 2.5, 2.4, 2.4, 2.5])=12.3, ϰ=[12.0, 6.7, 7.3, 10.5, 9.4], ∫ϰ²/L>=[18.2, 16.0, 11.7, 18.8, 19.8], C-C-Sep=0.08, ║∇J║=1.5e-05
Iteration 1395/2000-----
currents: [100000.0, 99999.99999765986, 99999.99999723936, 99999.99999709993, 99999.99999772606]
J=2.3e-05, ⟨Jf⟩=1.3e-05, ⟨B·n⟩=1.0e-03, Len=sum([2.4, 2.5, 2.4, 2.4, 2.5])=12.3, ϰ=[12.0, 6.7, 7.3, 10.5, 9.4], ∫ϰ²/L>=[18.2, 16.0, 11.7, 18.8, 19.8], C-C-Sep=0.08, ║∇J║=2.0e-05
Iteration 1396/2000-----
currents: [100000.0, 99999.9999976593, 99999.99999723847, 99999.99999709862, 99999.99999772519]
J=2.3e-05, ⟨Jf⟩=1.3e-05, ⟨B·n⟩=1.0e-03, Len=sum([2.4, 2.5, 2.4, 2.4, 2.5])=12.3, ϰ=[12.0, 6.7, 7.3, 10.5, 9.4], ∫ϰ²/L>=[18.2, 16.0, 11.7, 18.8, 19.8], C-C-Sep=0.08, ║∇J║=2.7e-05
Iteration 1397/2000-----
currents: [100000.0, 99999.99999765852, 99999.99999723725, 99999.99999709682, 99999.99999772396]
J=2.3e-05, ⟨Jf⟩=1.3e-05, ⟨B·n⟩=1.0e-03, Len=sum([2.4, 2.5, 2.4, 2.4, 2.5])=12.3, ϰ=[12.0, 6.7, 7.3, 10.5, 9.4], ∫ϰ²/L>=[18.2, 16.0, 11.7, 18.8, 19.8], C-C-Sep=0.08, ║∇J║=2.8e-05
Iteration 1398/2000-----
currents: [100000.0, 99999.9999976586, 99999.9999972373, 99999.9999970969, 99999.999997724]
J=2.3e-05, ⟨Jf⟩=1.3e-05, ⟨B·n⟩=1.0e-03, Len=sum([2.4, 2.5, 2.4, 2.4, 2.5])=12.3, ϰ=[12.0, 6.7, 7.3, 10.5, 9.4], ∫ϰ²/L>=[18.2, 16.0, 11.7, 18.8, 19.8], C-C-Sep=0.08, ║∇J║=1.7e-05
Iteration 1399/2000-----
currents: [100000.0, 99999.99999765844, 99999.999997237, 99999.99999709646, 99999.99999772363]
J=2.3e-05, ⟨Jf⟩=1.3e-05, ⟨B·n⟩=1.0e-03, Len=sum([2.4, 2.5, 2.4, 2.4, 2.5])=12.3, ϰ=[12.0, 6.7, 7.3, 10.5, 9.4], ∫ϰ²/L>=[18.2, 16.0, 11.7, 18.8, 19.8], C-C-Sep=0.08, ║∇J║=2.1e-05
Iteration 1400/2000-----
currents: [100000.0, 99999.99999765844, 99999.99999723694, 99999.99999709637, 99999.99999772354]
J=2.3e-05, ⟨Jf⟩=1.3e-05, ⟨B·n⟩=1.0e-03, Len=sum([2.4, 2.5, 2.4, 2.4, 2.5])=12.3, ϰ=[12.0, 6.7, 7.3, 10.5, 9.4], ∫ϰ²/L>=[18.2, 16.0, 11.7, 18.8, 19.8], C-C-Sep=0.08, ║∇J║=2.4e-05
Iteration 1401/2000-----
currents: [100000.0, 99999.99999765791, 99999.99999723601, 99999.99999709503, 99999.99999772257]
J=2.3e-05, ⟨Jf⟩=1.3e-05, ⟨B·n⟩=1.0e-03, Len=sum([2.4, 2.5, 2.4, 2.4, 2.5])=12.3, ϰ=[12.0, 6.7, 7.3, 10.5, 9.4], ∫ϰ²/L>=[18.2, 16.0, 11.7, 18.8, 19.8], C-C-Sep=0.08, ║∇J║=4.6e-05
Iteration 1402/2000-----
currents: [100000.0, 99999.99999765761, 99999.99999723554, 99999.99999709433, 99999.9999977221]
J=2.3e-05, ⟨Jf⟩=1.3e-05, ⟨B·n⟩=1.0e-03, Len=sum([2.4, 2.5, 2.4, 2.4, 2.5])=12.3, ϰ=[12.0, 6.7, 7.3, 10.5, 9.4], ∫ϰ²/L>=[18.2, 16.0, 11.7, 18.8, 19.8], C-C-Sep=0.08, ║∇J║=2.0e-05
Iteration 1403/2000-----
currents: [100000.0, 99999.99999765745, 99999.99999723531, 99999.99999709398, 99999.9999977219]
J=2.3e-05, ⟨Jf⟩=1.3e-05, ⟨B·n⟩=1.0e-03, Len=sum([2.4, 2.5, 2.4, 2.4, 2.5])=12.3, ϰ=[12.0, 6.7, 7.3, 10.5, 9.4], ∫ϰ²/L>=[18.2, 16.0, 11.7, 18.8, 19.8], C-C-Sep=0.08, ║∇J║=1.9e-05
Iteration 1404/2000-----
currents: [100000.0, 99999.99999765701, 99999.99999723463, 99999.999997093, 99999.99999772124]
J=2.3e-05, ⟨Jf⟩=1.3e-05, ⟨B·n⟩=1.0e-03, Len=sum([2.4, 2.5, 2.4, 2.4, 2.5])=12.3, ϰ=[12.0, 6.7, 7.3, 10.5, 9.4], ∫ϰ²/L>=[18.2, 16.0, 11.7, 18.8, 19.8], C-C-Sep=0.08, ║∇J║=2.4e-05
Iteration 1405/2000-----
currents: [100000.0, 99999.99999765612, 99999.99999723322, 99999.99999709098, 99999.99999771985]
J=2.3e-05, ⟨Jf⟩=1.3e-05, ⟨B·n⟩=1.0e-03, Len=sum([2.4, 2.5, 2.4, 2.4, 2.5])=12.3, ϰ=[12.0, 6.7, 7.3, 10.5, 9.4], ∫ϰ²/L>=[18.2, 16.0, 11.7, 18.8, 19.8], C-C-Sep=0.08, ║∇J║=4.8e-05
Iteration 1406/2000-----
currents: [100000.0, 99999.9999976562, 99999.99999723329, 99999.9999970911, 99999.9999977199]
J=2.3e-05, ⟨Jf⟩=1.3e-05, ⟨B·n⟩=1.0e-03, Len=sum([2.4, 2.5, 2.4, 2.4, 2.5])=12.3, ϰ=[12.0, 6.7, 7.3, 10.5, 9.4], ∫ϰ²/L>=[18.2, 16.0, 11.7, 18.8, 19.8], C-C-Sep=0.08, ║∇J║=2.3e-05
Iteration 1407/2000-----
currents: [100000.0, 99999.99999765596, 99999.99999723287, 99999.99999709053, 99999.99999771945]
J=2.3e-05, ⟨Jf⟩=1.3e-05, ⟨B·n⟩=1.0e-03, Len=sum([2.4, 2.5, 2.4, 2.4, 2.5])=12.3, ϰ=[12.0, 6.7, 7.3, 10.5, 9.4], ∫ϰ²/L>=[18.2, 16.0, 11.7, 18.8, 19.8], C-C-Sep=0.08, ║∇J║=1.8e-05
Iteration 1408/2000-----
currents: [100000.0, 99999.99999765573, 99999.99999723244, 99999.99999708997, 99999.99999771902]
J=2.3e-05, ⟨Jf⟩=1.3e-05, ⟨B·n⟩=1.0e-03, Len=sum([2.4, 2.5, 2.4, 2.4, 2.5])=12.3, ϰ=[12.0, 6.7, 7.3, 10.5, 9.4], ∫ϰ²/L>=[18.2, 16.1, 11.7, 18.8, 19.8], C-C-Sep=0.08, ║∇J║=2.3e-05
Iteration 1409/2000-----
currents: [100000.0, 99999.99999765513, 99999.99999723145, 99999.99999708861, 99999.99999771804]
J=2.3e-05, ⟨Jf⟩=1.3e-05, ⟨B·n⟩=1.0e-03, Len=sum([2.4, 2.5, 2.4, 2.4, 2.5])=12.3, ϰ=[12.0, 6.7, 7.3, 10.5, 9.4], ∫ϰ²/L>=[18.2, 16.1, 11.7, 18.8, 19.8], C-C-Sep=0.08, ║∇J║=2.4e-05
Iteration 1410/2000-----
currents: [100000.0, 99999.9999976541, 99999.99999722971, 99999.99999708623, 99999.99999771635]
J=2.3e-05, ⟨Jf⟩=1.3e-05, ⟨B·n⟩=1.0e-03, Len=sum([2.4, 2.5, 2.4, 2.4, 2.5])=12.3, ϰ=[12.0, 6.7, 7.3, 10.5, 9.4], ∫ϰ²/L>=[18.2, 16.1, 11.7, 18.8, 19.8], C-C-Sep=0.08, ║∇J║=8.9e-05
Iteration 1411/2000-----
currents: [100000.0, 99999.99999765477, 99999.99999723084, 99999.99999708777, 99999.99999771744]
J=2.3e-05, ⟨Jf⟩=1.3e-05, ⟨B·n⟩=1.0e-03, Len=sum([2.4, 2.5, 2.4, 2.4, 2.5])=12.3, ϰ=[12.0, 6.7, 7.3, 10.5, 9.4], ∫ϰ²/L>=[18.2, 16.1, 11.7, 18.8, 19.8], C-C-Sep=0.08, ║∇J║=3.3e-05
Iteration 1412/2000-----
currents: [100000.0, 99999.99999765446, 99999.99999723033, 99999.99999708707, 99999.99999771698]
J=2.3e-05, ⟨Jf⟩=1.3e-05, ⟨B·n⟩=1.0e-03, Len=sum([2.4, 2.5, 2.4, 2.4, 2.5])=12.3, ϰ=[12.0, 6.7, 7.3, 10.5, 9.4], ∫ϰ²/L>=[18.2, 16.1, 11.7, 18.8, 19.8], C-C-Sep=0.08, ║∇J║=1.8e-05
Iteration 1413/2000-----
currents: [100000.0, 99999.99999765429, 99999.99999723004, 99999.99999708668, 99999.99999771673]
J=2.3e-05, ⟨Jf⟩=1.3e-05, ⟨B·n⟩=1.0e-03, Len=sum([2.4, 2.5, 2.4, 2.4, 2.5])=12.3, ϰ=[12.0, 6.7, 7.3, 10.5, 9.4], ∫ϰ²/L>=[18.2, 16.1, 11.7, 18.8, 19.8], C-C-Sep=0.08, ║∇J║=1.8e-05
Iteration 1414/2000-----
currents: [100000.0, 99999.99999765416, 99999.99999722978, 99999.99999708634, 99999.99999771653]
J=2.3e-05, ⟨Jf⟩=1.3e-05, ⟨B·n⟩=1.0e-03, Len=sum([2.4, 2.5, 2.4, 2.4, 2.5])=12.3, ϰ=[12.0, 6.7, 7.3, 10.5, 9.4], ∫ϰ²/L>=[18.2, 16.1, 11.7, 18.8, 19.8], C-C-Sep=0.08, ║∇J║=2.5e-05
Iteration 1415/2000-----
currents: [100000.0, 99999.99999765417, 99999.99999722971, 99999.99999708631, 99999.99999771653]
J=2.3e-05, ⟨Jf⟩=1.3e-05, ⟨B·n⟩=1.0e-03, Len=sum([2.4, 2.5, 2.4, 2.4, 2.5])=12.3, ϰ=[12.0, 6.7, 7.3, 10.5, 9.4], ∫ϰ²/L>=[18.2, 16.1, 11.7, 18.8, 19.8], C-C-Sep=0.08, ║∇J║=3.3e-05
Iteration 1416/2000-----
currents: [100000.0, 99999.999997654, 99999.99999722939, 99999.99999708588, 99999.99999771622]
J=2.3e-05, ⟨Jf⟩=1.3e-05, ⟨B·n⟩=1.0e-03, Len=sum([2.4, 2.5, 2.4, 2.4, 2.5])=12.3, ϰ=[12.0, 6.7, 7.3, 10.5, 9.4], ∫ϰ²/L>=[18.2, 16.1, 11.7, 18.8, 19.8], C-C-Sep=0.08, ║∇J║=1.8e-05
Iteration 1417/2000-----
currents: [100000.0, 99999.99999765393, 99999.99999722921, 99999.99999708564, 99999.99999771605]
J=2.3e-05, ⟨Jf⟩=1.3e-05, ⟨B·n⟩=1.0e-03, Len=sum([2.4, 2.5, 2.4, 2.4, 2.5])=12.3, ϰ=[12.0, 6.7, 7.3, 10.5, 9.4], ∫ϰ²/L>=[18.2, 16.1, 11.7, 18.8, 19.8], C-C-Sep=0.08, ║∇J║=1.7e-05
Iteration 1418/2000-----
currents: [100000.0, 99999.99999765377, 99999.99999722891, 99999.99999708524, 99999.99999771577]
J=2.3e-05, ⟨Jf⟩=1.3e-05, ⟨B·n⟩=1.0e-03, Len=sum([2.4, 2.5, 2.4, 2.4, 2.5])=12.3, ϰ=[12.0, 6.7, 7.3, 10.5, 9.4], ∫ϰ²/L>=[18.2, 16.1, 11.7, 18.8, 19.8], C-C-Sep=0.08, ║∇J║=2.1e-05
Iteration 1419/2000-----
currents: [100000.0, 99999.99999765347, 99999.99999722834, 99999.99999708451, 99999.99999771529]
J=2.3e-05, ⟨Jf⟩=1.3e-05, ⟨B·n⟩=1.0e-03, Len=sum([2.4, 2.5, 2.4, 2.4, 2.5])=12.3, ϰ=[12.0, 6.7, 7.3, 10.5, 9.4], ∫ϰ²/L>=[18.2, 16.1, 11.7, 18.8, 19.8], C-C-Sep=0.08, ║∇J║=3.3e-05
Iteration 1420/2000-----
currents: [100000.0, 99999.99999765336, 99999.99999722806, 99999.99999708419, 99999.99999771513]
J=2.3e-05, ⟨Jf⟩=1.3e-05, ⟨B·n⟩=1.0e-03, Len=sum([2.4, 2.5, 2.4, 2.4, 2.5])=12.3, ϰ=[12.0, 6.7, 7.3, 10.5, 9.4], ∫ϰ²/L>=[18.2, 16.1, 11.7, 18.8, 19.8], C-C-Sep=0.08, ║∇J║=2.3e-05
Iteration 1421/2000-----
currents: [100000.0, 99999.99999765326, 99999.9999972279, 99999.99999708397, 99999.999997715]
J=2.3e-05, ⟨Jf⟩=1.3e-05, ⟨B·n⟩=1.0e-03, Len=sum([2.4, 2.5, 2.4, 2.4, 2.5])=12.3, ϰ=[12.0, 6.7, 7.3, 10.5, 9.4], ∫ϰ²/L>=[18.2, 16.1, 11.7, 18.8, 19.8], C-C-Sep=0.08, ║∇J║=1.6e-05
Iteration 1422/2000-----
currents: [100000.0, 99999.99999765327, 99999.99999722787, 99999.99999708397, 99999.99999771506]
J=2.3e-05, ⟨Jf⟩=1.3e-05, ⟨B·n⟩=1.0e-03, Len=sum([2.4, 2.5, 2.4, 2.4, 2.5])=12.3, ϰ=[12.0, 6.7, 7.3, 10.5, 9.4], ∫ϰ²/L>=[18.2, 16.1, 11.7, 18.8, 19.8], C-C-Sep=0.08, ║∇J║=2.0e-05
Iteration 1423/2000-----
currents: [100000.0, 99999.99999765311, 99999.99999722757, 99999.99999708356, 99999.99999771483]
J=2.3e-05, ⟨Jf⟩=1.3e-05, ⟨B·n⟩=1.0e-03, Len=sum([2.4, 2.5, 2.4, 2.4, 2.5])=12.3, ϰ=[12.0, 6.7, 7.3, 10.5, 9.4], ∫ϰ²/L>=[18.2, 16.1, 11.7, 18.8, 19.8], C-C-Sep=0.08, ║∇J║=2.6e-05
Iteration 1424/2000-----
currents: [100000.0, 99999.99999765286, 99999.99999722712, 99999.99999708295, 99999.99999771443]
J=2.3e-05, ⟨Jf⟩=1.3e-05, ⟨B·n⟩=1.0e-03, Len=sum([2.4, 2.5, 2.4, 2.4, 2.5])=12.3, ϰ=[12.0, 6.7, 7.3, 10.5, 9.4], ∫ϰ²/L>=[18.2, 16.1, 11.7, 18.8, 19.8], C-C-Sep=0.08, ║∇J║=2.1e-05
Iteration 1425/2000-----
currents: [100000.0, 99999.99999765263, 99999.99999722658, 99999.99999708227, 99999.999997714]
J=2.3e-05, ⟨Jf⟩=1.3e-05, ⟨B·n⟩=1.0e-03, Len=sum([2.4, 2.5, 2.4, 2.4, 2.5])=12.3, ϰ=[12.0, 6.7, 7.3, 10.5, 9.4], ∫ϰ²/L>=[18.2, 16.1, 11.7, 18.8, 19.8], C-C-Sep=0.08, ║∇J║=2.5e-05
Iteration 1426/2000-----
currents: [100000.0, 99999.99999765231, 99999.999997226, 99999.99999708148, 99999.99999771349]
J=2.3e-05, ⟨Jf⟩=1.3e-05, ⟨B·n⟩=1.0e-03, Len=sum([2.4, 2.5, 2.4, 2.4, 2.5])=12.3, ϰ=[12.0, 6.7, 7.3, 10.5, 9.4], ∫ϰ²/L>=[18.2, 16.1, 11.7, 18.8, 19.8], C-C-Sep=0.08, ║∇J║=2.5e-05
Iteration 1427/2000-----
currents: [100000.0, 99999.99999765216, 99999.99999722575, 99999.99999708115, 99999.99999771324]
J=2.3e-05, ⟨Jf⟩=1.3e-05, ⟨B·n⟩=1.0e-03, Len=sum([2.4, 2.5, 2.4, 2.4, 2.5])=12.3, ϰ=[12.0, 6.7, 7.3, 10.5, 9.4], ∫ϰ²/L>=[18.2, 16.1, 11.7, 18.8, 19.8], C-C-Sep=0.08, ║∇J║=1.9e-05
Iteration 1428/2000-----
currents: [100000.0, 99999.999997652, 99999.99999722536, 99999.99999708067, 99999.9999977129]
J=2.3e-05, ⟨Jf⟩=1.3e-05, ⟨B·n⟩=1.0e-03, Len=sum([2.4, 2.5, 2.4, 2.4, 2.5])=12.3, ϰ=[12.0, 6.7, 7.3, 10.5, 9.4], ∫ϰ²/L>=[18.2, 16.1, 11.7, 18.8, 19.8], C-C-Sep=0.08, ║∇J║=1.6e-05
Iteration 1429/2000-----
currents: [100000.0, 99999.99999765177, 99999.99999722488, 99999.99999708006, 99999.9999977125]
J=2.3e-05, ⟨Jf⟩=1.3e-05, ⟨B·n⟩=1.0e-03, Len=sum([2.4, 2.5, 2.4, 2.4, 2.5])=12.3, ϰ=[12.0, 6.7, 7.3, 10.5, 9.4], ∫ϰ²/L>=[18.2, 16.1, 11.7, 18.8, 19.8], C-C-Sep=0.08, ║∇J║=2.7e-05
Iteration 1430/2000-----
currents: [100000.0, 99999.99999765151, 99999.99999722437, 99999.99999707937, 99999.99999771205]
J=2.3e-05, ⟨Jf⟩=1.3e-05, ⟨B·n⟩=1.0e-03, Len=sum([2.4, 2.5, 2.4, 2.4, 2.5])=12.3, ϰ=[12.0, 6.7, 7.3, 10.5, 9.4], ∫ϰ²/L>=[18.2, 16.1, 11.7, 18.8, 19.8], C-C-Sep=0.08, ║∇J║=2.0e-05
Iteration 1431/2000-----
currents: [100000.0, 99999.99999765144, 99999.99999722408, 99999.99999707902, 99999.99999771184]
J=2.3e-05, ⟨Jf⟩=1.3e-05, ⟨B·n⟩=1.0e-03, Len=sum([2.4, 2.5, 2.4, 2.4, 2.5])=12.3, ϰ=[12.0, 6.7, 7.3, 10.5, 9.4], ∫ϰ²/L>=[18.2, 16.1, 11.7, 18.8, 19.8], C-C-Sep=0.08, ║∇J║=1.8e-05
Iteration 1432/2000-----
currents: [100000.0, 99999.99999765125, 99999.99999722363, 99999.99999707844, 99999.99999771145]
J=2.3e-05, ⟨Jf⟩=1.3e-05, ⟨B·n⟩=1.0e-03, Len=sum([2.4, 2.5, 2.4, 2.4, 2.5])=12.3, ϰ=[12.0, 6.7, 7.3, 10.5, 9.4], ∫ϰ²/L>=[18.2, 16.1, 11.7, 18.8, 19.8], C-C-Sep=0.08, ║∇J║=3.0e-05
Iteration 1433/2000-----
currents: [100000.0, 99999.99999765099, 99999.99999722313, 99999.99999707776, 99999.99999771097]
J=2.3e-05, ⟨Jf⟩=1.3e-05, ⟨B·n⟩=1.0e-03, Len=sum([2.4, 2.5, 2.4, 2.4, 2.5])=12.3, ϰ=[12.0, 6.7, 7.3, 10.5, 9.4], ∫ϰ²/L>=[18.2, 16.1, 11.7, 18.8, 19.8], C-C-Sep=0.08, ║∇J║=1.9e-05
Iteration 1434/2000-----
currents: [100000.0, 99999.9999976509, 99999.99999722294, 99999.9999970775, 99999.99999771077]
J=2.3e-05, ⟨Jf⟩=1.3e-05, ⟨B·n⟩=1.0e-03, Len=sum([2.4, 2.5, 2.4, 2.4, 2.5])=12.3, ϰ=[12.0, 6.7, 7.3, 10.5, 9.4], ∫ϰ²/L>=[18.2, 16.1, 11.7, 18.8, 19.8], C-C-Sep=0.08, ║∇J║=1.7e-05
Iteration 1435/2000-----
currents: [100000.0, 99999.99999765045, 99999.99999722217, 99999.99999707642, 99999.99999771]
J=2.3e-05, ⟨Jf⟩=1.3e-05, ⟨B·n⟩=1.0e-03, Len=sum([2.4, 2.5, 2.4, 2.4, 2.5])=12.3, ϰ=[12.0, 6.7, 7.3, 10.5, 9.4], ∫ϰ²/L>=[18.2, 16.1, 11.7, 18.8, 19.8], C-C-Sep=0.08, ║∇J║=2.5e-05
Iteration 1436/2000-----
currents: [100000.0, 99999.99999764997, 99999.99999722136, 99999.99999707528, 99999.9999977092]
J=2.3e-05, ⟨Jf⟩=1.3e-05, ⟨B·n⟩=1.0e-03, Len=sum([2.4, 2.5, 2.4, 2.4, 2.5])=12.3, ϰ=[12.0, 6.7, 7.3, 10.5, 9.4], ∫ϰ²/L>=[18.2, 16.1, 11.7, 18.8, 19.8], C-C-Sep=0.08, ║∇J║=2.1e-05
Iteration 1437/2000-----
currents: [100000.0, 99999.99999764991, 99999.9999972212, 99999.9999970751, 99999.99999770908]
J=2.3e-05, ⟨Jf⟩=1.3e-05, ⟨B·n⟩=1.0e-03, Len=sum([2.4, 2.5, 2.4, 2.4, 2.5])=12.3, ϰ=[12.0, 6.7, 7.3, 10.5, 9.4], ∫ϰ²/L>=[18.2, 16.1, 11.7, 18.8, 19.8], C-C-Sep=0.08, ║∇J║=1.5e-05
Iteration 1438/2000-----
currents: [100000.0, 99999.99999764939, 99999.9999972202, 99999.99999707377, 99999.99999770818]
J=2.3e-05, ⟨Jf⟩=1.3e-05, ⟨B·n⟩=1.0e-03, Len=sum([2.4, 2.5, 2.4, 2.4, 2.5])=12.3, ϰ=[12.0, 6.7, 7.3, 10.5, 9.4], ∫ϰ²/L>=[18.2, 16.1, 11.7, 18.8, 19.8], C-C-Sep=0.08, ║∇J║=1.8e-05
Iteration 1439/2000-----
currents: [100000.0, 99999.99999764915, 99999.99999721971, 99999.99999707312, 99999.99999770772]
J=2.3e-05, ⟨Jf⟩=1.3e-05, ⟨B·n⟩=1.0e-03, Len=sum([2.4, 2.5, 2.4, 2.4, 2.5])=12.3, ϰ=[12.0, 6.7, 7.3, 10.5, 9.4], ∫ϰ²/L>=[18.2, 16.1, 11.7, 18.8, 19.8], C-C-Sep=0.08, ║∇J║=2.6e-05
Iteration 1440/2000-----
currents: [100000.0, 99999.999997649, 99999.99999721939, 99999.9999970727, 99999.99999770742]
J=2.3e-05, ⟨Jf⟩=1.3e-05, ⟨B·n⟩=1.0e-03, Len=sum([2.4, 2.5, 2.4, 2.4, 2.5])=12.3, ϰ=[12.0, 6.7, 7.3, 10.5, 9.4], ∫ϰ²/L>=[18.2, 16.1, 11.7, 18.8, 19.8], C-C-Sep=0.08, ║∇J║=1.9e-05
Iteration 1441/2000-----
currents: [100000.0, 99999.99999764835, 99999.9999972182, 99999.99999707106, 99999.99999770625]
J=2.3e-05, ⟨Jf⟩=1.3e-05, ⟨B·n⟩=1.0e-03, Len=sum([2.4, 2.5, 2.4, 2.4, 2.5])=12.3, ϰ=[12.0, 6.7, 7.3, 10.5, 9.4], ∫ϰ²/L>=[18.2, 16.1, 11.7, 18.8, 19.8], C-C-Sep=0.08, ║∇J║=1.9e-05
Iteration 1442/2000-----
currents: [100000.0, 99999.99999764799, 99999.99999721753, 99999.99999707013, 99999.99999770563]
J=2.3e-05, ⟨Jf⟩=1.3e-05, ⟨B·n⟩=1.0e-03, Len=sum([2.4, 2.5, 2.4, 2.4, 2.5])=12.3, ϰ=[12.0, 6.7, 7.3, 10.5, 9.4], ∫ϰ²/L>=[18.2, 16.1, 11.7, 18.8, 19.8], C-C-Sep=0.08, ║∇J║=2.8e-05
Iteration 1443/2000-----
currents: [100000.0, 99999.99999764781, 99999.99999721722, 99999.99999706971, 99999.99999770535]
J=2.3e-05, ⟨Jf⟩=1.3e-05, ⟨B·n⟩=1.0e-03, Len=sum([2.4, 2.5, 2.4, 2.4, 2.5])=12.3, ϰ=[12.0, 6.7, 7.3, 10.5, 9.4], ∫ϰ²/L>=[18.2, 16.1, 11.7, 18.8, 19.8], C-C-Sep=0.08, ║∇J║=1.9e-05
Iteration 1444/2000-----
currents: [100000.0, 99999.99999764733, 99999.99999721641, 99999.99999706857, 99999.99999770461]
J=2.3e-05, ⟨Jf⟩=1.3e-05, ⟨B·n⟩=1.0e-03, Len=sum([2.4, 2.5, 2.4, 2.4, 2.5])=12.3, ϰ=[12.0, 6.7, 7.3, 10.5, 9.4], ∫ϰ²/L>=[18.2, 16.1, 11.7, 18.8, 19.8], C-C-Sep=0.08, ║∇J║=1.5e-05
Iteration 1445/2000-----
currents: [100000.0, 99999.999997647, 99999.99999721583, 99999.99999706776, 99999.99999770409]
J=2.3e-05, ⟨Jf⟩=1.3e-05, ⟨B·n⟩=1.0e-03, Len=sum([2.4, 2.5, 2.4, 2.4, 2.5])=12.3, ϰ=[12.0, 6.7, 7.3, 10.5, 9.4], ∫ϰ²/L>=[18.2, 16.1, 11.7, 18.8, 19.8], C-C-Sep=0.08, ║∇J║=1.9e-05
Iteration 1446/2000-----
currents: [100000.0, 99999.99999764643, 99999.9999972148, 99999.99999706632, 99999.99999770314]
J=2.3e-05, ⟨Jf⟩=1.3e-05, ⟨B·n⟩=1.0e-03, Len=sum([2.4, 2.5, 2.4, 2.4, 2.5])=12.3, ϰ=[12.0, 6.7, 7.3, 10.5, 9.4], ∫ϰ²/L>=[18.2, 16.1, 11.7, 18.8, 19.8], C-C-Sep=0.08, ║∇J║=2.0e-05
Iteration 1447/2000-----
currents: [100000.0, 99999.99999764569, 99999.99999721353, 99999.99999706447, 99999.9999977019]
J=2.3e-05, ⟨Jf⟩=1.3e-05, ⟨B·n⟩=1.0e-03, Len=sum([2.4, 2.5, 2.4, 2.4, 2.5])=12.3, ϰ=[12.0, 6.7, 7.3, 10.5, 9.4], ∫ϰ²/L>=[18.3, 16.1, 11.7, 18.8, 19.8], C-C-Sep=0.08, ║∇J║=4.6e-05
Iteration 1448/2000-----
currents: [100000.0, 99999.99999764572, 99999.99999721356, 99999.99999706451, 99999.99999770192]
J=2.3e-05, ⟨Jf⟩=1.3e-05, ⟨B·n⟩=1.0e-03, Len=sum([2.4, 2.5, 2.4, 2.4, 2.5])=12.3, ϰ=[12.0, 6.7, 7.3, 10.5, 9.4], ∫ϰ²/L>=[18.3, 16.1, 11.7, 18.8, 19.8], C-C-Sep=0.08, ║∇J║=1.8e-05
Iteration 1449/2000-----
currents: [100000.0, 99999.99999764575, 99999.9999972136, 99999.99999706456, 99999.99999770192]
J=2.3e-05, ⟨Jf⟩=1.3e-05, ⟨B·n⟩=1.0e-03, Len=sum([2.4, 2.5, 2.4, 2.4, 2.5])=12.3, ϰ=[12.0, 6.7, 7.3, 10.5, 9.4], ∫ϰ²/L>=[18.3, 16.1, 11.7, 18.8, 19.8], C-C-Sep=0.08, ║∇J║=1.6e-05
Iteration 1450/2000-----
currents: [100000.0, 99999.99999764559, 99999.99999721332, 99999.99999706414, 99999.9999977016]
J=2.3e-05, ⟨Jf⟩=1.3e-05, ⟨B·n⟩=1.0e-03, Len=sum([2.4, 2.5, 2.4, 2.4, 2.5])=12.3, ϰ=[12.0, 6.7, 7.3, 10.5, 9.4], ∫ϰ²/L>=[18.3, 16.1, 11.7, 18.8, 19.8], C-C-Sep=0.08, ║∇J║=2.0e-05
Iteration 1451/2000-----
currents: [100000.0, 99999.99999764524, 99999.99999721267, 99999.99999706318, 99999.99999770093]
J=2.3e-05, ⟨Jf⟩=1.3e-05, ⟨B·n⟩=1.0e-03, Len=sum([2.4, 2.5, 2.4, 2.4, 2.5])=12.3, ϰ=[12.0, 6.7, 7.3, 10.5, 9.4], ∫ϰ²/L>=[18.3, 16.1, 11.7, 18.8, 19.8], C-C-Sep=0.08, ║∇J║=2.1e-05
Iteration 1452/2000-----
currents: [100000.0, 99999.99999764457, 99999.99999721143, 99999.99999706139, 99999.99999769969]
J=2.3e-05, ⟨Jf⟩=1.3e-05, ⟨B·n⟩=1.0e-03, Len=sum([2.4, 2.5, 2.4, 2.4, 2.5])=12.3, ϰ=[12.0, 6.7, 7.3, 10.5, 9.4], ∫ϰ²/L>=[18.3, 16.1, 11.7, 18.8, 19.8], C-C-Sep=0.08, ║∇J║=4.8e-05
Iteration 1453/2000-----
currents: [100000.0, 99999.99999764438, 99999.99999721105, 99999.99999706083, 99999.99999769933]
J=2.3e-05, ⟨Jf⟩=1.3e-05, ⟨B·n⟩=1.0e-03, Len=sum([2.4, 2.5, 2.4, 2.4, 2.5])=12.3, ϰ=[12.0, 6.7, 7.3, 10.5, 9.4], ∫ϰ²/L>=[18.3, 16.1, 11.7, 18.8, 19.8], C-C-Sep=0.08, ║∇J║=1.6e-05
Iteration 1454/2000-----
currents: [100000.0, 99999.9999976445, 99999.9999972112, 99999.99999706107, 99999.9999976995]
J=2.3e-05, ⟨Jf⟩=1.3e-05, ⟨B·n⟩=1.0e-03, Len=sum([2.4, 2.5, 2.4, 2.4, 2.5])=12.3, ϰ=[12.0, 6.7, 7.3, 10.5, 9.4], ∫ϰ²/L>=[18.3, 16.1, 11.7, 18.8, 19.8], C-C-Sep=0.08, ║∇J║=1.2e-05
Iteration 1455/2000-----
currents: [100000.0, 99999.99999764434, 99999.99999721085, 99999.99999706057, 99999.99999769917]
J=2.3e-05, ⟨Jf⟩=1.3e-05, ⟨B·n⟩=1.0e-03, Len=sum([2.4, 2.5, 2.4, 2.4, 2.5])=12.3, ϰ=[12.0, 6.7, 7.3, 10.5, 9.4], ∫ϰ²/L>=[18.3, 16.1, 11.7, 18.8, 19.8], C-C-Sep=0.08, ║∇J║=1.5e-05
Iteration 1456/2000-----
currents: [100000.0, 99999.99999764416, 99999.99999721047, 99999.99999706006, 99999.9999976988]
J=2.3e-05, ⟨Jf⟩=1.3e-05, ⟨B·n⟩=1.0e-03, Len=sum([2.4, 2.5, 2.4, 2.4, 2.5])=12.3, ϰ=[12.0, 6.7, 7.3, 10.5, 9.4], ∫ϰ²/L>=[18.3, 16.1, 11.7, 18.8, 19.9], C-C-Sep=0.08, ║∇J║=2.3e-05
Iteration 1457/2000-----
currents: [100000.0, 99999.99999764383, 99999.99999720984, 99999.99999705919, 99999.99999769816]
J=2.3e-05, ⟨Jf⟩=1.3e-05, ⟨B·n⟩=1.0e-03, Len=sum([2.4, 2.5, 2.4, 2.4, 2.5])=12.3, ϰ=[12.0, 6.7, 7.3, 10.5, 9.4], ∫ϰ²/L>=[18.3, 16.1, 11.7, 18.8, 19.9], C-C-Sep=0.08, ║∇J║=1.7e-05
Iteration 1458/2000-----
currents: [100000.0, 99999.99999764327, 99999.99999720893, 99999.99999705785, 99999.9999976972]
J=2.3e-05, ⟨Jf⟩=1.3e-05, ⟨B·n⟩=1.0e-03, Len=sum([2.4, 2.5, 2.4, 2.4, 2.5])=12.3, ϰ=[12.0, 6.7, 7.3, 10.5, 9.4], ∫ϰ²/L>=[18.3, 16.1, 11.7, 18.8, 19.9], C-C-Sep=0.08, ║∇J║=1.5e-05
Iteration 1459/2000-----
currents: [100000.0, 99999.99999764278, 99999.99999720811, 99999.99999705669, 99999.99999769634]
J=2.3e-05, ⟨Jf⟩=1.3e-05, ⟨B·n⟩=1.0e-03, Len=sum([2.4, 2.5, 2.4, 2.4, 2.5])=12.3, ϰ=[12.0, 6.7, 7.3, 10.5, 9.4], ∫ϰ²/L>=[18.3, 16.1, 11.7, 18.8, 19.9], C-C-Sep=0.08, ║∇J║=1.9e-05
Iteration 1460/2000-----
currents: [100000.0, 99999.99999764256, 99999.99999720778, 99999.99999705625, 99999.99999769604]
J=2.3e-05, ⟨Jf⟩=1.3e-05, ⟨B·n⟩=1.0e-03, Len=sum([2.4, 2.5, 2.4, 2.4, 2.5])=12.3, ϰ=[12.0, 6.7, 7.3, 10.5, 9.4], ∫ϰ²/L>=[18.3, 16.1, 11.7, 18.8, 19.9], C-C-Sep=0.08, ║∇J║=1.7e-05
Iteration 1461/2000-----
currents: [100000.0, 99999.9999976423, 99999.99999720733, 99999.99999705561, 99999.9999976956]
J=2.3e-05, ⟨Jf⟩=1.3e-05, ⟨B·n⟩=1.0e-03, Len=sum([2.4, 2.5, 2.4, 2.4, 2.5])=12.3, ϰ=[12.0, 6.7, 7.3, 10.5, 9.4], ∫ϰ²/L>=[18.3, 16.1, 11.7, 18.8, 19.9], C-C-Sep=0.08, ║∇J║=1.4e-05
Iteration 1462/2000-----
currents: [100000.0, 99999.99999764202, 99999.99999720677, 99999.99999705485, 99999.99999769508]
J=2.3e-05, ⟨Jf⟩=1.3e-05, ⟨B·n⟩=1.0e-03, Len=sum([2.4, 2.5, 2.4, 2.4, 2.5])=12.3, ϰ=[12.0, 6.7, 7.3, 10.5, 9.4], ∫ϰ²/L>=[18.3, 16.1, 11.7, 18.8, 19.8], C-C-Sep=0.08, ║∇J║=1.7e-05
Iteration 1463/2000-----
currents: [100000.0, 99999.99999764176, 99999.99999720624, 99999.99999705414, 99999.99999769457]
J=2.3e-05, ⟨Jf⟩=1.3e-05, ⟨B·n⟩=1.0e-03, Len=sum([2.4, 2.5, 2.4, 2.4, 2.5])=12.3, ϰ=[12.0, 6.7, 7.3, 10.5, 9.4], ∫ϰ²/L>=[18.3, 16.1, 11.7, 18.8, 19.8], C-C-Sep=0.08, ║∇J║=2.6e-05
Iteration 1464/2000-----
currents: [100000.0, 99999.9999976417, 99999.99999720606, 99999.99999705389, 99999.99999769438]
J=2.3e-05, ⟨Jf⟩=1.3e-05, ⟨B·n⟩=1.0e-03, Len=sum([2.4, 2.5, 2.4, 2.4, 2.5])=12.3, ϰ=[12.0, 6.7, 7.3, 10.5, 9.4], ∫ϰ²/L>=[18.3, 16.1, 11.7, 18.8, 19.8], C-C-Sep=0.08, ║∇J║=1.5e-05
Iteration 1465/2000-----
currents: [100000.0, 99999.99999764161, 99999.99999720581, 99999.99999705354, 99999.9999976941]
J=2.3e-05, ⟨Jf⟩=1.3e-05, ⟨B·n⟩=1.0e-03, Len=sum([2.4, 2.5, 2.4, 2.4, 2.5])=12.3, ϰ=[12.0, 6.7, 7.3, 10.5, 9.4], ∫ϰ²/L>=[18.3, 16.1, 11.7, 18.8, 19.8], C-C-Sep=0.08, ║∇J║=1.2e-05
Iteration 1466/2000-----
currents: [100000.0, 99999.99999764156, 99999.99999720564, 99999.9999970533, 99999.99999769391]
J=2.3e-05, ⟨Jf⟩=1.3e-05, ⟨B·n⟩=1.0e-03, Len=sum([2.4, 2.5, 2.4, 2.4, 2.5])=12.3, ϰ=[12.0, 6.7, 7.3, 10.5, 9.4], ∫ϰ²/L>=[18.3, 16.1, 11.7, 18.8, 19.8], C-C-Sep=0.08, ║∇J║=1.5e-05
Iteration 1467/2000-----
currents: [100000.0, 99999.99999764132, 99999.99999720512, 99999.99999705252, 99999.99999769336]
J=2.3e-05, ⟨Jf⟩=1.3e-05, ⟨B·n⟩=1.0e-03, Len=sum([2.4, 2.5, 2.4, 2.4, 2.5])=12.3, ϰ=[12.0, 6.7, 7.3, 10.5, 9.4], ∫ϰ²/L>=[18.3, 16.1, 11.7, 18.8, 19.8], C-C-Sep=0.08, ║∇J║=2.0e-05
Iteration 1468/2000-----
currents: [100000.0, 99999.99999764103, 99999.99999720446, 99999.9999970516, 99999.9999976927]
J=2.3e-05, ⟨Jf⟩=1.3e-05, ⟨B·n⟩=1.0e-03, Len=sum([2.4, 2.5, 2.4, 2.4, 2.5])=12.3, ϰ=[12.0, 6.7, 7.3, 10.5, 9.4], ∫ϰ²/L>=[18.3, 16.1, 11.7, 18.8, 19.8], C-C-Sep=0.08, ║∇J║=2.7e-05
Iteration 1469/2000-----
currents: [100000.0, 99999.99999764095, 99999.99999720434, 99999.9999970514, 99999.99999769259]
J=2.3e-05, ⟨Jf⟩=1.3e-05, ⟨B·n⟩=1.0e-03, Len=sum([2.4, 2.5, 2.4, 2.4, 2.5])=12.3, ϰ=[12.0, 6.7, 7.3, 10.5, 9.4], ∫ϰ²/L>=[18.3, 16.1, 11.7, 18.8, 19.8], C-C-Sep=0.08, ║∇J║=1.2e-05
Iteration 1470/2000-----
currents: [100000.0, 99999.99999764073, 99999.99999720401, 99999.9999970509, 99999.99999769227]
J=2.3e-05, ⟨Jf⟩=1.3e-05, ⟨B·n⟩=1.0e-03, Len=sum([2.4, 2.5, 2.4, 2.4, 2.5])=12.3, ϰ=[12.0, 6.7, 7.3, 10.5, 9.4], ∫ϰ²/L>=[18.3, 16.1, 11.7, 18.8, 19.9], C-C-Sep=0.08, ║∇J║=1.3e-05
Iteration 1471/2000-----
currents: [100000.0, 99999.9999976405, 99999.99999720362, 99999.99999705031, 99999.99999769189]
J=2.3e-05, ⟨Jf⟩=1.3e-05, ⟨B·n⟩=1.0e-03, Len=sum([2.4, 2.5, 2.4, 2.4, 2.5])=12.3, ϰ=[12.0, 6.7, 7.3, 10.5, 9.4], ∫ϰ²/L>=[18.3, 16.1, 11.7, 18.8, 19.9], C-C-Sep=0.08, ║∇J║=1.6e-05
Iteration 1472/2000-----
currents: [100000.0, 99999.99999763993, 99999.99999720263, 99999.99999704884, 99999.99999769092]
J=2.3e-05, ⟨Jf⟩=1.3e-05, ⟨B·n⟩=1.0e-03, Len=sum([2.4, 2.5, 2.4, 2.4, 2.5])=12.3, ϰ=[12.0, 6.7, 7.3, 10.5, 9.4], ∫ϰ²/L>=[18.3, 16.1, 11.7, 18.8, 19.9], C-C-Sep=0.08, ║∇J║=2.9e-05
Iteration 1473/2000-----
currents: [100000.0, 99999.99999763965, 99999.99999720215, 99999.99999704814, 99999.99999769044]
J=2.3e-05, ⟨Jf⟩=1.3e-05, ⟨B·n⟩=1.0e-03, Len=sum([2.4, 2.5, 2.4, 2.4, 2.5])=12.3, ϰ=[12.0, 6.7, 7.3, 10.5, 9.4], ∫ϰ²/L>=[18.3, 16.1, 11.7, 18.8, 19.9], C-C-Sep=0.08, ║∇J║=1.3e-05
Iteration 1474/2000-----
currents: [100000.0, 99999.9999976395, 99999.99999720187, 99999.99999704774, 99999.99999769015]
J=2.3e-05, ⟨Jf⟩=1.3e-05, ⟨B·n⟩=1.0e-03, Len=sum([2.4, 2.5, 2.4, 2.4, 2.5])=12.3, ϰ=[12.0, 6.7, 7.3, 10.5, 9.4], ∫ϰ²/L>=[18.3, 16.1, 11.7, 18.8, 19.9], C-C-Sep=0.08, ║∇J║=1.3e-05
Iteration 1475/2000-----
currents: [100000.0, 99999.99999763929, 99999.9999972015, 99999.99999704718, 99999.99999768977]
J=2.3e-05, ⟨Jf⟩=1.3e-05, ⟨B·n⟩=1.0e-03, Len=sum([2.4, 2.5, 2.4, 2.4, 2.5])=12.3, ϰ=[12.0, 6.7, 7.3, 10.5, 9.4], ∫ϰ²/L>=[18.3, 16.1, 11.7, 18.8, 19.9], C-C-Sep=0.08, ║∇J║=1.5e-05
Iteration 1476/2000-----
currents: [100000.0, 99999.99999763891, 99999.99999720088, 99999.99999704625, 99999.99999768914]
J=2.3e-05, ⟨Jf⟩=1.3e-05, ⟨B·n⟩=1.0e-03, Len=sum([2.4, 2.5, 2.4, 2.4, 2.5])=12.3, ϰ=[12.0, 6.7, 7.3, 10.5, 9.4], ∫ϰ²/L>=[18.3, 16.1, 11.7, 18.8, 19.9], C-C-Sep=0.08, ║∇J║=1.9e-05
Iteration 1477/2000-----
currents: [100000.0, 99999.99999763837, 99999.9999972, 99999.99999704491, 99999.99999768825]
J=2.3e-05, ⟨Jf⟩=1.3e-05, ⟨B·n⟩=1.0e-03, Len=sum([2.4, 2.5, 2.4, 2.4, 2.5])=12.3, ϰ=[12.0, 6.7, 7.3, 10.5, 9.4], ∫ϰ²/L>=[18.3, 16.1, 11.7, 18.8, 19.9], C-C-Sep=0.08, ║∇J║=2.2e-05
Iteration 1478/2000-----
currents: [100000.0, 99999.99999763827, 99999.99999719982, 99999.99999704467, 99999.99999768811]
J=2.3e-05, ⟨Jf⟩=1.3e-05, ⟨B·n⟩=1.0e-03, Len=sum([2.4, 2.5, 2.4, 2.4, 2.5])=12.3, ϰ=[12.0, 6.7, 7.3, 10.5, 9.4], ∫ϰ²/L>=[18.3, 16.1, 11.7, 18.8, 19.9], C-C-Sep=0.08, ║∇J║=1.2e-05
Iteration 1479/2000-----
currents: [100000.0, 99999.99999763818, 99999.99999719964, 99999.99999704443, 99999.99999768798]
J=2.3e-05, ⟨Jf⟩=1.3e-05, ⟨B·n⟩=1.0e-03, Len=sum([2.4, 2.5, 2.4, 2.4, 2.5])=12.3, ϰ=[12.0, 6.7, 7.3, 10.5, 9.4], ∫ϰ²/L>=[18.3, 16.1, 11.7, 18.8, 19.9], C-C-Sep=0.08, ║∇J║=1.4e-05
Iteration 1480/2000-----
currents: [100000.0, 99999.99999763798, 99999.99999719927, 99999.99999704388, 99999.99999768761]
J=2.3e-05, ⟨Jf⟩=1.3e-05, ⟨B·n⟩=1.0e-03, Len=sum([2.4, 2.5, 2.4, 2.4, 2.5])=12.3, ϰ=[12.0, 6.7, 7.3, 10.5, 9.4], ∫ϰ²/L>=[18.3, 16.1, 11.7, 18.8, 19.9], C-C-Sep=0.08, ║∇J║=1.6e-05
Iteration 1481/2000-----
currents: [100000.0, 99999.99999763747, 99999.99999719832, 99999.99999704248, 99999.99999768667]
J=2.3e-05, ⟨Jf⟩=1.3e-05, ⟨B·n⟩=1.0e-03, Len=sum([2.4, 2.5, 2.4, 2.4, 2.5])=12.3, ϰ=[12.0, 6.7, 7.3, 10.5, 9.4], ∫ϰ²/L>=[18.3, 16.1, 11.7, 18.8, 19.9], C-C-Sep=0.08, ║∇J║=2.3e-05
Iteration 1482/2000-----
currents: [100000.0, 99999.99999763732, 99999.99999719804, 99999.9999970421, 99999.99999768639]
J=2.3e-05, ⟨Jf⟩=1.3e-05, ⟨B·n⟩=1.0e-03, Len=sum([2.4, 2.5, 2.4, 2.4, 2.5])=12.3, ϰ=[12.0, 6.7, 7.3, 10.5, 9.4], ∫ϰ²/L>=[18.3, 16.1, 11.7, 18.8, 19.9], C-C-Sep=0.08, ║∇J║=1.2e-05
Iteration 1483/2000-----
currents: [100000.0, 99999.99999763716, 99999.99999719778, 99999.9999970417, 99999.9999976861]
J=2.3e-05, ⟨Jf⟩=1.3e-05, ⟨B·n⟩=1.0e-03, Len=sum([2.4, 2.5, 2.4, 2.4, 2.5])=12.3, ϰ=[12.0, 6.7, 7.3, 10.5, 9.4], ∫ϰ²/L>=[18.3, 16.1, 11.7, 18.8, 19.9], C-C-Sep=0.08, ║∇J║=1.1e-05
Iteration 1484/2000-----
currents: [100000.0, 99999.99999763696, 99999.99999719743, 99999.99999704116, 99999.99999768572]
J=2.3e-05, ⟨Jf⟩=1.3e-05, ⟨B·n⟩=1.0e-03, Len=sum([2.4, 2.5, 2.4, 2.4, 2.5])=12.3, ϰ=[12.0, 6.7, 7.3, 10.5, 9.4], ∫ϰ²/L>=[18.3, 16.1, 11.7, 18.8, 19.9], C-C-Sep=0.08, ║∇J║=1.2e-05
Iteration 1485/2000-----
currents: [100000.0, 99999.99999763661, 99999.99999719684, 99999.99999704023, 99999.9999976851]
J=2.3e-05, ⟨Jf⟩=1.3e-05, ⟨B·n⟩=1.0e-03, Len=sum([2.4, 2.5, 2.4, 2.4, 2.5])=12.3, ϰ=[12.0, 6.7, 7.3, 10.5, 9.4], ∫ϰ²/L>=[18.3, 16.1, 11.7, 18.8, 19.9], C-C-Sep=0.08, ║∇J║=2.4e-05
Iteration 1486/2000-----
currents: [100000.0, 99999.99999763648, 99999.9999971966, 99999.99999703985, 99999.99999768485]
J=2.3e-05, ⟨Jf⟩=1.3e-05, ⟨B·n⟩=1.0e-03, Len=sum([2.4, 2.5, 2.4, 2.4, 2.5])=12.3, ϰ=[12.0, 6.7, 7.3, 10.5, 9.4], ∫ϰ²/L>=[18.3, 16.1, 11.7, 18.8, 19.9], C-C-Sep=0.08, ║∇J║=1.2e-05
Iteration 1487/2000-----
currents: [100000.0, 99999.99999763638, 99999.99999719643, 99999.99999703956, 99999.99999768467]
J=2.3e-05, ⟨Jf⟩=1.3e-05, ⟨B·n⟩=1.0e-03, Len=sum([2.4, 2.5, 2.4, 2.4, 2.5])=12.3, ϰ=[12.0, 6.7, 7.3, 10.5, 9.4], ∫ϰ²/L>=[18.3, 16.1, 11.7, 18.8, 19.9], C-C-Sep=0.08, ║∇J║=1.0e-05
Iteration 1488/2000-----
currents: [100000.0, 99999.9999976362, 99999.99999719614, 99999.99999703908, 99999.99999768437]
J=2.3e-05, ⟨Jf⟩=1.3e-05, ⟨B·n⟩=1.0e-03, Len=sum([2.4, 2.5, 2.4, 2.4, 2.5])=12.3, ϰ=[12.0, 6.7, 7.3, 10.5, 9.4], ∫ϰ²/L>=[18.3, 16.1, 11.7, 18.8, 19.9], C-C-Sep=0.08, ║∇J║=1.2e-05
Iteration 1489/2000-----
currents: [100000.0, 99999.99999763588, 99999.9999971956, 99999.99999703822, 99999.9999976838]
J=2.3e-05, ⟨Jf⟩=1.3e-05, ⟨B·n⟩=1.0e-03, Len=sum([2.4, 2.5, 2.4, 2.4, 2.5])=12.3, ϰ=[12.0, 6.7, 7.3, 10.5, 9.4], ∫ϰ²/L>=[18.3, 16.1, 11.7, 18.8, 19.9], C-C-Sep=0.08, ║∇J║=1.5e-05
Iteration 1490/2000-----
currents: [100000.0, 99999.9999976353, 99999.99999719465, 99999.99999703675, 99999.99999768283]
J=2.3e-05, ⟨Jf⟩=1.3e-05, ⟨B·n⟩=1.0e-03, Len=sum([2.4, 2.5, 2.4, 2.4, 2.5])=12.3, ϰ=[12.0, 6.7, 7.3, 10.5, 9.4], ∫ϰ²/L>=[18.3, 16.1, 11.7, 18.8, 19.9], C-C-Sep=0.08, ║∇J║=1.7e-05
Iteration 1491/2000-----
currents: [100000.0, 99999.99999763518, 99999.99999719446, 99999.99999703647, 99999.99999768264]
J=2.3e-05, ⟨Jf⟩=1.3e-05, ⟨B·n⟩=1.0e-03, Len=sum([2.4, 2.5, 2.4, 2.4, 2.5])=12.3, ϰ=[12.0, 6.7, 7.3, 10.5, 9.4], ∫ϰ²/L>=[18.3, 16.1, 11.7, 18.8, 19.9], C-C-Sep=0.08, ║∇J║=9.8e-06
Iteration 1492/2000-----
currents: [100000.0, 99999.99999763501, 99999.9999971942, 99999.99999703608, 99999.99999768237]
J=2.3e-05, ⟨Jf⟩=1.3e-05, ⟨B·n⟩=1.0e-03, Len=sum([2.4, 2.5, 2.4, 2.4, 2.5])=12.3, ϰ=[12.0, 6.7, 7.3, 10.5, 9.4], ∫ϰ²/L>=[18.3, 16.1, 11.7, 18.8, 19.9], C-C-Sep=0.08, ║∇J║=1.1e-05
Iteration 1493/2000-----
currents: [100000.0, 99999.99999763472, 99999.99999719377, 99999.99999703541, 99999.99999768194]
J=2.3e-05, ⟨Jf⟩=1.3e-05, ⟨B·n⟩=1.0e-03, Len=sum([2.4, 2.5, 2.4, 2.4, 2.5])=12.3, ϰ=[12.0, 6.7, 7.3, 10.5, 9.4], ∫ϰ²/L>=[18.3, 16.1, 11.7, 18.8, 19.9], C-C-Sep=0.08, ║∇J║=1.3e-05
Iteration 1494/2000-----
currents: [100000.0, 99999.99999763408, 99999.99999719279, 99999.99999703385, 99999.99999768095]
J=2.3e-05, ⟨Jf⟩=1.3e-05, ⟨B·n⟩=1.0e-03, Len=sum([2.4, 2.5, 2.4, 2.4, 2.5])=12.3, ϰ=[12.0, 6.7, 7.3, 10.5, 9.4], ∫ϰ²/L>=[18.3, 16.1, 11.7, 18.8, 19.9], C-C-Sep=0.08, ║∇J║=2.7e-05
Iteration 1495/2000-----
currents: [100000.0, 99999.99999763374, 99999.99999719228, 99999.99999703307, 99999.99999768044]
J=2.3e-05, ⟨Jf⟩=1.3e-05, ⟨B·n⟩=1.0e-03, Len=sum([2.4, 2.5, 2.4, 2.4, 2.5])=12.3, ϰ=[12.0, 6.7, 7.3, 10.5, 9.4], ∫ϰ²/L>=[18.3, 16.1, 11.7, 18.8, 19.9], C-C-Sep=0.08, ║∇J║=1.1e-05
Iteration 1496/2000-----
currents: [100000.0, 99999.99999763357, 99999.999997192, 99999.9999970326, 99999.99999768015]
J=2.3e-05, ⟨Jf⟩=1.3e-05, ⟨B·n⟩=1.0e-03, Len=sum([2.4, 2.5, 2.4, 2.4, 2.5])=12.3, ϰ=[12.0, 6.7, 7.3, 10.5, 9.4], ∫ϰ²/L>=[18.3, 16.1, 11.7, 18.8, 19.9], C-C-Sep=0.08, ║∇J║=1.0e-05
Iteration 1497/2000-----
currents: [100000.0, 99999.99999763315, 99999.99999719135, 99999.99999703153, 99999.99999767946]
J=2.3e-05, ⟨Jf⟩=1.3e-05, ⟨B·n⟩=1.0e-03, Len=sum([2.4, 2.5, 2.4, 2.4, 2.5])=12.3, ϰ=[12.0, 6.7, 7.3, 10.5, 9.4], ∫ϰ²/L>=[18.3, 16.1, 11.7, 18.8, 19.9], C-C-Sep=0.08, ║∇J║=1.3e-05
Iteration 1498/2000-----
currents: [100000.0, 99999.99999763253, 99999.99999719042, 99999.99999703001, 99999.99999767849]
J=2.3e-05, ⟨Jf⟩=1.3e-05, ⟨B·n⟩=1.0e-03, Len=sum([2.4, 2.5, 2.4, 2.4, 2.5])=12.3, ϰ=[12.0, 6.7, 7.3, 10.5, 9.4], ∫ϰ²/L>=[18.3, 16.1, 11.7, 18.8, 19.9], C-C-Sep=0.08, ║∇J║=2.4e-05
Iteration 1499/2000-----
currents: [100000.0, 99999.99999763223, 99999.99999718995, 99999.99999702926, 99999.99999767801]
J=2.3e-05, ⟨Jf⟩=1.3e-05, ⟨B·n⟩=1.0e-03, Len=sum([2.4, 2.5, 2.4, 2.4, 2.5])=12.3, ϰ=[12.0, 6.7, 7.3, 10.5, 9.4], ∫ϰ²/L>=[18.3, 16.1, 11.7, 18.8, 19.9], C-C-Sep=0.08, ║∇J║=1.1e-05
Iteration 1500/2000-----
currents: [100000.0, 99999.99999763195, 99999.99999718954, 99999.9999970286, 99999.99999767759]
J=2.3e-05, ⟨Jf⟩=1.3e-05, ⟨B·n⟩=1.0e-03, Len=sum([2.4, 2.5, 2.4, 2.4, 2.5])=12.3, ϰ=[12.0, 6.7, 7.3, 10.5, 9.4], ∫ϰ²/L>=[18.3, 16.1, 11.7, 18.8, 19.9], C-C-Sep=0.08, ║∇J║=7.9e-06
Iteration 1501/2000-----
currents: [100000.0, 99999.99999763178, 99999.99999718928, 99999.99999702816, 99999.99999767731]
J=2.3e-05, ⟨Jf⟩=1.3e-05, ⟨B·n⟩=1.0e-03, Len=sum([2.4, 2.5, 2.4, 2.4, 2.5])=12.3, ϰ=[12.0, 6.7, 7.3, 10.5, 9.4], ∫ϰ²/L>=[18.3, 16.1, 11.7, 18.8, 19.9], C-C-Sep=0.08, ║∇J║=1.0e-05
Iteration 1502/2000-----
currents: [100000.0, 99999.99999763152, 99999.99999718889, 99999.99999702748, 99999.99999767689]
J=2.3e-05, ⟨Jf⟩=1.3e-05, ⟨B·n⟩=1.0e-03, Len=sum([2.4, 2.5, 2.4, 2.4, 2.5])=12.3, ϰ=[12.0, 6.7, 7.3, 10.5, 9.4], ∫ϰ²/L>=[18.3, 16.1, 11.7, 18.8, 19.9], C-C-Sep=0.08, ║∇J║=1.5e-05
Iteration 1503/2000-----
currents: [100000.0, 99999.99999763136, 99999.99999718864, 99999.99999702704, 99999.99999767661]
J=2.3e-05, ⟨Jf⟩=1.3e-05, ⟨B·n⟩=1.0e-03, Len=sum([2.4, 2.5, 2.4, 2.4, 2.5])=12.3, ϰ=[12.0, 6.7, 7.3, 10.5, 9.4], ∫ϰ²/L>=[18.3, 16.1, 11.7, 18.8, 19.9], C-C-Sep=0.08, ║∇J║=9.7e-06
Iteration 1504/2000-----
currents: [100000.0, 99999.99999763127, 99999.9999971885, 99999.99999702672, 99999.99999767642]
J=2.3e-05, ⟨Jf⟩=1.3e-05, ⟨B·n⟩=1.0e-03, Len=sum([2.4, 2.5, 2.4, 2.4, 2.5])=12.3, ϰ=[12.0, 6.7, 7.3, 10.5, 9.4], ∫ϰ²/L>=[18.3, 16.1, 11.7, 18.8, 19.9], C-C-Sep=0.08, ║∇J║=9.2e-06
Iteration 1505/2000-----
currents: [100000.0, 99999.99999763112, 99999.99999718825, 99999.99999702626, 99999.99999767613]
J=2.3e-05, ⟨Jf⟩=1.3e-05, ⟨B·n⟩=1.0e-03, Len=sum([2.4, 2.5, 2.4, 2.4, 2.5])=12.3, ϰ=[12.0, 6.7, 7.3, 10.5, 9.4], ∫ϰ²/L>=[18.3, 16.1, 11.7, 18.8, 19.9], C-C-Sep=0.08, ║∇J║=1.2e-05
Iteration 1506/2000-----
currents: [100000.0, 99999.99999763079, 99999.9999971877, 99999.99999702528, 99999.9999976755]
J=2.3e-05, ⟨Jf⟩=1.3e-05, ⟨B·n⟩=1.0e-03, Len=sum([2.4, 2.5, 2.4, 2.4, 2.5])=12.3, ϰ=[12.0, 6.7, 7.3, 10.5, 9.4], ∫ϰ²/L>=[18.3, 16.1, 11.7, 18.8, 19.9], C-C-Sep=0.08, ║∇J║=2.2e-05
Iteration 1507/2000-----
currents: [100000.0, 99999.99999763072, 99999.99999718757, 99999.99999702505, 99999.99999767535]
J=2.3e-05, ⟨Jf⟩=1.3e-05, ⟨B·n⟩=1.0e-03, Len=sum([2.4, 2.5, 2.4, 2.4, 2.5])=12.3, ϰ=[12.0, 6.7, 7.3, 10.5, 9.4], ∫ϰ²/L>=[18.3, 16.1, 11.7, 18.8, 19.9], C-C-Sep=0.08, ║∇J║=1.1e-05
Iteration 1508/2000-----
currents: [100000.0, 99999.99999763048, 99999.9999971872, 99999.9999970245, 99999.99999767497]
J=2.3e-05, ⟨Jf⟩=1.3e-05, ⟨B·n⟩=1.0e-03, Len=sum([2.4, 2.5, 2.4, 2.4, 2.5])=12.3, ϰ=[12.0, 6.7, 7.3, 10.5, 9.4], ∫ϰ²/L>=[18.3, 16.1, 11.7, 18.8, 19.9], C-C-Sep=0.08, ║∇J║=1.1e-05
Iteration 1509/2000-----
currents: [100000.0, 99999.99999763015, 99999.99999718666, 99999.99999702365, 99999.9999976744]
J=2.3e-05, ⟨Jf⟩=1.3e-05, ⟨B·n⟩=1.0e-03, Len=sum([2.4, 2.5, 2.4, 2.4, 2.5])=12.3, ϰ=[12.0, 6.7, 7.3, 10.5, 9.4], ∫ϰ²/L>=[18.3, 16.1, 11.7, 18.8, 19.9], C-C-Sep=0.08, ║∇J║=1.3e-05
Iteration 1510/2000-----
currents: [100000.0, 99999.99999762952, 99999.99999718566, 99999.99999702207, 99999.99999767335]
J=2.3e-05, ⟨Jf⟩=1.3e-05, ⟨B·n⟩=1.0e-03, Len=sum([2.4, 2.5, 2.4, 2.4, 2.5])=12.3, ϰ=[12.0, 6.7, 7.3, 10.5, 9.4], ∫ϰ²/L>=[18.3, 16.1, 11.7, 18.8, 19.9], C-C-Sep=0.08, ║∇J║=1.8e-05
Iteration 1511/2000-----
currents: [100000.0, 99999.99999762888, 99999.99999718461, 99999.99999702038, 99999.99999767223]
J=2.3e-05, ⟨Jf⟩=1.3e-05, ⟨B·n⟩=1.0e-03, Len=sum([2.4, 2.5, 2.4, 2.4, 2.5])=12.3, ϰ=[12.0, 6.7, 7.3, 10.5, 9.4], ∫ϰ²/L>=[18.3, 16.1, 11.7, 18.8, 19.9], C-C-Sep=0.08, ║∇J║=1.4e-05
Iteration 1512/2000-----
currents: [100000.0, 99999.99999762877, 99999.99999718441, 99999.99999702002, 99999.999997672]
J=2.3e-05, ⟨Jf⟩=1.3e-05, ⟨B·n⟩=1.0e-03, Len=sum([2.4, 2.5, 2.4, 2.4, 2.5])=12.3, ϰ=[12.0, 6.7, 7.3, 10.5, 9.4], ∫ϰ²/L>=[18.3, 16.1, 11.7, 18.8, 19.9], C-C-Sep=0.08, ║∇J║=9.6e-06
Iteration 1513/2000-----
currents: [100000.0, 99999.99999762865, 99999.9999971842, 99999.99999701962, 99999.99999767177]
J=2.3e-05, ⟨Jf⟩=1.3e-05, ⟨B·n⟩=1.0e-03, Len=sum([2.4, 2.5, 2.4, 2.4, 2.5])=12.3, ϰ=[12.0, 6.7, 7.3, 10.5, 9.4], ∫ϰ²/L>=[18.3, 16.1, 11.7, 18.8, 19.9], C-C-Sep=0.08, ║∇J║=1.3e-05
Iteration 1514/2000-----
currents: [100000.0, 99999.99999762842, 99999.99999718383, 99999.99999701898, 99999.99999767136]
J=2.3e-05, ⟨Jf⟩=1.3e-05, ⟨B·n⟩=1.0e-03, Len=sum([2.4, 2.5, 2.4, 2.4, 2.5])=12.3, ϰ=[12.0, 6.7, 7.3, 10.5, 9.4], ∫ϰ²/L>=[18.3, 16.1, 11.7, 18.8, 19.9], C-C-Sep=0.08, ║∇J║=1.6e-05
Iteration 1515/2000-----
currents: [100000.0, 99999.99999762821, 99999.9999971835, 99999.99999701841, 99999.99999767101]
J=2.3e-05, ⟨Jf⟩=1.3e-05, ⟨B·n⟩=1.0e-03, Len=sum([2.4, 2.5, 2.4, 2.4, 2.5])=12.3, ϰ=[12.0, 6.7, 7.3, 10.5, 9.4], ∫ϰ²/L>=[18.3, 16.1, 11.7, 18.8, 19.9], C-C-Sep=0.08, ║∇J║=1.2e-05
Iteration 1516/2000-----
currents: [100000.0, 99999.99999762769, 99999.9999971827, 99999.99999701706, 99999.99999767015]
J=2.3e-05, ⟨Jf⟩=1.3e-05, ⟨B·n⟩=1.0e-03, Len=sum([2.4, 2.5, 2.4, 2.4, 2.5])=12.3, ϰ=[12.0, 6.7, 7.3, 10.5, 9.4], ∫ϰ²/L>=[18.3, 16.1, 11.7, 18.8, 19.9], C-C-Sep=0.08, ║∇J║=1.4e-05
Iteration 1517/2000-----
currents: [100000.0, 99999.99999762737, 99999.99999718221, 99999.99999701628, 99999.99999766964]
J=2.3e-05, ⟨Jf⟩=1.3e-05, ⟨B·n⟩=1.0e-03, Len=sum([2.4, 2.5, 2.4, 2.4, 2.5])=12.3, ϰ=[12.0, 6.7, 7.3, 10.5, 9.4], ∫ϰ²/L>=[18.3, 16.1, 11.7, 18.8, 19.9], C-C-Sep=0.08, ║∇J║=1.2e-05
Iteration 1518/2000-----
currents: [100000.0, 99999.99999762718, 99999.9999971819, 99999.99999701578, 99999.99999766932]
J=2.3e-05, ⟨Jf⟩=1.3e-05, ⟨B·n⟩=1.0e-03, Len=sum([2.4, 2.5, 2.4, 2.4, 2.5])=12.3, ϰ=[12.0, 6.7, 7.3, 10.5, 9.4], ∫ϰ²/L>=[18.3, 16.1, 11.7, 18.8, 19.9], C-C-Sep=0.08, ║∇J║=1.2e-05
Iteration 1519/2000-----
currents: [100000.0, 99999.99999762668, 99999.99999718109, 99999.99999701444, 99999.99999766846]
J=2.3e-05, ⟨Jf⟩=1.3e-05, ⟨B·n⟩=1.0e-03, Len=sum([2.4, 2.5, 2.4, 2.4, 2.5])=12.3, ϰ=[12.0, 6.7, 7.3, 10.5, 9.4], ∫ϰ²/L>=[18.3, 16.1, 11.7, 18.8, 19.9], C-C-Sep=0.08, ║∇J║=1.8e-05
Iteration 1520/2000-----
currents: [100000.0, 99999.9999976263, 99999.99999718045, 99999.99999701338, 99999.99999766778]
J=2.3e-05, ⟨Jf⟩=1.3e-05, ⟨B·n⟩=1.0e-03, Len=sum([2.4, 2.5, 2.4, 2.4, 2.5])=12.3, ϰ=[12.0, 6.7, 7.3, 10.5, 9.4], ∫ϰ²/L>=[18.3, 16.1, 11.7, 18.8, 19.9], C-C-Sep=0.08, ║∇J║=1.6e-05
Iteration 1521/2000-----
currents: [100000.0, 99999.99999762634, 99999.99999718046, 99999.99999701334, 99999.99999766778]
J=2.3e-05, ⟨Jf⟩=1.3e-05, ⟨B·n⟩=1.0e-03, Len=sum([2.4, 2.5, 2.4, 2.4, 2.5])=12.3, ϰ=[12.0, 6.7, 7.3, 10.5, 9.4], ∫ϰ²/L>=[18.3, 16.1, 11.7, 18.8, 19.9], C-C-Sep=0.08, ║∇J║=1.2e-05
Iteration 1522/2000-----
currents: [100000.0, 99999.9999976261, 99999.99999718003, 99999.9999970125, 99999.9999976673]
J=2.3e-05, ⟨Jf⟩=1.3e-05, ⟨B·n⟩=1.0e-03, Len=sum([2.4, 2.5, 2.4, 2.4, 2.5])=12.3, ϰ=[12.0, 6.7, 7.3, 10.5, 9.4], ∫ϰ²/L>=[18.3, 16.1, 11.7, 18.8, 19.9], C-C-Sep=0.08, ║∇J║=1.2e-05
Iteration 1523/2000-----
currents: [100000.0, 99999.999997626, 99999.99999717982, 99999.99999701208, 99999.99999766705]
J=2.3e-05, ⟨Jf⟩=1.3e-05, ⟨B·n⟩=1.0e-03, Len=sum([2.4, 2.5, 2.4, 2.4, 2.5])=12.3, ϰ=[12.0, 6.7, 7.3, 10.5, 9.4], ∫ϰ²/L>=[18.3, 16.1, 11.7, 18.8, 19.9], C-C-Sep=0.08, ║∇J║=1.9e-05
Iteration 1524/2000-----
currents: [100000.0, 99999.99999762587, 99999.9999971796, 99999.99999701174, 99999.99999766683]
J=2.3e-05, ⟨Jf⟩=1.3e-05, ⟨B·n⟩=1.0e-03, Len=sum([2.4, 2.5, 2.4, 2.4, 2.5])=12.3, ϰ=[12.0, 6.7, 7.3, 10.5, 9.4], ∫ϰ²/L>=[18.3, 16.1, 11.7, 18.8, 19.9], C-C-Sep=0.08, ║∇J║=1.1e-05
Iteration 1525/2000-----
currents: [100000.0, 99999.9999976254, 99999.99999717883, 99999.99999701053, 99999.99999766605]
J=2.3e-05, ⟨Jf⟩=1.3e-05, ⟨B·n⟩=1.0e-03, Len=sum([2.4, 2.5, 2.4, 2.4, 2.5])=12.3, ϰ=[12.0, 6.7, 7.3, 10.5, 9.4], ∫ϰ²/L>=[18.3, 16.1, 11.7, 18.8, 19.9], C-C-Sep=0.08, ║∇J║=1.1e-05
Iteration 1526/2000-----
currents: [100000.0, 99999.99999762507, 99999.99999717825, 99999.9999970096, 99999.99999766545]
J=2.3e-05, ⟨Jf⟩=1.3e-05, ⟨B·n⟩=1.0e-03, Len=sum([2.4, 2.5, 2.4, 2.4, 2.5])=12.3, ϰ=[12.0, 6.7, 7.3, 10.5, 9.4], ∫ϰ²/L>=[18.3, 16.1, 11.7, 18.8, 19.9], C-C-Sep=0.08, ║∇J║=1.3e-05
Iteration 1527/2000-----
currents: [100000.0, 99999.99999762447, 99999.9999971772, 99999.99999700791, 99999.99999766436]
J=2.3e-05, ⟨Jf⟩=1.3e-05, ⟨B·n⟩=1.0e-03, Len=sum([2.4, 2.5, 2.4, 2.4, 2.5])=12.3, ϰ=[12.0, 6.7, 7.3, 10.5, 9.4], ∫ϰ²/L>=[18.3, 16.1, 11.7, 18.8, 19.9], C-C-Sep=0.08, ║∇J║=1.9e-05
Iteration 1528/2000-----
currents: [100000.0, 99999.99999762376, 99999.99999717594, 99999.99999700587, 99999.99999766304]
J=2.3e-05, ⟨Jf⟩=1.3e-05, ⟨B·n⟩=1.0e-03, Len=sum([2.4, 2.5, 2.4, 2.4, 2.5])=12.3, ϰ=[12.0, 6.7, 7.3, 10.5, 9.4], ∫ϰ²/L>=[18.3, 16.1, 11.7, 18.8, 19.9], C-C-Sep=0.08, ║∇J║=2.0e-05
Iteration 1529/2000-----
currents: [100000.0, 99999.99999762398, 99999.99999717629, 99999.99999700641, 99999.99999766338]
J=2.3e-05, ⟨Jf⟩=1.3e-05, ⟨B·n⟩=1.0e-03, Len=sum([2.4, 2.5, 2.4, 2.4, 2.5])=12.3, ϰ=[12.0, 6.7, 7.3, 10.5, 9.4], ∫ϰ²/L>=[18.3, 16.1, 11.7, 18.8, 19.9], C-C-Sep=0.08, ║∇J║=9.0e-06
Iteration 1530/2000-----
currents: [100000.0, 99999.99999762405, 99999.99999717639, 99999.99999700655, 99999.99999766346]
J=2.3e-05, ⟨Jf⟩=1.3e-05, ⟨B·n⟩=1.0e-03, Len=sum([2.4, 2.5, 2.4, 2.4, 2.5])=12.3, ϰ=[12.0, 6.7, 7.3, 10.5, 9.4], ∫ϰ²/L>=[18.3, 16.1, 11.7, 18.8, 19.9], C-C-Sep=0.08, ║∇J║=9.8e-06
Iteration 1531/2000-----
currents: [100000.0, 99999.99999762395, 99999.99999717617, 99999.99999700619, 99999.9999976632]
J=2.3e-05, ⟨Jf⟩=1.3e-05, ⟨B·n⟩=1.0e-03, Len=sum([2.4, 2.5, 2.4, 2.4, 2.5])=12.3, ϰ=[12.0, 6.7, 7.3, 10.5, 9.4], ∫ϰ²/L>=[18.3, 16.1, 11.7, 18.8, 19.9], C-C-Sep=0.08, ║∇J║=1.3e-05
Iteration 1532/2000-----
currents: [100000.0, 99999.99999762348, 99999.99999717531, 99999.99999700481, 99999.99999766225]
J=2.3e-05, ⟨Jf⟩=1.3e-05, ⟨B·n⟩=1.0e-03, Len=sum([2.4, 2.5, 2.4, 2.4, 2.5])=12.3, ϰ=[12.0, 6.7, 7.3, 10.5, 9.4], ∫ϰ²/L>=[18.3, 16.1, 11.7, 18.8, 19.9], C-C-Sep=0.08, ║∇J║=1.4e-05
Iteration 1533/2000-----
currents: [100000.0, 99999.99999762244, 99999.99999717338, 99999.99999700172, 99999.99999766017]
J=2.3e-05, ⟨Jf⟩=1.3e-05, ⟨B·n⟩=1.0e-03, Len=sum([2.4, 2.5, 2.4, 2.4, 2.5])=12.3, ϰ=[12.0, 6.7, 7.3, 10.5, 9.4], ∫ϰ²/L>=[18.3, 16.1, 11.7, 18.8, 19.9], C-C-Sep=0.08, ║∇J║=5.3e-05
Iteration 1534/2000-----
currents: [100000.0, 99999.99999762315, 99999.9999971747, 99999.99999700383, 99999.9999976616]
J=2.3e-05, ⟨Jf⟩=1.3e-05, ⟨B·n⟩=1.0e-03, Len=sum([2.4, 2.5, 2.4, 2.4, 2.5])=12.3, ϰ=[12.0, 6.7, 7.3, 10.5, 9.4], ∫ϰ²/L>=[18.3, 16.1, 11.7, 18.8, 19.9], C-C-Sep=0.08, ║∇J║=1.8e-05
Iteration 1535/2000-----
currents: [100000.0, 99999.99999762264, 99999.99999717379, 99999.99999700236, 99999.9999976606]
J=2.3e-05, ⟨Jf⟩=1.3e-05, ⟨B·n⟩=1.0e-03, Len=sum([2.4, 2.5, 2.4, 2.4, 2.5])=12.3, ϰ=[12.0, 6.7, 7.3, 10.5, 9.4], ∫ϰ²/L>=[18.3, 16.1, 11.7, 18.8, 19.9], C-C-Sep=0.08, ║∇J║=1.0e-05
Iteration 1536/2000-----
currents: [100000.0, 99999.99999762219, 99999.999997173, 99999.99999700113, 99999.99999765978]
J=2.3e-05, ⟨Jf⟩=1.3e-05, ⟨B·n⟩=1.0e-03, Len=sum([2.4, 2.5, 2.4, 2.4, 2.5])=12.3, ϰ=[12.0, 6.7, 7.3, 10.5, 9.4], ∫ϰ²/L>=[18.3, 16.1, 11.7, 18.8, 19.9], C-C-Sep=0.08, ║∇J║=9.2e-06
Iteration 1537/2000-----
currents: [100000.0, 99999.99999762172, 99999.99999717218, 99999.99999699985, 99999.99999765893]
J=2.3e-05, ⟨Jf⟩=1.3e-05, ⟨B·n⟩=1.0e-03, Len=sum([2.4, 2.5, 2.4, 2.4, 2.5])=12.3, ϰ=[12.0, 6.7, 7.3, 10.5, 9.4], ∫ϰ²/L>=[18.3, 16.1, 11.7, 18.8, 19.9], C-C-Sep=0.08, ║∇J║=1.5e-05
Iteration 1538/2000-----
currents: [100000.0, 99999.99999762146, 99999.99999717173, 99999.99999699916, 99999.99999765847]
J=2.3e-05, ⟨Jf⟩=1.3e-05, ⟨B·n⟩=1.0e-03, Len=sum([2.4, 2.5, 2.4, 2.4, 2.5])=12.3, ϰ=[12.0, 6.7, 7.3, 10.5, 9.4], ∫ϰ²/L>=[18.3, 16.1, 11.7, 18.8, 19.9], C-C-Sep=0.08, ║∇J║=1.5e-05
Iteration 1539/2000-----
currents: [100000.0, 99999.99999762145, 99999.9999971717, 99999.99999699913, 99999.99999765844]
J=2.3e-05, ⟨Jf⟩=1.3e-05, ⟨B·n⟩=1.0e-03, Len=sum([2.4, 2.5, 2.4, 2.4, 2.5])=12.3, ϰ=[12.0, 6.7, 7.3, 10.5, 9.4], ∫ϰ²/L>=[18.3, 16.1, 11.7, 18.8, 19.9], C-C-Sep=0.08, ║∇J║=1.0e-05
Iteration 1540/2000-----
currents: [100000.0, 99999.99999762143, 99999.99999717166, 99999.99999699907, 99999.99999765838]
J=2.3e-05, ⟨Jf⟩=1.3e-05, ⟨B·n⟩=1.0e-03, Len=sum([2.4, 2.5, 2.4, 2.4, 2.5])=12.3, ϰ=[12.0, 6.7, 7.3, 10.5, 9.4], ∫ϰ²/L>=[18.3, 16.1, 11.7, 18.8, 19.9], C-C-Sep=0.08, ║∇J║=1.2e-05
Iteration 1541/2000-----
currents: [100000.0, 99999.99999762124, 99999.99999717131, 99999.99999699855, 99999.999997658]
J=2.3e-05, ⟨Jf⟩=1.3e-05, ⟨B·n⟩=1.0e-03, Len=sum([2.4, 2.5, 2.4, 2.4, 2.5])=12.3, ϰ=[12.0, 6.7, 7.3, 10.5, 9.4], ∫ϰ²/L>=[18.3, 16.1, 11.7, 18.8, 19.9], C-C-Sep=0.08, ║∇J║=1.5e-05
Iteration 1542/2000-----
currents: [100000.0, 99999.99999762082, 99999.99999717055, 99999.99999699737, 99999.99999765719]
J=2.3e-05, ⟨Jf⟩=1.3e-05, ⟨B·n⟩=1.0e-03, Len=sum([2.4, 2.5, 2.4, 2.4, 2.5])=12.3, ϰ=[12.0, 6.7, 7.3, 10.5, 9.4], ∫ϰ²/L>=[18.3, 16.1, 11.7, 18.8, 19.9], C-C-Sep=0.08, ║∇J║=1.3e-05
Iteration 1543/2000-----
currents: [100000.0, 99999.99999761995, 99999.99999716903, 99999.99999699499, 99999.99999765554]
J=2.3e-05, ⟨Jf⟩=1.3e-05, ⟨B·n⟩=1.0e-03, Len=sum([2.4, 2.5, 2.4, 2.4, 2.5])=12.3, ϰ=[12.0, 6.7, 7.3, 10.5, 9.4], ∫ϰ²/L>=[18.3, 16.1, 11.7, 18.8, 19.9], C-C-Sep=0.08, ║∇J║=2.3e-05
Iteration 1544/2000-----
currents: [100000.0, 99999.99999761966, 99999.9999971685, 99999.99999699414, 99999.99999765497]
J=2.3e-05, ⟨Jf⟩=1.3e-05, ⟨B·n⟩=1.0e-03, Len=sum([2.4, 2.5, 2.4, 2.4, 2.5])=12.3, ϰ=[12.0, 6.7, 7.3, 10.5, 9.4], ∫ϰ²/L>=[18.3, 16.1, 11.7, 18.8, 19.9], C-C-Sep=0.08, ║∇J║=1.0e-05
Iteration 1545/2000-----
currents: [100000.0, 99999.99999761955, 99999.99999716834, 99999.99999699387, 99999.9999976548]
J=2.3e-05, ⟨Jf⟩=1.3e-05, ⟨B·n⟩=1.0e-03, Len=sum([2.4, 2.5, 2.4, 2.4, 2.5])=12.3, ϰ=[12.0, 6.7, 7.3, 10.5, 9.4], ∫ϰ²/L>=[18.3, 16.1, 11.7, 18.8, 19.9], C-C-Sep=0.08, ║∇J║=1.0e-05
Iteration 1546/2000-----
currents: [100000.0, 99999.99999761928, 99999.99999716789, 99999.9999969931, 99999.99999765429]
J=2.3e-05, ⟨Jf⟩=1.3e-05, ⟨B·n⟩=1.0e-03, Len=sum([2.4, 2.5, 2.4, 2.4, 2.5])=12.3, ϰ=[12.0, 6.7, 7.3, 10.5, 9.4], ∫ϰ²/L>=[18.3, 16.1, 11.7, 18.8, 19.9], C-C-Sep=0.08, ║∇J║=1.2e-05
Iteration 1547/2000-----
currents: [100000.0, 99999.99999761884, 99999.99999716714, 99999.99999699183, 99999.99999765343]
J=2.3e-05, ⟨Jf⟩=1.3e-05, ⟨B·n⟩=1.0e-03, Len=sum([2.4, 2.5, 2.4, 2.4, 2.5])=12.3, ϰ=[12.0, 6.7, 7.3, 10.5, 9.4], ∫ϰ²/L>=[18.3, 16.1, 11.7, 18.8, 19.9], C-C-Sep=0.08, ║∇J║=2.5e-05
Iteration 1548/2000-----
currents: [100000.0, 99999.99999761864, 99999.99999716679, 99999.99999699128, 99999.99999765304]
J=2.3e-05, ⟨Jf⟩=1.3e-05, ⟨B·n⟩=1.0e-03, Len=sum([2.4, 2.5, 2.4, 2.4, 2.5])=12.3, ϰ=[12.0, 6.7, 7.3, 10.5, 9.4], ∫ϰ²/L>=[18.3, 16.1, 11.7, 18.8, 19.9], C-C-Sep=0.08, ║∇J║=1.2e-05
Iteration 1549/2000-----
currents: [100000.0, 99999.99999761843, 99999.99999716641, 99999.99999699068, 99999.9999976526]
J=2.3e-05, ⟨Jf⟩=1.3e-05, ⟨B·n⟩=1.0e-03, Len=sum([2.4, 2.5, 2.4, 2.4, 2.5])=12.3, ϰ=[12.0, 6.7, 7.3, 10.5, 9.4], ∫ϰ²/L>=[18.3, 16.1, 11.7, 18.8, 19.9], C-C-Sep=0.08, ║∇J║=9.2e-06
Iteration 1550/2000-----
currents: [100000.0, 99999.9999976181, 99999.99999716581, 99999.99999698973, 99999.99999765192]
J=2.3e-05, ⟨Jf⟩=1.3e-05, ⟨B·n⟩=1.0e-03, Len=sum([2.4, 2.5, 2.4, 2.4, 2.5])=12.3, ϰ=[12.0, 6.7, 7.3, 10.5, 9.4], ∫ϰ²/L>=[18.3, 16.1, 11.7, 18.8, 19.9], C-C-Sep=0.08, ║∇J║=1.2e-05
Iteration 1551/2000-----
currents: [100000.0, 99999.99999761757, 99999.99999716491, 99999.99999698829, 99999.99999765088]
J=2.3e-05, ⟨Jf⟩=1.3e-05, ⟨B·n⟩=1.0e-03, Len=sum([2.4, 2.5, 2.4, 2.4, 2.5])=12.3, ϰ=[12.0, 6.7, 7.3, 10.5, 9.4], ∫ϰ²/L>=[18.3, 16.1, 11.7, 18.8, 19.9], C-C-Sep=0.08, ║∇J║=1.5e-05
Iteration 1552/2000-----
currents: [100000.0, 99999.99999761675, 99999.99999716348, 99999.99999698601, 99999.99999764924]
J=2.3e-05, ⟨Jf⟩=1.3e-05, ⟨B·n⟩=1.0e-03, Len=sum([2.4, 2.5, 2.4, 2.4, 2.5])=12.3, ϰ=[12.0, 6.7, 7.3, 10.5, 9.4], ∫ϰ²/L>=[18.3, 16.1, 11.7, 18.8, 19.9], C-C-Sep=0.08, ║∇J║=1.6e-05
Iteration 1553/2000-----
currents: [100000.0, 99999.9999976165, 99999.9999971631, 99999.9999969854, 99999.9999976488]
J=2.3e-05, ⟨Jf⟩=1.3e-05, ⟨B·n⟩=1.0e-03, Len=sum([2.4, 2.5, 2.4, 2.4, 2.5])=12.3, ϰ=[12.0, 6.7, 7.3, 10.5, 9.4], ∫ϰ²/L>=[18.3, 16.1, 11.7, 18.8, 19.9], C-C-Sep=0.08, ║∇J║=9.9e-06
Iteration 1554/2000-----
currents: [100000.0, 99999.99999761628, 99999.99999716277, 99999.99999698483, 99999.99999764838]
J=2.3e-05, ⟨Jf⟩=1.3e-05, ⟨B·n⟩=1.0e-03, Len=sum([2.4, 2.5, 2.4, 2.4, 2.5])=12.3, ϰ=[12.0, 6.7, 7.3, 10.5, 9.4], ∫ϰ²/L>=[18.3, 16.1, 11.7, 18.8, 19.9], C-C-Sep=0.08, ║∇J║=1.1e-05
Iteration 1555/2000-----
currents: [100000.0, 99999.99999761596, 99999.99999716225, 99999.99999698397, 99999.99999764774]
J=2.3e-05, ⟨Jf⟩=1.3e-05, ⟨B·n⟩=1.0e-03, Len=sum([2.4, 2.5, 2.4, 2.4, 2.5])=12.3, ϰ=[12.0, 6.7, 7.3, 10.5, 9.4], ∫ϰ²/L>=[18.3, 16.1, 11.7, 18.8, 19.9], C-C-Sep=0.08, ║∇J║=1.3e-05
Iteration 1556/2000-----
currents: [100000.0, 99999.99999761528, 99999.9999971611, 99999.99999698205, 99999.9999976463]
J=2.3e-05, ⟨Jf⟩=1.3e-05, ⟨B·n⟩=1.0e-03, Len=sum([2.4, 2.5, 2.4, 2.4, 2.5])=12.3, ϰ=[12.0, 6.7, 7.3, 10.5, 9.4], ∫ϰ²/L>=[18.3, 16.1, 11.7, 18.8, 19.9], C-C-Sep=0.08, ║∇J║=1.6e-05
Iteration 1557/2000-----
currents: [100000.0, 99999.99999761498, 99999.99999716057, 99999.9999969812, 99999.99999764566]
J=2.3e-05, ⟨Jf⟩=1.3e-05, ⟨B·n⟩=1.0e-03, Len=sum([2.4, 2.5, 2.4, 2.4, 2.5])=12.3, ϰ=[12.0, 6.7, 7.3, 10.5, 9.4], ∫ϰ²/L>=[18.3, 16.1, 11.7, 18.8, 19.9], C-C-Sep=0.08, ║∇J║=9.4e-06
Iteration 1558/2000-----
currents: [100000.0, 99999.99999761475, 99999.99999716015, 99999.99999698052, 99999.99999764514]
J=2.3e-05, ⟨Jf⟩=1.3e-05, ⟨B·n⟩=1.0e-03, Len=sum([2.4, 2.5, 2.4, 2.4, 2.5])=12.3, ϰ=[12.0, 6.7, 7.3, 10.5, 9.4], ∫ϰ²/L>=[18.3, 16.1, 11.7, 18.8, 19.9], C-C-Sep=0.08, ║∇J║=1.0e-05
Iteration 1559/2000-----
currents: [100000.0, 99999.99999761442, 99999.99999715958, 99999.99999697958, 99999.99999764442]
J=2.3e-05, ⟨Jf⟩=1.3e-05, ⟨B·n⟩=1.0e-03, Len=sum([2.4, 2.5, 2.4, 2.4, 2.5])=12.3, ϰ=[12.0, 6.7, 7.3, 10.5, 9.4], ∫ϰ²/L>=[18.3, 16.1, 11.7, 18.8, 19.9], C-C-Sep=0.08, ║∇J║=1.4e-05
Iteration 1560/2000-----
currents: [100000.0, 99999.99999761392, 99999.99999715877, 99999.99999697818, 99999.99999764338]
J=2.3e-05, ⟨Jf⟩=1.3e-05, ⟨B·n⟩=1.0e-03, Len=sum([2.4, 2.5, 2.4, 2.4, 2.5])=12.3, ϰ=[12.0, 6.7, 7.3, 10.5, 9.4], ∫ϰ²/L>=[18.3, 16.1, 11.7, 18.8, 19.9], C-C-Sep=0.08, ║∇J║=1.5e-05
Iteration 1561/2000-----
currents: [100000.0, 99999.99999761369, 99999.99999715842, 99999.99999697758, 99999.99999764294]
J=2.3e-05, ⟨Jf⟩=1.3e-05, ⟨B·n⟩=1.0e-03, Len=sum([2.4, 2.5, 2.4, 2.4, 2.5])=12.3, ϰ=[12.0, 6.7, 7.3, 10.5, 9.4], ∫ϰ²/L>=[18.3, 16.1, 11.7, 18.8, 19.9], C-C-Sep=0.08, ║∇J║=9.6e-06
Iteration 1562/2000-----
currents: [100000.0, 99999.99999761333, 99999.99999715788, 99999.99999697666, 99999.99999764228]
J=2.3e-05, ⟨Jf⟩=1.3e-05, ⟨B·n⟩=1.0e-03, Len=sum([2.4, 2.5, 2.4, 2.4, 2.5])=12.3, ϰ=[12.0, 6.7, 7.3, 10.5, 9.4], ∫ϰ²/L>=[18.3, 16.1, 11.7, 18.8, 19.9], C-C-Sep=0.08, ║∇J║=1.0e-05
Iteration 1563/2000-----
currents: [100000.0, 99999.99999761305, 99999.99999715744, 99999.99999697594, 99999.99999764175]
J=2.3e-05, ⟨Jf⟩=1.3e-05, ⟨B·n⟩=1.0e-03, Len=sum([2.4, 2.5, 2.4, 2.4, 2.5])=12.3, ϰ=[12.0, 6.7, 7.3, 10.5, 9.4], ∫ϰ²/L>=[18.3, 16.1, 11.7, 18.8, 19.9], C-C-Sep=0.08, ║∇J║=1.1e-05
Iteration 1564/2000-----
currents: [100000.0, 99999.99999761244, 99999.99999715645, 99999.99999697432, 99999.99999764055]
J=2.3e-05, ⟨Jf⟩=1.3e-05, ⟨B·n⟩=1.0e-03, Len=sum([2.4, 2.5, 2.4, 2.4, 2.5])=12.3, ϰ=[12.0, 6.7, 7.3, 10.5, 9.4], ∫ϰ²/L>=[18.3, 16.1, 11.7, 18.8, 19.9], C-C-Sep=0.08, ║∇J║=1.1e-05
Iteration 1565/2000-----
currents: [100000.0, 99999.99999761203, 99999.99999715577, 99999.99999697319, 99999.99999763971]
J=2.3e-05, ⟨Jf⟩=1.3e-05, ⟨B·n⟩=1.0e-03, Len=sum([2.4, 2.5, 2.4, 2.4, 2.5])=12.3, ϰ=[12.0, 6.7, 7.3, 10.5, 9.4], ∫ϰ²/L>=[18.3, 16.1, 11.7, 18.8, 19.9], C-C-Sep=0.08, ║∇J║=1.5e-05
Iteration 1566/2000-----
currents: [100000.0, 99999.99999761193, 99999.9999971556, 99999.99999697288, 99999.99999763948]
J=2.3e-05, ⟨Jf⟩=1.3e-05, ⟨B·n⟩=1.0e-03, Len=sum([2.4, 2.5, 2.4, 2.4, 2.5])=12.3, ϰ=[12.0, 6.7, 7.3, 10.5, 9.4], ∫ϰ²/L>=[18.3, 16.1, 11.7, 18.8, 19.9], C-C-Sep=0.08, ║∇J║=1.1e-05
Iteration 1567/2000-----
currents: [100000.0, 99999.99999761174, 99999.99999715529, 99999.99999697234, 99999.99999763908]
J=2.3e-05, ⟨Jf⟩=1.3e-05, ⟨B·n⟩=1.0e-03, Len=sum([2.4, 2.5, 2.4, 2.4, 2.5])=12.3, ϰ=[12.0, 6.7, 7.3, 10.5, 9.4], ∫ϰ²/L>=[18.3, 16.1, 11.7, 18.8, 19.9], C-C-Sep=0.08, ║∇J║=1.0e-05
Iteration 1568/2000-----
currents: [100000.0, 99999.99999761145, 99999.99999715484, 99999.99999697157, 99999.99999763853]
J=2.3e-05, ⟨Jf⟩=1.3e-05, ⟨B·n⟩=1.0e-03, Len=sum([2.4, 2.5, 2.4, 2.4, 2.5])=12.3, ϰ=[12.0, 6.7, 7.3, 10.5, 9.4], ∫ϰ²/L>=[18.3, 16.1, 11.7, 18.8, 19.9], C-C-Sep=0.08, ║∇J║=1.4e-05
Iteration 1569/2000-----
currents: [100000.0, 99999.99999761107, 99999.99999715424, 99999.99999697054, 99999.99999763779]
J=2.3e-05, ⟨Jf⟩=1.3e-05, ⟨B·n⟩=1.0e-03, Len=sum([2.4, 2.5, 2.4, 2.4, 2.5])=12.3, ϰ=[12.0, 6.7, 7.3, 10.5, 9.4], ∫ϰ²/L>=[18.3, 16.1, 11.7, 18.8, 19.9], C-C-Sep=0.08, ║∇J║=1.1e-05
Iteration 1570/2000-----
currents: [100000.0, 99999.99999761059, 99999.99999715347, 99999.99999696927, 99999.99999763689]
J=2.3e-05, ⟨Jf⟩=1.3e-05, ⟨B·n⟩=1.0e-03, Len=sum([2.4, 2.5, 2.4, 2.4, 2.5])=12.3, ϰ=[12.0, 6.7, 7.3, 10.5, 9.4], ∫ϰ²/L>=[18.3, 16.1, 11.7, 18.8, 19.9], C-C-Sep=0.08, ║∇J║=9.6e-06
Iteration 1571/2000-----
currents: [100000.0, 99999.99999761, 99999.99999715251, 99999.99999696772, 99999.99999763578]
J=2.3e-05, ⟨Jf⟩=1.3e-05, ⟨B·n⟩=1.0e-03, Len=sum([2.4, 2.5, 2.4, 2.4, 2.5])=12.3, ϰ=[12.0, 6.7, 7.3, 10.5, 9.4], ∫ϰ²/L>=[18.3, 16.1, 11.7, 18.8, 19.9], C-C-Sep=0.08, ║∇J║=1.4e-05
Iteration 1572/2000-----
currents: [100000.0, 99999.99999760975, 99999.99999715209, 99999.99999696705, 99999.9999976353]
J=2.3e-05, ⟨Jf⟩=1.3e-05, ⟨B·n⟩=1.0e-03, Len=sum([2.4, 2.5, 2.4, 2.4, 2.5])=12.3, ϰ=[12.0, 6.7, 7.3, 10.5, 9.4], ∫ϰ²/L>=[18.3, 16.1, 11.7, 18.8, 19.9], C-C-Sep=0.08, ║∇J║=1.1e-05
Iteration 1573/2000-----
currents: [100000.0, 99999.9999976095, 99999.99999715167, 99999.99999696639, 99999.99999763483]
J=2.3e-05, ⟨Jf⟩=1.3e-05, ⟨B·n⟩=1.0e-03, Len=sum([2.4, 2.5, 2.4, 2.4, 2.5])=12.3, ϰ=[12.0, 6.7, 7.3, 10.5, 9.4], ∫ϰ²/L>=[18.3, 16.1, 11.7, 18.8, 19.9], C-C-Sep=0.08, ║∇J║=1.1e-05
Iteration 1574/2000-----
currents: [100000.0, 99999.99999760906, 99999.99999715094, 99999.99999696523, 99999.999997634]
J=2.3e-05, ⟨Jf⟩=1.3e-05, ⟨B·n⟩=1.0e-03, Len=sum([2.4, 2.5, 2.4, 2.4, 2.5])=12.3, ϰ=[12.0, 6.7, 7.3, 10.5, 9.4], ∫ϰ²/L>=[18.3, 16.1, 11.7, 18.8, 19.9], C-C-Sep=0.08, ║∇J║=1.4e-05
Iteration 1575/2000-----
currents: [100000.0, 99999.99999760861, 99999.99999715017, 99999.99999696395, 99999.99999763309]
J=2.3e-05, ⟨Jf⟩=1.3e-05, ⟨B·n⟩=1.0e-03, Len=sum([2.4, 2.5, 2.4, 2.4, 2.5])=12.3, ϰ=[12.0, 6.7, 7.3, 10.5, 9.4], ∫ϰ²/L>=[18.3, 16.1, 11.7, 18.8, 19.9], C-C-Sep=0.08, ║∇J║=1.5e-05
Iteration 1576/2000-----
currents: [100000.0, 99999.99999760848, 99999.99999714995, 99999.99999696357, 99999.99999763281]
J=2.3e-05, ⟨Jf⟩=1.3e-05, ⟨B·n⟩=1.0e-03, Len=sum([2.4, 2.5, 2.4, 2.4, 2.5])=12.3, ϰ=[12.0, 6.7, 7.3, 10.5, 9.4], ∫ϰ²/L>=[18.3, 16.1, 11.7, 18.8, 19.9], C-C-Sep=0.08, ║∇J║=9.4e-06
Iteration 1577/2000-----
currents: [100000.0, 99999.99999760816, 99999.9999971494, 99999.9999969626, 99999.9999976321]
J=2.3e-05, ⟨Jf⟩=1.3e-05, ⟨B·n⟩=1.0e-03, Len=sum([2.4, 2.5, 2.4, 2.4, 2.5])=12.3, ϰ=[12.0, 6.7, 7.3, 10.5, 9.4], ∫ϰ²/L>=[18.3, 16.1, 11.7, 18.8, 19.9], C-C-Sep=0.08, ║∇J║=1.0e-05
Iteration 1578/2000-----
currents: [100000.0, 99999.99999760794, 99999.99999714899, 99999.99999696191, 99999.99999763159]
J=2.3e-05, ⟨Jf⟩=1.3e-05, ⟨B·n⟩=1.0e-03, Len=sum([2.4, 2.5, 2.4, 2.4, 2.5])=12.3, ϰ=[12.0, 6.7, 7.3, 10.5, 9.4], ∫ϰ²/L>=[18.3, 16.1, 11.7, 18.8, 19.9], C-C-Sep=0.08, ║∇J║=1.1e-05
Iteration 1579/2000-----
currents: [100000.0, 99999.99999760745, 99999.99999714806, 99999.9999969604, 99999.99999763047]
J=2.3e-05, ⟨Jf⟩=1.3e-05, ⟨B·n⟩=1.0e-03, Len=sum([2.4, 2.5, 2.4, 2.4, 2.5])=12.3, ϰ=[12.0, 6.7, 7.3, 10.5, 9.4], ∫ϰ²/L>=[18.3, 16.1, 11.7, 18.8, 19.9], C-C-Sep=0.08, ║∇J║=1.5e-05
Iteration 1580/2000-----
currents: [100000.0, 99999.99999760739, 99999.99999714794, 99999.99999696022, 99999.99999763034]
J=2.3e-05, ⟨Jf⟩=1.3e-05, ⟨B·n⟩=1.0e-03, Len=sum([2.4, 2.5, 2.4, 2.4, 2.5])=12.3, ϰ=[12.0, 6.7, 7.3, 10.5, 9.4], ∫ϰ²/L>=[18.3, 16.1, 11.7, 18.8, 19.9], C-C-Sep=0.08, ║∇J║=7.5e-06
Iteration 1581/2000-----
currents: [100000.0, 99999.9999976073, 99999.9999971478, 99999.99999696002, 99999.99999763019]
J=2.3e-05, ⟨Jf⟩=1.3e-05, ⟨B·n⟩=1.0e-03, Len=sum([2.4, 2.5, 2.4, 2.4, 2.5])=12.3, ϰ=[12.0, 6.7, 7.3, 10.5, 9.4], ∫ϰ²/L>=[18.3, 16.1, 11.7, 18.8, 19.9], C-C-Sep=0.08, ║∇J║=7.9e-06
Iteration 1582/2000-----
currents: [100000.0, 99999.99999760708, 99999.99999714743, 99999.99999695945, 99999.99999762978]
J=2.3e-05, ⟨Jf⟩=1.3e-05, ⟨B·n⟩=1.0e-03, Len=sum([2.4, 2.5, 2.4, 2.4, 2.5])=12.3, ϰ=[12.0, 6.7, 7.3, 10.5, 9.4], ∫ϰ²/L>=[18.3, 16.1, 11.7, 18.8, 19.9], C-C-Sep=0.08, ║∇J║=1.0e-05
Iteration 1583/2000-----
currents: [100000.0, 99999.99999760659, 99999.9999971466, 99999.99999695811, 99999.99999762882]
J=2.3e-05, ⟨Jf⟩=1.3e-05, ⟨B·n⟩=1.0e-03, Len=sum([2.4, 2.5, 2.4, 2.4, 2.5])=12.3, ϰ=[12.0, 6.7, 7.3, 10.5, 9.4], ∫ϰ²/L>=[18.3, 16.1, 11.7, 18.8, 19.9], C-C-Sep=0.08, ║∇J║=1.8e-05
Iteration 1584/2000-----
currents: [100000.0, 99999.99999760621, 99999.99999714596, 99999.99999695708, 99999.99999762808]
J=2.3e-05, ⟨Jf⟩=1.3e-05, ⟨B·n⟩=1.0e-03, Len=sum([2.4, 2.5, 2.4, 2.4, 2.5])=12.3, ϰ=[12.0, 6.7, 7.3, 10.5, 9.4], ∫ϰ²/L>=[18.3, 16.1, 11.7, 18.8, 19.9], C-C-Sep=0.08, ║∇J║=1.0e-05
Iteration 1585/2000-----
currents: [100000.0, 99999.99999760582, 99999.99999714529, 99999.99999695596, 99999.99999762727]
J=2.3e-05, ⟨Jf⟩=1.3e-05, ⟨B·n⟩=1.0e-03, Len=sum([2.4, 2.5, 2.4, 2.4, 2.5])=12.3, ϰ=[12.0, 6.7, 7.3, 10.5, 9.4], ∫ϰ²/L>=[18.3, 16.1, 11.7, 18.8, 19.9], C-C-Sep=0.08, ║∇J║=8.1e-06
Iteration 1586/2000-----
currents: [100000.0, 99999.99999760541, 99999.9999971446, 99999.9999969548, 99999.99999762642]
J=2.3e-05, ⟨Jf⟩=1.3e-05, ⟨B·n⟩=1.0e-03, Len=sum([2.4, 2.5, 2.4, 2.4, 2.5])=12.3, ϰ=[12.0, 6.7, 7.3, 10.5, 9.4], ∫ϰ²/L>=[18.3, 16.1, 11.7, 18.8, 19.9], C-C-Sep=0.08, ║∇J║=1.0e-05
Iteration 1587/2000-----
currents: [100000.0, 99999.99999760491, 99999.99999714375, 99999.9999969534, 99999.9999976254]
J=2.3e-05, ⟨Jf⟩=1.3e-05, ⟨B·n⟩=1.0e-03, Len=sum([2.4, 2.5, 2.4, 2.4, 2.5])=12.3, ϰ=[12.0, 6.7, 7.3, 10.5, 9.4], ∫ϰ²/L>=[18.3, 16.1, 11.7, 18.8, 19.9], C-C-Sep=0.08, ║∇J║=1.6e-05
Iteration 1588/2000-----
currents: [100000.0, 99999.99999760471, 99999.99999714337, 99999.99999695277, 99999.99999762494]
J=2.3e-05, ⟨Jf⟩=1.3e-05, ⟨B·n⟩=1.0e-03, Len=sum([2.4, 2.5, 2.4, 2.4, 2.5])=12.3, ϰ=[12.0, 6.7, 7.3, 10.5, 9.4], ∫ϰ²/L>=[18.3, 16.1, 11.7, 18.8, 19.9], C-C-Sep=0.08, ║∇J║=1.0e-05
Iteration 1589/2000-----
currents: [100000.0, 99999.99999760464, 99999.99999714323, 99999.99999695255, 99999.99999762476]
J=2.3e-05, ⟨Jf⟩=1.3e-05, ⟨B·n⟩=1.0e-03, Len=sum([2.4, 2.5, 2.4, 2.4, 2.5])=12.3, ϰ=[12.0, 6.7, 7.3, 10.5, 9.4], ∫ϰ²/L>=[18.3, 16.1, 11.7, 18.8, 19.9], C-C-Sep=0.08, ║∇J║=7.8e-06
Iteration 1590/2000-----
currents: [100000.0, 99999.99999760457, 99999.99999714307, 99999.99999695229, 99999.99999762455]
J=2.3e-05, ⟨Jf⟩=1.3e-05, ⟨B·n⟩=1.0e-03, Len=sum([2.4, 2.5, 2.4, 2.4, 2.5])=12.3, ϰ=[12.0, 6.7, 7.3, 10.5, 9.4], ∫ϰ²/L>=[18.3, 16.1, 11.7, 18.8, 19.9], C-C-Sep=0.08, ║∇J║=9.9e-06
Iteration 1591/2000-----
currents: [100000.0, 99999.9999976043, 99999.99999714259, 99999.99999695149, 99999.99999762393]
J=2.3e-05, ⟨Jf⟩=1.3e-05, ⟨B·n⟩=1.0e-03, Len=sum([2.4, 2.5, 2.4, 2.4, 2.5])=12.3, ϰ=[12.0, 6.7, 7.3, 10.5, 9.4], ∫ϰ²/L>=[18.3, 16.1, 11.7, 18.8, 19.9], C-C-Sep=0.08, ║∇J║=1.3e-05
Iteration 1592/2000-----
currents: [100000.0, 99999.99999760404, 99999.99999714212, 99999.99999695072, 99999.99999762335]
J=2.3e-05, ⟨Jf⟩=1.3e-05, ⟨B·n⟩=1.0e-03, Len=sum([2.4, 2.5, 2.4, 2.4, 2.5])=12.3, ϰ=[12.0, 6.7, 7.3, 10.5, 9.4], ∫ϰ²/L>=[18.3, 16.1, 11.7, 18.8, 19.9], C-C-Sep=0.08, ║∇J║=8.6e-06
Iteration 1593/2000-----
currents: [100000.0, 99999.99999760374, 99999.9999971416, 99999.99999694983, 99999.99999762268]
J=2.3e-05, ⟨Jf⟩=1.3e-05, ⟨B·n⟩=1.0e-03, Len=sum([2.4, 2.5, 2.4, 2.4, 2.5])=12.3, ϰ=[12.0, 6.7, 7.3, 10.5, 9.4], ∫ϰ²/L>=[18.3, 16.1, 11.7, 18.8, 19.9], C-C-Sep=0.08, ║∇J║=6.5e-06
Iteration 1594/2000-----
currents: [100000.0, 99999.99999760342, 99999.99999714106, 99999.99999694894, 99999.99999762203]
J=2.3e-05, ⟨Jf⟩=1.3e-05, ⟨B·n⟩=1.0e-03, Len=sum([2.4, 2.5, 2.4, 2.4, 2.5])=12.3, ϰ=[12.0, 6.7, 7.3, 10.5, 9.4], ∫ϰ²/L>=[18.3, 16.1, 11.7, 18.8, 19.9], C-C-Sep=0.08, ║∇J║=8.5e-06
Iteration 1595/2000-----
currents: [100000.0, 99999.99999760304, 99999.99999714042, 99999.99999694791, 99999.99999762127]
J=2.3e-05, ⟨Jf⟩=1.3e-05, ⟨B·n⟩=1.0e-03, Len=sum([2.4, 2.5, 2.4, 2.4, 2.5])=12.3, ϰ=[12.0, 6.7, 7.3, 10.5, 9.4], ∫ϰ²/L>=[18.3, 16.1, 11.7, 18.8, 19.9], C-C-Sep=0.08, ║∇J║=9.8e-06
Iteration 1596/2000-----
currents: [100000.0, 99999.99999760263, 99999.99999713972, 99999.99999694682, 99999.99999762047]
J=2.3e-05, ⟨Jf⟩=1.3e-05, ⟨B·n⟩=1.0e-03, Len=sum([2.4, 2.5, 2.4, 2.4, 2.5])=12.3, ϰ=[12.0, 6.7, 7.3, 10.5, 9.4], ∫ϰ²/L>=[18.3, 16.1, 11.7, 18.8, 19.9], C-C-Sep=0.08, ║∇J║=1.0e-05
Iteration 1597/2000-----
currents: [100000.0, 99999.9999976022, 99999.99999713896, 99999.99999694565, 99999.99999761963]
J=2.3e-05, ⟨Jf⟩=1.3e-05, ⟨B·n⟩=1.0e-03, Len=sum([2.4, 2.5, 2.4, 2.4, 2.5])=12.3, ϰ=[12.0, 6.7, 7.3, 10.5, 9.4], ∫ϰ²/L>=[18.3, 16.1, 11.7, 18.8, 19.9], C-C-Sep=0.08, ║∇J║=1.1e-05
Iteration 1598/2000-----
currents: [100000.0, 99999.99999760208, 99999.99999713876, 99999.99999694535, 99999.99999761941]
J=2.3e-05, ⟨Jf⟩=1.3e-05, ⟨B·n⟩=1.0e-03, Len=sum([2.4, 2.5, 2.4, 2.4, 2.5])=12.3, ϰ=[12.0, 6.7, 7.3, 10.5, 9.4], ∫ϰ²/L>=[18.3, 16.1, 11.7, 18.8, 19.9], C-C-Sep=0.08, ║∇J║=8.8e-06
Iteration 1599/2000-----
currents: [100000.0, 99999.99999760187, 99999.9999971384, 99999.99999694478, 99999.999997619]
J=2.3e-05, ⟨Jf⟩=1.3e-05, ⟨B·n⟩=1.0e-03, Len=sum([2.4, 2.5, 2.4, 2.4, 2.5])=12.3, ϰ=[12.0, 6.7, 7.3, 10.5, 9.4], ∫ϰ²/L>=[18.3, 16.1, 11.7, 18.8, 19.9], C-C-Sep=0.08, ║∇J║=1.0e-05
Iteration 1600/2000-----
currents: [100000.0, 99999.99999760148, 99999.9999971377, 99999.99999694365, 99999.99999761817]
J=2.3e-05, ⟨Jf⟩=1.3e-05, ⟨B·n⟩=1.0e-03, Len=sum([2.4, 2.5, 2.4, 2.4, 2.5])=12.3, ϰ=[12.0, 6.7, 7.3, 10.5, 9.4], ∫ϰ²/L>=[18.3, 16.1, 11.7, 18.8, 19.9], C-C-Sep=0.08, ║∇J║=1.2e-05
Iteration 1601/2000-----
currents: [100000.0, 99999.99999760097, 99999.99999713678, 99999.99999694216, 99999.99999761708]
J=2.3e-05, ⟨Jf⟩=1.3e-05, ⟨B·n⟩=1.0e-03, Len=sum([2.4, 2.5, 2.4, 2.4, 2.5])=12.3, ϰ=[12.0, 6.7, 7.3, 10.5, 9.4], ∫ϰ²/L>=[18.3, 16.1, 11.7, 18.8, 19.9], C-C-Sep=0.08, ║∇J║=8.7e-06
Iteration 1602/2000-----
currents: [100000.0, 99999.9999976004, 99999.99999713573, 99999.99999694049, 99999.99999761583]
J=2.3e-05, ⟨Jf⟩=1.3e-05, ⟨B·n⟩=1.0e-03, Len=sum([2.4, 2.5, 2.4, 2.4, 2.5])=12.3, ϰ=[12.0, 6.7, 7.3, 10.5, 9.4], ∫ϰ²/L>=[18.3, 16.1, 11.7, 18.8, 19.9], C-C-Sep=0.08, ║∇J║=9.2e-06
Iteration 1603/2000-----
currents: [100000.0, 99999.99999760001, 99999.99999713496, 99999.99999693925, 99999.99999761488]
J=2.3e-05, ⟨Jf⟩=1.3e-05, ⟨B·n⟩=1.0e-03, Len=sum([2.4, 2.5, 2.4, 2.4, 2.5])=12.3, ϰ=[12.0, 6.7, 7.3, 10.5, 9.4], ∫ϰ²/L>=[18.3, 16.1, 11.7, 18.8, 19.9], C-C-Sep=0.08, ║∇J║=1.2e-05
Iteration 1604/2000-----
currents: [100000.0, 99999.99999759978, 99999.99999713447, 99999.9999969385, 99999.99999761429]
J=2.3e-05, ⟨Jf⟩=1.3e-05, ⟨B·n⟩=1.0e-03, Len=sum([2.4, 2.5, 2.4, 2.4, 2.5])=12.3, ϰ=[12.0, 6.7, 7.3, 10.5, 9.4], ∫ϰ²/L>=[18.3, 16.1, 11.7, 18.8, 19.9], C-C-Sep=0.08, ║∇J║=1.0e-05
Iteration 1605/2000-----
currents: [100000.0, 99999.9999975997, 99999.99999713425, 99999.99999693818, 99999.99999761402]
J=2.3e-05, ⟨Jf⟩=1.3e-05, ⟨B·n⟩=1.0e-03, Len=sum([2.4, 2.5, 2.4, 2.4, 2.5])=12.3, ϰ=[12.0, 6.7, 7.3, 10.5, 9.4], ∫ϰ²/L>=[18.3, 16.1, 11.7, 18.8, 19.9], C-C-Sep=0.08, ║∇J║=9.1e-06
Iteration 1606/2000-----
currents: [100000.0, 99999.99999759975, 99999.9999971342, 99999.99999693812, 99999.99999761395]
J=2.3e-05, ⟨Jf⟩=1.3e-05, ⟨B·n⟩=1.0e-03, Len=sum([2.4, 2.5, 2.4, 2.4, 2.5])=12.3, ϰ=[12.0, 6.7, 7.3, 10.5, 9.4], ∫ϰ²/L>=[18.3, 16.1, 11.7, 18.8, 19.9], C-C-Sep=0.08, ║∇J║=1.1e-05
Iteration 1607/2000-----
currents: [100000.0, 99999.99999759969, 99999.99999713404, 99999.99999693786, 99999.99999761375]
J=2.3e-05, ⟨Jf⟩=1.3e-05, ⟨B·n⟩=1.0e-03, Len=sum([2.4, 2.5, 2.4, 2.4, 2.5])=12.3, ϰ=[12.0, 6.7, 7.3, 10.5, 9.4], ∫ϰ²/L>=[18.3, 16.1, 11.7, 18.8, 19.9], C-C-Sep=0.08, ║∇J║=1.0e-05
Iteration 1608/2000-----
currents: [100000.0, 99999.9999975994, 99999.99999713346, 99999.99999693691, 99999.99999761306]
J=2.3e-05, ⟨Jf⟩=1.3e-05, ⟨B·n⟩=1.0e-03, Len=sum([2.4, 2.5, 2.4, 2.4, 2.5])=12.3, ϰ=[12.0, 6.7, 7.3, 10.5, 9.4], ∫ϰ²/L>=[18.3, 16.1, 11.7, 18.8, 19.9], C-C-Sep=0.08, ║∇J║=9.8e-06
Iteration 1609/2000-----
currents: [100000.0, 99999.99999759896, 99999.99999713256, 99999.99999693541, 99999.99999761197]
J=2.3e-05, ⟨Jf⟩=1.3e-05, ⟨B·n⟩=1.0e-03, Len=sum([2.4, 2.5, 2.4, 2.4, 2.5])=12.3, ϰ=[12.0, 6.7, 7.3, 10.5, 9.4], ∫ϰ²/L>=[18.3, 16.1, 11.7, 18.8, 19.9], C-C-Sep=0.08, ║∇J║=1.6e-05
Iteration 1610/2000-----
currents: [100000.0, 99999.99999759867, 99999.99999713198, 99999.99999693446, 99999.9999976113]
J=2.3e-05, ⟨Jf⟩=1.3e-05, ⟨B·n⟩=1.0e-03, Len=sum([2.4, 2.5, 2.4, 2.4, 2.5])=12.3, ϰ=[12.0, 6.7, 7.3, 10.5, 9.4], ∫ϰ²/L>=[18.3, 16.1, 11.7, 18.8, 19.9], C-C-Sep=0.08, ║∇J║=8.6e-06
Iteration 1611/2000-----
currents: [100000.0, 99999.99999759844, 99999.99999713151, 99999.99999693372, 99999.99999761078]
J=2.3e-05, ⟨Jf⟩=1.3e-05, ⟨B·n⟩=1.0e-03, Len=sum([2.4, 2.5, 2.4, 2.4, 2.5])=12.3, ϰ=[12.0, 6.7, 7.3, 10.5, 9.4], ∫ϰ²/L>=[18.3, 16.1, 11.7, 18.8, 19.9], C-C-Sep=0.08, ║∇J║=8.1e-06
Iteration 1612/2000-----
currents: [100000.0, 99999.99999759818, 99999.99999713094, 99999.99999693282, 99999.99999761012]
J=2.3e-05, ⟨Jf⟩=1.3e-05, ⟨B·n⟩=1.0e-03, Len=sum([2.4, 2.5, 2.4, 2.4, 2.5])=12.3, ϰ=[12.0, 6.7, 7.3, 10.5, 9.4], ∫ϰ²/L>=[18.3, 16.1, 11.7, 18.8, 19.9], C-C-Sep=0.08, ║∇J║=9.4e-06
Iteration 1613/2000-----
currents: [100000.0, 99999.99999759776, 99999.99999713009, 99999.99999693145, 99999.99999760913]
J=2.3e-05, ⟨Jf⟩=1.3e-05, ⟨B·n⟩=1.0e-03, Len=sum([2.4, 2.5, 2.4, 2.4, 2.5])=12.3, ϰ=[12.0, 6.7, 7.3, 10.5, 9.4], ∫ϰ²/L>=[18.3, 16.1, 11.7, 18.8, 19.9], C-C-Sep=0.08, ║∇J║=1.3e-05
Iteration 1614/2000-----
currents: [100000.0, 99999.99999759745, 99999.99999712943, 99999.99999693042, 99999.99999760836]
J=2.3e-05, ⟨Jf⟩=1.3e-05, ⟨B·n⟩=1.0e-03, Len=sum([2.4, 2.5, 2.4, 2.4, 2.5])=12.3, ϰ=[12.0, 6.7, 7.3, 10.5, 9.4], ∫ϰ²/L>=[18.3, 16.1, 11.7, 18.8, 19.9], C-C-Sep=0.08, ║∇J║=8.2e-06
Iteration 1615/2000-----
currents: [100000.0, 99999.9999975974, 99999.99999712933, 99999.99999693026, 99999.99999760823]
J=2.3e-05, ⟨Jf⟩=1.3e-05, ⟨B·n⟩=1.0e-03, Len=sum([2.4, 2.5, 2.4, 2.4, 2.5])=12.3, ϰ=[12.0, 6.7, 7.3, 10.5, 9.4], ∫ϰ²/L>=[18.3, 16.1, 11.7, 18.8, 19.9], C-C-Sep=0.08, ║∇J║=6.5e-06
Iteration 1616/2000-----
currents: [100000.0, 99999.99999759714, 99999.99999712885, 99999.9999969295, 99999.99999760765]
J=2.3e-05, ⟨Jf⟩=1.3e-05, ⟨B·n⟩=1.0e-03, Len=sum([2.4, 2.5, 2.4, 2.4, 2.5])=12.3, ϰ=[12.0, 6.7, 7.3, 10.5, 9.4], ∫ϰ²/L>=[18.3, 16.1, 11.7, 18.8, 19.9], C-C-Sep=0.08, ║∇J║=9.8e-06
Iteration 1617/2000-----
currents: [100000.0, 99999.99999759693, 99999.99999712844, 99999.99999692888, 99999.99999760718]
J=2.3e-05, ⟨Jf⟩=1.3e-05, ⟨B·n⟩=1.0e-03, Len=sum([2.4, 2.5, 2.4, 2.4, 2.5])=12.3, ϰ=[12.0, 6.7, 7.3, 10.5, 9.4], ∫ϰ²/L>=[18.3, 16.1, 11.7, 18.8, 19.9], C-C-Sep=0.08, ║∇J║=9.2e-06
Iteration 1618/2000-----
currents: [100000.0, 99999.9999975967, 99999.99999712799, 99999.99999692818, 99999.99999760666]
J=2.3e-05, ⟨Jf⟩=1.3e-05, ⟨B·n⟩=1.0e-03, Len=sum([2.4, 2.5, 2.4, 2.4, 2.5])=12.3, ϰ=[12.0, 6.7, 7.3, 10.5, 9.4], ∫ϰ²/L>=[18.3, 16.1, 11.7, 18.8, 19.9], C-C-Sep=0.08, ║∇J║=7.8e-06
Iteration 1619/2000-----
currents: [100000.0, 99999.99999759627, 99999.99999712716, 99999.99999692688, 99999.99999760569]
J=2.3e-05, ⟨Jf⟩=1.3e-05, ⟨B·n⟩=1.0e-03, Len=sum([2.4, 2.5, 2.4, 2.4, 2.5])=12.3, ϰ=[12.0, 6.7, 7.3, 10.5, 9.4], ∫ϰ²/L>=[18.3, 16.1, 11.7, 18.8, 19.9], C-C-Sep=0.08, ║∇J║=1.0e-05
Iteration 1620/2000-----
currents: [100000.0, 99999.99999759583, 99999.99999712635, 99999.99999692565, 99999.99999760478]
J=2.3e-05, ⟨Jf⟩=1.3e-05, ⟨B·n⟩=1.0e-03, Len=sum([2.4, 2.5, 2.4, 2.4, 2.5])=12.3, ϰ=[12.0, 6.7, 7.3, 10.5, 9.4], ∫ϰ²/L>=[18.3, 16.1, 11.7, 18.8, 19.9], C-C-Sep=0.08, ║∇J║=9.1e-06
Iteration 1621/2000-----
currents: [100000.0, 99999.99999759586, 99999.99999712639, 99999.9999969257, 99999.99999760481]
J=2.3e-05, ⟨Jf⟩=1.3e-05, ⟨B·n⟩=1.0e-03, Len=sum([2.4, 2.5, 2.4, 2.4, 2.5])=12.3, ϰ=[12.0, 6.7, 7.3, 10.5, 9.4], ∫ϰ²/L>=[18.3, 16.1, 11.7, 18.8, 19.9], C-C-Sep=0.08, ║∇J║=6.8e-06
Iteration 1622/2000-----
currents: [100000.0, 99999.99999759563, 99999.99999712598, 99999.99999692506, 99999.99999760432]
J=2.3e-05, ⟨Jf⟩=1.3e-05, ⟨B·n⟩=1.0e-03, Len=sum([2.4, 2.5, 2.4, 2.4, 2.5])=12.3, ϰ=[12.0, 6.7, 7.3, 10.5, 9.4], ∫ϰ²/L>=[18.3, 16.1, 11.7, 18.8, 19.9], C-C-Sep=0.08, ║∇J║=6.4e-06
Iteration 1623/2000-----
currents: [100000.0, 99999.99999759546, 99999.99999712566, 99999.99999692457, 99999.99999760394]
J=2.3e-05, ⟨Jf⟩=1.3e-05, ⟨B·n⟩=1.0e-03, Len=sum([2.4, 2.5, 2.4, 2.4, 2.5])=12.3, ϰ=[12.0, 6.7, 7.3, 10.5, 9.4], ∫ϰ²/L>=[18.3, 16.1, 11.7, 18.8, 19.9], C-C-Sep=0.08, ║∇J║=8.1e-06
Iteration 1624/2000-----
currents: [100000.0, 99999.9999975951, 99999.99999712504, 99999.99999692361, 99999.99999760321]
J=2.3e-05, ⟨Jf⟩=1.3e-05, ⟨B·n⟩=1.0e-03, Len=sum([2.4, 2.5, 2.4, 2.4, 2.5])=12.3, ϰ=[12.0, 6.7, 7.3, 10.5, 9.4], ∫ϰ²/L>=[18.3, 16.1, 11.7, 18.8, 19.9], C-C-Sep=0.08, ║∇J║=6.9e-06
Iteration 1625/2000-----
currents: [100000.0, 99999.99999759463, 99999.99999712419, 99999.99999692233, 99999.99999760227]
J=2.3e-05, ⟨Jf⟩=1.3e-05, ⟨B·n⟩=1.0e-03, Len=sum([2.4, 2.5, 2.4, 2.4, 2.5])=12.3, ϰ=[12.0, 6.7, 7.3, 10.5, 9.4], ∫ϰ²/L>=[18.3, 16.1, 11.7, 18.8, 19.9], C-C-Sep=0.08, ║∇J║=1.0e-05
Iteration 1626/2000-----
currents: [100000.0, 99999.99999759435, 99999.99999712368, 99999.99999692156, 99999.9999976017]
J=2.3e-05, ⟨Jf⟩=1.3e-05, ⟨B·n⟩=1.0e-03, Len=sum([2.4, 2.5, 2.4, 2.4, 2.5])=12.3, ϰ=[12.0, 6.7, 7.3, 10.5, 9.4], ∫ϰ²/L>=[18.3, 16.1, 11.7, 18.8, 19.9], C-C-Sep=0.08, ║∇J║=7.2e-06
Iteration 1627/2000-----
currents: [100000.0, 99999.99999759416, 99999.99999712329, 99999.99999692097, 99999.99999760125]
J=2.3e-05, ⟨Jf⟩=1.3e-05, ⟨B·n⟩=1.0e-03, Len=sum([2.4, 2.5, 2.4, 2.4, 2.5])=12.3, ϰ=[12.0, 6.7, 7.3, 10.5, 9.4], ∫ϰ²/L>=[18.3, 16.1, 11.7, 18.8, 19.9], C-C-Sep=0.08, ║∇J║=8.1e-06
Iteration 1628/2000-----
currents: [100000.0, 99999.99999759378, 99999.99999712256, 99999.9999969199, 99999.99999760042]
J=2.3e-05, ⟨Jf⟩=1.3e-05, ⟨B·n⟩=1.0e-03, Len=sum([2.4, 2.5, 2.4, 2.4, 2.5])=12.3, ϰ=[12.0, 6.7, 7.3, 10.5, 9.4], ∫ϰ²/L>=[18.3, 16.1, 11.7, 18.8, 19.9], C-C-Sep=0.08, ║∇J║=8.7e-06
Iteration 1629/2000-----
currents: [100000.0, 99999.99999759316, 99999.99999712133, 99999.99999691805, 99999.99999759896]
J=2.3e-05, ⟨Jf⟩=1.3e-05, ⟨B·n⟩=1.0e-03, Len=sum([2.4, 2.5, 2.4, 2.4, 2.5])=12.3, ϰ=[12.0, 6.7, 7.3, 10.5, 9.4], ∫ϰ²/L>=[18.3, 16.1, 11.7, 18.8, 19.9], C-C-Sep=0.08, ║∇J║=1.8e-05
Iteration 1630/2000-----
currents: [100000.0, 99999.999997593, 99999.99999712102, 99999.99999691763, 99999.99999759861]
J=2.3e-05, ⟨Jf⟩=1.3e-05, ⟨B·n⟩=1.0e-03, Len=sum([2.4, 2.5, 2.4, 2.4, 2.5])=12.3, ϰ=[12.0, 6.7, 7.3, 10.5, 9.4], ∫ϰ²/L>=[18.3, 16.1, 11.7, 18.8, 19.9], C-C-Sep=0.08, ║∇J║=7.1e-06
Iteration 1631/2000-----
currents: [100000.0, 99999.99999759281, 99999.99999712069, 99999.99999691715, 99999.99999759824]
J=2.3e-05, ⟨Jf⟩=1.3e-05, ⟨B·n⟩=1.0e-03, Len=sum([2.4, 2.5, 2.4, 2.4, 2.5])=12.3, ϰ=[12.0, 6.7, 7.3, 10.5, 9.4], ∫ϰ²/L>=[18.3, 16.1, 11.7, 18.8, 19.9], C-C-Sep=0.08, ║∇J║=5.9e-06
Iteration 1632/2000-----
currents: [100000.0, 99999.99999759257, 99999.99999712025, 99999.99999691654, 99999.99999759773]
J=2.3e-05, ⟨Jf⟩=1.3e-05, ⟨B·n⟩=1.0e-03, Len=sum([2.4, 2.5, 2.4, 2.4, 2.5])=12.3, ϰ=[12.0, 6.7, 7.3, 10.5, 9.4], ∫ϰ²/L>=[18.3, 16.1, 11.7, 18.8, 19.9], C-C-Sep=0.08, ║∇J║=8.0e-06
Iteration 1633/2000-----
currents: [100000.0, 99999.99999759211, 99999.99999711939, 99999.99999691529, 99999.99999759674]
J=2.3e-05, ⟨Jf⟩=1.3e-05, ⟨B·n⟩=1.0e-03, Len=sum([2.4, 2.5, 2.4, 2.4, 2.5])=12.3, ϰ=[12.0, 6.7, 7.3, 10.5, 9.4], ∫ϰ²/L>=[18.3, 16.1, 11.7, 18.8, 19.9], C-C-Sep=0.08, ║∇J║=1.4e-05
Iteration 1634/2000-----
currents: [100000.0, 99999.9999975918, 99999.99999711882, 99999.99999691447, 99999.99999759611]
J=2.3e-05, ⟨Jf⟩=1.3e-05, ⟨B·n⟩=1.0e-03, Len=sum([2.4, 2.5, 2.4, 2.4, 2.5])=12.3, ϰ=[12.0, 6.7, 7.3, 10.5, 9.4], ∫ϰ²/L>=[18.3, 16.1, 11.7, 18.8, 19.9], C-C-Sep=0.08, ║∇J║=7.5e-06
Iteration 1635/2000-----
currents: [100000.0, 99999.9999975916, 99999.99999711842, 99999.9999969139, 99999.99999759566]
J=2.3e-05, ⟨Jf⟩=1.3e-05, ⟨B·n⟩=1.0e-03, Len=sum([2.4, 2.5, 2.4, 2.4, 2.5])=12.3, ϰ=[12.0, 6.7, 7.3, 10.5, 9.4], ∫ϰ²/L>=[18.3, 16.1, 11.7, 18.8, 19.9], C-C-Sep=0.08, ║∇J║=5.8e-06
Iteration 1636/2000-----
currents: [100000.0, 99999.99999759131, 99999.99999711786, 99999.99999691312, 99999.99999759505]
J=2.3e-05, ⟨Jf⟩=1.3e-05, ⟨B·n⟩=1.0e-03, Len=sum([2.4, 2.5, 2.4, 2.4, 2.5])=12.3, ϰ=[12.0, 6.7, 7.3, 10.5, 9.4], ∫ϰ²/L>=[18.3, 16.1, 11.7, 18.8, 19.9], C-C-Sep=0.08, ║∇J║=6.7e-06
Iteration 1637/2000-----
currents: [100000.0, 99999.99999759097, 99999.99999711722, 99999.99999691224, 99999.99999759434]
J=2.3e-05, ⟨Jf⟩=1.3e-05, ⟨B·n⟩=1.0e-03, Len=sum([2.4, 2.5, 2.4, 2.4, 2.5])=12.3, ϰ=[12.0, 6.7, 7.3, 10.5, 9.4], ∫ϰ²/L>=[18.3, 16.1, 11.7, 18.8, 19.9], C-C-Sep=0.08, ║∇J║=8.2e-06
Iteration 1638/2000-----
currents: [100000.0, 99999.99999759036, 99999.99999711606, 99999.99999691061, 99999.99999759304]
J=2.3e-05, ⟨Jf⟩=1.3e-05, ⟨B·n⟩=1.0e-03, Len=sum([2.4, 2.5, 2.4, 2.4, 2.5])=12.3, ϰ=[12.0, 6.7, 7.3, 10.5, 9.4], ∫ϰ²/L>=[18.3, 16.1, 11.7, 18.8, 19.9], C-C-Sep=0.08, ║∇J║=1.2e-05
Iteration 1639/2000-----
currents: [100000.0, 99999.9999975903, 99999.99999711594, 99999.99999691048, 99999.99999759292]
J=2.3e-05, ⟨Jf⟩=1.3e-05, ⟨B·n⟩=1.0e-03, Len=sum([2.4, 2.5, 2.4, 2.4, 2.5])=12.3, ϰ=[12.0, 6.7, 7.3, 10.5, 9.4], ∫ϰ²/L>=[18.3, 16.1, 11.7, 18.8, 19.9], C-C-Sep=0.08, ║∇J║=6.6e-06
Iteration 1640/2000-----
currents: [100000.0, 99999.99999759036, 99999.99999711603, 99999.99999691066, 99999.99999759304]
J=2.3e-05, ⟨Jf⟩=1.3e-05, ⟨B·n⟩=1.0e-03, Len=sum([2.4, 2.5, 2.4, 2.4, 2.5])=12.3, ϰ=[12.0, 6.7, 7.3, 10.5, 9.4], ∫ϰ²/L>=[18.3, 16.1, 11.7, 18.8, 19.9], C-C-Sep=0.08, ║∇J║=6.7e-06
Iteration 1641/2000-----
currents: [100000.0, 99999.99999759022, 99999.99999711572, 99999.99999691026, 99999.99999759273]
J=2.3e-05, ⟨Jf⟩=1.3e-05, ⟨B·n⟩=1.0e-03, Len=sum([2.4, 2.5, 2.4, 2.4, 2.5])=12.3, ϰ=[12.0, 6.7, 7.3, 10.5, 9.4], ∫ϰ²/L>=[18.3, 16.1, 11.7, 18.8, 19.9], C-C-Sep=0.08, ║∇J║=7.2e-06
Iteration 1642/2000-----
currents: [100000.0, 99999.9999975898, 99999.99999711488, 99999.99999690911, 99999.99999759186]
J=2.3e-05, ⟨Jf⟩=1.3e-05, ⟨B·n⟩=1.0e-03, Len=sum([2.4, 2.5, 2.4, 2.4, 2.5])=12.3, ϰ=[12.0, 6.7, 7.3, 10.5, 9.4], ∫ϰ²/L>=[18.3, 16.1, 11.7, 18.8, 19.9], C-C-Sep=0.08, ║∇J║=1.4e-05
Iteration 1643/2000-----
currents: [100000.0, 99999.99999758956, 99999.99999711441, 99999.99999690847, 99999.99999759137]
J=2.3e-05, ⟨Jf⟩=1.3e-05, ⟨B·n⟩=1.0e-03, Len=sum([2.4, 2.5, 2.4, 2.4, 2.5])=12.3, ϰ=[12.0, 6.7, 7.3, 10.5, 9.4], ∫ϰ²/L>=[18.3, 16.1, 11.7, 18.8, 19.9], C-C-Sep=0.08, ║∇J║=6.3e-06
Iteration 1644/2000-----
currents: [100000.0, 99999.99999758929, 99999.9999971139, 99999.99999690773, 99999.99999759081]
J=2.3e-05, ⟨Jf⟩=1.3e-05, ⟨B·n⟩=1.0e-03, Len=sum([2.4, 2.5, 2.4, 2.4, 2.5])=12.3, ϰ=[12.0, 6.7, 7.3, 10.5, 9.4], ∫ϰ²/L>=[18.3, 16.1, 11.7, 18.8, 19.9], C-C-Sep=0.08, ║∇J║=5.1e-06
Iteration 1645/2000-----
currents: [100000.0, 99999.99999758892, 99999.99999711323, 99999.99999690677, 99999.9999975901]
J=2.3e-05, ⟨Jf⟩=1.3e-05, ⟨B·n⟩=1.0e-03, Len=sum([2.4, 2.5, 2.4, 2.4, 2.5])=12.3, ϰ=[12.0, 6.7, 7.3, 10.5, 9.4], ∫ϰ²/L>=[18.3, 16.1, 11.7, 18.8, 19.9], C-C-Sep=0.08, ║∇J║=7.0e-06
Iteration 1646/2000-----
currents: [100000.0, 99999.99999758847, 99999.9999971124, 99999.9999969056, 99999.99999758921]
J=2.3e-05, ⟨Jf⟩=1.3e-05, ⟨B·n⟩=1.0e-03, Len=sum([2.4, 2.5, 2.4, 2.4, 2.5])=12.3, ϰ=[12.0, 6.7, 7.3, 10.5, 9.4], ∫ϰ²/L>=[18.3, 16.1, 11.7, 18.8, 19.9], C-C-Sep=0.08, ║∇J║=1.4e-05
Iteration 1647/2000-----
currents: [100000.0, 99999.99999758825, 99999.99999711201, 99999.99999690504, 99999.9999975888]
J=2.3e-05, ⟨Jf⟩=1.3e-05, ⟨B·n⟩=1.0e-03, Len=sum([2.4, 2.5, 2.4, 2.4, 2.5])=12.3, ϰ=[12.0, 6.7, 7.3, 10.5, 9.4], ∫ϰ²/L>=[18.3, 16.1, 11.7, 18.8, 19.9], C-C-Sep=0.08, ║∇J║=8.0e-06
Iteration 1648/2000-----
currents: [100000.0, 99999.9999975882, 99999.9999971119, 99999.99999690491, 99999.9999975887]
J=2.3e-05, ⟨Jf⟩=1.3e-05, ⟨B·n⟩=1.0e-03, Len=sum([2.4, 2.5, 2.4, 2.4, 2.5])=12.3, ϰ=[12.0, 6.7, 7.3, 10.5, 9.4], ∫ϰ²/L>=[18.3, 16.1, 11.7, 18.8, 19.9], C-C-Sep=0.08, ║∇J║=6.7e-06
Iteration 1649/2000-----
currents: [100000.0, 99999.99999758808, 99999.99999711166, 99999.99999690462, 99999.99999758849]
J=2.3e-05, ⟨Jf⟩=1.3e-05, ⟨B·n⟩=1.0e-03, Len=sum([2.4, 2.5, 2.4, 2.4, 2.5])=12.3, ϰ=[12.0, 6.7, 7.3, 10.5, 9.4], ∫ϰ²/L>=[18.3, 16.1, 11.7, 18.8, 19.9], C-C-Sep=0.08, ║∇J║=7.0e-06
Iteration 1650/2000-----
currents: [100000.0, 99999.99999758777, 99999.99999711105, 99999.99999690379, 99999.99999758787]
J=2.3e-05, ⟨Jf⟩=1.3e-05, ⟨B·n⟩=1.0e-03, Len=sum([2.4, 2.5, 2.4, 2.4, 2.5])=12.3, ϰ=[12.0, 6.7, 7.3, 10.5, 9.4], ∫ϰ²/L>=[18.3, 16.1, 11.7, 18.8, 19.9], C-C-Sep=0.08, ║∇J║=8.9e-06
Iteration 1651/2000-----
currents: [100000.0, 99999.99999758725, 99999.99999711005, 99999.99999690239, 99999.99999758684]
J=2.3e-05, ⟨Jf⟩=1.3e-05, ⟨B·n⟩=1.0e-03, Len=sum([2.4, 2.5, 2.4, 2.4, 2.5])=12.3, ϰ=[12.0, 6.7, 7.3, 10.5, 9.4], ∫ϰ²/L>=[18.3, 16.1, 11.7, 18.8, 19.9], C-C-Sep=0.08, ║∇J║=7.4e-06
Iteration 1652/2000-----
currents: [100000.0, 99999.99999758696, 99999.99999710947, 99999.99999690158, 99999.99999758623]
J=2.3e-05, ⟨Jf⟩=1.3e-05, ⟨B·n⟩=1.0e-03, Len=sum([2.4, 2.5, 2.4, 2.4, 2.5])=12.3, ϰ=[12.0, 6.7, 7.3, 10.5, 9.4], ∫ϰ²/L>=[18.3, 16.1, 11.7, 18.8, 19.9], C-C-Sep=0.08, ║∇J║=6.1e-06
Iteration 1653/2000-----
currents: [100000.0, 99999.99999758652, 99999.99999710858, 99999.99999690034, 99999.9999975853]
J=2.3e-05, ⟨Jf⟩=1.3e-05, ⟨B·n⟩=1.0e-03, Len=sum([2.4, 2.5, 2.4, 2.4, 2.5])=12.3, ϰ=[12.0, 6.7, 7.3, 10.5, 9.4], ∫ϰ²/L>=[18.3, 16.1, 11.7, 18.8, 19.9], C-C-Sep=0.08, ║∇J║=8.6e-06
Iteration 1654/2000-----
currents: [100000.0, 99999.99999758626, 99999.99999710804, 99999.99999689961, 99999.99999758475]
J=2.3e-05, ⟨Jf⟩=1.3e-05, ⟨B·n⟩=1.0e-03, Len=sum([2.4, 2.5, 2.4, 2.4, 2.5])=12.3, ϰ=[12.0, 6.7, 7.3, 10.5, 9.4], ∫ϰ²/L>=[18.3, 16.1, 11.7, 18.8, 19.9], C-C-Sep=0.08, ║∇J║=1.2e-05
Iteration 1655/2000-----
currents: [100000.0, 99999.99999758623, 99999.99999710794, 99999.99999689953, 99999.99999758466]
J=2.3e-05, ⟨Jf⟩=1.3e-05, ⟨B·n⟩=1.0e-03, Len=sum([2.4, 2.5, 2.4, 2.4, 2.5])=12.3, ϰ=[12.0, 6.7, 7.3, 10.5, 9.4], ∫ϰ²/L>=[18.3, 16.1, 11.7, 18.8, 19.9], C-C-Sep=0.08, ║∇J║=8.0e-06
Iteration 1656/2000-----
currents: [100000.0, 99999.99999758614, 99999.99999710768, 99999.99999689929, 99999.99999758445]
J=2.3e-05, ⟨Jf⟩=1.3e-05, ⟨B·n⟩=1.0e-03, Len=sum([2.4, 2.5, 2.4, 2.4, 2.5])=12.3, ϰ=[12.0, 6.7, 7.3, 10.5, 9.4], ∫ϰ²/L>=[18.3, 16.1, 11.7, 18.8, 19.9], C-C-Sep=0.08, ║∇J║=6.6e-06
Iteration 1657/2000-----
currents: [100000.0, 99999.99999758597, 99999.99999710728, 99999.99999689878, 99999.99999758408]
J=2.3e-05, ⟨Jf⟩=1.3e-05, ⟨B·n⟩=1.0e-03, Len=sum([2.4, 2.5, 2.4, 2.4, 2.5])=12.3, ϰ=[12.0, 6.7, 7.3, 10.5, 9.4], ∫ϰ²/L>=[18.3, 16.1, 11.7, 18.8, 19.9], C-C-Sep=0.08, ║∇J║=7.1e-06
Iteration 1658/2000-----
currents: [100000.0, 99999.99999758546, 99999.99999710615, 99999.9999968973, 99999.99999758299]
J=2.3e-05, ⟨Jf⟩=1.3e-05, ⟨B·n⟩=1.0e-03, Len=sum([2.4, 2.5, 2.4, 2.4, 2.5])=12.3, ϰ=[12.0, 6.7, 7.3, 10.5, 9.4], ∫ϰ²/L>=[18.3, 16.1, 11.7, 18.8, 19.9], C-C-Sep=0.08, ║∇J║=9.5e-06
Iteration 1659/2000-----
currents: [100000.0, 99999.99999758464, 99999.9999971045, 99999.999996895, 99999.99999758133]
J=2.3e-05, ⟨Jf⟩=1.3e-05, ⟨B·n⟩=1.0e-03, Len=sum([2.4, 2.5, 2.4, 2.4, 2.5])=12.3, ϰ=[12.0, 6.7, 7.3, 10.5, 9.4], ∫ϰ²/L>=[18.3, 16.1, 11.7, 18.8, 19.9], C-C-Sep=0.08, ║∇J║=2.4e-05
Iteration 1660/2000-----
currents: [100000.0, 99999.99999758505, 99999.99999710533, 99999.99999689616, 99999.99999758217]
J=2.3e-05, ⟨Jf⟩=1.3e-05, ⟨B·n⟩=1.0e-03, Len=sum([2.4, 2.5, 2.4, 2.4, 2.5])=12.3, ϰ=[12.0, 6.7, 7.3, 10.5, 9.4], ∫ϰ²/L>=[18.3, 16.1, 11.7, 18.8, 19.9], C-C-Sep=0.08, ║∇J║=1.2e-05
Iteration 1661/2000-----
currents: [100000.0, 99999.9999975847, 99999.9999971047, 99999.9999968952, 99999.9999975815]
J=2.3e-05, ⟨Jf⟩=1.3e-05, ⟨B·n⟩=1.0e-03, Len=sum([2.4, 2.5, 2.4, 2.4, 2.5])=12.3, ϰ=[12.0, 6.7, 7.3, 10.5, 9.4], ∫ϰ²/L>=[18.3, 16.1, 11.7, 18.8, 19.9], C-C-Sep=0.08, ║∇J║=7.6e-06
Iteration 1662/2000-----
currents: [100000.0, 99999.99999758434, 99999.99999710404, 99999.99999689423, 99999.99999758083]
J=2.3e-05, ⟨Jf⟩=1.3e-05, ⟨B·n⟩=1.0e-03, Len=sum([2.4, 2.5, 2.4, 2.4, 2.5])=12.3, ϰ=[12.0, 6.7, 7.3, 10.5, 9.4], ∫ϰ²/L>=[18.3, 16.1, 11.7, 18.8, 19.9], C-C-Sep=0.08, ║∇J║=7.1e-06
Iteration 1663/2000-----
currents: [100000.0, 99999.99999758395, 99999.99999710332, 99999.99999689321, 99999.99999758012]
J=2.3e-05, ⟨Jf⟩=1.3e-05, ⟨B·n⟩=1.0e-03, Len=sum([2.4, 2.5, 2.4, 2.4, 2.5])=12.3, ϰ=[12.0, 6.7, 7.3, 10.5, 9.4], ∫ϰ²/L>=[18.3, 16.1, 11.7, 18.8, 19.9], C-C-Sep=0.08, ║∇J║=8.5e-06
Iteration 1664/2000-----
currents: [100000.0, 99999.99999758329, 99999.99999710209, 99999.99999689149, 99999.9999975789]
J=2.3e-05, ⟨Jf⟩=1.3e-05, ⟨B·n⟩=1.0e-03, Len=sum([2.4, 2.5, 2.4, 2.4, 2.5])=12.3, ϰ=[12.0, 6.7, 7.3, 10.5, 9.4], ∫ϰ²/L>=[18.3, 16.1, 11.7, 18.8, 19.9], C-C-Sep=0.08, ║∇J║=7.9e-06
Iteration 1665/2000-----
currents: [100000.0, 99999.99999758281, 99999.99999710113, 99999.99999689021, 99999.99999757796]
J=2.3e-05, ⟨Jf⟩=1.3e-05, ⟨B·n⟩=1.0e-03, Len=sum([2.4, 2.5, 2.4, 2.4, 2.5])=12.3, ϰ=[12.0, 6.7, 7.3, 10.5, 9.4], ∫ϰ²/L>=[18.3, 16.1, 11.7, 18.8, 19.9], C-C-Sep=0.08, ║∇J║=1.1e-05
Iteration 1666/2000-----
currents: [100000.0, 99999.99999758243, 99999.99999710036, 99999.99999688916, 99999.99999757718]
J=2.3e-05, ⟨Jf⟩=1.3e-05, ⟨B·n⟩=1.0e-03, Len=sum([2.4, 2.5, 2.4, 2.4, 2.5])=12.3, ϰ=[12.0, 6.7, 7.3, 10.5, 9.4], ∫ϰ²/L>=[18.3, 16.1, 11.7, 18.8, 19.9], C-C-Sep=0.08, ║∇J║=1.2e-05
Iteration 1667/2000-----
currents: [100000.0, 99999.99999758237, 99999.99999710021, 99999.99999688898, 99999.99999757702]
J=2.3e-05, ⟨Jf⟩=1.3e-05, ⟨B·n⟩=1.0e-03, Len=sum([2.4, 2.5, 2.4, 2.4, 2.5])=12.3, ϰ=[12.0, 6.7, 7.3, 10.5, 9.4], ∫ϰ²/L>=[18.3, 16.1, 11.7, 18.8, 19.9], C-C-Sep=0.08, ║∇J║=6.8e-06
Iteration 1668/2000-----
currents: [100000.0, 99999.99999758224, 99999.99999709992, 99999.99999688855, 99999.99999757668]
J=2.3e-05, ⟨Jf⟩=1.3e-05, ⟨B·n⟩=1.0e-03, Len=sum([2.4, 2.5, 2.4, 2.4, 2.5])=12.3, ϰ=[12.0, 6.7, 7.3, 10.5, 9.4], ∫ϰ²/L>=[18.3, 16.1, 11.7, 18.8, 19.9], C-C-Sep=0.08, ║∇J║=7.0e-06
Iteration 1669/2000-----
currents: [100000.0, 99999.99999758184, 99999.9999970991, 99999.99999688739, 99999.99999757581]
J=2.3e-05, ⟨Jf⟩=1.3e-05, ⟨B·n⟩=1.0e-03, Len=sum([2.4, 2.5, 2.4, 2.4, 2.5])=12.3, ϰ=[12.0, 6.7, 7.3, 10.5, 9.4], ∫ϰ²/L>=[18.3, 16.1, 11.7, 18.8, 19.9], C-C-Sep=0.08, ║∇J║=1.1e-05
Iteration 1670/2000-----
currents: [100000.0, 99999.99999758114, 99999.99999709774, 99999.99999688545, 99999.99999757437]
J=2.3e-05, ⟨Jf⟩=1.3e-05, ⟨B·n⟩=1.0e-03, Len=sum([2.4, 2.5, 2.4, 2.4, 2.5])=12.3, ϰ=[12.0, 6.7, 7.3, 10.5, 9.4], ∫ϰ²/L>=[18.3, 16.1, 11.7, 18.8, 19.9], C-C-Sep=0.08, ║∇J║=9.7e-06
Iteration 1671/2000-----
currents: [100000.0, 99999.99999758073, 99999.99999709695, 99999.99999688436, 99999.99999757357]
J=2.3e-05, ⟨Jf⟩=1.3e-05, ⟨B·n⟩=1.0e-03, Len=sum([2.4, 2.5, 2.4, 2.4, 2.5])=12.3, ϰ=[12.0, 6.7, 7.3, 10.5, 9.4], ∫ϰ²/L>=[18.3, 16.1, 11.7, 18.8, 19.9], C-C-Sep=0.08, ║∇J║=7.0e-06
Iteration 1672/2000-----
currents: [100000.0, 99999.99999758016, 99999.99999709585, 99999.99999688288, 99999.99999757246]
J=2.3e-05, ⟨Jf⟩=1.3e-05, ⟨B·n⟩=1.0e-03, Len=sum([2.4, 2.5, 2.4, 2.4, 2.5])=12.3, ϰ=[12.0, 6.7, 7.3, 10.5, 9.4], ∫ϰ²/L>=[18.3, 16.1, 11.7, 18.8, 19.9], C-C-Sep=0.08, ║∇J║=7.4e-06
Iteration 1673/2000-----
currents: [100000.0, 99999.9999975796, 99999.99999709472, 99999.99999688138, 99999.99999757133]
J=2.3e-05, ⟨Jf⟩=1.3e-05, ⟨B·n⟩=1.0e-03, Len=sum([2.4, 2.5, 2.4, 2.4, 2.5])=12.3, ϰ=[12.0, 6.7, 7.3, 10.5, 9.4], ∫ϰ²/L>=[18.3, 16.1, 11.7, 18.8, 19.9], C-C-Sep=0.08, ║∇J║=1.3e-05
Iteration 1674/2000-----
currents: [100000.0, 99999.99999757929, 99999.99999709407, 99999.99999688056, 99999.99999757069]
J=2.3e-05, ⟨Jf⟩=1.3e-05, ⟨B·n⟩=1.0e-03, Len=sum([2.4, 2.5, 2.4, 2.4, 2.5])=12.3, ϰ=[12.0, 6.7, 7.3, 10.5, 9.4], ∫ϰ²/L>=[18.3, 16.1, 11.7, 18.8, 19.9], C-C-Sep=0.08, ║∇J║=8.6e-06
Iteration 1675/2000-----
currents: [100000.0, 99999.99999757909, 99999.9999970936, 99999.99999688001, 99999.99999757024]
J=2.3e-05, ⟨Jf⟩=1.3e-05, ⟨B·n⟩=1.0e-03, Len=sum([2.4, 2.5, 2.4, 2.4, 2.5])=12.3, ϰ=[12.0, 6.7, 7.3, 10.5, 9.4], ∫ϰ²/L>=[18.3, 16.1, 11.7, 18.8, 19.9], C-C-Sep=0.08, ║∇J║=6.6e-06
Iteration 1676/2000-----
currents: [100000.0, 99999.9999975788, 99999.99999709296, 99999.9999968792, 99999.99999756961]
J=2.3e-05, ⟨Jf⟩=1.3e-05, ⟨B·n⟩=1.0e-03, Len=sum([2.4, 2.5, 2.4, 2.4, 2.5])=12.3, ϰ=[12.0, 6.7, 7.3, 10.5, 9.4], ∫ϰ²/L>=[18.3, 16.1, 11.7, 18.8, 19.9], C-C-Sep=0.08, ║∇J║=6.5e-06
Iteration 1677/2000-----
currents: [100000.0, 99999.99999757833, 99999.99999709195, 99999.99999687789, 99999.99999756864]
J=2.3e-05, ⟨Jf⟩=1.3e-05, ⟨B·n⟩=1.0e-03, Len=sum([2.4, 2.5, 2.4, 2.4, 2.5])=12.3, ϰ=[12.0, 6.7, 7.3, 10.5, 9.4], ∫ϰ²/L>=[18.3, 16.1, 11.7, 18.8, 19.9], C-C-Sep=0.08, ║∇J║=9.2e-06
Iteration 1678/2000-----
currents: [100000.0, 99999.99999757767, 99999.99999709058, 99999.99999687604, 99999.99999756728]
J=2.3e-05, ⟨Jf⟩=1.3e-05, ⟨B·n⟩=1.0e-03, Len=sum([2.4, 2.5, 2.4, 2.4, 2.5])=12.3, ϰ=[12.0, 6.7, 7.3, 10.5, 9.4], ∫ϰ²/L>=[18.3, 16.1, 11.7, 18.8, 19.9], C-C-Sep=0.08, ║∇J║=7.9e-06
Iteration 1679/2000-----
currents: [100000.0, 99999.99999757725, 99999.99999708972, 99999.99999687485, 99999.99999756643]
J=2.3e-05, ⟨Jf⟩=1.3e-05, ⟨B·n⟩=1.0e-03, Len=sum([2.4, 2.5, 2.4, 2.4, 2.5])=12.3, ϰ=[12.0, 6.7, 7.3, 10.5, 9.4], ∫ϰ²/L>=[18.3, 16.1, 11.7, 18.8, 19.9], C-C-Sep=0.08, ║∇J║=6.6e-06
Iteration 1680/2000-----
currents: [100000.0, 99999.99999757687, 99999.9999970889, 99999.99999687374, 99999.99999756562]
J=2.3e-05, ⟨Jf⟩=1.3e-05, ⟨B·n⟩=1.0e-03, Len=sum([2.4, 2.5, 2.4, 2.4, 2.5])=12.3, ϰ=[12.0, 6.7, 7.3, 10.5, 9.4], ∫ϰ²/L>=[18.3, 16.1, 11.7, 18.8, 19.9], C-C-Sep=0.08, ║∇J║=7.3e-06
Iteration 1681/2000-----
currents: [100000.0, 99999.99999757655, 99999.99999708823, 99999.99999687282, 99999.99999756494]
J=2.3e-05, ⟨Jf⟩=1.3e-05, ⟨B·n⟩=1.0e-03, Len=sum([2.4, 2.5, 2.4, 2.4, 2.5])=12.3, ϰ=[12.0, 6.7, 7.3, 10.5, 9.4], ∫ϰ²/L>=[18.3, 16.1, 11.7, 18.8, 19.9], C-C-Sep=0.08, ║∇J║=1.0e-05
Iteration 1682/2000-----
currents: [100000.0, 99999.99999757623, 99999.99999708752, 99999.9999968719, 99999.99999756423]
J=2.3e-05, ⟨Jf⟩=1.3e-05, ⟨B·n⟩=1.0e-03, Len=sum([2.4, 2.5, 2.4, 2.4, 2.5])=12.3, ϰ=[12.0, 6.7, 7.3, 10.5, 9.4], ∫ϰ²/L>=[18.3, 16.1, 11.7, 18.8, 19.9], C-C-Sep=0.08, ║∇J║=9.0e-06
Iteration 1683/2000-----
currents: [100000.0, 99999.99999757585, 99999.99999708666, 99999.99999687083, 99999.99999756337]
J=2.3e-05, ⟨Jf⟩=1.3e-05, ⟨B·n⟩=1.0e-03, Len=sum([2.4, 2.5, 2.4, 2.4, 2.5])=12.3, ϰ=[12.0, 6.7, 7.3, 10.5, 9.4], ∫ϰ²/L>=[18.3, 16.1, 11.7, 18.8, 19.9], C-C-Sep=0.08, ║∇J║=8.4e-06
Iteration 1684/2000-----
currents: [100000.0, 99999.99999757542, 99999.99999708572, 99999.99999686958, 99999.99999756241]
J=2.3e-05, ⟨Jf⟩=1.3e-05, ⟨B·n⟩=1.0e-03, Len=sum([2.4, 2.5, 2.4, 2.4, 2.5])=12.3, ϰ=[12.0, 6.7, 7.3, 10.5, 9.4], ∫ϰ²/L>=[18.3, 16.1, 11.7, 18.8, 19.9], C-C-Sep=0.08, ║∇J║=8.6e-06
Iteration 1685/2000-----
currents: [100000.0, 99999.99999757469, 99999.99999708423, 99999.99999686755, 99999.99999756091]
J=2.3e-05, ⟨Jf⟩=1.3e-05, ⟨B·n⟩=1.0e-03, Len=sum([2.4, 2.5, 2.4, 2.4, 2.5])=12.3, ϰ=[12.0, 6.7, 7.3, 10.5, 9.4], ∫ϰ²/L>=[18.3, 16.1, 11.7, 18.8, 19.9], C-C-Sep=0.08, ║∇J║=1.3e-05
Iteration 1686/2000-----
currents: [100000.0, 99999.99999757443, 99999.99999708372, 99999.99999686684, 99999.9999975604]
J=2.3e-05, ⟨Jf⟩=1.3e-05, ⟨B·n⟩=1.0e-03, Len=sum([2.4, 2.5, 2.4, 2.4, 2.5])=12.3, ϰ=[12.0, 6.7, 7.3, 10.5, 9.4], ∫ϰ²/L>=[18.3, 16.1, 11.7, 18.8, 19.9], C-C-Sep=0.08, ║∇J║=6.9e-06
Iteration 1687/2000-----
currents: [100000.0, 99999.9999975742, 99999.99999708327, 99999.99999686619, 99999.99999755995]
J=2.3e-05, ⟨Jf⟩=1.3e-05, ⟨B·n⟩=1.0e-03, Len=sum([2.4, 2.5, 2.4, 2.4, 2.5])=12.3, ϰ=[12.0, 6.7, 7.3, 10.5, 9.4], ∫ϰ²/L>=[18.3, 16.1, 11.7, 18.8, 19.9], C-C-Sep=0.08, ║∇J║=7.1e-06
Iteration 1688/2000-----
currents: [100000.0, 99999.99999757389, 99999.99999708266, 99999.99999686534, 99999.99999755935]
J=2.3e-05, ⟨Jf⟩=1.3e-05, ⟨B·n⟩=1.0e-03, Len=sum([2.4, 2.5, 2.4, 2.4, 2.5])=12.3, ϰ=[12.0, 6.7, 7.3, 10.5, 9.4], ∫ϰ²/L>=[18.3, 16.1, 11.7, 18.8, 19.9], C-C-Sep=0.08, ║∇J║=7.7e-06
Iteration 1689/2000-----
currents: [100000.0, 99999.99999757332, 99999.99999708147, 99999.99999686373, 99999.99999755819]
J=2.3e-05, ⟨Jf⟩=1.3e-05, ⟨B·n⟩=1.0e-03, Len=sum([2.4, 2.5, 2.4, 2.4, 2.5])=12.3, ϰ=[12.0, 6.7, 7.3, 10.5, 9.4], ∫ϰ²/L>=[18.3, 16.1, 11.7, 18.8, 19.9], C-C-Sep=0.08, ║∇J║=8.8e-06
Iteration 1690/2000-----
currents: [100000.0, 99999.99999757245, 99999.99999707949, 99999.99999686111, 99999.99999755624]
J=2.3e-05, ⟨Jf⟩=1.3e-05, ⟨B·n⟩=1.0e-03, Len=sum([2.4, 2.5, 2.4, 2.4, 2.5])=12.3, ϰ=[12.0, 6.7, 7.3, 10.5, 9.4], ∫ϰ²/L>=[18.3, 16.1, 11.7, 18.8, 19.9], C-C-Sep=0.08, ║∇J║=4.6e-05
Iteration 1691/2000-----
currents: [100000.0, 99999.99999757309, 99999.99999708093, 99999.99999686301, 99999.99999755765]
J=2.3e-05, ⟨Jf⟩=1.3e-05, ⟨B·n⟩=1.0e-03, Len=sum([2.4, 2.5, 2.4, 2.4, 2.5])=12.3, ϰ=[12.0, 6.7, 7.3, 10.5, 9.4], ∫ϰ²/L>=[18.3, 16.1, 11.7, 18.8, 19.9], C-C-Sep=0.08, ║∇J║=1.2e-05
Iteration 1692/2000-----
currents: [100000.0, 99999.99999757265, 99999.99999707998, 99999.99999686178, 99999.99999755673]
J=2.3e-05, ⟨Jf⟩=1.3e-05, ⟨B·n⟩=1.0e-03, Len=sum([2.4, 2.5, 2.4, 2.4, 2.5])=12.3, ϰ=[12.0, 6.7, 7.3, 10.5, 9.4], ∫ϰ²/L>=[18.3, 16.1, 11.7, 18.8, 19.9], C-C-Sep=0.08, ║∇J║=7.1e-06
Iteration 1693/2000-----
currents: [100000.0, 99999.99999757229, 99999.99999707918, 99999.99999686073, 99999.99999755595]
J=2.3e-05, ⟨Jf⟩=1.3e-05, ⟨B·n⟩=1.0e-03, Len=sum([2.4, 2.5, 2.4, 2.4, 2.5])=12.3, ϰ=[12.0, 6.7, 7.3, 10.5, 9.4], ∫ϰ²/L>=[18.3, 16.1, 11.7, 18.8, 19.9], C-C-Sep=0.08, ║∇J║=5.8e-06
Iteration 1694/2000-----
currents: [100000.0, 99999.99999757185, 99999.99999707825, 99999.9999968595, 99999.99999755503]
J=2.3e-05, ⟨Jf⟩=1.3e-05, ⟨B·n⟩=1.0e-03, Len=sum([2.4, 2.5, 2.4, 2.4, 2.5])=12.3, ϰ=[12.0, 6.7, 7.3, 10.5, 9.4], ∫ϰ²/L>=[18.3, 16.1, 11.7, 18.8, 19.9], C-C-Sep=0.08, ║∇J║=6.9e-06
Iteration 1695/2000-----
currents: [100000.0, 99999.99999757121, 99999.99999707691, 99999.99999685767, 99999.9999975537]
J=2.3e-05, ⟨Jf⟩=1.3e-05, ⟨B·n⟩=1.0e-03, Len=sum([2.4, 2.5, 2.4, 2.4, 2.5])=12.3, ϰ=[12.0, 6.7, 7.3, 10.5, 9.4], ∫ϰ²/L>=[18.3, 16.1, 11.7, 18.8, 19.9], C-C-Sep=0.08, ║∇J║=1.2e-05
Iteration 1696/2000-----
currents: [100000.0, 99999.99999757034, 99999.99999707514, 99999.99999685521, 99999.99999755195]
J=2.3e-05, ⟨Jf⟩=1.3e-05, ⟨B·n⟩=1.0e-03, Len=sum([2.4, 2.5, 2.4, 2.4, 2.5])=12.3, ϰ=[12.0, 6.7, 7.3, 10.5, 9.4], ∫ϰ²/L>=[18.3, 16.1, 11.7, 18.8, 19.9], C-C-Sep=0.08, ║∇J║=1.2e-05
Iteration 1697/2000-----
currents: [100000.0, 99999.99999757025, 99999.99999707502, 99999.99999685503, 99999.99999755183]
J=2.3e-05, ⟨Jf⟩=1.3e-05, ⟨B·n⟩=1.0e-03, Len=sum([2.4, 2.5, 2.4, 2.4, 2.5])=12.3, ϰ=[12.0, 6.7, 7.3, 10.5, 9.4], ∫ϰ²/L>=[18.3, 16.1, 11.7, 18.8, 19.9], C-C-Sep=0.08, ║∇J║=6.3e-06
Iteration 1698/2000-----
currents: [100000.0, 99999.99999756996, 99999.99999707451, 99999.99999685427, 99999.9999975513]
J=2.3e-05, ⟨Jf⟩=1.3e-05, ⟨B·n⟩=1.0e-03, Len=sum([2.4, 2.5, 2.4, 2.4, 2.5])=12.3, ϰ=[12.0, 6.7, 7.3, 10.5, 9.4], ∫ϰ²/L>=[18.3, 16.1, 11.7, 18.8, 19.9], C-C-Sep=0.08, ║∇J║=7.0e-06
Iteration 1699/2000-----
currents: [100000.0, 99999.99999756957, 99999.99999707374, 99999.99999685322, 99999.99999755055]
J=2.3e-05, ⟨Jf⟩=1.3e-05, ⟨B·n⟩=1.0e-03, Len=sum([2.4, 2.5, 2.4, 2.4, 2.5])=12.3, ϰ=[12.0, 6.7, 7.3, 10.5, 9.4], ∫ϰ²/L>=[18.3, 16.1, 11.7, 18.8, 19.9], C-C-Sep=0.08, ║∇J║=7.4e-06
Iteration 1700/2000-----
currents: [100000.0, 99999.99999756856, 99999.99999707166, 99999.99999685046, 99999.99999754854]
J=2.3e-05, ⟨Jf⟩=1.3e-05, ⟨B·n⟩=1.0e-03, Len=sum([2.4, 2.5, 2.4, 2.4, 2.5])=12.3, ϰ=[12.0, 6.7, 7.3, 10.5, 9.4], ∫ϰ²/L>=[18.3, 16.1, 11.7, 18.8, 19.9], C-C-Sep=0.08, ║∇J║=1.1e-05
Iteration 1701/2000-----
currents: [100000.0, 99999.99999756715, 99999.99999706863, 99999.9999968465, 99999.99999754566]
J=2.3e-05, ⟨Jf⟩=1.3e-05, ⟨B·n⟩=1.0e-03, Len=sum([2.4, 2.5, 2.4, 2.4, 2.5])=12.3, ϰ=[12.0, 6.7, 7.3, 10.5, 9.4], ∫ϰ²/L>=[18.3, 16.1, 11.7, 18.8, 19.9], C-C-Sep=0.08, ║∇J║=2.9e-05
Iteration 1702/2000-----
currents: [100000.0, 99999.99999756797, 99999.99999707038, 99999.99999684878, 99999.99999754732]
J=2.3e-05, ⟨Jf⟩=1.3e-05, ⟨B·n⟩=1.0e-03, Len=sum([2.4, 2.5, 2.4, 2.4, 2.5])=12.3, ϰ=[12.0, 6.7, 7.3, 10.5, 9.4], ∫ϰ²/L>=[18.3, 16.1, 11.7, 18.8, 19.9], C-C-Sep=0.08, ║∇J║=1.0e-05
Iteration 1703/2000-----
currents: [100000.0, 99999.9999975676, 99999.99999706961, 99999.9999968478, 99999.99999754659]
J=2.3e-05, ⟨Jf⟩=1.3e-05, ⟨B·n⟩=1.0e-03, Len=sum([2.4, 2.5, 2.4, 2.4, 2.5])=12.3, ϰ=[12.0, 6.7, 7.3, 10.5, 9.4], ∫ϰ²/L>=[18.3, 16.1, 11.7, 18.8, 19.9], C-C-Sep=0.08, ║∇J║=6.1e-06
Iteration 1704/2000-----
currents: [100000.0, 99999.99999756728, 99999.9999970689, 99999.99999684689, 99999.99999754592]
J=2.3e-05, ⟨Jf⟩=1.3e-05, ⟨B·n⟩=1.0e-03, Len=sum([2.4, 2.5, 2.4, 2.4, 2.5])=12.3, ϰ=[12.0, 6.7, 7.3, 10.5, 9.4], ∫ϰ²/L>=[18.3, 16.1, 11.7, 18.8, 19.9], C-C-Sep=0.08, ║∇J║=6.0e-06
Iteration 1705/2000-----
currents: [100000.0, 99999.99999756683, 99999.999997068, 99999.99999684565, 99999.99999754503]
J=2.3e-05, ⟨Jf⟩=1.3e-05, ⟨B·n⟩=1.0e-03, Len=sum([2.4, 2.5, 2.4, 2.4, 2.5])=12.3, ϰ=[12.0, 6.7, 7.3, 10.5, 9.4], ∫ϰ²/L>=[18.3, 16.1, 11.7, 18.8, 19.9], C-C-Sep=0.08, ║∇J║=7.7e-06
Iteration 1706/2000-----
currents: [100000.0, 99999.99999756586, 99999.99999706606, 99999.99999684302, 99999.99999754314]
J=2.3e-05, ⟨Jf⟩=1.3e-05, ⟨B·n⟩=1.0e-03, Len=sum([2.4, 2.5, 2.4, 2.4, 2.5])=12.3, ϰ=[12.0, 6.7, 7.3, 10.5, 9.4], ∫ϰ²/L>=[18.3, 16.1, 11.7, 18.8, 19.9], C-C-Sep=0.08, ║∇J║=2.4e-05
Iteration 1707/2000-----
currents: [100000.0, 99999.99999756632, 99999.99999706699, 99999.9999968443, 99999.99999754406]
J=2.3e-05, ⟨Jf⟩=1.3e-05, ⟨B·n⟩=1.0e-03, Len=sum([2.4, 2.5, 2.4, 2.4, 2.5])=12.3, ϰ=[12.0, 6.7, 7.3, 10.5, 9.4], ∫ϰ²/L>=[18.3, 16.1, 11.7, 18.8, 19.9], C-C-Sep=0.08, ║∇J║=1.3e-05
Iteration 1708/2000-----
currents: [100000.0, 99999.99999756567, 99999.99999706574, 99999.9999968425, 99999.99999754279]
J=2.3e-05, ⟨Jf⟩=1.3e-05, ⟨B·n⟩=1.0e-03, Len=sum([2.4, 2.5, 2.4, 2.4, 2.5])=12.3, ϰ=[12.0, 6.7, 7.3, 10.5, 9.4], ∫ϰ²/L>=[18.3, 16.1, 11.7, 18.8, 19.9], C-C-Sep=0.08, ║∇J║=6.8e-06
Iteration 1709/2000-----
currents: [100000.0, 99999.99999756523, 99999.99999706494, 99999.99999684132, 99999.99999754198]
J=2.3e-05, ⟨Jf⟩=1.3e-05, ⟨B·n⟩=1.0e-03, Len=sum([2.4, 2.5, 2.4, 2.4, 2.5])=12.3, ϰ=[12.0, 6.7, 7.3, 10.5, 9.4], ∫ϰ²/L>=[18.3, 16.1, 11.7, 18.8, 19.9], C-C-Sep=0.08, ║∇J║=6.0e-06
Iteration 1710/2000-----
currents: [100000.0, 99999.99999756459, 99999.99999706373, 99999.99999683959, 99999.99999754076]
J=2.3e-05, ⟨Jf⟩=1.3e-05, ⟨B·n⟩=1.0e-03, Len=sum([2.4, 2.5, 2.4, 2.4, 2.5])=12.3, ϰ=[12.0, 6.7, 7.3, 10.5, 9.4], ∫ϰ²/L>=[18.3, 16.1, 11.7, 18.8, 19.9], C-C-Sep=0.08, ║∇J║=6.7e-06
Iteration 1711/2000-----
currents: [100000.0, 99999.99999756375, 99999.9999970621, 99999.99999683733, 99999.99999753914]
J=2.3e-05, ⟨Jf⟩=1.3e-05, ⟨B·n⟩=1.0e-03, Len=sum([2.4, 2.5, 2.4, 2.4, 2.5])=12.3, ϰ=[12.0, 6.7, 7.3, 10.5, 9.4], ∫ϰ²/L>=[18.3, 16.1, 11.7, 18.8, 19.9], C-C-Sep=0.08, ║∇J║=1.1e-05
Iteration 1712/2000-----
currents: [100000.0, 99999.9999975626, 99999.99999705986, 99999.99999683427, 99999.99999753694]
J=2.3e-05, ⟨Jf⟩=1.3e-05, ⟨B·n⟩=1.0e-03, Len=sum([2.4, 2.5, 2.4, 2.4, 2.5])=12.3, ϰ=[12.0, 6.7, 7.3, 10.5, 9.4], ∫ϰ²/L>=[18.3, 16.1, 11.7, 18.8, 19.9], C-C-Sep=0.08, ║∇J║=1.3e-05
Iteration 1713/2000-----
currents: [100000.0, 99999.99999756279, 99999.99999706018, 99999.99999683478, 99999.99999753729]
J=2.3e-05, ⟨Jf⟩=1.3e-05, ⟨B·n⟩=1.0e-03, Len=sum([2.4, 2.5, 2.4, 2.4, 2.5])=12.3, ϰ=[12.0, 6.7, 7.3, 10.5, 9.4], ∫ϰ²/L>=[18.3, 16.1, 11.7, 18.8, 19.9], C-C-Sep=0.08, ║∇J║=5.7e-06
Iteration 1714/2000-----
currents: [100000.0, 99999.99999756279, 99999.99999706013, 99999.9999968348, 99999.99999753728]
J=2.3e-05, ⟨Jf⟩=1.3e-05, ⟨B·n⟩=1.0e-03, Len=sum([2.4, 2.5, 2.4, 2.4, 2.5])=12.3, ϰ=[12.0, 6.7, 7.3, 10.5, 9.4], ∫ϰ²/L>=[18.3, 16.1, 11.7, 18.8, 19.9], C-C-Sep=0.08, ║∇J║=6.4e-06
Iteration 1715/2000-----
currents: [100000.0, 99999.99999756251, 99999.99999705957, 99999.99999683407, 99999.99999753674]
J=2.3e-05, ⟨Jf⟩=1.3e-05, ⟨B·n⟩=1.0e-03, Len=sum([2.4, 2.5, 2.4, 2.4, 2.5])=12.3, ϰ=[12.0, 6.7, 7.3, 10.5, 9.4], ∫ϰ²/L>=[18.3, 16.1, 11.7, 18.8, 19.9], C-C-Sep=0.08, ║∇J║=8.0e-06
Iteration 1716/2000-----
currents: [100000.0, 99999.99999756161, 99999.99999705779, 99999.99999683168, 99999.99999753501]
J=2.3e-05, ⟨Jf⟩=1.3e-05, ⟨B·n⟩=1.0e-03, Len=sum([2.4, 2.5, 2.4, 2.4, 2.5])=12.3, ϰ=[12.0, 6.7, 7.3, 10.5, 9.4], ∫ϰ²/L>=[18.3, 16.1, 11.7, 18.8, 19.9], C-C-Sep=0.08, ║∇J║=1.1e-05
Iteration 1717/2000-----
currents: [100000.0, 99999.9999975602, 99999.99999705509, 99999.99999682796, 99999.99999753234]
J=2.3e-05, ⟨Jf⟩=1.3e-05, ⟨B·n⟩=1.0e-03, Len=sum([2.4, 2.5, 2.4, 2.4, 2.5])=12.3, ϰ=[12.0, 6.7, 7.3, 10.5, 9.4], ∫ϰ²/L>=[18.3, 16.1, 11.7, 18.8, 19.9], C-C-Sep=0.08, ║∇J║=1.6e-05
Iteration 1718/2000-----
currents: [100000.0, 99999.99999756028, 99999.99999705526, 99999.99999682815, 99999.99999753249]
J=2.3e-05, ⟨Jf⟩=1.3e-05, ⟨B·n⟩=1.0e-03, Len=sum([2.4, 2.5, 2.4, 2.4, 2.5])=12.3, ϰ=[12.0, 6.7, 7.3, 10.5, 9.4], ∫ϰ²/L>=[18.3, 16.1, 11.7, 18.8, 19.9], C-C-Sep=0.08, ║∇J║=5.4e-06
Iteration 1719/2000-----
currents: [100000.0, 99999.99999756017, 99999.99999705504, 99999.99999682781, 99999.99999753227]
J=2.3e-05, ⟨Jf⟩=1.3e-05, ⟨B·n⟩=1.0e-03, Len=sum([2.4, 2.5, 2.4, 2.4, 2.5])=12.3, ϰ=[12.0, 6.7, 7.3, 10.5, 9.4], ∫ϰ²/L>=[18.3, 16.1, 11.7, 18.8, 19.9], C-C-Sep=0.08, ║∇J║=5.2e-06
Iteration 1720/2000-----
currents: [100000.0, 99999.99999755983, 99999.99999705439, 99999.9999968269, 99999.99999753165]
J=2.3e-05, ⟨Jf⟩=1.3e-05, ⟨B·n⟩=1.0e-03, Len=sum([2.4, 2.5, 2.4, 2.4, 2.5])=12.3, ϰ=[12.0, 6.7, 7.3, 10.5, 9.4], ∫ϰ²/L>=[18.3, 16.1, 11.7, 18.8, 19.9], C-C-Sep=0.08, ║∇J║=7.1e-06
Iteration 1721/2000-----
currents: [100000.0, 99999.99999755918, 99999.99999705309, 99999.99999682514, 99999.99999753042]
J=2.3e-05, ⟨Jf⟩=1.3e-05, ⟨B·n⟩=1.0e-03, Len=sum([2.4, 2.5, 2.4, 2.4, 2.5])=12.3, ϰ=[12.0, 6.7, 7.3, 10.5, 9.4], ∫ϰ²/L>=[18.3, 16.1, 11.7, 18.8, 19.9], C-C-Sep=0.08, ║∇J║=9.3e-06
Iteration 1722/2000-----
currents: [100000.0, 99999.99999755772, 99999.9999970502, 99999.99999682127, 99999.99999752773]
J=2.3e-05, ⟨Jf⟩=1.3e-05, ⟨B·n⟩=1.0e-03, Len=sum([2.4, 2.5, 2.4, 2.4, 2.5])=12.3, ϰ=[12.0, 6.7, 7.3, 10.5, 9.4], ∫ϰ²/L>=[18.3, 16.1, 11.7, 18.8, 19.9], C-C-Sep=0.08, ║∇J║=3.3e-05
Iteration 1723/2000-----
currents: [100000.0, 99999.99999755865, 99999.99999705206, 99999.99999682375, 99999.99999752946]
J=2.3e-05, ⟨Jf⟩=1.3e-05, ⟨B·n⟩=1.0e-03, Len=sum([2.4, 2.5, 2.4, 2.4, 2.5])=12.3, ϰ=[12.0, 6.7, 7.3, 10.5, 9.4], ∫ϰ²/L>=[18.3, 16.1, 11.7, 18.8, 19.9], C-C-Sep=0.08, ║∇J║=1.2e-05
Iteration 1724/2000-----
currents: [100000.0, 99999.99999755804, 99999.99999705085, 99999.99999682215, 99999.99999752833]
J=2.3e-05, ⟨Jf⟩=1.3e-05, ⟨B·n⟩=1.0e-03, Len=sum([2.4, 2.5, 2.4, 2.4, 2.5])=12.3, ϰ=[12.0, 6.7, 7.3, 10.5, 9.4], ∫ϰ²/L>=[18.3, 16.1, 11.7, 18.8, 19.9], C-C-Sep=0.08, ║∇J║=6.6e-06
Iteration 1725/2000-----
currents: [100000.0, 99999.99999755762, 99999.99999705004, 99999.99999682109, 99999.99999752757]
J=2.3e-05, ⟨Jf⟩=1.3e-05, ⟨B·n⟩=1.0e-03, Len=sum([2.4, 2.5, 2.4, 2.4, 2.5])=12.3, ϰ=[12.0, 6.7, 7.3, 10.5, 9.4], ∫ϰ²/L>=[18.3, 16.1, 11.7, 18.8, 19.9], C-C-Sep=0.08, ║∇J║=5.2e-06
Iteration 1726/2000-----
currents: [100000.0, 99999.99999755723, 99999.99999704928, 99999.99999682009, 99999.99999752686]
J=2.3e-05, ⟨Jf⟩=1.3e-05, ⟨B·n⟩=1.0e-03, Len=sum([2.4, 2.5, 2.4, 2.4, 2.5])=12.3, ϰ=[12.0, 6.7, 7.3, 10.5, 9.4], ∫ϰ²/L>=[18.3, 16.1, 11.7, 18.8, 19.9], C-C-Sep=0.08, ║∇J║=6.8e-06
Iteration 1727/2000-----
currents: [100000.0, 99999.99999755656, 99999.99999704801, 99999.99999681835, 99999.99999752565]
J=2.3e-05, ⟨Jf⟩=1.3e-05, ⟨B·n⟩=1.0e-03, Len=sum([2.4, 2.5, 2.4, 2.4, 2.5])=12.3, ϰ=[12.0, 6.7, 7.3, 10.5, 9.4], ∫ϰ²/L>=[18.3, 16.1, 11.7, 18.8, 19.9], C-C-Sep=0.08, ║∇J║=1.6e-05
Iteration 1728/2000-----
currents: [100000.0, 99999.9999975563, 99999.9999970475, 99999.99999681764, 99999.99999752516]
J=2.3e-05, ⟨Jf⟩=1.3e-05, ⟨B·n⟩=1.0e-03, Len=sum([2.4, 2.5, 2.4, 2.4, 2.5])=12.3, ϰ=[12.0, 6.7, 7.3, 10.5, 9.4], ∫ϰ²/L>=[18.3, 16.1, 11.7, 18.8, 19.9], C-C-Sep=0.08, ║∇J║=7.8e-06
Iteration 1729/2000-----
currents: [100000.0, 99999.99999755606, 99999.99999704705, 99999.99999681697, 99999.9999975247]
J=2.3e-05, ⟨Jf⟩=1.3e-05, ⟨B·n⟩=1.0e-03, Len=sum([2.4, 2.5, 2.4, 2.4, 2.5])=12.3, ϰ=[12.0, 6.7, 7.3, 10.5, 9.4], ∫ϰ²/L>=[18.3, 16.1, 11.7, 18.8, 19.9], C-C-Sep=0.08, ║∇J║=6.4e-06
Iteration 1730/2000-----
currents: [100000.0, 99999.99999755569, 99999.99999704633, 99999.99999681592, 99999.99999752398]
J=2.3e-05, ⟨Jf⟩=1.3e-05, ⟨B·n⟩=1.0e-03, Len=sum([2.4, 2.5, 2.4, 2.4, 2.5])=12.3, ϰ=[12.0, 6.7, 7.3, 10.5, 9.4], ∫ϰ²/L>=[18.3, 16.1, 11.7, 18.8, 19.9], C-C-Sep=0.08, ║∇J║=7.1e-06
Iteration 1731/2000-----
currents: [100000.0, 99999.99999755506, 99999.9999970451, 99999.99999681421, 99999.99999752275]
J=2.3e-05, ⟨Jf⟩=1.3e-05, ⟨B·n⟩=1.0e-03, Len=sum([2.4, 2.5, 2.4, 2.4, 2.5])=12.3, ϰ=[12.0, 6.7, 7.3, 10.5, 9.4], ∫ϰ²/L>=[18.3, 16.1, 11.7, 18.8, 19.9], C-C-Sep=0.08, ║∇J║=9.0e-06
Iteration 1732/2000-----
currents: [100000.0, 99999.99999755366, 99999.99999704237, 99999.9999968104, 99999.99999752005]
J=2.3e-05, ⟨Jf⟩=1.3e-05, ⟨B·n⟩=1.0e-03, Len=sum([2.4, 2.5, 2.4, 2.4, 2.5])=12.3, ϰ=[12.0, 6.7, 7.3, 10.5, 9.4], ∫ϰ²/L>=[18.3, 16.1, 11.7, 18.8, 19.9], C-C-Sep=0.08, ║∇J║=1.8e-05
Iteration 1733/2000-----
currents: [100000.0, 99999.99999755365, 99999.99999704232, 99999.99999681037, 99999.99999751999]
J=2.3e-05, ⟨Jf⟩=1.3e-05, ⟨B·n⟩=1.0e-03, Len=sum([2.4, 2.5, 2.4, 2.4, 2.5])=12.3, ϰ=[12.0, 6.7, 7.3, 10.5, 9.4], ∫ϰ²/L>=[18.3, 16.1, 11.7, 18.8, 19.9], C-C-Sep=0.08, ║∇J║=6.9e-06
Iteration 1734/2000-----
currents: [100000.0, 99999.99999755362, 99999.99999704227, 99999.99999681031, 99999.99999751992]
J=2.3e-05, ⟨Jf⟩=1.3e-05, ⟨B·n⟩=1.0e-03, Len=sum([2.4, 2.5, 2.4, 2.4, 2.5])=12.3, ϰ=[12.0, 6.7, 7.3, 10.5, 9.4], ∫ϰ²/L>=[18.3, 16.1, 11.7, 18.8, 19.9], C-C-Sep=0.08, ║∇J║=6.0e-06
Iteration 1735/2000-----
currents: [100000.0, 99999.9999975533, 99999.99999704164, 99999.99999680945, 99999.99999751928]
J=2.3e-05, ⟨Jf⟩=1.3e-05, ⟨B·n⟩=1.0e-03, Len=sum([2.4, 2.5, 2.4, 2.4, 2.5])=12.3, ϰ=[12.0, 6.7, 7.3, 10.5, 9.4], ∫ϰ²/L>=[18.3, 16.1, 11.7, 18.8, 19.9], C-C-Sep=0.08, ║∇J║=6.7e-06
Iteration 1736/2000-----
currents: [100000.0, 99999.99999755257, 99999.99999704024, 99999.9999968075, 99999.99999751787]
J=2.3e-05, ⟨Jf⟩=1.3e-05, ⟨B·n⟩=1.0e-03, Len=sum([2.4, 2.5, 2.4, 2.4, 2.5])=12.3, ϰ=[12.0, 6.8, 7.3, 10.5, 9.4], ∫ϰ²/L>=[18.3, 16.1, 11.7, 18.8, 19.9], C-C-Sep=0.08, ║∇J║=1.3e-05
Iteration 1737/2000-----
currents: [100000.0, 99999.99999755173, 99999.99999703861, 99999.99999680523, 99999.99999751622]
J=2.3e-05, ⟨Jf⟩=1.3e-05, ⟨B·n⟩=1.0e-03, Len=sum([2.4, 2.5, 2.4, 2.4, 2.5])=12.3, ϰ=[12.0, 6.8, 7.3, 10.5, 9.4], ∫ϰ²/L>=[18.3, 16.1, 11.7, 18.8, 19.9], C-C-Sep=0.08, ║∇J║=8.6e-06
Iteration 1738/2000-----
currents: [100000.0, 99999.99999755097, 99999.99999703717, 99999.9999968032, 99999.9999975148]
J=2.3e-05, ⟨Jf⟩=1.3e-05, ⟨B·n⟩=1.0e-03, Len=sum([2.4, 2.5, 2.4, 2.4, 2.5])=12.3, ϰ=[12.0, 6.8, 7.3, 10.5, 9.4], ∫ϰ²/L>=[18.3, 16.1, 11.7, 18.8, 19.9], C-C-Sep=0.08, ║∇J║=8.2e-06
Iteration 1739/2000-----
currents: [100000.0, 99999.99999755007, 99999.99999703547, 99999.9999968008, 99999.9999975131]
J=2.3e-05, ⟨Jf⟩=1.3e-05, ⟨B·n⟩=1.0e-03, Len=sum([2.4, 2.5, 2.4, 2.4, 2.5])=12.3, ϰ=[12.0, 6.8, 7.3, 10.5, 9.4], ∫ϰ²/L>=[18.3, 16.1, 11.7, 18.8, 19.9], C-C-Sep=0.08, ║∇J║=1.3e-05
Iteration 1740/2000-----
currents: [100000.0, 99999.99999755001, 99999.99999703537, 99999.99999680066, 99999.999997513]
J=2.3e-05, ⟨Jf⟩=1.3e-05, ⟨B·n⟩=1.0e-03, Len=sum([2.4, 2.5, 2.4, 2.4, 2.5])=12.3, ϰ=[12.0, 6.8, 7.3, 10.5, 9.4], ∫ϰ²/L>=[18.3, 16.1, 11.7, 18.8, 19.9], C-C-Sep=0.08, ║∇J║=7.8e-06
Iteration 1741/2000-----
currents: [100000.0, 99999.9999975499, 99999.99999703515, 99999.99999680037, 99999.99999751279]
J=2.3e-05, ⟨Jf⟩=1.3e-05, ⟨B·n⟩=1.0e-03, Len=sum([2.4, 2.5, 2.4, 2.4, 2.5])=12.3, ϰ=[12.0, 6.8, 7.3, 10.5, 9.4], ∫ϰ²/L>=[18.3, 16.1, 11.7, 18.8, 19.9], C-C-Sep=0.08, ║∇J║=7.9e-06
Iteration 1742/2000-----
currents: [100000.0, 99999.99999754949, 99999.99999703436, 99999.99999679929, 99999.999997512]
J=2.3e-05, ⟨Jf⟩=1.3e-05, ⟨B·n⟩=1.0e-03, Len=sum([2.4, 2.5, 2.4, 2.4, 2.5])=12.3, ϰ=[12.0, 6.8, 7.3, 10.5, 9.4], ∫ϰ²/L>=[18.3, 16.1, 11.7, 18.8, 19.9], C-C-Sep=0.08, ║∇J║=9.9e-06
Iteration 1743/2000-----
currents: [100000.0, 99999.99999754867, 99999.9999970328, 99999.99999679712, 99999.99999751043]
J=2.3e-05, ⟨Jf⟩=1.3e-05, ⟨B·n⟩=1.0e-03, Len=sum([2.4, 2.5, 2.4, 2.4, 2.5])=12.3, ϰ=[12.0, 6.8, 7.3, 10.5, 9.4], ∫ϰ²/L>=[18.3, 16.1, 11.7, 18.8, 19.9], C-C-Sep=0.08, ║∇J║=1.7e-05
Iteration 1744/2000-----
currents: [100000.0, 99999.99999754845, 99999.99999703238, 99999.99999679653, 99999.99999751]
J=2.3e-05, ⟨Jf⟩=1.3e-05, ⟨B·n⟩=1.0e-03, Len=sum([2.4, 2.5, 2.4, 2.4, 2.5])=12.3, ϰ=[12.0, 6.8, 7.3, 10.5, 9.4], ∫ϰ²/L>=[18.3, 16.1, 11.7, 18.8, 19.9], C-C-Sep=0.08, ║∇J║=8.2e-06
Iteration 1745/2000-----
currents: [100000.0, 99999.99999754806, 99999.99999703163, 99999.99999679545, 99999.99999750925]
J=2.3e-05, ⟨Jf⟩=1.3e-05, ⟨B·n⟩=1.0e-03, Len=sum([2.4, 2.5, 2.4, 2.4, 2.5])=12.3, ϰ=[12.0, 6.8, 7.3, 10.5, 9.4], ∫ϰ²/L>=[18.3, 16.1, 11.7, 18.8, 19.9], C-C-Sep=0.08, ║∇J║=7.3e-06
Iteration 1746/2000-----
currents: [100000.0, 99999.99999754758, 99999.99999703071, 99999.99999679414, 99999.99999750833]
J=2.3e-05, ⟨Jf⟩=1.3e-05, ⟨B·n⟩=1.0e-03, Len=sum([2.4, 2.5, 2.4, 2.4, 2.5])=12.3, ϰ=[12.0, 6.8, 7.3, 10.5, 9.4], ∫ϰ²/L>=[18.3, 16.1, 11.7, 18.8, 19.9], C-C-Sep=0.08, ║∇J║=9.2e-06
Iteration 1747/2000-----
currents: [100000.0, 99999.99999754691, 99999.99999702944, 99999.99999679234, 99999.99999750707]
J=2.3e-05, ⟨Jf⟩=1.3e-05, ⟨B·n⟩=1.0e-03, Len=sum([2.4, 2.5, 2.4, 2.4, 2.5])=12.3, ϰ=[12.0, 6.8, 7.3, 10.5, 9.4], ∫ϰ²/L>=[18.3, 16.1, 11.7, 18.8, 19.9], C-C-Sep=0.08, ║∇J║=9.3e-06
Iteration 1748/2000-----
currents: [100000.0, 99999.99999754592, 99999.99999702755, 99999.9999967897, 99999.9999975052]
J=2.3e-05, ⟨Jf⟩=1.3e-05, ⟨B·n⟩=1.0e-03, Len=sum([2.4, 2.5, 2.4, 2.4, 2.5])=12.3, ϰ=[12.0, 6.8, 7.3, 10.5, 9.4], ∫ϰ²/L>=[18.3, 16.1, 11.7, 18.8, 19.9], C-C-Sep=0.08, ║∇J║=1.7e-05
Iteration 1749/2000-----
currents: [100000.0, 99999.99999754515, 99999.9999970261, 99999.99999678766, 99999.99999750375]
J=2.3e-05, ⟨Jf⟩=1.3e-05, ⟨B·n⟩=1.0e-03, Len=sum([2.4, 2.5, 2.4, 2.4, 2.5])=12.3, ϰ=[12.0, 6.8, 7.3, 10.5, 9.4], ∫ϰ²/L>=[18.3, 16.1, 11.7, 18.8, 19.9], C-C-Sep=0.08, ║∇J║=7.5e-06
Iteration 1750/2000-----
currents: [100000.0, 99999.99999754514, 99999.99999702608, 99999.99999678766, 99999.99999750374]
J=2.3e-05, ⟨Jf⟩=1.3e-05, ⟨B·n⟩=1.0e-03, Len=sum([2.4, 2.5, 2.4, 2.4, 2.5])=12.3, ϰ=[12.0, 6.8, 7.3, 10.5, 9.4], ∫ϰ²/L>=[18.3, 16.1, 11.7, 18.8, 19.9], C-C-Sep=0.08, ║∇J║=6.2e-06
Iteration 1751/2000-----
currents: [100000.0, 99999.99999754484, 99999.99999702554, 99999.99999678695, 99999.99999750321]
J=2.3e-05, ⟨Jf⟩=1.3e-05, ⟨B·n⟩=1.0e-03, Len=sum([2.4, 2.5, 2.4, 2.4, 2.5])=12.3, ϰ=[12.0, 6.8, 7.3, 10.5, 9.4], ∫ϰ²/L>=[18.3, 16.1, 11.7, 18.8, 19.9], C-C-Sep=0.08, ║∇J║=1.0e-05
Iteration 1752/2000-----
currents: [100000.0, 99999.99999754416, 99999.99999702425, 99999.99999678518, 99999.99999750195]
J=2.3e-05, ⟨Jf⟩=1.3e-05, ⟨B·n⟩=1.0e-03, Len=sum([2.4, 2.5, 2.4, 2.4, 2.5])=12.3, ϰ=[12.0, 6.8, 7.3, 10.5, 9.4], ∫ϰ²/L>=[18.3, 16.1, 11.7, 18.8, 19.9], C-C-Sep=0.08, ║∇J║=1.4e-05
Iteration 1753/2000-----
currents: [100000.0, 99999.99999754377, 99999.99999702352, 99999.99999678413, 99999.99999750122]
J=2.3e-05, ⟨Jf⟩=1.3e-05, ⟨B·n⟩=1.0e-03, Len=sum([2.4, 2.5, 2.4, 2.4, 2.5])=12.3, ϰ=[12.0, 6.8, 7.3, 10.5, 9.4], ∫ϰ²/L>=[18.3, 16.1, 11.7, 18.8, 19.9], C-C-Sep=0.08, ║∇J║=8.7e-06
Iteration 1754/2000-----
currents: [100000.0, 99999.99999754233, 99999.99999702083, 99999.99999678027, 99999.99999749854]
J=2.3e-05, ⟨Jf⟩=1.3e-05, ⟨B·n⟩=1.0e-03, Len=sum([2.4, 2.5, 2.4, 2.4, 2.5])=12.3, ϰ=[12.0, 6.8, 7.3, 10.5, 9.4], ∫ϰ²/L>=[18.3, 16.1, 11.7, 18.8, 19.9], C-C-Sep=0.08, ║∇J║=8.4e-06
Iteration 1755/2000-----
currents: [100000.0, 99999.9999975417, 99999.99999701967, 99999.99999677863, 99999.99999749739]
J=2.3e-05, ⟨Jf⟩=1.3e-05, ⟨B·n⟩=1.0e-03, Len=sum([2.4, 2.5, 2.4, 2.4, 2.5])=12.3, ϰ=[12.0, 6.8, 7.3, 10.5, 9.4], ∫ϰ²/L>=[18.3, 16.1, 11.7, 18.8, 19.9], C-C-Sep=0.08, ║∇J║=8.0e-06
Iteration 1756/2000-----
currents: [100000.0, 99999.99999754009, 99999.99999701668, 99999.99999677448, 99999.99999749447]
J=2.3e-05, ⟨Jf⟩=1.3e-05, ⟨B·n⟩=1.0e-03, Len=sum([2.4, 2.5, 2.4, 2.4, 2.5])=12.3, ϰ=[12.0, 6.8, 7.3, 10.5, 9.4], ∫ϰ²/L>=[18.3, 16.1, 11.7, 18.8, 19.9], C-C-Sep=0.08, ║∇J║=2.1e-05
Iteration 1757/2000-----
currents: [100000.0, 99999.99999753926, 99999.99999701517, 99999.99999677236, 99999.99999749298]
J=2.3e-05, ⟨Jf⟩=1.3e-05, ⟨B·n⟩=1.0e-03, Len=sum([2.4, 2.5, 2.4, 2.4, 2.5])=12.3, ϰ=[12.0, 6.8, 7.3, 10.5, 9.4], ∫ϰ²/L>=[18.3, 16.1, 11.7, 18.8, 19.9], C-C-Sep=0.08, ║∇J║=7.2e-06
Iteration 1758/2000-----
currents: [100000.0, 99999.9999975395, 99999.99999701566, 99999.99999677305, 99999.99999749346]
J=2.3e-05, ⟨Jf⟩=1.3e-05, ⟨B·n⟩=1.0e-03, Len=sum([2.4, 2.5, 2.4, 2.4, 2.5])=12.3, ϰ=[12.0, 6.8, 7.3, 10.5, 9.4], ∫ϰ²/L>=[18.3, 16.1, 11.7, 18.8, 19.9], C-C-Sep=0.08, ║∇J║=5.6e-06
Iteration 1759/2000-----
currents: [100000.0, 99999.99999753934, 99999.99999701546, 99999.99999677278, 99999.99999749324]
J=2.3e-05, ⟨Jf⟩=1.3e-05, ⟨B·n⟩=1.0e-03, Len=sum([2.4, 2.5, 2.4, 2.4, 2.5])=12.3, ϰ=[12.0, 6.8, 7.3, 10.5, 9.4], ∫ϰ²/L>=[18.3, 16.1, 11.7, 18.8, 19.9], C-C-Sep=0.08, ║∇J║=7.3e-06
Iteration 1760/2000-----
currents: [100000.0, 99999.99999753818, 99999.9999970134, 99999.99999676988, 99999.99999749122]
J=2.3e-05, ⟨Jf⟩=1.3e-05, ⟨B·n⟩=1.0e-03, Len=sum([2.4, 2.5, 2.4, 2.4, 2.5])=12.3, ϰ=[12.0, 6.8, 7.3, 10.5, 9.4], ∫ϰ²/L>=[18.3, 16.1, 11.7, 18.8, 19.9], C-C-Sep=0.08, ║∇J║=2.0e-05
Iteration 1761/2000-----
currents: [100000.0, 99999.99999753806, 99999.99999701316, 99999.99999676955, 99999.99999749097]
J=2.3e-05, ⟨Jf⟩=1.3e-05, ⟨B·n⟩=1.0e-03, Len=sum([2.4, 2.5, 2.4, 2.4, 2.5])=12.3, ϰ=[12.0, 6.8, 7.3, 10.5, 9.4], ∫ϰ²/L>=[18.3, 16.1, 11.7, 18.8, 19.9], C-C-Sep=0.08, ║∇J║=7.3e-06
Iteration 1762/2000-----
currents: [100000.0, 99999.99999753755, 99999.99999701223, 99999.99999676822, 99999.99999749004]
J=2.3e-05, ⟨Jf⟩=1.3e-05, ⟨B·n⟩=1.0e-03, Len=sum([2.4, 2.5, 2.4, 2.4, 2.5])=12.3, ϰ=[12.0, 6.8, 7.3, 10.5, 9.4], ∫ϰ²/L>=[18.3, 16.1, 11.7, 18.8, 19.9], C-C-Sep=0.08, ║∇J║=5.4e-06
Iteration 1763/2000-----
currents: [100000.0, 99999.99999753664, 99999.99999701056, 99999.99999676585, 99999.99999748838]
J=2.3e-05, ⟨Jf⟩=1.3e-05, ⟨B·n⟩=1.0e-03, Len=sum([2.4, 2.5, 2.4, 2.4, 2.5])=12.3, ϰ=[12.0, 6.8, 7.3, 10.5, 9.4], ∫ϰ²/L>=[18.3, 16.1, 11.7, 18.8, 19.9], C-C-Sep=0.08, ║∇J║=7.5e-06
Iteration 1764/2000-----
currents: [100000.0, 99999.99999753572, 99999.9999970089, 99999.9999967635, 99999.99999748672]
J=2.3e-05, ⟨Jf⟩=1.3e-05, ⟨B·n⟩=1.0e-03, Len=sum([2.4, 2.5, 2.4, 2.4, 2.5])=12.3, ϰ=[12.0, 6.8, 7.3, 10.5, 9.4], ∫ϰ²/L>=[18.3, 16.1, 11.7, 18.8, 19.9], C-C-Sep=0.08, ║∇J║=8.6e-06
Iteration 1765/2000-----
currents: [100000.0, 99999.9999975335, 99999.99999700488, 99999.99999675779, 99999.99999748274]
J=2.3e-05, ⟨Jf⟩=1.3e-05, ⟨B·n⟩=1.0e-03, Len=sum([2.4, 2.5, 2.4, 2.4, 2.5])=12.3, ϰ=[12.0, 6.8, 7.3, 10.5, 9.4], ∫ϰ²/L>=[18.3, 16.1, 11.7, 18.8, 19.9], C-C-Sep=0.08, ║∇J║=3.0e-05
Iteration 1766/2000-----
currents: [100000.0, 99999.99999753476, 99999.99999700717, 99999.99999676102, 99999.99999748499]
J=2.3e-05, ⟨Jf⟩=1.3e-05, ⟨B·n⟩=1.0e-03, Len=sum([2.4, 2.5, 2.4, 2.4, 2.5])=12.3, ϰ=[12.0, 6.8, 7.3, 10.5, 9.4], ∫ϰ²/L>=[18.3, 16.1, 11.7, 18.8, 19.9], C-C-Sep=0.08, ║∇J║=1.4e-05
Iteration 1767/2000-----
currents: [100000.0, 99999.99999753395, 99999.9999970057, 99999.99999675894, 99999.99999748352]
J=2.3e-05, ⟨Jf⟩=1.3e-05, ⟨B·n⟩=1.0e-03, Len=sum([2.4, 2.5, 2.4, 2.4, 2.5])=12.3, ϰ=[12.0, 6.8, 7.3, 10.5, 9.4], ∫ϰ²/L>=[18.3, 16.1, 11.7, 18.8, 19.9], C-C-Sep=0.08, ║∇J║=7.0e-06
Iteration 1768/2000-----
currents: [100000.0, 99999.99999753371, 99999.99999700529, 99999.99999675836, 99999.9999974831]
J=2.3e-05, ⟨Jf⟩=1.3e-05, ⟨B·n⟩=1.0e-03, Len=sum([2.4, 2.5, 2.4, 2.4, 2.5])=12.3, ϰ=[12.0, 6.8, 7.3, 10.5, 9.4], ∫ϰ²/L>=[18.3, 16.1, 11.7, 18.8, 19.9], C-C-Sep=0.08, ║∇J║=6.5e-06
Iteration 1769/2000-----
currents: [100000.0, 99999.99999753322, 99999.99999700442, 99999.99999675712, 99999.99999748221]
J=2.3e-05, ⟨Jf⟩=1.3e-05, ⟨B·n⟩=1.0e-03, Len=sum([2.4, 2.5, 2.4, 2.4, 2.5])=12.3, ϰ=[12.0, 6.8, 7.3, 10.5, 9.4], ∫ϰ²/L>=[18.3, 16.1, 11.7, 18.8, 19.9], C-C-Sep=0.08, ║∇J║=1.1e-05
Iteration 1770/2000-----
currents: [100000.0, 99999.99999753253, 99999.9999970032, 99999.99999675534, 99999.99999748095]
J=2.3e-05, ⟨Jf⟩=1.3e-05, ⟨B·n⟩=1.0e-03, Len=sum([2.4, 2.5, 2.4, 2.4, 2.5])=12.3, ϰ=[12.0, 6.8, 7.3, 10.5, 9.4], ∫ϰ²/L>=[18.3, 16.1, 11.7, 18.8, 19.9], C-C-Sep=0.08, ║∇J║=1.1e-05
Iteration 1771/2000-----
currents: [100000.0, 99999.9999975321, 99999.99999700242, 99999.99999675425, 99999.99999748018]
J=2.3e-05, ⟨Jf⟩=1.3e-05, ⟨B·n⟩=1.0e-03, Len=sum([2.4, 2.5, 2.4, 2.4, 2.5])=12.3, ϰ=[12.0, 6.8, 7.3, 10.5, 9.4], ∫ϰ²/L>=[18.3, 16.1, 11.7, 18.8, 19.9], C-C-Sep=0.08, ║∇J║=7.6e-06
Iteration 1772/2000-----
currents: [100000.0, 99999.99999753058, 99999.99999699974, 99999.99999675044, 99999.99999747748]
J=2.3e-05, ⟨Jf⟩=1.3e-05, ⟨B·n⟩=1.0e-03, Len=sum([2.4, 2.5, 2.4, 2.4, 2.5])=12.3, ϰ=[12.0, 6.8, 7.3, 10.5, 9.4], ∫ϰ²/L>=[18.3, 16.1, 11.7, 18.8, 19.9], C-C-Sep=0.08, ║∇J║=8.9e-06
Iteration 1773/2000-----
currents: [100000.0, 99999.99999752957, 99999.99999699794, 99999.99999674785, 99999.99999747565]
J=2.3e-05, ⟨Jf⟩=1.3e-05, ⟨B·n⟩=1.0e-03, Len=sum([2.4, 2.5, 2.4, 2.4, 2.5])=12.3, ϰ=[12.0, 6.8, 7.3, 10.5, 9.4], ∫ϰ²/L>=[18.3, 16.1, 11.7, 18.8, 19.9], C-C-Sep=0.08, ║∇J║=1.3e-05
Iteration 1774/2000-----
currents: [100000.0, 99999.99999752892, 99999.99999699682, 99999.99999674625, 99999.99999747452]
J=2.3e-05, ⟨Jf⟩=1.3e-05, ⟨B·n⟩=1.0e-03, Len=sum([2.4, 2.5, 2.4, 2.4, 2.5])=12.3, ϰ=[12.0, 6.8, 7.3, 10.5, 9.4], ∫ϰ²/L>=[18.3, 16.1, 11.7, 18.8, 19.9], C-C-Sep=0.08, ║∇J║=8.4e-06
Iteration 1775/2000-----
currents: [100000.0, 99999.999997528, 99999.9999969952, 99999.99999674394, 99999.99999747287]
J=2.3e-05, ⟨Jf⟩=1.3e-05, ⟨B·n⟩=1.0e-03, Len=sum([2.4, 2.5, 2.4, 2.4, 2.5])=12.3, ϰ=[12.0, 6.8, 7.3, 10.5, 9.4], ∫ϰ²/L>=[18.3, 16.1, 11.7, 18.8, 19.9], C-C-Sep=0.08, ║∇J║=6.7e-06
Iteration 1776/2000-----
currents: [100000.0, 99999.99999752763, 99999.9999969946, 99999.99999674303, 99999.99999747223]
J=2.3e-05, ⟨Jf⟩=1.3e-05, ⟨B·n⟩=1.0e-03, Len=sum([2.4, 2.5, 2.4, 2.4, 2.5])=12.3, ϰ=[12.0, 6.8, 7.3, 10.5, 9.4], ∫ϰ²/L>=[18.3, 16.1, 11.7, 18.8, 19.9], C-C-Sep=0.08, ║∇J║=8.1e-06
Iteration 1777/2000-----
currents: [100000.0, 99999.99999752673, 99999.999996993, 99999.99999674073, 99999.99999747062]
J=2.3e-05, ⟨Jf⟩=1.3e-05, ⟨B·n⟩=1.0e-03, Len=sum([2.4, 2.5, 2.4, 2.4, 2.5])=12.3, ϰ=[12.0, 6.8, 7.3, 10.5, 9.4], ∫ϰ²/L>=[18.3, 16.1, 11.7, 18.8, 19.9], C-C-Sep=0.08, ║∇J║=9.8e-06
Iteration 1778/2000-----
currents: [100000.0, 99999.99999752635, 99999.99999699237, 99999.99999673976, 99999.99999746995]
J=2.3e-05, ⟨Jf⟩=1.3e-05, ⟨B·n⟩=1.0e-03, Len=sum([2.4, 2.5, 2.4, 2.4, 2.5])=12.3, ϰ=[12.0, 6.8, 7.3, 10.5, 9.4], ∫ϰ²/L>=[18.3, 16.1, 11.7, 18.8, 19.9], C-C-Sep=0.08, ║∇J║=7.5e-06
Iteration 1779/2000-----
currents: [100000.0, 99999.99999752594, 99999.99999699167, 99999.99999673868, 99999.9999974692]
J=2.3e-05, ⟨Jf⟩=1.3e-05, ⟨B·n⟩=1.0e-03, Len=sum([2.4, 2.5, 2.4, 2.4, 2.5])=12.3, ϰ=[12.0, 6.8, 7.3, 10.5, 9.4], ∫ϰ²/L>=[18.3, 16.1, 11.7, 18.8, 19.9], C-C-Sep=0.08, ║∇J║=7.4e-06
Iteration 1780/2000-----
currents: [100000.0, 99999.99999752516, 99999.99999699031, 99999.99999673665, 99999.99999746779]
J=2.3e-05, ⟨Jf⟩=1.3e-05, ⟨B·n⟩=1.0e-03, Len=sum([2.4, 2.5, 2.4, 2.4, 2.5])=12.3, ϰ=[12.0, 6.8, 7.3, 10.5, 9.4], ∫ϰ²/L>=[18.3, 16.1, 11.7, 18.8, 19.9], C-C-Sep=0.08, ║∇J║=9.0e-06
Iteration 1781/2000-----
currents: [100000.0, 99999.99999752388, 99999.99999698812, 99999.99999673334, 99999.99999746548]
J=2.3e-05, ⟨Jf⟩=1.3e-05, ⟨B·n⟩=1.0e-03, Len=sum([2.4, 2.5, 2.4, 2.4, 2.5])=12.3, ϰ=[12.0, 6.8, 7.3, 10.5, 9.4], ∫ϰ²/L>=[18.3, 16.1, 11.7, 18.8, 19.9], C-C-Sep=0.08, ║∇J║=1.2e-05
Iteration 1782/2000-----
currents: [100000.0, 99999.99999752294, 99999.99999698653, 99999.99999673099, 99999.99999746382]
J=2.3e-05, ⟨Jf⟩=1.3e-05, ⟨B·n⟩=1.0e-03, Len=sum([2.4, 2.5, 2.4, 2.4, 2.5])=12.3, ϰ=[12.0, 6.8, 7.3, 10.5, 9.4], ∫ϰ²/L>=[18.3, 16.1, 11.7, 18.8, 19.9], C-C-Sep=0.08, ║∇J║=8.8e-06
Iteration 1783/2000-----
currents: [100000.0, 99999.99999752233, 99999.9999969855, 99999.99999672947, 99999.99999746274]
J=2.3e-05, ⟨Jf⟩=1.3e-05, ⟨B·n⟩=1.0e-03, Len=sum([2.4, 2.5, 2.4, 2.4, 2.5])=12.3, ϰ=[12.0, 6.8, 7.3, 10.5, 9.4], ∫ϰ²/L>=[18.3, 16.1, 11.7, 18.8, 19.9], C-C-Sep=0.08, ║∇J║=6.7e-06
Iteration 1784/2000-----
currents: [100000.0, 99999.99999752193, 99999.99999698483, 99999.9999967285, 99999.99999746203]
J=2.3e-05, ⟨Jf⟩=1.3e-05, ⟨B·n⟩=1.0e-03, Len=sum([2.4, 2.5, 2.4, 2.4, 2.5])=12.3, ϰ=[12.0, 6.8, 7.3, 10.5, 9.4], ∫ϰ²/L>=[18.3, 16.1, 11.7, 18.8, 19.9], C-C-Sep=0.08, ║∇J║=8.0e-06
Iteration 1785/2000-----
currents: [100000.0, 99999.99999752096, 99999.9999969832, 99999.99999672611, 99999.99999746031]
J=2.3e-05, ⟨Jf⟩=1.3e-05, ⟨B·n⟩=1.0e-03, Len=sum([2.4, 2.5, 2.4, 2.4, 2.5])=12.3, ϰ=[12.0, 6.8, 7.3, 10.5, 9.4], ∫ϰ²/L>=[18.3, 16.1, 11.7, 18.8, 19.9], C-C-Sep=0.08, ║∇J║=9.0e-06
Iteration 1786/2000-----
currents: [100000.0, 99999.99999751974, 99999.99999698116, 99999.99999672311, 99999.99999745816]
J=2.3e-05, ⟨Jf⟩=1.3e-05, ⟨B·n⟩=1.0e-03, Len=sum([2.4, 2.5, 2.4, 2.4, 2.5])=12.3, ϰ=[12.0, 6.8, 7.3, 10.5, 9.4], ∫ϰ²/L>=[18.3, 16.1, 11.7, 18.8, 19.9], C-C-Sep=0.08, ║∇J║=1.3e-05
Iteration 1787/2000-----
currents: [100000.0, 99999.99999751877, 99999.99999697953, 99999.99999672068, 99999.99999745641]
J=2.3e-05, ⟨Jf⟩=1.3e-05, ⟨B·n⟩=1.0e-03, Len=sum([2.4, 2.5, 2.4, 2.4, 2.5])=12.3, ϰ=[12.0, 6.8, 7.3, 10.5, 9.4], ∫ϰ²/L>=[18.3, 16.1, 11.7, 18.8, 19.9], C-C-Sep=0.08, ║∇J║=9.0e-06
Iteration 1788/2000-----
currents: [100000.0, 99999.99999751846, 99999.99999697901, 99999.99999671988, 99999.99999745586]
J=2.3e-05, ⟨Jf⟩=1.3e-05, ⟨B·n⟩=1.0e-03, Len=sum([2.4, 2.5, 2.4, 2.4, 2.5])=12.3, ϰ=[12.0, 6.8, 7.3, 10.5, 9.4], ∫ϰ²/L>=[18.3, 16.1, 11.7, 18.8, 19.9], C-C-Sep=0.08, ║∇J║=7.2e-06
Iteration 1789/2000-----
currents: [100000.0, 99999.99999751766, 99999.99999697768, 99999.99999671784, 99999.99999745445]
J=2.3e-05, ⟨Jf⟩=1.3e-05, ⟨B·n⟩=1.0e-03, Len=sum([2.4, 2.5, 2.4, 2.4, 2.5])=12.3, ϰ=[12.0, 6.8, 7.3, 10.5, 9.4], ∫ϰ²/L>=[18.3, 16.1, 11.7, 18.8, 19.9], C-C-Sep=0.08, ║∇J║=7.2e-06
Iteration 1790/2000-----
currents: [100000.0, 99999.99999751673, 99999.99999697616, 99999.99999671552, 99999.9999974528]
J=2.3e-05, ⟨Jf⟩=1.3e-05, ⟨B·n⟩=1.0e-03, Len=sum([2.4, 2.5, 2.4, 2.4, 2.5])=12.3, ϰ=[12.0, 6.8, 7.3, 10.5, 9.4], ∫ϰ²/L>=[18.3, 16.1, 11.7, 18.8, 19.9], C-C-Sep=0.08, ║∇J║=1.2e-05
Iteration 1791/2000-----
currents: [100000.0, 99999.99999751565, 99999.99999697438, 99999.99999671281, 99999.9999974509]
J=2.3e-05, ⟨Jf⟩=1.3e-05, ⟨B·n⟩=1.0e-03, Len=sum([2.4, 2.5, 2.4, 2.4, 2.5])=12.3, ϰ=[12.0, 6.8, 7.3, 10.5, 9.4], ∫ϰ²/L>=[18.3, 16.1, 11.7, 18.8, 19.9], C-C-Sep=0.08, ║∇J║=7.7e-06
Iteration 1792/2000-----
currents: [100000.0, 99999.999997515, 99999.9999969733, 99999.99999671117, 99999.99999744973]
J=2.3e-05, ⟨Jf⟩=1.3e-05, ⟨B·n⟩=1.0e-03, Len=sum([2.4, 2.5, 2.4, 2.4, 2.5])=12.3, ϰ=[12.0, 6.8, 7.3, 10.5, 9.4], ∫ϰ²/L>=[18.3, 16.1, 11.7, 18.8, 19.9], C-C-Sep=0.08, ║∇J║=6.1e-06
Iteration 1793/2000-----
currents: [100000.0, 99999.9999975143, 99999.99999697214, 99999.99999670939, 99999.99999744847]
J=2.3e-05, ⟨Jf⟩=1.3e-05, ⟨B·n⟩=1.0e-03, Len=sum([2.4, 2.5, 2.4, 2.4, 2.5])=12.3, ϰ=[12.0, 6.8, 7.3, 10.5, 9.4], ∫ϰ²/L>=[18.3, 16.1, 11.7, 18.8, 19.9], C-C-Sep=0.08, ║∇J║=7.2e-06
Iteration 1794/2000-----
currents: [100000.0, 99999.99999751341, 99999.99999697066, 99999.99999670709, 99999.99999744685]
J=2.3e-05, ⟨Jf⟩=1.3e-05, ⟨B·n⟩=1.0e-03, Len=sum([2.4, 2.5, 2.4, 2.4, 2.5])=12.3, ϰ=[12.0, 6.8, 7.3, 10.5, 9.4], ∫ϰ²/L>=[18.3, 16.1, 11.7, 18.8, 19.9], C-C-Sep=0.08, ║∇J║=9.0e-06
Iteration 1795/2000-----
currents: [100000.0, 99999.9999975121, 99999.99999696844, 99999.9999967037, 99999.99999744444]
J=2.3e-05, ⟨Jf⟩=1.3e-05, ⟨B·n⟩=1.0e-03, Len=sum([2.4, 2.5, 2.4, 2.4, 2.5])=12.3, ϰ=[12.0, 6.8, 7.3, 10.5, 9.4], ∫ϰ²/L>=[18.3, 16.1, 11.7, 18.8, 19.9], C-C-Sep=0.08, ║∇J║=1.3e-05
Iteration 1796/2000-----
currents: [100000.0, 99999.99999751145, 99999.99999696735, 99999.99999670198, 99999.99999744324]
J=2.3e-05, ⟨Jf⟩=1.3e-05, ⟨B·n⟩=1.0e-03, Len=sum([2.4, 2.5, 2.4, 2.4, 2.5])=12.3, ϰ=[12.0, 6.8, 7.3, 10.5, 9.4], ∫ϰ²/L>=[18.3, 16.1, 11.7, 18.8, 19.9], C-C-Sep=0.08, ║∇J║=8.2e-06
Iteration 1797/2000-----
currents: [100000.0, 99999.99999751136, 99999.99999696722, 99999.99999670175, 99999.9999974431]
J=2.3e-05, ⟨Jf⟩=1.3e-05, ⟨B·n⟩=1.0e-03, Len=sum([2.4, 2.5, 2.4, 2.4, 2.5])=12.3, ϰ=[12.0, 6.8, 7.3, 10.5, 9.4], ∫ϰ²/L>=[18.3, 16.1, 11.7, 18.8, 19.9], C-C-Sep=0.08, ║∇J║=7.2e-06
Iteration 1798/2000-----
currents: [100000.0, 99999.99999751069, 99999.99999696616, 99999.99999670008, 99999.99999744193]
J=2.3e-05, ⟨Jf⟩=1.3e-05, ⟨B·n⟩=1.0e-03, Len=sum([2.4, 2.5, 2.4, 2.4, 2.5])=12.3, ϰ=[12.0, 6.8, 7.3, 10.5, 9.4], ∫ϰ²/L>=[18.3, 16.1, 11.7, 18.8, 19.9], C-C-Sep=0.08, ║∇J║=8.0e-06
Iteration 1799/2000-----
currents: [100000.0, 99999.9999975094, 99999.99999696406, 99999.99999669682, 99999.99999743966]
J=2.3e-05, ⟨Jf⟩=1.3e-05, ⟨B·n⟩=1.0e-03, Len=sum([2.4, 2.5, 2.4, 2.4, 2.5])=12.3, ϰ=[12.0, 6.8, 7.3, 10.5, 9.4], ∫ϰ²/L>=[18.3, 16.1, 11.7, 18.8, 19.9], C-C-Sep=0.08, ║∇J║=1.4e-05
Iteration 1800/2000-----
currents: [100000.0, 99999.99999750862, 99999.99999696284, 99999.99999669491, 99999.99999743832]
J=2.3e-05, ⟨Jf⟩=1.3e-05, ⟨B·n⟩=1.0e-03, Len=sum([2.4, 2.5, 2.4, 2.4, 2.5])=12.3, ϰ=[12.0, 6.8, 7.3, 10.5, 9.4], ∫ϰ²/L>=[18.3, 16.1, 11.7, 18.8, 19.9], C-C-Sep=0.08, ║∇J║=8.0e-06
Iteration 1801/2000-----
currents: [100000.0, 99999.99999750778, 99999.9999969615, 99999.99999669282, 99999.99999743685]
J=2.3e-05, ⟨Jf⟩=1.3e-05, ⟨B·n⟩=1.0e-03, Len=sum([2.4, 2.5, 2.4, 2.4, 2.5])=12.3, ϰ=[12.0, 6.8, 7.3, 10.5, 9.4], ∫ϰ²/L>=[18.3, 16.1, 11.7, 18.8, 19.9], C-C-Sep=0.08, ║∇J║=6.7e-06
Iteration 1802/2000-----
currents: [100000.0, 99999.99999750688, 99999.99999696006, 99999.99999669055, 99999.99999743527]
J=2.3e-05, ⟨Jf⟩=1.3e-05, ⟨B·n⟩=1.0e-03, Len=sum([2.4, 2.5, 2.4, 2.4, 2.5])=12.3, ϰ=[12.0, 6.8, 7.3, 10.5, 9.4], ∫ϰ²/L>=[18.3, 16.1, 11.7, 18.8, 19.9], C-C-Sep=0.08, ║∇J║=7.1e-06
Iteration 1803/2000-----
currents: [100000.0, 99999.99999750567, 99999.99999695814, 99999.9999966875, 99999.99999743316]
J=2.3e-05, ⟨Jf⟩=1.3e-05, ⟨B·n⟩=1.0e-03, Len=sum([2.4, 2.5, 2.4, 2.4, 2.5])=12.3, ϰ=[12.0, 6.8, 7.3, 10.5, 9.4], ∫ϰ²/L>=[18.3, 16.1, 11.7, 18.8, 19.9], C-C-Sep=0.08, ║∇J║=8.0e-06
Iteration 1804/2000-----
currents: [100000.0, 99999.99999750346, 99999.99999695468, 99999.99999668195, 99999.99999742933]
J=2.3e-05, ⟨Jf⟩=1.3e-05, ⟨B·n⟩=1.0e-03, Len=sum([2.4, 2.5, 2.4, 2.4, 2.5])=12.3, ϰ=[12.0, 6.8, 7.3, 10.5, 9.4], ∫ϰ²/L>=[18.3, 16.1, 11.7, 18.8, 19.9], C-C-Sep=0.08, ║∇J║=3.0e-05
Iteration 1805/2000-----
currents: [100000.0, 99999.99999750477, 99999.99999695673, 99999.99999668523, 99999.9999974316]
J=2.3e-05, ⟨Jf⟩=1.3e-05, ⟨B·n⟩=1.0e-03, Len=sum([2.4, 2.5, 2.4, 2.4, 2.5])=12.3, ϰ=[12.0, 6.8, 7.3, 10.5, 9.4], ∫ϰ²/L>=[18.3, 16.1, 11.7, 18.8, 19.9], C-C-Sep=0.08, ║∇J║=1.2e-05
Iteration 1806/2000-----
currents: [100000.0, 99999.99999750376, 99999.99999695511, 99999.99999668267, 99999.99999742984]
J=2.3e-05, ⟨Jf⟩=1.3e-05, ⟨B·n⟩=1.0e-03, Len=sum([2.4, 2.5, 2.4, 2.4, 2.5])=12.3, ϰ=[12.0, 6.8, 7.3, 10.5, 9.4], ∫ϰ²/L>=[18.3, 16.1, 11.7, 18.8, 19.9], C-C-Sep=0.08, ║∇J║=7.3e-06
Iteration 1807/2000-----
currents: [100000.0, 99999.99999750314, 99999.99999695412, 99999.99999668107, 99999.99999742876]
J=2.3e-05, ⟨Jf⟩=1.3e-05, ⟨B·n⟩=1.0e-03, Len=sum([2.4, 2.5, 2.4, 2.4, 2.5])=12.3, ϰ=[12.0, 6.8, 7.3, 10.5, 9.4], ∫ϰ²/L>=[18.3, 16.1, 11.7, 18.8, 19.9], C-C-Sep=0.08, ║∇J║=6.3e-06
Iteration 1808/2000-----
currents: [100000.0, 99999.9999975022, 99999.99999695261, 99999.99999667866, 99999.99999742712]
J=2.3e-05, ⟨Jf⟩=1.3e-05, ⟨B·n⟩=1.0e-03, Len=sum([2.4, 2.5, 2.4, 2.4, 2.5])=12.3, ϰ=[12.0, 6.8, 7.3, 10.5, 9.4], ∫ϰ²/L>=[18.3, 16.1, 11.7, 18.8, 19.9], C-C-Sep=0.08, ║∇J║=7.2e-06
Iteration 1809/2000-----
currents: [100000.0, 99999.9999975009, 99999.99999695057, 99999.99999667535, 99999.99999742488]
J=2.3e-05, ⟨Jf⟩=1.3e-05, ⟨B·n⟩=1.0e-03, Len=sum([2.4, 2.5, 2.4, 2.4, 2.5])=12.3, ϰ=[12.0, 6.8, 7.3, 10.5, 9.4], ∫ϰ²/L>=[18.3, 16.1, 11.7, 18.8, 19.9], C-C-Sep=0.08, ║∇J║=1.0e-05
Iteration 1810/2000-----
currents: [100000.0, 99999.99999749956, 99999.99999694842, 99999.99999667193, 99999.9999974225]
J=2.3e-05, ⟨Jf⟩=1.3e-05, ⟨B·n⟩=1.0e-03, Len=sum([2.4, 2.5, 2.4, 2.4, 2.5])=12.3, ϰ=[12.0, 6.8, 7.3, 10.5, 9.4], ∫ϰ²/L>=[18.3, 16.1, 11.7, 18.8, 19.9], C-C-Sep=0.08, ║∇J║=7.7e-06
Iteration 1811/2000-----
currents: [100000.0, 99999.99999749867, 99999.99999694702, 99999.99999666968, 99999.99999742095]
J=2.3e-05, ⟨Jf⟩=1.3e-05, ⟨B·n⟩=1.0e-03, Len=sum([2.4, 2.5, 2.4, 2.4, 2.5])=12.3, ϰ=[12.0, 6.8, 7.3, 10.5, 9.4], ∫ϰ²/L>=[18.3, 16.1, 11.7, 18.8, 19.9], C-C-Sep=0.08, ║∇J║=7.7e-06
Iteration 1812/2000-----
currents: [100000.0, 99999.99999749713, 99999.99999694464, 99999.99999666576, 99999.99999741826]
J=2.3e-05, ⟨Jf⟩=1.3e-05, ⟨B·n⟩=1.0e-03, Len=sum([2.4, 2.5, 2.4, 2.4, 2.5])=12.3, ϰ=[12.0, 6.8, 7.3, 10.5, 9.4], ∫ϰ²/L>=[18.3, 16.1, 11.7, 18.8, 19.9], C-C-Sep=0.08, ║∇J║=1.3e-05
Iteration 1813/2000-----
currents: [100000.0, 99999.9999974969, 99999.9999969443, 99999.99999666518, 99999.99999741788]
J=2.3e-05, ⟨Jf⟩=1.3e-05, ⟨B·n⟩=1.0e-03, Len=sum([2.4, 2.5, 2.4, 2.4, 2.5])=12.3, ϰ=[12.0, 6.8, 7.3, 10.5, 9.4], ∫ϰ²/L>=[18.3, 16.1, 11.7, 18.8, 19.9], C-C-Sep=0.08, ║∇J║=7.7e-06
Iteration 1814/2000-----
currents: [100000.0, 99999.99999749663, 99999.99999694392, 99999.99999666453, 99999.99999741746]
J=2.3e-05, ⟨Jf⟩=1.3e-05, ⟨B·n⟩=1.0e-03, Len=sum([2.4, 2.5, 2.4, 2.4, 2.5])=12.3, ϰ=[12.0, 6.8, 7.3, 10.5, 9.4], ∫ϰ²/L>=[18.3, 16.1, 11.7, 18.8, 19.9], C-C-Sep=0.08, ║∇J║=7.5e-06
Iteration 1815/2000-----
currents: [100000.0, 99999.99999749592, 99999.99999694288, 99999.99999666275, 99999.99999741628]
J=2.3e-05, ⟨Jf⟩=1.3e-05, ⟨B·n⟩=1.0e-03, Len=sum([2.4, 2.5, 2.4, 2.4, 2.5])=12.3, ϰ=[12.0, 6.8, 7.3, 10.5, 9.4], ∫ϰ²/L>=[18.3, 16.1, 11.7, 18.8, 19.9], C-C-Sep=0.08, ║∇J║=7.5e-06
Iteration 1816/2000-----
currents: [100000.0, 99999.9999974948, 99999.9999969412, 99999.99999665997, 99999.99999741442]
J=2.3e-05, ⟨Jf⟩=1.3e-05, ⟨B·n⟩=1.0e-03, Len=sum([2.4, 2.5, 2.4, 2.4, 2.5])=12.3, ϰ=[12.0, 6.8, 7.3, 10.5, 9.4], ∫ϰ²/L>=[18.3, 16.1, 11.7, 18.8, 19.9], C-C-Sep=0.08, ║∇J║=7.4e-06
Iteration 1817/2000-----
currents: [100000.0, 99999.99999749215, 99999.9999969372, 99999.99999665337, 99999.99999740995]
J=2.3e-05, ⟨Jf⟩=1.3e-05, ⟨B·n⟩=1.0e-03, Len=sum([2.4, 2.5, 2.4, 2.4, 2.5])=12.3, ϰ=[12.0, 6.8, 7.3, 10.5, 9.4], ∫ϰ²/L>=[18.3, 16.1, 11.7, 18.8, 19.9], C-C-Sep=0.08, ║∇J║=3.3e-05
Iteration 1818/2000-----
currents: [100000.0, 99999.99999749375, 99999.99999693963, 99999.99999665737, 99999.99999741265]
J=2.3e-05, ⟨Jf⟩=1.3e-05, ⟨B·n⟩=1.0e-03, Len=sum([2.4, 2.5, 2.4, 2.4, 2.5])=12.3, ϰ=[12.0, 6.8, 7.3, 10.5, 9.4], ∫ϰ²/L>=[18.3, 16.1, 11.7, 18.8, 19.9], C-C-Sep=0.08, ║∇J║=1.4e-05
Iteration 1819/2000-----
currents: [100000.0, 99999.99999749237, 99999.99999693758, 99999.99999665395, 99999.99999741036]
J=2.3e-05, ⟨Jf⟩=1.3e-05, ⟨B·n⟩=1.0e-03, Len=sum([2.4, 2.5, 2.4, 2.4, 2.5])=12.3, ϰ=[12.0, 6.8, 7.3, 10.5, 9.4], ∫ϰ²/L>=[18.3, 16.1, 11.7, 18.8, 19.9], C-C-Sep=0.08, ║∇J║=7.2e-06
Iteration 1820/2000-----
currents: [100000.0, 99999.9999974915, 99999.99999693624, 99999.99999665176, 99999.99999740889]
J=2.3e-05, ⟨Jf⟩=1.3e-05, ⟨B·n⟩=1.0e-03, Len=sum([2.4, 2.5, 2.4, 2.4, 2.5])=12.3, ϰ=[12.0, 6.8, 7.3, 10.5, 9.4], ∫ϰ²/L>=[18.3, 16.1, 11.7, 18.8, 19.9], C-C-Sep=0.08, ║∇J║=6.2e-06
Iteration 1821/2000-----
currents: [100000.0, 99999.99999749032, 99999.99999693438, 99999.99999664874, 99999.99999740685]
J=2.3e-05, ⟨Jf⟩=1.3e-05, ⟨B·n⟩=1.0e-03, Len=sum([2.4, 2.5, 2.4, 2.4, 2.5])=12.3, ϰ=[12.0, 6.8, 7.3, 10.5, 9.4], ∫ϰ²/L>=[18.3, 16.1, 11.7, 18.8, 19.9], C-C-Sep=0.08, ║∇J║=9.3e-06
Iteration 1822/2000-----
currents: [100000.0, 99999.99999748918, 99999.99999693259, 99999.99999664581, 99999.9999974049]
J=2.3e-05, ⟨Jf⟩=1.3e-05, ⟨B·n⟩=1.0e-03, Len=sum([2.4, 2.5, 2.4, 2.4, 2.5])=12.3, ϰ=[12.0, 6.8, 7.3, 10.5, 9.4], ∫ϰ²/L>=[18.3, 16.1, 11.7, 18.8, 19.9], C-C-Sep=0.08, ║∇J║=1.2e-05
Iteration 1823/2000-----
currents: [100000.0, 99999.99999748888, 99999.99999693206, 99999.99999664498, 99999.99999740435]
J=2.3e-05, ⟨Jf⟩=1.3e-05, ⟨B·n⟩=1.0e-03, Len=sum([2.4, 2.5, 2.4, 2.4, 2.5])=12.3, ϰ=[12.0, 6.8, 7.3, 10.5, 9.4], ∫ϰ²/L>=[18.3, 16.1, 11.7, 18.8, 19.9], C-C-Sep=0.08, ║∇J║=6.9e-06
Iteration 1824/2000-----
currents: [100000.0, 99999.99999748838, 99999.99999693125, 99999.99999664363, 99999.99999740346]
J=2.3e-05, ⟨Jf⟩=1.3e-05, ⟨B·n⟩=1.0e-03, Len=sum([2.4, 2.5, 2.4, 2.4, 2.5])=12.3, ϰ=[12.0, 6.8, 7.3, 10.5, 9.4], ∫ϰ²/L>=[18.3, 16.1, 11.7, 18.8, 19.9], C-C-Sep=0.08, ║∇J║=6.9e-06
Iteration 1825/2000-----
currents: [100000.0, 99999.99999748773, 99999.99999693024, 99999.99999664193, 99999.99999740234]
J=2.3e-05, ⟨Jf⟩=1.3e-05, ⟨B·n⟩=1.0e-03, Len=sum([2.4, 2.5, 2.4, 2.4, 2.5])=12.3, ϰ=[12.0, 6.8, 7.3, 10.5, 9.4], ∫ϰ²/L>=[18.3, 16.1, 11.7, 18.8, 19.9], C-C-Sep=0.08, ║∇J║=9.0e-06
Iteration 1826/2000-----
currents: [100000.0, 99999.99999748632, 99999.99999692806, 99999.99999663827, 99999.99999739991]
J=2.3e-05, ⟨Jf⟩=1.3e-05, ⟨B·n⟩=1.0e-03, Len=sum([2.4, 2.5, 2.4, 2.4, 2.5])=12.3, ϰ=[12.0, 6.8, 7.3, 10.5, 9.4], ∫ϰ²/L>=[18.3, 16.1, 11.7, 18.8, 19.9], C-C-Sep=0.08, ║∇J║=7.6e-06
Iteration 1827/2000-----
currents: [100000.0, 99999.99999748496, 99999.99999692601, 99999.99999663484, 99999.99999739762]
J=2.3e-05, ⟨Jf⟩=1.3e-05, ⟨B·n⟩=1.0e-03, Len=sum([2.4, 2.5, 2.4, 2.4, 2.5])=12.3, ϰ=[12.0, 6.8, 7.3, 10.5, 9.4], ∫ϰ²/L>=[18.3, 16.1, 11.7, 18.8, 19.9], C-C-Sep=0.08, ║∇J║=9.3e-06
Iteration 1828/2000-----
currents: [100000.0, 99999.99999748396, 99999.99999692448, 99999.99999663234, 99999.99999739593]
J=2.3e-05, ⟨Jf⟩=1.3e-05, ⟨B·n⟩=1.0e-03, Len=sum([2.4, 2.5, 2.4, 2.4, 2.5])=12.3, ϰ=[12.0, 6.8, 7.3, 10.5, 9.4], ∫ϰ²/L>=[18.3, 16.1, 11.7, 18.8, 19.9], C-C-Sep=0.08, ║∇J║=6.5e-06
Iteration 1829/2000-----
currents: [100000.0, 99999.99999748378, 99999.99999692423, 99999.99999663194, 99999.99999739567]
J=2.3e-05, ⟨Jf⟩=1.3e-05, ⟨B·n⟩=1.0e-03, Len=sum([2.4, 2.5, 2.4, 2.4, 2.5])=12.3, ϰ=[12.0, 6.8, 7.3, 10.5, 9.4], ∫ϰ²/L>=[18.3, 16.1, 11.7, 18.8, 19.9], C-C-Sep=0.08, ║∇J║=5.8e-06
Iteration 1830/2000-----
currents: [100000.0, 99999.99999748329, 99999.99999692352, 99999.99999663077, 99999.99999739492]
J=2.3e-05, ⟨Jf⟩=1.3e-05, ⟨B·n⟩=1.0e-03, Len=sum([2.4, 2.5, 2.4, 2.4, 2.5])=12.3, ϰ=[12.0, 6.8, 7.3, 10.5, 9.4], ∫ϰ²/L>=[18.3, 16.1, 11.7, 18.8, 19.9], C-C-Sep=0.08, ║∇J║=5.7e-06
Iteration 1831/2000-----
currents: [100000.0, 99999.99999748226, 99999.99999692201, 99999.99999662819, 99999.99999739324]
J=2.3e-05, ⟨Jf⟩=1.3e-05, ⟨B·n⟩=1.0e-03, Len=sum([2.4, 2.5, 2.4, 2.4, 2.5])=12.3, ϰ=[12.0, 6.8, 7.3, 10.5, 9.4], ∫ϰ²/L>=[18.3, 16.1, 11.7, 18.8, 19.9], C-C-Sep=0.08, ║∇J║=1.1e-05
Iteration 1832/2000-----
currents: [100000.0, 99999.99999748108, 99999.99999692023, 99999.99999662519, 99999.9999973913]
J=2.3e-05, ⟨Jf⟩=1.3e-05, ⟨B·n⟩=1.0e-03, Len=sum([2.4, 2.5, 2.4, 2.4, 2.5])=12.3, ϰ=[12.0, 6.8, 7.3, 10.5, 9.4], ∫ϰ²/L>=[18.3, 16.1, 11.7, 18.8, 19.9], C-C-Sep=0.08, ║∇J║=7.1e-06
Iteration 1833/2000-----
currents: [100000.0, 99999.99999748074, 99999.99999691971, 99999.99999662429, 99999.99999739071]
J=2.3e-05, ⟨Jf⟩=1.3e-05, ⟨B·n⟩=1.0e-03, Len=sum([2.4, 2.5, 2.4, 2.4, 2.5])=12.3, ϰ=[12.0, 6.8, 7.3, 10.5, 9.4], ∫ϰ²/L>=[18.3, 16.1, 11.7, 18.8, 19.9], C-C-Sep=0.08, ║∇J║=4.5e-06
Iteration 1834/2000-----
currents: [100000.0, 99999.99999748023, 99999.99999691891, 99999.9999966229, 99999.99999738978]
J=2.3e-05, ⟨Jf⟩=1.3e-05, ⟨B·n⟩=1.0e-03, Len=sum([2.4, 2.5, 2.4, 2.4, 2.5])=12.3, ϰ=[12.0, 6.8, 7.3, 10.5, 9.4], ∫ϰ²/L>=[18.3, 16.1, 11.7, 18.8, 19.9], C-C-Sep=0.08, ║∇J║=5.8e-06
Iteration 1835/2000-----
currents: [100000.0, 99999.99999747962, 99999.99999691793, 99999.99999662126, 99999.99999738869]
J=2.3e-05, ⟨Jf⟩=1.3e-05, ⟨B·n⟩=1.0e-03, Len=sum([2.4, 2.5, 2.4, 2.4, 2.5])=12.3, ϰ=[12.0, 6.8, 7.3, 10.5, 9.4], ∫ϰ²/L>=[18.3, 16.1, 11.7, 18.8, 19.9], C-C-Sep=0.08, ║∇J║=1.0e-05
Iteration 1836/2000-----
currents: [100000.0, 99999.9999974795, 99999.99999691776, 99999.99999662094, 99999.99999738848]
J=2.3e-05, ⟨Jf⟩=1.3e-05, ⟨B·n⟩=1.0e-03, Len=sum([2.4, 2.5, 2.4, 2.4, 2.5])=12.3, ϰ=[12.0, 6.8, 7.3, 10.5, 9.4], ∫ϰ²/L>=[18.3, 16.1, 11.7, 18.8, 19.9], C-C-Sep=0.08, ║∇J║=6.2e-06
Iteration 1837/2000-----
currents: [100000.0, 99999.99999747914, 99999.99999691719, 99999.99999661998, 99999.99999738786]
J=2.3e-05, ⟨Jf⟩=1.3e-05, ⟨B·n⟩=1.0e-03, Len=sum([2.4, 2.5, 2.4, 2.4, 2.5])=12.3, ϰ=[12.0, 6.8, 7.3, 10.5, 9.4], ∫ϰ²/L>=[18.3, 16.1, 11.7, 18.8, 19.9], C-C-Sep=0.08, ║∇J║=4.9e-06
Iteration 1838/2000-----
currents: [100000.0, 99999.99999747884, 99999.99999691673, 99999.9999966192, 99999.99999738735]
J=2.3e-05, ⟨Jf⟩=1.3e-05, ⟨B·n⟩=1.0e-03, Len=sum([2.4, 2.5, 2.4, 2.4, 2.5])=12.3, ϰ=[12.0, 6.8, 7.3, 10.5, 9.4], ∫ϰ²/L>=[18.3, 16.1, 11.7, 18.8, 19.9], C-C-Sep=0.08, ║∇J║=5.4e-06
Iteration 1839/2000-----
currents: [100000.0, 99999.99999747769, 99999.99999691498, 99999.99999661627, 99999.99999738543]
J=2.3e-05, ⟨Jf⟩=1.3e-05, ⟨B·n⟩=1.0e-03, Len=sum([2.4, 2.5, 2.4, 2.4, 2.5])=12.3, ϰ=[12.0, 6.8, 7.3, 10.5, 9.4], ∫ϰ²/L>=[18.3, 16.1, 11.7, 18.8, 19.9], C-C-Sep=0.08, ║∇J║=6.0e-06
Iteration 1840/2000-----
currents: [100000.0, 99999.9999974762, 99999.99999691278, 99999.99999661256, 99999.99999738303]
J=2.3e-05, ⟨Jf⟩=1.3e-05, ⟨B·n⟩=1.0e-03, Len=sum([2.4, 2.5, 2.4, 2.4, 2.5])=12.3, ϰ=[12.0, 6.8, 7.3, 10.5, 9.4], ∫ϰ²/L>=[18.3, 16.1, 11.7, 18.8, 19.9], C-C-Sep=0.08, ║∇J║=2.1e-05
Iteration 1841/2000-----
currents: [100000.0, 99999.99999747706, 99999.99999691406, 99999.99999661472, 99999.99999738442]
J=2.3e-05, ⟨Jf⟩=1.3e-05, ⟨B·n⟩=1.0e-03, Len=sum([2.4, 2.5, 2.4, 2.4, 2.5])=12.3, ϰ=[12.0, 6.8, 7.3, 10.5, 9.4], ∫ϰ²/L>=[18.3, 16.1, 11.7, 18.8, 19.9], C-C-Sep=0.08, ║∇J║=9.5e-06
Iteration 1842/2000-----
currents: [100000.0, 99999.99999747607, 99999.99999691256, 99999.99999661221, 99999.99999738277]
J=2.3e-05, ⟨Jf⟩=1.3e-05, ⟨B·n⟩=1.0e-03, Len=sum([2.4, 2.5, 2.4, 2.4, 2.5])=12.3, ϰ=[12.0, 6.8, 7.3, 10.5, 9.4], ∫ϰ²/L>=[18.3, 16.1, 11.7, 18.8, 19.9], C-C-Sep=0.08, ║∇J║=5.5e-06
Iteration 1843/2000-----
currents: [100000.0, 99999.99999747543, 99999.99999691162, 99999.99999661063, 99999.9999973817]
J=2.3e-05, ⟨Jf⟩=1.3e-05, ⟨B·n⟩=1.0e-03, Len=sum([2.4, 2.5, 2.4, 2.4, 2.5])=12.3, ϰ=[12.0, 6.8, 7.3, 10.5, 9.4], ∫ϰ²/L>=[18.3, 16.1, 11.7, 18.8, 19.9], C-C-Sep=0.08, ║∇J║=4.3e-06
Iteration 1844/2000-----
currents: [100000.0, 99999.99999747488, 99999.99999691082, 99999.99999660927, 99999.9999973808]
J=2.3e-05, ⟨Jf⟩=1.3e-05, ⟨B·n⟩=1.0e-03, Len=sum([2.4, 2.5, 2.4, 2.4, 2.5])=12.3, ϰ=[12.0, 6.8, 7.3, 10.5, 9.4], ∫ϰ²/L>=[18.3, 16.1, 11.7, 18.8, 19.9], C-C-Sep=0.08, ║∇J║=5.5e-06
Iteration 1845/2000-----
currents: [100000.0, 99999.99999747402, 99999.99999690948, 99999.9999966071, 99999.99999737933]
J=2.3e-05, ⟨Jf⟩=1.3e-05, ⟨B·n⟩=1.0e-03, Len=sum([2.4, 2.5, 2.4, 2.4, 2.5])=12.3, ϰ=[12.0, 6.8, 7.3, 10.5, 9.4], ∫ϰ²/L>=[18.3, 16.1, 11.7, 18.8, 19.9], C-C-Sep=0.08, ║∇J║=1.1e-05
Iteration 1846/2000-----
currents: [100000.0, 99999.99999747399, 99999.99999690945, 99999.99999660706, 99999.9999973793]
J=2.3e-05, ⟨Jf⟩=1.3e-05, ⟨B·n⟩=1.0e-03, Len=sum([2.4, 2.5, 2.4, 2.4, 2.5])=12.3, ϰ=[12.0, 6.8, 7.3, 10.5, 9.4], ∫ϰ²/L>=[18.3, 16.1, 11.7, 18.8, 19.9], C-C-Sep=0.08, ║∇J║=4.7e-06
Iteration 1847/2000-----
currents: [100000.0, 99999.99999747387, 99999.99999690929, 99999.9999966068, 99999.99999737914]
J=2.3e-05, ⟨Jf⟩=1.3e-05, ⟨B·n⟩=1.0e-03, Len=sum([2.4, 2.5, 2.4, 2.4, 2.5])=12.3, ϰ=[12.0, 6.8, 7.3, 10.5, 9.4], ∫ϰ²/L>=[18.3, 16.1, 11.7, 18.8, 19.9], C-C-Sep=0.08, ║∇J║=4.7e-06
Iteration 1848/2000-----
currents: [100000.0, 99999.99999747342, 99999.99999690862, 99999.9999966057, 99999.99999737841]
J=2.3e-05, ⟨Jf⟩=1.3e-05, ⟨B·n⟩=1.0e-03, Len=sum([2.4, 2.5, 2.4, 2.4, 2.5])=12.3, ϰ=[12.0, 6.8, 7.3, 10.5, 9.4], ∫ϰ²/L>=[18.3, 16.1, 11.7, 18.8, 19.9], C-C-Sep=0.08, ║∇J║=6.1e-06
Iteration 1849/2000-----
currents: [100000.0, 99999.9999974724, 99999.99999690712, 99999.99999660319, 99999.99999737676]
J=2.3e-05, ⟨Jf⟩=1.3e-05, ⟨B·n⟩=1.0e-03, Len=sum([2.4, 2.5, 2.4, 2.4, 2.5])=12.3, ϰ=[12.0, 6.8, 7.3, 10.5, 9.4], ∫ϰ²/L>=[18.4, 16.1, 11.7, 18.8, 19.9], C-C-Sep=0.08, ║∇J║=6.9e-06
Iteration 1850/2000-----
currents: [100000.0, 99999.99999747024, 99999.9999969039, 99999.99999659782, 99999.99999737319]
J=2.3e-05, ⟨Jf⟩=1.3e-05, ⟨B·n⟩=1.0e-03, Len=sum([2.4, 2.5, 2.4, 2.4, 2.5])=12.3, ϰ=[12.0, 6.8, 7.3, 10.5, 9.4], ∫ϰ²/L>=[18.4, 16.1, 11.7, 18.8, 19.9], C-C-Sep=0.08, ║∇J║=3.0e-05
Iteration 1851/2000-----
currents: [100000.0, 99999.99999747176, 99999.99999690618, 99999.9999966016, 99999.9999973757]
J=2.3e-05, ⟨Jf⟩=1.3e-05, ⟨B·n⟩=1.0e-03, Len=sum([2.4, 2.5, 2.4, 2.4, 2.5])=12.3, ϰ=[12.0, 6.8, 7.3, 10.5, 9.4], ∫ϰ²/L>=[18.4, 16.1, 11.7, 18.8, 19.9], C-C-Sep=0.08, ║∇J║=9.6e-06
Iteration 1852/2000-----
currents: [100000.0, 99999.99999747048, 99999.99999690423, 99999.99999659842, 99999.99999737355]
J=2.3e-05, ⟨Jf⟩=1.3e-05, ⟨B·n⟩=1.0e-03, Len=sum([2.4, 2.5, 2.4, 2.4, 2.5])=12.3, ϰ=[12.0, 6.8, 7.3, 10.5, 9.4], ∫ϰ²/L>=[18.4, 16.1, 11.7, 18.8, 19.9], C-C-Sep=0.08, ║∇J║=4.7e-06
Iteration 1853/2000-----
currents: [100000.0, 99999.9999974698, 99999.99999690316, 99999.99999659669, 99999.99999737239]
J=2.3e-05, ⟨Jf⟩=1.3e-05, ⟨B·n⟩=1.0e-03, Len=sum([2.4, 2.5, 2.4, 2.4, 2.5])=12.3, ϰ=[12.0, 6.8, 7.3, 10.5, 9.4], ∫ϰ²/L>=[18.4, 16.1, 11.7, 18.8, 19.9], C-C-Sep=0.08, ║∇J║=3.8e-06
Iteration 1854/2000-----
currents: [100000.0, 99999.99999746904, 99999.99999690197, 99999.99999659476, 99999.9999973711]
J=2.3e-05, ⟨Jf⟩=1.3e-05, ⟨B·n⟩=1.0e-03, Len=sum([2.4, 2.5, 2.4, 2.4, 2.5])=12.3, ϰ=[12.0, 6.8, 7.3, 10.5, 9.4], ∫ϰ²/L>=[18.4, 16.1, 11.7, 18.8, 19.9], C-C-Sep=0.08, ║∇J║=6.1e-06
Iteration 1855/2000-----
currents: [100000.0, 99999.99999746814, 99999.99999690056, 99999.99999659245, 99999.99999736954]
J=2.3e-05, ⟨Jf⟩=1.3e-05, ⟨B·n⟩=1.0e-03, Len=sum([2.4, 2.5, 2.4, 2.4, 2.5])=12.3, ϰ=[12.0, 6.8, 7.3, 10.5, 9.4], ∫ϰ²/L>=[18.4, 16.1, 11.7, 18.8, 19.9], C-C-Sep=0.08, ║∇J║=1.2e-05
Iteration 1856/2000-----
currents: [100000.0, 99999.99999746808, 99999.99999690047, 99999.9999965923, 99999.99999736945]
J=2.3e-05, ⟨Jf⟩=1.3e-05, ⟨B·n⟩=1.0e-03, Len=sum([2.4, 2.5, 2.4, 2.4, 2.5])=12.3, ϰ=[12.0, 6.8, 7.3, 10.5, 9.4], ∫ϰ²/L>=[18.4, 16.1, 11.7, 18.8, 19.9], C-C-Sep=0.08, ║∇J║=5.7e-06
Iteration 1857/2000-----
currents: [100000.0, 99999.99999746786, 99999.99999690017, 99999.99999659177, 99999.99999736912]
J=2.3e-05, ⟨Jf⟩=1.3e-05, ⟨B·n⟩=1.0e-03, Len=sum([2.4, 2.5, 2.4, 2.4, 2.5])=12.3, ϰ=[12.0, 6.8, 7.3, 10.5, 9.4], ∫ϰ²/L>=[18.4, 16.1, 11.7, 18.8, 19.9], C-C-Sep=0.08, ║∇J║=5.2e-06
Iteration 1858/2000-----
currents: [100000.0, 99999.99999746737, 99999.99999689944, 99999.99999659053, 99999.99999736832]
J=2.3e-05, ⟨Jf⟩=1.3e-05, ⟨B·n⟩=1.0e-03, Len=sum([2.4, 2.5, 2.4, 2.4, 2.5])=12.3, ϰ=[12.0, 6.8, 7.3, 10.5, 9.4], ∫ϰ²/L>=[18.3, 16.1, 11.7, 18.8, 19.9], C-C-Sep=0.08, ║∇J║=6.0e-06
Iteration 1859/2000-----
currents: [100000.0, 99999.99999746632, 99999.99999689787, 99999.9999965879, 99999.9999973666]
J=2.3e-05, ⟨Jf⟩=1.3e-05, ⟨B·n⟩=1.0e-03, Len=sum([2.4, 2.5, 2.4, 2.4, 2.5])=12.3, ϰ=[12.0, 6.8, 7.3, 10.5, 9.4], ∫ϰ²/L>=[18.3, 16.1, 11.7, 18.8, 19.9], C-C-Sep=0.08, ║∇J║=5.7e-06
Iteration 1860/2000-----
currents: [100000.0, 99999.99999746436, 99999.99999689493, 99999.99999658295, 99999.99999736338]
J=2.3e-05, ⟨Jf⟩=1.3e-05, ⟨B·n⟩=1.0e-03, Len=sum([2.4, 2.5, 2.4, 2.4, 2.5])=12.3, ϰ=[12.0, 6.8, 7.3, 10.5, 9.4], ∫ϰ²/L>=[18.4, 16.1, 11.7, 18.8, 19.9], C-C-Sep=0.08, ║∇J║=2.1e-05
Iteration 1861/2000-----
currents: [100000.0, 99999.99999746535, 99999.99999689641, 99999.99999658545, 99999.99999736501]
J=2.3e-05, ⟨Jf⟩=1.3e-05, ⟨B·n⟩=1.0e-03, Len=sum([2.4, 2.5, 2.4, 2.4, 2.5])=12.3, ϰ=[12.0, 6.8, 7.3, 10.5, 9.4], ∫ϰ²/L>=[18.4, 16.1, 11.7, 18.8, 19.9], C-C-Sep=0.08, ║∇J║=1.1e-05
Iteration 1862/2000-----
currents: [100000.0, 99999.99999746398, 99999.99999689434, 99999.999996582, 99999.99999736276]
J=2.3e-05, ⟨Jf⟩=1.3e-05, ⟨B·n⟩=1.0e-03, Len=sum([2.4, 2.5, 2.4, 2.4, 2.5])=12.3, ϰ=[12.0, 6.8, 7.3, 10.5, 9.4], ∫ϰ²/L>=[18.4, 16.1, 11.7, 18.8, 19.9], C-C-Sep=0.08, ║∇J║=5.9e-06
Iteration 1863/2000-----
currents: [100000.0, 99999.99999746299, 99999.9999968928, 99999.99999657946, 99999.99999736108]
J=2.3e-05, ⟨Jf⟩=1.3e-05, ⟨B·n⟩=1.0e-03, Len=sum([2.4, 2.5, 2.4, 2.4, 2.5])=12.3, ϰ=[12.0, 6.8, 7.3, 10.5, 9.4], ∫ϰ²/L>=[18.4, 16.1, 11.7, 18.8, 19.9], C-C-Sep=0.08, ║∇J║=6.0e-06
Iteration 1864/2000-----
currents: [100000.0, 99999.99999746172, 99999.99999689078, 99999.99999657617, 99999.99999735891]
J=2.3e-05, ⟨Jf⟩=1.3e-05, ⟨B·n⟩=1.0e-03, Len=sum([2.4, 2.5, 2.4, 2.4, 2.5])=12.3, ϰ=[12.0, 6.8, 7.3, 10.5, 9.4], ∫ϰ²/L>=[18.4, 16.1, 11.7, 18.8, 19.9], C-C-Sep=0.08, ║∇J║=9.8e-06
Iteration 1865/2000-----
currents: [100000.0, 99999.99999746116, 99999.9999968898, 99999.99999657461, 99999.99999735788]
J=2.3e-05, ⟨Jf⟩=1.3e-05, ⟨B·n⟩=1.0e-03, Len=sum([2.4, 2.5, 2.4, 2.4, 2.5])=12.3, ϰ=[12.0, 6.8, 7.3, 10.5, 9.4], ∫ϰ²/L>=[18.4, 16.1, 11.7, 18.8, 19.9], C-C-Sep=0.08, ║∇J║=7.1e-06
Iteration 1866/2000-----
currents: [100000.0, 99999.99999746126, 99999.99999688992, 99999.99999657481, 99999.99999735801]
J=2.3e-05, ⟨Jf⟩=1.3e-05, ⟨B·n⟩=1.0e-03, Len=sum([2.4, 2.5, 2.4, 2.4, 2.5])=12.3, ϰ=[12.0, 6.8, 7.3, 10.5, 9.4], ∫ϰ²/L>=[18.4, 16.1, 11.7, 18.8, 19.9], C-C-Sep=0.08, ║∇J║=4.9e-06
Iteration 1867/2000-----
currents: [100000.0, 99999.99999746119, 99999.99999688973, 99999.99999657452, 99999.99999735781]
J=2.3e-05, ⟨Jf⟩=1.3e-05, ⟨B·n⟩=1.0e-03, Len=sum([2.4, 2.5, 2.4, 2.4, 2.5])=12.3, ϰ=[12.0, 6.8, 7.3, 10.5, 9.4], ∫ϰ²/L>=[18.4, 16.1, 11.7, 18.8, 19.9], C-C-Sep=0.08, ║∇J║=6.2e-06
Iteration 1868/2000-----
currents: [100000.0, 99999.99999746066, 99999.99999688887, 99999.99999657308, 99999.99999735686]
J=2.3e-05, ⟨Jf⟩=1.3e-05, ⟨B·n⟩=1.0e-03, Len=sum([2.4, 2.5, 2.4, 2.4, 2.5])=12.3, ϰ=[12.0, 6.8, 7.3, 10.5, 9.4], ∫ϰ²/L>=[18.4, 16.1, 11.7, 18.8, 19.9], C-C-Sep=0.08, ║∇J║=7.5e-06
Iteration 1869/2000-----
currents: [100000.0, 99999.99999745887, 99999.999996886, 99999.99999656828, 99999.9999973537]
J=2.3e-05, ⟨Jf⟩=1.3e-05, ⟨B·n⟩=1.0e-03, Len=sum([2.4, 2.5, 2.4, 2.4, 2.5])=12.3, ϰ=[12.0, 6.8, 7.3, 10.5, 9.4], ∫ϰ²/L>=[18.4, 16.1, 11.7, 18.8, 19.9], C-C-Sep=0.08, ║∇J║=1.4e-05
Iteration 1870/2000-----
currents: [100000.0, 99999.99999745801, 99999.9999968847, 99999.99999656602, 99999.99999735225]
J=2.3e-05, ⟨Jf⟩=1.3e-05, ⟨B·n⟩=1.0e-03, Len=sum([2.4, 2.5, 2.4, 2.4, 2.5])=12.3, ϰ=[12.0, 6.8, 7.3, 10.5, 9.4], ∫ϰ²/L>=[18.4, 16.1, 11.7, 18.8, 19.9], C-C-Sep=0.08, ║∇J║=5.9e-06
Iteration 1871/2000-----
currents: [100000.0, 99999.99999745763, 99999.99999688417, 99999.99999656511, 99999.99999735167]
J=2.3e-05, ⟨Jf⟩=1.3e-05, ⟨B·n⟩=1.0e-03, Len=sum([2.4, 2.5, 2.4, 2.4, 2.5])=12.3, ϰ=[12.0, 6.8, 7.3, 10.5, 9.4], ∫ϰ²/L>=[18.4, 16.1, 11.7, 18.8, 19.9], C-C-Sep=0.08, ║∇J║=5.1e-06
Iteration 1872/2000-----
currents: [100000.0, 99999.99999745672, 99999.9999968828, 99999.99999656281, 99999.99999735018]
J=2.3e-05, ⟨Jf⟩=1.3e-05, ⟨B·n⟩=1.0e-03, Len=sum([2.4, 2.5, 2.4, 2.4, 2.5])=12.3, ϰ=[12.0, 6.8, 7.3, 10.5, 9.4], ∫ϰ²/L>=[18.4, 16.1, 11.7, 18.8, 19.9], C-C-Sep=0.08, ║∇J║=6.0e-06
Iteration 1873/2000-----
currents: [100000.0, 99999.99999745579, 99999.99999688136, 99999.99999656042, 99999.99999734863]
J=2.3e-05, ⟨Jf⟩=1.3e-05, ⟨B·n⟩=1.0e-03, Len=sum([2.4, 2.5, 2.4, 2.4, 2.5])=12.3, ϰ=[12.0, 6.8, 7.3, 10.5, 9.4], ∫ϰ²/L>=[18.4, 16.1, 11.7, 18.8, 19.9], C-C-Sep=0.08, ║∇J║=6.1e-06
Iteration 1874/2000-----
currents: [100000.0, 99999.99999745414, 99999.99999687882, 99999.99999655619, 99999.99999734586]
J=2.3e-05, ⟨Jf⟩=1.3e-05, ⟨B·n⟩=1.0e-03, Len=sum([2.4, 2.5, 2.4, 2.4, 2.5])=12.3, ϰ=[12.0, 6.8, 7.3, 10.5, 9.4], ∫ϰ²/L>=[18.4, 16.1, 11.7, 18.8, 19.9], C-C-Sep=0.08, ║∇J║=1.1e-05
Iteration 1875/2000-----
currents: [100000.0, 99999.99999745293, 99999.99999687688, 99999.99999655303, 99999.9999973438]
J=2.3e-05, ⟨Jf⟩=1.3e-05, ⟨B·n⟩=1.0e-03, Len=sum([2.4, 2.5, 2.4, 2.4, 2.5])=12.3, ϰ=[12.0, 6.8, 7.3, 10.5, 9.4], ∫ϰ²/L>=[18.4, 16.1, 11.7, 18.8, 19.9], C-C-Sep=0.08, ║∇J║=7.5e-06
Iteration 1876/2000-----
currents: [100000.0, 99999.99999745307, 99999.99999687706, 99999.9999965533, 99999.99999734398]
J=2.3e-05, ⟨Jf⟩=1.3e-05, ⟨B·n⟩=1.0e-03, Len=sum([2.4, 2.5, 2.4, 2.4, 2.5])=12.3, ϰ=[12.0, 6.8, 7.3, 10.5, 9.4], ∫ϰ²/L>=[18.4, 16.1, 11.7, 18.8, 19.9], C-C-Sep=0.08, ║∇J║=4.7e-06
Iteration 1877/2000-----
currents: [100000.0, 99999.99999745301, 99999.99999687694, 99999.99999655307, 99999.99999734385]
J=2.3e-05, ⟨Jf⟩=1.3e-05, ⟨B·n⟩=1.0e-03, Len=sum([2.4, 2.5, 2.4, 2.4, 2.5])=12.3, ϰ=[12.0, 6.8, 7.3, 10.5, 9.4], ∫ϰ²/L>=[18.4, 16.1, 11.7, 18.8, 19.9], C-C-Sep=0.08, ║∇J║=4.9e-06
Iteration 1878/2000-----
currents: [100000.0, 99999.99999745241, 99999.99999687602, 99999.9999965515, 99999.99999734285]
J=2.3e-05, ⟨Jf⟩=1.3e-05, ⟨B·n⟩=1.0e-03, Len=sum([2.4, 2.5, 2.4, 2.4, 2.5])=12.3, ϰ=[12.0, 6.8, 7.3, 10.5, 9.4], ∫ϰ²/L>=[18.4, 16.1, 11.7, 18.8, 19.9], C-C-Sep=0.08, ║∇J║=6.4e-06
Iteration 1879/2000-----
currents: [100000.0, 99999.99999745084, 99999.99999687364, 99999.9999965474, 99999.99999734024]
J=2.3e-05, ⟨Jf⟩=1.3e-05, ⟨B·n⟩=1.0e-03, Len=sum([2.4, 2.5, 2.4, 2.4, 2.5])=12.3, ϰ=[12.0, 6.8, 7.3, 10.5, 9.4], ∫ϰ²/L>=[18.4, 16.1, 11.7, 18.8, 19.9], C-C-Sep=0.08, ║∇J║=8.5e-06
Iteration 1880/2000-----
currents: [100000.0, 99999.99999745004, 99999.99999687242, 99999.99999654538, 99999.99999733892]
J=2.3e-05, ⟨Jf⟩=1.3e-05, ⟨B·n⟩=1.0e-03, Len=sum([2.4, 2.5, 2.4, 2.4, 2.5])=12.3, ϰ=[12.0, 6.8, 7.3, 10.5, 9.4], ∫ϰ²/L>=[18.4, 16.1, 11.7, 18.8, 19.9], C-C-Sep=0.08, ║∇J║=5.5e-06
Iteration 1881/2000-----
currents: [100000.0, 99999.99999744944, 99999.99999687151, 99999.99999654389, 99999.99999733795]
J=2.3e-05, ⟨Jf⟩=1.3e-05, ⟨B·n⟩=1.0e-03, Len=sum([2.4, 2.5, 2.4, 2.4, 2.5])=12.3, ϰ=[12.0, 6.8, 7.3, 10.5, 9.4], ∫ϰ²/L>=[18.4, 16.1, 11.7, 18.8, 19.9], C-C-Sep=0.08, ║∇J║=5.6e-06
Iteration 1882/2000-----
currents: [100000.0, 99999.99999744863, 99999.99999687028, 99999.99999654184, 99999.99999733662]
J=2.3e-05, ⟨Jf⟩=1.3e-05, ⟨B·n⟩=1.0e-03, Len=sum([2.4, 2.5, 2.4, 2.4, 2.5])=12.3, ϰ=[12.0, 6.8, 7.3, 10.5, 9.4], ∫ϰ²/L>=[18.4, 16.1, 11.7, 18.8, 19.9], C-C-Sep=0.08, ║∇J║=7.5e-06
Iteration 1883/2000-----
currents: [100000.0, 99999.99999744784, 99999.99999686905, 99999.99999653983, 99999.99999733531]
J=2.3e-05, ⟨Jf⟩=1.3e-05, ⟨B·n⟩=1.0e-03, Len=sum([2.4, 2.5, 2.4, 2.4, 2.5])=12.3, ϰ=[12.0, 6.8, 7.3, 10.5, 9.4], ∫ϰ²/L>=[18.4, 16.1, 11.7, 18.8, 19.9], C-C-Sep=0.08, ║∇J║=6.3e-06
Iteration 1884/2000-----
currents: [100000.0, 99999.99999744775, 99999.99999686892, 99999.99999653958, 99999.99999733518]
J=2.3e-05, ⟨Jf⟩=1.3e-05, ⟨B·n⟩=1.0e-03, Len=sum([2.4, 2.5, 2.4, 2.4, 2.5])=12.3, ϰ=[12.0, 6.8, 7.3, 10.5, 9.4], ∫ϰ²/L>=[18.4, 16.1, 11.7, 18.8, 19.9], C-C-Sep=0.08, ║∇J║=4.6e-06
Iteration 1885/2000-----
currents: [100000.0, 99999.99999744739, 99999.99999686836, 99999.99999653858, 99999.99999733458]
J=2.3e-05, ⟨Jf⟩=1.3e-05, ⟨B·n⟩=1.0e-03, Len=sum([2.4, 2.5, 2.4, 2.4, 2.5])=12.3, ϰ=[12.0, 6.8, 7.3, 10.5, 9.4], ∫ϰ²/L>=[18.4, 16.1, 11.7, 18.8, 19.9], C-C-Sep=0.08, ║∇J║=5.5e-06
Iteration 1886/2000-----
currents: [100000.0, 99999.99999744685, 99999.99999686753, 99999.99999653715, 99999.99999733371]
J=2.3e-05, ⟨Jf⟩=1.3e-05, ⟨B·n⟩=1.0e-03, Len=sum([2.4, 2.5, 2.4, 2.4, 2.5])=12.3, ϰ=[12.0, 6.8, 7.3, 10.5, 9.4], ∫ϰ²/L>=[18.4, 16.1, 11.7, 18.8, 19.9], C-C-Sep=0.08, ║∇J║=8.7e-06
Iteration 1887/2000-----
currents: [100000.0, 99999.99999744642, 99999.99999686687, 99999.999996536, 99999.999997333]
J=2.3e-05, ⟨Jf⟩=1.3e-05, ⟨B·n⟩=1.0e-03, Len=sum([2.4, 2.5, 2.4, 2.4, 2.5])=12.3, ϰ=[12.0, 6.8, 7.3, 10.5, 9.4], ∫ϰ²/L>=[18.4, 16.1, 11.7, 18.8, 19.9], C-C-Sep=0.08, ║∇J║=5.8e-06
Iteration 1888/2000-----
currents: [100000.0, 99999.9999974451, 99999.99999686485, 99999.99999653256, 99999.9999973308]
J=2.3e-05, ⟨Jf⟩=1.3e-05, ⟨B·n⟩=1.0e-03, Len=sum([2.4, 2.5, 2.4, 2.4, 2.5])=12.3, ϰ=[12.0, 6.8, 7.3, 10.5, 9.4], ∫ϰ²/L>=[18.4, 16.1, 11.7, 18.8, 19.9], C-C-Sep=0.08, ║∇J║=5.4e-06
Iteration 1889/2000-----
currents: [100000.0, 99999.99999744447, 99999.99999686384, 99999.99999653085, 99999.99999732972]
J=2.3e-05, ⟨Jf⟩=1.3e-05, ⟨B·n⟩=1.0e-03, Len=sum([2.4, 2.5, 2.4, 2.4, 2.5])=12.3, ϰ=[12.0, 6.8, 7.3, 10.5, 9.4], ∫ϰ²/L>=[18.4, 16.1, 11.7, 18.8, 19.9], C-C-Sep=0.08, ║∇J║=7.4e-06
Iteration 1890/2000-----
currents: [100000.0, 99999.99999744399, 99999.99999686306, 99999.99999652954, 99999.99999732888]
J=2.3e-05, ⟨Jf⟩=1.3e-05, ⟨B·n⟩=1.0e-03, Len=sum([2.4, 2.5, 2.4, 2.4, 2.5])=12.3, ϰ=[12.0, 6.8, 7.3, 10.5, 9.4], ∫ϰ²/L>=[18.4, 16.1, 11.7, 18.8, 19.9], C-C-Sep=0.08, ║∇J║=5.8e-06
Iteration 1891/2000-----
currents: [100000.0, 99999.9999974431, 99999.99999686157, 99999.99999652705, 99999.9999973273]
J=2.3e-05, ⟨Jf⟩=1.3e-05, ⟨B·n⟩=1.0e-03, Len=sum([2.4, 2.5, 2.4, 2.4, 2.5])=12.3, ϰ=[12.0, 6.8, 7.3, 10.5, 9.4], ∫ϰ²/L>=[18.4, 16.1, 11.7, 18.8, 19.9], C-C-Sep=0.08, ║∇J║=4.4e-06
Iteration 1892/2000-----
currents: [100000.0, 99999.99999744256, 99999.9999968607, 99999.99999652554, 99999.99999732636]
J=2.3e-05, ⟨Jf⟩=1.3e-05, ⟨B·n⟩=1.0e-03, Len=sum([2.4, 2.5, 2.4, 2.4, 2.5])=12.3, ϰ=[12.0, 6.8, 7.3, 10.5, 9.4], ∫ϰ²/L>=[18.4, 16.1, 11.7, 18.8, 19.9], C-C-Sep=0.08, ║∇J║=6.6e-06
Iteration 1893/2000-----
currents: [100000.0, 99999.99999744164, 99999.99999685925, 99999.99999652302, 99999.9999973248]
J=2.3e-05, ⟨Jf⟩=1.3e-05, ⟨B·n⟩=1.0e-03, Len=sum([2.4, 2.5, 2.4, 2.4, 2.5])=12.3, ϰ=[12.0, 6.8, 7.3, 10.5, 9.4], ∫ϰ²/L>=[18.4, 16.1, 11.7, 18.8, 19.9], C-C-Sep=0.08, ║∇J║=7.4e-06
Iteration 1894/2000-----
currents: [100000.0, 99999.99999744115, 99999.9999968585, 99999.99999652173, 99999.99999732402]
J=2.3e-05, ⟨Jf⟩=1.3e-05, ⟨B·n⟩=1.0e-03, Len=sum([2.4, 2.5, 2.4, 2.4, 2.5])=12.3, ϰ=[12.0, 6.8, 7.3, 10.5, 9.4], ∫ϰ²/L>=[18.4, 16.1, 11.7, 18.8, 19.9], C-C-Sep=0.08, ║∇J║=5.6e-06
Iteration 1895/2000-----
currents: [100000.0, 99999.9999974402, 99999.99999685706, 99999.99999651928, 99999.99999732252]
J=2.3e-05, ⟨Jf⟩=1.3e-05, ⟨B·n⟩=1.0e-03, Len=sum([2.4, 2.5, 2.4, 2.4, 2.5])=12.3, ϰ=[12.0, 6.8, 7.3, 10.5, 9.4], ∫ϰ²/L>=[18.4, 16.1, 11.7, 18.8, 19.9], C-C-Sep=0.08, ║∇J║=5.6e-06
Iteration 1896/2000-----
currents: [100000.0, 99999.99999743934, 99999.99999685574, 99999.99999651703, 99999.99999732112]
J=2.3e-05, ⟨Jf⟩=1.3e-05, ⟨B·n⟩=1.0e-03, Len=sum([2.4, 2.5, 2.4, 2.4, 2.5])=12.3, ϰ=[12.0, 6.8, 7.3, 10.5, 9.4], ∫ϰ²/L>=[18.4, 16.1, 11.7, 18.8, 19.9], C-C-Sep=0.08, ║∇J║=1.0e-05
Iteration 1897/2000-----
currents: [100000.0, 99999.99999743886, 99999.99999685492, 99999.99999651572, 99999.99999732028]
J=2.3e-05, ⟨Jf⟩=1.3e-05, ⟨B·n⟩=1.0e-03, Len=sum([2.4, 2.5, 2.4, 2.4, 2.5])=12.3, ϰ=[12.0, 6.8, 7.3, 10.5, 9.4], ∫ϰ²/L>=[18.4, 16.1, 11.7, 18.8, 19.9], C-C-Sep=0.08, ║∇J║=6.0e-06
Iteration 1898/2000-----
currents: [100000.0, 99999.99999743809, 99999.99999685358, 99999.99999651355, 99999.9999973189]
J=2.3e-05, ⟨Jf⟩=1.3e-05, ⟨B·n⟩=1.0e-03, Len=sum([2.4, 2.5, 2.4, 2.4, 2.5])=12.3, ϰ=[12.0, 6.8, 7.3, 10.5, 9.4], ∫ϰ²/L>=[18.4, 16.1, 11.7, 18.8, 19.9], C-C-Sep=0.08, ║∇J║=5.2e-06
Iteration 1899/2000-----
currents: [100000.0, 99999.9999974374, 99999.9999968524, 99999.99999651159, 99999.99999731766]
J=2.3e-05, ⟨Jf⟩=1.3e-05, ⟨B·n⟩=1.0e-03, Len=sum([2.4, 2.5, 2.4, 2.4, 2.5])=12.3, ϰ=[12.0, 6.8, 7.3, 10.5, 9.4], ∫ϰ²/L>=[18.4, 16.1, 11.7, 18.8, 19.9], C-C-Sep=0.08, ║∇J║=6.1e-06
Iteration 1900/2000-----
currents: [100000.0, 99999.99999743624, 99999.9999968505, 99999.99999650838, 99999.99999731565]
J=2.3e-05, ⟨Jf⟩=1.3e-05, ⟨B·n⟩=1.0e-03, Len=sum([2.4, 2.5, 2.4, 2.4, 2.5])=12.3, ϰ=[12.0, 6.8, 7.3, 10.5, 9.4], ∫ϰ²/L>=[18.4, 16.1, 11.7, 18.8, 19.9], C-C-Sep=0.08, ║∇J║=8.5e-06
Iteration 1901/2000-----
currents: [100000.0, 99999.99999743482, 99999.99999684822, 99999.99999650448, 99999.99999731322]
J=2.3e-05, ⟨Jf⟩=1.3e-05, ⟨B·n⟩=1.0e-03, Len=sum([2.4, 2.5, 2.4, 2.4, 2.5])=12.3, ϰ=[12.0, 6.8, 7.3, 10.5, 9.4], ∫ϰ²/L>=[18.4, 16.1, 11.7, 18.8, 19.9], C-C-Sep=0.08, ║∇J║=9.7e-06
Iteration 1902/2000-----
currents: [100000.0, 99999.99999743506, 99999.99999684864, 99999.9999965052, 99999.99999731367]
J=2.3e-05, ⟨Jf⟩=1.3e-05, ⟨B·n⟩=1.0e-03, Len=sum([2.4, 2.5, 2.4, 2.4, 2.5])=12.3, ϰ=[12.0, 6.8, 7.3, 10.5, 9.4], ∫ϰ²/L>=[18.4, 16.1, 11.7, 18.8, 19.9], C-C-Sep=0.08, ║∇J║=4.7e-06
Iteration 1903/2000-----
currents: [100000.0, 99999.999997435, 99999.9999968486, 99999.99999650512, 99999.99999731361]
J=2.3e-05, ⟨Jf⟩=1.3e-05, ⟨B·n⟩=1.0e-03, Len=sum([2.4, 2.5, 2.4, 2.4, 2.5])=12.3, ϰ=[12.0, 6.8, 7.3, 10.5, 9.4], ∫ϰ²/L>=[18.4, 16.1, 11.7, 18.8, 19.9], C-C-Sep=0.08, ║∇J║=5.1e-06
Iteration 1904/2000-----
currents: [100000.0, 99999.99999743458, 99999.99999684795, 99999.99999650405, 99999.99999731293]
J=2.3e-05, ⟨Jf⟩=1.3e-05, ⟨B·n⟩=1.0e-03, Len=sum([2.4, 2.5, 2.4, 2.4, 2.5])=12.3, ϰ=[12.0, 6.8, 7.3, 10.5, 9.4], ∫ϰ²/L>=[18.4, 16.1, 11.7, 18.8, 19.9], C-C-Sep=0.08, ║∇J║=6.3e-06
Iteration 1905/2000-----
currents: [100000.0, 99999.99999743352, 99999.99999684628, 99999.99999650122, 99999.99999731116]
J=2.3e-05, ⟨Jf⟩=1.3e-05, ⟨B·n⟩=1.0e-03, Len=sum([2.4, 2.5, 2.4, 2.4, 2.5])=12.3, ϰ=[12.0, 6.8, 7.3, 10.5, 9.4], ∫ϰ²/L>=[18.4, 16.1, 11.7, 18.8, 19.9], C-C-Sep=0.08, ║∇J║=7.3e-06
Iteration 1906/2000-----
currents: [100000.0, 99999.99999743128, 99999.9999968427, 99999.99999649526, 99999.99999730737]
J=2.3e-05, ⟨Jf⟩=1.3e-05, ⟨B·n⟩=1.0e-03, Len=sum([2.4, 2.5, 2.4, 2.4, 2.5])=12.3, ϰ=[12.0, 6.8, 7.3, 10.5, 9.4], ∫ϰ²/L>=[18.4, 16.1, 11.7, 18.8, 19.9], C-C-Sep=0.08, ║∇J║=1.9e-05
Iteration 1907/2000-----
currents: [100000.0, 99999.99999743266, 99999.99999684491, 99999.99999649894, 99999.9999973097]
J=2.3e-05, ⟨Jf⟩=1.3e-05, ⟨B·n⟩=1.0e-03, Len=sum([2.4, 2.5, 2.4, 2.4, 2.5])=12.3, ϰ=[12.0, 6.8, 7.3, 10.5, 9.4], ∫ϰ²/L>=[18.4, 16.1, 11.7, 18.8, 19.9], C-C-Sep=0.08, ║∇J║=7.6e-06
Iteration 1908/2000-----
currents: [100000.0, 99999.99999743239, 99999.9999968445, 99999.99999649815, 99999.99999730928]
J=2.3e-05, ⟨Jf⟩=1.3e-05, ⟨B·n⟩=1.0e-03, Len=sum([2.4, 2.5, 2.4, 2.4, 2.5])=12.3, ϰ=[12.0, 6.8, 7.3, 10.5, 9.4], ∫ϰ²/L>=[18.4, 16.1, 11.7, 18.8, 19.9], C-C-Sep=0.08, ║∇J║=4.6e-06
Iteration 1909/2000-----
currents: [100000.0, 99999.99999743258, 99999.9999968449, 99999.9999964986, 99999.9999973097]
J=2.3e-05, ⟨Jf⟩=1.3e-05, ⟨B·n⟩=1.0e-03, Len=sum([2.4, 2.5, 2.4, 2.4, 2.5])=12.3, ϰ=[12.0, 6.8, 7.3, 10.5, 9.4], ∫ϰ²/L>=[18.4, 16.1, 11.7, 18.8, 19.9], C-C-Sep=0.08, ║∇J║=5.0e-06
Iteration 1910/2000-----
currents: [100000.0, 99999.99999743045, 99999.9999968414, 99999.999996493, 99999.999997306]
J=2.3e-05, ⟨Jf⟩=1.3e-05, ⟨B·n⟩=1.0e-03, Len=sum([2.4, 2.5, 2.4, 2.4, 2.5])=12.3, ϰ=[12.0, 6.8, 7.3, 10.5, 9.4], ∫ϰ²/L>=[18.4, 16.1, 11.7, 18.8, 19.9], C-C-Sep=0.08, ║∇J║=7.8e-06
Iteration 1911/2000-----
currents: [100000.0, 99999.9999974317, 99999.99999684368, 99999.99999649635, 99999.99999730842]
J=2.3e-05, ⟨Jf⟩=1.3e-05, ⟨B·n⟩=1.0e-03, Len=sum([2.4, 2.5, 2.4, 2.4, 2.5])=12.3, ϰ=[12.0, 6.8, 7.3, 10.5, 9.4], ∫ϰ²/L>=[18.4, 16.1, 11.7, 18.8, 19.9], C-C-Sep=0.08, ║∇J║=7.3e-06
Iteration 1912/2000-----
currents: [100000.0, 99999.99999742977, 99999.99999684052, 99999.99999649133, 99999.99999730509]
J=2.3e-05, ⟨Jf⟩=1.3e-05, ⟨B·n⟩=1.0e-03, Len=sum([2.4, 2.5, 2.4, 2.4, 2.5])=12.3, ϰ=[12.0, 6.8, 7.3, 10.5, 9.4], ∫ϰ²/L>=[18.4, 16.1, 11.7, 18.8, 19.9], C-C-Sep=0.08, ║∇J║=1.2e-05
Iteration 1913/2000-----
currents: [100000.0, 99999.99999742987, 99999.99999684081, 99999.9999964917, 99999.99999730541]
J=2.3e-05, ⟨Jf⟩=1.3e-05, ⟨B·n⟩=1.0e-03, Len=sum([2.4, 2.5, 2.4, 2.4, 2.5])=12.3, ϰ=[12.0, 6.8, 7.3, 10.5, 9.4], ∫ϰ²/L>=[18.4, 16.1, 11.7, 18.8, 19.9], C-C-Sep=0.08, ║∇J║=5.9e-06
Iteration 1914/2000-----
currents: [100000.0, 99999.99999742855, 99999.99999683868, 99999.99999648826, 99999.99999730315]
J=2.3e-05, ⟨Jf⟩=1.3e-05, ⟨B·n⟩=1.0e-03, Len=sum([2.4, 2.5, 2.4, 2.4, 2.5])=12.3, ϰ=[12.0, 6.8, 7.3, 10.5, 9.4], ∫ϰ²/L>=[18.4, 16.1, 11.7, 18.8, 19.9], C-C-Sep=0.08, ║∇J║=5.7e-06
Iteration 1915/2000-----
currents: [100000.0, 99999.99999742789, 99999.99999683768, 99999.99999648654, 99999.9999973021]
J=2.3e-05, ⟨Jf⟩=1.3e-05, ⟨B·n⟩=1.0e-03, Len=sum([2.4, 2.5, 2.4, 2.4, 2.5])=12.3, ϰ=[12.0, 6.8, 7.3, 10.5, 9.4], ∫ϰ²/L>=[18.4, 16.1, 11.7, 18.8, 19.9], C-C-Sep=0.08, ║∇J║=7.5e-06
Iteration 1916/2000-----
currents: [100000.0, 99999.99999742662, 99999.99999683569, 99999.99999648318, 99999.99999730002]
J=2.3e-05, ⟨Jf⟩=1.3e-05, ⟨B·n⟩=1.0e-03, Len=sum([2.4, 2.5, 2.4, 2.4, 2.5])=12.3, ϰ=[12.0, 6.8, 7.3, 10.5, 9.4], ∫ϰ²/L>=[18.4, 16.1, 11.7, 18.8, 19.9], C-C-Sep=0.08, ║∇J║=6.9e-06
Iteration 1917/2000-----
currents: [100000.0, 99999.99999742558, 99999.99999683409, 99999.99999648037, 99999.99999729838]
J=2.3e-05, ⟨Jf⟩=1.3e-05, ⟨B·n⟩=1.0e-03, Len=sum([2.4, 2.5, 2.4, 2.4, 2.5])=12.3, ϰ=[12.0, 6.8, 7.3, 10.5, 9.4], ∫ϰ²/L>=[18.4, 16.1, 11.7, 18.8, 19.9], C-C-Sep=0.08, ║∇J║=8.7e-06
Iteration 1918/2000-----
currents: [100000.0, 99999.99999742467, 99999.99999683272, 99999.99999647796, 99999.99999729697]
J=2.3e-05, ⟨Jf⟩=1.3e-05, ⟨B·n⟩=1.0e-03, Len=sum([2.4, 2.5, 2.4, 2.4, 2.5])=12.3, ϰ=[12.0, 6.8, 7.3, 10.5, 9.4], ∫ϰ²/L>=[18.4, 16.1, 11.7, 18.8, 19.9], C-C-Sep=0.08, ║∇J║=8.2e-06
Iteration 1919/2000-----
currents: [100000.0, 99999.99999742478, 99999.9999968329, 99999.99999647825, 99999.99999729716]
J=2.3e-05, ⟨Jf⟩=1.3e-05, ⟨B·n⟩=1.0e-03, Len=sum([2.4, 2.5, 2.4, 2.4, 2.5])=12.3, ϰ=[12.0, 6.8, 7.3, 10.5, 9.4], ∫ϰ²/L>=[18.4, 16.1, 11.7, 18.8, 19.9], C-C-Sep=0.08, ║∇J║=5.5e-06
Iteration 1920/2000-----
currents: [100000.0, 99999.99999742476, 99999.99999683296, 99999.9999964783, 99999.9999972972]
J=2.3e-05, ⟨Jf⟩=1.3e-05, ⟨B·n⟩=1.0e-03, Len=sum([2.4, 2.5, 2.4, 2.4, 2.5])=12.3, ϰ=[12.0, 6.8, 7.3, 10.5, 9.4], ∫ϰ²/L>=[18.4, 16.1, 11.7, 18.8, 19.9], C-C-Sep=0.08, ║∇J║=4.9e-06
Iteration 1921/2000-----
currents: [100000.0, 99999.99999742438, 99999.99999683246, 99999.99999647737, 99999.99999729665]
J=2.3e-05, ⟨Jf⟩=1.3e-05, ⟨B·n⟩=1.0e-03, Len=sum([2.4, 2.5, 2.4, 2.4, 2.5])=12.3, ϰ=[12.0, 6.8, 7.3, 10.5, 9.4], ∫ϰ²/L>=[18.4, 16.1, 11.7, 18.8, 19.9], C-C-Sep=0.08, ║∇J║=5.7e-06
Iteration 1922/2000-----
currents: [100000.0, 99999.99999742347, 99999.99999683119, 99999.99999647506, 99999.99999729528]
J=2.3e-05, ⟨Jf⟩=1.3e-05, ⟨B·n⟩=1.0e-03, Len=sum([2.4, 2.5, 2.4, 2.4, 2.5])=12.3, ϰ=[12.0, 6.8, 7.3, 10.5, 9.4], ∫ϰ²/L>=[18.4, 16.1, 11.7, 18.8, 19.9], C-C-Sep=0.08, ║∇J║=8.5e-06
Iteration 1923/2000-----
currents: [100000.0, 99999.9999974231, 99999.99999683064, 99999.99999647407, 99999.9999972947]
J=2.3e-05, ⟨Jf⟩=1.3e-05, ⟨B·n⟩=1.0e-03, Len=sum([2.4, 2.5, 2.4, 2.4, 2.5])=12.3, ϰ=[12.0, 6.8, 7.3, 10.5, 9.4], ∫ϰ²/L>=[18.4, 16.1, 11.7, 18.8, 19.9], C-C-Sep=0.08, ║∇J║=5.2e-06
Iteration 1924/2000-----
currents: [100000.0, 99999.99999742286, 99999.99999683026, 99999.99999647337, 99999.9999972943]
J=2.3e-05, ⟨Jf⟩=1.3e-05, ⟨B·n⟩=1.0e-03, Len=sum([2.4, 2.5, 2.4, 2.4, 2.5])=12.3, ϰ=[12.0, 6.8, 7.3, 10.5, 9.4], ∫ϰ²/L>=[18.4, 16.1, 11.7, 18.8, 19.9], C-C-Sep=0.08, ║∇J║=5.0e-06
Iteration 1925/2000-----
currents: [100000.0, 99999.99999742261, 99999.99999682991, 99999.99999647269, 99999.99999729391]
J=2.3e-05, ⟨Jf⟩=1.3e-05, ⟨B·n⟩=1.0e-03, Len=sum([2.4, 2.5, 2.4, 2.4, 2.5])=12.3, ϰ=[12.0, 6.8, 7.3, 10.5, 9.4], ∫ϰ²/L>=[18.4, 16.1, 11.7, 18.8, 19.9], C-C-Sep=0.08, ║∇J║=5.2e-06
Iteration 1926/2000-----
currents: [100000.0, 99999.99999742195, 99999.99999682898, 99999.99999647096, 99999.99999729286]
J=2.3e-05, ⟨Jf⟩=1.3e-05, ⟨B·n⟩=1.0e-03, Len=sum([2.4, 2.5, 2.4, 2.4, 2.5])=12.3, ϰ=[12.0, 6.8, 7.3, 10.5, 9.4], ∫ϰ²/L>=[18.4, 16.1, 11.7, 18.8, 19.9], C-C-Sep=0.08, ║∇J║=7.0e-06
Iteration 1927/2000-----
currents: [100000.0, 99999.99999742105, 99999.99999682773, 99999.99999646864, 99999.99999729144]
J=2.3e-05, ⟨Jf⟩=1.3e-05, ⟨B·n⟩=1.0e-03, Len=sum([2.4, 2.5, 2.4, 2.4, 2.5])=12.3, ϰ=[12.0, 6.8, 7.3, 10.5, 9.4], ∫ϰ²/L>=[18.4, 16.1, 11.7, 18.8, 19.9], C-C-Sep=0.08, ║∇J║=7.9e-06
Iteration 1928/2000-----
currents: [100000.0, 99999.99999742053, 99999.99999682697, 99999.9999964673, 99999.99999729058]
J=2.3e-05, ⟨Jf⟩=1.3e-05, ⟨B·n⟩=1.0e-03, Len=sum([2.4, 2.5, 2.4, 2.4, 2.5])=12.3, ϰ=[12.0, 6.8, 7.3, 10.5, 9.4], ∫ϰ²/L>=[18.4, 16.1, 11.7, 18.8, 19.9], C-C-Sep=0.08, ║∇J║=5.8e-06
Iteration 1929/2000-----
currents: [100000.0, 99999.99999741968, 99999.99999682573, 99999.99999646515, 99999.9999972892]
J=2.3e-05, ⟨Jf⟩=1.3e-05, ⟨B·n⟩=1.0e-03, Len=sum([2.4, 2.5, 2.4, 2.4, 2.5])=12.3, ϰ=[12.0, 6.8, 7.3, 10.5, 9.4], ∫ϰ²/L>=[18.4, 16.1, 11.7, 18.8, 19.9], C-C-Sep=0.08, ║∇J║=6.3e-06
Iteration 1930/2000-----
currents: [100000.0, 99999.99999741896, 99999.9999968247, 99999.99999646329, 99999.99999728803]
J=2.3e-05, ⟨Jf⟩=1.3e-05, ⟨B·n⟩=1.0e-03, Len=sum([2.4, 2.5, 2.4, 2.4, 2.5])=12.3, ϰ=[12.0, 6.8, 7.3, 10.5, 9.4], ∫ϰ²/L>=[18.4, 16.1, 11.7, 18.8, 19.9], C-C-Sep=0.08, ║∇J║=7.2e-06
Iteration 1931/2000-----
currents: [100000.0, 99999.99999741759, 99999.99999682269, 99999.99999645972, 99999.99999728582]
J=2.3e-05, ⟨Jf⟩=1.3e-05, ⟨B·n⟩=1.0e-03, Len=sum([2.4, 2.5, 2.4, 2.4, 2.5])=12.3, ϰ=[12.0, 6.8, 7.3, 10.5, 9.4], ∫ϰ²/L>=[18.4, 16.1, 11.7, 18.8, 19.9], C-C-Sep=0.08, ║∇J║=6.7e-06
Iteration 1932/2000-----
currents: [100000.0, 99999.99999741657, 99999.99999682124, 99999.99999645707, 99999.99999728419]
J=2.3e-05, ⟨Jf⟩=1.3e-05, ⟨B·n⟩=1.0e-03, Len=sum([2.4, 2.5, 2.4, 2.4, 2.5])=12.3, ϰ=[12.0, 6.8, 7.3, 10.5, 9.4], ∫ϰ²/L>=[18.4, 16.1, 11.7, 18.8, 19.9], C-C-Sep=0.08, ║∇J║=7.8e-06
Iteration 1933/2000-----
currents: [100000.0, 99999.99999741558, 99999.99999681985, 99999.99999645448, 99999.99999728263]
J=2.3e-05, ⟨Jf⟩=1.3e-05, ⟨B·n⟩=1.0e-03, Len=sum([2.4, 2.5, 2.4, 2.4, 2.5])=12.3, ϰ=[12.0, 6.8, 7.3, 10.5, 9.4], ∫ϰ²/L>=[18.4, 16.1, 11.7, 18.8, 19.9], C-C-Sep=0.08, ║∇J║=7.5e-06
Iteration 1934/2000-----
currents: [100000.0, 99999.99999741514, 99999.99999681923, 99999.99999645335, 99999.99999728192]
J=2.3e-05, ⟨Jf⟩=1.3e-05, ⟨B·n⟩=1.0e-03, Len=sum([2.4, 2.5, 2.4, 2.4, 2.5])=12.3, ϰ=[12.0, 6.8, 7.3, 10.5, 9.4], ∫ϰ²/L>=[18.4, 16.1, 11.7, 18.8, 19.9], C-C-Sep=0.08, ║∇J║=6.0e-06
Iteration 1935/2000-----
currents: [100000.0, 99999.9999974146, 99999.99999681849, 99999.99999645201, 99999.99999728105]
J=2.3e-05, ⟨Jf⟩=1.3e-05, ⟨B·n⟩=1.0e-03, Len=sum([2.4, 2.5, 2.4, 2.4, 2.5])=12.3, ϰ=[12.0, 6.8, 7.3, 10.5, 9.4], ∫ϰ²/L>=[18.4, 16.1, 11.7, 18.8, 19.9], C-C-Sep=0.08, ║∇J║=6.2e-06
Iteration 1936/2000-----
currents: [100000.0, 99999.99999741378, 99999.9999968173, 99999.9999964499, 99999.99999727966]
J=2.3e-05, ⟨Jf⟩=1.3e-05, ⟨B·n⟩=1.0e-03, Len=sum([2.4, 2.5, 2.4, 2.4, 2.5])=12.3, ϰ=[12.0, 6.8, 7.3, 10.5, 9.4], ∫ϰ²/L>=[18.4, 16.1, 11.7, 18.8, 19.9], C-C-Sep=0.08, ║∇J║=8.6e-06
Iteration 1937/2000-----
currents: [100000.0, 99999.99999741324, 99999.9999968165, 99999.9999964485, 99999.99999727876]
J=2.3e-05, ⟨Jf⟩=1.3e-05, ⟨B·n⟩=1.0e-03, Len=sum([2.4, 2.5, 2.4, 2.4, 2.5])=12.3, ϰ=[12.0, 6.8, 7.3, 10.5, 9.4], ∫ϰ²/L>=[18.4, 16.1, 11.7, 18.8, 19.9], C-C-Sep=0.08, ║∇J║=6.0e-06
Iteration 1938/2000-----
currents: [100000.0, 99999.99999741204, 99999.99999681472, 99999.99999644536, 99999.99999727674]
J=2.3e-05, ⟨Jf⟩=1.3e-05, ⟨B·n⟩=1.0e-03, Len=sum([2.4, 2.5, 2.4, 2.4, 2.5])=12.3, ϰ=[12.0, 6.8, 7.3, 10.5, 9.4], ∫ϰ²/L>=[18.4, 16.1, 11.7, 18.8, 19.9], C-C-Sep=0.08, ║∇J║=6.0e-06
Iteration 1939/2000-----
currents: [100000.0, 99999.99999741119, 99999.99999681344, 99999.99999644308, 99999.99999727528]
J=2.3e-05, ⟨Jf⟩=1.3e-05, ⟨B·n⟩=1.0e-03, Len=sum([2.4, 2.5, 2.4, 2.4, 2.5])=12.3, ϰ=[12.0, 6.8, 7.3, 10.5, 9.4], ∫ϰ²/L>=[18.4, 16.1, 11.7, 18.8, 19.9], C-C-Sep=0.08, ║∇J║=6.1e-06
Iteration 1940/2000-----
currents: [100000.0, 99999.99999741008, 99999.99999681186, 99999.99999644015, 99999.99999727345]
J=2.3e-05, ⟨Jf⟩=1.3e-05, ⟨B·n⟩=1.0e-03, Len=sum([2.4, 2.5, 2.4, 2.4, 2.5])=12.3, ϰ=[12.0, 6.8, 7.3, 10.5, 9.4], ∫ϰ²/L>=[18.4, 16.1, 11.7, 18.8, 19.9], C-C-Sep=0.08, ║∇J║=9.2e-06
Iteration 1941/2000-----
currents: [100000.0, 99999.99999740916, 99999.99999681053, 99999.99999643768, 99999.99999727187]
J=2.3e-05, ⟨Jf⟩=1.3e-05, ⟨B·n⟩=1.0e-03, Len=sum([2.4, 2.5, 2.4, 2.4, 2.5])=12.3, ϰ=[12.0, 6.8, 7.3, 10.5, 9.4], ∫ϰ²/L>=[18.4, 16.1, 11.7, 18.8, 19.9], C-C-Sep=0.08, ║∇J║=6.4e-06
Iteration 1942/2000-----
currents: [100000.0, 99999.99999740948, 99999.99999681102, 99999.99999643852, 99999.9999972724]
J=2.3e-05, ⟨Jf⟩=1.3e-05, ⟨B·n⟩=1.0e-03, Len=sum([2.4, 2.5, 2.4, 2.4, 2.5])=12.3, ϰ=[12.0, 6.8, 7.3, 10.5, 9.4], ∫ϰ²/L>=[18.4, 16.1, 11.7, 18.8, 19.9], C-C-Sep=0.08, ║∇J║=4.1e-06
Iteration 1943/2000-----
currents: [100000.0, 99999.99999740972, 99999.99999681143, 99999.99999643915, 99999.9999972728]
J=2.3e-05, ⟨Jf⟩=1.3e-05, ⟨B·n⟩=1.0e-03, Len=sum([2.4, 2.5, 2.4, 2.4, 2.5])=12.3, ϰ=[12.0, 6.8, 7.3, 10.5, 9.4], ∫ϰ²/L>=[18.4, 16.1, 11.7, 18.8, 19.9], C-C-Sep=0.08, ║∇J║=5.0e-06
Iteration 1944/2000-----
currents: [100000.0, 99999.99999740942, 99999.99999681106, 99999.99999643838, 99999.9999972723]
J=2.3e-05, ⟨Jf⟩=1.3e-05, ⟨B·n⟩=1.0e-03, Len=sum([2.4, 2.5, 2.4, 2.4, 2.5])=12.3, ϰ=[12.0, 6.8, 7.3, 10.5, 9.4], ∫ϰ²/L>=[18.4, 16.1, 11.7, 18.8, 19.9], C-C-Sep=0.08, ║∇J║=6.0e-06
Iteration 1945/2000-----
currents: [100000.0, 99999.99999740798, 99999.99999680906, 99999.99999643462, 99999.99999726987]
J=2.3e-05, ⟨Jf⟩=1.3e-05, ⟨B·n⟩=1.0e-03, Len=sum([2.4, 2.5, 2.4, 2.4, 2.5])=12.3, ϰ=[12.0, 6.8, 7.3, 10.5, 9.4], ∫ϰ²/L>=[18.4, 16.1, 11.7, 18.8, 19.9], C-C-Sep=0.08, ║∇J║=1.8e-05
Iteration 1946/2000-----
currents: [100000.0, 99999.99999740876, 99999.99999681012, 99999.99999643661, 99999.99999727117]
J=2.3e-05, ⟨Jf⟩=1.3e-05, ⟨B·n⟩=1.0e-03, Len=sum([2.4, 2.5, 2.4, 2.4, 2.5])=12.3, ϰ=[12.0, 6.8, 7.3, 10.5, 9.4], ∫ϰ²/L>=[18.4, 16.1, 11.7, 18.8, 19.9], C-C-Sep=0.08, ║∇J║=8.8e-06
Iteration 1947/2000-----
currents: [100000.0, 99999.99999740781, 99999.99999680875, 99999.9999964341, 99999.99999726954]
J=2.3e-05, ⟨Jf⟩=1.3e-05, ⟨B·n⟩=1.0e-03, Len=sum([2.4, 2.5, 2.4, 2.4, 2.5])=12.3, ϰ=[12.0, 6.8, 7.3, 10.5, 9.4], ∫ϰ²/L>=[18.4, 16.1, 11.7, 18.8, 19.9], C-C-Sep=0.08, ║∇J║=4.5e-06
Iteration 1948/2000-----
currents: [100000.0, 99999.99999740697, 99999.99999680748, 99999.99999643186, 99999.99999726808]
J=2.3e-05, ⟨Jf⟩=1.3e-05, ⟨B·n⟩=1.0e-03, Len=sum([2.4, 2.5, 2.4, 2.4, 2.5])=12.3, ϰ=[12.0, 6.8, 7.3, 10.5, 9.4], ∫ϰ²/L>=[18.4, 16.1, 11.7, 18.8, 19.9], C-C-Sep=0.08, ║∇J║=4.3e-06
Iteration 1949/2000-----
currents: [100000.0, 99999.99999740586, 99999.9999968058, 99999.99999642893, 99999.99999726616]
J=2.3e-05, ⟨Jf⟩=1.3e-05, ⟨B·n⟩=1.0e-03, Len=sum([2.4, 2.5, 2.4, 2.4, 2.5])=12.3, ϰ=[12.0, 6.8, 7.3, 10.5, 9.4], ∫ϰ²/L>=[18.4, 16.1, 11.7, 18.8, 19.9], C-C-Sep=0.08, ║∇J║=6.1e-06
Iteration 1950/2000-----
currents: [100000.0, 99999.99999740436, 99999.9999968035, 99999.99999642497, 99999.99999726353]
J=2.3e-05, ⟨Jf⟩=1.3e-05, ⟨B·n⟩=1.0e-03, Len=sum([2.4, 2.5, 2.4, 2.4, 2.5])=12.3, ϰ=[12.0, 6.8, 7.3, 10.5, 9.4], ∫ϰ²/L>=[18.4, 16.1, 11.7, 18.8, 19.9], C-C-Sep=0.08, ║∇J║=1.3e-05
Iteration 1951/2000-----
currents: [100000.0, 99999.99999740424, 99999.99999680331, 99999.99999642467, 99999.99999726331]
J=2.3e-05, ⟨Jf⟩=1.3e-05, ⟨B·n⟩=1.0e-03, Len=sum([2.4, 2.5, 2.4, 2.4, 2.5])=12.3, ϰ=[12.0, 6.8, 7.3, 10.5, 9.4], ∫ϰ²/L>=[18.4, 16.1, 11.7, 18.8, 19.9], C-C-Sep=0.08, ║∇J║=5.7e-06
Iteration 1952/2000-----
currents: [100000.0, 99999.99999740427, 99999.99999680332, 99999.99999642473, 99999.99999726331]
J=2.3e-05, ⟨Jf⟩=1.3e-05, ⟨B·n⟩=1.0e-03, Len=sum([2.4, 2.5, 2.4, 2.4, 2.5])=12.3, ϰ=[12.0, 6.8, 7.3, 10.5, 9.4], ∫ϰ²/L>=[18.4, 16.1, 11.7, 18.8, 19.9], C-C-Sep=0.08, ║∇J║=4.8e-06
Iteration 1953/2000-----
currents: [100000.0, 99999.99999740403, 99999.99999680293, 99999.99999642404, 99999.99999726281]
J=2.3e-05, ⟨Jf⟩=1.3e-05, ⟨B·n⟩=1.0e-03, Len=sum([2.4, 2.5, 2.4, 2.4, 2.5])=12.3, ϰ=[12.0, 6.8, 7.3, 10.5, 9.4], ∫ϰ²/L>=[18.4, 16.1, 11.7, 18.8, 19.9], C-C-Sep=0.08, ║∇J║=5.9e-06
Iteration 1954/2000-----
currents: [100000.0, 99999.99999740336, 99999.99999680191, 99999.99999642218, 99999.99999726155]
J=2.3e-05, ⟨Jf⟩=1.3e-05, ⟨B·n⟩=1.0e-03, Len=sum([2.4, 2.5, 2.4, 2.4, 2.5])=12.3, ϰ=[12.0, 6.8, 7.3, 10.5, 9.4], ∫ϰ²/L>=[18.3, 16.1, 11.7, 18.8, 19.9], C-C-Sep=0.08, ║∇J║=6.7e-06
Iteration 1955/2000-----
currents: [100000.0, 99999.99999740184, 99999.99999679971, 99999.99999641797, 99999.99999725874]
J=2.3e-05, ⟨Jf⟩=1.3e-05, ⟨B·n⟩=1.0e-03, Len=sum([2.4, 2.5, 2.4, 2.4, 2.5])=12.3, ϰ=[12.0, 6.8, 7.3, 10.5, 9.4], ∫ϰ²/L>=[18.3, 16.1, 11.7, 18.8, 19.9], C-C-Sep=0.08, ║∇J║=2.1e-05
Iteration 1956/2000-----
currents: [100000.0, 99999.99999740269, 99999.99999680094, 99999.9999964203, 99999.9999972603]
J=2.3e-05, ⟨Jf⟩=1.3e-05, ⟨B·n⟩=1.0e-03, Len=sum([2.4, 2.5, 2.4, 2.4, 2.5])=12.3, ϰ=[12.0, 6.8, 7.3, 10.5, 9.4], ∫ϰ²/L>=[18.3, 16.1, 11.7, 18.8, 19.9], C-C-Sep=0.08, ║∇J║=9.8e-06
Iteration 1957/2000-----
currents: [100000.0, 99999.99999740176, 99999.99999679954, 99999.99999641771, 99999.9999972586]
J=2.3e-05, ⟨Jf⟩=1.3e-05, ⟨B·n⟩=1.0e-03, Len=sum([2.4, 2.5, 2.4, 2.4, 2.5])=12.3, ϰ=[12.0, 6.8, 7.3, 10.5, 9.4], ∫ϰ²/L>=[18.3, 16.1, 11.7, 18.8, 19.9], C-C-Sep=0.08, ║∇J║=5.4e-06
Iteration 1958/2000-----
currents: [100000.0, 99999.99999740098, 99999.99999679839, 99999.99999641556, 99999.9999972572]
J=2.3e-05, ⟨Jf⟩=1.3e-05, ⟨B·n⟩=1.0e-03, Len=sum([2.4, 2.5, 2.4, 2.4, 2.5])=12.3, ϰ=[12.0, 6.8, 7.3, 10.5, 9.4], ∫ϰ²/L>=[18.3, 16.1, 11.7, 18.8, 19.9], C-C-Sep=0.08, ║∇J║=5.3e-06
Iteration 1959/2000-----
currents: [100000.0, 99999.99999740007, 99999.99999679699, 99999.999996413, 99999.99999725552]
J=2.3e-05, ⟨Jf⟩=1.3e-05, ⟨B·n⟩=1.0e-03, Len=sum([2.4, 2.5, 2.4, 2.4, 2.5])=12.3, ϰ=[12.0, 6.8, 7.3, 10.5, 9.4], ∫ϰ²/L>=[18.3, 16.1, 11.7, 18.8, 19.9], C-C-Sep=0.08, ║∇J║=7.2e-06
Iteration 1960/2000-----
currents: [100000.0, 99999.99999739851, 99999.9999967945, 99999.99999640867, 99999.99999725263]
J=2.3e-05, ⟨Jf⟩=1.3e-05, ⟨B·n⟩=1.0e-03, Len=sum([2.4, 2.5, 2.4, 2.4, 2.5])=12.3, ϰ=[12.0, 6.8, 7.3, 10.5, 9.4], ∫ϰ²/L>=[18.3, 16.1, 11.7, 18.8, 19.9], C-C-Sep=0.08, ║∇J║=1.5e-05
Iteration 1961/2000-----
currents: [100000.0, 99999.9999973976, 99999.99999679302, 99999.99999640617, 99999.99999725092]
J=2.3e-05, ⟨Jf⟩=1.3e-05, ⟨B·n⟩=1.0e-03, Len=sum([2.4, 2.5, 2.4, 2.4, 2.5])=12.3, ϰ=[12.0, 6.8, 7.3, 10.5, 9.4], ∫ϰ²/L>=[18.3, 16.1, 11.7, 18.8, 19.9], C-C-Sep=0.08, ║∇J║=7.3e-06
Iteration 1962/2000-----
currents: [100000.0, 99999.99999739717, 99999.99999679226, 99999.99999640505, 99999.99999725011]
J=2.3e-05, ⟨Jf⟩=1.3e-05, ⟨B·n⟩=1.0e-03, Len=sum([2.4, 2.5, 2.4, 2.4, 2.5])=12.3, ϰ=[12.0, 6.8, 7.3, 10.5, 9.4], ∫ϰ²/L>=[18.3, 16.1, 11.7, 18.8, 19.9], C-C-Sep=0.08, ║∇J║=5.2e-06
Iteration 1963/2000-----
currents: [100000.0, 99999.99999739624, 99999.99999679068, 99999.99999640256, 99999.99999724836]
J=2.3e-05, ⟨Jf⟩=1.3e-05, ⟨B·n⟩=1.0e-03, Len=sum([2.4, 2.5, 2.4, 2.4, 2.5])=12.3, ϰ=[12.0, 6.8, 7.3, 10.5, 9.4], ∫ϰ²/L>=[18.3, 16.1, 11.7, 18.8, 19.9], C-C-Sep=0.08, ║∇J║=6.2e-06
Iteration 1964/2000-----
currents: [100000.0, 99999.99999739473, 99999.99999678822, 99999.99999639849, 99999.99999724558]
J=2.3e-05, ⟨Jf⟩=1.3e-05, ⟨B·n⟩=1.0e-03, Len=sum([2.4, 2.5, 2.4, 2.4, 2.5])=12.3, ϰ=[12.0, 6.8, 7.3, 10.5, 9.4], ∫ϰ²/L>=[18.3, 16.1, 11.7, 18.8, 19.9], C-C-Sep=0.08, ║∇J║=8.4e-06
Iteration 1965/2000-----
currents: [100000.0, 99999.99999739222, 99999.9999967842, 99999.9999963917, 99999.99999724097]
J=2.3e-05, ⟨Jf⟩=1.3e-05, ⟨B·n⟩=1.0e-03, Len=sum([2.4, 2.5, 2.4, 2.4, 2.5])=12.3, ϰ=[12.0, 6.8, 7.3, 10.5, 9.4], ∫ϰ²/L>=[18.3, 16.1, 11.7, 18.8, 19.9], C-C-Sep=0.08, ║∇J║=8.4e-06
Iteration 1966/2000-----
currents: [100000.0, 99999.99999739115, 99999.99999678256, 99999.99999638874, 99999.99999723899]
J=2.3e-05, ⟨Jf⟩=1.3e-05, ⟨B·n⟩=1.0e-03, Len=sum([2.4, 2.5, 2.4, 2.4, 2.5])=12.3, ϰ=[12.0, 6.8, 7.3, 10.5, 9.4], ∫ϰ²/L>=[18.3, 16.1, 11.7, 18.8, 19.9], C-C-Sep=0.08, ║∇J║=5.7e-06
Iteration 1967/2000-----
currents: [100000.0, 99999.99999739024, 99999.99999678125, 99999.99999638622, 99999.99999723733]
J=2.3e-05, ⟨Jf⟩=1.3e-05, ⟨B·n⟩=1.0e-03, Len=sum([2.4, 2.5, 2.4, 2.4, 2.5])=12.3, ϰ=[12.0, 6.8, 7.3, 10.5, 9.4], ∫ϰ²/L>=[18.3, 16.1, 11.7, 18.8, 19.9], C-C-Sep=0.08, ║∇J║=6.6e-06
Iteration 1968/2000-----
currents: [100000.0, 99999.99999738978, 99999.99999678059, 99999.9999963849, 99999.99999723645]
J=2.3e-05, ⟨Jf⟩=1.3e-05, ⟨B·n⟩=1.0e-03, Len=sum([2.4, 2.5, 2.4, 2.4, 2.5])=12.3, ϰ=[12.0, 6.8, 7.3, 10.5, 9.4], ∫ϰ²/L>=[18.3, 16.1, 11.7, 18.8, 19.9], C-C-Sep=0.08, ║∇J║=8.9e-06
Iteration 1969/2000-----
currents: [100000.0, 99999.99999738885, 99999.99999677918, 99999.99999638229, 99999.99999723466]
J=2.3e-05, ⟨Jf⟩=1.3e-05, ⟨B·n⟩=1.0e-03, Len=sum([2.4, 2.5, 2.4, 2.4, 2.5])=12.3, ϰ=[12.0, 6.8, 7.3, 10.5, 9.4], ∫ϰ²/L>=[18.3, 16.1, 11.7, 18.8, 19.9], C-C-Sep=0.08, ║∇J║=8.3e-06
Iteration 1970/2000-----
currents: [100000.0, 99999.99999738796, 99999.99999677777, 99999.99999637986, 99999.99999723297]
J=2.3e-05, ⟨Jf⟩=1.3e-05, ⟨B·n⟩=1.0e-03, Len=sum([2.4, 2.5, 2.4, 2.4, 2.5])=12.3, ϰ=[12.0, 6.8, 7.3, 10.5, 9.4], ∫ϰ²/L>=[18.3, 16.1, 11.7, 18.8, 19.9], C-C-Sep=0.08, ║∇J║=7.0e-06
Iteration 1971/2000-----
currents: [100000.0, 99999.9999973866, 99999.99999677553, 99999.99999637617, 99999.99999723038]
J=2.3e-05, ⟨Jf⟩=1.3e-05, ⟨B·n⟩=1.0e-03, Len=sum([2.4, 2.5, 2.4, 2.4, 2.5])=12.3, ϰ=[12.0, 6.8, 7.3, 10.5, 9.4], ∫ϰ²/L>=[18.3, 16.1, 11.7, 18.8, 19.9], C-C-Sep=0.08, ║∇J║=8.8e-06
Iteration 1972/2000-----
currents: [100000.0, 99999.99999738553, 99999.9999967738, 99999.99999637323, 99999.9999972284]
J=2.3e-05, ⟨Jf⟩=1.3e-05, ⟨B·n⟩=1.0e-03, Len=sum([2.4, 2.5, 2.4, 2.4, 2.5])=12.3, ϰ=[12.0, 6.8, 7.3, 10.5, 9.4], ∫ϰ²/L>=[18.3, 16.1, 11.7, 18.8, 19.9], C-C-Sep=0.08, ║∇J║=8.1e-06
Iteration 1973/2000-----
currents: [100000.0, 99999.99999738447, 99999.99999677215, 99999.99999637036, 99999.9999972265]
J=2.3e-05, ⟨Jf⟩=1.3e-05, ⟨B·n⟩=1.0e-03, Len=sum([2.4, 2.5, 2.4, 2.4, 2.5])=12.3, ϰ=[12.0, 6.8, 7.3, 10.5, 9.4], ∫ϰ²/L>=[18.3, 16.1, 11.7, 18.8, 19.9], C-C-Sep=0.08, ║∇J║=6.7e-06
Iteration 1974/2000-----
currents: [100000.0, 99999.99999738218, 99999.99999676863, 99999.99999636415, 99999.9999972224]
J=2.3e-05, ⟨Jf⟩=1.3e-05, ⟨B·n⟩=1.0e-03, Len=sum([2.4, 2.5, 2.4, 2.4, 2.5])=12.3, ϰ=[12.0, 6.8, 7.3, 10.5, 9.4], ∫ϰ²/L>=[18.3, 16.1, 11.7, 18.8, 19.9], C-C-Sep=0.08, ║∇J║=8.3e-06
Iteration 1975/2000-----
currents: [100000.0, 99999.99999738099, 99999.99999676686, 99999.99999636089, 99999.99999722025]
J=2.3e-05, ⟨Jf⟩=1.3e-05, ⟨B·n⟩=1.0e-03, Len=sum([2.4, 2.5, 2.4, 2.4, 2.5])=12.3, ϰ=[12.0, 6.8, 7.3, 10.5, 9.4], ∫ϰ²/L>=[18.3, 16.1, 11.7, 18.8, 19.9], C-C-Sep=0.08, ║∇J║=9.2e-06
Iteration 1976/2000-----
currents: [100000.0, 99999.99999738057, 99999.99999676626, 99999.99999635974, 99999.9999972195]
J=2.3e-05, ⟨Jf⟩=1.3e-05, ⟨B·n⟩=1.0e-03, Len=sum([2.4, 2.5, 2.4, 2.4, 2.5])=12.3, ϰ=[12.0, 6.8, 7.3, 10.5, 9.4], ∫ϰ²/L>=[18.3, 16.1, 11.7, 18.8, 19.9], C-C-Sep=0.08, ║∇J║=7.5e-06
Iteration 1977/2000-----
currents: [100000.0, 99999.99999737975, 99999.99999676512, 99999.99999635748, 99999.999997218]
J=2.3e-05, ⟨Jf⟩=1.3e-05, ⟨B·n⟩=1.0e-03, Len=sum([2.4, 2.5, 2.4, 2.4, 2.5])=12.3, ϰ=[12.0, 6.8, 7.3, 10.5, 9.4], ∫ϰ²/L>=[18.3, 16.1, 11.7, 18.8, 19.9], C-C-Sep=0.08, ║∇J║=1.1e-05
Iteration 1978/2000-----
currents: [100000.0, 99999.99999737907, 99999.9999967641, 99999.99999635573, 99999.99999721683]
J=2.3e-05, ⟨Jf⟩=1.3e-05, ⟨B·n⟩=1.0e-03, Len=sum([2.4, 2.5, 2.4, 2.4, 2.5])=12.3, ϰ=[12.0, 6.8, 7.3, 10.5, 9.4], ∫ϰ²/L>=[18.3, 16.1, 11.7, 18.8, 19.9], C-C-Sep=0.08, ║∇J║=1.0e-05
Iteration 1979/2000-----
currents: [100000.0, 99999.99999737901, 99999.99999676397, 99999.99999635562, 99999.99999721674]
J=2.3e-05, ⟨Jf⟩=1.3e-05, ⟨B·n⟩=1.0e-03, Len=sum([2.4, 2.5, 2.4, 2.4, 2.5])=12.3, ϰ=[12.0, 6.8, 7.3, 10.5, 9.4], ∫ϰ²/L>=[18.3, 16.1, 11.7, 18.8, 19.9], C-C-Sep=0.08, ║∇J║=6.2e-06
Iteration 1980/2000-----
currents: [100000.0, 99999.99999737818, 99999.99999676265, 99999.9999963535, 99999.99999721533]
J=2.3e-05, ⟨Jf⟩=1.3e-05, ⟨B·n⟩=1.0e-03, Len=sum([2.4, 2.5, 2.4, 2.4, 2.5])=12.3, ϰ=[12.0, 6.8, 7.3, 10.5, 9.4], ∫ϰ²/L>=[18.3, 16.1, 11.7, 18.8, 19.9], C-C-Sep=0.08, ║∇J║=5.3e-06
Iteration 1981/2000-----
currents: [100000.0, 99999.99999737677, 99999.99999676047, 99999.9999963498, 99999.9999972129]
J=2.3e-05, ⟨Jf⟩=1.3e-05, ⟨B·n⟩=1.0e-03, Len=sum([2.4, 2.5, 2.4, 2.4, 2.5])=12.3, ϰ=[12.0, 6.8, 7.3, 10.5, 9.4], ∫ϰ²/L>=[18.3, 16.1, 11.7, 18.8, 19.9], C-C-Sep=0.08, ║∇J║=6.9e-06
Iteration 1982/2000-----
currents: [100000.0, 99999.99999737453, 99999.99999675702, 99999.99999634392, 99999.99999720903]
J=2.3e-05, ⟨Jf⟩=1.3e-05, ⟨B·n⟩=1.0e-03, Len=sum([2.4, 2.5, 2.4, 2.4, 2.5])=12.3, ϰ=[12.0, 6.8, 7.3, 10.5, 9.4], ∫ϰ²/L>=[18.3, 16.1, 11.7, 18.8, 19.9], C-C-Sep=0.08, ║∇J║=1.1e-05
Iteration 1983/2000-----
currents: [100000.0, 99999.99999737173, 99999.9999967527, 99999.99999633654, 99999.99999720414]
J=2.3e-05, ⟨Jf⟩=1.3e-05, ⟨B·n⟩=1.0e-03, Len=sum([2.4, 2.5, 2.4, 2.4, 2.5])=12.3, ϰ=[12.0, 6.8, 7.3, 10.5, 9.4], ∫ϰ²/L>=[18.3, 16.1, 11.7, 18.8, 19.9], C-C-Sep=0.08, ║∇J║=6.5e-06
Iteration 1984/2000-----
currents: [100000.0, 99999.99999737146, 99999.99999675227, 99999.99999633578, 99999.99999720362]
J=2.3e-05, ⟨Jf⟩=1.3e-05, ⟨B·n⟩=1.0e-03, Len=sum([2.4, 2.5, 2.4, 2.4, 2.5])=12.3, ϰ=[12.0, 6.8, 7.3, 10.5, 9.4], ∫ϰ²/L>=[18.3, 16.1, 11.7, 18.8, 19.9], C-C-Sep=0.08, ║∇J║=5.0e-06
Iteration 1985/2000-----
currents: [100000.0, 99999.99999737096, 99999.99999675152, 99999.99999633439, 99999.99999720264]
J=2.3e-05, ⟨Jf⟩=1.3e-05, ⟨B·n⟩=1.0e-03, Len=sum([2.4, 2.5, 2.4, 2.4, 2.5])=12.3, ϰ=[12.0, 6.8, 7.3, 10.5, 9.4], ∫ϰ²/L>=[18.3, 16.1, 11.7, 18.8, 19.9], C-C-Sep=0.08, ║∇J║=7.7e-06
Iteration 1986/2000-----
currents: [100000.0, 99999.99999736987, 99999.99999674984, 99999.9999963315, 99999.9999972007]
J=2.3e-05, ⟨Jf⟩=1.3e-05, ⟨B·n⟩=1.0e-03, Len=sum([2.4, 2.5, 2.4, 2.4, 2.5])=12.3, ϰ=[12.0, 6.8, 7.3, 10.5, 9.4], ∫ϰ²/L>=[18.3, 16.1, 11.7, 18.8, 19.9], C-C-Sep=0.08, ║∇J║=1.1e-05
Iteration 1987/2000-----
currents: [100000.0, 99999.999997369, 99999.99999674852, 99999.99999632915, 99999.99999719915]
J=2.3e-05, ⟨Jf⟩=1.3e-05, ⟨B·n⟩=1.0e-03, Len=sum([2.4, 2.5, 2.4, 2.4, 2.5])=12.3, ϰ=[12.0, 6.8, 7.3, 10.5, 9.4], ∫ϰ²/L>=[18.3, 16.1, 11.7, 18.8, 19.9], C-C-Sep=0.08, ║∇J║=8.1e-06
Iteration 1988/2000-----
currents: [100000.0, 99999.9999973668, 99999.99999674516, 99999.99999632325, 99999.99999719526]
J=2.3e-05, ⟨Jf⟩=1.3e-05, ⟨B·n⟩=1.0e-03, Len=sum([2.4, 2.5, 2.4, 2.4, 2.5])=12.3, ϰ=[12.0, 6.8, 7.3, 10.5, 9.4], ∫ϰ²/L>=[18.3, 16.1, 11.7, 18.8, 19.9], C-C-Sep=0.08, ║∇J║=8.3e-06
Iteration 1989/2000-----
currents: [100000.0, 99999.9999973652, 99999.99999674271, 99999.99999631895, 99999.99999719241]
J=2.3e-05, ⟨Jf⟩=1.3e-05, ⟨B·n⟩=1.0e-03, Len=sum([2.4, 2.5, 2.4, 2.4, 2.5])=12.3, ϰ=[12.0, 6.8, 7.3, 10.5, 9.4], ∫ϰ²/L>=[18.3, 16.1, 11.7, 18.8, 19.9], C-C-Sep=0.08, ║∇J║=1.3e-05
Iteration 1990/2000-----
currents: [100000.0, 99999.999997365, 99999.9999967424, 99999.9999963184, 99999.99999719205]
J=2.3e-05, ⟨Jf⟩=1.3e-05, ⟨B·n⟩=1.0e-03, Len=sum([2.4, 2.5, 2.4, 2.4, 2.5])=12.3, ϰ=[12.0, 6.8, 7.3, 10.5, 9.4], ∫ϰ²/L>=[18.3, 16.1, 11.7, 18.8, 19.9], C-C-Sep=0.08, ║∇J║=7.2e-06
Iteration 1991/2000-----
currents: [100000.0, 99999.99999736411, 99999.99999674101, 99999.99999631604, 99999.99999719046]
J=2.3e-05, ⟨Jf⟩=1.3e-05, ⟨B·n⟩=1.0e-03, Len=sum([2.4, 2.5, 2.4, 2.4, 2.5])=12.3, ϰ=[12.0, 6.8, 7.3, 10.5, 9.4], ∫ϰ²/L>=[18.3, 16.1, 11.7, 18.8, 19.9], C-C-Sep=0.08, ║∇J║=6.5e-06
Iteration 1992/2000-----
currents: [100000.0, 99999.99999736283, 99999.999996739, 99999.99999631265, 99999.99999718816]
J=2.3e-05, ⟨Jf⟩=1.3e-05, ⟨B·n⟩=1.0e-03, Len=sum([2.4, 2.5, 2.4, 2.4, 2.5])=12.3, ϰ=[12.0, 6.8, 7.3, 10.5, 9.4], ∫ϰ²/L>=[18.3, 16.1, 11.7, 18.8, 19.9], C-C-Sep=0.08, ║∇J║=7.7e-06
Iteration 1993/2000-----
currents: [100000.0, 99999.99999736036, 99999.9999967351, 99999.99999630613, 99999.99999718374]
J=2.3e-05, ⟨Jf⟩=1.3e-05, ⟨B·n⟩=1.0e-03, Len=sum([2.4, 2.5, 2.4, 2.4, 2.5])=12.3, ϰ=[12.0, 6.8, 7.3, 10.5, 9.4], ∫ϰ²/L>=[18.3, 16.1, 11.7, 18.8, 19.9], C-C-Sep=0.08, ║∇J║=1.0e-05
Iteration 1994/2000-----
currents: [100000.0, 99999.99999735673, 99999.99999672947, 99999.99999629652, 99999.99999717725]
J=2.3e-05, ⟨Jf⟩=1.3e-05, ⟨B·n⟩=1.0e-03, Len=sum([2.4, 2.5, 2.4, 2.4, 2.5])=12.3, ϰ=[12.0, 6.8, 7.3, 10.5, 9.4], ∫ϰ²/L>=[18.3, 16.1, 11.7, 18.8, 19.9], C-C-Sep=0.08, ║∇J║=1.5e-05
Iteration 1995/2000-----
currents: [100000.0, 99999.99999735718, 99999.99999673021, 99999.9999962978, 99999.99999717814]
J=2.3e-05, ⟨Jf⟩=1.3e-05, ⟨B·n⟩=1.0e-03, Len=sum([2.4, 2.5, 2.4, 2.4, 2.5])=12.3, ϰ=[12.0, 6.8, 7.3, 10.5, 9.4], ∫ϰ²/L>=[18.3, 16.1, 11.7, 18.8, 19.9], C-C-Sep=0.08, ║∇J║=5.1e-06
Iteration 1996/2000-----
currents: [100000.0, 99999.99999735715, 99999.9999967302, 99999.99999629777, 99999.99999717814]
J=2.3e-05, ⟨Jf⟩=1.3e-05, ⟨B·n⟩=1.0e-03, Len=sum([2.4, 2.5, 2.4, 2.4, 2.5])=12.3, ϰ=[12.0, 6.8, 7.3, 10.5, 9.4], ∫ϰ²/L>=[18.3, 16.1, 11.7, 18.8, 19.9], C-C-Sep=0.08, ║∇J║=5.4e-06
Iteration 1997/2000-----
currents: [100000.0, 99999.99999735659, 99999.99999672937, 99999.9999962963, 99999.99999717718]
J=2.3e-05, ⟨Jf⟩=1.3e-05, ⟨B·n⟩=1.0e-03, Len=sum([2.4, 2.5, 2.4, 2.4, 2.5])=12.3, ϰ=[12.0, 6.8, 7.3, 10.5, 9.4], ∫ϰ²/L>=[18.3, 16.1, 11.7, 18.8, 19.9], C-C-Sep=0.08, ║∇J║=7.4e-06
Iteration 1998/2000-----
currents: [100000.0, 99999.99999735535, 99999.99999672757, 99999.99999629306, 99999.99999717502]
J=2.3e-05, ⟨Jf⟩=1.3e-05, ⟨B·n⟩=1.0e-03, Len=sum([2.4, 2.5, 2.4, 2.4, 2.5])=12.3, ϰ=[12.0, 6.8, 7.3, 10.5, 9.4], ∫ϰ²/L>=[18.3, 16.1, 11.7, 18.8, 19.9], C-C-Sep=0.08, ║∇J║=1.3e-05
Iteration 1999/2000-----
currents: [100000.0, 99999.99999735346, 99999.99999672468, 99999.99999628804, 99999.99999717166]
J=2.3e-05, ⟨Jf⟩=1.3e-05, ⟨B·n⟩=1.0e-03, Len=sum([2.4, 2.5, 2.4, 2.4, 2.5])=12.3, ϰ=[12.0, 6.8, 7.3, 10.5, 9.4], ∫ϰ²/L>=[18.3, 16.1, 11.7, 18.8, 19.9], C-C-Sep=0.08, ║∇J║=7.9e-06
Iteration 2000/2000-----
currents: [100000.0, 99999.99999735242, 99999.99999672307, 99999.99999628525, 99999.99999716977]
J=2.3e-05, ⟨Jf⟩=1.3e-05, ⟨B·n⟩=1.0e-03, Len=sum([2.4, 2.5, 2.4, 2.4, 2.5])=12.3, ϰ=[12.0, 6.8, 7.3, 10.5, 9.4], ∫ϰ²/L>=[18.3, 16.1, 11.7, 18.8, 19.9], C-C-Sep=0.08, ║∇J║=5.8e-06
Iteration 2001/2000-----
currents: [100000.0, 99999.9999973507, 99999.99999672032, 99999.99999628059, 99999.99999716661]
J=2.3e-05, ⟨Jf⟩=1.3e-05, ⟨B·n⟩=1.0e-03, Len=sum([2.4, 2.5, 2.4, 2.4, 2.5])=12.3, ϰ=[12.0, 6.8, 7.3, 10.5, 9.4], ∫ϰ²/L>=[18.3, 16.1, 11.7, 18.8, 19.9], C-C-Sep=0.08, ║∇J║=8.6e-06
Iteration 2002/2000-----
currents: [100000.0, 99999.99999734895, 99999.99999671755, 99999.99999627592, 99999.99999716347]
J=2.3e-05, ⟨Jf⟩=1.3e-05, ⟨B·n⟩=1.0e-03, Len=sum([2.4, 2.5, 2.4, 2.4, 2.5])=12.3, ϰ=[12.0, 6.8, 7.3, 10.5, 9.4], ∫ϰ²/L>=[18.3, 16.1, 11.7, 18.8, 19.9], C-C-Sep=0.08, ║∇J║=1.4e-05
Iteration 2003/2000-----
currents: [100000.0, 99999.99999734834, 99999.99999671658, 99999.99999627433, 99999.99999716242]
J=2.3e-05, ⟨Jf⟩=1.3e-05, ⟨B·n⟩=1.0e-03, Len=sum([2.4, 2.5, 2.4, 2.4, 2.5])=12.3, ϰ=[12.0, 6.8, 7.3, 10.5, 9.4], ∫ϰ²/L>=[18.3, 16.1, 11.7, 18.8, 19.9], C-C-Sep=0.08, ║∇J║=8.6e-06
Iteration 2004/2000-----
currents: [100000.0, 99999.99999734644, 99999.99999671358, 99999.99999626946, 99999.99999715919]
J=2.3e-05, ⟨Jf⟩=1.3e-05, ⟨B·n⟩=1.0e-03, Len=sum([2.4, 2.5, 2.4, 2.4, 2.5])=12.3, ϰ=[12.0, 6.8, 7.3, 10.5, 9.4], ∫ϰ²/L>=[18.3, 16.1, 11.7, 18.8, 19.9], C-C-Sep=0.08, ║∇J║=6.4e-06
Iteration 2005/2000-----
currents: [100000.0, 99999.99999734506, 99999.99999671141, 99999.99999626586, 99999.9999971568]
J=2.3e-05, ⟨Jf⟩=1.3e-05, ⟨B·n⟩=1.0e-03, Len=sum([2.4, 2.5, 2.4, 2.4, 2.5])=12.3, ϰ=[12.0, 6.8, 7.3, 10.5, 9.4], ∫ϰ²/L>=[18.3, 16.1, 11.7, 18.8, 19.9], C-C-Sep=0.08, ║∇J║=7.1e-06
Iteration 2006/2000-----
currents: [100000.0, 99999.99999734189, 99999.99999670642, 99999.99999625755, 99999.99999715127]
J=2.3e-05, ⟨Jf⟩=1.3e-05, ⟨B·n⟩=1.0e-03, Len=sum([2.4, 2.5, 2.4, 2.4, 2.5])=12.3, ϰ=[12.0, 6.8, 7.3, 10.5, 9.4], ∫ϰ²/L>=[18.3, 16.1, 11.7, 18.8, 19.9], C-C-Sep=0.08, ║∇J║=1.2e-05
Iteration 2007/2000-----
currents: [100000.0, 99999.99999733738, 99999.99999669941, 99999.99999624572, 99999.99999714343]
J=2.3e-05, ⟨Jf⟩=1.3e-05, ⟨B·n⟩=1.0e-03, Len=sum([2.4, 2.5, 2.4, 2.4, 2.5])=12.3, ϰ=[12.0, 6.8, 7.3, 10.5, 9.4], ∫ϰ²/L>=[18.3, 16.1, 11.7, 18.8, 19.9], C-C-Sep=0.08, ║∇J║=1.5e-05
Iteration 2008/2000-----
currents: [100000.0, 99999.99999733799, 99999.99999670038, 99999.99999624731, 99999.99999714448]
J=2.3e-05, ⟨Jf⟩=1.3e-05, ⟨B·n⟩=1.0e-03, Len=sum([2.4, 2.5, 2.4, 2.4, 2.5])=12.3, ϰ=[12.0, 6.8, 7.3, 10.5, 9.4], ∫ϰ²/L>=[18.3, 16.1, 11.7, 18.8, 19.9], C-C-Sep=0.08, ║∇J║=7.0e-06
Iteration 2009/2000-----
currents: [100000.0, 99999.9999973383, 99999.9999967009, 99999.9999962481, 99999.999997145]
J=2.3e-05, ⟨Jf⟩=1.3e-05, ⟨B·n⟩=1.0e-03, Len=sum([2.4, 2.5, 2.4, 2.4, 2.5])=12.3, ϰ=[12.0, 6.8, 7.3, 10.5, 9.4], ∫ϰ²/L>=[18.3, 16.1, 11.7, 18.8, 19.9], C-C-Sep=0.08, ║∇J║=6.9e-06
Iteration 2010/2000-----
currents: [100000.0, 99999.9999973377, 99999.99999670002, 99999.99999624655, 99999.99999714398]
J=2.3e-05, ⟨Jf⟩=1.3e-05, ⟨B·n⟩=1.0e-03, Len=sum([2.4, 2.5, 2.4, 2.4, 2.5])=12.3, ϰ=[12.0, 6.8, 7.3, 10.5, 9.4], ∫ϰ²/L>=[18.3, 16.1, 11.7, 18.8, 19.9], C-C-Sep=0.08, ║∇J║=8.0e-06
Iteration 2011/2000-----
currents: [100000.0, 99999.9999973353, 99999.99999669635, 99999.99999624038, 99999.99999713986]
J=2.3e-05, ⟨Jf⟩=1.3e-05, ⟨B·n⟩=1.0e-03, Len=sum([2.4, 2.5, 2.4, 2.4, 2.5])=12.3, ϰ=[12.0, 6.8, 7.3, 10.5, 9.4], ∫ϰ²/L>=[18.3, 16.1, 11.7, 18.8, 19.9], C-C-Sep=0.08, ║∇J║=1.3e-05
Iteration 2012/2000-----
currents: [100000.0, 99999.99999733164, 99999.9999966907, 99999.99999623095, 99999.99999713356]
J=2.3e-05, ⟨Jf⟩=1.3e-05, ⟨B·n⟩=1.0e-03, Len=sum([2.4, 2.5, 2.4, 2.4, 2.5])=12.3, ϰ=[12.0, 6.8, 7.3, 10.5, 9.4], ∫ϰ²/L>=[18.3, 16.1, 11.7, 18.8, 19.9], C-C-Sep=0.08, ║∇J║=9.5e-06
Iteration 2013/2000-----
currents: [100000.0, 99999.99999733079, 99999.99999668934, 99999.99999622877, 99999.99999713208]
J=2.3e-05, ⟨Jf⟩=1.3e-05, ⟨B·n⟩=1.0e-03, Len=sum([2.4, 2.5, 2.4, 2.4, 2.5])=12.3, ϰ=[12.0, 6.8, 7.3, 10.5, 9.4], ∫ϰ²/L>=[18.3, 16.1, 11.7, 18.8, 19.9], C-C-Sep=0.08, ║∇J║=6.3e-06
Iteration 2014/2000-----
currents: [100000.0, 99999.99999732814, 99999.99999668516, 99999.99999622197, 99999.99999712748]
J=2.3e-05, ⟨Jf⟩=1.3e-05, ⟨B·n⟩=1.0e-03, Len=sum([2.4, 2.5, 2.4, 2.4, 2.5])=12.3, ϰ=[12.0, 6.8, 7.3, 10.5, 9.4], ∫ϰ²/L>=[18.3, 16.1, 11.7, 18.8, 19.9], C-C-Sep=0.08, ║∇J║=7.1e-06
Iteration 2015/2000-----
currents: [100000.0, 99999.99999732619, 99999.99999668212, 99999.99999621695, 99999.99999712408]
J=2.3e-05, ⟨Jf⟩=1.3e-05, ⟨B·n⟩=1.0e-03, Len=sum([2.4, 2.5, 2.4, 2.4, 2.5])=12.3, ϰ=[12.0, 6.8, 7.3, 10.5, 9.4], ∫ϰ²/L>=[18.3, 16.1, 11.7, 18.8, 19.9], C-C-Sep=0.08, ║∇J║=1.0e-05
Iteration 2016/2000-----
currents: [100000.0, 99999.99999732377, 99999.99999667841, 99999.99999621072, 99999.99999711987]
J=2.3e-05, ⟨Jf⟩=1.3e-05, ⟨B·n⟩=1.0e-03, Len=sum([2.4, 2.5, 2.4, 2.4, 2.5])=12.3, ϰ=[12.0, 6.8, 7.3, 10.5, 9.4], ∫ϰ²/L>=[18.3, 16.1, 11.7, 18.8, 19.9], C-C-Sep=0.08, ║∇J║=7.9e-06
Iteration 2017/2000-----
currents: [100000.0, 99999.99999732093, 99999.99999667412, 99999.99999620335, 99999.99999711491]
J=2.3e-05, ⟨Jf⟩=1.3e-05, ⟨B·n⟩=1.0e-03, Len=sum([2.4, 2.5, 2.4, 2.4, 2.5])=12.3, ϰ=[12.0, 6.8, 7.3, 10.5, 9.4], ∫ϰ²/L>=[18.3, 16.1, 11.7, 18.8, 19.9], C-C-Sep=0.08, ║∇J║=1.2e-05
Iteration 2018/2000-----
currents: [100000.0, 99999.99999732037, 99999.99999667333, 99999.99999620186, 99999.99999711392]
J=2.3e-05, ⟨Jf⟩=1.3e-05, ⟨B·n⟩=1.0e-03, Len=sum([2.4, 2.5, 2.4, 2.4, 2.5])=12.3, ϰ=[12.0, 6.8, 7.3, 10.5, 9.4], ∫ϰ²/L>=[18.3, 16.1, 11.7, 18.8, 19.9], C-C-Sep=0.08, ║∇J║=7.1e-06
Iteration 2019/2000-----
currents: [100000.0, 99999.99999732064, 99999.9999966738, 99999.99999620259, 99999.9999971144]
J=2.3e-05, ⟨Jf⟩=1.3e-05, ⟨B·n⟩=1.0e-03, Len=sum([2.4, 2.5, 2.4, 2.4, 2.5])=12.3, ϰ=[12.0, 6.8, 7.3, 10.5, 9.4], ∫ϰ²/L>=[18.3, 16.1, 11.7, 18.8, 19.9], C-C-Sep=0.08, ║∇J║=6.8e-06
Iteration 2020/2000-----
currents: [100000.0, 99999.99999731976, 99999.99999667254, 99999.99999620035, 99999.99999711289]
J=2.3e-05, ⟨Jf⟩=1.3e-05, ⟨B·n⟩=1.0e-03, Len=sum([2.4, 2.5, 2.4, 2.4, 2.5])=12.3, ϰ=[12.0, 6.8, 7.3, 10.5, 9.4], ∫ϰ²/L>=[18.3, 16.1, 11.7, 18.8, 19.9], C-C-Sep=0.08, ║∇J║=8.6e-06
Iteration 2021/2000-----
currents: [100000.0, 99999.99999731695, 99999.99999666825, 99999.99999619315, 99999.99999710798]
J=2.3e-05, ⟨Jf⟩=1.3e-05, ⟨B·n⟩=1.0e-03, Len=sum([2.4, 2.5, 2.4, 2.4, 2.5])=12.3, ϰ=[12.0, 6.8, 7.3, 10.5, 9.4], ∫ϰ²/L>=[18.3, 16.1, 11.7, 18.8, 19.9], C-C-Sep=0.08, ║∇J║=1.4e-05
Iteration 2022/2000-----
currents: [100000.0, 99999.99999731628, 99999.9999966672, 99999.99999619144, 99999.99999710683]
J=2.3e-05, ⟨Jf⟩=1.3e-05, ⟨B·n⟩=1.0e-03, Len=sum([2.4, 2.5, 2.4, 2.4, 2.5])=12.3, ϰ=[12.0, 6.8, 7.3, 10.5, 9.4], ∫ϰ²/L>=[18.3, 16.1, 11.7, 18.8, 19.9], C-C-Sep=0.08, ║∇J║=7.1e-06
Iteration 2023/2000-----
currents: [100000.0, 99999.9999973145, 99999.99999666444, 99999.99999618689, 99999.99999710375]
J=2.3e-05, ⟨Jf⟩=1.3e-05, ⟨B·n⟩=1.0e-03, Len=sum([2.4, 2.5, 2.4, 2.4, 2.5])=12.3, ϰ=[12.0, 6.8, 7.3, 10.5, 9.4], ∫ϰ²/L>=[18.3, 16.1, 11.7, 18.8, 19.9], C-C-Sep=0.08, ║∇J║=6.6e-06
Iteration 2024/2000-----
currents: [100000.0, 99999.99999731213, 99999.99999666077, 99999.99999618079, 99999.99999709961]
J=2.3e-05, ⟨Jf⟩=1.3e-05, ⟨B·n⟩=1.0e-03, Len=sum([2.4, 2.5, 2.4, 2.4, 2.5])=12.3, ϰ=[12.0, 6.8, 7.3, 10.5, 9.4], ∫ϰ²/L>=[18.3, 16.1, 11.7, 18.8, 19.9], C-C-Sep=0.08, ║∇J║=8.4e-06
Iteration 2025/2000-----
currents: [100000.0, 99999.999997309, 99999.99999665597, 99999.99999617277, 99999.99999709416]
J=2.3e-05, ⟨Jf⟩=1.3e-05, ⟨B·n⟩=1.0e-03, Len=sum([2.4, 2.5, 2.4, 2.4, 2.5])=12.3, ϰ=[12.0, 6.8, 7.3, 10.5, 9.4], ∫ϰ²/L>=[18.3, 16.1, 11.7, 18.8, 19.9], C-C-Sep=0.08, ║∇J║=1.4e-05
Iteration 2026/2000-----
currents: [100000.0, 99999.9999973067, 99999.99999665248, 99999.99999616687, 99999.99999709016]
J=2.3e-05, ⟨Jf⟩=1.3e-05, ⟨B·n⟩=1.0e-03, Len=sum([2.4, 2.5, 2.4, 2.4, 2.5])=12.3, ϰ=[12.0, 6.8, 7.3, 10.5, 9.4], ∫ϰ²/L>=[18.3, 16.1, 11.7, 18.8, 19.9], C-C-Sep=0.08, ║∇J║=7.5e-06
Iteration 2027/2000-----
currents: [100000.0, 99999.99999730675, 99999.99999665261, 99999.99999616697, 99999.99999709023]
J=2.3e-05, ⟨Jf⟩=1.3e-05, ⟨B·n⟩=1.0e-03, Len=sum([2.4, 2.5, 2.4, 2.4, 2.5])=12.3, ϰ=[12.0, 6.8, 7.3, 10.5, 9.4], ∫ϰ²/L>=[18.3, 16.1, 11.7, 18.8, 19.9], C-C-Sep=0.08, ║∇J║=5.5e-06
Iteration 2028/2000-----
currents: [100000.0, 99999.99999730694, 99999.99999665299, 99999.99999616742, 99999.99999709052]
J=2.3e-05, ⟨Jf⟩=1.3e-05, ⟨B·n⟩=1.0e-03, Len=sum([2.4, 2.5, 2.4, 2.4, 2.5])=12.3, ϰ=[12.0, 6.8, 7.3, 10.5, 9.4], ∫ϰ²/L>=[18.3, 16.1, 11.7, 18.8, 19.9], C-C-Sep=0.08, ║∇J║=8.0e-06
Iteration 2029/2000-----
currents: [100000.0, 99999.99999730547, 99999.99999665076, 99999.99999616358, 99999.9999970879]
J=2.3e-05, ⟨Jf⟩=1.3e-05, ⟨B·n⟩=1.0e-03, Len=sum([2.4, 2.5, 2.4, 2.4, 2.5])=12.3, ϰ=[12.0, 6.8, 7.3, 10.5, 9.4], ∫ϰ²/L>=[18.3, 16.1, 11.7, 18.8, 19.9], C-C-Sep=0.08, ║∇J║=1.1e-05
Iteration 2030/2000-----
currents: [100000.0, 99999.9999973037, 99999.99999664808, 99999.99999615901, 99999.99999708479]
J=2.3e-05, ⟨Jf⟩=1.3e-05, ⟨B·n⟩=1.0e-03, Len=sum([2.4, 2.5, 2.4, 2.4, 2.5])=12.3, ϰ=[12.0, 6.8, 7.3, 10.5, 9.4], ∫ϰ²/L>=[18.3, 16.1, 11.7, 18.8, 19.9], C-C-Sep=0.08, ║∇J║=9.2e-06
--------------------------------JF.x shape after opt: (499,)
Final arclength variation max(|ℓ|)/min(|ℓ|) - 1=[4.42e-03, 1.71e-03, 1.40e-03, 6.59e-04, 1.49e-03]

################################################################################
### Evaluate the obtained coils ################################################
################################################################################

Finished 100/1000 Out-of-Sample Evaluations
Finished 200/1000 Out-of-Sample Evaluations
Finished 300/1000 Out-of-Sample Evaluations
Finished 400/1000 Out-of-Sample Evaluations
Finished 500/1000 Out-of-Sample Evaluations
Finished 600/1000 Out-of-Sample Evaluations
Finished 700/1000 Out-of-Sample Evaluations
Finished 800/1000 Out-of-Sample Evaluations
Finished 900/1000 Out-of-Sample Evaluations
Finished 1000/1000 Out-of-Sample Evaluations
Flux Objective for exact coils     : 5.076e-06
Out-of-sample flux value                  : 1.246e-05
Objective Gradient (||∇J||)              : 9.176e-06
Mean Flux Objective across perturbed coils: 1.302e-05
Quality Number: 0.407
<B_N>/<|B|> = 1.59e-03

Total time taken: 2251.51 seconds
