SLURM job ID: 6784947
Running sigma and l scan
Sigma_curve=0.004;L_curve=0.500
output_stage_two_optimization_stochastic_NCSX_4nsamp_sigma_l_scan_curves
Starting N_SAMPLE LOOP
WARNING:2026-04-21 11:53:48,936:jax._src.xla_bridge:852: An NVIDIA GPU may be present on this machine, but a CUDA-enabled jaxlib is not installed. Falling back to cpu.
WARNING:2026-04-21 11:53:49,278:jax._src.xla_bridge:852: An NVIDIA GPU may be present on this machine, but a CUDA-enabled jaxlib is not installed. Falling back to cpu.
WARNING:2026-04-21 11:53:49,551:jax._src.xla_bridge:852: An NVIDIA GPU may be present on this machine, but a CUDA-enabled jaxlib is not installed. Falling back to cpu.
WARNING:2026-04-21 11:53:49,624:jax._src.xla_bridge:852: An NVIDIA GPU may be present on this machine, but a CUDA-enabled jaxlib is not installed. Falling back to cpu.

################################################################################
### Perform a Taylor test ######################################################
################################################################################

Iteration 1/2000-----
currents: [100000.0, 100000.0, 100000.0]
J=1.4e-01, ⟨Jf⟩=5.0e-02, ⟨B·n⟩=5.6e-02, Len=sum([5.4, 5.3, 5.3])=16.0, ϰ=[1.3, 1.3, 1.2], ∫ϰ²/L>=[1.4, 1.4, 1.4], C-C-Sep=0.13, ║∇J║=7.2e+00
Iteration 2/2000-----
currents: [100000.0, 100000.000417022, 100000.00072032449]
J=1.4e-01, ⟨Jf⟩=5.0e-02, ⟨B·n⟩=5.6e-02, Len=sum([5.4, 5.3, 5.4])=16.0, ϰ=[8.8, 10.2, 8.7], ∫ϰ²/L>=[3.7, 3.9, 3.8], C-C-Sep=0.13, ║∇J║=7.3e+00
Iteration 3/2000-----
currents: [100000.0, 99999.999582978, 99999.99927967551]
J=1.4e-01, ⟨Jf⟩=5.0e-02, ⟨B·n⟩=5.6e-02, Len=sum([5.4, 5.3, 5.3])=16.0, ϰ=[6.5, 7.1, 6.5], ∫ϰ²/L>=[3.4, 3.6, 3.5], C-C-Sep=0.13, ║∇J║=7.3e+00
err -0.1685376929311364
Iteration 4/2000-----
currents: [100000.0, 100000.0000417022, 100000.00007203245]
J=1.4e-01, ⟨Jf⟩=5.0e-02, ⟨B·n⟩=5.6e-02, Len=sum([5.4, 5.3, 5.3])=16.0, ϰ=[1.8, 1.9, 1.8], ∫ϰ²/L>=[1.4, 1.4, 1.4], C-C-Sep=0.13, ║∇J║=7.2e+00
Iteration 5/2000-----
currents: [100000.0, 99999.9999582978, 99999.99992796755]
J=1.4e-01, ⟨Jf⟩=5.0e-02, ⟨B·n⟩=5.6e-02, Len=sum([5.4, 5.3, 5.3])=16.0, ϰ=[1.7, 1.8, 1.8], ∫ϰ²/L>=[1.4, 1.4, 1.4], C-C-Sep=0.13, ║∇J║=7.2e+00
err -0.0017815123770745789
Iteration 6/2000-----
currents: [100000.0, 100000.00000417022, 100000.00000720324]
J=1.4e-01, ⟨Jf⟩=5.0e-02, ⟨B·n⟩=5.6e-02, Len=sum([5.4, 5.3, 5.3])=16.0, ϰ=[1.3, 1.3, 1.3], ∫ϰ²/L>=[1.4, 1.4, 1.4], C-C-Sep=0.13, ║∇J║=7.2e+00
Iteration 7/2000-----
currents: [100000.0, 99999.99999582978, 99999.99999279676]
J=1.4e-01, ⟨Jf⟩=5.0e-02, ⟨B·n⟩=5.6e-02, Len=sum([5.4, 5.3, 5.3])=16.0, ϰ=[1.3, 1.3, 1.3], ∫ϰ²/L>=[1.4, 1.4, 1.4], C-C-Sep=0.13, ║∇J║=7.2e+00
err -1.762008498529255e-05
Iteration 8/2000-----
currents: [100000.0, 100000.00000041703, 100000.00000072032]
J=1.4e-01, ⟨Jf⟩=5.0e-02, ⟨B·n⟩=5.6e-02, Len=sum([5.4, 5.3, 5.3])=16.0, ϰ=[1.3, 1.3, 1.2], ∫ϰ²/L>=[1.4, 1.4, 1.4], C-C-Sep=0.13, ║∇J║=7.2e+00
Iteration 9/2000-----
currents: [100000.0, 99999.99999958297, 99999.99999927968]
J=1.4e-01, ⟨Jf⟩=5.0e-02, ⟨B·n⟩=5.6e-02, Len=sum([5.4, 5.3, 5.3])=16.0, ϰ=[1.3, 1.3, 1.2], ∫ϰ²/L>=[1.4, 1.4, 1.4], C-C-Sep=0.13, ║∇J║=7.2e+00
err -1.7627886350624067e-07
Iteration 10/2000-----
currents: [100000.0, 100000.0000000417, 100000.00000007203]
J=1.4e-01, ⟨Jf⟩=5.0e-02, ⟨B·n⟩=5.6e-02, Len=sum([5.4, 5.3, 5.3])=16.0, ϰ=[1.3, 1.3, 1.2], ∫ϰ²/L>=[1.4, 1.4, 1.4], C-C-Sep=0.13, ║∇J║=7.2e+00
Iteration 11/2000-----
currents: [100000.0, 99999.9999999583, 99999.99999992797]
J=1.4e-01, ⟨Jf⟩=5.0e-02, ⟨B·n⟩=5.6e-02, Len=sum([5.4, 5.3, 5.3])=16.0, ϰ=[1.3, 1.3, 1.2], ∫ϰ²/L>=[1.4, 1.4, 1.4], C-C-Sep=0.13, ║∇J║=7.2e+00
err -3.208971754986578e-09

################################################################################
### Run the optimisation #######################################################
################################################################################

Iteration 1/2000-----
currents: [100000.0, 100000.0, 100000.0]
J=1.4e-01, ⟨Jf⟩=5.0e-02, ⟨B·n⟩=5.6e-02, Len=sum([5.4, 5.3, 5.3])=16.0, ϰ=[1.3, 1.3, 1.2], ∫ϰ²/L>=[1.4, 1.4, 1.4], C-C-Sep=0.13, ║∇J║=7.2e+00
Iteration 2/2000-----
currents: [100000.0, 99999.99999995506, 99999.99999997104]
J=2.0e+01, ⟨Jf⟩=7.6e-02, ⟨B·n⟩=5.9e-02, Len=sum([6.2, 5.9, 7.9])=19.9, ϰ=[18.2, 13.4, 23.1], ∫ϰ²/L>=[7.8, 7.9, 11.8], C-C-Sep=0.01, ║∇J║=2.1e+01
Iteration 3/2000-----
currents: [100000.0, 99999.99999999753, 99999.9999999984]
J=3.5e-01, ⟨Jf⟩=5.0e-02, ⟨B·n⟩=5.5e-02, Len=sum([5.4, 5.3, 5.3])=16.0, ϰ=[1.8, 1.7, 3.0], ∫ϰ²/L>=[1.4, 1.5, 1.7], C-C-Sep=0.04, ║∇J║=1.2e+01
Iteration 4/2000-----
currents: [100000.0, 99999.99999999939, 99999.9999999996]
J=9.3e-02, ⟨Jf⟩=5.0e-02, ⟨B·n⟩=5.6e-02, Len=sum([5.4, 5.3, 5.3])=16.0, ϰ=[1.3, 1.3, 1.5], ∫ϰ²/L>=[1.4, 1.4, 1.4], C-C-Sep=0.14, ║∇J║=2.0e+00
Iteration 5/2000-----
currents: [100000.0, 99999.99999999888, 99999.99999999927]
J=8.8e-02, ⟨Jf⟩=5.0e-02, ⟨B·n⟩=5.6e-02, Len=sum([5.4, 5.3, 5.3])=16.0, ϰ=[1.4, 1.4, 1.5], ∫ϰ²/L>=[1.4, 1.4, 1.4], C-C-Sep=0.15, ║∇J║=1.4e+00
Iteration 6/2000-----
currents: [100000.0, 99999.9999999964, 99999.99999999766]
J=7.8e-02, ⟨Jf⟩=5.0e-02, ⟨B·n⟩=5.6e-02, Len=sum([5.4, 5.3, 5.3])=16.0, ϰ=[1.9, 2.1, 1.8], ∫ϰ²/L>=[1.5, 1.5, 1.5], C-C-Sep=0.16, ║∇J║=1.5e+00
Iteration 7/2000-----
currents: [100000.0, 99999.99999999264, 99999.99999999521]
J=6.8e-02, ⟨Jf⟩=5.0e-02, ⟨B·n⟩=5.5e-02, Len=sum([5.4, 5.3, 5.3])=15.9, ϰ=[2.4, 3.3, 2.4], ∫ϰ²/L>=[1.5, 1.8, 1.6], C-C-Sep=0.16, ║∇J║=1.7e+00
Iteration 8/2000-----
currents: [100000.0, 99999.99999997932, 99999.99999998655]
J=5.3e-02, ⟨Jf⟩=4.9e-02, ⟨B·n⟩=5.5e-02, Len=sum([5.4, 5.3, 5.3])=15.9, ϰ=[6.2, 6.5, 3.7], ∫ϰ²/L>=[3.5, 3.2, 2.3], C-C-Sep=0.17, ║∇J║=1.1e+00
Iteration 9/2000-----
currents: [100000.0, 99999.9999999699, 99999.99999998037]
J=5.0e-02, ⟨Jf⟩=4.9e-02, ⟨B·n⟩=5.5e-02, Len=sum([5.4, 5.3, 5.3])=16.0, ϰ=[6.7, 5.5, 4.8], ∫ϰ²/L>=[5.6, 3.4, 3.1], C-C-Sep=0.19, ║∇J║=3.1e-01
Iteration 10/2000-----
currents: [100000.0, 99999.99999996574, 99999.99999997759]
J=4.9e-02, ⟨Jf⟩=4.9e-02, ⟨B·n⟩=5.4e-02, Len=sum([5.4, 5.3, 5.3])=16.0, ϰ=[6.4, 5.3, 4.7], ∫ϰ²/L>=[5.4, 3.4, 3.2], C-C-Sep=0.19, ║∇J║=1.7e-01
Iteration 11/2000-----
currents: [100000.0, 99999.99999995684, 99999.99999997162]
J=4.9e-02, ⟨Jf⟩=4.8e-02, ⟨B·n⟩=5.4e-02, Len=sum([5.4, 5.3, 5.3])=16.0, ϰ=[6.9, 5.1, 5.0], ∫ϰ²/L>=[5.2, 3.7, 3.6], C-C-Sep=0.20, ║∇J║=1.4e-01
Iteration 12/2000-----
currents: [100000.0, 99999.99999992267, 99999.99999994866]
J=4.7e-02, ⟨Jf⟩=4.6e-02, ⟨B·n⟩=5.3e-02, Len=sum([5.4, 5.3, 5.3])=16.0, ϰ=[8.2, 6.0, 6.2], ∫ϰ²/L>=[5.9, 5.7, 5.1], C-C-Sep=0.19, ║∇J║=3.0e-01
Iteration 13/2000-----
currents: [100000.0, 99999.99999983073, 99999.99999988679]
J=4.5e-02, ⟨Jf⟩=4.2e-02, ⟨B·n⟩=5.0e-02, Len=sum([5.5, 5.4, 5.4])=16.2, ϰ=[11.8, 10.6, 11.8], ∫ϰ²/L>=[10.3, 16.2, 11.5], C-C-Sep=0.18, ║∇J║=4.9e-01
Iteration 14/2000-----
currents: [100000.0, 99999.99999978692, 99999.99999985697]
J=4.3e-02, ⟨Jf⟩=4.0e-02, ⟨B·n⟩=4.9e-02, Len=sum([5.5, 5.4, 5.4])=16.3, ϰ=[12.3, 11.4, 10.1], ∫ϰ²/L>=[11.4, 17.7, 9.7], C-C-Sep=0.19, ║∇J║=4.7e-01
Iteration 15/2000-----
currents: [100000.0, 99999.99999973294, 99999.99999982002]
J=4.1e-02, ⟨Jf⟩=3.8e-02, ⟨B·n⟩=4.7e-02, Len=sum([5.6, 5.4, 5.4])=16.4, ϰ=[11.4, 14.5, 7.7], ∫ϰ²/L>=[12.1, 19.9, 8.0], C-C-Sep=0.19, ║∇J║=3.7e-01
Iteration 16/2000-----
currents: [100000.0, 99999.9999996, 99999.99999972865]
J=3.8e-02, ⟨Jf⟩=3.1e-02, ⟨B·n⟩=4.2e-02, Len=sum([5.8, 5.6, 5.4])=16.7, ϰ=[14.0, 22.5, 9.3], ∫ϰ²/L>=[15.5, 26.3, 8.7], C-C-Sep=0.17, ║∇J║=5.6e-01
Iteration 17/2000-----
currents: [100000.0, 99999.99999954444, 99999.9999996891]
J=3.6e-02, ⟨Jf⟩=2.9e-02, ⟨B·n⟩=4.1e-02, Len=sum([5.8, 5.5, 5.4])=16.7, ϰ=[12.0, 16.3, 9.4], ∫ϰ²/L>=[14.0, 20.4, 11.1], C-C-Sep=0.19, ║∇J║=6.2e-01
Iteration 18/2000-----
currents: [100000.0, 99999.99999951335, 99999.99999966694]
J=3.3e-02, ⟨Jf⟩=2.8e-02, ⟨B·n⟩=4.0e-02, Len=sum([5.8, 5.5, 5.4])=16.8, ϰ=[10.8, 16.8, 10.3], ∫ϰ²/L>=[13.4, 16.6, 10.4], C-C-Sep=0.20, ║∇J║=3.9e-01
Iteration 19/2000-----
currents: [100000.0, 99999.99999939222, 99999.99999958085]
J=3.0e-02, ⟨Jf⟩=2.3e-02, ⟨B·n⟩=3.6e-02, Len=sum([6.0, 5.6, 5.4])=17.0, ϰ=[12.5, 17.1, 11.1], ∫ϰ²/L>=[14.6, 17.3, 12.7], C-C-Sep=0.20, ║∇J║=3.5e-01
Iteration 20/2000-----
currents: [100000.0, 99999.99999934832, 99999.99999954693]
J=2.7e-02, ⟨Jf⟩=2.2e-02, ⟨B·n⟩=3.5e-02, Len=sum([6.0, 5.7, 5.4])=17.0, ϰ=[11.2, 15.8, 9.0], ∫ϰ²/L>=[13.7, 21.4, 10.4], C-C-Sep=0.20, ║∇J║=4.5e-01
Iteration 21/2000-----
currents: [100000.0, 99999.99999925046, 99999.99999947532]
J=2.5e-02, ⟨Jf⟩=1.9e-02, ⟨B·n⟩=3.2e-02, Len=sum([6.1, 5.8, 5.4])=17.3, ϰ=[11.3, 15.5, 9.5], ∫ϰ²/L>=[16.1, 21.3, 10.4], C-C-Sep=0.20, ║∇J║=4.3e-01
Iteration 22/2000-----
currents: [100000.0, 99999.99999923348, 99999.99999946091]
J=2.4e-02, ⟨Jf⟩=1.8e-02, ⟨B·n⟩=3.1e-02, Len=sum([6.2, 5.7, 5.3])=17.2, ϰ=[11.4, 14.1, 9.9], ∫ϰ²/L>=[18.3, 15.8, 10.2], C-C-Sep=0.20, ║∇J║=3.2e-01
Iteration 23/2000-----
currents: [100000.0, 99999.99999914295, 99999.99999939112]
J=2.2e-02, ⟨Jf⟩=1.6e-02, ⟨B·n⟩=2.9e-02, Len=sum([6.3, 5.8, 5.3])=17.4, ϰ=[16.5, 13.5, 11.4], ∫ϰ²/L>=[26.8, 15.3, 14.7], C-C-Sep=0.19, ║∇J║=4.0e-01
Iteration 24/2000-----
currents: [100000.0, 99999.99999913521, 99999.99999938188]
J=2.0e-02, ⟨Jf⟩=1.6e-02, ⟨B·n⟩=2.9e-02, Len=sum([6.3, 5.7, 5.3])=17.4, ϰ=[16.8, 11.8, 11.8], ∫ϰ²/L>=[27.7, 15.8, 15.0], C-C-Sep=0.20, ║∇J║=3.5e-01
Iteration 25/2000-----
currents: [100000.0, 99999.99999910372, 99999.99999935747]
J=1.9e-02, ⟨Jf⟩=1.5e-02, ⟨B·n⟩=2.8e-02, Len=sum([6.3, 5.8, 5.3])=17.4, ϰ=[16.6, 10.0, 11.7], ∫ϰ²/L>=[25.5, 15.5, 12.7], C-C-Sep=0.20, ║∇J║=2.8e-01
Iteration 26/2000-----
currents: [100000.0, 99999.99999904408, 99999.99999930774]
J=1.8e-02, ⟨Jf⟩=1.4e-02, ⟨B·n⟩=2.7e-02, Len=sum([6.4, 5.8, 5.3])=17.5, ϰ=[15.5, 10.5, 11.6], ∫ϰ²/L>=[24.6, 20.4, 11.5], C-C-Sep=0.20, ║∇J║=2.8e-01
Iteration 27/2000-----
currents: [100000.0, 99999.99999895756, 99999.99999923928]
J=1.7e-02, ⟨Jf⟩=1.3e-02, ⟨B·n⟩=2.7e-02, Len=sum([6.5, 5.9, 5.3])=17.7, ϰ=[14.1, 10.6, 11.9], ∫ϰ²/L>=[24.6, 25.5, 12.2], C-C-Sep=0.19, ║∇J║=2.9e-01
Iteration 28/2000-----
currents: [100000.0, 99999.99999896906, 99999.99999924218]
J=1.6e-02, ⟨Jf⟩=1.3e-02, ⟨B·n⟩=2.7e-02, Len=sum([6.4, 5.8, 5.3])=17.5, ϰ=[12.0, 11.1, 11.3], ∫ϰ²/L>=[22.1, 27.3, 11.4], C-C-Sep=0.20, ║∇J║=2.6e-01
Iteration 29/2000-----
currents: [100000.0, 99999.99999894288, 99999.99999921734]
J=1.6e-02, ⟨Jf⟩=1.2e-02, ⟨B·n⟩=2.6e-02, Len=sum([6.4, 5.8, 5.3])=17.5, ϰ=[9.6, 10.1, 10.4], ∫ϰ²/L>=[18.7, 25.3, 10.7], C-C-Sep=0.19, ║∇J║=3.7e-01
Iteration 30/2000-----
currents: [100000.0, 99999.99999892886, 99999.99999920445]
J=1.5e-02, ⟨Jf⟩=1.2e-02, ⟨B·n⟩=2.6e-02, Len=sum([6.4, 5.8, 5.3])=17.5, ϰ=[9.3, 10.2, 10.8], ∫ϰ²/L>=[18.3, 24.5, 10.7], C-C-Sep=0.20, ║∇J║=1.9e-01
Iteration 31/2000-----
currents: [100000.0, 99999.99999890123, 99999.99999917971]
J=1.4e-02, ⟨Jf⟩=1.2e-02, ⟨B·n⟩=2.6e-02, Len=sum([6.4, 5.8, 5.3])=17.5, ϰ=[9.4, 10.4, 10.7], ∫ϰ²/L>=[17.6, 23.0, 10.6], C-C-Sep=0.20, ║∇J║=1.7e-01
Iteration 32/2000-----
currents: [100000.0, 99999.99999887413, 99999.9999991536]
J=1.4e-02, ⟨Jf⟩=1.1e-02, ⟨B·n⟩=2.6e-02, Len=sum([6.4, 5.8, 5.3])=17.5, ϰ=[9.6, 10.0, 10.4], ∫ϰ²/L>=[17.7, 20.9, 10.5], C-C-Sep=0.20, ║∇J║=1.8e-01
Iteration 33/2000-----
currents: [100000.0, 99999.99999883129, 99999.99999910973]
J=1.4e-02, ⟨Jf⟩=1.0e-02, ⟨B·n⟩=2.5e-02, Len=sum([6.4, 5.8, 5.3])=17.5, ϰ=[9.9, 9.2, 8.9], ∫ϰ²/L>=[18.4, 18.2, 10.3], C-C-Sep=0.20, ║∇J║=4.0e-01
Iteration 34/2000-----
currents: [100000.0, 99999.9999988311, 99999.99999910686]
J=1.3e-02, ⟨Jf⟩=1.0e-02, ⟨B·n⟩=2.5e-02, Len=sum([6.3, 5.8, 5.3])=17.4, ϰ=[9.9, 8.6, 8.6], ∫ϰ²/L>=[17.9, 16.9, 10.0], C-C-Sep=0.20, ║∇J║=1.5e-01
Iteration 35/2000-----
currents: [100000.0, 99999.99999882755, 99999.99999910148]
J=1.3e-02, ⟨Jf⟩=1.0e-02, ⟨B·n⟩=2.5e-02, Len=sum([6.3, 5.8, 5.3])=17.4, ϰ=[9.4, 8.8, 8.7], ∫ϰ²/L>=[16.5, 15.6, 9.6], C-C-Sep=0.20, ║∇J║=1.3e-01
Iteration 36/2000-----
currents: [100000.0, 99999.99999881568, 99999.9999990858]
J=1.2e-02, ⟨Jf⟩=1.0e-02, ⟨B·n⟩=2.4e-02, Len=sum([6.3, 5.8, 5.3])=17.3, ϰ=[8.9, 9.1, 9.0], ∫ϰ²/L>=[14.1, 14.9, 9.1], C-C-Sep=0.19, ║∇J║=1.8e-01
Iteration 37/2000-----
currents: [100000.0, 99999.99999880882, 99999.99999907368]
J=1.2e-02, ⟨Jf⟩=9.6e-03, ⟨B·n⟩=2.4e-02, Len=sum([6.2, 5.8, 5.3])=17.2, ϰ=[9.8, 9.1, 9.2], ∫ϰ²/L>=[10.8, 14.9, 8.1], C-C-Sep=0.21, ║∇J║=2.5e-01
Iteration 38/2000-----
currents: [100000.0, 99999.99999877007, 99999.99999903268]
J=1.2e-02, ⟨Jf⟩=9.1e-03, ⟨B·n⟩=2.3e-02, Len=sum([6.2, 5.8, 5.2])=17.3, ϰ=[9.4, 9.1, 9.1], ∫ϰ²/L>=[11.1, 17.3, 8.5], C-C-Sep=0.20, ║∇J║=2.2e-01
Iteration 39/2000-----
currents: [100000.0, 99999.99999875556, 99999.99999901411]
J=1.1e-02, ⟨Jf⟩=8.8e-03, ⟨B·n⟩=2.3e-02, Len=sum([6.2, 5.8, 5.2])=17.3, ϰ=[8.7, 9.0, 9.0], ∫ϰ²/L>=[11.7, 18.4, 8.6], C-C-Sep=0.19, ║∇J║=1.5e-01
Iteration 40/2000-----
currents: [100000.0, 99999.99999875973, 99999.99999901693]
J=1.1e-02, ⟨Jf⟩=8.8e-03, ⟨B·n⟩=2.3e-02, Len=sum([6.2, 5.8, 5.2])=17.2, ϰ=[8.1, 8.7, 8.6], ∫ϰ²/L>=[10.7, 15.8, 7.9], C-C-Sep=0.19, ║∇J║=1.7e-01
Iteration 41/2000-----
currents: [100000.0, 99999.99999873932, 99999.99999899438]
J=1.1e-02, ⟨Jf⟩=8.5e-03, ⟨B·n⟩=2.2e-02, Len=sum([6.2, 5.8, 5.2])=17.2, ϰ=[7.5, 8.6, 8.4], ∫ϰ²/L>=[10.7, 14.8, 7.7], C-C-Sep=0.19, ║∇J║=1.5e-01
Iteration 42/2000-----
currents: [100000.0, 99999.99999871501, 99999.99999896086]
J=1.0e-02, ⟨Jf⟩=7.9e-03, ⟨B·n⟩=2.2e-02, Len=sum([6.2, 5.8, 5.2])=17.2, ϰ=[6.9, 8.8, 8.8], ∫ϰ²/L>=[13.1, 15.4, 8.1], C-C-Sep=0.19, ║∇J║=1.4e-01
Iteration 43/2000-----
currents: [100000.0, 99999.99999869437, 99999.99999893694]
J=1.0e-02, ⟨Jf⟩=7.6e-03, ⟨B·n⟩=2.1e-02, Len=sum([6.2, 5.8, 5.2])=17.2, ϰ=[6.7, 9.8, 9.6], ∫ϰ²/L>=[12.8, 13.9, 8.5], C-C-Sep=0.20, ║∇J║=1.9e-01
Iteration 44/2000-----
currents: [100000.0, 99999.99999869478, 99999.99999893058]
J=9.6e-03, ⟨Jf⟩=7.4e-03, ⟨B·n⟩=2.1e-02, Len=sum([6.1, 5.8, 5.2])=17.1, ϰ=[6.9, 10.7, 9.1], ∫ϰ²/L>=[12.2, 13.7, 8.6], C-C-Sep=0.20, ║∇J║=1.5e-01
Iteration 45/2000-----
currents: [100000.0, 99999.9999986671, 99999.99999889247]
J=9.3e-03, ⟨Jf⟩=6.9e-03, ⟨B·n⟩=2.0e-02, Len=sum([6.1, 5.8, 5.2])=17.1, ϰ=[7.2, 11.5, 8.3], ∫ϰ²/L>=[11.8, 15.1, 9.5], C-C-Sep=0.19, ║∇J║=2.1e-01
Iteration 46/2000-----
currents: [100000.0, 99999.99999868097, 99999.99999889653]
J=9.0e-03, ⟨Jf⟩=6.9e-03, ⟨B·n⟩=2.0e-02, Len=sum([6.1, 5.8, 5.2])=17.1, ϰ=[7.0, 11.7, 7.5], ∫ϰ²/L>=[10.6, 15.1, 8.7], C-C-Sep=0.19, ║∇J║=1.7e-01
Iteration 47/2000-----
currents: [100000.0, 99999.99999865984, 99999.99999887194]
J=8.6e-03, ⟨Jf⟩=6.6e-03, ⟨B·n⟩=2.0e-02, Len=sum([6.1, 5.8, 5.2])=17.1, ϰ=[6.8, 11.7, 7.7], ∫ϰ²/L>=[10.8, 15.3, 8.6], C-C-Sep=0.19, ║∇J║=1.5e-01
Iteration 48/2000-----
currents: [100000.0, 99999.99999862404, 99999.9999988279]
J=8.2e-03, ⟨Jf⟩=6.1e-03, ⟨B·n⟩=1.9e-02, Len=sum([6.1, 5.8, 5.2])=17.1, ϰ=[7.2, 11.0, 8.0], ∫ϰ²/L>=[11.8, 16.0, 8.3], C-C-Sep=0.19, ║∇J║=1.6e-01
Iteration 49/2000-----
currents: [100000.0, 99999.99999860743, 99999.99999880753]
J=8.0e-03, ⟨Jf⟩=5.9e-03, ⟨B·n⟩=1.9e-02, Len=sum([6.1, 5.8, 5.2])=17.1, ϰ=[7.3, 11.3, 7.7], ∫ϰ²/L>=[12.1, 14.8, 8.2], C-C-Sep=0.20, ║∇J║=1.6e-01
Iteration 50/2000-----
currents: [100000.0, 99999.99999859856, 99999.99999878781]
J=7.7e-03, ⟨Jf⟩=5.6e-03, ⟨B·n⟩=1.8e-02, Len=sum([6.1, 5.8, 5.2])=17.1, ϰ=[6.9, 11.3, 7.7], ∫ϰ²/L>=[12.3, 14.9, 8.3], C-C-Sep=0.20, ║∇J║=1.3e-01
Iteration 51/2000-----
currents: [100000.0, 99999.9999985914, 99999.99999876581]
J=7.3e-03, ⟨Jf⟩=5.4e-03, ⟨B·n⟩=1.7e-02, Len=sum([6.0, 5.8, 5.2])=17.0, ϰ=[7.7, 12.1, 7.2], ∫ϰ²/L>=[12.1, 15.2, 8.5], C-C-Sep=0.20, ║∇J║=1.6e-01
Iteration 52/2000-----
currents: [100000.0, 99999.99999856972, 99999.99999872966]
J=7.0e-03, ⟨Jf⟩=5.0e-03, ⟨B·n⟩=1.7e-02, Len=sum([6.0, 5.8, 5.2])=17.0, ϰ=[8.1, 12.9, 6.6], ∫ϰ²/L>=[12.2, 16.5, 9.0], C-C-Sep=0.20, ║∇J║=1.6e-01
Iteration 53/2000-----
currents: [100000.0, 99999.99999856796, 99999.99999872585]
J=6.8e-03, ⟨Jf⟩=5.0e-03, ⟨B·n⟩=1.7e-02, Len=sum([6.0, 5.8, 5.2])=17.0, ϰ=[8.3, 12.5, 6.8], ∫ϰ²/L>=[11.3, 16.0, 8.8], C-C-Sep=0.20, ║∇J║=1.3e-01
Iteration 54/2000-----
currents: [100000.0, 99999.99999853125, 99999.99999867265]
J=6.5e-03, ⟨Jf⟩=4.6e-03, ⟨B·n⟩=1.6e-02, Len=sum([6.0, 5.8, 5.2])=17.0, ϰ=[8.6, 12.2, 7.3], ∫ϰ²/L>=[11.8, 17.3, 9.3], C-C-Sep=0.19, ║∇J║=2.0e-01
Iteration 55/2000-----
currents: [100000.0, 99999.99999852547, 99999.99999866824]
J=6.2e-03, ⟨Jf⟩=4.5e-03, ⟨B·n⟩=1.6e-02, Len=sum([6.0, 5.8, 5.2])=17.0, ϰ=[8.5, 11.7, 7.5], ∫ϰ²/L>=[11.1, 16.2, 8.7], C-C-Sep=0.20, ║∇J║=1.3e-01
Iteration 56/2000-----
currents: [100000.0, 99999.99999851218, 99999.99999864535]
J=6.0e-03, ⟨Jf⟩=4.3e-03, ⟨B·n⟩=1.6e-02, Len=sum([5.9, 5.8, 5.2])=17.0, ϰ=[8.6, 11.1, 7.3], ∫ϰ²/L>=[11.5, 16.3, 8.4], C-C-Sep=0.19, ║∇J║=1.4e-01
Iteration 57/2000-----
currents: [100000.0, 99999.99999849804, 99999.9999986217]
J=5.8e-03, ⟨Jf⟩=4.2e-03, ⟨B·n⟩=1.5e-02, Len=sum([5.9, 5.8, 5.2])=17.0, ϰ=[8.9, 11.3, 7.7], ∫ϰ²/L>=[11.9, 16.6, 8.2], C-C-Sep=0.20, ║∇J║=1.2e-01
Iteration 58/2000-----
currents: [100000.0, 99999.99999847362, 99999.99999858269]
J=5.6e-03, ⟨Jf⟩=3.9e-03, ⟨B·n⟩=1.5e-02, Len=sum([5.9, 5.9, 5.2])=17.0, ϰ=[8.7, 11.6, 7.5], ∫ϰ²/L>=[12.7, 17.5, 8.1], C-C-Sep=0.20, ║∇J║=1.3e-01
Iteration 59/2000-----
currents: [100000.0, 99999.99999845402, 99999.99999855511]
J=5.3e-03, ⟨Jf⟩=3.7e-03, ⟨B·n⟩=1.4e-02, Len=sum([5.9, 5.9, 5.2])=16.9, ϰ=[9.0, 12.4, 6.8], ∫ϰ²/L>=[12.3, 17.5, 7.8], C-C-Sep=0.20, ║∇J║=1.4e-01
Iteration 60/2000-----
currents: [100000.0, 99999.99999843, 99999.99999852115]
J=5.1e-03, ⟨Jf⟩=3.4e-03, ⟨B·n⟩=1.4e-02, Len=sum([5.8, 5.9, 5.2])=16.9, ϰ=[9.3, 11.9, 6.7], ∫ϰ²/L>=[12.5, 18.7, 8.1], C-C-Sep=0.20, ║∇J║=1.4e-01
Iteration 61/2000-----
currents: [100000.0, 99999.9999984261, 99999.9999985158]
J=4.9e-03, ⟨Jf⟩=3.3e-03, ⟨B·n⟩=1.4e-02, Len=sum([5.8, 5.9, 5.2])=16.9, ϰ=[9.1, 11.8, 6.4], ∫ϰ²/L>=[11.2, 18.4, 7.9], C-C-Sep=0.20, ║∇J║=1.1e-01
Iteration 62/2000-----
currents: [100000.0, 99999.99999840894, 99999.99999849073]
J=4.7e-03, ⟨Jf⟩=3.1e-03, ⟨B·n⟩=1.3e-02, Len=sum([5.8, 5.9, 5.2])=16.9, ϰ=[9.2, 11.5, 6.2], ∫ϰ²/L>=[10.8, 19.0, 8.1], C-C-Sep=0.20, ║∇J║=1.2e-01
Iteration 63/2000-----
currents: [100000.0, 99999.99999840398, 99999.99999848254]
J=4.5e-03, ⟨Jf⟩=3.0e-03, ⟨B·n⟩=1.3e-02, Len=sum([5.8, 5.8, 5.2])=16.8, ϰ=[8.6, 11.6, 6.4], ∫ϰ²/L>=[9.4, 18.4, 7.9], C-C-Sep=0.20, ║∇J║=1.3e-01
Iteration 64/2000-----
currents: [100000.0, 99999.999998381, 99999.99999844561]
J=4.3e-03, ⟨Jf⟩=2.7e-03, ⟨B·n⟩=1.2e-02, Len=sum([5.8, 5.9, 5.2])=16.8, ϰ=[7.7, 11.7, 6.6], ∫ϰ²/L>=[9.5, 18.9, 8.4], C-C-Sep=0.19, ║∇J║=1.8e-01
Iteration 65/2000-----
currents: [100000.0, 99999.99999839034, 99999.99999845667]
J=4.2e-03, ⟨Jf⟩=2.8e-03, ⟨B·n⟩=1.2e-02, Len=sum([5.7, 5.8, 5.2])=16.8, ϰ=[7.5, 11.8, 7.2], ∫ϰ²/L>=[8.8, 16.9, 7.6], C-C-Sep=0.19, ║∇J║=1.6e-01
Iteration 66/2000-----
currents: [100000.0, 99999.9999983731, 99999.99999842943]
J=4.0e-03, ⟨Jf⟩=2.6e-03, ⟨B·n⟩=1.2e-02, Len=sum([5.7, 5.8, 5.2])=16.8, ϰ=[8.0, 11.8, 7.4], ∫ϰ²/L>=[9.3, 16.8, 7.8], C-C-Sep=0.20, ║∇J║=1.8e-01
Iteration 67/2000-----
currents: [100000.0, 99999.99999836781, 99999.99999842166]
J=3.8e-03, ⟨Jf⟩=2.5e-03, ⟨B·n⟩=1.2e-02, Len=sum([5.7, 5.8, 5.2])=16.8, ϰ=[8.0, 11.9, 6.9], ∫ϰ²/L>=[9.4, 16.7, 7.9], C-C-Sep=0.20, ║∇J║=9.3e-02
Iteration 68/2000-----
currents: [100000.0, 99999.9999983559, 99999.99999840278]
J=3.7e-03, ⟨Jf⟩=2.4e-03, ⟨B·n⟩=1.1e-02, Len=sum([5.7, 5.9, 5.2])=16.8, ϰ=[8.3, 11.8, 6.6], ∫ϰ²/L>=[9.8, 16.7, 7.9], C-C-Sep=0.19, ║∇J║=9.1e-02
Iteration 69/2000-----
currents: [100000.0, 99999.9999983472, 99999.99999838526]
J=3.6e-03, ⟨Jf⟩=2.3e-03, ⟨B·n⟩=1.1e-02, Len=sum([5.7, 5.8, 5.2])=16.7, ϰ=[8.9, 12.0, 6.3], ∫ϰ²/L>=[10.4, 16.5, 7.9], C-C-Sep=0.20, ║∇J║=1.1e-01
Iteration 70/2000-----
currents: [100000.0, 99999.99999832358, 99999.9999983459]
J=3.5e-03, ⟨Jf⟩=2.1e-03, ⟨B·n⟩=1.0e-02, Len=sum([5.7, 5.9, 5.2])=16.7, ϰ=[9.9, 11.9, 5.9], ∫ϰ²/L>=[11.7, 17.1, 8.1], C-C-Sep=0.19, ║∇J║=1.8e-01
Iteration 71/2000-----
currents: [100000.0, 99999.99999832499, 99999.9999983477]
J=3.3e-03, ⟨Jf⟩=2.1e-03, ⟨B·n⟩=1.0e-02, Len=sum([5.7, 5.8, 5.2])=16.7, ϰ=[9.4, 12.1, 5.6], ∫ϰ²/L>=[10.5, 16.2, 7.4], C-C-Sep=0.19, ║∇J║=1.2e-01
Iteration 72/2000-----
currents: [100000.0, 99999.99999831716, 99999.9999983342]
J=3.2e-03, ⟨Jf⟩=2.0e-03, ⟨B·n⟩=1.0e-02, Len=sum([5.6, 5.8, 5.2])=16.7, ϰ=[9.3, 10.7, 5.6], ∫ϰ²/L>=[10.0, 15.9, 7.4], C-C-Sep=0.20, ║∇J║=1.5e-01
Iteration 73/2000-----
currents: [100000.0, 99999.99999830843, 99999.99999832276]
J=3.0e-03, ⟨Jf⟩=1.9e-03, ⟨B·n⟩=1.0e-02, Len=sum([5.6, 5.8, 5.2])=16.7, ϰ=[9.0, 10.6, 5.5], ∫ϰ²/L>=[9.5, 15.7, 7.2], C-C-Sep=0.20, ║∇J║=8.1e-02
Iteration 74/2000-----
currents: [100000.0, 99999.99999829897, 99999.99999830795]
J=2.9e-03, ⟨Jf⟩=1.9e-03, ⟨B·n⟩=1.0e-02, Len=sum([5.6, 5.8, 5.2])=16.6, ϰ=[8.3, 10.4, 5.6], ∫ϰ²/L>=[9.2, 15.6, 7.2], C-C-Sep=0.20, ║∇J║=7.6e-02
Iteration 75/2000-----
currents: [100000.0, 99999.99999829417, 99999.999998299]
J=2.8e-03, ⟨Jf⟩=1.8e-03, ⟨B·n⟩=9.9e-03, Len=sum([5.6, 5.8, 5.2])=16.6, ϰ=[7.4, 10.4, 5.5], ∫ϰ²/L>=[8.4, 15.1, 7.2], C-C-Sep=0.20, ║∇J║=8.9e-02
Iteration 76/2000-----
currents: [100000.0, 99999.99999827387, 99999.9999982652]
J=2.7e-03, ⟨Jf⟩=1.7e-03, ⟨B·n⟩=9.7e-03, Len=sum([5.6, 5.8, 5.2])=16.6, ϰ=[7.0, 10.1, 5.6], ∫ϰ²/L>=[8.3, 15.3, 7.9], C-C-Sep=0.20, ║∇J║=1.4e-01
Iteration 77/2000-----
currents: [100000.0, 99999.99999827771, 99999.99999826837]
J=2.6e-03, ⟨Jf⟩=1.7e-03, ⟨B·n⟩=9.7e-03, Len=sum([5.6, 5.8, 5.2])=16.5, ϰ=[7.1, 9.7, 5.6], ∫ϰ²/L>=[7.6, 14.9, 7.8], C-C-Sep=0.20, ║∇J║=7.9e-02
Iteration 78/2000-----
currents: [100000.0, 99999.99999827294, 99999.9999982597]
J=2.5e-03, ⟨Jf⟩=1.7e-03, ⟨B·n⟩=9.6e-03, Len=sum([5.5, 5.8, 5.2])=16.5, ϰ=[6.7, 9.9, 5.7], ∫ϰ²/L>=[7.5, 14.9, 7.9], C-C-Sep=0.20, ║∇J║=7.0e-02
Iteration 79/2000-----
currents: [100000.0, 99999.99999826898, 99999.9999982521]
J=2.5e-03, ⟨Jf⟩=1.6e-03, ⟨B·n⟩=9.6e-03, Len=sum([5.5, 5.8, 5.2])=16.5, ϰ=[6.2, 10.4, 5.6], ∫ϰ²/L>=[7.4, 14.9, 7.8], C-C-Sep=0.20, ║∇J║=5.7e-02
Iteration 80/2000-----
currents: [100000.0, 99999.99999825883, 99999.99999823429]
J=2.5e-03, ⟨Jf⟩=1.6e-03, ⟨B·n⟩=9.5e-03, Len=sum([5.5, 5.8, 5.2])=16.5, ϰ=[5.7, 10.3, 5.8], ∫ϰ²/L>=[7.7, 15.2, 7.8], C-C-Sep=0.20, ║∇J║=6.6e-02
Iteration 81/2000-----
currents: [100000.0, 99999.99999825587, 99999.999998227]
J=2.4e-03, ⟨Jf⟩=1.6e-03, ⟨B·n⟩=9.4e-03, Len=sum([5.5, 5.8, 5.2])=16.4, ϰ=[6.0, 10.2, 5.6], ∫ϰ²/L>=[7.7, 14.7, 7.0], C-C-Sep=0.20, ║∇J║=9.4e-02
Iteration 82/2000-----
currents: [100000.0, 99999.99999825461, 99999.99999822276]
J=2.3e-03, ⟨Jf⟩=1.6e-03, ⟨B·n⟩=9.4e-03, Len=sum([5.5, 5.7, 5.2])=16.4, ϰ=[6.2, 9.8, 5.7], ∫ϰ²/L>=[7.5, 14.5, 6.8], C-C-Sep=0.20, ║∇J║=6.1e-02
Iteration 83/2000-----
currents: [100000.0, 99999.99999825287, 99999.99999821853]
J=2.3e-03, ⟨Jf⟩=1.5e-03, ⟨B·n⟩=9.3e-03, Len=sum([5.5, 5.7, 5.2])=16.4, ϰ=[6.3, 9.6, 5.7], ∫ϰ²/L>=[7.2, 14.1, 6.6], C-C-Sep=0.20, ║∇J║=5.4e-02
Iteration 84/2000-----
currents: [100000.0, 99999.9999982474, 99999.99999820691]
J=2.2e-03, ⟨Jf⟩=1.5e-03, ⟨B·n⟩=9.2e-03, Len=sum([5.5, 5.7, 5.2])=16.4, ϰ=[6.5, 9.8, 5.8], ∫ϰ²/L>=[7.2, 13.9, 6.8], C-C-Sep=0.20, ║∇J║=7.2e-02
Iteration 85/2000-----
currents: [100000.0, 99999.99999824516, 99999.99999820034]
J=2.1e-03, ⟨Jf⟩=1.5e-03, ⟨B·n⟩=9.1e-03, Len=sum([5.5, 5.7, 5.2])=16.3, ϰ=[6.5, 10.1, 5.8], ∫ϰ²/L>=[7.2, 13.6, 7.2], C-C-Sep=0.20, ║∇J║=8.0e-02
Iteration 86/2000-----
currents: [100000.0, 99999.99999823987, 99999.99999818915]
J=2.1e-03, ⟨Jf⟩=1.5e-03, ⟨B·n⟩=9.0e-03, Len=sum([5.4, 5.7, 5.2])=16.3, ϰ=[6.5, 10.4, 6.0], ∫ϰ²/L>=[7.5, 13.7, 7.6], C-C-Sep=0.20, ║∇J║=6.4e-02
Iteration 87/2000-----
currents: [100000.0, 99999.99999823418, 99999.99999817995]
J=2.0e-03, ⟨Jf⟩=1.4e-03, ⟨B·n⟩=9.0e-03, Len=sum([5.4, 5.7, 5.2])=16.2, ϰ=[6.2, 10.1, 6.3], ∫ϰ²/L>=[7.8, 13.7, 8.2], C-C-Sep=0.20, ║∇J║=5.6e-02
Iteration 88/2000-----
currents: [100000.0, 99999.99999823133, 99999.99999817446]
J=2.0e-03, ⟨Jf⟩=1.4e-03, ⟨B·n⟩=8.9e-03, Len=sum([5.4, 5.6, 5.1])=16.2, ϰ=[6.1, 10.0, 6.1], ∫ϰ²/L>=[8.0, 13.5, 8.1], C-C-Sep=0.20, ║∇J║=5.5e-02
Iteration 89/2000-----
currents: [100000.0, 99999.9999982292, 99999.99999816851]
J=1.9e-03, ⟨Jf⟩=1.4e-03, ⟨B·n⟩=8.8e-03, Len=sum([5.4, 5.6, 5.1])=16.2, ϰ=[6.3, 10.2, 5.6], ∫ϰ²/L>=[7.9, 13.4, 7.8], C-C-Sep=0.19, ║∇J║=7.4e-02
Iteration 90/2000-----
currents: [100000.0, 99999.99999822855, 99999.99999817046]
J=1.9e-03, ⟨Jf⟩=1.3e-03, ⟨B·n⟩=8.6e-03, Len=sum([5.4, 5.6, 5.1])=16.2, ϰ=[6.0, 10.7, 4.8], ∫ϰ²/L>=[7.0, 12.8, 6.9], C-C-Sep=0.20, ║∇J║=9.6e-02
Iteration 91/2000-----
currents: [100000.0, 99999.99999822889, 99999.99999816947]
J=1.9e-03, ⟨Jf⟩=1.3e-03, ⟨B·n⟩=8.7e-03, Len=sum([5.4, 5.6, 5.1])=16.2, ϰ=[6.1, 10.3, 5.0], ∫ϰ²/L>=[7.4, 13.0, 7.3], C-C-Sep=0.20, ║∇J║=6.5e-02
Iteration 92/2000-----
currents: [100000.0, 99999.99999821889, 99999.99999814997]
J=1.8e-03, ⟨Jf⟩=1.3e-03, ⟨B·n⟩=8.6e-03, Len=sum([5.4, 5.6, 5.1])=16.2, ϰ=[5.9, 9.8, 5.0], ∫ϰ²/L>=[7.5, 13.1, 7.2], C-C-Sep=0.20, ║∇J║=1.1e-01
Iteration 93/2000-----
currents: [100000.0, 99999.99999822512, 99999.99999815601]
J=1.8e-03, ⟨Jf⟩=1.3e-03, ⟨B·n⟩=8.5e-03, Len=sum([5.4, 5.6, 5.1])=16.1, ϰ=[6.1, 9.6, 5.1], ∫ϰ²/L>=[7.6, 13.0, 7.2], C-C-Sep=0.20, ║∇J║=5.4e-02
Iteration 94/2000-----
currents: [100000.0, 99999.99999822688, 99999.9999981557]
J=1.7e-03, ⟨Jf⟩=1.3e-03, ⟨B·n⟩=8.5e-03, Len=sum([5.4, 5.6, 5.1])=16.1, ϰ=[6.2, 9.2, 5.1], ∫ϰ²/L>=[7.5, 12.7, 7.0], C-C-Sep=0.20, ║∇J║=4.5e-02
Iteration 95/2000-----
currents: [100000.0, 99999.99999822698, 99999.99999814914]
J=1.7e-03, ⟨Jf⟩=1.2e-03, ⟨B·n⟩=8.3e-03, Len=sum([5.4, 5.6, 5.1])=16.1, ϰ=[6.5, 8.9, 5.4], ∫ϰ²/L>=[8.0, 12.7, 7.2], C-C-Sep=0.20, ║∇J║=6.2e-02
Iteration 96/2000-----
currents: [100000.0, 99999.99999822967, 99999.9999981464]
J=1.6e-03, ⟨Jf⟩=1.2e-03, ⟨B·n⟩=8.1e-03, Len=sum([5.4, 5.6, 5.1])=16.0, ϰ=[6.1, 8.8, 5.4], ∫ϰ²/L>=[7.9, 12.6, 7.4], C-C-Sep=0.20, ║∇J║=8.6e-02
Iteration 97/2000-----
currents: [100000.0, 99999.9999982271, 99999.99999813584]
J=1.6e-03, ⟨Jf⟩=1.2e-03, ⟨B·n⟩=7.9e-03, Len=sum([5.4, 5.5, 5.1])=16.0, ϰ=[6.4, 8.9, 5.8], ∫ϰ²/L>=[8.7, 13.1, 8.1], C-C-Sep=0.20, ║∇J║=7.8e-02
Iteration 98/2000-----
currents: [100000.0, 99999.99999822586, 99999.99999813472]
J=1.5e-03, ⟨Jf⟩=1.1e-03, ⟨B·n⟩=7.9e-03, Len=sum([5.4, 5.5, 5.1])=16.0, ϰ=[6.4, 8.7, 5.8], ∫ϰ²/L>=[8.1, 12.6, 7.9], C-C-Sep=0.20, ║∇J║=4.6e-02
Iteration 99/2000-----
currents: [100000.0, 99999.9999982199, 99999.99999812293]
J=1.5e-03, ⟨Jf⟩=1.1e-03, ⟨B·n⟩=7.8e-03, Len=sum([5.3, 5.5, 5.1])=16.0, ϰ=[6.6, 8.7, 6.1], ∫ϰ²/L>=[8.3, 12.5, 8.2], C-C-Sep=0.20, ║∇J║=6.7e-02
Iteration 100/2000-----
currents: [100000.0, 99999.99999822007, 99999.99999812103]
J=1.5e-03, ⟨Jf⟩=1.1e-03, ⟨B·n⟩=7.8e-03, Len=sum([5.3, 5.5, 5.1])=15.9, ϰ=[6.8, 8.4, 6.2], ∫ϰ²/L>=[7.8, 11.9, 8.2], C-C-Sep=0.20, ║∇J║=6.2e-02
Iteration 101/2000-----
currents: [100000.0, 99999.99999822001, 99999.99999811455]
J=1.4e-03, ⟨Jf⟩=1.1e-03, ⟨B·n⟩=7.6e-03, Len=sum([5.3, 5.5, 5.1])=15.9, ϰ=[7.2, 8.1, 6.7], ∫ϰ²/L>=[7.9, 11.7, 8.6], C-C-Sep=0.20, ║∇J║=6.0e-02
Iteration 102/2000-----
currents: [100000.0, 99999.9999982192, 99999.9999981086]
J=1.4e-03, ⟨Jf⟩=1.1e-03, ⟨B·n⟩=7.6e-03, Len=sum([5.3, 5.5, 5.1])=15.9, ϰ=[7.3, 7.8, 7.0], ∫ϰ²/L>=[8.0, 11.4, 8.8], C-C-Sep=0.20, ║∇J║=4.8e-02
Iteration 103/2000-----
currents: [100000.0, 99999.99999821764, 99999.99999810533]
J=1.3e-03, ⟨Jf⟩=1.1e-03, ⟨B·n⟩=7.5e-03, Len=sum([5.3, 5.5, 5.1])=15.9, ϰ=[7.2, 7.5, 6.8], ∫ϰ²/L>=[7.8, 11.1, 8.6], C-C-Sep=0.20, ║∇J║=4.8e-02
Iteration 104/2000-----
currents: [100000.0, 99999.99999821342, 99999.9999980929]
J=1.3e-03, ⟨Jf⟩=1.0e-03, ⟨B·n⟩=7.4e-03, Len=sum([5.3, 5.5, 5.1])=15.8, ϰ=[7.4, 7.4, 6.8], ∫ϰ²/L>=[8.1, 11.1, 9.0], C-C-Sep=0.20, ║∇J║=5.1e-02
Iteration 105/2000-----
currents: [100000.0, 99999.99999821131, 99999.99999808223]
J=1.3e-03, ⟨Jf⟩=9.9e-04, ⟨B·n⟩=7.3e-03, Len=sum([5.3, 5.4, 5.1])=15.8, ϰ=[6.8, 6.9, 6.2], ∫ϰ²/L>=[8.1, 10.9, 9.0], C-C-Sep=0.20, ║∇J║=7.5e-02
Iteration 106/2000-----
currents: [100000.0, 99999.99999820846, 99999.99999807334]
J=1.2e-03, ⟨Jf⟩=9.7e-04, ⟨B·n⟩=7.3e-03, Len=sum([5.3, 5.4, 5.1])=15.8, ϰ=[7.1, 7.2, 6.1], ∫ϰ²/L>=[8.4, 10.9, 9.2], C-C-Sep=0.20, ║∇J║=4.8e-02
Iteration 107/2000-----
currents: [100000.0, 99999.99999820998, 99999.99999807344]
J=1.2e-03, ⟨Jf⟩=9.7e-04, ⟨B·n⟩=7.2e-03, Len=sum([5.3, 5.4, 5.1])=15.8, ϰ=[7.1, 7.4, 6.0], ∫ϰ²/L>=[8.2, 10.6, 9.1], C-C-Sep=0.20, ║∇J║=4.6e-02
Iteration 108/2000-----
currents: [100000.0, 99999.99999820905, 99999.99999806631]
J=1.2e-03, ⟨Jf⟩=9.5e-04, ⟨B·n⟩=7.2e-03, Len=sum([5.3, 5.4, 5.1])=15.7, ϰ=[7.1, 7.6, 6.0], ∫ϰ²/L>=[8.4, 10.6, 9.3], C-C-Sep=0.20, ║∇J║=4.0e-02
Iteration 109/2000-----
currents: [100000.0, 99999.999998209, 99999.9999980602]
J=1.1e-03, ⟨Jf⟩=9.3e-04, ⟨B·n⟩=7.1e-03, Len=sum([5.3, 5.4, 5.1])=15.7, ϰ=[6.7, 7.5, 6.2], ∫ϰ²/L>=[8.4, 10.6, 9.2], C-C-Sep=0.20, ║∇J║=4.7e-02
Iteration 110/2000-----
currents: [100000.0, 99999.99999820761, 99999.99999805409]
J=1.1e-03, ⟨Jf⟩=9.2e-04, ⟨B·n⟩=7.1e-03, Len=sum([5.2, 5.4, 5.1])=15.7, ϰ=[6.6, 7.7, 6.2], ∫ϰ²/L>=[8.4, 10.7, 9.3], C-C-Sep=0.20, ║∇J║=3.6e-02
Iteration 111/2000-----
currents: [100000.0, 99999.99999820562, 99999.99999805143]
J=1.1e-03, ⟨Jf⟩=9.1e-04, ⟨B·n⟩=7.1e-03, Len=sum([5.2, 5.4, 5.1])=15.7, ϰ=[6.5, 7.6, 6.2], ∫ϰ²/L>=[8.0, 10.3, 9.0], C-C-Sep=0.20, ║∇J║=3.7e-02
Iteration 112/2000-----
currents: [100000.0, 99999.9999982021, 99999.99999804045]
J=1.1e-03, ⟨Jf⟩=8.9e-04, ⟨B·n⟩=7.0e-03, Len=sum([5.2, 5.4, 5.1])=15.7, ϰ=[6.5, 7.6, 6.1], ∫ϰ²/L>=[7.8, 10.2, 9.0], C-C-Sep=0.20, ║∇J║=4.7e-02
Iteration 113/2000-----
currents: [100000.0, 99999.99999819738, 99999.99999803043]
J=1.0e-03, ⟨Jf⟩=8.7e-04, ⟨B·n⟩=7.0e-03, Len=sum([5.2, 5.3, 5.1])=15.6, ϰ=[6.4, 7.2, 5.9], ∫ϰ²/L>=[7.5, 9.8, 8.8], C-C-Sep=0.20, ║∇J║=4.2e-02
Iteration 114/2000-----
currents: [100000.0, 99999.9999981961, 99999.99999802212]
J=1.0e-03, ⟨Jf⟩=8.6e-04, ⟨B·n⟩=6.9e-03, Len=sum([5.2, 5.3, 5.1])=15.6, ϰ=[6.3, 7.2, 5.7], ∫ϰ²/L>=[7.6, 10.0, 9.0], C-C-Sep=0.20, ║∇J║=3.4e-02
Iteration 115/2000-----
currents: [100000.0, 99999.99999819661, 99999.99999801554]
J=9.8e-04, ⟨Jf⟩=8.5e-04, ⟨B·n⟩=6.9e-03, Len=sum([5.2, 5.3, 5.1])=15.6, ϰ=[6.2, 7.5, 6.0], ∫ϰ²/L>=[7.6, 10.3, 9.2], C-C-Sep=0.20, ║∇J║=3.3e-02
Iteration 116/2000-----
currents: [100000.0, 99999.99999819761, 99999.99999801393]
J=9.6e-04, ⟨Jf⟩=8.4e-04, ⟨B·n⟩=6.9e-03, Len=sum([5.2, 5.3, 5.1])=15.6, ϰ=[6.0, 7.5, 6.2], ∫ϰ²/L>=[7.3, 10.1, 9.1], C-C-Sep=0.20, ║∇J║=4.0e-02
Iteration 117/2000-----
currents: [100000.0, 99999.9999981964, 99999.99999800931]
J=9.5e-04, ⟨Jf⟩=8.3e-04, ⟨B·n⟩=6.8e-03, Len=sum([5.2, 5.3, 5.1])=15.6, ϰ=[5.9, 7.4, 6.3], ∫ϰ²/L>=[7.3, 10.0, 9.1], C-C-Sep=0.20, ║∇J║=2.9e-02
Iteration 118/2000-----
currents: [100000.0, 99999.99999819475, 99999.99999800396]
J=9.3e-04, ⟨Jf⟩=8.2e-04, ⟨B·n⟩=6.8e-03, Len=sum([5.2, 5.3, 5.1])=15.6, ϰ=[5.8, 7.1, 6.6], ∫ϰ²/L>=[7.2, 9.6, 8.9], C-C-Sep=0.20, ║∇J║=3.5e-02
Iteration 119/2000-----
currents: [100000.0, 99999.9999981919, 99999.99999799677]
J=9.1e-04, ⟨Jf⟩=8.1e-04, ⟨B·n⟩=6.8e-03, Len=sum([5.2, 5.3, 5.1])=15.5, ϰ=[5.9, 7.1, 6.8], ∫ϰ²/L>=[7.2, 9.6, 8.9], C-C-Sep=0.20, ║∇J║=3.6e-02
Iteration 120/2000-----
currents: [100000.0, 99999.9999981898, 99999.99999799202]
J=9.0e-04, ⟨Jf⟩=8.0e-04, ⟨B·n⟩=6.7e-03, Len=sum([5.2, 5.3, 5.1])=15.5, ϰ=[5.9, 7.1, 7.1], ∫ϰ²/L>=[7.2, 9.5, 8.9], C-C-Sep=0.20, ║∇J║=2.7e-02
Iteration 121/2000-----
currents: [100000.0, 99999.99999818717, 99999.99999798517]
J=8.8e-04, ⟨Jf⟩=7.8e-04, ⟨B·n⟩=6.7e-03, Len=sum([5.2, 5.3, 5.1])=15.5, ϰ=[5.9, 6.8, 7.1], ∫ϰ²/L>=[7.2, 9.4, 9.0], C-C-Sep=0.20, ║∇J║=3.2e-02
Iteration 122/2000-----
currents: [100000.0, 99999.99999818597, 99999.99999798067]
J=8.7e-04, ⟨Jf⟩=7.8e-04, ⟨B·n⟩=6.6e-03, Len=sum([5.2, 5.3, 5.1])=15.5, ϰ=[5.7, 6.8, 7.2], ∫ϰ²/L>=[7.2, 9.4, 9.0], C-C-Sep=0.20, ║∇J║=3.1e-02
Iteration 123/2000-----
currents: [100000.0, 99999.99999818607, 99999.99999798014]
J=8.6e-04, ⟨Jf⟩=7.7e-04, ⟨B·n⟩=6.6e-03, Len=sum([5.2, 5.3, 5.1])=15.5, ϰ=[5.7, 6.8, 7.0], ∫ϰ²/L>=[7.1, 9.3, 8.8], C-C-Sep=0.20, ║∇J║=2.4e-02
Iteration 124/2000-----
currents: [100000.0, 99999.99999818513, 99999.99999797186]
J=8.4e-04, ⟨Jf⟩=7.6e-04, ⟨B·n⟩=6.6e-03, Len=sum([5.2, 5.3, 5.0])=15.5, ϰ=[5.6, 6.9, 6.6], ∫ϰ²/L>=[7.1, 9.4, 8.6], C-C-Sep=0.20, ║∇J║=3.1e-02
Iteration 125/2000-----
currents: [100000.0, 99999.99999818546, 99999.9999979725]
J=8.3e-04, ⟨Jf⟩=7.4e-04, ⟨B·n⟩=6.5e-03, Len=sum([5.2, 5.3, 5.0])=15.5, ϰ=[5.6, 6.7, 6.4], ∫ϰ²/L>=[6.9, 9.3, 8.2], C-C-Sep=0.20, ║∇J║=4.1e-02
Iteration 126/2000-----
currents: [100000.0, 99999.99999818309, 99999.9999979663]
J=8.1e-04, ⟨Jf⟩=7.4e-04, ⟨B·n⟩=6.5e-03, Len=sum([5.2, 5.3, 5.0])=15.5, ϰ=[5.6, 6.8, 6.4], ∫ϰ²/L>=[6.9, 9.5, 8.2], C-C-Sep=0.20, ║∇J║=2.9e-02
Iteration 127/2000-----
currents: [100000.0, 99999.99999818103, 99999.99999795915]
J=8.0e-04, ⟨Jf⟩=7.2e-04, ⟨B·n⟩=6.4e-03, Len=sum([5.2, 5.3, 5.0])=15.5, ϰ=[5.5, 6.8, 6.2], ∫ϰ²/L>=[6.7, 9.7, 8.1], C-C-Sep=0.20, ║∇J║=2.6e-02
Iteration 128/2000-----
currents: [100000.0, 99999.99999817979, 99999.99999795426]
J=7.9e-04, ⟨Jf⟩=7.2e-04, ⟨B·n⟩=6.4e-03, Len=sum([5.2, 5.3, 5.0])=15.5, ϰ=[5.5, 7.0, 6.1], ∫ϰ²/L>=[6.8, 9.9, 8.1], C-C-Sep=0.20, ║∇J║=2.2e-02
Iteration 129/2000-----
currents: [100000.0, 99999.99999818063, 99999.99999795559]
J=7.8e-04, ⟨Jf⟩=7.1e-04, ⟨B·n⟩=6.3e-03, Len=sum([5.2, 5.3, 5.0])=15.5, ϰ=[5.4, 6.9, 5.9], ∫ϰ²/L>=[6.6, 9.7, 8.0], C-C-Sep=0.20, ║∇J║=2.1e-02
Iteration 130/2000-----
currents: [100000.0, 99999.99999817935, 99999.99999794965]
J=7.7e-04, ⟨Jf⟩=7.0e-04, ⟨B·n⟩=6.3e-03, Len=sum([5.2, 5.3, 5.0])=15.5, ϰ=[5.3, 7.0, 5.7], ∫ϰ²/L>=[6.5, 9.6, 8.1], C-C-Sep=0.20, ║∇J║=4.3e-02
Iteration 131/2000-----
currents: [100000.0, 99999.9999981794, 99999.99999794939]
J=7.6e-04, ⟨Jf⟩=6.9e-04, ⟨B·n⟩=6.3e-03, Len=sum([5.2, 5.2, 5.0])=15.5, ϰ=[5.2, 7.0, 5.7], ∫ϰ²/L>=[6.5, 9.5, 8.1], C-C-Sep=0.20, ║∇J║=2.0e-02
Iteration 132/2000-----
currents: [100000.0, 99999.99999817916, 99999.99999794917]
J=7.6e-04, ⟨Jf⟩=6.9e-04, ⟨B·n⟩=6.2e-03, Len=sum([5.2, 5.2, 5.0])=15.5, ϰ=[5.2, 7.0, 5.6], ∫ϰ²/L>=[6.4, 9.3, 8.0], C-C-Sep=0.20, ║∇J║=1.7e-02
Iteration 133/2000-----
currents: [100000.0, 99999.99999817755, 99999.99999794467]
J=7.5e-04, ⟨Jf⟩=6.8e-04, ⟨B·n⟩=6.2e-03, Len=sum([5.2, 5.2, 5.0])=15.5, ϰ=[5.3, 7.0, 5.7], ∫ϰ²/L>=[6.5, 9.2, 8.0], C-C-Sep=0.20, ║∇J║=2.2e-02
Iteration 134/2000-----
currents: [100000.0, 99999.99999817654, 99999.99999794055]
J=7.4e-04, ⟨Jf⟩=6.7e-04, ⟨B·n⟩=6.2e-03, Len=sum([5.2, 5.2, 5.0])=15.5, ϰ=[5.2, 6.9, 5.7], ∫ϰ²/L>=[6.6, 9.1, 8.0], C-C-Sep=0.20, ║∇J║=2.8e-02
Iteration 135/2000-----
currents: [100000.0, 99999.99999817536, 99999.99999793623]
J=7.3e-04, ⟨Jf⟩=6.7e-04, ⟨B·n⟩=6.1e-03, Len=sum([5.2, 5.2, 5.0])=15.5, ϰ=[5.1, 6.8, 5.8], ∫ϰ²/L>=[6.6, 9.2, 8.0], C-C-Sep=0.20, ║∇J║=2.0e-02
Iteration 136/2000-----
currents: [100000.0, 99999.99999817435, 99999.99999793294]
J=7.2e-04, ⟨Jf⟩=6.6e-04, ⟨B·n⟩=6.1e-03, Len=sum([5.2, 5.2, 5.0])=15.5, ϰ=[5.1, 6.9, 5.9], ∫ϰ²/L>=[6.6, 9.3, 7.9], C-C-Sep=0.20, ║∇J║=1.8e-02
Iteration 137/2000-----
currents: [100000.0, 99999.99999817376, 99999.99999793044]
J=7.2e-04, ⟨Jf⟩=6.5e-04, ⟨B·n⟩=6.1e-03, Len=sum([5.2, 5.2, 5.0])=15.5, ϰ=[5.1, 7.0, 5.9], ∫ϰ²/L>=[6.5, 9.4, 7.8], C-C-Sep=0.20, ║∇J║=2.1e-02
Iteration 138/2000-----
currents: [100000.0, 99999.9999981723, 99999.99999792695]
J=7.1e-04, ⟨Jf⟩=6.5e-04, ⟨B·n⟩=6.1e-03, Len=sum([5.2, 5.2, 5.0])=15.5, ϰ=[5.2, 7.1, 5.8], ∫ϰ²/L>=[6.4, 9.5, 7.7], C-C-Sep=0.20, ║∇J║=2.2e-02
Iteration 139/2000-----
currents: [100000.0, 99999.99999817112, 99999.99999792506]
J=7.0e-04, ⟨Jf⟩=6.4e-04, ⟨B·n⟩=6.0e-03, Len=sum([5.2, 5.2, 5.0])=15.4, ϰ=[5.2, 6.9, 5.6], ∫ϰ²/L>=[6.1, 9.2, 7.5], C-C-Sep=0.20, ║∇J║=2.1e-02
Iteration 140/2000-----
currents: [100000.0, 99999.99999816847, 99999.99999791774]
J=6.9e-04, ⟨Jf⟩=6.3e-04, ⟨B·n⟩=6.0e-03, Len=sum([5.2, 5.2, 5.0])=15.4, ϰ=[5.1, 6.8, 5.6], ∫ϰ²/L>=[6.2, 9.2, 7.6], C-C-Sep=0.20, ║∇J║=2.1e-02
Iteration 141/2000-----
currents: [100000.0, 99999.99999816717, 99999.99999791442]
J=6.9e-04, ⟨Jf⟩=6.3e-04, ⟨B·n⟩=6.0e-03, Len=sum([5.2, 5.2, 5.0])=15.4, ϰ=[5.2, 6.7, 5.5], ∫ϰ²/L>=[6.1, 9.0, 7.6], C-C-Sep=0.20, ║∇J║=1.9e-02
Iteration 142/2000-----
currents: [100000.0, 99999.99999816414, 99999.99999790415]
J=6.8e-04, ⟨Jf⟩=6.1e-04, ⟨B·n⟩=5.9e-03, Len=sum([5.2, 5.2, 5.0])=15.5, ϰ=[5.3, 6.6, 5.7], ∫ϰ²/L>=[6.3, 9.0, 7.7], C-C-Sep=0.20, ║∇J║=2.4e-02
Iteration 143/2000-----
currents: [100000.0, 99999.99999816128, 99999.99999789536]
J=6.7e-04, ⟨Jf⟩=6.0e-04, ⟨B·n⟩=5.9e-03, Len=sum([5.2, 5.2, 5.0])=15.4, ϰ=[5.4, 6.5, 5.7], ∫ϰ²/L>=[6.2, 8.9, 7.8], C-C-Sep=0.20, ║∇J║=2.5e-02
Iteration 144/2000-----
currents: [100000.0, 99999.999998159, 99999.99999788735]
J=6.6e-04, ⟨Jf⟩=6.0e-04, ⟨B·n⟩=5.9e-03, Len=sum([5.2, 5.2, 5.0])=15.4, ϰ=[5.6, 6.5, 6.2], ∫ϰ²/L>=[6.2, 8.9, 7.8], C-C-Sep=0.20, ║∇J║=2.7e-02
Iteration 145/2000-----
currents: [100000.0, 99999.99999815816, 99999.999997885]
J=6.5e-04, ⟨Jf⟩=5.9e-04, ⟨B·n⟩=5.8e-03, Len=sum([5.2, 5.2, 5.0])=15.4, ϰ=[5.8, 6.2, 6.1], ∫ϰ²/L>=[6.2, 8.8, 7.8], C-C-Sep=0.20, ║∇J║=2.4e-02
Iteration 146/2000-----
currents: [100000.0, 99999.99999815639, 99999.99999787849]
J=6.4e-04, ⟨Jf⟩=5.8e-04, ⟨B·n⟩=5.8e-03, Len=sum([5.2, 5.2, 5.0])=15.5, ϰ=[5.9, 6.1, 6.0], ∫ϰ²/L>=[6.3, 8.9, 8.0], C-C-Sep=0.20, ║∇J║=2.1e-02
Iteration 147/2000-----
currents: [100000.0, 99999.99999815492, 99999.99999787343]
J=6.4e-04, ⟨Jf⟩=5.7e-04, ⟨B·n⟩=5.7e-03, Len=sum([5.2, 5.2, 5.0])=15.5, ϰ=[5.9, 6.0, 6.0], ∫ϰ²/L>=[6.3, 8.9, 8.1], C-C-Sep=0.20, ║∇J║=2.0e-02
Iteration 148/2000-----
currents: [100000.0, 99999.99999815108, 99999.99999786112]
J=6.3e-04, ⟨Jf⟩=5.6e-04, ⟨B·n⟩=5.7e-03, Len=sum([5.2, 5.2, 5.0])=15.5, ϰ=[5.7, 5.8, 6.1], ∫ϰ²/L>=[6.5, 9.0, 8.3], C-C-Sep=0.20, ║∇J║=2.2e-02
Iteration 149/2000-----
currents: [100000.0, 99999.99999814735, 99999.99999785179]
J=6.2e-04, ⟨Jf⟩=5.5e-04, ⟨B·n⟩=5.6e-03, Len=sum([5.2, 5.2, 5.1])=15.5, ϰ=[5.2, 5.9, 6.1], ∫ϰ²/L>=[6.4, 8.9, 8.4], C-C-Sep=0.20, ║∇J║=2.9e-02
Iteration 150/2000-----
currents: [100000.0, 99999.9999981449, 99999.99999784652]
J=6.1e-04, ⟨Jf⟩=5.4e-04, ⟨B·n⟩=5.6e-03, Len=sum([5.2, 5.2, 5.1])=15.5, ϰ=[5.3, 6.2, 6.2], ∫ϰ²/L>=[6.4, 8.9, 8.4], C-C-Sep=0.20, ║∇J║=2.0e-02
Iteration 151/2000-----
currents: [100000.0, 99999.99999814195, 99999.99999783681]
J=6.0e-04, ⟨Jf⟩=5.3e-04, ⟨B·n⟩=5.6e-03, Len=sum([5.2, 5.2, 5.1])=15.5, ϰ=[5.3, 6.3, 6.2], ∫ϰ²/L>=[6.3, 8.9, 8.5], C-C-Sep=0.20, ║∇J║=2.3e-02
Iteration 152/2000-----
currents: [100000.0, 99999.99999813962, 99999.99999783328]
J=6.0e-04, ⟨Jf⟩=5.3e-04, ⟨B·n⟩=5.5e-03, Len=sum([5.2, 5.2, 5.1])=15.5, ϰ=[5.3, 6.5, 6.3], ∫ϰ²/L>=[6.3, 8.8, 8.5], C-C-Sep=0.20, ║∇J║=2.1e-02
Iteration 153/2000-----
currents: [100000.0, 99999.99999813962, 99999.99999783134]
J=5.9e-04, ⟨Jf⟩=5.3e-04, ⟨B·n⟩=5.5e-03, Len=sum([5.2, 5.2, 5.1])=15.5, ϰ=[5.2, 6.6, 6.3], ∫ϰ²/L>=[6.2, 8.7, 8.4], C-C-Sep=0.20, ║∇J║=1.6e-02
Iteration 154/2000-----
currents: [100000.0, 99999.99999813784, 99999.99999782398]
J=5.8e-04, ⟨Jf⟩=5.2e-04, ⟨B·n⟩=5.5e-03, Len=sum([5.2, 5.2, 5.1])=15.5, ϰ=[5.1, 6.6, 6.3], ∫ϰ²/L>=[6.1, 8.8, 8.5], C-C-Sep=0.20, ║∇J║=1.7e-02
Iteration 155/2000-----
currents: [100000.0, 99999.9999981354, 99999.99999781487]
J=5.8e-04, ⟨Jf⟩=5.1e-04, ⟨B·n⟩=5.5e-03, Len=sum([5.2, 5.2, 5.1])=15.5, ϰ=[5.0, 6.6, 6.4], ∫ϰ²/L>=[6.0, 8.8, 8.4], C-C-Sep=0.20, ║∇J║=2.1e-02
Iteration 156/2000-----
currents: [100000.0, 99999.99999813344, 99999.9999978056]
J=5.7e-04, ⟨Jf⟩=5.1e-04, ⟨B·n⟩=5.5e-03, Len=sum([5.2, 5.2, 5.1])=15.5, ϰ=[4.9, 6.3, 6.4], ∫ϰ²/L>=[5.9, 8.9, 8.4], C-C-Sep=0.20, ║∇J║=1.9e-02
Iteration 157/2000-----
currents: [100000.0, 99999.99999813162, 99999.99999779752]
J=5.6e-04, ⟨Jf⟩=5.0e-04, ⟨B·n⟩=5.4e-03, Len=sum([5.2, 5.2, 5.1])=15.5, ϰ=[4.7, 6.1, 6.5], ∫ϰ²/L>=[5.9, 8.9, 8.4], C-C-Sep=0.20, ║∇J║=1.7e-02
Iteration 158/2000-----
currents: [100000.0, 99999.999998131, 99999.99999779693]
J=5.6e-04, ⟨Jf⟩=5.0e-04, ⟨B·n⟩=5.4e-03, Len=sum([5.2, 5.2, 5.1])=15.5, ϰ=[4.6, 5.9, 6.4], ∫ϰ²/L>=[5.8, 8.7, 8.2], C-C-Sep=0.20, ║∇J║=2.0e-02
Iteration 159/2000-----
currents: [100000.0, 99999.9999981278, 99999.99999778875]
J=5.5e-04, ⟨Jf⟩=4.9e-04, ⟨B·n⟩=5.4e-03, Len=sum([5.2, 5.2, 5.1])=15.5, ϰ=[4.6, 5.8, 6.5], ∫ϰ²/L>=[5.9, 8.7, 8.3], C-C-Sep=0.20, ║∇J║=1.7e-02
Iteration 160/2000-----
currents: [100000.0, 99999.99999812839, 99999.99999779018]
J=5.5e-04, ⟨Jf⟩=4.9e-04, ⟨B·n⟩=5.4e-03, Len=sum([5.2, 5.2, 5.1])=15.5, ϰ=[4.6, 5.8, 6.4], ∫ϰ²/L>=[5.8, 8.4, 8.1], C-C-Sep=0.20, ║∇J║=1.4e-02
Iteration 161/2000-----
currents: [100000.0, 99999.9999981262, 99999.9999977829]
J=5.5e-04, ⟨Jf⟩=4.8e-04, ⟨B·n⟩=5.4e-03, Len=sum([5.2, 5.2, 5.1])=15.5, ϰ=[4.8, 6.0, 6.4], ∫ϰ²/L>=[5.8, 8.4, 8.2], C-C-Sep=0.20, ║∇J║=1.6e-02
Iteration 162/2000-----
currents: [100000.0, 99999.99999812494, 99999.99999777784]
J=5.4e-04, ⟨Jf⟩=4.8e-04, ⟨B·n⟩=5.3e-03, Len=sum([5.2, 5.2, 5.1])=15.5, ϰ=[4.9, 5.9, 6.4], ∫ϰ²/L>=[5.8, 8.2, 8.2], C-C-Sep=0.20, ║∇J║=1.6e-02
Iteration 163/2000-----
currents: [100000.0, 99999.9999981238, 99999.99999777379]
J=5.4e-04, ⟨Jf⟩=4.8e-04, ⟨B·n⟩=5.3e-03, Len=sum([5.2, 5.2, 5.1])=15.5, ϰ=[5.1, 6.0, 6.4], ∫ϰ²/L>=[5.8, 8.2, 8.2], C-C-Sep=0.20, ║∇J║=1.5e-02
Iteration 164/2000-----
currents: [100000.0, 99999.99999812184, 99999.99999776688]
J=5.3e-04, ⟨Jf⟩=4.7e-04, ⟨B·n⟩=5.3e-03, Len=sum([5.2, 5.2, 5.1])=15.5, ϰ=[5.0, 6.0, 6.3], ∫ϰ²/L>=[5.9, 8.2, 8.2], C-C-Sep=0.20, ║∇J║=1.5e-02
Iteration 165/2000-----
currents: [100000.0, 99999.99999812119, 99999.99999776465]
J=5.3e-04, ⟨Jf⟩=4.7e-04, ⟨B·n⟩=5.3e-03, Len=sum([5.2, 5.2, 5.1])=15.5, ϰ=[5.1, 6.0, 6.4], ∫ϰ²/L>=[5.9, 8.1, 8.2], C-C-Sep=0.20, ║∇J║=1.3e-02
Iteration 166/2000-----
currents: [100000.0, 99999.99999812015, 99999.9999977614]
J=5.3e-04, ⟨Jf⟩=4.7e-04, ⟨B·n⟩=5.3e-03, Len=sum([5.2, 5.2, 5.1])=15.5, ϰ=[5.1, 5.9, 6.2], ∫ϰ²/L>=[5.8, 8.0, 8.2], C-C-Sep=0.20, ║∇J║=1.1e-02
Iteration 167/2000-----
currents: [100000.0, 99999.99999811908, 99999.99999775754]
J=5.2e-04, ⟨Jf⟩=4.7e-04, ⟨B·n⟩=5.3e-03, Len=sum([5.2, 5.2, 5.1])=15.5, ϰ=[5.2, 5.7, 6.2], ∫ϰ²/L>=[5.7, 7.9, 8.1], C-C-Sep=0.20, ║∇J║=1.4e-02
Iteration 168/2000-----
currents: [100000.0, 99999.999998117, 99999.99999775058]
J=5.2e-04, ⟨Jf⟩=4.6e-04, ⟨B·n⟩=5.3e-03, Len=sum([5.2, 5.2, 5.1])=15.5, ϰ=[5.2, 5.6, 6.1], ∫ϰ²/L>=[5.7, 7.9, 8.1], C-C-Sep=0.20, ║∇J║=1.6e-02
Iteration 169/2000-----
currents: [100000.0, 99999.99999811586, 99999.99999774688]
J=5.2e-04, ⟨Jf⟩=4.6e-04, ⟨B·n⟩=5.2e-03, Len=sum([5.2, 5.2, 5.1])=15.5, ϰ=[5.2, 5.4, 6.1], ∫ϰ²/L>=[5.6, 7.9, 8.2], C-C-Sep=0.20, ║∇J║=1.2e-02
Iteration 170/2000-----
currents: [100000.0, 99999.99999811334, 99999.99999773838]
J=5.1e-04, ⟨Jf⟩=4.5e-04, ⟨B·n⟩=5.2e-03, Len=sum([5.2, 5.2, 5.1])=15.5, ϰ=[5.3, 5.3, 6.3], ∫ϰ²/L>=[5.7, 7.8, 8.2], C-C-Sep=0.20, ║∇J║=1.4e-02
Iteration 171/2000-----
currents: [100000.0, 99999.99999811222, 99999.99999773371]
J=5.1e-04, ⟨Jf⟩=4.5e-04, ⟨B·n⟩=5.2e-03, Len=sum([5.2, 5.2, 5.1])=15.5, ϰ=[5.3, 5.2, 6.3], ∫ϰ²/L>=[5.7, 7.8, 8.3], C-C-Sep=0.20, ║∇J║=1.7e-02
Iteration 172/2000-----
currents: [100000.0, 99999.99999811058, 99999.99999772868]
J=5.1e-04, ⟨Jf⟩=4.5e-04, ⟨B·n⟩=5.2e-03, Len=sum([5.2, 5.2, 5.1])=15.5, ϰ=[5.3, 5.3, 6.3], ∫ϰ²/L>=[5.7, 7.7, 8.3], C-C-Sep=0.20, ║∇J║=1.3e-02
Iteration 173/2000-----
currents: [100000.0, 99999.99999810761, 99999.99999771951]
J=5.0e-04, ⟨Jf⟩=4.4e-04, ⟨B·n⟩=5.1e-03, Len=sum([5.2, 5.2, 5.1])=15.5, ϰ=[5.2, 5.3, 6.4], ∫ϰ²/L>=[5.7, 7.7, 8.3], C-C-Sep=0.20, ║∇J║=1.5e-02
Iteration 174/2000-----
currents: [100000.0, 99999.99999810489, 99999.99999771095]
J=5.0e-04, ⟨Jf⟩=4.4e-04, ⟨B·n⟩=5.1e-03, Len=sum([5.2, 5.2, 5.1])=15.5, ϰ=[5.3, 5.3, 6.6], ∫ϰ²/L>=[5.8, 7.7, 8.4], C-C-Sep=0.20, ║∇J║=1.8e-02
Iteration 175/2000-----
currents: [100000.0, 99999.99999810486, 99999.99999771122]
J=4.9e-04, ⟨Jf⟩=4.3e-04, ⟨B·n⟩=5.1e-03, Len=sum([5.2, 5.2, 5.1])=15.5, ϰ=[5.3, 5.4, 6.6], ∫ϰ²/L>=[5.8, 7.6, 8.4], C-C-Sep=0.20, ║∇J║=1.4e-02
Iteration 176/2000-----
currents: [100000.0, 99999.9999981028, 99999.99999770428]
J=4.9e-04, ⟨Jf⟩=4.3e-04, ⟨B·n⟩=5.1e-03, Len=sum([5.2, 5.2, 5.1])=15.5, ϰ=[5.3, 5.5, 6.7], ∫ϰ²/L>=[5.8, 7.6, 8.5], C-C-Sep=0.20, ║∇J║=1.3e-02
Iteration 177/2000-----
currents: [100000.0, 99999.99999810419, 99999.99999770804]
J=4.9e-04, ⟨Jf⟩=4.3e-04, ⟨B·n⟩=5.1e-03, Len=sum([5.2, 5.2, 5.1])=15.5, ϰ=[5.4, 5.8, 6.8], ∫ϰ²/L>=[5.7, 7.6, 8.4], C-C-Sep=0.20, ║∇J║=1.8e-02
Iteration 178/2000-----
currents: [100000.0, 99999.99999810304, 99999.99999770409]
J=4.9e-04, ⟨Jf⟩=4.3e-04, ⟨B·n⟩=5.1e-03, Len=sum([5.2, 5.2, 5.1])=15.5, ϰ=[5.4, 5.8, 6.8], ∫ϰ²/L>=[5.7, 7.6, 8.4], C-C-Sep=0.20, ║∇J║=1.3e-02
Iteration 179/2000-----
currents: [100000.0, 99999.9999981019, 99999.99999769995]
J=4.8e-04, ⟨Jf⟩=4.2e-04, ⟨B·n⟩=5.0e-03, Len=sum([5.2, 5.2, 5.1])=15.5, ϰ=[5.3, 5.9, 6.9], ∫ϰ²/L>=[5.7, 7.5, 8.4], C-C-Sep=0.20, ║∇J║=1.2e-02
Iteration 180/2000-----
currents: [100000.0, 99999.9999980991, 99999.99999769106]
J=4.8e-04, ⟨Jf⟩=4.2e-04, ⟨B·n⟩=5.0e-03, Len=sum([5.2, 5.2, 5.1])=15.5, ϰ=[5.3, 6.1, 7.0], ∫ϰ²/L>=[5.7, 7.6, 8.6], C-C-Sep=0.20, ║∇J║=1.4e-02
Iteration 181/2000-----
currents: [100000.0, 99999.99999809802, 99999.99999768822]
J=4.8e-04, ⟨Jf⟩=4.2e-04, ⟨B·n⟩=5.0e-03, Len=sum([5.2, 5.2, 5.1])=15.5, ϰ=[5.3, 6.1, 7.0], ∫ϰ²/L>=[5.6, 7.6, 8.5], C-C-Sep=0.20, ║∇J║=1.2e-02
Iteration 182/2000-----
currents: [100000.0, 99999.99999809601, 99999.99999768175]
J=4.7e-04, ⟨Jf⟩=4.1e-04, ⟨B·n⟩=4.9e-03, Len=sum([5.2, 5.2, 5.1])=15.5, ϰ=[5.4, 6.1, 6.9], ∫ϰ²/L>=[5.5, 7.6, 8.6], C-C-Sep=0.20, ║∇J║=1.2e-02
Iteration 183/2000-----
currents: [100000.0, 99999.99999809462, 99999.99999767797]
J=4.7e-04, ⟨Jf⟩=4.1e-04, ⟨B·n⟩=4.9e-03, Len=sum([5.2, 5.2, 5.1])=15.5, ϰ=[5.5, 6.1, 6.8], ∫ϰ²/L>=[5.5, 7.7, 8.6], C-C-Sep=0.20, ║∇J║=1.3e-02
Iteration 184/2000-----
currents: [100000.0, 99999.99999809307, 99999.99999767316]
J=4.7e-04, ⟨Jf⟩=4.1e-04, ⟨B·n⟩=4.9e-03, Len=sum([5.2, 5.2, 5.1])=15.5, ϰ=[5.5, 6.2, 6.9], ∫ϰ²/L>=[5.5, 7.7, 8.6], C-C-Sep=0.20, ║∇J║=1.0e-02
Iteration 185/2000-----
currents: [100000.0, 99999.99999809176, 99999.99999766883]
J=4.6e-04, ⟨Jf⟩=4.1e-04, ⟨B·n⟩=4.9e-03, Len=sum([5.2, 5.2, 5.1])=15.5, ϰ=[5.6, 6.2, 7.0], ∫ϰ²/L>=[5.6, 7.6, 8.5], C-C-Sep=0.20, ║∇J║=1.2e-02
Iteration 186/2000-----
currents: [100000.0, 99999.99999808933, 99999.99999766143]
J=4.6e-04, ⟨Jf⟩=4.0e-04, ⟨B·n⟩=4.9e-03, Len=sum([5.2, 5.2, 5.1])=15.5, ϰ=[5.7, 6.2, 7.1], ∫ϰ²/L>=[5.7, 7.7, 8.6], C-C-Sep=0.20, ║∇J║=1.3e-02
Iteration 187/2000-----
currents: [100000.0, 99999.9999980883, 99999.99999765912]
J=4.6e-04, ⟨Jf⟩=4.0e-04, ⟨B·n⟩=4.9e-03, Len=sum([5.2, 5.2, 5.1])=15.5, ϰ=[5.7, 6.1, 7.0], ∫ϰ²/L>=[5.6, 7.6, 8.6], C-C-Sep=0.20, ║∇J║=1.2e-02
Iteration 188/2000-----
currents: [100000.0, 99999.9999980863, 99999.99999765365]
J=4.5e-04, ⟨Jf⟩=4.0e-04, ⟨B·n⟩=4.8e-03, Len=sum([5.2, 5.2, 5.1])=15.5, ϰ=[5.8, 5.9, 6.9], ∫ϰ²/L>=[5.6, 7.6, 8.6], C-C-Sep=0.20, ║∇J║=1.0e-02
Iteration 189/2000-----
currents: [100000.0, 99999.99999808612, 99999.99999765366]
J=4.5e-04, ⟨Jf⟩=4.0e-04, ⟨B·n⟩=4.8e-03, Len=sum([5.2, 5.2, 5.1])=15.5, ϰ=[5.8, 5.9, 6.8], ∫ϰ²/L>=[5.6, 7.5, 8.6], C-C-Sep=0.20, ║∇J║=1.0e-02
Iteration 190/2000-----
currents: [100000.0, 99999.99999808478, 99999.99999765014]
J=4.5e-04, ⟨Jf⟩=3.9e-04, ⟨B·n⟩=4.8e-03, Len=sum([5.2, 5.2, 5.1])=15.5, ϰ=[5.8, 5.9, 6.7], ∫ϰ²/L>=[5.5, 7.4, 8.6], C-C-Sep=0.20, ║∇J║=1.0e-02
Iteration 191/2000-----
currents: [100000.0, 99999.99999808279, 99999.99999764509]
J=4.5e-04, ⟨Jf⟩=3.9e-04, ⟨B·n⟩=4.8e-03, Len=sum([5.2, 5.2, 5.1])=15.5, ϰ=[5.8, 5.7, 6.5], ∫ϰ²/L>=[5.4, 7.3, 8.6], C-C-Sep=0.20, ║∇J║=1.2e-02
Iteration 192/2000-----
currents: [100000.0, 99999.99999808037, 99999.99999763831]
J=4.5e-04, ⟨Jf⟩=3.9e-04, ⟨B·n⟩=4.8e-03, Len=sum([5.2, 5.2, 5.1])=15.5, ϰ=[5.7, 5.7, 6.8], ∫ϰ²/L>=[5.4, 7.3, 8.7], C-C-Sep=0.20, ║∇J║=1.3e-02
Iteration 193/2000-----
currents: [100000.0, 99999.99999807973, 99999.99999763683]
J=4.4e-04, ⟨Jf⟩=3.9e-04, ⟨B·n⟩=4.8e-03, Len=sum([5.2, 5.2, 5.1])=15.5, ϰ=[5.6, 5.7, 6.9], ∫ϰ²/L>=[5.4, 7.3, 8.7], C-C-Sep=0.20, ║∇J║=9.9e-03
Iteration 194/2000-----
currents: [100000.0, 99999.99999807728, 99999.99999762986]
J=4.4e-04, ⟨Jf⟩=3.9e-04, ⟨B·n⟩=4.8e-03, Len=sum([5.2, 5.2, 5.1])=15.5, ϰ=[5.6, 5.7, 7.1], ∫ϰ²/L>=[5.5, 7.3, 8.7], C-C-Sep=0.20, ║∇J║=1.0e-02
Iteration 195/2000-----
currents: [100000.0, 99999.99999807657, 99999.99999762769]
J=4.4e-04, ⟨Jf⟩=3.8e-04, ⟨B·n⟩=4.7e-03, Len=sum([5.2, 5.2, 5.1])=15.5, ϰ=[5.8, 5.8, 7.2], ∫ϰ²/L>=[5.5, 7.3, 8.6], C-C-Sep=0.20, ║∇J║=1.5e-02
Iteration 196/2000-----
currents: [100000.0, 99999.99999807334, 99999.99999761807]
J=4.4e-04, ⟨Jf⟩=3.8e-04, ⟨B·n⟩=4.7e-03, Len=sum([5.2, 5.2, 5.1])=15.5, ϰ=[5.9, 6.1, 7.4], ∫ϰ²/L>=[5.6, 7.4, 8.7], C-C-Sep=0.20, ║∇J║=1.2e-02
Iteration 197/2000-----
currents: [100000.0, 99999.99999807253, 99999.99999761567]
J=4.3e-04, ⟨Jf⟩=3.8e-04, ⟨B·n⟩=4.7e-03, Len=sum([5.2, 5.2, 5.1])=15.5, ϰ=[5.9, 6.2, 7.5], ∫ϰ²/L>=[5.5, 7.4, 8.7], C-C-Sep=0.20, ║∇J║=1.2e-02
Iteration 198/2000-----
currents: [100000.0, 99999.99999807165, 99999.99999761279]
J=4.3e-04, ⟨Jf⟩=3.8e-04, ⟨B·n⟩=4.7e-03, Len=sum([5.2, 5.2, 5.1])=15.5, ϰ=[5.9, 6.3, 7.4], ∫ϰ²/L>=[5.5, 7.4, 8.7], C-C-Sep=0.20, ║∇J║=8.2e-03
Iteration 199/2000-----
currents: [100000.0, 99999.99999807081, 99999.99999761075]
J=4.3e-04, ⟨Jf⟩=3.8e-04, ⟨B·n⟩=4.7e-03, Len=sum([5.2, 5.2, 5.1])=15.5, ϰ=[5.9, 6.4, 7.4], ∫ϰ²/L>=[5.5, 7.4, 8.6], C-C-Sep=0.20, ║∇J║=8.0e-03
Iteration 200/2000-----
currents: [100000.0, 99999.99999806908, 99999.99999760586]
J=4.3e-04, ⟨Jf⟩=3.8e-04, ⟨B·n⟩=4.7e-03, Len=sum([5.2, 5.2, 5.1])=15.5, ϰ=[5.8, 6.4, 7.4], ∫ϰ²/L>=[5.5, 7.4, 8.6], C-C-Sep=0.20, ║∇J║=9.6e-03
Iteration 201/2000-----
currents: [100000.0, 99999.9999980676, 99999.99999760269]
J=4.3e-04, ⟨Jf⟩=3.8e-04, ⟨B·n⟩=4.7e-03, Len=sum([5.2, 5.2, 5.1])=15.5, ϰ=[5.8, 6.5, 7.4], ∫ϰ²/L>=[5.6, 7.4, 8.6], C-C-Sep=0.20, ║∇J║=1.0e-02
Iteration 202/2000-----
currents: [100000.0, 99999.99999806544, 99999.99999759701]
J=4.2e-04, ⟨Jf⟩=3.7e-04, ⟨B·n⟩=4.7e-03, Len=sum([5.2, 5.2, 5.1])=15.5, ϰ=[5.8, 6.5, 7.3], ∫ϰ²/L>=[5.6, 7.4, 8.6], C-C-Sep=0.20, ║∇J║=9.1e-03
Iteration 203/2000-----
currents: [100000.0, 99999.99999806295, 99999.99999759097]
J=4.2e-04, ⟨Jf⟩=3.7e-04, ⟨B·n⟩=4.6e-03, Len=sum([5.2, 5.2, 5.1])=15.5, ϰ=[5.8, 6.5, 7.1], ∫ϰ²/L>=[5.6, 7.3, 8.6], C-C-Sep=0.20, ║∇J║=8.8e-03
Iteration 204/2000-----
currents: [100000.0, 99999.99999805988, 99999.99999758317]
J=4.2e-04, ⟨Jf⟩=3.7e-04, ⟨B·n⟩=4.6e-03, Len=sum([5.2, 5.2, 5.1])=15.5, ϰ=[5.8, 6.4, 7.0], ∫ϰ²/L>=[5.6, 7.3, 8.6], C-C-Sep=0.20, ║∇J║=1.1e-02
Iteration 205/2000-----
currents: [100000.0, 99999.99999805824, 99999.99999757971]
J=4.2e-04, ⟨Jf⟩=3.7e-04, ⟨B·n⟩=4.6e-03, Len=sum([5.2, 5.2, 5.1])=15.5, ϰ=[5.8, 6.3, 6.8], ∫ϰ²/L>=[5.5, 7.2, 8.6], C-C-Sep=0.20, ║∇J║=1.0e-02
Iteration 206/2000-----
currents: [100000.0, 99999.99999805469, 99999.9999975702]
J=4.2e-04, ⟨Jf⟩=3.7e-04, ⟨B·n⟩=4.6e-03, Len=sum([5.2, 5.2, 5.1])=15.5, ϰ=[5.9, 6.2, 6.7], ∫ϰ²/L>=[5.6, 7.2, 8.7], C-C-Sep=0.20, ║∇J║=1.1e-02
Iteration 207/2000-----
currents: [100000.0, 99999.99999805453, 99999.9999975705]
J=4.1e-04, ⟨Jf⟩=3.6e-04, ⟨B·n⟩=4.6e-03, Len=sum([5.2, 5.2, 5.1])=15.5, ϰ=[5.8, 6.1, 6.6], ∫ϰ²/L>=[5.5, 7.2, 8.6], C-C-Sep=0.20, ║∇J║=1.2e-02
Iteration 208/2000-----
currents: [100000.0, 99999.99999805211, 99999.99999756458]
J=4.1e-04, ⟨Jf⟩=3.6e-04, ⟨B·n⟩=4.6e-03, Len=sum([5.2, 5.2, 5.1])=15.5, ϰ=[5.8, 6.0, 6.6], ∫ϰ²/L>=[5.5, 7.2, 8.7], C-C-Sep=0.20, ║∇J║=1.1e-02
Iteration 209/2000-----
currents: [100000.0, 99999.99999805103, 99999.99999756248]
J=4.1e-04, ⟨Jf⟩=3.6e-04, ⟨B·n⟩=4.6e-03, Len=sum([5.2, 5.2, 5.0])=15.4, ϰ=[5.7, 6.0, 6.6], ∫ϰ²/L>=[5.5, 7.2, 8.6], C-C-Sep=0.20, ║∇J║=9.4e-03
Iteration 210/2000-----
currents: [100000.0, 99999.99999804879, 99999.99999755781]
J=4.1e-04, ⟨Jf⟩=3.6e-04, ⟨B·n⟩=4.5e-03, Len=sum([5.2, 5.2, 5.0])=15.4, ϰ=[5.7, 5.7, 6.4], ∫ϰ²/L>=[5.4, 7.3, 8.6], C-C-Sep=0.20, ║∇J║=9.7e-03
Iteration 211/2000-----
currents: [100000.0, 99999.99999804705, 99999.99999755448]
J=4.1e-04, ⟨Jf⟩=3.6e-04, ⟨B·n⟩=4.5e-03, Len=sum([5.2, 5.2, 5.0])=15.4, ϰ=[5.6, 5.7, 6.4], ∫ϰ²/L>=[5.4, 7.3, 8.6], C-C-Sep=0.20, ║∇J║=9.7e-03
Iteration 212/2000-----
currents: [100000.0, 99999.99999804504, 99999.99999755035]
J=4.0e-04, ⟨Jf⟩=3.6e-04, ⟨B·n⟩=4.5e-03, Len=sum([5.2, 5.2, 5.0])=15.4, ϰ=[5.6, 5.6, 6.3], ∫ϰ²/L>=[5.3, 7.4, 8.6], C-C-Sep=0.20, ║∇J║=7.6e-03
Iteration 213/2000-----
currents: [100000.0, 99999.99999804438, 99999.99999754927]
J=4.0e-04, ⟨Jf⟩=3.6e-04, ⟨B·n⟩=4.5e-03, Len=sum([5.2, 5.2, 5.0])=15.4, ϰ=[5.6, 5.6, 6.3], ∫ϰ²/L>=[5.3, 7.3, 8.5], C-C-Sep=0.20, ║∇J║=7.7e-03
Iteration 214/2000-----
currents: [100000.0, 99999.99999804261, 99999.99999754512]
J=4.0e-04, ⟨Jf⟩=3.6e-04, ⟨B·n⟩=4.5e-03, Len=sum([5.2, 5.2, 5.0])=15.4, ϰ=[5.6, 5.5, 6.2], ∫ϰ²/L>=[5.2, 7.2, 8.5], C-C-Sep=0.20, ║∇J║=8.4e-03
Iteration 215/2000-----
currents: [100000.0, 99999.99999804168, 99999.99999754324]
J=4.0e-04, ⟨Jf⟩=3.6e-04, ⟨B·n⟩=4.5e-03, Len=sum([5.2, 5.2, 5.0])=15.4, ϰ=[5.5, 5.4, 6.2], ∫ϰ²/L>=[5.2, 7.1, 8.5], C-C-Sep=0.20, ║∇J║=8.5e-03
Iteration 216/2000-----
currents: [100000.0, 99999.99999803916, 99999.99999753745]
J=4.0e-04, ⟨Jf⟩=3.6e-04, ⟨B·n⟩=4.5e-03, Len=sum([5.2, 5.2, 5.0])=15.4, ϰ=[5.5, 5.3, 6.2], ∫ϰ²/L>=[5.2, 7.1, 8.6], C-C-Sep=0.20, ║∇J║=8.0e-03
Iteration 217/2000-----
currents: [100000.0, 99999.9999980375, 99999.9999975342]
J=4.0e-04, ⟨Jf⟩=3.6e-04, ⟨B·n⟩=4.5e-03, Len=sum([5.2, 5.2, 5.0])=15.4, ϰ=[5.5, 5.3, 6.3], ∫ϰ²/L>=[5.2, 7.0, 8.6], C-C-Sep=0.20, ║∇J║=8.8e-03
Iteration 218/2000-----
currents: [100000.0, 99999.99999803597, 99999.99999753159]
J=3.9e-04, ⟨Jf⟩=3.6e-04, ⟨B·n⟩=4.5e-03, Len=sum([5.2, 5.2, 5.0])=15.4, ϰ=[5.5, 5.3, 6.3], ∫ϰ²/L>=[5.2, 7.0, 8.6], C-C-Sep=0.20, ║∇J║=7.6e-03
Iteration 219/2000-----
currents: [100000.0, 99999.99999803322, 99999.999997526]
J=3.9e-04, ⟨Jf⟩=3.5e-04, ⟨B·n⟩=4.5e-03, Len=sum([5.2, 5.2, 5.0])=15.4, ϰ=[5.5, 5.3, 6.4], ∫ϰ²/L>=[5.2, 7.0, 8.7], C-C-Sep=0.20, ║∇J║=8.5e-03
Iteration 220/2000-----
currents: [100000.0, 99999.99999803219, 99999.99999752422]
J=3.9e-04, ⟨Jf⟩=3.5e-04, ⟨B·n⟩=4.5e-03, Len=sum([5.2, 5.2, 5.0])=15.4, ϰ=[5.5, 5.4, 6.4], ∫ϰ²/L>=[5.2, 7.0, 8.7], C-C-Sep=0.20, ║∇J║=6.9e-03
Iteration 221/2000-----
currents: [100000.0, 99999.99999803092, 99999.99999752169]
J=3.9e-04, ⟨Jf⟩=3.5e-04, ⟨B·n⟩=4.5e-03, Len=sum([5.2, 5.2, 5.0])=15.4, ϰ=[5.4, 5.4, 6.4], ∫ϰ²/L>=[5.2, 7.0, 8.7], C-C-Sep=0.20, ║∇J║=6.3e-03
Iteration 222/2000-----
currents: [100000.0, 99999.99999802967, 99999.9999975199]
J=3.9e-04, ⟨Jf⟩=3.5e-04, ⟨B·n⟩=4.5e-03, Len=sum([5.2, 5.2, 5.0])=15.4, ϰ=[5.3, 5.4, 6.4], ∫ϰ²/L>=[5.1, 6.9, 8.6], C-C-Sep=0.20, ║∇J║=7.4e-03
Iteration 223/2000-----
currents: [100000.0, 99999.9999980253, 99999.99999751011]
J=3.9e-04, ⟨Jf⟩=3.5e-04, ⟨B·n⟩=4.5e-03, Len=sum([5.2, 5.2, 5.0])=15.4, ϰ=[5.3, 5.4, 6.4], ∫ϰ²/L>=[5.2, 7.1, 8.7], C-C-Sep=0.20, ║∇J║=1.1e-02
Iteration 224/2000-----
currents: [100000.0, 99999.99999802535, 99999.99999751065]
J=3.9e-04, ⟨Jf⟩=3.5e-04, ⟨B·n⟩=4.5e-03, Len=sum([5.2, 5.2, 5.0])=15.4, ϰ=[5.2, 5.4, 6.4], ∫ϰ²/L>=[5.1, 7.0, 8.6], C-C-Sep=0.20, ║∇J║=7.4e-03
Iteration 225/2000-----
currents: [100000.0, 99999.99999802352, 99999.99999750678]
J=3.9e-04, ⟨Jf⟩=3.5e-04, ⟨B·n⟩=4.5e-03, Len=sum([5.2, 5.2, 5.0])=15.4, ϰ=[5.2, 5.4, 6.5], ∫ϰ²/L>=[5.1, 7.0, 8.6], C-C-Sep=0.20, ║∇J║=7.3e-03
Iteration 226/2000-----
currents: [100000.0, 99999.99999802158, 99999.99999750279]
J=3.8e-04, ⟨Jf⟩=3.5e-04, ⟨B·n⟩=4.5e-03, Len=sum([5.2, 5.2, 5.0])=15.4, ϰ=[5.2, 5.5, 6.5], ∫ϰ²/L>=[5.1, 7.0, 8.6], C-C-Sep=0.20, ║∇J║=6.6e-03
Iteration 227/2000-----
currents: [100000.0, 99999.99999801886, 99999.99999749668]
J=3.8e-04, ⟨Jf⟩=3.5e-04, ⟨B·n⟩=4.4e-03, Len=sum([5.2, 5.2, 5.0])=15.4, ϰ=[5.3, 5.5, 6.4], ∫ϰ²/L>=[5.2, 7.1, 8.6], C-C-Sep=0.20, ║∇J║=5.9e-03
Iteration 228/2000-----
currents: [100000.0, 99999.99999801558, 99999.99999748972]
J=3.8e-04, ⟨Jf⟩=3.5e-04, ⟨B·n⟩=4.4e-03, Len=sum([5.2, 5.2, 5.0])=15.4, ϰ=[5.3, 5.4, 6.3], ∫ϰ²/L>=[5.2, 7.1, 8.6], C-C-Sep=0.20, ║∇J║=8.1e-03
Iteration 229/2000-----
currents: [100000.0, 99999.99999801266, 99999.99999748348]
J=3.8e-04, ⟨Jf⟩=3.4e-04, ⟨B·n⟩=4.4e-03, Len=sum([5.2, 5.2, 5.0])=15.4, ϰ=[5.4, 5.4, 6.4], ∫ϰ²/L>=[5.3, 7.2, 8.6], C-C-Sep=0.20, ║∇J║=8.7e-03
Iteration 230/2000-----
currents: [100000.0, 99999.999998012, 99999.99999748226]
J=3.8e-04, ⟨Jf⟩=3.4e-04, ⟨B·n⟩=4.4e-03, Len=sum([5.2, 5.2, 5.0])=15.4, ϰ=[5.4, 5.4, 6.4], ∫ϰ²/L>=[5.3, 7.1, 8.6], C-C-Sep=0.20, ║∇J║=6.4e-03
Iteration 231/2000-----
currents: [100000.0, 99999.9999980099, 99999.99999747869]
J=3.8e-04, ⟨Jf⟩=3.4e-04, ⟨B·n⟩=4.4e-03, Len=sum([5.2, 5.2, 5.0])=15.4, ϰ=[5.4, 5.4, 6.4], ∫ϰ²/L>=[5.3, 7.1, 8.6], C-C-Sep=0.20, ║∇J║=6.7e-03
Iteration 232/2000-----
currents: [100000.0, 99999.9999980085, 99999.99999747663]
J=3.8e-04, ⟨Jf⟩=3.4e-04, ⟨B·n⟩=4.4e-03, Len=sum([5.2, 5.2, 5.0])=15.4, ϰ=[5.4, 5.4, 6.5], ∫ϰ²/L>=[5.2, 7.1, 8.6], C-C-Sep=0.20, ║∇J║=7.2e-03
Iteration 233/2000-----
currents: [100000.0, 99999.99999800543, 99999.99999747118]
J=3.8e-04, ⟨Jf⟩=3.4e-04, ⟨B·n⟩=4.4e-03, Len=sum([5.2, 5.2, 5.0])=15.4, ϰ=[5.4, 5.5, 6.6], ∫ϰ²/L>=[5.2, 7.1, 8.6], C-C-Sep=0.20, ║∇J║=6.6e-03
Iteration 234/2000-----
currents: [100000.0, 99999.99999800157, 99999.99999746405]
J=3.8e-04, ⟨Jf⟩=3.4e-04, ⟨B·n⟩=4.4e-03, Len=sum([5.2, 5.2, 5.0])=15.4, ϰ=[5.4, 5.5, 6.7], ∫ϰ²/L>=[5.2, 7.2, 8.6], C-C-Sep=0.20, ║∇J║=9.2e-03
Iteration 235/2000-----
currents: [100000.0, 99999.99999800035, 99999.99999746156]
J=3.7e-04, ⟨Jf⟩=3.4e-04, ⟨B·n⟩=4.4e-03, Len=sum([5.2, 5.2, 5.0])=15.4, ϰ=[5.4, 5.6, 6.7], ∫ϰ²/L>=[5.2, 7.2, 8.6], C-C-Sep=0.20, ║∇J║=6.2e-03
Iteration 236/2000-----
currents: [100000.0, 99999.99999799972, 99999.99999746021]
J=3.7e-04, ⟨Jf⟩=3.4e-04, ⟨B·n⟩=4.4e-03, Len=sum([5.2, 5.2, 5.0])=15.4, ϰ=[5.4, 5.6, 6.7], ∫ϰ²/L>=[5.2, 7.2, 8.6], C-C-Sep=0.20, ║∇J║=5.9e-03
Iteration 237/2000-----
currents: [100000.0, 99999.9999979973, 99999.99999745574]
J=3.7e-04, ⟨Jf⟩=3.4e-04, ⟨B·n⟩=4.4e-03, Len=sum([5.2, 5.2, 5.0])=15.4, ϰ=[5.3, 5.7, 6.6], ∫ϰ²/L>=[5.2, 7.1, 8.5], C-C-Sep=0.20, ║∇J║=7.7e-03
Iteration 238/2000-----
currents: [100000.0, 99999.99999799357, 99999.9999974488]
J=3.7e-04, ⟨Jf⟩=3.4e-04, ⟨B·n⟩=4.4e-03, Len=sum([5.2, 5.2, 5.0])=15.4, ϰ=[5.2, 6.0, 6.5], ∫ϰ²/L>=[5.1, 7.2, 8.5], C-C-Sep=0.20, ║∇J║=1.1e-02
Iteration 239/2000-----
currents: [100000.0, 99999.99999799175, 99999.99999744642]
J=3.7e-04, ⟨Jf⟩=3.4e-04, ⟨B·n⟩=4.4e-03, Len=sum([5.2, 5.2, 5.0])=15.4, ϰ=[5.1, 6.1, 6.4], ∫ϰ²/L>=[5.1, 7.2, 8.5], C-C-Sep=0.20, ║∇J║=6.9e-03
Iteration 240/2000-----
currents: [100000.0, 99999.99999798735, 99999.99999743779]
J=3.7e-04, ⟨Jf⟩=3.3e-04, ⟨B·n⟩=4.3e-03, Len=sum([5.2, 5.2, 5.0])=15.4, ϰ=[5.1, 6.1, 6.3], ∫ϰ²/L>=[5.1, 7.2, 8.6], C-C-Sep=0.20, ║∇J║=7.1e-03
Iteration 241/2000-----
currents: [100000.0, 99999.99999798712, 99999.99999743847]
J=3.7e-04, ⟨Jf⟩=3.3e-04, ⟨B·n⟩=4.3e-03, Len=sum([5.2, 5.2, 5.0])=15.4, ϰ=[5.0, 6.3, 6.1], ∫ϰ²/L>=[5.0, 7.2, 8.6], C-C-Sep=0.20, ║∇J║=8.4e-03
Iteration 242/2000-----
currents: [100000.0, 99999.99999798488, 99999.99999743381]
J=3.7e-04, ⟨Jf⟩=3.3e-04, ⟨B·n⟩=4.3e-03, Len=sum([5.2, 5.2, 5.0])=15.4, ϰ=[5.0, 6.3, 6.1], ∫ϰ²/L>=[5.0, 7.2, 8.6], C-C-Sep=0.20, ║∇J║=7.8e-03
Iteration 243/2000-----
currents: [100000.0, 99999.99999797909, 99999.99999742264]
J=3.7e-04, ⟨Jf⟩=3.3e-04, ⟨B·n⟩=4.3e-03, Len=sum([5.2, 5.2, 5.0])=15.4, ϰ=[5.0, 6.4, 6.0], ∫ϰ²/L>=[5.1, 7.3, 8.6], C-C-Sep=0.20, ║∇J║=7.2e-03
Iteration 244/2000-----
currents: [100000.0, 99999.99999797757, 99999.99999741967]
J=3.6e-04, ⟨Jf⟩=3.3e-04, ⟨B·n⟩=4.3e-03, Len=sum([5.2, 5.2, 5.0])=15.4, ϰ=[4.9, 6.5, 5.9], ∫ϰ²/L>=[5.1, 7.3, 8.6], C-C-Sep=0.20, ║∇J║=7.6e-03
Iteration 245/2000-----
currents: [100000.0, 99999.99999797724, 99999.99999741896]
J=3.6e-04, ⟨Jf⟩=3.3e-04, ⟨B·n⟩=4.3e-03, Len=sum([5.2, 5.2, 5.0])=15.4, ϰ=[4.9, 6.5, 5.9], ∫ϰ²/L>=[5.1, 7.2, 8.6], C-C-Sep=0.20, ║∇J║=6.1e-03
Iteration 246/2000-----
currents: [100000.0, 99999.99999797453, 99999.9999974139]
J=3.6e-04, ⟨Jf⟩=3.3e-04, ⟨B·n⟩=4.3e-03, Len=sum([5.2, 5.2, 5.0])=15.4, ϰ=[4.9, 6.5, 5.9], ∫ϰ²/L>=[5.1, 7.2, 8.6], C-C-Sep=0.20, ║∇J║=6.2e-03
Iteration 247/2000-----
currents: [100000.0, 99999.99999797228, 99999.99999740989]
J=3.6e-04, ⟨Jf⟩=3.3e-04, ⟨B·n⟩=4.3e-03, Len=sum([5.2, 5.2, 5.0])=15.4, ϰ=[4.9, 6.4, 5.9], ∫ϰ²/L>=[5.2, 7.2, 8.6], C-C-Sep=0.20, ║∇J║=7.1e-03
Iteration 248/2000-----
currents: [100000.0, 99999.99999796937, 99999.99999740487]
J=3.6e-04, ⟨Jf⟩=3.3e-04, ⟨B·n⟩=4.3e-03, Len=sum([5.2, 5.2, 5.0])=15.4, ϰ=[5.0, 6.4, 6.0], ∫ϰ²/L>=[5.2, 7.2, 8.6], C-C-Sep=0.20, ║∇J║=6.5e-03
Iteration 249/2000-----
currents: [100000.0, 99999.99999796561, 99999.99999739863]
J=3.6e-04, ⟨Jf⟩=3.2e-04, ⟨B·n⟩=4.3e-03, Len=sum([5.2, 5.2, 5.0])=15.4, ϰ=[5.2, 6.3, 6.0], ∫ϰ²/L>=[5.3, 7.2, 8.6], C-C-Sep=0.20, ║∇J║=6.9e-03
Iteration 250/2000-----
currents: [100000.0, 99999.99999796251, 99999.99999739334]
J=3.6e-04, ⟨Jf⟩=3.2e-04, ⟨B·n⟩=4.3e-03, Len=sum([5.2, 5.2, 5.0])=15.4, ϰ=[5.3, 6.2, 5.9], ∫ϰ²/L>=[5.3, 7.3, 8.6], C-C-Sep=0.20, ║∇J║=7.6e-03
Iteration 251/2000-----
currents: [100000.0, 99999.9999979613, 99999.9999973914]
J=3.6e-04, ⟨Jf⟩=3.2e-04, ⟨B·n⟩=4.3e-03, Len=sum([5.2, 5.2, 5.0])=15.4, ϰ=[5.3, 6.2, 5.9], ∫ϰ²/L>=[5.3, 7.3, 8.6], C-C-Sep=0.20, ║∇J║=5.4e-03
Iteration 252/2000-----
currents: [100000.0, 99999.99999795905, 99999.99999738748]
J=3.6e-04, ⟨Jf⟩=3.2e-04, ⟨B·n⟩=4.3e-03, Len=sum([5.2, 5.2, 5.0])=15.4, ϰ=[5.2, 6.1, 5.9], ∫ϰ²/L>=[5.2, 7.3, 8.5], C-C-Sep=0.20, ║∇J║=4.9e-03
Iteration 253/2000-----
currents: [100000.0, 99999.99999795709, 99999.99999738441]
J=3.6e-04, ⟨Jf⟩=3.2e-04, ⟨B·n⟩=4.3e-03, Len=sum([5.2, 5.2, 5.0])=15.4, ϰ=[5.2, 6.1, 5.9], ∫ϰ²/L>=[5.2, 7.3, 8.5], C-C-Sep=0.20, ║∇J║=5.7e-03
Iteration 254/2000-----
currents: [100000.0, 99999.99999795278, 99999.99999737722]
J=3.5e-04, ⟨Jf⟩=3.2e-04, ⟨B·n⟩=4.3e-03, Len=sum([5.2, 5.2, 5.0])=15.4, ϰ=[5.1, 6.0, 5.8], ∫ϰ²/L>=[5.2, 7.3, 8.5], C-C-Sep=0.20, ║∇J║=6.0e-03
Iteration 255/2000-----
currents: [100000.0, 99999.99999795078, 99999.99999737434]
J=3.5e-04, ⟨Jf⟩=3.2e-04, ⟨B·n⟩=4.2e-03, Len=sum([5.2, 5.2, 5.0])=15.4, ϰ=[5.1, 6.1, 5.8], ∫ϰ²/L>=[5.1, 7.3, 8.5], C-C-Sep=0.20, ║∇J║=8.0e-03
Iteration 256/2000-----
currents: [100000.0, 99999.99999794846, 99999.99999736992]
J=3.5e-04, ⟨Jf⟩=3.2e-04, ⟨B·n⟩=4.2e-03, Len=sum([5.2, 5.2, 5.0])=15.4, ϰ=[5.1, 6.1, 5.9], ∫ϰ²/L>=[5.1, 7.3, 8.5], C-C-Sep=0.20, ║∇J║=5.6e-03
Iteration 257/2000-----
currents: [100000.0, 99999.99999794684, 99999.9999973672]
J=3.5e-04, ⟨Jf⟩=3.2e-04, ⟨B·n⟩=4.2e-03, Len=sum([5.2, 5.2, 5.0])=15.4, ϰ=[5.1, 6.1, 5.9], ∫ϰ²/L>=[5.1, 7.3, 8.5], C-C-Sep=0.20, ║∇J║=5.8e-03
Iteration 258/2000-----
currents: [100000.0, 99999.99999794482, 99999.99999736379]
J=3.5e-04, ⟨Jf⟩=3.2e-04, ⟨B·n⟩=4.2e-03, Len=sum([5.2, 5.2, 5.0])=15.4, ϰ=[5.1, 6.2, 5.9], ∫ϰ²/L>=[5.1, 7.3, 8.4], C-C-Sep=0.20, ║∇J║=5.5e-03
Iteration 259/2000-----
currents: [100000.0, 99999.99999794079, 99999.99999735676]
J=3.5e-04, ⟨Jf⟩=3.2e-04, ⟨B·n⟩=4.2e-03, Len=sum([5.2, 5.2, 5.0])=15.4, ϰ=[5.0, 6.3, 5.8], ∫ϰ²/L>=[5.0, 7.3, 8.4], C-C-Sep=0.20, ║∇J║=6.7e-03
Iteration 260/2000-----
currents: [100000.0, 99999.99999793587, 99999.99999734786]
J=3.5e-04, ⟨Jf⟩=3.2e-04, ⟨B·n⟩=4.2e-03, Len=sum([5.2, 5.2, 5.0])=15.4, ϰ=[5.0, 6.4, 5.7], ∫ϰ²/L>=[5.0, 7.3, 8.4], C-C-Sep=0.20, ║∇J║=6.0e-03
Iteration 261/2000-----
currents: [100000.0, 99999.99999793453, 99999.99999734528]
J=3.5e-04, ⟨Jf⟩=3.2e-04, ⟨B·n⟩=4.2e-03, Len=sum([5.2, 5.2, 5.0])=15.4, ϰ=[5.0, 6.4, 5.6], ∫ϰ²/L>=[5.0, 7.3, 8.4], C-C-Sep=0.20, ║∇J║=5.1e-03
Iteration 262/2000-----
currents: [100000.0, 99999.99999793175, 99999.99999733992]
J=3.5e-04, ⟨Jf⟩=3.1e-04, ⟨B·n⟩=4.2e-03, Len=sum([5.2, 5.2, 5.0])=15.4, ϰ=[5.0, 6.5, 5.5], ∫ϰ²/L>=[5.0, 7.4, 8.4], C-C-Sep=0.20, ║∇J║=5.5e-03
Iteration 263/2000-----
currents: [100000.0, 99999.99999792855, 99999.99999733368]
J=3.5e-04, ⟨Jf⟩=3.1e-04, ⟨B·n⟩=4.2e-03, Len=sum([5.2, 5.2, 5.0])=15.4, ϰ=[5.0, 6.5, 5.4], ∫ϰ²/L>=[5.0, 7.4, 8.4], C-C-Sep=0.20, ║∇J║=5.9e-03
Iteration 264/2000-----
currents: [100000.0, 99999.99999792821, 99999.99999733292]
J=3.5e-04, ⟨Jf⟩=3.1e-04, ⟨B·n⟩=4.2e-03, Len=sum([5.2, 5.2, 5.0])=15.4, ϰ=[5.1, 6.5, 5.4], ∫ϰ²/L>=[5.0, 7.4, 8.4], C-C-Sep=0.20, ║∇J║=4.9e-03
Iteration 265/2000-----
currents: [100000.0, 99999.9999979231, 99999.99999732286]
J=3.5e-04, ⟨Jf⟩=3.1e-04, ⟨B·n⟩=4.2e-03, Len=sum([5.2, 5.2, 5.0])=15.4, ϰ=[5.1, 6.6, 5.4], ∫ϰ²/L>=[5.1, 7.4, 8.4], C-C-Sep=0.20, ║∇J║=5.6e-03
Iteration 266/2000-----
currents: [100000.0, 99999.99999792314, 99999.99999732281]
J=3.5e-04, ⟨Jf⟩=3.1e-04, ⟨B·n⟩=4.2e-03, Len=sum([5.2, 5.2, 5.0])=15.4, ϰ=[5.1, 6.6, 5.5], ∫ϰ²/L>=[5.1, 7.4, 8.3], C-C-Sep=0.20, ║∇J║=5.3e-03
Iteration 267/2000-----
currents: [100000.0, 99999.99999792155, 99999.9999973196]
J=3.4e-04, ⟨Jf⟩=3.1e-04, ⟨B·n⟩=4.2e-03, Len=sum([5.2, 5.2, 5.0])=15.4, ϰ=[5.0, 6.6, 5.5], ∫ϰ²/L>=[5.1, 7.4, 8.3], C-C-Sep=0.20, ║∇J║=4.8e-03
Iteration 268/2000-----
currents: [100000.0, 99999.99999791711, 99999.99999731091]
J=3.4e-04, ⟨Jf⟩=3.1e-04, ⟨B·n⟩=4.2e-03, Len=sum([5.2, 5.2, 5.0])=15.4, ϰ=[5.0, 6.6, 5.6], ∫ϰ²/L>=[5.1, 7.3, 8.3], C-C-Sep=0.20, ║∇J║=5.5e-03
Iteration 269/2000-----
currents: [100000.0, 99999.99999791288, 99999.99999730254]
J=3.4e-04, ⟨Jf⟩=3.1e-04, ⟨B·n⟩=4.2e-03, Len=sum([5.2, 5.2, 5.0])=15.4, ϰ=[5.0, 6.6, 5.6], ∫ϰ²/L>=[5.2, 7.4, 8.3], C-C-Sep=0.20, ║∇J║=5.5e-03
Iteration 270/2000-----
currents: [100000.0, 99999.99999790838, 99999.99999729388]
J=3.4e-04, ⟨Jf⟩=3.1e-04, ⟨B·n⟩=4.2e-03, Len=sum([5.2, 5.2, 5.0])=15.4, ϰ=[5.0, 6.6, 5.7], ∫ϰ²/L>=[5.2, 7.4, 8.3], C-C-Sep=0.20, ║∇J║=5.6e-03
Iteration 271/2000-----
currents: [100000.0, 99999.9999979046, 99999.99999728688]
J=3.4e-04, ⟨Jf⟩=3.1e-04, ⟨B·n⟩=4.2e-03, Len=sum([5.2, 5.2, 4.9])=15.4, ϰ=[5.0, 6.6, 5.7], ∫ϰ²/L>=[5.2, 7.4, 8.2], C-C-Sep=0.20, ║∇J║=5.4e-03
Iteration 272/2000-----
currents: [100000.0, 99999.99999790234, 99999.9999972827]
J=3.4e-04, ⟨Jf⟩=3.1e-04, ⟨B·n⟩=4.2e-03, Len=sum([5.2, 5.2, 4.9])=15.4, ϰ=[5.0, 6.7, 5.8], ∫ϰ²/L>=[5.1, 7.4, 8.2], C-C-Sep=0.20, ║∇J║=5.4e-03
Iteration 273/2000-----
currents: [100000.0, 99999.99999790067, 99999.99999727993]
J=3.4e-04, ⟨Jf⟩=3.1e-04, ⟨B·n⟩=4.2e-03, Len=sum([5.2, 5.2, 4.9])=15.4, ϰ=[5.0, 6.7, 5.8], ∫ϰ²/L>=[5.1, 7.4, 8.2], C-C-Sep=0.20, ║∇J║=4.8e-03
Iteration 274/2000-----
currents: [100000.0, 99999.99999789889, 99999.99999727673]
J=3.4e-04, ⟨Jf⟩=3.1e-04, ⟨B·n⟩=4.1e-03, Len=sum([5.2, 5.2, 4.9])=15.4, ϰ=[5.0, 6.8, 5.9], ∫ϰ²/L>=[5.1, 7.4, 8.2], C-C-Sep=0.20, ║∇J║=4.5e-03
Iteration 275/2000-----
currents: [100000.0, 99999.99999789664, 99999.99999727245]
J=3.4e-04, ⟨Jf⟩=3.1e-04, ⟨B·n⟩=4.1e-03, Len=sum([5.2, 5.2, 4.9])=15.4, ϰ=[5.0, 6.8, 5.9], ∫ϰ²/L>=[5.0, 7.4, 8.1], C-C-Sep=0.20, ║∇J║=4.9e-03
Iteration 276/2000-----
currents: [100000.0, 99999.99999789368, 99999.99999726652]
J=3.4e-04, ⟨Jf⟩=3.1e-04, ⟨B·n⟩=4.1e-03, Len=sum([5.2, 5.2, 4.9])=15.4, ϰ=[5.1, 6.8, 5.9], ∫ϰ²/L>=[5.0, 7.4, 8.1], C-C-Sep=0.20, ║∇J║=4.6e-03
Iteration 277/2000-----
currents: [100000.0, 99999.99999788863, 99999.99999725702]
J=3.4e-04, ⟨Jf⟩=3.0e-04, ⟨B·n⟩=4.1e-03, Len=sum([5.2, 5.2, 4.9])=15.4, ϰ=[5.1, 6.9, 5.8], ∫ϰ²/L>=[5.0, 7.4, 8.1], C-C-Sep=0.20, ║∇J║=6.3e-03
Iteration 278/2000-----
currents: [100000.0, 99999.99999788572, 99999.99999725111]
J=3.4e-04, ⟨Jf⟩=3.0e-04, ⟨B·n⟩=4.1e-03, Len=sum([5.2, 5.2, 4.9])=15.4, ϰ=[5.2, 6.9, 5.9], ∫ϰ²/L>=[5.0, 7.4, 8.1], C-C-Sep=0.20, ║∇J║=5.5e-03
Iteration 279/2000-----
currents: [100000.0, 99999.99999787955, 99999.99999723965]
J=3.4e-04, ⟨Jf⟩=3.0e-04, ⟨B·n⟩=4.1e-03, Len=sum([5.2, 5.2, 4.9])=15.4, ϰ=[5.3, 6.9, 5.9], ∫ϰ²/L>=[5.0, 7.5, 8.0], C-C-Sep=0.20, ║∇J║=4.8e-03
Iteration 280/2000-----
currents: [100000.0, 99999.99999787945, 99999.99999723927]
J=3.3e-04, ⟨Jf⟩=3.1e-04, ⟨B·n⟩=4.1e-03, Len=sum([5.2, 5.2, 4.9])=15.4, ϰ=[5.3, 6.9, 6.0], ∫ϰ²/L>=[5.0, 7.4, 8.0], C-C-Sep=0.20, ║∇J║=4.9e-03
Iteration 281/2000-----
currents: [100000.0, 99999.99999787452, 99999.99999722978]
J=3.3e-04, ⟨Jf⟩=3.0e-04, ⟨B·n⟩=4.1e-03, Len=sum([5.2, 5.2, 4.9])=15.4, ϰ=[5.3, 6.9, 6.0], ∫ϰ²/L>=[5.0, 7.5, 8.0], C-C-Sep=0.20, ║∇J║=4.5e-03
Iteration 282/2000-----
currents: [100000.0, 99999.99999787129, 99999.99999722352]
J=3.3e-04, ⟨Jf⟩=3.0e-04, ⟨B·n⟩=4.1e-03, Len=sum([5.2, 5.2, 4.9])=15.4, ϰ=[5.3, 6.9, 5.9], ∫ϰ²/L>=[5.0, 7.5, 8.0], C-C-Sep=0.20, ║∇J║=4.4e-03
Iteration 283/2000-----
currents: [100000.0, 99999.99999786707, 99999.999997215]
J=3.3e-04, ⟨Jf⟩=3.0e-04, ⟨B·n⟩=4.1e-03, Len=sum([5.2, 5.2, 4.9])=15.4, ϰ=[5.3, 6.9, 5.9], ∫ϰ²/L>=[5.0, 7.5, 8.0], C-C-Sep=0.20, ║∇J║=4.8e-03
Iteration 284/2000-----
currents: [100000.0, 99999.99999786579, 99999.99999721207]
J=3.3e-04, ⟨Jf⟩=3.0e-04, ⟨B·n⟩=4.1e-03, Len=sum([5.2, 5.2, 4.9])=15.4, ϰ=[5.3, 6.9, 5.9], ∫ϰ²/L>=[5.1, 7.5, 8.0], C-C-Sep=0.20, ║∇J║=4.4e-03
Iteration 285/2000-----
currents: [100000.0, 99999.99999786321, 99999.99999720705]
J=3.3e-04, ⟨Jf⟩=3.0e-04, ⟨B·n⟩=4.1e-03, Len=sum([5.2, 5.2, 4.9])=15.4, ϰ=[5.3, 6.9, 5.9], ∫ϰ²/L>=[5.1, 7.5, 8.0], C-C-Sep=0.20, ║∇J║=4.5e-03
Iteration 286/2000-----
currents: [100000.0, 99999.9999978616, 99999.99999720404]
J=3.3e-04, ⟨Jf⟩=3.0e-04, ⟨B·n⟩=4.1e-03, Len=sum([5.2, 5.2, 4.9])=15.4, ϰ=[5.3, 6.9, 5.9], ∫ϰ²/L>=[5.1, 7.5, 8.0], C-C-Sep=0.20, ║∇J║=4.5e-03
Iteration 287/2000-----
currents: [100000.0, 99999.9999978583, 99999.99999719807]
J=3.3e-04, ⟨Jf⟩=3.0e-04, ⟨B·n⟩=4.1e-03, Len=sum([5.2, 5.2, 4.9])=15.4, ϰ=[5.3, 6.9, 6.0], ∫ϰ²/L>=[5.1, 7.5, 7.9], C-C-Sep=0.20, ║∇J║=5.0e-03
Iteration 288/2000-----
currents: [100000.0, 99999.99999785298, 99999.9999971882]
J=3.3e-04, ⟨Jf⟩=3.0e-04, ⟨B·n⟩=4.1e-03, Len=sum([5.2, 5.2, 4.9])=15.4, ϰ=[5.2, 7.0, 6.0], ∫ϰ²/L>=[5.1, 7.5, 7.9], C-C-Sep=0.20, ║∇J║=6.0e-03
Iteration 289/2000-----
currents: [100000.0, 99999.99999784824, 99999.99999717926]
J=3.3e-04, ⟨Jf⟩=3.0e-04, ⟨B·n⟩=4.1e-03, Len=sum([5.2, 5.2, 4.9])=15.4, ϰ=[5.1, 7.0, 6.1], ∫ϰ²/L>=[5.2, 7.5, 7.9], C-C-Sep=0.20, ║∇J║=5.0e-03
Iteration 290/2000-----
currents: [100000.0, 99999.99999784323, 99999.99999716978]
J=3.3e-04, ⟨Jf⟩=3.0e-04, ⟨B·n⟩=4.1e-03, Len=sum([5.2, 5.2, 4.9])=15.4, ϰ=[5.0, 7.0, 6.1], ∫ϰ²/L>=[5.2, 7.6, 7.9], C-C-Sep=0.20, ║∇J║=5.0e-03
Iteration 291/2000-----
currents: [100000.0, 99999.99999784165, 99999.99999716645]
J=3.3e-04, ⟨Jf⟩=3.0e-04, ⟨B·n⟩=4.1e-03, Len=sum([5.2, 5.2, 4.9])=15.4, ϰ=[5.0, 7.0, 6.1], ∫ϰ²/L>=[5.2, 7.6, 7.9], C-C-Sep=0.20, ║∇J║=4.7e-03
Iteration 292/2000-----
currents: [100000.0, 99999.99999783789, 99999.99999715896]
J=3.3e-04, ⟨Jf⟩=3.0e-04, ⟨B·n⟩=4.1e-03, Len=sum([5.2, 5.2, 4.9])=15.4, ϰ=[5.0, 7.0, 6.1], ∫ϰ²/L>=[5.2, 7.6, 7.9], C-C-Sep=0.20, ║∇J║=4.7e-03
Iteration 293/2000-----
currents: [100000.0, 99999.99999783662, 99999.99999715631]
J=3.3e-04, ⟨Jf⟩=3.0e-04, ⟨B·n⟩=4.1e-03, Len=sum([5.2, 5.2, 4.9])=15.4, ϰ=[5.0, 7.0, 6.0], ∫ϰ²/L>=[5.1, 7.6, 7.9], C-C-Sep=0.20, ║∇J║=4.5e-03
Iteration 294/2000-----
currents: [100000.0, 99999.99999783131, 99999.99999714611]
J=3.3e-04, ⟨Jf⟩=3.0e-04, ⟨B·n⟩=4.1e-03, Len=sum([5.2, 5.2, 4.9])=15.4, ϰ=[4.9, 7.1, 6.0], ∫ϰ²/L>=[5.1, 7.6, 7.9], C-C-Sep=0.20, ║∇J║=4.2e-03
Iteration 295/2000-----
currents: [100000.0, 99999.99999782901, 99999.99999714215]
J=3.2e-04, ⟨Jf⟩=2.9e-04, ⟨B·n⟩=4.1e-03, Len=sum([5.2, 5.2, 4.9])=15.4, ϰ=[4.8, 7.1, 5.9], ∫ϰ²/L>=[5.1, 7.6, 7.9], C-C-Sep=0.20, ║∇J║=4.1e-03
Iteration 296/2000-----
currents: [100000.0, 99999.9999978254, 99999.99999713566]
J=3.2e-04, ⟨Jf⟩=2.9e-04, ⟨B·n⟩=4.1e-03, Len=sum([5.2, 5.2, 4.9])=15.4, ϰ=[4.7, 7.1, 5.9], ∫ϰ²/L>=[5.1, 7.6, 7.9], C-C-Sep=0.20, ║∇J║=4.2e-03
Iteration 297/2000-----
currents: [100000.0, 99999.99999782183, 99999.9999971292]
J=3.2e-04, ⟨Jf⟩=2.9e-04, ⟨B·n⟩=4.1e-03, Len=sum([5.2, 5.2, 4.9])=15.4, ϰ=[4.6, 7.1, 6.0], ∫ϰ²/L>=[5.1, 7.7, 7.8], C-C-Sep=0.20, ║∇J║=4.6e-03
Iteration 298/2000-----
currents: [100000.0, 99999.99999781582, 99999.99999711792]
J=3.2e-04, ⟨Jf⟩=2.9e-04, ⟨B·n⟩=4.1e-03, Len=sum([5.2, 5.2, 4.9])=15.4, ϰ=[4.6, 7.0, 6.1], ∫ϰ²/L>=[5.1, 7.7, 7.8], C-C-Sep=0.20, ║∇J║=6.0e-03
Iteration 299/2000-----
currents: [100000.0, 99999.99999781304, 99999.99999711239]
J=3.2e-04, ⟨Jf⟩=2.9e-04, ⟨B·n⟩=4.1e-03, Len=sum([5.2, 5.2, 4.9])=15.4, ϰ=[4.7, 7.0, 6.1], ∫ϰ²/L>=[5.1, 7.6, 7.8], C-C-Sep=0.20, ║∇J║=4.4e-03
Iteration 300/2000-----
currents: [100000.0, 99999.99999780807, 99999.99999710255]
J=3.2e-04, ⟨Jf⟩=2.9e-04, ⟨B·n⟩=4.1e-03, Len=sum([5.2, 5.2, 4.9])=15.4, ϰ=[4.7, 7.0, 6.2], ∫ϰ²/L>=[5.1, 7.6, 7.8], C-C-Sep=0.20, ║∇J║=4.6e-03
Iteration 301/2000-----
currents: [100000.0, 99999.9999978054, 99999.9999970972]
J=3.2e-04, ⟨Jf⟩=2.9e-04, ⟨B·n⟩=4.1e-03, Len=sum([5.2, 5.2, 4.9])=15.4, ϰ=[4.8, 7.0, 6.2], ∫ϰ²/L>=[5.1, 7.6, 7.8], C-C-Sep=0.20, ║∇J║=4.1e-03
Iteration 302/2000-----
currents: [100000.0, 99999.9999978014, 99999.99999708976]
J=3.2e-04, ⟨Jf⟩=2.9e-04, ⟨B·n⟩=4.1e-03, Len=sum([5.2, 5.2, 4.9])=15.4, ϰ=[4.8, 6.9, 6.3], ∫ϰ²/L>=[5.1, 7.6, 7.8], C-C-Sep=0.20, ║∇J║=3.9e-03
Iteration 303/2000-----
currents: [100000.0, 99999.99999780042, 99999.99999708834]
J=3.2e-04, ⟨Jf⟩=2.9e-04, ⟨B·n⟩=4.1e-03, Len=sum([5.2, 5.2, 4.9])=15.4, ϰ=[4.8, 6.9, 6.2], ∫ϰ²/L>=[5.1, 7.6, 7.8], C-C-Sep=0.20, ║∇J║=4.2e-03
Iteration 304/2000-----
currents: [100000.0, 99999.99999779629, 99999.99999708075]
J=3.2e-04, ⟨Jf⟩=2.9e-04, ⟨B·n⟩=4.1e-03, Len=sum([5.2, 5.2, 4.9])=15.4, ϰ=[4.7, 6.9, 6.2], ∫ϰ²/L>=[5.1, 7.6, 7.8], C-C-Sep=0.20, ║∇J║=4.1e-03
Iteration 305/2000-----
currents: [100000.0, 99999.99999779659, 99999.99999708148]
J=3.2e-04, ⟨Jf⟩=2.9e-04, ⟨B·n⟩=4.1e-03, Len=sum([5.2, 5.2, 4.9])=15.4, ϰ=[4.8, 6.9, 6.2], ∫ϰ²/L>=[5.1, 7.6, 7.7], C-C-Sep=0.20, ║∇J║=3.7e-03
Iteration 306/2000-----
currents: [100000.0, 99999.99999779329, 99999.99999707508]
J=3.2e-04, ⟨Jf⟩=2.9e-04, ⟨B·n⟩=4.1e-03, Len=sum([5.2, 5.2, 4.9])=15.4, ϰ=[4.8, 6.9, 6.2], ∫ϰ²/L>=[5.1, 7.6, 7.7], C-C-Sep=0.20, ║∇J║=3.8e-03
Iteration 307/2000-----
currents: [100000.0, 99999.99999779124, 99999.99999707108]
J=3.2e-04, ⟨Jf⟩=2.9e-04, ⟨B·n⟩=4.1e-03, Len=sum([5.2, 5.2, 4.9])=15.4, ϰ=[4.9, 7.0, 6.3], ∫ϰ²/L>=[5.1, 7.6, 7.7], C-C-Sep=0.20, ║∇J║=4.7e-03
Iteration 308/2000-----
currents: [100000.0, 99999.99999778588, 99999.99999706053]
J=3.2e-04, ⟨Jf⟩=2.9e-04, ⟨B·n⟩=4.0e-03, Len=sum([5.2, 5.2, 4.9])=15.4, ϰ=[4.9, 7.0, 6.4], ∫ϰ²/L>=[5.1, 7.6, 7.7], C-C-Sep=0.20, ║∇J║=4.1e-03
Iteration 309/2000-----
currents: [100000.0, 99999.99999778334, 99999.99999705561]
J=3.2e-04, ⟨Jf⟩=2.9e-04, ⟨B·n⟩=4.0e-03, Len=sum([5.2, 5.2, 4.9])=15.4, ϰ=[5.0, 7.0, 6.4], ∫ϰ²/L>=[5.1, 7.6, 7.7], C-C-Sep=0.20, ║∇J║=4.2e-03
Iteration 310/2000-----
currents: [100000.0, 99999.99999778131, 99999.99999705183]
J=3.2e-04, ⟨Jf⟩=2.9e-04, ⟨B·n⟩=4.0e-03, Len=sum([5.2, 5.2, 4.9])=15.4, ϰ=[5.0, 7.0, 6.4], ∫ϰ²/L>=[5.1, 7.6, 7.7], C-C-Sep=0.20, ║∇J║=3.3e-03
Iteration 311/2000-----
currents: [100000.0, 99999.99999777989, 99999.99999704942]
J=3.2e-04, ⟨Jf⟩=2.9e-04, ⟨B·n⟩=4.0e-03, Len=sum([5.2, 5.2, 4.9])=15.4, ϰ=[5.0, 7.0, 6.3], ∫ϰ²/L>=[5.1, 7.6, 7.7], C-C-Sep=0.20, ║∇J║=3.0e-03
Iteration 312/2000-----
currents: [100000.0, 99999.99999777593, 99999.99999704235]
J=3.2e-04, ⟨Jf⟩=2.9e-04, ⟨B·n⟩=4.0e-03, Len=sum([5.2, 5.2, 4.9])=15.4, ϰ=[5.0, 6.9, 6.3], ∫ϰ²/L>=[5.1, 7.6, 7.7], C-C-Sep=0.20, ║∇J║=3.4e-03
Iteration 313/2000-----
currents: [100000.0, 99999.99999777241, 99999.99999703605]
J=3.2e-04, ⟨Jf⟩=2.9e-04, ⟨B·n⟩=4.0e-03, Len=sum([5.2, 5.2, 4.9])=15.4, ϰ=[5.1, 6.9, 6.2], ∫ϰ²/L>=[5.1, 7.6, 7.7], C-C-Sep=0.20, ║∇J║=4.9e-03
Iteration 314/2000-----
currents: [100000.0, 99999.99999776931, 99999.9999970302]
J=3.1e-04, ⟨Jf⟩=2.9e-04, ⟨B·n⟩=4.0e-03, Len=sum([5.2, 5.2, 4.9])=15.4, ϰ=[5.1, 6.9, 6.2], ∫ϰ²/L>=[5.1, 7.6, 7.7], C-C-Sep=0.20, ║∇J║=3.5e-03
Iteration 315/2000-----
currents: [100000.0, 99999.99999776433, 99999.9999970206]
J=3.1e-04, ⟨Jf⟩=2.8e-04, ⟨B·n⟩=4.0e-03, Len=sum([5.2, 5.2, 4.9])=15.4, ϰ=[5.1, 6.9, 6.1], ∫ϰ²/L>=[5.1, 7.6, 7.6], C-C-Sep=0.20, ║∇J║=3.5e-03
Iteration 316/2000-----
currents: [100000.0, 99999.99999776245, 99999.99999701683]
J=3.1e-04, ⟨Jf⟩=2.8e-04, ⟨B·n⟩=4.0e-03, Len=sum([5.2, 5.2, 4.9])=15.4, ϰ=[5.1, 6.9, 6.1], ∫ϰ²/L>=[5.1, 7.6, 7.6], C-C-Sep=0.20, ║∇J║=3.9e-03
Iteration 317/2000-----
currents: [100000.0, 99999.99999775838, 99999.99999700881]
J=3.1e-04, ⟨Jf⟩=2.8e-04, ⟨B·n⟩=4.0e-03, Len=sum([5.2, 5.2, 4.9])=15.4, ϰ=[5.2, 6.9, 6.0], ∫ϰ²/L>=[5.1, 7.6, 7.7], C-C-Sep=0.20, ║∇J║=3.4e-03
Iteration 318/2000-----
currents: [100000.0, 99999.99999775742, 99999.99999700661]
J=3.1e-04, ⟨Jf⟩=2.8e-04, ⟨B·n⟩=4.0e-03, Len=sum([5.2, 5.2, 4.9])=15.4, ϰ=[5.2, 6.9, 6.0], ∫ϰ²/L>=[5.1, 7.6, 7.7], C-C-Sep=0.20, ║∇J║=3.1e-03
Iteration 319/2000-----
currents: [100000.0, 99999.99999775589, 99999.99999700357]
J=3.1e-04, ⟨Jf⟩=2.8e-04, ⟨B·n⟩=4.0e-03, Len=sum([5.2, 5.2, 4.9])=15.4, ϰ=[5.2, 6.8, 6.0], ∫ϰ²/L>=[5.0, 7.6, 7.7], C-C-Sep=0.20, ║∇J║=3.2e-03
Iteration 320/2000-----
currents: [100000.0, 99999.99999775238, 99999.99999699694]
J=3.1e-04, ⟨Jf⟩=2.8e-04, ⟨B·n⟩=4.0e-03, Len=sum([5.2, 5.2, 4.9])=15.4, ϰ=[5.3, 6.8, 6.0], ∫ϰ²/L>=[5.0, 7.6, 7.6], C-C-Sep=0.20, ║∇J║=3.1e-03
Iteration 321/2000-----
currents: [100000.0, 99999.99999774758, 99999.99999698804]
J=3.1e-04, ⟨Jf⟩=2.8e-04, ⟨B·n⟩=4.0e-03, Len=sum([5.2, 5.2, 4.9])=15.4, ϰ=[5.4, 6.8, 6.0], ∫ϰ²/L>=[5.0, 7.6, 7.6], C-C-Sep=0.20, ║∇J║=3.4e-03
Iteration 322/2000-----
currents: [100000.0, 99999.99999773968, 99999.99999697383]
J=3.1e-04, ⟨Jf⟩=2.8e-04, ⟨B·n⟩=4.0e-03, Len=sum([5.2, 5.2, 4.9])=15.4, ϰ=[5.4, 6.8, 5.9], ∫ϰ²/L>=[5.0, 7.6, 7.6], C-C-Sep=0.20, ║∇J║=3.8e-03
Iteration 323/2000-----
currents: [100000.0, 99999.99999773524, 99999.99999696619]
J=3.1e-04, ⟨Jf⟩=2.8e-04, ⟨B·n⟩=4.0e-03, Len=sum([5.2, 5.2, 4.9])=15.4, ϰ=[5.5, 6.8, 5.9], ∫ϰ²/L>=[5.0, 7.6, 7.6], C-C-Sep=0.20, ║∇J║=3.8e-03
Iteration 324/2000-----
currents: [100000.0, 99999.99999773056, 99999.99999695813]
J=3.1e-04, ⟨Jf⟩=2.8e-04, ⟨B·n⟩=4.0e-03, Len=sum([5.2, 5.2, 4.9])=15.4, ϰ=[5.4, 6.9, 5.8], ∫ϰ²/L>=[5.0, 7.6, 7.7], C-C-Sep=0.20, ║∇J║=2.9e-03
Iteration 325/2000-----
currents: [100000.0, 99999.99999773096, 99999.99999695946]
J=3.1e-04, ⟨Jf⟩=2.8e-04, ⟨B·n⟩=4.0e-03, Len=sum([5.2, 5.2, 4.9])=15.4, ϰ=[5.4, 6.9, 5.8], ∫ϰ²/L>=[5.0, 7.5, 7.7], C-C-Sep=0.20, ║∇J║=3.2e-03
Iteration 326/2000-----
currents: [100000.0, 99999.99999772708, 99999.99999695233]
J=3.1e-04, ⟨Jf⟩=2.8e-04, ⟨B·n⟩=4.0e-03, Len=sum([5.2, 5.2, 4.9])=15.4, ϰ=[5.4, 6.9, 5.8], ∫ϰ²/L>=[5.0, 7.5, 7.7], C-C-Sep=0.20, ║∇J║=2.6e-03
Iteration 327/2000-----
currents: [100000.0, 99999.99999772735, 99999.99999695283]
J=3.1e-04, ⟨Jf⟩=2.8e-04, ⟨B·n⟩=4.0e-03, Len=sum([5.2, 5.2, 4.9])=15.4, ϰ=[5.4, 6.9, 5.8], ∫ϰ²/L>=[5.0, 7.5, 7.6], C-C-Sep=0.20, ║∇J║=2.6e-03
Iteration 328/2000-----
currents: [100000.0, 99999.9999977261, 99999.99999695044]
J=3.1e-04, ⟨Jf⟩=2.8e-04, ⟨B·n⟩=4.0e-03, Len=sum([5.2, 5.2, 4.9])=15.4, ϰ=[5.5, 6.9, 5.7], ∫ϰ²/L>=[5.0, 7.5, 7.6], C-C-Sep=0.20, ║∇J║=2.4e-03
Iteration 329/2000-----
currents: [100000.0, 99999.99999772437, 99999.99999694739]
J=3.1e-04, ⟨Jf⟩=2.8e-04, ⟨B·n⟩=4.0e-03, Len=sum([5.2, 5.2, 4.9])=15.4, ϰ=[5.5, 6.9, 5.7], ∫ϰ²/L>=[5.0, 7.5, 7.6], C-C-Sep=0.20, ║∇J║=2.3e-03
Iteration 330/2000-----
currents: [100000.0, 99999.99999772121, 99999.99999694202]
J=3.1e-04, ⟨Jf⟩=2.8e-04, ⟨B·n⟩=4.0e-03, Len=sum([5.2, 5.2, 4.9])=15.4, ϰ=[5.5, 6.8, 5.7], ∫ϰ²/L>=[5.0, 7.5, 7.6], C-C-Sep=0.20, ║∇J║=2.1e-03
Iteration 331/2000-----
currents: [100000.0, 99999.99999771801, 99999.99999693663]
J=3.1e-04, ⟨Jf⟩=2.8e-04, ⟨B·n⟩=4.0e-03, Len=sum([5.2, 5.2, 4.9])=15.4, ϰ=[5.5, 6.8, 5.6], ∫ϰ²/L>=[5.0, 7.5, 7.6], C-C-Sep=0.20, ║∇J║=2.8e-03
Iteration 332/2000-----
currents: [100000.0, 99999.99999771509, 99999.99999693174]
J=3.1e-04, ⟨Jf⟩=2.8e-04, ⟨B·n⟩=4.0e-03, Len=sum([5.2, 5.2, 4.9])=15.4, ϰ=[5.4, 6.9, 5.6], ∫ϰ²/L>=[5.0, 7.5, 7.6], C-C-Sep=0.20, ║∇J║=2.5e-03
Iteration 333/2000-----
currents: [100000.0, 99999.9999977137, 99999.99999692937]
J=3.1e-04, ⟨Jf⟩=2.8e-04, ⟨B·n⟩=4.0e-03, Len=sum([5.2, 5.2, 4.9])=15.4, ϰ=[5.4, 6.9, 5.6], ∫ϰ²/L>=[5.0, 7.5, 7.6], C-C-Sep=0.20, ║∇J║=1.9e-03
Iteration 334/2000-----
currents: [100000.0, 99999.99999771161, 99999.9999969256]
J=3.1e-04, ⟨Jf⟩=2.8e-04, ⟨B·n⟩=4.0e-03, Len=sum([5.2, 5.2, 4.9])=15.4, ϰ=[5.4, 6.9, 5.6], ∫ϰ²/L>=[5.0, 7.5, 7.6], C-C-Sep=0.20, ║∇J║=2.3e-03
Iteration 335/2000-----
currents: [100000.0, 99999.99999770788, 99999.99999691891]
J=3.1e-04, ⟨Jf⟩=2.8e-04, ⟨B·n⟩=4.0e-03, Len=sum([5.2, 5.2, 4.9])=15.4, ϰ=[5.4, 6.8, 5.6], ∫ϰ²/L>=[5.0, 7.5, 7.6], C-C-Sep=0.20, ║∇J║=2.7e-03
Iteration 336/2000-----
currents: [100000.0, 99999.99999770494, 99999.99999691354]
J=3.1e-04, ⟨Jf⟩=2.8e-04, ⟨B·n⟩=4.0e-03, Len=sum([5.2, 5.2, 4.9])=15.4, ϰ=[5.4, 6.8, 5.5], ∫ϰ²/L>=[5.0, 7.5, 7.6], C-C-Sep=0.20, ║∇J║=2.3e-03
Iteration 337/2000-----
currents: [100000.0, 99999.99999770103, 99999.99999690638]
J=3.1e-04, ⟨Jf⟩=2.8e-04, ⟨B·n⟩=4.0e-03, Len=sum([5.2, 5.2, 4.9])=15.4, ϰ=[5.4, 6.8, 5.5], ∫ϰ²/L>=[5.0, 7.5, 7.7], C-C-Sep=0.20, ║∇J║=2.5e-03
Iteration 338/2000-----
currents: [100000.0, 99999.99999769861, 99999.99999690197]
J=3.1e-04, ⟨Jf⟩=2.8e-04, ⟨B·n⟩=4.0e-03, Len=sum([5.2, 5.2, 4.9])=15.4, ϰ=[5.4, 6.8, 5.5], ∫ϰ²/L>=[5.0, 7.5, 7.7], C-C-Sep=0.20, ║∇J║=2.1e-03
Iteration 339/2000-----
currents: [100000.0, 99999.99999769675, 99999.9999968987]
J=3.1e-04, ⟨Jf⟩=2.8e-04, ⟨B·n⟩=4.0e-03, Len=sum([5.2, 5.2, 4.9])=15.4, ϰ=[5.4, 6.8, 5.5], ∫ϰ²/L>=[5.0, 7.4, 7.7], C-C-Sep=0.20, ║∇J║=1.9e-03
Iteration 340/2000-----
currents: [100000.0, 99999.99999769364, 99999.99999689315]
J=3.1e-04, ⟨Jf⟩=2.8e-04, ⟨B·n⟩=4.0e-03, Len=sum([5.2, 5.2, 4.9])=15.4, ϰ=[5.4, 6.8, 5.5], ∫ϰ²/L>=[5.0, 7.4, 7.7], C-C-Sep=0.20, ║∇J║=2.3e-03
Iteration 341/2000-----
currents: [100000.0, 99999.99999768978, 99999.99999688646]
J=3.1e-04, ⟨Jf⟩=2.8e-04, ⟨B·n⟩=4.0e-03, Len=sum([5.2, 5.2, 4.9])=15.4, ϰ=[5.4, 6.8, 5.5], ∫ϰ²/L>=[5.0, 7.4, 7.7], C-C-Sep=0.20, ║∇J║=2.8e-03
Iteration 342/2000-----
currents: [100000.0, 99999.99999768798, 99999.99999688324]
J=3.1e-04, ⟨Jf⟩=2.8e-04, ⟨B·n⟩=4.0e-03, Len=sum([5.2, 5.2, 4.9])=15.4, ϰ=[5.3, 6.8, 5.5], ∫ϰ²/L>=[5.0, 7.4, 7.7], C-C-Sep=0.20, ║∇J║=1.9e-03
Iteration 343/2000-----
currents: [100000.0, 99999.99999768392, 99999.99999687591]
J=3.1e-04, ⟨Jf⟩=2.8e-04, ⟨B·n⟩=4.0e-03, Len=sum([5.2, 5.2, 4.9])=15.4, ϰ=[5.4, 6.8, 5.5], ∫ϰ²/L>=[5.0, 7.4, 7.7], C-C-Sep=0.20, ║∇J║=1.8e-03
Iteration 344/2000-----
currents: [100000.0, 99999.99999768114, 99999.99999687093]
J=3.1e-04, ⟨Jf⟩=2.8e-04, ⟨B·n⟩=4.0e-03, Len=sum([5.2, 5.2, 4.9])=15.4, ϰ=[5.4, 6.8, 5.5], ∫ϰ²/L>=[5.0, 7.4, 7.7], C-C-Sep=0.20, ║∇J║=2.1e-03
Iteration 345/2000-----
currents: [100000.0, 99999.99999767568, 99999.99999686102]
J=3.1e-04, ⟨Jf⟩=2.8e-04, ⟨B·n⟩=4.0e-03, Len=sum([5.2, 5.2, 4.9])=15.4, ϰ=[5.4, 6.9, 5.5], ∫ϰ²/L>=[5.0, 7.4, 7.7], C-C-Sep=0.20, ║∇J║=2.0e-03
Iteration 346/2000-----
currents: [100000.0, 99999.99999767251, 99999.99999685527]
J=3.1e-04, ⟨Jf⟩=2.8e-04, ⟨B·n⟩=4.0e-03, Len=sum([5.2, 5.2, 4.9])=15.4, ϰ=[5.4, 6.9, 5.5], ∫ϰ²/L>=[5.0, 7.4, 7.8], C-C-Sep=0.20, ║∇J║=2.5e-03
Iteration 347/2000-----
currents: [100000.0, 99999.99999766791, 99999.99999684685]
J=3.1e-04, ⟨Jf⟩=2.8e-04, ⟨B·n⟩=4.0e-03, Len=sum([5.2, 5.2, 4.9])=15.4, ϰ=[5.5, 6.9, 5.5], ∫ϰ²/L>=[5.0, 7.4, 7.8], C-C-Sep=0.20, ║∇J║=1.9e-03
Iteration 348/2000-----
currents: [100000.0, 99999.999997667, 99999.99999684514]
J=3.1e-04, ⟨Jf⟩=2.8e-04, ⟨B·n⟩=4.0e-03, Len=sum([5.2, 5.2, 4.9])=15.4, ϰ=[5.5, 6.9, 5.5], ∫ϰ²/L>=[5.0, 7.4, 7.8], C-C-Sep=0.20, ║∇J║=1.9e-03
Iteration 349/2000-----
currents: [100000.0, 99999.99999766539, 99999.99999684218]
J=3.1e-04, ⟨Jf⟩=2.8e-04, ⟨B·n⟩=4.0e-03, Len=sum([5.2, 5.2, 4.9])=15.4, ϰ=[5.5, 6.9, 5.6], ∫ϰ²/L>=[5.0, 7.4, 7.8], C-C-Sep=0.20, ║∇J║=1.8e-03
Iteration 350/2000-----
currents: [100000.0, 99999.99999766343, 99999.99999683863]
J=3.1e-04, ⟨Jf⟩=2.8e-04, ⟨B·n⟩=4.0e-03, Len=sum([5.2, 5.2, 4.9])=15.4, ϰ=[5.5, 6.9, 5.6], ∫ϰ²/L>=[5.0, 7.4, 7.8], C-C-Sep=0.20, ║∇J║=1.9e-03
Iteration 351/2000-----
currents: [100000.0, 99999.99999765969, 99999.99999683193]
J=3.1e-04, ⟨Jf⟩=2.8e-04, ⟨B·n⟩=4.0e-03, Len=sum([5.2, 5.2, 4.9])=15.4, ϰ=[5.5, 6.9, 5.7], ∫ϰ²/L>=[5.0, 7.4, 7.8], C-C-Sep=0.20, ║∇J║=1.9e-03
Iteration 352/2000-----
currents: [100000.0, 99999.99999765406, 99999.99999682192]
J=3.1e-04, ⟨Jf⟩=2.8e-04, ⟨B·n⟩=4.0e-03, Len=sum([5.2, 5.2, 4.9])=15.4, ϰ=[5.5, 6.8, 5.7], ∫ϰ²/L>=[5.0, 7.4, 7.8], C-C-Sep=0.20, ║∇J║=2.3e-03
Iteration 353/2000-----
currents: [100000.0, 99999.99999764879, 99999.99999681256]
J=3.1e-04, ⟨Jf⟩=2.8e-04, ⟨B·n⟩=4.0e-03, Len=sum([5.2, 5.2, 4.9])=15.4, ϰ=[5.5, 6.8, 5.7], ∫ϰ²/L>=[5.0, 7.4, 7.8], C-C-Sep=0.20, ║∇J║=1.7e-03
Iteration 354/2000-----
currents: [100000.0, 99999.99999764626, 99999.99999680804]
J=3.1e-04, ⟨Jf⟩=2.8e-04, ⟨B·n⟩=4.0e-03, Len=sum([5.2, 5.2, 4.9])=15.4, ϰ=[5.5, 6.8, 5.8], ∫ϰ²/L>=[5.0, 7.4, 7.9], C-C-Sep=0.20, ║∇J║=1.6e-03
Iteration 355/2000-----
currents: [100000.0, 99999.99999764361, 99999.99999680325]
J=3.1e-04, ⟨Jf⟩=2.8e-04, ⟨B·n⟩=4.0e-03, Len=sum([5.2, 5.2, 4.9])=15.4, ϰ=[5.5, 6.8, 5.8], ∫ϰ²/L>=[5.0, 7.4, 7.9], C-C-Sep=0.20, ║∇J║=1.7e-03
Iteration 356/2000-----
currents: [100000.0, 99999.99999764099, 99999.99999679849]
J=3.1e-04, ⟨Jf⟩=2.8e-04, ⟨B·n⟩=4.0e-03, Len=sum([5.2, 5.2, 4.9])=15.4, ϰ=[5.5, 6.8, 5.8], ∫ϰ²/L>=[5.0, 7.4, 7.9], C-C-Sep=0.20, ║∇J║=1.7e-03
Iteration 357/2000-----
currents: [100000.0, 99999.99999763766, 99999.99999679232]
J=3.1e-04, ⟨Jf⟩=2.8e-04, ⟨B·n⟩=4.0e-03, Len=sum([5.2, 5.2, 4.9])=15.4, ϰ=[5.6, 6.8, 5.8], ∫ϰ²/L>=[5.0, 7.4, 7.9], C-C-Sep=0.20, ║∇J║=2.1e-03
Iteration 358/2000-----
currents: [100000.0, 99999.99999763205, 99999.99999678212]
J=3.1e-04, ⟨Jf⟩=2.8e-04, ⟨B·n⟩=4.0e-03, Len=sum([5.2, 5.2, 4.9])=15.4, ϰ=[5.6, 6.8, 5.8], ∫ϰ²/L>=[5.0, 7.4, 7.9], C-C-Sep=0.20, ║∇J║=2.6e-03
Iteration 359/2000-----
currents: [100000.0, 99999.9999976292, 99999.99999677694]
J=3.0e-04, ⟨Jf⟩=2.8e-04, ⟨B·n⟩=4.0e-03, Len=sum([5.2, 5.2, 4.9])=15.4, ϰ=[5.6, 6.8, 5.8], ∫ϰ²/L>=[5.0, 7.4, 7.9], C-C-Sep=0.20, ║∇J║=1.9e-03
Iteration 360/2000-----
currents: [100000.0, 99999.9999976243, 99999.9999967682]
J=3.0e-04, ⟨Jf⟩=2.8e-04, ⟨B·n⟩=4.0e-03, Len=sum([5.2, 5.2, 4.9])=15.4, ϰ=[5.6, 6.9, 5.8], ∫ϰ²/L>=[5.0, 7.4, 7.9], C-C-Sep=0.20, ║∇J║=1.8e-03
Iteration 361/2000-----
currents: [100000.0, 99999.99999761976, 99999.99999676018]
J=3.0e-04, ⟨Jf⟩=2.8e-04, ⟨B·n⟩=4.0e-03, Len=sum([5.2, 5.2, 4.9])=15.4, ϰ=[5.6, 6.9, 5.8], ∫ϰ²/L>=[5.0, 7.4, 7.9], C-C-Sep=0.20, ║∇J║=2.3e-03
Iteration 362/2000-----
currents: [100000.0, 99999.99999761416, 99999.9999967502]
J=3.0e-04, ⟨Jf⟩=2.8e-04, ⟨B·n⟩=4.0e-03, Len=sum([5.2, 5.2, 4.9])=15.4, ϰ=[5.6, 6.9, 5.8], ∫ϰ²/L>=[5.0, 7.4, 8.0], C-C-Sep=0.20, ║∇J║=1.7e-03
Iteration 363/2000-----
currents: [100000.0, 99999.99999761024, 99999.99999674321]
J=3.0e-04, ⟨Jf⟩=2.8e-04, ⟨B·n⟩=4.0e-03, Len=sum([5.2, 5.2, 4.9])=15.4, ϰ=[5.6, 6.9, 5.8], ∫ϰ²/L>=[5.0, 7.4, 8.0], C-C-Sep=0.20, ║∇J║=1.7e-03
Iteration 364/2000-----
currents: [100000.0, 99999.99999760612, 99999.9999967358]
J=3.0e-04, ⟨Jf⟩=2.7e-04, ⟨B·n⟩=4.0e-03, Len=sum([5.2, 5.2, 4.9])=15.4, ϰ=[5.6, 6.8, 5.8], ∫ϰ²/L>=[5.0, 7.3, 8.0], C-C-Sep=0.20, ║∇J║=1.8e-03
Iteration 365/2000-----
currents: [100000.0, 99999.99999760196, 99999.99999672831]
J=3.0e-04, ⟨Jf⟩=2.7e-04, ⟨B·n⟩=4.0e-03, Len=sum([5.2, 5.2, 4.9])=15.4, ϰ=[5.6, 6.8, 5.8], ∫ϰ²/L>=[5.0, 7.3, 8.0], C-C-Sep=0.20, ║∇J║=1.8e-03
Iteration 366/2000-----
currents: [100000.0, 99999.99999759723, 99999.99999671969]
J=3.0e-04, ⟨Jf⟩=2.7e-04, ⟨B·n⟩=4.0e-03, Len=sum([5.2, 5.2, 4.9])=15.4, ϰ=[5.6, 6.8, 5.8], ∫ϰ²/L>=[5.0, 7.3, 8.0], C-C-Sep=0.20, ║∇J║=1.8e-03
Iteration 367/2000-----
currents: [100000.0, 99999.99999759221, 99999.99999671063]
J=3.0e-04, ⟨Jf⟩=2.7e-04, ⟨B·n⟩=4.0e-03, Len=sum([5.2, 5.2, 4.9])=15.4, ϰ=[5.6, 6.8, 5.8], ∫ϰ²/L>=[5.0, 7.3, 8.0], C-C-Sep=0.20, ║∇J║=1.9e-03
Iteration 368/2000-----
currents: [100000.0, 99999.99999758824, 99999.99999670341]
J=3.0e-04, ⟨Jf⟩=2.7e-04, ⟨B·n⟩=4.0e-03, Len=sum([5.2, 5.2, 4.9])=15.4, ϰ=[5.6, 6.8, 5.8], ∫ϰ²/L>=[5.0, 7.3, 8.0], C-C-Sep=0.20, ║∇J║=1.6e-03
Iteration 369/2000-----
currents: [100000.0, 99999.99999758505, 99999.99999669765]
J=3.0e-04, ⟨Jf⟩=2.7e-04, ⟨B·n⟩=4.0e-03, Len=sum([5.2, 5.2, 4.9])=15.4, ϰ=[5.6, 6.8, 5.8], ∫ϰ²/L>=[5.0, 7.3, 8.0], C-C-Sep=0.20, ║∇J║=1.4e-03
Iteration 370/2000-----
currents: [100000.0, 99999.999997581, 99999.99999669041]
J=3.0e-04, ⟨Jf⟩=2.7e-04, ⟨B·n⟩=4.0e-03, Len=sum([5.2, 5.2, 4.9])=15.4, ϰ=[5.6, 6.8, 5.8], ∫ϰ²/L>=[5.0, 7.3, 8.0], C-C-Sep=0.20, ║∇J║=1.6e-03
Iteration 371/2000-----
currents: [100000.0, 99999.99999757786, 99999.99999668467]
J=3.0e-04, ⟨Jf⟩=2.7e-04, ⟨B·n⟩=4.0e-03, Len=sum([5.2, 5.2, 4.9])=15.4, ϰ=[5.6, 6.8, 5.9], ∫ϰ²/L>=[5.0, 7.3, 8.0], C-C-Sep=0.20, ║∇J║=1.6e-03
Iteration 372/2000-----
currents: [100000.0, 99999.9999975761, 99999.99999668146]
J=3.0e-04, ⟨Jf⟩=2.7e-04, ⟨B·n⟩=4.0e-03, Len=sum([5.2, 5.2, 4.9])=15.4, ϰ=[5.6, 6.8, 5.9], ∫ϰ²/L>=[5.0, 7.3, 8.0], C-C-Sep=0.20, ║∇J║=1.3e-03
Iteration 373/2000-----
currents: [100000.0, 99999.99999757331, 99999.99999667631]
J=3.0e-04, ⟨Jf⟩=2.7e-04, ⟨B·n⟩=4.0e-03, Len=sum([5.2, 5.2, 4.9])=15.4, ϰ=[5.6, 6.8, 5.9], ∫ϰ²/L>=[5.0, 7.3, 8.0], C-C-Sep=0.20, ║∇J║=1.5e-03
Iteration 374/2000-----
currents: [100000.0, 99999.99999756979, 99999.99999666985]
J=3.0e-04, ⟨Jf⟩=2.7e-04, ⟨B·n⟩=4.0e-03, Len=sum([5.2, 5.2, 4.9])=15.4, ϰ=[5.6, 6.8, 5.9], ∫ϰ²/L>=[5.0, 7.3, 8.0], C-C-Sep=0.20, ║∇J║=1.6e-03
Iteration 375/2000-----
currents: [100000.0, 99999.99999756682, 99999.99999666438]
J=3.0e-04, ⟨Jf⟩=2.7e-04, ⟨B·n⟩=4.0e-03, Len=sum([5.2, 5.2, 4.9])=15.4, ϰ=[5.6, 6.8, 5.9], ∫ϰ²/L>=[5.0, 7.3, 8.0], C-C-Sep=0.20, ║∇J║=1.3e-03
Iteration 376/2000-----
currents: [100000.0, 99999.99999756216, 99999.99999665593]
J=3.0e-04, ⟨Jf⟩=2.7e-04, ⟨B·n⟩=4.0e-03, Len=sum([5.2, 5.2, 4.9])=15.4, ϰ=[5.6, 6.8, 5.8], ∫ϰ²/L>=[5.0, 7.3, 8.0], C-C-Sep=0.20, ║∇J║=1.4e-03
Iteration 377/2000-----
currents: [100000.0, 99999.99999755734, 99999.99999664725]
J=3.0e-04, ⟨Jf⟩=2.7e-04, ⟨B·n⟩=4.0e-03, Len=sum([5.2, 5.2, 4.9])=15.4, ϰ=[5.6, 6.9, 5.8], ∫ϰ²/L>=[5.0, 7.3, 8.0], C-C-Sep=0.20, ║∇J║=1.9e-03
Iteration 378/2000-----
currents: [100000.0, 99999.999997553, 99999.99999663944]
J=3.0e-04, ⟨Jf⟩=2.7e-04, ⟨B·n⟩=4.0e-03, Len=sum([5.2, 5.2, 4.9])=15.4, ϰ=[5.6, 6.9, 5.8], ∫ϰ²/L>=[5.0, 7.3, 8.0], C-C-Sep=0.20, ║∇J║=1.4e-03
Iteration 379/2000-----
currents: [100000.0, 99999.99999754872, 99999.99999663183]
J=3.0e-04, ⟨Jf⟩=2.7e-04, ⟨B·n⟩=4.0e-03, Len=sum([5.2, 5.2, 4.9])=15.4, ϰ=[5.6, 6.9, 5.8], ∫ϰ²/L>=[5.0, 7.3, 8.0], C-C-Sep=0.20, ║∇J║=1.2e-03
Iteration 380/2000-----
currents: [100000.0, 99999.99999754505, 99999.99999662522]
J=3.0e-04, ⟨Jf⟩=2.7e-04, ⟨B·n⟩=4.0e-03, Len=sum([5.2, 5.2, 4.9])=15.4, ϰ=[5.6, 6.9, 5.8], ∫ϰ²/L>=[5.0, 7.3, 8.0], C-C-Sep=0.20, ║∇J║=1.3e-03
Iteration 381/2000-----
currents: [100000.0, 99999.99999754297, 99999.9999966215]
J=3.0e-04, ⟨Jf⟩=2.7e-04, ⟨B·n⟩=4.0e-03, Len=sum([5.2, 5.2, 4.9])=15.4, ϰ=[5.6, 6.9, 5.8], ∫ϰ²/L>=[5.0, 7.3, 8.0], C-C-Sep=0.20, ║∇J║=1.0e-03
Iteration 382/2000-----
currents: [100000.0, 99999.9999975404, 99999.99999661685]
J=3.0e-04, ⟨Jf⟩=2.7e-04, ⟨B·n⟩=4.0e-03, Len=sum([5.2, 5.2, 4.9])=15.4, ϰ=[5.6, 6.9, 5.9], ∫ϰ²/L>=[5.0, 7.3, 8.0], C-C-Sep=0.20, ║∇J║=9.9e-04
Iteration 383/2000-----
currents: [100000.0, 99999.99999753771, 99999.99999661202]
J=3.0e-04, ⟨Jf⟩=2.7e-04, ⟨B·n⟩=4.0e-03, Len=sum([5.2, 5.2, 4.9])=15.4, ϰ=[5.6, 6.9, 5.9], ∫ϰ²/L>=[5.0, 7.2, 8.0], C-C-Sep=0.20, ║∇J║=1.3e-03
Iteration 384/2000-----
currents: [100000.0, 99999.99999753517, 99999.9999966075]
J=3.0e-04, ⟨Jf⟩=2.7e-04, ⟨B·n⟩=4.0e-03, Len=sum([5.2, 5.2, 4.9])=15.4, ϰ=[5.6, 6.9, 5.8], ∫ϰ²/L>=[5.0, 7.2, 8.0], C-C-Sep=0.20, ║∇J║=1.1e-03
Iteration 385/2000-----
currents: [100000.0, 99999.99999753339, 99999.9999966044]
J=3.0e-04, ⟨Jf⟩=2.7e-04, ⟨B·n⟩=4.0e-03, Len=sum([5.2, 5.2, 4.9])=15.4, ϰ=[5.6, 6.9, 5.8], ∫ϰ²/L>=[5.0, 7.2, 8.0], C-C-Sep=0.20, ║∇J║=8.9e-04
Iteration 386/2000-----
currents: [100000.0, 99999.9999975319, 99999.99999660185]
J=3.0e-04, ⟨Jf⟩=2.7e-04, ⟨B·n⟩=4.0e-03, Len=sum([5.2, 5.2, 4.9])=15.4, ϰ=[5.6, 6.8, 5.8], ∫ϰ²/L>=[5.0, 7.2, 8.0], C-C-Sep=0.20, ║∇J║=8.8e-04
Iteration 387/2000-----
currents: [100000.0, 99999.9999975298, 99999.99999659827]
J=3.0e-04, ⟨Jf⟩=2.7e-04, ⟨B·n⟩=4.0e-03, Len=sum([5.2, 5.2, 4.9])=15.4, ϰ=[5.6, 6.8, 5.8], ∫ϰ²/L>=[5.0, 7.2, 8.0], C-C-Sep=0.20, ║∇J║=8.1e-04
Iteration 388/2000-----
currents: [100000.0, 99999.9999975276, 99999.99999659447]
J=3.0e-04, ⟨Jf⟩=2.7e-04, ⟨B·n⟩=4.0e-03, Len=sum([5.2, 5.2, 4.9])=15.4, ϰ=[5.6, 6.8, 5.8], ∫ϰ²/L>=[5.0, 7.2, 8.0], C-C-Sep=0.20, ║∇J║=9.4e-04
Iteration 389/2000-----
currents: [100000.0, 99999.99999752427, 99999.9999965887]
J=3.0e-04, ⟨Jf⟩=2.7e-04, ⟨B·n⟩=4.0e-03, Len=sum([5.2, 5.2, 4.9])=15.4, ϰ=[5.6, 6.8, 5.8], ∫ϰ²/L>=[5.0, 7.2, 8.0], C-C-Sep=0.20, ║∇J║=9.8e-04
Iteration 390/2000-----
currents: [100000.0, 99999.99999752123, 99999.99999658336]
J=3.0e-04, ⟨Jf⟩=2.7e-04, ⟨B·n⟩=4.0e-03, Len=sum([5.2, 5.2, 4.9])=15.4, ϰ=[5.6, 6.8, 5.8], ∫ϰ²/L>=[5.0, 7.2, 8.0], C-C-Sep=0.20, ║∇J║=9.6e-04
Iteration 391/2000-----
currents: [100000.0, 99999.99999751816, 99999.99999657806]
J=3.0e-04, ⟨Jf⟩=2.7e-04, ⟨B·n⟩=4.0e-03, Len=sum([5.2, 5.2, 4.9])=15.4, ϰ=[5.6, 6.8, 5.8], ∫ϰ²/L>=[5.0, 7.2, 8.0], C-C-Sep=0.20, ║∇J║=9.5e-04
Iteration 392/2000-----
currents: [100000.0, 99999.99999751478, 99999.99999657222]
J=3.0e-04, ⟨Jf⟩=2.7e-04, ⟨B·n⟩=4.0e-03, Len=sum([5.2, 5.2, 4.9])=15.4, ϰ=[5.6, 6.9, 5.8], ∫ϰ²/L>=[5.0, 7.2, 8.0], C-C-Sep=0.20, ║∇J║=9.1e-04
Iteration 393/2000-----
currents: [100000.0, 99999.99999751263, 99999.9999965686]
J=3.0e-04, ⟨Jf⟩=2.7e-04, ⟨B·n⟩=4.0e-03, Len=sum([5.2, 5.2, 4.9])=15.4, ϰ=[5.6, 6.9, 5.8], ∫ϰ²/L>=[5.0, 7.2, 8.0], C-C-Sep=0.20, ║∇J║=7.7e-04
Iteration 394/2000-----
currents: [100000.0, 99999.99999750998, 99999.99999656409]
J=3.0e-04, ⟨Jf⟩=2.7e-04, ⟨B·n⟩=4.0e-03, Len=sum([5.2, 5.2, 4.9])=15.4, ϰ=[5.6, 6.9, 5.8], ∫ϰ²/L>=[5.0, 7.2, 8.0], C-C-Sep=0.20, ║∇J║=7.7e-04
Iteration 395/2000-----
currents: [100000.0, 99999.99999750755, 99999.99999656001]
J=3.0e-04, ⟨Jf⟩=2.7e-04, ⟨B·n⟩=4.0e-03, Len=sum([5.2, 5.2, 4.9])=15.4, ϰ=[5.6, 6.8, 5.8], ∫ϰ²/L>=[5.0, 7.2, 8.0], C-C-Sep=0.20, ║∇J║=8.3e-04
Iteration 396/2000-----
currents: [100000.0, 99999.99999750417, 99999.99999655425]
J=3.0e-04, ⟨Jf⟩=2.7e-04, ⟨B·n⟩=4.0e-03, Len=sum([5.2, 5.2, 4.9])=15.4, ϰ=[5.6, 6.8, 5.8], ∫ϰ²/L>=[5.0, 7.2, 8.0], C-C-Sep=0.20, ║∇J║=7.9e-04
Iteration 397/2000-----
currents: [100000.0, 99999.99999750087, 99999.99999654863]
J=3.0e-04, ⟨Jf⟩=2.7e-04, ⟨B·n⟩=4.0e-03, Len=sum([5.2, 5.2, 4.9])=15.4, ϰ=[5.6, 6.8, 5.8], ∫ϰ²/L>=[5.0, 7.2, 8.0], C-C-Sep=0.20, ║∇J║=8.2e-04
Iteration 398/2000-----
currents: [100000.0, 99999.99999749841, 99999.9999965445]
J=3.0e-04, ⟨Jf⟩=2.7e-04, ⟨B·n⟩=4.0e-03, Len=sum([5.2, 5.2, 4.9])=15.4, ϰ=[5.6, 6.8, 5.9], ∫ϰ²/L>=[5.0, 7.2, 8.0], C-C-Sep=0.20, ║∇J║=7.2e-04
Iteration 399/2000-----
currents: [100000.0, 99999.99999749618, 99999.99999654073]
J=3.0e-04, ⟨Jf⟩=2.7e-04, ⟨B·n⟩=4.0e-03, Len=sum([5.2, 5.2, 4.9])=15.4, ϰ=[5.6, 6.8, 5.9], ∫ϰ²/L>=[5.0, 7.2, 8.0], C-C-Sep=0.20, ║∇J║=8.0e-04
Iteration 400/2000-----
currents: [100000.0, 99999.99999749495, 99999.9999965387]
J=3.0e-04, ⟨Jf⟩=2.7e-04, ⟨B·n⟩=4.0e-03, Len=sum([5.2, 5.2, 4.9])=15.4, ϰ=[5.6, 6.8, 5.9], ∫ϰ²/L>=[5.0, 7.2, 8.0], C-C-Sep=0.20, ║∇J║=6.5e-04
Iteration 401/2000-----
currents: [100000.0, 99999.99999749353, 99999.99999653634]
J=3.0e-04, ⟨Jf⟩=2.7e-04, ⟨B·n⟩=4.1e-03, Len=sum([5.2, 5.2, 4.9])=15.4, ϰ=[5.6, 6.8, 5.9], ∫ϰ²/L>=[5.0, 7.2, 8.0], C-C-Sep=0.20, ║∇J║=6.5e-04
Iteration 402/2000-----
currents: [100000.0, 99999.99999749134, 99999.99999653258]
J=3.0e-04, ⟨Jf⟩=2.7e-04, ⟨B·n⟩=4.1e-03, Len=sum([5.2, 5.2, 4.9])=15.4, ϰ=[5.6, 6.8, 5.9], ∫ϰ²/L>=[5.0, 7.2, 8.0], C-C-Sep=0.20, ║∇J║=6.1e-04
Iteration 403/2000-----
currents: [100000.0, 99999.99999748894, 99999.99999652851]
J=3.0e-04, ⟨Jf⟩=2.7e-04, ⟨B·n⟩=4.1e-03, Len=sum([5.2, 5.2, 4.9])=15.4, ϰ=[5.6, 6.8, 5.9], ∫ϰ²/L>=[5.0, 7.2, 8.0], C-C-Sep=0.20, ║∇J║=6.0e-04
Iteration 404/2000-----
currents: [100000.0, 99999.99999748524, 99999.99999652215]
J=3.0e-04, ⟨Jf⟩=2.7e-04, ⟨B·n⟩=4.1e-03, Len=sum([5.2, 5.2, 4.9])=15.4, ϰ=[5.6, 6.8, 5.9], ∫ϰ²/L>=[5.0, 7.2, 8.0], C-C-Sep=0.20, ║∇J║=6.7e-04
Iteration 405/2000-----
currents: [100000.0, 99999.9999974819, 99999.99999651645]
J=3.0e-04, ⟨Jf⟩=2.7e-04, ⟨B·n⟩=4.1e-03, Len=sum([5.2, 5.2, 4.9])=15.4, ϰ=[5.6, 6.8, 5.9], ∫ϰ²/L>=[5.0, 7.2, 8.0], C-C-Sep=0.20, ║∇J║=7.6e-04
Iteration 406/2000-----
currents: [100000.0, 99999.99999747975, 99999.99999651274]
J=3.0e-04, ⟨Jf⟩=2.7e-04, ⟨B·n⟩=4.1e-03, Len=sum([5.2, 5.2, 4.9])=15.4, ϰ=[5.6, 6.8, 5.9], ∫ϰ²/L>=[5.0, 7.2, 8.0], C-C-Sep=0.20, ║∇J║=5.5e-04
Iteration 407/2000-----
currents: [100000.0, 99999.99999747805, 99999.99999650981]
J=3.0e-04, ⟨Jf⟩=2.7e-04, ⟨B·n⟩=4.1e-03, Len=sum([5.2, 5.2, 4.9])=15.4, ϰ=[5.6, 6.8, 5.8], ∫ϰ²/L>=[5.0, 7.2, 8.0], C-C-Sep=0.20, ║∇J║=5.8e-04
Iteration 408/2000-----
currents: [100000.0, 99999.99999747575, 99999.99999650585]
J=3.0e-04, ⟨Jf⟩=2.7e-04, ⟨B·n⟩=4.1e-03, Len=sum([5.2, 5.2, 4.9])=15.4, ϰ=[5.6, 6.8, 5.8], ∫ϰ²/L>=[5.0, 7.2, 8.0], C-C-Sep=0.20, ║∇J║=6.4e-04
Iteration 409/2000-----
currents: [100000.0, 99999.9999974727, 99999.99999650066]
J=3.0e-04, ⟨Jf⟩=2.7e-04, ⟨B·n⟩=4.1e-03, Len=sum([5.2, 5.2, 4.9])=15.4, ϰ=[5.6, 6.7, 5.8], ∫ϰ²/L>=[5.0, 7.2, 8.0], C-C-Sep=0.20, ║∇J║=8.2e-04
Iteration 410/2000-----
currents: [100000.0, 99999.99999746885, 99999.99999649405]
J=3.0e-04, ⟨Jf⟩=2.7e-04, ⟨B·n⟩=4.1e-03, Len=sum([5.2, 5.2, 4.9])=15.4, ϰ=[5.6, 6.7, 5.8], ∫ϰ²/L>=[5.0, 7.2, 8.0], C-C-Sep=0.20, ║∇J║=6.5e-04
Iteration 411/2000-----
currents: [100000.0, 99999.9999974672, 99999.99999649124]
J=3.0e-04, ⟨Jf⟩=2.7e-04, ⟨B·n⟩=4.1e-03, Len=sum([5.2, 5.2, 4.9])=15.4, ϰ=[5.6, 6.7, 5.8], ∫ϰ²/L>=[5.0, 7.2, 8.0], C-C-Sep=0.20, ║∇J║=5.3e-04
Iteration 412/2000-----
currents: [100000.0, 99999.99999746482, 99999.99999648714]
J=3.0e-04, ⟨Jf⟩=2.7e-04, ⟨B·n⟩=4.1e-03, Len=sum([5.2, 5.2, 4.9])=15.4, ϰ=[5.6, 6.7, 5.9], ∫ϰ²/L>=[5.0, 7.2, 8.0], C-C-Sep=0.20, ║∇J║=6.1e-04
Iteration 413/2000-----
currents: [100000.0, 99999.99999746191, 99999.99999648212]
J=3.0e-04, ⟨Jf⟩=2.7e-04, ⟨B·n⟩=4.1e-03, Len=sum([5.2, 5.2, 4.9])=15.4, ϰ=[5.6, 6.7, 5.9], ∫ϰ²/L>=[5.0, 7.2, 8.0], C-C-Sep=0.20, ║∇J║=6.1e-04
Iteration 414/2000-----
currents: [100000.0, 99999.99999745758, 99999.9999964746]
J=3.0e-04, ⟨Jf⟩=2.7e-04, ⟨B·n⟩=4.1e-03, Len=sum([5.2, 5.2, 4.9])=15.4, ϰ=[5.6, 6.7, 5.9], ∫ϰ²/L>=[5.0, 7.1, 8.0], C-C-Sep=0.20, ║∇J║=6.7e-04
Iteration 415/2000-----
currents: [100000.0, 99999.9999974547, 99999.99999646962]
J=3.0e-04, ⟨Jf⟩=2.7e-04, ⟨B·n⟩=4.1e-03, Len=sum([5.2, 5.2, 4.9])=15.4, ϰ=[5.6, 6.7, 5.8], ∫ϰ²/L>=[5.0, 7.1, 8.0], C-C-Sep=0.20, ║∇J║=6.9e-04
Iteration 416/2000-----
currents: [100000.0, 99999.99999745206, 99999.99999646509]
J=3.0e-04, ⟨Jf⟩=2.7e-04, ⟨B·n⟩=4.1e-03, Len=sum([5.2, 5.2, 4.9])=15.4, ϰ=[5.6, 6.7, 5.8], ∫ϰ²/L>=[5.0, 7.1, 8.0], C-C-Sep=0.20, ║∇J║=6.5e-04
Iteration 417/2000-----
currents: [100000.0, 99999.99999744967, 99999.99999646102]
J=3.0e-04, ⟨Jf⟩=2.7e-04, ⟨B·n⟩=4.1e-03, Len=sum([5.2, 5.2, 4.9])=15.4, ϰ=[5.6, 6.7, 5.8], ∫ϰ²/L>=[5.0, 7.2, 8.0], C-C-Sep=0.20, ║∇J║=7.0e-04
Iteration 418/2000-----
currents: [100000.0, 99999.99999744639, 99999.99999645547]
J=3.0e-04, ⟨Jf⟩=2.7e-04, ⟨B·n⟩=4.1e-03, Len=sum([5.2, 5.2, 4.9])=15.4, ϰ=[5.6, 6.7, 5.8], ∫ϰ²/L>=[5.0, 7.2, 8.0], C-C-Sep=0.20, ║∇J║=9.3e-04
Iteration 419/2000-----
currents: [100000.0, 99999.99999744364, 99999.99999645085]
J=3.0e-04, ⟨Jf⟩=2.7e-04, ⟨B·n⟩=4.1e-03, Len=sum([5.2, 5.2, 4.9])=15.4, ϰ=[5.6, 6.7, 5.9], ∫ϰ²/L>=[5.0, 7.1, 8.0], C-C-Sep=0.20, ║∇J║=6.2e-04
Iteration 420/2000-----
currents: [100000.0, 99999.99999744192, 99999.99999644796]
J=3.0e-04, ⟨Jf⟩=2.7e-04, ⟨B·n⟩=4.1e-03, Len=sum([5.2, 5.2, 4.9])=15.4, ϰ=[5.6, 6.7, 5.9], ∫ϰ²/L>=[5.0, 7.1, 8.0], C-C-Sep=0.20, ║∇J║=4.9e-04
Iteration 421/2000-----
currents: [100000.0, 99999.99999744045, 99999.99999644546]
J=3.0e-04, ⟨Jf⟩=2.7e-04, ⟨B·n⟩=4.1e-03, Len=sum([5.2, 5.2, 4.9])=15.4, ϰ=[5.5, 6.7, 5.9], ∫ϰ²/L>=[5.0, 7.1, 8.0], C-C-Sep=0.20, ║∇J║=5.6e-04
Iteration 422/2000-----
currents: [100000.0, 99999.99999743844, 99999.999996442]
J=3.0e-04, ⟨Jf⟩=2.7e-04, ⟨B·n⟩=4.1e-03, Len=sum([5.2, 5.2, 4.9])=15.4, ϰ=[5.5, 6.7, 5.9], ∫ϰ²/L>=[5.0, 7.1, 8.0], C-C-Sep=0.20, ║∇J║=5.2e-04
Iteration 423/2000-----
currents: [100000.0, 99999.99999743611, 99999.99999643795]
J=3.0e-04, ⟨Jf⟩=2.7e-04, ⟨B·n⟩=4.1e-03, Len=sum([5.2, 5.2, 4.9])=15.4, ϰ=[5.5, 6.7, 5.9], ∫ϰ²/L>=[5.0, 7.1, 8.0], C-C-Sep=0.20, ║∇J║=5.0e-04
Iteration 424/2000-----
currents: [100000.0, 99999.999997433, 99999.99999643257]
J=3.0e-04, ⟨Jf⟩=2.7e-04, ⟨B·n⟩=4.1e-03, Len=sum([5.2, 5.2, 4.9])=15.4, ϰ=[5.5, 6.7, 5.9], ∫ϰ²/L>=[5.0, 7.1, 8.1], C-C-Sep=0.20, ║∇J║=6.8e-04
Iteration 425/2000-----
currents: [100000.0, 99999.99999743055, 99999.99999642836]
J=3.0e-04, ⟨Jf⟩=2.7e-04, ⟨B·n⟩=4.1e-03, Len=sum([5.2, 5.2, 4.9])=15.4, ϰ=[5.5, 6.7, 5.9], ∫ϰ²/L>=[5.0, 7.2, 8.1], C-C-Sep=0.20, ║∇J║=5.5e-04
Iteration 426/2000-----
currents: [100000.0, 99999.99999742823, 99999.99999642438]
J=3.0e-04, ⟨Jf⟩=2.7e-04, ⟨B·n⟩=4.1e-03, Len=sum([5.2, 5.2, 4.9])=15.4, ϰ=[5.5, 6.7, 5.9], ∫ϰ²/L>=[5.0, 7.2, 8.1], C-C-Sep=0.20, ║∇J║=5.0e-04
Iteration 427/2000-----
currents: [100000.0, 99999.99999742572, 99999.99999642016]
J=3.0e-04, ⟨Jf⟩=2.7e-04, ⟨B·n⟩=4.1e-03, Len=sum([5.2, 5.2, 4.9])=15.4, ϰ=[5.5, 6.7, 5.9], ∫ϰ²/L>=[5.0, 7.2, 8.1], C-C-Sep=0.20, ║∇J║=5.7e-04
Iteration 428/2000-----
currents: [100000.0, 99999.99999742281, 99999.99999641527]
J=3.0e-04, ⟨Jf⟩=2.7e-04, ⟨B·n⟩=4.1e-03, Len=sum([5.2, 5.2, 4.9])=15.4, ϰ=[5.5, 6.7, 5.9], ∫ϰ²/L>=[5.0, 7.2, 8.1], C-C-Sep=0.20, ║∇J║=5.0e-04
Iteration 429/2000-----
currents: [100000.0, 99999.99999742085, 99999.999996412]
J=3.0e-04, ⟨Jf⟩=2.7e-04, ⟨B·n⟩=4.1e-03, Len=sum([5.2, 5.2, 4.9])=15.4, ϰ=[5.5, 6.7, 5.9], ∫ϰ²/L>=[5.0, 7.2, 8.1], C-C-Sep=0.20, ║∇J║=6.0e-04
Iteration 430/2000-----
currents: [100000.0, 99999.9999974199, 99999.9999964105]
J=3.0e-04, ⟨Jf⟩=2.7e-04, ⟨B·n⟩=4.1e-03, Len=sum([5.2, 5.2, 4.9])=15.4, ϰ=[5.5, 6.8, 5.9], ∫ϰ²/L>=[5.0, 7.2, 8.1], C-C-Sep=0.20, ║∇J║=4.5e-04
Iteration 431/2000-----
currents: [100000.0, 99999.99999741938, 99999.9999964096]
J=3.0e-04, ⟨Jf⟩=2.7e-04, ⟨B·n⟩=4.1e-03, Len=sum([5.2, 5.2, 4.9])=15.4, ϰ=[5.5, 6.8, 5.9], ∫ϰ²/L>=[5.0, 7.2, 8.1], C-C-Sep=0.20, ║∇J║=3.1e-04
Iteration 432/2000-----
currents: [100000.0, 99999.99999741871, 99999.99999640847]
J=3.0e-04, ⟨Jf⟩=2.7e-04, ⟨B·n⟩=4.1e-03, Len=sum([5.2, 5.2, 4.9])=15.4, ϰ=[5.5, 6.8, 5.9], ∫ϰ²/L>=[5.0, 7.2, 8.1], C-C-Sep=0.20, ║∇J║=3.3e-04
Iteration 433/2000-----
currents: [100000.0, 99999.99999741712, 99999.99999640578]
J=3.0e-04, ⟨Jf⟩=2.7e-04, ⟨B·n⟩=4.1e-03, Len=sum([5.2, 5.2, 4.9])=15.4, ϰ=[5.5, 6.8, 5.9], ∫ϰ²/L>=[5.0, 7.2, 8.1], C-C-Sep=0.20, ║∇J║=4.3e-04
Iteration 434/2000-----
currents: [100000.0, 99999.99999741404, 99999.99999640058]
J=3.0e-04, ⟨Jf⟩=2.7e-04, ⟨B·n⟩=4.1e-03, Len=sum([5.2, 5.2, 4.9])=15.4, ϰ=[5.5, 6.7, 5.9], ∫ϰ²/L>=[5.0, 7.2, 8.1], C-C-Sep=0.20, ║∇J║=8.9e-04
Iteration 435/2000-----
currents: [100000.0, 99999.99999741222, 99999.99999639751]
J=3.0e-04, ⟨Jf⟩=2.7e-04, ⟨B·n⟩=4.1e-03, Len=sum([5.2, 5.2, 4.9])=15.4, ϰ=[5.5, 6.7, 5.9], ∫ϰ²/L>=[5.0, 7.2, 8.1], C-C-Sep=0.20, ║∇J║=4.5e-04
Iteration 436/2000-----
currents: [100000.0, 99999.99999741164, 99999.99999639655]
J=3.0e-04, ⟨Jf⟩=2.7e-04, ⟨B·n⟩=4.1e-03, Len=sum([5.2, 5.2, 4.9])=15.4, ϰ=[5.5, 6.7, 5.9], ∫ϰ²/L>=[5.0, 7.2, 8.1], C-C-Sep=0.20, ║∇J║=3.2e-04
Iteration 437/2000-----
currents: [100000.0, 99999.99999741117, 99999.9999963958]
J=3.0e-04, ⟨Jf⟩=2.7e-04, ⟨B·n⟩=4.1e-03, Len=sum([5.2, 5.2, 4.9])=15.4, ϰ=[5.5, 6.7, 5.9], ∫ϰ²/L>=[5.0, 7.2, 8.1], C-C-Sep=0.20, ║∇J║=2.9e-04
Iteration 438/2000-----
currents: [100000.0, 99999.99999741012, 99999.99999639406]
J=3.0e-04, ⟨Jf⟩=2.7e-04, ⟨B·n⟩=4.1e-03, Len=sum([5.2, 5.2, 4.9])=15.4, ϰ=[5.5, 6.7, 5.9], ∫ϰ²/L>=[5.0, 7.2, 8.1], C-C-Sep=0.20, ║∇J║=3.9e-04
Iteration 439/2000-----
currents: [100000.0, 99999.99999740852, 99999.99999639139]
J=3.0e-04, ⟨Jf⟩=2.7e-04, ⟨B·n⟩=4.1e-03, Len=sum([5.2, 5.2, 4.9])=15.4, ϰ=[5.5, 6.7, 5.9], ∫ϰ²/L>=[5.0, 7.2, 8.1], C-C-Sep=0.20, ║∇J║=3.6e-04
Iteration 440/2000-----
currents: [100000.0, 99999.99999740673, 99999.99999638837]
J=3.0e-04, ⟨Jf⟩=2.7e-04, ⟨B·n⟩=4.1e-03, Len=sum([5.2, 5.2, 4.9])=15.4, ϰ=[5.5, 6.7, 5.9], ∫ϰ²/L>=[5.0, 7.2, 8.1], C-C-Sep=0.20, ║∇J║=3.5e-04
Iteration 441/2000-----
currents: [100000.0, 99999.99999740504, 99999.99999638551]
J=3.0e-04, ⟨Jf⟩=2.7e-04, ⟨B·n⟩=4.1e-03, Len=sum([5.2, 5.2, 4.9])=15.4, ϰ=[5.5, 6.7, 5.9], ∫ϰ²/L>=[5.0, 7.2, 8.1], C-C-Sep=0.20, ║∇J║=3.2e-04
Iteration 442/2000-----
currents: [100000.0, 99999.99999740362, 99999.99999638308]
J=3.0e-04, ⟨Jf⟩=2.7e-04, ⟨B·n⟩=4.1e-03, Len=sum([5.2, 5.2, 4.9])=15.4, ϰ=[5.5, 6.7, 5.9], ∫ϰ²/L>=[5.0, 7.2, 8.1], C-C-Sep=0.20, ║∇J║=3.3e-04
Iteration 443/2000-----
currents: [100000.0, 99999.99999740184, 99999.99999638007]
J=3.0e-04, ⟨Jf⟩=2.7e-04, ⟨B·n⟩=4.1e-03, Len=sum([5.2, 5.2, 4.9])=15.4, ϰ=[5.5, 6.7, 5.9], ∫ϰ²/L>=[5.0, 7.2, 8.1], C-C-Sep=0.20, ║∇J║=3.5e-04
Iteration 444/2000-----
currents: [100000.0, 99999.99999739895, 99999.99999637519]
J=3.0e-04, ⟨Jf⟩=2.7e-04, ⟨B·n⟩=4.1e-03, Len=sum([5.2, 5.2, 4.9])=15.4, ϰ=[5.5, 6.7, 5.9], ∫ϰ²/L>=[5.0, 7.1, 8.1], C-C-Sep=0.20, ║∇J║=4.5e-04
Iteration 445/2000-----
currents: [100000.0, 99999.99999739658, 99999.99999637125]
J=3.0e-04, ⟨Jf⟩=2.7e-04, ⟨B·n⟩=4.1e-03, Len=sum([5.2, 5.2, 4.9])=15.4, ϰ=[5.5, 6.7, 5.9], ∫ϰ²/L>=[5.0, 7.1, 8.1], C-C-Sep=0.20, ║∇J║=3.6e-04
Iteration 446/2000-----
currents: [100000.0, 99999.99999739618, 99999.9999963706]
J=3.0e-04, ⟨Jf⟩=2.7e-04, ⟨B·n⟩=4.1e-03, Len=sum([5.2, 5.2, 4.9])=15.4, ϰ=[5.5, 6.7, 5.9], ∫ϰ²/L>=[5.0, 7.1, 8.1], C-C-Sep=0.20, ║∇J║=2.2e-04
Iteration 447/2000-----
currents: [100000.0, 99999.99999739601, 99999.99999637034]
J=3.0e-04, ⟨Jf⟩=2.7e-04, ⟨B·n⟩=4.1e-03, Len=sum([5.2, 5.2, 4.9])=15.4, ϰ=[5.5, 6.7, 5.9], ∫ϰ²/L>=[5.0, 7.1, 8.1], C-C-Sep=0.20, ║∇J║=2.2e-04
Iteration 448/2000-----
currents: [100000.0, 99999.99999739524, 99999.99999636908]
J=3.0e-04, ⟨Jf⟩=2.7e-04, ⟨B·n⟩=4.1e-03, Len=sum([5.2, 5.2, 4.9])=15.4, ϰ=[5.5, 6.7, 5.9], ∫ϰ²/L>=[5.0, 7.1, 8.1], C-C-Sep=0.20, ║∇J║=2.6e-04
Iteration 449/2000-----
currents: [100000.0, 99999.99999739324, 99999.99999636582]
J=3.0e-04, ⟨Jf⟩=2.7e-04, ⟨B·n⟩=4.1e-03, Len=sum([5.2, 5.2, 4.9])=15.4, ϰ=[5.5, 6.7, 5.9], ∫ϰ²/L>=[5.0, 7.1, 8.1], C-C-Sep=0.20, ║∇J║=3.5e-04
Iteration 450/2000-----
currents: [100000.0, 99999.99999739096, 99999.99999636204]
J=3.0e-04, ⟨Jf⟩=2.7e-04, ⟨B·n⟩=4.1e-03, Len=sum([5.2, 5.2, 4.9])=15.4, ϰ=[5.5, 6.7, 5.9], ∫ϰ²/L>=[5.0, 7.1, 8.1], C-C-Sep=0.20, ║∇J║=2.9e-04
Iteration 451/2000-----
currents: [100000.0, 99999.99999738982, 99999.99999636016]
J=3.0e-04, ⟨Jf⟩=2.7e-04, ⟨B·n⟩=4.1e-03, Len=sum([5.2, 5.2, 4.9])=15.4, ϰ=[5.5, 6.7, 5.9], ∫ϰ²/L>=[5.0, 7.1, 8.1], C-C-Sep=0.20, ║∇J║=1.9e-04
Iteration 452/2000-----
currents: [100000.0, 99999.99999738914, 99999.99999635905]
J=3.0e-04, ⟨Jf⟩=2.7e-04, ⟨B·n⟩=4.1e-03, Len=sum([5.2, 5.2, 4.9])=15.4, ϰ=[5.5, 6.7, 5.9], ∫ϰ²/L>=[5.0, 7.1, 8.1], C-C-Sep=0.20, ║∇J║=1.9e-04
Iteration 453/2000-----
currents: [100000.0, 99999.99999738827, 99999.99999635763]
J=3.0e-04, ⟨Jf⟩=2.7e-04, ⟨B·n⟩=4.1e-03, Len=sum([5.2, 5.2, 4.9])=15.4, ϰ=[5.5, 6.7, 5.9], ∫ϰ²/L>=[5.0, 7.1, 8.1], C-C-Sep=0.20, ║∇J║=2.4e-04
Iteration 454/2000-----
currents: [100000.0, 99999.99999738662, 99999.99999635498]
J=3.0e-04, ⟨Jf⟩=2.7e-04, ⟨B·n⟩=4.1e-03, Len=sum([5.2, 5.2, 4.9])=15.4, ϰ=[5.5, 6.7, 5.9], ∫ϰ²/L>=[5.0, 7.1, 8.1], C-C-Sep=0.20, ║∇J║=2.6e-04
Iteration 455/2000-----
currents: [100000.0, 99999.99999738416, 99999.999996351]
J=3.0e-04, ⟨Jf⟩=2.7e-04, ⟨B·n⟩=4.1e-03, Len=sum([5.2, 5.2, 4.9])=15.4, ϰ=[5.5, 6.7, 5.9], ∫ϰ²/L>=[5.0, 7.1, 8.1], C-C-Sep=0.20, ║∇J║=3.8e-04
Iteration 456/2000-----
currents: [100000.0, 99999.99999738231, 99999.99999634801]
J=3.0e-04, ⟨Jf⟩=2.7e-04, ⟨B·n⟩=4.1e-03, Len=sum([5.2, 5.2, 4.9])=15.4, ϰ=[5.5, 6.7, 5.9], ∫ϰ²/L>=[5.0, 7.1, 8.1], C-C-Sep=0.20, ║∇J║=2.3e-04
Iteration 457/2000-----
currents: [100000.0, 99999.99999738125, 99999.99999634629]
J=3.0e-04, ⟨Jf⟩=2.7e-04, ⟨B·n⟩=4.1e-03, Len=sum([5.2, 5.2, 4.9])=15.4, ϰ=[5.5, 6.7, 5.9], ∫ϰ²/L>=[5.0, 7.1, 8.1], C-C-Sep=0.20, ║∇J║=2.0e-04
Iteration 458/2000-----
currents: [100000.0, 99999.99999738038, 99999.99999634486]
J=3.0e-04, ⟨Jf⟩=2.7e-04, ⟨B·n⟩=4.1e-03, Len=sum([5.2, 5.2, 4.9])=15.4, ϰ=[5.5, 6.7, 5.9], ∫ϰ²/L>=[5.0, 7.1, 8.1], C-C-Sep=0.20, ║∇J║=2.1e-04
Iteration 459/2000-----
currents: [100000.0, 99999.99999737926, 99999.99999634303]
J=3.0e-04, ⟨Jf⟩=2.7e-04, ⟨B·n⟩=4.1e-03, Len=sum([5.2, 5.2, 4.9])=15.4, ϰ=[5.5, 6.7, 5.9], ∫ϰ²/L>=[5.0, 7.1, 8.1], C-C-Sep=0.20, ║∇J║=2.0e-04
Iteration 460/2000-----
currents: [100000.0, 99999.99999737763, 99999.99999634037]
J=3.0e-04, ⟨Jf⟩=2.7e-04, ⟨B·n⟩=4.1e-03, Len=sum([5.2, 5.2, 4.9])=15.4, ϰ=[5.5, 6.7, 5.9], ∫ϰ²/L>=[5.0, 7.1, 8.1], C-C-Sep=0.20, ║∇J║=2.2e-04
Iteration 461/2000-----
currents: [100000.0, 99999.99999737505, 99999.99999633615]
J=3.0e-04, ⟨Jf⟩=2.7e-04, ⟨B·n⟩=4.1e-03, Len=sum([5.2, 5.2, 4.9])=15.4, ϰ=[5.5, 6.7, 5.9], ∫ϰ²/L>=[5.0, 7.1, 8.1], C-C-Sep=0.20, ║∇J║=3.1e-04
Iteration 462/2000-----
currents: [100000.0, 99999.99999737267, 99999.99999633222]
J=3.0e-04, ⟨Jf⟩=2.7e-04, ⟨B·n⟩=4.1e-03, Len=sum([5.2, 5.2, 4.9])=15.4, ϰ=[5.5, 6.7, 5.9], ∫ϰ²/L>=[5.0, 7.1, 8.1], C-C-Sep=0.20, ║∇J║=2.4e-04
Iteration 463/2000-----
currents: [100000.0, 99999.99999737157, 99999.99999633041]
J=3.0e-04, ⟨Jf⟩=2.7e-04, ⟨B·n⟩=4.1e-03, Len=sum([5.2, 5.2, 4.9])=15.4, ϰ=[5.5, 6.7, 5.9], ∫ϰ²/L>=[5.0, 7.1, 8.1], C-C-Sep=0.20, ║∇J║=1.6e-04
Iteration 464/2000-----
currents: [100000.0, 99999.99999737053, 99999.99999632867]
J=3.0e-04, ⟨Jf⟩=2.7e-04, ⟨B·n⟩=4.1e-03, Len=sum([5.2, 5.2, 4.9])=15.4, ϰ=[5.5, 6.7, 5.9], ∫ϰ²/L>=[5.0, 7.1, 8.1], C-C-Sep=0.20, ║∇J║=1.7e-04
Iteration 465/2000-----
currents: [100000.0, 99999.9999973695, 99999.99999632697]
J=3.0e-04, ⟨Jf⟩=2.7e-04, ⟨B·n⟩=4.1e-03, Len=sum([5.2, 5.2, 4.9])=15.4, ϰ=[5.5, 6.7, 5.9], ∫ϰ²/L>=[5.0, 7.1, 8.1], C-C-Sep=0.20, ║∇J║=2.1e-04
Iteration 466/2000-----
currents: [100000.0, 99999.9999973682, 99999.99999632483]
J=3.0e-04, ⟨Jf⟩=2.7e-04, ⟨B·n⟩=4.1e-03, Len=sum([5.2, 5.2, 4.9])=15.4, ϰ=[5.5, 6.7, 5.9], ∫ϰ²/L>=[5.0, 7.1, 8.1], C-C-Sep=0.20, ║∇J║=1.8e-04
Iteration 467/2000-----
currents: [100000.0, 99999.99999736581, 99999.99999632091]
J=3.0e-04, ⟨Jf⟩=2.7e-04, ⟨B·n⟩=4.1e-03, Len=sum([5.2, 5.2, 4.9])=15.4, ϰ=[5.5, 6.7, 5.9], ∫ϰ²/L>=[5.0, 7.1, 8.1], C-C-Sep=0.20, ║∇J║=2.1e-04
Iteration 468/2000-----
currents: [100000.0, 99999.99999736404, 99999.99999631802]
J=3.0e-04, ⟨Jf⟩=2.7e-04, ⟨B·n⟩=4.1e-03, Len=sum([5.2, 5.2, 4.9])=15.4, ϰ=[5.5, 6.7, 5.9], ∫ϰ²/L>=[5.0, 7.1, 8.1], C-C-Sep=0.20, ║∇J║=2.3e-04
Iteration 469/2000-----
currents: [100000.0, 99999.99999736348, 99999.99999631713]
J=3.0e-04, ⟨Jf⟩=2.7e-04, ⟨B·n⟩=4.1e-03, Len=sum([5.2, 5.2, 4.9])=15.4, ϰ=[5.5, 6.7, 5.9], ∫ϰ²/L>=[5.0, 7.1, 8.1], C-C-Sep=0.20, ║∇J║=1.5e-04
Iteration 470/2000-----
currents: [100000.0, 99999.99999736296, 99999.99999631627]
J=3.0e-04, ⟨Jf⟩=2.7e-04, ⟨B·n⟩=4.1e-03, Len=sum([5.2, 5.2, 4.9])=15.4, ϰ=[5.5, 6.7, 5.9], ∫ϰ²/L>=[5.0, 7.1, 8.1], C-C-Sep=0.20, ║∇J║=1.5e-04
Iteration 471/2000-----
currents: [100000.0, 99999.9999973625, 99999.99999631548]
J=3.0e-04, ⟨Jf⟩=2.7e-04, ⟨B·n⟩=4.1e-03, Len=sum([5.2, 5.2, 4.9])=15.4, ϰ=[5.5, 6.7, 5.9], ∫ϰ²/L>=[5.0, 7.1, 8.1], C-C-Sep=0.20, ║∇J║=1.5e-04
Iteration 472/2000-----
currents: [100000.0, 99999.9999973619, 99999.99999631448]
J=3.0e-04, ⟨Jf⟩=2.7e-04, ⟨B·n⟩=4.1e-03, Len=sum([5.2, 5.2, 4.9])=15.4, ϰ=[5.5, 6.7, 5.9], ∫ϰ²/L>=[5.0, 7.1, 8.1], C-C-Sep=0.20, ║∇J║=1.3e-04
Iteration 473/2000-----
currents: [100000.0, 99999.99999736025, 99999.99999631172]
J=3.0e-04, ⟨Jf⟩=2.7e-04, ⟨B·n⟩=4.1e-03, Len=sum([5.2, 5.2, 4.9])=15.4, ϰ=[5.5, 6.7, 5.9], ∫ϰ²/L>=[5.0, 7.1, 8.1], C-C-Sep=0.20, ║∇J║=1.4e-04
Iteration 474/2000-----
currents: [100000.0, 99999.99999735836, 99999.99999630854]
J=3.0e-04, ⟨Jf⟩=2.7e-04, ⟨B·n⟩=4.1e-03, Len=sum([5.2, 5.2, 4.9])=15.4, ϰ=[5.5, 6.7, 5.9], ∫ϰ²/L>=[5.0, 7.1, 8.1], C-C-Sep=0.20, ║∇J║=2.2e-04
Iteration 475/2000-----
currents: [100000.0, 99999.99999735744, 99999.999996307]
J=3.0e-04, ⟨Jf⟩=2.7e-04, ⟨B·n⟩=4.1e-03, Len=sum([5.2, 5.2, 4.9])=15.4, ϰ=[5.5, 6.7, 5.9], ∫ϰ²/L>=[5.0, 7.1, 8.1], C-C-Sep=0.20, ║∇J║=1.4e-04
Iteration 476/2000-----
currents: [100000.0, 99999.99999735628, 99999.99999630505]
J=3.0e-04, ⟨Jf⟩=2.7e-04, ⟨B·n⟩=4.1e-03, Len=sum([5.2, 5.2, 4.9])=15.4, ϰ=[5.5, 6.7, 5.9], ∫ϰ²/L>=[5.0, 7.1, 8.1], C-C-Sep=0.20, ║∇J║=1.4e-04
Iteration 477/2000-----
currents: [100000.0, 99999.99999735519, 99999.99999630322]
J=3.0e-04, ⟨Jf⟩=2.7e-04, ⟨B·n⟩=4.1e-03, Len=sum([5.2, 5.2, 4.9])=15.4, ϰ=[5.5, 6.7, 5.9], ∫ϰ²/L>=[5.0, 7.1, 8.1], C-C-Sep=0.20, ║∇J║=1.4e-04
Iteration 478/2000-----
currents: [100000.0, 99999.99999735279, 99999.99999629917]
J=3.0e-04, ⟨Jf⟩=2.7e-04, ⟨B·n⟩=4.1e-03, Len=sum([5.2, 5.2, 4.9])=15.4, ϰ=[5.5, 6.7, 5.9], ∫ϰ²/L>=[5.0, 7.1, 8.1], C-C-Sep=0.20, ║∇J║=2.0e-04
Iteration 479/2000-----
currents: [100000.0, 99999.99999735078, 99999.9999962958]
J=3.0e-04, ⟨Jf⟩=2.7e-04, ⟨B·n⟩=4.1e-03, Len=sum([5.2, 5.2, 4.9])=15.4, ϰ=[5.5, 6.7, 5.9], ∫ϰ²/L>=[5.0, 7.1, 8.1], C-C-Sep=0.20, ║∇J║=1.3e-04
Iteration 480/2000-----
currents: [100000.0, 99999.99999734976, 99999.99999629408]
J=3.0e-04, ⟨Jf⟩=2.7e-04, ⟨B·n⟩=4.1e-03, Len=sum([5.2, 5.2, 4.9])=15.4, ϰ=[5.5, 6.7, 5.9], ∫ϰ²/L>=[5.0, 7.1, 8.1], C-C-Sep=0.20, ║∇J║=1.2e-04
Iteration 481/2000-----
currents: [100000.0, 99999.999997348, 99999.99999629112]
J=3.0e-04, ⟨Jf⟩=2.7e-04, ⟨B·n⟩=4.1e-03, Len=sum([5.2, 5.2, 4.9])=15.4, ϰ=[5.5, 6.7, 5.9], ∫ϰ²/L>=[5.0, 7.1, 8.1], C-C-Sep=0.20, ║∇J║=1.5e-04
Iteration 482/2000-----
currents: [100000.0, 99999.99999734583, 99999.99999628749]
J=3.0e-04, ⟨Jf⟩=2.7e-04, ⟨B·n⟩=4.1e-03, Len=sum([5.2, 5.2, 4.9])=15.4, ϰ=[5.5, 6.7, 5.9], ∫ϰ²/L>=[5.0, 7.1, 8.1], C-C-Sep=0.20, ║∇J║=2.8e-04
Iteration 483/2000-----
currents: [100000.0, 99999.99999734503, 99999.99999628615]
J=3.0e-04, ⟨Jf⟩=2.7e-04, ⟨B·n⟩=4.1e-03, Len=sum([5.2, 5.2, 4.9])=15.4, ϰ=[5.5, 6.7, 5.9], ∫ϰ²/L>=[5.0, 7.1, 8.1], C-C-Sep=0.20, ║∇J║=1.3e-04
Iteration 484/2000-----
currents: [100000.0, 99999.9999973438, 99999.99999628408]
J=3.0e-04, ⟨Jf⟩=2.7e-04, ⟨B·n⟩=4.1e-03, Len=sum([5.2, 5.2, 4.9])=15.4, ϰ=[5.5, 6.7, 5.9], ∫ϰ²/L>=[5.0, 7.1, 8.1], C-C-Sep=0.20, ║∇J║=8.8e-05
Iteration 485/2000-----
currents: [100000.0, 99999.99999734315, 99999.999996283]
J=3.0e-04, ⟨Jf⟩=2.7e-04, ⟨B·n⟩=4.1e-03, Len=sum([5.2, 5.2, 4.9])=15.4, ϰ=[5.5, 6.7, 5.9], ∫ϰ²/L>=[5.0, 7.1, 8.1], C-C-Sep=0.20, ║∇J║=8.3e-05
Iteration 486/2000-----
currents: [100000.0, 99999.99999734179, 99999.9999962807]
J=3.0e-04, ⟨Jf⟩=2.7e-04, ⟨B·n⟩=4.1e-03, Len=sum([5.2, 5.2, 4.9])=15.4, ϰ=[5.5, 6.7, 5.9], ∫ϰ²/L>=[5.0, 7.1, 8.1], C-C-Sep=0.20, ║∇J║=8.8e-05
Iteration 487/2000-----
currents: [100000.0, 99999.99999733931, 99999.99999627654]
J=3.0e-04, ⟨Jf⟩=2.7e-04, ⟨B·n⟩=4.1e-03, Len=sum([5.2, 5.2, 4.9])=15.4, ϰ=[5.5, 6.7, 5.9], ∫ϰ²/L>=[5.0, 7.1, 8.1], C-C-Sep=0.20, ║∇J║=2.0e-04
Iteration 488/2000-----
currents: [100000.0, 99999.9999973377, 99999.99999627382]
J=3.0e-04, ⟨Jf⟩=2.7e-04, ⟨B·n⟩=4.1e-03, Len=sum([5.2, 5.2, 4.9])=15.4, ϰ=[5.5, 6.7, 5.9], ∫ϰ²/L>=[5.0, 7.1, 8.1], C-C-Sep=0.20, ║∇J║=1.2e-04
Iteration 489/2000-----
currents: [100000.0, 99999.99999733659, 99999.99999627196]
J=3.0e-04, ⟨Jf⟩=2.7e-04, ⟨B·n⟩=4.1e-03, Len=sum([5.2, 5.2, 4.9])=15.4, ϰ=[5.5, 6.7, 5.9], ∫ϰ²/L>=[5.0, 7.1, 8.1], C-C-Sep=0.20, ║∇J║=9.8e-05
Iteration 490/2000-----
currents: [100000.0, 99999.99999733554, 99999.9999962702]
J=3.0e-04, ⟨Jf⟩=2.7e-04, ⟨B·n⟩=4.1e-03, Len=sum([5.2, 5.2, 4.9])=15.4, ϰ=[5.5, 6.7, 5.9], ∫ϰ²/L>=[5.0, 7.1, 8.1], C-C-Sep=0.20, ║∇J║=9.2e-05
Iteration 491/2000-----
currents: [100000.0, 99999.99999733434, 99999.99999626816]
J=3.0e-04, ⟨Jf⟩=2.7e-04, ⟨B·n⟩=4.1e-03, Len=sum([5.2, 5.2, 4.9])=15.4, ϰ=[5.5, 6.7, 5.9], ∫ϰ²/L>=[5.0, 7.1, 8.1], C-C-Sep=0.20, ║∇J║=1.3e-04
Iteration 492/2000-----
currents: [100000.0, 99999.99999733349, 99999.99999626675]
J=3.0e-04, ⟨Jf⟩=2.7e-04, ⟨B·n⟩=4.1e-03, Len=sum([5.2, 5.2, 4.9])=15.4, ϰ=[5.5, 6.7, 5.9], ∫ϰ²/L>=[5.0, 7.1, 8.1], C-C-Sep=0.20, ║∇J║=9.4e-05
Iteration 493/2000-----
currents: [100000.0, 99999.99999733166, 99999.99999626368]
J=3.0e-04, ⟨Jf⟩=2.7e-04, ⟨B·n⟩=4.1e-03, Len=sum([5.2, 5.2, 4.9])=15.4, ϰ=[5.5, 6.7, 5.9], ∫ϰ²/L>=[5.0, 7.1, 8.1], C-C-Sep=0.20, ║∇J║=1.0e-04
Iteration 494/2000-----
currents: [100000.0, 99999.99999732958, 99999.99999626019]
J=3.0e-04, ⟨Jf⟩=2.7e-04, ⟨B·n⟩=4.1e-03, Len=sum([5.2, 5.2, 4.9])=15.4, ϰ=[5.5, 6.7, 5.9], ∫ϰ²/L>=[5.0, 7.1, 8.1], C-C-Sep=0.20, ║∇J║=1.1e-04
Iteration 495/2000-----
currents: [100000.0, 99999.99999732635, 99999.99999625477]
J=3.0e-04, ⟨Jf⟩=2.7e-04, ⟨B·n⟩=4.1e-03, Len=sum([5.2, 5.2, 4.9])=15.4, ϰ=[5.5, 6.7, 5.9], ∫ϰ²/L>=[5.0, 7.1, 8.1], C-C-Sep=0.20, ║∇J║=1.5e-04
Iteration 496/2000-----
currents: [100000.0, 99999.99999732537, 99999.99999625314]
J=3.0e-04, ⟨Jf⟩=2.7e-04, ⟨B·n⟩=4.1e-03, Len=sum([5.2, 5.2, 4.9])=15.4, ϰ=[5.5, 6.7, 5.9], ∫ϰ²/L>=[5.0, 7.1, 8.1], C-C-Sep=0.20, ║∇J║=6.1e-05
Iteration 497/2000-----
currents: [100000.0, 99999.99999732539, 99999.99999625317]
J=3.0e-04, ⟨Jf⟩=2.7e-04, ⟨B·n⟩=4.1e-03, Len=sum([5.2, 5.2, 4.9])=15.4, ϰ=[5.5, 6.7, 5.9], ∫ϰ²/L>=[5.0, 7.1, 8.1], C-C-Sep=0.20, ║∇J║=5.5e-05
Iteration 498/2000-----
currents: [100000.0, 99999.999997325, 99999.99999625252]
J=3.0e-04, ⟨Jf⟩=2.7e-04, ⟨B·n⟩=4.1e-03, Len=sum([5.2, 5.2, 4.9])=15.4, ϰ=[5.5, 6.7, 5.9], ∫ϰ²/L>=[5.0, 7.1, 8.1], C-C-Sep=0.20, ║∇J║=6.2e-05
Iteration 499/2000-----
currents: [100000.0, 99999.9999973237, 99999.99999625035]
J=3.0e-04, ⟨Jf⟩=2.7e-04, ⟨B·n⟩=4.1e-03, Len=sum([5.2, 5.2, 4.9])=15.4, ϰ=[5.5, 6.7, 5.9], ∫ϰ²/L>=[5.0, 7.1, 8.1], C-C-Sep=0.20, ║∇J║=9.4e-05
Iteration 500/2000-----
currents: [100000.0, 99999.9999973213, 99999.99999624632]
J=3.0e-04, ⟨Jf⟩=2.7e-04, ⟨B·n⟩=4.1e-03, Len=sum([5.2, 5.2, 4.9])=15.4, ϰ=[5.5, 6.7, 5.9], ∫ϰ²/L>=[5.0, 7.1, 8.1], C-C-Sep=0.20, ║∇J║=1.1e-04
Iteration 501/2000-----
currents: [100000.0, 99999.99999731971, 99999.99999624366]
J=3.0e-04, ⟨Jf⟩=2.7e-04, ⟨B·n⟩=4.1e-03, Len=sum([5.2, 5.2, 4.9])=15.4, ϰ=[5.5, 6.7, 5.9], ∫ϰ²/L>=[5.0, 7.1, 8.1], C-C-Sep=0.20, ║∇J║=7.1e-05
Iteration 502/2000-----
currents: [100000.0, 99999.99999731805, 99999.99999624086]
J=3.0e-04, ⟨Jf⟩=2.7e-04, ⟨B·n⟩=4.1e-03, Len=sum([5.2, 5.2, 4.9])=15.4, ϰ=[5.5, 6.7, 5.9], ∫ϰ²/L>=[5.0, 7.1, 8.1], C-C-Sep=0.20, ║∇J║=6.3e-05
Iteration 503/2000-----
currents: [100000.0, 99999.999997317, 99999.99999623909]
J=3.0e-04, ⟨Jf⟩=2.7e-04, ⟨B·n⟩=4.1e-03, Len=sum([5.2, 5.2, 4.9])=15.4, ϰ=[5.5, 6.7, 5.9], ∫ϰ²/L>=[5.0, 7.1, 8.1], C-C-Sep=0.20, ║∇J║=7.9e-05
Iteration 504/2000-----
currents: [100000.0, 99999.9999973156, 99999.99999623669]
J=3.0e-04, ⟨Jf⟩=2.7e-04, ⟨B·n⟩=4.1e-03, Len=sum([5.2, 5.2, 4.9])=15.4, ϰ=[5.5, 6.7, 5.9], ∫ϰ²/L>=[5.0, 7.1, 8.1], C-C-Sep=0.20, ║∇J║=6.1e-05
Iteration 505/2000-----
currents: [100000.0, 99999.99999731411, 99999.99999623415]
J=3.0e-04, ⟨Jf⟩=2.7e-04, ⟨B·n⟩=4.1e-03, Len=sum([5.2, 5.2, 4.9])=15.4, ϰ=[5.5, 6.7, 5.9], ∫ϰ²/L>=[5.0, 7.1, 8.1], C-C-Sep=0.20, ║∇J║=6.3e-05
Iteration 506/2000-----
currents: [100000.0, 99999.99999731216, 99999.99999623082]
J=3.0e-04, ⟨Jf⟩=2.7e-04, ⟨B·n⟩=4.1e-03, Len=sum([5.2, 5.2, 4.9])=15.4, ϰ=[5.5, 6.7, 5.9], ∫ϰ²/L>=[5.0, 7.1, 8.1], C-C-Sep=0.20, ║∇J║=9.1e-05
Iteration 507/2000-----
currents: [100000.0, 99999.99999731084, 99999.99999622855]
J=3.0e-04, ⟨Jf⟩=2.7e-04, ⟨B·n⟩=4.1e-03, Len=sum([5.2, 5.2, 4.9])=15.4, ϰ=[5.5, 6.7, 5.9], ∫ϰ²/L>=[5.0, 7.1, 8.1], C-C-Sep=0.20, ║∇J║=6.2e-05
Iteration 508/2000-----
currents: [100000.0, 99999.99999730998, 99999.99999622708]
J=3.0e-04, ⟨Jf⟩=2.7e-04, ⟨B·n⟩=4.1e-03, Len=sum([5.2, 5.2, 4.9])=15.4, ϰ=[5.5, 6.7, 5.9], ∫ϰ²/L>=[5.0, 7.1, 8.1], C-C-Sep=0.20, ║∇J║=5.0e-05
Iteration 509/2000-----
currents: [100000.0, 99999.99999730867, 99999.99999622485]
J=3.0e-04, ⟨Jf⟩=2.7e-04, ⟨B·n⟩=4.1e-03, Len=sum([5.2, 5.2, 4.9])=15.4, ϰ=[5.5, 6.7, 5.9], ∫ϰ²/L>=[5.0, 7.1, 8.1], C-C-Sep=0.20, ║∇J║=7.6e-05
Iteration 510/2000-----
currents: [100000.0, 99999.99999730743, 99999.99999622276]
J=3.0e-04, ⟨Jf⟩=2.7e-04, ⟨B·n⟩=4.1e-03, Len=sum([5.2, 5.2, 4.9])=15.4, ϰ=[5.5, 6.7, 5.9], ∫ϰ²/L>=[5.0, 7.1, 8.1], C-C-Sep=0.20, ║∇J║=5.6e-05
Iteration 511/2000-----
currents: [100000.0, 99999.99999730563, 99999.9999962197]
J=3.0e-04, ⟨Jf⟩=2.7e-04, ⟨B·n⟩=4.1e-03, Len=sum([5.2, 5.2, 4.9])=15.4, ϰ=[5.5, 6.7, 5.9], ∫ϰ²/L>=[5.0, 7.1, 8.1], C-C-Sep=0.20, ║∇J║=6.6e-05
Iteration 512/2000-----
currents: [100000.0, 99999.99999730186, 99999.9999962133]
J=3.0e-04, ⟨Jf⟩=2.7e-04, ⟨B·n⟩=4.1e-03, Len=sum([5.2, 5.2, 4.9])=15.4, ϰ=[5.5, 6.7, 5.9], ∫ϰ²/L>=[5.0, 7.1, 8.1], C-C-Sep=0.20, ║∇J║=9.6e-05
Iteration 513/2000-----
currents: [100000.0, 99999.99999729768, 99999.9999962062]
J=3.0e-04, ⟨Jf⟩=2.7e-04, ⟨B·n⟩=4.1e-03, Len=sum([5.2, 5.2, 4.9])=15.4, ϰ=[5.5, 6.7, 5.9], ∫ϰ²/L>=[5.0, 7.1, 8.1], C-C-Sep=0.20, ║∇J║=1.6e-04
Iteration 514/2000-----
currents: [100000.0, 99999.999997298, 99999.99999620674]
J=3.0e-04, ⟨Jf⟩=2.7e-04, ⟨B·n⟩=4.1e-03, Len=sum([5.2, 5.2, 4.9])=15.4, ϰ=[5.5, 6.7, 5.9], ∫ϰ²/L>=[5.0, 7.1, 8.1], C-C-Sep=0.20, ║∇J║=5.5e-05
Iteration 515/2000-----
currents: [100000.0, 99999.99999729807, 99999.99999620685]
J=3.0e-04, ⟨Jf⟩=2.7e-04, ⟨B·n⟩=4.1e-03, Len=sum([5.2, 5.2, 4.9])=15.4, ϰ=[5.5, 6.7, 5.9], ∫ϰ²/L>=[5.0, 7.1, 8.1], C-C-Sep=0.20, ║∇J║=4.4e-05
Iteration 516/2000-----
currents: [100000.0, 99999.99999729745, 99999.99999620579]
J=3.0e-04, ⟨Jf⟩=2.7e-04, ⟨B·n⟩=4.1e-03, Len=sum([5.2, 5.2, 4.9])=15.4, ϰ=[5.5, 6.7, 5.9], ∫ϰ²/L>=[5.0, 7.1, 8.1], C-C-Sep=0.20, ║∇J║=5.0e-05
Iteration 517/2000-----
currents: [100000.0, 99999.99999729558, 99999.99999620263]
J=3.0e-04, ⟨Jf⟩=2.7e-04, ⟨B·n⟩=4.1e-03, Len=sum([5.2, 5.2, 4.9])=15.4, ϰ=[5.5, 6.7, 5.9], ∫ϰ²/L>=[5.0, 7.1, 8.1], C-C-Sep=0.20, ║∇J║=6.8e-05
Iteration 518/2000-----
currents: [100000.0, 99999.9999972917, 99999.99999619604]
J=3.0e-04, ⟨Jf⟩=2.7e-04, ⟨B·n⟩=4.1e-03, Len=sum([5.2, 5.2, 4.9])=15.4, ϰ=[5.5, 6.7, 5.9], ∫ϰ²/L>=[5.0, 7.1, 8.1], C-C-Sep=0.20, ║∇J║=9.2e-05
Iteration 519/2000-----
currents: [100000.0, 99999.99999728901, 99999.99999619147]
J=3.0e-04, ⟨Jf⟩=2.7e-04, ⟨B·n⟩=4.1e-03, Len=sum([5.2, 5.2, 4.9])=15.4, ϰ=[5.5, 6.7, 5.9], ∫ϰ²/L>=[5.0, 7.1, 8.1], C-C-Sep=0.20, ║∇J║=6.8e-05
Iteration 520/2000-----
currents: [100000.0, 99999.99999728712, 99999.99999618826]
J=3.0e-04, ⟨Jf⟩=2.7e-04, ⟨B·n⟩=4.1e-03, Len=sum([5.2, 5.2, 4.9])=15.4, ϰ=[5.5, 6.7, 5.9], ∫ϰ²/L>=[5.0, 7.1, 8.1], C-C-Sep=0.20, ║∇J║=5.2e-05
Iteration 521/2000-----
currents: [100000.0, 99999.9999972862, 99999.99999618669]
J=3.0e-04, ⟨Jf⟩=2.7e-04, ⟨B·n⟩=4.1e-03, Len=sum([5.2, 5.2, 4.9])=15.4, ϰ=[5.5, 6.7, 5.9], ∫ϰ²/L>=[5.0, 7.1, 8.1], C-C-Sep=0.20, ║∇J║=5.6e-05
Iteration 522/2000-----
currents: [100000.0, 99999.99999728573, 99999.99999618588]
J=3.0e-04, ⟨Jf⟩=2.7e-04, ⟨B·n⟩=4.1e-03, Len=sum([5.2, 5.2, 4.9])=15.4, ϰ=[5.5, 6.7, 5.9], ∫ϰ²/L>=[5.0, 7.1, 8.1], C-C-Sep=0.20, ║∇J║=4.0e-05
Iteration 523/2000-----
currents: [100000.0, 99999.99999728521, 99999.99999618498]
J=3.0e-04, ⟨Jf⟩=2.7e-04, ⟨B·n⟩=4.1e-03, Len=sum([5.2, 5.2, 4.9])=15.4, ϰ=[5.5, 6.7, 5.9], ∫ϰ²/L>=[5.0, 7.1, 8.1], C-C-Sep=0.20, ║∇J║=4.5e-05
Iteration 524/2000-----
currents: [100000.0, 99999.99999728383, 99999.99999618261]
J=3.0e-04, ⟨Jf⟩=2.7e-04, ⟨B·n⟩=4.1e-03, Len=sum([5.2, 5.2, 4.9])=15.4, ϰ=[5.5, 6.7, 5.9], ∫ϰ²/L>=[5.0, 7.1, 8.1], C-C-Sep=0.20, ║∇J║=5.7e-05
Iteration 525/2000-----
currents: [100000.0, 99999.99999728081, 99999.99999617744]
J=3.0e-04, ⟨Jf⟩=2.7e-04, ⟨B·n⟩=4.1e-03, Len=sum([5.2, 5.2, 4.9])=15.4, ϰ=[5.5, 6.7, 5.9], ∫ϰ²/L>=[5.0, 7.1, 8.1], C-C-Sep=0.20, ║∇J║=9.5e-05
Iteration 526/2000-----
currents: [100000.0, 99999.99999727888, 99999.99999617411]
J=3.0e-04, ⟨Jf⟩=2.7e-04, ⟨B·n⟩=4.1e-03, Len=sum([5.2, 5.2, 4.9])=15.4, ϰ=[5.5, 6.7, 5.9], ∫ϰ²/L>=[5.0, 7.1, 8.1], C-C-Sep=0.20, ║∇J║=4.5e-05
Iteration 527/2000-----
currents: [100000.0, 99999.99999727738, 99999.99999617154]
J=3.0e-04, ⟨Jf⟩=2.7e-04, ⟨B·n⟩=4.1e-03, Len=sum([5.2, 5.2, 4.9])=15.4, ϰ=[5.5, 6.7, 5.9], ∫ϰ²/L>=[5.0, 7.1, 8.1], C-C-Sep=0.20, ║∇J║=2.6e-05
Iteration 528/2000-----
currents: [100000.0, 99999.99999727683, 99999.99999617058]
J=3.0e-04, ⟨Jf⟩=2.7e-04, ⟨B·n⟩=4.1e-03, Len=sum([5.2, 5.2, 4.9])=15.4, ϰ=[5.5, 6.7, 5.9], ∫ϰ²/L>=[5.0, 7.1, 8.1], C-C-Sep=0.20, ║∇J║=2.6e-05
Iteration 529/2000-----
currents: [100000.0, 99999.99999727591, 99999.99999616898]
J=3.0e-04, ⟨Jf⟩=2.7e-04, ⟨B·n⟩=4.1e-03, Len=sum([5.2, 5.2, 4.9])=15.4, ϰ=[5.5, 6.7, 5.9], ∫ϰ²/L>=[5.0, 7.1, 8.1], C-C-Sep=0.20, ║∇J║=4.0e-05
Iteration 530/2000-----
currents: [100000.0, 99999.99999727457, 99999.99999616663]
J=3.0e-04, ⟨Jf⟩=2.7e-04, ⟨B·n⟩=4.1e-03, Len=sum([5.2, 5.2, 4.9])=15.4, ϰ=[5.5, 6.7, 5.9], ∫ϰ²/L>=[5.0, 7.1, 8.1], C-C-Sep=0.20, ║∇J║=4.4e-05
Iteration 531/2000-----
currents: [100000.0, 99999.99999727242, 99999.99999616286]
J=3.0e-04, ⟨Jf⟩=2.7e-04, ⟨B·n⟩=4.1e-03, Len=sum([5.2, 5.2, 4.9])=15.4, ϰ=[5.5, 6.7, 5.9], ∫ϰ²/L>=[5.0, 7.1, 8.1], C-C-Sep=0.20, ║∇J║=4.7e-05
Iteration 532/2000-----
currents: [100000.0, 99999.9999972687, 99999.99999615636]
J=3.0e-04, ⟨Jf⟩=2.7e-04, ⟨B·n⟩=4.1e-03, Len=sum([5.2, 5.2, 4.9])=15.4, ϰ=[5.5, 6.7, 5.9], ∫ϰ²/L>=[5.0, 7.1, 8.1], C-C-Sep=0.20, ║∇J║=6.6e-05
Iteration 533/2000-----
currents: [100000.0, 99999.99999726647, 99999.99999615249]
J=3.0e-04, ⟨Jf⟩=2.7e-04, ⟨B·n⟩=4.1e-03, Len=sum([5.2, 5.2, 4.9])=15.4, ϰ=[5.5, 6.7, 5.9], ∫ϰ²/L>=[5.0, 7.1, 8.1], C-C-Sep=0.20, ║∇J║=7.7e-05
Iteration 534/2000-----
currents: [100000.0, 99999.9999972666, 99999.99999615272]
J=3.0e-04, ⟨Jf⟩=2.7e-04, ⟨B·n⟩=4.1e-03, Len=sum([5.2, 5.2, 4.9])=15.4, ϰ=[5.5, 6.7, 5.9], ∫ϰ²/L>=[5.0, 7.1, 8.1], C-C-Sep=0.20, ║∇J║=3.0e-05
Iteration 535/2000-----
currents: [100000.0, 99999.9999972665, 99999.99999615256]
J=3.0e-04, ⟨Jf⟩=2.7e-04, ⟨B·n⟩=4.1e-03, Len=sum([5.2, 5.2, 4.9])=15.4, ϰ=[5.5, 6.7, 5.9], ∫ϰ²/L>=[5.0, 7.1, 8.1], C-C-Sep=0.20, ║∇J║=2.5e-05
Iteration 536/2000-----
currents: [100000.0, 99999.99999726584, 99999.99999615144]
J=3.0e-04, ⟨Jf⟩=2.7e-04, ⟨B·n⟩=4.1e-03, Len=sum([5.2, 5.2, 4.9])=15.4, ϰ=[5.5, 6.7, 5.9], ∫ϰ²/L>=[5.0, 7.1, 8.1], C-C-Sep=0.20, ║∇J║=3.2e-05
Iteration 537/2000-----
currents: [100000.0, 99999.99999726385, 99999.99999614802]
J=3.0e-04, ⟨Jf⟩=2.7e-04, ⟨B·n⟩=4.1e-03, Len=sum([5.2, 5.2, 4.9])=15.4, ϰ=[5.5, 6.7, 5.9], ∫ϰ²/L>=[5.0, 7.1, 8.1], C-C-Sep=0.20, ║∇J║=4.9e-05
Iteration 538/2000-----
currents: [100000.0, 99999.99999725989, 99999.99999614122]
J=3.0e-04, ⟨Jf⟩=2.7e-04, ⟨B·n⟩=4.1e-03, Len=sum([5.2, 5.2, 4.9])=15.4, ϰ=[5.5, 6.7, 5.9], ∫ϰ²/L>=[5.0, 7.1, 8.1], C-C-Sep=0.20, ║∇J║=1.0e-04
Iteration 539/2000-----
currents: [100000.0, 99999.99999725811, 99999.99999613818]
J=3.0e-04, ⟨Jf⟩=2.7e-04, ⟨B·n⟩=4.1e-03, Len=sum([5.2, 5.2, 4.9])=15.4, ϰ=[5.5, 6.7, 5.9], ∫ϰ²/L>=[5.0, 7.1, 8.1], C-C-Sep=0.20, ║∇J║=4.6e-05
Iteration 540/2000-----
currents: [100000.0, 99999.99999725704, 99999.99999613634]
J=3.0e-04, ⟨Jf⟩=2.7e-04, ⟨B·n⟩=4.1e-03, Len=sum([5.2, 5.2, 4.9])=15.4, ϰ=[5.5, 6.7, 5.9], ∫ϰ²/L>=[5.0, 7.1, 8.1], C-C-Sep=0.20, ║∇J║=2.9e-05
Iteration 541/2000-----
currents: [100000.0, 99999.99999725632, 99999.99999613513]
J=3.0e-04, ⟨Jf⟩=2.7e-04, ⟨B·n⟩=4.1e-03, Len=sum([5.2, 5.2, 4.9])=15.4, ϰ=[5.5, 6.7, 5.9], ∫ϰ²/L>=[5.0, 7.1, 8.1], C-C-Sep=0.20, ║∇J║=2.5e-05
Iteration 542/2000-----
currents: [100000.0, 99999.99999725523, 99999.9999961333]
J=3.0e-04, ⟨Jf⟩=2.7e-04, ⟨B·n⟩=4.1e-03, Len=sum([5.2, 5.2, 4.9])=15.4, ϰ=[5.5, 6.7, 5.9], ∫ϰ²/L>=[5.0, 7.1, 8.1], C-C-Sep=0.20, ║∇J║=2.8e-05
Iteration 543/2000-----
currents: [100000.0, 99999.99999725237, 99999.99999612849]
J=3.0e-04, ⟨Jf⟩=2.7e-04, ⟨B·n⟩=4.1e-03, Len=sum([5.2, 5.2, 4.9])=15.4, ϰ=[5.5, 6.7, 5.9], ∫ϰ²/L>=[5.0, 7.1, 8.1], C-C-Sep=0.20, ║∇J║=5.0e-05
Iteration 544/2000-----
currents: [100000.0, 99999.99999724857, 99999.99999612215]
J=3.0e-04, ⟨Jf⟩=2.7e-04, ⟨B·n⟩=4.1e-03, Len=sum([5.2, 5.2, 4.9])=15.4, ϰ=[5.5, 6.7, 5.9], ∫ϰ²/L>=[5.0, 7.1, 8.1], C-C-Sep=0.20, ║∇J║=6.6e-05
Iteration 545/2000-----
currents: [100000.0, 99999.99999724688, 99999.99999611932]
J=3.0e-04, ⟨Jf⟩=2.7e-04, ⟨B·n⟩=4.1e-03, Len=sum([5.2, 5.2, 4.9])=15.4, ϰ=[5.5, 6.7, 5.9], ∫ϰ²/L>=[5.0, 7.1, 8.1], C-C-Sep=0.20, ║∇J║=4.0e-05
Iteration 546/2000-----
currents: [100000.0, 99999.99999724493, 99999.99999611605]
J=3.0e-04, ⟨Jf⟩=2.7e-04, ⟨B·n⟩=4.1e-03, Len=sum([5.2, 5.2, 4.9])=15.4, ϰ=[5.5, 6.7, 5.9], ∫ϰ²/L>=[5.0, 7.1, 8.1], C-C-Sep=0.20, ║∇J║=2.5e-05
Iteration 547/2000-----
currents: [100000.0, 99999.99999724433, 99999.99999611505]
J=3.0e-04, ⟨Jf⟩=2.7e-04, ⟨B·n⟩=4.1e-03, Len=sum([5.2, 5.2, 4.9])=15.4, ϰ=[5.5, 6.7, 5.9], ∫ϰ²/L>=[5.0, 7.1, 8.1], C-C-Sep=0.20, ║∇J║=2.7e-05
Iteration 548/2000-----
currents: [100000.0, 99999.99999724279, 99999.99999611244]
J=3.0e-04, ⟨Jf⟩=2.7e-04, ⟨B·n⟩=4.1e-03, Len=sum([5.2, 5.2, 4.9])=15.4, ϰ=[5.5, 6.7, 5.9], ∫ϰ²/L>=[5.0, 7.1, 8.1], C-C-Sep=0.20, ║∇J║=3.3e-05
Iteration 549/2000-----
currents: [100000.0, 99999.99999723962, 99999.9999961071]
J=3.0e-04, ⟨Jf⟩=2.7e-04, ⟨B·n⟩=4.1e-03, Len=sum([5.2, 5.2, 4.9])=15.4, ϰ=[5.5, 6.7, 5.9], ∫ϰ²/L>=[5.0, 7.1, 8.1], C-C-Sep=0.20, ║∇J║=4.9e-05
Iteration 550/2000-----
currents: [100000.0, 99999.9999972354, 99999.9999961]
J=3.0e-04, ⟨Jf⟩=2.7e-04, ⟨B·n⟩=4.1e-03, Len=sum([5.2, 5.2, 4.9])=15.4, ϰ=[5.5, 6.7, 5.9], ∫ϰ²/L>=[5.0, 7.1, 8.1], C-C-Sep=0.20, ║∇J║=5.1e-05
Iteration 551/2000-----
currents: [100000.0, 99999.99999723434, 99999.99999609824]
J=3.0e-04, ⟨Jf⟩=2.7e-04, ⟨B·n⟩=4.1e-03, Len=sum([5.2, 5.2, 4.9])=15.4, ϰ=[5.5, 6.7, 5.9], ∫ϰ²/L>=[5.0, 7.1, 8.1], C-C-Sep=0.20, ║∇J║=2.6e-05
Iteration 552/2000-----
currents: [100000.0, 99999.99999723374, 99999.99999609728]
J=3.0e-04, ⟨Jf⟩=2.7e-04, ⟨B·n⟩=4.1e-03, Len=sum([5.2, 5.2, 4.9])=15.4, ϰ=[5.5, 6.7, 5.9], ∫ϰ²/L>=[5.0, 7.1, 8.1], C-C-Sep=0.20, ║∇J║=2.2e-05
Iteration 553/2000-----
currents: [100000.0, 99999.99999723313, 99999.99999609629]
J=3.0e-04, ⟨Jf⟩=2.7e-04, ⟨B·n⟩=4.1e-03, Len=sum([5.2, 5.2, 4.9])=15.4, ϰ=[5.5, 6.7, 5.9], ∫ϰ²/L>=[5.0, 7.1, 8.1], C-C-Sep=0.20, ║∇J║=2.9e-05
Iteration 554/2000-----
currents: [100000.0, 99999.99999723204, 99999.9999960945]
J=3.0e-04, ⟨Jf⟩=2.7e-04, ⟨B·n⟩=4.1e-03, Len=sum([5.2, 5.2, 4.9])=15.4, ϰ=[5.5, 6.7, 5.9], ∫ϰ²/L>=[5.0, 7.1, 8.1], C-C-Sep=0.20, ║∇J║=2.8e-05
Iteration 555/2000-----
currents: [100000.0, 99999.99999722875, 99999.9999960891]
J=3.0e-04, ⟨Jf⟩=2.7e-04, ⟨B·n⟩=4.1e-03, Len=sum([5.2, 5.2, 4.9])=15.4, ϰ=[5.5, 6.7, 5.9], ∫ϰ²/L>=[5.0, 7.1, 8.1], C-C-Sep=0.20, ║∇J║=3.6e-05
Iteration 556/2000-----
currents: [100000.0, 99999.99999722415, 99999.99999608153]
J=3.0e-04, ⟨Jf⟩=2.7e-04, ⟨B·n⟩=4.1e-03, Len=sum([5.2, 5.2, 4.9])=15.4, ϰ=[5.5, 6.7, 5.9], ∫ϰ²/L>=[5.0, 7.1, 8.1], C-C-Sep=0.20, ║∇J║=6.6e-05
Iteration 557/2000-----
currents: [100000.0, 99999.99999722256, 99999.99999607894]
J=3.0e-04, ⟨Jf⟩=2.7e-04, ⟨B·n⟩=4.1e-03, Len=sum([5.2, 5.2, 4.9])=15.4, ϰ=[5.5, 6.7, 5.9], ∫ϰ²/L>=[5.0, 7.1, 8.1], C-C-Sep=0.20, ║∇J║=2.8e-05
Iteration 558/2000-----
currents: [100000.0, 99999.99999722259, 99999.99999607899]
J=3.0e-04, ⟨Jf⟩=2.7e-04, ⟨B·n⟩=4.1e-03, Len=sum([5.2, 5.2, 4.9])=15.4, ϰ=[5.5, 6.7, 5.9], ∫ϰ²/L>=[5.0, 7.1, 8.1], C-C-Sep=0.20, ║∇J║=1.7e-05
Iteration 559/2000-----
currents: [100000.0, 99999.9999972223, 99999.99999607852]
J=3.0e-04, ⟨Jf⟩=2.7e-04, ⟨B·n⟩=4.1e-03, Len=sum([5.2, 5.2, 4.9])=15.4, ϰ=[5.5, 6.7, 5.9], ∫ϰ²/L>=[5.0, 7.1, 8.1], C-C-Sep=0.20, ║∇J║=1.8e-05
Iteration 560/2000-----
currents: [100000.0, 99999.99999722137, 99999.99999607701]
J=3.0e-04, ⟨Jf⟩=2.7e-04, ⟨B·n⟩=4.1e-03, Len=sum([5.2, 5.2, 4.9])=15.4, ϰ=[5.5, 6.7, 5.9], ∫ϰ²/L>=[5.0, 7.1, 8.1], C-C-Sep=0.20, ║∇J║=2.4e-05
Iteration 561/2000-----
currents: [100000.0, 99999.99999721909, 99999.9999960733]
J=3.0e-04, ⟨Jf⟩=2.7e-04, ⟨B·n⟩=4.1e-03, Len=sum([5.2, 5.2, 4.9])=15.4, ϰ=[5.5, 6.7, 5.9], ∫ϰ²/L>=[5.0, 7.1, 8.1], C-C-Sep=0.20, ║∇J║=3.3e-05
Iteration 562/2000-----
currents: [100000.0, 99999.9999972153, 99999.99999606714]
J=3.0e-04, ⟨Jf⟩=2.7e-04, ⟨B·n⟩=4.1e-03, Len=sum([5.2, 5.2, 4.9])=15.4, ϰ=[5.5, 6.7, 5.9], ∫ϰ²/L>=[5.0, 7.1, 8.1], C-C-Sep=0.20, ║∇J║=6.3e-05
Iteration 563/2000-----
currents: [100000.0, 99999.99999721447, 99999.99999606577]
J=3.0e-04, ⟨Jf⟩=2.7e-04, ⟨B·n⟩=4.1e-03, Len=sum([5.2, 5.2, 4.9])=15.4, ϰ=[5.5, 6.7, 5.9], ∫ϰ²/L>=[5.0, 7.1, 8.1], C-C-Sep=0.20, ║∇J║=2.2e-05
Iteration 564/2000-----
currents: [100000.0, 99999.99999721411, 99999.99999606516]
J=3.0e-04, ⟨Jf⟩=2.7e-04, ⟨B·n⟩=4.1e-03, Len=sum([5.2, 5.2, 4.9])=15.4, ϰ=[5.5, 6.7, 5.9], ∫ϰ²/L>=[5.0, 7.1, 8.1], C-C-Sep=0.20, ║∇J║=1.3e-05
Iteration 565/2000-----
currents: [100000.0, 99999.99999721369, 99999.99999606445]
J=3.0e-04, ⟨Jf⟩=2.7e-04, ⟨B·n⟩=4.1e-03, Len=sum([5.2, 5.2, 4.9])=15.4, ϰ=[5.5, 6.7, 5.9], ∫ϰ²/L>=[5.0, 7.1, 8.1], C-C-Sep=0.20, ║∇J║=1.2e-05
Iteration 566/2000-----
currents: [100000.0, 99999.99999721284, 99999.99999606302]
J=3.0e-04, ⟨Jf⟩=2.7e-04, ⟨B·n⟩=4.1e-03, Len=sum([5.2, 5.2, 4.9])=15.4, ϰ=[5.5, 6.7, 5.9], ∫ϰ²/L>=[5.0, 7.1, 8.1], C-C-Sep=0.20, ║∇J║=1.5e-05
Iteration 567/2000-----
currents: [100000.0, 99999.9999972106, 99999.99999605925]
J=3.0e-04, ⟨Jf⟩=2.7e-04, ⟨B·n⟩=4.1e-03, Len=sum([5.2, 5.2, 4.9])=15.4, ϰ=[5.5, 6.7, 5.9], ∫ϰ²/L>=[5.0, 7.1, 8.1], C-C-Sep=0.20, ║∇J║=2.4e-05
Iteration 568/2000-----
currents: [100000.0, 99999.99999720715, 99999.99999605346]
J=3.0e-04, ⟨Jf⟩=2.7e-04, ⟨B·n⟩=4.1e-03, Len=sum([5.2, 5.2, 4.9])=15.4, ϰ=[5.5, 6.7, 5.9], ∫ϰ²/L>=[5.0, 7.1, 8.1], C-C-Sep=0.20, ║∇J║=4.5e-05
Iteration 569/2000-----
currents: [100000.0, 99999.99999720551, 99999.99999605073]
J=3.0e-04, ⟨Jf⟩=2.7e-04, ⟨B·n⟩=4.1e-03, Len=sum([5.2, 5.2, 4.9])=15.4, ϰ=[5.5, 6.7, 5.9], ∫ϰ²/L>=[5.0, 7.1, 8.1], C-C-Sep=0.20, ║∇J║=2.4e-05
Iteration 570/2000-----
currents: [100000.0, 99999.99999720401, 99999.99999604825]
J=3.0e-04, ⟨Jf⟩=2.7e-04, ⟨B·n⟩=4.1e-03, Len=sum([5.2, 5.2, 4.9])=15.4, ϰ=[5.5, 6.7, 5.9], ∫ϰ²/L>=[5.0, 7.1, 8.1], C-C-Sep=0.20, ║∇J║=1.4e-05
Iteration 571/2000-----
currents: [100000.0, 99999.99999720346, 99999.99999604734]
J=3.0e-04, ⟨Jf⟩=2.7e-04, ⟨B·n⟩=4.1e-03, Len=sum([5.2, 5.2, 4.9])=15.4, ϰ=[5.5, 6.7, 5.9], ∫ϰ²/L>=[5.0, 7.1, 8.1], C-C-Sep=0.20, ║∇J║=1.1e-05
Iteration 572/2000-----
currents: [100000.0, 99999.99999720253, 99999.9999960458]
J=3.0e-04, ⟨Jf⟩=2.7e-04, ⟨B·n⟩=4.1e-03, Len=sum([5.2, 5.2, 4.9])=15.4, ϰ=[5.5, 6.7, 5.9], ∫ϰ²/L>=[5.0, 7.1, 8.1], C-C-Sep=0.20, ║∇J║=1.4e-05
Iteration 573/2000-----
currents: [100000.0, 99999.99999720122, 99999.99999604361]
J=3.0e-04, ⟨Jf⟩=2.7e-04, ⟨B·n⟩=4.1e-03, Len=sum([5.2, 5.2, 4.9])=15.4, ϰ=[5.5, 6.7, 5.9], ∫ϰ²/L>=[5.0, 7.1, 8.1], C-C-Sep=0.20, ║∇J║=2.0e-05
Iteration 574/2000-----
currents: [100000.0, 99999.99999719868, 99999.99999603939]
J=3.0e-04, ⟨Jf⟩=2.7e-04, ⟨B·n⟩=4.1e-03, Len=sum([5.2, 5.2, 4.9])=15.4, ϰ=[5.5, 6.7, 5.9], ∫ϰ²/L>=[5.0, 7.1, 8.1], C-C-Sep=0.20, ║∇J║=2.6e-05
Iteration 575/2000-----
currents: [100000.0, 99999.99999719429, 99999.99999603206]
J=3.0e-04, ⟨Jf⟩=2.7e-04, ⟨B·n⟩=4.1e-03, Len=sum([5.2, 5.2, 4.9])=15.4, ϰ=[5.5, 6.7, 5.9], ∫ϰ²/L>=[5.0, 7.1, 8.1], C-C-Sep=0.20, ║∇J║=3.8e-05
Iteration 576/2000-----
currents: [100000.0, 99999.99999719177, 99999.99999602787]
J=3.0e-04, ⟨Jf⟩=2.7e-04, ⟨B·n⟩=4.1e-03, Len=sum([5.2, 5.2, 4.9])=15.4, ϰ=[5.5, 6.7, 5.9], ∫ϰ²/L>=[5.0, 7.1, 8.1], C-C-Sep=0.20, ║∇J║=2.0e-05
Iteration 577/2000-----
currents: [100000.0, 99999.99999719097, 99999.99999602654]
J=3.0e-04, ⟨Jf⟩=2.7e-04, ⟨B·n⟩=4.1e-03, Len=sum([5.2, 5.2, 4.9])=15.4, ϰ=[5.5, 6.7, 5.9], ∫ϰ²/L>=[5.0, 7.1, 8.1], C-C-Sep=0.20, ║∇J║=1.2e-05
Iteration 578/2000-----
currents: [100000.0, 99999.99999719074, 99999.99999602615]
J=3.0e-04, ⟨Jf⟩=2.7e-04, ⟨B·n⟩=4.1e-03, Len=sum([5.2, 5.2, 4.9])=15.4, ϰ=[5.5, 6.7, 5.9], ∫ϰ²/L>=[5.0, 7.1, 8.1], C-C-Sep=0.20, ║∇J║=1.0e-05
Iteration 579/2000-----
currents: [100000.0, 99999.99999719019, 99999.99999602522]
J=3.0e-04, ⟨Jf⟩=2.7e-04, ⟨B·n⟩=4.1e-03, Len=sum([5.2, 5.2, 4.9])=15.4, ϰ=[5.5, 6.7, 5.9], ∫ϰ²/L>=[5.0, 7.1, 8.1], C-C-Sep=0.20, ║∇J║=1.2e-05
Iteration 580/2000-----
currents: [100000.0, 99999.99999718845, 99999.9999960223]
J=3.0e-04, ⟨Jf⟩=2.7e-04, ⟨B·n⟩=4.1e-03, Len=sum([5.2, 5.2, 4.9])=15.4, ϰ=[5.5, 6.7, 5.9], ∫ϰ²/L>=[5.0, 7.1, 8.1], C-C-Sep=0.20, ║∇J║=1.7e-05
Iteration 581/2000-----
currents: [100000.0, 99999.9999971847, 99999.99999601599]
J=3.0e-04, ⟨Jf⟩=2.7e-04, ⟨B·n⟩=4.1e-03, Len=sum([5.2, 5.2, 4.9])=15.4, ϰ=[5.5, 6.7, 5.9], ∫ϰ²/L>=[5.0, 7.1, 8.1], C-C-Sep=0.20, ║∇J║=2.4e-05
Iteration 582/2000-----
currents: [100000.0, 99999.99999717975, 99999.99999600765]
J=3.0e-04, ⟨Jf⟩=2.7e-04, ⟨B·n⟩=4.1e-03, Len=sum([5.2, 5.2, 4.9])=15.4, ϰ=[5.5, 6.7, 5.9], ∫ϰ²/L>=[5.0, 7.1, 8.1], C-C-Sep=0.20, ║∇J║=3.6e-05
Iteration 583/2000-----
currents: [100000.0, 99999.99999717952, 99999.99999600725]
J=3.0e-04, ⟨Jf⟩=2.7e-04, ⟨B·n⟩=4.1e-03, Len=sum([5.2, 5.2, 4.9])=15.4, ϰ=[5.5, 6.7, 5.9], ∫ϰ²/L>=[5.0, 7.1, 8.1], C-C-Sep=0.20, ║∇J║=1.2e-05
Iteration 584/2000-----
currents: [100000.0, 99999.99999717955, 99999.99999600729]
J=3.0e-04, ⟨Jf⟩=2.7e-04, ⟨B·n⟩=4.1e-03, Len=sum([5.2, 5.2, 4.9])=15.4, ϰ=[5.5, 6.7, 5.9], ∫ϰ²/L>=[5.0, 7.1, 8.1], C-C-Sep=0.20, ║∇J║=7.2e-06
Iteration 585/2000-----
currents: [100000.0, 99999.99999717926, 99999.9999960068]
J=3.0e-04, ⟨Jf⟩=2.7e-04, ⟨B·n⟩=4.1e-03, Len=sum([5.2, 5.2, 4.9])=15.4, ϰ=[5.5, 6.7, 5.9], ∫ϰ²/L>=[5.0, 7.1, 8.1], C-C-Sep=0.20, ║∇J║=7.5e-06
Iteration 586/2000-----
currents: [100000.0, 99999.99999717821, 99999.999996005]
J=3.0e-04, ⟨Jf⟩=2.7e-04, ⟨B·n⟩=4.1e-03, Len=sum([5.2, 5.2, 4.9])=15.4, ϰ=[5.5, 6.7, 5.9], ∫ϰ²/L>=[5.0, 7.1, 8.1], C-C-Sep=0.20, ║∇J║=1.3e-05
Iteration 587/2000-----
currents: [100000.0, 99999.99999717626, 99999.99999600167]
J=3.0e-04, ⟨Jf⟩=2.7e-04, ⟨B·n⟩=4.1e-03, Len=sum([5.2, 5.2, 4.9])=15.4, ϰ=[5.5, 6.7, 5.9], ∫ϰ²/L>=[5.0, 7.1, 8.1], C-C-Sep=0.20, ║∇J║=1.7e-05
Iteration 588/2000-----
currents: [100000.0, 99999.99999717319, 99999.99999599642]
J=3.0e-04, ⟨Jf⟩=2.7e-04, ⟨B·n⟩=4.1e-03, Len=sum([5.2, 5.2, 4.9])=15.4, ϰ=[5.5, 6.7, 5.9], ∫ϰ²/L>=[5.0, 7.1, 8.1], C-C-Sep=0.20, ║∇J║=1.7e-05
Iteration 589/2000-----
currents: [100000.0, 99999.99999716984, 99999.99999599069]
J=3.0e-04, ⟨Jf⟩=2.7e-04, ⟨B·n⟩=4.1e-03, Len=sum([5.2, 5.2, 4.9])=15.4, ϰ=[5.5, 6.7, 5.9], ∫ϰ²/L>=[5.0, 7.1, 8.1], C-C-Sep=0.20, ║∇J║=2.1e-05
Iteration 590/2000-----
currents: [100000.0, 99999.9999971695, 99999.9999959901]
J=3.0e-04, ⟨Jf⟩=2.7e-04, ⟨B·n⟩=4.1e-03, Len=sum([5.2, 5.2, 4.9])=15.4, ϰ=[5.5, 6.7, 5.9], ∫ϰ²/L>=[5.0, 7.1, 8.1], C-C-Sep=0.20, ║∇J║=8.0e-06
Iteration 591/2000-----
currents: [100000.0, 99999.99999716973, 99999.99999599048]
J=3.0e-04, ⟨Jf⟩=2.7e-04, ⟨B·n⟩=4.1e-03, Len=sum([5.2, 5.2, 4.9])=15.4, ϰ=[5.5, 6.7, 5.9], ∫ϰ²/L>=[5.0, 7.1, 8.1], C-C-Sep=0.20, ║∇J║=7.5e-06
Iteration 592/2000-----
currents: [100000.0, 99999.9999971695, 99999.99999599012]
J=3.0e-04, ⟨Jf⟩=2.7e-04, ⟨B·n⟩=4.1e-03, Len=sum([5.2, 5.2, 4.9])=15.4, ϰ=[5.5, 6.7, 5.9], ∫ϰ²/L>=[5.0, 7.1, 8.1], C-C-Sep=0.20, ║∇J║=8.4e-06
Iteration 593/2000-----
currents: [100000.0, 99999.99999716763, 99999.99999598695]
J=3.0e-04, ⟨Jf⟩=2.7e-04, ⟨B·n⟩=4.1e-03, Len=sum([5.2, 5.2, 4.9])=15.4, ϰ=[5.5, 6.7, 5.9], ∫ϰ²/L>=[5.0, 7.1, 8.1], C-C-Sep=0.20, ║∇J║=1.9e-05
Iteration 594/2000-----
currents: [100000.0, 99999.99999716517, 99999.99999598277]
J=3.0e-04, ⟨Jf⟩=2.7e-04, ⟨B·n⟩=4.1e-03, Len=sum([5.2, 5.2, 4.9])=15.4, ϰ=[5.5, 6.7, 5.9], ∫ϰ²/L>=[5.0, 7.1, 8.1], C-C-Sep=0.20, ║∇J║=1.3e-05
Iteration 595/2000-----
currents: [100000.0, 99999.99999716236, 99999.99999597798]
J=3.0e-04, ⟨Jf⟩=2.7e-04, ⟨B·n⟩=4.1e-03, Len=sum([5.2, 5.2, 4.9])=15.4, ϰ=[5.5, 6.7, 5.9], ∫ϰ²/L>=[5.0, 7.1, 8.1], C-C-Sep=0.20, ║∇J║=8.1e-06
Iteration 596/2000-----
currents: [100000.0, 99999.99999715996, 99999.99999597388]
J=3.0e-04, ⟨Jf⟩=2.7e-04, ⟨B·n⟩=4.1e-03, Len=sum([5.2, 5.2, 4.9])=15.4, ϰ=[5.5, 6.7, 5.9], ∫ϰ²/L>=[5.0, 7.1, 8.1], C-C-Sep=0.20, ║∇J║=9.3e-06
Iteration 597/2000-----
currents: [100000.0, 99999.99999715915, 99999.9999959725]
J=3.0e-04, ⟨Jf⟩=2.7e-04, ⟨B·n⟩=4.1e-03, Len=sum([5.2, 5.2, 4.9])=15.4, ϰ=[5.5, 6.7, 5.9], ∫ϰ²/L>=[5.0, 7.1, 8.1], C-C-Sep=0.20, ║∇J║=7.7e-06
Iteration 598/2000-----
currents: [100000.0, 99999.99999715899, 99999.99999597222]
J=3.0e-04, ⟨Jf⟩=2.7e-04, ⟨B·n⟩=4.1e-03, Len=sum([5.2, 5.2, 4.9])=15.4, ϰ=[5.5, 6.7, 5.9], ∫ϰ²/L>=[5.0, 7.1, 8.1], C-C-Sep=0.20, ║∇J║=7.9e-06
Iteration 599/2000-----
currents: [100000.0, 99999.99999715734, 99999.99999596941]
J=3.0e-04, ⟨Jf⟩=2.7e-04, ⟨B·n⟩=4.1e-03, Len=sum([5.2, 5.2, 4.9])=15.4, ϰ=[5.5, 6.7, 5.9], ∫ϰ²/L>=[5.0, 7.1, 8.1], C-C-Sep=0.20, ║∇J║=1.2e-05
Iteration 600/2000-----
currents: [100000.0, 99999.9999971542, 99999.99999596406]
J=3.0e-04, ⟨Jf⟩=2.7e-04, ⟨B·n⟩=4.1e-03, Len=sum([5.2, 5.2, 4.9])=15.4, ϰ=[5.5, 6.7, 5.9], ∫ϰ²/L>=[5.0, 7.1, 8.1], C-C-Sep=0.20, ║∇J║=3.0e-05
Iteration 601/2000-----
currents: [100000.0, 99999.9999971531, 99999.99999596221]
J=3.0e-04, ⟨Jf⟩=2.7e-04, ⟨B·n⟩=4.1e-03, Len=sum([5.2, 5.2, 4.9])=15.4, ϰ=[5.5, 6.7, 5.9], ∫ϰ²/L>=[5.0, 7.1, 8.1], C-C-Sep=0.20, ║∇J║=1.4e-05
Iteration 602/2000-----
currents: [100000.0, 99999.99999715088, 99999.99999595842]
J=3.0e-04, ⟨Jf⟩=2.7e-04, ⟨B·n⟩=4.1e-03, Len=sum([5.2, 5.2, 4.9])=15.4, ϰ=[5.5, 6.7, 5.9], ∫ϰ²/L>=[5.0, 7.1, 8.1], C-C-Sep=0.20, ║∇J║=7.2e-06
Iteration 603/2000-----
currents: [100000.0, 99999.99999714924, 99999.99999595562]
J=3.0e-04, ⟨Jf⟩=2.7e-04, ⟨B·n⟩=4.1e-03, Len=sum([5.2, 5.2, 4.9])=15.4, ϰ=[5.5, 6.7, 5.9], ∫ϰ²/L>=[5.0, 7.1, 8.1], C-C-Sep=0.20, ║∇J║=5.7e-06
Iteration 604/2000-----
currents: [100000.0, 99999.99999714803, 99999.99999595356]
J=3.0e-04, ⟨Jf⟩=2.7e-04, ⟨B·n⟩=4.1e-03, Len=sum([5.2, 5.2, 4.9])=15.4, ϰ=[5.5, 6.7, 5.9], ∫ϰ²/L>=[5.0, 7.1, 8.1], C-C-Sep=0.20, ║∇J║=4.9e-06
Iteration 605/2000-----
currents: [100000.0, 99999.99999714553, 99999.99999594933]
J=3.0e-04, ⟨Jf⟩=2.7e-04, ⟨B·n⟩=4.1e-03, Len=sum([5.2, 5.2, 4.9])=15.4, ϰ=[5.5, 6.7, 5.9], ∫ϰ²/L>=[5.0, 7.1, 8.1], C-C-Sep=0.20, ║∇J║=8.5e-06
Iteration 606/2000-----
currents: [100000.0, 99999.99999714251, 99999.99999594425]
J=3.0e-04, ⟨Jf⟩=2.7e-04, ⟨B·n⟩=4.1e-03, Len=sum([5.2, 5.2, 4.9])=15.4, ϰ=[5.5, 6.7, 5.9], ∫ϰ²/L>=[5.0, 7.1, 8.1], C-C-Sep=0.20, ║∇J║=1.4e-05
Iteration 607/2000-----
currents: [100000.0, 99999.99999713953, 99999.99999593923]
J=3.0e-04, ⟨Jf⟩=2.7e-04, ⟨B·n⟩=4.1e-03, Len=sum([5.2, 5.2, 4.9])=15.4, ϰ=[5.5, 6.7, 5.9], ∫ϰ²/L>=[5.0, 7.1, 8.1], C-C-Sep=0.20, ║∇J║=1.3e-05
Iteration 608/2000-----
currents: [100000.0, 99999.99999713783, 99999.99999593638]
J=3.0e-04, ⟨Jf⟩=2.7e-04, ⟨B·n⟩=4.1e-03, Len=sum([5.2, 5.2, 4.9])=15.4, ϰ=[5.5, 6.7, 5.9], ∫ϰ²/L>=[5.0, 7.1, 8.1], C-C-Sep=0.20, ║∇J║=8.2e-06
Iteration 609/2000-----
currents: [100000.0, 99999.99999713725, 99999.99999593542]
J=3.0e-04, ⟨Jf⟩=2.7e-04, ⟨B·n⟩=4.1e-03, Len=sum([5.2, 5.2, 4.9])=15.4, ϰ=[5.5, 6.7, 5.9], ∫ϰ²/L>=[5.0, 7.1, 8.1], C-C-Sep=0.20, ║∇J║=8.0e-06
Iteration 610/2000-----
currents: [100000.0, 99999.99999713736, 99999.99999593562]
J=3.0e-04, ⟨Jf⟩=2.7e-04, ⟨B·n⟩=4.1e-03, Len=sum([5.2, 5.2, 4.9])=15.4, ϰ=[5.5, 6.7, 5.9], ∫ϰ²/L>=[5.0, 7.1, 8.1], C-C-Sep=0.20, ║∇J║=5.2e-06
Iteration 611/2000-----
currents: [100000.0, 99999.99999713706, 99999.99999593511]
J=3.0e-04, ⟨Jf⟩=2.7e-04, ⟨B·n⟩=4.1e-03, Len=sum([5.2, 5.2, 4.9])=15.4, ϰ=[5.5, 6.7, 5.9], ∫ϰ²/L>=[5.0, 7.1, 8.1], C-C-Sep=0.20, ║∇J║=5.9e-06
Iteration 612/2000-----
currents: [100000.0, 99999.99999713557, 99999.99999593262]
J=3.0e-04, ⟨Jf⟩=2.7e-04, ⟨B·n⟩=4.1e-03, Len=sum([5.2, 5.2, 4.9])=15.4, ϰ=[5.5, 6.7, 5.9], ∫ϰ²/L>=[5.0, 7.1, 8.1], C-C-Sep=0.20, ║∇J║=8.5e-06
Iteration 613/2000-----
currents: [100000.0, 99999.99999713224, 99999.99999592705]
J=3.0e-04, ⟨Jf⟩=2.7e-04, ⟨B·n⟩=4.1e-03, Len=sum([5.2, 5.2, 4.9])=15.4, ϰ=[5.5, 6.7, 5.9], ∫ϰ²/L>=[5.0, 7.1, 8.1], C-C-Sep=0.20, ║∇J║=1.1e-05
Iteration 614/2000-----
currents: [100000.0, 99999.99999712573, 99999.99999591618]
J=3.0e-04, ⟨Jf⟩=2.7e-04, ⟨B·n⟩=4.1e-03, Len=sum([5.2, 5.2, 4.9])=15.4, ϰ=[5.5, 6.7, 5.9], ∫ϰ²/L>=[5.0, 7.1, 8.1], C-C-Sep=0.20, ║∇J║=2.7e-05
Iteration 615/2000-----
currents: [100000.0, 99999.99999712448, 99999.99999591408]
J=3.0e-04, ⟨Jf⟩=2.7e-04, ⟨B·n⟩=4.1e-03, Len=sum([5.2, 5.2, 4.9])=15.4, ϰ=[5.5, 6.7, 5.9], ∫ϰ²/L>=[5.0, 7.1, 8.1], C-C-Sep=0.20, ║∇J║=8.4e-06
Iteration 616/2000-----
currents: [100000.0, 99999.99999712406, 99999.99999591339]
J=3.0e-04, ⟨Jf⟩=2.7e-04, ⟨B·n⟩=4.1e-03, Len=sum([5.2, 5.2, 4.9])=15.4, ϰ=[5.5, 6.7, 5.9], ∫ϰ²/L>=[5.0, 7.1, 8.1], C-C-Sep=0.20, ║∇J║=4.6e-06
Iteration 617/2000-----
currents: [100000.0, 99999.99999712328, 99999.99999591209]
J=3.0e-04, ⟨Jf⟩=2.7e-04, ⟨B·n⟩=4.1e-03, Len=sum([5.2, 5.2, 4.9])=15.4, ϰ=[5.5, 6.7, 5.9], ∫ϰ²/L>=[5.0, 7.1, 8.1], C-C-Sep=0.20, ║∇J║=4.0e-06
Iteration 618/2000-----
currents: [100000.0, 99999.99999712246, 99999.99999591075]
J=3.0e-04, ⟨Jf⟩=2.7e-04, ⟨B·n⟩=4.1e-03, Len=sum([5.2, 5.2, 4.9])=15.4, ϰ=[5.5, 6.7, 5.9], ∫ϰ²/L>=[5.0, 7.1, 8.1], C-C-Sep=0.20, ║∇J║=5.0e-06
Iteration 619/2000-----
currents: [100000.0, 99999.9999971192, 99999.99999590538]
J=3.0e-04, ⟨Jf⟩=2.7e-04, ⟨B·n⟩=4.1e-03, Len=sum([5.2, 5.2, 4.9])=15.4, ϰ=[5.5, 6.7, 5.9], ∫ϰ²/L>=[5.0, 7.1, 8.1], C-C-Sep=0.20, ║∇J║=9.1e-06
Iteration 620/2000-----
currents: [100000.0, 99999.99999711456, 99999.99999589773]
J=3.0e-04, ⟨Jf⟩=2.7e-04, ⟨B·n⟩=4.1e-03, Len=sum([5.2, 5.2, 4.9])=15.4, ϰ=[5.5, 6.7, 5.9], ∫ϰ²/L>=[5.0, 7.1, 8.1], C-C-Sep=0.20, ║∇J║=1.5e-05
Iteration 621/2000-----
currents: [100000.0, 99999.99999711075, 99999.99999589141]
J=3.0e-04, ⟨Jf⟩=2.7e-04, ⟨B·n⟩=4.1e-03, Len=sum([5.2, 5.2, 4.9])=15.4, ϰ=[5.5, 6.7, 5.9], ∫ϰ²/L>=[5.0, 7.1, 8.1], C-C-Sep=0.20, ║∇J║=1.0e-05
Iteration 622/2000-----
currents: [100000.0, 99999.99999710698, 99999.99999588514]
J=3.0e-04, ⟨Jf⟩=2.7e-04, ⟨B·n⟩=4.1e-03, Len=sum([5.2, 5.2, 4.9])=15.4, ϰ=[5.5, 6.7, 5.9], ∫ϰ²/L>=[5.0, 7.1, 8.1], C-C-Sep=0.20, ║∇J║=5.8e-06
Iteration 623/2000-----
currents: [100000.0, 99999.99999710658, 99999.99999588447]
J=3.0e-04, ⟨Jf⟩=2.7e-04, ⟨B·n⟩=4.1e-03, Len=sum([5.2, 5.2, 4.9])=15.4, ϰ=[5.5, 6.7, 5.9], ∫ϰ²/L>=[5.0, 7.1, 8.1], C-C-Sep=0.20, ║∇J║=5.8e-06
Iteration 624/2000-----
currents: [100000.0, 99999.9999971065, 99999.99999588431]
J=3.0e-04, ⟨Jf⟩=2.7e-04, ⟨B·n⟩=4.1e-03, Len=sum([5.2, 5.2, 4.9])=15.4, ϰ=[5.5, 6.7, 5.9], ∫ϰ²/L>=[5.0, 7.1, 8.1], C-C-Sep=0.20, ║∇J║=4.9e-06
Iteration 625/2000-----
currents: [100000.0, 99999.99999710485, 99999.9999958815]
J=3.0e-04, ⟨Jf⟩=2.7e-04, ⟨B·n⟩=4.1e-03, Len=sum([5.2, 5.2, 4.9])=15.4, ϰ=[5.5, 6.7, 5.9], ∫ϰ²/L>=[5.0, 7.1, 8.1], C-C-Sep=0.20, ║∇J║=8.1e-06
Iteration 626/2000-----
currents: [100000.0, 99999.99999710158, 99999.99999587599]
J=3.0e-04, ⟨Jf⟩=2.7e-04, ⟨B·n⟩=4.1e-03, Len=sum([5.2, 5.2, 4.9])=15.4, ϰ=[5.5, 6.7, 5.9], ∫ϰ²/L>=[5.0, 7.1, 8.1], C-C-Sep=0.20, ║∇J║=1.1e-05
Iteration 627/2000-----
currents: [100000.0, 99999.99999709445, 99999.99999586403]
J=3.0e-04, ⟨Jf⟩=2.7e-04, ⟨B·n⟩=4.1e-03, Len=sum([5.2, 5.2, 4.9])=15.4, ϰ=[5.5, 6.7, 5.9], ∫ϰ²/L>=[5.0, 7.1, 8.1], C-C-Sep=0.20, ║∇J║=1.8e-05
Iteration 628/2000-----
currents: [100000.0, 99999.99999709219, 99999.99999586027]
J=3.0e-04, ⟨Jf⟩=2.7e-04, ⟨B·n⟩=4.1e-03, Len=sum([5.2, 5.2, 4.9])=15.4, ϰ=[5.5, 6.7, 5.9], ∫ϰ²/L>=[5.0, 7.1, 8.1], C-C-Sep=0.20, ║∇J║=5.9e-06
Iteration 629/2000-----
currents: [100000.0, 99999.99999709186, 99999.99999585973]
J=3.0e-04, ⟨Jf⟩=2.7e-04, ⟨B·n⟩=4.1e-03, Len=sum([5.2, 5.2, 4.9])=15.4, ϰ=[5.5, 6.7, 5.9], ∫ϰ²/L>=[5.0, 7.1, 8.1], C-C-Sep=0.20, ║∇J║=4.0e-06
Iteration 630/2000-----
currents: [100000.0, 99999.99999709084, 99999.99999585804]
J=3.0e-04, ⟨Jf⟩=2.7e-04, ⟨B·n⟩=4.1e-03, Len=sum([5.2, 5.2, 4.9])=15.4, ϰ=[5.5, 6.7, 5.9], ∫ϰ²/L>=[5.0, 7.1, 8.1], C-C-Sep=0.20, ║∇J║=5.5e-06
Iteration 631/2000-----
currents: [100000.0, 99999.99999708899, 99999.99999585496]
J=3.0e-04, ⟨Jf⟩=2.7e-04, ⟨B·n⟩=4.1e-03, Len=sum([5.2, 5.2, 4.9])=15.4, ϰ=[5.5, 6.7, 5.9], ∫ϰ²/L>=[5.0, 7.1, 8.1], C-C-Sep=0.20, ║∇J║=8.3e-06
Iteration 632/2000-----
currents: [100000.0, 99999.99999708458, 99999.99999584757]
J=3.0e-04, ⟨Jf⟩=2.7e-04, ⟨B·n⟩=4.1e-03, Len=sum([5.2, 5.2, 4.9])=15.4, ϰ=[5.5, 6.7, 5.9], ∫ϰ²/L>=[5.0, 7.1, 8.1], C-C-Sep=0.20, ║∇J║=1.1e-05
Iteration 633/2000-----
currents: [100000.0, 99999.99999707748, 99999.99999583562]
J=3.0e-04, ⟨Jf⟩=2.7e-04, ⟨B·n⟩=4.1e-03, Len=sum([5.2, 5.2, 4.9])=15.4, ϰ=[5.5, 6.7, 5.9], ∫ϰ²/L>=[5.0, 7.1, 8.1], C-C-Sep=0.20, ║∇J║=1.8e-05
Iteration 634/2000-----
currents: [100000.0, 99999.9999970761, 99999.99999583329]
J=3.0e-04, ⟨Jf⟩=2.7e-04, ⟨B·n⟩=4.1e-03, Len=sum([5.2, 5.2, 4.9])=15.4, ϰ=[5.5, 6.7, 5.9], ∫ϰ²/L>=[5.0, 7.1, 8.1], C-C-Sep=0.20, ║∇J║=7.7e-06
Iteration 635/2000-----
currents: [100000.0, 99999.99999707521, 99999.99999583178]
J=3.0e-04, ⟨Jf⟩=2.7e-04, ⟨B·n⟩=4.1e-03, Len=sum([5.2, 5.2, 4.9])=15.4, ϰ=[5.5, 6.7, 5.9], ∫ϰ²/L>=[5.0, 7.1, 8.1], C-C-Sep=0.20, ║∇J║=4.1e-06
Iteration 636/2000-----
currents: [100000.0, 99999.99999707441, 99999.99999583043]
J=3.0e-04, ⟨Jf⟩=2.7e-04, ⟨B·n⟩=4.1e-03, Len=sum([5.2, 5.2, 4.9])=15.4, ϰ=[5.5, 6.7, 5.9], ∫ϰ²/L>=[5.0, 7.1, 8.1], C-C-Sep=0.20, ║∇J║=4.6e-06
Iteration 637/2000-----
currents: [100000.0, 99999.99999707239, 99999.99999582702]
J=3.0e-04, ⟨Jf⟩=2.7e-04, ⟨B·n⟩=4.1e-03, Len=sum([5.2, 5.2, 4.9])=15.4, ϰ=[5.5, 6.7, 5.9], ∫ϰ²/L>=[5.0, 7.1, 8.1], C-C-Sep=0.20, ║∇J║=6.4e-06
Iteration 638/2000-----
currents: [100000.0, 99999.9999970673, 99999.99999581845]
J=3.0e-04, ⟨Jf⟩=2.7e-04, ⟨B·n⟩=4.1e-03, Len=sum([5.2, 5.2, 4.9])=15.4, ϰ=[5.5, 6.7, 5.9], ∫ϰ²/L>=[5.0, 7.1, 8.1], C-C-Sep=0.20, ║∇J║=1.1e-05
Iteration 639/2000-----
currents: [100000.0, 99999.99999706191, 99999.9999958094]
J=3.0e-04, ⟨Jf⟩=2.7e-04, ⟨B·n⟩=4.1e-03, Len=sum([5.2, 5.2, 4.9])=15.4, ϰ=[5.5, 6.7, 5.9], ∫ϰ²/L>=[5.0, 7.1, 8.1], C-C-Sep=0.20, ║∇J║=9.4e-06
Iteration 640/2000-----
currents: [100000.0, 99999.99999705637, 99999.9999958001]
J=3.0e-04, ⟨Jf⟩=2.7e-04, ⟨B·n⟩=4.1e-03, Len=sum([5.2, 5.2, 4.9])=15.4, ϰ=[5.5, 6.7, 5.9], ∫ϰ²/L>=[5.0, 7.1, 8.1], C-C-Sep=0.20, ║∇J║=7.6e-06
Iteration 641/2000-----
currents: [100000.0, 99999.9999970506, 99999.99999579042]
J=3.0e-04, ⟨Jf⟩=2.7e-04, ⟨B·n⟩=4.1e-03, Len=sum([5.2, 5.2, 4.9])=15.4, ϰ=[5.5, 6.7, 5.9], ∫ϰ²/L>=[5.0, 7.1, 8.1], C-C-Sep=0.20, ║∇J║=1.6e-05
Iteration 642/2000-----
currents: [100000.0, 99999.99999705152, 99999.99999579198]
J=3.0e-04, ⟨Jf⟩=2.7e-04, ⟨B·n⟩=4.1e-03, Len=sum([5.2, 5.2, 4.9])=15.4, ϰ=[5.5, 6.7, 5.9], ∫ϰ²/L>=[5.0, 7.1, 8.1], C-C-Sep=0.20, ║∇J║=5.2e-06
Iteration 643/2000-----
currents: [100000.0, 99999.99999705191, 99999.99999579265]
J=3.0e-04, ⟨Jf⟩=2.7e-04, ⟨B·n⟩=4.1e-03, Len=sum([5.2, 5.2, 4.9])=15.4, ϰ=[5.5, 6.7, 5.9], ∫ϰ²/L>=[5.0, 7.1, 8.1], C-C-Sep=0.20, ║∇J║=4.4e-06
Iteration 644/2000-----
currents: [100000.0, 99999.99999705095, 99999.99999579108]
J=3.0e-04, ⟨Jf⟩=2.7e-04, ⟨B·n⟩=4.1e-03, Len=sum([5.2, 5.2, 4.9])=15.4, ϰ=[5.5, 6.7, 5.9], ∫ϰ²/L>=[5.0, 7.1, 8.1], C-C-Sep=0.20, ║∇J║=6.2e-06
Iteration 645/2000-----
currents: [100000.0, 99999.99999704806, 99999.99999578627]
J=3.0e-04, ⟨Jf⟩=2.7e-04, ⟨B·n⟩=4.1e-03, Len=sum([5.2, 5.2, 4.9])=15.4, ϰ=[5.5, 6.7, 5.9], ∫ϰ²/L>=[5.0, 7.1, 8.1], C-C-Sep=0.20, ║∇J║=8.4e-06
Iteration 646/2000-----
currents: [100000.0, 99999.99999703909, 99999.99999577139]
J=3.0e-04, ⟨Jf⟩=2.7e-04, ⟨B·n⟩=4.1e-03, Len=sum([5.2, 5.2, 4.9])=15.4, ϰ=[5.5, 6.7, 5.9], ∫ϰ²/L>=[5.0, 7.1, 8.1], C-C-Sep=0.20, ║∇J║=1.3e-05
Iteration 647/2000-----
currents: [100000.0, 99999.99999702345, 99999.99999574538]
J=3.0e-04, ⟨Jf⟩=2.7e-04, ⟨B·n⟩=4.1e-03, Len=sum([5.2, 5.2, 4.9])=15.4, ϰ=[5.5, 6.7, 5.9], ∫ϰ²/L>=[5.0, 7.1, 8.1], C-C-Sep=0.20, ║∇J║=1.9e-05
Iteration 648/2000-----
currents: [100000.0, 99999.99999701888, 99999.99999573779]
J=3.0e-04, ⟨Jf⟩=2.7e-04, ⟨B·n⟩=4.1e-03, Len=sum([5.2, 5.2, 4.9])=15.4, ϰ=[5.5, 6.7, 5.9], ∫ϰ²/L>=[5.0, 7.1, 8.1], C-C-Sep=0.20, ║∇J║=9.7e-06
Iteration 649/2000-----
currents: [100000.0, 99999.99999701245, 99999.99999572709]
J=3.0e-04, ⟨Jf⟩=2.7e-04, ⟨B·n⟩=4.1e-03, Len=sum([5.2, 5.2, 4.9])=15.4, ϰ=[5.5, 6.7, 5.9], ∫ϰ²/L>=[5.0, 7.1, 8.1], C-C-Sep=0.20, ║∇J║=5.6e-06
Iteration 650/2000-----
currents: [100000.0, 99999.9999970109, 99999.99999572453]
J=3.0e-04, ⟨Jf⟩=2.7e-04, ⟨B·n⟩=4.1e-03, Len=sum([5.2, 5.2, 4.9])=15.4, ϰ=[5.5, 6.7, 5.9], ∫ϰ²/L>=[5.0, 7.1, 8.1], C-C-Sep=0.20, ║∇J║=5.1e-06
Iteration 651/2000-----
currents: [100000.0, 99999.99999700712, 99999.99999571823]
J=3.0e-04, ⟨Jf⟩=2.7e-04, ⟨B·n⟩=4.1e-03, Len=sum([5.2, 5.2, 4.9])=15.4, ϰ=[5.5, 6.7, 5.9], ∫ϰ²/L>=[5.0, 7.1, 8.1], C-C-Sep=0.20, ║∇J║=6.5e-06
Iteration 652/2000-----
currents: [100000.0, 99999.99999700402, 99999.99999571306]
J=3.0e-04, ⟨Jf⟩=2.7e-04, ⟨B·n⟩=4.1e-03, Len=sum([5.2, 5.2, 4.9])=15.4, ϰ=[5.5, 6.7, 5.9], ∫ϰ²/L>=[5.0, 7.1, 8.1], C-C-Sep=0.20, ║∇J║=8.1e-06
Iteration 653/2000-----
currents: [100000.0, 99999.99999699804, 99999.99999570307]
J=3.0e-04, ⟨Jf⟩=2.7e-04, ⟨B·n⟩=4.1e-03, Len=sum([5.2, 5.2, 4.9])=15.4, ϰ=[5.5, 6.7, 5.9], ∫ϰ²/L>=[5.0, 7.1, 8.1], C-C-Sep=0.20, ║∇J║=1.1e-05
Iteration 654/2000-----
currents: [100000.0, 99999.99999698366, 99999.99999567903]
J=3.0e-04, ⟨Jf⟩=2.7e-04, ⟨B·n⟩=4.1e-03, Len=sum([5.2, 5.2, 4.9])=15.4, ϰ=[5.5, 6.7, 5.9], ∫ϰ²/L>=[5.0, 7.1, 8.1], C-C-Sep=0.20, ║∇J║=1.5e-05
Iteration 655/2000-----
currents: [100000.0, 99999.99999696393, 99999.99999564604]
J=3.0e-04, ⟨Jf⟩=2.7e-04, ⟨B·n⟩=4.1e-03, Len=sum([5.2, 5.2, 4.9])=15.4, ϰ=[5.5, 6.7, 5.9], ∫ϰ²/L>=[5.0, 7.1, 8.1], C-C-Sep=0.20, ║∇J║=2.8e-05
Iteration 656/2000-----
currents: [100000.0, 99999.99999697343, 99999.99999566193]
J=3.0e-04, ⟨Jf⟩=2.7e-04, ⟨B·n⟩=4.1e-03, Len=sum([5.2, 5.2, 4.9])=15.4, ϰ=[5.5, 6.7, 5.9], ∫ϰ²/L>=[5.0, 7.1, 8.1], C-C-Sep=0.20, ║∇J║=1.5e-05
Iteration 657/2000-----
currents: [100000.0, 99999.99999696806, 99999.99999565294]
J=3.0e-04, ⟨Jf⟩=2.7e-04, ⟨B·n⟩=4.1e-03, Len=sum([5.2, 5.2, 4.9])=15.4, ϰ=[5.5, 6.7, 5.9], ∫ϰ²/L>=[5.0, 7.1, 8.1], C-C-Sep=0.20, ║∇J║=7.5e-06
Iteration 658/2000-----
currents: [100000.0, 99999.99999696514, 99999.99999564805]
J=3.0e-04, ⟨Jf⟩=2.7e-04, ⟨B·n⟩=4.1e-03, Len=sum([5.2, 5.2, 4.9])=15.4, ϰ=[5.5, 6.7, 5.9], ∫ϰ²/L>=[5.0, 7.1, 8.1], C-C-Sep=0.20, ║∇J║=5.3e-06
Iteration 659/2000-----
currents: [100000.0, 99999.99999696341, 99999.99999564515]
J=3.0e-04, ⟨Jf⟩=2.7e-04, ⟨B·n⟩=4.1e-03, Len=sum([5.2, 5.2, 4.9])=15.4, ϰ=[5.5, 6.7, 5.9], ∫ϰ²/L>=[5.0, 7.1, 8.1], C-C-Sep=0.20, ║∇J║=6.8e-06
Iteration 660/2000-----
currents: [100000.0, 99999.99999695756, 99999.99999563537]
J=3.0e-04, ⟨Jf⟩=2.7e-04, ⟨B·n⟩=4.1e-03, Len=sum([5.2, 5.2, 4.9])=15.4, ϰ=[5.5, 6.7, 5.9], ∫ϰ²/L>=[5.0, 7.1, 8.1], C-C-Sep=0.20, ║∇J║=1.0e-05
Iteration 661/2000-----
currents: [100000.0, 99999.99999694558, 99999.99999561535]
J=3.0e-04, ⟨Jf⟩=2.7e-04, ⟨B·n⟩=4.1e-03, Len=sum([5.2, 5.2, 4.9])=15.4, ϰ=[5.5, 6.7, 5.9], ∫ϰ²/L>=[5.0, 7.1, 8.1], C-C-Sep=0.20, ║∇J║=1.7e-05
Iteration 662/2000-----
currents: [100000.0, 99999.99999692841, 99999.99999558665]
J=3.0e-04, ⟨Jf⟩=2.7e-04, ⟨B·n⟩=4.1e-03, Len=sum([5.2, 5.2, 4.9])=15.4, ϰ=[5.5, 6.7, 5.9], ∫ϰ²/L>=[5.0, 7.1, 8.1], C-C-Sep=0.20, ║∇J║=1.5e-05
Iteration 663/2000-----
currents: [100000.0, 99999.99999691221, 99999.99999555958]
J=3.0e-04, ⟨Jf⟩=2.7e-04, ⟨B·n⟩=4.1e-03, Len=sum([5.2, 5.2, 4.9])=15.4, ϰ=[5.5, 6.7, 5.9], ∫ϰ²/L>=[5.0, 7.1, 8.1], C-C-Sep=0.20, ║∇J║=1.2e-05
Iteration 664/2000-----
currents: [100000.0, 99999.99999690977, 99999.9999955555]
J=3.0e-04, ⟨Jf⟩=2.7e-04, ⟨B·n⟩=4.1e-03, Len=sum([5.2, 5.2, 4.9])=15.4, ϰ=[5.5, 6.7, 5.9], ∫ϰ²/L>=[5.0, 7.1, 8.1], C-C-Sep=0.20, ║∇J║=6.2e-06
Iteration 665/2000-----
currents: [100000.0, 99999.99999691111, 99999.99999555772]
J=3.0e-04, ⟨Jf⟩=2.7e-04, ⟨B·n⟩=4.1e-03, Len=sum([5.2, 5.2, 4.9])=15.4, ϰ=[5.5, 6.7, 5.9], ∫ϰ²/L>=[5.0, 7.1, 8.1], C-C-Sep=0.20, ║∇J║=5.7e-06
Iteration 666/2000-----
currents: [100000.0, 99999.99999691125, 99999.99999555794]
J=3.0e-04, ⟨Jf⟩=2.7e-04, ⟨B·n⟩=4.1e-03, Len=sum([5.2, 5.2, 4.9])=15.4, ϰ=[5.5, 6.7, 5.9], ∫ϰ²/L>=[5.0, 7.1, 8.1], C-C-Sep=0.20, ║∇J║=6.9e-06
Iteration 667/2000-----
currents: [100000.0, 99999.9999969044, 99999.99999554642]
J=3.0e-04, ⟨Jf⟩=2.7e-04, ⟨B·n⟩=4.1e-03, Len=sum([5.2, 5.2, 4.9])=15.4, ϰ=[5.5, 6.7, 5.9], ∫ϰ²/L>=[5.0, 7.1, 8.1], C-C-Sep=0.20, ║∇J║=1.6e-05
Iteration 668/2000-----
currents: [100000.0, 99999.99999689504, 99999.99999553073]
J=3.0e-04, ⟨Jf⟩=2.7e-04, ⟨B·n⟩=4.1e-03, Len=sum([5.2, 5.2, 4.9])=15.4, ϰ=[5.5, 6.7, 5.9], ∫ϰ²/L>=[5.0, 7.1, 8.1], C-C-Sep=0.20, ║∇J║=1.2e-05
Iteration 669/2000-----
currents: [100000.0, 99999.99999686827, 99999.99999548585]
J=3.0e-04, ⟨Jf⟩=2.7e-04, ⟨B·n⟩=4.1e-03, Len=sum([5.2, 5.2, 4.9])=15.4, ϰ=[5.5, 6.7, 5.9], ∫ϰ²/L>=[5.0, 7.1, 8.1], C-C-Sep=0.20, ║∇J║=1.2e-05
Iteration 670/2000-----
currents: [100000.0, 99999.99999684833, 99999.99999545245]
J=3.0e-04, ⟨Jf⟩=2.7e-04, ⟨B·n⟩=4.1e-03, Len=sum([5.2, 5.2, 4.9])=15.4, ϰ=[5.5, 6.7, 5.9], ∫ϰ²/L>=[5.0, 7.1, 8.1], C-C-Sep=0.20, ║∇J║=1.3e-05
Iteration 671/2000-----
currents: [100000.0, 99999.99999683212, 99999.99999542526]
J=3.0e-04, ⟨Jf⟩=2.7e-04, ⟨B·n⟩=4.1e-03, Len=sum([5.2, 5.2, 4.9])=15.4, ϰ=[5.5, 6.7, 5.9], ∫ϰ²/L>=[5.0, 7.1, 8.1], C-C-Sep=0.20, ║∇J║=1.2e-05
Iteration 672/2000-----
currents: [100000.0, 99999.99999683384, 99999.99999542812]
J=3.0e-04, ⟨Jf⟩=2.7e-04, ⟨B·n⟩=4.1e-03, Len=sum([5.2, 5.2, 4.9])=15.4, ϰ=[5.5, 6.7, 5.9], ∫ϰ²/L>=[5.0, 7.1, 8.1], C-C-Sep=0.20, ║∇J║=6.8e-06
Iteration 673/2000-----
currents: [100000.0, 99999.99999683614, 99999.99999543195]
J=3.0e-04, ⟨Jf⟩=2.7e-04, ⟨B·n⟩=4.1e-03, Len=sum([5.2, 5.2, 4.9])=15.4, ϰ=[5.5, 6.7, 5.9], ∫ϰ²/L>=[5.0, 7.1, 8.1], C-C-Sep=0.20, ║∇J║=9.6e-06
Iteration 674/2000-----
currents: [100000.0, 99999.99999683374, 99999.99999542789]
J=3.0e-04, ⟨Jf⟩=2.7e-04, ⟨B·n⟩=4.1e-03, Len=sum([5.2, 5.2, 4.9])=15.4, ϰ=[5.5, 6.7, 5.9], ∫ϰ²/L>=[5.0, 7.1, 8.1], C-C-Sep=0.20, ║∇J║=1.4e-05
Iteration 675/2000-----
currents: [100000.0, 99999.99999681706, 99999.99999539986]
J=3.0e-04, ⟨Jf⟩=2.7e-04, ⟨B·n⟩=4.1e-03, Len=sum([5.2, 5.2, 4.9])=15.4, ϰ=[5.5, 6.7, 5.9], ∫ϰ²/L>=[5.0, 7.1, 8.1], C-C-Sep=0.20, ║∇J║=2.1e-05
Iteration 676/2000-----
currents: [100000.0, 99999.999996774, 99999.99999532755]
J=3.0e-04, ⟨Jf⟩=2.7e-04, ⟨B·n⟩=4.1e-03, Len=sum([5.2, 5.2, 4.9])=15.4, ϰ=[5.5, 6.7, 5.9], ∫ϰ²/L>=[5.0, 7.1, 8.1], C-C-Sep=0.20, ║∇J║=3.2e-05
Iteration 677/2000-----
currents: [100000.0, 99999.99999672604, 99999.99999524711]
J=3.0e-04, ⟨Jf⟩=2.7e-04, ⟨B·n⟩=4.1e-03, Len=sum([5.2, 5.2, 4.9])=15.4, ϰ=[5.5, 6.7, 5.9], ∫ϰ²/L>=[5.0, 7.1, 8.1], C-C-Sep=0.20, ║∇J║=2.2e-05
Iteration 678/2000-----
currents: [100000.0, 99999.99999669511, 99999.99999519529]
J=3.0e-04, ⟨Jf⟩=2.7e-04, ⟨B·n⟩=4.1e-03, Len=sum([5.2, 5.2, 4.9])=15.4, ϰ=[5.5, 6.7, 5.9], ∫ϰ²/L>=[5.0, 7.1, 8.1], C-C-Sep=0.20, ║∇J║=1.2e-05
Iteration 679/2000-----
currents: [100000.0, 99999.99999667674, 99999.99999516451]
J=3.0e-04, ⟨Jf⟩=2.7e-04, ⟨B·n⟩=4.1e-03, Len=sum([5.2, 5.2, 4.9])=15.4, ϰ=[5.5, 6.7, 5.9], ∫ϰ²/L>=[5.0, 7.1, 8.1], C-C-Sep=0.20, ║∇J║=1.0e-05
Iteration 680/2000-----
currents: [100000.0, 99999.99999666854, 99999.99999515079]
J=3.0e-04, ⟨Jf⟩=2.7e-04, ⟨B·n⟩=4.1e-03, Len=sum([5.2, 5.2, 4.9])=15.4, ϰ=[5.5, 6.7, 5.9], ∫ϰ²/L>=[5.0, 7.1, 8.1], C-C-Sep=0.20, ║∇J║=1.2e-05
Iteration 681/2000-----
currents: [100000.0, 99999.99999665986, 99999.99999513624]
J=3.0e-04, ⟨Jf⟩=2.7e-04, ⟨B·n⟩=4.1e-03, Len=sum([5.2, 5.2, 4.9])=15.4, ϰ=[5.5, 6.7, 5.9], ∫ϰ²/L>=[5.0, 7.1, 8.1], C-C-Sep=0.20, ║∇J║=1.3e-05
Iteration 682/2000-----
currents: [100000.0, 99999.99999662422, 99999.99999507652]
J=3.0e-04, ⟨Jf⟩=2.7e-04, ⟨B·n⟩=4.1e-03, Len=sum([5.2, 5.2, 4.9])=15.4, ϰ=[5.5, 6.7, 5.9], ∫ϰ²/L>=[5.0, 7.1, 8.1], C-C-Sep=0.20, ║∇J║=2.2e-05
Iteration 683/2000-----
currents: [100000.0, 99999.99999658042, 99999.99999500313]
J=3.0e-04, ⟨Jf⟩=2.7e-04, ⟨B·n⟩=4.1e-03, Len=sum([5.2, 5.2, 4.9])=15.4, ϰ=[5.5, 6.7, 5.9], ∫ϰ²/L>=[5.0, 7.1, 8.1], C-C-Sep=0.20, ║∇J║=2.6e-05
Iteration 684/2000-----
currents: [100000.0, 99999.99999656876, 99999.99999498359]
J=3.0e-04, ⟨Jf⟩=2.7e-04, ⟨B·n⟩=4.1e-03, Len=sum([5.2, 5.2, 4.9])=15.4, ϰ=[5.5, 6.7, 5.9], ∫ϰ²/L>=[5.0, 7.1, 8.1], C-C-Sep=0.20, ║∇J║=1.5e-05
Iteration 685/2000-----
currents: [100000.0, 99999.99999654519, 99999.99999494408]
J=3.0e-04, ⟨Jf⟩=2.7e-04, ⟨B·n⟩=4.1e-03, Len=sum([5.2, 5.2, 4.9])=15.4, ϰ=[5.5, 6.7, 5.9], ∫ϰ²/L>=[5.0, 7.1, 8.1], C-C-Sep=0.20, ║∇J║=1.4e-05
Iteration 686/2000-----
currents: [100000.0, 99999.99999652585, 99999.99999491169]
J=3.0e-04, ⟨Jf⟩=2.7e-04, ⟨B·n⟩=4.1e-03, Len=sum([5.2, 5.2, 4.9])=15.4, ϰ=[5.5, 6.7, 5.9], ∫ϰ²/L>=[5.0, 7.1, 8.1], C-C-Sep=0.20, ║∇J║=1.4e-05
Iteration 687/2000-----
currents: [100000.0, 99999.99999649098, 99999.9999948533]
J=3.0e-04, ⟨Jf⟩=2.7e-04, ⟨B·n⟩=4.1e-03, Len=sum([5.2, 5.2, 4.9])=15.4, ϰ=[5.5, 6.7, 5.9], ∫ϰ²/L>=[5.0, 7.1, 8.1], C-C-Sep=0.20, ║∇J║=1.2e-05
Iteration 688/2000-----
currents: [100000.0, 99999.99999646425, 99999.9999948085]
J=3.0e-04, ⟨Jf⟩=2.7e-04, ⟨B·n⟩=4.1e-03, Len=sum([5.2, 5.2, 4.9])=15.4, ϰ=[5.5, 6.7, 5.9], ∫ϰ²/L>=[5.0, 7.1, 8.1], C-C-Sep=0.20, ║∇J║=1.8e-05
Iteration 689/2000-----
currents: [100000.0, 99999.99999641305, 99999.99999472269]
J=3.0e-04, ⟨Jf⟩=2.7e-04, ⟨B·n⟩=4.1e-03, Len=sum([5.2, 5.2, 4.9])=15.4, ϰ=[5.5, 6.7, 5.9], ∫ϰ²/L>=[5.0, 7.1, 8.1], C-C-Sep=0.20, ║∇J║=2.7e-05
Iteration 690/2000-----
currents: [100000.0, 99999.9999963304, 99999.99999458411]
J=3.0e-04, ⟨Jf⟩=2.7e-04, ⟨B·n⟩=4.1e-03, Len=sum([5.2, 5.2, 4.9])=15.4, ϰ=[5.5, 6.7, 5.9], ∫ϰ²/L>=[5.0, 7.1, 8.1], C-C-Sep=0.20, ║∇J║=3.7e-05
Iteration 691/2000-----
currents: [100000.0, 99999.99999621381, 99999.99999438858]
J=3.0e-04, ⟨Jf⟩=2.7e-04, ⟨B·n⟩=4.1e-03, Len=sum([5.2, 5.2, 4.9])=15.4, ϰ=[5.5, 6.7, 5.9], ∫ϰ²/L>=[5.0, 7.1, 8.1], C-C-Sep=0.20, ║∇J║=4.6e-05
Iteration 692/2000-----
currents: [100000.0, 99999.99999621428, 99999.99999438933]
J=3.0e-04, ⟨Jf⟩=2.7e-04, ⟨B·n⟩=4.1e-03, Len=sum([5.2, 5.2, 4.9])=15.4, ϰ=[5.5, 6.7, 5.9], ∫ϰ²/L>=[5.0, 7.1, 8.1], C-C-Sep=0.20, ║∇J║=1.8e-05
Iteration 693/2000-----
currents: [100000.0, 99999.99999621396, 99999.99999438877]
J=3.0e-04, ⟨Jf⟩=2.7e-04, ⟨B·n⟩=4.1e-03, Len=sum([5.2, 5.2, 4.9])=15.4, ϰ=[5.5, 6.7, 5.9], ∫ϰ²/L>=[5.0, 7.1, 8.1], C-C-Sep=0.20, ║∇J║=1.3e-05
Iteration 694/2000-----
currents: [100000.0, 99999.9999962015, 99999.99999436787]
J=3.0e-04, ⟨Jf⟩=2.7e-04, ⟨B·n⟩=4.1e-03, Len=sum([5.2, 5.2, 4.9])=15.4, ϰ=[5.5, 6.7, 5.9], ∫ϰ²/L>=[5.0, 7.1, 8.1], C-C-Sep=0.20, ║∇J║=1.5e-05
Iteration 695/2000-----
currents: [100000.0, 99999.99999615234, 99999.99999428543]
J=3.0e-04, ⟨Jf⟩=2.7e-04, ⟨B·n⟩=4.1e-03, Len=sum([5.2, 5.2, 4.9])=15.4, ϰ=[5.5, 6.7, 5.9], ∫ϰ²/L>=[5.0, 7.1, 8.1], C-C-Sep=0.20, ║∇J║=2.5e-05
Iteration 696/2000-----
currents: [100000.0, 99999.99999605902, 99999.99999412894]
J=3.0e-04, ⟨Jf⟩=2.7e-04, ⟨B·n⟩=4.1e-03, Len=sum([5.2, 5.2, 4.9])=15.4, ϰ=[5.5, 6.7, 5.9], ∫ϰ²/L>=[5.0, 7.1, 8.1], C-C-Sep=0.20, ║∇J║=3.4e-05
Iteration 697/2000-----
currents: [100000.0, 99999.99999598924, 99999.99999401193]
J=3.0e-04, ⟨Jf⟩=2.7e-04, ⟨B·n⟩=4.1e-03, Len=sum([5.2, 5.2, 4.9])=15.4, ϰ=[5.5, 6.7, 5.9], ∫ϰ²/L>=[5.0, 7.1, 8.1], C-C-Sep=0.20, ║∇J║=2.8e-05
Iteration 698/2000-----
currents: [100000.0, 99999.99999581407, 99999.99999371813]
J=3.0e-04, ⟨Jf⟩=2.7e-04, ⟨B·n⟩=4.1e-03, Len=sum([5.2, 5.2, 4.9])=15.4, ϰ=[5.5, 6.7, 5.9], ∫ϰ²/L>=[5.0, 7.1, 8.1], C-C-Sep=0.20, ║∇J║=3.0e-05
Iteration 699/2000-----
currents: [100000.0, 99999.99999573322, 99999.99999358242]
J=3.0e-04, ⟨Jf⟩=2.7e-04, ⟨B·n⟩=4.1e-03, Len=sum([5.2, 5.2, 4.9])=15.4, ϰ=[5.5, 6.7, 5.9], ∫ϰ²/L>=[5.0, 7.1, 8.1], C-C-Sep=0.20, ║∇J║=5.2e-05
Iteration 700/2000-----
currents: [100000.0, 99999.9999957367, 99999.99999358822]
J=3.0e-04, ⟨Jf⟩=2.7e-04, ⟨B·n⟩=4.1e-03, Len=sum([5.2, 5.2, 4.9])=15.4, ϰ=[5.5, 6.7, 5.9], ∫ϰ²/L>=[5.0, 7.1, 8.1], C-C-Sep=0.20, ║∇J║=1.8e-05
Iteration 701/2000-----
currents: [100000.0, 99999.99999574455, 99999.99999360138]
J=3.0e-04, ⟨Jf⟩=2.7e-04, ⟨B·n⟩=4.1e-03, Len=sum([5.2, 5.2, 4.9])=15.4, ϰ=[5.5, 6.7, 5.9], ∫ϰ²/L>=[5.0, 7.1, 8.1], C-C-Sep=0.20, ║∇J║=1.2e-05
Iteration 702/2000-----
currents: [100000.0, 99999.9999957394, 99999.99999359272]
J=3.0e-04, ⟨Jf⟩=2.7e-04, ⟨B·n⟩=4.1e-03, Len=sum([5.2, 5.2, 4.9])=15.4, ϰ=[5.5, 6.7, 5.9], ∫ϰ²/L>=[5.0, 7.1, 8.1], C-C-Sep=0.20, ║∇J║=1.6e-05
Iteration 703/2000-----
currents: [100000.0, 99999.99999571225, 99999.99999354716]
J=3.0e-04, ⟨Jf⟩=2.7e-04, ⟨B·n⟩=4.1e-03, Len=sum([5.2, 5.2, 4.9])=15.4, ϰ=[5.5, 6.7, 5.9], ∫ϰ²/L>=[5.0, 7.1, 8.1], C-C-Sep=0.20, ║∇J║=2.5e-05
Iteration 704/2000-----
currents: [100000.0, 99999.9999956352, 99999.99999341792]
J=3.0e-04, ⟨Jf⟩=2.7e-04, ⟨B·n⟩=4.1e-03, Len=sum([5.2, 5.2, 4.9])=15.4, ϰ=[5.5, 6.7, 5.9], ∫ϰ²/L>=[5.0, 7.1, 8.1], C-C-Sep=0.20, ║∇J║=3.6e-05
Iteration 705/2000-----
currents: [100000.0, 99999.99999545905, 99999.99999312252]
J=3.0e-04, ⟨Jf⟩=2.7e-04, ⟨B·n⟩=4.1e-03, Len=sum([5.2, 5.2, 4.9])=15.4, ϰ=[5.5, 6.7, 5.9], ∫ϰ²/L>=[5.0, 7.1, 8.1], C-C-Sep=0.20, ║∇J║=5.7e-05
Iteration 706/2000-----
currents: [100000.0, 99999.99999521389, 99999.99999271143]
J=3.0e-04, ⟨Jf⟩=2.7e-04, ⟨B·n⟩=4.1e-03, Len=sum([5.2, 5.2, 4.9])=15.4, ϰ=[5.5, 6.7, 5.9], ∫ϰ²/L>=[5.0, 7.1, 8.1], C-C-Sep=0.20, ║∇J║=4.8e-05
Iteration 707/2000-----
currents: [100000.0, 99999.99999507028, 99999.99999247068]
J=3.0e-04, ⟨Jf⟩=2.7e-04, ⟨B·n⟩=4.1e-03, Len=sum([5.2, 5.2, 4.9])=15.4, ϰ=[5.5, 6.7, 5.9], ∫ϰ²/L>=[5.0, 7.1, 8.1], C-C-Sep=0.20, ║∇J║=2.9e-05
Iteration 708/2000-----
currents: [100000.0, 99999.99999492982, 99999.99999223524]
J=3.0e-04, ⟨Jf⟩=2.7e-04, ⟨B·n⟩=4.1e-03, Len=sum([5.2, 5.2, 4.9])=15.4, ϰ=[5.5, 6.7, 5.9], ∫ϰ²/L>=[5.0, 7.1, 8.1], C-C-Sep=0.20, ║∇J║=3.6e-05
Iteration 709/2000-----
currents: [100000.0, 99999.99999488596, 99999.99999216174]
J=3.0e-04, ⟨Jf⟩=2.7e-04, ⟨B·n⟩=4.1e-03, Len=sum([5.2, 5.2, 4.9])=15.4, ϰ=[5.5, 6.7, 5.9], ∫ϰ²/L>=[5.0, 7.1, 8.1], C-C-Sep=0.20, ║∇J║=4.0e-05
Iteration 710/2000-----
currents: [100000.0, 99999.99999487272, 99999.99999213952]
J=3.0e-04, ⟨Jf⟩=2.7e-04, ⟨B·n⟩=4.1e-03, Len=sum([5.2, 5.2, 4.9])=15.4, ϰ=[5.5, 6.7, 5.9], ∫ϰ²/L>=[5.0, 7.1, 8.1], C-C-Sep=0.20, ║∇J║=3.2e-05
Iteration 711/2000-----
currents: [100000.0, 99999.9999947307, 99999.99999190129]
J=3.0e-04, ⟨Jf⟩=2.7e-04, ⟨B·n⟩=4.1e-03, Len=sum([5.2, 5.2, 4.9])=15.4, ϰ=[5.5, 6.7, 5.9], ∫ϰ²/L>=[5.0, 7.1, 8.1], C-C-Sep=0.20, ║∇J║=3.7e-05
Iteration 712/2000-----
currents: [100000.0, 99999.9999946141, 99999.99999170579]
J=3.0e-04, ⟨Jf⟩=2.7e-04, ⟨B·n⟩=4.1e-03, Len=sum([5.2, 5.2, 4.9])=15.4, ϰ=[5.5, 6.7, 5.9], ∫ϰ²/L>=[5.0, 7.1, 8.1], C-C-Sep=0.20, ║∇J║=4.7e-05
Iteration 713/2000-----
currents: [100000.0, 99999.99999427822, 99999.99999114253]
J=3.0e-04, ⟨Jf⟩=2.7e-04, ⟨B·n⟩=4.1e-03, Len=sum([5.2, 5.2, 4.9])=15.4, ϰ=[5.5, 6.7, 5.9], ∫ϰ²/L>=[5.0, 7.1, 8.1], C-C-Sep=0.20, ║∇J║=5.8e-05
Iteration 714/2000-----
currents: [100000.0, 99999.99999377558, 99999.99999029962]
J=3.0e-04, ⟨Jf⟩=2.7e-04, ⟨B·n⟩=4.1e-03, Len=sum([5.2, 5.2, 4.9])=15.4, ϰ=[5.5, 6.7, 5.9], ∫ϰ²/L>=[5.0, 7.1, 8.1], C-C-Sep=0.20, ║∇J║=1.3e-04
Iteration 715/2000-----
currents: [100000.0, 99999.99999363843, 99999.99999006958]
J=3.0e-04, ⟨Jf⟩=2.7e-04, ⟨B·n⟩=4.1e-03, Len=sum([5.2, 5.2, 4.9])=15.4, ϰ=[5.5, 6.7, 5.9], ∫ϰ²/L>=[5.0, 7.1, 8.1], C-C-Sep=0.20, ║∇J║=4.2e-05
Iteration 716/2000-----
currents: [100000.0, 99999.99999363437, 99999.99999006279]
J=3.0e-04, ⟨Jf⟩=2.7e-04, ⟨B·n⟩=4.1e-03, Len=sum([5.2, 5.2, 4.9])=15.4, ϰ=[5.5, 6.7, 5.9], ∫ϰ²/L>=[5.0, 7.1, 8.1], C-C-Sep=0.20, ║∇J║=2.1e-05
Iteration 717/2000-----
currents: [100000.0, 99999.99999360737, 99999.99999001752]
J=3.0e-04, ⟨Jf⟩=2.7e-04, ⟨B·n⟩=4.1e-03, Len=sum([5.2, 5.2, 4.9])=15.4, ϰ=[5.5, 6.7, 5.9], ∫ϰ²/L>=[5.0, 7.1, 8.1], C-C-Sep=0.20, ║∇J║=2.5e-05
Iteration 718/2000-----
currents: [100000.0, 99999.99999354496, 99999.99998991283]
J=3.0e-04, ⟨Jf⟩=2.7e-04, ⟨B·n⟩=4.1e-03, Len=sum([5.2, 5.2, 4.9])=15.4, ϰ=[5.5, 6.7, 5.9], ∫ϰ²/L>=[5.0, 7.1, 8.1], C-C-Sep=0.20, ║∇J║=3.4e-05
Iteration 719/2000-----
currents: [100000.0, 99999.99999332392, 99999.99998954208]
J=3.0e-04, ⟨Jf⟩=2.7e-04, ⟨B·n⟩=4.1e-03, Len=sum([5.2, 5.2, 4.9])=15.4, ϰ=[5.5, 6.7, 5.9], ∫ϰ²/L>=[5.0, 7.1, 8.1], C-C-Sep=0.20, ║∇J║=6.5e-05
Iteration 720/2000-----
currents: [100000.0, 99999.99999297856, 99999.99998896281]
J=3.0e-04, ⟨Jf⟩=2.7e-04, ⟨B·n⟩=4.1e-03, Len=sum([5.2, 5.2, 4.9])=15.4, ϰ=[5.5, 6.7, 5.9], ∫ϰ²/L>=[5.0, 7.1, 8.1], C-C-Sep=0.20, ║∇J║=6.8e-05
Iteration 721/2000-----
currents: [100000.0, 99999.99999271095, 99999.99998851394]
J=3.0e-04, ⟨Jf⟩=2.7e-04, ⟨B·n⟩=4.1e-03, Len=sum([5.2, 5.2, 4.9])=15.4, ϰ=[5.5, 6.7, 5.9], ∫ϰ²/L>=[5.0, 7.1, 8.1], C-C-Sep=0.20, ║∇J║=5.6e-05
Iteration 722/2000-----
currents: [100000.0, 99999.99999202573, 99999.9999873646]
J=3.0e-04, ⟨Jf⟩=2.7e-04, ⟨B·n⟩=4.1e-03, Len=sum([5.2, 5.2, 4.9])=15.4, ϰ=[5.5, 6.7, 5.9], ∫ϰ²/L>=[5.0, 7.1, 8.1], C-C-Sep=0.20, ║∇J║=1.2e-04
Iteration 723/2000-----
currents: [100000.0, 99999.9999921184, 99999.99998752]
J=3.0e-04, ⟨Jf⟩=2.7e-04, ⟨B·n⟩=4.1e-03, Len=sum([5.2, 5.2, 4.9])=15.4, ϰ=[5.5, 6.7, 5.9], ∫ϰ²/L>=[5.0, 7.1, 8.1], C-C-Sep=0.20, ║∇J║=5.9e-05
Iteration 724/2000-----
currents: [100000.0, 99999.99999210994, 99999.99998750583]
J=3.0e-04, ⟨Jf⟩=2.7e-04, ⟨B·n⟩=4.1e-03, Len=sum([5.2, 5.2, 4.9])=15.4, ϰ=[5.5, 6.7, 5.9], ∫ϰ²/L>=[5.0, 7.1, 8.1], C-C-Sep=0.20, ║∇J║=4.0e-05
Iteration 725/2000-----
currents: [100000.0, 99999.99999202695, 99999.99998736661]
J=3.0e-04, ⟨Jf⟩=2.7e-04, ⟨B·n⟩=4.1e-03, Len=sum([5.2, 5.2, 4.9])=15.4, ϰ=[5.5, 6.7, 5.9], ∫ϰ²/L>=[5.0, 7.1, 8.1], C-C-Sep=0.20, ║∇J║=3.2e-05
Iteration 726/2000-----
currents: [100000.0, 99999.99999186189, 99999.99998708972]
J=3.0e-04, ⟨Jf⟩=2.7e-04, ⟨B·n⟩=4.1e-03, Len=sum([5.2, 5.2, 4.9])=15.4, ϰ=[5.5, 6.7, 5.9], ∫ϰ²/L>=[5.0, 7.1, 8.1], C-C-Sep=0.20, ║∇J║=5.1e-05
Iteration 727/2000-----
currents: [100000.0, 99999.99999174042, 99999.99998688583]
J=3.0e-04, ⟨Jf⟩=2.7e-04, ⟨B·n⟩=4.1e-03, Len=sum([5.2, 5.2, 4.9])=15.4, ϰ=[5.5, 6.7, 5.9], ∫ϰ²/L>=[5.0, 7.1, 8.1], C-C-Sep=0.20, ║∇J║=5.9e-05
Iteration 728/2000-----
currents: [100000.0, 99999.99999101141, 99999.99998566283]
J=3.0e-04, ⟨Jf⟩=2.7e-04, ⟨B·n⟩=4.1e-03, Len=sum([5.2, 5.2, 4.9])=15.4, ϰ=[5.5, 6.7, 5.9], ∫ϰ²/L>=[5.0, 7.1, 8.1], C-C-Sep=0.20, ║∇J║=8.9e-05
Iteration 729/2000-----
currents: [100000.0, 99999.99999094685, 99999.99998555386]
J=3.0e-04, ⟨Jf⟩=2.7e-04, ⟨B·n⟩=4.1e-03, Len=sum([5.2, 5.2, 4.9])=15.4, ϰ=[5.5, 6.7, 5.9], ∫ϰ²/L>=[5.0, 7.1, 8.1], C-C-Sep=0.20, ║∇J║=1.4e-04
Iteration 730/2000-----
currents: [100000.0, 99999.99999085482, 99999.99998539974]
J=3.0e-04, ⟨Jf⟩=2.7e-04, ⟨B·n⟩=4.1e-03, Len=sum([5.2, 5.2, 4.9])=15.4, ϰ=[5.5, 6.7, 5.9], ∫ϰ²/L>=[5.0, 7.1, 8.1], C-C-Sep=0.20, ║∇J║=5.9e-05
Iteration 731/2000-----
currents: [100000.0, 99999.99999063592, 99999.99998503279]
J=3.0e-04, ⟨Jf⟩=2.7e-04, ⟨B·n⟩=4.1e-03, Len=sum([5.2, 5.2, 4.9])=15.4, ϰ=[5.5, 6.7, 5.9], ∫ϰ²/L>=[5.0, 7.1, 8.1], C-C-Sep=0.20, ║∇J║=4.3e-05
Iteration 732/2000-----
currents: [100000.0, 99999.99999085104, 99999.99998539352]
J=3.0e-04, ⟨Jf⟩=2.7e-04, ⟨B·n⟩=4.1e-03, Len=sum([5.2, 5.2, 4.9])=15.4, ϰ=[5.5, 6.7, 5.9], ∫ϰ²/L>=[5.0, 7.1, 8.1], C-C-Sep=0.20, ║∇J║=6.3e-05
Iteration 733/2000-----
currents: [100000.0, 99999.99999070619, 99999.99998515056]
J=3.0e-04, ⟨Jf⟩=2.7e-04, ⟨B·n⟩=4.1e-03, Len=sum([5.2, 5.2, 4.9])=15.4, ϰ=[5.5, 6.7, 5.9], ∫ϰ²/L>=[5.0, 7.1, 8.1], C-C-Sep=0.20, ║∇J║=3.4e-05
Iteration 734/2000-----
currents: [100000.0, 99999.99999057913, 99999.9999849374]
J=3.0e-04, ⟨Jf⟩=2.7e-04, ⟨B·n⟩=4.1e-03, Len=sum([5.2, 5.2, 4.9])=15.4, ϰ=[5.5, 6.7, 5.9], ∫ϰ²/L>=[5.0, 7.1, 8.1], C-C-Sep=0.20, ║∇J║=3.6e-05
Iteration 735/2000-----
currents: [100000.0, 99999.9999904623, 99999.99998474136]
J=3.0e-04, ⟨Jf⟩=2.7e-04, ⟨B·n⟩=4.1e-03, Len=sum([5.2, 5.2, 4.9])=15.4, ϰ=[5.5, 6.7, 5.9], ∫ϰ²/L>=[5.0, 7.1, 8.1], C-C-Sep=0.20, ║∇J║=5.2e-05
Iteration 736/2000-----
currents: [100000.0, 99999.99999025605, 99999.99998439531]
J=3.0e-04, ⟨Jf⟩=2.7e-04, ⟨B·n⟩=4.1e-03, Len=sum([5.2, 5.2, 4.9])=15.4, ϰ=[5.5, 6.7, 5.9], ∫ϰ²/L>=[5.0, 7.1, 8.1], C-C-Sep=0.20, ║∇J║=7.8e-05
Iteration 737/2000-----
currents: [100000.0, 99999.99999006357, 99999.99998407216]
J=3.0e-04, ⟨Jf⟩=2.7e-04, ⟨B·n⟩=4.1e-03, Len=sum([5.2, 5.2, 4.9])=15.4, ϰ=[5.5, 6.7, 5.9], ∫ϰ²/L>=[5.0, 7.1, 8.1], C-C-Sep=0.20, ║∇J║=1.0e-04
Iteration 738/2000-----
currents: [100000.0, 99999.99998992406, 99999.99998383805]
J=3.0e-04, ⟨Jf⟩=2.7e-04, ⟨B·n⟩=4.1e-03, Len=sum([5.2, 5.2, 4.9])=15.4, ϰ=[5.5, 6.7, 5.9], ∫ϰ²/L>=[5.0, 7.1, 8.1], C-C-Sep=0.20, ║∇J║=7.2e-05
Iteration 739/2000-----
currents: [100000.0, 99999.9999898192, 99999.9999836621]
J=3.0e-04, ⟨Jf⟩=2.7e-04, ⟨B·n⟩=4.1e-03, Len=sum([5.2, 5.2, 4.9])=15.4, ϰ=[5.5, 6.7, 5.9], ∫ϰ²/L>=[5.0, 7.1, 8.1], C-C-Sep=0.20, ║∇J║=5.1e-05
Iteration 740/2000-----
currents: [100000.0, 99999.99998986544, 99999.99998373957]
J=3.0e-04, ⟨Jf⟩=2.7e-04, ⟨B·n⟩=4.1e-03, Len=sum([5.2, 5.2, 4.9])=15.4, ϰ=[5.5, 6.7, 5.9], ∫ϰ²/L>=[5.0, 7.1, 8.1], C-C-Sep=0.20, ║∇J║=5.3e-05
Iteration 741/2000-----
currents: [100000.0, 99999.99998976415, 99999.99998356972]
J=3.0e-04, ⟨Jf⟩=2.7e-04, ⟨B·n⟩=4.1e-03, Len=sum([5.2, 5.2, 4.9])=15.4, ϰ=[5.5, 6.7, 5.9], ∫ϰ²/L>=[5.0, 7.1, 8.1], C-C-Sep=0.20, ║∇J║=4.4e-05
Iteration 742/2000-----
currents: [100000.0, 99999.99998962077, 99999.99998332925]
J=3.0e-04, ⟨Jf⟩=2.7e-04, ⟨B·n⟩=4.1e-03, Len=sum([5.2, 5.2, 4.9])=15.4, ϰ=[5.5, 6.7, 5.9], ∫ϰ²/L>=[5.0, 7.1, 8.1], C-C-Sep=0.20, ║∇J║=5.1e-05
Iteration 743/2000-----
currents: [100000.0, 99999.99998937856, 99999.99998292301]
J=3.0e-04, ⟨Jf⟩=2.7e-04, ⟨B·n⟩=4.1e-03, Len=sum([5.2, 5.2, 4.9])=15.4, ϰ=[5.5, 6.7, 5.9], ∫ϰ²/L>=[5.0, 7.1, 8.1], C-C-Sep=0.20, ║∇J║=7.3e-05
Iteration 744/2000-----
currents: [100000.0, 99999.9999890928, 99999.99998244358]
J=3.0e-04, ⟨Jf⟩=2.7e-04, ⟨B·n⟩=4.1e-03, Len=sum([5.2, 5.2, 4.9])=15.4, ϰ=[5.5, 6.7, 5.9], ∫ϰ²/L>=[5.0, 7.1, 8.1], C-C-Sep=0.20, ║∇J║=1.0e-04
Iteration 745/2000-----
currents: [100000.0, 99999.99998898068, 99999.99998225538]
J=3.0e-04, ⟨Jf⟩=2.7e-04, ⟨B·n⟩=4.1e-03, Len=sum([5.2, 5.2, 4.9])=15.4, ϰ=[5.5, 6.7, 5.9], ∫ϰ²/L>=[5.0, 7.1, 8.1], C-C-Sep=0.20, ║∇J║=7.4e-05
Iteration 746/2000-----
currents: [100000.0, 99999.99998887826, 99999.9999820834]
J=3.0e-04, ⟨Jf⟩=2.7e-04, ⟨B·n⟩=4.1e-03, Len=sum([5.2, 5.2, 4.9])=15.4, ϰ=[5.5, 6.7, 5.9], ∫ϰ²/L>=[5.0, 7.1, 8.1], C-C-Sep=0.20, ║∇J║=5.5e-05
Iteration 747/2000-----
currents: [100000.0, 99999.99998886339, 99999.99998205835]
J=3.0e-04, ⟨Jf⟩=2.7e-04, ⟨B·n⟩=4.1e-03, Len=sum([5.2, 5.2, 4.9])=15.4, ϰ=[5.5, 6.7, 5.9], ∫ϰ²/L>=[5.0, 7.1, 8.1], C-C-Sep=0.20, ║∇J║=6.7e-05
Iteration 748/2000-----
currents: [100000.0, 99999.99998886649, 99999.99998206353]
J=3.0e-04, ⟨Jf⟩=2.7e-04, ⟨B·n⟩=4.1e-03, Len=sum([5.2, 5.2, 4.9])=15.4, ϰ=[5.5, 6.7, 5.9], ∫ϰ²/L>=[5.0, 7.1, 8.1], C-C-Sep=0.20, ║∇J║=3.3e-05
Iteration 749/2000-----
currents: [100000.0, 99999.99998880916, 99999.99998196738]
J=3.0e-04, ⟨Jf⟩=2.7e-04, ⟨B·n⟩=4.1e-03, Len=sum([5.2, 5.2, 4.9])=15.4, ϰ=[5.5, 6.7, 5.9], ∫ϰ²/L>=[5.0, 7.1, 8.1], C-C-Sep=0.20, ║∇J║=3.2e-05
Iteration 750/2000-----
currents: [100000.0, 99999.99998875099, 99999.99998186984]
J=3.0e-04, ⟨Jf⟩=2.7e-04, ⟨B·n⟩=4.1e-03, Len=sum([5.2, 5.2, 4.9])=15.4, ϰ=[5.5, 6.7, 5.9], ∫ϰ²/L>=[5.0, 7.1, 8.1], C-C-Sep=0.20, ║∇J║=3.7e-05
Iteration 751/2000-----
currents: [100000.0, 99999.99998858874, 99999.99998159769]
J=3.0e-04, ⟨Jf⟩=2.7e-04, ⟨B·n⟩=4.1e-03, Len=sum([5.2, 5.2, 4.9])=15.4, ϰ=[5.5, 6.7, 5.9], ∫ϰ²/L>=[5.0, 7.1, 8.1], C-C-Sep=0.20, ║∇J║=4.7e-05
Iteration 752/2000-----
currents: [100000.0, 99999.99998838812, 99999.99998126115]
J=3.0e-04, ⟨Jf⟩=2.7e-04, ⟨B·n⟩=4.1e-03, Len=sum([5.2, 5.2, 4.9])=15.4, ϰ=[5.5, 6.7, 5.9], ∫ϰ²/L>=[5.0, 7.1, 8.1], C-C-Sep=0.20, ║∇J║=9.1e-05
Iteration 753/2000-----
currents: [100000.0, 99999.99998827525, 99999.99998107179]
J=3.0e-04, ⟨Jf⟩=2.7e-04, ⟨B·n⟩=4.1e-03, Len=sum([5.2, 5.2, 4.9])=15.4, ϰ=[5.5, 6.7, 5.9], ∫ϰ²/L>=[5.0, 7.1, 8.1], C-C-Sep=0.20, ║∇J║=5.3e-05
Iteration 754/2000-----
currents: [100000.0, 99999.99998819345, 99999.99998093446]
J=3.0e-04, ⟨Jf⟩=2.7e-04, ⟨B·n⟩=4.1e-03, Len=sum([5.2, 5.2, 4.9])=15.4, ϰ=[5.5, 6.7, 5.9], ∫ϰ²/L>=[5.0, 7.1, 8.1], C-C-Sep=0.20, ║∇J║=5.3e-05
Iteration 755/2000-----
currents: [100000.0, 99999.9999881503, 99999.999980862]
J=3.0e-04, ⟨Jf⟩=2.7e-04, ⟨B·n⟩=4.1e-03, Len=sum([5.2, 5.2, 4.9])=15.4, ϰ=[5.5, 6.7, 5.9], ∫ϰ²/L>=[5.0, 7.1, 8.1], C-C-Sep=0.20, ║∇J║=5.6e-05
Iteration 756/2000-----
currents: [100000.0, 99999.99998810151, 99999.99998078006]
J=3.0e-04, ⟨Jf⟩=2.7e-04, ⟨B·n⟩=4.1e-03, Len=sum([5.2, 5.2, 4.9])=15.4, ϰ=[5.5, 6.7, 5.9], ∫ϰ²/L>=[5.0, 7.1, 8.1], C-C-Sep=0.20, ║∇J║=9.2e-05
Iteration 757/2000-----
currents: [100000.0, 99999.99998808141, 99999.99998074642]
J=3.0e-04, ⟨Jf⟩=2.7e-04, ⟨B·n⟩=4.1e-03, Len=sum([5.2, 5.2, 4.9])=15.4, ϰ=[5.5, 6.7, 5.9], ∫ϰ²/L>=[5.0, 7.1, 8.1], C-C-Sep=0.20, ║∇J║=3.0e-05
Iteration 758/2000-----
currents: [100000.0, 99999.99998808418, 99999.99998075108]
J=3.0e-04, ⟨Jf⟩=2.7e-04, ⟨B·n⟩=4.1e-03, Len=sum([5.2, 5.2, 4.9])=15.4, ϰ=[5.5, 6.7, 5.9], ∫ϰ²/L>=[5.0, 7.1, 8.1], C-C-Sep=0.20, ║∇J║=2.6e-05
Iteration 759/2000-----
currents: [100000.0, 99999.99998801327, 99999.99998063216]
J=3.0e-04, ⟨Jf⟩=2.7e-04, ⟨B·n⟩=4.1e-03, Len=sum([5.2, 5.2, 4.9])=15.4, ϰ=[5.5, 6.7, 5.9], ∫ϰ²/L>=[5.0, 7.1, 8.1], C-C-Sep=0.20, ║∇J║=3.7e-05
Iteration 760/2000-----
currents: [100000.0, 99999.99998797433, 99999.9999805668]
J=3.0e-04, ⟨Jf⟩=2.7e-04, ⟨B·n⟩=4.1e-03, Len=sum([5.2, 5.2, 4.9])=15.4, ϰ=[5.5, 6.7, 5.9], ∫ϰ²/L>=[5.0, 7.1, 8.1], C-C-Sep=0.20, ║∇J║=5.0e-05
Iteration 761/2000-----
currents: [100000.0, 99999.99998772253, 99999.99998014435]
J=3.0e-04, ⟨Jf⟩=2.7e-04, ⟨B·n⟩=4.1e-03, Len=sum([5.2, 5.2, 4.9])=15.4, ϰ=[5.5, 6.7, 5.9], ∫ϰ²/L>=[5.0, 7.1, 8.1], C-C-Sep=0.20, ║∇J║=5.9e-05
Iteration 762/2000-----
currents: [100000.0, 99999.9999876577, 99999.9999800355]
J=3.0e-04, ⟨Jf⟩=2.7e-04, ⟨B·n⟩=4.1e-03, Len=sum([5.2, 5.2, 4.9])=15.4, ϰ=[5.5, 6.7, 5.9], ∫ϰ²/L>=[5.0, 7.1, 8.1], C-C-Sep=0.20, ║∇J║=4.4e-05
Iteration 763/2000-----
currents: [100000.0, 99999.99998767952, 99999.99998007195]
J=3.0e-04, ⟨Jf⟩=2.7e-04, ⟨B·n⟩=4.1e-03, Len=sum([5.2, 5.2, 4.9])=15.4, ϰ=[5.5, 6.7, 5.9], ∫ϰ²/L>=[5.0, 7.1, 8.1], C-C-Sep=0.20, ║∇J║=4.3e-05
Iteration 764/2000-----
currents: [100000.0, 99999.99998756337, 99999.99997987701]
J=3.0e-04, ⟨Jf⟩=2.7e-04, ⟨B·n⟩=4.1e-03, Len=sum([5.2, 5.2, 4.9])=15.4, ϰ=[5.5, 6.7, 5.9], ∫ϰ²/L>=[5.0, 7.1, 8.1], C-C-Sep=0.20, ║∇J║=7.2e-05
Iteration 765/2000-----
currents: [100000.0, 99999.9999875627, 99999.99997987588]
J=3.0e-04, ⟨Jf⟩=2.7e-04, ⟨B·n⟩=4.1e-03, Len=sum([5.2, 5.2, 4.9])=15.4, ϰ=[5.5, 6.7, 5.9], ∫ϰ²/L>=[5.0, 7.1, 8.1], C-C-Sep=0.20, ║∇J║=4.1e-05
Iteration 766/2000-----
currents: [100000.0, 99999.99998757325, 99999.9999798936]
J=3.0e-04, ⟨Jf⟩=2.7e-04, ⟨B·n⟩=4.1e-03, Len=sum([5.2, 5.2, 4.9])=15.4, ϰ=[5.5, 6.7, 5.9], ∫ϰ²/L>=[5.0, 7.1, 8.1], C-C-Sep=0.20, ║∇J║=2.8e-05
Iteration 767/2000-----
currents: [100000.0, 99999.99998751003, 99999.99997978765]
J=3.0e-04, ⟨Jf⟩=2.7e-04, ⟨B·n⟩=4.1e-03, Len=sum([5.2, 5.2, 4.9])=15.4, ϰ=[5.5, 6.7, 5.9], ∫ϰ²/L>=[5.0, 7.1, 8.1], C-C-Sep=0.20, ║∇J║=2.7e-05
Iteration 768/2000-----
currents: [100000.0, 99999.99998748497, 99999.9999797456]
J=3.0e-04, ⟨Jf⟩=2.7e-04, ⟨B·n⟩=4.1e-03, Len=sum([5.2, 5.2, 4.9])=15.4, ϰ=[5.5, 6.7, 5.9], ∫ϰ²/L>=[5.0, 7.1, 8.1], C-C-Sep=0.20, ║∇J║=3.5e-05
Iteration 769/2000-----
currents: [100000.0, 99999.99998745977, 99999.99997970331]
J=3.0e-04, ⟨Jf⟩=2.7e-04, ⟨B·n⟩=4.1e-03, Len=sum([5.2, 5.2, 4.9])=15.4, ϰ=[5.5, 6.7, 5.9], ∫ϰ²/L>=[5.0, 7.1, 8.1], C-C-Sep=0.20, ║∇J║=3.6e-05
Iteration 770/2000-----
currents: [100000.0, 99999.99998736035, 99999.99997953647]
J=3.0e-04, ⟨Jf⟩=2.7e-04, ⟨B·n⟩=4.1e-03, Len=sum([5.2, 5.2, 4.9])=15.4, ϰ=[5.5, 6.7, 5.9], ∫ϰ²/L>=[5.0, 7.1, 8.1], C-C-Sep=0.20, ║∇J║=5.5e-05
Iteration 771/2000-----
currents: [100000.0, 99999.99998730555, 99999.9999794444]
J=3.0e-04, ⟨Jf⟩=2.7e-04, ⟨B·n⟩=4.1e-03, Len=sum([5.2, 5.2, 4.9])=15.4, ϰ=[5.5, 6.7, 5.9], ∫ϰ²/L>=[5.0, 7.1, 8.1], C-C-Sep=0.20, ║∇J║=5.2e-05
Iteration 772/2000-----
currents: [100000.0, 99999.99998731166, 99999.99997945459]
J=3.0e-04, ⟨Jf⟩=2.7e-04, ⟨B·n⟩=4.1e-03, Len=sum([5.2, 5.2, 4.9])=15.4, ϰ=[5.5, 6.7, 5.9], ∫ϰ²/L>=[5.0, 7.1, 8.1], C-C-Sep=0.20, ║∇J║=3.9e-05
Iteration 773/2000-----
currents: [100000.0, 99999.99998726886, 99999.99997938264]
J=3.0e-04, ⟨Jf⟩=2.7e-04, ⟨B·n⟩=4.1e-03, Len=sum([5.2, 5.2, 4.9])=15.4, ϰ=[5.5, 6.7, 5.9], ∫ϰ²/L>=[5.0, 7.1, 8.1], C-C-Sep=0.20, ║∇J║=4.1e-05
Iteration 774/2000-----
currents: [100000.0, 99999.99998722716, 99999.9999793126]
J=3.0e-04, ⟨Jf⟩=2.7e-04, ⟨B·n⟩=4.1e-03, Len=sum([5.2, 5.2, 4.9])=15.4, ϰ=[5.5, 6.7, 5.9], ∫ϰ²/L>=[5.0, 7.1, 8.1], C-C-Sep=0.20, ║∇J║=6.1e-05
Iteration 775/2000-----
currents: [100000.0, 99999.99998721847, 99999.99997929802]
J=3.0e-04, ⟨Jf⟩=2.7e-04, ⟨B·n⟩=4.1e-03, Len=sum([5.2, 5.2, 4.9])=15.4, ϰ=[5.5, 6.7, 5.9], ∫ϰ²/L>=[5.0, 7.1, 8.1], C-C-Sep=0.20, ║∇J║=3.1e-05
Iteration 776/2000-----
currents: [100000.0, 99999.9999871695, 99999.99997921588]
J=3.0e-04, ⟨Jf⟩=2.7e-04, ⟨B·n⟩=4.1e-03, Len=sum([5.2, 5.2, 4.9])=15.4, ϰ=[5.5, 6.7, 5.9], ∫ϰ²/L>=[5.0, 7.1, 8.1], C-C-Sep=0.20, ║∇J║=2.0e-05
Iteration 777/2000-----
currents: [100000.0, 99999.99998715277, 99999.99997918779]
J=3.0e-04, ⟨Jf⟩=2.7e-04, ⟨B·n⟩=4.1e-03, Len=sum([5.2, 5.2, 4.9])=15.4, ϰ=[5.5, 6.7, 5.9], ∫ϰ²/L>=[5.0, 7.1, 8.1], C-C-Sep=0.20, ║∇J║=2.3e-05
Iteration 778/2000-----
currents: [100000.0, 99999.99998709261, 99999.99997908685]
J=3.0e-04, ⟨Jf⟩=2.7e-04, ⟨B·n⟩=4.1e-03, Len=sum([5.2, 5.2, 4.9])=15.4, ϰ=[5.5, 6.7, 5.9], ∫ϰ²/L>=[5.0, 7.1, 8.1], C-C-Sep=0.20, ║∇J║=3.2e-05
Iteration 779/2000-----
currents: [100000.0, 99999.99998701853, 99999.99997896247]
J=3.0e-04, ⟨Jf⟩=2.7e-04, ⟨B·n⟩=4.1e-03, Len=sum([5.2, 5.2, 4.9])=15.4, ϰ=[5.5, 6.7, 5.9], ∫ϰ²/L>=[5.0, 7.1, 8.1], C-C-Sep=0.20, ║∇J║=5.0e-05
Iteration 780/2000-----
currents: [100000.0, 99999.99998688643, 99999.99997874082]
J=3.0e-04, ⟨Jf⟩=2.7e-04, ⟨B·n⟩=4.1e-03, Len=sum([5.2, 5.2, 4.9])=15.4, ϰ=[5.5, 6.7, 5.9], ∫ϰ²/L>=[5.0, 7.1, 8.1], C-C-Sep=0.20, ║∇J║=5.0e-05
Iteration 781/2000-----
currents: [100000.0, 99999.99998683066, 99999.99997864722]
J=3.0e-04, ⟨Jf⟩=2.7e-04, ⟨B·n⟩=4.1e-03, Len=sum([5.2, 5.2, 4.9])=15.4, ϰ=[5.5, 6.7, 5.9], ∫ϰ²/L>=[5.0, 7.1, 8.1], C-C-Sep=0.20, ║∇J║=2.8e-05
Iteration 782/2000-----
currents: [100000.0, 99999.99998679811, 99999.99997859258]
J=3.0e-04, ⟨Jf⟩=2.7e-04, ⟨B·n⟩=4.1e-03, Len=sum([5.2, 5.2, 4.9])=15.4, ϰ=[5.5, 6.7, 5.9], ∫ϰ²/L>=[5.0, 7.1, 8.1], C-C-Sep=0.20, ║∇J║=2.9e-05
Iteration 783/2000-----
currents: [100000.0, 99999.99998674431, 99999.99997850234]
J=3.0e-04, ⟨Jf⟩=2.7e-04, ⟨B·n⟩=4.1e-03, Len=sum([5.2, 5.2, 4.9])=15.4, ϰ=[5.5, 6.7, 5.9], ∫ϰ²/L>=[5.0, 7.1, 8.1], C-C-Sep=0.20, ║∇J║=3.8e-05
Iteration 784/2000-----
currents: [100000.0, 99999.99998670502, 99999.99997843645]
J=3.0e-04, ⟨Jf⟩=2.7e-04, ⟨B·n⟩=4.1e-03, Len=sum([5.2, 5.2, 4.9])=15.4, ϰ=[5.5, 6.7, 5.9], ∫ϰ²/L>=[5.0, 7.1, 8.1], C-C-Sep=0.20, ║∇J║=2.8e-05
Iteration 785/2000-----
currents: [100000.0, 99999.999986595, 99999.99997825193]
J=3.0e-04, ⟨Jf⟩=2.7e-04, ⟨B·n⟩=4.1e-03, Len=sum([5.2, 5.2, 4.9])=15.4, ϰ=[5.5, 6.7, 5.9], ∫ϰ²/L>=[5.0, 7.1, 8.1], C-C-Sep=0.20, ║∇J║=2.4e-05
Iteration 786/2000-----
currents: [100000.0, 99999.99998656358, 99999.99997819922]
J=3.0e-04, ⟨Jf⟩=2.7e-04, ⟨B·n⟩=4.1e-03, Len=sum([5.2, 5.2, 4.9])=15.4, ϰ=[5.5, 6.7, 5.9], ∫ϰ²/L>=[5.0, 7.1, 8.1], C-C-Sep=0.20, ║∇J║=3.2e-05
Iteration 787/2000-----
currents: [100000.0, 99999.99998653561, 99999.99997815232]
J=3.0e-04, ⟨Jf⟩=2.7e-04, ⟨B·n⟩=4.1e-03, Len=sum([5.2, 5.2, 4.9])=15.4, ϰ=[5.5, 6.7, 5.9], ∫ϰ²/L>=[5.0, 7.1, 8.1], C-C-Sep=0.20, ║∇J║=3.3e-05
Iteration 788/2000-----
currents: [100000.0, 99999.99998645668, 99999.99997801991]
J=3.0e-04, ⟨Jf⟩=2.7e-04, ⟨B·n⟩=4.1e-03, Len=sum([5.2, 5.2, 4.9])=15.4, ϰ=[5.5, 6.7, 5.9], ∫ϰ²/L>=[5.0, 7.1, 8.1], C-C-Sep=0.20, ║∇J║=5.2e-05
Iteration 789/2000-----
currents: [100000.0, 99999.99998643006, 99999.99997797531]
J=3.0e-04, ⟨Jf⟩=2.7e-04, ⟨B·n⟩=4.1e-03, Len=sum([5.2, 5.2, 4.9])=15.4, ϰ=[5.5, 6.7, 5.9], ∫ϰ²/L>=[5.0, 7.1, 8.1], C-C-Sep=0.20, ║∇J║=4.7e-05
Iteration 790/2000-----
currents: [100000.0, 99999.99998642043, 99999.99997795907]
J=3.0e-04, ⟨Jf⟩=2.7e-04, ⟨B·n⟩=4.1e-03, Len=sum([5.2, 5.2, 4.9])=15.4, ϰ=[5.5, 6.7, 5.9], ∫ϰ²/L>=[5.0, 7.1, 8.1], C-C-Sep=0.20, ║∇J║=2.8e-05
Iteration 791/2000-----
currents: [100000.0, 99999.99998639879, 99999.99997792271]
J=3.0e-04, ⟨Jf⟩=2.7e-04, ⟨B·n⟩=4.1e-03, Len=sum([5.2, 5.2, 4.9])=15.4, ϰ=[5.5, 6.7, 5.9], ∫ϰ²/L>=[5.0, 7.1, 8.1], C-C-Sep=0.20, ║∇J║=2.2e-05
Iteration 792/2000-----
currents: [100000.0, 99999.99998638385, 99999.99997789759]
J=3.0e-04, ⟨Jf⟩=2.7e-04, ⟨B·n⟩=4.1e-03, Len=sum([5.2, 5.2, 4.9])=15.4, ϰ=[5.5, 6.7, 5.9], ∫ϰ²/L>=[5.0, 7.1, 8.1], C-C-Sep=0.20, ║∇J║=2.5e-05
Iteration 793/2000-----
currents: [100000.0, 99999.99998637331, 99999.99997787991]
J=3.0e-04, ⟨Jf⟩=2.7e-04, ⟨B·n⟩=4.1e-03, Len=sum([5.2, 5.2, 4.9])=15.4, ϰ=[5.5, 6.7, 5.9], ∫ϰ²/L>=[5.0, 7.1, 8.1], C-C-Sep=0.20, ║∇J║=1.9e-05
Iteration 794/2000-----
currents: [100000.0, 99999.99998637226, 99999.99997787815]
J=3.0e-04, ⟨Jf⟩=2.7e-04, ⟨B·n⟩=4.1e-03, Len=sum([5.2, 5.2, 4.9])=15.4, ϰ=[5.5, 6.7, 5.9], ∫ϰ²/L>=[5.0, 7.1, 8.1], C-C-Sep=0.20, ║∇J║=2.1e-05
Iteration 795/2000-----
currents: [100000.0, 99999.99998635451, 99999.99997784836]
J=3.0e-04, ⟨Jf⟩=2.7e-04, ⟨B·n⟩=4.1e-03, Len=sum([5.2, 5.2, 4.9])=15.4, ϰ=[5.5, 6.7, 5.9], ∫ϰ²/L>=[5.0, 7.1, 8.1], C-C-Sep=0.20, ║∇J║=3.1e-05
Iteration 796/2000-----
currents: [100000.0, 99999.99998633699, 99999.99997781895]
J=3.0e-04, ⟨Jf⟩=2.7e-04, ⟨B·n⟩=4.1e-03, Len=sum([5.2, 5.2, 4.9])=15.4, ϰ=[5.5, 6.7, 5.9], ∫ϰ²/L>=[5.0, 7.1, 8.1], C-C-Sep=0.20, ║∇J║=3.2e-05
Iteration 797/2000-----
currents: [100000.0, 99999.99998626784, 99999.99997770289]
J=3.0e-04, ⟨Jf⟩=2.7e-04, ⟨B·n⟩=4.1e-03, Len=sum([5.2, 5.2, 4.9])=15.4, ϰ=[5.5, 6.7, 5.9], ∫ϰ²/L>=[5.0, 7.1, 8.1], C-C-Sep=0.20, ║∇J║=4.8e-05
Iteration 798/2000-----
currents: [100000.0, 99999.99998621164, 99999.99997760862]
J=3.0e-04, ⟨Jf⟩=2.7e-04, ⟨B·n⟩=4.1e-03, Len=sum([5.2, 5.2, 4.9])=15.4, ϰ=[5.5, 6.7, 5.9], ∫ϰ²/L>=[5.0, 7.1, 8.1], C-C-Sep=0.20, ║∇J║=2.4e-05
Iteration 799/2000-----
currents: [100000.0, 99999.9999861842, 99999.99997756258]
J=3.0e-04, ⟨Jf⟩=2.7e-04, ⟨B·n⟩=4.1e-03, Len=sum([5.2, 5.2, 4.9])=15.4, ϰ=[5.5, 6.7, 5.9], ∫ϰ²/L>=[5.0, 7.1, 8.1], C-C-Sep=0.20, ║∇J║=1.8e-05
Iteration 800/2000-----
currents: [100000.0, 99999.9999861412, 99999.99997749046]
J=3.0e-04, ⟨Jf⟩=2.7e-04, ⟨B·n⟩=4.1e-03, Len=sum([5.2, 5.2, 4.9])=15.4, ϰ=[5.5, 6.7, 5.9], ∫ϰ²/L>=[5.0, 7.1, 8.1], C-C-Sep=0.20, ║∇J║=2.0e-05
Iteration 801/2000-----
currents: [100000.0, 99999.99998609818, 99999.99997741822]
J=3.0e-04, ⟨Jf⟩=2.7e-04, ⟨B·n⟩=4.1e-03, Len=sum([5.2, 5.2, 4.9])=15.4, ϰ=[5.5, 6.7, 5.9], ∫ϰ²/L>=[5.0, 7.1, 8.1], C-C-Sep=0.20, ║∇J║=3.7e-05
Iteration 802/2000-----
currents: [100000.0, 99999.99998606837, 99999.99997736819]
J=3.0e-04, ⟨Jf⟩=2.7e-04, ⟨B·n⟩=4.1e-03, Len=sum([5.2, 5.2, 4.9])=15.4, ϰ=[5.5, 6.7, 5.9], ∫ϰ²/L>=[5.0, 7.1, 8.1], C-C-Sep=0.20, ║∇J║=2.4e-05
Iteration 803/2000-----
currents: [100000.0, 99999.99998606046, 99999.99997735488]
J=3.0e-04, ⟨Jf⟩=2.7e-04, ⟨B·n⟩=4.1e-03, Len=sum([5.2, 5.2, 4.9])=15.4, ϰ=[5.5, 6.7, 5.9], ∫ϰ²/L>=[5.0, 7.1, 8.1], C-C-Sep=0.20, ║∇J║=1.6e-05
Iteration 804/2000-----
currents: [100000.0, 99999.99998607319, 99999.99997737621]
J=3.0e-04, ⟨Jf⟩=2.7e-04, ⟨B·n⟩=4.1e-03, Len=sum([5.2, 5.2, 4.9])=15.4, ϰ=[5.5, 6.7, 5.9], ∫ϰ²/L>=[5.0, 7.1, 8.1], C-C-Sep=0.20, ║∇J║=2.2e-05
Iteration 805/2000-----
currents: [100000.0, 99999.99998608245, 99999.99997739172]
J=3.0e-04, ⟨Jf⟩=2.7e-04, ⟨B·n⟩=4.1e-03, Len=sum([5.2, 5.2, 4.9])=15.4, ϰ=[5.5, 6.7, 5.9], ∫ϰ²/L>=[5.0, 7.1, 8.1], C-C-Sep=0.20, ║∇J║=1.9e-05
Iteration 806/2000-----
currents: [100000.0, 99999.99998606966, 99999.99997737026]
J=3.0e-04, ⟨Jf⟩=2.7e-04, ⟨B·n⟩=4.1e-03, Len=sum([5.2, 5.2, 4.9])=15.4, ϰ=[5.5, 6.7, 5.9], ∫ϰ²/L>=[5.0, 7.1, 8.1], C-C-Sep=0.20, ║∇J║=1.8e-05
Iteration 807/2000-----
currents: [100000.0, 99999.99998601891, 99999.99997728514]
J=3.0e-04, ⟨Jf⟩=2.7e-04, ⟨B·n⟩=4.1e-03, Len=sum([5.2, 5.2, 4.9])=15.4, ϰ=[5.5, 6.7, 5.9], ∫ϰ²/L>=[5.0, 7.1, 8.1], C-C-Sep=0.20, ║∇J║=2.9e-05
Iteration 808/2000-----
currents: [100000.0, 99999.99998596282, 99999.99997719102]
J=3.0e-04, ⟨Jf⟩=2.7e-04, ⟨B·n⟩=4.1e-03, Len=sum([5.2, 5.2, 4.9])=15.4, ϰ=[5.5, 6.7, 5.9], ∫ϰ²/L>=[5.0, 7.1, 8.1], C-C-Sep=0.20, ║∇J║=3.8e-05
Iteration 809/2000-----
currents: [100000.0, 99999.9999859267, 99999.99997713044]
J=3.0e-04, ⟨Jf⟩=2.7e-04, ⟨B·n⟩=4.1e-03, Len=sum([5.2, 5.2, 4.9])=15.4, ϰ=[5.5, 6.7, 5.9], ∫ϰ²/L>=[5.0, 7.1, 8.1], C-C-Sep=0.20, ║∇J║=2.4e-05
Iteration 810/2000-----
currents: [100000.0, 99999.99998587981, 99999.99997705179]
J=3.0e-04, ⟨Jf⟩=2.7e-04, ⟨B·n⟩=4.1e-03, Len=sum([5.2, 5.2, 4.9])=15.4, ϰ=[5.5, 6.7, 5.9], ∫ϰ²/L>=[5.0, 7.1, 8.1], C-C-Sep=0.20, ║∇J║=1.6e-05
Iteration 811/2000-----
currents: [100000.0, 99999.99998587224, 99999.9999770391]
J=3.0e-04, ⟨Jf⟩=2.7e-04, ⟨B·n⟩=4.1e-03, Len=sum([5.2, 5.2, 4.9])=15.4, ϰ=[5.5, 6.7, 5.9], ∫ϰ²/L>=[5.0, 7.1, 8.1], C-C-Sep=0.20, ║∇J║=1.8e-05
Iteration 812/2000-----
currents: [100000.0, 99999.99998587568, 99999.99997704488]
J=3.0e-04, ⟨Jf⟩=2.7e-04, ⟨B·n⟩=4.1e-03, Len=sum([5.2, 5.2, 4.9])=15.4, ϰ=[5.5, 6.7, 5.9], ∫ϰ²/L>=[5.0, 7.1, 8.1], C-C-Sep=0.20, ║∇J║=1.7e-05
Iteration 813/2000-----
currents: [100000.0, 99999.99998587, 99999.99997703536]
J=3.0e-04, ⟨Jf⟩=2.7e-04, ⟨B·n⟩=4.1e-03, Len=sum([5.2, 5.2, 4.9])=15.4, ϰ=[5.5, 6.7, 5.9], ∫ϰ²/L>=[5.0, 7.1, 8.1], C-C-Sep=0.20, ║∇J║=2.2e-05
Iteration 814/2000-----
currents: [100000.0, 99999.99998586233, 99999.99997702251]
J=3.0e-04, ⟨Jf⟩=2.7e-04, ⟨B·n⟩=4.1e-03, Len=sum([5.2, 5.2, 4.9])=15.4, ϰ=[5.5, 6.7, 5.9], ∫ϰ²/L>=[5.0, 7.1, 8.1], C-C-Sep=0.20, ║∇J║=1.8e-05
Iteration 815/2000-----
currents: [100000.0, 99999.9999858188, 99999.99997694948]
J=3.0e-04, ⟨Jf⟩=2.7e-04, ⟨B·n⟩=4.1e-03, Len=sum([5.2, 5.2, 4.9])=15.4, ϰ=[5.5, 6.7, 5.9], ∫ϰ²/L>=[5.0, 7.1, 8.1], C-C-Sep=0.20, ║∇J║=2.1e-05
Iteration 816/2000-----
currents: [100000.0, 99999.99998579313, 99999.99997690642]
J=3.0e-04, ⟨Jf⟩=2.7e-04, ⟨B·n⟩=4.1e-03, Len=sum([5.2, 5.2, 4.9])=15.4, ϰ=[5.5, 6.7, 5.9], ∫ϰ²/L>=[5.0, 7.1, 8.1], C-C-Sep=0.20, ║∇J║=1.6e-05
Iteration 817/2000-----
currents: [100000.0, 99999.99998576715, 99999.99997686282]
J=3.0e-04, ⟨Jf⟩=2.7e-04, ⟨B·n⟩=4.1e-03, Len=sum([5.2, 5.2, 4.9])=15.4, ϰ=[5.5, 6.7, 5.9], ∫ϰ²/L>=[5.0, 7.1, 8.1], C-C-Sep=0.20, ║∇J║=1.5e-05
Iteration 818/2000-----
currents: [100000.0, 99999.99998574588, 99999.99997682708]
J=3.0e-04, ⟨Jf⟩=2.7e-04, ⟨B·n⟩=4.1e-03, Len=sum([5.2, 5.2, 4.9])=15.4, ϰ=[5.5, 6.7, 5.9], ∫ϰ²/L>=[5.0, 7.1, 8.1], C-C-Sep=0.20, ║∇J║=1.9e-05
Iteration 819/2000-----
currents: [100000.0, 99999.9999857275, 99999.99997679623]
J=3.0e-04, ⟨Jf⟩=2.7e-04, ⟨B·n⟩=4.1e-03, Len=sum([5.2, 5.2, 4.9])=15.4, ϰ=[5.5, 6.7, 5.9], ∫ϰ²/L>=[5.0, 7.1, 8.1], C-C-Sep=0.20, ║∇J║=2.4e-05
Iteration 820/2000-----
currents: [100000.0, 99999.9999857395, 99999.99997681637]
J=3.0e-04, ⟨Jf⟩=2.7e-04, ⟨B·n⟩=4.1e-03, Len=sum([5.2, 5.2, 4.9])=15.4, ϰ=[5.5, 6.7, 5.9], ∫ϰ²/L>=[5.0, 7.1, 8.1], C-C-Sep=0.20, ║∇J║=1.3e-05
Iteration 821/2000-----
currents: [100000.0, 99999.99998575088, 99999.99997683546]
J=3.0e-04, ⟨Jf⟩=2.7e-04, ⟨B·n⟩=4.1e-03, Len=sum([5.2, 5.2, 4.9])=15.4, ϰ=[5.5, 6.7, 5.9], ∫ϰ²/L>=[5.0, 7.1, 8.1], C-C-Sep=0.20, ║∇J║=1.2e-05
Iteration 822/2000-----
currents: [100000.0, 99999.99998574666, 99999.99997682839]
J=3.0e-04, ⟨Jf⟩=2.7e-04, ⟨B·n⟩=4.1e-03, Len=sum([5.2, 5.2, 4.9])=15.4, ϰ=[5.5, 6.7, 5.9], ∫ϰ²/L>=[5.0, 7.1, 8.1], C-C-Sep=0.20, ║∇J║=1.3e-05
Iteration 823/2000-----
currents: [100000.0, 99999.9999857143, 99999.9999767741]
J=3.0e-04, ⟨Jf⟩=2.7e-04, ⟨B·n⟩=4.1e-03, Len=sum([5.2, 5.2, 4.9])=15.4, ϰ=[5.5, 6.7, 5.9], ∫ϰ²/L>=[5.0, 7.1, 8.1], C-C-Sep=0.20, ║∇J║=3.1e-05
Iteration 824/2000-----
currents: [100000.0, 99999.99998568908, 99999.9999767318]
J=3.0e-04, ⟨Jf⟩=2.7e-04, ⟨B·n⟩=4.1e-03, Len=sum([5.2, 5.2, 4.9])=15.4, ϰ=[5.5, 6.7, 5.9], ∫ϰ²/L>=[5.0, 7.1, 8.1], C-C-Sep=0.20, ║∇J║=1.4e-05
Iteration 825/2000-----
currents: [100000.0, 99999.99998566546, 99999.99997669217]
J=3.0e-04, ⟨Jf⟩=2.7e-04, ⟨B·n⟩=4.1e-03, Len=sum([5.2, 5.2, 4.9])=15.4, ϰ=[5.5, 6.7, 5.9], ∫ϰ²/L>=[5.0, 7.1, 8.1], C-C-Sep=0.20, ║∇J║=1.5e-05
Iteration 826/2000-----
currents: [100000.0, 99999.9999856307, 99999.99997663383]
J=3.0e-04, ⟨Jf⟩=2.7e-04, ⟨B·n⟩=4.1e-03, Len=sum([5.2, 5.2, 4.9])=15.4, ϰ=[5.5, 6.7, 5.9], ∫ϰ²/L>=[5.0, 7.1, 8.1], C-C-Sep=0.20, ║∇J║=1.8e-05
Iteration 827/2000-----
currents: [100000.0, 99999.99998560439, 99999.9999765897]
J=3.0e-04, ⟨Jf⟩=2.7e-04, ⟨B·n⟩=4.1e-03, Len=sum([5.2, 5.2, 4.9])=15.4, ϰ=[5.5, 6.7, 5.9], ∫ϰ²/L>=[5.0, 7.1, 8.1], C-C-Sep=0.20, ║∇J║=2.2e-05
Iteration 828/2000-----
currents: [100000.0, 99999.99998558879, 99999.9999765635]
J=3.0e-04, ⟨Jf⟩=2.7e-04, ⟨B·n⟩=4.1e-03, Len=sum([5.2, 5.2, 4.9])=15.4, ϰ=[5.5, 6.7, 5.9], ∫ϰ²/L>=[5.0, 7.1, 8.1], C-C-Sep=0.20, ║∇J║=2.4e-05
Iteration 829/2000-----
currents: [100000.0, 99999.99998560973, 99999.99997659864]
J=3.0e-04, ⟨Jf⟩=2.7e-04, ⟨B·n⟩=4.1e-03, Len=sum([5.2, 5.2, 4.9])=15.4, ϰ=[5.5, 6.7, 5.9], ∫ϰ²/L>=[5.0, 7.1, 8.1], C-C-Sep=0.20, ║∇J║=1.3e-05
Iteration 830/2000-----
currents: [100000.0, 99999.99998562751, 99999.99997662849]
J=3.0e-04, ⟨Jf⟩=2.7e-04, ⟨B·n⟩=4.1e-03, Len=sum([5.2, 5.2, 4.9])=15.4, ϰ=[5.5, 6.7, 5.9], ∫ϰ²/L>=[5.0, 7.1, 8.1], C-C-Sep=0.20, ║∇J║=1.4e-05
Iteration 831/2000-----
currents: [100000.0, 99999.99998562847, 99999.9999766301]
J=3.0e-04, ⟨Jf⟩=2.7e-04, ⟨B·n⟩=4.1e-03, Len=sum([5.2, 5.2, 4.9])=15.4, ϰ=[5.5, 6.7, 5.9], ∫ϰ²/L>=[5.0, 7.1, 8.1], C-C-Sep=0.20, ║∇J║=1.4e-05
Iteration 832/2000-----
currents: [100000.0, 99999.99998559972, 99999.99997658186]
J=3.0e-04, ⟨Jf⟩=2.7e-04, ⟨B·n⟩=4.1e-03, Len=sum([5.2, 5.2, 4.9])=15.4, ϰ=[5.5, 6.7, 5.9], ∫ϰ²/L>=[5.0, 7.1, 8.1], C-C-Sep=0.20, ║∇J║=3.5e-05
Iteration 833/2000-----
currents: [100000.0, 99999.99998558585, 99999.99997655858]
J=3.0e-04, ⟨Jf⟩=2.7e-04, ⟨B·n⟩=4.1e-03, Len=sum([5.2, 5.2, 4.9])=15.4, ϰ=[5.5, 6.7, 5.9], ∫ϰ²/L>=[5.0, 7.1, 8.1], C-C-Sep=0.20, ║∇J║=1.3e-05
Iteration 834/2000-----
currents: [100000.0, 99999.99998557189, 99999.99997653517]
J=3.0e-04, ⟨Jf⟩=2.7e-04, ⟨B·n⟩=4.1e-03, Len=sum([5.2, 5.2, 4.9])=15.4, ϰ=[5.5, 6.7, 5.9], ∫ϰ²/L>=[5.0, 7.1, 8.1], C-C-Sep=0.20, ║∇J║=9.3e-06
Iteration 835/2000-----
currents: [100000.0, 99999.99998554596, 99999.99997649166]
J=3.0e-04, ⟨Jf⟩=2.7e-04, ⟨B·n⟩=4.1e-03, Len=sum([5.2, 5.2, 4.9])=15.4, ϰ=[5.5, 6.7, 5.9], ∫ϰ²/L>=[5.0, 7.1, 8.1], C-C-Sep=0.20, ║∇J║=1.1e-05
Iteration 836/2000-----
currents: [100000.0, 99999.99998553764, 99999.99997647769]
J=3.0e-04, ⟨Jf⟩=2.7e-04, ⟨B·n⟩=4.1e-03, Len=sum([5.2, 5.2, 4.9])=15.4, ϰ=[5.5, 6.7, 5.9], ∫ϰ²/L>=[5.0, 7.1, 8.1], C-C-Sep=0.20, ║∇J║=1.6e-05
Iteration 837/2000-----
currents: [100000.0, 99999.99998552293, 99999.999976453]
J=3.0e-04, ⟨Jf⟩=2.7e-04, ⟨B·n⟩=4.1e-03, Len=sum([5.2, 5.2, 4.9])=15.4, ϰ=[5.5, 6.7, 5.9], ∫ϰ²/L>=[5.0, 7.1, 8.1], C-C-Sep=0.20, ║∇J║=1.3e-05
Iteration 838/2000-----
currents: [100000.0, 99999.9999855253, 99999.99997645694]
J=3.0e-04, ⟨Jf⟩=2.7e-04, ⟨B·n⟩=4.1e-03, Len=sum([5.2, 5.2, 4.9])=15.4, ϰ=[5.5, 6.7, 5.9], ∫ϰ²/L>=[5.0, 7.1, 8.1], C-C-Sep=0.20, ║∇J║=2.0e-05
Iteration 839/2000-----
currents: [100000.0, 99999.99998553263, 99999.9999764692]
J=3.0e-04, ⟨Jf⟩=2.7e-04, ⟨B·n⟩=4.1e-03, Len=sum([5.2, 5.2, 4.9])=15.4, ϰ=[5.5, 6.7, 5.9], ∫ϰ²/L>=[5.0, 7.1, 8.1], C-C-Sep=0.20, ║∇J║=3.1e-05
Iteration 840/2000-----
currents: [100000.0, 99999.99998552646, 99999.99997645884]
J=3.0e-04, ⟨Jf⟩=2.7e-04, ⟨B·n⟩=4.1e-03, Len=sum([5.2, 5.2, 4.9])=15.4, ϰ=[5.5, 6.7, 5.9], ∫ϰ²/L>=[5.0, 7.1, 8.1], C-C-Sep=0.20, ║∇J║=1.0e-05
Iteration 841/2000-----
currents: [100000.0, 99999.99998551993, 99999.99997644787]
J=3.0e-04, ⟨Jf⟩=2.7e-04, ⟨B·n⟩=4.1e-03, Len=sum([5.2, 5.2, 4.9])=15.4, ϰ=[5.5, 6.7, 5.9], ∫ϰ²/L>=[5.0, 7.1, 8.1], C-C-Sep=0.20, ║∇J║=9.3e-06
Iteration 842/2000-----
currents: [100000.0, 99999.99998550679, 99999.99997642581]
J=3.0e-04, ⟨Jf⟩=2.7e-04, ⟨B·n⟩=4.1e-03, Len=sum([5.2, 5.2, 4.9])=15.4, ϰ=[5.5, 6.7, 5.9], ∫ϰ²/L>=[5.0, 7.1, 8.1], C-C-Sep=0.20, ║∇J║=9.3e-06
Iteration 843/2000-----
currents: [100000.0, 99999.99998549046, 99999.99997639841]
J=3.0e-04, ⟨Jf⟩=2.7e-04, ⟨B·n⟩=4.1e-03, Len=sum([5.2, 5.2, 4.9])=15.4, ϰ=[5.5, 6.7, 5.9], ∫ϰ²/L>=[5.0, 7.1, 8.1], C-C-Sep=0.20, ║∇J║=9.7e-06
Iteration 844/2000-----
currents: [100000.0, 99999.99998547138, 99999.99997636641]
J=3.0e-04, ⟨Jf⟩=2.7e-04, ⟨B·n⟩=4.1e-03, Len=sum([5.2, 5.2, 4.9])=15.4, ϰ=[5.5, 6.7, 5.9], ∫ϰ²/L>=[5.0, 7.1, 8.1], C-C-Sep=0.20, ║∇J║=2.9e-05
Iteration 845/2000-----
currents: [100000.0, 99999.9999854738, 99999.99997637044]
J=3.0e-04, ⟨Jf⟩=2.7e-04, ⟨B·n⟩=4.1e-03, Len=sum([5.2, 5.2, 4.9])=15.4, ϰ=[5.5, 6.7, 5.9], ∫ϰ²/L>=[5.0, 7.1, 8.1], C-C-Sep=0.20, ║∇J║=9.6e-06
Iteration 846/2000-----
currents: [100000.0, 99999.99998547985, 99999.9999763806]
J=3.0e-04, ⟨Jf⟩=2.7e-04, ⟨B·n⟩=4.1e-03, Len=sum([5.2, 5.2, 4.9])=15.4, ϰ=[5.5, 6.7, 5.9], ∫ϰ²/L>=[5.0, 7.1, 8.1], C-C-Sep=0.20, ║∇J║=9.7e-06
Iteration 847/2000-----
currents: [100000.0, 99999.99998548662, 99999.99997639195]
J=3.0e-04, ⟨Jf⟩=2.7e-04, ⟨B·n⟩=4.1e-03, Len=sum([5.2, 5.2, 4.9])=15.4, ϰ=[5.5, 6.7, 5.9], ∫ϰ²/L>=[5.0, 7.1, 8.1], C-C-Sep=0.20, ║∇J║=1.3e-05
Iteration 848/2000-----
currents: [100000.0, 99999.99998548145, 99999.99997638327]
J=3.0e-04, ⟨Jf⟩=2.7e-04, ⟨B·n⟩=4.1e-03, Len=sum([5.2, 5.2, 4.9])=15.4, ϰ=[5.5, 6.7, 5.9], ∫ϰ²/L>=[5.0, 7.1, 8.1], C-C-Sep=0.20, ║∇J║=1.6e-05
Iteration 849/2000-----
currents: [100000.0, 99999.99998545762, 99999.9999763433]
J=3.0e-04, ⟨Jf⟩=2.7e-04, ⟨B·n⟩=4.1e-03, Len=sum([5.2, 5.2, 4.9])=15.4, ϰ=[5.5, 6.7, 5.9], ∫ϰ²/L>=[5.0, 7.1, 8.1], C-C-Sep=0.20, ║∇J║=2.7e-05
Iteration 850/2000-----
currents: [100000.0, 99999.99998545051, 99999.9999763314]
J=3.0e-04, ⟨Jf⟩=2.7e-04, ⟨B·n⟩=4.1e-03, Len=sum([5.2, 5.2, 4.9])=15.4, ϰ=[5.5, 6.7, 5.9], ∫ϰ²/L>=[5.0, 7.1, 8.1], C-C-Sep=0.20, ║∇J║=9.5e-06
Iteration 851/2000-----
currents: [100000.0, 99999.9999854389, 99999.99997631194]
J=3.0e-04, ⟨Jf⟩=2.7e-04, ⟨B·n⟩=4.1e-03, Len=sum([5.2, 5.2, 4.9])=15.4, ϰ=[5.5, 6.7, 5.9], ∫ϰ²/L>=[5.0, 7.1, 8.1], C-C-Sep=0.20, ║∇J║=9.4e-06
Iteration 852/2000-----
currents: [100000.0, 99999.99998542434, 99999.99997628755]
J=3.0e-04, ⟨Jf⟩=2.7e-04, ⟨B·n⟩=4.1e-03, Len=sum([5.2, 5.2, 4.9])=15.4, ϰ=[5.5, 6.7, 5.9], ∫ϰ²/L>=[5.0, 7.1, 8.1], C-C-Sep=0.20, ║∇J║=1.1e-05
Iteration 853/2000-----
currents: [100000.0, 99999.99998540491, 99999.99997625504]
J=3.0e-04, ⟨Jf⟩=2.7e-04, ⟨B·n⟩=4.1e-03, Len=sum([5.2, 5.2, 4.9])=15.4, ϰ=[5.5, 6.7, 5.9], ∫ϰ²/L>=[5.0, 7.1, 8.1], C-C-Sep=0.20, ║∇J║=1.0e-05
Iteration 854/2000-----
currents: [100000.0, 99999.99998538921, 99999.99997622879]
J=3.0e-04, ⟨Jf⟩=2.7e-04, ⟨B·n⟩=4.1e-03, Len=sum([5.2, 5.2, 4.9])=15.4, ϰ=[5.5, 6.7, 5.9], ∫ϰ²/L>=[5.0, 7.1, 8.1], C-C-Sep=0.20, ║∇J║=2.0e-05
Iteration 855/2000-----
currents: [100000.0, 99999.99998537565, 99999.99997620609]
J=3.0e-04, ⟨Jf⟩=2.7e-04, ⟨B·n⟩=4.1e-03, Len=sum([5.2, 5.2, 4.9])=15.4, ϰ=[5.5, 6.7, 5.9], ∫ϰ²/L>=[5.0, 7.1, 8.1], C-C-Sep=0.20, ║∇J║=1.1e-05
Iteration 856/2000-----
currents: [100000.0, 99999.99998537754, 99999.99997620926]
J=3.0e-04, ⟨Jf⟩=2.7e-04, ⟨B·n⟩=4.1e-03, Len=sum([5.2, 5.2, 4.9])=15.4, ϰ=[5.5, 6.7, 5.9], ∫ϰ²/L>=[5.0, 7.1, 8.1], C-C-Sep=0.20, ║∇J║=9.0e-06
Iteration 857/2000-----
currents: [100000.0, 99999.99998537904, 99999.9999762118]
J=3.0e-04, ⟨Jf⟩=2.7e-04, ⟨B·n⟩=4.1e-03, Len=sum([5.2, 5.2, 4.9])=15.4, ϰ=[5.5, 6.7, 5.9], ∫ϰ²/L>=[5.0, 7.1, 8.1], C-C-Sep=0.20, ║∇J║=9.3e-06
Iteration 858/2000-----
currents: [100000.0, 99999.9999853682, 99999.99997619366]
J=3.0e-04, ⟨Jf⟩=2.7e-04, ⟨B·n⟩=4.1e-03, Len=sum([5.2, 5.2, 4.9])=15.4, ϰ=[5.5, 6.7, 5.9], ∫ϰ²/L>=[5.0, 7.1, 8.1], C-C-Sep=0.20, ║∇J║=2.8e-05
Iteration 859/2000-----
currents: [100000.0, 99999.99998536619, 99999.9999761903]
J=3.0e-04, ⟨Jf⟩=2.7e-04, ⟨B·n⟩=4.1e-03, Len=sum([5.2, 5.2, 4.9])=15.4, ϰ=[5.5, 6.7, 5.9], ∫ϰ²/L>=[5.0, 7.1, 8.1], C-C-Sep=0.20, ║∇J║=1.1e-05
Iteration 860/2000-----
currents: [100000.0, 99999.99998536227, 99999.99997618375]
J=3.0e-04, ⟨Jf⟩=2.7e-04, ⟨B·n⟩=4.1e-03, Len=sum([5.2, 5.2, 4.9])=15.4, ϰ=[5.5, 6.7, 5.9], ∫ϰ²/L>=[5.0, 7.1, 8.1], C-C-Sep=0.20, ║∇J║=7.7e-06
Iteration 861/2000-----
currents: [100000.0, 99999.99998535578, 99999.99997617291]
J=3.0e-04, ⟨Jf⟩=2.7e-04, ⟨B·n⟩=4.1e-03, Len=sum([5.2, 5.2, 4.9])=15.4, ϰ=[5.5, 6.7, 5.9], ∫ϰ²/L>=[5.0, 7.1, 8.1], C-C-Sep=0.20, ║∇J║=1.0e-05
Iteration 862/2000-----
currents: [100000.0, 99999.99998535372, 99999.9999761695]
J=3.0e-04, ⟨Jf⟩=2.7e-04, ⟨B·n⟩=4.1e-03, Len=sum([5.2, 5.2, 4.9])=15.4, ϰ=[5.5, 6.7, 5.9], ∫ϰ²/L>=[5.0, 7.1, 8.1], C-C-Sep=0.20, ║∇J║=1.1e-05
Iteration 863/2000-----
currents: [100000.0, 99999.99998534076, 99999.99997614791]
J=3.0e-04, ⟨Jf⟩=2.7e-04, ⟨B·n⟩=4.1e-03, Len=sum([5.2, 5.2, 4.9])=15.4, ϰ=[5.5, 6.7, 5.9], ∫ϰ²/L>=[5.0, 7.1, 8.1], C-C-Sep=0.20, ║∇J║=3.3e-05
Iteration 864/2000-----
currents: [100000.0, 99999.99998534717, 99999.99997615858]
J=3.0e-04, ⟨Jf⟩=2.7e-04, ⟨B·n⟩=4.1e-03, Len=sum([5.2, 5.2, 4.9])=15.4, ϰ=[5.5, 6.7, 5.9], ∫ϰ²/L>=[5.0, 7.1, 8.1], C-C-Sep=0.20, ║∇J║=1.8e-05
Iteration 865/2000-----
currents: [100000.0, 99999.99998534872, 99999.99997616123]
J=3.0e-04, ⟨Jf⟩=2.7e-04, ⟨B·n⟩=4.1e-03, Len=sum([5.2, 5.2, 4.9])=15.4, ϰ=[5.5, 6.7, 5.9], ∫ϰ²/L>=[5.0, 7.1, 8.1], C-C-Sep=0.20, ║∇J║=7.3e-06
Iteration 866/2000-----
currents: [100000.0, 99999.9999853475, 99999.99997615918]
J=3.0e-04, ⟨Jf⟩=2.7e-04, ⟨B·n⟩=4.1e-03, Len=sum([5.2, 5.2, 4.9])=15.4, ϰ=[5.5, 6.7, 5.9], ∫ϰ²/L>=[5.0, 7.1, 8.1], C-C-Sep=0.20, ║∇J║=6.6e-06
Iteration 867/2000-----
currents: [100000.0, 99999.99998534526, 99999.99997615542]
J=3.0e-04, ⟨Jf⟩=2.7e-04, ⟨B·n⟩=4.1e-03, Len=sum([5.2, 5.2, 4.9])=15.4, ϰ=[5.5, 6.7, 5.9], ∫ϰ²/L>=[5.0, 7.1, 8.1], C-C-Sep=0.20, ║∇J║=1.0e-05
Iteration 868/2000-----
currents: [100000.0, 99999.99998534165, 99999.99997614937]
J=3.0e-04, ⟨Jf⟩=2.7e-04, ⟨B·n⟩=4.1e-03, Len=sum([5.2, 5.2, 4.9])=15.4, ϰ=[5.5, 6.7, 5.9], ∫ϰ²/L>=[5.0, 7.1, 8.1], C-C-Sep=0.20, ║∇J║=8.8e-06
Iteration 869/2000-----
currents: [100000.0, 99999.99998532933, 99999.9999761287]
J=3.0e-04, ⟨Jf⟩=2.7e-04, ⟨B·n⟩=4.1e-03, Len=sum([5.2, 5.2, 4.9])=15.4, ϰ=[5.5, 6.7, 5.9], ∫ϰ²/L>=[5.0, 7.1, 8.1], C-C-Sep=0.20, ║∇J║=7.2e-06
Iteration 870/2000-----
currents: [100000.0, 99999.99998531846, 99999.9999761105]
J=3.0e-04, ⟨Jf⟩=2.7e-04, ⟨B·n⟩=4.1e-03, Len=sum([5.2, 5.2, 4.9])=15.4, ϰ=[5.5, 6.7, 5.9], ∫ϰ²/L>=[5.0, 7.1, 8.1], C-C-Sep=0.20, ║∇J║=1.0e-05
Iteration 871/2000-----
currents: [100000.0, 99999.99998530117, 99999.99997608153]
J=3.0e-04, ⟨Jf⟩=2.7e-04, ⟨B·n⟩=4.1e-03, Len=sum([5.2, 5.2, 4.9])=15.4, ϰ=[5.5, 6.7, 5.9], ∫ϰ²/L>=[5.0, 7.1, 8.1], C-C-Sep=0.20, ║∇J║=1.2e-05
Iteration 872/2000-----
currents: [100000.0, 99999.99998530044, 99999.99997608032]
J=3.0e-04, ⟨Jf⟩=2.7e-04, ⟨B·n⟩=4.1e-03, Len=sum([5.2, 5.2, 4.9])=15.4, ϰ=[5.5, 6.7, 5.9], ∫ϰ²/L>=[5.0, 7.1, 8.1], C-C-Sep=0.20, ║∇J║=7.7e-06
Iteration 873/2000-----
currents: [100000.0, 99999.99998530142, 99999.99997608198]
J=3.0e-04, ⟨Jf⟩=2.7e-04, ⟨B·n⟩=4.1e-03, Len=sum([5.2, 5.2, 4.9])=15.4, ϰ=[5.5, 6.7, 5.9], ∫ϰ²/L>=[5.0, 7.1, 8.1], C-C-Sep=0.20, ║∇J║=7.5e-06
Iteration 874/2000-----
currents: [100000.0, 99999.99998530073, 99999.99997608083]
J=3.0e-04, ⟨Jf⟩=2.7e-04, ⟨B·n⟩=4.1e-03, Len=sum([5.2, 5.2, 4.9])=15.4, ϰ=[5.5, 6.7, 5.9], ∫ϰ²/L>=[5.0, 7.1, 8.1], C-C-Sep=0.20, ║∇J║=9.7e-06
Iteration 875/2000-----
currents: [100000.0, 99999.99998529456, 99999.99997607048]
J=3.0e-04, ⟨Jf⟩=2.7e-04, ⟨B·n⟩=4.1e-03, Len=sum([5.2, 5.2, 4.9])=15.4, ϰ=[5.5, 6.7, 5.9], ∫ϰ²/L>=[5.0, 7.1, 8.1], C-C-Sep=0.20, ║∇J║=1.2e-05
Iteration 876/2000-----
currents: [100000.0, 99999.99998529471, 99999.99997607073]
J=3.0e-04, ⟨Jf⟩=2.7e-04, ⟨B·n⟩=4.1e-03, Len=sum([5.2, 5.2, 4.9])=15.4, ϰ=[5.5, 6.7, 5.9], ∫ϰ²/L>=[5.0, 7.1, 8.1], C-C-Sep=0.20, ║∇J║=1.8e-05
Iteration 877/2000-----
currents: [100000.0, 99999.9999852928, 99999.99997606753]
J=3.0e-04, ⟨Jf⟩=2.7e-04, ⟨B·n⟩=4.1e-03, Len=sum([5.2, 5.2, 4.9])=15.4, ϰ=[5.5, 6.7, 5.9], ∫ϰ²/L>=[5.0, 7.1, 8.1], C-C-Sep=0.20, ║∇J║=6.6e-06
Iteration 878/2000-----
currents: [100000.0, 99999.99998529104, 99999.99997606459]
J=3.0e-04, ⟨Jf⟩=2.7e-04, ⟨B·n⟩=4.1e-03, Len=sum([5.2, 5.2, 4.9])=15.4, ϰ=[5.5, 6.7, 5.9], ∫ϰ²/L>=[5.0, 7.1, 8.1], C-C-Sep=0.20, ║∇J║=5.5e-06
Iteration 879/2000-----
currents: [100000.0, 99999.99998529078, 99999.99997606418]
J=3.0e-04, ⟨Jf⟩=2.7e-04, ⟨B·n⟩=4.1e-03, Len=sum([5.2, 5.2, 4.9])=15.4, ϰ=[5.5, 6.7, 5.9], ∫ϰ²/L>=[5.0, 7.1, 8.1], C-C-Sep=0.20, ║∇J║=6.5e-06
Iteration 880/2000-----
currents: [100000.0, 99999.99998528742, 99999.99997605859]
J=3.0e-04, ⟨Jf⟩=2.7e-04, ⟨B·n⟩=4.1e-03, Len=sum([5.2, 5.2, 4.9])=15.4, ϰ=[5.5, 6.7, 5.9], ∫ϰ²/L>=[5.0, 7.1, 8.1], C-C-Sep=0.20, ║∇J║=6.9e-06
Iteration 881/2000-----
currents: [100000.0, 99999.999985277, 99999.99997604119]
J=3.0e-04, ⟨Jf⟩=2.7e-04, ⟨B·n⟩=4.1e-03, Len=sum([5.2, 5.2, 4.9])=15.4, ϰ=[5.5, 6.7, 5.9], ∫ϰ²/L>=[5.0, 7.1, 8.1], C-C-Sep=0.20, ║∇J║=2.5e-05
Iteration 882/2000-----
currents: [100000.0, 99999.99998528256, 99999.99997605047]
J=3.0e-04, ⟨Jf⟩=2.7e-04, ⟨B·n⟩=4.1e-03, Len=sum([5.2, 5.2, 4.9])=15.4, ϰ=[5.5, 6.7, 5.9], ∫ϰ²/L>=[5.0, 7.1, 8.1], C-C-Sep=0.20, ║∇J║=1.2e-05
Iteration 883/2000-----
currents: [100000.0, 99999.99998527845, 99999.99997604365]
J=3.0e-04, ⟨Jf⟩=2.7e-04, ⟨B·n⟩=4.1e-03, Len=sum([5.2, 5.2, 4.9])=15.4, ϰ=[5.5, 6.7, 5.9], ∫ϰ²/L>=[5.0, 7.1, 8.1], C-C-Sep=0.20, ║∇J║=6.9e-06
Iteration 884/2000-----
currents: [100000.0, 99999.99998527054, 99999.99997603042]
J=3.0e-04, ⟨Jf⟩=2.7e-04, ⟨B·n⟩=4.1e-03, Len=sum([5.2, 5.2, 4.9])=15.4, ϰ=[5.5, 6.7, 5.9], ∫ϰ²/L>=[5.0, 7.1, 8.1], C-C-Sep=0.20, ║∇J║=6.5e-06
Iteration 885/2000-----
currents: [100000.0, 99999.99998525769, 99999.99997600894]
J=3.0e-04, ⟨Jf⟩=2.7e-04, ⟨B·n⟩=4.1e-03, Len=sum([5.2, 5.2, 4.9])=15.4, ϰ=[5.5, 6.7, 5.9], ∫ϰ²/L>=[5.0, 7.1, 8.1], C-C-Sep=0.20, ║∇J║=9.5e-06
Iteration 886/2000-----
currents: [100000.0, 99999.999985249, 99999.99997599448]
J=3.0e-04, ⟨Jf⟩=2.7e-04, ⟨B·n⟩=4.1e-03, Len=sum([5.2, 5.2, 4.9])=15.4, ϰ=[5.5, 6.7, 5.9], ∫ϰ²/L>=[5.0, 7.1, 8.1], C-C-Sep=0.20, ║∇J║=1.3e-05
Iteration 887/2000-----
currents: [100000.0, 99999.99998524299, 99999.9999759844]
J=3.0e-04, ⟨Jf⟩=2.7e-04, ⟨B·n⟩=4.1e-03, Len=sum([5.2, 5.2, 4.9])=15.4, ϰ=[5.5, 6.7, 5.9], ∫ϰ²/L>=[5.0, 7.1, 8.1], C-C-Sep=0.20, ║∇J║=6.7e-06
Iteration 888/2000-----
currents: [100000.0, 99999.99998524507, 99999.99997598791]
J=3.0e-04, ⟨Jf⟩=2.7e-04, ⟨B·n⟩=4.1e-03, Len=sum([5.2, 5.2, 4.9])=15.4, ϰ=[5.5, 6.7, 5.9], ∫ϰ²/L>=[5.0, 7.1, 8.1], C-C-Sep=0.20, ║∇J║=6.3e-06
Iteration 889/2000-----
currents: [100000.0, 99999.99998524411, 99999.99997598633]
J=3.0e-04, ⟨Jf⟩=2.7e-04, ⟨B·n⟩=4.1e-03, Len=sum([5.2, 5.2, 4.9])=15.4, ϰ=[5.5, 6.7, 5.9], ∫ϰ²/L>=[5.0, 7.1, 8.1], C-C-Sep=0.20, ║∇J║=6.7e-06
Iteration 890/2000-----
currents: [100000.0, 99999.99998524957, 99999.99997599555]
J=3.0e-04, ⟨Jf⟩=2.7e-04, ⟨B·n⟩=4.1e-03, Len=sum([5.2, 5.2, 4.9])=15.4, ϰ=[5.5, 6.7, 5.9], ∫ϰ²/L>=[5.0, 7.1, 8.1], C-C-Sep=0.20, ║∇J║=1.2e-05
Iteration 891/2000-----
currents: [100000.0, 99999.99998524533, 99999.99997598851]
J=3.0e-04, ⟨Jf⟩=2.7e-04, ⟨B·n⟩=4.1e-03, Len=sum([5.2, 5.2, 4.9])=15.4, ϰ=[5.5, 6.7, 5.9], ∫ϰ²/L>=[5.0, 7.1, 8.1], C-C-Sep=0.20, ║∇J║=1.0e-05
Iteration 892/2000-----
currents: [100000.0, 99999.9999852419, 99999.99997598272]
J=3.0e-04, ⟨Jf⟩=2.7e-04, ⟨B·n⟩=4.1e-03, Len=sum([5.2, 5.2, 4.9])=15.4, ϰ=[5.5, 6.7, 5.9], ∫ϰ²/L>=[5.0, 7.1, 8.1], C-C-Sep=0.20, ║∇J║=3.9e-06
Iteration 893/2000-----
currents: [100000.0, 99999.99998523975, 99999.99997597911]
J=3.0e-04, ⟨Jf⟩=2.7e-04, ⟨B·n⟩=4.1e-03, Len=sum([5.2, 5.2, 4.9])=15.4, ϰ=[5.5, 6.7, 5.9], ∫ϰ²/L>=[5.0, 7.1, 8.1], C-C-Sep=0.20, ║∇J║=4.0e-06
Iteration 894/2000-----
currents: [100000.0, 99999.99998523117, 99999.99997596476]
J=3.0e-04, ⟨Jf⟩=2.7e-04, ⟨B·n⟩=4.1e-03, Len=sum([5.2, 5.2, 4.9])=15.4, ϰ=[5.5, 6.7, 5.9], ∫ϰ²/L>=[5.0, 7.1, 8.1], C-C-Sep=0.20, ║∇J║=6.1e-06
Iteration 895/2000-----
currents: [100000.0, 99999.99998521722, 99999.99997594142]
J=3.0e-04, ⟨Jf⟩=2.7e-04, ⟨B·n⟩=4.1e-03, Len=sum([5.2, 5.2, 4.9])=15.4, ϰ=[5.5, 6.7, 5.9], ∫ϰ²/L>=[5.0, 7.1, 8.1], C-C-Sep=0.20, ║∇J║=1.0e-05
Iteration 896/2000-----
currents: [100000.0, 99999.99998520211, 99999.99997591616]
J=3.0e-04, ⟨Jf⟩=2.7e-04, ⟨B·n⟩=4.1e-03, Len=sum([5.2, 5.2, 4.9])=15.4, ϰ=[5.5, 6.7, 5.9], ∫ϰ²/L>=[5.0, 7.1, 8.1], C-C-Sep=0.20, ║∇J║=7.2e-06
Iteration 897/2000-----
currents: [100000.0, 99999.99998519162, 99999.99997589861]
J=3.0e-04, ⟨Jf⟩=2.7e-04, ⟨B·n⟩=4.1e-03, Len=sum([5.2, 5.2, 4.9])=15.4, ϰ=[5.5, 6.7, 5.9], ∫ϰ²/L>=[5.0, 7.1, 8.1], C-C-Sep=0.20, ║∇J║=5.9e-06
Iteration 898/2000-----
currents: [100000.0, 99999.99998518314, 99999.99997588444]
J=3.0e-04, ⟨Jf⟩=2.7e-04, ⟨B·n⟩=4.1e-03, Len=sum([5.2, 5.2, 4.9])=15.4, ϰ=[5.5, 6.7, 5.9], ∫ϰ²/L>=[5.0, 7.1, 8.1], C-C-Sep=0.20, ║∇J║=9.9e-06
Iteration 899/2000-----
currents: [100000.0, 99999.99998518427, 99999.99997588636]
J=3.0e-04, ⟨Jf⟩=2.7e-04, ⟨B·n⟩=4.1e-03, Len=sum([5.2, 5.2, 4.9])=15.4, ϰ=[5.5, 6.7, 5.9], ∫ϰ²/L>=[5.0, 7.1, 8.1], C-C-Sep=0.20, ║∇J║=9.3e-06
Iteration 900/2000-----
currents: [100000.0, 99999.99998518896, 99999.99997589421]
J=3.0e-04, ⟨Jf⟩=2.7e-04, ⟨B·n⟩=4.1e-03, Len=sum([5.2, 5.2, 4.9])=15.4, ϰ=[5.5, 6.7, 5.9], ∫ϰ²/L>=[5.0, 7.1, 8.1], C-C-Sep=0.20, ║∇J║=6.8e-06
Iteration 901/2000-----
currents: [100000.0, 99999.99998520385, 99999.9999759192]
J=3.0e-04, ⟨Jf⟩=2.7e-04, ⟨B·n⟩=4.1e-03, Len=sum([5.2, 5.2, 4.9])=15.4, ϰ=[5.5, 6.7, 5.9], ∫ϰ²/L>=[5.0, 7.1, 8.1], C-C-Sep=0.20, ║∇J║=7.0e-06
Iteration 902/2000-----
currents: [100000.0, 99999.99998520849, 99999.99997592701]
J=3.0e-04, ⟨Jf⟩=2.7e-04, ⟨B·n⟩=4.1e-03, Len=sum([5.2, 5.2, 4.9])=15.4, ϰ=[5.5, 6.7, 5.9], ∫ϰ²/L>=[5.0, 7.1, 8.1], C-C-Sep=0.20, ║∇J║=9.5e-06
Iteration 903/2000-----
currents: [100000.0, 99999.99998520444, 99999.99997592025]
J=3.0e-04, ⟨Jf⟩=2.7e-04, ⟨B·n⟩=4.1e-03, Len=sum([5.2, 5.2, 4.9])=15.4, ϰ=[5.5, 6.7, 5.9], ∫ϰ²/L>=[5.0, 7.1, 8.1], C-C-Sep=0.20, ║∇J║=5.9e-06
Iteration 904/2000-----
currents: [100000.0, 99999.99998519692, 99999.99997590769]
J=3.0e-04, ⟨Jf⟩=2.7e-04, ⟨B·n⟩=4.1e-03, Len=sum([5.2, 5.2, 4.9])=15.4, ϰ=[5.5, 6.7, 5.9], ∫ϰ²/L>=[5.0, 7.1, 8.1], C-C-Sep=0.20, ║∇J║=4.4e-06
Iteration 905/2000-----
currents: [100000.0, 99999.99998519244, 99999.99997590021]
J=3.0e-04, ⟨Jf⟩=2.7e-04, ⟨B·n⟩=4.1e-03, Len=sum([5.2, 5.2, 4.9])=15.4, ϰ=[5.5, 6.7, 5.9], ∫ϰ²/L>=[5.0, 7.1, 8.1], C-C-Sep=0.20, ║∇J║=4.9e-06
Iteration 906/2000-----
currents: [100000.0, 99999.99998518474, 99999.99997588739]
J=3.0e-04, ⟨Jf⟩=2.7e-04, ⟨B·n⟩=4.1e-03, Len=sum([5.2, 5.2, 4.9])=15.4, ϰ=[5.5, 6.7, 5.9], ∫ϰ²/L>=[5.0, 7.1, 8.1], C-C-Sep=0.20, ║∇J║=5.7e-06
Iteration 907/2000-----
currents: [100000.0, 99999.99998516725, 99999.99997585817]
J=3.0e-04, ⟨Jf⟩=2.7e-04, ⟨B·n⟩=4.1e-03, Len=sum([5.2, 5.2, 4.9])=15.4, ϰ=[5.5, 6.7, 5.9], ∫ϰ²/L>=[5.0, 7.1, 8.1], C-C-Sep=0.20, ║∇J║=1.8e-05
Iteration 908/2000-----
currents: [100000.0, 99999.99998517605, 99999.99997587288]
J=3.0e-04, ⟨Jf⟩=2.7e-04, ⟨B·n⟩=4.1e-03, Len=sum([5.2, 5.2, 4.9])=15.4, ϰ=[5.5, 6.7, 5.9], ∫ϰ²/L>=[5.0, 7.1, 8.1], C-C-Sep=0.20, ║∇J║=9.4e-06
Iteration 909/2000-----
currents: [100000.0, 99999.99998516818, 99999.99997585974]
J=3.0e-04, ⟨Jf⟩=2.7e-04, ⟨B·n⟩=4.1e-03, Len=sum([5.2, 5.2, 4.9])=15.4, ϰ=[5.5, 6.7, 5.9], ∫ϰ²/L>=[5.0, 7.1, 8.1], C-C-Sep=0.20, ║∇J║=5.1e-06
Iteration 910/2000-----
currents: [100000.0, 99999.99998516703, 99999.99997585785]
J=3.0e-04, ⟨Jf⟩=2.7e-04, ⟨B·n⟩=4.1e-03, Len=sum([5.2, 5.2, 4.9])=15.4, ϰ=[5.5, 6.7, 5.9], ∫ϰ²/L>=[5.0, 7.1, 8.1], C-C-Sep=0.20, ║∇J║=4.6e-06
Iteration 911/2000-----
currents: [100000.0, 99999.99998516179, 99999.99997584912]
J=3.0e-04, ⟨Jf⟩=2.7e-04, ⟨B·n⟩=4.1e-03, Len=sum([5.2, 5.2, 4.9])=15.4, ϰ=[5.5, 6.7, 5.9], ∫ϰ²/L>=[5.0, 7.1, 8.1], C-C-Sep=0.20, ║∇J║=5.8e-06
Iteration 912/2000-----
currents: [100000.0, 99999.99998515646, 99999.99997584027]
J=3.0e-04, ⟨Jf⟩=2.7e-04, ⟨B·n⟩=4.1e-03, Len=sum([5.2, 5.2, 4.9])=15.4, ϰ=[5.5, 6.7, 5.9], ∫ϰ²/L>=[5.0, 7.1, 8.1], C-C-Sep=0.20, ║∇J║=9.5e-06
Iteration 913/2000-----
currents: [100000.0, 99999.99998515818, 99999.9999758432]
J=3.0e-04, ⟨Jf⟩=2.7e-04, ⟨B·n⟩=4.1e-03, Len=sum([5.2, 5.2, 4.9])=15.4, ϰ=[5.5, 6.7, 5.9], ∫ϰ²/L>=[5.0, 7.1, 8.1], C-C-Sep=0.20, ║∇J║=5.5e-06
Iteration 914/2000-----
currents: [100000.0, 99999.99998515345, 99999.9999758353]
J=3.0e-04, ⟨Jf⟩=2.7e-04, ⟨B·n⟩=4.1e-03, Len=sum([5.2, 5.2, 4.9])=15.4, ϰ=[5.5, 6.7, 5.9], ∫ϰ²/L>=[5.0, 7.1, 8.1], C-C-Sep=0.20, ║∇J║=5.6e-06
Iteration 915/2000-----
currents: [100000.0, 99999.99998514784, 99999.99997582592]
J=3.0e-04, ⟨Jf⟩=2.7e-04, ⟨B·n⟩=4.1e-03, Len=sum([5.2, 5.2, 4.9])=15.4, ϰ=[5.5, 6.7, 5.9], ∫ϰ²/L>=[5.0, 7.1, 8.1], C-C-Sep=0.20, ║∇J║=7.3e-06
Iteration 916/2000-----
currents: [100000.0, 99999.99998513961, 99999.9999758122]
J=3.0e-04, ⟨Jf⟩=2.7e-04, ⟨B·n⟩=4.1e-03, Len=sum([5.2, 5.2, 4.9])=15.4, ϰ=[5.5, 6.7, 5.9], ∫ϰ²/L>=[5.0, 7.1, 8.1], C-C-Sep=0.20, ║∇J║=1.3e-05
Iteration 917/2000-----
currents: [100000.0, 99999.99998513148, 99999.99997579858]
J=3.0e-04, ⟨Jf⟩=2.7e-04, ⟨B·n⟩=4.1e-03, Len=sum([5.2, 5.2, 4.9])=15.4, ϰ=[5.5, 6.7, 5.9], ∫ϰ²/L>=[5.0, 7.1, 8.1], C-C-Sep=0.20, ║∇J║=5.3e-06
Iteration 918/2000-----
currents: [100000.0, 99999.99998512628, 99999.99997578989]
J=3.0e-04, ⟨Jf⟩=2.7e-04, ⟨B·n⟩=4.1e-03, Len=sum([5.2, 5.2, 4.9])=15.4, ϰ=[5.5, 6.7, 5.9], ∫ϰ²/L>=[5.0, 7.1, 8.1], C-C-Sep=0.20, ║∇J║=4.5e-06
Iteration 919/2000-----
currents: [100000.0, 99999.9999851203, 99999.99997577988]
J=3.0e-04, ⟨Jf⟩=2.7e-04, ⟨B·n⟩=4.1e-03, Len=sum([5.2, 5.2, 4.9])=15.4, ϰ=[5.5, 6.7, 5.9], ∫ϰ²/L>=[5.0, 7.1, 8.1], C-C-Sep=0.20, ║∇J║=4.8e-06
Iteration 920/2000-----
currents: [100000.0, 99999.99998511327, 99999.99997576812]
J=3.0e-04, ⟨Jf⟩=2.7e-04, ⟨B·n⟩=4.1e-03, Len=sum([5.2, 5.2, 4.9])=15.4, ϰ=[5.5, 6.7, 5.9], ∫ϰ²/L>=[5.0, 7.1, 8.1], C-C-Sep=0.20, ║∇J║=7.1e-06
Iteration 921/2000-----
currents: [100000.0, 99999.99998510718, 99999.99997575792]
J=3.0e-04, ⟨Jf⟩=2.7e-04, ⟨B·n⟩=4.1e-03, Len=sum([5.2, 5.2, 4.9])=15.4, ϰ=[5.5, 6.7, 5.9], ∫ϰ²/L>=[5.0, 7.1, 8.1], C-C-Sep=0.20, ║∇J║=4.8e-06
Iteration 922/2000-----
currents: [100000.0, 99999.99998510751, 99999.99997575849]
J=3.0e-04, ⟨Jf⟩=2.7e-04, ⟨B·n⟩=4.1e-03, Len=sum([5.2, 5.2, 4.9])=15.4, ϰ=[5.5, 6.7, 5.9], ∫ϰ²/L>=[5.0, 7.1, 8.1], C-C-Sep=0.20, ║∇J║=3.5e-06
Iteration 923/2000-----
currents: [100000.0, 99999.99998510783, 99999.99997575903]
J=3.0e-04, ⟨Jf⟩=2.7e-04, ⟨B·n⟩=4.1e-03, Len=sum([5.2, 5.2, 4.9])=15.4, ϰ=[5.5, 6.7, 5.9], ∫ϰ²/L>=[5.0, 7.1, 8.1], C-C-Sep=0.20, ║∇J║=5.0e-06
Iteration 924/2000-----
currents: [100000.0, 99999.99998510911, 99999.9999757612]
J=3.0e-04, ⟨Jf⟩=2.7e-04, ⟨B·n⟩=4.1e-03, Len=sum([5.2, 5.2, 4.9])=15.4, ϰ=[5.5, 6.7, 5.9], ∫ϰ²/L>=[5.0, 7.1, 8.1], C-C-Sep=0.20, ║∇J║=6.2e-06
Iteration 925/2000-----
currents: [100000.0, 99999.99998510373, 99999.99997575219]
J=3.0e-04, ⟨Jf⟩=2.7e-04, ⟨B·n⟩=4.1e-03, Len=sum([5.2, 5.2, 4.9])=15.4, ϰ=[5.5, 6.7, 5.9], ∫ϰ²/L>=[5.0, 7.1, 8.1], C-C-Sep=0.20, ║∇J║=4.9e-06
Iteration 926/2000-----
currents: [100000.0, 99999.99998509925, 99999.9999757447]
J=3.0e-04, ⟨Jf⟩=2.7e-04, ⟨B·n⟩=4.1e-03, Len=sum([5.2, 5.2, 4.9])=15.4, ϰ=[5.5, 6.7, 5.9], ∫ϰ²/L>=[5.0, 7.1, 8.1], C-C-Sep=0.20, ║∇J║=7.6e-06
Iteration 927/2000-----
currents: [100000.0, 99999.99998509229, 99999.99997573302]
J=3.0e-04, ⟨Jf⟩=2.7e-04, ⟨B·n⟩=4.1e-03, Len=sum([5.2, 5.2, 4.9])=15.4, ϰ=[5.5, 6.7, 5.9], ∫ϰ²/L>=[5.0, 7.1, 8.1], C-C-Sep=0.20, ║∇J║=5.7e-06
Iteration 928/2000-----
currents: [100000.0, 99999.99998509159, 99999.99997573186]
J=3.0e-04, ⟨Jf⟩=2.7e-04, ⟨B·n⟩=4.1e-03, Len=sum([5.2, 5.2, 4.9])=15.4, ϰ=[5.5, 6.7, 5.9], ∫ϰ²/L>=[5.0, 7.1, 8.1], C-C-Sep=0.20, ║∇J║=3.6e-06
Iteration 929/2000-----
currents: [100000.0, 99999.99998509214, 99999.9999757328]
J=3.0e-04, ⟨Jf⟩=2.7e-04, ⟨B·n⟩=4.1e-03, Len=sum([5.2, 5.2, 4.9])=15.4, ϰ=[5.5, 6.7, 5.9], ∫ϰ²/L>=[5.0, 7.1, 8.1], C-C-Sep=0.20, ║∇J║=3.7e-06
Iteration 930/2000-----
currents: [100000.0, 99999.99998508849, 99999.9999757267]
J=3.0e-04, ⟨Jf⟩=2.7e-04, ⟨B·n⟩=4.1e-03, Len=sum([5.2, 5.2, 4.9])=15.4, ϰ=[5.5, 6.7, 5.9], ∫ϰ²/L>=[5.0, 7.1, 8.1], C-C-Sep=0.20, ║∇J║=5.0e-06
Iteration 931/2000-----
currents: [100000.0, 99999.99998508306, 99999.99997571767]
J=3.0e-04, ⟨Jf⟩=2.7e-04, ⟨B·n⟩=4.1e-03, Len=sum([5.2, 5.2, 4.9])=15.4, ϰ=[5.5, 6.7, 5.9], ∫ϰ²/L>=[5.0, 7.1, 8.1], C-C-Sep=0.20, ║∇J║=4.1e-06
Iteration 932/2000-----
currents: [100000.0, 99999.9999850769, 99999.99997570738]
J=3.0e-04, ⟨Jf⟩=2.7e-04, ⟨B·n⟩=4.1e-03, Len=sum([5.2, 5.2, 4.9])=15.4, ϰ=[5.5, 6.7, 5.9], ∫ϰ²/L>=[5.0, 7.1, 8.1], C-C-Sep=0.20, ║∇J║=3.1e-06
Iteration 933/2000-----
currents: [100000.0, 99999.99998506774, 99999.9999756921]
J=3.0e-04, ⟨Jf⟩=2.7e-04, ⟨B·n⟩=4.1e-03, Len=sum([5.2, 5.2, 4.9])=15.4, ϰ=[5.5, 6.7, 5.9], ∫ϰ²/L>=[5.0, 7.1, 8.1], C-C-Sep=0.20, ║∇J║=5.7e-06
Iteration 934/2000-----
currents: [100000.0, 99999.9999850627, 99999.9999756837]
J=3.0e-04, ⟨Jf⟩=2.7e-04, ⟨B·n⟩=4.1e-03, Len=sum([5.2, 5.2, 4.9])=15.4, ϰ=[5.5, 6.7, 5.9], ∫ϰ²/L>=[5.0, 7.1, 8.1], C-C-Sep=0.20, ║∇J║=4.4e-06
Iteration 935/2000-----
currents: [100000.0, 99999.99998506396, 99999.99997568582]
J=3.0e-04, ⟨Jf⟩=2.7e-04, ⟨B·n⟩=4.1e-03, Len=sum([5.2, 5.2, 4.9])=15.4, ϰ=[5.5, 6.7, 5.9], ∫ϰ²/L>=[5.0, 7.1, 8.1], C-C-Sep=0.20, ║∇J║=3.6e-06
Iteration 936/2000-----
currents: [100000.0, 99999.999985064, 99999.99997568596]
J=3.0e-04, ⟨Jf⟩=2.7e-04, ⟨B·n⟩=4.1e-03, Len=sum([5.2, 5.2, 4.9])=15.4, ϰ=[5.5, 6.7, 5.9], ∫ϰ²/L>=[5.0, 7.1, 8.1], C-C-Sep=0.20, ║∇J║=4.1e-06
Iteration 937/2000-----
currents: [100000.0, 99999.99998506327, 99999.9999756848]
J=3.0e-04, ⟨Jf⟩=2.7e-04, ⟨B·n⟩=4.1e-03, Len=sum([5.2, 5.2, 4.9])=15.4, ϰ=[5.5, 6.7, 5.9], ∫ϰ²/L>=[5.0, 7.1, 8.1], C-C-Sep=0.20, ║∇J║=6.9e-06
Iteration 938/2000-----
currents: [100000.0, 99999.99998506378, 99999.99997568569]
J=3.0e-04, ⟨Jf⟩=2.7e-04, ⟨B·n⟩=4.1e-03, Len=sum([5.2, 5.2, 4.9])=15.4, ϰ=[5.5, 6.7, 5.9], ∫ϰ²/L>=[5.0, 7.1, 8.1], C-C-Sep=0.20, ║∇J║=4.3e-06
Iteration 939/2000-----
currents: [100000.0, 99999.99998506004, 99999.99997567947]
J=3.0e-04, ⟨Jf⟩=2.7e-04, ⟨B·n⟩=4.1e-03, Len=sum([5.2, 5.2, 4.9])=15.4, ϰ=[5.5, 6.7, 5.9], ∫ϰ²/L>=[5.0, 7.1, 8.1], C-C-Sep=0.20, ║∇J║=3.6e-06
Iteration 940/2000-----
currents: [100000.0, 99999.99998505741, 99999.9999756751]
J=3.0e-04, ⟨Jf⟩=2.7e-04, ⟨B·n⟩=4.1e-03, Len=sum([5.2, 5.2, 4.9])=15.4, ϰ=[5.5, 6.7, 5.9], ∫ϰ²/L>=[5.0, 7.1, 8.1], C-C-Sep=0.20, ║∇J║=4.1e-06
Iteration 941/2000-----
currents: [100000.0, 99999.999985052, 99999.99997566613]
J=3.0e-04, ⟨Jf⟩=2.7e-04, ⟨B·n⟩=4.1e-03, Len=sum([5.2, 5.2, 4.9])=15.4, ϰ=[5.5, 6.7, 5.9], ∫ϰ²/L>=[5.0, 7.1, 8.1], C-C-Sep=0.20, ║∇J║=1.1e-05
Iteration 942/2000-----
currents: [100000.0, 99999.9999850484, 99999.99997566012]
J=3.0e-04, ⟨Jf⟩=2.7e-04, ⟨B·n⟩=4.1e-03, Len=sum([5.2, 5.2, 4.9])=15.4, ϰ=[5.5, 6.7, 5.9], ∫ϰ²/L>=[5.0, 7.1, 8.1], C-C-Sep=0.20, ║∇J║=3.4e-06
Iteration 943/2000-----
currents: [100000.0, 99999.9999850485, 99999.99997566029]
J=3.0e-04, ⟨Jf⟩=2.7e-04, ⟨B·n⟩=4.1e-03, Len=sum([5.2, 5.2, 4.9])=15.4, ϰ=[5.5, 6.7, 5.9], ∫ϰ²/L>=[5.0, 7.1, 8.1], C-C-Sep=0.20, ║∇J║=2.6e-06
Iteration 944/2000-----
currents: [100000.0, 99999.99998504523, 99999.99997565482]
J=3.0e-04, ⟨Jf⟩=2.7e-04, ⟨B·n⟩=4.1e-03, Len=sum([5.2, 5.2, 4.9])=15.4, ϰ=[5.5, 6.7, 5.9], ∫ϰ²/L>=[5.0, 7.1, 8.1], C-C-Sep=0.20, ║∇J║=3.4e-06
Iteration 945/2000-----
currents: [100000.0, 99999.99998504129, 99999.99997564824]
J=3.0e-04, ⟨Jf⟩=2.7e-04, ⟨B·n⟩=4.1e-03, Len=sum([5.2, 5.2, 4.9])=15.4, ϰ=[5.5, 6.7, 5.9], ∫ϰ²/L>=[5.0, 7.1, 8.1], C-C-Sep=0.20, ║∇J║=3.9e-06
Iteration 946/2000-----
currents: [100000.0, 99999.99998503299, 99999.99997563442]
J=3.0e-04, ⟨Jf⟩=2.7e-04, ⟨B·n⟩=4.1e-03, Len=sum([5.2, 5.2, 4.9])=15.4, ϰ=[5.5, 6.7, 5.9], ∫ϰ²/L>=[5.0, 7.1, 8.1], C-C-Sep=0.20, ║∇J║=1.4e-05
Iteration 947/2000-----
currents: [100000.0, 99999.99998503769, 99999.99997564225]
J=3.0e-04, ⟨Jf⟩=2.7e-04, ⟨B·n⟩=4.1e-03, Len=sum([5.2, 5.2, 4.9])=15.4, ϰ=[5.5, 6.7, 5.9], ∫ϰ²/L>=[5.0, 7.1, 8.1], C-C-Sep=0.20, ║∇J║=6.9e-06
Iteration 948/2000-----
currents: [100000.0, 99999.99998502998, 99999.99997562938]
J=3.0e-04, ⟨Jf⟩=2.7e-04, ⟨B·n⟩=4.1e-03, Len=sum([5.2, 5.2, 4.9])=15.4, ϰ=[5.5, 6.7, 5.9], ∫ϰ²/L>=[5.0, 7.1, 8.1], C-C-Sep=0.20, ║∇J║=3.3e-06
Iteration 949/2000-----
currents: [100000.0, 99999.99998502767, 99999.99997562553]
J=3.0e-04, ⟨Jf⟩=2.7e-04, ⟨B·n⟩=4.1e-03, Len=sum([5.2, 5.2, 4.9])=15.4, ϰ=[5.5, 6.7, 5.9], ∫ϰ²/L>=[5.0, 7.1, 8.1], C-C-Sep=0.20, ║∇J║=2.3e-06
Iteration 950/2000-----
currents: [100000.0, 99999.99998502483, 99999.99997562078]
J=3.0e-04, ⟨Jf⟩=2.7e-04, ⟨B·n⟩=4.1e-03, Len=sum([5.2, 5.2, 4.9])=15.4, ϰ=[5.5, 6.7, 5.9], ∫ϰ²/L>=[5.0, 7.1, 8.1], C-C-Sep=0.20, ║∇J║=2.6e-06
Iteration 951/2000-----
currents: [100000.0, 99999.9999850224, 99999.99997561672]
J=3.0e-04, ⟨Jf⟩=2.7e-04, ⟨B·n⟩=4.1e-03, Len=sum([5.2, 5.2, 4.9])=15.4, ϰ=[5.5, 6.7, 5.9], ∫ϰ²/L>=[5.0, 7.1, 8.1], C-C-Sep=0.20, ║∇J║=3.2e-06
Iteration 952/2000-----
currents: [100000.0, 99999.99998501655, 99999.99997560693]
J=3.0e-04, ⟨Jf⟩=2.7e-04, ⟨B·n⟩=4.1e-03, Len=sum([5.2, 5.2, 4.9])=15.4, ϰ=[5.5, 6.7, 5.9], ∫ϰ²/L>=[5.0, 7.1, 8.1], C-C-Sep=0.20, ║∇J║=6.0e-06
Iteration 953/2000-----
currents: [100000.0, 99999.99998500952, 99999.99997559517]
J=3.0e-04, ⟨Jf⟩=2.7e-04, ⟨B·n⟩=4.1e-03, Len=sum([5.2, 5.2, 4.9])=15.4, ϰ=[5.5, 6.7, 5.9], ∫ϰ²/L>=[5.0, 7.1, 8.1], C-C-Sep=0.20, ║∇J║=6.0e-06
Iteration 954/2000-----
currents: [100000.0, 99999.99998500812, 99999.99997559284]
J=3.0e-04, ⟨Jf⟩=2.7e-04, ⟨B·n⟩=4.1e-03, Len=sum([5.2, 5.2, 4.9])=15.4, ϰ=[5.5, 6.7, 5.9], ∫ϰ²/L>=[5.0, 7.1, 8.1], C-C-Sep=0.20, ║∇J║=3.6e-06
Iteration 955/2000-----
currents: [100000.0, 99999.99998500233, 99999.99997558315]
J=3.0e-04, ⟨Jf⟩=2.7e-04, ⟨B·n⟩=4.1e-03, Len=sum([5.2, 5.2, 4.9])=15.4, ϰ=[5.5, 6.7, 5.9], ∫ϰ²/L>=[5.0, 7.1, 8.1], C-C-Sep=0.20, ║∇J║=3.4e-06
Iteration 956/2000-----
currents: [100000.0, 99999.99998499847, 99999.99997557672]
J=3.0e-04, ⟨Jf⟩=2.7e-04, ⟨B·n⟩=4.1e-03, Len=sum([5.2, 5.2, 4.9])=15.4, ϰ=[5.5, 6.7, 5.9], ∫ϰ²/L>=[5.0, 7.1, 8.1], C-C-Sep=0.20, ║∇J║=3.7e-06
Iteration 957/2000-----
currents: [100000.0, 99999.99998498503, 99999.99997555428]
J=3.0e-04, ⟨Jf⟩=2.7e-04, ⟨B·n⟩=4.1e-03, Len=sum([5.2, 5.2, 4.9])=15.4, ϰ=[5.5, 6.7, 5.9], ∫ϰ²/L>=[5.0, 7.1, 8.1], C-C-Sep=0.20, ║∇J║=9.9e-06
Iteration 958/2000-----
currents: [100000.0, 99999.99998497951, 99999.99997554508]
J=3.0e-04, ⟨Jf⟩=2.7e-04, ⟨B·n⟩=4.1e-03, Len=sum([5.2, 5.2, 4.9])=15.4, ϰ=[5.5, 6.7, 5.9], ∫ϰ²/L>=[5.0, 7.1, 8.1], C-C-Sep=0.20, ║∇J║=3.9e-06
Iteration 959/2000-----
currents: [100000.0, 99999.99998497953, 99999.99997554511]
J=3.0e-04, ⟨Jf⟩=2.7e-04, ⟨B·n⟩=4.1e-03, Len=sum([5.2, 5.2, 4.9])=15.4, ϰ=[5.5, 6.7, 5.9], ∫ϰ²/L>=[5.0, 7.1, 8.1], C-C-Sep=0.20, ║∇J║=2.9e-06
Iteration 960/2000-----
currents: [100000.0, 99999.99998497734, 99999.99997554149]
J=3.0e-04, ⟨Jf⟩=2.7e-04, ⟨B·n⟩=4.1e-03, Len=sum([5.2, 5.2, 4.9])=15.4, ϰ=[5.5, 6.7, 5.9], ∫ϰ²/L>=[5.0, 7.1, 8.1], C-C-Sep=0.20, ║∇J║=3.3e-06
Iteration 961/2000-----
currents: [100000.0, 99999.99998497337, 99999.9999755349]
J=3.0e-04, ⟨Jf⟩=2.7e-04, ⟨B·n⟩=4.1e-03, Len=sum([5.2, 5.2, 4.9])=15.4, ϰ=[5.5, 6.7, 5.9], ∫ϰ²/L>=[5.0, 7.1, 8.1], C-C-Sep=0.20, ║∇J║=6.7e-06
Iteration 962/2000-----
currents: [100000.0, 99999.9999849726, 99999.99997553363]
J=3.0e-04, ⟨Jf⟩=2.7e-04, ⟨B·n⟩=4.1e-03, Len=sum([5.2, 5.2, 4.9])=15.4, ϰ=[5.5, 6.7, 5.9], ∫ϰ²/L>=[5.0, 7.1, 8.1], C-C-Sep=0.20, ║∇J║=3.9e-06
Iteration 963/2000-----
currents: [100000.0, 99999.9999849706, 99999.99997553029]
J=3.0e-04, ⟨Jf⟩=2.7e-04, ⟨B·n⟩=4.1e-03, Len=sum([5.2, 5.2, 4.9])=15.4, ϰ=[5.5, 6.7, 5.9], ∫ϰ²/L>=[5.0, 7.1, 8.1], C-C-Sep=0.20, ║∇J║=3.0e-06
Iteration 964/2000-----
currents: [100000.0, 99999.99998496744, 99999.99997552502]
J=3.0e-04, ⟨Jf⟩=2.7e-04, ⟨B·n⟩=4.1e-03, Len=sum([5.2, 5.2, 4.9])=15.4, ϰ=[5.5, 6.7, 5.9], ∫ϰ²/L>=[5.0, 7.1, 8.1], C-C-Sep=0.20, ║∇J║=4.3e-06
Iteration 965/2000-----
currents: [100000.0, 99999.99998495921, 99999.99997551128]
J=3.0e-04, ⟨Jf⟩=2.7e-04, ⟨B·n⟩=4.1e-03, Len=sum([5.2, 5.2, 4.9])=15.4, ϰ=[5.5, 6.7, 5.9], ∫ϰ²/L>=[5.0, 7.1, 8.1], C-C-Sep=0.20, ║∇J║=6.6e-06
Iteration 966/2000-----
currents: [100000.0, 99999.99998495285, 99999.99997550066]
J=3.0e-04, ⟨Jf⟩=2.7e-04, ⟨B·n⟩=4.1e-03, Len=sum([5.2, 5.2, 4.9])=15.4, ϰ=[5.5, 6.7, 5.9], ∫ϰ²/L>=[5.0, 7.1, 8.1], C-C-Sep=0.20, ║∇J║=4.7e-06
Iteration 967/2000-----
currents: [100000.0, 99999.99998494516, 99999.9999754878]
J=3.0e-04, ⟨Jf⟩=2.7e-04, ⟨B·n⟩=4.1e-03, Len=sum([5.2, 5.2, 4.9])=15.4, ϰ=[5.5, 6.7, 5.9], ∫ϰ²/L>=[5.0, 7.1, 8.1], C-C-Sep=0.20, ║∇J║=4.0e-06
Iteration 968/2000-----
currents: [100000.0, 99999.99998493576, 99999.99997547209]
J=3.0e-04, ⟨Jf⟩=2.7e-04, ⟨B·n⟩=4.1e-03, Len=sum([5.2, 5.2, 4.9])=15.4, ϰ=[5.5, 6.7, 5.9], ∫ϰ²/L>=[5.0, 7.1, 8.1], C-C-Sep=0.20, ║∇J║=4.1e-06
Iteration 969/2000-----
currents: [100000.0, 99999.99998492302, 99999.99997545085]
J=3.0e-04, ⟨Jf⟩=2.7e-04, ⟨B·n⟩=4.1e-03, Len=sum([5.2, 5.2, 4.9])=15.4, ϰ=[5.5, 6.7, 5.9], ∫ϰ²/L>=[5.0, 7.1, 8.1], C-C-Sep=0.20, ║∇J║=7.1e-06
Iteration 970/2000-----
currents: [100000.0, 99999.9999849189, 99999.99997544399]
J=3.0e-04, ⟨Jf⟩=2.7e-04, ⟨B·n⟩=4.1e-03, Len=sum([5.2, 5.2, 4.9])=15.4, ϰ=[5.5, 6.7, 5.9], ∫ϰ²/L>=[5.0, 7.1, 8.1], C-C-Sep=0.20, ║∇J║=4.3e-06
Iteration 971/2000-----
currents: [100000.0, 99999.99998491818, 99999.9999754428]
J=3.0e-04, ⟨Jf⟩=2.7e-04, ⟨B·n⟩=4.1e-03, Len=sum([5.2, 5.2, 4.9])=15.4, ϰ=[5.5, 6.7, 5.9], ∫ϰ²/L>=[5.0, 7.1, 8.1], C-C-Sep=0.20, ║∇J║=3.2e-06
Iteration 972/2000-----
currents: [100000.0, 99999.99998491816, 99999.99997544283]
J=3.0e-04, ⟨Jf⟩=2.7e-04, ⟨B·n⟩=4.1e-03, Len=sum([5.2, 5.2, 4.9])=15.4, ϰ=[5.5, 6.7, 5.9], ∫ϰ²/L>=[5.0, 7.1, 8.1], C-C-Sep=0.20, ║∇J║=3.6e-06
Iteration 973/2000-----
currents: [100000.0, 99999.99998491518, 99999.99997543791]
J=3.0e-04, ⟨Jf⟩=2.7e-04, ⟨B·n⟩=4.1e-03, Len=sum([5.2, 5.2, 4.9])=15.4, ϰ=[5.5, 6.7, 5.9], ∫ϰ²/L>=[5.0, 7.1, 8.1], C-C-Sep=0.20, ║∇J║=4.3e-06
Iteration 974/2000-----
currents: [100000.0, 99999.99998491244, 99999.99997543341]
J=3.0e-04, ⟨Jf⟩=2.7e-04, ⟨B·n⟩=4.1e-03, Len=sum([5.2, 5.2, 4.9])=15.4, ϰ=[5.5, 6.7, 5.9], ∫ϰ²/L>=[5.0, 7.1, 8.1], C-C-Sep=0.20, ║∇J║=3.9e-06
Iteration 975/2000-----
currents: [100000.0, 99999.9999849027, 99999.99997541723]
J=3.0e-04, ⟨Jf⟩=2.7e-04, ⟨B·n⟩=4.1e-03, Len=sum([5.2, 5.2, 4.9])=15.4, ϰ=[5.5, 6.7, 5.9], ∫ϰ²/L>=[5.0, 7.1, 8.1], C-C-Sep=0.20, ║∇J║=4.3e-06
Iteration 976/2000-----
currents: [100000.0, 99999.99998488606, 99999.99997538952]
J=3.0e-04, ⟨Jf⟩=2.7e-04, ⟨B·n⟩=4.1e-03, Len=sum([5.2, 5.2, 4.9])=15.4, ϰ=[5.5, 6.7, 5.9], ∫ϰ²/L>=[5.0, 7.1, 8.1], C-C-Sep=0.20, ║∇J║=8.4e-06
Iteration 977/2000-----
currents: [100000.0, 99999.99998488405, 99999.99997538618]
J=3.0e-04, ⟨Jf⟩=2.7e-04, ⟨B·n⟩=4.1e-03, Len=sum([5.2, 5.2, 4.9])=15.4, ϰ=[5.5, 6.7, 5.9], ∫ϰ²/L>=[5.0, 7.1, 8.1], C-C-Sep=0.20, ║∇J║=4.1e-06
Iteration 978/2000-----
currents: [100000.0, 99999.99998487985, 99999.99997537915]
J=3.0e-04, ⟨Jf⟩=2.7e-04, ⟨B·n⟩=4.1e-03, Len=sum([5.2, 5.2, 4.9])=15.4, ϰ=[5.5, 6.7, 5.9], ∫ϰ²/L>=[5.0, 7.1, 8.1], C-C-Sep=0.20, ║∇J║=3.8e-06
Iteration 979/2000-----
currents: [100000.0, 99999.99998487147, 99999.9999753652]
J=3.0e-04, ⟨Jf⟩=2.7e-04, ⟨B·n⟩=4.1e-03, Len=sum([5.2, 5.2, 4.9])=15.4, ϰ=[5.5, 6.7, 5.9], ∫ϰ²/L>=[5.0, 7.1, 8.1], C-C-Sep=0.20, ║∇J║=4.4e-06
Iteration 980/2000-----
currents: [100000.0, 99999.99998486214, 99999.99997534972]
J=3.0e-04, ⟨Jf⟩=2.7e-04, ⟨B·n⟩=4.1e-03, Len=sum([5.2, 5.2, 4.9])=15.4, ϰ=[5.5, 6.7, 5.9], ∫ϰ²/L>=[5.0, 7.1, 8.1], C-C-Sep=0.20, ║∇J║=5.0e-06
Iteration 981/2000-----
currents: [100000.0, 99999.99998484261, 99999.99997531729]
J=3.0e-04, ⟨Jf⟩=2.7e-04, ⟨B·n⟩=4.1e-03, Len=sum([5.2, 5.2, 4.9])=15.4, ϰ=[5.5, 6.7, 5.9], ∫ϰ²/L>=[5.0, 7.1, 8.1], C-C-Sep=0.20, ║∇J║=6.4e-06
Iteration 982/2000-----
currents: [100000.0, 99999.99998484552, 99999.99997532218]
J=3.0e-04, ⟨Jf⟩=2.7e-04, ⟨B·n⟩=4.1e-03, Len=sum([5.2, 5.2, 4.9])=15.4, ϰ=[5.5, 6.7, 5.9], ∫ϰ²/L>=[5.0, 7.1, 8.1], C-C-Sep=0.20, ║∇J║=3.2e-06
Iteration 983/2000-----
currents: [100000.0, 99999.99998484748, 99999.99997532548]
J=3.0e-04, ⟨Jf⟩=2.7e-04, ⟨B·n⟩=4.1e-03, Len=sum([5.2, 5.2, 4.9])=15.4, ϰ=[5.5, 6.7, 5.9], ∫ϰ²/L>=[5.0, 7.1, 8.1], C-C-Sep=0.20, ║∇J║=3.1e-06
Iteration 984/2000-----
currents: [100000.0, 99999.99998484593, 99999.99997532293]
J=3.0e-04, ⟨Jf⟩=2.7e-04, ⟨B·n⟩=4.1e-03, Len=sum([5.2, 5.2, 4.9])=15.4, ϰ=[5.5, 6.7, 5.9], ∫ϰ²/L>=[5.0, 7.1, 8.1], C-C-Sep=0.20, ║∇J║=4.0e-06
Iteration 985/2000-----
currents: [100000.0, 99999.99998483961, 99999.99997531247]
J=3.0e-04, ⟨Jf⟩=2.7e-04, ⟨B·n⟩=4.1e-03, Len=sum([5.2, 5.2, 4.9])=15.4, ϰ=[5.5, 6.7, 5.9], ∫ϰ²/L>=[5.0, 7.1, 8.1], C-C-Sep=0.20, ║∇J║=4.2e-06
Iteration 986/2000-----
currents: [100000.0, 99999.9999848301, 99999.99997529665]
J=3.0e-04, ⟨Jf⟩=2.7e-04, ⟨B·n⟩=4.1e-03, Len=sum([5.2, 5.2, 4.9])=15.4, ϰ=[5.5, 6.7, 5.9], ∫ϰ²/L>=[5.0, 7.1, 8.1], C-C-Sep=0.20, ║∇J║=3.5e-06
Iteration 987/2000-----
currents: [100000.0, 99999.99998481663, 99999.99997527427]
J=3.0e-04, ⟨Jf⟩=2.7e-04, ⟨B·n⟩=4.1e-03, Len=sum([5.2, 5.2, 4.9])=15.4, ϰ=[5.5, 6.7, 5.9], ∫ϰ²/L>=[5.0, 7.1, 8.1], C-C-Sep=0.20, ║∇J║=4.7e-06
Iteration 988/2000-----
currents: [100000.0, 99999.99998480825, 99999.99997526033]
J=3.0e-04, ⟨Jf⟩=2.7e-04, ⟨B·n⟩=4.1e-03, Len=sum([5.2, 5.2, 4.9])=15.4, ϰ=[5.5, 6.7, 5.9], ∫ϰ²/L>=[5.0, 7.1, 8.1], C-C-Sep=0.20, ║∇J║=3.9e-06
Iteration 989/2000-----
currents: [100000.0, 99999.99998480204, 99999.99997525004]
J=3.0e-04, ⟨Jf⟩=2.7e-04, ⟨B·n⟩=4.1e-03, Len=sum([5.2, 5.2, 4.9])=15.4, ϰ=[5.5, 6.7, 5.9], ∫ϰ²/L>=[5.0, 7.1, 8.1], C-C-Sep=0.20, ║∇J║=4.1e-06
Iteration 990/2000-----
currents: [100000.0, 99999.9999847871, 99999.99997522525]
J=3.0e-04, ⟨Jf⟩=2.7e-04, ⟨B·n⟩=4.1e-03, Len=sum([5.2, 5.2, 4.9])=15.4, ϰ=[5.5, 6.7, 5.9], ∫ϰ²/L>=[5.0, 7.1, 8.1], C-C-Sep=0.20, ║∇J║=1.3e-05
Iteration 991/2000-----
currents: [100000.0, 99999.99998478947, 99999.99997522925]
J=3.0e-04, ⟨Jf⟩=2.7e-04, ⟨B·n⟩=4.1e-03, Len=sum([5.2, 5.2, 4.9])=15.4, ϰ=[5.5, 6.7, 5.9], ∫ϰ²/L>=[5.0, 7.1, 8.1], C-C-Sep=0.20, ║∇J║=4.1e-06
Iteration 992/2000-----
currents: [100000.0, 99999.99998478891, 99999.99997522835]
J=3.0e-04, ⟨Jf⟩=2.7e-04, ⟨B·n⟩=4.1e-03, Len=sum([5.2, 5.2, 4.9])=15.4, ϰ=[5.5, 6.7, 5.9], ∫ϰ²/L>=[5.0, 7.1, 8.1], C-C-Sep=0.20, ║∇J║=3.3e-06
Iteration 993/2000-----
currents: [100000.0, 99999.9999847832, 99999.99997521887]
J=3.0e-04, ⟨Jf⟩=2.7e-04, ⟨B·n⟩=4.1e-03, Len=sum([5.2, 5.2, 4.9])=15.4, ϰ=[5.5, 6.7, 5.9], ∫ϰ²/L>=[5.0, 7.1, 8.1], C-C-Sep=0.20, ║∇J║=4.0e-06
Iteration 994/2000-----
currents: [100000.0, 99999.99998477369, 99999.9999752031]
J=3.0e-04, ⟨Jf⟩=2.7e-04, ⟨B·n⟩=4.1e-03, Len=sum([5.2, 5.2, 4.9])=15.4, ϰ=[5.5, 6.7, 5.9], ∫ϰ²/L>=[5.0, 7.1, 8.1], C-C-Sep=0.20, ║∇J║=4.4e-06
Iteration 995/2000-----
currents: [100000.0, 99999.99998475217, 99999.99997516733]
J=3.0e-04, ⟨Jf⟩=2.7e-04, ⟨B·n⟩=4.1e-03, Len=sum([5.2, 5.2, 4.9])=15.4, ϰ=[5.5, 6.7, 5.9], ∫ϰ²/L>=[5.0, 7.1, 8.1], C-C-Sep=0.20, ║∇J║=4.9e-06
Iteration 996/2000-----
currents: [100000.0, 99999.99998472031, 99999.99997511439]
J=3.0e-04, ⟨Jf⟩=2.7e-04, ⟨B·n⟩=4.1e-03, Len=sum([5.2, 5.2, 4.9])=15.4, ϰ=[5.5, 6.7, 5.9], ∫ϰ²/L>=[5.0, 7.1, 8.1], C-C-Sep=0.20, ║∇J║=1.8e-05
Iteration 997/2000-----
currents: [100000.0, 99999.99998473795, 99999.9999751437]
J=3.0e-04, ⟨Jf⟩=2.7e-04, ⟨B·n⟩=4.1e-03, Len=sum([5.2, 5.2, 4.9])=15.4, ϰ=[5.5, 6.7, 5.9], ∫ϰ²/L>=[5.0, 7.1, 8.1], C-C-Sep=0.20, ║∇J║=7.8e-06
Iteration 998/2000-----
currents: [100000.0, 99999.99998472106, 99999.99997511561]
J=3.0e-04, ⟨Jf⟩=2.7e-04, ⟨B·n⟩=4.1e-03, Len=sum([5.2, 5.2, 4.9])=15.4, ϰ=[5.5, 6.7, 5.9], ∫ϰ²/L>=[5.0, 7.1, 8.1], C-C-Sep=0.20, ║∇J║=4.0e-06
Iteration 999/2000-----
currents: [100000.0, 99999.999984709, 99999.99997509553]
J=3.0e-04, ⟨Jf⟩=2.7e-04, ⟨B·n⟩=4.1e-03, Len=sum([5.2, 5.2, 4.9])=15.4, ϰ=[5.5, 6.7, 5.9], ∫ϰ²/L>=[5.0, 7.1, 8.1], C-C-Sep=0.20, ║∇J║=4.8e-06
Iteration 1000/2000-----
currents: [100000.0, 99999.9999846976, 99999.99997507656]
J=3.0e-04, ⟨Jf⟩=2.7e-04, ⟨B·n⟩=4.1e-03, Len=sum([5.2, 5.2, 4.9])=15.4, ϰ=[5.5, 6.7, 5.9], ∫ϰ²/L>=[5.0, 7.1, 8.1], C-C-Sep=0.20, ║∇J║=7.8e-06
Iteration 1001/2000-----
currents: [100000.0, 99999.99998469395, 99999.9999750705]
J=3.0e-04, ⟨Jf⟩=2.7e-04, ⟨B·n⟩=4.1e-03, Len=sum([5.2, 5.2, 4.9])=15.4, ϰ=[5.5, 6.7, 5.9], ∫ϰ²/L>=[5.0, 7.1, 8.1], C-C-Sep=0.20, ║∇J║=5.4e-06
Iteration 1002/2000-----
currents: [100000.0, 99999.99998468398, 99999.99997505393]
J=3.0e-04, ⟨Jf⟩=2.7e-04, ⟨B·n⟩=4.1e-03, Len=sum([5.2, 5.2, 4.9])=15.4, ϰ=[5.5, 6.7, 5.9], ∫ϰ²/L>=[5.0, 7.1, 8.1], C-C-Sep=0.20, ║∇J║=4.4e-06
Iteration 1003/2000-----
currents: [100000.0, 99999.99998467472, 99999.99997503856]
J=3.0e-04, ⟨Jf⟩=2.7e-04, ⟨B·n⟩=4.1e-03, Len=sum([5.2, 5.2, 4.9])=15.4, ϰ=[5.5, 6.7, 5.9], ∫ϰ²/L>=[5.0, 7.1, 8.1], C-C-Sep=0.20, ║∇J║=6.1e-06
Iteration 1004/2000-----
currents: [100000.0, 99999.99998465995, 99999.99997501398]
J=3.0e-04, ⟨Jf⟩=2.7e-04, ⟨B·n⟩=4.1e-03, Len=sum([5.2, 5.2, 4.9])=15.4, ϰ=[5.5, 6.7, 5.9], ∫ϰ²/L>=[5.0, 7.1, 8.1], C-C-Sep=0.20, ║∇J║=5.2e-06
Iteration 1005/2000-----
currents: [100000.0, 99999.9999846396, 99999.99997498006]
J=3.0e-04, ⟨Jf⟩=2.7e-04, ⟨B·n⟩=4.1e-03, Len=sum([5.2, 5.2, 4.9])=15.4, ϰ=[5.5, 6.7, 5.9], ∫ϰ²/L>=[5.0, 7.1, 8.1], C-C-Sep=0.20, ║∇J║=5.1e-06
Iteration 1006/2000-----
currents: [100000.0, 99999.9999846121, 99999.99997493428]
J=3.0e-04, ⟨Jf⟩=2.7e-04, ⟨B·n⟩=4.1e-03, Len=sum([5.2, 5.2, 4.9])=15.4, ϰ=[5.5, 6.7, 5.9], ∫ϰ²/L>=[5.0, 7.1, 8.1], C-C-Sep=0.20, ║∇J║=8.1e-06
Iteration 1007/2000-----
currents: [100000.0, 99999.99998459581, 99999.9999749071]
J=3.0e-04, ⟨Jf⟩=2.7e-04, ⟨B·n⟩=4.1e-03, Len=sum([5.2, 5.2, 4.9])=15.4, ϰ=[5.5, 6.7, 5.9], ∫ϰ²/L>=[5.0, 7.1, 8.1], C-C-Sep=0.20, ║∇J║=7.2e-06
Iteration 1008/2000-----
currents: [100000.0, 99999.9999845984, 99999.9999749114]
J=3.0e-04, ⟨Jf⟩=2.7e-04, ⟨B·n⟩=4.1e-03, Len=sum([5.2, 5.2, 4.9])=15.4, ϰ=[5.5, 6.7, 5.9], ∫ϰ²/L>=[5.0, 7.1, 8.1], C-C-Sep=0.20, ║∇J║=4.3e-06
Iteration 1009/2000-----
currents: [100000.0, 99999.99998459974, 99999.99997491365]
J=3.0e-04, ⟨Jf⟩=2.7e-04, ⟨B·n⟩=4.1e-03, Len=sum([5.2, 5.2, 4.9])=15.4, ϰ=[5.5, 6.7, 5.9], ∫ϰ²/L>=[5.0, 7.1, 8.1], C-C-Sep=0.20, ║∇J║=4.1e-06
Iteration 1010/2000-----
currents: [100000.0, 99999.99998459237, 99999.9999749014]
J=3.0e-04, ⟨Jf⟩=2.7e-04, ⟨B·n⟩=4.1e-03, Len=sum([5.2, 5.2, 4.9])=15.4, ϰ=[5.5, 6.7, 5.9], ∫ϰ²/L>=[5.0, 7.1, 8.1], C-C-Sep=0.20, ║∇J║=5.5e-06
Iteration 1011/2000-----
currents: [100000.0, 99999.99998456985, 99999.99997486388]
J=3.0e-04, ⟨Jf⟩=2.7e-04, ⟨B·n⟩=4.1e-03, Len=sum([5.2, 5.2, 4.9])=15.4, ϰ=[5.5, 6.7, 5.9], ∫ϰ²/L>=[5.0, 7.1, 8.1], C-C-Sep=0.20, ║∇J║=6.3e-06
Iteration 1012/2000-----
currents: [100000.0, 99999.99998455575, 99999.99997484038]
J=3.0e-04, ⟨Jf⟩=2.7e-04, ⟨B·n⟩=4.1e-03, Len=sum([5.2, 5.2, 4.9])=15.4, ϰ=[5.5, 6.7, 5.9], ∫ϰ²/L>=[5.0, 7.1, 8.1], C-C-Sep=0.20, ║∇J║=4.5e-06
Iteration 1013/2000-----
currents: [100000.0, 99999.99998454559, 99999.99997482344]
J=3.0e-04, ⟨Jf⟩=2.7e-04, ⟨B·n⟩=4.1e-03, Len=sum([5.2, 5.2, 4.9])=15.4, ϰ=[5.5, 6.7, 5.9], ∫ϰ²/L>=[5.0, 7.1, 8.1], C-C-Sep=0.20, ║∇J║=4.2e-06
Iteration 1014/2000-----
currents: [100000.0, 99999.9999845339, 99999.99997480396]
J=3.0e-04, ⟨Jf⟩=2.7e-04, ⟨B·n⟩=4.1e-03, Len=sum([5.2, 5.2, 4.9])=15.4, ϰ=[5.5, 6.7, 5.9], ∫ϰ²/L>=[5.0, 7.1, 8.1], C-C-Sep=0.20, ║∇J║=4.9e-06
Iteration 1015/2000-----
currents: [100000.0, 99999.99998452076, 99999.99997478208]
J=3.0e-04, ⟨Jf⟩=2.7e-04, ⟨B·n⟩=4.1e-03, Len=sum([5.2, 5.2, 4.9])=15.4, ϰ=[5.5, 6.7, 5.9], ∫ϰ²/L>=[5.0, 7.1, 8.1], C-C-Sep=0.20, ║∇J║=6.3e-06
Iteration 1016/2000-----
currents: [100000.0, 99999.99998449565, 99999.99997474025]
J=3.0e-04, ⟨Jf⟩=2.7e-04, ⟨B·n⟩=4.1e-03, Len=sum([5.2, 5.2, 4.9])=15.4, ϰ=[5.5, 6.7, 5.9], ∫ϰ²/L>=[5.0, 7.1, 8.1], C-C-Sep=0.20, ║∇J║=1.1e-05
Iteration 1017/2000-----
currents: [100000.0, 99999.99998449159, 99999.99997473355]
J=3.0e-04, ⟨Jf⟩=2.7e-04, ⟨B·n⟩=4.1e-03, Len=sum([5.2, 5.2, 4.9])=15.4, ϰ=[5.5, 6.7, 5.9], ∫ϰ²/L>=[5.0, 7.1, 8.1], C-C-Sep=0.20, ║∇J║=6.3e-06
Iteration 1018/2000-----
currents: [100000.0, 99999.99998448523, 99999.99997472303]
J=3.0e-04, ⟨Jf⟩=2.7e-04, ⟨B·n⟩=4.1e-03, Len=sum([5.2, 5.2, 4.9])=15.4, ϰ=[5.5, 6.7, 5.9], ∫ϰ²/L>=[5.0, 7.1, 8.1], C-C-Sep=0.20, ║∇J║=6.4e-06
Iteration 1019/2000-----
currents: [100000.0, 99999.99998446974, 99999.9999746973]
J=3.0e-04, ⟨Jf⟩=2.7e-04, ⟨B·n⟩=4.1e-03, Len=sum([5.2, 5.2, 4.9])=15.4, ϰ=[5.5, 6.7, 5.9], ∫ϰ²/L>=[5.0, 7.1, 8.1], C-C-Sep=0.20, ║∇J║=7.4e-06
Iteration 1020/2000-----
currents: [100000.0, 99999.99998443364, 99999.99997463718]
J=3.0e-04, ⟨Jf⟩=2.7e-04, ⟨B·n⟩=4.1e-03, Len=sum([5.2, 5.2, 4.9])=15.4, ϰ=[5.5, 6.7, 5.9], ∫ϰ²/L>=[5.0, 7.1, 8.1], C-C-Sep=0.20, ║∇J║=7.8e-06
Iteration 1021/2000-----
currents: [100000.0, 99999.99998437037, 99999.99997453179]
J=3.0e-04, ⟨Jf⟩=2.7e-04, ⟨B·n⟩=4.1e-03, Len=sum([5.2, 5.2, 4.9])=15.4, ϰ=[5.5, 6.7, 5.9], ∫ϰ²/L>=[5.0, 7.1, 8.1], C-C-Sep=0.20, ║∇J║=2.7e-05
Iteration 1022/2000-----
currents: [100000.0, 99999.99998441094, 99999.99997459937]
J=3.0e-04, ⟨Jf⟩=2.7e-04, ⟨B·n⟩=4.1e-03, Len=sum([5.2, 5.2, 4.9])=15.4, ϰ=[5.5, 6.7, 5.9], ∫ϰ²/L>=[5.0, 7.1, 8.1], C-C-Sep=0.20, ║∇J║=1.1e-05
Iteration 1023/2000-----
currents: [100000.0, 99999.99998437312, 99999.99997453627]
J=3.0e-04, ⟨Jf⟩=2.7e-04, ⟨B·n⟩=4.1e-03, Len=sum([5.2, 5.2, 4.9])=15.4, ϰ=[5.5, 6.7, 5.9], ∫ϰ²/L>=[5.0, 7.1, 8.1], C-C-Sep=0.20, ║∇J║=5.9e-06
Iteration 1024/2000-----
currents: [100000.0, 99999.99998434739, 99999.9999744933]
J=3.0e-04, ⟨Jf⟩=2.7e-04, ⟨B·n⟩=4.1e-03, Len=sum([5.2, 5.2, 4.9])=15.4, ϰ=[5.5, 6.7, 5.9], ∫ϰ²/L>=[5.0, 7.1, 8.1], C-C-Sep=0.20, ║∇J║=5.6e-06
Iteration 1025/2000-----
currents: [100000.0, 99999.9999843233, 99999.99997445305]
J=3.0e-04, ⟨Jf⟩=2.7e-04, ⟨B·n⟩=4.1e-03, Len=sum([5.2, 5.2, 4.9])=15.4, ϰ=[5.5, 6.7, 5.9], ∫ϰ²/L>=[5.0, 7.1, 8.1], C-C-Sep=0.20, ║∇J║=8.1e-06
Iteration 1026/2000-----
currents: [100000.0, 99999.99998430956, 99999.99997443013]
J=3.0e-04, ⟨Jf⟩=2.7e-04, ⟨B·n⟩=4.1e-03, Len=sum([5.2, 5.2, 4.9])=15.4, ϰ=[5.5, 6.7, 5.9], ∫ϰ²/L>=[5.0, 7.1, 8.1], C-C-Sep=0.20, ║∇J║=7.2e-06
Iteration 1027/2000-----
currents: [100000.0, 99999.99998428284, 99999.99997438563]
J=3.0e-04, ⟨Jf⟩=2.7e-04, ⟨B·n⟩=4.1e-03, Len=sum([5.2, 5.2, 4.9])=15.4, ϰ=[5.5, 6.7, 5.9], ∫ϰ²/L>=[5.0, 7.1, 8.1], C-C-Sep=0.20, ║∇J║=6.1e-06
Iteration 1028/2000-----
currents: [100000.0, 99999.99998425263, 99999.99997433535]
J=3.0e-04, ⟨Jf⟩=2.7e-04, ⟨B·n⟩=4.1e-03, Len=sum([5.2, 5.2, 4.9])=15.4, ϰ=[5.5, 6.7, 5.9], ∫ϰ²/L>=[5.0, 7.1, 8.1], C-C-Sep=0.20, ║∇J║=6.5e-06
Iteration 1029/2000-----
currents: [100000.0, 99999.99998418815, 99999.99997422799]
J=3.0e-04, ⟨Jf⟩=2.7e-04, ⟨B·n⟩=4.1e-03, Len=sum([5.2, 5.2, 4.9])=15.4, ϰ=[5.5, 6.7, 5.9], ∫ϰ²/L>=[5.0, 7.1, 8.1], C-C-Sep=0.20, ║∇J║=1.2e-05
Iteration 1030/2000-----
currents: [100000.0, 99999.99998417703, 99999.99997420948]
J=3.0e-04, ⟨Jf⟩=2.7e-04, ⟨B·n⟩=4.1e-03, Len=sum([5.2, 5.2, 4.9])=15.4, ϰ=[5.5, 6.7, 5.9], ∫ϰ²/L>=[5.0, 7.1, 8.1], C-C-Sep=0.20, ║∇J║=7.8e-06
Iteration 1031/2000-----
currents: [100000.0, 99999.99998416186, 99999.99997418415]
J=3.0e-04, ⟨Jf⟩=2.7e-04, ⟨B·n⟩=4.1e-03, Len=sum([5.2, 5.2, 4.9])=15.4, ϰ=[5.5, 6.7, 5.9], ∫ϰ²/L>=[5.0, 7.1, 8.1], C-C-Sep=0.20, ║∇J║=8.3e-06
Iteration 1032/2000-----
currents: [100000.0, 99999.99998411945, 99999.99997411344]
J=3.0e-04, ⟨Jf⟩=2.7e-04, ⟨B·n⟩=4.1e-03, Len=sum([5.2, 5.2, 4.9])=15.4, ϰ=[5.5, 6.7, 5.9], ∫ϰ²/L>=[5.0, 7.1, 8.1], C-C-Sep=0.20, ║∇J║=1.1e-05
Iteration 1033/2000-----
currents: [100000.0, 99999.9999840515, 99999.99997400017]
J=3.0e-04, ⟨Jf⟩=2.7e-04, ⟨B·n⟩=4.1e-03, Len=sum([5.2, 5.2, 4.9])=15.4, ϰ=[5.5, 6.7, 5.9], ∫ϰ²/L>=[5.0, 7.1, 8.1], C-C-Sep=0.20, ║∇J║=1.8e-05
Iteration 1034/2000-----
currents: [100000.0, 99999.99998400953, 99999.99997393027]
J=3.0e-04, ⟨Jf⟩=2.7e-04, ⟨B·n⟩=4.1e-03, Len=sum([5.2, 5.2, 4.9])=15.4, ϰ=[5.5, 6.7, 5.9], ∫ϰ²/L>=[5.0, 7.1, 8.1], C-C-Sep=0.20, ║∇J║=9.2e-06
Iteration 1035/2000-----
currents: [100000.0, 99999.99998397633, 99999.99997387503]
J=3.0e-04, ⟨Jf⟩=2.7e-04, ⟨B·n⟩=4.1e-03, Len=sum([5.2, 5.2, 4.9])=15.4, ϰ=[5.5, 6.7, 5.9], ∫ϰ²/L>=[5.0, 7.1, 8.1], C-C-Sep=0.20, ║∇J║=6.4e-06
Iteration 1036/2000-----
currents: [100000.0, 99999.9999839532, 99999.99997383659]
J=3.0e-04, ⟨Jf⟩=2.7e-04, ⟨B·n⟩=4.1e-03, Len=sum([5.2, 5.2, 4.9])=15.4, ϰ=[5.5, 6.7, 5.9], ∫ϰ²/L>=[5.0, 7.1, 8.1], C-C-Sep=0.20, ║∇J║=8.2e-06
Iteration 1037/2000-----
currents: [100000.0, 99999.99998391011, 99999.9999737649]
J=3.0e-04, ⟨Jf⟩=2.7e-04, ⟨B·n⟩=4.1e-03, Len=sum([5.2, 5.2, 4.9])=15.4, ϰ=[5.5, 6.7, 5.9], ∫ϰ²/L>=[5.0, 7.1, 8.1], C-C-Sep=0.20, ║∇J║=1.5e-05
Iteration 1038/2000-----
currents: [100000.0, 99999.99998390101, 99999.99997374981]
J=3.0e-04, ⟨Jf⟩=2.7e-04, ⟨B·n⟩=4.1e-03, Len=sum([5.2, 5.2, 4.9])=15.4, ϰ=[5.5, 6.7, 5.9], ∫ϰ²/L>=[5.0, 7.1, 8.1], C-C-Sep=0.20, ║∇J║=7.4e-06
Iteration 1039/2000-----
currents: [100000.0, 99999.9999838929, 99999.99997373633]
J=3.0e-04, ⟨Jf⟩=2.7e-04, ⟨B·n⟩=4.1e-03, Len=sum([5.2, 5.2, 4.9])=15.4, ϰ=[5.5, 6.7, 5.9], ∫ϰ²/L>=[5.0, 7.1, 8.1], C-C-Sep=0.20, ║∇J║=5.6e-06
Iteration 1040/2000-----
currents: [100000.0, 99999.99998387351, 99999.99997370399]
J=3.0e-04, ⟨Jf⟩=2.7e-04, ⟨B·n⟩=4.1e-03, Len=sum([5.2, 5.2, 4.9])=15.4, ϰ=[5.5, 6.7, 5.9], ∫ϰ²/L>=[5.0, 7.1, 8.1], C-C-Sep=0.20, ║∇J║=6.4e-06
Iteration 1041/2000-----
currents: [100000.0, 99999.99998383423, 99999.99997363848]
J=3.0e-04, ⟨Jf⟩=2.7e-04, ⟨B·n⟩=4.1e-03, Len=sum([5.2, 5.2, 4.9])=15.4, ϰ=[5.5, 6.7, 5.9], ∫ϰ²/L>=[5.0, 7.1, 8.1], C-C-Sep=0.20, ║∇J║=8.1e-06
Iteration 1042/2000-----
currents: [100000.0, 99999.99998374058, 99999.99997348225]
J=3.0e-04, ⟨Jf⟩=2.7e-04, ⟨B·n⟩=4.1e-03, Len=sum([5.2, 5.2, 4.9])=15.4, ϰ=[5.5, 6.7, 5.9], ∫ϰ²/L>=[5.0, 7.1, 8.1], C-C-Sep=0.20, ║∇J║=1.3e-05
Iteration 1043/2000-----
currents: [100000.0, 99999.99998365289, 99999.999973336]
J=3.0e-04, ⟨Jf⟩=2.7e-04, ⟨B·n⟩=4.1e-03, Len=sum([5.2, 5.2, 4.9])=15.4, ϰ=[5.5, 6.7, 5.9], ∫ϰ²/L>=[5.0, 7.1, 8.1], C-C-Sep=0.20, ║∇J║=1.5e-05
Iteration 1044/2000-----
currents: [100000.0, 99999.99998361742, 99999.99997327683]
J=3.0e-04, ⟨Jf⟩=2.7e-04, ⟨B·n⟩=4.1e-03, Len=sum([5.2, 5.2, 4.9])=15.4, ϰ=[5.5, 6.7, 5.9], ∫ϰ²/L>=[5.0, 7.1, 8.1], C-C-Sep=0.20, ║∇J║=1.0e-05
Iteration 1045/2000-----
currents: [100000.0, 99999.99998357911, 99999.99997321301]
J=3.0e-04, ⟨Jf⟩=2.7e-04, ⟨B·n⟩=4.1e-03, Len=sum([5.2, 5.2, 4.9])=15.4, ϰ=[5.5, 6.7, 5.9], ∫ϰ²/L>=[5.0, 7.1, 8.1], C-C-Sep=0.20, ║∇J║=9.5e-06
Iteration 1046/2000-----
currents: [100000.0, 99999.99998354152, 99999.99997315038]
J=3.0e-04, ⟨Jf⟩=2.7e-04, ⟨B·n⟩=4.1e-03, Len=sum([5.2, 5.2, 4.9])=15.4, ϰ=[5.5, 6.7, 5.9], ∫ϰ²/L>=[5.0, 7.1, 8.1], C-C-Sep=0.20, ║∇J║=1.0e-05
Iteration 1047/2000-----
currents: [100000.0, 99999.99998344001, 99999.99997298126]
J=3.0e-04, ⟨Jf⟩=2.7e-04, ⟨B·n⟩=4.1e-03, Len=sum([5.2, 5.2, 4.9])=15.4, ϰ=[5.5, 6.7, 5.9], ∫ϰ²/L>=[5.0, 7.1, 8.1], C-C-Sep=0.20, ║∇J║=1.3e-05
Iteration 1048/2000-----
currents: [100000.0, 99999.99998333484, 99999.99997280599]
J=3.0e-04, ⟨Jf⟩=2.7e-04, ⟨B·n⟩=4.1e-03, Len=sum([5.2, 5.2, 4.9])=15.4, ϰ=[5.5, 6.7, 5.9], ∫ϰ²/L>=[5.0, 7.1, 8.1], C-C-Sep=0.20, ║∇J║=3.1e-05
Iteration 1049/2000-----
currents: [100000.0, 99999.99998339097, 99999.99997289952]
J=3.0e-04, ⟨Jf⟩=2.7e-04, ⟨B·n⟩=4.1e-03, Len=sum([5.2, 5.2, 4.9])=15.4, ϰ=[5.5, 6.7, 5.9], ∫ϰ²/L>=[5.0, 7.1, 8.1], C-C-Sep=0.20, ║∇J║=1.4e-05
Iteration 1050/2000-----
currents: [100000.0, 99999.99998335056, 99999.99997283217]
J=3.0e-04, ⟨Jf⟩=2.7e-04, ⟨B·n⟩=4.1e-03, Len=sum([5.2, 5.2, 4.9])=15.4, ϰ=[5.5, 6.7, 5.9], ∫ϰ²/L>=[5.0, 7.1, 8.1], C-C-Sep=0.20, ║∇J║=8.1e-06
Iteration 1051/2000-----
currents: [100000.0, 99999.99998330727, 99999.99997275996]
J=3.0e-04, ⟨Jf⟩=2.7e-04, ⟨B·n⟩=4.1e-03, Len=sum([5.2, 5.2, 4.9])=15.4, ϰ=[5.5, 6.7, 5.9], ∫ϰ²/L>=[5.0, 7.1, 8.1], C-C-Sep=0.20, ║∇J║=8.0e-06
Iteration 1052/2000-----
currents: [100000.0, 99999.99998324706, 99999.9999726595]
J=3.0e-04, ⟨Jf⟩=2.7e-04, ⟨B·n⟩=4.1e-03, Len=sum([5.2, 5.2, 4.9])=15.4, ϰ=[5.5, 6.7, 5.9], ∫ϰ²/L>=[5.0, 7.1, 8.1], C-C-Sep=0.20, ║∇J║=1.0e-05
Iteration 1053/2000-----
currents: [100000.0, 99999.99998313624, 99999.9999724746]
J=3.0e-04, ⟨Jf⟩=2.7e-04, ⟨B·n⟩=4.1e-03, Len=sum([5.2, 5.2, 4.9])=15.4, ϰ=[5.5, 6.7, 5.9], ∫ϰ²/L>=[5.0, 7.1, 8.1], C-C-Sep=0.20, ║∇J║=1.4e-05
Iteration 1054/2000-----
currents: [100000.0, 99999.99998295687, 99999.99997217531]
J=3.0e-04, ⟨Jf⟩=2.7e-04, ⟨B·n⟩=4.1e-03, Len=sum([5.2, 5.2, 4.9])=15.4, ϰ=[5.5, 6.7, 5.9], ∫ϰ²/L>=[5.0, 7.1, 8.1], C-C-Sep=0.20, ║∇J║=3.2e-05
Iteration 1055/2000-----
currents: [100000.0, 99999.99998304603, 99999.99997232408]
J=3.0e-04, ⟨Jf⟩=2.7e-04, ⟨B·n⟩=4.1e-03, Len=sum([5.2, 5.2, 4.9])=15.4, ϰ=[5.5, 6.7, 5.9], ∫ϰ²/L>=[5.0, 7.1, 8.1], C-C-Sep=0.20, ║∇J║=1.6e-05
Iteration 1056/2000-----
currents: [100000.0, 99999.999982997, 99999.9999722422]
J=3.0e-04, ⟨Jf⟩=2.7e-04, ⟨B·n⟩=4.1e-03, Len=sum([5.2, 5.2, 4.9])=15.4, ϰ=[5.5, 6.7, 5.9], ∫ϰ²/L>=[5.0, 7.1, 8.1], C-C-Sep=0.20, ║∇J║=9.3e-06
Iteration 1057/2000-----
currents: [100000.0, 99999.99998295943, 99999.9999721795]
J=3.0e-04, ⟨Jf⟩=2.7e-04, ⟨B·n⟩=4.1e-03, Len=sum([5.2, 5.2, 4.9])=15.4, ϰ=[5.5, 6.7, 5.9], ∫ϰ²/L>=[5.0, 7.1, 8.1], C-C-Sep=0.20, ║∇J║=9.1e-06
Iteration 1058/2000-----
currents: [100000.0, 99999.99998291253, 99999.99997210121]
J=3.0e-04, ⟨Jf⟩=2.7e-04, ⟨B·n⟩=4.1e-03, Len=sum([5.2, 5.2, 4.9])=15.4, ϰ=[5.5, 6.7, 5.9], ∫ϰ²/L>=[5.0, 7.1, 8.1], C-C-Sep=0.20, ║∇J║=1.2e-05
Iteration 1059/2000-----
currents: [100000.0, 99999.9999827704, 99999.99997186403]
J=3.0e-04, ⟨Jf⟩=2.7e-04, ⟨B·n⟩=4.1e-03, Len=sum([5.2, 5.2, 4.9])=15.4, ϰ=[5.5, 6.7, 5.9], ∫ϰ²/L>=[5.0, 7.1, 8.1], C-C-Sep=0.20, ║∇J║=2.6e-05
Iteration 1060/2000-----
currents: [100000.0, 99999.99998270979, 99999.99997176293]
J=3.0e-04, ⟨Jf⟩=2.7e-04, ⟨B·n⟩=4.1e-03, Len=sum([5.2, 5.2, 4.9])=15.4, ϰ=[5.5, 6.7, 5.9], ∫ϰ²/L>=[5.0, 7.1, 8.1], C-C-Sep=0.20, ║∇J║=1.2e-05
Iteration 1061/2000-----
currents: [100000.0, 99999.99998264419, 99999.99997165344]
J=3.0e-04, ⟨Jf⟩=2.7e-04, ⟨B·n⟩=4.1e-03, Len=sum([5.2, 5.2, 4.9])=15.4, ϰ=[5.5, 6.7, 5.9], ∫ϰ²/L>=[5.0, 7.1, 8.1], C-C-Sep=0.20, ║∇J║=1.1e-05
Iteration 1062/2000-----
currents: [100000.0, 99999.99998254288, 99999.99997148439]
J=3.0e-04, ⟨Jf⟩=2.7e-04, ⟨B·n⟩=4.1e-03, Len=sum([5.2, 5.2, 4.9])=15.4, ϰ=[5.5, 6.7, 5.9], ∫ϰ²/L>=[5.0, 7.1, 8.1], C-C-Sep=0.20, ║∇J║=1.2e-05
Iteration 1063/2000-----
currents: [100000.0, 99999.99998241641, 99999.99997127337]
J=3.0e-04, ⟨Jf⟩=2.7e-04, ⟨B·n⟩=4.1e-03, Len=sum([5.2, 5.2, 4.9])=15.4, ϰ=[5.5, 6.7, 5.9], ∫ϰ²/L>=[5.0, 7.1, 8.1], C-C-Sep=0.20, ║∇J║=1.7e-05
Iteration 1064/2000-----
currents: [100000.0, 99999.99998222048, 99999.99997094659]
J=3.0e-04, ⟨Jf⟩=2.7e-04, ⟨B·n⟩=4.1e-03, Len=sum([5.2, 5.2, 4.9])=15.4, ϰ=[5.5, 6.7, 5.9], ∫ϰ²/L>=[5.0, 7.1, 8.1], C-C-Sep=0.20, ║∇J║=1.5e-05
Iteration 1065/2000-----
currents: [100000.0, 99999.9999821906, 99999.99997089684]
J=3.0e-04, ⟨Jf⟩=2.7e-04, ⟨B·n⟩=4.1e-03, Len=sum([5.2, 5.2, 4.9])=15.4, ϰ=[5.5, 6.7, 5.9], ∫ϰ²/L>=[5.0, 7.1, 8.1], C-C-Sep=0.20, ║∇J║=1.1e-05
Iteration 1066/2000-----
currents: [100000.0, 99999.99998216242, 99999.9999708501]
J=3.0e-04, ⟨Jf⟩=2.7e-04, ⟨B·n⟩=4.1e-03, Len=sum([5.2, 5.2, 4.9])=15.4, ϰ=[5.5, 6.7, 5.9], ∫ϰ²/L>=[5.0, 7.1, 8.1], C-C-Sep=0.20, ║∇J║=1.4e-05
Iteration 1067/2000-----
currents: [100000.0, 99999.99998209816, 99999.99997074316]
J=3.0e-04, ⟨Jf⟩=2.7e-04, ⟨B·n⟩=4.1e-03, Len=sum([5.2, 5.2, 4.9])=15.4, ϰ=[5.5, 6.7, 5.9], ∫ϰ²/L>=[5.0, 7.1, 8.1], C-C-Sep=0.20, ║∇J║=2.5e-05
Iteration 1068/2000-----
currents: [100000.0, 99999.99998203041, 99999.9999706303]
J=3.0e-04, ⟨Jf⟩=2.7e-04, ⟨B·n⟩=4.1e-03, Len=sum([5.2, 5.2, 4.9])=15.4, ϰ=[5.5, 6.7, 5.9], ∫ϰ²/L>=[5.0, 7.1, 8.1], C-C-Sep=0.20, ║∇J║=1.7e-05
Iteration 1069/2000-----
currents: [100000.0, 99999.99998180241, 99999.99997025028]
J=3.0e-04, ⟨Jf⟩=2.7e-04, ⟨B·n⟩=4.1e-03, Len=sum([5.2, 5.2, 4.9])=15.4, ϰ=[5.5, 6.7, 5.9], ∫ϰ²/L>=[5.0, 7.1, 8.1], C-C-Sep=0.20, ║∇J║=1.5e-05
Iteration 1070/2000-----
currents: [100000.0, 99999.99998161093, 99999.99996993094]
J=3.0e-04, ⟨Jf⟩=2.7e-04, ⟨B·n⟩=4.1e-03, Len=sum([5.2, 5.2, 4.9])=15.4, ϰ=[5.5, 6.7, 5.9], ∫ϰ²/L>=[5.0, 7.1, 8.1], C-C-Sep=0.20, ║∇J║=1.7e-05
Iteration 1071/2000-----
currents: [100000.0, 99999.99998123519, 99999.99996930407]
J=3.0e-04, ⟨Jf⟩=2.7e-04, ⟨B·n⟩=4.1e-03, Len=sum([5.2, 5.2, 4.9])=15.4, ϰ=[5.5, 6.7, 5.9], ∫ϰ²/L>=[5.0, 7.1, 8.1], C-C-Sep=0.20, ║∇J║=2.2e-05
Iteration 1072/2000-----
currents: [100000.0, 99999.99998077865, 99999.99996854232]
J=3.0e-04, ⟨Jf⟩=2.7e-04, ⟨B·n⟩=4.1e-03, Len=sum([5.2, 5.2, 4.9])=15.4, ϰ=[5.5, 6.7, 5.9], ∫ϰ²/L>=[5.0, 7.1, 8.1], C-C-Sep=0.20, ║∇J║=5.2e-05
Iteration 1073/2000-----
currents: [100000.0, 99999.99998103133, 99999.99996896394]
J=3.0e-04, ⟨Jf⟩=2.7e-04, ⟨B·n⟩=4.1e-03, Len=sum([5.2, 5.2, 4.9])=15.4, ϰ=[5.5, 6.7, 5.9], ∫ϰ²/L>=[5.0, 7.1, 8.1], C-C-Sep=0.20, ║∇J║=2.1e-05
Iteration 1074/2000-----
currents: [100000.0, 99999.99998093807, 99999.99996880828]
J=3.0e-04, ⟨Jf⟩=2.7e-04, ⟨B·n⟩=4.1e-03, Len=sum([5.2, 5.2, 4.9])=15.4, ϰ=[5.5, 6.7, 5.9], ∫ϰ²/L>=[5.0, 7.1, 8.1], C-C-Sep=0.20, ║∇J║=1.2e-05
Iteration 1075/2000-----
currents: [100000.0, 99999.9999808837, 99999.99996871753]
J=3.0e-04, ⟨Jf⟩=2.7e-04, ⟨B·n⟩=4.1e-03, Len=sum([5.2, 5.2, 4.9])=15.4, ϰ=[5.5, 6.7, 5.9], ∫ϰ²/L>=[5.0, 7.1, 8.1], C-C-Sep=0.20, ║∇J║=1.5e-05
Iteration 1076/2000-----
currents: [100000.0, 99999.99998078127, 99999.99996854665]
J=3.0e-04, ⟨Jf⟩=2.7e-04, ⟨B·n⟩=4.1e-03, Len=sum([5.2, 5.2, 4.9])=15.4, ϰ=[5.5, 6.7, 5.9], ∫ϰ²/L>=[5.0, 7.1, 8.1], C-C-Sep=0.20, ║∇J║=2.2e-05
Iteration 1077/2000-----
currents: [100000.0, 99999.99998056651, 99999.99996818861]
J=3.0e-04, ⟨Jf⟩=2.7e-04, ⟨B·n⟩=4.1e-03, Len=sum([5.2, 5.2, 4.9])=15.4, ϰ=[5.5, 6.7, 5.9], ∫ϰ²/L>=[5.0, 7.1, 8.1], C-C-Sep=0.20, ║∇J║=2.8e-05
Iteration 1078/2000-----
currents: [100000.0, 99999.9999804238, 99999.99996795064]
J=3.0e-04, ⟨Jf⟩=2.7e-04, ⟨B·n⟩=4.1e-03, Len=sum([5.2, 5.2, 4.9])=15.4, ϰ=[5.5, 6.7, 5.9], ∫ϰ²/L>=[5.0, 7.1, 8.1], C-C-Sep=0.20, ║∇J║=1.5e-05
Iteration 1079/2000-----
currents: [100000.0, 99999.99998025384, 99999.99996766723]
J=3.0e-04, ⟨Jf⟩=2.7e-04, ⟨B·n⟩=4.1e-03, Len=sum([5.2, 5.2, 4.9])=15.4, ϰ=[5.5, 6.7, 5.9], ∫ϰ²/L>=[5.0, 7.1, 8.1], C-C-Sep=0.20, ║∇J║=1.6e-05
Iteration 1080/2000-----
currents: [100000.0, 99999.99998010873, 99999.99996742516]
J=3.0e-04, ⟨Jf⟩=2.7e-04, ⟨B·n⟩=4.1e-03, Len=sum([5.2, 5.2, 4.9])=15.4, ϰ=[5.5, 6.7, 5.9], ∫ϰ²/L>=[5.0, 7.1, 8.1], C-C-Sep=0.20, ║∇J║=2.1e-05
Iteration 1081/2000-----
currents: [100000.0, 99999.99997987457, 99999.99996703432]
J=3.0e-04, ⟨Jf⟩=2.7e-04, ⟨B·n⟩=4.1e-03, Len=sum([5.2, 5.2, 4.9])=15.4, ϰ=[5.5, 6.7, 5.9], ∫ϰ²/L>=[5.0, 7.1, 8.1], C-C-Sep=0.20, ║∇J║=2.1e-05
Iteration 1082/2000-----
currents: [100000.0, 99999.99997961718, 99999.99996660455]
J=3.0e-04, ⟨Jf⟩=2.7e-04, ⟨B·n⟩=4.1e-03, Len=sum([5.2, 5.2, 4.9])=15.4, ϰ=[5.5, 6.7, 5.9], ∫ϰ²/L>=[5.0, 7.1, 8.1], C-C-Sep=0.20, ║∇J║=2.1e-05
Iteration 1083/2000-----
currents: [100000.0, 99999.99997942519, 99999.9999662839]
J=3.0e-04, ⟨Jf⟩=2.7e-04, ⟨B·n⟩=4.1e-03, Len=sum([5.2, 5.2, 4.9])=15.4, ϰ=[5.5, 6.7, 5.9], ∫ϰ²/L>=[5.0, 7.1, 8.1], C-C-Sep=0.20, ║∇J║=1.8e-05
Iteration 1084/2000-----
currents: [100000.0, 99999.99997933758, 99999.99996613755]
J=3.0e-04, ⟨Jf⟩=2.7e-04, ⟨B·n⟩=4.1e-03, Len=sum([5.2, 5.2, 4.9])=15.4, ϰ=[5.5, 6.7, 5.9], ∫ϰ²/L>=[5.0, 7.1, 8.1], C-C-Sep=0.20, ║∇J║=1.7e-05
Iteration 1085/2000-----
currents: [100000.0, 99999.99997919027, 99999.99996589181]
J=3.0e-04, ⟨Jf⟩=2.7e-04, ⟨B·n⟩=4.1e-03, Len=sum([5.2, 5.2, 4.9])=15.4, ϰ=[5.5, 6.7, 5.9], ∫ϰ²/L>=[5.0, 7.1, 8.1], C-C-Sep=0.20, ║∇J║=2.0e-05
Iteration 1086/2000-----
currents: [100000.0, 99999.99997888676, 99999.99996538572]
J=3.0e-04, ⟨Jf⟩=2.7e-04, ⟨B·n⟩=4.1e-03, Len=sum([5.2, 5.2, 4.9])=15.4, ϰ=[5.5, 6.7, 5.9], ∫ϰ²/L>=[5.0, 7.1, 8.1], C-C-Sep=0.20, ║∇J║=2.2e-05
Iteration 1087/2000-----
currents: [100000.0, 99999.99997838862, 99999.99996455507]
J=3.0e-04, ⟨Jf⟩=2.7e-04, ⟨B·n⟩=4.1e-03, Len=sum([5.2, 5.2, 4.9])=15.4, ϰ=[5.5, 6.7, 5.9], ∫ϰ²/L>=[5.0, 7.1, 8.1], C-C-Sep=0.20, ║∇J║=2.8e-05
Iteration 1088/2000-----
currents: [100000.0, 99999.99997813793, 99999.99996413714]
J=3.0e-04, ⟨Jf⟩=2.7e-04, ⟨B·n⟩=4.1e-03, Len=sum([5.2, 5.2, 4.9])=15.4, ϰ=[5.5, 6.7, 5.9], ∫ϰ²/L>=[5.0, 7.1, 8.1], C-C-Sep=0.20, ║∇J║=2.1e-05
Iteration 1089/2000-----
currents: [100000.0, 99999.99997793407, 99999.99996379727]
J=3.0e-04, ⟨Jf⟩=2.7e-04, ⟨B·n⟩=4.1e-03, Len=sum([5.2, 5.2, 4.9])=15.4, ϰ=[5.5, 6.7, 5.9], ∫ϰ²/L>=[5.0, 7.1, 8.1], C-C-Sep=0.20, ║∇J║=2.2e-05
Iteration 1090/2000-----
currents: [100000.0, 99999.9999776964, 99999.9999634008]
J=3.0e-04, ⟨Jf⟩=2.7e-04, ⟨B·n⟩=4.1e-03, Len=sum([5.2, 5.2, 4.9])=15.4, ϰ=[5.5, 6.7, 5.9], ∫ϰ²/L>=[5.0, 7.1, 8.1], C-C-Sep=0.20, ║∇J║=2.7e-05
Iteration 1091/2000-----
currents: [100000.0, 99999.99997747527, 99999.99996303186]
J=3.0e-04, ⟨Jf⟩=2.7e-04, ⟨B·n⟩=4.1e-03, Len=sum([5.2, 5.2, 4.9])=15.4, ϰ=[5.5, 6.7, 5.9], ∫ϰ²/L>=[5.0, 7.1, 8.1], C-C-Sep=0.20, ║∇J║=2.0e-05
Iteration 1092/2000-----
currents: [100000.0, 99999.99997724724, 99999.99996265139]
J=3.0e-04, ⟨Jf⟩=2.7e-04, ⟨B·n⟩=4.1e-03, Len=sum([5.2, 5.2, 4.9])=15.4, ϰ=[5.5, 6.7, 5.9], ∫ϰ²/L>=[5.0, 7.1, 8.1], C-C-Sep=0.20, ║∇J║=2.1e-05
Iteration 1093/2000-----
currents: [100000.0, 99999.99997691509, 99999.99996209712]
J=3.0e-04, ⟨Jf⟩=2.7e-04, ⟨B·n⟩=4.1e-03, Len=sum([5.2, 5.2, 4.9])=15.4, ϰ=[5.5, 6.7, 5.9], ∫ϰ²/L>=[5.0, 7.1, 8.1], C-C-Sep=0.20, ║∇J║=2.9e-05
Iteration 1094/2000-----
currents: [100000.0, 99999.99997656293, 99999.99996150969]
J=3.0e-04, ⟨Jf⟩=2.7e-04, ⟨B·n⟩=4.1e-03, Len=sum([5.2, 5.2, 4.9])=15.4, ϰ=[5.5, 6.7, 5.9], ∫ϰ²/L>=[5.0, 7.1, 8.1], C-C-Sep=0.20, ║∇J║=2.7e-05
Iteration 1095/2000-----
currents: [100000.0, 99999.99997631334, 99999.9999610935]
J=3.0e-04, ⟨Jf⟩=2.7e-04, ⟨B·n⟩=4.1e-03, Len=sum([5.2, 5.2, 4.9])=15.4, ϰ=[5.5, 6.7, 5.9], ∫ϰ²/L>=[5.0, 7.1, 8.1], C-C-Sep=0.20, ║∇J║=2.1e-05
Iteration 1096/2000-----
currents: [100000.0, 99999.99997596885, 99999.99996051918]
J=3.0e-04, ⟨Jf⟩=2.7e-04, ⟨B·n⟩=4.1e-03, Len=sum([5.2, 5.2, 4.9])=15.4, ϰ=[5.5, 6.7, 5.9], ∫ϰ²/L>=[5.0, 7.1, 8.1], C-C-Sep=0.20, ║∇J║=2.6e-05
Iteration 1097/2000-----
currents: [100000.0, 99999.9999758593, 99999.99996033659]
J=3.0e-04, ⟨Jf⟩=2.7e-04, ⟨B·n⟩=4.1e-03, Len=sum([5.2, 5.2, 4.9])=15.4, ϰ=[5.5, 6.7, 5.9], ∫ϰ²/L>=[5.0, 7.1, 8.1], C-C-Sep=0.20, ║∇J║=2.3e-05
Iteration 1098/2000-----
currents: [100000.0, 99999.99997574514, 99999.9999601464]
J=3.0e-04, ⟨Jf⟩=2.7e-04, ⟨B·n⟩=4.1e-03, Len=sum([5.2, 5.2, 4.9])=15.4, ϰ=[5.5, 6.7, 5.9], ∫ϰ²/L>=[5.0, 7.1, 8.1], C-C-Sep=0.20, ║∇J║=2.4e-05
Iteration 1099/2000-----
currents: [100000.0, 99999.99997547518, 99999.99995969604]
J=3.0e-04, ⟨Jf⟩=2.7e-04, ⟨B·n⟩=4.1e-03, Len=sum([5.2, 5.2, 4.9])=15.4, ϰ=[5.5, 6.7, 5.9], ∫ϰ²/L>=[5.0, 7.1, 8.1], C-C-Sep=0.20, ║∇J║=3.2e-05
Iteration 1100/2000-----
currents: [100000.0, 99999.99997514856, 99999.99995915107]
J=3.0e-04, ⟨Jf⟩=2.7e-04, ⟨B·n⟩=4.1e-03, Len=sum([5.2, 5.2, 4.9])=15.4, ϰ=[5.5, 6.7, 5.9], ∫ϰ²/L>=[5.0, 7.1, 8.1], C-C-Sep=0.20, ║∇J║=2.7e-05
Iteration 1101/2000-----
currents: [100000.0, 99999.99997496496, 99999.99995884472]
J=3.0e-04, ⟨Jf⟩=2.7e-04, ⟨B·n⟩=4.1e-03, Len=sum([5.2, 5.2, 4.9])=15.4, ϰ=[5.5, 6.7, 5.9], ∫ϰ²/L>=[5.0, 7.1, 8.1], C-C-Sep=0.20, ║∇J║=2.2e-05
Iteration 1102/2000-----
currents: [100000.0, 99999.9999744345, 99999.99995795937]
J=3.0e-04, ⟨Jf⟩=2.7e-04, ⟨B·n⟩=4.1e-03, Len=sum([5.2, 5.2, 4.9])=15.4, ϰ=[5.5, 6.7, 5.9], ∫ϰ²/L>=[5.0, 7.1, 8.1], C-C-Sep=0.20, ║∇J║=2.4e-05
Iteration 1103/2000-----
currents: [100000.0, 99999.9999739932, 99999.99995722309]
J=3.0e-04, ⟨Jf⟩=2.7e-04, ⟨B·n⟩=4.1e-03, Len=sum([5.2, 5.2, 4.9])=15.4, ϰ=[5.5, 6.7, 5.9], ∫ϰ²/L>=[5.0, 7.1, 8.1], C-C-Sep=0.20, ║∇J║=5.8e-05
Iteration 1104/2000-----
currents: [100000.0, 99999.9999739919, 99999.99995722112]
J=3.0e-04, ⟨Jf⟩=2.7e-04, ⟨B·n⟩=4.1e-03, Len=sum([5.2, 5.2, 4.9])=15.4, ϰ=[5.5, 6.7, 5.9], ∫ϰ²/L>=[5.0, 7.1, 8.1], C-C-Sep=0.20, ║∇J║=2.6e-05
Iteration 1105/2000-----
currents: [100000.0, 99999.99997379557, 99999.9999568936]
J=3.0e-04, ⟨Jf⟩=2.7e-04, ⟨B·n⟩=4.1e-03, Len=sum([5.2, 5.2, 4.9])=15.4, ϰ=[5.5, 6.7, 5.9], ∫ϰ²/L>=[5.0, 7.1, 8.1], C-C-Sep=0.20, ║∇J║=2.0e-05
Iteration 1106/2000-----
currents: [100000.0, 99999.999973516, 99999.9999564275]
J=3.0e-04, ⟨Jf⟩=2.7e-04, ⟨B·n⟩=4.1e-03, Len=sum([5.2, 5.2, 4.9])=15.4, ϰ=[5.5, 6.7, 5.9], ∫ϰ²/L>=[5.0, 7.1, 8.1], C-C-Sep=0.20, ║∇J║=2.9e-05
Iteration 1107/2000-----
currents: [100000.0, 99999.99997299719, 99999.99995556202]
J=3.0e-04, ⟨Jf⟩=2.7e-04, ⟨B·n⟩=4.1e-03, Len=sum([5.2, 5.2, 4.9])=15.4, ϰ=[5.5, 6.7, 5.9], ∫ϰ²/L>=[5.0, 7.1, 8.1], C-C-Sep=0.20, ║∇J║=3.1e-05
Iteration 1108/2000-----
currents: [100000.0, 99999.9999722639, 99999.99995433932]
J=3.0e-04, ⟨Jf⟩=2.7e-04, ⟨B·n⟩=4.1e-03, Len=sum([5.2, 5.2, 4.9])=15.4, ϰ=[5.5, 6.7, 5.9], ∫ϰ²/L>=[5.0, 7.1, 8.1], C-C-Sep=0.20, ║∇J║=8.2e-05
Iteration 1109/2000-----
currents: [100000.0, 99999.99997203492, 99999.99995395725]
J=3.0e-04, ⟨Jf⟩=2.7e-04, ⟨B·n⟩=4.1e-03, Len=sum([5.2, 5.2, 4.9])=15.4, ϰ=[5.5, 6.7, 5.9], ∫ϰ²/L>=[5.0, 7.1, 8.1], C-C-Sep=0.20, ║∇J║=2.4e-05
Iteration 1110/2000-----
currents: [100000.0, 99999.99997199449, 99999.99995388958]
J=3.0e-04, ⟨Jf⟩=2.7e-04, ⟨B·n⟩=4.1e-03, Len=sum([5.2, 5.2, 4.9])=15.4, ϰ=[5.5, 6.7, 5.9], ∫ϰ²/L>=[5.0, 7.1, 8.1], C-C-Sep=0.20, ║∇J║=1.7e-05
Iteration 1111/2000-----
currents: [100000.0, 99999.9999719086, 99999.99995374643]
J=3.0e-04, ⟨Jf⟩=2.7e-04, ⟨B·n⟩=4.1e-03, Len=sum([5.2, 5.2, 4.9])=15.4, ϰ=[5.5, 6.7, 5.9], ∫ϰ²/L>=[5.0, 7.1, 8.1], C-C-Sep=0.20, ║∇J║=2.2e-05
Iteration 1112/2000-----
currents: [100000.0, 99999.99997160117, 99999.99995323342]
J=3.0e-04, ⟨Jf⟩=2.7e-04, ⟨B·n⟩=4.1e-03, Len=sum([5.2, 5.2, 4.9])=15.4, ϰ=[5.5, 6.7, 5.9], ∫ϰ²/L>=[5.0, 7.1, 8.1], C-C-Sep=0.20, ║∇J║=2.5e-05
Iteration 1113/2000-----
currents: [100000.0, 99999.9999707961, 99999.99995189115]
J=3.0e-04, ⟨Jf⟩=2.7e-04, ⟨B·n⟩=4.1e-03, Len=sum([5.2, 5.2, 4.9])=15.4, ϰ=[5.5, 6.7, 5.9], ∫ϰ²/L>=[5.0, 7.1, 8.1], C-C-Sep=0.20, ║∇J║=5.9e-05
Iteration 1114/2000-----
currents: [100000.0, 99999.9999703633, 99999.99995116901]
J=3.0e-04, ⟨Jf⟩=2.7e-04, ⟨B·n⟩=4.1e-03, Len=sum([5.2, 5.2, 4.9])=15.4, ϰ=[5.5, 6.7, 5.9], ∫ϰ²/L>=[5.0, 7.1, 8.1], C-C-Sep=0.20, ║∇J║=2.9e-05
Iteration 1115/2000-----
currents: [100000.0, 99999.9999701982, 99999.9999508932]
J=3.0e-04, ⟨Jf⟩=2.7e-04, ⟨B·n⟩=4.1e-03, Len=sum([5.2, 5.2, 4.9])=15.4, ϰ=[5.5, 6.7, 5.9], ∫ϰ²/L>=[5.0, 7.1, 8.1], C-C-Sep=0.20, ║∇J║=2.0e-05
Iteration 1116/2000-----
currents: [100000.0, 99999.99996979393, 99999.99995021906]
J=3.0e-04, ⟨Jf⟩=2.7e-04, ⟨B·n⟩=4.1e-03, Len=sum([5.2, 5.2, 4.9])=15.4, ϰ=[5.5, 6.7, 5.9], ∫ϰ²/L>=[5.0, 7.1, 8.1], C-C-Sep=0.20, ║∇J║=2.1e-05
Iteration 1117/2000-----
currents: [100000.0, 99999.99996902035, 99999.99994892841]
J=3.0e-04, ⟨Jf⟩=2.7e-04, ⟨B·n⟩=4.1e-03, Len=sum([5.2, 5.2, 4.9])=15.4, ϰ=[5.5, 6.7, 5.9], ∫ϰ²/L>=[5.0, 7.1, 8.1], C-C-Sep=0.20, ║∇J║=2.8e-05
Iteration 1118/2000-----
currents: [100000.0, 99999.99996751008, 99999.99994640866]
J=3.0e-04, ⟨Jf⟩=2.7e-04, ⟨B·n⟩=4.1e-03, Len=sum([5.2, 5.2, 4.9])=15.4, ϰ=[5.5, 6.7, 5.9], ∫ϰ²/L>=[5.0, 7.1, 8.1], C-C-Sep=0.20, ║∇J║=5.1e-05
Iteration 1119/2000-----
currents: [100000.0, 99999.99996672852, 99999.99994510479]
J=3.0e-04, ⟨Jf⟩=2.7e-04, ⟨B·n⟩=4.1e-03, Len=sum([5.2, 5.2, 4.9])=15.4, ϰ=[5.5, 6.7, 5.9], ∫ϰ²/L>=[5.0, 7.1, 8.1], C-C-Sep=0.20, ║∇J║=3.6e-05
Iteration 1120/2000-----
currents: [100000.0, 99999.99996654225, 99999.99994479392]
J=3.0e-04, ⟨Jf⟩=2.7e-04, ⟨B·n⟩=4.1e-03, Len=sum([5.2, 5.2, 4.9])=15.4, ϰ=[5.5, 6.7, 5.9], ∫ϰ²/L>=[5.0, 7.1, 8.1], C-C-Sep=0.20, ║∇J║=2.6e-05
Iteration 1121/2000-----
currents: [100000.0, 99999.99996587978, 99999.99994368828]
J=3.0e-04, ⟨Jf⟩=2.7e-04, ⟨B·n⟩=4.1e-03, Len=sum([5.2, 5.2, 4.9])=15.4, ϰ=[5.5, 6.7, 5.9], ∫ϰ²/L>=[5.0, 7.1, 8.1], C-C-Sep=0.20, ║∇J║=2.8e-05
Iteration 1122/2000-----
currents: [100000.0, 99999.99996553414, 99999.99994311182]
J=3.0e-04, ⟨Jf⟩=2.7e-04, ⟨B·n⟩=4.1e-03, Len=sum([5.2, 5.2, 4.9])=15.4, ϰ=[5.5, 6.7, 5.9], ∫ϰ²/L>=[5.0, 7.1, 8.1], C-C-Sep=0.20, ║∇J║=5.1e-05
Iteration 1123/2000-----
currents: [100000.0, 99999.99996475846, 99999.99994181769]
J=3.0e-04, ⟨Jf⟩=2.7e-04, ⟨B·n⟩=4.1e-03, Len=sum([5.2, 5.2, 4.9])=15.4, ϰ=[5.5, 6.7, 5.9], ∫ϰ²/L>=[5.0, 7.1, 8.1], C-C-Sep=0.20, ║∇J║=3.4e-05
Iteration 1124/2000-----
currents: [100000.0, 99999.99996423113, 99999.99994093813]
J=3.0e-04, ⟨Jf⟩=2.7e-04, ⟨B·n⟩=4.1e-03, Len=sum([5.2, 5.2, 4.9])=15.4, ϰ=[5.5, 6.7, 5.9], ∫ϰ²/L>=[5.0, 7.1, 8.1], C-C-Sep=0.20, ║∇J║=2.4e-05
Iteration 1125/2000-----
currents: [100000.0, 99999.99996428246, 99999.99994102423]
J=3.0e-04, ⟨Jf⟩=2.7e-04, ⟨B·n⟩=4.1e-03, Len=sum([5.2, 5.2, 4.9])=15.4, ϰ=[5.5, 6.7, 5.9], ∫ϰ²/L>=[5.0, 7.1, 8.1], C-C-Sep=0.20, ║∇J║=2.6e-05
Iteration 1126/2000-----
currents: [100000.0, 99999.99996330362, 99999.9999393916]
J=3.0e-04, ⟨Jf⟩=2.7e-04, ⟨B·n⟩=4.1e-03, Len=sum([5.2, 5.2, 4.9])=15.4, ϰ=[5.5, 6.7, 5.9], ∫ϰ²/L>=[5.0, 7.1, 8.1], C-C-Sep=0.20, ║∇J║=3.9e-05
Iteration 1127/2000-----
currents: [100000.0, 99999.99996338262, 99999.99993952327]
J=3.0e-04, ⟨Jf⟩=2.7e-04, ⟨B·n⟩=4.1e-03, Len=sum([5.2, 5.2, 4.9])=15.4, ϰ=[5.5, 6.7, 5.9], ∫ϰ²/L>=[5.0, 7.1, 8.1], C-C-Sep=0.20, ║∇J║=2.8e-05
Iteration 1128/2000-----
currents: [100000.0, 99999.99996385862, 99999.9999403174]
J=3.0e-04, ⟨Jf⟩=2.7e-04, ⟨B·n⟩=4.1e-03, Len=sum([5.2, 5.2, 4.9])=15.4, ϰ=[5.5, 6.7, 5.9], ∫ϰ²/L>=[5.0, 7.1, 8.1], C-C-Sep=0.20, ║∇J║=2.7e-05
Iteration 1129/2000-----
currents: [100000.0, 99999.99996292067, 99999.99993875291]
J=3.0e-04, ⟨Jf⟩=2.7e-04, ⟨B·n⟩=4.1e-03, Len=sum([5.2, 5.2, 4.9])=15.4, ϰ=[5.5, 6.7, 5.9], ∫ϰ²/L>=[5.0, 7.1, 8.1], C-C-Sep=0.20, ║∇J║=4.5e-05
Iteration 1130/2000-----
currents: [100000.0, 99999.99996284863, 99999.99993863216]
J=3.0e-04, ⟨Jf⟩=2.7e-04, ⟨B·n⟩=4.1e-03, Len=sum([5.2, 5.2, 4.9])=15.4, ϰ=[5.5, 6.7, 5.9], ∫ϰ²/L>=[5.0, 7.1, 8.1], C-C-Sep=0.20, ║∇J║=2.9e-05
Iteration 1131/2000-----
currents: [100000.0, 99999.99996229772, 99999.99993771364]
J=3.0e-04, ⟨Jf⟩=2.7e-04, ⟨B·n⟩=4.1e-03, Len=sum([5.2, 5.2, 4.9])=15.4, ϰ=[5.5, 6.7, 5.9], ∫ϰ²/L>=[5.0, 7.1, 8.1], C-C-Sep=0.20, ║∇J║=2.7e-05
Iteration 1132/2000-----
currents: [100000.0, 99999.99996165573, 99999.99993664263]
J=3.0e-04, ⟨Jf⟩=2.7e-04, ⟨B·n⟩=4.1e-03, Len=sum([5.2, 5.2, 4.9])=15.4, ϰ=[5.5, 6.7, 5.9], ∫ϰ²/L>=[5.0, 7.1, 8.1], C-C-Sep=0.20, ║∇J║=4.0e-05
Iteration 1133/2000-----
currents: [100000.0, 99999.99996145381, 99999.99993630577]
J=3.0e-04, ⟨Jf⟩=2.7e-04, ⟨B·n⟩=4.1e-03, Len=sum([5.2, 5.2, 4.9])=15.4, ϰ=[5.5, 6.7, 5.9], ∫ϰ²/L>=[5.0, 7.1, 8.1], C-C-Sep=0.20, ║∇J║=2.8e-05
Iteration 1134/2000-----
currents: [100000.0, 99999.99996112185, 99999.99993575274]
J=3.0e-04, ⟨Jf⟩=2.7e-04, ⟨B·n⟩=4.1e-03, Len=sum([5.2, 5.2, 4.9])=15.4, ϰ=[5.5, 6.7, 5.9], ∫ϰ²/L>=[5.0, 7.1, 8.1], C-C-Sep=0.20, ║∇J║=2.7e-05
Iteration 1135/2000-----
currents: [100000.0, 99999.99996080628, 99999.99993522598]
J=3.0e-04, ⟨Jf⟩=2.7e-04, ⟨B·n⟩=4.1e-03, Len=sum([5.2, 5.2, 4.9])=15.4, ϰ=[5.5, 6.7, 5.9], ∫ϰ²/L>=[5.0, 7.1, 8.1], C-C-Sep=0.20, ║∇J║=3.1e-05
Iteration 1136/2000-----
currents: [100000.0, 99999.9999599544, 99999.9999338054]
J=3.0e-04, ⟨Jf⟩=2.7e-04, ⟨B·n⟩=4.1e-03, Len=sum([5.2, 5.2, 4.9])=15.4, ϰ=[5.5, 6.7, 5.9], ∫ϰ²/L>=[5.0, 7.1, 8.1], C-C-Sep=0.20, ║∇J║=4.5e-05
Iteration 1137/2000-----
currents: [100000.0, 99999.99995944406, 99999.99993295335]
J=3.0e-04, ⟨Jf⟩=2.7e-04, ⟨B·n⟩=4.1e-03, Len=sum([5.2, 5.2, 4.9])=15.4, ϰ=[5.5, 6.7, 5.9], ∫ϰ²/L>=[5.0, 7.1, 8.1], C-C-Sep=0.20, ║∇J║=5.9e-05
Iteration 1138/2000-----
currents: [100000.0, 99999.99995957386, 99999.99993316931]
J=3.0e-04, ⟨Jf⟩=2.7e-04, ⟨B·n⟩=4.1e-03, Len=sum([5.2, 5.2, 4.9])=15.4, ϰ=[5.5, 6.7, 5.9], ∫ϰ²/L>=[5.0, 7.1, 8.1], C-C-Sep=0.20, ║∇J║=2.6e-05
Iteration 1139/2000-----
currents: [100000.0, 99999.99995939306, 99999.99993286777]
J=3.0e-04, ⟨Jf⟩=2.7e-04, ⟨B·n⟩=4.1e-03, Len=sum([5.2, 5.2, 4.9])=15.4, ϰ=[5.5, 6.7, 5.9], ∫ϰ²/L>=[5.0, 7.1, 8.1], C-C-Sep=0.20, ║∇J║=2.6e-05
Iteration 1140/2000-----
currents: [100000.0, 99999.99995907478, 99999.99993233637]
J=3.0e-04, ⟨Jf⟩=2.7e-04, ⟨B·n⟩=4.1e-03, Len=sum([5.2, 5.2, 4.9])=15.4, ϰ=[5.5, 6.7, 5.9], ∫ϰ²/L>=[5.0, 7.1, 8.1], C-C-Sep=0.20, ║∇J║=3.0e-05
Iteration 1141/2000-----
currents: [100000.0, 99999.99995838197, 99999.99993118092]
J=3.0e-04, ⟨Jf⟩=2.7e-04, ⟨B·n⟩=4.1e-03, Len=sum([5.2, 5.2, 4.9])=15.4, ϰ=[5.5, 6.7, 5.9], ∫ϰ²/L>=[5.0, 7.1, 8.1], C-C-Sep=0.20, ║∇J║=3.4e-05
Iteration 1142/2000-----
currents: [100000.0, 99999.9999568019, 99999.99992854452]
J=3.0e-04, ⟨Jf⟩=2.7e-04, ⟨B·n⟩=4.1e-03, Len=sum([5.2, 5.2, 4.9])=15.4, ϰ=[5.5, 6.7, 5.9], ∫ϰ²/L>=[5.0, 7.1, 8.1], C-C-Sep=0.20, ║∇J║=8.8e-05
Iteration 1143/2000-----
currents: [100000.0, 99999.99995693377, 99999.99992876478]
J=3.0e-04, ⟨Jf⟩=2.7e-04, ⟨B·n⟩=4.1e-03, Len=sum([5.2, 5.2, 4.9])=15.4, ϰ=[5.5, 6.7, 5.9], ∫ϰ²/L>=[5.0, 7.1, 8.1], C-C-Sep=0.20, ║∇J║=2.6e-05
Iteration 1144/2000-----
currents: [100000.0, 99999.99995697037, 99999.9999288264]
J=3.0e-04, ⟨Jf⟩=2.7e-04, ⟨B·n⟩=4.1e-03, Len=sum([5.2, 5.2, 4.9])=15.4, ϰ=[5.5, 6.7, 5.9], ∫ϰ²/L>=[5.0, 7.1, 8.1], C-C-Sep=0.20, ║∇J║=2.2e-05
Iteration 1145/2000-----
currents: [100000.0, 99999.99995647371, 99999.99992799833]
J=3.0e-04, ⟨Jf⟩=2.7e-04, ⟨B·n⟩=4.1e-03, Len=sum([5.2, 5.2, 4.9])=15.4, ϰ=[5.5, 6.7, 5.9], ∫ϰ²/L>=[5.0, 7.1, 8.1], C-C-Sep=0.20, ║∇J║=3.0e-05
Iteration 1146/2000-----
currents: [100000.0, 99999.99995612592, 99999.99992741857]
J=3.0e-04, ⟨Jf⟩=2.7e-04, ⟨B·n⟩=4.1e-03, Len=sum([5.2, 5.2, 4.9])=15.4, ϰ=[5.5, 6.7, 5.9], ∫ϰ²/L>=[5.0, 7.1, 8.1], C-C-Sep=0.20, ║∇J║=4.5e-05
Iteration 1147/2000-----
currents: [100000.0, 99999.99995511067, 99999.99992572487]
J=3.0e-04, ⟨Jf⟩=2.7e-04, ⟨B·n⟩=4.1e-03, Len=sum([5.2, 5.2, 4.9])=15.4, ϰ=[5.5, 6.7, 5.9], ∫ϰ²/L>=[5.0, 7.1, 8.1], C-C-Sep=0.20, ║∇J║=3.4e-05
Iteration 1148/2000-----
currents: [100000.0, 99999.99995416668, 99999.99992414925]
J=3.0e-04, ⟨Jf⟩=2.7e-04, ⟨B·n⟩=4.1e-03, Len=sum([5.2, 5.2, 4.9])=15.4, ϰ=[5.5, 6.7, 5.9], ∫ϰ²/L>=[5.0, 7.1, 8.1], C-C-Sep=0.20, ║∇J║=2.8e-05
Iteration 1149/2000-----
currents: [100000.0, 99999.99995334269, 99999.99992277382]
J=3.0e-04, ⟨Jf⟩=2.7e-04, ⟨B·n⟩=4.1e-03, Len=sum([5.2, 5.2, 4.9])=15.4, ϰ=[5.5, 6.7, 5.9], ∫ϰ²/L>=[5.0, 7.1, 8.1], C-C-Sep=0.20, ║∇J║=3.6e-05
Iteration 1150/2000-----
currents: [100000.0, 99999.99995268573, 99999.99992167778]
J=3.0e-04, ⟨Jf⟩=2.7e-04, ⟨B·n⟩=4.1e-03, Len=sum([5.2, 5.2, 4.9])=15.4, ϰ=[5.5, 6.7, 5.9], ∫ϰ²/L>=[5.0, 7.1, 8.1], C-C-Sep=0.20, ║∇J║=3.5e-05
Iteration 1151/2000-----
currents: [100000.0, 99999.99995186494, 99999.9999203084]
J=3.0e-04, ⟨Jf⟩=2.7e-04, ⟨B·n⟩=4.1e-03, Len=sum([5.2, 5.2, 4.9])=15.4, ϰ=[5.5, 6.7, 5.9], ∫ϰ²/L>=[5.0, 7.1, 8.1], C-C-Sep=0.20, ║∇J║=3.0e-05
Iteration 1152/2000-----
currents: [100000.0, 99999.99995037512, 99999.99991782302]
J=3.0e-04, ⟨Jf⟩=2.7e-04, ⟨B·n⟩=4.1e-03, Len=sum([5.2, 5.2, 4.9])=15.4, ϰ=[5.5, 6.7, 5.9], ∫ϰ²/L>=[5.0, 7.1, 8.1], C-C-Sep=0.20, ║∇J║=4.9e-05
Iteration 1153/2000-----
currents: [100000.0, 99999.99994916991, 99999.99991581294]
J=3.0e-04, ⟨Jf⟩=2.7e-04, ⟨B·n⟩=4.1e-03, Len=sum([5.2, 5.2, 4.9])=15.4, ϰ=[5.5, 6.7, 5.9], ∫ϰ²/L>=[5.0, 7.1, 8.1], C-C-Sep=0.20, ║∇J║=4.1e-05
Iteration 1154/2000-----
currents: [100000.0, 99999.99994701885, 99999.99991222458]
J=3.0e-04, ⟨Jf⟩=2.7e-04, ⟨B·n⟩=4.1e-03, Len=sum([5.2, 5.2, 4.9])=15.4, ϰ=[5.5, 6.7, 5.9], ∫ϰ²/L>=[5.0, 7.1, 8.1], C-C-Sep=0.20, ║∇J║=4.9e-05
Iteration 1155/2000-----
currents: [100000.0, 99999.99994531716, 99999.99990938598]
J=3.0e-04, ⟨Jf⟩=2.7e-04, ⟨B·n⟩=4.1e-03, Len=sum([5.2, 5.2, 4.9])=15.4, ϰ=[5.5, 6.7, 5.9], ∫ϰ²/L>=[5.0, 7.1, 8.1], C-C-Sep=0.20, ║∇J║=5.7e-05
Iteration 1156/2000-----
currents: [100000.0, 99999.9999432905, 99999.99990600519]
J=3.0e-04, ⟨Jf⟩=2.7e-04, ⟨B·n⟩=4.1e-03, Len=sum([5.2, 5.2, 4.9])=15.4, ϰ=[5.5, 6.7, 5.9], ∫ϰ²/L>=[5.0, 7.1, 8.1], C-C-Sep=0.20, ║∇J║=5.4e-05
Iteration 1157/2000-----
currents: [100000.0, 99999.99994447082, 99999.99990797447]
J=3.0e-04, ⟨Jf⟩=2.7e-04, ⟨B·n⟩=4.1e-03, Len=sum([5.2, 5.2, 4.9])=15.4, ϰ=[5.5, 6.7, 5.9], ∫ϰ²/L>=[5.0, 7.1, 8.1], C-C-Sep=0.20, ║∇J║=4.1e-05
Iteration 1158/2000-----
currents: [100000.0, 99999.99994272224, 99999.99990505648]
J=3.0e-04, ⟨Jf⟩=2.7e-04, ⟨B·n⟩=4.1e-03, Len=sum([5.2, 5.2, 4.9])=15.4, ϰ=[5.5, 6.7, 5.9], ∫ϰ²/L>=[5.0, 7.1, 8.1], C-C-Sep=0.20, ║∇J║=6.7e-05
Iteration 1159/2000-----
currents: [100000.0, 99999.99994234939, 99999.99990443396]
J=3.0e-04, ⟨Jf⟩=2.7e-04, ⟨B·n⟩=4.1e-03, Len=sum([5.2, 5.2, 4.9])=15.4, ϰ=[5.5, 6.7, 5.9], ∫ϰ²/L>=[5.0, 7.1, 8.1], C-C-Sep=0.20, ║∇J║=3.8e-05
Iteration 1160/2000-----
currents: [100000.0, 99999.99994158812, 99999.99990316422]
J=3.0e-04, ⟨Jf⟩=2.7e-04, ⟨B·n⟩=4.1e-03, Len=sum([5.2, 5.2, 4.9])=15.4, ϰ=[5.5, 6.7, 5.9], ∫ϰ²/L>=[5.0, 7.1, 8.1], C-C-Sep=0.20, ║∇J║=2.9e-05
Iteration 1161/2000-----
currents: [100000.0, 99999.99994103544, 99999.99990224188]
J=3.0e-04, ⟨Jf⟩=2.7e-04, ⟨B·n⟩=4.1e-03, Len=sum([5.2, 5.2, 4.9])=15.4, ϰ=[5.5, 6.7, 5.9], ∫ϰ²/L>=[5.0, 7.1, 8.1], C-C-Sep=0.20, ║∇J║=3.0e-05
Iteration 1162/2000-----
currents: [100000.0, 99999.99994024026, 99999.99990091573]
J=3.0e-04, ⟨Jf⟩=2.7e-04, ⟨B·n⟩=4.1e-03, Len=sum([5.2, 5.2, 4.9])=15.4, ϰ=[5.5, 6.7, 5.9], ∫ϰ²/L>=[5.0, 7.1, 8.1], C-C-Sep=0.20, ║∇J║=5.4e-05
Iteration 1163/2000-----
currents: [100000.0, 99999.99994030801, 99999.99990102908]
J=3.0e-04, ⟨Jf⟩=2.7e-04, ⟨B·n⟩=4.1e-03, Len=sum([5.2, 5.2, 4.9])=15.4, ϰ=[5.5, 6.7, 5.9], ∫ϰ²/L>=[5.0, 7.1, 8.1], C-C-Sep=0.20, ║∇J║=3.3e-05
Iteration 1164/2000-----
currents: [100000.0, 99999.99994080183, 99999.99990185257]
J=3.0e-04, ⟨Jf⟩=2.7e-04, ⟨B·n⟩=4.1e-03, Len=sum([5.2, 5.2, 4.9])=15.4, ϰ=[5.5, 6.7, 5.9], ∫ϰ²/L>=[5.0, 7.1, 8.1], C-C-Sep=0.20, ║∇J║=3.3e-05
Iteration 1165/2000-----
currents: [100000.0, 99999.99994085327, 99999.99990193939]
J=3.0e-04, ⟨Jf⟩=2.7e-04, ⟨B·n⟩=4.1e-03, Len=sum([5.2, 5.2, 4.9])=15.4, ϰ=[5.5, 6.7, 5.9], ∫ϰ²/L>=[5.0, 7.1, 8.1], C-C-Sep=0.20, ║∇J║=3.7e-05
Iteration 1166/2000-----
currents: [100000.0, 99999.99994085451, 99999.9999019414]
J=3.0e-04, ⟨Jf⟩=2.7e-04, ⟨B·n⟩=4.1e-03, Len=sum([5.2, 5.2, 4.9])=15.4, ϰ=[5.5, 6.7, 5.9], ∫ϰ²/L>=[5.0, 7.1, 8.1], C-C-Sep=0.20, ║∇J║=4.9e-05
Iteration 1167/2000-----
currents: [100000.0, 99999.99994038352, 99999.99990115593]
J=3.0e-04, ⟨Jf⟩=2.7e-04, ⟨B·n⟩=4.1e-03, Len=sum([5.2, 5.2, 4.9])=15.4, ϰ=[5.5, 6.7, 5.9], ∫ϰ²/L>=[5.0, 7.1, 8.1], C-C-Sep=0.20, ║∇J║=4.2e-05
Iteration 1168/2000-----
currents: [100000.0, 99999.99993976389, 99999.9999001225]
J=3.0e-04, ⟨Jf⟩=2.7e-04, ⟨B·n⟩=4.1e-03, Len=sum([5.2, 5.2, 4.9])=15.4, ϰ=[5.5, 6.7, 5.9], ∫ϰ²/L>=[5.0, 7.1, 8.1], C-C-Sep=0.20, ║∇J║=3.0e-05
Iteration 1169/2000-----
currents: [100000.0, 99999.99993922765, 99999.9998992276]
J=3.0e-04, ⟨Jf⟩=2.7e-04, ⟨B·n⟩=4.1e-03, Len=sum([5.2, 5.2, 4.9])=15.4, ϰ=[5.5, 6.7, 5.9], ∫ϰ²/L>=[5.0, 7.1, 8.1], C-C-Sep=0.20, ║∇J║=3.0e-05
Iteration 1170/2000-----
currents: [100000.0, 99999.99993877168, 99999.99989846692]
J=3.0e-04, ⟨Jf⟩=2.7e-04, ⟨B·n⟩=4.1e-03, Len=sum([5.2, 5.2, 4.9])=15.4, ϰ=[5.5, 6.7, 5.9], ∫ϰ²/L>=[5.0, 7.1, 8.1], C-C-Sep=0.20, ║∇J║=4.5e-05
Iteration 1171/2000-----
currents: [100000.0, 99999.99993828688, 99999.99989765818]
J=3.0e-04, ⟨Jf⟩=2.7e-04, ⟨B·n⟩=4.1e-03, Len=sum([5.2, 5.2, 4.9])=15.4, ϰ=[5.5, 6.7, 5.9], ∫ϰ²/L>=[5.0, 7.1, 8.1], C-C-Sep=0.20, ║∇J║=3.2e-05
Iteration 1172/2000-----
currents: [100000.0, 99999.99993783866, 99999.99989691071]
J=3.0e-04, ⟨Jf⟩=2.7e-04, ⟨B·n⟩=4.1e-03, Len=sum([5.2, 5.2, 4.9])=15.4, ϰ=[5.5, 6.7, 5.9], ∫ϰ²/L>=[5.0, 7.1, 8.1], C-C-Sep=0.20, ║∇J║=3.0e-05
Iteration 1173/2000-----
currents: [100000.0, 99999.99993716445, 99999.99989578663]
J=3.0e-04, ⟨Jf⟩=2.7e-04, ⟨B·n⟩=4.1e-03, Len=sum([5.2, 5.2, 4.9])=15.4, ϰ=[5.5, 6.7, 5.9], ∫ϰ²/L>=[5.0, 7.1, 8.1], C-C-Sep=0.20, ║∇J║=4.6e-05
Iteration 1174/2000-----
currents: [100000.0, 99999.99993638803, 99999.99989449195]
J=3.0e-04, ⟨Jf⟩=2.7e-04, ⟨B·n⟩=4.1e-03, Len=sum([5.2, 5.2, 4.9])=15.4, ϰ=[5.5, 6.7, 5.9], ∫ϰ²/L>=[5.0, 7.1, 8.1], C-C-Sep=0.20, ║∇J║=3.8e-05
Iteration 1175/2000-----
currents: [100000.0, 99999.99993548641, 99999.9998929885]
J=3.0e-04, ⟨Jf⟩=2.7e-04, ⟨B·n⟩=4.1e-03, Len=sum([5.2, 5.2, 4.9])=15.4, ϰ=[5.5, 6.7, 5.9], ∫ϰ²/L>=[5.0, 7.1, 8.1], C-C-Sep=0.20, ║∇J║=3.4e-05
Iteration 1176/2000-----
currents: [100000.0, 99999.99993368576, 99999.99988998522]
J=3.0e-04, ⟨Jf⟩=2.7e-04, ⟨B·n⟩=4.1e-03, Len=sum([5.2, 5.2, 4.9])=15.4, ϰ=[5.5, 6.7, 5.9], ∫ϰ²/L>=[5.0, 7.1, 8.1], C-C-Sep=0.20, ║∇J║=4.6e-05
Iteration 1177/2000-----
currents: [100000.0, 99999.99993183366, 99999.99988689527]
J=3.0e-04, ⟨Jf⟩=2.7e-04, ⟨B·n⟩=4.1e-03, Len=sum([5.2, 5.2, 4.9])=15.4, ϰ=[5.5, 6.7, 5.9], ∫ϰ²/L>=[5.0, 7.1, 8.1], C-C-Sep=0.20, ║∇J║=6.6e-05
Iteration 1178/2000-----
currents: [100000.0, 99999.99993137953, 99999.99988613717]
J=3.0e-04, ⟨Jf⟩=2.7e-04, ⟨B·n⟩=4.1e-03, Len=sum([5.2, 5.2, 4.9])=15.4, ϰ=[5.5, 6.7, 5.9], ∫ϰ²/L>=[5.0, 7.1, 8.1], C-C-Sep=0.20, ║∇J║=4.0e-05
Iteration 1179/2000-----
currents: [100000.0, 99999.9999302728, 99999.99988428998]
J=3.0e-04, ⟨Jf⟩=2.7e-04, ⟨B·n⟩=4.1e-03, Len=sum([5.2, 5.2, 4.9])=15.4, ϰ=[5.5, 6.7, 5.9], ∫ϰ²/L>=[5.0, 7.1, 8.1], C-C-Sep=0.20, ║∇J║=3.1e-05
Iteration 1180/2000-----
currents: [100000.0, 99999.99992934933, 99999.99988274874]
J=3.0e-04, ⟨Jf⟩=2.7e-04, ⟨B·n⟩=4.1e-03, Len=sum([5.2, 5.2, 4.9])=15.4, ϰ=[5.5, 6.7, 5.9], ∫ϰ²/L>=[5.0, 7.1, 8.1], C-C-Sep=0.20, ║∇J║=3.3e-05
Iteration 1181/2000-----
currents: [100000.0, 99999.99992624746, 99999.99987757335]
J=3.0e-04, ⟨Jf⟩=2.7e-04, ⟨B·n⟩=4.1e-03, Len=sum([5.2, 5.2, 4.9])=15.4, ϰ=[5.5, 6.7, 5.9], ∫ϰ²/L>=[5.0, 7.1, 8.1], C-C-Sep=0.20, ║∇J║=4.6e-05
Iteration 1182/2000-----
currents: [100000.0, 99999.99992343543, 99999.9998728799]
J=3.0e-04, ⟨Jf⟩=2.7e-04, ⟨B·n⟩=4.1e-03, Len=sum([5.2, 5.2, 4.9])=15.4, ϰ=[5.5, 6.7, 5.9], ∫ϰ²/L>=[5.0, 7.1, 8.1], C-C-Sep=0.20, ║∇J║=9.2e-05
Iteration 1183/2000-----
currents: [100000.0, 99999.9999199946, 99999.99986713914]
J=3.0e-04, ⟨Jf⟩=2.7e-04, ⟨B·n⟩=4.1e-03, Len=sum([5.2, 5.2, 4.9])=15.4, ϰ=[5.5, 6.7, 5.9], ∫ϰ²/L>=[5.0, 7.1, 8.1], C-C-Sep=0.20, ║∇J║=5.6e-05
Iteration 1184/2000-----
currents: [100000.0, 99999.99992014539, 99999.99986739135]
J=3.0e-04, ⟨Jf⟩=2.7e-04, ⟨B·n⟩=4.1e-03, Len=sum([5.2, 5.2, 4.9])=15.4, ϰ=[5.5, 6.7, 5.9], ∫ϰ²/L>=[5.0, 7.1, 8.1], C-C-Sep=0.20, ║∇J║=8.1e-05
Iteration 1185/2000-----
currents: [100000.0, 99999.99991499171, 99999.99985879315]
J=3.0e-04, ⟨Jf⟩=2.7e-04, ⟨B·n⟩=4.1e-03, Len=sum([5.2, 5.2, 4.9])=15.4, ϰ=[5.5, 6.7, 5.9], ∫ϰ²/L>=[5.0, 7.1, 8.1], C-C-Sep=0.20, ║∇J║=8.1e-05
Iteration 1186/2000-----
currents: [100000.0, 99999.99991357817, 99999.9998564321]
J=3.0e-04, ⟨Jf⟩=2.7e-04, ⟨B·n⟩=4.1e-03, Len=sum([5.2, 5.2, 4.9])=15.4, ϰ=[5.5, 6.7, 5.9], ∫ϰ²/L>=[5.0, 7.1, 8.1], C-C-Sep=0.20, ║∇J║=6.2e-05
Iteration 1187/2000-----
currents: [100000.0, 99999.99991020693, 99999.99985080583]
J=3.0e-04, ⟨Jf⟩=2.7e-04, ⟨B·n⟩=4.1e-03, Len=sum([5.2, 5.2, 4.9])=15.4, ϰ=[5.5, 6.7, 5.9], ∫ϰ²/L>=[5.0, 7.1, 8.1], C-C-Sep=0.20, ║∇J║=6.5e-05
Iteration 1188/2000-----
currents: [100000.0, 99999.99990676506, 99999.99984506279]
J=3.0e-04, ⟨Jf⟩=2.7e-04, ⟨B·n⟩=4.1e-03, Len=sum([5.2, 5.2, 4.9])=15.4, ϰ=[5.5, 6.7, 5.9], ∫ϰ²/L>=[5.0, 7.1, 8.1], C-C-Sep=0.20, ║∇J║=1.1e-04
Iteration 1189/2000-----
currents: [100000.0, 99999.9999051525, 99999.99984237186]
J=3.0e-04, ⟨Jf⟩=2.7e-04, ⟨B·n⟩=4.1e-03, Len=sum([5.2, 5.2, 4.9])=15.4, ϰ=[5.5, 6.7, 5.9], ∫ϰ²/L>=[5.0, 7.1, 8.1], C-C-Sep=0.20, ║∇J║=6.3e-05
Iteration 1190/2000-----
currents: [100000.0, 99999.99990549048, 99999.9998429389]
J=3.0e-04, ⟨Jf⟩=2.7e-04, ⟨B·n⟩=4.1e-03, Len=sum([5.2, 5.2, 4.9])=15.4, ϰ=[5.5, 6.7, 5.9], ∫ϰ²/L>=[5.0, 7.1, 8.1], C-C-Sep=0.20, ║∇J║=7.4e-05
Iteration 1191/2000-----
currents: [100000.0, 99999.99989720059, 99999.99982910788]
J=3.0e-04, ⟨Jf⟩=2.7e-04, ⟨B·n⟩=4.1e-03, Len=sum([5.2, 5.2, 4.9])=15.4, ϰ=[5.5, 6.7, 5.9], ∫ϰ²/L>=[5.0, 7.1, 8.1], C-C-Sep=0.20, ║∇J║=1.4e-04
Iteration 1192/2000-----
currents: [100000.0, 99999.99990263245, 99999.99983817051]
J=3.0e-04, ⟨Jf⟩=2.7e-04, ⟨B·n⟩=4.1e-03, Len=sum([5.2, 5.2, 4.9])=15.4, ϰ=[5.5, 6.7, 5.9], ∫ϰ²/L>=[5.0, 7.1, 8.1], C-C-Sep=0.20, ║∇J║=7.3e-05
Iteration 1193/2000-----
currents: [100000.0, 99999.99990156954, 99999.99983639564]
J=3.0e-04, ⟨Jf⟩=2.7e-04, ⟨B·n⟩=4.1e-03, Len=sum([5.2, 5.2, 4.9])=15.4, ϰ=[5.5, 6.7, 5.9], ∫ϰ²/L>=[5.0, 7.1, 8.1], C-C-Sep=0.20, ║∇J║=5.7e-05
Iteration 1194/2000-----
currents: [100000.0, 99999.99990071532, 99999.99983497155]
J=3.0e-04, ⟨Jf⟩=2.7e-04, ⟨B·n⟩=4.1e-03, Len=sum([5.2, 5.2, 4.9])=15.4, ϰ=[5.5, 6.7, 5.9], ∫ϰ²/L>=[5.0, 7.1, 8.1], C-C-Sep=0.20, ║∇J║=4.4e-05
Iteration 1195/2000-----
currents: [100000.0, 99999.999899496, 99999.99983293838]
J=3.0e-04, ⟨Jf⟩=2.7e-04, ⟨B·n⟩=4.1e-03, Len=sum([5.2, 5.2, 4.9])=15.4, ϰ=[5.5, 6.7, 5.9], ∫ϰ²/L>=[5.0, 7.1, 8.1], C-C-Sep=0.20, ║∇J║=5.2e-05
Iteration 1196/2000-----
currents: [100000.0, 99999.99989720431, 99999.99982911622]
J=3.0e-04, ⟨Jf⟩=2.7e-04, ⟨B·n⟩=4.1e-03, Len=sum([5.2, 5.2, 4.9])=15.4, ϰ=[5.5, 6.7, 5.9], ∫ϰ²/L>=[5.0, 7.1, 8.1], C-C-Sep=0.20, ║∇J║=6.4e-05
Iteration 1197/2000-----
currents: [100000.0, 99999.99989505426, 99999.99982552977]
J=3.0e-04, ⟨Jf⟩=2.7e-04, ⟨B·n⟩=4.1e-03, Len=sum([5.2, 5.2, 4.9])=15.4, ϰ=[5.5, 6.7, 5.9], ∫ϰ²/L>=[5.0, 7.1, 8.1], C-C-Sep=0.20, ║∇J║=6.9e-05
Iteration 1198/2000-----
currents: [100000.0, 99999.99989459303, 99999.99982476009]
J=3.0e-04, ⟨Jf⟩=2.7e-04, ⟨B·n⟩=4.1e-03, Len=sum([5.2, 5.2, 4.9])=15.4, ϰ=[5.5, 6.7, 5.9], ∫ϰ²/L>=[5.0, 7.1, 8.1], C-C-Sep=0.20, ║∇J║=5.1e-05
Iteration 1199/2000-----
currents: [100000.0, 99999.99989312624, 99999.99982231273]
J=3.0e-04, ⟨Jf⟩=2.7e-04, ⟨B·n⟩=4.1e-03, Len=sum([5.2, 5.2, 4.9])=15.4, ϰ=[5.5, 6.7, 5.9], ∫ϰ²/L>=[5.0, 7.1, 8.1], C-C-Sep=0.20, ║∇J║=5.3e-05
Iteration 1200/2000-----
currents: [100000.0, 99999.99989365826, 99999.99982320033]
J=3.0e-04, ⟨Jf⟩=2.7e-04, ⟨B·n⟩=4.1e-03, Len=sum([5.2, 5.2, 4.9])=15.4, ϰ=[5.5, 6.7, 5.9], ∫ϰ²/L>=[5.0, 7.1, 8.1], C-C-Sep=0.20, ║∇J║=5.4e-05
Iteration 1201/2000-----
currents: [100000.0, 99999.99989165843, 99999.99981986462]
J=3.0e-04, ⟨Jf⟩=2.7e-04, ⟨B·n⟩=4.1e-03, Len=sum([5.2, 5.2, 4.9])=15.4, ϰ=[5.5, 6.7, 5.9], ∫ϰ²/L>=[5.0, 7.1, 8.1], C-C-Sep=0.20, ║∇J║=8.3e-05
Iteration 1202/2000-----
currents: [100000.0, 99999.99989038738, 99999.99981774474]
J=3.0e-04, ⟨Jf⟩=2.7e-04, ⟨B·n⟩=4.1e-03, Len=sum([5.2, 5.2, 4.9])=15.4, ϰ=[5.5, 6.7, 5.9], ∫ϰ²/L>=[5.0, 7.1, 8.1], C-C-Sep=0.20, ║∇J║=6.2e-05
Iteration 1203/2000-----
currents: [100000.0, 99999.99989014986, 99999.99981734902]
J=3.0e-04, ⟨Jf⟩=2.7e-04, ⟨B·n⟩=4.1e-03, Len=sum([5.2, 5.2, 4.9])=15.4, ϰ=[5.5, 6.7, 5.9], ∫ϰ²/L>=[5.0, 7.1, 8.1], C-C-Sep=0.20, ║∇J║=5.0e-05
Iteration 1204/2000-----
currents: [100000.0, 99999.99988752739, 99999.99981297411]
J=3.0e-04, ⟨Jf⟩=2.7e-04, ⟨B·n⟩=4.1e-03, Len=sum([5.2, 5.2, 4.9])=15.4, ϰ=[5.5, 6.7, 5.9], ∫ϰ²/L>=[5.0, 7.1, 8.1], C-C-Sep=0.20, ║∇J║=4.9e-05
Iteration 1205/2000-----
currents: [100000.0, 99999.9998822015, 99999.99980408877]
J=3.0e-04, ⟨Jf⟩=2.7e-04, ⟨B·n⟩=4.1e-03, Len=sum([5.2, 5.2, 4.9])=15.4, ϰ=[5.5, 6.7, 5.9], ∫ϰ²/L>=[5.0, 7.1, 8.1], C-C-Sep=0.20, ║∇J║=9.2e-05
Iteration 1206/2000-----
currents: [100000.0, 99999.99987836675, 99999.99979769008]
J=3.0e-04, ⟨Jf⟩=2.7e-04, ⟨B·n⟩=4.1e-03, Len=sum([5.2, 5.2, 4.9])=15.4, ϰ=[5.5, 6.7, 5.9], ∫ϰ²/L>=[5.0, 7.1, 8.1], C-C-Sep=0.20, ║∇J║=8.8e-05
Iteration 1207/2000-----
currents: [100000.0, 99999.99987212011, 99999.99978726619]
J=3.0e-04, ⟨Jf⟩=2.7e-04, ⟨B·n⟩=4.1e-03, Len=sum([5.2, 5.2, 4.9])=15.4, ϰ=[5.5, 6.7, 5.9], ∫ϰ²/L>=[5.0, 7.1, 8.1], C-C-Sep=0.20, ║∇J║=1.2e-04
Iteration 1208/2000-----
currents: [100000.0, 99999.99986598278, 99999.99977702528]
J=3.0e-04, ⟨Jf⟩=2.7e-04, ⟨B·n⟩=4.1e-03, Len=sum([5.2, 5.2, 4.9])=15.4, ϰ=[5.5, 6.7, 5.9], ∫ϰ²/L>=[5.0, 7.1, 8.1], C-C-Sep=0.20, ║∇J║=1.6e-04
Iteration 1209/2000-----
currents: [100000.0, 99999.99985732228, 99999.99976257481]
J=3.0e-04, ⟨Jf⟩=2.7e-04, ⟨B·n⟩=4.1e-03, Len=sum([5.2, 5.2, 4.9])=15.4, ϰ=[5.5, 6.7, 5.9], ∫ϰ²/L>=[5.0, 7.1, 8.1], C-C-Sep=0.20, ║∇J║=2.6e-04
Iteration 1210/2000-----
currents: [100000.0, 99999.99986225582, 99999.99977080665]
J=3.0e-04, ⟨Jf⟩=2.7e-04, ⟨B·n⟩=4.1e-03, Len=sum([5.2, 5.2, 4.9])=15.4, ϰ=[5.5, 6.7, 5.9], ∫ϰ²/L>=[5.0, 7.1, 8.1], C-C-Sep=0.20, ║∇J║=1.5e-04
Iteration 1211/2000-----
currents: [100000.0, 99999.99986638081, 99999.99977768787]
J=3.0e-04, ⟨Jf⟩=2.7e-04, ⟨B·n⟩=4.1e-03, Len=sum([5.2, 5.2, 4.9])=15.4, ϰ=[5.5, 6.7, 5.9], ∫ϰ²/L>=[5.0, 7.1, 8.1], C-C-Sep=0.20, ║∇J║=3.1e-04
Iteration 1212/2000-----
currents: [100000.0, 99999.99986353263, 99999.99977293662]
J=3.0e-04, ⟨Jf⟩=2.7e-04, ⟨B·n⟩=4.1e-03, Len=sum([5.2, 5.2, 4.9])=15.4, ϰ=[5.5, 6.7, 5.9], ∫ϰ²/L>=[5.0, 7.1, 8.1], C-C-Sep=0.20, ║∇J║=1.5e-04
Iteration 1213/2000-----
currents: [100000.0, 99999.99985859841, 99999.9997647062]
J=3.0e-04, ⟨Jf⟩=2.7e-04, ⟨B·n⟩=4.1e-03, Len=sum([5.2, 5.2, 4.9])=15.4, ϰ=[5.5, 6.7, 5.9], ∫ϰ²/L>=[5.0, 7.1, 8.1], C-C-Sep=0.20, ║∇J║=1.2e-04
Iteration 1214/2000-----
currents: [100000.0, 99999.9998591293, 99999.9997655898]
J=3.0e-04, ⟨Jf⟩=2.7e-04, ⟨B·n⟩=4.1e-03, Len=sum([5.2, 5.2, 4.9])=15.4, ϰ=[5.5, 6.7, 5.9], ∫ϰ²/L>=[5.0, 7.1, 8.1], C-C-Sep=0.20, ║∇J║=7.0e-05
Iteration 1215/2000-----
currents: [100000.0, 99999.99985851652, 99999.99976456781]
J=3.0e-04, ⟨Jf⟩=2.7e-04, ⟨B·n⟩=4.1e-03, Len=sum([5.2, 5.2, 4.9])=15.4, ϰ=[5.5, 6.7, 5.9], ∫ϰ²/L>=[5.0, 7.1, 8.1], C-C-Sep=0.20, ║∇J║=5.8e-05
Iteration 1216/2000-----
currents: [100000.0, 99999.9998559471, 99999.99976027971]
J=3.0e-04, ⟨Jf⟩=2.7e-04, ⟨B·n⟩=4.1e-03, Len=sum([5.2, 5.2, 4.9])=15.4, ϰ=[5.5, 6.7, 5.9], ∫ϰ²/L>=[5.0, 7.1, 8.1], C-C-Sep=0.20, ║∇J║=6.8e-05
Iteration 1217/2000-----
currents: [100000.0, 99999.9998529404, 99999.9997552629]
J=3.0e-04, ⟨Jf⟩=2.7e-04, ⟨B·n⟩=4.1e-03, Len=sum([5.2, 5.2, 4.9])=15.4, ϰ=[5.5, 6.7, 5.9], ∫ϰ²/L>=[5.0, 7.1, 8.1], C-C-Sep=0.20, ║∇J║=8.4e-05
Iteration 1218/2000-----
currents: [100000.0, 99999.99985034535, 99999.99975093312]
J=3.0e-04, ⟨Jf⟩=2.7e-04, ⟨B·n⟩=4.1e-03, Len=sum([5.2, 5.2, 4.9])=15.4, ϰ=[5.5, 6.7, 5.9], ∫ϰ²/L>=[5.0, 7.1, 8.1], C-C-Sep=0.20, ║∇J║=1.2e-04
Iteration 1219/2000-----
currents: [100000.0, 99999.9998493191, 99999.99974921897]
J=3.0e-04, ⟨Jf⟩=2.7e-04, ⟨B·n⟩=4.1e-03, Len=sum([5.2, 5.2, 4.9])=15.4, ϰ=[5.5, 6.7, 5.9], ∫ϰ²/L>=[5.0, 7.1, 8.1], C-C-Sep=0.20, ║∇J║=7.1e-05
Iteration 1220/2000-----
currents: [100000.0, 99999.99985059873, 99999.99975135394]
J=3.0e-04, ⟨Jf⟩=2.7e-04, ⟨B·n⟩=4.1e-03, Len=sum([5.2, 5.2, 4.9])=15.4, ϰ=[5.5, 6.7, 5.9], ∫ϰ²/L>=[5.0, 7.1, 8.1], C-C-Sep=0.20, ║∇J║=6.4e-05
Iteration 1221/2000-----
currents: [100000.0, 99999.99985083521, 99999.99975174731]
J=3.0e-04, ⟨Jf⟩=2.7e-04, ⟨B·n⟩=4.1e-03, Len=sum([5.2, 5.2, 4.9])=15.4, ϰ=[5.5, 6.7, 5.9], ∫ϰ²/L>=[5.0, 7.1, 8.1], C-C-Sep=0.20, ║∇J║=7.1e-05
Iteration 1222/2000-----
currents: [100000.0, 99999.99985112439, 99999.99975222802]
J=3.0e-04, ⟨Jf⟩=2.7e-04, ⟨B·n⟩=4.1e-03, Len=sum([5.2, 5.2, 4.9])=15.4, ϰ=[5.5, 6.7, 5.9], ∫ϰ²/L>=[5.0, 7.1, 8.1], C-C-Sep=0.20, ║∇J║=9.1e-05
Iteration 1223/2000-----
currents: [100000.0, 99999.99985018022, 99999.9997506516]
J=3.0e-04, ⟨Jf⟩=2.7e-04, ⟨B·n⟩=4.1e-03, Len=sum([5.2, 5.2, 4.9])=15.4, ϰ=[5.5, 6.7, 5.9], ∫ϰ²/L>=[5.0, 7.1, 8.1], C-C-Sep=0.20, ║∇J║=6.1e-05
Iteration 1224/2000-----
currents: [100000.0, 99999.99984857638, 99999.99974797493]
J=3.0e-04, ⟨Jf⟩=2.7e-04, ⟨B·n⟩=4.1e-03, Len=sum([5.2, 5.2, 4.9])=15.4, ϰ=[5.5, 6.7, 5.9], ∫ϰ²/L>=[5.0, 7.1, 8.1], C-C-Sep=0.20, ║∇J║=6.1e-05
Iteration 1225/2000-----
currents: [100000.0, 99999.9998465097, 99999.99974452601]
J=3.0e-04, ⟨Jf⟩=2.7e-04, ⟨B·n⟩=4.1e-03, Len=sum([5.2, 5.2, 4.9])=15.4, ϰ=[5.5, 6.7, 5.9], ∫ϰ²/L>=[5.0, 7.1, 8.1], C-C-Sep=0.20, ║∇J║=7.0e-05
Iteration 1226/2000-----
currents: [100000.0, 99999.99984184196, 99999.99973673672]
J=3.0e-04, ⟨Jf⟩=2.7e-04, ⟨B·n⟩=4.1e-03, Len=sum([5.2, 5.2, 4.9])=15.4, ϰ=[5.5, 6.7, 5.9], ∫ϰ²/L>=[5.0, 7.1, 8.1], C-C-Sep=0.20, ║∇J║=1.4e-04
Iteration 1227/2000-----
currents: [100000.0, 99999.99984324246, 99999.99973907442]
J=3.0e-04, ⟨Jf⟩=2.7e-04, ⟨B·n⟩=4.1e-03, Len=sum([5.2, 5.2, 4.9])=15.4, ϰ=[5.5, 6.7, 5.9], ∫ϰ²/L>=[5.0, 7.1, 8.1], C-C-Sep=0.20, ║∇J║=8.5e-05
Iteration 1228/2000-----
currents: [100000.0, 99999.99984165865, 99999.99973643238]
J=3.0e-04, ⟨Jf⟩=2.7e-04, ⟨B·n⟩=4.1e-03, Len=sum([5.2, 5.2, 4.9])=15.4, ϰ=[5.5, 6.7, 5.9], ∫ϰ²/L>=[5.0, 7.1, 8.1], C-C-Sep=0.20, ║∇J║=9.9e-05
Iteration 1229/2000-----
currents: [100000.0, 99999.99984197873, 99999.99973696627]
J=3.0e-04, ⟨Jf⟩=2.7e-04, ⟨B·n⟩=4.1e-03, Len=sum([5.2, 5.2, 4.9])=15.4, ϰ=[5.5, 6.7, 5.9], ∫ϰ²/L>=[5.0, 7.1, 8.1], C-C-Sep=0.20, ║∇J║=5.6e-05
Iteration 1230/2000-----
currents: [100000.0, 99999.99984083464, 99999.99973505748]
J=3.0e-04, ⟨Jf⟩=2.7e-04, ⟨B·n⟩=4.1e-03, Len=sum([5.2, 5.2, 4.9])=15.4, ϰ=[5.5, 6.7, 5.9], ∫ϰ²/L>=[5.0, 7.1, 8.1], C-C-Sep=0.20, ║∇J║=5.0e-05
Iteration 1231/2000-----
currents: [100000.0, 99999.99983908521, 99999.99973213888]
J=3.0e-04, ⟨Jf⟩=2.7e-04, ⟨B·n⟩=4.1e-03, Len=sum([5.2, 5.2, 4.9])=15.4, ϰ=[5.5, 6.7, 5.9], ∫ϰ²/L>=[5.0, 7.1, 8.1], C-C-Sep=0.20, ║∇J║=6.0e-05
Iteration 1232/2000-----
currents: [100000.0, 99999.99983546653, 99999.9997261018]
J=3.0e-04, ⟨Jf⟩=2.7e-04, ⟨B·n⟩=4.1e-03, Len=sum([5.2, 5.2, 4.9])=15.4, ϰ=[5.5, 6.7, 5.9], ∫ϰ²/L>=[5.0, 7.1, 8.1], C-C-Sep=0.20, ║∇J║=1.3e-04
Iteration 1233/2000-----
currents: [100000.0, 99999.9998342275, 99999.99972403457]
J=3.0e-04, ⟨Jf⟩=2.7e-04, ⟨B·n⟩=4.1e-03, Len=sum([5.2, 5.2, 4.9])=15.4, ϰ=[5.5, 6.7, 5.9], ∫ϰ²/L>=[5.0, 7.1, 8.1], C-C-Sep=0.20, ║∇J║=6.4e-05
Iteration 1234/2000-----
currents: [100000.0, 99999.9998334142, 99999.99972267773]
J=3.0e-04, ⟨Jf⟩=2.7e-04, ⟨B·n⟩=4.1e-03, Len=sum([5.2, 5.2, 4.9])=15.4, ϰ=[5.5, 6.7, 5.9], ∫ϰ²/L>=[5.0, 7.1, 8.1], C-C-Sep=0.20, ║∇J║=5.5e-05
Iteration 1235/2000-----
currents: [100000.0, 99999.99983123707, 99999.99971904595]
J=3.0e-04, ⟨Jf⟩=2.7e-04, ⟨B·n⟩=4.1e-03, Len=sum([5.2, 5.2, 4.9])=15.4, ϰ=[5.5, 6.7, 5.9], ∫ϰ²/L>=[5.0, 7.1, 8.1], C-C-Sep=0.20, ║∇J║=6.4e-05
Iteration 1236/2000-----
currents: [100000.0, 99999.99982722565, 99999.99971235335]
J=3.0e-04, ⟨Jf⟩=2.7e-04, ⟨B·n⟩=4.1e-03, Len=sum([5.2, 5.2, 4.9])=15.4, ϰ=[5.5, 6.7, 5.9], ∫ϰ²/L>=[5.0, 7.1, 8.1], C-C-Sep=0.20, ║∇J║=9.9e-05
Iteration 1237/2000-----
currents: [100000.0, 99999.99982606883, 99999.99971042377]
J=3.0e-04, ⟨Jf⟩=2.7e-04, ⟨B·n⟩=4.1e-03, Len=sum([5.2, 5.2, 4.9])=15.4, ϰ=[5.5, 6.7, 5.9], ∫ϰ²/L>=[5.0, 7.1, 8.1], C-C-Sep=0.20, ║∇J║=6.6e-05
Iteration 1238/2000-----
currents: [100000.0, 99999.99982301272, 99999.99970532637]
J=3.0e-04, ⟨Jf⟩=2.7e-04, ⟨B·n⟩=4.1e-03, Len=sum([5.2, 5.2, 4.9])=15.4, ϰ=[5.5, 6.7, 5.9], ∫ϰ²/L>=[5.0, 7.1, 8.1], C-C-Sep=0.20, ║∇J║=6.8e-05
Iteration 1239/2000-----
currents: [100000.0, 99999.9998225559, 99999.99970456537]
J=3.0e-04, ⟨Jf⟩=2.7e-04, ⟨B·n⟩=4.1e-03, Len=sum([5.2, 5.2, 4.9])=15.4, ϰ=[5.5, 6.7, 5.9], ∫ϰ²/L>=[5.0, 7.1, 8.1], C-C-Sep=0.20, ║∇J║=1.0e-04
Iteration 1240/2000-----
currents: [100000.0, 99999.99981897188, 99999.99969858564]
J=3.0e-04, ⟨Jf⟩=2.7e-04, ⟨B·n⟩=4.1e-03, Len=sum([5.2, 5.2, 4.9])=15.4, ϰ=[5.5, 6.7, 5.9], ∫ϰ²/L>=[5.0, 7.1, 8.1], C-C-Sep=0.20, ║∇J║=8.8e-05
Iteration 1241/2000-----
currents: [100000.0, 99999.99981831934, 99999.999697497]
J=3.0e-04, ⟨Jf⟩=2.7e-04, ⟨B·n⟩=4.1e-03, Len=sum([5.2, 5.2, 4.9])=15.4, ϰ=[5.5, 6.7, 5.9], ∫ϰ²/L>=[5.0, 7.1, 8.1], C-C-Sep=0.20, ║∇J║=1.6e-04
Iteration 1242/2000-----
currents: [100000.0, 99999.99981717949, 99999.99969559614]
J=3.0e-04, ⟨Jf⟩=2.7e-04, ⟨B·n⟩=4.1e-03, Len=sum([5.2, 5.2, 4.9])=15.4, ϰ=[5.5, 6.7, 5.9], ∫ϰ²/L>=[5.0, 7.1, 8.1], C-C-Sep=0.20, ║∇J║=7.5e-05
Iteration 1243/2000-----
currents: [100000.0, 99999.9998176576, 99999.99969639382]
J=3.0e-04, ⟨Jf⟩=2.7e-04, ⟨B·n⟩=4.1e-03, Len=sum([5.2, 5.2, 4.9])=15.4, ϰ=[5.5, 6.7, 5.9], ∫ϰ²/L>=[5.0, 7.1, 8.1], C-C-Sep=0.20, ║∇J║=5.7e-05
Iteration 1244/2000-----
currents: [100000.0, 99999.99981631788, 99999.99969415924]
J=3.0e-04, ⟨Jf⟩=2.7e-04, ⟨B·n⟩=4.1e-03, Len=sum([5.2, 5.2, 4.9])=15.4, ϰ=[5.5, 6.7, 5.9], ∫ϰ²/L>=[5.0, 7.1, 8.1], C-C-Sep=0.20, ║∇J║=6.9e-05
Iteration 1245/2000-----
currents: [100000.0, 99999.99981521821, 99999.99969232526]
J=3.0e-04, ⟨Jf⟩=2.7e-04, ⟨B·n⟩=4.1e-03, Len=sum([5.2, 5.2, 4.9])=15.4, ϰ=[5.5, 6.7, 5.9], ∫ϰ²/L>=[5.0, 7.1, 8.1], C-C-Sep=0.20, ║∇J║=7.9e-05
Iteration 1246/2000-----
currents: [100000.0, 99999.99981417344, 99999.99969058197]
J=3.0e-04, ⟨Jf⟩=2.7e-04, ⟨B·n⟩=4.1e-03, Len=sum([5.2, 5.2, 4.9])=15.4, ϰ=[5.5, 6.7, 5.9], ∫ϰ²/L>=[5.0, 7.1, 8.1], C-C-Sep=0.20, ║∇J║=1.1e-04
Iteration 1247/2000-----
currents: [100000.0, 99999.99981364654, 99999.99968970359]
J=3.0e-04, ⟨Jf⟩=2.7e-04, ⟨B·n⟩=4.1e-03, Len=sum([5.2, 5.2, 4.9])=15.4, ϰ=[5.5, 6.7, 5.9], ∫ϰ²/L>=[5.0, 7.1, 8.1], C-C-Sep=0.20, ║∇J║=4.9e-05
Iteration 1248/2000-----
currents: [100000.0, 99999.99981378847, 99999.99968994025]
J=3.0e-04, ⟨Jf⟩=2.7e-04, ⟨B·n⟩=4.1e-03, Len=sum([5.2, 5.2, 4.9])=15.4, ϰ=[5.5, 6.7, 5.9], ∫ϰ²/L>=[5.0, 7.1, 8.1], C-C-Sep=0.20, ║∇J║=5.7e-05
Iteration 1249/2000-----
currents: [100000.0, 99999.9998130678, 99999.99968873826]
J=3.0e-04, ⟨Jf⟩=2.7e-04, ⟨B·n⟩=4.1e-03, Len=sum([5.2, 5.2, 4.9])=15.4, ϰ=[5.5, 6.7, 5.9], ∫ϰ²/L>=[5.0, 7.1, 8.1], C-C-Sep=0.20, ║∇J║=6.4e-05
Iteration 1250/2000-----
currents: [100000.0, 99999.99981116057, 99999.99968555741]
J=3.0e-04, ⟨Jf⟩=2.7e-04, ⟨B·n⟩=4.1e-03, Len=sum([5.2, 5.2, 4.9])=15.4, ϰ=[5.5, 6.7, 5.9], ∫ϰ²/L>=[5.0, 7.1, 8.1], C-C-Sep=0.20, ║∇J║=1.2e-04
Iteration 1251/2000-----
currents: [100000.0, 99999.99981015165, 99999.99968387464]
J=3.0e-04, ⟨Jf⟩=2.7e-04, ⟨B·n⟩=4.1e-03, Len=sum([5.2, 5.2, 4.9])=15.4, ϰ=[5.5, 6.7, 5.9], ∫ϰ²/L>=[5.0, 7.1, 8.1], C-C-Sep=0.20, ║∇J║=6.9e-05
Iteration 1252/2000-----
currents: [100000.0, 99999.99980947949, 99999.99968275384]
J=3.0e-04, ⟨Jf⟩=2.7e-04, ⟨B·n⟩=4.1e-03, Len=sum([5.2, 5.2, 4.9])=15.4, ϰ=[5.5, 6.7, 5.9], ∫ϰ²/L>=[5.0, 7.1, 8.1], C-C-Sep=0.20, ║∇J║=5.0e-05
Iteration 1253/2000-----
currents: [100000.0, 99999.99980896105, 99999.9996818895]
J=3.0e-04, ⟨Jf⟩=2.7e-04, ⟨B·n⟩=4.1e-03, Len=sum([5.2, 5.2, 4.9])=15.4, ϰ=[5.5, 6.7, 5.9], ∫ϰ²/L>=[5.0, 7.1, 8.1], C-C-Sep=0.20, ║∇J║=5.6e-05
Iteration 1254/2000-----
currents: [100000.0, 99999.99980763168, 99999.99967967218]
J=3.0e-04, ⟨Jf⟩=2.7e-04, ⟨B·n⟩=4.1e-03, Len=sum([5.2, 5.2, 4.9])=15.4, ϰ=[5.5, 6.7, 5.9], ∫ϰ²/L>=[5.0, 7.1, 8.1], C-C-Sep=0.20, ║∇J║=1.0e-04
Iteration 1255/2000-----
currents: [100000.0, 99999.99980743554, 99999.99967934562]
J=3.0e-04, ⟨Jf⟩=2.7e-04, ⟨B·n⟩=4.1e-03, Len=sum([5.2, 5.2, 4.9])=15.4, ϰ=[5.5, 6.7, 5.9], ∫ϰ²/L>=[5.0, 7.1, 8.1], C-C-Sep=0.20, ║∇J║=5.6e-05
Iteration 1256/2000-----
currents: [100000.0, 99999.9998081105, 99999.99968047139]
J=3.0e-04, ⟨Jf⟩=2.7e-04, ⟨B·n⟩=4.1e-03, Len=sum([5.2, 5.2, 4.9])=15.4, ϰ=[5.5, 6.7, 5.9], ∫ϰ²/L>=[5.0, 7.1, 8.1], C-C-Sep=0.20, ║∇J║=5.2e-05
Iteration 1257/2000-----
currents: [100000.0, 99999.99980733653, 99999.99967918039]
J=3.0e-04, ⟨Jf⟩=2.7e-04, ⟨B·n⟩=4.1e-03, Len=sum([5.2, 5.2, 4.9])=15.4, ϰ=[5.5, 6.7, 5.9], ∫ϰ²/L>=[5.0, 7.1, 8.1], C-C-Sep=0.20, ║∇J║=6.7e-05
Iteration 1258/2000-----
currents: [100000.0, 99999.99980804462, 99999.99968036206]
J=3.0e-04, ⟨Jf⟩=2.7e-04, ⟨B·n⟩=4.1e-03, Len=sum([5.2, 5.2, 4.9])=15.4, ϰ=[5.5, 6.7, 5.9], ∫ϰ²/L>=[5.0, 7.1, 8.1], C-C-Sep=0.20, ║∇J║=6.0e-05
Iteration 1259/2000-----
currents: [100000.0, 99999.99980722809, 99999.99967899891]
J=3.0e-04, ⟨Jf⟩=2.7e-04, ⟨B·n⟩=4.1e-03, Len=sum([5.2, 5.2, 4.9])=15.4, ϰ=[5.5, 6.7, 5.9], ∫ϰ²/L>=[5.0, 7.1, 8.1], C-C-Sep=0.20, ║∇J║=6.9e-05
Iteration 1260/2000-----
currents: [100000.0, 99999.99980617627, 99999.9996772445]
J=3.0e-04, ⟨Jf⟩=2.7e-04, ⟨B·n⟩=4.1e-03, Len=sum([5.2, 5.2, 4.9])=15.4, ϰ=[5.5, 6.7, 5.9], ∫ϰ²/L>=[5.0, 7.1, 8.1], C-C-Sep=0.20, ║∇J║=6.9e-05
Iteration 1261/2000-----
currents: [100000.0, 99999.99980581453, 99999.99967664154]
J=3.0e-04, ⟨Jf⟩=2.7e-04, ⟨B·n⟩=4.1e-03, Len=sum([5.2, 5.2, 4.9])=15.4, ϰ=[5.5, 6.7, 5.9], ∫ϰ²/L>=[5.0, 7.1, 8.1], C-C-Sep=0.20, ║∇J║=5.1e-05
Iteration 1262/2000-----
currents: [100000.0, 99999.99980494507, 99999.99967519056]
J=3.0e-04, ⟨Jf⟩=2.7e-04, ⟨B·n⟩=4.1e-03, Len=sum([5.2, 5.2, 4.9])=15.4, ϰ=[5.5, 6.7, 5.9], ∫ϰ²/L>=[5.0, 7.1, 8.1], C-C-Sep=0.20, ║∇J║=5.1e-05
Iteration 1263/2000-----
currents: [100000.0, 99999.99980350706, 99999.99967279176]
J=3.0e-04, ⟨Jf⟩=2.7e-04, ⟨B·n⟩=4.1e-03, Len=sum([5.2, 5.2, 4.9])=15.4, ϰ=[5.5, 6.7, 5.9], ∫ϰ²/L>=[5.0, 7.1, 8.1], C-C-Sep=0.20, ║∇J║=5.1e-05
Iteration 1264/2000-----
currents: [100000.0, 99999.99980095077, 99999.99966852646]
J=3.0e-04, ⟨Jf⟩=2.7e-04, ⟨B·n⟩=4.1e-03, Len=sum([5.2, 5.2, 4.9])=15.4, ϰ=[5.5, 6.7, 5.9], ∫ϰ²/L>=[5.0, 7.1, 8.1], C-C-Sep=0.20, ║∇J║=6.2e-05
Iteration 1265/2000-----
currents: [100000.0, 99999.99979870702, 99999.99966478307]
J=3.0e-04, ⟨Jf⟩=2.7e-04, ⟨B·n⟩=4.1e-03, Len=sum([5.2, 5.2, 4.9])=15.4, ϰ=[5.5, 6.7, 5.9], ∫ϰ²/L>=[5.0, 7.1, 8.1], C-C-Sep=0.20, ║∇J║=8.3e-05
Iteration 1266/2000-----
currents: [100000.0, 99999.99979673834, 99999.99966149818]
J=3.0e-04, ⟨Jf⟩=2.7e-04, ⟨B·n⟩=4.1e-03, Len=sum([5.2, 5.2, 4.9])=15.4, ϰ=[5.5, 6.7, 5.9], ∫ϰ²/L>=[5.0, 7.1, 8.1], C-C-Sep=0.20, ║∇J║=6.3e-05
Iteration 1267/2000-----
currents: [100000.0, 99999.99979665295, 99999.99966135573]
J=3.0e-04, ⟨Jf⟩=2.7e-04, ⟨B·n⟩=4.1e-03, Len=sum([5.2, 5.2, 4.9])=15.4, ϰ=[5.5, 6.7, 5.9], ∫ϰ²/L>=[5.0, 7.1, 8.1], C-C-Sep=0.20, ║∇J║=4.9e-05
Iteration 1268/2000-----
currents: [100000.0, 99999.99979352094, 99999.99965613055]
J=3.0e-04, ⟨Jf⟩=2.7e-04, ⟨B·n⟩=4.1e-03, Len=sum([5.2, 5.2, 4.9])=15.4, ϰ=[5.5, 6.7, 5.9], ∫ϰ²/L>=[5.0, 7.1, 8.1], C-C-Sep=0.20, ║∇J║=6.8e-05
Iteration 1269/2000-----
currents: [100000.0, 99999.99979288322, 99999.99965506642]
J=3.0e-04, ⟨Jf⟩=2.7e-04, ⟨B·n⟩=4.1e-03, Len=sum([5.2, 5.2, 4.9])=15.4, ϰ=[5.5, 6.7, 5.9], ∫ϰ²/L>=[5.0, 7.1, 8.1], C-C-Sep=0.20, ║∇J║=8.3e-05
Iteration 1270/2000-----
currents: [100000.0, 99999.99979194999, 99999.99965350855]
J=3.0e-04, ⟨Jf⟩=2.7e-04, ⟨B·n⟩=4.1e-03, Len=sum([5.2, 5.2, 4.9])=15.4, ϰ=[5.5, 6.7, 5.9], ∫ϰ²/L>=[5.0, 7.1, 8.1], C-C-Sep=0.20, ║∇J║=4.3e-05
Iteration 1271/2000-----
currents: [100000.0, 99999.9997903003, 99999.99965075616]
J=3.0e-04, ⟨Jf⟩=2.7e-04, ⟨B·n⟩=4.1e-03, Len=sum([5.2, 5.2, 4.9])=15.4, ϰ=[5.5, 6.7, 5.9], ∫ϰ²/L>=[5.0, 7.1, 8.1], C-C-Sep=0.20, ║∇J║=4.5e-05
Iteration 1272/2000-----
currents: [100000.0, 99999.99978928822, 99999.99964906725]
J=3.0e-04, ⟨Jf⟩=2.7e-04, ⟨B·n⟩=4.1e-03, Len=sum([5.2, 5.2, 4.9])=15.4, ϰ=[5.5, 6.7, 5.9], ∫ϰ²/L>=[5.0, 7.1, 8.1], C-C-Sep=0.20, ║∇J║=6.4e-05
Iteration 1273/2000-----
currents: [100000.0, 99999.99978830275, 99999.99964742271]
J=3.0e-04, ⟨Jf⟩=2.7e-04, ⟨B·n⟩=4.1e-03, Len=sum([5.2, 5.2, 4.9])=15.4, ϰ=[5.5, 6.7, 5.9], ∫ϰ²/L>=[5.0, 7.1, 8.1], C-C-Sep=0.20, ║∇J║=4.5e-05
Iteration 1274/2000-----
currents: [100000.0, 99999.99978707198, 99999.99964536927]
J=3.0e-04, ⟨Jf⟩=2.7e-04, ⟨B·n⟩=4.1e-03, Len=sum([5.2, 5.2, 4.9])=15.4, ϰ=[5.5, 6.7, 5.9], ∫ϰ²/L>=[5.0, 7.1, 8.1], C-C-Sep=0.20, ║∇J║=5.1e-05
Iteration 1275/2000-----
currents: [100000.0, 99999.99978639609, 99999.99964424172]
J=3.0e-04, ⟨Jf⟩=2.7e-04, ⟨B·n⟩=4.1e-03, Len=sum([5.2, 5.2, 4.9])=15.4, ϰ=[5.5, 6.7, 5.9], ∫ϰ²/L>=[5.0, 7.1, 8.1], C-C-Sep=0.20, ║∇J║=7.8e-05
Iteration 1276/2000-----
currents: [100000.0, 99999.99978633279, 99999.99964413598]
J=3.0e-04, ⟨Jf⟩=2.7e-04, ⟨B·n⟩=4.1e-03, Len=sum([5.2, 5.2, 4.9])=15.4, ϰ=[5.5, 6.7, 5.9], ∫ϰ²/L>=[5.0, 7.1, 8.1], C-C-Sep=0.20, ║∇J║=4.7e-05
Iteration 1277/2000-----
currents: [100000.0, 99999.99978598411, 99999.99964355458]
J=3.0e-04, ⟨Jf⟩=2.7e-04, ⟨B·n⟩=4.1e-03, Len=sum([5.2, 5.2, 4.9])=15.4, ϰ=[5.5, 6.7, 5.9], ∫ϰ²/L>=[5.0, 7.1, 8.1], C-C-Sep=0.20, ║∇J║=3.7e-05
Iteration 1278/2000-----
currents: [100000.0, 99999.99978534215, 99999.9996424836]
J=3.0e-04, ⟨Jf⟩=2.7e-04, ⟨B·n⟩=4.1e-03, Len=sum([5.2, 5.2, 4.9])=15.4, ϰ=[5.5, 6.7, 5.9], ∫ϰ²/L>=[5.0, 7.1, 8.1], C-C-Sep=0.20, ║∇J║=4.2e-05
Iteration 1279/2000-----
currents: [100000.0, 99999.99978415896, 99999.99964050998]
J=3.0e-04, ⟨Jf⟩=2.7e-04, ⟨B·n⟩=4.1e-03, Len=sum([5.2, 5.2, 4.9])=15.4, ϰ=[5.5, 6.7, 5.9], ∫ϰ²/L>=[5.0, 7.1, 8.1], C-C-Sep=0.20, ║∇J║=5.2e-05
Iteration 1280/2000-----
currents: [100000.0, 99999.9997827262, 99999.99963811996]
J=3.0e-04, ⟨Jf⟩=2.7e-04, ⟨B·n⟩=4.1e-03, Len=sum([5.2, 5.2, 4.9])=15.4, ϰ=[5.5, 6.7, 5.9], ∫ϰ²/L>=[5.0, 7.1, 8.1], C-C-Sep=0.20, ║∇J║=9.0e-05
Iteration 1281/2000-----
currents: [100000.0, 99999.99978225451, 99999.99963733314]
J=3.0e-04, ⟨Jf⟩=2.7e-04, ⟨B·n⟩=4.1e-03, Len=sum([5.2, 5.2, 4.9])=15.4, ϰ=[5.5, 6.7, 5.9], ∫ϰ²/L>=[5.0, 7.1, 8.1], C-C-Sep=0.20, ║∇J║=4.2e-05
Iteration 1282/2000-----
currents: [100000.0, 99999.99978163397, 99999.99963629807]
J=3.0e-04, ⟨Jf⟩=2.7e-04, ⟨B·n⟩=4.1e-03, Len=sum([5.2, 5.2, 4.9])=15.4, ϰ=[5.5, 6.7, 5.9], ∫ϰ²/L>=[5.0, 7.1, 8.1], C-C-Sep=0.20, ║∇J║=4.9e-05
Iteration 1283/2000-----
currents: [100000.0, 99999.999780866, 99999.99963501738]
J=3.0e-04, ⟨Jf⟩=2.7e-04, ⟨B·n⟩=4.1e-03, Len=sum([5.2, 5.2, 4.9])=15.4, ϰ=[5.5, 6.7, 5.9], ∫ϰ²/L>=[5.0, 7.1, 8.1], C-C-Sep=0.20, ║∇J║=7.0e-05
Iteration 1284/2000-----
currents: [100000.0, 99999.99977913559, 99999.99963213103]
J=3.0e-04, ⟨Jf⟩=2.7e-04, ⟨B·n⟩=4.1e-03, Len=sum([5.2, 5.2, 4.9])=15.4, ϰ=[5.5, 6.7, 5.9], ∫ϰ²/L>=[5.0, 7.1, 8.1], C-C-Sep=0.20, ║∇J║=9.9e-05
Iteration 1285/2000-----
currents: [100000.0, 99999.99977894415, 99999.9996318118]
J=3.0e-04, ⟨Jf⟩=2.7e-04, ⟨B·n⟩=4.1e-03, Len=sum([5.2, 5.2, 4.9])=15.4, ϰ=[5.5, 6.7, 5.9], ∫ϰ²/L>=[5.0, 7.1, 8.1], C-C-Sep=0.20, ║∇J║=4.3e-05
Iteration 1286/2000-----
currents: [100000.0, 99999.99977841912, 99999.99963093616]
J=3.0e-04, ⟨Jf⟩=2.7e-04, ⟨B·n⟩=4.1e-03, Len=sum([5.2, 5.2, 4.9])=15.4, ϰ=[5.5, 6.7, 5.9], ∫ϰ²/L>=[5.0, 7.1, 8.1], C-C-Sep=0.20, ║∇J║=4.2e-05
Iteration 1287/2000-----
currents: [100000.0, 99999.99977865297, 99999.99963132649]
J=3.0e-04, ⟨Jf⟩=2.7e-04, ⟨B·n⟩=4.1e-03, Len=sum([5.2, 5.2, 4.9])=15.4, ϰ=[5.5, 6.7, 5.9], ∫ϰ²/L>=[5.0, 7.1, 8.1], C-C-Sep=0.20, ║∇J║=4.5e-05
Iteration 1288/2000-----
currents: [100000.0, 99999.99977516987, 99999.99962551631]
J=3.0e-04, ⟨Jf⟩=2.7e-04, ⟨B·n⟩=4.1e-03, Len=sum([5.2, 5.2, 4.9])=15.4, ϰ=[5.5, 6.7, 5.9], ∫ϰ²/L>=[5.0, 7.1, 8.1], C-C-Sep=0.20, ║∇J║=6.6e-05
Iteration 1289/2000-----
currents: [100000.0, 99999.99977625988, 99999.99962733503]
J=3.0e-04, ⟨Jf⟩=2.7e-04, ⟨B·n⟩=4.1e-03, Len=sum([5.2, 5.2, 4.9])=15.4, ϰ=[5.5, 6.7, 5.9], ∫ϰ²/L>=[5.0, 7.1, 8.1], C-C-Sep=0.20, ║∇J║=5.6e-05
Iteration 1290/2000-----
currents: [100000.0, 99999.99977648987, 99999.99962771904]
J=3.0e-04, ⟨Jf⟩=2.7e-04, ⟨B·n⟩=4.1e-03, Len=sum([5.2, 5.2, 4.9])=15.4, ϰ=[5.5, 6.7, 5.9], ∫ϰ²/L>=[5.0, 7.1, 8.1], C-C-Sep=0.20, ║∇J║=4.0e-05
Iteration 1291/2000-----
currents: [100000.0, 99999.9997756595, 99999.99962633406]
J=3.0e-04, ⟨Jf⟩=2.7e-04, ⟨B·n⟩=4.1e-03, Len=sum([5.2, 5.2, 4.9])=15.4, ϰ=[5.5, 6.7, 5.9], ∫ϰ²/L>=[5.0, 7.1, 8.1], C-C-Sep=0.20, ║∇J║=4.2e-05
Iteration 1292/2000-----
currents: [100000.0, 99999.99977398399, 99999.99962353977]
J=3.0e-04, ⟨Jf⟩=2.7e-04, ⟨B·n⟩=4.1e-03, Len=sum([5.2, 5.2, 4.9])=15.4, ϰ=[5.5, 6.7, 5.9], ∫ϰ²/L>=[5.0, 7.1, 8.1], C-C-Sep=0.20, ║∇J║=6.9e-05
Iteration 1293/2000-----
currents: [100000.0, 99999.99977209506, 99999.99962038928]
J=3.0e-04, ⟨Jf⟩=2.7e-04, ⟨B·n⟩=4.1e-03, Len=sum([5.2, 5.2, 4.9])=15.4, ϰ=[5.5, 6.7, 5.9], ∫ϰ²/L>=[5.0, 7.1, 8.1], C-C-Sep=0.20, ║∇J║=6.7e-05
Iteration 1294/2000-----
currents: [100000.0, 99999.99977176737, 99999.99961984219]
J=3.0e-04, ⟨Jf⟩=2.7e-04, ⟨B·n⟩=4.1e-03, Len=sum([5.2, 5.2, 4.9])=15.4, ϰ=[5.5, 6.7, 5.9], ∫ϰ²/L>=[5.0, 7.1, 8.1], C-C-Sep=0.20, ║∇J║=4.0e-05
Iteration 1295/2000-----
currents: [100000.0, 99999.99977135801, 99999.99961915909]
J=3.0e-04, ⟨Jf⟩=2.7e-04, ⟨B·n⟩=4.1e-03, Len=sum([5.2, 5.2, 4.9])=15.4, ϰ=[5.5, 6.7, 5.9], ∫ϰ²/L>=[5.0, 7.1, 8.1], C-C-Sep=0.20, ║∇J║=3.5e-05
Iteration 1296/2000-----
currents: [100000.0, 99999.99977031574, 99999.99961742005]
J=3.0e-04, ⟨Jf⟩=2.7e-04, ⟨B·n⟩=4.1e-03, Len=sum([5.2, 5.2, 4.9])=15.4, ϰ=[5.5, 6.7, 5.9], ∫ϰ²/L>=[5.0, 7.1, 8.1], C-C-Sep=0.20, ║∇J║=3.7e-05
Iteration 1297/2000-----
currents: [100000.0, 99999.99976819922, 99999.99961388936]
J=3.0e-04, ⟨Jf⟩=2.7e-04, ⟨B·n⟩=4.1e-03, Len=sum([5.2, 5.2, 4.9])=15.4, ϰ=[5.5, 6.7, 5.9], ∫ϰ²/L>=[5.0, 7.1, 8.1], C-C-Sep=0.20, ║∇J║=4.5e-05
Iteration 1298/2000-----
currents: [100000.0, 99999.9997644212, 99999.9996075867]
J=3.0e-04, ⟨Jf⟩=2.7e-04, ⟨B·n⟩=4.1e-03, Len=sum([5.2, 5.2, 4.9])=15.4, ϰ=[5.5, 6.7, 5.9], ∫ϰ²/L>=[5.0, 7.1, 8.1], C-C-Sep=0.20, ║∇J║=7.2e-05
Iteration 1299/2000-----
currents: [100000.0, 99999.9997612581, 99999.99960231004]
J=3.0e-04, ⟨Jf⟩=2.7e-04, ⟨B·n⟩=4.1e-03, Len=sum([5.2, 5.2, 4.9])=15.4, ϰ=[5.5, 6.7, 5.9], ∫ϰ²/L>=[5.0, 7.1, 8.1], C-C-Sep=0.20, ║∇J║=7.8e-05
Iteration 1300/2000-----
currents: [100000.0, 99999.9997594431, 99999.9995992826]
J=3.0e-04, ⟨Jf⟩=2.7e-04, ⟨B·n⟩=4.1e-03, Len=sum([5.2, 5.2, 4.9])=15.4, ϰ=[5.5, 6.7, 5.9], ∫ϰ²/L>=[5.0, 7.1, 8.1], C-C-Sep=0.20, ║∇J║=6.6e-05
Iteration 1301/2000-----
currents: [100000.0, 99999.99975263164, 99999.99958792003]
J=3.0e-04, ⟨Jf⟩=2.7e-04, ⟨B·n⟩=4.1e-03, Len=sum([5.2, 5.2, 4.9])=15.4, ϰ=[5.5, 6.7, 5.9], ∫ϰ²/L>=[5.0, 7.1, 8.1], C-C-Sep=0.20, ║∇J║=1.1e-04
Iteration 1302/2000-----
currents: [100000.0, 99999.99975236888, 99999.99958748043]
J=3.0e-04, ⟨Jf⟩=2.7e-04, ⟨B·n⟩=4.1e-03, Len=sum([5.2, 5.2, 4.9])=15.4, ϰ=[5.5, 6.7, 5.9], ∫ϰ²/L>=[5.0, 7.1, 8.1], C-C-Sep=0.20, ║∇J║=1.0e-04
Iteration 1303/2000-----
currents: [100000.0, 99999.99974786758, 99999.99957997042]
J=3.0e-04, ⟨Jf⟩=2.7e-04, ⟨B·n⟩=4.1e-03, Len=sum([5.2, 5.2, 4.9])=15.4, ϰ=[5.5, 6.7, 5.9], ∫ϰ²/L>=[5.0, 7.1, 8.1], C-C-Sep=0.20, ║∇J║=1.4e-04
Iteration 1304/2000-----
currents: [100000.0, 99999.99974578769, 99999.99957650027]
J=3.0e-04, ⟨Jf⟩=2.7e-04, ⟨B·n⟩=4.1e-03, Len=sum([5.2, 5.2, 4.9])=15.4, ϰ=[5.5, 6.7, 5.9], ∫ϰ²/L>=[5.0, 7.1, 8.1], C-C-Sep=0.20, ║∇J║=9.1e-05
Iteration 1305/2000-----
currents: [100000.0, 99999.99974296479, 99999.99957178965]
J=3.0e-04, ⟨Jf⟩=2.7e-04, ⟨B·n⟩=4.1e-03, Len=sum([5.2, 5.2, 4.9])=15.4, ϰ=[5.5, 6.7, 5.9], ∫ϰ²/L>=[5.0, 7.1, 8.1], C-C-Sep=0.20, ║∇J║=8.7e-05
Iteration 1306/2000-----
currents: [100000.0, 99999.99974320989, 99999.99957219868]
J=3.0e-04, ⟨Jf⟩=2.7e-04, ⟨B·n⟩=4.1e-03, Len=sum([5.2, 5.2, 4.9])=15.4, ϰ=[5.5, 6.7, 5.9], ∫ϰ²/L>=[5.0, 7.1, 8.1], C-C-Sep=0.20, ║∇J║=1.0e-04
Iteration 1307/2000-----
currents: [100000.0, 99999.99973800682, 99999.99956351912]
J=3.0e-04, ⟨Jf⟩=2.7e-04, ⟨B·n⟩=4.1e-03, Len=sum([5.2, 5.2, 4.9])=15.4, ϰ=[5.5, 6.7, 5.9], ∫ϰ²/L>=[5.0, 7.1, 8.1], C-C-Sep=0.20, ║∇J║=1.2e-04
Iteration 1308/2000-----
currents: [100000.0, 99999.99973980342, 99999.9995665182]
J=3.0e-04, ⟨Jf⟩=2.7e-04, ⟨B·n⟩=4.1e-03, Len=sum([5.2, 5.2, 4.9])=15.4, ϰ=[5.5, 6.7, 5.9], ∫ϰ²/L>=[5.0, 7.1, 8.1], C-C-Sep=0.20, ║∇J║=2.1e-04
Iteration 1309/2000-----
currents: [100000.0, 99999.99973889157, 99999.99956499605]
J=3.0e-04, ⟨Jf⟩=2.7e-04, ⟨B·n⟩=4.1e-03, Len=sum([5.2, 5.2, 4.9])=15.4, ϰ=[5.5, 6.7, 5.9], ∫ϰ²/L>=[5.0, 7.1, 8.1], C-C-Sep=0.20, ║∇J║=1.1e-04
Iteration 1310/2000-----
currents: [100000.0, 99999.99973954418, 99999.99956608382]
J=3.0e-04, ⟨Jf⟩=2.7e-04, ⟨B·n⟩=4.1e-03, Len=sum([5.2, 5.2, 4.9])=15.4, ϰ=[5.5, 6.7, 5.9], ∫ϰ²/L>=[5.0, 7.1, 8.1], C-C-Sep=0.20, ║∇J║=6.5e-05
Iteration 1311/2000-----
currents: [100000.0, 99999.99973908011, 99999.99956530999]
J=3.0e-04, ⟨Jf⟩=2.7e-04, ⟨B·n⟩=4.1e-03, Len=sum([5.2, 5.2, 4.9])=15.4, ϰ=[5.5, 6.7, 5.9], ∫ϰ²/L>=[5.0, 7.1, 8.1], C-C-Sep=0.20, ║∇J║=5.1e-05
Iteration 1312/2000-----
currents: [100000.0, 99999.9997368871, 99999.99956165094]
J=3.0e-04, ⟨Jf⟩=2.7e-04, ⟨B·n⟩=4.1e-03, Len=sum([5.2, 5.2, 4.9])=15.4, ϰ=[5.5, 6.7, 5.9], ∫ϰ²/L>=[5.0, 7.1, 8.1], C-C-Sep=0.20, ║∇J║=7.2e-05
Iteration 1313/2000-----
currents: [100000.0, 99999.99973410115, 99999.99955700326]
J=3.0e-04, ⟨Jf⟩=2.7e-04, ⟨B·n⟩=4.1e-03, Len=sum([5.2, 5.2, 4.9])=15.4, ϰ=[5.5, 6.7, 5.9], ∫ϰ²/L>=[5.0, 7.1, 8.1], C-C-Sep=0.20, ║∇J║=1.5e-04
Iteration 1314/2000-----
currents: [100000.0, 99999.99973458488, 99999.99955780953]
J=3.0e-04, ⟨Jf⟩=2.7e-04, ⟨B·n⟩=4.1e-03, Len=sum([5.2, 5.2, 4.9])=15.4, ϰ=[5.5, 6.7, 5.9], ∫ϰ²/L>=[5.0, 7.1, 8.1], C-C-Sep=0.20, ║∇J║=6.1e-05
Iteration 1315/2000-----
currents: [100000.0, 99999.99973436818, 99999.9995574474]
J=3.0e-04, ⟨Jf⟩=2.7e-04, ⟨B·n⟩=4.1e-03, Len=sum([5.2, 5.2, 4.9])=15.4, ϰ=[5.5, 6.7, 5.9], ∫ϰ²/L>=[5.0, 7.1, 8.1], C-C-Sep=0.20, ║∇J║=4.8e-05
Iteration 1316/2000-----
currents: [100000.0, 99999.99973315815, 99999.99955542784]
J=3.0e-04, ⟨Jf⟩=2.7e-04, ⟨B·n⟩=4.1e-03, Len=sum([5.2, 5.2, 4.9])=15.4, ϰ=[5.5, 6.7, 5.9], ∫ϰ²/L>=[5.0, 7.1, 8.1], C-C-Sep=0.20, ║∇J║=6.9e-05
Iteration 1317/2000-----
currents: [100000.0, 99999.99973129592, 99999.99955232054]
J=3.0e-04, ⟨Jf⟩=2.7e-04, ⟨B·n⟩=4.1e-03, Len=sum([5.2, 5.2, 4.9])=15.4, ϰ=[5.5, 6.7, 5.9], ∫ϰ²/L>=[5.0, 7.1, 8.1], C-C-Sep=0.20, ║∇J║=8.4e-05
Iteration 1318/2000-----
currents: [100000.0, 99999.999728525, 99999.99954769712]
J=3.0e-04, ⟨Jf⟩=2.7e-04, ⟨B·n⟩=4.1e-03, Len=sum([5.2, 5.2, 4.9])=15.4, ϰ=[5.5, 6.7, 5.9], ∫ϰ²/L>=[5.0, 7.1, 8.1], C-C-Sep=0.20, ║∇J║=1.3e-04
Iteration 1319/2000-----
currents: [100000.0, 99999.99972752221, 99999.9995460245]
J=3.0e-04, ⟨Jf⟩=2.7e-04, ⟨B·n⟩=4.1e-03, Len=sum([5.2, 5.2, 4.9])=15.4, ϰ=[5.5, 6.7, 5.9], ∫ϰ²/L>=[5.0, 7.1, 8.1], C-C-Sep=0.20, ║∇J║=6.0e-05
Iteration 1320/2000-----
currents: [100000.0, 99999.99972668051, 99999.9995446207]
J=3.0e-04, ⟨Jf⟩=2.7e-04, ⟨B·n⟩=4.1e-03, Len=sum([5.2, 5.2, 4.9])=15.4, ϰ=[5.5, 6.7, 5.9], ∫ϰ²/L>=[5.0, 7.1, 8.1], C-C-Sep=0.20, ║∇J║=5.9e-05
Iteration 1321/2000-----
currents: [100000.0, 99999.9997245828, 99999.99954112149]
J=3.0e-04, ⟨Jf⟩=2.7e-04, ⟨B·n⟩=4.1e-03, Len=sum([5.2, 5.2, 4.9])=15.4, ϰ=[5.5, 6.7, 5.9], ∫ϰ²/L>=[5.0, 7.1, 8.1], C-C-Sep=0.20, ║∇J║=6.6e-05
Iteration 1322/2000-----
currents: [100000.0, 99999.99972117788, 99999.9995354407]
J=3.0e-04, ⟨Jf⟩=2.7e-04, ⟨B·n⟩=4.1e-03, Len=sum([5.2, 5.2, 4.9])=15.4, ϰ=[5.5, 6.7, 5.9], ∫ϰ²/L>=[5.0, 7.1, 8.1], C-C-Sep=0.20, ║∇J║=1.0e-04
Iteration 1323/2000-----
currents: [100000.0, 99999.99971844807, 99999.99953088685]
J=3.0e-04, ⟨Jf⟩=2.7e-04, ⟨B·n⟩=4.1e-03, Len=sum([5.2, 5.2, 4.9])=15.4, ϰ=[5.5, 6.7, 5.9], ∫ϰ²/L>=[5.0, 7.1, 8.1], C-C-Sep=0.20, ║∇J║=1.1e-04
Iteration 1324/2000-----
currents: [100000.0, 99999.99971873348, 99999.99953136288]
J=3.0e-04, ⟨Jf⟩=2.7e-04, ⟨B·n⟩=4.1e-03, Len=sum([5.2, 5.2, 4.9])=15.4, ϰ=[5.5, 6.7, 5.9], ∫ϰ²/L>=[5.0, 7.1, 8.1], C-C-Sep=0.20, ║∇J║=5.7e-05
Iteration 1325/2000-----
currents: [100000.0, 99999.9997159434, 99999.99952670744]
J=3.0e-04, ⟨Jf⟩=2.7e-04, ⟨B·n⟩=4.1e-03, Len=sum([5.2, 5.2, 4.9])=15.4, ϰ=[5.5, 6.7, 5.9], ∫ϰ²/L>=[5.0, 7.1, 8.1], C-C-Sep=0.20, ║∇J║=7.2e-05
Iteration 1326/2000-----
currents: [100000.0, 99999.99971639439, 99999.99952745934]
J=3.0e-04, ⟨Jf⟩=2.7e-04, ⟨B·n⟩=4.1e-03, Len=sum([5.2, 5.2, 4.9])=15.4, ϰ=[5.5, 6.7, 5.9], ∫ϰ²/L>=[5.0, 7.1, 8.1], C-C-Sep=0.20, ║∇J║=9.1e-05
Iteration 1327/2000-----
currents: [100000.0, 99999.99971372458, 99999.99952300586]
J=3.0e-04, ⟨Jf⟩=2.7e-04, ⟨B·n⟩=4.1e-03, Len=sum([5.2, 5.2, 4.9])=15.4, ϰ=[5.5, 6.7, 5.9], ∫ϰ²/L>=[5.0, 7.1, 8.1], C-C-Sep=0.20, ║∇J║=6.7e-05
Iteration 1328/2000-----
currents: [100000.0, 99999.99971019289, 99999.9995171151]
J=3.0e-04, ⟨Jf⟩=2.7e-04, ⟨B·n⟩=4.1e-03, Len=sum([5.2, 5.2, 4.9])=15.4, ϰ=[5.5, 6.7, 5.9], ∫ϰ²/L>=[5.0, 7.1, 8.1], C-C-Sep=0.20, ║∇J║=8.2e-05
Iteration 1329/2000-----
currents: [100000.0, 99999.99970612995, 99999.99951033709]
J=3.0e-04, ⟨Jf⟩=2.7e-04, ⟨B·n⟩=4.1e-03, Len=sum([5.2, 5.2, 4.9])=15.4, ϰ=[5.5, 6.7, 5.9], ∫ϰ²/L>=[5.0, 7.1, 8.1], C-C-Sep=0.20, ║∇J║=1.0e-04
Iteration 1330/2000-----
currents: [100000.0, 99999.9997055567, 99999.9995093809]
J=3.0e-04, ⟨Jf⟩=2.7e-04, ⟨B·n⟩=4.1e-03, Len=sum([5.2, 5.2, 4.9])=15.4, ϰ=[5.5, 6.7, 5.9], ∫ϰ²/L>=[5.0, 7.1, 8.1], C-C-Sep=0.20, ║∇J║=8.2e-05
Iteration 1331/2000-----
currents: [100000.0, 99999.99970053465, 99999.99950100269]
J=3.0e-04, ⟨Jf⟩=2.7e-04, ⟨B·n⟩=4.1e-03, Len=sum([5.2, 5.2, 4.9])=15.4, ϰ=[5.5, 6.7, 5.9], ∫ϰ²/L>=[5.0, 7.1, 8.1], C-C-Sep=0.20, ║∇J║=1.2e-04
Iteration 1332/2000-----
currents: [100000.0, 99999.99969945736, 99999.99949920608]
J=3.0e-04, ⟨Jf⟩=2.7e-04, ⟨B·n⟩=4.1e-03, Len=sum([5.2, 5.2, 4.9])=15.4, ϰ=[5.5, 6.7, 5.9], ∫ϰ²/L>=[5.0, 7.1, 8.1], C-C-Sep=0.20, ║∇J║=7.8e-05
Iteration 1333/2000-----
currents: [100000.0, 99999.9996955503, 99999.99949268789]
J=3.0e-04, ⟨Jf⟩=2.7e-04, ⟨B·n⟩=4.1e-03, Len=sum([5.2, 5.2, 4.9])=15.4, ϰ=[5.5, 6.7, 5.9], ∫ϰ²/L>=[5.0, 7.1, 8.1], C-C-Sep=0.20, ║∇J║=9.4e-05
Iteration 1334/2000-----
currents: [100000.0, 99999.99969553159, 99999.99949265608]
J=3.0e-04, ⟨Jf⟩=2.7e-04, ⟨B·n⟩=4.1e-03, Len=sum([5.2, 5.2, 4.9])=15.4, ϰ=[5.5, 6.7, 5.9], ∫ϰ²/L>=[5.0, 7.1, 8.1], C-C-Sep=0.20, ║∇J║=1.4e-04
Iteration 1335/2000-----
currents: [100000.0, 99999.99969420912, 99999.99949045008]
J=3.0e-04, ⟨Jf⟩=2.7e-04, ⟨B·n⟩=4.1e-03, Len=sum([5.2, 5.2, 4.9])=15.4, ϰ=[5.5, 6.7, 5.9], ∫ϰ²/L>=[5.0, 7.1, 8.1], C-C-Sep=0.20, ║∇J║=6.7e-05
Iteration 1336/2000-----
currents: [100000.0, 99999.99969359147, 99999.99948941944]
J=3.0e-04, ⟨Jf⟩=2.7e-04, ⟨B·n⟩=4.1e-03, Len=sum([5.2, 5.2, 4.9])=15.4, ϰ=[5.5, 6.7, 5.9], ∫ϰ²/L>=[5.0, 7.1, 8.1], C-C-Sep=0.20, ║∇J║=5.1e-05
Iteration 1337/2000-----
currents: [100000.0, 99999.99969247622, 99999.99948755845]
J=3.0e-04, ⟨Jf⟩=2.7e-04, ⟨B·n⟩=4.1e-03, Len=sum([5.2, 5.2, 4.9])=15.4, ϰ=[5.5, 6.7, 5.9], ∫ϰ²/L>=[5.0, 7.1, 8.1], C-C-Sep=0.20, ║∇J║=7.3e-05
Iteration 1338/2000-----
currents: [100000.0, 99999.99968981532, 99999.99948311932]
J=3.0e-04, ⟨Jf⟩=2.7e-04, ⟨B·n⟩=4.1e-03, Len=sum([5.2, 5.2, 4.9])=15.4, ϰ=[5.5, 6.7, 5.9], ∫ϰ²/L>=[5.0, 7.1, 8.1], C-C-Sep=0.20, ║∇J║=1.1e-04
Iteration 1339/2000-----
currents: [100000.0, 99999.99968977612, 99999.99948305398]
J=3.0e-04, ⟨Jf⟩=2.7e-04, ⟨B·n⟩=4.1e-03, Len=sum([5.2, 5.2, 4.9])=15.4, ϰ=[5.5, 6.7, 5.9], ∫ϰ²/L>=[5.0, 7.1, 8.1], C-C-Sep=0.20, ║∇J║=6.1e-05
Iteration 1340/2000-----
currents: [100000.0, 99999.99968833227, 99999.99948064571]
J=3.0e-04, ⟨Jf⟩=2.7e-04, ⟨B·n⟩=4.1e-03, Len=sum([5.2, 5.2, 4.9])=15.4, ϰ=[5.5, 6.7, 5.9], ∫ϰ²/L>=[5.0, 7.1, 8.1], C-C-Sep=0.20, ║∇J║=6.9e-05
Iteration 1341/2000-----
currents: [100000.0, 99999.99968792347, 99999.99947996408]
J=3.0e-04, ⟨Jf⟩=2.7e-04, ⟨B·n⟩=4.1e-03, Len=sum([5.2, 5.2, 4.9])=15.4, ϰ=[5.5, 6.7, 5.9], ∫ϰ²/L>=[5.0, 7.1, 8.1], C-C-Sep=0.20, ║∇J║=6.8e-05
Iteration 1342/2000-----
currents: [100000.0, 99999.99968565861, 99999.99947618647]
J=3.0e-04, ⟨Jf⟩=2.7e-04, ⟨B·n⟩=4.1e-03, Len=sum([5.2, 5.2, 4.9])=15.4, ϰ=[5.5, 6.7, 5.9], ∫ϰ²/L>=[5.0, 7.1, 8.1], C-C-Sep=0.20, ║∇J║=1.2e-04
Iteration 1343/2000-----
currents: [100000.0, 99999.99968497134, 99999.99947503969]
J=3.0e-04, ⟨Jf⟩=2.7e-04, ⟨B·n⟩=4.1e-03, Len=sum([5.2, 5.2, 4.9])=15.4, ϰ=[5.5, 6.7, 5.9], ∫ϰ²/L>=[5.0, 7.1, 8.1], C-C-Sep=0.20, ║∇J║=7.6e-05
Iteration 1344/2000-----
currents: [100000.0, 99999.99968527637, 99999.9994755484]
J=3.0e-04, ⟨Jf⟩=2.7e-04, ⟨B·n⟩=4.1e-03, Len=sum([5.2, 5.2, 4.9])=15.4, ϰ=[5.5, 6.7, 5.9], ∫ϰ²/L>=[5.0, 7.1, 8.1], C-C-Sep=0.20, ║∇J║=5.5e-05
Iteration 1345/2000-----
currents: [100000.0, 99999.99968494796, 99999.99947499993]
J=3.0e-04, ⟨Jf⟩=2.7e-04, ⟨B·n⟩=4.1e-03, Len=sum([5.2, 5.2, 4.9])=15.4, ϰ=[5.5, 6.7, 5.9], ∫ϰ²/L>=[5.0, 7.1, 8.1], C-C-Sep=0.20, ║∇J║=5.3e-05
Iteration 1346/2000-----
currents: [100000.0, 99999.99968312, 99999.99947195048]
J=3.0e-04, ⟨Jf⟩=2.7e-04, ⟨B·n⟩=4.1e-03, Len=sum([5.2, 5.2, 4.9])=15.4, ϰ=[5.5, 6.7, 5.9], ∫ϰ²/L>=[5.0, 7.1, 8.1], C-C-Sep=0.20, ║∇J║=9.5e-05
Iteration 1347/2000-----
currents: [100000.0, 99999.99968263056, 99999.99947113391]
J=3.0e-04, ⟨Jf⟩=2.7e-04, ⟨B·n⟩=4.1e-03, Len=sum([5.2, 5.2, 4.9])=15.4, ϰ=[5.5, 6.7, 5.9], ∫ϰ²/L>=[5.0, 7.1, 8.1], C-C-Sep=0.20, ║∇J║=5.2e-05
Iteration 1348/2000-----
currents: [100000.0, 99999.99968158537, 99999.9994693899]
J=3.0e-04, ⟨Jf⟩=2.7e-04, ⟨B·n⟩=4.1e-03, Len=sum([5.2, 5.2, 4.9])=15.4, ϰ=[5.5, 6.7, 5.9], ∫ϰ²/L>=[5.0, 7.1, 8.1], C-C-Sep=0.20, ║∇J║=4.7e-05
Iteration 1349/2000-----
currents: [100000.0, 99999.99968145211, 99999.99946916752]
J=3.0e-04, ⟨Jf⟩=2.7e-04, ⟨B·n⟩=4.1e-03, Len=sum([5.2, 5.2, 4.9])=15.4, ϰ=[5.5, 6.7, 5.9], ∫ϰ²/L>=[5.0, 7.1, 8.1], C-C-Sep=0.20, ║∇J║=5.1e-05
Iteration 1350/2000-----
currents: [100000.0, 99999.99967944463, 99999.99946581852]
J=3.0e-04, ⟨Jf⟩=2.7e-04, ⟨B·n⟩=4.1e-03, Len=sum([5.2, 5.2, 4.9])=15.4, ϰ=[5.5, 6.7, 5.9], ∫ϰ²/L>=[5.0, 7.1, 8.1], C-C-Sep=0.20, ║∇J║=5.3e-05
Iteration 1351/2000-----
currents: [100000.0, 99999.99967876896, 99999.9994646907]
J=3.0e-04, ⟨Jf⟩=2.7e-04, ⟨B·n⟩=4.1e-03, Len=sum([5.2, 5.2, 4.9])=15.4, ϰ=[5.5, 6.7, 5.9], ∫ϰ²/L>=[5.0, 7.1, 8.1], C-C-Sep=0.20, ║∇J║=4.6e-05
Iteration 1352/2000-----
currents: [100000.0, 99999.99967778413, 99999.99946304732]
J=3.0e-04, ⟨Jf⟩=2.7e-04, ⟨B·n⟩=4.1e-03, Len=sum([5.2, 5.2, 4.9])=15.4, ϰ=[5.5, 6.7, 5.9], ∫ϰ²/L>=[5.0, 7.1, 8.1], C-C-Sep=0.20, ║∇J║=6.1e-05
Iteration 1353/2000-----
currents: [100000.0, 99999.99967706858, 99999.99946185338]
J=3.0e-04, ⟨Jf⟩=2.7e-04, ⟨B·n⟩=4.1e-03, Len=sum([5.2, 5.2, 4.9])=15.4, ϰ=[5.5, 6.7, 5.9], ∫ϰ²/L>=[5.0, 7.1, 8.1], C-C-Sep=0.20, ║∇J║=1.1e-04
Iteration 1354/2000-----
currents: [100000.0, 99999.99967660762, 99999.99946108463]
J=3.0e-04, ⟨Jf⟩=2.7e-04, ⟨B·n⟩=4.1e-03, Len=sum([5.2, 5.2, 4.9])=15.4, ϰ=[5.5, 6.7, 5.9], ∫ϰ²/L>=[5.0, 7.1, 8.1], C-C-Sep=0.20, ║∇J║=6.3e-05
Iteration 1355/2000-----
currents: [100000.0, 99999.99967570361, 99999.99945957703]
J=3.0e-04, ⟨Jf⟩=2.7e-04, ⟨B·n⟩=4.1e-03, Len=sum([5.2, 5.2, 4.9])=15.4, ϰ=[5.5, 6.7, 5.9], ∫ϰ²/L>=[5.0, 7.1, 8.1], C-C-Sep=0.20, ║∇J║=5.6e-05
Iteration 1356/2000-----
currents: [100000.0, 99999.99967436779, 99999.99945734901]
J=3.0e-04, ⟨Jf⟩=2.7e-04, ⟨B·n⟩=4.1e-03, Len=sum([5.2, 5.2, 4.9])=15.4, ϰ=[5.5, 6.7, 5.9], ∫ϰ²/L>=[5.0, 7.1, 8.1], C-C-Sep=0.20, ║∇J║=6.2e-05
Iteration 1357/2000-----
currents: [100000.0, 99999.9996740894, 99999.99945688566]
J=3.0e-04, ⟨Jf⟩=2.7e-04, ⟨B·n⟩=4.1e-03, Len=sum([5.2, 5.2, 4.9])=15.4, ϰ=[5.5, 6.7, 5.9], ∫ϰ²/L>=[5.0, 7.1, 8.1], C-C-Sep=0.20, ║∇J║=1.3e-04
Iteration 1358/2000-----
currents: [100000.0, 99999.99967238422, 99999.99945404097]
J=3.0e-04, ⟨Jf⟩=2.7e-04, ⟨B·n⟩=4.1e-03, Len=sum([5.2, 5.2, 4.9])=15.4, ϰ=[5.5, 6.7, 5.9], ∫ϰ²/L>=[5.0, 7.1, 8.1], C-C-Sep=0.20, ║∇J║=5.3e-05
Iteration 1359/2000-----
currents: [100000.0, 99999.9996729948, 99999.99945505988]
J=3.0e-04, ⟨Jf⟩=2.7e-04, ⟨B·n⟩=4.1e-03, Len=sum([5.2, 5.2, 4.9])=15.4, ϰ=[5.5, 6.7, 5.9], ∫ϰ²/L>=[5.0, 7.1, 8.1], C-C-Sep=0.20, ║∇J║=5.0e-05
Iteration 1360/2000-----
currents: [100000.0, 99999.99967221748, 99999.99945376332]
J=3.0e-04, ⟨Jf⟩=2.7e-04, ⟨B·n⟩=4.1e-03, Len=sum([5.2, 5.2, 4.9])=15.4, ϰ=[5.5, 6.7, 5.9], ∫ϰ²/L>=[5.0, 7.1, 8.1], C-C-Sep=0.20, ║∇J║=4.7e-05
Iteration 1361/2000-----
currents: [100000.0, 99999.99967202907, 99999.99945345006]
J=3.0e-04, ⟨Jf⟩=2.7e-04, ⟨B·n⟩=4.1e-03, Len=sum([5.2, 5.2, 4.9])=15.4, ϰ=[5.5, 6.7, 5.9], ∫ϰ²/L>=[5.0, 7.1, 8.1], C-C-Sep=0.20, ║∇J║=5.6e-05
Iteration 1362/2000-----
currents: [100000.0, 99999.99967126241, 99999.99945217247]
J=3.0e-04, ⟨Jf⟩=2.7e-04, ⟨B·n⟩=4.1e-03, Len=sum([5.2, 5.2, 4.9])=15.4, ϰ=[5.5, 6.7, 5.9], ∫ϰ²/L>=[5.0, 7.1, 8.1], C-C-Sep=0.20, ║∇J║=1.1e-04
Iteration 1363/2000-----
currents: [100000.0, 99999.99967041974, 99999.99945076731]
J=3.0e-04, ⟨Jf⟩=2.7e-04, ⟨B·n⟩=4.1e-03, Len=sum([5.2, 5.2, 4.9])=15.4, ϰ=[5.5, 6.7, 5.9], ∫ϰ²/L>=[5.0, 7.1, 8.1], C-C-Sep=0.20, ║∇J║=5.3e-05
Iteration 1364/2000-----
currents: [100000.0, 99999.99967028722, 99999.99945054643]
J=3.0e-04, ⟨Jf⟩=2.7e-04, ⟨B·n⟩=4.1e-03, Len=sum([5.2, 5.2, 4.9])=15.4, ϰ=[5.5, 6.7, 5.9], ∫ϰ²/L>=[5.0, 7.1, 8.1], C-C-Sep=0.20, ║∇J║=4.9e-05
Iteration 1365/2000-----
currents: [100000.0, 99999.99966947727, 99999.99944919584]
J=3.0e-04, ⟨Jf⟩=2.7e-04, ⟨B·n⟩=4.1e-03, Len=sum([5.2, 5.2, 4.9])=15.4, ϰ=[5.5, 6.7, 5.9], ∫ϰ²/L>=[5.0, 7.1, 8.1], C-C-Sep=0.20, ║∇J║=5.7e-05
Iteration 1366/2000-----
currents: [100000.0, 99999.99966886589, 99999.99944817623]
J=3.0e-04, ⟨Jf⟩=2.7e-04, ⟨B·n⟩=4.1e-03, Len=sum([5.2, 5.2, 4.9])=15.4, ϰ=[5.5, 6.7, 5.9], ∫ϰ²/L>=[5.0, 7.1, 8.1], C-C-Sep=0.20, ║∇J║=1.1e-04
Iteration 1367/2000-----
currents: [100000.0, 99999.99966831577, 99999.99944725848]
J=3.0e-04, ⟨Jf⟩=2.7e-04, ⟨B·n⟩=4.1e-03, Len=sum([5.2, 5.2, 4.9])=15.4, ϰ=[5.5, 6.7, 5.9], ∫ϰ²/L>=[5.0, 7.1, 8.1], C-C-Sep=0.20, ║∇J║=5.2e-05
Iteration 1368/2000-----
currents: [100000.0, 99999.99966793897, 99999.99944663009]
J=3.0e-04, ⟨Jf⟩=2.7e-04, ⟨B·n⟩=4.1e-03, Len=sum([5.2, 5.2, 4.9])=15.4, ϰ=[5.5, 6.7, 5.9], ∫ϰ²/L>=[5.0, 7.1, 8.1], C-C-Sep=0.20, ║∇J║=4.7e-05
Iteration 1369/2000-----
currents: [100000.0, 99999.99966762698, 99999.99944610918]
J=3.0e-04, ⟨Jf⟩=2.7e-04, ⟨B·n⟩=4.1e-03, Len=sum([5.2, 5.2, 4.9])=15.4, ϰ=[5.5, 6.7, 5.9], ∫ϰ²/L>=[5.0, 7.1, 8.1], C-C-Sep=0.20, ║∇J║=5.4e-05
Iteration 1370/2000-----
currents: [100000.0, 99999.99966718687, 99999.9994453751]
J=3.0e-04, ⟨Jf⟩=2.7e-04, ⟨B·n⟩=4.1e-03, Len=sum([5.2, 5.2, 4.9])=15.4, ϰ=[5.5, 6.7, 5.9], ∫ϰ²/L>=[5.0, 7.1, 8.1], C-C-Sep=0.20, ║∇J║=1.0e-04
Iteration 1371/2000-----
currents: [100000.0, 99999.99966707722, 99999.99944519204]
J=3.0e-04, ⟨Jf⟩=2.7e-04, ⟨B·n⟩=4.1e-03, Len=sum([5.2, 5.2, 4.9])=15.4, ϰ=[5.5, 6.7, 5.9], ∫ϰ²/L>=[5.0, 7.1, 8.1], C-C-Sep=0.20, ║∇J║=4.7e-05
Iteration 1372/2000-----
currents: [100000.0, 99999.9996670056, 99999.99944507222]
J=3.0e-04, ⟨Jf⟩=2.7e-04, ⟨B·n⟩=4.1e-03, Len=sum([5.2, 5.2, 4.9])=15.4, ϰ=[5.5, 6.7, 5.9], ∫ϰ²/L>=[5.0, 7.1, 8.1], C-C-Sep=0.20, ║∇J║=4.8e-05
Iteration 1373/2000-----
currents: [100000.0, 99999.99966668629, 99999.9994445395]
J=3.0e-04, ⟨Jf⟩=2.7e-04, ⟨B·n⟩=4.1e-03, Len=sum([5.2, 5.2, 4.9])=15.4, ϰ=[5.5, 6.7, 5.9], ∫ϰ²/L>=[5.0, 7.1, 8.1], C-C-Sep=0.20, ║∇J║=5.4e-05
Iteration 1374/2000-----
currents: [100000.0, 99999.99966632928, 99999.99944394355]
J=3.0e-04, ⟨Jf⟩=2.7e-04, ⟨B·n⟩=4.1e-03, Len=sum([5.2, 5.2, 4.9])=15.4, ϰ=[5.5, 6.7, 5.9], ∫ϰ²/L>=[5.0, 7.1, 8.1], C-C-Sep=0.20, ║∇J║=6.6e-05
Iteration 1375/2000-----
currents: [100000.0, 99999.99966561276, 99999.99944274827]
J=3.0e-04, ⟨Jf⟩=2.7e-04, ⟨B·n⟩=4.1e-03, Len=sum([5.2, 5.2, 4.9])=15.4, ϰ=[5.5, 6.7, 5.9], ∫ϰ²/L>=[5.0, 7.1, 8.1], C-C-Sep=0.20, ║∇J║=6.9e-05
Iteration 1376/2000-----
currents: [100000.0, 99999.99966559855, 99999.99944272489]
J=3.0e-04, ⟨Jf⟩=2.7e-04, ⟨B·n⟩=4.1e-03, Len=sum([5.2, 5.2, 4.9])=15.4, ϰ=[5.5, 6.7, 5.9], ∫ϰ²/L>=[5.0, 7.1, 8.1], C-C-Sep=0.20, ║∇J║=4.1e-05
Iteration 1377/2000-----
currents: [100000.0, 99999.99966528524, 99999.99944220234]
J=3.0e-04, ⟨Jf⟩=2.7e-04, ⟨B·n⟩=4.1e-03, Len=sum([5.2, 5.2, 4.9])=15.4, ϰ=[5.5, 6.7, 5.9], ∫ϰ²/L>=[5.0, 7.1, 8.1], C-C-Sep=0.20, ║∇J║=4.0e-05
Iteration 1378/2000-----
currents: [100000.0, 99999.99966500592, 99999.99944173633]
J=3.0e-04, ⟨Jf⟩=2.7e-04, ⟨B·n⟩=4.1e-03, Len=sum([5.2, 5.2, 4.9])=15.4, ϰ=[5.5, 6.7, 5.9], ∫ϰ²/L>=[5.0, 7.1, 8.1], C-C-Sep=0.20, ║∇J║=4.6e-05
Iteration 1379/2000-----
currents: [100000.0, 99999.99966443684, 99999.99944078739]
J=3.0e-04, ⟨Jf⟩=2.7e-04, ⟨B·n⟩=4.1e-03, Len=sum([5.2, 5.2, 4.9])=15.4, ϰ=[5.5, 6.7, 5.9], ∫ϰ²/L>=[5.0, 7.1, 8.1], C-C-Sep=0.20, ║∇J║=6.8e-05
Iteration 1380/2000-----
currents: [100000.0, 99999.99966383477, 99999.99943978291]
J=3.0e-04, ⟨Jf⟩=2.7e-04, ⟨B·n⟩=4.1e-03, Len=sum([5.2, 5.2, 4.9])=15.4, ϰ=[5.5, 6.7, 5.9], ∫ϰ²/L>=[5.0, 7.1, 8.1], C-C-Sep=0.20, ║∇J║=4.0e-05
Iteration 1381/2000-----
currents: [100000.0, 99999.99966434877, 99999.99944064015]
J=3.0e-04, ⟨Jf⟩=2.7e-04, ⟨B·n⟩=4.1e-03, Len=sum([5.2, 5.2, 4.9])=15.4, ϰ=[5.5, 6.7, 5.9], ∫ϰ²/L>=[5.0, 7.1, 8.1], C-C-Sep=0.20, ║∇J║=3.6e-05
Iteration 1382/2000-----
currents: [100000.0, 99999.99966406672, 99999.99944016991]
J=3.0e-04, ⟨Jf⟩=2.7e-04, ⟨B·n⟩=4.1e-03, Len=sum([5.2, 5.2, 4.9])=15.4, ϰ=[5.5, 6.7, 5.9], ∫ϰ²/L>=[5.0, 7.1, 8.1], C-C-Sep=0.20, ║∇J║=4.7e-05
Iteration 1383/2000-----
currents: [100000.0, 99999.99966424753, 99999.99944047193]
J=3.0e-04, ⟨Jf⟩=2.7e-04, ⟨B·n⟩=4.1e-03, Len=sum([5.2, 5.2, 4.9])=15.4, ϰ=[5.5, 6.7, 5.9], ∫ϰ²/L>=[5.0, 7.1, 8.1], C-C-Sep=0.20, ║∇J║=4.6e-05
Iteration 1384/2000-----
currents: [100000.0, 99999.99966437396, 99999.9994406829]
J=3.0e-04, ⟨Jf⟩=2.7e-04, ⟨B·n⟩=4.1e-03, Len=sum([5.2, 5.2, 4.9])=15.4, ϰ=[5.5, 6.7, 5.9], ∫ϰ²/L>=[5.0, 7.1, 8.1], C-C-Sep=0.20, ║∇J║=3.2e-05
Iteration 1385/2000-----
currents: [100000.0, 99999.99966412633, 99999.99944027008]
J=3.0e-04, ⟨Jf⟩=2.7e-04, ⟨B·n⟩=4.1e-03, Len=sum([5.2, 5.2, 4.9])=15.4, ϰ=[5.5, 6.7, 5.9], ∫ϰ²/L>=[5.0, 7.1, 8.1], C-C-Sep=0.20, ║∇J║=3.2e-05
Iteration 1386/2000-----
currents: [100000.0, 99999.99966403405, 99999.99944011657]
J=3.0e-04, ⟨Jf⟩=2.7e-04, ⟨B·n⟩=4.1e-03, Len=sum([5.2, 5.2, 4.9])=15.4, ϰ=[5.5, 6.7, 5.9], ∫ϰ²/L>=[5.0, 7.1, 8.1], C-C-Sep=0.20, ║∇J║=4.1e-05
Iteration 1387/2000-----
currents: [100000.0, 99999.99966388276, 99999.99943986456]
J=3.0e-04, ⟨Jf⟩=2.7e-04, ⟨B·n⟩=4.1e-03, Len=sum([5.2, 5.2, 4.9])=15.4, ϰ=[5.5, 6.7, 5.9], ∫ϰ²/L>=[5.0, 7.1, 8.1], C-C-Sep=0.20, ║∇J║=4.0e-05
Iteration 1388/2000-----
currents: [100000.0, 99999.9996634931, 99999.99943921466]
J=3.0e-04, ⟨Jf⟩=2.7e-04, ⟨B·n⟩=4.1e-03, Len=sum([5.2, 5.2, 4.9])=15.4, ϰ=[5.5, 6.7, 5.9], ∫ϰ²/L>=[5.0, 7.1, 8.1], C-C-Sep=0.20, ║∇J║=3.9e-05
Iteration 1389/2000-----
currents: [100000.0, 99999.99966360617, 99999.99943940368]
J=3.0e-04, ⟨Jf⟩=2.7e-04, ⟨B·n⟩=4.1e-03, Len=sum([5.2, 5.2, 4.9])=15.4, ϰ=[5.5, 6.7, 5.9], ∫ϰ²/L>=[5.0, 7.1, 8.1], C-C-Sep=0.20, ║∇J║=3.4e-05
Iteration 1390/2000-----
currents: [100000.0, 99999.99966328465, 99999.99943886735]
J=3.0e-04, ⟨Jf⟩=2.7e-04, ⟨B·n⟩=4.1e-03, Len=sum([5.2, 5.2, 4.9])=15.4, ϰ=[5.5, 6.7, 5.9], ∫ϰ²/L>=[5.0, 7.1, 8.1], C-C-Sep=0.20, ║∇J║=3.9e-05
Iteration 1391/2000-----
currents: [100000.0, 99999.99966307906, 99999.99943852455]
J=3.0e-04, ⟨Jf⟩=2.7e-04, ⟨B·n⟩=4.1e-03, Len=sum([5.2, 5.2, 4.9])=15.4, ϰ=[5.5, 6.7, 5.9], ∫ϰ²/L>=[5.0, 7.1, 8.1], C-C-Sep=0.20, ║∇J║=3.7e-05
Iteration 1392/2000-----
currents: [100000.0, 99999.99966284356, 99999.9994381321]
J=3.0e-04, ⟨Jf⟩=2.7e-04, ⟨B·n⟩=4.1e-03, Len=sum([5.2, 5.2, 4.9])=15.4, ϰ=[5.5, 6.7, 5.9], ∫ϰ²/L>=[5.0, 7.1, 8.1], C-C-Sep=0.20, ║∇J║=3.9e-05
Iteration 1393/2000-----
currents: [100000.0, 99999.99966236188, 99999.9994373289]
J=3.0e-04, ⟨Jf⟩=2.7e-04, ⟨B·n⟩=4.1e-03, Len=sum([5.2, 5.2, 4.9])=15.4, ϰ=[5.5, 6.7, 5.9], ∫ϰ²/L>=[5.0, 7.1, 8.1], C-C-Sep=0.20, ║∇J║=5.5e-05
Iteration 1394/2000-----
currents: [100000.0, 99999.99966221675, 99999.9994370874]
J=3.0e-04, ⟨Jf⟩=2.7e-04, ⟨B·n⟩=4.1e-03, Len=sum([5.2, 5.2, 4.9])=15.4, ϰ=[5.5, 6.7, 5.9], ∫ϰ²/L>=[5.0, 7.1, 8.1], C-C-Sep=0.20, ║∇J║=3.9e-05
Iteration 1395/2000-----
currents: [100000.0, 99999.99966228995, 99999.99943720992]
J=3.0e-04, ⟨Jf⟩=2.7e-04, ⟨B·n⟩=4.1e-03, Len=sum([5.2, 5.2, 4.9])=15.4, ϰ=[5.5, 6.7, 5.9], ∫ϰ²/L>=[5.0, 7.1, 8.1], C-C-Sep=0.20, ║∇J║=3.1e-05
Iteration 1396/2000-----
currents: [100000.0, 99999.9996621714, 99999.9994370126]
J=3.0e-04, ⟨Jf⟩=2.7e-04, ⟨B·n⟩=4.1e-03, Len=sum([5.2, 5.2, 4.9])=15.4, ϰ=[5.5, 6.7, 5.9], ∫ϰ²/L>=[5.0, 7.1, 8.1], C-C-Sep=0.20, ║∇J║=3.5e-05
Iteration 1397/2000-----
currents: [100000.0, 99999.99966185982, 99999.9994364936]
J=3.0e-04, ⟨Jf⟩=2.7e-04, ⟨B·n⟩=4.1e-03, Len=sum([5.2, 5.2, 4.9])=15.4, ϰ=[5.5, 6.7, 5.9], ∫ϰ²/L>=[5.0, 7.1, 8.1], C-C-Sep=0.20, ║∇J║=5.0e-05
Iteration 1398/2000-----
currents: [100000.0, 99999.99966166797, 99999.99943617388]
J=3.0e-04, ⟨Jf⟩=2.7e-04, ⟨B·n⟩=4.1e-03, Len=sum([5.2, 5.2, 4.9])=15.4, ϰ=[5.5, 6.7, 5.9], ∫ϰ²/L>=[5.0, 7.1, 8.1], C-C-Sep=0.20, ║∇J║=3.5e-05
Iteration 1399/2000-----
currents: [100000.0, 99999.99966125222, 99999.99943548047]
J=3.0e-04, ⟨Jf⟩=2.7e-04, ⟨B·n⟩=4.1e-03, Len=sum([5.2, 5.2, 4.9])=15.4, ϰ=[5.5, 6.7, 5.9], ∫ϰ²/L>=[5.0, 7.1, 8.1], C-C-Sep=0.20, ║∇J║=2.7e-05
Iteration 1400/2000-----
currents: [100000.0, 99999.99966109393, 99999.99943521651]
J=3.0e-04, ⟨Jf⟩=2.7e-04, ⟨B·n⟩=4.1e-03, Len=sum([5.2, 5.2, 4.9])=15.4, ϰ=[5.5, 6.7, 5.9], ∫ϰ²/L>=[5.0, 7.1, 8.1], C-C-Sep=0.20, ║∇J║=3.2e-05
Iteration 1401/2000-----
currents: [100000.0, 99999.99966072896, 99999.99943460782]
J=3.0e-04, ⟨Jf⟩=2.7e-04, ⟨B·n⟩=4.1e-03, Len=sum([5.2, 5.2, 4.9])=15.4, ϰ=[5.5, 6.7, 5.9], ∫ϰ²/L>=[5.0, 7.1, 8.1], C-C-Sep=0.20, ║∇J║=4.2e-05
Iteration 1402/2000-----
currents: [100000.0, 99999.99966071034, 99999.99943457688]
J=3.0e-04, ⟨Jf⟩=2.7e-04, ⟨B·n⟩=4.1e-03, Len=sum([5.2, 5.2, 4.9])=15.4, ϰ=[5.5, 6.7, 5.9], ∫ϰ²/L>=[5.0, 7.1, 8.1], C-C-Sep=0.20, ║∇J║=2.8e-05
Iteration 1403/2000-----
currents: [100000.0, 99999.99966077738, 99999.999434689]
J=3.0e-04, ⟨Jf⟩=2.7e-04, ⟨B·n⟩=4.1e-03, Len=sum([5.2, 5.2, 4.9])=15.4, ϰ=[5.5, 6.7, 5.9], ∫ϰ²/L>=[5.0, 7.1, 8.1], C-C-Sep=0.20, ║∇J║=2.8e-05
Iteration 1404/2000-----
currents: [100000.0, 99999.99966070423, 99999.99943456733]
J=3.0e-04, ⟨Jf⟩=2.7e-04, ⟨B·n⟩=4.1e-03, Len=sum([5.2, 5.2, 4.9])=15.4, ϰ=[5.5, 6.7, 5.9], ∫ϰ²/L>=[5.0, 7.1, 8.1], C-C-Sep=0.20, ║∇J║=3.5e-05
Iteration 1405/2000-----
currents: [100000.0, 99999.99966064248, 99999.99943446474]
J=3.0e-04, ⟨Jf⟩=2.7e-04, ⟨B·n⟩=4.1e-03, Len=sum([5.2, 5.2, 4.9])=15.4, ϰ=[5.5, 6.7, 5.9], ∫ϰ²/L>=[5.0, 7.1, 8.1], C-C-Sep=0.20, ║∇J║=5.0e-05
Iteration 1406/2000-----
currents: [100000.0, 99999.9996604129, 99999.99943408201]
J=3.0e-04, ⟨Jf⟩=2.7e-04, ⟨B·n⟩=4.1e-03, Len=sum([5.2, 5.2, 4.9])=15.4, ϰ=[5.5, 6.7, 5.9], ∫ϰ²/L>=[5.0, 7.1, 8.1], C-C-Sep=0.20, ║∇J║=2.8e-05
Iteration 1407/2000-----
currents: [100000.0, 99999.99966024283, 99999.99943379831]
J=3.0e-04, ⟨Jf⟩=2.7e-04, ⟨B·n⟩=4.1e-03, Len=sum([5.2, 5.2, 4.9])=15.4, ϰ=[5.5, 6.7, 5.9], ∫ϰ²/L>=[5.0, 7.1, 8.1], C-C-Sep=0.20, ║∇J║=2.9e-05
Iteration 1408/2000-----
currents: [100000.0, 99999.99966000467, 99999.99943340104]
J=3.0e-04, ⟨Jf⟩=2.7e-04, ⟨B·n⟩=4.1e-03, Len=sum([5.2, 5.2, 4.9])=15.4, ϰ=[5.5, 6.7, 5.9], ∫ϰ²/L>=[5.0, 7.1, 8.1], C-C-Sep=0.20, ║∇J║=3.5e-05
Iteration 1409/2000-----
currents: [100000.0, 99999.99965987453, 99999.99943318429]
J=3.0e-04, ⟨Jf⟩=2.7e-04, ⟨B·n⟩=4.1e-03, Len=sum([5.2, 5.2, 4.9])=15.4, ϰ=[5.5, 6.7, 5.9], ∫ϰ²/L>=[5.0, 7.1, 8.1], C-C-Sep=0.20, ║∇J║=5.2e-05
Iteration 1410/2000-----
currents: [100000.0, 99999.99965982678, 99999.99943310453]
J=3.0e-04, ⟨Jf⟩=2.7e-04, ⟨B·n⟩=4.1e-03, Len=sum([5.2, 5.2, 4.9])=15.4, ϰ=[5.5, 6.7, 5.9], ∫ϰ²/L>=[5.0, 7.1, 8.1], C-C-Sep=0.20, ║∇J║=3.1e-05
Iteration 1411/2000-----
currents: [100000.0, 99999.99965975794, 99999.99943298988]
J=3.0e-04, ⟨Jf⟩=2.7e-04, ⟨B·n⟩=4.1e-03, Len=sum([5.2, 5.2, 4.9])=15.4, ϰ=[5.5, 6.7, 5.9], ∫ϰ²/L>=[5.0, 7.1, 8.1], C-C-Sep=0.20, ║∇J║=2.8e-05
Iteration 1412/2000-----
currents: [100000.0, 99999.99965965627, 99999.99943282042]
J=3.0e-04, ⟨Jf⟩=2.7e-04, ⟨B·n⟩=4.1e-03, Len=sum([5.2, 5.2, 4.9])=15.4, ϰ=[5.5, 6.7, 5.9], ∫ϰ²/L>=[5.0, 7.1, 8.1], C-C-Sep=0.20, ║∇J║=3.1e-05
Iteration 1413/2000-----
currents: [100000.0, 99999.99965945781, 99999.99943248952]
J=3.0e-04, ⟨Jf⟩=2.7e-04, ⟨B·n⟩=4.1e-03, Len=sum([5.2, 5.2, 4.9])=15.4, ϰ=[5.5, 6.7, 5.9], ∫ϰ²/L>=[5.0, 7.1, 8.1], C-C-Sep=0.20, ║∇J║=3.6e-05
Iteration 1414/2000-----
currents: [100000.0, 99999.99965916376, 99999.99943199928]
J=3.0e-04, ⟨Jf⟩=2.7e-04, ⟨B·n⟩=4.1e-03, Len=sum([5.2, 5.2, 4.9])=15.4, ϰ=[5.5, 6.7, 5.9], ∫ϰ²/L>=[5.0, 7.1, 8.1], C-C-Sep=0.20, ║∇J║=2.8e-05
Iteration 1415/2000-----
currents: [100000.0, 99999.99965905813, 99999.99943182307]
J=3.0e-04, ⟨Jf⟩=2.7e-04, ⟨B·n⟩=4.1e-03, Len=sum([5.2, 5.2, 4.9])=15.4, ϰ=[5.5, 6.7, 5.9], ∫ϰ²/L>=[5.0, 7.1, 8.1], C-C-Sep=0.20, ║∇J║=2.2e-05
Iteration 1416/2000-----
currents: [100000.0, 99999.99965893966, 99999.99943162545]
J=3.0e-04, ⟨Jf⟩=2.7e-04, ⟨B·n⟩=4.1e-03, Len=sum([5.2, 5.2, 4.9])=15.4, ϰ=[5.5, 6.7, 5.9], ∫ϰ²/L>=[5.0, 7.1, 8.1], C-C-Sep=0.20, ║∇J║=2.4e-05
Iteration 1417/2000-----
currents: [100000.0, 99999.999658735, 99999.99943128414]
J=3.0e-04, ⟨Jf⟩=2.7e-04, ⟨B·n⟩=4.1e-03, Len=sum([5.2, 5.2, 4.9])=15.4, ϰ=[5.5, 6.7, 5.9], ∫ϰ²/L>=[5.0, 7.1, 8.1], C-C-Sep=0.20, ║∇J║=3.4e-05
Iteration 1418/2000-----
currents: [100000.0, 99999.99965842257, 99999.99943076297]
J=3.0e-04, ⟨Jf⟩=2.7e-04, ⟨B·n⟩=4.1e-03, Len=sum([5.2, 5.2, 4.9])=15.4, ϰ=[5.5, 6.7, 5.9], ∫ϰ²/L>=[5.0, 7.1, 8.1], C-C-Sep=0.20, ║∇J║=2.7e-05
Iteration 1419/2000-----
currents: [100000.0, 99999.99965838059, 99999.99943069322]
J=3.0e-04, ⟨Jf⟩=2.7e-04, ⟨B·n⟩=4.1e-03, Len=sum([5.2, 5.2, 4.9])=15.4, ϰ=[5.5, 6.7, 5.9], ∫ϰ²/L>=[5.0, 7.1, 8.1], C-C-Sep=0.20, ║∇J║=2.8e-05
Iteration 1420/2000-----
currents: [100000.0, 99999.99965804066, 99999.99943012637]
J=3.0e-04, ⟨Jf⟩=2.7e-04, ⟨B·n⟩=4.1e-03, Len=sum([5.2, 5.2, 4.9])=15.4, ϰ=[5.5, 6.7, 5.9], ∫ϰ²/L>=[5.0, 7.1, 8.1], C-C-Sep=0.20, ║∇J║=2.9e-05
Iteration 1421/2000-----
currents: [100000.0, 99999.99965794096, 99999.99942996031]
J=3.0e-04, ⟨Jf⟩=2.7e-04, ⟨B·n⟩=4.1e-03, Len=sum([5.2, 5.2, 4.9])=15.4, ϰ=[5.5, 6.7, 5.9], ∫ϰ²/L>=[5.0, 7.1, 8.1], C-C-Sep=0.20, ║∇J║=3.3e-05
Iteration 1422/2000-----
currents: [100000.0, 99999.99965807087, 99999.99943017702]
J=3.0e-04, ⟨Jf⟩=2.7e-04, ⟨B·n⟩=4.1e-03, Len=sum([5.2, 5.2, 4.9])=15.4, ϰ=[5.5, 6.7, 5.9], ∫ϰ²/L>=[5.0, 7.1, 8.1], C-C-Sep=0.20, ║∇J║=2.1e-05
Iteration 1423/2000-----
currents: [100000.0, 99999.99965799197, 99999.99943004543]
J=3.0e-04, ⟨Jf⟩=2.7e-04, ⟨B·n⟩=4.1e-03, Len=sum([5.2, 5.2, 4.9])=15.4, ϰ=[5.5, 6.7, 5.9], ∫ϰ²/L>=[5.0, 7.1, 8.1], C-C-Sep=0.20, ║∇J║=2.1e-05
Iteration 1424/2000-----
currents: [100000.0, 99999.99965801882, 99999.99943009019]
J=3.0e-04, ⟨Jf⟩=2.7e-04, ⟨B·n⟩=4.1e-03, Len=sum([5.2, 5.2, 4.9])=15.4, ϰ=[5.5, 6.7, 5.9], ∫ϰ²/L>=[5.0, 7.1, 8.1], C-C-Sep=0.20, ║∇J║=2.7e-05
Iteration 1425/2000-----
currents: [100000.0, 99999.99965797273, 99999.9994300132]
J=3.0e-04, ⟨Jf⟩=2.7e-04, ⟨B·n⟩=4.1e-03, Len=sum([5.2, 5.2, 4.9])=15.4, ϰ=[5.5, 6.7, 5.9], ∫ϰ²/L>=[5.0, 7.1, 8.1], C-C-Sep=0.20, ║∇J║=2.4e-05
Iteration 1426/2000-----
currents: [100000.0, 99999.99965774591, 99999.99942963489]
J=3.0e-04, ⟨Jf⟩=2.7e-04, ⟨B·n⟩=4.1e-03, Len=sum([5.2, 5.2, 4.9])=15.4, ϰ=[5.5, 6.7, 5.9], ∫ϰ²/L>=[5.0, 7.1, 8.1], C-C-Sep=0.20, ║∇J║=1.8e-05
Iteration 1427/2000-----
currents: [100000.0, 99999.99965763508, 99999.99942944988]
J=3.0e-04, ⟨Jf⟩=2.7e-04, ⟨B·n⟩=4.1e-03, Len=sum([5.2, 5.2, 4.9])=15.4, ϰ=[5.5, 6.7, 5.9], ∫ϰ²/L>=[5.0, 7.1, 8.1], C-C-Sep=0.20, ║∇J║=2.2e-05
Iteration 1428/2000-----
currents: [100000.0, 99999.99965734997, 99999.99942897429]
J=3.0e-04, ⟨Jf⟩=2.7e-04, ⟨B·n⟩=4.1e-03, Len=sum([5.2, 5.2, 4.9])=15.4, ϰ=[5.5, 6.7, 5.9], ∫ϰ²/L>=[5.0, 7.1, 8.1], C-C-Sep=0.20, ║∇J║=2.9e-05
Iteration 1429/2000-----
currents: [100000.0, 99999.9996569838, 99999.99942836344]
J=3.0e-04, ⟨Jf⟩=2.7e-04, ⟨B·n⟩=4.1e-03, Len=sum([5.2, 5.2, 4.9])=15.4, ϰ=[5.5, 6.7, 5.9], ∫ϰ²/L>=[5.0, 7.1, 8.1], C-C-Sep=0.20, ║∇J║=2.5e-05
Iteration 1430/2000-----
currents: [100000.0, 99999.9996567626, 99999.99942799432]
J=3.0e-04, ⟨Jf⟩=2.7e-04, ⟨B·n⟩=4.1e-03, Len=sum([5.2, 5.2, 4.9])=15.4, ϰ=[5.5, 6.7, 5.9], ∫ϰ²/L>=[5.0, 7.1, 8.1], C-C-Sep=0.20, ║∇J║=1.9e-05
Iteration 1431/2000-----
currents: [100000.0, 99999.99965634897, 99999.99942730434]
J=3.0e-04, ⟨Jf⟩=2.7e-04, ⟨B·n⟩=4.1e-03, Len=sum([5.2, 5.2, 4.9])=15.4, ϰ=[5.5, 6.7, 5.9], ∫ϰ²/L>=[5.0, 7.1, 8.1], C-C-Sep=0.20, ║∇J║=2.3e-05
Iteration 1432/2000-----
currents: [100000.0, 99999.99965588748, 99999.99942653444]
J=3.0e-04, ⟨Jf⟩=2.7e-04, ⟨B·n⟩=4.1e-03, Len=sum([5.2, 5.2, 4.9])=15.4, ϰ=[5.5, 6.7, 5.9], ∫ϰ²/L>=[5.0, 7.1, 8.1], C-C-Sep=0.20, ║∇J║=2.4e-05
Iteration 1433/2000-----
currents: [100000.0, 99999.99965544813, 99999.9994258015]
J=3.0e-04, ⟨Jf⟩=2.7e-04, ⟨B·n⟩=4.1e-03, Len=sum([5.2, 5.2, 4.9])=15.4, ϰ=[5.5, 6.7, 5.9], ∫ϰ²/L>=[5.0, 7.1, 8.1], C-C-Sep=0.20, ║∇J║=2.1e-05
Iteration 1434/2000-----
currents: [100000.0, 99999.9996543465, 99999.99942396375]
J=3.0e-04, ⟨Jf⟩=2.7e-04, ⟨B·n⟩=4.1e-03, Len=sum([5.2, 5.2, 4.9])=15.4, ϰ=[5.5, 6.7, 5.9], ∫ϰ²/L>=[5.0, 7.1, 8.1], C-C-Sep=0.20, ║∇J║=2.4e-05
Iteration 1435/2000-----
currents: [100000.0, 99999.99965328253, 99999.99942218878]
J=3.0e-04, ⟨Jf⟩=2.7e-04, ⟨B·n⟩=4.1e-03, Len=sum([5.2, 5.2, 4.9])=15.4, ϰ=[5.5, 6.7, 5.9], ∫ϰ²/L>=[5.0, 7.1, 8.1], C-C-Sep=0.20, ║∇J║=4.2e-05
Iteration 1436/2000-----
currents: [100000.0, 99999.99965271699, 99999.9994212454]
J=3.0e-04, ⟨Jf⟩=2.7e-04, ⟨B·n⟩=4.1e-03, Len=sum([5.2, 5.2, 4.9])=15.4, ϰ=[5.5, 6.7, 5.9], ∫ϰ²/L>=[5.0, 7.1, 8.1], C-C-Sep=0.20, ║∇J║=2.7e-05
Iteration 1437/2000-----
currents: [100000.0, 99999.99965169029, 99999.9994195327]
J=3.0e-04, ⟨Jf⟩=2.7e-04, ⟨B·n⟩=4.1e-03, Len=sum([5.2, 5.2, 4.9])=15.4, ϰ=[5.5, 6.7, 5.9], ∫ϰ²/L>=[5.0, 7.1, 8.1], C-C-Sep=0.20, ║∇J║=2.5e-05
Iteration 1438/2000-----
currents: [100000.0, 99999.99965032261, 99999.99941725124]
J=3.0e-04, ⟨Jf⟩=2.7e-04, ⟨B·n⟩=4.1e-03, Len=sum([5.2, 5.2, 4.9])=15.4, ϰ=[5.5, 6.7, 5.9], ∫ϰ²/L>=[5.0, 7.1, 8.1], C-C-Sep=0.20, ║∇J║=3.1e-05
Iteration 1439/2000-----
currents: [100000.0, 99999.99964471631, 99999.99940789914]
J=3.0e-04, ⟨Jf⟩=2.7e-04, ⟨B·n⟩=4.1e-03, Len=sum([5.2, 5.2, 4.9])=15.4, ϰ=[5.5, 6.7, 5.9], ∫ϰ²/L>=[5.0, 7.1, 8.1], C-C-Sep=0.20, ║∇J║=6.9e-05
Iteration 1440/2000-----
currents: [100000.0, 99999.99964748228, 99999.99941251318]
J=3.0e-04, ⟨Jf⟩=2.7e-04, ⟨B·n⟩=4.1e-03, Len=sum([5.2, 5.2, 4.9])=15.4, ϰ=[5.5, 6.7, 5.9], ∫ϰ²/L>=[5.0, 7.1, 8.1], C-C-Sep=0.20, ║∇J║=4.5e-05
Iteration 1441/2000-----
currents: [100000.0, 99999.99964632085, 99999.99941057587]
J=3.0e-04, ⟨Jf⟩=2.7e-04, ⟨B·n⟩=4.1e-03, Len=sum([5.2, 5.2, 4.9])=15.4, ϰ=[5.5, 6.7, 5.9], ∫ϰ²/L>=[5.0, 7.1, 8.1], C-C-Sep=0.20, ║∇J║=4.5e-05
Iteration 1442/2000-----
currents: [100000.0, 99999.99964508183, 99999.99940850932]
J=3.0e-04, ⟨Jf⟩=2.7e-04, ⟨B·n⟩=4.1e-03, Len=sum([5.2, 5.2, 4.9])=15.4, ϰ=[5.5, 6.7, 5.9], ∫ϰ²/L>=[5.0, 7.1, 8.1], C-C-Sep=0.20, ║∇J║=3.7e-05
Iteration 1443/2000-----
currents: [100000.0, 99999.99964283795, 99999.99940476661]
J=3.0e-04, ⟨Jf⟩=2.7e-04, ⟨B·n⟩=4.1e-03, Len=sum([5.2, 5.2, 4.9])=15.4, ϰ=[5.5, 6.7, 5.9], ∫ϰ²/L>=[5.0, 7.1, 8.1], C-C-Sep=0.20, ║∇J║=4.1e-05
Iteration 1444/2000-----
currents: [100000.0, 99999.99964161933, 99999.9994027338]
J=3.0e-04, ⟨Jf⟩=2.7e-04, ⟨B·n⟩=4.1e-03, Len=sum([5.2, 5.2, 4.9])=15.4, ϰ=[5.5, 6.7, 5.9], ∫ϰ²/L>=[5.0, 7.1, 8.1], C-C-Sep=0.20, ║∇J║=4.6e-05
Iteration 1445/2000-----
currents: [100000.0, 99999.9996391444, 99999.99939860539]
J=3.0e-04, ⟨Jf⟩=2.7e-04, ⟨B·n⟩=4.1e-03, Len=sum([5.2, 5.2, 4.9])=15.4, ϰ=[5.5, 6.7, 5.9], ∫ϰ²/L>=[5.0, 7.1, 8.1], C-C-Sep=0.20, ║∇J║=4.5e-05
Iteration 1446/2000-----
currents: [100000.0, 99999.99963541717, 99999.9993923881]
J=3.0e-04, ⟨Jf⟩=2.7e-04, ⟨B·n⟩=4.1e-03, Len=sum([5.2, 5.2, 4.9])=15.4, ϰ=[5.5, 6.7, 5.9], ∫ϰ²/L>=[5.0, 7.1, 8.1], C-C-Sep=0.20, ║∇J║=5.9e-05
Iteration 1447/2000-----
currents: [100000.0, 99999.99963268144, 99999.99938782473]
J=3.0e-04, ⟨Jf⟩=2.7e-04, ⟨B·n⟩=4.1e-03, Len=sum([5.2, 5.2, 4.9])=15.4, ϰ=[5.5, 6.7, 5.9], ∫ϰ²/L>=[5.0, 7.1, 8.1], C-C-Sep=0.20, ║∇J║=7.5e-05
Iteration 1448/2000-----
currents: [100000.0, 99999.99962553449, 99999.9993759032]
J=3.0e-04, ⟨Jf⟩=2.7e-04, ⟨B·n⟩=4.1e-03, Len=sum([5.2, 5.2, 4.9])=15.4, ϰ=[5.5, 6.7, 5.9], ∫ϰ²/L>=[5.0, 7.1, 8.1], C-C-Sep=0.20, ║∇J║=1.2e-04
Iteration 1449/2000-----
currents: [100000.0, 99999.99962951927, 99999.99938255003]
J=3.0e-04, ⟨Jf⟩=2.7e-04, ⟨B·n⟩=4.1e-03, Len=sum([5.2, 5.2, 4.9])=15.4, ϰ=[5.5, 6.7, 5.9], ∫ϰ²/L>=[5.0, 7.1, 8.1], C-C-Sep=0.20, ║∇J║=8.8e-05
Iteration 1450/2000-----
currents: [100000.0, 99999.99962218179, 99999.99937031046]
J=3.0e-04, ⟨Jf⟩=2.7e-04, ⟨B·n⟩=4.1e-03, Len=sum([5.2, 5.2, 4.9])=15.4, ϰ=[5.5, 6.7, 5.9], ∫ϰ²/L>=[5.0, 7.1, 8.1], C-C-Sep=0.20, ║∇J║=1.4e-04
Iteration 1451/2000-----
currents: [100000.0, 99999.99962103026, 99999.99936839039]
J=3.0e-04, ⟨Jf⟩=2.7e-04, ⟨B·n⟩=4.1e-03, Len=sum([5.2, 5.2, 4.9])=15.4, ϰ=[5.5, 6.7, 5.9], ∫ϰ²/L>=[5.0, 7.1, 8.1], C-C-Sep=0.20, ║∇J║=1.0e-04
Iteration 1452/2000-----
currents: [100000.0, 99999.99962329253, 99999.99937216398]
J=3.0e-04, ⟨Jf⟩=2.7e-04, ⟨B·n⟩=4.1e-03, Len=sum([5.2, 5.2, 4.9])=15.4, ϰ=[5.5, 6.7, 5.9], ∫ϰ²/L>=[5.0, 7.1, 8.1], C-C-Sep=0.20, ║∇J║=6.9e-05
Iteration 1453/2000-----
currents: [100000.0, 99999.99961663943, 99999.9993610659]
J=3.0e-04, ⟨Jf⟩=2.7e-04, ⟨B·n⟩=4.1e-03, Len=sum([5.2, 5.2, 4.9])=15.4, ϰ=[5.5, 6.7, 5.9], ∫ϰ²/L>=[5.0, 7.1, 8.1], C-C-Sep=0.20, ║∇J║=1.2e-04
Iteration 1454/2000-----
currents: [100000.0, 99999.9996179064, 99999.99936317917]
J=3.0e-04, ⟨Jf⟩=2.7e-04, ⟨B·n⟩=4.1e-03, Len=sum([5.2, 5.2, 4.9])=15.4, ϰ=[5.5, 6.7, 5.9], ∫ϰ²/L>=[5.0, 7.1, 8.1], C-C-Sep=0.20, ║∇J║=7.2e-05
Iteration 1455/2000-----
currents: [100000.0, 99999.99961640353, 99999.99936067253]
J=3.0e-04, ⟨Jf⟩=2.7e-04, ⟨B·n⟩=4.1e-03, Len=sum([5.2, 5.2, 4.9])=15.4, ϰ=[5.5, 6.7, 5.9], ∫ϰ²/L>=[5.0, 7.1, 8.1], C-C-Sep=0.20, ║∇J║=5.8e-05
Iteration 1456/2000-----
currents: [100000.0, 99999.99961366181, 99999.99935609891]
J=3.0e-04, ⟨Jf⟩=2.7e-04, ⟨B·n⟩=4.1e-03, Len=sum([5.2, 5.2, 4.9])=15.4, ϰ=[5.5, 6.7, 5.9], ∫ϰ²/L>=[5.0, 7.1, 8.1], C-C-Sep=0.20, ║∇J║=5.3e-05
Iteration 1457/2000-----
currents: [100000.0, 99999.99961044517, 99999.99935073288]
J=3.0e-04, ⟨Jf⟩=2.7e-04, ⟨B·n⟩=4.1e-03, Len=sum([5.2, 5.2, 4.9])=15.4, ϰ=[5.5, 6.7, 5.9], ∫ϰ²/L>=[5.0, 7.1, 8.1], C-C-Sep=0.20, ║∇J║=6.8e-05
Iteration 1458/2000-----
currents: [100000.0, 99999.9996090856, 99999.99934846499]
J=3.0e-04, ⟨Jf⟩=2.7e-04, ⟨B·n⟩=4.1e-03, Len=sum([5.2, 5.2, 4.9])=15.4, ϰ=[5.5, 6.7, 5.9], ∫ϰ²/L>=[5.0, 7.1, 8.1], C-C-Sep=0.20, ║∇J║=8.7e-05
Iteration 1459/2000-----
currents: [100000.0, 99999.99960806206, 99999.9993467567]
J=3.0e-04, ⟨Jf⟩=2.7e-04, ⟨B·n⟩=4.1e-03, Len=sum([5.2, 5.2, 4.9])=15.4, ϰ=[5.5, 6.7, 5.9], ∫ϰ²/L>=[5.0, 7.1, 8.1], C-C-Sep=0.20, ║∇J║=6.7e-05
Iteration 1460/2000-----
currents: [100000.0, 99999.99960573374, 99999.99934287334]
J=3.0e-04, ⟨Jf⟩=2.7e-04, ⟨B·n⟩=4.1e-03, Len=sum([5.2, 5.2, 4.9])=15.4, ϰ=[5.5, 6.7, 5.9], ∫ϰ²/L>=[5.0, 7.1, 8.1], C-C-Sep=0.20, ║∇J║=7.3e-05
Iteration 1461/2000-----
currents: [100000.0, 99999.99960409953, 99999.99934014735]
J=3.0e-04, ⟨Jf⟩=2.7e-04, ⟨B·n⟩=4.1e-03, Len=sum([5.2, 5.2, 4.9])=15.4, ϰ=[5.5, 6.7, 5.9], ∫ϰ²/L>=[5.0, 7.1, 8.1], C-C-Sep=0.20, ║∇J║=8.8e-05
Iteration 1462/2000-----
currents: [100000.0, 99999.99960092877, 99999.99933485819]
J=3.0e-04, ⟨Jf⟩=2.7e-04, ⟨B·n⟩=4.1e-03, Len=sum([5.2, 5.2, 4.9])=15.4, ϰ=[5.5, 6.7, 5.9], ∫ϰ²/L>=[5.0, 7.1, 8.1], C-C-Sep=0.20, ║∇J║=7.1e-05
Iteration 1463/2000-----
currents: [100000.0, 99999.99959788601, 99999.99932978368]
J=3.0e-04, ⟨Jf⟩=2.7e-04, ⟨B·n⟩=4.1e-03, Len=sum([5.2, 5.2, 4.9])=15.4, ϰ=[5.5, 6.7, 5.9], ∫ϰ²/L>=[5.0, 7.1, 8.1], C-C-Sep=0.20, ║∇J║=8.0e-05
Iteration 1464/2000-----
currents: [100000.0, 99999.9995914303, 99999.99931901564]
J=3.0e-04, ⟨Jf⟩=2.7e-04, ⟨B·n⟩=4.1e-03, Len=sum([5.2, 5.2, 4.9])=15.4, ϰ=[5.5, 6.7, 5.9], ∫ϰ²/L>=[5.0, 7.1, 8.1], C-C-Sep=0.20, ║∇J║=1.3e-04
Iteration 1465/2000-----
currents: [100000.0, 99999.99959463217, 99999.99932435631]
J=3.0e-04, ⟨Jf⟩=2.7e-04, ⟨B·n⟩=4.1e-03, Len=sum([5.2, 5.2, 4.9])=15.4, ϰ=[5.5, 6.7, 5.9], ∫ϰ²/L>=[5.0, 7.1, 8.1], C-C-Sep=0.20, ║∇J║=8.2e-05
Iteration 1466/2000-----
currents: [100000.0, 99999.99959382924, 99999.99932301627]
J=3.0e-04, ⟨Jf⟩=2.7e-04, ⟨B·n⟩=4.1e-03, Len=sum([5.2, 5.2, 4.9])=15.4, ϰ=[5.5, 6.7, 5.9], ∫ϰ²/L>=[5.0, 7.1, 8.1], C-C-Sep=0.20, ║∇J║=8.1e-05
Iteration 1467/2000-----
currents: [100000.0, 99999.99958929411, 99999.99931545077]
J=3.0e-04, ⟨Jf⟩=2.7e-04, ⟨B·n⟩=4.1e-03, Len=sum([5.2, 5.2, 4.9])=15.4, ϰ=[5.5, 6.7, 5.9], ∫ϰ²/L>=[5.0, 7.1, 8.1], C-C-Sep=0.20, ║∇J║=1.0e-04
Iteration 1468/2000-----
currents: [100000.0, 99999.99958175365, 99999.99930287263]
J=3.0e-04, ⟨Jf⟩=2.7e-04, ⟨B·n⟩=4.1e-03, Len=sum([5.2, 5.2, 4.9])=15.4, ϰ=[5.5, 6.7, 5.9], ∫ϰ²/L>=[5.0, 7.1, 8.1], C-C-Sep=0.20, ║∇J║=1.5e-04
Iteration 1469/2000-----
currents: [100000.0, 99999.9995835678, 99999.99930589936]
J=3.0e-04, ⟨Jf⟩=2.7e-04, ⟨B·n⟩=4.1e-03, Len=sum([5.2, 5.2, 4.9])=15.4, ϰ=[5.5, 6.7, 5.9], ∫ϰ²/L>=[5.0, 7.1, 8.1], C-C-Sep=0.20, ║∇J║=1.1e-04
Iteration 1470/2000-----
currents: [100000.0, 99999.99958012294, 99999.99930015292]
J=3.0e-04, ⟨Jf⟩=2.7e-04, ⟨B·n⟩=4.1e-03, Len=sum([5.2, 5.2, 4.9])=15.4, ϰ=[5.5, 6.7, 5.9], ∫ϰ²/L>=[5.0, 7.1, 8.1], C-C-Sep=0.20, ║∇J║=1.2e-04
Iteration 1471/2000-----
currents: [100000.0, 99999.99957548828, 99999.99929242213]
J=3.0e-04, ⟨Jf⟩=2.7e-04, ⟨B·n⟩=4.1e-03, Len=sum([5.2, 5.2, 4.9])=15.4, ϰ=[5.5, 6.7, 5.9], ∫ϰ²/L>=[5.0, 7.1, 8.1], C-C-Sep=0.20, ║∇J║=1.1e-04
Iteration 1472/2000-----
currents: [100000.0, 99999.99957277099, 99999.99928788969]
J=3.0e-04, ⟨Jf⟩=2.7e-04, ⟨B·n⟩=4.1e-03, Len=sum([5.2, 5.2, 4.9])=15.4, ϰ=[5.5, 6.7, 5.9], ∫ϰ²/L>=[5.0, 7.1, 8.1], C-C-Sep=0.20, ║∇J║=9.7e-05
Iteration 1473/2000-----
currents: [100000.0, 99999.99956771007, 99999.99927944799]
J=3.0e-04, ⟨Jf⟩=2.7e-04, ⟨B·n⟩=4.1e-03, Len=sum([5.2, 5.2, 4.9])=15.4, ϰ=[5.5, 6.7, 5.9], ∫ϰ²/L>=[5.0, 7.1, 8.1], C-C-Sep=0.20, ║∇J║=1.1e-04
Iteration 1474/2000-----
currents: [100000.0, 99999.9995643059, 99999.99927377008]
J=3.0e-04, ⟨Jf⟩=2.7e-04, ⟨B·n⟩=4.1e-03, Len=sum([5.2, 5.2, 4.9])=15.4, ϰ=[5.5, 6.7, 5.9], ∫ϰ²/L>=[5.0, 7.1, 8.1], C-C-Sep=0.20, ║∇J║=1.5e-04
Iteration 1475/2000-----
currents: [100000.0, 99999.9995637848, 99999.9992729009]
J=3.0e-04, ⟨Jf⟩=2.7e-04, ⟨B·n⟩=4.1e-03, Len=sum([5.2, 5.2, 4.9])=15.4, ϰ=[5.5, 6.7, 5.9], ∫ϰ²/L>=[5.0, 7.1, 8.1], C-C-Sep=0.20, ║∇J║=8.2e-05
Iteration 1476/2000-----
currents: [100000.0, 99999.99955600091, 99999.9992599178]
J=3.0e-04, ⟨Jf⟩=2.7e-04, ⟨B·n⟩=4.1e-03, Len=sum([5.2, 5.2, 4.9])=15.4, ϰ=[5.5, 6.7, 5.9], ∫ϰ²/L>=[5.0, 7.1, 8.1], C-C-Sep=0.20, ║∇J║=1.5e-04
Iteration 1477/2000-----
currents: [100000.0, 99999.9995601677, 99999.99926686774]
J=3.0e-04, ⟨Jf⟩=2.7e-04, ⟨B·n⟩=4.1e-03, Len=sum([5.2, 5.2, 4.9])=15.4, ϰ=[5.5, 6.7, 5.9], ∫ϰ²/L>=[5.0, 7.1, 8.1], C-C-Sep=0.20, ║∇J║=7.8e-05
Iteration 1478/2000-----
currents: [100000.0, 99999.99955904917, 99999.9992650031]
J=3.0e-04, ⟨Jf⟩=2.7e-04, ⟨B·n⟩=4.1e-03, Len=sum([5.2, 5.2, 4.9])=15.4, ϰ=[5.5, 6.7, 5.9], ∫ϰ²/L>=[5.0, 7.1, 8.1], C-C-Sep=0.20, ║∇J║=1.1e-04
Iteration 1479/2000-----
currents: [100000.0, 99999.99955660192, 99999.9992609205]
J=3.0e-04, ⟨Jf⟩=2.7e-04, ⟨B·n⟩=4.1e-03, Len=sum([5.2, 5.2, 4.9])=15.4, ϰ=[5.5, 6.7, 5.9], ∫ϰ²/L>=[5.0, 7.1, 8.1], C-C-Sep=0.20, ║∇J║=9.7e-05
Iteration 1480/2000-----
currents: [100000.0, 99999.99955513068, 99999.99925846653]
J=3.0e-04, ⟨Jf⟩=2.7e-04, ⟨B·n⟩=4.1e-03, Len=sum([5.2, 5.2, 4.9])=15.4, ϰ=[5.5, 6.7, 5.9], ∫ϰ²/L>=[5.0, 7.1, 8.1], C-C-Sep=0.20, ║∇J║=7.3e-05
Iteration 1481/2000-----
currents: [100000.0, 99999.99955356627, 99999.99925585726]
J=3.0e-04, ⟨Jf⟩=2.7e-04, ⟨B·n⟩=4.1e-03, Len=sum([5.2, 5.2, 4.9])=15.4, ϰ=[5.5, 6.7, 5.9], ∫ϰ²/L>=[5.0, 7.1, 8.1], C-C-Sep=0.20, ║∇J║=7.9e-05
Iteration 1482/2000-----
currents: [100000.0, 99999.99954970744, 99999.99924942068]
J=3.0e-04, ⟨Jf⟩=2.7e-04, ⟨B·n⟩=4.1e-03, Len=sum([5.2, 5.2, 4.9])=15.4, ϰ=[5.5, 6.7, 5.9], ∫ϰ²/L>=[5.0, 7.1, 8.1], C-C-Sep=0.20, ║∇J║=1.2e-04
Iteration 1483/2000-----
currents: [100000.0, 99999.99954840266, 99999.99924724389]
J=3.0e-04, ⟨Jf⟩=2.7e-04, ⟨B·n⟩=4.1e-03, Len=sum([5.2, 5.2, 4.9])=15.4, ϰ=[5.5, 6.7, 5.9], ∫ϰ²/L>=[5.0, 7.1, 8.1], C-C-Sep=0.20, ║∇J║=9.3e-05
Iteration 1484/2000-----
currents: [100000.0, 99999.99954647331, 99999.99924402611]
J=3.0e-04, ⟨Jf⟩=2.7e-04, ⟨B·n⟩=4.1e-03, Len=sum([5.2, 5.2, 4.9])=15.4, ϰ=[5.5, 6.7, 5.9], ∫ϰ²/L>=[5.0, 7.1, 8.1], C-C-Sep=0.20, ║∇J║=6.2e-05
Iteration 1485/2000-----
currents: [100000.0, 99999.99954554636, 99999.99924247967]
J=3.0e-04, ⟨Jf⟩=2.7e-04, ⟨B·n⟩=4.1e-03, Len=sum([5.2, 5.2, 4.9])=15.4, ϰ=[5.5, 6.7, 5.9], ∫ϰ²/L>=[5.0, 7.1, 8.1], C-C-Sep=0.20, ║∇J║=5.7e-05
Iteration 1486/2000-----
currents: [100000.0, 99999.99954361864, 99999.99923926403]
J=3.0e-04, ⟨Jf⟩=2.7e-04, ⟨B·n⟩=4.1e-03, Len=sum([5.2, 5.2, 4.9])=15.4, ϰ=[5.5, 6.7, 5.9], ∫ϰ²/L>=[5.0, 7.1, 8.1], C-C-Sep=0.20, ║∇J║=6.0e-05
Iteration 1487/2000-----
currents: [100000.0, 99999.99954390328, 99999.99923973893]
J=3.0e-04, ⟨Jf⟩=2.7e-04, ⟨B·n⟩=4.1e-03, Len=sum([5.2, 5.2, 4.9])=15.4, ϰ=[5.5, 6.7, 5.9], ∫ϰ²/L>=[5.0, 7.1, 8.1], C-C-Sep=0.20, ║∇J║=6.2e-05
Iteration 1488/2000-----
currents: [100000.0, 99999.99954194609, 99999.99923647496]
J=3.0e-04, ⟨Jf⟩=2.7e-04, ⟨B·n⟩=4.1e-03, Len=sum([5.2, 5.2, 4.9])=15.4, ϰ=[5.5, 6.7, 5.9], ∫ϰ²/L>=[5.0, 7.1, 8.1], C-C-Sep=0.20, ║∇J║=7.4e-05
Iteration 1489/2000-----
currents: [100000.0, 99999.99954204647, 99999.99923664279]
J=3.0e-04, ⟨Jf⟩=2.7e-04, ⟨B·n⟩=4.1e-03, Len=sum([5.2, 5.2, 4.9])=15.4, ϰ=[5.5, 6.7, 5.9], ∫ϰ²/L>=[5.0, 7.1, 8.1], C-C-Sep=0.20, ║∇J║=5.3e-05
Iteration 1490/2000-----
currents: [100000.0, 99999.99954109278, 99999.99923505222]
J=3.0e-04, ⟨Jf⟩=2.7e-04, ⟨B·n⟩=4.1e-03, Len=sum([5.2, 5.2, 4.9])=15.4, ϰ=[5.5, 6.7, 5.9], ∫ϰ²/L>=[5.0, 7.1, 8.1], C-C-Sep=0.20, ║∇J║=4.6e-05
Iteration 1491/2000-----
currents: [100000.0, 99999.99953869177, 99999.99923104852]
J=3.0e-04, ⟨Jf⟩=2.7e-04, ⟨B·n⟩=4.1e-03, Len=sum([5.2, 5.2, 4.9])=15.4, ϰ=[5.5, 6.7, 5.9], ∫ϰ²/L>=[5.0, 7.1, 8.1], C-C-Sep=0.20, ║∇J║=5.6e-05
Iteration 1492/2000-----
currents: [100000.0, 99999.99953742552, 99999.99922893726]
J=3.0e-04, ⟨Jf⟩=2.7e-04, ⟨B·n⟩=4.1e-03, Len=sum([5.2, 5.2, 4.9])=15.4, ϰ=[5.5, 6.7, 5.9], ∫ϰ²/L>=[5.0, 7.1, 8.1], C-C-Sep=0.20, ║∇J║=6.6e-05
Iteration 1493/2000-----
currents: [100000.0, 99999.99953580325, 99999.99922623181]
J=3.0e-04, ⟨Jf⟩=2.7e-04, ⟨B·n⟩=4.1e-03, Len=sum([5.2, 5.2, 4.9])=15.4, ϰ=[5.5, 6.7, 5.9], ∫ϰ²/L>=[5.0, 7.1, 8.1], C-C-Sep=0.20, ║∇J║=5.2e-05
Iteration 1494/2000-----
currents: [100000.0, 99999.99953371692, 99999.9992227523]
J=3.0e-04, ⟨Jf⟩=2.7e-04, ⟨B·n⟩=4.1e-03, Len=sum([5.2, 5.2, 4.9])=15.4, ϰ=[5.5, 6.7, 5.9], ∫ϰ²/L>=[5.0, 7.1, 8.1], C-C-Sep=0.20, ║∇J║=5.4e-05
Iteration 1495/2000-----
currents: [100000.0, 99999.9995332151, 99999.99922191523]
J=3.0e-04, ⟨Jf⟩=2.7e-04, ⟨B·n⟩=4.1e-03, Len=sum([5.2, 5.2, 4.9])=15.4, ϰ=[5.5, 6.7, 5.9], ∫ϰ²/L>=[5.0, 7.1, 8.1], C-C-Sep=0.20, ║∇J║=4.9e-05
Iteration 1496/2000-----
currents: [100000.0, 99999.9995317138, 99999.99921941062]
J=3.0e-04, ⟨Jf⟩=2.7e-04, ⟨B·n⟩=4.1e-03, Len=sum([5.2, 5.2, 4.9])=15.4, ϰ=[5.5, 6.7, 5.9], ∫ϰ²/L>=[5.0, 7.1, 8.1], C-C-Sep=0.20, ║∇J║=5.1e-05
Iteration 1497/2000-----
currents: [100000.0, 99999.99953066591, 99999.99921766254]
J=3.0e-04, ⟨Jf⟩=2.7e-04, ⟨B·n⟩=4.1e-03, Len=sum([5.2, 5.2, 4.9])=15.4, ϰ=[5.5, 6.7, 5.9], ∫ϰ²/L>=[5.0, 7.1, 8.1], C-C-Sep=0.20, ║∇J║=5.0e-05
Iteration 1498/2000-----
currents: [100000.0, 99999.99952910982, 99999.99921506699]
J=3.0e-04, ⟨Jf⟩=2.7e-04, ⟨B·n⟩=4.1e-03, Len=sum([5.2, 5.2, 4.9])=15.4, ϰ=[5.5, 6.7, 5.9], ∫ϰ²/L>=[5.0, 7.1, 8.1], C-C-Sep=0.20, ║∇J║=5.6e-05
Iteration 1499/2000-----
currents: [100000.0, 99999.99952896264, 99999.99921482195]
J=3.0e-04, ⟨Jf⟩=2.7e-04, ⟨B·n⟩=4.1e-03, Len=sum([5.2, 5.2, 4.9])=15.4, ϰ=[5.5, 6.7, 5.9], ∫ϰ²/L>=[5.0, 7.1, 8.1], C-C-Sep=0.20, ║∇J║=6.7e-05
Iteration 1500/2000-----
currents: [100000.0, 99999.99952654153, 99999.9992107843]
J=3.0e-04, ⟨Jf⟩=2.7e-04, ⟨B·n⟩=4.1e-03, Len=sum([5.2, 5.2, 4.9])=15.4, ϰ=[5.5, 6.7, 5.9], ∫ϰ²/L>=[5.0, 7.1, 8.1], C-C-Sep=0.20, ║∇J║=6.9e-05
Iteration 1501/2000-----
currents: [100000.0, 99999.99952807794, 99999.99921334731]
J=3.0e-04, ⟨Jf⟩=2.7e-04, ⟨B·n⟩=4.1e-03, Len=sum([5.2, 5.2, 4.9])=15.4, ϰ=[5.5, 6.7, 5.9], ∫ϰ²/L>=[5.0, 7.1, 8.1], C-C-Sep=0.20, ║∇J║=8.1e-05
Iteration 1502/2000-----
currents: [100000.0, 99999.99952769665, 99999.99921271183]
J=3.0e-04, ⟨Jf⟩=2.7e-04, ⟨B·n⟩=4.1e-03, Len=sum([5.2, 5.2, 4.9])=15.4, ϰ=[5.5, 6.7, 5.9], ∫ϰ²/L>=[5.0, 7.1, 8.1], C-C-Sep=0.20, ║∇J║=5.6e-05
Iteration 1503/2000-----
currents: [100000.0, 99999.99952707971, 99999.99921168295]
J=3.0e-04, ⟨Jf⟩=2.7e-04, ⟨B·n⟩=4.1e-03, Len=sum([5.2, 5.2, 4.9])=15.4, ϰ=[5.5, 6.7, 5.9], ∫ϰ²/L>=[5.0, 7.1, 8.1], C-C-Sep=0.20, ║∇J║=4.3e-05
Iteration 1504/2000-----
currents: [100000.0, 99999.99952622657, 99999.9992102602]
J=3.0e-04, ⟨Jf⟩=2.7e-04, ⟨B·n⟩=4.1e-03, Len=sum([5.2, 5.2, 4.9])=15.4, ϰ=[5.5, 6.7, 5.9], ∫ϰ²/L>=[5.0, 7.1, 8.1], C-C-Sep=0.20, ║∇J║=4.2e-05
Iteration 1505/2000-----
currents: [100000.0, 99999.99952511388, 99999.99920840464]
J=3.0e-04, ⟨Jf⟩=2.7e-04, ⟨B·n⟩=4.1e-03, Len=sum([5.2, 5.2, 4.9])=15.4, ϰ=[5.5, 6.7, 5.9], ∫ϰ²/L>=[5.0, 7.1, 8.1], C-C-Sep=0.20, ║∇J║=6.1e-05
Iteration 1506/2000-----
currents: [100000.0, 99999.99952457711, 99999.99920750964]
J=3.0e-04, ⟨Jf⟩=2.7e-04, ⟨B·n⟩=4.1e-03, Len=sum([5.2, 5.2, 4.9])=15.4, ϰ=[5.5, 6.7, 5.9], ∫ϰ²/L>=[5.0, 7.1, 8.1], C-C-Sep=0.20, ║∇J║=4.9e-05
Iteration 1507/2000-----
currents: [100000.0, 99999.99952396555, 99999.99920648933]
J=3.0e-04, ⟨Jf⟩=2.7e-04, ⟨B·n⟩=4.1e-03, Len=sum([5.2, 5.2, 4.9])=15.4, ϰ=[5.5, 6.7, 5.9], ∫ϰ²/L>=[5.0, 7.1, 8.1], C-C-Sep=0.20, ║∇J║=3.9e-05
Iteration 1508/2000-----
currents: [100000.0, 99999.99952322089, 99999.99920524693]
J=3.0e-04, ⟨Jf⟩=2.7e-04, ⟨B·n⟩=4.1e-03, Len=sum([5.2, 5.2, 4.9])=15.4, ϰ=[5.5, 6.7, 5.9], ∫ϰ²/L>=[5.0, 7.1, 8.1], C-C-Sep=0.20, ║∇J║=4.1e-05
Iteration 1509/2000-----
currents: [100000.0, 99999.99952224518, 99999.99920361918]
J=3.0e-04, ⟨Jf⟩=2.7e-04, ⟨B·n⟩=4.1e-03, Len=sum([5.2, 5.2, 4.9])=15.4, ϰ=[5.5, 6.7, 5.9], ∫ϰ²/L>=[5.0, 7.1, 8.1], C-C-Sep=0.20, ║∇J║=4.6e-05
Iteration 1510/2000-----
currents: [100000.0, 99999.99952149474, 99999.99920236749]
J=3.0e-04, ⟨Jf⟩=2.7e-04, ⟨B·n⟩=4.1e-03, Len=sum([5.2, 5.2, 4.9])=15.4, ϰ=[5.5, 6.7, 5.9], ∫ϰ²/L>=[5.0, 7.1, 8.1], C-C-Sep=0.20, ║∇J║=3.5e-05
Iteration 1511/2000-----
currents: [100000.0, 99999.99952015611, 99999.99920013458]
J=3.0e-04, ⟨Jf⟩=2.7e-04, ⟨B·n⟩=4.1e-03, Len=sum([5.2, 5.2, 4.9])=15.4, ϰ=[5.5, 6.7, 5.9], ∫ϰ²/L>=[5.0, 7.1, 8.1], C-C-Sep=0.20, ║∇J║=3.6e-05
Iteration 1512/2000-----
currents: [100000.0, 99999.99951874747, 99999.99919778501]
J=3.0e-04, ⟨Jf⟩=2.7e-04, ⟨B·n⟩=4.1e-03, Len=sum([5.2, 5.2, 4.9])=15.4, ϰ=[5.5, 6.7, 5.9], ∫ϰ²/L>=[5.0, 7.1, 8.1], C-C-Sep=0.20, ║∇J║=3.9e-05
Iteration 1513/2000-----
currents: [100000.0, 99999.99951720357, 99999.99919520986]
J=3.0e-04, ⟨Jf⟩=2.7e-04, ⟨B·n⟩=4.1e-03, Len=sum([5.2, 5.2, 4.9])=15.4, ϰ=[5.5, 6.7, 5.9], ∫ϰ²/L>=[5.0, 7.1, 8.1], C-C-Sep=0.20, ║∇J║=3.7e-05
Iteration 1514/2000-----
currents: [100000.0, 99999.99951526306, 99999.9991919728]
J=3.0e-04, ⟨Jf⟩=2.7e-04, ⟨B·n⟩=4.1e-03, Len=sum([5.2, 5.2, 4.9])=15.4, ϰ=[5.5, 6.7, 5.9], ∫ϰ²/L>=[5.0, 7.1, 8.1], C-C-Sep=0.20, ║∇J║=4.7e-05
Iteration 1515/2000-----
currents: [100000.0, 99999.99951321351, 99999.99918855404]
J=3.0e-04, ⟨Jf⟩=2.7e-04, ⟨B·n⟩=4.1e-03, Len=sum([5.2, 5.2, 4.9])=15.4, ϰ=[5.5, 6.7, 5.9], ∫ϰ²/L>=[5.0, 7.1, 8.1], C-C-Sep=0.20, ║∇J║=4.5e-05
Iteration 1516/2000-----
currents: [100000.0, 99999.99951214514, 99999.99918677186]
J=3.0e-04, ⟨Jf⟩=2.7e-04, ⟨B·n⟩=4.1e-03, Len=sum([5.2, 5.2, 4.9])=15.4, ϰ=[5.5, 6.7, 5.9], ∫ϰ²/L>=[5.0, 7.1, 8.1], C-C-Sep=0.20, ║∇J║=3.9e-05
Iteration 1517/2000-----
currents: [100000.0, 99999.99950944078, 99999.99918226119]
J=3.0e-04, ⟨Jf⟩=2.7e-04, ⟨B·n⟩=4.1e-03, Len=sum([5.2, 5.2, 4.9])=15.4, ϰ=[5.5, 6.7, 5.9], ∫ϰ²/L>=[5.0, 7.1, 8.1], C-C-Sep=0.20, ║∇J║=5.9e-05
Iteration 1518/2000-----
currents: [100000.0, 99999.99950686883, 99999.9991779712]
J=3.0e-04, ⟨Jf⟩=2.7e-04, ⟨B·n⟩=4.1e-03, Len=sum([5.2, 5.2, 4.9])=15.4, ϰ=[5.5, 6.7, 5.9], ∫ϰ²/L>=[5.0, 7.1, 8.1], C-C-Sep=0.20, ║∇J║=6.9e-05
Iteration 1519/2000-----
currents: [100000.0, 99999.9995038341, 99999.99917291015]
J=3.0e-04, ⟨Jf⟩=2.7e-04, ⟨B·n⟩=4.1e-03, Len=sum([5.2, 5.2, 4.9])=15.4, ϰ=[5.5, 6.7, 5.9], ∫ϰ²/L>=[5.0, 7.1, 8.1], C-C-Sep=0.20, ║∇J║=7.2e-05
Iteration 1520/2000-----
currents: [100000.0, 99999.99949948966, 99999.99916566441]
J=3.0e-04, ⟨Jf⟩=2.7e-04, ⟨B·n⟩=4.1e-03, Len=sum([5.2, 5.2, 4.9])=15.4, ϰ=[5.5, 6.7, 5.9], ∫ϰ²/L>=[5.0, 7.1, 8.1], C-C-Sep=0.20, ║∇J║=8.6e-05
Iteration 1521/2000-----
currents: [100000.0, 99999.99949089612, 99999.99915133123]
J=3.0e-04, ⟨Jf⟩=2.7e-04, ⟨B·n⟩=4.1e-03, Len=sum([5.2, 5.2, 4.9])=15.4, ϰ=[5.5, 6.7, 5.9], ∫ϰ²/L>=[5.0, 7.1, 8.1], C-C-Sep=0.20, ║∇J║=1.6e-04
Iteration 1522/2000-----
currents: [100000.0, 99999.99949624292, 99999.99916024918]
J=3.0e-04, ⟨Jf⟩=2.7e-04, ⟨B·n⟩=4.1e-03, Len=sum([5.2, 5.2, 4.9])=15.4, ϰ=[5.5, 6.7, 5.9], ∫ϰ²/L>=[5.0, 7.1, 8.1], C-C-Sep=0.20, ║∇J║=9.2e-05
Iteration 1523/2000-----
currents: [100000.0, 99999.9994937796, 99999.99915614058]
J=3.0e-04, ⟨Jf⟩=2.7e-04, ⟨B·n⟩=4.1e-03, Len=sum([5.2, 5.2, 4.9])=15.4, ϰ=[5.5, 6.7, 5.9], ∫ϰ²/L>=[5.0, 7.1, 8.1], C-C-Sep=0.20, ║∇J║=2.3e-04
Iteration 1524/2000-----
currents: [100000.0, 99999.9994952583, 99999.99915860691]
J=3.0e-04, ⟨Jf⟩=2.7e-04, ⟨B·n⟩=4.1e-03, Len=sum([5.2, 5.2, 4.9])=15.4, ϰ=[5.5, 6.7, 5.9], ∫ϰ²/L>=[5.0, 7.1, 8.1], C-C-Sep=0.20, ║∇J║=1.1e-04
Iteration 1525/2000-----
currents: [100000.0, 99999.99949272492, 99999.99915438119]
J=3.0e-04, ⟨Jf⟩=2.7e-04, ⟨B·n⟩=4.1e-03, Len=sum([5.2, 5.2, 4.9])=15.4, ϰ=[5.5, 6.7, 5.9], ∫ϰ²/L>=[5.0, 7.1, 8.1], C-C-Sep=0.20, ║∇J║=8.4e-05
Iteration 1526/2000-----
currents: [100000.0, 99999.99949032618, 99999.9991503794]
J=3.0e-04, ⟨Jf⟩=2.7e-04, ⟨B·n⟩=4.1e-03, Len=sum([5.2, 5.2, 4.9])=15.4, ϰ=[5.5, 6.7, 5.9], ∫ϰ²/L>=[5.0, 7.1, 8.1], C-C-Sep=0.20, ║∇J║=7.3e-05
Iteration 1527/2000-----
currents: [100000.0, 99999.99948892274, 99999.99914803854]
J=3.0e-04, ⟨Jf⟩=2.7e-04, ⟨B·n⟩=4.1e-03, Len=sum([5.2, 5.2, 4.9])=15.4, ϰ=[5.5, 6.7, 5.9], ∫ϰ²/L>=[5.0, 7.1, 8.1], C-C-Sep=0.20, ║∇J║=6.8e-05
Iteration 1528/2000-----
currents: [100000.0, 99999.99948622854, 99999.99914354454]
J=3.0e-04, ⟨Jf⟩=2.7e-04, ⟨B·n⟩=4.1e-03, Len=sum([5.2, 5.2, 4.9])=15.4, ϰ=[5.5, 6.7, 5.9], ∫ϰ²/L>=[5.0, 7.1, 8.1], C-C-Sep=0.20, ║∇J║=9.6e-05
Iteration 1529/2000-----
currents: [100000.0, 99999.9994844296, 99999.9991405443]
J=3.0e-04, ⟨Jf⟩=2.7e-04, ⟨B·n⟩=4.1e-03, Len=sum([5.2, 5.2, 4.9])=15.4, ϰ=[5.5, 6.7, 5.9], ∫ϰ²/L>=[5.0, 7.1, 8.1], C-C-Sep=0.20, ║∇J║=6.8e-05
Iteration 1530/2000-----
currents: [100000.0, 99999.99948418835, 99999.99914014265]
J=3.0e-04, ⟨Jf⟩=2.7e-04, ⟨B·n⟩=4.1e-03, Len=sum([5.2, 5.2, 4.9])=15.4, ϰ=[5.5, 6.7, 5.9], ∫ϰ²/L>=[5.0, 7.1, 8.1], C-C-Sep=0.20, ║∇J║=6.0e-05
Iteration 1531/2000-----
currents: [100000.0, 99999.99948071167, 99999.99913434364]
J=3.0e-04, ⟨Jf⟩=2.7e-04, ⟨B·n⟩=4.1e-03, Len=sum([5.2, 5.2, 4.9])=15.4, ϰ=[5.5, 6.7, 5.9], ∫ϰ²/L>=[5.0, 7.1, 8.1], C-C-Sep=0.20, ║∇J║=7.8e-05
Iteration 1532/2000-----
currents: [100000.0, 99999.99948102793, 99999.99913487138]
J=3.0e-04, ⟨Jf⟩=2.7e-04, ⟨B·n⟩=4.1e-03, Len=sum([5.2, 5.2, 4.9])=15.4, ϰ=[5.5, 6.7, 5.9], ∫ϰ²/L>=[5.0, 7.1, 8.1], C-C-Sep=0.20, ║∇J║=6.6e-05
Iteration 1533/2000-----
currents: [100000.0, 99999.99947932198, 99999.99913202628]
J=3.0e-04, ⟨Jf⟩=2.7e-04, ⟨B·n⟩=4.1e-03, Len=sum([5.2, 5.2, 4.9])=15.4, ϰ=[5.5, 6.7, 5.9], ∫ϰ²/L>=[5.0, 7.1, 8.1], C-C-Sep=0.20, ║∇J║=5.9e-05
Iteration 1534/2000-----
currents: [100000.0, 99999.99947753477, 99999.99912904477]
J=3.0e-04, ⟨Jf⟩=2.7e-04, ⟨B·n⟩=4.1e-03, Len=sum([5.2, 5.2, 4.9])=15.4, ϰ=[5.5, 6.7, 5.9], ∫ϰ²/L>=[5.0, 7.1, 8.1], C-C-Sep=0.20, ║∇J║=6.0e-05
Iteration 1535/2000-----
currents: [100000.0, 99999.99947469929, 99999.99912431593]
J=3.0e-04, ⟨Jf⟩=2.7e-04, ⟨B·n⟩=4.1e-03, Len=sum([5.2, 5.2, 4.9])=15.4, ϰ=[5.5, 6.7, 5.9], ∫ϰ²/L>=[5.0, 7.1, 8.1], C-C-Sep=0.20, ║∇J║=6.1e-05
Iteration 1536/2000-----
currents: [100000.0, 99999.9994710486, 99999.99911822712]
J=3.0e-04, ⟨Jf⟩=2.7e-04, ⟨B·n⟩=4.1e-03, Len=sum([5.2, 5.2, 4.9])=15.4, ϰ=[5.5, 6.7, 5.9], ∫ϰ²/L>=[5.0, 7.1, 8.1], C-C-Sep=0.20, ║∇J║=6.8e-05
Iteration 1537/2000-----
currents: [100000.0, 99999.99946559117, 99999.99910912503]
J=3.0e-04, ⟨Jf⟩=2.7e-04, ⟨B·n⟩=4.1e-03, Len=sum([5.2, 5.2, 4.9])=15.4, ϰ=[5.5, 6.7, 5.9], ∫ϰ²/L>=[5.0, 7.1, 8.1], C-C-Sep=0.20, ║∇J║=9.8e-05
Iteration 1538/2000-----
currents: [100000.0, 99999.99946220602, 99999.99910347875]
J=3.0e-04, ⟨Jf⟩=2.7e-04, ⟨B·n⟩=4.1e-03, Len=sum([5.2, 5.2, 4.9])=15.4, ϰ=[5.5, 6.7, 5.9], ∫ϰ²/L>=[5.0, 7.1, 8.1], C-C-Sep=0.20, ║∇J║=8.4e-05
Iteration 1539/2000-----
currents: [100000.0, 99999.99944045368, 99999.99906719702]
J=3.0e-04, ⟨Jf⟩=2.7e-04, ⟨B·n⟩=4.1e-03, Len=sum([5.2, 5.2, 4.9])=15.4, ϰ=[5.5, 6.7, 5.9], ∫ϰ²/L>=[5.0, 7.1, 8.1], C-C-Sep=0.20, ║∇J║=3.8e-04
Iteration 1540/2000-----
currents: [100000.0, 99999.9994572857, 99999.99909527192]
J=3.0e-04, ⟨Jf⟩=2.7e-04, ⟨B·n⟩=4.1e-03, Len=sum([5.2, 5.2, 4.9])=15.4, ϰ=[5.5, 6.7, 5.9], ∫ϰ²/L>=[5.0, 7.1, 8.1], C-C-Sep=0.20, ║∇J║=1.1e-04
Iteration 1541/2000-----
currents: [100000.0, 99999.99944918882, 99999.99908176545]
J=3.0e-04, ⟨Jf⟩=2.7e-04, ⟨B·n⟩=4.1e-03, Len=sum([5.2, 5.2, 4.9])=15.4, ϰ=[5.5, 6.7, 5.9], ∫ϰ²/L>=[5.0, 7.1, 8.1], C-C-Sep=0.20, ║∇J║=1.6e-04
Iteration 1542/2000-----
currents: [100000.0, 99999.9994476983, 99999.99907927947]
J=3.0e-04, ⟨Jf⟩=2.7e-04, ⟨B·n⟩=4.1e-03, Len=sum([5.2, 5.2, 4.9])=15.4, ϰ=[5.5, 6.7, 5.9], ∫ϰ²/L>=[5.0, 7.1, 8.1], C-C-Sep=0.20, ║∇J║=1.7e-04
Iteration 1543/2000-----
currents: [100000.0, 99999.9994463043, 99999.99907695338]
J=3.0e-04, ⟨Jf⟩=2.7e-04, ⟨B·n⟩=4.1e-03, Len=sum([5.2, 5.2, 4.9])=15.4, ϰ=[5.5, 6.7, 5.9], ∫ϰ²/L>=[5.0, 7.1, 8.1], C-C-Sep=0.20, ║∇J║=9.4e-05
Iteration 1544/2000-----
currents: [100000.0, 99999.99944437295, 99999.9990737313]
J=3.0e-04, ⟨Jf⟩=2.7e-04, ⟨B·n⟩=4.1e-03, Len=sum([5.2, 5.2, 4.9])=15.4, ϰ=[5.5, 6.7, 5.9], ∫ϰ²/L>=[5.0, 7.1, 8.1], C-C-Sep=0.20, ║∇J║=8.9e-05
Iteration 1545/2000-----
currents: [100000.0, 99999.99944232772, 99999.99907031989]
J=3.0e-04, ⟨Jf⟩=2.7e-04, ⟨B·n⟩=4.1e-03, Len=sum([5.2, 5.2, 4.9])=15.4, ϰ=[5.5, 6.7, 5.9], ∫ϰ²/L>=[5.0, 7.1, 8.1], C-C-Sep=0.20, ║∇J║=8.3e-05
Iteration 1546/2000-----
currents: [100000.0, 99999.999438507, 99999.99906394715]
J=3.0e-04, ⟨Jf⟩=2.7e-04, ⟨B·n⟩=4.1e-03, Len=sum([5.2, 5.2, 4.9])=15.4, ϰ=[5.5, 6.7, 5.9], ∫ϰ²/L>=[5.0, 7.1, 8.1], C-C-Sep=0.20, ║∇J║=1.0e-04
Iteration 1547/2000-----
currents: [100000.0, 99999.99943795074, 99999.99906301845]
J=3.0e-04, ⟨Jf⟩=2.7e-04, ⟨B·n⟩=4.1e-03, Len=sum([5.2, 5.2, 4.9])=15.4, ϰ=[5.5, 6.7, 5.9], ∫ϰ²/L>=[5.0, 7.1, 8.1], C-C-Sep=0.20, ║∇J║=1.2e-04
Iteration 1548/2000-----
currents: [100000.0, 99999.99943144043, 99999.99905215958]
J=3.0e-04, ⟨Jf⟩=2.7e-04, ⟨B·n⟩=4.1e-03, Len=sum([5.2, 5.2, 4.9])=15.4, ϰ=[5.5, 6.7, 5.9], ∫ϰ²/L>=[5.0, 7.1, 8.1], C-C-Sep=0.20, ║∇J║=1.6e-04
Iteration 1549/2000-----
currents: [100000.0, 99999.99943314702, 99999.99905500705]
J=3.0e-04, ⟨Jf⟩=2.7e-04, ⟨B·n⟩=4.1e-03, Len=sum([5.2, 5.2, 4.9])=15.4, ϰ=[5.5, 6.7, 5.9], ∫ϰ²/L>=[5.0, 7.1, 8.1], C-C-Sep=0.20, ║∇J║=9.6e-05
Iteration 1550/2000-----
currents: [100000.0, 99999.99943260045, 99999.99905409511]
J=3.0e-04, ⟨Jf⟩=2.7e-04, ⟨B·n⟩=4.1e-03, Len=sum([5.2, 5.2, 4.9])=15.4, ϰ=[5.5, 6.7, 5.9], ∫ϰ²/L>=[5.0, 7.1, 8.1], C-C-Sep=0.20, ║∇J║=5.4e-05
Iteration 1551/2000-----
currents: [100000.0, 99999.9994297532, 99999.99904934595]
J=3.0e-04, ⟨Jf⟩=2.7e-04, ⟨B·n⟩=4.1e-03, Len=sum([5.2, 5.2, 4.9])=15.4, ϰ=[5.5, 6.7, 5.9], ∫ϰ²/L>=[5.0, 7.1, 8.1], C-C-Sep=0.20, ║∇J║=6.4e-05
Iteration 1552/2000-----
currents: [100000.0, 99999.99942497665, 99999.99904137908]
J=3.0e-04, ⟨Jf⟩=2.7e-04, ⟨B·n⟩=4.1e-03, Len=sum([5.2, 5.2, 4.9])=15.4, ϰ=[5.5, 6.7, 5.9], ∫ϰ²/L>=[5.0, 7.1, 8.1], C-C-Sep=0.20, ║∇J║=8.7e-05
Iteration 1553/2000-----
currents: [100000.0, 99999.9994257486, 99999.99904266812]
J=3.0e-04, ⟨Jf⟩=2.7e-04, ⟨B·n⟩=4.1e-03, Len=sum([5.2, 5.2, 4.9])=15.4, ϰ=[5.5, 6.7, 5.9], ∫ϰ²/L>=[5.0, 7.1, 8.1], C-C-Sep=0.20, ║∇J║=1.0e-04
Iteration 1554/2000-----
currents: [100000.0, 99999.99942529597, 99999.99904191433]
J=3.0e-04, ⟨Jf⟩=2.7e-04, ⟨B·n⟩=4.1e-03, Len=sum([5.2, 5.2, 4.9])=15.4, ϰ=[5.5, 6.7, 5.9], ∫ϰ²/L>=[5.0, 7.1, 8.1], C-C-Sep=0.20, ║∇J║=8.3e-05
Iteration 1555/2000-----
currents: [100000.0, 99999.99942414499, 99999.99903999496]
J=3.0e-04, ⟨Jf⟩=2.7e-04, ⟨B·n⟩=4.1e-03, Len=sum([5.2, 5.2, 4.9])=15.4, ϰ=[5.5, 6.7, 5.9], ∫ϰ²/L>=[5.0, 7.1, 8.1], C-C-Sep=0.20, ║∇J║=6.9e-05
Iteration 1556/2000-----
currents: [100000.0, 99999.99942230257, 99999.99903692275]
J=3.0e-04, ⟨Jf⟩=2.7e-04, ⟨B·n⟩=4.1e-03, Len=sum([5.2, 5.2, 4.9])=15.4, ϰ=[5.5, 6.7, 5.9], ∫ϰ²/L>=[5.0, 7.1, 8.1], C-C-Sep=0.20, ║∇J║=8.0e-05
Iteration 1557/2000-----
currents: [100000.0, 99999.99942042574, 99999.99903379315]
J=3.0e-04, ⟨Jf⟩=2.7e-04, ⟨B·n⟩=4.1e-03, Len=sum([5.2, 5.2, 4.9])=15.4, ϰ=[5.5, 6.7, 5.9], ∫ϰ²/L>=[5.0, 7.1, 8.1], C-C-Sep=0.20, ║∇J║=7.7e-05
Iteration 1558/2000-----
currents: [100000.0, 99999.99941911043, 99999.99903159941]
J=3.0e-04, ⟨Jf⟩=2.7e-04, ⟨B·n⟩=4.1e-03, Len=sum([5.2, 5.2, 4.9])=15.4, ϰ=[5.5, 6.7, 5.9], ∫ϰ²/L>=[5.0, 7.1, 8.1], C-C-Sep=0.20, ║∇J║=6.6e-05
Iteration 1559/2000-----
currents: [100000.0, 99999.99941720882, 99999.99902842754]
J=3.0e-04, ⟨Jf⟩=2.7e-04, ⟨B·n⟩=4.1e-03, Len=sum([5.2, 5.2, 4.9])=15.4, ϰ=[5.5, 6.7, 5.9], ∫ϰ²/L>=[5.0, 7.1, 8.1], C-C-Sep=0.20, ║∇J║=7.0e-05
Iteration 1560/2000-----
currents: [100000.0, 99999.99941485228, 99999.9990244974]
J=3.0e-04, ⟨Jf⟩=2.7e-04, ⟨B·n⟩=4.1e-03, Len=sum([5.2, 5.2, 4.9])=15.4, ϰ=[5.5, 6.7, 5.9], ∫ϰ²/L>=[5.0, 7.1, 8.1], C-C-Sep=0.20, ║∇J║=6.5e-05
Iteration 1561/2000-----
currents: [100000.0, 99999.99941174427, 99999.99901931359]
J=3.0e-04, ⟨Jf⟩=2.7e-04, ⟨B·n⟩=4.1e-03, Len=sum([5.2, 5.2, 4.9])=15.4, ϰ=[5.5, 6.7, 5.9], ∫ϰ²/L>=[5.0, 7.1, 8.1], C-C-Sep=0.20, ║∇J║=7.6e-05
Iteration 1562/2000-----
currents: [100000.0, 99999.99940671463, 99999.99901092447]
J=3.0e-04, ⟨Jf⟩=2.7e-04, ⟨B·n⟩=4.1e-03, Len=sum([5.2, 5.2, 4.9])=15.4, ϰ=[5.5, 6.7, 5.9], ∫ϰ²/L>=[5.0, 7.1, 8.1], C-C-Sep=0.20, ║∇J║=1.2e-04
Iteration 1563/2000-----
currents: [100000.0, 99999.99940846214, 99999.99901383958]
J=3.0e-04, ⟨Jf⟩=2.7e-04, ⟨B·n⟩=4.1e-03, Len=sum([5.2, 5.2, 4.9])=15.4, ϰ=[5.5, 6.7, 5.9], ∫ϰ²/L>=[5.0, 7.1, 8.1], C-C-Sep=0.20, ║∇J║=9.9e-05
Iteration 1564/2000-----
currents: [100000.0, 99999.9994056981, 99999.9990092303]
J=3.0e-04, ⟨Jf⟩=2.7e-04, ⟨B·n⟩=4.1e-03, Len=sum([5.2, 5.2, 4.9])=15.4, ϰ=[5.5, 6.7, 5.9], ∫ϰ²/L>=[5.0, 7.1, 8.1], C-C-Sep=0.20, ║∇J║=1.1e-04
Iteration 1565/2000-----
currents: [100000.0, 99999.99940633446, 99999.99901029078]
J=3.0e-04, ⟨Jf⟩=2.7e-04, ⟨B·n⟩=4.1e-03, Len=sum([5.2, 5.2, 4.9])=15.4, ϰ=[5.5, 6.7, 5.9], ∫ϰ²/L>=[5.0, 7.1, 8.1], C-C-Sep=0.20, ║∇J║=7.6e-05
Iteration 1566/2000-----
currents: [100000.0, 99999.99940397315, 99999.9990063527]
J=3.0e-04, ⟨Jf⟩=2.7e-04, ⟨B·n⟩=4.1e-03, Len=sum([5.2, 5.2, 4.9])=15.4, ϰ=[5.5, 6.7, 5.9], ∫ϰ²/L>=[5.0, 7.1, 8.1], C-C-Sep=0.20, ║∇J║=7.9e-05
Iteration 1567/2000-----
currents: [100000.0, 99999.99940202771, 99999.99900310753]
J=3.0e-04, ⟨Jf⟩=2.7e-04, ⟨B·n⟩=4.1e-03, Len=sum([5.2, 5.2, 4.9])=15.4, ϰ=[5.5, 6.7, 5.9], ∫ϰ²/L>=[5.0, 7.1, 8.1], C-C-Sep=0.20, ║∇J║=5.2e-05
Iteration 1568/2000-----
currents: [100000.0, 99999.99939841405, 99999.99899708114]
J=3.0e-04, ⟨Jf⟩=2.7e-04, ⟨B·n⟩=4.1e-03, Len=sum([5.2, 5.2, 4.9])=15.4, ϰ=[5.5, 6.7, 5.9], ∫ϰ²/L>=[5.0, 7.1, 8.1], C-C-Sep=0.20, ║∇J║=6.8e-05
Iteration 1569/2000-----
currents: [100000.0, 99999.9993982501, 99999.99899680798]
J=3.0e-04, ⟨Jf⟩=2.7e-04, ⟨B·n⟩=4.1e-03, Len=sum([5.2, 5.2, 4.9])=15.4, ϰ=[5.5, 6.7, 5.9], ∫ϰ²/L>=[5.0, 7.1, 8.1], C-C-Sep=0.20, ║∇J║=7.0e-05
Iteration 1570/2000-----
currents: [100000.0, 99999.99939685757, 99999.99899448553]
J=3.0e-04, ⟨Jf⟩=2.7e-04, ⟨B·n⟩=4.1e-03, Len=sum([5.2, 5.2, 4.9])=15.4, ϰ=[5.5, 6.7, 5.9], ∫ϰ²/L>=[5.0, 7.1, 8.1], C-C-Sep=0.20, ║∇J║=6.1e-05
Iteration 1571/2000-----
currents: [100000.0, 99999.99939488788, 99999.99899120105]
J=3.0e-04, ⟨Jf⟩=2.7e-04, ⟨B·n⟩=4.1e-03, Len=sum([5.2, 5.2, 4.9])=15.4, ϰ=[5.5, 6.7, 5.9], ∫ϰ²/L>=[5.0, 7.1, 8.1], C-C-Sep=0.20, ║∇J║=8.9e-05
Iteration 1572/2000-----
currents: [100000.0, 99999.99939421586, 99999.99899008086]
J=3.0e-04, ⟨Jf⟩=2.7e-04, ⟨B·n⟩=4.1e-03, Len=sum([5.2, 5.2, 4.9])=15.4, ϰ=[5.5, 6.7, 5.9], ∫ϰ²/L>=[5.0, 7.1, 8.1], C-C-Sep=0.20, ║∇J║=7.5e-05
Iteration 1573/2000-----
currents: [100000.0, 99999.99939348384, 99999.99898885975]
J=3.0e-04, ⟨Jf⟩=2.7e-04, ⟨B·n⟩=4.1e-03, Len=sum([5.2, 5.2, 4.9])=15.4, ϰ=[5.5, 6.7, 5.9], ∫ϰ²/L>=[5.0, 7.1, 8.1], C-C-Sep=0.20, ║∇J║=5.6e-05
Iteration 1574/2000-----
currents: [100000.0, 99999.99939201491, 99999.9989864095]
J=3.0e-04, ⟨Jf⟩=2.7e-04, ⟨B·n⟩=4.1e-03, Len=sum([5.2, 5.2, 4.9])=15.4, ϰ=[5.5, 6.7, 5.9], ∫ϰ²/L>=[5.0, 7.1, 8.1], C-C-Sep=0.20, ║∇J║=5.3e-05
Iteration 1575/2000-----
currents: [100000.0, 99999.99939160775, 99999.99898573065]
J=3.0e-04, ⟨Jf⟩=2.7e-04, ⟨B·n⟩=4.1e-03, Len=sum([5.2, 5.2, 4.9])=15.4, ϰ=[5.5, 6.7, 5.9], ∫ϰ²/L>=[5.0, 7.1, 8.1], C-C-Sep=0.20, ║∇J║=6.7e-05
Iteration 1576/2000-----
currents: [100000.0, 99999.99938987213, 99999.99898283603]
J=3.0e-04, ⟨Jf⟩=2.7e-04, ⟨B·n⟩=4.1e-03, Len=sum([5.2, 5.2, 4.9])=15.4, ϰ=[5.5, 6.7, 5.9], ∫ϰ²/L>=[5.0, 7.1, 8.1], C-C-Sep=0.20, ║∇J║=5.7e-05
Iteration 1577/2000-----
currents: [100000.0, 99999.99938896886, 99999.99898132976]
J=3.0e-04, ⟨Jf⟩=2.7e-04, ⟨B·n⟩=4.1e-03, Len=sum([5.2, 5.2, 4.9])=15.4, ϰ=[5.5, 6.7, 5.9], ∫ϰ²/L>=[5.0, 7.1, 8.1], C-C-Sep=0.20, ║∇J║=4.5e-05
Iteration 1578/2000-----
currents: [100000.0, 99999.99938712067, 99999.9989782476]
J=3.0e-04, ⟨Jf⟩=2.7e-04, ⟨B·n⟩=4.1e-03, Len=sum([5.2, 5.2, 4.9])=15.4, ϰ=[5.5, 6.7, 5.9], ∫ϰ²/L>=[5.0, 7.1, 8.1], C-C-Sep=0.20, ║∇J║=5.1e-05
Iteration 1579/2000-----
currents: [100000.0, 99999.99938662941, 99999.99897742849]
J=3.0e-04, ⟨Jf⟩=2.7e-04, ⟨B·n⟩=4.1e-03, Len=sum([5.2, 5.2, 4.9])=15.4, ϰ=[5.5, 6.7, 5.9], ∫ϰ²/L>=[5.0, 7.1, 8.1], C-C-Sep=0.20, ║∇J║=4.8e-05
Iteration 1580/2000-----
currents: [100000.0, 99999.99938501493, 99999.99897473618]
J=3.0e-04, ⟨Jf⟩=2.7e-04, ⟨B·n⟩=4.1e-03, Len=sum([5.2, 5.2, 4.9])=15.4, ϰ=[5.5, 6.7, 5.9], ∫ϰ²/L>=[5.0, 7.1, 8.1], C-C-Sep=0.20, ║∇J║=4.9e-05
Iteration 1581/2000-----
currents: [100000.0, 99999.99938310267, 99999.99897154706]
J=3.0e-04, ⟨Jf⟩=2.7e-04, ⟨B·n⟩=4.1e-03, Len=sum([5.2, 5.2, 4.9])=15.4, ϰ=[5.5, 6.7, 5.9], ∫ϰ²/L>=[5.0, 7.1, 8.1], C-C-Sep=0.20, ║∇J║=4.9e-05
Iteration 1582/2000-----
currents: [100000.0, 99999.99937987559, 99999.9989661653]
J=3.0e-04, ⟨Jf⟩=2.7e-04, ⟨B·n⟩=4.1e-03, Len=sum([5.2, 5.2, 4.9])=15.4, ϰ=[5.5, 6.7, 5.9], ∫ϰ²/L>=[5.0, 7.1, 8.1], C-C-Sep=0.20, ║∇J║=6.9e-05
Iteration 1583/2000-----
currents: [100000.0, 99999.99937946508, 99999.99896548028]
J=3.0e-04, ⟨Jf⟩=2.7e-04, ⟨B·n⟩=4.1e-03, Len=sum([5.2, 5.2, 4.9])=15.4, ϰ=[5.5, 6.7, 5.9], ∫ϰ²/L>=[5.0, 7.1, 8.1], C-C-Sep=0.20, ║∇J║=7.3e-05
Iteration 1584/2000-----
currents: [100000.0, 99999.99937773097, 99999.99896258817]
J=3.0e-04, ⟨Jf⟩=2.7e-04, ⟨B·n⟩=4.1e-03, Len=sum([5.2, 5.2, 4.9])=15.4, ϰ=[5.5, 6.7, 5.9], ∫ϰ²/L>=[5.0, 7.1, 8.1], C-C-Sep=0.20, ║∇J║=5.4e-05
Iteration 1585/2000-----
currents: [100000.0, 99999.99937680914, 99999.99896105062]
J=3.0e-04, ⟨Jf⟩=2.7e-04, ⟨B·n⟩=4.1e-03, Len=sum([5.2, 5.2, 4.9])=15.4, ϰ=[5.5, 6.7, 5.9], ∫ϰ²/L>=[5.0, 7.1, 8.1], C-C-Sep=0.20, ║∇J║=5.4e-05
Iteration 1586/2000-----
currents: [100000.0, 99999.99937500569, 99999.99895804268]
J=3.0e-04, ⟨Jf⟩=2.7e-04, ⟨B·n⟩=4.1e-03, Len=sum([5.2, 5.2, 4.9])=15.4, ϰ=[5.5, 6.7, 5.9], ∫ϰ²/L>=[5.0, 7.1, 8.1], C-C-Sep=0.20, ║∇J║=5.2e-05
Iteration 1587/2000-----
currents: [100000.0, 99999.99937438434, 99999.99895700603]
J=3.0e-04, ⟨Jf⟩=2.7e-04, ⟨B·n⟩=4.1e-03, Len=sum([5.2, 5.2, 4.9])=15.4, ϰ=[5.5, 6.7, 5.9], ∫ϰ²/L>=[5.0, 7.1, 8.1], C-C-Sep=0.20, ║∇J║=5.6e-05
Iteration 1588/2000-----
currents: [100000.0, 99999.99937049493, 99999.99895051912]
J=3.0e-04, ⟨Jf⟩=2.7e-04, ⟨B·n⟩=4.1e-03, Len=sum([5.2, 5.2, 4.9])=15.4, ϰ=[5.5, 6.7, 5.9], ∫ϰ²/L>=[5.0, 7.1, 8.1], C-C-Sep=0.20, ║∇J║=9.2e-05
Iteration 1589/2000-----
currents: [100000.0, 99999.99937111982, 99999.9989515615]
J=3.0e-04, ⟨Jf⟩=2.7e-04, ⟨B·n⟩=4.1e-03, Len=sum([5.2, 5.2, 4.9])=15.4, ϰ=[5.5, 6.7, 5.9], ∫ϰ²/L>=[5.0, 7.1, 8.1], C-C-Sep=0.20, ║∇J║=4.9e-05
Iteration 1590/2000-----
currents: [100000.0, 99999.99937098705, 99999.99895134015]
J=3.0e-04, ⟨Jf⟩=2.7e-04, ⟨B·n⟩=4.1e-03, Len=sum([5.2, 5.2, 4.9])=15.4, ϰ=[5.5, 6.7, 5.9], ∫ϰ²/L>=[5.0, 7.1, 8.1], C-C-Sep=0.20, ║∇J║=4.1e-05
Iteration 1591/2000-----
currents: [100000.0, 99999.99937001424, 99999.99894971802]
J=3.0e-04, ⟨Jf⟩=2.7e-04, ⟨B·n⟩=4.1e-03, Len=sum([5.2, 5.2, 4.9])=15.4, ϰ=[5.5, 6.7, 5.9], ∫ϰ²/L>=[5.0, 7.1, 8.1], C-C-Sep=0.20, ║∇J║=4.9e-05
Iteration 1592/2000-----
currents: [100000.0, 99999.99936828237, 99999.9989468299]
J=3.0e-04, ⟨Jf⟩=2.7e-04, ⟨B·n⟩=4.1e-03, Len=sum([5.2, 5.2, 4.9])=15.4, ϰ=[5.5, 6.7, 5.9], ∫ϰ²/L>=[5.0, 7.1, 8.1], C-C-Sep=0.20, ║∇J║=5.5e-05
Iteration 1593/2000-----
currents: [100000.0, 99999.9993665657, 99999.99894396725]
J=3.0e-04, ⟨Jf⟩=2.7e-04, ⟨B·n⟩=4.1e-03, Len=sum([5.2, 5.2, 4.9])=15.4, ϰ=[5.5, 6.7, 5.9], ∫ϰ²/L>=[5.0, 7.1, 8.1], C-C-Sep=0.20, ║∇J║=6.1e-05
Iteration 1594/2000-----
currents: [100000.0, 99999.9993657078, 99999.99894253665]
J=3.0e-04, ⟨Jf⟩=2.7e-04, ⟨B·n⟩=4.1e-03, Len=sum([5.2, 5.2, 4.9])=15.4, ϰ=[5.5, 6.7, 5.9], ∫ϰ²/L>=[5.0, 7.1, 8.1], C-C-Sep=0.20, ║∇J║=5.0e-05
Iteration 1595/2000-----
currents: [100000.0, 99999.99936449777, 99999.99894051884]
J=3.0e-04, ⟨Jf⟩=2.7e-04, ⟨B·n⟩=4.1e-03, Len=sum([5.2, 5.2, 4.9])=15.4, ϰ=[5.5, 6.7, 5.9], ∫ϰ²/L>=[5.0, 7.1, 8.1], C-C-Sep=0.20, ║∇J║=4.6e-05
Iteration 1596/2000-----
currents: [100000.0, 99999.99936329141, 99999.9989385072]
J=3.0e-04, ⟨Jf⟩=2.7e-04, ⟨B·n⟩=4.1e-03, Len=sum([5.2, 5.2, 4.9])=15.4, ϰ=[5.5, 6.7, 5.9], ∫ϰ²/L>=[5.0, 7.1, 8.1], C-C-Sep=0.20, ║∇J║=6.2e-05
Iteration 1597/2000-----
currents: [100000.0, 99999.9993620371, 99999.99893641555]
J=3.0e-04, ⟨Jf⟩=2.7e-04, ⟨B·n⟩=4.1e-03, Len=sum([5.2, 5.2, 4.9])=15.4, ϰ=[5.5, 6.7, 5.9], ∫ϰ²/L>=[5.0, 7.1, 8.1], C-C-Sep=0.20, ║∇J║=4.6e-05
Iteration 1598/2000-----
currents: [100000.0, 99999.99936044219, 99999.99893375595]
J=3.0e-04, ⟨Jf⟩=2.7e-04, ⟨B·n⟩=4.1e-03, Len=sum([5.2, 5.2, 4.9])=15.4, ϰ=[5.5, 6.7, 5.9], ∫ϰ²/L>=[5.0, 7.1, 8.1], C-C-Sep=0.20, ║∇J║=4.6e-05
Iteration 1599/2000-----
currents: [100000.0, 99999.99936047626, 99999.99893381295]
J=3.0e-04, ⟨Jf⟩=2.7e-04, ⟨B·n⟩=4.1e-03, Len=sum([5.2, 5.2, 4.9])=15.4, ϰ=[5.5, 6.7, 5.9], ∫ϰ²/L>=[5.0, 7.1, 8.1], C-C-Sep=0.20, ║∇J║=5.0e-05
Iteration 1600/2000-----
currents: [100000.0, 99999.99935748984, 99999.99892883246]
J=3.0e-04, ⟨Jf⟩=2.7e-04, ⟨B·n⟩=4.1e-03, Len=sum([5.2, 5.2, 4.9])=15.4, ϰ=[5.5, 6.7, 5.9], ∫ϰ²/L>=[5.0, 7.1, 8.1], C-C-Sep=0.20, ║∇J║=7.5e-05
Iteration 1601/2000-----
currents: [100000.0, 99999.9993583731, 99999.99893030591]
J=3.0e-04, ⟨Jf⟩=2.7e-04, ⟨B·n⟩=4.1e-03, Len=sum([5.2, 5.2, 4.9])=15.4, ϰ=[5.5, 6.7, 5.9], ∫ϰ²/L>=[5.0, 7.1, 8.1], C-C-Sep=0.20, ║∇J║=4.7e-05
Iteration 1602/2000-----
currents: [100000.0, 99999.99935792995, 99999.99892956694]
J=3.0e-04, ⟨Jf⟩=2.7e-04, ⟨B·n⟩=4.1e-03, Len=sum([5.2, 5.2, 4.9])=15.4, ϰ=[5.5, 6.7, 5.9], ∫ϰ²/L>=[5.0, 7.1, 8.1], C-C-Sep=0.20, ║∇J║=3.8e-05
Iteration 1603/2000-----
currents: [100000.0, 99999.99935708265, 99999.99892815422]
J=3.0e-04, ⟨Jf⟩=2.7e-04, ⟨B·n⟩=4.1e-03, Len=sum([5.2, 5.2, 4.9])=15.4, ϰ=[5.5, 6.7, 5.9], ∫ϰ²/L>=[5.0, 7.1, 8.1], C-C-Sep=0.20, ║∇J║=3.3e-05
Iteration 1604/2000-----
currents: [100000.0, 99999.99935451164, 99999.99892386692]
J=3.0e-04, ⟨Jf⟩=2.7e-04, ⟨B·n⟩=4.1e-03, Len=sum([5.2, 5.2, 4.9])=15.4, ϰ=[5.5, 6.7, 5.9], ∫ϰ²/L>=[5.0, 7.1, 8.1], C-C-Sep=0.20, ║∇J║=4.1e-05
Iteration 1605/2000-----
currents: [100000.0, 99999.99935265168, 99999.99892076533]
J=3.0e-04, ⟨Jf⟩=2.7e-04, ⟨B·n⟩=4.1e-03, Len=sum([5.2, 5.2, 4.9])=15.4, ϰ=[5.5, 6.7, 5.9], ∫ϰ²/L>=[5.0, 7.1, 8.1], C-C-Sep=0.20, ║∇J║=5.9e-05
Iteration 1606/2000-----
currents: [100000.0, 99999.99935106502, 99999.9989181194]
J=3.0e-04, ⟨Jf⟩=2.7e-04, ⟨B·n⟩=4.1e-03, Len=sum([5.2, 5.2, 4.9])=15.4, ϰ=[5.5, 6.7, 5.9], ∫ϰ²/L>=[5.0, 7.1, 8.1], C-C-Sep=0.20, ║∇J║=5.1e-05
Iteration 1607/2000-----
currents: [100000.0, 99999.99935028607, 99999.99891682036]
J=3.0e-04, ⟨Jf⟩=2.7e-04, ⟨B·n⟩=4.1e-03, Len=sum([5.2, 5.2, 4.9])=15.4, ϰ=[5.5, 6.7, 5.9], ∫ϰ²/L>=[5.0, 7.1, 8.1], C-C-Sep=0.20, ║∇J║=4.4e-05
Iteration 1608/2000-----
currents: [100000.0, 99999.99934827613, 99999.99891346865]
J=3.0e-04, ⟨Jf⟩=2.7e-04, ⟨B·n⟩=4.1e-03, Len=sum([5.2, 5.2, 4.9])=15.4, ϰ=[5.5, 6.7, 5.9], ∫ϰ²/L>=[5.0, 7.1, 8.1], C-C-Sep=0.20, ║∇J║=4.9e-05
Iteration 1609/2000-----
currents: [100000.0, 99999.99934614447, 99999.99890991375]
J=3.0e-04, ⟨Jf⟩=2.7e-04, ⟨B·n⟩=4.1e-03, Len=sum([5.2, 5.2, 4.9])=15.4, ϰ=[5.5, 6.7, 5.9], ∫ϰ²/L>=[5.0, 7.1, 8.1], C-C-Sep=0.20, ║∇J║=5.4e-05
Iteration 1610/2000-----
currents: [100000.0, 99999.99934181319, 99999.9989026908]
J=3.0e-04, ⟨Jf⟩=2.7e-04, ⟨B·n⟩=4.1e-03, Len=sum([5.2, 5.2, 4.9])=15.4, ϰ=[5.5, 6.7, 5.9], ∫ϰ²/L>=[5.0, 7.1, 8.1], C-C-Sep=0.20, ║∇J║=7.1e-05
Iteration 1611/2000-----
currents: [100000.0, 99999.9993396161, 99999.99889902674]
J=3.0e-04, ⟨Jf⟩=2.7e-04, ⟨B·n⟩=4.1e-03, Len=sum([5.2, 5.2, 4.9])=15.4, ϰ=[5.5, 6.7, 5.9], ∫ϰ²/L>=[5.0, 7.1, 8.1], C-C-Sep=0.20, ║∇J║=7.8e-05
Iteration 1612/2000-----
currents: [100000.0, 99999.9993329296, 99999.99888787573]
J=3.0e-04, ⟨Jf⟩=2.7e-04, ⟨B·n⟩=4.1e-03, Len=sum([5.2, 5.2, 4.9])=15.4, ϰ=[5.5, 6.7, 5.9], ∫ϰ²/L>=[5.0, 7.1, 8.1], C-C-Sep=0.20, ║∇J║=1.1e-04
Iteration 1613/2000-----
currents: [100000.0, 99999.99933366444, 99999.99888910065]
J=3.0e-04, ⟨Jf⟩=2.7e-04, ⟨B·n⟩=4.1e-03, Len=sum([5.2, 5.2, 4.9])=15.4, ϰ=[5.5, 6.7, 5.9], ∫ϰ²/L>=[5.0, 7.1, 8.1], C-C-Sep=0.20, ║∇J║=9.0e-05
Iteration 1614/2000-----
currents: [100000.0, 99999.99933091672, 99999.99888451818]
J=3.0e-04, ⟨Jf⟩=2.7e-04, ⟨B·n⟩=4.1e-03, Len=sum([5.2, 5.2, 4.9])=15.4, ϰ=[5.5, 6.7, 5.9], ∫ϰ²/L>=[5.0, 7.1, 8.1], C-C-Sep=0.20, ║∇J║=7.6e-05
Iteration 1615/2000-----
currents: [100000.0, 99999.99932760176, 99999.99887898935]
J=3.0e-04, ⟨Jf⟩=2.7e-04, ⟨B·n⟩=4.1e-03, Len=sum([5.2, 5.2, 4.9])=15.4, ϰ=[5.5, 6.7, 5.9], ∫ϰ²/L>=[5.0, 7.1, 8.1], C-C-Sep=0.20, ║∇J║=7.8e-05
Iteration 1616/2000-----
currents: [100000.0, 99999.9993262816, 99999.99887678747]
J=3.0e-04, ⟨Jf⟩=2.7e-04, ⟨B·n⟩=4.1e-03, Len=sum([5.2, 5.2, 4.9])=15.4, ϰ=[5.5, 6.7, 5.9], ∫ϰ²/L>=[5.0, 7.1, 8.1], C-C-Sep=0.20, ║∇J║=8.1e-05
Iteration 1617/2000-----
currents: [100000.0, 99999.9993200802, 99999.99886644463]
J=3.0e-04, ⟨Jf⟩=2.7e-04, ⟨B·n⟩=4.1e-03, Len=sum([5.2, 5.2, 4.9])=15.4, ϰ=[5.5, 6.7, 5.9], ∫ϰ²/L>=[5.0, 7.1, 8.1], C-C-Sep=0.20, ║∇J║=1.1e-04
Iteration 1618/2000-----
currents: [100000.0, 99999.99932254701, 99999.99887055748]
J=3.0e-04, ⟨Jf⟩=2.7e-04, ⟨B·n⟩=4.1e-03, Len=sum([5.2, 5.2, 4.9])=15.4, ϰ=[5.5, 6.7, 5.9], ∫ϰ²/L>=[5.0, 7.1, 8.1], C-C-Sep=0.20, ║∇J║=1.4e-04
Iteration 1619/2000-----
currents: [100000.0, 99999.99932134857, 99999.99886855936]
J=3.0e-04, ⟨Jf⟩=2.7e-04, ⟨B·n⟩=4.1e-03, Len=sum([5.2, 5.2, 4.9])=15.4, ϰ=[5.5, 6.7, 5.9], ∫ϰ²/L>=[5.0, 7.1, 8.1], C-C-Sep=0.20, ║∇J║=8.7e-05
Iteration 1620/2000-----
currents: [100000.0, 99999.99932133412, 99999.99886853545]
J=3.0e-04, ⟨Jf⟩=2.7e-04, ⟨B·n⟩=4.1e-03, Len=sum([5.2, 5.2, 4.9])=15.4, ϰ=[5.5, 6.7, 5.9], ∫ϰ²/L>=[5.0, 7.1, 8.1], C-C-Sep=0.20, ║∇J║=1.0e-04
Iteration 1621/2000-----
currents: [100000.0, 99999.99932099335, 99999.99886796736]
J=3.0e-04, ⟨Jf⟩=2.7e-04, ⟨B·n⟩=4.1e-03, Len=sum([5.2, 5.2, 4.9])=15.4, ϰ=[5.5, 6.7, 5.9], ∫ϰ²/L>=[5.0, 7.1, 8.1], C-C-Sep=0.20, ║∇J║=5.9e-05
Iteration 1622/2000-----
currents: [100000.0, 99999.99931840776, 99999.99886365504]
J=3.0e-04, ⟨Jf⟩=2.7e-04, ⟨B·n⟩=4.1e-03, Len=sum([5.2, 5.2, 4.9])=15.4, ϰ=[5.5, 6.7, 5.9], ∫ϰ²/L>=[5.0, 7.1, 8.1], C-C-Sep=0.20, ║∇J║=5.7e-05
Iteration 1623/2000-----
currents: [100000.0, 99999.9993165465, 99999.99886055055]
J=3.0e-04, ⟨Jf⟩=2.7e-04, ⟨B·n⟩=4.1e-03, Len=sum([5.2, 5.2, 4.9])=15.4, ϰ=[5.5, 6.7, 5.9], ∫ϰ²/L>=[5.0, 7.1, 8.1], C-C-Sep=0.20, ║∇J║=6.8e-05
Iteration 1624/2000-----
currents: [100000.0, 99999.99931411474, 99999.99885649508]
J=3.0e-04, ⟨Jf⟩=2.7e-04, ⟨B·n⟩=4.1e-03, Len=sum([5.2, 5.2, 4.9])=15.4, ϰ=[5.5, 6.7, 5.9], ∫ϰ²/L>=[5.0, 7.1, 8.1], C-C-Sep=0.20, ║∇J║=6.2e-05
Iteration 1625/2000-----
currents: [100000.0, 99999.99931148927, 99999.99885211678]
J=3.0e-04, ⟨Jf⟩=2.7e-04, ⟨B·n⟩=4.1e-03, Len=sum([5.2, 5.2, 4.9])=15.4, ϰ=[5.5, 6.7, 5.9], ∫ϰ²/L>=[5.0, 7.1, 8.1], C-C-Sep=0.20, ║∇J║=7.6e-05
Iteration 1626/2000-----
currents: [100000.0, 99999.99930955519, 99999.99884889167]
J=3.0e-04, ⟨Jf⟩=2.7e-04, ⟨B·n⟩=4.1e-03, Len=sum([5.2, 5.2, 4.9])=15.4, ϰ=[5.5, 6.7, 5.9], ∫ϰ²/L>=[5.0, 7.1, 8.1], C-C-Sep=0.20, ║∇J║=6.3e-05
Iteration 1627/2000-----
currents: [100000.0, 99999.99930852909, 99999.99884718118]
J=3.0e-04, ⟨Jf⟩=2.7e-04, ⟨B·n⟩=4.1e-03, Len=sum([5.2, 5.2, 4.9])=15.4, ϰ=[5.5, 6.7, 5.9], ∫ϰ²/L>=[5.0, 7.1, 8.1], C-C-Sep=0.20, ║∇J║=5.5e-05
Iteration 1628/2000-----
currents: [100000.0, 99999.99930730608, 99999.99884514236]
J=3.0e-04, ⟨Jf⟩=2.7e-04, ⟨B·n⟩=4.1e-03, Len=sum([5.2, 5.2, 4.9])=15.4, ϰ=[5.5, 6.7, 5.9], ∫ϰ²/L>=[5.0, 7.1, 8.1], C-C-Sep=0.20, ║∇J║=5.3e-05
Iteration 1629/2000-----
currents: [100000.0, 99999.99930559634, 99999.99884229142]
J=3.0e-04, ⟨Jf⟩=2.7e-04, ⟨B·n⟩=4.1e-03, Len=sum([5.2, 5.2, 4.9])=15.4, ϰ=[5.5, 6.7, 5.9], ∫ϰ²/L>=[5.0, 7.1, 8.1], C-C-Sep=0.20, ║∇J║=5.8e-05
Iteration 1630/2000-----
currents: [100000.0, 99999.9993041263, 99999.99883984038]
J=3.0e-04, ⟨Jf⟩=2.7e-04, ⟨B·n⟩=4.1e-03, Len=sum([5.2, 5.2, 4.9])=15.4, ϰ=[5.5, 6.7, 5.9], ∫ϰ²/L>=[5.0, 7.1, 8.1], C-C-Sep=0.20, ║∇J║=8.4e-05
Iteration 1631/2000-----
currents: [100000.0, 99999.9993009792, 99999.99883459233]
J=3.0e-04, ⟨Jf⟩=2.7e-04, ⟨B·n⟩=4.1e-03, Len=sum([5.2, 5.2, 4.9])=15.4, ϰ=[5.5, 6.7, 5.9], ∫ϰ²/L>=[5.0, 7.1, 8.1], C-C-Sep=0.20, ║∇J║=7.5e-05
Iteration 1632/2000-----
currents: [100000.0, 99999.99930183767, 99999.99883602394]
J=3.0e-04, ⟨Jf⟩=2.7e-04, ⟨B·n⟩=4.1e-03, Len=sum([5.2, 5.2, 4.9])=15.4, ϰ=[5.5, 6.7, 5.9], ∫ϰ²/L>=[5.0, 7.1, 8.1], C-C-Sep=0.20, ║∇J║=8.1e-05
Iteration 1633/2000-----
currents: [100000.0, 99999.99929963642, 99999.99883235309]
J=3.0e-04, ⟨Jf⟩=2.7e-04, ⟨B·n⟩=4.1e-03, Len=sum([5.2, 5.2, 4.9])=15.4, ϰ=[5.5, 6.7, 5.9], ∫ϰ²/L>=[5.0, 7.1, 8.1], C-C-Sep=0.20, ║∇J║=6.1e-05
Iteration 1634/2000-----
currents: [100000.0, 99999.99929850629, 99999.99883046908]
J=3.0e-04, ⟨Jf⟩=2.7e-04, ⟨B·n⟩=4.1e-03, Len=sum([5.2, 5.2, 4.9])=15.4, ϰ=[5.5, 6.7, 5.9], ∫ϰ²/L>=[5.0, 7.1, 8.1], C-C-Sep=0.20, ║∇J║=5.2e-05
Iteration 1635/2000-----
currents: [100000.0, 99999.99929649588, 99999.99882711713]
J=3.0e-04, ⟨Jf⟩=2.7e-04, ⟨B·n⟩=4.1e-03, Len=sum([5.2, 5.2, 4.9])=15.4, ϰ=[5.5, 6.7, 5.9], ∫ϰ²/L>=[5.0, 7.1, 8.1], C-C-Sep=0.20, ║∇J║=5.2e-05
Iteration 1636/2000-----
currents: [100000.0, 99999.9992921274, 99999.99881983321]
J=3.0e-04, ⟨Jf⟩=2.7e-04, ⟨B·n⟩=4.1e-03, Len=sum([5.2, 5.2, 4.9])=15.4, ϰ=[5.5, 6.7, 5.9], ∫ϰ²/L>=[5.0, 7.1, 8.1], C-C-Sep=0.20, ║∇J║=6.6e-05
Iteration 1637/2000-----
currents: [100000.0, 99999.99929056336, 99999.99881722516]
J=3.0e-04, ⟨Jf⟩=2.7e-04, ⟨B·n⟩=4.1e-03, Len=sum([5.2, 5.2, 4.9])=15.4, ϰ=[5.5, 6.7, 5.9], ∫ϰ²/L>=[5.0, 7.1, 8.1], C-C-Sep=0.20, ║∇J║=8.6e-05
Iteration 1638/2000-----
currents: [100000.0, 99999.99928852102, 99999.99881381897]
J=3.0e-04, ⟨Jf⟩=2.7e-04, ⟨B·n⟩=4.1e-03, Len=sum([5.2, 5.2, 4.9])=15.4, ϰ=[5.5, 6.7, 5.9], ∫ϰ²/L>=[5.0, 7.1, 8.1], C-C-Sep=0.20, ║∇J║=6.5e-05
Iteration 1639/2000-----
currents: [100000.0, 99999.99927845705, 99999.998797035]
J=3.0e-04, ⟨Jf⟩=2.7e-04, ⟨B·n⟩=4.1e-03, Len=sum([5.2, 5.2, 4.9])=15.4, ϰ=[5.5, 6.7, 5.9], ∫ϰ²/L>=[5.0, 7.1, 8.1], C-C-Sep=0.20, ║∇J║=1.5e-04
Iteration 1640/2000-----
currents: [100000.0, 99999.99928417998, 99999.9988065793]
J=3.0e-04, ⟨Jf⟩=2.7e-04, ⟨B·n⟩=4.1e-03, Len=sum([5.2, 5.2, 4.9])=15.4, ϰ=[5.5, 6.7, 5.9], ∫ϰ²/L>=[5.0, 7.1, 8.1], C-C-Sep=0.20, ║∇J║=8.2e-05
Iteration 1641/2000-----
currents: [100000.0, 99999.99928171361, 99999.99880246515]
J=3.0e-04, ⟨Jf⟩=2.7e-04, ⟨B·n⟩=4.1e-03, Len=sum([5.2, 5.2, 4.9])=15.4, ϰ=[5.5, 6.7, 5.9], ∫ϰ²/L>=[5.0, 7.1, 8.1], C-C-Sep=0.20, ║∇J║=1.6e-04
Iteration 1642/2000-----
currents: [100000.0, 99999.999282924, 99999.9988044842]
J=3.0e-04, ⟨Jf⟩=2.7e-04, ⟨B·n⟩=4.1e-03, Len=sum([5.2, 5.2, 4.9])=15.4, ϰ=[5.5, 6.7, 5.9], ∫ϰ²/L>=[5.0, 7.1, 8.1], C-C-Sep=0.20, ║∇J║=9.4e-05
Iteration 1643/2000-----
currents: [100000.0, 99999.99927897568, 99999.99879789926]
J=3.0e-04, ⟨Jf⟩=2.7e-04, ⟨B·n⟩=4.1e-03, Len=sum([5.2, 5.2, 4.9])=15.4, ϰ=[5.5, 6.7, 5.9], ∫ϰ²/L>=[5.0, 7.1, 8.1], C-C-Sep=0.20, ║∇J║=1.0e-04
Iteration 1644/2000-----
currents: [100000.0, 99999.99927434705, 99999.99879017995]
J=3.0e-04, ⟨Jf⟩=2.7e-04, ⟨B·n⟩=4.1e-03, Len=sum([5.2, 5.2, 4.9])=15.4, ϰ=[5.5, 6.7, 5.9], ∫ϰ²/L>=[5.0, 7.1, 8.1], C-C-Sep=0.20, ║∇J║=9.6e-05
Iteration 1645/2000-----
currents: [100000.0, 99999.9992733089, 99999.99878844836]
J=3.0e-04, ⟨Jf⟩=2.7e-04, ⟨B·n⟩=4.1e-03, Len=sum([5.2, 5.2, 4.9])=15.4, ϰ=[5.5, 6.7, 5.9], ∫ϰ²/L>=[5.0, 7.1, 8.1], C-C-Sep=0.20, ║∇J║=1.0e-04
Iteration 1646/2000-----
currents: [100000.0, 99999.99927048746, 99999.99878374378]
J=3.0e-04, ⟨Jf⟩=2.7e-04, ⟨B·n⟩=4.1e-03, Len=sum([5.2, 5.2, 4.9])=15.4, ϰ=[5.5, 6.7, 5.9], ∫ϰ²/L>=[5.0, 7.1, 8.1], C-C-Sep=0.20, ║∇J║=8.2e-05
Iteration 1647/2000-----
currents: [100000.0, 99999.99927026716, 99999.99878337629]
J=3.0e-04, ⟨Jf⟩=2.7e-04, ⟨B·n⟩=4.1e-03, Len=sum([5.2, 5.2, 4.9])=15.4, ϰ=[5.5, 6.7, 5.9], ∫ϰ²/L>=[5.0, 7.1, 8.1], C-C-Sep=0.20, ║∇J║=8.4e-05
Iteration 1648/2000-----
currents: [100000.0, 99999.99926820044, 99999.99877992948]
J=3.0e-04, ⟨Jf⟩=2.7e-04, ⟨B·n⟩=4.1e-03, Len=sum([5.2, 5.2, 4.9])=15.4, ϰ=[5.5, 6.7, 5.9], ∫ϰ²/L>=[5.0, 7.1, 8.1], C-C-Sep=0.20, ║∇J║=7.0e-05
Iteration 1649/2000-----
currents: [100000.0, 99999.999267326, 99999.99877847104]
J=3.0e-04, ⟨Jf⟩=2.7e-04, ⟨B·n⟩=4.1e-03, Len=sum([5.2, 5.2, 4.9])=15.4, ϰ=[5.5, 6.7, 5.9], ∫ϰ²/L>=[5.0, 7.1, 8.1], C-C-Sep=0.20, ║∇J║=6.4e-05
Iteration 1650/2000-----
currents: [100000.0, 99999.99926458512, 99999.99877390052]
J=3.0e-04, ⟨Jf⟩=2.7e-04, ⟨B·n⟩=4.1e-03, Len=sum([5.2, 5.2, 4.9])=15.4, ϰ=[5.5, 6.7, 5.9], ∫ϰ²/L>=[5.0, 7.1, 8.1], C-C-Sep=0.20, ║∇J║=6.9e-05
Iteration 1651/2000-----
currents: [100000.0, 99999.9992643929, 99999.99877358039]
J=3.0e-04, ⟨Jf⟩=2.7e-04, ⟨B·n⟩=4.1e-03, Len=sum([5.2, 5.2, 4.9])=15.4, ϰ=[5.5, 6.7, 5.9], ∫ϰ²/L>=[5.0, 7.1, 8.1], C-C-Sep=0.20, ║∇J║=6.1e-05
Iteration 1652/2000-----
currents: [100000.0, 99999.99926377376, 99999.9987725488]
J=3.0e-04, ⟨Jf⟩=2.7e-04, ⟨B·n⟩=4.1e-03, Len=sum([5.2, 5.2, 4.9])=15.4, ϰ=[5.5, 6.7, 5.9], ∫ϰ²/L>=[5.0, 7.1, 8.1], C-C-Sep=0.20, ║∇J║=6.1e-05
Iteration 1653/2000-----
currents: [100000.0, 99999.99926301505, 99999.99877128421]
J=3.0e-04, ⟨Jf⟩=2.7e-04, ⟨B·n⟩=4.1e-03, Len=sum([5.2, 5.2, 4.9])=15.4, ϰ=[5.5, 6.7, 5.9], ∫ϰ²/L>=[5.0, 7.1, 8.1], C-C-Sep=0.20, ║∇J║=5.4e-05
Iteration 1654/2000-----
currents: [100000.0, 99999.99926175053, 99999.99876917571]
J=3.0e-04, ⟨Jf⟩=2.7e-04, ⟨B·n⟩=4.1e-03, Len=sum([5.2, 5.2, 4.9])=15.4, ϰ=[5.5, 6.7, 5.9], ∫ϰ²/L>=[5.0, 7.1, 8.1], C-C-Sep=0.20, ║∇J║=4.6e-05
Iteration 1655/2000-----
currents: [100000.0, 99999.99925995452, 99999.99876618049]
J=3.0e-04, ⟨Jf⟩=2.7e-04, ⟨B·n⟩=4.1e-03, Len=sum([5.2, 5.2, 4.9])=15.4, ϰ=[5.5, 6.7, 5.9], ∫ϰ²/L>=[5.0, 7.1, 8.1], C-C-Sep=0.20, ║∇J║=5.6e-05
Iteration 1656/2000-----
currents: [100000.0, 99999.99925907589, 99999.99876471439]
J=3.0e-04, ⟨Jf⟩=2.7e-04, ⟨B·n⟩=4.1e-03, Len=sum([5.2, 5.2, 4.9])=15.4, ϰ=[5.5, 6.7, 5.9], ∫ϰ²/L>=[5.0, 7.1, 8.1], C-C-Sep=0.20, ║∇J║=7.3e-05
Iteration 1657/2000-----
currents: [100000.0, 99999.99925739998, 99999.9987619194]
J=3.0e-04, ⟨Jf⟩=2.7e-04, ⟨B·n⟩=4.1e-03, Len=sum([5.2, 5.2, 4.9])=15.4, ϰ=[5.5, 6.7, 5.9], ∫ϰ²/L>=[5.0, 7.1, 8.1], C-C-Sep=0.20, ║∇J║=5.9e-05
Iteration 1658/2000-----
currents: [100000.0, 99999.9992558845, 99999.9987593917]
J=3.0e-04, ⟨Jf⟩=2.7e-04, ⟨B·n⟩=4.1e-03, Len=sum([5.2, 5.2, 4.9])=15.4, ϰ=[5.5, 6.7, 5.9], ∫ϰ²/L>=[5.0, 7.1, 8.1], C-C-Sep=0.20, ║∇J║=5.9e-05
Iteration 1659/2000-----
currents: [100000.0, 99999.99925522327, 99999.99875828924]
J=3.0e-04, ⟨Jf⟩=2.7e-04, ⟨B·n⟩=4.1e-03, Len=sum([5.2, 5.2, 4.9])=15.4, ϰ=[5.5, 6.7, 5.9], ∫ϰ²/L>=[5.0, 7.1, 8.1], C-C-Sep=0.20, ║∇J║=5.6e-05
Iteration 1660/2000-----
currents: [100000.0, 99999.9992542893, 99999.9987567318]
J=3.0e-04, ⟨Jf⟩=2.7e-04, ⟨B·n⟩=4.1e-03, Len=sum([5.2, 5.2, 4.9])=15.4, ϰ=[5.5, 6.7, 5.9], ∫ϰ²/L>=[5.0, 7.1, 8.1], C-C-Sep=0.20, ║∇J║=5.0e-05
Iteration 1661/2000-----
currents: [100000.0, 99999.99925333129, 99999.99875513458]
J=3.0e-04, ⟨Jf⟩=2.7e-04, ⟨B·n⟩=4.1e-03, Len=sum([5.2, 5.2, 4.9])=15.4, ϰ=[5.5, 6.7, 5.9], ∫ϰ²/L>=[5.0, 7.1, 8.1], C-C-Sep=0.20, ║∇J║=5.7e-05
Iteration 1662/2000-----
currents: [100000.0, 99999.99925110908, 99999.99875142875]
J=3.0e-04, ⟨Jf⟩=2.7e-04, ⟨B·n⟩=4.1e-03, Len=sum([5.2, 5.2, 4.9])=15.4, ϰ=[5.5, 6.7, 5.9], ∫ϰ²/L>=[5.0, 7.1, 8.1], C-C-Sep=0.20, ║∇J║=6.1e-05
Iteration 1663/2000-----
currents: [100000.0, 99999.99925210241, 99999.99875308535]
J=3.0e-04, ⟨Jf⟩=2.7e-04, ⟨B·n⟩=4.1e-03, Len=sum([5.2, 5.2, 4.9])=15.4, ϰ=[5.5, 6.7, 5.9], ∫ϰ²/L>=[5.0, 7.1, 8.1], C-C-Sep=0.20, ║∇J║=6.6e-05
Iteration 1664/2000-----
currents: [100000.0, 99999.9992504409, 99999.99875031436]
J=3.0e-04, ⟨Jf⟩=2.7e-04, ⟨B·n⟩=4.1e-03, Len=sum([5.2, 5.2, 4.9])=15.4, ϰ=[5.5, 6.7, 5.9], ∫ϰ²/L>=[5.0, 7.1, 8.1], C-C-Sep=0.20, ║∇J║=6.8e-05
Iteration 1665/2000-----
currents: [100000.0, 99999.99925024512, 99999.99874998782]
J=3.0e-04, ⟨Jf⟩=2.7e-04, ⟨B·n⟩=4.1e-03, Len=sum([5.2, 5.2, 4.9])=15.4, ϰ=[5.5, 6.7, 5.9], ∫ϰ²/L>=[5.0, 7.1, 8.1], C-C-Sep=0.20, ║∇J║=5.8e-05
Iteration 1666/2000-----
currents: [100000.0, 99999.99924993467, 99999.99874947053]
J=3.0e-04, ⟨Jf⟩=2.7e-04, ⟨B·n⟩=4.1e-03, Len=sum([5.2, 5.2, 4.9])=15.4, ϰ=[5.5, 6.7, 5.9], ∫ϰ²/L>=[5.0, 7.1, 8.1], C-C-Sep=0.20, ║∇J║=5.0e-05
Iteration 1667/2000-----
currents: [100000.0, 99999.99924913059, 99999.99874813009]
J=3.0e-04, ⟨Jf⟩=2.7e-04, ⟨B·n⟩=4.1e-03, Len=sum([5.2, 5.2, 4.9])=15.4, ϰ=[5.5, 6.7, 5.9], ∫ϰ²/L>=[5.0, 7.1, 8.1], C-C-Sep=0.20, ║∇J║=5.5e-05
Iteration 1668/2000-----
currents: [100000.0, 99999.9992487357, 99999.99874747253]
J=3.0e-04, ⟨Jf⟩=2.7e-04, ⟨B·n⟩=4.1e-03, Len=sum([5.2, 5.2, 4.9])=15.4, ϰ=[5.5, 6.7, 5.9], ∫ϰ²/L>=[5.0, 7.1, 8.1], C-C-Sep=0.20, ║∇J║=8.6e-05
Iteration 1669/2000-----
currents: [100000.0, 99999.99924855489, 99999.99874717108]
J=3.0e-04, ⟨Jf⟩=2.7e-04, ⟨B·n⟩=4.1e-03, Len=sum([5.2, 5.2, 4.9])=15.4, ϰ=[5.5, 6.7, 5.9], ∫ϰ²/L>=[5.0, 7.1, 8.1], C-C-Sep=0.20, ║∇J║=4.7e-05
Iteration 1670/2000-----
currents: [100000.0, 99999.99924826183, 99999.99874668245]
J=3.0e-04, ⟨Jf⟩=2.7e-04, ⟨B·n⟩=4.1e-03, Len=sum([5.2, 5.2, 4.9])=15.4, ϰ=[5.5, 6.7, 5.9], ∫ϰ²/L>=[5.0, 7.1, 8.1], C-C-Sep=0.20, ║∇J║=4.4e-05
Iteration 1671/2000-----
currents: [100000.0, 99999.99924805852, 99999.99874634371]
J=3.0e-04, ⟨Jf⟩=2.7e-04, ⟨B·n⟩=4.1e-03, Len=sum([5.2, 5.2, 4.9])=15.4, ϰ=[5.5, 6.7, 5.9], ∫ϰ²/L>=[5.0, 7.1, 8.1], C-C-Sep=0.20, ║∇J║=5.1e-05
Iteration 1672/2000-----
currents: [100000.0, 99999.99924739084, 99999.99874523061]
J=3.0e-04, ⟨Jf⟩=2.7e-04, ⟨B·n⟩=4.1e-03, Len=sum([5.2, 5.2, 4.9])=15.4, ϰ=[5.5, 6.7, 5.9], ∫ϰ²/L>=[5.0, 7.1, 8.1], C-C-Sep=0.20, ║∇J║=4.3e-05
Iteration 1673/2000-----
currents: [100000.0, 99999.99924666593, 99999.99874402238]
J=3.0e-04, ⟨Jf⟩=2.7e-04, ⟨B·n⟩=4.1e-03, Len=sum([5.2, 5.2, 4.9])=15.4, ϰ=[5.5, 6.7, 5.9], ∫ϰ²/L>=[5.0, 7.1, 8.1], C-C-Sep=0.20, ║∇J║=4.8e-05
Iteration 1674/2000-----
currents: [100000.0, 99999.99924610226, 99999.9987430824]
J=3.0e-04, ⟨Jf⟩=2.7e-04, ⟨B·n⟩=4.1e-03, Len=sum([5.2, 5.2, 4.9])=15.4, ϰ=[5.5, 6.7, 5.9], ∫ϰ²/L>=[5.0, 7.1, 8.1], C-C-Sep=0.20, ║∇J║=4.0e-05
Iteration 1675/2000-----
currents: [100000.0, 99999.99924522074, 99999.99874161219]
J=3.0e-04, ⟨Jf⟩=2.7e-04, ⟨B·n⟩=4.1e-03, Len=sum([5.2, 5.2, 4.9])=15.4, ϰ=[5.5, 6.7, 5.9], ∫ϰ²/L>=[5.0, 7.1, 8.1], C-C-Sep=0.20, ║∇J║=4.6e-05
Iteration 1676/2000-----
currents: [100000.0, 99999.99924459825, 99999.99874057398]
J=3.0e-04, ⟨Jf⟩=2.7e-04, ⟨B·n⟩=4.1e-03, Len=sum([5.2, 5.2, 4.9])=15.4, ϰ=[5.5, 6.7, 5.9], ∫ϰ²/L>=[5.0, 7.1, 8.1], C-C-Sep=0.20, ║∇J║=6.4e-05
Iteration 1677/2000-----
currents: [100000.0, 99999.99924418323, 99999.99873988147]
J=3.0e-04, ⟨Jf⟩=2.7e-04, ⟨B·n⟩=4.1e-03, Len=sum([5.2, 5.2, 4.9])=15.4, ϰ=[5.5, 6.7, 5.9], ∫ϰ²/L>=[5.0, 7.1, 8.1], C-C-Sep=0.20, ║∇J║=4.1e-05
Iteration 1678/2000-----
currents: [100000.0, 99999.99924400692, 99999.9987395873]
J=3.0e-04, ⟨Jf⟩=2.7e-04, ⟨B·n⟩=4.1e-03, Len=sum([5.2, 5.2, 4.9])=15.4, ϰ=[5.5, 6.7, 5.9], ∫ϰ²/L>=[5.0, 7.1, 8.1], C-C-Sep=0.20, ║∇J║=3.4e-05
Iteration 1679/2000-----
currents: [100000.0, 99999.99924361013, 99999.99873892551]
J=3.0e-04, ⟨Jf⟩=2.7e-04, ⟨B·n⟩=4.1e-03, Len=sum([5.2, 5.2, 4.9])=15.4, ϰ=[5.5, 6.7, 5.9], ∫ϰ²/L>=[5.0, 7.1, 8.1], C-C-Sep=0.20, ║∇J║=4.0e-05
Iteration 1680/2000-----
currents: [100000.0, 99999.99924305496, 99999.99873799969]
J=3.0e-04, ⟨Jf⟩=2.7e-04, ⟨B·n⟩=4.1e-03, Len=sum([5.2, 5.2, 4.9])=15.4, ϰ=[5.5, 6.7, 5.9], ∫ϰ²/L>=[5.0, 7.1, 8.1], C-C-Sep=0.20, ║∇J║=8.1e-05
Iteration 1681/2000-----
currents: [100000.0, 99999.99924296835, 99999.99873785545]
J=3.0e-04, ⟨Jf⟩=2.7e-04, ⟨B·n⟩=4.1e-03, Len=sum([5.2, 5.2, 4.9])=15.4, ϰ=[5.5, 6.7, 5.9], ∫ϰ²/L>=[5.0, 7.1, 8.1], C-C-Sep=0.20, ║∇J║=4.4e-05
Iteration 1682/2000-----
currents: [100000.0, 99999.999242547, 99999.99873715297]
J=3.0e-04, ⟨Jf⟩=2.7e-04, ⟨B·n⟩=4.1e-03, Len=sum([5.2, 5.2, 4.9])=15.4, ϰ=[5.5, 6.7, 5.9], ∫ϰ²/L>=[5.0, 7.1, 8.1], C-C-Sep=0.20, ║∇J║=3.7e-05
Iteration 1683/2000-----
currents: [100000.0, 99999.9992427804, 99999.99873754242]
J=3.0e-04, ⟨Jf⟩=2.7e-04, ⟨B·n⟩=4.1e-03, Len=sum([5.2, 5.2, 4.9])=15.4, ϰ=[5.5, 6.7, 5.9], ∫ϰ²/L>=[5.0, 7.1, 8.1], C-C-Sep=0.20, ║∇J║=4.0e-05
Iteration 1684/2000-----
currents: [100000.0, 99999.99924210226, 99999.99873641177]
J=3.0e-04, ⟨Jf⟩=2.7e-04, ⟨B·n⟩=4.1e-03, Len=sum([5.2, 5.2, 4.9])=15.4, ϰ=[5.5, 6.7, 5.9], ∫ϰ²/L>=[5.0, 7.1, 8.1], C-C-Sep=0.20, ║∇J║=4.5e-05
Iteration 1685/2000-----
currents: [100000.0, 99999.99924220856, 99999.99873658887]
J=3.0e-04, ⟨Jf⟩=2.7e-04, ⟨B·n⟩=4.1e-03, Len=sum([5.2, 5.2, 4.9])=15.4, ϰ=[5.5, 6.7, 5.9], ∫ϰ²/L>=[5.0, 7.1, 8.1], C-C-Sep=0.20, ║∇J║=6.6e-05
Iteration 1686/2000-----
currents: [100000.0, 99999.99924228802, 99999.99873672148]
J=3.0e-04, ⟨Jf⟩=2.7e-04, ⟨B·n⟩=4.1e-03, Len=sum([5.2, 5.2, 4.9])=15.4, ϰ=[5.5, 6.7, 5.9], ∫ϰ²/L>=[5.0, 7.1, 8.1], C-C-Sep=0.20, ║∇J║=3.4e-05
Iteration 1687/2000-----
currents: [100000.0, 99999.99924193631, 99999.99873613495]
J=3.0e-04, ⟨Jf⟩=2.7e-04, ⟨B·n⟩=4.1e-03, Len=sum([5.2, 5.2, 4.9])=15.4, ϰ=[5.5, 6.7, 5.9], ∫ϰ²/L>=[5.0, 7.1, 8.1], C-C-Sep=0.20, ║∇J║=3.6e-05
Iteration 1688/2000-----
currents: [100000.0, 99999.99924183897, 99999.99873597262]
J=3.0e-04, ⟨Jf⟩=2.7e-04, ⟨B·n⟩=4.1e-03, Len=sum([5.2, 5.2, 4.9])=15.4, ϰ=[5.5, 6.7, 5.9], ∫ϰ²/L>=[5.0, 7.1, 8.1], C-C-Sep=0.20, ║∇J║=3.8e-05
Iteration 1689/2000-----
currents: [100000.0, 99999.9992410164, 99999.9987346012]
J=3.0e-04, ⟨Jf⟩=2.7e-04, ⟨B·n⟩=4.1e-03, Len=sum([5.2, 5.2, 4.9])=15.4, ϰ=[5.5, 6.7, 5.9], ∫ϰ²/L>=[5.0, 7.1, 8.1], C-C-Sep=0.20, ║∇J║=6.3e-05
Iteration 1690/2000-----
currents: [100000.0, 99999.99924103261, 99999.9987346284]
J=3.0e-04, ⟨Jf⟩=2.7e-04, ⟨B·n⟩=4.1e-03, Len=sum([5.2, 5.2, 4.9])=15.4, ϰ=[5.5, 6.7, 5.9], ∫ϰ²/L>=[5.0, 7.1, 8.1], C-C-Sep=0.20, ║∇J║=3.1e-05
Iteration 1691/2000-----
currents: [100000.0, 99999.99924102883, 99999.99873462229]
J=3.0e-04, ⟨Jf⟩=2.7e-04, ⟨B·n⟩=4.1e-03, Len=sum([5.2, 5.2, 4.9])=15.4, ϰ=[5.5, 6.7, 5.9], ∫ϰ²/L>=[5.0, 7.1, 8.1], C-C-Sep=0.20, ║∇J║=2.7e-05
Iteration 1692/2000-----
currents: [100000.0, 99999.99924070072, 99999.99873407552]
J=3.0e-04, ⟨Jf⟩=2.7e-04, ⟨B·n⟩=4.1e-03, Len=sum([5.2, 5.2, 4.9])=15.4, ϰ=[5.5, 6.7, 5.9], ∫ϰ²/L>=[5.0, 7.1, 8.1], C-C-Sep=0.20, ║∇J║=3.3e-05
Iteration 1693/2000-----
currents: [100000.0, 99999.99924043758, 99999.99873363714]
J=3.0e-04, ⟨Jf⟩=2.7e-04, ⟨B·n⟩=4.1e-03, Len=sum([5.2, 5.2, 4.9])=15.4, ϰ=[5.5, 6.7, 5.9], ∫ϰ²/L>=[5.0, 7.1, 8.1], C-C-Sep=0.20, ║∇J║=4.5e-05
Iteration 1694/2000-----
currents: [100000.0, 99999.99924015206, 99999.99873316124]
J=3.0e-04, ⟨Jf⟩=2.7e-04, ⟨B·n⟩=4.1e-03, Len=sum([5.2, 5.2, 4.9])=15.4, ϰ=[5.5, 6.7, 5.9], ∫ϰ²/L>=[5.0, 7.1, 8.1], C-C-Sep=0.20, ║∇J║=2.9e-05
Iteration 1695/2000-----
currents: [100000.0, 99999.99923997525, 99999.99873286654]
J=3.0e-04, ⟨Jf⟩=2.7e-04, ⟨B·n⟩=4.1e-03, Len=sum([5.2, 5.2, 4.9])=15.4, ϰ=[5.5, 6.7, 5.9], ∫ϰ²/L>=[5.0, 7.1, 8.1], C-C-Sep=0.20, ║∇J║=2.6e-05
Iteration 1696/2000-----
currents: [100000.0, 99999.99923984057, 99999.99873264208]
J=3.0e-04, ⟨Jf⟩=2.7e-04, ⟨B·n⟩=4.1e-03, Len=sum([5.2, 5.2, 4.9])=15.4, ϰ=[5.5, 6.7, 5.9], ∫ϰ²/L>=[5.0, 7.1, 8.1], C-C-Sep=0.20, ║∇J║=3.7e-05
Iteration 1697/2000-----
currents: [100000.0, 99999.99923999401, 99999.99873289804]
J=3.0e-04, ⟨Jf⟩=2.7e-04, ⟨B·n⟩=4.1e-03, Len=sum([5.2, 5.2, 4.9])=15.4, ϰ=[5.5, 6.7, 5.9], ∫ϰ²/L>=[5.0, 7.1, 8.1], C-C-Sep=0.20, ║∇J║=3.9e-05
Iteration 1698/2000-----
currents: [100000.0, 99999.99924003641, 99999.99873296896]
J=3.0e-04, ⟨Jf⟩=2.7e-04, ⟨B·n⟩=4.1e-03, Len=sum([5.2, 5.2, 4.9])=15.4, ϰ=[5.5, 6.7, 5.9], ∫ϰ²/L>=[5.0, 7.1, 8.1], C-C-Sep=0.20, ║∇J║=2.9e-05
Iteration 1699/2000-----
currents: [100000.0, 99999.99924020571, 99999.99873325125]
J=3.0e-04, ⟨Jf⟩=2.7e-04, ⟨B·n⟩=4.1e-03, Len=sum([5.2, 5.2, 4.9])=15.4, ϰ=[5.5, 6.7, 5.9], ∫ϰ²/L>=[5.0, 7.1, 8.1], C-C-Sep=0.20, ║∇J║=2.6e-05
Iteration 1700/2000-----
currents: [100000.0, 99999.99924009448, 99999.9987330658]
J=3.0e-04, ⟨Jf⟩=2.7e-04, ⟨B·n⟩=4.1e-03, Len=sum([5.2, 5.2, 4.9])=15.4, ϰ=[5.5, 6.7, 5.9], ∫ϰ²/L>=[5.0, 7.1, 8.1], C-C-Sep=0.20, ║∇J║=3.4e-05
Iteration 1701/2000-----
currents: [100000.0, 99999.99924029125, 99999.99873339392]
J=3.0e-04, ⟨Jf⟩=2.7e-04, ⟨B·n⟩=4.1e-03, Len=sum([5.2, 5.2, 4.9])=15.4, ϰ=[5.5, 6.7, 5.9], ∫ϰ²/L>=[5.0, 7.1, 8.1], C-C-Sep=0.20, ║∇J║=3.0e-05
Iteration 1702/2000-----
currents: [100000.0, 99999.99924004749, 99999.99873298734]
J=3.0e-04, ⟨Jf⟩=2.7e-04, ⟨B·n⟩=4.1e-03, Len=sum([5.2, 5.2, 4.9])=15.4, ϰ=[5.5, 6.7, 5.9], ∫ϰ²/L>=[5.0, 7.1, 8.1], C-C-Sep=0.20, ║∇J║=2.9e-05
Iteration 1703/2000-----
currents: [100000.0, 99999.99923999903, 99999.99873290658]
J=3.0e-04, ⟨Jf⟩=2.7e-04, ⟨B·n⟩=4.1e-03, Len=sum([5.2, 5.2, 4.9])=15.4, ϰ=[5.5, 6.7, 5.9], ∫ϰ²/L>=[5.0, 7.1, 8.1], C-C-Sep=0.20, ║∇J║=3.1e-05
Iteration 1704/2000-----
currents: [100000.0, 99999.99924020439, 99999.99873324903]
J=3.0e-04, ⟨Jf⟩=2.7e-04, ⟨B·n⟩=4.1e-03, Len=sum([5.2, 5.2, 4.9])=15.4, ϰ=[5.5, 6.7, 5.9], ∫ϰ²/L>=[5.0, 7.1, 8.1], C-C-Sep=0.20, ║∇J║=2.9e-05
Iteration 1705/2000-----
currents: [100000.0, 99999.99924008665, 99999.99873305281]
J=3.0e-04, ⟨Jf⟩=2.7e-04, ⟨B·n⟩=4.1e-03, Len=sum([5.2, 5.2, 4.9])=15.4, ϰ=[5.5, 6.7, 5.9], ∫ϰ²/L>=[5.0, 7.1, 8.1], C-C-Sep=0.20, ║∇J║=2.6e-05
Iteration 1706/2000-----
currents: [100000.0, 99999.99924037629, 99999.99873353585]
J=3.0e-04, ⟨Jf⟩=2.7e-04, ⟨B·n⟩=4.1e-03, Len=sum([5.2, 5.2, 4.9])=15.4, ϰ=[5.5, 6.7, 5.9], ∫ϰ²/L>=[5.0, 7.1, 8.1], C-C-Sep=0.20, ║∇J║=2.5e-05
Iteration 1707/2000-----
currents: [100000.0, 99999.99924050101, 99999.99873374395]
J=3.0e-04, ⟨Jf⟩=2.7e-04, ⟨B·n⟩=4.1e-03, Len=sum([5.2, 5.2, 4.9])=15.4, ϰ=[5.5, 6.7, 5.9], ∫ϰ²/L>=[5.0, 7.1, 8.1], C-C-Sep=0.20, ║∇J║=3.1e-05
Iteration 1708/2000-----
currents: [100000.0, 99999.99924051057, 99999.9987337599]
J=3.0e-04, ⟨Jf⟩=2.7e-04, ⟨B·n⟩=4.1e-03, Len=sum([5.2, 5.2, 4.9])=15.4, ϰ=[5.5, 6.7, 5.9], ∫ϰ²/L>=[5.0, 7.1, 8.1], C-C-Sep=0.20, ║∇J║=2.5e-05
Iteration 1709/2000-----
currents: [100000.0, 99999.99924056661, 99999.99873385343]
J=3.0e-04, ⟨Jf⟩=2.7e-04, ⟨B·n⟩=4.1e-03, Len=sum([5.2, 5.2, 4.9])=15.4, ϰ=[5.5, 6.7, 5.9], ∫ϰ²/L>=[5.0, 7.1, 8.1], C-C-Sep=0.20, ║∇J║=2.3e-05
Iteration 1710/2000-----
currents: [100000.0, 99999.9992404881, 99999.99873372269]
J=3.0e-04, ⟨Jf⟩=2.7e-04, ⟨B·n⟩=4.1e-03, Len=sum([5.2, 5.2, 4.9])=15.4, ϰ=[5.5, 6.7, 5.9], ∫ϰ²/L>=[5.0, 7.1, 8.1], C-C-Sep=0.20, ║∇J║=3.2e-05
Iteration 1711/2000-----
currents: [100000.0, 99999.9992402107, 99999.99873326033]
J=3.0e-04, ⟨Jf⟩=2.7e-04, ⟨B·n⟩=4.1e-03, Len=sum([5.2, 5.2, 4.9])=15.4, ϰ=[5.5, 6.7, 5.9], ∫ϰ²/L>=[5.0, 7.1, 8.1], C-C-Sep=0.20, ║∇J║=3.1e-05
Iteration 1712/2000-----
currents: [100000.0, 99999.99924019, 99999.99873322596]
J=3.0e-04, ⟨Jf⟩=2.7e-04, ⟨B·n⟩=4.1e-03, Len=sum([5.2, 5.2, 4.9])=15.4, ϰ=[5.5, 6.7, 5.9], ∫ϰ²/L>=[5.0, 7.1, 8.1], C-C-Sep=0.20, ║∇J║=2.2e-05
Iteration 1713/2000-----
currents: [100000.0, 99999.99923986518, 99999.99873268457]
J=3.0e-04, ⟨Jf⟩=2.7e-04, ⟨B·n⟩=4.1e-03, Len=sum([5.2, 5.2, 4.9])=15.4, ϰ=[5.5, 6.7, 5.9], ∫ϰ²/L>=[5.0, 7.1, 8.1], C-C-Sep=0.20, ║∇J║=2.1e-05
Iteration 1714/2000-----
currents: [100000.0, 99999.9992396328, 99999.99873229722]
J=3.0e-04, ⟨Jf⟩=2.7e-04, ⟨B·n⟩=4.1e-03, Len=sum([5.2, 5.2, 4.9])=15.4, ϰ=[5.5, 6.7, 5.9], ∫ϰ²/L>=[5.0, 7.1, 8.1], C-C-Sep=0.20, ║∇J║=2.2e-05
Iteration 1715/2000-----
currents: [100000.0, 99999.99923913571, 99999.99873146866]
J=3.0e-04, ⟨Jf⟩=2.7e-04, ⟨B·n⟩=4.1e-03, Len=sum([5.2, 5.2, 4.9])=15.4, ϰ=[5.5, 6.7, 5.9], ∫ϰ²/L>=[5.0, 7.1, 8.1], C-C-Sep=0.20, ║∇J║=3.3e-05
Iteration 1716/2000-----
currents: [100000.0, 99999.99923894198, 99999.9987311457]
J=3.0e-04, ⟨Jf⟩=2.7e-04, ⟨B·n⟩=4.1e-03, Len=sum([5.2, 5.2, 4.9])=15.4, ϰ=[5.5, 6.7, 5.9], ∫ϰ²/L>=[5.0, 7.1, 8.1], C-C-Sep=0.20, ║∇J║=2.5e-05
Iteration 1717/2000-----
currents: [100000.0, 99999.99923886196, 99999.99873101225]
J=3.0e-04, ⟨Jf⟩=2.7e-04, ⟨B·n⟩=4.1e-03, Len=sum([5.2, 5.2, 4.9])=15.4, ϰ=[5.5, 6.7, 5.9], ∫ϰ²/L>=[5.0, 7.1, 8.1], C-C-Sep=0.20, ║∇J║=2.2e-05
Iteration 1718/2000-----
currents: [100000.0, 99999.99923875454, 99999.9987308331]
J=3.0e-04, ⟨Jf⟩=2.7e-04, ⟨B·n⟩=4.1e-03, Len=sum([5.2, 5.2, 4.9])=15.4, ϰ=[5.5, 6.7, 5.9], ∫ϰ²/L>=[5.0, 7.1, 8.1], C-C-Sep=0.20, ║∇J║=2.4e-05
Iteration 1719/2000-----
currents: [100000.0, 99999.9992384241, 99999.99873028227]
J=3.0e-04, ⟨Jf⟩=2.7e-04, ⟨B·n⟩=4.1e-03, Len=sum([5.2, 5.2, 4.9])=15.4, ϰ=[5.5, 6.7, 5.9], ∫ϰ²/L>=[5.0, 7.1, 8.1], C-C-Sep=0.20, ║∇J║=4.1e-05
Iteration 1720/2000-----
currents: [100000.0, 99999.99923825506, 99999.99873000038]
J=3.0e-04, ⟨Jf⟩=2.7e-04, ⟨B·n⟩=4.1e-03, Len=sum([5.2, 5.2, 4.9])=15.4, ϰ=[5.5, 6.7, 5.9], ∫ϰ²/L>=[5.0, 7.1, 8.1], C-C-Sep=0.20, ║∇J║=2.1e-05
Iteration 1721/2000-----
currents: [100000.0, 99999.99923809052, 99999.99872972605]
J=3.0e-04, ⟨Jf⟩=2.7e-04, ⟨B·n⟩=4.1e-03, Len=sum([5.2, 5.2, 4.9])=15.4, ϰ=[5.5, 6.7, 5.9], ∫ϰ²/L>=[5.0, 7.1, 8.1], C-C-Sep=0.20, ║∇J║=1.8e-05
Iteration 1722/2000-----
currents: [100000.0, 99999.99923784527, 99999.99872931719]
J=3.0e-04, ⟨Jf⟩=2.7e-04, ⟨B·n⟩=4.1e-03, Len=sum([5.2, 5.2, 4.9])=15.4, ϰ=[5.5, 6.7, 5.9], ∫ϰ²/L>=[5.0, 7.1, 8.1], C-C-Sep=0.20, ║∇J║=2.1e-05
Iteration 1723/2000-----
currents: [100000.0, 99999.99923739543, 99999.99872856715]
J=3.0e-04, ⟨Jf⟩=2.7e-04, ⟨B·n⟩=4.1e-03, Len=sum([5.2, 5.2, 4.9])=15.4, ϰ=[5.5, 6.7, 5.9], ∫ϰ²/L>=[5.0, 7.1, 8.1], C-C-Sep=0.20, ║∇J║=2.5e-05
Iteration 1724/2000-----
currents: [100000.0, 99999.99923683966, 99999.99872764054]
J=3.0e-04, ⟨Jf⟩=2.7e-04, ⟨B·n⟩=4.1e-03, Len=sum([5.2, 5.2, 4.9])=15.4, ϰ=[5.5, 6.7, 5.9], ∫ϰ²/L>=[5.0, 7.1, 8.1], C-C-Sep=0.20, ║∇J║=2.4e-05
Iteration 1725/2000-----
currents: [100000.0, 99999.99923682827, 99999.99872762164]
J=3.0e-04, ⟨Jf⟩=2.7e-04, ⟨B·n⟩=4.1e-03, Len=sum([5.2, 5.2, 4.9])=15.4, ϰ=[5.5, 6.7, 5.9], ∫ϰ²/L>=[5.0, 7.1, 8.1], C-C-Sep=0.20, ║∇J║=1.8e-05
Iteration 1726/2000-----
currents: [100000.0, 99999.9992367093, 99999.99872742342]
J=3.0e-04, ⟨Jf⟩=2.7e-04, ⟨B·n⟩=4.1e-03, Len=sum([5.2, 5.2, 4.9])=15.4, ϰ=[5.5, 6.7, 5.9], ∫ϰ²/L>=[5.0, 7.1, 8.1], C-C-Sep=0.20, ║∇J║=2.0e-05
Iteration 1727/2000-----
currents: [100000.0, 99999.99923657185, 99999.99872719446]
J=3.0e-04, ⟨Jf⟩=2.7e-04, ⟨B·n⟩=4.1e-03, Len=sum([5.2, 5.2, 4.9])=15.4, ϰ=[5.5, 6.7, 5.9], ∫ϰ²/L>=[5.0, 7.1, 8.1], C-C-Sep=0.20, ║∇J║=2.1e-05
Iteration 1728/2000-----
currents: [100000.0, 99999.9992363579, 99999.99872683799]
J=3.0e-04, ⟨Jf⟩=2.7e-04, ⟨B·n⟩=4.1e-03, Len=sum([5.2, 5.2, 4.9])=15.4, ϰ=[5.5, 6.7, 5.9], ∫ϰ²/L>=[5.0, 7.1, 8.1], C-C-Sep=0.20, ║∇J║=3.5e-05
Iteration 1729/2000-----
currents: [100000.0, 99999.99923623519, 99999.99872663352]
J=3.0e-04, ⟨Jf⟩=2.7e-04, ⟨B·n⟩=4.1e-03, Len=sum([5.2, 5.2, 4.9])=15.4, ϰ=[5.5, 6.7, 5.9], ∫ϰ²/L>=[5.0, 7.1, 8.1], C-C-Sep=0.20, ║∇J║=1.9e-05
Iteration 1730/2000-----
currents: [100000.0, 99999.99923601947, 99999.99872627393]
J=3.0e-04, ⟨Jf⟩=2.7e-04, ⟨B·n⟩=4.1e-03, Len=sum([5.2, 5.2, 4.9])=15.4, ϰ=[5.5, 6.7, 5.9], ∫ϰ²/L>=[5.0, 7.1, 8.1], C-C-Sep=0.20, ║∇J║=1.7e-05
Iteration 1731/2000-----
currents: [100000.0, 99999.99923600977, 99999.99872625785]
J=3.0e-04, ⟨Jf⟩=2.7e-04, ⟨B·n⟩=4.1e-03, Len=sum([5.2, 5.2, 4.9])=15.4, ϰ=[5.5, 6.7, 5.9], ∫ϰ²/L>=[5.0, 7.1, 8.1], C-C-Sep=0.20, ║∇J║=2.4e-05
Iteration 1732/2000-----
currents: [100000.0, 99999.9992359119, 99999.9987260949]
J=3.0e-04, ⟨Jf⟩=2.7e-04, ⟨B·n⟩=4.1e-03, Len=sum([5.2, 5.2, 4.9])=15.4, ϰ=[5.5, 6.7, 5.9], ∫ϰ²/L>=[5.0, 7.1, 8.1], C-C-Sep=0.20, ║∇J║=2.8e-05
Iteration 1733/2000-----
currents: [100000.0, 99999.99923580764, 99999.99872592099]
J=3.0e-04, ⟨Jf⟩=2.7e-04, ⟨B·n⟩=4.1e-03, Len=sum([5.2, 5.2, 4.9])=15.4, ϰ=[5.5, 6.7, 5.9], ∫ϰ²/L>=[5.0, 7.1, 8.1], C-C-Sep=0.20, ║∇J║=1.8e-05
Iteration 1734/2000-----
currents: [100000.0, 99999.99923600457, 99999.99872624932]
J=3.0e-04, ⟨Jf⟩=2.7e-04, ⟨B·n⟩=4.1e-03, Len=sum([5.2, 5.2, 4.9])=15.4, ϰ=[5.5, 6.7, 5.9], ∫ϰ²/L>=[5.0, 7.1, 8.1], C-C-Sep=0.20, ║∇J║=1.7e-05
Iteration 1735/2000-----
currents: [100000.0, 99999.99923594527, 99999.99872615049]
J=3.0e-04, ⟨Jf⟩=2.7e-04, ⟨B·n⟩=4.1e-03, Len=sum([5.2, 5.2, 4.9])=15.4, ϰ=[5.5, 6.7, 5.9], ∫ϰ²/L>=[5.0, 7.1, 8.1], C-C-Sep=0.20, ║∇J║=1.8e-05
Iteration 1736/2000-----
currents: [100000.0, 99999.99923559188, 99999.9987255614]
J=3.0e-04, ⟨Jf⟩=2.7e-04, ⟨B·n⟩=4.1e-03, Len=sum([5.2, 5.2, 4.9])=15.4, ϰ=[5.5, 6.7, 5.9], ∫ϰ²/L>=[5.0, 7.1, 8.1], C-C-Sep=0.20, ║∇J║=3.2e-05
Iteration 1737/2000-----
currents: [100000.0, 99999.99923570165, 99999.99872574444]
J=3.0e-04, ⟨Jf⟩=2.7e-04, ⟨B·n⟩=4.1e-03, Len=sum([5.2, 5.2, 4.9])=15.4, ϰ=[5.5, 6.7, 5.9], ∫ϰ²/L>=[5.0, 7.1, 8.1], C-C-Sep=0.20, ║∇J║=1.6e-05
Iteration 1738/2000-----
currents: [100000.0, 99999.99923555076, 99999.9987254929]
J=3.0e-04, ⟨Jf⟩=2.7e-04, ⟨B·n⟩=4.1e-03, Len=sum([5.2, 5.2, 4.9])=15.4, ϰ=[5.5, 6.7, 5.9], ∫ϰ²/L>=[5.0, 7.1, 8.1], C-C-Sep=0.20, ║∇J║=1.4e-05
Iteration 1739/2000-----
currents: [100000.0, 99999.99923540528, 99999.99872525036]
J=3.0e-04, ⟨Jf⟩=2.7e-04, ⟨B·n⟩=4.1e-03, Len=sum([5.2, 5.2, 4.9])=15.4, ϰ=[5.5, 6.7, 5.9], ∫ϰ²/L>=[5.0, 7.1, 8.1], C-C-Sep=0.20, ║∇J║=1.6e-05
Iteration 1740/2000-----
currents: [100000.0, 99999.99923524281, 99999.99872497942]
J=3.0e-04, ⟨Jf⟩=2.7e-04, ⟨B·n⟩=4.1e-03, Len=sum([5.2, 5.2, 4.9])=15.4, ϰ=[5.5, 6.7, 5.9], ∫ϰ²/L>=[5.0, 7.1, 8.1], C-C-Sep=0.20, ║∇J║=1.8e-05
Iteration 1741/2000-----
currents: [100000.0, 99999.99923504867, 99999.99872465567]
J=3.0e-04, ⟨Jf⟩=2.7e-04, ⟨B·n⟩=4.1e-03, Len=sum([5.2, 5.2, 4.9])=15.4, ϰ=[5.5, 6.7, 5.9], ∫ϰ²/L>=[5.0, 7.1, 8.1], C-C-Sep=0.20, ║∇J║=2.7e-05
Iteration 1742/2000-----
currents: [100000.0, 99999.99923508074, 99999.9987247091]
J=3.0e-04, ⟨Jf⟩=2.7e-04, ⟨B·n⟩=4.1e-03, Len=sum([5.2, 5.2, 4.9])=15.4, ϰ=[5.5, 6.7, 5.9], ∫ϰ²/L>=[5.0, 7.1, 8.1], C-C-Sep=0.20, ║∇J║=1.8e-05
Iteration 1743/2000-----
currents: [100000.0, 99999.99923515508, 99999.99872483297]
J=3.0e-04, ⟨Jf⟩=2.7e-04, ⟨B·n⟩=4.1e-03, Len=sum([5.2, 5.2, 4.9])=15.4, ϰ=[5.5, 6.7, 5.9], ∫ϰ²/L>=[5.0, 7.1, 8.1], C-C-Sep=0.20, ║∇J║=1.6e-05
Iteration 1744/2000-----
currents: [100000.0, 99999.99923514016, 99999.99872480815]
J=3.0e-04, ⟨Jf⟩=2.7e-04, ⟨B·n⟩=4.1e-03, Len=sum([5.2, 5.2, 4.9])=15.4, ϰ=[5.5, 6.7, 5.9], ∫ϰ²/L>=[5.0, 7.1, 8.1], C-C-Sep=0.20, ║∇J║=1.8e-05
Iteration 1745/2000-----
currents: [100000.0, 99999.99923500542, 99999.99872458355]
J=3.0e-04, ⟨Jf⟩=2.7e-04, ⟨B·n⟩=4.1e-03, Len=sum([5.2, 5.2, 4.9])=15.4, ϰ=[5.5, 6.7, 5.9], ∫ϰ²/L>=[5.0, 7.1, 8.1], C-C-Sep=0.20, ║∇J║=2.3e-05
Iteration 1746/2000-----
currents: [100000.0, 99999.99923485529, 99999.99872433321]
J=3.0e-04, ⟨Jf⟩=2.7e-04, ⟨B·n⟩=4.1e-03, Len=sum([5.2, 5.2, 4.9])=15.4, ϰ=[5.5, 6.7, 5.9], ∫ϰ²/L>=[5.0, 7.1, 8.1], C-C-Sep=0.20, ║∇J║=1.4e-05
Iteration 1747/2000-----
currents: [100000.0, 99999.99923451977, 99999.99872377378]
J=3.0e-04, ⟨Jf⟩=2.7e-04, ⟨B·n⟩=4.1e-03, Len=sum([5.2, 5.2, 4.9])=15.4, ϰ=[5.5, 6.7, 5.9], ∫ϰ²/L>=[5.0, 7.1, 8.1], C-C-Sep=0.20, ║∇J║=1.3e-05
Iteration 1748/2000-----
currents: [100000.0, 99999.9992343045, 99999.99872341481]
J=3.0e-04, ⟨Jf⟩=2.7e-04, ⟨B·n⟩=4.1e-03, Len=sum([5.2, 5.2, 4.9])=15.4, ϰ=[5.5, 6.7, 5.9], ∫ϰ²/L>=[5.0, 7.1, 8.1], C-C-Sep=0.20, ║∇J║=1.4e-05
Iteration 1749/2000-----
currents: [100000.0, 99999.99923388244, 99999.99872271094]
J=3.0e-04, ⟨Jf⟩=2.7e-04, ⟨B·n⟩=4.1e-03, Len=sum([5.2, 5.2, 4.9])=15.4, ϰ=[5.5, 6.7, 5.9], ∫ϰ²/L>=[5.0, 7.1, 8.1], C-C-Sep=0.20, ║∇J║=1.5e-05
Iteration 1750/2000-----
currents: [100000.0, 99999.99923334533, 99999.9987218151]
J=3.0e-04, ⟨Jf⟩=2.7e-04, ⟨B·n⟩=4.1e-03, Len=sum([5.2, 5.2, 4.9])=15.4, ϰ=[5.5, 6.7, 5.9], ∫ϰ²/L>=[5.0, 7.1, 8.1], C-C-Sep=0.20, ║∇J║=2.7e-05
Iteration 1751/2000-----
currents: [100000.0, 99999.99923324745, 99999.9987216518]
J=3.0e-04, ⟨Jf⟩=2.7e-04, ⟨B·n⟩=4.1e-03, Len=sum([5.2, 5.2, 4.9])=15.4, ϰ=[5.5, 6.7, 5.9], ∫ϰ²/L>=[5.0, 7.1, 8.1], C-C-Sep=0.20, ║∇J║=1.5e-05
Iteration 1752/2000-----
currents: [100000.0, 99999.99923301097, 99999.99872125729]
J=3.0e-04, ⟨Jf⟩=2.7e-04, ⟨B·n⟩=4.1e-03, Len=sum([5.2, 5.2, 4.9])=15.4, ϰ=[5.5, 6.7, 5.9], ∫ϰ²/L>=[5.0, 7.1, 8.1], C-C-Sep=0.20, ║∇J║=1.5e-05
Iteration 1753/2000-----
currents: [100000.0, 99999.99923241344, 99999.99872026063]
J=3.0e-04, ⟨Jf⟩=2.7e-04, ⟨B·n⟩=4.1e-03, Len=sum([5.2, 5.2, 4.9])=15.4, ϰ=[5.5, 6.7, 5.9], ∫ϰ²/L>=[5.0, 7.1, 8.1], C-C-Sep=0.20, ║∇J║=2.1e-05
Iteration 1754/2000-----
currents: [100000.0, 99999.99923127813, 99999.99871836697]
J=3.0e-04, ⟨Jf⟩=2.7e-04, ⟨B·n⟩=4.1e-03, Len=sum([5.2, 5.2, 4.9])=15.4, ϰ=[5.5, 6.7, 5.9], ∫ϰ²/L>=[5.0, 7.1, 8.1], C-C-Sep=0.20, ║∇J║=2.9e-05
Iteration 1755/2000-----
currents: [100000.0, 99999.99922986099, 99999.99871600361]
J=3.0e-04, ⟨Jf⟩=2.7e-04, ⟨B·n⟩=4.1e-03, Len=sum([5.2, 5.2, 4.9])=15.4, ϰ=[5.5, 6.7, 5.9], ∫ϰ²/L>=[5.0, 7.1, 8.1], C-C-Sep=0.20, ║∇J║=2.5e-05
Iteration 1756/2000-----
currents: [100000.0, 99999.99922670964, 99999.99871074822]
J=3.0e-04, ⟨Jf⟩=2.7e-04, ⟨B·n⟩=4.1e-03, Len=sum([5.2, 5.2, 4.9])=15.4, ϰ=[5.5, 6.7, 5.9], ∫ϰ²/L>=[5.0, 7.1, 8.1], C-C-Sep=0.20, ║∇J║=3.9e-05
Iteration 1757/2000-----
currents: [100000.0, 99999.99922691114, 99999.99871108435]
J=3.0e-04, ⟨Jf⟩=2.7e-04, ⟨B·n⟩=4.1e-03, Len=sum([5.2, 5.2, 4.9])=15.4, ϰ=[5.5, 6.7, 5.9], ∫ϰ²/L>=[5.0, 7.1, 8.1], C-C-Sep=0.20, ║∇J║=4.8e-05
Iteration 1758/2000-----
currents: [100000.0, 99999.99922592106, 99999.99870943355]
J=3.0e-04, ⟨Jf⟩=2.7e-04, ⟨B·n⟩=4.1e-03, Len=sum([5.2, 5.2, 4.9])=15.4, ϰ=[5.5, 6.7, 5.9], ∫ϰ²/L>=[5.0, 7.1, 8.1], C-C-Sep=0.20, ║∇J║=3.0e-05
Iteration 1759/2000-----
currents: [100000.0, 99999.99922228078, 99999.99870336326]
J=3.0e-04, ⟨Jf⟩=2.7e-04, ⟨B·n⟩=4.1e-03, Len=sum([5.2, 5.2, 4.9])=15.4, ϰ=[5.5, 6.7, 5.9], ∫ϰ²/L>=[5.0, 7.1, 8.1], C-C-Sep=0.20, ║∇J║=4.1e-05
Iteration 1760/2000-----
currents: [100000.0, 99999.99921989822, 99999.99869938992]
J=3.0e-04, ⟨Jf⟩=2.7e-04, ⟨B·n⟩=4.1e-03, Len=sum([5.2, 5.2, 4.9])=15.4, ϰ=[5.5, 6.7, 5.9], ∫ϰ²/L>=[5.0, 7.1, 8.1], C-C-Sep=0.20, ║∇J║=5.6e-05
Iteration 1761/2000-----
currents: [100000.0, 99999.99921451982, 99999.9986904206]
J=3.0e-04, ⟨Jf⟩=2.7e-04, ⟨B·n⟩=4.1e-03, Len=sum([5.2, 5.2, 4.9])=15.4, ϰ=[5.5, 6.7, 5.9], ∫ϰ²/L>=[5.0, 7.1, 8.1], C-C-Sep=0.20, ║∇J║=6.5e-05
Iteration 1762/2000-----
currents: [100000.0, 99999.99920581457, 99999.99867590264]
J=3.0e-04, ⟨Jf⟩=2.7e-04, ⟨B·n⟩=4.1e-03, Len=sum([5.2, 5.2, 4.9])=15.4, ϰ=[5.5, 6.7, 5.9], ∫ϰ²/L>=[5.0, 7.1, 8.1], C-C-Sep=0.20, ║∇J║=9.5e-05
Iteration 1763/2000-----
currents: [100000.0, 99999.99920735678, 99999.99867847399]
J=3.0e-04, ⟨Jf⟩=2.7e-04, ⟨B·n⟩=4.1e-03, Len=sum([5.2, 5.2, 4.9])=15.4, ϰ=[5.5, 6.7, 5.9], ∫ϰ²/L>=[5.0, 7.1, 8.1], C-C-Sep=0.20, ║∇J║=1.1e-04
Iteration 1764/2000-----
currents: [100000.0, 99999.99920655544, 99999.99867713789]
J=3.0e-04, ⟨Jf⟩=2.7e-04, ⟨B·n⟩=4.1e-03, Len=sum([5.2, 5.2, 4.9])=15.4, ϰ=[5.5, 6.7, 5.9], ∫ϰ²/L>=[5.0, 7.1, 8.1], C-C-Sep=0.20, ║∇J║=6.3e-05
Iteration 1765/2000-----
currents: [100000.0, 99999.99920377281, 99999.99867249755]
J=3.0e-04, ⟨Jf⟩=2.7e-04, ⟨B·n⟩=4.1e-03, Len=sum([5.2, 5.2, 4.9])=15.4, ϰ=[5.5, 6.7, 5.9], ∫ϰ²/L>=[5.0, 7.1, 8.1], C-C-Sep=0.20, ║∇J║=7.9e-05
Iteration 1766/2000-----
currents: [100000.0, 99999.99920098032, 99999.99866784064]
J=3.0e-04, ⟨Jf⟩=2.7e-04, ⟨B·n⟩=4.1e-03, Len=sum([5.2, 5.2, 4.9])=15.4, ϰ=[5.5, 6.7, 5.9], ∫ϰ²/L>=[5.0, 7.1, 8.1], C-C-Sep=0.20, ║∇J║=7.8e-05
Iteration 1767/2000-----
currents: [100000.0, 99999.99919794795, 99999.99866278391]
J=3.0e-04, ⟨Jf⟩=2.7e-04, ⟨B·n⟩=4.1e-03, Len=sum([5.2, 5.2, 4.9])=15.4, ϰ=[5.5, 6.7, 5.9], ∫ϰ²/L>=[5.0, 7.1, 8.1], C-C-Sep=0.20, ║∇J║=6.2e-05
Iteration 1768/2000-----
currents: [100000.0, 99999.99919985703, 99999.9986659687]
J=3.0e-04, ⟨Jf⟩=2.7e-04, ⟨B·n⟩=4.1e-03, Len=sum([5.2, 5.2, 4.9])=15.4, ϰ=[5.5, 6.7, 5.9], ∫ϰ²/L>=[5.0, 7.1, 8.1], C-C-Sep=0.20, ║∇J║=9.1e-05
Iteration 1769/2000-----
currents: [100000.0, 99999.99919772582, 99999.99866241452]
J=3.0e-04, ⟨Jf⟩=2.7e-04, ⟨B·n⟩=4.1e-03, Len=sum([5.2, 5.2, 4.9])=15.4, ϰ=[5.5, 6.7, 5.9], ∫ϰ²/L>=[5.0, 7.1, 8.1], C-C-Sep=0.20, ║∇J║=5.5e-05
Iteration 1770/2000-----
currents: [100000.0, 99999.99919488974, 99999.99865768506]
J=3.0e-04, ⟨Jf⟩=2.7e-04, ⟨B·n⟩=4.1e-03, Len=sum([5.2, 5.2, 4.9])=15.4, ϰ=[5.5, 6.7, 5.9], ∫ϰ²/L>=[5.0, 7.1, 8.1], C-C-Sep=0.20, ║∇J║=6.3e-05
Iteration 1771/2000-----
currents: [100000.0, 99999.99919361624, 99999.99865556149]
J=3.0e-04, ⟨Jf⟩=2.7e-04, ⟨B·n⟩=4.1e-03, Len=sum([5.2, 5.2, 4.9])=15.4, ϰ=[5.5, 6.7, 5.9], ∫ϰ²/L>=[5.0, 7.1, 8.1], C-C-Sep=0.20, ║∇J║=7.4e-05
Iteration 1772/2000-----
currents: [100000.0, 99999.99919329872, 99999.99865503228]
J=3.0e-04, ⟨Jf⟩=2.7e-04, ⟨B·n⟩=4.1e-03, Len=sum([5.2, 5.2, 4.9])=15.4, ϰ=[5.5, 6.7, 5.9], ∫ϰ²/L>=[5.0, 7.1, 8.1], C-C-Sep=0.20, ║∇J║=5.0e-05
Iteration 1773/2000-----
currents: [100000.0, 99999.9991920355, 99999.99865292611]
J=3.0e-04, ⟨Jf⟩=2.7e-04, ⟨B·n⟩=4.1e-03, Len=sum([5.2, 5.2, 4.9])=15.4, ϰ=[5.5, 6.7, 5.9], ∫ϰ²/L>=[5.0, 7.1, 8.1], C-C-Sep=0.20, ║∇J║=4.0e-05
Iteration 1774/2000-----
currents: [100000.0, 99999.99919098555, 99999.99865117538]
J=3.0e-04, ⟨Jf⟩=2.7e-04, ⟨B·n⟩=4.1e-03, Len=sum([5.2, 5.2, 4.9])=15.4, ϰ=[5.5, 6.7, 5.9], ∫ϰ²/L>=[5.0, 7.1, 8.1], C-C-Sep=0.20, ║∇J║=5.3e-05
Iteration 1775/2000-----
currents: [100000.0, 99999.99918940333, 99999.99864853705]
J=3.0e-04, ⟨Jf⟩=2.7e-04, ⟨B·n⟩=4.1e-03, Len=sum([5.2, 5.2, 4.9])=15.4, ϰ=[5.5, 6.7, 5.9], ∫ϰ²/L>=[5.0, 7.1, 8.1], C-C-Sep=0.20, ║∇J║=5.3e-05
Iteration 1776/2000-----
currents: [100000.0, 99999.99918819053, 99999.99864651455]
J=3.0e-04, ⟨Jf⟩=2.7e-04, ⟨B·n⟩=4.1e-03, Len=sum([5.2, 5.2, 4.9])=15.4, ϰ=[5.5, 6.7, 5.9], ∫ϰ²/L>=[5.0, 7.1, 8.1], C-C-Sep=0.20, ║∇J║=5.5e-05
Iteration 1777/2000-----
currents: [100000.0, 99999.99918780629, 99999.99864587374]
J=3.0e-04, ⟨Jf⟩=2.7e-04, ⟨B·n⟩=4.1e-03, Len=sum([5.2, 5.2, 4.9])=15.4, ϰ=[5.5, 6.7, 5.9], ∫ϰ²/L>=[5.0, 7.1, 8.1], C-C-Sep=0.20, ║∇J║=3.4e-05
Iteration 1778/2000-----
currents: [100000.0, 99999.99918677105, 99999.99864414737]
J=3.0e-04, ⟨Jf⟩=2.7e-04, ⟨B·n⟩=4.1e-03, Len=sum([5.2, 5.2, 4.9])=15.4, ϰ=[5.5, 6.7, 5.9], ∫ϰ²/L>=[5.0, 7.1, 8.1], C-C-Sep=0.20, ║∇J║=3.6e-05
Iteration 1779/2000-----
currents: [100000.0, 99999.99918604932, 99999.99864294406]
J=3.0e-04, ⟨Jf⟩=2.7e-04, ⟨B·n⟩=4.1e-03, Len=sum([5.2, 5.2, 4.9])=15.4, ϰ=[5.5, 6.7, 5.9], ∫ϰ²/L>=[5.0, 7.1, 8.1], C-C-Sep=0.20, ║∇J║=4.7e-05
Iteration 1780/2000-----
currents: [100000.0, 99999.99918309289, 99999.99863801456]
J=3.0e-04, ⟨Jf⟩=2.7e-04, ⟨B·n⟩=4.1e-03, Len=sum([5.2, 5.2, 4.9])=15.4, ϰ=[5.5, 6.7, 5.9], ∫ϰ²/L>=[5.0, 7.1, 8.1], C-C-Sep=0.20, ║∇J║=7.7e-05
Iteration 1781/2000-----
currents: [100000.0, 99999.99918247428, 99999.99863698319]
J=3.0e-04, ⟨Jf⟩=2.7e-04, ⟨B·n⟩=4.1e-03, Len=sum([5.2, 5.2, 4.9])=15.4, ϰ=[5.5, 6.7, 5.9], ∫ϰ²/L>=[5.0, 7.1, 8.1], C-C-Sep=0.20, ║∇J║=3.9e-05
Iteration 1782/2000-----
currents: [100000.0, 99999.99918197449, 99999.99863615022]
J=3.0e-04, ⟨Jf⟩=2.7e-04, ⟨B·n⟩=4.1e-03, Len=sum([5.2, 5.2, 4.9])=15.4, ϰ=[5.5, 6.7, 5.9], ∫ϰ²/L>=[5.0, 7.1, 8.1], C-C-Sep=0.20, ║∇J║=3.6e-05
Iteration 1783/2000-----
currents: [100000.0, 99999.99917842865, 99999.99863023813]
J=3.0e-04, ⟨Jf⟩=2.7e-04, ⟨B·n⟩=4.1e-03, Len=sum([5.2, 5.2, 4.9])=15.4, ϰ=[5.5, 6.7, 5.9], ∫ϰ²/L>=[5.0, 7.1, 8.1], C-C-Sep=0.20, ║∇J║=8.3e-05
Iteration 1784/2000-----
currents: [100000.0, 99999.99917882185, 99999.99863089406]
J=3.0e-04, ⟨Jf⟩=2.7e-04, ⟨B·n⟩=4.1e-03, Len=sum([5.2, 5.2, 4.9])=15.4, ϰ=[5.5, 6.7, 5.9], ∫ϰ²/L>=[5.0, 7.1, 8.1], C-C-Sep=0.20, ║∇J║=5.3e-05
Iteration 1785/2000-----
currents: [100000.0, 99999.9991783535, 99999.99863011336]
J=3.0e-04, ⟨Jf⟩=2.7e-04, ⟨B·n⟩=4.1e-03, Len=sum([5.2, 5.2, 4.9])=15.4, ϰ=[5.5, 6.7, 5.9], ∫ϰ²/L>=[5.0, 7.1, 8.1], C-C-Sep=0.20, ║∇J║=4.4e-05
Iteration 1786/2000-----
currents: [100000.0, 99999.99917663379, 99999.99862724604]
J=3.0e-04, ⟨Jf⟩=2.7e-04, ⟨B·n⟩=4.1e-03, Len=sum([5.2, 5.2, 4.9])=15.4, ϰ=[5.5, 6.7, 5.9], ∫ϰ²/L>=[5.0, 7.1, 8.1], C-C-Sep=0.20, ║∇J║=5.3e-05
Iteration 1787/2000-----
currents: [100000.0, 99999.99917450405, 99999.99862369482]
J=3.0e-04, ⟨Jf⟩=2.7e-04, ⟨B·n⟩=4.1e-03, Len=sum([5.2, 5.2, 4.9])=15.4, ϰ=[5.5, 6.7, 5.9], ∫ϰ²/L>=[5.0, 7.1, 8.1], C-C-Sep=0.20, ║∇J║=6.8e-05
Iteration 1788/2000-----
currents: [100000.0, 99999.99917179467, 99999.99861917704]
J=3.0e-04, ⟨Jf⟩=2.7e-04, ⟨B·n⟩=4.1e-03, Len=sum([5.2, 5.2, 4.9])=15.4, ϰ=[5.5, 6.7, 5.9], ∫ϰ²/L>=[5.0, 7.1, 8.1], C-C-Sep=0.20, ║∇J║=6.0e-05
Iteration 1789/2000-----
currents: [100000.0, 99999.99916688674, 99999.99861099315]
J=3.0e-04, ⟨Jf⟩=2.7e-04, ⟨B·n⟩=4.1e-03, Len=sum([5.2, 5.2, 4.9])=15.4, ϰ=[5.5, 6.7, 5.9], ∫ϰ²/L>=[5.0, 7.1, 8.1], C-C-Sep=0.20, ║∇J║=8.3e-05
Iteration 1790/2000-----
currents: [100000.0, 99999.99915568718, 99999.9985923176]
J=3.0e-04, ⟨Jf⟩=2.7e-04, ⟨B·n⟩=4.1e-03, Len=sum([5.2, 5.2, 4.9])=15.4, ϰ=[5.5, 6.7, 5.9], ∫ϰ²/L>=[5.0, 7.1, 8.1], C-C-Sep=0.20, ║∇J║=2.0e-04
Iteration 1791/2000-----
currents: [100000.0, 99999.99916313146, 99999.99860473112]
J=3.0e-04, ⟨Jf⟩=2.7e-04, ⟨B·n⟩=4.1e-03, Len=sum([5.2, 5.2, 4.9])=15.4, ϰ=[5.5, 6.7, 5.9], ∫ϰ²/L>=[5.0, 7.1, 8.1], C-C-Sep=0.20, ║∇J║=1.1e-04
Iteration 1792/2000-----
currents: [100000.0, 99999.9991597419, 99999.9985990784]
J=3.0e-04, ⟨Jf⟩=2.7e-04, ⟨B·n⟩=4.1e-03, Len=sum([5.2, 5.2, 4.9])=15.4, ϰ=[5.5, 6.7, 5.9], ∫ϰ²/L>=[5.0, 7.1, 8.1], C-C-Sep=0.20, ║∇J║=2.2e-04
Iteration 1793/2000-----
currents: [100000.0, 99999.99916169219, 99999.99860233089]
J=3.0e-04, ⟨Jf⟩=2.7e-04, ⟨B·n⟩=4.1e-03, Len=sum([5.2, 5.2, 4.9])=15.4, ϰ=[5.5, 6.7, 5.9], ∫ϰ²/L>=[5.0, 7.1, 8.1], C-C-Sep=0.20, ║∇J║=1.3e-04
Iteration 1794/2000-----
currents: [100000.0, 99999.9991590763, 99999.99859796865]
J=3.0e-04, ⟨Jf⟩=2.7e-04, ⟨B·n⟩=4.1e-03, Len=sum([5.2, 5.2, 4.9])=15.4, ϰ=[5.5, 6.7, 5.9], ∫ϰ²/L>=[5.0, 7.1, 8.1], C-C-Sep=0.20, ║∇J║=9.4e-05
Iteration 1795/2000-----
currents: [100000.0, 99999.99915653304, 99999.99859372778]
J=3.0e-04, ⟨Jf⟩=2.7e-04, ⟨B·n⟩=4.1e-03, Len=sum([5.2, 5.2, 4.9])=15.4, ϰ=[5.5, 6.7, 5.9], ∫ϰ²/L>=[5.0, 7.1, 8.1], C-C-Sep=0.20, ║∇J║=6.9e-05
Iteration 1796/2000-----
currents: [100000.0, 99999.99915300394, 99999.99858784245]
J=3.0e-04, ⟨Jf⟩=2.7e-04, ⟨B·n⟩=4.1e-03, Len=sum([5.2, 5.2, 4.9])=15.4, ϰ=[5.5, 6.7, 5.9], ∫ϰ²/L>=[5.0, 7.1, 8.1], C-C-Sep=0.20, ║∇J║=8.7e-05
Iteration 1797/2000-----
currents: [100000.0, 99999.99914637425, 99999.99857678737]
J=3.0e-04, ⟨Jf⟩=2.7e-04, ⟨B·n⟩=4.1e-03, Len=sum([5.2, 5.2, 4.9])=15.4, ϰ=[5.5, 6.7, 5.9], ∫ϰ²/L>=[5.0, 7.1, 8.1], C-C-Sep=0.20, ║∇J║=1.6e-04
Iteration 1798/2000-----
currents: [100000.0, 99999.99914981225, 99999.99858252027]
J=3.0e-04, ⟨Jf⟩=2.7e-04, ⟨B·n⟩=4.1e-03, Len=sum([5.2, 5.2, 4.9])=15.4, ϰ=[5.5, 6.7, 5.9], ∫ϰ²/L>=[5.0, 7.1, 8.1], C-C-Sep=0.20, ║∇J║=9.5e-05
Iteration 1799/2000-----
currents: [100000.0, 99999.9991486153, 99999.99858052425]
J=3.0e-04, ⟨Jf⟩=2.7e-04, ⟨B·n⟩=4.1e-03, Len=sum([5.2, 5.2, 4.9])=15.4, ϰ=[5.5, 6.7, 5.9], ∫ϰ²/L>=[5.0, 7.1, 8.1], C-C-Sep=0.20, ║∇J║=9.3e-05
Iteration 1800/2000-----
currents: [100000.0, 99999.99914236715, 99999.99857010503]
J=3.0e-04, ⟨Jf⟩=2.7e-04, ⟨B·n⟩=4.1e-03, Len=sum([5.2, 5.2, 4.9])=15.4, ϰ=[5.5, 6.7, 5.9], ∫ϰ²/L>=[5.0, 7.1, 8.1], C-C-Sep=0.20, ║∇J║=1.4e-04
Iteration 1801/2000-----
currents: [100000.0, 99999.99914267595, 99999.99857061983]
J=3.0e-04, ⟨Jf⟩=2.7e-04, ⟨B·n⟩=4.1e-03, Len=sum([5.2, 5.2, 4.9])=15.4, ϰ=[5.5, 6.7, 5.9], ∫ϰ²/L>=[5.0, 7.1, 8.1], C-C-Sep=0.20, ║∇J║=7.6e-05
Iteration 1802/2000-----
currents: [100000.0, 99999.99914124658, 99999.99856823639]
J=3.0e-04, ⟨Jf⟩=2.7e-04, ⟨B·n⟩=4.1e-03, Len=sum([5.2, 5.2, 4.9])=15.4, ϰ=[5.5, 6.7, 5.9], ∫ϰ²/L>=[5.0, 7.1, 8.1], C-C-Sep=0.20, ║∇J║=6.1e-05
Iteration 1803/2000-----
currents: [100000.0, 99999.99913755433, 99999.99856207923]
J=3.0e-04, ⟨Jf⟩=2.7e-04, ⟨B·n⟩=4.1e-03, Len=sum([5.2, 5.2, 4.9])=15.4, ϰ=[5.5, 6.7, 5.9], ∫ϰ²/L>=[5.0, 7.1, 8.1], C-C-Sep=0.20, ║∇J║=8.4e-05
Iteration 1804/2000-----
currents: [100000.0, 99999.99913474846, 99999.99855740002]
J=3.0e-04, ⟨Jf⟩=2.7e-04, ⟨B·n⟩=4.1e-03, Len=sum([5.2, 5.2, 4.9])=15.4, ϰ=[5.5, 6.7, 5.9], ∫ϰ²/L>=[5.0, 7.1, 8.1], C-C-Sep=0.20, ║∇J║=9.7e-05
Iteration 1805/2000-----
currents: [100000.0, 99999.99913392619, 99999.99855602857]
J=3.0e-04, ⟨Jf⟩=2.7e-04, ⟨B·n⟩=4.1e-03, Len=sum([5.2, 5.2, 4.9])=15.4, ϰ=[5.5, 6.7, 5.9], ∫ϰ²/L>=[5.0, 7.1, 8.1], C-C-Sep=0.20, ║∇J║=5.7e-05
Iteration 1806/2000-----
currents: [100000.0, 99999.99912989212, 99999.9985493014]
J=3.0e-04, ⟨Jf⟩=2.7e-04, ⟨B·n⟩=4.1e-03, Len=sum([5.2, 5.2, 4.9])=15.4, ϰ=[5.5, 6.7, 5.9], ∫ϰ²/L>=[5.0, 7.1, 8.1], C-C-Sep=0.20, ║∇J║=6.7e-05
Iteration 1807/2000-----
currents: [100000.0, 99999.9991306355, 99999.99855054123]
J=3.0e-04, ⟨Jf⟩=2.7e-04, ⟨B·n⟩=4.1e-03, Len=sum([5.2, 5.2, 4.9])=15.4, ϰ=[5.5, 6.7, 5.9], ∫ϰ²/L>=[5.0, 7.1, 8.1], C-C-Sep=0.20, ║∇J║=6.7e-05
Iteration 1808/2000-----
currents: [100000.0, 99999.99912944938, 99999.99854856357]
J=3.0e-04, ⟨Jf⟩=2.7e-04, ⟨B·n⟩=4.1e-03, Len=sum([5.2, 5.2, 4.9])=15.4, ϰ=[5.5, 6.7, 5.9], ∫ϰ²/L>=[5.0, 7.1, 8.1], C-C-Sep=0.20, ║∇J║=5.8e-05
Iteration 1809/2000-----
currents: [100000.0, 99999.99912741562, 99999.99854517233]
J=3.0e-04, ⟨Jf⟩=2.7e-04, ⟨B·n⟩=4.1e-03, Len=sum([5.2, 5.2, 4.9])=15.4, ϰ=[5.5, 6.7, 5.9], ∫ϰ²/L>=[5.0, 7.1, 8.1], C-C-Sep=0.20, ║∇J║=4.5e-05
Iteration 1810/2000-----
currents: [100000.0, 99999.99912599752, 99999.99854280795]
J=3.0e-04, ⟨Jf⟩=2.7e-04, ⟨B·n⟩=4.1e-03, Len=sum([5.2, 5.2, 4.9])=15.4, ϰ=[5.5, 6.7, 5.9], ∫ϰ²/L>=[5.0, 7.1, 8.1], C-C-Sep=0.20, ║∇J║=5.1e-05
Iteration 1811/2000-----
currents: [100000.0, 99999.99912356875, 99999.99853875831]
J=3.0e-04, ⟨Jf⟩=2.7e-04, ⟨B·n⟩=4.1e-03, Len=sum([5.2, 5.2, 4.9])=15.4, ϰ=[5.5, 6.7, 5.9], ∫ϰ²/L>=[5.0, 7.1, 8.1], C-C-Sep=0.20, ║∇J║=8.0e-05
Iteration 1812/2000-----
currents: [100000.0, 99999.9991232443, 99999.99853821685]
J=3.0e-04, ⟨Jf⟩=2.7e-04, ⟨B·n⟩=4.1e-03, Len=sum([5.2, 5.2, 4.9])=15.4, ϰ=[5.5, 6.7, 5.9], ∫ϰ²/L>=[5.0, 7.1, 8.1], C-C-Sep=0.20, ║∇J║=6.7e-05
Iteration 1813/2000-----
currents: [100000.0, 99999.9991227935, 99999.99853746545]
J=3.0e-04, ⟨Jf⟩=2.7e-04, ⟨B·n⟩=4.1e-03, Len=sum([5.2, 5.2, 4.9])=15.4, ϰ=[5.5, 6.7, 5.9], ∫ϰ²/L>=[5.0, 7.1, 8.1], C-C-Sep=0.20, ║∇J║=5.2e-05
Iteration 1814/2000-----
currents: [100000.0, 99999.99912268022, 99999.99853727632]
J=3.0e-04, ⟨Jf⟩=2.7e-04, ⟨B·n⟩=4.1e-03, Len=sum([5.2, 5.2, 4.9])=15.4, ϰ=[5.5, 6.7, 5.9], ∫ϰ²/L>=[5.0, 7.1, 8.1], C-C-Sep=0.20, ║∇J║=5.6e-05
Iteration 1815/2000-----
currents: [100000.0, 99999.99912162893, 99999.99853552382]
J=3.0e-04, ⟨Jf⟩=2.7e-04, ⟨B·n⟩=4.1e-03, Len=sum([5.2, 5.2, 4.9])=15.4, ϰ=[5.5, 6.7, 5.9], ∫ϰ²/L>=[5.0, 7.1, 8.1], C-C-Sep=0.20, ║∇J║=6.7e-05
Iteration 1816/2000-----
currents: [100000.0, 99999.99912086579, 99999.99853425172]
J=3.0e-04, ⟨Jf⟩=2.7e-04, ⟨B·n⟩=4.1e-03, Len=sum([5.2, 5.2, 4.9])=15.4, ϰ=[5.5, 6.7, 5.9], ∫ϰ²/L>=[5.0, 7.1, 8.1], C-C-Sep=0.20, ║∇J║=6.9e-05
Iteration 1817/2000-----
currents: [100000.0, 99999.99911926086, 99999.99853157575]
J=3.0e-04, ⟨Jf⟩=2.7e-04, ⟨B·n⟩=4.1e-03, Len=sum([5.2, 5.2, 4.9])=15.4, ϰ=[5.5, 6.7, 5.9], ∫ϰ²/L>=[5.0, 7.1, 8.1], C-C-Sep=0.20, ║∇J║=6.8e-05
Iteration 1818/2000-----
currents: [100000.0, 99999.99911779379, 99999.99852913037]
J=3.0e-04, ⟨Jf⟩=2.7e-04, ⟨B·n⟩=4.1e-03, Len=sum([5.2, 5.2, 4.9])=15.4, ϰ=[5.5, 6.7, 5.9], ∫ϰ²/L>=[5.0, 7.1, 8.1], C-C-Sep=0.20, ║∇J║=8.4e-05
Iteration 1819/2000-----
currents: [100000.0, 99999.99911708392, 99999.99852794677]
J=3.0e-04, ⟨Jf⟩=2.7e-04, ⟨B·n⟩=4.1e-03, Len=sum([5.2, 5.2, 4.9])=15.4, ϰ=[5.5, 6.7, 5.9], ∫ϰ²/L>=[5.0, 7.1, 8.1], C-C-Sep=0.20, ║∇J║=5.6e-05
Iteration 1820/2000-----
currents: [100000.0, 99999.99911533414, 99999.9985250292]
J=3.0e-04, ⟨Jf⟩=2.7e-04, ⟨B·n⟩=4.1e-03, Len=sum([5.2, 5.2, 4.9])=15.4, ϰ=[5.5, 6.7, 5.9], ∫ϰ²/L>=[5.0, 7.1, 8.1], C-C-Sep=0.20, ║∇J║=5.2e-05
Iteration 1821/2000-----
currents: [100000.0, 99999.9991151737, 99999.99852476189]
J=3.0e-04, ⟨Jf⟩=2.7e-04, ⟨B·n⟩=4.1e-03, Len=sum([5.2, 5.2, 4.9])=15.4, ϰ=[5.5, 6.7, 5.9], ∫ϰ²/L>=[5.0, 7.1, 8.1], C-C-Sep=0.20, ║∇J║=5.0e-05
Iteration 1822/2000-----
currents: [100000.0, 99999.9991127831, 99999.99852077568]
J=3.0e-04, ⟨Jf⟩=2.7e-04, ⟨B·n⟩=4.1e-03, Len=sum([5.2, 5.2, 4.9])=15.4, ϰ=[5.5, 6.7, 5.9], ∫ϰ²/L>=[5.0, 7.1, 8.1], C-C-Sep=0.20, ║∇J║=5.4e-05
Iteration 1823/2000-----
currents: [100000.0, 99999.99911236108, 99999.99852007217]
J=3.0e-04, ⟨Jf⟩=2.7e-04, ⟨B·n⟩=4.1e-03, Len=sum([5.2, 5.2, 4.9])=15.4, ϰ=[5.5, 6.7, 5.9], ∫ϰ²/L>=[5.0, 7.1, 8.1], C-C-Sep=0.20, ║∇J║=7.6e-05
Iteration 1824/2000-----
currents: [100000.0, 99999.99911082968, 99999.9985175184]
J=3.0e-04, ⟨Jf⟩=2.7e-04, ⟨B·n⟩=4.1e-03, Len=sum([5.2, 5.2, 4.9])=15.4, ϰ=[5.5, 6.7, 5.9], ∫ϰ²/L>=[5.0, 7.1, 8.1], C-C-Sep=0.20, ║∇J║=5.2e-05
Iteration 1825/2000-----
currents: [100000.0, 99999.99911104738, 99999.99851788099]
J=3.0e-04, ⟨Jf⟩=2.7e-04, ⟨B·n⟩=4.1e-03, Len=sum([5.2, 5.2, 4.9])=15.4, ϰ=[5.5, 6.7, 5.9], ∫ϰ²/L>=[5.0, 7.1, 8.1], C-C-Sep=0.20, ║∇J║=4.7e-05
Iteration 1826/2000-----
currents: [100000.0, 99999.99911038825, 99999.99851678182]
J=3.0e-04, ⟨Jf⟩=2.7e-04, ⟨B·n⟩=4.1e-03, Len=sum([5.2, 5.2, 4.9])=15.4, ϰ=[5.5, 6.7, 5.9], ∫ϰ²/L>=[5.0, 7.1, 8.1], C-C-Sep=0.20, ║∇J║=4.7e-05
Iteration 1827/2000-----
currents: [100000.0, 99999.9991091579, 99999.99851473035]
J=3.0e-04, ⟨Jf⟩=2.7e-04, ⟨B·n⟩=4.1e-03, Len=sum([5.2, 5.2, 4.9])=15.4, ϰ=[5.5, 6.7, 5.9], ∫ϰ²/L>=[5.0, 7.1, 8.1], C-C-Sep=0.20, ║∇J║=6.0e-05
Iteration 1828/2000-----
currents: [100000.0, 99999.999108299, 99999.99851329818]
J=3.0e-04, ⟨Jf⟩=2.7e-04, ⟨B·n⟩=4.1e-03, Len=sum([5.2, 5.2, 4.9])=15.4, ϰ=[5.5, 6.7, 5.9], ∫ϰ²/L>=[5.0, 7.1, 8.1], C-C-Sep=0.20, ║∇J║=5.2e-05
Iteration 1829/2000-----
currents: [100000.0, 99999.99910791276, 99999.99851265461]
J=3.0e-04, ⟨Jf⟩=2.7e-04, ⟨B·n⟩=4.1e-03, Len=sum([5.2, 5.2, 4.9])=15.4, ϰ=[5.5, 6.7, 5.9], ∫ϰ²/L>=[5.0, 7.1, 8.1], C-C-Sep=0.20, ║∇J║=4.2e-05
Iteration 1830/2000-----
currents: [100000.0, 99999.9991065085, 99999.99851031357]
J=3.0e-04, ⟨Jf⟩=2.7e-04, ⟨B·n⟩=4.1e-03, Len=sum([5.2, 5.2, 4.9])=15.4, ϰ=[5.5, 6.7, 5.9], ∫ϰ²/L>=[5.0, 7.1, 8.1], C-C-Sep=0.20, ║∇J║=4.9e-05
Iteration 1831/2000-----
currents: [100000.0, 99999.9991065732, 99999.99851042175]
J=3.0e-04, ⟨Jf⟩=2.7e-04, ⟨B·n⟩=4.1e-03, Len=sum([5.2, 5.2, 4.9])=15.4, ϰ=[5.5, 6.7, 5.9], ∫ϰ²/L>=[5.0, 7.1, 8.1], C-C-Sep=0.20, ║∇J║=6.2e-05
Iteration 1832/2000-----
currents: [100000.0, 99999.99910582439, 99999.99850917309]
J=3.0e-04, ⟨Jf⟩=2.7e-04, ⟨B·n⟩=4.1e-03, Len=sum([5.2, 5.2, 4.9])=15.4, ϰ=[5.5, 6.7, 5.9], ∫ϰ²/L>=[5.0, 7.1, 8.1], C-C-Sep=0.20, ║∇J║=4.6e-05
Iteration 1833/2000-----
currents: [100000.0, 99999.99910469555, 99999.99850729071]
J=3.0e-04, ⟨Jf⟩=2.7e-04, ⟨B·n⟩=4.1e-03, Len=sum([5.2, 5.2, 4.9])=15.4, ϰ=[5.5, 6.7, 5.9], ∫ϰ²/L>=[5.0, 7.1, 8.1], C-C-Sep=0.20, ║∇J║=4.1e-05
Iteration 1834/2000-----
currents: [100000.0, 99999.99910351406, 99999.99850532049]
J=3.0e-04, ⟨Jf⟩=2.7e-04, ⟨B·n⟩=4.1e-03, Len=sum([5.2, 5.2, 4.9])=15.4, ϰ=[5.5, 6.7, 5.9], ∫ϰ²/L>=[5.0, 7.1, 8.1], C-C-Sep=0.20, ║∇J║=4.8e-05
Iteration 1835/2000-----
currents: [100000.0, 99999.99910267754, 99999.99850392593]
J=3.0e-04, ⟨Jf⟩=2.7e-04, ⟨B·n⟩=4.1e-03, Len=sum([5.2, 5.2, 4.9])=15.4, ϰ=[5.5, 6.7, 5.9], ∫ϰ²/L>=[5.0, 7.1, 8.1], C-C-Sep=0.20, ║∇J║=5.8e-05
Iteration 1836/2000-----
currents: [100000.0, 99999.9991002311, 99999.99849984662]
J=3.0e-04, ⟨Jf⟩=2.7e-04, ⟨B·n⟩=4.1e-03, Len=sum([5.2, 5.2, 4.9])=15.4, ϰ=[5.5, 6.7, 5.9], ∫ϰ²/L>=[5.0, 7.1, 8.1], C-C-Sep=0.20, ║∇J║=6.3e-05
Iteration 1837/2000-----
currents: [100000.0, 99999.99910061137, 99999.99850048077]
J=3.0e-04, ⟨Jf⟩=2.7e-04, ⟨B·n⟩=4.1e-03, Len=sum([5.2, 5.2, 4.9])=15.4, ϰ=[5.5, 6.7, 5.9], ∫ϰ²/L>=[5.0, 7.1, 8.1], C-C-Sep=0.20, ║∇J║=4.8e-05
Iteration 1838/2000-----
currents: [100000.0, 99999.9991000357, 99999.99849952116]
J=3.0e-04, ⟨Jf⟩=2.7e-04, ⟨B·n⟩=4.1e-03, Len=sum([5.2, 5.2, 4.9])=15.4, ϰ=[5.5, 6.7, 5.9], ∫ϰ²/L>=[5.0, 7.1, 8.1], C-C-Sep=0.20, ║∇J║=3.7e-05
Iteration 1839/2000-----
currents: [100000.0, 99999.99909975792, 99999.99849905813]
J=3.0e-04, ⟨Jf⟩=2.7e-04, ⟨B·n⟩=4.1e-03, Len=sum([5.2, 5.2, 4.9])=15.4, ϰ=[5.5, 6.7, 5.9], ∫ϰ²/L>=[5.0, 7.1, 8.1], C-C-Sep=0.20, ║∇J║=3.0e-05
Iteration 1840/2000-----
currents: [100000.0, 99999.99909827906, 99999.99849659219]
J=3.0e-04, ⟨Jf⟩=2.7e-04, ⟨B·n⟩=4.1e-03, Len=sum([5.2, 5.2, 4.9])=15.4, ϰ=[5.5, 6.7, 5.9], ∫ϰ²/L>=[5.0, 7.1, 8.1], C-C-Sep=0.20, ║∇J║=3.4e-05
Iteration 1841/2000-----
currents: [100000.0, 99999.99909661782, 99999.9984938223]
J=3.0e-04, ⟨Jf⟩=2.7e-04, ⟨B·n⟩=4.1e-03, Len=sum([5.2, 5.2, 4.9])=15.4, ϰ=[5.5, 6.7, 5.9], ∫ϰ²/L>=[5.0, 7.1, 8.1], C-C-Sep=0.20, ║∇J║=5.5e-05
Iteration 1842/2000-----
currents: [100000.0, 99999.99909586468, 99999.99849256648]
J=3.0e-04, ⟨Jf⟩=2.7e-04, ⟨B·n⟩=4.1e-03, Len=sum([5.2, 5.2, 4.9])=15.4, ϰ=[5.5, 6.7, 5.9], ∫ϰ²/L>=[5.0, 7.1, 8.1], C-C-Sep=0.20, ║∇J║=3.3e-05
Iteration 1843/2000-----
currents: [100000.0, 99999.99909452243, 99999.9984903283]
J=3.0e-04, ⟨Jf⟩=2.7e-04, ⟨B·n⟩=4.1e-03, Len=sum([5.2, 5.2, 4.9])=15.4, ϰ=[5.5, 6.7, 5.9], ∫ϰ²/L>=[5.0, 7.1, 8.1], C-C-Sep=0.20, ║∇J║=3.4e-05
Iteration 1844/2000-----
currents: [100000.0, 99999.99909359941, 99999.99848878935]
J=3.0e-04, ⟨Jf⟩=2.7e-04, ⟨B·n⟩=4.1e-03, Len=sum([5.2, 5.2, 4.9])=15.4, ϰ=[5.5, 6.7, 5.9], ∫ϰ²/L>=[5.0, 7.1, 8.1], C-C-Sep=0.20, ║∇J║=4.0e-05
Iteration 1845/2000-----
currents: [100000.0, 99999.99909132306, 99999.99848499354]
J=3.0e-04, ⟨Jf⟩=2.7e-04, ⟨B·n⟩=4.1e-03, Len=sum([5.2, 5.2, 4.9])=15.4, ϰ=[5.5, 6.7, 5.9], ∫ϰ²/L>=[5.0, 7.1, 8.1], C-C-Sep=0.20, ║∇J║=4.4e-05
Iteration 1846/2000-----
currents: [100000.0, 99999.99909015358, 99999.99848304348]
J=3.0e-04, ⟨Jf⟩=2.7e-04, ⟨B·n⟩=4.1e-03, Len=sum([5.2, 5.2, 4.9])=15.4, ϰ=[5.5, 6.7, 5.9], ∫ϰ²/L>=[5.0, 7.1, 8.1], C-C-Sep=0.20, ║∇J║=3.8e-05
Iteration 1847/2000-----
currents: [100000.0, 99999.99908953538, 99999.99848201247]
J=3.0e-04, ⟨Jf⟩=2.7e-04, ⟨B·n⟩=4.1e-03, Len=sum([5.2, 5.2, 4.9])=15.4, ϰ=[5.5, 6.7, 5.9], ∫ϰ²/L>=[5.0, 7.1, 8.1], C-C-Sep=0.20, ║∇J║=3.4e-05
Iteration 1848/2000-----
currents: [100000.0, 99999.99908733102, 99999.99847833667]
J=3.0e-04, ⟨Jf⟩=2.7e-04, ⟨B·n⟩=4.1e-03, Len=sum([5.2, 5.2, 4.9])=15.4, ϰ=[5.5, 6.7, 5.9], ∫ϰ²/L>=[5.0, 7.1, 8.1], C-C-Sep=0.20, ║∇J║=4.5e-05
Iteration 1849/2000-----
currents: [100000.0, 99999.9990845329, 99999.99847367054]
J=3.0e-04, ⟨Jf⟩=2.7e-04, ⟨B·n⟩=4.1e-03, Len=sum([5.2, 5.2, 4.9])=15.4, ϰ=[5.5, 6.7, 5.9], ∫ϰ²/L>=[5.0, 7.1, 8.1], C-C-Sep=0.20, ║∇J║=5.1e-05
Iteration 1850/2000-----
currents: [100000.0, 99999.99908177003, 99999.9984690633]
J=3.0e-04, ⟨Jf⟩=2.7e-04, ⟨B·n⟩=4.1e-03, Len=sum([5.2, 5.2, 4.9])=15.4, ϰ=[5.5, 6.7, 5.9], ∫ϰ²/L>=[5.0, 7.1, 8.1], C-C-Sep=0.20, ║∇J║=5.3e-05
Iteration 1851/2000-----
currents: [100000.0, 99999.99907540619, 99999.99845845214]
J=3.0e-04, ⟨Jf⟩=2.7e-04, ⟨B·n⟩=4.1e-03, Len=sum([5.2, 5.2, 4.9])=15.4, ϰ=[5.5, 6.7, 5.9], ∫ϰ²/L>=[5.0, 7.1, 8.1], C-C-Sep=0.20, ║∇J║=9.2e-05
Iteration 1852/2000-----
currents: [100000.0, 99999.99907609921, 99999.99845960751]
J=3.0e-04, ⟨Jf⟩=2.7e-04, ⟨B·n⟩=4.1e-03, Len=sum([5.2, 5.2, 4.9])=15.4, ϰ=[5.5, 6.7, 5.9], ∫ϰ²/L>=[5.0, 7.1, 8.1], C-C-Sep=0.20, ║∇J║=1.0e-04
Iteration 1853/2000-----
currents: [100000.0, 99999.99907410807, 99999.99845628749]
J=3.0e-04, ⟨Jf⟩=2.7e-04, ⟨B·n⟩=4.1e-03, Len=sum([5.2, 5.2, 4.9])=15.4, ϰ=[5.5, 6.7, 5.9], ∫ϰ²/L>=[5.0, 7.1, 8.1], C-C-Sep=0.20, ║∇J║=8.7e-05
Iteration 1854/2000-----
currents: [100000.0, 99999.99907327158, 99999.99845489283]
J=3.0e-04, ⟨Jf⟩=2.7e-04, ⟨B·n⟩=4.1e-03, Len=sum([5.2, 5.2, 4.9])=15.4, ϰ=[5.5, 6.7, 5.9], ∫ϰ²/L>=[5.0, 7.1, 8.1], C-C-Sep=0.20, ║∇J║=5.5e-05
Iteration 1855/2000-----
currents: [100000.0, 99999.9990721519, 99999.99845302566]
J=3.0e-04, ⟨Jf⟩=2.7e-04, ⟨B·n⟩=4.1e-03, Len=sum([5.2, 5.2, 4.9])=15.4, ϰ=[5.5, 6.7, 5.9], ∫ϰ²/L>=[5.0, 7.1, 8.1], C-C-Sep=0.20, ║∇J║=4.4e-05
Iteration 1856/2000-----
currents: [100000.0, 99999.99907051952, 99999.99845030342]
J=3.0e-04, ⟨Jf⟩=2.7e-04, ⟨B·n⟩=4.1e-03, Len=sum([5.2, 5.2, 4.9])=15.4, ϰ=[5.5, 6.7, 5.9], ∫ϰ²/L>=[5.0, 7.1, 8.1], C-C-Sep=0.20, ║∇J║=4.8e-05
Iteration 1857/2000-----
currents: [100000.0, 99999.99906703176, 99999.99844448744]
J=3.0e-04, ⟨Jf⟩=2.7e-04, ⟨B·n⟩=4.1e-03, Len=sum([5.2, 5.2, 4.9])=15.4, ϰ=[5.5, 6.7, 5.9], ∫ϰ²/L>=[5.0, 7.1, 8.1], C-C-Sep=0.20, ║∇J║=6.1e-05
Iteration 1858/2000-----
currents: [100000.0, 99999.99906611363, 99999.99844295644]
J=3.0e-04, ⟨Jf⟩=2.7e-04, ⟨B·n⟩=4.1e-03, Len=sum([5.2, 5.2, 4.9])=15.4, ϰ=[5.5, 6.7, 5.9], ∫ϰ²/L>=[5.0, 7.1, 8.1], C-C-Sep=0.20, ║∇J║=5.1e-05
Iteration 1859/2000-----
currents: [100000.0, 99999.99906393145, 99999.99843931747]
J=3.0e-04, ⟨Jf⟩=2.7e-04, ⟨B·n⟩=4.1e-03, Len=sum([5.2, 5.2, 4.9])=15.4, ϰ=[5.5, 6.7, 5.9], ∫ϰ²/L>=[5.0, 7.1, 8.1], C-C-Sep=0.20, ║∇J║=6.0e-05
Iteration 1860/2000-----
currents: [100000.0, 99999.99906394028, 99999.99843933244]
J=3.0e-04, ⟨Jf⟩=2.7e-04, ⟨B·n⟩=4.1e-03, Len=sum([5.2, 5.2, 4.9])=15.4, ϰ=[5.5, 6.7, 5.9], ∫ϰ²/L>=[5.0, 7.1, 8.1], C-C-Sep=0.20, ║∇J║=5.1e-05
Iteration 1861/2000-----
currents: [100000.0, 99999.99906259919, 99999.99843709657]
J=3.0e-04, ⟨Jf⟩=2.7e-04, ⟨B·n⟩=4.1e-03, Len=sum([5.2, 5.2, 4.9])=15.4, ϰ=[5.5, 6.7, 5.9], ∫ϰ²/L>=[5.0, 7.1, 8.1], C-C-Sep=0.20, ║∇J║=5.0e-05
Iteration 1862/2000-----
currents: [100000.0, 99999.99906167467, 99999.99843555514]
J=3.0e-04, ⟨Jf⟩=2.7e-04, ⟨B·n⟩=4.1e-03, Len=sum([5.2, 5.2, 4.9])=15.4, ϰ=[5.5, 6.7, 5.9], ∫ϰ²/L>=[5.0, 7.1, 8.1], C-C-Sep=0.20, ║∇J║=4.7e-05
Iteration 1863/2000-----
currents: [100000.0, 99999.99905805833, 99999.99842952497]
J=3.0e-04, ⟨Jf⟩=2.7e-04, ⟨B·n⟩=4.1e-03, Len=sum([5.2, 5.2, 4.9])=15.4, ϰ=[5.5, 6.7, 5.9], ∫ϰ²/L>=[5.0, 7.1, 8.1], C-C-Sep=0.20, ║∇J║=6.1e-05
Iteration 1864/2000-----
currents: [100000.0, 99999.99905845583, 99999.99843018787]
J=3.0e-04, ⟨Jf⟩=2.7e-04, ⟨B·n⟩=4.1e-03, Len=sum([5.2, 5.2, 4.9])=15.4, ϰ=[5.5, 6.7, 5.9], ∫ϰ²/L>=[5.0, 7.1, 8.1], C-C-Sep=0.20, ║∇J║=4.9e-05
Iteration 1865/2000-----
currents: [100000.0, 99999.9990580693, 99999.99842954313]
J=3.0e-04, ⟨Jf⟩=2.7e-04, ⟨B·n⟩=4.1e-03, Len=sum([5.2, 5.2, 4.9])=15.4, ϰ=[5.5, 6.7, 5.9], ∫ϰ²/L>=[5.0, 7.1, 8.1], C-C-Sep=0.20, ║∇J║=3.8e-05
Iteration 1866/2000-----
currents: [100000.0, 99999.9990572869, 99999.99842823844]
J=3.0e-04, ⟨Jf⟩=2.7e-04, ⟨B·n⟩=4.1e-03, Len=sum([5.2, 5.2, 4.9])=15.4, ϰ=[5.5, 6.7, 5.9], ∫ϰ²/L>=[5.0, 7.1, 8.1], C-C-Sep=0.20, ║∇J║=3.3e-05
Iteration 1867/2000-----
currents: [100000.0, 99999.99905596144, 99999.99842602816]
J=3.0e-04, ⟨Jf⟩=2.7e-04, ⟨B·n⟩=4.1e-03, Len=sum([5.2, 5.2, 4.9])=15.4, ϰ=[5.5, 6.7, 5.9], ∫ϰ²/L>=[5.0, 7.1, 8.1], C-C-Sep=0.20, ║∇J║=4.4e-05
Iteration 1868/2000-----
currents: [100000.0, 99999.99905570396, 99999.99842559882]
J=3.0e-04, ⟨Jf⟩=2.7e-04, ⟨B·n⟩=4.1e-03, Len=sum([5.2, 5.2, 4.9])=15.4, ϰ=[5.5, 6.7, 5.9], ∫ϰ²/L>=[5.0, 7.1, 8.1], C-C-Sep=0.20, ║∇J║=5.2e-05
Iteration 1869/2000-----
currents: [100000.0, 99999.99905503906, 99999.99842449027]
J=3.0e-04, ⟨Jf⟩=2.7e-04, ⟨B·n⟩=4.1e-03, Len=sum([5.2, 5.2, 4.9])=15.4, ϰ=[5.5, 6.7, 5.9], ∫ϰ²/L>=[5.0, 7.1, 8.1], C-C-Sep=0.20, ║∇J║=3.2e-05
Iteration 1870/2000-----
currents: [100000.0, 99999.99905440793, 99999.99842343786]
J=3.0e-04, ⟨Jf⟩=2.7e-04, ⟨B·n⟩=4.1e-03, Len=sum([5.2, 5.2, 4.9])=15.4, ϰ=[5.5, 6.7, 5.9], ∫ϰ²/L>=[5.0, 7.1, 8.1], C-C-Sep=0.20, ║∇J║=3.1e-05
Iteration 1871/2000-----
currents: [100000.0, 99999.99905314202, 99999.9984213271]
J=3.0e-04, ⟨Jf⟩=2.7e-04, ⟨B·n⟩=4.1e-03, Len=sum([5.2, 5.2, 4.9])=15.4, ϰ=[5.5, 6.7, 5.9], ∫ϰ²/L>=[5.0, 7.1, 8.1], C-C-Sep=0.20, ║∇J║=3.6e-05
Iteration 1872/2000-----
currents: [100000.0, 99999.99904909288, 99999.99841457544]
J=3.0e-04, ⟨Jf⟩=2.7e-04, ⟨B·n⟩=4.1e-03, Len=sum([5.2, 5.2, 4.9])=15.4, ϰ=[5.5, 6.7, 5.9], ∫ϰ²/L>=[5.0, 7.1, 8.1], C-C-Sep=0.20, ║∇J║=6.0e-05
Iteration 1873/2000-----
currents: [100000.0, 99999.99904385764, 99999.99840584611]
J=3.0e-04, ⟨Jf⟩=2.7e-04, ⟨B·n⟩=4.1e-03, Len=sum([5.2, 5.2, 4.9])=15.4, ϰ=[5.5, 6.7, 5.9], ∫ϰ²/L>=[5.0, 7.1, 8.1], C-C-Sep=0.20, ║∇J║=8.1e-05
Iteration 1874/2000-----
currents: [100000.0, 99999.99904192053, 99999.99840261611]
J=3.0e-04, ⟨Jf⟩=2.7e-04, ⟨B·n⟩=4.1e-03, Len=sum([5.2, 5.2, 4.9])=15.4, ϰ=[5.5, 6.7, 5.9], ∫ϰ²/L>=[5.0, 7.1, 8.1], C-C-Sep=0.20, ║∇J║=6.2e-05
Iteration 1875/2000-----
currents: [100000.0, 99999.99902570219, 99999.998375573]
J=3.0e-04, ⟨Jf⟩=2.7e-04, ⟨B·n⟩=4.1e-03, Len=sum([5.2, 5.2, 4.9])=15.4, ϰ=[5.5, 6.7, 5.9], ∫ϰ²/L>=[5.0, 7.1, 8.1], C-C-Sep=0.20, ║∇J║=2.3e-04
Iteration 1876/2000-----
currents: [100000.0, 99999.99903658393, 99999.99839371767]
J=3.0e-04, ⟨Jf⟩=2.7e-04, ⟨B·n⟩=4.1e-03, Len=sum([5.2, 5.2, 4.9])=15.4, ϰ=[5.5, 6.7, 5.9], ∫ϰ²/L>=[5.0, 7.1, 8.1], C-C-Sep=0.20, ║∇J║=7.9e-05
Iteration 1877/2000-----
currents: [100000.0, 99999.99901689477, 99999.99836088666]
J=3.0e-04, ⟨Jf⟩=2.7e-04, ⟨B·n⟩=4.1e-03, Len=sum([5.2, 5.2, 4.9])=15.4, ϰ=[5.5, 6.7, 5.9], ∫ϰ²/L>=[5.0, 7.1, 8.1], C-C-Sep=0.20, ║∇J║=3.0e-04
Iteration 1878/2000-----
currents: [100000.0, 99999.99903258508, 99999.99838704972]
J=3.0e-04, ⟨Jf⟩=2.7e-04, ⟨B·n⟩=4.1e-03, Len=sum([5.2, 5.2, 4.9])=15.4, ϰ=[5.5, 6.7, 5.9], ∫ϰ²/L>=[5.0, 7.1, 8.1], C-C-Sep=0.20, ║∇J║=9.5e-05
Iteration 1879/2000-----
currents: [100000.0, 99999.99903092756, 99999.99838428618]
J=3.0e-04, ⟨Jf⟩=2.7e-04, ⟨B·n⟩=4.1e-03, Len=sum([5.2, 5.2, 4.9])=15.4, ϰ=[5.5, 6.7, 5.9], ∫ϰ²/L>=[5.0, 7.1, 8.1], C-C-Sep=0.20, ║∇J║=1.5e-04
Iteration 1880/2000-----
currents: [100000.0, 99999.99902692605, 99999.99837761342]
J=3.0e-04, ⟨Jf⟩=2.7e-04, ⟨B·n⟩=4.1e-03, Len=sum([5.2, 5.2, 4.9])=15.4, ϰ=[5.5, 6.7, 5.9], ∫ϰ²/L>=[5.0, 7.1, 8.1], C-C-Sep=0.20, ║∇J║=1.0e-04
Iteration 1881/2000-----
currents: [100000.0, 99999.99902552342, 99999.99837527446]
J=3.0e-04, ⟨Jf⟩=2.7e-04, ⟨B·n⟩=4.1e-03, Len=sum([5.2, 5.2, 4.9])=15.4, ϰ=[5.5, 6.7, 5.9], ∫ϰ²/L>=[5.0, 7.1, 8.1], C-C-Sep=0.20, ║∇J║=7.1e-05
Iteration 1882/2000-----
currents: [100000.0, 99999.99902385948, 99999.9983725003]
J=3.0e-04, ⟨Jf⟩=2.7e-04, ⟨B·n⟩=4.1e-03, Len=sum([5.2, 5.2, 4.9])=15.4, ϰ=[5.5, 6.7, 5.9], ∫ϰ²/L>=[5.0, 7.1, 8.1], C-C-Sep=0.20, ║∇J║=6.6e-05
Iteration 1883/2000-----
currents: [100000.0, 99999.99901978792, 99999.99836571119]
J=3.0e-04, ⟨Jf⟩=2.7e-04, ⟨B·n⟩=4.1e-03, Len=sum([5.2, 5.2, 4.9])=15.4, ϰ=[5.5, 6.7, 5.9], ∫ϰ²/L>=[5.0, 7.1, 8.1], C-C-Sep=0.20, ║∇J║=7.5e-05
Iteration 1884/2000-----
currents: [100000.0, 99999.99901788589, 99999.99836253945]
J=3.0e-04, ⟨Jf⟩=2.7e-04, ⟨B·n⟩=4.1e-03, Len=sum([5.2, 5.2, 4.9])=15.4, ϰ=[5.5, 6.7, 5.9], ∫ϰ²/L>=[5.0, 7.1, 8.1], C-C-Sep=0.20, ║∇J║=7.4e-05
Iteration 1885/2000-----
currents: [100000.0, 99999.99901245935, 99999.99835349155]
J=3.0e-04, ⟨Jf⟩=2.7e-04, ⟨B·n⟩=4.1e-03, Len=sum([5.2, 5.2, 4.9])=15.4, ϰ=[5.5, 6.7, 5.9], ∫ϰ²/L>=[5.0, 7.1, 8.1], C-C-Sep=0.20, ║∇J║=8.7e-05
Iteration 1886/2000-----
currents: [100000.0, 99999.99901316134, 99999.99835466215]
J=3.0e-04, ⟨Jf⟩=2.7e-04, ⟨B·n⟩=4.1e-03, Len=sum([5.2, 5.2, 4.9])=15.4, ϰ=[5.5, 6.7, 5.9], ∫ϰ²/L>=[5.0, 7.1, 8.1], C-C-Sep=0.20, ║∇J║=7.9e-05
Iteration 1887/2000-----
currents: [100000.0, 99999.99901187804, 99999.99835252186]
J=3.0e-04, ⟨Jf⟩=2.7e-04, ⟨B·n⟩=4.1e-03, Len=sum([5.2, 5.2, 4.9])=15.4, ϰ=[5.5, 6.7, 5.9], ∫ϰ²/L>=[5.0, 7.1, 8.1], C-C-Sep=0.20, ║∇J║=7.5e-05
Iteration 1888/2000-----
currents: [100000.0, 99999.99901046946, 99999.99835017305]
J=3.0e-04, ⟨Jf⟩=2.7e-04, ⟨B·n⟩=4.1e-03, Len=sum([5.2, 5.2, 4.9])=15.4, ϰ=[5.5, 6.7, 5.9], ∫ϰ²/L>=[5.0, 7.1, 8.1], C-C-Sep=0.20, ║∇J║=6.2e-05
Iteration 1889/2000-----
currents: [100000.0, 99999.99900795605, 99999.9983459821]
J=3.0e-04, ⟨Jf⟩=2.7e-04, ⟨B·n⟩=4.1e-03, Len=sum([5.2, 5.2, 4.9])=15.4, ϰ=[5.5, 6.7, 5.9], ∫ϰ²/L>=[5.0, 7.1, 8.1], C-C-Sep=0.20, ║∇J║=5.3e-05
Iteration 1890/2000-----
currents: [100000.0, 99999.99900645005, 99999.99834347091]
J=3.0e-04, ⟨Jf⟩=2.7e-04, ⟨B·n⟩=4.1e-03, Len=sum([5.2, 5.2, 4.9])=15.4, ϰ=[5.5, 6.7, 5.9], ∫ϰ²/L>=[5.0, 7.1, 8.1], C-C-Sep=0.20, ║∇J║=6.4e-05
Iteration 1891/2000-----
currents: [100000.0, 99999.99900392335, 99999.9983392577]
J=3.0e-04, ⟨Jf⟩=2.7e-04, ⟨B·n⟩=4.1e-03, Len=sum([5.2, 5.2, 4.9])=15.4, ϰ=[5.5, 6.7, 5.9], ∫ϰ²/L>=[5.0, 7.1, 8.1], C-C-Sep=0.20, ║∇J║=7.1e-05
Iteration 1892/2000-----
currents: [100000.0, 99999.99900307402, 99999.99833784121]
J=3.0e-04, ⟨Jf⟩=2.7e-04, ⟨B·n⟩=4.1e-03, Len=sum([5.2, 5.2, 4.9])=15.4, ϰ=[5.5, 6.7, 5.9], ∫ϰ²/L>=[5.0, 7.1, 8.1], C-C-Sep=0.20, ║∇J║=6.1e-05
Iteration 1893/2000-----
currents: [100000.0, 99999.99900129496, 99999.99833487463]
J=3.0e-04, ⟨Jf⟩=2.7e-04, ⟨B·n⟩=4.1e-03, Len=sum([5.2, 5.2, 4.9])=15.4, ϰ=[5.5, 6.7, 5.9], ∫ϰ²/L>=[5.0, 7.1, 8.1], C-C-Sep=0.20, ║∇J║=6.0e-05
Iteration 1894/2000-----
currents: [100000.0, 99999.99900124517, 99999.99833479182]
J=3.0e-04, ⟨Jf⟩=2.7e-04, ⟨B·n⟩=4.1e-03, Len=sum([5.2, 5.2, 4.9])=15.4, ϰ=[5.5, 6.7, 5.9], ∫ϰ²/L>=[5.0, 7.1, 8.1], C-C-Sep=0.20, ║∇J║=5.8e-05
Iteration 1895/2000-----
currents: [100000.0, 99999.99899742866, 99999.99832842784]
J=3.0e-04, ⟨Jf⟩=2.7e-04, ⟨B·n⟩=4.1e-03, Len=sum([5.2, 5.2, 4.9])=15.4, ϰ=[5.5, 6.7, 5.9], ∫ϰ²/L>=[5.0, 7.1, 8.1], C-C-Sep=0.20, ║∇J║=7.4e-05
Iteration 1896/2000-----
currents: [100000.0, 99999.99899761166, 99999.99832873288]
J=3.0e-04, ⟨Jf⟩=2.7e-04, ⟨B·n⟩=4.1e-03, Len=sum([5.2, 5.2, 4.9])=15.4, ϰ=[5.5, 6.7, 5.9], ∫ϰ²/L>=[5.0, 7.1, 8.1], C-C-Sep=0.20, ║∇J║=5.9e-05
Iteration 1897/2000-----
currents: [100000.0, 99999.99899711886, 99999.99832791163]
J=3.0e-04, ⟨Jf⟩=2.7e-04, ⟨B·n⟩=4.1e-03, Len=sum([5.2, 5.2, 4.9])=15.4, ϰ=[5.5, 6.7, 5.9], ∫ϰ²/L>=[5.0, 7.1, 8.1], C-C-Sep=0.20, ║∇J║=5.7e-05
Iteration 1898/2000-----
currents: [100000.0, 99999.99899577528, 99999.99832567108]
J=3.0e-04, ⟨Jf⟩=2.7e-04, ⟨B·n⟩=4.1e-03, Len=sum([5.2, 5.2, 4.9])=15.4, ϰ=[5.5, 6.7, 5.9], ∫ϰ²/L>=[5.0, 7.1, 8.1], C-C-Sep=0.20, ║∇J║=5.4e-05
Iteration 1899/2000-----
currents: [100000.0, 99999.99899163573, 99999.99831876835]
J=3.0e-04, ⟨Jf⟩=2.7e-04, ⟨B·n⟩=4.1e-03, Len=sum([5.2, 5.2, 4.9])=15.4, ϰ=[5.5, 6.7, 5.9], ∫ϰ²/L>=[5.0, 7.1, 8.1], C-C-Sep=0.20, ║∇J║=7.9e-05
Iteration 1900/2000-----
currents: [100000.0, 99999.99899007363, 99999.99831616369]
J=3.0e-04, ⟨Jf⟩=2.7e-04, ⟨B·n⟩=4.1e-03, Len=sum([5.2, 5.2, 4.9])=15.4, ϰ=[5.5, 6.7, 5.9], ∫ϰ²/L>=[5.0, 7.1, 8.1], C-C-Sep=0.20, ║∇J║=8.2e-05
Iteration 1901/2000-----
currents: [100000.0, 99999.99898730656, 99999.99831154937]
J=3.0e-04, ⟨Jf⟩=2.7e-04, ⟨B·n⟩=4.1e-03, Len=sum([5.2, 5.2, 4.9])=15.4, ϰ=[5.5, 6.7, 5.9], ∫ϰ²/L>=[5.0, 7.1, 8.1], C-C-Sep=0.20, ║∇J║=7.8e-05
Iteration 1902/2000-----
currents: [100000.0, 99999.99898254042, 99999.99830360174]
J=3.0e-04, ⟨Jf⟩=2.7e-04, ⟨B·n⟩=4.1e-03, Len=sum([5.2, 5.2, 4.9])=15.4, ϰ=[5.5, 6.7, 5.9], ∫ϰ²/L>=[5.0, 7.1, 8.1], C-C-Sep=0.20, ║∇J║=9.2e-05
Iteration 1903/2000-----
currents: [100000.0, 99999.99898388998, 99999.99830585215]
J=3.0e-04, ⟨Jf⟩=2.7e-04, ⟨B·n⟩=4.1e-03, Len=sum([5.2, 5.2, 4.9])=15.4, ϰ=[5.5, 6.7, 5.9], ∫ϰ²/L>=[5.0, 7.1, 8.1], C-C-Sep=0.20, ║∇J║=1.0e-04
Iteration 1904/2000-----
currents: [100000.0, 99999.99898014637, 99999.99829961086]
J=3.0e-04, ⟨Jf⟩=2.7e-04, ⟨B·n⟩=4.1e-03, Len=sum([5.2, 5.2, 4.9])=15.4, ϰ=[5.5, 6.7, 5.9], ∫ϰ²/L>=[5.0, 7.1, 8.1], C-C-Sep=0.20, ║∇J║=1.0e-04
Iteration 1905/2000-----
currents: [100000.0, 99999.99897942167, 99999.99829840289]
J=3.0e-04, ⟨Jf⟩=2.7e-04, ⟨B·n⟩=4.1e-03, Len=sum([5.2, 5.2, 4.9])=15.4, ϰ=[5.5, 6.7, 5.9], ∫ϰ²/L>=[5.0, 7.1, 8.1], C-C-Sep=0.20, ║∇J║=7.9e-05
Iteration 1906/2000-----
currents: [100000.0, 99999.9989780762, 99999.99829615938]
J=3.0e-04, ⟨Jf⟩=2.7e-04, ⟨B·n⟩=4.1e-03, Len=sum([5.2, 5.2, 4.9])=15.4, ϰ=[5.5, 6.7, 5.9], ∫ϰ²/L>=[5.0, 7.1, 8.1], C-C-Sep=0.20, ║∇J║=6.3e-05
Iteration 1907/2000-----
currents: [100000.0, 99999.99897572969, 99999.99829224715]
J=3.0e-04, ⟨Jf⟩=2.7e-04, ⟨B·n⟩=4.1e-03, Len=sum([5.2, 5.2, 4.9])=15.4, ϰ=[5.5, 6.7, 5.9], ∫ϰ²/L>=[5.0, 7.1, 8.1], C-C-Sep=0.20, ║∇J║=6.3e-05
Iteration 1908/2000-----
currents: [100000.0, 99999.99897282005, 99999.99828739588]
J=3.0e-04, ⟨Jf⟩=2.7e-04, ⟨B·n⟩=4.1e-03, Len=sum([5.2, 5.2, 4.9])=15.4, ϰ=[5.5, 6.7, 5.9], ∫ϰ²/L>=[5.0, 7.1, 8.1], C-C-Sep=0.20, ║∇J║=6.1e-05
Iteration 1909/2000-----
currents: [100000.0, 99999.99897159607, 99999.99828535544]
J=3.0e-04, ⟨Jf⟩=2.7e-04, ⟨B·n⟩=4.1e-03, Len=sum([5.2, 5.2, 4.9])=15.4, ϰ=[5.5, 6.7, 5.9], ∫ϰ²/L>=[5.0, 7.1, 8.1], C-C-Sep=0.20, ║∇J║=6.2e-05
Iteration 1910/2000-----
currents: [100000.0, 99999.99896895533, 99999.99828095306]
J=3.0e-04, ⟨Jf⟩=2.7e-04, ⟨B·n⟩=4.1e-03, Len=sum([5.2, 5.2, 4.9])=15.4, ϰ=[5.5, 6.7, 5.9], ∫ϰ²/L>=[5.0, 7.1, 8.1], C-C-Sep=0.20, ║∇J║=7.2e-05
Iteration 1911/2000-----
currents: [100000.0, 99999.99896855844, 99999.99828029124]
J=3.0e-04, ⟨Jf⟩=2.7e-04, ⟨B·n⟩=4.1e-03, Len=sum([5.2, 5.2, 4.9])=15.4, ϰ=[5.5, 6.7, 5.9], ∫ϰ²/L>=[5.0, 7.1, 8.1], C-C-Sep=0.20, ║∇J║=7.0e-05
Iteration 1912/2000-----
currents: [100000.0, 99999.99896667813, 99999.9982771558]
J=3.0e-04, ⟨Jf⟩=2.7e-04, ⟨B·n⟩=4.1e-03, Len=sum([5.2, 5.2, 4.9])=15.4, ϰ=[5.5, 6.7, 5.9], ∫ϰ²/L>=[5.0, 7.1, 8.1], C-C-Sep=0.20, ║∇J║=6.3e-05
Iteration 1913/2000-----
currents: [100000.0, 99999.99896731241, 99999.99827821342]
J=3.0e-04, ⟨Jf⟩=2.7e-04, ⟨B·n⟩=4.1e-03, Len=sum([5.2, 5.2, 4.9])=15.4, ϰ=[5.5, 6.7, 5.9], ∫ϰ²/L>=[5.0, 7.1, 8.1], C-C-Sep=0.20, ║∇J║=6.3e-05
Iteration 1914/2000-----
currents: [100000.0, 99999.99896560589, 99999.99827536805]
J=3.0e-04, ⟨Jf⟩=2.7e-04, ⟨B·n⟩=4.1e-03, Len=sum([5.2, 5.2, 4.9])=15.4, ϰ=[5.5, 6.7, 5.9], ∫ϰ²/L>=[5.0, 7.1, 8.1], C-C-Sep=0.20, ║∇J║=5.5e-05
Iteration 1915/2000-----
currents: [100000.0, 99999.99896482946, 99999.99827407362]
J=3.0e-04, ⟨Jf⟩=2.7e-04, ⟨B·n⟩=4.1e-03, Len=sum([5.2, 5.2, 4.9])=15.4, ϰ=[5.5, 6.7, 5.9], ∫ϰ²/L>=[5.0, 7.1, 8.1], C-C-Sep=0.20, ║∇J║=4.7e-05
Iteration 1916/2000-----
currents: [100000.0, 99999.99896411285, 99999.99827287883]
J=3.0e-04, ⟨Jf⟩=2.7e-04, ⟨B·n⟩=4.1e-03, Len=sum([5.2, 5.2, 4.9])=15.4, ϰ=[5.5, 6.7, 5.9], ∫ϰ²/L>=[5.0, 7.1, 8.1], C-C-Sep=0.20, ║∇J║=4.5e-05
Iteration 1917/2000-----
currents: [100000.0, 99999.99896339228, 99999.9982716774]
J=3.0e-04, ⟨Jf⟩=2.7e-04, ⟨B·n⟩=4.1e-03, Len=sum([5.2, 5.2, 4.9])=15.4, ϰ=[5.5, 6.7, 5.9], ∫ϰ²/L>=[5.0, 7.1, 8.1], C-C-Sep=0.20, ║∇J║=4.0e-05
Iteration 1918/2000-----
currents: [100000.0, 99999.99896270028, 99999.99827052373]
J=3.0e-04, ⟨Jf⟩=2.7e-04, ⟨B·n⟩=4.1e-03, Len=sum([5.2, 5.2, 4.9])=15.4, ϰ=[5.5, 6.7, 5.9], ∫ϰ²/L>=[5.0, 7.1, 8.1], C-C-Sep=0.20, ║∇J║=4.4e-05
Iteration 1919/2000-----
currents: [100000.0, 99999.99896175913, 99999.99826895427]
J=3.0e-04, ⟨Jf⟩=2.7e-04, ⟨B·n⟩=4.1e-03, Len=sum([5.2, 5.2, 4.9])=15.4, ϰ=[5.5, 6.7, 5.9], ∫ϰ²/L>=[5.0, 7.1, 8.1], C-C-Sep=0.20, ║∇J║=6.2e-05
Iteration 1920/2000-----
currents: [100000.0, 99999.99896190297, 99999.99826919395]
J=3.0e-04, ⟨Jf⟩=2.7e-04, ⟨B·n⟩=4.1e-03, Len=sum([5.2, 5.2, 4.9])=15.4, ϰ=[5.5, 6.7, 5.9], ∫ϰ²/L>=[5.0, 7.1, 8.1], C-C-Sep=0.20, ║∇J║=4.1e-05
Iteration 1921/2000-----
currents: [100000.0, 99999.99896168528, 99999.99826883091]
J=3.0e-04, ⟨Jf⟩=2.7e-04, ⟨B·n⟩=4.1e-03, Len=sum([5.2, 5.2, 4.9])=15.4, ϰ=[5.5, 6.7, 5.9], ∫ϰ²/L>=[5.0, 7.1, 8.1], C-C-Sep=0.20, ║∇J║=3.7e-05
Iteration 1922/2000-----
currents: [100000.0, 99999.99896104468, 99999.9982677626]
J=3.0e-04, ⟨Jf⟩=2.7e-04, ⟨B·n⟩=4.1e-03, Len=sum([5.2, 5.2, 4.9])=15.4, ϰ=[5.5, 6.7, 5.9], ∫ϰ²/L>=[5.0, 7.1, 8.1], C-C-Sep=0.20, ║∇J║=4.7e-05
Iteration 1923/2000-----
currents: [100000.0, 99999.99895971878, 99999.99826555162]
J=3.0e-04, ⟨Jf⟩=2.7e-04, ⟨B·n⟩=4.1e-03, Len=sum([5.2, 5.2, 4.9])=15.4, ϰ=[5.5, 6.7, 5.9], ∫ϰ²/L>=[5.0, 7.1, 8.1], C-C-Sep=0.20, ║∇J║=3.8e-05
Iteration 1924/2000-----
currents: [100000.0, 99999.99895697937, 99999.99826098402]
J=3.0e-04, ⟨Jf⟩=2.7e-04, ⟨B·n⟩=4.1e-03, Len=sum([5.2, 5.2, 4.9])=15.4, ϰ=[5.5, 6.7, 5.9], ∫ϰ²/L>=[5.0, 7.1, 8.1], C-C-Sep=0.20, ║∇J║=4.9e-05
Iteration 1925/2000-----
currents: [100000.0, 99999.99895493822, 99999.99825758072]
J=3.0e-04, ⟨Jf⟩=2.7e-04, ⟨B·n⟩=4.1e-03, Len=sum([5.2, 5.2, 4.9])=15.4, ϰ=[5.5, 6.7, 5.9], ∫ϰ²/L>=[5.0, 7.1, 8.1], C-C-Sep=0.20, ║∇J║=4.7e-05
Iteration 1926/2000-----
currents: [100000.0, 99999.99895326355, 99999.99825478875]
J=3.0e-04, ⟨Jf⟩=2.7e-04, ⟨B·n⟩=4.1e-03, Len=sum([5.2, 5.2, 4.9])=15.4, ϰ=[5.5, 6.7, 5.9], ∫ϰ²/L>=[5.0, 7.1, 8.1], C-C-Sep=0.20, ║∇J║=4.8e-05
Iteration 1927/2000-----
currents: [100000.0, 99999.99895004884, 99999.99824942855]
J=3.0e-04, ⟨Jf⟩=2.7e-04, ⟨B·n⟩=4.1e-03, Len=sum([5.2, 5.2, 4.9])=15.4, ϰ=[5.5, 6.7, 5.9], ∫ϰ²/L>=[5.0, 7.1, 8.1], C-C-Sep=0.20, ║∇J║=6.6e-05
Iteration 1928/2000-----
currents: [100000.0, 99999.99895176789, 99999.99825229494]
J=3.0e-04, ⟨Jf⟩=2.7e-04, ⟨B·n⟩=4.1e-03, Len=sum([5.2, 5.2, 4.9])=15.4, ϰ=[5.5, 6.7, 5.9], ∫ϰ²/L>=[5.0, 7.1, 8.1], C-C-Sep=0.20, ║∇J║=6.3e-05
Iteration 1929/2000-----
currents: [100000.0, 99999.99895014429, 99999.99824958792]
J=3.0e-04, ⟨Jf⟩=2.7e-04, ⟨B·n⟩=4.1e-03, Len=sum([5.2, 5.2, 4.9])=15.4, ϰ=[5.5, 6.7, 5.9], ∫ϰ²/L>=[5.0, 7.1, 8.1], C-C-Sep=0.20, ║∇J║=8.4e-05
Iteration 1930/2000-----
currents: [100000.0, 99999.9989503702, 99999.99824996396]
J=3.0e-04, ⟨Jf⟩=2.7e-04, ⟨B·n⟩=4.1e-03, Len=sum([5.2, 5.2, 4.9])=15.4, ϰ=[5.5, 6.7, 5.9], ∫ϰ²/L>=[5.0, 7.1, 8.1], C-C-Sep=0.20, ║∇J║=4.5e-05
Iteration 1931/2000-----
currents: [100000.0, 99999.99894979177, 99999.99824899928]
J=3.0e-04, ⟨Jf⟩=2.7e-04, ⟨B·n⟩=4.1e-03, Len=sum([5.2, 5.2, 4.9])=15.4, ϰ=[5.5, 6.7, 5.9], ∫ϰ²/L>=[5.0, 7.1, 8.1], C-C-Sep=0.20, ║∇J║=3.4e-05
Iteration 1932/2000-----
currents: [100000.0, 99999.99894909828, 99999.99824784258]
J=3.0e-04, ⟨Jf⟩=2.7e-04, ⟨B·n⟩=4.1e-03, Len=sum([5.2, 5.2, 4.9])=15.4, ϰ=[5.5, 6.7, 5.9], ∫ϰ²/L>=[5.0, 7.1, 8.1], C-C-Sep=0.20, ║∇J║=4.0e-05
Iteration 1933/2000-----
currents: [100000.0, 99999.99894780989, 99999.9982456944]
J=3.0e-04, ⟨Jf⟩=2.7e-04, ⟨B·n⟩=4.1e-03, Len=sum([5.2, 5.2, 4.9])=15.4, ϰ=[5.5, 6.7, 5.9], ∫ϰ²/L>=[5.0, 7.1, 8.1], C-C-Sep=0.20, ║∇J║=5.7e-05
Iteration 1934/2000-----
currents: [100000.0, 99999.99894773494, 99999.99824556947]
J=3.0e-04, ⟨Jf⟩=2.7e-04, ⟨B·n⟩=4.1e-03, Len=sum([5.2, 5.2, 4.9])=15.4, ϰ=[5.5, 6.7, 5.9], ∫ϰ²/L>=[5.0, 7.1, 8.1], C-C-Sep=0.20, ║∇J║=3.3e-05
Iteration 1935/2000-----
currents: [100000.0, 99999.99894777304, 99999.99824563303]
J=3.0e-04, ⟨Jf⟩=2.7e-04, ⟨B·n⟩=4.1e-03, Len=sum([5.2, 5.2, 4.9])=15.4, ϰ=[5.5, 6.7, 5.9], ∫ϰ²/L>=[5.0, 7.1, 8.1], C-C-Sep=0.20, ║∇J║=3.1e-05
Iteration 1936/2000-----
currents: [100000.0, 99999.99894759944, 99999.9982453438]
J=3.0e-04, ⟨Jf⟩=2.7e-04, ⟨B·n⟩=4.1e-03, Len=sum([5.2, 5.2, 4.9])=15.4, ϰ=[5.5, 6.7, 5.9], ∫ϰ²/L>=[5.0, 7.1, 8.1], C-C-Sep=0.20, ║∇J║=3.4e-05
Iteration 1937/2000-----
currents: [100000.0, 99999.99894700012, 99999.99824434455]
J=3.0e-04, ⟨Jf⟩=2.7e-04, ⟨B·n⟩=4.1e-03, Len=sum([5.2, 5.2, 4.9])=15.4, ϰ=[5.5, 6.7, 5.9], ∫ϰ²/L>=[5.0, 7.1, 8.1], C-C-Sep=0.20, ║∇J║=3.9e-05
Iteration 1938/2000-----
currents: [100000.0, 99999.99894636746, 99999.99824328974]
J=3.0e-04, ⟨Jf⟩=2.7e-04, ⟨B·n⟩=4.1e-03, Len=sum([5.2, 5.2, 4.9])=15.4, ϰ=[5.5, 6.7, 5.9], ∫ϰ²/L>=[5.0, 7.1, 8.1], C-C-Sep=0.20, ║∇J║=4.9e-05
Iteration 1939/2000-----
currents: [100000.0, 99999.99894598841, 99999.99824265775]
J=3.0e-04, ⟨Jf⟩=2.7e-04, ⟨B·n⟩=4.1e-03, Len=sum([5.2, 5.2, 4.9])=15.4, ϰ=[5.5, 6.7, 5.9], ∫ϰ²/L>=[5.0, 7.1, 8.1], C-C-Sep=0.20, ║∇J║=2.9e-05
Iteration 1940/2000-----
currents: [100000.0, 99999.9989457512, 99999.99824226205]
J=3.0e-04, ⟨Jf⟩=2.7e-04, ⟨B·n⟩=4.1e-03, Len=sum([5.2, 5.2, 4.9])=15.4, ϰ=[5.5, 6.7, 5.9], ∫ϰ²/L>=[5.0, 7.1, 8.1], C-C-Sep=0.20, ║∇J║=3.1e-05
Iteration 1941/2000-----
currents: [100000.0, 99999.99894543907, 99999.99824174163]
J=3.0e-04, ⟨Jf⟩=2.7e-04, ⟨B·n⟩=4.1e-03, Len=sum([5.2, 5.2, 4.9])=15.4, ϰ=[5.5, 6.7, 5.9], ∫ϰ²/L>=[5.0, 7.1, 8.1], C-C-Sep=0.20, ║∇J║=3.1e-05
Iteration 1942/2000-----
currents: [100000.0, 99999.99894501411, 99999.99824103297]
J=3.0e-04, ⟨Jf⟩=2.7e-04, ⟨B·n⟩=4.1e-03, Len=sum([5.2, 5.2, 4.9])=15.4, ϰ=[5.5, 6.7, 5.9], ∫ϰ²/L>=[5.0, 7.1, 8.1], C-C-Sep=0.20, ║∇J║=3.1e-05
Iteration 1943/2000-----
currents: [100000.0, 99999.99894450486, 99999.99824018378]
J=3.0e-04, ⟨Jf⟩=2.7e-04, ⟨B·n⟩=4.1e-03, Len=sum([5.2, 5.2, 4.9])=15.4, ϰ=[5.5, 6.7, 5.9], ∫ϰ²/L>=[5.0, 7.1, 8.1], C-C-Sep=0.20, ║∇J║=4.2e-05
Iteration 1944/2000-----
currents: [100000.0, 99999.99894396085, 99999.99823927679]
J=3.0e-04, ⟨Jf⟩=2.7e-04, ⟨B·n⟩=4.1e-03, Len=sum([5.2, 5.2, 4.9])=15.4, ϰ=[5.5, 6.7, 5.9], ∫ϰ²/L>=[5.0, 7.1, 8.1], C-C-Sep=0.20, ║∇J║=3.6e-05
Iteration 1945/2000-----
currents: [100000.0, 99999.9989437746, 99999.9982389663]
J=3.0e-04, ⟨Jf⟩=2.7e-04, ⟨B·n⟩=4.1e-03, Len=sum([5.2, 5.2, 4.9])=15.4, ϰ=[5.5, 6.7, 5.9], ∫ϰ²/L>=[5.0, 7.1, 8.1], C-C-Sep=0.20, ║∇J║=3.0e-05
Iteration 1946/2000-----
currents: [100000.0, 99999.9989428312, 99999.99823739367]
J=3.0e-04, ⟨Jf⟩=2.7e-04, ⟨B·n⟩=4.1e-03, Len=sum([5.2, 5.2, 4.9])=15.4, ϰ=[5.5, 6.7, 5.9], ∫ϰ²/L>=[5.0, 7.1, 8.1], C-C-Sep=0.20, ║∇J║=3.3e-05
Iteration 1947/2000-----
currents: [100000.0, 99999.998942569, 99999.99823695677]
J=3.0e-04, ⟨Jf⟩=2.7e-04, ⟨B·n⟩=4.1e-03, Len=sum([5.2, 5.2, 4.9])=15.4, ϰ=[5.5, 6.7, 5.9], ∫ϰ²/L>=[5.0, 7.1, 8.1], C-C-Sep=0.20, ║∇J║=3.2e-05
Iteration 1948/2000-----
currents: [100000.0, 99999.99894198157, 99999.99823597762]
J=3.0e-04, ⟨Jf⟩=2.7e-04, ⟨B·n⟩=4.1e-03, Len=sum([5.2, 5.2, 4.9])=15.4, ϰ=[5.5, 6.7, 5.9], ∫ϰ²/L>=[5.0, 7.1, 8.1], C-C-Sep=0.20, ║∇J║=2.4e-05
Iteration 1949/2000-----
currents: [100000.0, 99999.99894135898, 99999.99823493988]
J=3.0e-04, ⟨Jf⟩=2.7e-04, ⟨B·n⟩=4.1e-03, Len=sum([5.2, 5.2, 4.9])=15.4, ϰ=[5.5, 6.7, 5.9], ∫ϰ²/L>=[5.0, 7.1, 8.1], C-C-Sep=0.20, ║∇J║=2.3e-05
Iteration 1950/2000-----
currents: [100000.0, 99999.9989410402, 99999.99823440849]
J=3.0e-04, ⟨Jf⟩=2.7e-04, ⟨B·n⟩=4.1e-03, Len=sum([5.2, 5.2, 4.9])=15.4, ϰ=[5.5, 6.7, 5.9], ∫ϰ²/L>=[5.0, 7.1, 8.1], C-C-Sep=0.20, ║∇J║=2.9e-05
Iteration 1951/2000-----
currents: [100000.0, 99999.99894086513, 99999.99823411666]
J=3.0e-04, ⟨Jf⟩=2.7e-04, ⟨B·n⟩=4.1e-03, Len=sum([5.2, 5.2, 4.9])=15.4, ϰ=[5.5, 6.7, 5.9], ∫ϰ²/L>=[5.0, 7.1, 8.1], C-C-Sep=0.20, ║∇J║=2.3e-05
Iteration 1952/2000-----
currents: [100000.0, 99999.99894070587, 99999.99823385103]
J=3.0e-04, ⟨Jf⟩=2.7e-04, ⟨B·n⟩=4.1e-03, Len=sum([5.2, 5.2, 4.9])=15.4, ϰ=[5.5, 6.7, 5.9], ∫ϰ²/L>=[5.0, 7.1, 8.1], C-C-Sep=0.20, ║∇J║=2.1e-05
Iteration 1953/2000-----
currents: [100000.0, 99999.99894090214, 99999.99823417816]
J=3.0e-04, ⟨Jf⟩=2.7e-04, ⟨B·n⟩=4.1e-03, Len=sum([5.2, 5.2, 4.9])=15.4, ϰ=[5.5, 6.7, 5.9], ∫ϰ²/L>=[5.0, 7.1, 8.1], C-C-Sep=0.20, ║∇J║=2.8e-05
Iteration 1954/2000-----
currents: [100000.0, 99999.99894080122, 99999.99823400986]
J=3.0e-04, ⟨Jf⟩=2.7e-04, ⟨B·n⟩=4.1e-03, Len=sum([5.2, 5.2, 4.9])=15.4, ϰ=[5.5, 6.7, 5.9], ∫ϰ²/L>=[5.0, 7.1, 8.1], C-C-Sep=0.20, ║∇J║=2.1e-05
Iteration 1955/2000-----
currents: [100000.0, 99999.9989407539, 99999.99823393101]
J=3.0e-04, ⟨Jf⟩=2.7e-04, ⟨B·n⟩=4.1e-03, Len=sum([5.2, 5.2, 4.9])=15.4, ϰ=[5.5, 6.7, 5.9], ∫ϰ²/L>=[5.0, 7.1, 8.1], C-C-Sep=0.20, ║∇J║=2.1e-05
Iteration 1956/2000-----
currents: [100000.0, 99999.99894063655, 99999.9982337354]
J=3.0e-04, ⟨Jf⟩=2.7e-04, ⟨B·n⟩=4.1e-03, Len=sum([5.2, 5.2, 4.9])=15.4, ϰ=[5.5, 6.7, 5.9], ∫ϰ²/L>=[5.0, 7.1, 8.1], C-C-Sep=0.20, ║∇J║=2.6e-05
Iteration 1957/2000-----
currents: [100000.0, 99999.99894066736, 99999.99823378686]
J=3.0e-04, ⟨Jf⟩=2.7e-04, ⟨B·n⟩=4.1e-03, Len=sum([5.2, 5.2, 4.9])=15.4, ϰ=[5.5, 6.7, 5.9], ∫ϰ²/L>=[5.0, 7.1, 8.1], C-C-Sep=0.20, ║∇J║=2.1e-05
Iteration 1958/2000-----
currents: [100000.0, 99999.99894064784, 99999.99823375433]
J=3.0e-04, ⟨Jf⟩=2.7e-04, ⟨B·n⟩=4.1e-03, Len=sum([5.2, 5.2, 4.9])=15.4, ϰ=[5.5, 6.7, 5.9], ∫ϰ²/L>=[5.0, 7.1, 8.1], C-C-Sep=0.20, ║∇J║=1.8e-05
Iteration 1959/2000-----
currents: [100000.0, 99999.99894053217, 99999.99823356135]
J=3.0e-04, ⟨Jf⟩=2.7e-04, ⟨B·n⟩=4.1e-03, Len=sum([5.2, 5.2, 4.9])=15.4, ϰ=[5.5, 6.7, 5.9], ∫ϰ²/L>=[5.0, 7.1, 8.1], C-C-Sep=0.20, ║∇J║=2.2e-05
Iteration 1960/2000-----
currents: [100000.0, 99999.99894039497, 99999.9982333324]
J=3.0e-04, ⟨Jf⟩=2.7e-04, ⟨B·n⟩=4.1e-03, Len=sum([5.2, 5.2, 4.9])=15.4, ϰ=[5.5, 6.7, 5.9], ∫ϰ²/L>=[5.0, 7.1, 8.1], C-C-Sep=0.20, ║∇J║=2.2e-05
Iteration 1961/2000-----
currents: [100000.0, 99999.99894019909, 99999.99823300561]
J=3.0e-04, ⟨Jf⟩=2.7e-04, ⟨B·n⟩=4.1e-03, Len=sum([5.2, 5.2, 4.9])=15.4, ϰ=[5.5, 6.7, 5.9], ∫ϰ²/L>=[5.0, 7.1, 8.1], C-C-Sep=0.20, ║∇J║=1.8e-05
Iteration 1962/2000-----
currents: [100000.0, 99999.99894000727, 99999.99823268545]
J=3.0e-04, ⟨Jf⟩=2.7e-04, ⟨B·n⟩=4.1e-03, Len=sum([5.2, 5.2, 4.9])=15.4, ϰ=[5.5, 6.7, 5.9], ∫ϰ²/L>=[5.0, 7.1, 8.1], C-C-Sep=0.20, ║∇J║=1.9e-05
Iteration 1963/2000-----
currents: [100000.0, 99999.99893983608, 99999.99823239987]
J=3.0e-04, ⟨Jf⟩=2.7e-04, ⟨B·n⟩=4.1e-03, Len=sum([5.2, 5.2, 4.9])=15.4, ϰ=[5.5, 6.7, 5.9], ∫ϰ²/L>=[5.0, 7.1, 8.1], C-C-Sep=0.20, ║∇J║=2.1e-05
Iteration 1964/2000-----
currents: [100000.0, 99999.9989399225, 99999.99823254389]
J=3.0e-04, ⟨Jf⟩=2.7e-04, ⟨B·n⟩=4.1e-03, Len=sum([5.2, 5.2, 4.9])=15.4, ϰ=[5.5, 6.7, 5.9], ∫ϰ²/L>=[5.0, 7.1, 8.1], C-C-Sep=0.20, ║∇J║=1.6e-05
Iteration 1965/2000-----
currents: [100000.0, 99999.99893992554, 99999.99823254897]
J=3.0e-04, ⟨Jf⟩=2.7e-04, ⟨B·n⟩=4.1e-03, Len=sum([5.2, 5.2, 4.9])=15.4, ϰ=[5.5, 6.7, 5.9], ∫ϰ²/L>=[5.0, 7.1, 8.1], C-C-Sep=0.20, ║∇J║=1.8e-05
Iteration 1966/2000-----
currents: [100000.0, 99999.99894004126, 99999.99823274197]
J=3.0e-04, ⟨Jf⟩=2.7e-04, ⟨B·n⟩=4.1e-03, Len=sum([5.2, 5.2, 4.9])=15.4, ϰ=[5.5, 6.7, 5.9], ∫ϰ²/L>=[5.0, 7.1, 8.1], C-C-Sep=0.20, ║∇J║=2.3e-05
Iteration 1967/2000-----
currents: [100000.0, 99999.99894002762, 99999.99823271926]
J=3.0e-04, ⟨Jf⟩=2.7e-04, ⟨B·n⟩=4.1e-03, Len=sum([5.2, 5.2, 4.9])=15.4, ϰ=[5.5, 6.7, 5.9], ∫ϰ²/L>=[5.0, 7.1, 8.1], C-C-Sep=0.20, ║∇J║=1.4e-05
Iteration 1968/2000-----
currents: [100000.0, 99999.99893986876, 99999.99823245443]
J=3.0e-04, ⟨Jf⟩=2.7e-04, ⟨B·n⟩=4.1e-03, Len=sum([5.2, 5.2, 4.9])=15.4, ϰ=[5.5, 6.7, 5.9], ∫ϰ²/L>=[5.0, 7.1, 8.1], C-C-Sep=0.20, ║∇J║=1.1e-05
Iteration 1969/2000-----
currents: [100000.0, 99999.99893973005, 99999.9982322231]
J=3.0e-04, ⟨Jf⟩=2.7e-04, ⟨B·n⟩=4.1e-03, Len=sum([5.2, 5.2, 4.9])=15.4, ϰ=[5.5, 6.7, 5.9], ∫ϰ²/L>=[5.0, 7.1, 8.1], C-C-Sep=0.20, ║∇J║=1.2e-05
Iteration 1970/2000-----
currents: [100000.0, 99999.99893953076, 99999.9982318908]
J=3.0e-04, ⟨Jf⟩=2.7e-04, ⟨B·n⟩=4.1e-03, Len=sum([5.2, 5.2, 4.9])=15.4, ϰ=[5.5, 6.7, 5.9], ∫ϰ²/L>=[5.0, 7.1, 8.1], C-C-Sep=0.20, ║∇J║=1.4e-05
Iteration 1971/2000-----
currents: [100000.0, 99999.99893941138, 99999.99823169166]
J=3.0e-04, ⟨Jf⟩=2.7e-04, ⟨B·n⟩=4.1e-03, Len=sum([5.2, 5.2, 4.9])=15.4, ϰ=[5.5, 6.7, 5.9], ∫ϰ²/L>=[5.0, 7.1, 8.1], C-C-Sep=0.20, ║∇J║=1.1e-05
Iteration 1972/2000-----
currents: [100000.0, 99999.9989392418, 99999.9982314088]
J=3.0e-04, ⟨Jf⟩=2.7e-04, ⟨B·n⟩=4.1e-03, Len=sum([5.2, 5.2, 4.9])=15.4, ϰ=[5.5, 6.7, 5.9], ∫ϰ²/L>=[5.0, 7.1, 8.1], C-C-Sep=0.20, ║∇J║=1.2e-05
Iteration 1973/2000-----
currents: [100000.0, 99999.99893913833, 99999.99823123614]
J=3.0e-04, ⟨Jf⟩=2.7e-04, ⟨B·n⟩=4.1e-03, Len=sum([5.2, 5.2, 4.9])=15.4, ϰ=[5.5, 6.7, 5.9], ∫ϰ²/L>=[5.0, 7.1, 8.1], C-C-Sep=0.20, ║∇J║=1.6e-05
Iteration 1974/2000-----
currents: [100000.0, 99999.998938909, 99999.99823085371]
J=3.0e-04, ⟨Jf⟩=2.7e-04, ⟨B·n⟩=4.1e-03, Len=sum([5.2, 5.2, 4.9])=15.4, ϰ=[5.5, 6.7, 5.9], ∫ϰ²/L>=[5.0, 7.1, 8.1], C-C-Sep=0.20, ║∇J║=1.4e-05
Iteration 1975/2000-----
currents: [100000.0, 99999.99893871245, 99999.99823052596]
J=3.0e-04, ⟨Jf⟩=2.7e-04, ⟨B·n⟩=4.1e-03, Len=sum([5.2, 5.2, 4.9])=15.4, ϰ=[5.5, 6.7, 5.9], ∫ϰ²/L>=[5.0, 7.1, 8.1], C-C-Sep=0.20, ║∇J║=1.2e-05
Iteration 1976/2000-----
currents: [100000.0, 99999.99893851306, 99999.99823019347]
J=3.0e-04, ⟨Jf⟩=2.7e-04, ⟨B·n⟩=4.1e-03, Len=sum([5.2, 5.2, 4.9])=15.4, ϰ=[5.5, 6.7, 5.9], ∫ϰ²/L>=[5.0, 7.1, 8.1], C-C-Sep=0.20, ║∇J║=1.5e-05
Iteration 1977/2000-----
currents: [100000.0, 99999.9989382834, 99999.9982298105]
J=3.0e-04, ⟨Jf⟩=2.7e-04, ⟨B·n⟩=4.1e-03, Len=sum([5.2, 5.2, 4.9])=15.4, ϰ=[5.5, 6.7, 5.9], ∫ϰ²/L>=[5.0, 7.1, 8.1], C-C-Sep=0.20, ║∇J║=1.9e-05
Iteration 1978/2000-----
currents: [100000.0, 99999.99893825543, 99999.99822976386]
J=3.0e-04, ⟨Jf⟩=2.7e-04, ⟨B·n⟩=4.1e-03, Len=sum([5.2, 5.2, 4.9])=15.4, ϰ=[5.5, 6.7, 5.9], ∫ϰ²/L>=[5.0, 7.1, 8.1], C-C-Sep=0.20, ║∇J║=1.2e-05
Iteration 1979/2000-----
currents: [100000.0, 99999.99893838703, 99999.99822998326]
J=3.0e-04, ⟨Jf⟩=2.7e-04, ⟨B·n⟩=4.1e-03, Len=sum([5.2, 5.2, 4.9])=15.4, ϰ=[5.5, 6.7, 5.9], ∫ϰ²/L>=[5.0, 7.1, 8.1], C-C-Sep=0.20, ║∇J║=1.1e-05
Iteration 1980/2000-----
currents: [100000.0, 99999.99893826031, 99999.998229772]
J=3.0e-04, ⟨Jf⟩=2.7e-04, ⟨B·n⟩=4.1e-03, Len=sum([5.2, 5.2, 4.9])=15.4, ϰ=[5.5, 6.7, 5.9], ∫ϰ²/L>=[5.0, 7.1, 8.1], C-C-Sep=0.20, ║∇J║=1.3e-05
Iteration 1981/2000-----
currents: [100000.0, 99999.99893820682, 99999.99822968278]
J=3.0e-04, ⟨Jf⟩=2.7e-04, ⟨B·n⟩=4.1e-03, Len=sum([5.2, 5.2, 4.9])=15.4, ϰ=[5.5, 6.7, 5.9], ∫ϰ²/L>=[5.0, 7.1, 8.1], C-C-Sep=0.20, ║∇J║=1.3e-05
Iteration 1982/2000-----
currents: [100000.0, 99999.99893799228, 99999.99822932511]
J=3.0e-04, ⟨Jf⟩=2.7e-04, ⟨B·n⟩=4.1e-03, Len=sum([5.2, 5.2, 4.9])=15.4, ϰ=[5.5, 6.7, 5.9], ∫ϰ²/L>=[5.0, 7.1, 8.1], C-C-Sep=0.20, ║∇J║=1.2e-05
Iteration 1983/2000-----
currents: [100000.0, 99999.99893774255, 99999.99822890875]
J=3.0e-04, ⟨Jf⟩=2.7e-04, ⟨B·n⟩=4.1e-03, Len=sum([5.2, 5.2, 4.9])=15.4, ϰ=[5.5, 6.7, 5.9], ∫ϰ²/L>=[5.0, 7.1, 8.1], C-C-Sep=0.20, ║∇J║=1.0e-05
Iteration 1984/2000-----
currents: [100000.0, 99999.99893748421, 99999.998228478]
J=3.0e-04, ⟨Jf⟩=2.7e-04, ⟨B·n⟩=4.1e-03, Len=sum([5.2, 5.2, 4.9])=15.4, ϰ=[5.5, 6.7, 5.9], ∫ϰ²/L>=[5.0, 7.1, 8.1], C-C-Sep=0.20, ║∇J║=1.0e-05
Iteration 1985/2000-----
currents: [100000.0, 99999.99893712552, 99999.99822787993]
J=3.0e-04, ⟨Jf⟩=2.7e-04, ⟨B·n⟩=4.1e-03, Len=sum([5.2, 5.2, 4.9])=15.4, ϰ=[5.5, 6.7, 5.9], ∫ϰ²/L>=[5.0, 7.1, 8.1], C-C-Sep=0.20, ║∇J║=1.5e-05
Iteration 1986/2000-----
currents: [100000.0, 99999.99893701442, 99999.99822769458]
J=3.0e-04, ⟨Jf⟩=2.7e-04, ⟨B·n⟩=4.1e-03, Len=sum([5.2, 5.2, 4.9])=15.4, ϰ=[5.5, 6.7, 5.9], ∫ϰ²/L>=[5.0, 7.1, 8.1], C-C-Sep=0.20, ║∇J║=1.0e-05
Iteration 1987/2000-----
currents: [100000.0, 99999.99893684912, 99999.99822741888]
J=3.0e-04, ⟨Jf⟩=2.7e-04, ⟨B·n⟩=4.1e-03, Len=sum([5.2, 5.2, 4.9])=15.4, ϰ=[5.5, 6.7, 5.9], ∫ϰ²/L>=[5.0, 7.1, 8.1], C-C-Sep=0.20, ║∇J║=1.1e-05
Iteration 1988/2000-----
currents: [100000.0, 99999.99893687245, 99999.99822745762]
J=3.0e-04, ⟨Jf⟩=2.7e-04, ⟨B·n⟩=4.1e-03, Len=sum([5.2, 5.2, 4.9])=15.4, ϰ=[5.5, 6.7, 5.9], ∫ϰ²/L>=[5.0, 7.1, 8.1], C-C-Sep=0.20, ║∇J║=1.2e-05
Iteration 1989/2000-----
currents: [100000.0, 99999.9989364721, 99999.99822678998]
J=3.0e-04, ⟨Jf⟩=2.7e-04, ⟨B·n⟩=4.1e-03, Len=sum([5.2, 5.2, 4.9])=15.4, ϰ=[5.5, 6.7, 5.9], ∫ϰ²/L>=[5.0, 7.1, 8.1], C-C-Sep=0.20, ║∇J║=1.3e-05
Iteration 1990/2000-----
currents: [100000.0, 99999.99893632572, 99999.99822654584]
J=3.0e-04, ⟨Jf⟩=2.7e-04, ⟨B·n⟩=4.1e-03, Len=sum([5.2, 5.2, 4.9])=15.4, ϰ=[5.5, 6.7, 5.9], ∫ϰ²/L>=[5.0, 7.1, 8.1], C-C-Sep=0.20, ║∇J║=1.1e-05
Iteration 1991/2000-----
currents: [100000.0, 99999.99893611974, 99999.99822620241]
J=3.0e-04, ⟨Jf⟩=2.7e-04, ⟨B·n⟩=4.1e-03, Len=sum([5.2, 5.2, 4.9])=15.4, ϰ=[5.5, 6.7, 5.9], ∫ϰ²/L>=[5.0, 7.1, 8.1], C-C-Sep=0.20, ║∇J║=8.7e-06
Iteration 1992/2000-----
currents: [100000.0, 99999.998935933, 99999.9982258911]
J=3.0e-04, ⟨Jf⟩=2.7e-04, ⟨B·n⟩=4.1e-03, Len=sum([5.2, 5.2, 4.9])=15.4, ϰ=[5.5, 6.7, 5.9], ∫ϰ²/L>=[5.0, 7.1, 8.1], C-C-Sep=0.20, ║∇J║=9.2e-06
Iteration 1993/2000-----
currents: [100000.0, 99999.99893565847, 99999.99822543337]
J=3.0e-04, ⟨Jf⟩=2.7e-04, ⟨B·n⟩=4.1e-03, Len=sum([5.2, 5.2, 4.9])=15.4, ϰ=[5.5, 6.7, 5.9], ∫ϰ²/L>=[5.0, 7.1, 8.1], C-C-Sep=0.20, ║∇J║=9.2e-06
Iteration 1994/2000-----
currents: [100000.0, 99999.99893554437, 99999.99822524314]
J=3.0e-04, ⟨Jf⟩=2.7e-04, ⟨B·n⟩=4.1e-03, Len=sum([5.2, 5.2, 4.9])=15.4, ϰ=[5.5, 6.7, 5.9], ∫ϰ²/L>=[5.0, 7.1, 8.1], C-C-Sep=0.20, ║∇J║=8.9e-06
Iteration 1995/2000-----
currents: [100000.0, 99999.9989355256, 99999.99822521176]
J=3.0e-04, ⟨Jf⟩=2.7e-04, ⟨B·n⟩=4.1e-03, Len=sum([5.2, 5.2, 4.9])=15.4, ϰ=[5.5, 6.7, 5.9], ∫ϰ²/L>=[5.0, 7.1, 8.1], C-C-Sep=0.20, ║∇J║=9.1e-06
Iteration 1996/2000-----
currents: [100000.0, 99999.99893548871, 99999.99822515014]
J=3.0e-04, ⟨Jf⟩=2.7e-04, ⟨B·n⟩=4.1e-03, Len=sum([5.2, 5.2, 4.9])=15.4, ϰ=[5.5, 6.7, 5.9], ∫ϰ²/L>=[5.0, 7.1, 8.1], C-C-Sep=0.20, ║∇J║=9.1e-06
Iteration 1997/2000-----
currents: [100000.0, 99999.99893534069, 99999.99822490317]
J=3.0e-04, ⟨Jf⟩=2.7e-04, ⟨B·n⟩=4.1e-03, Len=sum([5.2, 5.2, 4.9])=15.4, ϰ=[5.5, 6.7, 5.9], ∫ϰ²/L>=[5.0, 7.1, 8.1], C-C-Sep=0.20, ║∇J║=9.5e-06
Iteration 1998/2000-----
currents: [100000.0, 99999.99893523612, 99999.99822472865]
J=3.0e-04, ⟨Jf⟩=2.7e-04, ⟨B·n⟩=4.1e-03, Len=sum([5.2, 5.2, 4.9])=15.4, ϰ=[5.5, 6.7, 5.9], ∫ϰ²/L>=[5.0, 7.1, 8.1], C-C-Sep=0.20, ║∇J║=1.1e-05
Iteration 1999/2000-----
currents: [100000.0, 99999.99893493974, 99999.99822423443]
J=3.0e-04, ⟨Jf⟩=2.7e-04, ⟨B·n⟩=4.1e-03, Len=sum([5.2, 5.2, 4.9])=15.4, ϰ=[5.5, 6.7, 5.9], ∫ϰ²/L>=[5.0, 7.1, 8.1], C-C-Sep=0.20, ║∇J║=8.5e-06
Iteration 2000/2000-----
currents: [100000.0, 99999.99893448604, 99999.9982234779]
J=3.0e-04, ⟨Jf⟩=2.7e-04, ⟨B·n⟩=4.1e-03, Len=sum([5.2, 5.2, 4.9])=15.4, ϰ=[5.5, 6.7, 5.9], ∫ϰ²/L>=[5.0, 7.1, 8.1], C-C-Sep=0.20, ║∇J║=8.8e-06
Iteration 2001/2000-----
currents: [100000.0, 99999.99893359443, 99999.9982219911]
J=3.0e-04, ⟨Jf⟩=2.7e-04, ⟨B·n⟩=4.1e-03, Len=sum([5.2, 5.2, 4.9])=15.4, ϰ=[5.5, 6.7, 5.9], ∫ϰ²/L>=[5.0, 7.1, 8.1], C-C-Sep=0.20, ║∇J║=1.2e-05
Iteration 2002/2000-----
currents: [100000.0, 99999.99893198114, 99999.99821930089]
J=3.0e-04, ⟨Jf⟩=2.7e-04, ⟨B·n⟩=4.1e-03, Len=sum([5.2, 5.2, 4.9])=15.4, ϰ=[5.5, 6.7, 5.9], ∫ϰ²/L>=[5.0, 7.1, 8.1], C-C-Sep=0.20, ║∇J║=1.8e-05
Iteration 2003/2000-----
currents: [100000.0, 99999.99892981772, 99999.99821569327]
J=3.0e-04, ⟨Jf⟩=2.7e-04, ⟨B·n⟩=4.1e-03, Len=sum([5.2, 5.2, 4.9])=15.4, ϰ=[5.5, 6.7, 5.9], ∫ϰ²/L>=[5.0, 7.1, 8.1], C-C-Sep=0.20, ║∇J║=2.3e-05
Iteration 2004/2000-----
currents: [100000.0, 99999.9989296043, 99999.99821533727]
J=3.0e-04, ⟨Jf⟩=2.7e-04, ⟨B·n⟩=4.1e-03, Len=sum([5.2, 5.2, 4.9])=15.4, ϰ=[5.5, 6.7, 5.9], ∫ϰ²/L>=[5.0, 7.1, 8.1], C-C-Sep=0.20, ║∇J║=2.0e-05
Iteration 2005/2000-----
currents: [100000.0, 99999.99892852188, 99999.9982135322]
J=3.0e-04, ⟨Jf⟩=2.7e-04, ⟨B·n⟩=4.1e-03, Len=sum([5.2, 5.2, 4.9])=15.4, ϰ=[5.5, 6.7, 5.9], ∫ϰ²/L>=[5.0, 7.1, 8.1], C-C-Sep=0.20, ║∇J║=2.3e-05
Iteration 2006/2000-----
currents: [100000.0, 99999.9989273135, 99999.99821151713]
J=3.0e-04, ⟨Jf⟩=2.7e-04, ⟨B·n⟩=4.1e-03, Len=sum([5.2, 5.2, 4.9])=15.4, ϰ=[5.5, 6.7, 5.9], ∫ϰ²/L>=[5.0, 7.1, 8.1], C-C-Sep=0.20, ║∇J║=1.8e-05
Iteration 2007/2000-----
currents: [100000.0, 99999.99892556801, 99999.99820860646]
J=3.0e-04, ⟨Jf⟩=2.7e-04, ⟨B·n⟩=4.1e-03, Len=sum([5.2, 5.2, 4.9])=15.4, ϰ=[5.5, 6.7, 5.9], ∫ϰ²/L>=[5.0, 7.1, 8.1], C-C-Sep=0.20, ║∇J║=2.1e-05
Iteration 2008/2000-----
currents: [100000.0, 99999.99892427542, 99999.99820645108]
J=3.0e-04, ⟨Jf⟩=2.7e-04, ⟨B·n⟩=4.1e-03, Len=sum([5.2, 5.2, 4.9])=15.4, ϰ=[5.5, 6.7, 5.9], ∫ϰ²/L>=[5.0, 7.1, 8.1], C-C-Sep=0.20, ║∇J║=2.4e-05
Iteration 2009/2000-----
currents: [100000.0, 99999.99892120094, 99999.99820132426]
J=3.0e-04, ⟨Jf⟩=2.7e-04, ⟨B·n⟩=4.1e-03, Len=sum([5.2, 5.2, 4.9])=15.4, ϰ=[5.5, 6.7, 5.9], ∫ϰ²/L>=[5.0, 7.1, 8.1], C-C-Sep=0.20, ║∇J║=3.1e-05
Iteration 2010/2000-----
currents: [100000.0, 99999.99890869885, 99999.9981804763]
J=3.0e-04, ⟨Jf⟩=2.7e-04, ⟨B·n⟩=4.1e-03, Len=sum([5.2, 5.2, 4.9])=15.4, ϰ=[5.5, 6.7, 5.9], ∫ϰ²/L>=[5.0, 7.1, 8.1], C-C-Sep=0.20, ║∇J║=1.2e-04
Iteration 2011/2000-----
currents: [100000.0, 99999.99891705846, 99999.99819441642]
J=3.0e-04, ⟨Jf⟩=2.7e-04, ⟨B·n⟩=4.1e-03, Len=sum([5.2, 5.2, 4.9])=15.4, ϰ=[5.5, 6.7, 5.9], ∫ϰ²/L>=[5.0, 7.1, 8.1], C-C-Sep=0.20, ║∇J║=4.6e-05
Iteration 2012/2000-----
currents: [100000.0, 99999.99891331562, 99999.99818817481]
J=3.0e-04, ⟨Jf⟩=2.7e-04, ⟨B·n⟩=4.1e-03, Len=sum([5.2, 5.2, 4.9])=15.4, ϰ=[5.5, 6.7, 5.9], ∫ϰ²/L>=[5.0, 7.1, 8.1], C-C-Sep=0.20, ║∇J║=6.5e-05
Iteration 2013/2000-----
currents: [100000.0, 99999.99890536614, 99999.99817491834]
J=3.0e-04, ⟨Jf⟩=2.7e-04, ⟨B·n⟩=4.1e-03, Len=sum([5.2, 5.2, 4.9])=15.4, ϰ=[5.5, 6.7, 5.9], ∫ϰ²/L>=[5.0, 7.1, 8.1], C-C-Sep=0.20, ║∇J║=1.1e-04
Iteration 2014/2000-----
currents: [100000.0, 99999.99890953972, 99999.99818187815]
J=3.0e-04, ⟨Jf⟩=2.7e-04, ⟨B·n⟩=4.1e-03, Len=sum([5.2, 5.2, 4.9])=15.4, ϰ=[5.5, 6.7, 5.9], ∫ϰ²/L>=[5.0, 7.1, 8.1], C-C-Sep=0.20, ║∇J║=7.5e-05
Iteration 2015/2000-----
currents: [100000.0, 99999.99890689756, 99999.99817747167]
J=3.0e-04, ⟨Jf⟩=2.7e-04, ⟨B·n⟩=4.1e-03, Len=sum([5.2, 5.2, 4.9])=15.4, ϰ=[5.5, 6.7, 5.9], ∫ϰ²/L>=[5.0, 7.1, 8.1], C-C-Sep=0.20, ║∇J║=7.4e-05
Iteration 2016/2000-----
currents: [100000.0, 99999.99890473232, 99999.9981738606]
J=3.0e-04, ⟨Jf⟩=2.7e-04, ⟨B·n⟩=4.1e-03, Len=sum([5.2, 5.2, 4.9])=15.4, ϰ=[5.5, 6.7, 5.9], ∫ϰ²/L>=[5.0, 7.1, 8.1], C-C-Sep=0.20, ║∇J║=5.9e-05
Iteration 2017/2000-----
currents: [100000.0, 99999.99889994402, 99999.99816587479]
J=3.0e-04, ⟨Jf⟩=2.7e-04, ⟨B·n⟩=4.1e-03, Len=sum([5.2, 5.2, 4.9])=15.4, ϰ=[5.5, 6.7, 5.9], ∫ϰ²/L>=[5.0, 7.1, 8.1], C-C-Sep=0.20, ║∇J║=6.8e-05
Iteration 2018/2000-----
currents: [100000.0, 99999.99889973449, 99999.99816552574]
J=3.0e-04, ⟨Jf⟩=2.7e-04, ⟨B·n⟩=4.1e-03, Len=sum([5.2, 5.2, 4.9])=15.4, ϰ=[5.5, 6.7, 5.9], ∫ϰ²/L>=[5.0, 7.1, 8.1], C-C-Sep=0.20, ║∇J║=7.1e-05
Iteration 2019/2000-----
currents: [100000.0, 99999.99889046064, 99999.99815006104]
J=3.0e-04, ⟨Jf⟩=2.7e-04, ⟨B·n⟩=4.1e-03, Len=sum([5.2, 5.2, 4.9])=15.4, ϰ=[5.5, 6.7, 5.9], ∫ϰ²/L>=[5.0, 7.1, 8.1], C-C-Sep=0.20, ║∇J║=1.6e-04
Iteration 2020/2000-----
currents: [100000.0, 99999.99889703003, 99999.9981610159]
J=3.0e-04, ⟨Jf⟩=2.7e-04, ⟨B·n⟩=4.1e-03, Len=sum([5.2, 5.2, 4.9])=15.4, ϰ=[5.5, 6.7, 5.9], ∫ϰ²/L>=[5.0, 7.1, 8.1], C-C-Sep=0.20, ║∇J║=8.2e-05
Iteration 2021/2000-----
currents: [100000.0, 99999.99889559035, 99999.99815861524]
J=3.0e-04, ⟨Jf⟩=2.7e-04, ⟨B·n⟩=4.1e-03, Len=sum([5.2, 5.2, 4.9])=15.4, ϰ=[5.5, 6.7, 5.9], ∫ϰ²/L>=[5.0, 7.1, 8.1], C-C-Sep=0.20, ║∇J║=8.4e-05
Iteration 2022/2000-----
currents: [100000.0, 99999.99889466986, 99999.99815708055]
J=3.0e-04, ⟨Jf⟩=2.7e-04, ⟨B·n⟩=4.1e-03, Len=sum([5.2, 5.2, 4.9])=15.4, ϰ=[5.5, 6.7, 5.9], ∫ϰ²/L>=[5.0, 7.1, 8.1], C-C-Sep=0.20, ║∇J║=4.7e-05
Iteration 2023/2000-----
currents: [100000.0, 99999.99889293582, 99999.9981541894]
J=3.0e-04, ⟨Jf⟩=2.7e-04, ⟨B·n⟩=4.1e-03, Len=sum([5.2, 5.2, 4.9])=15.4, ϰ=[5.5, 6.7, 5.9], ∫ϰ²/L>=[5.0, 7.1, 8.1], C-C-Sep=0.20, ║∇J║=5.1e-05
Iteration 2024/2000-----
currents: [100000.0, 99999.9988904605, 99999.99815006206]
J=3.0e-04, ⟨Jf⟩=2.7e-04, ⟨B·n⟩=4.1e-03, Len=sum([5.2, 5.2, 4.9])=15.4, ϰ=[5.5, 6.7, 5.9], ∫ϰ²/L>=[5.0, 7.1, 8.1], C-C-Sep=0.20, ║∇J║=6.0e-05
Iteration 2025/2000-----
currents: [100000.0, 99999.99888758882, 99999.99814527422]
J=3.0e-04, ⟨Jf⟩=2.7e-04, ⟨B·n⟩=4.1e-03, Len=sum([5.2, 5.2, 4.9])=15.4, ϰ=[5.5, 6.7, 5.9], ∫ϰ²/L>=[5.0, 7.1, 8.1], C-C-Sep=0.20, ║∇J║=7.9e-05
Iteration 2026/2000-----
currents: [100000.0, 99999.99888590667, 99999.99814246944]
J=3.0e-04, ⟨Jf⟩=2.7e-04, ⟨B·n⟩=4.1e-03, Len=sum([5.2, 5.2, 4.9])=15.4, ϰ=[5.5, 6.7, 5.9], ∫ϰ²/L>=[5.0, 7.1, 8.1], C-C-Sep=0.20, ║∇J║=6.2e-05
Iteration 2027/2000-----
currents: [100000.0, 99999.99888475762, 99999.99814055336]
J=3.0e-04, ⟨Jf⟩=2.7e-04, ⟨B·n⟩=4.1e-03, Len=sum([5.2, 5.2, 4.9])=15.4, ϰ=[5.5, 6.7, 5.9], ∫ϰ²/L>=[5.0, 7.1, 8.1], C-C-Sep=0.20, ║∇J║=4.7e-05
Iteration 2028/2000-----
currents: [100000.0, 99999.99888535947, 99999.9981415571]
J=3.0e-04, ⟨Jf⟩=2.7e-04, ⟨B·n⟩=4.1e-03, Len=sum([5.2, 5.2, 4.9])=15.4, ϰ=[5.5, 6.7, 5.9], ∫ϰ²/L>=[5.0, 7.1, 8.1], C-C-Sep=0.20, ║∇J║=4.7e-05
Iteration 2029/2000-----
currents: [100000.0, 99999.99888161002, 99999.9981353049]
J=3.0e-04, ⟨Jf⟩=2.7e-04, ⟨B·n⟩=4.1e-03, Len=sum([5.2, 5.2, 4.9])=15.4, ϰ=[5.5, 6.7, 5.9], ∫ϰ²/L>=[5.0, 7.1, 8.1], C-C-Sep=0.20, ║∇J║=6.9e-05
Iteration 2030/2000-----
currents: [100000.0, 99999.99888153623, 99999.99813518193]
J=3.0e-04, ⟨Jf⟩=2.7e-04, ⟨B·n⟩=4.1e-03, Len=sum([5.2, 5.2, 4.9])=15.4, ϰ=[5.5, 6.7, 5.9], ∫ϰ²/L>=[5.0, 7.1, 8.1], C-C-Sep=0.20, ║∇J║=5.5e-05
Iteration 2031/2000-----
currents: [100000.0, 99999.99888016566, 99999.99813289689]
J=3.0e-04, ⟨Jf⟩=2.7e-04, ⟨B·n⟩=4.1e-03, Len=sum([5.2, 5.2, 4.9])=15.4, ϰ=[5.5, 6.7, 5.9], ∫ϰ²/L>=[5.0, 7.1, 8.1], C-C-Sep=0.20, ║∇J║=4.3e-05
Iteration 2032/2000-----
currents: [100000.0, 99999.99887800925, 99999.9981293011]
J=3.0e-04, ⟨Jf⟩=2.7e-04, ⟨B·n⟩=4.1e-03, Len=sum([5.2, 5.2, 4.9])=15.4, ϰ=[5.5, 6.7, 5.9], ∫ϰ²/L>=[5.0, 7.1, 8.1], C-C-Sep=0.20, ║∇J║=4.2e-05
Iteration 2033/2000-----
currents: [100000.0, 99999.99887517942, 99999.99812458231]
J=3.0e-04, ⟨Jf⟩=2.7e-04, ⟨B·n⟩=4.1e-03, Len=sum([5.2, 5.2, 4.9])=15.4, ϰ=[5.5, 6.7, 5.9], ∫ϰ²/L>=[5.0, 7.1, 8.1], C-C-Sep=0.20, ║∇J║=4.5e-05
Iteration 2034/2000-----
currents: [100000.0, 99999.9988732646, 99999.99812138945]
J=3.0e-04, ⟨Jf⟩=2.7e-04, ⟨B·n⟩=4.1e-03, Len=sum([5.2, 5.2, 4.9])=15.4, ϰ=[5.5, 6.7, 5.9], ∫ϰ²/L>=[5.0, 7.1, 8.1], C-C-Sep=0.20, ║∇J║=4.9e-05
Iteration 2035/2000-----
currents: [100000.0, 99999.99887042973, 99999.99811666251]
J=3.0e-04, ⟨Jf⟩=2.7e-04, ⟨B·n⟩=4.1e-03, Len=sum([5.2, 5.2, 4.9])=15.4, ϰ=[5.5, 6.7, 5.9], ∫ϰ²/L>=[5.0, 7.1, 8.1], C-C-Sep=0.20, ║∇J║=5.9e-05
Iteration 2036/2000-----
currents: [100000.0, 99999.99887033472, 99999.99811650436]
J=3.0e-04, ⟨Jf⟩=2.7e-04, ⟨B·n⟩=4.1e-03, Len=sum([5.2, 5.2, 4.9])=15.4, ϰ=[5.5, 6.7, 5.9], ∫ϰ²/L>=[5.0, 7.1, 8.1], C-C-Sep=0.20, ║∇J║=4.8e-05
Iteration 2037/2000-----
currents: [100000.0, 99999.99886722649, 99999.99811132158]
J=3.0e-04, ⟨Jf⟩=2.7e-04, ⟨B·n⟩=4.1e-03, Len=sum([5.2, 5.2, 4.9])=15.4, ϰ=[5.5, 6.7, 5.9], ∫ϰ²/L>=[5.0, 7.1, 8.1], C-C-Sep=0.20, ║∇J║=6.0e-05
--------------------------------JF.x shape after opt: (443,)
Final arclength variation max(|ℓ|)/min(|ℓ|) - 1=[1.44e-03, 1.14e-03, 7.80e-04]

################################################################################
### Evaluate the obtained coils ################################################
################################################################################

Finished 100/1000 Out-of-Sample Evaluations
Finished 200/1000 Out-of-Sample Evaluations
Finished 300/1000 Out-of-Sample Evaluations
Finished 400/1000 Out-of-Sample Evaluations
Finished 500/1000 Out-of-Sample Evaluations
Finished 600/1000 Out-of-Sample Evaluations
Finished 700/1000 Out-of-Sample Evaluations
Finished 800/1000 Out-of-Sample Evaluations
Finished 900/1000 Out-of-Sample Evaluations
Finished 1000/1000 Out-of-Sample Evaluations
Flux Objective for exact coils     : 2.567e-04
Out-of-sample flux value                  : 2.853e-04
Objective Gradient (||∇J||)              : 6.033e-05
Mean Flux Objective across perturbed coils: 2.712e-04
Quality Number: 0.900
<B_N>/<|B|> = 1.66e-02

Total time taken: 694.44 seconds
