SLURM job ID: 6784949
Running sigma and l scan
Sigma_curve=0.006;L_curve=0.500
output_stage_two_optimization_stochastic_NCSX_4nsamp_sigma_l_scan_curves
Starting N_SAMPLE LOOP
WARNING:2026-04-21 11:53:44,697:jax._src.xla_bridge:852: An NVIDIA GPU may be present on this machine, but a CUDA-enabled jaxlib is not installed. Falling back to cpu.
WARNING:2026-04-21 11:53:44,916:jax._src.xla_bridge:852: An NVIDIA GPU may be present on this machine, but a CUDA-enabled jaxlib is not installed. Falling back to cpu.
WARNING:2026-04-21 11:53:44,919:jax._src.xla_bridge:852: An NVIDIA GPU may be present on this machine, but a CUDA-enabled jaxlib is not installed. Falling back to cpu.
WARNING:2026-04-21 11:53:45,912:jax._src.xla_bridge:852: An NVIDIA GPU may be present on this machine, but a CUDA-enabled jaxlib is not installed. Falling back to cpu.

################################################################################
### Perform a Taylor test ######################################################
################################################################################

Iteration 1/2000-----
currents: [100000.0, 100000.0, 100000.0]
J=1.4e-01, ⟨Jf⟩=5.0e-02, ⟨B·n⟩=5.6e-02, Len=sum([5.4, 5.3, 5.3])=16.0, ϰ=[1.3, 1.3, 1.2], ∫ϰ²/L>=[1.4, 1.4, 1.4], C-C-Sep=0.13, ║∇J║=7.2e+00
Iteration 2/2000-----
currents: [100000.0, 100000.000417022, 100000.00072032449]
J=1.4e-01, ⟨Jf⟩=5.0e-02, ⟨B·n⟩=5.6e-02, Len=sum([5.4, 5.3, 5.4])=16.0, ϰ=[8.8, 10.2, 8.7], ∫ϰ²/L>=[3.7, 3.9, 3.8], C-C-Sep=0.13, ║∇J║=7.3e+00
Iteration 3/2000-----
currents: [100000.0, 99999.999582978, 99999.99927967551]
J=1.4e-01, ⟨Jf⟩=5.0e-02, ⟨B·n⟩=5.6e-02, Len=sum([5.4, 5.3, 5.3])=16.0, ϰ=[6.5, 7.1, 6.5], ∫ϰ²/L>=[3.4, 3.6, 3.5], C-C-Sep=0.13, ║∇J║=7.3e+00
err -0.16853717035866178
Iteration 4/2000-----
currents: [100000.0, 100000.0000417022, 100000.00007203245]
J=1.4e-01, ⟨Jf⟩=5.0e-02, ⟨B·n⟩=5.6e-02, Len=sum([5.4, 5.3, 5.3])=16.0, ϰ=[1.8, 1.9, 1.8], ∫ϰ²/L>=[1.4, 1.4, 1.4], C-C-Sep=0.13, ║∇J║=7.2e+00
Iteration 5/2000-----
currents: [100000.0, 99999.9999582978, 99999.99992796755]
J=1.4e-01, ⟨Jf⟩=5.0e-02, ⟨B·n⟩=5.6e-02, Len=sum([5.4, 5.3, 5.3])=16.0, ϰ=[1.7, 1.8, 1.8], ∫ϰ²/L>=[1.4, 1.4, 1.4], C-C-Sep=0.13, ║∇J║=7.2e+00
err -0.0017815071692370843
Iteration 6/2000-----
currents: [100000.0, 100000.00000417022, 100000.00000720324]
J=1.4e-01, ⟨Jf⟩=5.0e-02, ⟨B·n⟩=5.6e-02, Len=sum([5.4, 5.3, 5.3])=16.0, ϰ=[1.3, 1.3, 1.3], ∫ϰ²/L>=[1.4, 1.4, 1.4], C-C-Sep=0.13, ║∇J║=7.2e+00
Iteration 7/2000-----
currents: [100000.0, 99999.99999582978, 99999.99999279676]
J=1.4e-01, ⟨Jf⟩=5.0e-02, ⟨B·n⟩=5.6e-02, Len=sum([5.4, 5.3, 5.3])=16.0, ϰ=[1.3, 1.3, 1.3], ∫ϰ²/L>=[1.4, 1.4, 1.4], C-C-Sep=0.13, ║∇J║=7.2e+00
err -1.7620037464416427e-05
Iteration 8/2000-----
currents: [100000.0, 100000.00000041703, 100000.00000072032]
J=1.4e-01, ⟨Jf⟩=5.0e-02, ⟨B·n⟩=5.6e-02, Len=sum([5.4, 5.3, 5.3])=16.0, ϰ=[1.3, 1.3, 1.2], ∫ϰ²/L>=[1.4, 1.4, 1.4], C-C-Sep=0.13, ║∇J║=7.2e+00
Iteration 9/2000-----
currents: [100000.0, 99999.99999958297, 99999.99999927968]
J=1.4e-01, ⟨Jf⟩=5.0e-02, ⟨B·n⟩=5.6e-02, Len=sum([5.4, 5.3, 5.3])=16.0, ϰ=[1.3, 1.3, 1.2], ∫ϰ²/L>=[1.4, 1.4, 1.4], C-C-Sep=0.13, ║∇J║=7.2e+00
err -1.7626742487841796e-07
Iteration 10/2000-----
currents: [100000.0, 100000.0000000417, 100000.00000007203]
J=1.4e-01, ⟨Jf⟩=5.0e-02, ⟨B·n⟩=5.6e-02, Len=sum([5.4, 5.3, 5.3])=16.0, ϰ=[1.3, 1.3, 1.2], ∫ϰ²/L>=[1.4, 1.4, 1.4], C-C-Sep=0.13, ║∇J║=7.2e+00
Iteration 11/2000-----
currents: [100000.0, 99999.9999999583, 99999.99999992797]
J=1.4e-01, ⟨Jf⟩=5.0e-02, ⟨B·n⟩=5.6e-02, Len=sum([5.4, 5.3, 5.3])=16.0, ϰ=[1.3, 1.3, 1.2], ∫ϰ²/L>=[1.4, 1.4, 1.4], C-C-Sep=0.13, ║∇J║=7.2e+00
err -3.5028444589357832e-09

################################################################################
### Run the optimisation #######################################################
################################################################################

Iteration 1/2000-----
currents: [100000.0, 100000.0, 100000.0]
J=1.4e-01, ⟨Jf⟩=5.0e-02, ⟨B·n⟩=5.6e-02, Len=sum([5.4, 5.3, 5.3])=16.0, ϰ=[1.3, 1.3, 1.2], ∫ϰ²/L>=[1.4, 1.4, 1.4], C-C-Sep=0.13, ║∇J║=7.2e+00
Iteration 2/2000-----
currents: [100000.0, 99999.99999995506, 99999.99999997098]
J=2.0e+01, ⟨Jf⟩=7.7e-02, ⟨B·n⟩=5.9e-02, Len=sum([6.2, 5.9, 7.9])=19.9, ϰ=[18.2, 13.4, 23.1], ∫ϰ²/L>=[7.8, 7.9, 11.8], C-C-Sep=0.01, ║∇J║=2.2e+01
Iteration 3/2000-----
currents: [100000.0, 99999.99999999751, 99999.99999999838]
J=3.6e-01, ⟨Jf⟩=5.0e-02, ⟨B·n⟩=5.5e-02, Len=sum([5.4, 5.3, 5.3])=16.0, ϰ=[1.8, 1.7, 3.0], ∫ϰ²/L>=[1.4, 1.5, 1.7], C-C-Sep=0.04, ║∇J║=1.3e+01
Iteration 4/2000-----
currents: [100000.0, 99999.99999999939, 99999.9999999996]
J=9.3e-02, ⟨Jf⟩=5.0e-02, ⟨B·n⟩=5.6e-02, Len=sum([5.4, 5.3, 5.3])=16.0, ϰ=[1.3, 1.3, 1.5], ∫ϰ²/L>=[1.4, 1.4, 1.4], C-C-Sep=0.14, ║∇J║=2.0e+00
Iteration 5/2000-----
currents: [100000.0, 99999.99999999888, 99999.99999999927]
J=8.8e-02, ⟨Jf⟩=5.0e-02, ⟨B·n⟩=5.6e-02, Len=sum([5.4, 5.3, 5.3])=16.0, ϰ=[1.4, 1.4, 1.5], ∫ϰ²/L>=[1.4, 1.4, 1.4], C-C-Sep=0.15, ║∇J║=1.4e+00
Iteration 6/2000-----
currents: [100000.0, 99999.9999999964, 99999.99999999766]
J=7.8e-02, ⟨Jf⟩=5.0e-02, ⟨B·n⟩=5.6e-02, Len=sum([5.4, 5.3, 5.3])=16.0, ϰ=[1.9, 2.1, 1.8], ∫ϰ²/L>=[1.5, 1.5, 1.5], C-C-Sep=0.16, ║∇J║=1.5e+00
Iteration 7/2000-----
currents: [100000.0, 99999.99999999264, 99999.9999999952]
J=6.8e-02, ⟨Jf⟩=5.0e-02, ⟨B·n⟩=5.5e-02, Len=sum([5.4, 5.3, 5.3])=15.9, ϰ=[2.4, 3.3, 2.4], ∫ϰ²/L>=[1.5, 1.8, 1.6], C-C-Sep=0.16, ║∇J║=1.7e+00
Iteration 8/2000-----
currents: [100000.0, 99999.99999997934, 99999.99999998651]
J=5.3e-02, ⟨Jf⟩=4.9e-02, ⟨B·n⟩=5.5e-02, Len=sum([5.4, 5.3, 5.3])=15.9, ϰ=[6.2, 6.5, 3.7], ∫ϰ²/L>=[3.4, 3.2, 2.3], C-C-Sep=0.18, ║∇J║=1.1e+00
Iteration 9/2000-----
currents: [100000.0, 99999.99999996986, 99999.99999998027]
J=5.0e-02, ⟨Jf⟩=4.9e-02, ⟨B·n⟩=5.5e-02, Len=sum([5.4, 5.3, 5.3])=16.0, ϰ=[6.6, 5.5, 4.8], ∫ϰ²/L>=[5.6, 3.4, 3.1], C-C-Sep=0.19, ║∇J║=3.1e-01
Iteration 10/2000-----
currents: [100000.0, 99999.9999999657, 99999.99999997749]
J=4.9e-02, ⟨Jf⟩=4.9e-02, ⟨B·n⟩=5.4e-02, Len=sum([5.4, 5.3, 5.3])=16.0, ϰ=[6.4, 5.3, 4.7], ∫ϰ²/L>=[5.3, 3.4, 3.2], C-C-Sep=0.19, ║∇J║=1.7e-01
Iteration 11/2000-----
currents: [100000.0, 99999.9999999568, 99999.99999997152]
J=4.9e-02, ⟨Jf⟩=4.8e-02, ⟨B·n⟩=5.4e-02, Len=sum([5.4, 5.3, 5.3])=16.0, ϰ=[6.9, 5.1, 5.0], ∫ϰ²/L>=[5.2, 3.7, 3.6], C-C-Sep=0.20, ║∇J║=1.4e-01
Iteration 12/2000-----
currents: [100000.0, 99999.99999992286, 99999.99999994872]
J=4.7e-02, ⟨Jf⟩=4.6e-02, ⟨B·n⟩=5.3e-02, Len=sum([5.4, 5.3, 5.3])=16.0, ϰ=[8.2, 6.0, 6.2], ∫ϰ²/L>=[5.8, 5.7, 5.1], C-C-Sep=0.20, ║∇J║=3.0e-01
Iteration 13/2000-----
currents: [100000.0, 99999.99999983299, 99999.99999988823]
J=4.5e-02, ⟨Jf⟩=4.2e-02, ⟨B·n⟩=5.0e-02, Len=sum([5.5, 5.4, 5.4])=16.2, ϰ=[11.7, 10.3, 11.7], ∫ϰ²/L>=[10.1, 15.7, 11.4], C-C-Sep=0.18, ║∇J║=4.8e-01
Iteration 14/2000-----
currents: [100000.0, 99999.99999978756, 99999.99999985732]
J=4.3e-02, ⟨Jf⟩=4.0e-02, ⟨B·n⟩=4.9e-02, Len=sum([5.5, 5.4, 5.4])=16.3, ϰ=[12.3, 11.3, 10.2], ∫ϰ²/L>=[11.4, 17.6, 9.8], C-C-Sep=0.19, ║∇J║=4.7e-01
Iteration 15/2000-----
currents: [100000.0, 99999.99999973364, 99999.9999998204]
J=4.1e-02, ⟨Jf⟩=3.8e-02, ⟨B·n⟩=4.7e-02, Len=sum([5.6, 5.4, 5.4])=16.4, ϰ=[11.3, 14.4, 7.6], ∫ϰ²/L>=[12.1, 19.9, 8.1], C-C-Sep=0.19, ║∇J║=3.7e-01
Iteration 16/2000-----
currents: [100000.0, 99999.99999960489, 99999.9999997319]
J=3.8e-02, ⟨Jf⟩=3.2e-02, ⟨B·n⟩=4.3e-02, Len=sum([5.8, 5.6, 5.4])=16.7, ϰ=[14.1, 22.2, 9.2], ∫ϰ²/L>=[15.6, 26.1, 8.7], C-C-Sep=0.17, ║∇J║=5.5e-01
Iteration 17/2000-----
currents: [100000.0, 99999.99999954618, 99999.9999996902]
J=3.6e-02, ⟨Jf⟩=2.9e-02, ⟨B·n⟩=4.1e-02, Len=sum([5.8, 5.5, 5.4])=16.7, ϰ=[12.2, 16.2, 9.3], ∫ϰ²/L>=[14.2, 20.3, 11.1], C-C-Sep=0.19, ║∇J║=6.1e-01
Iteration 18/2000-----
currents: [100000.0, 99999.99999951123, 99999.99999966532]
J=3.3e-02, ⟨Jf⟩=2.8e-02, ⟨B·n⟩=4.0e-02, Len=sum([5.8, 5.5, 5.4])=16.8, ϰ=[10.8, 16.9, 10.3], ∫ϰ²/L>=[13.6, 16.6, 10.6], C-C-Sep=0.20, ║∇J║=3.9e-01
Iteration 19/2000-----
currents: [100000.0, 99999.9999993918, 99999.99999958031]
J=3.0e-02, ⟨Jf⟩=2.3e-02, ⟨B·n⟩=3.6e-02, Len=sum([6.0, 5.7, 5.4])=17.0, ϰ=[12.4, 16.8, 11.3], ∫ϰ²/L>=[14.6, 17.5, 12.8], C-C-Sep=0.20, ║∇J║=3.5e-01
Iteration 20/2000-----
currents: [100000.0, 99999.99999934762, 99999.99999954624]
J=2.7e-02, ⟨Jf⟩=2.2e-02, ⟨B·n⟩=3.5e-02, Len=sum([6.0, 5.7, 5.4])=17.0, ϰ=[11.0, 15.8, 9.1], ∫ϰ²/L>=[13.7, 21.2, 10.3], C-C-Sep=0.20, ║∇J║=4.5e-01
Iteration 21/2000-----
currents: [100000.0, 99999.99999925436, 99999.99999947794]
J=2.5e-02, ⟨Jf⟩=1.9e-02, ⟨B·n⟩=3.2e-02, Len=sum([6.1, 5.8, 5.4])=17.2, ϰ=[11.1, 15.4, 9.6], ∫ϰ²/L>=[16.0, 21.0, 10.2], C-C-Sep=0.20, ║∇J║=4.2e-01
Iteration 22/2000-----
currents: [100000.0, 99999.99999923576, 99999.99999946241]
J=2.4e-02, ⟨Jf⟩=1.8e-02, ⟨B·n⟩=3.1e-02, Len=sum([6.1, 5.7, 5.3])=17.2, ϰ=[11.4, 14.4, 9.9], ∫ϰ²/L>=[18.2, 15.8, 10.3], C-C-Sep=0.20, ║∇J║=3.2e-01
Iteration 23/2000-----
currents: [100000.0, 99999.99999913761, 99999.99999938719]
J=2.2e-02, ⟨Jf⟩=1.6e-02, ⟨B·n⟩=2.9e-02, Len=sum([6.3, 5.8, 5.3])=17.5, ϰ=[16.3, 13.5, 12.1], ∫ϰ²/L>=[27.1, 15.5, 15.2], C-C-Sep=0.19, ║∇J║=4.1e-01
Iteration 24/2000-----
currents: [100000.0, 99999.99999914065, 99999.99999938562]
J=2.0e-02, ⟨Jf⟩=1.6e-02, ⟨B·n⟩=2.9e-02, Len=sum([6.3, 5.7, 5.3])=17.3, ϰ=[16.7, 11.7, 11.7], ∫ϰ²/L>=[27.7, 16.0, 15.1], C-C-Sep=0.20, ║∇J║=3.5e-01
Iteration 25/2000-----
currents: [100000.0, 99999.99999910487, 99999.99999935836]
J=1.9e-02, ⟨Jf⟩=1.5e-02, ⟨B·n⟩=2.8e-02, Len=sum([6.3, 5.8, 5.3])=17.4, ϰ=[16.4, 10.0, 11.6], ∫ϰ²/L>=[25.2, 15.5, 12.4], C-C-Sep=0.20, ║∇J║=3.0e-01
Iteration 26/2000-----
currents: [100000.0, 99999.99999905359, 99999.99999931514]
J=1.8e-02, ⟨Jf⟩=1.4e-02, ⟨B·n⟩=2.7e-02, Len=sum([6.3, 5.8, 5.3])=17.4, ϰ=[15.2, 10.7, 11.5], ∫ϰ²/L>=[24.2, 20.1, 11.0], C-C-Sep=0.20, ║∇J║=2.8e-01
Iteration 27/2000-----
currents: [100000.0, 99999.99999896363, 99999.99999924413]
J=1.7e-02, ⟨Jf⟩=1.3e-02, ⟨B·n⟩=2.7e-02, Len=sum([6.5, 5.9, 5.3])=17.7, ϰ=[13.9, 10.7, 12.0], ∫ϰ²/L>=[25.2, 26.0, 12.1], C-C-Sep=0.20, ║∇J║=2.7e-01
Iteration 28/2000-----
currents: [100000.0, 99999.99999896689, 99999.99999924113]
J=1.6e-02, ⟨Jf⟩=1.3e-02, ⟨B·n⟩=2.7e-02, Len=sum([6.4, 5.8, 5.3])=17.5, ϰ=[12.1, 11.2, 11.4], ∫ϰ²/L>=[23.0, 27.7, 11.5], C-C-Sep=0.20, ║∇J║=2.5e-01
Iteration 29/2000-----
currents: [100000.0, 99999.99999895386, 99999.99999922651]
J=1.6e-02, ⟨Jf⟩=1.2e-02, ⟨B·n⟩=2.6e-02, Len=sum([6.3, 5.8, 5.3])=17.5, ϰ=[9.8, 10.1, 10.3], ∫ϰ²/L>=[19.6, 25.5, 10.6], C-C-Sep=0.19, ║∇J║=2.7e-01
Iteration 30/2000-----
currents: [100000.0, 99999.99999892976, 99999.99999920459]
J=1.5e-02, ⟨Jf⟩=1.2e-02, ⟨B·n⟩=2.6e-02, Len=sum([6.4, 5.8, 5.3])=17.5, ϰ=[9.4, 10.3, 10.8], ∫ϰ²/L>=[18.9, 24.6, 10.6], C-C-Sep=0.20, ║∇J║=1.8e-01
Iteration 31/2000-----
currents: [100000.0, 99999.99999888882, 99999.99999916843]
J=1.4e-02, ⟨Jf⟩=1.1e-02, ⟨B·n⟩=2.6e-02, Len=sum([6.4, 5.8, 5.3])=17.5, ϰ=[9.6, 10.3, 10.8], ∫ϰ²/L>=[18.6, 23.0, 10.6], C-C-Sep=0.20, ║∇J║=1.7e-01
Iteration 32/2000-----
currents: [100000.0, 99999.99999885554, 99999.99999913535]
J=1.4e-02, ⟨Jf⟩=1.1e-02, ⟨B·n⟩=2.5e-02, Len=sum([6.4, 5.8, 5.3])=17.5, ϰ=[10.8, 9.3, 9.8], ∫ϰ²/L>=[18.8, 19.7, 10.4], C-C-Sep=0.20, ║∇J║=2.7e-01
Iteration 33/2000-----
currents: [100000.0, 99999.99999883774, 99999.99999911645]
J=1.3e-02, ⟨Jf⟩=1.1e-02, ⟨B·n⟩=2.5e-02, Len=sum([6.4, 5.8, 5.3])=17.5, ϰ=[10.6, 8.8, 9.2], ∫ϰ²/L>=[18.6, 18.2, 10.2], C-C-Sep=0.20, ║∇J║=1.6e-01
Iteration 34/2000-----
currents: [100000.0, 99999.99999883295, 99999.99999910887]
J=1.3e-02, ⟨Jf⟩=1.0e-02, ⟨B·n⟩=2.5e-02, Len=sum([6.3, 5.8, 5.3])=17.4, ϰ=[9.8, 8.7, 8.6], ∫ϰ²/L>=[17.1, 16.4, 9.8], C-C-Sep=0.20, ║∇J║=1.6e-01
Iteration 35/2000-----
currents: [100000.0, 99999.99999881232, 99999.99999908323]
J=1.3e-02, ⟨Jf⟩=9.9e-03, ⟨B·n⟩=2.4e-02, Len=sum([6.3, 5.8, 5.3])=17.3, ϰ=[9.0, 9.0, 9.3], ∫ϰ²/L>=[14.4, 15.9, 9.6], C-C-Sep=0.18, ║∇J║=2.6e-01
Iteration 36/2000-----
currents: [100000.0, 99999.99999881547, 99999.99999908151]
J=1.2e-02, ⟨Jf⟩=9.7e-03, ⟨B·n⟩=2.4e-02, Len=sum([6.2, 5.8, 5.3])=17.3, ϰ=[10.4, 10.0, 9.7], ∫ϰ²/L>=[11.7, 16.4, 8.7], C-C-Sep=0.21, ║∇J║=2.1e-01
Iteration 37/2000-----
currents: [100000.0, 99999.99999878777, 99999.99999905593]
J=1.2e-02, ⟨Jf⟩=9.4e-03, ⟨B·n⟩=2.4e-02, Len=sum([6.2, 5.8, 5.3])=17.3, ϰ=[9.6, 8.9, 8.7], ∫ϰ²/L>=[11.4, 15.3, 8.5], C-C-Sep=0.20, ║∇J║=2.0e-01
Iteration 38/2000-----
currents: [100000.0, 99999.99999877834, 99999.9999990433]
J=1.1e-02, ⟨Jf⟩=9.2e-03, ⟨B·n⟩=2.3e-02, Len=sum([6.2, 5.8, 5.3])=17.3, ϰ=[8.8, 8.7, 8.6], ∫ϰ²/L>=[11.1, 15.5, 8.3], C-C-Sep=0.19, ║∇J║=1.5e-01
Iteration 39/2000-----
currents: [100000.0, 99999.99999875724, 99999.99999901804]
J=1.1e-02, ⟨Jf⟩=8.9e-03, ⟨B·n⟩=2.3e-02, Len=sum([6.2, 5.8, 5.2])=17.3, ϰ=[8.0, 9.0, 8.7], ∫ϰ²/L>=[11.4, 17.2, 8.4], C-C-Sep=0.19, ║∇J║=1.3e-01
Iteration 40/2000-----
currents: [100000.0, 99999.99999874242, 99999.9999989982]
J=1.1e-02, ⟨Jf⟩=8.5e-03, ⟨B·n⟩=2.2e-02, Len=sum([6.2, 5.8, 5.2])=17.2, ϰ=[7.6, 8.8, 8.6], ∫ϰ²/L>=[11.8, 17.0, 8.0], C-C-Sep=0.19, ║∇J║=1.7e-01
Iteration 41/2000-----
currents: [100000.0, 99999.99999872524, 99999.99999897458]
J=1.0e-02, ⟨Jf⟩=8.1e-03, ⟨B·n⟩=2.2e-02, Len=sum([6.2, 5.8, 5.2])=17.2, ϰ=[7.0, 8.8, 8.8], ∫ϰ²/L>=[12.9, 16.0, 8.1], C-C-Sep=0.19, ║∇J║=1.6e-01
Iteration 42/2000-----
currents: [100000.0, 99999.99999871403, 99999.99999896028]
J=1.0e-02, ⟨Jf⟩=7.9e-03, ⟨B·n⟩=2.1e-02, Len=sum([6.2, 5.8, 5.2])=17.2, ϰ=[6.7, 9.7, 9.3], ∫ϰ²/L>=[12.6, 14.3, 8.3], C-C-Sep=0.20, ║∇J║=1.6e-01
Iteration 43/2000-----
currents: [100000.0, 99999.99999870335, 99999.99999894606]
J=9.9e-03, ⟨Jf⟩=7.7e-03, ⟨B·n⟩=2.1e-02, Len=sum([6.2, 5.8, 5.2])=17.2, ϰ=[6.5, 10.2, 9.4], ∫ϰ²/L>=[12.2, 13.9, 8.5], C-C-Sep=0.20, ║∇J║=1.3e-01
Iteration 44/2000-----
currents: [100000.0, 99999.99999869106, 99999.99999892489]
J=9.5e-03, ⟨Jf⟩=7.3e-03, ⟨B·n⟩=2.1e-02, Len=sum([6.1, 5.8, 5.2])=17.1, ϰ=[6.6, 11.4, 8.7], ∫ϰ²/L>=[11.4, 14.2, 8.9], C-C-Sep=0.19, ║∇J║=1.6e-01
Iteration 45/2000-----
currents: [100000.0, 99999.99999865434, 99999.99999888042]
J=9.2e-03, ⟨Jf⟩=6.8e-03, ⟨B·n⟩=2.0e-02, Len=sum([6.1, 5.8, 5.2])=17.2, ϰ=[7.0, 11.8, 8.3], ∫ϰ²/L>=[11.3, 16.0, 9.6], C-C-Sep=0.19, ║∇J║=2.3e-01
Iteration 46/2000-----
currents: [100000.0, 99999.99999866255, 99999.99999888215]
J=8.8e-03, ⟨Jf⟩=6.7e-03, ⟨B·n⟩=2.0e-02, Len=sum([6.1, 5.8, 5.2])=17.1, ϰ=[7.2, 11.8, 7.5], ∫ϰ²/L>=[10.8, 15.4, 8.7], C-C-Sep=0.19, ║∇J║=1.7e-01
Iteration 47/2000-----
currents: [100000.0, 99999.9999986332, 99999.99999884472]
J=8.5e-03, ⟨Jf⟩=6.3e-03, ⟨B·n⟩=1.9e-02, Len=sum([6.1, 5.8, 5.2])=17.1, ϰ=[7.4, 11.3, 7.5], ∫ϰ²/L>=[11.6, 15.8, 8.4], C-C-Sep=0.19, ║∇J║=2.0e-01
Iteration 48/2000-----
currents: [100000.0, 99999.9999986357, 99999.99999884373]
J=8.2e-03, ⟨Jf⟩=6.3e-03, ⟨B·n⟩=1.9e-02, Len=sum([6.1, 5.8, 5.2])=17.1, ϰ=[7.0, 10.8, 7.4], ∫ϰ²/L>=[11.5, 14.8, 7.9], C-C-Sep=0.20, ║∇J║=1.4e-01
Iteration 49/2000-----
currents: [100000.0, 99999.99999861345, 99999.99999881115]
J=7.9e-03, ⟨Jf⟩=5.9e-03, ⟨B·n⟩=1.8e-02, Len=sum([6.1, 5.8, 5.2])=17.1, ϰ=[6.6, 11.4, 7.6], ∫ϰ²/L>=[11.9, 14.8, 8.0], C-C-Sep=0.20, ║∇J║=1.5e-01
Iteration 50/2000-----
currents: [100000.0, 99999.99999859292, 99999.99999878307]
J=7.6e-03, ⟨Jf⟩=5.6e-03, ⟨B·n⟩=1.8e-02, Len=sum([6.1, 5.8, 5.2])=17.1, ϰ=[7.5, 11.7, 7.3], ∫ϰ²/L>=[12.4, 15.0, 8.3], C-C-Sep=0.20, ║∇J║=1.5e-01
Iteration 51/2000-----
currents: [100000.0, 99999.99999857803, 99999.99999875556]
J=7.3e-03, ⟨Jf⟩=5.3e-03, ⟨B·n⟩=1.7e-02, Len=sum([6.0, 5.8, 5.2])=17.1, ϰ=[8.5, 11.7, 6.8], ∫ϰ²/L>=[12.4, 15.6, 8.4], C-C-Sep=0.20, ║∇J║=1.5e-01
Iteration 52/2000-----
currents: [100000.0, 99999.99999856709, 99999.99999873507]
J=7.0e-03, ⟨Jf⟩=5.1e-03, ⟨B·n⟩=1.7e-02, Len=sum([6.0, 5.8, 5.2])=17.0, ϰ=[8.8, 11.9, 6.3], ∫ϰ²/L>=[11.9, 15.8, 8.5], C-C-Sep=0.20, ║∇J║=1.4e-01
Iteration 53/2000-----
currents: [100000.0, 99999.9999985538, 99999.99999871077]
J=6.7e-03, ⟨Jf⟩=4.9e-03, ⟨B·n⟩=1.6e-02, Len=sum([6.0, 5.8, 5.2])=17.0, ϰ=[8.7, 12.2, 6.1], ∫ϰ²/L>=[11.7, 16.6, 8.8], C-C-Sep=0.20, ║∇J║=1.4e-01
Iteration 54/2000-----
currents: [100000.0, 99999.99999854193, 99999.99999869149]
J=6.4e-03, ⟨Jf⟩=4.7e-03, ⟨B·n⟩=1.6e-02, Len=sum([6.0, 5.8, 5.2])=17.0, ϰ=[8.1, 12.7, 6.8], ∫ϰ²/L>=[11.5, 16.8, 8.9], C-C-Sep=0.19, ║∇J║=1.4e-01
Iteration 55/2000-----
currents: [100000.0, 99999.99999851377, 99999.9999986467]
J=6.2e-03, ⟨Jf⟩=4.4e-03, ⟨B·n⟩=1.5e-02, Len=sum([5.9, 5.8, 5.2])=17.0, ϰ=[8.7, 11.6, 7.4], ∫ϰ²/L>=[12.7, 17.4, 9.0], C-C-Sep=0.19, ║∇J║=1.8e-01
Iteration 56/2000-----
currents: [100000.0, 99999.99999851029, 99999.99999864555]
J=6.0e-03, ⟨Jf⟩=4.3e-03, ⟨B·n⟩=1.5e-02, Len=sum([5.9, 5.8, 5.2])=17.0, ϰ=[8.8, 11.4, 7.1], ∫ϰ²/L>=[11.7, 16.0, 8.0], C-C-Sep=0.20, ║∇J║=1.7e-01
Iteration 57/2000-----
currents: [100000.0, 99999.99999848833, 99999.99999861562]
J=5.8e-03, ⟨Jf⟩=4.1e-03, ⟨B·n⟩=1.5e-02, Len=sum([5.9, 5.8, 5.2])=17.0, ϰ=[8.4, 11.5, 7.2], ∫ϰ²/L>=[12.1, 16.5, 8.3], C-C-Sep=0.20, ║∇J║=1.3e-01
Iteration 58/2000-----
currents: [100000.0, 99999.9999984798, 99999.99999860121]
J=5.6e-03, ⟨Jf⟩=4.0e-03, ⟨B·n⟩=1.5e-02, Len=sum([5.9, 5.8, 5.2])=17.0, ϰ=[8.8, 11.6, 6.8], ∫ϰ²/L>=[11.8, 16.4, 7.9], C-C-Sep=0.20, ║∇J║=1.1e-01
Iteration 59/2000-----
currents: [100000.0, 99999.99999845316, 99999.99999856061]
J=5.3e-03, ⟨Jf⟩=3.7e-03, ⟨B·n⟩=1.4e-02, Len=sum([5.9, 5.9, 5.2])=17.0, ϰ=[9.2, 11.7, 6.3], ∫ϰ²/L>=[12.0, 17.2, 8.1], C-C-Sep=0.20, ║∇J║=1.2e-01
Iteration 60/2000-----
currents: [100000.0, 99999.99999843817, 99999.99999853484]
J=5.2e-03, ⟨Jf⟩=3.4e-03, ⟨B·n⟩=1.4e-02, Len=sum([5.8, 5.9, 5.2])=16.9, ϰ=[9.6, 12.3, 5.9], ∫ϰ²/L>=[11.6, 18.4, 8.5], C-C-Sep=0.19, ║∇J║=2.0e-01
Iteration 61/2000-----
currents: [100000.0, 99999.99999843321, 99999.99999853002]
J=4.9e-03, ⟨Jf⟩=3.4e-03, ⟨B·n⟩=1.4e-02, Len=sum([5.8, 5.9, 5.2])=16.9, ϰ=[8.9, 11.8, 5.7], ∫ϰ²/L>=[10.9, 17.9, 8.0], C-C-Sep=0.20, ║∇J║=1.0e-01
Iteration 62/2000-----
currents: [100000.0, 99999.99999841058, 99999.99999849955]
J=4.8e-03, ⟨Jf⟩=3.2e-03, ⟨B·n⟩=1.3e-02, Len=sum([5.8, 5.9, 5.2])=16.9, ϰ=[8.3, 11.9, 6.0], ∫ϰ²/L>=[11.2, 18.7, 8.2], C-C-Sep=0.19, ║∇J║=1.3e-01
Iteration 63/2000-----
currents: [100000.0, 99999.99999840425, 99999.9999984941]
J=4.7e-03, ⟨Jf⟩=3.1e-03, ⟨B·n⟩=1.3e-02, Len=sum([5.8, 5.8, 5.2])=16.9, ϰ=[8.1, 11.8, 6.5], ∫ϰ²/L>=[9.7, 17.8, 7.5], C-C-Sep=0.20, ║∇J║=1.6e-01
Iteration 64/2000-----
currents: [100000.0, 99999.99999839439, 99999.99999847592]
J=4.5e-03, ⟨Jf⟩=3.0e-03, ⟨B·n⟩=1.3e-02, Len=sum([5.8, 5.9, 5.2])=16.9, ϰ=[7.9, 11.6, 6.4], ∫ϰ²/L>=[9.7, 18.0, 7.6], C-C-Sep=0.20, ║∇J║=1.2e-01
Iteration 65/2000-----
currents: [100000.0, 99999.99999837973, 99999.99999844859]
J=4.2e-03, ⟨Jf⟩=2.8e-03, ⟨B·n⟩=1.2e-02, Len=sum([5.8, 5.9, 5.2])=16.8, ϰ=[7.9, 11.7, 6.2], ∫ϰ²/L>=[9.8, 18.2, 8.0], C-C-Sep=0.19, ║∇J║=1.3e-01
Iteration 66/2000-----
currents: [100000.0, 99999.99999837225, 99999.99999843333]
J=4.1e-03, ⟨Jf⟩=2.7e-03, ⟨B·n⟩=1.2e-02, Len=sum([5.7, 5.9, 5.2])=16.8, ϰ=[7.7, 13.0, 6.2], ∫ϰ²/L>=[9.6, 17.3, 7.8], C-C-Sep=0.20, ║∇J║=1.3e-01
Iteration 67/2000-----
currents: [100000.0, 99999.9999983558, 99999.99999840901]
J=3.9e-03, ⟨Jf⟩=2.5e-03, ⟨B·n⟩=1.1e-02, Len=sum([5.7, 5.9, 5.2])=16.8, ϰ=[8.2, 12.6, 6.3], ∫ϰ²/L>=[9.9, 17.7, 8.1], C-C-Sep=0.20, ║∇J║=1.1e-01
Iteration 68/2000-----
currents: [100000.0, 99999.99999833734, 99999.99999837937]
J=3.7e-03, ⟨Jf⟩=2.3e-03, ⟨B·n⟩=1.1e-02, Len=sum([5.7, 5.8, 5.2])=16.8, ϰ=[8.9, 11.7, 6.6], ∫ϰ²/L>=[12.0, 18.1, 8.7], C-C-Sep=0.19, ║∇J║=1.6e-01
Iteration 69/2000-----
currents: [100000.0, 99999.99999832909, 99999.99999836748]
J=3.5e-03, ⟨Jf⟩=2.2e-03, ⟨B·n⟩=1.1e-02, Len=sum([5.7, 5.9, 5.2])=16.8, ϰ=[9.3, 11.4, 6.1], ∫ϰ²/L>=[11.8, 17.5, 8.4], C-C-Sep=0.20, ║∇J║=1.2e-01
Iteration 70/2000-----
currents: [100000.0, 99999.99999833338, 99999.9999983748]
J=3.4e-03, ⟨Jf⟩=2.2e-03, ⟨B·n⟩=1.1e-02, Len=sum([5.7, 5.8, 5.2])=16.7, ϰ=[9.2, 11.0, 5.8], ∫ϰ²/L>=[10.5, 16.2, 7.6], C-C-Sep=0.20, ║∇J║=9.7e-02
Iteration 71/2000-----
currents: [100000.0, 99999.99999831372, 99999.9999983437]
J=3.3e-03, ⟨Jf⟩=2.1e-03, ⟨B·n⟩=1.0e-02, Len=sum([5.7, 5.8, 5.2])=16.7, ϰ=[9.5, 11.1, 5.7], ∫ϰ²/L>=[10.2, 16.1, 7.6], C-C-Sep=0.20, ║∇J║=1.3e-01
Iteration 72/2000-----
currents: [100000.0, 99999.99999830371, 99999.99999832825]
J=3.1e-03, ⟨Jf⟩=2.0e-03, ⟨B·n⟩=1.0e-02, Len=sum([5.6, 5.8, 5.2])=16.7, ϰ=[9.2, 10.9, 6.0], ∫ϰ²/L>=[10.0, 16.0, 7.6], C-C-Sep=0.20, ║∇J║=1.0e-01
Iteration 73/2000-----
currents: [100000.0, 99999.99999829818, 99999.99999831835]
J=3.0e-03, ⟨Jf⟩=1.9e-03, ⟨B·n⟩=1.0e-02, Len=sum([5.6, 5.8, 5.2])=16.6, ϰ=[8.7, 10.8, 6.3], ∫ϰ²/L>=[9.9, 15.9, 7.5], C-C-Sep=0.20, ║∇J║=7.9e-02
Iteration 74/2000-----
currents: [100000.0, 99999.99999828683, 99999.99999829801]
J=2.9e-03, ⟨Jf⟩=1.8e-03, ⟨B·n⟩=9.9e-03, Len=sum([5.6, 5.8, 5.2])=16.6, ϰ=[8.0, 10.9, 6.4], ∫ϰ²/L>=[9.5, 15.7, 7.6], C-C-Sep=0.20, ║∇J║=9.0e-02
Iteration 75/2000-----
currents: [100000.0, 99999.99999828634, 99999.99999829271]
J=2.8e-03, ⟨Jf⟩=1.8e-03, ⟨B·n⟩=9.7e-03, Len=sum([5.6, 5.8, 5.2])=16.5, ϰ=[7.1, 11.1, 6.2], ∫ϰ²/L>=[8.3, 14.9, 7.3], C-C-Sep=0.20, ║∇J║=1.1e-01
Iteration 76/2000-----
currents: [100000.0, 99999.99999826984, 99999.99999826551]
J=2.7e-03, ⟨Jf⟩=1.7e-03, ⟨B·n⟩=9.6e-03, Len=sum([5.5, 5.8, 5.2])=16.5, ϰ=[7.0, 10.4, 6.7], ∫ϰ²/L>=[8.4, 15.4, 7.7], C-C-Sep=0.20, ║∇J║=1.1e-01
Iteration 77/2000-----
currents: [100000.0, 99999.99999827123, 99999.99999826855]
J=2.6e-03, ⟨Jf⟩=1.7e-03, ⟨B·n⟩=9.6e-03, Len=sum([5.5, 5.8, 5.2])=16.5, ϰ=[6.4, 10.1, 6.4], ∫ϰ²/L>=[7.7, 14.8, 7.4], C-C-Sep=0.20, ║∇J║=8.0e-02
Iteration 78/2000-----
currents: [100000.0, 99999.99999826583, 99999.99999826093]
J=2.6e-03, ⟨Jf⟩=1.7e-03, ⟨B·n⟩=9.6e-03, Len=sum([5.5, 5.8, 5.2])=16.5, ϰ=[6.4, 10.0, 6.3], ∫ϰ²/L>=[7.6, 14.8, 7.5], C-C-Sep=0.20, ║∇J║=6.1e-02
Iteration 79/2000-----
currents: [100000.0, 99999.9999982608, 99999.9999982516]
J=2.5e-03, ⟨Jf⟩=1.7e-03, ⟨B·n⟩=9.5e-03, Len=sum([5.5, 5.8, 5.2])=16.5, ϰ=[6.2, 10.0, 6.1], ∫ϰ²/L>=[7.6, 14.8, 7.6], C-C-Sep=0.20, ║∇J║=5.6e-02
Iteration 80/2000-----
currents: [100000.0, 99999.9999982512, 99999.99999823421]
J=2.4e-03, ⟨Jf⟩=1.6e-03, ⟨B·n⟩=9.4e-03, Len=sum([5.5, 5.8, 5.2])=16.5, ϰ=[5.8, 9.7, 5.9], ∫ϰ²/L>=[8.0, 15.1, 7.7], C-C-Sep=0.20, ║∇J║=6.2e-02
Iteration 81/2000-----
currents: [100000.0, 99999.9999982479, 99999.99999822555]
J=2.4e-03, ⟨Jf⟩=1.6e-03, ⟨B·n⟩=9.3e-03, Len=sum([5.5, 5.7, 5.2])=16.4, ϰ=[6.4, 9.3, 5.5], ∫ϰ²/L>=[7.9, 14.7, 7.4], C-C-Sep=0.20, ║∇J║=7.6e-02
Iteration 82/2000-----
currents: [100000.0, 99999.9999982482, 99999.9999982245]
J=2.3e-03, ⟨Jf⟩=1.6e-03, ⟨B·n⟩=9.3e-03, Len=sum([5.5, 5.7, 5.2])=16.4, ϰ=[6.3, 9.4, 5.5], ∫ϰ²/L>=[7.4, 14.2, 7.0], C-C-Sep=0.20, ║∇J║=5.8e-02
Iteration 83/2000-----
currents: [100000.0, 99999.9999982438, 99999.9999982156]
J=2.3e-03, ⟨Jf⟩=1.6e-03, ⟨B·n⟩=9.2e-03, Len=sum([5.5, 5.7, 5.2])=16.4, ϰ=[6.4, 9.6, 5.5], ∫ϰ²/L>=[7.2, 13.7, 6.9], C-C-Sep=0.20, ║∇J║=5.6e-02
Iteration 84/2000-----
currents: [100000.0, 99999.99999824031, 99999.9999982083]
J=2.2e-03, ⟨Jf⟩=1.5e-03, ⟨B·n⟩=9.1e-03, Len=sum([5.5, 5.7, 5.2])=16.3, ϰ=[6.5, 9.7, 5.3], ∫ϰ²/L>=[7.2, 13.2, 6.9], C-C-Sep=0.20, ║∇J║=7.5e-02
Iteration 85/2000-----
currents: [100000.0, 99999.99999823292, 99999.99999819347]
J=2.1e-03, ⟨Jf⟩=1.5e-03, ⟨B·n⟩=9.0e-03, Len=sum([5.4, 5.7, 5.2])=16.3, ϰ=[6.7, 9.7, 5.6], ∫ϰ²/L>=[7.9, 13.2, 7.4], C-C-Sep=0.20, ║∇J║=7.5e-02
Iteration 86/2000-----
currents: [100000.0, 99999.99999823367, 99999.9999981936]
J=2.1e-03, ⟨Jf⟩=1.5e-03, ⟨B·n⟩=8.9e-03, Len=sum([5.4, 5.7, 5.1])=16.2, ϰ=[6.1, 9.6, 5.5], ∫ϰ²/L>=[7.8, 13.0, 7.3], C-C-Sep=0.20, ║∇J║=7.3e-02
Iteration 87/2000-----
currents: [100000.0, 99999.99999822666, 99999.9999981808]
J=2.0e-03, ⟨Jf⟩=1.5e-03, ⟨B·n⟩=8.9e-03, Len=sum([5.4, 5.6, 5.1])=16.2, ϰ=[6.4, 9.9, 5.4], ∫ϰ²/L>=[8.5, 13.3, 7.4], C-C-Sep=0.20, ║∇J║=7.5e-02
Iteration 88/2000-----
currents: [100000.0, 99999.99999822762, 99999.99999818238]
J=2.0e-03, ⟨Jf⟩=1.4e-03, ⟨B·n⟩=8.8e-03, Len=sum([5.4, 5.6, 5.1])=16.2, ϰ=[6.4, 9.9, 5.2], ∫ϰ²/L>=[8.1, 13.0, 7.2], C-C-Sep=0.20, ║∇J║=6.8e-02
Iteration 89/2000-----
currents: [100000.0, 99999.99999822737, 99999.99999817947]
J=1.9e-03, ⟨Jf⟩=1.4e-03, ⟨B·n⟩=8.7e-03, Len=sum([5.4, 5.6, 5.1])=16.2, ϰ=[6.7, 9.9, 5.2], ∫ϰ²/L>=[8.2, 13.0, 7.3], C-C-Sep=0.20, ║∇J║=5.3e-02
Iteration 90/2000-----
currents: [100000.0, 99999.99999822486, 99999.9999981742]
J=1.9e-03, ⟨Jf⟩=1.4e-03, ⟨B·n⟩=8.6e-03, Len=sum([5.4, 5.6, 5.1])=16.2, ϰ=[6.6, 9.7, 5.3], ∫ϰ²/L>=[7.8, 13.0, 7.3], C-C-Sep=0.20, ║∇J║=5.3e-02
Iteration 91/2000-----
currents: [100000.0, 99999.99999822125, 99999.99999816576]
J=1.8e-03, ⟨Jf⟩=1.3e-03, ⟨B·n⟩=8.5e-03, Len=sum([5.4, 5.6, 5.1])=16.1, ϰ=[6.4, 9.3, 5.2], ∫ϰ²/L>=[7.9, 12.9, 7.5], C-C-Sep=0.19, ║∇J║=6.4e-02
Iteration 92/2000-----
currents: [100000.0, 99999.9999982199, 99999.9999981603]
J=1.8e-03, ⟨Jf⟩=1.3e-03, ⟨B·n⟩=8.4e-03, Len=sum([5.4, 5.6, 5.1])=16.1, ϰ=[6.1, 8.8, 4.9], ∫ϰ²/L>=[7.7, 12.5, 7.3], C-C-Sep=0.20, ║∇J║=5.3e-02
Iteration 93/2000-----
currents: [100000.0, 99999.99999821818, 99999.9999981493]
J=1.7e-03, ⟨Jf⟩=1.3e-03, ⟨B·n⟩=8.2e-03, Len=sum([5.4, 5.6, 5.1])=16.1, ϰ=[6.3, 8.9, 5.1], ∫ϰ²/L>=[8.4, 12.7, 7.8], C-C-Sep=0.19, ║∇J║=7.1e-02
Iteration 94/2000-----
currents: [100000.0, 99999.99999822414, 99999.99999815656]
J=1.7e-03, ⟨Jf⟩=1.2e-03, ⟨B·n⟩=8.1e-03, Len=sum([5.4, 5.6, 5.1])=16.0, ϰ=[5.8, 8.3, 5.5], ∫ϰ²/L>=[7.9, 12.6, 7.7], C-C-Sep=0.20, ║∇J║=8.9e-02
Iteration 95/2000-----
currents: [100000.0, 99999.99999821853, 99999.99999814531]
J=1.6e-03, ⟨Jf⟩=1.2e-03, ⟨B·n⟩=8.0e-03, Len=sum([5.4, 5.5, 5.1])=16.0, ϰ=[5.9, 8.4, 5.5], ∫ϰ²/L>=[8.1, 12.5, 7.9], C-C-Sep=0.20, ║∇J║=1.1e-01
Iteration 96/2000-----
currents: [100000.0, 99999.99999821819, 99999.99999814382]
J=1.6e-03, ⟨Jf⟩=1.2e-03, ⟨B·n⟩=8.0e-03, Len=sum([5.4, 5.5, 5.1])=16.0, ϰ=[6.1, 8.4, 5.2], ∫ϰ²/L>=[8.0, 12.1, 7.7], C-C-Sep=0.20, ║∇J║=4.6e-02
Iteration 97/2000-----
currents: [100000.0, 99999.99999821797, 99999.99999813894]
J=1.6e-03, ⟨Jf⟩=1.2e-03, ⟨B·n⟩=7.9e-03, Len=sum([5.4, 5.5, 5.1])=16.0, ϰ=[6.2, 8.3, 5.2], ∫ϰ²/L>=[8.3, 12.1, 8.0], C-C-Sep=0.20, ║∇J║=4.2e-02
Iteration 98/2000-----
currents: [100000.0, 99999.99999821911, 99999.99999813444]
J=1.5e-03, ⟨Jf⟩=1.2e-03, ⟨B·n⟩=7.8e-03, Len=sum([5.3, 5.5, 5.1])=16.0, ϰ=[6.4, 8.1, 5.8], ∫ϰ²/L>=[8.2, 11.7, 8.0], C-C-Sep=0.20, ║∇J║=6.2e-02
Iteration 99/2000-----
currents: [100000.0, 99999.999998219, 99999.99999812858]
J=1.5e-03, ⟨Jf⟩=1.1e-03, ⟨B·n⟩=7.7e-03, Len=sum([5.3, 5.5, 5.1])=15.9, ϰ=[6.2, 7.6, 6.5], ∫ϰ²/L>=[8.5, 11.3, 8.5], C-C-Sep=0.20, ║∇J║=5.9e-02
Iteration 100/2000-----
currents: [100000.0, 99999.99999821911, 99999.99999812183]
J=1.4e-03, ⟨Jf⟩=1.1e-03, ⟨B·n⟩=7.6e-03, Len=sum([5.3, 5.5, 5.1])=15.9, ϰ=[6.2, 7.2, 7.6], ∫ϰ²/L>=[8.7, 11.1, 9.2], C-C-Sep=0.20, ║∇J║=7.7e-02
Iteration 101/2000-----
currents: [100000.0, 99999.9999982171, 99999.99999811847]
J=1.4e-03, ⟨Jf⟩=1.1e-03, ⟨B·n⟩=7.5e-03, Len=sum([5.3, 5.5, 5.1])=15.9, ϰ=[6.3, 7.1, 7.6], ∫ϰ²/L>=[8.2, 10.7, 8.8], C-C-Sep=0.20, ║∇J║=4.9e-02
Iteration 102/2000-----
currents: [100000.0, 99999.99999821295, 99999.99999811266]
J=1.4e-03, ⟨Jf⟩=1.1e-03, ⟨B·n⟩=7.5e-03, Len=sum([5.3, 5.5, 5.1])=15.9, ϰ=[6.7, 7.2, 7.7], ∫ϰ²/L>=[8.2, 10.6, 8.9], C-C-Sep=0.20, ║∇J║=4.7e-02
Iteration 103/2000-----
currents: [100000.0, 99999.99999821029, 99999.99999810755]
J=1.3e-03, ⟨Jf⟩=1.1e-03, ⟨B·n⟩=7.5e-03, Len=sum([5.3, 5.5, 5.1])=15.8, ϰ=[6.6, 7.4, 7.1], ∫ϰ²/L>=[7.8, 10.4, 8.6], C-C-Sep=0.20, ║∇J║=4.0e-02
Iteration 104/2000-----
currents: [100000.0, 99999.99999820103, 99999.99999808279]
J=1.3e-03, ⟨Jf⟩=1.0e-03, ⟨B·n⟩=7.3e-03, Len=sum([5.3, 5.4, 5.1])=15.8, ϰ=[6.8, 7.8, 6.4], ∫ϰ²/L>=[8.5, 10.9, 9.4], C-C-Sep=0.19, ║∇J║=7.3e-02
Iteration 105/2000-----
currents: [100000.0, 99999.99999819987, 99999.99999807832]
J=1.2e-03, ⟨Jf⟩=1.0e-03, ⟨B·n⟩=7.3e-03, Len=sum([5.3, 5.4, 5.1])=15.8, ϰ=[6.5, 8.1, 6.0], ∫ϰ²/L>=[8.2, 10.8, 9.1], C-C-Sep=0.20, ║∇J║=5.3e-02
Iteration 106/2000-----
currents: [100000.0, 99999.9999982032, 99999.9999980799]
J=1.2e-03, ⟨Jf⟩=1.0e-03, ⟨B·n⟩=7.3e-03, Len=sum([5.3, 5.4, 5.1])=15.8, ϰ=[6.4, 7.8, 6.2], ∫ϰ²/L>=[8.0, 10.5, 8.9], C-C-Sep=0.20, ║∇J║=4.1e-02
Iteration 107/2000-----
currents: [100000.0, 99999.99999820461, 99999.99999807494]
J=1.2e-03, ⟨Jf⟩=9.9e-04, ⟨B·n⟩=7.2e-03, Len=sum([5.3, 5.4, 5.1])=15.7, ϰ=[6.4, 7.7, 6.5], ∫ϰ²/L>=[8.1, 10.4, 9.1], C-C-Sep=0.20, ║∇J║=3.5e-02
Iteration 108/2000-----
currents: [100000.0, 99999.99999820259, 99999.9999980655]
J=1.2e-03, ⟨Jf⟩=9.8e-04, ⟨B·n⟩=7.2e-03, Len=sum([5.3, 5.4, 5.1])=15.7, ϰ=[6.5, 7.7, 6.7], ∫ϰ²/L>=[8.3, 10.4, 9.2], C-C-Sep=0.20, ║∇J║=3.9e-02
Iteration 109/2000-----
currents: [100000.0, 99999.99999819744, 99999.99999805058]
J=1.1e-03, ⟨Jf⟩=9.5e-04, ⟨B·n⟩=7.1e-03, Len=sum([5.2, 5.4, 5.1])=15.7, ϰ=[6.4, 7.8, 6.8], ∫ϰ²/L>=[8.4, 10.1, 9.1], C-C-Sep=0.20, ║∇J║=4.8e-02
Iteration 110/2000-----
currents: [100000.0, 99999.99999819467, 99999.99999804361]
J=1.1e-03, ⟨Jf⟩=9.4e-04, ⟨B·n⟩=7.1e-03, Len=sum([5.2, 5.4, 5.1])=15.7, ϰ=[6.2, 7.7, 6.8], ∫ϰ²/L>=[8.3, 10.0, 9.1], C-C-Sep=0.20, ║∇J║=4.0e-02
Iteration 111/2000-----
currents: [100000.0, 99999.999998192, 99999.99999803874]
J=1.1e-03, ⟨Jf⟩=9.3e-04, ⟨B·n⟩=7.0e-03, Len=sum([5.2, 5.3, 5.1])=15.6, ϰ=[6.0, 7.5, 6.6], ∫ϰ²/L>=[8.2, 9.8, 9.1], C-C-Sep=0.20, ║∇J║=3.3e-02
Iteration 112/2000-----
currents: [100000.0, 99999.99999819, 99999.99999803327]
J=1.1e-03, ⟨Jf⟩=9.2e-04, ⟨B·n⟩=7.0e-03, Len=sum([5.2, 5.3, 5.1])=15.6, ϰ=[5.7, 7.2, 6.1], ∫ϰ²/L>=[7.8, 9.7, 9.0], C-C-Sep=0.20, ║∇J║=3.5e-02
Iteration 113/2000-----
currents: [100000.0, 99999.99999818622, 99999.99999802101]
J=1.0e-03, ⟨Jf⟩=9.0e-04, ⟨B·n⟩=7.0e-03, Len=sum([5.2, 5.3, 5.1])=15.6, ϰ=[5.7, 7.2, 5.8], ∫ϰ²/L>=[7.5, 9.8, 9.1], C-C-Sep=0.20, ║∇J║=5.4e-02
Iteration 114/2000-----
currents: [100000.0, 99999.99999818573, 99999.99999801813]
J=1.0e-03, ⟨Jf⟩=8.9e-04, ⟨B·n⟩=6.9e-03, Len=sum([5.2, 5.3, 5.1])=15.6, ϰ=[5.5, 6.9, 5.9], ∫ϰ²/L>=[7.2, 9.7, 8.9], C-C-Sep=0.20, ║∇J║=3.4e-02
Iteration 115/2000-----
currents: [100000.0, 99999.99999818411, 99999.99999800923]
J=9.9e-04, ⟨Jf⟩=8.8e-04, ⟨B·n⟩=6.9e-03, Len=sum([5.2, 5.3, 5.1])=15.6, ϰ=[5.4, 7.0, 6.3], ∫ϰ²/L>=[7.2, 9.9, 9.0], C-C-Sep=0.20, ║∇J║=3.4e-02
Iteration 116/2000-----
currents: [100000.0, 99999.99999818439, 99999.9999980093]
J=9.8e-04, ⟨Jf⟩=8.7e-04, ⟨B·n⟩=6.9e-03, Len=sum([5.2, 5.3, 5.1])=15.5, ϰ=[5.3, 6.8, 6.5], ∫ϰ²/L>=[6.9, 9.7, 8.8], C-C-Sep=0.20, ║∇J║=3.8e-02
Iteration 117/2000-----
currents: [100000.0, 99999.99999818012, 99999.99999799853]
J=9.6e-04, ⟨Jf⟩=8.6e-04, ⟨B·n⟩=6.9e-03, Len=sum([5.2, 5.3, 5.1])=15.5, ϰ=[5.3, 7.0, 6.9], ∫ϰ²/L>=[7.0, 9.9, 8.9], C-C-Sep=0.20, ║∇J║=3.5e-02
Iteration 118/2000-----
currents: [100000.0, 99999.99999817827, 99999.99999799502]
J=9.5e-04, ⟨Jf⟩=8.5e-04, ⟨B·n⟩=6.8e-03, Len=sum([5.2, 5.3, 5.1])=15.5, ϰ=[5.3, 6.9, 7.0], ∫ϰ²/L>=[7.0, 9.7, 8.9], C-C-Sep=0.20, ║∇J║=2.7e-02
Iteration 119/2000-----
currents: [100000.0, 99999.9999981778, 99999.99999799347]
J=9.4e-04, ⟨Jf⟩=8.5e-04, ⟨B·n⟩=6.8e-03, Len=sum([5.2, 5.3, 5.0])=15.5, ϰ=[5.4, 6.8, 7.1], ∫ϰ²/L>=[7.0, 9.5, 8.8], C-C-Sep=0.20, ║∇J║=2.5e-02
Iteration 120/2000-----
currents: [100000.0, 99999.99999817648, 99999.9999979888]
J=9.2e-04, ⟨Jf⟩=8.3e-04, ⟨B·n⟩=6.8e-03, Len=sum([5.2, 5.3, 5.0])=15.5, ϰ=[5.4, 6.7, 7.1], ∫ϰ²/L>=[6.9, 9.4, 8.7], C-C-Sep=0.20, ║∇J║=2.7e-02
Iteration 121/2000-----
currents: [100000.0, 99999.99999817525, 99999.99999797971]
J=9.1e-04, ⟨Jf⟩=8.1e-04, ⟨B·n⟩=6.7e-03, Len=sum([5.2, 5.3, 5.0])=15.5, ϰ=[5.3, 6.7, 7.2], ∫ϰ²/L>=[7.0, 9.6, 8.6], C-C-Sep=0.20, ║∇J║=4.8e-02
Iteration 122/2000-----
currents: [100000.0, 99999.99999817456, 99999.99999797823]
J=8.9e-04, ⟨Jf⟩=8.1e-04, ⟨B·n⟩=6.6e-03, Len=sum([5.2, 5.3, 5.0])=15.5, ϰ=[5.2, 6.8, 6.9], ∫ϰ²/L>=[6.9, 9.5, 8.5], C-C-Sep=0.20, ║∇J║=2.7e-02
Iteration 123/2000-----
currents: [100000.0, 99999.99999817405, 99999.9999979753]
J=8.8e-04, ⟨Jf⟩=8.0e-04, ⟨B·n⟩=6.6e-03, Len=sum([5.2, 5.3, 5.0])=15.5, ϰ=[5.3, 6.8, 6.7], ∫ϰ²/L>=[6.8, 9.5, 8.4], C-C-Sep=0.20, ║∇J║=2.6e-02
Iteration 124/2000-----
currents: [100000.0, 99999.99999817315, 99999.99999797273]
J=8.7e-04, ⟨Jf⟩=7.9e-04, ⟨B·n⟩=6.6e-03, Len=sum([5.2, 5.3, 5.0])=15.5, ϰ=[5.2, 6.9, 6.4], ∫ϰ²/L>=[6.6, 9.3, 8.1], C-C-Sep=0.20, ║∇J║=3.2e-02
Iteration 125/2000-----
currents: [100000.0, 99999.99999816959, 99999.99999795877]
J=8.6e-04, ⟨Jf⟩=7.7e-04, ⟨B·n⟩=6.5e-03, Len=sum([5.2, 5.3, 5.0])=15.5, ϰ=[5.4, 7.3, 6.3], ∫ϰ²/L>=[6.9, 9.8, 8.2], C-C-Sep=0.20, ║∇J║=5.5e-02
Iteration 126/2000-----
currents: [100000.0, 99999.99999817081, 99999.99999796347]
J=8.4e-04, ⟨Jf⟩=7.7e-04, ⟨B·n⟩=6.4e-03, Len=sum([5.2, 5.3, 5.0])=15.5, ϰ=[5.1, 6.9, 6.1], ∫ϰ²/L>=[6.6, 9.5, 8.0], C-C-Sep=0.20, ║∇J║=2.7e-02
Iteration 127/2000-----
currents: [100000.0, 99999.99999816979, 99999.99999796077]
J=8.3e-04, ⟨Jf⟩=7.6e-04, ⟨B·n⟩=6.4e-03, Len=sum([5.2, 5.3, 5.0])=15.5, ϰ=[5.1, 7.0, 6.2], ∫ϰ²/L>=[6.6, 9.6, 8.0], C-C-Sep=0.20, ║∇J║=2.5e-02
Iteration 128/2000-----
currents: [100000.0, 99999.99999817013, 99999.99999796148]
J=8.2e-04, ⟨Jf⟩=7.6e-04, ⟨B·n⟩=6.4e-03, Len=sum([5.2, 5.3, 5.0])=15.5, ϰ=[5.1, 7.0, 6.1], ∫ϰ²/L>=[6.5, 9.6, 7.9], C-C-Sep=0.20, ║∇J║=2.2e-02
Iteration 129/2000-----
currents: [100000.0, 99999.99999816851, 99999.99999795678]
J=8.2e-04, ⟨Jf⟩=7.5e-04, ⟨B·n⟩=6.4e-03, Len=sum([5.2, 5.2, 5.0])=15.5, ϰ=[5.2, 7.1, 6.1], ∫ϰ²/L>=[6.6, 9.6, 8.0], C-C-Sep=0.20, ║∇J║=2.2e-02
Iteration 130/2000-----
currents: [100000.0, 99999.99999816655, 99999.99999795208]
J=8.1e-04, ⟨Jf⟩=7.4e-04, ⟨B·n⟩=6.3e-03, Len=sum([5.2, 5.2, 5.0])=15.5, ϰ=[5.1, 7.3, 6.0], ∫ϰ²/L>=[6.5, 9.4, 8.0], C-C-Sep=0.20, ║∇J║=2.3e-02
Iteration 131/2000-----
currents: [100000.0, 99999.99999816425, 99999.99999794687]
J=8.0e-04, ⟨Jf⟩=7.3e-04, ⟨B·n⟩=6.3e-03, Len=sum([5.2, 5.2, 5.0])=15.5, ϰ=[5.0, 7.4, 6.1], ∫ϰ²/L>=[6.5, 9.2, 7.9], C-C-Sep=0.20, ║∇J║=2.8e-02
Iteration 132/2000-----
currents: [100000.0, 99999.99999816404, 99999.99999794572]
J=7.9e-04, ⟨Jf⟩=7.3e-04, ⟨B·n⟩=6.2e-03, Len=sum([5.2, 5.2, 5.0])=15.5, ϰ=[5.0, 7.3, 6.2], ∫ϰ²/L>=[6.5, 9.1, 7.9], C-C-Sep=0.20, ║∇J║=2.0e-02
Iteration 133/2000-----
currents: [100000.0, 99999.99999816407, 99999.99999794457]
J=7.8e-04, ⟨Jf⟩=7.2e-04, ⟨B·n⟩=6.2e-03, Len=sum([5.2, 5.2, 5.0])=15.4, ϰ=[5.0, 7.2, 6.3], ∫ϰ²/L>=[6.4, 9.0, 7.8], C-C-Sep=0.20, ║∇J║=2.0e-02
Iteration 134/2000-----
currents: [100000.0, 99999.99999816326, 99999.99999794118]
J=7.7e-04, ⟨Jf⟩=7.1e-04, ⟨B·n⟩=6.2e-03, Len=sum([5.2, 5.2, 5.0])=15.4, ϰ=[5.0, 7.0, 6.3], ∫ϰ²/L>=[6.4, 9.1, 7.9], C-C-Sep=0.20, ║∇J║=2.6e-02
Iteration 135/2000-----
currents: [100000.0, 99999.99999816135, 99999.99999793521]
J=7.6e-04, ⟨Jf⟩=7.0e-04, ⟨B·n⟩=6.1e-03, Len=sum([5.2, 5.2, 5.0])=15.4, ϰ=[5.0, 6.8, 6.4], ∫ϰ²/L>=[6.5, 9.3, 8.0], C-C-Sep=0.20, ║∇J║=2.3e-02
Iteration 136/2000-----
currents: [100000.0, 99999.99999816089, 99999.99999793406]
J=7.6e-04, ⟨Jf⟩=7.0e-04, ⟨B·n⟩=6.1e-03, Len=sum([5.2, 5.2, 5.0])=15.4, ϰ=[5.0, 6.8, 6.2], ∫ϰ²/L>=[6.4, 9.3, 7.9], C-C-Sep=0.20, ║∇J║=1.8e-02
Iteration 137/2000-----
currents: [100000.0, 99999.9999981586, 99999.99999792852]
J=7.5e-04, ⟨Jf⟩=6.9e-04, ⟨B·n⟩=6.1e-03, Len=sum([5.2, 5.2, 5.0])=15.4, ϰ=[4.9, 6.8, 6.2], ∫ϰ²/L>=[6.5, 9.3, 7.9], C-C-Sep=0.20, ║∇J║=2.0e-02
Iteration 138/2000-----
currents: [100000.0, 99999.99999815719, 99999.99999792481]
J=7.4e-04, ⟨Jf⟩=6.8e-04, ⟨B·n⟩=6.0e-03, Len=sum([5.2, 5.2, 5.0])=15.4, ϰ=[5.0, 6.8, 6.1], ∫ϰ²/L>=[6.4, 9.1, 7.9], C-C-Sep=0.20, ║∇J║=2.4e-02
Iteration 139/2000-----
currents: [100000.0, 99999.99999815408, 99999.99999791697]
J=7.3e-04, ⟨Jf⟩=6.7e-04, ⟨B·n⟩=6.0e-03, Len=sum([5.2, 5.2, 5.0])=15.5, ϰ=[5.2, 6.8, 6.0], ∫ϰ²/L>=[6.4, 9.0, 7.8], C-C-Sep=0.20, ║∇J║=2.1e-02
Iteration 140/2000-----
currents: [100000.0, 99999.99999814983, 99999.99999790662]
J=7.2e-04, ⟨Jf⟩=6.5e-04, ⟨B·n⟩=5.9e-03, Len=sum([5.2, 5.2, 5.0])=15.5, ϰ=[5.7, 6.8, 5.9], ∫ϰ²/L>=[6.6, 8.9, 7.9], C-C-Sep=0.20, ║∇J║=3.0e-02
Iteration 141/2000-----
currents: [100000.0, 99999.99999814952, 99999.99999790524]
J=7.1e-04, ⟨Jf⟩=6.5e-04, ⟨B·n⟩=5.9e-03, Len=sum([5.2, 5.2, 5.0])=15.5, ϰ=[5.4, 6.8, 5.9], ∫ϰ²/L>=[6.3, 8.7, 7.7], C-C-Sep=0.20, ║∇J║=2.0e-02
Iteration 142/2000-----
currents: [100000.0, 99999.99999814887, 99999.99999790275]
J=7.1e-04, ⟨Jf⟩=6.5e-04, ⟨B·n⟩=5.9e-03, Len=sum([5.2, 5.2, 5.0])=15.5, ϰ=[5.3, 6.8, 5.8], ∫ϰ²/L>=[6.3, 8.7, 7.7], C-C-Sep=0.20, ║∇J║=1.9e-02
Iteration 143/2000-----
currents: [100000.0, 99999.9999981479, 99999.99999790054]
J=7.0e-04, ⟨Jf⟩=6.4e-04, ⟨B·n⟩=5.9e-03, Len=sum([5.2, 5.2, 5.0])=15.4, ϰ=[5.3, 6.6, 5.4], ∫ϰ²/L>=[6.1, 8.5, 7.5], C-C-Sep=0.20, ║∇J║=2.0e-02
Iteration 144/2000-----
currents: [100000.0, 99999.99999814368, 99999.99999788884]
J=7.0e-04, ⟨Jf⟩=6.3e-04, ⟨B·n⟩=5.8e-03, Len=sum([5.2, 5.2, 5.0])=15.5, ϰ=[5.4, 6.5, 5.5], ∫ϰ²/L>=[6.3, 8.7, 7.8], C-C-Sep=0.20, ║∇J║=3.2e-02
Iteration 145/2000-----
currents: [100000.0, 99999.9999981431, 99999.9999978877]
J=6.9e-04, ⟨Jf⟩=6.3e-04, ⟨B·n⟩=5.8e-03, Len=sum([5.2, 5.2, 5.0])=15.5, ϰ=[5.3, 6.5, 5.5], ∫ϰ²/L>=[6.2, 8.6, 7.7], C-C-Sep=0.20, ║∇J║=2.0e-02
Iteration 146/2000-----
currents: [100000.0, 99999.9999981425, 99999.99999788722]
J=6.8e-04, ⟨Jf⟩=6.2e-04, ⟨B·n⟩=5.8e-03, Len=sum([5.2, 5.2, 5.0])=15.4, ϰ=[5.4, 6.4, 5.3], ∫ϰ²/L>=[6.0, 8.5, 7.6], C-C-Sep=0.20, ║∇J║=2.2e-02
Iteration 147/2000-----
currents: [100000.0, 99999.99999813901, 99999.99999787749]
J=6.7e-04, ⟨Jf⟩=6.1e-04, ⟨B·n⟩=5.8e-03, Len=sum([5.2, 5.2, 5.0])=15.5, ϰ=[5.6, 6.4, 5.4], ∫ϰ²/L>=[6.0, 8.7, 7.8], C-C-Sep=0.20, ║∇J║=2.1e-02
Iteration 148/2000-----
currents: [100000.0, 99999.99999813488, 99999.9999978669]
J=6.7e-04, ⟨Jf⟩=6.0e-04, ⟨B·n⟩=5.7e-03, Len=sum([5.2, 5.2, 5.0])=15.5, ϰ=[5.6, 6.5, 5.4], ∫ϰ²/L>=[6.1, 9.0, 7.9], C-C-Sep=0.20, ║∇J║=2.6e-02
Iteration 149/2000-----
currents: [100000.0, 99999.99999813315, 99999.9999978631]
J=6.6e-04, ⟨Jf⟩=6.0e-04, ⟨B·n⟩=5.7e-03, Len=sum([5.2, 5.2, 5.0])=15.5, ϰ=[5.5, 6.6, 5.6], ∫ϰ²/L>=[6.1, 8.9, 7.9], C-C-Sep=0.20, ║∇J║=1.8e-02
Iteration 150/2000-----
currents: [100000.0, 99999.99999812964, 99999.99999785218]
J=6.5e-04, ⟨Jf⟩=5.8e-04, ⟨B·n⟩=5.6e-03, Len=sum([5.2, 5.2, 5.0])=15.5, ϰ=[5.4, 6.4, 5.7], ∫ϰ²/L>=[6.1, 8.8, 8.1], C-C-Sep=0.20, ║∇J║=2.4e-02
Iteration 151/2000-----
currents: [100000.0, 99999.99999812616, 99999.99999784397]
J=6.4e-04, ⟨Jf⟩=5.7e-04, ⟨B·n⟩=5.6e-03, Len=sum([5.2, 5.2, 5.1])=15.5, ϰ=[5.5, 6.4, 5.8], ∫ϰ²/L>=[6.1, 8.8, 8.2], C-C-Sep=0.20, ║∇J║=2.2e-02
Iteration 152/2000-----
currents: [100000.0, 99999.99999812148, 99999.9999978318]
J=6.3e-04, ⟨Jf⟩=5.6e-04, ⟨B·n⟩=5.5e-03, Len=sum([5.2, 5.2, 5.1])=15.5, ϰ=[5.4, 6.4, 6.0], ∫ϰ²/L>=[6.2, 8.7, 8.4], C-C-Sep=0.20, ║∇J║=2.0e-02
Iteration 153/2000-----
currents: [100000.0, 99999.99999811624, 99999.99999781676]
J=6.2e-04, ⟨Jf⟩=5.5e-04, ⟨B·n⟩=5.5e-03, Len=sum([5.2, 5.2, 5.1])=15.5, ϰ=[5.2, 6.1, 6.2], ∫ϰ²/L>=[6.5, 8.7, 8.6], C-C-Sep=0.20, ║∇J║=3.7e-02
Iteration 154/2000-----
currents: [100000.0, 99999.99999811682, 99999.99999781806]
J=6.2e-04, ⟨Jf⟩=5.5e-04, ⟨B·n⟩=5.5e-03, Len=sum([5.2, 5.2, 5.1])=15.5, ϰ=[5.1, 6.2, 6.2], ∫ϰ²/L>=[6.3, 8.6, 8.5], C-C-Sep=0.20, ║∇J║=1.5e-02
Iteration 155/2000-----
currents: [100000.0, 99999.99999811602, 99999.99999781512]
J=6.1e-04, ⟨Jf⟩=5.5e-04, ⟨B·n⟩=5.5e-03, Len=sum([5.2, 5.2, 5.1])=15.5, ϰ=[5.2, 6.2, 6.1], ∫ϰ²/L>=[6.4, 8.6, 8.4], C-C-Sep=0.20, ║∇J║=1.4e-02
Iteration 156/2000-----
currents: [100000.0, 99999.99999811543, 99999.99999781104]
J=6.1e-04, ⟨Jf⟩=5.4e-04, ⟨B·n⟩=5.5e-03, Len=sum([5.2, 5.2, 5.1])=15.5, ϰ=[5.3, 6.2, 6.0], ∫ϰ²/L>=[6.3, 8.5, 8.3], C-C-Sep=0.20, ║∇J║=1.8e-02
Iteration 157/2000-----
currents: [100000.0, 99999.99999811297, 99999.999997806]
J=6.0e-04, ⟨Jf⟩=5.4e-04, ⟨B·n⟩=5.5e-03, Len=sum([5.2, 5.2, 5.1])=15.5, ϰ=[5.4, 6.2, 6.0], ∫ϰ²/L>=[6.3, 8.4, 8.2], C-C-Sep=0.20, ║∇J║=2.9e-02
Iteration 158/2000-----
currents: [100000.0, 99999.99999810997, 99999.99999779733]
J=6.0e-04, ⟨Jf⟩=5.3e-04, ⟨B·n⟩=5.4e-03, Len=sum([5.2, 5.2, 5.1])=15.5, ϰ=[5.4, 6.1, 5.9], ∫ϰ²/L>=[6.3, 8.5, 8.3], C-C-Sep=0.20, ║∇J║=1.6e-02
Iteration 159/2000-----
currents: [100000.0, 99999.99999811004, 99999.9999977966]
J=5.9e-04, ⟨Jf⟩=5.3e-04, ⟨B·n⟩=5.4e-03, Len=sum([5.2, 5.2, 5.1])=15.5, ϰ=[5.4, 6.1, 5.9], ∫ϰ²/L>=[6.1, 8.4, 8.2], C-C-Sep=0.20, ║∇J║=1.5e-02
Iteration 160/2000-----
currents: [100000.0, 99999.99999810675, 99999.99999778658]
J=5.9e-04, ⟨Jf⟩=5.2e-04, ⟨B·n⟩=5.4e-03, Len=sum([5.2, 5.2, 5.1])=15.5, ϰ=[5.4, 6.1, 6.0], ∫ϰ²/L>=[6.1, 8.5, 8.3], C-C-Sep=0.20, ║∇J║=1.8e-02
Iteration 161/2000-----
currents: [100000.0, 99999.99999810565, 99999.9999977835]
J=5.8e-04, ⟨Jf⟩=5.2e-04, ⟨B·n⟩=5.4e-03, Len=sum([5.2, 5.2, 5.1])=15.5, ϰ=[5.5, 6.2, 6.1], ∫ϰ²/L>=[5.9, 8.3, 8.2], C-C-Sep=0.20, ║∇J║=2.3e-02
Iteration 162/2000-----
currents: [100000.0, 99999.9999981028, 99999.99999777717]
J=5.8e-04, ⟨Jf⟩=5.2e-04, ⟨B·n⟩=5.4e-03, Len=sum([5.2, 5.2, 5.1])=15.5, ϰ=[5.6, 6.2, 6.2], ∫ϰ²/L>=[6.0, 8.3, 8.3], C-C-Sep=0.20, ║∇J║=1.6e-02
Iteration 163/2000-----
currents: [100000.0, 99999.99999810236, 99999.9999977753]
J=5.8e-04, ⟨Jf⟩=5.1e-04, ⟨B·n⟩=5.4e-03, Len=sum([5.2, 5.2, 5.1])=15.5, ϰ=[5.6, 6.1, 6.2], ∫ϰ²/L>=[6.0, 8.2, 8.3], C-C-Sep=0.20, ║∇J║=1.2e-02
Iteration 164/2000-----
currents: [100000.0, 99999.99999810076, 99999.99999777031]
J=5.8e-04, ⟨Jf⟩=5.1e-04, ⟨B·n⟩=5.4e-03, Len=sum([5.2, 5.2, 5.1])=15.5, ϰ=[5.7, 6.1, 6.2], ∫ϰ²/L>=[6.0, 8.2, 8.3], C-C-Sep=0.20, ║∇J║=1.2e-02
Iteration 165/2000-----
currents: [100000.0, 99999.99999809866, 99999.99999776304]
J=5.7e-04, ⟨Jf⟩=5.1e-04, ⟨B·n⟩=5.4e-03, Len=sum([5.2, 5.2, 5.1])=15.5, ϰ=[5.8, 6.1, 6.2], ∫ϰ²/L>=[5.9, 8.0, 8.3], C-C-Sep=0.20, ║∇J║=1.8e-02
Iteration 166/2000-----
currents: [100000.0, 99999.99999809533, 99999.99999775302]
J=5.7e-04, ⟨Jf⟩=5.0e-04, ⟨B·n⟩=5.3e-03, Len=sum([5.2, 5.2, 5.1])=15.5, ϰ=[5.9, 5.9, 6.4], ∫ϰ²/L>=[5.8, 7.9, 8.3], C-C-Sep=0.20, ║∇J║=2.0e-02
Iteration 167/2000-----
currents: [100000.0, 99999.99999809434, 99999.99999774952]
J=5.6e-04, ⟨Jf⟩=5.0e-04, ⟨B·n⟩=5.3e-03, Len=sum([5.2, 5.2, 5.1])=15.5, ϰ=[5.7, 5.7, 6.5], ∫ϰ²/L>=[5.7, 7.8, 8.3], C-C-Sep=0.20, ║∇J║=1.7e-02
Iteration 168/2000-----
currents: [100000.0, 99999.99999809393, 99999.99999774972]
J=5.6e-04, ⟨Jf⟩=5.0e-04, ⟨B·n⟩=5.3e-03, Len=sum([5.2, 5.2, 5.1])=15.5, ϰ=[5.5, 5.4, 6.6], ∫ϰ²/L>=[5.5, 7.7, 8.3], C-C-Sep=0.20, ║∇J║=1.6e-02
Iteration 169/2000-----
currents: [100000.0, 99999.99999809326, 99999.9999977473]
J=5.5e-04, ⟨Jf⟩=4.9e-04, ⟨B·n⟩=5.3e-03, Len=sum([5.2, 5.2, 5.1])=15.5, ϰ=[5.3, 5.3, 6.5], ∫ϰ²/L>=[5.5, 7.7, 8.3], C-C-Sep=0.20, ║∇J║=1.2e-02
Iteration 170/2000-----
currents: [100000.0, 99999.99999809194, 99999.99999774288]
J=5.5e-04, ⟨Jf⟩=4.9e-04, ⟨B·n⟩=5.3e-03, Len=sum([5.2, 5.2, 5.1])=15.5, ϰ=[5.1, 5.2, 6.6], ∫ϰ²/L>=[5.5, 7.7, 8.4], C-C-Sep=0.20, ║∇J║=1.1e-02
Iteration 171/2000-----
currents: [100000.0, 99999.99999809075, 99999.99999773971]
J=5.5e-04, ⟨Jf⟩=4.9e-04, ⟨B·n⟩=5.2e-03, Len=sum([5.2, 5.2, 5.1])=15.5, ϰ=[5.1, 5.2, 6.5], ∫ϰ²/L>=[5.5, 7.6, 8.4], C-C-Sep=0.20, ║∇J║=1.3e-02
Iteration 172/2000-----
currents: [100000.0, 99999.99999808847, 99999.99999773387]
J=5.5e-04, ⟨Jf⟩=4.8e-04, ⟨B·n⟩=5.2e-03, Len=sum([5.2, 5.2, 5.1])=15.5, ϰ=[5.0, 5.3, 6.6], ∫ϰ²/L>=[5.6, 7.6, 8.4], C-C-Sep=0.20, ║∇J║=1.2e-02
Iteration 173/2000-----
currents: [100000.0, 99999.99999808693, 99999.99999772935]
J=5.4e-04, ⟨Jf⟩=4.8e-04, ⟨B·n⟩=5.2e-03, Len=sum([5.2, 5.2, 5.1])=15.5, ϰ=[5.0, 5.5, 6.6], ∫ϰ²/L>=[5.6, 7.5, 8.3], C-C-Sep=0.20, ║∇J║=1.5e-02
Iteration 174/2000-----
currents: [100000.0, 99999.9999980837, 99999.99999772101]
J=5.4e-04, ⟨Jf⟩=4.8e-04, ⟨B·n⟩=5.2e-03, Len=sum([5.2, 5.2, 5.1])=15.5, ϰ=[5.0, 5.5, 6.8], ∫ϰ²/L>=[5.6, 7.5, 8.3], C-C-Sep=0.20, ║∇J║=1.3e-02
Iteration 175/2000-----
currents: [100000.0, 99999.99999808261, 99999.99999771823]
J=5.4e-04, ⟨Jf⟩=4.8e-04, ⟨B·n⟩=5.1e-03, Len=sum([5.2, 5.2, 5.1])=15.5, ϰ=[4.9, 5.5, 6.8], ∫ϰ²/L>=[5.6, 7.4, 8.3], C-C-Sep=0.20, ║∇J║=1.1e-02
Iteration 176/2000-----
currents: [100000.0, 99999.99999808086, 99999.99999771304]
J=5.3e-04, ⟨Jf⟩=4.7e-04, ⟨B·n⟩=5.1e-03, Len=sum([5.2, 5.2, 5.1])=15.5, ϰ=[4.9, 5.5, 6.8], ∫ϰ²/L>=[5.6, 7.3, 8.3], C-C-Sep=0.20, ║∇J║=1.1e-02
Iteration 177/2000-----
currents: [100000.0, 99999.99999807826, 99999.99999770556]
J=5.3e-04, ⟨Jf⟩=4.7e-04, ⟨B·n⟩=5.1e-03, Len=sum([5.2, 5.2, 5.1])=15.5, ϰ=[4.8, 5.6, 6.8], ∫ϰ²/L>=[5.7, 7.3, 8.3], C-C-Sep=0.20, ║∇J║=1.7e-02
Iteration 178/2000-----
currents: [100000.0, 99999.99999807727, 99999.99999770225]
J=5.3e-04, ⟨Jf⟩=4.7e-04, ⟨B·n⟩=5.1e-03, Len=sum([5.2, 5.2, 5.1])=15.5, ϰ=[4.9, 5.6, 6.7], ∫ϰ²/L>=[5.7, 7.3, 8.3], C-C-Sep=0.20, ║∇J║=1.1e-02
Iteration 179/2000-----
currents: [100000.0, 99999.99999807567, 99999.99999769738]
J=5.2e-04, ⟨Jf⟩=4.6e-04, ⟨B·n⟩=5.1e-03, Len=sum([5.2, 5.2, 5.1])=15.5, ϰ=[5.0, 5.7, 6.7], ∫ϰ²/L>=[5.7, 7.3, 8.4], C-C-Sep=0.20, ║∇J║=1.1e-02
Iteration 180/2000-----
currents: [100000.0, 99999.99999807401, 99999.99999769268]
J=5.2e-04, ⟨Jf⟩=4.6e-04, ⟨B·n⟩=5.0e-03, Len=sum([5.2, 5.2, 5.1])=15.5, ϰ=[5.1, 5.7, 6.7], ∫ϰ²/L>=[5.7, 7.4, 8.4], C-C-Sep=0.20, ║∇J║=1.4e-02
Iteration 181/2000-----
currents: [100000.0, 99999.99999807119, 99999.9999976849]
J=5.2e-04, ⟨Jf⟩=4.6e-04, ⟨B·n⟩=5.0e-03, Len=sum([5.2, 5.2, 5.1])=15.5, ϰ=[5.3, 5.9, 6.8], ∫ϰ²/L>=[5.7, 7.5, 8.4], C-C-Sep=0.20, ║∇J║=1.3e-02
Iteration 182/2000-----
currents: [100000.0, 99999.99999807018, 99999.9999976826]
J=5.1e-04, ⟨Jf⟩=4.6e-04, ⟨B·n⟩=5.0e-03, Len=sum([5.2, 5.2, 5.1])=15.5, ϰ=[5.4, 5.8, 6.8], ∫ϰ²/L>=[5.6, 7.5, 8.4], C-C-Sep=0.20, ║∇J║=1.1e-02
Iteration 183/2000-----
currents: [100000.0, 99999.99999806721, 99999.99999767508]
J=5.1e-04, ⟨Jf⟩=4.5e-04, ⟨B·n⟩=5.0e-03, Len=sum([5.2, 5.2, 5.1])=15.5, ϰ=[5.3, 5.7, 6.9], ∫ϰ²/L>=[5.6, 7.5, 8.5], C-C-Sep=0.20, ║∇J║=1.3e-02
Iteration 184/2000-----
currents: [100000.0, 99999.99999806716, 99999.99999767522]
J=5.1e-04, ⟨Jf⟩=4.5e-04, ⟨B·n⟩=5.0e-03, Len=sum([5.2, 5.2, 5.1])=15.5, ϰ=[5.4, 5.7, 7.0], ∫ϰ²/L>=[5.5, 7.4, 8.4], C-C-Sep=0.20, ║∇J║=1.4e-02
Iteration 185/2000-----
currents: [100000.0, 99999.99999806492, 99999.99999766884]
J=5.0e-04, ⟨Jf⟩=4.5e-04, ⟨B·n⟩=5.0e-03, Len=sum([5.2, 5.2, 5.1])=15.5, ϰ=[5.3, 5.7, 7.1], ∫ϰ²/L>=[5.5, 7.4, 8.4], C-C-Sep=0.20, ║∇J║=1.2e-02
Iteration 186/2000-----
currents: [100000.0, 99999.99999806353, 99999.99999766494]
J=5.0e-04, ⟨Jf⟩=4.5e-04, ⟨B·n⟩=4.9e-03, Len=sum([5.2, 5.2, 5.1])=15.5, ϰ=[5.3, 5.8, 7.1], ∫ϰ²/L>=[5.5, 7.4, 8.4], C-C-Sep=0.20, ║∇J║=1.3e-02
Iteration 187/2000-----
currents: [100000.0, 99999.9999980596, 99999.99999765429]
J=5.0e-04, ⟨Jf⟩=4.4e-04, ⟨B·n⟩=4.9e-03, Len=sum([5.2, 5.2, 5.1])=15.5, ϰ=[5.4, 5.9, 7.3], ∫ϰ²/L>=[5.6, 7.4, 8.6], C-C-Sep=0.20, ║∇J║=1.3e-02
Iteration 188/2000-----
currents: [100000.0, 99999.99999805883, 99999.99999765294]
J=5.0e-04, ⟨Jf⟩=4.4e-04, ⟨B·n⟩=4.9e-03, Len=sum([5.2, 5.2, 5.1])=15.5, ϰ=[5.5, 6.0, 7.2], ∫ϰ²/L>=[5.5, 7.4, 8.6], C-C-Sep=0.20, ║∇J║=1.4e-02
Iteration 189/2000-----
currents: [100000.0, 99999.99999805626, 99999.99999764704]
J=4.9e-04, ⟨Jf⟩=4.4e-04, ⟨B·n⟩=4.9e-03, Len=sum([5.2, 5.2, 5.1])=15.5, ϰ=[5.5, 6.1, 7.2], ∫ϰ²/L>=[5.5, 7.4, 8.6], C-C-Sep=0.20, ║∇J║=1.3e-02
Iteration 190/2000-----
currents: [100000.0, 99999.99999805547, 99999.99999764585]
J=4.9e-04, ⟨Jf⟩=4.4e-04, ⟨B·n⟩=4.9e-03, Len=sum([5.2, 5.2, 5.1])=15.5, ϰ=[5.5, 6.1, 7.1], ∫ϰ²/L>=[5.4, 7.3, 8.6], C-C-Sep=0.20, ║∇J║=1.1e-02
Iteration 191/2000-----
currents: [100000.0, 99999.99999805322, 99999.99999764079]
J=4.9e-04, ⟨Jf⟩=4.3e-04, ⟨B·n⟩=4.9e-03, Len=sum([5.2, 5.2, 5.1])=15.5, ϰ=[5.5, 6.1, 7.2], ∫ϰ²/L>=[5.4, 7.3, 8.6], C-C-Sep=0.20, ║∇J║=1.0e-02
Iteration 192/2000-----
currents: [100000.0, 99999.99999805175, 99999.9999976377]
J=4.9e-04, ⟨Jf⟩=4.3e-04, ⟨B·n⟩=4.8e-03, Len=sum([5.2, 5.2, 5.1])=15.5, ϰ=[5.5, 6.0, 7.2], ∫ϰ²/L>=[5.3, 7.2, 8.7], C-C-Sep=0.20, ║∇J║=1.3e-02
Iteration 193/2000-----
currents: [100000.0, 99999.99999805026, 99999.99999763392]
J=4.8e-04, ⟨Jf⟩=4.3e-04, ⟨B·n⟩=4.8e-03, Len=sum([5.2, 5.2, 5.1])=15.5, ϰ=[5.5, 6.1, 7.3], ∫ϰ²/L>=[5.3, 7.2, 8.7], C-C-Sep=0.20, ║∇J║=8.9e-03
Iteration 194/2000-----
currents: [100000.0, 99999.99999804927, 99999.99999763154]
J=4.8e-04, ⟨Jf⟩=4.3e-04, ⟨B·n⟩=4.8e-03, Len=sum([5.2, 5.2, 5.1])=15.5, ϰ=[5.5, 6.1, 7.3], ∫ϰ²/L>=[5.2, 7.2, 8.6], C-C-Sep=0.20, ║∇J║=8.8e-03
Iteration 195/2000-----
currents: [100000.0, 99999.99999804761, 99999.99999762692]
J=4.8e-04, ⟨Jf⟩=4.3e-04, ⟨B·n⟩=4.8e-03, Len=sum([5.2, 5.2, 5.1])=15.5, ϰ=[5.5, 6.2, 7.4], ∫ϰ²/L>=[5.2, 7.2, 8.6], C-C-Sep=0.20, ║∇J║=1.0e-02
Iteration 196/2000-----
currents: [100000.0, 99999.99999804511, 99999.99999762047]
J=4.8e-04, ⟨Jf⟩=4.3e-04, ⟨B·n⟩=4.8e-03, Len=sum([5.2, 5.2, 5.1])=15.5, ϰ=[5.4, 6.3, 7.5], ∫ϰ²/L>=[5.3, 7.3, 8.6], C-C-Sep=0.20, ║∇J║=1.5e-02
Iteration 197/2000-----
currents: [100000.0, 99999.99999804335, 99999.99999761618]
J=4.7e-04, ⟨Jf⟩=4.2e-04, ⟨B·n⟩=4.8e-03, Len=sum([5.2, 5.2, 5.1])=15.5, ϰ=[5.4, 6.5, 7.6], ∫ϰ²/L>=[5.3, 7.3, 8.6], C-C-Sep=0.20, ║∇J║=8.7e-03
Iteration 198/2000-----
currents: [100000.0, 99999.99999804271, 99999.9999976144]
J=4.7e-04, ⟨Jf⟩=4.2e-04, ⟨B·n⟩=4.8e-03, Len=sum([5.2, 5.2, 5.1])=15.5, ϰ=[5.4, 6.5, 7.6], ∫ϰ²/L>=[5.3, 7.3, 8.6], C-C-Sep=0.20, ║∇J║=1.1e-02
Iteration 199/2000-----
currents: [100000.0, 99999.99999803967, 99999.99999760672]
J=4.7e-04, ⟨Jf⟩=4.2e-04, ⟨B·n⟩=4.8e-03, Len=sum([5.2, 5.2, 5.1])=15.5, ϰ=[5.4, 6.6, 7.6], ∫ϰ²/L>=[5.4, 7.3, 8.7], C-C-Sep=0.20, ║∇J║=1.1e-02
Iteration 200/2000-----
currents: [100000.0, 99999.99999803759, 99999.99999760177]
J=4.7e-04, ⟨Jf⟩=4.2e-04, ⟨B·n⟩=4.8e-03, Len=sum([5.2, 5.2, 5.1])=15.5, ϰ=[5.4, 6.6, 7.6], ∫ϰ²/L>=[5.4, 7.3, 8.6], C-C-Sep=0.20, ║∇J║=1.2e-02
Iteration 201/2000-----
currents: [100000.0, 99999.99999803444, 99999.99999759416]
J=4.7e-04, ⟨Jf⟩=4.1e-04, ⟨B·n⟩=4.7e-03, Len=sum([5.2, 5.2, 5.1])=15.5, ϰ=[5.4, 6.5, 7.6], ∫ϰ²/L>=[5.4, 7.3, 8.7], C-C-Sep=0.20, ║∇J║=8.5e-03
Iteration 202/2000-----
currents: [100000.0, 99999.99999803363, 99999.99999759284]
J=4.6e-04, ⟨Jf⟩=4.1e-04, ⟨B·n⟩=4.7e-03, Len=sum([5.2, 5.2, 5.1])=15.5, ϰ=[5.5, 6.3, 7.5], ∫ϰ²/L>=[5.4, 7.2, 8.6], C-C-Sep=0.20, ║∇J║=9.4e-03
Iteration 203/2000-----
currents: [100000.0, 99999.99999803214, 99999.9999975899]
J=4.6e-04, ⟨Jf⟩=4.1e-04, ⟨B·n⟩=4.7e-03, Len=sum([5.2, 5.2, 5.1])=15.5, ϰ=[5.5, 6.2, 7.4], ∫ϰ²/L>=[5.3, 7.2, 8.6], C-C-Sep=0.20, ║∇J║=8.5e-03
Iteration 204/2000-----
currents: [100000.0, 99999.99999802966, 99999.99999758489]
J=4.6e-04, ⟨Jf⟩=4.1e-04, ⟨B·n⟩=4.7e-03, Len=sum([5.2, 5.2, 5.1])=15.5, ϰ=[5.6, 6.0, 7.2], ∫ϰ²/L>=[5.3, 7.1, 8.5], C-C-Sep=0.20, ║∇J║=8.5e-03
Iteration 205/2000-----
currents: [100000.0, 99999.99999802456, 99999.9999975741]
J=4.6e-04, ⟨Jf⟩=4.1e-04, ⟨B·n⟩=4.7e-03, Len=sum([5.2, 5.2, 5.1])=15.5, ϰ=[5.7, 5.9, 7.0], ∫ϰ²/L>=[5.3, 7.1, 8.6], C-C-Sep=0.20, ║∇J║=1.4e-02
Iteration 206/2000-----
currents: [100000.0, 99999.99999802386, 99999.99999757265]
J=4.6e-04, ⟨Jf⟩=4.1e-04, ⟨B·n⟩=4.7e-03, Len=sum([5.2, 5.2, 5.1])=15.5, ϰ=[5.7, 5.9, 6.9], ∫ϰ²/L>=[5.3, 7.1, 8.6], C-C-Sep=0.20, ║∇J║=8.3e-03
Iteration 207/2000-----
currents: [100000.0, 99999.99999802232, 99999.99999756871]
J=4.6e-04, ⟨Jf⟩=4.1e-04, ⟨B·n⟩=4.7e-03, Len=sum([5.2, 5.2, 5.1])=15.5, ϰ=[5.7, 5.9, 7.0], ∫ϰ²/L>=[5.3, 7.1, 8.6], C-C-Sep=0.20, ║∇J║=9.1e-03
Iteration 208/2000-----
currents: [100000.0, 99999.99999802044, 99999.99999756388]
J=4.5e-04, ⟨Jf⟩=4.1e-04, ⟨B·n⟩=4.7e-03, Len=sum([5.2, 5.2, 5.0])=15.5, ϰ=[5.8, 6.0, 7.0], ∫ϰ²/L>=[5.3, 7.1, 8.6], C-C-Sep=0.20, ║∇J║=9.8e-03
Iteration 209/2000-----
currents: [100000.0, 99999.99999801732, 99999.99999755708]
J=4.5e-04, ⟨Jf⟩=4.0e-04, ⟨B·n⟩=4.6e-03, Len=sum([5.2, 5.2, 5.0])=15.5, ϰ=[5.8, 6.0, 7.0], ∫ϰ²/L>=[5.3, 7.2, 8.6], C-C-Sep=0.20, ║∇J║=1.1e-02
Iteration 210/2000-----
currents: [100000.0, 99999.9999980123, 99999.99999754528]
J=4.5e-04, ⟨Jf⟩=4.0e-04, ⟨B·n⟩=4.6e-03, Len=sum([5.2, 5.2, 5.0])=15.5, ϰ=[5.8, 5.8, 7.1], ∫ϰ²/L>=[5.4, 7.3, 8.7], C-C-Sep=0.20, ║∇J║=1.0e-02
Iteration 211/2000-----
currents: [100000.0, 99999.99999801429, 99999.99999755158]
J=4.5e-04, ⟨Jf⟩=4.0e-04, ⟨B·n⟩=4.6e-03, Len=sum([5.2, 5.2, 5.0])=15.4, ϰ=[5.7, 5.8, 6.8], ∫ϰ²/L>=[5.2, 7.2, 8.6], C-C-Sep=0.20, ║∇J║=1.5e-02
Iteration 212/2000-----
currents: [100000.0, 99999.99999801304, 99999.9999975492]
J=4.5e-04, ⟨Jf⟩=4.0e-04, ⟨B·n⟩=4.6e-03, Len=sum([5.2, 5.2, 5.0])=15.4, ϰ=[5.8, 5.7, 6.7], ∫ϰ²/L>=[5.2, 7.1, 8.6], C-C-Sep=0.20, ║∇J║=9.0e-03
Iteration 213/2000-----
currents: [100000.0, 99999.9999980111, 99999.99999754556]
J=4.5e-04, ⟨Jf⟩=4.0e-04, ⟨B·n⟩=4.6e-03, Len=sum([5.2, 5.2, 5.0])=15.4, ϰ=[5.8, 5.7, 6.6], ∫ϰ²/L>=[5.2, 7.1, 8.6], C-C-Sep=0.20, ║∇J║=7.7e-03
Iteration 214/2000-----
currents: [100000.0, 99999.99999800858, 99999.9999975406]
J=4.4e-04, ⟨Jf⟩=4.0e-04, ⟨B·n⟩=4.6e-03, Len=sum([5.2, 5.2, 5.0])=15.4, ϰ=[5.9, 5.7, 6.5], ∫ϰ²/L>=[5.2, 7.1, 8.7], C-C-Sep=0.20, ║∇J║=8.8e-03
Iteration 215/2000-----
currents: [100000.0, 99999.99999800583, 99999.99999753504]
J=4.4e-04, ⟨Jf⟩=4.0e-04, ⟨B·n⟩=4.6e-03, Len=sum([5.2, 5.2, 5.0])=15.4, ϰ=[5.9, 5.6, 6.3], ∫ϰ²/L>=[5.2, 7.1, 8.7], C-C-Sep=0.20, ║∇J║=9.7e-03
Iteration 216/2000-----
currents: [100000.0, 99999.99999800469, 99999.99999753298]
J=4.4e-04, ⟨Jf⟩=4.0e-04, ⟨B·n⟩=4.6e-03, Len=sum([5.2, 5.2, 5.0])=15.4, ϰ=[5.9, 5.7, 6.3], ∫ϰ²/L>=[5.2, 7.1, 8.7], C-C-Sep=0.20, ║∇J║=8.6e-03
Iteration 217/2000-----
currents: [100000.0, 99999.99999800311, 99999.99999752935]
J=4.4e-04, ⟨Jf⟩=4.0e-04, ⟨B·n⟩=4.6e-03, Len=sum([5.2, 5.2, 5.0])=15.4, ϰ=[5.9, 5.7, 6.2], ∫ϰ²/L>=[5.2, 7.1, 8.7], C-C-Sep=0.20, ║∇J║=7.4e-03
Iteration 218/2000-----
currents: [100000.0, 99999.99999800236, 99999.99999752782]
J=4.4e-04, ⟨Jf⟩=4.0e-04, ⟨B·n⟩=4.6e-03, Len=sum([5.2, 5.2, 5.0])=15.4, ϰ=[5.8, 5.7, 6.2], ∫ϰ²/L>=[5.2, 7.0, 8.6], C-C-Sep=0.20, ║∇J║=8.5e-03
Iteration 219/2000-----
currents: [100000.0, 99999.99999799827, 99999.99999751979]
J=4.4e-04, ⟨Jf⟩=3.9e-04, ⟨B·n⟩=4.6e-03, Len=sum([5.2, 5.2, 5.0])=15.4, ϰ=[5.7, 5.7, 6.2], ∫ϰ²/L>=[5.3, 7.0, 8.6], C-C-Sep=0.20, ║∇J║=1.0e-02
Iteration 220/2000-----
currents: [100000.0, 99999.9999979968, 99999.99999751787]
J=4.3e-04, ⟨Jf⟩=3.9e-04, ⟨B·n⟩=4.6e-03, Len=sum([5.2, 5.2, 5.0])=15.4, ϰ=[5.6, 5.7, 6.3], ∫ϰ²/L>=[5.2, 6.9, 8.6], C-C-Sep=0.20, ║∇J║=9.3e-03
Iteration 221/2000-----
currents: [100000.0, 99999.99999799428, 99999.99999751341]
J=4.3e-04, ⟨Jf⟩=3.9e-04, ⟨B·n⟩=4.6e-03, Len=sum([5.2, 5.2, 5.0])=15.4, ϰ=[5.6, 5.7, 6.4], ∫ϰ²/L>=[5.2, 6.9, 8.6], C-C-Sep=0.20, ║∇J║=7.6e-03
Iteration 222/2000-----
currents: [100000.0, 99999.99999799207, 99999.99999751059]
J=4.3e-04, ⟨Jf⟩=3.9e-04, ⟨B·n⟩=4.6e-03, Len=sum([5.2, 5.2, 5.0])=15.4, ϰ=[5.5, 5.7, 6.5], ∫ϰ²/L>=[5.2, 6.9, 8.6], C-C-Sep=0.20, ║∇J║=9.8e-03
Iteration 223/2000-----
currents: [100000.0, 99999.9999979894, 99999.99999750544]
J=4.3e-04, ⟨Jf⟩=3.9e-04, ⟨B·n⟩=4.6e-03, Len=sum([5.2, 5.2, 5.0])=15.4, ϰ=[5.5, 5.7, 6.5], ∫ϰ²/L>=[5.2, 6.9, 8.7], C-C-Sep=0.20, ║∇J║=6.9e-03
Iteration 224/2000-----
currents: [100000.0, 99999.99999798632, 99999.99999749941]
J=4.3e-04, ⟨Jf⟩=3.9e-04, ⟨B·n⟩=4.5e-03, Len=sum([5.2, 5.2, 5.0])=15.4, ϰ=[5.4, 5.7, 6.5], ∫ϰ²/L>=[5.2, 6.9, 8.7], C-C-Sep=0.20, ║∇J║=6.8e-03
Iteration 225/2000-----
currents: [100000.0, 99999.99999798313, 99999.99999749314]
J=4.3e-04, ⟨Jf⟩=3.9e-04, ⟨B·n⟩=4.5e-03, Len=sum([5.2, 5.2, 5.0])=15.4, ϰ=[5.3, 5.6, 6.6], ∫ϰ²/L>=[5.2, 6.9, 8.7], C-C-Sep=0.20, ║∇J║=7.6e-03
Iteration 226/2000-----
currents: [100000.0, 99999.99999798014, 99999.99999748777]
J=4.3e-04, ⟨Jf⟩=3.9e-04, ⟨B·n⟩=4.5e-03, Len=sum([5.2, 5.2, 5.0])=15.4, ϰ=[5.2, 5.6, 6.5], ∫ϰ²/L>=[5.2, 7.0, 8.7], C-C-Sep=0.20, ║∇J║=7.9e-03
Iteration 227/2000-----
currents: [100000.0, 99999.99999797865, 99999.99999748477]
J=4.3e-04, ⟨Jf⟩=3.9e-04, ⟨B·n⟩=4.5e-03, Len=sum([5.2, 5.2, 5.0])=15.4, ϰ=[5.2, 5.5, 6.6], ∫ϰ²/L>=[5.2, 7.0, 8.6], C-C-Sep=0.20, ║∇J║=6.2e-03
Iteration 228/2000-----
currents: [100000.0, 99999.99999797753, 99999.99999748296]
J=4.2e-04, ⟨Jf⟩=3.9e-04, ⟨B·n⟩=4.5e-03, Len=sum([5.2, 5.2, 5.0])=15.4, ϰ=[5.2, 5.6, 6.5], ∫ϰ²/L>=[5.1, 7.0, 8.6], C-C-Sep=0.20, ║∇J║=6.0e-03
Iteration 229/2000-----
currents: [100000.0, 99999.9999979747, 99999.999997478]
J=4.2e-04, ⟨Jf⟩=3.9e-04, ⟨B·n⟩=4.5e-03, Len=sum([5.2, 5.2, 5.0])=15.4, ϰ=[5.1, 5.6, 6.6], ∫ϰ²/L>=[5.1, 7.0, 8.6], C-C-Sep=0.20, ║∇J║=7.6e-03
Iteration 230/2000-----
currents: [100000.0, 99999.99999797177, 99999.99999747246]
J=4.2e-04, ⟨Jf⟩=3.9e-04, ⟨B·n⟩=4.5e-03, Len=sum([5.2, 5.2, 5.0])=15.4, ϰ=[5.1, 5.6, 6.6], ∫ϰ²/L>=[5.0, 7.0, 8.6], C-C-Sep=0.20, ║∇J║=6.1e-03
Iteration 231/2000-----
currents: [100000.0, 99999.99999796842, 99999.99999746641]
J=4.2e-04, ⟨Jf⟩=3.8e-04, ⟨B·n⟩=4.5e-03, Len=sum([5.2, 5.2, 5.0])=15.4, ϰ=[5.2, 5.7, 6.6], ∫ϰ²/L>=[5.0, 7.0, 8.6], C-C-Sep=0.20, ║∇J║=5.5e-03
Iteration 232/2000-----
currents: [100000.0, 99999.9999979657, 99999.99999746181]
J=4.2e-04, ⟨Jf⟩=3.8e-04, ⟨B·n⟩=4.5e-03, Len=sum([5.2, 5.2, 5.0])=15.4, ϰ=[5.2, 5.7, 6.6], ∫ϰ²/L>=[5.1, 7.0, 8.6], C-C-Sep=0.20, ║∇J║=7.1e-03
Iteration 233/2000-----
currents: [100000.0, 99999.99999796344, 99999.99999745759]
J=4.2e-04, ⟨Jf⟩=3.8e-04, ⟨B·n⟩=4.5e-03, Len=sum([5.2, 5.2, 5.0])=15.4, ϰ=[5.2, 5.8, 6.6], ∫ϰ²/L>=[5.1, 7.1, 8.6], C-C-Sep=0.20, ║∇J║=5.7e-03
Iteration 234/2000-----
currents: [100000.0, 99999.99999796317, 99999.99999745781]
J=4.2e-04, ⟨Jf⟩=3.8e-04, ⟨B·n⟩=4.5e-03, Len=sum([5.2, 5.2, 5.0])=15.4, ϰ=[5.2, 5.8, 6.5], ∫ϰ²/L>=[5.1, 7.1, 8.6], C-C-Sep=0.20, ║∇J║=6.0e-03
Iteration 235/2000-----
currents: [100000.0, 99999.99999795943, 99999.99999745107]
J=4.2e-04, ⟨Jf⟩=3.8e-04, ⟨B·n⟩=4.5e-03, Len=sum([5.2, 5.2, 5.0])=15.4, ϰ=[5.2, 5.8, 6.5], ∫ϰ²/L>=[5.1, 7.1, 8.6], C-C-Sep=0.20, ║∇J║=7.0e-03
Iteration 236/2000-----
currents: [100000.0, 99999.99999795861, 99999.99999745055]
J=4.2e-04, ⟨Jf⟩=3.8e-04, ⟨B·n⟩=4.5e-03, Len=sum([5.2, 5.2, 5.0])=15.4, ϰ=[5.2, 5.9, 6.5], ∫ϰ²/L>=[5.1, 7.0, 8.6], C-C-Sep=0.20, ║∇J║=7.9e-03
Iteration 237/2000-----
currents: [100000.0, 99999.99999795518, 99999.99999744509]
J=4.1e-04, ⟨Jf⟩=3.8e-04, ⟨B·n⟩=4.4e-03, Len=sum([5.2, 5.2, 5.0])=15.4, ϰ=[5.1, 5.9, 6.3], ∫ϰ²/L>=[5.1, 7.0, 8.6], C-C-Sep=0.20, ║∇J║=6.5e-03
Iteration 238/2000-----
currents: [100000.0, 99999.99999795204, 99999.99999743972]
J=4.1e-04, ⟨Jf⟩=3.8e-04, ⟨B·n⟩=4.4e-03, Len=sum([5.2, 5.2, 5.0])=15.4, ϰ=[5.0, 5.9, 6.3], ∫ϰ²/L>=[5.1, 7.0, 8.6], C-C-Sep=0.20, ║∇J║=6.0e-03
Iteration 239/2000-----
currents: [100000.0, 99999.99999794825, 99999.99999743316]
J=4.1e-04, ⟨Jf⟩=3.8e-04, ⟨B·n⟩=4.4e-03, Len=sum([5.2, 5.2, 5.0])=15.4, ϰ=[5.0, 5.8, 6.1], ∫ϰ²/L>=[5.1, 7.1, 8.5], C-C-Sep=0.20, ║∇J║=7.9e-03
Iteration 240/2000-----
currents: [100000.0, 99999.99999794443, 99999.99999742646]
J=4.1e-04, ⟨Jf⟩=3.8e-04, ⟨B·n⟩=4.4e-03, Len=sum([5.2, 5.2, 5.0])=15.4, ϰ=[5.0, 5.9, 6.0], ∫ϰ²/L>=[5.1, 7.1, 8.6], C-C-Sep=0.20, ║∇J║=6.8e-03
Iteration 241/2000-----
currents: [100000.0, 99999.99999794034, 99999.99999741928]
J=4.1e-04, ⟨Jf⟩=3.7e-04, ⟨B·n⟩=4.4e-03, Len=sum([5.2, 5.2, 5.0])=15.4, ϰ=[5.0, 5.9, 5.9], ∫ϰ²/L>=[5.2, 7.1, 8.6], C-C-Sep=0.20, ║∇J║=8.3e-03
Iteration 242/2000-----
currents: [100000.0, 99999.99999793776, 99999.99999741567]
J=4.1e-04, ⟨Jf⟩=3.7e-04, ⟨B·n⟩=4.4e-03, Len=sum([5.2, 5.2, 5.0])=15.4, ϰ=[5.1, 6.0, 5.8], ∫ϰ²/L>=[5.2, 7.1, 8.6], C-C-Sep=0.20, ║∇J║=7.1e-03
Iteration 243/2000-----
currents: [100000.0, 99999.99999793431, 99999.99999741024]
J=4.1e-04, ⟨Jf⟩=3.7e-04, ⟨B·n⟩=4.4e-03, Len=sum([5.2, 5.2, 5.0])=15.4, ϰ=[5.1, 6.0, 5.7], ∫ϰ²/L>=[5.2, 7.1, 8.6], C-C-Sep=0.20, ║∇J║=6.4e-03
Iteration 244/2000-----
currents: [100000.0, 99999.99999793187, 99999.99999740694]
J=4.1e-04, ⟨Jf⟩=3.7e-04, ⟨B·n⟩=4.4e-03, Len=sum([5.2, 5.2, 5.0])=15.4, ϰ=[5.2, 6.0, 5.7], ∫ϰ²/L>=[5.2, 7.1, 8.6], C-C-Sep=0.20, ║∇J║=6.5e-03
Iteration 245/2000-----
currents: [100000.0, 99999.99999792993, 99999.99999740349]
J=4.0e-04, ⟨Jf⟩=3.7e-04, ⟨B·n⟩=4.4e-03, Len=sum([5.2, 5.2, 5.0])=15.4, ϰ=[5.2, 6.1, 5.8], ∫ϰ²/L>=[5.2, 7.1, 8.6], C-C-Sep=0.20, ║∇J║=6.5e-03
Iteration 246/2000-----
currents: [100000.0, 99999.99999792827, 99999.99999740135]
J=4.0e-04, ⟨Jf⟩=3.7e-04, ⟨B·n⟩=4.4e-03, Len=sum([5.2, 5.2, 5.0])=15.4, ϰ=[5.1, 6.0, 5.8], ∫ϰ²/L>=[5.1, 7.0, 8.5], C-C-Sep=0.20, ║∇J║=6.6e-03
Iteration 247/2000-----
currents: [100000.0, 99999.99999792378, 99999.99999739404]
J=4.0e-04, ⟨Jf⟩=3.7e-04, ⟨B·n⟩=4.4e-03, Len=sum([5.2, 5.2, 5.0])=15.4, ϰ=[5.1, 6.0, 5.8], ∫ϰ²/L>=[5.2, 7.1, 8.6], C-C-Sep=0.20, ║∇J║=6.2e-03
Iteration 248/2000-----
currents: [100000.0, 99999.99999792057, 99999.99999738915]
J=4.0e-04, ⟨Jf⟩=3.7e-04, ⟨B·n⟩=4.4e-03, Len=sum([5.2, 5.2, 5.0])=15.4, ϰ=[5.0, 6.1, 5.8], ∫ϰ²/L>=[5.1, 7.1, 8.5], C-C-Sep=0.20, ║∇J║=5.5e-03
Iteration 249/2000-----
currents: [100000.0, 99999.99999791544, 99999.9999973805]
J=4.0e-04, ⟨Jf⟩=3.7e-04, ⟨B·n⟩=4.4e-03, Len=sum([5.2, 5.2, 5.0])=15.4, ϰ=[5.1, 6.1, 5.8], ∫ϰ²/L>=[5.1, 7.1, 8.5], C-C-Sep=0.20, ║∇J║=6.1e-03
Iteration 250/2000-----
currents: [100000.0, 99999.99999791264, 99999.99999737636]
J=4.0e-04, ⟨Jf⟩=3.7e-04, ⟨B·n⟩=4.4e-03, Len=sum([5.2, 5.2, 5.0])=15.4, ϰ=[5.2, 6.2, 5.8], ∫ϰ²/L>=[5.1, 7.1, 8.5], C-C-Sep=0.20, ║∇J║=8.3e-03
Iteration 251/2000-----
currents: [100000.0, 99999.99999791021, 99999.99999737203]
J=4.0e-04, ⟨Jf⟩=3.6e-04, ⟨B·n⟩=4.4e-03, Len=sum([5.2, 5.2, 5.0])=15.4, ϰ=[5.3, 6.3, 5.7], ∫ϰ²/L>=[5.1, 7.1, 8.5], C-C-Sep=0.20, ║∇J║=6.7e-03
Iteration 252/2000-----
currents: [100000.0, 99999.99999790893, 99999.99999737019]
J=4.0e-04, ⟨Jf⟩=3.6e-04, ⟨B·n⟩=4.3e-03, Len=sum([5.2, 5.2, 5.0])=15.4, ϰ=[5.3, 6.3, 5.7], ∫ϰ²/L>=[5.1, 7.1, 8.5], C-C-Sep=0.20, ║∇J║=5.3e-03
Iteration 253/2000-----
currents: [100000.0, 99999.99999790649, 99999.99999736679]
J=4.0e-04, ⟨Jf⟩=3.6e-04, ⟨B·n⟩=4.3e-03, Len=sum([5.2, 5.2, 5.0])=15.4, ϰ=[5.3, 6.2, 5.7], ∫ϰ²/L>=[5.0, 7.2, 8.4], C-C-Sep=0.20, ║∇J║=4.9e-03
Iteration 254/2000-----
currents: [100000.0, 99999.9999979008, 99999.99999735809]
J=4.0e-04, ⟨Jf⟩=3.6e-04, ⟨B·n⟩=4.3e-03, Len=sum([5.2, 5.2, 5.0])=15.4, ϰ=[5.3, 6.3, 5.7], ∫ϰ²/L>=[5.1, 7.2, 8.4], C-C-Sep=0.20, ║∇J║=5.5e-03
Iteration 255/2000-----
currents: [100000.0, 99999.99999789722, 99999.99999735306]
J=4.0e-04, ⟨Jf⟩=3.6e-04, ⟨B·n⟩=4.3e-03, Len=sum([5.2, 5.2, 5.0])=15.4, ϰ=[5.3, 6.2, 5.8], ∫ϰ²/L>=[5.1, 7.2, 8.4], C-C-Sep=0.20, ║∇J║=5.8e-03
Iteration 256/2000-----
currents: [100000.0, 99999.99999789377, 99999.99999734764]
J=4.0e-04, ⟨Jf⟩=3.6e-04, ⟨B·n⟩=4.3e-03, Len=sum([5.2, 5.2, 5.0])=15.4, ϰ=[5.4, 6.2, 5.7], ∫ϰ²/L>=[5.1, 7.2, 8.4], C-C-Sep=0.20, ║∇J║=5.8e-03
Iteration 257/2000-----
currents: [100000.0, 99999.99999788932, 99999.99999734058]
J=3.9e-04, ⟨Jf⟩=3.6e-04, ⟨B·n⟩=4.3e-03, Len=sum([5.2, 5.2, 5.0])=15.4, ϰ=[5.4, 6.2, 5.6], ∫ϰ²/L>=[5.1, 7.3, 8.4], C-C-Sep=0.20, ║∇J║=5.6e-03
Iteration 258/2000-----
currents: [100000.0, 99999.99999788735, 99999.99999733742]
J=3.9e-04, ⟨Jf⟩=3.6e-04, ⟨B·n⟩=4.3e-03, Len=sum([5.2, 5.2, 5.0])=15.4, ϰ=[5.4, 6.2, 5.7], ∫ϰ²/L>=[5.0, 7.3, 8.3], C-C-Sep=0.20, ║∇J║=6.4e-03
Iteration 259/2000-----
currents: [100000.0, 99999.99999788388, 99999.99999733143]
J=3.9e-04, ⟨Jf⟩=3.6e-04, ⟨B·n⟩=4.3e-03, Len=sum([5.2, 5.2, 5.0])=15.4, ϰ=[5.4, 6.2, 5.7], ∫ϰ²/L>=[5.0, 7.3, 8.3], C-C-Sep=0.20, ║∇J║=5.2e-03
Iteration 260/2000-----
currents: [100000.0, 99999.99999788283, 99999.99999732945]
J=3.9e-04, ⟨Jf⟩=3.6e-04, ⟨B·n⟩=4.3e-03, Len=sum([5.2, 5.2, 5.0])=15.4, ϰ=[5.3, 6.3, 5.8], ∫ϰ²/L>=[5.0, 7.3, 8.3], C-C-Sep=0.20, ║∇J║=5.0e-03
Iteration 261/2000-----
currents: [100000.0, 99999.99999787903, 99999.99999732288]
J=3.9e-04, ⟨Jf⟩=3.6e-04, ⟨B·n⟩=4.3e-03, Len=sum([5.2, 5.2, 5.0])=15.4, ϰ=[5.3, 6.3, 5.8], ∫ϰ²/L>=[5.0, 7.3, 8.3], C-C-Sep=0.20, ║∇J║=5.6e-03
Iteration 262/2000-----
currents: [100000.0, 99999.99999787445, 99999.99999731498]
J=3.9e-04, ⟨Jf⟩=3.5e-04, ⟨B·n⟩=4.3e-03, Len=sum([5.2, 5.2, 5.0])=15.4, ϰ=[5.3, 6.3, 5.9], ∫ϰ²/L>=[5.0, 7.3, 8.3], C-C-Sep=0.20, ║∇J║=6.2e-03
Iteration 263/2000-----
currents: [100000.0, 99999.99999786925, 99999.99999730624]
J=3.9e-04, ⟨Jf⟩=3.5e-04, ⟨B·n⟩=4.3e-03, Len=sum([5.2, 5.2, 5.0])=15.4, ϰ=[5.3, 6.4, 5.9], ∫ϰ²/L>=[5.0, 7.3, 8.3], C-C-Sep=0.20, ║∇J║=5.8e-03
Iteration 264/2000-----
currents: [100000.0, 99999.99999786499, 99999.99999729908]
J=3.9e-04, ⟨Jf⟩=3.5e-04, ⟨B·n⟩=4.3e-03, Len=sum([5.2, 5.2, 5.0])=15.4, ϰ=[5.3, 6.5, 6.0], ∫ϰ²/L>=[5.0, 7.4, 8.2], C-C-Sep=0.20, ║∇J║=5.4e-03
Iteration 265/2000-----
currents: [100000.0, 99999.99999786321, 99999.9999972958]
J=3.9e-04, ⟨Jf⟩=3.5e-04, ⟨B·n⟩=4.3e-03, Len=sum([5.2, 5.2, 5.0])=15.4, ϰ=[5.3, 6.5, 6.0], ∫ϰ²/L>=[5.0, 7.3, 8.2], C-C-Sep=0.20, ║∇J║=5.5e-03
Iteration 266/2000-----
currents: [100000.0, 99999.9999978586, 99999.9999972876]
J=3.9e-04, ⟨Jf⟩=3.5e-04, ⟨B·n⟩=4.3e-03, Len=sum([5.2, 5.2, 5.0])=15.4, ϰ=[5.3, 6.6, 6.1], ∫ϰ²/L>=[5.0, 7.4, 8.2], C-C-Sep=0.20, ║∇J║=5.5e-03
Iteration 267/2000-----
currents: [100000.0, 99999.99999785666, 99999.99999728386]
J=3.9e-04, ⟨Jf⟩=3.5e-04, ⟨B·n⟩=4.3e-03, Len=sum([5.2, 5.2, 5.0])=15.4, ϰ=[5.2, 6.8, 6.2], ∫ϰ²/L>=[5.1, 7.4, 8.1], C-C-Sep=0.20, ║∇J║=5.4e-03
Iteration 268/2000-----
currents: [100000.0, 99999.9999978539, 99999.99999727897]
J=3.9e-04, ⟨Jf⟩=3.5e-04, ⟨B·n⟩=4.3e-03, Len=sum([5.2, 5.2, 5.0])=15.4, ϰ=[5.2, 6.9, 6.2], ∫ϰ²/L>=[5.1, 7.4, 8.1], C-C-Sep=0.20, ║∇J║=5.2e-03
Iteration 269/2000-----
currents: [100000.0, 99999.99999785054, 99999.9999972737]
J=3.8e-04, ⟨Jf⟩=3.5e-04, ⟨B·n⟩=4.3e-03, Len=sum([5.2, 5.2, 4.9])=15.4, ϰ=[5.2, 7.0, 6.2], ∫ϰ²/L>=[5.1, 7.4, 8.1], C-C-Sep=0.20, ║∇J║=4.6e-03
Iteration 270/2000-----
currents: [100000.0, 99999.99999784745, 99999.99999726884]
J=3.8e-04, ⟨Jf⟩=3.5e-04, ⟨B·n⟩=4.2e-03, Len=sum([5.2, 5.2, 4.9])=15.4, ϰ=[5.2, 7.0, 6.1], ∫ϰ²/L>=[5.1, 7.4, 8.1], C-C-Sep=0.20, ║∇J║=4.6e-03
Iteration 271/2000-----
currents: [100000.0, 99999.99999784151, 99999.9999972592]
J=3.8e-04, ⟨Jf⟩=3.5e-04, ⟨B·n⟩=4.2e-03, Len=sum([5.2, 5.2, 4.9])=15.4, ϰ=[5.1, 7.1, 6.1], ∫ϰ²/L>=[5.1, 7.4, 8.0], C-C-Sep=0.20, ║∇J║=6.6e-03
Iteration 272/2000-----
currents: [100000.0, 99999.99999783753, 99999.99999725247]
J=3.8e-04, ⟨Jf⟩=3.5e-04, ⟨B·n⟩=4.2e-03, Len=sum([5.2, 5.2, 4.9])=15.4, ϰ=[5.0, 7.1, 6.1], ∫ϰ²/L>=[5.1, 7.4, 8.0], C-C-Sep=0.20, ║∇J║=5.1e-03
Iteration 273/2000-----
currents: [100000.0, 99999.99999783555, 99999.99999724855]
J=3.8e-04, ⟨Jf⟩=3.5e-04, ⟨B·n⟩=4.2e-03, Len=sum([5.2, 5.2, 4.9])=15.4, ϰ=[5.0, 7.1, 6.1], ∫ϰ²/L>=[5.0, 7.4, 8.0], C-C-Sep=0.20, ║∇J║=4.4e-03
Iteration 274/2000-----
currents: [100000.0, 99999.99999783507, 99999.9999972469]
J=3.8e-04, ⟨Jf⟩=3.5e-04, ⟨B·n⟩=4.2e-03, Len=sum([5.2, 5.2, 4.9])=15.4, ϰ=[5.0, 7.1, 6.1], ∫ϰ²/L>=[5.0, 7.3, 8.0], C-C-Sep=0.20, ║∇J║=4.6e-03
Iteration 275/2000-----
currents: [100000.0, 99999.99999783155, 99999.99999724024]
J=3.8e-04, ⟨Jf⟩=3.5e-04, ⟨B·n⟩=4.2e-03, Len=sum([5.2, 5.2, 4.9])=15.4, ϰ=[5.0, 7.0, 6.1], ∫ϰ²/L>=[5.0, 7.3, 8.0], C-C-Sep=0.20, ║∇J║=5.1e-03
Iteration 276/2000-----
currents: [100000.0, 99999.99999783, 99999.999997237]
J=3.8e-04, ⟨Jf⟩=3.5e-04, ⟨B·n⟩=4.2e-03, Len=sum([5.2, 5.2, 4.9])=15.4, ϰ=[5.0, 7.0, 6.2], ∫ϰ²/L>=[5.0, 7.3, 7.9], C-C-Sep=0.20, ║∇J║=5.1e-03
Iteration 277/2000-----
currents: [100000.0, 99999.99999782216, 99999.99999722335]
J=3.8e-04, ⟨Jf⟩=3.5e-04, ⟨B·n⟩=4.2e-03, Len=sum([5.2, 5.2, 4.9])=15.4, ϰ=[5.0, 7.0, 6.3], ∫ϰ²/L>=[5.0, 7.3, 7.9], C-C-Sep=0.20, ║∇J║=5.8e-03
Iteration 278/2000-----
currents: [100000.0, 99999.99999782059, 99999.99999722083]
J=3.8e-04, ⟨Jf⟩=3.5e-04, ⟨B·n⟩=4.2e-03, Len=sum([5.2, 5.2, 4.9])=15.4, ϰ=[5.1, 7.0, 6.3], ∫ϰ²/L>=[5.0, 7.3, 7.9], C-C-Sep=0.20, ║∇J║=4.1e-03
Iteration 279/2000-----
currents: [100000.0, 99999.99999781897, 99999.99999721824]
J=3.8e-04, ⟨Jf⟩=3.5e-04, ⟨B·n⟩=4.2e-03, Len=sum([5.2, 5.2, 4.9])=15.4, ϰ=[5.1, 7.0, 6.3], ∫ϰ²/L>=[5.0, 7.3, 7.9], C-C-Sep=0.20, ║∇J║=4.1e-03
Iteration 280/2000-----
currents: [100000.0, 99999.99999781395, 99999.9999972097]
J=3.8e-04, ⟨Jf⟩=3.5e-04, ⟨B·n⟩=4.2e-03, Len=sum([5.2, 5.2, 4.9])=15.4, ϰ=[5.1, 6.9, 6.2], ∫ϰ²/L>=[5.0, 7.4, 7.8], C-C-Sep=0.20, ║∇J║=5.5e-03
Iteration 281/2000-----
currents: [100000.0, 99999.99999780874, 99999.9999972006]
J=3.8e-04, ⟨Jf⟩=3.4e-04, ⟨B·n⟩=4.2e-03, Len=sum([5.2, 5.2, 4.9])=15.4, ϰ=[5.0, 6.9, 6.1], ∫ϰ²/L>=[5.1, 7.4, 7.8], C-C-Sep=0.20, ║∇J║=6.7e-03
Iteration 282/2000-----
currents: [100000.0, 99999.99999780468, 99999.99999719333]
J=3.8e-04, ⟨Jf⟩=3.4e-04, ⟨B·n⟩=4.2e-03, Len=sum([5.2, 5.2, 4.9])=15.4, ϰ=[5.0, 6.9, 6.1], ∫ϰ²/L>=[5.1, 7.4, 7.8], C-C-Sep=0.20, ║∇J║=4.3e-03
Iteration 283/2000-----
currents: [100000.0, 99999.99999780273, 99999.99999718969]
J=3.8e-04, ⟨Jf⟩=3.4e-04, ⟨B·n⟩=4.2e-03, Len=sum([5.2, 5.2, 4.9])=15.4, ϰ=[5.0, 6.9, 6.1], ∫ϰ²/L>=[5.0, 7.4, 7.8], C-C-Sep=0.20, ║∇J║=4.3e-03
Iteration 284/2000-----
currents: [100000.0, 99999.99999779907, 99999.99999718324]
J=3.7e-04, ⟨Jf⟩=3.4e-04, ⟨B·n⟩=4.2e-03, Len=sum([5.2, 5.2, 4.9])=15.4, ϰ=[5.0, 6.9, 6.1], ∫ϰ²/L>=[5.0, 7.4, 7.8], C-C-Sep=0.20, ║∇J║=4.0e-03
Iteration 285/2000-----
currents: [100000.0, 99999.99999779675, 99999.99999717882]
J=3.7e-04, ⟨Jf⟩=3.4e-04, ⟨B·n⟩=4.2e-03, Len=sum([5.2, 5.2, 4.9])=15.4, ϰ=[4.9, 6.8, 6.1], ∫ϰ²/L>=[5.0, 7.4, 7.9], C-C-Sep=0.20, ║∇J║=4.4e-03
Iteration 286/2000-----
currents: [100000.0, 99999.9999977884, 99999.99999716405]
J=3.7e-04, ⟨Jf⟩=3.4e-04, ⟨B·n⟩=4.2e-03, Len=sum([5.2, 5.2, 4.9])=15.4, ϰ=[4.9, 6.8, 6.1], ∫ϰ²/L>=[5.0, 7.5, 7.9], C-C-Sep=0.20, ║∇J║=5.6e-03
Iteration 287/2000-----
currents: [100000.0, 99999.9999977842, 99999.99999715653]
J=3.7e-04, ⟨Jf⟩=3.4e-04, ⟨B·n⟩=4.2e-03, Len=sum([5.2, 5.2, 4.9])=15.4, ϰ=[4.9, 6.8, 6.1], ∫ϰ²/L>=[5.0, 7.5, 7.9], C-C-Sep=0.20, ║∇J║=4.8e-03
Iteration 288/2000-----
currents: [100000.0, 99999.99999778048, 99999.9999971499]
J=3.7e-04, ⟨Jf⟩=3.4e-04, ⟨B·n⟩=4.2e-03, Len=sum([5.2, 5.2, 4.9])=15.4, ϰ=[4.8, 6.8, 6.1], ∫ϰ²/L>=[5.1, 7.5, 7.9], C-C-Sep=0.20, ║∇J║=4.8e-03
Iteration 289/2000-----
currents: [100000.0, 99999.99999777536, 99999.99999714094]
J=3.7e-04, ⟨Jf⟩=3.4e-04, ⟨B·n⟩=4.2e-03, Len=sum([5.2, 5.2, 4.9])=15.4, ϰ=[4.8, 6.7, 6.1], ∫ϰ²/L>=[5.1, 7.5, 7.8], C-C-Sep=0.20, ║∇J║=4.9e-03
Iteration 290/2000-----
currents: [100000.0, 99999.99999777177, 99999.99999713474]
J=3.7e-04, ⟨Jf⟩=3.4e-04, ⟨B·n⟩=4.2e-03, Len=sum([5.2, 5.2, 4.9])=15.4, ϰ=[4.8, 6.8, 6.1], ∫ϰ²/L>=[5.1, 7.5, 7.8], C-C-Sep=0.20, ║∇J║=5.0e-03
Iteration 291/2000-----
currents: [100000.0, 99999.99999776967, 99999.99999713116]
J=3.7e-04, ⟨Jf⟩=3.4e-04, ⟨B·n⟩=4.2e-03, Len=sum([5.2, 5.2, 4.9])=15.4, ϰ=[4.8, 6.8, 6.1], ∫ϰ²/L>=[5.1, 7.5, 7.8], C-C-Sep=0.20, ║∇J║=4.6e-03
Iteration 292/2000-----
currents: [100000.0, 99999.99999776747, 99999.99999712719]
J=3.7e-04, ⟨Jf⟩=3.4e-04, ⟨B·n⟩=4.2e-03, Len=sum([5.2, 5.2, 4.9])=15.4, ϰ=[4.7, 6.8, 6.0], ∫ϰ²/L>=[5.2, 7.5, 7.8], C-C-Sep=0.20, ║∇J║=5.1e-03
Iteration 293/2000-----
currents: [100000.0, 99999.99999776538, 99999.999997123]
J=3.7e-04, ⟨Jf⟩=3.4e-04, ⟨B·n⟩=4.2e-03, Len=sum([5.2, 5.2, 4.9])=15.4, ϰ=[4.7, 6.8, 6.0], ∫ϰ²/L>=[5.2, 7.5, 7.8], C-C-Sep=0.20, ║∇J║=5.2e-03
Iteration 294/2000-----
currents: [100000.0, 99999.99999776224, 99999.99999711773]
J=3.7e-04, ⟨Jf⟩=3.4e-04, ⟨B·n⟩=4.2e-03, Len=sum([5.2, 5.2, 4.9])=15.4, ϰ=[4.7, 6.9, 5.9], ∫ϰ²/L>=[5.2, 7.5, 7.8], C-C-Sep=0.20, ║∇J║=4.9e-03
Iteration 295/2000-----
currents: [100000.0, 99999.99999775806, 99999.99999711041]
J=3.7e-04, ⟨Jf⟩=3.4e-04, ⟨B·n⟩=4.2e-03, Len=sum([5.2, 5.2, 4.9])=15.4, ϰ=[4.7, 6.9, 6.0], ∫ϰ²/L>=[5.2, 7.5, 7.8], C-C-Sep=0.20, ║∇J║=4.3e-03
Iteration 296/2000-----
currents: [100000.0, 99999.99999774944, 99999.99999709553]
J=3.7e-04, ⟨Jf⟩=3.4e-04, ⟨B·n⟩=4.2e-03, Len=sum([5.2, 5.2, 4.9])=15.4, ϰ=[4.7, 6.9, 6.1], ∫ϰ²/L>=[5.2, 7.5, 7.8], C-C-Sep=0.20, ║∇J║=5.1e-03
Iteration 297/2000-----
currents: [100000.0, 99999.99999774748, 99999.99999709222]
J=3.7e-04, ⟨Jf⟩=3.4e-04, ⟨B·n⟩=4.2e-03, Len=sum([5.2, 5.2, 4.9])=15.4, ϰ=[4.7, 7.0, 6.2], ∫ϰ²/L>=[5.2, 7.5, 7.8], C-C-Sep=0.20, ║∇J║=6.5e-03
Iteration 298/2000-----
currents: [100000.0, 99999.99999774166, 99999.99999708192]
J=3.7e-04, ⟨Jf⟩=3.4e-04, ⟨B·n⟩=4.2e-03, Len=sum([5.2, 5.2, 4.9])=15.4, ϰ=[4.7, 7.0, 6.2], ∫ϰ²/L>=[5.2, 7.6, 7.8], C-C-Sep=0.20, ║∇J║=4.7e-03
Iteration 299/2000-----
currents: [100000.0, 99999.99999774033, 99999.99999707977]
J=3.7e-04, ⟨Jf⟩=3.4e-04, ⟨B·n⟩=4.2e-03, Len=sum([5.2, 5.2, 4.9])=15.4, ϰ=[4.8, 7.0, 6.2], ∫ϰ²/L>=[5.1, 7.6, 7.8], C-C-Sep=0.20, ║∇J║=5.0e-03
Iteration 300/2000-----
currents: [100000.0, 99999.99999773558, 99999.99999707135]
J=3.6e-04, ⟨Jf⟩=3.3e-04, ⟨B·n⟩=4.2e-03, Len=sum([5.2, 5.2, 4.9])=15.4, ϰ=[4.8, 7.0, 6.2], ∫ϰ²/L>=[5.1, 7.6, 7.8], C-C-Sep=0.20, ║∇J║=4.2e-03
Iteration 301/2000-----
currents: [100000.0, 99999.99999773542, 99999.99999707082]
J=3.6e-04, ⟨Jf⟩=3.3e-04, ⟨B·n⟩=4.2e-03, Len=sum([5.2, 5.2, 4.9])=15.4, ϰ=[4.9, 7.0, 6.2], ∫ϰ²/L>=[5.1, 7.6, 7.7], C-C-Sep=0.20, ║∇J║=3.7e-03
Iteration 302/2000-----
currents: [100000.0, 99999.999997732, 99999.9999970647]
J=3.6e-04, ⟨Jf⟩=3.3e-04, ⟨B·n⟩=4.2e-03, Len=sum([5.2, 5.2, 4.9])=15.4, ϰ=[5.0, 7.1, 6.2], ∫ϰ²/L>=[5.1, 7.6, 7.7], C-C-Sep=0.20, ║∇J║=4.7e-03
Iteration 303/2000-----
currents: [100000.0, 99999.99999773038, 99999.99999706176]
J=3.6e-04, ⟨Jf⟩=3.3e-04, ⟨B·n⟩=4.2e-03, Len=sum([5.2, 5.2, 4.9])=15.4, ϰ=[5.0, 7.1, 6.3], ∫ϰ²/L>=[5.1, 7.6, 7.7], C-C-Sep=0.20, ║∇J║=4.0e-03
Iteration 304/2000-----
currents: [100000.0, 99999.99999772676, 99999.9999970552]
J=3.6e-04, ⟨Jf⟩=3.3e-04, ⟨B·n⟩=4.2e-03, Len=sum([5.2, 5.2, 4.9])=15.4, ϰ=[5.0, 7.1, 6.3], ∫ϰ²/L>=[5.1, 7.5, 7.7], C-C-Sep=0.20, ║∇J║=3.8e-03
Iteration 305/2000-----
currents: [100000.0, 99999.99999772204, 99999.99999704721]
J=3.6e-04, ⟨Jf⟩=3.3e-04, ⟨B·n⟩=4.2e-03, Len=sum([5.2, 5.2, 4.9])=15.4, ϰ=[5.0, 7.1, 6.4], ∫ϰ²/L>=[5.1, 7.5, 7.7], C-C-Sep=0.20, ║∇J║=3.7e-03
Iteration 306/2000-----
currents: [100000.0, 99999.99999771813, 99999.99999704045]
J=3.6e-04, ⟨Jf⟩=3.3e-04, ⟨B·n⟩=4.1e-03, Len=sum([5.2, 5.2, 4.9])=15.4, ϰ=[5.1, 7.1, 6.4], ∫ϰ²/L>=[5.1, 7.5, 7.7], C-C-Sep=0.20, ║∇J║=4.8e-03
Iteration 307/2000-----
currents: [100000.0, 99999.99999771664, 99999.99999703822]
J=3.6e-04, ⟨Jf⟩=3.3e-04, ⟨B·n⟩=4.1e-03, Len=sum([5.2, 5.2, 4.9])=15.4, ϰ=[5.0, 7.1, 6.4], ∫ϰ²/L>=[5.1, 7.5, 7.7], C-C-Sep=0.20, ║∇J║=3.1e-03
Iteration 308/2000-----
currents: [100000.0, 99999.99999771366, 99999.99999703355]
J=3.6e-04, ⟨Jf⟩=3.3e-04, ⟨B·n⟩=4.1e-03, Len=sum([5.2, 5.2, 4.9])=15.4, ϰ=[5.1, 7.1, 6.5], ∫ϰ²/L>=[5.1, 7.5, 7.7], C-C-Sep=0.20, ║∇J║=2.8e-03
Iteration 309/2000-----
currents: [100000.0, 99999.9999977112, 99999.9999970298]
J=3.6e-04, ⟨Jf⟩=3.3e-04, ⟨B·n⟩=4.1e-03, Len=sum([5.2, 5.2, 4.9])=15.4, ϰ=[5.1, 7.1, 6.5], ∫ϰ²/L>=[5.1, 7.5, 7.7], C-C-Sep=0.20, ║∇J║=3.0e-03
Iteration 310/2000-----
currents: [100000.0, 99999.99999770419, 99999.99999701853]
J=3.6e-04, ⟨Jf⟩=3.3e-04, ⟨B·n⟩=4.1e-03, Len=sum([5.2, 5.2, 4.9])=15.4, ϰ=[5.2, 7.1, 6.6], ∫ϰ²/L>=[5.1, 7.5, 7.7], C-C-Sep=0.20, ║∇J║=4.2e-03
Iteration 311/2000-----
currents: [100000.0, 99999.99999769666, 99999.99999700626]
J=3.6e-04, ⟨Jf⟩=3.3e-04, ⟨B·n⟩=4.1e-03, Len=sum([5.2, 5.2, 4.9])=15.4, ϰ=[5.3, 7.1, 6.6], ∫ϰ²/L>=[5.1, 7.5, 7.7], C-C-Sep=0.20, ║∇J║=3.8e-03
Iteration 312/2000-----
currents: [100000.0, 99999.999997691, 99999.99999699683]
J=3.6e-04, ⟨Jf⟩=3.3e-04, ⟨B·n⟩=4.1e-03, Len=sum([5.2, 5.2, 4.9])=15.4, ϰ=[5.3, 7.1, 6.5], ∫ϰ²/L>=[5.1, 7.5, 7.6], C-C-Sep=0.20, ║∇J║=3.9e-03
Iteration 313/2000-----
currents: [100000.0, 99999.99999768502, 99999.99999698663]
J=3.6e-04, ⟨Jf⟩=3.3e-04, ⟨B·n⟩=4.1e-03, Len=sum([5.2, 5.2, 4.9])=15.4, ϰ=[5.4, 7.0, 6.4], ∫ϰ²/L>=[5.1, 7.5, 7.7], C-C-Sep=0.20, ║∇J║=3.6e-03
Iteration 314/2000-----
currents: [100000.0, 99999.9999976849, 99999.99999698598]
J=3.6e-04, ⟨Jf⟩=3.3e-04, ⟨B·n⟩=4.1e-03, Len=sum([5.2, 5.2, 4.9])=15.4, ϰ=[5.4, 7.0, 6.2], ∫ϰ²/L>=[5.1, 7.5, 7.6], C-C-Sep=0.20, ║∇J║=3.5e-03
Iteration 315/2000-----
currents: [100000.0, 99999.99999768418, 99999.99999698444]
J=3.6e-04, ⟨Jf⟩=3.3e-04, ⟨B·n⟩=4.1e-03, Len=sum([5.2, 5.2, 4.9])=15.4, ϰ=[5.4, 7.0, 6.2], ∫ϰ²/L>=[5.1, 7.5, 7.6], C-C-Sep=0.20, ║∇J║=3.1e-03
Iteration 316/2000-----
currents: [100000.0, 99999.9999976813, 99999.9999969793]
J=3.6e-04, ⟨Jf⟩=3.3e-04, ⟨B·n⟩=4.1e-03, Len=sum([5.2, 5.2, 4.9])=15.4, ϰ=[5.4, 6.9, 6.2], ∫ϰ²/L>=[5.1, 7.5, 7.6], C-C-Sep=0.20, ║∇J║=3.0e-03
Iteration 317/2000-----
currents: [100000.0, 99999.99999767928, 99999.99999697604]
J=3.6e-04, ⟨Jf⟩=3.3e-04, ⟨B·n⟩=4.1e-03, Len=sum([5.2, 5.2, 4.9])=15.4, ϰ=[5.4, 7.0, 6.2], ∫ϰ²/L>=[5.1, 7.5, 7.6], C-C-Sep=0.20, ║∇J║=3.1e-03
Iteration 318/2000-----
currents: [100000.0, 99999.99999767254, 99999.99999696483]
J=3.6e-04, ⟨Jf⟩=3.3e-04, ⟨B·n⟩=4.1e-03, Len=sum([5.2, 5.2, 4.9])=15.4, ϰ=[5.4, 7.0, 6.2], ∫ϰ²/L>=[5.1, 7.5, 7.6], C-C-Sep=0.20, ║∇J║=3.3e-03
Iteration 319/2000-----
currents: [100000.0, 99999.99999766974, 99999.99999696083]
J=3.6e-04, ⟨Jf⟩=3.3e-04, ⟨B·n⟩=4.1e-03, Len=sum([5.2, 5.2, 4.9])=15.4, ϰ=[5.5, 7.0, 6.2], ∫ϰ²/L>=[5.1, 7.5, 7.6], C-C-Sep=0.20, ║∇J║=3.7e-03
Iteration 320/2000-----
currents: [100000.0, 99999.99999766257, 99999.99999694916]
J=3.6e-04, ⟨Jf⟩=3.3e-04, ⟨B·n⟩=4.1e-03, Len=sum([5.2, 5.2, 4.9])=15.4, ϰ=[5.5, 7.0, 6.1], ∫ϰ²/L>=[5.1, 7.5, 7.6], C-C-Sep=0.20, ║∇J║=3.3e-03
Iteration 321/2000-----
currents: [100000.0, 99999.99999765914, 99999.9999969437]
J=3.6e-04, ⟨Jf⟩=3.3e-04, ⟨B·n⟩=4.1e-03, Len=sum([5.2, 5.2, 4.9])=15.4, ϰ=[5.5, 7.0, 6.0], ∫ϰ²/L>=[5.1, 7.5, 7.6], C-C-Sep=0.20, ║∇J║=2.8e-03
Iteration 322/2000-----
currents: [100000.0, 99999.99999765582, 99999.99999693823]
J=3.6e-04, ⟨Jf⟩=3.3e-04, ⟨B·n⟩=4.1e-03, Len=sum([5.2, 5.2, 4.9])=15.4, ϰ=[5.5, 7.0, 6.0], ∫ϰ²/L>=[5.0, 7.5, 7.6], C-C-Sep=0.20, ║∇J║=2.9e-03
Iteration 323/2000-----
currents: [100000.0, 99999.99999765107, 99999.99999693026]
J=3.6e-04, ⟨Jf⟩=3.3e-04, ⟨B·n⟩=4.1e-03, Len=sum([5.2, 5.2, 4.9])=15.4, ϰ=[5.5, 6.9, 6.0], ∫ϰ²/L>=[5.0, 7.5, 7.6], C-C-Sep=0.20, ║∇J║=3.5e-03
Iteration 324/2000-----
currents: [100000.0, 99999.99999764794, 99999.99999692486]
J=3.6e-04, ⟨Jf⟩=3.2e-04, ⟨B·n⟩=4.1e-03, Len=sum([5.2, 5.2, 4.9])=15.4, ϰ=[5.5, 6.8, 6.0], ∫ϰ²/L>=[5.0, 7.5, 7.6], C-C-Sep=0.20, ║∇J║=3.1e-03
Iteration 325/2000-----
currents: [100000.0, 99999.99999764537, 99999.99999692052]
J=3.6e-04, ⟨Jf⟩=3.2e-04, ⟨B·n⟩=4.1e-03, Len=sum([5.2, 5.2, 4.9])=15.4, ϰ=[5.5, 6.8, 6.1], ∫ϰ²/L>=[5.0, 7.5, 7.6], C-C-Sep=0.20, ║∇J║=2.8e-03
Iteration 326/2000-----
currents: [100000.0, 99999.99999764189, 99999.99999691476]
J=3.6e-04, ⟨Jf⟩=3.2e-04, ⟨B·n⟩=4.1e-03, Len=sum([5.2, 5.2, 4.9])=15.4, ϰ=[5.4, 6.8, 6.1], ∫ϰ²/L>=[5.0, 7.4, 7.6], C-C-Sep=0.20, ║∇J║=3.0e-03
Iteration 327/2000-----
currents: [100000.0, 99999.99999763943, 99999.99999691079]
J=3.5e-04, ⟨Jf⟩=3.2e-04, ⟨B·n⟩=4.1e-03, Len=sum([5.2, 5.2, 4.9])=15.4, ϰ=[5.4, 6.8, 6.0], ∫ϰ²/L>=[5.0, 7.4, 7.6], C-C-Sep=0.20, ║∇J║=2.4e-03
Iteration 328/2000-----
currents: [100000.0, 99999.99999763699, 99999.99999690705]
J=3.5e-04, ⟨Jf⟩=3.2e-04, ⟨B·n⟩=4.1e-03, Len=sum([5.2, 5.2, 4.9])=15.4, ϰ=[5.4, 6.7, 5.9], ∫ϰ²/L>=[5.0, 7.4, 7.6], C-C-Sep=0.20, ║∇J║=2.6e-03
Iteration 329/2000-----
currents: [100000.0, 99999.99999763268, 99999.99999690012]
J=3.5e-04, ⟨Jf⟩=3.2e-04, ⟨B·n⟩=4.1e-03, Len=sum([5.2, 5.2, 4.9])=15.4, ϰ=[5.4, 6.7, 5.8], ∫ϰ²/L>=[5.0, 7.4, 7.6], C-C-Sep=0.20, ║∇J║=2.5e-03
Iteration 330/2000-----
currents: [100000.0, 99999.9999976308, 99999.99999689737]
J=3.5e-04, ⟨Jf⟩=3.2e-04, ⟨B·n⟩=4.1e-03, Len=sum([5.2, 5.2, 4.9])=15.4, ϰ=[5.5, 6.7, 5.7], ∫ϰ²/L>=[5.0, 7.4, 7.6], C-C-Sep=0.20, ║∇J║=2.6e-03
Iteration 331/2000-----
currents: [100000.0, 99999.99999762671, 99999.99999689077]
J=3.5e-04, ⟨Jf⟩=3.2e-04, ⟨B·n⟩=4.1e-03, Len=sum([5.2, 5.2, 4.9])=15.4, ϰ=[5.5, 6.7, 5.7], ∫ϰ²/L>=[5.0, 7.4, 7.6], C-C-Sep=0.20, ║∇J║=2.3e-03
Iteration 332/2000-----
currents: [100000.0, 99999.99999762524, 99999.99999688848]
J=3.5e-04, ⟨Jf⟩=3.2e-04, ⟨B·n⟩=4.1e-03, Len=sum([5.2, 5.2, 4.9])=15.4, ϰ=[5.5, 6.7, 5.6], ∫ϰ²/L>=[5.0, 7.4, 7.6], C-C-Sep=0.20, ║∇J║=2.6e-03
Iteration 333/2000-----
currents: [100000.0, 99999.99999762238, 99999.99999688375]
J=3.5e-04, ⟨Jf⟩=3.2e-04, ⟨B·n⟩=4.1e-03, Len=sum([5.2, 5.2, 4.9])=15.4, ϰ=[5.5, 6.7, 5.6], ∫ϰ²/L>=[5.0, 7.4, 7.6], C-C-Sep=0.20, ║∇J║=2.2e-03
Iteration 334/2000-----
currents: [100000.0, 99999.99999761996, 99999.9999968798]
J=3.5e-04, ⟨Jf⟩=3.2e-04, ⟨B·n⟩=4.1e-03, Len=sum([5.2, 5.2, 4.9])=15.4, ϰ=[5.5, 6.8, 5.7], ∫ϰ²/L>=[5.0, 7.4, 7.6], C-C-Sep=0.20, ║∇J║=2.6e-03
Iteration 335/2000-----
currents: [100000.0, 99999.99999761563, 99999.99999687253]
J=3.5e-04, ⟨Jf⟩=3.2e-04, ⟨B·n⟩=4.1e-03, Len=sum([5.2, 5.2, 4.9])=15.4, ϰ=[5.4, 6.8, 5.7], ∫ϰ²/L>=[5.0, 7.4, 7.6], C-C-Sep=0.20, ║∇J║=2.9e-03
Iteration 336/2000-----
currents: [100000.0, 99999.9999976128, 99999.9999968678]
J=3.5e-04, ⟨Jf⟩=3.2e-04, ⟨B·n⟩=4.1e-03, Len=sum([5.2, 5.2, 4.9])=15.4, ϰ=[5.3, 6.8, 5.7], ∫ϰ²/L>=[5.0, 7.4, 7.6], C-C-Sep=0.20, ║∇J║=2.2e-03
Iteration 337/2000-----
currents: [100000.0, 99999.99999760973, 99999.99999686258]
J=3.5e-04, ⟨Jf⟩=3.2e-04, ⟨B·n⟩=4.1e-03, Len=sum([5.2, 5.2, 4.9])=15.4, ϰ=[5.2, 6.8, 5.7], ∫ϰ²/L>=[5.0, 7.4, 7.6], C-C-Sep=0.20, ║∇J║=1.9e-03
Iteration 338/2000-----
currents: [100000.0, 99999.99999760564, 99999.99999685581]
J=3.5e-04, ⟨Jf⟩=3.2e-04, ⟨B·n⟩=4.1e-03, Len=sum([5.2, 5.2, 4.9])=15.4, ϰ=[5.2, 6.8, 5.7], ∫ϰ²/L>=[5.0, 7.4, 7.6], C-C-Sep=0.20, ║∇J║=3.3e-03
Iteration 339/2000-----
currents: [100000.0, 99999.99999760337, 99999.99999685204]
J=3.5e-04, ⟨Jf⟩=3.2e-04, ⟨B·n⟩=4.1e-03, Len=sum([5.2, 5.2, 4.9])=15.4, ϰ=[5.2, 6.8, 5.7], ∫ϰ²/L>=[5.0, 7.4, 7.6], C-C-Sep=0.20, ║∇J║=2.2e-03
Iteration 340/2000-----
currents: [100000.0, 99999.99999759899, 99999.99999684498]
J=3.5e-04, ⟨Jf⟩=3.2e-04, ⟨B·n⟩=4.1e-03, Len=sum([5.2, 5.2, 4.9])=15.4, ϰ=[5.3, 6.8, 5.7], ∫ϰ²/L>=[5.0, 7.4, 7.6], C-C-Sep=0.20, ║∇J║=2.0e-03
Iteration 341/2000-----
currents: [100000.0, 99999.99999759508, 99999.9999968388]
J=3.5e-04, ⟨Jf⟩=3.2e-04, ⟨B·n⟩=4.1e-03, Len=sum([5.2, 5.2, 4.9])=15.4, ϰ=[5.3, 6.8, 5.7], ∫ϰ²/L>=[5.0, 7.4, 7.6], C-C-Sep=0.20, ║∇J║=2.3e-03
Iteration 342/2000-----
currents: [100000.0, 99999.99999758828, 99999.99999682805]
J=3.5e-04, ⟨Jf⟩=3.2e-04, ⟨B·n⟩=4.1e-03, Len=sum([5.2, 5.2, 4.9])=15.4, ϰ=[5.3, 6.9, 5.7], ∫ϰ²/L>=[4.9, 7.4, 7.7], C-C-Sep=0.20, ║∇J║=2.2e-03
Iteration 343/2000-----
currents: [100000.0, 99999.99999758463, 99999.99999682218]
J=3.5e-04, ⟨Jf⟩=3.2e-04, ⟨B·n⟩=4.1e-03, Len=sum([5.2, 5.2, 4.9])=15.4, ϰ=[5.3, 6.9, 5.7], ∫ϰ²/L>=[5.0, 7.3, 7.7], C-C-Sep=0.20, ║∇J║=2.1e-03
Iteration 344/2000-----
currents: [100000.0, 99999.99999758093, 99999.99999681629]
J=3.5e-04, ⟨Jf⟩=3.2e-04, ⟨B·n⟩=4.1e-03, Len=sum([5.2, 5.2, 4.9])=15.4, ϰ=[5.3, 6.9, 5.7], ∫ϰ²/L>=[5.0, 7.3, 7.7], C-C-Sep=0.20, ║∇J║=2.0e-03
Iteration 345/2000-----
currents: [100000.0, 99999.99999757808, 99999.99999681149]
J=3.5e-04, ⟨Jf⟩=3.2e-04, ⟨B·n⟩=4.1e-03, Len=sum([5.2, 5.2, 4.9])=15.4, ϰ=[5.3, 6.9, 5.7], ∫ϰ²/L>=[5.0, 7.3, 7.7], C-C-Sep=0.20, ║∇J║=2.5e-03
Iteration 346/2000-----
currents: [100000.0, 99999.9999975757, 99999.99999680748]
J=3.5e-04, ⟨Jf⟩=3.2e-04, ⟨B·n⟩=4.1e-03, Len=sum([5.2, 5.2, 4.9])=15.4, ϰ=[5.3, 6.9, 5.7], ∫ϰ²/L>=[4.9, 7.3, 7.7], C-C-Sep=0.20, ║∇J║=2.0e-03
Iteration 347/2000-----
currents: [100000.0, 99999.99999757214, 99999.99999680145]
J=3.5e-04, ⟨Jf⟩=3.2e-04, ⟨B·n⟩=4.1e-03, Len=sum([5.2, 5.2, 4.9])=15.4, ϰ=[5.2, 6.9, 5.7], ∫ϰ²/L>=[4.9, 7.3, 7.7], C-C-Sep=0.20, ║∇J║=1.8e-03
Iteration 348/2000-----
currents: [100000.0, 99999.99999756773, 99999.99999679411]
J=3.5e-04, ⟨Jf⟩=3.2e-04, ⟨B·n⟩=4.1e-03, Len=sum([5.2, 5.2, 4.9])=15.4, ϰ=[5.2, 6.9, 5.7], ∫ϰ²/L>=[4.9, 7.3, 7.7], C-C-Sep=0.20, ║∇J║=1.8e-03
Iteration 349/2000-----
currents: [100000.0, 99999.99999756442, 99999.99999678865]
J=3.5e-04, ⟨Jf⟩=3.2e-04, ⟨B·n⟩=4.1e-03, Len=sum([5.2, 5.2, 4.9])=15.4, ϰ=[5.2, 6.9, 5.7], ∫ϰ²/L>=[4.9, 7.3, 7.7], C-C-Sep=0.20, ║∇J║=1.9e-03
Iteration 350/2000-----
currents: [100000.0, 99999.9999975583, 99999.99999677864]
J=3.5e-04, ⟨Jf⟩=3.2e-04, ⟨B·n⟩=4.1e-03, Len=sum([5.2, 5.2, 4.9])=15.4, ϰ=[5.3, 6.9, 5.7], ∫ϰ²/L>=[4.9, 7.3, 7.7], C-C-Sep=0.20, ║∇J║=2.1e-03
Iteration 351/2000-----
currents: [100000.0, 99999.99999755344, 99999.99999677073]
J=3.5e-04, ⟨Jf⟩=3.2e-04, ⟨B·n⟩=4.1e-03, Len=sum([5.2, 5.2, 4.9])=15.4, ϰ=[5.3, 6.9, 5.6], ∫ϰ²/L>=[4.9, 7.3, 7.8], C-C-Sep=0.20, ║∇J║=2.7e-03
Iteration 352/2000-----
currents: [100000.0, 99999.99999754579, 99999.99999675821]
J=3.5e-04, ⟨Jf⟩=3.2e-04, ⟨B·n⟩=4.1e-03, Len=sum([5.2, 5.2, 4.9])=15.4, ϰ=[5.4, 6.9, 5.6], ∫ϰ²/L>=[4.9, 7.3, 7.8], C-C-Sep=0.20, ║∇J║=2.9e-03
Iteration 353/2000-----
currents: [100000.0, 99999.9999975445, 99999.99999675607]
J=3.5e-04, ⟨Jf⟩=3.2e-04, ⟨B·n⟩=4.1e-03, Len=sum([5.2, 5.2, 4.9])=15.4, ϰ=[5.4, 6.9, 5.6], ∫ϰ²/L>=[4.9, 7.3, 7.8], C-C-Sep=0.20, ║∇J║=1.8e-03
Iteration 354/2000-----
currents: [100000.0, 99999.99999754356, 99999.99999675446]
J=3.5e-04, ⟨Jf⟩=3.2e-04, ⟨B·n⟩=4.1e-03, Len=sum([5.2, 5.2, 4.9])=15.4, ϰ=[5.4, 6.9, 5.7], ∫ϰ²/L>=[4.9, 7.3, 7.8], C-C-Sep=0.20, ║∇J║=1.6e-03
Iteration 355/2000-----
currents: [100000.0, 99999.99999754237, 99999.99999675242]
J=3.5e-04, ⟨Jf⟩=3.2e-04, ⟨B·n⟩=4.1e-03, Len=sum([5.2, 5.2, 4.9])=15.4, ϰ=[5.4, 6.9, 5.7], ∫ϰ²/L>=[5.0, 7.3, 7.8], C-C-Sep=0.20, ║∇J║=1.6e-03
Iteration 356/2000-----
currents: [100000.0, 99999.99999753879, 99999.99999674637]
J=3.5e-04, ⟨Jf⟩=3.2e-04, ⟨B·n⟩=4.1e-03, Len=sum([5.2, 5.2, 4.9])=15.4, ϰ=[5.4, 6.9, 5.7], ∫ϰ²/L>=[5.0, 7.3, 7.8], C-C-Sep=0.20, ║∇J║=1.7e-03
Iteration 357/2000-----
currents: [100000.0, 99999.99999753358, 99999.99999673775]
J=3.5e-04, ⟨Jf⟩=3.2e-04, ⟨B·n⟩=4.1e-03, Len=sum([5.2, 5.2, 4.9])=15.4, ϰ=[5.4, 6.8, 5.7], ∫ϰ²/L>=[5.0, 7.3, 7.8], C-C-Sep=0.20, ║∇J║=2.1e-03
Iteration 358/2000-----
currents: [100000.0, 99999.99999752706, 99999.99999672704]
J=3.5e-04, ⟨Jf⟩=3.2e-04, ⟨B·n⟩=4.1e-03, Len=sum([5.2, 5.2, 4.9])=15.4, ϰ=[5.4, 6.8, 5.7], ∫ϰ²/L>=[5.0, 7.3, 7.9], C-C-Sep=0.20, ║∇J║=1.7e-03
Iteration 359/2000-----
currents: [100000.0, 99999.99999752133, 99999.99999671777]
J=3.5e-04, ⟨Jf⟩=3.2e-04, ⟨B·n⟩=4.1e-03, Len=sum([5.2, 5.2, 4.9])=15.4, ϰ=[5.4, 6.8, 5.6], ∫ϰ²/L>=[5.0, 7.3, 7.9], C-C-Sep=0.20, ║∇J║=1.7e-03
Iteration 360/2000-----
currents: [100000.0, 99999.99999751539, 99999.99999670823]
J=3.5e-04, ⟨Jf⟩=3.2e-04, ⟨B·n⟩=4.1e-03, Len=sum([5.2, 5.2, 4.9])=15.4, ϰ=[5.5, 6.8, 5.6], ∫ϰ²/L>=[5.0, 7.3, 7.9], C-C-Sep=0.20, ║∇J║=1.8e-03
Iteration 361/2000-----
currents: [100000.0, 99999.99999750964, 99999.99999669904]
J=3.5e-04, ⟨Jf⟩=3.2e-04, ⟨B·n⟩=4.1e-03, Len=sum([5.2, 5.2, 4.9])=15.4, ϰ=[5.5, 6.8, 5.6], ∫ϰ²/L>=[5.0, 7.3, 7.9], C-C-Sep=0.20, ║∇J║=2.1e-03
Iteration 362/2000-----
currents: [100000.0, 99999.99999750627, 99999.99999669353]
J=3.5e-04, ⟨Jf⟩=3.2e-04, ⟨B·n⟩=4.1e-03, Len=sum([5.2, 5.2, 4.9])=15.4, ϰ=[5.5, 6.8, 5.6], ∫ϰ²/L>=[4.9, 7.3, 7.9], C-C-Sep=0.20, ║∇J║=1.8e-03
Iteration 363/2000-----
currents: [100000.0, 99999.99999750085, 99999.99999668461]
J=3.5e-04, ⟨Jf⟩=3.2e-04, ⟨B·n⟩=4.1e-03, Len=sum([5.2, 5.2, 4.9])=15.4, ϰ=[5.5, 6.8, 5.7], ∫ϰ²/L>=[4.9, 7.3, 7.9], C-C-Sep=0.20, ║∇J║=1.8e-03
Iteration 364/2000-----
currents: [100000.0, 99999.99999749665, 99999.99999667752]
J=3.5e-04, ⟨Jf⟩=3.2e-04, ⟨B·n⟩=4.1e-03, Len=sum([5.2, 5.2, 4.9])=15.4, ϰ=[5.5, 6.8, 5.7], ∫ϰ²/L>=[5.0, 7.3, 7.9], C-C-Sep=0.20, ║∇J║=1.7e-03
Iteration 365/2000-----
currents: [100000.0, 99999.9999974923, 99999.99999667019]
J=3.5e-04, ⟨Jf⟩=3.2e-04, ⟨B·n⟩=4.1e-03, Len=sum([5.2, 5.2, 4.9])=15.4, ϰ=[5.5, 6.8, 5.7], ∫ϰ²/L>=[5.0, 7.3, 7.9], C-C-Sep=0.20, ║∇J║=1.7e-03
Iteration 366/2000-----
currents: [100000.0, 99999.99999748843, 99999.99999666364]
J=3.5e-04, ⟨Jf⟩=3.2e-04, ⟨B·n⟩=4.1e-03, Len=sum([5.2, 5.2, 4.9])=15.4, ϰ=[5.5, 6.7, 5.7], ∫ϰ²/L>=[5.0, 7.3, 7.9], C-C-Sep=0.20, ║∇J║=1.6e-03
Iteration 367/2000-----
currents: [100000.0, 99999.99999748441, 99999.99999665689]
J=3.5e-04, ⟨Jf⟩=3.2e-04, ⟨B·n⟩=4.1e-03, Len=sum([5.2, 5.2, 4.9])=15.4, ϰ=[5.6, 6.7, 5.7], ∫ϰ²/L>=[5.0, 7.2, 7.9], C-C-Sep=0.20, ║∇J║=1.7e-03
Iteration 368/2000-----
currents: [100000.0, 99999.99999747914, 99999.99999664805]
J=3.5e-04, ⟨Jf⟩=3.2e-04, ⟨B·n⟩=4.1e-03, Len=sum([5.2, 5.2, 4.9])=15.4, ϰ=[5.6, 6.8, 5.7], ∫ϰ²/L>=[4.9, 7.2, 7.9], C-C-Sep=0.20, ║∇J║=2.0e-03
Iteration 369/2000-----
currents: [100000.0, 99999.99999747243, 99999.99999663694]
J=3.5e-04, ⟨Jf⟩=3.2e-04, ⟨B·n⟩=4.1e-03, Len=sum([5.2, 5.2, 4.9])=15.4, ϰ=[5.6, 6.8, 5.7], ∫ϰ²/L>=[4.9, 7.2, 7.9], C-C-Sep=0.20, ║∇J║=1.8e-03
Iteration 370/2000-----
currents: [100000.0, 99999.99999746733, 99999.99999662852]
J=3.5e-04, ⟨Jf⟩=3.2e-04, ⟨B·n⟩=4.1e-03, Len=sum([5.2, 5.2, 4.9])=15.4, ϰ=[5.7, 6.8, 5.7], ∫ϰ²/L>=[4.9, 7.2, 7.9], C-C-Sep=0.20, ║∇J║=1.5e-03
Iteration 371/2000-----
currents: [100000.0, 99999.99999746376, 99999.99999662273]
J=3.5e-04, ⟨Jf⟩=3.2e-04, ⟨B·n⟩=4.1e-03, Len=sum([5.2, 5.2, 4.9])=15.4, ϰ=[5.7, 6.8, 5.8], ∫ϰ²/L>=[4.9, 7.2, 7.9], C-C-Sep=0.20, ║∇J║=1.4e-03
Iteration 372/2000-----
currents: [100000.0, 99999.99999745935, 99999.99999661562]
J=3.5e-04, ⟨Jf⟩=3.2e-04, ⟨B·n⟩=4.1e-03, Len=sum([5.2, 5.2, 4.9])=15.4, ϰ=[5.7, 6.8, 5.8], ∫ϰ²/L>=[4.9, 7.2, 7.9], C-C-Sep=0.20, ║∇J║=1.5e-03
Iteration 373/2000-----
currents: [100000.0, 99999.99999745355, 99999.9999966062]
J=3.5e-04, ⟨Jf⟩=3.2e-04, ⟨B·n⟩=4.1e-03, Len=sum([5.2, 5.2, 4.9])=15.4, ϰ=[5.7, 6.8, 5.8], ∫ϰ²/L>=[4.9, 7.2, 7.9], C-C-Sep=0.20, ║∇J║=1.8e-03
Iteration 374/2000-----
currents: [100000.0, 99999.99999744813, 99999.99999659743]
J=3.5e-04, ⟨Jf⟩=3.2e-04, ⟨B·n⟩=4.1e-03, Len=sum([5.2, 5.2, 4.9])=15.4, ϰ=[5.7, 6.9, 5.8], ∫ϰ²/L>=[4.9, 7.2, 7.9], C-C-Sep=0.20, ║∇J║=1.7e-03
Iteration 375/2000-----
currents: [100000.0, 99999.99999744605, 99999.99999659401]
J=3.5e-04, ⟨Jf⟩=3.2e-04, ⟨B·n⟩=4.1e-03, Len=sum([5.2, 5.2, 4.9])=15.4, ϰ=[5.7, 6.9, 5.8], ∫ϰ²/L>=[4.9, 7.2, 7.9], C-C-Sep=0.20, ║∇J║=1.1e-03
Iteration 376/2000-----
currents: [100000.0, 99999.9999974451, 99999.99999659244]
J=3.5e-04, ⟨Jf⟩=3.2e-04, ⟨B·n⟩=4.1e-03, Len=sum([5.2, 5.2, 4.9])=15.4, ϰ=[5.6, 6.9, 5.8], ∫ϰ²/L>=[4.9, 7.2, 7.9], C-C-Sep=0.20, ║∇J║=1.1e-03
Iteration 377/2000-----
currents: [100000.0, 99999.99999744304, 99999.99999658906]
J=3.5e-04, ⟨Jf⟩=3.2e-04, ⟨B·n⟩=4.1e-03, Len=sum([5.2, 5.2, 4.9])=15.4, ϰ=[5.6, 6.9, 5.8], ∫ϰ²/L>=[5.0, 7.2, 7.9], C-C-Sep=0.20, ║∇J║=1.2e-03
Iteration 378/2000-----
currents: [100000.0, 99999.99999743806, 99999.99999658098]
J=3.5e-04, ⟨Jf⟩=3.2e-04, ⟨B·n⟩=4.1e-03, Len=sum([5.2, 5.2, 4.9])=15.4, ϰ=[5.6, 6.9, 5.8], ∫ϰ²/L>=[5.0, 7.2, 7.9], C-C-Sep=0.20, ║∇J║=1.7e-03
Iteration 379/2000-----
currents: [100000.0, 99999.99999743288, 99999.9999965726]
J=3.5e-04, ⟨Jf⟩=3.2e-04, ⟨B·n⟩=4.1e-03, Len=sum([5.2, 5.2, 4.9])=15.4, ϰ=[5.6, 6.9, 5.8], ∫ϰ²/L>=[5.0, 7.2, 7.9], C-C-Sep=0.20, ║∇J║=1.3e-03
Iteration 380/2000-----
currents: [100000.0, 99999.99999742919, 99999.99999656668]
J=3.5e-04, ⟨Jf⟩=3.2e-04, ⟨B·n⟩=4.1e-03, Len=sum([5.2, 5.2, 4.9])=15.4, ϰ=[5.6, 6.9, 5.8], ∫ϰ²/L>=[5.0, 7.2, 7.9], C-C-Sep=0.20, ║∇J║=1.2e-03
Iteration 381/2000-----
currents: [100000.0, 99999.99999742625, 99999.999996562]
J=3.5e-04, ⟨Jf⟩=3.2e-04, ⟨B·n⟩=4.1e-03, Len=sum([5.2, 5.2, 4.9])=15.4, ϰ=[5.7, 6.8, 5.8], ∫ϰ²/L>=[4.9, 7.2, 7.9], C-C-Sep=0.20, ║∇J║=1.1e-03
Iteration 382/2000-----
currents: [100000.0, 99999.99999742315, 99999.99999655705]
J=3.5e-04, ⟨Jf⟩=3.2e-04, ⟨B·n⟩=4.1e-03, Len=sum([5.2, 5.2, 4.9])=15.4, ϰ=[5.7, 6.8, 5.8], ∫ϰ²/L>=[4.9, 7.2, 7.9], C-C-Sep=0.20, ║∇J║=1.3e-03
Iteration 383/2000-----
currents: [100000.0, 99999.99999741929, 99999.99999655082]
J=3.5e-04, ⟨Jf⟩=3.2e-04, ⟨B·n⟩=4.1e-03, Len=sum([5.2, 5.2, 4.9])=15.4, ϰ=[5.7, 6.8, 5.8], ∫ϰ²/L>=[5.0, 7.2, 7.9], C-C-Sep=0.20, ║∇J║=1.2e-03
Iteration 384/2000-----
currents: [100000.0, 99999.99999741485, 99999.99999654359]
J=3.5e-04, ⟨Jf⟩=3.2e-04, ⟨B·n⟩=4.1e-03, Len=sum([5.2, 5.2, 4.9])=15.4, ϰ=[5.7, 6.8, 5.8], ∫ϰ²/L>=[5.0, 7.2, 7.9], C-C-Sep=0.20, ║∇J║=1.2e-03
Iteration 385/2000-----
currents: [100000.0, 99999.99999741021, 99999.99999653596]
J=3.5e-04, ⟨Jf⟩=3.2e-04, ⟨B·n⟩=4.1e-03, Len=sum([5.2, 5.2, 4.9])=15.4, ϰ=[5.7, 6.8, 5.8], ∫ϰ²/L>=[5.0, 7.2, 7.9], C-C-Sep=0.20, ║∇J║=1.3e-03
Iteration 386/2000-----
currents: [100000.0, 99999.99999740778, 99999.99999653191]
J=3.5e-04, ⟨Jf⟩=3.2e-04, ⟨B·n⟩=4.1e-03, Len=sum([5.2, 5.2, 4.9])=15.4, ϰ=[5.7, 6.9, 5.8], ∫ϰ²/L>=[5.0, 7.2, 7.9], C-C-Sep=0.20, ║∇J║=8.5e-04
Iteration 387/2000-----
currents: [100000.0, 99999.99999740622, 99999.99999652934]
J=3.5e-04, ⟨Jf⟩=3.2e-04, ⟨B·n⟩=4.1e-03, Len=sum([5.2, 5.2, 4.9])=15.4, ϰ=[5.7, 6.9, 5.8], ∫ϰ²/L>=[5.0, 7.2, 7.9], C-C-Sep=0.20, ║∇J║=8.7e-04
Iteration 388/2000-----
currents: [100000.0, 99999.99999740368, 99999.99999652516]
J=3.5e-04, ⟨Jf⟩=3.2e-04, ⟨B·n⟩=4.1e-03, Len=sum([5.2, 5.2, 4.9])=15.4, ϰ=[5.7, 6.9, 5.8], ∫ϰ²/L>=[5.0, 7.2, 7.9], C-C-Sep=0.20, ║∇J║=9.0e-04
Iteration 389/2000-----
currents: [100000.0, 99999.99999740046, 99999.99999651997]
J=3.5e-04, ⟨Jf⟩=3.2e-04, ⟨B·n⟩=4.1e-03, Len=sum([5.2, 5.2, 4.9])=15.4, ϰ=[5.7, 6.9, 5.8], ∫ϰ²/L>=[5.0, 7.2, 7.9], C-C-Sep=0.20, ║∇J║=9.8e-04
Iteration 390/2000-----
currents: [100000.0, 99999.99999739685, 99999.99999651413]
J=3.5e-04, ⟨Jf⟩=3.2e-04, ⟨B·n⟩=4.1e-03, Len=sum([5.2, 5.2, 4.9])=15.4, ϰ=[5.6, 6.9, 5.8], ∫ϰ²/L>=[5.0, 7.2, 7.9], C-C-Sep=0.20, ║∇J║=9.1e-04
Iteration 391/2000-----
currents: [100000.0, 99999.9999973941, 99999.99999650972]
J=3.5e-04, ⟨Jf⟩=3.2e-04, ⟨B·n⟩=4.1e-03, Len=sum([5.2, 5.2, 4.9])=15.4, ϰ=[5.6, 6.8, 5.8], ∫ϰ²/L>=[5.0, 7.2, 7.9], C-C-Sep=0.20, ║∇J║=7.3e-04
Iteration 392/2000-----
currents: [100000.0, 99999.99999739225, 99999.9999965068]
J=3.5e-04, ⟨Jf⟩=3.2e-04, ⟨B·n⟩=4.1e-03, Len=sum([5.2, 5.2, 4.9])=15.4, ϰ=[5.6, 6.8, 5.8], ∫ϰ²/L>=[5.0, 7.2, 7.9], C-C-Sep=0.20, ║∇J║=8.0e-04
Iteration 393/2000-----
currents: [100000.0, 99999.9999973895, 99999.9999965024]
J=3.5e-04, ⟨Jf⟩=3.2e-04, ⟨B·n⟩=4.1e-03, Len=sum([5.2, 5.2, 4.9])=15.4, ϰ=[5.6, 6.8, 5.8], ∫ϰ²/L>=[5.0, 7.2, 7.9], C-C-Sep=0.20, ║∇J║=8.8e-04
Iteration 394/2000-----
currents: [100000.0, 99999.99999738611, 99999.99999649699]
J=3.5e-04, ⟨Jf⟩=3.2e-04, ⟨B·n⟩=4.1e-03, Len=sum([5.2, 5.2, 4.9])=15.4, ϰ=[5.6, 6.8, 5.8], ∫ϰ²/L>=[5.0, 7.2, 7.9], C-C-Sep=0.20, ║∇J║=9.6e-04
Iteration 395/2000-----
currents: [100000.0, 99999.99999738179, 99999.99999649005]
J=3.5e-04, ⟨Jf⟩=3.2e-04, ⟨B·n⟩=4.1e-03, Len=sum([5.2, 5.2, 4.9])=15.4, ϰ=[5.6, 6.8, 5.8], ∫ϰ²/L>=[5.0, 7.2, 7.9], C-C-Sep=0.20, ║∇J║=8.1e-04
Iteration 396/2000-----
currents: [100000.0, 99999.99999737945, 99999.99999648635]
J=3.5e-04, ⟨Jf⟩=3.2e-04, ⟨B·n⟩=4.1e-03, Len=sum([5.2, 5.2, 4.9])=15.4, ϰ=[5.6, 6.8, 5.8], ∫ϰ²/L>=[5.0, 7.2, 7.9], C-C-Sep=0.20, ║∇J║=7.2e-04
Iteration 397/2000-----
currents: [100000.0, 99999.99999737635, 99999.99999648148]
J=3.5e-04, ⟨Jf⟩=3.2e-04, ⟨B·n⟩=4.1e-03, Len=sum([5.2, 5.2, 4.9])=15.4, ϰ=[5.5, 6.8, 5.8], ∫ϰ²/L>=[5.0, 7.2, 7.9], C-C-Sep=0.20, ║∇J║=7.1e-04
Iteration 398/2000-----
currents: [100000.0, 99999.99999737307, 99999.99999647637]
J=3.5e-04, ⟨Jf⟩=3.2e-04, ⟨B·n⟩=4.1e-03, Len=sum([5.2, 5.2, 4.9])=15.4, ϰ=[5.5, 6.8, 5.8], ∫ϰ²/L>=[5.0, 7.2, 7.9], C-C-Sep=0.20, ║∇J║=8.0e-04
Iteration 399/2000-----
currents: [100000.0, 99999.99999736868, 99999.99999646953]
J=3.5e-04, ⟨Jf⟩=3.2e-04, ⟨B·n⟩=4.1e-03, Len=sum([5.2, 5.2, 4.9])=15.4, ϰ=[5.5, 6.8, 5.8], ∫ϰ²/L>=[5.0, 7.1, 7.9], C-C-Sep=0.20, ║∇J║=9.0e-04
Iteration 400/2000-----
currents: [100000.0, 99999.99999736658, 99999.99999646626]
J=3.5e-04, ⟨Jf⟩=3.2e-04, ⟨B·n⟩=4.1e-03, Len=sum([5.2, 5.2, 4.9])=15.4, ϰ=[5.5, 6.8, 5.8], ∫ϰ²/L>=[5.0, 7.1, 7.9], C-C-Sep=0.20, ║∇J║=6.1e-04
Iteration 401/2000-----
currents: [100000.0, 99999.9999973658, 99999.9999964651]
J=3.5e-04, ⟨Jf⟩=3.2e-04, ⟨B·n⟩=4.1e-03, Len=sum([5.2, 5.2, 4.9])=15.4, ϰ=[5.5, 6.8, 5.8], ∫ϰ²/L>=[5.0, 7.1, 7.9], C-C-Sep=0.20, ║∇J║=5.8e-04
Iteration 402/2000-----
currents: [100000.0, 99999.99999736407, 99999.9999964624]
J=3.5e-04, ⟨Jf⟩=3.2e-04, ⟨B·n⟩=4.1e-03, Len=sum([5.2, 5.2, 4.9])=15.4, ϰ=[5.5, 6.8, 5.8], ∫ϰ²/L>=[5.0, 7.1, 7.9], C-C-Sep=0.20, ║∇J║=6.6e-04
Iteration 403/2000-----
currents: [100000.0, 99999.99999736139, 99999.99999645828]
J=3.5e-04, ⟨Jf⟩=3.2e-04, ⟨B·n⟩=4.1e-03, Len=sum([5.2, 5.2, 4.9])=15.4, ϰ=[5.5, 6.8, 5.8], ∫ϰ²/L>=[5.0, 7.1, 7.9], C-C-Sep=0.20, ║∇J║=7.7e-04
Iteration 404/2000-----
currents: [100000.0, 99999.99999735657, 99999.9999964507]
J=3.5e-04, ⟨Jf⟩=3.2e-04, ⟨B·n⟩=4.1e-03, Len=sum([5.2, 5.2, 4.9])=15.4, ϰ=[5.5, 6.8, 5.8], ∫ϰ²/L>=[5.0, 7.1, 7.9], C-C-Sep=0.20, ║∇J║=7.1e-04
Iteration 405/2000-----
currents: [100000.0, 99999.99999735125, 99999.99999644232]
J=3.5e-04, ⟨Jf⟩=3.2e-04, ⟨B·n⟩=4.1e-03, Len=sum([5.2, 5.2, 4.9])=15.4, ϰ=[5.5, 6.8, 5.8], ∫ϰ²/L>=[5.0, 7.1, 7.9], C-C-Sep=0.20, ║∇J║=7.2e-04
Iteration 406/2000-----
currents: [100000.0, 99999.99999734527, 99999.99999643292]
J=3.5e-04, ⟨Jf⟩=3.2e-04, ⟨B·n⟩=4.1e-03, Len=sum([5.2, 5.2, 4.9])=15.4, ϰ=[5.5, 6.8, 5.8], ∫ϰ²/L>=[5.0, 7.1, 7.9], C-C-Sep=0.20, ║∇J║=7.5e-04
Iteration 407/2000-----
currents: [100000.0, 99999.99999734007, 99999.99999642475]
J=3.5e-04, ⟨Jf⟩=3.2e-04, ⟨B·n⟩=4.1e-03, Len=sum([5.2, 5.2, 4.9])=15.4, ϰ=[5.5, 6.8, 5.8], ∫ϰ²/L>=[5.0, 7.1, 8.0], C-C-Sep=0.20, ║∇J║=6.5e-04
Iteration 408/2000-----
currents: [100000.0, 99999.99999733744, 99999.99999642074]
J=3.5e-04, ⟨Jf⟩=3.2e-04, ⟨B·n⟩=4.1e-03, Len=sum([5.2, 5.2, 4.9])=15.4, ϰ=[5.5, 6.8, 5.7], ∫ϰ²/L>=[5.0, 7.1, 8.0], C-C-Sep=0.20, ║∇J║=5.5e-04
Iteration 409/2000-----
currents: [100000.0, 99999.99999733499, 99999.99999641707]
J=3.5e-04, ⟨Jf⟩=3.2e-04, ⟨B·n⟩=4.1e-03, Len=sum([5.2, 5.2, 4.9])=15.4, ϰ=[5.4, 6.8, 5.8], ∫ϰ²/L>=[5.0, 7.1, 8.0], C-C-Sep=0.20, ║∇J║=6.0e-04
Iteration 410/2000-----
currents: [100000.0, 99999.99999733317, 99999.99999641444]
J=3.5e-04, ⟨Jf⟩=3.2e-04, ⟨B·n⟩=4.1e-03, Len=sum([5.2, 5.2, 4.9])=15.4, ϰ=[5.4, 6.8, 5.8], ∫ϰ²/L>=[5.0, 7.1, 8.0], C-C-Sep=0.20, ║∇J║=7.4e-04
Iteration 411/2000-----
currents: [100000.0, 99999.99999733099, 99999.99999641116]
J=3.5e-04, ⟨Jf⟩=3.2e-04, ⟨B·n⟩=4.1e-03, Len=sum([5.2, 5.2, 4.9])=15.4, ϰ=[5.4, 6.8, 5.8], ∫ϰ²/L>=[5.0, 7.1, 8.0], C-C-Sep=0.20, ║∇J║=5.9e-04
Iteration 412/2000-----
currents: [100000.0, 99999.99999732873, 99999.99999640779]
J=3.5e-04, ⟨Jf⟩=3.2e-04, ⟨B·n⟩=4.1e-03, Len=sum([5.2, 5.2, 4.9])=15.4, ϰ=[5.4, 6.8, 5.8], ∫ϰ²/L>=[5.0, 7.1, 8.0], C-C-Sep=0.20, ║∇J║=5.1e-04
Iteration 413/2000-----
currents: [100000.0, 99999.99999732507, 99999.99999640205]
J=3.5e-04, ⟨Jf⟩=3.2e-04, ⟨B·n⟩=4.1e-03, Len=sum([5.2, 5.2, 4.9])=15.4, ϰ=[5.4, 6.8, 5.8], ∫ϰ²/L>=[5.0, 7.1, 8.0], C-C-Sep=0.20, ║∇J║=6.8e-04
Iteration 414/2000-----
currents: [100000.0, 99999.99999732166, 99999.99999639671]
J=3.5e-04, ⟨Jf⟩=3.2e-04, ⟨B·n⟩=4.1e-03, Len=sum([5.2, 5.2, 4.9])=15.4, ϰ=[5.5, 6.7, 5.8], ∫ϰ²/L>=[5.0, 7.1, 8.0], C-C-Sep=0.20, ║∇J║=7.9e-04
Iteration 415/2000-----
currents: [100000.0, 99999.99999731863, 99999.99999639185]
J=3.5e-04, ⟨Jf⟩=3.2e-04, ⟨B·n⟩=4.1e-03, Len=sum([5.2, 5.2, 4.9])=15.4, ϰ=[5.5, 6.7, 5.8], ∫ϰ²/L>=[5.0, 7.1, 8.0], C-C-Sep=0.20, ║∇J║=5.7e-04
Iteration 416/2000-----
currents: [100000.0, 99999.99999731578, 99999.99999638727]
J=3.5e-04, ⟨Jf⟩=3.2e-04, ⟨B·n⟩=4.1e-03, Len=sum([5.2, 5.2, 4.9])=15.4, ϰ=[5.5, 6.7, 5.8], ∫ϰ²/L>=[5.0, 7.1, 8.0], C-C-Sep=0.20, ║∇J║=5.5e-04
Iteration 417/2000-----
currents: [100000.0, 99999.99999731267, 99999.99999638235]
J=3.5e-04, ⟨Jf⟩=3.2e-04, ⟨B·n⟩=4.1e-03, Len=sum([5.2, 5.2, 4.9])=15.4, ϰ=[5.5, 6.7, 5.8], ∫ϰ²/L>=[5.0, 7.1, 8.0], C-C-Sep=0.20, ║∇J║=7.8e-04
Iteration 418/2000-----
currents: [100000.0, 99999.99999730768, 99999.99999637454]
J=3.5e-04, ⟨Jf⟩=3.2e-04, ⟨B·n⟩=4.1e-03, Len=sum([5.2, 5.2, 4.9])=15.4, ϰ=[5.5, 6.7, 5.8], ∫ϰ²/L>=[5.0, 7.1, 8.0], C-C-Sep=0.20, ║∇J║=6.8e-04
Iteration 419/2000-----
currents: [100000.0, 99999.99999730336, 99999.99999636787]
J=3.5e-04, ⟨Jf⟩=3.2e-04, ⟨B·n⟩=4.1e-03, Len=sum([5.2, 5.2, 4.9])=15.4, ϰ=[5.5, 6.7, 5.8], ∫ϰ²/L>=[5.0, 7.1, 8.0], C-C-Sep=0.20, ║∇J║=8.5e-04
Iteration 420/2000-----
currents: [100000.0, 99999.99999729962, 99999.99999636217]
J=3.5e-04, ⟨Jf⟩=3.2e-04, ⟨B·n⟩=4.1e-03, Len=sum([5.2, 5.2, 4.9])=15.4, ϰ=[5.5, 6.8, 5.8], ∫ϰ²/L>=[5.0, 7.1, 8.0], C-C-Sep=0.20, ║∇J║=6.4e-04
Iteration 421/2000-----
currents: [100000.0, 99999.9999972987, 99999.99999636084]
J=3.5e-04, ⟨Jf⟩=3.2e-04, ⟨B·n⟩=4.1e-03, Len=sum([5.2, 5.2, 4.9])=15.4, ϰ=[5.5, 6.8, 5.8], ∫ϰ²/L>=[5.0, 7.1, 8.0], C-C-Sep=0.20, ║∇J║=5.0e-04
Iteration 422/2000-----
currents: [100000.0, 99999.99999729815, 99999.99999636007]
J=3.5e-04, ⟨Jf⟩=3.2e-04, ⟨B·n⟩=4.1e-03, Len=sum([5.2, 5.2, 4.9])=15.4, ϰ=[5.5, 6.8, 5.8], ∫ϰ²/L>=[5.0, 7.1, 8.0], C-C-Sep=0.20, ║∇J║=5.1e-04
Iteration 423/2000-----
currents: [100000.0, 99999.99999729666, 99999.99999635786]
J=3.5e-04, ⟨Jf⟩=3.2e-04, ⟨B·n⟩=4.1e-03, Len=sum([5.2, 5.2, 4.9])=15.4, ϰ=[5.5, 6.8, 5.8], ∫ϰ²/L>=[5.0, 7.1, 8.0], C-C-Sep=0.20, ║∇J║=6.9e-04
Iteration 424/2000-----
currents: [100000.0, 99999.99999729512, 99999.99999635553]
J=3.5e-04, ⟨Jf⟩=3.2e-04, ⟨B·n⟩=4.1e-03, Len=sum([5.2, 5.2, 4.9])=15.4, ϰ=[5.5, 6.8, 5.8], ∫ϰ²/L>=[5.0, 7.1, 8.0], C-C-Sep=0.20, ║∇J║=5.3e-04
Iteration 425/2000-----
currents: [100000.0, 99999.99999729246, 99999.99999635147]
J=3.5e-04, ⟨Jf⟩=3.2e-04, ⟨B·n⟩=4.1e-03, Len=sum([5.2, 5.2, 4.9])=15.4, ϰ=[5.5, 6.8, 5.8], ∫ϰ²/L>=[5.0, 7.1, 8.0], C-C-Sep=0.20, ║∇J║=5.2e-04
Iteration 426/2000-----
currents: [100000.0, 99999.99999728918, 99999.99999634648]
J=3.5e-04, ⟨Jf⟩=3.2e-04, ⟨B·n⟩=4.1e-03, Len=sum([5.2, 5.2, 4.9])=15.4, ϰ=[5.5, 6.7, 5.8], ∫ϰ²/L>=[5.0, 7.1, 8.0], C-C-Sep=0.20, ║∇J║=5.3e-04
Iteration 427/2000-----
currents: [100000.0, 99999.9999972854, 99999.99999634072]
J=3.5e-04, ⟨Jf⟩=3.2e-04, ⟨B·n⟩=4.1e-03, Len=sum([5.2, 5.2, 4.9])=15.4, ϰ=[5.5, 6.7, 5.8], ∫ϰ²/L>=[5.0, 7.1, 8.0], C-C-Sep=0.20, ║∇J║=7.3e-04
Iteration 428/2000-----
currents: [100000.0, 99999.99999728287, 99999.99999633682]
J=3.5e-04, ⟨Jf⟩=3.2e-04, ⟨B·n⟩=4.1e-03, Len=sum([5.2, 5.2, 4.9])=15.4, ϰ=[5.5, 6.7, 5.8], ∫ϰ²/L>=[5.0, 7.1, 8.0], C-C-Sep=0.20, ║∇J║=4.4e-04
Iteration 429/2000-----
currents: [100000.0, 99999.99999728195, 99999.99999633542]
J=3.5e-04, ⟨Jf⟩=3.2e-04, ⟨B·n⟩=4.1e-03, Len=sum([5.2, 5.2, 4.9])=15.4, ϰ=[5.5, 6.7, 5.8], ∫ϰ²/L>=[5.0, 7.1, 8.0], C-C-Sep=0.20, ║∇J║=4.2e-04
Iteration 430/2000-----
currents: [100000.0, 99999.99999728004, 99999.99999633252]
J=3.5e-04, ⟨Jf⟩=3.2e-04, ⟨B·n⟩=4.1e-03, Len=sum([5.2, 5.2, 4.9])=15.4, ϰ=[5.5, 6.7, 5.8], ∫ϰ²/L>=[5.0, 7.1, 8.0], C-C-Sep=0.20, ║∇J║=5.0e-04
Iteration 431/2000-----
currents: [100000.0, 99999.99999727654, 99999.9999963272]
J=3.5e-04, ⟨Jf⟩=3.2e-04, ⟨B·n⟩=4.1e-03, Len=sum([5.2, 5.2, 4.9])=15.4, ϰ=[5.5, 6.7, 5.8], ∫ϰ²/L>=[5.0, 7.1, 8.0], C-C-Sep=0.20, ║∇J║=6.2e-04
Iteration 432/2000-----
currents: [100000.0, 99999.99999727248, 99999.99999632109]
J=3.5e-04, ⟨Jf⟩=3.2e-04, ⟨B·n⟩=4.1e-03, Len=sum([5.2, 5.2, 4.9])=15.4, ϰ=[5.5, 6.7, 5.8], ∫ϰ²/L>=[5.0, 7.1, 8.0], C-C-Sep=0.20, ║∇J║=5.6e-04
Iteration 433/2000-----
currents: [100000.0, 99999.99999727008, 99999.9999963175]
J=3.5e-04, ⟨Jf⟩=3.2e-04, ⟨B·n⟩=4.1e-03, Len=sum([5.2, 5.2, 4.9])=15.4, ϰ=[5.5, 6.7, 5.8], ∫ϰ²/L>=[5.0, 7.1, 8.0], C-C-Sep=0.20, ║∇J║=4.7e-04
Iteration 434/2000-----
currents: [100000.0, 99999.99999726942, 99999.99999631653]
J=3.5e-04, ⟨Jf⟩=3.2e-04, ⟨B·n⟩=4.1e-03, Len=sum([5.2, 5.2, 4.9])=15.4, ϰ=[5.5, 6.8, 5.8], ∫ϰ²/L>=[5.0, 7.1, 8.0], C-C-Sep=0.20, ║∇J║=3.5e-04
Iteration 435/2000-----
currents: [100000.0, 99999.99999726909, 99999.99999631608]
J=3.5e-04, ⟨Jf⟩=3.2e-04, ⟨B·n⟩=4.1e-03, Len=sum([5.2, 5.2, 4.9])=15.4, ϰ=[5.5, 6.8, 5.8], ∫ϰ²/L>=[5.0, 7.1, 8.0], C-C-Sep=0.20, ║∇J║=3.5e-04
Iteration 436/2000-----
currents: [100000.0, 99999.99999726741, 99999.99999631359]
J=3.5e-04, ⟨Jf⟩=3.2e-04, ⟨B·n⟩=4.1e-03, Len=sum([5.2, 5.2, 4.9])=15.4, ϰ=[5.5, 6.8, 5.8], ∫ϰ²/L>=[5.0, 7.1, 8.0], C-C-Sep=0.20, ║∇J║=4.6e-04
Iteration 437/2000-----
currents: [100000.0, 99999.99999726396, 99999.99999630843]
J=3.5e-04, ⟨Jf⟩=3.2e-04, ⟨B·n⟩=4.1e-03, Len=sum([5.2, 5.2, 4.9])=15.4, ϰ=[5.5, 6.8, 5.8], ∫ϰ²/L>=[5.0, 7.1, 8.0], C-C-Sep=0.20, ║∇J║=8.2e-04
Iteration 438/2000-----
currents: [100000.0, 99999.99999726248, 99999.99999630624]
J=3.5e-04, ⟨Jf⟩=3.2e-04, ⟨B·n⟩=4.1e-03, Len=sum([5.2, 5.2, 4.9])=15.4, ϰ=[5.5, 6.8, 5.8], ∫ϰ²/L>=[5.0, 7.1, 8.0], C-C-Sep=0.20, ║∇J║=4.2e-04
Iteration 439/2000-----
currents: [100000.0, 99999.99999726102, 99999.99999630399]
J=3.5e-04, ⟨Jf⟩=3.2e-04, ⟨B·n⟩=4.1e-03, Len=sum([5.2, 5.2, 4.9])=15.4, ϰ=[5.5, 6.8, 5.8], ∫ϰ²/L>=[5.0, 7.1, 8.0], C-C-Sep=0.20, ║∇J║=3.6e-04
Iteration 440/2000-----
currents: [100000.0, 99999.99999725979, 99999.99999630211]
J=3.5e-04, ⟨Jf⟩=3.2e-04, ⟨B·n⟩=4.1e-03, Len=sum([5.2, 5.2, 4.9])=15.4, ϰ=[5.5, 6.8, 5.8], ∫ϰ²/L>=[5.0, 7.1, 8.0], C-C-Sep=0.20, ║∇J║=2.9e-04
Iteration 441/2000-----
currents: [100000.0, 99999.99999725806, 99999.99999629948]
J=3.5e-04, ⟨Jf⟩=3.2e-04, ⟨B·n⟩=4.1e-03, Len=sum([5.2, 5.2, 4.9])=15.4, ϰ=[5.5, 6.8, 5.8], ∫ϰ²/L>=[5.0, 7.1, 8.0], C-C-Sep=0.20, ║∇J║=2.8e-04
Iteration 442/2000-----
currents: [100000.0, 99999.99999725593, 99999.99999629629]
J=3.5e-04, ⟨Jf⟩=3.2e-04, ⟨B·n⟩=4.1e-03, Len=sum([5.2, 5.2, 4.9])=15.4, ϰ=[5.5, 6.8, 5.8], ∫ϰ²/L>=[5.0, 7.1, 8.0], C-C-Sep=0.20, ║∇J║=3.5e-04
Iteration 443/2000-----
currents: [100000.0, 99999.99999725363, 99999.99999629286]
J=3.5e-04, ⟨Jf⟩=3.2e-04, ⟨B·n⟩=4.1e-03, Len=sum([5.2, 5.2, 4.9])=15.4, ϰ=[5.5, 6.8, 5.8], ∫ϰ²/L>=[5.0, 7.1, 8.0], C-C-Sep=0.20, ║∇J║=5.1e-04
Iteration 444/2000-----
currents: [100000.0, 99999.99999725213, 99999.99999629061]
J=3.5e-04, ⟨Jf⟩=3.2e-04, ⟨B·n⟩=4.1e-03, Len=sum([5.2, 5.2, 4.9])=15.4, ϰ=[5.5, 6.8, 5.8], ∫ϰ²/L>=[5.0, 7.1, 8.0], C-C-Sep=0.20, ║∇J║=3.4e-04
Iteration 445/2000-----
currents: [100000.0, 99999.9999972509, 99999.99999628877]
J=3.5e-04, ⟨Jf⟩=3.2e-04, ⟨B·n⟩=4.1e-03, Len=sum([5.2, 5.2, 4.9])=15.4, ϰ=[5.5, 6.8, 5.8], ∫ϰ²/L>=[5.0, 7.1, 8.0], C-C-Sep=0.20, ║∇J║=2.8e-04
Iteration 446/2000-----
currents: [100000.0, 99999.99999724957, 99999.99999628677]
J=3.5e-04, ⟨Jf⟩=3.2e-04, ⟨B·n⟩=4.2e-03, Len=sum([5.2, 5.2, 4.9])=15.4, ϰ=[5.5, 6.8, 5.8], ∫ϰ²/L>=[5.0, 7.1, 8.0], C-C-Sep=0.20, ║∇J║=2.7e-04
Iteration 447/2000-----
currents: [100000.0, 99999.99999724691, 99999.9999962827]
J=3.5e-04, ⟨Jf⟩=3.2e-04, ⟨B·n⟩=4.2e-03, Len=sum([5.2, 5.2, 4.9])=15.4, ϰ=[5.5, 6.7, 5.8], ∫ϰ²/L>=[5.0, 7.1, 8.0], C-C-Sep=0.20, ║∇J║=5.3e-04
Iteration 448/2000-----
currents: [100000.0, 99999.99999724615, 99999.99999628156]
J=3.5e-04, ⟨Jf⟩=3.2e-04, ⟨B·n⟩=4.2e-03, Len=sum([5.2, 5.2, 4.9])=15.4, ϰ=[5.5, 6.7, 5.8], ∫ϰ²/L>=[5.0, 7.1, 8.0], C-C-Sep=0.20, ║∇J║=2.3e-04
Iteration 449/2000-----
currents: [100000.0, 99999.99999724558, 99999.9999962807]
J=3.5e-04, ⟨Jf⟩=3.2e-04, ⟨B·n⟩=4.2e-03, Len=sum([5.2, 5.2, 4.9])=15.4, ϰ=[5.5, 6.7, 5.8], ∫ϰ²/L>=[5.0, 7.1, 8.0], C-C-Sep=0.20, ║∇J║=2.2e-04
Iteration 450/2000-----
currents: [100000.0, 99999.99999724443, 99999.99999627897]
J=3.5e-04, ⟨Jf⟩=3.2e-04, ⟨B·n⟩=4.2e-03, Len=sum([5.2, 5.2, 4.9])=15.4, ϰ=[5.5, 6.7, 5.8], ∫ϰ²/L>=[5.0, 7.1, 8.0], C-C-Sep=0.20, ║∇J║=2.7e-04
Iteration 451/2000-----
currents: [100000.0, 99999.99999724267, 99999.99999627634]
J=3.5e-04, ⟨Jf⟩=3.2e-04, ⟨B·n⟩=4.2e-03, Len=sum([5.2, 5.2, 4.9])=15.4, ϰ=[5.5, 6.7, 5.8], ∫ϰ²/L>=[5.0, 7.1, 8.0], C-C-Sep=0.20, ║∇J║=3.2e-04
Iteration 452/2000-----
currents: [100000.0, 99999.99999723937, 99999.99999627136]
J=3.5e-04, ⟨Jf⟩=3.2e-04, ⟨B·n⟩=4.2e-03, Len=sum([5.2, 5.2, 4.9])=15.4, ϰ=[5.5, 6.7, 5.8], ∫ϰ²/L>=[5.0, 7.1, 8.0], C-C-Sep=0.20, ║∇J║=3.4e-04
Iteration 453/2000-----
currents: [100000.0, 99999.99999723777, 99999.99999626899]
J=3.5e-04, ⟨Jf⟩=3.2e-04, ⟨B·n⟩=4.2e-03, Len=sum([5.2, 5.2, 4.9])=15.4, ϰ=[5.5, 6.7, 5.8], ∫ϰ²/L>=[5.0, 7.1, 8.0], C-C-Sep=0.20, ║∇J║=2.6e-04
Iteration 454/2000-----
currents: [100000.0, 99999.99999723645, 99999.99999626703]
J=3.5e-04, ⟨Jf⟩=3.2e-04, ⟨B·n⟩=4.2e-03, Len=sum([5.2, 5.2, 4.9])=15.4, ϰ=[5.5, 6.7, 5.8], ∫ϰ²/L>=[5.0, 7.1, 8.0], C-C-Sep=0.20, ║∇J║=2.4e-04
Iteration 455/2000-----
currents: [100000.0, 99999.99999723492, 99999.99999626476]
J=3.5e-04, ⟨Jf⟩=3.2e-04, ⟨B·n⟩=4.2e-03, Len=sum([5.2, 5.2, 4.9])=15.4, ϰ=[5.5, 6.7, 5.8], ∫ϰ²/L>=[5.0, 7.1, 8.0], C-C-Sep=0.20, ║∇J║=2.7e-04
Iteration 456/2000-----
currents: [100000.0, 99999.99999723268, 99999.99999626142]
J=3.5e-04, ⟨Jf⟩=3.2e-04, ⟨B·n⟩=4.2e-03, Len=sum([5.2, 5.2, 4.9])=15.4, ϰ=[5.5, 6.7, 5.8], ∫ϰ²/L>=[5.0, 7.1, 8.0], C-C-Sep=0.20, ║∇J║=3.7e-04
Iteration 457/2000-----
currents: [100000.0, 99999.99999723195, 99999.99999626035]
J=3.5e-04, ⟨Jf⟩=3.2e-04, ⟨B·n⟩=4.2e-03, Len=sum([5.2, 5.2, 4.9])=15.4, ϰ=[5.5, 6.7, 5.8], ∫ϰ²/L>=[5.0, 7.1, 8.0], C-C-Sep=0.20, ║∇J║=1.9e-04
Iteration 458/2000-----
currents: [100000.0, 99999.99999723103, 99999.99999625895]
J=3.5e-04, ⟨Jf⟩=3.2e-04, ⟨B·n⟩=4.2e-03, Len=sum([5.2, 5.2, 4.9])=15.4, ϰ=[5.5, 6.7, 5.8], ∫ϰ²/L>=[5.0, 7.1, 8.0], C-C-Sep=0.20, ║∇J║=1.9e-04
Iteration 459/2000-----
currents: [100000.0, 99999.99999722988, 99999.9999962572]
J=3.5e-04, ⟨Jf⟩=3.2e-04, ⟨B·n⟩=4.2e-03, Len=sum([5.2, 5.2, 4.9])=15.4, ϰ=[5.5, 6.7, 5.8], ∫ϰ²/L>=[5.0, 7.1, 8.0], C-C-Sep=0.20, ║∇J║=2.4e-04
Iteration 460/2000-----
currents: [100000.0, 99999.9999972277, 99999.99999625389]
J=3.5e-04, ⟨Jf⟩=3.2e-04, ⟨B·n⟩=4.2e-03, Len=sum([5.2, 5.2, 4.9])=15.4, ϰ=[5.5, 6.7, 5.8], ∫ϰ²/L>=[5.0, 7.1, 8.0], C-C-Sep=0.20, ║∇J║=3.1e-04
Iteration 461/2000-----
currents: [100000.0, 99999.9999972262, 99999.99999625159]
J=3.5e-04, ⟨Jf⟩=3.2e-04, ⟨B·n⟩=4.2e-03, Len=sum([5.2, 5.2, 4.9])=15.4, ϰ=[5.5, 6.7, 5.8], ∫ϰ²/L>=[4.9, 7.1, 8.0], C-C-Sep=0.20, ║∇J║=2.0e-04
Iteration 462/2000-----
currents: [100000.0, 99999.99999722482, 99999.99999624948]
J=3.5e-04, ⟨Jf⟩=3.2e-04, ⟨B·n⟩=4.2e-03, Len=sum([5.2, 5.2, 4.9])=15.4, ϰ=[5.5, 6.7, 5.8], ∫ϰ²/L>=[4.9, 7.1, 8.0], C-C-Sep=0.20, ║∇J║=1.8e-04
Iteration 463/2000-----
currents: [100000.0, 99999.99999722329, 99999.99999624712]
J=3.5e-04, ⟨Jf⟩=3.2e-04, ⟨B·n⟩=4.2e-03, Len=sum([5.2, 5.2, 4.9])=15.4, ϰ=[5.5, 6.7, 5.8], ∫ϰ²/L>=[4.9, 7.1, 8.0], C-C-Sep=0.20, ║∇J║=2.1e-04
Iteration 464/2000-----
currents: [100000.0, 99999.99999722127, 99999.99999624399]
J=3.5e-04, ⟨Jf⟩=3.2e-04, ⟨B·n⟩=4.2e-03, Len=sum([5.2, 5.2, 4.9])=15.4, ϰ=[5.5, 6.7, 5.8], ∫ϰ²/L>=[4.9, 7.1, 8.0], C-C-Sep=0.20, ║∇J║=2.8e-04
Iteration 465/2000-----
currents: [100000.0, 99999.99999722035, 99999.99999624258]
J=3.5e-04, ⟨Jf⟩=3.2e-04, ⟨B·n⟩=4.2e-03, Len=sum([5.2, 5.2, 4.9])=15.4, ϰ=[5.5, 6.7, 5.8], ∫ϰ²/L>=[4.9, 7.1, 8.0], C-C-Sep=0.20, ║∇J║=1.6e-04
Iteration 466/2000-----
currents: [100000.0, 99999.99999721919, 99999.99999624079]
J=3.5e-04, ⟨Jf⟩=3.2e-04, ⟨B·n⟩=4.2e-03, Len=sum([5.2, 5.2, 4.9])=15.4, ϰ=[5.5, 6.7, 5.8], ∫ϰ²/L>=[4.9, 7.1, 8.0], C-C-Sep=0.20, ║∇J║=1.7e-04
Iteration 467/2000-----
currents: [100000.0, 99999.99999721786, 99999.99999623875]
J=3.5e-04, ⟨Jf⟩=3.2e-04, ⟨B·n⟩=4.2e-03, Len=sum([5.2, 5.2, 4.9])=15.4, ϰ=[5.5, 6.7, 5.8], ∫ϰ²/L>=[4.9, 7.1, 8.0], C-C-Sep=0.20, ║∇J║=1.8e-04
Iteration 468/2000-----
currents: [100000.0, 99999.99999721537, 99999.99999623492]
J=3.5e-04, ⟨Jf⟩=3.2e-04, ⟨B·n⟩=4.2e-03, Len=sum([5.2, 5.2, 4.9])=15.4, ϰ=[5.5, 6.7, 5.8], ∫ϰ²/L>=[5.0, 7.1, 8.0], C-C-Sep=0.20, ║∇J║=2.9e-04
Iteration 469/2000-----
currents: [100000.0, 99999.99999721358, 99999.99999623216]
J=3.5e-04, ⟨Jf⟩=3.2e-04, ⟨B·n⟩=4.2e-03, Len=sum([5.2, 5.2, 4.9])=15.4, ϰ=[5.5, 6.7, 5.8], ∫ϰ²/L>=[5.0, 7.1, 8.0], C-C-Sep=0.20, ║∇J║=1.6e-04
Iteration 470/2000-----
currents: [100000.0, 99999.99999721213, 99999.9999962299]
J=3.5e-04, ⟨Jf⟩=3.2e-04, ⟨B·n⟩=4.2e-03, Len=sum([5.2, 5.2, 4.9])=15.4, ϰ=[5.5, 6.7, 5.8], ∫ϰ²/L>=[5.0, 7.1, 8.0], C-C-Sep=0.20, ║∇J║=1.7e-04
Iteration 471/2000-----
currents: [100000.0, 99999.99999721009, 99999.99999622673]
J=3.5e-04, ⟨Jf⟩=3.2e-04, ⟨B·n⟩=4.2e-03, Len=sum([5.2, 5.2, 4.9])=15.4, ϰ=[5.5, 6.7, 5.8], ∫ϰ²/L>=[5.0, 7.1, 8.0], C-C-Sep=0.20, ║∇J║=1.9e-04
Iteration 472/2000-----
currents: [100000.0, 99999.99999720718, 99999.99999622222]
J=3.5e-04, ⟨Jf⟩=3.2e-04, ⟨B·n⟩=4.2e-03, Len=sum([5.2, 5.2, 4.9])=15.4, ϰ=[5.5, 6.7, 5.8], ∫ϰ²/L>=[5.0, 7.1, 8.0], C-C-Sep=0.20, ║∇J║=1.9e-04
Iteration 473/2000-----
currents: [100000.0, 99999.99999720407, 99999.9999962174]
J=3.5e-04, ⟨Jf⟩=3.2e-04, ⟨B·n⟩=4.2e-03, Len=sum([5.2, 5.2, 4.9])=15.4, ϰ=[5.5, 6.7, 5.8], ∫ϰ²/L>=[5.0, 7.1, 8.0], C-C-Sep=0.20, ║∇J║=2.2e-04
Iteration 474/2000-----
currents: [100000.0, 99999.99999720308, 99999.99999621589]
J=3.5e-04, ⟨Jf⟩=3.2e-04, ⟨B·n⟩=4.2e-03, Len=sum([5.2, 5.2, 4.9])=15.4, ϰ=[5.5, 6.7, 5.8], ∫ϰ²/L>=[5.0, 7.1, 8.0], C-C-Sep=0.20, ║∇J║=1.3e-04
Iteration 475/2000-----
currents: [100000.0, 99999.99999720258, 99999.99999621516]
J=3.5e-04, ⟨Jf⟩=3.2e-04, ⟨B·n⟩=4.2e-03, Len=sum([5.2, 5.2, 4.9])=15.4, ϰ=[5.5, 6.7, 5.8], ∫ϰ²/L>=[5.0, 7.1, 8.0], C-C-Sep=0.20, ║∇J║=1.5e-04
Iteration 476/2000-----
currents: [100000.0, 99999.99999720139, 99999.99999621334]
J=3.5e-04, ⟨Jf⟩=3.2e-04, ⟨B·n⟩=4.2e-03, Len=sum([5.2, 5.2, 4.9])=15.4, ϰ=[5.5, 6.7, 5.8], ∫ϰ²/L>=[5.0, 7.1, 8.0], C-C-Sep=0.20, ║∇J║=1.4e-04
Iteration 477/2000-----
currents: [100000.0, 99999.99999719865, 99999.99999620915]
J=3.5e-04, ⟨Jf⟩=3.2e-04, ⟨B·n⟩=4.2e-03, Len=sum([5.2, 5.2, 4.9])=15.4, ϰ=[5.5, 6.7, 5.8], ∫ϰ²/L>=[5.0, 7.1, 8.0], C-C-Sep=0.20, ║∇J║=1.8e-04
Iteration 478/2000-----
currents: [100000.0, 99999.9999971958, 99999.99999620474]
J=3.5e-04, ⟨Jf⟩=3.2e-04, ⟨B·n⟩=4.2e-03, Len=sum([5.2, 5.2, 4.9])=15.4, ϰ=[5.5, 6.7, 5.8], ∫ϰ²/L>=[5.0, 7.1, 8.0], C-C-Sep=0.20, ║∇J║=1.4e-04
Iteration 479/2000-----
currents: [100000.0, 99999.99999719381, 99999.99999620164]
J=3.5e-04, ⟨Jf⟩=3.2e-04, ⟨B·n⟩=4.2e-03, Len=sum([5.2, 5.2, 4.9])=15.4, ϰ=[5.5, 6.7, 5.8], ∫ϰ²/L>=[5.0, 7.1, 8.0], C-C-Sep=0.20, ║∇J║=1.4e-04
Iteration 480/2000-----
currents: [100000.0, 99999.99999719125, 99999.99999619766]
J=3.5e-04, ⟨Jf⟩=3.2e-04, ⟨B·n⟩=4.2e-03, Len=sum([5.2, 5.2, 4.9])=15.4, ϰ=[5.5, 6.7, 5.8], ∫ϰ²/L>=[4.9, 7.1, 8.0], C-C-Sep=0.20, ║∇J║=1.9e-04
Iteration 481/2000-----
currents: [100000.0, 99999.99999719, 99999.99999619571]
J=3.5e-04, ⟨Jf⟩=3.2e-04, ⟨B·n⟩=4.2e-03, Len=sum([5.2, 5.2, 4.9])=15.4, ϰ=[5.5, 6.7, 5.8], ∫ϰ²/L>=[4.9, 7.1, 8.0], C-C-Sep=0.20, ║∇J║=1.4e-04
Iteration 482/2000-----
currents: [100000.0, 99999.99999718914, 99999.99999619438]
J=3.5e-04, ⟨Jf⟩=3.2e-04, ⟨B·n⟩=4.2e-03, Len=sum([5.2, 5.2, 4.9])=15.4, ϰ=[5.5, 6.7, 5.8], ∫ϰ²/L>=[4.9, 7.1, 8.0], C-C-Sep=0.20, ║∇J║=1.1e-04
Iteration 483/2000-----
currents: [100000.0, 99999.99999718787, 99999.99999619245]
J=3.5e-04, ⟨Jf⟩=3.2e-04, ⟨B·n⟩=4.2e-03, Len=sum([5.2, 5.2, 4.9])=15.4, ϰ=[5.5, 6.7, 5.8], ∫ϰ²/L>=[4.9, 7.1, 8.0], C-C-Sep=0.20, ║∇J║=1.3e-04
Iteration 484/2000-----
currents: [100000.0, 99999.99999718639, 99999.99999619018]
J=3.5e-04, ⟨Jf⟩=3.2e-04, ⟨B·n⟩=4.2e-03, Len=sum([5.2, 5.2, 4.9])=15.4, ϰ=[5.5, 6.7, 5.8], ∫ϰ²/L>=[4.9, 7.1, 8.0], C-C-Sep=0.20, ║∇J║=1.5e-04
Iteration 485/2000-----
currents: [100000.0, 99999.9999971851, 99999.99999618821]
J=3.5e-04, ⟨Jf⟩=3.2e-04, ⟨B·n⟩=4.2e-03, Len=sum([5.2, 5.2, 4.9])=15.4, ϰ=[5.5, 6.7, 5.8], ∫ϰ²/L>=[4.9, 7.1, 8.0], C-C-Sep=0.20, ║∇J║=1.3e-04
Iteration 486/2000-----
currents: [100000.0, 99999.99999718112, 99999.99999618209]
J=3.5e-04, ⟨Jf⟩=3.2e-04, ⟨B·n⟩=4.2e-03, Len=sum([5.2, 5.2, 4.9])=15.4, ϰ=[5.5, 6.7, 5.8], ∫ϰ²/L>=[4.9, 7.1, 8.0], C-C-Sep=0.20, ║∇J║=1.4e-04
Iteration 487/2000-----
currents: [100000.0, 99999.99999717846, 99999.99999617797]
J=3.5e-04, ⟨Jf⟩=3.2e-04, ⟨B·n⟩=4.2e-03, Len=sum([5.2, 5.2, 4.9])=15.4, ϰ=[5.5, 6.7, 5.8], ∫ϰ²/L>=[4.9, 7.1, 8.0], C-C-Sep=0.20, ║∇J║=2.1e-04
Iteration 488/2000-----
currents: [100000.0, 99999.99999717744, 99999.9999961764]
J=3.5e-04, ⟨Jf⟩=3.2e-04, ⟨B·n⟩=4.2e-03, Len=sum([5.2, 5.2, 4.9])=15.4, ϰ=[5.5, 6.7, 5.8], ∫ϰ²/L>=[4.9, 7.1, 8.0], C-C-Sep=0.20, ║∇J║=1.0e-04
Iteration 489/2000-----
currents: [100000.0, 99999.9999971768, 99999.99999617541]
J=3.5e-04, ⟨Jf⟩=3.2e-04, ⟨B·n⟩=4.2e-03, Len=sum([5.2, 5.2, 4.9])=15.4, ϰ=[5.5, 6.7, 5.8], ∫ϰ²/L>=[4.9, 7.1, 8.0], C-C-Sep=0.20, ║∇J║=7.2e-05
Iteration 490/2000-----
currents: [100000.0, 99999.99999717624, 99999.99999617455]
J=3.5e-04, ⟨Jf⟩=3.2e-04, ⟨B·n⟩=4.2e-03, Len=sum([5.2, 5.2, 4.9])=15.4, ϰ=[5.5, 6.7, 5.8], ∫ϰ²/L>=[4.9, 7.1, 8.0], C-C-Sep=0.20, ║∇J║=7.7e-05
Iteration 491/2000-----
currents: [100000.0, 99999.9999971747, 99999.99999617215]
J=3.5e-04, ⟨Jf⟩=3.2e-04, ⟨B·n⟩=4.2e-03, Len=sum([5.2, 5.2, 4.9])=15.4, ϰ=[5.5, 6.7, 5.8], ∫ϰ²/L>=[4.9, 7.1, 8.0], C-C-Sep=0.20, ║∇J║=1.3e-04
Iteration 492/2000-----
currents: [100000.0, 99999.99999717248, 99999.99999616868]
J=3.5e-04, ⟨Jf⟩=3.2e-04, ⟨B·n⟩=4.2e-03, Len=sum([5.2, 5.2, 4.9])=15.4, ϰ=[5.5, 6.7, 5.8], ∫ϰ²/L>=[4.9, 7.1, 8.0], C-C-Sep=0.20, ║∇J║=1.5e-04
Iteration 493/2000-----
currents: [100000.0, 99999.999997171, 99999.9999961664]
J=3.5e-04, ⟨Jf⟩=3.2e-04, ⟨B·n⟩=4.2e-03, Len=sum([5.2, 5.2, 4.9])=15.4, ϰ=[5.5, 6.7, 5.8], ∫ϰ²/L>=[4.9, 7.1, 8.0], C-C-Sep=0.20, ║∇J║=1.1e-04
Iteration 494/2000-----
currents: [100000.0, 99999.9999971686, 99999.99999616267]
J=3.5e-04, ⟨Jf⟩=3.2e-04, ⟨B·n⟩=4.2e-03, Len=sum([5.2, 5.2, 4.9])=15.4, ϰ=[5.5, 6.7, 5.8], ∫ϰ²/L>=[4.9, 7.1, 8.0], C-C-Sep=0.20, ║∇J║=7.7e-05
Iteration 495/2000-----
currents: [100000.0, 99999.9999971674, 99999.99999616081]
J=3.5e-04, ⟨Jf⟩=3.2e-04, ⟨B·n⟩=4.2e-03, Len=sum([5.2, 5.2, 4.9])=15.4, ϰ=[5.5, 6.7, 5.8], ∫ϰ²/L>=[4.9, 7.1, 8.0], C-C-Sep=0.20, ║∇J║=9.6e-05
Iteration 496/2000-----
currents: [100000.0, 99999.99999716578, 99999.99999615832]
J=3.5e-04, ⟨Jf⟩=3.2e-04, ⟨B·n⟩=4.2e-03, Len=sum([5.2, 5.2, 4.9])=15.4, ϰ=[5.5, 6.7, 5.8], ∫ϰ²/L>=[4.9, 7.1, 8.0], C-C-Sep=0.20, ║∇J║=7.9e-05
Iteration 497/2000-----
currents: [100000.0, 99999.99999716404, 99999.99999615563]
J=3.5e-04, ⟨Jf⟩=3.2e-04, ⟨B·n⟩=4.2e-03, Len=sum([5.2, 5.2, 4.9])=15.4, ϰ=[5.5, 6.7, 5.8], ∫ϰ²/L>=[4.9, 7.1, 8.0], C-C-Sep=0.20, ║∇J║=9.2e-05
Iteration 498/2000-----
currents: [100000.0, 99999.99999716075, 99999.99999615054]
J=3.5e-04, ⟨Jf⟩=3.2e-04, ⟨B·n⟩=4.2e-03, Len=sum([5.2, 5.2, 4.9])=15.4, ϰ=[5.5, 6.7, 5.8], ∫ϰ²/L>=[4.9, 7.1, 8.0], C-C-Sep=0.20, ║∇J║=1.1e-04
Iteration 499/2000-----
currents: [100000.0, 99999.99999715743, 99999.99999614539]
J=3.5e-04, ⟨Jf⟩=3.2e-04, ⟨B·n⟩=4.2e-03, Len=sum([5.2, 5.2, 4.9])=15.4, ϰ=[5.5, 6.7, 5.8], ∫ϰ²/L>=[4.9, 7.1, 8.0], C-C-Sep=0.20, ║∇J║=1.5e-04
Iteration 500/2000-----
currents: [100000.0, 99999.99999715625, 99999.99999614354]
J=3.5e-04, ⟨Jf⟩=3.2e-04, ⟨B·n⟩=4.2e-03, Len=sum([5.2, 5.2, 4.9])=15.4, ϰ=[5.5, 6.7, 5.8], ∫ϰ²/L>=[4.9, 7.1, 8.0], C-C-Sep=0.20, ║∇J║=6.8e-05
Iteration 501/2000-----
currents: [100000.0, 99999.99999715584, 99999.99999614288]
J=3.5e-04, ⟨Jf⟩=3.2e-04, ⟨B·n⟩=4.2e-03, Len=sum([5.2, 5.2, 4.9])=15.4, ϰ=[5.5, 6.7, 5.8], ∫ϰ²/L>=[4.9, 7.1, 8.0], C-C-Sep=0.20, ║∇J║=4.7e-05
Iteration 502/2000-----
currents: [100000.0, 99999.99999715545, 99999.99999614226]
J=3.5e-04, ⟨Jf⟩=3.2e-04, ⟨B·n⟩=4.2e-03, Len=sum([5.2, 5.2, 4.9])=15.4, ϰ=[5.5, 6.7, 5.8], ∫ϰ²/L>=[4.9, 7.1, 8.0], C-C-Sep=0.20, ║∇J║=5.3e-05
Iteration 503/2000-----
currents: [100000.0, 99999.99999715375, 99999.99999613957]
J=3.5e-04, ⟨Jf⟩=3.2e-04, ⟨B·n⟩=4.2e-03, Len=sum([5.2, 5.2, 4.9])=15.4, ϰ=[5.5, 6.7, 5.8], ∫ϰ²/L>=[4.9, 7.1, 8.0], C-C-Sep=0.20, ║∇J║=9.7e-05
Iteration 504/2000-----
currents: [100000.0, 99999.99999715149, 99999.99999613602]
J=3.5e-04, ⟨Jf⟩=3.2e-04, ⟨B·n⟩=4.2e-03, Len=sum([5.2, 5.2, 4.9])=15.4, ϰ=[5.5, 6.7, 5.8], ∫ϰ²/L>=[4.9, 7.1, 8.0], C-C-Sep=0.20, ║∇J║=1.1e-04
Iteration 505/2000-----
currents: [100000.0, 99999.99999714964, 99999.99999613312]
J=3.5e-04, ⟨Jf⟩=3.2e-04, ⟨B·n⟩=4.2e-03, Len=sum([5.2, 5.2, 4.9])=15.4, ϰ=[5.5, 6.7, 5.8], ∫ϰ²/L>=[4.9, 7.1, 8.0], C-C-Sep=0.20, ║∇J║=8.2e-05
Iteration 506/2000-----
currents: [100000.0, 99999.99999714649, 99999.99999612819]
J=3.5e-04, ⟨Jf⟩=3.2e-04, ⟨B·n⟩=4.2e-03, Len=sum([5.2, 5.2, 4.9])=15.4, ϰ=[5.5, 6.7, 5.8], ∫ϰ²/L>=[4.9, 7.1, 8.0], C-C-Sep=0.20, ║∇J║=1.0e-04
Iteration 507/2000-----
currents: [100000.0, 99999.99999714523, 99999.99999612622]
J=3.5e-04, ⟨Jf⟩=3.2e-04, ⟨B·n⟩=4.2e-03, Len=sum([5.2, 5.2, 4.9])=15.4, ϰ=[5.5, 6.7, 5.8], ∫ϰ²/L>=[4.9, 7.1, 8.0], C-C-Sep=0.20, ║∇J║=9.7e-05
Iteration 508/2000-----
currents: [100000.0, 99999.99999714532, 99999.99999612635]
J=3.5e-04, ⟨Jf⟩=3.2e-04, ⟨B·n⟩=4.2e-03, Len=sum([5.2, 5.2, 4.9])=15.4, ϰ=[5.5, 6.7, 5.8], ∫ϰ²/L>=[4.9, 7.1, 8.0], C-C-Sep=0.20, ║∇J║=5.5e-05
Iteration 509/2000-----
currents: [100000.0, 99999.99999714487, 99999.99999612564]
J=3.5e-04, ⟨Jf⟩=3.2e-04, ⟨B·n⟩=4.2e-03, Len=sum([5.2, 5.2, 4.9])=15.4, ϰ=[5.5, 6.7, 5.8], ∫ϰ²/L>=[4.9, 7.1, 8.0], C-C-Sep=0.20, ║∇J║=5.0e-05
Iteration 510/2000-----
currents: [100000.0, 99999.99999714398, 99999.99999612424]
J=3.5e-04, ⟨Jf⟩=3.2e-04, ⟨B·n⟩=4.2e-03, Len=sum([5.2, 5.2, 4.9])=15.4, ϰ=[5.5, 6.7, 5.8], ∫ϰ²/L>=[4.9, 7.1, 8.0], C-C-Sep=0.20, ║∇J║=6.4e-05
Iteration 511/2000-----
currents: [100000.0, 99999.99999714123, 99999.99999611992]
J=3.5e-04, ⟨Jf⟩=3.2e-04, ⟨B·n⟩=4.2e-03, Len=sum([5.2, 5.2, 4.9])=15.4, ϰ=[5.5, 6.7, 5.8], ∫ϰ²/L>=[4.9, 7.1, 8.0], C-C-Sep=0.20, ║∇J║=7.9e-05
Iteration 512/2000-----
currents: [100000.0, 99999.99999713703, 99999.99999611331]
J=3.5e-04, ⟨Jf⟩=3.2e-04, ⟨B·n⟩=4.2e-03, Len=sum([5.2, 5.2, 4.9])=15.4, ϰ=[5.5, 6.7, 5.8], ∫ϰ²/L>=[4.9, 7.1, 8.0], C-C-Sep=0.20, ║∇J║=2.3e-04
Iteration 513/2000-----
currents: [100000.0, 99999.99999713639, 99999.99999611231]
J=3.5e-04, ⟨Jf⟩=3.2e-04, ⟨B·n⟩=4.2e-03, Len=sum([5.2, 5.2, 4.9])=15.4, ϰ=[5.5, 6.7, 5.8], ∫ϰ²/L>=[4.9, 7.1, 8.0], C-C-Sep=0.20, ║∇J║=7.0e-05
Iteration 514/2000-----
currents: [100000.0, 99999.99999713594, 99999.9999961116]
J=3.5e-04, ⟨Jf⟩=3.2e-04, ⟨B·n⟩=4.2e-03, Len=sum([5.2, 5.2, 4.9])=15.4, ϰ=[5.5, 6.7, 5.8], ∫ϰ²/L>=[4.9, 7.1, 8.0], C-C-Sep=0.20, ║∇J║=4.4e-05
Iteration 515/2000-----
currents: [100000.0, 99999.99999713467, 99999.99999610959]
J=3.5e-04, ⟨Jf⟩=3.2e-04, ⟨B·n⟩=4.2e-03, Len=sum([5.2, 5.2, 4.9])=15.4, ϰ=[5.5, 6.7, 5.8], ∫ϰ²/L>=[4.9, 7.1, 8.0], C-C-Sep=0.20, ║∇J║=6.0e-05
Iteration 516/2000-----
currents: [100000.0, 99999.9999971326, 99999.99999610631]
J=3.5e-04, ⟨Jf⟩=3.2e-04, ⟨B·n⟩=4.2e-03, Len=sum([5.2, 5.2, 4.9])=15.4, ϰ=[5.5, 6.7, 5.8], ∫ϰ²/L>=[4.9, 7.1, 8.0], C-C-Sep=0.20, ║∇J║=7.4e-05
Iteration 517/2000-----
currents: [100000.0, 99999.99999712747, 99999.9999960982]
J=3.5e-04, ⟨Jf⟩=3.2e-04, ⟨B·n⟩=4.2e-03, Len=sum([5.2, 5.2, 4.9])=15.4, ϰ=[5.5, 6.7, 5.8], ∫ϰ²/L>=[4.9, 7.1, 8.0], C-C-Sep=0.20, ║∇J║=2.2e-04
Iteration 518/2000-----
currents: [100000.0, 99999.9999971262, 99999.99999609617]
J=3.5e-04, ⟨Jf⟩=3.2e-04, ⟨B·n⟩=4.2e-03, Len=sum([5.2, 5.2, 4.9])=15.4, ϰ=[5.5, 6.7, 5.8], ∫ϰ²/L>=[4.9, 7.1, 8.0], C-C-Sep=0.20, ║∇J║=6.0e-05
Iteration 519/2000-----
currents: [100000.0, 99999.99999712594, 99999.99999609575]
J=3.5e-04, ⟨Jf⟩=3.2e-04, ⟨B·n⟩=4.2e-03, Len=sum([5.2, 5.2, 4.9])=15.4, ϰ=[5.5, 6.7, 5.8], ∫ϰ²/L>=[4.9, 7.1, 8.0], C-C-Sep=0.20, ║∇J║=4.3e-05
Iteration 520/2000-----
currents: [100000.0, 99999.99999712479, 99999.99999609393]
J=3.5e-04, ⟨Jf⟩=3.2e-04, ⟨B·n⟩=4.2e-03, Len=sum([5.2, 5.2, 4.9])=15.4, ϰ=[5.5, 6.7, 5.8], ∫ϰ²/L>=[4.9, 7.1, 8.0], C-C-Sep=0.20, ║∇J║=4.1e-05
Iteration 521/2000-----
currents: [100000.0, 99999.99999712361, 99999.99999609207]
J=3.5e-04, ⟨Jf⟩=3.2e-04, ⟨B·n⟩=4.2e-03, Len=sum([5.2, 5.2, 4.9])=15.4, ϰ=[5.5, 6.7, 5.8], ∫ϰ²/L>=[4.9, 7.1, 8.0], C-C-Sep=0.20, ║∇J║=5.6e-05
Iteration 522/2000-----
currents: [100000.0, 99999.99999712048, 99999.99999608712]
J=3.5e-04, ⟨Jf⟩=3.2e-04, ⟨B·n⟩=4.2e-03, Len=sum([5.2, 5.2, 4.9])=15.4, ϰ=[5.5, 6.7, 5.8], ∫ϰ²/L>=[4.9, 7.1, 8.0], C-C-Sep=0.20, ║∇J║=6.2e-05
Iteration 523/2000-----
currents: [100000.0, 99999.99999711673, 99999.99999608117]
J=3.5e-04, ⟨Jf⟩=3.2e-04, ⟨B·n⟩=4.2e-03, Len=sum([5.2, 5.2, 4.9])=15.4, ϰ=[5.5, 6.7, 5.8], ∫ϰ²/L>=[4.9, 7.1, 8.0], C-C-Sep=0.20, ║∇J║=9.3e-05
Iteration 524/2000-----
currents: [100000.0, 99999.99999711294, 99999.99999607517]
J=3.5e-04, ⟨Jf⟩=3.2e-04, ⟨B·n⟩=4.2e-03, Len=sum([5.2, 5.2, 4.9])=15.4, ϰ=[5.5, 6.7, 5.8], ∫ϰ²/L>=[4.9, 7.1, 8.0], C-C-Sep=0.20, ║∇J║=1.1e-04
Iteration 525/2000-----
currents: [100000.0, 99999.9999971128, 99999.99999607494]
J=3.5e-04, ⟨Jf⟩=3.2e-04, ⟨B·n⟩=4.2e-03, Len=sum([5.2, 5.2, 4.9])=15.4, ϰ=[5.5, 6.7, 5.8], ∫ϰ²/L>=[4.9, 7.1, 8.0], C-C-Sep=0.20, ║∇J║=3.6e-05
Iteration 526/2000-----
currents: [100000.0, 99999.99999711326, 99999.99999607568]
J=3.5e-04, ⟨Jf⟩=3.2e-04, ⟨B·n⟩=4.2e-03, Len=sum([5.2, 5.2, 4.9])=15.4, ϰ=[5.5, 6.7, 5.8], ∫ϰ²/L>=[4.9, 7.1, 8.0], C-C-Sep=0.20, ║∇J║=3.2e-05
Iteration 527/2000-----
currents: [100000.0, 99999.99999711302, 99999.9999960753]
J=3.5e-04, ⟨Jf⟩=3.2e-04, ⟨B·n⟩=4.2e-03, Len=sum([5.2, 5.2, 4.9])=15.4, ϰ=[5.5, 6.7, 5.8], ∫ϰ²/L>=[4.9, 7.1, 8.0], C-C-Sep=0.20, ║∇J║=3.3e-05
Iteration 528/2000-----
currents: [100000.0, 99999.99999711118, 99999.99999607245]
J=3.5e-04, ⟨Jf⟩=3.2e-04, ⟨B·n⟩=4.2e-03, Len=sum([5.2, 5.2, 4.9])=15.4, ϰ=[5.5, 6.7, 5.8], ∫ϰ²/L>=[4.9, 7.1, 8.0], C-C-Sep=0.20, ║∇J║=4.8e-05
Iteration 529/2000-----
currents: [100000.0, 99999.99999710749, 99999.99999606669]
J=3.5e-04, ⟨Jf⟩=3.2e-04, ⟨B·n⟩=4.2e-03, Len=sum([5.2, 5.2, 4.9])=15.4, ϰ=[5.5, 6.7, 5.8], ∫ϰ²/L>=[4.9, 7.1, 8.0], C-C-Sep=0.20, ║∇J║=7.3e-05
Iteration 530/2000-----
currents: [100000.0, 99999.99999710282, 99999.9999960594]
J=3.5e-04, ⟨Jf⟩=3.2e-04, ⟨B·n⟩=4.2e-03, Len=sum([5.2, 5.2, 4.9])=15.4, ϰ=[5.5, 6.7, 5.8], ∫ϰ²/L>=[4.9, 7.1, 8.0], C-C-Sep=0.20, ║∇J║=6.5e-05
Iteration 531/2000-----
currents: [100000.0, 99999.99999709996, 99999.99999605496]
J=3.5e-04, ⟨Jf⟩=3.2e-04, ⟨B·n⟩=4.2e-03, Len=sum([5.2, 5.2, 4.9])=15.4, ϰ=[5.5, 6.7, 5.8], ∫ϰ²/L>=[4.9, 7.1, 8.0], C-C-Sep=0.20, ║∇J║=5.5e-05
Iteration 532/2000-----
currents: [100000.0, 99999.99999709944, 99999.99999605413]
J=3.5e-04, ⟨Jf⟩=3.2e-04, ⟨B·n⟩=4.2e-03, Len=sum([5.2, 5.2, 4.9])=15.4, ϰ=[5.5, 6.7, 5.8], ∫ϰ²/L>=[4.9, 7.1, 8.0], C-C-Sep=0.20, ║∇J║=2.9e-05
Iteration 533/2000-----
currents: [100000.0, 99999.99999709966, 99999.99999605448]
J=3.5e-04, ⟨Jf⟩=3.2e-04, ⟨B·n⟩=4.2e-03, Len=sum([5.2, 5.2, 4.9])=15.4, ϰ=[5.5, 6.7, 5.8], ∫ϰ²/L>=[4.9, 7.1, 8.0], C-C-Sep=0.20, ║∇J║=2.9e-05
Iteration 534/2000-----
currents: [100000.0, 99999.99999709931, 99999.99999605397]
J=3.5e-04, ⟨Jf⟩=3.2e-04, ⟨B·n⟩=4.2e-03, Len=sum([5.2, 5.2, 4.9])=15.4, ϰ=[5.5, 6.7, 5.8], ∫ϰ²/L>=[4.9, 7.1, 8.0], C-C-Sep=0.20, ║∇J║=4.7e-05
Iteration 535/2000-----
currents: [100000.0, 99999.99999709736, 99999.999996051]
J=3.5e-04, ⟨Jf⟩=3.2e-04, ⟨B·n⟩=4.2e-03, Len=sum([5.2, 5.2, 4.9])=15.4, ϰ=[5.5, 6.7, 5.8], ∫ϰ²/L>=[4.9, 7.1, 8.0], C-C-Sep=0.20, ║∇J║=6.6e-05
Iteration 536/2000-----
currents: [100000.0, 99999.99999709439, 99999.99999604645]
J=3.5e-04, ⟨Jf⟩=3.2e-04, ⟨B·n⟩=4.2e-03, Len=sum([5.2, 5.2, 4.9])=15.4, ϰ=[5.5, 6.7, 5.8], ∫ϰ²/L>=[4.9, 7.1, 8.0], C-C-Sep=0.20, ║∇J║=5.5e-05
Iteration 537/2000-----
currents: [100000.0, 99999.9999970878, 99999.9999960363]
J=3.5e-04, ⟨Jf⟩=3.2e-04, ⟨B·n⟩=4.2e-03, Len=sum([5.2, 5.2, 4.9])=15.4, ϰ=[5.4, 6.7, 5.8], ∫ϰ²/L>=[4.9, 7.1, 8.0], C-C-Sep=0.20, ║∇J║=7.2e-05
Iteration 538/2000-----
currents: [100000.0, 99999.99999708573, 99999.9999960331]
J=3.5e-04, ⟨Jf⟩=3.2e-04, ⟨B·n⟩=4.2e-03, Len=sum([5.2, 5.2, 4.9])=15.4, ϰ=[5.4, 6.7, 5.8], ∫ϰ²/L>=[4.9, 7.1, 8.0], C-C-Sep=0.20, ║∇J║=5.0e-05
Iteration 539/2000-----
currents: [100000.0, 99999.99999708653, 99999.99999603434]
J=3.5e-04, ⟨Jf⟩=3.2e-04, ⟨B·n⟩=4.2e-03, Len=sum([5.2, 5.2, 4.9])=15.4, ϰ=[5.4, 6.7, 5.8], ∫ϰ²/L>=[4.9, 7.1, 8.0], C-C-Sep=0.20, ║∇J║=2.5e-05
Iteration 540/2000-----
currents: [100000.0, 99999.9999970867, 99999.99999603462]
J=3.5e-04, ⟨Jf⟩=3.2e-04, ⟨B·n⟩=4.2e-03, Len=sum([5.2, 5.2, 4.9])=15.4, ϰ=[5.4, 6.7, 5.8], ∫ϰ²/L>=[4.9, 7.1, 8.0], C-C-Sep=0.20, ║∇J║=2.2e-05
Iteration 541/2000-----
currents: [100000.0, 99999.99999708615, 99999.99999603379]
J=3.5e-04, ⟨Jf⟩=3.2e-04, ⟨B·n⟩=4.2e-03, Len=sum([5.2, 5.2, 4.9])=15.4, ϰ=[5.4, 6.7, 5.8], ∫ϰ²/L>=[4.9, 7.1, 8.0], C-C-Sep=0.20, ║∇J║=3.2e-05
Iteration 542/2000-----
currents: [100000.0, 99999.99999708429, 99999.99999603097]
J=3.5e-04, ⟨Jf⟩=3.2e-04, ⟨B·n⟩=4.2e-03, Len=sum([5.2, 5.2, 4.9])=15.4, ϰ=[5.4, 6.7, 5.8], ∫ϰ²/L>=[4.9, 7.1, 8.0], C-C-Sep=0.20, ║∇J║=4.6e-05
Iteration 543/2000-----
currents: [100000.0, 99999.99999707875, 99999.99999602251]
J=3.5e-04, ⟨Jf⟩=3.2e-04, ⟨B·n⟩=4.2e-03, Len=sum([5.2, 5.2, 4.9])=15.4, ϰ=[5.4, 6.7, 5.8], ∫ϰ²/L>=[4.9, 7.1, 8.0], C-C-Sep=0.20, ║∇J║=9.7e-05
Iteration 544/2000-----
currents: [100000.0, 99999.99999707627, 99999.99999601876]
J=3.5e-04, ⟨Jf⟩=3.2e-04, ⟨B·n⟩=4.2e-03, Len=sum([5.2, 5.2, 4.9])=15.4, ϰ=[5.5, 6.7, 5.8], ∫ϰ²/L>=[4.9, 7.1, 8.0], C-C-Sep=0.20, ║∇J║=4.5e-05
Iteration 545/2000-----
currents: [100000.0, 99999.99999707458, 99999.99999601617]
J=3.5e-04, ⟨Jf⟩=3.2e-04, ⟨B·n⟩=4.2e-03, Len=sum([5.2, 5.2, 4.9])=15.4, ϰ=[5.5, 6.7, 5.8], ∫ϰ²/L>=[4.9, 7.1, 8.0], C-C-Sep=0.20, ║∇J║=2.6e-05
Iteration 546/2000-----
currents: [100000.0, 99999.99999707333, 99999.99999601424]
J=3.5e-04, ⟨Jf⟩=3.2e-04, ⟨B·n⟩=4.2e-03, Len=sum([5.2, 5.2, 4.9])=15.4, ϰ=[5.5, 6.7, 5.8], ∫ϰ²/L>=[4.9, 7.1, 8.0], C-C-Sep=0.20, ║∇J║=2.3e-05
Iteration 547/2000-----
currents: [100000.0, 99999.99999707215, 99999.99999601246]
J=3.5e-04, ⟨Jf⟩=3.2e-04, ⟨B·n⟩=4.2e-03, Len=sum([5.2, 5.2, 4.9])=15.4, ϰ=[5.5, 6.7, 5.8], ∫ϰ²/L>=[4.9, 7.1, 8.0], C-C-Sep=0.20, ║∇J║=3.0e-05
Iteration 548/2000-----
currents: [100000.0, 99999.99999707023, 99999.99999600956]
J=3.5e-04, ⟨Jf⟩=3.2e-04, ⟨B·n⟩=4.2e-03, Len=sum([5.2, 5.2, 4.9])=15.4, ϰ=[5.5, 6.7, 5.8], ∫ϰ²/L>=[4.9, 7.1, 8.0], C-C-Sep=0.20, ║∇J║=3.4e-05
Iteration 549/2000-----
currents: [100000.0, 99999.99999706625, 99999.9999960036]
J=3.5e-04, ⟨Jf⟩=3.2e-04, ⟨B·n⟩=4.2e-03, Len=sum([5.2, 5.2, 4.9])=15.4, ϰ=[5.5, 6.7, 5.8], ∫ϰ²/L>=[4.9, 7.1, 8.0], C-C-Sep=0.20, ║∇J║=4.6e-05
Iteration 550/2000-----
currents: [100000.0, 99999.99999706095, 99999.99999599569]
J=3.5e-04, ⟨Jf⟩=3.2e-04, ⟨B·n⟩=4.2e-03, Len=sum([5.2, 5.2, 4.9])=15.4, ϰ=[5.5, 6.7, 5.8], ∫ϰ²/L>=[4.9, 7.1, 8.0], C-C-Sep=0.20, ║∇J║=1.0e-04
Iteration 551/2000-----
currents: [100000.0, 99999.99999706133, 99999.99999599627]
J=3.5e-04, ⟨Jf⟩=3.2e-04, ⟨B·n⟩=4.2e-03, Len=sum([5.2, 5.2, 4.9])=15.4, ϰ=[5.5, 6.7, 5.8], ∫ϰ²/L>=[4.9, 7.1, 8.0], C-C-Sep=0.20, ║∇J║=2.6e-05
Iteration 552/2000-----
currents: [100000.0, 99999.99999706147, 99999.99999599652]
J=3.5e-04, ⟨Jf⟩=3.2e-04, ⟨B·n⟩=4.2e-03, Len=sum([5.2, 5.2, 4.9])=15.4, ϰ=[5.5, 6.7, 5.8], ∫ϰ²/L>=[4.9, 7.1, 8.0], C-C-Sep=0.20, ║∇J║=2.0e-05
Iteration 553/2000-----
currents: [100000.0, 99999.99999706076, 99999.99999599549]
J=3.5e-04, ⟨Jf⟩=3.2e-04, ⟨B·n⟩=4.2e-03, Len=sum([5.2, 5.2, 4.9])=15.4, ϰ=[5.5, 6.7, 5.8], ∫ϰ²/L>=[4.9, 7.1, 8.0], C-C-Sep=0.20, ║∇J║=2.3e-05
Iteration 554/2000-----
currents: [100000.0, 99999.99999705878, 99999.99999599258]
J=3.5e-04, ⟨Jf⟩=3.2e-04, ⟨B·n⟩=4.2e-03, Len=sum([5.2, 5.2, 4.9])=15.4, ϰ=[5.5, 6.7, 5.8], ∫ϰ²/L>=[4.9, 7.1, 8.0], C-C-Sep=0.20, ║∇J║=4.4e-05
Iteration 555/2000-----
currents: [100000.0, 99999.9999970556, 99999.99999598786]
J=3.5e-04, ⟨Jf⟩=3.2e-04, ⟨B·n⟩=4.2e-03, Len=sum([5.2, 5.2, 4.9])=15.4, ϰ=[5.5, 6.7, 5.8], ∫ϰ²/L>=[4.9, 7.1, 8.0], C-C-Sep=0.20, ║∇J║=3.9e-05
Iteration 556/2000-----
currents: [100000.0, 99999.99999704958, 99999.99999597893]
J=3.5e-04, ⟨Jf⟩=3.2e-04, ⟨B·n⟩=4.2e-03, Len=sum([5.2, 5.2, 4.9])=15.4, ϰ=[5.5, 6.7, 5.8], ∫ϰ²/L>=[4.9, 7.1, 8.0], C-C-Sep=0.20, ║∇J║=3.9e-05
Iteration 557/2000-----
currents: [100000.0, 99999.99999704267, 99999.99999596867]
J=3.5e-04, ⟨Jf⟩=3.2e-04, ⟨B·n⟩=4.2e-03, Len=sum([5.2, 5.2, 4.9])=15.4, ϰ=[5.5, 6.7, 5.8], ∫ϰ²/L>=[4.9, 7.1, 8.0], C-C-Sep=0.20, ║∇J║=1.3e-04
Iteration 558/2000-----
currents: [100000.0, 99999.99999704688, 99999.99999597491]
J=3.5e-04, ⟨Jf⟩=3.2e-04, ⟨B·n⟩=4.2e-03, Len=sum([5.2, 5.2, 4.9])=15.4, ϰ=[5.5, 6.7, 5.8], ∫ϰ²/L>=[4.9, 7.1, 8.0], C-C-Sep=0.20, ║∇J║=5.0e-05
Iteration 559/2000-----
currents: [100000.0, 99999.99999704438, 99999.99999597117]
J=3.5e-04, ⟨Jf⟩=3.2e-04, ⟨B·n⟩=4.2e-03, Len=sum([5.2, 5.2, 4.9])=15.4, ϰ=[5.5, 6.7, 5.8], ∫ϰ²/L>=[4.9, 7.1, 8.0], C-C-Sep=0.20, ║∇J║=2.2e-05
Iteration 560/2000-----
currents: [100000.0, 99999.99999704401, 99999.99999597062]
J=3.5e-04, ⟨Jf⟩=3.2e-04, ⟨B·n⟩=4.2e-03, Len=sum([5.2, 5.2, 4.9])=15.4, ϰ=[5.5, 6.7, 5.8], ∫ϰ²/L>=[4.9, 7.1, 8.0], C-C-Sep=0.20, ║∇J║=1.7e-05
Iteration 561/2000-----
currents: [100000.0, 99999.9999970436, 99999.99999597]
J=3.5e-04, ⟨Jf⟩=3.2e-04, ⟨B·n⟩=4.2e-03, Len=sum([5.2, 5.2, 4.9])=15.4, ϰ=[5.5, 6.7, 5.8], ∫ϰ²/L>=[4.9, 7.1, 8.0], C-C-Sep=0.20, ║∇J║=2.4e-05
Iteration 562/2000-----
currents: [100000.0, 99999.99999704215, 99999.99999596782]
J=3.5e-04, ⟨Jf⟩=3.2e-04, ⟨B·n⟩=4.2e-03, Len=sum([5.2, 5.2, 4.9])=15.4, ϰ=[5.5, 6.7, 5.8], ∫ϰ²/L>=[4.9, 7.1, 8.0], C-C-Sep=0.20, ║∇J║=3.6e-05
Iteration 563/2000-----
currents: [100000.0, 99999.99999703937, 99999.99999596368]
J=3.5e-04, ⟨Jf⟩=3.2e-04, ⟨B·n⟩=4.2e-03, Len=sum([5.2, 5.2, 4.9])=15.4, ϰ=[5.5, 6.7, 5.8], ∫ϰ²/L>=[4.9, 7.1, 8.0], C-C-Sep=0.20, ║∇J║=3.8e-05
Iteration 564/2000-----
currents: [100000.0, 99999.99999703116, 99999.99999595141]
J=3.5e-04, ⟨Jf⟩=3.2e-04, ⟨B·n⟩=4.2e-03, Len=sum([5.2, 5.2, 4.9])=15.4, ϰ=[5.5, 6.7, 5.8], ∫ϰ²/L>=[4.9, 7.1, 8.0], C-C-Sep=0.20, ║∇J║=6.2e-05
Iteration 565/2000-----
currents: [100000.0, 99999.99999702681, 99999.99999594489]
J=3.5e-04, ⟨Jf⟩=3.2e-04, ⟨B·n⟩=4.2e-03, Len=sum([5.2, 5.2, 4.9])=15.4, ϰ=[5.5, 6.7, 5.8], ∫ϰ²/L>=[4.9, 7.1, 8.0], C-C-Sep=0.20, ║∇J║=4.1e-05
Iteration 566/2000-----
currents: [100000.0, 99999.99999702783, 99999.99999594642]
J=3.5e-04, ⟨Jf⟩=3.2e-04, ⟨B·n⟩=4.2e-03, Len=sum([5.2, 5.2, 4.9])=15.4, ϰ=[5.5, 6.7, 5.8], ∫ϰ²/L>=[4.9, 7.1, 8.0], C-C-Sep=0.20, ║∇J║=1.4e-05
Iteration 567/2000-----
currents: [100000.0, 99999.99999702786, 99999.99999594646]
J=3.5e-04, ⟨Jf⟩=3.2e-04, ⟨B·n⟩=4.2e-03, Len=sum([5.2, 5.2, 4.9])=15.4, ϰ=[5.5, 6.7, 5.8], ∫ϰ²/L>=[4.9, 7.1, 8.0], C-C-Sep=0.20, ║∇J║=1.2e-05
Iteration 568/2000-----
currents: [100000.0, 99999.99999702723, 99999.99999594553]
J=3.5e-04, ⟨Jf⟩=3.2e-04, ⟨B·n⟩=4.2e-03, Len=sum([5.2, 5.2, 4.9])=15.4, ϰ=[5.5, 6.7, 5.8], ∫ϰ²/L>=[4.9, 7.1, 8.0], C-C-Sep=0.20, ║∇J║=1.7e-05
Iteration 569/2000-----
currents: [100000.0, 99999.99999702527, 99999.9999959426]
J=3.5e-04, ⟨Jf⟩=3.2e-04, ⟨B·n⟩=4.2e-03, Len=sum([5.2, 5.2, 4.9])=15.4, ϰ=[5.5, 6.7, 5.8], ∫ϰ²/L>=[4.9, 7.1, 8.0], C-C-Sep=0.20, ║∇J║=2.7e-05
Iteration 570/2000-----
currents: [100000.0, 99999.9999970205, 99999.99999593549]
J=3.5e-04, ⟨Jf⟩=3.2e-04, ⟨B·n⟩=4.2e-03, Len=sum([5.2, 5.2, 4.9])=15.4, ϰ=[5.5, 6.7, 5.8], ∫ϰ²/L>=[4.9, 7.1, 8.0], C-C-Sep=0.20, ║∇J║=4.3e-05
Iteration 571/2000-----
currents: [100000.0, 99999.9999970179, 99999.99999593165]
J=3.5e-04, ⟨Jf⟩=3.2e-04, ⟨B·n⟩=4.2e-03, Len=sum([5.2, 5.2, 4.9])=15.4, ϰ=[5.5, 6.7, 5.8], ∫ϰ²/L>=[4.9, 7.1, 8.0], C-C-Sep=0.20, ║∇J║=2.5e-05
Iteration 572/2000-----
currents: [100000.0, 99999.99999701635, 99999.99999592935]
J=3.5e-04, ⟨Jf⟩=3.2e-04, ⟨B·n⟩=4.2e-03, Len=sum([5.2, 5.2, 4.9])=15.4, ϰ=[5.5, 6.7, 5.8], ∫ϰ²/L>=[4.9, 7.1, 8.0], C-C-Sep=0.20, ║∇J║=1.4e-05
Iteration 573/2000-----
currents: [100000.0, 99999.99999701546, 99999.99999592804]
J=3.5e-04, ⟨Jf⟩=3.2e-04, ⟨B·n⟩=4.2e-03, Len=sum([5.2, 5.2, 4.9])=15.4, ϰ=[5.5, 6.7, 5.8], ∫ϰ²/L>=[4.9, 7.1, 8.0], C-C-Sep=0.20, ║∇J║=1.6e-05
Iteration 574/2000-----
currents: [100000.0, 99999.99999701467, 99999.99999592688]
J=3.5e-04, ⟨Jf⟩=3.2e-04, ⟨B·n⟩=4.2e-03, Len=sum([5.2, 5.2, 4.9])=15.4, ϰ=[5.5, 6.7, 5.8], ∫ϰ²/L>=[4.9, 7.1, 8.0], C-C-Sep=0.20, ║∇J║=1.6e-05
Iteration 575/2000-----
currents: [100000.0, 99999.99999701278, 99999.99999592408]
J=3.5e-04, ⟨Jf⟩=3.2e-04, ⟨B·n⟩=4.2e-03, Len=sum([5.2, 5.2, 4.9])=15.4, ϰ=[5.5, 6.7, 5.8], ∫ϰ²/L>=[4.9, 7.1, 8.0], C-C-Sep=0.20, ║∇J║=2.2e-05
Iteration 576/2000-----
currents: [100000.0, 99999.9999970086, 99999.99999591791]
J=3.5e-04, ⟨Jf⟩=3.2e-04, ⟨B·n⟩=4.2e-03, Len=sum([5.2, 5.2, 4.9])=15.4, ϰ=[5.5, 6.7, 5.8], ∫ϰ²/L>=[4.9, 7.1, 8.0], C-C-Sep=0.20, ║∇J║=3.0e-05
Iteration 577/2000-----
currents: [100000.0, 99999.99999700392, 99999.999995911]
J=3.5e-04, ⟨Jf⟩=3.2e-04, ⟨B·n⟩=4.2e-03, Len=sum([5.2, 5.2, 4.9])=15.4, ϰ=[5.5, 6.7, 5.8], ∫ϰ²/L>=[4.9, 7.1, 8.0], C-C-Sep=0.20, ║∇J║=3.3e-05
Iteration 578/2000-----
currents: [100000.0, 99999.99999700277, 99999.99999590928]
J=3.5e-04, ⟨Jf⟩=3.2e-04, ⟨B·n⟩=4.2e-03, Len=sum([5.2, 5.2, 4.9])=15.4, ϰ=[5.5, 6.7, 5.8], ∫ϰ²/L>=[4.9, 7.1, 8.0], C-C-Sep=0.20, ║∇J║=1.5e-05
Iteration 579/2000-----
currents: [100000.0, 99999.99999700245, 99999.99999590879]
J=3.5e-04, ⟨Jf⟩=3.2e-04, ⟨B·n⟩=4.2e-03, Len=sum([5.2, 5.2, 4.9])=15.4, ϰ=[5.5, 6.7, 5.8], ∫ϰ²/L>=[4.9, 7.1, 8.0], C-C-Sep=0.20, ║∇J║=1.2e-05
Iteration 580/2000-----
currents: [100000.0, 99999.999997002, 99999.9999959081]
J=3.5e-04, ⟨Jf⟩=3.2e-04, ⟨B·n⟩=4.2e-03, Len=sum([5.2, 5.2, 4.9])=15.4, ϰ=[5.5, 6.7, 5.8], ∫ϰ²/L>=[4.9, 7.1, 8.0], C-C-Sep=0.20, ║∇J║=1.3e-05
Iteration 581/2000-----
currents: [100000.0, 99999.99999700006, 99999.9999959052]
J=3.5e-04, ⟨Jf⟩=3.2e-04, ⟨B·n⟩=4.2e-03, Len=sum([5.2, 5.2, 4.9])=15.4, ϰ=[5.5, 6.7, 5.8], ∫ϰ²/L>=[4.9, 7.1, 8.0], C-C-Sep=0.20, ║∇J║=2.0e-05
Iteration 582/2000-----
currents: [100000.0, 99999.99999699704, 99999.99999590065]
J=3.5e-04, ⟨Jf⟩=3.2e-04, ⟨B·n⟩=4.2e-03, Len=sum([5.2, 5.2, 4.9])=15.4, ϰ=[5.5, 6.7, 5.8], ∫ϰ²/L>=[4.9, 7.1, 8.0], C-C-Sep=0.20, ║∇J║=2.5e-05
Iteration 583/2000-----
currents: [100000.0, 99999.99999699314, 99999.99999589482]
J=3.5e-04, ⟨Jf⟩=3.2e-04, ⟨B·n⟩=4.2e-03, Len=sum([5.2, 5.2, 4.9])=15.4, ϰ=[5.5, 6.7, 5.8], ∫ϰ²/L>=[4.9, 7.1, 8.0], C-C-Sep=0.20, ║∇J║=2.4e-05
Iteration 584/2000-----
currents: [100000.0, 99999.99999698554, 99999.99999588344]
J=3.5e-04, ⟨Jf⟩=3.2e-04, ⟨B·n⟩=4.2e-03, Len=sum([5.2, 5.2, 4.9])=15.4, ϰ=[5.5, 6.7, 5.8], ∫ϰ²/L>=[4.9, 7.1, 8.0], C-C-Sep=0.20, ║∇J║=4.5e-05
Iteration 585/2000-----
currents: [100000.0, 99999.99999698333, 99999.99999588012]
J=3.5e-04, ⟨Jf⟩=3.2e-04, ⟨B·n⟩=4.2e-03, Len=sum([5.2, 5.2, 4.9])=15.4, ϰ=[5.5, 6.7, 5.8], ∫ϰ²/L>=[4.9, 7.1, 8.0], C-C-Sep=0.20, ║∇J║=2.2e-05
Iteration 586/2000-----
currents: [100000.0, 99999.99999698492, 99999.99999588249]
J=3.5e-04, ⟨Jf⟩=3.2e-04, ⟨B·n⟩=4.2e-03, Len=sum([5.2, 5.2, 4.9])=15.4, ϰ=[5.5, 6.7, 5.8], ∫ϰ²/L>=[4.9, 7.1, 8.0], C-C-Sep=0.20, ║∇J║=9.7e-06
Iteration 587/2000-----
currents: [100000.0, 99999.99999698531, 99999.99999588307]
J=3.5e-04, ⟨Jf⟩=3.2e-04, ⟨B·n⟩=4.2e-03, Len=sum([5.2, 5.2, 4.9])=15.4, ϰ=[5.5, 6.7, 5.8], ∫ϰ²/L>=[4.9, 7.1, 8.0], C-C-Sep=0.20, ║∇J║=9.5e-06
Iteration 588/2000-----
currents: [100000.0, 99999.99999698487, 99999.9999958824]
J=3.5e-04, ⟨Jf⟩=3.2e-04, ⟨B·n⟩=4.2e-03, Len=sum([5.2, 5.2, 4.9])=15.4, ϰ=[5.5, 6.7, 5.8], ∫ϰ²/L>=[4.9, 7.1, 8.0], C-C-Sep=0.20, ║∇J║=1.6e-05
Iteration 589/2000-----
currents: [100000.0, 99999.99999698269, 99999.99999587912]
J=3.5e-04, ⟨Jf⟩=3.2e-04, ⟨B·n⟩=4.2e-03, Len=sum([5.2, 5.2, 4.9])=15.4, ϰ=[5.5, 6.7, 5.8], ∫ϰ²/L>=[4.9, 7.1, 8.0], C-C-Sep=0.20, ║∇J║=2.3e-05
Iteration 590/2000-----
currents: [100000.0, 99999.99999697604, 99999.99999586912]
J=3.5e-04, ⟨Jf⟩=3.2e-04, ⟨B·n⟩=4.2e-03, Len=sum([5.2, 5.2, 4.9])=15.4, ϰ=[5.5, 6.7, 5.8], ∫ϰ²/L>=[4.9, 7.1, 8.0], C-C-Sep=0.20, ║∇J║=4.7e-05
Iteration 591/2000-----
currents: [100000.0, 99999.99999697304, 99999.99999586464]
J=3.5e-04, ⟨Jf⟩=3.2e-04, ⟨B·n⟩=4.2e-03, Len=sum([5.2, 5.2, 4.9])=15.4, ϰ=[5.5, 6.7, 5.8], ∫ϰ²/L>=[4.9, 7.1, 8.0], C-C-Sep=0.20, ║∇J║=1.9e-05
Iteration 592/2000-----
currents: [100000.0, 99999.99999697076, 99999.99999586122]
J=3.5e-04, ⟨Jf⟩=3.2e-04, ⟨B·n⟩=4.2e-03, Len=sum([5.2, 5.2, 4.9])=15.4, ϰ=[5.5, 6.7, 5.8], ∫ϰ²/L>=[4.9, 7.1, 8.0], C-C-Sep=0.20, ║∇J║=1.1e-05
Iteration 593/2000-----
currents: [100000.0, 99999.999996969, 99999.99999585857]
J=3.5e-04, ⟨Jf⟩=3.2e-04, ⟨B·n⟩=4.2e-03, Len=sum([5.2, 5.2, 4.9])=15.4, ϰ=[5.5, 6.7, 5.8], ∫ϰ²/L>=[4.9, 7.1, 8.0], C-C-Sep=0.20, ║∇J║=1.1e-05
Iteration 594/2000-----
currents: [100000.0, 99999.99999696728, 99999.99999585598]
J=3.5e-04, ⟨Jf⟩=3.2e-04, ⟨B·n⟩=4.2e-03, Len=sum([5.2, 5.2, 4.9])=15.4, ϰ=[5.5, 6.7, 5.8], ∫ϰ²/L>=[4.9, 7.1, 8.0], C-C-Sep=0.20, ║∇J║=1.2e-05
Iteration 595/2000-----
currents: [100000.0, 99999.99999696318, 99999.99999584976]
J=3.5e-04, ⟨Jf⟩=3.2e-04, ⟨B·n⟩=4.2e-03, Len=sum([5.2, 5.2, 4.9])=15.4, ϰ=[5.5, 6.7, 5.8], ∫ϰ²/L>=[4.9, 7.1, 8.0], C-C-Sep=0.20, ║∇J║=1.9e-05
Iteration 596/2000-----
currents: [100000.0, 99999.99999695769, 99999.99999584146]
J=3.5e-04, ⟨Jf⟩=3.2e-04, ⟨B·n⟩=4.2e-03, Len=sum([5.2, 5.2, 4.9])=15.4, ϰ=[5.5, 6.7, 5.8], ∫ϰ²/L>=[4.9, 7.1, 8.0], C-C-Sep=0.20, ║∇J║=3.3e-05
Iteration 597/2000-----
currents: [100000.0, 99999.99999695686, 99999.99999584019]
J=3.5e-04, ⟨Jf⟩=3.2e-04, ⟨B·n⟩=4.2e-03, Len=sum([5.2, 5.2, 4.9])=15.4, ϰ=[5.5, 6.7, 5.8], ∫ϰ²/L>=[4.9, 7.1, 8.0], C-C-Sep=0.20, ║∇J║=1.5e-05
Iteration 598/2000-----
currents: [100000.0, 99999.99999695653, 99999.99999583968]
J=3.5e-04, ⟨Jf⟩=3.2e-04, ⟨B·n⟩=4.2e-03, Len=sum([5.2, 5.2, 4.9])=15.4, ϰ=[5.5, 6.7, 5.8], ∫ϰ²/L>=[4.9, 7.1, 8.0], C-C-Sep=0.20, ║∇J║=1.0e-05
Iteration 599/2000-----
currents: [100000.0, 99999.9999969557, 99999.99999583844]
J=3.5e-04, ⟨Jf⟩=3.2e-04, ⟨B·n⟩=4.2e-03, Len=sum([5.2, 5.2, 4.9])=15.4, ϰ=[5.5, 6.7, 5.8], ∫ϰ²/L>=[4.9, 7.1, 8.0], C-C-Sep=0.20, ║∇J║=1.0e-05
Iteration 600/2000-----
currents: [100000.0, 99999.99999695357, 99999.99999583527]
J=3.5e-04, ⟨Jf⟩=3.2e-04, ⟨B·n⟩=4.2e-03, Len=sum([5.2, 5.2, 4.9])=15.4, ϰ=[5.5, 6.7, 5.8], ∫ϰ²/L>=[4.9, 7.1, 8.0], C-C-Sep=0.20, ║∇J║=1.6e-05
Iteration 601/2000-----
currents: [100000.0, 99999.9999969512, 99999.99999583173]
J=3.5e-04, ⟨Jf⟩=3.2e-04, ⟨B·n⟩=4.2e-03, Len=sum([5.2, 5.2, 4.9])=15.4, ϰ=[5.5, 6.7, 5.8], ∫ϰ²/L>=[4.9, 7.1, 8.0], C-C-Sep=0.20, ║∇J║=1.4e-05
Iteration 602/2000-----
currents: [100000.0, 99999.99999694574, 99999.9999958236]
J=3.5e-04, ⟨Jf⟩=3.2e-04, ⟨B·n⟩=4.2e-03, Len=sum([5.2, 5.2, 4.9])=15.4, ϰ=[5.5, 6.7, 5.8], ∫ϰ²/L>=[4.9, 7.1, 8.0], C-C-Sep=0.20, ║∇J║=1.7e-05
Iteration 603/2000-----
currents: [100000.0, 99999.99999694008, 99999.99999581516]
J=3.5e-04, ⟨Jf⟩=3.2e-04, ⟨B·n⟩=4.2e-03, Len=sum([5.2, 5.2, 4.9])=15.4, ϰ=[5.5, 6.7, 5.8], ∫ϰ²/L>=[4.9, 7.1, 8.0], C-C-Sep=0.20, ║∇J║=1.9e-05
Iteration 604/2000-----
currents: [100000.0, 99999.99999693596, 99999.99999580903]
J=3.5e-04, ⟨Jf⟩=3.2e-04, ⟨B·n⟩=4.2e-03, Len=sum([5.2, 5.2, 4.9])=15.4, ϰ=[5.5, 6.7, 5.8], ∫ϰ²/L>=[4.9, 7.1, 8.0], C-C-Sep=0.20, ║∇J║=2.4e-05
Iteration 605/2000-----
currents: [100000.0, 99999.99999693729, 99999.99999581101]
J=3.5e-04, ⟨Jf⟩=3.2e-04, ⟨B·n⟩=4.2e-03, Len=sum([5.2, 5.2, 4.9])=15.4, ϰ=[5.5, 6.7, 5.8], ∫ϰ²/L>=[4.9, 7.1, 8.0], C-C-Sep=0.20, ║∇J║=7.9e-06
Iteration 606/2000-----
currents: [100000.0, 99999.99999693804, 99999.99999581215]
J=3.5e-04, ⟨Jf⟩=3.2e-04, ⟨B·n⟩=4.2e-03, Len=sum([5.2, 5.2, 4.9])=15.4, ϰ=[5.5, 6.7, 5.8], ∫ϰ²/L>=[4.9, 7.1, 8.0], C-C-Sep=0.20, ║∇J║=7.0e-06
Iteration 607/2000-----
currents: [100000.0, 99999.99999693812, 99999.99999581226]
J=3.5e-04, ⟨Jf⟩=3.2e-04, ⟨B·n⟩=4.2e-03, Len=sum([5.2, 5.2, 4.9])=15.4, ϰ=[5.5, 6.7, 5.8], ∫ϰ²/L>=[4.9, 7.1, 8.0], C-C-Sep=0.20, ║∇J║=9.9e-06
Iteration 608/2000-----
currents: [100000.0, 99999.99999693656, 99999.99999580995]
J=3.5e-04, ⟨Jf⟩=3.2e-04, ⟨B·n⟩=4.2e-03, Len=sum([5.2, 5.2, 4.9])=15.4, ϰ=[5.5, 6.7, 5.8], ∫ϰ²/L>=[4.9, 7.1, 8.0], C-C-Sep=0.20, ║∇J║=1.7e-05
Iteration 609/2000-----
currents: [100000.0, 99999.999996932, 99999.99999580317]
J=3.5e-04, ⟨Jf⟩=3.2e-04, ⟨B·n⟩=4.2e-03, Len=sum([5.2, 5.2, 4.9])=15.4, ϰ=[5.5, 6.7, 5.8], ∫ϰ²/L>=[4.9, 7.1, 8.0], C-C-Sep=0.20, ║∇J║=2.0e-05
Iteration 610/2000-----
currents: [100000.0, 99999.9999969251, 99999.99999579287]
J=3.5e-04, ⟨Jf⟩=3.2e-04, ⟨B·n⟩=4.2e-03, Len=sum([5.2, 5.2, 4.9])=15.4, ϰ=[5.5, 6.7, 5.8], ∫ϰ²/L>=[4.9, 7.1, 8.0], C-C-Sep=0.20, ║∇J║=1.6e-05
Iteration 611/2000-----
currents: [100000.0, 99999.99999691751, 99999.99999578155]
J=3.5e-04, ⟨Jf⟩=3.2e-04, ⟨B·n⟩=4.2e-03, Len=sum([5.2, 5.2, 4.9])=15.4, ϰ=[5.5, 6.7, 5.8], ∫ϰ²/L>=[4.9, 7.1, 8.0], C-C-Sep=0.20, ║∇J║=1.5e-05
Iteration 612/2000-----
currents: [100000.0, 99999.99999691521, 99999.99999577811]
J=3.5e-04, ⟨Jf⟩=3.2e-04, ⟨B·n⟩=4.2e-03, Len=sum([5.2, 5.2, 4.9])=15.4, ϰ=[5.5, 6.7, 5.8], ∫ϰ²/L>=[4.9, 7.1, 8.0], C-C-Sep=0.20, ║∇J║=1.3e-05
Iteration 613/2000-----
currents: [100000.0, 99999.99999691603, 99999.99999577933]
J=3.5e-04, ⟨Jf⟩=3.2e-04, ⟨B·n⟩=4.2e-03, Len=sum([5.2, 5.2, 4.9])=15.4, ϰ=[5.5, 6.7, 5.8], ∫ϰ²/L>=[4.9, 7.1, 8.0], C-C-Sep=0.20, ║∇J║=8.9e-06
Iteration 614/2000-----
currents: [100000.0, 99999.99999691687, 99999.99999578063]
J=3.5e-04, ⟨Jf⟩=3.2e-04, ⟨B·n⟩=4.2e-03, Len=sum([5.2, 5.2, 4.9])=15.4, ϰ=[5.5, 6.7, 5.8], ∫ϰ²/L>=[4.9, 7.1, 8.0], C-C-Sep=0.20, ║∇J║=9.4e-06
Iteration 615/2000-----
currents: [100000.0, 99999.99999691581, 99999.9999957791]
J=3.5e-04, ⟨Jf⟩=3.2e-04, ⟨B·n⟩=4.2e-03, Len=sum([5.2, 5.2, 4.9])=15.4, ϰ=[5.5, 6.7, 5.8], ∫ϰ²/L>=[4.9, 7.1, 8.0], C-C-Sep=0.20, ║∇J║=1.5e-05
Iteration 616/2000-----
currents: [100000.0, 99999.99999691067, 99999.99999577153]
J=3.5e-04, ⟨Jf⟩=3.2e-04, ⟨B·n⟩=4.2e-03, Len=sum([5.2, 5.2, 4.9])=15.4, ϰ=[5.5, 6.7, 5.8], ∫ϰ²/L>=[4.9, 7.1, 8.0], C-C-Sep=0.20, ║∇J║=2.1e-05
Iteration 617/2000-----
currents: [100000.0, 99999.99999690076, 99999.99999575687]
J=3.5e-04, ⟨Jf⟩=3.2e-04, ⟨B·n⟩=4.2e-03, Len=sum([5.2, 5.2, 4.9])=15.4, ϰ=[5.5, 6.7, 5.8], ∫ϰ²/L>=[4.9, 7.1, 8.0], C-C-Sep=0.20, ║∇J║=3.5e-05
Iteration 618/2000-----
currents: [100000.0, 99999.9999968981, 99999.99999575286]
J=3.5e-04, ⟨Jf⟩=3.2e-04, ⟨B·n⟩=4.2e-03, Len=sum([5.2, 5.2, 4.9])=15.4, ϰ=[5.5, 6.7, 5.8], ∫ϰ²/L>=[4.9, 7.1, 8.0], C-C-Sep=0.20, ║∇J║=1.3e-05
Iteration 619/2000-----
currents: [100000.0, 99999.99999689583, 99999.99999574944]
J=3.5e-04, ⟨Jf⟩=3.2e-04, ⟨B·n⟩=4.2e-03, Len=sum([5.2, 5.2, 4.9])=15.4, ϰ=[5.5, 6.7, 5.8], ∫ϰ²/L>=[4.9, 7.1, 8.0], C-C-Sep=0.20, ║∇J║=7.4e-06
Iteration 620/2000-----
currents: [100000.0, 99999.99999689404, 99999.99999574675]
J=3.5e-04, ⟨Jf⟩=3.2e-04, ⟨B·n⟩=4.2e-03, Len=sum([5.2, 5.2, 4.9])=15.4, ϰ=[5.5, 6.7, 5.8], ∫ϰ²/L>=[4.9, 7.1, 8.0], C-C-Sep=0.20, ║∇J║=7.8e-06
Iteration 621/2000-----
currents: [100000.0, 99999.99999689148, 99999.9999957429]
J=3.5e-04, ⟨Jf⟩=3.2e-04, ⟨B·n⟩=4.2e-03, Len=sum([5.2, 5.2, 4.9])=15.4, ϰ=[5.5, 6.7, 5.8], ∫ϰ²/L>=[4.9, 7.1, 8.0], C-C-Sep=0.20, ║∇J║=1.1e-05
Iteration 622/2000-----
currents: [100000.0, 99999.99999688641, 99999.99999573528]
J=3.5e-04, ⟨Jf⟩=3.2e-04, ⟨B·n⟩=4.2e-03, Len=sum([5.2, 5.2, 4.9])=15.4, ϰ=[5.5, 6.7, 5.8], ∫ϰ²/L>=[4.9, 7.1, 8.0], C-C-Sep=0.20, ║∇J║=1.6e-05
Iteration 623/2000-----
currents: [100000.0, 99999.99999687883, 99999.99999572388]
J=3.5e-04, ⟨Jf⟩=3.2e-04, ⟨B·n⟩=4.2e-03, Len=sum([5.2, 5.2, 4.9])=15.4, ϰ=[5.5, 6.7, 5.8], ∫ϰ²/L>=[4.9, 7.1, 8.0], C-C-Sep=0.20, ║∇J║=2.6e-05
Iteration 624/2000-----
currents: [100000.0, 99999.99999687322, 99999.99999571544]
J=3.5e-04, ⟨Jf⟩=3.2e-04, ⟨B·n⟩=4.2e-03, Len=sum([5.2, 5.2, 4.9])=15.4, ϰ=[5.5, 6.7, 5.8], ∫ϰ²/L>=[4.9, 7.1, 8.0], C-C-Sep=0.20, ║∇J║=1.8e-05
Iteration 625/2000-----
currents: [100000.0, 99999.99999686786, 99999.99999570739]
J=3.5e-04, ⟨Jf⟩=3.2e-04, ⟨B·n⟩=4.2e-03, Len=sum([5.2, 5.2, 4.9])=15.4, ϰ=[5.5, 6.7, 5.8], ∫ϰ²/L>=[4.9, 7.1, 8.0], C-C-Sep=0.20, ║∇J║=1.1e-05
Iteration 626/2000-----
currents: [100000.0, 99999.99999686511, 99999.99999570324]
J=3.5e-04, ⟨Jf⟩=3.2e-04, ⟨B·n⟩=4.2e-03, Len=sum([5.2, 5.2, 4.9])=15.4, ϰ=[5.5, 6.7, 5.8], ∫ϰ²/L>=[4.9, 7.1, 8.0], C-C-Sep=0.20, ║∇J║=1.6e-05
Iteration 627/2000-----
currents: [100000.0, 99999.99999686315, 99999.99999570027]
J=3.5e-04, ⟨Jf⟩=3.2e-04, ⟨B·n⟩=4.2e-03, Len=sum([5.2, 5.2, 4.9])=15.4, ϰ=[5.5, 6.7, 5.8], ∫ϰ²/L>=[4.9, 7.1, 8.0], C-C-Sep=0.20, ║∇J║=1.0e-05
Iteration 628/2000-----
currents: [100000.0, 99999.99999686149, 99999.99999569777]
J=3.5e-04, ⟨Jf⟩=3.2e-04, ⟨B·n⟩=4.2e-03, Len=sum([5.2, 5.2, 4.9])=15.4, ϰ=[5.5, 6.7, 5.8], ∫ϰ²/L>=[4.9, 7.1, 8.0], C-C-Sep=0.20, ║∇J║=9.8e-06
Iteration 629/2000-----
currents: [100000.0, 99999.99999685482, 99999.99999568771]
J=3.5e-04, ⟨Jf⟩=3.2e-04, ⟨B·n⟩=4.2e-03, Len=sum([5.2, 5.2, 4.9])=15.4, ϰ=[5.5, 6.7, 5.8], ∫ϰ²/L>=[4.9, 7.1, 8.0], C-C-Sep=0.20, ║∇J║=1.6e-05
Iteration 630/2000-----
currents: [100000.0, 99999.99999684715, 99999.99999567615]
J=3.5e-04, ⟨Jf⟩=3.2e-04, ⟨B·n⟩=4.2e-03, Len=sum([5.2, 5.2, 4.9])=15.4, ϰ=[5.5, 6.7, 5.8], ∫ϰ²/L>=[4.9, 7.1, 8.0], C-C-Sep=0.20, ║∇J║=2.3e-05
Iteration 631/2000-----
currents: [100000.0, 99999.99999683717, 99999.99999566108]
J=3.5e-04, ⟨Jf⟩=3.2e-04, ⟨B·n⟩=4.2e-03, Len=sum([5.2, 5.2, 4.9])=15.4, ϰ=[5.5, 6.7, 5.8], ∫ϰ²/L>=[4.9, 7.1, 8.0], C-C-Sep=0.20, ║∇J║=1.9e-05
Iteration 632/2000-----
currents: [100000.0, 99999.99999682671, 99999.9999956453]
J=3.5e-04, ⟨Jf⟩=3.2e-04, ⟨B·n⟩=4.2e-03, Len=sum([5.2, 5.2, 4.9])=15.4, ϰ=[5.5, 6.7, 5.8], ∫ϰ²/L>=[4.9, 7.1, 8.0], C-C-Sep=0.20, ║∇J║=2.9e-05
Iteration 633/2000-----
currents: [100000.0, 99999.99999682498, 99999.99999564268]
J=3.5e-04, ⟨Jf⟩=3.2e-04, ⟨B·n⟩=4.2e-03, Len=sum([5.2, 5.2, 4.9])=15.4, ϰ=[5.5, 6.7, 5.8], ∫ϰ²/L>=[4.9, 7.1, 8.0], C-C-Sep=0.20, ║∇J║=1.0e-05
Iteration 634/2000-----
currents: [100000.0, 99999.99999682713, 99999.99999564592]
J=3.5e-04, ⟨Jf⟩=3.2e-04, ⟨B·n⟩=4.2e-03, Len=sum([5.2, 5.2, 4.9])=15.4, ϰ=[5.5, 6.7, 5.8], ∫ϰ²/L>=[4.9, 7.1, 8.0], C-C-Sep=0.20, ║∇J║=9.1e-06
Iteration 635/2000-----
currents: [100000.0, 99999.99999682815, 99999.99999564745]
J=3.5e-04, ⟨Jf⟩=3.2e-04, ⟨B·n⟩=4.2e-03, Len=sum([5.2, 5.2, 4.9])=15.4, ϰ=[5.5, 6.7, 5.8], ∫ϰ²/L>=[4.9, 7.1, 8.0], C-C-Sep=0.20, ║∇J║=1.1e-05
Iteration 636/2000-----
currents: [100000.0, 99999.99999682339, 99999.99999564026]
J=3.5e-04, ⟨Jf⟩=3.2e-04, ⟨B·n⟩=4.2e-03, Len=sum([5.2, 5.2, 4.9])=15.4, ϰ=[5.5, 6.7, 5.8], ∫ϰ²/L>=[4.9, 7.1, 8.0], C-C-Sep=0.20, ║∇J║=2.2e-05
Iteration 637/2000-----
currents: [100000.0, 99999.99999681063, 99999.99999562101]
J=3.5e-04, ⟨Jf⟩=3.2e-04, ⟨B·n⟩=4.2e-03, Len=sum([5.2, 5.2, 4.9])=15.4, ϰ=[5.5, 6.7, 5.8], ∫ϰ²/L>=[4.9, 7.1, 8.0], C-C-Sep=0.20, ║∇J║=2.4e-05
Iteration 638/2000-----
currents: [100000.0, 99999.99999678915, 99999.99999558863]
J=3.5e-04, ⟨Jf⟩=3.2e-04, ⟨B·n⟩=4.2e-03, Len=sum([5.2, 5.2, 4.9])=15.4, ϰ=[5.5, 6.7, 5.8], ∫ϰ²/L>=[4.9, 7.1, 8.0], C-C-Sep=0.20, ║∇J║=2.2e-05
Iteration 639/2000-----
currents: [100000.0, 99999.99999676541, 99999.99999555285]
J=3.5e-04, ⟨Jf⟩=3.2e-04, ⟨B·n⟩=4.2e-03, Len=sum([5.2, 5.2, 4.9])=15.4, ϰ=[5.5, 6.7, 5.8], ∫ϰ²/L>=[4.9, 7.1, 8.0], C-C-Sep=0.20, ║∇J║=2.3e-05
Iteration 640/2000-----
currents: [100000.0, 99999.99999676638, 99999.9999955543]
J=3.5e-04, ⟨Jf⟩=3.2e-04, ⟨B·n⟩=4.2e-03, Len=sum([5.2, 5.2, 4.9])=15.4, ϰ=[5.5, 6.7, 5.8], ∫ϰ²/L>=[4.9, 7.1, 8.0], C-C-Sep=0.20, ║∇J║=9.7e-06
Iteration 641/2000-----
currents: [100000.0, 99999.99999676808, 99999.99999555688]
J=3.5e-04, ⟨Jf⟩=3.2e-04, ⟨B·n⟩=4.2e-03, Len=sum([5.2, 5.2, 4.9])=15.4, ϰ=[5.5, 6.7, 5.8], ∫ϰ²/L>=[4.9, 7.1, 8.0], C-C-Sep=0.20, ║∇J║=1.0e-05
Iteration 642/2000-----
currents: [100000.0, 99999.99999676847, 99999.9999955575]
J=3.5e-04, ⟨Jf⟩=3.2e-04, ⟨B·n⟩=4.2e-03, Len=sum([5.2, 5.2, 4.9])=15.4, ϰ=[5.5, 6.7, 5.8], ∫ϰ²/L>=[4.9, 7.1, 8.0], C-C-Sep=0.20, ║∇J║=1.5e-05
Iteration 643/2000-----
currents: [100000.0, 99999.99999676234, 99999.99999554835]
J=3.5e-04, ⟨Jf⟩=3.2e-04, ⟨B·n⟩=4.2e-03, Len=sum([5.2, 5.2, 4.9])=15.4, ϰ=[5.5, 6.7, 5.8], ∫ϰ²/L>=[4.9, 7.1, 8.0], C-C-Sep=0.20, ║∇J║=2.6e-05
Iteration 644/2000-----
currents: [100000.0, 99999.99999674544, 99999.99999552299]
J=3.5e-04, ⟨Jf⟩=3.2e-04, ⟨B·n⟩=4.2e-03, Len=sum([5.2, 5.2, 4.9])=15.4, ϰ=[5.5, 6.7, 5.8], ∫ϰ²/L>=[4.9, 7.1, 8.0], C-C-Sep=0.20, ║∇J║=3.0e-05
Iteration 645/2000-----
currents: [100000.0, 99999.99999672062, 99999.9999954857]
J=3.5e-04, ⟨Jf⟩=3.2e-04, ⟨B·n⟩=4.2e-03, Len=sum([5.2, 5.2, 4.9])=15.4, ϰ=[5.5, 6.7, 5.8], ∫ϰ²/L>=[4.9, 7.1, 8.0], C-C-Sep=0.20, ║∇J║=2.4e-05
Iteration 646/2000-----
currents: [100000.0, 99999.99999669076, 99999.9999954408]
J=3.5e-04, ⟨Jf⟩=3.2e-04, ⟨B·n⟩=4.2e-03, Len=sum([5.2, 5.2, 4.9])=15.4, ϰ=[5.5, 6.7, 5.8], ∫ϰ²/L>=[4.9, 7.1, 8.0], C-C-Sep=0.20, ║∇J║=2.4e-05
Iteration 647/2000-----
currents: [100000.0, 99999.99999668772, 99999.9999954362]
J=3.5e-04, ⟨Jf⟩=3.2e-04, ⟨B·n⟩=4.2e-03, Len=sum([5.2, 5.2, 4.9])=15.4, ϰ=[5.5, 6.7, 5.8], ∫ϰ²/L>=[4.9, 7.1, 8.0], C-C-Sep=0.20, ║∇J║=1.2e-05
Iteration 648/2000-----
currents: [100000.0, 99999.99999668972, 99999.9999954392]
J=3.5e-04, ⟨Jf⟩=3.2e-04, ⟨B·n⟩=4.2e-03, Len=sum([5.2, 5.2, 4.9])=15.4, ϰ=[5.5, 6.7, 5.8], ∫ϰ²/L>=[4.9, 7.1, 8.0], C-C-Sep=0.20, ║∇J║=1.1e-05
Iteration 649/2000-----
currents: [100000.0, 99999.99999669091, 99999.99999544103]
J=3.5e-04, ⟨Jf⟩=3.2e-04, ⟨B·n⟩=4.2e-03, Len=sum([5.2, 5.2, 4.9])=15.4, ϰ=[5.5, 6.7, 5.8], ∫ϰ²/L>=[4.9, 7.1, 8.0], C-C-Sep=0.20, ║∇J║=1.3e-05
Iteration 650/2000-----
currents: [100000.0, 99999.99999668279, 99999.99999542891]
J=3.5e-04, ⟨Jf⟩=3.2e-04, ⟨B·n⟩=4.2e-03, Len=sum([5.2, 5.2, 4.9])=15.4, ϰ=[5.5, 6.7, 5.8], ∫ϰ²/L>=[4.9, 7.1, 8.0], C-C-Sep=0.20, ║∇J║=2.6e-05
Iteration 651/2000-----
currents: [100000.0, 99999.99999666419, 99999.9999954011]
J=3.5e-04, ⟨Jf⟩=3.2e-04, ⟨B·n⟩=4.2e-03, Len=sum([5.2, 5.2, 4.9])=15.4, ϰ=[5.5, 6.7, 5.8], ∫ϰ²/L>=[4.9, 7.1, 8.0], C-C-Sep=0.20, ║∇J║=2.7e-05
Iteration 652/2000-----
currents: [100000.0, 99999.99999662333, 99999.99999533991]
J=3.5e-04, ⟨Jf⟩=3.2e-04, ⟨B·n⟩=4.2e-03, Len=sum([5.2, 5.2, 4.9])=15.4, ϰ=[5.5, 6.7, 5.8], ∫ϰ²/L>=[4.9, 7.1, 8.0], C-C-Sep=0.20, ║∇J║=4.2e-05
Iteration 653/2000-----
currents: [100000.0, 99999.99999659446, 99999.99999529665]
J=3.5e-04, ⟨Jf⟩=3.2e-04, ⟨B·n⟩=4.2e-03, Len=sum([5.2, 5.2, 4.9])=15.4, ϰ=[5.5, 6.7, 5.8], ∫ϰ²/L>=[4.9, 7.1, 8.0], C-C-Sep=0.20, ║∇J║=1.9e-05
Iteration 654/2000-----
currents: [100000.0, 99999.99999659543, 99999.99999529809]
J=3.5e-04, ⟨Jf⟩=3.2e-04, ⟨B·n⟩=4.2e-03, Len=sum([5.2, 5.2, 4.9])=15.4, ϰ=[5.5, 6.7, 5.8], ∫ϰ²/L>=[4.9, 7.1, 8.0], C-C-Sep=0.20, ║∇J║=1.1e-05
Iteration 655/2000-----
currents: [100000.0, 99999.99999659324, 99999.99999529478]
J=3.5e-04, ⟨Jf⟩=3.2e-04, ⟨B·n⟩=4.2e-03, Len=sum([5.2, 5.2, 4.9])=15.4, ϰ=[5.5, 6.7, 5.8], ∫ϰ²/L>=[4.9, 7.1, 8.0], C-C-Sep=0.20, ║∇J║=1.4e-05
Iteration 656/2000-----
currents: [100000.0, 99999.9999965856, 99999.99999528335]
J=3.5e-04, ⟨Jf⟩=3.2e-04, ⟨B·n⟩=4.2e-03, Len=sum([5.2, 5.2, 4.9])=15.4, ϰ=[5.5, 6.7, 5.8], ∫ϰ²/L>=[4.9, 7.1, 8.0], C-C-Sep=0.20, ║∇J║=2.1e-05
Iteration 657/2000-----
currents: [100000.0, 99999.99999655945, 99999.99999524423]
J=3.5e-04, ⟨Jf⟩=3.2e-04, ⟨B·n⟩=4.2e-03, Len=sum([5.2, 5.2, 4.9])=15.4, ϰ=[5.5, 6.7, 5.8], ∫ϰ²/L>=[4.9, 7.1, 8.0], C-C-Sep=0.20, ║∇J║=3.7e-05
Iteration 658/2000-----
currents: [100000.0, 99999.99999650907, 99999.99999516887]
J=3.5e-04, ⟨Jf⟩=3.2e-04, ⟨B·n⟩=4.2e-03, Len=sum([5.2, 5.2, 4.9])=15.4, ϰ=[5.5, 6.7, 5.8], ∫ϰ²/L>=[4.9, 7.1, 8.0], C-C-Sep=0.20, ║∇J║=4.8e-05
Iteration 659/2000-----
currents: [100000.0, 99999.99999645994, 99999.99999509542]
J=3.5e-04, ⟨Jf⟩=3.2e-04, ⟨B·n⟩=4.2e-03, Len=sum([5.2, 5.2, 4.9])=15.4, ϰ=[5.5, 6.7, 5.8], ∫ϰ²/L>=[4.9, 7.1, 8.0], C-C-Sep=0.20, ║∇J║=3.6e-05
Iteration 660/2000-----
currents: [100000.0, 99999.99999642778, 99999.99999504739]
J=3.5e-04, ⟨Jf⟩=3.2e-04, ⟨B·n⟩=4.2e-03, Len=sum([5.2, 5.2, 4.9])=15.4, ϰ=[5.5, 6.7, 5.8], ∫ϰ²/L>=[4.9, 7.1, 8.0], C-C-Sep=0.20, ║∇J║=2.2e-05
Iteration 661/2000-----
currents: [100000.0, 99999.99999642368, 99999.99999504126]
J=3.5e-04, ⟨Jf⟩=3.2e-04, ⟨B·n⟩=4.2e-03, Len=sum([5.2, 5.2, 4.9])=15.4, ϰ=[5.5, 6.7, 5.8], ∫ϰ²/L>=[4.9, 7.1, 8.0], C-C-Sep=0.20, ║∇J║=1.9e-05
Iteration 662/2000-----
currents: [100000.0, 99999.99999642577, 99999.99999504437]
J=3.5e-04, ⟨Jf⟩=3.2e-04, ⟨B·n⟩=4.2e-03, Len=sum([5.2, 5.2, 4.9])=15.4, ϰ=[5.5, 6.7, 5.8], ∫ϰ²/L>=[4.9, 7.1, 8.0], C-C-Sep=0.20, ║∇J║=1.5e-05
Iteration 663/2000-----
currents: [100000.0, 99999.99999642499, 99999.99999504312]
J=3.5e-04, ⟨Jf⟩=3.2e-04, ⟨B·n⟩=4.2e-03, Len=sum([5.2, 5.2, 4.9])=15.4, ϰ=[5.5, 6.7, 5.8], ∫ϰ²/L>=[4.9, 7.1, 8.0], C-C-Sep=0.20, ║∇J║=1.9e-05
Iteration 664/2000-----
currents: [100000.0, 99999.99999640865, 99999.99999501853]
J=3.5e-04, ⟨Jf⟩=3.2e-04, ⟨B·n⟩=4.2e-03, Len=sum([5.2, 5.2, 4.9])=15.4, ϰ=[5.5, 6.7, 5.8], ∫ϰ²/L>=[4.9, 7.1, 8.0], C-C-Sep=0.20, ║∇J║=3.3e-05
Iteration 665/2000-----
currents: [100000.0, 99999.99999636255, 99999.99999494929]
J=3.5e-04, ⟨Jf⟩=3.2e-04, ⟨B·n⟩=4.2e-03, Len=sum([5.2, 5.2, 4.9])=15.4, ϰ=[5.5, 6.7, 5.8], ∫ϰ²/L>=[4.9, 7.1, 8.0], C-C-Sep=0.20, ║∇J║=4.4e-05
Iteration 666/2000-----
currents: [100000.0, 99999.99999627129, 99999.99999481233]
J=3.5e-04, ⟨Jf⟩=3.2e-04, ⟨B·n⟩=4.2e-03, Len=sum([5.2, 5.2, 4.9])=15.4, ϰ=[5.5, 6.7, 5.8], ∫ϰ²/L>=[4.9, 7.1, 8.0], C-C-Sep=0.20, ║∇J║=9.6e-05
Iteration 667/2000-----
currents: [100000.0, 99999.99999624328, 99999.99999477033]
J=3.5e-04, ⟨Jf⟩=3.2e-04, ⟨B·n⟩=4.2e-03, Len=sum([5.2, 5.2, 4.9])=15.4, ϰ=[5.5, 6.7, 5.8], ∫ϰ²/L>=[4.9, 7.1, 8.0], C-C-Sep=0.20, ║∇J║=3.6e-05
Iteration 668/2000-----
currents: [100000.0, 99999.99999622758, 99999.99999474683]
J=3.5e-04, ⟨Jf⟩=3.2e-04, ⟨B·n⟩=4.2e-03, Len=sum([5.2, 5.2, 4.9])=15.4, ϰ=[5.5, 6.7, 5.8], ∫ϰ²/L>=[4.9, 7.1, 8.0], C-C-Sep=0.20, ║∇J║=1.9e-05
Iteration 669/2000-----
currents: [100000.0, 99999.99999620931, 99999.99999471947]
J=3.5e-04, ⟨Jf⟩=3.2e-04, ⟨B·n⟩=4.2e-03, Len=sum([5.2, 5.2, 4.9])=15.4, ϰ=[5.5, 6.7, 5.8], ∫ϰ²/L>=[4.9, 7.1, 8.0], C-C-Sep=0.20, ║∇J║=1.9e-05
Iteration 670/2000-----
currents: [100000.0, 99999.99999619192, 99999.9999946934]
J=3.5e-04, ⟨Jf⟩=3.2e-04, ⟨B·n⟩=4.2e-03, Len=sum([5.2, 5.2, 4.9])=15.4, ϰ=[5.5, 6.7, 5.8], ∫ϰ²/L>=[4.9, 7.1, 8.0], C-C-Sep=0.20, ║∇J║=2.3e-05
Iteration 671/2000-----
currents: [100000.0, 99999.99999614373, 99999.99999462107]
J=3.5e-04, ⟨Jf⟩=3.2e-04, ⟨B·n⟩=4.2e-03, Len=sum([5.2, 5.2, 4.9])=15.4, ϰ=[5.5, 6.7, 5.8], ∫ϰ²/L>=[4.9, 7.1, 8.0], C-C-Sep=0.20, ║∇J║=3.7e-05
Iteration 672/2000-----
currents: [100000.0, 99999.99999606775, 99999.99999450702]
J=3.5e-04, ⟨Jf⟩=3.2e-04, ⟨B·n⟩=4.2e-03, Len=sum([5.2, 5.2, 4.9])=15.4, ϰ=[5.5, 6.7, 5.8], ∫ϰ²/L>=[4.9, 7.1, 8.0], C-C-Sep=0.20, ║∇J║=8.0e-05
Iteration 673/2000-----
currents: [100000.0, 99999.99999602791, 99999.9999944472]
J=3.5e-04, ⟨Jf⟩=3.2e-04, ⟨B·n⟩=4.2e-03, Len=sum([5.2, 5.2, 4.9])=15.4, ϰ=[5.5, 6.7, 5.8], ∫ϰ²/L>=[4.9, 7.1, 8.0], C-C-Sep=0.20, ║∇J║=5.1e-05
Iteration 674/2000-----
currents: [100000.0, 99999.99999595368, 99999.99999433571]
J=3.5e-04, ⟨Jf⟩=3.2e-04, ⟨B·n⟩=4.2e-03, Len=sum([5.2, 5.2, 4.9])=15.4, ϰ=[5.5, 6.7, 5.8], ∫ϰ²/L>=[4.9, 7.1, 8.0], C-C-Sep=0.20, ║∇J║=3.4e-05
Iteration 675/2000-----
currents: [100000.0, 99999.9999959198, 99999.99999428487]
J=3.5e-04, ⟨Jf⟩=3.2e-04, ⟨B·n⟩=4.2e-03, Len=sum([5.2, 5.2, 4.9])=15.4, ϰ=[5.5, 6.7, 5.8], ∫ϰ²/L>=[4.9, 7.1, 8.0], C-C-Sep=0.20, ║∇J║=2.9e-05
Iteration 676/2000-----
currents: [100000.0, 99999.99999587196, 99999.99999421308]
J=3.5e-04, ⟨Jf⟩=3.2e-04, ⟨B·n⟩=4.2e-03, Len=sum([5.2, 5.2, 4.9])=15.4, ϰ=[5.5, 6.7, 5.8], ∫ϰ²/L>=[4.9, 7.1, 8.0], C-C-Sep=0.20, ║∇J║=3.7e-05
Iteration 677/2000-----
currents: [100000.0, 99999.99999584453, 99999.99999417196]
J=3.5e-04, ⟨Jf⟩=3.2e-04, ⟨B·n⟩=4.2e-03, Len=sum([5.2, 5.2, 4.9])=15.4, ϰ=[5.5, 6.7, 5.8], ∫ϰ²/L>=[4.9, 7.1, 8.0], C-C-Sep=0.20, ║∇J║=2.7e-05
Iteration 678/2000-----
currents: [100000.0, 99999.99999582254, 99999.99999413898]
J=3.5e-04, ⟨Jf⟩=3.2e-04, ⟨B·n⟩=4.2e-03, Len=sum([5.2, 5.2, 4.9])=15.4, ϰ=[5.5, 6.7, 5.8], ∫ϰ²/L>=[4.9, 7.1, 8.0], C-C-Sep=0.20, ║∇J║=3.2e-05
Iteration 679/2000-----
currents: [100000.0, 99999.99999574371, 99999.99999402072]
J=3.5e-04, ⟨Jf⟩=3.2e-04, ⟨B·n⟩=4.2e-03, Len=sum([5.2, 5.2, 4.9])=15.4, ϰ=[5.5, 6.7, 5.8], ∫ϰ²/L>=[4.9, 7.1, 8.0], C-C-Sep=0.20, ║∇J║=5.3e-05
Iteration 680/2000-----
currents: [100000.0, 99999.99999564554, 99999.99999387337]
J=3.5e-04, ⟨Jf⟩=3.2e-04, ⟨B·n⟩=4.2e-03, Len=sum([5.2, 5.2, 4.9])=15.4, ϰ=[5.5, 6.7, 5.8], ∫ϰ²/L>=[4.9, 7.1, 8.0], C-C-Sep=0.20, ║∇J║=8.0e-05
Iteration 681/2000-----
currents: [100000.0, 99999.99999555934, 99999.99999374393]
J=3.5e-04, ⟨Jf⟩=3.2e-04, ⟨B·n⟩=4.2e-03, Len=sum([5.2, 5.2, 4.9])=15.4, ϰ=[5.5, 6.7, 5.8], ∫ϰ²/L>=[4.9, 7.1, 8.0], C-C-Sep=0.20, ║∇J║=5.4e-05
Iteration 682/2000-----
currents: [100000.0, 99999.99999546804, 99999.9999936068]
J=3.5e-04, ⟨Jf⟩=3.2e-04, ⟨B·n⟩=4.2e-03, Len=sum([5.2, 5.2, 4.9])=15.4, ϰ=[5.5, 6.7, 5.8], ∫ϰ²/L>=[4.9, 7.1, 8.0], C-C-Sep=0.20, ║∇J║=3.3e-05
Iteration 683/2000-----
currents: [100000.0, 99999.99999544444, 99999.99999357133]
J=3.5e-04, ⟨Jf⟩=3.2e-04, ⟨B·n⟩=4.2e-03, Len=sum([5.2, 5.2, 4.9])=15.4, ϰ=[5.5, 6.7, 5.8], ∫ϰ²/L>=[4.9, 7.1, 8.0], C-C-Sep=0.20, ║∇J║=4.3e-05
Iteration 684/2000-----
currents: [100000.0, 99999.99999544205, 99999.99999356775]
J=3.5e-04, ⟨Jf⟩=3.2e-04, ⟨B·n⟩=4.2e-03, Len=sum([5.2, 5.2, 4.9])=15.4, ϰ=[5.5, 6.7, 5.8], ∫ϰ²/L>=[4.9, 7.1, 8.0], C-C-Sep=0.20, ║∇J║=2.7e-05
Iteration 685/2000-----
currents: [100000.0, 99999.9999954289, 99999.99999354802]
J=3.5e-04, ⟨Jf⟩=3.2e-04, ⟨B·n⟩=4.2e-03, Len=sum([5.2, 5.2, 4.9])=15.4, ϰ=[5.5, 6.7, 5.8], ∫ϰ²/L>=[4.9, 7.1, 8.0], C-C-Sep=0.20, ║∇J║=2.7e-05
Iteration 686/2000-----
currents: [100000.0, 99999.99999539589, 99999.99999349848]
J=3.5e-04, ⟨Jf⟩=3.2e-04, ⟨B·n⟩=4.2e-03, Len=sum([5.2, 5.2, 4.9])=15.4, ϰ=[5.5, 6.7, 5.8], ∫ϰ²/L>=[4.9, 7.1, 8.0], C-C-Sep=0.20, ║∇J║=4.0e-05
Iteration 687/2000-----
currents: [100000.0, 99999.99999531341, 99999.99999337464]
J=3.5e-04, ⟨Jf⟩=3.2e-04, ⟨B·n⟩=4.2e-03, Len=sum([5.2, 5.2, 4.9])=15.4, ϰ=[5.5, 6.7, 5.8], ∫ϰ²/L>=[4.9, 7.1, 8.0], C-C-Sep=0.20, ║∇J║=5.7e-05
Iteration 688/2000-----
currents: [100000.0, 99999.99999514228, 99999.99999311764]
J=3.5e-04, ⟨Jf⟩=3.2e-04, ⟨B·n⟩=4.2e-03, Len=sum([5.2, 5.2, 4.9])=15.4, ϰ=[5.5, 6.7, 5.8], ∫ϰ²/L>=[4.9, 7.1, 8.0], C-C-Sep=0.20, ║∇J║=8.0e-05
Iteration 689/2000-----
currents: [100000.0, 99999.99999479183, 99999.99999259126]
J=3.5e-04, ⟨Jf⟩=3.2e-04, ⟨B·n⟩=4.2e-03, Len=sum([5.2, 5.2, 4.9])=15.4, ϰ=[5.5, 6.7, 5.8], ∫ϰ²/L>=[4.9, 7.1, 8.0], C-C-Sep=0.20, ║∇J║=1.5e-04
Iteration 690/2000-----
currents: [100000.0, 99999.99999478276, 99999.99999257756]
J=3.5e-04, ⟨Jf⟩=3.2e-04, ⟨B·n⟩=4.2e-03, Len=sum([5.2, 5.2, 4.9])=15.4, ϰ=[5.5, 6.7, 5.8], ∫ϰ²/L>=[4.9, 7.1, 8.0], C-C-Sep=0.20, ║∇J║=5.9e-05
Iteration 691/2000-----
currents: [100000.0, 99999.99999475716, 99999.99999253901]
J=3.5e-04, ⟨Jf⟩=3.2e-04, ⟨B·n⟩=4.2e-03, Len=sum([5.2, 5.2, 4.9])=15.4, ϰ=[5.5, 6.7, 5.8], ∫ϰ²/L>=[4.9, 7.1, 8.0], C-C-Sep=0.20, ║∇J║=4.0e-05
Iteration 692/2000-----
currents: [100000.0, 99999.9999947084, 99999.9999924657]
J=3.5e-04, ⟨Jf⟩=3.2e-04, ⟨B·n⟩=4.2e-03, Len=sum([5.2, 5.2, 4.9])=15.4, ϰ=[5.5, 6.7, 5.8], ∫ϰ²/L>=[4.9, 7.1, 8.0], C-C-Sep=0.20, ║∇J║=3.6e-05
Iteration 693/2000-----
currents: [100000.0, 99999.99999463311, 99999.99999235255]
J=3.5e-04, ⟨Jf⟩=3.2e-04, ⟨B·n⟩=4.2e-03, Len=sum([5.2, 5.2, 4.9])=15.4, ϰ=[5.5, 6.7, 5.8], ∫ϰ²/L>=[4.9, 7.1, 8.0], C-C-Sep=0.20, ║∇J║=4.8e-05
Iteration 694/2000-----
currents: [100000.0, 99999.99999447602, 99999.99999211651]
J=3.5e-04, ⟨Jf⟩=3.2e-04, ⟨B·n⟩=4.2e-03, Len=sum([5.2, 5.2, 4.9])=15.4, ϰ=[5.5, 6.7, 5.8], ∫ϰ²/L>=[4.9, 7.1, 8.0], C-C-Sep=0.20, ║∇J║=6.1e-05
Iteration 695/2000-----
currents: [100000.0, 99999.99999425453, 99999.99999178377]
J=3.5e-04, ⟨Jf⟩=3.2e-04, ⟨B·n⟩=4.2e-03, Len=sum([5.2, 5.2, 4.9])=15.4, ϰ=[5.5, 6.7, 5.8], ∫ϰ²/L>=[4.9, 7.1, 8.0], C-C-Sep=0.20, ║∇J║=9.1e-05
Iteration 696/2000-----
currents: [100000.0, 99999.9999938783, 99999.99999121859]
J=3.5e-04, ⟨Jf⟩=3.2e-04, ⟨B·n⟩=4.2e-03, Len=sum([5.2, 5.2, 4.9])=15.4, ϰ=[5.5, 6.7, 5.8], ∫ϰ²/L>=[4.9, 7.1, 8.0], C-C-Sep=0.20, ║∇J║=1.1e-04
Iteration 697/2000-----
currents: [100000.0, 99999.99999352492, 99999.99999068772]
J=3.5e-04, ⟨Jf⟩=3.2e-04, ⟨B·n⟩=4.2e-03, Len=sum([5.2, 5.2, 4.9])=15.4, ϰ=[5.5, 6.7, 5.9], ∫ϰ²/L>=[4.9, 7.1, 8.0], C-C-Sep=0.20, ║∇J║=1.5e-04
Iteration 698/2000-----
currents: [100000.0, 99999.99999361041, 99999.99999081616]
J=3.5e-04, ⟨Jf⟩=3.2e-04, ⟨B·n⟩=4.2e-03, Len=sum([5.2, 5.2, 4.9])=15.4, ϰ=[5.5, 6.7, 5.9], ∫ϰ²/L>=[4.9, 7.1, 8.0], C-C-Sep=0.20, ║∇J║=5.2e-05
Iteration 699/2000-----
currents: [100000.0, 99999.99999363617, 99999.99999085486]
J=3.5e-04, ⟨Jf⟩=3.2e-04, ⟨B·n⟩=4.2e-03, Len=sum([5.2, 5.2, 4.9])=15.4, ϰ=[5.5, 6.7, 5.9], ∫ϰ²/L>=[4.9, 7.1, 8.0], C-C-Sep=0.20, ║∇J║=3.7e-05
Iteration 700/2000-----
currents: [100000.0, 99999.99999360844, 99999.99999081317]
J=3.5e-04, ⟨Jf⟩=3.2e-04, ⟨B·n⟩=4.2e-03, Len=sum([5.2, 5.2, 4.9])=15.4, ϰ=[5.5, 6.7, 5.9], ∫ϰ²/L>=[4.9, 7.1, 8.0], C-C-Sep=0.20, ║∇J║=4.3e-05
Iteration 701/2000-----
currents: [100000.0, 99999.99999350776, 99999.99999066186]
J=3.5e-04, ⟨Jf⟩=3.2e-04, ⟨B·n⟩=4.2e-03, Len=sum([5.2, 5.2, 4.9])=15.4, ϰ=[5.5, 6.7, 5.9], ∫ϰ²/L>=[4.9, 7.1, 8.0], C-C-Sep=0.20, ║∇J║=6.4e-05
Iteration 702/2000-----
currents: [100000.0, 99999.99999326593, 99999.99999029838]
J=3.5e-04, ⟨Jf⟩=3.2e-04, ⟨B·n⟩=4.2e-03, Len=sum([5.2, 5.2, 4.9])=15.4, ϰ=[5.5, 6.7, 5.9], ∫ϰ²/L>=[4.9, 7.1, 8.0], C-C-Sep=0.20, ║∇J║=9.8e-05
Iteration 703/2000-----
currents: [100000.0, 99999.9999929008, 99999.9999897497]
J=3.5e-04, ⟨Jf⟩=3.2e-04, ⟨B·n⟩=4.2e-03, Len=sum([5.2, 5.2, 4.9])=15.4, ϰ=[5.5, 6.7, 5.9], ∫ϰ²/L>=[4.9, 7.1, 8.0], C-C-Sep=0.20, ║∇J║=1.1e-04
Iteration 704/2000-----
currents: [100000.0, 99999.99999242483, 99999.9999890345]
J=3.5e-04, ⟨Jf⟩=3.2e-04, ⟨B·n⟩=4.2e-03, Len=sum([5.2, 5.2, 4.9])=15.4, ϰ=[5.5, 6.7, 5.9], ∫ϰ²/L>=[4.9, 7.1, 8.0], C-C-Sep=0.20, ║∇J║=9.9e-05
Iteration 705/2000-----
currents: [100000.0, 99999.99999191581, 99999.99998826982]
J=3.5e-04, ⟨Jf⟩=3.2e-04, ⟨B·n⟩=4.2e-03, Len=sum([5.2, 5.2, 4.9])=15.4, ϰ=[5.5, 6.7, 5.9], ∫ϰ²/L>=[4.9, 7.1, 8.0], C-C-Sep=0.20, ║∇J║=1.2e-04
Iteration 706/2000-----
currents: [100000.0, 99999.99999212599, 99999.99998858552]
J=3.5e-04, ⟨Jf⟩=3.2e-04, ⟨B·n⟩=4.2e-03, Len=sum([5.2, 5.2, 4.9])=15.4, ϰ=[5.5, 6.7, 5.9], ∫ϰ²/L>=[4.9, 7.1, 8.0], C-C-Sep=0.20, ║∇J║=5.5e-05
Iteration 707/2000-----
currents: [100000.0, 99999.99999216147, 99999.9999886389]
J=3.5e-04, ⟨Jf⟩=3.2e-04, ⟨B·n⟩=4.2e-03, Len=sum([5.2, 5.2, 4.9])=15.4, ϰ=[5.5, 6.7, 5.9], ∫ϰ²/L>=[4.9, 7.1, 8.0], C-C-Sep=0.20, ║∇J║=5.0e-05
Iteration 708/2000-----
currents: [100000.0, 99999.99999214055, 99999.99998860747]
J=3.5e-04, ⟨Jf⟩=3.2e-04, ⟨B·n⟩=4.2e-03, Len=sum([5.2, 5.2, 4.9])=15.4, ϰ=[5.5, 6.7, 5.9], ∫ϰ²/L>=[4.9, 7.1, 8.0], C-C-Sep=0.20, ║∇J║=6.8e-05
Iteration 709/2000-----
currents: [100000.0, 99999.99999195541, 99999.99998832916]
J=3.5e-04, ⟨Jf⟩=3.2e-04, ⟨B·n⟩=4.2e-03, Len=sum([5.2, 5.2, 4.9])=15.4, ϰ=[5.5, 6.7, 5.9], ∫ϰ²/L>=[4.9, 7.1, 8.0], C-C-Sep=0.20, ║∇J║=1.2e-04
Iteration 710/2000-----
currents: [100000.0, 99999.99999161848, 99999.99998782275]
J=3.5e-04, ⟨Jf⟩=3.2e-04, ⟨B·n⟩=4.2e-03, Len=sum([5.2, 5.2, 4.9])=15.4, ϰ=[5.5, 6.7, 5.9], ∫ϰ²/L>=[4.9, 7.1, 8.0], C-C-Sep=0.20, ║∇J║=1.1e-04
Iteration 711/2000-----
currents: [100000.0, 99999.99999084814, 99999.99998666495]
J=3.5e-04, ⟨Jf⟩=3.2e-04, ⟨B·n⟩=4.2e-03, Len=sum([5.2, 5.2, 4.9])=15.4, ϰ=[5.5, 6.7, 5.9], ∫ϰ²/L>=[4.9, 7.1, 8.0], C-C-Sep=0.20, ║∇J║=1.2e-04
Iteration 712/2000-----
currents: [100000.0, 99999.99999047123, 99999.99998609767]
J=3.5e-04, ⟨Jf⟩=3.2e-04, ⟨B·n⟩=4.2e-03, Len=sum([5.2, 5.2, 4.9])=15.4, ϰ=[5.4, 6.7, 5.9], ∫ϰ²/L>=[4.9, 7.1, 8.0], C-C-Sep=0.20, ║∇J║=3.2e-04
Iteration 713/2000-----
currents: [100000.0, 99999.99999065537, 99999.99998637481]
J=3.5e-04, ⟨Jf⟩=3.2e-04, ⟨B·n⟩=4.2e-03, Len=sum([5.2, 5.2, 4.9])=15.4, ϰ=[5.5, 6.7, 5.9], ∫ϰ²/L>=[4.9, 7.1, 8.0], C-C-Sep=0.20, ║∇J║=1.7e-04
Iteration 714/2000-----
currents: [100000.0, 99999.99999043552, 99999.99998604423]
J=3.5e-04, ⟨Jf⟩=3.2e-04, ⟨B·n⟩=4.2e-03, Len=sum([5.2, 5.2, 4.9])=15.4, ϰ=[5.5, 6.7, 5.9], ∫ϰ²/L>=[4.9, 7.1, 8.0], C-C-Sep=0.20, ║∇J║=1.0e-04
Iteration 715/2000-----
currents: [100000.0, 99999.99999018224, 99999.99998566367]
J=3.5e-04, ⟨Jf⟩=3.2e-04, ⟨B·n⟩=4.2e-03, Len=sum([5.2, 5.2, 4.9])=15.4, ϰ=[5.5, 6.7, 5.9], ∫ϰ²/L>=[4.9, 7.1, 8.0], C-C-Sep=0.20, ║∇J║=7.2e-05
Iteration 716/2000-----
currents: [100000.0, 99999.9999903531, 99999.9999859201]
J=3.5e-04, ⟨Jf⟩=3.2e-04, ⟨B·n⟩=4.2e-03, Len=sum([5.2, 5.2, 4.9])=15.4, ϰ=[5.5, 6.7, 5.9], ∫ϰ²/L>=[4.9, 7.1, 8.0], C-C-Sep=0.20, ║∇J║=8.4e-05
Iteration 717/2000-----
currents: [100000.0, 99999.99999023222, 99999.99998573848]
J=3.5e-04, ⟨Jf⟩=3.2e-04, ⟨B·n⟩=4.2e-03, Len=sum([5.2, 5.2, 4.9])=15.4, ϰ=[5.5, 6.7, 5.9], ∫ϰ²/L>=[4.9, 7.1, 8.0], C-C-Sep=0.20, ║∇J║=6.3e-05
Iteration 718/2000-----
currents: [100000.0, 99999.99999008008, 99999.99998550976]
J=3.5e-04, ⟨Jf⟩=3.2e-04, ⟨B·n⟩=4.2e-03, Len=sum([5.2, 5.2, 4.9])=15.4, ϰ=[5.5, 6.7, 5.9], ∫ϰ²/L>=[4.9, 7.1, 8.0], C-C-Sep=0.20, ║∇J║=7.5e-05
Iteration 719/2000-----
currents: [100000.0, 99999.99998988658, 99999.99998521875]
J=3.5e-04, ⟨Jf⟩=3.2e-04, ⟨B·n⟩=4.2e-03, Len=sum([5.2, 5.2, 4.9])=15.4, ϰ=[5.4, 6.7, 5.9], ∫ϰ²/L>=[4.9, 7.1, 8.0], C-C-Sep=0.20, ║∇J║=1.2e-04
Iteration 720/2000-----
currents: [100000.0, 99999.99998951604, 99999.99998466157]
J=3.5e-04, ⟨Jf⟩=3.2e-04, ⟨B·n⟩=4.2e-03, Len=sum([5.2, 5.2, 4.9])=15.4, ϰ=[5.4, 6.7, 5.9], ∫ϰ²/L>=[4.9, 7.1, 8.0], C-C-Sep=0.20, ║∇J║=1.2e-04
Iteration 721/2000-----
currents: [100000.0, 99999.99998892206, 99999.99998376846]
J=3.5e-04, ⟨Jf⟩=3.2e-04, ⟨B·n⟩=4.2e-03, Len=sum([5.2, 5.2, 4.9])=15.4, ϰ=[5.4, 6.7, 5.9], ∫ϰ²/L>=[4.9, 7.1, 8.0], C-C-Sep=0.20, ║∇J║=2.2e-04
Iteration 722/2000-----
currents: [100000.0, 99999.99998852062, 99999.99998316503]
J=3.5e-04, ⟨Jf⟩=3.2e-04, ⟨B·n⟩=4.2e-03, Len=sum([5.2, 5.2, 4.9])=15.4, ϰ=[5.4, 6.7, 5.9], ∫ϰ²/L>=[4.9, 7.1, 8.0], C-C-Sep=0.20, ║∇J║=1.2e-04
Iteration 723/2000-----
currents: [100000.0, 99999.99998871496, 99999.99998345718]
J=3.5e-04, ⟨Jf⟩=3.2e-04, ⟨B·n⟩=4.2e-03, Len=sum([5.2, 5.2, 4.9])=15.4, ϰ=[5.4, 6.7, 5.9], ∫ϰ²/L>=[4.9, 7.1, 8.0], C-C-Sep=0.20, ║∇J║=5.8e-05
Iteration 724/2000-----
currents: [100000.0, 99999.99998857624, 99999.99998324896]
J=3.5e-04, ⟨Jf⟩=3.2e-04, ⟨B·n⟩=4.2e-03, Len=sum([5.2, 5.2, 4.9])=15.4, ϰ=[5.4, 6.7, 5.9], ∫ϰ²/L>=[4.9, 7.1, 8.0], C-C-Sep=0.20, ║∇J║=5.4e-05
Iteration 725/2000-----
currents: [100000.0, 99999.9999885773, 99999.99998325051]
J=3.5e-04, ⟨Jf⟩=3.2e-04, ⟨B·n⟩=4.2e-03, Len=sum([5.2, 5.2, 4.9])=15.4, ϰ=[5.4, 6.7, 5.9], ∫ϰ²/L>=[4.9, 7.1, 8.0], C-C-Sep=0.20, ║∇J║=6.2e-05
Iteration 726/2000-----
currents: [100000.0, 99999.99998840276, 99999.99998298817]
J=3.5e-04, ⟨Jf⟩=3.2e-04, ⟨B·n⟩=4.2e-03, Len=sum([5.2, 5.2, 4.9])=15.4, ϰ=[5.4, 6.7, 5.9], ∫ϰ²/L>=[4.9, 7.1, 8.0], C-C-Sep=0.20, ║∇J║=6.8e-05
Iteration 727/2000-----
currents: [100000.0, 99999.99998811571, 99999.9999825566]
J=3.5e-04, ⟨Jf⟩=3.2e-04, ⟨B·n⟩=4.2e-03, Len=sum([5.2, 5.2, 4.9])=15.4, ϰ=[5.4, 6.7, 5.9], ∫ϰ²/L>=[4.9, 7.1, 8.0], C-C-Sep=0.20, ║∇J║=1.3e-04
Iteration 728/2000-----
currents: [100000.0, 99999.99998780142, 99999.99998208394]
J=3.5e-04, ⟨Jf⟩=3.2e-04, ⟨B·n⟩=4.2e-03, Len=sum([5.2, 5.2, 4.9])=15.4, ϰ=[5.4, 6.7, 5.9], ∫ϰ²/L>=[4.9, 7.1, 8.0], C-C-Sep=0.20, ║∇J║=9.9e-05
Iteration 729/2000-----
currents: [100000.0, 99999.99998749602, 99999.99998162466]
J=3.5e-04, ⟨Jf⟩=3.2e-04, ⟨B·n⟩=4.2e-03, Len=sum([5.2, 5.2, 4.9])=15.4, ϰ=[5.4, 6.7, 5.8], ∫ϰ²/L>=[4.9, 7.1, 8.0], C-C-Sep=0.20, ║∇J║=8.8e-05
Iteration 730/2000-----
currents: [100000.0, 99999.99998713113, 99999.99998107603]
J=3.5e-04, ⟨Jf⟩=3.2e-04, ⟨B·n⟩=4.2e-03, Len=sum([5.2, 5.2, 4.9])=15.4, ϰ=[5.4, 6.7, 5.8], ∫ϰ²/L>=[4.9, 7.1, 8.0], C-C-Sep=0.20, ║∇J║=1.0e-04
Iteration 731/2000-----
currents: [100000.0, 99999.99998720491, 99999.99998118688]
J=3.5e-04, ⟨Jf⟩=3.2e-04, ⟨B·n⟩=4.2e-03, Len=sum([5.2, 5.2, 4.9])=15.4, ϰ=[5.4, 6.7, 5.8], ∫ϰ²/L>=[4.9, 7.1, 8.0], C-C-Sep=0.20, ║∇J║=1.2e-04
Iteration 732/2000-----
currents: [100000.0, 99999.99998723336, 99999.99998122975]
J=3.5e-04, ⟨Jf⟩=3.2e-04, ⟨B·n⟩=4.2e-03, Len=sum([5.2, 5.2, 4.9])=15.4, ϰ=[5.4, 6.7, 5.8], ∫ϰ²/L>=[4.9, 7.1, 8.0], C-C-Sep=0.20, ║∇J║=5.6e-05
Iteration 733/2000-----
currents: [100000.0, 99999.99998711249, 99999.99998104821]
J=3.5e-04, ⟨Jf⟩=3.2e-04, ⟨B·n⟩=4.2e-03, Len=sum([5.2, 5.2, 4.9])=15.4, ϰ=[5.4, 6.7, 5.8], ∫ϰ²/L>=[4.9, 7.1, 8.0], C-C-Sep=0.20, ║∇J║=5.4e-05
Iteration 734/2000-----
currents: [100000.0, 99999.9999871155, 99999.99998105274]
J=3.5e-04, ⟨Jf⟩=3.2e-04, ⟨B·n⟩=4.2e-03, Len=sum([5.2, 5.2, 4.9])=15.4, ϰ=[5.4, 6.7, 5.8], ∫ϰ²/L>=[4.9, 7.1, 8.0], C-C-Sep=0.20, ║∇J║=7.6e-05
Iteration 735/2000-----
currents: [100000.0, 99999.99998678414, 99999.99998055477]
J=3.5e-04, ⟨Jf⟩=3.2e-04, ⟨B·n⟩=4.2e-03, Len=sum([5.2, 5.2, 4.9])=15.4, ϰ=[5.4, 6.7, 5.8], ∫ϰ²/L>=[4.9, 7.1, 8.0], C-C-Sep=0.20, ║∇J║=1.1e-04
Iteration 736/2000-----
currents: [100000.0, 99999.9999865506, 99999.99998020366]
J=3.5e-04, ⟨Jf⟩=3.2e-04, ⟨B·n⟩=4.2e-03, Len=sum([5.2, 5.2, 4.9])=15.4, ϰ=[5.4, 6.7, 5.8], ∫ϰ²/L>=[4.9, 7.1, 8.0], C-C-Sep=0.20, ║∇J║=1.2e-04
Iteration 737/2000-----
currents: [100000.0, 99999.99998627338, 99999.99997978678]
J=3.5e-04, ⟨Jf⟩=3.2e-04, ⟨B·n⟩=4.2e-03, Len=sum([5.2, 5.2, 4.9])=15.4, ϰ=[5.4, 6.7, 5.8], ∫ϰ²/L>=[4.9, 7.1, 8.0], C-C-Sep=0.20, ║∇J║=9.1e-05
Iteration 738/2000-----
currents: [100000.0, 99999.99998543347, 99999.99997852418]
J=3.5e-04, ⟨Jf⟩=3.2e-04, ⟨B·n⟩=4.2e-03, Len=sum([5.2, 5.2, 4.9])=15.4, ϰ=[5.4, 6.7, 5.8], ∫ϰ²/L>=[4.9, 7.1, 8.0], C-C-Sep=0.20, ║∇J║=1.4e-04
Iteration 739/2000-----
currents: [100000.0, 99999.99998481406, 99999.99997759305]
J=3.5e-04, ⟨Jf⟩=3.2e-04, ⟨B·n⟩=4.2e-03, Len=sum([5.2, 5.2, 4.9])=15.4, ϰ=[5.4, 6.7, 5.8], ∫ϰ²/L>=[4.9, 7.1, 8.0], C-C-Sep=0.20, ║∇J║=1.2e-04
Iteration 740/2000-----
currents: [100000.0, 99999.9999845848, 99999.99997724843]
J=3.5e-04, ⟨Jf⟩=3.2e-04, ⟨B·n⟩=4.2e-03, Len=sum([5.2, 5.2, 4.9])=15.4, ϰ=[5.4, 6.7, 5.8], ∫ϰ²/L>=[4.9, 7.1, 8.0], C-C-Sep=0.20, ║∇J║=7.8e-05
Iteration 741/2000-----
currents: [100000.0, 99999.99998372713, 99999.9999759595]
J=3.5e-04, ⟨Jf⟩=3.2e-04, ⟨B·n⟩=4.2e-03, Len=sum([5.2, 5.2, 4.9])=15.4, ϰ=[5.4, 6.7, 5.8], ∫ϰ²/L>=[4.9, 7.1, 8.0], C-C-Sep=0.20, ║∇J║=7.7e-05
Iteration 742/2000-----
currents: [100000.0, 99999.99998312606, 99999.99997505613]
J=3.5e-04, ⟨Jf⟩=3.2e-04, ⟨B·n⟩=4.2e-03, Len=sum([5.2, 5.2, 4.9])=15.4, ϰ=[5.4, 6.7, 5.8], ∫ϰ²/L>=[4.9, 7.1, 8.0], C-C-Sep=0.20, ║∇J║=9.8e-05
Iteration 743/2000-----
currents: [100000.0, 99999.99998249419, 99999.99997410648]
J=3.5e-04, ⟨Jf⟩=3.2e-04, ⟨B·n⟩=4.2e-03, Len=sum([5.2, 5.2, 4.9])=15.4, ϰ=[5.4, 6.7, 5.8], ∫ϰ²/L>=[4.9, 7.1, 8.0], C-C-Sep=0.20, ║∇J║=1.3e-04
Iteration 744/2000-----
currents: [100000.0, 99999.99998081039, 99999.99997157586]
J=3.5e-04, ⟨Jf⟩=3.2e-04, ⟨B·n⟩=4.2e-03, Len=sum([5.2, 5.2, 4.9])=15.4, ϰ=[5.4, 6.7, 5.8], ∫ϰ²/L>=[4.9, 7.1, 8.0], C-C-Sep=0.20, ║∇J║=1.3e-04
Iteration 745/2000-----
currents: [100000.0, 99999.99997832403, 99999.99996783916]
J=3.5e-04, ⟨Jf⟩=3.2e-04, ⟨B·n⟩=4.2e-03, Len=sum([5.2, 5.2, 4.9])=15.4, ϰ=[5.4, 6.7, 5.8], ∫ϰ²/L>=[4.9, 7.1, 8.0], C-C-Sep=0.20, ║∇J║=2.2e-04
Iteration 746/2000-----
currents: [100000.0, 99999.9999796485, 99999.99996982969]
J=3.5e-04, ⟨Jf⟩=3.2e-04, ⟨B·n⟩=4.2e-03, Len=sum([5.2, 5.2, 4.9])=15.4, ϰ=[5.4, 6.7, 5.8], ∫ϰ²/L>=[4.9, 7.1, 8.0], C-C-Sep=0.20, ║∇J║=1.3e-04
Iteration 747/2000-----
currents: [100000.0, 99999.99997914188, 99999.9999690682]
J=3.5e-04, ⟨Jf⟩=3.2e-04, ⟨B·n⟩=4.2e-03, Len=sum([5.2, 5.2, 4.9])=15.4, ϰ=[5.4, 6.7, 5.8], ∫ϰ²/L>=[4.9, 7.1, 8.0], C-C-Sep=0.20, ║∇J║=1.5e-04
Iteration 748/2000-----
currents: [100000.0, 99999.99997832467, 99999.99996783999]
J=3.5e-04, ⟨Jf⟩=3.2e-04, ⟨B·n⟩=4.2e-03, Len=sum([5.2, 5.2, 4.9])=15.4, ϰ=[5.4, 6.7, 5.8], ∫ϰ²/L>=[4.9, 7.1, 8.0], C-C-Sep=0.20, ║∇J║=1.2e-04
Iteration 749/2000-----
currents: [100000.0, 99999.99997857952, 99999.99996822313]
J=3.5e-04, ⟨Jf⟩=3.2e-04, ⟨B·n⟩=4.2e-03, Len=sum([5.2, 5.2, 4.9])=15.4, ϰ=[5.4, 6.7, 5.8], ∫ϰ²/L>=[4.9, 7.1, 8.0], C-C-Sep=0.20, ║∇J║=1.3e-04
Iteration 750/2000-----
currents: [100000.0, 99999.99997778407, 99999.9999670276]
J=3.5e-04, ⟨Jf⟩=3.2e-04, ⟨B·n⟩=4.2e-03, Len=sum([5.2, 5.2, 4.9])=15.4, ϰ=[5.5, 6.7, 5.8], ∫ϰ²/L>=[4.9, 7.1, 8.0], C-C-Sep=0.20, ║∇J║=1.4e-04
Iteration 751/2000-----
currents: [100000.0, 99999.99997799861, 99999.99996734977]
J=3.5e-04, ⟨Jf⟩=3.2e-04, ⟨B·n⟩=4.2e-03, Len=sum([5.2, 5.2, 4.9])=15.4, ϰ=[5.5, 6.7, 5.8], ∫ϰ²/L>=[4.9, 7.1, 8.0], C-C-Sep=0.20, ║∇J║=9.6e-05
Iteration 752/2000-----
currents: [100000.0, 99999.99997813138, 99999.99996754903]
J=3.5e-04, ⟨Jf⟩=3.2e-04, ⟨B·n⟩=4.2e-03, Len=sum([5.2, 5.2, 4.9])=15.4, ϰ=[5.5, 6.7, 5.8], ∫ϰ²/L>=[4.9, 7.1, 8.0], C-C-Sep=0.20, ║∇J║=8.2e-05
Iteration 753/2000-----
currents: [100000.0, 99999.99997826102, 99999.99996774344]
J=3.5e-04, ⟨Jf⟩=3.2e-04, ⟨B·n⟩=4.2e-03, Len=sum([5.2, 5.2, 4.9])=15.4, ϰ=[5.5, 6.7, 5.8], ∫ϰ²/L>=[4.9, 7.1, 8.0], C-C-Sep=0.20, ║∇J║=9.6e-05
Iteration 754/2000-----
currents: [100000.0, 99999.99997809377, 99999.99996749144]
J=3.5e-04, ⟨Jf⟩=3.2e-04, ⟨B·n⟩=4.2e-03, Len=sum([5.2, 5.2, 4.9])=15.4, ϰ=[5.5, 6.7, 5.8], ∫ϰ²/L>=[4.9, 7.1, 8.0], C-C-Sep=0.20, ║∇J║=1.7e-04
Iteration 755/2000-----
currents: [100000.0, 99999.99997815059, 99999.99996757672]
J=3.5e-04, ⟨Jf⟩=3.2e-04, ⟨B·n⟩=4.2e-03, Len=sum([5.2, 5.2, 4.9])=15.4, ϰ=[5.5, 6.7, 5.8], ∫ϰ²/L>=[4.9, 7.1, 8.0], C-C-Sep=0.20, ║∇J║=8.7e-05
Iteration 756/2000-----
currents: [100000.0, 99999.99997807457, 99999.99996746244]
J=3.5e-04, ⟨Jf⟩=3.2e-04, ⟨B·n⟩=4.2e-03, Len=sum([5.2, 5.2, 4.9])=15.4, ϰ=[5.5, 6.7, 5.8], ∫ϰ²/L>=[4.9, 7.1, 8.0], C-C-Sep=0.20, ║∇J║=7.8e-05
Iteration 757/2000-----
currents: [100000.0, 99999.99997795206, 99999.99996727826]
J=3.5e-04, ⟨Jf⟩=3.2e-04, ⟨B·n⟩=4.2e-03, Len=sum([5.2, 5.2, 4.9])=15.4, ϰ=[5.5, 6.7, 5.8], ∫ϰ²/L>=[4.9, 7.1, 8.0], C-C-Sep=0.20, ║∇J║=9.2e-05
Iteration 758/2000-----
currents: [100000.0, 99999.99997767592, 99999.99996686318]
J=3.5e-04, ⟨Jf⟩=3.2e-04, ⟨B·n⟩=4.2e-03, Len=sum([5.2, 5.2, 4.9])=15.4, ϰ=[5.5, 6.7, 5.8], ∫ϰ²/L>=[4.9, 7.1, 8.0], C-C-Sep=0.20, ║∇J║=1.4e-04
Iteration 759/2000-----
currents: [100000.0, 99999.99997715569, 99999.9999660812]
J=3.5e-04, ⟨Jf⟩=3.2e-04, ⟨B·n⟩=4.2e-03, Len=sum([5.2, 5.2, 4.9])=15.4, ϰ=[5.5, 6.7, 5.8], ∫ϰ²/L>=[4.9, 7.1, 8.0], C-C-Sep=0.20, ║∇J║=1.3e-04
Iteration 760/2000-----
currents: [100000.0, 99999.99997672052, 99999.9999654271]
J=3.5e-04, ⟨Jf⟩=3.2e-04, ⟨B·n⟩=4.2e-03, Len=sum([5.2, 5.2, 4.9])=15.4, ϰ=[5.5, 6.7, 5.8], ∫ϰ²/L>=[4.9, 7.1, 8.0], C-C-Sep=0.20, ║∇J║=1.1e-04
Iteration 761/2000-----
currents: [100000.0, 99999.99997554993, 99999.99996366774]
J=3.5e-04, ⟨Jf⟩=3.2e-04, ⟨B·n⟩=4.2e-03, Len=sum([5.2, 5.2, 4.9])=15.4, ϰ=[5.5, 6.7, 5.8], ∫ϰ²/L>=[4.9, 7.1, 8.0], C-C-Sep=0.20, ║∇J║=1.2e-04
Iteration 762/2000-----
currents: [100000.0, 99999.99997284728, 99999.99995960537]
J=3.5e-04, ⟨Jf⟩=3.2e-04, ⟨B·n⟩=4.2e-03, Len=sum([5.2, 5.2, 4.9])=15.4, ϰ=[5.4, 6.7, 5.8], ∫ϰ²/L>=[4.9, 7.1, 8.0], C-C-Sep=0.20, ║∇J║=2.4e-04
Iteration 763/2000-----
currents: [100000.0, 99999.99997263154, 99999.99995928087]
J=3.5e-04, ⟨Jf⟩=3.2e-04, ⟨B·n⟩=4.2e-03, Len=sum([5.2, 5.2, 4.9])=15.4, ϰ=[5.4, 6.7, 5.8], ∫ϰ²/L>=[4.9, 7.1, 8.0], C-C-Sep=0.20, ║∇J║=1.6e-04
Iteration 764/2000-----
currents: [100000.0, 99999.99997040938, 99999.9999559406]
J=3.5e-04, ⟨Jf⟩=3.2e-04, ⟨B·n⟩=4.2e-03, Len=sum([5.2, 5.2, 4.9])=15.4, ϰ=[5.4, 6.7, 5.8], ∫ϰ²/L>=[4.9, 7.1, 8.0], C-C-Sep=0.20, ║∇J║=1.6e-04
Iteration 765/2000-----
currents: [100000.0, 99999.99996957088, 99999.99995467991]
J=3.5e-04, ⟨Jf⟩=3.2e-04, ⟨B·n⟩=4.2e-03, Len=sum([5.2, 5.2, 4.9])=15.4, ϰ=[5.4, 6.7, 5.8], ∫ϰ²/L>=[4.9, 7.1, 8.0], C-C-Sep=0.20, ║∇J║=1.8e-04
Iteration 766/2000-----
currents: [100000.0, 99999.9999686053, 99999.9999532285]
J=3.5e-04, ⟨Jf⟩=3.2e-04, ⟨B·n⟩=4.2e-03, Len=sum([5.2, 5.2, 4.9])=15.4, ϰ=[5.4, 6.7, 5.8], ∫ϰ²/L>=[4.9, 7.1, 8.0], C-C-Sep=0.20, ║∇J║=1.2e-04
Iteration 767/2000-----
currents: [100000.0, 99999.99996955688, 99999.99995465892]
J=3.5e-04, ⟨Jf⟩=3.2e-04, ⟨B·n⟩=4.2e-03, Len=sum([5.2, 5.2, 4.9])=15.4, ϰ=[5.4, 6.7, 5.8], ∫ϰ²/L>=[4.9, 7.1, 8.0], C-C-Sep=0.20, ║∇J║=1.1e-04
Iteration 768/2000-----
currents: [100000.0, 99999.99996920198, 99999.9999541254]
J=3.5e-04, ⟨Jf⟩=3.2e-04, ⟨B·n⟩=4.2e-03, Len=sum([5.2, 5.2, 4.9])=15.4, ϰ=[5.4, 6.7, 5.8], ∫ϰ²/L>=[4.9, 7.1, 8.0], C-C-Sep=0.20, ║∇J║=9.9e-05
Iteration 769/2000-----
currents: [100000.0, 99999.99996810597, 99999.99995247768]
J=3.5e-04, ⟨Jf⟩=3.2e-04, ⟨B·n⟩=4.2e-03, Len=sum([5.2, 5.2, 4.9])=15.4, ϰ=[5.4, 6.7, 5.8], ∫ϰ²/L>=[4.9, 7.1, 8.0], C-C-Sep=0.20, ║∇J║=1.5e-04
Iteration 770/2000-----
currents: [100000.0, 99999.99996715682, 99999.9999510506]
J=3.5e-04, ⟨Jf⟩=3.2e-04, ⟨B·n⟩=4.2e-03, Len=sum([5.2, 5.2, 4.9])=15.4, ϰ=[5.4, 6.7, 5.8], ∫ϰ²/L>=[4.9, 7.1, 8.0], C-C-Sep=0.20, ║∇J║=2.0e-04
Iteration 771/2000-----
currents: [100000.0, 99999.99996681508, 99999.99995053672]
J=3.5e-04, ⟨Jf⟩=3.2e-04, ⟨B·n⟩=4.2e-03, Len=sum([5.2, 5.2, 4.9])=15.4, ϰ=[5.4, 6.7, 5.8], ∫ϰ²/L>=[4.9, 7.1, 8.0], C-C-Sep=0.20, ║∇J║=2.9e-04
Iteration 772/2000-----
currents: [100000.0, 99999.99996646718, 99999.99995001349]
J=3.5e-04, ⟨Jf⟩=3.2e-04, ⟨B·n⟩=4.2e-03, Len=sum([5.2, 5.2, 4.9])=15.4, ϰ=[5.4, 6.7, 5.8], ∫ϰ²/L>=[4.9, 7.1, 8.0], C-C-Sep=0.20, ║∇J║=1.0e-04
Iteration 773/2000-----
currents: [100000.0, 99999.99996595662, 99999.99994924584]
J=3.5e-04, ⟨Jf⟩=3.2e-04, ⟨B·n⟩=4.2e-03, Len=sum([5.2, 5.2, 4.9])=15.4, ϰ=[5.4, 6.7, 5.8], ∫ϰ²/L>=[4.9, 7.1, 8.0], C-C-Sep=0.20, ║∇J║=8.6e-05
Iteration 774/2000-----
currents: [100000.0, 99999.9999657295, 99999.99994890415]
J=3.5e-04, ⟨Jf⟩=3.2e-04, ⟨B·n⟩=4.2e-03, Len=sum([5.2, 5.2, 4.9])=15.4, ϰ=[5.4, 6.7, 5.8], ∫ϰ²/L>=[4.9, 7.1, 8.0], C-C-Sep=0.20, ║∇J║=1.2e-04
Iteration 775/2000-----
currents: [100000.0, 99999.99996476284, 99999.99994745094]
J=3.5e-04, ⟨Jf⟩=3.2e-04, ⟨B·n⟩=4.2e-03, Len=sum([5.2, 5.2, 4.9])=15.4, ϰ=[5.4, 6.7, 5.8], ∫ϰ²/L>=[4.9, 7.1, 8.0], C-C-Sep=0.20, ║∇J║=1.5e-04
Iteration 776/2000-----
currents: [100000.0, 99999.99996452375, 99999.99994709138]
J=3.5e-04, ⟨Jf⟩=3.2e-04, ⟨B·n⟩=4.2e-03, Len=sum([5.2, 5.2, 4.9])=15.4, ϰ=[5.4, 6.7, 5.8], ∫ϰ²/L>=[4.9, 7.1, 8.0], C-C-Sep=0.20, ║∇J║=1.3e-04
Iteration 777/2000-----
currents: [100000.0, 99999.99996394163, 99999.99994621614]
J=3.5e-04, ⟨Jf⟩=3.2e-04, ⟨B·n⟩=4.2e-03, Len=sum([5.2, 5.2, 4.9])=15.4, ϰ=[5.4, 6.7, 5.8], ∫ϰ²/L>=[4.9, 7.1, 8.0], C-C-Sep=0.20, ║∇J║=1.2e-04
Iteration 778/2000-----
currents: [100000.0, 99999.9999614307, 99999.99994244124]
J=3.5e-04, ⟨Jf⟩=3.2e-04, ⟨B·n⟩=4.2e-03, Len=sum([5.2, 5.2, 4.9])=15.4, ϰ=[5.4, 6.7, 5.9], ∫ϰ²/L>=[4.9, 7.1, 8.0], C-C-Sep=0.20, ║∇J║=2.2e-04
Iteration 779/2000-----
currents: [100000.0, 99999.9999601666, 99999.99994054055]
J=3.5e-04, ⟨Jf⟩=3.2e-04, ⟨B·n⟩=4.2e-03, Len=sum([5.2, 5.2, 4.9])=15.4, ϰ=[5.4, 6.7, 5.9], ∫ϰ²/L>=[4.9, 7.1, 8.0], C-C-Sep=0.20, ║∇J║=2.6e-04
Iteration 780/2000-----
currents: [100000.0, 99999.99995471492, 99999.99993234414]
J=3.5e-04, ⟨Jf⟩=3.2e-04, ⟨B·n⟩=4.2e-03, Len=sum([5.2, 5.2, 4.9])=15.4, ϰ=[5.4, 6.7, 5.9], ∫ϰ²/L>=[4.9, 7.1, 8.0], C-C-Sep=0.20, ║∇J║=4.9e-04
Iteration 781/2000-----
currents: [100000.0, 99999.9999574125, 99999.99993639985]
J=3.5e-04, ⟨Jf⟩=3.2e-04, ⟨B·n⟩=4.2e-03, Len=sum([5.2, 5.2, 4.9])=15.4, ϰ=[5.4, 6.7, 5.9], ∫ϰ²/L>=[4.9, 7.1, 8.0], C-C-Sep=0.20, ║∇J║=3.3e-04
Iteration 782/2000-----
currents: [100000.0, 99999.99995488586, 99999.99993260093]
J=3.5e-04, ⟨Jf⟩=3.2e-04, ⟨B·n⟩=4.2e-03, Len=sum([5.2, 5.2, 4.9])=15.4, ϰ=[5.5, 6.7, 5.8], ∫ϰ²/L>=[4.9, 7.1, 8.0], C-C-Sep=0.20, ║∇J║=6.5e-04
Iteration 783/2000-----
currents: [100000.0, 99999.99995630143, 99999.99993472932]
J=3.5e-04, ⟨Jf⟩=3.2e-04, ⟨B·n⟩=4.2e-03, Len=sum([5.2, 5.2, 4.9])=15.4, ϰ=[5.4, 6.7, 5.9], ∫ϰ²/L>=[4.9, 7.1, 8.0], C-C-Sep=0.20, ║∇J║=3.3e-04
Iteration 784/2000-----
currents: [100000.0, 99999.99995580011, 99999.99993397594]
J=3.5e-04, ⟨Jf⟩=3.2e-04, ⟨B·n⟩=4.2e-03, Len=sum([5.2, 5.2, 4.9])=15.4, ϰ=[5.4, 6.7, 5.8], ∫ϰ²/L>=[4.9, 7.1, 8.0], C-C-Sep=0.20, ║∇J║=2.1e-04
Iteration 785/2000-----
currents: [100000.0, 99999.99995460954, 99999.99993218623]
J=3.5e-04, ⟨Jf⟩=3.2e-04, ⟨B·n⟩=4.2e-03, Len=sum([5.2, 5.2, 4.9])=15.4, ϰ=[5.4, 6.7, 5.8], ∫ϰ²/L>=[4.9, 7.1, 8.0], C-C-Sep=0.20, ║∇J║=1.8e-04
Iteration 786/2000-----
currents: [100000.0, 99999.99995484528, 99999.99993254089]
J=3.5e-04, ⟨Jf⟩=3.2e-04, ⟨B·n⟩=4.2e-03, Len=sum([5.2, 5.2, 4.9])=15.4, ϰ=[5.4, 6.7, 5.8], ∫ϰ²/L>=[4.9, 7.1, 8.0], C-C-Sep=0.20, ║∇J║=1.8e-04
Iteration 787/2000-----
currents: [100000.0, 99999.99995385381, 99999.99993105038]
J=3.5e-04, ⟨Jf⟩=3.2e-04, ⟨B·n⟩=4.2e-03, Len=sum([5.2, 5.2, 4.9])=15.4, ϰ=[5.4, 6.7, 5.8], ∫ϰ²/L>=[4.9, 7.1, 8.0], C-C-Sep=0.20, ║∇J║=1.7e-04
Iteration 788/2000-----
currents: [100000.0, 99999.99995300901, 99999.99992978042]
J=3.5e-04, ⟨Jf⟩=3.2e-04, ⟨B·n⟩=4.2e-03, Len=sum([5.2, 5.2, 4.9])=15.4, ϰ=[5.4, 6.7, 5.8], ∫ϰ²/L>=[4.9, 7.1, 8.0], C-C-Sep=0.20, ║∇J║=1.8e-04
Iteration 789/2000-----
currents: [100000.0, 99999.99995275753, 99999.99992940275]
J=3.5e-04, ⟨Jf⟩=3.2e-04, ⟨B·n⟩=4.2e-03, Len=sum([5.2, 5.2, 4.9])=15.4, ϰ=[5.5, 6.7, 5.8], ∫ϰ²/L>=[4.9, 7.1, 8.0], C-C-Sep=0.20, ║∇J║=1.5e-04
Iteration 790/2000-----
currents: [100000.0, 99999.99995237021, 99999.99992882051]
J=3.5e-04, ⟨Jf⟩=3.2e-04, ⟨B·n⟩=4.2e-03, Len=sum([5.2, 5.2, 4.9])=15.4, ϰ=[5.5, 6.7, 5.8], ∫ϰ²/L>=[4.9, 7.1, 8.0], C-C-Sep=0.20, ║∇J║=1.5e-04
Iteration 791/2000-----
currents: [100000.0, 99999.99995183833, 99999.99992802122]
J=3.5e-04, ⟨Jf⟩=3.2e-04, ⟨B·n⟩=4.2e-03, Len=sum([5.2, 5.2, 4.9])=15.4, ϰ=[5.5, 6.7, 5.8], ∫ϰ²/L>=[4.9, 7.1, 8.0], C-C-Sep=0.20, ║∇J║=1.9e-04
Iteration 792/2000-----
currents: [100000.0, 99999.9999506222, 99999.99992619282]
J=3.5e-04, ⟨Jf⟩=3.2e-04, ⟨B·n⟩=4.2e-03, Len=sum([5.2, 5.2, 4.9])=15.4, ϰ=[5.5, 6.7, 5.8], ∫ϰ²/L>=[4.9, 7.1, 8.0], C-C-Sep=0.20, ║∇J║=2.9e-04
Iteration 793/2000-----
currents: [100000.0, 99999.99995067209, 99999.99992626738]
J=3.5e-04, ⟨Jf⟩=3.2e-04, ⟨B·n⟩=4.2e-03, Len=sum([5.2, 5.2, 4.9])=15.4, ϰ=[5.5, 6.7, 5.8], ∫ϰ²/L>=[4.9, 7.1, 8.0], C-C-Sep=0.20, ║∇J║=1.8e-04
Iteration 794/2000-----
currents: [100000.0, 99999.99994995978, 99999.99992519645]
J=3.5e-04, ⟨Jf⟩=3.2e-04, ⟨B·n⟩=4.2e-03, Len=sum([5.2, 5.2, 4.9])=15.4, ϰ=[5.5, 6.7, 5.8], ∫ϰ²/L>=[4.9, 7.1, 8.0], C-C-Sep=0.20, ║∇J║=1.9e-04
Iteration 795/2000-----
currents: [100000.0, 99999.99995066837, 99999.99992626152]
J=3.5e-04, ⟨Jf⟩=3.2e-04, ⟨B·n⟩=4.2e-03, Len=sum([5.2, 5.2, 4.9])=15.4, ϰ=[5.5, 6.7, 5.8], ∫ϰ²/L>=[4.9, 7.1, 8.0], C-C-Sep=0.20, ║∇J║=1.9e-04
Iteration 796/2000-----
currents: [100000.0, 99999.99994978301, 99999.99992493041]
J=3.5e-04, ⟨Jf⟩=3.2e-04, ⟨B·n⟩=4.2e-03, Len=sum([5.2, 5.2, 4.9])=15.4, ϰ=[5.5, 6.7, 5.8], ∫ϰ²/L>=[4.9, 7.1, 8.0], C-C-Sep=0.20, ║∇J║=1.5e-04
Iteration 797/2000-----
currents: [100000.0, 99999.99994926267, 99999.99992414833]
J=3.5e-04, ⟨Jf⟩=3.2e-04, ⟨B·n⟩=4.2e-03, Len=sum([5.2, 5.2, 4.9])=15.4, ϰ=[5.5, 6.7, 5.8], ∫ϰ²/L>=[4.9, 7.1, 8.0], C-C-Sep=0.20, ║∇J║=1.2e-04
Iteration 798/2000-----
currents: [100000.0, 99999.99994915347, 99999.9999239841]
J=3.5e-04, ⟨Jf⟩=3.2e-04, ⟨B·n⟩=4.2e-03, Len=sum([5.2, 5.2, 4.9])=15.4, ϰ=[5.5, 6.7, 5.8], ∫ϰ²/L>=[4.9, 7.1, 8.0], C-C-Sep=0.20, ║∇J║=1.1e-04
Iteration 799/2000-----
currents: [100000.0, 99999.99994888212, 99999.99992357609]
J=3.5e-04, ⟨Jf⟩=3.2e-04, ⟨B·n⟩=4.2e-03, Len=sum([5.2, 5.2, 4.9])=15.4, ϰ=[5.5, 6.7, 5.8], ∫ϰ²/L>=[4.9, 7.1, 8.0], C-C-Sep=0.20, ║∇J║=1.2e-04
Iteration 800/2000-----
currents: [100000.0, 99999.99994840244, 99999.99992285436]
J=3.5e-04, ⟨Jf⟩=3.2e-04, ⟨B·n⟩=4.2e-03, Len=sum([5.2, 5.2, 4.9])=15.4, ϰ=[5.5, 6.7, 5.8], ∫ϰ²/L>=[4.9, 7.1, 8.0], C-C-Sep=0.20, ║∇J║=1.6e-04
Iteration 801/2000-----
currents: [100000.0, 99999.99994807034, 99999.99992235484]
J=3.5e-04, ⟨Jf⟩=3.2e-04, ⟨B·n⟩=4.2e-03, Len=sum([5.2, 5.2, 4.9])=15.4, ϰ=[5.5, 6.7, 5.8], ∫ϰ²/L>=[4.9, 7.1, 8.0], C-C-Sep=0.20, ║∇J║=1.4e-04
Iteration 802/2000-----
currents: [100000.0, 99999.99994739518, 99999.9999213394]
J=3.5e-04, ⟨Jf⟩=3.2e-04, ⟨B·n⟩=4.2e-03, Len=sum([5.2, 5.2, 4.9])=15.4, ϰ=[5.5, 6.7, 5.8], ∫ϰ²/L>=[4.9, 7.1, 8.0], C-C-Sep=0.20, ║∇J║=1.7e-04
Iteration 803/2000-----
currents: [100000.0, 99999.99994660383, 99999.9999201492]
J=3.5e-04, ⟨Jf⟩=3.2e-04, ⟨B·n⟩=4.2e-03, Len=sum([5.2, 5.2, 4.9])=15.4, ϰ=[5.5, 6.7, 5.8], ∫ϰ²/L>=[4.9, 7.1, 8.0], C-C-Sep=0.20, ║∇J║=2.0e-04
Iteration 804/2000-----
currents: [100000.0, 99999.99994604575, 99999.99991931026]
J=3.5e-04, ⟨Jf⟩=3.2e-04, ⟨B·n⟩=4.2e-03, Len=sum([5.2, 5.2, 4.9])=15.4, ϰ=[5.5, 6.7, 5.8], ∫ϰ²/L>=[4.9, 7.1, 8.0], C-C-Sep=0.20, ║∇J║=1.6e-04
Iteration 805/2000-----
currents: [100000.0, 99999.99994533983, 99999.99991824912]
J=3.5e-04, ⟨Jf⟩=3.2e-04, ⟨B·n⟩=4.2e-03, Len=sum([5.2, 5.2, 4.9])=15.4, ϰ=[5.5, 6.7, 5.8], ∫ϰ²/L>=[4.9, 7.1, 8.0], C-C-Sep=0.20, ║∇J║=1.4e-04
Iteration 806/2000-----
currents: [100000.0, 99999.99994526281, 99999.99991813354]
J=3.5e-04, ⟨Jf⟩=3.2e-04, ⟨B·n⟩=4.2e-03, Len=sum([5.2, 5.2, 4.9])=15.4, ϰ=[5.5, 6.7, 5.8], ∫ϰ²/L>=[4.9, 7.1, 8.0], C-C-Sep=0.20, ║∇J║=1.5e-04
Iteration 807/2000-----
currents: [100000.0, 99999.99994477554, 99999.999917401]
J=3.5e-04, ⟨Jf⟩=3.2e-04, ⟨B·n⟩=4.2e-03, Len=sum([5.2, 5.2, 4.9])=15.4, ϰ=[5.5, 6.7, 5.8], ∫ϰ²/L>=[4.9, 7.1, 8.0], C-C-Sep=0.20, ║∇J║=1.1e-04
Iteration 808/2000-----
currents: [100000.0, 99999.99994428323, 99999.99991666057]
J=3.5e-04, ⟨Jf⟩=3.2e-04, ⟨B·n⟩=4.2e-03, Len=sum([5.2, 5.2, 4.9])=15.4, ϰ=[5.5, 6.7, 5.8], ∫ϰ²/L>=[4.9, 7.1, 8.0], C-C-Sep=0.20, ║∇J║=1.1e-04
Iteration 809/2000-----
currents: [100000.0, 99999.99994399867, 99999.99991623253]
J=3.5e-04, ⟨Jf⟩=3.2e-04, ⟨B·n⟩=4.2e-03, Len=sum([5.2, 5.2, 4.9])=15.4, ϰ=[5.5, 6.7, 5.8], ∫ϰ²/L>=[4.9, 7.1, 8.0], C-C-Sep=0.20, ║∇J║=1.3e-04
Iteration 810/2000-----
currents: [100000.0, 99999.99994312563, 99999.99991491967]
J=3.5e-04, ⟨Jf⟩=3.2e-04, ⟨B·n⟩=4.2e-03, Len=sum([5.2, 5.2, 4.9])=15.4, ϰ=[5.5, 6.7, 5.8], ∫ϰ²/L>=[4.9, 7.1, 8.0], C-C-Sep=0.20, ║∇J║=1.4e-04
Iteration 811/2000-----
currents: [100000.0, 99999.99994161524, 99999.99991264821]
J=3.5e-04, ⟨Jf⟩=3.2e-04, ⟨B·n⟩=4.2e-03, Len=sum([5.2, 5.2, 4.9])=15.4, ϰ=[5.5, 6.7, 5.8], ∫ϰ²/L>=[4.9, 7.1, 8.0], C-C-Sep=0.20, ║∇J║=2.2e-04
Iteration 812/2000-----
currents: [100000.0, 99999.99994064537, 99999.99991118963]
J=3.5e-04, ⟨Jf⟩=3.2e-04, ⟨B·n⟩=4.2e-03, Len=sum([5.2, 5.2, 4.9])=15.4, ϰ=[5.5, 6.7, 5.8], ∫ϰ²/L>=[4.9, 7.1, 8.0], C-C-Sep=0.20, ║∇J║=1.6e-04
Iteration 813/2000-----
currents: [100000.0, 99999.99993952655, 99999.9999095073]
J=3.5e-04, ⟨Jf⟩=3.2e-04, ⟨B·n⟩=4.2e-03, Len=sum([5.2, 5.2, 4.9])=15.4, ϰ=[5.5, 6.7, 5.8], ∫ϰ²/L>=[4.9, 7.1, 8.0], C-C-Sep=0.20, ║∇J║=1.6e-04
Iteration 814/2000-----
currents: [100000.0, 99999.99993899604, 99999.9999087093]
J=3.5e-04, ⟨Jf⟩=3.2e-04, ⟨B·n⟩=4.2e-03, Len=sum([5.2, 5.2, 4.9])=15.4, ϰ=[5.5, 6.7, 5.8], ∫ϰ²/L>=[4.9, 7.1, 8.0], C-C-Sep=0.20, ║∇J║=2.5e-04
Iteration 815/2000-----
currents: [100000.0, 99999.99993682353, 99999.99990544273]
J=3.5e-04, ⟨Jf⟩=3.2e-04, ⟨B·n⟩=4.2e-03, Len=sum([5.2, 5.2, 4.9])=15.4, ϰ=[5.5, 6.7, 5.8], ∫ϰ²/L>=[4.9, 7.1, 8.0], C-C-Sep=0.20, ║∇J║=2.4e-04
Iteration 816/2000-----
currents: [100000.0, 99999.99993755003, 99999.99990653497]
J=3.5e-04, ⟨Jf⟩=3.2e-04, ⟨B·n⟩=4.2e-03, Len=sum([5.2, 5.2, 4.9])=15.4, ϰ=[5.5, 6.7, 5.8], ∫ϰ²/L>=[4.9, 7.1, 8.0], C-C-Sep=0.20, ║∇J║=3.0e-04
Iteration 817/2000-----
currents: [100000.0, 99999.999937321, 99999.99990619035]
J=3.5e-04, ⟨Jf⟩=3.2e-04, ⟨B·n⟩=4.2e-03, Len=sum([5.2, 5.2, 4.9])=15.4, ϰ=[5.5, 6.7, 5.8], ∫ϰ²/L>=[4.9, 7.1, 8.0], C-C-Sep=0.20, ║∇J║=1.3e-04
Iteration 818/2000-----
currents: [100000.0, 99999.99993645467, 99999.99990488755]
J=3.5e-04, ⟨Jf⟩=3.2e-04, ⟨B·n⟩=4.2e-03, Len=sum([5.2, 5.2, 4.9])=15.4, ϰ=[5.5, 6.7, 5.8], ∫ϰ²/L>=[4.9, 7.1, 8.0], C-C-Sep=0.20, ║∇J║=1.3e-04
Iteration 819/2000-----
currents: [100000.0, 99999.9999349447, 99999.99990261691]
J=3.5e-04, ⟨Jf⟩=3.2e-04, ⟨B·n⟩=4.2e-03, Len=sum([5.2, 5.2, 4.9])=15.4, ϰ=[5.5, 6.7, 5.8], ∫ϰ²/L>=[4.9, 7.1, 8.0], C-C-Sep=0.20, ║∇J║=1.8e-04
Iteration 820/2000-----
currents: [100000.0, 99999.99993426936, 99999.99990160148]
J=3.5e-04, ⟨Jf⟩=3.2e-04, ⟨B·n⟩=4.2e-03, Len=sum([5.2, 5.2, 4.9])=15.4, ϰ=[5.5, 6.7, 5.8], ∫ϰ²/L>=[4.9, 7.1, 8.0], C-C-Sep=0.20, ║∇J║=2.4e-04
Iteration 821/2000-----
currents: [100000.0, 99999.99993302986, 99999.99989973758]
J=3.5e-04, ⟨Jf⟩=3.2e-04, ⟨B·n⟩=4.2e-03, Len=sum([5.2, 5.2, 4.9])=15.4, ϰ=[5.5, 6.7, 5.8], ∫ϰ²/L>=[4.9, 7.1, 8.0], C-C-Sep=0.20, ║∇J║=1.7e-04
Iteration 822/2000-----
currents: [100000.0, 99999.9999320273, 99999.99989822989]
J=3.5e-04, ⟨Jf⟩=3.2e-04, ⟨B·n⟩=4.2e-03, Len=sum([5.2, 5.2, 4.9])=15.4, ϰ=[5.5, 6.7, 5.8], ∫ϰ²/L>=[4.9, 7.1, 8.0], C-C-Sep=0.20, ║∇J║=1.9e-04
Iteration 823/2000-----
currents: [100000.0, 99999.99993089204, 99999.99989652241]
J=3.5e-04, ⟨Jf⟩=3.2e-04, ⟨B·n⟩=4.2e-03, Len=sum([5.2, 5.2, 4.9])=15.4, ϰ=[5.5, 6.7, 5.8], ∫ϰ²/L>=[4.9, 7.1, 8.0], C-C-Sep=0.20, ║∇J║=2.2e-04
Iteration 824/2000-----
currents: [100000.0, 99999.99993040106, 99999.99989578435]
J=3.5e-04, ⟨Jf⟩=3.2e-04, ⟨B·n⟩=4.2e-03, Len=sum([5.2, 5.2, 4.9])=15.4, ϰ=[5.4, 6.7, 5.8], ∫ϰ²/L>=[4.9, 7.1, 8.0], C-C-Sep=0.20, ║∇J║=3.3e-04
Iteration 825/2000-----
currents: [100000.0, 99999.9999284909, 99999.99989291163]
J=3.5e-04, ⟨Jf⟩=3.2e-04, ⟨B·n⟩=4.2e-03, Len=sum([5.2, 5.2, 4.9])=15.4, ϰ=[5.4, 6.7, 5.8], ∫ϰ²/L>=[4.9, 7.1, 8.0], C-C-Sep=0.20, ║∇J║=2.5e-04
Iteration 826/2000-----
currents: [100000.0, 99999.99992809384, 99999.99989231411]
J=3.5e-04, ⟨Jf⟩=3.2e-04, ⟨B·n⟩=4.2e-03, Len=sum([5.2, 5.2, 4.9])=15.4, ϰ=[5.4, 6.7, 5.8], ∫ϰ²/L>=[4.9, 7.1, 8.0], C-C-Sep=0.20, ║∇J║=3.5e-04
Iteration 827/2000-----
currents: [100000.0, 99999.99992647831, 99999.99988988518]
J=3.5e-04, ⟨Jf⟩=3.2e-04, ⟨B·n⟩=4.2e-03, Len=sum([5.2, 5.2, 4.9])=15.4, ϰ=[5.4, 6.7, 5.8], ∫ϰ²/L>=[4.9, 7.1, 8.0], C-C-Sep=0.20, ║∇J║=2.6e-04
Iteration 828/2000-----
currents: [100000.0, 99999.99992481482, 99999.99988738394]
J=3.5e-04, ⟨Jf⟩=3.2e-04, ⟨B·n⟩=4.2e-03, Len=sum([5.2, 5.2, 4.9])=15.4, ϰ=[5.4, 6.7, 5.8], ∫ϰ²/L>=[4.9, 7.1, 8.0], C-C-Sep=0.20, ║∇J║=2.5e-04
Iteration 829/2000-----
currents: [100000.0, 99999.99992424426, 99999.99988652593]
J=3.5e-04, ⟨Jf⟩=3.2e-04, ⟨B·n⟩=4.2e-03, Len=sum([5.2, 5.2, 4.9])=15.4, ϰ=[5.4, 6.7, 5.8], ∫ϰ²/L>=[4.9, 7.1, 8.0], C-C-Sep=0.20, ║∇J║=3.0e-04
Iteration 830/2000-----
currents: [100000.0, 99999.99992229666, 99999.99988359673]
J=3.5e-04, ⟨Jf⟩=3.2e-04, ⟨B·n⟩=4.2e-03, Len=sum([5.2, 5.2, 4.9])=15.4, ϰ=[5.4, 6.7, 5.8], ∫ϰ²/L>=[4.9, 7.1, 8.0], C-C-Sep=0.20, ║∇J║=2.1e-04
Iteration 831/2000-----
currents: [100000.0, 99999.999921584, 99999.99988252437]
J=3.5e-04, ⟨Jf⟩=3.2e-04, ⟨B·n⟩=4.2e-03, Len=sum([5.2, 5.2, 4.9])=15.4, ϰ=[5.4, 6.7, 5.8], ∫ϰ²/L>=[4.9, 7.1, 8.0], C-C-Sep=0.20, ║∇J║=2.2e-04
Iteration 832/2000-----
currents: [100000.0, 99999.99991928786, 99999.99987907114]
J=3.5e-04, ⟨Jf⟩=3.2e-04, ⟨B·n⟩=4.2e-03, Len=sum([5.2, 5.2, 4.9])=15.4, ϰ=[5.4, 6.7, 5.8], ∫ϰ²/L>=[4.9, 7.1, 8.0], C-C-Sep=0.20, ║∇J║=3.1e-04
Iteration 833/2000-----
currents: [100000.0, 99999.99992042416, 99999.99988078004]
J=3.5e-04, ⟨Jf⟩=3.2e-04, ⟨B·n⟩=4.2e-03, Len=sum([5.2, 5.2, 4.9])=15.4, ϰ=[5.4, 6.7, 5.8], ∫ϰ²/L>=[4.9, 7.1, 8.0], C-C-Sep=0.20, ║∇J║=2.0e-04
Iteration 834/2000-----
currents: [100000.0, 99999.99992021127, 99999.99988046016]
J=3.5e-04, ⟨Jf⟩=3.2e-04, ⟨B·n⟩=4.2e-03, Len=sum([5.2, 5.2, 4.9])=15.4, ϰ=[5.4, 6.7, 5.8], ∫ϰ²/L>=[4.9, 7.1, 8.0], C-C-Sep=0.20, ║∇J║=2.4e-04
Iteration 835/2000-----
currents: [100000.0, 99999.99991940621, 99999.99987924959]
J=3.5e-04, ⟨Jf⟩=3.2e-04, ⟨B·n⟩=4.2e-03, Len=sum([5.2, 5.2, 4.9])=15.4, ϰ=[5.4, 6.7, 5.8], ∫ϰ²/L>=[4.9, 7.1, 8.0], C-C-Sep=0.20, ║∇J║=2.5e-04
Iteration 836/2000-----
currents: [100000.0, 99999.99991906405, 99999.99987873531]
J=3.5e-04, ⟨Jf⟩=3.2e-04, ⟨B·n⟩=4.2e-03, Len=sum([5.2, 5.2, 4.9])=15.4, ϰ=[5.4, 6.7, 5.8], ∫ϰ²/L>=[4.9, 7.1, 8.0], C-C-Sep=0.20, ║∇J║=2.1e-04
Iteration 837/2000-----
currents: [100000.0, 99999.9999185478, 99999.99987795953]
J=3.5e-04, ⟨Jf⟩=3.2e-04, ⟨B·n⟩=4.2e-03, Len=sum([5.2, 5.2, 4.9])=15.4, ϰ=[5.4, 6.7, 5.8], ∫ϰ²/L>=[4.9, 7.1, 8.0], C-C-Sep=0.20, ║∇J║=2.2e-04
Iteration 838/2000-----
currents: [100000.0, 99999.99991765853, 99999.99987662205]
J=3.5e-04, ⟨Jf⟩=3.2e-04, ⟨B·n⟩=4.2e-03, Len=sum([5.2, 5.2, 4.9])=15.4, ϰ=[5.4, 6.7, 5.8], ∫ϰ²/L>=[4.9, 7.1, 8.0], C-C-Sep=0.20, ║∇J║=4.2e-04
Iteration 839/2000-----
currents: [100000.0, 99999.99991765426, 99999.99987661575]
J=3.5e-04, ⟨Jf⟩=3.2e-04, ⟨B·n⟩=4.2e-03, Len=sum([5.2, 5.2, 4.9])=15.4, ϰ=[5.4, 6.8, 5.8], ∫ϰ²/L>=[4.9, 7.1, 8.0], C-C-Sep=0.20, ║∇J║=1.9e-04
Iteration 840/2000-----
currents: [100000.0, 99999.99991743261, 99999.99987628263]
J=3.5e-04, ⟨Jf⟩=3.2e-04, ⟨B·n⟩=4.2e-03, Len=sum([5.2, 5.2, 4.9])=15.4, ϰ=[5.5, 6.7, 5.8], ∫ϰ²/L>=[4.9, 7.1, 8.0], C-C-Sep=0.20, ║∇J║=1.6e-04
Iteration 841/2000-----
currents: [100000.0, 99999.99991729883, 99999.99987608142]
J=3.5e-04, ⟨Jf⟩=3.2e-04, ⟨B·n⟩=4.2e-03, Len=sum([5.2, 5.2, 4.9])=15.4, ϰ=[5.5, 6.8, 5.8], ∫ϰ²/L>=[4.9, 7.1, 8.0], C-C-Sep=0.20, ║∇J║=1.9e-04
Iteration 842/2000-----
currents: [100000.0, 99999.99991631375, 99999.99987459969]
J=3.5e-04, ⟨Jf⟩=3.2e-04, ⟨B·n⟩=4.2e-03, Len=sum([5.2, 5.2, 4.9])=15.4, ϰ=[5.5, 6.8, 5.8], ∫ϰ²/L>=[4.9, 7.1, 8.0], C-C-Sep=0.20, ║∇J║=3.1e-04
Iteration 843/2000-----
currents: [100000.0, 99999.99991623878, 99999.99987448695]
J=3.5e-04, ⟨Jf⟩=3.2e-04, ⟨B·n⟩=4.2e-03, Len=sum([5.2, 5.2, 4.9])=15.4, ϰ=[5.5, 6.7, 5.8], ∫ϰ²/L>=[4.9, 7.1, 8.0], C-C-Sep=0.20, ║∇J║=1.8e-04
Iteration 844/2000-----
currents: [100000.0, 99999.99991611505, 99999.99987430082]
J=3.5e-04, ⟨Jf⟩=3.2e-04, ⟨B·n⟩=4.2e-03, Len=sum([5.2, 5.2, 4.9])=15.4, ϰ=[5.5, 6.7, 5.8], ∫ϰ²/L>=[4.9, 7.1, 8.0], C-C-Sep=0.20, ║∇J║=1.6e-04
Iteration 845/2000-----
currents: [100000.0, 99999.99991562606, 99999.99987356486]
J=3.5e-04, ⟨Jf⟩=3.2e-04, ⟨B·n⟩=4.2e-03, Len=sum([5.2, 5.2, 4.9])=15.4, ϰ=[5.5, 6.7, 5.8], ∫ϰ²/L>=[4.9, 7.1, 8.0], C-C-Sep=0.20, ║∇J║=1.7e-04
Iteration 846/2000-----
currents: [100000.0, 99999.99991525956, 99999.99987301361]
J=3.5e-04, ⟨Jf⟩=3.2e-04, ⟨B·n⟩=4.2e-03, Len=sum([5.2, 5.2, 4.9])=15.4, ϰ=[5.4, 6.7, 5.8], ∫ϰ²/L>=[4.9, 7.1, 8.0], C-C-Sep=0.20, ║∇J║=3.1e-04
Iteration 847/2000-----
currents: [100000.0, 99999.99991511849, 99999.99987280162]
J=3.5e-04, ⟨Jf⟩=3.2e-04, ⟨B·n⟩=4.2e-03, Len=sum([5.2, 5.2, 4.9])=15.4, ϰ=[5.5, 6.7, 5.8], ∫ϰ²/L>=[4.9, 7.1, 8.0], C-C-Sep=0.20, ║∇J║=1.6e-04
Iteration 848/2000-----
currents: [100000.0, 99999.9999149214, 99999.99987250523]
J=3.5e-04, ⟨Jf⟩=3.2e-04, ⟨B·n⟩=4.1e-03, Len=sum([5.2, 5.2, 4.9])=15.4, ϰ=[5.5, 6.7, 5.8], ∫ϰ²/L>=[4.9, 7.1, 8.0], C-C-Sep=0.20, ║∇J║=1.6e-04
Iteration 849/2000-----
currents: [100000.0, 99999.99991497953, 99999.99987259283]
J=3.5e-04, ⟨Jf⟩=3.2e-04, ⟨B·n⟩=4.2e-03, Len=sum([5.2, 5.2, 4.9])=15.4, ϰ=[5.5, 6.7, 5.8], ∫ϰ²/L>=[4.9, 7.1, 8.0], C-C-Sep=0.20, ║∇J║=1.8e-04
Iteration 850/2000-----
currents: [100000.0, 99999.9999143933, 99999.99987171133]
J=3.5e-04, ⟨Jf⟩=3.2e-04, ⟨B·n⟩=4.2e-03, Len=sum([5.2, 5.2, 4.9])=15.4, ϰ=[5.5, 6.7, 5.8], ∫ϰ²/L>=[4.9, 7.1, 8.0], C-C-Sep=0.20, ║∇J║=1.8e-04
Iteration 851/2000-----
currents: [100000.0, 99999.99991478438, 99999.99987229906]
J=3.5e-04, ⟨Jf⟩=3.2e-04, ⟨B·n⟩=4.2e-03, Len=sum([5.2, 5.2, 4.9])=15.4, ϰ=[5.5, 6.7, 5.8], ∫ϰ²/L>=[4.9, 7.1, 8.0], C-C-Sep=0.20, ║∇J║=2.4e-04
Iteration 852/2000-----
currents: [100000.0, 99999.99991440286, 99999.99987172509]
J=3.5e-04, ⟨Jf⟩=3.2e-04, ⟨B·n⟩=4.2e-03, Len=sum([5.2, 5.2, 4.9])=15.4, ϰ=[5.5, 6.7, 5.8], ∫ϰ²/L>=[4.9, 7.1, 8.0], C-C-Sep=0.20, ║∇J║=1.8e-04
Iteration 853/2000-----
currents: [100000.0, 99999.99991420702, 99999.99987143042]
J=3.5e-04, ⟨Jf⟩=3.2e-04, ⟨B·n⟩=4.2e-03, Len=sum([5.2, 5.2, 4.9])=15.4, ϰ=[5.5, 6.7, 5.8], ∫ϰ²/L>=[4.9, 7.1, 8.0], C-C-Sep=0.20, ║∇J║=1.6e-04
Iteration 854/2000-----
currents: [100000.0, 99999.99991383162, 99999.99987086577]
J=3.5e-04, ⟨Jf⟩=3.2e-04, ⟨B·n⟩=4.2e-03, Len=sum([5.2, 5.2, 4.9])=15.4, ϰ=[5.5, 6.7, 5.8], ∫ϰ²/L>=[4.9, 7.1, 8.0], C-C-Sep=0.20, ║∇J║=1.6e-04
Iteration 855/2000-----
currents: [100000.0, 99999.99991386272, 99999.99987091246]
J=3.5e-04, ⟨Jf⟩=3.2e-04, ⟨B·n⟩=4.2e-03, Len=sum([5.2, 5.2, 4.9])=15.4, ϰ=[5.5, 6.7, 5.8], ∫ϰ²/L>=[4.9, 7.1, 8.0], C-C-Sep=0.20, ║∇J║=1.8e-04
Iteration 856/2000-----
currents: [100000.0, 99999.99991329548, 99999.99987005962]
J=3.5e-04, ⟨Jf⟩=3.2e-04, ⟨B·n⟩=4.2e-03, Len=sum([5.2, 5.2, 4.9])=15.4, ϰ=[5.5, 6.7, 5.8], ∫ϰ²/L>=[4.9, 7.1, 8.0], C-C-Sep=0.20, ║∇J║=2.1e-04
Iteration 857/2000-----
currents: [100000.0, 99999.999913245, 99999.99986998411]
J=3.5e-04, ⟨Jf⟩=3.2e-04, ⟨B·n⟩=4.2e-03, Len=sum([5.2, 5.2, 4.9])=15.4, ϰ=[5.5, 6.7, 5.8], ∫ϰ²/L>=[4.9, 7.1, 8.0], C-C-Sep=0.20, ║∇J║=1.4e-04
Iteration 858/2000-----
currents: [100000.0, 99999.99991315964, 99999.99986985601]
J=3.5e-04, ⟨Jf⟩=3.2e-04, ⟨B·n⟩=4.2e-03, Len=sum([5.2, 5.2, 4.9])=15.4, ϰ=[5.5, 6.7, 5.8], ∫ϰ²/L>=[4.9, 7.1, 8.0], C-C-Sep=0.20, ║∇J║=1.2e-04
Iteration 859/2000-----
currents: [100000.0, 99999.9999130209, 99999.99986964726]
J=3.5e-04, ⟨Jf⟩=3.2e-04, ⟨B·n⟩=4.2e-03, Len=sum([5.2, 5.2, 4.9])=15.4, ϰ=[5.5, 6.7, 5.8], ∫ϰ²/L>=[4.9, 7.1, 8.0], C-C-Sep=0.20, ║∇J║=1.4e-04
Iteration 860/2000-----
currents: [100000.0, 99999.99991269715, 99999.99986916038]
J=3.5e-04, ⟨Jf⟩=3.2e-04, ⟨B·n⟩=4.2e-03, Len=sum([5.2, 5.2, 4.9])=15.4, ϰ=[5.5, 6.7, 5.8], ∫ϰ²/L>=[4.9, 7.1, 8.0], C-C-Sep=0.20, ║∇J║=1.5e-04
Iteration 861/2000-----
currents: [100000.0, 99999.99991245056, 99999.9998687892]
J=3.5e-04, ⟨Jf⟩=3.2e-04, ⟨B·n⟩=4.2e-03, Len=sum([5.2, 5.2, 4.9])=15.4, ϰ=[5.5, 6.7, 5.8], ∫ϰ²/L>=[4.9, 7.1, 8.0], C-C-Sep=0.20, ║∇J║=1.2e-04
Iteration 862/2000-----
currents: [100000.0, 99999.9999122333, 99999.99986846195]
J=3.5e-04, ⟨Jf⟩=3.2e-04, ⟨B·n⟩=4.2e-03, Len=sum([5.2, 5.2, 4.9])=15.4, ϰ=[5.5, 6.7, 5.8], ∫ϰ²/L>=[4.9, 7.1, 8.0], C-C-Sep=0.20, ║∇J║=1.1e-04
Iteration 863/2000-----
currents: [100000.0, 99999.99991174367, 99999.99986772535]
J=3.5e-04, ⟨Jf⟩=3.2e-04, ⟨B·n⟩=4.2e-03, Len=sum([5.2, 5.2, 4.9])=15.4, ϰ=[5.5, 6.7, 5.8], ∫ϰ²/L>=[4.9, 7.1, 8.0], C-C-Sep=0.20, ║∇J║=1.3e-04
Iteration 864/2000-----
currents: [100000.0, 99999.99991131763, 99999.99986708454]
J=3.5e-04, ⟨Jf⟩=3.2e-04, ⟨B·n⟩=4.2e-03, Len=sum([5.2, 5.2, 4.9])=15.4, ϰ=[5.5, 6.7, 5.8], ∫ϰ²/L>=[4.9, 7.1, 8.0], C-C-Sep=0.20, ║∇J║=1.6e-04
Iteration 865/2000-----
currents: [100000.0, 99999.99991066946, 99999.99986610937]
J=3.5e-04, ⟨Jf⟩=3.2e-04, ⟨B·n⟩=4.2e-03, Len=sum([5.2, 5.2, 4.9])=15.4, ϰ=[5.5, 6.7, 5.8], ∫ϰ²/L>=[4.9, 7.1, 8.0], C-C-Sep=0.20, ║∇J║=1.3e-04
Iteration 866/2000-----
currents: [100000.0, 99999.99991012528, 99999.99986529085]
J=3.5e-04, ⟨Jf⟩=3.2e-04, ⟨B·n⟩=4.2e-03, Len=sum([5.2, 5.2, 4.9])=15.4, ϰ=[5.5, 6.7, 5.8], ∫ϰ²/L>=[4.9, 7.1, 8.0], C-C-Sep=0.20, ║∇J║=1.4e-04
Iteration 867/2000-----
currents: [100000.0, 99999.99990936783, 99999.99986415161]
J=3.5e-04, ⟨Jf⟩=3.2e-04, ⟨B·n⟩=4.2e-03, Len=sum([5.2, 5.2, 4.9])=15.4, ϰ=[5.5, 6.7, 5.8], ∫ϰ²/L>=[4.9, 7.1, 8.0], C-C-Sep=0.20, ║∇J║=2.0e-04
Iteration 868/2000-----
currents: [100000.0, 99999.99990867768, 99999.99986311281]
J=3.5e-04, ⟨Jf⟩=3.2e-04, ⟨B·n⟩=4.2e-03, Len=sum([5.2, 5.2, 4.9])=15.4, ϰ=[5.5, 6.7, 5.8], ∫ϰ²/L>=[4.9, 7.1, 8.0], C-C-Sep=0.20, ║∇J║=2.0e-04
Iteration 869/2000-----
currents: [100000.0, 99999.99990722463, 99999.99986092697]
J=3.5e-04, ⟨Jf⟩=3.2e-04, ⟨B·n⟩=4.2e-03, Len=sum([5.2, 5.2, 4.9])=15.4, ϰ=[5.5, 6.7, 5.8], ∫ϰ²/L>=[4.9, 7.1, 8.0], C-C-Sep=0.20, ║∇J║=2.0e-04
Iteration 870/2000-----
currents: [100000.0, 99999.99990549806, 99999.99985832948]
J=3.5e-04, ⟨Jf⟩=3.2e-04, ⟨B·n⟩=4.2e-03, Len=sum([5.2, 5.2, 4.9])=15.4, ϰ=[5.5, 6.7, 5.8], ∫ϰ²/L>=[5.0, 7.1, 8.0], C-C-Sep=0.20, ║∇J║=2.4e-04
Iteration 871/2000-----
currents: [100000.0, 99999.99990523844, 99999.99985793902]
J=3.5e-04, ⟨Jf⟩=3.2e-04, ⟨B·n⟩=4.2e-03, Len=sum([5.2, 5.2, 4.9])=15.4, ϰ=[5.5, 6.7, 5.8], ∫ϰ²/L>=[5.0, 7.1, 8.0], C-C-Sep=0.20, ║∇J║=3.1e-04
Iteration 872/2000-----
currents: [100000.0, 99999.99990438046, 99999.99985664852]
J=3.5e-04, ⟨Jf⟩=3.2e-04, ⟨B·n⟩=4.2e-03, Len=sum([5.2, 5.2, 4.9])=15.4, ϰ=[5.5, 6.7, 5.8], ∫ϰ²/L>=[5.0, 7.1, 8.0], C-C-Sep=0.20, ║∇J║=2.1e-04
Iteration 873/2000-----
currents: [100000.0, 99999.999904814, 99999.9998573009]
J=3.5e-04, ⟨Jf⟩=3.2e-04, ⟨B·n⟩=4.2e-03, Len=sum([5.2, 5.2, 4.9])=15.4, ϰ=[5.5, 6.7, 5.8], ∫ϰ²/L>=[5.0, 7.1, 8.0], C-C-Sep=0.20, ║∇J║=2.4e-04
Iteration 874/2000-----
currents: [100000.0, 99999.99990347169, 99999.99985528173]
J=3.5e-04, ⟨Jf⟩=3.2e-04, ⟨B·n⟩=4.2e-03, Len=sum([5.2, 5.2, 4.9])=15.4, ϰ=[5.5, 6.7, 5.8], ∫ϰ²/L>=[5.0, 7.1, 8.0], C-C-Sep=0.20, ║∇J║=1.7e-04
Iteration 875/2000-----
currents: [100000.0, 99999.99990187719, 99999.99985288274]
J=3.5e-04, ⟨Jf⟩=3.2e-04, ⟨B·n⟩=4.2e-03, Len=sum([5.2, 5.2, 4.9])=15.4, ϰ=[5.5, 6.7, 5.8], ∫ϰ²/L>=[5.0, 7.1, 8.0], C-C-Sep=0.20, ║∇J║=2.0e-04
Iteration 876/2000-----
currents: [100000.0, 99999.99989998588, 99999.99985003666]
J=3.5e-04, ⟨Jf⟩=3.2e-04, ⟨B·n⟩=4.2e-03, Len=sum([5.2, 5.2, 4.9])=15.4, ϰ=[5.5, 6.7, 5.8], ∫ϰ²/L>=[5.0, 7.1, 8.0], C-C-Sep=0.20, ║∇J║=2.7e-04
Iteration 877/2000-----
currents: [100000.0, 99999.99990013317, 99999.99985025768]
J=3.5e-04, ⟨Jf⟩=3.2e-04, ⟨B·n⟩=4.2e-03, Len=sum([5.2, 5.2, 4.9])=15.4, ϰ=[5.5, 6.7, 5.8], ∫ϰ²/L>=[5.0, 7.1, 8.0], C-C-Sep=0.20, ║∇J║=3.8e-04
Iteration 878/2000-----
currents: [100000.0, 99999.99990000209, 99999.9998500605]
J=3.5e-04, ⟨Jf⟩=3.2e-04, ⟨B·n⟩=4.2e-03, Len=sum([5.2, 5.2, 4.9])=15.4, ϰ=[5.5, 6.7, 5.8], ∫ϰ²/L>=[5.0, 7.1, 8.0], C-C-Sep=0.20, ║∇J║=1.6e-04
Iteration 879/2000-----
currents: [100000.0, 99999.9998992191, 99999.99984888286]
J=3.5e-04, ⟨Jf⟩=3.2e-04, ⟨B·n⟩=4.2e-03, Len=sum([5.2, 5.2, 4.9])=15.4, ϰ=[5.5, 6.7, 5.8], ∫ϰ²/L>=[5.0, 7.1, 8.0], C-C-Sep=0.20, ║∇J║=1.7e-04
Iteration 880/2000-----
currents: [100000.0, 99999.99989825168, 99999.99984742719]
J=3.5e-04, ⟨Jf⟩=3.2e-04, ⟨B·n⟩=4.2e-03, Len=sum([5.2, 5.2, 4.9])=15.4, ϰ=[5.5, 6.7, 5.8], ∫ϰ²/L>=[5.0, 7.1, 8.0], C-C-Sep=0.20, ║∇J║=2.3e-04
Iteration 881/2000-----
currents: [100000.0, 99999.99989691125, 99999.99984541048]
J=3.5e-04, ⟨Jf⟩=3.2e-04, ⟨B·n⟩=4.2e-03, Len=sum([5.2, 5.2, 4.9])=15.4, ϰ=[5.5, 6.7, 5.8], ∫ϰ²/L>=[5.0, 7.1, 8.0], C-C-Sep=0.20, ║∇J║=2.1e-04
Iteration 882/2000-----
currents: [100000.0, 99999.99989670915, 99999.9998451064]
J=3.5e-04, ⟨Jf⟩=3.2e-04, ⟨B·n⟩=4.2e-03, Len=sum([5.2, 5.2, 4.9])=15.4, ϰ=[5.5, 6.7, 5.8], ∫ϰ²/L>=[5.0, 7.1, 8.0], C-C-Sep=0.20, ║∇J║=2.7e-04
Iteration 883/2000-----
currents: [100000.0, 99999.9998958555, 99999.9998438223]
J=3.5e-04, ⟨Jf⟩=3.2e-04, ⟨B·n⟩=4.2e-03, Len=sum([5.2, 5.2, 4.9])=15.4, ϰ=[5.5, 6.7, 5.8], ∫ϰ²/L>=[5.0, 7.1, 8.0], C-C-Sep=0.20, ║∇J║=2.5e-04
Iteration 884/2000-----
currents: [100000.0, 99999.99989520393, 99999.99984284205]
J=3.5e-04, ⟨Jf⟩=3.2e-04, ⟨B·n⟩=4.2e-03, Len=sum([5.2, 5.2, 4.9])=15.4, ϰ=[5.5, 6.7, 5.8], ∫ϰ²/L>=[5.0, 7.1, 8.0], C-C-Sep=0.20, ║∇J║=2.2e-04
Iteration 885/2000-----
currents: [100000.0, 99999.99989396322, 99999.99984097593]
J=3.5e-04, ⟨Jf⟩=3.2e-04, ⟨B·n⟩=4.2e-03, Len=sum([5.2, 5.2, 4.9])=15.4, ϰ=[5.5, 6.7, 5.8], ∫ϰ²/L>=[5.0, 7.1, 8.0], C-C-Sep=0.20, ║∇J║=2.5e-04
Iteration 886/2000-----
currents: [100000.0, 99999.9998920751, 99999.99983813576]
J=3.5e-04, ⟨Jf⟩=3.2e-04, ⟨B·n⟩=4.2e-03, Len=sum([5.2, 5.2, 4.9])=15.4, ϰ=[5.5, 6.7, 5.8], ∫ϰ²/L>=[5.0, 7.1, 8.0], C-C-Sep=0.20, ║∇J║=3.3e-04
Iteration 887/2000-----
currents: [100000.0, 99999.99989224767, 99999.99983839536]
J=3.5e-04, ⟨Jf⟩=3.2e-04, ⟨B·n⟩=4.2e-03, Len=sum([5.2, 5.2, 4.9])=15.4, ϰ=[5.5, 6.7, 5.8], ∫ϰ²/L>=[5.0, 7.1, 8.0], C-C-Sep=0.20, ║∇J║=2.8e-04
Iteration 888/2000-----
currents: [100000.0, 99999.9998902055, 99999.99983532328]
J=3.5e-04, ⟨Jf⟩=3.2e-04, ⟨B·n⟩=4.2e-03, Len=sum([5.2, 5.2, 4.9])=15.4, ϰ=[5.5, 6.7, 5.8], ∫ϰ²/L>=[5.0, 7.1, 8.0], C-C-Sep=0.20, ║∇J║=3.0e-04
Iteration 889/2000-----
currents: [100000.0, 99999.99988971504, 99999.99983458576]
J=3.5e-04, ⟨Jf⟩=3.2e-04, ⟨B·n⟩=4.2e-03, Len=sum([5.2, 5.2, 4.9])=15.4, ϰ=[5.5, 6.7, 5.8], ∫ϰ²/L>=[5.0, 7.1, 8.0], C-C-Sep=0.20, ║∇J║=1.8e-04
Iteration 890/2000-----
currents: [100000.0, 99999.99988893076, 99999.99983340554]
J=3.5e-04, ⟨Jf⟩=3.2e-04, ⟨B·n⟩=4.2e-03, Len=sum([5.2, 5.2, 4.9])=15.4, ϰ=[5.5, 6.8, 5.8], ∫ϰ²/L>=[5.0, 7.1, 8.0], C-C-Sep=0.20, ║∇J║=1.7e-04
Iteration 891/2000-----
currents: [100000.0, 99999.99988778919, 99999.99983168801]
J=3.5e-04, ⟨Jf⟩=3.2e-04, ⟨B·n⟩=4.2e-03, Len=sum([5.2, 5.2, 4.9])=15.4, ϰ=[5.5, 6.8, 5.8], ∫ϰ²/L>=[5.0, 7.1, 8.0], C-C-Sep=0.20, ║∇J║=2.3e-04
Iteration 892/2000-----
currents: [100000.0, 99999.99988757879, 99999.99983137143]
J=3.5e-04, ⟨Jf⟩=3.2e-04, ⟨B·n⟩=4.2e-03, Len=sum([5.2, 5.2, 4.9])=15.4, ϰ=[5.5, 6.8, 5.8], ∫ϰ²/L>=[5.0, 7.1, 8.0], C-C-Sep=0.20, ║∇J║=1.8e-04
Iteration 893/2000-----
currents: [100000.0, 99999.9998872599, 99999.99983089113]
J=3.5e-04, ⟨Jf⟩=3.2e-04, ⟨B·n⟩=4.2e-03, Len=sum([5.2, 5.2, 4.9])=15.4, ϰ=[5.5, 6.8, 5.8], ∫ϰ²/L>=[5.0, 7.1, 8.0], C-C-Sep=0.20, ║∇J║=1.7e-04
Iteration 894/2000-----
currents: [100000.0, 99999.99988744366, 99999.99983116741]
J=3.5e-04, ⟨Jf⟩=3.2e-04, ⟨B·n⟩=4.2e-03, Len=sum([5.2, 5.2, 4.9])=15.4, ϰ=[5.5, 6.7, 5.8], ∫ϰ²/L>=[5.0, 7.1, 8.0], C-C-Sep=0.20, ║∇J║=1.7e-04
Iteration 895/2000-----
currents: [100000.0, 99999.99988642662, 99999.99982963727]
J=3.5e-04, ⟨Jf⟩=3.2e-04, ⟨B·n⟩=4.2e-03, Len=sum([5.2, 5.2, 4.9])=15.4, ϰ=[5.5, 6.7, 5.8], ∫ϰ²/L>=[5.0, 7.1, 8.0], C-C-Sep=0.20, ║∇J║=2.2e-04
Iteration 896/2000-----
currents: [100000.0, 99999.99988652079, 99999.99982977855]
J=3.5e-04, ⟨Jf⟩=3.2e-04, ⟨B·n⟩=4.2e-03, Len=sum([5.2, 5.2, 4.9])=15.4, ϰ=[5.5, 6.7, 5.8], ∫ϰ²/L>=[5.0, 7.1, 8.0], C-C-Sep=0.20, ║∇J║=1.9e-04
Iteration 897/2000-----
currents: [100000.0, 99999.99988604238, 99999.99982905897]
J=3.5e-04, ⟨Jf⟩=3.2e-04, ⟨B·n⟩=4.2e-03, Len=sum([5.2, 5.2, 4.9])=15.4, ϰ=[5.5, 6.7, 5.8], ∫ϰ²/L>=[5.0, 7.1, 8.0], C-C-Sep=0.20, ║∇J║=2.1e-04
Iteration 898/2000-----
currents: [100000.0, 99999.99988580187, 99999.99982869742]
J=3.5e-04, ⟨Jf⟩=3.2e-04, ⟨B·n⟩=4.2e-03, Len=sum([5.2, 5.2, 4.9])=15.4, ϰ=[5.5, 6.7, 5.8], ∫ϰ²/L>=[5.0, 7.1, 8.0], C-C-Sep=0.20, ║∇J║=2.1e-04
Iteration 899/2000-----
currents: [100000.0, 99999.99988537305, 99999.99982805217]
J=3.5e-04, ⟨Jf⟩=3.2e-04, ⟨B·n⟩=4.2e-03, Len=sum([5.2, 5.2, 4.9])=15.4, ϰ=[5.5, 6.7, 5.8], ∫ϰ²/L>=[5.0, 7.1, 8.0], C-C-Sep=0.20, ║∇J║=1.8e-04
Iteration 900/2000-----
currents: [100000.0, 99999.99988456194, 99999.99982683203]
J=3.5e-04, ⟨Jf⟩=3.2e-04, ⟨B·n⟩=4.2e-03, Len=sum([5.2, 5.2, 4.9])=15.4, ϰ=[5.5, 6.7, 5.8], ∫ϰ²/L>=[5.0, 7.1, 8.0], C-C-Sep=0.20, ║∇J║=1.8e-04
Iteration 901/2000-----
currents: [100000.0, 99999.99988456497, 99999.99982683662]
J=3.5e-04, ⟨Jf⟩=3.2e-04, ⟨B·n⟩=4.2e-03, Len=sum([5.2, 5.2, 4.9])=15.4, ϰ=[5.5, 6.7, 5.8], ∫ϰ²/L>=[5.0, 7.1, 8.0], C-C-Sep=0.20, ║∇J║=2.5e-04
Iteration 902/2000-----
currents: [100000.0, 99999.99988396703, 99999.99982593677]
J=3.5e-04, ⟨Jf⟩=3.2e-04, ⟨B·n⟩=4.2e-03, Len=sum([5.2, 5.2, 4.9])=15.4, ϰ=[5.5, 6.7, 5.8], ∫ϰ²/L>=[5.0, 7.1, 8.0], C-C-Sep=0.20, ║∇J║=1.6e-04
Iteration 903/2000-----
currents: [100000.0, 99999.99988389644, 99999.99982583064]
J=3.5e-04, ⟨Jf⟩=3.2e-04, ⟨B·n⟩=4.2e-03, Len=sum([5.2, 5.2, 4.9])=15.4, ϰ=[5.5, 6.7, 5.8], ∫ϰ²/L>=[5.0, 7.1, 8.0], C-C-Sep=0.20, ║∇J║=1.6e-04
Iteration 904/2000-----
currents: [100000.0, 99999.99988346348, 99999.99982517966]
J=3.5e-04, ⟨Jf⟩=3.2e-04, ⟨B·n⟩=4.2e-03, Len=sum([5.2, 5.2, 4.9])=15.4, ϰ=[5.5, 6.7, 5.8], ∫ϰ²/L>=[5.0, 7.1, 8.0], C-C-Sep=0.20, ║∇J║=1.6e-04
Iteration 905/2000-----
currents: [100000.0, 99999.99988281712, 99999.99982420736]
J=3.5e-04, ⟨Jf⟩=3.2e-04, ⟨B·n⟩=4.2e-03, Len=sum([5.2, 5.2, 4.9])=15.4, ϰ=[5.5, 6.7, 5.8], ∫ϰ²/L>=[5.0, 7.1, 8.0], C-C-Sep=0.20, ║∇J║=1.5e-04
Iteration 906/2000-----
currents: [100000.0, 99999.99988153303, 99999.99982227589]
J=3.5e-04, ⟨Jf⟩=3.2e-04, ⟨B·n⟩=4.2e-03, Len=sum([5.2, 5.2, 4.9])=15.4, ϰ=[5.5, 6.7, 5.8], ∫ϰ²/L>=[5.0, 7.1, 8.0], C-C-Sep=0.20, ║∇J║=1.7e-04
Iteration 907/2000-----
currents: [100000.0, 99999.99988175498, 99999.99982260987]
J=3.5e-04, ⟨Jf⟩=3.2e-04, ⟨B·n⟩=4.2e-03, Len=sum([5.2, 5.2, 4.9])=15.4, ϰ=[5.5, 6.7, 5.8], ∫ϰ²/L>=[5.0, 7.1, 8.0], C-C-Sep=0.20, ║∇J║=2.1e-04
Iteration 908/2000-----
currents: [100000.0, 99999.99988154383, 99999.99982229213]
J=3.5e-04, ⟨Jf⟩=3.2e-04, ⟨B·n⟩=4.2e-03, Len=sum([5.2, 5.2, 4.9])=15.4, ϰ=[5.5, 6.7, 5.8], ∫ϰ²/L>=[5.0, 7.1, 8.0], C-C-Sep=0.20, ║∇J║=2.0e-04
Iteration 909/2000-----
currents: [100000.0, 99999.99988126836, 99999.99982187756]
J=3.5e-04, ⟨Jf⟩=3.2e-04, ⟨B·n⟩=4.2e-03, Len=sum([5.2, 5.2, 4.9])=15.4, ϰ=[5.5, 6.7, 5.8], ∫ϰ²/L>=[5.0, 7.1, 8.0], C-C-Sep=0.20, ║∇J║=1.4e-04
Iteration 910/2000-----
currents: [100000.0, 99999.99988090851, 99999.99982133618]
J=3.5e-04, ⟨Jf⟩=3.2e-04, ⟨B·n⟩=4.2e-03, Len=sum([5.2, 5.2, 4.9])=15.4, ϰ=[5.5, 6.7, 5.8], ∫ϰ²/L>=[5.0, 7.1, 8.0], C-C-Sep=0.20, ║∇J║=1.3e-04
Iteration 911/2000-----
currents: [100000.0, 99999.99988035735, 99999.99982050696]
J=3.5e-04, ⟨Jf⟩=3.2e-04, ⟨B·n⟩=4.2e-03, Len=sum([5.2, 5.2, 4.9])=15.4, ϰ=[5.5, 6.8, 5.8], ∫ϰ²/L>=[5.0, 7.1, 8.0], C-C-Sep=0.20, ║∇J║=1.5e-04
Iteration 912/2000-----
currents: [100000.0, 99999.99987977519, 99999.99981963103]
J=3.5e-04, ⟨Jf⟩=3.2e-04, ⟨B·n⟩=4.2e-03, Len=sum([5.2, 5.2, 4.9])=15.4, ϰ=[5.5, 6.8, 5.8], ∫ϰ²/L>=[5.0, 7.1, 8.0], C-C-Sep=0.20, ║∇J║=2.5e-04
Iteration 913/2000-----
currents: [100000.0, 99999.99987948447, 99999.99981919354]
J=3.5e-04, ⟨Jf⟩=3.2e-04, ⟨B·n⟩=4.2e-03, Len=sum([5.2, 5.2, 4.9])=15.4, ϰ=[5.5, 6.7, 5.8], ∫ϰ²/L>=[5.0, 7.1, 8.0], C-C-Sep=0.20, ║∇J║=1.6e-04
Iteration 914/2000-----
currents: [100000.0, 99999.99987916062, 99999.99981870607]
J=3.5e-04, ⟨Jf⟩=3.2e-04, ⟨B·n⟩=4.2e-03, Len=sum([5.2, 5.2, 4.9])=15.4, ϰ=[5.5, 6.7, 5.8], ∫ϰ²/L>=[5.0, 7.1, 8.0], C-C-Sep=0.20, ║∇J║=1.4e-04
Iteration 915/2000-----
currents: [100000.0, 99999.9998787674, 99999.99981811421]
J=3.5e-04, ⟨Jf⟩=3.2e-04, ⟨B·n⟩=4.2e-03, Len=sum([5.2, 5.2, 4.9])=15.4, ϰ=[5.5, 6.7, 5.8], ∫ϰ²/L>=[5.0, 7.1, 8.0], C-C-Sep=0.20, ║∇J║=1.7e-04
Iteration 916/2000-----
currents: [100000.0, 99999.99987813456, 99999.99981716214]
J=3.5e-04, ⟨Jf⟩=3.2e-04, ⟨B·n⟩=4.2e-03, Len=sum([5.2, 5.2, 4.9])=15.4, ϰ=[5.5, 6.7, 5.8], ∫ϰ²/L>=[5.0, 7.1, 8.0], C-C-Sep=0.20, ║∇J║=2.3e-04
Iteration 917/2000-----
currents: [100000.0, 99999.99987869736, 99999.99981800893]
J=3.5e-04, ⟨Jf⟩=3.2e-04, ⟨B·n⟩=4.2e-03, Len=sum([5.2, 5.2, 4.9])=15.4, ϰ=[5.5, 6.7, 5.8], ∫ϰ²/L>=[5.0, 7.1, 8.0], C-C-Sep=0.20, ║∇J║=1.7e-04
Iteration 918/2000-----
currents: [100000.0, 99999.99987815821, 99999.9998171979]
J=3.5e-04, ⟨Jf⟩=3.2e-04, ⟨B·n⟩=4.2e-03, Len=sum([5.2, 5.2, 4.9])=15.4, ϰ=[5.5, 6.7, 5.8], ∫ϰ²/L>=[5.0, 7.1, 8.0], C-C-Sep=0.20, ║∇J║=1.6e-04
Iteration 919/2000-----
currents: [100000.0, 99999.99987806156, 99999.99981705273]
J=3.5e-04, ⟨Jf⟩=3.2e-04, ⟨B·n⟩=4.2e-03, Len=sum([5.2, 5.2, 4.9])=15.4, ϰ=[5.5, 6.7, 5.8], ∫ϰ²/L>=[5.0, 7.1, 8.0], C-C-Sep=0.20, ║∇J║=1.2e-04
Iteration 920/2000-----
currents: [100000.0, 99999.99987785169, 99999.99981673712]
J=3.5e-04, ⟨Jf⟩=3.2e-04, ⟨B·n⟩=4.2e-03, Len=sum([5.2, 5.2, 4.9])=15.4, ϰ=[5.5, 6.7, 5.8], ∫ϰ²/L>=[5.0, 7.1, 8.0], C-C-Sep=0.20, ║∇J║=1.1e-04
Iteration 921/2000-----
currents: [100000.0, 99999.99987754802, 99999.99981628031]
J=3.5e-04, ⟨Jf⟩=3.2e-04, ⟨B·n⟩=4.2e-03, Len=sum([5.2, 5.2, 4.9])=15.4, ϰ=[5.5, 6.7, 5.8], ∫ϰ²/L>=[5.0, 7.1, 8.0], C-C-Sep=0.20, ║∇J║=1.3e-04
Iteration 922/2000-----
currents: [100000.0, 99999.99987715801, 99999.99981569359]
J=3.5e-04, ⟨Jf⟩=3.2e-04, ⟨B·n⟩=4.2e-03, Len=sum([5.2, 5.2, 4.9])=15.4, ϰ=[5.5, 6.7, 5.8], ∫ϰ²/L>=[5.0, 7.1, 8.0], C-C-Sep=0.20, ║∇J║=1.7e-04
Iteration 923/2000-----
currents: [100000.0, 99999.99987667018, 99999.99981495918]
J=3.5e-04, ⟨Jf⟩=3.2e-04, ⟨B·n⟩=4.2e-03, Len=sum([5.2, 5.2, 4.9])=15.4, ϰ=[5.5, 6.7, 5.8], ∫ϰ²/L>=[5.0, 7.1, 8.0], C-C-Sep=0.20, ║∇J║=1.5e-04
Iteration 924/2000-----
currents: [100000.0, 99999.99987637076, 99999.99981450835]
J=3.5e-04, ⟨Jf⟩=3.2e-04, ⟨B·n⟩=4.2e-03, Len=sum([5.2, 5.2, 4.9])=15.4, ϰ=[5.5, 6.7, 5.8], ∫ϰ²/L>=[5.0, 7.1, 8.0], C-C-Sep=0.20, ║∇J║=1.4e-04
Iteration 925/2000-----
currents: [100000.0, 99999.99987577177, 99999.9998136071]
J=3.5e-04, ⟨Jf⟩=3.2e-04, ⟨B·n⟩=4.2e-03, Len=sum([5.2, 5.2, 4.9])=15.4, ϰ=[5.5, 6.7, 5.8], ∫ϰ²/L>=[5.0, 7.1, 8.0], C-C-Sep=0.20, ║∇J║=1.9e-04
Iteration 926/2000-----
currents: [100000.0, 99999.99987456242, 99999.99981178663]
J=3.5e-04, ⟨Jf⟩=3.2e-04, ⟨B·n⟩=4.2e-03, Len=sum([5.2, 5.2, 4.9])=15.4, ϰ=[5.5, 6.7, 5.9], ∫ϰ²/L>=[5.0, 7.1, 8.0], C-C-Sep=0.20, ║∇J║=5.2e-04
Iteration 927/2000-----
currents: [100000.0, 99999.99987522239, 99999.99981278011]
J=3.5e-04, ⟨Jf⟩=3.2e-04, ⟨B·n⟩=4.2e-03, Len=sum([5.2, 5.2, 4.9])=15.4, ϰ=[5.5, 6.7, 5.8], ∫ϰ²/L>=[5.0, 7.1, 8.0], C-C-Sep=0.20, ║∇J║=2.3e-04
Iteration 928/2000-----
currents: [100000.0, 99999.99987454609, 99999.99981176243]
J=3.5e-04, ⟨Jf⟩=3.2e-04, ⟨B·n⟩=4.2e-03, Len=sum([5.2, 5.2, 4.9])=15.4, ϰ=[5.5, 6.7, 5.8], ∫ϰ²/L>=[5.0, 7.1, 8.0], C-C-Sep=0.20, ║∇J║=1.6e-04
Iteration 929/2000-----
currents: [100000.0, 99999.99987325395, 99999.99980981852]
J=3.5e-04, ⟨Jf⟩=3.2e-04, ⟨B·n⟩=4.2e-03, Len=sum([5.2, 5.2, 4.9])=15.4, ϰ=[5.5, 6.7, 5.8], ∫ϰ²/L>=[5.0, 7.1, 8.0], C-C-Sep=0.20, ║∇J║=1.8e-04
Iteration 930/2000-----
currents: [100000.0, 99999.99987327753, 99999.99980985376]
J=3.5e-04, ⟨Jf⟩=3.2e-04, ⟨B·n⟩=4.2e-03, Len=sum([5.2, 5.2, 4.9])=15.4, ϰ=[5.5, 6.7, 5.9], ∫ϰ²/L>=[5.0, 7.1, 8.0], C-C-Sep=0.20, ║∇J║=2.4e-04
Iteration 931/2000-----
currents: [100000.0, 99999.99987274116, 99999.99980904661]
J=3.5e-04, ⟨Jf⟩=3.2e-04, ⟨B·n⟩=4.2e-03, Len=sum([5.2, 5.2, 4.9])=15.4, ϰ=[5.5, 6.7, 5.9], ∫ϰ²/L>=[5.0, 7.1, 8.0], C-C-Sep=0.20, ║∇J║=1.7e-04
Iteration 932/2000-----
currents: [100000.0, 99999.99987137635, 99999.99980699284]
J=3.5e-04, ⟨Jf⟩=3.2e-04, ⟨B·n⟩=4.2e-03, Len=sum([5.2, 5.2, 4.9])=15.4, ϰ=[5.5, 6.7, 5.9], ∫ϰ²/L>=[5.0, 7.1, 8.0], C-C-Sep=0.20, ║∇J║=1.8e-04
Iteration 933/2000-----
currents: [100000.0, 99999.99987032377, 99999.99980540862]
J=3.5e-04, ⟨Jf⟩=3.2e-04, ⟨B·n⟩=4.2e-03, Len=sum([5.2, 5.2, 4.9])=15.4, ϰ=[5.5, 6.7, 5.9], ∫ϰ²/L>=[5.0, 7.1, 8.0], C-C-Sep=0.20, ║∇J║=3.1e-04
Iteration 934/2000-----
currents: [100000.0, 99999.99986911291, 99999.9998035866]
J=3.5e-04, ⟨Jf⟩=3.2e-04, ⟨B·n⟩=4.2e-03, Len=sum([5.2, 5.2, 4.9])=15.4, ϰ=[5.5, 6.7, 5.9], ∫ϰ²/L>=[5.0, 7.1, 8.0], C-C-Sep=0.20, ║∇J║=2.4e-04
Iteration 935/2000-----
currents: [100000.0, 99999.99986899598, 99999.9998034105]
J=3.5e-04, ⟨Jf⟩=3.2e-04, ⟨B·n⟩=4.2e-03, Len=sum([5.2, 5.2, 4.9])=15.4, ϰ=[5.5, 6.7, 5.9], ∫ϰ²/L>=[5.0, 7.1, 8.0], C-C-Sep=0.20, ║∇J║=2.3e-04
Iteration 936/2000-----
currents: [100000.0, 99999.9998672457, 99999.99980077664]
J=3.5e-04, ⟨Jf⟩=3.2e-04, ⟨B·n⟩=4.2e-03, Len=sum([5.2, 5.2, 4.9])=15.4, ϰ=[5.5, 6.7, 5.9], ∫ϰ²/L>=[5.0, 7.1, 8.0], C-C-Sep=0.20, ║∇J║=2.9e-04
Iteration 937/2000-----
currents: [100000.0, 99999.99986731495, 99999.99980088125]
J=3.5e-04, ⟨Jf⟩=3.2e-04, ⟨B·n⟩=4.2e-03, Len=sum([5.2, 5.2, 4.9])=15.4, ϰ=[5.5, 6.7, 5.9], ∫ϰ²/L>=[4.9, 7.1, 8.0], C-C-Sep=0.20, ║∇J║=2.6e-04
Iteration 938/2000-----
currents: [100000.0, 99999.99986690395, 99999.99980026265]
J=3.5e-04, ⟨Jf⟩=3.2e-04, ⟨B·n⟩=4.2e-03, Len=sum([5.2, 5.2, 4.9])=15.4, ϰ=[5.5, 6.7, 5.9], ∫ϰ²/L>=[4.9, 7.1, 8.0], C-C-Sep=0.20, ║∇J║=1.8e-04
Iteration 939/2000-----
currents: [100000.0, 99999.99986646262, 99999.99979959804]
J=3.5e-04, ⟨Jf⟩=3.2e-04, ⟨B·n⟩=4.2e-03, Len=sum([5.2, 5.2, 4.9])=15.4, ϰ=[5.5, 6.7, 5.9], ∫ϰ²/L>=[5.0, 7.1, 8.0], C-C-Sep=0.20, ║∇J║=1.8e-04
Iteration 940/2000-----
currents: [100000.0, 99999.99986552354, 99999.99979818483]
J=3.5e-04, ⟨Jf⟩=3.2e-04, ⟨B·n⟩=4.2e-03, Len=sum([5.2, 5.2, 4.9])=15.4, ϰ=[5.5, 6.7, 5.9], ∫ϰ²/L>=[5.0, 7.1, 8.0], C-C-Sep=0.20, ║∇J║=2.2e-04
Iteration 941/2000-----
currents: [100000.0, 99999.99986388655, 99999.99979572103]
J=3.5e-04, ⟨Jf⟩=3.2e-04, ⟨B·n⟩=4.2e-03, Len=sum([5.2, 5.2, 4.9])=15.4, ϰ=[5.5, 6.7, 5.9], ∫ϰ²/L>=[4.9, 7.1, 8.0], C-C-Sep=0.20, ║∇J║=3.5e-04
Iteration 942/2000-----
currents: [100000.0, 99999.99986321742, 99999.9997947142]
J=3.5e-04, ⟨Jf⟩=3.2e-04, ⟨B·n⟩=4.2e-03, Len=sum([5.2, 5.2, 4.9])=15.4, ϰ=[5.5, 6.7, 5.9], ∫ϰ²/L>=[4.9, 7.1, 8.0], C-C-Sep=0.20, ║∇J║=2.3e-04
Iteration 943/2000-----
currents: [100000.0, 99999.99986209549, 99999.99979302628]
J=3.5e-04, ⟨Jf⟩=3.2e-04, ⟨B·n⟩=4.2e-03, Len=sum([5.2, 5.2, 4.9])=15.4, ϰ=[5.5, 6.7, 5.9], ∫ϰ²/L>=[4.9, 7.1, 8.0], C-C-Sep=0.20, ║∇J║=2.1e-04
Iteration 944/2000-----
currents: [100000.0, 99999.99986197533, 99999.99979284538]
J=3.5e-04, ⟨Jf⟩=3.2e-04, ⟨B·n⟩=4.2e-03, Len=sum([5.2, 5.2, 4.9])=15.4, ϰ=[5.5, 6.7, 5.9], ∫ϰ²/L>=[4.9, 7.1, 8.0], C-C-Sep=0.20, ║∇J║=2.1e-04
Iteration 945/2000-----
currents: [100000.0, 99999.99985946484, 99999.99978906708]
J=3.5e-04, ⟨Jf⟩=3.2e-04, ⟨B·n⟩=4.2e-03, Len=sum([5.2, 5.2, 4.9])=15.4, ϰ=[5.5, 6.7, 5.9], ∫ϰ²/L>=[4.9, 7.1, 8.0], C-C-Sep=0.20, ║∇J║=3.4e-04
Iteration 946/2000-----
currents: [100000.0, 99999.99986067467, 99999.99979088789]
J=3.5e-04, ⟨Jf⟩=3.2e-04, ⟨B·n⟩=4.2e-03, Len=sum([5.2, 5.2, 4.9])=15.4, ϰ=[5.5, 6.7, 5.9], ∫ϰ²/L>=[4.9, 7.1, 8.0], C-C-Sep=0.20, ║∇J║=2.3e-04
Iteration 947/2000-----
currents: [100000.0, 99999.99986047624, 99999.99979058877]
J=3.5e-04, ⟨Jf⟩=3.2e-04, ⟨B·n⟩=4.2e-03, Len=sum([5.2, 5.2, 4.9])=15.4, ϰ=[5.5, 6.8, 5.9], ∫ϰ²/L>=[4.9, 7.1, 8.0], C-C-Sep=0.20, ║∇J║=2.8e-04
Iteration 948/2000-----
currents: [100000.0, 99999.99985955149, 99999.99978919729]
J=3.5e-04, ⟨Jf⟩=3.2e-04, ⟨B·n⟩=4.2e-03, Len=sum([5.2, 5.2, 4.9])=15.4, ϰ=[5.5, 6.8, 5.9], ∫ϰ²/L>=[4.9, 7.1, 8.0], C-C-Sep=0.20, ║∇J║=2.7e-04
Iteration 949/2000-----
currents: [100000.0, 99999.99985961283, 99999.99978928972]
J=3.5e-04, ⟨Jf⟩=3.2e-04, ⟨B·n⟩=4.2e-03, Len=sum([5.2, 5.2, 4.9])=15.4, ϰ=[5.5, 6.7, 5.9], ∫ϰ²/L>=[4.9, 7.1, 8.0], C-C-Sep=0.20, ║∇J║=1.9e-04
Iteration 950/2000-----
currents: [100000.0, 99999.99985946521, 99999.99978906805]
J=3.5e-04, ⟨Jf⟩=3.2e-04, ⟨B·n⟩=4.2e-03, Len=sum([5.2, 5.2, 4.9])=15.4, ϰ=[5.5, 6.7, 5.9], ∫ϰ²/L>=[4.9, 7.1, 8.0], C-C-Sep=0.20, ║∇J║=1.5e-04
Iteration 951/2000-----
currents: [100000.0, 99999.99985912583, 99999.99978855772]
J=3.5e-04, ⟨Jf⟩=3.2e-04, ⟨B·n⟩=4.2e-03, Len=sum([5.2, 5.2, 4.9])=15.4, ϰ=[5.5, 6.7, 5.8], ∫ϰ²/L>=[4.9, 7.1, 8.0], C-C-Sep=0.20, ║∇J║=1.5e-04
Iteration 952/2000-----
currents: [100000.0, 99999.99985855314, 99999.99978769608]
J=3.5e-04, ⟨Jf⟩=3.2e-04, ⟨B·n⟩=4.2e-03, Len=sum([5.2, 5.2, 4.9])=15.4, ϰ=[5.5, 6.7, 5.8], ∫ϰ²/L>=[4.9, 7.1, 8.0], C-C-Sep=0.20, ║∇J║=1.9e-04
Iteration 953/2000-----
currents: [100000.0, 99999.99985795346, 99999.99978679398]
J=3.5e-04, ⟨Jf⟩=3.2e-04, ⟨B·n⟩=4.2e-03, Len=sum([5.2, 5.2, 4.9])=15.4, ϰ=[5.5, 6.7, 5.8], ∫ϰ²/L>=[4.9, 7.1, 8.0], C-C-Sep=0.20, ║∇J║=1.9e-04
Iteration 954/2000-----
currents: [100000.0, 99999.99985731226, 99999.99978582874]
J=3.5e-04, ⟨Jf⟩=3.2e-04, ⟨B·n⟩=4.2e-03, Len=sum([5.2, 5.2, 4.9])=15.4, ϰ=[5.5, 6.7, 5.8], ∫ϰ²/L>=[4.9, 7.1, 8.0], C-C-Sep=0.20, ║∇J║=1.7e-04
Iteration 955/2000-----
currents: [100000.0, 99999.99985667014, 99999.99978486192]
J=3.5e-04, ⟨Jf⟩=3.2e-04, ⟨B·n⟩=4.2e-03, Len=sum([5.2, 5.2, 4.9])=15.4, ϰ=[5.5, 6.7, 5.9], ∫ϰ²/L>=[4.9, 7.1, 8.0], C-C-Sep=0.20, ║∇J║=1.7e-04
Iteration 956/2000-----
currents: [100000.0, 99999.99985596946, 99999.99978380739]
J=3.5e-04, ⟨Jf⟩=3.2e-04, ⟨B·n⟩=4.2e-03, Len=sum([5.2, 5.2, 4.9])=15.4, ϰ=[5.5, 6.7, 5.9], ∫ϰ²/L>=[4.9, 7.1, 8.0], C-C-Sep=0.20, ║∇J║=2.1e-04
Iteration 957/2000-----
currents: [100000.0, 99999.9998554705, 99999.99978305635]
J=3.5e-04, ⟨Jf⟩=3.2e-04, ⟨B·n⟩=4.2e-03, Len=sum([5.2, 5.2, 4.9])=15.4, ϰ=[5.5, 6.7, 5.9], ∫ϰ²/L>=[4.9, 7.1, 8.0], C-C-Sep=0.20, ║∇J║=1.8e-04
Iteration 958/2000-----
currents: [100000.0, 99999.99985472353, 99999.99978193246]
J=3.5e-04, ⟨Jf⟩=3.2e-04, ⟨B·n⟩=4.2e-03, Len=sum([5.2, 5.2, 4.9])=15.4, ϰ=[5.5, 6.7, 5.9], ∫ϰ²/L>=[4.9, 7.1, 8.0], C-C-Sep=0.20, ║∇J║=1.8e-04
Iteration 959/2000-----
currents: [100000.0, 99999.99985410676, 99999.99978100452]
J=3.5e-04, ⟨Jf⟩=3.2e-04, ⟨B·n⟩=4.2e-03, Len=sum([5.2, 5.2, 4.9])=15.4, ϰ=[5.5, 6.7, 5.9], ∫ϰ²/L>=[4.9, 7.1, 8.0], C-C-Sep=0.20, ║∇J║=2.1e-04
Iteration 960/2000-----
currents: [100000.0, 99999.99985340473, 99999.99977994824]
J=3.5e-04, ⟨Jf⟩=3.2e-04, ⟨B·n⟩=4.2e-03, Len=sum([5.2, 5.2, 4.9])=15.4, ϰ=[5.5, 6.7, 5.9], ∫ϰ²/L>=[4.9, 7.1, 8.0], C-C-Sep=0.20, ║∇J║=2.4e-04
Iteration 961/2000-----
currents: [100000.0, 99999.99985341134, 99999.99977995805]
J=3.5e-04, ⟨Jf⟩=3.2e-04, ⟨B·n⟩=4.2e-03, Len=sum([5.2, 5.2, 4.9])=15.4, ϰ=[5.5, 6.7, 5.8], ∫ϰ²/L>=[4.9, 7.1, 8.0], C-C-Sep=0.20, ║∇J║=1.5e-04
Iteration 962/2000-----
currents: [100000.0, 99999.99985295233, 99999.99977926697]
J=3.5e-04, ⟨Jf⟩=3.2e-04, ⟨B·n⟩=4.2e-03, Len=sum([5.2, 5.2, 4.9])=15.4, ϰ=[5.5, 6.7, 5.8], ∫ϰ²/L>=[4.9, 7.1, 8.0], C-C-Sep=0.20, ║∇J║=1.7e-04
Iteration 963/2000-----
currents: [100000.0, 99999.99985382383, 99999.99978057819]
J=3.5e-04, ⟨Jf⟩=3.2e-04, ⟨B·n⟩=4.2e-03, Len=sum([5.2, 5.2, 4.9])=15.4, ϰ=[5.5, 6.7, 5.8], ∫ϰ²/L>=[4.9, 7.1, 8.0], C-C-Sep=0.20, ║∇J║=2.1e-04
Iteration 964/2000-----
currents: [100000.0, 99999.99985320529, 99999.99977964758]
J=3.5e-04, ⟨Jf⟩=3.2e-04, ⟨B·n⟩=4.2e-03, Len=sum([5.2, 5.2, 4.9])=15.4, ϰ=[5.5, 6.7, 5.8], ∫ϰ²/L>=[4.9, 7.1, 8.0], C-C-Sep=0.20, ║∇J║=1.9e-04
Iteration 965/2000-----
currents: [100000.0, 99999.99985288091, 99999.99977915964]
J=3.5e-04, ⟨Jf⟩=3.2e-04, ⟨B·n⟩=4.2e-03, Len=sum([5.2, 5.2, 4.9])=15.4, ϰ=[5.5, 6.7, 5.8], ∫ϰ²/L>=[4.9, 7.1, 8.0], C-C-Sep=0.20, ║∇J║=1.2e-04
Iteration 966/2000-----
currents: [100000.0, 99999.99985262437, 99999.99977877366]
J=3.5e-04, ⟨Jf⟩=3.2e-04, ⟨B·n⟩=4.2e-03, Len=sum([5.2, 5.2, 4.9])=15.4, ϰ=[5.5, 6.7, 5.8], ∫ϰ²/L>=[4.9, 7.1, 8.0], C-C-Sep=0.20, ║∇J║=1.3e-04
Iteration 967/2000-----
currents: [100000.0, 99999.99985228111, 99999.99977825703]
J=3.5e-04, ⟨Jf⟩=3.2e-04, ⟨B·n⟩=4.2e-03, Len=sum([5.2, 5.2, 4.9])=15.4, ϰ=[5.5, 6.7, 5.8], ∫ϰ²/L>=[4.9, 7.1, 8.0], C-C-Sep=0.20, ║∇J║=1.8e-04
Iteration 968/2000-----
currents: [100000.0, 99999.99985194548, 99999.99977775171]
J=3.5e-04, ⟨Jf⟩=3.2e-04, ⟨B·n⟩=4.2e-03, Len=sum([5.2, 5.2, 4.9])=15.4, ϰ=[5.5, 6.7, 5.8], ∫ϰ²/L>=[4.9, 7.1, 8.0], C-C-Sep=0.20, ║∇J║=1.4e-04
Iteration 969/2000-----
currents: [100000.0, 99999.9998515017, 99999.99977708372]
J=3.5e-04, ⟨Jf⟩=3.2e-04, ⟨B·n⟩=4.2e-03, Len=sum([5.2, 5.2, 4.9])=15.4, ϰ=[5.5, 6.7, 5.8], ∫ϰ²/L>=[4.9, 7.1, 8.0], C-C-Sep=0.20, ║∇J║=1.3e-04
Iteration 970/2000-----
currents: [100000.0, 99999.99985016853, 99999.99977507735]
J=3.5e-04, ⟨Jf⟩=3.2e-04, ⟨B·n⟩=4.2e-03, Len=sum([5.2, 5.2, 4.9])=15.4, ϰ=[5.5, 6.7, 5.8], ∫ϰ²/L>=[4.9, 7.1, 8.0], C-C-Sep=0.20, ║∇J║=1.9e-04
Iteration 971/2000-----
currents: [100000.0, 99999.99984878066, 99999.99977298865]
J=3.5e-04, ⟨Jf⟩=3.2e-04, ⟨B·n⟩=4.2e-03, Len=sum([5.2, 5.2, 4.9])=15.4, ϰ=[5.5, 6.7, 5.8], ∫ϰ²/L>=[4.9, 7.1, 8.0], C-C-Sep=0.20, ║∇J║=2.7e-04
Iteration 972/2000-----
currents: [100000.0, 99999.9998486464, 99999.99977278686]
J=3.5e-04, ⟨Jf⟩=3.2e-04, ⟨B·n⟩=4.2e-03, Len=sum([5.2, 5.2, 4.9])=15.4, ϰ=[5.5, 6.7, 5.8], ∫ϰ²/L>=[4.9, 7.1, 8.0], C-C-Sep=0.20, ║∇J║=1.6e-04
Iteration 973/2000-----
currents: [100000.0, 99999.9998476666, 99999.9997713128]
J=3.5e-04, ⟨Jf⟩=3.2e-04, ⟨B·n⟩=4.2e-03, Len=sum([5.2, 5.2, 4.9])=15.4, ϰ=[5.5, 6.7, 5.9], ∫ϰ²/L>=[4.9, 7.1, 8.0], C-C-Sep=0.20, ║∇J║=1.8e-04
Iteration 974/2000-----
currents: [100000.0, 99999.9998472657, 99999.99977070937]
J=3.5e-04, ⟨Jf⟩=3.2e-04, ⟨B·n⟩=4.2e-03, Len=sum([5.2, 5.2, 4.9])=15.4, ϰ=[5.5, 6.7, 5.9], ∫ϰ²/L>=[4.9, 7.1, 8.0], C-C-Sep=0.20, ║∇J║=1.8e-04
Iteration 975/2000-----
currents: [100000.0, 99999.99984569088, 99999.99976833894]
J=3.5e-04, ⟨Jf⟩=3.2e-04, ⟨B·n⟩=4.2e-03, Len=sum([5.2, 5.2, 4.9])=15.4, ϰ=[5.5, 6.7, 5.9], ∫ϰ²/L>=[4.9, 7.1, 8.0], C-C-Sep=0.20, ║∇J║=1.9e-04
Iteration 976/2000-----
currents: [100000.0, 99999.99984447396, 99999.99976650711]
J=3.5e-04, ⟨Jf⟩=3.2e-04, ⟨B·n⟩=4.2e-03, Len=sum([5.2, 5.2, 4.9])=15.4, ϰ=[5.5, 6.7, 5.9], ∫ϰ²/L>=[4.9, 7.1, 8.0], C-C-Sep=0.20, ║∇J║=2.3e-04
Iteration 977/2000-----
currents: [100000.0, 99999.99984488897, 99999.99976713129]
J=3.5e-04, ⟨Jf⟩=3.2e-04, ⟨B·n⟩=4.2e-03, Len=sum([5.2, 5.2, 4.9])=15.4, ϰ=[5.5, 6.7, 5.9], ∫ϰ²/L>=[4.9, 7.1, 8.0], C-C-Sep=0.20, ║∇J║=1.8e-04
Iteration 978/2000-----
currents: [100000.0, 99999.99984435331, 99999.99976632532]
J=3.5e-04, ⟨Jf⟩=3.2e-04, ⟨B·n⟩=4.2e-03, Len=sum([5.2, 5.2, 4.9])=15.4, ϰ=[5.5, 6.7, 5.9], ∫ϰ²/L>=[4.9, 7.1, 8.0], C-C-Sep=0.20, ║∇J║=1.6e-04
Iteration 979/2000-----
currents: [100000.0, 99999.99984444123, 99999.99976645793]
J=3.5e-04, ⟨Jf⟩=3.2e-04, ⟨B·n⟩=4.2e-03, Len=sum([5.2, 5.2, 4.9])=15.4, ϰ=[5.5, 6.7, 5.9], ∫ϰ²/L>=[4.9, 7.1, 8.0], C-C-Sep=0.20, ║∇J║=1.1e-04
Iteration 980/2000-----
currents: [100000.0, 99999.99984402684, 99999.99976583479]
J=3.5e-04, ⟨Jf⟩=3.2e-04, ⟨B·n⟩=4.2e-03, Len=sum([5.2, 5.2, 4.9])=15.4, ϰ=[5.5, 6.7, 5.9], ∫ϰ²/L>=[4.9, 7.1, 8.0], C-C-Sep=0.20, ║∇J║=1.2e-04
Iteration 981/2000-----
currents: [100000.0, 99999.99984378797, 99999.99976547588]
J=3.5e-04, ⟨Jf⟩=3.2e-04, ⟨B·n⟩=4.2e-03, Len=sum([5.2, 5.2, 4.9])=15.4, ϰ=[5.5, 6.7, 5.9], ∫ϰ²/L>=[4.9, 7.1, 8.0], C-C-Sep=0.20, ║∇J║=1.3e-04
Iteration 982/2000-----
currents: [100000.0, 99999.9998432313, 99999.9997646385]
J=3.5e-04, ⟨Jf⟩=3.2e-04, ⟨B·n⟩=4.2e-03, Len=sum([5.2, 5.2, 4.9])=15.4, ϰ=[5.5, 6.7, 5.9], ∫ϰ²/L>=[4.9, 7.1, 8.0], C-C-Sep=0.20, ║∇J║=1.2e-04
Iteration 983/2000-----
currents: [100000.0, 99999.9998421532, 99999.99976301611]
J=3.5e-04, ⟨Jf⟩=3.2e-04, ⟨B·n⟩=4.2e-03, Len=sum([5.2, 5.2, 4.9])=15.4, ϰ=[5.5, 6.7, 5.9], ∫ϰ²/L>=[4.9, 7.1, 8.0], C-C-Sep=0.20, ║∇J║=1.6e-04
Iteration 984/2000-----
currents: [100000.0, 99999.99984202781, 99999.99976282746]
J=3.5e-04, ⟨Jf⟩=3.2e-04, ⟨B·n⟩=4.2e-03, Len=sum([5.2, 5.2, 4.9])=15.4, ϰ=[5.5, 6.7, 5.9], ∫ϰ²/L>=[4.9, 7.1, 8.0], C-C-Sep=0.20, ║∇J║=1.9e-04
Iteration 985/2000-----
currents: [100000.0, 99999.99984132327, 99999.99976176626]
J=3.5e-04, ⟨Jf⟩=3.2e-04, ⟨B·n⟩=4.2e-03, Len=sum([5.2, 5.2, 4.9])=15.4, ϰ=[5.5, 6.7, 5.9], ∫ϰ²/L>=[4.9, 7.1, 8.0], C-C-Sep=0.20, ║∇J║=1.6e-04
Iteration 986/2000-----
currents: [100000.0, 99999.99984072747, 99999.99976086905]
J=3.5e-04, ⟨Jf⟩=3.2e-04, ⟨B·n⟩=4.2e-03, Len=sum([5.2, 5.2, 4.9])=15.4, ϰ=[5.5, 6.7, 5.9], ∫ϰ²/L>=[4.9, 7.1, 8.0], C-C-Sep=0.20, ║∇J║=1.6e-04
Iteration 987/2000-----
currents: [100000.0, 99999.9998397724, 99999.99975943162]
J=3.5e-04, ⟨Jf⟩=3.2e-04, ⟨B·n⟩=4.2e-03, Len=sum([5.2, 5.2, 4.9])=15.4, ϰ=[5.5, 6.7, 5.9], ∫ϰ²/L>=[4.9, 7.1, 8.0], C-C-Sep=0.20, ║∇J║=1.9e-04
Iteration 988/2000-----
currents: [100000.0, 99999.99983823599, 99999.9997571194]
J=3.5e-04, ⟨Jf⟩=3.2e-04, ⟨B·n⟩=4.2e-03, Len=sum([5.2, 5.2, 4.9])=15.4, ϰ=[5.5, 6.7, 5.9], ∫ϰ²/L>=[4.9, 7.1, 8.0], C-C-Sep=0.20, ║∇J║=2.0e-04
Iteration 989/2000-----
currents: [100000.0, 99999.99983728032, 99999.9997556816]
J=3.5e-04, ⟨Jf⟩=3.2e-04, ⟨B·n⟩=4.2e-03, Len=sum([5.2, 5.2, 4.9])=15.4, ϰ=[5.5, 6.7, 5.9], ∫ϰ²/L>=[4.9, 7.1, 8.0], C-C-Sep=0.20, ║∇J║=2.3e-04
Iteration 990/2000-----
currents: [100000.0, 99999.99983451102, 99999.99975151519]
J=3.5e-04, ⟨Jf⟩=3.2e-04, ⟨B·n⟩=4.2e-03, Len=sum([5.2, 5.2, 4.9])=15.4, ϰ=[5.5, 6.7, 5.9], ∫ϰ²/L>=[4.9, 7.1, 8.0], C-C-Sep=0.20, ║∇J║=3.2e-04
Iteration 991/2000-----
currents: [100000.0, 99999.99983559386, 99999.99975314458]
J=3.5e-04, ⟨Jf⟩=3.2e-04, ⟨B·n⟩=4.2e-03, Len=sum([5.2, 5.2, 4.9])=15.4, ϰ=[5.5, 6.7, 5.9], ∫ϰ²/L>=[4.9, 7.1, 8.0], C-C-Sep=0.20, ║∇J║=2.8e-04
Iteration 992/2000-----
currents: [100000.0, 99999.99983492355, 99999.99975213519]
J=3.5e-04, ⟨Jf⟩=3.2e-04, ⟨B·n⟩=4.2e-03, Len=sum([5.2, 5.2, 4.9])=15.4, ϰ=[5.5, 6.7, 5.9], ∫ϰ²/L>=[4.9, 7.1, 8.0], C-C-Sep=0.20, ║∇J║=2.8e-04
Iteration 993/2000-----
currents: [100000.0, 99999.99983382349, 99999.99975047934]
J=3.5e-04, ⟨Jf⟩=3.2e-04, ⟨B·n⟩=4.2e-03, Len=sum([5.2, 5.2, 4.9])=15.4, ϰ=[5.5, 6.7, 5.9], ∫ϰ²/L>=[4.9, 7.1, 8.0], C-C-Sep=0.20, ║∇J║=1.9e-04
Iteration 994/2000-----
currents: [100000.0, 99999.99983241079, 99999.99974835274]
J=3.5e-04, ⟨Jf⟩=3.2e-04, ⟨B·n⟩=4.2e-03, Len=sum([5.2, 5.2, 4.9])=15.4, ϰ=[5.5, 6.7, 5.9], ∫ϰ²/L>=[4.9, 7.1, 8.0], C-C-Sep=0.20, ║∇J║=1.7e-04
Iteration 995/2000-----
currents: [100000.0, 99999.99983172455, 99999.99974731923]
J=3.5e-04, ⟨Jf⟩=3.2e-04, ⟨B·n⟩=4.2e-03, Len=sum([5.2, 5.2, 4.9])=15.4, ϰ=[5.5, 6.7, 5.9], ∫ϰ²/L>=[4.9, 7.1, 8.0], C-C-Sep=0.20, ║∇J║=2.6e-04
Iteration 996/2000-----
currents: [100000.0, 99999.9998307048, 99999.9997457835]
J=3.5e-04, ⟨Jf⟩=3.2e-04, ⟨B·n⟩=4.2e-03, Len=sum([5.2, 5.2, 4.9])=15.4, ϰ=[5.5, 6.7, 5.9], ∫ϰ²/L>=[4.9, 7.1, 8.0], C-C-Sep=0.20, ║∇J║=1.9e-04
Iteration 997/2000-----
currents: [100000.0, 99999.99982956132, 99999.99974406204]
J=3.5e-04, ⟨Jf⟩=3.2e-04, ⟨B·n⟩=4.2e-03, Len=sum([5.2, 5.2, 4.9])=15.4, ϰ=[5.5, 6.7, 5.9], ∫ϰ²/L>=[4.9, 7.1, 8.0], C-C-Sep=0.20, ║∇J║=1.9e-04
Iteration 998/2000-----
currents: [100000.0, 99999.99982996548, 99999.99974466996]
J=3.5e-04, ⟨Jf⟩=3.2e-04, ⟨B·n⟩=4.2e-03, Len=sum([5.2, 5.2, 4.9])=15.4, ϰ=[5.5, 6.7, 5.9], ∫ϰ²/L>=[4.9, 7.1, 8.0], C-C-Sep=0.20, ║∇J║=2.4e-04
Iteration 999/2000-----
currents: [100000.0, 99999.99982849733, 99999.9997424601]
J=3.5e-04, ⟨Jf⟩=3.2e-04, ⟨B·n⟩=4.2e-03, Len=sum([5.2, 5.2, 4.9])=15.4, ϰ=[5.5, 6.7, 5.9], ∫ϰ²/L>=[4.9, 7.1, 8.0], C-C-Sep=0.20, ║∇J║=3.0e-04
Iteration 1000/2000-----
currents: [100000.0, 99999.99982866923, 99999.99974271876]
J=3.5e-04, ⟨Jf⟩=3.2e-04, ⟨B·n⟩=4.2e-03, Len=sum([5.2, 5.2, 4.9])=15.4, ϰ=[5.5, 6.7, 5.9], ∫ϰ²/L>=[4.9, 7.1, 8.0], C-C-Sep=0.20, ║∇J║=2.9e-04
Iteration 1001/2000-----
currents: [100000.0, 99999.9998286639, 99999.99974271089]
J=3.5e-04, ⟨Jf⟩=3.2e-04, ⟨B·n⟩=4.2e-03, Len=sum([5.2, 5.2, 4.9])=15.4, ϰ=[5.5, 6.7, 5.9], ∫ϰ²/L>=[4.9, 7.1, 8.0], C-C-Sep=0.20, ║∇J║=1.5e-04
Iteration 1002/2000-----
currents: [100000.0, 99999.99982827097, 99999.99974211918]
J=3.5e-04, ⟨Jf⟩=3.2e-04, ⟨B·n⟩=4.2e-03, Len=sum([5.2, 5.2, 4.9])=15.4, ϰ=[5.5, 6.7, 5.9], ∫ϰ²/L>=[4.9, 7.1, 8.0], C-C-Sep=0.20, ║∇J║=1.4e-04
Iteration 1003/2000-----
currents: [100000.0, 99999.99982751405, 99999.99974097998]
J=3.5e-04, ⟨Jf⟩=3.2e-04, ⟨B·n⟩=4.2e-03, Len=sum([5.2, 5.2, 4.9])=15.4, ϰ=[5.5, 6.7, 5.9], ∫ϰ²/L>=[4.9, 7.1, 8.0], C-C-Sep=0.20, ║∇J║=1.7e-04
Iteration 1004/2000-----
currents: [100000.0, 99999.99982663413, 99999.9997396556]
J=3.5e-04, ⟨Jf⟩=3.2e-04, ⟨B·n⟩=4.2e-03, Len=sum([5.2, 5.2, 4.9])=15.4, ϰ=[5.5, 6.7, 5.9], ∫ϰ²/L>=[4.9, 7.1, 8.0], C-C-Sep=0.20, ║∇J║=2.1e-04
Iteration 1005/2000-----
currents: [100000.0, 99999.99982612312, 99999.99973888617]
J=3.5e-04, ⟨Jf⟩=3.2e-04, ⟨B·n⟩=4.2e-03, Len=sum([5.2, 5.2, 4.9])=15.4, ϰ=[5.5, 6.7, 5.9], ∫ϰ²/L>=[4.9, 7.1, 8.0], C-C-Sep=0.20, ║∇J║=2.3e-04
Iteration 1006/2000-----
currents: [100000.0, 99999.99982631083, 99999.99973916887]
J=3.5e-04, ⟨Jf⟩=3.2e-04, ⟨B·n⟩=4.2e-03, Len=sum([5.2, 5.2, 4.9])=15.4, ϰ=[5.5, 6.7, 5.9], ∫ϰ²/L>=[4.9, 7.1, 8.0], C-C-Sep=0.20, ║∇J║=1.7e-04
Iteration 1007/2000-----
currents: [100000.0, 99999.99982577848, 99999.99973836767]
J=3.5e-04, ⟨Jf⟩=3.2e-04, ⟨B·n⟩=4.2e-03, Len=sum([5.2, 5.2, 4.9])=15.4, ϰ=[5.5, 6.7, 5.9], ∫ϰ²/L>=[4.9, 7.1, 8.0], C-C-Sep=0.20, ║∇J║=2.0e-04
Iteration 1008/2000-----
currents: [100000.0, 99999.99982598744, 99999.99973868222]
J=3.5e-04, ⟨Jf⟩=3.2e-04, ⟨B·n⟩=4.2e-03, Len=sum([5.2, 5.2, 4.9])=15.4, ϰ=[5.5, 6.7, 5.9], ∫ϰ²/L>=[4.9, 7.1, 8.0], C-C-Sep=0.20, ║∇J║=2.7e-04
Iteration 1009/2000-----
currents: [100000.0, 99999.99982569524, 99999.99973824224]
J=3.5e-04, ⟨Jf⟩=3.2e-04, ⟨B·n⟩=4.2e-03, Len=sum([5.2, 5.2, 4.9])=15.4, ϰ=[5.5, 6.7, 5.9], ∫ϰ²/L>=[4.9, 7.1, 8.0], C-C-Sep=0.20, ║∇J║=1.6e-04
Iteration 1010/2000-----
currents: [100000.0, 99999.99982502486, 99999.99973723308]
J=3.5e-04, ⟨Jf⟩=3.2e-04, ⟨B·n⟩=4.2e-03, Len=sum([5.2, 5.2, 4.9])=15.4, ϰ=[5.5, 6.7, 5.9], ∫ϰ²/L>=[4.9, 7.1, 8.0], C-C-Sep=0.20, ║∇J║=1.4e-04
Iteration 1011/2000-----
currents: [100000.0, 99999.99982463315, 99999.99973664376]
J=3.5e-04, ⟨Jf⟩=3.2e-04, ⟨B·n⟩=4.2e-03, Len=sum([5.2, 5.2, 4.9])=15.4, ϰ=[5.5, 6.7, 5.9], ∫ϰ²/L>=[4.9, 7.1, 8.0], C-C-Sep=0.20, ║∇J║=1.8e-04
Iteration 1012/2000-----
currents: [100000.0, 99999.99982430178, 99999.99973614517]
J=3.5e-04, ⟨Jf⟩=3.2e-04, ⟨B·n⟩=4.2e-03, Len=sum([5.2, 5.2, 4.9])=15.4, ϰ=[5.4, 6.7, 5.9], ∫ϰ²/L>=[4.9, 7.1, 8.0], C-C-Sep=0.20, ║∇J║=1.5e-04
Iteration 1013/2000-----
currents: [100000.0, 99999.99982400962, 99999.99973570541]
J=3.5e-04, ⟨Jf⟩=3.2e-04, ⟨B·n⟩=4.2e-03, Len=sum([5.2, 5.2, 4.9])=15.4, ϰ=[5.4, 6.7, 5.9], ∫ϰ²/L>=[4.9, 7.1, 8.0], C-C-Sep=0.20, ║∇J║=1.6e-04
Iteration 1014/2000-----
currents: [100000.0, 99999.99982395487, 99999.99973562316]
J=3.5e-04, ⟨Jf⟩=3.2e-04, ⟨B·n⟩=4.2e-03, Len=sum([5.2, 5.2, 4.9])=15.4, ϰ=[5.4, 6.7, 5.9], ∫ϰ²/L>=[4.9, 7.1, 8.0], C-C-Sep=0.20, ║∇J║=1.6e-04
Iteration 1015/2000-----
currents: [100000.0, 99999.99982363186, 99999.99973513631]
J=3.5e-04, ⟨Jf⟩=3.2e-04, ⟨B·n⟩=4.2e-03, Len=sum([5.2, 5.2, 4.9])=15.4, ϰ=[5.4, 6.7, 5.9], ∫ϰ²/L>=[4.9, 7.1, 8.0], C-C-Sep=0.20, ║∇J║=1.9e-04
Iteration 1016/2000-----
currents: [100000.0, 99999.99982329692, 99999.99973463143]
J=3.5e-04, ⟨Jf⟩=3.2e-04, ⟨B·n⟩=4.2e-03, Len=sum([5.2, 5.2, 4.9])=15.4, ϰ=[5.4, 6.7, 5.9], ∫ϰ²/L>=[4.9, 7.1, 8.0], C-C-Sep=0.20, ║∇J║=1.4e-04
Iteration 1017/2000-----
currents: [100000.0, 99999.9998232911, 99999.99973462205]
J=3.5e-04, ⟨Jf⟩=3.2e-04, ⟨B·n⟩=4.2e-03, Len=sum([5.2, 5.2, 4.9])=15.4, ϰ=[5.4, 6.7, 5.9], ∫ϰ²/L>=[4.9, 7.1, 8.0], C-C-Sep=0.20, ║∇J║=1.5e-04
Iteration 1018/2000-----
currents: [100000.0, 99999.99982257118, 99999.9997335379]
J=3.5e-04, ⟨Jf⟩=3.2e-04, ⟨B·n⟩=4.2e-03, Len=sum([5.2, 5.2, 4.9])=15.4, ϰ=[5.4, 6.7, 5.9], ∫ϰ²/L>=[4.9, 7.1, 8.0], C-C-Sep=0.20, ║∇J║=1.8e-04
Iteration 1019/2000-----
currents: [100000.0, 99999.99982243647, 99999.99973333454]
J=3.5e-04, ⟨Jf⟩=3.2e-04, ⟨B·n⟩=4.2e-03, Len=sum([5.2, 5.2, 4.9])=15.4, ϰ=[5.4, 6.7, 5.9], ∫ϰ²/L>=[4.9, 7.1, 8.0], C-C-Sep=0.20, ║∇J║=1.9e-04
Iteration 1020/2000-----
currents: [100000.0, 99999.99982201391, 99999.99973269842]
J=3.5e-04, ⟨Jf⟩=3.2e-04, ⟨B·n⟩=4.2e-03, Len=sum([5.2, 5.2, 4.9])=15.4, ϰ=[5.4, 6.7, 5.9], ∫ϰ²/L>=[4.9, 7.1, 8.0], C-C-Sep=0.20, ║∇J║=1.7e-04
Iteration 1021/2000-----
currents: [100000.0, 99999.99982199559, 99999.99973267109]
J=3.5e-04, ⟨Jf⟩=3.2e-04, ⟨B·n⟩=4.2e-03, Len=sum([5.2, 5.2, 4.9])=15.4, ϰ=[5.4, 6.7, 5.9], ∫ϰ²/L>=[4.9, 7.1, 8.0], C-C-Sep=0.20, ║∇J║=1.6e-04
Iteration 1022/2000-----
currents: [100000.0, 99999.99982170473, 99999.99973223351]
J=3.5e-04, ⟨Jf⟩=3.2e-04, ⟨B·n⟩=4.2e-03, Len=sum([5.2, 5.2, 4.9])=15.4, ϰ=[5.4, 6.7, 5.9], ∫ϰ²/L>=[4.9, 7.1, 8.0], C-C-Sep=0.20, ║∇J║=1.4e-04
Iteration 1023/2000-----
currents: [100000.0, 99999.99982149716, 99999.99973192092]
J=3.5e-04, ⟨Jf⟩=3.2e-04, ⟨B·n⟩=4.2e-03, Len=sum([5.2, 5.2, 4.9])=15.4, ϰ=[5.4, 6.7, 5.9], ∫ϰ²/L>=[4.9, 7.1, 8.0], C-C-Sep=0.20, ║∇J║=1.3e-04
Iteration 1024/2000-----
currents: [100000.0, 99999.99982105003, 99999.99973124791]
J=3.5e-04, ⟨Jf⟩=3.2e-04, ⟨B·n⟩=4.2e-03, Len=sum([5.2, 5.2, 4.9])=15.4, ϰ=[5.4, 6.7, 5.9], ∫ϰ²/L>=[4.9, 7.1, 8.0], C-C-Sep=0.20, ║∇J║=1.4e-04
Iteration 1025/2000-----
currents: [100000.0, 99999.99982041314, 99999.99973028887]
J=3.5e-04, ⟨Jf⟩=3.2e-04, ⟨B·n⟩=4.2e-03, Len=sum([5.2, 5.2, 4.9])=15.4, ϰ=[5.4, 6.7, 5.9], ∫ϰ²/L>=[4.9, 7.1, 8.0], C-C-Sep=0.20, ║∇J║=1.9e-04
Iteration 1026/2000-----
currents: [100000.0, 99999.9998196893, 99999.99972919954]
J=3.5e-04, ⟨Jf⟩=3.2e-04, ⟨B·n⟩=4.2e-03, Len=sum([5.2, 5.2, 4.9])=15.4, ϰ=[5.5, 6.7, 5.9], ∫ϰ²/L>=[4.9, 7.1, 8.0], C-C-Sep=0.20, ║∇J║=1.5e-04
Iteration 1027/2000-----
currents: [100000.0, 99999.99981907444, 99999.99972827423]
J=3.5e-04, ⟨Jf⟩=3.2e-04, ⟨B·n⟩=4.2e-03, Len=sum([5.2, 5.2, 4.9])=15.4, ϰ=[5.5, 6.7, 5.9], ∫ϰ²/L>=[4.9, 7.1, 8.0], C-C-Sep=0.20, ║∇J║=1.4e-04
Iteration 1028/2000-----
currents: [100000.0, 99999.99981822592, 99999.99972699718]
J=3.5e-04, ⟨Jf⟩=3.2e-04, ⟨B·n⟩=4.2e-03, Len=sum([5.2, 5.2, 4.9])=15.4, ϰ=[5.5, 6.7, 5.9], ∫ϰ²/L>=[4.9, 7.1, 8.0], C-C-Sep=0.20, ║∇J║=1.7e-04
Iteration 1029/2000-----
currents: [100000.0, 99999.99981727537, 99999.99972556643]
J=3.5e-04, ⟨Jf⟩=3.2e-04, ⟨B·n⟩=4.2e-03, Len=sum([5.2, 5.2, 4.9])=15.4, ϰ=[5.5, 6.7, 5.9], ∫ϰ²/L>=[4.9, 7.1, 8.0], C-C-Sep=0.20, ║∇J║=2.1e-04
Iteration 1030/2000-----
currents: [100000.0, 99999.99981707851, 99999.99972527]
J=3.5e-04, ⟨Jf⟩=3.2e-04, ⟨B·n⟩=4.2e-03, Len=sum([5.2, 5.2, 4.9])=15.4, ϰ=[5.5, 6.7, 5.9], ∫ϰ²/L>=[4.9, 7.1, 8.0], C-C-Sep=0.20, ║∇J║=1.6e-04
Iteration 1031/2000-----
currents: [100000.0, 99999.99981549827, 99999.99972289069]
J=3.5e-04, ⟨Jf⟩=3.2e-04, ⟨B·n⟩=4.2e-03, Len=sum([5.2, 5.2, 4.9])=15.4, ϰ=[5.5, 6.7, 5.9], ∫ϰ²/L>=[4.9, 7.1, 8.0], C-C-Sep=0.20, ║∇J║=2.2e-04
Iteration 1032/2000-----
currents: [100000.0, 99999.99981522629, 99999.99972248095]
J=3.5e-04, ⟨Jf⟩=3.2e-04, ⟨B·n⟩=4.2e-03, Len=sum([5.2, 5.2, 4.9])=15.4, ϰ=[5.5, 6.7, 5.9], ∫ϰ²/L>=[4.9, 7.1, 8.0], C-C-Sep=0.20, ║∇J║=1.8e-04
Iteration 1033/2000-----
currents: [100000.0, 99999.99981405553, 99999.99972071851]
J=3.5e-04, ⟨Jf⟩=3.2e-04, ⟨B·n⟩=4.2e-03, Len=sum([5.2, 5.2, 4.9])=15.4, ϰ=[5.5, 6.7, 5.9], ∫ϰ²/L>=[4.9, 7.1, 8.0], C-C-Sep=0.20, ║∇J║=1.7e-04
Iteration 1034/2000-----
currents: [100000.0, 99999.99981314699, 99999.99971935048]
J=3.5e-04, ⟨Jf⟩=3.2e-04, ⟨B·n⟩=4.2e-03, Len=sum([5.2, 5.2, 4.9])=15.4, ϰ=[5.5, 6.7, 5.9], ∫ϰ²/L>=[4.9, 7.1, 8.0], C-C-Sep=0.20, ║∇J║=1.6e-04
Iteration 1035/2000-----
currents: [100000.0, 99999.99981247754, 99999.9997183424]
J=3.5e-04, ⟨Jf⟩=3.2e-04, ⟨B·n⟩=4.2e-03, Len=sum([5.2, 5.2, 4.9])=15.4, ϰ=[5.5, 6.7, 5.9], ∫ϰ²/L>=[4.9, 7.1, 8.0], C-C-Sep=0.20, ║∇J║=1.7e-04
Iteration 1036/2000-----
currents: [100000.0, 99999.999811605, 99999.99971702888]
J=3.5e-04, ⟨Jf⟩=3.2e-04, ⟨B·n⟩=4.2e-03, Len=sum([5.2, 5.2, 4.9])=15.4, ϰ=[5.5, 6.7, 5.9], ∫ϰ²/L>=[4.9, 7.1, 8.0], C-C-Sep=0.20, ║∇J║=1.8e-04
Iteration 1037/2000-----
currents: [100000.0, 99999.99981077005, 99999.99971577167]
J=3.5e-04, ⟨Jf⟩=3.2e-04, ⟨B·n⟩=4.2e-03, Len=sum([5.2, 5.2, 4.9])=15.4, ϰ=[5.5, 6.7, 5.9], ∫ϰ²/L>=[4.9, 7.1, 8.0], C-C-Sep=0.20, ║∇J║=1.7e-04
Iteration 1038/2000-----
currents: [100000.0, 99999.99980779011, 99999.99971128508]
J=3.5e-04, ⟨Jf⟩=3.2e-04, ⟨B·n⟩=4.2e-03, Len=sum([5.2, 5.2, 4.9])=15.4, ϰ=[5.5, 6.7, 5.9], ∫ϰ²/L>=[4.9, 7.1, 8.0], C-C-Sep=0.20, ║∇J║=3.3e-04
Iteration 1039/2000-----
currents: [100000.0, 99999.99980849866, 99999.9997123518]
J=3.5e-04, ⟨Jf⟩=3.2e-04, ⟨B·n⟩=4.2e-03, Len=sum([5.2, 5.2, 4.9])=15.4, ϰ=[5.5, 6.7, 5.9], ∫ϰ²/L>=[4.9, 7.1, 8.0], C-C-Sep=0.20, ║∇J║=4.1e-04
Iteration 1040/2000-----
currents: [100000.0, 99999.99980865084, 99999.99971258087]
J=3.5e-04, ⟨Jf⟩=3.2e-04, ⟨B·n⟩=4.2e-03, Len=sum([5.2, 5.2, 4.9])=15.4, ϰ=[5.5, 6.7, 5.9], ∫ϰ²/L>=[4.9, 7.1, 8.0], C-C-Sep=0.20, ║∇J║=2.5e-04
Iteration 1041/2000-----
currents: [100000.0, 99999.99980754456, 99999.99971091533]
J=3.5e-04, ⟨Jf⟩=3.2e-04, ⟨B·n⟩=4.2e-03, Len=sum([5.2, 5.2, 4.9])=15.4, ϰ=[5.5, 6.7, 5.9], ∫ϰ²/L>=[4.9, 7.1, 8.0], C-C-Sep=0.20, ║∇J║=1.7e-04
Iteration 1042/2000-----
currents: [100000.0, 99999.9998056937, 99999.99970812876]
J=3.5e-04, ⟨Jf⟩=3.2e-04, ⟨B·n⟩=4.2e-03, Len=sum([5.2, 5.2, 4.9])=15.4, ϰ=[5.5, 6.7, 5.9], ∫ϰ²/L>=[4.9, 7.1, 8.0], C-C-Sep=0.20, ║∇J║=2.2e-04
Iteration 1043/2000-----
currents: [100000.0, 99999.99980483859, 99999.99970684106]
J=3.5e-04, ⟨Jf⟩=3.2e-04, ⟨B·n⟩=4.2e-03, Len=sum([5.2, 5.2, 4.9])=15.4, ϰ=[5.5, 6.7, 5.9], ∫ϰ²/L>=[4.9, 7.1, 8.0], C-C-Sep=0.20, ║∇J║=2.8e-04
Iteration 1044/2000-----
currents: [100000.0, 99999.9998044716, 99999.99970628825]
J=3.5e-04, ⟨Jf⟩=3.2e-04, ⟨B·n⟩=4.2e-03, Len=sum([5.2, 5.2, 4.9])=15.4, ϰ=[5.5, 6.7, 5.9], ∫ϰ²/L>=[4.9, 7.1, 8.0], C-C-Sep=0.20, ║∇J║=2.2e-04
Iteration 1045/2000-----
currents: [100000.0, 99999.99980422066, 99999.99970590998]
J=3.5e-04, ⟨Jf⟩=3.2e-04, ⟨B·n⟩=4.2e-03, Len=sum([5.2, 5.2, 4.9])=15.4, ϰ=[5.5, 6.7, 5.9], ∫ϰ²/L>=[4.9, 7.1, 8.0], C-C-Sep=0.20, ║∇J║=1.5e-04
Iteration 1046/2000-----
currents: [100000.0, 99999.99980375842, 99999.99970521366]
J=3.5e-04, ⟨Jf⟩=3.2e-04, ⟨B·n⟩=4.2e-03, Len=sum([5.2, 5.2, 4.9])=15.4, ϰ=[5.5, 6.7, 5.9], ∫ϰ²/L>=[4.9, 7.1, 8.0], C-C-Sep=0.20, ║∇J║=1.5e-04
Iteration 1047/2000-----
currents: [100000.0, 99999.99980331975, 99999.99970455305]
J=3.5e-04, ⟨Jf⟩=3.2e-04, ⟨B·n⟩=4.2e-03, Len=sum([5.2, 5.2, 4.9])=15.4, ϰ=[5.5, 6.7, 5.9], ∫ϰ²/L>=[4.9, 7.1, 8.0], C-C-Sep=0.20, ║∇J║=1.7e-04
Iteration 1048/2000-----
currents: [100000.0, 99999.99980306017, 99999.9997041622]
J=3.5e-04, ⟨Jf⟩=3.2e-04, ⟨B·n⟩=4.2e-03, Len=sum([5.2, 5.2, 4.9])=15.4, ϰ=[5.5, 6.7, 5.9], ∫ϰ²/L>=[4.9, 7.1, 8.0], C-C-Sep=0.20, ║∇J║=1.5e-04
Iteration 1049/2000-----
currents: [100000.0, 99999.99980238595, 99999.99970314765]
J=3.5e-04, ⟨Jf⟩=3.2e-04, ⟨B·n⟩=4.2e-03, Len=sum([5.2, 5.2, 4.9])=15.4, ϰ=[5.5, 6.7, 5.9], ∫ϰ²/L>=[4.9, 7.1, 8.0], C-C-Sep=0.20, ║∇J║=1.6e-04
Iteration 1050/2000-----
currents: [100000.0, 99999.99980178734, 99999.999702247]
J=3.5e-04, ⟨Jf⟩=3.2e-04, ⟨B·n⟩=4.2e-03, Len=sum([5.2, 5.2, 4.9])=15.4, ϰ=[5.5, 6.7, 5.9], ∫ϰ²/L>=[4.9, 7.1, 8.0], C-C-Sep=0.20, ║∇J║=1.9e-04
Iteration 1051/2000-----
currents: [100000.0, 99999.99980014347, 99999.99969977228]
J=3.5e-04, ⟨Jf⟩=3.2e-04, ⟨B·n⟩=4.2e-03, Len=sum([5.2, 5.2, 4.9])=15.4, ϰ=[5.5, 6.7, 5.9], ∫ϰ²/L>=[4.9, 7.1, 8.0], C-C-Sep=0.20, ║∇J║=2.4e-04
Iteration 1052/2000-----
currents: [100000.0, 99999.99979934086, 99999.99969856408]
J=3.5e-04, ⟨Jf⟩=3.2e-04, ⟨B·n⟩=4.2e-03, Len=sum([5.2, 5.2, 4.9])=15.4, ϰ=[5.5, 6.7, 5.9], ∫ϰ²/L>=[4.9, 7.1, 8.0], C-C-Sep=0.20, ║∇J║=2.2e-04
Iteration 1053/2000-----
currents: [100000.0, 99999.99979750032, 99999.99969579237]
J=3.5e-04, ⟨Jf⟩=3.2e-04, ⟨B·n⟩=4.2e-03, Len=sum([5.2, 5.2, 4.9])=15.4, ϰ=[5.5, 6.7, 5.9], ∫ϰ²/L>=[4.9, 7.1, 8.0], C-C-Sep=0.20, ║∇J║=2.5e-04
Iteration 1054/2000-----
currents: [100000.0, 99999.99979785568, 99999.99969632586]
J=3.5e-04, ⟨Jf⟩=3.2e-04, ⟨B·n⟩=4.2e-03, Len=sum([5.2, 5.2, 4.9])=15.4, ϰ=[5.5, 6.7, 5.9], ∫ϰ²/L>=[4.9, 7.1, 8.0], C-C-Sep=0.20, ║∇J║=4.0e-04
Iteration 1055/2000-----
currents: [100000.0, 99999.99979687718, 99999.99969485213]
J=3.5e-04, ⟨Jf⟩=3.2e-04, ⟨B·n⟩=4.2e-03, Len=sum([5.2, 5.2, 4.9])=15.4, ϰ=[5.5, 6.7, 5.9], ∫ϰ²/L>=[4.9, 7.1, 8.0], C-C-Sep=0.20, ║∇J║=2.5e-04
Iteration 1056/2000-----
currents: [100000.0, 99999.99979675148, 99999.99969466313]
J=3.5e-04, ⟨Jf⟩=3.2e-04, ⟨B·n⟩=4.2e-03, Len=sum([5.2, 5.2, 4.9])=15.4, ϰ=[5.5, 6.7, 5.9], ∫ϰ²/L>=[4.9, 7.1, 8.0], C-C-Sep=0.20, ║∇J║=1.8e-04
Iteration 1057/2000-----
currents: [100000.0, 99999.99979641997, 99999.99969416395]
J=3.5e-04, ⟨Jf⟩=3.2e-04, ⟨B·n⟩=4.2e-03, Len=sum([5.2, 5.2, 4.9])=15.4, ϰ=[5.5, 6.7, 5.9], ∫ϰ²/L>=[4.9, 7.1, 8.0], C-C-Sep=0.20, ║∇J║=1.7e-04
Iteration 1058/2000-----
currents: [100000.0, 99999.99979536294, 99999.99969257144]
J=3.5e-04, ⟨Jf⟩=3.2e-04, ⟨B·n⟩=4.2e-03, Len=sum([5.2, 5.2, 4.9])=15.4, ϰ=[5.5, 6.7, 5.9], ∫ϰ²/L>=[4.9, 7.1, 8.0], C-C-Sep=0.20, ║∇J║=2.1e-04
Iteration 1059/2000-----
currents: [100000.0, 99999.99979477323, 99999.99969168378]
J=3.5e-04, ⟨Jf⟩=3.2e-04, ⟨B·n⟩=4.2e-03, Len=sum([5.2, 5.2, 4.9])=15.4, ϰ=[5.5, 6.7, 5.9], ∫ϰ²/L>=[4.9, 7.1, 8.0], C-C-Sep=0.20, ║∇J║=4.1e-04
Iteration 1060/2000-----
currents: [100000.0, 99999.99979429854, 99999.9996909688]
J=3.5e-04, ⟨Jf⟩=3.2e-04, ⟨B·n⟩=4.2e-03, Len=sum([5.2, 5.2, 4.9])=15.4, ϰ=[5.5, 6.7, 5.9], ∫ϰ²/L>=[4.9, 7.1, 8.0], C-C-Sep=0.20, ║∇J║=2.1e-04
Iteration 1061/2000-----
currents: [100000.0, 99999.99979396639, 99999.9996904686]
J=3.5e-04, ⟨Jf⟩=3.2e-04, ⟨B·n⟩=4.1e-03, Len=sum([5.2, 5.2, 4.9])=15.4, ϰ=[5.5, 6.7, 5.9], ∫ϰ²/L>=[4.9, 7.1, 8.0], C-C-Sep=0.20, ║∇J║=1.7e-04
Iteration 1062/2000-----
currents: [100000.0, 99999.99979291254, 99999.99968888212]
J=3.5e-04, ⟨Jf⟩=3.2e-04, ⟨B·n⟩=4.1e-03, Len=sum([5.2, 5.2, 4.9])=15.4, ϰ=[5.5, 6.7, 5.9], ∫ϰ²/L>=[4.9, 7.1, 8.0], C-C-Sep=0.20, ║∇J║=2.3e-04
Iteration 1063/2000-----
currents: [100000.0, 99999.9997930976, 99999.99968916117]
J=3.5e-04, ⟨Jf⟩=3.2e-04, ⟨B·n⟩=4.1e-03, Len=sum([5.2, 5.2, 4.9])=15.4, ϰ=[5.5, 6.7, 5.9], ∫ϰ²/L>=[4.9, 7.1, 8.0], C-C-Sep=0.20, ║∇J║=2.8e-04
Iteration 1064/2000-----
currents: [100000.0, 99999.9997919842, 99999.99968748497]
J=3.5e-04, ⟨Jf⟩=3.2e-04, ⟨B·n⟩=4.1e-03, Len=sum([5.2, 5.2, 4.9])=15.4, ϰ=[5.4, 6.7, 5.9], ∫ϰ²/L>=[4.9, 7.1, 8.0], C-C-Sep=0.20, ║∇J║=3.1e-04
Iteration 1065/2000-----
currents: [100000.0, 99999.99979138134, 99999.9996865769]
J=3.5e-04, ⟨Jf⟩=3.2e-04, ⟨B·n⟩=4.1e-03, Len=sum([5.2, 5.2, 4.9])=15.4, ϰ=[5.4, 6.7, 5.9], ∫ϰ²/L>=[4.9, 7.1, 8.0], C-C-Sep=0.20, ║∇J║=2.1e-04
Iteration 1066/2000-----
currents: [100000.0, 99999.9997908839, 99999.9996858273]
J=3.5e-04, ⟨Jf⟩=3.2e-04, ⟨B·n⟩=4.2e-03, Len=sum([5.2, 5.2, 4.9])=15.4, ϰ=[5.4, 6.7, 5.9], ∫ϰ²/L>=[4.9, 7.1, 8.0], C-C-Sep=0.20, ║∇J║=1.7e-04
Iteration 1067/2000-----
currents: [100000.0, 99999.99979005105, 99999.99968457286]
J=3.5e-04, ⟨Jf⟩=3.2e-04, ⟨B·n⟩=4.2e-03, Len=sum([5.2, 5.2, 4.9])=15.4, ϰ=[5.4, 6.7, 5.9], ∫ϰ²/L>=[4.9, 7.1, 8.0], C-C-Sep=0.20, ║∇J║=1.9e-04
Iteration 1068/2000-----
currents: [100000.0, 99999.99978938569, 99999.99968357063]
J=3.5e-04, ⟨Jf⟩=3.2e-04, ⟨B·n⟩=4.2e-03, Len=sum([5.2, 5.2, 4.9])=15.4, ϰ=[5.4, 6.7, 5.9], ∫ϰ²/L>=[4.9, 7.1, 8.0], C-C-Sep=0.20, ║∇J║=2.3e-04
Iteration 1069/2000-----
currents: [100000.0, 99999.99978851875, 99999.9996822652]
J=3.5e-04, ⟨Jf⟩=3.2e-04, ⟨B·n⟩=4.2e-03, Len=sum([5.2, 5.2, 4.9])=15.4, ϰ=[5.4, 6.7, 5.9], ∫ϰ²/L>=[4.9, 7.1, 8.0], C-C-Sep=0.20, ║∇J║=2.1e-04
Iteration 1070/2000-----
currents: [100000.0, 99999.9997877305, 99999.99968107851]
J=3.5e-04, ⟨Jf⟩=3.2e-04, ⟨B·n⟩=4.2e-03, Len=sum([5.2, 5.2, 4.9])=15.4, ϰ=[5.4, 6.7, 5.9], ∫ϰ²/L>=[4.9, 7.1, 8.0], C-C-Sep=0.20, ║∇J║=1.8e-04
Iteration 1071/2000-----
currents: [100000.0, 99999.99978688757, 99999.9996798095]
J=3.5e-04, ⟨Jf⟩=3.2e-04, ⟨B·n⟩=4.2e-03, Len=sum([5.2, 5.2, 4.9])=15.4, ϰ=[5.5, 6.7, 5.9], ∫ϰ²/L>=[4.9, 7.1, 8.0], C-C-Sep=0.20, ║∇J║=2.2e-04
Iteration 1072/2000-----
currents: [100000.0, 99999.99978625312, 99999.99967885409]
J=3.5e-04, ⟨Jf⟩=3.2e-04, ⟨B·n⟩=4.2e-03, Len=sum([5.2, 5.2, 4.9])=15.4, ϰ=[5.5, 6.7, 5.9], ∫ϰ²/L>=[4.9, 7.1, 8.0], C-C-Sep=0.20, ║∇J║=2.3e-04
Iteration 1073/2000-----
currents: [100000.0, 99999.99978583898, 99999.9996782302]
J=3.5e-04, ⟨Jf⟩=3.2e-04, ⟨B·n⟩=4.2e-03, Len=sum([5.2, 5.2, 4.9])=15.4, ϰ=[5.5, 6.7, 5.9], ∫ϰ²/L>=[4.9, 7.1, 8.0], C-C-Sep=0.20, ║∇J║=1.8e-04
Iteration 1074/2000-----
currents: [100000.0, 99999.99978558869, 99999.99967785281]
J=3.5e-04, ⟨Jf⟩=3.2e-04, ⟨B·n⟩=4.2e-03, Len=sum([5.2, 5.2, 4.9])=15.4, ϰ=[5.4, 6.7, 5.9], ∫ϰ²/L>=[4.9, 7.1, 8.0], C-C-Sep=0.20, ║∇J║=1.6e-04
Iteration 1075/2000-----
currents: [100000.0, 99999.99978417213, 99999.9996757188]
J=3.5e-04, ⟨Jf⟩=3.2e-04, ⟨B·n⟩=4.2e-03, Len=sum([5.2, 5.2, 4.9])=15.4, ϰ=[5.4, 6.7, 5.9], ∫ϰ²/L>=[4.9, 7.1, 8.0], C-C-Sep=0.20, ║∇J║=2.3e-04
Iteration 1076/2000-----
currents: [100000.0, 99999.99978465619, 99999.99967644714]
J=3.5e-04, ⟨Jf⟩=3.2e-04, ⟨B·n⟩=4.2e-03, Len=sum([5.2, 5.2, 4.9])=15.4, ϰ=[5.4, 6.7, 5.9], ∫ϰ²/L>=[4.9, 7.1, 8.0], C-C-Sep=0.20, ║∇J║=2.3e-04
Iteration 1077/2000-----
currents: [100000.0, 99999.99978445873, 99999.9996761499]
J=3.5e-04, ⟨Jf⟩=3.2e-04, ⟨B·n⟩=4.2e-03, Len=sum([5.2, 5.2, 4.9])=15.4, ϰ=[5.4, 6.7, 5.9], ∫ϰ²/L>=[4.9, 7.1, 8.0], C-C-Sep=0.20, ║∇J║=1.6e-04
Iteration 1078/2000-----
currents: [100000.0, 99999.99978408661, 99999.99967558915]
J=3.5e-04, ⟨Jf⟩=3.2e-04, ⟨B·n⟩=4.2e-03, Len=sum([5.2, 5.2, 4.9])=15.4, ϰ=[5.4, 6.7, 5.9], ∫ϰ²/L>=[4.9, 7.1, 8.0], C-C-Sep=0.20, ║∇J║=1.6e-04
Iteration 1079/2000-----
currents: [100000.0, 99999.99978312507, 99999.99967414055]
J=3.5e-04, ⟨Jf⟩=3.2e-04, ⟨B·n⟩=4.2e-03, Len=sum([5.2, 5.2, 4.9])=15.4, ϰ=[5.4, 6.7, 5.9], ∫ϰ²/L>=[4.9, 7.1, 8.0], C-C-Sep=0.20, ║∇J║=1.8e-04
Iteration 1080/2000-----
currents: [100000.0, 99999.99978230224, 99999.9996729005]
J=3.5e-04, ⟨Jf⟩=3.2e-04, ⟨B·n⟩=4.2e-03, Len=sum([5.2, 5.2, 4.9])=15.4, ϰ=[5.5, 6.7, 5.9], ∫ϰ²/L>=[4.9, 7.1, 8.0], C-C-Sep=0.20, ║∇J║=2.7e-04
Iteration 1081/2000-----
currents: [100000.0, 99999.99978192804, 99999.99967233674]
J=3.5e-04, ⟨Jf⟩=3.2e-04, ⟨B·n⟩=4.2e-03, Len=sum([5.2, 5.2, 4.9])=15.4, ϰ=[5.5, 6.7, 5.9], ∫ϰ²/L>=[4.9, 7.1, 8.0], C-C-Sep=0.20, ║∇J║=1.7e-04
Iteration 1082/2000-----
currents: [100000.0, 99999.99978133925, 99999.99967144993]
J=3.5e-04, ⟨Jf⟩=3.2e-04, ⟨B·n⟩=4.2e-03, Len=sum([5.2, 5.2, 4.9])=15.4, ϰ=[5.4, 6.7, 5.9], ∫ϰ²/L>=[4.9, 7.1, 8.0], C-C-Sep=0.20, ║∇J║=1.7e-04
Iteration 1083/2000-----
currents: [100000.0, 99999.999780459, 99999.99967012409]
J=3.5e-04, ⟨Jf⟩=3.2e-04, ⟨B·n⟩=4.2e-03, Len=sum([5.2, 5.2, 4.9])=15.4, ϰ=[5.4, 6.7, 5.9], ∫ϰ²/L>=[4.9, 7.1, 8.0], C-C-Sep=0.20, ║∇J║=2.1e-04
Iteration 1084/2000-----
currents: [100000.0, 99999.99977883925, 99999.99966768429]
J=3.5e-04, ⟨Jf⟩=3.2e-04, ⟨B·n⟩=4.2e-03, Len=sum([5.2, 5.2, 4.9])=15.4, ϰ=[5.4, 6.7, 5.9], ∫ϰ²/L>=[4.9, 7.1, 8.0], C-C-Sep=0.20, ║∇J║=2.2e-04
Iteration 1085/2000-----
currents: [100000.0, 99999.99977927934, 99999.99966834702]
J=3.5e-04, ⟨Jf⟩=3.2e-04, ⟨B·n⟩=4.2e-03, Len=sum([5.2, 5.2, 4.9])=15.4, ϰ=[5.4, 6.7, 5.9], ∫ϰ²/L>=[4.9, 7.1, 8.0], C-C-Sep=0.20, ║∇J║=2.8e-04
Iteration 1086/2000-----
currents: [100000.0, 99999.99977897246, 99999.99966788515]
J=3.5e-04, ⟨Jf⟩=3.2e-04, ⟨B·n⟩=4.2e-03, Len=sum([5.2, 5.2, 4.9])=15.4, ϰ=[5.5, 6.7, 5.9], ∫ϰ²/L>=[4.9, 7.1, 8.0], C-C-Sep=0.20, ║∇J║=1.8e-04
Iteration 1087/2000-----
currents: [100000.0, 99999.99977857411, 99999.99966728502]
J=3.5e-04, ⟨Jf⟩=3.2e-04, ⟨B·n⟩=4.2e-03, Len=sum([5.2, 5.2, 4.9])=15.4, ϰ=[5.5, 6.7, 5.9], ∫ϰ²/L>=[4.9, 7.1, 8.0], C-C-Sep=0.20, ║∇J║=1.6e-04
Iteration 1088/2000-----
currents: [100000.0, 99999.99977804982, 99999.9996664951]
J=3.5e-04, ⟨Jf⟩=3.2e-04, ⟨B·n⟩=4.2e-03, Len=sum([5.2, 5.2, 4.9])=15.4, ϰ=[5.5, 6.7, 5.9], ∫ϰ²/L>=[4.9, 7.1, 8.0], C-C-Sep=0.20, ║∇J║=1.5e-04
Iteration 1089/2000-----
currents: [100000.0, 99999.99977623542, 99999.99966376147]
J=3.5e-04, ⟨Jf⟩=3.2e-04, ⟨B·n⟩=4.2e-03, Len=sum([5.2, 5.2, 4.9])=15.4, ϰ=[5.5, 6.7, 5.9], ∫ϰ²/L>=[4.9, 7.1, 8.0], C-C-Sep=0.20, ║∇J║=2.6e-04
Iteration 1090/2000-----
currents: [100000.0, 99999.99977472602, 99999.99966148759]
J=3.5e-04, ⟨Jf⟩=3.2e-04, ⟨B·n⟩=4.2e-03, Len=sum([5.2, 5.2, 4.9])=15.4, ϰ=[5.5, 6.7, 5.9], ∫ϰ²/L>=[4.9, 7.1, 8.0], C-C-Sep=0.20, ║∇J║=2.8e-04
Iteration 1091/2000-----
currents: [100000.0, 99999.99977379192, 99999.99966008076]
J=3.5e-04, ⟨Jf⟩=3.2e-04, ⟨B·n⟩=4.2e-03, Len=sum([5.2, 5.2, 4.9])=15.4, ϰ=[5.5, 6.7, 5.9], ∫ϰ²/L>=[4.9, 7.1, 8.0], C-C-Sep=0.20, ║∇J║=2.1e-04
Iteration 1092/2000-----
currents: [100000.0, 99999.99977282425, 99999.99965862371]
J=3.5e-04, ⟨Jf⟩=3.2e-04, ⟨B·n⟩=4.2e-03, Len=sum([5.2, 5.2, 4.9])=15.4, ϰ=[5.5, 6.7, 5.9], ∫ϰ²/L>=[4.9, 7.1, 8.0], C-C-Sep=0.20, ║∇J║=2.1e-04
Iteration 1093/2000-----
currents: [100000.0, 99999.99977077937, 99999.9996555444]
J=3.5e-04, ⟨Jf⟩=3.2e-04, ⟨B·n⟩=4.2e-03, Len=sum([5.2, 5.2, 4.9])=15.4, ϰ=[5.5, 6.7, 5.8], ∫ϰ²/L>=[4.9, 7.1, 8.0], C-C-Sep=0.20, ║∇J║=3.4e-04
Iteration 1094/2000-----
currents: [100000.0, 99999.99977119922, 99999.99965617772]
J=3.5e-04, ⟨Jf⟩=3.2e-04, ⟨B·n⟩=4.2e-03, Len=sum([5.2, 5.2, 4.9])=15.4, ϰ=[5.5, 6.7, 5.9], ∫ϰ²/L>=[4.9, 7.1, 8.0], C-C-Sep=0.20, ║∇J║=4.4e-04
Iteration 1095/2000-----
currents: [100000.0, 99999.99976984774, 99999.99965414155]
J=3.5e-04, ⟨Jf⟩=3.2e-04, ⟨B·n⟩=4.2e-03, Len=sum([5.2, 5.2, 4.9])=15.4, ϰ=[5.5, 6.7, 5.8], ∫ϰ²/L>=[4.9, 7.1, 8.0], C-C-Sep=0.20, ║∇J║=2.8e-04
Iteration 1096/2000-----
currents: [100000.0, 99999.99976945196, 99999.9996535453]
J=3.5e-04, ⟨Jf⟩=3.2e-04, ⟨B·n⟩=4.2e-03, Len=sum([5.2, 5.2, 4.9])=15.4, ϰ=[5.5, 6.7, 5.8], ∫ϰ²/L>=[4.9, 7.1, 8.0], C-C-Sep=0.20, ║∇J║=2.3e-04
Iteration 1097/2000-----
currents: [100000.0, 99999.99976907637, 99999.99965297953]
J=3.5e-04, ⟨Jf⟩=3.2e-04, ⟨B·n⟩=4.2e-03, Len=sum([5.2, 5.2, 4.9])=15.4, ϰ=[5.5, 6.7, 5.8], ∫ϰ²/L>=[4.9, 7.1, 8.0], C-C-Sep=0.20, ║∇J║=1.9e-04
Iteration 1098/2000-----
currents: [100000.0, 99999.99976782747, 99999.99965109817]
J=3.5e-04, ⟨Jf⟩=3.2e-04, ⟨B·n⟩=4.2e-03, Len=sum([5.2, 5.2, 4.9])=15.4, ϰ=[5.5, 6.7, 5.8], ∫ϰ²/L>=[4.9, 7.1, 8.0], C-C-Sep=0.20, ║∇J║=2.2e-04
Iteration 1099/2000-----
currents: [100000.0, 99999.99976582717, 99999.99964808478]
J=3.5e-04, ⟨Jf⟩=3.2e-04, ⟨B·n⟩=4.2e-03, Len=sum([5.2, 5.2, 4.9])=15.4, ϰ=[5.5, 6.7, 5.9], ∫ϰ²/L>=[5.0, 7.1, 8.0], C-C-Sep=0.20, ║∇J║=2.6e-04
Iteration 1100/2000-----
currents: [100000.0, 99999.99976466452, 99999.9996463333]
J=3.5e-04, ⟨Jf⟩=3.2e-04, ⟨B·n⟩=4.2e-03, Len=sum([5.2, 5.2, 4.9])=15.4, ϰ=[5.5, 6.7, 5.9], ∫ϰ²/L>=[5.0, 7.1, 8.0], C-C-Sep=0.20, ║∇J║=2.4e-04
Iteration 1101/2000-----
currents: [100000.0, 99999.99976345558, 99999.99964451193]
J=3.5e-04, ⟨Jf⟩=3.2e-04, ⟨B·n⟩=4.2e-03, Len=sum([5.2, 5.2, 4.9])=15.4, ϰ=[5.5, 6.7, 5.9], ∫ϰ²/L>=[5.0, 7.1, 8.0], C-C-Sep=0.20, ║∇J║=2.6e-04
Iteration 1102/2000-----
currents: [100000.0, 99999.9997629839, 99999.99964380109]
J=3.5e-04, ⟨Jf⟩=3.2e-04, ⟨B·n⟩=4.2e-03, Len=sum([5.2, 5.2, 4.9])=15.4, ϰ=[5.5, 6.7, 5.9], ∫ϰ²/L>=[5.0, 7.1, 8.0], C-C-Sep=0.20, ║∇J║=2.7e-04
Iteration 1103/2000-----
currents: [100000.0, 99999.99976025049, 99999.99963968406]
J=3.5e-04, ⟨Jf⟩=3.1e-04, ⟨B·n⟩=4.1e-03, Len=sum([5.2, 5.2, 4.9])=15.4, ϰ=[5.5, 6.7, 5.9], ∫ϰ²/L>=[5.0, 7.1, 8.0], C-C-Sep=0.20, ║∇J║=3.9e-04
Iteration 1104/2000-----
currents: [100000.0, 99999.9997616735, 99999.99964182738]
J=3.5e-04, ⟨Jf⟩=3.2e-04, ⟨B·n⟩=4.1e-03, Len=sum([5.2, 5.2, 4.9])=15.4, ϰ=[5.5, 6.7, 5.9], ∫ϰ²/L>=[5.0, 7.1, 8.0], C-C-Sep=0.20, ║∇J║=2.7e-04
Iteration 1105/2000-----
currents: [100000.0, 99999.99976167417, 99999.99964182895]
J=3.5e-04, ⟨Jf⟩=3.2e-04, ⟨B·n⟩=4.2e-03, Len=sum([5.2, 5.2, 4.9])=15.4, ϰ=[5.5, 6.7, 5.9], ∫ϰ²/L>=[5.0, 7.1, 8.0], C-C-Sep=0.20, ║∇J║=3.6e-04
Iteration 1106/2000-----
currents: [100000.0, 99999.9997611427, 99999.99964102815]
J=3.5e-04, ⟨Jf⟩=3.2e-04, ⟨B·n⟩=4.2e-03, Len=sum([5.2, 5.2, 4.9])=15.4, ϰ=[5.5, 6.7, 5.9], ∫ϰ²/L>=[5.0, 7.1, 8.0], C-C-Sep=0.20, ║∇J║=2.4e-04
Iteration 1107/2000-----
currents: [100000.0, 99999.99976028183, 99999.99963973105]
J=3.5e-04, ⟨Jf⟩=3.2e-04, ⟨B·n⟩=4.2e-03, Len=sum([5.2, 5.2, 4.9])=15.4, ϰ=[5.5, 6.7, 5.9], ∫ϰ²/L>=[5.0, 7.1, 8.0], C-C-Sep=0.20, ║∇J║=2.2e-04
Iteration 1108/2000-----
currents: [100000.0, 99999.99975926784, 99999.99963820353]
J=3.5e-04, ⟨Jf⟩=3.2e-04, ⟨B·n⟩=4.2e-03, Len=sum([5.2, 5.2, 4.9])=15.4, ϰ=[5.5, 6.7, 5.9], ∫ϰ²/L>=[5.0, 7.1, 8.0], C-C-Sep=0.20, ║∇J║=2.4e-04
Iteration 1109/2000-----
currents: [100000.0, 99999.99975904859, 99999.99963787253]
J=3.5e-04, ⟨Jf⟩=3.2e-04, ⟨B·n⟩=4.2e-03, Len=sum([5.2, 5.2, 4.9])=15.4, ϰ=[5.5, 6.7, 5.8], ∫ϰ²/L>=[4.9, 7.1, 8.0], C-C-Sep=0.20, ║∇J║=2.8e-04
Iteration 1110/2000-----
currents: [100000.0, 99999.99975838473, 99999.9996368723]
J=3.5e-04, ⟨Jf⟩=3.2e-04, ⟨B·n⟩=4.2e-03, Len=sum([5.2, 5.2, 4.9])=15.4, ϰ=[5.5, 6.7, 5.8], ∫ϰ²/L>=[4.9, 7.1, 8.0], C-C-Sep=0.20, ║∇J║=2.3e-04
Iteration 1111/2000-----
currents: [100000.0, 99999.99975791853, 99999.99963616997]
J=3.5e-04, ⟨Jf⟩=3.2e-04, ⟨B·n⟩=4.2e-03, Len=sum([5.2, 5.2, 4.9])=15.4, ϰ=[5.5, 6.7, 5.8], ∫ϰ²/L>=[4.9, 7.1, 8.0], C-C-Sep=0.20, ║∇J║=2.0e-04
Iteration 1112/2000-----
currents: [100000.0, 99999.99975758896, 99999.99963567326]
J=3.5e-04, ⟨Jf⟩=3.2e-04, ⟨B·n⟩=4.2e-03, Len=sum([5.2, 5.2, 4.9])=15.4, ϰ=[5.5, 6.7, 5.8], ∫ϰ²/L>=[4.9, 7.1, 8.0], C-C-Sep=0.20, ║∇J║=2.2e-04
Iteration 1113/2000-----
currents: [100000.0, 99999.99975654604, 99999.99963410168]
J=3.5e-04, ⟨Jf⟩=3.2e-04, ⟨B·n⟩=4.2e-03, Len=sum([5.2, 5.2, 4.9])=15.4, ϰ=[5.4, 6.7, 5.8], ∫ϰ²/L>=[4.9, 7.1, 8.0], C-C-Sep=0.20, ║∇J║=2.6e-04
Iteration 1114/2000-----
currents: [100000.0, 99999.99975575769, 99999.99963291385]
J=3.5e-04, ⟨Jf⟩=3.2e-04, ⟨B·n⟩=4.2e-03, Len=sum([5.2, 5.2, 4.9])=15.4, ϰ=[5.4, 6.7, 5.8], ∫ϰ²/L>=[4.9, 7.1, 8.0], C-C-Sep=0.20, ║∇J║=2.7e-04
Iteration 1115/2000-----
currents: [100000.0, 99999.99975452464, 99999.999631056]
J=3.5e-04, ⟨Jf⟩=3.2e-04, ⟨B·n⟩=4.2e-03, Len=sum([5.2, 5.2, 4.9])=15.4, ϰ=[5.4, 6.7, 5.8], ∫ϰ²/L>=[4.9, 7.1, 8.0], C-C-Sep=0.20, ║∇J║=2.6e-04
Iteration 1116/2000-----
currents: [100000.0, 99999.99975376682, 99999.99962991403]
J=3.5e-04, ⟨Jf⟩=3.2e-04, ⟨B·n⟩=4.2e-03, Len=sum([5.2, 5.2, 4.9])=15.4, ϰ=[5.4, 6.7, 5.8], ∫ϰ²/L>=[4.9, 7.1, 8.0], C-C-Sep=0.20, ║∇J║=2.4e-04
Iteration 1117/2000-----
currents: [100000.0, 99999.99975230804, 99999.99962771624]
J=3.5e-04, ⟨Jf⟩=3.2e-04, ⟨B·n⟩=4.2e-03, Len=sum([5.2, 5.2, 4.9])=15.4, ϰ=[5.4, 6.7, 5.8], ∫ϰ²/L>=[4.9, 7.1, 8.0], C-C-Sep=0.20, ║∇J║=2.7e-04
Iteration 1118/2000-----
currents: [100000.0, 99999.99975279915, 99999.9996284562]
J=3.5e-04, ⟨Jf⟩=3.2e-04, ⟨B·n⟩=4.2e-03, Len=sum([5.2, 5.2, 4.9])=15.4, ϰ=[5.4, 6.7, 5.8], ∫ϰ²/L>=[4.9, 7.1, 8.0], C-C-Sep=0.20, ║∇J║=2.1e-04
Iteration 1119/2000-----
currents: [100000.0, 99999.99975207083, 99999.99962735912]
J=3.5e-04, ⟨Jf⟩=3.2e-04, ⟨B·n⟩=4.2e-03, Len=sum([5.2, 5.2, 4.9])=15.4, ϰ=[5.4, 6.7, 5.8], ∫ϰ²/L>=[4.9, 7.1, 8.0], C-C-Sep=0.20, ║∇J║=2.3e-04
Iteration 1120/2000-----
currents: [100000.0, 99999.99975200612, 99999.99962726145]
J=3.5e-04, ⟨Jf⟩=3.2e-04, ⟨B·n⟩=4.2e-03, Len=sum([5.2, 5.2, 4.9])=15.4, ϰ=[5.4, 6.7, 5.8], ∫ϰ²/L>=[4.9, 7.1, 8.0], C-C-Sep=0.20, ║∇J║=2.0e-04
Iteration 1121/2000-----
currents: [100000.0, 99999.99975152066, 99999.9996265301]
J=3.5e-04, ⟨Jf⟩=3.2e-04, ⟨B·n⟩=4.2e-03, Len=sum([5.2, 5.2, 4.9])=15.4, ϰ=[5.4, 6.7, 5.8], ∫ϰ²/L>=[4.9, 7.1, 8.0], C-C-Sep=0.20, ║∇J║=1.8e-04
Iteration 1122/2000-----
currents: [100000.0, 99999.99975115391, 99999.99962597745]
J=3.5e-04, ⟨Jf⟩=3.2e-04, ⟨B·n⟩=4.2e-03, Len=sum([5.2, 5.2, 4.9])=15.4, ϰ=[5.4, 6.7, 5.8], ∫ϰ²/L>=[4.9, 7.1, 8.0], C-C-Sep=0.20, ║∇J║=1.7e-04
Iteration 1123/2000-----
currents: [100000.0, 99999.99975048317, 99999.99962496679]
J=3.5e-04, ⟨Jf⟩=3.2e-04, ⟨B·n⟩=4.1e-03, Len=sum([5.2, 5.2, 4.9])=15.4, ϰ=[5.4, 6.7, 5.8], ∫ϰ²/L>=[4.9, 7.1, 8.0], C-C-Sep=0.20, ║∇J║=2.0e-04
Iteration 1124/2000-----
currents: [100000.0, 99999.99975028611, 99999.99962466984]
J=3.5e-04, ⟨Jf⟩=3.2e-04, ⟨B·n⟩=4.1e-03, Len=sum([5.2, 5.2, 4.9])=15.4, ϰ=[5.4, 6.7, 5.8], ∫ϰ²/L>=[4.9, 7.1, 8.0], C-C-Sep=0.20, ║∇J║=1.8e-04
Iteration 1125/2000-----
currents: [100000.0, 99999.99974997001, 99999.99962419328]
J=3.5e-04, ⟨Jf⟩=3.2e-04, ⟨B·n⟩=4.1e-03, Len=sum([5.2, 5.2, 4.9])=15.4, ϰ=[5.4, 6.7, 5.8], ∫ϰ²/L>=[4.9, 7.1, 8.0], C-C-Sep=0.20, ║∇J║=1.8e-04
Iteration 1126/2000-----
currents: [100000.0, 99999.99974966851, 99999.99962373915]
J=3.5e-04, ⟨Jf⟩=3.2e-04, ⟨B·n⟩=4.1e-03, Len=sum([5.2, 5.2, 4.9])=15.4, ϰ=[5.4, 6.7, 5.8], ∫ϰ²/L>=[4.9, 7.1, 8.0], C-C-Sep=0.20, ║∇J║=1.9e-04
Iteration 1127/2000-----
currents: [100000.0, 99999.99974935545, 99999.9996232676]
J=3.5e-04, ⟨Jf⟩=3.2e-04, ⟨B·n⟩=4.1e-03, Len=sum([5.2, 5.2, 4.9])=15.4, ϰ=[5.4, 6.7, 5.8], ∫ϰ²/L>=[4.9, 7.1, 8.0], C-C-Sep=0.20, ║∇J║=1.7e-04
Iteration 1128/2000-----
currents: [100000.0, 99999.99974878627, 99999.99962241006]
J=3.5e-04, ⟨Jf⟩=3.2e-04, ⟨B·n⟩=4.1e-03, Len=sum([5.2, 5.2, 4.9])=15.4, ϰ=[5.4, 6.7, 5.8], ∫ϰ²/L>=[4.9, 7.1, 8.0], C-C-Sep=0.20, ║∇J║=1.7e-04
Iteration 1129/2000-----
currents: [100000.0, 99999.999748031, 99999.99962127236]
J=3.5e-04, ⟨Jf⟩=3.2e-04, ⟨B·n⟩=4.1e-03, Len=sum([5.2, 5.2, 4.9])=15.4, ϰ=[5.4, 6.7, 5.8], ∫ϰ²/L>=[4.9, 7.1, 8.0], C-C-Sep=0.20, ║∇J║=2.8e-04
Iteration 1130/2000-----
currents: [100000.0, 99999.9997476797, 99999.99962074301]
J=3.5e-04, ⟨Jf⟩=3.2e-04, ⟨B·n⟩=4.1e-03, Len=sum([5.2, 5.2, 4.9])=15.4, ϰ=[5.4, 6.7, 5.8], ∫ϰ²/L>=[4.9, 7.1, 8.0], C-C-Sep=0.20, ║∇J║=1.6e-04
Iteration 1131/2000-----
currents: [100000.0, 99999.99974715099, 99999.99961994606]
J=3.5e-04, ⟨Jf⟩=3.2e-04, ⟨B·n⟩=4.1e-03, Len=sum([5.2, 5.2, 4.9])=15.4, ϰ=[5.4, 6.7, 5.8], ∫ϰ²/L>=[4.9, 7.1, 8.0], C-C-Sep=0.20, ║∇J║=1.6e-04
Iteration 1132/2000-----
currents: [100000.0, 99999.99974636268, 99999.99961875785]
J=3.5e-04, ⟨Jf⟩=3.2e-04, ⟨B·n⟩=4.2e-03, Len=sum([5.2, 5.2, 4.9])=15.4, ϰ=[5.4, 6.7, 5.8], ∫ϰ²/L>=[4.9, 7.1, 8.0], C-C-Sep=0.20, ║∇J║=1.7e-04
Iteration 1133/2000-----
currents: [100000.0, 99999.99974512214, 99999.99961688816]
J=3.5e-04, ⟨Jf⟩=3.2e-04, ⟨B·n⟩=4.2e-03, Len=sum([5.2, 5.2, 4.9])=15.4, ϰ=[5.4, 6.7, 5.8], ∫ϰ²/L>=[4.9, 7.1, 8.0], C-C-Sep=0.20, ║∇J║=2.4e-04
Iteration 1134/2000-----
currents: [100000.0, 99999.99974439433, 99999.99961579089]
J=3.5e-04, ⟨Jf⟩=3.2e-04, ⟨B·n⟩=4.2e-03, Len=sum([5.2, 5.2, 4.9])=15.4, ϰ=[5.4, 6.7, 5.8], ∫ϰ²/L>=[4.9, 7.1, 8.0], C-C-Sep=0.20, ║∇J║=2.2e-04
Iteration 1135/2000-----
currents: [100000.0, 99999.99974105753, 99999.99961076227]
J=3.5e-04, ⟨Jf⟩=3.2e-04, ⟨B·n⟩=4.2e-03, Len=sum([5.2, 5.2, 4.9])=15.4, ϰ=[5.4, 6.7, 5.8], ∫ϰ²/L>=[4.9, 7.1, 8.0], C-C-Sep=0.20, ║∇J║=3.5e-04
Iteration 1136/2000-----
currents: [100000.0, 99999.9997411512, 99999.99961090263]
J=3.5e-04, ⟨Jf⟩=3.2e-04, ⟨B·n⟩=4.2e-03, Len=sum([5.2, 5.2, 4.9])=15.4, ϰ=[5.4, 6.7, 5.8], ∫ϰ²/L>=[4.9, 7.1, 8.0], C-C-Sep=0.20, ║∇J║=3.3e-04
Iteration 1137/2000-----
currents: [100000.0, 99999.99974014143, 99999.9996093807]
J=3.5e-04, ⟨Jf⟩=3.2e-04, ⟨B·n⟩=4.2e-03, Len=sum([5.2, 5.2, 4.9])=15.4, ϰ=[5.4, 6.7, 5.8], ∫ϰ²/L>=[4.9, 7.1, 8.0], C-C-Sep=0.20, ║∇J║=2.3e-04
Iteration 1138/2000-----
currents: [100000.0, 99999.99973851738, 99999.9996069336]
J=3.5e-04, ⟨Jf⟩=3.2e-04, ⟨B·n⟩=4.2e-03, Len=sum([5.2, 5.2, 4.9])=15.4, ϰ=[5.4, 6.7, 5.8], ∫ϰ²/L>=[4.9, 7.1, 8.0], C-C-Sep=0.20, ║∇J║=2.5e-04
Iteration 1139/2000-----
currents: [100000.0, 99999.99973863972, 99999.99960711837]
J=3.5e-04, ⟨Jf⟩=3.2e-04, ⟨B·n⟩=4.2e-03, Len=sum([5.2, 5.2, 4.9])=15.4, ϰ=[5.4, 6.7, 5.8], ∫ϰ²/L>=[4.9, 7.1, 8.0], C-C-Sep=0.20, ║∇J║=2.3e-04
Iteration 1140/2000-----
currents: [100000.0, 99999.9997369416, 99999.99960455889]
J=3.5e-04, ⟨Jf⟩=3.2e-04, ⟨B·n⟩=4.2e-03, Len=sum([5.2, 5.2, 4.9])=15.4, ϰ=[5.4, 6.7, 5.8], ∫ϰ²/L>=[4.9, 7.1, 8.0], C-C-Sep=0.20, ║∇J║=3.1e-04
Iteration 1141/2000-----
currents: [100000.0, 99999.99973659436, 99999.99960403594]
J=3.5e-04, ⟨Jf⟩=3.2e-04, ⟨B·n⟩=4.2e-03, Len=sum([5.2, 5.2, 4.9])=15.4, ϰ=[5.4, 6.7, 5.8], ∫ϰ²/L>=[4.9, 7.1, 8.0], C-C-Sep=0.20, ║∇J║=2.9e-04
Iteration 1142/2000-----
currents: [100000.0, 99999.99973507242, 99999.99960174193]
J=3.5e-04, ⟨Jf⟩=3.2e-04, ⟨B·n⟩=4.2e-03, Len=sum([5.2, 5.2, 4.9])=15.4, ϰ=[5.4, 6.7, 5.8], ∫ϰ²/L>=[4.9, 7.1, 8.0], C-C-Sep=0.20, ║∇J║=2.5e-04
Iteration 1143/2000-----
currents: [100000.0, 99999.99973163316, 99999.99959655832]
J=3.5e-04, ⟨Jf⟩=3.2e-04, ⟨B·n⟩=4.2e-03, Len=sum([5.2, 5.2, 4.9])=15.4, ϰ=[5.4, 6.7, 5.8], ∫ϰ²/L>=[4.9, 7.1, 8.0], C-C-Sep=0.20, ║∇J║=3.4e-04
Iteration 1144/2000-----
currents: [100000.0, 99999.99973203546, 99999.99959716419]
J=3.5e-04, ⟨Jf⟩=3.2e-04, ⟨B·n⟩=4.2e-03, Len=sum([5.2, 5.2, 4.9])=15.4, ϰ=[5.4, 6.7, 5.8], ∫ϰ²/L>=[4.9, 7.1, 8.0], C-C-Sep=0.20, ║∇J║=3.4e-04
Iteration 1145/2000-----
currents: [100000.0, 99999.99973130689, 99999.99959606587]
J=3.5e-04, ⟨Jf⟩=3.2e-04, ⟨B·n⟩=4.2e-03, Len=sum([5.2, 5.2, 4.9])=15.4, ϰ=[5.5, 6.7, 5.8], ∫ϰ²/L>=[4.9, 7.1, 8.0], C-C-Sep=0.20, ║∇J║=2.3e-04
Iteration 1146/2000-----
currents: [100000.0, 99999.9997294972, 99999.99959333769]
J=3.5e-04, ⟨Jf⟩=3.2e-04, ⟨B·n⟩=4.2e-03, Len=sum([5.2, 5.2, 4.9])=15.4, ϰ=[5.5, 6.7, 5.8], ∫ϰ²/L>=[4.9, 7.1, 8.0], C-C-Sep=0.20, ║∇J║=2.5e-04
Iteration 1147/2000-----
currents: [100000.0, 99999.99972961278, 99999.99959351131]
J=3.5e-04, ⟨Jf⟩=3.2e-04, ⟨B·n⟩=4.2e-03, Len=sum([5.2, 5.2, 4.9])=15.4, ϰ=[5.5, 6.7, 5.8], ∫ϰ²/L>=[4.9, 7.1, 8.0], C-C-Sep=0.20, ║∇J║=2.5e-04
Iteration 1148/2000-----
currents: [100000.0, 99999.99972835678, 99999.99959161844]
J=3.5e-04, ⟨Jf⟩=3.2e-04, ⟨B·n⟩=4.2e-03, Len=sum([5.2, 5.2, 4.9])=15.4, ϰ=[5.5, 6.7, 5.8], ∫ϰ²/L>=[4.9, 7.1, 8.0], C-C-Sep=0.20, ║∇J║=3.1e-04
Iteration 1149/2000-----
currents: [100000.0, 99999.99972820054, 99999.99959138296]
J=3.5e-04, ⟨Jf⟩=3.2e-04, ⟨B·n⟩=4.2e-03, Len=sum([5.2, 5.2, 4.9])=15.4, ϰ=[5.5, 6.8, 5.8], ∫ϰ²/L>=[4.9, 7.1, 8.0], C-C-Sep=0.20, ║∇J║=2.2e-04
Iteration 1150/2000-----
currents: [100000.0, 99999.99972741857, 99999.99959020436]
J=3.5e-04, ⟨Jf⟩=3.2e-04, ⟨B·n⟩=4.2e-03, Len=sum([5.2, 5.2, 4.9])=15.4, ϰ=[5.5, 6.8, 5.8], ∫ϰ²/L>=[4.9, 7.1, 8.0], C-C-Sep=0.20, ║∇J║=2.3e-04
Iteration 1151/2000-----
currents: [100000.0, 99999.99972761306, 99999.99959049771]
J=3.5e-04, ⟨Jf⟩=3.2e-04, ⟨B·n⟩=4.2e-03, Len=sum([5.2, 5.2, 4.9])=15.4, ϰ=[5.5, 6.8, 5.8], ∫ϰ²/L>=[4.9, 7.1, 8.0], C-C-Sep=0.20, ║∇J║=2.4e-04
Iteration 1152/2000-----
currents: [100000.0, 99999.99972706422, 99999.99958967045]
J=3.5e-04, ⟨Jf⟩=3.2e-04, ⟨B·n⟩=4.2e-03, Len=sum([5.2, 5.2, 4.9])=15.4, ϰ=[5.5, 6.8, 5.8], ∫ϰ²/L>=[4.9, 7.1, 8.0], C-C-Sep=0.20, ║∇J║=2.2e-04
Iteration 1153/2000-----
currents: [100000.0, 99999.99972632862, 99999.99958856175]
J=3.5e-04, ⟨Jf⟩=3.2e-04, ⟨B·n⟩=4.2e-03, Len=sum([5.2, 5.2, 4.9])=15.4, ϰ=[5.5, 6.7, 5.8], ∫ϰ²/L>=[4.9, 7.1, 8.0], C-C-Sep=0.20, ║∇J║=2.0e-04
Iteration 1154/2000-----
currents: [100000.0, 99999.99972521992, 99999.9995868906]
J=3.5e-04, ⟨Jf⟩=3.2e-04, ⟨B·n⟩=4.2e-03, Len=sum([5.2, 5.2, 4.9])=15.4, ϰ=[5.5, 6.7, 5.8], ∫ϰ²/L>=[4.9, 7.1, 8.0], C-C-Sep=0.20, ║∇J║=2.5e-04
Iteration 1155/2000-----
currents: [100000.0, 99999.9997246102, 99999.99958597166]
J=3.5e-04, ⟨Jf⟩=3.2e-04, ⟨B·n⟩=4.2e-03, Len=sum([5.2, 5.2, 4.9])=15.4, ϰ=[5.5, 6.8, 5.8], ∫ϰ²/L>=[4.9, 7.1, 8.0], C-C-Sep=0.20, ║∇J║=2.2e-04
Iteration 1156/2000-----
currents: [100000.0, 99999.99972399755, 99999.99958504814]
J=3.5e-04, ⟨Jf⟩=3.2e-04, ⟨B·n⟩=4.2e-03, Len=sum([5.2, 5.2, 4.9])=15.4, ϰ=[5.5, 6.8, 5.8], ∫ϰ²/L>=[4.9, 7.1, 8.0], C-C-Sep=0.20, ║∇J║=1.8e-04
Iteration 1157/2000-----
currents: [100000.0, 99999.99972329033, 99999.99958398208]
J=3.5e-04, ⟨Jf⟩=3.2e-04, ⟨B·n⟩=4.2e-03, Len=sum([5.2, 5.2, 4.9])=15.4, ϰ=[5.5, 6.8, 5.8], ∫ϰ²/L>=[4.9, 7.1, 8.0], C-C-Sep=0.20, ║∇J║=1.8e-04
Iteration 1158/2000-----
currents: [100000.0, 99999.99972187994, 99999.9995818559]
J=3.5e-04, ⟨Jf⟩=3.2e-04, ⟨B·n⟩=4.2e-03, Len=sum([5.2, 5.2, 4.9])=15.4, ϰ=[5.5, 6.8, 5.8], ∫ϰ²/L>=[4.9, 7.1, 8.0], C-C-Sep=0.20, ║∇J║=2.3e-04
Iteration 1159/2000-----
currents: [100000.0, 99999.99972125942, 99999.99958092022]
J=3.5e-04, ⟨Jf⟩=3.2e-04, ⟨B·n⟩=4.2e-03, Len=sum([5.2, 5.2, 4.9])=15.4, ϰ=[5.5, 6.8, 5.8], ∫ϰ²/L>=[4.9, 7.1, 8.0], C-C-Sep=0.20, ║∇J║=2.1e-04
Iteration 1160/2000-----
currents: [100000.0, 99999.99971994558, 99999.99957893958]
J=3.5e-04, ⟨Jf⟩=3.2e-04, ⟨B·n⟩=4.2e-03, Len=sum([5.2, 5.2, 4.9])=15.4, ϰ=[5.5, 6.7, 5.8], ∫ϰ²/L>=[4.9, 7.1, 8.0], C-C-Sep=0.20, ║∇J║=2.3e-04
Iteration 1161/2000-----
currents: [100000.0, 99999.9997198345, 99999.99957877198]
J=3.5e-04, ⟨Jf⟩=3.2e-04, ⟨B·n⟩=4.2e-03, Len=sum([5.2, 5.2, 4.9])=15.4, ϰ=[5.5, 6.7, 5.8], ∫ϰ²/L>=[4.9, 7.1, 8.0], C-C-Sep=0.20, ║∇J║=2.0e-04
Iteration 1162/2000-----
currents: [100000.0, 99999.99971866407, 99999.99957700753]
J=3.5e-04, ⟨Jf⟩=3.2e-04, ⟨B·n⟩=4.2e-03, Len=sum([5.2, 5.2, 4.9])=15.4, ϰ=[5.5, 6.7, 5.8], ∫ϰ²/L>=[4.9, 7.1, 8.0], C-C-Sep=0.20, ║∇J║=2.6e-04
Iteration 1163/2000-----
currents: [100000.0, 99999.99971879968, 99999.99957721189]
J=3.5e-04, ⟨Jf⟩=3.2e-04, ⟨B·n⟩=4.2e-03, Len=sum([5.2, 5.2, 4.9])=15.4, ϰ=[5.5, 6.7, 5.8], ∫ϰ²/L>=[4.9, 7.1, 8.0], C-C-Sep=0.20, ║∇J║=2.3e-04
Iteration 1164/2000-----
currents: [100000.0, 99999.99971831062, 99999.99957647514]
J=3.5e-04, ⟨Jf⟩=3.2e-04, ⟨B·n⟩=4.2e-03, Len=sum([5.2, 5.2, 4.9])=15.4, ϰ=[5.5, 6.7, 5.8], ∫ϰ²/L>=[4.9, 7.1, 8.0], C-C-Sep=0.20, ║∇J║=2.2e-04
Iteration 1165/2000-----
currents: [100000.0, 99999.9997183208, 99999.9995764901]
J=3.5e-04, ⟨Jf⟩=3.2e-04, ⟨B·n⟩=4.2e-03, Len=sum([5.2, 5.2, 4.9])=15.4, ϰ=[5.5, 6.7, 5.8], ∫ϰ²/L>=[4.9, 7.1, 8.0], C-C-Sep=0.20, ║∇J║=2.0e-04
Iteration 1166/2000-----
currents: [100000.0, 99999.9997176731, 99999.99957551349]
J=3.5e-04, ⟨Jf⟩=3.2e-04, ⟨B·n⟩=4.2e-03, Len=sum([5.2, 5.2, 4.9])=15.4, ϰ=[5.5, 6.7, 5.8], ∫ϰ²/L>=[4.9, 7.1, 8.0], C-C-Sep=0.20, ║∇J║=1.9e-04
Iteration 1167/2000-----
currents: [100000.0, 99999.99971716279, 99999.99957474442]
J=3.5e-04, ⟨Jf⟩=3.2e-04, ⟨B·n⟩=4.2e-03, Len=sum([5.2, 5.2, 4.9])=15.4, ϰ=[5.5, 6.7, 5.8], ∫ϰ²/L>=[4.9, 7.1, 8.0], C-C-Sep=0.20, ║∇J║=1.8e-04
Iteration 1168/2000-----
currents: [100000.0, 99999.99971657545, 99999.99957385859]
J=3.5e-04, ⟨Jf⟩=3.2e-04, ⟨B·n⟩=4.2e-03, Len=sum([5.2, 5.2, 4.9])=15.4, ϰ=[5.5, 6.7, 5.8], ∫ϰ²/L>=[4.9, 7.1, 8.0], C-C-Sep=0.20, ║∇J║=2.1e-04
Iteration 1169/2000-----
currents: [100000.0, 99999.99971660899, 99999.99957390917]
J=3.5e-04, ⟨Jf⟩=3.2e-04, ⟨B·n⟩=4.2e-03, Len=sum([5.2, 5.2, 4.9])=15.4, ϰ=[5.5, 6.7, 5.8], ∫ϰ²/L>=[4.9, 7.1, 8.0], C-C-Sep=0.20, ║∇J║=1.8e-04
Iteration 1170/2000-----
currents: [100000.0, 99999.9997160322, 99999.99957303972]
J=3.5e-04, ⟨Jf⟩=3.2e-04, ⟨B·n⟩=4.2e-03, Len=sum([5.2, 5.2, 4.9])=15.4, ϰ=[5.5, 6.7, 5.8], ∫ϰ²/L>=[4.9, 7.1, 8.0], C-C-Sep=0.20, ║∇J║=1.9e-04
Iteration 1171/2000-----
currents: [100000.0, 99999.99971535034, 99999.9995720113]
J=3.5e-04, ⟨Jf⟩=3.2e-04, ⟨B·n⟩=4.2e-03, Len=sum([5.2, 5.2, 4.9])=15.4, ϰ=[5.5, 6.7, 5.8], ∫ϰ²/L>=[4.9, 7.1, 8.0], C-C-Sep=0.20, ║∇J║=1.9e-04
Iteration 1172/2000-----
currents: [100000.0, 99999.99971353712, 99999.9995692773]
J=3.5e-04, ⟨Jf⟩=3.2e-04, ⟨B·n⟩=4.2e-03, Len=sum([5.2, 5.2, 4.9])=15.4, ϰ=[5.5, 6.7, 5.8], ∫ϰ²/L>=[4.9, 7.1, 8.0], C-C-Sep=0.20, ║∇J║=2.6e-04
Iteration 1173/2000-----
currents: [100000.0, 99999.9997129722, 99999.99956842502]
J=3.5e-04, ⟨Jf⟩=3.2e-04, ⟨B·n⟩=4.2e-03, Len=sum([5.2, 5.2, 4.9])=15.4, ϰ=[5.5, 6.7, 5.8], ∫ϰ²/L>=[4.9, 7.1, 8.0], C-C-Sep=0.20, ║∇J║=3.1e-04
Iteration 1174/2000-----
currents: [100000.0, 99999.99971186255, 99999.99956675195]
J=3.5e-04, ⟨Jf⟩=3.2e-04, ⟨B·n⟩=4.2e-03, Len=sum([5.2, 5.2, 4.9])=15.4, ϰ=[5.5, 6.7, 5.8], ∫ϰ²/L>=[4.9, 7.1, 8.0], C-C-Sep=0.20, ║∇J║=2.4e-04
Iteration 1175/2000-----
currents: [100000.0, 99999.99971062678, 99999.99956488893]
J=3.5e-04, ⟨Jf⟩=3.2e-04, ⟨B·n⟩=4.2e-03, Len=sum([5.2, 5.2, 4.9])=15.4, ϰ=[5.5, 6.7, 5.8], ∫ϰ²/L>=[4.9, 7.1, 8.0], C-C-Sep=0.20, ║∇J║=2.3e-04
Iteration 1176/2000-----
currents: [100000.0, 99999.99971021122, 99999.99956426246]
J=3.5e-04, ⟨Jf⟩=3.2e-04, ⟨B·n⟩=4.2e-03, Len=sum([5.2, 5.2, 4.9])=15.4, ϰ=[5.5, 6.7, 5.8], ∫ϰ²/L>=[4.9, 7.1, 8.0], C-C-Sep=0.20, ║∇J║=2.1e-04
Iteration 1177/2000-----
currents: [100000.0, 99999.9997087212, 99999.99956201589]
J=3.5e-04, ⟨Jf⟩=3.2e-04, ⟨B·n⟩=4.2e-03, Len=sum([5.2, 5.2, 4.9])=15.4, ϰ=[5.5, 6.7, 5.8], ∫ϰ²/L>=[4.9, 7.1, 8.0], C-C-Sep=0.20, ║∇J║=2.1e-04
Iteration 1178/2000-----
currents: [100000.0, 99999.99970872926, 99999.99956202798]
J=3.5e-04, ⟨Jf⟩=3.2e-04, ⟨B·n⟩=4.2e-03, Len=sum([5.2, 5.2, 4.9])=15.4, ϰ=[5.5, 6.7, 5.8], ∫ϰ²/L>=[4.9, 7.1, 8.0], C-C-Sep=0.20, ║∇J║=2.6e-04
Iteration 1179/2000-----
currents: [100000.0, 99999.99970764176, 99999.99956038852]
J=3.5e-04, ⟨Jf⟩=3.2e-04, ⟨B·n⟩=4.2e-03, Len=sum([5.2, 5.2, 4.9])=15.4, ϰ=[5.5, 6.7, 5.8], ∫ϰ²/L>=[4.9, 7.1, 8.0], C-C-Sep=0.20, ║∇J║=1.9e-04
Iteration 1180/2000-----
currents: [100000.0, 99999.99970710237, 99999.99955957515]
J=3.5e-04, ⟨Jf⟩=3.2e-04, ⟨B·n⟩=4.2e-03, Len=sum([5.2, 5.2, 4.9])=15.4, ϰ=[5.5, 6.7, 5.8], ∫ϰ²/L>=[4.9, 7.1, 8.0], C-C-Sep=0.20, ║∇J║=1.7e-04
Iteration 1181/2000-----
currents: [100000.0, 99999.99970597198, 99999.99955787121]
J=3.5e-04, ⟨Jf⟩=3.1e-04, ⟨B·n⟩=4.2e-03, Len=sum([5.2, 5.2, 4.9])=15.4, ϰ=[5.5, 6.7, 5.8], ∫ϰ²/L>=[4.9, 7.1, 8.0], C-C-Sep=0.20, ║∇J║=2.0e-04
Iteration 1182/2000-----
currents: [100000.0, 99999.99970610178, 99999.99955806744]
J=3.5e-04, ⟨Jf⟩=3.1e-04, ⟨B·n⟩=4.2e-03, Len=sum([5.2, 5.2, 4.9])=15.4, ϰ=[5.5, 6.7, 5.8], ∫ϰ²/L>=[4.9, 7.1, 8.0], C-C-Sep=0.20, ║∇J║=2.2e-04
Iteration 1183/2000-----
currents: [100000.0, 99999.99970566435, 99999.9995574077]
J=3.5e-04, ⟨Jf⟩=3.1e-04, ⟨B·n⟩=4.2e-03, Len=sum([5.2, 5.2, 4.9])=15.4, ϰ=[5.5, 6.7, 5.8], ∫ϰ²/L>=[4.9, 7.1, 8.0], C-C-Sep=0.20, ║∇J║=2.0e-04
Iteration 1184/2000-----
currents: [100000.0, 99999.99970517172, 99999.99955666492]
J=3.5e-04, ⟨Jf⟩=3.1e-04, ⟨B·n⟩=4.2e-03, Len=sum([5.2, 5.2, 4.9])=15.4, ϰ=[5.5, 6.7, 5.8], ∫ϰ²/L>=[4.9, 7.1, 8.0], C-C-Sep=0.20, ║∇J║=1.6e-04
Iteration 1185/2000-----
currents: [100000.0, 99999.99970434002, 99999.99955541072]
J=3.5e-04, ⟨Jf⟩=3.1e-04, ⟨B·n⟩=4.2e-03, Len=sum([5.2, 5.2, 4.9])=15.4, ϰ=[5.5, 6.7, 5.8], ∫ϰ²/L>=[4.9, 7.1, 8.0], C-C-Sep=0.20, ║∇J║=2.0e-04
Iteration 1186/2000-----
currents: [100000.0, 99999.99970274707, 99999.99955300885]
J=3.5e-04, ⟨Jf⟩=3.1e-04, ⟨B·n⟩=4.2e-03, Len=sum([5.2, 5.2, 4.9])=15.4, ϰ=[5.5, 6.7, 5.8], ∫ϰ²/L>=[4.9, 7.1, 8.0], C-C-Sep=0.20, ║∇J║=2.6e-04
Iteration 1187/2000-----
currents: [100000.0, 99999.99970128367, 99999.999550802]
J=3.5e-04, ⟨Jf⟩=3.1e-04, ⟨B·n⟩=4.2e-03, Len=sum([5.2, 5.2, 4.9])=15.4, ϰ=[5.5, 6.7, 5.8], ∫ϰ²/L>=[4.9, 7.1, 8.0], C-C-Sep=0.20, ║∇J║=3.1e-04
Iteration 1188/2000-----
currents: [100000.0, 99999.99969951324, 99999.99954813266]
J=3.5e-04, ⟨Jf⟩=3.1e-04, ⟨B·n⟩=4.2e-03, Len=sum([5.2, 5.2, 4.9])=15.4, ϰ=[5.5, 6.7, 5.8], ∫ϰ²/L>=[4.9, 7.1, 8.0], C-C-Sep=0.20, ║∇J║=2.7e-04
Iteration 1189/2000-----
currents: [100000.0, 99999.9996987823, 99999.99954703044]
J=3.5e-04, ⟨Jf⟩=3.1e-04, ⟨B·n⟩=4.2e-03, Len=sum([5.2, 5.2, 4.9])=15.4, ϰ=[5.5, 6.7, 5.9], ∫ϰ²/L>=[4.9, 7.1, 8.0], C-C-Sep=0.20, ║∇J║=3.0e-04
Iteration 1190/2000-----
currents: [100000.0, 99999.99969636262, 99999.99954338257]
J=3.5e-04, ⟨Jf⟩=3.1e-04, ⟨B·n⟩=4.2e-03, Len=sum([5.2, 5.2, 4.9])=15.4, ϰ=[5.5, 6.7, 5.9], ∫ϰ²/L>=[5.0, 7.1, 8.0], C-C-Sep=0.20, ║∇J║=3.9e-04
Iteration 1191/2000-----
currents: [100000.0, 99999.99969772752, 99999.99954544143]
J=3.5e-04, ⟨Jf⟩=3.1e-04, ⟨B·n⟩=4.2e-03, Len=sum([5.2, 5.2, 4.9])=15.4, ϰ=[5.5, 6.7, 5.8], ∫ϰ²/L>=[5.0, 7.1, 8.0], C-C-Sep=0.20, ║∇J║=4.7e-04
Iteration 1192/2000-----
currents: [100000.0, 99999.99969726503, 99999.99954474346]
J=3.5e-04, ⟨Jf⟩=3.1e-04, ⟨B·n⟩=4.2e-03, Len=sum([5.2, 5.2, 4.9])=15.4, ϰ=[5.5, 6.7, 5.8], ∫ϰ²/L>=[4.9, 7.1, 8.0], C-C-Sep=0.20, ║∇J║=2.4e-04
Iteration 1193/2000-----
currents: [100000.0, 99999.99969636455, 99999.99954338546]
J=3.5e-04, ⟨Jf⟩=3.1e-04, ⟨B·n⟩=4.2e-03, Len=sum([5.2, 5.2, 4.9])=15.4, ϰ=[5.5, 6.7, 5.8], ∫ϰ²/L>=[5.0, 7.1, 8.0], C-C-Sep=0.20, ║∇J║=1.8e-04
Iteration 1194/2000-----
currents: [100000.0, 99999.99969555665, 99999.99954216724]
J=3.5e-04, ⟨Jf⟩=3.1e-04, ⟨B·n⟩=4.2e-03, Len=sum([5.2, 5.2, 4.9])=15.4, ϰ=[5.5, 6.7, 5.8], ∫ϰ²/L>=[5.0, 7.1, 8.0], C-C-Sep=0.20, ║∇J║=2.0e-04
Iteration 1195/2000-----
currents: [100000.0, 99999.99969436193, 99999.99954036553]
J=3.5e-04, ⟨Jf⟩=3.1e-04, ⟨B·n⟩=4.2e-03, Len=sum([5.2, 5.2, 4.9])=15.4, ϰ=[5.5, 6.7, 5.8], ∫ϰ²/L>=[5.0, 7.1, 8.0], C-C-Sep=0.20, ║∇J║=2.2e-04
Iteration 1196/2000-----
currents: [100000.0, 99999.99969375774, 99999.99953945375]
J=3.5e-04, ⟨Jf⟩=3.1e-04, ⟨B·n⟩=4.2e-03, Len=sum([5.2, 5.2, 4.9])=15.4, ϰ=[5.5, 6.7, 5.8], ∫ϰ²/L>=[5.0, 7.1, 8.0], C-C-Sep=0.20, ║∇J║=3.9e-04
Iteration 1197/2000-----
currents: [100000.0, 99999.99969293179, 99999.99953820834]
J=3.5e-04, ⟨Jf⟩=3.1e-04, ⟨B·n⟩=4.2e-03, Len=sum([5.2, 5.2, 4.9])=15.4, ϰ=[5.5, 6.8, 5.8], ∫ϰ²/L>=[5.0, 7.1, 8.0], C-C-Sep=0.20, ║∇J║=2.3e-04
Iteration 1198/2000-----
currents: [100000.0, 99999.99969283385, 99999.99953806053]
J=3.5e-04, ⟨Jf⟩=3.1e-04, ⟨B·n⟩=4.2e-03, Len=sum([5.2, 5.2, 4.9])=15.4, ϰ=[5.5, 6.8, 5.8], ∫ϰ²/L>=[5.0, 7.1, 8.0], C-C-Sep=0.20, ║∇J║=2.4e-04
Iteration 1199/2000-----
currents: [100000.0, 99999.99969193367, 99999.99953670325]
J=3.5e-04, ⟨Jf⟩=3.1e-04, ⟨B·n⟩=4.2e-03, Len=sum([5.2, 5.2, 4.9])=15.4, ϰ=[5.5, 6.8, 5.8], ∫ϰ²/L>=[5.0, 7.1, 8.0], C-C-Sep=0.20, ║∇J║=2.4e-04
Iteration 1200/2000-----
currents: [100000.0, 99999.99969174963, 99999.9995364258]
J=3.5e-04, ⟨Jf⟩=3.1e-04, ⟨B·n⟩=4.2e-03, Len=sum([5.2, 5.2, 4.9])=15.4, ϰ=[5.5, 6.8, 5.8], ∫ϰ²/L>=[5.0, 7.1, 8.0], C-C-Sep=0.20, ║∇J║=2.0e-04
Iteration 1201/2000-----
currents: [100000.0, 99999.99969129053, 99999.99953573364]
J=3.5e-04, ⟨Jf⟩=3.1e-04, ⟨B·n⟩=4.2e-03, Len=sum([5.2, 5.2, 4.9])=15.4, ϰ=[5.5, 6.8, 5.8], ∫ϰ²/L>=[5.0, 7.1, 8.0], C-C-Sep=0.20, ║∇J║=2.3e-04
Iteration 1202/2000-----
currents: [100000.0, 99999.99969089233, 99999.99953513374]
J=3.5e-04, ⟨Jf⟩=3.1e-04, ⟨B·n⟩=4.2e-03, Len=sum([5.2, 5.2, 4.9])=15.4, ϰ=[5.5, 6.8, 5.8], ∫ϰ²/L>=[5.0, 7.1, 8.0], C-C-Sep=0.20, ║∇J║=2.0e-04
Iteration 1203/2000-----
currents: [100000.0, 99999.99969016523, 99999.99953403759]
J=3.5e-04, ⟨Jf⟩=3.1e-04, ⟨B·n⟩=4.2e-03, Len=sum([5.2, 5.2, 4.9])=15.4, ϰ=[5.5, 6.8, 5.8], ∫ϰ²/L>=[5.0, 7.1, 8.0], C-C-Sep=0.20, ║∇J║=1.7e-04
Iteration 1204/2000-----
currents: [100000.0, 99999.99968871182, 99999.9995318464]
J=3.5e-04, ⟨Jf⟩=3.1e-04, ⟨B·n⟩=4.2e-03, Len=sum([5.2, 5.2, 4.9])=15.4, ϰ=[5.5, 6.8, 5.8], ∫ϰ²/L>=[5.0, 7.1, 8.0], C-C-Sep=0.20, ║∇J║=2.9e-04
Iteration 1205/2000-----
currents: [100000.0, 99999.99968784054, 99999.99953053294]
J=3.5e-04, ⟨Jf⟩=3.1e-04, ⟨B·n⟩=4.2e-03, Len=sum([5.2, 5.2, 4.9])=15.4, ϰ=[5.5, 6.8, 5.8], ∫ϰ²/L>=[5.0, 7.1, 8.0], C-C-Sep=0.20, ║∇J║=2.5e-04
Iteration 1206/2000-----
currents: [100000.0, 99999.99968746025, 99999.99952995958]
J=3.5e-04, ⟨Jf⟩=3.1e-04, ⟨B·n⟩=4.2e-03, Len=sum([5.2, 5.2, 4.9])=15.4, ϰ=[5.5, 6.8, 5.8], ∫ϰ²/L>=[5.0, 7.1, 8.0], C-C-Sep=0.20, ║∇J║=1.9e-04
Iteration 1207/2000-----
currents: [100000.0, 99999.99968636598, 99999.99952830999]
J=3.5e-04, ⟨Jf⟩=3.1e-04, ⟨B·n⟩=4.2e-03, Len=sum([5.2, 5.2, 4.9])=15.4, ϰ=[5.5, 6.8, 5.8], ∫ϰ²/L>=[5.0, 7.1, 8.0], C-C-Sep=0.20, ║∇J║=2.0e-04
Iteration 1208/2000-----
currents: [100000.0, 99999.99968729116, 99999.99952970506]
J=3.5e-04, ⟨Jf⟩=3.2e-04, ⟨B·n⟩=4.2e-03, Len=sum([5.2, 5.2, 4.9])=15.4, ϰ=[5.5, 6.8, 5.8], ∫ϰ²/L>=[5.0, 7.1, 8.0], C-C-Sep=0.20, ║∇J║=2.4e-04
Iteration 1209/2000-----
currents: [100000.0, 99999.99968646475, 99999.99952845873]
J=3.5e-04, ⟨Jf⟩=3.1e-04, ⟨B·n⟩=4.2e-03, Len=sum([5.2, 5.2, 4.9])=15.4, ϰ=[5.5, 6.7, 5.8], ∫ϰ²/L>=[5.0, 7.1, 8.0], C-C-Sep=0.20, ║∇J║=2.2e-04
Iteration 1210/2000-----
currents: [100000.0, 99999.99968614716, 99999.99952797966]
J=3.5e-04, ⟨Jf⟩=3.1e-04, ⟨B·n⟩=4.2e-03, Len=sum([5.2, 5.2, 4.9])=15.4, ϰ=[5.5, 6.7, 5.8], ∫ϰ²/L>=[5.0, 7.1, 8.0], C-C-Sep=0.20, ║∇J║=1.8e-04
Iteration 1211/2000-----
currents: [100000.0, 99999.99968590765, 99999.99952761804]
J=3.5e-04, ⟨Jf⟩=3.1e-04, ⟨B·n⟩=4.2e-03, Len=sum([5.2, 5.2, 4.9])=15.4, ϰ=[5.5, 6.7, 5.8], ∫ϰ²/L>=[5.0, 7.1, 8.0], C-C-Sep=0.20, ║∇J║=1.4e-04
Iteration 1212/2000-----
currents: [100000.0, 99999.99968559257, 99999.99952714195]
J=3.5e-04, ⟨Jf⟩=3.1e-04, ⟨B·n⟩=4.2e-03, Len=sum([5.2, 5.2, 4.9])=15.4, ϰ=[5.5, 6.7, 5.8], ∫ϰ²/L>=[5.0, 7.1, 8.0], C-C-Sep=0.20, ║∇J║=2.0e-04
Iteration 1213/2000-----
currents: [100000.0, 99999.99968493594, 99999.99952615127]
J=3.5e-04, ⟨Jf⟩=3.1e-04, ⟨B·n⟩=4.2e-03, Len=sum([5.2, 5.2, 4.9])=15.4, ϰ=[5.5, 6.7, 5.9], ∫ϰ²/L>=[5.0, 7.1, 8.0], C-C-Sep=0.20, ║∇J║=2.2e-04
Iteration 1214/2000-----
currents: [100000.0, 99999.99968402229, 99999.99952477282]
J=3.5e-04, ⟨Jf⟩=3.1e-04, ⟨B·n⟩=4.2e-03, Len=sum([5.2, 5.2, 4.9])=15.4, ϰ=[5.5, 6.7, 5.9], ∫ϰ²/L>=[5.0, 7.1, 8.0], C-C-Sep=0.20, ║∇J║=1.8e-04
Iteration 1215/2000-----
currents: [100000.0, 99999.99968277781, 99999.99952289608]
J=3.5e-04, ⟨Jf⟩=3.1e-04, ⟨B·n⟩=4.2e-03, Len=sum([5.2, 5.2, 4.9])=15.4, ϰ=[5.5, 6.7, 5.9], ∫ϰ²/L>=[5.0, 7.1, 8.0], C-C-Sep=0.20, ║∇J║=2.0e-04
Iteration 1216/2000-----
currents: [100000.0, 99999.99968266705, 99999.99952272915]
J=3.5e-04, ⟨Jf⟩=3.1e-04, ⟨B·n⟩=4.2e-03, Len=sum([5.2, 5.2, 4.9])=15.4, ϰ=[5.5, 6.7, 5.9], ∫ϰ²/L>=[5.0, 7.1, 8.0], C-C-Sep=0.20, ║∇J║=1.6e-04
Iteration 1217/2000-----
currents: [100000.0, 99999.99968237441, 99999.99952228836]
J=3.5e-04, ⟨Jf⟩=3.1e-04, ⟨B·n⟩=4.2e-03, Len=sum([5.2, 5.2, 4.9])=15.4, ϰ=[5.5, 6.7, 5.9], ∫ϰ²/L>=[5.0, 7.1, 8.0], C-C-Sep=0.20, ║∇J║=1.5e-04
Iteration 1218/2000-----
currents: [100000.0, 99999.99968162808, 99999.99952116354]
J=3.5e-04, ⟨Jf⟩=3.1e-04, ⟨B·n⟩=4.2e-03, Len=sum([5.2, 5.2, 4.9])=15.4, ϰ=[5.5, 6.7, 5.9], ∫ϰ²/L>=[5.0, 7.1, 8.0], C-C-Sep=0.20, ║∇J║=1.8e-04
Iteration 1219/2000-----
currents: [100000.0, 99999.999680452, 99999.99951939045]
J=3.5e-04, ⟨Jf⟩=3.1e-04, ⟨B·n⟩=4.2e-03, Len=sum([5.2, 5.2, 4.9])=15.4, ϰ=[5.5, 6.7, 5.9], ∫ϰ²/L>=[5.0, 7.1, 8.0], C-C-Sep=0.20, ║∇J║=2.2e-04
Iteration 1220/2000-----
currents: [100000.0, 99999.99968017022, 99999.9995189654]
J=3.5e-04, ⟨Jf⟩=3.1e-04, ⟨B·n⟩=4.2e-03, Len=sum([5.2, 5.2, 4.9])=15.4, ϰ=[5.5, 6.7, 5.9], ∫ϰ²/L>=[5.0, 7.1, 8.0], C-C-Sep=0.20, ║∇J║=1.7e-04
Iteration 1221/2000-----
currents: [100000.0, 99999.99967851694, 99999.99951647209]
J=3.5e-04, ⟨Jf⟩=3.1e-04, ⟨B·n⟩=4.2e-03, Len=sum([5.2, 5.2, 4.9])=15.4, ϰ=[5.5, 6.7, 5.9], ∫ϰ²/L>=[5.0, 7.1, 8.0], C-C-Sep=0.20, ║∇J║=2.2e-04
Iteration 1222/2000-----
currents: [100000.0, 99999.99967857728, 99999.99951656336]
J=3.5e-04, ⟨Jf⟩=3.1e-04, ⟨B·n⟩=4.2e-03, Len=sum([5.2, 5.2, 4.9])=15.4, ϰ=[5.5, 6.7, 5.9], ∫ϰ²/L>=[5.0, 7.1, 8.0], C-C-Sep=0.20, ║∇J║=2.5e-04
Iteration 1223/2000-----
currents: [100000.0, 99999.99967800274, 99999.99951569673]
J=3.5e-04, ⟨Jf⟩=3.1e-04, ⟨B·n⟩=4.2e-03, Len=sum([5.2, 5.2, 4.9])=15.4, ϰ=[5.5, 6.7, 5.9], ∫ϰ²/L>=[5.0, 7.1, 8.0], C-C-Sep=0.20, ║∇J║=2.1e-04
Iteration 1224/2000-----
currents: [100000.0, 99999.99967725237, 99999.99951456525]
J=3.5e-04, ⟨Jf⟩=3.1e-04, ⟨B·n⟩=4.2e-03, Len=sum([5.2, 5.2, 4.9])=15.4, ϰ=[5.5, 6.7, 5.8], ∫ϰ²/L>=[5.0, 7.1, 8.0], C-C-Sep=0.20, ║∇J║=2.1e-04
Iteration 1225/2000-----
currents: [100000.0, 99999.99967585213, 99999.9995124539]
J=3.5e-04, ⟨Jf⟩=3.1e-04, ⟨B·n⟩=4.2e-03, Len=sum([5.2, 5.2, 4.9])=15.4, ϰ=[5.5, 6.7, 5.8], ∫ϰ²/L>=[5.0, 7.1, 8.0], C-C-Sep=0.20, ║∇J║=2.3e-04
Iteration 1226/2000-----
currents: [100000.0, 99999.99967512263, 99999.9995113532]
J=3.5e-04, ⟨Jf⟩=3.1e-04, ⟨B·n⟩=4.2e-03, Len=sum([5.2, 5.2, 4.9])=15.4, ϰ=[5.5, 6.7, 5.8], ∫ϰ²/L>=[5.0, 7.1, 8.0], C-C-Sep=0.20, ║∇J║=2.2e-04
Iteration 1227/2000-----
currents: [100000.0, 99999.99967470471, 99999.99951072279]
J=3.5e-04, ⟨Jf⟩=3.1e-04, ⟨B·n⟩=4.2e-03, Len=sum([5.2, 5.2, 4.9])=15.4, ϰ=[5.5, 6.7, 5.8], ∫ϰ²/L>=[5.0, 7.1, 8.0], C-C-Sep=0.20, ║∇J║=1.9e-04
Iteration 1228/2000-----
currents: [100000.0, 99999.99967355785, 99999.99950899291]
J=3.5e-04, ⟨Jf⟩=3.1e-04, ⟨B·n⟩=4.2e-03, Len=sum([5.2, 5.2, 4.9])=15.4, ϰ=[5.5, 6.7, 5.8], ∫ϰ²/L>=[4.9, 7.1, 8.0], C-C-Sep=0.20, ║∇J║=2.2e-04
Iteration 1229/2000-----
currents: [100000.0, 99999.99967318612, 99999.99950843204]
J=3.5e-04, ⟨Jf⟩=3.2e-04, ⟨B·n⟩=4.2e-03, Len=sum([5.2, 5.2, 4.9])=15.4, ϰ=[5.5, 6.7, 5.8], ∫ϰ²/L>=[4.9, 7.1, 8.0], C-C-Sep=0.20, ║∇J║=2.2e-04
Iteration 1230/2000-----
currents: [100000.0, 99999.99967173065, 99999.99950623706]
J=3.5e-04, ⟨Jf⟩=3.2e-04, ⟨B·n⟩=4.2e-03, Len=sum([5.2, 5.2, 4.9])=15.4, ϰ=[5.5, 6.7, 5.8], ∫ϰ²/L>=[4.9, 7.1, 8.0], C-C-Sep=0.20, ║∇J║=2.6e-04
Iteration 1231/2000-----
currents: [100000.0, 99999.99967143091, 99999.99950578489]
J=3.5e-04, ⟨Jf⟩=3.2e-04, ⟨B·n⟩=4.2e-03, Len=sum([5.2, 5.2, 4.9])=15.4, ϰ=[5.5, 6.7, 5.8], ∫ϰ²/L>=[5.0, 7.1, 8.0], C-C-Sep=0.20, ║∇J║=3.4e-04
Iteration 1232/2000-----
currents: [100000.0, 99999.99967039366, 99999.99950422048]
J=3.5e-04, ⟨Jf⟩=3.1e-04, ⟨B·n⟩=4.2e-03, Len=sum([5.2, 5.2, 4.9])=15.4, ϰ=[5.5, 6.7, 5.8], ∫ϰ²/L>=[5.0, 7.1, 8.0], C-C-Sep=0.20, ║∇J║=2.4e-04
Iteration 1233/2000-----
currents: [100000.0, 99999.9996697841, 99999.99950330079]
J=3.5e-04, ⟨Jf⟩=3.1e-04, ⟨B·n⟩=4.2e-03, Len=sum([5.2, 5.2, 4.9])=15.4, ϰ=[5.5, 6.7, 5.8], ∫ϰ²/L>=[5.0, 7.1, 8.0], C-C-Sep=0.20, ║∇J║=1.9e-04
Iteration 1234/2000-----
currents: [100000.0, 99999.99966793567, 99999.99950051255]
J=3.5e-04, ⟨Jf⟩=3.1e-04, ⟨B·n⟩=4.2e-03, Len=sum([5.2, 5.2, 4.9])=15.4, ϰ=[5.5, 6.7, 5.8], ∫ϰ²/L>=[5.0, 7.1, 8.0], C-C-Sep=0.20, ║∇J║=2.7e-04
Iteration 1235/2000-----
currents: [100000.0, 99999.99966777186, 99999.99950026502]
J=3.5e-04, ⟨Jf⟩=3.1e-04, ⟨B·n⟩=4.2e-03, Len=sum([5.2, 5.2, 4.9])=15.4, ϰ=[5.5, 6.7, 5.8], ∫ϰ²/L>=[5.0, 7.1, 8.0], C-C-Sep=0.20, ║∇J║=2.1e-04
Iteration 1236/2000-----
currents: [100000.0, 99999.99966649215, 99999.99949833461]
J=3.5e-04, ⟨Jf⟩=3.1e-04, ⟨B·n⟩=4.2e-03, Len=sum([5.2, 5.2, 4.9])=15.4, ϰ=[5.5, 6.7, 5.8], ∫ϰ²/L>=[5.0, 7.1, 8.0], C-C-Sep=0.20, ║∇J║=2.4e-04
Iteration 1237/2000-----
currents: [100000.0, 99999.99966676814, 99999.99949875096]
J=3.5e-04, ⟨Jf⟩=3.1e-04, ⟨B·n⟩=4.2e-03, Len=sum([5.2, 5.2, 4.9])=15.4, ϰ=[5.5, 6.7, 5.8], ∫ϰ²/L>=[5.0, 7.1, 8.0], C-C-Sep=0.20, ║∇J║=2.5e-04
Iteration 1238/2000-----
currents: [100000.0, 99999.99966585936, 99999.99949738041]
J=3.5e-04, ⟨Jf⟩=3.1e-04, ⟨B·n⟩=4.2e-03, Len=sum([5.2, 5.2, 4.9])=15.4, ϰ=[5.5, 6.7, 5.8], ∫ϰ²/L>=[5.0, 7.1, 8.0], C-C-Sep=0.20, ║∇J║=3.3e-04
Iteration 1239/2000-----
currents: [100000.0, 99999.99966590619, 99999.99949745064]
J=3.5e-04, ⟨Jf⟩=3.2e-04, ⟨B·n⟩=4.2e-03, Len=sum([5.2, 5.2, 4.9])=15.4, ϰ=[5.5, 6.7, 5.8], ∫ϰ²/L>=[5.0, 7.1, 8.0], C-C-Sep=0.20, ║∇J║=2.2e-04
Iteration 1240/2000-----
currents: [100000.0, 99999.99966530578, 99999.99949654425]
J=3.5e-04, ⟨Jf⟩=3.1e-04, ⟨B·n⟩=4.2e-03, Len=sum([5.2, 5.2, 4.9])=15.4, ϰ=[5.5, 6.7, 5.8], ∫ϰ²/L>=[5.0, 7.1, 8.0], C-C-Sep=0.20, ║∇J║=2.5e-04
Iteration 1241/2000-----
currents: [100000.0, 99999.99966464133, 99999.99949554134]
J=3.5e-04, ⟨Jf⟩=3.2e-04, ⟨B·n⟩=4.2e-03, Len=sum([5.2, 5.2, 4.9])=15.4, ϰ=[5.5, 6.7, 5.8], ∫ϰ²/L>=[5.0, 7.1, 8.0], C-C-Sep=0.20, ║∇J║=2.7e-04
Iteration 1242/2000-----
currents: [100000.0, 99999.99966354697, 99999.99949388976]
J=3.5e-04, ⟨Jf⟩=3.2e-04, ⟨B·n⟩=4.2e-03, Len=sum([5.2, 5.2, 4.9])=15.4, ϰ=[5.5, 6.7, 5.8], ∫ϰ²/L>=[5.0, 7.1, 8.0], C-C-Sep=0.20, ║∇J║=2.4e-04
Iteration 1243/2000-----
currents: [100000.0, 99999.99966310737, 99999.99949322615]
J=3.5e-04, ⟨Jf⟩=3.2e-04, ⟨B·n⟩=4.2e-03, Len=sum([5.2, 5.2, 4.9])=15.4, ϰ=[5.5, 6.7, 5.8], ∫ϰ²/L>=[5.0, 7.1, 8.0], C-C-Sep=0.20, ║∇J║=2.3e-04
Iteration 1244/2000-----
currents: [100000.0, 99999.99966244177, 99999.99949222202]
J=3.5e-04, ⟨Jf⟩=3.2e-04, ⟨B·n⟩=4.2e-03, Len=sum([5.2, 5.2, 4.9])=15.4, ϰ=[5.5, 6.7, 5.8], ∫ϰ²/L>=[5.0, 7.1, 8.0], C-C-Sep=0.20, ║∇J║=2.3e-04
Iteration 1245/2000-----
currents: [100000.0, 99999.99966208379, 99999.99949168168]
J=3.5e-04, ⟨Jf⟩=3.2e-04, ⟨B·n⟩=4.2e-03, Len=sum([5.2, 5.2, 4.9])=15.4, ϰ=[5.5, 6.7, 5.8], ∫ϰ²/L>=[4.9, 7.1, 8.0], C-C-Sep=0.20, ║∇J║=2.8e-04
Iteration 1246/2000-----
currents: [100000.0, 99999.9996614324, 99999.99949069913]
J=3.5e-04, ⟨Jf⟩=3.2e-04, ⟨B·n⟩=4.2e-03, Len=sum([5.2, 5.2, 4.9])=15.4, ϰ=[5.5, 6.7, 5.8], ∫ϰ²/L>=[4.9, 7.1, 8.0], C-C-Sep=0.20, ║∇J║=2.3e-04
Iteration 1247/2000-----
currents: [100000.0, 99999.99966140048, 99999.99949065094]
J=3.5e-04, ⟨Jf⟩=3.2e-04, ⟨B·n⟩=4.2e-03, Len=sum([5.2, 5.2, 4.9])=15.4, ϰ=[5.5, 6.7, 5.8], ∫ϰ²/L>=[4.9, 7.1, 8.0], C-C-Sep=0.20, ║∇J║=2.0e-04
Iteration 1248/2000-----
currents: [100000.0, 99999.99966037199, 99999.99948909935]
J=3.5e-04, ⟨Jf⟩=3.2e-04, ⟨B·n⟩=4.2e-03, Len=sum([5.2, 5.2, 4.9])=15.4, ϰ=[5.5, 6.7, 5.8], ∫ϰ²/L>=[4.9, 7.1, 8.0], C-C-Sep=0.20, ║∇J║=2.1e-04
Iteration 1249/2000-----
currents: [100000.0, 99999.99966051428, 99999.99948931417]
J=3.5e-04, ⟨Jf⟩=3.2e-04, ⟨B·n⟩=4.2e-03, Len=sum([5.2, 5.2, 4.9])=15.4, ϰ=[5.5, 6.7, 5.8], ∫ϰ²/L>=[4.9, 7.1, 8.0], C-C-Sep=0.20, ║∇J║=2.1e-04
Iteration 1250/2000-----
currents: [100000.0, 99999.99966011375, 99999.99948871038]
J=3.5e-04, ⟨Jf⟩=3.2e-04, ⟨B·n⟩=4.2e-03, Len=sum([5.2, 5.2, 4.9])=15.4, ϰ=[5.5, 6.7, 5.8], ∫ϰ²/L>=[4.9, 7.1, 8.0], C-C-Sep=0.20, ║∇J║=1.9e-04
Iteration 1251/2000-----
currents: [100000.0, 99999.99965967926, 99999.99948805501]
J=3.5e-04, ⟨Jf⟩=3.2e-04, ⟨B·n⟩=4.2e-03, Len=sum([5.2, 5.2, 4.9])=15.4, ϰ=[5.5, 6.7, 5.8], ∫ϰ²/L>=[4.9, 7.1, 8.0], C-C-Sep=0.20, ║∇J║=2.1e-04
Iteration 1252/2000-----
currents: [100000.0, 99999.99965907156, 99999.99948713825]
J=3.5e-04, ⟨Jf⟩=3.2e-04, ⟨B·n⟩=4.2e-03, Len=sum([5.2, 5.2, 4.9])=15.4, ϰ=[5.5, 6.7, 5.8], ∫ϰ²/L>=[4.9, 7.1, 8.0], C-C-Sep=0.20, ║∇J║=2.1e-04
Iteration 1253/2000-----
currents: [100000.0, 99999.99965850833, 99999.99948628843]
J=3.5e-04, ⟨Jf⟩=3.2e-04, ⟨B·n⟩=4.2e-03, Len=sum([5.2, 5.2, 4.9])=15.4, ϰ=[5.5, 6.7, 5.8], ∫ϰ²/L>=[4.9, 7.1, 8.0], C-C-Sep=0.20, ║∇J║=2.2e-04
Iteration 1254/2000-----
currents: [100000.0, 99999.99965814114, 99999.99948573377]
J=3.5e-04, ⟨Jf⟩=3.2e-04, ⟨B·n⟩=4.2e-03, Len=sum([5.2, 5.2, 4.9])=15.4, ϰ=[5.5, 6.7, 5.8], ∫ϰ²/L>=[4.9, 7.1, 8.0], C-C-Sep=0.20, ║∇J║=2.8e-04
Iteration 1255/2000-----
currents: [100000.0, 99999.99965776342, 99999.99948516354]
J=3.5e-04, ⟨Jf⟩=3.2e-04, ⟨B·n⟩=4.2e-03, Len=sum([5.2, 5.2, 4.9])=15.4, ϰ=[5.5, 6.7, 5.8], ∫ϰ²/L>=[4.9, 7.1, 8.0], C-C-Sep=0.20, ║∇J║=1.9e-04
Iteration 1256/2000-----
currents: [100000.0, 99999.99965759441, 99999.9994849085]
J=3.5e-04, ⟨Jf⟩=3.2e-04, ⟨B·n⟩=4.2e-03, Len=sum([5.2, 5.2, 4.9])=15.4, ϰ=[5.5, 6.7, 5.8], ∫ϰ²/L>=[4.9, 7.1, 8.0], C-C-Sep=0.20, ║∇J║=1.6e-04
Iteration 1257/2000-----
currents: [100000.0, 99999.99965717249, 99999.99948427222]
J=3.5e-04, ⟨Jf⟩=3.2e-04, ⟨B·n⟩=4.2e-03, Len=sum([5.2, 5.2, 4.9])=15.4, ϰ=[5.5, 6.7, 5.8], ∫ϰ²/L>=[4.9, 7.1, 8.0], C-C-Sep=0.20, ║∇J║=1.9e-04
Iteration 1258/2000-----
currents: [100000.0, 99999.99965702384, 99999.99948404808]
J=3.5e-04, ⟨Jf⟩=3.2e-04, ⟨B·n⟩=4.2e-03, Len=sum([5.2, 5.2, 4.9])=15.4, ϰ=[5.5, 6.7, 5.8], ∫ϰ²/L>=[4.9, 7.1, 8.0], C-C-Sep=0.20, ║∇J║=1.7e-04
Iteration 1259/2000-----
currents: [100000.0, 99999.99965658828, 99999.99948339094]
J=3.5e-04, ⟨Jf⟩=3.1e-04, ⟨B·n⟩=4.2e-03, Len=sum([5.2, 5.2, 4.9])=15.4, ϰ=[5.5, 6.7, 5.8], ∫ϰ²/L>=[4.9, 7.1, 8.0], C-C-Sep=0.20, ║∇J║=1.5e-04
Iteration 1260/2000-----
currents: [100000.0, 99999.99965627072, 99999.99948291185]
J=3.5e-04, ⟨Jf⟩=3.1e-04, ⟨B·n⟩=4.2e-03, Len=sum([5.2, 5.2, 4.9])=15.4, ϰ=[5.5, 6.7, 5.8], ∫ϰ²/L>=[4.9, 7.1, 8.0], C-C-Sep=0.20, ║∇J║=1.8e-04
Iteration 1261/2000-----
currents: [100000.0, 99999.99965574649, 99999.9994821203]
J=3.5e-04, ⟨Jf⟩=3.1e-04, ⟨B·n⟩=4.2e-03, Len=sum([5.2, 5.2, 4.9])=15.4, ϰ=[5.5, 6.7, 5.8], ∫ϰ²/L>=[4.9, 7.1, 8.0], C-C-Sep=0.20, ║∇J║=1.7e-04
Iteration 1262/2000-----
currents: [100000.0, 99999.99965560652, 99999.99948190832]
J=3.5e-04, ⟨Jf⟩=3.1e-04, ⟨B·n⟩=4.2e-03, Len=sum([5.2, 5.2, 4.9])=15.4, ϰ=[5.5, 6.7, 5.8], ∫ϰ²/L>=[4.9, 7.1, 8.0], C-C-Sep=0.20, ║∇J║=1.7e-04
Iteration 1263/2000-----
currents: [100000.0, 99999.99965445862, 99999.99948017541]
J=3.5e-04, ⟨Jf⟩=3.1e-04, ⟨B·n⟩=4.1e-03, Len=sum([5.2, 5.2, 4.9])=15.4, ϰ=[5.5, 6.7, 5.8], ∫ϰ²/L>=[4.9, 7.1, 8.0], C-C-Sep=0.20, ║∇J║=2.3e-04
Iteration 1264/2000-----
currents: [100000.0, 99999.9996541939, 99999.99947977484]
J=3.5e-04, ⟨Jf⟩=3.1e-04, ⟨B·n⟩=4.1e-03, Len=sum([5.2, 5.2, 4.9])=15.4, ϰ=[5.5, 6.7, 5.8], ∫ϰ²/L>=[4.9, 7.1, 8.0], C-C-Sep=0.20, ║∇J║=2.2e-04
Iteration 1265/2000-----
currents: [100000.0, 99999.99965344353, 99999.99947864315]
J=3.5e-04, ⟨Jf⟩=3.1e-04, ⟨B·n⟩=4.1e-03, Len=sum([5.2, 5.2, 4.9])=15.4, ϰ=[5.5, 6.7, 5.8], ∫ϰ²/L>=[4.9, 7.1, 8.0], C-C-Sep=0.20, ║∇J║=1.8e-04
Iteration 1266/2000-----
currents: [100000.0, 99999.99965218511, 99999.99947674494]
J=3.5e-04, ⟨Jf⟩=3.1e-04, ⟨B·n⟩=4.1e-03, Len=sum([5.2, 5.2, 4.9])=15.4, ϰ=[5.5, 6.7, 5.8], ∫ϰ²/L>=[4.9, 7.1, 8.0], C-C-Sep=0.20, ║∇J║=2.0e-04
Iteration 1267/2000-----
currents: [100000.0, 99999.99965164847, 99999.99947593547]
J=3.5e-04, ⟨Jf⟩=3.1e-04, ⟨B·n⟩=4.1e-03, Len=sum([5.2, 5.2, 4.9])=15.4, ϰ=[5.5, 6.7, 5.8], ∫ϰ²/L>=[4.9, 7.1, 8.0], C-C-Sep=0.20, ║∇J║=1.9e-04
Iteration 1268/2000-----
currents: [100000.0, 99999.99965046145, 99999.99947414466]
J=3.5e-04, ⟨Jf⟩=3.1e-04, ⟨B·n⟩=4.2e-03, Len=sum([5.2, 5.2, 4.9])=15.4, ϰ=[5.5, 6.7, 5.8], ∫ϰ²/L>=[4.9, 7.1, 8.0], C-C-Sep=0.20, ║∇J║=1.9e-04
Iteration 1269/2000-----
currents: [100000.0, 99999.9996485438, 99999.99947125085]
J=3.5e-04, ⟨Jf⟩=3.1e-04, ⟨B·n⟩=4.1e-03, Len=sum([5.2, 5.2, 4.9])=15.4, ϰ=[5.5, 6.7, 5.8], ∫ϰ²/L>=[4.9, 7.1, 8.0], C-C-Sep=0.20, ║∇J║=2.9e-04
Iteration 1270/2000-----
currents: [100000.0, 99999.99964824984, 99999.99947080747]
J=3.5e-04, ⟨Jf⟩=3.1e-04, ⟨B·n⟩=4.1e-03, Len=sum([5.2, 5.2, 4.9])=15.4, ϰ=[5.5, 6.7, 5.8], ∫ϰ²/L>=[4.9, 7.1, 8.0], C-C-Sep=0.20, ║∇J║=2.6e-04
Iteration 1271/2000-----
currents: [100000.0, 99999.99964749685, 99999.9994696711]
J=3.5e-04, ⟨Jf⟩=3.1e-04, ⟨B·n⟩=4.1e-03, Len=sum([5.2, 5.2, 4.9])=15.4, ϰ=[5.5, 6.7, 5.8], ∫ϰ²/L>=[4.9, 7.1, 8.0], C-C-Sep=0.20, ║∇J║=2.1e-04
Iteration 1272/2000-----
currents: [100000.0, 99999.99964762523, 99999.9994698646]
J=3.5e-04, ⟨Jf⟩=3.1e-04, ⟨B·n⟩=4.1e-03, Len=sum([5.2, 5.2, 4.9])=15.4, ϰ=[5.5, 6.7, 5.8], ∫ϰ²/L>=[4.9, 7.1, 8.0], C-C-Sep=0.20, ║∇J║=2.4e-04
Iteration 1273/2000-----
currents: [100000.0, 99999.99964601932, 99999.99946744139]
J=3.5e-04, ⟨Jf⟩=3.1e-04, ⟨B·n⟩=4.1e-03, Len=sum([5.2, 5.2, 4.9])=15.4, ϰ=[5.5, 6.7, 5.8], ∫ϰ²/L>=[4.9, 7.1, 8.0], C-C-Sep=0.20, ║∇J║=2.3e-04
Iteration 1274/2000-----
currents: [100000.0, 99999.9996458716, 99999.99946721843]
J=3.5e-04, ⟨Jf⟩=3.1e-04, ⟨B·n⟩=4.1e-03, Len=sum([5.2, 5.2, 4.9])=15.4, ϰ=[5.5, 6.7, 5.8], ∫ϰ²/L>=[4.9, 7.1, 8.0], C-C-Sep=0.20, ║∇J║=2.0e-04
Iteration 1275/2000-----
currents: [100000.0, 99999.99964515283, 99999.99946613373]
J=3.5e-04, ⟨Jf⟩=3.1e-04, ⟨B·n⟩=4.1e-03, Len=sum([5.2, 5.2, 4.9])=15.4, ϰ=[5.5, 6.7, 5.8], ∫ϰ²/L>=[4.9, 7.1, 8.0], C-C-Sep=0.20, ║∇J║=1.7e-04
Iteration 1276/2000-----
currents: [100000.0, 99999.9996418474, 99999.9994611458]
J=3.5e-04, ⟨Jf⟩=3.1e-04, ⟨B·n⟩=4.1e-03, Len=sum([5.2, 5.2, 4.9])=15.4, ϰ=[5.5, 6.7, 5.8], ∫ϰ²/L>=[4.9, 7.1, 8.0], C-C-Sep=0.20, ║∇J║=2.6e-04
Iteration 1277/2000-----
currents: [100000.0, 99999.99964248926, 99999.99946211431]
J=3.5e-04, ⟨Jf⟩=3.1e-04, ⟨B·n⟩=4.1e-03, Len=sum([5.2, 5.2, 4.9])=15.4, ϰ=[5.5, 6.7, 5.8], ∫ϰ²/L>=[4.9, 7.1, 8.0], C-C-Sep=0.20, ║∇J║=4.4e-04
Iteration 1278/2000-----
currents: [100000.0, 99999.99964267382, 99999.99946239259]
J=3.5e-04, ⟨Jf⟩=3.1e-04, ⟨B·n⟩=4.1e-03, Len=sum([5.2, 5.2, 4.9])=15.4, ϰ=[5.5, 6.7, 5.8], ∫ϰ²/L>=[4.9, 7.1, 8.0], C-C-Sep=0.20, ║∇J║=2.0e-04
Iteration 1279/2000-----
currents: [100000.0, 99999.99964188032, 99999.99946119526]
J=3.5e-04, ⟨Jf⟩=3.1e-04, ⟨B·n⟩=4.1e-03, Len=sum([5.2, 5.2, 4.9])=15.4, ϰ=[5.5, 6.7, 5.8], ∫ϰ²/L>=[4.9, 7.1, 8.0], C-C-Sep=0.20, ║∇J║=1.8e-04
Iteration 1280/2000-----
currents: [100000.0, 99999.9996402434, 99999.99945872526]
J=3.5e-04, ⟨Jf⟩=3.1e-04, ⟨B·n⟩=4.1e-03, Len=sum([5.2, 5.2, 4.9])=15.4, ϰ=[5.5, 6.7, 5.8], ∫ϰ²/L>=[4.9, 7.1, 8.0], C-C-Sep=0.20, ║∇J║=3.3e-04
Iteration 1281/2000-----
currents: [100000.0, 99999.99963988246, 99999.99945818048]
J=3.5e-04, ⟨Jf⟩=3.1e-04, ⟨B·n⟩=4.1e-03, Len=sum([5.2, 5.2, 4.9])=15.4, ϰ=[5.5, 6.7, 5.8], ∫ϰ²/L>=[4.9, 7.1, 8.0], C-C-Sep=0.20, ║∇J║=2.5e-04
Iteration 1282/2000-----
currents: [100000.0, 99999.9996400143, 99999.99945837935]
J=3.5e-04, ⟨Jf⟩=3.1e-04, ⟨B·n⟩=4.1e-03, Len=sum([5.2, 5.2, 4.9])=15.4, ϰ=[5.5, 6.7, 5.8], ∫ϰ²/L>=[4.9, 7.1, 8.0], C-C-Sep=0.20, ║∇J║=1.8e-04
Iteration 1283/2000-----
currents: [100000.0, 99999.99963897024, 99999.99945680365]
J=3.5e-04, ⟨Jf⟩=3.1e-04, ⟨B·n⟩=4.1e-03, Len=sum([5.2, 5.2, 4.9])=15.4, ϰ=[5.5, 6.7, 5.8], ∫ϰ²/L>=[4.9, 7.1, 8.0], C-C-Sep=0.20, ║∇J║=2.2e-04
Iteration 1284/2000-----
currents: [100000.0, 99999.99963781341, 99999.99945505778]
J=3.5e-04, ⟨Jf⟩=3.1e-04, ⟨B·n⟩=4.1e-03, Len=sum([5.2, 5.2, 4.9])=15.4, ϰ=[5.5, 6.7, 5.8], ∫ϰ²/L>=[4.9, 7.1, 8.0], C-C-Sep=0.20, ║∇J║=2.9e-04
Iteration 1285/2000-----
currents: [100000.0, 99999.99963651801, 99999.9994531028]
J=3.5e-04, ⟨Jf⟩=3.1e-04, ⟨B·n⟩=4.1e-03, Len=sum([5.2, 5.2, 4.9])=15.4, ϰ=[5.5, 6.7, 5.8], ∫ϰ²/L>=[4.9, 7.1, 8.0], C-C-Sep=0.20, ║∇J║=2.7e-04
Iteration 1286/2000-----
currents: [100000.0, 99999.9996359201, 99999.99945219995]
J=3.5e-04, ⟨Jf⟩=3.1e-04, ⟨B·n⟩=4.1e-03, Len=sum([5.2, 5.2, 4.9])=15.4, ϰ=[5.5, 6.7, 5.8], ∫ϰ²/L>=[4.9, 7.1, 8.0], C-C-Sep=0.20, ║∇J║=2.7e-04
Iteration 1287/2000-----
currents: [100000.0, 99999.99963509037, 99999.99945094717]
J=3.5e-04, ⟨Jf⟩=3.1e-04, ⟨B·n⟩=4.1e-03, Len=sum([5.2, 5.2, 4.9])=15.4, ϰ=[5.5, 6.7, 5.8], ∫ϰ²/L>=[4.9, 7.1, 8.0], C-C-Sep=0.20, ║∇J║=2.7e-04
Iteration 1288/2000-----
currents: [100000.0, 99999.99963545323, 99999.99945149405]
J=3.5e-04, ⟨Jf⟩=3.1e-04, ⟨B·n⟩=4.1e-03, Len=sum([5.2, 5.2, 4.9])=15.4, ϰ=[5.5, 6.7, 5.8], ∫ϰ²/L>=[4.9, 7.1, 8.0], C-C-Sep=0.20, ║∇J║=3.0e-04
Iteration 1289/2000-----
currents: [100000.0, 99999.99963344392, 99999.99944846118]
J=3.5e-04, ⟨Jf⟩=3.1e-04, ⟨B·n⟩=4.1e-03, Len=sum([5.2, 5.2, 4.9])=15.4, ϰ=[5.5, 6.7, 5.8], ∫ϰ²/L>=[4.9, 7.1, 8.0], C-C-Sep=0.20, ║∇J║=3.7e-04
Iteration 1290/2000-----
currents: [100000.0, 99999.99963344588, 99999.99944846414]
J=3.5e-04, ⟨Jf⟩=3.1e-04, ⟨B·n⟩=4.1e-03, Len=sum([5.2, 5.2, 4.9])=15.4, ϰ=[5.5, 6.7, 5.8], ∫ϰ²/L>=[4.9, 7.1, 8.0], C-C-Sep=0.20, ║∇J║=2.5e-04
Iteration 1291/2000-----
currents: [100000.0, 99999.99963330038, 99999.9994482445]
J=3.5e-04, ⟨Jf⟩=3.1e-04, ⟨B·n⟩=4.1e-03, Len=sum([5.2, 5.2, 4.9])=15.4, ϰ=[5.5, 6.7, 5.9], ∫ϰ²/L>=[4.9, 7.1, 8.0], C-C-Sep=0.20, ║∇J║=2.1e-04
Iteration 1292/2000-----
currents: [100000.0, 99999.99963257191, 99999.99944714471]
J=3.5e-04, ⟨Jf⟩=3.1e-04, ⟨B·n⟩=4.1e-03, Len=sum([5.2, 5.2, 4.9])=15.4, ϰ=[5.5, 6.7, 5.9], ∫ϰ²/L>=[4.9, 7.1, 8.0], C-C-Sep=0.20, ║∇J║=2.6e-04
Iteration 1293/2000-----
currents: [100000.0, 99999.99963149623, 99999.99944552008]
J=3.5e-04, ⟨Jf⟩=3.1e-04, ⟨B·n⟩=4.1e-03, Len=sum([5.2, 5.2, 4.9])=15.4, ϰ=[5.4, 6.7, 5.9], ∫ϰ²/L>=[4.9, 7.1, 8.0], C-C-Sep=0.20, ║∇J║=2.7e-04
Iteration 1294/2000-----
currents: [100000.0, 99999.99963067989, 99999.9994442871]
J=3.5e-04, ⟨Jf⟩=3.1e-04, ⟨B·n⟩=4.1e-03, Len=sum([5.2, 5.2, 4.9])=15.4, ϰ=[5.5, 6.7, 5.9], ∫ϰ²/L>=[4.9, 7.1, 8.0], C-C-Sep=0.20, ║∇J║=2.2e-04
Iteration 1295/2000-----
currents: [100000.0, 99999.9996305127, 99999.99944403417]
J=3.5e-04, ⟨Jf⟩=3.1e-04, ⟨B·n⟩=4.1e-03, Len=sum([5.2, 5.2, 4.9])=15.4, ϰ=[5.5, 6.7, 5.9], ∫ϰ²/L>=[4.9, 7.1, 8.0], C-C-Sep=0.20, ║∇J║=2.7e-04
Iteration 1296/2000-----
currents: [100000.0, 99999.99962933443, 99999.99944225549]
J=3.5e-04, ⟨Jf⟩=3.1e-04, ⟨B·n⟩=4.1e-03, Len=sum([5.2, 5.2, 4.9])=15.4, ϰ=[5.5, 6.7, 5.9], ∫ϰ²/L>=[4.9, 7.1, 8.0], C-C-Sep=0.20, ║∇J║=3.3e-04
Iteration 1297/2000-----
currents: [100000.0, 99999.99962970712, 99999.99944281795]
J=3.5e-04, ⟨Jf⟩=3.1e-04, ⟨B·n⟩=4.1e-03, Len=sum([5.2, 5.2, 4.9])=15.4, ϰ=[5.5, 6.7, 5.8], ∫ϰ²/L>=[4.9, 7.1, 8.0], C-C-Sep=0.20, ║∇J║=2.0e-04
Iteration 1298/2000-----
currents: [100000.0, 99999.99962915755, 99999.99944198882]
J=3.5e-04, ⟨Jf⟩=3.1e-04, ⟨B·n⟩=4.1e-03, Len=sum([5.2, 5.2, 4.9])=15.4, ϰ=[5.5, 6.7, 5.9], ∫ϰ²/L>=[4.9, 7.1, 8.0], C-C-Sep=0.20, ║∇J║=2.1e-04
Iteration 1299/2000-----
currents: [100000.0, 99999.99962885177, 99999.99944152741]
J=3.5e-04, ⟨Jf⟩=3.1e-04, ⟨B·n⟩=4.1e-03, Len=sum([5.2, 5.2, 4.9])=15.4, ϰ=[5.5, 6.7, 5.8], ∫ϰ²/L>=[4.9, 7.1, 8.0], C-C-Sep=0.20, ║∇J║=1.9e-04
Iteration 1300/2000-----
currents: [100000.0, 99999.99962756183, 99999.99943958009]
J=3.5e-04, ⟨Jf⟩=3.1e-04, ⟨B·n⟩=4.1e-03, Len=sum([5.2, 5.2, 4.9])=15.4, ϰ=[5.5, 6.7, 5.8], ∫ϰ²/L>=[4.9, 7.1, 8.0], C-C-Sep=0.20, ║∇J║=2.2e-04
Iteration 1301/2000-----
currents: [100000.0, 99999.9996267548, 99999.9994383619]
J=3.5e-04, ⟨Jf⟩=3.1e-04, ⟨B·n⟩=4.1e-03, Len=sum([5.2, 5.2, 4.9])=15.4, ϰ=[5.5, 6.7, 5.8], ∫ϰ²/L>=[4.9, 7.1, 8.0], C-C-Sep=0.20, ║∇J║=2.2e-04
Iteration 1302/2000-----
currents: [100000.0, 99999.99962632189, 99999.99943770838]
J=3.5e-04, ⟨Jf⟩=3.1e-04, ⟨B·n⟩=4.1e-03, Len=sum([5.2, 5.2, 4.9])=15.4, ϰ=[5.5, 6.7, 5.8], ∫ϰ²/L>=[4.9, 7.1, 8.0], C-C-Sep=0.20, ║∇J║=1.8e-04
Iteration 1303/2000-----
currents: [100000.0, 99999.9996258191, 99999.99943694912]
J=3.5e-04, ⟨Jf⟩=3.1e-04, ⟨B·n⟩=4.1e-03, Len=sum([5.2, 5.2, 4.9])=15.4, ϰ=[5.5, 6.7, 5.9], ∫ϰ²/L>=[4.9, 7.1, 8.0], C-C-Sep=0.20, ║∇J║=1.9e-04
Iteration 1304/2000-----
currents: [100000.0, 99999.99962523347, 99999.99943606503]
J=3.5e-04, ⟨Jf⟩=3.1e-04, ⟨B·n⟩=4.1e-03, Len=sum([5.2, 5.2, 4.9])=15.4, ϰ=[5.5, 6.7, 5.9], ∫ϰ²/L>=[4.9, 7.1, 8.0], C-C-Sep=0.20, ║∇J║=2.2e-04
Iteration 1305/2000-----
currents: [100000.0, 99999.99962442656, 99999.99943484673]
J=3.5e-04, ⟨Jf⟩=3.1e-04, ⟨B·n⟩=4.1e-03, Len=sum([5.2, 5.2, 4.9])=15.4, ϰ=[5.5, 6.7, 5.9], ∫ϰ²/L>=[4.9, 7.1, 8.0], C-C-Sep=0.20, ║∇J║=2.0e-04
Iteration 1306/2000-----
currents: [100000.0, 99999.9996241503, 99999.99943442924]
J=3.5e-04, ⟨Jf⟩=3.1e-04, ⟨B·n⟩=4.1e-03, Len=sum([5.2, 5.2, 4.9])=15.4, ϰ=[5.5, 6.7, 5.9], ∫ϰ²/L>=[4.9, 7.1, 8.0], C-C-Sep=0.20, ║∇J║=1.8e-04
Iteration 1307/2000-----
currents: [100000.0, 99999.99962278725, 99999.99943237146]
J=3.5e-04, ⟨Jf⟩=3.1e-04, ⟨B·n⟩=4.1e-03, Len=sum([5.2, 5.2, 4.9])=15.4, ϰ=[5.4, 6.7, 5.9], ∫ϰ²/L>=[4.9, 7.1, 8.0], C-C-Sep=0.20, ║∇J║=2.3e-04
Iteration 1308/2000-----
currents: [100000.0, 99999.99962236796, 99999.99943173824]
J=3.5e-04, ⟨Jf⟩=3.1e-04, ⟨B·n⟩=4.1e-03, Len=sum([5.2, 5.2, 4.9])=15.4, ϰ=[5.5, 6.7, 5.9], ∫ϰ²/L>=[4.9, 7.1, 8.0], C-C-Sep=0.20, ║∇J║=2.5e-04
Iteration 1309/2000-----
currents: [100000.0, 99999.99962169916, 99999.99943072844]
J=3.5e-04, ⟨Jf⟩=3.1e-04, ⟨B·n⟩=4.1e-03, Len=sum([5.2, 5.2, 4.9])=15.4, ϰ=[5.5, 6.7, 5.9], ∫ϰ²/L>=[4.9, 7.1, 8.0], C-C-Sep=0.20, ║∇J║=1.8e-04
Iteration 1310/2000-----
currents: [100000.0, 99999.9996215017, 99999.99943043063]
J=3.5e-04, ⟨Jf⟩=3.1e-04, ⟨B·n⟩=4.1e-03, Len=sum([5.2, 5.2, 4.9])=15.4, ϰ=[5.5, 6.7, 5.9], ∫ϰ²/L>=[4.9, 7.1, 8.0], C-C-Sep=0.20, ║∇J║=2.0e-04
Iteration 1311/2000-----
currents: [100000.0, 99999.99962103555, 99999.99942972675]
J=3.5e-04, ⟨Jf⟩=3.1e-04, ⟨B·n⟩=4.1e-03, Len=sum([5.2, 5.2, 4.9])=15.4, ϰ=[5.4, 6.7, 5.9], ∫ϰ²/L>=[4.9, 7.1, 8.0], C-C-Sep=0.20, ║∇J║=1.9e-04
Iteration 1312/2000-----
currents: [100000.0, 99999.99962069119, 99999.99942920686]
J=3.5e-04, ⟨Jf⟩=3.1e-04, ⟨B·n⟩=4.1e-03, Len=sum([5.2, 5.2, 4.9])=15.4, ϰ=[5.5, 6.7, 5.9], ∫ϰ²/L>=[4.9, 7.1, 8.0], C-C-Sep=0.20, ║∇J║=1.5e-04
Iteration 1313/2000-----
currents: [100000.0, 99999.99962043378, 99999.99942881796]
J=3.5e-04, ⟨Jf⟩=3.1e-04, ⟨B·n⟩=4.1e-03, Len=sum([5.2, 5.2, 4.9])=15.4, ϰ=[5.5, 6.7, 5.9], ∫ϰ²/L>=[4.9, 7.1, 8.0], C-C-Sep=0.20, ║∇J║=1.8e-04
Iteration 1314/2000-----
currents: [100000.0, 99999.99961943043, 99999.99942730274]
J=3.5e-04, ⟨Jf⟩=3.1e-04, ⟨B·n⟩=4.1e-03, Len=sum([5.2, 5.2, 4.9])=15.4, ϰ=[5.5, 6.7, 5.9], ∫ϰ²/L>=[4.9, 7.1, 8.0], C-C-Sep=0.20, ║∇J║=3.2e-04
Iteration 1315/2000-----
currents: [100000.0, 99999.99961958309, 99999.99942753295]
J=3.5e-04, ⟨Jf⟩=3.1e-04, ⟨B·n⟩=4.1e-03, Len=sum([5.2, 5.2, 4.9])=15.4, ϰ=[5.5, 6.7, 5.9], ∫ϰ²/L>=[4.9, 7.1, 8.0], C-C-Sep=0.20, ║∇J║=2.2e-04
Iteration 1316/2000-----
currents: [100000.0, 99999.99961890026, 99999.99942650204]
J=3.5e-04, ⟨Jf⟩=3.1e-04, ⟨B·n⟩=4.1e-03, Len=sum([5.2, 5.2, 4.9])=15.4, ϰ=[5.5, 6.7, 5.9], ∫ϰ²/L>=[4.9, 7.1, 8.0], C-C-Sep=0.20, ║∇J║=2.0e-04
Iteration 1317/2000-----
currents: [100000.0, 99999.99961830919, 99999.99942560939]
J=3.5e-04, ⟨Jf⟩=3.1e-04, ⟨B·n⟩=4.1e-03, Len=sum([5.2, 5.2, 4.9])=15.4, ϰ=[5.5, 6.7, 5.9], ∫ϰ²/L>=[4.9, 7.1, 8.0], C-C-Sep=0.20, ║∇J║=1.7e-04
Iteration 1318/2000-----
currents: [100000.0, 99999.99961686268, 99999.99942342522]
J=3.5e-04, ⟨Jf⟩=3.1e-04, ⟨B·n⟩=4.1e-03, Len=sum([5.2, 5.2, 4.9])=15.4, ϰ=[5.5, 6.7, 5.9], ∫ϰ²/L>=[4.9, 7.1, 8.0], C-C-Sep=0.20, ║∇J║=2.0e-04
Iteration 1319/2000-----
currents: [100000.0, 99999.99961621288, 99999.99942244403]
J=3.5e-04, ⟨Jf⟩=3.1e-04, ⟨B·n⟩=4.1e-03, Len=sum([5.2, 5.2, 4.9])=15.4, ϰ=[5.5, 6.7, 5.9], ∫ϰ²/L>=[4.9, 7.1, 8.0], C-C-Sep=0.20, ║∇J║=2.7e-04
Iteration 1320/2000-----
currents: [100000.0, 99999.99961551189, 99999.99942138571]
J=3.5e-04, ⟨Jf⟩=3.1e-04, ⟨B·n⟩=4.1e-03, Len=sum([5.2, 5.2, 4.9])=15.4, ϰ=[5.5, 6.7, 5.8], ∫ϰ²/L>=[4.9, 7.1, 8.0], C-C-Sep=0.20, ║∇J║=1.8e-04
Iteration 1321/2000-----
currents: [100000.0, 99999.99961429762, 99999.9994195524]
J=3.5e-04, ⟨Jf⟩=3.1e-04, ⟨B·n⟩=4.1e-03, Len=sum([5.2, 5.2, 4.9])=15.4, ϰ=[5.5, 6.7, 5.8], ∫ϰ²/L>=[4.9, 7.1, 8.0], C-C-Sep=0.20, ║∇J║=2.0e-04
Iteration 1322/2000-----
currents: [100000.0, 99999.99961386004, 99999.9994188916]
J=3.5e-04, ⟨Jf⟩=3.1e-04, ⟨B·n⟩=4.1e-03, Len=sum([5.2, 5.2, 4.9])=15.4, ϰ=[5.5, 6.7, 5.8], ∫ϰ²/L>=[4.9, 7.1, 8.0], C-C-Sep=0.20, ║∇J║=2.6e-04
Iteration 1323/2000-----
currents: [100000.0, 99999.99961195733, 99999.99941601862]
J=3.5e-04, ⟨Jf⟩=3.1e-04, ⟨B·n⟩=4.1e-03, Len=sum([5.2, 5.2, 4.9])=15.4, ϰ=[5.5, 6.7, 5.8], ∫ϰ²/L>=[4.9, 7.1, 8.0], C-C-Sep=0.20, ║∇J║=3.1e-04
Iteration 1324/2000-----
currents: [100000.0, 99999.99961128274, 99999.99941499997]
J=3.5e-04, ⟨Jf⟩=3.1e-04, ⟨B·n⟩=4.1e-03, Len=sum([5.2, 5.2, 4.9])=15.4, ϰ=[5.5, 6.7, 5.8], ∫ϰ²/L>=[4.9, 7.1, 8.0], C-C-Sep=0.20, ║∇J║=3.0e-04
Iteration 1325/2000-----
currents: [100000.0, 99999.99961021049, 99999.99941338103]
J=3.5e-04, ⟨Jf⟩=3.1e-04, ⟨B·n⟩=4.1e-03, Len=sum([5.2, 5.2, 4.9])=15.4, ϰ=[5.5, 6.7, 5.8], ∫ϰ²/L>=[4.9, 7.1, 8.0], C-C-Sep=0.20, ║∇J║=2.8e-04
Iteration 1326/2000-----
currents: [100000.0, 99999.99960983181, 99999.9994128093]
J=3.5e-04, ⟨Jf⟩=3.1e-04, ⟨B·n⟩=4.1e-03, Len=sum([5.2, 5.2, 4.9])=15.4, ϰ=[5.5, 6.7, 5.8], ∫ϰ²/L>=[4.9, 7.1, 8.0], C-C-Sep=0.20, ║∇J║=2.7e-04
Iteration 1327/2000-----
currents: [100000.0, 99999.99960882388, 99999.99941128754]
J=3.5e-04, ⟨Jf⟩=3.1e-04, ⟨B·n⟩=4.1e-03, Len=sum([5.2, 5.2, 4.9])=15.4, ϰ=[5.5, 6.7, 5.8], ∫ϰ²/L>=[4.9, 7.1, 8.0], C-C-Sep=0.20, ║∇J║=2.9e-04
Iteration 1328/2000-----
currents: [100000.0, 99999.9996077165, 99999.99940961506]
J=3.5e-04, ⟨Jf⟩=3.1e-04, ⟨B·n⟩=4.1e-03, Len=sum([5.2, 5.2, 4.9])=15.4, ϰ=[5.5, 6.7, 5.8], ∫ϰ²/L>=[4.9, 7.1, 8.0], C-C-Sep=0.20, ║∇J║=3.1e-04
Iteration 1329/2000-----
currents: [100000.0, 99999.99960675278, 99999.99940815946]
J=3.5e-04, ⟨Jf⟩=3.1e-04, ⟨B·n⟩=4.1e-03, Len=sum([5.2, 5.2, 4.9])=15.4, ϰ=[5.5, 6.7, 5.9], ∫ϰ²/L>=[4.9, 7.1, 8.0], C-C-Sep=0.20, ║∇J║=2.8e-04
Iteration 1330/2000-----
currents: [100000.0, 99999.99960685002, 99999.99940830613]
J=3.5e-04, ⟨Jf⟩=3.1e-04, ⟨B·n⟩=4.1e-03, Len=sum([5.2, 5.2, 4.9])=15.4, ϰ=[5.5, 6.7, 5.9], ∫ϰ²/L>=[4.9, 7.1, 8.0], C-C-Sep=0.20, ║∇J║=2.1e-04
Iteration 1331/2000-----
currents: [100000.0, 99999.99960524036, 99999.99940587547]
J=3.5e-04, ⟨Jf⟩=3.1e-04, ⟨B·n⟩=4.1e-03, Len=sum([5.2, 5.2, 4.9])=15.4, ϰ=[5.5, 6.7, 5.9], ∫ϰ²/L>=[4.9, 7.1, 8.0], C-C-Sep=0.20, ║∇J║=3.1e-04
Iteration 1332/2000-----
currents: [100000.0, 99999.99960600915, 99999.99940703588]
J=3.5e-04, ⟨Jf⟩=3.1e-04, ⟨B·n⟩=4.1e-03, Len=sum([5.2, 5.2, 4.9])=15.4, ϰ=[5.5, 6.7, 5.9], ∫ϰ²/L>=[4.9, 7.1, 8.0], C-C-Sep=0.20, ║∇J║=2.6e-04
Iteration 1333/2000-----
currents: [100000.0, 99999.9996058057, 99999.99940672827]
J=3.5e-04, ⟨Jf⟩=3.1e-04, ⟨B·n⟩=4.1e-03, Len=sum([5.2, 5.2, 4.9])=15.4, ϰ=[5.5, 6.7, 5.9], ∫ϰ²/L>=[4.9, 7.1, 8.0], C-C-Sep=0.20, ║∇J║=2.8e-04
Iteration 1334/2000-----
currents: [100000.0, 99999.99960541606, 99999.99940614004]
J=3.5e-04, ⟨Jf⟩=3.1e-04, ⟨B·n⟩=4.1e-03, Len=sum([5.2, 5.2, 4.9])=15.4, ϰ=[5.5, 6.7, 5.9], ∫ϰ²/L>=[4.9, 7.1, 8.0], C-C-Sep=0.20, ║∇J║=1.9e-04
Iteration 1335/2000-----
currents: [100000.0, 99999.99960419402, 99999.99940429475]
J=3.5e-04, ⟨Jf⟩=3.1e-04, ⟨B·n⟩=4.1e-03, Len=sum([5.2, 5.2, 4.9])=15.4, ϰ=[5.5, 6.7, 5.9], ∫ϰ²/L>=[4.9, 7.1, 8.0], C-C-Sep=0.20, ║∇J║=2.2e-04
Iteration 1336/2000-----
currents: [100000.0, 99999.99960394927, 99999.99940392512]
J=3.5e-04, ⟨Jf⟩=3.1e-04, ⟨B·n⟩=4.1e-03, Len=sum([5.2, 5.2, 4.9])=15.4, ϰ=[5.5, 6.7, 5.9], ∫ϰ²/L>=[4.9, 7.1, 8.0], C-C-Sep=0.20, ║∇J║=2.8e-04
Iteration 1337/2000-----
currents: [100000.0, 99999.99960358256, 99999.9994033708]
J=3.5e-04, ⟨Jf⟩=3.1e-04, ⟨B·n⟩=4.1e-03, Len=sum([5.2, 5.2, 4.9])=15.4, ϰ=[5.5, 6.7, 5.9], ∫ϰ²/L>=[4.9, 7.1, 8.0], C-C-Sep=0.20, ║∇J║=2.5e-04
Iteration 1338/2000-----
currents: [100000.0, 99999.99960302835, 99999.9994025337]
J=3.5e-04, ⟨Jf⟩=3.1e-04, ⟨B·n⟩=4.1e-03, Len=sum([5.2, 5.2, 4.9])=15.4, ϰ=[5.5, 6.7, 5.9], ∫ϰ²/L>=[4.9, 7.1, 8.0], C-C-Sep=0.20, ║∇J║=2.5e-04
Iteration 1339/2000-----
currents: [100000.0, 99999.99960265715, 99999.99940197317]
J=3.5e-04, ⟨Jf⟩=3.1e-04, ⟨B·n⟩=4.1e-03, Len=sum([5.2, 5.2, 4.9])=15.4, ϰ=[5.4, 6.7, 5.9], ∫ϰ²/L>=[4.9, 7.1, 8.0], C-C-Sep=0.20, ║∇J║=2.3e-04
Iteration 1340/2000-----
currents: [100000.0, 99999.99960220025, 99999.99940128277]
J=3.5e-04, ⟨Jf⟩=3.1e-04, ⟨B·n⟩=4.1e-03, Len=sum([5.2, 5.2, 4.9])=15.4, ϰ=[5.4, 6.7, 5.9], ∫ϰ²/L>=[4.9, 7.1, 8.0], C-C-Sep=0.20, ║∇J║=2.0e-04
Iteration 1341/2000-----
currents: [100000.0, 99999.99960195465, 99999.99940091163]
J=3.5e-04, ⟨Jf⟩=3.1e-04, ⟨B·n⟩=4.1e-03, Len=sum([5.2, 5.2, 4.9])=15.4, ϰ=[5.4, 6.7, 5.9], ∫ϰ²/L>=[4.9, 7.1, 8.0], C-C-Sep=0.20, ║∇J║=3.5e-04
Iteration 1342/2000-----
currents: [100000.0, 99999.9996012367, 99999.99939982743]
J=3.5e-04, ⟨Jf⟩=3.1e-04, ⟨B·n⟩=4.1e-03, Len=sum([5.2, 5.2, 4.9])=15.4, ϰ=[5.4, 6.7, 5.9], ∫ϰ²/L>=[4.9, 7.1, 8.0], C-C-Sep=0.20, ║∇J║=2.0e-04
Iteration 1343/2000-----
currents: [100000.0, 99999.99960104554, 99999.99939953859]
J=3.5e-04, ⟨Jf⟩=3.1e-04, ⟨B·n⟩=4.1e-03, Len=sum([5.2, 5.2, 4.9])=15.4, ϰ=[5.4, 6.7, 5.9], ∫ϰ²/L>=[4.9, 7.1, 8.0], C-C-Sep=0.20, ║∇J║=1.8e-04
Iteration 1344/2000-----
currents: [100000.0, 99999.99960031518, 99999.99939843534]
J=3.5e-04, ⟨Jf⟩=3.1e-04, ⟨B·n⟩=4.1e-03, Len=sum([5.2, 5.2, 4.9])=15.4, ϰ=[5.4, 6.7, 5.9], ∫ϰ²/L>=[4.9, 7.1, 8.0], C-C-Sep=0.20, ║∇J║=1.6e-04
Iteration 1345/2000-----
currents: [100000.0, 99999.99960012294, 99999.99939814497]
J=3.5e-04, ⟨Jf⟩=3.1e-04, ⟨B·n⟩=4.1e-03, Len=sum([5.2, 5.2, 4.9])=15.4, ϰ=[5.4, 6.7, 5.9], ∫ϰ²/L>=[4.9, 7.1, 8.0], C-C-Sep=0.20, ║∇J║=2.4e-04
Iteration 1346/2000-----
currents: [100000.0, 99999.99959962438, 99999.99939739202]
J=3.5e-04, ⟨Jf⟩=3.1e-04, ⟨B·n⟩=4.1e-03, Len=sum([5.2, 5.2, 4.9])=15.4, ϰ=[5.4, 6.7, 5.9], ∫ϰ²/L>=[4.9, 7.1, 8.0], C-C-Sep=0.20, ║∇J║=1.6e-04
Iteration 1347/2000-----
currents: [100000.0, 99999.9995990355, 99999.99939650254]
J=3.5e-04, ⟨Jf⟩=3.1e-04, ⟨B·n⟩=4.1e-03, Len=sum([5.2, 5.2, 4.9])=15.4, ϰ=[5.4, 6.7, 5.9], ∫ϰ²/L>=[4.9, 7.1, 8.0], C-C-Sep=0.20, ║∇J║=2.1e-04
Iteration 1348/2000-----
currents: [100000.0, 99999.99959853581, 99999.99939574776]
J=3.5e-04, ⟨Jf⟩=3.1e-04, ⟨B·n⟩=4.1e-03, Len=sum([5.2, 5.2, 4.9])=15.4, ϰ=[5.4, 6.7, 5.9], ∫ϰ²/L>=[4.9, 7.1, 8.0], C-C-Sep=0.20, ║∇J║=2.2e-04
Iteration 1349/2000-----
currents: [100000.0, 99999.9995978226, 99999.9993946706]
J=3.5e-04, ⟨Jf⟩=3.1e-04, ⟨B·n⟩=4.1e-03, Len=sum([5.2, 5.2, 4.9])=15.4, ϰ=[5.4, 6.7, 5.9], ∫ϰ²/L>=[4.9, 7.1, 8.0], C-C-Sep=0.20, ║∇J║=2.2e-04
Iteration 1350/2000-----
currents: [100000.0, 99999.99959737378, 99999.99939399285]
J=3.5e-04, ⟨Jf⟩=3.1e-04, ⟨B·n⟩=4.1e-03, Len=sum([5.2, 5.2, 4.9])=15.4, ϰ=[5.4, 6.7, 5.9], ∫ϰ²/L>=[4.9, 7.1, 8.0], C-C-Sep=0.20, ║∇J║=2.6e-04
Iteration 1351/2000-----
currents: [100000.0, 99999.99959684223, 99999.99939318998]
J=3.5e-04, ⟨Jf⟩=3.1e-04, ⟨B·n⟩=4.1e-03, Len=sum([5.2, 5.2, 4.9])=15.4, ϰ=[5.4, 6.7, 5.9], ∫ϰ²/L>=[4.9, 7.1, 8.0], C-C-Sep=0.20, ║∇J║=2.2e-04
Iteration 1352/2000-----
currents: [100000.0, 99999.9995969105, 99999.99939329315]
J=3.5e-04, ⟨Jf⟩=3.1e-04, ⟨B·n⟩=4.1e-03, Len=sum([5.2, 5.2, 4.9])=15.4, ϰ=[5.4, 6.7, 5.9], ∫ϰ²/L>=[4.9, 7.1, 8.0], C-C-Sep=0.20, ║∇J║=2.0e-04
Iteration 1353/2000-----
currents: [100000.0, 99999.99959615896, 99999.99939215864]
J=3.5e-04, ⟨Jf⟩=3.1e-04, ⟨B·n⟩=4.1e-03, Len=sum([5.2, 5.2, 4.9])=15.4, ϰ=[5.4, 6.7, 5.9], ∫ϰ²/L>=[4.9, 7.1, 8.0], C-C-Sep=0.20, ║∇J║=1.8e-04
Iteration 1354/2000-----
currents: [100000.0, 99999.99959567054, 99999.99939142163]
J=3.5e-04, ⟨Jf⟩=3.1e-04, ⟨B·n⟩=4.1e-03, Len=sum([5.2, 5.2, 4.9])=15.4, ϰ=[5.4, 6.7, 5.9], ∫ϰ²/L>=[4.9, 7.1, 8.0], C-C-Sep=0.20, ║∇J║=2.3e-04
Iteration 1355/2000-----
currents: [100000.0, 99999.99959403396, 99999.99938895015]
J=3.5e-04, ⟨Jf⟩=3.1e-04, ⟨B·n⟩=4.1e-03, Len=sum([5.2, 5.2, 4.9])=15.4, ϰ=[5.4, 6.7, 5.9], ∫ϰ²/L>=[4.9, 7.1, 8.0], C-C-Sep=0.20, ║∇J║=2.7e-04
Iteration 1356/2000-----
currents: [100000.0, 99999.99959356869, 99999.99938824715]
J=3.5e-04, ⟨Jf⟩=3.1e-04, ⟨B·n⟩=4.1e-03, Len=sum([5.2, 5.2, 4.9])=15.4, ϰ=[5.4, 6.7, 5.8], ∫ϰ²/L>=[4.9, 7.1, 8.0], C-C-Sep=0.20, ║∇J║=2.5e-04
Iteration 1357/2000-----
currents: [100000.0, 99999.99959294415, 99999.99938730318]
J=3.5e-04, ⟨Jf⟩=3.1e-04, ⟨B·n⟩=4.2e-03, Len=sum([5.2, 5.2, 4.9])=15.4, ϰ=[5.4, 6.7, 5.8], ∫ϰ²/L>=[4.9, 7.1, 8.0], C-C-Sep=0.20, ║∇J║=2.1e-04
Iteration 1358/2000-----
currents: [100000.0, 99999.99959202389, 99999.99938591252]
J=3.5e-04, ⟨Jf⟩=3.1e-04, ⟨B·n⟩=4.1e-03, Len=sum([5.2, 5.2, 4.9])=15.4, ϰ=[5.4, 6.7, 5.8], ∫ϰ²/L>=[4.9, 7.1, 8.0], C-C-Sep=0.20, ║∇J║=2.1e-04
Iteration 1359/2000-----
currents: [100000.0, 99999.99959096043, 99999.99938430541]
J=3.5e-04, ⟨Jf⟩=3.1e-04, ⟨B·n⟩=4.1e-03, Len=sum([5.2, 5.2, 4.9])=15.4, ϰ=[5.4, 6.7, 5.8], ∫ϰ²/L>=[4.9, 7.1, 8.0], C-C-Sep=0.20, ║∇J║=2.2e-04
Iteration 1360/2000-----
currents: [100000.0, 99999.99958948427, 99999.99938207524]
J=3.5e-04, ⟨Jf⟩=3.1e-04, ⟨B·n⟩=4.1e-03, Len=sum([5.2, 5.2, 4.9])=15.4, ϰ=[5.4, 6.7, 5.8], ∫ϰ²/L>=[4.9, 7.1, 8.0], C-C-Sep=0.20, ║∇J║=2.5e-04
Iteration 1361/2000-----
currents: [100000.0, 99999.99958965176, 99999.99938232782]
J=3.5e-04, ⟨Jf⟩=3.1e-04, ⟨B·n⟩=4.1e-03, Len=sum([5.2, 5.2, 4.9])=15.4, ϰ=[5.4, 6.7, 5.8], ∫ϰ²/L>=[4.9, 7.1, 8.0], C-C-Sep=0.20, ║∇J║=2.8e-04
Iteration 1362/2000-----
currents: [100000.0, 99999.99958840267, 99999.99938044151]
J=3.5e-04, ⟨Jf⟩=3.1e-04, ⟨B·n⟩=4.1e-03, Len=sum([5.2, 5.2, 4.9])=15.4, ϰ=[5.4, 6.7, 5.8], ∫ϰ²/L>=[4.9, 7.1, 8.0], C-C-Sep=0.20, ║∇J║=2.6e-04
Iteration 1363/2000-----
currents: [100000.0, 99999.9995882088, 99999.99938014893]
J=3.5e-04, ⟨Jf⟩=3.1e-04, ⟨B·n⟩=4.1e-03, Len=sum([5.2, 5.2, 4.9])=15.4, ϰ=[5.4, 6.7, 5.8], ∫ϰ²/L>=[4.9, 7.1, 8.0], C-C-Sep=0.20, ║∇J║=2.1e-04
Iteration 1364/2000-----
currents: [100000.0, 99999.99958768405, 99999.99937935632]
J=3.5e-04, ⟨Jf⟩=3.1e-04, ⟨B·n⟩=4.1e-03, Len=sum([5.2, 5.2, 4.9])=15.4, ϰ=[5.4, 6.7, 5.8], ∫ϰ²/L>=[4.9, 7.1, 8.0], C-C-Sep=0.20, ║∇J║=1.7e-04
Iteration 1365/2000-----
currents: [100000.0, 99999.99958659984, 99999.99937771833]
J=3.5e-04, ⟨Jf⟩=3.1e-04, ⟨B·n⟩=4.1e-03, Len=sum([5.2, 5.2, 4.9])=15.4, ϰ=[5.4, 6.7, 5.8], ∫ϰ²/L>=[4.9, 7.1, 8.0], C-C-Sep=0.20, ║∇J║=2.0e-04
Iteration 1366/2000-----
currents: [100000.0, 99999.99958527742, 99999.99937572032]
J=3.5e-04, ⟨Jf⟩=3.1e-04, ⟨B·n⟩=4.1e-03, Len=sum([5.2, 5.2, 4.9])=15.4, ϰ=[5.4, 6.7, 5.8], ∫ϰ²/L>=[4.9, 7.1, 8.0], C-C-Sep=0.20, ║∇J║=3.6e-04
Iteration 1367/2000-----
currents: [100000.0, 99999.99958583609, 99999.99937656433]
J=3.5e-04, ⟨Jf⟩=3.1e-04, ⟨B·n⟩=4.1e-03, Len=sum([5.2, 5.2, 4.9])=15.4, ϰ=[5.4, 6.7, 5.8], ∫ϰ²/L>=[4.9, 7.1, 8.0], C-C-Sep=0.20, ║∇J║=1.8e-04
Iteration 1368/2000-----
currents: [100000.0, 99999.99958492466, 99999.99937518722]
J=3.5e-04, ⟨Jf⟩=3.1e-04, ⟨B·n⟩=4.1e-03, Len=sum([5.2, 5.2, 4.9])=15.4, ϰ=[5.4, 6.7, 5.8], ∫ϰ²/L>=[4.9, 7.1, 8.0], C-C-Sep=0.20, ║∇J║=3.1e-04
Iteration 1369/2000-----
currents: [100000.0, 99999.99958499943, 99999.99937529977]
J=3.5e-04, ⟨Jf⟩=3.1e-04, ⟨B·n⟩=4.1e-03, Len=sum([5.2, 5.2, 4.9])=15.4, ϰ=[5.4, 6.7, 5.8], ∫ϰ²/L>=[4.9, 7.1, 8.0], C-C-Sep=0.20, ║∇J║=2.0e-04
Iteration 1370/2000-----
currents: [100000.0, 99999.99958445855, 99999.99937448255]
J=3.5e-04, ⟨Jf⟩=3.1e-04, ⟨B·n⟩=4.1e-03, Len=sum([5.2, 5.2, 4.9])=15.4, ϰ=[5.4, 6.7, 5.8], ∫ϰ²/L>=[4.9, 7.1, 8.0], C-C-Sep=0.20, ║∇J║=1.9e-04
Iteration 1371/2000-----
currents: [100000.0, 99999.99958338484, 99999.99937285988]
J=3.5e-04, ⟨Jf⟩=3.1e-04, ⟨B·n⟩=4.1e-03, Len=sum([5.2, 5.2, 4.9])=15.4, ϰ=[5.4, 6.7, 5.8], ∫ϰ²/L>=[4.9, 7.1, 8.0], C-C-Sep=0.20, ║∇J║=2.1e-04
Iteration 1372/2000-----
currents: [100000.0, 99999.99958084029, 99999.99936901529]
J=3.5e-04, ⟨Jf⟩=3.1e-04, ⟨B·n⟩=4.1e-03, Len=sum([5.2, 5.2, 4.9])=15.4, ϰ=[5.4, 6.7, 5.8], ∫ϰ²/L>=[4.9, 7.1, 8.0], C-C-Sep=0.20, ║∇J║=3.3e-04
Iteration 1373/2000-----
currents: [100000.0, 99999.99958058364, 99999.99936862686]
J=3.5e-04, ⟨Jf⟩=3.1e-04, ⟨B·n⟩=4.1e-03, Len=sum([5.2, 5.2, 4.9])=15.4, ϰ=[5.4, 6.7, 5.8], ∫ϰ²/L>=[4.9, 7.1, 8.0], C-C-Sep=0.20, ║∇J║=2.7e-04
Iteration 1374/2000-----
currents: [100000.0, 99999.99958001227, 99999.99936776383]
J=3.5e-04, ⟨Jf⟩=3.1e-04, ⟨B·n⟩=4.1e-03, Len=sum([5.2, 5.2, 4.9])=15.4, ϰ=[5.4, 6.7, 5.8], ∫ϰ²/L>=[4.9, 7.1, 8.0], C-C-Sep=0.20, ║∇J║=2.4e-04
Iteration 1375/2000-----
currents: [100000.0, 99999.99957817807, 99999.99936499246]
J=3.5e-04, ⟨Jf⟩=3.1e-04, ⟨B·n⟩=4.1e-03, Len=sum([5.2, 5.2, 4.9])=15.4, ϰ=[5.4, 6.7, 5.8], ∫ϰ²/L>=[4.9, 7.1, 8.0], C-C-Sep=0.20, ║∇J║=3.0e-04
Iteration 1376/2000-----
currents: [100000.0, 99999.99957688016, 99999.9993630314]
J=3.5e-04, ⟨Jf⟩=3.1e-04, ⟨B·n⟩=4.1e-03, Len=sum([5.2, 5.2, 4.9])=15.4, ϰ=[5.4, 6.7, 5.8], ∫ϰ²/L>=[4.9, 7.1, 8.0], C-C-Sep=0.20, ║∇J║=2.8e-04
Iteration 1377/2000-----
currents: [100000.0, 99999.9995774201, 99999.99936384715]
J=3.5e-04, ⟨Jf⟩=3.1e-04, ⟨B·n⟩=4.1e-03, Len=sum([5.2, 5.2, 4.9])=15.4, ϰ=[5.4, 6.7, 5.8], ∫ϰ²/L>=[4.9, 7.1, 8.0], C-C-Sep=0.20, ║∇J║=2.6e-04
Iteration 1378/2000-----
currents: [100000.0, 99999.99957582832, 99999.99936144172]
J=3.5e-04, ⟨Jf⟩=3.1e-04, ⟨B·n⟩=4.1e-03, Len=sum([5.2, 5.2, 4.9])=15.4, ϰ=[5.4, 6.7, 5.8], ∫ϰ²/L>=[4.9, 7.1, 8.0], C-C-Sep=0.20, ║∇J║=3.2e-04
Iteration 1379/2000-----
currents: [100000.0, 99999.99957582726, 99999.99936144009]
J=3.5e-04, ⟨Jf⟩=3.1e-04, ⟨B·n⟩=4.1e-03, Len=sum([5.2, 5.2, 4.9])=15.4, ϰ=[5.4, 6.7, 5.8], ∫ϰ²/L>=[4.9, 7.1, 8.0], C-C-Sep=0.20, ║∇J║=2.9e-04
Iteration 1380/2000-----
currents: [100000.0, 99999.9995756241, 99999.99936113298]
J=3.5e-04, ⟨Jf⟩=3.1e-04, ⟨B·n⟩=4.1e-03, Len=sum([5.2, 5.2, 4.9])=15.4, ϰ=[5.4, 6.7, 5.8], ∫ϰ²/L>=[4.9, 7.1, 8.0], C-C-Sep=0.20, ║∇J║=1.9e-04
Iteration 1381/2000-----
currents: [100000.0, 99999.99957462244, 99999.9993596195]
J=3.5e-04, ⟨Jf⟩=3.1e-04, ⟨B·n⟩=4.1e-03, Len=sum([5.2, 5.2, 4.9])=15.4, ϰ=[5.4, 6.7, 5.8], ∫ϰ²/L>=[4.9, 7.1, 8.0], C-C-Sep=0.20, ║∇J║=2.0e-04
Iteration 1382/2000-----
currents: [100000.0, 99999.99957342987, 99999.99935781764]
J=3.5e-04, ⟨Jf⟩=3.1e-04, ⟨B·n⟩=4.1e-03, Len=sum([5.2, 5.2, 4.9])=15.4, ϰ=[5.4, 6.7, 5.9], ∫ϰ²/L>=[4.9, 7.1, 8.0], C-C-Sep=0.20, ║∇J║=2.8e-04
Iteration 1383/2000-----
currents: [100000.0, 99999.99957295363, 99999.99935709793]
J=3.5e-04, ⟨Jf⟩=3.1e-04, ⟨B·n⟩=4.1e-03, Len=sum([5.2, 5.2, 4.9])=15.4, ϰ=[5.4, 6.7, 5.9], ∫ϰ²/L>=[4.9, 7.1, 8.0], C-C-Sep=0.20, ║∇J║=3.2e-04
Iteration 1384/2000-----
currents: [100000.0, 99999.99957289988, 99999.99935701679]
J=3.5e-04, ⟨Jf⟩=3.1e-04, ⟨B·n⟩=4.1e-03, Len=sum([5.2, 5.2, 4.9])=15.4, ϰ=[5.4, 6.7, 5.9], ∫ϰ²/L>=[4.9, 7.1, 8.0], C-C-Sep=0.20, ║∇J║=2.2e-04
Iteration 1385/2000-----
currents: [100000.0, 99999.99957253119, 99999.99935645967]
J=3.5e-04, ⟨Jf⟩=3.1e-04, ⟨B·n⟩=4.1e-03, Len=sum([5.2, 5.2, 4.9])=15.4, ϰ=[5.4, 6.7, 5.9], ∫ϰ²/L>=[4.9, 7.1, 8.0], C-C-Sep=0.20, ║∇J║=2.1e-04
Iteration 1386/2000-----
currents: [100000.0, 99999.9995721824, 99999.99935593235]
J=3.5e-04, ⟨Jf⟩=3.1e-04, ⟨B·n⟩=4.1e-03, Len=sum([5.2, 5.2, 4.9])=15.4, ϰ=[5.4, 6.7, 5.9], ∫ϰ²/L>=[4.9, 7.1, 8.0], C-C-Sep=0.20, ║∇J║=2.2e-04
Iteration 1387/2000-----
currents: [100000.0, 99999.99957156985, 99999.99935500632]
J=3.5e-04, ⟨Jf⟩=3.1e-04, ⟨B·n⟩=4.1e-03, Len=sum([5.2, 5.2, 4.9])=15.4, ϰ=[5.4, 6.7, 5.8], ∫ϰ²/L>=[4.9, 7.1, 8.0], C-C-Sep=0.20, ║∇J║=1.9e-04
Iteration 1388/2000-----
currents: [100000.0, 99999.9995703143, 99999.99935310862]
J=3.5e-04, ⟨Jf⟩=3.1e-04, ⟨B·n⟩=4.1e-03, Len=sum([5.2, 5.2, 4.9])=15.4, ϰ=[5.4, 6.7, 5.8], ∫ϰ²/L>=[4.9, 7.1, 8.0], C-C-Sep=0.20, ║∇J║=3.2e-04
Iteration 1389/2000-----
currents: [100000.0, 99999.9995703489, 99999.99935316043]
J=3.5e-04, ⟨Jf⟩=3.1e-04, ⟨B·n⟩=4.1e-03, Len=sum([5.2, 5.2, 4.9])=15.4, ϰ=[5.4, 6.7, 5.8], ∫ϰ²/L>=[4.9, 7.1, 8.0], C-C-Sep=0.20, ║∇J║=2.7e-04
Iteration 1390/2000-----
currents: [100000.0, 99999.99956912234, 99999.99935130695]
J=3.5e-04, ⟨Jf⟩=3.1e-04, ⟨B·n⟩=4.1e-03, Len=sum([5.2, 5.2, 4.9])=15.4, ϰ=[5.4, 6.7, 5.9], ∫ϰ²/L>=[4.9, 7.1, 8.0], C-C-Sep=0.20, ║∇J║=3.2e-04
Iteration 1391/2000-----
currents: [100000.0, 99999.99956994345, 99999.99935254765]
J=3.5e-04, ⟨Jf⟩=3.1e-04, ⟨B·n⟩=4.1e-03, Len=sum([5.2, 5.2, 4.9])=15.4, ϰ=[5.4, 6.7, 5.9], ∫ϰ²/L>=[4.9, 7.1, 8.0], C-C-Sep=0.20, ║∇J║=2.8e-04
Iteration 1392/2000-----
currents: [100000.0, 99999.999569743, 99999.99935224476]
J=3.5e-04, ⟨Jf⟩=3.1e-04, ⟨B·n⟩=4.1e-03, Len=sum([5.2, 5.2, 4.9])=15.4, ϰ=[5.4, 6.7, 5.9], ∫ϰ²/L>=[4.9, 7.1, 8.0], C-C-Sep=0.20, ║∇J║=2.4e-04
Iteration 1393/2000-----
currents: [100000.0, 99999.9995694327, 99999.99935177552]
J=3.5e-04, ⟨Jf⟩=3.1e-04, ⟨B·n⟩=4.1e-03, Len=sum([5.2, 5.2, 4.9])=15.4, ϰ=[5.4, 6.7, 5.9], ∫ϰ²/L>=[4.9, 7.1, 8.0], C-C-Sep=0.20, ║∇J║=1.7e-04
Iteration 1394/2000-----
currents: [100000.0, 99999.9995691765, 99999.99935138818]
J=3.5e-04, ⟨Jf⟩=3.1e-04, ⟨B·n⟩=4.1e-03, Len=sum([5.2, 5.2, 4.9])=15.4, ϰ=[5.4, 6.7, 5.9], ∫ϰ²/L>=[4.9, 7.1, 8.0], C-C-Sep=0.20, ║∇J║=1.6e-04
Iteration 1395/2000-----
currents: [100000.0, 99999.99956875347, 99999.99935074858]
J=3.5e-04, ⟨Jf⟩=3.1e-04, ⟨B·n⟩=4.1e-03, Len=sum([5.2, 5.2, 4.9])=15.4, ϰ=[5.4, 6.7, 5.9], ∫ϰ²/L>=[4.9, 7.1, 8.0], C-C-Sep=0.20, ║∇J║=1.8e-04
Iteration 1396/2000-----
currents: [100000.0, 99999.99956864073, 99999.99935057794]
J=3.5e-04, ⟨Jf⟩=3.1e-04, ⟨B·n⟩=4.1e-03, Len=sum([5.2, 5.2, 4.9])=15.4, ϰ=[5.4, 6.7, 5.9], ∫ϰ²/L>=[4.9, 7.1, 8.0], C-C-Sep=0.20, ║∇J║=1.8e-04
Iteration 1397/2000-----
currents: [100000.0, 99999.99956829962, 99999.99935006248]
J=3.5e-04, ⟨Jf⟩=3.1e-04, ⟨B·n⟩=4.2e-03, Len=sum([5.2, 5.2, 4.9])=15.4, ϰ=[5.4, 6.7, 5.9], ∫ϰ²/L>=[4.9, 7.1, 8.0], C-C-Sep=0.20, ║∇J║=1.6e-04
Iteration 1398/2000-----
currents: [100000.0, 99999.9995675598, 99999.99934894458]
J=3.5e-04, ⟨Jf⟩=3.1e-04, ⟨B·n⟩=4.2e-03, Len=sum([5.2, 5.2, 4.9])=15.4, ϰ=[5.4, 6.7, 5.9], ∫ϰ²/L>=[4.9, 7.1, 8.0], C-C-Sep=0.20, ║∇J║=1.8e-04
Iteration 1399/2000-----
currents: [100000.0, 99999.99956729682, 99999.99934854731]
J=3.5e-04, ⟨Jf⟩=3.1e-04, ⟨B·n⟩=4.2e-03, Len=sum([5.2, 5.2, 4.9])=15.4, ϰ=[5.4, 6.7, 5.9], ∫ϰ²/L>=[4.9, 7.1, 8.0], C-C-Sep=0.20, ║∇J║=1.9e-04
Iteration 1400/2000-----
currents: [100000.0, 99999.99956723565, 99999.99934845483]
J=3.5e-04, ⟨Jf⟩=3.1e-04, ⟨B·n⟩=4.2e-03, Len=sum([5.2, 5.2, 4.9])=15.4, ϰ=[5.4, 6.7, 5.9], ∫ϰ²/L>=[4.9, 7.1, 8.0], C-C-Sep=0.20, ║∇J║=1.5e-04
Iteration 1401/2000-----
currents: [100000.0, 99999.99956667956, 99999.99934761446]
J=3.5e-04, ⟨Jf⟩=3.1e-04, ⟨B·n⟩=4.2e-03, Len=sum([5.2, 5.2, 4.9])=15.4, ϰ=[5.4, 6.7, 5.9], ∫ϰ²/L>=[4.9, 7.1, 8.0], C-C-Sep=0.20, ║∇J║=1.6e-04
Iteration 1402/2000-----
currents: [100000.0, 99999.99956627337, 99999.99934700056]
J=3.5e-04, ⟨Jf⟩=3.1e-04, ⟨B·n⟩=4.2e-03, Len=sum([5.2, 5.2, 4.9])=15.4, ϰ=[5.4, 6.7, 5.9], ∫ϰ²/L>=[4.9, 7.1, 8.0], C-C-Sep=0.20, ║∇J║=1.7e-04
Iteration 1403/2000-----
currents: [100000.0, 99999.9995652539, 99999.99934545973]
J=3.5e-04, ⟨Jf⟩=3.1e-04, ⟨B·n⟩=4.1e-03, Len=sum([5.2, 5.2, 4.9])=15.4, ϰ=[5.4, 6.7, 5.9], ∫ϰ²/L>=[4.9, 7.1, 8.0], C-C-Sep=0.20, ║∇J║=1.9e-04
Iteration 1404/2000-----
currents: [100000.0, 99999.99956435227, 99999.99934409716]
J=3.5e-04, ⟨Jf⟩=3.1e-04, ⟨B·n⟩=4.1e-03, Len=sum([5.2, 5.2, 4.9])=15.4, ϰ=[5.4, 6.7, 5.9], ∫ϰ²/L>=[4.9, 7.1, 8.0], C-C-Sep=0.20, ║∇J║=2.3e-04
Iteration 1405/2000-----
currents: [100000.0, 99999.99956360413, 99999.999342966]
J=3.5e-04, ⟨Jf⟩=3.1e-04, ⟨B·n⟩=4.1e-03, Len=sum([5.2, 5.2, 4.9])=15.4, ϰ=[5.4, 6.7, 5.9], ∫ϰ²/L>=[4.9, 7.1, 8.0], C-C-Sep=0.20, ║∇J║=2.3e-04
Iteration 1406/2000-----
currents: [100000.0, 99999.9995634507, 99999.99934273357]
J=3.5e-04, ⟨Jf⟩=3.1e-04, ⟨B·n⟩=4.1e-03, Len=sum([5.2, 5.2, 4.9])=15.4, ϰ=[5.4, 6.7, 5.9], ∫ϰ²/L>=[4.9, 7.1, 8.0], C-C-Sep=0.20, ║∇J║=1.9e-04
Iteration 1407/2000-----
currents: [100000.0, 99999.99956269494, 99999.99934159075]
J=3.5e-04, ⟨Jf⟩=3.1e-04, ⟨B·n⟩=4.1e-03, Len=sum([5.2, 5.2, 4.9])=15.4, ϰ=[5.4, 6.7, 5.9], ∫ϰ²/L>=[4.9, 7.1, 8.0], C-C-Sep=0.20, ║∇J║=1.9e-04
Iteration 1408/2000-----
currents: [100000.0, 99999.99956214984, 99999.99934076593]
J=3.5e-04, ⟨Jf⟩=3.1e-04, ⟨B·n⟩=4.1e-03, Len=sum([5.2, 5.2, 4.9])=15.4, ϰ=[5.4, 6.7, 5.9], ∫ϰ²/L>=[4.9, 7.1, 8.0], C-C-Sep=0.20, ║∇J║=2.1e-04
Iteration 1409/2000-----
currents: [100000.0, 99999.99956090678, 99999.99933888635]
J=3.5e-04, ⟨Jf⟩=3.1e-04, ⟨B·n⟩=4.1e-03, Len=sum([5.2, 5.2, 4.9])=15.4, ϰ=[5.4, 6.7, 5.8], ∫ϰ²/L>=[4.9, 7.1, 8.0], C-C-Sep=0.20, ║∇J║=2.2e-04
Iteration 1410/2000-----
currents: [100000.0, 99999.99956063411, 99999.99933847389]
J=3.5e-04, ⟨Jf⟩=3.1e-04, ⟨B·n⟩=4.1e-03, Len=sum([5.2, 5.2, 4.9])=15.4, ϰ=[5.4, 6.7, 5.8], ∫ϰ²/L>=[4.9, 7.1, 8.0], C-C-Sep=0.20, ║∇J║=2.3e-04
Iteration 1411/2000-----
currents: [100000.0, 99999.99955937907, 99999.99933657628]
J=3.5e-04, ⟨Jf⟩=3.1e-04, ⟨B·n⟩=4.1e-03, Len=sum([5.2, 5.2, 4.9])=15.4, ϰ=[5.5, 6.7, 5.8], ∫ϰ²/L>=[4.9, 7.1, 8.0], C-C-Sep=0.20, ║∇J║=2.2e-04
Iteration 1412/2000-----
currents: [100000.0, 99999.99955929871, 99999.99933645464]
J=3.5e-04, ⟨Jf⟩=3.1e-04, ⟨B·n⟩=4.2e-03, Len=sum([5.2, 5.2, 4.9])=15.4, ϰ=[5.5, 6.7, 5.8], ∫ϰ²/L>=[4.9, 7.1, 8.0], C-C-Sep=0.20, ║∇J║=2.7e-04
Iteration 1413/2000-----
currents: [100000.0, 99999.99955856407, 99999.99933534408]
J=3.5e-04, ⟨Jf⟩=3.1e-04, ⟨B·n⟩=4.2e-03, Len=sum([5.2, 5.2, 4.9])=15.4, ϰ=[5.5, 6.7, 5.8], ∫ϰ²/L>=[4.9, 7.1, 8.0], C-C-Sep=0.20, ║∇J║=2.2e-04
Iteration 1414/2000-----
currents: [100000.0, 99999.99955746753, 99999.999333686]
J=3.5e-04, ⟨Jf⟩=3.1e-04, ⟨B·n⟩=4.2e-03, Len=sum([5.2, 5.2, 4.9])=15.4, ϰ=[5.5, 6.7, 5.8], ∫ϰ²/L>=[4.9, 7.1, 8.0], C-C-Sep=0.20, ║∇J║=2.3e-04
Iteration 1415/2000-----
currents: [100000.0, 99999.99955570346, 99999.99933101877]
J=3.5e-04, ⟨Jf⟩=3.1e-04, ⟨B·n⟩=4.2e-03, Len=sum([5.2, 5.2, 4.9])=15.4, ϰ=[5.5, 6.7, 5.8], ∫ϰ²/L>=[4.9, 7.1, 8.0], C-C-Sep=0.20, ║∇J║=3.3e-04
Iteration 1416/2000-----
currents: [100000.0, 99999.99955568742, 99999.9993309945]
J=3.5e-04, ⟨Jf⟩=3.1e-04, ⟨B·n⟩=4.2e-03, Len=sum([5.2, 5.2, 4.9])=15.4, ϰ=[5.5, 6.7, 5.8], ∫ϰ²/L>=[4.9, 7.1, 8.0], C-C-Sep=0.20, ║∇J║=2.4e-04
Iteration 1417/2000-----
currents: [100000.0, 99999.99955464427, 99999.9993294182]
J=3.5e-04, ⟨Jf⟩=3.1e-04, ⟨B·n⟩=4.2e-03, Len=sum([5.2, 5.2, 4.9])=15.4, ϰ=[5.5, 6.7, 5.8], ∫ϰ²/L>=[4.9, 7.1, 8.0], C-C-Sep=0.20, ║∇J║=3.2e-04
Iteration 1418/2000-----
currents: [100000.0, 99999.99955400135, 99999.99932844643]
J=3.5e-04, ⟨Jf⟩=3.1e-04, ⟨B·n⟩=4.2e-03, Len=sum([5.2, 5.2, 4.9])=15.4, ϰ=[5.5, 6.7, 5.8], ∫ϰ²/L>=[4.9, 7.1, 8.0], C-C-Sep=0.20, ║∇J║=2.3e-04
Iteration 1419/2000-----
currents: [100000.0, 99999.99955205861, 99999.99932550977]
J=3.5e-04, ⟨Jf⟩=3.1e-04, ⟨B·n⟩=4.2e-03, Len=sum([5.2, 5.2, 4.9])=15.4, ϰ=[5.5, 6.7, 5.8], ∫ϰ²/L>=[4.9, 7.1, 8.0], C-C-Sep=0.20, ║∇J║=2.7e-04
Iteration 1420/2000-----
currents: [100000.0, 99999.99955226821, 99999.99932582681]
J=3.5e-04, ⟨Jf⟩=3.1e-04, ⟨B·n⟩=4.2e-03, Len=sum([5.2, 5.2, 4.9])=15.4, ϰ=[5.5, 6.7, 5.8], ∫ϰ²/L>=[4.9, 7.1, 8.0], C-C-Sep=0.20, ║∇J║=2.5e-04
Iteration 1421/2000-----
currents: [100000.0, 99999.9995518226, 99999.99932515367]
J=3.5e-04, ⟨Jf⟩=3.1e-04, ⟨B·n⟩=4.2e-03, Len=sum([5.2, 5.2, 4.9])=15.4, ϰ=[5.5, 6.7, 5.8], ∫ϰ²/L>=[4.9, 7.1, 8.0], C-C-Sep=0.20, ║∇J║=2.5e-04
Iteration 1422/2000-----
currents: [100000.0, 99999.99955082669, 99999.99932364833]
J=3.5e-04, ⟨Jf⟩=3.1e-04, ⟨B·n⟩=4.2e-03, Len=sum([5.2, 5.2, 4.9])=15.4, ϰ=[5.5, 6.7, 5.8], ∫ϰ²/L>=[4.9, 7.1, 8.0], C-C-Sep=0.20, ║∇J║=2.4e-04
Iteration 1423/2000-----
currents: [100000.0, 99999.9995496149, 99999.99932181713]
J=3.5e-04, ⟨Jf⟩=3.1e-04, ⟨B·n⟩=4.2e-03, Len=sum([5.2, 5.2, 4.9])=15.4, ϰ=[5.5, 6.7, 5.8], ∫ϰ²/L>=[4.9, 7.1, 8.0], C-C-Sep=0.20, ║∇J║=2.4e-04
Iteration 1424/2000-----
currents: [100000.0, 99999.9995473162, 99999.99931834245]
J=3.5e-04, ⟨Jf⟩=3.1e-04, ⟨B·n⟩=4.1e-03, Len=sum([5.2, 5.2, 4.9])=15.4, ϰ=[5.5, 6.7, 5.8], ∫ϰ²/L>=[5.0, 7.1, 8.0], C-C-Sep=0.20, ║∇J║=3.2e-04
Iteration 1425/2000-----
currents: [100000.0, 99999.99954749754, 99999.99931861639]
J=3.5e-04, ⟨Jf⟩=3.1e-04, ⟨B·n⟩=4.2e-03, Len=sum([5.2, 5.2, 4.9])=15.4, ϰ=[5.5, 6.7, 5.8], ∫ϰ²/L>=[5.0, 7.1, 8.0], C-C-Sep=0.20, ║∇J║=4.0e-04
Iteration 1426/2000-----
currents: [100000.0, 99999.99954720945, 99999.99931818027]
J=3.5e-04, ⟨Jf⟩=3.1e-04, ⟨B·n⟩=4.1e-03, Len=sum([5.2, 5.2, 4.9])=15.4, ϰ=[5.5, 6.7, 5.8], ∫ϰ²/L>=[5.0, 7.1, 8.0], C-C-Sep=0.20, ║∇J║=3.5e-04
Iteration 1427/2000-----
currents: [100000.0, 99999.99954637834, 99999.99931692389]
J=3.5e-04, ⟨Jf⟩=3.1e-04, ⟨B·n⟩=4.1e-03, Len=sum([5.2, 5.2, 4.9])=15.4, ϰ=[5.5, 6.7, 5.8], ∫ϰ²/L>=[5.0, 7.1, 8.0], C-C-Sep=0.20, ║∇J║=1.9e-04
Iteration 1428/2000-----
currents: [100000.0, 99999.99954455797, 99999.9993141713]
J=3.5e-04, ⟨Jf⟩=3.1e-04, ⟨B·n⟩=4.1e-03, Len=sum([5.2, 5.2, 4.9])=15.4, ϰ=[5.5, 6.7, 5.8], ∫ϰ²/L>=[5.0, 7.1, 8.0], C-C-Sep=0.20, ║∇J║=2.4e-04
Iteration 1429/2000-----
currents: [100000.0, 99999.9995441135, 99999.99931349908]
J=3.5e-04, ⟨Jf⟩=3.1e-04, ⟨B·n⟩=4.1e-03, Len=sum([5.2, 5.2, 4.9])=15.4, ϰ=[5.5, 6.7, 5.8], ∫ϰ²/L>=[5.0, 7.1, 8.0], C-C-Sep=0.20, ║∇J║=3.3e-04
Iteration 1430/2000-----
currents: [100000.0, 99999.99954350908, 99999.99931258509]
J=3.5e-04, ⟨Jf⟩=3.1e-04, ⟨B·n⟩=4.1e-03, Len=sum([5.2, 5.2, 4.9])=15.4, ϰ=[5.5, 6.7, 5.8], ∫ϰ²/L>=[5.0, 7.1, 8.0], C-C-Sep=0.20, ║∇J║=2.1e-04
Iteration 1431/2000-----
currents: [100000.0, 99999.99954303373, 99999.99931186633]
J=3.5e-04, ⟨Jf⟩=3.1e-04, ⟨B·n⟩=4.1e-03, Len=sum([5.2, 5.2, 4.9])=15.4, ϰ=[5.5, 6.7, 5.8], ∫ϰ²/L>=[5.0, 7.1, 8.0], C-C-Sep=0.20, ║∇J║=2.1e-04
Iteration 1432/2000-----
currents: [100000.0, 99999.99954290994, 99999.999311679]
J=3.5e-04, ⟨Jf⟩=3.1e-04, ⟨B·n⟩=4.1e-03, Len=sum([5.2, 5.2, 4.9])=15.4, ϰ=[5.5, 6.7, 5.8], ∫ϰ²/L>=[5.0, 7.1, 8.0], C-C-Sep=0.20, ║∇J║=2.4e-04
Iteration 1433/2000-----
currents: [100000.0, 99999.99954217272, 99999.99931056422]
J=3.5e-04, ⟨Jf⟩=3.1e-04, ⟨B·n⟩=4.1e-03, Len=sum([5.2, 5.2, 4.9])=15.4, ϰ=[5.5, 6.7, 5.8], ∫ϰ²/L>=[5.0, 7.1, 8.0], C-C-Sep=0.20, ║∇J║=2.4e-04
Iteration 1434/2000-----
currents: [100000.0, 99999.99954225596, 99999.99931068996]
J=3.5e-04, ⟨Jf⟩=3.1e-04, ⟨B·n⟩=4.1e-03, Len=sum([5.2, 5.2, 4.9])=15.4, ϰ=[5.5, 6.7, 5.8], ∫ϰ²/L>=[4.9, 7.1, 8.0], C-C-Sep=0.20, ║∇J║=3.0e-04
Iteration 1435/2000-----
currents: [100000.0, 99999.99954162826, 99999.9993097412]
J=3.5e-04, ⟨Jf⟩=3.1e-04, ⟨B·n⟩=4.1e-03, Len=sum([5.2, 5.2, 4.9])=15.4, ϰ=[5.5, 6.7, 5.8], ∫ϰ²/L>=[4.9, 7.1, 8.0], C-C-Sep=0.20, ║∇J║=2.9e-04
Iteration 1436/2000-----
currents: [100000.0, 99999.9995415494, 99999.99930962194]
J=3.5e-04, ⟨Jf⟩=3.1e-04, ⟨B·n⟩=4.1e-03, Len=sum([5.2, 5.2, 4.9])=15.4, ϰ=[5.5, 6.7, 5.8], ∫ϰ²/L>=[4.9, 7.1, 8.0], C-C-Sep=0.20, ║∇J║=2.2e-04
Iteration 1437/2000-----
currents: [100000.0, 99999.99954114178, 99999.99930900568]
J=3.5e-04, ⟨Jf⟩=3.1e-04, ⟨B·n⟩=4.2e-03, Len=sum([5.2, 5.2, 4.9])=15.4, ϰ=[5.5, 6.7, 5.8], ∫ϰ²/L>=[4.9, 7.1, 8.0], C-C-Sep=0.20, ║∇J║=2.1e-04
Iteration 1438/2000-----
currents: [100000.0, 99999.99954066986, 99999.99930829181]
J=3.5e-04, ⟨Jf⟩=3.1e-04, ⟨B·n⟩=4.2e-03, Len=sum([5.2, 5.2, 4.9])=15.4, ϰ=[5.5, 6.7, 5.8], ∫ϰ²/L>=[4.9, 7.1, 8.0], C-C-Sep=0.20, ║∇J║=2.2e-04
Iteration 1439/2000-----
currents: [100000.0, 99999.99954005943, 99999.99930736874]
J=3.5e-04, ⟨Jf⟩=3.1e-04, ⟨B·n⟩=4.2e-03, Len=sum([5.2, 5.2, 4.9])=15.4, ϰ=[5.5, 6.7, 5.8], ∫ϰ²/L>=[4.9, 7.1, 8.0], C-C-Sep=0.20, ║∇J║=2.0e-04
Iteration 1440/2000-----
currents: [100000.0, 99999.99953996383, 99999.99930722362]
J=3.5e-04, ⟨Jf⟩=3.1e-04, ⟨B·n⟩=4.1e-03, Len=sum([5.2, 5.2, 4.9])=15.4, ϰ=[5.5, 6.7, 5.8], ∫ϰ²/L>=[4.9, 7.1, 8.0], C-C-Sep=0.20, ║∇J║=1.9e-04
Iteration 1441/2000-----
currents: [100000.0, 99999.99953925044, 99999.99930614493]
J=3.5e-04, ⟨Jf⟩=3.1e-04, ⟨B·n⟩=4.1e-03, Len=sum([5.2, 5.2, 4.9])=15.4, ϰ=[5.5, 6.7, 5.8], ∫ϰ²/L>=[4.9, 7.1, 8.0], C-C-Sep=0.20, ║∇J║=2.3e-04
Iteration 1442/2000-----
currents: [100000.0, 99999.99953920815, 99999.99930608085]
J=3.5e-04, ⟨Jf⟩=3.1e-04, ⟨B·n⟩=4.1e-03, Len=sum([5.2, 5.2, 4.9])=15.4, ϰ=[5.5, 6.7, 5.8], ∫ϰ²/L>=[4.9, 7.1, 8.0], C-C-Sep=0.20, ║∇J║=1.8e-04
Iteration 1443/2000-----
currents: [100000.0, 99999.99953864454, 99999.99930522873]
J=3.5e-04, ⟨Jf⟩=3.1e-04, ⟨B·n⟩=4.1e-03, Len=sum([5.2, 5.2, 4.9])=15.4, ϰ=[5.5, 6.7, 5.8], ∫ϰ²/L>=[4.9, 7.1, 8.0], C-C-Sep=0.20, ║∇J║=2.2e-04
Iteration 1444/2000-----
currents: [100000.0, 99999.99953810088, 99999.99930440681]
J=3.5e-04, ⟨Jf⟩=3.1e-04, ⟨B·n⟩=4.1e-03, Len=sum([5.2, 5.2, 4.9])=15.4, ϰ=[5.5, 6.7, 5.8], ∫ϰ²/L>=[4.9, 7.1, 8.0], C-C-Sep=0.20, ║∇J║=2.4e-04
Iteration 1445/2000-----
currents: [100000.0, 99999.99953737207, 99999.99930330522]
J=3.5e-04, ⟨Jf⟩=3.1e-04, ⟨B·n⟩=4.1e-03, Len=sum([5.2, 5.2, 4.9])=15.4, ϰ=[5.5, 6.7, 5.8], ∫ϰ²/L>=[4.9, 7.1, 8.0], C-C-Sep=0.20, ║∇J║=2.0e-04
Iteration 1446/2000-----
currents: [100000.0, 99999.99953677526, 99999.99930240301]
J=3.5e-04, ⟨Jf⟩=3.1e-04, ⟨B·n⟩=4.1e-03, Len=sum([5.2, 5.2, 4.9])=15.4, ϰ=[5.5, 6.7, 5.8], ∫ϰ²/L>=[4.9, 7.1, 8.0], C-C-Sep=0.20, ║∇J║=2.2e-04
Iteration 1447/2000-----
currents: [100000.0, 99999.99953552372, 99999.99930051022]
J=3.5e-04, ⟨Jf⟩=3.1e-04, ⟨B·n⟩=4.1e-03, Len=sum([5.2, 5.2, 4.9])=15.4, ϰ=[5.5, 6.7, 5.8], ∫ϰ²/L>=[4.9, 7.1, 8.0], C-C-Sep=0.20, ║∇J║=2.3e-04
Iteration 1448/2000-----
currents: [100000.0, 99999.99953514445, 99999.99929993642]
J=3.5e-04, ⟨Jf⟩=3.1e-04, ⟨B·n⟩=4.1e-03, Len=sum([5.2, 5.2, 4.9])=15.4, ϰ=[5.5, 6.7, 5.8], ∫ϰ²/L>=[4.9, 7.1, 8.0], C-C-Sep=0.20, ║∇J║=2.3e-04
Iteration 1449/2000-----
currents: [100000.0, 99999.99953393413, 99999.99929810644]
J=3.5e-04, ⟨Jf⟩=3.1e-04, ⟨B·n⟩=4.1e-03, Len=sum([5.2, 5.2, 4.9])=15.4, ϰ=[5.5, 6.7, 5.8], ∫ϰ²/L>=[4.9, 7.1, 8.0], C-C-Sep=0.20, ║∇J║=2.8e-04
Iteration 1450/2000-----
currents: [100000.0, 99999.99953406844, 99999.99929830941]
J=3.5e-04, ⟨Jf⟩=3.1e-04, ⟨B·n⟩=4.1e-03, Len=sum([5.2, 5.2, 4.9])=15.4, ϰ=[5.5, 6.7, 5.8], ∫ϰ²/L>=[4.9, 7.1, 8.0], C-C-Sep=0.20, ║∇J║=1.8e-04
Iteration 1451/2000-----
currents: [100000.0, 99999.99953350838, 99999.99929746233]
J=3.5e-04, ⟨Jf⟩=3.1e-04, ⟨B·n⟩=4.1e-03, Len=sum([5.2, 5.2, 4.9])=15.4, ϰ=[5.5, 6.7, 5.8], ∫ϰ²/L>=[4.9, 7.1, 8.0], C-C-Sep=0.20, ║∇J║=1.8e-04
Iteration 1452/2000-----
currents: [100000.0, 99999.99953310368, 99999.99929685047]
J=3.5e-04, ⟨Jf⟩=3.1e-04, ⟨B·n⟩=4.1e-03, Len=sum([5.2, 5.2, 4.9])=15.4, ϰ=[5.5, 6.7, 5.8], ∫ϰ²/L>=[4.9, 7.1, 8.0], C-C-Sep=0.20, ║∇J║=2.0e-04
Iteration 1453/2000-----
currents: [100000.0, 99999.99953159348, 99999.9992945671]
J=3.5e-04, ⟨Jf⟩=3.1e-04, ⟨B·n⟩=4.1e-03, Len=sum([5.2, 5.2, 4.9])=15.4, ϰ=[5.5, 6.7, 5.8], ∫ϰ²/L>=[4.9, 7.1, 8.0], C-C-Sep=0.20, ║∇J║=2.1e-04
Iteration 1454/2000-----
currents: [100000.0, 99999.9995307169, 99999.99929324117]
J=3.5e-04, ⟨Jf⟩=3.1e-04, ⟨B·n⟩=4.1e-03, Len=sum([5.2, 5.2, 4.9])=15.4, ϰ=[5.5, 6.7, 5.8], ∫ϰ²/L>=[4.9, 7.1, 8.0], C-C-Sep=0.20, ║∇J║=2.1e-04
Iteration 1455/2000-----
currents: [100000.0, 99999.9995300344, 99999.9992922088]
J=3.5e-04, ⟨Jf⟩=3.1e-04, ⟨B·n⟩=4.1e-03, Len=sum([5.2, 5.2, 4.9])=15.4, ϰ=[5.5, 6.7, 5.8], ∫ϰ²/L>=[4.9, 7.1, 8.0], C-C-Sep=0.20, ║∇J║=2.0e-04
Iteration 1456/2000-----
currents: [100000.0, 99999.99952938614, 99999.99929122833]
J=3.5e-04, ⟨Jf⟩=3.1e-04, ⟨B·n⟩=4.1e-03, Len=sum([5.2, 5.2, 4.9])=15.4, ϰ=[5.5, 6.7, 5.8], ∫ϰ²/L>=[4.9, 7.1, 8.0], C-C-Sep=0.20, ║∇J║=2.3e-04
Iteration 1457/2000-----
currents: [100000.0, 99999.99952774936, 99999.99928875275]
J=3.5e-04, ⟨Jf⟩=3.1e-04, ⟨B·n⟩=4.1e-03, Len=sum([5.2, 5.2, 4.9])=15.4, ϰ=[5.5, 6.7, 5.8], ∫ϰ²/L>=[4.9, 7.1, 8.0], C-C-Sep=0.20, ║∇J║=2.3e-04
Iteration 1458/2000-----
currents: [100000.0, 99999.99952495914, 99999.99928453247]
J=3.5e-04, ⟨Jf⟩=3.1e-04, ⟨B·n⟩=4.1e-03, Len=sum([5.2, 5.2, 4.9])=15.4, ϰ=[5.5, 6.7, 5.8], ∫ϰ²/L>=[4.9, 7.1, 8.0], C-C-Sep=0.20, ║∇J║=3.6e-04
Iteration 1459/2000-----
currents: [100000.0, 99999.99952607922, 99999.99928622562]
J=3.5e-04, ⟨Jf⟩=3.1e-04, ⟨B·n⟩=4.1e-03, Len=sum([5.2, 5.2, 4.9])=15.4, ϰ=[5.5, 6.7, 5.8], ∫ϰ²/L>=[4.9, 7.1, 8.0], C-C-Sep=0.20, ║∇J║=3.5e-04
Iteration 1460/2000-----
currents: [100000.0, 99999.99952492022, 99999.99928447312]
J=3.5e-04, ⟨Jf⟩=3.1e-04, ⟨B·n⟩=4.1e-03, Len=sum([5.2, 5.2, 4.9])=15.4, ϰ=[5.5, 6.7, 5.8], ∫ϰ²/L>=[4.9, 7.1, 8.0], C-C-Sep=0.20, ║∇J║=4.2e-04
Iteration 1461/2000-----
currents: [100000.0, 99999.99952446308, 99999.99928378219]
J=3.5e-04, ⟨Jf⟩=3.1e-04, ⟨B·n⟩=4.1e-03, Len=sum([5.2, 5.2, 4.9])=15.4, ϰ=[5.5, 6.7, 5.8], ∫ϰ²/L>=[4.9, 7.1, 8.0], C-C-Sep=0.20, ║∇J║=2.7e-04
Iteration 1462/2000-----
currents: [100000.0, 99999.9995236297, 99999.99928252141]
J=3.5e-04, ⟨Jf⟩=3.1e-04, ⟨B·n⟩=4.1e-03, Len=sum([5.2, 5.2, 4.9])=15.4, ϰ=[5.5, 6.7, 5.8], ∫ϰ²/L>=[4.9, 7.1, 8.0], C-C-Sep=0.20, ║∇J║=2.2e-04
Iteration 1463/2000-----
currents: [100000.0, 99999.9995229882, 99999.9992815508]
J=3.5e-04, ⟨Jf⟩=3.1e-04, ⟨B·n⟩=4.1e-03, Len=sum([5.2, 5.2, 4.9])=15.4, ϰ=[5.5, 6.7, 5.8], ∫ϰ²/L>=[4.9, 7.1, 8.0], C-C-Sep=0.20, ║∇J║=1.7e-04
Iteration 1464/2000-----
currents: [100000.0, 99999.99952117639, 99999.99927880973]
J=3.5e-04, ⟨Jf⟩=3.1e-04, ⟨B·n⟩=4.1e-03, Len=sum([5.2, 5.2, 4.9])=15.4, ϰ=[5.5, 6.7, 5.8], ∫ϰ²/L>=[4.9, 7.1, 8.0], C-C-Sep=0.20, ║∇J║=2.5e-04
Iteration 1465/2000-----
currents: [100000.0, 99999.99952026184, 99999.99927742561]
J=3.5e-04, ⟨Jf⟩=3.1e-04, ⟨B·n⟩=4.1e-03, Len=sum([5.2, 5.2, 4.9])=15.4, ϰ=[5.5, 6.7, 5.8], ∫ϰ²/L>=[4.9, 7.1, 8.0], C-C-Sep=0.20, ║∇J║=2.7e-04
Iteration 1466/2000-----
currents: [100000.0, 99999.99951957168, 99999.99927638096]
J=3.5e-04, ⟨Jf⟩=3.1e-04, ⟨B·n⟩=4.1e-03, Len=sum([5.2, 5.2, 4.9])=15.4, ϰ=[5.5, 6.7, 5.8], ∫ϰ²/L>=[4.9, 7.1, 8.0], C-C-Sep=0.20, ║∇J║=2.5e-04
Iteration 1467/2000-----
currents: [100000.0, 99999.99951901623, 99999.99927554041]
J=3.5e-04, ⟨Jf⟩=3.1e-04, ⟨B·n⟩=4.1e-03, Len=sum([5.2, 5.2, 4.9])=15.4, ϰ=[5.5, 6.7, 5.8], ∫ϰ²/L>=[4.9, 7.1, 8.0], C-C-Sep=0.20, ║∇J║=2.8e-04
Iteration 1468/2000-----
currents: [100000.0, 99999.99951860803, 99999.99927492236]
J=3.5e-04, ⟨Jf⟩=3.1e-04, ⟨B·n⟩=4.1e-03, Len=sum([5.2, 5.2, 4.9])=15.4, ϰ=[5.5, 6.7, 5.8], ∫ϰ²/L>=[4.9, 7.1, 8.0], C-C-Sep=0.20, ║∇J║=2.6e-04
Iteration 1469/2000-----
currents: [100000.0, 99999.99951735797, 99999.99927303093]
J=3.5e-04, ⟨Jf⟩=3.1e-04, ⟨B·n⟩=4.1e-03, Len=sum([5.2, 5.2, 4.9])=15.4, ϰ=[5.5, 6.7, 5.8], ∫ϰ²/L>=[4.9, 7.1, 8.0], C-C-Sep=0.20, ║∇J║=2.8e-04
Iteration 1470/2000-----
currents: [100000.0, 99999.99951819095, 99999.9992742899]
J=3.5e-04, ⟨Jf⟩=3.1e-04, ⟨B·n⟩=4.1e-03, Len=sum([5.2, 5.2, 4.9])=15.4, ϰ=[5.5, 6.7, 5.9], ∫ϰ²/L>=[4.9, 7.1, 8.0], C-C-Sep=0.20, ║∇J║=4.1e-04
Iteration 1471/2000-----
currents: [100000.0, 99999.99951778872, 99999.99927368197]
J=3.5e-04, ⟨Jf⟩=3.1e-04, ⟨B·n⟩=4.1e-03, Len=sum([5.2, 5.2, 4.9])=15.4, ϰ=[5.5, 6.7, 5.9], ∫ϰ²/L>=[4.9, 7.1, 8.0], C-C-Sep=0.20, ║∇J║=2.7e-04
Iteration 1472/2000-----
currents: [100000.0, 99999.99951684718, 99999.99927225757]
J=3.5e-04, ⟨Jf⟩=3.1e-04, ⟨B·n⟩=4.1e-03, Len=sum([5.2, 5.2, 4.9])=15.4, ϰ=[5.5, 6.7, 5.9], ∫ϰ²/L>=[4.9, 7.1, 8.0], C-C-Sep=0.20, ║∇J║=3.1e-04
Iteration 1473/2000-----
currents: [100000.0, 99999.9995162763, 99999.99927139399]
J=3.5e-04, ⟨Jf⟩=3.1e-04, ⟨B·n⟩=4.1e-03, Len=sum([5.2, 5.2, 4.9])=15.4, ϰ=[5.5, 6.7, 5.9], ∫ϰ²/L>=[4.9, 7.1, 8.0], C-C-Sep=0.20, ║∇J║=2.2e-04
Iteration 1474/2000-----
currents: [100000.0, 99999.99951557799, 99999.99927033707]
J=3.5e-04, ⟨Jf⟩=3.1e-04, ⟨B·n⟩=4.1e-03, Len=sum([5.2, 5.2, 4.9])=15.4, ϰ=[5.5, 6.7, 5.9], ∫ϰ²/L>=[4.9, 7.1, 8.0], C-C-Sep=0.20, ║∇J║=2.2e-04
Iteration 1475/2000-----
currents: [100000.0, 99999.99951496106, 99999.99926940331]
J=3.5e-04, ⟨Jf⟩=3.1e-04, ⟨B·n⟩=4.1e-03, Len=sum([5.2, 5.2, 4.9])=15.4, ϰ=[5.5, 6.7, 5.9], ∫ϰ²/L>=[4.9, 7.1, 8.0], C-C-Sep=0.20, ║∇J║=2.1e-04
Iteration 1476/2000-----
currents: [100000.0, 99999.99951422783, 99999.99926829331]
J=3.5e-04, ⟨Jf⟩=3.1e-04, ⟨B·n⟩=4.1e-03, Len=sum([5.2, 5.2, 4.9])=15.4, ϰ=[5.5, 6.7, 5.8], ∫ϰ²/L>=[4.9, 7.1, 8.0], C-C-Sep=0.20, ║∇J║=1.9e-04
Iteration 1477/2000-----
currents: [100000.0, 99999.99951346348, 99999.99926713655]
J=3.5e-04, ⟨Jf⟩=3.1e-04, ⟨B·n⟩=4.1e-03, Len=sum([5.2, 5.2, 4.9])=15.4, ϰ=[5.5, 6.7, 5.8], ∫ϰ²/L>=[4.9, 7.1, 8.0], C-C-Sep=0.20, ║∇J║=2.2e-04
Iteration 1478/2000-----
currents: [100000.0, 99999.99951289201, 99999.99926627106]
J=3.5e-04, ⟨Jf⟩=3.1e-04, ⟨B·n⟩=4.1e-03, Len=sum([5.2, 5.2, 4.9])=15.4, ϰ=[5.5, 6.7, 5.8], ∫ϰ²/L>=[4.9, 7.1, 8.0], C-C-Sep=0.20, ║∇J║=1.8e-04
Iteration 1479/2000-----
currents: [100000.0, 99999.99951274824, 99999.99926605362]
J=3.5e-04, ⟨Jf⟩=3.1e-04, ⟨B·n⟩=4.1e-03, Len=sum([5.2, 5.2, 4.9])=15.4, ϰ=[5.5, 6.7, 5.9], ∫ϰ²/L>=[4.9, 7.1, 8.0], C-C-Sep=0.20, ║∇J║=1.8e-04
Iteration 1480/2000-----
currents: [100000.0, 99999.99951224899, 99999.99926529836]
J=3.5e-04, ⟨Jf⟩=3.1e-04, ⟨B·n⟩=4.1e-03, Len=sum([5.2, 5.2, 4.9])=15.4, ϰ=[5.5, 6.7, 5.9], ∫ϰ²/L>=[4.9, 7.1, 8.0], C-C-Sep=0.20, ║∇J║=2.0e-04
Iteration 1481/2000-----
currents: [100000.0, 99999.99951242289, 99999.99926556135]
J=3.5e-04, ⟨Jf⟩=3.1e-04, ⟨B·n⟩=4.1e-03, Len=sum([5.2, 5.2, 4.9])=15.4, ϰ=[5.5, 6.7, 5.9], ∫ϰ²/L>=[4.9, 7.1, 8.0], C-C-Sep=0.20, ║∇J║=2.1e-04
Iteration 1482/2000-----
currents: [100000.0, 99999.99951141962, 99999.99926404328]
J=3.5e-04, ⟨Jf⟩=3.1e-04, ⟨B·n⟩=4.1e-03, Len=sum([5.2, 5.2, 4.9])=15.4, ϰ=[5.5, 6.7, 5.9], ∫ϰ²/L>=[4.9, 7.1, 8.0], C-C-Sep=0.20, ║∇J║=2.7e-04
Iteration 1483/2000-----
currents: [100000.0, 99999.99951155968, 99999.99926425544]
J=3.5e-04, ⟨Jf⟩=3.1e-04, ⟨B·n⟩=4.1e-03, Len=sum([5.2, 5.2, 4.9])=15.4, ϰ=[5.5, 6.7, 5.9], ∫ϰ²/L>=[4.9, 7.1, 8.0], C-C-Sep=0.20, ║∇J║=2.4e-04
Iteration 1484/2000-----
currents: [100000.0, 99999.9995112755, 99999.99926382543]
J=3.5e-04, ⟨Jf⟩=3.1e-04, ⟨B·n⟩=4.1e-03, Len=sum([5.2, 5.2, 4.9])=15.4, ϰ=[5.5, 6.7, 5.9], ∫ϰ²/L>=[4.9, 7.1, 8.0], C-C-Sep=0.20, ║∇J║=2.0e-04
Iteration 1485/2000-----
currents: [100000.0, 99999.9995110748, 99999.99926352195]
J=3.5e-04, ⟨Jf⟩=3.1e-04, ⟨B·n⟩=4.1e-03, Len=sum([5.2, 5.2, 4.9])=15.4, ϰ=[5.5, 6.7, 5.9], ∫ϰ²/L>=[4.9, 7.1, 8.0], C-C-Sep=0.20, ║∇J║=1.6e-04
Iteration 1486/2000-----
currents: [100000.0, 99999.99951066061, 99999.99926289533]
J=3.5e-04, ⟨Jf⟩=3.1e-04, ⟨B·n⟩=4.1e-03, Len=sum([5.2, 5.2, 4.9])=15.4, ϰ=[5.5, 6.7, 5.8], ∫ϰ²/L>=[4.9, 7.1, 8.0], C-C-Sep=0.20, ║∇J║=1.9e-04
Iteration 1487/2000-----
currents: [100000.0, 99999.99951003674, 99999.99926195129]
J=3.5e-04, ⟨Jf⟩=3.1e-04, ⟨B·n⟩=4.1e-03, Len=sum([5.2, 5.2, 4.9])=15.4, ϰ=[5.5, 6.7, 5.8], ∫ϰ²/L>=[4.9, 7.1, 8.0], C-C-Sep=0.20, ║∇J║=2.4e-04
Iteration 1488/2000-----
currents: [100000.0, 99999.99950967437, 99999.99926140287]
J=3.5e-04, ⟨Jf⟩=3.1e-04, ⟨B·n⟩=4.1e-03, Len=sum([5.2, 5.2, 4.9])=15.4, ϰ=[5.5, 6.7, 5.8], ∫ϰ²/L>=[4.9, 7.1, 8.0], C-C-Sep=0.20, ║∇J║=2.0e-04
Iteration 1489/2000-----
currents: [100000.0, 99999.9995091995, 99999.99926068392]
J=3.5e-04, ⟨Jf⟩=3.1e-04, ⟨B·n⟩=4.1e-03, Len=sum([5.2, 5.2, 4.9])=15.4, ϰ=[5.5, 6.7, 5.8], ∫ϰ²/L>=[4.9, 7.1, 8.0], C-C-Sep=0.20, ║∇J║=1.8e-04
Iteration 1490/2000-----
currents: [100000.0, 99999.99950814247, 99999.9992590841]
J=3.5e-04, ⟨Jf⟩=3.1e-04, ⟨B·n⟩=4.1e-03, Len=sum([5.2, 5.2, 4.9])=15.4, ϰ=[5.5, 6.7, 5.8], ∫ϰ²/L>=[4.9, 7.1, 8.0], C-C-Sep=0.20, ║∇J║=2.2e-04
Iteration 1491/2000-----
currents: [100000.0, 99999.99950777365, 99999.99925852574]
J=3.5e-04, ⟨Jf⟩=3.1e-04, ⟨B·n⟩=4.1e-03, Len=sum([5.2, 5.2, 4.9])=15.4, ϰ=[5.4, 6.7, 5.8], ∫ϰ²/L>=[4.9, 7.1, 8.0], C-C-Sep=0.20, ║∇J║=2.2e-04
Iteration 1492/2000-----
currents: [100000.0, 99999.99950692439, 99999.9992572407]
J=3.5e-04, ⟨Jf⟩=3.1e-04, ⟨B·n⟩=4.1e-03, Len=sum([5.2, 5.2, 4.9])=15.4, ϰ=[5.4, 6.7, 5.8], ∫ϰ²/L>=[4.9, 7.1, 8.0], C-C-Sep=0.20, ║∇J║=2.2e-04
Iteration 1493/2000-----
currents: [100000.0, 99999.99950656193, 99999.9992566925]
J=3.5e-04, ⟨Jf⟩=3.1e-04, ⟨B·n⟩=4.1e-03, Len=sum([5.2, 5.2, 4.9])=15.4, ϰ=[5.5, 6.7, 5.8], ∫ϰ²/L>=[4.9, 7.1, 8.0], C-C-Sep=0.20, ║∇J║=2.5e-04
Iteration 1494/2000-----
currents: [100000.0, 99999.99950513152, 99999.99925452837]
J=3.5e-04, ⟨Jf⟩=3.1e-04, ⟨B·n⟩=4.1e-03, Len=sum([5.2, 5.2, 4.9])=15.4, ϰ=[5.5, 6.7, 5.8], ∫ϰ²/L>=[4.9, 7.1, 8.0], C-C-Sep=0.20, ║∇J║=2.7e-04
Iteration 1495/2000-----
currents: [100000.0, 99999.99950507947, 99999.99925444939]
J=3.5e-04, ⟨Jf⟩=3.1e-04, ⟨B·n⟩=4.1e-03, Len=sum([5.2, 5.2, 4.9])=15.4, ϰ=[5.5, 6.7, 5.8], ∫ϰ²/L>=[4.9, 7.1, 8.0], C-C-Sep=0.20, ║∇J║=2.2e-04
Iteration 1496/2000-----
currents: [100000.0, 99999.99950473399, 99999.99925392671]
J=3.5e-04, ⟨Jf⟩=3.1e-04, ⟨B·n⟩=4.1e-03, Len=sum([5.2, 5.2, 4.9])=15.4, ϰ=[5.5, 6.7, 5.8], ∫ϰ²/L>=[4.9, 7.1, 8.0], C-C-Sep=0.20, ║∇J║=2.0e-04
Iteration 1497/2000-----
currents: [100000.0, 99999.99950413409, 99999.99925301893]
J=3.5e-04, ⟨Jf⟩=3.1e-04, ⟨B·n⟩=4.1e-03, Len=sum([5.2, 5.2, 4.9])=15.4, ϰ=[5.5, 6.7, 5.8], ∫ϰ²/L>=[4.9, 7.1, 8.0], C-C-Sep=0.20, ║∇J║=1.7e-04
Iteration 1498/2000-----
currents: [100000.0, 99999.99950329642, 99999.9992517512]
J=3.5e-04, ⟨Jf⟩=3.1e-04, ⟨B·n⟩=4.1e-03, Len=sum([5.2, 5.2, 4.9])=15.4, ϰ=[5.5, 6.7, 5.8], ∫ϰ²/L>=[4.9, 7.1, 8.0], C-C-Sep=0.20, ║∇J║=1.9e-04
Iteration 1499/2000-----
currents: [100000.0, 99999.99950261184, 99999.99925071489]
J=3.5e-04, ⟨Jf⟩=3.1e-04, ⟨B·n⟩=4.1e-03, Len=sum([5.2, 5.2, 4.9])=15.4, ϰ=[5.5, 6.7, 5.8], ∫ϰ²/L>=[4.9, 7.1, 8.0], C-C-Sep=0.20, ║∇J║=2.3e-04
Iteration 1500/2000-----
currents: [100000.0, 99999.99950226123, 99999.99925018432]
J=3.5e-04, ⟨Jf⟩=3.1e-04, ⟨B·n⟩=4.1e-03, Len=sum([5.2, 5.2, 4.9])=15.4, ϰ=[5.5, 6.7, 5.8], ∫ϰ²/L>=[4.9, 7.1, 8.0], C-C-Sep=0.20, ║∇J║=1.9e-04
Iteration 1501/2000-----
currents: [100000.0, 99999.99950191034, 99999.99924965271]
J=3.5e-04, ⟨Jf⟩=3.1e-04, ⟨B·n⟩=4.1e-03, Len=sum([5.2, 5.2, 4.9])=15.4, ϰ=[5.5, 6.7, 5.8], ∫ϰ²/L>=[4.9, 7.1, 8.0], C-C-Sep=0.20, ║∇J║=1.8e-04
Iteration 1502/2000-----
currents: [100000.0, 99999.99950117807, 99999.99924854413]
J=3.5e-04, ⟨Jf⟩=3.1e-04, ⟨B·n⟩=4.1e-03, Len=sum([5.2, 5.2, 4.9])=15.4, ϰ=[5.5, 6.7, 5.8], ∫ϰ²/L>=[4.9, 7.1, 8.0], C-C-Sep=0.20, ║∇J║=2.1e-04
Iteration 1503/2000-----
currents: [100000.0, 99999.9995012088, 99999.99924859035]
J=3.5e-04, ⟨Jf⟩=3.1e-04, ⟨B·n⟩=4.1e-03, Len=sum([5.2, 5.2, 4.9])=15.4, ϰ=[5.5, 6.7, 5.8], ∫ϰ²/L>=[4.9, 7.1, 8.0], C-C-Sep=0.20, ║∇J║=1.7e-04
Iteration 1504/2000-----
currents: [100000.0, 99999.9994998941, 99999.99924660045]
J=3.5e-04, ⟨Jf⟩=3.1e-04, ⟨B·n⟩=4.1e-03, Len=sum([5.2, 5.2, 4.9])=15.4, ϰ=[5.5, 6.7, 5.8], ∫ϰ²/L>=[4.9, 7.1, 8.0], C-C-Sep=0.20, ║∇J║=2.4e-04
Iteration 1505/2000-----
currents: [100000.0, 99999.99949870363, 99999.99924479875]
J=3.5e-04, ⟨Jf⟩=3.1e-04, ⟨B·n⟩=4.1e-03, Len=sum([5.2, 5.2, 4.9])=15.4, ϰ=[5.5, 6.7, 5.8], ∫ϰ²/L>=[4.9, 7.1, 8.0], C-C-Sep=0.20, ║∇J║=2.7e-04
Iteration 1506/2000-----
currents: [100000.0, 99999.99949733264, 99999.99924272427]
J=3.5e-04, ⟨Jf⟩=3.1e-04, ⟨B·n⟩=4.1e-03, Len=sum([5.2, 5.2, 4.9])=15.4, ϰ=[5.5, 6.7, 5.8], ∫ϰ²/L>=[4.9, 7.1, 8.0], C-C-Sep=0.20, ║∇J║=2.7e-04
Iteration 1507/2000-----
currents: [100000.0, 99999.99949606662, 99999.99924080842]
J=3.5e-04, ⟨Jf⟩=3.1e-04, ⟨B·n⟩=4.1e-03, Len=sum([5.2, 5.2, 4.9])=15.4, ϰ=[5.5, 6.7, 5.8], ∫ϰ²/L>=[4.9, 7.1, 8.0], C-C-Sep=0.20, ║∇J║=3.0e-04
Iteration 1508/2000-----
currents: [100000.0, 99999.99949440947, 99999.99923829961]
J=3.5e-04, ⟨Jf⟩=3.1e-04, ⟨B·n⟩=4.1e-03, Len=sum([5.2, 5.2, 4.9])=15.4, ϰ=[5.5, 6.7, 5.8], ∫ϰ²/L>=[4.9, 7.1, 8.0], C-C-Sep=0.20, ║∇J║=2.8e-04
Iteration 1509/2000-----
currents: [100000.0, 99999.99949516321, 99999.99923943984]
J=3.5e-04, ⟨Jf⟩=3.1e-04, ⟨B·n⟩=4.1e-03, Len=sum([5.2, 5.2, 4.9])=15.4, ϰ=[5.5, 6.7, 5.8], ∫ϰ²/L>=[4.9, 7.1, 8.0], C-C-Sep=0.20, ║∇J║=3.4e-04
Iteration 1510/2000-----
currents: [100000.0, 99999.99949369102, 99999.99923721148]
J=3.5e-04, ⟨Jf⟩=3.1e-04, ⟨B·n⟩=4.1e-03, Len=sum([5.2, 5.2, 4.9])=15.4, ϰ=[5.5, 6.7, 5.8], ∫ϰ²/L>=[4.9, 7.1, 8.0], C-C-Sep=0.20, ║∇J║=3.5e-04
Iteration 1511/2000-----
currents: [100000.0, 99999.99949346718, 99999.99923687236]
J=3.5e-04, ⟨Jf⟩=3.1e-04, ⟨B·n⟩=4.1e-03, Len=sum([5.2, 5.2, 4.9])=15.4, ϰ=[5.5, 6.7, 5.8], ∫ϰ²/L>=[4.9, 7.1, 8.0], C-C-Sep=0.20, ║∇J║=2.2e-04
Iteration 1512/2000-----
currents: [100000.0, 99999.99949306843, 99999.9992362687]
J=3.5e-04, ⟨Jf⟩=3.1e-04, ⟨B·n⟩=4.1e-03, Len=sum([5.2, 5.2, 4.9])=15.4, ϰ=[5.5, 6.7, 5.8], ∫ϰ²/L>=[4.9, 7.1, 8.0], C-C-Sep=0.20, ║∇J║=1.8e-04
Iteration 1513/2000-----
currents: [100000.0, 99999.99949228096, 99999.99923507601]
J=3.5e-04, ⟨Jf⟩=3.1e-04, ⟨B·n⟩=4.1e-03, Len=sum([5.2, 5.2, 4.9])=15.4, ϰ=[5.5, 6.7, 5.8], ∫ϰ²/L>=[4.9, 7.1, 8.0], C-C-Sep=0.20, ║∇J║=1.8e-04
Iteration 1514/2000-----
currents: [100000.0, 99999.999490521, 99999.99923241146]
J=3.5e-04, ⟨Jf⟩=3.1e-04, ⟨B·n⟩=4.1e-03, Len=sum([5.2, 5.2, 4.9])=15.4, ϰ=[5.5, 6.7, 5.9], ∫ϰ²/L>=[4.9, 7.1, 8.0], C-C-Sep=0.20, ║∇J║=2.9e-04
Iteration 1515/2000-----
currents: [100000.0, 99999.99948920487, 99999.9992304183]
J=3.5e-04, ⟨Jf⟩=3.1e-04, ⟨B·n⟩=4.1e-03, Len=sum([5.2, 5.2, 4.9])=15.4, ϰ=[5.5, 6.7, 5.9], ∫ϰ²/L>=[4.9, 7.1, 8.0], C-C-Sep=0.20, ║∇J║=3.0e-04
Iteration 1516/2000-----
currents: [100000.0, 99999.99948919166, 99999.99923039794]
J=3.5e-04, ⟨Jf⟩=3.1e-04, ⟨B·n⟩=4.1e-03, Len=sum([5.2, 5.2, 4.9])=15.4, ϰ=[5.5, 6.7, 5.8], ∫ϰ²/L>=[4.9, 7.1, 8.0], C-C-Sep=0.20, ║∇J║=2.4e-04
Iteration 1517/2000-----
currents: [100000.0, 99999.99948752376, 99999.99922787305]
J=3.5e-04, ⟨Jf⟩=3.1e-04, ⟨B·n⟩=4.1e-03, Len=sum([5.2, 5.2, 4.9])=15.4, ϰ=[5.5, 6.7, 5.8], ∫ϰ²/L>=[4.9, 7.1, 8.0], C-C-Sep=0.20, ║∇J║=3.5e-04
Iteration 1518/2000-----
currents: [100000.0, 99999.99948819017, 99999.99922888233]
J=3.5e-04, ⟨Jf⟩=3.1e-04, ⟨B·n⟩=4.1e-03, Len=sum([5.2, 5.2, 4.9])=15.4, ϰ=[5.5, 6.7, 5.8], ∫ϰ²/L>=[4.9, 7.1, 8.0], C-C-Sep=0.20, ║∇J║=2.6e-04
Iteration 1519/2000-----
currents: [100000.0, 99999.9994881875, 99999.99922887862]
J=3.5e-04, ⟨Jf⟩=3.1e-04, ⟨B·n⟩=4.1e-03, Len=sum([5.2, 5.2, 4.9])=15.4, ϰ=[5.5, 6.7, 5.8], ∫ϰ²/L>=[4.9, 7.1, 8.0], C-C-Sep=0.20, ║∇J║=2.0e-04
Iteration 1520/2000-----
currents: [100000.0, 99999.99948798191, 99999.99922856732]
J=3.5e-04, ⟨Jf⟩=3.1e-04, ⟨B·n⟩=4.1e-03, Len=sum([5.2, 5.2, 4.9])=15.4, ϰ=[5.5, 6.7, 5.8], ∫ϰ²/L>=[4.9, 7.1, 8.0], C-C-Sep=0.20, ║∇J║=1.9e-04
Iteration 1521/2000-----
currents: [100000.0, 99999.9994867178, 99999.99922665427]
J=3.5e-04, ⟨Jf⟩=3.1e-04, ⟨B·n⟩=4.1e-03, Len=sum([5.2, 5.2, 4.9])=15.4, ϰ=[5.5, 6.7, 5.8], ∫ϰ²/L>=[4.9, 7.1, 8.0], C-C-Sep=0.20, ║∇J║=2.5e-04
Iteration 1522/2000-----
currents: [100000.0, 99999.99948619961, 99999.99922586964]
J=3.5e-04, ⟨Jf⟩=3.1e-04, ⟨B·n⟩=4.1e-03, Len=sum([5.2, 5.2, 4.9])=15.4, ϰ=[5.5, 6.7, 5.8], ∫ϰ²/L>=[4.9, 7.1, 8.0], C-C-Sep=0.20, ║∇J║=2.9e-04
Iteration 1523/2000-----
currents: [100000.0, 99999.99948652863, 99999.99922636745]
J=3.5e-04, ⟨Jf⟩=3.1e-04, ⟨B·n⟩=4.1e-03, Len=sum([5.2, 5.2, 4.9])=15.4, ϰ=[5.5, 6.7, 5.8], ∫ϰ²/L>=[4.9, 7.1, 8.0], C-C-Sep=0.20, ║∇J║=2.1e-04
Iteration 1524/2000-----
currents: [100000.0, 99999.99948602924, 99999.99922561142]
J=3.5e-04, ⟨Jf⟩=3.1e-04, ⟨B·n⟩=4.1e-03, Len=sum([5.2, 5.2, 4.9])=15.4, ϰ=[5.5, 6.7, 5.8], ∫ϰ²/L>=[4.9, 7.1, 8.0], C-C-Sep=0.20, ║∇J║=2.0e-04
Iteration 1525/2000-----
currents: [100000.0, 99999.99948608334, 99999.99922569339]
J=3.5e-04, ⟨Jf⟩=3.1e-04, ⟨B·n⟩=4.1e-03, Len=sum([5.2, 5.2, 4.9])=15.4, ϰ=[5.5, 6.7, 5.8], ∫ϰ²/L>=[4.9, 7.1, 8.0], C-C-Sep=0.20, ║∇J║=1.9e-04
Iteration 1526/2000-----
currents: [100000.0, 99999.99948578705, 99999.99922524477]
J=3.5e-04, ⟨Jf⟩=3.1e-04, ⟨B·n⟩=4.1e-03, Len=sum([5.2, 5.2, 4.9])=15.4, ϰ=[5.5, 6.7, 5.8], ∫ϰ²/L>=[4.9, 7.1, 8.0], C-C-Sep=0.20, ║∇J║=1.9e-04
Iteration 1527/2000-----
currents: [100000.0, 99999.99948521373, 99999.99922437659]
J=3.5e-04, ⟨Jf⟩=3.1e-04, ⟨B·n⟩=4.1e-03, Len=sum([5.2, 5.2, 4.9])=15.4, ϰ=[5.5, 6.7, 5.8], ∫ϰ²/L>=[4.9, 7.1, 8.0], C-C-Sep=0.20, ║∇J║=2.1e-04
Iteration 1528/2000-----
currents: [100000.0, 99999.99948448612, 99999.99922327501]
J=3.5e-04, ⟨Jf⟩=3.1e-04, ⟨B·n⟩=4.1e-03, Len=sum([5.2, 5.2, 4.9])=15.4, ϰ=[5.5, 6.7, 5.8], ∫ϰ²/L>=[4.9, 7.1, 8.0], C-C-Sep=0.20, ║∇J║=2.4e-04
Iteration 1529/2000-----
currents: [100000.0, 99999.99948423586, 99999.99922289603]
J=3.5e-04, ⟨Jf⟩=3.1e-04, ⟨B·n⟩=4.1e-03, Len=sum([5.2, 5.2, 4.9])=15.4, ϰ=[5.5, 6.7, 5.8], ∫ϰ²/L>=[4.9, 7.1, 8.0], C-C-Sep=0.20, ║∇J║=2.0e-04
Iteration 1530/2000-----
currents: [100000.0, 99999.99948348601, 99999.99922176087]
J=3.5e-04, ⟨Jf⟩=3.1e-04, ⟨B·n⟩=4.1e-03, Len=sum([5.2, 5.2, 4.9])=15.4, ϰ=[5.5, 6.7, 5.8], ∫ϰ²/L>=[4.9, 7.1, 8.0], C-C-Sep=0.20, ║∇J║=1.7e-04
Iteration 1531/2000-----
currents: [100000.0, 99999.99948335129, 99999.99922155676]
J=3.5e-04, ⟨Jf⟩=3.1e-04, ⟨B·n⟩=4.1e-03, Len=sum([5.2, 5.2, 4.9])=15.4, ϰ=[5.5, 6.7, 5.8], ∫ϰ²/L>=[4.9, 7.1, 8.0], C-C-Sep=0.20, ║∇J║=1.9e-04
Iteration 1532/2000-----
currents: [100000.0, 99999.99948300928, 99999.99922103903]
J=3.5e-04, ⟨Jf⟩=3.1e-04, ⟨B·n⟩=4.1e-03, Len=sum([5.2, 5.2, 4.9])=15.4, ϰ=[5.5, 6.7, 5.8], ∫ϰ²/L>=[4.9, 7.1, 8.0], C-C-Sep=0.20, ║∇J║=1.6e-04
Iteration 1533/2000-----
currents: [100000.0, 99999.99948234671, 99999.99922003601]
J=3.5e-04, ⟨Jf⟩=3.1e-04, ⟨B·n⟩=4.1e-03, Len=sum([5.2, 5.2, 4.9])=15.4, ϰ=[5.5, 6.7, 5.8], ∫ϰ²/L>=[4.9, 7.1, 8.0], C-C-Sep=0.20, ║∇J║=1.7e-04
Iteration 1534/2000-----
currents: [100000.0, 99999.99948213572, 99999.9992197167]
J=3.5e-04, ⟨Jf⟩=3.1e-04, ⟨B·n⟩=4.1e-03, Len=sum([5.2, 5.2, 4.9])=15.4, ϰ=[5.5, 6.7, 5.8], ∫ϰ²/L>=[4.9, 7.1, 8.0], C-C-Sep=0.20, ║∇J║=1.7e-04
Iteration 1535/2000-----
currents: [100000.0, 99999.99948164448, 99999.999218973]
J=3.5e-04, ⟨Jf⟩=3.1e-04, ⟨B·n⟩=4.1e-03, Len=sum([5.2, 5.2, 4.9])=15.4, ϰ=[5.5, 6.7, 5.8], ∫ϰ²/L>=[4.9, 7.1, 8.0], C-C-Sep=0.20, ║∇J║=1.8e-04
Iteration 1536/2000-----
currents: [100000.0, 99999.99948096076, 99999.9992179378]
J=3.5e-04, ⟨Jf⟩=3.1e-04, ⟨B·n⟩=4.1e-03, Len=sum([5.2, 5.2, 4.9])=15.4, ϰ=[5.5, 6.7, 5.8], ∫ϰ²/L>=[4.9, 7.1, 8.0], C-C-Sep=0.20, ║∇J║=2.1e-04
Iteration 1537/2000-----
currents: [100000.0, 99999.99948008645, 99999.99921661399]
J=3.5e-04, ⟨Jf⟩=3.1e-04, ⟨B·n⟩=4.1e-03, Len=sum([5.2, 5.2, 4.9])=15.4, ϰ=[5.5, 6.7, 5.8], ∫ϰ²/L>=[4.9, 7.1, 8.0], C-C-Sep=0.20, ║∇J║=2.4e-04
Iteration 1538/2000-----
currents: [100000.0, 99999.99947978057, 99999.9992161507]
J=3.5e-04, ⟨Jf⟩=3.1e-04, ⟨B·n⟩=4.1e-03, Len=sum([5.2, 5.2, 4.9])=15.4, ϰ=[5.5, 6.7, 5.8], ∫ϰ²/L>=[4.9, 7.1, 8.0], C-C-Sep=0.20, ║∇J║=1.9e-04
Iteration 1539/2000-----
currents: [100000.0, 99999.99947859185, 99999.99921435004]
J=3.5e-04, ⟨Jf⟩=3.1e-04, ⟨B·n⟩=4.1e-03, Len=sum([5.2, 5.2, 4.9])=15.4, ϰ=[5.5, 6.7, 5.8], ∫ϰ²/L>=[4.9, 7.1, 8.0], C-C-Sep=0.20, ║∇J║=2.6e-04
Iteration 1540/2000-----
currents: [100000.0, 99999.99947835933, 99999.99921399723]
J=3.5e-04, ⟨Jf⟩=3.1e-04, ⟨B·n⟩=4.1e-03, Len=sum([5.2, 5.2, 4.9])=15.4, ϰ=[5.5, 6.7, 5.8], ∫ϰ²/L>=[4.9, 7.1, 8.0], C-C-Sep=0.20, ║∇J║=2.4e-04
Iteration 1541/2000-----
currents: [100000.0, 99999.99947698288, 99999.99921191242]
J=3.5e-04, ⟨Jf⟩=3.1e-04, ⟨B·n⟩=4.1e-03, Len=sum([5.2, 5.2, 4.9])=15.4, ϰ=[5.5, 6.7, 5.8], ∫ϰ²/L>=[4.9, 7.1, 8.0], C-C-Sep=0.20, ║∇J║=2.6e-04
Iteration 1542/2000-----
currents: [100000.0, 99999.99947617465, 99999.99921068783]
J=3.5e-04, ⟨Jf⟩=3.1e-04, ⟨B·n⟩=4.1e-03, Len=sum([5.2, 5.2, 4.9])=15.4, ϰ=[5.5, 6.7, 5.8], ∫ϰ²/L>=[4.9, 7.1, 8.0], C-C-Sep=0.20, ║∇J║=3.0e-04
Iteration 1543/2000-----
currents: [100000.0, 99999.99947550091, 99999.99920966748]
J=3.5e-04, ⟨Jf⟩=3.1e-04, ⟨B·n⟩=4.1e-03, Len=sum([5.2, 5.2, 4.9])=15.4, ϰ=[5.5, 6.7, 5.8], ∫ϰ²/L>=[4.9, 7.1, 8.0], C-C-Sep=0.20, ║∇J║=2.4e-04
Iteration 1544/2000-----
currents: [100000.0, 99999.9994753954, 99999.99920950762]
J=3.5e-04, ⟨Jf⟩=3.1e-04, ⟨B·n⟩=4.1e-03, Len=sum([5.2, 5.2, 4.9])=15.4, ϰ=[5.5, 6.7, 5.8], ∫ϰ²/L>=[4.9, 7.1, 8.0], C-C-Sep=0.20, ║∇J║=2.1e-04
Iteration 1545/2000-----
currents: [100000.0, 99999.99947410707, 99999.99920755683]
J=3.5e-04, ⟨Jf⟩=3.1e-04, ⟨B·n⟩=4.1e-03, Len=sum([5.2, 5.2, 4.9])=15.4, ϰ=[5.5, 6.7, 5.8], ∫ϰ²/L>=[4.9, 7.1, 8.0], C-C-Sep=0.20, ║∇J║=2.6e-04
Iteration 1546/2000-----
currents: [100000.0, 99999.99947390765, 99999.99920725456]
J=3.5e-04, ⟨Jf⟩=3.1e-04, ⟨B·n⟩=4.1e-03, Len=sum([5.2, 5.2, 4.9])=15.4, ϰ=[5.5, 6.7, 5.8], ∫ϰ²/L>=[4.9, 7.1, 8.0], C-C-Sep=0.20, ║∇J║=2.1e-04
Iteration 1547/2000-----
currents: [100000.0, 99999.99947343853, 99999.9992065441]
J=3.5e-04, ⟨Jf⟩=3.1e-04, ⟨B·n⟩=4.1e-03, Len=sum([5.2, 5.2, 4.9])=15.4, ϰ=[5.5, 6.7, 5.8], ∫ϰ²/L>=[4.9, 7.1, 8.0], C-C-Sep=0.20, ║∇J║=1.9e-04
Iteration 1548/2000-----
currents: [100000.0, 99999.9994727045, 99999.9992054329]
J=3.5e-04, ⟨Jf⟩=3.1e-04, ⟨B·n⟩=4.1e-03, Len=sum([5.2, 5.2, 4.9])=15.4, ϰ=[5.5, 6.7, 5.8], ∫ϰ²/L>=[4.9, 7.1, 8.0], C-C-Sep=0.20, ║∇J║=2.4e-04
Iteration 1549/2000-----
currents: [100000.0, 99999.99947125607, 99999.99920323958]
J=3.5e-04, ⟨Jf⟩=3.1e-04, ⟨B·n⟩=4.1e-03, Len=sum([5.2, 5.2, 4.9])=15.4, ϰ=[5.5, 6.7, 5.8], ∫ϰ²/L>=[4.9, 7.1, 8.0], C-C-Sep=0.20, ║∇J║=2.8e-04
Iteration 1550/2000-----
currents: [100000.0, 99999.99947122429, 99999.99920319142]
J=3.5e-04, ⟨Jf⟩=3.1e-04, ⟨B·n⟩=4.1e-03, Len=sum([5.2, 5.2, 4.9])=15.4, ϰ=[5.4, 6.7, 5.8], ∫ϰ²/L>=[4.9, 7.1, 8.0], C-C-Sep=0.20, ║∇J║=2.4e-04
Iteration 1551/2000-----
currents: [100000.0, 99999.99946956761, 99999.99920068224]
J=3.5e-04, ⟨Jf⟩=3.1e-04, ⟨B·n⟩=4.1e-03, Len=sum([5.2, 5.2, 4.9])=15.4, ϰ=[5.4, 6.7, 5.8], ∫ϰ²/L>=[4.9, 7.1, 8.0], C-C-Sep=0.20, ║∇J║=3.2e-04
Iteration 1552/2000-----
currents: [100000.0, 99999.99946922959, 99999.99920016962]
J=3.5e-04, ⟨Jf⟩=3.1e-04, ⟨B·n⟩=4.1e-03, Len=sum([5.2, 5.2, 4.9])=15.4, ϰ=[5.4, 6.7, 5.8], ∫ϰ²/L>=[4.9, 7.1, 8.0], C-C-Sep=0.20, ║∇J║=2.6e-04
Iteration 1553/2000-----
currents: [100000.0, 99999.99946796277, 99999.99919825091]
J=3.5e-04, ⟨Jf⟩=3.1e-04, ⟨B·n⟩=4.1e-03, Len=sum([5.2, 5.2, 4.9])=15.4, ϰ=[5.4, 6.7, 5.8], ∫ϰ²/L>=[4.9, 7.1, 8.0], C-C-Sep=0.20, ║∇J║=2.3e-04
Iteration 1554/2000-----
currents: [100000.0, 99999.99946729388, 99999.99919723747]
J=3.5e-04, ⟨Jf⟩=3.1e-04, ⟨B·n⟩=4.1e-03, Len=sum([5.2, 5.2, 4.9])=15.4, ϰ=[5.4, 6.7, 5.8], ∫ϰ²/L>=[4.9, 7.1, 8.0], C-C-Sep=0.20, ║∇J║=2.9e-04
Iteration 1555/2000-----
currents: [100000.0, 99999.99946640374, 99999.99919588906]
J=3.5e-04, ⟨Jf⟩=3.1e-04, ⟨B·n⟩=4.1e-03, Len=sum([5.2, 5.2, 4.9])=15.4, ϰ=[5.4, 6.7, 5.8], ∫ϰ²/L>=[4.9, 7.1, 8.0], C-C-Sep=0.20, ║∇J║=2.8e-04
Iteration 1556/2000-----
currents: [100000.0, 99999.99946586072, 99999.99919506628]
J=3.5e-04, ⟨Jf⟩=3.1e-04, ⟨B·n⟩=4.1e-03, Len=sum([5.2, 5.2, 4.9])=15.4, ϰ=[5.4, 6.7, 5.8], ∫ϰ²/L>=[4.9, 7.1, 8.0], C-C-Sep=0.20, ║∇J║=2.5e-04
Iteration 1557/2000-----
currents: [100000.0, 99999.99946497925, 99999.99919373072]
J=3.5e-04, ⟨Jf⟩=3.1e-04, ⟨B·n⟩=4.1e-03, Len=sum([5.2, 5.2, 4.9])=15.4, ϰ=[5.4, 6.7, 5.8], ∫ϰ²/L>=[4.9, 7.1, 8.0], C-C-Sep=0.20, ║∇J║=2.6e-04
Iteration 1558/2000-----
currents: [100000.0, 99999.99946260508, 99999.99919013423]
J=3.5e-04, ⟨Jf⟩=3.1e-04, ⟨B·n⟩=4.1e-03, Len=sum([5.2, 5.2, 4.9])=15.4, ϰ=[5.4, 6.7, 5.8], ∫ϰ²/L>=[4.9, 7.1, 8.0], C-C-Sep=0.20, ║∇J║=3.9e-04
Iteration 1559/2000-----
currents: [100000.0, 99999.99946257166, 99999.99919008338]
J=3.5e-04, ⟨Jf⟩=3.1e-04, ⟨B·n⟩=4.1e-03, Len=sum([5.2, 5.2, 4.9])=15.4, ϰ=[5.4, 6.7, 5.8], ∫ϰ²/L>=[4.9, 7.1, 8.0], C-C-Sep=0.20, ║∇J║=3.6e-04
Iteration 1560/2000-----
currents: [100000.0, 99999.99946131051, 99999.99918817224]
J=3.5e-04, ⟨Jf⟩=3.1e-04, ⟨B·n⟩=4.1e-03, Len=sum([5.2, 5.2, 4.9])=15.4, ϰ=[5.4, 6.7, 5.8], ∫ϰ²/L>=[4.9, 7.1, 8.0], C-C-Sep=0.20, ║∇J║=3.5e-04
Iteration 1561/2000-----
currents: [100000.0, 99999.99946021226, 99999.99918650827]
J=3.5e-04, ⟨Jf⟩=3.1e-04, ⟨B·n⟩=4.1e-03, Len=sum([5.2, 5.2, 4.9])=15.4, ϰ=[5.4, 6.7, 5.8], ∫ϰ²/L>=[4.9, 7.1, 8.0], C-C-Sep=0.20, ║∇J║=2.8e-04
Iteration 1562/2000-----
currents: [100000.0, 99999.99945952813, 99999.99918547162]
J=3.5e-04, ⟨Jf⟩=3.1e-04, ⟨B·n⟩=4.1e-03, Len=sum([5.2, 5.2, 4.9])=15.4, ϰ=[5.4, 6.7, 5.8], ∫ϰ²/L>=[4.9, 7.1, 8.0], C-C-Sep=0.20, ║∇J║=2.4e-04
Iteration 1563/2000-----
currents: [100000.0, 99999.99945861184, 99999.99918408357]
J=3.5e-04, ⟨Jf⟩=3.1e-04, ⟨B·n⟩=4.1e-03, Len=sum([5.2, 5.2, 4.9])=15.4, ϰ=[5.4, 6.7, 5.8], ∫ϰ²/L>=[4.9, 7.1, 8.0], C-C-Sep=0.20, ║∇J║=2.6e-04
Iteration 1564/2000-----
currents: [100000.0, 99999.99945838432, 99999.9991837387]
J=3.5e-04, ⟨Jf⟩=3.1e-04, ⟨B·n⟩=4.1e-03, Len=sum([5.2, 5.2, 4.9])=15.4, ϰ=[5.4, 6.7, 5.8], ∫ϰ²/L>=[4.9, 7.1, 8.0], C-C-Sep=0.20, ║∇J║=2.2e-04
Iteration 1565/2000-----
currents: [100000.0, 99999.99945669144, 99999.99918117395]
J=3.5e-04, ⟨Jf⟩=3.1e-04, ⟨B·n⟩=4.1e-03, Len=sum([5.2, 5.2, 4.9])=15.4, ϰ=[5.4, 6.7, 5.8], ∫ϰ²/L>=[4.9, 7.1, 8.0], C-C-Sep=0.20, ║∇J║=2.9e-04
Iteration 1566/2000-----
currents: [100000.0, 99999.99945735565, 99999.99918217986]
J=3.5e-04, ⟨Jf⟩=3.1e-04, ⟨B·n⟩=4.1e-03, Len=sum([5.2, 5.2, 4.9])=15.4, ϰ=[5.4, 6.7, 5.8], ∫ϰ²/L>=[4.9, 7.1, 8.0], C-C-Sep=0.20, ║∇J║=3.8e-04
Iteration 1567/2000-----
currents: [100000.0, 99999.99945733862, 99999.99918215422]
J=3.5e-04, ⟨Jf⟩=3.1e-04, ⟨B·n⟩=4.1e-03, Len=sum([5.2, 5.2, 4.9])=15.4, ϰ=[5.4, 6.7, 5.8], ∫ϰ²/L>=[4.9, 7.1, 8.0], C-C-Sep=0.20, ║∇J║=2.4e-04
Iteration 1568/2000-----
currents: [100000.0, 99999.99945708168, 99999.99918176464]
J=3.5e-04, ⟨Jf⟩=3.1e-04, ⟨B·n⟩=4.1e-03, Len=sum([5.2, 5.2, 4.9])=15.4, ϰ=[5.5, 6.7, 5.8], ∫ϰ²/L>=[4.9, 7.1, 8.0], C-C-Sep=0.20, ║∇J║=1.9e-04
Iteration 1569/2000-----
currents: [100000.0, 99999.9994565809, 99999.99918100562]
J=3.5e-04, ⟨Jf⟩=3.1e-04, ⟨B·n⟩=4.1e-03, Len=sum([5.2, 5.2, 4.9])=15.4, ϰ=[5.5, 6.7, 5.8], ∫ϰ²/L>=[4.9, 7.1, 8.0], C-C-Sep=0.20, ║∇J║=1.9e-04
Iteration 1570/2000-----
currents: [100000.0, 99999.9994560183, 99999.99918015268]
J=3.5e-04, ⟨Jf⟩=3.1e-04, ⟨B·n⟩=4.1e-03, Len=sum([5.2, 5.2, 4.9])=15.4, ϰ=[5.5, 6.7, 5.8], ∫ϰ²/L>=[4.9, 7.1, 8.0], C-C-Sep=0.20, ║∇J║=1.9e-04
Iteration 1571/2000-----
currents: [100000.0, 99999.9994555748, 99999.99917948004]
J=3.5e-04, ⟨Jf⟩=3.1e-04, ⟨B·n⟩=4.1e-03, Len=sum([5.2, 5.2, 4.9])=15.4, ϰ=[5.5, 6.7, 5.8], ∫ϰ²/L>=[4.9, 7.1, 8.0], C-C-Sep=0.20, ║∇J║=2.3e-04
Iteration 1572/2000-----
currents: [100000.0, 99999.99945504763, 99999.99917868075]
J=3.5e-04, ⟨Jf⟩=3.1e-04, ⟨B·n⟩=4.1e-03, Len=sum([5.2, 5.2, 4.9])=15.4, ϰ=[5.4, 6.7, 5.8], ∫ϰ²/L>=[4.9, 7.1, 8.0], C-C-Sep=0.20, ║∇J║=2.2e-04
Iteration 1573/2000-----
currents: [100000.0, 99999.99945431008, 99999.9991775626]
J=3.5e-04, ⟨Jf⟩=3.1e-04, ⟨B·n⟩=4.1e-03, Len=sum([5.2, 5.2, 4.9])=15.4, ϰ=[5.4, 6.7, 5.8], ∫ϰ²/L>=[4.9, 7.1, 8.0], C-C-Sep=0.20, ║∇J║=2.4e-04
Iteration 1574/2000-----
currents: [100000.0, 99999.99945384094, 99999.99917685149]
J=3.5e-04, ⟨Jf⟩=3.1e-04, ⟨B·n⟩=4.1e-03, Len=sum([5.2, 5.2, 4.9])=15.4, ϰ=[5.4, 6.7, 5.8], ∫ϰ²/L>=[4.9, 7.1, 8.0], C-C-Sep=0.20, ║∇J║=2.4e-04
Iteration 1575/2000-----
currents: [100000.0, 99999.99945373475, 99999.99917669047]
J=3.5e-04, ⟨Jf⟩=3.1e-04, ⟨B·n⟩=4.1e-03, Len=sum([5.2, 5.2, 4.9])=15.4, ϰ=[5.4, 6.7, 5.8], ∫ϰ²/L>=[4.9, 7.1, 8.0], C-C-Sep=0.20, ║∇J║=2.1e-04
Iteration 1576/2000-----
currents: [100000.0, 99999.99945320119, 99999.99917588191]
J=3.5e-04, ⟨Jf⟩=3.1e-04, ⟨B·n⟩=4.1e-03, Len=sum([5.2, 5.2, 4.9])=15.4, ϰ=[5.4, 6.7, 5.8], ∫ϰ²/L>=[4.9, 7.1, 8.0], C-C-Sep=0.20, ║∇J║=2.2e-04
Iteration 1577/2000-----
currents: [100000.0, 99999.9994526229, 99999.99917500524]
J=3.5e-04, ⟨Jf⟩=3.1e-04, ⟨B·n⟩=4.1e-03, Len=sum([5.2, 5.2, 4.9])=15.4, ϰ=[5.5, 6.7, 5.9], ∫ϰ²/L>=[4.9, 7.1, 8.0], C-C-Sep=0.20, ║∇J║=2.4e-04
Iteration 1578/2000-----
currents: [100000.0, 99999.99945188075, 99999.99917388015]
J=3.5e-04, ⟨Jf⟩=3.1e-04, ⟨B·n⟩=4.1e-03, Len=sum([5.2, 5.2, 4.9])=15.4, ϰ=[5.5, 6.7, 5.9], ∫ϰ²/L>=[4.9, 7.1, 8.0], C-C-Sep=0.20, ║∇J║=2.2e-04
Iteration 1579/2000-----
currents: [100000.0, 99999.99945161611, 99999.9991734789]
J=3.5e-04, ⟨Jf⟩=3.1e-04, ⟨B·n⟩=4.1e-03, Len=sum([5.2, 5.2, 4.9])=15.4, ϰ=[5.5, 6.7, 5.9], ∫ϰ²/L>=[4.9, 7.1, 8.0], C-C-Sep=0.20, ║∇J║=2.0e-04
Iteration 1580/2000-----
currents: [100000.0, 99999.99945064436, 99999.99917200622]
J=3.5e-04, ⟨Jf⟩=3.1e-04, ⟨B·n⟩=4.1e-03, Len=sum([5.2, 5.2, 4.9])=15.4, ϰ=[5.5, 6.7, 5.9], ∫ϰ²/L>=[4.9, 7.1, 8.0], C-C-Sep=0.20, ║∇J║=2.3e-04
Iteration 1581/2000-----
currents: [100000.0, 99999.99945112041, 99999.99917272743]
J=3.5e-04, ⟨Jf⟩=3.1e-04, ⟨B·n⟩=4.1e-03, Len=sum([5.2, 5.2, 4.9])=15.4, ϰ=[5.5, 6.7, 5.9], ∫ϰ²/L>=[4.9, 7.1, 8.0], C-C-Sep=0.20, ║∇J║=1.7e-04
Iteration 1582/2000-----
currents: [100000.0, 99999.99945096711, 99999.99917249527]
J=3.5e-04, ⟨Jf⟩=3.1e-04, ⟨B·n⟩=4.1e-03, Len=sum([5.2, 5.2, 4.9])=15.4, ϰ=[5.5, 6.7, 5.9], ∫ϰ²/L>=[4.9, 7.1, 8.0], C-C-Sep=0.20, ║∇J║=1.8e-04
Iteration 1583/2000-----
currents: [100000.0, 99999.99945086885, 99999.99917234662]
J=3.5e-04, ⟨Jf⟩=3.1e-04, ⟨B·n⟩=4.1e-03, Len=sum([5.2, 5.2, 4.9])=15.4, ϰ=[5.5, 6.7, 5.9], ∫ϰ²/L>=[4.9, 7.1, 8.0], C-C-Sep=0.20, ║∇J║=1.5e-04
Iteration 1584/2000-----
currents: [100000.0, 99999.99945043048, 99999.99917168221]
J=3.5e-04, ⟨Jf⟩=3.1e-04, ⟨B·n⟩=4.1e-03, Len=sum([5.2, 5.2, 4.9])=15.4, ϰ=[5.5, 6.7, 5.9], ∫ϰ²/L>=[4.9, 7.1, 8.0], C-C-Sep=0.20, ║∇J║=1.7e-04
Iteration 1585/2000-----
currents: [100000.0, 99999.99945008787, 99999.99917116301]
J=3.5e-04, ⟨Jf⟩=3.1e-04, ⟨B·n⟩=4.1e-03, Len=sum([5.2, 5.2, 4.9])=15.4, ϰ=[5.5, 6.7, 5.9], ∫ϰ²/L>=[4.9, 7.1, 8.0], C-C-Sep=0.20, ║∇J║=2.1e-04
Iteration 1586/2000-----
currents: [100000.0, 99999.99944974127, 99999.99917063779]
J=3.5e-04, ⟨Jf⟩=3.1e-04, ⟨B·n⟩=4.1e-03, Len=sum([5.2, 5.2, 4.9])=15.4, ϰ=[5.5, 6.7, 5.9], ∫ϰ²/L>=[4.9, 7.1, 8.0], C-C-Sep=0.20, ║∇J║=2.1e-04
Iteration 1587/2000-----
currents: [100000.0, 99999.99944948428, 99999.99917024825]
J=3.5e-04, ⟨Jf⟩=3.1e-04, ⟨B·n⟩=4.1e-03, Len=sum([5.2, 5.2, 4.9])=15.4, ϰ=[5.5, 6.7, 5.9], ∫ϰ²/L>=[4.9, 7.1, 8.0], C-C-Sep=0.20, ║∇J║=2.1e-04
Iteration 1588/2000-----
currents: [100000.0, 99999.99944887804, 99999.99916932957]
J=3.5e-04, ⟨Jf⟩=3.1e-04, ⟨B·n⟩=4.1e-03, Len=sum([5.2, 5.2, 4.9])=15.4, ϰ=[5.5, 6.7, 5.9], ∫ϰ²/L>=[4.9, 7.1, 8.0], C-C-Sep=0.20, ║∇J║=2.1e-04
Iteration 1589/2000-----
currents: [100000.0, 99999.99944835868, 99999.99916854255]
J=3.5e-04, ⟨Jf⟩=3.1e-04, ⟨B·n⟩=4.1e-03, Len=sum([5.2, 5.2, 4.9])=15.4, ϰ=[5.5, 6.7, 5.9], ∫ϰ²/L>=[4.9, 7.1, 8.0], C-C-Sep=0.20, ║∇J║=2.1e-04
Iteration 1590/2000-----
currents: [100000.0, 99999.99944700734, 99999.99916649476]
J=3.5e-04, ⟨Jf⟩=3.1e-04, ⟨B·n⟩=4.1e-03, Len=sum([5.2, 5.2, 4.9])=15.4, ϰ=[5.5, 6.7, 5.9], ∫ϰ²/L>=[4.9, 7.1, 8.0], C-C-Sep=0.20, ║∇J║=2.2e-04
Iteration 1591/2000-----
currents: [100000.0, 99999.99944578453, 99999.99916464165]
J=3.5e-04, ⟨Jf⟩=3.1e-04, ⟨B·n⟩=4.1e-03, Len=sum([5.2, 5.2, 4.9])=15.4, ϰ=[5.5, 6.7, 5.9], ∫ϰ²/L>=[4.9, 7.1, 8.0], C-C-Sep=0.20, ║∇J║=2.7e-04
Iteration 1592/2000-----
currents: [100000.0, 99999.99944531108, 99999.99916392348]
J=3.5e-04, ⟨Jf⟩=3.1e-04, ⟨B·n⟩=4.1e-03, Len=sum([5.2, 5.2, 4.9])=15.4, ϰ=[5.5, 6.7, 5.9], ∫ϰ²/L>=[4.9, 7.1, 8.0], C-C-Sep=0.20, ║∇J║=2.2e-04
Iteration 1593/2000-----
currents: [100000.0, 99999.99944445165, 99999.99916262086]
J=3.5e-04, ⟨Jf⟩=3.1e-04, ⟨B·n⟩=4.1e-03, Len=sum([5.2, 5.2, 4.9])=15.4, ϰ=[5.5, 6.7, 5.9], ∫ϰ²/L>=[4.9, 7.1, 8.0], C-C-Sep=0.20, ║∇J║=1.9e-04
Iteration 1594/2000-----
currents: [100000.0, 99999.99944233752, 99999.9991594163]
J=3.5e-04, ⟨Jf⟩=3.1e-04, ⟨B·n⟩=4.1e-03, Len=sum([5.2, 5.2, 4.9])=15.4, ϰ=[5.5, 6.7, 5.9], ∫ϰ²/L>=[4.9, 7.1, 8.0], C-C-Sep=0.20, ║∇J║=3.0e-04
Iteration 1595/2000-----
currents: [100000.0, 99999.99944221579, 99999.99915923136]
J=3.5e-04, ⟨Jf⟩=3.1e-04, ⟨B·n⟩=4.1e-03, Len=sum([5.2, 5.2, 4.9])=15.4, ϰ=[5.5, 6.7, 5.9], ∫ϰ²/L>=[4.9, 7.1, 8.0], C-C-Sep=0.20, ║∇J║=3.6e-04
Iteration 1596/2000-----
currents: [100000.0, 99999.99944135746, 99999.99915793027]
J=3.5e-04, ⟨Jf⟩=3.1e-04, ⟨B·n⟩=4.1e-03, Len=sum([5.2, 5.2, 4.9])=15.4, ϰ=[5.5, 6.7, 5.9], ∫ϰ²/L>=[4.9, 7.1, 8.0], C-C-Sep=0.20, ║∇J║=2.4e-04
Iteration 1597/2000-----
currents: [100000.0, 99999.99944062198, 99999.9991568152]
J=3.5e-04, ⟨Jf⟩=3.1e-04, ⟨B·n⟩=4.1e-03, Len=sum([5.2, 5.2, 4.9])=15.4, ϰ=[5.5, 6.7, 5.9], ∫ϰ²/L>=[4.9, 7.1, 8.0], C-C-Sep=0.20, ║∇J║=2.5e-04
Iteration 1598/2000-----
currents: [100000.0, 99999.9994394338, 99999.99915501398]
J=3.5e-04, ⟨Jf⟩=3.1e-04, ⟨B·n⟩=4.1e-03, Len=sum([5.2, 5.2, 4.9])=15.4, ϰ=[5.5, 6.7, 5.9], ∫ϰ²/L>=[5.0, 7.1, 8.0], C-C-Sep=0.20, ║∇J║=2.4e-04
Iteration 1599/2000-----
currents: [100000.0, 99999.99943863747, 99999.9991538058]
J=3.5e-04, ⟨Jf⟩=3.1e-04, ⟨B·n⟩=4.1e-03, Len=sum([5.2, 5.2, 4.9])=15.4, ϰ=[5.5, 6.7, 5.9], ∫ϰ²/L>=[5.0, 7.1, 8.0], C-C-Sep=0.20, ║∇J║=2.3e-04
Iteration 1600/2000-----
currents: [100000.0, 99999.99943681838, 99999.99915104751]
J=3.5e-04, ⟨Jf⟩=3.1e-04, ⟨B·n⟩=4.1e-03, Len=sum([5.2, 5.2, 4.9])=15.4, ϰ=[5.5, 6.7, 5.9], ∫ϰ²/L>=[5.0, 7.1, 8.0], C-C-Sep=0.20, ║∇J║=3.7e-04
Iteration 1601/2000-----
currents: [100000.0, 99999.99943683876, 99999.99915107786]
J=3.5e-04, ⟨Jf⟩=3.1e-04, ⟨B·n⟩=4.1e-03, Len=sum([5.2, 5.2, 4.9])=15.4, ϰ=[5.5, 6.7, 5.9], ∫ϰ²/L>=[5.0, 7.1, 8.0], C-C-Sep=0.20, ║∇J║=2.7e-04
Iteration 1602/2000-----
currents: [100000.0, 99999.9994351751, 99999.99914855513]
J=3.5e-04, ⟨Jf⟩=3.1e-04, ⟨B·n⟩=4.1e-03, Len=sum([5.2, 5.2, 4.9])=15.4, ϰ=[5.5, 6.7, 5.9], ∫ϰ²/L>=[5.0, 7.1, 8.0], C-C-Sep=0.20, ║∇J║=3.5e-04
Iteration 1603/2000-----
currents: [100000.0, 99999.99943558912, 99999.99914918313]
J=3.5e-04, ⟨Jf⟩=3.1e-04, ⟨B·n⟩=4.1e-03, Len=sum([5.2, 5.2, 4.9])=15.4, ϰ=[5.5, 6.7, 5.9], ∫ϰ²/L>=[5.0, 7.1, 8.0], C-C-Sep=0.20, ║∇J║=2.6e-04
Iteration 1604/2000-----
currents: [100000.0, 99999.99943459914, 99999.99914768255]
J=3.5e-04, ⟨Jf⟩=3.1e-04, ⟨B·n⟩=4.1e-03, Len=sum([5.2, 5.2, 4.9])=15.4, ϰ=[5.5, 6.7, 5.9], ∫ϰ²/L>=[5.0, 7.1, 8.0], C-C-Sep=0.20, ║∇J║=3.0e-04
Iteration 1605/2000-----
currents: [100000.0, 99999.99943423986, 99999.99914713843]
J=3.5e-04, ⟨Jf⟩=3.1e-04, ⟨B·n⟩=4.1e-03, Len=sum([5.2, 5.2, 4.9])=15.4, ϰ=[5.5, 6.7, 5.9], ∫ϰ²/L>=[5.0, 7.1, 8.0], C-C-Sep=0.20, ║∇J║=2.3e-04
Iteration 1606/2000-----
currents: [100000.0, 99999.99943390548, 99999.99914663198]
J=3.5e-04, ⟨Jf⟩=3.1e-04, ⟨B·n⟩=4.1e-03, Len=sum([5.2, 5.2, 4.9])=15.4, ϰ=[5.5, 6.7, 5.9], ∫ϰ²/L>=[5.0, 7.1, 8.0], C-C-Sep=0.20, ║∇J║=2.2e-04
Iteration 1607/2000-----
currents: [100000.0, 99999.99943350014, 99999.99914601786]
J=3.5e-04, ⟨Jf⟩=3.1e-04, ⟨B·n⟩=4.1e-03, Len=sum([5.2, 5.2, 4.9])=15.4, ϰ=[5.5, 6.7, 5.9], ∫ϰ²/L>=[5.0, 7.1, 8.0], C-C-Sep=0.20, ║∇J║=2.5e-04
Iteration 1608/2000-----
currents: [100000.0, 99999.99943309183, 99999.9991453988]
J=3.5e-04, ⟨Jf⟩=3.1e-04, ⟨B·n⟩=4.1e-03, Len=sum([5.2, 5.2, 4.9])=15.4, ϰ=[5.5, 6.7, 5.9], ∫ϰ²/L>=[5.0, 7.1, 8.0], C-C-Sep=0.20, ║∇J║=2.1e-04
Iteration 1609/2000-----
currents: [100000.0, 99999.99943260977, 99999.999144668]
J=3.5e-04, ⟨Jf⟩=3.1e-04, ⟨B·n⟩=4.1e-03, Len=sum([5.2, 5.2, 4.9])=15.4, ϰ=[5.5, 6.7, 5.9], ∫ϰ²/L>=[5.0, 7.1, 8.0], C-C-Sep=0.20, ║∇J║=1.9e-04
Iteration 1610/2000-----
currents: [100000.0, 99999.99943232356, 99999.99914423403]
J=3.5e-04, ⟨Jf⟩=3.1e-04, ⟨B·n⟩=4.1e-03, Len=sum([5.2, 5.2, 4.9])=15.4, ϰ=[5.5, 6.7, 5.9], ∫ϰ²/L>=[5.0, 7.1, 8.0], C-C-Sep=0.20, ║∇J║=2.3e-04
Iteration 1611/2000-----
currents: [100000.0, 99999.9994314348, 99999.9991428864]
J=3.5e-04, ⟨Jf⟩=3.1e-04, ⟨B·n⟩=4.1e-03, Len=sum([5.2, 5.2, 4.9])=15.4, ϰ=[5.5, 6.8, 5.9], ∫ϰ²/L>=[5.0, 7.1, 8.0], C-C-Sep=0.20, ║∇J║=2.5e-04
Iteration 1612/2000-----
currents: [100000.0, 99999.99943148701, 99999.99914296565]
J=3.5e-04, ⟨Jf⟩=3.1e-04, ⟨B·n⟩=4.1e-03, Len=sum([5.2, 5.2, 4.9])=15.4, ϰ=[5.5, 6.7, 5.9], ∫ϰ²/L>=[5.0, 7.1, 8.0], C-C-Sep=0.20, ║∇J║=2.3e-04
Iteration 1613/2000-----
currents: [100000.0, 99999.9994310808, 99999.99914234999]
J=3.5e-04, ⟨Jf⟩=3.1e-04, ⟨B·n⟩=4.1e-03, Len=sum([5.2, 5.2, 4.9])=15.4, ϰ=[5.5, 6.7, 5.9], ∫ϰ²/L>=[5.0, 7.1, 8.0], C-C-Sep=0.20, ║∇J║=2.2e-04
Iteration 1614/2000-----
currents: [100000.0, 99999.99943074152, 99999.99914183555]
J=3.5e-04, ⟨Jf⟩=3.1e-04, ⟨B·n⟩=4.1e-03, Len=sum([5.2, 5.2, 4.9])=15.4, ϰ=[5.5, 6.7, 5.9], ∫ϰ²/L>=[5.0, 7.1, 8.0], C-C-Sep=0.20, ║∇J║=1.9e-04
Iteration 1615/2000-----
currents: [100000.0, 99999.99942978729, 99999.99914038855]
J=3.5e-04, ⟨Jf⟩=3.1e-04, ⟨B·n⟩=4.1e-03, Len=sum([5.2, 5.2, 4.9])=15.4, ϰ=[5.5, 6.7, 5.9], ∫ϰ²/L>=[5.0, 7.1, 8.0], C-C-Sep=0.20, ║∇J║=2.0e-04
Iteration 1616/2000-----
currents: [100000.0, 99999.99942905038, 99999.9991392711]
J=3.5e-04, ⟨Jf⟩=3.1e-04, ⟨B·n⟩=4.1e-03, Len=sum([5.2, 5.2, 4.9])=15.4, ϰ=[5.5, 6.7, 5.9], ∫ϰ²/L>=[5.0, 7.1, 8.0], C-C-Sep=0.20, ║∇J║=2.3e-04
Iteration 1617/2000-----
currents: [100000.0, 99999.99942847918, 99999.99913840496]
J=3.5e-04, ⟨Jf⟩=3.1e-04, ⟨B·n⟩=4.1e-03, Len=sum([5.2, 5.2, 4.9])=15.4, ϰ=[5.5, 6.7, 5.9], ∫ϰ²/L>=[5.0, 7.1, 8.0], C-C-Sep=0.20, ║∇J║=2.4e-04
Iteration 1618/2000-----
currents: [100000.0, 99999.99942817737, 99999.9991379472]
J=3.5e-04, ⟨Jf⟩=3.1e-04, ⟨B·n⟩=4.1e-03, Len=sum([5.2, 5.2, 4.9])=15.4, ϰ=[5.5, 6.7, 5.9], ∫ϰ²/L>=[5.0, 7.1, 8.0], C-C-Sep=0.20, ║∇J║=2.1e-04
Iteration 1619/2000-----
currents: [100000.0, 99999.99942763028, 99999.99913711846]
J=3.5e-04, ⟨Jf⟩=3.1e-04, ⟨B·n⟩=4.1e-03, Len=sum([5.2, 5.2, 4.9])=15.4, ϰ=[5.5, 6.7, 5.8], ∫ϰ²/L>=[5.0, 7.1, 8.0], C-C-Sep=0.20, ║∇J║=2.1e-04
Iteration 1620/2000-----
currents: [100000.0, 99999.99942752185, 99999.99913695421]
J=3.5e-04, ⟨Jf⟩=3.1e-04, ⟨B·n⟩=4.1e-03, Len=sum([5.2, 5.2, 4.9])=15.4, ϰ=[5.5, 6.7, 5.8], ∫ϰ²/L>=[5.0, 7.1, 8.0], C-C-Sep=0.20, ║∇J║=3.0e-04
Iteration 1621/2000-----
currents: [100000.0, 99999.99942655143, 99999.99913548343]
J=3.5e-04, ⟨Jf⟩=3.1e-04, ⟨B·n⟩=4.1e-03, Len=sum([5.2, 5.2, 4.9])=15.4, ϰ=[5.5, 6.7, 5.9], ∫ϰ²/L>=[5.0, 7.1, 8.0], C-C-Sep=0.20, ║∇J║=3.0e-04
Iteration 1622/2000-----
currents: [100000.0, 99999.99942647862, 99999.99913537345]
J=3.5e-04, ⟨Jf⟩=3.1e-04, ⟨B·n⟩=4.1e-03, Len=sum([5.2, 5.2, 4.9])=15.4, ϰ=[5.5, 6.7, 5.9], ∫ϰ²/L>=[5.0, 7.1, 8.0], C-C-Sep=0.20, ║∇J║=2.3e-04
Iteration 1623/2000-----
currents: [100000.0, 99999.99942572604, 99999.99913423209]
J=3.5e-04, ⟨Jf⟩=3.1e-04, ⟨B·n⟩=4.1e-03, Len=sum([5.2, 5.2, 4.9])=15.4, ϰ=[5.5, 6.7, 5.9], ∫ϰ²/L>=[5.0, 7.1, 8.0], C-C-Sep=0.20, ║∇J║=2.0e-04
Iteration 1624/2000-----
currents: [100000.0, 99999.99942543657, 99999.99913379272]
J=3.5e-04, ⟨Jf⟩=3.1e-04, ⟨B·n⟩=4.1e-03, Len=sum([5.2, 5.2, 4.9])=15.4, ϰ=[5.5, 6.7, 5.9], ∫ϰ²/L>=[5.0, 7.1, 8.0], C-C-Sep=0.20, ║∇J║=2.1e-04
Iteration 1625/2000-----
currents: [100000.0, 99999.99942430195, 99999.99913207223]
J=3.5e-04, ⟨Jf⟩=3.1e-04, ⟨B·n⟩=4.1e-03, Len=sum([5.2, 5.2, 4.9])=15.4, ϰ=[5.5, 6.7, 5.9], ∫ϰ²/L>=[5.0, 7.1, 8.0], C-C-Sep=0.20, ║∇J║=2.8e-04
Iteration 1626/2000-----
currents: [100000.0, 99999.99942424585, 99999.99913198697]
J=3.5e-04, ⟨Jf⟩=3.1e-04, ⟨B·n⟩=4.1e-03, Len=sum([5.2, 5.2, 4.9])=15.4, ϰ=[5.5, 6.7, 5.9], ∫ϰ²/L>=[5.0, 7.1, 8.0], C-C-Sep=0.20, ║∇J║=1.9e-04
Iteration 1627/2000-----
currents: [100000.0, 99999.99942414886, 99999.9991318398]
J=3.5e-04, ⟨Jf⟩=3.1e-04, ⟨B·n⟩=4.1e-03, Len=sum([5.2, 5.2, 4.9])=15.4, ϰ=[5.5, 6.7, 5.9], ∫ϰ²/L>=[5.0, 7.1, 8.0], C-C-Sep=0.20, ║∇J║=1.6e-04
Iteration 1628/2000-----
currents: [100000.0, 99999.99942369275, 99999.99913114808]
J=3.5e-04, ⟨Jf⟩=3.1e-04, ⟨B·n⟩=4.1e-03, Len=sum([5.2, 5.2, 4.9])=15.4, ϰ=[5.5, 6.7, 5.9], ∫ϰ²/L>=[5.0, 7.1, 8.0], C-C-Sep=0.20, ║∇J║=2.0e-04
Iteration 1629/2000-----
currents: [100000.0, 99999.99942286925, 99999.99912989898]
J=3.5e-04, ⟨Jf⟩=3.1e-04, ⟨B·n⟩=4.1e-03, Len=sum([5.2, 5.2, 4.9])=15.4, ϰ=[5.5, 6.7, 5.9], ∫ϰ²/L>=[5.0, 7.1, 8.0], C-C-Sep=0.20, ║∇J║=2.3e-04
Iteration 1630/2000-----
currents: [100000.0, 99999.99942230912, 99999.99912904896]
J=3.5e-04, ⟨Jf⟩=3.1e-04, ⟨B·n⟩=4.1e-03, Len=sum([5.2, 5.2, 4.9])=15.4, ϰ=[5.5, 6.7, 5.9], ∫ϰ²/L>=[5.0, 7.1, 8.0], C-C-Sep=0.20, ║∇J║=2.5e-04
Iteration 1631/2000-----
currents: [100000.0, 99999.9994213262, 99999.99912755808]
J=3.5e-04, ⟨Jf⟩=3.1e-04, ⟨B·n⟩=4.1e-03, Len=sum([5.2, 5.2, 4.9])=15.4, ϰ=[5.5, 6.7, 5.9], ∫ϰ²/L>=[5.0, 7.1, 8.0], C-C-Sep=0.20, ║∇J║=2.3e-04
Iteration 1632/2000-----
currents: [100000.0, 99999.99942122253, 99999.99912740005]
J=3.5e-04, ⟨Jf⟩=3.1e-04, ⟨B·n⟩=4.1e-03, Len=sum([5.2, 5.2, 4.9])=15.4, ϰ=[5.5, 6.7, 5.9], ∫ϰ²/L>=[5.0, 7.1, 8.0], C-C-Sep=0.20, ║∇J║=2.1e-04
Iteration 1633/2000-----
currents: [100000.0, 99999.9994202834, 99999.99912597549]
J=3.5e-04, ⟨Jf⟩=3.1e-04, ⟨B·n⟩=4.1e-03, Len=sum([5.2, 5.2, 4.9])=15.4, ϰ=[5.4, 6.7, 5.9], ∫ϰ²/L>=[5.0, 7.1, 8.0], C-C-Sep=0.20, ║∇J║=2.2e-04
Iteration 1634/2000-----
currents: [100000.0, 99999.99942029339, 99999.99912599029]
J=3.5e-04, ⟨Jf⟩=3.1e-04, ⟨B·n⟩=4.1e-03, Len=sum([5.2, 5.2, 4.9])=15.4, ϰ=[5.4, 6.7, 5.9], ∫ϰ²/L>=[5.0, 7.1, 8.0], C-C-Sep=0.20, ║∇J║=1.9e-04
Iteration 1635/2000-----
currents: [100000.0, 99999.99941977188, 99999.99912519945]
J=3.5e-04, ⟨Jf⟩=3.1e-04, ⟨B·n⟩=4.1e-03, Len=sum([5.2, 5.2, 4.9])=15.4, ϰ=[5.4, 6.7, 5.9], ∫ϰ²/L>=[5.0, 7.1, 8.0], C-C-Sep=0.20, ║∇J║=1.9e-04
Iteration 1636/2000-----
currents: [100000.0, 99999.99941903919, 99999.99912408837]
J=3.5e-04, ⟨Jf⟩=3.1e-04, ⟨B·n⟩=4.1e-03, Len=sum([5.2, 5.2, 4.9])=15.4, ϰ=[5.4, 6.7, 5.9], ∫ϰ²/L>=[5.0, 7.1, 8.0], C-C-Sep=0.20, ║∇J║=2.0e-04
Iteration 1637/2000-----
currents: [100000.0, 99999.9994174017, 99999.99912160463]
J=3.5e-04, ⟨Jf⟩=3.1e-04, ⟨B·n⟩=4.1e-03, Len=sum([5.2, 5.2, 4.9])=15.4, ϰ=[5.4, 6.7, 5.9], ∫ϰ²/L>=[5.0, 7.1, 8.0], C-C-Sep=0.20, ║∇J║=2.5e-04
Iteration 1638/2000-----
currents: [100000.0, 99999.9994167637, 99999.99912063756]
J=3.5e-04, ⟨Jf⟩=3.1e-04, ⟨B·n⟩=4.1e-03, Len=sum([5.2, 5.2, 4.9])=15.4, ϰ=[5.4, 6.7, 5.9], ∫ϰ²/L>=[5.0, 7.1, 8.0], C-C-Sep=0.20, ║∇J║=2.7e-04
Iteration 1639/2000-----
currents: [100000.0, 99999.99941476577, 99999.99911760756]
J=3.5e-04, ⟨Jf⟩=3.1e-04, ⟨B·n⟩=4.1e-03, Len=sum([5.2, 5.2, 4.9])=15.4, ϰ=[5.4, 6.7, 5.9], ∫ϰ²/L>=[5.0, 7.1, 8.0], C-C-Sep=0.20, ║∇J║=3.3e-04
Iteration 1640/2000-----
currents: [100000.0, 99999.99941423134, 99999.99911679658]
J=3.5e-04, ⟨Jf⟩=3.1e-04, ⟨B·n⟩=4.1e-03, Len=sum([5.2, 5.2, 4.9])=15.4, ϰ=[5.4, 6.7, 5.9], ∫ϰ²/L>=[5.0, 7.1, 8.0], C-C-Sep=0.20, ║∇J║=3.3e-04
Iteration 1641/2000-----
currents: [100000.0, 99999.9994131528, 99999.99911516072]
J=3.5e-04, ⟨Jf⟩=3.1e-04, ⟨B·n⟩=4.1e-03, Len=sum([5.2, 5.2, 4.9])=15.4, ϰ=[5.4, 6.7, 5.9], ∫ϰ²/L>=[5.0, 7.1, 8.0], C-C-Sep=0.20, ║∇J║=3.0e-04
Iteration 1642/2000-----
currents: [100000.0, 99999.99941264886, 99999.9991143962]
J=3.5e-04, ⟨Jf⟩=3.1e-04, ⟨B·n⟩=4.1e-03, Len=sum([5.2, 5.2, 4.9])=15.4, ϰ=[5.5, 6.7, 5.9], ∫ϰ²/L>=[5.0, 7.1, 8.0], C-C-Sep=0.20, ║∇J║=3.0e-04
Iteration 1643/2000-----
currents: [100000.0, 99999.99941076036, 99999.99911153222]
J=3.5e-04, ⟨Jf⟩=3.1e-04, ⟨B·n⟩=4.1e-03, Len=sum([5.2, 5.2, 4.9])=15.4, ϰ=[5.5, 6.7, 5.9], ∫ϰ²/L>=[5.0, 7.1, 8.0], C-C-Sep=0.20, ║∇J║=3.1e-04
Iteration 1644/2000-----
currents: [100000.0, 99999.99941092721, 99999.99911178551]
J=3.5e-04, ⟨Jf⟩=3.1e-04, ⟨B·n⟩=4.1e-03, Len=sum([5.2, 5.2, 4.9])=15.4, ϰ=[5.5, 6.7, 5.9], ∫ϰ²/L>=[5.0, 7.1, 8.0], C-C-Sep=0.20, ║∇J║=3.2e-04
Iteration 1645/2000-----
currents: [100000.0, 99999.99940988894, 99999.9991102107]
J=3.5e-04, ⟨Jf⟩=3.1e-04, ⟨B·n⟩=4.1e-03, Len=sum([5.2, 5.2, 4.9])=15.4, ϰ=[5.5, 6.7, 5.9], ∫ϰ²/L>=[5.0, 7.1, 8.0], C-C-Sep=0.20, ║∇J║=3.0e-04
Iteration 1646/2000-----
currents: [100000.0, 99999.99940919687, 99999.99910916074]
J=3.5e-04, ⟨Jf⟩=3.1e-04, ⟨B·n⟩=4.1e-03, Len=sum([5.2, 5.2, 4.9])=15.4, ϰ=[5.5, 6.7, 5.9], ∫ϰ²/L>=[5.0, 7.1, 8.0], C-C-Sep=0.20, ║∇J║=2.7e-04
Iteration 1647/2000-----
currents: [100000.0, 99999.9994083535, 99999.9991078811]
J=3.5e-04, ⟨Jf⟩=3.1e-04, ⟨B·n⟩=4.1e-03, Len=sum([5.2, 5.2, 4.9])=15.4, ϰ=[5.5, 6.7, 5.8], ∫ϰ²/L>=[5.0, 7.1, 8.0], C-C-Sep=0.20, ║∇J║=2.7e-04
Iteration 1648/2000-----
currents: [100000.0, 99999.99940822482, 99999.9991076854]
J=3.5e-04, ⟨Jf⟩=3.1e-04, ⟨B·n⟩=4.1e-03, Len=sum([5.2, 5.2, 4.9])=15.4, ϰ=[5.5, 6.7, 5.8], ∫ϰ²/L>=[5.0, 7.1, 8.0], C-C-Sep=0.20, ║∇J║=2.3e-04
Iteration 1649/2000-----
currents: [100000.0, 99999.99940727705, 99999.99910624715]
J=3.5e-04, ⟨Jf⟩=3.1e-04, ⟨B·n⟩=4.1e-03, Len=sum([5.2, 5.2, 4.9])=15.4, ϰ=[5.5, 6.7, 5.8], ∫ϰ²/L>=[5.0, 7.1, 8.0], C-C-Sep=0.20, ║∇J║=2.8e-04
Iteration 1650/2000-----
currents: [100000.0, 99999.99940728517, 99999.9991062584]
J=3.5e-04, ⟨Jf⟩=3.1e-04, ⟨B·n⟩=4.1e-03, Len=sum([5.2, 5.2, 4.9])=15.4, ϰ=[5.5, 6.7, 5.8], ∫ϰ²/L>=[5.0, 7.1, 8.0], C-C-Sep=0.20, ║∇J║=2.8e-04
Iteration 1651/2000-----
currents: [100000.0, 99999.99940661543, 99999.9991052424]
J=3.5e-04, ⟨Jf⟩=3.1e-04, ⟨B·n⟩=4.1e-03, Len=sum([5.2, 5.2, 4.9])=15.4, ϰ=[5.5, 6.7, 5.8], ∫ϰ²/L>=[5.0, 7.1, 8.0], C-C-Sep=0.20, ║∇J║=2.6e-04
Iteration 1652/2000-----
currents: [100000.0, 99999.9994065505, 99999.99910514436]
J=3.5e-04, ⟨Jf⟩=3.1e-04, ⟨B·n⟩=4.1e-03, Len=sum([5.2, 5.2, 4.9])=15.4, ϰ=[5.5, 6.7, 5.8], ∫ϰ²/L>=[5.0, 7.1, 8.0], C-C-Sep=0.20, ║∇J║=2.8e-04
Iteration 1653/2000-----
currents: [100000.0, 99999.99940625532, 99999.99910469646]
J=3.5e-04, ⟨Jf⟩=3.1e-04, ⟨B·n⟩=4.1e-03, Len=sum([5.2, 5.2, 4.9])=15.4, ϰ=[5.5, 6.7, 5.8], ∫ϰ²/L>=[5.0, 7.1, 8.0], C-C-Sep=0.20, ║∇J║=2.8e-04
Iteration 1654/2000-----
currents: [100000.0, 99999.999406122, 99999.99910449411]
J=3.5e-04, ⟨Jf⟩=3.1e-04, ⟨B·n⟩=4.1e-03, Len=sum([5.2, 5.2, 4.9])=15.4, ϰ=[5.5, 6.7, 5.8], ∫ϰ²/L>=[5.0, 7.1, 8.0], C-C-Sep=0.20, ║∇J║=2.5e-04
Iteration 1655/2000-----
currents: [100000.0, 99999.9994055322, 99999.99910359929]
J=3.5e-04, ⟨Jf⟩=3.1e-04, ⟨B·n⟩=4.1e-03, Len=sum([5.2, 5.2, 4.9])=15.4, ϰ=[5.5, 6.7, 5.8], ∫ϰ²/L>=[5.0, 7.1, 8.0], C-C-Sep=0.20, ║∇J║=2.8e-04
Iteration 1656/2000-----
currents: [100000.0, 99999.99940492521, 99999.99910267799]
J=3.5e-04, ⟨Jf⟩=3.1e-04, ⟨B·n⟩=4.1e-03, Len=sum([5.2, 5.2, 4.9])=15.4, ϰ=[5.5, 6.7, 5.8], ∫ϰ²/L>=[5.0, 7.1, 8.0], C-C-Sep=0.20, ║∇J║=3.0e-04
Iteration 1657/2000-----
currents: [100000.0, 99999.99940460431, 99999.99910219105]
J=3.5e-04, ⟨Jf⟩=3.1e-04, ⟨B·n⟩=4.1e-03, Len=sum([5.2, 5.2, 4.9])=15.4, ϰ=[5.5, 6.7, 5.8], ∫ϰ²/L>=[5.0, 7.1, 8.0], C-C-Sep=0.20, ║∇J║=2.3e-04
Iteration 1658/2000-----
currents: [100000.0, 99999.99940429506, 99999.99910172119]
J=3.5e-04, ⟨Jf⟩=3.1e-04, ⟨B·n⟩=4.1e-03, Len=sum([5.2, 5.2, 4.9])=15.4, ϰ=[5.5, 6.7, 5.8], ∫ϰ²/L>=[4.9, 7.1, 8.0], C-C-Sep=0.20, ║∇J║=1.9e-04
Iteration 1659/2000-----
currents: [100000.0, 99999.99940388298, 99999.99910109531]
J=3.5e-04, ⟨Jf⟩=3.1e-04, ⟨B·n⟩=4.1e-03, Len=sum([5.2, 5.2, 4.9])=15.4, ϰ=[5.5, 6.7, 5.8], ∫ϰ²/L>=[4.9, 7.1, 8.0], C-C-Sep=0.20, ║∇J║=2.1e-04
Iteration 1660/2000-----
currents: [100000.0, 99999.9994041196, 99999.99910145311]
J=3.5e-04, ⟨Jf⟩=3.1e-04, ⟨B·n⟩=4.2e-03, Len=sum([5.2, 5.2, 4.9])=15.4, ϰ=[5.5, 6.7, 5.9], ∫ϰ²/L>=[4.9, 7.1, 8.0], C-C-Sep=0.20, ║∇J║=2.1e-04
Iteration 1661/2000-----
currents: [100000.0, 99999.99940346178, 99999.99910045454]
J=3.5e-04, ⟨Jf⟩=3.1e-04, ⟨B·n⟩=4.1e-03, Len=sum([5.2, 5.2, 4.9])=15.4, ϰ=[5.5, 6.7, 5.9], ∫ϰ²/L>=[4.9, 7.1, 8.0], C-C-Sep=0.20, ║∇J║=2.0e-04
Iteration 1662/2000-----
currents: [100000.0, 99999.99940342952, 99999.99910040555]
J=3.5e-04, ⟨Jf⟩=3.1e-04, ⟨B·n⟩=4.1e-03, Len=sum([5.2, 5.2, 4.9])=15.4, ϰ=[5.5, 6.7, 5.9], ∫ϰ²/L>=[4.9, 7.1, 8.0], C-C-Sep=0.20, ║∇J║=2.0e-04
Iteration 1663/2000-----
currents: [100000.0, 99999.99940327255, 99999.99910016677]
J=3.5e-04, ⟨Jf⟩=3.1e-04, ⟨B·n⟩=4.1e-03, Len=sum([5.2, 5.2, 4.9])=15.4, ϰ=[5.5, 6.7, 5.9], ∫ϰ²/L>=[4.9, 7.1, 8.0], C-C-Sep=0.20, ║∇J║=1.8e-04
Iteration 1664/2000-----
currents: [100000.0, 99999.99940296465, 99999.99909969913]
J=3.5e-04, ⟨Jf⟩=3.1e-04, ⟨B·n⟩=4.1e-03, Len=sum([5.2, 5.2, 4.9])=15.4, ϰ=[5.5, 6.7, 5.8], ∫ϰ²/L>=[4.9, 7.1, 8.0], C-C-Sep=0.20, ║∇J║=1.8e-04
Iteration 1665/2000-----
currents: [100000.0, 99999.99940241952, 99999.99909887102]
J=3.5e-04, ⟨Jf⟩=3.1e-04, ⟨B·n⟩=4.1e-03, Len=sum([5.2, 5.2, 4.9])=15.4, ϰ=[5.5, 6.7, 5.8], ∫ϰ²/L>=[4.9, 7.1, 8.0], C-C-Sep=0.20, ║∇J║=2.1e-04
Iteration 1666/2000-----
currents: [100000.0, 99999.99940182119, 99999.99909796279]
J=3.5e-04, ⟨Jf⟩=3.1e-04, ⟨B·n⟩=4.1e-03, Len=sum([5.2, 5.2, 4.9])=15.4, ϰ=[5.5, 6.7, 5.8], ∫ϰ²/L>=[4.9, 7.1, 8.0], C-C-Sep=0.20, ║∇J║=2.3e-04
Iteration 1667/2000-----
currents: [100000.0, 99999.99940141205, 99999.99909734206]
J=3.5e-04, ⟨Jf⟩=3.1e-04, ⟨B·n⟩=4.1e-03, Len=sum([5.2, 5.2, 4.9])=15.4, ϰ=[5.5, 6.7, 5.8], ∫ϰ²/L>=[4.9, 7.1, 8.0], C-C-Sep=0.20, ║∇J║=1.9e-04
Iteration 1668/2000-----
currents: [100000.0, 99999.99940029155, 99999.99909564204]
J=3.5e-04, ⟨Jf⟩=3.1e-04, ⟨B·n⟩=4.1e-03, Len=sum([5.2, 5.2, 4.9])=15.4, ϰ=[5.5, 6.7, 5.8], ∫ϰ²/L>=[4.9, 7.1, 8.0], C-C-Sep=0.20, ║∇J║=2.2e-04
Iteration 1669/2000-----
currents: [100000.0, 99999.99939967411, 99999.99909470532]
J=3.5e-04, ⟨Jf⟩=3.1e-04, ⟨B·n⟩=4.1e-03, Len=sum([5.2, 5.2, 4.9])=15.4, ϰ=[5.5, 6.7, 5.8], ∫ϰ²/L>=[4.9, 7.1, 8.0], C-C-Sep=0.20, ║∇J║=2.4e-04
Iteration 1670/2000-----
currents: [100000.0, 99999.99939828651, 99999.99909259989]
J=3.5e-04, ⟨Jf⟩=3.1e-04, ⟨B·n⟩=4.1e-03, Len=sum([5.2, 5.2, 4.9])=15.4, ϰ=[5.5, 6.7, 5.8], ∫ϰ²/L>=[4.9, 7.1, 8.0], C-C-Sep=0.20, ║∇J║=2.9e-04
Iteration 1671/2000-----
currents: [100000.0, 99999.99939774204, 99999.99909177334]
J=3.5e-04, ⟨Jf⟩=3.1e-04, ⟨B·n⟩=4.1e-03, Len=sum([5.2, 5.2, 4.9])=15.4, ϰ=[5.5, 6.7, 5.8], ∫ϰ²/L>=[4.9, 7.1, 8.0], C-C-Sep=0.20, ║∇J║=2.6e-04
Iteration 1672/2000-----
currents: [100000.0, 99999.99939669576, 99999.9990901854]
J=3.5e-04, ⟨Jf⟩=3.1e-04, ⟨B·n⟩=4.1e-03, Len=sum([5.2, 5.2, 4.9])=15.4, ϰ=[5.5, 6.7, 5.8], ∫ϰ²/L>=[4.9, 7.1, 8.0], C-C-Sep=0.20, ║∇J║=2.4e-04
Iteration 1673/2000-----
currents: [100000.0, 99999.99939624102, 99999.99908949489]
J=3.5e-04, ⟨Jf⟩=3.1e-04, ⟨B·n⟩=4.1e-03, Len=sum([5.2, 5.2, 4.9])=15.4, ϰ=[5.5, 6.7, 5.8], ∫ϰ²/L>=[4.9, 7.1, 8.0], C-C-Sep=0.20, ║∇J║=2.4e-04
Iteration 1674/2000-----
currents: [100000.0, 99999.99939481697, 99999.9990873334]
J=3.5e-04, ⟨Jf⟩=3.1e-04, ⟨B·n⟩=4.1e-03, Len=sum([5.2, 5.2, 4.9])=15.4, ϰ=[5.5, 6.7, 5.8], ∫ϰ²/L>=[4.9, 7.1, 8.0], C-C-Sep=0.20, ║∇J║=2.8e-04
Iteration 1675/2000-----
currents: [100000.0, 99999.99939488746, 99999.99908744]
J=3.5e-04, ⟨Jf⟩=3.1e-04, ⟨B·n⟩=4.1e-03, Len=sum([5.2, 5.2, 4.9])=15.4, ϰ=[5.5, 6.7, 5.8], ∫ϰ²/L>=[4.9, 7.1, 8.0], C-C-Sep=0.20, ║∇J║=2.7e-04
Iteration 1676/2000-----
currents: [100000.0, 99999.99939380866, 99999.99908580209]
J=3.5e-04, ⟨Jf⟩=3.1e-04, ⟨B·n⟩=4.1e-03, Len=sum([5.2, 5.2, 4.9])=15.4, ϰ=[5.5, 6.7, 5.8], ∫ϰ²/L>=[4.9, 7.1, 8.0], C-C-Sep=0.20, ║∇J║=3.1e-04
Iteration 1677/2000-----
currents: [100000.0, 99999.9993935493, 99999.99908540807]
J=3.5e-04, ⟨Jf⟩=3.1e-04, ⟨B·n⟩=4.1e-03, Len=sum([5.2, 5.2, 4.9])=15.4, ϰ=[5.5, 6.7, 5.8], ∫ϰ²/L>=[4.9, 7.1, 8.0], C-C-Sep=0.20, ║∇J║=2.3e-04
Iteration 1678/2000-----
currents: [100000.0, 99999.99939275727, 99999.99908420564]
J=3.5e-04, ⟨Jf⟩=3.1e-04, ⟨B·n⟩=4.1e-03, Len=sum([5.2, 5.2, 4.9])=15.4, ϰ=[5.5, 6.7, 5.8], ∫ϰ²/L>=[4.9, 7.1, 8.0], C-C-Sep=0.20, ║∇J║=2.2e-04
Iteration 1679/2000-----
currents: [100000.0, 99999.99939203606, 99999.99908311012]
J=3.5e-04, ⟨Jf⟩=3.1e-04, ⟨B·n⟩=4.1e-03, Len=sum([5.2, 5.2, 4.9])=15.4, ϰ=[5.5, 6.7, 5.8], ∫ϰ²/L>=[4.9, 7.1, 8.0], C-C-Sep=0.20, ║∇J║=2.2e-04
Iteration 1680/2000-----
currents: [100000.0, 99999.99939068791, 99999.99908106329]
J=3.5e-04, ⟨Jf⟩=3.1e-04, ⟨B·n⟩=4.1e-03, Len=sum([5.2, 5.2, 4.9])=15.4, ϰ=[5.5, 6.7, 5.8], ∫ϰ²/L>=[4.9, 7.1, 8.0], C-C-Sep=0.20, ║∇J║=2.7e-04
Iteration 1681/2000-----
currents: [100000.0, 99999.99938956056, 99999.99907935194]
J=3.5e-04, ⟨Jf⟩=3.1e-04, ⟨B·n⟩=4.1e-03, Len=sum([5.2, 5.2, 4.9])=15.4, ϰ=[5.5, 6.7, 5.8], ∫ϰ²/L>=[4.9, 7.1, 8.0], C-C-Sep=0.20, ║∇J║=2.5e-04
Iteration 1682/2000-----
currents: [100000.0, 99999.99938902866, 99999.99907854453]
J=3.5e-04, ⟨Jf⟩=3.1e-04, ⟨B·n⟩=4.1e-03, Len=sum([5.2, 5.2, 4.9])=15.4, ϰ=[5.5, 6.7, 5.8], ∫ϰ²/L>=[4.9, 7.1, 8.0], C-C-Sep=0.20, ║∇J║=2.7e-04
Iteration 1683/2000-----
currents: [100000.0, 99999.99938852662, 99999.99907778313]
J=3.5e-04, ⟨Jf⟩=3.1e-04, ⟨B·n⟩=4.1e-03, Len=sum([5.2, 5.2, 4.9])=15.4, ϰ=[5.4, 6.7, 5.8], ∫ϰ²/L>=[4.9, 7.1, 8.0], C-C-Sep=0.20, ║∇J║=2.6e-04
Iteration 1684/2000-----
currents: [100000.0, 99999.99938805541, 99999.99907706847]
J=3.5e-04, ⟨Jf⟩=3.1e-04, ⟨B·n⟩=4.1e-03, Len=sum([5.2, 5.2, 4.9])=15.4, ϰ=[5.4, 6.7, 5.8], ∫ϰ²/L>=[4.9, 7.1, 8.0], C-C-Sep=0.20, ║∇J║=3.2e-04
Iteration 1685/2000-----
currents: [100000.0, 99999.9993884547, 99999.99907767467]
J=3.5e-04, ⟨Jf⟩=3.1e-04, ⟨B·n⟩=4.1e-03, Len=sum([5.2, 5.2, 4.9])=15.4, ϰ=[5.4, 6.7, 5.8], ∫ϰ²/L>=[4.9, 7.1, 8.0], C-C-Sep=0.20, ║∇J║=2.4e-04
Iteration 1686/2000-----
currents: [100000.0, 99999.99938638775, 99999.99907453668]
J=3.5e-04, ⟨Jf⟩=3.1e-04, ⟨B·n⟩=4.1e-03, Len=sum([5.2, 5.2, 4.9])=15.4, ϰ=[5.4, 6.7, 5.8], ∫ϰ²/L>=[4.9, 7.1, 8.0], C-C-Sep=0.20, ║∇J║=4.9e-04
Iteration 1687/2000-----
currents: [100000.0, 99999.9993874731, 99999.99907618444]
J=3.5e-04, ⟨Jf⟩=3.1e-04, ⟨B·n⟩=4.1e-03, Len=sum([5.2, 5.2, 4.9])=15.4, ϰ=[5.4, 6.7, 5.8], ∫ϰ²/L>=[4.9, 7.1, 8.0], C-C-Sep=0.20, ║∇J║=2.8e-04
Iteration 1688/2000-----
currents: [100000.0, 99999.99938722378, 99999.99907580556]
J=3.5e-04, ⟨Jf⟩=3.1e-04, ⟨B·n⟩=4.1e-03, Len=sum([5.2, 5.2, 4.9])=15.4, ϰ=[5.4, 6.7, 5.8], ∫ϰ²/L>=[4.9, 7.1, 8.0], C-C-Sep=0.20, ║∇J║=3.1e-04
Iteration 1689/2000-----
currents: [100000.0, 99999.99938685691, 99999.99907524844]
J=3.5e-04, ⟨Jf⟩=3.1e-04, ⟨B·n⟩=4.1e-03, Len=sum([5.2, 5.2, 4.9])=15.4, ϰ=[5.4, 6.7, 5.8], ∫ϰ²/L>=[4.9, 7.1, 8.0], C-C-Sep=0.20, ║∇J║=2.2e-04
Iteration 1690/2000-----
currents: [100000.0, 99999.9993863021, 99999.99907440609]
J=3.5e-04, ⟨Jf⟩=3.1e-04, ⟨B·n⟩=4.1e-03, Len=sum([5.2, 5.2, 4.9])=15.4, ϰ=[5.4, 6.7, 5.8], ∫ϰ²/L>=[4.9, 7.1, 8.0], C-C-Sep=0.20, ║∇J║=2.1e-04
Iteration 1691/2000-----
currents: [100000.0, 99999.99938553858, 99999.99907324748]
J=3.5e-04, ⟨Jf⟩=3.1e-04, ⟨B·n⟩=4.1e-03, Len=sum([5.2, 5.2, 4.9])=15.4, ϰ=[5.4, 6.7, 5.8], ∫ϰ²/L>=[4.9, 7.1, 8.0], C-C-Sep=0.20, ║∇J║=2.2e-04
Iteration 1692/2000-----
currents: [100000.0, 99999.9993851554, 99999.99907266586]
J=3.5e-04, ⟨Jf⟩=3.1e-04, ⟨B·n⟩=4.1e-03, Len=sum([5.2, 5.2, 4.9])=15.4, ϰ=[5.4, 6.7, 5.8], ∫ϰ²/L>=[4.9, 7.1, 8.0], C-C-Sep=0.20, ║∇J║=2.4e-04
Iteration 1693/2000-----
currents: [100000.0, 99999.99938483334, 99999.99907217707]
J=3.5e-04, ⟨Jf⟩=3.1e-04, ⟨B·n⟩=4.1e-03, Len=sum([5.2, 5.2, 4.9])=15.4, ϰ=[5.4, 6.7, 5.8], ∫ϰ²/L>=[4.9, 7.1, 8.0], C-C-Sep=0.20, ║∇J║=2.0e-04
Iteration 1694/2000-----
currents: [100000.0, 99999.99938444988, 99999.99907159487]
J=3.5e-04, ⟨Jf⟩=3.1e-04, ⟨B·n⟩=4.1e-03, Len=sum([5.2, 5.2, 4.9])=15.4, ϰ=[5.4, 6.7, 5.8], ∫ϰ²/L>=[4.9, 7.1, 8.0], C-C-Sep=0.20, ║∇J║=2.4e-04
Iteration 1695/2000-----
currents: [100000.0, 99999.99938410489, 99999.99907107043]
J=3.5e-04, ⟨Jf⟩=3.1e-04, ⟨B·n⟩=4.1e-03, Len=sum([5.2, 5.2, 4.9])=15.4, ϰ=[5.4, 6.7, 5.8], ∫ϰ²/L>=[4.9, 7.1, 8.0], C-C-Sep=0.20, ║∇J║=2.5e-04
Iteration 1696/2000-----
currents: [100000.0, 99999.99938378723, 99999.99907058767]
J=3.5e-04, ⟨Jf⟩=3.1e-04, ⟨B·n⟩=4.1e-03, Len=sum([5.2, 5.2, 4.9])=15.4, ϰ=[5.4, 6.7, 5.8], ∫ϰ²/L>=[4.9, 7.1, 8.0], C-C-Sep=0.20, ║∇J║=2.2e-04
Iteration 1697/2000-----
currents: [100000.0, 99999.99938322508, 99999.99906973346]
J=3.5e-04, ⟨Jf⟩=3.1e-04, ⟨B·n⟩=4.1e-03, Len=sum([5.2, 5.2, 4.9])=15.4, ϰ=[5.4, 6.7, 5.8], ∫ϰ²/L>=[4.9, 7.1, 8.0], C-C-Sep=0.20, ║∇J║=2.4e-04
Iteration 1698/2000-----
currents: [100000.0, 99999.9993829792, 99999.99906935923]
J=3.5e-04, ⟨Jf⟩=3.1e-04, ⟨B·n⟩=4.1e-03, Len=sum([5.2, 5.2, 4.9])=15.4, ϰ=[5.4, 6.7, 5.8], ∫ϰ²/L>=[4.9, 7.1, 8.0], C-C-Sep=0.20, ║∇J║=1.9e-04
Iteration 1699/2000-----
currents: [100000.0, 99999.99938263443, 99999.99906883521]
J=3.5e-04, ⟨Jf⟩=3.1e-04, ⟨B·n⟩=4.1e-03, Len=sum([5.2, 5.2, 4.9])=15.4, ϰ=[5.4, 6.7, 5.8], ∫ϰ²/L>=[4.9, 7.1, 8.0], C-C-Sep=0.20, ║∇J║=2.0e-04
Iteration 1700/2000-----
currents: [100000.0, 99999.99938204633, 99999.9990679415]
J=3.5e-04, ⟨Jf⟩=3.1e-04, ⟨B·n⟩=4.1e-03, Len=sum([5.2, 5.2, 4.9])=15.4, ϰ=[5.4, 6.7, 5.8], ∫ϰ²/L>=[4.9, 7.1, 8.0], C-C-Sep=0.20, ║∇J║=2.4e-04
Iteration 1701/2000-----
currents: [100000.0, 99999.99938141195, 99999.99906697756]
J=3.5e-04, ⟨Jf⟩=3.1e-04, ⟨B·n⟩=4.1e-03, Len=sum([5.2, 5.2, 4.9])=15.4, ϰ=[5.4, 6.7, 5.8], ∫ϰ²/L>=[4.9, 7.1, 8.0], C-C-Sep=0.20, ║∇J║=2.3e-04
Iteration 1702/2000-----
currents: [100000.0, 99999.99938088123, 99999.99906617109]
J=3.5e-04, ⟨Jf⟩=3.1e-04, ⟨B·n⟩=4.1e-03, Len=sum([5.2, 5.2, 4.9])=15.4, ϰ=[5.4, 6.7, 5.8], ∫ϰ²/L>=[4.9, 7.1, 8.0], C-C-Sep=0.20, ║∇J║=2.1e-04
Iteration 1703/2000-----
currents: [100000.0, 99999.99937972867, 99999.99906442042]
J=3.5e-04, ⟨Jf⟩=3.1e-04, ⟨B·n⟩=4.1e-03, Len=sum([5.2, 5.2, 4.9])=15.4, ϰ=[5.5, 6.7, 5.8], ∫ϰ²/L>=[4.9, 7.1, 8.0], C-C-Sep=0.20, ║∇J║=2.3e-04
Iteration 1704/2000-----
currents: [100000.0, 99999.99938010625, 99999.9990649936]
J=3.5e-04, ⟨Jf⟩=3.1e-04, ⟨B·n⟩=4.1e-03, Len=sum([5.2, 5.2, 4.9])=15.4, ϰ=[5.5, 6.7, 5.8], ∫ϰ²/L>=[4.9, 7.1, 8.0], C-C-Sep=0.20, ║∇J║=3.2e-04
Iteration 1705/2000-----
currents: [100000.0, 99999.999379194, 99999.99906360894]
J=3.5e-04, ⟨Jf⟩=3.1e-04, ⟨B·n⟩=4.1e-03, Len=sum([5.2, 5.2, 4.9])=15.4, ϰ=[5.5, 6.7, 5.8], ∫ϰ²/L>=[4.9, 7.1, 8.0], C-C-Sep=0.20, ║∇J║=3.5e-04
Iteration 1706/2000-----
currents: [100000.0, 99999.99937920072, 99999.99906361937]
J=3.5e-04, ⟨Jf⟩=3.1e-04, ⟨B·n⟩=4.1e-03, Len=sum([5.2, 5.2, 4.9])=15.4, ϰ=[5.5, 6.7, 5.8], ∫ϰ²/L>=[4.9, 7.1, 8.0], C-C-Sep=0.20, ║∇J║=2.0e-04
Iteration 1707/2000-----
currents: [100000.0, 99999.99937884066, 99999.99906307283]
J=3.5e-04, ⟨Jf⟩=3.1e-04, ⟨B·n⟩=4.1e-03, Len=sum([5.2, 5.2, 4.9])=15.4, ϰ=[5.5, 6.7, 5.8], ∫ϰ²/L>=[4.9, 7.1, 8.0], C-C-Sep=0.20, ║∇J║=1.8e-04
Iteration 1708/2000-----
currents: [100000.0, 99999.99937836472, 99999.99906235028]
J=3.5e-04, ⟨Jf⟩=3.1e-04, ⟨B·n⟩=4.1e-03, Len=sum([5.2, 5.2, 4.9])=15.4, ϰ=[5.5, 6.7, 5.8], ∫ϰ²/L>=[4.9, 7.1, 8.0], C-C-Sep=0.20, ║∇J║=2.1e-04
Iteration 1709/2000-----
currents: [100000.0, 99999.99937767698, 99999.99906130625]
J=3.5e-04, ⟨Jf⟩=3.1e-04, ⟨B·n⟩=4.1e-03, Len=sum([5.2, 5.2, 4.9])=15.4, ϰ=[5.5, 6.7, 5.8], ∫ϰ²/L>=[4.9, 7.1, 8.0], C-C-Sep=0.20, ║∇J║=2.9e-04
Iteration 1710/2000-----
currents: [100000.0, 99999.99937723999, 99999.99906064259]
J=3.5e-04, ⟨Jf⟩=3.1e-04, ⟨B·n⟩=4.1e-03, Len=sum([5.2, 5.2, 4.9])=15.4, ϰ=[5.5, 6.7, 5.8], ∫ϰ²/L>=[4.9, 7.1, 8.0], C-C-Sep=0.20, ║∇J║=2.1e-04
Iteration 1711/2000-----
currents: [100000.0, 99999.99937632702, 99999.999059256]
J=3.5e-04, ⟨Jf⟩=3.1e-04, ⟨B·n⟩=4.1e-03, Len=sum([5.2, 5.2, 4.9])=15.4, ϰ=[5.5, 6.7, 5.8], ∫ϰ²/L>=[4.9, 7.1, 8.0], C-C-Sep=0.20, ║∇J║=2.2e-04
Iteration 1712/2000-----
currents: [100000.0, 99999.9993760718, 99999.99905886827]
J=3.5e-04, ⟨Jf⟩=3.1e-04, ⟨B·n⟩=4.1e-03, Len=sum([5.2, 5.2, 4.9])=15.4, ϰ=[5.5, 6.7, 5.8], ∫ϰ²/L>=[4.9, 7.1, 8.0], C-C-Sep=0.20, ║∇J║=2.5e-04
Iteration 1713/2000-----
currents: [100000.0, 99999.99937548295, 99999.99905797407]
J=3.5e-04, ⟨Jf⟩=3.1e-04, ⟨B·n⟩=4.1e-03, Len=sum([5.2, 5.2, 4.9])=15.4, ϰ=[5.5, 6.7, 5.8], ∫ϰ²/L>=[4.9, 7.1, 8.0], C-C-Sep=0.20, ║∇J║=2.1e-04
Iteration 1714/2000-----
currents: [100000.0, 99999.99937419352, 99999.99905601588]
J=3.5e-04, ⟨Jf⟩=3.1e-04, ⟨B·n⟩=4.1e-03, Len=sum([5.2, 5.2, 4.9])=15.4, ϰ=[5.5, 6.7, 5.8], ∫ϰ²/L>=[4.9, 7.1, 8.0], C-C-Sep=0.20, ║∇J║=2.5e-04
Iteration 1715/2000-----
currents: [100000.0, 99999.99937383072, 99999.99905546491]
J=3.5e-04, ⟨Jf⟩=3.1e-04, ⟨B·n⟩=4.1e-03, Len=sum([5.2, 5.2, 4.9])=15.4, ϰ=[5.4, 6.7, 5.8], ∫ϰ²/L>=[4.9, 7.1, 8.0], C-C-Sep=0.20, ║∇J║=2.7e-04
Iteration 1716/2000-----
currents: [100000.0, 99999.99937320061, 99999.99905450772]
J=3.5e-04, ⟨Jf⟩=3.1e-04, ⟨B·n⟩=4.1e-03, Len=sum([5.2, 5.2, 4.9])=15.4, ϰ=[5.4, 6.7, 5.8], ∫ϰ²/L>=[4.9, 7.1, 8.0], C-C-Sep=0.20, ║∇J║=2.1e-04
Iteration 1717/2000-----
currents: [100000.0, 99999.99937314187, 99999.99905441818]
J=3.5e-04, ⟨Jf⟩=3.1e-04, ⟨B·n⟩=4.1e-03, Len=sum([5.2, 5.2, 4.9])=15.4, ϰ=[5.4, 6.7, 5.8], ∫ϰ²/L>=[4.9, 7.1, 8.0], C-C-Sep=0.20, ║∇J║=2.1e-04
Iteration 1718/2000-----
currents: [100000.0, 99999.99937181266, 99999.9990523997]
J=3.5e-04, ⟨Jf⟩=3.1e-04, ⟨B·n⟩=4.1e-03, Len=sum([5.2, 5.2, 4.9])=15.4, ϰ=[5.4, 6.7, 5.8], ∫ϰ²/L>=[4.9, 7.1, 8.0], C-C-Sep=0.20, ║∇J║=2.7e-04
Iteration 1719/2000-----
currents: [100000.0, 99999.99937209464, 99999.99905282828]
J=3.5e-04, ⟨Jf⟩=3.1e-04, ⟨B·n⟩=4.1e-03, Len=sum([5.2, 5.2, 4.9])=15.4, ϰ=[5.4, 6.7, 5.8], ∫ϰ²/L>=[4.9, 7.1, 8.0], C-C-Sep=0.20, ║∇J║=2.5e-04
Iteration 1720/2000-----
currents: [100000.0, 99999.99937198518, 99999.99905266194]
J=3.5e-04, ⟨Jf⟩=3.1e-04, ⟨B·n⟩=4.1e-03, Len=sum([5.2, 5.2, 4.9])=15.4, ϰ=[5.4, 6.7, 5.8], ∫ϰ²/L>=[4.9, 7.1, 8.0], C-C-Sep=0.20, ║∇J║=1.8e-04
Iteration 1721/2000-----
currents: [100000.0, 99999.99937132563, 99999.9990516601]
J=3.5e-04, ⟨Jf⟩=3.1e-04, ⟨B·n⟩=4.1e-03, Len=sum([5.2, 5.2, 4.9])=15.4, ϰ=[5.4, 6.7, 5.8], ∫ϰ²/L>=[4.9, 7.1, 8.0], C-C-Sep=0.20, ║∇J║=2.0e-04
Iteration 1722/2000-----
currents: [100000.0, 99999.9993703463, 99999.9990501729]
J=3.5e-04, ⟨Jf⟩=3.1e-04, ⟨B·n⟩=4.1e-03, Len=sum([5.2, 5.2, 4.9])=15.4, ϰ=[5.4, 6.7, 5.8], ∫ϰ²/L>=[4.9, 7.1, 8.0], C-C-Sep=0.20, ║∇J║=2.6e-04
Iteration 1723/2000-----
currents: [100000.0, 99999.99936946532, 99999.99904883445]
J=3.5e-04, ⟨Jf⟩=3.1e-04, ⟨B·n⟩=4.1e-03, Len=sum([5.2, 5.2, 4.9])=15.4, ϰ=[5.4, 6.7, 5.8], ∫ϰ²/L>=[4.9, 7.1, 8.0], C-C-Sep=0.20, ║∇J║=2.2e-04
Iteration 1724/2000-----
currents: [100000.0, 99999.99936896497, 99999.99904807421]
J=3.5e-04, ⟨Jf⟩=3.1e-04, ⟨B·n⟩=4.1e-03, Len=sum([5.2, 5.2, 4.9])=15.4, ϰ=[5.4, 6.7, 5.8], ∫ϰ²/L>=[4.9, 7.1, 8.0], C-C-Sep=0.20, ║∇J║=2.4e-04
Iteration 1725/2000-----
currents: [100000.0, 99999.9993685243, 99999.99904740513]
J=3.5e-04, ⟨Jf⟩=3.1e-04, ⟨B·n⟩=4.1e-03, Len=sum([5.2, 5.2, 4.9])=15.4, ϰ=[5.4, 6.7, 5.8], ∫ϰ²/L>=[4.9, 7.1, 8.0], C-C-Sep=0.20, ║∇J║=2.4e-04
Iteration 1726/2000-----
currents: [100000.0, 99999.9993674134, 99999.99904571804]
J=3.5e-04, ⟨Jf⟩=3.1e-04, ⟨B·n⟩=4.1e-03, Len=sum([5.2, 5.2, 4.9])=15.4, ϰ=[5.4, 6.7, 5.9], ∫ϰ²/L>=[4.9, 7.1, 8.0], C-C-Sep=0.20, ║∇J║=2.6e-04
Iteration 1727/2000-----
currents: [100000.0, 99999.99936638807, 99999.99904416096]
J=3.5e-04, ⟨Jf⟩=3.1e-04, ⟨B·n⟩=4.1e-03, Len=sum([5.2, 5.2, 4.9])=15.4, ϰ=[5.4, 6.7, 5.9], ∫ϰ²/L>=[4.9, 7.1, 8.0], C-C-Sep=0.20, ║∇J║=2.8e-04
Iteration 1728/2000-----
currents: [100000.0, 99999.999364544, 99999.9990413603]
J=3.5e-04, ⟨Jf⟩=3.1e-04, ⟨B·n⟩=4.1e-03, Len=sum([5.2, 5.2, 4.9])=15.4, ϰ=[5.4, 6.7, 5.9], ∫ϰ²/L>=[4.9, 7.1, 8.0], C-C-Sep=0.20, ║∇J║=3.5e-04
Iteration 1729/2000-----
currents: [100000.0, 99999.9993647912, 99999.99904173512]
J=3.5e-04, ⟨Jf⟩=3.1e-04, ⟨B·n⟩=4.1e-03, Len=sum([5.2, 5.2, 4.9])=15.4, ϰ=[5.4, 6.7, 5.9], ∫ϰ²/L>=[4.9, 7.1, 8.0], C-C-Sep=0.20, ║∇J║=3.9e-04
Iteration 1730/2000-----
currents: [100000.0, 99999.99936339505, 99999.99903961406]
J=3.5e-04, ⟨Jf⟩=3.1e-04, ⟨B·n⟩=4.1e-03, Len=sum([5.2, 5.2, 4.9])=15.4, ϰ=[5.4, 6.7, 5.8], ∫ϰ²/L>=[4.9, 7.1, 8.0], C-C-Sep=0.20, ║∇J║=5.0e-04
Iteration 1731/2000-----
currents: [100000.0, 99999.9993637894, 99999.99904021285]
J=3.5e-04, ⟨Jf⟩=3.1e-04, ⟨B·n⟩=4.1e-03, Len=sum([5.2, 5.2, 4.9])=15.4, ϰ=[5.4, 6.7, 5.8], ∫ϰ²/L>=[4.9, 7.1, 8.0], C-C-Sep=0.20, ║∇J║=3.0e-04
Iteration 1732/2000-----
currents: [100000.0, 99999.99936349595, 99999.9990397669]
J=3.5e-04, ⟨Jf⟩=3.1e-04, ⟨B·n⟩=4.1e-03, Len=sum([5.2, 5.2, 4.9])=15.4, ϰ=[5.4, 6.7, 5.8], ∫ϰ²/L>=[4.9, 7.1, 8.0], C-C-Sep=0.20, ║∇J║=2.1e-04
Iteration 1733/2000-----
currents: [100000.0, 99999.99936312964, 99999.99903921]
J=3.5e-04, ⟨Jf⟩=3.1e-04, ⟨B·n⟩=4.1e-03, Len=sum([5.2, 5.2, 4.9])=15.4, ϰ=[5.4, 6.7, 5.8], ∫ϰ²/L>=[4.9, 7.1, 8.0], C-C-Sep=0.20, ║∇J║=2.1e-04
Iteration 1734/2000-----
currents: [100000.0, 99999.99936225399, 99999.99903787911]
J=3.5e-04, ⟨Jf⟩=3.1e-04, ⟨B·n⟩=4.1e-03, Len=sum([5.2, 5.2, 4.9])=15.4, ϰ=[5.4, 6.7, 5.8], ∫ϰ²/L>=[4.9, 7.1, 8.0], C-C-Sep=0.20, ║∇J║=2.2e-04
Iteration 1735/2000-----
currents: [100000.0, 99999.99936204603, 99999.99903756249]
J=3.5e-04, ⟨Jf⟩=3.1e-04, ⟨B·n⟩=4.1e-03, Len=sum([5.2, 5.2, 4.9])=15.4, ϰ=[5.4, 6.7, 5.8], ∫ϰ²/L>=[4.9, 7.1, 8.0], C-C-Sep=0.20, ║∇J║=2.4e-04
Iteration 1736/2000-----
currents: [100000.0, 99999.9993618309, 99999.99903723567]
J=3.5e-04, ⟨Jf⟩=3.1e-04, ⟨B·n⟩=4.1e-03, Len=sum([5.2, 5.2, 4.9])=15.4, ϰ=[5.4, 6.7, 5.8], ∫ϰ²/L>=[4.9, 7.1, 8.0], C-C-Sep=0.20, ║∇J║=2.3e-04
Iteration 1737/2000-----
currents: [100000.0, 99999.99936164511, 99999.9990369536]
J=3.5e-04, ⟨Jf⟩=3.1e-04, ⟨B·n⟩=4.1e-03, Len=sum([5.2, 5.2, 4.9])=15.4, ϰ=[5.4, 6.7, 5.8], ∫ϰ²/L>=[4.9, 7.1, 8.0], C-C-Sep=0.20, ║∇J║=2.1e-04
Iteration 1738/2000-----
currents: [100000.0, 99999.99936152196, 99999.99903676662]
J=3.5e-04, ⟨Jf⟩=3.1e-04, ⟨B·n⟩=4.1e-03, Len=sum([5.2, 5.2, 4.9])=15.4, ϰ=[5.4, 6.7, 5.8], ∫ϰ²/L>=[4.9, 7.1, 8.0], C-C-Sep=0.20, ║∇J║=2.1e-04
Iteration 1739/2000-----
currents: [100000.0, 99999.99936093586, 99999.9990358766]
J=3.5e-04, ⟨Jf⟩=3.1e-04, ⟨B·n⟩=4.1e-03, Len=sum([5.2, 5.2, 4.9])=15.4, ϰ=[5.4, 6.7, 5.8], ∫ϰ²/L>=[4.9, 7.1, 8.0], C-C-Sep=0.20, ║∇J║=2.5e-04
Iteration 1740/2000-----
currents: [100000.0, 99999.99936112457, 99999.99903616344]
J=3.5e-04, ⟨Jf⟩=3.1e-04, ⟨B·n⟩=4.1e-03, Len=sum([5.2, 5.2, 4.9])=15.4, ϰ=[5.4, 6.7, 5.8], ∫ϰ²/L>=[4.9, 7.1, 8.0], C-C-Sep=0.20, ║∇J║=3.7e-04
Iteration 1741/2000-----
currents: [100000.0, 99999.99936053708, 99999.9990352708]
J=3.5e-04, ⟨Jf⟩=3.1e-04, ⟨B·n⟩=4.1e-03, Len=sum([5.2, 5.2, 4.9])=15.4, ϰ=[5.4, 6.7, 5.8], ∫ϰ²/L>=[4.9, 7.1, 8.0], C-C-Sep=0.20, ║∇J║=2.3e-04
Iteration 1742/2000-----
currents: [100000.0, 99999.99936031425, 99999.99903493199]
J=3.5e-04, ⟨Jf⟩=3.1e-04, ⟨B·n⟩=4.1e-03, Len=sum([5.2, 5.2, 4.9])=15.4, ϰ=[5.4, 6.7, 5.8], ∫ϰ²/L>=[4.9, 7.1, 8.0], C-C-Sep=0.20, ║∇J║=2.1e-04
Iteration 1743/2000-----
currents: [100000.0, 99999.99935990204, 99999.99903430541]
J=3.5e-04, ⟨Jf⟩=3.1e-04, ⟨B·n⟩=4.1e-03, Len=sum([5.2, 5.2, 4.9])=15.4, ϰ=[5.4, 6.7, 5.8], ∫ϰ²/L>=[4.9, 7.1, 8.0], C-C-Sep=0.20, ║∇J║=1.9e-04
Iteration 1744/2000-----
currents: [100000.0, 99999.99935958166, 99999.99903381834]
J=3.5e-04, ⟨Jf⟩=3.1e-04, ⟨B·n⟩=4.1e-03, Len=sum([5.2, 5.2, 4.9])=15.4, ϰ=[5.4, 6.7, 5.8], ∫ϰ²/L>=[4.9, 7.1, 8.0], C-C-Sep=0.20, ║∇J║=2.1e-04
Iteration 1745/2000-----
currents: [100000.0, 99999.99935887022, 99999.99903273745]
J=3.5e-04, ⟨Jf⟩=3.1e-04, ⟨B·n⟩=4.1e-03, Len=sum([5.2, 5.2, 4.9])=15.4, ϰ=[5.4, 6.7, 5.8], ∫ϰ²/L>=[4.9, 7.1, 8.0], C-C-Sep=0.20, ║∇J║=2.6e-04
Iteration 1746/2000-----
currents: [100000.0, 99999.99935854712, 99999.9990322466]
J=3.5e-04, ⟨Jf⟩=3.1e-04, ⟨B·n⟩=4.1e-03, Len=sum([5.2, 5.2, 4.9])=15.4, ϰ=[5.4, 6.7, 5.8], ∫ϰ²/L>=[4.9, 7.1, 8.0], C-C-Sep=0.20, ║∇J║=2.2e-04
Iteration 1747/2000-----
currents: [100000.0, 99999.99935801237, 99999.99903143417]
J=3.5e-04, ⟨Jf⟩=3.1e-04, ⟨B·n⟩=4.1e-03, Len=sum([5.2, 5.2, 4.9])=15.4, ϰ=[5.4, 6.7, 5.8], ∫ϰ²/L>=[4.9, 7.1, 8.0], C-C-Sep=0.20, ║∇J║=1.8e-04
Iteration 1748/2000-----
currents: [100000.0, 99999.99935777427, 99999.99903107254]
J=3.5e-04, ⟨Jf⟩=3.1e-04, ⟨B·n⟩=4.1e-03, Len=sum([5.2, 5.2, 4.9])=15.4, ϰ=[5.4, 6.7, 5.8], ∫ϰ²/L>=[4.9, 7.1, 8.0], C-C-Sep=0.20, ║∇J║=2.0e-04
Iteration 1749/2000-----
currents: [100000.0, 99999.99935701318, 99999.99902991616]
J=3.5e-04, ⟨Jf⟩=3.1e-04, ⟨B·n⟩=4.1e-03, Len=sum([5.2, 5.2, 4.9])=15.4, ϰ=[5.4, 6.7, 5.8], ∫ϰ²/L>=[4.9, 7.1, 8.0], C-C-Sep=0.20, ║∇J║=1.9e-04
Iteration 1750/2000-----
currents: [100000.0, 99999.99935657979, 99999.99902925725]
J=3.5e-04, ⟨Jf⟩=3.1e-04, ⟨B·n⟩=4.1e-03, Len=sum([5.2, 5.2, 4.9])=15.4, ϰ=[5.4, 6.7, 5.8], ∫ϰ²/L>=[4.9, 7.1, 8.0], C-C-Sep=0.20, ║∇J║=2.5e-04
Iteration 1751/2000-----
currents: [100000.0, 99999.99935601935, 99999.99902840563]
J=3.5e-04, ⟨Jf⟩=3.1e-04, ⟨B·n⟩=4.1e-03, Len=sum([5.2, 5.2, 4.9])=15.4, ϰ=[5.4, 6.7, 5.8], ∫ϰ²/L>=[4.9, 7.1, 8.0], C-C-Sep=0.20, ║∇J║=2.2e-04
Iteration 1752/2000-----
currents: [100000.0, 99999.99935589537, 99999.99902821721]
J=3.5e-04, ⟨Jf⟩=3.1e-04, ⟨B·n⟩=4.1e-03, Len=sum([5.2, 5.2, 4.9])=15.4, ϰ=[5.4, 6.7, 5.8], ∫ϰ²/L>=[4.9, 7.1, 8.0], C-C-Sep=0.20, ║∇J║=2.0e-04
Iteration 1753/2000-----
currents: [100000.0, 99999.9993554097, 99999.99902747909]
J=3.5e-04, ⟨Jf⟩=3.1e-04, ⟨B·n⟩=4.1e-03, Len=sum([5.2, 5.2, 4.9])=15.4, ϰ=[5.4, 6.7, 5.8], ∫ϰ²/L>=[4.9, 7.1, 8.0], C-C-Sep=0.20, ║∇J║=1.8e-04
Iteration 1754/2000-----
currents: [100000.0, 99999.9993554072, 99999.99902747496]
J=3.5e-04, ⟨Jf⟩=3.1e-04, ⟨B·n⟩=4.1e-03, Len=sum([5.2, 5.2, 4.9])=15.4, ϰ=[5.4, 6.7, 5.8], ∫ϰ²/L>=[4.9, 7.1, 8.0], C-C-Sep=0.20, ║∇J║=2.4e-04
Iteration 1755/2000-----
currents: [100000.0, 99999.99935495511, 99999.9990267881]
J=3.5e-04, ⟨Jf⟩=3.1e-04, ⟨B·n⟩=4.1e-03, Len=sum([5.2, 5.2, 4.9])=15.4, ϰ=[5.4, 6.7, 5.8], ∫ϰ²/L>=[4.9, 7.1, 8.0], C-C-Sep=0.20, ║∇J║=1.8e-04
Iteration 1756/2000-----
currents: [100000.0, 99999.99935461288, 99999.99902626828]
J=3.5e-04, ⟨Jf⟩=3.1e-04, ⟨B·n⟩=4.1e-03, Len=sum([5.2, 5.2, 4.9])=15.4, ϰ=[5.4, 6.7, 5.8], ∫ϰ²/L>=[4.9, 7.1, 8.0], C-C-Sep=0.20, ║∇J║=1.8e-04
Iteration 1757/2000-----
currents: [100000.0, 99999.99935392584, 99999.9990252244]
J=3.5e-04, ⟨Jf⟩=3.1e-04, ⟨B·n⟩=4.1e-03, Len=sum([5.2, 5.2, 4.9])=15.4, ϰ=[5.4, 6.7, 5.8], ∫ϰ²/L>=[4.9, 7.1, 8.0], C-C-Sep=0.20, ║∇J║=2.3e-04
Iteration 1758/2000-----
currents: [100000.0, 99999.9993534624, 99999.99902452038]
J=3.5e-04, ⟨Jf⟩=3.1e-04, ⟨B·n⟩=4.1e-03, Len=sum([5.2, 5.2, 4.9])=15.4, ϰ=[5.4, 6.7, 5.8], ∫ϰ²/L>=[4.9, 7.1, 8.0], C-C-Sep=0.20, ║∇J║=2.2e-04
Iteration 1759/2000-----
currents: [100000.0, 99999.99935283116, 99999.99902356142]
J=3.5e-04, ⟨Jf⟩=3.1e-04, ⟨B·n⟩=4.1e-03, Len=sum([5.2, 5.2, 4.9])=15.4, ϰ=[5.4, 6.7, 5.8], ∫ϰ²/L>=[4.9, 7.1, 8.0], C-C-Sep=0.20, ║∇J║=2.4e-04
Iteration 1760/2000-----
currents: [100000.0, 99999.9993523263, 99999.99902279444]
J=3.5e-04, ⟨Jf⟩=3.1e-04, ⟨B·n⟩=4.1e-03, Len=sum([5.2, 5.2, 4.9])=15.4, ϰ=[5.4, 6.7, 5.8], ∫ϰ²/L>=[4.9, 7.1, 8.0], C-C-Sep=0.20, ║∇J║=2.5e-04
Iteration 1761/2000-----
currents: [100000.0, 99999.99935115367, 99999.99902101289]
J=3.5e-04, ⟨Jf⟩=3.1e-04, ⟨B·n⟩=4.1e-03, Len=sum([5.2, 5.2, 4.9])=15.4, ϰ=[5.4, 6.7, 5.8], ∫ϰ²/L>=[4.9, 7.1, 8.0], C-C-Sep=0.20, ║∇J║=2.4e-04
Iteration 1762/2000-----
currents: [100000.0, 99999.99934998424, 99999.99901923616]
J=3.5e-04, ⟨Jf⟩=3.1e-04, ⟨B·n⟩=4.1e-03, Len=sum([5.2, 5.2, 4.9])=15.4, ϰ=[5.4, 6.7, 5.8], ∫ϰ²/L>=[4.9, 7.1, 8.0], C-C-Sep=0.20, ║∇J║=2.5e-04
Iteration 1763/2000-----
currents: [100000.0, 99999.99934925752, 99999.99901813206]
J=3.5e-04, ⟨Jf⟩=3.1e-04, ⟨B·n⟩=4.1e-03, Len=sum([5.2, 5.2, 4.9])=15.4, ϰ=[5.4, 6.7, 5.8], ∫ϰ²/L>=[4.9, 7.1, 8.0], C-C-Sep=0.20, ║∇J║=2.4e-04
Iteration 1764/2000-----
currents: [100000.0, 99999.99934813677, 99999.99901642915]
J=3.5e-04, ⟨Jf⟩=3.1e-04, ⟨B·n⟩=4.1e-03, Len=sum([5.2, 5.2, 4.9])=15.4, ϰ=[5.4, 6.7, 5.8], ∫ϰ²/L>=[4.9, 7.1, 8.0], C-C-Sep=0.20, ║∇J║=2.5e-04
Iteration 1765/2000-----
currents: [100000.0, 99999.99934828491, 99999.99901665388]
J=3.5e-04, ⟨Jf⟩=3.1e-04, ⟨B·n⟩=4.1e-03, Len=sum([5.2, 5.2, 4.9])=15.4, ϰ=[5.4, 6.7, 5.8], ∫ϰ²/L>=[4.9, 7.1, 8.0], C-C-Sep=0.20, ║∇J║=2.6e-04
Iteration 1766/2000-----
currents: [100000.0, 99999.9993464393, 99999.99901384913]
J=3.5e-04, ⟨Jf⟩=3.1e-04, ⟨B·n⟩=4.1e-03, Len=sum([5.2, 5.2, 4.9])=15.4, ϰ=[5.4, 6.7, 5.8], ∫ϰ²/L>=[4.9, 7.1, 8.0], C-C-Sep=0.20, ║∇J║=5.5e-04
Iteration 1767/2000-----
currents: [100000.0, 99999.9993473355, 99999.99901521105]
J=3.5e-04, ⟨Jf⟩=3.1e-04, ⟨B·n⟩=4.1e-03, Len=sum([5.2, 5.2, 4.9])=15.4, ϰ=[5.4, 6.7, 5.8], ∫ϰ²/L>=[4.9, 7.1, 8.0], C-C-Sep=0.20, ║∇J║=3.2e-04
Iteration 1768/2000-----
currents: [100000.0, 99999.99934678465, 99999.99901437377]
J=3.5e-04, ⟨Jf⟩=3.1e-04, ⟨B·n⟩=4.1e-03, Len=sum([5.2, 5.2, 4.9])=15.4, ϰ=[5.4, 6.7, 5.8], ∫ϰ²/L>=[4.9, 7.1, 8.0], C-C-Sep=0.20, ║∇J║=2.3e-04
Iteration 1769/2000-----
currents: [100000.0, 99999.99934610366, 99999.99901333878]
J=3.5e-04, ⟨Jf⟩=3.1e-04, ⟨B·n⟩=4.1e-03, Len=sum([5.2, 5.2, 4.9])=15.4, ϰ=[5.4, 6.7, 5.8], ∫ϰ²/L>=[4.9, 7.1, 8.0], C-C-Sep=0.20, ║∇J║=2.1e-04
Iteration 1770/2000-----
currents: [100000.0, 99999.99934541123, 99999.99901228612]
J=3.5e-04, ⟨Jf⟩=3.1e-04, ⟨B·n⟩=4.1e-03, Len=sum([5.2, 5.2, 4.9])=15.4, ϰ=[5.4, 6.7, 5.8], ∫ϰ²/L>=[4.9, 7.1, 8.0], C-C-Sep=0.20, ║∇J║=2.3e-04
Iteration 1771/2000-----
currents: [100000.0, 99999.99934424456, 99999.99901051304]
J=3.5e-04, ⟨Jf⟩=3.1e-04, ⟨B·n⟩=4.1e-03, Len=sum([5.2, 5.2, 4.9])=15.4, ϰ=[5.4, 6.7, 5.8], ∫ϰ²/L>=[4.9, 7.1, 8.0], C-C-Sep=0.20, ║∇J║=3.1e-04
Iteration 1772/2000-----
currents: [100000.0, 99999.99934377988, 99999.99900980659]
J=3.5e-04, ⟨Jf⟩=3.1e-04, ⟨B·n⟩=4.1e-03, Len=sum([5.2, 5.2, 4.9])=15.4, ϰ=[5.4, 6.7, 5.8], ∫ϰ²/L>=[4.9, 7.1, 8.0], C-C-Sep=0.20, ║∇J║=2.5e-04
Iteration 1773/2000-----
currents: [100000.0, 99999.99934244643, 99999.99900778008]
J=3.5e-04, ⟨Jf⟩=3.1e-04, ⟨B·n⟩=4.1e-03, Len=sum([5.2, 5.2, 4.9])=15.4, ϰ=[5.5, 6.7, 5.8], ∫ϰ²/L>=[4.9, 7.1, 8.0], C-C-Sep=0.20, ║∇J║=2.9e-04
Iteration 1774/2000-----
currents: [100000.0, 99999.9993427166, 99999.99900819031]
J=3.5e-04, ⟨Jf⟩=3.1e-04, ⟨B·n⟩=4.1e-03, Len=sum([5.2, 5.2, 4.9])=15.4, ϰ=[5.5, 6.7, 5.8], ∫ϰ²/L>=[4.9, 7.1, 8.0], C-C-Sep=0.20, ║∇J║=2.8e-04
Iteration 1775/2000-----
currents: [100000.0, 99999.99934174916, 99999.9990067201]
J=3.5e-04, ⟨Jf⟩=3.1e-04, ⟨B·n⟩=4.1e-03, Len=sum([5.2, 5.2, 4.9])=15.4, ϰ=[5.5, 6.7, 5.8], ∫ϰ²/L>=[4.9, 7.1, 8.0], C-C-Sep=0.20, ║∇J║=3.7e-04
Iteration 1776/2000-----
currents: [100000.0, 99999.99934147175, 99999.99900629846]
J=3.5e-04, ⟨Jf⟩=3.1e-04, ⟨B·n⟩=4.1e-03, Len=sum([5.2, 5.2, 4.9])=15.4, ϰ=[5.5, 6.7, 5.8], ∫ϰ²/L>=[4.9, 7.1, 8.0], C-C-Sep=0.20, ║∇J║=2.4e-04
Iteration 1777/2000-----
currents: [100000.0, 99999.99934095904, 99999.99900551929]
J=3.5e-04, ⟨Jf⟩=3.1e-04, ⟨B·n⟩=4.1e-03, Len=sum([5.2, 5.2, 4.9])=15.4, ϰ=[5.5, 6.7, 5.8], ∫ϰ²/L>=[4.9, 7.1, 8.0], C-C-Sep=0.20, ║∇J║=2.3e-04
Iteration 1778/2000-----
currents: [100000.0, 99999.99934066155, 99999.99900506713]
J=3.5e-04, ⟨Jf⟩=3.1e-04, ⟨B·n⟩=4.1e-03, Len=sum([5.2, 5.2, 4.9])=15.4, ϰ=[5.5, 6.7, 5.8], ∫ϰ²/L>=[4.9, 7.1, 8.0], C-C-Sep=0.20, ║∇J║=2.7e-04
Iteration 1779/2000-----
currents: [100000.0, 99999.99933906252, 99999.99900263642]
J=3.5e-04, ⟨Jf⟩=3.1e-04, ⟨B·n⟩=4.1e-03, Len=sum([5.2, 5.2, 4.9])=15.4, ϰ=[5.5, 6.7, 5.8], ∫ϰ²/L>=[4.9, 7.1, 8.0], C-C-Sep=0.20, ║∇J║=3.7e-04
Iteration 1780/2000-----
currents: [100000.0, 99999.99933874395, 99999.99900215193]
J=3.5e-04, ⟨Jf⟩=3.1e-04, ⟨B·n⟩=4.1e-03, Len=sum([5.2, 5.2, 4.9])=15.4, ϰ=[5.5, 6.7, 5.8], ∫ϰ²/L>=[4.9, 7.1, 8.0], C-C-Sep=0.20, ║∇J║=2.7e-04
Iteration 1781/2000-----
currents: [100000.0, 99999.99933792528, 99999.9990009074]
J=3.5e-04, ⟨Jf⟩=3.1e-04, ⟨B·n⟩=4.1e-03, Len=sum([5.2, 5.2, 4.9])=15.4, ϰ=[5.5, 6.7, 5.8], ∫ϰ²/L>=[4.9, 7.1, 8.0], C-C-Sep=0.20, ║∇J║=2.8e-04
Iteration 1782/2000-----
currents: [100000.0, 99999.99933775875, 99999.99900065344]
J=3.5e-04, ⟨Jf⟩=3.1e-04, ⟨B·n⟩=4.1e-03, Len=sum([5.2, 5.2, 4.9])=15.4, ϰ=[5.5, 6.7, 5.8], ∫ϰ²/L>=[4.9, 7.1, 8.0], C-C-Sep=0.20, ║∇J║=2.7e-04
Iteration 1783/2000-----
currents: [100000.0, 99999.99933680771, 99999.99899920743]
J=3.5e-04, ⟨Jf⟩=3.1e-04, ⟨B·n⟩=4.1e-03, Len=sum([5.2, 5.2, 4.9])=15.4, ϰ=[5.5, 6.7, 5.8], ∫ϰ²/L>=[4.9, 7.1, 8.0], C-C-Sep=0.20, ║∇J║=2.9e-04
Iteration 1784/2000-----
currents: [100000.0, 99999.99933687388, 99999.99899930826]
J=3.5e-04, ⟨Jf⟩=3.1e-04, ⟨B·n⟩=4.1e-03, Len=sum([5.2, 5.2, 4.9])=15.4, ϰ=[5.5, 6.7, 5.8], ∫ϰ²/L>=[4.9, 7.1, 8.0], C-C-Sep=0.20, ║∇J║=2.5e-04
Iteration 1785/2000-----
currents: [100000.0, 99999.99933660068, 99999.99899889297]
J=3.5e-04, ⟨Jf⟩=3.1e-04, ⟨B·n⟩=4.1e-03, Len=sum([5.2, 5.2, 4.9])=15.4, ϰ=[5.5, 6.7, 5.8], ∫ϰ²/L>=[4.9, 7.1, 8.0], C-C-Sep=0.20, ║∇J║=2.4e-04
Iteration 1786/2000-----
currents: [100000.0, 99999.99933652594, 99999.99899877922]
J=3.5e-04, ⟨Jf⟩=3.1e-04, ⟨B·n⟩=4.1e-03, Len=sum([5.2, 5.2, 4.9])=15.4, ϰ=[5.5, 6.7, 5.8], ∫ϰ²/L>=[4.9, 7.1, 8.0], C-C-Sep=0.20, ║∇J║=2.2e-04
Iteration 1787/2000-----
currents: [100000.0, 99999.9993357762, 99999.99899763962]
J=3.5e-04, ⟨Jf⟩=3.1e-04, ⟨B·n⟩=4.1e-03, Len=sum([5.2, 5.2, 4.9])=15.4, ϰ=[5.5, 6.7, 5.8], ∫ϰ²/L>=[4.9, 7.1, 8.0], C-C-Sep=0.20, ║∇J║=2.4e-04
Iteration 1788/2000-----
currents: [100000.0, 99999.99933508312, 99999.99899658599]
J=3.5e-04, ⟨Jf⟩=3.1e-04, ⟨B·n⟩=4.1e-03, Len=sum([5.2, 5.2, 4.9])=15.4, ϰ=[5.5, 6.7, 5.8], ∫ϰ²/L>=[4.9, 7.1, 8.0], C-C-Sep=0.20, ║∇J║=2.2e-04
Iteration 1789/2000-----
currents: [100000.0, 99999.99933437901, 99999.99899551577]
J=3.5e-04, ⟨Jf⟩=3.1e-04, ⟨B·n⟩=4.1e-03, Len=sum([5.2, 5.2, 4.9])=15.4, ϰ=[5.5, 6.7, 5.8], ∫ϰ²/L>=[4.9, 7.1, 8.0], C-C-Sep=0.20, ║∇J║=2.1e-04
Iteration 1790/2000-----
currents: [100000.0, 99999.99933395519, 99999.99899487171]
J=3.5e-04, ⟨Jf⟩=3.1e-04, ⟨B·n⟩=4.1e-03, Len=sum([5.2, 5.2, 4.9])=15.4, ϰ=[5.5, 6.7, 5.8], ∫ϰ²/L>=[4.9, 7.1, 8.0], C-C-Sep=0.20, ║∇J║=2.3e-04
Iteration 1791/2000-----
currents: [100000.0, 99999.9993337164, 99999.99899450931]
J=3.5e-04, ⟨Jf⟩=3.1e-04, ⟨B·n⟩=4.1e-03, Len=sum([5.2, 5.2, 4.9])=15.4, ϰ=[5.5, 6.7, 5.8], ∫ϰ²/L>=[4.9, 7.1, 8.0], C-C-Sep=0.20, ║∇J║=1.9e-04
Iteration 1792/2000-----
currents: [100000.0, 99999.99933320482, 99999.99899373206]
J=3.5e-04, ⟨Jf⟩=3.1e-04, ⟨B·n⟩=4.1e-03, Len=sum([5.2, 5.2, 4.9])=15.4, ϰ=[5.5, 6.7, 5.8], ∫ϰ²/L>=[4.9, 7.1, 8.0], C-C-Sep=0.20, ║∇J║=1.7e-04
Iteration 1793/2000-----
currents: [100000.0, 99999.99933301433, 99999.99899344261]
J=3.5e-04, ⟨Jf⟩=3.1e-04, ⟨B·n⟩=4.1e-03, Len=sum([5.2, 5.2, 4.9])=15.4, ϰ=[5.5, 6.7, 5.8], ∫ϰ²/L>=[4.9, 7.1, 8.0], C-C-Sep=0.20, ║∇J║=1.9e-04
Iteration 1794/2000-----
currents: [100000.0, 99999.99933192934, 99999.99899179352]
J=3.5e-04, ⟨Jf⟩=3.1e-04, ⟨B·n⟩=4.1e-03, Len=sum([5.2, 5.2, 4.9])=15.4, ϰ=[5.5, 6.7, 5.8], ∫ϰ²/L>=[4.9, 7.1, 8.0], C-C-Sep=0.20, ║∇J║=2.3e-04
Iteration 1795/2000-----
currents: [100000.0, 99999.99933195354, 99999.99899182988]
J=3.5e-04, ⟨Jf⟩=3.1e-04, ⟨B·n⟩=4.1e-03, Len=sum([5.2, 5.2, 4.9])=15.4, ϰ=[5.5, 6.7, 5.8], ∫ϰ²/L>=[4.9, 7.1, 8.0], C-C-Sep=0.20, ║∇J║=2.7e-04
Iteration 1796/2000-----
currents: [100000.0, 99999.99933163001, 99999.99899133743]
J=3.5e-04, ⟨Jf⟩=3.1e-04, ⟨B·n⟩=4.1e-03, Len=sum([5.2, 5.2, 4.9])=15.4, ϰ=[5.5, 6.7, 5.8], ∫ϰ²/L>=[4.9, 7.1, 8.0], C-C-Sep=0.20, ║∇J║=2.1e-04
Iteration 1797/2000-----
currents: [100000.0, 99999.99933136786, 99999.99899093859]
J=3.5e-04, ⟨Jf⟩=3.1e-04, ⟨B·n⟩=4.1e-03, Len=sum([5.2, 5.2, 4.9])=15.4, ϰ=[5.5, 6.7, 5.8], ∫ϰ²/L>=[4.9, 7.1, 8.0], C-C-Sep=0.20, ║∇J║=1.8e-04
Iteration 1798/2000-----
currents: [100000.0, 99999.99933092568, 99999.99899026605]
J=3.5e-04, ⟨Jf⟩=3.1e-04, ⟨B·n⟩=4.1e-03, Len=sum([5.2, 5.2, 4.9])=15.4, ϰ=[5.5, 6.7, 5.8], ∫ϰ²/L>=[4.9, 7.1, 8.0], C-C-Sep=0.20, ║∇J║=2.1e-04
Iteration 1799/2000-----
currents: [100000.0, 99999.9993304602, 99999.99898955779]
J=3.5e-04, ⟨Jf⟩=3.1e-04, ⟨B·n⟩=4.1e-03, Len=sum([5.2, 5.2, 4.9])=15.4, ϰ=[5.5, 6.7, 5.8], ∫ϰ²/L>=[4.9, 7.1, 8.0], C-C-Sep=0.20, ║∇J║=2.2e-04
Iteration 1800/2000-----
currents: [100000.0, 99999.99933006061, 99999.99898895]
J=3.5e-04, ⟨Jf⟩=3.1e-04, ⟨B·n⟩=4.1e-03, Len=sum([5.2, 5.2, 4.9])=15.4, ϰ=[5.5, 6.7, 5.8], ∫ϰ²/L>=[4.9, 7.1, 8.0], C-C-Sep=0.20, ║∇J║=2.7e-04
Iteration 1801/2000-----
currents: [100000.0, 99999.99932938899, 99999.99898792876]
J=3.5e-04, ⟨Jf⟩=3.1e-04, ⟨B·n⟩=4.1e-03, Len=sum([5.2, 5.2, 4.9])=15.4, ϰ=[5.5, 6.7, 5.8], ∫ϰ²/L>=[4.9, 7.1, 8.0], C-C-Sep=0.20, ║∇J║=2.4e-04
Iteration 1802/2000-----
currents: [100000.0, 99999.99932899314, 99999.99898732638]
J=3.5e-04, ⟨Jf⟩=3.1e-04, ⟨B·n⟩=4.1e-03, Len=sum([5.2, 5.2, 4.9])=15.4, ϰ=[5.5, 6.7, 5.8], ∫ϰ²/L>=[4.9, 7.1, 8.0], C-C-Sep=0.20, ║∇J║=2.1e-04
Iteration 1803/2000-----
currents: [100000.0, 99999.99932830462, 99999.99898627953]
J=3.5e-04, ⟨Jf⟩=3.1e-04, ⟨B·n⟩=4.1e-03, Len=sum([5.2, 5.2, 4.9])=15.4, ϰ=[5.5, 6.7, 5.8], ∫ϰ²/L>=[4.9, 7.1, 8.0], C-C-Sep=0.20, ║∇J║=2.3e-04
Iteration 1804/2000-----
currents: [100000.0, 99999.99932785345, 99999.9989855936]
J=3.5e-04, ⟨Jf⟩=3.1e-04, ⟨B·n⟩=4.1e-03, Len=sum([5.2, 5.2, 4.9])=15.4, ϰ=[5.5, 6.7, 5.8], ∫ϰ²/L>=[4.9, 7.1, 8.0], C-C-Sep=0.20, ║∇J║=2.2e-04
Iteration 1805/2000-----
currents: [100000.0, 99999.99932736496, 99999.99898485045]
J=3.5e-04, ⟨Jf⟩=3.1e-04, ⟨B·n⟩=4.1e-03, Len=sum([5.2, 5.2, 4.9])=15.4, ϰ=[5.5, 6.7, 5.8], ∫ϰ²/L>=[4.9, 7.1, 8.0], C-C-Sep=0.20, ║∇J║=1.9e-04
Iteration 1806/2000-----
currents: [100000.0, 99999.99932719018, 99999.99898458461]
J=3.5e-04, ⟨Jf⟩=3.1e-04, ⟨B·n⟩=4.1e-03, Len=sum([5.2, 5.2, 4.9])=15.4, ϰ=[5.5, 6.7, 5.8], ∫ϰ²/L>=[4.9, 7.1, 8.0], C-C-Sep=0.20, ║∇J║=2.1e-04
Iteration 1807/2000-----
currents: [100000.0, 99999.99932566333, 99999.99898226307]
J=3.5e-04, ⟨Jf⟩=3.1e-04, ⟨B·n⟩=4.1e-03, Len=sum([5.2, 5.2, 4.9])=15.4, ϰ=[5.5, 6.7, 5.8], ∫ϰ²/L>=[4.9, 7.1, 8.0], C-C-Sep=0.20, ║∇J║=3.0e-04
Iteration 1808/2000-----
currents: [100000.0, 99999.99932514371, 99999.9989814727]
J=3.5e-04, ⟨Jf⟩=3.1e-04, ⟨B·n⟩=4.1e-03, Len=sum([5.2, 5.2, 4.9])=15.4, ϰ=[5.5, 6.7, 5.8], ∫ϰ²/L>=[4.9, 7.1, 8.0], C-C-Sep=0.20, ║∇J║=3.2e-04
Iteration 1809/2000-----
currents: [100000.0, 99999.99932373424, 99999.9989793296]
J=3.5e-04, ⟨Jf⟩=3.1e-04, ⟨B·n⟩=4.1e-03, Len=sum([5.2, 5.2, 4.9])=15.4, ϰ=[5.5, 6.7, 5.8], ∫ϰ²/L>=[4.9, 7.1, 8.0], C-C-Sep=0.20, ║∇J║=3.4e-04
Iteration 1810/2000-----
currents: [100000.0, 99999.99932339773, 99999.99897881778]
J=3.5e-04, ⟨Jf⟩=3.1e-04, ⟨B·n⟩=4.1e-03, Len=sum([5.2, 5.2, 4.9])=15.4, ϰ=[5.5, 6.7, 5.8], ∫ϰ²/L>=[4.9, 7.1, 8.0], C-C-Sep=0.20, ║∇J║=3.1e-04
Iteration 1811/2000-----
currents: [100000.0, 99999.99932178427, 99999.99897636488]
J=3.5e-04, ⟨Jf⟩=3.1e-04, ⟨B·n⟩=4.1e-03, Len=sum([5.2, 5.2, 4.9])=15.4, ϰ=[5.5, 6.7, 5.8], ∫ϰ²/L>=[4.9, 7.1, 8.0], C-C-Sep=0.20, ║∇J║=3.3e-04
Iteration 1812/2000-----
currents: [100000.0, 99999.99932179078, 99999.99897637447]
J=3.5e-04, ⟨Jf⟩=3.1e-04, ⟨B·n⟩=4.1e-03, Len=sum([5.2, 5.2, 4.9])=15.4, ϰ=[5.5, 6.7, 5.8], ∫ϰ²/L>=[4.9, 7.1, 8.0], C-C-Sep=0.20, ║∇J║=3.0e-04
Iteration 1813/2000-----
currents: [100000.0, 99999.99932126241, 99999.99897557075]
J=3.5e-04, ⟨Jf⟩=3.1e-04, ⟨B·n⟩=4.1e-03, Len=sum([5.2, 5.2, 4.9])=15.4, ϰ=[5.5, 6.7, 5.8], ∫ϰ²/L>=[4.9, 7.1, 8.0], C-C-Sep=0.20, ║∇J║=2.7e-04
Iteration 1814/2000-----
currents: [100000.0, 99999.99932086967, 99999.9989749736]
J=3.5e-04, ⟨Jf⟩=3.1e-04, ⟨B·n⟩=4.1e-03, Len=sum([5.2, 5.2, 4.9])=15.4, ϰ=[5.5, 6.7, 5.8], ∫ϰ²/L>=[5.0, 7.1, 8.0], C-C-Sep=0.20, ║∇J║=2.5e-04
Iteration 1815/2000-----
currents: [100000.0, 99999.99931944159, 99999.99897280154]
J=3.5e-04, ⟨Jf⟩=3.1e-04, ⟨B·n⟩=4.1e-03, Len=sum([5.2, 5.2, 4.9])=15.4, ϰ=[5.5, 6.7, 5.8], ∫ϰ²/L>=[5.0, 7.1, 8.0], C-C-Sep=0.20, ║∇J║=2.7e-04
Iteration 1816/2000-----
currents: [100000.0, 99999.99931831946, 99999.99897109518]
J=3.5e-04, ⟨Jf⟩=3.1e-04, ⟨B·n⟩=4.1e-03, Len=sum([5.2, 5.2, 4.9])=15.4, ϰ=[5.5, 6.7, 5.8], ∫ϰ²/L>=[5.0, 7.1, 8.0], C-C-Sep=0.20, ║∇J║=2.8e-04
Iteration 1817/2000-----
currents: [100000.0, 99999.99931715793, 99999.99896932856]
J=3.5e-04, ⟨Jf⟩=3.1e-04, ⟨B·n⟩=4.1e-03, Len=sum([5.2, 5.2, 4.9])=15.4, ϰ=[5.5, 6.7, 5.8], ∫ϰ²/L>=[5.0, 7.1, 8.0], C-C-Sep=0.20, ║∇J║=2.9e-04
Iteration 1818/2000-----
currents: [100000.0, 99999.99931735818, 99999.99896963286]
J=3.5e-04, ⟨Jf⟩=3.1e-04, ⟨B·n⟩=4.1e-03, Len=sum([5.2, 5.2, 4.9])=15.4, ϰ=[5.5, 6.7, 5.8], ∫ϰ²/L>=[5.0, 7.1, 8.0], C-C-Sep=0.20, ║∇J║=2.4e-04
Iteration 1819/2000-----
currents: [100000.0, 99999.99931577916, 99999.99896723194]
J=3.5e-04, ⟨Jf⟩=3.1e-04, ⟨B·n⟩=4.1e-03, Len=sum([5.2, 5.2, 4.9])=15.4, ϰ=[5.5, 6.7, 5.8], ∫ϰ²/L>=[5.0, 7.1, 8.0], C-C-Sep=0.20, ║∇J║=3.7e-04
Iteration 1820/2000-----
currents: [100000.0, 99999.99931567181, 99999.99896706882]
J=3.5e-04, ⟨Jf⟩=3.1e-04, ⟨B·n⟩=4.1e-03, Len=sum([5.2, 5.2, 4.9])=15.4, ϰ=[5.5, 6.7, 5.8], ∫ϰ²/L>=[5.0, 7.1, 8.0], C-C-Sep=0.20, ║∇J║=3.2e-04
Iteration 1821/2000-----
currents: [100000.0, 99999.99931560257, 99999.99896696322]
J=3.5e-04, ⟨Jf⟩=3.1e-04, ⟨B·n⟩=4.1e-03, Len=sum([5.2, 5.2, 4.9])=15.4, ϰ=[5.5, 6.7, 5.8], ∫ϰ²/L>=[5.0, 7.1, 8.0], C-C-Sep=0.20, ║∇J║=2.2e-04
Iteration 1822/2000-----
currents: [100000.0, 99999.99931531369, 99999.9989665242]
J=3.5e-04, ⟨Jf⟩=3.1e-04, ⟨B·n⟩=4.1e-03, Len=sum([5.2, 5.2, 4.9])=15.4, ϰ=[5.5, 6.7, 5.8], ∫ϰ²/L>=[5.0, 7.1, 8.0], C-C-Sep=0.20, ║∇J║=2.2e-04
Iteration 1823/2000-----
currents: [100000.0, 99999.99931465735, 99999.99896552632]
J=3.5e-04, ⟨Jf⟩=3.1e-04, ⟨B·n⟩=4.1e-03, Len=sum([5.2, 5.2, 4.9])=15.4, ϰ=[5.5, 6.7, 5.8], ∫ϰ²/L>=[5.0, 7.1, 8.0], C-C-Sep=0.20, ║∇J║=2.9e-04
Iteration 1824/2000-----
currents: [100000.0, 99999.99931459628, 99999.99896543422]
J=3.5e-04, ⟨Jf⟩=3.1e-04, ⟨B·n⟩=4.1e-03, Len=sum([5.2, 5.2, 4.9])=15.4, ϰ=[5.5, 6.7, 5.8], ∫ϰ²/L>=[5.0, 7.1, 8.0], C-C-Sep=0.20, ║∇J║=2.7e-04
Iteration 1825/2000-----
currents: [100000.0, 99999.99931449324, 99999.9989652777]
J=3.5e-04, ⟨Jf⟩=3.1e-04, ⟨B·n⟩=4.1e-03, Len=sum([5.2, 5.2, 4.9])=15.4, ϰ=[5.5, 6.7, 5.8], ∫ϰ²/L>=[5.0, 7.1, 8.0], C-C-Sep=0.20, ║∇J║=2.1e-04
Iteration 1826/2000-----
currents: [100000.0, 99999.99931439776, 99999.99896513272]
J=3.5e-04, ⟨Jf⟩=3.1e-04, ⟨B·n⟩=4.1e-03, Len=sum([5.2, 5.2, 4.9])=15.4, ϰ=[5.5, 6.7, 5.8], ∫ϰ²/L>=[5.0, 7.1, 8.0], C-C-Sep=0.20, ║∇J║=2.2e-04
Iteration 1827/2000-----
currents: [100000.0, 99999.99931401509, 99999.99896455092]
J=3.5e-04, ⟨Jf⟩=3.1e-04, ⟨B·n⟩=4.1e-03, Len=sum([5.2, 5.2, 4.9])=15.4, ϰ=[5.5, 6.7, 5.8], ∫ϰ²/L>=[5.0, 7.1, 8.0], C-C-Sep=0.20, ║∇J║=2.7e-04
Iteration 1828/2000-----
currents: [100000.0, 99999.99931384923, 99999.99896429833]
J=3.5e-04, ⟨Jf⟩=3.1e-04, ⟨B·n⟩=4.1e-03, Len=sum([5.2, 5.2, 4.9])=15.4, ϰ=[5.5, 6.7, 5.8], ∫ϰ²/L>=[5.0, 7.1, 8.0], C-C-Sep=0.20, ║∇J║=2.2e-04
Iteration 1829/2000-----
currents: [100000.0, 99999.99931300714, 99999.99896301751]
J=3.5e-04, ⟨Jf⟩=3.1e-04, ⟨B·n⟩=4.1e-03, Len=sum([5.2, 5.2, 4.9])=15.4, ϰ=[5.5, 6.7, 5.8], ∫ϰ²/L>=[5.0, 7.1, 8.0], C-C-Sep=0.20, ║∇J║=2.4e-04
Iteration 1830/2000-----
currents: [100000.0, 99999.99931296009, 99999.99896294544]
J=3.5e-04, ⟨Jf⟩=3.1e-04, ⟨B·n⟩=4.1e-03, Len=sum([5.2, 5.2, 4.9])=15.4, ϰ=[5.5, 6.7, 5.8], ∫ϰ²/L>=[5.0, 7.1, 8.0], C-C-Sep=0.20, ║∇J║=2.3e-04
Iteration 1831/2000-----
currents: [100000.0, 99999.99931215984, 99999.99896172754]
J=3.5e-04, ⟨Jf⟩=3.1e-04, ⟨B·n⟩=4.1e-03, Len=sum([5.2, 5.2, 4.9])=15.4, ϰ=[5.5, 6.7, 5.8], ∫ϰ²/L>=[5.0, 7.1, 8.0], C-C-Sep=0.20, ║∇J║=2.6e-04
Iteration 1832/2000-----
currents: [100000.0, 99999.99931192485, 99999.99896136961]
J=3.5e-04, ⟨Jf⟩=3.1e-04, ⟨B·n⟩=4.1e-03, Len=sum([5.2, 5.2, 4.9])=15.4, ϰ=[5.5, 6.7, 5.8], ∫ϰ²/L>=[5.0, 7.1, 8.0], C-C-Sep=0.20, ║∇J║=2.3e-04
Iteration 1833/2000-----
currents: [100000.0, 99999.99931179936, 99999.99896117827]
J=3.5e-04, ⟨Jf⟩=3.1e-04, ⟨B·n⟩=4.1e-03, Len=sum([5.2, 5.2, 4.9])=15.4, ϰ=[5.5, 6.7, 5.8], ∫ϰ²/L>=[5.0, 7.1, 8.0], C-C-Sep=0.20, ║∇J║=2.1e-04
Iteration 1834/2000-----
currents: [100000.0, 99999.99931167826, 99999.99896099383]
J=3.5e-04, ⟨Jf⟩=3.1e-04, ⟨B·n⟩=4.1e-03, Len=sum([5.2, 5.2, 4.9])=15.4, ϰ=[5.5, 6.7, 5.8], ∫ϰ²/L>=[5.0, 7.1, 8.0], C-C-Sep=0.20, ║∇J║=1.9e-04
Iteration 1835/2000-----
currents: [100000.0, 99999.99931154253, 99999.99896078667]
J=3.5e-04, ⟨Jf⟩=3.1e-04, ⟨B·n⟩=4.1e-03, Len=sum([5.2, 5.2, 4.9])=15.4, ϰ=[5.5, 6.7, 5.8], ∫ϰ²/L>=[5.0, 7.1, 8.0], C-C-Sep=0.20, ║∇J║=2.0e-04
Iteration 1836/2000-----
currents: [100000.0, 99999.9993110915, 99999.9989601006]
J=3.5e-04, ⟨Jf⟩=3.1e-04, ⟨B·n⟩=4.1e-03, Len=sum([5.2, 5.2, 4.9])=15.4, ϰ=[5.5, 6.7, 5.8], ∫ϰ²/L>=[5.0, 7.1, 8.0], C-C-Sep=0.20, ║∇J║=1.8e-04
Iteration 1837/2000-----
currents: [100000.0, 99999.99931055744, 99999.99895928822]
J=3.5e-04, ⟨Jf⟩=3.1e-04, ⟨B·n⟩=4.1e-03, Len=sum([5.2, 5.2, 4.9])=15.4, ϰ=[5.5, 6.7, 5.8], ∫ϰ²/L>=[5.0, 7.1, 8.0], C-C-Sep=0.20, ║∇J║=1.8e-04
Iteration 1838/2000-----
currents: [100000.0, 99999.99930963463, 99999.99895788482]
J=3.5e-04, ⟨Jf⟩=3.1e-04, ⟨B·n⟩=4.1e-03, Len=sum([5.2, 5.2, 4.9])=15.4, ϰ=[5.5, 6.7, 5.9], ∫ϰ²/L>=[5.0, 7.1, 8.0], C-C-Sep=0.20, ║∇J║=2.4e-04
Iteration 1839/2000-----
currents: [100000.0, 99999.99930915219, 99999.99895715096]
J=3.5e-04, ⟨Jf⟩=3.1e-04, ⟨B·n⟩=4.1e-03, Len=sum([5.2, 5.2, 4.9])=15.4, ϰ=[5.5, 6.7, 5.9], ∫ϰ²/L>=[5.0, 7.1, 8.0], C-C-Sep=0.20, ║∇J║=2.3e-04
Iteration 1840/2000-----
currents: [100000.0, 99999.99930842037, 99999.99895603805]
J=3.5e-04, ⟨Jf⟩=3.1e-04, ⟨B·n⟩=4.1e-03, Len=sum([5.2, 5.2, 4.9])=15.4, ϰ=[5.5, 6.7, 5.9], ∫ϰ²/L>=[5.0, 7.1, 8.0], C-C-Sep=0.20, ║∇J║=2.0e-04
Iteration 1841/2000-----
currents: [100000.0, 99999.9993085935, 99999.99895630156]
J=3.5e-04, ⟨Jf⟩=3.1e-04, ⟨B·n⟩=4.1e-03, Len=sum([5.2, 5.2, 4.9])=15.4, ϰ=[5.5, 6.7, 5.9], ∫ϰ²/L>=[5.0, 7.1, 8.0], C-C-Sep=0.20, ║∇J║=2.2e-04
Iteration 1842/2000-----
currents: [100000.0, 99999.99930808943, 99999.99895553474]
J=3.5e-04, ⟨Jf⟩=3.1e-04, ⟨B·n⟩=4.1e-03, Len=sum([5.2, 5.2, 4.9])=15.4, ϰ=[5.5, 6.7, 5.9], ∫ϰ²/L>=[5.0, 7.1, 8.0], C-C-Sep=0.20, ║∇J║=1.9e-04
Iteration 1843/2000-----
currents: [100000.0, 99999.99930754273, 99999.99895470274]
J=3.5e-04, ⟨Jf⟩=3.1e-04, ⟨B·n⟩=4.1e-03, Len=sum([5.2, 5.2, 4.9])=15.4, ϰ=[5.5, 6.7, 5.9], ∫ϰ²/L>=[5.0, 7.1, 8.0], C-C-Sep=0.20, ║∇J║=2.1e-04
Iteration 1844/2000-----
currents: [100000.0, 99999.99930672192, 99999.99895345415]
J=3.5e-04, ⟨Jf⟩=3.1e-04, ⟨B·n⟩=4.1e-03, Len=sum([5.2, 5.2, 4.9])=15.4, ϰ=[5.5, 6.7, 5.9], ∫ϰ²/L>=[5.0, 7.1, 8.0], C-C-Sep=0.20, ║∇J║=2.7e-04
Iteration 1845/2000-----
currents: [100000.0, 99999.99930603614, 99999.99895241082]
J=3.5e-04, ⟨Jf⟩=3.1e-04, ⟨B·n⟩=4.1e-03, Len=sum([5.2, 5.2, 4.9])=15.4, ϰ=[5.5, 6.7, 5.8], ∫ϰ²/L>=[5.0, 7.1, 8.0], C-C-Sep=0.20, ║∇J║=2.5e-04
Iteration 1846/2000-----
currents: [100000.0, 99999.99930507482, 99999.99895094825]
J=3.5e-04, ⟨Jf⟩=3.1e-04, ⟨B·n⟩=4.1e-03, Len=sum([5.2, 5.2, 4.9])=15.4, ϰ=[5.5, 6.7, 5.8], ∫ϰ²/L>=[5.0, 7.1, 8.0], C-C-Sep=0.20, ║∇J║=2.6e-04
Iteration 1847/2000-----
currents: [100000.0, 99999.99930478728, 99999.99895051106]
J=3.5e-04, ⟨Jf⟩=3.1e-04, ⟨B·n⟩=4.1e-03, Len=sum([5.2, 5.2, 4.9])=15.4, ϰ=[5.5, 6.7, 5.8], ∫ϰ²/L>=[5.0, 7.1, 8.0], C-C-Sep=0.20, ║∇J║=2.7e-04
Iteration 1848/2000-----
currents: [100000.0, 99999.99930361085, 99999.99894872162]
J=3.5e-04, ⟨Jf⟩=3.1e-04, ⟨B·n⟩=4.1e-03, Len=sum([5.2, 5.2, 4.9])=15.4, ϰ=[5.5, 6.7, 5.8], ∫ϰ²/L>=[5.0, 7.1, 8.0], C-C-Sep=0.20, ║∇J║=2.9e-04
Iteration 1849/2000-----
currents: [100000.0, 99999.99930332942, 99999.99894829321]
J=3.5e-04, ⟨Jf⟩=3.1e-04, ⟨B·n⟩=4.1e-03, Len=sum([5.2, 5.2, 4.9])=15.4, ϰ=[5.5, 6.7, 5.9], ∫ϰ²/L>=[5.0, 7.1, 8.0], C-C-Sep=0.20, ║∇J║=2.8e-04
Iteration 1850/2000-----
currents: [100000.0, 99999.99930253316, 99999.99894708143]
J=3.5e-04, ⟨Jf⟩=3.1e-04, ⟨B·n⟩=4.1e-03, Len=sum([5.2, 5.2, 4.9])=15.4, ϰ=[5.5, 6.7, 5.9], ∫ϰ²/L>=[5.0, 7.1, 8.0], C-C-Sep=0.20, ║∇J║=2.9e-04
Iteration 1851/2000-----
currents: [100000.0, 99999.99930202098, 99999.99894630158]
J=3.5e-04, ⟨Jf⟩=3.1e-04, ⟨B·n⟩=4.1e-03, Len=sum([5.2, 5.2, 4.9])=15.4, ϰ=[5.5, 6.7, 5.9], ∫ϰ²/L>=[5.0, 7.1, 8.0], C-C-Sep=0.20, ║∇J║=2.9e-04
Iteration 1852/2000-----
currents: [100000.0, 99999.99930089158, 99999.99894458325]
J=3.5e-04, ⟨Jf⟩=3.1e-04, ⟨B·n⟩=4.1e-03, Len=sum([5.2, 5.2, 4.9])=15.4, ϰ=[5.5, 6.7, 5.9], ∫ϰ²/L>=[5.0, 7.1, 8.0], C-C-Sep=0.20, ║∇J║=2.9e-04
Iteration 1853/2000-----
currents: [100000.0, 99999.99930048913, 99999.99894397092]
J=3.5e-04, ⟨Jf⟩=3.1e-04, ⟨B·n⟩=4.1e-03, Len=sum([5.2, 5.2, 4.9])=15.4, ϰ=[5.5, 6.7, 5.9], ∫ϰ²/L>=[5.0, 7.1, 8.0], C-C-Sep=0.20, ║∇J║=2.6e-04
Iteration 1854/2000-----
currents: [100000.0, 99999.99929887964, 99999.99894152248]
J=3.5e-04, ⟨Jf⟩=3.1e-04, ⟨B·n⟩=4.1e-03, Len=sum([5.2, 5.2, 4.9])=15.4, ϰ=[5.5, 6.7, 5.9], ∫ϰ²/L>=[5.0, 7.1, 8.0], C-C-Sep=0.20, ║∇J║=3.2e-04
Iteration 1855/2000-----
currents: [100000.0, 99999.99929937387, 99999.99894227438]
J=3.5e-04, ⟨Jf⟩=3.1e-04, ⟨B·n⟩=4.1e-03, Len=sum([5.2, 5.2, 4.9])=15.4, ϰ=[5.5, 6.7, 5.9], ∫ϰ²/L>=[5.0, 7.1, 8.0], C-C-Sep=0.20, ║∇J║=2.6e-04
Iteration 1856/2000-----
currents: [100000.0, 99999.99929891332, 99999.99894157365]
J=3.5e-04, ⟨Jf⟩=3.1e-04, ⟨B·n⟩=4.1e-03, Len=sum([5.2, 5.2, 4.9])=15.4, ϰ=[5.5, 6.7, 5.9], ∫ϰ²/L>=[5.0, 7.1, 8.0], C-C-Sep=0.20, ║∇J║=2.6e-04
Iteration 1857/2000-----
currents: [100000.0, 99999.99929832901, 99999.99894068493]
J=3.5e-04, ⟨Jf⟩=3.1e-04, ⟨B·n⟩=4.1e-03, Len=sum([5.2, 5.2, 4.9])=15.4, ϰ=[5.5, 6.7, 5.9], ∫ϰ²/L>=[5.0, 7.1, 8.0], C-C-Sep=0.20, ║∇J║=2.0e-04
Iteration 1858/2000-----
currents: [100000.0, 99999.99929736374, 99999.99893921665]
J=3.5e-04, ⟨Jf⟩=3.1e-04, ⟨B·n⟩=4.1e-03, Len=sum([5.2, 5.2, 4.9])=15.4, ϰ=[5.5, 6.7, 5.9], ∫ϰ²/L>=[5.0, 7.1, 8.0], C-C-Sep=0.20, ║∇J║=2.3e-04
Iteration 1859/2000-----
currents: [100000.0, 99999.99929716597, 99999.99893891571]
J=3.5e-04, ⟨Jf⟩=3.1e-04, ⟨B·n⟩=4.1e-03, Len=sum([5.2, 5.2, 4.9])=15.4, ϰ=[5.5, 6.7, 5.9], ∫ϰ²/L>=[5.0, 7.1, 8.0], C-C-Sep=0.20, ║∇J║=2.4e-04
Iteration 1860/2000-----
currents: [100000.0, 99999.99929670183, 99999.9989382092]
J=3.5e-04, ⟨Jf⟩=3.1e-04, ⟨B·n⟩=4.1e-03, Len=sum([5.2, 5.2, 4.9])=15.4, ϰ=[5.5, 6.7, 5.9], ∫ϰ²/L>=[5.0, 7.1, 8.0], C-C-Sep=0.20, ║∇J║=2.2e-04
Iteration 1861/2000-----
currents: [100000.0, 99999.99929567291, 99999.99893664353]
J=3.5e-04, ⟨Jf⟩=3.1e-04, ⟨B·n⟩=4.1e-03, Len=sum([5.2, 5.2, 4.9])=15.4, ϰ=[5.5, 6.7, 5.9], ∫ϰ²/L>=[5.0, 7.1, 8.0], C-C-Sep=0.20, ║∇J║=2.9e-04
Iteration 1862/2000-----
currents: [100000.0, 99999.99929525124, 99999.99893600152]
J=3.5e-04, ⟨Jf⟩=3.1e-04, ⟨B·n⟩=4.1e-03, Len=sum([5.2, 5.2, 4.9])=15.4, ϰ=[5.5, 6.7, 5.9], ∫ϰ²/L>=[5.0, 7.1, 8.0], C-C-Sep=0.20, ║∇J║=2.6e-04
Iteration 1863/2000-----
currents: [100000.0, 99999.9992945788, 99999.9989349779]
J=3.5e-04, ⟨Jf⟩=3.1e-04, ⟨B·n⟩=4.1e-03, Len=sum([5.2, 5.2, 4.9])=15.4, ϰ=[5.5, 6.7, 5.9], ∫ϰ²/L>=[5.0, 7.1, 8.0], C-C-Sep=0.20, ║∇J║=2.3e-04
Iteration 1864/2000-----
currents: [100000.0, 99999.99929354366, 99999.9989334023]
J=3.5e-04, ⟨Jf⟩=3.1e-04, ⟨B·n⟩=4.1e-03, Len=sum([5.2, 5.2, 4.9])=15.4, ϰ=[5.5, 6.7, 5.9], ∫ϰ²/L>=[5.0, 7.1, 8.0], C-C-Sep=0.20, ║∇J║=3.5e-04
Iteration 1865/2000-----
currents: [100000.0, 99999.99929280243, 99999.99893227397]
J=3.5e-04, ⟨Jf⟩=3.1e-04, ⟨B·n⟩=4.1e-03, Len=sum([5.2, 5.2, 4.9])=15.4, ϰ=[5.5, 6.7, 5.9], ∫ϰ²/L>=[5.0, 7.1, 8.0], C-C-Sep=0.20, ║∇J║=2.7e-04
Iteration 1866/2000-----
currents: [100000.0, 99999.99929189881, 99999.9989308983]
J=3.5e-04, ⟨Jf⟩=3.1e-04, ⟨B·n⟩=4.1e-03, Len=sum([5.2, 5.2, 4.9])=15.4, ϰ=[5.5, 6.7, 5.9], ∫ϰ²/L>=[5.0, 7.1, 8.0], C-C-Sep=0.20, ║∇J║=2.8e-04
Iteration 1867/2000-----
currents: [100000.0, 99999.99929151399, 99999.99893031215]
J=3.5e-04, ⟨Jf⟩=3.1e-04, ⟨B·n⟩=4.1e-03, Len=sum([5.2, 5.2, 4.9])=15.4, ϰ=[5.5, 6.7, 5.9], ∫ϰ²/L>=[5.0, 7.1, 8.0], C-C-Sep=0.20, ║∇J║=3.4e-04
Iteration 1868/2000-----
currents: [100000.0, 99999.99929010594, 99999.99892816931]
J=3.5e-04, ⟨Jf⟩=3.1e-04, ⟨B·n⟩=4.1e-03, Len=sum([5.2, 5.2, 4.9])=15.4, ϰ=[5.5, 6.7, 5.9], ∫ϰ²/L>=[5.0, 7.1, 8.0], C-C-Sep=0.20, ║∇J║=3.6e-04
Iteration 1869/2000-----
currents: [100000.0, 99999.9992909597, 99999.99892946814]
J=3.5e-04, ⟨Jf⟩=3.1e-04, ⟨B·n⟩=4.1e-03, Len=sum([5.2, 5.2, 4.9])=15.4, ϰ=[5.5, 6.7, 5.9], ∫ϰ²/L>=[5.0, 7.1, 8.0], C-C-Sep=0.20, ║∇J║=5.2e-04
Iteration 1870/2000-----
currents: [100000.0, 99999.99929057067, 99999.9989288766]
J=3.5e-04, ⟨Jf⟩=3.1e-04, ⟨B·n⟩=4.1e-03, Len=sum([5.2, 5.2, 4.9])=15.4, ϰ=[5.5, 6.7, 5.9], ∫ϰ²/L>=[5.0, 7.1, 8.0], C-C-Sep=0.20, ║∇J║=2.5e-04
Iteration 1871/2000-----
currents: [100000.0, 99999.99928992373, 99999.99892789181]
J=3.5e-04, ⟨Jf⟩=3.1e-04, ⟨B·n⟩=4.1e-03, Len=sum([5.2, 5.2, 4.9])=15.4, ϰ=[5.5, 6.7, 5.9], ∫ϰ²/L>=[5.0, 7.1, 8.0], C-C-Sep=0.20, ║∇J║=1.8e-04
Iteration 1872/2000-----
currents: [100000.0, 99999.99928925473, 99999.99892687342]
J=3.5e-04, ⟨Jf⟩=3.1e-04, ⟨B·n⟩=4.1e-03, Len=sum([5.2, 5.2, 4.9])=15.4, ϰ=[5.5, 6.7, 5.9], ∫ϰ²/L>=[5.0, 7.1, 8.0], C-C-Sep=0.20, ║∇J║=2.1e-04
Iteration 1873/2000-----
currents: [100000.0, 99999.99928837275, 99999.99892553085]
J=3.5e-04, ⟨Jf⟩=3.1e-04, ⟨B·n⟩=4.1e-03, Len=sum([5.2, 5.2, 4.9])=15.4, ϰ=[5.5, 6.7, 5.9], ∫ϰ²/L>=[5.0, 7.1, 8.0], C-C-Sep=0.20, ║∇J║=2.7e-04
Iteration 1874/2000-----
currents: [100000.0, 99999.99928775377, 99999.99892458865]
J=3.5e-04, ⟨Jf⟩=3.1e-04, ⟨B·n⟩=4.1e-03, Len=sum([5.2, 5.2, 4.9])=15.4, ϰ=[5.5, 6.7, 5.9], ∫ϰ²/L>=[5.0, 7.1, 8.0], C-C-Sep=0.20, ║∇J║=2.7e-04
Iteration 1875/2000-----
currents: [100000.0, 99999.99928732471, 99999.9989239353]
J=3.5e-04, ⟨Jf⟩=3.1e-04, ⟨B·n⟩=4.1e-03, Len=sum([5.2, 5.2, 4.9])=15.4, ϰ=[5.5, 6.7, 5.9], ∫ϰ²/L>=[5.0, 7.1, 8.0], C-C-Sep=0.20, ║∇J║=2.5e-04
Iteration 1876/2000-----
currents: [100000.0, 99999.99928687554, 99999.99892325152]
J=3.5e-04, ⟨Jf⟩=3.1e-04, ⟨B·n⟩=4.1e-03, Len=sum([5.2, 5.2, 4.9])=15.4, ϰ=[5.5, 6.7, 5.9], ∫ϰ²/L>=[5.0, 7.1, 8.0], C-C-Sep=0.20, ║∇J║=2.3e-04
Iteration 1877/2000-----
currents: [100000.0, 99999.99928668719, 99999.99892296489]
J=3.5e-04, ⟨Jf⟩=3.1e-04, ⟨B·n⟩=4.1e-03, Len=sum([5.2, 5.2, 4.9])=15.4, ϰ=[5.5, 6.7, 5.9], ∫ϰ²/L>=[5.0, 7.1, 8.0], C-C-Sep=0.20, ║∇J║=2.5e-04
Iteration 1878/2000-----
currents: [100000.0, 99999.99928614747, 99999.99892214335]
J=3.5e-04, ⟨Jf⟩=3.1e-04, ⟨B·n⟩=4.1e-03, Len=sum([5.2, 5.2, 4.9])=15.4, ϰ=[5.5, 6.7, 5.9], ∫ϰ²/L>=[5.0, 7.1, 8.0], C-C-Sep=0.20, ║∇J║=2.1e-04
Iteration 1879/2000-----
currents: [100000.0, 99999.99928598141, 99999.9989218905]
J=3.5e-04, ⟨Jf⟩=3.1e-04, ⟨B·n⟩=4.1e-03, Len=sum([5.2, 5.2, 4.9])=15.4, ϰ=[5.5, 6.7, 5.9], ∫ϰ²/L>=[5.0, 7.1, 8.0], C-C-Sep=0.20, ║∇J║=2.1e-04
Iteration 1880/2000-----
currents: [100000.0, 99999.99928525492, 99999.99892078474]
J=3.5e-04, ⟨Jf⟩=3.1e-04, ⟨B·n⟩=4.1e-03, Len=sum([5.2, 5.2, 4.9])=15.4, ϰ=[5.5, 6.7, 5.9], ∫ϰ²/L>=[5.0, 7.1, 8.0], C-C-Sep=0.20, ║∇J║=2.3e-04
Iteration 1881/2000-----
currents: [100000.0, 99999.99928495404, 99999.99892032711]
J=3.5e-04, ⟨Jf⟩=3.1e-04, ⟨B·n⟩=4.1e-03, Len=sum([5.2, 5.2, 4.9])=15.4, ϰ=[5.5, 6.7, 5.9], ∫ϰ²/L>=[5.0, 7.1, 8.0], C-C-Sep=0.20, ║∇J║=2.5e-04
Iteration 1882/2000-----
currents: [100000.0, 99999.99928434847, 99999.99891940564]
J=3.5e-04, ⟨Jf⟩=3.1e-04, ⟨B·n⟩=4.1e-03, Len=sum([5.2, 5.2, 4.9])=15.4, ϰ=[5.5, 6.7, 5.9], ∫ϰ²/L>=[5.0, 7.1, 8.0], C-C-Sep=0.20, ║∇J║=1.9e-04
Iteration 1883/2000-----
currents: [100000.0, 99999.99928446126, 99999.99891957773]
J=3.5e-04, ⟨Jf⟩=3.1e-04, ⟨B·n⟩=4.1e-03, Len=sum([5.2, 5.2, 4.9])=15.4, ϰ=[5.5, 6.7, 5.9], ∫ϰ²/L>=[5.0, 7.1, 8.0], C-C-Sep=0.20, ║∇J║=2.0e-04
Iteration 1884/2000-----
currents: [100000.0, 99999.99928362195, 99999.99891830113]
J=3.5e-04, ⟨Jf⟩=3.1e-04, ⟨B·n⟩=4.1e-03, Len=sum([5.2, 5.2, 4.9])=15.4, ϰ=[5.5, 6.7, 5.9], ∫ϰ²/L>=[5.0, 7.1, 8.0], C-C-Sep=0.20, ║∇J║=2.8e-04
Iteration 1885/2000-----
currents: [100000.0, 99999.99928344395, 99999.99891803059]
J=3.5e-04, ⟨Jf⟩=3.1e-04, ⟨B·n⟩=4.1e-03, Len=sum([5.2, 5.2, 4.9])=15.4, ϰ=[5.5, 6.7, 5.9], ∫ϰ²/L>=[5.0, 7.1, 8.0], C-C-Sep=0.20, ║∇J║=2.3e-04
Iteration 1886/2000-----
currents: [100000.0, 99999.9992830102, 99999.99891737057]
J=3.5e-04, ⟨Jf⟩=3.1e-04, ⟨B·n⟩=4.1e-03, Len=sum([5.2, 5.2, 4.9])=15.4, ϰ=[5.5, 6.7, 5.9], ∫ϰ²/L>=[5.0, 7.1, 8.0], C-C-Sep=0.20, ║∇J║=2.2e-04
Iteration 1887/2000-----
currents: [100000.0, 99999.99928259902, 99999.99891674455]
J=3.5e-04, ⟨Jf⟩=3.1e-04, ⟨B·n⟩=4.1e-03, Len=sum([5.2, 5.2, 4.9])=15.4, ϰ=[5.5, 6.7, 5.9], ∫ϰ²/L>=[5.0, 7.1, 8.0], C-C-Sep=0.20, ║∇J║=2.1e-04
Iteration 1888/2000-----
currents: [100000.0, 99999.99928168578, 99999.99891535449]
J=3.5e-04, ⟨Jf⟩=3.1e-04, ⟨B·n⟩=4.1e-03, Len=sum([5.2, 5.2, 4.9])=15.4, ϰ=[5.5, 6.7, 5.9], ∫ϰ²/L>=[5.0, 7.1, 8.0], C-C-Sep=0.20, ║∇J║=2.1e-04
Iteration 1889/2000-----
currents: [100000.0, 99999.9992806599, 99999.99891379253]
J=3.5e-04, ⟨Jf⟩=3.1e-04, ⟨B·n⟩=4.1e-03, Len=sum([5.2, 5.2, 4.9])=15.4, ϰ=[5.5, 6.7, 5.9], ∫ϰ²/L>=[5.0, 7.1, 8.0], C-C-Sep=0.20, ║∇J║=3.0e-04
Iteration 1890/2000-----
currents: [100000.0, 99999.99928012655, 99999.99891298062]
J=3.5e-04, ⟨Jf⟩=3.1e-04, ⟨B·n⟩=4.1e-03, Len=sum([5.2, 5.2, 4.9])=15.4, ϰ=[5.5, 6.7, 5.9], ∫ϰ²/L>=[5.0, 7.1, 8.0], C-C-Sep=0.20, ║∇J║=2.4e-04
Iteration 1891/2000-----
currents: [100000.0, 99999.99927952365, 99999.99891206277]
J=3.5e-04, ⟨Jf⟩=3.1e-04, ⟨B·n⟩=4.1e-03, Len=sum([5.2, 5.2, 4.9])=15.4, ϰ=[5.5, 6.7, 5.9], ∫ϰ²/L>=[5.0, 7.1, 8.0], C-C-Sep=0.20, ║∇J║=2.1e-04
Iteration 1892/2000-----
currents: [100000.0, 99999.9992777455, 99999.99890935629]
J=3.5e-04, ⟨Jf⟩=3.1e-04, ⟨B·n⟩=4.1e-03, Len=sum([5.2, 5.2, 4.9])=15.4, ϰ=[5.5, 6.7, 5.9], ∫ϰ²/L>=[5.0, 7.1, 8.0], C-C-Sep=0.20, ║∇J║=3.5e-04
Iteration 1893/2000-----
currents: [100000.0, 99999.99927730308, 99999.99890868316]
J=3.5e-04, ⟨Jf⟩=3.1e-04, ⟨B·n⟩=4.1e-03, Len=sum([5.2, 5.2, 4.9])=15.4, ϰ=[5.5, 6.7, 5.9], ∫ϰ²/L>=[5.0, 7.1, 8.0], C-C-Sep=0.20, ║∇J║=4.3e-04
Iteration 1894/2000-----
currents: [100000.0, 99999.99927638733, 99999.99890728948]
J=3.5e-04, ⟨Jf⟩=3.1e-04, ⟨B·n⟩=4.1e-03, Len=sum([5.2, 5.2, 4.9])=15.4, ϰ=[5.5, 6.7, 5.9], ∫ϰ²/L>=[5.0, 7.1, 8.0], C-C-Sep=0.20, ║∇J║=3.4e-04
Iteration 1895/2000-----
currents: [100000.0, 99999.99927673207, 99999.99890781334]
J=3.5e-04, ⟨Jf⟩=3.1e-04, ⟨B·n⟩=4.1e-03, Len=sum([5.2, 5.2, 4.9])=15.4, ϰ=[5.5, 6.7, 5.9], ∫ϰ²/L>=[5.0, 7.1, 8.0], C-C-Sep=0.20, ║∇J║=3.2e-04
Iteration 1896/2000-----
currents: [100000.0, 99999.99927570441, 99999.99890624841]
J=3.5e-04, ⟨Jf⟩=3.1e-04, ⟨B·n⟩=4.1e-03, Len=sum([5.2, 5.2, 4.9])=15.4, ϰ=[5.5, 6.7, 5.9], ∫ϰ²/L>=[5.0, 7.1, 8.0], C-C-Sep=0.20, ║∇J║=2.9e-04
Iteration 1897/2000-----
currents: [100000.0, 99999.99927491156, 99999.99890504102]
J=3.5e-04, ⟨Jf⟩=3.1e-04, ⟨B·n⟩=4.1e-03, Len=sum([5.2, 5.2, 4.9])=15.4, ϰ=[5.5, 6.7, 5.9], ∫ϰ²/L>=[5.0, 7.1, 8.0], C-C-Sep=0.20, ║∇J║=2.8e-04
Iteration 1898/2000-----
currents: [100000.0, 99999.99927433561, 99999.99890416369]
J=3.5e-04, ⟨Jf⟩=3.1e-04, ⟨B·n⟩=4.1e-03, Len=sum([5.2, 5.2, 4.9])=15.4, ϰ=[5.5, 6.7, 5.9], ∫ϰ²/L>=[5.0, 7.1, 8.0], C-C-Sep=0.20, ║∇J║=2.9e-04
Iteration 1899/2000-----
currents: [100000.0, 99999.99927366436, 99999.99890314102]
J=3.5e-04, ⟨Jf⟩=3.1e-04, ⟨B·n⟩=4.1e-03, Len=sum([5.2, 5.2, 4.9])=15.4, ϰ=[5.5, 6.7, 5.9], ∫ϰ²/L>=[4.9, 7.1, 8.0], C-C-Sep=0.20, ║∇J║=2.1e-04
Iteration 1900/2000-----
currents: [100000.0, 99999.99927223158, 99999.99890095938]
J=3.5e-04, ⟨Jf⟩=3.1e-04, ⟨B·n⟩=4.1e-03, Len=sum([5.2, 5.2, 4.9])=15.4, ϰ=[5.5, 6.7, 5.9], ∫ϰ²/L>=[4.9, 7.1, 8.0], C-C-Sep=0.20, ║∇J║=2.5e-04
Iteration 1901/2000-----
currents: [100000.0, 99999.99927239343, 99999.99890120536]
J=3.5e-04, ⟨Jf⟩=3.1e-04, ⟨B·n⟩=4.1e-03, Len=sum([5.2, 5.2, 4.9])=15.4, ϰ=[5.5, 6.7, 5.9], ∫ϰ²/L>=[4.9, 7.1, 8.0], C-C-Sep=0.20, ║∇J║=3.2e-04
Iteration 1902/2000-----
currents: [100000.0, 99999.99927161029, 99999.99890001389]
J=3.5e-04, ⟨Jf⟩=3.1e-04, ⟨B·n⟩=4.1e-03, Len=sum([5.2, 5.2, 4.9])=15.4, ϰ=[5.5, 6.7, 5.9], ∫ϰ²/L>=[4.9, 7.1, 8.0], C-C-Sep=0.20, ║∇J║=3.3e-04
Iteration 1903/2000-----
currents: [100000.0, 99999.99927151475, 99999.99889986895]
J=3.5e-04, ⟨Jf⟩=3.1e-04, ⟨B·n⟩=4.1e-03, Len=sum([5.2, 5.2, 4.9])=15.4, ϰ=[5.5, 6.7, 5.9], ∫ϰ²/L>=[4.9, 7.1, 8.0], C-C-Sep=0.20, ║∇J║=2.3e-04
Iteration 1904/2000-----
currents: [100000.0, 99999.9992713016, 99999.99889954478]
J=3.5e-04, ⟨Jf⟩=3.1e-04, ⟨B·n⟩=4.1e-03, Len=sum([5.2, 5.2, 4.9])=15.4, ϰ=[5.5, 6.7, 5.9], ∫ϰ²/L>=[4.9, 7.1, 8.0], C-C-Sep=0.20, ║∇J║=1.9e-04
Iteration 1905/2000-----
currents: [100000.0, 99999.99927079142, 99999.99889876798]
J=3.5e-04, ⟨Jf⟩=3.1e-04, ⟨B·n⟩=4.1e-03, Len=sum([5.2, 5.2, 4.9])=15.4, ϰ=[5.5, 6.7, 5.9], ∫ϰ²/L>=[4.9, 7.1, 8.0], C-C-Sep=0.20, ║∇J║=2.3e-04
Iteration 1906/2000-----
currents: [100000.0, 99999.99927033785, 99999.99889807736]
J=3.5e-04, ⟨Jf⟩=3.1e-04, ⟨B·n⟩=4.1e-03, Len=sum([5.2, 5.2, 4.9])=15.4, ϰ=[5.5, 6.7, 5.9], ∫ϰ²/L>=[4.9, 7.1, 8.0], C-C-Sep=0.20, ║∇J║=2.1e-04
Iteration 1907/2000-----
currents: [100000.0, 99999.99926996247, 99999.99889750557]
J=3.5e-04, ⟨Jf⟩=3.1e-04, ⟨B·n⟩=4.1e-03, Len=sum([5.2, 5.2, 4.9])=15.4, ϰ=[5.5, 6.7, 5.9], ∫ϰ²/L>=[4.9, 7.1, 8.0], C-C-Sep=0.20, ║∇J║=2.3e-04
Iteration 1908/2000-----
currents: [100000.0, 99999.99926982359, 99999.99889729383]
J=3.5e-04, ⟨Jf⟩=3.1e-04, ⟨B·n⟩=4.1e-03, Len=sum([5.2, 5.2, 4.9])=15.4, ϰ=[5.5, 6.7, 5.9], ∫ϰ²/L>=[4.9, 7.1, 8.0], C-C-Sep=0.20, ║∇J║=1.9e-04
Iteration 1909/2000-----
currents: [100000.0, 99999.99926973715, 99999.99889716221]
J=3.5e-04, ⟨Jf⟩=3.1e-04, ⟨B·n⟩=4.1e-03, Len=sum([5.2, 5.2, 4.9])=15.4, ϰ=[5.5, 6.7, 5.9], ∫ϰ²/L>=[4.9, 7.1, 8.0], C-C-Sep=0.20, ║∇J║=1.9e-04
Iteration 1910/2000-----
currents: [100000.0, 99999.99926948053, 99999.99889677143]
J=3.5e-04, ⟨Jf⟩=3.1e-04, ⟨B·n⟩=4.1e-03, Len=sum([5.2, 5.2, 4.9])=15.4, ϰ=[5.5, 6.7, 5.9], ∫ϰ²/L>=[4.9, 7.1, 8.0], C-C-Sep=0.20, ║∇J║=2.4e-04
Iteration 1911/2000-----
currents: [100000.0, 99999.99926925624, 99999.99889643017]
J=3.5e-04, ⟨Jf⟩=3.1e-04, ⟨B·n⟩=4.1e-03, Len=sum([5.2, 5.2, 4.9])=15.4, ϰ=[5.5, 6.7, 5.9], ∫ϰ²/L>=[4.9, 7.1, 8.0], C-C-Sep=0.20, ║∇J║=2.4e-04
Iteration 1912/2000-----
currents: [100000.0, 99999.9992690104, 99999.99889605581]
J=3.5e-04, ⟨Jf⟩=3.1e-04, ⟨B·n⟩=4.1e-03, Len=sum([5.2, 5.2, 4.9])=15.4, ϰ=[5.5, 6.7, 5.9], ∫ϰ²/L>=[4.9, 7.1, 8.0], C-C-Sep=0.20, ║∇J║=2.0e-04
Iteration 1913/2000-----
currents: [100000.0, 99999.99926852349, 99999.99889531416]
J=3.5e-04, ⟨Jf⟩=3.1e-04, ⟨B·n⟩=4.1e-03, Len=sum([5.2, 5.2, 4.9])=15.4, ϰ=[5.5, 6.7, 5.9], ∫ϰ²/L>=[4.9, 7.1, 8.0], C-C-Sep=0.20, ║∇J║=1.8e-04
Iteration 1914/2000-----
currents: [100000.0, 99999.99926816067, 99999.9988947614]
J=3.5e-04, ⟨Jf⟩=3.1e-04, ⟨B·n⟩=4.1e-03, Len=sum([5.2, 5.2, 4.9])=15.4, ϰ=[5.5, 6.7, 5.9], ∫ϰ²/L>=[4.9, 7.1, 8.0], C-C-Sep=0.20, ║∇J║=2.2e-04
Iteration 1915/2000-----
currents: [100000.0, 99999.99926711891, 99999.99889317497]
J=3.5e-04, ⟨Jf⟩=3.1e-04, ⟨B·n⟩=4.1e-03, Len=sum([5.2, 5.2, 4.9])=15.4, ϰ=[5.5, 6.7, 5.9], ∫ϰ²/L>=[4.9, 7.1, 8.0], C-C-Sep=0.20, ║∇J║=2.5e-04
Iteration 1916/2000-----
currents: [100000.0, 99999.99926711737, 99999.99889317267]
J=3.5e-04, ⟨Jf⟩=3.1e-04, ⟨B·n⟩=4.1e-03, Len=sum([5.2, 5.2, 4.9])=15.4, ϰ=[5.5, 6.7, 5.9], ∫ϰ²/L>=[4.9, 7.1, 8.0], C-C-Sep=0.20, ║∇J║=2.1e-04
Iteration 1917/2000-----
currents: [100000.0, 99999.99926666026, 99999.9988924769]
J=3.5e-04, ⟨Jf⟩=3.1e-04, ⟨B·n⟩=4.1e-03, Len=sum([5.2, 5.2, 4.9])=15.4, ϰ=[5.5, 6.7, 5.9], ∫ϰ²/L>=[4.9, 7.1, 8.0], C-C-Sep=0.20, ║∇J║=2.2e-04
Iteration 1918/2000-----
currents: [100000.0, 99999.99926660283, 99999.99889238973]
J=3.5e-04, ⟨Jf⟩=3.1e-04, ⟨B·n⟩=4.1e-03, Len=sum([5.2, 5.2, 4.9])=15.4, ϰ=[5.5, 6.7, 5.9], ∫ϰ²/L>=[4.9, 7.1, 8.0], C-C-Sep=0.20, ║∇J║=1.7e-04
Iteration 1919/2000-----
currents: [100000.0, 99999.99926602567, 99999.99889151099]
J=3.5e-04, ⟨Jf⟩=3.1e-04, ⟨B·n⟩=4.1e-03, Len=sum([5.2, 5.2, 4.9])=15.4, ϰ=[5.5, 6.7, 5.9], ∫ϰ²/L>=[4.9, 7.1, 8.0], C-C-Sep=0.20, ║∇J║=2.0e-04
Iteration 1920/2000-----
currents: [100000.0, 99999.99926584294, 99999.99889123281]
J=3.5e-04, ⟨Jf⟩=3.1e-04, ⟨B·n⟩=4.1e-03, Len=sum([5.2, 5.2, 4.9])=15.4, ϰ=[5.5, 6.7, 5.9], ∫ϰ²/L>=[4.9, 7.1, 8.0], C-C-Sep=0.20, ║∇J║=1.7e-04
Iteration 1921/2000-----
currents: [100000.0, 99999.99926527163, 99999.9988903629]
J=3.5e-04, ⟨Jf⟩=3.1e-04, ⟨B·n⟩=4.1e-03, Len=sum([5.2, 5.2, 4.9])=15.4, ϰ=[5.5, 6.7, 5.9], ∫ϰ²/L>=[4.9, 7.1, 8.0], C-C-Sep=0.20, ║∇J║=1.9e-04
Iteration 1922/2000-----
currents: [100000.0, 99999.99926433753, 99999.9988889401]
J=3.5e-04, ⟨Jf⟩=3.1e-04, ⟨B·n⟩=4.1e-03, Len=sum([5.2, 5.2, 4.9])=15.4, ϰ=[5.5, 6.7, 5.9], ∫ϰ²/L>=[4.9, 7.1, 8.0], C-C-Sep=0.20, ║∇J║=1.9e-04
Iteration 1923/2000-----
currents: [100000.0, 99999.99926255079, 99999.99888621905]
J=3.5e-04, ⟨Jf⟩=3.1e-04, ⟨B·n⟩=4.1e-03, Len=sum([5.2, 5.2, 4.9])=15.4, ϰ=[5.5, 6.7, 5.9], ∫ϰ²/L>=[4.9, 7.1, 8.0], C-C-Sep=0.20, ║∇J║=3.3e-04
Iteration 1924/2000-----
currents: [100000.0, 99999.99926246899, 99999.99888609405]
J=3.5e-04, ⟨Jf⟩=3.1e-04, ⟨B·n⟩=4.1e-03, Len=sum([5.2, 5.2, 4.9])=15.4, ϰ=[5.5, 6.7, 5.9], ∫ϰ²/L>=[4.9, 7.1, 8.0], C-C-Sep=0.20, ║∇J║=2.7e-04
Iteration 1925/2000-----
currents: [100000.0, 99999.99926176903, 99999.99888502799]
J=3.5e-04, ⟨Jf⟩=3.1e-04, ⟨B·n⟩=4.1e-03, Len=sum([5.2, 5.2, 4.9])=15.4, ϰ=[5.5, 6.7, 5.9], ∫ϰ²/L>=[4.9, 7.1, 8.0], C-C-Sep=0.20, ║∇J║=2.6e-04
Iteration 1926/2000-----
currents: [100000.0, 99999.99926088925, 99999.99888368783]
J=3.5e-04, ⟨Jf⟩=3.1e-04, ⟨B·n⟩=4.1e-03, Len=sum([5.2, 5.2, 4.9])=15.4, ϰ=[5.5, 6.7, 5.9], ∫ϰ²/L>=[4.9, 7.1, 8.0], C-C-Sep=0.20, ║∇J║=2.7e-04
Iteration 1927/2000-----
currents: [100000.0, 99999.99925996504, 99999.99888227996]
J=3.5e-04, ⟨Jf⟩=3.1e-04, ⟨B·n⟩=4.1e-03, Len=sum([5.2, 5.2, 4.9])=15.4, ϰ=[5.5, 6.7, 5.9], ∫ϰ²/L>=[4.9, 7.1, 8.0], C-C-Sep=0.20, ║∇J║=2.6e-04
Iteration 1928/2000-----
currents: [100000.0, 99999.999259517, 99999.99888159703]
J=3.5e-04, ⟨Jf⟩=3.1e-04, ⟨B·n⟩=4.1e-03, Len=sum([5.2, 5.2, 4.9])=15.4, ϰ=[5.5, 6.7, 5.9], ∫ϰ²/L>=[4.9, 7.1, 8.0], C-C-Sep=0.20, ║∇J║=2.2e-04
Iteration 1929/2000-----
currents: [100000.0, 99999.99925782997, 99999.99887902659]
J=3.5e-04, ⟨Jf⟩=3.1e-04, ⟨B·n⟩=4.1e-03, Len=sum([5.2, 5.2, 4.9])=15.4, ϰ=[5.5, 6.7, 5.9], ∫ϰ²/L>=[4.9, 7.1, 8.0], C-C-Sep=0.20, ║∇J║=3.5e-04
Iteration 1930/2000-----
currents: [100000.0, 99999.99925786445, 99999.99887907751]
J=3.5e-04, ⟨Jf⟩=3.1e-04, ⟨B·n⟩=4.1e-03, Len=sum([5.2, 5.2, 4.9])=15.4, ϰ=[5.5, 6.7, 5.9], ∫ϰ²/L>=[4.9, 7.1, 8.0], C-C-Sep=0.20, ║∇J║=4.5e-04
Iteration 1931/2000-----
currents: [100000.0, 99999.9992578477, 99999.99887905277]
J=3.5e-04, ⟨Jf⟩=3.1e-04, ⟨B·n⟩=4.1e-03, Len=sum([5.2, 5.2, 4.9])=15.4, ϰ=[5.5, 6.7, 5.9], ∫ϰ²/L>=[4.9, 7.1, 8.0], C-C-Sep=0.20, ║∇J║=3.2e-04
Iteration 1932/2000-----
currents: [100000.0, 99999.99925683074, 99999.9988775035]
J=3.5e-04, ⟨Jf⟩=3.1e-04, ⟨B·n⟩=4.1e-03, Len=sum([5.2, 5.2, 4.9])=15.4, ϰ=[5.5, 6.7, 5.9], ∫ϰ²/L>=[4.9, 7.1, 8.0], C-C-Sep=0.20, ║∇J║=3.8e-04
Iteration 1933/2000-----
currents: [100000.0, 99999.99925640746, 99999.99887685958]
J=3.5e-04, ⟨Jf⟩=3.1e-04, ⟨B·n⟩=4.1e-03, Len=sum([5.2, 5.2, 4.9])=15.4, ϰ=[5.5, 6.7, 5.9], ∫ϰ²/L>=[4.9, 7.1, 8.0], C-C-Sep=0.20, ║∇J║=2.7e-04
Iteration 1934/2000-----
currents: [100000.0, 99999.99925567671, 99999.99887574674]
J=3.5e-04, ⟨Jf⟩=3.1e-04, ⟨B·n⟩=4.1e-03, Len=sum([5.2, 5.2, 4.9])=15.4, ϰ=[5.5, 6.7, 5.9], ∫ϰ²/L>=[4.9, 7.1, 8.0], C-C-Sep=0.20, ║∇J║=2.7e-04
Iteration 1935/2000-----
currents: [100000.0, 99999.99925509018, 99999.99887485363]
J=3.5e-04, ⟨Jf⟩=3.1e-04, ⟨B·n⟩=4.1e-03, Len=sum([5.2, 5.2, 4.9])=15.4, ϰ=[5.5, 6.7, 5.9], ∫ϰ²/L>=[4.9, 7.1, 8.0], C-C-Sep=0.20, ║∇J║=2.7e-04
Iteration 1936/2000-----
currents: [100000.0, 99999.99925461606, 99999.99887413131]
J=3.5e-04, ⟨Jf⟩=3.1e-04, ⟨B·n⟩=4.1e-03, Len=sum([5.2, 5.2, 4.9])=15.4, ϰ=[5.5, 6.7, 5.9], ∫ϰ²/L>=[4.9, 7.1, 8.0], C-C-Sep=0.20, ║∇J║=2.8e-04
Iteration 1937/2000-----
currents: [100000.0, 99999.99925278843, 99999.99887134715]
J=3.5e-04, ⟨Jf⟩=3.1e-04, ⟨B·n⟩=4.1e-03, Len=sum([5.2, 5.2, 4.9])=15.4, ϰ=[5.5, 6.7, 5.9], ∫ϰ²/L>=[4.9, 7.1, 8.0], C-C-Sep=0.20, ║∇J║=5.2e-04
Iteration 1938/2000-----
currents: [100000.0, 99999.9992539412, 99999.9988731022]
J=3.5e-04, ⟨Jf⟩=3.1e-04, ⟨B·n⟩=4.1e-03, Len=sum([5.2, 5.2, 4.9])=15.4, ϰ=[5.5, 6.7, 5.9], ∫ϰ²/L>=[4.9, 7.1, 8.0], C-C-Sep=0.20, ║∇J║=3.9e-04
Iteration 1939/2000-----
currents: [100000.0, 99999.99925349788, 99999.9988724261]
J=3.5e-04, ⟨Jf⟩=3.1e-04, ⟨B·n⟩=4.1e-03, Len=sum([5.2, 5.2, 4.9])=15.4, ϰ=[5.5, 6.7, 5.9], ∫ϰ²/L>=[4.9, 7.1, 8.0], C-C-Sep=0.20, ║∇J║=5.1e-04
Iteration 1940/2000-----
currents: [100000.0, 99999.99925334463, 99999.99887219295]
J=3.5e-04, ⟨Jf⟩=3.1e-04, ⟨B·n⟩=4.1e-03, Len=sum([5.2, 5.2, 4.9])=15.4, ϰ=[5.5, 6.7, 5.9], ∫ϰ²/L>=[4.9, 7.1, 8.0], C-C-Sep=0.20, ║∇J║=2.2e-04
Iteration 1941/2000-----
currents: [100000.0, 99999.9992526836, 99999.99887118569]
J=3.5e-04, ⟨Jf⟩=3.1e-04, ⟨B·n⟩=4.1e-03, Len=sum([5.2, 5.2, 4.9])=15.4, ϰ=[5.5, 6.7, 5.9], ∫ϰ²/L>=[4.9, 7.1, 8.0], C-C-Sep=0.20, ║∇J║=2.4e-04
Iteration 1942/2000-----
currents: [100000.0, 99999.9992521553, 99999.99887038086]
J=3.5e-04, ⟨Jf⟩=3.1e-04, ⟨B·n⟩=4.1e-03, Len=sum([5.2, 5.2, 4.9])=15.4, ϰ=[5.5, 6.7, 5.9], ∫ϰ²/L>=[4.9, 7.1, 8.0], C-C-Sep=0.20, ║∇J║=2.8e-04
Iteration 1943/2000-----
currents: [100000.0, 99999.99925156742, 99999.99886948474]
J=3.5e-04, ⟨Jf⟩=3.1e-04, ⟨B·n⟩=4.1e-03, Len=sum([5.2, 5.2, 4.9])=15.4, ϰ=[5.5, 6.7, 5.9], ∫ϰ²/L>=[4.9, 7.1, 8.0], C-C-Sep=0.20, ║∇J║=2.5e-04
Iteration 1944/2000-----
currents: [100000.0, 99999.99925119652, 99999.99886891949]
J=3.5e-04, ⟨Jf⟩=3.1e-04, ⟨B·n⟩=4.1e-03, Len=sum([5.2, 5.2, 4.9])=15.4, ϰ=[5.5, 6.7, 5.9], ∫ϰ²/L>=[4.9, 7.1, 8.0], C-C-Sep=0.20, ║∇J║=2.6e-04
Iteration 1945/2000-----
currents: [100000.0, 99999.99925065093, 99999.99886808796]
J=3.5e-04, ⟨Jf⟩=3.1e-04, ⟨B·n⟩=4.1e-03, Len=sum([5.2, 5.2, 4.9])=15.4, ϰ=[5.5, 6.7, 5.9], ∫ϰ²/L>=[4.9, 7.1, 8.0], C-C-Sep=0.20, ║∇J║=2.8e-04
Iteration 1946/2000-----
currents: [100000.0, 99999.99924983189, 99999.99886684009]
J=3.5e-04, ⟨Jf⟩=3.1e-04, ⟨B·n⟩=4.1e-03, Len=sum([5.2, 5.2, 4.9])=15.4, ϰ=[5.5, 6.7, 5.9], ∫ϰ²/L>=[4.9, 7.1, 8.0], C-C-Sep=0.20, ║∇J║=2.4e-04
Iteration 1947/2000-----
currents: [100000.0, 99999.99924948058, 99999.99886630457]
J=3.5e-04, ⟨Jf⟩=3.1e-04, ⟨B·n⟩=4.1e-03, Len=sum([5.2, 5.2, 4.9])=15.4, ϰ=[5.5, 6.7, 5.9], ∫ϰ²/L>=[4.9, 7.1, 8.0], C-C-Sep=0.20, ║∇J║=2.5e-04
Iteration 1948/2000-----
currents: [100000.0, 99999.9992490085, 99999.99886558503]
J=3.5e-04, ⟨Jf⟩=3.1e-04, ⟨B·n⟩=4.1e-03, Len=sum([5.2, 5.2, 4.9])=15.4, ϰ=[5.5, 6.7, 5.9], ∫ϰ²/L>=[4.9, 7.1, 8.0], C-C-Sep=0.20, ║∇J║=2.4e-04
Iteration 1949/2000-----
currents: [100000.0, 99999.99924891735, 99999.99886544571]
J=3.5e-04, ⟨Jf⟩=3.1e-04, ⟨B·n⟩=4.1e-03, Len=sum([5.2, 5.2, 4.9])=15.4, ϰ=[5.5, 6.7, 5.9], ∫ϰ²/L>=[4.9, 7.1, 8.0], C-C-Sep=0.20, ║∇J║=2.1e-04
Iteration 1950/2000-----
currents: [100000.0, 99999.99924798027, 99999.99886401746]
J=3.5e-04, ⟨Jf⟩=3.1e-04, ⟨B·n⟩=4.1e-03, Len=sum([5.2, 5.2, 4.9])=15.4, ϰ=[5.5, 6.7, 5.9], ∫ϰ²/L>=[4.9, 7.1, 8.0], C-C-Sep=0.20, ║∇J║=2.7e-04
Iteration 1951/2000-----
currents: [100000.0, 99999.999248164, 99999.99886429703]
J=3.5e-04, ⟨Jf⟩=3.1e-04, ⟨B·n⟩=4.1e-03, Len=sum([5.2, 5.2, 4.9])=15.4, ϰ=[5.5, 6.7, 5.9], ∫ϰ²/L>=[4.9, 7.1, 8.0], C-C-Sep=0.20, ║∇J║=2.9e-04
Iteration 1952/2000-----
currents: [100000.0, 99999.99924769138, 99999.99886357726]
J=3.5e-04, ⟨Jf⟩=3.1e-04, ⟨B·n⟩=4.1e-03, Len=sum([5.2, 5.2, 4.9])=15.4, ϰ=[5.5, 6.7, 5.9], ∫ϰ²/L>=[4.9, 7.1, 8.0], C-C-Sep=0.20, ║∇J║=2.4e-04
Iteration 1953/2000-----
currents: [100000.0, 99999.99924736538, 99999.99886308097]
J=3.5e-04, ⟨Jf⟩=3.1e-04, ⟨B·n⟩=4.1e-03, Len=sum([5.2, 5.2, 4.9])=15.4, ϰ=[5.5, 6.7, 5.9], ∫ϰ²/L>=[4.9, 7.1, 8.0], C-C-Sep=0.20, ║∇J║=2.0e-04
Iteration 1954/2000-----
currents: [100000.0, 99999.99924661533, 99999.99886193858]
J=3.5e-04, ⟨Jf⟩=3.1e-04, ⟨B·n⟩=4.1e-03, Len=sum([5.2, 5.2, 4.9])=15.4, ϰ=[5.5, 6.7, 5.9], ∫ϰ²/L>=[4.9, 7.1, 8.0], C-C-Sep=0.20, ║∇J║=2.4e-04
Iteration 1955/2000-----
currents: [100000.0, 99999.99924603813, 99999.99886105992]
J=3.5e-04, ⟨Jf⟩=3.1e-04, ⟨B·n⟩=4.1e-03, Len=sum([5.2, 5.2, 4.9])=15.4, ϰ=[5.5, 6.7, 5.9], ∫ϰ²/L>=[4.9, 7.1, 8.0], C-C-Sep=0.20, ║∇J║=2.7e-04
Iteration 1956/2000-----
currents: [100000.0, 99999.99924541845, 99999.99886011564]
J=3.5e-04, ⟨Jf⟩=3.1e-04, ⟨B·n⟩=4.1e-03, Len=sum([5.2, 5.2, 4.9])=15.4, ϰ=[5.4, 6.7, 5.9], ∫ϰ²/L>=[4.9, 7.1, 8.0], C-C-Sep=0.20, ║∇J║=2.3e-04
Iteration 1957/2000-----
currents: [100000.0, 99999.99924482872, 99999.99885921711]
J=3.5e-04, ⟨Jf⟩=3.1e-04, ⟨B·n⟩=4.1e-03, Len=sum([5.2, 5.2, 4.9])=15.4, ϰ=[5.4, 6.7, 5.9], ∫ϰ²/L>=[4.9, 7.1, 8.0], C-C-Sep=0.20, ║∇J║=2.2e-04
Iteration 1958/2000-----
currents: [100000.0, 99999.99924394979, 99999.99885787783]
J=3.5e-04, ⟨Jf⟩=3.1e-04, ⟨B·n⟩=4.1e-03, Len=sum([5.2, 5.2, 4.9])=15.4, ϰ=[5.4, 6.7, 5.9], ∫ϰ²/L>=[4.9, 7.1, 8.0], C-C-Sep=0.20, ║∇J║=2.6e-04
Iteration 1959/2000-----
currents: [100000.0, 99999.99924323002, 99999.99885678112]
J=3.5e-04, ⟨Jf⟩=3.1e-04, ⟨B·n⟩=4.1e-03, Len=sum([5.2, 5.2, 4.9])=15.4, ϰ=[5.4, 6.7, 5.9], ∫ϰ²/L>=[4.9, 7.1, 8.0], C-C-Sep=0.20, ║∇J║=2.5e-04
Iteration 1960/2000-----
currents: [100000.0, 99999.99924210564, 99999.99885506813]
J=3.5e-04, ⟨Jf⟩=3.1e-04, ⟨B·n⟩=4.1e-03, Len=sum([5.2, 5.2, 4.9])=15.4, ϰ=[5.4, 6.7, 5.9], ∫ϰ²/L>=[4.9, 7.1, 8.0], C-C-Sep=0.20, ║∇J║=2.4e-04
Iteration 1961/2000-----
currents: [100000.0, 99999.99924132212, 99999.9988538745]
J=3.5e-04, ⟨Jf⟩=3.1e-04, ⟨B·n⟩=4.1e-03, Len=sum([5.2, 5.2, 4.9])=15.4, ϰ=[5.4, 6.7, 5.9], ∫ϰ²/L>=[4.9, 7.1, 8.0], C-C-Sep=0.20, ║∇J║=2.7e-04
Iteration 1962/2000-----
currents: [100000.0, 99999.9992383108, 99999.99884928671]
J=3.5e-04, ⟨Jf⟩=3.1e-04, ⟨B·n⟩=4.1e-03, Len=sum([5.2, 5.2, 4.9])=15.4, ϰ=[5.4, 6.7, 5.9], ∫ϰ²/L>=[4.9, 7.1, 8.0], C-C-Sep=0.20, ║∇J║=5.8e-04
Iteration 1963/2000-----
currents: [100000.0, 99999.99924024835, 99999.99885223858]
J=3.5e-04, ⟨Jf⟩=3.1e-04, ⟨B·n⟩=4.1e-03, Len=sum([5.2, 5.2, 4.9])=15.4, ϰ=[5.4, 6.7, 5.9], ∫ϰ²/L>=[4.9, 7.1, 8.0], C-C-Sep=0.20, ║∇J║=2.7e-04
Iteration 1964/2000-----
currents: [100000.0, 99999.99923962023, 99999.99885128168]
J=3.5e-04, ⟨Jf⟩=3.1e-04, ⟨B·n⟩=4.1e-03, Len=sum([5.2, 5.2, 4.9])=15.4, ϰ=[5.4, 6.7, 5.9], ∫ϰ²/L>=[4.9, 7.1, 8.0], C-C-Sep=0.20, ║∇J║=4.2e-04
Iteration 1965/2000-----
currents: [100000.0, 99999.99923906979, 99999.99885044227]
J=3.5e-04, ⟨Jf⟩=3.1e-04, ⟨B·n⟩=4.1e-03, Len=sum([5.2, 5.2, 4.9])=15.4, ϰ=[5.4, 6.7, 5.9], ∫ϰ²/L>=[4.9, 7.1, 8.0], C-C-Sep=0.20, ║∇J║=2.9e-04
Iteration 1966/2000-----
currents: [100000.0, 99999.99923863795, 99999.9988497834]
J=3.5e-04, ⟨Jf⟩=3.1e-04, ⟨B·n⟩=4.1e-03, Len=sum([5.2, 5.2, 4.9])=15.4, ϰ=[5.4, 6.7, 5.9], ∫ϰ²/L>=[4.9, 7.1, 8.0], C-C-Sep=0.20, ║∇J║=2.5e-04
Iteration 1967/2000-----
currents: [100000.0, 99999.99923765782, 99999.99884828935]
J=3.5e-04, ⟨Jf⟩=3.1e-04, ⟨B·n⟩=4.1e-03, Len=sum([5.2, 5.2, 4.9])=15.4, ϰ=[5.4, 6.7, 5.9], ∫ϰ²/L>=[4.9, 7.1, 8.0], C-C-Sep=0.20, ║∇J║=3.0e-04
Iteration 1968/2000-----
currents: [100000.0, 99999.99923666556, 99999.9988467765]
J=3.5e-04, ⟨Jf⟩=3.1e-04, ⟨B·n⟩=4.1e-03, Len=sum([5.2, 5.2, 4.9])=15.4, ϰ=[5.4, 6.7, 5.9], ∫ϰ²/L>=[4.9, 7.1, 8.0], C-C-Sep=0.20, ║∇J║=2.9e-04
Iteration 1969/2000-----
currents: [100000.0, 99999.99923580668, 99999.99884546753]
J=3.5e-04, ⟨Jf⟩=3.1e-04, ⟨B·n⟩=4.1e-03, Len=sum([5.2, 5.2, 4.9])=15.4, ϰ=[5.4, 6.7, 5.9], ∫ϰ²/L>=[4.9, 7.1, 8.0], C-C-Sep=0.20, ║∇J║=4.2e-04
Iteration 1970/2000-----
currents: [100000.0, 99999.99923500443, 99999.99884424453]
J=3.5e-04, ⟨Jf⟩=3.1e-04, ⟨B·n⟩=4.1e-03, Len=sum([5.2, 5.2, 4.9])=15.4, ϰ=[5.4, 6.7, 5.9], ∫ϰ²/L>=[4.9, 7.1, 8.0], C-C-Sep=0.20, ║∇J║=3.2e-04
Iteration 1971/2000-----
currents: [100000.0, 99999.99923509116, 99999.99884437639]
J=3.5e-04, ⟨Jf⟩=3.1e-04, ⟨B·n⟩=4.1e-03, Len=sum([5.2, 5.2, 4.9])=15.4, ϰ=[5.4, 6.7, 5.9], ∫ϰ²/L>=[4.9, 7.1, 8.0], C-C-Sep=0.20, ║∇J║=3.0e-04
Iteration 1972/2000-----
currents: [100000.0, 99999.99923321368, 99999.99884151478]
J=3.5e-04, ⟨Jf⟩=3.1e-04, ⟨B·n⟩=4.1e-03, Len=sum([5.2, 5.2, 4.9])=15.4, ϰ=[5.4, 6.7, 5.9], ∫ϰ²/L>=[4.9, 7.1, 8.0], C-C-Sep=0.20, ║∇J║=5.4e-04
Iteration 1973/2000-----
currents: [100000.0, 99999.99923426015, 99999.99884310979]
J=3.5e-04, ⟨Jf⟩=3.1e-04, ⟨B·n⟩=4.1e-03, Len=sum([5.2, 5.2, 4.9])=15.4, ϰ=[5.4, 6.7, 5.9], ∫ϰ²/L>=[4.9, 7.1, 8.0], C-C-Sep=0.20, ║∇J║=3.1e-04
Iteration 1974/2000-----
currents: [100000.0, 99999.9992341818, 99999.99884298978]
J=3.5e-04, ⟨Jf⟩=3.1e-04, ⟨B·n⟩=4.1e-03, Len=sum([5.2, 5.2, 4.9])=15.4, ϰ=[5.4, 6.7, 5.9], ∫ϰ²/L>=[4.9, 7.1, 8.0], C-C-Sep=0.20, ║∇J║=3.3e-04
Iteration 1975/2000-----
currents: [100000.0, 99999.9992335066, 99999.99884195987]
J=3.5e-04, ⟨Jf⟩=3.1e-04, ⟨B·n⟩=4.1e-03, Len=sum([5.2, 5.2, 4.9])=15.4, ϰ=[5.4, 6.7, 5.8], ∫ϰ²/L>=[4.9, 7.1, 8.0], C-C-Sep=0.20, ║∇J║=4.1e-04
Iteration 1976/2000-----
currents: [100000.0, 99999.99923337856, 99999.99884176468]
J=3.5e-04, ⟨Jf⟩=3.1e-04, ⟨B·n⟩=4.1e-03, Len=sum([5.2, 5.2, 4.9])=15.4, ϰ=[5.4, 6.7, 5.8], ∫ϰ²/L>=[4.9, 7.1, 8.0], C-C-Sep=0.20, ║∇J║=3.4e-04
Iteration 1977/2000-----
currents: [100000.0, 99999.99923297502, 99999.99884114966]
J=3.5e-04, ⟨Jf⟩=3.1e-04, ⟨B·n⟩=4.1e-03, Len=sum([5.2, 5.2, 4.9])=15.4, ϰ=[5.4, 6.7, 5.8], ∫ϰ²/L>=[4.9, 7.1, 8.0], C-C-Sep=0.20, ║∇J║=2.6e-04
Iteration 1978/2000-----
currents: [100000.0, 99999.99923250134, 99999.99884042719]
J=3.5e-04, ⟨Jf⟩=3.1e-04, ⟨B·n⟩=4.1e-03, Len=sum([5.2, 5.2, 4.9])=15.4, ϰ=[5.4, 6.7, 5.8], ∫ϰ²/L>=[4.9, 7.1, 8.0], C-C-Sep=0.20, ║∇J║=2.7e-04
Iteration 1979/2000-----
currents: [100000.0, 99999.99923192216, 99999.99883954413]
J=3.5e-04, ⟨Jf⟩=3.1e-04, ⟨B·n⟩=4.1e-03, Len=sum([5.2, 5.2, 4.9])=15.4, ϰ=[5.4, 6.7, 5.8], ∫ϰ²/L>=[4.9, 7.1, 8.0], C-C-Sep=0.20, ║∇J║=3.0e-04
Iteration 1980/2000-----
currents: [100000.0, 99999.9992317596, 99999.99883929596]
J=3.5e-04, ⟨Jf⟩=3.1e-04, ⟨B·n⟩=4.1e-03, Len=sum([5.2, 5.2, 4.9])=15.4, ϰ=[5.4, 6.7, 5.8], ∫ϰ²/L>=[4.9, 7.1, 8.0], C-C-Sep=0.20, ║∇J║=2.6e-04
Iteration 1981/2000-----
currents: [100000.0, 99999.99923154266, 99999.99883896504]
J=3.5e-04, ⟨Jf⟩=3.1e-04, ⟨B·n⟩=4.1e-03, Len=sum([5.2, 5.2, 4.9])=15.4, ϰ=[5.4, 6.7, 5.8], ∫ϰ²/L>=[4.9, 7.1, 8.0], C-C-Sep=0.20, ║∇J║=2.3e-04
Iteration 1982/2000-----
currents: [100000.0, 99999.99923115106, 99999.99883836783]
J=3.5e-04, ⟨Jf⟩=3.1e-04, ⟨B·n⟩=4.1e-03, Len=sum([5.2, 5.2, 4.9])=15.4, ϰ=[5.4, 6.7, 5.8], ∫ϰ²/L>=[4.9, 7.1, 8.0], C-C-Sep=0.20, ║∇J║=2.4e-04
Iteration 1983/2000-----
currents: [100000.0, 99999.99923057227, 99999.99883748552]
J=3.5e-04, ⟨Jf⟩=3.1e-04, ⟨B·n⟩=4.1e-03, Len=sum([5.2, 5.2, 4.9])=15.4, ϰ=[5.4, 6.7, 5.8], ∫ϰ²/L>=[4.9, 7.1, 8.0], C-C-Sep=0.20, ║∇J║=3.6e-04
Iteration 1984/2000-----
currents: [100000.0, 99999.99922986011, 99999.99883639973]
J=3.5e-04, ⟨Jf⟩=3.1e-04, ⟨B·n⟩=4.1e-03, Len=sum([5.2, 5.2, 4.9])=15.4, ϰ=[5.4, 6.7, 5.8], ∫ϰ²/L>=[4.9, 7.1, 8.0], C-C-Sep=0.20, ║∇J║=3.5e-04
Iteration 1985/2000-----
currents: [100000.0, 99999.99922928425, 99999.99883552174]
J=3.5e-04, ⟨Jf⟩=3.1e-04, ⟨B·n⟩=4.1e-03, Len=sum([5.2, 5.2, 4.9])=15.4, ϰ=[5.4, 6.7, 5.8], ∫ϰ²/L>=[4.9, 7.1, 8.0], C-C-Sep=0.20, ║∇J║=2.8e-04
Iteration 1986/2000-----
currents: [100000.0, 99999.99922942797, 99999.99883574063]
J=3.5e-04, ⟨Jf⟩=3.1e-04, ⟨B·n⟩=4.1e-03, Len=sum([5.2, 5.2, 4.9])=15.4, ϰ=[5.4, 6.7, 5.8], ∫ϰ²/L>=[4.9, 7.1, 8.0], C-C-Sep=0.20, ║∇J║=2.8e-04
Iteration 1987/2000-----
currents: [100000.0, 99999.99922872108, 99999.99883466325]
J=3.5e-04, ⟨Jf⟩=3.1e-04, ⟨B·n⟩=4.1e-03, Len=sum([5.2, 5.2, 4.9])=15.4, ϰ=[5.4, 6.7, 5.8], ∫ϰ²/L>=[4.9, 7.1, 8.0], C-C-Sep=0.20, ║∇J║=2.4e-04
Iteration 1988/2000-----
currents: [100000.0, 99999.99922847089, 99999.99883428132]
J=3.5e-04, ⟨Jf⟩=3.1e-04, ⟨B·n⟩=4.1e-03, Len=sum([5.2, 5.2, 4.9])=15.4, ϰ=[5.4, 6.7, 5.8], ∫ϰ²/L>=[4.9, 7.1, 8.0], C-C-Sep=0.20, ║∇J║=2.9e-04
Iteration 1989/2000-----
currents: [100000.0, 99999.99922788511, 99999.99883338831]
J=3.5e-04, ⟨Jf⟩=3.1e-04, ⟨B·n⟩=4.1e-03, Len=sum([5.2, 5.2, 4.9])=15.4, ϰ=[5.4, 6.7, 5.8], ∫ϰ²/L>=[4.9, 7.1, 8.0], C-C-Sep=0.20, ║∇J║=2.4e-04
Iteration 1990/2000-----
currents: [100000.0, 99999.99922758434, 99999.99883292978]
J=3.5e-04, ⟨Jf⟩=3.1e-04, ⟨B·n⟩=4.1e-03, Len=sum([5.2, 5.2, 4.9])=15.4, ϰ=[5.4, 6.7, 5.8], ∫ϰ²/L>=[4.9, 7.1, 8.0], C-C-Sep=0.20, ║∇J║=2.3e-04
Iteration 1991/2000-----
currents: [100000.0, 99999.99922687665, 99999.99883185116]
J=3.5e-04, ⟨Jf⟩=3.1e-04, ⟨B·n⟩=4.1e-03, Len=sum([5.2, 5.2, 4.9])=15.4, ϰ=[5.4, 6.7, 5.8], ∫ϰ²/L>=[4.9, 7.1, 8.0], C-C-Sep=0.20, ║∇J║=2.1e-04
Iteration 1992/2000-----
currents: [100000.0, 99999.99922640948, 99999.99883113937]
J=3.5e-04, ⟨Jf⟩=3.1e-04, ⟨B·n⟩=4.1e-03, Len=sum([5.2, 5.2, 4.9])=15.4, ϰ=[5.4, 6.7, 5.8], ∫ϰ²/L>=[4.9, 7.1, 8.0], C-C-Sep=0.20, ║∇J║=2.1e-04
Iteration 1993/2000-----
currents: [100000.0, 99999.99922567385, 99999.99883001877]
J=3.5e-04, ⟨Jf⟩=3.1e-04, ⟨B·n⟩=4.1e-03, Len=sum([5.2, 5.2, 4.9])=15.4, ϰ=[5.4, 6.7, 5.8], ∫ϰ²/L>=[4.9, 7.1, 8.0], C-C-Sep=0.20, ║∇J║=2.6e-04
Iteration 1994/2000-----
currents: [100000.0, 99999.99922488088, 99999.99882881051]
J=3.5e-04, ⟨Jf⟩=3.1e-04, ⟨B·n⟩=4.1e-03, Len=sum([5.2, 5.2, 4.9])=15.4, ϰ=[5.4, 6.7, 5.8], ∫ϰ²/L>=[4.9, 7.1, 8.0], C-C-Sep=0.20, ║∇J║=3.0e-04
Iteration 1995/2000-----
currents: [100000.0, 99999.99922453628, 99999.99882828543]
J=3.5e-04, ⟨Jf⟩=3.1e-04, ⟨B·n⟩=4.1e-03, Len=sum([5.2, 5.2, 4.9])=15.4, ϰ=[5.4, 6.7, 5.8], ∫ϰ²/L>=[4.9, 7.1, 8.0], C-C-Sep=0.20, ║∇J║=2.3e-04
Iteration 1996/2000-----
currents: [100000.0, 99999.99922361183, 99999.99882687606]
J=3.5e-04, ⟨Jf⟩=3.1e-04, ⟨B·n⟩=4.1e-03, Len=sum([5.2, 5.2, 4.9])=15.4, ϰ=[5.4, 6.7, 5.8], ∫ϰ²/L>=[4.9, 7.1, 8.0], C-C-Sep=0.20, ║∇J║=2.9e-04
Iteration 1997/2000-----
currents: [100000.0, 99999.99922362833, 99999.99882690112]
J=3.5e-04, ⟨Jf⟩=3.1e-04, ⟨B·n⟩=4.1e-03, Len=sum([5.2, 5.2, 4.9])=15.4, ϰ=[5.4, 6.7, 5.8], ∫ϰ²/L>=[4.9, 7.1, 8.0], C-C-Sep=0.20, ║∇J║=3.1e-04
Iteration 1998/2000-----
currents: [100000.0, 99999.99922253494, 99999.99882523374]
J=3.5e-04, ⟨Jf⟩=3.1e-04, ⟨B·n⟩=4.1e-03, Len=sum([5.2, 5.2, 4.9])=15.4, ϰ=[5.4, 6.7, 5.8], ∫ϰ²/L>=[4.9, 7.1, 8.0], C-C-Sep=0.20, ║∇J║=2.9e-04
Iteration 1999/2000-----
currents: [100000.0, 99999.99922208958, 99999.9988245547]
J=3.5e-04, ⟨Jf⟩=3.1e-04, ⟨B·n⟩=4.1e-03, Len=sum([5.2, 5.2, 4.9])=15.4, ϰ=[5.4, 6.7, 5.8], ∫ϰ²/L>=[4.9, 7.1, 8.0], C-C-Sep=0.20, ║∇J║=3.0e-04
Iteration 2000/2000-----
currents: [100000.0, 99999.99922099465, 99999.9988228857]
J=3.5e-04, ⟨Jf⟩=3.1e-04, ⟨B·n⟩=4.1e-03, Len=sum([5.2, 5.2, 4.9])=15.4, ϰ=[5.4, 6.7, 5.8], ∫ϰ²/L>=[4.9, 7.1, 8.0], C-C-Sep=0.20, ║∇J║=3.2e-04
Iteration 2001/2000-----
currents: [100000.0, 99999.99922086517, 99999.99882268821]
J=3.5e-04, ⟨Jf⟩=3.1e-04, ⟨B·n⟩=4.1e-03, Len=sum([5.2, 5.2, 4.9])=15.4, ϰ=[5.4, 6.7, 5.8], ∫ϰ²/L>=[4.9, 7.1, 8.0], C-C-Sep=0.20, ║∇J║=2.6e-04
Iteration 2002/2000-----
currents: [100000.0, 99999.99921978485, 99999.99882104118]
J=3.5e-04, ⟨Jf⟩=3.1e-04, ⟨B·n⟩=4.1e-03, Len=sum([5.2, 5.2, 4.9])=15.4, ϰ=[5.4, 6.7, 5.8], ∫ϰ²/L>=[4.9, 7.1, 8.0], C-C-Sep=0.20, ║∇J║=3.2e-04
Iteration 2003/2000-----
currents: [100000.0, 99999.99921873662, 99999.9988194431]
J=3.5e-04, ⟨Jf⟩=3.1e-04, ⟨B·n⟩=4.1e-03, Len=sum([5.2, 5.2, 4.9])=15.4, ϰ=[5.4, 6.7, 5.8], ∫ϰ²/L>=[4.9, 7.1, 8.0], C-C-Sep=0.20, ║∇J║=2.8e-04
Iteration 2004/2000-----
currents: [100000.0, 99999.99921753503, 99999.99881761143]
J=3.5e-04, ⟨Jf⟩=3.1e-04, ⟨B·n⟩=4.1e-03, Len=sum([5.2, 5.2, 4.9])=15.4, ϰ=[5.4, 6.7, 5.8], ∫ϰ²/L>=[4.9, 7.1, 8.0], C-C-Sep=0.20, ║∇J║=3.2e-04
Iteration 2005/2000-----
currents: [100000.0, 99999.9992178313, 99999.99881806278]
J=3.5e-04, ⟨Jf⟩=3.1e-04, ⟨B·n⟩=4.1e-03, Len=sum([5.2, 5.2, 4.9])=15.4, ϰ=[5.4, 6.7, 5.8], ∫ϰ²/L>=[4.9, 7.1, 8.0], C-C-Sep=0.20, ║∇J║=3.6e-04
Iteration 2006/2000-----
currents: [100000.0, 99999.99921714597, 99999.9988170181]
J=3.5e-04, ⟨Jf⟩=3.1e-04, ⟨B·n⟩=4.1e-03, Len=sum([5.2, 5.2, 4.9])=15.4, ϰ=[5.4, 6.7, 5.8], ∫ϰ²/L>=[4.9, 7.1, 8.0], C-C-Sep=0.20, ║∇J║=2.8e-04
Iteration 2007/2000-----
currents: [100000.0, 99999.99921721681, 99999.9988171261]
J=3.5e-04, ⟨Jf⟩=3.1e-04, ⟨B·n⟩=4.1e-03, Len=sum([5.2, 5.2, 4.9])=15.4, ϰ=[5.4, 6.7, 5.8], ∫ϰ²/L>=[4.9, 7.1, 8.0], C-C-Sep=0.20, ║∇J║=3.4e-04
Iteration 2008/2000-----
currents: [100000.0, 99999.99921686122, 99999.99881658351]
J=3.5e-04, ⟨Jf⟩=3.1e-04, ⟨B·n⟩=4.1e-03, Len=sum([5.2, 5.2, 4.9])=15.4, ϰ=[5.4, 6.7, 5.8], ∫ϰ²/L>=[4.9, 7.1, 8.0], C-C-Sep=0.20, ║∇J║=2.3e-04
Iteration 2009/2000-----
currents: [100000.0, 99999.99921650716, 99999.99881604298]
J=3.5e-04, ⟨Jf⟩=3.1e-04, ⟨B·n⟩=4.1e-03, Len=sum([5.2, 5.2, 4.9])=15.4, ϰ=[5.4, 6.7, 5.8], ∫ϰ²/L>=[4.9, 7.1, 8.0], C-C-Sep=0.20, ║∇J║=2.1e-04
Iteration 2010/2000-----
currents: [100000.0, 99999.99921598058, 99999.99881523964]
J=3.5e-04, ⟨Jf⟩=3.1e-04, ⟨B·n⟩=4.1e-03, Len=sum([5.2, 5.2, 4.9])=15.4, ϰ=[5.4, 6.7, 5.8], ∫ϰ²/L>=[4.9, 7.1, 8.0], C-C-Sep=0.20, ║∇J║=2.4e-04
Iteration 2011/2000-----
currents: [100000.0, 99999.9992154718, 99999.99881446327]
J=3.5e-04, ⟨Jf⟩=3.1e-04, ⟨B·n⟩=4.1e-03, Len=sum([5.2, 5.2, 4.9])=15.4, ϰ=[5.4, 6.7, 5.8], ∫ϰ²/L>=[4.9, 7.1, 8.0], C-C-Sep=0.20, ║∇J║=2.5e-04
Iteration 2012/2000-----
currents: [100000.0, 99999.99921451426, 99999.99881300285]
J=3.5e-04, ⟨Jf⟩=3.1e-04, ⟨B·n⟩=4.1e-03, Len=sum([5.2, 5.2, 4.9])=15.4, ϰ=[5.4, 6.7, 5.8], ∫ϰ²/L>=[4.9, 7.1, 8.0], C-C-Sep=0.20, ║∇J║=3.1e-04
Iteration 2013/2000-----
currents: [100000.0, 99999.99921453495, 99999.99881303443]
J=3.5e-04, ⟨Jf⟩=3.1e-04, ⟨B·n⟩=4.1e-03, Len=sum([5.2, 5.2, 4.9])=15.4, ϰ=[5.4, 6.7, 5.8], ∫ϰ²/L>=[4.9, 7.1, 8.0], C-C-Sep=0.20, ║∇J║=2.6e-04
Iteration 2014/2000-----
currents: [100000.0, 99999.99921417458, 99999.99881248562]
J=3.5e-04, ⟨Jf⟩=3.1e-04, ⟨B·n⟩=4.1e-03, Len=sum([5.2, 5.2, 4.9])=15.4, ϰ=[5.4, 6.7, 5.8], ∫ϰ²/L>=[4.9, 7.1, 8.0], C-C-Sep=0.20, ║∇J║=2.4e-04
Iteration 2015/2000-----
currents: [100000.0, 99999.99921401516, 99999.99881224279]
J=3.5e-04, ⟨Jf⟩=3.1e-04, ⟨B·n⟩=4.1e-03, Len=sum([5.2, 5.2, 4.9])=15.4, ϰ=[5.4, 6.7, 5.8], ∫ϰ²/L>=[4.9, 7.1, 8.0], C-C-Sep=0.20, ║∇J║=2.0e-04
Iteration 2016/2000-----
currents: [100000.0, 99999.99921336837, 99999.9988112564]
J=3.5e-04, ⟨Jf⟩=3.1e-04, ⟨B·n⟩=4.1e-03, Len=sum([5.2, 5.2, 4.9])=15.4, ϰ=[5.4, 6.7, 5.8], ∫ϰ²/L>=[4.9, 7.1, 8.0], C-C-Sep=0.20, ║∇J║=2.2e-04
Iteration 2017/2000-----
currents: [100000.0, 99999.99921295427, 99999.99881062505]
J=3.5e-04, ⟨Jf⟩=3.1e-04, ⟨B·n⟩=4.1e-03, Len=sum([5.2, 5.2, 4.9])=15.4, ϰ=[5.4, 6.7, 5.8], ∫ϰ²/L>=[4.9, 7.1, 8.0], C-C-Sep=0.20, ║∇J║=2.6e-04
Iteration 2018/2000-----
currents: [100000.0, 99999.99921290981, 99999.99881055689]
J=3.5e-04, ⟨Jf⟩=3.1e-04, ⟨B·n⟩=4.1e-03, Len=sum([5.2, 5.2, 4.9])=15.4, ϰ=[5.4, 6.7, 5.8], ∫ϰ²/L>=[4.9, 7.1, 8.0], C-C-Sep=0.20, ║∇J║=1.8e-04
--------------------------------JF.x shape after opt: (443,)
Final arclength variation max(|ℓ|)/min(|ℓ|) - 1=[1.17e-03, 1.22e-03, 8.69e-04]

################################################################################
### Evaluate the obtained coils ################################################
################################################################################

Finished 100/1000 Out-of-Sample Evaluations
Finished 200/1000 Out-of-Sample Evaluations
Finished 300/1000 Out-of-Sample Evaluations
Finished 400/1000 Out-of-Sample Evaluations
Finished 500/1000 Out-of-Sample Evaluations
Finished 600/1000 Out-of-Sample Evaluations
Finished 700/1000 Out-of-Sample Evaluations
Finished 800/1000 Out-of-Sample Evaluations
Finished 900/1000 Out-of-Sample Evaluations
Finished 1000/1000 Out-of-Sample Evaluations
Flux Objective for exact coils     : 2.695e-04
Out-of-sample flux value                  : 3.527e-04
Objective Gradient (||∇J||)              : 1.774e-04
Mean Flux Objective across perturbed coils: 3.142e-04
Quality Number: 0.764
<B_N>/<|B|> = 1.70e-02

Total time taken: 745.23 seconds
