SLURM job ID: 6252136
Running initial guess perturbation scan
8
output_stage_two_optimization_stochastic_QH5_4nsamp_pert_init_curves
Starting N_SAMPLE LOOP

################################################################################
### Perform a Taylor test ######################################################
################################################################################

Iteration 1/2000-----
currents: [100000.0, 100000.0, 100000.0, 100000.0, 100000.0]
J=5.7e-01, ⟨Jf⟩=5.6e-01, ⟨B·n⟩=3.3e-01, Len=sum([3.1, 3.1, 3.1, 3.2, 3.1])=15.7, ϰ=[2.0, 2.0, 2.0, 2.0, 2.0], ∫ϰ²/L>=[4.0, 4.0, 4.0, 4.0, 4.0], C-C-Sep=0.06, ║∇J║=1.7e+00
Iteration 2/2000-----
currents: [100000.0, 100000.000417022, 100000.00072032449, 100000.00000011438, 100000.00030233257]
J=5.7e-01, ⟨Jf⟩=5.6e-01, ⟨B·n⟩=3.3e-01, Len=sum([3.2, 3.1, 3.1, 3.2, 3.1])=15.7, ϰ=[9.3, 8.4, 10.1, 10.0, 9.0], ∫ϰ²/L>=[7.2, 6.7, 7.8, 7.2, 6.6], C-C-Sep=0.06, ║∇J║=1.7e+00
Iteration 3/2000-----
currents: [100000.0, 99999.999582978, 99999.99927967551, 99999.99999988562, 99999.99969766743]
J=5.7e-01, ⟨Jf⟩=5.6e-01, ⟨B·n⟩=3.3e-01, Len=sum([3.2, 3.1, 3.1, 3.2, 3.1])=15.7, ϰ=[7.5, 6.6, 7.8, 8.2, 7.1], ∫ϰ²/L>=[6.9, 6.5, 7.5, 6.9, 6.3], C-C-Sep=0.06, ║∇J║=1.7e+00
err -0.04222318596906871
Iteration 4/2000-----
currents: [100000.0, 100000.0000417022, 100000.00007203245, 100000.00000001144, 100000.00003023326]
J=5.7e-01, ⟨Jf⟩=5.6e-01, ⟨B·n⟩=3.3e-01, Len=sum([3.1, 3.1, 3.1, 3.2, 3.1])=15.7, ϰ=[2.5, 2.5, 2.7, 2.7, 2.5], ∫ϰ²/L>=[4.0, 4.1, 4.1, 4.0, 4.0], C-C-Sep=0.06, ║∇J║=1.7e+00
Iteration 5/2000-----
currents: [100000.0, 99999.9999582978, 99999.99992796755, 99999.99999998856, 99999.99996976674]
J=5.7e-01, ⟨Jf⟩=5.6e-01, ⟨B·n⟩=3.3e-01, Len=sum([3.1, 3.1, 3.1, 3.2, 3.1])=15.7, ϰ=[2.5, 2.5, 2.7, 2.6, 2.5], ∫ϰ²/L>=[4.0, 4.1, 4.1, 4.0, 4.0], C-C-Sep=0.06, ║∇J║=1.7e+00
err -0.0004434175277940877
Iteration 6/2000-----
currents: [100000.0, 100000.00000417022, 100000.00000720324, 100000.00000000115, 100000.00000302332]
J=5.7e-01, ⟨Jf⟩=5.6e-01, ⟨B·n⟩=3.3e-01, Len=sum([3.1, 3.1, 3.1, 3.2, 3.1])=15.7, ϰ=[2.0, 2.1, 2.1, 2.1, 2.1], ∫ϰ²/L>=[4.0, 4.0, 4.0, 4.0, 4.0], C-C-Sep=0.06, ║∇J║=1.7e+00
Iteration 7/2000-----
currents: [100000.0, 99999.99999582978, 99999.99999279676, 99999.99999999885, 99999.99999697668]
J=5.7e-01, ⟨Jf⟩=5.6e-01, ⟨B·n⟩=3.3e-01, Len=sum([3.1, 3.1, 3.1, 3.2, 3.1])=15.7, ϰ=[2.1, 2.1, 2.1, 2.1, 2.1], ∫ϰ²/L>=[4.0, 4.0, 4.0, 4.0, 4.0], C-C-Sep=0.06, ║∇J║=1.7e+00
err -5.067176776729632e-06
Iteration 8/2000-----
currents: [100000.0, 100000.00000041703, 100000.00000072032, 100000.00000000012, 100000.00000030233]
J=5.7e-01, ⟨Jf⟩=5.6e-01, ⟨B·n⟩=3.3e-01, Len=sum([3.1, 3.1, 3.1, 3.2, 3.1])=15.7, ϰ=[2.0, 2.0, 2.1, 2.0, 2.0], ∫ϰ²/L>=[4.0, 4.0, 4.0, 4.0, 4.0], C-C-Sep=0.06, ║∇J║=1.7e+00
Iteration 9/2000-----
currents: [100000.0, 99999.99999958297, 99999.99999927968, 99999.99999999988, 99999.99999969767]
J=5.7e-01, ⟨Jf⟩=5.6e-01, ⟨B·n⟩=3.3e-01, Len=sum([3.1, 3.1, 3.1, 3.2, 3.1])=15.7, ϰ=[2.0, 2.0, 2.0, 2.0, 2.0], ∫ϰ²/L>=[4.0, 4.0, 4.0, 4.0, 4.0], C-C-Sep=0.06, ║∇J║=1.7e+00
err -4.9240709953934925e-08
Iteration 10/2000-----
currents: [100000.0, 100000.0000000417, 100000.00000007203, 100000.00000000001, 100000.00000003024]
J=5.7e-01, ⟨Jf⟩=5.6e-01, ⟨B·n⟩=3.3e-01, Len=sum([3.1, 3.1, 3.1, 3.2, 3.1])=15.7, ϰ=[2.0, 2.0, 2.0, 2.0, 2.0], ∫ϰ²/L>=[4.0, 4.0, 4.0, 4.0, 4.0], C-C-Sep=0.06, ║∇J║=1.7e+00
Iteration 11/2000-----
currents: [100000.0, 99999.9999999583, 99999.99999992797, 99999.99999999999, 99999.99999996976]
J=5.7e-01, ⟨Jf⟩=5.6e-01, ⟨B·n⟩=3.3e-01, Len=sum([3.1, 3.1, 3.1, 3.2, 3.1])=15.7, ϰ=[2.0, 2.0, 2.0, 2.0, 2.0], ∫ϰ²/L>=[4.0, 4.0, 4.0, 4.0, 4.0], C-C-Sep=0.06, ║∇J║=1.7e+00
err -1.3900975925906778e-09

################################################################################
### Run the optimisation #######################################################
################################################################################

Iteration 1/2000-----
currents: [100000.0, 100000.0, 100000.0, 100000.0, 100000.0]
J=5.7e-01, ⟨Jf⟩=5.6e-01, ⟨B·n⟩=3.3e-01, Len=sum([3.1, 3.1, 3.1, 3.2, 3.1])=15.7, ϰ=[2.0, 2.0, 2.0, 2.0, 2.0], ∫ϰ²/L>=[4.0, 4.0, 4.0, 4.0, 4.0], C-C-Sep=0.06, ║∇J║=1.7e+00
Iteration 2/2000-----
currents: [100000.0, 99999.99999854472, 99999.99999863553, 99999.99999871863, 99999.99999877262]
J=1.7e+04, ⟨Jf⟩=4.2e-02, ⟨B·n⟩=8.8e-02, Len=sum([3.4, 3.8, 4.7, 4.2, 4.7])=20.9, ϰ=[11.6, 6.0, 10.3, 28.2, 3.3], ∫ϰ²/L>=[10.1, 6.8, 6.2, 13.4, 4.1], C-C-Sep=0.01, ║∇J║=4.0e+00
Iteration 3/2000-----
currents: [100000.0, 99999.99999999997, 99999.99999999997, 99999.99999999999, 99999.99999999999]
J=5.7e-01, ⟨Jf⟩=5.6e-01, ⟨B·n⟩=3.3e-01, Len=sum([3.1, 3.1, 3.1, 3.2, 3.1])=15.7, ϰ=[2.0, 2.0, 2.0, 2.0, 2.0], ∫ϰ²/L>=[4.0, 4.0, 4.0, 4.0, 4.0], C-C-Sep=0.06, ║∇J║=1.7e+00
Iteration 4/2000-----
currents: [100000.0, 99999.99999981155, 99999.99999982331, 99999.99999983408, 99999.99999984106]
J=4.3e-01, ⟨Jf⟩=4.1e-01, ⟨B·n⟩=2.8e-01, Len=sum([3.1, 3.1, 3.2, 3.2, 3.2])=15.8, ϰ=[2.3, 3.0, 3.3, 3.4, 3.6], ∫ϰ²/L>=[4.1, 4.2, 4.6, 4.4, 4.6], C-C-Sep=0.02, ║∇J║=1.5e+00
Iteration 5/2000-----
currents: [100000.0, 99999.99999938293, 99999.99999943412, 99999.99999946459, 99999.99999949467]
J=4.0e+02, ⟨Jf⟩=2.0e-01, ⟨B·n⟩=2.0e-01, Len=sum([3.1, 3.2, 3.4, 3.4, 3.5])=16.6, ϰ=[7.3, 12.3, 8.9, 8.9, 6.2], ∫ϰ²/L>=[7.4, 9.9, 9.7, 8.0, 6.7], C-C-Sep=0.01, ║∇J║=2.7e+00
Iteration 6/2000-----
currents: [100000.0, 99999.9999998115, 99999.99999982325, 99999.99999983404, 99999.99999984102]
J=4.3e-01, ⟨Jf⟩=4.1e-01, ⟨B·n⟩=2.8e-01, Len=sum([3.1, 3.1, 3.2, 3.2, 3.2])=15.8, ϰ=[2.3, 3.0, 3.3, 3.4, 3.6], ∫ϰ²/L>=[4.1, 4.2, 4.6, 4.4, 4.6], C-C-Sep=0.02, ║∇J║=1.5e+00
Iteration 7/2000-----
currents: [100000.0, 99999.99999964792, 99999.99999967474, 99999.99999969303, 99999.99999970883]
J=3.4e-01, ⟨Jf⟩=3.1e-01, ⟨B·n⟩=2.5e-01, Len=sum([3.1, 3.1, 3.2, 3.2, 3.3])=16.0, ϰ=[2.8, 3.7, 3.9, 3.6, 3.8], ∫ϰ²/L>=[4.5, 5.3, 5.7, 5.1, 5.2], C-C-Sep=0.03, ║∇J║=1.3e+00
Iteration 8/2000-----
currents: [100000.0, 99999.99999914541, 99999.99999922176, 99999.99999926424, 99999.99999930689]
J=4.0e+02, ⟨Jf⟩=1.3e-01, ⟨B·n⟩=1.6e-01, Len=sum([3.2, 3.4, 3.5, 3.5, 3.6])=17.2, ϰ=[11.8, 11.8, 15.0, 11.6, 4.4], ∫ϰ²/L>=[10.5, 13.6, 13.0, 8.4, 5.8], C-C-Sep=0.02, ║∇J║=2.2e+00
Iteration 9/2000-----
currents: [100000.0, 99999.99999964786, 99999.99999967468, 99999.99999969298, 99999.99999970879]
J=3.4e-01, ⟨Jf⟩=3.1e-01, ⟨B·n⟩=2.5e-01, Len=sum([3.1, 3.1, 3.2, 3.2, 3.3])=16.0, ϰ=[2.8, 3.7, 3.9, 3.6, 3.8], ∫ϰ²/L>=[4.5, 5.3, 5.7, 5.1, 5.2], C-C-Sep=0.03, ║∇J║=1.3e+00
Iteration 10/2000-----
currents: [100000.0, 99999.99999942878, 99999.9999994772, 99999.99999950604, 99999.99999953355]
J=4.0e+02, ⟨Jf⟩=2.2e-01, ⟨B·n⟩=2.1e-01, Len=sum([3.1, 3.2, 3.3, 3.3, 3.4])=16.4, ϰ=[4.7, 6.9, 7.9, 5.7, 4.3], ∫ϰ²/L>=[5.9, 7.4, 8.2, 6.3, 5.5], C-C-Sep=0.01, ║∇J║=1.3e+00
Iteration 11/2000-----
currents: [100000.0, 99999.99999964784, 99999.99999967468, 99999.99999969297, 99999.99999970877]
J=3.4e-01, ⟨Jf⟩=3.1e-01, ⟨B·n⟩=2.5e-01, Len=sum([3.1, 3.1, 3.2, 3.2, 3.3])=16.0, ϰ=[2.8, 3.7, 3.9, 3.6, 3.8], ∫ϰ²/L>=[4.5, 5.3, 5.7, 5.1, 5.2], C-C-Sep=0.03, ║∇J║=1.3e+00
Iteration 12/2000-----
currents: [100000.0, 99999.99999950326, 99999.99999954434, 99999.9999995696, 99999.99999959313]
J=2.7e-01, ⟨Jf⟩=2.5e-01, ⟨B·n⟩=2.2e-01, Len=sum([3.1, 3.2, 3.3, 3.3, 3.4])=16.2, ϰ=[3.4, 5.6, 6.2, 4.3, 4.2], ∫ϰ²/L>=[5.2, 6.3, 7.1, 5.8, 5.4], C-C-Sep=0.02, ║∇J║=1.4e+00
Iteration 13/2000-----
currents: [100000.0, 99999.99999905177, 99999.9999991404, 99999.9999991874, 99999.99999923486]
J=1.6e-01, ⟨Jf⟩=9.8e-02, ⟨B·n⟩=1.4e-01, Len=sum([3.2, 3.3, 3.6, 3.6, 3.7])=17.3, ϰ=[9.5, 18.0, 11.7, 12.2, 4.3], ∫ϰ²/L>=[12.1, 12.5, 11.1, 9.2, 5.8], C-C-Sep=0.01, ║∇J║=1.4e+00
Iteration 14/2000-----
currents: [100000.0, 99999.99999858612, 99999.99999873317, 99999.99999879944, 99999.99999886815]
J=2.4e+03, ⟨Jf⟩=1.9e-02, ⟨B·n⟩=6.3e-02, Len=sum([3.4, 4.0, 4.0, 3.9, 3.9])=19.2, ϰ=[20.4, 82.5, 26.7, 21.2, 12.0], ∫ϰ²/L>=[23.6, 82.3, 28.1, 24.2, 13.7], C-C-Sep=0.01, ║∇J║=1.8e+00
Iteration 15/2000-----
currents: [100000.0, 99999.99999905177, 99999.9999991404, 99999.9999991874, 99999.99999923486]
J=1.6e-01, ⟨Jf⟩=9.8e-02, ⟨B·n⟩=1.4e-01, Len=sum([3.2, 3.3, 3.6, 3.6, 3.7])=17.3, ϰ=[9.5, 18.0, 11.7, 12.2, 4.3], ∫ϰ²/L>=[12.1, 12.5, 11.1, 9.2, 5.8], C-C-Sep=0.01, ║∇J║=1.4e+00
Iteration 16/2000-----
currents: [100000.0, 99999.99999896674, 99999.99999906604, 99999.99999911657, 99999.99999916789]
J=1.4e-01, ⟨Jf⟩=7.6e-02, ⟨B·n⟩=1.3e-01, Len=sum([3.2, 3.4, 3.6, 3.6, 3.7])=17.5, ϰ=[10.1, 10.5, 11.1, 13.0, 5.4], ∫ϰ²/L>=[13.5, 10.3, 11.3, 9.2, 5.9], C-C-Sep=0.02, ║∇J║=1.2e+00
Iteration 17/2000-----
currents: [100000.0, 99999.99999887077, 99999.99999898658, 99999.99999903966, 99999.99999909458]
J=1.1e-01, ⟨Jf⟩=5.0e-02, ⟨B·n⟩=1.0e-01, Len=sum([3.2, 3.4, 3.7, 3.6, 3.7])=17.6, ϰ=[13.7, 23.8, 15.8, 12.1, 8.3], ∫ϰ²/L>=[17.7, 28.4, 17.6, 13.5, 10.7], C-C-Sep=0.05, ║∇J║=7.4e-01
Iteration 18/2000-----
currents: [100000.0, 99999.99999864888, 99999.99999879954, 99999.9999988586, 99999.9999989218]
J=8.6e-02, ⟨Jf⟩=1.9e-02, ⟨B·n⟩=6.3e-02, Len=sum([3.4, 3.6, 3.8, 3.7, 3.7])=18.2, ϰ=[24.3, 27.6, 22.1, 15.8, 11.1], ∫ϰ²/L>=[31.4, 43.6, 26.3, 16.8, 13.2], C-C-Sep=0.05, ║∇J║=9.7e-01
Iteration 19/2000-----
currents: [100000.0, 99999.99999857745, 99999.9999987499, 99999.99999880677, 99999.99999887013]
J=7.6e-02, ⟨Jf⟩=2.1e-02, ⟨B·n⟩=6.1e-02, Len=sum([3.4, 3.8, 3.8, 3.7, 3.7])=18.3, ϰ=[31.2, 30.4, 46.2, 19.9, 19.7], ∫ϰ²/L>=[48.9, 59.0, 60.0, 19.7, 37.0], C-C-Sep=0.06, ║∇J║=1.2e+00
Iteration 20/2000-----
currents: [100000.0, 99999.99999873737, 99999.99999889368, 99999.99999894356, 99999.99999899868]
J=5.9e-02, ⟨Jf⟩=2.3e-02, ⟨B·n⟩=6.9e-02, Len=sum([3.3, 3.6, 3.6, 3.5, 3.5])=17.5, ϰ=[52.9, 31.1, 52.5, 17.8, 20.6], ∫ϰ²/L>=[78.7, 63.4, 74.5, 20.2, 36.7], C-C-Sep=0.04, ║∇J║=7.7e-01
Iteration 21/2000-----
currents: [100000.0, 99999.99999870788, 99999.99999887172, 99999.99999892087, 99999.99999897587]
J=4.8e-02, ⟨Jf⟩=1.9e-02, ⟨B·n⟩=6.3e-02, Len=sum([3.3, 3.5, 3.6, 3.5, 3.4])=17.3, ϰ=[42.1, 54.1, 50.9, 11.2, 11.8], ∫ϰ²/L>=[65.4, 75.4, 79.1, 18.5, 20.6], C-C-Sep=0.07, ║∇J║=4.4e-01
Iteration 22/2000-----
currents: [100000.0, 99999.99999866987, 99999.99999884356, 99999.99999889218, 99999.9999989472]
J=4.1e-02, ⟨Jf⟩=1.5e-02, ⟨B·n⟩=5.7e-02, Len=sum([3.3, 3.5, 3.7, 3.5, 3.4])=17.3, ϰ=[34.9, 31.1, 50.5, 13.0, 15.2], ∫ϰ²/L>=[61.2, 73.8, 92.0, 19.3, 18.0], C-C-Sep=0.07, ║∇J║=3.5e-01
Iteration 23/2000-----
currents: [100000.0, 99999.99999861328, 99999.99999880443, 99999.99999885216, 99999.99999890577]
J=3.4e-02, ⟨Jf⟩=1.2e-02, ⟨B·n⟩=4.9e-02, Len=sum([3.4, 3.4, 3.7, 3.4, 3.3])=17.2, ϰ=[23.3, 35.0, 52.4, 18.3, 17.9], ∫ϰ²/L>=[61.6, 85.6, 130.7, 25.1, 34.2], C-C-Sep=0.04, ║∇J║=5.1e-01
Iteration 24/2000-----
currents: [100000.0, 99999.99999861282, 99999.99999880818, 99999.99999885565, 99999.99999890724]
J=2.9e-02, ⟨Jf⟩=1.1e-02, ⟨B·n⟩=4.6e-02, Len=sum([3.3, 3.3, 3.7, 3.4, 3.3])=17.0, ϰ=[23.0, 32.3, 49.4, 17.3, 18.6], ∫ϰ²/L>=[58.6, 79.1, 142.5, 28.4, 36.4], C-C-Sep=0.07, ║∇J║=3.2e-01
Iteration 25/2000-----
currents: [100000.0, 99999.99999862019, 99999.99999881805, 99999.99999886527, 99999.99999891475]
J=2.5e-02, ⟨Jf⟩=1.0e-02, ⟨B·n⟩=4.5e-02, Len=sum([3.3, 3.3, 3.6, 3.3, 3.2])=16.7, ϰ=[22.6, 27.9, 44.4, 20.6, 16.2], ∫ϰ²/L>=[54.7, 74.0, 138.4, 33.2, 34.5], C-C-Sep=0.07, ║∇J║=2.4e-01
Iteration 26/2000-----
currents: [100000.0, 99999.99999860571, 99999.99999881309, 99999.99999886134, 99999.99999890718]
J=2.1e-02, ⟨Jf⟩=8.7e-03, ⟨B·n⟩=4.1e-02, Len=sum([3.2, 3.2, 3.4, 3.2, 3.2])=16.2, ϰ=[21.6, 40.0, 33.2, 23.0, 18.5], ∫ϰ²/L>=[53.7, 69.5, 111.6, 46.9, 33.1], C-C-Sep=0.07, ║∇J║=3.2e-01
Iteration 27/2000-----
currents: [100000.0, 99999.99999858644, 99999.99999879967, 99999.99999885005, 99999.99999889416]
J=1.9e-02, ⟨Jf⟩=7.9e-03, ⟨B·n⟩=3.8e-02, Len=sum([3.2, 3.1, 3.3, 3.2, 3.1])=15.9, ϰ=[24.6, 53.1, 31.9, 22.1, 13.2], ∫ϰ²/L>=[55.2, 65.9, 91.9, 51.5, 35.1], C-C-Sep=0.07, ║∇J║=3.9e-01
Iteration 28/2000-----
currents: [100000.0, 99999.99999858119, 99999.99999879368, 99999.99999884483, 99999.99999888954]
J=1.7e-02, ⟨Jf⟩=7.6e-03, ⟨B·n⟩=3.8e-02, Len=sum([3.2, 3.1, 3.3, 3.2, 3.1])=15.8, ϰ=[24.5, 37.0, 28.9, 20.4, 11.9], ∫ϰ²/L>=[51.2, 53.3, 81.3, 45.0, 29.1], C-C-Sep=0.08, ║∇J║=1.9e-01
Iteration 29/2000-----
currents: [100000.0, 99999.9999985615, 99999.99999877665, 99999.99999882949, 99999.99999887431]
J=1.5e-02, ⟨Jf⟩=7.0e-03, ⟨B·n⟩=3.6e-02, Len=sum([3.2, 3.0, 3.2, 3.1, 3.1])=15.7, ϰ=[23.4, 28.0, 25.8, 18.0, 11.3], ∫ϰ²/L>=[48.3, 45.5, 71.5, 38.9, 26.2], C-C-Sep=0.07, ║∇J║=1.7e-01
Iteration 30/2000-----
currents: [100000.0, 99999.99999854542, 99999.99999876283, 99999.99999881697, 99999.99999886169]
J=1.3e-02, ⟨Jf⟩=6.3e-03, ⟨B·n⟩=3.5e-02, Len=sum([3.1, 3.0, 3.2, 3.1, 3.1])=15.5, ϰ=[20.8, 22.8, 25.4, 15.0, 9.7], ∫ϰ²/L>=[46.7, 42.1, 63.6, 30.7, 23.0], C-C-Sep=0.07, ║∇J║=1.9e-01
Iteration 31/2000-----
currents: [100000.0, 99999.99999850568, 99999.99999873126, 99999.99999878669, 99999.9999988305]
J=1.2e-02, ⟨Jf⟩=5.1e-03, ⟨B·n⟩=3.2e-02, Len=sum([3.1, 3.0, 3.2, 3.0, 3.0])=15.3, ϰ=[23.1, 24.7, 28.1, 11.4, 8.9], ∫ϰ²/L>=[60.0, 54.1, 62.1, 25.7, 24.0], C-C-Sep=0.06, ║∇J║=4.1e-01
Iteration 32/2000-----
currents: [100000.0, 99999.99999850507, 99999.99999873158, 99999.99999878622, 99999.99999882959]
J=1.0e-02, ⟨Jf⟩=4.7e-03, ⟨B·n⟩=3.1e-02, Len=sum([3.1, 3.0, 3.2, 3.0, 3.0])=15.2, ϰ=[21.9, 23.6, 24.0, 10.4, 8.3], ∫ϰ²/L>=[54.8, 46.8, 55.0, 23.8, 21.9], C-C-Sep=0.07, ║∇J║=1.6e-01
Iteration 33/2000-----
currents: [100000.0, 99999.9999985109, 99999.99999873764, 99999.99999879097, 99999.99999883394]
J=9.2e-03, ⟨Jf⟩=4.7e-03, ⟨B·n⟩=3.1e-02, Len=sum([3.0, 2.9, 3.1, 3.0, 3.0])=15.0, ϰ=[23.3, 18.2, 20.6, 9.5, 7.7], ∫ϰ²/L>=[48.7, 30.5, 42.4, 19.8, 16.8], C-C-Sep=0.08, ║∇J║=1.1e-01
Iteration 34/2000-----
currents: [100000.0, 99999.99999850003, 99999.99999873174, 99999.99999878311, 99999.99999882454]
J=8.0e-03, ⟨Jf⟩=4.1e-03, ⟨B·n⟩=2.8e-02, Len=sum([3.0, 2.9, 3.1, 2.9, 2.9])=14.8, ϰ=[22.7, 12.0, 17.1, 9.2, 8.2], ∫ϰ²/L>=[49.1, 27.4, 38.7, 17.9, 14.4], C-C-Sep=0.08, ║∇J║=1.5e-01
Iteration 35/2000-----
currents: [100000.0, 99999.99999848478, 99999.99999872035, 99999.99999876946, 99999.99999881003]
J=7.2e-03, ⟨Jf⟩=3.4e-03, ⟨B·n⟩=2.6e-02, Len=sum([3.0, 2.8, 3.1, 2.9, 2.9])=14.6, ϰ=[21.7, 17.3, 17.4, 8.6, 9.2], ∫ϰ²/L>=[55.1, 40.2, 46.4, 18.6, 17.3], C-C-Sep=0.08, ║∇J║=1.9e-01
Iteration 36/2000-----
currents: [100000.0, 99999.99999847944, 99999.99999871498, 99999.99999876354, 99999.99999880411]
J=6.3e-03, ⟨Jf⟩=3.2e-03, ⟨B·n⟩=2.5e-02, Len=sum([2.9, 2.8, 3.1, 2.9, 2.9])=14.5, ϰ=[21.7, 17.1, 16.8, 8.4, 9.5], ∫ϰ²/L>=[54.8, 33.1, 45.6, 17.1, 17.0], C-C-Sep=0.08, ║∇J║=1.1e-01
Iteration 37/2000-----
currents: [100000.0, 99999.99999846598, 99999.99999870268, 99999.99999875073, 99999.9999987909]
J=5.5e-03, ⟨Jf⟩=2.8e-03, ⟨B·n⟩=2.3e-02, Len=sum([2.9, 2.8, 3.0, 2.8, 2.8])=14.4, ϰ=[23.1, 13.1, 15.0, 8.4, 9.9], ∫ϰ²/L>=[54.4, 25.8, 45.6, 15.9, 17.0], C-C-Sep=0.08, ║∇J║=1.1e-01
Iteration 38/2000-----
currents: [100000.0, 99999.99999845088, 99999.99999868916, 99999.99999873643, 99999.99999877575]
J=4.9e-03, ⟨Jf⟩=2.5e-03, ⟨B·n⟩=2.1e-02, Len=sum([2.9, 2.8, 3.0, 2.8, 2.8])=14.2, ϰ=[21.3, 13.7, 16.6, 8.7, 9.9], ∫ϰ²/L>=[52.3, 27.8, 45.5, 16.4, 17.1], C-C-Sep=0.08, ║∇J║=1.4e-01
Iteration 39/2000-----
currents: [100000.0, 99999.99999843459, 99999.99999867486, 99999.99999872137, 99999.99999875925]
J=4.2e-03, ⟨Jf⟩=2.1e-03, ⟨B·n⟩=2.0e-02, Len=sum([2.8, 2.7, 3.0, 2.8, 2.8])=14.0, ϰ=[21.7, 14.9, 17.5, 8.1, 8.4], ∫ϰ²/L>=[50.2, 38.1, 45.2, 18.3, 16.9], C-C-Sep=0.08, ║∇J║=1.1e-01
Iteration 40/2000-----
currents: [100000.0, 99999.99999842557, 99999.9999986672, 99999.99999871329, 99999.99999874993]
J=3.7e-03, ⟨Jf⟩=1.9e-03, ⟨B·n⟩=1.9e-02, Len=sum([2.8, 2.7, 2.9, 2.7, 2.7])=13.9, ϰ=[23.9, 13.3, 16.4, 9.0, 8.0], ∫ϰ²/L>=[48.3, 37.1, 42.7, 18.7, 16.2], C-C-Sep=0.08, ║∇J║=9.1e-02
Iteration 41/2000-----
currents: [100000.0, 99999.99999841726, 99999.99999866012, 99999.99999870577, 99999.99999874114]
J=3.3e-03, ⟨Jf⟩=1.8e-03, ⟨B·n⟩=1.8e-02, Len=sum([2.7, 2.7, 2.9, 2.7, 2.7])=13.7, ϰ=[24.9, 11.6, 16.0, 9.1, 7.8], ∫ϰ²/L>=[46.0, 31.2, 41.1, 18.9, 15.7], C-C-Sep=0.08, ║∇J║=8.5e-02
Iteration 42/2000-----
currents: [100000.0, 99999.99999840712, 99999.99999865034, 99999.99999869568, 99999.9999987296]
J=3.0e-03, ⟨Jf⟩=1.6e-03, ⟨B·n⟩=1.7e-02, Len=sum([2.7, 2.6, 2.9, 2.7, 2.7])=13.5, ϰ=[22.3, 12.8, 14.5, 8.9, 8.3], ∫ϰ²/L>=[43.6, 32.0, 40.5, 20.2, 15.8], C-C-Sep=0.08, ║∇J║=1.1e-01
Iteration 43/2000-----
currents: [100000.0, 99999.99999840016, 99999.9999986426, 99999.99999868784, 99999.99999872068]
J=2.6e-03, ⟨Jf⟩=1.5e-03, ⟨B·n⟩=1.7e-02, Len=sum([2.7, 2.6, 2.8, 2.6, 2.6])=13.4, ϰ=[18.5, 14.3, 13.7, 9.7, 8.6], ∫ϰ²/L>=[43.5, 39.7, 42.1, 22.7, 16.5], C-C-Sep=0.08, ║∇J║=8.0e-02
Iteration 44/2000-----
currents: [100000.0, 99999.99999839775, 99999.99999863886, 99999.99999868429, 99999.99999871678]
J=2.4e-03, ⟨Jf⟩=1.4e-03, ⟨B·n⟩=1.6e-02, Len=sum([2.7, 2.6, 2.8, 2.6, 2.6])=13.4, ϰ=[18.8, 14.4, 14.3, 9.9, 8.5], ∫ϰ²/L>=[42.8, 39.6, 41.0, 23.6, 16.2], C-C-Sep=0.08, ║∇J║=6.4e-02
Iteration 45/2000-----
currents: [100000.0, 99999.99999839206, 99999.99999863167, 99999.99999867729, 99999.99999870898]
J=2.1e-03, ⟨Jf⟩=1.3e-03, ⟨B·n⟩=1.5e-02, Len=sum([2.6, 2.6, 2.8, 2.6, 2.6])=13.3, ϰ=[20.3, 15.4, 15.2, 11.7, 8.6], ∫ϰ²/L>=[44.1, 36.3, 42.3, 27.3, 17.1], C-C-Sep=0.08, ║∇J║=6.9e-02
Iteration 46/2000-----
currents: [100000.0, 99999.99999838727, 99999.9999986255, 99999.99999867125, 99999.9999987019]
J=1.9e-03, ⟨Jf⟩=1.2e-03, ⟨B·n⟩=1.4e-02, Len=sum([2.6, 2.6, 2.8, 2.6, 2.6])=13.2, ϰ=[22.5, 14.8, 16.7, 14.0, 8.6], ∫ϰ²/L>=[44.4, 36.4, 45.8, 31.0, 17.7], C-C-Sep=0.08, ║∇J║=8.3e-02
Iteration 47/2000-----
currents: [100000.0, 99999.99999838891, 99999.99999862624, 99999.99999867214, 99999.99999870242]
J=1.8e-03, ⟨Jf⟩=1.1e-03, ⟨B·n⟩=1.4e-02, Len=sum([2.6, 2.6, 2.8, 2.6, 2.6])=13.2, ϰ=[20.8, 14.3, 15.9, 13.6, 8.5], ∫ϰ²/L>=[40.4, 36.8, 45.2, 30.0, 17.0], C-C-Sep=0.08, ║∇J║=5.0e-02
Iteration 48/2000-----
currents: [100000.0, 99999.99999838843, 99999.99999862489, 99999.99999867084, 99999.99999870041]
J=1.6e-03, ⟨Jf⟩=1.1e-03, ⟨B·n⟩=1.4e-02, Len=sum([2.6, 2.6, 2.8, 2.6, 2.6])=13.1, ϰ=[18.4, 13.6, 15.5, 13.2, 8.1], ∫ϰ²/L>=[37.3, 37.7, 45.1, 29.0, 16.7], C-C-Sep=0.08, ║∇J║=4.3e-02
Iteration 49/2000-----
currents: [100000.0, 99999.99999838852, 99999.99999862339, 99999.99999866965, 99999.99999869858]
J=1.5e-03, ⟨Jf⟩=1.0e-03, ⟨B·n⟩=1.4e-02, Len=sum([2.6, 2.6, 2.8, 2.5, 2.6])=13.0, ϰ=[15.8, 13.3, 14.1, 12.8, 7.5], ∫ϰ²/L>=[34.5, 36.3, 43.5, 27.1, 15.8], C-C-Sep=0.08, ║∇J║=5.0e-02
Iteration 50/2000-----
currents: [100000.0, 99999.99999838846, 99999.99999862017, 99999.99999866712, 99999.9999986952]
J=1.4e-03, ⟨Jf⟩=9.8e-04, ⟨B·n⟩=1.4e-02, Len=sum([2.6, 2.6, 2.8, 2.5, 2.5])=13.0, ϰ=[17.8, 12.7, 12.1, 11.0, 7.2], ∫ϰ²/L>=[36.8, 34.1, 41.1, 25.6, 15.5], C-C-Sep=0.07, ║∇J║=6.8e-02
Iteration 51/2000-----
currents: [100000.0, 99999.9999983874, 99999.99999861776, 99999.9999986652, 99999.99999869318]
J=1.3e-03, ⟨Jf⟩=9.5e-04, ⟨B·n⟩=1.3e-02, Len=sum([2.6, 2.6, 2.8, 2.5, 2.5])=13.0, ϰ=[17.9, 12.9, 11.9, 10.3, 7.0], ∫ϰ²/L>=[37.8, 31.3, 37.5, 23.8, 15.1], C-C-Sep=0.08, ║∇J║=4.0e-02
Iteration 52/2000-----
currents: [100000.0, 99999.99999838514, 99999.99999861358, 99999.99999866157, 99999.99999868919]
J=1.2e-03, ⟨Jf⟩=9.0e-04, ⟨B·n⟩=1.3e-02, Len=sum([2.6, 2.6, 2.7, 2.5, 2.5])=12.9, ϰ=[18.2, 12.7, 12.5, 9.5, 7.1], ∫ϰ²/L>=[40.5, 29.3, 35.9, 22.4, 15.3], C-C-Sep=0.08, ║∇J║=3.8e-02
Iteration 53/2000-----
currents: [100000.0, 99999.99999838378, 99999.99999860965, 99999.99999865846, 99999.99999868563]
J=1.2e-03, ⟨Jf⟩=8.5e-04, ⟨B·n⟩=1.3e-02, Len=sum([2.6, 2.5, 2.7, 2.5, 2.5])=12.9, ϰ=[18.1, 11.7, 12.7, 9.7, 7.5], ∫ϰ²/L>=[42.8, 26.9, 34.0, 21.8, 15.6], C-C-Sep=0.08, ║∇J║=5.0e-02
Iteration 54/2000-----
currents: [100000.0, 99999.99999838248, 99999.99999860527, 99999.9999986549, 99999.99999868128]
J=1.1e-03, ⟨Jf⟩=7.8e-04, ⟨B·n⟩=1.2e-02, Len=sum([2.5, 2.5, 2.7, 2.5, 2.5])=12.8, ϰ=[16.5, 10.1, 11.6, 10.7, 7.9], ∫ϰ²/L>=[45.2, 27.3, 33.5, 24.3, 17.0], C-C-Sep=0.08, ║∇J║=5.0e-02
Iteration 55/2000-----
currents: [100000.0, 99999.9999983812, 99999.99999860271, 99999.99999865258, 99999.99999867841]
J=9.9e-04, ⟨Jf⟩=7.6e-04, ⟨B·n⟩=1.2e-02, Len=sum([2.5, 2.5, 2.7, 2.5, 2.5])=12.8, ϰ=[15.0, 10.0, 10.9, 10.9, 8.0], ∫ϰ²/L>=[41.9, 26.8, 32.5, 25.4, 17.6], C-C-Sep=0.08, ║∇J║=3.5e-02
Iteration 56/2000-----
currents: [100000.0, 99999.9999983827, 99999.99999860152, 99999.99999865184, 99999.99999867707]
J=9.1e-04, ⟨Jf⟩=7.2e-04, ⟨B·n⟩=1.2e-02, Len=sum([2.5, 2.5, 2.7, 2.5, 2.5])=12.8, ϰ=[14.9, 10.2, 10.1, 10.5, 8.0], ∫ϰ²/L>=[38.5, 24.6, 31.4, 26.9, 19.2], C-C-Sep=0.08, ║∇J║=3.6e-02
Iteration 57/2000-----
currents: [100000.0, 99999.99999838119, 99999.99999859736, 99999.99999864797, 99999.99999867253]
J=8.5e-04, ⟨Jf⟩=6.8e-04, ⟨B·n⟩=1.1e-02, Len=sum([2.5, 2.5, 2.7, 2.5, 2.5])=12.7, ϰ=[15.1, 9.8, 11.3, 9.9, 8.8], ∫ϰ²/L>=[35.7, 22.5, 31.4, 27.4, 20.3], C-C-Sep=0.08, ║∇J║=4.9e-02
Iteration 58/2000-----
currents: [100000.0, 99999.99999838178, 99999.99999859603, 99999.9999986467, 99999.99999867115]
J=8.0e-04, ⟨Jf⟩=6.5e-04, ⟨B·n⟩=1.1e-02, Len=sum([2.5, 2.5, 2.7, 2.5, 2.5])=12.7, ϰ=[14.5, 10.1, 12.0, 10.3, 9.0], ∫ϰ²/L>=[34.9, 20.4, 30.9, 26.7, 20.3], C-C-Sep=0.08, ║∇J║=3.1e-02
Iteration 59/2000-----
currents: [100000.0, 99999.99999838273, 99999.99999859491, 99999.99999864555, 99999.99999867003]
J=7.5e-04, ⟨Jf⟩=6.2e-04, ⟨B·n⟩=1.0e-02, Len=sum([2.5, 2.5, 2.7, 2.5, 2.5])=12.7, ϰ=[13.1, 10.1, 11.8, 10.5, 8.8], ∫ϰ²/L>=[35.3, 18.5, 29.7, 25.7, 19.9], C-C-Sep=0.08, ║∇J║=2.7e-02
Iteration 60/2000-----
currents: [100000.0, 99999.99999838145, 99999.99999859114, 99999.99999864158, 99999.99999866572]
J=7.1e-04, ⟨Jf⟩=5.8e-04, ⟨B·n⟩=1.0e-02, Len=sum([2.5, 2.5, 2.7, 2.5, 2.5])=12.7, ϰ=[12.6, 10.2, 11.1, 10.3, 8.7], ∫ϰ²/L>=[36.4, 18.1, 28.9, 25.4, 19.8], C-C-Sep=0.08, ║∇J║=3.3e-02
Iteration 61/2000-----
currents: [100000.0, 99999.99999838186, 99999.99999858861, 99999.99999863835, 99999.9999986623]
J=6.6e-04, ⟨Jf⟩=5.4e-04, ⟨B·n⟩=9.6e-03, Len=sum([2.5, 2.5, 2.7, 2.5, 2.5])=12.7, ϰ=[13.0, 9.9, 9.7, 9.7, 7.9], ∫ϰ²/L>=[38.1, 18.6, 27.2, 24.2, 19.0], C-C-Sep=0.08, ║∇J║=3.4e-02
Iteration 62/2000-----
currents: [100000.0, 99999.9999983813, 99999.99999858573, 99999.9999986349, 99999.9999986584]
J=6.3e-04, ⟨Jf⟩=5.1e-04, ⟨B·n⟩=9.4e-03, Len=sum([2.5, 2.5, 2.7, 2.5, 2.5])=12.6, ϰ=[12.4, 9.8, 9.9, 9.3, 8.1], ∫ϰ²/L>=[37.7, 19.8, 26.7, 23.9, 19.0], C-C-Sep=0.08, ║∇J║=3.4e-02
Iteration 63/2000-----
currents: [100000.0, 99999.99999838107, 99999.99999858502, 99999.99999863372, 99999.99999865708]
J=6.0e-04, ⟨Jf⟩=5.0e-04, ⟨B·n⟩=9.3e-03, Len=sum([2.5, 2.5, 2.7, 2.5, 2.5])=12.6, ϰ=[11.4, 9.6, 9.5, 8.7, 7.8], ∫ϰ²/L>=[35.1, 19.4, 25.2, 23.5, 18.6], C-C-Sep=0.08, ║∇J║=2.5e-02
Iteration 64/2000-----
currents: [100000.0, 99999.99999838132, 99999.99999858298, 99999.99999863094, 99999.99999865399]
J=5.6e-04, ⟨Jf⟩=4.8e-04, ⟨B·n⟩=9.1e-03, Len=sum([2.5, 2.5, 2.7, 2.5, 2.5])=12.6, ϰ=[10.8, 9.4, 9.1, 9.3, 8.2], ∫ϰ²/L>=[33.1, 19.6, 23.5, 23.7, 18.5], C-C-Sep=0.08, ║∇J║=2.5e-02
Iteration 65/2000-----
currents: [100000.0, 99999.99999838218, 99999.99999858122, 99999.9999986281, 99999.99999865107]
J=5.3e-04, ⟨Jf⟩=4.5e-04, ⟨B·n⟩=8.6e-03, Len=sum([2.4, 2.5, 2.6, 2.5, 2.5])=12.6, ϰ=[10.7, 9.4, 8.8, 10.4, 9.3], ∫ϰ²/L>=[31.5, 20.3, 21.9, 23.9, 18.2], C-C-Sep=0.08, ║∇J║=3.3e-02
Iteration 66/2000-----
currents: [100000.0, 99999.9999983813, 99999.99999857714, 99999.99999862327, 99999.9999986459]
J=5.1e-04, ⟨Jf⟩=4.2e-04, ⟨B·n⟩=8.4e-03, Len=sum([2.4, 2.5, 2.6, 2.5, 2.5])=12.5, ϰ=[11.5, 10.2, 8.7, 10.8, 9.9], ∫ϰ²/L>=[32.4, 22.0, 22.3, 24.8, 18.8], C-C-Sep=0.08, ║∇J║=2.5e-02
Iteration 67/2000-----
currents: [100000.0, 99999.99999838162, 99999.99999857419, 99999.99999861918, 99999.99999864181]
J=4.8e-04, ⟨Jf⟩=4.0e-04, ⟨B·n⟩=7.9e-03, Len=sum([2.4, 2.5, 2.6, 2.5, 2.5])=12.5, ϰ=[12.0, 11.0, 8.5, 11.1, 10.3], ∫ϰ²/L>=[33.4, 23.6, 22.4, 25.7, 19.1], C-C-Sep=0.08, ║∇J║=2.4e-02
Iteration 68/2000-----
currents: [100000.0, 99999.99999838015, 99999.9999985697, 99999.9999986137, 99999.99999863599]
J=4.5e-04, ⟨Jf⟩=3.8e-04, ⟨B·n⟩=7.7e-03, Len=sum([2.4, 2.5, 2.6, 2.5, 2.5])=12.5, ϰ=[12.0, 11.4, 8.4, 10.7, 10.5], ∫ϰ²/L>=[33.8, 24.2, 22.8, 26.6, 19.5], C-C-Sep=0.08, ║∇J║=2.4e-02
Iteration 69/2000-----
currents: [100000.0, 99999.99999838076, 99999.99999856822, 99999.9999986106, 99999.99999863301]
J=4.3e-04, ⟨Jf⟩=3.6e-04, ⟨B·n⟩=7.3e-03, Len=sum([2.4, 2.5, 2.6, 2.5, 2.5])=12.5, ϰ=[11.3, 11.0, 8.3, 10.7, 10.5], ∫ϰ²/L>=[33.4, 23.0, 22.7, 26.6, 19.3], C-C-Sep=0.08, ║∇J║=2.7e-02
Iteration 70/2000-----
currents: [100000.0, 99999.9999983805, 99999.99999856482, 99999.99999860564, 99999.99999862781]
J=4.0e-04, ⟨Jf⟩=3.4e-04, ⟨B·n⟩=7.2e-03, Len=sum([2.4, 2.5, 2.6, 2.5, 2.5])=12.5, ϰ=[11.1, 10.9, 9.1, 10.8, 10.9], ∫ϰ²/L>=[34.4, 22.9, 23.5, 26.9, 20.1], C-C-Sep=0.08, ║∇J║=2.2e-02
Iteration 71/2000-----
currents: [100000.0, 99999.99999838133, 99999.99999856485, 99999.99999860494, 99999.99999862719]
J=3.9e-04, ⟨Jf⟩=3.4e-04, ⟨B·n⟩=7.1e-03, Len=sum([2.4, 2.5, 2.6, 2.5, 2.5])=12.5, ϰ=[11.1, 10.7, 8.9, 10.8, 10.8], ∫ϰ²/L>=[32.7, 21.6, 22.8, 25.9, 19.9], C-C-Sep=0.08, ║∇J║=1.7e-02
Iteration 72/2000-----
currents: [100000.0, 99999.9999983819, 99999.9999985624, 99999.99999860105, 99999.99999862329]
J=3.7e-04, ⟨Jf⟩=3.2e-04, ⟨B·n⟩=6.8e-03, Len=sum([2.4, 2.5, 2.6, 2.5, 2.5])=12.4, ϰ=[11.1, 10.7, 8.9, 11.3, 11.0], ∫ϰ²/L>=[31.8, 21.4, 22.7, 25.8, 20.4], C-C-Sep=0.08, ║∇J║=1.8e-02
Iteration 73/2000-----
currents: [100000.0, 99999.99999838203, 99999.9999985592, 99999.99999859568, 99999.99999861803]
J=3.5e-04, ⟨Jf⟩=3.1e-04, ⟨B·n⟩=6.5e-03, Len=sum([2.4, 2.5, 2.6, 2.5, 2.5])=12.4, ϰ=[11.2, 10.1, 9.1, 11.6, 11.0], ∫ϰ²/L>=[30.8, 21.3, 22.3, 25.6, 20.9], C-C-Sep=0.08, ║∇J║=2.5e-02
Iteration 74/2000-----
currents: [100000.0, 99999.99999838209, 99999.99999855783, 99999.99999859348, 99999.99999861588]
J=3.4e-04, ⟨Jf⟩=3.0e-04, ⟨B·n⟩=6.3e-03, Len=sum([2.4, 2.5, 2.6, 2.5, 2.5])=12.4, ϰ=[11.4, 9.9, 9.4, 11.3, 11.0], ∫ϰ²/L>=[30.1, 21.3, 21.7, 25.3, 20.7], C-C-Sep=0.08, ║∇J║=1.6e-02
Iteration 75/2000-----
currents: [100000.0, 99999.99999838257, 99999.99999855581, 99999.99999859024, 99999.99999861255]
J=3.3e-04, ⟨Jf⟩=2.9e-04, ⟨B·n⟩=6.2e-03, Len=sum([2.4, 2.5, 2.6, 2.5, 2.5])=12.4, ϰ=[11.6, 10.2, 9.9, 10.8, 11.2], ∫ϰ²/L>=[29.6, 21.5, 21.6, 25.2, 20.8], C-C-Sep=0.08, ║∇J║=1.5e-02
Iteration 76/2000-----
currents: [100000.0, 99999.99999838382, 99999.9999985547, 99999.99999858733, 99999.99999860955]
J=3.2e-04, ⟨Jf⟩=2.8e-04, ⟨B·n⟩=6.0e-03, Len=sum([2.4, 2.5, 2.6, 2.5, 2.5])=12.4, ϰ=[12.1, 10.9, 10.0, 11.0, 11.1], ∫ϰ²/L>=[28.5, 21.5, 20.9, 24.7, 20.7], C-C-Sep=0.08, ║∇J║=2.1e-02
Iteration 77/2000-----
currents: [100000.0, 99999.99999838513, 99999.99999855235, 99999.99999858264, 99999.9999986046]
J=3.0e-04, ⟨Jf⟩=2.6e-04, ⟨B·n⟩=5.9e-03, Len=sum([2.4, 2.5, 2.6, 2.5, 2.5])=12.4, ϰ=[12.2, 11.6, 10.0, 11.7, 11.2], ∫ϰ²/L>=[28.3, 22.2, 21.0, 25.0, 21.2], C-C-Sep=0.08, ║∇J║=1.6e-02
Iteration 78/2000-----
currents: [100000.0, 99999.99999838632, 99999.99999855302, 99999.9999985827, 99999.99999860463]
J=2.9e-04, ⟨Jf⟩=2.6e-04, ⟨B·n⟩=5.8e-03, Len=sum([2.4, 2.5, 2.6, 2.5, 2.5])=12.4, ϰ=[11.5, 11.1, 9.7, 11.6, 11.2], ∫ϰ²/L>=[27.0, 21.3, 20.4, 24.4, 20.8], C-C-Sep=0.08, ║∇J║=1.3e-02
Iteration 79/2000-----
currents: [100000.0, 99999.99999838717, 99999.99999855249, 99999.99999858091, 99999.99999860274]
J=2.8e-04, ⟨Jf⟩=2.5e-04, ⟨B·n⟩=5.8e-03, Len=sum([2.4, 2.5, 2.6, 2.5, 2.5])=12.4, ϰ=[10.6, 11.0, 9.3, 11.5, 11.4], ∫ϰ²/L>=[25.9, 20.5, 20.0, 24.0, 20.7], C-C-Sep=0.08, ║∇J║=1.3e-02
Iteration 80/2000-----
currents: [100000.0, 99999.99999838854, 99999.99999855072, 99999.99999857655, 99999.99999859821]
J=2.7e-04, ⟨Jf⟩=2.4e-04, ⟨B·n⟩=5.7e-03, Len=sum([2.4, 2.5, 2.6, 2.5, 2.5])=12.4, ϰ=[9.8, 11.0, 9.1, 12.0, 11.7], ∫ϰ²/L>=[25.7, 20.1, 20.0, 23.9, 20.9], C-C-Sep=0.08, ║∇J║=1.8e-02
Iteration 81/2000-----
currents: [100000.0, 99999.99999839008, 99999.99999854896, 99999.99999857211, 99999.99999859364]
J=2.7e-04, ⟨Jf⟩=2.3e-04, ⟨B·n⟩=5.5e-03, Len=sum([2.4, 2.5, 2.6, 2.5, 2.5])=12.4, ϰ=[9.3, 11.1, 9.3, 12.3, 12.0], ∫ϰ²/L>=[26.9, 20.4, 20.2, 24.2, 21.4], C-C-Sep=0.08, ║∇J║=1.3e-02
Iteration 82/2000-----
currents: [100000.0, 99999.99999839059, 99999.99999854756, 99999.99999856912, 99999.99999859062]
J=2.6e-04, ⟨Jf⟩=2.3e-04, ⟨B·n⟩=5.4e-03, Len=sum([2.4, 2.5, 2.6, 2.5, 2.5])=12.4, ϰ=[9.2, 11.2, 9.5, 12.2, 12.0], ∫ϰ²/L>=[27.5, 20.6, 20.3, 24.3, 21.6], C-C-Sep=0.08, ║∇J║=1.0e-02
Iteration 83/2000-----
currents: [100000.0, 99999.99999839177, 99999.99999854591, 99999.99999856512, 99999.99999858656]
J=2.5e-04, ⟨Jf⟩=2.2e-04, ⟨B·n⟩=5.3e-03, Len=sum([2.4, 2.5, 2.6, 2.5, 2.5])=12.4, ϰ=[9.4, 11.1, 9.6, 12.1, 11.6], ∫ϰ²/L>=[28.1, 20.7, 20.5, 24.4, 21.7], C-C-Sep=0.08, ║∇J║=1.1e-02
Iteration 84/2000-----
currents: [100000.0, 99999.99999839324, 99999.99999854536, 99999.99999856258, 99999.99999858392]
J=2.5e-04, ⟨Jf⟩=2.2e-04, ⟨B·n⟩=5.1e-03, Len=sum([2.4, 2.5, 2.6, 2.5, 2.5])=12.4, ϰ=[9.8, 10.4, 9.4, 11.8, 11.3], ∫ϰ²/L>=[27.6, 20.2, 20.3, 24.0, 21.4], C-C-Sep=0.08, ║∇J║=1.7e-02
Iteration 85/2000-----
currents: [100000.0, 99999.99999839369, 99999.99999854523, 99999.99999856194, 99999.9999985832]
J=2.4e-04, ⟨Jf⟩=2.2e-04, ⟨B·n⟩=5.1e-03, Len=sum([2.4, 2.5, 2.6, 2.5, 2.5])=12.4, ϰ=[9.7, 10.3, 9.2, 11.8, 11.2], ∫ϰ²/L>=[27.1, 19.7, 19.9, 23.7, 21.1], C-C-Sep=0.08, ║∇J║=8.7e-03
Iteration 86/2000-----
currents: [100000.0, 99999.99999839425, 99999.99999854503, 99999.9999985609, 99999.99999858203]
J=2.4e-04, ⟨Jf⟩=2.1e-04, ⟨B·n⟩=5.1e-03, Len=sum([2.4, 2.5, 2.6, 2.5, 2.5])=12.4, ϰ=[9.6, 10.1, 8.8, 11.9, 11.1], ∫ϰ²/L>=[26.1, 19.2, 19.4, 23.2, 20.9], C-C-Sep=0.08, ║∇J║=8.1e-03
Iteration 87/2000-----
currents: [100000.0, 99999.9999983953, 99999.99999854459, 99999.9999985592, 99999.99999858017]
J=2.4e-04, ⟨Jf⟩=2.1e-04, ⟨B·n⟩=5.0e-03, Len=sum([2.4, 2.5, 2.6, 2.5, 2.5])=12.4, ϰ=[9.7, 10.2, 8.7, 11.9, 10.9], ∫ϰ²/L>=[25.5, 18.8, 19.1, 22.8, 20.6], C-C-Sep=0.08, ║∇J║=1.0e-02
Iteration 88/2000-----
currents: [100000.0, 99999.99999839684, 99999.99999854322, 99999.99999855517, 99999.99999857579]
J=2.3e-04, ⟨Jf⟩=2.1e-04, ⟨B·n⟩=4.9e-03, Len=sum([2.4, 2.5, 2.6, 2.5, 2.5])=12.4, ϰ=[9.7, 10.0, 8.7, 11.6, 10.8], ∫ϰ²/L>=[23.7, 18.3, 18.6, 22.0, 20.3], C-C-Sep=0.08, ║∇J║=1.2e-02
Iteration 89/2000-----
currents: [100000.0, 99999.99999839865, 99999.99999854092, 99999.99999854952, 99999.99999856969]
J=2.2e-04, ⟨Jf⟩=2.0e-04, ⟨B·n⟩=4.8e-03, Len=sum([2.3, 2.5, 2.6, 2.5, 2.5])=12.4, ϰ=[9.7, 9.7, 9.1, 11.6, 10.7], ∫ϰ²/L>=[22.5, 18.4, 18.7, 21.7, 20.5], C-C-Sep=0.08, ║∇J║=1.6e-02
Iteration 90/2000-----
currents: [100000.0, 99999.99999839922, 99999.99999854069, 99999.99999854852, 99999.99999856859]
J=2.2e-04, ⟨Jf⟩=2.0e-04, ⟨B·n⟩=4.7e-03, Len=sum([2.3, 2.5, 2.6, 2.5, 2.5])=12.4, ϰ=[9.7, 9.5, 9.3, 11.7, 10.6], ∫ϰ²/L>=[22.1, 18.5, 18.7, 21.5, 20.4], C-C-Sep=0.08, ║∇J║=7.8e-03
Iteration 91/2000-----
currents: [100000.0, 99999.99999839977, 99999.99999853974, 99999.99999854647, 99999.99999856639]
J=2.2e-04, ⟨Jf⟩=2.0e-04, ⟨B·n⟩=4.6e-03, Len=sum([2.3, 2.5, 2.6, 2.5, 2.5])=12.4, ϰ=[9.6, 9.3, 9.3, 11.8, 10.8], ∫ϰ²/L>=[22.0, 18.6, 18.8, 21.6, 20.5], C-C-Sep=0.08, ║∇J║=7.9e-03
Iteration 92/2000-----
currents: [100000.0, 99999.99999840051, 99999.99999853956, 99999.99999854527, 99999.99999856498]
J=2.1e-04, ⟨Jf⟩=1.9e-04, ⟨B·n⟩=4.4e-03, Len=sum([2.3, 2.5, 2.6, 2.5, 2.5])=12.4, ϰ=[9.4, 8.9, 9.4, 11.8, 10.9], ∫ϰ²/L>=[21.6, 18.3, 18.8, 21.4, 20.1], C-C-Sep=0.08, ║∇J║=9.5e-03
Iteration 93/2000-----
currents: [100000.0, 99999.9999984025, 99999.99999853739, 99999.99999853983, 99999.99999855904]
J=2.1e-04, ⟨Jf⟩=1.9e-04, ⟨B·n⟩=4.3e-03, Len=sum([2.3, 2.5, 2.6, 2.5, 2.5])=12.4, ϰ=[9.5, 8.8, 9.8, 11.5, 11.0], ∫ϰ²/L>=[22.4, 18.6, 19.2, 21.6, 20.3], C-C-Sep=0.08, ║∇J║=1.2e-02
Iteration 94/2000-----
currents: [100000.0, 99999.99999840296, 99999.99999853711, 99999.99999853886, 99999.99999855795]
J=2.1e-04, ⟨Jf⟩=1.9e-04, ⟨B·n⟩=4.3e-03, Len=sum([2.3, 2.5, 2.6, 2.5, 2.5])=12.4, ϰ=[9.1, 8.7, 9.8, 11.3, 11.0], ∫ϰ²/L>=[22.3, 18.5, 19.3, 21.6, 20.2], C-C-Sep=0.08, ║∇J║=6.3e-03
Iteration 95/2000-----
currents: [100000.0, 99999.99999840326, 99999.99999853711, 99999.99999853845, 99999.99999855741]
J=2.0e-04, ⟨Jf⟩=1.9e-04, ⟨B·n⟩=4.3e-03, Len=sum([2.3, 2.5, 2.6, 2.5, 2.5])=12.4, ϰ=[8.9, 8.7, 9.7, 11.0, 11.0], ∫ϰ²/L>=[22.0, 18.0, 19.1, 21.4, 20.0], C-C-Sep=0.08, ║∇J║=6.4e-03
Iteration 96/2000-----
currents: [100000.0, 99999.99999840431, 99999.99999853587, 99999.99999853536, 99999.99999855405]
J=2.0e-04, ⟨Jf⟩=1.8e-04, ⟨B·n⟩=4.3e-03, Len=sum([2.3, 2.5, 2.6, 2.5, 2.5])=12.4, ϰ=[9.2, 8.7, 9.9, 10.8, 11.1], ∫ϰ²/L>=[22.0, 17.7, 19.2, 21.2, 20.0], C-C-Sep=0.08, ║∇J║=9.6e-03
Iteration 97/2000-----
currents: [100000.0, 99999.99999840536, 99999.99999853465, 99999.99999853232, 99999.99999855067]
J=2.0e-04, ⟨Jf⟩=1.8e-04, ⟨B·n⟩=4.2e-03, Len=sum([2.3, 2.5, 2.6, 2.5, 2.5])=12.4, ϰ=[9.8, 8.6, 9.9, 10.7, 11.1], ∫ϰ²/L>=[21.9, 17.2, 19.1, 20.8, 20.0], C-C-Sep=0.08, ║∇J║=7.4e-03
Iteration 98/2000-----
currents: [100000.0, 99999.99999840622, 99999.99999853328, 99999.99999852924, 99999.99999854727]
J=2.0e-04, ⟨Jf⟩=1.8e-04, ⟨B·n⟩=4.2e-03, Len=sum([2.3, 2.5, 2.6, 2.5, 2.5])=12.4, ϰ=[10.1, 8.3, 9.8, 10.5, 11.2], ∫ϰ²/L>=[21.5, 16.8, 18.9, 20.4, 20.1], C-C-Sep=0.08, ║∇J║=8.2e-03
Iteration 99/2000-----
currents: [100000.0, 99999.99999840709, 99999.99999853202, 99999.99999852633, 99999.99999854411]
J=1.9e-04, ⟨Jf⟩=1.8e-04, ⟨B·n⟩=4.2e-03, Len=sum([2.3, 2.5, 2.6, 2.5, 2.5])=12.4, ϰ=[10.1, 8.0, 9.8, 10.3, 11.3], ∫ϰ²/L>=[21.1, 16.8, 18.7, 20.1, 20.1], C-C-Sep=0.08, ║∇J║=7.2e-03
Iteration 100/2000-----
currents: [100000.0, 99999.99999840773, 99999.99999853106, 99999.99999852413, 99999.99999854172]
J=1.9e-04, ⟨Jf⟩=1.7e-04, ⟨B·n⟩=4.1e-03, Len=sum([2.3, 2.5, 2.6, 2.5, 2.5])=12.4, ϰ=[9.8, 7.8, 9.8, 10.2, 11.4], ∫ϰ²/L>=[20.4, 16.7, 18.5, 19.8, 20.0], C-C-Sep=0.08, ║∇J║=7.3e-03
Iteration 101/2000-----
currents: [100000.0, 99999.99999840921, 99999.99999852886, 99999.99999851923, 99999.99999853643]
J=1.9e-04, ⟨Jf⟩=1.7e-04, ⟨B·n⟩=4.1e-03, Len=sum([2.3, 2.5, 2.6, 2.5, 2.5])=12.4, ϰ=[9.4, 7.8, 9.5, 9.9, 11.4], ∫ϰ²/L>=[19.5, 16.7, 18.1, 19.6, 19.8], C-C-Sep=0.08, ║∇J║=1.0e-02
Iteration 102/2000-----
currents: [100000.0, 99999.99999841017, 99999.9999985273, 99999.99999851573, 99999.99999853264]
J=1.8e-04, ⟨Jf⟩=1.7e-04, ⟨B·n⟩=4.1e-03, Len=sum([2.3, 2.4, 2.6, 2.5, 2.5])=12.4, ϰ=[9.3, 7.6, 9.3, 9.8, 11.3], ∫ϰ²/L>=[19.2, 16.8, 17.9, 19.6, 19.8], C-C-Sep=0.08, ║∇J║=7.2e-03
Iteration 103/2000-----
currents: [100000.0, 99999.99999841004, 99999.99999852724, 99999.99999851575, 99999.99999853264]
J=1.8e-04, ⟨Jf⟩=1.7e-04, ⟨B·n⟩=4.1e-03, Len=sum([2.3, 2.4, 2.6, 2.5, 2.5])=12.3, ϰ=[9.3, 7.5, 9.1, 9.9, 11.2], ∫ϰ²/L>=[18.9, 16.6, 17.7, 19.5, 19.7], C-C-Sep=0.08, ║∇J║=5.7e-03
Iteration 104/2000-----
currents: [100000.0, 99999.99999841125, 99999.99999852513, 99999.99999851125, 99999.9999985278]
J=1.8e-04, ⟨Jf⟩=1.7e-04, ⟨B·n⟩=4.0e-03, Len=sum([2.3, 2.4, 2.6, 2.5, 2.5])=12.4, ϰ=[9.2, 7.1, 9.0, 10.1, 11.3], ∫ϰ²/L>=[19.0, 16.4, 17.6, 19.6, 19.9], C-C-Sep=0.08, ║∇J║=7.6e-03
Iteration 105/2000-----
currents: [100000.0, 99999.99999841147, 99999.99999852438, 99999.99999850983, 99999.99999852623]
J=1.8e-04, ⟨Jf⟩=1.6e-04, ⟨B·n⟩=4.0e-03, Len=sum([2.3, 2.4, 2.6, 2.5, 2.5])=12.3, ϰ=[9.2, 6.8, 8.8, 10.2, 11.3], ∫ϰ²/L>=[18.8, 16.0, 17.3, 19.7, 20.1], C-C-Sep=0.08, ║∇J║=6.8e-03
Iteration 106/2000-----
currents: [100000.0, 99999.99999841207, 99999.99999852339, 99999.99999850773, 99999.999998524]
J=1.8e-04, ⟨Jf⟩=1.6e-04, ⟨B·n⟩=3.9e-03, Len=sum([2.3, 2.4, 2.6, 2.5, 2.5])=12.3, ϰ=[9.3, 6.9, 8.8, 10.1, 11.4], ∫ϰ²/L>=[19.0, 15.8, 17.2, 19.7, 20.2], C-C-Sep=0.08, ║∇J║=5.0e-03
Iteration 107/2000-----
currents: [100000.0, 99999.99999841336, 99999.9999985215, 99999.99999850357, 99999.99999851958]
J=1.7e-04, ⟨Jf⟩=1.6e-04, ⟨B·n⟩=3.9e-03, Len=sum([2.3, 2.4, 2.6, 2.5, 2.5])=12.4, ϰ=[9.5, 6.9, 8.8, 10.0, 11.7], ∫ϰ²/L>=[19.4, 15.5, 17.1, 19.9, 20.6], C-C-Sep=0.08, ║∇J║=4.8e-03
Iteration 108/2000-----
currents: [100000.0, 99999.99999841437, 99999.99999852007, 99999.99999850048, 99999.9999985163]
J=1.7e-04, ⟨Jf⟩=1.6e-04, ⟨B·n⟩=3.9e-03, Len=sum([2.3, 2.4, 2.6, 2.5, 2.5])=12.4, ϰ=[9.5, 7.0, 8.8, 10.1, 12.0], ∫ϰ²/L>=[19.6, 15.1, 17.0, 20.0, 20.9], C-C-Sep=0.08, ║∇J║=7.3e-03
Iteration 109/2000-----
currents: [100000.0, 99999.9999984152, 99999.99999851876, 99999.99999849769, 99999.99999851339]
J=1.7e-04, ⟨Jf⟩=1.6e-04, ⟨B·n⟩=3.9e-03, Len=sum([2.3, 2.4, 2.6, 2.5, 2.5])=12.4, ϰ=[9.4, 6.9, 8.7, 10.2, 12.2], ∫ϰ²/L>=[19.9, 14.7, 17.0, 20.1, 21.1], C-C-Sep=0.08, ║∇J║=5.1e-03
Iteration 110/2000-----
currents: [100000.0, 99999.9999984162, 99999.99999851738, 99999.99999849469, 99999.9999985103]
J=1.7e-04, ⟨Jf⟩=1.5e-04, ⟨B·n⟩=3.8e-03, Len=sum([2.3, 2.4, 2.6, 2.5, 2.5])=12.4, ϰ=[9.3, 6.8, 8.8, 10.5, 12.3], ∫ϰ²/L>=[19.9, 14.3, 17.0, 20.0, 21.2], C-C-Sep=0.08, ║∇J║=6.1e-03
Iteration 111/2000-----
currents: [100000.0, 99999.9999984166, 99999.99999851667, 99999.99999849324, 99999.99999850885]
J=1.7e-04, ⟨Jf⟩=1.5e-04, ⟨B·n⟩=3.8e-03, Len=sum([2.3, 2.4, 2.6, 2.5, 2.5])=12.4, ϰ=[9.4, 6.7, 8.9, 10.6, 12.3], ∫ϰ²/L>=[19.8, 14.1, 17.0, 20.0, 21.2], C-C-Sep=0.08, ║∇J║=6.1e-03
Iteration 112/2000-----
currents: [100000.0, 99999.9999984168, 99999.99999851634, 99999.99999849261, 99999.99999850821]
J=1.7e-04, ⟨Jf⟩=1.5e-04, ⟨B·n⟩=3.8e-03, Len=sum([2.3, 2.4, 2.6, 2.5, 2.5])=12.4, ϰ=[9.4, 6.6, 9.0, 10.6, 12.2], ∫ϰ²/L>=[19.7, 14.0, 16.9, 20.0, 21.1], C-C-Sep=0.08, ║∇J║=4.7e-03
Iteration 113/2000-----
currents: [100000.0, 99999.99999841784, 99999.99999851477, 99999.99999848937, 99999.99999850488]
J=1.7e-04, ⟨Jf⟩=1.5e-04, ⟨B·n⟩=3.7e-03, Len=sum([2.3, 2.4, 2.6, 2.5, 2.5])=12.4, ϰ=[9.7, 6.5, 9.1, 10.6, 12.1], ∫ϰ²/L>=[19.4, 13.9, 17.0, 19.8, 21.0], C-C-Sep=0.08, ║∇J║=5.5e-03
Iteration 114/2000-----
currents: [100000.0, 99999.99999841822, 99999.99999851394, 99999.99999848788, 99999.99999850342]
J=1.6e-04, ⟨Jf⟩=1.5e-04, ⟨B·n⟩=3.7e-03, Len=sum([2.3, 2.4, 2.6, 2.5, 2.5])=12.4, ϰ=[9.8, 6.2, 9.2, 10.7, 12.2], ∫ϰ²/L>=[19.4, 14.0, 17.1, 19.8, 21.0], C-C-Sep=0.08, ║∇J║=6.6e-03
Iteration 115/2000-----
currents: [100000.0, 99999.99999841848, 99999.99999851355, 99999.99999848702, 99999.99999850254]
J=1.6e-04, ⟨Jf⟩=1.5e-04, ⟨B·n⟩=3.7e-03, Len=sum([2.3, 2.4, 2.6, 2.5, 2.5])=12.4, ϰ=[9.8, 6.2, 9.2, 10.7, 12.3], ∫ϰ²/L>=[19.4, 14.0, 17.1, 19.8, 21.0], C-C-Sep=0.08, ║∇J║=4.2e-03
Iteration 116/2000-----
currents: [100000.0, 99999.99999841914, 99999.9999985124, 99999.9999984847, 99999.99999850018]
J=1.6e-04, ⟨Jf⟩=1.5e-04, ⟨B·n⟩=3.7e-03, Len=sum([2.3, 2.4, 2.6, 2.5, 2.5])=12.4, ϰ=[9.9, 6.1, 9.2, 10.6, 12.4], ∫ϰ²/L>=[19.1, 14.0, 17.1, 19.7, 20.9], C-C-Sep=0.08, ║∇J║=3.5e-03
Iteration 117/2000-----
currents: [100000.0, 99999.99999841957, 99999.99999851151, 99999.999998483, 99999.99999849849]
J=1.6e-04, ⟨Jf⟩=1.5e-04, ⟨B·n⟩=3.7e-03, Len=sum([2.3, 2.4, 2.6, 2.5, 2.5])=12.4, ϰ=[10.0, 5.9, 9.3, 10.6, 12.4], ∫ϰ²/L>=[18.8, 14.1, 17.0, 19.6, 20.8], C-C-Sep=0.08, ║∇J║=4.4e-03
Iteration 118/2000-----
currents: [100000.0, 99999.99999842062, 99999.99999850927, 99999.99999847879, 99999.99999849424]
J=1.6e-04, ⟨Jf⟩=1.5e-04, ⟨B·n⟩=3.6e-03, Len=sum([2.3, 2.4, 2.6, 2.5, 2.5])=12.4, ϰ=[10.4, 6.0, 9.3, 10.7, 12.4], ∫ϰ²/L>=[18.5, 14.1, 16.9, 19.6, 20.7], C-C-Sep=0.08, ║∇J║=8.0e-03
Iteration 119/2000-----
currents: [100000.0, 99999.9999984202, 99999.99999850958, 99999.99999847976, 99999.99999849529]
J=1.6e-04, ⟨Jf⟩=1.5e-04, ⟨B·n⟩=3.6e-03, Len=sum([2.3, 2.4, 2.6, 2.5, 2.5])=12.4, ϰ=[10.4, 5.9, 9.3, 10.8, 12.3], ∫ϰ²/L>=[18.3, 14.0, 16.8, 19.6, 20.6], C-C-Sep=0.08, ║∇J║=3.3e-03
Iteration 120/2000-----
currents: [100000.0, 99999.99999842032, 99999.99999850937, 99999.99999847935, 99999.99999849484]
J=1.6e-04, ⟨Jf⟩=1.5e-04, ⟨B·n⟩=3.6e-03, Len=sum([2.3, 2.4, 2.6, 2.5, 2.5])=12.4, ϰ=[10.3, 5.8, 9.3, 10.8, 12.2], ∫ϰ²/L>=[18.2, 13.9, 16.7, 19.5, 20.6], C-C-Sep=0.08, ║∇J║=3.1e-03
Iteration 121/2000-----
currents: [100000.0, 99999.99999842045, 99999.9999985087, 99999.99999847838, 99999.99999849385]
J=1.6e-04, ⟨Jf⟩=1.5e-04, ⟨B·n⟩=3.6e-03, Len=sum([2.3, 2.4, 2.6, 2.5, 2.5])=12.4, ϰ=[10.3, 5.7, 9.3, 10.8, 12.1], ∫ϰ²/L>=[18.0, 13.7, 16.6, 19.5, 20.6], C-C-Sep=0.08, ║∇J║=3.8e-03
Iteration 122/2000-----
currents: [100000.0, 99999.99999842152, 99999.99999850651, 99999.99999847412, 99999.99999848942]
J=1.6e-04, ⟨Jf⟩=1.5e-04, ⟨B·n⟩=3.6e-03, Len=sum([2.3, 2.4, 2.6, 2.5, 2.5])=12.4, ϰ=[10.3, 6.2, 9.3, 10.8, 12.3], ∫ϰ²/L>=[17.9, 13.4, 16.4, 19.4, 20.5], C-C-Sep=0.08, ║∇J║=7.3e-03
Iteration 123/2000-----
currents: [100000.0, 99999.99999842155, 99999.99999850633, 99999.99999847391, 99999.99999848923]
J=1.6e-04, ⟨Jf⟩=1.4e-04, ⟨B·n⟩=3.6e-03, Len=sum([2.3, 2.4, 2.6, 2.5, 2.5])=12.4, ϰ=[10.3, 6.2, 9.3, 10.8, 12.3], ∫ϰ²/L>=[17.9, 13.3, 16.3, 19.4, 20.4], C-C-Sep=0.08, ║∇J║=3.3e-03
Iteration 124/2000-----
currents: [100000.0, 99999.9999984218, 99999.99999850575, 99999.9999984728, 99999.99999848809]
J=1.6e-04, ⟨Jf⟩=1.4e-04, ⟨B·n⟩=3.6e-03, Len=sum([2.3, 2.4, 2.6, 2.5, 2.5])=12.4, ϰ=[10.2, 6.3, 9.4, 10.9, 12.3], ∫ϰ²/L>=[17.8, 13.1, 16.3, 19.4, 20.4], C-C-Sep=0.08, ║∇J║=2.7e-03
Iteration 125/2000-----
currents: [100000.0, 99999.9999984219, 99999.99999850549, 99999.99999847234, 99999.99999848762]
J=1.6e-04, ⟨Jf⟩=1.4e-04, ⟨B·n⟩=3.6e-03, Len=sum([2.3, 2.4, 2.6, 2.5, 2.5])=12.4, ϰ=[10.1, 6.2, 9.4, 10.9, 12.3], ∫ϰ²/L>=[17.7, 12.9, 16.1, 19.3, 20.2], C-C-Sep=0.08, ║∇J║=3.5e-03
Iteration 126/2000-----
currents: [100000.0, 99999.99999842275, 99999.99999850358, 99999.99999846861, 99999.9999984837]
J=1.6e-04, ⟨Jf⟩=1.4e-04, ⟨B·n⟩=3.6e-03, Len=sum([2.3, 2.4, 2.6, 2.5, 2.6])=12.4, ϰ=[10.0, 6.2, 9.5, 11.0, 12.3], ∫ϰ²/L>=[17.7, 12.8, 16.0, 19.2, 20.2], C-C-Sep=0.08, ║∇J║=4.7e-03
Iteration 127/2000-----
currents: [100000.0, 99999.99999842273, 99999.99999850328, 99999.99999846819, 99999.99999848325]
J=1.6e-04, ⟨Jf⟩=1.4e-04, ⟨B·n⟩=3.6e-03, Len=sum([2.3, 2.4, 2.5, 2.5, 2.6])=12.4, ϰ=[9.8, 6.2, 9.5, 11.0, 12.2], ∫ϰ²/L>=[17.6, 12.7, 15.8, 19.2, 20.1], C-C-Sep=0.08, ║∇J║=3.1e-03
Iteration 128/2000-----
currents: [100000.0, 99999.99999842285, 99999.99999850261, 99999.99999846704, 99999.99999848205]
J=1.5e-04, ⟨Jf⟩=1.4e-04, ⟨B·n⟩=3.6e-03, Len=sum([2.3, 2.4, 2.5, 2.5, 2.6])=12.4, ϰ=[9.8, 6.2, 9.5, 11.0, 12.1], ∫ϰ²/L>=[17.5, 12.7, 15.7, 19.1, 20.1], C-C-Sep=0.08, ║∇J║=2.7e-03
Iteration 129/2000-----
currents: [100000.0, 99999.9999984229, 99999.99999850178, 99999.99999846566, 99999.99999848062]
J=1.5e-04, ⟨Jf⟩=1.4e-04, ⟨B·n⟩=3.5e-03, Len=sum([2.3, 2.4, 2.5, 2.5, 2.6])=12.4, ϰ=[9.8, 6.3, 9.4, 11.0, 12.2], ∫ϰ²/L>=[17.4, 12.6, 15.6, 19.1, 20.2], C-C-Sep=0.08, ║∇J║=3.2e-03
Iteration 130/2000-----
currents: [100000.0, 99999.99999842324, 99999.99999850013, 99999.99999846268, 99999.99999847753]
J=1.5e-04, ⟨Jf⟩=1.4e-04, ⟨B·n⟩=3.5e-03, Len=sum([2.3, 2.4, 2.5, 2.5, 2.6])=12.4, ϰ=[9.8, 6.5, 9.2, 11.1, 12.1], ∫ϰ²/L>=[17.4, 12.6, 15.5, 19.1, 20.2], C-C-Sep=0.08, ║∇J║=3.6e-03
Iteration 131/2000-----
currents: [100000.0, 99999.99999842336, 99999.99999849884, 99999.99999846045, 99999.99999847524]
J=1.5e-04, ⟨Jf⟩=1.4e-04, ⟨B·n⟩=3.5e-03, Len=sum([2.3, 2.4, 2.5, 2.5, 2.6])=12.4, ϰ=[9.8, 6.6, 9.1, 11.0, 12.1], ∫ϰ²/L>=[17.4, 12.6, 15.5, 19.2, 20.2], C-C-Sep=0.08, ║∇J║=3.5e-03
Iteration 132/2000-----
currents: [100000.0, 99999.99999842331, 99999.99999849848, 99999.99999845984, 99999.99999847464]
J=1.5e-04, ⟨Jf⟩=1.4e-04, ⟨B·n⟩=3.5e-03, Len=sum([2.3, 2.4, 2.5, 2.5, 2.6])=12.4, ϰ=[9.8, 6.6, 9.0, 11.0, 12.1], ∫ϰ²/L>=[17.4, 12.6, 15.5, 19.2, 20.2], C-C-Sep=0.08, ║∇J║=2.5e-03
Iteration 133/2000-----
currents: [100000.0, 99999.99999842327, 99999.99999849788, 99999.99999845884, 99999.99999847364]
J=1.5e-04, ⟨Jf⟩=1.4e-04, ⟨B·n⟩=3.5e-03, Len=sum([2.3, 2.4, 2.5, 2.5, 2.6])=12.4, ϰ=[9.7, 6.5, 9.0, 11.0, 12.1], ∫ϰ²/L>=[17.3, 12.5, 15.4, 19.2, 20.2], C-C-Sep=0.08, ║∇J║=2.6e-03
Iteration 134/2000-----
currents: [100000.0, 99999.99999842292, 99999.99999849725, 99999.999998458, 99999.99999847282]
J=1.5e-04, ⟨Jf⟩=1.4e-04, ⟨B·n⟩=3.5e-03, Len=sum([2.3, 2.4, 2.5, 2.5, 2.6])=12.4, ϰ=[9.5, 6.2, 8.9, 11.0, 12.0], ∫ϰ²/L>=[17.2, 12.5, 15.4, 19.2, 20.1], C-C-Sep=0.08, ║∇J║=3.3e-03
Iteration 135/2000-----
currents: [100000.0, 99999.99999842265, 99999.99999849572, 99999.99999845563, 99999.99999847043]
J=1.5e-04, ⟨Jf⟩=1.4e-04, ⟨B·n⟩=3.5e-03, Len=sum([2.3, 2.4, 2.5, 2.5, 2.6])=12.4, ϰ=[9.4, 6.1, 8.7, 11.0, 11.8], ∫ϰ²/L>=[17.1, 12.7, 15.3, 19.3, 20.1], C-C-Sep=0.08, ║∇J║=3.1e-03
Iteration 136/2000-----
currents: [100000.0, 99999.9999984223, 99999.9999984953, 99999.99999845517, 99999.99999846998]
J=1.5e-04, ⟨Jf⟩=1.4e-04, ⟨B·n⟩=3.5e-03, Len=sum([2.3, 2.4, 2.5, 2.5, 2.6])=12.4, ϰ=[9.4, 5.9, 8.6, 11.0, 11.8], ∫ϰ²/L>=[17.0, 12.7, 15.3, 19.3, 20.1], C-C-Sep=0.08, ║∇J║=2.6e-03
Iteration 137/2000-----
currents: [100000.0, 99999.99999842212, 99999.99999849482, 99999.99999845451, 99999.99999846933]
J=1.5e-04, ⟨Jf⟩=1.4e-04, ⟨B·n⟩=3.6e-03, Len=sum([2.3, 2.4, 2.5, 2.5, 2.6])=12.4, ϰ=[9.4, 6.1, 8.5, 11.0, 11.7], ∫ϰ²/L>=[17.0, 12.8, 15.2, 19.3, 20.1], C-C-Sep=0.08, ║∇J║=2.5e-03
Iteration 138/2000-----
currents: [100000.0, 99999.99999842186, 99999.99999849417, 99999.99999845361, 99999.99999846843]
J=1.5e-04, ⟨Jf⟩=1.4e-04, ⟨B·n⟩=3.6e-03, Len=sum([2.3, 2.4, 2.5, 2.5, 2.6])=12.3, ϰ=[9.5, 6.1, 8.2, 11.0, 11.7], ∫ϰ²/L>=[17.0, 12.8, 15.1, 19.4, 20.1], C-C-Sep=0.08, ║∇J║=2.9e-03
Iteration 139/2000-----
currents: [100000.0, 99999.99999842163, 99999.99999849277, 99999.99999845143, 99999.99999846621]
J=1.5e-04, ⟨Jf⟩=1.4e-04, ⟨B·n⟩=3.6e-03, Len=sum([2.3, 2.4, 2.5, 2.5, 2.6])=12.3, ϰ=[9.5, 6.2, 8.0, 10.9, 11.6], ∫ϰ²/L>=[17.1, 12.8, 15.0, 19.4, 20.1], C-C-Sep=0.08, ║∇J║=3.6e-03
Iteration 140/2000-----
currents: [100000.0, 99999.99999842148, 99999.99999849206, 99999.99999845037, 99999.99999846515]
J=1.5e-04, ⟨Jf⟩=1.4e-04, ⟨B·n⟩=3.6e-03, Len=sum([2.3, 2.4, 2.5, 2.5, 2.6])=12.4, ϰ=[9.5, 6.2, 7.9, 10.8, 11.6], ∫ϰ²/L>=[17.1, 12.8, 15.0, 19.3, 20.1], C-C-Sep=0.08, ║∇J║=2.3e-03
Iteration 141/2000-----
currents: [100000.0, 99999.99999842122, 99999.99999849127, 99999.99999844926, 99999.99999846405]
J=1.5e-04, ⟨Jf⟩=1.4e-04, ⟨B·n⟩=3.6e-03, Len=sum([2.3, 2.4, 2.5, 2.5, 2.6])=12.4, ϰ=[9.5, 6.2, 7.8, 10.8, 11.6], ∫ϰ²/L>=[17.1, 12.9, 15.1, 19.2, 20.2], C-C-Sep=0.08, ║∇J║=2.4e-03
Iteration 142/2000-----
currents: [100000.0, 99999.99999842065, 99999.99999849018, 99999.9999984479, 99999.9999984627]
J=1.5e-04, ⟨Jf⟩=1.4e-04, ⟨B·n⟩=3.5e-03, Len=sum([2.3, 2.4, 2.5, 2.5, 2.6])=12.4, ϰ=[9.3, 6.1, 7.7, 10.8, 11.6], ∫ϰ²/L>=[17.1, 12.9, 15.1, 19.1, 20.2], C-C-Sep=0.08, ║∇J║=2.8e-03
Iteration 143/2000-----
currents: [100000.0, 99999.99999841969, 99999.9999984877, 99999.99999844462, 99999.99999845942]
J=1.5e-04, ⟨Jf⟩=1.4e-04, ⟨B·n⟩=3.5e-03, Len=sum([2.3, 2.4, 2.5, 2.5, 2.6])=12.4, ϰ=[9.3, 6.4, 7.5, 10.9, 11.4], ∫ϰ²/L>=[17.2, 13.1, 15.3, 18.9, 20.3], C-C-Sep=0.08, ║∇J║=4.8e-03
Iteration 144/2000-----
currents: [100000.0, 99999.99999841936, 99999.99999848817, 99999.99999844567, 99999.9999984605]
J=1.5e-04, ⟨Jf⟩=1.4e-04, ⟨B·n⟩=3.5e-03, Len=sum([2.3, 2.4, 2.5, 2.5, 2.6])=12.3, ϰ=[9.2, 6.4, 7.5, 10.9, 11.5], ∫ϰ²/L>=[17.0, 13.0, 15.2, 18.8, 20.2], C-C-Sep=0.08, ║∇J║=2.2e-03
Iteration 145/2000-----
currents: [100000.0, 99999.99999841911, 99999.99999848743, 99999.99999844472, 99999.99999845956]
J=1.5e-04, ⟨Jf⟩=1.4e-04, ⟨B·n⟩=3.5e-03, Len=sum([2.3, 2.4, 2.5, 2.5, 2.6])=12.3, ϰ=[9.2, 6.5, 7.5, 10.9, 11.6], ∫ϰ²/L>=[17.0, 13.0, 15.2, 18.8, 20.2], C-C-Sep=0.08, ║∇J║=2.2e-03
Iteration 146/2000-----
currents: [100000.0, 99999.99999841856, 99999.99999848689, 99999.99999844434, 99999.99999845923]
J=1.5e-04, ⟨Jf⟩=1.4e-04, ⟨B·n⟩=3.6e-03, Len=sum([2.3, 2.4, 2.5, 2.5, 2.6])=12.3, ϰ=[9.2, 6.6, 7.6, 10.9, 11.6], ∫ϰ²/L>=[17.0, 12.9, 15.2, 18.7, 20.2], C-C-Sep=0.08, ║∇J║=2.5e-03
Iteration 147/2000-----
currents: [100000.0, 99999.99999841764, 99999.9999984848, 99999.99999844184, 99999.9999984568]
J=1.5e-04, ⟨Jf⟩=1.4e-04, ⟨B·n⟩=3.6e-03, Len=sum([2.3, 2.4, 2.5, 2.5, 2.6])=12.4, ϰ=[9.4, 6.8, 7.8, 10.9, 11.6], ∫ϰ²/L>=[16.9, 13.0, 15.2, 18.7, 20.3], C-C-Sep=0.08, ║∇J║=3.9e-03
Iteration 148/2000-----
currents: [100000.0, 99999.99999841665, 99999.9999984836, 99999.9999984408, 99999.99999845587]
J=1.5e-04, ⟨Jf⟩=1.4e-04, ⟨B·n⟩=3.6e-03, Len=sum([2.3, 2.4, 2.5, 2.5, 2.6])=12.4, ϰ=[9.4, 6.9, 7.9, 10.8, 11.6], ∫ϰ²/L>=[16.8, 13.1, 15.2, 18.6, 20.3], C-C-Sep=0.08, ║∇J║=2.6e-03
Iteration 149/2000-----
currents: [100000.0, 99999.99999841632, 99999.99999848288, 99999.9999984399, 99999.99999845498]
J=1.5e-04, ⟨Jf⟩=1.4e-04, ⟨B·n⟩=3.6e-03, Len=sum([2.3, 2.4, 2.5, 2.5, 2.6])=12.4, ϰ=[9.4, 7.1, 7.8, 10.8, 11.6], ∫ϰ²/L>=[16.8, 13.2, 15.2, 18.6, 20.3], C-C-Sep=0.08, ║∇J║=2.1e-03
Iteration 150/2000-----
currents: [100000.0, 99999.99999841543, 99999.99999848178, 99999.99999843894, 99999.99999845412]
J=1.5e-04, ⟨Jf⟩=1.4e-04, ⟨B·n⟩=3.6e-03, Len=sum([2.3, 2.4, 2.5, 2.5, 2.6])=12.4, ϰ=[9.4, 7.3, 7.7, 10.9, 11.6], ∫ϰ²/L>=[16.8, 13.2, 15.3, 18.6, 20.3], C-C-Sep=0.08, ║∇J║=2.6e-03
Iteration 151/2000-----
currents: [100000.0, 99999.9999984143, 99999.99999847963, 99999.99999843648, 99999.99999845175]
J=1.5e-04, ⟨Jf⟩=1.3e-04, ⟨B·n⟩=3.5e-03, Len=sum([2.3, 2.4, 2.5, 2.5, 2.6])=12.4, ϰ=[9.4, 7.4, 7.7, 10.9, 11.6], ∫ϰ²/L>=[16.9, 13.4, 15.4, 18.6, 20.4], C-C-Sep=0.08, ║∇J║=3.3e-03
Iteration 152/2000-----
currents: [100000.0, 99999.99999841327, 99999.9999984786, 99999.99999843576, 99999.99999845112]
J=1.5e-04, ⟨Jf⟩=1.3e-04, ⟨B·n⟩=3.5e-03, Len=sum([2.3, 2.4, 2.5, 2.5, 2.6])=12.4, ϰ=[9.4, 7.5, 7.7, 11.0, 11.6], ∫ϰ²/L>=[16.9, 13.4, 15.5, 18.6, 20.4], C-C-Sep=0.08, ║∇J║=2.1e-03
Iteration 153/2000-----
currents: [100000.0, 99999.99999841211, 99999.99999847746, 99999.999998435, 99999.9999984505]
J=1.4e-04, ⟨Jf⟩=1.3e-04, ⟨B·n⟩=3.5e-03, Len=sum([2.3, 2.4, 2.5, 2.5, 2.6])=12.3, ϰ=[9.3, 7.5, 7.8, 11.0, 11.6], ∫ϰ²/L>=[16.9, 13.4, 15.6, 18.7, 20.4], C-C-Sep=0.08, ║∇J║=2.0e-03
Iteration 154/2000-----
currents: [100000.0, 99999.99999841109, 99999.99999847636, 99999.99999843411, 99999.9999984497]
J=1.4e-04, ⟨Jf⟩=1.3e-04, ⟨B·n⟩=3.5e-03, Len=sum([2.3, 2.4, 2.5, 2.5, 2.6])=12.3, ϰ=[9.3, 7.4, 7.8, 11.0, 11.7], ∫ϰ²/L>=[16.9, 13.4, 15.7, 18.7, 20.5], C-C-Sep=0.08, ║∇J║=2.7e-03
Iteration 155/2000-----
currents: [100000.0, 99999.99999841003, 99999.99999847484, 99999.99999843261, 99999.9999984483]
J=1.4e-04, ⟨Jf⟩=1.3e-04, ⟨B·n⟩=3.5e-03, Len=sum([2.3, 2.4, 2.5, 2.5, 2.6])=12.3, ϰ=[9.2, 7.4, 8.0, 11.0, 11.7], ∫ϰ²/L>=[17.0, 13.4, 15.8, 18.8, 20.5], C-C-Sep=0.08, ║∇J║=2.1e-03
Iteration 156/2000-----
currents: [100000.0, 99999.99999840879, 99999.99999847353, 99999.99999843158, 99999.99999844738]
J=1.4e-04, ⟨Jf⟩=1.3e-04, ⟨B·n⟩=3.5e-03, Len=sum([2.3, 2.4, 2.5, 2.5, 2.6])=12.3, ϰ=[9.1, 7.2, 8.1, 10.9, 11.6], ∫ϰ²/L>=[16.9, 13.3, 15.7, 18.7, 20.5], C-C-Sep=0.08, ║∇J║=2.4e-03
Iteration 157/2000-----
currents: [100000.0, 99999.9999984081, 99999.9999984719, 99999.99999842956, 99999.9999984454]
J=1.4e-04, ⟨Jf⟩=1.3e-04, ⟨B·n⟩=3.5e-03, Len=sum([2.3, 2.4, 2.5, 2.5, 2.6])=12.3, ϰ=[9.2, 7.0, 8.2, 10.9, 11.6], ∫ϰ²/L>=[17.0, 13.2, 15.8, 18.7, 20.5], C-C-Sep=0.08, ║∇J║=2.0e-03
Iteration 158/2000-----
currents: [100000.0, 99999.9999984077, 99999.99999847171, 99999.99999842962, 99999.99999844552]
J=1.4e-04, ⟨Jf⟩=1.3e-04, ⟨B·n⟩=3.5e-03, Len=sum([2.3, 2.4, 2.5, 2.5, 2.6])=12.3, ϰ=[9.2, 6.9, 8.1, 10.9, 11.6], ∫ϰ²/L>=[16.9, 13.1, 15.6, 18.7, 20.4], C-C-Sep=0.08, ║∇J║=2.1e-03
Iteration 159/2000-----
currents: [100000.0, 99999.99999840646, 99999.99999846963, 99999.99999842743, 99999.99999844347]
J=1.4e-04, ⟨Jf⟩=1.3e-04, ⟨B·n⟩=3.5e-03, Len=sum([2.3, 2.4, 2.5, 2.5, 2.6])=12.3, ϰ=[9.3, 6.7, 8.2, 10.9, 11.6], ∫ϰ²/L>=[16.9, 13.1, 15.5, 18.7, 20.4], C-C-Sep=0.08, ║∇J║=2.3e-03
Iteration 160/2000-----
currents: [100000.0, 99999.99999840489, 99999.9999984683, 99999.9999984267, 99999.99999844296]
J=1.4e-04, ⟨Jf⟩=1.3e-04, ⟨B·n⟩=3.5e-03, Len=sum([2.3, 2.4, 2.5, 2.5, 2.6])=12.3, ϰ=[9.4, 6.6, 8.2, 10.8, 11.6], ∫ϰ²/L>=[16.9, 13.1, 15.6, 18.7, 20.3], C-C-Sep=0.08, ║∇J║=2.7e-03
Iteration 161/2000-----
currents: [100000.0, 99999.99999840408, 99999.99999846709, 99999.99999842554, 99999.99999844191]
J=1.4e-04, ⟨Jf⟩=1.3e-04, ⟨B·n⟩=3.5e-03, Len=sum([2.3, 2.4, 2.5, 2.5, 2.6])=12.3, ϰ=[9.4, 6.6, 8.3, 10.8, 11.6], ∫ϰ²/L>=[16.9, 13.1, 15.7, 18.7, 20.3], C-C-Sep=0.08, ║∇J║=1.8e-03
Iteration 162/2000-----
currents: [100000.0, 99999.99999840271, 99999.99999846514, 99999.99999842366, 99999.99999844022]
J=1.4e-04, ⟨Jf⟩=1.3e-04, ⟨B·n⟩=3.5e-03, Len=sum([2.3, 2.4, 2.5, 2.5, 2.6])=12.3, ϰ=[9.5, 6.7, 8.5, 10.8, 11.6], ∫ϰ²/L>=[17.0, 13.2, 15.8, 18.8, 20.3], C-C-Sep=0.08, ║∇J║=1.8e-03
Iteration 163/2000-----
currents: [100000.0, 99999.9999984017, 99999.99999846358, 99999.9999984221, 99999.99999843883]
J=1.4e-04, ⟨Jf⟩=1.3e-04, ⟨B·n⟩=3.5e-03, Len=sum([2.3, 2.4, 2.5, 2.5, 2.6])=12.3, ϰ=[9.6, 6.8, 8.5, 10.8, 11.6], ∫ϰ²/L>=[17.1, 13.2, 15.8, 18.8, 20.3], C-C-Sep=0.08, ║∇J║=2.2e-03
Iteration 164/2000-----
currents: [100000.0, 99999.99999840032, 99999.99999846204, 99999.99999842088, 99999.99999843782]
J=1.4e-04, ⟨Jf⟩=1.3e-04, ⟨B·n⟩=3.4e-03, Len=sum([2.3, 2.4, 2.5, 2.5, 2.6])=12.3, ϰ=[9.6, 6.8, 8.5, 10.8, 11.6], ∫ϰ²/L>=[17.1, 13.2, 15.9, 18.8, 20.3], C-C-Sep=0.08, ║∇J║=1.8e-03
Iteration 165/2000-----
currents: [100000.0, 99999.99999839914, 99999.99999846092, 99999.99999842008, 99999.99999843718]
J=1.4e-04, ⟨Jf⟩=1.3e-04, ⟨B·n⟩=3.4e-03, Len=sum([2.3, 2.4, 2.5, 2.5, 2.6])=12.3, ϰ=[9.5, 6.7, 8.5, 10.8, 11.5], ∫ϰ²/L>=[17.1, 13.3, 15.8, 18.8, 20.3], C-C-Sep=0.08, ║∇J║=2.1e-03
Iteration 166/2000-----
currents: [100000.0, 99999.99999839833, 99999.99999846015, 99999.99999841955, 99999.99999843675]
J=1.4e-04, ⟨Jf⟩=1.3e-04, ⟨B·n⟩=3.5e-03, Len=sum([2.3, 2.4, 2.5, 2.5, 2.6])=12.3, ϰ=[9.5, 6.6, 8.4, 10.7, 11.5], ∫ϰ²/L>=[17.1, 13.3, 15.8, 18.8, 20.3], C-C-Sep=0.08, ║∇J║=1.7e-03
Iteration 167/2000-----
currents: [100000.0, 99999.99999839763, 99999.99999845952, 99999.99999841914, 99999.99999843641]
J=1.4e-04, ⟨Jf⟩=1.3e-04, ⟨B·n⟩=3.5e-03, Len=sum([2.3, 2.4, 2.5, 2.5, 2.6])=12.3, ϰ=[9.5, 6.6, 8.3, 10.7, 11.4], ∫ϰ²/L>=[17.1, 13.2, 15.8, 18.8, 20.2], C-C-Sep=0.08, ║∇J║=1.6e-03
Iteration 168/2000-----
currents: [100000.0, 99999.99999839567, 99999.99999845738, 99999.99999841738, 99999.99999843484]
J=1.4e-04, ⟨Jf⟩=1.3e-04, ⟨B·n⟩=3.5e-03, Len=sum([2.3, 2.4, 2.5, 2.5, 2.6])=12.3, ϰ=[9.5, 6.5, 8.2, 10.7, 11.3], ∫ϰ²/L>=[17.1, 13.2, 15.8, 18.7, 20.2], C-C-Sep=0.08, ║∇J║=2.4e-03
Iteration 169/2000-----
currents: [100000.0, 99999.9999983939, 99999.99999845563, 99999.99999841615, 99999.9999984338]
J=1.4e-04, ⟨Jf⟩=1.3e-04, ⟨B·n⟩=3.5e-03, Len=sum([2.3, 2.4, 2.5, 2.5, 2.6])=12.3, ϰ=[9.6, 6.4, 8.2, 10.6, 11.2], ∫ϰ²/L>=[17.0, 13.1, 15.9, 18.7, 20.2], C-C-Sep=0.08, ║∇J║=2.2e-03
Iteration 170/2000-----
currents: [100000.0, 99999.99999839255, 99999.99999845392, 99999.99999841457, 99999.99999843234]
J=1.4e-04, ⟨Jf⟩=1.3e-04, ⟨B·n⟩=3.5e-03, Len=sum([2.3, 2.4, 2.5, 2.5, 2.6])=12.3, ϰ=[9.7, 6.4, 8.3, 10.6, 11.1], ∫ϰ²/L>=[17.0, 13.2, 15.9, 18.7, 20.2], C-C-Sep=0.08, ║∇J║=1.9e-03
Iteration 171/2000-----
currents: [100000.0, 99999.99999839098, 99999.99999845245, 99999.99999841362, 99999.99999843154]
J=1.4e-04, ⟨Jf⟩=1.3e-04, ⟨B·n⟩=3.5e-03, Len=sum([2.3, 2.4, 2.5, 2.5, 2.6])=12.3, ϰ=[9.7, 6.7, 8.2, 10.5, 11.0], ∫ϰ²/L>=[16.9, 13.1, 15.8, 18.7, 20.2], C-C-Sep=0.08, ║∇J║=2.1e-03
Iteration 172/2000-----
currents: [100000.0, 99999.99999838925, 99999.9999984498, 99999.99999841087, 99999.9999984289]
J=1.4e-04, ⟨Jf⟩=1.3e-04, ⟨B·n⟩=3.5e-03, Len=sum([2.4, 2.4, 2.5, 2.5, 2.6])=12.3, ϰ=[9.7, 6.9, 8.4, 10.5, 11.0], ∫ϰ²/L>=[17.0, 13.2, 15.9, 18.7, 20.2], C-C-Sep=0.08, ║∇J║=2.1e-03
Iteration 173/2000-----
currents: [100000.0, 99999.99999838919, 99999.99999844977, 99999.99999841087, 99999.99999842889]
J=1.4e-04, ⟨Jf⟩=1.3e-04, ⟨B·n⟩=3.5e-03, Len=sum([2.4, 2.4, 2.5, 2.5, 2.6])=12.3, ϰ=[9.6, 6.9, 8.3, 10.5, 11.0], ∫ϰ²/L>=[16.9, 13.2, 15.7, 18.7, 20.2], C-C-Sep=0.08, ║∇J║=1.6e-03
Iteration 174/2000-----
currents: [100000.0, 99999.99999838795, 99999.99999844808, 99999.99999840924, 99999.99999842733]
J=1.4e-04, ⟨Jf⟩=1.3e-04, ⟨B·n⟩=3.5e-03, Len=sum([2.4, 2.4, 2.5, 2.5, 2.6])=12.3, ϰ=[9.6, 7.1, 8.1, 10.4, 11.0], ∫ϰ²/L>=[16.9, 13.2, 15.6, 18.7, 20.2], C-C-Sep=0.08, ║∇J║=1.9e-03
Iteration 175/2000-----
currents: [100000.0, 99999.99999838711, 99999.9999984471, 99999.9999984084, 99999.99999842653]
J=1.4e-04, ⟨Jf⟩=1.3e-04, ⟨B·n⟩=3.4e-03, Len=sum([2.4, 2.4, 2.5, 2.5, 2.6])=12.3, ϰ=[9.6, 7.3, 8.0, 10.5, 11.0], ∫ϰ²/L>=[16.8, 13.2, 15.5, 18.7, 20.1], C-C-Sep=0.08, ║∇J║=1.7e-03
Iteration 176/2000-----
currents: [100000.0, 99999.99999838547, 99999.999998445, 99999.99999840643, 99999.99999842468]
J=1.4e-04, ⟨Jf⟩=1.3e-04, ⟨B·n⟩=3.4e-03, Len=sum([2.4, 2.4, 2.5, 2.5, 2.6])=12.3, ϰ=[9.6, 7.4, 8.1, 10.5, 10.9], ∫ϰ²/L>=[16.8, 13.2, 15.5, 18.7, 20.1], C-C-Sep=0.08, ║∇J║=1.6e-03
Iteration 177/2000-----
currents: [100000.0, 99999.99999838321, 99999.99999844185, 99999.99999840328, 99999.99999842167]
J=1.4e-04, ⟨Jf⟩=1.3e-04, ⟨B·n⟩=3.4e-03, Len=sum([2.4, 2.4, 2.5, 2.5, 2.6])=12.3, ϰ=[9.6, 7.6, 8.1, 10.5, 10.9], ∫ϰ²/L>=[16.8, 13.3, 15.5, 18.8, 20.2], C-C-Sep=0.08, ║∇J║=1.9e-03
Iteration 178/2000-----
currents: [100000.0, 99999.99999838248, 99999.99999844097, 99999.99999840243, 99999.99999842086]
J=1.4e-04, ⟨Jf⟩=1.3e-04, ⟨B·n⟩=3.4e-03, Len=sum([2.4, 2.4, 2.5, 2.5, 2.6])=12.3, ϰ=[9.7, 7.5, 8.2, 10.5, 10.9], ∫ϰ²/L>=[16.8, 13.3, 15.5, 18.8, 20.2], C-C-Sep=0.08, ║∇J║=1.4e-03
Iteration 179/2000-----
currents: [100000.0, 99999.99999838212, 99999.99999844041, 99999.9999984018, 99999.99999842021]
J=1.4e-04, ⟨Jf⟩=1.3e-04, ⟨B·n⟩=3.4e-03, Len=sum([2.4, 2.4, 2.5, 2.5, 2.6])=12.3, ϰ=[9.7, 7.5, 8.2, 10.5, 10.9], ∫ϰ²/L>=[16.8, 13.2, 15.5, 18.8, 20.1], C-C-Sep=0.08, ║∇J║=1.2e-03
Iteration 180/2000-----
currents: [100000.0, 99999.99999838116, 99999.99999843912, 99999.99999840042, 99999.99999841879]
J=1.4e-04, ⟨Jf⟩=1.3e-04, ⟨B·n⟩=3.5e-03, Len=sum([2.4, 2.4, 2.5, 2.5, 2.6])=12.3, ϰ=[9.8, 7.5, 8.3, 10.6, 10.9], ∫ϰ²/L>=[16.8, 13.2, 15.5, 18.8, 20.1], C-C-Sep=0.08, ║∇J║=1.6e-03
Iteration 181/2000-----
currents: [100000.0, 99999.99999837989, 99999.99999843731, 99999.99999839852, 99999.99999841685]
J=1.4e-04, ⟨Jf⟩=1.3e-04, ⟨B·n⟩=3.5e-03, Len=sum([2.4, 2.4, 2.5, 2.5, 2.6])=12.3, ϰ=[9.8, 7.5, 8.3, 10.6, 10.9], ∫ϰ²/L>=[16.8, 13.3, 15.5, 18.8, 20.1], C-C-Sep=0.08, ║∇J║=1.8e-03
Iteration 182/2000-----
currents: [100000.0, 99999.99999837938, 99999.99999843657, 99999.99999839772, 99999.99999841604]
J=1.4e-04, ⟨Jf⟩=1.3e-04, ⟨B·n⟩=3.5e-03, Len=sum([2.4, 2.4, 2.5, 2.5, 2.6])=12.3, ϰ=[9.8, 7.5, 8.3, 10.6, 10.9], ∫ϰ²/L>=[16.8, 13.3, 15.4, 18.8, 20.1], C-C-Sep=0.08, ║∇J║=1.3e-03
Iteration 183/2000-----
currents: [100000.0, 99999.99999837745, 99999.99999843398, 99999.9999983951, 99999.99999841342]
J=1.4e-04, ⟨Jf⟩=1.3e-04, ⟨B·n⟩=3.4e-03, Len=sum([2.4, 2.4, 2.5, 2.5, 2.6])=12.3, ϰ=[9.8, 7.4, 8.2, 10.6, 10.8], ∫ϰ²/L>=[16.9, 13.3, 15.5, 18.9, 20.1], C-C-Sep=0.08, ║∇J║=1.3e-03
Iteration 184/2000-----
currents: [100000.0, 99999.99999837602, 99999.9999984321, 99999.99999839316, 99999.99999841145]
J=1.4e-04, ⟨Jf⟩=1.3e-04, ⟨B·n⟩=3.4e-03, Len=sum([2.4, 2.4, 2.5, 2.5, 2.6])=12.3, ϰ=[9.9, 7.4, 8.2, 10.6, 10.8], ∫ϰ²/L>=[16.9, 13.4, 15.5, 18.9, 20.1], C-C-Sep=0.08, ║∇J║=1.8e-03
Iteration 185/2000-----
currents: [100000.0, 99999.99999837454, 99999.99999843028, 99999.99999839139, 99999.99999840968]
J=1.4e-04, ⟨Jf⟩=1.3e-04, ⟨B·n⟩=3.4e-03, Len=sum([2.4, 2.4, 2.5, 2.5, 2.6])=12.3, ϰ=[9.9, 7.4, 8.2, 10.6, 10.7], ∫ϰ²/L>=[17.0, 13.5, 15.5, 18.9, 20.0], C-C-Sep=0.08, ║∇J║=1.2e-03
Iteration 186/2000-----
currents: [100000.0, 99999.99999837342, 99999.99999842906, 99999.99999839022, 99999.99999840847]
J=1.4e-04, ⟨Jf⟩=1.3e-04, ⟨B·n⟩=3.4e-03, Len=sum([2.4, 2.4, 2.5, 2.5, 2.6])=12.3, ϰ=[9.8, 7.3, 8.2, 10.6, 10.6], ∫ϰ²/L>=[16.9, 13.5, 15.5, 18.9, 20.0], C-C-Sep=0.08, ║∇J║=1.3e-03
Iteration 187/2000-----
currents: [100000.0, 99999.9999983723, 99999.99999842775, 99999.99999838894, 99999.99999840719]
J=1.4e-04, ⟨Jf⟩=1.3e-04, ⟨B·n⟩=3.4e-03, Len=sum([2.4, 2.4, 2.5, 2.5, 2.6])=12.3, ϰ=[9.8, 7.3, 8.2, 10.6, 10.6], ∫ϰ²/L>=[16.9, 13.5, 15.5, 18.9, 20.0], C-C-Sep=0.08, ║∇J║=1.3e-03
Iteration 188/2000-----
currents: [100000.0, 99999.99999837196, 99999.99999842755, 99999.99999838875, 99999.99999840691]
J=1.4e-04, ⟨Jf⟩=1.3e-04, ⟨B·n⟩=3.4e-03, Len=sum([2.4, 2.4, 2.5, 2.5, 2.6])=12.3, ϰ=[9.8, 7.2, 8.2, 10.6, 10.6], ∫ϰ²/L>=[16.8, 13.5, 15.4, 18.9, 19.9], C-C-Sep=0.08, ║∇J║=1.3e-03
Iteration 189/2000-----
currents: [100000.0, 99999.99999837011, 99999.99999842519, 99999.9999983863, 99999.99999840437]
J=1.4e-04, ⟨Jf⟩=1.3e-04, ⟨B·n⟩=3.5e-03, Len=sum([2.4, 2.4, 2.5, 2.5, 2.6])=12.3, ϰ=[9.7, 7.2, 8.2, 10.6, 10.5], ∫ϰ²/L>=[16.7, 13.4, 15.5, 18.9, 19.9], C-C-Sep=0.08, ║∇J║=1.8e-03
Iteration 190/2000-----
currents: [100000.0, 99999.99999836962, 99999.99999842477, 99999.99999838592, 99999.99999840392]
J=1.4e-04, ⟨Jf⟩=1.3e-04, ⟨B·n⟩=3.5e-03, Len=sum([2.4, 2.4, 2.5, 2.5, 2.6])=12.3, ϰ=[9.8, 7.1, 8.1, 10.6, 10.5], ∫ϰ²/L>=[16.7, 13.4, 15.4, 18.9, 19.9], C-C-Sep=0.08, ║∇J║=1.3e-03
Iteration 191/2000-----
currents: [100000.0, 99999.9999983686, 99999.99999842336, 99999.99999838442, 99999.99999840236]
J=1.4e-04, ⟨Jf⟩=1.3e-04, ⟨B·n⟩=3.5e-03, Len=sum([2.4, 2.4, 2.5, 2.5, 2.6])=12.3, ϰ=[9.8, 7.0, 8.0, 10.6, 10.4], ∫ϰ²/L>=[16.6, 13.4, 15.4, 18.9, 19.9], C-C-Sep=0.08, ║∇J║=1.3e-03
Iteration 192/2000-----
currents: [100000.0, 99999.99999836645, 99999.99999842055, 99999.99999838152, 99999.99999839938]
J=1.4e-04, ⟨Jf⟩=1.3e-04, ⟨B·n⟩=3.4e-03, Len=sum([2.4, 2.4, 2.5, 2.5, 2.6])=12.3, ϰ=[9.9, 7.0, 7.9, 10.6, 10.3], ∫ϰ²/L>=[16.6, 13.4, 15.5, 18.9, 19.9], C-C-Sep=0.08, ║∇J║=1.7e-03
Iteration 193/2000-----
currents: [100000.0, 99999.99999836409, 99999.99999841729, 99999.9999983781, 99999.99999839588]
J=1.4e-04, ⟨Jf⟩=1.3e-04, ⟨B·n⟩=3.4e-03, Len=sum([2.4, 2.4, 2.5, 2.5, 2.6])=12.3, ϰ=[9.9, 7.0, 7.9, 10.6, 10.2], ∫ϰ²/L>=[16.7, 13.5, 15.5, 18.9, 19.9], C-C-Sep=0.08, ║∇J║=1.5e-03
Iteration 194/2000-----
currents: [100000.0, 99999.9999983637, 99999.99999841648, 99999.99999837707, 99999.99999839478]
J=1.4e-04, ⟨Jf⟩=1.3e-04, ⟨B·n⟩=3.4e-03, Len=sum([2.4, 2.4, 2.5, 2.5, 2.6])=12.3, ϰ=[9.9, 7.0, 7.9, 10.6, 10.1], ∫ϰ²/L>=[16.7, 13.5, 15.5, 18.9, 19.9], C-C-Sep=0.08, ║∇J║=1.2e-03
Iteration 195/2000-----
currents: [100000.0, 99999.99999836244, 99999.9999984146, 99999.999998375, 99999.99999839265]
J=1.4e-04, ⟨Jf⟩=1.3e-04, ⟨B·n⟩=3.4e-03, Len=sum([2.4, 2.4, 2.5, 2.5, 2.6])=12.3, ϰ=[9.8, 7.0, 8.0, 10.6, 10.0], ∫ϰ²/L>=[16.6, 13.6, 15.5, 18.9, 19.9], C-C-Sep=0.08, ║∇J║=1.1e-03
Iteration 196/2000-----
currents: [100000.0, 99999.99999836182, 99999.99999841342, 99999.99999837352, 99999.99999839105]
J=1.4e-04, ⟨Jf⟩=1.3e-04, ⟨B·n⟩=3.4e-03, Len=sum([2.4, 2.4, 2.5, 2.5, 2.6])=12.3, ϰ=[9.8, 6.9, 8.0, 10.6, 10.0], ∫ϰ²/L>=[16.6, 13.6, 15.5, 18.9, 19.9], C-C-Sep=0.08, ║∇J║=1.4e-03
Iteration 197/2000-----
currents: [100000.0, 99999.99999835978, 99999.99999841047, 99999.99999837035, 99999.99999838784]
J=1.4e-04, ⟨Jf⟩=1.3e-04, ⟨B·n⟩=3.4e-03, Len=sum([2.4, 2.4, 2.5, 2.5, 2.6])=12.3, ϰ=[9.8, 6.9, 8.0, 10.5, 9.9], ∫ϰ²/L>=[16.6, 13.6, 15.4, 18.9, 19.9], C-C-Sep=0.08, ║∇J║=1.2e-03
Iteration 198/2000-----
currents: [100000.0, 99999.9999983581, 99999.99999840828, 99999.99999836813, 99999.99999838561]
J=1.4e-04, ⟨Jf⟩=1.3e-04, ⟨B·n⟩=3.4e-03, Len=sum([2.4, 2.4, 2.5, 2.5, 2.6])=12.3, ϰ=[9.7, 6.8, 8.0, 10.5, 9.9], ∫ϰ²/L>=[16.5, 13.6, 15.4, 18.9, 19.9], C-C-Sep=0.08, ║∇J║=1.2e-03
Iteration 199/2000-----
currents: [100000.0, 99999.99999835588, 99999.99999840523, 99999.9999983649, 99999.99999838235]
J=1.4e-04, ⟨Jf⟩=1.3e-04, ⟨B·n⟩=3.4e-03, Len=sum([2.4, 2.4, 2.5, 2.5, 2.6])=12.3, ϰ=[9.7, 6.7, 7.9, 10.5, 9.8], ∫ϰ²/L>=[16.5, 13.6, 15.4, 18.9, 19.9], C-C-Sep=0.08, ║∇J║=1.4e-03
Iteration 200/2000-----
currents: [100000.0, 99999.9999983539, 99999.99999840255, 99999.99999836211, 99999.99999837957]
J=1.4e-04, ⟨Jf⟩=1.3e-04, ⟨B·n⟩=3.4e-03, Len=sum([2.4, 2.4, 2.5, 2.5, 2.6])=12.3, ϰ=[9.7, 6.6, 7.9, 10.5, 9.7], ∫ϰ²/L>=[16.5, 13.6, 15.3, 18.8, 19.9], C-C-Sep=0.08, ║∇J║=1.7e-03
Iteration 201/2000-----
currents: [100000.0, 99999.99999835339, 99999.99999840176, 99999.9999983612, 99999.99999837865]
J=1.4e-04, ⟨Jf⟩=1.3e-04, ⟨B·n⟩=3.4e-03, Len=sum([2.4, 2.4, 2.5, 2.5, 2.6])=12.3, ϰ=[9.6, 6.6, 7.9, 10.5, 9.7], ∫ϰ²/L>=[16.5, 13.6, 15.3, 18.8, 19.9], C-C-Sep=0.08, ║∇J║=1.0e-03
Iteration 202/2000-----
currents: [100000.0, 99999.9999983529, 99999.9999984008, 99999.99999836001, 99999.9999983774]
J=1.4e-04, ⟨Jf⟩=1.3e-04, ⟨B·n⟩=3.4e-03, Len=sum([2.4, 2.4, 2.5, 2.5, 2.6])=12.3, ϰ=[9.6, 6.7, 8.0, 10.5, 9.7], ∫ϰ²/L>=[16.5, 13.6, 15.2, 18.8, 19.9], C-C-Sep=0.08, ║∇J║=1.0e-03
Iteration 203/2000-----
currents: [100000.0, 99999.99999835207, 99999.99999839936, 99999.99999835831, 99999.99999837566]
J=1.4e-04, ⟨Jf⟩=1.3e-04, ⟨B·n⟩=3.4e-03, Len=sum([2.4, 2.4, 2.5, 2.5, 2.6])=12.3, ϰ=[9.6, 6.7, 8.0, 10.5, 9.7], ∫ϰ²/L>=[16.5, 13.6, 15.2, 18.8, 19.9], C-C-Sep=0.08, ║∇J║=1.3e-03
Iteration 204/2000-----
currents: [100000.0, 99999.99999835015, 99999.9999983965, 99999.99999835517, 99999.99999837247]
J=1.4e-04, ⟨Jf⟩=1.3e-04, ⟨B·n⟩=3.4e-03, Len=sum([2.4, 2.4, 2.5, 2.5, 2.6])=12.3, ϰ=[9.5, 6.8, 8.1, 10.5, 9.7], ∫ϰ²/L>=[16.5, 13.7, 15.2, 18.8, 19.9], C-C-Sep=0.08, ║∇J║=1.5e-03
Iteration 205/2000-----
currents: [100000.0, 99999.99999834872, 99999.99999839412, 99999.99999835243, 99999.99999836968]
J=1.4e-04, ⟨Jf⟩=1.3e-04, ⟨B·n⟩=3.4e-03, Len=sum([2.4, 2.4, 2.5, 2.5, 2.6])=12.3, ϰ=[9.5, 6.8, 8.1, 10.5, 9.6], ∫ϰ²/L>=[16.5, 13.7, 15.2, 18.8, 19.9], C-C-Sep=0.08, ║∇J║=1.2e-03
Iteration 206/2000-----
currents: [100000.0, 99999.99999834622, 99999.99999839067, 99999.99999834893, 99999.99999836623]
J=1.4e-04, ⟨Jf⟩=1.3e-04, ⟨B·n⟩=3.4e-03, Len=sum([2.4, 2.4, 2.5, 2.5, 2.6])=12.3, ϰ=[9.5, 6.9, 8.2, 10.5, 9.6], ∫ϰ²/L>=[16.6, 13.7, 15.2, 18.8, 20.0], C-C-Sep=0.08, ║∇J║=1.2e-03
Iteration 207/2000-----
currents: [100000.0, 99999.99999834519, 99999.99999838896, 99999.99999834698, 99999.99999836428]
J=1.4e-04, ⟨Jf⟩=1.3e-04, ⟨B·n⟩=3.4e-03, Len=sum([2.4, 2.4, 2.5, 2.5, 2.6])=12.3, ϰ=[9.5, 6.9, 8.3, 10.4, 9.6], ∫ϰ²/L>=[16.5, 13.7, 15.2, 18.8, 20.0], C-C-Sep=0.08, ║∇J║=1.4e-03
Iteration 208/2000-----
currents: [100000.0, 99999.99999834278, 99999.99999838548, 99999.99999834332, 99999.9999983607]
J=1.4e-04, ⟨Jf⟩=1.3e-04, ⟨B·n⟩=3.4e-03, Len=sum([2.4, 2.4, 2.5, 2.5, 2.6])=12.3, ϰ=[9.4, 6.9, 8.3, 10.4, 9.6], ∫ϰ²/L>=[16.6, 13.7, 15.2, 18.9, 20.0], C-C-Sep=0.08, ║∇J║=1.2e-03
Iteration 209/2000-----
currents: [100000.0, 99999.99999834187, 99999.99999838433, 99999.9999983422, 99999.99999835962]
J=1.4e-04, ⟨Jf⟩=1.3e-04, ⟨B·n⟩=3.4e-03, Len=sum([2.4, 2.4, 2.5, 2.5, 2.6])=12.3, ϰ=[9.4, 7.0, 8.3, 10.4, 9.6], ∫ϰ²/L>=[16.6, 13.7, 15.2, 18.8, 20.0], C-C-Sep=0.08, ║∇J║=1.1e-03
Iteration 210/2000-----
currents: [100000.0, 99999.99999834115, 99999.99999838328, 99999.99999834107, 99999.99999835851]
J=1.4e-04, ⟨Jf⟩=1.3e-04, ⟨B·n⟩=3.4e-03, Len=sum([2.4, 2.4, 2.5, 2.5, 2.6])=12.3, ϰ=[9.3, 7.0, 8.3, 10.4, 9.6], ∫ϰ²/L>=[16.5, 13.7, 15.2, 18.8, 19.9], C-C-Sep=0.08, ║∇J║=1.1e-03
Iteration 211/2000-----
currents: [100000.0, 99999.99999833964, 99999.99999838114, 99999.99999833883, 99999.99999835632]
J=1.3e-04, ⟨Jf⟩=1.2e-04, ⟨B·n⟩=3.4e-03, Len=sum([2.4, 2.4, 2.5, 2.5, 2.6])=12.3, ϰ=[9.3, 7.1, 8.3, 10.3, 9.6], ∫ϰ²/L>=[16.5, 13.8, 15.2, 18.8, 19.9], C-C-Sep=0.08, ║∇J║=1.2e-03
Iteration 212/2000-----
currents: [100000.0, 99999.9999983371, 99999.9999983775, 99999.99999833506, 99999.99999835265]
J=1.3e-04, ⟨Jf⟩=1.2e-04, ⟨B·n⟩=3.4e-03, Len=sum([2.4, 2.4, 2.5, 2.5, 2.6])=12.3, ϰ=[9.3, 7.2, 8.3, 10.3, 9.6], ∫ϰ²/L>=[16.5, 13.8, 15.2, 18.8, 19.9], C-C-Sep=0.08, ║∇J║=1.6e-03
Iteration 213/2000-----
currents: [100000.0, 99999.99999833602, 99999.99999837614, 99999.99999833375, 99999.9999983514]
J=1.3e-04, ⟨Jf⟩=1.2e-04, ⟨B·n⟩=3.4e-03, Len=sum([2.4, 2.4, 2.5, 2.5, 2.6])=12.3, ϰ=[9.3, 7.2, 8.3, 10.3, 9.6], ∫ϰ²/L>=[16.4, 13.8, 15.2, 18.8, 19.9], C-C-Sep=0.08, ║∇J║=1.0e-03
Iteration 214/2000-----
currents: [100000.0, 99999.9999983342, 99999.99999837372, 99999.99999833135, 99999.99999834906]
J=1.3e-04, ⟨Jf⟩=1.2e-04, ⟨B·n⟩=3.4e-03, Len=sum([2.4, 2.4, 2.5, 2.5, 2.6])=12.3, ϰ=[9.3, 7.3, 8.3, 10.2, 9.6], ∫ϰ²/L>=[16.4, 13.8, 15.3, 18.8, 19.9], C-C-Sep=0.08, ║∇J║=1.0e-03
Iteration 215/2000-----
currents: [100000.0, 99999.9999983327, 99999.99999837182, 99999.99999832954, 99999.99999834732]
J=1.3e-04, ⟨Jf⟩=1.2e-04, ⟨B·n⟩=3.4e-03, Len=sum([2.4, 2.4, 2.5, 2.5, 2.6])=12.3, ϰ=[9.3, 7.3, 8.3, 10.2, 9.6], ∫ϰ²/L>=[16.4, 13.8, 15.3, 18.8, 19.8], C-C-Sep=0.08, ║∇J║=1.3e-03
Iteration 216/2000-----
currents: [100000.0, 99999.99999832976, 99999.9999983678, 99999.99999832553, 99999.99999834341]
J=1.3e-04, ⟨Jf⟩=1.2e-04, ⟨B·n⟩=3.4e-03, Len=sum([2.4, 2.4, 2.5, 2.5, 2.6])=12.3, ϰ=[9.3, 7.5, 8.2, 10.1, 9.5], ∫ϰ²/L>=[16.4, 13.8, 15.3, 18.8, 19.8], C-C-Sep=0.08, ║∇J║=1.2e-03
Iteration 217/2000-----
currents: [100000.0, 99999.99999832868, 99999.99999836631, 99999.99999832407, 99999.999998342]
J=1.3e-04, ⟨Jf⟩=1.2e-04, ⟨B·n⟩=3.4e-03, Len=sum([2.4, 2.4, 2.5, 2.5, 2.6])=12.3, ϰ=[9.3, 7.5, 8.2, 10.1, 9.5], ∫ϰ²/L>=[16.3, 13.8, 15.3, 18.8, 19.8], C-C-Sep=0.08, ║∇J║=1.1e-03
Iteration 218/2000-----
currents: [100000.0, 99999.99999832781, 99999.99999836506, 99999.99999832282, 99999.99999834075]
J=1.3e-04, ⟨Jf⟩=1.2e-04, ⟨B·n⟩=3.4e-03, Len=sum([2.4, 2.4, 2.5, 2.5, 2.6])=12.3, ϰ=[9.2, 7.4, 8.1, 10.1, 9.5], ∫ϰ²/L>=[16.3, 13.8, 15.3, 18.7, 19.8], C-C-Sep=0.08, ║∇J║=1.0e-03
Iteration 219/2000-----
currents: [100000.0, 99999.99999832649, 99999.99999836301, 99999.99999832072, 99999.99999833867]
J=1.3e-04, ⟨Jf⟩=1.2e-04, ⟨B·n⟩=3.4e-03, Len=sum([2.4, 2.4, 2.5, 2.5, 2.6])=12.3, ϰ=[9.2, 7.4, 7.9, 10.1, 9.5], ∫ϰ²/L>=[16.2, 13.8, 15.3, 18.7, 19.8], C-C-Sep=0.08, ║∇J║=1.2e-03
Iteration 220/2000-----
currents: [100000.0, 99999.99999832427, 99999.99999835965, 99999.99999831729, 99999.99999833523]
J=1.3e-04, ⟨Jf⟩=1.2e-04, ⟨B·n⟩=3.4e-03, Len=sum([2.4, 2.4, 2.5, 2.5, 2.6])=12.3, ϰ=[9.2, 7.3, 7.8, 10.0, 9.5], ∫ϰ²/L>=[16.2, 13.8, 15.3, 18.7, 19.8], C-C-Sep=0.08, ║∇J║=1.3e-03
Iteration 221/2000-----
currents: [100000.0, 99999.99999832312, 99999.9999983579, 99999.99999831551, 99999.99999833347]
J=1.3e-04, ⟨Jf⟩=1.2e-04, ⟨B·n⟩=3.4e-03, Len=sum([2.4, 2.4, 2.5, 2.5, 2.6])=12.3, ϰ=[9.3, 7.3, 7.7, 10.0, 9.5], ∫ϰ²/L>=[16.2, 13.8, 15.2, 18.7, 19.8], C-C-Sep=0.08, ║∇J║=9.0e-04
Iteration 222/2000-----
currents: [100000.0, 99999.99999832224, 99999.99999835645, 99999.9999983141, 99999.9999983321]
J=1.3e-04, ⟨Jf⟩=1.2e-04, ⟨B·n⟩=3.4e-03, Len=sum([2.4, 2.4, 2.5, 2.5, 2.6])=12.3, ϰ=[9.3, 7.3, 7.6, 10.0, 9.5], ∫ϰ²/L>=[16.2, 13.8, 15.2, 18.7, 19.8], C-C-Sep=0.08, ║∇J║=1.0e-03
Iteration 223/2000-----
currents: [100000.0, 99999.99999831982, 99999.99999835293, 99999.9999983106, 99999.99999832865]
J=1.3e-04, ⟨Jf⟩=1.2e-04, ⟨B·n⟩=3.4e-03, Len=sum([2.4, 2.4, 2.5, 2.5, 2.6])=12.3, ϰ=[9.4, 7.4, 7.5, 9.9, 9.4], ∫ϰ²/L>=[16.2, 13.9, 15.2, 18.7, 19.8], C-C-Sep=0.08, ║∇J║=1.2e-03
Iteration 224/2000-----
currents: [100000.0, 99999.99999831832, 99999.99999835048, 99999.99999830818, 99999.99999832633]
J=1.3e-04, ⟨Jf⟩=1.2e-04, ⟨B·n⟩=3.4e-03, Len=sum([2.4, 2.4, 2.5, 2.5, 2.6])=12.3, ϰ=[9.6, 7.4, 7.4, 9.9, 9.4], ∫ϰ²/L>=[16.2, 13.9, 15.2, 18.7, 19.7], C-C-Sep=0.08, ║∇J║=1.1e-03
Iteration 225/2000-----
currents: [100000.0, 99999.99999831544, 99999.99999834597, 99999.99999830367, 99999.99999832195]
J=1.3e-04, ⟨Jf⟩=1.2e-04, ⟨B·n⟩=3.4e-03, Len=sum([2.4, 2.4, 2.5, 2.5, 2.6])=12.3, ϰ=[9.7, 7.4, 7.3, 9.8, 9.4], ∫ϰ²/L>=[16.2, 14.0, 15.2, 18.7, 19.7], C-C-Sep=0.08, ║∇J║=1.4e-03
Iteration 226/2000-----
currents: [100000.0, 99999.99999831447, 99999.99999834421, 99999.9999983019, 99999.99999832026]
J=1.3e-04, ⟨Jf⟩=1.2e-04, ⟨B·n⟩=3.4e-03, Len=sum([2.4, 2.4, 2.5, 2.5, 2.6])=12.3, ϰ=[9.7, 7.4, 7.2, 9.8, 9.5], ∫ϰ²/L>=[16.2, 14.0, 15.1, 18.7, 19.7], C-C-Sep=0.08, ║∇J║=1.1e-03
Iteration 227/2000-----
currents: [100000.0, 99999.99999831319, 99999.99999834229, 99999.99999829993, 99999.99999831832]
J=1.3e-04, ⟨Jf⟩=1.2e-04, ⟨B·n⟩=3.4e-03, Len=sum([2.4, 2.4, 2.5, 2.5, 2.6])=12.3, ϰ=[9.7, 7.4, 7.1, 9.8, 9.5], ∫ϰ²/L>=[16.2, 14.0, 15.1, 18.7, 19.7], C-C-Sep=0.08, ║∇J║=9.4e-04
Iteration 228/2000-----
currents: [100000.0, 99999.9999983121, 99999.99999834051, 99999.99999829815, 99999.99999831659]
J=1.3e-04, ⟨Jf⟩=1.2e-04, ⟨B·n⟩=3.4e-03, Len=sum([2.4, 2.4, 2.5, 2.5, 2.6])=12.3, ϰ=[9.7, 7.4, 7.1, 9.8, 9.5], ∫ϰ²/L>=[16.2, 14.0, 15.1, 18.7, 19.6], C-C-Sep=0.08, ║∇J║=9.5e-04
Iteration 229/2000-----
currents: [100000.0, 99999.99999831006, 99999.99999833766, 99999.99999829536, 99999.99999831383]
J=1.3e-04, ⟨Jf⟩=1.2e-04, ⟨B·n⟩=3.4e-03, Len=sum([2.4, 2.4, 2.5, 2.5, 2.6])=12.3, ϰ=[9.6, 7.4, 7.1, 9.8, 9.5], ∫ϰ²/L>=[16.2, 14.0, 15.1, 18.7, 19.6], C-C-Sep=0.08, ║∇J║=9.3e-04
Iteration 230/2000-----
currents: [100000.0, 99999.99999830809, 99999.9999983349, 99999.99999829274, 99999.99999831124]
J=1.3e-04, ⟨Jf⟩=1.2e-04, ⟨B·n⟩=3.4e-03, Len=sum([2.4, 2.4, 2.5, 2.5, 2.6])=12.3, ϰ=[9.7, 7.4, 7.1, 9.8, 9.4], ∫ϰ²/L>=[16.2, 14.0, 15.1, 18.6, 19.6], C-C-Sep=0.08, ║∇J║=9.4e-04
Iteration 231/2000-----
currents: [100000.0, 99999.99999830432, 99999.99999832973, 99999.99999828788, 99999.99999830645]
J=1.3e-04, ⟨Jf⟩=1.2e-04, ⟨B·n⟩=3.4e-03, Len=sum([2.4, 2.4, 2.5, 2.5, 2.6])=12.3, ϰ=[9.6, 7.3, 7.2, 9.8, 9.3], ∫ϰ²/L>=[16.2, 14.0, 15.2, 18.6, 19.6], C-C-Sep=0.08, ║∇J║=1.1e-03
Iteration 232/2000-----
currents: [100000.0, 99999.99999830207, 99999.99999832678, 99999.99999828539, 99999.99999830405]
J=1.3e-04, ⟨Jf⟩=1.2e-04, ⟨B·n⟩=3.4e-03, Len=sum([2.4, 2.4, 2.5, 2.5, 2.6])=12.3, ϰ=[9.6, 7.3, 7.3, 9.8, 9.2], ∫ϰ²/L>=[16.2, 14.0, 15.2, 18.6, 19.6], C-C-Sep=0.08, ║∇J║=1.3e-03
Iteration 233/2000-----
currents: [100000.0, 99999.9999983009, 99999.99999832526, 99999.999998284, 99999.9999983027]
J=1.3e-04, ⟨Jf⟩=1.2e-04, ⟨B·n⟩=3.4e-03, Len=sum([2.4, 2.4, 2.5, 2.5, 2.6])=12.3, ϰ=[9.6, 7.3, 7.3, 9.8, 9.2], ∫ϰ²/L>=[16.2, 14.0, 15.3, 18.6, 19.6], C-C-Sep=0.08, ║∇J║=9.3e-04
Iteration 234/2000-----
currents: [100000.0, 99999.99999829984, 99999.99999832384, 99999.99999828271, 99999.99999830149]
J=1.3e-04, ⟨Jf⟩=1.2e-04, ⟨B·n⟩=3.4e-03, Len=sum([2.4, 2.4, 2.5, 2.5, 2.6])=12.3, ϰ=[9.6, 7.4, 7.4, 9.8, 9.2], ∫ϰ²/L>=[16.2, 14.0, 15.3, 18.6, 19.5], C-C-Sep=0.08, ║∇J║=8.3e-04
Iteration 235/2000-----
currents: [100000.0, 99999.99999829828, 99999.99999832151, 99999.99999828044, 99999.99999829926]
J=1.3e-04, ⟨Jf⟩=1.2e-04, ⟨B·n⟩=3.4e-03, Len=sum([2.4, 2.4, 2.5, 2.5, 2.6])=12.3, ϰ=[9.6, 7.4, 7.4, 9.8, 9.1], ∫ϰ²/L>=[16.2, 14.1, 15.3, 18.6, 19.5], C-C-Sep=0.08, ║∇J║=8.7e-04
Iteration 236/2000-----
currents: [100000.0, 99999.99999829449, 99999.99999831585, 99999.99999827497, 99999.99999829389]
J=1.3e-04, ⟨Jf⟩=1.2e-04, ⟨B·n⟩=3.4e-03, Len=sum([2.4, 2.4, 2.5, 2.5, 2.6])=12.3, ϰ=[9.6, 7.6, 7.4, 9.8, 9.1], ∫ϰ²/L>=[16.1, 14.1, 15.4, 18.5, 19.5], C-C-Sep=0.08, ║∇J║=1.2e-03
Iteration 237/2000-----
currents: [100000.0, 99999.99999829194, 99999.9999983119, 99999.99999827104, 99999.99999829]
J=1.3e-04, ⟨Jf⟩=1.2e-04, ⟨B·n⟩=3.4e-03, Len=sum([2.4, 2.4, 2.5, 2.5, 2.6])=12.3, ϰ=[9.5, 7.6, 7.4, 9.8, 9.1], ∫ϰ²/L>=[16.1, 14.1, 15.4, 18.5, 19.4], C-C-Sep=0.08, ║∇J║=1.2e-03
Iteration 238/2000-----
currents: [100000.0, 99999.99999829101, 99999.99999831051, 99999.99999826966, 99999.99999828861]
J=1.3e-04, ⟨Jf⟩=1.2e-04, ⟨B·n⟩=3.4e-03, Len=sum([2.4, 2.4, 2.5, 2.5, 2.6])=12.3, ϰ=[9.5, 7.6, 7.4, 9.7, 9.1], ∫ϰ²/L>=[16.1, 14.1, 15.4, 18.5, 19.4], C-C-Sep=0.08, ║∇J║=8.1e-04
Iteration 239/2000-----
currents: [100000.0, 99999.99999828973, 99999.9999983085, 99999.99999826765, 99999.9999982866]
J=1.3e-04, ⟨Jf⟩=1.2e-04, ⟨B·n⟩=3.4e-03, Len=sum([2.4, 2.4, 2.5, 2.5, 2.6])=12.3, ϰ=[9.5, 7.6, 7.4, 9.7, 9.1], ∫ϰ²/L>=[16.0, 14.1, 15.4, 18.5, 19.4], C-C-Sep=0.08, ║∇J║=7.2e-04
Iteration 240/2000-----
currents: [100000.0, 99999.99999828816, 99999.99999830619, 99999.99999826543, 99999.99999828442]
J=1.3e-04, ⟨Jf⟩=1.2e-04, ⟨B·n⟩=3.4e-03, Len=sum([2.4, 2.4, 2.5, 2.5, 2.6])=12.3, ϰ=[9.4, 7.6, 7.5, 9.7, 9.1], ∫ϰ²/L>=[16.0, 14.1, 15.5, 18.5, 19.4], C-C-Sep=0.08, ║∇J║=1.0e-03
Iteration 241/2000-----
currents: [100000.0, 99999.99999828596, 99999.99999830291, 99999.99999826227, 99999.99999828133]
J=1.3e-04, ⟨Jf⟩=1.2e-04, ⟨B·n⟩=3.4e-03, Len=sum([2.4, 2.4, 2.5, 2.5, 2.6])=12.3, ϰ=[9.3, 7.6, 7.6, 9.7, 9.1], ∫ϰ²/L>=[16.0, 14.1, 15.5, 18.5, 19.4], C-C-Sep=0.08, ║∇J║=8.9e-04
Iteration 242/2000-----
currents: [100000.0, 99999.99999828303, 99999.99999829868, 99999.99999825824, 99999.9999982774]
J=1.3e-04, ⟨Jf⟩=1.2e-04, ⟨B·n⟩=3.4e-03, Len=sum([2.4, 2.4, 2.5, 2.5, 2.6])=12.3, ϰ=[9.3, 7.6, 7.7, 9.7, 9.1], ∫ϰ²/L>=[16.1, 14.1, 15.6, 18.5, 19.4], C-C-Sep=0.08, ║∇J║=1.0e-03
Iteration 243/2000-----
currents: [100000.0, 99999.99999828073, 99999.9999982952, 99999.99999825482, 99999.99999827404]
J=1.3e-04, ⟨Jf⟩=1.2e-04, ⟨B·n⟩=3.4e-03, Len=sum([2.4, 2.4, 2.5, 2.5, 2.6])=12.3, ϰ=[9.2, 7.7, 7.8, 9.7, 9.1], ∫ϰ²/L>=[16.1, 14.1, 15.6, 18.5, 19.4], C-C-Sep=0.08, ║∇J║=1.0e-03
Iteration 244/2000-----
currents: [100000.0, 99999.99999827908, 99999.9999982926, 99999.9999982522, 99999.99999827144]
J=1.3e-04, ⟨Jf⟩=1.2e-04, ⟨B·n⟩=3.4e-03, Len=sum([2.4, 2.4, 2.5, 2.5, 2.6])=12.3, ϰ=[9.2, 7.7, 7.8, 9.7, 9.1], ∫ϰ²/L>=[16.1, 14.1, 15.6, 18.5, 19.4], C-C-Sep=0.08, ║∇J║=8.6e-04
Iteration 245/2000-----
currents: [100000.0, 99999.9999982776, 99999.99999829025, 99999.99999824981, 99999.99999826902]
J=1.3e-04, ⟨Jf⟩=1.2e-04, ⟨B·n⟩=3.4e-03, Len=sum([2.4, 2.4, 2.5, 2.5, 2.6])=12.3, ϰ=[9.2, 7.7, 7.7, 9.7, 9.1], ∫ϰ²/L>=[16.1, 14.1, 15.6, 18.5, 19.3], C-C-Sep=0.08, ║∇J║=8.3e-04
Iteration 246/2000-----
currents: [100000.0, 99999.99999827538, 99999.99999828654, 99999.99999824585, 99999.99999826505]
J=1.3e-04, ⟨Jf⟩=1.2e-04, ⟨B·n⟩=3.4e-03, Len=sum([2.4, 2.4, 2.5, 2.5, 2.6])=12.3, ϰ=[9.2, 7.7, 7.7, 9.7, 9.0], ∫ϰ²/L>=[16.1, 14.1, 15.6, 18.5, 19.3], C-C-Sep=0.08, ║∇J║=8.6e-04
Iteration 247/2000-----
currents: [100000.0, 99999.99999827429, 99999.99999828468, 99999.99999824392, 99999.99999826311]
J=1.3e-04, ⟨Jf⟩=1.2e-04, ⟨B·n⟩=3.4e-03, Len=sum([2.4, 2.4, 2.5, 2.5, 2.6])=12.3, ϰ=[9.3, 7.7, 7.7, 9.7, 9.0], ∫ϰ²/L>=[16.1, 14.1, 15.6, 18.5, 19.3], C-C-Sep=0.08, ║∇J║=7.9e-04
Iteration 248/2000-----
currents: [100000.0, 99999.99999827126, 99999.99999827989, 99999.999998239, 99999.99999825825]
J=1.3e-04, ⟨Jf⟩=1.2e-04, ⟨B·n⟩=3.4e-03, Len=sum([2.4, 2.4, 2.5, 2.5, 2.6])=12.3, ϰ=[9.3, 7.7, 7.7, 9.6, 9.0], ∫ϰ²/L>=[16.1, 14.1, 15.6, 18.5, 19.3], C-C-Sep=0.08, ║∇J║=9.1e-04
Iteration 249/2000-----
currents: [100000.0, 99999.99999826928, 99999.99999827669, 99999.99999823574, 99999.99999825508]
J=1.3e-04, ⟨Jf⟩=1.2e-04, ⟨B·n⟩=3.4e-03, Len=sum([2.4, 2.4, 2.5, 2.5, 2.6])=12.3, ϰ=[9.3, 7.7, 7.8, 9.6, 9.0], ∫ϰ²/L>=[16.1, 14.1, 15.7, 18.5, 19.4], C-C-Sep=0.08, ║∇J║=9.8e-04
Iteration 250/2000-----
currents: [100000.0, 99999.99999826425, 99999.99999826924, 99999.99999822839, 99999.99999824795]
J=1.3e-04, ⟨Jf⟩=1.2e-04, ⟨B·n⟩=3.4e-03, Len=sum([2.4, 2.4, 2.4, 2.5, 2.6])=12.3, ϰ=[9.3, 7.7, 7.8, 9.6, 9.0], ∫ϰ²/L>=[16.2, 14.2, 15.7, 18.4, 19.4], C-C-Sep=0.08, ║∇J║=1.0e-03
Iteration 251/2000-----
currents: [100000.0, 99999.99999825934, 99999.99999826188, 99999.99999822117, 99999.999998241]
J=1.3e-04, ⟨Jf⟩=1.2e-04, ⟨B·n⟩=3.4e-03, Len=sum([2.4, 2.4, 2.4, 2.5, 2.6])=12.3, ϰ=[9.3, 7.7, 7.9, 9.4, 9.0], ∫ϰ²/L>=[16.3, 14.2, 15.8, 18.4, 19.4], C-C-Sep=0.08, ║∇J║=1.4e-03
Iteration 252/2000-----
currents: [100000.0, 99999.99999825706, 99999.99999825873, 99999.99999821813, 99999.99999823807]
J=1.3e-04, ⟨Jf⟩=1.2e-04, ⟨B·n⟩=3.4e-03, Len=sum([2.4, 2.4, 2.4, 2.5, 2.6])=12.3, ϰ=[9.2, 7.7, 8.0, 9.5, 8.9], ∫ϰ²/L>=[16.3, 14.2, 15.8, 18.4, 19.4], C-C-Sep=0.08, ║∇J║=8.6e-04
Iteration 253/2000-----
currents: [100000.0, 99999.99999825662, 99999.99999825825, 99999.99999821781, 99999.99999823782]
J=1.3e-04, ⟨Jf⟩=1.2e-04, ⟨B·n⟩=3.4e-03, Len=sum([2.4, 2.4, 2.4, 2.5, 2.6])=12.3, ϰ=[9.2, 7.7, 8.0, 9.5, 9.0], ∫ϰ²/L>=[16.2, 14.2, 15.8, 18.4, 19.3], C-C-Sep=0.08, ║∇J║=7.7e-04
Iteration 254/2000-----
currents: [100000.0, 99999.99999825493, 99999.9999982556, 99999.99999821508, 99999.99999823513]
J=1.3e-04, ⟨Jf⟩=1.2e-04, ⟨B·n⟩=3.4e-03, Len=sum([2.4, 2.4, 2.4, 2.5, 2.6])=12.3, ϰ=[9.1, 7.7, 8.0, 9.5, 9.0], ∫ϰ²/L>=[16.2, 14.2, 15.8, 18.4, 19.3], C-C-Sep=0.08, ║∇J║=8.3e-04
Iteration 255/2000-----
currents: [100000.0, 99999.9999982527, 99999.99999825226, 99999.9999982118, 99999.99999823199]
J=1.3e-04, ⟨Jf⟩=1.2e-04, ⟨B·n⟩=3.4e-03, Len=sum([2.4, 2.4, 2.4, 2.5, 2.6])=12.3, ϰ=[9.0, 7.8, 8.1, 9.5, 9.0], ∫ϰ²/L>=[16.2, 14.2, 15.9, 18.3, 19.3], C-C-Sep=0.08, ║∇J║=9.0e-04
Iteration 256/2000-----
currents: [100000.0, 99999.99999824895, 99999.99999824642, 99999.99999820584, 99999.99999822615]
J=1.3e-04, ⟨Jf⟩=1.2e-04, ⟨B·n⟩=3.4e-03, Len=sum([2.4, 2.4, 2.4, 2.5, 2.6])=12.3, ϰ=[8.9, 7.8, 8.1, 9.5, 9.0], ∫ϰ²/L>=[16.2, 14.3, 15.9, 18.3, 19.2], C-C-Sep=0.08, ║∇J║=9.5e-04
Iteration 257/2000-----
currents: [100000.0, 99999.9999982471, 99999.9999982434, 99999.99999820262, 99999.999998223]
J=1.3e-04, ⟨Jf⟩=1.2e-04, ⟨B·n⟩=3.4e-03, Len=sum([2.4, 2.4, 2.4, 2.5, 2.6])=12.3, ϰ=[8.9, 7.8, 8.1, 9.5, 9.0], ∫ϰ²/L>=[16.2, 14.3, 15.9, 18.3, 19.2], C-C-Sep=0.08, ║∇J║=8.1e-04
Iteration 258/2000-----
currents: [100000.0, 99999.99999824491, 99999.99999824, 99999.99999819917, 99999.99999821963]
J=1.3e-04, ⟨Jf⟩=1.2e-04, ⟨B·n⟩=3.4e-03, Len=sum([2.4, 2.4, 2.4, 2.5, 2.6])=12.3, ϰ=[8.9, 7.8, 8.1, 9.5, 9.0], ∫ϰ²/L>=[16.2, 14.3, 15.9, 18.3, 19.2], C-C-Sep=0.08, ║∇J║=8.7e-04
Iteration 259/2000-----
currents: [100000.0, 99999.99999824363, 99999.99999823804, 99999.99999819712, 99999.99999821764]
J=1.3e-04, ⟨Jf⟩=1.2e-04, ⟨B·n⟩=3.4e-03, Len=sum([2.4, 2.4, 2.4, 2.5, 2.6])=12.3, ϰ=[8.9, 7.7, 8.1, 9.5, 9.0], ∫ϰ²/L>=[16.2, 14.3, 15.9, 18.3, 19.2], C-C-Sep=0.08, ║∇J║=7.7e-04
Iteration 260/2000-----
currents: [100000.0, 99999.99999824261, 99999.9999982365, 99999.99999819558, 99999.99999821617]
J=1.3e-04, ⟨Jf⟩=1.2e-04, ⟨B·n⟩=3.4e-03, Len=sum([2.4, 2.4, 2.4, 2.5, 2.6])=12.3, ϰ=[8.9, 7.7, 8.1, 9.5, 9.0], ∫ϰ²/L>=[16.1, 14.3, 15.9, 18.3, 19.2], C-C-Sep=0.08, ║∇J║=8.1e-04
Iteration 261/2000-----
currents: [100000.0, 99999.9999982377, 99999.99999822935, 99999.9999981885, 99999.9999982093]
J=1.3e-04, ⟨Jf⟩=1.2e-04, ⟨B·n⟩=3.4e-03, Len=sum([2.4, 2.4, 2.4, 2.5, 2.6])=12.3, ϰ=[8.8, 7.8, 8.1, 9.5, 8.9], ∫ϰ²/L>=[16.1, 14.3, 15.9, 18.3, 19.1], C-C-Sep=0.08, ║∇J║=9.3e-04
Iteration 262/2000-----
currents: [100000.0, 99999.99999823666, 99999.99999822778, 99999.99999818693, 99999.99999820782]
J=1.3e-04, ⟨Jf⟩=1.2e-04, ⟨B·n⟩=3.4e-03, Len=sum([2.4, 2.4, 2.4, 2.5, 2.6])=12.3, ϰ=[8.7, 7.8, 8.1, 9.4, 9.0], ∫ϰ²/L>=[16.0, 14.4, 15.9, 18.3, 19.1], C-C-Sep=0.08, ║∇J║=7.8e-04
Iteration 263/2000-----
currents: [100000.0, 99999.99999823261, 99999.99999822189, 99999.99999818107, 99999.9999982021]
J=1.3e-04, ⟨Jf⟩=1.2e-04, ⟨B·n⟩=3.4e-03, Len=sum([2.4, 2.4, 2.4, 2.5, 2.6])=12.3, ϰ=[8.7, 7.8, 8.2, 9.4, 9.0], ∫ϰ²/L>=[16.0, 14.4, 16.0, 18.3, 19.1], C-C-Sep=0.08, ║∇J║=7.5e-04
Iteration 264/2000-----
currents: [100000.0, 99999.99999822986, 99999.99999821777, 99999.9999981769, 99999.99999819804]
J=1.3e-04, ⟨Jf⟩=1.2e-04, ⟨B·n⟩=3.4e-03, Len=sum([2.4, 2.4, 2.4, 2.5, 2.6])=12.3, ϰ=[8.6, 7.9, 8.2, 9.4, 9.0], ∫ϰ²/L>=[16.0, 14.4, 16.1, 18.2, 19.1], C-C-Sep=0.08, ║∇J║=7.2e-04
Iteration 265/2000-----
currents: [100000.0, 99999.99999822707, 99999.99999821368, 99999.9999981727, 99999.9999981939]
J=1.3e-04, ⟨Jf⟩=1.2e-04, ⟨B·n⟩=3.4e-03, Len=sum([2.4, 2.4, 2.4, 2.5, 2.6])=12.3, ϰ=[8.6, 7.8, 8.2, 9.4, 9.0], ∫ϰ²/L>=[16.0, 14.4, 16.1, 18.2, 19.1], C-C-Sep=0.08, ║∇J║=6.6e-04
Iteration 266/2000-----
currents: [100000.0, 99999.999998225, 99999.99999821071, 99999.9999981696, 99999.99999819085]
J=1.3e-04, ⟨Jf⟩=1.2e-04, ⟨B·n⟩=3.4e-03, Len=sum([2.4, 2.4, 2.4, 2.5, 2.6])=12.3, ϰ=[8.6, 7.7, 8.2, 9.4, 8.9], ∫ϰ²/L>=[16.0, 14.4, 16.1, 18.2, 19.1], C-C-Sep=0.08, ║∇J║=7.6e-04
Iteration 267/2000-----
currents: [100000.0, 99999.99999822164, 99999.99999820582, 99999.99999816465, 99999.99999818605]
J=1.3e-04, ⟨Jf⟩=1.2e-04, ⟨B·n⟩=3.4e-03, Len=sum([2.4, 2.4, 2.4, 2.5, 2.6])=12.3, ϰ=[8.6, 7.7, 8.2, 9.4, 8.9], ∫ϰ²/L>=[16.0, 14.4, 16.2, 18.2, 19.1], C-C-Sep=0.08, ║∇J║=9.3e-04
Iteration 268/2000-----
currents: [100000.0, 99999.9999982205, 99999.99999820425, 99999.99999816297, 99999.9999981844]
J=1.3e-04, ⟨Jf⟩=1.2e-04, ⟨B·n⟩=3.4e-03, Len=sum([2.4, 2.4, 2.4, 2.5, 2.6])=12.3, ϰ=[8.6, 7.7, 8.1, 9.4, 8.9], ∫ϰ²/L>=[15.9, 14.5, 16.1, 18.2, 19.1], C-C-Sep=0.08, ║∇J║=7.9e-04
Iteration 269/2000-----
currents: [100000.0, 99999.99999821752, 99999.99999819984, 99999.99999815854, 99999.99999818017]
J=1.3e-04, ⟨Jf⟩=1.2e-04, ⟨B·n⟩=3.4e-03, Len=sum([2.4, 2.4, 2.4, 2.5, 2.6])=12.3, ϰ=[8.6, 7.8, 8.1, 9.4, 9.0], ∫ϰ²/L>=[15.9, 14.5, 16.1, 18.2, 19.1], C-C-Sep=0.08, ║∇J║=9.0e-04
Iteration 270/2000-----
currents: [100000.0, 99999.99999821403, 99999.99999819488, 99999.99999815365, 99999.99999817551]
J=1.3e-04, ⟨Jf⟩=1.2e-04, ⟨B·n⟩=3.4e-03, Len=sum([2.4, 2.4, 2.4, 2.5, 2.6])=12.3, ϰ=[8.5, 7.9, 8.1, 9.3, 9.0], ∫ϰ²/L>=[15.9, 14.5, 16.1, 18.3, 19.1], C-C-Sep=0.08, ║∇J║=8.5e-04
Iteration 271/2000-----
currents: [100000.0, 99999.999998211, 99999.99999819047, 99999.99999814917, 99999.99999817122]
J=1.3e-04, ⟨Jf⟩=1.2e-04, ⟨B·n⟩=3.4e-03, Len=sum([2.4, 2.4, 2.4, 2.5, 2.6])=12.3, ϰ=[8.5, 8.0, 8.2, 9.3, 9.1], ∫ϰ²/L>=[15.9, 14.6, 16.2, 18.3, 19.1], C-C-Sep=0.08, ║∇J║=7.6e-04
Iteration 272/2000-----
currents: [100000.0, 99999.99999820768, 99999.99999818558, 99999.99999814418, 99999.9999981664]
J=1.3e-04, ⟨Jf⟩=1.2e-04, ⟨B·n⟩=3.4e-03, Len=sum([2.4, 2.4, 2.4, 2.5, 2.6])=12.3, ϰ=[8.5, 8.0, 8.2, 9.2, 9.1], ∫ϰ²/L>=[15.9, 14.6, 16.2, 18.3, 19.1], C-C-Sep=0.08, ║∇J║=6.7e-04
Iteration 273/2000-----
currents: [100000.0, 99999.9999982044, 99999.99999818078, 99999.99999813917, 99999.99999816154]
J=1.3e-04, ⟨Jf⟩=1.2e-04, ⟨B·n⟩=3.4e-03, Len=sum([2.4, 2.4, 2.4, 2.5, 2.6])=12.3, ϰ=[8.5, 8.0, 8.2, 9.2, 9.0], ∫ϰ²/L>=[15.9, 14.6, 16.2, 18.3, 19.1], C-C-Sep=0.08, ║∇J║=7.7e-04
Iteration 274/2000-----
currents: [100000.0, 99999.9999982004, 99999.99999817494, 99999.99999813306, 99999.9999981556]
J=1.3e-04, ⟨Jf⟩=1.2e-04, ⟨B·n⟩=3.4e-03, Len=sum([2.4, 2.4, 2.4, 2.5, 2.6])=12.3, ϰ=[8.4, 7.9, 8.3, 9.2, 9.0], ∫ϰ²/L>=[15.9, 14.7, 16.2, 18.3, 19.1], C-C-Sep=0.08, ║∇J║=9.1e-04
Iteration 275/2000-----
currents: [100000.0, 99999.99999819645, 99999.99999816938, 99999.99999812733, 99999.99999815004]
J=1.3e-04, ⟨Jf⟩=1.2e-04, ⟨B·n⟩=3.4e-03, Len=sum([2.4, 2.4, 2.4, 2.5, 2.6])=12.3, ϰ=[8.5, 7.8, 8.3, 9.1, 9.0], ∫ϰ²/L>=[15.9, 14.7, 16.3, 18.3, 19.0], C-C-Sep=0.08, ║∇J║=8.4e-04
Iteration 276/2000-----
currents: [100000.0, 99999.9999981927, 99999.99999816412, 99999.99999812187, 99999.99999814476]
J=1.3e-04, ⟨Jf⟩=1.2e-04, ⟨B·n⟩=3.3e-03, Len=sum([2.4, 2.4, 2.4, 2.5, 2.6])=12.3, ϰ=[8.4, 7.8, 8.3, 9.1, 9.0], ∫ϰ²/L>=[15.8, 14.7, 16.3, 18.3, 19.0], C-C-Sep=0.08, ║∇J║=8.5e-04
Iteration 277/2000-----
currents: [100000.0, 99999.9999981882, 99999.99999815805, 99999.9999981159, 99999.99999813906]
J=1.3e-04, ⟨Jf⟩=1.2e-04, ⟨B·n⟩=3.3e-03, Len=sum([2.4, 2.4, 2.4, 2.5, 2.6])=12.3, ϰ=[8.4, 7.8, 8.3, 9.1, 9.0], ∫ϰ²/L>=[15.8, 14.8, 16.3, 18.3, 19.0], C-C-Sep=0.08, ║∇J║=1.0e-03
Iteration 278/2000-----
currents: [100000.0, 99999.99999818444, 99999.99999815291, 99999.99999811083, 99999.99999813421]
J=1.3e-04, ⟨Jf⟩=1.2e-04, ⟨B·n⟩=3.3e-03, Len=sum([2.4, 2.4, 2.4, 2.5, 2.6])=12.3, ϰ=[8.4, 7.8, 8.3, 9.1, 9.0], ∫ϰ²/L>=[15.8, 14.8, 16.3, 18.3, 19.0], C-C-Sep=0.08, ║∇J║=8.4e-04
Iteration 279/2000-----
currents: [100000.0, 99999.9999981801, 99999.999998147, 99999.99999810499, 99999.99999812867]
J=1.3e-04, ⟨Jf⟩=1.2e-04, ⟨B·n⟩=3.3e-03, Len=sum([2.4, 2.4, 2.4, 2.5, 2.6])=12.3, ϰ=[8.4, 7.9, 8.3, 9.1, 9.0], ∫ϰ²/L>=[15.7, 14.9, 16.4, 18.3, 19.0], C-C-Sep=0.08, ║∇J║=7.6e-04
Iteration 280/2000-----
currents: [100000.0, 99999.99999817605, 99999.99999814159, 99999.99999809962, 99999.99999812356]
J=1.3e-04, ⟨Jf⟩=1.2e-04, ⟨B·n⟩=3.3e-03, Len=sum([2.4, 2.4, 2.4, 2.5, 2.6])=12.3, ϰ=[8.4, 8.0, 8.4, 9.1, 9.0], ∫ϰ²/L>=[15.7, 14.9, 16.4, 18.3, 19.0], C-C-Sep=0.08, ║∇J║=8.1e-04
Iteration 281/2000-----
currents: [100000.0, 99999.99999817448, 99999.99999813962, 99999.99999809758, 99999.9999981217]
J=1.3e-04, ⟨Jf⟩=1.2e-04, ⟨B·n⟩=3.3e-03, Len=sum([2.4, 2.4, 2.4, 2.5, 2.6])=12.3, ϰ=[8.4, 7.9, 8.4, 9.1, 9.0], ∫ϰ²/L>=[15.7, 14.9, 16.4, 18.3, 19.1], C-C-Sep=0.08, ║∇J║=7.8e-04
Iteration 282/2000-----
currents: [100000.0, 99999.99999816941, 99999.9999981325, 99999.99999809031, 99999.99999811467]
J=1.3e-04, ⟨Jf⟩=1.2e-04, ⟨B·n⟩=3.4e-03, Len=sum([2.4, 2.4, 2.4, 2.5, 2.6])=12.3, ϰ=[8.3, 7.9, 8.5, 9.1, 9.0], ∫ϰ²/L>=[15.7, 14.9, 16.4, 18.2, 19.1], C-C-Sep=0.08, ║∇J║=8.4e-04
Iteration 283/2000-----
currents: [100000.0, 99999.99999816975, 99999.99999813289, 99999.99999809051, 99999.9999981149]
J=1.3e-04, ⟨Jf⟩=1.2e-04, ⟨B·n⟩=3.4e-03, Len=sum([2.4, 2.4, 2.4, 2.5, 2.6])=12.3, ϰ=[8.4, 7.8, 8.5, 9.1, 9.0], ∫ϰ²/L>=[15.7, 14.9, 16.4, 18.2, 19.1], C-C-Sep=0.08, ║∇J║=7.4e-04
Iteration 284/2000-----
currents: [100000.0, 99999.99999816682, 99999.99999812846, 99999.9999980858, 99999.99999811038]
J=1.3e-04, ⟨Jf⟩=1.2e-04, ⟨B·n⟩=3.4e-03, Len=sum([2.4, 2.4, 2.4, 2.5, 2.6])=12.3, ϰ=[8.4, 7.8, 8.5, 9.1, 9.0], ∫ϰ²/L>=[15.6, 14.9, 16.4, 18.2, 19.0], C-C-Sep=0.08, ║∇J║=7.3e-04
Iteration 285/2000-----
currents: [100000.0, 99999.99999816278, 99999.99999812256, 99999.99999807967, 99999.99999810457]
J=1.3e-04, ⟨Jf⟩=1.2e-04, ⟨B·n⟩=3.4e-03, Len=sum([2.4, 2.4, 2.4, 2.5, 2.6])=12.3, ϰ=[8.4, 7.8, 8.6, 9.2, 9.1], ∫ϰ²/L>=[15.6, 14.9, 16.4, 18.2, 19.0], C-C-Sep=0.08, ║∇J║=9.2e-04
Iteration 286/2000-----
currents: [100000.0, 99999.99999815649, 99999.99999811359, 99999.99999807049, 99999.99999809578]
J=1.3e-04, ⟨Jf⟩=1.2e-04, ⟨B·n⟩=3.4e-03, Len=sum([2.4, 2.4, 2.4, 2.5, 2.6])=12.3, ϰ=[8.4, 7.8, 8.6, 9.2, 9.2], ∫ϰ²/L>=[15.6, 15.0, 16.4, 18.1, 19.0], C-C-Sep=0.08, ║∇J║=8.3e-04
Iteration 287/2000-----
currents: [100000.0, 99999.99999815054, 99999.99999810537, 99999.9999980621, 99999.99999808785]
J=1.3e-04, ⟨Jf⟩=1.2e-04, ⟨B·n⟩=3.4e-03, Len=sum([2.4, 2.4, 2.4, 2.5, 2.6])=12.3, ϰ=[8.3, 7.9, 8.7, 9.2, 9.2], ∫ϰ²/L>=[15.6, 15.0, 16.4, 18.1, 19.1], C-C-Sep=0.08, ║∇J║=8.6e-04
Iteration 288/2000-----
currents: [100000.0, 99999.99999814219, 99999.99999809382, 99999.99999805055, 99999.9999980768]
J=1.3e-04, ⟨Jf⟩=1.2e-04, ⟨B·n⟩=3.4e-03, Len=sum([2.4, 2.4, 2.4, 2.5, 2.6])=12.3, ϰ=[8.3, 7.9, 8.7, 9.1, 9.1], ∫ϰ²/L>=[15.6, 15.1, 16.4, 18.1, 19.0], C-C-Sep=0.08, ║∇J║=9.0e-04
Iteration 289/2000-----
currents: [100000.0, 99999.99999814428, 99999.99999809728, 99999.99999805412, 99999.99999808037]
J=1.3e-04, ⟨Jf⟩=1.2e-04, ⟨B·n⟩=3.4e-03, Len=sum([2.4, 2.4, 2.4, 2.5, 2.6])=12.3, ϰ=[8.3, 7.9, 8.8, 9.1, 9.1], ∫ϰ²/L>=[15.6, 15.0, 16.4, 18.1, 19.1], C-C-Sep=0.08, ║∇J║=7.6e-04
Iteration 290/2000-----
currents: [100000.0, 99999.99999814168, 99999.99999809354, 99999.9999980503, 99999.99999807672]
J=1.3e-04, ⟨Jf⟩=1.2e-04, ⟨B·n⟩=3.4e-03, Len=sum([2.4, 2.4, 2.4, 2.5, 2.6])=12.3, ϰ=[8.3, 7.9, 8.8, 9.1, 9.1], ∫ϰ²/L>=[15.6, 15.0, 16.4, 18.1, 19.1], C-C-Sep=0.08, ║∇J║=6.3e-04
Iteration 291/2000-----
currents: [100000.0, 99999.99999814034, 99999.9999980918, 99999.99999804857, 99999.99999807507]
J=1.3e-04, ⟨Jf⟩=1.2e-04, ⟨B·n⟩=3.4e-03, Len=sum([2.4, 2.4, 2.4, 2.5, 2.6])=12.3, ϰ=[8.3, 7.9, 8.8, 9.1, 9.1], ∫ϰ²/L>=[15.6, 15.0, 16.3, 18.1, 19.0], C-C-Sep=0.08, ║∇J║=6.6e-04
Iteration 292/2000-----
currents: [100000.0, 99999.99999813523, 99999.99999808453, 99999.99999804115, 99999.99999806796]
J=1.3e-04, ⟨Jf⟩=1.2e-04, ⟨B·n⟩=3.4e-03, Len=sum([2.4, 2.4, 2.4, 2.5, 2.6])=12.3, ϰ=[8.4, 7.9, 8.8, 9.1, 9.1], ∫ϰ²/L>=[15.6, 15.0, 16.4, 18.1, 19.1], C-C-Sep=0.08, ║∇J║=7.6e-04
Iteration 293/2000-----
currents: [100000.0, 99999.9999981298, 99999.99999807692, 99999.99999803337, 99999.9999980605]
J=1.3e-04, ⟨Jf⟩=1.2e-04, ⟨B·n⟩=3.4e-03, Len=sum([2.4, 2.4, 2.4, 2.5, 2.6])=12.3, ϰ=[8.4, 7.8, 8.7, 9.1, 9.1], ∫ϰ²/L>=[15.6, 15.0, 16.4, 18.1, 19.1], C-C-Sep=0.08, ║∇J║=8.8e-04
Iteration 294/2000-----
currents: [100000.0, 99999.99999812468, 99999.99999806989, 99999.99999802624, 99999.99999805368]
J=1.3e-04, ⟨Jf⟩=1.2e-04, ⟨B·n⟩=3.4e-03, Len=sum([2.4, 2.4, 2.4, 2.5, 2.6])=12.3, ϰ=[8.4, 7.8, 8.8, 9.1, 9.1], ∫ϰ²/L>=[15.6, 15.0, 16.4, 18.1, 19.1], C-C-Sep=0.08, ║∇J║=6.7e-04
Iteration 295/2000-----
currents: [100000.0, 99999.99999812187, 99999.99999806621, 99999.99999802251, 99999.99999805017]
J=1.3e-04, ⟨Jf⟩=1.2e-04, ⟨B·n⟩=3.3e-03, Len=sum([2.4, 2.4, 2.4, 2.5, 2.6])=12.3, ϰ=[8.4, 7.8, 8.8, 9.1, 9.1], ∫ϰ²/L>=[15.6, 15.0, 16.4, 18.2, 19.1], C-C-Sep=0.08, ║∇J║=6.5e-04
Iteration 296/2000-----
currents: [100000.0, 99999.99999811722, 99999.9999980598, 99999.99999801604, 99999.99999804396]
J=1.3e-04, ⟨Jf⟩=1.2e-04, ⟨B·n⟩=3.3e-03, Len=sum([2.4, 2.4, 2.4, 2.5, 2.6])=12.3, ϰ=[8.3, 7.8, 8.9, 9.1, 9.1], ∫ϰ²/L>=[15.6, 15.0, 16.5, 18.2, 19.1], C-C-Sep=0.08, ║∇J║=7.9e-04
Iteration 297/2000-----
currents: [100000.0, 99999.99999811295, 99999.99999805396, 99999.99999801014, 99999.99999803833]
J=1.3e-04, ⟨Jf⟩=1.2e-04, ⟨B·n⟩=3.3e-03, Len=sum([2.4, 2.4, 2.4, 2.5, 2.6])=12.3, ϰ=[8.3, 7.8, 8.9, 9.1, 9.1], ∫ϰ²/L>=[15.6, 15.0, 16.5, 18.2, 19.2], C-C-Sep=0.08, ║∇J║=6.7e-04
Iteration 298/2000-----
currents: [100000.0, 99999.99999810818, 99999.99999804715, 99999.99999800319, 99999.99999803162]
J=1.3e-04, ⟨Jf⟩=1.2e-04, ⟨B·n⟩=3.3e-03, Len=sum([2.4, 2.4, 2.4, 2.5, 2.6])=12.3, ϰ=[8.3, 7.8, 8.9, 9.1, 9.2], ∫ϰ²/L>=[15.6, 15.0, 16.6, 18.2, 19.2], C-C-Sep=0.08, ║∇J║=7.4e-04
Iteration 299/2000-----
currents: [100000.0, 99999.99999810157, 99999.99999803778, 99999.99999799374, 99999.99999802253]
J=1.3e-04, ⟨Jf⟩=1.2e-04, ⟨B·n⟩=3.3e-03, Len=sum([2.4, 2.4, 2.4, 2.5, 2.6])=12.3, ϰ=[8.3, 7.8, 8.9, 9.0, 9.2], ∫ϰ²/L>=[15.6, 15.0, 16.6, 18.2, 19.2], C-C-Sep=0.08, ║∇J║=6.9e-04
Iteration 300/2000-----
currents: [100000.0, 99999.99999810015, 99999.99999803568, 99999.99999799152, 99999.99999802034]
J=1.3e-04, ⟨Jf⟩=1.2e-04, ⟨B·n⟩=3.3e-03, Len=sum([2.4, 2.4, 2.4, 2.5, 2.6])=12.3, ϰ=[8.4, 7.8, 8.8, 9.0, 9.2], ∫ϰ²/L>=[15.6, 15.0, 16.6, 18.2, 19.2], C-C-Sep=0.08, ║∇J║=6.8e-04
Iteration 301/2000-----
currents: [100000.0, 99999.99999809617, 99999.99999802985, 99999.99999798553, 99999.99999801455]
J=1.3e-04, ⟨Jf⟩=1.2e-04, ⟨B·n⟩=3.3e-03, Len=sum([2.4, 2.4, 2.4, 2.5, 2.6])=12.3, ϰ=[8.5, 7.8, 8.8, 8.9, 9.3], ∫ϰ²/L>=[15.6, 15.0, 16.6, 18.2, 19.2], C-C-Sep=0.08, ║∇J║=6.7e-04
Iteration 302/2000-----
currents: [100000.0, 99999.99999809459, 99999.9999980277, 99999.99999798334, 99999.9999980124]
J=1.3e-04, ⟨Jf⟩=1.2e-04, ⟨B·n⟩=3.3e-03, Len=sum([2.4, 2.4, 2.4, 2.5, 2.6])=12.3, ϰ=[8.5, 7.8, 8.7, 8.9, 9.3], ∫ϰ²/L>=[15.6, 15.0, 16.6, 18.3, 19.2], C-C-Sep=0.08, ║∇J║=6.3e-04
Iteration 303/2000-----
currents: [100000.0, 99999.99999809136, 99999.99999802322, 99999.99999797877, 99999.99999800797]
J=1.3e-04, ⟨Jf⟩=1.2e-04, ⟨B·n⟩=3.3e-03, Len=sum([2.4, 2.4, 2.4, 2.5, 2.6])=12.3, ϰ=[8.6, 7.8, 8.7, 8.9, 9.3], ∫ϰ²/L>=[15.6, 15.0, 16.6, 18.3, 19.2], C-C-Sep=0.08, ║∇J║=6.3e-04
Iteration 304/2000-----
currents: [100000.0, 99999.99999808769, 99999.99999801833, 99999.99999797391, 99999.99999800326]
J=1.3e-04, ⟨Jf⟩=1.2e-04, ⟨B·n⟩=3.3e-03, Len=sum([2.4, 2.4, 2.4, 2.5, 2.6])=12.3, ϰ=[8.5, 7.8, 8.7, 9.0, 9.4], ∫ϰ²/L>=[15.6, 14.9, 16.7, 18.3, 19.2], C-C-Sep=0.08, ║∇J║=7.0e-04
Iteration 305/2000-----
currents: [100000.0, 99999.99999808232, 99999.99999801104, 99999.99999796663, 99999.99999799622]
J=1.3e-04, ⟨Jf⟩=1.2e-04, ⟨B·n⟩=3.3e-03, Len=sum([2.4, 2.4, 2.4, 2.5, 2.6])=12.3, ϰ=[8.5, 7.8, 8.8, 9.0, 9.4], ∫ϰ²/L>=[15.6, 14.9, 16.7, 18.3, 19.2], C-C-Sep=0.08, ║∇J║=6.8e-04
Iteration 306/2000-----
currents: [100000.0, 99999.99999807893, 99999.9999980065, 99999.99999796221, 99999.99999799192]
J=1.3e-04, ⟨Jf⟩=1.2e-04, ⟨B·n⟩=3.3e-03, Len=sum([2.4, 2.4, 2.4, 2.5, 2.6])=12.3, ϰ=[8.5, 7.9, 8.8, 9.0, 9.4], ∫ϰ²/L>=[15.5, 14.9, 16.7, 18.3, 19.2], C-C-Sep=0.08, ║∇J║=5.7e-04
Iteration 307/2000-----
currents: [100000.0, 99999.99999807481, 99999.99999800095, 99999.99999795674, 99999.99999798661]
J=1.3e-04, ⟨Jf⟩=1.2e-04, ⟨B·n⟩=3.3e-03, Len=sum([2.4, 2.4, 2.4, 2.5, 2.6])=12.3, ϰ=[8.5, 7.9, 8.9, 9.0, 9.4], ∫ϰ²/L>=[15.5, 14.9, 16.8, 18.3, 19.2], C-C-Sep=0.08, ║∇J║=5.5e-04
Iteration 308/2000-----
currents: [100000.0, 99999.99999807018, 99999.99999799467, 99999.99999795055, 99999.99999798059]
J=1.3e-04, ⟨Jf⟩=1.2e-04, ⟨B·n⟩=3.3e-03, Len=sum([2.4, 2.4, 2.4, 2.5, 2.6])=12.3, ϰ=[8.4, 7.9, 8.8, 9.0, 9.4], ∫ϰ²/L>=[15.5, 14.9, 16.8, 18.3, 19.2], C-C-Sep=0.08, ║∇J║=6.7e-04
Iteration 309/2000-----
currents: [100000.0, 99999.99999806166, 99999.9999979831, 99999.99999793906, 99999.99999796948]
J=1.3e-04, ⟨Jf⟩=1.2e-04, ⟨B·n⟩=3.3e-03, Len=sum([2.4, 2.4, 2.4, 2.5, 2.6])=12.3, ϰ=[8.4, 7.8, 8.8, 9.0, 9.4], ∫ϰ²/L>=[15.4, 14.9, 16.8, 18.3, 19.2], C-C-Sep=0.08, ║∇J║=7.4e-04
Iteration 310/2000-----
currents: [100000.0, 99999.99999805725, 99999.99999797721, 99999.99999793319, 99999.99999796377]
J=1.3e-04, ⟨Jf⟩=1.2e-04, ⟨B·n⟩=3.3e-03, Len=sum([2.4, 2.4, 2.4, 2.5, 2.6])=12.3, ϰ=[8.4, 7.8, 8.7, 9.0, 9.4], ∫ϰ²/L>=[15.5, 14.8, 16.8, 18.3, 19.2], C-C-Sep=0.08, ║∇J║=6.8e-04
Iteration 311/2000-----
currents: [100000.0, 99999.9999980509, 99999.99999796863, 99999.9999979246, 99999.99999795551]
J=1.3e-04, ⟨Jf⟩=1.2e-04, ⟨B·n⟩=3.3e-03, Len=sum([2.4, 2.4, 2.4, 2.5, 2.6])=12.3, ϰ=[8.4, 7.8, 8.7, 8.9, 9.4], ∫ϰ²/L>=[15.5, 14.8, 16.9, 18.3, 19.3], C-C-Sep=0.08, ║∇J║=6.0e-04
Iteration 312/2000-----
currents: [100000.0, 99999.99999804933, 99999.99999796653, 99999.99999792248, 99999.99999795346]
J=1.3e-04, ⟨Jf⟩=1.2e-04, ⟨B·n⟩=3.3e-03, Len=sum([2.4, 2.4, 2.4, 2.5, 2.6])=12.3, ϰ=[8.4, 7.9, 8.7, 8.9, 9.5], ∫ϰ²/L>=[15.5, 14.8, 16.9, 18.3, 19.2], C-C-Sep=0.08, ║∇J║=5.8e-04
Iteration 313/2000-----
currents: [100000.0, 99999.99999804552, 99999.99999796123, 99999.99999791708, 99999.99999794827]
J=1.3e-04, ⟨Jf⟩=1.2e-04, ⟨B·n⟩=3.3e-03, Len=sum([2.4, 2.4, 2.4, 2.5, 2.6])=12.3, ϰ=[8.4, 7.9, 8.8, 8.9, 9.5], ∫ϰ²/L>=[15.5, 14.8, 16.9, 18.3, 19.2], C-C-Sep=0.08, ║∇J║=6.8e-04
Iteration 314/2000-----
currents: [100000.0, 99999.99999804095, 99999.9999979548, 99999.99999791059, 99999.99999794201]
J=1.3e-04, ⟨Jf⟩=1.2e-04, ⟨B·n⟩=3.3e-03, Len=sum([2.4, 2.4, 2.4, 2.5, 2.6])=12.3, ϰ=[8.4, 8.0, 8.8, 8.8, 9.5], ∫ϰ²/L>=[15.5, 14.7, 16.9, 18.3, 19.2], C-C-Sep=0.08, ║∇J║=6.7e-04
Iteration 315/2000-----
currents: [100000.0, 99999.99999803418, 99999.99999794559, 99999.99999790134, 99999.9999979331]
J=1.3e-04, ⟨Jf⟩=1.2e-04, ⟨B·n⟩=3.3e-03, Len=sum([2.4, 2.4, 2.4, 2.5, 2.6])=12.3, ϰ=[8.4, 8.0, 8.9, 8.8, 9.6], ∫ϰ²/L>=[15.5, 14.7, 17.0, 18.3, 19.3], C-C-Sep=0.08, ║∇J║=6.9e-04
Iteration 316/2000-----
currents: [100000.0, 99999.99999803372, 99999.99999794507, 99999.99999790097, 99999.99999793275]
J=1.3e-04, ⟨Jf⟩=1.2e-04, ⟨B·n⟩=3.3e-03, Len=sum([2.4, 2.4, 2.4, 2.5, 2.6])=12.3, ϰ=[8.4, 8.0, 8.8, 8.8, 9.6], ∫ϰ²/L>=[15.5, 14.7, 16.9, 18.3, 19.3], C-C-Sep=0.08, ║∇J║=5.3e-04
Iteration 317/2000-----
currents: [100000.0, 99999.99999802979, 99999.99999793975, 99999.99999789568, 99999.99999792769]
J=1.3e-04, ⟨Jf⟩=1.2e-04, ⟨B·n⟩=3.3e-03, Len=sum([2.4, 2.4, 2.4, 2.5, 2.6])=12.3, ϰ=[8.4, 7.9, 8.8, 8.8, 9.6], ∫ϰ²/L>=[15.5, 14.7, 17.0, 18.3, 19.3], C-C-Sep=0.08, ║∇J║=4.9e-04
Iteration 318/2000-----
currents: [100000.0, 99999.99999802918, 99999.99999793913, 99999.99999789514, 99999.99999792723]
J=1.3e-04, ⟨Jf⟩=1.2e-04, ⟨B·n⟩=3.3e-03, Len=sum([2.4, 2.4, 2.4, 2.5, 2.6])=12.3, ϰ=[8.4, 7.9, 8.8, 8.9, 9.6], ∫ϰ²/L>=[15.5, 14.7, 17.0, 18.3, 19.3], C-C-Sep=0.08, ║∇J║=5.5e-04
Iteration 319/2000-----
currents: [100000.0, 99999.99999802426, 99999.99999793261, 99999.99999788863, 99999.99999792106]
J=1.3e-04, ⟨Jf⟩=1.2e-04, ⟨B·n⟩=3.3e-03, Len=sum([2.4, 2.4, 2.4, 2.5, 2.6])=12.3, ϰ=[8.5, 7.9, 8.8, 8.9, 9.7], ∫ϰ²/L>=[15.5, 14.7, 17.0, 18.3, 19.3], C-C-Sep=0.08, ║∇J║=6.8e-04
Iteration 320/2000-----
currents: [100000.0, 99999.99999802293, 99999.99999793107, 99999.9999978871, 99999.99999791966]
J=1.3e-04, ⟨Jf⟩=1.2e-04, ⟨B·n⟩=3.3e-03, Len=sum([2.4, 2.4, 2.4, 2.5, 2.6])=12.3, ϰ=[8.6, 8.0, 8.8, 8.9, 9.8], ∫ϰ²/L>=[15.5, 14.7, 16.9, 18.3, 19.3], C-C-Sep=0.08, ║∇J║=6.8e-04
Iteration 321/2000-----
currents: [100000.0, 99999.99999802125, 99999.99999792877, 99999.99999788479, 99999.99999791745]
J=1.3e-04, ⟨Jf⟩=1.2e-04, ⟨B·n⟩=3.3e-03, Len=sum([2.4, 2.4, 2.4, 2.5, 2.6])=12.3, ϰ=[8.6, 8.0, 8.9, 8.9, 9.8], ∫ϰ²/L>=[15.5, 14.7, 16.9, 18.4, 19.3], C-C-Sep=0.08, ║∇J║=5.1e-04
Iteration 322/2000-----
currents: [100000.0, 99999.99999801951, 99999.99999792641, 99999.99999788233, 99999.9999979151]
J=1.3e-04, ⟨Jf⟩=1.2e-04, ⟨B·n⟩=3.3e-03, Len=sum([2.4, 2.4, 2.4, 2.5, 2.6])=12.3, ϰ=[8.6, 8.0, 8.9, 9.0, 9.8], ∫ϰ²/L>=[15.5, 14.7, 16.9, 18.4, 19.3], C-C-Sep=0.08, ║∇J║=4.8e-04
Iteration 323/2000-----
currents: [100000.0, 99999.99999801663, 99999.99999792235, 99999.99999787821, 99999.99999791116]
J=1.3e-04, ⟨Jf⟩=1.2e-04, ⟨B·n⟩=3.3e-03, Len=sum([2.4, 2.4, 2.4, 2.5, 2.6])=12.3, ϰ=[8.6, 8.0, 8.9, 9.0, 9.8], ∫ϰ²/L>=[15.5, 14.7, 16.9, 18.4, 19.3], C-C-Sep=0.08, ║∇J║=5.0e-04
Iteration 324/2000-----
currents: [100000.0, 99999.99999801262, 99999.99999791691, 99999.99999787268, 99999.99999790594]
J=1.3e-04, ⟨Jf⟩=1.2e-04, ⟨B·n⟩=3.3e-03, Len=sum([2.4, 2.4, 2.4, 2.5, 2.6])=12.3, ϰ=[8.6, 7.9, 8.9, 9.0, 9.8], ∫ϰ²/L>=[15.5, 14.7, 16.9, 18.4, 19.3], C-C-Sep=0.08, ║∇J║=5.5e-04
Iteration 325/2000-----
currents: [100000.0, 99999.9999980076, 99999.99999791002, 99999.99999786579, 99999.9999978994]
J=1.3e-04, ⟨Jf⟩=1.2e-04, ⟨B·n⟩=3.3e-03, Len=sum([2.4, 2.4, 2.4, 2.5, 2.6])=12.3, ϰ=[8.5, 7.9, 8.9, 9.0, 9.8], ∫ϰ²/L>=[15.5, 14.7, 16.9, 18.4, 19.3], C-C-Sep=0.08, ║∇J║=6.0e-04
Iteration 326/2000-----
currents: [100000.0, 99999.99999800476, 99999.99999790627, 99999.99999786205, 99999.99999789591]
J=1.3e-04, ⟨Jf⟩=1.2e-04, ⟨B·n⟩=3.3e-03, Len=sum([2.4, 2.4, 2.4, 2.5, 2.6])=12.3, ϰ=[8.5, 7.9, 8.9, 9.0, 9.9], ∫ϰ²/L>=[15.5, 14.7, 16.9, 18.4, 19.3], C-C-Sep=0.08, ║∇J║=4.5e-04
Iteration 327/2000-----
currents: [100000.0, 99999.99999800163, 99999.99999790208, 99999.9999978579, 99999.99999789204]
J=1.3e-04, ⟨Jf⟩=1.2e-04, ⟨B·n⟩=3.3e-03, Len=sum([2.4, 2.4, 2.4, 2.5, 2.6])=12.3, ϰ=[8.5, 7.9, 9.0, 9.0, 9.9], ∫ϰ²/L>=[15.6, 14.7, 16.9, 18.4, 19.3], C-C-Sep=0.08, ║∇J║=4.3e-04
Iteration 328/2000-----
currents: [100000.0, 99999.99999799853, 99999.99999789793, 99999.99999785374, 99999.99999788815]
J=1.3e-04, ⟨Jf⟩=1.2e-04, ⟨B·n⟩=3.3e-03, Len=sum([2.4, 2.4, 2.4, 2.5, 2.6])=12.3, ϰ=[8.5, 7.9, 9.0, 9.0, 9.9], ∫ϰ²/L>=[15.6, 14.7, 16.9, 18.3, 19.3], C-C-Sep=0.08, ║∇J║=5.8e-04
Iteration 329/2000-----
currents: [100000.0, 99999.99999799395, 99999.9999978916, 99999.99999784742, 99999.99999788217]
J=1.3e-04, ⟨Jf⟩=1.2e-04, ⟨B·n⟩=3.3e-03, Len=sum([2.4, 2.4, 2.4, 2.5, 2.6])=12.3, ϰ=[8.5, 7.9, 9.0, 9.0, 9.9], ∫ϰ²/L>=[15.6, 14.7, 16.9, 18.3, 19.3], C-C-Sep=0.08, ║∇J║=4.4e-04
Iteration 330/2000-----
currents: [100000.0, 99999.99999799176, 99999.99999788858, 99999.99999784434, 99999.99999787923]
J=1.3e-04, ⟨Jf⟩=1.2e-04, ⟨B·n⟩=3.3e-03, Len=sum([2.4, 2.4, 2.4, 2.5, 2.6])=12.3, ϰ=[8.5, 7.9, 9.0, 9.0, 9.9], ∫ϰ²/L>=[15.6, 14.7, 16.9, 18.3, 19.3], C-C-Sep=0.08, ║∇J║=4.0e-04
Iteration 331/2000-----
currents: [100000.0, 99999.99999798943, 99999.99999788537, 99999.9999978411, 99999.99999787615]
J=1.3e-04, ⟨Jf⟩=1.2e-04, ⟨B·n⟩=3.3e-03, Len=sum([2.4, 2.4, 2.4, 2.5, 2.6])=12.3, ϰ=[8.5, 7.9, 9.0, 9.0, 9.9], ∫ϰ²/L>=[15.6, 14.7, 16.9, 18.3, 19.3], C-C-Sep=0.08, ║∇J║=4.2e-04
Iteration 332/2000-----
currents: [100000.0, 99999.99999798612, 99999.9999978808, 99999.99999783651, 99999.9999978718]
J=1.3e-04, ⟨Jf⟩=1.2e-04, ⟨B·n⟩=3.3e-03, Len=sum([2.4, 2.4, 2.4, 2.5, 2.6])=12.3, ϰ=[8.5, 7.8, 9.0, 9.0, 9.9], ∫ϰ²/L>=[15.6, 14.6, 16.8, 18.3, 19.3], C-C-Sep=0.08, ║∇J║=5.0e-04
Iteration 333/2000-----
currents: [100000.0, 99999.99999798431, 99999.9999978785, 99999.99999783422, 99999.9999978697]
J=1.3e-04, ⟨Jf⟩=1.2e-04, ⟨B·n⟩=3.3e-03, Len=sum([2.4, 2.4, 2.4, 2.5, 2.6])=12.3, ϰ=[8.5, 7.8, 9.0, 9.0, 9.9], ∫ϰ²/L>=[15.6, 14.6, 16.8, 18.3, 19.3], C-C-Sep=0.08, ║∇J║=4.2e-04
Iteration 334/2000-----
currents: [100000.0, 99999.99999798085, 99999.99999787386, 99999.99999782964, 99999.99999786541]
J=1.3e-04, ⟨Jf⟩=1.2e-04, ⟨B·n⟩=3.3e-03, Len=sum([2.4, 2.4, 2.4, 2.5, 2.6])=12.3, ϰ=[8.5, 7.8, 8.9, 9.0, 9.9], ∫ϰ²/L>=[15.6, 14.6, 16.8, 18.3, 19.3], C-C-Sep=0.08, ║∇J║=4.1e-04
Iteration 335/2000-----
currents: [100000.0, 99999.99999797993, 99999.99999787268, 99999.99999782848, 99999.9999978644]
J=1.3e-04, ⟨Jf⟩=1.2e-04, ⟨B·n⟩=3.3e-03, Len=sum([2.4, 2.4, 2.4, 2.5, 2.6])=12.3, ϰ=[8.5, 7.8, 8.9, 9.0, 9.9], ∫ϰ²/L>=[15.6, 14.6, 16.8, 18.3, 19.3], C-C-Sep=0.08, ║∇J║=3.9e-04
Iteration 336/2000-----
currents: [100000.0, 99999.99999797756, 99999.99999786938, 99999.99999782517, 99999.99999786129]
J=1.3e-04, ⟨Jf⟩=1.2e-04, ⟨B·n⟩=3.3e-03, Len=sum([2.4, 2.4, 2.4, 2.5, 2.6])=12.3, ϰ=[8.5, 7.8, 8.9, 8.9, 9.9], ∫ϰ²/L>=[15.6, 14.6, 16.8, 18.3, 19.3], C-C-Sep=0.08, ║∇J║=4.0e-04
Iteration 337/2000-----
currents: [100000.0, 99999.99999797528, 99999.99999786617, 99999.99999782194, 99999.99999785825]
J=1.3e-04, ⟨Jf⟩=1.2e-04, ⟨B·n⟩=3.3e-03, Len=sum([2.4, 2.4, 2.4, 2.5, 2.6])=12.3, ϰ=[8.5, 7.8, 8.8, 8.9, 10.0], ∫ϰ²/L>=[15.6, 14.6, 16.8, 18.3, 19.3], C-C-Sep=0.08, ║∇J║=4.0e-04
Iteration 338/2000-----
currents: [100000.0, 99999.99999797289, 99999.99999786272, 99999.99999781844, 99999.99999785489]
J=1.3e-04, ⟨Jf⟩=1.2e-04, ⟨B·n⟩=3.3e-03, Len=sum([2.4, 2.4, 2.4, 2.5, 2.6])=12.3, ϰ=[8.5, 7.8, 8.8, 8.9, 10.0], ∫ϰ²/L>=[15.6, 14.6, 16.8, 18.3, 19.3], C-C-Sep=0.08, ║∇J║=4.3e-04
Iteration 339/2000-----
currents: [100000.0, 99999.99999796935, 99999.99999785777, 99999.99999781346, 99999.99999785011]
J=1.3e-04, ⟨Jf⟩=1.2e-04, ⟨B·n⟩=3.3e-03, Len=sum([2.4, 2.4, 2.4, 2.5, 2.6])=12.3, ϰ=[8.5, 7.8, 8.7, 8.9, 10.0], ∫ϰ²/L>=[15.6, 14.6, 16.8, 18.3, 19.3], C-C-Sep=0.08, ║∇J║=3.8e-04
Iteration 340/2000-----
currents: [100000.0, 99999.99999796662, 99999.99999785393, 99999.99999780959, 99999.99999784642]
J=1.3e-04, ⟨Jf⟩=1.2e-04, ⟨B·n⟩=3.3e-03, Len=sum([2.4, 2.4, 2.4, 2.5, 2.6])=12.3, ϰ=[8.5, 7.8, 8.7, 8.9, 10.0], ∫ϰ²/L>=[15.6, 14.6, 16.8, 18.3, 19.3], C-C-Sep=0.08, ║∇J║=3.4e-04
Iteration 341/2000-----
currents: [100000.0, 99999.99999796222, 99999.99999784793, 99999.99999780359, 99999.99999784073]
J=1.3e-04, ⟨Jf⟩=1.2e-04, ⟨B·n⟩=3.3e-03, Len=sum([2.4, 2.4, 2.4, 2.5, 2.6])=12.3, ϰ=[8.5, 7.8, 8.7, 8.9, 10.0], ∫ϰ²/L>=[15.5, 14.6, 16.8, 18.3, 19.3], C-C-Sep=0.08, ║∇J║=3.9e-04
Iteration 342/2000-----
currents: [100000.0, 99999.99999795794, 99999.9999978421, 99999.99999779777, 99999.99999783524]
J=1.3e-04, ⟨Jf⟩=1.2e-04, ⟨B·n⟩=3.3e-03, Len=sum([2.4, 2.4, 2.4, 2.5, 2.6])=12.3, ϰ=[8.5, 7.8, 8.7, 8.9, 10.0], ∫ϰ²/L>=[15.5, 14.6, 16.8, 18.3, 19.3], C-C-Sep=0.08, ║∇J║=4.1e-04
Iteration 343/2000-----
currents: [100000.0, 99999.99999795495, 99999.99999783807, 99999.99999779378, 99999.9999978315]
J=1.3e-04, ⟨Jf⟩=1.2e-04, ⟨B·n⟩=3.3e-03, Len=sum([2.4, 2.4, 2.4, 2.5, 2.6])=12.3, ϰ=[8.5, 7.8, 8.8, 8.9, 10.0], ∫ϰ²/L>=[15.5, 14.6, 16.8, 18.3, 19.3], C-C-Sep=0.08, ║∇J║=4.4e-04
Iteration 344/2000-----
currents: [100000.0, 99999.99999794987, 99999.99999783118, 99999.99999778693, 99999.99999782503]
J=1.3e-04, ⟨Jf⟩=1.2e-04, ⟨B·n⟩=3.3e-03, Len=sum([2.4, 2.4, 2.4, 2.5, 2.6])=12.3, ϰ=[8.4, 7.8, 8.8, 8.9, 10.1], ∫ϰ²/L>=[15.5, 14.6, 16.8, 18.3, 19.4], C-C-Sep=0.08, ║∇J║=3.9e-04
Iteration 345/2000-----
currents: [100000.0, 99999.99999794948, 99999.99999783076, 99999.9999977866, 99999.99999782478]
J=1.3e-04, ⟨Jf⟩=1.2e-04, ⟨B·n⟩=3.3e-03, Len=sum([2.4, 2.4, 2.4, 2.5, 2.6])=12.3, ϰ=[8.4, 7.7, 8.9, 8.9, 10.0], ∫ϰ²/L>=[15.5, 14.6, 16.8, 18.3, 19.4], C-C-Sep=0.08, ║∇J║=4.2e-04
Iteration 346/2000-----
currents: [100000.0, 99999.99999794472, 99999.99999782414, 99999.99999777995, 99999.99999781844]
J=1.3e-04, ⟨Jf⟩=1.2e-04, ⟨B·n⟩=3.3e-03, Len=sum([2.4, 2.4, 2.4, 2.5, 2.6])=12.3, ϰ=[8.4, 7.7, 8.9, 9.0, 10.0], ∫ϰ²/L>=[15.5, 14.6, 16.8, 18.3, 19.4], C-C-Sep=0.08, ║∇J║=4.0e-04
Iteration 347/2000-----
currents: [100000.0, 99999.99999794518, 99999.99999782472, 99999.99999778054, 99999.99999781905]
J=1.3e-04, ⟨Jf⟩=1.2e-04, ⟨B·n⟩=3.3e-03, Len=sum([2.4, 2.4, 2.4, 2.5, 2.6])=12.3, ϰ=[8.4, 7.7, 8.9, 9.0, 10.0], ∫ϰ²/L>=[15.5, 14.6, 16.8, 18.3, 19.4], C-C-Sep=0.08, ║∇J║=3.6e-04
Iteration 348/2000-----
currents: [100000.0, 99999.99999794224, 99999.99999782055, 99999.99999777632, 99999.99999781506]
J=1.3e-04, ⟨Jf⟩=1.2e-04, ⟨B·n⟩=3.3e-03, Len=sum([2.4, 2.4, 2.4, 2.5, 2.6])=12.3, ϰ=[8.4, 7.7, 9.0, 8.9, 10.0], ∫ϰ²/L>=[15.5, 14.6, 16.8, 18.3, 19.4], C-C-Sep=0.08, ║∇J║=4.0e-04
Iteration 349/2000-----
currents: [100000.0, 99999.9999979415, 99999.99999781941, 99999.99999777516, 99999.99999781404]
J=1.3e-04, ⟨Jf⟩=1.2e-04, ⟨B·n⟩=3.3e-03, Len=sum([2.4, 2.4, 2.4, 2.5, 2.6])=12.3, ϰ=[8.4, 7.7, 9.0, 8.9, 10.1], ∫ϰ²/L>=[15.5, 14.6, 16.8, 18.3, 19.4], C-C-Sep=0.08, ║∇J║=3.4e-04
Iteration 350/2000-----
currents: [100000.0, 99999.99999793732, 99999.99999781346, 99999.99999776913, 99999.99999780841]
J=1.3e-04, ⟨Jf⟩=1.2e-04, ⟨B·n⟩=3.3e-03, Len=sum([2.4, 2.4, 2.4, 2.5, 2.6])=12.3, ϰ=[8.4, 7.7, 9.0, 8.9, 10.1], ∫ϰ²/L>=[15.5, 14.6, 16.8, 18.3, 19.4], C-C-Sep=0.08, ║∇J║=3.4e-04
Iteration 351/2000-----
currents: [100000.0, 99999.99999793395, 99999.99999780869, 99999.99999776433, 99999.99999780399]
J=1.3e-04, ⟨Jf⟩=1.2e-04, ⟨B·n⟩=3.3e-03, Len=sum([2.4, 2.4, 2.4, 2.5, 2.6])=12.3, ϰ=[8.4, 7.8, 9.0, 8.9, 10.2], ∫ϰ²/L>=[15.5, 14.6, 16.8, 18.3, 19.4], C-C-Sep=0.08, ║∇J║=3.7e-04
Iteration 352/2000-----
currents: [100000.0, 99999.99999793041, 99999.9999978036, 99999.99999775924, 99999.99999779923]
J=1.3e-04, ⟨Jf⟩=1.2e-04, ⟨B·n⟩=3.3e-03, Len=sum([2.4, 2.4, 2.4, 2.5, 2.6])=12.3, ϰ=[8.4, 7.8, 9.0, 8.9, 10.2], ∫ϰ²/L>=[15.4, 14.6, 16.8, 18.3, 19.5], C-C-Sep=0.08, ║∇J║=4.0e-04
Iteration 353/2000-----
currents: [100000.0, 99999.99999792641, 99999.99999779798, 99999.99999775364, 99999.99999779397]
J=1.3e-04, ⟨Jf⟩=1.2e-04, ⟨B·n⟩=3.3e-03, Len=sum([2.4, 2.4, 2.4, 2.5, 2.6])=12.3, ϰ=[8.4, 7.8, 9.0, 8.9, 10.2], ∫ϰ²/L>=[15.4, 14.6, 16.9, 18.3, 19.5], C-C-Sep=0.08, ║∇J║=3.6e-04
Iteration 354/2000-----
currents: [100000.0, 99999.9999979246, 99999.99999779538, 99999.9999977511, 99999.9999977916]
J=1.3e-04, ⟨Jf⟩=1.2e-04, ⟨B·n⟩=3.3e-03, Len=sum([2.4, 2.4, 2.4, 2.5, 2.6])=12.3, ϰ=[8.4, 7.8, 9.0, 8.9, 10.2], ∫ϰ²/L>=[15.4, 14.6, 16.9, 18.3, 19.5], C-C-Sep=0.08, ║∇J║=3.1e-04
Iteration 355/2000-----
currents: [100000.0, 99999.99999792168, 99999.99999779125, 99999.99999774703, 99999.99999778777]
J=1.3e-04, ⟨Jf⟩=1.2e-04, ⟨B·n⟩=3.3e-03, Len=sum([2.4, 2.4, 2.4, 2.5, 2.6])=12.3, ϰ=[8.4, 7.7, 8.9, 8.9, 10.2], ∫ϰ²/L>=[15.4, 14.6, 16.9, 18.3, 19.4], C-C-Sep=0.08, ║∇J║=3.3e-04
Iteration 356/2000-----
currents: [100000.0, 99999.99999791832, 99999.99999778655, 99999.99999774243, 99999.99999778351]
J=1.3e-04, ⟨Jf⟩=1.2e-04, ⟨B·n⟩=3.3e-03, Len=sum([2.4, 2.4, 2.4, 2.5, 2.6])=12.3, ϰ=[8.3, 7.7, 8.9, 8.9, 10.2], ∫ϰ²/L>=[15.4, 14.7, 16.9, 18.3, 19.5], C-C-Sep=0.08, ║∇J║=4.1e-04
Iteration 357/2000-----
currents: [100000.0, 99999.99999791403, 99999.99999778053, 99999.99999773654, 99999.99999777807]
J=1.3e-04, ⟨Jf⟩=1.2e-04, ⟨B·n⟩=3.3e-03, Len=sum([2.4, 2.4, 2.4, 2.5, 2.6])=12.3, ϰ=[8.3, 7.7, 8.9, 9.0, 10.2], ∫ϰ²/L>=[15.5, 14.7, 16.9, 18.3, 19.5], C-C-Sep=0.08, ║∇J║=4.2e-04
Iteration 358/2000-----
currents: [100000.0, 99999.99999790985, 99999.99999777475, 99999.99999773085, 99999.99999777281]
J=1.3e-04, ⟨Jf⟩=1.2e-04, ⟨B·n⟩=3.3e-03, Len=sum([2.4, 2.4, 2.4, 2.5, 2.6])=12.3, ϰ=[8.3, 7.8, 8.9, 9.0, 10.2], ∫ϰ²/L>=[15.5, 14.7, 16.9, 18.3, 19.5], C-C-Sep=0.08, ║∇J║=3.5e-04
Iteration 359/2000-----
currents: [100000.0, 99999.99999790656, 99999.99999777017, 99999.99999772637, 99999.9999977687]
J=1.3e-04, ⟨Jf⟩=1.2e-04, ⟨B·n⟩=3.3e-03, Len=sum([2.4, 2.4, 2.4, 2.5, 2.6])=12.3, ϰ=[8.3, 7.8, 8.9, 8.9, 10.2], ∫ϰ²/L>=[15.5, 14.7, 16.9, 18.3, 19.5], C-C-Sep=0.08, ║∇J║=3.6e-04
Iteration 360/2000-----
currents: [100000.0, 99999.99999790326, 99999.99999776552, 99999.99999772175, 99999.99999776443]
J=1.3e-04, ⟨Jf⟩=1.2e-04, ⟨B·n⟩=3.3e-03, Len=sum([2.4, 2.4, 2.4, 2.5, 2.6])=12.3, ϰ=[8.3, 7.8, 8.8, 8.9, 10.3], ∫ϰ²/L>=[15.5, 14.7, 16.9, 18.4, 19.5], C-C-Sep=0.08, ║∇J║=4.0e-04
Iteration 361/2000-----
currents: [100000.0, 99999.99999789879, 99999.99999775921, 99999.99999771548, 99999.99999775855]
J=1.3e-04, ⟨Jf⟩=1.2e-04, ⟨B·n⟩=3.3e-03, Len=sum([2.4, 2.4, 2.4, 2.5, 2.6])=12.3, ϰ=[8.3, 7.8, 8.8, 8.9, 10.3], ∫ϰ²/L>=[15.5, 14.7, 16.9, 18.4, 19.5], C-C-Sep=0.08, ║∇J║=3.8e-04
Iteration 362/2000-----
currents: [100000.0, 99999.99999789301, 99999.99999775089, 99999.99999770719, 99999.99999775077]
J=1.3e-04, ⟨Jf⟩=1.2e-04, ⟨B·n⟩=3.3e-03, Len=sum([2.4, 2.4, 2.4, 2.5, 2.6])=12.3, ϰ=[8.3, 7.8, 8.8, 8.9, 10.3], ∫ϰ²/L>=[15.5, 14.7, 16.9, 18.4, 19.5], C-C-Sep=0.08, ║∇J║=4.0e-04
Iteration 363/2000-----
currents: [100000.0, 99999.99999788652, 99999.99999774159, 99999.99999769795, 99999.99999774205]
J=1.3e-04, ⟨Jf⟩=1.2e-04, ⟨B·n⟩=3.3e-03, Len=sum([2.4, 2.4, 2.4, 2.5, 2.6])=12.3, ϰ=[8.3, 7.8, 8.7, 8.9, 10.4], ∫ϰ²/L>=[15.5, 14.7, 16.9, 18.4, 19.5], C-C-Sep=0.08, ║∇J║=4.1e-04
Iteration 364/2000-----
currents: [100000.0, 99999.99999788294, 99999.9999977364, 99999.99999769282, 99999.99999773722]
J=1.3e-04, ⟨Jf⟩=1.2e-04, ⟨B·n⟩=3.3e-03, Len=sum([2.4, 2.4, 2.4, 2.5, 2.6])=12.3, ϰ=[8.3, 7.8, 8.7, 8.9, 10.3], ∫ϰ²/L>=[15.5, 14.7, 16.9, 18.5, 19.5], C-C-Sep=0.08, ║∇J║=3.5e-04
Iteration 365/2000-----
currents: [100000.0, 99999.99999787989, 99999.99999773194, 99999.99999768843, 99999.99999773309]
J=1.3e-04, ⟨Jf⟩=1.2e-04, ⟨B·n⟩=3.3e-03, Len=sum([2.4, 2.4, 2.4, 2.5, 2.6])=12.3, ϰ=[8.3, 7.8, 8.7, 9.0, 10.4], ∫ϰ²/L>=[15.5, 14.7, 16.9, 18.5, 19.5], C-C-Sep=0.08, ║∇J║=3.1e-04
Iteration 366/2000-----
currents: [100000.0, 99999.99999787677, 99999.99999772749, 99999.99999768412, 99999.99999772907]
J=1.3e-04, ⟨Jf⟩=1.2e-04, ⟨B·n⟩=3.3e-03, Len=sum([2.4, 2.4, 2.4, 2.5, 2.6])=12.3, ϰ=[8.3, 7.9, 8.7, 9.0, 10.4], ∫ϰ²/L>=[15.5, 14.7, 17.0, 18.5, 19.5], C-C-Sep=0.08, ║∇J║=3.3e-04
Iteration 367/2000-----
currents: [100000.0, 99999.99999787164, 99999.99999772025, 99999.99999767702, 99999.99999772242]
J=1.3e-04, ⟨Jf⟩=1.2e-04, ⟨B·n⟩=3.3e-03, Len=sum([2.4, 2.4, 2.4, 2.5, 2.6])=12.3, ϰ=[8.4, 7.9, 8.7, 9.0, 10.4], ∫ϰ²/L>=[15.5, 14.7, 17.0, 18.5, 19.6], C-C-Sep=0.08, ║∇J║=3.7e-04
Iteration 368/2000-----
currents: [100000.0, 99999.99999786804, 99999.99999771516, 99999.9999976721, 99999.9999977179]
J=1.3e-04, ⟨Jf⟩=1.2e-04, ⟨B·n⟩=3.3e-03, Len=sum([2.4, 2.4, 2.4, 2.5, 2.6])=12.3, ϰ=[8.4, 7.9, 8.8, 9.0, 10.4], ∫ϰ²/L>=[15.5, 14.7, 17.0, 18.5, 19.6], C-C-Sep=0.08, ║∇J║=3.6e-04
Iteration 369/2000-----
currents: [100000.0, 99999.99999786164, 99999.99999770624, 99999.9999976633, 99999.99999770966]
J=1.3e-04, ⟨Jf⟩=1.2e-04, ⟨B·n⟩=3.3e-03, Len=sum([2.4, 2.4, 2.4, 2.5, 2.6])=12.3, ϰ=[8.4, 7.9, 8.8, 9.0, 10.4], ∫ϰ²/L>=[15.4, 14.7, 17.0, 18.5, 19.6], C-C-Sep=0.08, ║∇J║=4.3e-04
Iteration 370/2000-----
currents: [100000.0, 99999.99999785969, 99999.99999770355, 99999.99999766066, 99999.99999770723]
J=1.3e-04, ⟨Jf⟩=1.2e-04, ⟨B·n⟩=3.3e-03, Len=sum([2.4, 2.4, 2.4, 2.5, 2.6])=12.3, ϰ=[8.4, 7.9, 8.8, 9.1, 10.3], ∫ϰ²/L>=[15.4, 14.7, 17.0, 18.5, 19.6], C-C-Sep=0.08, ║∇J║=3.2e-04
Iteration 371/2000-----
currents: [100000.0, 99999.99999785758, 99999.99999770058, 99999.9999976577, 99999.99999770444]
J=1.3e-04, ⟨Jf⟩=1.2e-04, ⟨B·n⟩=3.3e-03, Len=sum([2.4, 2.4, 2.4, 2.5, 2.6])=12.3, ϰ=[8.4, 7.9, 8.8, 9.1, 10.3], ∫ϰ²/L>=[15.4, 14.8, 17.0, 18.5, 19.6], C-C-Sep=0.08, ║∇J║=3.1e-04
Iteration 372/2000-----
currents: [100000.0, 99999.99999785374, 99999.99999769518, 99999.99999765232, 99999.99999769934]
J=1.3e-04, ⟨Jf⟩=1.2e-04, ⟨B·n⟩=3.3e-03, Len=sum([2.4, 2.4, 2.4, 2.5, 2.6])=12.3, ϰ=[8.4, 7.9, 8.8, 9.1, 10.3], ∫ϰ²/L>=[15.4, 14.8, 17.0, 18.5, 19.6], C-C-Sep=0.08, ║∇J║=3.3e-04
Iteration 373/2000-----
currents: [100000.0, 99999.99999785, 99999.99999768978, 99999.99999764696, 99999.99999769425]
J=1.3e-04, ⟨Jf⟩=1.2e-04, ⟨B·n⟩=3.3e-03, Len=sum([2.4, 2.4, 2.4, 2.5, 2.6])=12.3, ϰ=[8.5, 7.9, 8.8, 9.1, 10.3], ∫ϰ²/L>=[15.4, 14.8, 17.0, 18.5, 19.6], C-C-Sep=0.08, ║∇J║=3.7e-04
Iteration 374/2000-----
currents: [100000.0, 99999.99999784464, 99999.99999768213, 99999.99999763939, 99999.99999768712]
J=1.3e-04, ⟨Jf⟩=1.2e-04, ⟨B·n⟩=3.3e-03, Len=sum([2.4, 2.4, 2.4, 2.5, 2.6])=12.3, ϰ=[8.5, 7.9, 8.8, 9.2, 10.3], ∫ϰ²/L>=[15.4, 14.8, 17.0, 18.5, 19.6], C-C-Sep=0.08, ║∇J║=3.0e-04
Iteration 375/2000-----
currents: [100000.0, 99999.99999784112, 99999.999997677, 99999.99999763434, 99999.99999768237]
J=1.3e-04, ⟨Jf⟩=1.2e-04, ⟨B·n⟩=3.3e-03, Len=sum([2.4, 2.4, 2.4, 2.5, 2.6])=12.3, ϰ=[8.5, 7.9, 8.8, 9.2, 10.4], ∫ϰ²/L>=[15.4, 14.8, 17.0, 18.5, 19.6], C-C-Sep=0.08, ║∇J║=2.7e-04
Iteration 376/2000-----
currents: [100000.0, 99999.9999978373, 99999.99999767155, 99999.99999762897, 99999.99999767737]
J=1.3e-04, ⟨Jf⟩=1.2e-04, ⟨B·n⟩=3.3e-03, Len=sum([2.4, 2.4, 2.4, 2.5, 2.6])=12.3, ϰ=[8.5, 7.9, 8.8, 9.2, 10.4], ∫ϰ²/L>=[15.5, 14.8, 17.0, 18.5, 19.6], C-C-Sep=0.08, ║∇J║=3.0e-04
Iteration 377/2000-----
currents: [100000.0, 99999.99999783507, 99999.99999766824, 99999.99999762574, 99999.99999767439]
J=1.3e-04, ⟨Jf⟩=1.2e-04, ⟨B·n⟩=3.3e-03, Len=sum([2.4, 2.4, 2.4, 2.5, 2.6])=12.3, ϰ=[8.5, 7.9, 8.8, 9.2, 10.4], ∫ϰ²/L>=[15.5, 14.7, 17.0, 18.5, 19.6], C-C-Sep=0.08, ║∇J║=3.2e-04
Iteration 378/2000-----
currents: [100000.0, 99999.99999782932, 99999.99999766017, 99999.9999976178, 99999.99999766696]
J=1.3e-04, ⟨Jf⟩=1.2e-04, ⟨B·n⟩=3.3e-03, Len=sum([2.4, 2.4, 2.4, 2.5, 2.6])=12.3, ϰ=[8.6, 7.8, 8.8, 9.3, 10.3], ∫ϰ²/L>=[15.5, 14.7, 17.0, 18.5, 19.6], C-C-Sep=0.08, ║∇J║=3.4e-04
Iteration 379/2000-----
currents: [100000.0, 99999.99999782501, 99999.99999765406, 99999.99999761175, 99999.99999766133]
J=1.3e-04, ⟨Jf⟩=1.2e-04, ⟨B·n⟩=3.3e-03, Len=sum([2.4, 2.4, 2.4, 2.5, 2.6])=12.3, ϰ=[8.6, 7.8, 8.8, 9.3, 10.3], ∫ϰ²/L>=[15.5, 14.8, 17.0, 18.5, 19.6], C-C-Sep=0.08, ║∇J║=3.0e-04
Iteration 380/2000-----
currents: [100000.0, 99999.99999782152, 99999.99999764923, 99999.999997607, 99999.99999765687]
J=1.3e-04, ⟨Jf⟩=1.2e-04, ⟨B·n⟩=3.3e-03, Len=sum([2.4, 2.4, 2.4, 2.5, 2.6])=12.3, ϰ=[8.6, 7.8, 8.8, 9.3, 10.3], ∫ϰ²/L>=[15.5, 14.8, 17.0, 18.5, 19.6], C-C-Sep=0.08, ║∇J║=2.6e-04
Iteration 381/2000-----
currents: [100000.0, 99999.9999978178, 99999.999997644, 99999.99999760183, 99999.99999765199]
J=1.3e-04, ⟨Jf⟩=1.2e-04, ⟨B·n⟩=3.3e-03, Len=sum([2.4, 2.4, 2.4, 2.5, 2.6])=12.3, ϰ=[8.6, 7.8, 8.8, 9.3, 10.3], ∫ϰ²/L>=[15.5, 14.8, 17.0, 18.5, 19.6], C-C-Sep=0.08, ║∇J║=2.6e-04
Iteration 382/2000-----
currents: [100000.0, 99999.9999978133, 99999.99999763769, 99999.9999975956, 99999.99999764613]
J=1.3e-04, ⟨Jf⟩=1.2e-04, ⟨B·n⟩=3.3e-03, Len=sum([2.4, 2.4, 2.4, 2.5, 2.6])=12.3, ϰ=[8.6, 7.9, 8.8, 9.3, 10.3], ∫ϰ²/L>=[15.5, 14.8, 17.0, 18.5, 19.6], C-C-Sep=0.08, ║∇J║=2.8e-04
Iteration 383/2000-----
currents: [100000.0, 99999.99999780454, 99999.99999762521, 99999.99999758328, 99999.99999763448]
J=1.3e-04, ⟨Jf⟩=1.2e-04, ⟨B·n⟩=3.3e-03, Len=sum([2.4, 2.4, 2.4, 2.5, 2.6])=12.3, ϰ=[8.5, 7.9, 8.8, 9.3, 10.3], ∫ϰ²/L>=[15.5, 14.8, 17.0, 18.5, 19.6], C-C-Sep=0.08, ║∇J║=3.6e-04
Iteration 384/2000-----
currents: [100000.0, 99999.99999779515, 99999.99999761186, 99999.99999757009, 99999.99999762207]
J=1.3e-04, ⟨Jf⟩=1.2e-04, ⟨B·n⟩=3.3e-03, Len=sum([2.4, 2.4, 2.4, 2.5, 2.6])=12.3, ϰ=[8.5, 7.9, 8.8, 9.3, 10.3], ∫ϰ²/L>=[15.5, 14.8, 17.0, 18.5, 19.6], C-C-Sep=0.08, ║∇J║=3.3e-04
Iteration 385/2000-----
currents: [100000.0, 99999.99999779135, 99999.9999976064, 99999.99999756471, 99999.99999761696]
J=1.3e-04, ⟨Jf⟩=1.2e-04, ⟨B·n⟩=3.3e-03, Len=sum([2.4, 2.4, 2.4, 2.5, 2.6])=12.3, ϰ=[8.5, 7.9, 8.8, 9.3, 10.3], ∫ϰ²/L>=[15.5, 14.8, 17.0, 18.5, 19.6], C-C-Sep=0.08, ║∇J║=2.7e-04
Iteration 386/2000-----
currents: [100000.0, 99999.99999778708, 99999.99999760033, 99999.99999755871, 99999.9999976113]
J=1.3e-04, ⟨Jf⟩=1.2e-04, ⟨B·n⟩=3.3e-03, Len=sum([2.4, 2.4, 2.4, 2.5, 2.6])=12.3, ϰ=[8.4, 7.9, 8.8, 9.4, 10.3], ∫ϰ²/L>=[15.5, 14.8, 17.0, 18.5, 19.6], C-C-Sep=0.08, ║∇J║=2.6e-04
Iteration 387/2000-----
currents: [100000.0, 99999.99999778582, 99999.99999759857, 99999.99999755702, 99999.99999760967]
J=1.3e-04, ⟨Jf⟩=1.2e-04, ⟨B·n⟩=3.3e-03, Len=sum([2.4, 2.4, 2.4, 2.5, 2.6])=12.3, ϰ=[8.4, 7.9, 8.8, 9.4, 10.3], ∫ϰ²/L>=[15.5, 14.7, 17.0, 18.5, 19.6], C-C-Sep=0.08, ║∇J║=3.0e-04
Iteration 388/2000-----
currents: [100000.0, 99999.99999777922, 99999.99999758934, 99999.99999754796, 99999.99999760107]
J=1.3e-04, ⟨Jf⟩=1.2e-04, ⟨B·n⟩=3.3e-03, Len=sum([2.4, 2.4, 2.4, 2.5, 2.6])=12.3, ϰ=[8.4, 7.9, 8.9, 9.4, 10.3], ∫ϰ²/L>=[15.5, 14.7, 17.0, 18.5, 19.5], C-C-Sep=0.08, ║∇J║=3.0e-04
Iteration 389/2000-----
currents: [100000.0, 99999.9999977761, 99999.99999758495, 99999.99999754371, 99999.99999759703]
J=1.3e-04, ⟨Jf⟩=1.2e-04, ⟨B·n⟩=3.3e-03, Len=sum([2.4, 2.4, 2.4, 2.5, 2.6])=12.3, ϰ=[8.4, 7.9, 8.9, 9.4, 10.2], ∫ϰ²/L>=[15.5, 14.7, 17.0, 18.5, 19.5], C-C-Sep=0.08, ║∇J║=3.2e-04
Iteration 390/2000-----
currents: [100000.0, 99999.99999777088, 99999.99999757757, 99999.99999753642, 99999.99999759012]
J=1.3e-04, ⟨Jf⟩=1.2e-04, ⟨B·n⟩=3.3e-03, Len=sum([2.4, 2.4, 2.4, 2.5, 2.6])=12.3, ϰ=[8.4, 8.0, 8.9, 9.4, 10.2], ∫ϰ²/L>=[15.5, 14.7, 17.0, 18.5, 19.5], C-C-Sep=0.08, ║∇J║=2.3e-04
Iteration 391/2000-----
currents: [100000.0, 99999.99999776727, 99999.99999757246, 99999.99999753138, 99999.99999758537]
J=1.3e-04, ⟨Jf⟩=1.2e-04, ⟨B·n⟩=3.3e-03, Len=sum([2.4, 2.4, 2.4, 2.5, 2.6])=12.3, ϰ=[8.4, 8.0, 8.9, 9.4, 10.2], ∫ϰ²/L>=[15.5, 14.7, 17.0, 18.5, 19.5], C-C-Sep=0.08, ║∇J║=2.4e-04
Iteration 392/2000-----
currents: [100000.0, 99999.99999776213, 99999.99999756514, 99999.99999752412, 99999.99999757853]
J=1.3e-04, ⟨Jf⟩=1.2e-04, ⟨B·n⟩=3.3e-03, Len=sum([2.4, 2.4, 2.4, 2.5, 2.6])=12.3, ϰ=[8.4, 8.0, 8.9, 9.4, 10.2], ∫ϰ²/L>=[15.5, 14.7, 17.0, 18.5, 19.5], C-C-Sep=0.08, ║∇J║=2.6e-04
Iteration 393/2000-----
currents: [100000.0, 99999.99999775601, 99999.99999755647, 99999.99999751557, 99999.99999757043]
J=1.3e-04, ⟨Jf⟩=1.2e-04, ⟨B·n⟩=3.3e-03, Len=sum([2.4, 2.4, 2.4, 2.5, 2.6])=12.3, ϰ=[8.4, 8.0, 8.9, 9.5, 10.2], ∫ϰ²/L>=[15.5, 14.7, 17.0, 18.5, 19.5], C-C-Sep=0.08, ║∇J║=3.9e-04
Iteration 394/2000-----
currents: [100000.0, 99999.99999775377, 99999.99999755327, 99999.99999751241, 99999.99999756741]
J=1.3e-04, ⟨Jf⟩=1.2e-04, ⟨B·n⟩=3.3e-03, Len=sum([2.4, 2.4, 2.4, 2.5, 2.6])=12.3, ϰ=[8.4, 8.0, 8.9, 9.5, 10.2], ∫ϰ²/L>=[15.6, 14.7, 16.9, 18.5, 19.5], C-C-Sep=0.08, ║∇J║=2.7e-04
Iteration 395/2000-----
currents: [100000.0, 99999.99999775023, 99999.99999754834, 99999.99999750752, 99999.99999756273]
J=1.3e-04, ⟨Jf⟩=1.2e-04, ⟨B·n⟩=3.3e-03, Len=sum([2.4, 2.4, 2.4, 2.5, 2.6])=12.3, ϰ=[8.4, 8.0, 8.9, 9.5, 10.1], ∫ϰ²/L>=[15.6, 14.7, 17.0, 18.5, 19.5], C-C-Sep=0.08, ║∇J║=2.3e-04
Iteration 396/2000-----
currents: [100000.0, 99999.99999775086, 99999.99999754921, 99999.9999975084, 99999.9999975635]
J=1.3e-04, ⟨Jf⟩=1.2e-04, ⟨B·n⟩=3.3e-03, Len=sum([2.4, 2.4, 2.4, 2.5, 2.6])=12.3, ϰ=[8.4, 8.0, 8.9, 9.5, 10.1], ∫ϰ²/L>=[15.6, 14.7, 16.9, 18.5, 19.5], C-C-Sep=0.08, ║∇J║=2.4e-04
Iteration 397/2000-----
currents: [100000.0, 99999.99999774621, 99999.9999975427, 99999.99999750197, 99999.99999755736]
J=1.3e-04, ⟨Jf⟩=1.2e-04, ⟨B·n⟩=3.2e-03, Len=sum([2.4, 2.4, 2.4, 2.5, 2.6])=12.3, ϰ=[8.5, 8.0, 8.9, 9.5, 10.1], ∫ϰ²/L>=[15.6, 14.7, 17.0, 18.5, 19.5], C-C-Sep=0.08, ║∇J║=2.8e-04
Iteration 398/2000-----
currents: [100000.0, 99999.99999774178, 99999.99999753645, 99999.99999749579, 99999.99999755144]
J=1.3e-04, ⟨Jf⟩=1.2e-04, ⟨B·n⟩=3.2e-03, Len=sum([2.4, 2.4, 2.4, 2.5, 2.6])=12.3, ϰ=[8.5, 8.0, 8.9, 9.5, 10.1], ∫ϰ²/L>=[15.6, 14.7, 17.0, 18.5, 19.4], C-C-Sep=0.08, ║∇J║=2.7e-04
Iteration 399/2000-----
currents: [100000.0, 99999.99999773702, 99999.99999752968, 99999.99999748908, 99999.99999754505]
J=1.3e-04, ⟨Jf⟩=1.2e-04, ⟨B·n⟩=3.2e-03, Len=sum([2.4, 2.4, 2.4, 2.5, 2.6])=12.3, ϰ=[8.5, 8.0, 8.9, 9.5, 10.1], ∫ϰ²/L>=[15.6, 14.7, 17.0, 18.5, 19.4], C-C-Sep=0.08, ║∇J║=2.5e-04
Iteration 400/2000-----
currents: [100000.0, 99999.99999773322, 99999.9999975243, 99999.99999748377, 99999.99999754]
J=1.3e-04, ⟨Jf⟩=1.2e-04, ⟨B·n⟩=3.2e-03, Len=sum([2.4, 2.4, 2.4, 2.5, 2.6])=12.3, ϰ=[8.5, 8.0, 8.9, 9.6, 10.1], ∫ϰ²/L>=[15.6, 14.7, 17.0, 18.5, 19.4], C-C-Sep=0.08, ║∇J║=2.2e-04
Iteration 401/2000-----
currents: [100000.0, 99999.99999773045, 99999.99999752038, 99999.9999974799, 99999.9999975363]
J=1.3e-04, ⟨Jf⟩=1.2e-04, ⟨B·n⟩=3.2e-03, Len=sum([2.4, 2.4, 2.4, 2.5, 2.6])=12.3, ϰ=[8.5, 8.0, 8.8, 9.6, 10.1], ∫ϰ²/L>=[15.6, 14.7, 17.0, 18.5, 19.4], C-C-Sep=0.08, ║∇J║=2.1e-04
Iteration 402/2000-----
currents: [100000.0, 99999.99999772823, 99999.99999751724, 99999.99999747681, 99999.99999753332]
J=1.3e-04, ⟨Jf⟩=1.2e-04, ⟨B·n⟩=3.2e-03, Len=sum([2.4, 2.4, 2.4, 2.5, 2.6])=12.3, ϰ=[8.5, 7.9, 8.8, 9.6, 10.1], ∫ϰ²/L>=[15.6, 14.7, 17.0, 18.5, 19.4], C-C-Sep=0.08, ║∇J║=2.2e-04
Iteration 403/2000-----
currents: [100000.0, 99999.9999977258, 99999.99999751389, 99999.99999747354, 99999.99999753016]
J=1.3e-04, ⟨Jf⟩=1.2e-04, ⟨B·n⟩=3.2e-03, Len=sum([2.4, 2.4, 2.4, 2.5, 2.6])=12.3, ϰ=[8.4, 7.9, 8.8, 9.6, 10.0], ∫ϰ²/L>=[15.6, 14.7, 17.0, 18.6, 19.4], C-C-Sep=0.08, ║∇J║=2.1e-04
Iteration 404/2000-----
currents: [100000.0, 99999.99999772488, 99999.99999751261, 99999.99999747229, 99999.99999752891]
J=1.3e-04, ⟨Jf⟩=1.2e-04, ⟨B·n⟩=3.2e-03, Len=sum([2.4, 2.4, 2.4, 2.5, 2.6])=12.3, ϰ=[8.4, 7.9, 8.8, 9.6, 10.0], ∫ϰ²/L>=[15.6, 14.7, 17.0, 18.6, 19.4], C-C-Sep=0.08, ║∇J║=2.0e-04
Iteration 405/2000-----
currents: [100000.0, 99999.9999977227, 99999.99999750957, 99999.9999974693, 99999.99999752603]
J=1.3e-04, ⟨Jf⟩=1.2e-04, ⟨B·n⟩=3.2e-03, Len=sum([2.4, 2.4, 2.4, 2.5, 2.6])=12.3, ϰ=[8.4, 8.0, 8.8, 9.6, 10.0], ∫ϰ²/L>=[15.6, 14.7, 17.0, 18.6, 19.4], C-C-Sep=0.08, ║∇J║=2.1e-04
Iteration 406/2000-----
currents: [100000.0, 99999.99999771977, 99999.99999750547, 99999.99999746525, 99999.99999752211]
J=1.3e-04, ⟨Jf⟩=1.2e-04, ⟨B·n⟩=3.2e-03, Len=sum([2.4, 2.4, 2.4, 2.5, 2.6])=12.3, ϰ=[8.4, 8.0, 8.8, 9.6, 10.0], ∫ϰ²/L>=[15.6, 14.8, 16.9, 18.6, 19.3], C-C-Sep=0.08, ║∇J║=2.2e-04
Iteration 407/2000-----
currents: [100000.0, 99999.9999977156, 99999.99999749957, 99999.99999745938, 99999.99999751651]
J=1.3e-04, ⟨Jf⟩=1.2e-04, ⟨B·n⟩=3.2e-03, Len=sum([2.4, 2.4, 2.4, 2.5, 2.6])=12.3, ϰ=[8.4, 8.0, 8.8, 9.6, 10.0], ∫ϰ²/L>=[15.6, 14.8, 16.9, 18.6, 19.3], C-C-Sep=0.08, ║∇J║=2.3e-04
Iteration 408/2000-----
currents: [100000.0, 99999.99999771133, 99999.99999749353, 99999.99999745336, 99999.99999751076]
J=1.3e-04, ⟨Jf⟩=1.2e-04, ⟨B·n⟩=3.2e-03, Len=sum([2.4, 2.4, 2.4, 2.5, 2.6])=12.3, ϰ=[8.4, 8.0, 8.8, 9.7, 10.0], ∫ϰ²/L>=[15.6, 14.8, 16.9, 18.6, 19.3], C-C-Sep=0.08, ║∇J║=2.0e-04
Iteration 409/2000-----
currents: [100000.0, 99999.99999770637, 99999.99999748652, 99999.99999744634, 99999.99999750406]
J=1.3e-04, ⟨Jf⟩=1.2e-04, ⟨B·n⟩=3.2e-03, Len=sum([2.4, 2.4, 2.4, 2.5, 2.6])=12.3, ϰ=[8.4, 8.0, 8.8, 9.7, 10.0], ∫ϰ²/L>=[15.6, 14.8, 16.9, 18.6, 19.3], C-C-Sep=0.08, ║∇J║=2.2e-04
Iteration 410/2000-----
currents: [100000.0, 99999.9999977, 99999.99999747748, 99999.99999743732, 99999.99999749541]
J=1.3e-04, ⟨Jf⟩=1.2e-04, ⟨B·n⟩=3.2e-03, Len=sum([2.4, 2.4, 2.4, 2.5, 2.6])=12.3, ϰ=[8.4, 8.0, 8.7, 9.7, 10.0], ∫ϰ²/L>=[15.6, 14.8, 16.9, 18.6, 19.3], C-C-Sep=0.08, ║∇J║=2.2e-04
Iteration 411/2000-----
currents: [100000.0, 99999.99999769453, 99999.99999746977, 99999.99999742961, 99999.99999748795]
J=1.3e-04, ⟨Jf⟩=1.2e-04, ⟨B·n⟩=3.2e-03, Len=sum([2.4, 2.4, 2.4, 2.5, 2.6])=12.3, ϰ=[8.4, 8.0, 8.7, 9.8, 10.0], ∫ϰ²/L>=[15.6, 14.8, 16.9, 18.6, 19.3], C-C-Sep=0.08, ║∇J║=2.8e-04
Iteration 412/2000-----
currents: [100000.0, 99999.99999768999, 99999.99999746341, 99999.9999974233, 99999.99999748183]
J=1.3e-04, ⟨Jf⟩=1.2e-04, ⟨B·n⟩=3.2e-03, Len=sum([2.4, 2.4, 2.4, 2.5, 2.6])=12.3, ϰ=[8.4, 8.0, 8.7, 9.8, 10.0], ∫ϰ²/L>=[15.6, 14.8, 17.0, 18.6, 19.3], C-C-Sep=0.08, ║∇J║=2.1e-04
Iteration 413/2000-----
currents: [100000.0, 99999.99999768772, 99999.99999746024, 99999.99999742016, 99999.99999747875]
J=1.3e-04, ⟨Jf⟩=1.2e-04, ⟨B·n⟩=3.2e-03, Len=sum([2.4, 2.4, 2.4, 2.5, 2.6])=12.3, ϰ=[8.4, 8.1, 8.7, 9.8, 10.0], ∫ϰ²/L>=[15.6, 14.8, 17.0, 18.6, 19.3], C-C-Sep=0.08, ║∇J║=2.0e-04
Iteration 414/2000-----
currents: [100000.0, 99999.99999768501, 99999.99999745644, 99999.9999974164, 99999.99999747508]
J=1.3e-04, ⟨Jf⟩=1.2e-04, ⟨B·n⟩=3.2e-03, Len=sum([2.4, 2.4, 2.4, 2.5, 2.6])=12.3, ϰ=[8.4, 8.1, 8.7, 9.8, 10.0], ∫ϰ²/L>=[15.6, 14.8, 17.0, 18.7, 19.3], C-C-Sep=0.08, ║∇J║=1.9e-04
Iteration 415/2000-----
currents: [100000.0, 99999.99999768013, 99999.99999744959, 99999.99999740958, 99999.99999746849]
J=1.3e-04, ⟨Jf⟩=1.2e-04, ⟨B·n⟩=3.2e-03, Len=sum([2.4, 2.4, 2.4, 2.5, 2.6])=12.3, ϰ=[8.4, 8.1, 8.7, 9.8, 10.0], ∫ϰ²/L>=[15.6, 14.8, 17.0, 18.7, 19.3], C-C-Sep=0.08, ║∇J║=2.2e-04
Iteration 416/2000-----
currents: [100000.0, 99999.99999767457, 99999.99999744177, 99999.99999740178, 99999.99999746094]
J=1.3e-04, ⟨Jf⟩=1.2e-04, ⟨B·n⟩=3.2e-03, Len=sum([2.4, 2.4, 2.4, 2.5, 2.6])=12.3, ϰ=[8.5, 8.1, 8.7, 9.8, 10.0], ∫ϰ²/L>=[15.6, 14.8, 17.0, 18.7, 19.3], C-C-Sep=0.08, ║∇J║=2.3e-04
Iteration 417/2000-----
currents: [100000.0, 99999.9999976696, 99999.9999974348, 99999.99999739481, 99999.99999745417]
J=1.3e-04, ⟨Jf⟩=1.2e-04, ⟨B·n⟩=3.2e-03, Len=sum([2.4, 2.4, 2.4, 2.5, 2.6])=12.3, ϰ=[8.5, 8.0, 8.7, 9.9, 10.0], ∫ϰ²/L>=[15.5, 14.8, 17.0, 18.7, 19.3], C-C-Sep=0.08, ║∇J║=2.3e-04
Iteration 418/2000-----
currents: [100000.0, 99999.99999766341, 99999.99999742609, 99999.99999738608, 99999.99999744576]
J=1.3e-04, ⟨Jf⟩=1.2e-04, ⟨B·n⟩=3.2e-03, Len=sum([2.4, 2.4, 2.4, 2.5, 2.6])=12.3, ϰ=[8.5, 8.0, 8.7, 9.9, 10.0], ∫ϰ²/L>=[15.5, 14.8, 17.0, 18.7, 19.2], C-C-Sep=0.08, ║∇J║=1.9e-04
Iteration 419/2000-----
currents: [100000.0, 99999.9999976605, 99999.99999742201, 99999.99999738195, 99999.99999744167]
J=1.3e-04, ⟨Jf⟩=1.2e-04, ⟨B·n⟩=3.2e-03, Len=sum([2.4, 2.4, 2.4, 2.5, 2.6])=12.3, ϰ=[8.5, 8.0, 8.7, 9.9, 10.0], ∫ϰ²/L>=[15.5, 14.8, 17.0, 18.7, 19.2], C-C-Sep=0.08, ║∇J║=2.0e-04
Iteration 420/2000-----
currents: [100000.0, 99999.99999765531, 99999.99999741466, 99999.9999973746, 99999.99999743456]
J=1.3e-04, ⟨Jf⟩=1.2e-04, ⟨B·n⟩=3.2e-03, Len=sum([2.4, 2.4, 2.4, 2.5, 2.6])=12.3, ϰ=[8.5, 8.0, 8.8, 9.9, 10.0], ∫ϰ²/L>=[15.5, 14.8, 17.0, 18.7, 19.3], C-C-Sep=0.08, ║∇J║=2.2e-04
Iteration 421/2000-----
currents: [100000.0, 99999.99999765077, 99999.99999740826, 99999.99999736818, 99999.99999742828]
J=1.3e-04, ⟨Jf⟩=1.2e-04, ⟨B·n⟩=3.2e-03, Len=sum([2.4, 2.4, 2.4, 2.5, 2.6])=12.3, ϰ=[8.5, 8.0, 8.8, 9.9, 10.0], ∫ϰ²/L>=[15.5, 14.8, 17.0, 18.7, 19.3], C-C-Sep=0.08, ║∇J║=2.1e-04
Iteration 422/2000-----
currents: [100000.0, 99999.9999976447, 99999.99999739967, 99999.9999973596, 99999.99999741993]
J=1.3e-04, ⟨Jf⟩=1.2e-04, ⟨B·n⟩=3.2e-03, Len=sum([2.4, 2.4, 2.4, 2.5, 2.6])=12.3, ϰ=[8.5, 8.0, 8.8, 9.9, 10.0], ∫ϰ²/L>=[15.5, 14.8, 17.0, 18.7, 19.3], C-C-Sep=0.08, ║∇J║=2.3e-04
Iteration 423/2000-----
currents: [100000.0, 99999.99999763658, 99999.99999738822, 99999.99999734816, 99999.99999740884]
J=1.3e-04, ⟨Jf⟩=1.2e-04, ⟨B·n⟩=3.2e-03, Len=sum([2.4, 2.4, 2.4, 2.5, 2.6])=12.3, ϰ=[8.5, 8.0, 8.8, 10.0, 10.1], ∫ϰ²/L>=[15.6, 14.8, 17.0, 18.8, 19.3], C-C-Sep=0.08, ║∇J║=2.3e-04
Iteration 424/2000-----
currents: [100000.0, 99999.9999976325, 99999.99999738246, 99999.99999734238, 99999.99999740321]
J=1.3e-04, ⟨Jf⟩=1.2e-04, ⟨B·n⟩=3.2e-03, Len=sum([2.4, 2.4, 2.4, 2.5, 2.6])=12.3, ϰ=[8.5, 8.0, 8.8, 10.0, 10.1], ∫ϰ²/L>=[15.6, 14.8, 17.0, 18.8, 19.2], C-C-Sep=0.08, ║∇J║=1.8e-04
Iteration 425/2000-----
currents: [100000.0, 99999.99999762706, 99999.99999737482, 99999.99999733474, 99999.9999973958]
J=1.3e-04, ⟨Jf⟩=1.2e-04, ⟨B·n⟩=3.2e-03, Len=sum([2.4, 2.4, 2.4, 2.5, 2.6])=12.3, ϰ=[8.5, 8.0, 8.8, 10.0, 10.0], ∫ϰ²/L>=[15.6, 14.8, 17.0, 18.8, 19.2], C-C-Sep=0.08, ║∇J║=2.0e-04
Iteration 426/2000-----
currents: [100000.0, 99999.99999762165, 99999.99999736722, 99999.99999732715, 99999.99999738843]
J=1.3e-04, ⟨Jf⟩=1.2e-04, ⟨B·n⟩=3.2e-03, Len=sum([2.4, 2.4, 2.4, 2.5, 2.6])=12.3, ϰ=[8.5, 8.0, 8.8, 10.0, 10.0], ∫ϰ²/L>=[15.6, 14.8, 17.0, 18.8, 19.2], C-C-Sep=0.08, ║∇J║=2.7e-04
Iteration 427/2000-----
currents: [100000.0, 99999.99999761725, 99999.99999736105, 99999.99999732098, 99999.99999738243]
J=1.3e-04, ⟨Jf⟩=1.2e-04, ⟨B·n⟩=3.2e-03, Len=sum([2.4, 2.4, 2.4, 2.5, 2.6])=12.3, ϰ=[8.4, 7.9, 8.8, 10.0, 10.0], ∫ϰ²/L>=[15.6, 14.8, 17.0, 18.8, 19.2], C-C-Sep=0.08, ║∇J║=1.8e-04
Iteration 428/2000-----
currents: [100000.0, 99999.99999761116, 99999.99999735248, 99999.99999731242, 99999.99999737415]
J=1.3e-04, ⟨Jf⟩=1.2e-04, ⟨B·n⟩=3.2e-03, Len=sum([2.4, 2.4, 2.4, 2.5, 2.6])=12.3, ϰ=[8.4, 8.0, 8.8, 10.0, 10.0], ∫ϰ²/L>=[15.6, 14.9, 17.0, 18.8, 19.2], C-C-Sep=0.08, ║∇J║=1.7e-04
Iteration 429/2000-----
currents: [100000.0, 99999.99999760653, 99999.99999734596, 99999.9999973059, 99999.99999736778]
J=1.3e-04, ⟨Jf⟩=1.2e-04, ⟨B·n⟩=3.2e-03, Len=sum([2.4, 2.4, 2.4, 2.5, 2.6])=12.3, ϰ=[8.4, 8.0, 8.8, 10.1, 10.0], ∫ϰ²/L>=[15.6, 14.9, 17.0, 18.8, 19.2], C-C-Sep=0.08, ║∇J║=2.5e-04
Iteration 430/2000-----
currents: [100000.0, 99999.9999976018, 99999.99999733931, 99999.99999729927, 99999.99999736132]
J=1.3e-04, ⟨Jf⟩=1.2e-04, ⟨B·n⟩=3.2e-03, Len=sum([2.4, 2.4, 2.4, 2.5, 2.6])=12.3, ϰ=[8.4, 8.0, 8.8, 10.1, 10.0], ∫ϰ²/L>=[15.6, 14.9, 17.0, 18.8, 19.2], C-C-Sep=0.08, ║∇J║=1.9e-04
Iteration 431/2000-----
currents: [100000.0, 99999.99999759668, 99999.99999733207, 99999.99999729203, 99999.99999735423]
J=1.3e-04, ⟨Jf⟩=1.2e-04, ⟨B·n⟩=3.2e-03, Len=sum([2.4, 2.4, 2.4, 2.5, 2.6])=12.3, ϰ=[8.4, 8.0, 8.8, 10.1, 10.1], ∫ϰ²/L>=[15.6, 14.9, 17.0, 18.8, 19.2], C-C-Sep=0.08, ║∇J║=2.4e-04
Iteration 432/2000-----
currents: [100000.0, 99999.99999759455, 99999.99999732905, 99999.999997289, 99999.99999735119]
J=1.3e-04, ⟨Jf⟩=1.2e-04, ⟨B·n⟩=3.2e-03, Len=sum([2.4, 2.4, 2.4, 2.5, 2.6])=12.3, ϰ=[8.4, 7.9, 8.8, 10.1, 10.1], ∫ϰ²/L>=[15.6, 14.9, 17.0, 18.8, 19.2], C-C-Sep=0.08, ║∇J║=2.4e-04
Iteration 433/2000-----
currents: [100000.0, 99999.99999759361, 99999.99999732769, 99999.99999728762, 99999.99999734983]
J=1.3e-04, ⟨Jf⟩=1.2e-04, ⟨B·n⟩=3.2e-03, Len=sum([2.4, 2.4, 2.4, 2.5, 2.6])=12.3, ϰ=[8.4, 7.9, 8.8, 10.1, 10.1], ∫ϰ²/L>=[15.6, 14.9, 17.0, 18.8, 19.2], C-C-Sep=0.08, ║∇J║=1.9e-04
Iteration 434/2000-----
currents: [100000.0, 99999.99999759419, 99999.99999732847, 99999.99999728838, 99999.99999735043]
J=1.3e-04, ⟨Jf⟩=1.2e-04, ⟨B·n⟩=3.2e-03, Len=sum([2.4, 2.4, 2.4, 2.5, 2.6])=12.3, ϰ=[8.4, 7.9, 8.7, 10.1, 10.1], ∫ϰ²/L>=[15.5, 14.9, 17.0, 18.8, 19.2], C-C-Sep=0.08, ║∇J║=1.8e-04
Iteration 435/2000-----
currents: [100000.0, 99999.99999758923, 99999.99999732146, 99999.9999972814, 99999.99999734359]
J=1.3e-04, ⟨Jf⟩=1.2e-04, ⟨B·n⟩=3.2e-03, Len=sum([2.4, 2.4, 2.4, 2.5, 2.6])=12.3, ϰ=[8.4, 7.9, 8.7, 10.1, 10.1], ∫ϰ²/L>=[15.5, 14.9, 17.0, 18.8, 19.2], C-C-Sep=0.08, ║∇J║=2.1e-04
Iteration 436/2000-----
currents: [100000.0, 99999.999997587, 99999.99999731839, 99999.99999727833, 99999.99999734033]
J=1.3e-04, ⟨Jf⟩=1.2e-04, ⟨B·n⟩=3.2e-03, Len=sum([2.4, 2.4, 2.4, 2.5, 2.6])=12.3, ϰ=[8.4, 7.9, 8.8, 10.1, 10.1], ∫ϰ²/L>=[15.5, 14.8, 17.0, 18.8, 19.2], C-C-Sep=0.08, ║∇J║=2.3e-04
Iteration 437/2000-----
currents: [100000.0, 99999.99999757837, 99999.99999730627, 99999.99999726628, 99999.99999732859]
J=1.3e-04, ⟨Jf⟩=1.2e-04, ⟨B·n⟩=3.2e-03, Len=sum([2.4, 2.4, 2.4, 2.5, 2.6])=12.3, ϰ=[8.4, 7.9, 8.8, 10.1, 10.1], ∫ϰ²/L>=[15.5, 14.9, 17.0, 18.9, 19.2], C-C-Sep=0.08, ║∇J║=2.3e-04
Iteration 438/2000-----
currents: [100000.0, 99999.99999757156, 99999.99999729672, 99999.99999725679, 99999.99999731938]
J=1.3e-04, ⟨Jf⟩=1.2e-04, ⟨B·n⟩=3.2e-03, Len=sum([2.4, 2.4, 2.4, 2.5, 2.6])=12.3, ϰ=[8.4, 7.9, 8.8, 10.2, 10.1], ∫ϰ²/L>=[15.5, 14.9, 17.0, 18.9, 19.2], C-C-Sep=0.08, ║∇J║=1.9e-04
Iteration 439/2000-----
currents: [100000.0, 99999.99999756776, 99999.99999729144, 99999.99999725155, 99999.99999731428]
J=1.3e-04, ⟨Jf⟩=1.2e-04, ⟨B·n⟩=3.2e-03, Len=sum([2.4, 2.4, 2.4, 2.5, 2.6])=12.3, ϰ=[8.4, 7.9, 8.8, 10.2, 10.1], ∫ϰ²/L>=[15.5, 14.9, 17.0, 18.9, 19.2], C-C-Sep=0.08, ║∇J║=2.1e-04
Iteration 440/2000-----
currents: [100000.0, 99999.9999975643, 99999.99999728658, 99999.99999724672, 99999.99999730961]
J=1.3e-04, ⟨Jf⟩=1.2e-04, ⟨B·n⟩=3.2e-03, Len=sum([2.4, 2.4, 2.4, 2.5, 2.6])=12.3, ϰ=[8.4, 8.0, 8.8, 10.2, 10.0], ∫ϰ²/L>=[15.5, 14.9, 17.0, 18.9, 19.2], C-C-Sep=0.08, ║∇J║=2.4e-04
Iteration 441/2000-----
currents: [100000.0, 99999.99999755708, 99999.9999972764, 99999.99999723658, 99999.99999729979]
J=1.3e-04, ⟨Jf⟩=1.2e-04, ⟨B·n⟩=3.2e-03, Len=sum([2.4, 2.4, 2.4, 2.5, 2.6])=12.3, ϰ=[8.4, 8.0, 8.8, 10.2, 10.0], ∫ϰ²/L>=[15.5, 14.9, 17.0, 18.9, 19.2], C-C-Sep=0.08, ║∇J║=3.1e-04
Iteration 442/2000-----
currents: [100000.0, 99999.99999755183, 99999.999997269, 99999.99999722917, 99999.9999972925]
J=1.3e-04, ⟨Jf⟩=1.2e-04, ⟨B·n⟩=3.2e-03, Len=sum([2.4, 2.4, 2.4, 2.5, 2.6])=12.3, ϰ=[8.4, 8.0, 8.8, 10.2, 10.0], ∫ϰ²/L>=[15.5, 14.9, 17.0, 18.9, 19.2], C-C-Sep=0.08, ║∇J║=2.5e-04
Iteration 443/2000-----
currents: [100000.0, 99999.99999754975, 99999.99999726604, 99999.9999972262, 99999.99999728955]
J=1.3e-04, ⟨Jf⟩=1.2e-04, ⟨B·n⟩=3.2e-03, Len=sum([2.4, 2.4, 2.4, 2.5, 2.6])=12.3, ϰ=[8.4, 8.0, 8.8, 10.2, 10.0], ∫ϰ²/L>=[15.5, 14.9, 17.0, 18.9, 19.2], C-C-Sep=0.08, ║∇J║=1.7e-04
Iteration 444/2000-----
currents: [100000.0, 99999.99999754613, 99999.99999726094, 99999.99999722108, 99999.99999728451]
J=1.3e-04, ⟨Jf⟩=1.2e-04, ⟨B·n⟩=3.2e-03, Len=sum([2.4, 2.4, 2.4, 2.5, 2.6])=12.3, ϰ=[8.4, 8.0, 8.8, 10.2, 10.0], ∫ϰ²/L>=[15.5, 14.9, 17.0, 18.9, 19.2], C-C-Sep=0.08, ║∇J║=1.7e-04
Iteration 445/2000-----
currents: [100000.0, 99999.99999754142, 99999.99999725436, 99999.9999972145, 99999.99999727805]
J=1.3e-04, ⟨Jf⟩=1.2e-04, ⟨B·n⟩=3.2e-03, Len=sum([2.4, 2.4, 2.4, 2.5, 2.6])=12.3, ϰ=[8.4, 8.0, 8.8, 10.2, 10.0], ∫ϰ²/L>=[15.5, 14.9, 17.0, 18.9, 19.2], C-C-Sep=0.08, ║∇J║=2.5e-04
Iteration 446/2000-----
currents: [100000.0, 99999.99999753218, 99999.99999724145, 99999.99999720164, 99999.99999726549]
J=1.3e-04, ⟨Jf⟩=1.2e-04, ⟨B·n⟩=3.2e-03, Len=sum([2.4, 2.4, 2.4, 2.5, 2.6])=12.3, ϰ=[8.4, 8.0, 8.8, 10.3, 10.1], ∫ϰ²/L>=[15.5, 14.9, 17.0, 19.0, 19.2], C-C-Sep=0.08, ║∇J║=3.1e-04
Iteration 447/2000-----
currents: [100000.0, 99999.99999752562, 99999.99999723231, 99999.99999719256, 99999.99999725669]
J=1.3e-04, ⟨Jf⟩=1.2e-04, ⟨B·n⟩=3.2e-03, Len=sum([2.4, 2.4, 2.4, 2.5, 2.6])=12.3, ϰ=[8.4, 8.0, 8.8, 10.3, 10.1], ∫ϰ²/L>=[15.5, 14.9, 17.0, 19.0, 19.2], C-C-Sep=0.08, ║∇J║=2.3e-04
Iteration 448/2000-----
currents: [100000.0, 99999.99999752092, 99999.99999722582, 99999.99999718614, 99999.99999725046]
J=1.3e-04, ⟨Jf⟩=1.2e-04, ⟨B·n⟩=3.2e-03, Len=sum([2.4, 2.4, 2.4, 2.5, 2.6])=12.3, ϰ=[8.4, 8.0, 8.8, 10.3, 10.1], ∫ϰ²/L>=[15.5, 14.9, 17.0, 19.0, 19.2], C-C-Sep=0.08, ║∇J║=2.1e-04
Iteration 449/2000-----
currents: [100000.0, 99999.99999751513, 99999.99999721782, 99999.99999717822, 99999.99999724275]
J=1.3e-04, ⟨Jf⟩=1.2e-04, ⟨B·n⟩=3.2e-03, Len=sum([2.4, 2.4, 2.4, 2.5, 2.6])=12.3, ϰ=[8.4, 8.0, 8.8, 10.3, 10.1], ∫ϰ²/L>=[15.5, 14.9, 17.0, 19.0, 19.2], C-C-Sep=0.08, ║∇J║=3.8e-04
Iteration 450/2000-----
currents: [100000.0, 99999.99999751062, 99999.99999721155, 99999.999997172, 99999.99999723665]
J=1.3e-04, ⟨Jf⟩=1.2e-04, ⟨B·n⟩=3.2e-03, Len=sum([2.4, 2.4, 2.4, 2.5, 2.6])=12.3, ϰ=[8.4, 8.0, 8.8, 10.3, 10.1], ∫ϰ²/L>=[15.5, 14.9, 17.0, 19.0, 19.2], C-C-Sep=0.08, ║∇J║=2.2e-04
Iteration 451/2000-----
currents: [100000.0, 99999.9999975089, 99999.99999720916, 99999.99999716962, 99999.99999723423]
J=1.3e-04, ⟨Jf⟩=1.2e-04, ⟨B·n⟩=3.2e-03, Len=sum([2.4, 2.4, 2.4, 2.5, 2.6])=12.3, ϰ=[8.4, 8.0, 8.8, 10.3, 10.1], ∫ϰ²/L>=[15.5, 14.9, 17.0, 19.0, 19.2], C-C-Sep=0.08, ║∇J║=1.8e-04
Iteration 452/2000-----
currents: [100000.0, 99999.9999975044, 99999.99999720286, 99999.99999716332, 99999.99999722796]
J=1.3e-04, ⟨Jf⟩=1.2e-04, ⟨B·n⟩=3.2e-03, Len=sum([2.4, 2.4, 2.4, 2.5, 2.6])=12.3, ϰ=[8.3, 8.0, 8.9, 10.4, 10.1], ∫ϰ²/L>=[15.5, 14.9, 17.0, 19.0, 19.2], C-C-Sep=0.08, ║∇J║=2.1e-04
Iteration 453/2000-----
currents: [100000.0, 99999.9999974983, 99999.99999719429, 99999.99999715475, 99999.99999721948]
J=1.3e-04, ⟨Jf⟩=1.2e-04, ⟨B·n⟩=3.2e-03, Len=sum([2.4, 2.4, 2.4, 2.5, 2.6])=12.3, ϰ=[8.3, 8.0, 8.9, 10.4, 10.1], ∫ϰ²/L>=[15.5, 14.9, 17.0, 19.0, 19.2], C-C-Sep=0.08, ║∇J║=3.7e-04
Iteration 454/2000-----
currents: [100000.0, 99999.99999749262, 99999.99999718633, 99999.99999714678, 99999.99999721162]
J=1.3e-04, ⟨Jf⟩=1.2e-04, ⟨B·n⟩=3.2e-03, Len=sum([2.4, 2.4, 2.4, 2.5, 2.6])=12.3, ϰ=[8.3, 8.0, 8.9, 10.4, 10.1], ∫ϰ²/L>=[15.5, 14.9, 17.0, 19.0, 19.2], C-C-Sep=0.08, ║∇J║=2.5e-04
Iteration 455/2000-----
currents: [100000.0, 99999.99999748096, 99999.99999716994, 99999.9999971304, 99999.99999719569]
J=1.3e-04, ⟨Jf⟩=1.2e-04, ⟨B·n⟩=3.2e-03, Len=sum([2.4, 2.4, 2.4, 2.5, 2.6])=12.3, ϰ=[8.3, 8.0, 8.9, 10.4, 10.2], ∫ϰ²/L>=[15.5, 14.9, 17.0, 19.0, 19.2], C-C-Sep=0.08, ║∇J║=2.0e-04
Iteration 456/2000-----
currents: [100000.0, 99999.99999747454, 99999.99999716096, 99999.99999712144, 99999.99999718694]
J=1.3e-04, ⟨Jf⟩=1.2e-04, ⟨B·n⟩=3.2e-03, Len=sum([2.4, 2.4, 2.4, 2.5, 2.6])=12.3, ϰ=[8.3, 8.0, 8.9, 10.4, 10.2], ∫ϰ²/L>=[15.5, 14.9, 17.0, 19.0, 19.2], C-C-Sep=0.08, ║∇J║=2.5e-04
Iteration 457/2000-----
currents: [100000.0, 99999.99999745822, 99999.99999713807, 99999.99999709865, 99999.99999716488]
J=1.3e-04, ⟨Jf⟩=1.2e-04, ⟨B·n⟩=3.2e-03, Len=sum([2.4, 2.4, 2.4, 2.5, 2.6])=12.3, ϰ=[8.2, 8.0, 8.9, 10.4, 10.2], ∫ϰ²/L>=[15.5, 14.9, 17.0, 19.1, 19.2], C-C-Sep=0.08, ║∇J║=4.0e-04
Iteration 458/2000-----
currents: [100000.0, 99999.99999745774, 99999.99999713748, 99999.9999970981, 99999.99999716434]
J=1.3e-04, ⟨Jf⟩=1.2e-04, ⟨B·n⟩=3.2e-03, Len=sum([2.4, 2.4, 2.4, 2.5, 2.6])=12.3, ϰ=[8.3, 8.0, 8.9, 10.4, 10.2], ∫ϰ²/L>=[15.5, 14.9, 17.0, 19.1, 19.2], C-C-Sep=0.08, ║∇J║=2.6e-04
Iteration 459/2000-----
currents: [100000.0, 99999.99999746127, 99999.99999714256, 99999.99999710324, 99999.99999716933]
J=1.3e-04, ⟨Jf⟩=1.2e-04, ⟨B·n⟩=3.2e-03, Len=sum([2.4, 2.4, 2.4, 2.5, 2.6])=12.3, ϰ=[8.3, 8.0, 8.9, 10.4, 10.2], ∫ϰ²/L>=[15.5, 14.9, 17.0, 19.1, 19.2], C-C-Sep=0.08, ║∇J║=2.5e-04
Iteration 460/2000-----
currents: [100000.0, 99999.99999745235, 99999.99999713017, 99999.99999709101, 99999.99999715744]
J=1.3e-04, ⟨Jf⟩=1.2e-04, ⟨B·n⟩=3.2e-03, Len=sum([2.4, 2.4, 2.4, 2.5, 2.6])=12.3, ϰ=[8.3, 8.0, 8.9, 10.4, 10.2], ∫ϰ²/L>=[15.5, 14.9, 17.0, 19.1, 19.2], C-C-Sep=0.08, ║∇J║=3.0e-04
Iteration 461/2000-----
currents: [100000.0, 99999.99999745125, 99999.99999712873, 99999.99999708968, 99999.99999715602]
J=1.3e-04, ⟨Jf⟩=1.2e-04, ⟨B·n⟩=3.2e-03, Len=sum([2.4, 2.4, 2.4, 2.5, 2.6])=12.3, ϰ=[8.3, 8.0, 8.9, 10.4, 10.3], ∫ϰ²/L>=[15.5, 14.9, 17.0, 19.1, 19.3], C-C-Sep=0.08, ║∇J║=4.8e-04
Iteration 462/2000-----
currents: [100000.0, 99999.99999744327, 99999.99999711759, 99999.99999707856, 99999.99999714515]
J=1.3e-04, ⟨Jf⟩=1.2e-04, ⟨B·n⟩=3.2e-03, Len=sum([2.4, 2.4, 2.4, 2.5, 2.6])=12.3, ϰ=[8.3, 8.0, 8.9, 10.4, 10.3], ∫ϰ²/L>=[15.5, 14.9, 17.0, 19.1, 19.3], C-C-Sep=0.08, ║∇J║=3.2e-04
Iteration 463/2000-----
currents: [100000.0, 99999.99999743522, 99999.9999971062, 99999.99999706716, 99999.99999713401]
J=1.3e-04, ⟨Jf⟩=1.2e-04, ⟨B·n⟩=3.2e-03, Len=sum([2.4, 2.4, 2.4, 2.5, 2.6])=12.3, ϰ=[8.3, 8.0, 8.9, 10.5, 10.3], ∫ϰ²/L>=[15.5, 14.9, 17.0, 19.1, 19.3], C-C-Sep=0.08, ║∇J║=2.0e-04
Iteration 464/2000-----
currents: [100000.0, 99999.9999974336, 99999.99999710379, 99999.99999706466, 99999.99999713145]
J=1.3e-04, ⟨Jf⟩=1.2e-04, ⟨B·n⟩=3.2e-03, Len=sum([2.4, 2.4, 2.4, 2.5, 2.6])=12.3, ϰ=[8.3, 8.0, 8.9, 10.5, 10.3], ∫ϰ²/L>=[15.5, 14.9, 17.0, 19.1, 19.2], C-C-Sep=0.08, ║∇J║=2.1e-04
Iteration 465/2000-----
currents: [100000.0, 99999.99999742833, 99999.99999709633, 99999.99999705715, 99999.99999712402]
J=1.3e-04, ⟨Jf⟩=1.2e-04, ⟨B·n⟩=3.2e-03, Len=sum([2.4, 2.4, 2.4, 2.5, 2.6])=12.3, ϰ=[8.3, 8.0, 8.9, 10.5, 10.3], ∫ϰ²/L>=[15.5, 14.9, 17.0, 19.1, 19.2], C-C-Sep=0.08, ║∇J║=3.0e-04
Iteration 466/2000-----
currents: [100000.0, 99999.9999974246, 99999.999997091, 99999.9999970518, 99999.99999711868]
J=1.3e-04, ⟨Jf⟩=1.2e-04, ⟨B·n⟩=3.2e-03, Len=sum([2.4, 2.4, 2.4, 2.5, 2.6])=12.3, ϰ=[8.3, 8.0, 8.9, 10.5, 10.3], ∫ϰ²/L>=[15.5, 14.9, 17.0, 19.1, 19.3], C-C-Sep=0.08, ║∇J║=2.2e-04
Iteration 467/2000-----
currents: [100000.0, 99999.99999742613, 99999.99999709323, 99999.99999705404, 99999.99999712077]
J=1.3e-04, ⟨Jf⟩=1.2e-04, ⟨B·n⟩=3.2e-03, Len=sum([2.4, 2.4, 2.4, 2.5, 2.6])=12.3, ϰ=[8.4, 8.0, 8.9, 10.4, 10.3], ∫ϰ²/L>=[15.5, 14.8, 17.0, 19.1, 19.3], C-C-Sep=0.08, ║∇J║=2.8e-04
Iteration 468/2000-----
currents: [100000.0, 99999.99999742092, 99999.99999708605, 99999.99999704698, 99999.99999711395]
J=1.3e-04, ⟨Jf⟩=1.2e-04, ⟨B·n⟩=3.2e-03, Len=sum([2.4, 2.4, 2.4, 2.5, 2.6])=12.3, ϰ=[8.4, 8.0, 8.9, 10.4, 10.3], ∫ϰ²/L>=[15.5, 14.8, 17.0, 19.1, 19.3], C-C-Sep=0.08, ║∇J║=2.3e-04
Iteration 469/2000-----
currents: [100000.0, 99999.99999741794, 99999.99999708198, 99999.99999704299, 99999.99999711014]
J=1.3e-04, ⟨Jf⟩=1.2e-04, ⟨B·n⟩=3.2e-03, Len=sum([2.4, 2.4, 2.4, 2.5, 2.6])=12.3, ϰ=[8.4, 8.0, 8.9, 10.4, 10.3], ∫ϰ²/L>=[15.5, 14.8, 17.0, 19.1, 19.3], C-C-Sep=0.08, ║∇J║=1.8e-04
Iteration 470/2000-----
currents: [100000.0, 99999.99999740976, 99999.99999707063, 99999.99999703177, 99999.99999709928]
J=1.3e-04, ⟨Jf⟩=1.2e-04, ⟨B·n⟩=3.2e-03, Len=sum([2.4, 2.4, 2.4, 2.5, 2.6])=12.3, ϰ=[8.4, 8.0, 8.9, 10.4, 10.3], ∫ϰ²/L>=[15.5, 14.8, 17.0, 19.1, 19.3], C-C-Sep=0.08, ║∇J║=2.8e-04
Iteration 471/2000-----
currents: [100000.0, 99999.99999740216, 99999.99999706006, 99999.99999702132, 99999.99999708912]
J=1.3e-04, ⟨Jf⟩=1.2e-04, ⟨B·n⟩=3.2e-03, Len=sum([2.4, 2.4, 2.4, 2.5, 2.6])=12.3, ϰ=[8.4, 8.0, 9.0, 10.4, 10.3], ∫ϰ²/L>=[15.5, 14.8, 17.0, 19.1, 19.3], C-C-Sep=0.08, ║∇J║=3.6e-04
Iteration 472/2000-----
currents: [100000.0, 99999.99999739927, 99999.99999705596, 99999.99999701724, 99999.9999970851]
J=1.3e-04, ⟨Jf⟩=1.2e-04, ⟨B·n⟩=3.2e-03, Len=sum([2.4, 2.4, 2.4, 2.5, 2.6])=12.3, ϰ=[8.4, 8.0, 8.9, 10.4, 10.3], ∫ϰ²/L>=[15.5, 14.8, 17.0, 19.1, 19.3], C-C-Sep=0.08, ║∇J║=2.2e-04
Iteration 473/2000-----
currents: [100000.0, 99999.99999739445, 99999.99999704909, 99999.99999701038, 99999.99999707828]
J=1.3e-04, ⟨Jf⟩=1.2e-04, ⟨B·n⟩=3.2e-03, Len=sum([2.4, 2.4, 2.4, 2.5, 2.6])=12.3, ϰ=[8.4, 8.0, 8.9, 10.4, 10.3], ∫ϰ²/L>=[15.5, 14.8, 17.0, 19.1, 19.3], C-C-Sep=0.08, ║∇J║=2.0e-04
Iteration 474/2000-----
currents: [100000.0, 99999.99999738803, 99999.99999704005, 99999.9999970014, 99999.99999706948]
J=1.3e-04, ⟨Jf⟩=1.2e-04, ⟨B·n⟩=3.2e-03, Len=sum([2.4, 2.4, 2.4, 2.5, 2.6])=12.3, ϰ=[8.5, 8.0, 9.0, 10.4, 10.3], ∫ϰ²/L>=[15.5, 14.8, 17.0, 19.1, 19.3], C-C-Sep=0.08, ║∇J║=2.4e-04
Iteration 475/2000-----
currents: [100000.0, 99999.99999737764, 99999.99999702544, 99999.9999969869, 99999.99999705523]
J=1.3e-04, ⟨Jf⟩=1.2e-04, ⟨B·n⟩=3.2e-03, Len=sum([2.4, 2.4, 2.4, 2.5, 2.6])=12.3, ϰ=[8.5, 8.0, 9.0, 10.4, 10.3], ∫ϰ²/L>=[15.5, 14.8, 17.0, 19.1, 19.3], C-C-Sep=0.08, ║∇J║=4.5e-04
Iteration 476/2000-----
currents: [100000.0, 99999.99999736942, 99999.9999970139, 99999.99999697546, 99999.99999704407]
J=1.3e-04, ⟨Jf⟩=1.2e-04, ⟨B·n⟩=3.2e-03, Len=sum([2.4, 2.4, 2.4, 2.5, 2.6])=12.3, ϰ=[8.5, 8.0, 9.0, 10.4, 10.4], ∫ϰ²/L>=[15.5, 14.9, 17.0, 19.1, 19.3], C-C-Sep=0.08, ║∇J║=2.1e-04
Iteration 477/2000-----
currents: [100000.0, 99999.99999736645, 99999.99999700979, 99999.99999697138, 99999.99999704017]
J=1.3e-04, ⟨Jf⟩=1.2e-04, ⟨B·n⟩=3.2e-03, Len=sum([2.4, 2.4, 2.4, 2.5, 2.6])=12.3, ϰ=[8.5, 8.0, 9.0, 10.4, 10.4], ∫ϰ²/L>=[15.5, 14.9, 17.0, 19.1, 19.3], C-C-Sep=0.08, ║∇J║=1.9e-04
Iteration 478/2000-----
currents: [100000.0, 99999.99999735948, 99999.99999700002, 99999.99999696173, 99999.99999703084]
J=1.3e-04, ⟨Jf⟩=1.2e-04, ⟨B·n⟩=3.2e-03, Len=sum([2.4, 2.4, 2.4, 2.5, 2.6])=12.3, ϰ=[8.5, 8.0, 9.0, 10.4, 10.4], ∫ϰ²/L>=[15.5, 14.9, 17.0, 19.1, 19.3], C-C-Sep=0.08, ║∇J║=2.1e-04
Iteration 479/2000-----
currents: [100000.0, 99999.9999973479, 99999.99999698374, 99999.99999694561, 99999.99999701515]
J=1.3e-04, ⟨Jf⟩=1.2e-04, ⟨B·n⟩=3.2e-03, Len=sum([2.4, 2.4, 2.4, 2.5, 2.6])=12.3, ϰ=[8.6, 8.0, 9.0, 10.4, 10.4], ∫ϰ²/L>=[15.5, 14.9, 17.0, 19.1, 19.3], C-C-Sep=0.08, ║∇J║=3.7e-04
Iteration 480/2000-----
currents: [100000.0, 99999.99999734033, 99999.99999697309, 99999.99999693509, 99999.99999700488]
J=1.3e-04, ⟨Jf⟩=1.2e-04, ⟨B·n⟩=3.2e-03, Len=sum([2.4, 2.4, 2.4, 2.5, 2.6])=12.3, ϰ=[8.6, 8.0, 9.0, 10.4, 10.4], ∫ϰ²/L>=[15.5, 14.9, 17.0, 19.1, 19.3], C-C-Sep=0.08, ║∇J║=2.3e-04
Iteration 481/2000-----
currents: [100000.0, 99999.9999973344, 99999.99999696469, 99999.99999692685, 99999.99999699676]
J=1.3e-04, ⟨Jf⟩=1.2e-04, ⟨B·n⟩=3.2e-03, Len=sum([2.4, 2.4, 2.4, 2.5, 2.6])=12.3, ϰ=[8.6, 8.0, 9.0, 10.4, 10.4], ∫ϰ²/L>=[15.5, 14.8, 17.0, 19.1, 19.3], C-C-Sep=0.08, ║∇J║=2.3e-04
Iteration 482/2000-----
currents: [100000.0, 99999.99999732387, 99999.99999694986, 99999.99999691217, 99999.99999698233]
J=1.3e-04, ⟨Jf⟩=1.2e-04, ⟨B·n⟩=3.2e-03, Len=sum([2.4, 2.4, 2.4, 2.5, 2.6])=12.3, ϰ=[8.6, 8.1, 9.0, 10.4, 10.4], ∫ϰ²/L>=[15.5, 14.8, 17.0, 19.2, 19.3], C-C-Sep=0.08, ║∇J║=3.7e-04
Iteration 483/2000-----
currents: [100000.0, 99999.99999732111, 99999.99999694602, 99999.99999690842, 99999.99999697857]
J=1.3e-04, ⟨Jf⟩=1.2e-04, ⟨B·n⟩=3.2e-03, Len=sum([2.4, 2.4, 2.4, 2.5, 2.6])=12.3, ϰ=[8.6, 8.1, 9.0, 10.4, 10.4], ∫ϰ²/L>=[15.5, 14.8, 17.0, 19.2, 19.3], C-C-Sep=0.08, ║∇J║=2.7e-04
Iteration 484/2000-----
currents: [100000.0, 99999.99999731657, 99999.99999693967, 99999.9999969022, 99999.99999697244]
J=1.3e-04, ⟨Jf⟩=1.2e-04, ⟨B·n⟩=3.2e-03, Len=sum([2.4, 2.4, 2.4, 2.5, 2.6])=12.3, ϰ=[8.6, 8.0, 9.0, 10.4, 10.4], ∫ϰ²/L>=[15.5, 14.8, 17.0, 19.2, 19.3], C-C-Sep=0.08, ║∇J║=2.7e-04
Iteration 485/2000-----
currents: [100000.0, 99999.99999730894, 99999.99999692905, 99999.99999689173, 99999.99999696205]
J=1.3e-04, ⟨Jf⟩=1.2e-04, ⟨B·n⟩=3.2e-03, Len=sum([2.4, 2.4, 2.4, 2.5, 2.6])=12.3, ϰ=[8.6, 8.0, 9.0, 10.4, 10.4], ∫ϰ²/L>=[15.5, 14.8, 17.0, 19.2, 19.3], C-C-Sep=0.08, ║∇J║=4.2e-04
Iteration 486/2000-----
currents: [100000.0, 99999.99999730398, 99999.99999692214, 99999.9999968849, 99999.99999695517]
J=1.3e-04, ⟨Jf⟩=1.2e-04, ⟨B·n⟩=3.2e-03, Len=sum([2.4, 2.4, 2.4, 2.5, 2.6])=12.3, ϰ=[8.5, 8.0, 9.0, 10.4, 10.5], ∫ϰ²/L>=[15.5, 14.8, 17.0, 19.2, 19.3], C-C-Sep=0.08, ║∇J║=4.9e-04
Iteration 487/2000-----
currents: [100000.0, 99999.99999730279, 99999.99999692042, 99999.99999688321, 99999.99999695354]
J=1.3e-04, ⟨Jf⟩=1.2e-04, ⟨B·n⟩=3.2e-03, Len=sum([2.4, 2.4, 2.4, 2.5, 2.6])=12.3, ϰ=[8.5, 8.0, 8.9, 10.4, 10.5], ∫ϰ²/L>=[15.5, 14.8, 17.0, 19.2, 19.3], C-C-Sep=0.08, ║∇J║=2.4e-04
Iteration 488/2000-----
currents: [100000.0, 99999.9999972998, 99999.99999691623, 99999.99999687904, 99999.99999694941]
J=1.3e-04, ⟨Jf⟩=1.2e-04, ⟨B·n⟩=3.2e-03, Len=sum([2.4, 2.4, 2.4, 2.5, 2.6])=12.3, ϰ=[8.5, 8.0, 8.9, 10.4, 10.5], ∫ϰ²/L>=[15.5, 14.8, 17.0, 19.2, 19.3], C-C-Sep=0.08, ║∇J║=2.2e-04
Iteration 489/2000-----
currents: [100000.0, 99999.99999729879, 99999.99999691479, 99999.99999687764, 99999.99999694797]
J=1.3e-04, ⟨Jf⟩=1.2e-04, ⟨B·n⟩=3.2e-03, Len=sum([2.4, 2.4, 2.4, 2.5, 2.6])=12.3, ϰ=[8.5, 8.0, 8.9, 10.4, 10.5], ∫ϰ²/L>=[15.5, 14.8, 17.0, 19.2, 19.3], C-C-Sep=0.08, ║∇J║=2.4e-04
Iteration 490/2000-----
currents: [100000.0, 99999.99999728613, 99999.99999689707, 99999.99999686012, 99999.99999693078]
J=1.3e-04, ⟨Jf⟩=1.2e-04, ⟨B·n⟩=3.2e-03, Len=sum([2.4, 2.4, 2.4, 2.5, 2.6])=12.3, ϰ=[8.5, 8.0, 8.9, 10.4, 10.5], ∫ϰ²/L>=[15.5, 14.8, 17.0, 19.2, 19.3], C-C-Sep=0.08, ║∇J║=3.2e-04
Iteration 491/2000-----
currents: [100000.0, 99999.99999727595, 99999.99999688286, 99999.99999684612, 99999.99999691699]
J=1.3e-04, ⟨Jf⟩=1.2e-04, ⟨B·n⟩=3.2e-03, Len=sum([2.4, 2.4, 2.4, 2.5, 2.6])=12.3, ϰ=[8.4, 8.0, 8.9, 10.4, 10.5], ∫ϰ²/L>=[15.5, 14.8, 17.0, 19.2, 19.3], C-C-Sep=0.08, ║∇J║=5.5e-04
Iteration 492/2000-----
currents: [100000.0, 99999.99999727518, 99999.9999968818, 99999.9999968451, 99999.99999691597]
J=1.3e-04, ⟨Jf⟩=1.2e-04, ⟨B·n⟩=3.2e-03, Len=sum([2.4, 2.4, 2.4, 2.5, 2.6])=12.3, ϰ=[8.4, 8.0, 8.9, 10.4, 10.5], ∫ϰ²/L>=[15.5, 14.8, 17.0, 19.2, 19.3], C-C-Sep=0.08, ║∇J║=2.7e-04
Iteration 493/2000-----
currents: [100000.0, 99999.99999726539, 99999.99999686811, 99999.99999683152, 99999.99999690277]
J=1.3e-04, ⟨Jf⟩=1.2e-04, ⟨B·n⟩=3.2e-03, Len=sum([2.4, 2.4, 2.4, 2.5, 2.6])=12.3, ϰ=[8.4, 8.0, 8.9, 10.4, 10.5], ∫ϰ²/L>=[15.5, 14.8, 17.0, 19.2, 19.3], C-C-Sep=0.08, ║∇J║=2.6e-04
Iteration 494/2000-----
currents: [100000.0, 99999.99999725967, 99999.99999686012, 99999.99999682362, 99999.99999689501]
J=1.3e-04, ⟨Jf⟩=1.2e-04, ⟨B·n⟩=3.2e-03, Len=sum([2.4, 2.4, 2.4, 2.5, 2.6])=12.3, ϰ=[8.4, 8.0, 8.9, 10.4, 10.5], ∫ϰ²/L>=[15.5, 14.8, 17.0, 19.2, 19.3], C-C-Sep=0.08, ║∇J║=2.9e-04
Iteration 495/2000-----
currents: [100000.0, 99999.99999724003, 99999.99999683257, 99999.99999679626, 99999.99999686821]
J=1.3e-04, ⟨Jf⟩=1.2e-04, ⟨B·n⟩=3.2e-03, Len=sum([2.4, 2.4, 2.4, 2.5, 2.6])=12.3, ϰ=[8.4, 8.0, 8.9, 10.4, 10.5], ∫ϰ²/L>=[15.5, 14.8, 17.0, 19.2, 19.3], C-C-Sep=0.08, ║∇J║=3.2e-04
Iteration 496/2000-----
currents: [100000.0, 99999.99999722802, 99999.99999681576, 99999.9999967796, 99999.99999685188]
J=1.3e-04, ⟨Jf⟩=1.2e-04, ⟨B·n⟩=3.2e-03, Len=sum([2.4, 2.4, 2.4, 2.5, 2.6])=12.3, ϰ=[8.4, 8.0, 8.8, 10.4, 10.6], ∫ϰ²/L>=[15.5, 14.8, 17.0, 19.2, 19.3], C-C-Sep=0.08, ║∇J║=3.2e-04
Iteration 497/2000-----
currents: [100000.0, 99999.99999722175, 99999.99999680699, 99999.99999677092, 99999.99999684334]
J=1.3e-04, ⟨Jf⟩=1.2e-04, ⟨B·n⟩=3.2e-03, Len=sum([2.4, 2.4, 2.4, 2.5, 2.6])=12.3, ϰ=[8.4, 8.0, 8.8, 10.4, 10.6], ∫ϰ²/L>=[15.5, 14.8, 17.0, 19.2, 19.3], C-C-Sep=0.08, ║∇J║=2.7e-04
Iteration 498/2000-----
currents: [100000.0, 99999.99999720504, 99999.99999678359, 99999.9999967477, 99999.99999682057]
J=1.3e-04, ⟨Jf⟩=1.2e-04, ⟨B·n⟩=3.2e-03, Len=sum([2.4, 2.4, 2.4, 2.5, 2.6])=12.3, ϰ=[8.4, 8.0, 8.8, 10.4, 10.6], ∫ϰ²/L>=[15.5, 14.8, 17.0, 19.3, 19.4], C-C-Sep=0.08, ║∇J║=3.0e-04
Iteration 499/2000-----
currents: [100000.0, 99999.99999718291, 99999.99999675264, 99999.99999671706, 99999.99999679066]
J=1.3e-04, ⟨Jf⟩=1.2e-04, ⟨B·n⟩=3.2e-03, Len=sum([2.4, 2.4, 2.4, 2.5, 2.6])=12.3, ϰ=[8.4, 8.0, 8.8, 10.5, 10.6], ∫ϰ²/L>=[15.5, 14.8, 17.0, 19.3, 19.4], C-C-Sep=0.08, ║∇J║=4.6e-04
Iteration 500/2000-----
currents: [100000.0, 99999.99999717317, 99999.99999673908, 99999.99999670364, 99999.99999677754]
J=1.3e-04, ⟨Jf⟩=1.2e-04, ⟨B·n⟩=3.2e-03, Len=sum([2.4, 2.4, 2.4, 2.5, 2.6])=12.3, ϰ=[8.4, 8.0, 8.8, 10.5, 10.6], ∫ϰ²/L>=[15.5, 14.9, 17.0, 19.3, 19.4], C-C-Sep=0.08, ║∇J║=3.3e-04
Iteration 501/2000-----
currents: [100000.0, 99999.99999717844, 99999.99999674645, 99999.99999671096, 99999.99999678477]
J=1.3e-04, ⟨Jf⟩=1.2e-04, ⟨B·n⟩=3.2e-03, Len=sum([2.4, 2.4, 2.4, 2.5, 2.6])=12.3, ϰ=[8.4, 8.0, 8.8, 10.5, 10.5], ∫ϰ²/L>=[15.5, 14.9, 17.0, 19.3, 19.4], C-C-Sep=0.08, ║∇J║=2.7e-04
Iteration 502/2000-----
currents: [100000.0, 99999.99999716361, 99999.99999672567, 99999.99999669039, 99999.99999676477]
J=1.3e-04, ⟨Jf⟩=1.2e-04, ⟨B·n⟩=3.2e-03, Len=sum([2.4, 2.4, 2.4, 2.5, 2.6])=12.3, ϰ=[8.4, 8.0, 8.8, 10.5, 10.5], ∫ϰ²/L>=[15.5, 14.9, 17.0, 19.3, 19.4], C-C-Sep=0.08, ║∇J║=3.4e-04
Iteration 503/2000-----
currents: [100000.0, 99999.99999717313, 99999.99999673896, 99999.9999967036, 99999.9999967777]
J=1.3e-04, ⟨Jf⟩=1.2e-04, ⟨B·n⟩=3.2e-03, Len=sum([2.4, 2.4, 2.4, 2.5, 2.6])=12.3, ϰ=[8.4, 8.0, 8.8, 10.5, 10.5], ∫ϰ²/L>=[15.5, 14.9, 17.0, 19.3, 19.4], C-C-Sep=0.08, ║∇J║=4.2e-04
Iteration 504/2000-----
currents: [100000.0, 99999.99999717009, 99999.9999967346, 99999.99999669929, 99999.9999967734]
J=1.3e-04, ⟨Jf⟩=1.2e-04, ⟨B·n⟩=3.2e-03, Len=sum([2.4, 2.4, 2.4, 2.5, 2.6])=12.3, ϰ=[8.4, 8.0, 8.8, 10.5, 10.5], ∫ϰ²/L>=[15.5, 14.9, 17.0, 19.3, 19.4], C-C-Sep=0.08, ║∇J║=2.6e-04
Iteration 505/2000-----
currents: [100000.0, 99999.99999715279, 99999.99999671025, 99999.99999667518, 99999.99999674966]
J=1.3e-04, ⟨Jf⟩=1.2e-04, ⟨B·n⟩=3.2e-03, Len=sum([2.4, 2.4, 2.4, 2.5, 2.6])=12.3, ϰ=[8.4, 7.9, 8.8, 10.5, 10.5], ∫ϰ²/L>=[15.5, 14.9, 17.0, 19.3, 19.4], C-C-Sep=0.08, ║∇J║=3.0e-04
Iteration 506/2000-----
currents: [100000.0, 99999.99999715184, 99999.9999967089, 99999.99999667387, 99999.99999674829]
J=1.3e-04, ⟨Jf⟩=1.2e-04, ⟨B·n⟩=3.2e-03, Len=sum([2.4, 2.4, 2.4, 2.5, 2.6])=12.3, ϰ=[8.4, 7.9, 8.8, 10.5, 10.5], ∫ϰ²/L>=[15.5, 14.8, 16.9, 19.3, 19.4], C-C-Sep=0.08, ║∇J║=4.1e-04
Iteration 507/2000-----
currents: [100000.0, 99999.9999971503, 99999.99999670671, 99999.99999667174, 99999.99999674615]
J=1.3e-04, ⟨Jf⟩=1.2e-04, ⟨B·n⟩=3.2e-03, Len=sum([2.4, 2.4, 2.4, 2.5, 2.6])=12.3, ϰ=[8.4, 7.9, 8.8, 10.5, 10.5], ∫ϰ²/L>=[15.5, 14.8, 16.9, 19.3, 19.4], C-C-Sep=0.08, ║∇J║=3.3e-04
Iteration 508/2000-----
currents: [100000.0, 99999.99999713729, 99999.99999668839, 99999.9999966536, 99999.99999672822]
J=1.3e-04, ⟨Jf⟩=1.2e-04, ⟨B·n⟩=3.2e-03, Len=sum([2.4, 2.4, 2.4, 2.5, 2.6])=12.3, ϰ=[8.4, 7.9, 8.7, 10.5, 10.5], ∫ϰ²/L>=[15.5, 14.8, 16.9, 19.3, 19.4], C-C-Sep=0.08, ║∇J║=3.3e-04
Iteration 509/2000-----
currents: [100000.0, 99999.9999971384, 99999.99999668993, 99999.99999665521, 99999.99999672978]
J=1.3e-04, ⟨Jf⟩=1.2e-04, ⟨B·n⟩=3.2e-03, Len=sum([2.4, 2.4, 2.4, 2.5, 2.6])=12.3, ϰ=[8.4, 8.0, 8.7, 10.5, 10.5], ∫ϰ²/L>=[15.5, 14.8, 16.9, 19.3, 19.4], C-C-Sep=0.08, ║∇J║=4.0e-04
Iteration 510/2000-----
currents: [100000.0, 99999.99999713311, 99999.99999668245, 99999.99999664786, 99999.99999672262]
J=1.3e-04, ⟨Jf⟩=1.2e-04, ⟨B·n⟩=3.2e-03, Len=sum([2.4, 2.4, 2.4, 2.5, 2.6])=12.3, ϰ=[8.5, 8.0, 8.7, 10.5, 10.5], ∫ϰ²/L>=[15.5, 14.8, 16.9, 19.3, 19.4], C-C-Sep=0.08, ║∇J║=3.6e-04
Iteration 511/2000-----
currents: [100000.0, 99999.9999971156, 99999.99999665769, 99999.99999662339, 99999.99999669864]
J=1.3e-04, ⟨Jf⟩=1.2e-04, ⟨B·n⟩=3.2e-03, Len=sum([2.4, 2.4, 2.4, 2.5, 2.6])=12.3, ϰ=[8.5, 8.0, 8.6, 10.6, 10.5], ∫ϰ²/L>=[15.6, 14.9, 16.9, 19.3, 19.4], C-C-Sep=0.08, ║∇J║=4.8e-04
Iteration 512/2000-----
currents: [100000.0, 99999.99999708668, 99999.99999661693, 99999.99999658312, 99999.99999665932]
J=1.3e-04, ⟨Jf⟩=1.2e-04, ⟨B·n⟩=3.2e-03, Len=sum([2.4, 2.4, 2.4, 2.5, 2.6])=12.3, ϰ=[8.5, 8.0, 8.6, 10.6, 10.6], ∫ϰ²/L>=[15.6, 14.9, 16.9, 19.3, 19.4], C-C-Sep=0.08, ║∇J║=9.6e-04
Iteration 513/2000-----
currents: [100000.0, 99999.99999708374, 99999.99999661281, 99999.999996579, 99999.9999966553]
J=1.3e-04, ⟨Jf⟩=1.2e-04, ⟨B·n⟩=3.2e-03, Len=sum([2.4, 2.4, 2.4, 2.5, 2.6])=12.3, ϰ=[8.5, 8.0, 8.6, 10.6, 10.6], ∫ϰ²/L>=[15.6, 14.9, 16.9, 19.3, 19.4], C-C-Sep=0.08, ║∇J║=3.3e-04
Iteration 514/2000-----
currents: [100000.0, 99999.99999707448, 99999.99999659984, 99999.99999656614, 99999.99999664264]
J=1.3e-04, ⟨Jf⟩=1.2e-04, ⟨B·n⟩=3.2e-03, Len=sum([2.4, 2.4, 2.4, 2.5, 2.6])=12.3, ϰ=[8.5, 8.0, 8.6, 10.6, 10.6], ∫ϰ²/L>=[15.6, 14.8, 16.9, 19.3, 19.4], C-C-Sep=0.08, ║∇J║=2.5e-04
Iteration 515/2000-----
currents: [100000.0, 99999.99999705995, 99999.99999657935, 99999.99999654586, 99999.99999662275]
J=1.3e-04, ⟨Jf⟩=1.2e-04, ⟨B·n⟩=3.2e-03, Len=sum([2.4, 2.4, 2.4, 2.5, 2.6])=12.3, ϰ=[8.5, 8.0, 8.5, 10.6, 10.6], ∫ϰ²/L>=[15.6, 14.8, 16.9, 19.3, 19.4], C-C-Sep=0.08, ║∇J║=3.2e-04
Iteration 516/2000-----
currents: [100000.0, 99999.99999703983, 99999.99999655107, 99999.99999651786, 99999.99999659529]
J=1.3e-04, ⟨Jf⟩=1.2e-04, ⟨B·n⟩=3.2e-03, Len=sum([2.4, 2.4, 2.4, 2.5, 2.6])=12.3, ϰ=[8.5, 8.0, 8.5, 10.7, 10.6], ∫ϰ²/L>=[15.6, 14.8, 16.9, 19.3, 19.4], C-C-Sep=0.08, ║∇J║=4.5e-04
Iteration 517/2000-----
currents: [100000.0, 99999.99999701446, 99999.99999651535, 99999.99999648253, 99999.9999965606]
J=1.3e-04, ⟨Jf⟩=1.2e-04, ⟨B·n⟩=3.2e-03, Len=sum([2.4, 2.4, 2.4, 2.5, 2.6])=12.3, ϰ=[8.5, 8.0, 8.5, 10.7, 10.6], ∫ϰ²/L>=[15.6, 14.8, 16.9, 19.3, 19.4], C-C-Sep=0.08, ║∇J║=3.4e-04
Iteration 518/2000-----
currents: [100000.0, 99999.9999970176, 99999.99999651975, 99999.99999648693, 99999.99999656483]
J=1.3e-04, ⟨Jf⟩=1.2e-04, ⟨B·n⟩=3.2e-03, Len=sum([2.4, 2.4, 2.4, 2.5, 2.6])=12.3, ϰ=[8.5, 8.0, 8.5, 10.7, 10.6], ∫ϰ²/L>=[15.6, 14.8, 16.9, 19.3, 19.4], C-C-Sep=0.08, ║∇J║=3.0e-04
Iteration 519/2000-----
currents: [100000.0, 99999.99999699919, 99999.99999649392, 99999.99999646144, 99999.99999653987]
J=1.3e-04, ⟨Jf⟩=1.2e-04, ⟨B·n⟩=3.2e-03, Len=sum([2.4, 2.4, 2.4, 2.5, 2.6])=12.3, ϰ=[8.5, 8.0, 8.5, 10.7, 10.6], ∫ϰ²/L>=[15.6, 14.8, 16.9, 19.3, 19.4], C-C-Sep=0.08, ║∇J║=3.4e-04
Iteration 520/2000-----
currents: [100000.0, 99999.99999698646, 99999.99999647604, 99999.99999644379, 99999.9999965225]
J=1.3e-04, ⟨Jf⟩=1.2e-04, ⟨B·n⟩=3.2e-03, Len=sum([2.4, 2.4, 2.4, 2.5, 2.6])=12.3, ϰ=[8.5, 8.0, 8.5, 10.7, 10.7], ∫ϰ²/L>=[15.6, 14.8, 16.9, 19.3, 19.4], C-C-Sep=0.08, ║∇J║=3.7e-04
Iteration 521/2000-----
currents: [100000.0, 99999.9999969487, 99999.99999642296, 99999.99999639139, 99999.9999964711]
J=1.3e-04, ⟨Jf⟩=1.2e-04, ⟨B·n⟩=3.2e-03, Len=sum([2.4, 2.4, 2.4, 2.5, 2.6])=12.3, ϰ=[8.5, 8.0, 8.6, 10.8, 10.7], ∫ϰ²/L>=[15.6, 14.8, 16.9, 19.4, 19.5], C-C-Sep=0.08, ║∇J║=4.3e-04
Iteration 522/2000-----
currents: [100000.0, 99999.99999689637, 99999.99999634933, 99999.99999631861, 99999.99999639975]
J=1.3e-04, ⟨Jf⟩=1.2e-04, ⟨B·n⟩=3.2e-03, Len=sum([2.4, 2.4, 2.4, 2.5, 2.6])=12.3, ϰ=[8.4, 8.0, 8.5, 10.8, 10.8], ∫ϰ²/L>=[15.7, 14.8, 16.9, 19.4, 19.5], C-C-Sep=0.08, ║∇J║=5.0e-04
Iteration 523/2000-----
currents: [100000.0, 99999.99999690059, 99999.99999635515, 99999.99999632445, 99999.99999640543]
J=1.3e-04, ⟨Jf⟩=1.2e-04, ⟨B·n⟩=3.2e-03, Len=sum([2.4, 2.4, 2.4, 2.5, 2.6])=12.3, ϰ=[8.4, 8.0, 8.5, 10.8, 10.8], ∫ϰ²/L>=[15.7, 14.8, 16.8, 19.4, 19.5], C-C-Sep=0.08, ║∇J║=4.2e-04
Iteration 524/2000-----
currents: [100000.0, 99999.99999690006, 99999.99999635434, 99999.99999632362, 99999.99999640461]
J=1.3e-04, ⟨Jf⟩=1.2e-04, ⟨B·n⟩=3.2e-03, Len=sum([2.4, 2.4, 2.4, 2.5, 2.6])=12.3, ϰ=[8.4, 8.0, 8.5, 10.8, 10.8], ∫ϰ²/L>=[15.7, 14.8, 16.8, 19.4, 19.5], C-C-Sep=0.08, ║∇J║=2.9e-04
Iteration 525/2000-----
currents: [100000.0, 99999.99999690316, 99999.99999635856, 99999.9999963278, 99999.99999640878]
J=1.3e-04, ⟨Jf⟩=1.2e-04, ⟨B·n⟩=3.2e-03, Len=sum([2.4, 2.4, 2.4, 2.5, 2.6])=12.3, ϰ=[8.4, 8.1, 8.5, 10.8, 10.8], ∫ϰ²/L>=[15.7, 14.8, 16.9, 19.4, 19.5], C-C-Sep=0.08, ║∇J║=2.6e-04
Iteration 526/2000-----
currents: [100000.0, 99999.99999687755, 99999.99999632238, 99999.99999629203, 99999.99999637363]
J=1.3e-04, ⟨Jf⟩=1.2e-04, ⟨B·n⟩=3.2e-03, Len=sum([2.4, 2.4, 2.4, 2.5, 2.6])=12.3, ϰ=[8.4, 8.1, 8.6, 10.8, 10.8], ∫ϰ²/L>=[15.7, 14.9, 16.9, 19.4, 19.6], C-C-Sep=0.08, ║∇J║=4.2e-04
Iteration 527/2000-----
currents: [100000.0, 99999.99999688125, 99999.9999963275, 99999.99999629716, 99999.99999637865]
J=1.3e-04, ⟨Jf⟩=1.2e-04, ⟨B·n⟩=3.2e-03, Len=sum([2.4, 2.4, 2.4, 2.5, 2.6])=12.3, ϰ=[8.3, 8.1, 8.6, 10.8, 10.8], ∫ϰ²/L>=[15.6, 14.9, 16.9, 19.4, 19.6], C-C-Sep=0.08, ║∇J║=5.9e-04
Iteration 528/2000-----
currents: [100000.0, 99999.99999688978, 99999.99999633955, 99999.9999963091, 99999.99999639028]
J=1.3e-04, ⟨Jf⟩=1.2e-04, ⟨B·n⟩=3.2e-03, Len=sum([2.4, 2.4, 2.4, 2.5, 2.6])=12.3, ϰ=[8.3, 8.1, 8.6, 10.8, 10.8], ∫ϰ²/L>=[15.6, 14.9, 16.8, 19.4, 19.6], C-C-Sep=0.08, ║∇J║=3.0e-04
Iteration 529/2000-----
currents: [100000.0, 99999.99999687946, 99999.99999632518, 99999.99999629495, 99999.99999637628]
J=1.3e-04, ⟨Jf⟩=1.2e-04, ⟨B·n⟩=3.2e-03, Len=sum([2.4, 2.4, 2.4, 2.5, 2.6])=12.3, ϰ=[8.2, 8.1, 8.7, 10.7, 10.8], ∫ϰ²/L>=[15.6, 14.9, 16.9, 19.4, 19.6], C-C-Sep=0.08, ║∇J║=2.9e-04
Iteration 530/2000-----
currents: [100000.0, 99999.99999687534, 99999.99999631947, 99999.99999628935, 99999.99999637058]
J=1.3e-04, ⟨Jf⟩=1.2e-04, ⟨B·n⟩=3.2e-03, Len=sum([2.4, 2.4, 2.4, 2.5, 2.6])=12.3, ϰ=[8.2, 8.0, 8.7, 10.7, 10.9], ∫ϰ²/L>=[15.5, 14.9, 16.9, 19.3, 19.6], C-C-Sep=0.08, ║∇J║=3.4e-04
Iteration 531/2000-----
currents: [100000.0, 99999.99999685405, 99999.99999628948, 99999.99999625978, 99999.99999634147]
J=1.3e-04, ⟨Jf⟩=1.2e-04, ⟨B·n⟩=3.2e-03, Len=sum([2.4, 2.4, 2.4, 2.5, 2.6])=12.3, ϰ=[8.1, 8.0, 8.7, 10.7, 10.9], ∫ϰ²/L>=[15.5, 14.9, 16.9, 19.3, 19.6], C-C-Sep=0.08, ║∇J║=3.7e-04
Iteration 532/2000-----
currents: [100000.0, 99999.9999968375, 99999.99999626615, 99999.99999623676, 99999.99999631873]
J=1.3e-04, ⟨Jf⟩=1.2e-04, ⟨B·n⟩=3.2e-03, Len=sum([2.4, 2.4, 2.4, 2.5, 2.6])=12.3, ϰ=[8.1, 8.0, 8.7, 10.7, 10.9], ∫ϰ²/L>=[15.5, 14.9, 16.9, 19.3, 19.6], C-C-Sep=0.08, ║∇J║=4.5e-04
Iteration 533/2000-----
currents: [100000.0, 99999.99999682118, 99999.99999624323, 99999.99999621407, 99999.99999629638]
J=1.3e-04, ⟨Jf⟩=1.2e-04, ⟨B·n⟩=3.2e-03, Len=sum([2.4, 2.4, 2.4, 2.5, 2.6])=12.3, ϰ=[8.1, 8.0, 8.7, 10.7, 10.9], ∫ϰ²/L>=[15.5, 14.9, 16.9, 19.3, 19.6], C-C-Sep=0.08, ║∇J║=3.1e-04
Iteration 534/2000-----
currents: [100000.0, 99999.99999679902, 99999.99999621199, 99999.99999618318, 99999.99999626607]
J=1.3e-04, ⟨Jf⟩=1.2e-04, ⟨B·n⟩=3.2e-03, Len=sum([2.4, 2.4, 2.4, 2.5, 2.6])=12.3, ϰ=[8.1, 8.0, 8.7, 10.7, 10.9], ∫ϰ²/L>=[15.6, 14.9, 16.8, 19.4, 19.6], C-C-Sep=0.08, ║∇J║=2.9e-04
Iteration 535/2000-----
currents: [100000.0, 99999.99999676981, 99999.9999961709, 99999.99999614252, 99999.99999622603]
J=1.3e-04, ⟨Jf⟩=1.2e-04, ⟨B·n⟩=3.2e-03, Len=sum([2.4, 2.4, 2.4, 2.5, 2.6])=12.3, ϰ=[8.1, 8.0, 8.6, 10.7, 11.0], ∫ϰ²/L>=[15.6, 14.9, 16.8, 19.4, 19.7], C-C-Sep=0.08, ║∇J║=3.1e-04
Iteration 536/2000-----
currents: [100000.0, 99999.99999675743, 99999.99999615354, 99999.99999612542, 99999.9999962092]
J=1.3e-04, ⟨Jf⟩=1.2e-04, ⟨B·n⟩=3.2e-03, Len=sum([2.4, 2.4, 2.4, 2.5, 2.6])=12.3, ϰ=[8.1, 8.0, 8.6, 10.7, 11.0], ∫ϰ²/L>=[15.6, 14.9, 16.8, 19.4, 19.7], C-C-Sep=0.08, ║∇J║=3.6e-04
Iteration 537/2000-----
currents: [100000.0, 99999.99999673446, 99999.99999612129, 99999.99999609354, 99999.9999961777]
J=1.3e-04, ⟨Jf⟩=1.2e-04, ⟨B·n⟩=3.2e-03, Len=sum([2.4, 2.4, 2.4, 2.5, 2.6])=12.3, ϰ=[8.1, 8.0, 8.6, 10.7, 11.0], ∫ϰ²/L>=[15.6, 14.9, 16.8, 19.4, 19.7], C-C-Sep=0.08, ║∇J║=5.2e-04
Iteration 538/2000-----
currents: [100000.0, 99999.99999674715, 99999.99999613909, 99999.99999611113, 99999.99999619504]
J=1.3e-04, ⟨Jf⟩=1.2e-04, ⟨B·n⟩=3.2e-03, Len=sum([2.4, 2.4, 2.4, 2.5, 2.6])=12.3, ϰ=[8.1, 8.0, 8.6, 10.7, 10.9], ∫ϰ²/L>=[15.6, 14.9, 16.8, 19.4, 19.7], C-C-Sep=0.08, ║∇J║=3.6e-04
Iteration 539/2000-----
currents: [100000.0, 99999.99999673215, 99999.99999611803, 99999.99999609038, 99999.99999617475]
J=1.3e-04, ⟨Jf⟩=1.2e-04, ⟨B·n⟩=3.2e-03, Len=sum([2.4, 2.4, 2.4, 2.5, 2.6])=12.3, ϰ=[8.1, 8.0, 8.6, 10.7, 10.9], ∫ϰ²/L>=[15.6, 14.9, 16.8, 19.4, 19.7], C-C-Sep=0.08, ║∇J║=3.9e-04
Iteration 540/2000-----
currents: [100000.0, 99999.99999674002, 99999.99999612913, 99999.99999610137, 99999.99999618555]
J=1.3e-04, ⟨Jf⟩=1.2e-04, ⟨B·n⟩=3.2e-03, Len=sum([2.4, 2.4, 2.4, 2.5, 2.6])=12.3, ϰ=[8.1, 8.0, 8.6, 10.7, 10.9], ∫ϰ²/L>=[15.6, 14.9, 16.8, 19.4, 19.7], C-C-Sep=0.08, ║∇J║=3.2e-04
Iteration 541/2000-----
currents: [100000.0, 99999.99999673053, 99999.99999611572, 99999.99999608813, 99999.9999961726]
J=1.3e-04, ⟨Jf⟩=1.2e-04, ⟨B·n⟩=3.2e-03, Len=sum([2.4, 2.4, 2.4, 2.5, 2.6])=12.3, ϰ=[8.1, 8.0, 8.6, 10.7, 10.9], ∫ϰ²/L>=[15.6, 14.9, 16.8, 19.3, 19.7], C-C-Sep=0.08, ║∇J║=3.0e-04
Iteration 542/2000-----
currents: [100000.0, 99999.9999967265, 99999.99999611003, 99999.99999608252, 99999.99999616704]
J=1.3e-04, ⟨Jf⟩=1.2e-04, ⟨B·n⟩=3.2e-03, Len=sum([2.4, 2.4, 2.4, 2.5, 2.6])=12.3, ϰ=[8.1, 8.0, 8.6, 10.7, 10.9], ∫ϰ²/L>=[15.6, 14.9, 16.8, 19.3, 19.7], C-C-Sep=0.08, ║∇J║=3.8e-04
Iteration 543/2000-----
currents: [100000.0, 99999.99999672097, 99999.99999610224, 99999.99999607484, 99999.99999615936]
J=1.3e-04, ⟨Jf⟩=1.2e-04, ⟨B·n⟩=3.2e-03, Len=sum([2.4, 2.4, 2.4, 2.5, 2.6])=12.3, ϰ=[8.1, 8.0, 8.5, 10.7, 10.9], ∫ϰ²/L>=[15.6, 14.9, 16.8, 19.3, 19.7], C-C-Sep=0.08, ║∇J║=3.2e-04
Iteration 544/2000-----
currents: [100000.0, 99999.99999671365, 99999.99999609198, 99999.99999606471, 99999.99999614929]
J=1.3e-04, ⟨Jf⟩=1.2e-04, ⟨B·n⟩=3.2e-03, Len=sum([2.4, 2.4, 2.4, 2.5, 2.6])=12.3, ϰ=[8.1, 8.0, 8.5, 10.7, 10.9], ∫ϰ²/L>=[15.6, 14.9, 16.8, 19.3, 19.7], C-C-Sep=0.08, ║∇J║=2.7e-04
Iteration 545/2000-----
currents: [100000.0, 99999.99999671085, 99999.99999608804, 99999.99999606075, 99999.99999614511]
J=1.3e-04, ⟨Jf⟩=1.2e-04, ⟨B·n⟩=3.2e-03, Len=sum([2.4, 2.4, 2.4, 2.5, 2.6])=12.3, ϰ=[8.1, 8.0, 8.5, 10.7, 11.0], ∫ϰ²/L>=[15.5, 14.9, 16.8, 19.3, 19.7], C-C-Sep=0.08, ║∇J║=3.8e-04
Iteration 546/2000-----
currents: [100000.0, 99999.99999670096, 99999.99999607416, 99999.99999604699, 99999.9999961314]
J=1.3e-04, ⟨Jf⟩=1.2e-04, ⟨B·n⟩=3.2e-03, Len=sum([2.4, 2.4, 2.4, 2.5, 2.6])=12.3, ϰ=[8.2, 8.0, 8.5, 10.7, 11.0], ∫ϰ²/L>=[15.6, 14.9, 16.9, 19.3, 19.7], C-C-Sep=0.08, ║∇J║=4.4e-04
Iteration 547/2000-----
currents: [100000.0, 99999.99999668906, 99999.9999960575, 99999.9999960305, 99999.99999611515]
J=1.3e-04, ⟨Jf⟩=1.2e-04, ⟨B·n⟩=3.2e-03, Len=sum([2.4, 2.4, 2.4, 2.5, 2.6])=12.3, ϰ=[8.2, 8.0, 8.5, 10.7, 11.0], ∫ϰ²/L>=[15.6, 15.0, 16.9, 19.3, 19.8], C-C-Sep=0.08, ║∇J║=2.9e-04
Iteration 548/2000-----
currents: [100000.0, 99999.99999666303, 99999.99999602098, 99999.99999599447, 99999.99999607964]
J=1.3e-04, ⟨Jf⟩=1.2e-04, ⟨B·n⟩=3.2e-03, Len=sum([2.4, 2.4, 2.4, 2.5, 2.6])=12.3, ϰ=[8.3, 8.0, 8.5, 10.7, 11.0], ∫ϰ²/L>=[15.6, 15.0, 16.9, 19.3, 19.8], C-C-Sep=0.08, ║∇J║=2.8e-04
Iteration 549/2000-----
currents: [100000.0, 99999.99999662518, 99999.9999959678, 99999.99999594194, 99999.99999602797]
J=1.3e-04, ⟨Jf⟩=1.2e-04, ⟨B·n⟩=3.2e-03, Len=sum([2.4, 2.4, 2.4, 2.5, 2.6])=12.3, ϰ=[8.3, 8.0, 8.4, 10.7, 11.1], ∫ϰ²/L>=[15.7, 15.0, 16.9, 19.3, 19.8], C-C-Sep=0.08, ║∇J║=3.9e-04
Iteration 550/2000-----
currents: [100000.0, 99999.99999659116, 99999.99999591996, 99999.99999589477, 99999.99999598153]
J=1.3e-04, ⟨Jf⟩=1.2e-04, ⟨B·n⟩=3.2e-03, Len=sum([2.4, 2.4, 2.4, 2.5, 2.5])=12.3, ϰ=[8.3, 8.0, 8.4, 10.8, 11.1], ∫ϰ²/L>=[15.7, 15.0, 16.8, 19.3, 19.8], C-C-Sep=0.08, ║∇J║=3.8e-04
Iteration 551/2000-----
currents: [100000.0, 99999.99999658953, 99999.99999591762, 99999.99999589259, 99999.9999959793]
J=1.3e-04, ⟨Jf⟩=1.2e-04, ⟨B·n⟩=3.2e-03, Len=sum([2.4, 2.4, 2.4, 2.5, 2.5])=12.3, ϰ=[8.2, 8.0, 8.4, 10.7, 11.1], ∫ϰ²/L>=[15.6, 15.0, 16.8, 19.3, 19.8], C-C-Sep=0.08, ║∇J║=3.2e-04
Iteration 552/2000-----
currents: [100000.0, 99999.99999656976, 99999.99999588974, 99999.99999586504, 99999.99999595212]
J=1.3e-04, ⟨Jf⟩=1.2e-04, ⟨B·n⟩=3.2e-03, Len=sum([2.4, 2.4, 2.4, 2.5, 2.5])=12.3, ϰ=[8.2, 8.0, 8.4, 10.7, 11.1], ∫ϰ²/L>=[15.7, 15.0, 16.8, 19.3, 19.8], C-C-Sep=0.08, ║∇J║=3.8e-04
Iteration 553/2000-----
currents: [100000.0, 99999.99999656275, 99999.99999587981, 99999.99999585524, 99999.99999594256]
J=1.3e-04, ⟨Jf⟩=1.2e-04, ⟨B·n⟩=3.2e-03, Len=sum([2.4, 2.4, 2.4, 2.5, 2.5])=12.3, ϰ=[8.3, 8.0, 8.3, 10.7, 11.1], ∫ϰ²/L>=[15.7, 15.0, 16.9, 19.3, 19.8], C-C-Sep=0.08, ║∇J║=3.8e-04
Iteration 554/2000-----
currents: [100000.0, 99999.99999654194, 99999.99999585052, 99999.99999582622, 99999.99999591392]
J=1.3e-04, ⟨Jf⟩=1.2e-04, ⟨B·n⟩=3.2e-03, Len=sum([2.4, 2.4, 2.4, 2.5, 2.5])=12.3, ϰ=[8.3, 8.0, 8.3, 10.7, 11.1], ∫ϰ²/L>=[15.7, 15.0, 16.8, 19.3, 19.8], C-C-Sep=0.08, ║∇J║=4.0e-04
Iteration 555/2000-----
currents: [100000.0, 99999.99999651877, 99999.99999581811, 99999.99999579422, 99999.99999588249]
J=1.3e-04, ⟨Jf⟩=1.2e-04, ⟨B·n⟩=3.1e-03, Len=sum([2.4, 2.4, 2.4, 2.5, 2.5])=12.3, ϰ=[8.3, 8.0, 8.3, 10.7, 11.1], ∫ϰ²/L>=[15.7, 15.0, 16.9, 19.3, 19.8], C-C-Sep=0.08, ║∇J║=5.2e-04
Iteration 556/2000-----
currents: [100000.0, 99999.99999650886, 99999.99999580426, 99999.99999578048, 99999.99999586896]
J=1.3e-04, ⟨Jf⟩=1.2e-04, ⟨B·n⟩=3.1e-03, Len=sum([2.4, 2.4, 2.4, 2.5, 2.5])=12.3, ϰ=[8.4, 8.0, 8.3, 10.7, 11.1], ∫ϰ²/L>=[15.7, 15.0, 16.8, 19.3, 19.9], C-C-Sep=0.08, ║∇J║=3.3e-04
Iteration 557/2000-----
currents: [100000.0, 99999.99999650111, 99999.99999579348, 99999.99999576979, 99999.99999585825]
J=1.3e-04, ⟨Jf⟩=1.2e-04, ⟨B·n⟩=3.1e-03, Len=sum([2.4, 2.4, 2.4, 2.5, 2.5])=12.3, ϰ=[8.4, 8.0, 8.3, 10.7, 11.1], ∫ϰ²/L>=[15.7, 15.0, 16.8, 19.3, 19.9], C-C-Sep=0.08, ║∇J║=3.2e-04
Iteration 558/2000-----
currents: [100000.0, 99999.99999647739, 99999.99999576018, 99999.99999573691, 99999.99999582574]
J=1.3e-04, ⟨Jf⟩=1.2e-04, ⟨B·n⟩=3.1e-03, Len=sum([2.4, 2.4, 2.4, 2.5, 2.5])=12.3, ϰ=[8.4, 8.0, 8.3, 10.7, 11.1], ∫ϰ²/L>=[15.8, 15.0, 16.8, 19.3, 19.9], C-C-Sep=0.08, ║∇J║=3.8e-04
Iteration 559/2000-----
currents: [100000.0, 99999.99999646547, 99999.99999574352, 99999.99999572043, 99999.99999580924]
J=1.3e-04, ⟨Jf⟩=1.2e-04, ⟨B·n⟩=3.1e-03, Len=sum([2.4, 2.4, 2.4, 2.5, 2.5])=12.3, ϰ=[8.4, 8.0, 8.3, 10.7, 11.1], ∫ϰ²/L>=[15.8, 15.0, 16.8, 19.2, 19.9], C-C-Sep=0.08, ║∇J║=4.1e-04
Iteration 560/2000-----
currents: [100000.0, 99999.99999644775, 99999.99999571856, 99999.99999569572, 99999.99999578454]
J=1.3e-04, ⟨Jf⟩=1.2e-04, ⟨B·n⟩=3.1e-03, Len=sum([2.4, 2.4, 2.4, 2.5, 2.5])=12.3, ϰ=[8.4, 8.0, 8.4, 10.6, 11.1], ∫ϰ²/L>=[15.8, 15.0, 16.8, 19.2, 19.9], C-C-Sep=0.08, ║∇J║=4.1e-04
Iteration 561/2000-----
currents: [100000.0, 99999.9999964548, 99999.99999572827, 99999.99999570522, 99999.99999579381]
J=1.3e-04, ⟨Jf⟩=1.2e-04, ⟨B·n⟩=3.1e-03, Len=sum([2.4, 2.4, 2.4, 2.5, 2.5])=12.3, ϰ=[8.4, 8.0, 8.4, 10.6, 11.1], ∫ϰ²/L>=[15.7, 15.0, 16.9, 19.2, 19.9], C-C-Sep=0.08, ║∇J║=4.4e-04
Iteration 562/2000-----
currents: [100000.0, 99999.99999643081, 99999.99999569448, 99999.99999567184, 99999.99999576087]
J=1.3e-04, ⟨Jf⟩=1.2e-04, ⟨B·n⟩=3.1e-03, Len=sum([2.4, 2.4, 2.4, 2.6, 2.5])=12.3, ϰ=[8.4, 8.1, 8.4, 10.6, 11.1], ∫ϰ²/L>=[15.7, 15.0, 16.8, 19.2, 19.9], C-C-Sep=0.08, ║∇J║=6.4e-04
Iteration 563/2000-----
currents: [100000.0, 99999.99999644117, 99999.99999570905, 99999.99999568626, 99999.9999957751]
J=1.3e-04, ⟨Jf⟩=1.2e-04, ⟨B·n⟩=3.1e-03, Len=sum([2.4, 2.4, 2.4, 2.5, 2.5])=12.3, ϰ=[8.4, 8.1, 8.4, 10.6, 11.1], ∫ϰ²/L>=[15.7, 15.0, 16.8, 19.2, 19.9], C-C-Sep=0.08, ║∇J║=3.4e-04
Iteration 564/2000-----
currents: [100000.0, 99999.99999643449, 99999.99999569963, 99999.99999567693, 99999.99999576597]
J=1.3e-04, ⟨Jf⟩=1.2e-04, ⟨B·n⟩=3.1e-03, Len=sum([2.4, 2.4, 2.4, 2.5, 2.5])=12.3, ϰ=[8.4, 8.1, 8.4, 10.6, 11.1], ∫ϰ²/L>=[15.7, 15.0, 16.8, 19.2, 19.9], C-C-Sep=0.08, ║∇J║=2.8e-04
Iteration 565/2000-----
currents: [100000.0, 99999.99999643755, 99999.99999570391, 99999.99999568114, 99999.99999577008]
J=1.3e-04, ⟨Jf⟩=1.2e-04, ⟨B·n⟩=3.1e-03, Len=sum([2.4, 2.4, 2.4, 2.5, 2.5])=12.3, ϰ=[8.4, 8.1, 8.4, 10.6, 11.1], ∫ϰ²/L>=[15.7, 15.0, 16.8, 19.2, 19.9], C-C-Sep=0.08, ║∇J║=3.2e-04
Iteration 566/2000-----
currents: [100000.0, 99999.99999642403, 99999.99999568492, 99999.99999566237, 99999.9999957515]
J=1.3e-04, ⟨Jf⟩=1.2e-04, ⟨B·n⟩=3.1e-03, Len=sum([2.4, 2.4, 2.4, 2.5, 2.5])=12.3, ϰ=[8.4, 8.1, 8.4, 10.5, 11.1], ∫ϰ²/L>=[15.7, 15.1, 16.8, 19.2, 19.9], C-C-Sep=0.08, ║∇J║=3.8e-04
Iteration 567/2000-----
currents: [100000.0, 99999.99999640518, 99999.99999565839, 99999.99999563611, 99999.99999572561]
J=1.3e-04, ⟨Jf⟩=1.2e-04, ⟨B·n⟩=3.1e-03, Len=sum([2.4, 2.4, 2.4, 2.5, 2.5])=12.3, ϰ=[8.4, 8.1, 8.5, 10.5, 11.1], ∫ϰ²/L>=[15.7, 15.1, 16.8, 19.2, 19.9], C-C-Sep=0.08, ║∇J║=5.7e-04
Iteration 568/2000-----
currents: [100000.0, 99999.99999639133, 99999.99999563892, 99999.99999561689, 99999.99999570657]
J=1.3e-04, ⟨Jf⟩=1.2e-04, ⟨B·n⟩=3.1e-03, Len=sum([2.4, 2.4, 2.4, 2.5, 2.5])=12.3, ϰ=[8.4, 8.1, 8.5, 10.5, 11.1], ∫ϰ²/L>=[15.8, 15.1, 16.9, 19.2, 19.9], C-C-Sep=0.08, ║∇J║=3.8e-04
Iteration 569/2000-----
currents: [100000.0, 99999.99999636304, 99999.99999559914, 99999.99999557761, 99999.99999566781]
J=1.3e-04, ⟨Jf⟩=1.2e-04, ⟨B·n⟩=3.1e-03, Len=sum([2.4, 2.4, 2.4, 2.5, 2.5])=12.3, ϰ=[8.4, 8.1, 8.4, 10.5, 11.1], ∫ϰ²/L>=[15.8, 15.1, 16.9, 19.2, 20.0], C-C-Sep=0.08, ║∇J║=3.8e-04
Iteration 570/2000-----
currents: [100000.0, 99999.99999632679, 99999.99999554816, 99999.99999552731, 99999.99999561813]
J=1.3e-04, ⟨Jf⟩=1.2e-04, ⟨B·n⟩=3.1e-03, Len=sum([2.4, 2.4, 2.4, 2.6, 2.5])=12.3, ϰ=[8.4, 8.1, 8.4, 10.4, 11.1], ∫ϰ²/L>=[15.9, 15.1, 16.9, 19.2, 20.0], C-C-Sep=0.08, ║∇J║=4.3e-04
Iteration 571/2000-----
currents: [100000.0, 99999.99999631099, 99999.99999552593, 99999.9999955054, 99999.99999559643]
J=1.3e-04, ⟨Jf⟩=1.2e-04, ⟨B·n⟩=3.1e-03, Len=sum([2.4, 2.4, 2.4, 2.6, 2.5])=12.3, ϰ=[8.5, 8.1, 8.4, 10.4, 11.1], ∫ϰ²/L>=[15.9, 15.1, 16.8, 19.2, 20.0], C-C-Sep=0.08, ║∇J║=4.1e-04
Iteration 572/2000-----
currents: [100000.0, 99999.99999629082, 99999.9999954975, 99999.99999547732, 99999.99999556858]
J=1.3e-04, ⟨Jf⟩=1.2e-04, ⟨B·n⟩=3.1e-03, Len=sum([2.4, 2.4, 2.4, 2.6, 2.5])=12.3, ϰ=[8.5, 8.1, 8.4, 10.4, 11.1], ∫ϰ²/L>=[15.9, 15.1, 16.8, 19.2, 20.0], C-C-Sep=0.08, ║∇J║=3.8e-04
Iteration 573/2000-----
currents: [100000.0, 99999.99999626917, 99999.99999546706, 99999.99999544729, 99999.99999553859]
J=1.3e-04, ⟨Jf⟩=1.2e-04, ⟨B·n⟩=3.1e-03, Len=sum([2.4, 2.4, 2.4, 2.6, 2.5])=12.3, ϰ=[8.4, 8.1, 8.4, 10.4, 11.1], ∫ϰ²/L>=[15.8, 15.1, 16.8, 19.2, 20.0], C-C-Sep=0.08, ║∇J║=5.1e-04
Iteration 574/2000-----
currents: [100000.0, 99999.99999624019, 99999.9999954263, 99999.99999540705, 99999.9999954985]
J=1.3e-04, ⟨Jf⟩=1.2e-04, ⟨B·n⟩=3.1e-03, Len=sum([2.4, 2.4, 2.4, 2.6, 2.5])=12.3, ϰ=[8.4, 8.1, 8.3, 10.4, 11.2], ∫ϰ²/L>=[15.9, 15.1, 16.8, 19.2, 20.0], C-C-Sep=0.08, ║∇J║=4.6e-04
Iteration 575/2000-----
currents: [100000.0, 99999.99999622325, 99999.9999954025, 99999.99999538358, 99999.9999954751]
J=1.3e-04, ⟨Jf⟩=1.2e-04, ⟨B·n⟩=3.1e-03, Len=sum([2.4, 2.4, 2.4, 2.6, 2.5])=12.3, ϰ=[8.4, 8.1, 8.3, 10.3, 11.2], ∫ϰ²/L>=[15.9, 15.0, 16.8, 19.1, 20.1], C-C-Sep=0.08, ║∇J║=4.4e-04
Iteration 576/2000-----
currents: [100000.0, 99999.99999620493, 99999.99999537681, 99999.9999953582, 99999.9999954498]
J=1.3e-04, ⟨Jf⟩=1.2e-04, ⟨B·n⟩=3.1e-03, Len=sum([2.4, 2.4, 2.4, 2.6, 2.5])=12.3, ϰ=[8.4, 8.1, 8.4, 10.3, 11.2], ∫ϰ²/L>=[15.9, 15.0, 16.8, 19.1, 20.1], C-C-Sep=0.08, ║∇J║=3.7e-04
Iteration 577/2000-----
currents: [100000.0, 99999.99999621851, 99999.9999953959, 99999.99999537706, 99999.99999546839]
J=1.3e-04, ⟨Jf⟩=1.2e-04, ⟨B·n⟩=3.1e-03, Len=sum([2.4, 2.4, 2.4, 2.6, 2.5])=12.3, ϰ=[8.4, 8.1, 8.4, 10.3, 11.2], ∫ϰ²/L>=[15.8, 15.0, 16.8, 19.1, 20.0], C-C-Sep=0.08, ║∇J║=4.8e-04
Iteration 578/2000-----
currents: [100000.0, 99999.99999619531, 99999.99999536337, 99999.99999534493, 99999.99999543678]
J=1.3e-04, ⟨Jf⟩=1.2e-04, ⟨B·n⟩=3.1e-03, Len=sum([2.4, 2.4, 2.4, 2.6, 2.5])=12.3, ϰ=[8.4, 8.1, 8.4, 10.3, 11.2], ∫ϰ²/L>=[15.8, 15.0, 16.8, 19.1, 20.1], C-C-Sep=0.08, ║∇J║=4.7e-04
Iteration 579/2000-----
currents: [100000.0, 99999.9999961938, 99999.99999536127, 99999.9999953428, 99999.99999543471]
J=1.3e-04, ⟨Jf⟩=1.2e-04, ⟨B·n⟩=3.1e-03, Len=sum([2.4, 2.4, 2.4, 2.6, 2.5])=12.3, ϰ=[8.4, 8.1, 8.4, 10.3, 11.2], ∫ϰ²/L>=[15.8, 15.0, 16.8, 19.1, 20.0], C-C-Sep=0.08, ║∇J║=3.4e-04
Iteration 580/2000-----
currents: [100000.0, 99999.99999617992, 99999.99999534176, 99999.99999532355, 99999.99999541577]
J=1.3e-04, ⟨Jf⟩=1.2e-04, ⟨B·n⟩=3.1e-03, Len=sum([2.4, 2.4, 2.4, 2.6, 2.5])=12.3, ϰ=[8.4, 8.1, 8.4, 10.4, 11.2], ∫ϰ²/L>=[15.8, 15.0, 16.8, 19.1, 20.1], C-C-Sep=0.08, ║∇J║=4.3e-04
Iteration 581/2000-----
currents: [100000.0, 99999.9999961601, 99999.99999531393, 99999.99999529608, 99999.99999538861]
J=1.3e-04, ⟨Jf⟩=1.2e-04, ⟨B·n⟩=3.1e-03, Len=sum([2.4, 2.4, 2.4, 2.6, 2.5])=12.3, ϰ=[8.4, 8.2, 8.4, 10.4, 11.2], ∫ϰ²/L>=[15.8, 15.0, 16.8, 19.1, 20.1], C-C-Sep=0.08, ║∇J║=4.1e-04
Iteration 582/2000-----
currents: [100000.0, 99999.99999614026, 99999.99999528608, 99999.99999526865, 99999.99999536148]
J=1.3e-04, ⟨Jf⟩=1.2e-04, ⟨B·n⟩=3.1e-03, Len=sum([2.4, 2.4, 2.4, 2.6, 2.5])=12.3, ϰ=[8.4, 8.2, 8.5, 10.4, 11.2], ∫ϰ²/L>=[15.8, 15.0, 16.8, 19.1, 20.1], C-C-Sep=0.08, ║∇J║=4.0e-04
Iteration 583/2000-----
currents: [100000.0, 99999.99999613021, 99999.99999527191, 99999.99999525458, 99999.99999534742]
J=1.3e-04, ⟨Jf⟩=1.2e-04, ⟨B·n⟩=3.1e-03, Len=sum([2.4, 2.4, 2.4, 2.6, 2.5])=12.3, ϰ=[8.3, 8.2, 8.5, 10.4, 11.2], ∫ϰ²/L>=[15.8, 15.0, 16.8, 19.1, 20.1], C-C-Sep=0.08, ║∇J║=5.3e-04
Iteration 584/2000-----
currents: [100000.0, 99999.9999961066, 99999.99999523874, 99999.99999522179, 99999.99999531492]
J=1.3e-04, ⟨Jf⟩=1.2e-04, ⟨B·n⟩=3.1e-03, Len=sum([2.4, 2.4, 2.4, 2.6, 2.5])=12.3, ϰ=[8.3, 8.2, 8.5, 10.4, 11.2], ∫ϰ²/L>=[15.8, 15.0, 16.8, 19.1, 20.1], C-C-Sep=0.08, ║∇J║=3.9e-04
Iteration 585/2000-----
currents: [100000.0, 99999.9999960586, 99999.99999517125, 99999.9999951551, 99999.9999952487]
J=1.3e-04, ⟨Jf⟩=1.2e-04, ⟨B·n⟩=3.1e-03, Len=sum([2.4, 2.4, 2.4, 2.6, 2.5])=12.3, ϰ=[8.3, 8.2, 8.5, 10.3, 11.2], ∫ϰ²/L>=[15.8, 15.0, 16.8, 19.1, 20.2], C-C-Sep=0.08, ║∇J║=4.4e-04
Iteration 586/2000-----
currents: [100000.0, 99999.99999603405, 99999.99999513675, 99999.99999512099, 99999.99999521492]
J=1.3e-04, ⟨Jf⟩=1.2e-04, ⟨B·n⟩=3.1e-03, Len=sum([2.4, 2.4, 2.4, 2.6, 2.5])=12.3, ϰ=[8.3, 8.2, 8.5, 10.3, 11.2], ∫ϰ²/L>=[15.8, 15.0, 16.8, 19.1, 20.2], C-C-Sep=0.08, ║∇J║=4.8e-04
Iteration 587/2000-----
currents: [100000.0, 99999.9999959848, 99999.99999506756, 99999.99999505251, 99999.99999514683]
J=1.3e-04, ⟨Jf⟩=1.2e-04, ⟨B·n⟩=3.1e-03, Len=sum([2.4, 2.4, 2.4, 2.6, 2.5])=12.3, ϰ=[8.2, 8.1, 8.5, 10.3, 11.2], ∫ϰ²/L>=[15.8, 15.0, 16.8, 19.1, 20.2], C-C-Sep=0.08, ║∇J║=5.0e-04
Iteration 588/2000-----
currents: [100000.0, 99999.99999600087, 99999.99999509005, 99999.99999507463, 99999.99999516847]
J=1.3e-04, ⟨Jf⟩=1.2e-04, ⟨B·n⟩=3.1e-03, Len=sum([2.4, 2.4, 2.4, 2.6, 2.5])=12.3, ϰ=[8.2, 8.1, 8.5, 10.3, 11.2], ∫ϰ²/L>=[15.8, 15.0, 16.8, 19.1, 20.2], C-C-Sep=0.08, ║∇J║=5.2e-04
Iteration 589/2000-----
currents: [100000.0, 99999.99999595112, 99999.99999501996, 99999.99999500536, 99999.9999950999]
J=1.3e-04, ⟨Jf⟩=1.2e-04, ⟨B·n⟩=3.1e-03, Len=sum([2.4, 2.4, 2.4, 2.6, 2.5])=12.3, ϰ=[8.2, 8.2, 8.5, 10.4, 11.3], ∫ϰ²/L>=[15.9, 15.0, 16.8, 19.1, 20.2], C-C-Sep=0.08, ║∇J║=7.3e-04
Iteration 590/2000-----
currents: [100000.0, 99999.99999596729, 99999.99999504277, 99999.99999502792, 99999.99999512227]
J=1.3e-04, ⟨Jf⟩=1.2e-04, ⟨B·n⟩=3.1e-03, Len=sum([2.4, 2.4, 2.4, 2.6, 2.5])=12.3, ϰ=[8.1, 8.2, 8.5, 10.4, 11.3], ∫ϰ²/L>=[15.8, 15.0, 16.8, 19.1, 20.2], C-C-Sep=0.08, ║∇J║=4.3e-04
Iteration 591/2000-----
currents: [100000.0, 99999.99999596232, 99999.9999950358, 99999.99999502092, 99999.99999511513]
J=1.3e-04, ⟨Jf⟩=1.2e-04, ⟨B·n⟩=3.1e-03, Len=sum([2.4, 2.4, 2.4, 2.6, 2.5])=12.3, ϰ=[8.1, 8.2, 8.5, 10.4, 11.3], ∫ϰ²/L>=[15.8, 15.0, 16.8, 19.1, 20.2], C-C-Sep=0.08, ║∇J║=3.0e-04
Iteration 592/2000-----
currents: [100000.0, 99999.99999595637, 99999.99999502742, 99999.99999501256, 99999.99999510676]
J=1.3e-04, ⟨Jf⟩=1.2e-04, ⟨B·n⟩=3.1e-03, Len=sum([2.4, 2.4, 2.4, 2.6, 2.5])=12.3, ϰ=[8.1, 8.2, 8.5, 10.4, 11.3], ∫ϰ²/L>=[15.8, 15.0, 16.8, 19.1, 20.2], C-C-Sep=0.08, ║∇J║=3.1e-04
Iteration 593/2000-----
currents: [100000.0, 99999.99999593364, 99999.9999949955, 99999.99999498083, 99999.99999507496]
J=1.3e-04, ⟨Jf⟩=1.2e-04, ⟨B·n⟩=3.1e-03, Len=sum([2.4, 2.4, 2.4, 2.6, 2.5])=12.3, ϰ=[8.1, 8.2, 8.6, 10.4, 11.3], ∫ϰ²/L>=[15.8, 15.0, 16.8, 19.1, 20.3], C-C-Sep=0.08, ║∇J║=3.4e-04
Iteration 594/2000-----
currents: [100000.0, 99999.99999592933, 99999.9999949895, 99999.99999497471, 99999.99999506872]
J=1.3e-04, ⟨Jf⟩=1.2e-04, ⟨B·n⟩=3.1e-03, Len=sum([2.4, 2.4, 2.4, 2.6, 2.5])=12.3, ϰ=[8.1, 8.1, 8.6, 10.4, 11.3], ∫ϰ²/L>=[15.8, 14.9, 16.8, 19.1, 20.3], C-C-Sep=0.08, ║∇J║=6.4e-04
Iteration 595/2000-----
currents: [100000.0, 99999.99999592276, 99999.99999498038, 99999.99999496563, 99999.99999505957]
J=1.3e-04, ⟨Jf⟩=1.2e-04, ⟨B·n⟩=3.1e-03, Len=sum([2.4, 2.4, 2.4, 2.6, 2.5])=12.3, ϰ=[8.1, 8.1, 8.6, 10.4, 11.3], ∫ϰ²/L>=[15.8, 14.9, 16.8, 19.1, 20.3], C-C-Sep=0.08, ║∇J║=4.9e-04
Iteration 596/2000-----
currents: [100000.0, 99999.99999589556, 99999.9999949423, 99999.999994928, 99999.99999502205]
J=1.3e-04, ⟨Jf⟩=1.1e-04, ⟨B·n⟩=3.1e-03, Len=sum([2.4, 2.4, 2.4, 2.6, 2.5])=12.3, ϰ=[8.1, 8.1, 8.6, 10.4, 11.3], ∫ϰ²/L>=[15.7, 14.9, 16.8, 19.1, 20.3], C-C-Sep=0.08, ║∇J║=4.9e-04
Iteration 597/2000-----
currents: [100000.0, 99999.99999587584, 99999.9999949146, 99999.99999490062, 99999.99999499478]
J=1.3e-04, ⟨Jf⟩=1.1e-04, ⟨B·n⟩=3.1e-03, Len=sum([2.4, 2.4, 2.4, 2.6, 2.5])=12.3, ϰ=[8.1, 8.0, 8.6, 10.4, 11.3], ∫ϰ²/L>=[15.7, 14.9, 16.8, 19.1, 20.3], C-C-Sep=0.08, ║∇J║=6.0e-04
Iteration 598/2000-----
currents: [100000.0, 99999.99999586155, 99999.99999489464, 99999.99999488093, 99999.9999949752]
J=1.3e-04, ⟨Jf⟩=1.1e-04, ⟨B·n⟩=3.1e-03, Len=sum([2.4, 2.4, 2.4, 2.6, 2.5])=12.3, ϰ=[8.2, 8.0, 8.6, 10.4, 11.3], ∫ϰ²/L>=[15.7, 14.9, 16.8, 19.1, 20.3], C-C-Sep=0.08, ║∇J║=4.2e-04
Iteration 599/2000-----
currents: [100000.0, 99999.99999582024, 99999.99999483643, 99999.99999482343, 99999.99999491795]
J=1.3e-04, ⟨Jf⟩=1.1e-04, ⟨B·n⟩=3.1e-03, Len=sum([2.4, 2.4, 2.4, 2.6, 2.5])=12.3, ϰ=[8.1, 8.0, 8.6, 10.4, 11.3], ∫ϰ²/L>=[15.8, 14.9, 16.8, 19.1, 20.3], C-C-Sep=0.08, ║∇J║=4.8e-04
Iteration 600/2000-----
currents: [100000.0, 99999.99999580077, 99999.99999480916, 99999.99999479647, 99999.99999489094]
J=1.3e-04, ⟨Jf⟩=1.1e-04, ⟨B·n⟩=3.1e-03, Len=sum([2.4, 2.4, 2.4, 2.6, 2.5])=12.3, ϰ=[8.1, 8.0, 8.6, 10.4, 11.3], ∫ϰ²/L>=[15.8, 15.0, 16.8, 19.2, 20.3], C-C-Sep=0.08, ║∇J║=5.8e-04
Iteration 601/2000-----
currents: [100000.0, 99999.99999578147, 99999.99999478209, 99999.99999476969, 99999.99999486419]
J=1.3e-04, ⟨Jf⟩=1.1e-04, ⟨B·n⟩=3.1e-03, Len=sum([2.4, 2.4, 2.4, 2.6, 2.5])=12.3, ϰ=[8.1, 8.0, 8.6, 10.4, 11.3], ∫ϰ²/L>=[15.8, 14.9, 16.8, 19.2, 20.3], C-C-Sep=0.08, ║∇J║=4.2e-04
Iteration 602/2000-----
currents: [100000.0, 99999.99999574773, 99999.9999947348, 99999.99999472297, 99999.99999481747]
J=1.3e-04, ⟨Jf⟩=1.1e-04, ⟨B·n⟩=3.1e-03, Len=sum([2.4, 2.4, 2.4, 2.6, 2.5])=12.3, ϰ=[8.1, 7.9, 8.6, 10.4, 11.3], ∫ϰ²/L>=[15.8, 15.0, 16.8, 19.2, 20.4], C-C-Sep=0.08, ║∇J║=4.4e-04
Iteration 603/2000-----
currents: [100000.0, 99999.999995719, 99999.99999469468, 99999.9999946833, 99999.99999477791]
J=1.3e-04, ⟨Jf⟩=1.1e-04, ⟨B·n⟩=3.1e-03, Len=sum([2.4, 2.4, 2.4, 2.6, 2.5])=12.3, ϰ=[8.1, 7.9, 8.6, 10.4, 11.3], ∫ϰ²/L>=[15.8, 14.9, 16.8, 19.2, 20.4], C-C-Sep=0.08, ║∇J║=6.2e-04
Iteration 604/2000-----
currents: [100000.0, 99999.99999568604, 99999.99999464852, 99999.99999463768, 99999.9999947324]
J=1.3e-04, ⟨Jf⟩=1.1e-04, ⟨B·n⟩=3.1e-03, Len=sum([2.4, 2.4, 2.4, 2.6, 2.5])=12.3, ϰ=[8.1, 7.9, 8.6, 10.4, 11.3], ∫ϰ²/L>=[15.9, 14.9, 16.8, 19.2, 20.4], C-C-Sep=0.08, ║∇J║=5.7e-04
Iteration 605/2000-----
currents: [100000.0, 99999.99999570596, 99999.99999467663, 99999.99999466541, 99999.99999475971]
J=1.3e-04, ⟨Jf⟩=1.1e-04, ⟨B·n⟩=3.1e-03, Len=sum([2.4, 2.4, 2.4, 2.6, 2.5])=12.3, ϰ=[8.2, 7.9, 8.6, 10.4, 11.3], ∫ϰ²/L>=[15.8, 14.9, 16.8, 19.2, 20.4], C-C-Sep=0.08, ║∇J║=8.2e-04
Iteration 606/2000-----
currents: [100000.0, 99999.99999564886, 99999.99999459657, 99999.99999458622, 99999.99999468106]
J=1.3e-04, ⟨Jf⟩=1.1e-04, ⟨B·n⟩=3.1e-03, Len=sum([2.4, 2.4, 2.4, 2.6, 2.5])=12.3, ϰ=[8.1, 7.9, 8.6, 10.4, 11.3], ∫ϰ²/L>=[15.9, 14.9, 16.8, 19.2, 20.4], C-C-Sep=0.08, ║∇J║=7.8e-04
Iteration 607/2000-----
currents: [100000.0, 99999.99999565064, 99999.99999459893, 99999.99999458846, 99999.99999468315]
J=1.3e-04, ⟨Jf⟩=1.1e-04, ⟨B·n⟩=3.1e-03, Len=sum([2.4, 2.4, 2.4, 2.6, 2.5])=12.3, ϰ=[8.1, 7.9, 8.6, 10.4, 11.3], ∫ϰ²/L>=[15.8, 14.9, 16.8, 19.2, 20.4], C-C-Sep=0.08, ║∇J║=5.5e-04
Iteration 608/2000-----
currents: [100000.0, 99999.9999956419, 99999.9999945867, 99999.99999457624, 99999.99999467091]
J=1.3e-04, ⟨Jf⟩=1.1e-04, ⟨B·n⟩=3.1e-03, Len=sum([2.4, 2.4, 2.4, 2.6, 2.5])=12.3, ϰ=[8.1, 7.9, 8.6, 10.4, 11.3], ∫ϰ²/L>=[15.9, 14.9, 16.8, 19.2, 20.4], C-C-Sep=0.08, ║∇J║=4.1e-04
Iteration 609/2000-----
currents: [100000.0, 99999.99999562683, 99999.99999456569, 99999.99999455526, 99999.99999464974]
J=1.3e-04, ⟨Jf⟩=1.1e-04, ⟨B·n⟩=3.1e-03, Len=sum([2.4, 2.4, 2.4, 2.6, 2.5])=12.3, ϰ=[8.1, 7.9, 8.7, 10.4, 11.2], ∫ϰ²/L>=[15.8, 14.9, 16.8, 19.2, 20.4], C-C-Sep=0.08, ║∇J║=4.2e-04
Iteration 610/2000-----
currents: [100000.0, 99999.99999558805, 99999.99999451137, 99999.99999450136, 99999.99999459593]
J=1.3e-04, ⟨Jf⟩=1.1e-04, ⟨B·n⟩=3.1e-03, Len=sum([2.4, 2.4, 2.4, 2.6, 2.5])=12.3, ϰ=[8.2, 7.9, 8.7, 10.4, 11.2], ∫ϰ²/L>=[15.9, 14.9, 16.8, 19.2, 20.4], C-C-Sep=0.08, ║∇J║=5.7e-04
Iteration 611/2000-----
currents: [100000.0, 99999.99999556967, 99999.99999448571, 99999.99999447589, 99999.99999457042]
J=1.3e-04, ⟨Jf⟩=1.1e-04, ⟨B·n⟩=3.1e-03, Len=sum([2.4, 2.4, 2.4, 2.6, 2.5])=12.3, ϰ=[8.2, 7.8, 8.7, 10.4, 11.2], ∫ϰ²/L>=[15.8, 14.9, 16.8, 19.2, 20.4], C-C-Sep=0.08, ║∇J║=4.8e-04
Iteration 612/2000-----
currents: [100000.0, 99999.99999557469, 99999.99999449297, 99999.99999448298, 99999.99999457733]
J=1.3e-04, ⟨Jf⟩=1.1e-04, ⟨B·n⟩=3.1e-03, Len=sum([2.4, 2.4, 2.4, 2.6, 2.5])=12.3, ϰ=[8.2, 7.8, 8.7, 10.4, 11.2], ∫ϰ²/L>=[15.8, 14.9, 16.9, 19.2, 20.4], C-C-Sep=0.08, ║∇J║=5.8e-04
Iteration 613/2000-----
currents: [100000.0, 99999.99999556752, 99999.99999448309, 99999.99999447323, 99999.99999456751]
J=1.3e-04, ⟨Jf⟩=1.1e-04, ⟨B·n⟩=3.1e-03, Len=sum([2.4, 2.4, 2.4, 2.6, 2.5])=12.3, ϰ=[8.3, 7.8, 8.7, 10.4, 11.2], ∫ϰ²/L>=[15.8, 14.8, 16.8, 19.2, 20.4], C-C-Sep=0.08, ║∇J║=5.0e-04
Iteration 614/2000-----
currents: [100000.0, 99999.99999555007, 99999.99999445882, 99999.99999444911, 99999.99999454334]
J=1.3e-04, ⟨Jf⟩=1.1e-04, ⟨B·n⟩=3.1e-03, Len=sum([2.4, 2.4, 2.4, 2.6, 2.5])=12.3, ϰ=[8.3, 7.8, 8.7, 10.4, 11.2], ∫ϰ²/L>=[15.8, 14.8, 16.8, 19.2, 20.4], C-C-Sep=0.08, ║∇J║=4.5e-04
Iteration 615/2000-----
currents: [100000.0, 99999.9999955314, 99999.99999443276, 99999.99999442331, 99999.9999945175]
J=1.3e-04, ⟨Jf⟩=1.1e-04, ⟨B·n⟩=3.1e-03, Len=sum([2.4, 2.4, 2.4, 2.6, 2.5])=12.3, ϰ=[8.3, 7.8, 8.7, 10.4, 11.2], ∫ϰ²/L>=[15.9, 14.8, 16.8, 19.2, 20.4], C-C-Sep=0.08, ║∇J║=5.6e-04
Iteration 616/2000-----
currents: [100000.0, 99999.99999550494, 99999.99999439591, 99999.99999438676, 99999.99999448069]
J=1.3e-04, ⟨Jf⟩=1.1e-04, ⟨B·n⟩=3.1e-03, Len=sum([2.4, 2.4, 2.4, 2.6, 2.5])=12.3, ϰ=[8.3, 7.8, 8.8, 10.4, 11.2], ∫ϰ²/L>=[15.9, 14.9, 16.8, 19.2, 20.4], C-C-Sep=0.08, ║∇J║=5.0e-04
Iteration 617/2000-----
currents: [100000.0, 99999.9999954241, 99999.99999428264, 99999.9999942746, 99999.99999436845]
J=1.2e-04, ⟨Jf⟩=1.1e-04, ⟨B·n⟩=3.1e-03, Len=sum([2.4, 2.4, 2.4, 2.6, 2.5])=12.3, ϰ=[8.4, 7.8, 8.8, 10.4, 11.2], ∫ϰ²/L>=[16.0, 14.9, 16.9, 19.2, 20.4], C-C-Sep=0.08, ║∇J║=6.5e-04
Iteration 618/2000-----
currents: [100000.0, 99999.99999538888, 99999.99999423338, 99999.99999422592, 99999.99999431944]
J=1.2e-04, ⟨Jf⟩=1.1e-04, ⟨B·n⟩=3.1e-03, Len=sum([2.4, 2.4, 2.4, 2.6, 2.5])=12.3, ϰ=[8.3, 7.9, 8.7, 10.4, 11.2], ∫ϰ²/L>=[15.9, 14.9, 16.9, 19.3, 20.4], C-C-Sep=0.08, ║∇J║=9.6e-04
Iteration 619/2000-----
currents: [100000.0, 99999.99999534039, 99999.99999416519, 99999.99999415848, 99999.99999425195]
J=1.2e-04, ⟨Jf⟩=1.1e-04, ⟨B·n⟩=3.1e-03, Len=sum([2.4, 2.4, 2.4, 2.6, 2.5])=12.3, ϰ=[8.4, 7.9, 8.7, 10.4, 11.2], ∫ϰ²/L>=[16.0, 14.9, 16.9, 19.3, 20.4], C-C-Sep=0.08, ║∇J║=7.0e-04
Iteration 620/2000-----
currents: [100000.0, 99999.9999953444, 99999.99999417036, 99999.99999416381, 99999.99999425768]
J=1.2e-04, ⟨Jf⟩=1.1e-04, ⟨B·n⟩=3.1e-03, Len=sum([2.4, 2.4, 2.4, 2.6, 2.5])=12.3, ϰ=[8.4, 7.9, 8.7, 10.4, 11.2], ∫ϰ²/L>=[16.0, 14.9, 16.8, 19.2, 20.4], C-C-Sep=0.08, ║∇J║=8.5e-04
Iteration 621/2000-----
currents: [100000.0, 99999.99999532031, 99999.99999413663, 99999.99999413048, 99999.99999422421]
J=1.2e-04, ⟨Jf⟩=1.1e-04, ⟨B·n⟩=3.1e-03, Len=sum([2.4, 2.4, 2.4, 2.6, 2.5])=12.3, ϰ=[8.4, 7.9, 8.7, 10.4, 11.2], ∫ϰ²/L>=[16.0, 14.9, 16.8, 19.3, 20.4], C-C-Sep=0.08, ║∇J║=5.8e-04
Iteration 622/2000-----
currents: [100000.0, 99999.99999529465, 99999.99999410071, 99999.99999409488, 99999.99999418845]
J=1.2e-04, ⟨Jf⟩=1.1e-04, ⟨B·n⟩=3.1e-03, Len=sum([2.4, 2.4, 2.4, 2.6, 2.5])=12.3, ϰ=[8.4, 7.9, 8.7, 10.4, 11.2], ∫ϰ²/L>=[16.0, 14.9, 16.8, 19.3, 20.4], C-C-Sep=0.08, ║∇J║=5.3e-04
Iteration 623/2000-----
currents: [100000.0, 99999.99999525047, 99999.9999940387, 99999.99999403354, 99999.99999412682]
J=1.2e-04, ⟨Jf⟩=1.1e-04, ⟨B·n⟩=3.1e-03, Len=sum([2.4, 2.4, 2.4, 2.6, 2.5])=12.3, ϰ=[8.4, 8.0, 8.7, 10.4, 11.2], ∫ϰ²/L>=[16.0, 14.9, 16.9, 19.3, 20.5], C-C-Sep=0.08, ║∇J║=6.1e-04
Iteration 624/2000-----
currents: [100000.0, 99999.99999525037, 99999.9999940384, 99999.99999403325, 99999.99999412609]
J=1.2e-04, ⟨Jf⟩=1.1e-04, ⟨B·n⟩=3.1e-03, Len=sum([2.4, 2.4, 2.4, 2.6, 2.5])=12.3, ϰ=[8.5, 8.1, 8.7, 10.4, 11.1], ∫ϰ²/L>=[15.9, 14.9, 16.9, 19.3, 20.4], C-C-Sep=0.08, ║∇J║=8.2e-04
Iteration 625/2000-----
currents: [100000.0, 99999.99999520252, 99999.99999397129, 99999.99999396675, 99999.99999405957]
J=1.2e-04, ⟨Jf⟩=1.1e-04, ⟨B·n⟩=3.1e-03, Len=sum([2.4, 2.4, 2.4, 2.6, 2.5])=12.3, ϰ=[8.5, 8.1, 8.7, 10.4, 11.1], ∫ϰ²/L>=[16.0, 14.9, 16.9, 19.3, 20.4], C-C-Sep=0.08, ║∇J║=7.3e-04
Iteration 626/2000-----
currents: [100000.0, 99999.99999518586, 99999.99999394816, 99999.99999394383, 99999.99999403657]
J=1.2e-04, ⟨Jf⟩=1.1e-04, ⟨B·n⟩=3.1e-03, Len=sum([2.4, 2.4, 2.4, 2.6, 2.5])=12.3, ϰ=[8.5, 8.1, 8.7, 10.4, 11.2], ∫ϰ²/L>=[16.0, 14.9, 16.9, 19.3, 20.5], C-C-Sep=0.08, ║∇J║=7.0e-04
Iteration 627/2000-----
currents: [100000.0, 99999.99999514883, 99999.99999389659, 99999.9999938927, 99999.99999398513]
J=1.2e-04, ⟨Jf⟩=1.1e-04, ⟨B·n⟩=3.1e-03, Len=sum([2.4, 2.4, 2.4, 2.6, 2.5])=12.3, ϰ=[8.5, 8.1, 8.7, 10.4, 11.2], ∫ϰ²/L>=[16.0, 15.0, 16.9, 19.3, 20.5], C-C-Sep=0.08, ║∇J║=6.1e-04
Iteration 628/2000-----
currents: [100000.0, 99999.99999515443, 99999.99999390473, 99999.99999390065, 99999.99999399266]
J=1.2e-04, ⟨Jf⟩=1.1e-04, ⟨B·n⟩=3.1e-03, Len=sum([2.4, 2.4, 2.4, 2.6, 2.5])=12.3, ϰ=[8.5, 8.1, 8.8, 10.4, 11.2], ∫ϰ²/L>=[15.9, 15.0, 16.9, 19.3, 20.4], C-C-Sep=0.08, ║∇J║=6.5e-04
Iteration 629/2000-----
currents: [100000.0, 99999.99999511166, 99999.99999384502, 99999.9999938415, 99999.99999393316]
J=1.2e-04, ⟨Jf⟩=1.1e-04, ⟨B·n⟩=3.1e-03, Len=sum([2.4, 2.4, 2.4, 2.6, 2.5])=12.3, ϰ=[8.5, 8.2, 8.8, 10.3, 11.2], ∫ϰ²/L>=[16.0, 15.0, 16.9, 19.3, 20.4], C-C-Sep=0.08, ║∇J║=6.9e-04
Iteration 630/2000-----
currents: [100000.0, 99999.99999511596, 99999.99999385112, 99999.9999938475, 99999.9999939392]
J=1.2e-04, ⟨Jf⟩=1.1e-04, ⟨B·n⟩=3.1e-03, Len=sum([2.4, 2.4, 2.4, 2.6, 2.5])=12.3, ϰ=[8.5, 8.2, 8.7, 10.3, 11.2], ∫ϰ²/L>=[15.9, 15.0, 16.9, 19.3, 20.4], C-C-Sep=0.08, ║∇J║=7.2e-04
Iteration 631/2000-----
currents: [100000.0, 99999.99999510708, 99999.99999383879, 99999.99999383539, 99999.99999392715]
J=1.2e-04, ⟨Jf⟩=1.1e-04, ⟨B·n⟩=3.1e-03, Len=sum([2.4, 2.4, 2.4, 2.6, 2.5])=12.3, ϰ=[8.5, 8.2, 8.8, 10.3, 11.2], ∫ϰ²/L>=[15.9, 15.0, 16.9, 19.3, 20.4], C-C-Sep=0.08, ║∇J║=6.8e-04
Iteration 632/2000-----
currents: [100000.0, 99999.99999511501, 99999.99999384991, 99999.99999384633, 99999.9999939379]
J=1.2e-04, ⟨Jf⟩=1.1e-04, ⟨B·n⟩=3.1e-03, Len=sum([2.4, 2.4, 2.4, 2.6, 2.5])=12.3, ϰ=[8.4, 8.2, 8.8, 10.3, 11.2], ∫ϰ²/L>=[15.9, 15.0, 16.9, 19.3, 20.4], C-C-Sep=0.08, ║∇J║=5.4e-04
Iteration 633/2000-----
currents: [100000.0, 99999.99999509696, 99999.99999382497, 99999.99999382168, 99999.9999939132]
J=1.2e-04, ⟨Jf⟩=1.1e-04, ⟨B·n⟩=3.1e-03, Len=sum([2.4, 2.4, 2.4, 2.6, 2.5])=12.3, ϰ=[8.4, 8.3, 8.8, 10.3, 11.2], ∫ϰ²/L>=[15.9, 15.0, 16.9, 19.3, 20.4], C-C-Sep=0.08, ║∇J║=6.4e-04
Iteration 634/2000-----
currents: [100000.0, 99999.9999950863, 99999.99999381011, 99999.99999380708, 99999.99999389853]
J=1.2e-04, ⟨Jf⟩=1.1e-04, ⟨B·n⟩=3.1e-03, Len=sum([2.4, 2.4, 2.4, 2.6, 2.5])=12.3, ϰ=[8.3, 8.3, 8.7, 10.3, 11.2], ∫ϰ²/L>=[15.9, 15.0, 17.0, 19.3, 20.3], C-C-Sep=0.08, ║∇J║=5.8e-04
Iteration 635/2000-----
currents: [100000.0, 99999.99999505209, 99999.99999376194, 99999.99999375944, 99999.99999385062]
J=1.2e-04, ⟨Jf⟩=1.1e-04, ⟨B·n⟩=3.1e-03, Len=sum([2.4, 2.4, 2.4, 2.6, 2.5])=12.3, ϰ=[8.4, 8.4, 8.7, 10.3, 11.2], ∫ϰ²/L>=[15.9, 15.0, 17.0, 19.3, 20.3], C-C-Sep=0.08, ║∇J║=6.3e-04
Iteration 636/2000-----
currents: [100000.0, 99999.99999502541, 99999.99999372463, 99999.99999372254, 99999.99999381365]
J=1.2e-04, ⟨Jf⟩=1.1e-04, ⟨B·n⟩=3.1e-03, Len=sum([2.4, 2.4, 2.4, 2.6, 2.5])=12.3, ϰ=[8.4, 8.4, 8.7, 10.3, 11.2], ∫ϰ²/L>=[15.9, 15.0, 17.0, 19.3, 20.2], C-C-Sep=0.08, ║∇J║=7.2e-04
Iteration 637/2000-----
currents: [100000.0, 99999.99999499449, 99999.9999936814, 99999.99999367971, 99999.99999377062]
J=1.2e-04, ⟨Jf⟩=1.1e-04, ⟨B·n⟩=3.1e-03, Len=sum([2.4, 2.4, 2.4, 2.6, 2.5])=12.3, ϰ=[8.5, 8.4, 8.7, 10.2, 11.2], ∫ϰ²/L>=[15.9, 15.0, 17.0, 19.3, 20.2], C-C-Sep=0.08, ║∇J║=6.8e-04
Iteration 638/2000-----
currents: [100000.0, 99999.99999497035, 99999.99999364758, 99999.99999364614, 99999.99999373677]
J=1.2e-04, ⟨Jf⟩=1.1e-04, ⟨B·n⟩=3.1e-03, Len=sum([2.4, 2.4, 2.4, 2.6, 2.5])=12.3, ϰ=[8.5, 8.4, 8.7, 10.2, 11.2], ∫ϰ²/L>=[15.8, 15.0, 17.0, 19.3, 20.2], C-C-Sep=0.08, ║∇J║=6.4e-04
Iteration 639/2000-----
currents: [100000.0, 99999.99999496942, 99999.99999364621, 99999.99999364474, 99999.99999373518]
J=1.2e-04, ⟨Jf⟩=1.1e-04, ⟨B·n⟩=3.1e-03, Len=sum([2.4, 2.4, 2.4, 2.6, 2.5])=12.3, ϰ=[8.6, 8.4, 8.7, 10.2, 11.2], ∫ϰ²/L>=[15.8, 15.0, 17.0, 19.3, 20.2], C-C-Sep=0.08, ║∇J║=6.4e-04
Iteration 640/2000-----
currents: [100000.0, 99999.99999495158, 99999.99999362117, 99999.99999361992, 99999.9999937101]
J=1.2e-04, ⟨Jf⟩=1.1e-04, ⟨B·n⟩=3.1e-03, Len=sum([2.4, 2.4, 2.4, 2.6, 2.5])=12.3, ϰ=[8.6, 8.4, 8.7, 10.2, 11.2], ∫ϰ²/L>=[15.8, 15.0, 17.0, 19.3, 20.3], C-C-Sep=0.08, ║∇J║=5.3e-04
Iteration 641/2000-----
currents: [100000.0, 99999.99999490856, 99999.99999356095, 99999.99999356031, 99999.99999365024]
J=1.2e-04, ⟨Jf⟩=1.1e-04, ⟨B·n⟩=3.1e-03, Len=sum([2.4, 2.4, 2.4, 2.6, 2.5])=12.3, ϰ=[8.7, 8.4, 8.7, 10.2, 11.2], ∫ϰ²/L>=[15.8, 15.1, 17.0, 19.3, 20.2], C-C-Sep=0.08, ║∇J║=7.2e-04
Iteration 642/2000-----
currents: [100000.0, 99999.99999489397, 99999.99999354058, 99999.99999354023, 99999.99999362991]
J=1.2e-04, ⟨Jf⟩=1.1e-04, ⟨B·n⟩=3.1e-03, Len=sum([2.4, 2.4, 2.4, 2.6, 2.5])=12.3, ϰ=[8.7, 8.4, 8.7, 10.2, 11.2], ∫ϰ²/L>=[15.9, 15.1, 17.0, 19.3, 20.2], C-C-Sep=0.08, ║∇J║=7.3e-04
Iteration 643/2000-----
currents: [100000.0, 99999.99999484356, 99999.99999346986, 99999.99999347025, 99999.99999355928]
J=1.2e-04, ⟨Jf⟩=1.1e-04, ⟨B·n⟩=3.1e-03, Len=sum([2.4, 2.4, 2.4, 2.6, 2.5])=12.3, ϰ=[8.8, 8.4, 8.7, 10.2, 11.2], ∫ϰ²/L>=[15.9, 15.1, 17.0, 19.2, 20.3], C-C-Sep=0.08, ║∇J║=7.9e-04
Iteration 644/2000-----
currents: [100000.0, 99999.9999948825, 99999.99999352451, 99999.9999935243, 99999.99999361364]
J=1.2e-04, ⟨Jf⟩=1.1e-04, ⟨B·n⟩=3.1e-03, Len=sum([2.4, 2.4, 2.4, 2.6, 2.5])=12.3, ϰ=[8.7, 8.4, 8.8, 10.2, 11.2], ∫ϰ²/L>=[15.8, 15.0, 17.0, 19.3, 20.2], C-C-Sep=0.08, ║∇J║=1.0e-03
Iteration 645/2000-----
currents: [100000.0, 99999.99999485885, 99999.99999349126, 99999.99999349134, 99999.99999358041]
J=1.2e-04, ⟨Jf⟩=1.1e-04, ⟨B·n⟩=3.1e-03, Len=sum([2.4, 2.4, 2.4, 2.6, 2.5])=12.3, ϰ=[8.7, 8.4, 8.8, 10.2, 11.2], ∫ϰ²/L>=[15.9, 15.0, 17.0, 19.3, 20.2], C-C-Sep=0.08, ║∇J║=5.7e-04
Iteration 646/2000-----
currents: [100000.0, 99999.999994834, 99999.9999934565, 99999.99999345698, 99999.99999354583]
J=1.2e-04, ⟨Jf⟩=1.1e-04, ⟨B·n⟩=3.1e-03, Len=sum([2.4, 2.4, 2.4, 2.6, 2.5])=12.3, ϰ=[8.8, 8.4, 8.8, 10.2, 11.2], ∫ϰ²/L>=[15.9, 15.1, 17.0, 19.2, 20.3], C-C-Sep=0.08, ║∇J║=4.5e-04
Iteration 647/2000-----
currents: [100000.0, 99999.99999482282, 99999.99999344078, 99999.99999344148, 99999.9999935301]
J=1.2e-04, ⟨Jf⟩=1.1e-04, ⟨B·n⟩=3.1e-03, Len=sum([2.4, 2.4, 2.4, 2.6, 2.5])=12.3, ϰ=[8.8, 8.4, 8.8, 10.1, 11.2], ∫ϰ²/L>=[15.9, 15.1, 17.0, 19.2, 20.3], C-C-Sep=0.08, ║∇J║=5.1e-04
Iteration 648/2000-----
currents: [100000.0, 99999.99999478064, 99999.99999338167, 99999.9999933831, 99999.99999347112]
J=1.2e-04, ⟨Jf⟩=1.1e-04, ⟨B·n⟩=3.1e-03, Len=sum([2.4, 2.4, 2.4, 2.6, 2.5])=12.3, ϰ=[8.8, 8.4, 8.8, 10.1, 11.3], ∫ϰ²/L>=[15.9, 15.1, 17.0, 19.2, 20.3], C-C-Sep=0.08, ║∇J║=6.2e-04
Iteration 649/2000-----
currents: [100000.0, 99999.99999473336, 99999.99999331545, 99999.99999331778, 99999.9999934051]
J=1.2e-04, ⟨Jf⟩=1.1e-04, ⟨B·n⟩=3.1e-03, Len=sum([2.4, 2.4, 2.4, 2.6, 2.5])=12.3, ϰ=[8.8, 8.5, 8.8, 10.1, 11.2], ∫ϰ²/L>=[15.9, 15.1, 17.0, 19.2, 20.3], C-C-Sep=0.08, ║∇J║=7.7e-04
Iteration 650/2000-----
currents: [100000.0, 99999.9999946941, 99999.99999326066, 99999.99999326366, 99999.99999335047]
J=1.2e-04, ⟨Jf⟩=1.1e-04, ⟨B·n⟩=3.1e-03, Len=sum([2.4, 2.4, 2.4, 2.6, 2.5])=12.3, ϰ=[8.9, 8.5, 8.8, 10.1, 11.2], ∫ϰ²/L>=[15.9, 15.1, 17.0, 19.2, 20.3], C-C-Sep=0.08, ║∇J║=8.0e-04
Iteration 651/2000-----
currents: [100000.0, 99999.99999468216, 99999.99999324401, 99999.99999324734, 99999.9999933341]
J=1.2e-04, ⟨Jf⟩=1.1e-04, ⟨B·n⟩=3.1e-03, Len=sum([2.4, 2.4, 2.4, 2.6, 2.5])=12.3, ϰ=[8.8, 8.5, 8.8, 10.1, 11.2], ∫ϰ²/L>=[15.9, 15.1, 17.0, 19.2, 20.3], C-C-Sep=0.08, ║∇J║=7.1e-04
Iteration 652/2000-----
currents: [100000.0, 99999.99999464856, 99999.99999319704, 99999.99999320085, 99999.99999328716]
J=1.2e-04, ⟨Jf⟩=1.1e-04, ⟨B·n⟩=3.1e-03, Len=sum([2.4, 2.4, 2.4, 2.6, 2.5])=12.3, ϰ=[8.9, 8.5, 8.8, 10.1, 11.2], ∫ϰ²/L>=[15.9, 15.2, 17.0, 19.2, 20.2], C-C-Sep=0.08, ║∇J║=7.4e-04
Iteration 653/2000-----
currents: [100000.0, 99999.99999464476, 99999.99999319161, 99999.99999319554, 99999.99999328154]
J=1.2e-04, ⟨Jf⟩=1.1e-04, ⟨B·n⟩=3.1e-03, Len=sum([2.4, 2.4, 2.4, 2.6, 2.5])=12.3, ϰ=[8.9, 8.5, 8.9, 10.1, 11.2], ∫ϰ²/L>=[15.9, 15.2, 17.0, 19.2, 20.2], C-C-Sep=0.08, ║∇J║=6.8e-04
Iteration 654/2000-----
currents: [100000.0, 99999.99999463328, 99999.99999317562, 99999.99999317968, 99999.9999932654]
J=1.2e-04, ⟨Jf⟩=1.1e-04, ⟨B·n⟩=3.1e-03, Len=sum([2.4, 2.4, 2.4, 2.6, 2.5])=12.3, ϰ=[8.9, 8.5, 8.9, 10.1, 11.2], ∫ϰ²/L>=[15.9, 15.2, 17.1, 19.2, 20.2], C-C-Sep=0.08, ║∇J║=6.9e-04
Iteration 655/2000-----
currents: [100000.0, 99999.99999460789, 99999.9999931401, 99999.9999931446, 99999.99999322991]
J=1.2e-04, ⟨Jf⟩=1.1e-04, ⟨B·n⟩=3.1e-03, Len=sum([2.4, 2.4, 2.4, 2.6, 2.5])=12.3, ϰ=[8.8, 8.5, 9.0, 10.2, 11.2], ∫ϰ²/L>=[15.9, 15.2, 17.1, 19.2, 20.2], C-C-Sep=0.08, ║∇J║=5.6e-04
Iteration 656/2000-----
currents: [100000.0, 99999.99999460716, 99999.999993139, 99999.99999314357, 99999.99999322866]
J=1.2e-04, ⟨Jf⟩=1.1e-04, ⟨B·n⟩=3.1e-03, Len=sum([2.4, 2.4, 2.4, 2.6, 2.5])=12.3, ϰ=[8.8, 8.5, 8.9, 10.2, 11.3], ∫ϰ²/L>=[15.9, 15.1, 17.1, 19.2, 20.2], C-C-Sep=0.08, ║∇J║=6.1e-04
Iteration 657/2000-----
currents: [100000.0, 99999.99999457342, 99999.99999309175, 99999.99999309686, 99999.9999931815]
J=1.2e-04, ⟨Jf⟩=1.1e-04, ⟨B·n⟩=3.1e-03, Len=sum([2.4, 2.4, 2.4, 2.6, 2.5])=12.3, ϰ=[8.9, 8.5, 8.9, 10.2, 11.3], ∫ϰ²/L>=[15.9, 15.2, 17.1, 19.2, 20.2], C-C-Sep=0.08, ║∇J║=6.2e-04
Iteration 658/2000-----
currents: [100000.0, 99999.99999456674, 99999.99999308249, 99999.99999308772, 99999.99999317221]
J=1.2e-04, ⟨Jf⟩=1.1e-04, ⟨B·n⟩=3.1e-03, Len=sum([2.4, 2.4, 2.4, 2.6, 2.5])=12.3, ϰ=[8.9, 8.6, 8.9, 10.2, 11.3], ∫ϰ²/L>=[15.9, 15.2, 17.1, 19.2, 20.2], C-C-Sep=0.08, ║∇J║=6.4e-04
Iteration 659/2000-----
currents: [100000.0, 99999.99999455918, 99999.9999930719, 99999.99999307735, 99999.99999316182]
J=1.2e-04, ⟨Jf⟩=1.1e-04, ⟨B·n⟩=3.1e-03, Len=sum([2.4, 2.4, 2.4, 2.6, 2.5])=12.3, ϰ=[8.9, 8.6, 8.8, 10.2, 11.3], ∫ϰ²/L>=[15.8, 15.2, 17.1, 19.2, 20.2], C-C-Sep=0.08, ║∇J║=6.0e-04
Iteration 660/2000-----
currents: [100000.0, 99999.99999454652, 99999.99999305417, 99999.99999305981, 99999.9999931442]
J=1.2e-04, ⟨Jf⟩=1.1e-04, ⟨B·n⟩=3.1e-03, Len=sum([2.4, 2.4, 2.4, 2.6, 2.5])=12.3, ϰ=[8.9, 8.6, 8.8, 10.2, 11.3], ∫ϰ²/L>=[15.8, 15.2, 17.0, 19.2, 20.2], C-C-Sep=0.08, ║∇J║=5.5e-04
Iteration 661/2000-----
currents: [100000.0, 99999.9999945218, 99999.9999930195, 99999.99999302543, 99999.99999310973]
J=1.2e-04, ⟨Jf⟩=1.1e-04, ⟨B·n⟩=3.1e-03, Len=sum([2.4, 2.4, 2.4, 2.6, 2.5])=12.3, ϰ=[8.9, 8.5, 8.7, 10.3, 11.3], ∫ϰ²/L>=[15.8, 15.2, 17.0, 19.2, 20.1], C-C-Sep=0.08, ║∇J║=6.3e-04
Iteration 662/2000-----
currents: [100000.0, 99999.99999447561, 99999.99999295505, 99999.99999296176, 99999.99999304563]
J=1.2e-04, ⟨Jf⟩=1.1e-04, ⟨B·n⟩=3.1e-03, Len=sum([2.4, 2.4, 2.4, 2.5, 2.5])=12.3, ϰ=[8.9, 8.5, 8.7, 10.4, 11.2], ∫ϰ²/L>=[15.8, 15.2, 17.1, 19.2, 20.1], C-C-Sep=0.08, ║∇J║=9.5e-04
Iteration 663/2000-----
currents: [100000.0, 99999.9999944677, 99999.99999294398, 99999.99999295088, 99999.99999303478]
J=1.2e-04, ⟨Jf⟩=1.1e-04, ⟨B·n⟩=3.1e-03, Len=sum([2.4, 2.4, 2.4, 2.5, 2.5])=12.3, ϰ=[8.9, 8.5, 8.7, 10.4, 11.2], ∫ϰ²/L>=[15.7, 15.2, 17.1, 19.2, 20.1], C-C-Sep=0.08, ║∇J║=6.7e-04
Iteration 664/2000-----
currents: [100000.0, 99999.99999444257, 99999.99999290869, 99999.99999291597, 99999.99999299958]
J=1.2e-04, ⟨Jf⟩=1.1e-04, ⟨B·n⟩=3.1e-03, Len=sum([2.4, 2.4, 2.4, 2.5, 2.5])=12.3, ϰ=[8.9, 8.5, 8.7, 10.4, 11.2], ∫ϰ²/L>=[15.7, 15.2, 17.1, 19.2, 20.1], C-C-Sep=0.08, ║∇J║=6.9e-04
Iteration 665/2000-----
currents: [100000.0, 99999.99999445393, 99999.99999292471, 99999.99999293181, 99999.99999301546]
J=1.2e-04, ⟨Jf⟩=1.1e-04, ⟨B·n⟩=3.1e-03, Len=sum([2.4, 2.4, 2.4, 2.5, 2.5])=12.3, ϰ=[8.9, 8.5, 8.7, 10.4, 11.2], ∫ϰ²/L>=[15.7, 15.2, 17.1, 19.2, 20.1], C-C-Sep=0.08, ║∇J║=5.8e-04
Iteration 666/2000-----
currents: [100000.0, 99999.99999442432, 99999.99999288331, 99999.99999289098, 99999.99999297434]
J=1.2e-04, ⟨Jf⟩=1.1e-04, ⟨B·n⟩=3.1e-03, Len=sum([2.4, 2.4, 2.4, 2.5, 2.5])=12.3, ϰ=[8.9, 8.5, 8.6, 10.4, 11.2], ∫ϰ²/L>=[15.7, 15.2, 17.0, 19.2, 20.1], C-C-Sep=0.08, ║∇J║=5.7e-04
Iteration 667/2000-----
currents: [100000.0, 99999.9999944064, 99999.99999285827, 99999.99999286624, 99999.99999294942]
J=1.2e-04, ⟨Jf⟩=1.1e-04, ⟨B·n⟩=3.1e-03, Len=sum([2.4, 2.4, 2.4, 2.5, 2.5])=12.3, ϰ=[8.8, 8.5, 8.6, 10.4, 11.2], ∫ϰ²/L>=[15.7, 15.1, 17.1, 19.2, 20.1], C-C-Sep=0.08, ║∇J║=6.4e-04
Iteration 668/2000-----
currents: [100000.0, 99999.9999943869, 99999.99999283097, 99999.99999283916, 99999.9999929221]
J=1.2e-04, ⟨Jf⟩=1.1e-04, ⟨B·n⟩=3.1e-03, Len=sum([2.4, 2.4, 2.4, 2.5, 2.5])=12.3, ϰ=[8.8, 8.5, 8.6, 10.4, 11.1], ∫ϰ²/L>=[15.7, 15.1, 17.1, 19.3, 20.1], C-C-Sep=0.08, ║∇J║=5.2e-04
Iteration 669/2000-----
currents: [100000.0, 99999.99999436433, 99999.99999279916, 99999.99999280769, 99999.99999289049]
J=1.2e-04, ⟨Jf⟩=1.1e-04, ⟨B·n⟩=3.1e-03, Len=sum([2.4, 2.4, 2.4, 2.5, 2.5])=12.3, ϰ=[8.8, 8.5, 8.6, 10.4, 11.1], ∫ϰ²/L>=[15.7, 15.1, 17.1, 19.3, 20.1], C-C-Sep=0.08, ║∇J║=5.5e-04
Iteration 670/2000-----
currents: [100000.0, 99999.99999431176, 99999.99999272554, 99999.999992735, 99999.99999281716]
J=1.2e-04, ⟨Jf⟩=1.1e-04, ⟨B·n⟩=3.1e-03, Len=sum([2.4, 2.4, 2.4, 2.5, 2.5])=12.3, ϰ=[8.7, 8.4, 8.5, 10.4, 11.1], ∫ϰ²/L>=[15.7, 15.1, 17.1, 19.3, 20.1], C-C-Sep=0.08, ║∇J║=6.8e-04
Iteration 671/2000-----
currents: [100000.0, 99999.9999943032, 99999.99999271333, 99999.99999272313, 99999.99999280511]
J=1.2e-04, ⟨Jf⟩=1.1e-04, ⟨B·n⟩=3.1e-03, Len=sum([2.4, 2.4, 2.4, 2.5, 2.5])=12.3, ϰ=[8.7, 8.5, 8.6, 10.4, 11.1], ∫ϰ²/L>=[15.7, 15.1, 17.1, 19.3, 20.1], C-C-Sep=0.08, ║∇J║=8.6e-04
Iteration 672/2000-----
currents: [100000.0, 99999.99999428919, 99999.99999269375, 99999.99999270386, 99999.99999278561]
J=1.2e-04, ⟨Jf⟩=1.1e-04, ⟨B·n⟩=3.1e-03, Len=sum([2.4, 2.4, 2.4, 2.5, 2.5])=12.3, ϰ=[8.7, 8.4, 8.6, 10.4, 11.1], ∫ϰ²/L>=[15.8, 15.1, 17.1, 19.3, 20.0], C-C-Sep=0.08, ║∇J║=6.1e-04
Iteration 673/2000-----
currents: [100000.0, 99999.99999427014, 99999.999992667, 99999.9999926775, 99999.99999275914]
J=1.2e-04, ⟨Jf⟩=1.1e-04, ⟨B·n⟩=3.1e-03, Len=sum([2.4, 2.4, 2.4, 2.5, 2.5])=12.3, ϰ=[8.7, 8.4, 8.7, 10.4, 11.1], ∫ϰ²/L>=[15.8, 15.1, 17.1, 19.3, 20.0], C-C-Sep=0.08, ║∇J║=5.4e-04
Iteration 674/2000-----
currents: [100000.0, 99999.99999425611, 99999.99999264747, 99999.99999265824, 99999.9999927397]
J=1.2e-04, ⟨Jf⟩=1.1e-04, ⟨B·n⟩=3.1e-03, Len=sum([2.4, 2.4, 2.4, 2.5, 2.5])=12.3, ϰ=[8.7, 8.4, 8.7, 10.4, 11.1], ∫ϰ²/L>=[15.8, 15.0, 17.1, 19.3, 20.0], C-C-Sep=0.08, ║∇J║=5.6e-04
Iteration 675/2000-----
currents: [100000.0, 99999.99999421008, 99999.99999258283, 99999.9999925945, 99999.99999267548]
J=1.2e-04, ⟨Jf⟩=1.1e-04, ⟨B·n⟩=3.1e-03, Len=sum([2.4, 2.4, 2.4, 2.5, 2.5])=12.3, ϰ=[8.7, 8.4, 8.7, 10.5, 11.1], ∫ϰ²/L>=[15.8, 15.0, 17.1, 19.3, 20.0], C-C-Sep=0.08, ║∇J║=6.8e-04
Iteration 676/2000-----
currents: [100000.0, 99999.9999942104, 99999.99999258325, 99999.99999259494, 99999.9999926759]
J=1.2e-04, ⟨Jf⟩=1.1e-04, ⟨B·n⟩=3.1e-03, Len=sum([2.4, 2.4, 2.4, 2.5, 2.5])=12.3, ϰ=[8.6, 8.3, 8.7, 10.4, 11.0], ∫ϰ²/L>=[15.8, 15.0, 17.1, 19.3, 20.0], C-C-Sep=0.08, ║∇J║=5.5e-04
Iteration 677/2000-----
currents: [100000.0, 99999.99999420643, 99999.99999257778, 99999.99999258961, 99999.99999267027]
J=1.2e-04, ⟨Jf⟩=1.1e-04, ⟨B·n⟩=3.1e-03, Len=sum([2.4, 2.4, 2.4, 2.5, 2.5])=12.3, ϰ=[8.6, 8.3, 8.7, 10.4, 11.0], ∫ϰ²/L>=[15.7, 15.0, 17.1, 19.3, 20.0], C-C-Sep=0.08, ║∇J║=6.2e-04
Iteration 678/2000-----
currents: [100000.0, 99999.99999419045, 99999.99999255537, 99999.99999256755, 99999.99999264802]
J=1.2e-04, ⟨Jf⟩=1.1e-04, ⟨B·n⟩=3.1e-03, Len=sum([2.4, 2.4, 2.4, 2.5, 2.5])=12.3, ϰ=[8.5, 8.3, 8.7, 10.4, 11.0], ∫ϰ²/L>=[15.7, 14.9, 17.1, 19.3, 19.9], C-C-Sep=0.08, ║∇J║=6.5e-04
Iteration 679/2000-----
currents: [100000.0, 99999.99999417257, 99999.99999253023, 99999.99999254286, 99999.99999262305]
J=1.2e-04, ⟨Jf⟩=1.1e-04, ⟨B·n⟩=3.1e-03, Len=sum([2.4, 2.4, 2.4, 2.5, 2.5])=12.3, ϰ=[8.5, 8.3, 8.7, 10.4, 11.0], ∫ϰ²/L>=[15.7, 14.9, 17.1, 19.3, 19.9], C-C-Sep=0.08, ║∇J║=5.4e-04
Iteration 680/2000-----
currents: [100000.0, 99999.99999414636, 99999.99999249341, 99999.9999925066, 99999.99999258638]
J=1.2e-04, ⟨Jf⟩=1.1e-04, ⟨B·n⟩=3.1e-03, Len=sum([2.4, 2.4, 2.4, 2.5, 2.5])=12.3, ϰ=[8.5, 8.3, 8.7, 10.4, 10.9], ∫ϰ²/L>=[15.8, 14.9, 17.1, 19.3, 19.9], C-C-Sep=0.08, ║∇J║=6.0e-04
Iteration 681/2000-----
currents: [100000.0, 99999.99999412705, 99999.99999246608, 99999.99999247963, 99999.99999255929]
J=1.2e-04, ⟨Jf⟩=1.1e-04, ⟨B·n⟩=3.1e-03, Len=sum([2.4, 2.4, 2.4, 2.5, 2.5])=12.3, ϰ=[8.4, 8.2, 8.7, 10.4, 10.9], ∫ϰ²/L>=[15.7, 14.9, 17.1, 19.3, 19.9], C-C-Sep=0.08, ║∇J║=6.0e-04
Iteration 682/2000-----
currents: [100000.0, 99999.99999408124, 99999.99999240167, 99999.99999241604, 99999.9999924951]
J=1.2e-04, ⟨Jf⟩=1.1e-04, ⟨B·n⟩=3.1e-03, Len=sum([2.4, 2.4, 2.4, 2.5, 2.5])=12.3, ϰ=[8.3, 8.1, 8.7, 10.4, 10.9], ∫ϰ²/L>=[15.7, 14.9, 17.1, 19.3, 19.9], C-C-Sep=0.08, ║∇J║=6.2e-04
Iteration 683/2000-----
currents: [100000.0, 99999.99999409734, 99999.99999242408, 99999.99999243818, 99999.99999251742]
J=1.2e-04, ⟨Jf⟩=1.1e-04, ⟨B·n⟩=3.1e-03, Len=sum([2.4, 2.4, 2.4, 2.5, 2.5])=12.3, ϰ=[8.3, 8.1, 8.7, 10.4, 11.0], ∫ϰ²/L>=[15.7, 14.9, 17.1, 19.3, 19.9], C-C-Sep=0.08, ║∇J║=6.4e-04
Iteration 684/2000-----
currents: [100000.0, 99999.99999406503, 99999.99999237874, 99999.99999239341, 99999.99999247218]
J=1.2e-04, ⟨Jf⟩=1.1e-04, ⟨B·n⟩=3.1e-03, Len=sum([2.4, 2.4, 2.4, 2.5, 2.5])=12.3, ϰ=[8.3, 8.1, 8.7, 10.4, 11.0], ∫ϰ²/L>=[15.7, 14.9, 17.1, 19.3, 19.9], C-C-Sep=0.08, ║∇J║=6.7e-04
Iteration 685/2000-----
currents: [100000.0, 99999.99999405866, 99999.99999236982, 99999.99999238453, 99999.99999246317]
J=1.2e-04, ⟨Jf⟩=1.1e-04, ⟨B·n⟩=3.1e-03, Len=sum([2.4, 2.4, 2.4, 2.5, 2.5])=12.3, ϰ=[8.3, 8.1, 8.7, 10.4, 11.0], ∫ϰ²/L>=[15.7, 14.9, 17.1, 19.3, 19.9], C-C-Sep=0.08, ║∇J║=5.9e-04
Iteration 686/2000-----
currents: [100000.0, 99999.99999404137, 99999.99999234558, 99999.9999923607, 99999.99999243916]
J=1.2e-04, ⟨Jf⟩=1.1e-04, ⟨B·n⟩=3.1e-03, Len=sum([2.4, 2.4, 2.4, 2.5, 2.5])=12.3, ϰ=[8.3, 8.1, 8.7, 10.4, 11.0], ∫ϰ²/L>=[15.6, 14.9, 17.1, 19.3, 19.9], C-C-Sep=0.08, ║∇J║=4.8e-04
Iteration 687/2000-----
currents: [100000.0, 99999.99999402965, 99999.99999232907, 99999.99999234441, 99999.99999242279]
J=1.2e-04, ⟨Jf⟩=1.1e-04, ⟨B·n⟩=3.1e-03, Len=sum([2.4, 2.4, 2.4, 2.5, 2.5])=12.3, ϰ=[8.3, 8.1, 8.7, 10.5, 11.0], ∫ϰ²/L>=[15.6, 14.9, 17.1, 19.3, 19.8], C-C-Sep=0.08, ║∇J║=5.7e-04
Iteration 688/2000-----
currents: [100000.0, 99999.99999400621, 99999.99999229623, 99999.99999231195, 99999.99999239016]
J=1.2e-04, ⟨Jf⟩=1.1e-04, ⟨B·n⟩=3.1e-03, Len=sum([2.4, 2.4, 2.4, 2.5, 2.5])=12.3, ϰ=[8.2, 8.1, 8.7, 10.5, 11.0], ∫ϰ²/L>=[15.6, 14.9, 17.1, 19.3, 19.8], C-C-Sep=0.08, ║∇J║=5.6e-04
Iteration 689/2000-----
currents: [100000.0, 99999.99999398891, 99999.99999227186, 99999.9999922879, 99999.9999923659]
J=1.2e-04, ⟨Jf⟩=1.1e-04, ⟨B·n⟩=3.1e-03, Len=sum([2.4, 2.4, 2.4, 2.5, 2.5])=12.3, ϰ=[8.2, 8.1, 8.7, 10.5, 10.9], ∫ϰ²/L>=[15.6, 14.8, 17.2, 19.3, 19.8], C-C-Sep=0.08, ║∇J║=5.1e-04
Iteration 690/2000-----
currents: [100000.0, 99999.9999939758, 99999.99999225346, 99999.99999226982, 99999.99999234772]
J=1.2e-04, ⟨Jf⟩=1.1e-04, ⟨B·n⟩=3.1e-03, Len=sum([2.4, 2.4, 2.4, 2.5, 2.5])=12.3, ϰ=[8.2, 8.1, 8.8, 10.5, 10.9], ∫ϰ²/L>=[15.6, 14.8, 17.2, 19.3, 19.8], C-C-Sep=0.08, ║∇J║=5.0e-04
Iteration 691/2000-----
currents: [100000.0, 99999.9999939616, 99999.99999223367, 99999.99999225039, 99999.99999232808]
J=1.2e-04, ⟨Jf⟩=1.1e-04, ⟨B·n⟩=3.1e-03, Len=sum([2.4, 2.4, 2.4, 2.5, 2.5])=12.3, ϰ=[8.2, 8.1, 8.8, 10.5, 10.8], ∫ϰ²/L>=[15.6, 14.8, 17.2, 19.3, 19.8], C-C-Sep=0.08, ║∇J║=5.6e-04
Iteration 692/2000-----
currents: [100000.0, 99999.9999939606, 99999.99999223236, 99999.99999224916, 99999.99999232708]
J=1.2e-04, ⟨Jf⟩=1.1e-04, ⟨B·n⟩=3.1e-03, Len=sum([2.4, 2.4, 2.4, 2.5, 2.5])=12.3, ϰ=[8.2, 8.1, 8.8, 10.5, 10.8], ∫ϰ²/L>=[15.6, 14.8, 17.2, 19.3, 19.8], C-C-Sep=0.08, ║∇J║=4.4e-04
Iteration 693/2000-----
currents: [100000.0, 99999.99999395479, 99999.99999222417, 99999.99999224104, 99999.99999231898]
J=1.2e-04, ⟨Jf⟩=1.1e-04, ⟨B·n⟩=3.1e-03, Len=sum([2.4, 2.4, 2.4, 2.5, 2.5])=12.3, ϰ=[8.2, 8.1, 8.8, 10.5, 10.8], ∫ϰ²/L>=[15.5, 14.8, 17.2, 19.3, 19.8], C-C-Sep=0.08, ║∇J║=4.4e-04
Iteration 694/2000-----
currents: [100000.0, 99999.9999939426, 99999.99999220714, 99999.99999222424, 99999.9999923023]
J=1.2e-04, ⟨Jf⟩=1.1e-04, ⟨B·n⟩=3.1e-03, Len=sum([2.4, 2.4, 2.4, 2.5, 2.5])=12.3, ϰ=[8.2, 8.1, 8.8, 10.6, 10.8], ∫ϰ²/L>=[15.5, 14.8, 17.1, 19.3, 19.7], C-C-Sep=0.08, ║∇J║=4.8e-04
Iteration 695/2000-----
currents: [100000.0, 99999.9999939278, 99999.99999218632, 99999.99999220355, 99999.99999228155]
J=1.2e-04, ⟨Jf⟩=1.1e-04, ⟨B·n⟩=3.1e-03, Len=sum([2.4, 2.4, 2.4, 2.5, 2.5])=12.3, ϰ=[8.2, 8.1, 8.8, 10.6, 10.8], ∫ϰ²/L>=[15.5, 14.8, 17.2, 19.3, 19.7], C-C-Sep=0.08, ║∇J║=6.0e-04
Iteration 696/2000-----
currents: [100000.0, 99999.99999389995, 99999.99999214719, 99999.99999216484, 99999.99999224268]
J=1.2e-04, ⟨Jf⟩=1.1e-04, ⟨B·n⟩=3.1e-03, Len=sum([2.4, 2.4, 2.4, 2.5, 2.5])=12.3, ϰ=[8.1, 8.0, 8.8, 10.6, 10.7], ∫ϰ²/L>=[15.5, 14.8, 17.2, 19.3, 19.7], C-C-Sep=0.08, ║∇J║=5.0e-04
Iteration 697/2000-----
currents: [100000.0, 99999.99999385717, 99999.99999208689, 99999.99999210522, 99999.99999218268]
J=1.2e-04, ⟨Jf⟩=1.1e-04, ⟨B·n⟩=3.1e-03, Len=sum([2.4, 2.4, 2.4, 2.5, 2.6])=12.3, ϰ=[8.0, 8.0, 8.8, 10.6, 10.7], ∫ϰ²/L>=[15.5, 14.8, 17.2, 19.3, 19.7], C-C-Sep=0.08, ║∇J║=6.1e-04
Iteration 698/2000-----
currents: [100000.0, 99999.99999382062, 99999.99999203547, 99999.99999205438, 99999.99999213144]
J=1.2e-04, ⟨Jf⟩=1.1e-04, ⟨B·n⟩=3.1e-03, Len=sum([2.4, 2.4, 2.4, 2.5, 2.6])=12.3, ϰ=[8.0, 8.0, 8.8, 10.6, 10.7], ∫ϰ²/L>=[15.5, 14.8, 17.2, 19.4, 19.7], C-C-Sep=0.08, ║∇J║=6.1e-04
Iteration 699/2000-----
currents: [100000.0, 99999.99999381421, 99999.9999920264, 99999.9999920454, 99999.99999212236]
J=1.2e-04, ⟨Jf⟩=1.1e-04, ⟨B·n⟩=3.1e-03, Len=sum([2.4, 2.4, 2.4, 2.5, 2.6])=12.3, ϰ=[8.0, 8.0, 8.7, 10.6, 10.7], ∫ϰ²/L>=[15.5, 14.8, 17.2, 19.3, 19.7], C-C-Sep=0.08, ║∇J║=6.3e-04
Iteration 700/2000-----
currents: [100000.0, 99999.99999378202, 99999.99999198115, 99999.99999200075, 99999.99999207734]
J=1.2e-04, ⟨Jf⟩=1.1e-04, ⟨B·n⟩=3.1e-03, Len=sum([2.4, 2.4, 2.4, 2.5, 2.6])=12.3, ϰ=[7.9, 8.0, 8.7, 10.6, 10.7], ∫ϰ²/L>=[15.5, 14.8, 17.2, 19.3, 19.7], C-C-Sep=0.08, ║∇J║=5.9e-04
Iteration 701/2000-----
currents: [100000.0, 99999.99999377895, 99999.99999197685, 99999.99999199664, 99999.9999920731]
J=1.2e-04, ⟨Jf⟩=1.1e-04, ⟨B·n⟩=3.1e-03, Len=sum([2.4, 2.4, 2.4, 2.5, 2.6])=12.3, ϰ=[7.9, 8.1, 8.7, 10.5, 10.7], ∫ϰ²/L>=[15.5, 14.8, 17.2, 19.3, 19.7], C-C-Sep=0.08, ║∇J║=5.2e-04
Iteration 702/2000-----
currents: [100000.0, 99999.99999373361, 99999.99999191311, 99999.99999193376, 99999.99999200972]
J=1.2e-04, ⟨Jf⟩=1.1e-04, ⟨B·n⟩=3.1e-03, Len=sum([2.4, 2.4, 2.4, 2.5, 2.6])=12.3, ϰ=[7.8, 8.0, 8.7, 10.6, 10.6], ∫ϰ²/L>=[15.6, 14.8, 17.2, 19.3, 19.7], C-C-Sep=0.08, ║∇J║=6.6e-04
Iteration 703/2000-----
currents: [100000.0, 99999.99999373002, 99999.99999190793, 99999.99999192865, 99999.9999920047]
J=1.2e-04, ⟨Jf⟩=1.1e-04, ⟨B·n⟩=3.1e-03, Len=sum([2.4, 2.4, 2.4, 2.5, 2.6])=12.3, ϰ=[7.8, 8.0, 8.7, 10.6, 10.7], ∫ϰ²/L>=[15.5, 14.8, 17.2, 19.3, 19.7], C-C-Sep=0.08, ║∇J║=5.6e-04
Iteration 704/2000-----
currents: [100000.0, 99999.99999369659, 99999.99999186097, 99999.99999188239, 99999.99999195804]
J=1.2e-04, ⟨Jf⟩=1.1e-04, ⟨B·n⟩=3.1e-03, Len=sum([2.4, 2.4, 2.4, 2.5, 2.6])=12.3, ϰ=[7.7, 8.0, 8.7, 10.6, 10.7], ∫ϰ²/L>=[15.5, 14.8, 17.2, 19.3, 19.7], C-C-Sep=0.08, ║∇J║=6.2e-04
Iteration 705/2000-----
currents: [100000.0, 99999.99999369023, 99999.99999185192, 99999.99999187356, 99999.99999194914]
J=1.2e-04, ⟨Jf⟩=1.1e-04, ⟨B·n⟩=3.1e-03, Len=sum([2.4, 2.4, 2.4, 2.5, 2.6])=12.3, ϰ=[7.7, 8.0, 8.7, 10.6, 10.6], ∫ϰ²/L>=[15.5, 14.8, 17.2, 19.3, 19.7], C-C-Sep=0.08, ║∇J║=5.3e-04
Iteration 706/2000-----
currents: [100000.0, 99999.99999368156, 99999.99999183959, 99999.99999186155, 99999.99999193696]
J=1.2e-04, ⟨Jf⟩=1.1e-04, ⟨B·n⟩=3.1e-03, Len=sum([2.4, 2.4, 2.4, 2.5, 2.6])=12.3, ϰ=[7.7, 8.0, 8.7, 10.5, 10.6], ∫ϰ²/L>=[15.5, 14.7, 17.2, 19.3, 19.7], C-C-Sep=0.08, ║∇J║=4.8e-04
Iteration 707/2000-----
currents: [100000.0, 99999.99999366594, 99999.99999181752, 99999.99999183993, 99999.99999191507]
J=1.2e-04, ⟨Jf⟩=1.1e-04, ⟨B·n⟩=3.1e-03, Len=sum([2.4, 2.4, 2.4, 2.5, 2.6])=12.3, ϰ=[7.8, 8.0, 8.7, 10.5, 10.6], ∫ϰ²/L>=[15.5, 14.7, 17.1, 19.3, 19.7], C-C-Sep=0.08, ║∇J║=5.3e-04
Iteration 708/2000-----
currents: [100000.0, 99999.99999364252, 99999.99999178463, 99999.99999180762, 99999.99999188258]
J=1.2e-04, ⟨Jf⟩=1.1e-04, ⟨B·n⟩=3.1e-03, Len=sum([2.4, 2.4, 2.4, 2.5, 2.6])=12.3, ϰ=[7.8, 8.0, 8.7, 10.5, 10.6], ∫ϰ²/L>=[15.5, 14.7, 17.1, 19.3, 19.7], C-C-Sep=0.08, ║∇J║=6.0e-04
Iteration 709/2000-----
currents: [100000.0, 99999.99999361823, 99999.9999917505, 99999.999991774, 99999.99999184886]
J=1.2e-04, ⟨Jf⟩=1.1e-04, ⟨B·n⟩=3.1e-03, Len=sum([2.4, 2.4, 2.4, 2.5, 2.6])=12.3, ϰ=[7.8, 8.0, 8.7, 10.5, 10.6], ∫ϰ²/L>=[15.5, 14.6, 17.1, 19.4, 19.7], C-C-Sep=0.08, ║∇J║=5.6e-04
Iteration 710/2000-----
currents: [100000.0, 99999.99999360772, 99999.99999173576, 99999.99999175943, 99999.99999183425]
J=1.2e-04, ⟨Jf⟩=1.1e-04, ⟨B·n⟩=3.1e-03, Len=sum([2.4, 2.4, 2.4, 2.5, 2.6])=12.3, ϰ=[7.8, 8.0, 8.7, 10.5, 10.6], ∫ϰ²/L>=[15.4, 14.7, 17.1, 19.4, 19.7], C-C-Sep=0.08, ║∇J║=4.3e-04
Iteration 711/2000-----
currents: [100000.0, 99999.99999359304, 99999.99999171517, 99999.99999173911, 99999.99999181394]
J=1.2e-04, ⟨Jf⟩=1.1e-04, ⟨B·n⟩=3.1e-03, Len=sum([2.4, 2.4, 2.4, 2.5, 2.6])=12.3, ϰ=[7.8, 8.0, 8.7, 10.5, 10.6], ∫ϰ²/L>=[15.4, 14.7, 17.1, 19.4, 19.7], C-C-Sep=0.08, ║∇J║=4.4e-04
Iteration 712/2000-----
currents: [100000.0, 99999.99999357574, 99999.99999169084, 99999.99999171511, 99999.99999178993]
J=1.2e-04, ⟨Jf⟩=1.1e-04, ⟨B·n⟩=3.1e-03, Len=sum([2.4, 2.4, 2.4, 2.5, 2.6])=12.3, ϰ=[7.8, 8.0, 8.7, 10.5, 10.6], ∫ϰ²/L>=[15.5, 14.7, 17.1, 19.4, 19.6], C-C-Sep=0.08, ║∇J║=4.3e-04
Iteration 713/2000-----
currents: [100000.0, 99999.99999354758, 99999.9999916513, 99999.99999167619, 99999.99999175085]
J=1.2e-04, ⟨Jf⟩=1.1e-04, ⟨B·n⟩=3.1e-03, Len=sum([2.4, 2.4, 2.4, 2.5, 2.6])=12.3, ϰ=[7.8, 8.0, 8.7, 10.5, 10.6], ∫ϰ²/L>=[15.5, 14.6, 17.1, 19.4, 19.6], C-C-Sep=0.08, ║∇J║=5.2e-04
Iteration 714/2000-----
currents: [100000.0, 99999.99999352291, 99999.99999161663, 99999.9999916421, 99999.99999171661]
J=1.2e-04, ⟨Jf⟩=1.1e-04, ⟨B·n⟩=3.1e-03, Len=sum([2.4, 2.4, 2.4, 2.5, 2.6])=12.3, ϰ=[7.8, 8.0, 8.7, 10.5, 10.6], ∫ϰ²/L>=[15.5, 14.6, 17.1, 19.5, 19.6], C-C-Sep=0.08, ║∇J║=5.3e-04
Iteration 715/2000-----
currents: [100000.0, 99999.99999352958, 99999.99999162606, 99999.99999165139, 99999.99999172596]
J=1.2e-04, ⟨Jf⟩=1.1e-04, ⟨B·n⟩=3.1e-03, Len=sum([2.4, 2.4, 2.4, 2.5, 2.6])=12.3, ϰ=[7.8, 8.0, 8.7, 10.5, 10.6], ∫ϰ²/L>=[15.5, 14.6, 17.1, 19.4, 19.6], C-C-Sep=0.08, ║∇J║=4.1e-04
Iteration 716/2000-----
currents: [100000.0, 99999.99999349091, 99999.99999157173, 99999.99999159783, 99999.99999167197]
J=1.2e-04, ⟨Jf⟩=1.1e-04, ⟨B·n⟩=3.1e-03, Len=sum([2.4, 2.4, 2.4, 2.5, 2.6])=12.3, ϰ=[7.8, 8.0, 8.6, 10.5, 10.6], ∫ϰ²/L>=[15.5, 14.6, 17.1, 19.4, 19.6], C-C-Sep=0.08, ║∇J║=5.8e-04
Iteration 717/2000-----
currents: [100000.0, 99999.99999350068, 99999.99999158552, 99999.99999161136, 99999.99999168559]
J=1.2e-04, ⟨Jf⟩=1.1e-04, ⟨B·n⟩=3.1e-03, Len=sum([2.4, 2.4, 2.4, 2.5, 2.6])=12.3, ϰ=[7.8, 8.1, 8.6, 10.5, 10.6], ∫ϰ²/L>=[15.5, 14.6, 17.1, 19.4, 19.6], C-C-Sep=0.08, ║∇J║=5.3e-04
Iteration 718/2000-----
currents: [100000.0, 99999.99999348873, 99999.99999156872, 99999.99999159481, 99999.99999166904]
J=1.2e-04, ⟨Jf⟩=1.1e-04, ⟨B·n⟩=3.1e-03, Len=sum([2.4, 2.4, 2.4, 2.5, 2.6])=12.3, ϰ=[7.8, 8.1, 8.6, 10.5, 10.6], ∫ϰ²/L>=[15.5, 14.6, 17.1, 19.4, 19.6], C-C-Sep=0.08, ║∇J║=4.1e-04
Iteration 719/2000-----
currents: [100000.0, 99999.9999934476, 99999.99999151086, 99999.9999915378, 99999.99999161177]
J=1.2e-04, ⟨Jf⟩=1.1e-04, ⟨B·n⟩=3.1e-03, Len=sum([2.4, 2.4, 2.4, 2.5, 2.6])=12.3, ϰ=[7.8, 8.1, 8.7, 10.4, 10.6], ∫ϰ²/L>=[15.5, 14.6, 17.1, 19.4, 19.6], C-C-Sep=0.08, ║∇J║=5.0e-04
Iteration 720/2000-----
currents: [100000.0, 99999.99999341878, 99999.99999147031, 99999.99999149794, 99999.99999157185]
J=1.2e-04, ⟨Jf⟩=1.1e-04, ⟨B·n⟩=3.1e-03, Len=sum([2.4, 2.4, 2.4, 2.5, 2.6])=12.3, ϰ=[7.7, 8.0, 8.7, 10.4, 10.6], ∫ϰ²/L>=[15.5, 14.6, 17.1, 19.4, 19.6], C-C-Sep=0.08, ║∇J║=5.4e-04
Iteration 721/2000-----
currents: [100000.0, 99999.99999340356, 99999.9999914489, 99999.99999147694, 99999.99999155082]
J=1.2e-04, ⟨Jf⟩=1.1e-04, ⟨B·n⟩=3.1e-03, Len=sum([2.4, 2.4, 2.4, 2.5, 2.6])=12.3, ϰ=[7.7, 8.0, 8.7, 10.4, 10.6], ∫ϰ²/L>=[15.5, 14.6, 17.1, 19.4, 19.6], C-C-Sep=0.08, ║∇J║=4.4e-04
Iteration 722/2000-----
currents: [100000.0, 99999.99999341568, 99999.99999146601, 99999.99999149385, 99999.99999156788]
J=1.2e-04, ⟨Jf⟩=1.1e-04, ⟨B·n⟩=3.1e-03, Len=sum([2.4, 2.4, 2.4, 2.5, 2.6])=12.3, ϰ=[7.7, 8.0, 8.7, 10.5, 10.6], ∫ϰ²/L>=[15.5, 14.6, 17.1, 19.4, 19.6], C-C-Sep=0.08, ║∇J║=4.2e-04
Iteration 723/2000-----
currents: [100000.0, 99999.99999337613, 99999.99999141044, 99999.99999143915, 99999.99999151293]
J=1.2e-04, ⟨Jf⟩=1.1e-04, ⟨B·n⟩=3.1e-03, Len=sum([2.4, 2.4, 2.4, 2.5, 2.6])=12.3, ϰ=[7.7, 8.0, 8.6, 10.5, 10.6], ∫ϰ²/L>=[15.5, 14.6, 17.1, 19.4, 19.6], C-C-Sep=0.08, ║∇J║=6.1e-04
Iteration 724/2000-----
currents: [100000.0, 99999.99999337697, 99999.99999141163, 99999.99999144048, 99999.99999151439]
J=1.2e-04, ⟨Jf⟩=1.1e-04, ⟨B·n⟩=3.1e-03, Len=sum([2.4, 2.4, 2.4, 2.5, 2.6])=12.3, ϰ=[7.7, 7.9, 8.6, 10.5, 10.6], ∫ϰ²/L>=[15.5, 14.6, 17.1, 19.4, 19.6], C-C-Sep=0.08, ║∇J║=4.3e-04
Iteration 725/2000-----
currents: [100000.0, 99999.99999337069, 99999.99999140289, 99999.99999143186, 99999.99999150581]
J=1.2e-04, ⟨Jf⟩=1.1e-04, ⟨B·n⟩=3.1e-03, Len=sum([2.4, 2.4, 2.4, 2.5, 2.6])=12.3, ϰ=[7.7, 7.9, 8.6, 10.5, 10.6], ∫ϰ²/L>=[15.4, 14.6, 17.1, 19.4, 19.6], C-C-Sep=0.08, ║∇J║=4.6e-04
Iteration 726/2000-----
currents: [100000.0, 99999.99999336133, 99999.99999138998, 99999.99999141919, 99999.99999149324]
J=1.2e-04, ⟨Jf⟩=1.1e-04, ⟨B·n⟩=3.1e-03, Len=sum([2.4, 2.4, 2.4, 2.5, 2.6])=12.3, ϰ=[7.7, 8.0, 8.6, 10.6, 10.6], ∫ϰ²/L>=[15.4, 14.6, 17.1, 19.4, 19.6], C-C-Sep=0.08, ║∇J║=4.0e-04
Iteration 727/2000-----
currents: [100000.0, 99999.99999334036, 99999.99999136059, 99999.99999139037, 99999.99999146441]
J=1.2e-04, ⟨Jf⟩=1.1e-04, ⟨B·n⟩=3.1e-03, Len=sum([2.4, 2.4, 2.4, 2.5, 2.6])=12.3, ϰ=[7.7, 8.0, 8.5, 10.6, 10.6], ∫ϰ²/L>=[15.4, 14.6, 17.1, 19.4, 19.6], C-C-Sep=0.08, ║∇J║=4.1e-04
Iteration 728/2000-----
currents: [100000.0, 99999.99999328138, 99999.99999127792, 99999.99999130919, 99999.99999138301]
J=1.2e-04, ⟨Jf⟩=1.1e-04, ⟨B·n⟩=3.1e-03, Len=sum([2.4, 2.4, 2.4, 2.5, 2.6])=12.3, ϰ=[7.6, 8.0, 8.5, 10.6, 10.5], ∫ϰ²/L>=[15.3, 14.5, 17.1, 19.5, 19.5], C-C-Sep=0.08, ║∇J║=4.5e-04
Iteration 729/2000-----
currents: [100000.0, 99999.99999321443, 99999.99999118401, 99999.99999121696, 99999.99999129056]
J=1.2e-04, ⟨Jf⟩=1.1e-04, ⟨B·n⟩=3.1e-03, Len=sum([2.4, 2.4, 2.4, 2.5, 2.6])=12.3, ϰ=[7.6, 8.0, 8.4, 10.6, 10.5], ∫ϰ²/L>=[15.3, 14.5, 17.2, 19.5, 19.5], C-C-Sep=0.08, ║∇J║=6.4e-04
Iteration 730/2000-----
currents: [100000.0, 99999.99999323682, 99999.99999121542, 99999.99999124788, 99999.99999132153]
J=1.2e-04, ⟨Jf⟩=1.1e-04, ⟨B·n⟩=3.1e-03, Len=sum([2.4, 2.4, 2.4, 2.5, 2.6])=12.3, ϰ=[7.6, 8.0, 8.5, 10.6, 10.5], ∫ϰ²/L>=[15.3, 14.5, 17.1, 19.5, 19.5], C-C-Sep=0.08, ║∇J║=5.2e-04
Iteration 731/2000-----
currents: [100000.0, 99999.99999324448, 99999.9999912261, 99999.99999125839, 99999.9999913319]
J=1.2e-04, ⟨Jf⟩=1.1e-04, ⟨B·n⟩=3.1e-03, Len=sum([2.4, 2.4, 2.4, 2.5, 2.6])=12.3, ϰ=[7.7, 8.0, 8.5, 10.6, 10.5], ∫ϰ²/L>=[15.3, 14.5, 17.1, 19.5, 19.5], C-C-Sep=0.08, ║∇J║=5.4e-04
Iteration 732/2000-----
currents: [100000.0, 99999.99999322803, 99999.99999120312, 99999.99999123576, 99999.99999130915]
J=1.2e-04, ⟨Jf⟩=1.1e-04, ⟨B·n⟩=3.1e-03, Len=sum([2.4, 2.4, 2.4, 2.5, 2.6])=12.3, ϰ=[7.7, 8.0, 8.5, 10.6, 10.5], ∫ϰ²/L>=[15.3, 14.5, 17.1, 19.5, 19.5], C-C-Sep=0.08, ║∇J║=4.5e-04
Iteration 733/2000-----
currents: [100000.0, 99999.99999317912, 99999.99999113451, 99999.99999116827, 99999.99999124132]
J=1.2e-04, ⟨Jf⟩=1.1e-04, ⟨B·n⟩=3.1e-03, Len=sum([2.4, 2.4, 2.4, 2.5, 2.6])=12.3, ϰ=[7.7, 7.9, 8.5, 10.6, 10.5], ∫ϰ²/L>=[15.3, 14.5, 17.1, 19.5, 19.5], C-C-Sep=0.08, ║∇J║=4.7e-04
Iteration 734/2000-----
currents: [100000.0, 99999.99999313995, 99999.99999107965, 99999.99999111438, 99999.99999118714]
J=1.2e-04, ⟨Jf⟩=1.1e-04, ⟨B·n⟩=3.1e-03, Len=sum([2.4, 2.4, 2.4, 2.5, 2.6])=12.3, ϰ=[7.7, 7.9, 8.5, 10.7, 10.4], ∫ϰ²/L>=[15.3, 14.4, 17.2, 19.5, 19.5], C-C-Sep=0.08, ║∇J║=5.1e-04
Iteration 735/2000-----
currents: [100000.0, 99999.99999312249, 99999.99999105524, 99999.99999109042, 99999.99999116309]
J=1.2e-04, ⟨Jf⟩=1.1e-04, ⟨B·n⟩=3.1e-03, Len=sum([2.4, 2.4, 2.4, 2.5, 2.6])=12.3, ϰ=[7.7, 7.8, 8.5, 10.7, 10.4], ∫ϰ²/L>=[15.3, 14.4, 17.2, 19.5, 19.5], C-C-Sep=0.08, ║∇J║=5.4e-04
Iteration 736/2000-----
currents: [100000.0, 99999.9999931114, 99999.9999910397, 99999.99999107521, 99999.99999114791]
J=1.2e-04, ⟨Jf⟩=1.1e-04, ⟨B·n⟩=3.1e-03, Len=sum([2.4, 2.4, 2.4, 2.5, 2.6])=12.3, ϰ=[7.7, 7.8, 8.5, 10.6, 10.4], ∫ϰ²/L>=[15.3, 14.4, 17.2, 19.5, 19.5], C-C-Sep=0.08, ║∇J║=5.8e-04
Iteration 737/2000-----
currents: [100000.0, 99999.99999312659, 99999.99999106099, 99999.99999109615, 99999.99999116888]
J=1.2e-04, ⟨Jf⟩=1.1e-04, ⟨B·n⟩=3.1e-03, Len=sum([2.4, 2.4, 2.4, 2.5, 2.6])=12.3, ϰ=[7.8, 7.9, 8.5, 10.6, 10.4], ∫ϰ²/L>=[15.3, 14.4, 17.2, 19.5, 19.5], C-C-Sep=0.08, ║∇J║=4.7e-04
Iteration 738/2000-----
currents: [100000.0, 99999.99999311291, 99999.99999104181, 99999.99999107736, 99999.9999911501]
J=1.2e-04, ⟨Jf⟩=1.1e-04, ⟨B·n⟩=3.1e-03, Len=sum([2.4, 2.4, 2.4, 2.5, 2.6])=12.3, ϰ=[7.8, 7.9, 8.5, 10.6, 10.4], ∫ϰ²/L>=[15.3, 14.4, 17.2, 19.5, 19.5], C-C-Sep=0.08, ║∇J║=4.2e-04
Iteration 739/2000-----
currents: [100000.0, 99999.99999310863, 99999.9999910359, 99999.99999107166, 99999.99999114448]
J=1.2e-04, ⟨Jf⟩=1.1e-04, ⟨B·n⟩=3.1e-03, Len=sum([2.4, 2.4, 2.4, 2.5, 2.6])=12.3, ϰ=[7.8, 7.9, 8.6, 10.5, 10.4], ∫ϰ²/L>=[15.3, 14.4, 17.2, 19.5, 19.4], C-C-Sep=0.08, ║∇J║=3.9e-04
Iteration 740/2000-----
currents: [100000.0, 99999.99999308458, 99999.99999100233, 99999.99999103873, 99999.99999111162]
J=1.2e-04, ⟨Jf⟩=1.1e-04, ⟨B·n⟩=3.1e-03, Len=sum([2.4, 2.4, 2.4, 2.5, 2.6])=12.3, ϰ=[7.8, 7.9, 8.6, 10.5, 10.4], ∫ϰ²/L>=[15.3, 14.4, 17.2, 19.5, 19.4], C-C-Sep=0.08, ║∇J║=4.6e-04
Iteration 741/2000-----
currents: [100000.0, 99999.99999306267, 99999.99999097173, 99999.99999100887, 99999.9999910819]
J=1.2e-04, ⟨Jf⟩=1.1e-04, ⟨B·n⟩=3.1e-03, Len=sum([2.4, 2.4, 2.4, 2.5, 2.6])=12.3, ϰ=[7.8, 7.9, 8.6, 10.5, 10.4], ∫ϰ²/L>=[15.3, 14.4, 17.2, 19.5, 19.4], C-C-Sep=0.08, ║∇J║=5.1e-04
Iteration 742/2000-----
currents: [100000.0, 99999.99999301563, 99999.99999090596, 99999.99999094443, 99999.99999101736]
J=1.2e-04, ⟨Jf⟩=1.1e-04, ⟨B·n⟩=3.1e-03, Len=sum([2.4, 2.4, 2.4, 2.5, 2.6])=12.3, ϰ=[7.8, 7.9, 8.5, 10.5, 10.4], ∫ϰ²/L>=[15.3, 14.4, 17.2, 19.5, 19.4], C-C-Sep=0.08, ║∇J║=5.2e-04
Iteration 743/2000-----
currents: [100000.0, 99999.99999298571, 99999.99999086412, 99999.99999090345, 99999.99999097636]
J=1.2e-04, ⟨Jf⟩=1.1e-04, ⟨B·n⟩=3.1e-03, Len=sum([2.4, 2.4, 2.4, 2.5, 2.6])=12.3, ϰ=[7.8, 7.9, 8.5, 10.4, 10.4], ∫ϰ²/L>=[15.3, 14.4, 17.2, 19.5, 19.5], C-C-Sep=0.08, ║∇J║=4.9e-04
Iteration 744/2000-----
currents: [100000.0, 99999.99999297378, 99999.9999908474, 99999.9999908871, 99999.99999095996]
J=1.2e-04, ⟨Jf⟩=1.1e-04, ⟨B·n⟩=3.1e-03, Len=sum([2.4, 2.4, 2.4, 2.5, 2.6])=12.3, ϰ=[7.8, 7.9, 8.5, 10.4, 10.4], ∫ϰ²/L>=[15.3, 14.4, 17.2, 19.5, 19.5], C-C-Sep=0.08, ║∇J║=4.5e-04
Iteration 745/2000-----
currents: [100000.0, 99999.99999296456, 99999.99999083436, 99999.99999087429, 99999.99999094702]
J=1.2e-04, ⟨Jf⟩=1.1e-04, ⟨B·n⟩=3.1e-03, Len=sum([2.4, 2.4, 2.4, 2.5, 2.6])=12.3, ϰ=[7.8, 7.8, 8.5, 10.4, 10.4], ∫ϰ²/L>=[15.3, 14.4, 17.3, 19.5, 19.5], C-C-Sep=0.08, ║∇J║=4.1e-04
Iteration 746/2000-----
currents: [100000.0, 99999.999992945, 99999.99999080687, 99999.99999084733, 99999.9999909199]
J=1.2e-04, ⟨Jf⟩=1.1e-04, ⟨B·n⟩=3.1e-03, Len=sum([2.4, 2.4, 2.4, 2.5, 2.6])=12.3, ϰ=[7.9, 7.8, 8.5, 10.4, 10.4], ∫ϰ²/L>=[15.3, 14.4, 17.3, 19.5, 19.5], C-C-Sep=0.08, ║∇J║=4.0e-04
Iteration 747/2000-----
currents: [100000.0, 99999.99999294085, 99999.99999080098, 99999.99999084156, 99999.99999091393]
J=1.2e-04, ⟨Jf⟩=1.1e-04, ⟨B·n⟩=3.1e-03, Len=sum([2.4, 2.4, 2.4, 2.5, 2.6])=12.3, ϰ=[7.9, 7.8, 8.5, 10.3, 10.4], ∫ϰ²/L>=[15.3, 14.4, 17.3, 19.4, 19.5], C-C-Sep=0.08, ║∇J║=5.1e-04
Iteration 748/2000-----
currents: [100000.0, 99999.99999290665, 99999.99999075288, 99999.99999079439, 99999.99999086646]
J=1.2e-04, ⟨Jf⟩=1.1e-04, ⟨B·n⟩=3.1e-03, Len=sum([2.4, 2.4, 2.4, 2.5, 2.6])=12.3, ϰ=[7.9, 7.8, 8.5, 10.3, 10.4], ∫ϰ²/L>=[15.4, 14.4, 17.3, 19.4, 19.5], C-C-Sep=0.08, ║∇J║=5.5e-04
Iteration 749/2000-----
currents: [100000.0, 99999.99999290427, 99999.99999074955, 99999.9999907912, 99999.99999086339]
J=1.2e-04, ⟨Jf⟩=1.1e-04, ⟨B·n⟩=3.1e-03, Len=sum([2.4, 2.4, 2.4, 2.5, 2.6])=12.3, ϰ=[7.9, 7.9, 8.6, 10.3, 10.4], ∫ϰ²/L>=[15.3, 14.3, 17.3, 19.4, 19.5], C-C-Sep=0.08, ║∇J║=5.6e-04
Iteration 750/2000-----
currents: [100000.0, 99999.99999287064, 99999.99999070256, 99999.99999074516, 99999.99999081725]
J=1.2e-04, ⟨Jf⟩=1.1e-04, ⟨B·n⟩=3.1e-03, Len=sum([2.4, 2.4, 2.4, 2.5, 2.6])=12.3, ϰ=[7.9, 7.9, 8.5, 10.3, 10.4], ∫ϰ²/L>=[15.3, 14.3, 17.3, 19.4, 19.5], C-C-Sep=0.08, ║∇J║=5.8e-04
Iteration 751/2000-----
currents: [100000.0, 99999.99999288027, 99999.99999071613, 99999.99999075856, 99999.99999083068]
J=1.2e-04, ⟨Jf⟩=1.1e-04, ⟨B·n⟩=3.1e-03, Len=sum([2.4, 2.4, 2.4, 2.5, 2.6])=12.3, ϰ=[7.9, 7.9, 8.5, 10.3, 10.4], ∫ϰ²/L>=[15.3, 14.3, 17.3, 19.4, 19.5], C-C-Sep=0.08, ║∇J║=6.2e-04
Iteration 752/2000-----
currents: [100000.0, 99999.99999285885, 99999.99999068615, 99999.99999072922, 99999.9999908012]
J=1.2e-04, ⟨Jf⟩=1.1e-04, ⟨B·n⟩=3.1e-03, Len=sum([2.4, 2.4, 2.4, 2.5, 2.6])=12.3, ϰ=[8.0, 7.9, 8.5, 10.3, 10.4], ∫ϰ²/L>=[15.3, 14.3, 17.3, 19.4, 19.4], C-C-Sep=0.08, ║∇J║=5.3e-04
Iteration 753/2000-----
currents: [100000.0, 99999.9999928488, 99999.9999906722, 99999.99999071547, 99999.99999078737]
J=1.2e-04, ⟨Jf⟩=1.1e-04, ⟨B·n⟩=3.1e-03, Len=sum([2.4, 2.4, 2.4, 2.5, 2.6])=12.3, ϰ=[8.0, 7.9, 8.6, 10.3, 10.3], ∫ϰ²/L>=[15.3, 14.3, 17.3, 19.4, 19.4], C-C-Sep=0.08, ║∇J║=4.8e-04
Iteration 754/2000-----
currents: [100000.0, 99999.99999283651, 99999.99999065504, 99999.99999069863, 99999.99999077042]
J=1.2e-04, ⟨Jf⟩=1.1e-04, ⟨B·n⟩=3.1e-03, Len=sum([2.4, 2.4, 2.4, 2.5, 2.6])=12.3, ϰ=[8.0, 7.9, 8.6, 10.3, 10.3], ∫ϰ²/L>=[15.4, 14.3, 17.3, 19.4, 19.5], C-C-Sep=0.08, ║∇J║=4.2e-04
Iteration 755/2000-----
currents: [100000.0, 99999.99999281613, 99999.99999062647, 99999.99999067058, 99999.99999074226]
J=1.2e-04, ⟨Jf⟩=1.1e-04, ⟨B·n⟩=3.1e-03, Len=sum([2.4, 2.4, 2.4, 2.5, 2.6])=12.3, ϰ=[8.1, 7.9, 8.6, 10.3, 10.3], ∫ϰ²/L>=[15.4, 14.3, 17.3, 19.4, 19.5], C-C-Sep=0.08, ║∇J║=4.2e-04
Iteration 756/2000-----
currents: [100000.0, 99999.99999280069, 99999.99999060488, 99999.9999906493, 99999.99999072083]
J=1.2e-04, ⟨Jf⟩=1.1e-04, ⟨B·n⟩=3.1e-03, Len=sum([2.4, 2.4, 2.4, 2.5, 2.6])=12.3, ϰ=[8.1, 7.9, 8.6, 10.3, 10.3], ∫ϰ²/L>=[15.4, 14.4, 17.3, 19.4, 19.5], C-C-Sep=0.08, ║∇J║=5.1e-04
Iteration 757/2000-----
currents: [100000.0, 99999.9999927944, 99999.99999059606, 99999.99999064066, 99999.99999071207]
J=1.2e-04, ⟨Jf⟩=1.1e-04, ⟨B·n⟩=3.1e-03, Len=sum([2.4, 2.4, 2.4, 2.5, 2.6])=12.3, ϰ=[8.1, 7.9, 8.6, 10.3, 10.3], ∫ϰ²/L>=[15.4, 14.3, 17.3, 19.3, 19.5], C-C-Sep=0.08, ║∇J║=3.9e-04
Iteration 758/2000-----
currents: [100000.0, 99999.99999277793, 99999.99999057296, 99999.99999061799, 99999.99999068925]
J=1.2e-04, ⟨Jf⟩=1.1e-04, ⟨B·n⟩=3.1e-03, Len=sum([2.4, 2.4, 2.4, 2.5, 2.6])=12.3, ϰ=[8.2, 7.9, 8.6, 10.3, 10.3], ∫ϰ²/L>=[15.3, 14.3, 17.3, 19.3, 19.5], C-C-Sep=0.08, ║∇J║=5.0e-04
Iteration 759/2000-----
currents: [100000.0, 99999.9999927495, 99999.99999053312, 99999.99999057893, 99999.99999064994]
J=1.2e-04, ⟨Jf⟩=1.1e-04, ⟨B·n⟩=3.1e-03, Len=sum([2.4, 2.4, 2.4, 2.5, 2.6])=12.3, ϰ=[8.2, 7.9, 8.6, 10.3, 10.3], ∫ϰ²/L>=[15.4, 14.3, 17.3, 19.3, 19.5], C-C-Sep=0.08, ║∇J║=5.6e-04
Iteration 760/2000-----
currents: [100000.0, 99999.9999926964, 99999.9999904588, 99999.99999050608, 99999.99999057688]
J=1.2e-04, ⟨Jf⟩=1.1e-04, ⟨B·n⟩=3.1e-03, Len=sum([2.4, 2.4, 2.4, 2.5, 2.6])=12.3, ϰ=[8.3, 7.9, 8.6, 10.3, 10.2], ∫ϰ²/L>=[15.4, 14.3, 17.3, 19.3, 19.5], C-C-Sep=0.08, ║∇J║=6.1e-04
Iteration 761/2000-----
currents: [100000.0, 99999.99999264783, 99999.99999039077, 99999.99999043944, 99999.99999050998]
J=1.2e-04, ⟨Jf⟩=1.1e-04, ⟨B·n⟩=3.1e-03, Len=sum([2.4, 2.4, 2.4, 2.5, 2.6])=12.3, ϰ=[8.4, 8.0, 8.6, 10.3, 10.2], ∫ϰ²/L>=[15.4, 14.3, 17.3, 19.3, 19.5], C-C-Sep=0.08, ║∇J║=5.6e-04
Iteration 762/2000-----
currents: [100000.0, 99999.99999263961, 99999.99999037929, 99999.99999042833, 99999.999990499]
J=1.2e-04, ⟨Jf⟩=1.1e-04, ⟨B·n⟩=3.1e-03, Len=sum([2.4, 2.4, 2.4, 2.5, 2.6])=12.3, ϰ=[8.4, 8.0, 8.6, 10.3, 10.1], ∫ϰ²/L>=[15.3, 14.3, 17.3, 19.3, 19.5], C-C-Sep=0.08, ║∇J║=6.2e-04
Iteration 763/2000-----
currents: [100000.0, 99999.99999260658, 99999.999990333, 99999.999990383, 99999.99999045358]
J=1.2e-04, ⟨Jf⟩=1.1e-04, ⟨B·n⟩=3.1e-03, Len=sum([2.4, 2.4, 2.4, 2.5, 2.6])=12.3, ϰ=[8.5, 8.1, 8.6, 10.3, 10.1], ∫ϰ²/L>=[15.4, 14.3, 17.3, 19.3, 19.5], C-C-Sep=0.08, ║∇J║=5.8e-04
Iteration 764/2000-----
currents: [100000.0, 99999.99999262686, 99999.99999036141, 99999.99999041091, 99999.99999048152]
J=1.2e-04, ⟨Jf⟩=1.1e-04, ⟨B·n⟩=3.1e-03, Len=sum([2.4, 2.4, 2.4, 2.5, 2.6])=12.3, ϰ=[8.4, 8.1, 8.6, 10.3, 10.1], ∫ϰ²/L>=[15.3, 14.3, 17.3, 19.3, 19.5], C-C-Sep=0.08, ║∇J║=6.9e-04
Iteration 765/2000-----
currents: [100000.0, 99999.99999259824, 99999.99999032124, 99999.99999037152, 99999.99999044192]
J=1.2e-04, ⟨Jf⟩=1.1e-04, ⟨B·n⟩=3.1e-03, Len=sum([2.4, 2.4, 2.4, 2.5, 2.6])=12.3, ϰ=[8.5, 8.1, 8.6, 10.3, 10.1], ∫ϰ²/L>=[15.3, 14.3, 17.3, 19.3, 19.5], C-C-Sep=0.08, ║∇J║=5.5e-04
Iteration 766/2000-----
currents: [100000.0, 99999.99999258517, 99999.99999030265, 99999.99999035329, 99999.99999042366]
J=1.2e-04, ⟨Jf⟩=1.1e-04, ⟨B·n⟩=3.1e-03, Len=sum([2.4, 2.4, 2.4, 2.5, 2.6])=12.3, ϰ=[8.4, 8.1, 8.5, 10.3, 10.1], ∫ϰ²/L>=[15.3, 14.3, 17.3, 19.3, 19.5], C-C-Sep=0.08, ║∇J║=5.6e-04
Iteration 767/2000-----
currents: [100000.0, 99999.9999925684, 99999.99999027916, 99999.9999903303, 99999.99999040047]
J=1.2e-04, ⟨Jf⟩=1.1e-04, ⟨B·n⟩=3.1e-03, Len=sum([2.4, 2.4, 2.4, 2.5, 2.6])=12.3, ϰ=[8.5, 8.1, 8.5, 10.3, 10.0], ∫ϰ²/L>=[15.3, 14.3, 17.3, 19.3, 19.5], C-C-Sep=0.08, ║∇J║=4.9e-04
Iteration 768/2000-----
currents: [100000.0, 99999.99999254565, 99999.99999024726, 99999.9999902991, 99999.99999036909]
J=1.2e-04, ⟨Jf⟩=1.1e-04, ⟨B·n⟩=3.1e-03, Len=sum([2.4, 2.4, 2.4, 2.5, 2.6])=12.3, ϰ=[8.5, 8.1, 8.5, 10.3, 10.0], ∫ϰ²/L>=[15.2, 14.3, 17.2, 19.3, 19.5], C-C-Sep=0.08, ║∇J║=5.2e-04
Iteration 769/2000-----
currents: [100000.0, 99999.99999252227, 99999.9999902145, 99999.99999026707, 99999.99999033693]
J=1.2e-04, ⟨Jf⟩=1.1e-04, ⟨B·n⟩=3.1e-03, Len=sum([2.4, 2.4, 2.4, 2.5, 2.6])=12.3, ϰ=[8.4, 8.1, 8.5, 10.3, 10.0], ∫ϰ²/L>=[15.2, 14.4, 17.2, 19.3, 19.5], C-C-Sep=0.08, ║∇J║=4.6e-04
Iteration 770/2000-----
currents: [100000.0, 99999.99999249587, 99999.99999017757, 99999.99999023086, 99999.99999030055]
J=1.2e-04, ⟨Jf⟩=1.1e-04, ⟨B·n⟩=3.1e-03, Len=sum([2.4, 2.4, 2.4, 2.5, 2.6])=12.3, ϰ=[8.4, 8.1, 8.6, 10.2, 10.0], ∫ϰ²/L>=[15.2, 14.4, 17.3, 19.3, 19.5], C-C-Sep=0.08, ║∇J║=4.8e-04
Iteration 771/2000-----
currents: [100000.0, 99999.99999245182, 99999.99999011593, 99999.99999017044, 99999.9999902399]
J=1.2e-04, ⟨Jf⟩=1.1e-04, ⟨B·n⟩=3.1e-03, Len=sum([2.4, 2.4, 2.4, 2.5, 2.6])=12.3, ϰ=[8.5, 8.1, 8.6, 10.2, 10.0], ∫ϰ²/L>=[15.2, 14.4, 17.3, 19.3, 19.5], C-C-Sep=0.08, ║∇J║=5.8e-04
Iteration 772/2000-----
currents: [100000.0, 99999.99999244262, 99999.99999010314, 99999.99999015784, 99999.99999022727]
J=1.2e-04, ⟨Jf⟩=1.1e-04, ⟨B·n⟩=3.1e-03, Len=sum([2.4, 2.4, 2.4, 2.5, 2.6])=12.3, ϰ=[8.4, 8.1, 8.6, 10.3, 10.0], ∫ϰ²/L>=[15.2, 14.3, 17.3, 19.3, 19.5], C-C-Sep=0.08, ║∇J║=5.1e-04
Iteration 773/2000-----
currents: [100000.0, 99999.99999242094, 99999.99999007286, 99999.99999012816, 99999.99999019751]
J=1.2e-04, ⟨Jf⟩=1.1e-04, ⟨B·n⟩=3.1e-03, Len=sum([2.4, 2.4, 2.4, 2.5, 2.6])=12.3, ϰ=[8.4, 8.1, 8.7, 10.3, 10.0], ∫ϰ²/L>=[15.2, 14.3, 17.3, 19.3, 19.5], C-C-Sep=0.08, ║∇J║=5.3e-04
Iteration 774/2000-----
currents: [100000.0, 99999.99999240121, 99999.99999004531, 99999.99999010103, 99999.9999901704]
J=1.2e-04, ⟨Jf⟩=1.1e-04, ⟨B·n⟩=3.1e-03, Len=sum([2.4, 2.4, 2.4, 2.5, 2.6])=12.3, ϰ=[8.4, 8.0, 8.8, 10.4, 10.0], ∫ϰ²/L>=[15.2, 14.3, 17.2, 19.2, 19.5], C-C-Sep=0.08, ║∇J║=5.4e-04
Iteration 775/2000-----
currents: [100000.0, 99999.99999234288, 99999.99998996378, 99999.99999002118, 99999.99999009033]
J=1.2e-04, ⟨Jf⟩=1.1e-04, ⟨B·n⟩=3.1e-03, Len=sum([2.4, 2.4, 2.4, 2.5, 2.6])=12.3, ϰ=[8.4, 8.0, 8.8, 10.4, 10.0], ∫ϰ²/L>=[15.3, 14.3, 17.3, 19.2, 19.5], C-C-Sep=0.08, ║∇J║=7.0e-04
Iteration 776/2000-----
currents: [100000.0, 99999.99999235115, 99999.99998997536, 99999.99999003256, 99999.99999010173]
J=1.2e-04, ⟨Jf⟩=1.1e-04, ⟨B·n⟩=3.1e-03, Len=sum([2.4, 2.4, 2.4, 2.5, 2.6])=12.3, ϰ=[8.4, 8.0, 8.9, 10.4, 10.0], ∫ϰ²/L>=[15.2, 14.3, 17.2, 19.2, 19.5], C-C-Sep=0.08, ║∇J║=5.7e-04
Iteration 777/2000-----
currents: [100000.0, 99999.99999232909, 99999.99998994434, 99999.99999000221, 99999.99999007139]
J=1.2e-04, ⟨Jf⟩=1.1e-04, ⟨B·n⟩=3.1e-03, Len=sum([2.4, 2.4, 2.4, 2.5, 2.6])=12.3, ϰ=[8.3, 8.0, 8.9, 10.4, 10.0], ∫ϰ²/L>=[15.3, 14.3, 17.3, 19.2, 19.5], C-C-Sep=0.08, ║∇J║=6.2e-04
Iteration 778/2000-----
currents: [100000.0, 99999.99999231806, 99999.99998992898, 99999.9999899872, 99999.9999900563]
J=1.2e-04, ⟨Jf⟩=1.1e-04, ⟨B·n⟩=3.1e-03, Len=sum([2.4, 2.4, 2.4, 2.5, 2.6])=12.3, ϰ=[8.3, 8.0, 8.9, 10.4, 10.0], ∫ϰ²/L>=[15.3, 14.3, 17.2, 19.2, 19.5], C-C-Sep=0.08, ║∇J║=4.5e-04
Iteration 779/2000-----
currents: [100000.0, 99999.99999230354, 99999.99998990877, 99999.99998996749, 99999.99999003655]
J=1.2e-04, ⟨Jf⟩=1.1e-04, ⟨B·n⟩=3.1e-03, Len=sum([2.4, 2.4, 2.4, 2.5, 2.6])=12.3, ϰ=[8.3, 8.1, 8.9, 10.4, 10.0], ∫ϰ²/L>=[15.2, 14.3, 17.2, 19.2, 19.5], C-C-Sep=0.08, ║∇J║=4.6e-04
Iteration 780/2000-----
currents: [100000.0, 99999.99999227202, 99999.99998986468, 99999.99998992433, 99999.99998999311]
J=1.2e-04, ⟨Jf⟩=1.1e-04, ⟨B·n⟩=3.1e-03, Len=sum([2.4, 2.4, 2.4, 2.5, 2.6])=12.3, ϰ=[8.4, 8.1, 8.9, 10.4, 9.9], ∫ϰ²/L>=[15.2, 14.3, 17.2, 19.2, 19.5], C-C-Sep=0.08, ║∇J║=4.4e-04
Iteration 781/2000-----
currents: [100000.0, 99999.99999226446, 99999.99998985411, 99999.99998991407, 99999.99998998283]
J=1.2e-04, ⟨Jf⟩=1.1e-04, ⟨B·n⟩=3.1e-03, Len=sum([2.4, 2.4, 2.4, 2.5, 2.6])=12.3, ϰ=[8.3, 8.2, 8.9, 10.4, 9.9], ∫ϰ²/L>=[15.2, 14.3, 17.2, 19.2, 19.5], C-C-Sep=0.08, ║∇J║=5.2e-04
Iteration 782/2000-----
currents: [100000.0, 99999.99999223431, 99999.99998981191, 99999.99998987274, 99999.99998994132]
J=1.2e-04, ⟨Jf⟩=1.1e-04, ⟨B·n⟩=3.1e-03, Len=sum([2.4, 2.4, 2.4, 2.5, 2.6])=12.3, ϰ=[8.3, 8.2, 9.0, 10.3, 9.9], ∫ϰ²/L>=[15.2, 14.4, 17.2, 19.2, 19.5], C-C-Sep=0.08, ║∇J║=4.7e-04
Iteration 783/2000-----
currents: [100000.0, 99999.99999221749, 99999.99998978837, 99999.99998984968, 99999.99998991811]
J=1.2e-04, ⟨Jf⟩=1.1e-04, ⟨B·n⟩=3.1e-03, Len=sum([2.4, 2.4, 2.4, 2.5, 2.6])=12.3, ϰ=[8.4, 8.2, 9.0, 10.3, 9.9], ∫ϰ²/L>=[15.2, 14.4, 17.3, 19.2, 19.5], C-C-Sep=0.08, ║∇J║=4.7e-04
Iteration 784/2000-----
currents: [100000.0, 99999.99999218402, 99999.9999897415, 99999.99998980376, 99999.99998987197]
J=1.2e-04, ⟨Jf⟩=1.1e-04, ⟨B·n⟩=3.1e-03, Len=sum([2.4, 2.4, 2.4, 2.5, 2.6])=12.3, ϰ=[8.4, 8.2, 9.1, 10.3, 9.9], ∫ϰ²/L>=[15.1, 14.4, 17.3, 19.2, 19.5], C-C-Sep=0.08, ║∇J║=4.8e-04
Iteration 785/2000-----
currents: [100000.0, 99999.99999216085, 99999.99998970919, 99999.99998977219, 99999.99998984019]
J=1.2e-04, ⟨Jf⟩=1.1e-04, ⟨B·n⟩=3.1e-03, Len=sum([2.4, 2.4, 2.4, 2.5, 2.6])=12.3, ϰ=[8.4, 8.2, 9.1, 10.4, 9.9], ∫ϰ²/L>=[15.1, 14.4, 17.3, 19.2, 19.5], C-C-Sep=0.08, ║∇J║=5.5e-04
Iteration 786/2000-----
currents: [100000.0, 99999.99999213767, 99999.9999896767, 99999.99998974036, 99999.99998980813]
J=1.2e-04, ⟨Jf⟩=1.1e-04, ⟨B·n⟩=3.1e-03, Len=sum([2.4, 2.4, 2.4, 2.5, 2.6])=12.3, ϰ=[8.4, 8.2, 9.2, 10.4, 9.9], ∫ϰ²/L>=[15.1, 14.4, 17.3, 19.2, 19.5], C-C-Sep=0.08, ║∇J║=4.9e-04
Iteration 787/2000-----
currents: [100000.0, 99999.99999211873, 99999.99998965008, 99999.99998971437, 99999.99998978202]
J=1.2e-04, ⟨Jf⟩=1.1e-04, ⟨B·n⟩=3.1e-03, Len=sum([2.4, 2.4, 2.4, 2.5, 2.6])=12.3, ϰ=[8.3, 8.2, 9.1, 10.4, 9.9], ∫ϰ²/L>=[15.1, 14.4, 17.3, 19.1, 19.5], C-C-Sep=0.08, ║∇J║=6.1e-04
Iteration 788/2000-----
currents: [100000.0, 99999.99999209412, 99999.99998961558, 99999.9999896807, 99999.99998974823]
J=1.2e-04, ⟨Jf⟩=1.1e-04, ⟨B·n⟩=3.1e-03, Len=sum([2.4, 2.4, 2.4, 2.5, 2.6])=12.3, ϰ=[8.3, 8.2, 9.1, 10.4, 9.9], ∫ϰ²/L>=[15.1, 14.4, 17.3, 19.1, 19.5], C-C-Sep=0.08, ║∇J║=5.6e-04
Iteration 789/2000-----
currents: [100000.0, 99999.99999207501, 99999.99998958873, 99999.99998965448, 99999.99998972194]
J=1.2e-04, ⟨Jf⟩=1.1e-04, ⟨B·n⟩=3.1e-03, Len=sum([2.4, 2.4, 2.4, 2.5, 2.6])=12.3, ϰ=[8.3, 8.2, 9.1, 10.4, 9.9], ∫ϰ²/L>=[15.1, 14.4, 17.3, 19.1, 19.5], C-C-Sep=0.08, ║∇J║=5.0e-04
Iteration 790/2000-----
currents: [100000.0, 99999.9999920235, 99999.99998951648, 99999.99998958386, 99999.9999896511]
J=1.2e-04, ⟨Jf⟩=1.1e-04, ⟨B·n⟩=3.1e-03, Len=sum([2.4, 2.4, 2.4, 2.5, 2.6])=12.3, ϰ=[8.3, 8.2, 9.1, 10.4, 9.9], ∫ϰ²/L>=[15.1, 14.4, 17.3, 19.1, 19.6], C-C-Sep=0.08, ║∇J║=6.1e-04
Iteration 791/2000-----
currents: [100000.0, 99999.9999920272, 99999.9999895216, 99999.99998958883, 99999.99998965603]
J=1.2e-04, ⟨Jf⟩=1.1e-04, ⟨B·n⟩=3.1e-03, Len=sum([2.4, 2.4, 2.4, 2.5, 2.6])=12.3, ϰ=[8.3, 8.1, 9.1, 10.4, 10.0], ∫ϰ²/L>=[15.0, 14.4, 17.3, 19.1, 19.6], C-C-Sep=0.08, ║∇J║=4.8e-04
Iteration 792/2000-----
currents: [100000.0, 99999.99999198034, 99999.99998945606, 99999.99998952461, 99999.99998959158]
J=1.2e-04, ⟨Jf⟩=1.1e-04, ⟨B·n⟩=3.1e-03, Len=sum([2.4, 2.4, 2.4, 2.5, 2.6])=12.3, ϰ=[8.3, 8.2, 9.1, 10.4, 10.0], ∫ϰ²/L>=[15.1, 14.5, 17.3, 19.1, 19.6], C-C-Sep=0.08, ║∇J║=6.8e-04
Iteration 793/2000-----
currents: [100000.0, 99999.99999198913, 99999.99998946852, 99999.9999895369, 99999.99998960401]
J=1.2e-04, ⟨Jf⟩=1.1e-04, ⟨B·n⟩=3.1e-03, Len=sum([2.4, 2.4, 2.4, 2.5, 2.6])=12.3, ϰ=[8.4, 8.2, 9.1, 10.4, 10.0], ∫ϰ²/L>=[15.1, 14.4, 17.2, 19.1, 19.6], C-C-Sep=0.08, ║∇J║=5.2e-04
Iteration 794/2000-----
currents: [100000.0, 99999.99999197615, 99999.99998945043, 99999.99998951926, 99999.99998958637]
J=1.2e-04, ⟨Jf⟩=1.1e-04, ⟨B·n⟩=3.1e-03, Len=sum([2.4, 2.4, 2.4, 2.5, 2.6])=12.3, ϰ=[8.3, 8.2, 9.1, 10.4, 10.0], ∫ϰ²/L>=[15.1, 14.4, 17.2, 19.1, 19.6], C-C-Sep=0.08, ║∇J║=3.9e-04
Iteration 795/2000-----
currents: [100000.0, 99999.99999196528, 99999.99998943532, 99999.99998950449, 99999.99998957156]
J=1.2e-04, ⟨Jf⟩=1.1e-04, ⟨B·n⟩=3.1e-03, Len=sum([2.4, 2.4, 2.4, 2.5, 2.6])=12.3, ϰ=[8.3, 8.2, 9.1, 10.5, 10.1], ∫ϰ²/L>=[15.0, 14.4, 17.2, 19.1, 19.6], C-C-Sep=0.08, ║∇J║=3.9e-04
Iteration 796/2000-----
currents: [100000.0, 99999.99999192129, 99999.99998937405, 99999.99998944468, 99999.99998951172]
J=1.2e-04, ⟨Jf⟩=1.1e-04, ⟨B·n⟩=3.1e-03, Len=sum([2.4, 2.4, 2.4, 2.5, 2.6])=12.3, ϰ=[8.3, 8.2, 9.0, 10.5, 10.1], ∫ϰ²/L>=[15.0, 14.5, 17.2, 19.1, 19.6], C-C-Sep=0.08, ║∇J║=5.3e-04
Iteration 797/2000-----
currents: [100000.0, 99999.9999918987, 99999.99998934251, 99999.99998941382, 99999.99998948064]
J=1.2e-04, ⟨Jf⟩=1.1e-04, ⟨B·n⟩=3.1e-03, Len=sum([2.4, 2.4, 2.4, 2.5, 2.6])=12.3, ϰ=[8.3, 8.2, 9.1, 10.5, 10.1], ∫ϰ²/L>=[15.0, 14.5, 17.2, 19.1, 19.6], C-C-Sep=0.08, ║∇J║=5.5e-04
Iteration 798/2000-----
currents: [100000.0, 99999.9999918728, 99999.99998930634, 99999.99998937841, 99999.99998944507]
J=1.2e-04, ⟨Jf⟩=1.1e-04, ⟨B·n⟩=3.1e-03, Len=sum([2.4, 2.4, 2.4, 2.5, 2.6])=12.3, ϰ=[8.3, 8.2, 9.1, 10.5, 10.1], ∫ϰ²/L>=[15.0, 14.5, 17.2, 19.1, 19.6], C-C-Sep=0.08, ║∇J║=4.9e-04
Iteration 799/2000-----
currents: [100000.0, 99999.99999183064, 99999.99998924733, 99999.99998932077, 99999.99998938707]
J=1.2e-04, ⟨Jf⟩=1.1e-04, ⟨B·n⟩=3.1e-03, Len=sum([2.4, 2.4, 2.4, 2.5, 2.6])=12.3, ϰ=[8.3, 8.2, 9.1, 10.5, 10.1], ∫ϰ²/L>=[15.0, 14.5, 17.2, 19.1, 19.6], C-C-Sep=0.08, ║∇J║=5.2e-04
Iteration 800/2000-----
currents: [100000.0, 99999.99999183277, 99999.99998925024, 99999.99998932349, 99999.99998938983]
J=1.2e-04, ⟨Jf⟩=1.1e-04, ⟨B·n⟩=3.1e-03, Len=sum([2.4, 2.4, 2.4, 2.5, 2.6])=12.3, ϰ=[8.3, 8.2, 9.1, 10.5, 10.1], ∫ϰ²/L>=[15.0, 14.5, 17.2, 19.1, 19.6], C-C-Sep=0.08, ║∇J║=5.3e-04
Iteration 801/2000-----
currents: [100000.0, 99999.99999181171, 99999.99998922071, 99999.99998929462, 99999.99998936079]
J=1.2e-04, ⟨Jf⟩=1.1e-04, ⟨B·n⟩=3.1e-03, Len=sum([2.4, 2.4, 2.4, 2.5, 2.6])=12.3, ϰ=[8.3, 8.2, 9.1, 10.4, 10.1], ∫ϰ²/L>=[15.0, 14.5, 17.2, 19.1, 19.6], C-C-Sep=0.08, ║∇J║=6.0e-04
Iteration 802/2000-----
currents: [100000.0, 99999.99999180902, 99999.99998921684, 99999.99998929084, 99999.99998935702]
J=1.2e-04, ⟨Jf⟩=1.1e-04, ⟨B·n⟩=3.1e-03, Len=sum([2.4, 2.4, 2.4, 2.5, 2.6])=12.3, ϰ=[8.3, 8.2, 9.0, 10.4, 10.1], ∫ϰ²/L>=[15.0, 14.5, 17.2, 19.1, 19.6], C-C-Sep=0.08, ║∇J║=4.2e-04
Iteration 803/2000-----
currents: [100000.0, 99999.99999177319, 99999.99998916667, 99999.99998924174, 99999.99998930776]
J=1.2e-04, ⟨Jf⟩=1.1e-04, ⟨B·n⟩=3.1e-03, Len=sum([2.4, 2.4, 2.4, 2.5, 2.6])=12.3, ϰ=[8.3, 8.2, 9.0, 10.4, 10.2], ∫ϰ²/L>=[15.0, 14.5, 17.2, 19.1, 19.6], C-C-Sep=0.08, ║∇J║=3.9e-04
Iteration 804/2000-----
currents: [100000.0, 99999.99999173664, 99999.99998911544, 99999.99998919167, 99999.99998925754]
J=1.2e-04, ⟨Jf⟩=1.1e-04, ⟨B·n⟩=3.1e-03, Len=sum([2.4, 2.4, 2.4, 2.5, 2.6])=12.3, ϰ=[8.3, 8.2, 9.0, 10.4, 10.2], ∫ϰ²/L>=[15.0, 14.6, 17.2, 19.1, 19.6], C-C-Sep=0.08, ║∇J║=4.5e-04
Iteration 805/2000-----
currents: [100000.0, 99999.99999168469, 99999.99998904276, 99999.99998912055, 99999.99998918618]
J=1.2e-04, ⟨Jf⟩=1.1e-04, ⟨B·n⟩=3.1e-03, Len=sum([2.4, 2.4, 2.4, 2.5, 2.6])=12.3, ϰ=[8.3, 8.2, 9.0, 10.5, 10.3], ∫ϰ²/L>=[15.0, 14.6, 17.2, 19.1, 19.7], C-C-Sep=0.08, ║∇J║=4.8e-04
Iteration 806/2000-----
currents: [100000.0, 99999.99999169508, 99999.9999890572, 99999.99998913471, 99999.99998920033]
J=1.2e-04, ⟨Jf⟩=1.1e-04, ⟨B·n⟩=3.1e-03, Len=sum([2.4, 2.4, 2.4, 2.5, 2.6])=12.3, ϰ=[8.3, 8.2, 9.0, 10.5, 10.3], ∫ϰ²/L>=[14.9, 14.6, 17.2, 19.1, 19.7], C-C-Sep=0.08, ║∇J║=5.3e-04
Iteration 807/2000-----
currents: [100000.0, 99999.99999167371, 99999.99998902723, 99999.9999891054, 99999.999989171]
J=1.2e-04, ⟨Jf⟩=1.1e-04, ⟨B·n⟩=3.1e-03, Len=sum([2.4, 2.4, 2.4, 2.5, 2.6])=12.3, ϰ=[8.3, 8.2, 9.0, 10.5, 10.3], ∫ϰ²/L>=[15.0, 14.6, 17.2, 19.1, 19.7], C-C-Sep=0.08, ║∇J║=5.1e-04
Iteration 808/2000-----
currents: [100000.0, 99999.99999166939, 99999.99998902123, 99999.99998909961, 99999.99998916531]
J=1.2e-04, ⟨Jf⟩=1.1e-04, ⟨B·n⟩=3.1e-03, Len=sum([2.4, 2.4, 2.4, 2.5, 2.6])=12.3, ϰ=[8.3, 8.3, 9.0, 10.5, 10.2], ∫ϰ²/L>=[15.0, 14.6, 17.2, 19.1, 19.7], C-C-Sep=0.08, ║∇J║=4.3e-04
Iteration 809/2000-----
currents: [100000.0, 99999.99999164592, 99999.9999889884, 99999.99998906757, 99999.9999891331]
J=1.2e-04, ⟨Jf⟩=1.1e-04, ⟨B·n⟩=3.1e-03, Len=sum([2.4, 2.4, 2.4, 2.5, 2.6])=12.3, ϰ=[8.3, 8.3, 9.0, 10.5, 10.2], ∫ϰ²/L>=[15.0, 14.6, 17.2, 19.1, 19.7], C-C-Sep=0.08, ║∇J║=4.5e-04
Iteration 810/2000-----
currents: [100000.0, 99999.99999162355, 99999.99998895715, 99999.99998903717, 99999.99998910261]
J=1.2e-04, ⟨Jf⟩=1.1e-04, ⟨B·n⟩=3.1e-03, Len=sum([2.4, 2.4, 2.4, 2.5, 2.6])=12.3, ϰ=[8.3, 8.4, 9.0, 10.5, 10.2], ∫ϰ²/L>=[15.0, 14.5, 17.2, 19.1, 19.7], C-C-Sep=0.08, ║∇J║=5.1e-04
Iteration 811/2000-----
currents: [100000.0, 99999.9999915968, 99999.99998891975, 99999.99998900064, 99999.99998906595]
J=1.2e-04, ⟨Jf⟩=1.1e-04, ⟨B·n⟩=3.1e-03, Len=sum([2.4, 2.4, 2.4, 2.5, 2.6])=12.3, ϰ=[8.4, 8.4, 9.0, 10.5, 10.2], ∫ϰ²/L>=[15.0, 14.5, 17.2, 19.1, 19.7], C-C-Sep=0.08, ║∇J║=4.7e-04
Iteration 812/2000-----
currents: [100000.0, 99999.99999157427, 99999.99998888839, 99999.99998897001, 99999.99998903507]
J=1.2e-04, ⟨Jf⟩=1.1e-04, ⟨B·n⟩=3.1e-03, Len=sum([2.4, 2.4, 2.4, 2.5, 2.6])=12.3, ϰ=[8.4, 8.4, 9.0, 10.5, 10.2], ∫ϰ²/L>=[15.0, 14.5, 17.2, 19.1, 19.7], C-C-Sep=0.08, ║∇J║=5.1e-04
Iteration 813/2000-----
currents: [100000.0, 99999.99999153177, 99999.99998882909, 99999.99998891211, 99999.9999889769]
J=1.2e-04, ⟨Jf⟩=1.1e-04, ⟨B·n⟩=3.1e-03, Len=sum([2.4, 2.4, 2.4, 2.5, 2.6])=12.3, ϰ=[8.4, 8.4, 9.0, 10.4, 10.2], ∫ϰ²/L>=[15.0, 14.5, 17.2, 19.1, 19.7], C-C-Sep=0.08, ║∇J║=5.3e-04
Iteration 814/2000-----
currents: [100000.0, 99999.9999915155, 99999.9999888065, 99999.99998889, 99999.99998895459]
J=1.2e-04, ⟨Jf⟩=1.1e-04, ⟨B·n⟩=3.1e-03, Len=sum([2.4, 2.4, 2.4, 2.5, 2.6])=12.3, ϰ=[8.4, 8.3, 9.1, 10.4, 10.3], ∫ϰ²/L>=[14.9, 14.5, 17.2, 19.1, 19.7], C-C-Sep=0.08, ║∇J║=5.9e-04
Iteration 815/2000-----
currents: [100000.0, 99999.99999151153, 99999.99998880114, 99999.99998888481, 99999.99998894929]
J=1.2e-04, ⟨Jf⟩=1.1e-04, ⟨B·n⟩=3.1e-03, Len=sum([2.4, 2.4, 2.4, 2.5, 2.6])=12.3, ϰ=[8.5, 8.3, 9.1, 10.4, 10.3], ∫ϰ²/L>=[14.9, 14.5, 17.2, 19.1, 19.7], C-C-Sep=0.08, ║∇J║=4.9e-04
Iteration 816/2000-----
currents: [100000.0, 99999.99999149152, 99999.99998877323, 99999.99998885755, 99999.99998892195]
J=1.2e-04, ⟨Jf⟩=1.1e-04, ⟨B·n⟩=3.1e-03, Len=sum([2.4, 2.4, 2.4, 2.5, 2.6])=12.3, ϰ=[8.5, 8.3, 9.1, 10.4, 10.3], ∫ϰ²/L>=[14.9, 14.5, 17.2, 19.1, 19.7], C-C-Sep=0.08, ║∇J║=4.1e-04
Iteration 817/2000-----
currents: [100000.0, 99999.99999145893, 99999.99998872774, 99999.99998881308, 99999.99998887732]
J=1.2e-04, ⟨Jf⟩=1.1e-04, ⟨B·n⟩=3.1e-03, Len=sum([2.4, 2.4, 2.4, 2.5, 2.6])=12.3, ϰ=[8.5, 8.3, 9.1, 10.4, 10.3], ∫ϰ²/L>=[14.9, 14.6, 17.2, 19.1, 19.7], C-C-Sep=0.08, ║∇J║=4.5e-04
Iteration 818/2000-----
currents: [100000.0, 99999.99999139033, 99999.99998863185, 99999.99998871928, 99999.99998878314]
J=1.2e-04, ⟨Jf⟩=1.1e-04, ⟨B·n⟩=3.1e-03, Len=sum([2.4, 2.4, 2.4, 2.5, 2.6])=12.3, ϰ=[8.5, 8.3, 9.2, 10.3, 10.4], ∫ϰ²/L>=[14.9, 14.6, 17.2, 19.1, 19.7], C-C-Sep=0.08, ║∇J║=7.4e-04
Iteration 819/2000-----
currents: [100000.0, 99999.99999139448, 99999.99998863762, 99999.99998872477, 99999.99998878864]
J=1.2e-04, ⟨Jf⟩=1.1e-04, ⟨B·n⟩=3.1e-03, Len=sum([2.4, 2.4, 2.4, 2.5, 2.6])=12.3, ϰ=[8.5, 8.3, 9.2, 10.3, 10.4], ∫ϰ²/L>=[14.9, 14.6, 17.2, 19.1, 19.7], C-C-Sep=0.08, ║∇J║=6.0e-04
Iteration 820/2000-----
currents: [100000.0, 99999.9999913479, 99999.99998857241, 99999.99998866089, 99999.9999887244]
J=1.2e-04, ⟨Jf⟩=1.1e-04, ⟨B·n⟩=3.1e-03, Len=sum([2.4, 2.4, 2.4, 2.5, 2.6])=12.3, ϰ=[8.6, 8.4, 9.2, 10.3, 10.3], ∫ϰ²/L>=[14.9, 14.6, 17.2, 19.1, 19.7], C-C-Sep=0.08, ║∇J║=6.7e-04
Iteration 821/2000-----
currents: [100000.0, 99999.99999138172, 99999.99998861967, 99999.99998870693, 99999.99998877064]
J=1.2e-04, ⟨Jf⟩=1.1e-04, ⟨B·n⟩=3.1e-03, Len=sum([2.4, 2.4, 2.4, 2.5, 2.6])=12.3, ϰ=[8.5, 8.3, 9.2, 10.3, 10.3], ∫ϰ²/L>=[14.9, 14.6, 17.2, 19.1, 19.7], C-C-Sep=0.08, ║∇J║=6.7e-04
Iteration 822/2000-----
currents: [100000.0, 99999.99999137229, 99999.99998860643, 99999.99998869392, 99999.99998875761]
J=1.2e-04, ⟨Jf⟩=1.1e-04, ⟨B·n⟩=3.1e-03, Len=sum([2.4, 2.4, 2.4, 2.5, 2.6])=12.3, ϰ=[8.5, 8.3, 9.2, 10.3, 10.3], ∫ϰ²/L>=[14.9, 14.6, 17.2, 19.1, 19.7], C-C-Sep=0.08, ║∇J║=5.2e-04
Iteration 823/2000-----
currents: [100000.0, 99999.9999913564, 99999.9999885842, 99999.99998867205, 99999.9999887357]
J=1.2e-04, ⟨Jf⟩=1.1e-04, ⟨B·n⟩=3.1e-03, Len=sum([2.4, 2.4, 2.4, 2.5, 2.6])=12.3, ϰ=[8.5, 8.3, 9.3, 10.3, 10.3], ∫ϰ²/L>=[14.9, 14.6, 17.2, 19.1, 19.7], C-C-Sep=0.08, ║∇J║=4.5e-04
Iteration 824/2000-----
currents: [100000.0, 99999.99999133656, 99999.99998855642, 99999.99998864462, 99999.99998870818]
J=1.2e-04, ⟨Jf⟩=1.1e-04, ⟨B·n⟩=3.1e-03, Len=sum([2.4, 2.4, 2.4, 2.5, 2.6])=12.3, ϰ=[8.5, 8.3, 9.3, 10.2, 10.3], ∫ϰ²/L>=[14.9, 14.6, 17.2, 19.1, 19.7], C-C-Sep=0.08, ║∇J║=4.4e-04
Iteration 825/2000-----
currents: [100000.0, 99999.99999132394, 99999.99998853872, 99999.99998862714, 99999.99998869066]
J=1.2e-04, ⟨Jf⟩=1.1e-04, ⟨B·n⟩=3.1e-03, Len=sum([2.4, 2.4, 2.4, 2.5, 2.6])=12.3, ϰ=[8.5, 8.3, 9.3, 10.2, 10.2], ∫ϰ²/L>=[14.9, 14.6, 17.2, 19.1, 19.7], C-C-Sep=0.08, ║∇J║=4.6e-04
Iteration 826/2000-----
currents: [100000.0, 99999.99999132352, 99999.99998853824, 99999.99998862666, 99999.99998869014]
J=1.2e-04, ⟨Jf⟩=1.1e-04, ⟨B·n⟩=3.1e-03, Len=sum([2.4, 2.4, 2.4, 2.5, 2.6])=12.3, ϰ=[8.5, 8.3, 9.3, 10.2, 10.2], ∫ϰ²/L>=[14.9, 14.6, 17.2, 19.1, 19.7], C-C-Sep=0.08, ║∇J║=4.1e-04
Iteration 827/2000-----
currents: [100000.0, 99999.99999131846, 99999.99998853132, 99999.99998861992, 99999.9999886834]
J=1.2e-04, ⟨Jf⟩=1.1e-04, ⟨B·n⟩=3.1e-03, Len=sum([2.4, 2.4, 2.4, 2.5, 2.6])=12.3, ϰ=[8.5, 8.3, 9.2, 10.2, 10.2], ∫ϰ²/L>=[14.9, 14.6, 17.2, 19.1, 19.7], C-C-Sep=0.08, ║∇J║=3.9e-04
Iteration 828/2000-----
currents: [100000.0, 99999.999991302, 99999.99998850843, 99999.99998859764, 99999.99998866102]
J=1.2e-04, ⟨Jf⟩=1.1e-04, ⟨B·n⟩=3.1e-03, Len=sum([2.4, 2.4, 2.4, 2.5, 2.6])=12.3, ϰ=[8.5, 8.2, 9.2, 10.2, 10.2], ∫ϰ²/L>=[14.9, 14.6, 17.2, 19.1, 19.7], C-C-Sep=0.08, ║∇J║=3.9e-04
Iteration 829/2000-----
currents: [100000.0, 99999.99999127816, 99999.9999884752, 99999.99998856519, 99999.99998862846]
J=1.2e-04, ⟨Jf⟩=1.1e-04, ⟨B·n⟩=3.1e-03, Len=sum([2.4, 2.4, 2.4, 2.5, 2.6])=12.3, ϰ=[8.5, 8.2, 9.2, 10.2, 10.2], ∫ϰ²/L>=[14.9, 14.6, 17.2, 19.1, 19.7], C-C-Sep=0.08, ║∇J║=3.9e-04
Iteration 830/2000-----
currents: [100000.0, 99999.99999123368, 99999.99998841321, 99999.99998850455, 99999.99998856758]
J=1.2e-04, ⟨Jf⟩=1.1e-04, ⟨B·n⟩=3.1e-03, Len=sum([2.4, 2.4, 2.4, 2.5, 2.6])=12.3, ϰ=[8.5, 8.2, 9.2, 10.2, 10.2], ∫ϰ²/L>=[14.9, 14.6, 17.2, 19.1, 19.7], C-C-Sep=0.08, ║∇J║=4.8e-04
Iteration 831/2000-----
currents: [100000.0, 99999.99999119324, 99999.99998835678, 99999.99998844926, 99999.99998851199]
J=1.2e-04, ⟨Jf⟩=1.1e-04, ⟨B·n⟩=3.1e-03, Len=sum([2.4, 2.4, 2.4, 2.5, 2.6])=12.3, ϰ=[8.5, 8.2, 9.2, 10.1, 10.2], ∫ϰ²/L>=[14.8, 14.6, 17.2, 19.1, 19.7], C-C-Sep=0.08, ║∇J║=5.7e-04
Iteration 832/2000-----
currents: [100000.0, 99999.99999118586, 99999.99998834652, 99999.99998843911, 99999.99998850182]
J=1.2e-04, ⟨Jf⟩=1.1e-04, ⟨B·n⟩=3.1e-03, Len=sum([2.4, 2.4, 2.4, 2.5, 2.6])=12.3, ϰ=[8.5, 8.2, 9.3, 10.2, 10.2], ∫ϰ²/L>=[14.8, 14.5, 17.2, 19.1, 19.6], C-C-Sep=0.08, ║∇J║=5.4e-04
Iteration 833/2000-----
currents: [100000.0, 99999.99999115053, 99999.9999882974, 99999.99998839083, 99999.99998845335]
J=1.2e-04, ⟨Jf⟩=1.1e-04, ⟨B·n⟩=3.1e-03, Len=sum([2.4, 2.4, 2.4, 2.5, 2.6])=12.3, ϰ=[8.6, 8.2, 9.3, 10.2, 10.2], ∫ϰ²/L>=[14.8, 14.5, 17.2, 19.1, 19.6], C-C-Sep=0.08, ║∇J║=5.4e-04
Iteration 834/2000-----
currents: [100000.0, 99999.99999110766, 99999.99998823761, 99999.99998833226, 99999.99998839456]
J=1.2e-04, ⟨Jf⟩=1.1e-04, ⟨B·n⟩=3.1e-03, Len=sum([2.4, 2.4, 2.4, 2.5, 2.6])=12.3, ϰ=[8.6, 8.1, 9.3, 10.2, 10.2], ∫ϰ²/L>=[14.9, 14.5, 17.2, 19.0, 19.6], C-C-Sep=0.08, ║∇J║=7.1e-04
Iteration 835/2000-----
currents: [100000.0, 99999.99999107944, 99999.99998819834, 99999.99998829373, 99999.99998835582]
J=1.2e-04, ⟨Jf⟩=1.1e-04, ⟨B·n⟩=3.1e-03, Len=sum([2.4, 2.4, 2.4, 2.5, 2.6])=12.3, ϰ=[8.7, 8.1, 9.3, 10.2, 10.2], ∫ϰ²/L>=[14.9, 14.5, 17.2, 19.0, 19.6], C-C-Sep=0.08, ║∇J║=5.3e-04
Iteration 836/2000-----
currents: [100000.0, 99999.99999105436, 99999.99998816343, 99999.9999882595, 99999.99998832149]
J=1.2e-04, ⟨Jf⟩=1.1e-04, ⟨B·n⟩=3.1e-03, Len=sum([2.4, 2.4, 2.4, 2.5, 2.6])=12.3, ϰ=[8.7, 8.1, 9.4, 10.2, 10.2], ∫ϰ²/L>=[14.9, 14.5, 17.2, 19.0, 19.6], C-C-Sep=0.08, ║∇J║=5.2e-04
Iteration 837/2000-----
currents: [100000.0, 99999.99999105559, 99999.99998816515, 99999.99998826119, 99999.9999883232]
J=1.2e-04, ⟨Jf⟩=1.1e-04, ⟨B·n⟩=3.1e-03, Len=sum([2.4, 2.4, 2.4, 2.5, 2.6])=12.3, ϰ=[8.7, 8.1, 9.4, 10.2, 10.2], ∫ϰ²/L>=[14.9, 14.5, 17.2, 19.0, 19.6], C-C-Sep=0.08, ║∇J║=4.4e-04
Iteration 838/2000-----
currents: [100000.0, 99999.9999910125, 99999.99998810502, 99999.99998820233, 99999.9999882641]
J=1.2e-04, ⟨Jf⟩=1.1e-04, ⟨B·n⟩=3.1e-03, Len=sum([2.4, 2.4, 2.4, 2.5, 2.6])=12.3, ϰ=[8.7, 8.1, 9.4, 10.2, 10.2], ∫ϰ²/L>=[14.9, 14.5, 17.2, 19.0, 19.6], C-C-Sep=0.08, ║∇J║=5.3e-04
Iteration 839/2000-----
currents: [100000.0, 99999.99999102775, 99999.99998812634, 99999.99998822321, 99999.99998828513]
J=1.2e-04, ⟨Jf⟩=1.1e-04, ⟨B·n⟩=3.1e-03, Len=sum([2.4, 2.4, 2.4, 2.5, 2.6])=12.3, ϰ=[8.7, 8.1, 9.4, 10.2, 10.1], ∫ϰ²/L>=[14.9, 14.5, 17.2, 19.0, 19.6], C-C-Sep=0.08, ║∇J║=6.2e-04
Iteration 840/2000-----
currents: [100000.0, 99999.99999100219, 99999.99998809076, 99999.99998818831, 99999.99998825013]
J=1.2e-04, ⟨Jf⟩=1.1e-04, ⟨B·n⟩=3.1e-03, Len=sum([2.4, 2.4, 2.4, 2.5, 2.6])=12.3, ϰ=[8.7, 8.1, 9.4, 10.2, 10.1], ∫ϰ²/L>=[14.9, 14.5, 17.2, 19.0, 19.6], C-C-Sep=0.08, ║∇J║=6.2e-04
Iteration 841/2000-----
currents: [100000.0, 99999.99999098334, 99999.99998806452, 99999.99998816263, 99999.99998822431]
J=1.2e-04, ⟨Jf⟩=1.1e-04, ⟨B·n⟩=3.1e-03, Len=sum([2.4, 2.4, 2.4, 2.5, 2.6])=12.3, ϰ=[8.7, 8.1, 9.4, 10.2, 10.1], ∫ϰ²/L>=[14.9, 14.5, 17.2, 19.1, 19.6], C-C-Sep=0.08, ║∇J║=4.2e-04
Iteration 842/2000-----
currents: [100000.0, 99999.99999095297, 99999.99998802216, 99999.99998812113, 99999.99998818264]
J=1.2e-04, ⟨Jf⟩=1.1e-04, ⟨B·n⟩=3.1e-03, Len=sum([2.4, 2.4, 2.4, 2.5, 2.6])=12.3, ϰ=[8.7, 8.0, 9.4, 10.2, 10.2], ∫ϰ²/L>=[14.9, 14.5, 17.3, 19.1, 19.6], C-C-Sep=0.08, ║∇J║=3.7e-04
Iteration 843/2000-----
currents: [100000.0, 99999.9999909103, 99999.99998796277, 99999.99998806293, 99999.99998812425]
J=1.2e-04, ⟨Jf⟩=1.1e-04, ⟨B·n⟩=3.1e-03, Len=sum([2.4, 2.4, 2.4, 2.5, 2.6])=12.3, ϰ=[8.6, 8.0, 9.3, 10.2, 10.2], ∫ϰ²/L>=[14.9, 14.5, 17.3, 19.1, 19.6], C-C-Sep=0.08, ║∇J║=5.0e-04
Iteration 844/2000-----
currents: [100000.0, 99999.99999088925, 99999.99998793329, 99999.99998803395, 99999.9999880952]
J=1.2e-04, ⟨Jf⟩=1.1e-04, ⟨B·n⟩=3.1e-03, Len=sum([2.4, 2.4, 2.4, 2.5, 2.6])=12.3, ϰ=[8.6, 8.1, 9.3, 10.2, 10.2], ∫ϰ²/L>=[14.9, 14.5, 17.3, 19.1, 19.6], C-C-Sep=0.08, ║∇J║=5.9e-04
Iteration 845/2000-----
currents: [100000.0, 99999.99999090335, 99999.999987953, 99999.9999880533, 99999.9999881147]
J=1.2e-04, ⟨Jf⟩=1.1e-04, ⟨B·n⟩=3.1e-03, Len=sum([2.4, 2.4, 2.4, 2.5, 2.6])=12.3, ϰ=[8.6, 8.1, 9.3, 10.2, 10.2], ∫ϰ²/L>=[14.9, 14.5, 17.3, 19.0, 19.6], C-C-Sep=0.08, ║∇J║=4.5e-04
Iteration 846/2000-----
currents: [100000.0, 99999.99999087352, 99999.99998791148, 99999.9999880127, 99999.99998807408]
J=1.2e-04, ⟨Jf⟩=1.1e-04, ⟨B·n⟩=3.1e-03, Len=sum([2.4, 2.4, 2.4, 2.5, 2.6])=12.3, ϰ=[8.6, 8.1, 9.2, 10.2, 10.2], ∫ϰ²/L>=[14.9, 14.5, 17.3, 19.0, 19.6], C-C-Sep=0.08, ║∇J║=5.8e-04
Iteration 847/2000-----
currents: [100000.0, 99999.99999087125, 99999.99998790835, 99999.99998800959, 99999.999988071]
J=1.2e-04, ⟨Jf⟩=1.1e-04, ⟨B·n⟩=3.1e-03, Len=sum([2.4, 2.4, 2.4, 2.5, 2.6])=12.3, ϰ=[8.6, 8.1, 9.2, 10.2, 10.2], ∫ϰ²/L>=[14.9, 14.5, 17.2, 19.0, 19.6], C-C-Sep=0.08, ║∇J║=5.5e-04
Iteration 848/2000-----
currents: [100000.0, 99999.99999085127, 99999.99998788055, 99999.99998798249, 99999.99998804391]
J=1.2e-04, ⟨Jf⟩=1.1e-04, ⟨B·n⟩=3.1e-03, Len=sum([2.4, 2.4, 2.4, 2.5, 2.6])=12.3, ϰ=[8.6, 8.1, 9.2, 10.2, 10.2], ∫ϰ²/L>=[14.9, 14.5, 17.2, 19.0, 19.6], C-C-Sep=0.08, ║∇J║=4.8e-04
Iteration 849/2000-----
currents: [100000.0, 99999.9999908146, 99999.99998782955, 99999.99998793271, 99999.99998799413]
J=1.2e-04, ⟨Jf⟩=1.1e-04, ⟨B·n⟩=3.1e-03, Len=sum([2.4, 2.4, 2.4, 2.5, 2.6])=12.3, ϰ=[8.6, 8.1, 9.2, 10.2, 10.1], ∫ϰ²/L>=[15.0, 14.5, 17.3, 19.0, 19.6], C-C-Sep=0.08, ║∇J║=4.7e-04
Iteration 850/2000-----
currents: [100000.0, 99999.99999078576, 99999.99998778936, 99999.99998789346, 99999.99998795477]
J=1.2e-04, ⟨Jf⟩=1.1e-04, ⟨B·n⟩=3.1e-03, Len=sum([2.4, 2.4, 2.4, 2.5, 2.6])=12.3, ϰ=[8.6, 8.1, 9.2, 10.2, 10.1], ∫ϰ²/L>=[15.0, 14.4, 17.3, 19.0, 19.6], C-C-Sep=0.08, ║∇J║=5.5e-04
Iteration 851/2000-----
currents: [100000.0, 99999.99999077662, 99999.99998777658, 99999.999987881, 99999.99998794224]
J=1.2e-04, ⟨Jf⟩=1.1e-04, ⟨B·n⟩=3.1e-03, Len=sum([2.4, 2.4, 2.4, 2.5, 2.6])=12.3, ϰ=[8.6, 8.1, 9.2, 10.2, 10.2], ∫ϰ²/L>=[15.0, 14.4, 17.2, 19.0, 19.6], C-C-Sep=0.08, ║∇J║=4.8e-04
Iteration 852/2000-----
currents: [100000.0, 99999.99999074668, 99999.99998773476, 99999.99998784011, 99999.99998790113]
J=1.2e-04, ⟨Jf⟩=1.1e-04, ⟨B·n⟩=3.1e-03, Len=sum([2.4, 2.4, 2.4, 2.5, 2.6])=12.3, ϰ=[8.6, 8.1, 9.2, 10.2, 10.1], ∫ϰ²/L>=[15.0, 14.5, 17.3, 19.0, 19.5], C-C-Sep=0.08, ║∇J║=6.4e-04
Iteration 853/2000-----
currents: [100000.0, 99999.99999074318, 99999.99998772974, 99999.99998783512, 99999.99998789605]
J=1.2e-04, ⟨Jf⟩=1.1e-04, ⟨B·n⟩=3.1e-03, Len=sum([2.4, 2.4, 2.4, 2.5, 2.6])=12.3, ϰ=[8.6, 8.1, 9.2, 10.2, 10.1], ∫ϰ²/L>=[15.0, 14.5, 17.2, 19.0, 19.5], C-C-Sep=0.08, ║∇J║=5.7e-04
Iteration 854/2000-----
currents: [100000.0, 99999.99999072684, 99999.99998770688, 99999.99998781271, 99999.99998787354]
J=1.2e-04, ⟨Jf⟩=1.1e-04, ⟨B·n⟩=3.1e-03, Len=sum([2.4, 2.4, 2.4, 2.5, 2.6])=12.3, ϰ=[8.6, 8.1, 9.2, 10.2, 10.1], ∫ϰ²/L>=[15.0, 14.5, 17.2, 19.0, 19.5], C-C-Sep=0.08, ║∇J║=4.1e-04
Iteration 855/2000-----
currents: [100000.0, 99999.99999070389, 99999.99998767483, 99999.99998778131, 99999.99998784198]
J=1.2e-04, ⟨Jf⟩=1.1e-04, ⟨B·n⟩=3.1e-03, Len=sum([2.4, 2.4, 2.4, 2.5, 2.6])=12.3, ϰ=[8.6, 8.1, 9.2, 10.2, 10.1], ∫ϰ²/L>=[15.0, 14.5, 17.3, 19.0, 19.5], C-C-Sep=0.08, ║∇J║=4.1e-04
Iteration 856/2000-----
currents: [100000.0, 99999.99999065595, 99999.99998760787, 99999.9999877157, 99999.99998777606]
J=1.2e-04, ⟨Jf⟩=1.1e-04, ⟨B·n⟩=3.1e-03, Len=sum([2.4, 2.4, 2.4, 2.5, 2.6])=12.3, ϰ=[8.6, 8.1, 9.2, 10.2, 10.1], ∫ϰ²/L>=[15.0, 14.5, 17.3, 19.0, 19.5], C-C-Sep=0.08, ║∇J║=4.8e-04
Iteration 857/2000-----
currents: [100000.0, 99999.99999061262, 99999.99998754742, 99999.99998765647, 99999.99998771663]
J=1.2e-04, ⟨Jf⟩=1.1e-04, ⟨B·n⟩=3.1e-03, Len=sum([2.4, 2.4, 2.4, 2.5, 2.6])=12.3, ϰ=[8.6, 8.1, 9.2, 10.2, 10.0], ∫ϰ²/L>=[15.1, 14.5, 17.3, 19.0, 19.5], C-C-Sep=0.08, ║∇J║=5.2e-04
Iteration 858/2000-----
currents: [100000.0, 99999.99999060523, 99999.99998753722, 99999.99998764649, 99999.99998770661]
J=1.2e-04, ⟨Jf⟩=1.1e-04, ⟨B·n⟩=3.1e-03, Len=sum([2.4, 2.4, 2.4, 2.5, 2.6])=12.3, ϰ=[8.6, 8.1, 9.2, 10.2, 10.1], ∫ϰ²/L>=[15.1, 14.5, 17.3, 19.0, 19.5], C-C-Sep=0.08, ║∇J║=6.6e-04
Iteration 859/2000-----
currents: [100000.0, 99999.99999058015, 99999.99998750228, 99999.99998761219, 99999.99998767218]
J=1.2e-04, ⟨Jf⟩=1.1e-04, ⟨B·n⟩=3.1e-03, Len=sum([2.4, 2.4, 2.4, 2.5, 2.6])=12.3, ϰ=[8.6, 8.0, 9.2, 10.2, 10.1], ∫ϰ²/L>=[15.1, 14.5, 17.3, 19.0, 19.5], C-C-Sep=0.08, ║∇J║=4.7e-04
Iteration 860/2000-----
currents: [100000.0, 99999.999990608, 99999.99998754112, 99999.99998765014, 99999.99998771031]
J=1.2e-04, ⟨Jf⟩=1.1e-04, ⟨B·n⟩=3.1e-03, Len=sum([2.4, 2.4, 2.4, 2.5, 2.6])=12.3, ϰ=[8.6, 8.0, 9.2, 10.2, 10.1], ∫ϰ²/L>=[15.0, 14.5, 17.3, 19.0, 19.5], C-C-Sep=0.08, ║∇J║=6.6e-04
Iteration 861/2000-----
currents: [100000.0, 99999.99999058498, 99999.99998750915, 99999.99998761887, 99999.99998767904]
J=1.2e-04, ⟨Jf⟩=1.1e-04, ⟨B·n⟩=3.1e-03, Len=sum([2.4, 2.4, 2.4, 2.5, 2.6])=12.3, ϰ=[8.6, 8.1, 9.2, 10.2, 10.1], ∫ϰ²/L>=[15.0, 14.5, 17.3, 19.0, 19.5], C-C-Sep=0.08, ║∇J║=4.6e-04
Iteration 862/2000-----
currents: [100000.0, 99999.99999056263, 99999.99998747802, 99999.99998758845, 99999.99998764857]
J=1.2e-04, ⟨Jf⟩=1.1e-04, ⟨B·n⟩=3.1e-03, Len=sum([2.4, 2.4, 2.4, 2.5, 2.6])=12.3, ϰ=[8.6, 8.1, 9.2, 10.2, 10.1], ∫ϰ²/L>=[15.0, 14.5, 17.3, 19.0, 19.5], C-C-Sep=0.08, ║∇J║=3.7e-04
Iteration 863/2000-----
currents: [100000.0, 99999.99999053964, 99999.99998744603, 99999.99998755718, 99999.99998761735]
J=1.2e-04, ⟨Jf⟩=1.1e-04, ⟨B·n⟩=3.1e-03, Len=sum([2.4, 2.4, 2.4, 2.5, 2.6])=12.3, ϰ=[8.6, 8.1, 9.2, 10.2, 10.1], ∫ϰ²/L>=[15.0, 14.5, 17.3, 19.0, 19.5], C-C-Sep=0.08, ║∇J║=4.0e-04
Iteration 864/2000-----
currents: [100000.0, 99999.9999904937, 99999.99998738218, 99999.99998749475, 99999.99998755507]
J=1.2e-04, ⟨Jf⟩=1.1e-04, ⟨B·n⟩=3.1e-03, Len=sum([2.4, 2.4, 2.4, 2.5, 2.6])=12.3, ϰ=[8.6, 8.1, 9.2, 10.3, 10.1], ∫ϰ²/L>=[15.0, 14.5, 17.3, 19.0, 19.5], C-C-Sep=0.08, ║∇J║=4.7e-04
Iteration 865/2000-----
currents: [100000.0, 99999.99999048407, 99999.99998736885, 99999.99998748173, 99999.99998754213]
J=1.2e-04, ⟨Jf⟩=1.1e-04, ⟨B·n⟩=3.1e-03, Len=sum([2.4, 2.4, 2.4, 2.5, 2.6])=12.3, ϰ=[8.5, 8.1, 9.2, 10.3, 10.1], ∫ϰ²/L>=[15.0, 14.5, 17.3, 19.0, 19.5], C-C-Sep=0.08, ║∇J║=5.7e-04
Iteration 866/2000-----
currents: [100000.0, 99999.99999048637, 99999.99998737208, 99999.99998748497, 99999.99998754553]
J=1.2e-04, ⟨Jf⟩=1.1e-04, ⟨B·n⟩=3.1e-03, Len=sum([2.4, 2.4, 2.4, 2.5, 2.6])=12.3, ϰ=[8.6, 8.1, 9.2, 10.3, 10.1], ∫ϰ²/L>=[15.0, 14.5, 17.3, 19.0, 19.5], C-C-Sep=0.08, ║∇J║=4.9e-04
Iteration 867/2000-----
currents: [100000.0, 99999.99999046487, 99999.99998734223, 99999.9999874558, 99999.99998751646]
J=1.2e-04, ⟨Jf⟩=1.1e-04, ⟨B·n⟩=3.1e-03, Len=sum([2.4, 2.4, 2.4, 2.5, 2.6])=12.3, ϰ=[8.5, 8.1, 9.3, 10.3, 10.1], ∫ϰ²/L>=[15.0, 14.5, 17.3, 19.0, 19.5], C-C-Sep=0.08, ║∇J║=5.0e-04
Iteration 868/2000-----
currents: [100000.0, 99999.99999045608, 99999.99998733011, 99999.99998744398, 99999.99998750478]
J=1.2e-04, ⟨Jf⟩=1.1e-04, ⟨B·n⟩=3.1e-03, Len=sum([2.4, 2.4, 2.4, 2.5, 2.6])=12.3, ϰ=[8.5, 8.1, 9.3, 10.4, 10.1], ∫ϰ²/L>=[15.0, 14.5, 17.3, 19.0, 19.5], C-C-Sep=0.08, ║∇J║=4.9e-04
Iteration 869/2000-----
currents: [100000.0, 99999.99999044616, 99999.99998731633, 99999.9999874305, 99999.99998749128]
J=1.2e-04, ⟨Jf⟩=1.1e-04, ⟨B·n⟩=3.1e-03, Len=sum([2.4, 2.4, 2.4, 2.5, 2.6])=12.3, ϰ=[8.5, 8.1, 9.3, 10.4, 10.1], ∫ϰ²/L>=[15.0, 14.5, 17.3, 19.0, 19.5], C-C-Sep=0.08, ║∇J║=3.9e-04
Iteration 870/2000-----
currents: [100000.0, 99999.99999044144, 99999.99998730989, 99999.99998742425, 99999.99998748496]
J=1.2e-04, ⟨Jf⟩=1.1e-04, ⟨B·n⟩=3.1e-03, Len=sum([2.4, 2.4, 2.4, 2.5, 2.6])=12.3, ϰ=[8.5, 8.1, 9.3, 10.3, 10.1], ∫ϰ²/L>=[15.0, 14.5, 17.3, 19.0, 19.5], C-C-Sep=0.08, ║∇J║=3.6e-04
Iteration 871/2000-----
currents: [100000.0, 99999.99999041726, 99999.99998727627, 99999.99998739136, 99999.99998745199]
J=1.2e-04, ⟨Jf⟩=1.1e-04, ⟨B·n⟩=3.1e-03, Len=sum([2.4, 2.4, 2.4, 2.5, 2.6])=12.3, ϰ=[8.5, 8.1, 9.2, 10.3, 10.1], ∫ϰ²/L>=[15.0, 14.5, 17.3, 18.9, 19.5], C-C-Sep=0.08, ║∇J║=4.0e-04
Iteration 872/2000-----
currents: [100000.0, 99999.9999903919, 99999.99998724107, 99999.99998735687, 99999.99998741738]
J=1.2e-04, ⟨Jf⟩=1.1e-04, ⟨B·n⟩=3.1e-03, Len=sum([2.4, 2.4, 2.4, 2.5, 2.6])=12.3, ϰ=[8.5, 8.1, 9.2, 10.3, 10.2], ∫ϰ²/L>=[15.0, 14.5, 17.3, 18.9, 19.5], C-C-Sep=0.08, ║∇J║=4.5e-04
Iteration 873/2000-----
currents: [100000.0, 99999.99999035413, 99999.9999871887, 99999.99998730564, 99999.99998736597]
J=1.2e-04, ⟨Jf⟩=1.1e-04, ⟨B·n⟩=3.1e-03, Len=sum([2.4, 2.4, 2.4, 2.5, 2.6])=12.3, ϰ=[8.5, 8.1, 9.2, 10.4, 10.2], ∫ϰ²/L>=[15.0, 14.5, 17.3, 18.9, 19.5], C-C-Sep=0.08, ║∇J║=4.3e-04
Iteration 874/2000-----
currents: [100000.0, 99999.99999034397, 99999.99998717461, 99999.9999872917, 99999.99998735184]
J=1.2e-04, ⟨Jf⟩=1.1e-04, ⟨B·n⟩=3.1e-03, Len=sum([2.4, 2.4, 2.4, 2.5, 2.6])=12.3, ϰ=[8.5, 8.1, 9.2, 10.4, 10.2], ∫ϰ²/L>=[14.9, 14.5, 17.3, 18.9, 19.5], C-C-Sep=0.08, ║∇J║=4.4e-04
Iteration 875/2000-----
currents: [100000.0, 99999.99999031486, 99999.99998713426, 99999.99998725206, 99999.99998731186]
J=1.2e-04, ⟨Jf⟩=1.1e-04, ⟨B·n⟩=3.1e-03, Len=sum([2.4, 2.4, 2.4, 2.5, 2.6])=12.3, ϰ=[8.5, 8.1, 9.2, 10.4, 10.3], ∫ϰ²/L>=[15.0, 14.5, 17.3, 19.0, 19.5], C-C-Sep=0.08, ║∇J║=5.8e-04
Iteration 876/2000-----
currents: [100000.0, 99999.99999029882, 99999.999987112, 99999.9999872301, 99999.99998728962]
J=1.2e-04, ⟨Jf⟩=1.1e-04, ⟨B·n⟩=3.1e-03, Len=sum([2.4, 2.4, 2.4, 2.5, 2.6])=12.3, ϰ=[8.5, 8.1, 9.2, 10.4, 10.3], ∫ϰ²/L>=[15.0, 14.5, 17.4, 18.9, 19.5], C-C-Sep=0.08, ║∇J║=5.5e-04
Iteration 877/2000-----
currents: [100000.0, 99999.99999030183, 99999.99998711624, 99999.99998723426, 99999.99998729368]
J=1.2e-04, ⟨Jf⟩=1.1e-04, ⟨B·n⟩=3.1e-03, Len=sum([2.4, 2.4, 2.4, 2.5, 2.6])=12.3, ϰ=[8.5, 8.1, 9.2, 10.3, 10.3], ∫ϰ²/L>=[14.9, 14.5, 17.3, 18.9, 19.5], C-C-Sep=0.08, ║∇J║=4.0e-04
Iteration 878/2000-----
currents: [100000.0, 99999.99999028527, 99999.99998709324, 99999.9999872117, 99999.99998727102]
J=1.2e-04, ⟨Jf⟩=1.1e-04, ⟨B·n⟩=3.1e-03, Len=sum([2.4, 2.4, 2.4, 2.5, 2.6])=12.3, ϰ=[8.5, 8.1, 9.2, 10.3, 10.3], ∫ϰ²/L>=[14.9, 14.5, 17.3, 18.9, 19.5], C-C-Sep=0.08, ║∇J║=3.7e-04
Iteration 879/2000-----
currents: [100000.0, 99999.99999028673, 99999.9999870953, 99999.99998721374, 99999.99998727303]
J=1.2e-04, ⟨Jf⟩=1.1e-04, ⟨B·n⟩=3.1e-03, Len=sum([2.4, 2.4, 2.4, 2.5, 2.6])=12.3, ϰ=[8.5, 8.2, 9.2, 10.3, 10.3], ∫ϰ²/L>=[14.9, 14.5, 17.3, 18.9, 19.5], C-C-Sep=0.08, ║∇J║=4.5e-04
Iteration 880/2000-----
currents: [100000.0, 99999.99999024603, 99999.99998703865, 99999.99998715824, 99999.99998721728]
J=1.2e-04, ⟨Jf⟩=1.1e-04, ⟨B·n⟩=3.1e-03, Len=sum([2.4, 2.4, 2.4, 2.5, 2.6])=12.3, ϰ=[8.5, 8.2, 9.2, 10.3, 10.4], ∫ϰ²/L>=[14.9, 14.5, 17.3, 18.9, 19.5], C-C-Sep=0.08, ║∇J║=5.7e-04
Iteration 881/2000-----
currents: [100000.0, 99999.99999022846, 99999.99998701428, 99999.99998713429, 99999.99998719321]
J=1.2e-04, ⟨Jf⟩=1.1e-04, ⟨B·n⟩=3.1e-03, Len=sum([2.4, 2.4, 2.4, 2.5, 2.6])=12.3, ϰ=[8.5, 8.2, 9.2, 10.3, 10.4], ∫ϰ²/L>=[14.9, 14.5, 17.3, 18.9, 19.5], C-C-Sep=0.08, ║∇J║=4.5e-04
Iteration 882/2000-----
currents: [100000.0, 99999.99999019751, 99999.99998697126, 99999.99998709213, 99999.99998715095]
J=1.2e-04, ⟨Jf⟩=1.1e-04, ⟨B·n⟩=3.1e-03, Len=sum([2.4, 2.4, 2.4, 2.5, 2.6])=12.3, ϰ=[8.5, 8.2, 9.2, 10.3, 10.4], ∫ϰ²/L>=[14.9, 14.5, 17.3, 18.9, 19.5], C-C-Sep=0.08, ║∇J║=4.3e-04
Iteration 883/2000-----
currents: [100000.0, 99999.99999015957, 99999.99998691863, 99999.99998704062, 99999.99998709929]
J=1.2e-04, ⟨Jf⟩=1.1e-04, ⟨B·n⟩=3.1e-03, Len=sum([2.4, 2.4, 2.4, 2.5, 2.6])=12.3, ϰ=[8.4, 8.2, 9.1, 10.3, 10.4], ∫ϰ²/L>=[15.0, 14.5, 17.3, 18.9, 19.5], C-C-Sep=0.08, ║∇J║=4.8e-04
Iteration 884/2000-----
currents: [100000.0, 99999.9999901033, 99999.99998684066, 99999.9999869643, 99999.99998702279]
J=1.2e-04, ⟨Jf⟩=1.1e-04, ⟨B·n⟩=3.1e-03, Len=sum([2.4, 2.4, 2.4, 2.5, 2.6])=12.3, ϰ=[8.4, 8.2, 9.1, 10.3, 10.5], ∫ϰ²/L>=[15.0, 14.5, 17.3, 18.9, 19.5], C-C-Sep=0.08, ║∇J║=5.6e-04
Iteration 885/2000-----
currents: [100000.0, 99999.99999011897, 99999.99998686253, 99999.99998698583, 99999.99998704436]
J=1.2e-04, ⟨Jf⟩=1.1e-04, ⟨B·n⟩=3.1e-03, Len=sum([2.4, 2.4, 2.4, 2.5, 2.6])=12.3, ϰ=[8.4, 8.2, 9.1, 10.2, 10.5], ∫ϰ²/L>=[15.0, 14.5, 17.3, 18.9, 19.5], C-C-Sep=0.08, ║∇J║=6.4e-04
Iteration 886/2000-----
currents: [100000.0, 99999.99999010416, 99999.99998684207, 99999.99998696586, 99999.99998702433]
J=1.2e-04, ⟨Jf⟩=1.1e-04, ⟨B·n⟩=3.1e-03, Len=sum([2.4, 2.4, 2.4, 2.5, 2.6])=12.3, ϰ=[8.4, 8.2, 9.0, 10.2, 10.5], ∫ϰ²/L>=[15.0, 14.5, 17.3, 18.9, 19.5], C-C-Sep=0.08, ║∇J║=5.3e-04
Iteration 887/2000-----
currents: [100000.0, 99999.9999900903, 99999.99998682302, 99999.99998694725, 99999.99998700566]
J=1.2e-04, ⟨Jf⟩=1.1e-04, ⟨B·n⟩=3.1e-03, Len=sum([2.4, 2.4, 2.4, 2.5, 2.6])=12.3, ϰ=[8.4, 8.2, 9.0, 10.2, 10.5], ∫ϰ²/L>=[15.0, 14.5, 17.3, 18.9, 19.5], C-C-Sep=0.08, ║∇J║=4.2e-04
Iteration 888/2000-----
currents: [100000.0, 99999.99999005506, 99999.99998677424, 99999.99998689954, 99999.99998695767]
J=1.2e-04, ⟨Jf⟩=1.1e-04, ⟨B·n⟩=3.1e-03, Len=sum([2.4, 2.4, 2.4, 2.5, 2.6])=12.3, ϰ=[8.5, 8.2, 9.0, 10.2, 10.5], ∫ϰ²/L>=[15.0, 14.5, 17.3, 18.9, 19.6], C-C-Sep=0.08, ║∇J║=4.2e-04
Iteration 889/2000-----
currents: [100000.0, 99999.99999004333, 99999.99998675818, 99999.9999868838, 99999.99998694178]
J=1.2e-04, ⟨Jf⟩=1.1e-04, ⟨B·n⟩=3.1e-03, Len=sum([2.4, 2.4, 2.4, 2.5, 2.6])=12.3, ϰ=[8.4, 8.1, 9.0, 10.2, 10.5], ∫ϰ²/L>=[15.0, 14.5, 17.3, 18.9, 19.6], C-C-Sep=0.08, ║∇J║=5.0e-04
Iteration 890/2000-----
currents: [100000.0, 99999.9999900193, 99999.99998672478, 99999.9999868511, 99999.99998690891]
J=1.2e-04, ⟨Jf⟩=1.1e-04, ⟨B·n⟩=3.1e-03, Len=sum([2.4, 2.4, 2.4, 2.5, 2.6])=12.3, ϰ=[8.5, 8.1, 9.0, 10.2, 10.5], ∫ϰ²/L>=[15.0, 14.5, 17.3, 18.9, 19.6], C-C-Sep=0.08, ║∇J║=4.6e-04
Iteration 891/2000-----
currents: [100000.0, 99999.99999001312, 99999.99998671626, 99999.99998684273, 99999.99998690042]
J=1.2e-04, ⟨Jf⟩=1.1e-04, ⟨B·n⟩=3.1e-03, Len=sum([2.4, 2.4, 2.4, 2.5, 2.6])=12.3, ϰ=[8.5, 8.1, 9.0, 10.2, 10.4], ∫ϰ²/L>=[15.0, 14.5, 17.3, 18.9, 19.6], C-C-Sep=0.08, ║∇J║=3.9e-04
Iteration 892/2000-----
currents: [100000.0, 99999.99999000158, 99999.99998670023, 99999.99998682698, 99999.99998688455]
J=1.2e-04, ⟨Jf⟩=1.1e-04, ⟨B·n⟩=3.1e-03, Len=sum([2.4, 2.4, 2.4, 2.5, 2.6])=12.3, ϰ=[8.5, 8.0, 9.0, 10.1, 10.4], ∫ϰ²/L>=[15.0, 14.5, 17.3, 18.9, 19.6], C-C-Sep=0.08, ║∇J║=4.0e-04
Iteration 893/2000-----
currents: [100000.0, 99999.99999000829, 99999.9999867096, 99999.99998683618, 99999.99998689372]
J=1.2e-04, ⟨Jf⟩=1.1e-04, ⟨B·n⟩=3.1e-03, Len=sum([2.4, 2.4, 2.4, 2.5, 2.6])=12.3, ϰ=[8.5, 8.0, 9.0, 10.1, 10.4], ∫ϰ²/L>=[14.9, 14.5, 17.2, 18.9, 19.6], C-C-Sep=0.08, ║∇J║=3.7e-04
Iteration 894/2000-----
currents: [100000.0, 99999.99998998354, 99999.99998667532, 99999.99998680256, 99999.99998685985]
J=1.2e-04, ⟨Jf⟩=1.1e-04, ⟨B·n⟩=3.1e-03, Len=sum([2.4, 2.4, 2.4, 2.5, 2.6])=12.3, ϰ=[8.5, 8.0, 9.0, 10.1, 10.4], ∫ϰ²/L>=[14.9, 14.5, 17.2, 18.9, 19.6], C-C-Sep=0.08, ║∇J║=4.6e-04
Iteration 895/2000-----
currents: [100000.0, 99999.99998998709, 99999.99998668027, 99999.99998680738, 99999.99998686463]
J=1.2e-04, ⟨Jf⟩=1.1e-04, ⟨B·n⟩=3.1e-03, Len=sum([2.4, 2.4, 2.4, 2.5, 2.6])=12.3, ϰ=[8.5, 8.0, 9.1, 10.1, 10.4], ∫ϰ²/L>=[14.9, 14.5, 17.2, 18.9, 19.6], C-C-Sep=0.08, ║∇J║=5.6e-04
Iteration 896/2000-----
currents: [100000.0, 99999.99998997583, 99999.99998666462, 99999.99998679209, 99999.99998684922]
J=1.2e-04, ⟨Jf⟩=1.1e-04, ⟨B·n⟩=3.1e-03, Len=sum([2.4, 2.4, 2.4, 2.5, 2.6])=12.3, ϰ=[8.5, 8.0, 9.1, 10.1, 10.4], ∫ϰ²/L>=[14.9, 14.5, 17.2, 18.9, 19.6], C-C-Sep=0.08, ║∇J║=4.3e-04
Iteration 897/2000-----
currents: [100000.0, 99999.99998996384, 99999.99998664789, 99999.99998677564, 99999.99998683273]
J=1.2e-04, ⟨Jf⟩=1.1e-04, ⟨B·n⟩=3.1e-03, Len=sum([2.4, 2.4, 2.4, 2.5, 2.6])=12.3, ϰ=[8.5, 8.0, 9.1, 10.1, 10.4], ∫ϰ²/L>=[14.9, 14.5, 17.2, 18.9, 19.6], C-C-Sep=0.08, ║∇J║=3.4e-04
Iteration 898/2000-----
currents: [100000.0, 99999.99998994199, 99999.9999866175, 99999.99998674582, 99999.99998680287]
J=1.2e-04, ⟨Jf⟩=1.1e-04, ⟨B·n⟩=3.1e-03, Len=sum([2.4, 2.4, 2.4, 2.5, 2.6])=12.3, ϰ=[8.5, 8.0, 9.1, 10.0, 10.4], ∫ϰ²/L>=[14.9, 14.5, 17.2, 18.9, 19.6], C-C-Sep=0.08, ║∇J║=3.5e-04
Iteration 899/2000-----
currents: [100000.0, 99999.99998990778, 99999.99998656998, 99999.99998669923, 99999.99998675613]
J=1.2e-04, ⟨Jf⟩=1.1e-04, ⟨B·n⟩=3.1e-03, Len=sum([2.4, 2.4, 2.4, 2.5, 2.6])=12.3, ϰ=[8.4, 8.0, 9.1, 10.0, 10.3], ∫ϰ²/L>=[15.0, 14.5, 17.2, 18.9, 19.6], C-C-Sep=0.08, ║∇J║=5.0e-04
Iteration 900/2000-----
currents: [100000.0, 99999.99998985977, 99999.99998650339, 99999.99998663398, 99999.99998669063]
J=1.2e-04, ⟨Jf⟩=1.1e-04, ⟨B·n⟩=3.1e-03, Len=sum([2.4, 2.4, 2.4, 2.5, 2.6])=12.3, ϰ=[8.5, 7.9, 9.1, 10.0, 10.3], ∫ϰ²/L>=[15.0, 14.5, 17.2, 18.9, 19.6], C-C-Sep=0.08, ║∇J║=5.1e-04
Iteration 901/2000-----
currents: [100000.0, 99999.99998984631, 99999.9999864849, 99999.99998661585, 99999.99998667245]
J=1.2e-04, ⟨Jf⟩=1.1e-04, ⟨B·n⟩=3.1e-03, Len=sum([2.4, 2.4, 2.4, 2.5, 2.6])=12.3, ϰ=[8.5, 7.9, 9.1, 10.0, 10.4], ∫ϰ²/L>=[15.0, 14.5, 17.2, 18.9, 19.6], C-C-Sep=0.08, ║∇J║=4.9e-04
Iteration 902/2000-----
currents: [100000.0, 99999.99998983361, 99999.99998646737, 99999.99998659872, 99999.99998665517]
J=1.2e-04, ⟨Jf⟩=1.1e-04, ⟨B·n⟩=3.1e-03, Len=sum([2.4, 2.4, 2.4, 2.5, 2.6])=12.3, ϰ=[8.5, 7.9, 9.2, 10.0, 10.4], ∫ϰ²/L>=[15.0, 14.5, 17.2, 18.9, 19.6], C-C-Sep=0.08, ║∇J║=5.5e-04
Iteration 903/2000-----
currents: [100000.0, 99999.99998983578, 99999.99998647039, 99999.99998660169, 99999.99998665816]
J=1.2e-04, ⟨Jf⟩=1.1e-04, ⟨B·n⟩=3.1e-03, Len=sum([2.4, 2.4, 2.4, 2.5, 2.6])=12.3, ϰ=[8.5, 7.9, 9.2, 10.1, 10.4], ∫ϰ²/L>=[15.0, 14.5, 17.2, 18.9, 19.6], C-C-Sep=0.08, ║∇J║=4.0e-04
Iteration 904/2000-----
currents: [100000.0, 99999.99998981212, 99999.99998643766, 99999.99998656969, 99999.99998662608]
J=1.2e-04, ⟨Jf⟩=1.1e-04, ⟨B·n⟩=3.1e-03, Len=sum([2.4, 2.4, 2.4, 2.5, 2.6])=12.3, ϰ=[8.5, 8.0, 9.2, 10.1, 10.4], ∫ϰ²/L>=[15.0, 14.5, 17.2, 18.9, 19.6], C-C-Sep=0.08, ║∇J║=4.4e-04
Iteration 905/2000-----
currents: [100000.0, 99999.99998978178, 99999.99998639573, 99999.99998652871, 99999.999986585]
J=1.2e-04, ⟨Jf⟩=1.1e-04, ⟨B·n⟩=3.1e-03, Len=sum([2.4, 2.4, 2.4, 2.5, 2.6])=12.3, ϰ=[8.5, 8.0, 9.2, 10.0, 10.4], ∫ϰ²/L>=[15.0, 14.5, 17.2, 18.9, 19.6], C-C-Sep=0.08, ║∇J║=4.9e-04
Iteration 906/2000-----
currents: [100000.0, 99999.99998973122, 99999.9999863259, 99999.99998646043, 99999.9999865164]
J=1.2e-04, ⟨Jf⟩=1.1e-04, ⟨B·n⟩=3.1e-03, Len=sum([2.4, 2.4, 2.4, 2.5, 2.6])=12.3, ϰ=[8.5, 8.0, 9.2, 10.0, 10.4], ∫ϰ²/L>=[15.1, 14.5, 17.2, 18.9, 19.6], C-C-Sep=0.08, ║∇J║=5.7e-04
Iteration 907/2000-----
currents: [100000.0, 99999.99998972057, 99999.99998631132, 99999.99998644623, 99999.9999865021]
J=1.2e-04, ⟨Jf⟩=1.1e-04, ⟨B·n⟩=3.1e-03, Len=sum([2.4, 2.4, 2.4, 2.5, 2.6])=12.3, ϰ=[8.6, 8.0, 9.2, 10.0, 10.4], ∫ϰ²/L>=[15.1, 14.5, 17.3, 18.9, 19.6], C-C-Sep=0.08, ║∇J║=4.9e-04
Iteration 908/2000-----
currents: [100000.0, 99999.9999896988, 99999.99998628133, 99999.99998641685, 99999.99998647264]
J=1.2e-04, ⟨Jf⟩=1.1e-04, ⟨B·n⟩=3.1e-03, Len=sum([2.4, 2.4, 2.4, 2.5, 2.6])=12.3, ϰ=[8.5, 8.0, 9.2, 10.0, 10.4], ∫ϰ²/L>=[15.1, 14.5, 17.3, 18.9, 19.6], C-C-Sep=0.08, ║∇J║=5.0e-04
Iteration 909/2000-----
currents: [100000.0, 99999.99998970766, 99999.99998629365, 99999.99998642893, 99999.9999864847]
J=1.2e-04, ⟨Jf⟩=1.1e-04, ⟨B·n⟩=3.1e-03, Len=sum([2.4, 2.4, 2.4, 2.5, 2.6])=12.3, ϰ=[8.5, 8.0, 9.2, 10.0, 10.4], ∫ϰ²/L>=[15.0, 14.5, 17.2, 18.9, 19.6], C-C-Sep=0.08, ║∇J║=4.1e-04
Iteration 910/2000-----
currents: [100000.0, 99999.99998967307, 99999.9999862458, 99999.99998638208, 99999.99998643759]
J=1.2e-04, ⟨Jf⟩=1.1e-04, ⟨B·n⟩=3.1e-03, Len=sum([2.4, 2.4, 2.4, 2.5, 2.6])=12.3, ϰ=[8.5, 8.0, 9.2, 9.9, 10.3], ∫ϰ²/L>=[15.0, 14.5, 17.2, 18.9, 19.6], C-C-Sep=0.08, ║∇J║=4.9e-04
Iteration 911/2000-----
currents: [100000.0, 99999.99998967863, 99999.9999862536, 99999.99998638967, 99999.99998644514]
J=1.2e-04, ⟨Jf⟩=1.1e-04, ⟨B·n⟩=3.1e-03, Len=sum([2.4, 2.4, 2.4, 2.5, 2.6])=12.3, ϰ=[8.5, 8.0, 9.1, 9.9, 10.3], ∫ϰ²/L>=[15.0, 14.5, 17.2, 18.9, 19.5], C-C-Sep=0.08, ║∇J║=4.3e-04
Iteration 912/2000-----
currents: [100000.0, 99999.99998966522, 99999.99998623504, 99999.99998637148, 99999.99998642686]
J=1.2e-04, ⟨Jf⟩=1.1e-04, ⟨B·n⟩=3.1e-03, Len=sum([2.4, 2.4, 2.4, 2.5, 2.6])=12.3, ϰ=[8.5, 8.0, 9.1, 9.9, 10.3], ∫ϰ²/L>=[15.0, 14.5, 17.2, 18.9, 19.5], C-C-Sep=0.08, ║∇J║=4.6e-04
Iteration 913/2000-----
currents: [100000.0, 99999.99998964615, 99999.99998620866, 99999.99998634556, 99999.99998640081]
J=1.2e-04, ⟨Jf⟩=1.1e-04, ⟨B·n⟩=3.1e-03, Len=sum([2.4, 2.4, 2.4, 2.5, 2.6])=12.3, ϰ=[8.6, 8.0, 9.1, 9.9, 10.3], ∫ϰ²/L>=[15.0, 14.5, 17.2, 18.9, 19.5], C-C-Sep=0.08, ║∇J║=4.7e-04
Iteration 914/2000-----
currents: [100000.0, 99999.99998960011, 99999.99998614508, 99999.99998628325, 99999.99998633817]
J=1.2e-04, ⟨Jf⟩=1.1e-04, ⟨B·n⟩=3.1e-03, Len=sum([2.4, 2.4, 2.4, 2.5, 2.6])=12.3, ϰ=[8.6, 8.0, 9.1, 9.9, 10.3], ∫ϰ²/L>=[15.0, 14.5, 17.2, 18.9, 19.6], C-C-Sep=0.08, ║∇J║=5.0e-04
Iteration 915/2000-----
currents: [100000.0, 99999.99998958297, 99999.9999861214, 99999.99998626001, 99999.99998631483]
J=1.2e-04, ⟨Jf⟩=1.1e-04, ⟨B·n⟩=3.1e-03, Len=sum([2.4, 2.4, 2.4, 2.5, 2.6])=12.3, ϰ=[8.6, 8.0, 9.1, 9.9, 10.3], ∫ϰ²/L>=[15.0, 14.5, 17.2, 18.9, 19.6], C-C-Sep=0.08, ║∇J║=4.6e-04
Iteration 916/2000-----
currents: [100000.0, 99999.99998955775, 99999.99998608661, 99999.99998622593, 99999.99998628051]
J=1.2e-04, ⟨Jf⟩=1.1e-04, ⟨B·n⟩=3.1e-03, Len=sum([2.4, 2.4, 2.4, 2.5, 2.6])=12.3, ϰ=[8.6, 7.9, 9.1, 9.8, 10.4], ∫ϰ²/L>=[15.0, 14.5, 17.2, 18.9, 19.6], C-C-Sep=0.08, ║∇J║=4.7e-04
Iteration 917/2000-----
currents: [100000.0, 99999.99998953337, 99999.99998605286, 99999.99998619288, 99999.9999862474]
J=1.2e-04, ⟨Jf⟩=1.1e-04, ⟨B·n⟩=3.1e-03, Len=sum([2.4, 2.4, 2.4, 2.5, 2.6])=12.3, ϰ=[8.6, 7.9, 9.1, 9.8, 10.4], ∫ϰ²/L>=[15.0, 14.5, 17.2, 18.9, 19.6], C-C-Sep=0.08, ║∇J║=5.7e-04
Iteration 918/2000-----
currents: [100000.0, 99999.99998952406, 99999.99998604, 99999.99998618032, 99999.99998623475]
J=1.2e-04, ⟨Jf⟩=1.1e-04, ⟨B·n⟩=3.1e-03, Len=sum([2.4, 2.4, 2.4, 2.5, 2.6])=12.3, ϰ=[8.6, 8.0, 9.1, 9.8, 10.4], ∫ϰ²/L>=[15.1, 14.5, 17.2, 18.9, 19.6], C-C-Sep=0.08, ║∇J║=4.0e-04
Iteration 919/2000-----
currents: [100000.0, 99999.9999895061, 99999.9999860151, 99999.99998615595, 99999.99998621031]
J=1.2e-04, ⟨Jf⟩=1.1e-04, ⟨B·n⟩=3.1e-03, Len=sum([2.4, 2.4, 2.4, 2.5, 2.6])=12.3, ϰ=[8.6, 8.0, 9.1, 9.8, 10.4], ∫ϰ²/L>=[15.1, 14.5, 17.2, 18.9, 19.6], C-C-Sep=0.08, ║∇J║=3.5e-04
Iteration 920/2000-----
currents: [100000.0, 99999.99998949426, 99999.99998599864, 99999.99998613984, 99999.99998619418]
J=1.2e-04, ⟨Jf⟩=1.1e-04, ⟨B·n⟩=3.1e-03, Len=sum([2.4, 2.4, 2.4, 2.5, 2.6])=12.3, ϰ=[8.6, 8.0, 9.0, 9.8, 10.4], ∫ϰ²/L>=[15.1, 14.5, 17.2, 18.9, 19.6], C-C-Sep=0.08, ║∇J║=3.9e-04
Iteration 921/2000-----
currents: [100000.0, 99999.99998946894, 99999.9999859635, 99999.99998610542, 99999.99998615967]
J=1.2e-04, ⟨Jf⟩=1.1e-04, ⟨B·n⟩=3.1e-03, Len=sum([2.4, 2.4, 2.4, 2.5, 2.6])=12.3, ϰ=[8.6, 8.0, 9.0, 9.7, 10.4], ∫ϰ²/L>=[15.1, 14.5, 17.2, 18.9, 19.6], C-C-Sep=0.08, ║∇J║=4.7e-04
Iteration 922/2000-----
currents: [100000.0, 99999.99998945696, 99999.99998594676, 99999.99998608901, 99999.99998614329]
J=1.2e-04, ⟨Jf⟩=1.1e-04, ⟨B·n⟩=3.1e-03, Len=sum([2.4, 2.4, 2.4, 2.5, 2.6])=12.3, ϰ=[8.6, 8.0, 9.0, 9.7, 10.4], ∫ϰ²/L>=[15.1, 14.5, 17.2, 18.9, 19.6], C-C-Sep=0.08, ║∇J║=5.0e-04
Iteration 923/2000-----
currents: [100000.0, 99999.99998943559, 99999.9999859172, 99999.99998606004, 99999.9999861142]
J=1.2e-04, ⟨Jf⟩=1.1e-04, ⟨B·n⟩=3.1e-03, Len=sum([2.4, 2.4, 2.4, 2.5, 2.6])=12.3, ϰ=[8.7, 8.0, 9.0, 9.7, 10.4], ∫ϰ²/L>=[15.1, 14.5, 17.2, 18.9, 19.6], C-C-Sep=0.08, ║∇J║=4.3e-04
Iteration 924/2000-----
currents: [100000.0, 99999.9999894315, 99999.99998591159, 99999.99998605455, 99999.99998610867]
J=1.2e-04, ⟨Jf⟩=1.1e-04, ⟨B·n⟩=3.1e-03, Len=sum([2.4, 2.4, 2.4, 2.5, 2.6])=12.3, ϰ=[8.7, 8.0, 9.0, 9.7, 10.4], ∫ϰ²/L>=[15.1, 14.5, 17.1, 18.9, 19.6], C-C-Sep=0.08, ║∇J║=4.6e-04
Iteration 925/2000-----
currents: [100000.0, 99999.99998937851, 99999.99998583827, 99999.99998598275, 99999.99998603654]
J=1.2e-04, ⟨Jf⟩=1.1e-04, ⟨B·n⟩=3.1e-03, Len=sum([2.4, 2.4, 2.4, 2.5, 2.6])=12.3, ϰ=[8.7, 8.0, 9.1, 9.7, 10.4], ∫ϰ²/L>=[15.2, 14.5, 17.1, 18.9, 19.6], C-C-Sep=0.08, ║∇J║=5.2e-04
Iteration 926/2000-----
currents: [100000.0, 99999.9999894033, 99999.99998587258, 99999.99998601642, 99999.99998607043]
J=1.2e-04, ⟨Jf⟩=1.1e-04, ⟨B·n⟩=3.1e-03, Len=sum([2.4, 2.4, 2.4, 2.5, 2.6])=12.3, ϰ=[8.7, 8.0, 9.1, 9.7, 10.4], ∫ϰ²/L>=[15.1, 14.5, 17.1, 18.9, 19.6], C-C-Sep=0.08, ║∇J║=8.4e-04
Iteration 927/2000-----
currents: [100000.0, 99999.99998940119, 99999.99998586974, 99999.99998601369, 99999.99998606768]
J=1.2e-04, ⟨Jf⟩=1.1e-04, ⟨B·n⟩=3.1e-03, Len=sum([2.4, 2.4, 2.4, 2.5, 2.6])=12.3, ϰ=[8.7, 8.0, 9.1, 9.7, 10.4], ∫ϰ²/L>=[15.1, 14.5, 17.1, 18.9, 19.6], C-C-Sep=0.08, ║∇J║=4.6e-04
Iteration 928/2000-----
currents: [100000.0, 99999.99998938729, 99999.99998585047, 99999.99998599486, 99999.99998604879]
J=1.2e-04, ⟨Jf⟩=1.1e-04, ⟨B·n⟩=3.1e-03, Len=sum([2.4, 2.4, 2.4, 2.5, 2.6])=12.3, ϰ=[8.7, 8.0, 9.1, 9.7, 10.4], ∫ϰ²/L>=[15.1, 14.5, 17.2, 18.9, 19.6], C-C-Sep=0.08, ║∇J║=3.7e-04
Iteration 929/2000-----
currents: [100000.0, 99999.99998936692, 99999.99998582229, 99999.99998596731, 99999.99998602111]
J=1.2e-04, ⟨Jf⟩=1.1e-04, ⟨B·n⟩=3.1e-03, Len=sum([2.4, 2.4, 2.4, 2.5, 2.6])=12.3, ϰ=[8.7, 8.0, 9.1, 9.7, 10.4], ∫ϰ²/L>=[15.1, 14.5, 17.2, 18.9, 19.6], C-C-Sep=0.08, ║∇J║=3.3e-04
Iteration 930/2000-----
currents: [100000.0, 99999.99998933141, 99999.99998577316, 99999.9999859193, 99999.99998597291]
J=1.2e-04, ⟨Jf⟩=1.1e-04, ⟨B·n⟩=3.1e-03, Len=sum([2.4, 2.4, 2.4, 2.5, 2.6])=12.3, ϰ=[8.6, 7.9, 9.1, 9.8, 10.4], ∫ϰ²/L>=[15.1, 14.5, 17.2, 19.0, 19.6], C-C-Sep=0.08, ║∇J║=4.3e-04
Iteration 931/2000-----
currents: [100000.0, 99999.99998930453, 99999.99998573618, 99999.99998588322, 99999.99998593662]
J=1.2e-04, ⟨Jf⟩=1.1e-04, ⟨B·n⟩=3.1e-03, Len=sum([2.4, 2.4, 2.4, 2.5, 2.6])=12.3, ϰ=[8.6, 7.9, 9.1, 9.8, 10.4], ∫ϰ²/L>=[15.1, 14.5, 17.2, 19.0, 19.6], C-C-Sep=0.08, ║∇J║=5.1e-04
Iteration 932/2000-----
currents: [100000.0, 99999.99998928304, 99999.9999857066, 99999.99998585426, 99999.99998590747]
J=1.2e-04, ⟨Jf⟩=1.1e-04, ⟨B·n⟩=3.1e-03, Len=sum([2.4, 2.4, 2.4, 2.5, 2.6])=12.3, ϰ=[8.7, 7.9, 9.0, 9.7, 10.4], ∫ϰ²/L>=[15.1, 14.5, 17.2, 19.0, 19.6], C-C-Sep=0.08, ║∇J║=4.1e-04
Iteration 933/2000-----
currents: [100000.0, 99999.99998924103, 99999.99998564864, 99999.99998579753, 99999.99998585042]
J=1.2e-04, ⟨Jf⟩=1.1e-04, ⟨B·n⟩=3.1e-03, Len=sum([2.4, 2.4, 2.4, 2.5, 2.6])=12.3, ϰ=[8.7, 7.9, 9.0, 9.7, 10.3], ∫ϰ²/L>=[15.1, 14.5, 17.2, 19.0, 19.6], C-C-Sep=0.08, ║∇J║=4.2e-04
Iteration 934/2000-----
currents: [100000.0, 99999.99998923931, 99999.99998564635, 99999.9999857953, 99999.99998584816]
J=1.2e-04, ⟨Jf⟩=1.1e-04, ⟨B·n⟩=3.1e-03, Len=sum([2.4, 2.4, 2.4, 2.5, 2.6])=12.3, ϰ=[8.7, 7.9, 9.0, 9.7, 10.3], ∫ϰ²/L>=[15.1, 14.5, 17.2, 18.9, 19.6], C-C-Sep=0.08, ║∇J║=4.4e-04
Iteration 935/2000-----
currents: [100000.0, 99999.99998922087, 99999.99998562102, 99999.99998577051, 99999.9999858233]
J=1.2e-04, ⟨Jf⟩=1.1e-04, ⟨B·n⟩=3.1e-03, Len=sum([2.4, 2.4, 2.4, 2.5, 2.6])=12.3, ϰ=[8.7, 7.9, 9.0, 9.7, 10.3], ∫ϰ²/L>=[15.1, 14.5, 17.2, 18.9, 19.6], C-C-Sep=0.08, ║∇J║=3.9e-04
Iteration 936/2000-----
currents: [100000.0, 99999.99998920018, 99999.99998559254, 99999.99998574269, 99999.99998579535]
J=1.2e-04, ⟨Jf⟩=1.1e-04, ⟨B·n⟩=3.1e-03, Len=sum([2.4, 2.4, 2.4, 2.5, 2.6])=12.3, ϰ=[8.6, 7.9, 9.0, 9.7, 10.3], ∫ϰ²/L>=[15.1, 14.5, 17.2, 18.9, 19.5], C-C-Sep=0.08, ║∇J║=4.8e-04
Iteration 937/2000-----
currents: [100000.0, 99999.99998916463, 99999.99998554352, 99999.99998569473, 99999.99998574726]
J=1.2e-04, ⟨Jf⟩=1.1e-04, ⟨B·n⟩=3.1e-03, Len=sum([2.4, 2.4, 2.4, 2.5, 2.6])=12.3, ϰ=[8.6, 7.9, 9.0, 9.7, 10.3], ∫ϰ²/L>=[15.2, 14.5, 17.1, 18.9, 19.5], C-C-Sep=0.08, ║∇J║=4.6e-04
Iteration 938/2000-----
currents: [100000.0, 99999.99998916517, 99999.99998554439, 99999.99998569563, 99999.99998574817]
J=1.2e-04, ⟨Jf⟩=1.1e-04, ⟨B·n⟩=3.1e-03, Len=sum([2.4, 2.4, 2.4, 2.5, 2.6])=12.3, ϰ=[8.6, 7.9, 9.0, 9.7, 10.3], ∫ϰ²/L>=[15.1, 14.5, 17.1, 18.9, 19.5], C-C-Sep=0.08, ║∇J║=4.3e-04
Iteration 939/2000-----
currents: [100000.0, 99999.99998913215, 99999.99998549913, 99999.99998565143, 99999.9999857037]
J=1.2e-04, ⟨Jf⟩=1.1e-04, ⟨B·n⟩=3.1e-03, Len=sum([2.4, 2.4, 2.4, 2.5, 2.6])=12.3, ϰ=[8.6, 7.9, 8.9, 9.7, 10.3], ∫ϰ²/L>=[15.2, 14.6, 17.1, 18.9, 19.5], C-C-Sep=0.08, ║∇J║=5.0e-04
Iteration 940/2000-----
currents: [100000.0, 99999.99998912787, 99999.99998549331, 99999.99998564579, 99999.99998569803]
J=1.2e-04, ⟨Jf⟩=1.1e-04, ⟨B·n⟩=3.1e-03, Len=sum([2.4, 2.4, 2.4, 2.5, 2.6])=12.3, ϰ=[8.6, 7.9, 8.9, 9.7, 10.3], ∫ϰ²/L>=[15.2, 14.6, 17.1, 18.9, 19.5], C-C-Sep=0.08, ║∇J║=4.5e-04
Iteration 941/2000-----
currents: [100000.0, 99999.99998912231, 99999.99998548577, 99999.9999856384, 99999.99998569058]
J=1.2e-04, ⟨Jf⟩=1.1e-04, ⟨B·n⟩=3.1e-03, Len=sum([2.4, 2.4, 2.4, 2.5, 2.6])=12.3, ϰ=[8.6, 7.9, 8.9, 9.7, 10.3], ∫ϰ²/L>=[15.2, 14.6, 17.1, 18.9, 19.5], C-C-Sep=0.08, ║∇J║=3.7e-04
Iteration 942/2000-----
currents: [100000.0, 99999.99998911032, 99999.99998546933, 99999.99998562231, 99999.99998567448]
J=1.2e-04, ⟨Jf⟩=1.1e-04, ⟨B·n⟩=3.1e-03, Len=sum([2.4, 2.4, 2.4, 2.5, 2.6])=12.3, ϰ=[8.6, 7.9, 8.9, 9.7, 10.2], ∫ϰ²/L>=[15.2, 14.6, 17.1, 18.9, 19.5], C-C-Sep=0.08, ║∇J║=3.3e-04
Iteration 943/2000-----
currents: [100000.0, 99999.99998909722, 99999.99998545134, 99999.99998560468, 99999.99998565673]
J=1.2e-04, ⟨Jf⟩=1.1e-04, ⟨B·n⟩=3.1e-03, Len=sum([2.4, 2.4, 2.4, 2.5, 2.6])=12.3, ϰ=[8.6, 7.9, 8.9, 9.7, 10.3], ∫ϰ²/L>=[15.1, 14.6, 17.1, 18.9, 19.5], C-C-Sep=0.08, ║∇J║=3.4e-04
Iteration 944/2000-----
currents: [100000.0, 99999.99998909922, 99999.99998545411, 99999.99998560736, 99999.99998565941]
J=1.2e-04, ⟨Jf⟩=1.1e-04, ⟨B·n⟩=3.1e-03, Len=sum([2.4, 2.4, 2.4, 2.5, 2.6])=12.3, ϰ=[8.6, 7.9, 8.8, 9.7, 10.3], ∫ϰ²/L>=[15.1, 14.6, 17.1, 18.9, 19.5], C-C-Sep=0.08, ║∇J║=3.0e-04
Iteration 945/2000-----
currents: [100000.0, 99999.99998908909, 99999.99998544002, 99999.99998559347, 99999.99998564544]
J=1.2e-04, ⟨Jf⟩=1.1e-04, ⟨B·n⟩=3.1e-03, Len=sum([2.4, 2.4, 2.4, 2.5, 2.6])=12.3, ϰ=[8.6, 7.9, 8.8, 9.7, 10.3], ∫ϰ²/L>=[15.1, 14.6, 17.1, 18.9, 19.5], C-C-Sep=0.08, ║∇J║=3.9e-04
Iteration 946/2000-----
currents: [100000.0, 99999.99998908617, 99999.99998543596, 99999.99998558947, 99999.99998564144]
J=1.2e-04, ⟨Jf⟩=1.1e-04, ⟨B·n⟩=3.1e-03, Len=sum([2.4, 2.4, 2.4, 2.5, 2.6])=12.3, ϰ=[8.5, 8.0, 8.8, 9.8, 10.3], ∫ϰ²/L>=[15.1, 14.6, 17.1, 18.9, 19.5], C-C-Sep=0.08, ║∇J║=3.4e-04
Iteration 947/2000-----
currents: [100000.0, 99999.99998907108, 99999.99998541511, 99999.99998556907, 99999.99998562089]
J=1.2e-04, ⟨Jf⟩=1.1e-04, ⟨B·n⟩=3.1e-03, Len=sum([2.4, 2.4, 2.4, 2.5, 2.6])=12.3, ϰ=[8.5, 8.0, 8.8, 9.8, 10.3], ∫ϰ²/L>=[15.1, 14.6, 17.1, 18.9, 19.4], C-C-Sep=0.08, ║∇J║=3.8e-04
Iteration 948/2000-----
currents: [100000.0, 99999.99998905703, 99999.99998539577, 99999.99998555014, 99999.99998560191]
J=1.2e-04, ⟨Jf⟩=1.1e-04, ⟨B·n⟩=3.1e-03, Len=sum([2.4, 2.4, 2.4, 2.5, 2.6])=12.3, ϰ=[8.5, 8.0, 8.7, 9.8, 10.3], ∫ϰ²/L>=[15.1, 14.6, 17.0, 18.9, 19.4], C-C-Sep=0.08, ║∇J║=3.3e-04
Iteration 949/2000-----
currents: [100000.0, 99999.99998903136, 99999.9999853604, 99999.99998551549, 99999.99998556719]
J=1.2e-04, ⟨Jf⟩=1.1e-04, ⟨B·n⟩=3.1e-03, Len=sum([2.4, 2.4, 2.4, 2.5, 2.6])=12.3, ϰ=[8.5, 8.0, 8.7, 9.8, 10.3], ∫ϰ²/L>=[15.1, 14.6, 17.0, 18.9, 19.4], C-C-Sep=0.08, ║∇J║=3.6e-04
Iteration 950/2000-----
currents: [100000.0, 99999.99998898985, 99999.99998530328, 99999.9999854596, 99999.9999855112]
J=1.2e-04, ⟨Jf⟩=1.1e-04, ⟨B·n⟩=3.1e-03, Len=sum([2.4, 2.4, 2.4, 2.5, 2.6])=12.3, ϰ=[8.5, 8.1, 8.7, 9.8, 10.3], ∫ϰ²/L>=[15.1, 14.6, 17.0, 18.9, 19.4], C-C-Sep=0.08, ║∇J║=3.6e-04
Iteration 951/2000-----
currents: [100000.0, 99999.99998892545, 99999.99998521477, 99999.99998537297, 99999.99998542442]
J=1.2e-04, ⟨Jf⟩=1.1e-04, ⟨B·n⟩=3.1e-03, Len=sum([2.4, 2.4, 2.4, 2.5, 2.6])=12.3, ϰ=[8.5, 8.1, 8.7, 9.7, 10.3], ∫ϰ²/L>=[15.1, 14.6, 17.0, 18.9, 19.4], C-C-Sep=0.08, ║∇J║=5.3e-04
Iteration 952/2000-----
currents: [100000.0, 99999.99998895291, 99999.99998525289, 99999.99998541015, 99999.99998546184]
J=1.2e-04, ⟨Jf⟩=1.1e-04, ⟨B·n⟩=3.0e-03, Len=sum([2.4, 2.4, 2.4, 2.5, 2.6])=12.3, ϰ=[8.5, 8.1, 8.7, 9.7, 10.3], ∫ϰ²/L>=[15.1, 14.6, 17.0, 18.9, 19.5], C-C-Sep=0.08, ║∇J║=7.6e-04
Iteration 953/2000-----
currents: [100000.0, 99999.99998894832, 99999.99998524645, 99999.99998540389, 99999.99998545552]
J=1.2e-04, ⟨Jf⟩=1.1e-04, ⟨B·n⟩=3.1e-03, Len=sum([2.4, 2.4, 2.4, 2.5, 2.6])=12.3, ϰ=[8.5, 8.1, 8.7, 9.7, 10.3], ∫ϰ²/L>=[15.1, 14.6, 17.0, 18.9, 19.5], C-C-Sep=0.08, ║∇J║=4.6e-04
Iteration 954/2000-----
currents: [100000.0, 99999.99998893951, 99999.9999852343, 99999.99998539193, 99999.99998544347]
J=1.2e-04, ⟨Jf⟩=1.1e-04, ⟨B·n⟩=3.1e-03, Len=sum([2.4, 2.4, 2.4, 2.5, 2.6])=12.3, ϰ=[8.5, 8.1, 8.7, 9.7, 10.3], ∫ϰ²/L>=[15.1, 14.6, 17.0, 18.9, 19.4], C-C-Sep=0.08, ║∇J║=3.1e-04
Iteration 955/2000-----
currents: [100000.0, 99999.99998891895, 99999.99998520612, 99999.99998536428, 99999.99998541576]
J=1.2e-04, ⟨Jf⟩=1.1e-04, ⟨B·n⟩=3.1e-03, Len=sum([2.4, 2.4, 2.4, 2.5, 2.6])=12.3, ϰ=[8.5, 8.1, 8.7, 9.7, 10.3], ∫ϰ²/L>=[15.1, 14.6, 17.0, 18.9, 19.4], C-C-Sep=0.08, ║∇J║=3.1e-04
Iteration 956/2000-----
currents: [100000.0, 99999.9999888938, 99999.99998517173, 99999.99998533045, 99999.99998538189]
J=1.2e-04, ⟨Jf⟩=1.1e-04, ⟨B·n⟩=3.1e-03, Len=sum([2.4, 2.4, 2.4, 2.5, 2.6])=12.3, ϰ=[8.5, 8.1, 8.8, 9.7, 10.3], ∫ϰ²/L>=[15.1, 14.6, 17.0, 18.9, 19.4], C-C-Sep=0.08, ║∇J║=3.5e-04
Iteration 957/2000-----
currents: [100000.0, 99999.99998887246, 99999.99998514277, 99999.99998530203, 99999.99998535351]
J=1.2e-04, ⟨Jf⟩=1.1e-04, ⟨B·n⟩=3.1e-03, Len=sum([2.4, 2.4, 2.4, 2.5, 2.6])=12.3, ϰ=[8.5, 8.1, 8.8, 9.6, 10.3], ∫ϰ²/L>=[15.1, 14.5, 17.0, 18.9, 19.5], C-C-Sep=0.08, ║∇J║=5.6e-04
Iteration 958/2000-----
currents: [100000.0, 99999.99998887895, 99999.99998515162, 99999.99998531066, 99999.99998536218]
J=1.2e-04, ⟨Jf⟩=1.1e-04, ⟨B·n⟩=3.1e-03, Len=sum([2.4, 2.4, 2.4, 2.5, 2.6])=12.3, ϰ=[8.5, 8.1, 8.8, 9.6, 10.3], ∫ϰ²/L>=[15.1, 14.5, 17.0, 18.9, 19.5], C-C-Sep=0.08, ║∇J║=2.7e-04
Iteration 959/2000-----
currents: [100000.0, 99999.99998887352, 99999.9999851441, 99999.99998530328, 99999.99998535478]
J=1.2e-04, ⟨Jf⟩=1.1e-04, ⟨B·n⟩=3.1e-03, Len=sum([2.4, 2.4, 2.4, 2.5, 2.6])=12.3, ϰ=[8.5, 8.0, 8.7, 9.6, 10.3], ∫ϰ²/L>=[15.1, 14.5, 17.0, 18.9, 19.5], C-C-Sep=0.08, ║∇J║=3.0e-04
Iteration 960/2000-----
currents: [100000.0, 99999.99998887547, 99999.99998514696, 99999.9999853061, 99999.99998535767]
J=1.2e-04, ⟨Jf⟩=1.1e-04, ⟨B·n⟩=3.1e-03, Len=sum([2.4, 2.4, 2.4, 2.5, 2.6])=12.3, ϰ=[8.5, 8.0, 8.7, 9.6, 10.3], ∫ϰ²/L>=[15.1, 14.5, 17.0, 18.9, 19.5], C-C-Sep=0.08, ║∇J║=3.3e-04
Iteration 961/2000-----
currents: [100000.0, 99999.9999888584, 99999.99998512371, 99999.99998528333, 99999.99998533496]
J=1.2e-04, ⟨Jf⟩=1.1e-04, ⟨B·n⟩=3.1e-03, Len=sum([2.4, 2.4, 2.4, 2.5, 2.6])=12.3, ϰ=[8.5, 8.0, 8.7, 9.6, 10.2], ∫ϰ²/L>=[15.1, 14.5, 17.0, 18.9, 19.5], C-C-Sep=0.08, ║∇J║=3.5e-04
Iteration 962/2000-----
currents: [100000.0, 99999.99998883667, 99999.99998509415, 99999.99998525438, 99999.9999853061]
J=1.2e-04, ⟨Jf⟩=1.1e-04, ⟨B·n⟩=3.1e-03, Len=sum([2.4, 2.4, 2.4, 2.5, 2.6])=12.3, ϰ=[8.4, 8.0, 8.7, 9.6, 10.2], ∫ϰ²/L>=[15.1, 14.5, 17.0, 18.9, 19.5], C-C-Sep=0.08, ║∇J║=3.3e-04
Iteration 963/2000-----
currents: [100000.0, 99999.99998881963, 99999.99998507097, 99999.99998523173, 99999.99998528346]
J=1.2e-04, ⟨Jf⟩=1.1e-04, ⟨B·n⟩=3.1e-03, Len=sum([2.4, 2.4, 2.4, 2.5, 2.6])=12.3, ϰ=[8.5, 8.0, 8.7, 9.6, 10.2], ∫ϰ²/L>=[15.1, 14.5, 17.0, 18.9, 19.5], C-C-Sep=0.08, ║∇J║=3.1e-04
Iteration 964/2000-----
currents: [100000.0, 99999.99998879839, 99999.99998504187, 99999.99998520325, 99999.99998525502]
J=1.2e-04, ⟨Jf⟩=1.1e-04, ⟨B·n⟩=3.1e-03, Len=sum([2.4, 2.4, 2.4, 2.5, 2.6])=12.3, ϰ=[8.5, 8.0, 8.7, 9.6, 10.2], ∫ϰ²/L>=[15.1, 14.5, 17.0, 18.9, 19.5], C-C-Sep=0.08, ║∇J║=2.8e-04
Iteration 965/2000-----
currents: [100000.0, 99999.99998878372, 99999.99998502177, 99999.99998518359, 99999.99998523538]
J=1.2e-04, ⟨Jf⟩=1.1e-04, ⟨B·n⟩=3.1e-03, Len=sum([2.4, 2.4, 2.4, 2.5, 2.6])=12.3, ϰ=[8.5, 8.0, 8.7, 9.6, 10.2], ∫ϰ²/L>=[15.0, 14.5, 17.0, 18.9, 19.5], C-C-Sep=0.08, ║∇J║=3.7e-04
Iteration 966/2000-----
currents: [100000.0, 99999.99998878187, 99999.9999850192, 99999.99998518103, 99999.9999852328]
J=1.2e-04, ⟨Jf⟩=1.1e-04, ⟨B·n⟩=3.1e-03, Len=sum([2.4, 2.4, 2.4, 2.5, 2.6])=12.3, ϰ=[8.5, 8.0, 8.6, 9.6, 10.2], ∫ϰ²/L>=[15.0, 14.5, 17.0, 18.9, 19.5], C-C-Sep=0.08, ║∇J║=3.3e-04
Iteration 967/2000-----
currents: [100000.0, 99999.99998877289, 99999.99998500691, 99999.99998516895, 99999.99998522071]
J=1.2e-04, ⟨Jf⟩=1.1e-04, ⟨B·n⟩=3.1e-03, Len=sum([2.4, 2.4, 2.4, 2.5, 2.6])=12.3, ϰ=[8.5, 8.0, 8.6, 9.6, 10.2], ∫ϰ²/L>=[15.0, 14.5, 16.9, 18.9, 19.5], C-C-Sep=0.08, ║∇J║=3.5e-04
Iteration 968/2000-----
currents: [100000.0, 99999.99998875365, 99999.99998498056, 99999.99998514306, 99999.9999851948]
J=1.2e-04, ⟨Jf⟩=1.1e-04, ⟨B·n⟩=3.1e-03, Len=sum([2.4, 2.4, 2.4, 2.5, 2.6])=12.3, ϰ=[8.5, 8.0, 8.6, 9.6, 10.2], ∫ϰ²/L>=[15.0, 14.5, 16.9, 18.9, 19.5], C-C-Sep=0.08, ║∇J║=3.0e-04
Iteration 969/2000-----
currents: [100000.0, 99999.99998874156, 99999.99998496402, 99999.99998512673, 99999.99998517842]
J=1.2e-04, ⟨Jf⟩=1.1e-04, ⟨B·n⟩=3.1e-03, Len=sum([2.4, 2.4, 2.4, 2.5, 2.6])=12.3, ϰ=[8.5, 8.0, 8.6, 9.6, 10.2], ∫ϰ²/L>=[15.0, 14.5, 16.9, 18.9, 19.4], C-C-Sep=0.08, ║∇J║=3.3e-04
Iteration 970/2000-----
currents: [100000.0, 99999.9999887266, 99999.99998494347, 99999.99998510646, 99999.99998515811]
J=1.2e-04, ⟨Jf⟩=1.1e-04, ⟨B·n⟩=3.1e-03, Len=sum([2.4, 2.4, 2.4, 2.5, 2.6])=12.3, ϰ=[8.5, 8.0, 8.6, 9.6, 10.2], ∫ϰ²/L>=[15.1, 14.5, 16.9, 18.9, 19.4], C-C-Sep=0.08, ║∇J║=3.1e-04
Iteration 971/2000-----
currents: [100000.0, 99999.99998869756, 99999.99998490358, 99999.9999850673, 99999.99998511885]
J=1.2e-04, ⟨Jf⟩=1.1e-04, ⟨B·n⟩=3.1e-03, Len=sum([2.4, 2.4, 2.4, 2.5, 2.6])=12.3, ϰ=[8.5, 8.0, 8.6, 9.6, 10.3], ∫ϰ²/L>=[15.1, 14.5, 16.9, 18.9, 19.4], C-C-Sep=0.08, ║∇J║=3.4e-04
Iteration 972/2000-----
currents: [100000.0, 99999.99998867742, 99999.99998487586, 99999.99998504008, 99999.99998509148]
J=1.2e-04, ⟨Jf⟩=1.1e-04, ⟨B·n⟩=3.1e-03, Len=sum([2.4, 2.4, 2.4, 2.5, 2.6])=12.3, ϰ=[8.5, 8.0, 8.5, 9.6, 10.3], ∫ϰ²/L>=[15.1, 14.5, 16.9, 18.9, 19.4], C-C-Sep=0.08, ║∇J║=3.2e-04
Iteration 973/2000-----
currents: [100000.0, 99999.99998865153, 99999.99998484032, 99999.99998500524, 99999.99998505652]
J=1.2e-04, ⟨Jf⟩=1.1e-04, ⟨B·n⟩=3.1e-03, Len=sum([2.4, 2.4, 2.4, 2.5, 2.6])=12.3, ϰ=[8.5, 8.0, 8.5, 9.7, 10.3], ∫ϰ²/L>=[15.1, 14.5, 16.9, 18.9, 19.4], C-C-Sep=0.08, ║∇J║=3.4e-04
Iteration 974/2000-----
currents: [100000.0, 99999.99998864222, 99999.99998482758, 99999.99998499271, 99999.99998504392]
J=1.2e-04, ⟨Jf⟩=1.1e-04, ⟨B·n⟩=3.1e-03, Len=sum([2.4, 2.4, 2.4, 2.5, 2.6])=12.3, ϰ=[8.5, 8.0, 8.5, 9.7, 10.3], ∫ϰ²/L>=[15.1, 14.5, 16.9, 18.9, 19.4], C-C-Sep=0.08, ║∇J║=4.9e-04
Iteration 975/2000-----
currents: [100000.0, 99999.99998862825, 99999.99998480841, 99999.9999849739, 99999.99998502497]
J=1.2e-04, ⟨Jf⟩=1.1e-04, ⟨B·n⟩=3.1e-03, Len=sum([2.4, 2.4, 2.4, 2.5, 2.6])=12.3, ϰ=[8.5, 7.9, 8.6, 9.7, 10.3], ∫ϰ²/L>=[15.1, 14.5, 16.9, 18.9, 19.4], C-C-Sep=0.08, ║∇J║=3.1e-04
Iteration 976/2000-----
currents: [100000.0, 99999.99998864371, 99999.99998482967, 99999.99998499473, 99999.99998504593]
J=1.2e-04, ⟨Jf⟩=1.1e-04, ⟨B·n⟩=3.1e-03, Len=sum([2.4, 2.4, 2.4, 2.5, 2.6])=12.3, ϰ=[8.5, 7.9, 8.6, 9.7, 10.3], ∫ϰ²/L>=[15.1, 14.5, 16.9, 18.9, 19.4], C-C-Sep=0.08, ║∇J║=3.5e-04
Iteration 977/2000-----
currents: [100000.0, 99999.99998861944, 99999.99998479635, 99999.99998496198, 99999.99998501303]
J=1.2e-04, ⟨Jf⟩=1.1e-04, ⟨B·n⟩=3.1e-03, Len=sum([2.4, 2.4, 2.4, 2.5, 2.6])=12.3, ϰ=[8.5, 7.9, 8.6, 9.7, 10.3], ∫ϰ²/L>=[15.1, 14.5, 16.9, 19.0, 19.5], C-C-Sep=0.08, ║∇J║=3.7e-04
Iteration 978/2000-----
currents: [100000.0, 99999.99998861684, 99999.99998479271, 99999.99998495838, 99999.99998500937]
J=1.2e-04, ⟨Jf⟩=1.1e-04, ⟨B·n⟩=3.1e-03, Len=sum([2.4, 2.4, 2.4, 2.5, 2.6])=12.3, ϰ=[8.5, 7.9, 8.6, 9.7, 10.3], ∫ϰ²/L>=[15.1, 14.5, 16.9, 18.9, 19.5], C-C-Sep=0.08, ║∇J║=2.9e-04
Iteration 979/2000-----
currents: [100000.0, 99999.99998861068, 99999.99998478428, 99999.99998495012, 99999.99998500108]
J=1.2e-04, ⟨Jf⟩=1.1e-04, ⟨B·n⟩=3.1e-03, Len=sum([2.4, 2.4, 2.4, 2.5, 2.6])=12.3, ϰ=[8.5, 7.9, 8.6, 9.7, 10.3], ∫ϰ²/L>=[15.1, 14.5, 16.9, 18.9, 19.5], C-C-Sep=0.08, ║∇J║=2.8e-04
Iteration 980/2000-----
currents: [100000.0, 99999.99998860285, 99999.99998477356, 99999.99998493961, 99999.99998499054]
J=1.2e-04, ⟨Jf⟩=1.1e-04, ⟨B·n⟩=3.1e-03, Len=sum([2.4, 2.4, 2.4, 2.5, 2.6])=12.3, ϰ=[8.5, 7.9, 8.5, 9.7, 10.3], ∫ϰ²/L>=[15.1, 14.5, 16.9, 18.9, 19.5], C-C-Sep=0.08, ║∇J║=4.0e-04
Iteration 981/2000-----
currents: [100000.0, 99999.99998859782, 99999.99998476669, 99999.99998493286, 99999.99998498373]
J=1.2e-04, ⟨Jf⟩=1.1e-04, ⟨B·n⟩=3.1e-03, Len=sum([2.4, 2.4, 2.4, 2.5, 2.6])=12.3, ϰ=[8.5, 7.9, 8.5, 9.7, 10.3], ∫ϰ²/L>=[15.0, 14.5, 16.8, 18.9, 19.5], C-C-Sep=0.08, ║∇J║=3.4e-04
Iteration 982/2000-----
currents: [100000.0, 99999.99998857967, 99999.99998474192, 99999.99998490863, 99999.99998495953]
J=1.2e-04, ⟨Jf⟩=1.1e-04, ⟨B·n⟩=3.1e-03, Len=sum([2.4, 2.4, 2.4, 2.5, 2.6])=12.3, ϰ=[8.5, 8.0, 8.5, 9.7, 10.3], ∫ϰ²/L>=[15.0, 14.5, 16.9, 18.9, 19.5], C-C-Sep=0.08, ║∇J║=2.8e-04
Iteration 983/2000-----
currents: [100000.0, 99999.99998856959, 99999.99998472823, 99999.99998489523, 99999.9999849461]
J=1.2e-04, ⟨Jf⟩=1.1e-04, ⟨B·n⟩=3.1e-03, Len=sum([2.4, 2.4, 2.4, 2.5, 2.6])=12.3, ϰ=[8.5, 8.0, 8.5, 9.7, 10.3], ∫ϰ²/L>=[15.0, 14.5, 16.9, 19.0, 19.5], C-C-Sep=0.08, ║∇J║=2.7e-04
Iteration 984/2000-----
currents: [100000.0, 99999.99998855294, 99999.9999847055, 99999.9999848729, 99999.99998492374]
J=1.2e-04, ⟨Jf⟩=1.1e-04, ⟨B·n⟩=3.1e-03, Len=sum([2.4, 2.4, 2.4, 2.5, 2.6])=12.3, ϰ=[8.5, 8.0, 8.5, 9.7, 10.3], ∫ϰ²/L>=[15.0, 14.5, 16.9, 19.0, 19.5], C-C-Sep=0.08, ║∇J║=2.7e-04
Iteration 985/2000-----
currents: [100000.0, 99999.99998852503, 99999.99998466733, 99999.99998483538, 99999.99998488608]
J=1.2e-04, ⟨Jf⟩=1.1e-04, ⟨B·n⟩=3.1e-03, Len=sum([2.4, 2.4, 2.4, 2.5, 2.6])=12.3, ϰ=[8.5, 8.0, 8.5, 9.7, 10.3], ∫ϰ²/L>=[15.0, 14.5, 16.9, 19.0, 19.5], C-C-Sep=0.08, ║∇J║=3.8e-04
Iteration 986/2000-----
currents: [100000.0, 99999.99998849601, 99999.99998462766, 99999.9999847964, 99999.99998484702]
J=1.2e-04, ⟨Jf⟩=1.1e-04, ⟨B·n⟩=3.0e-03, Len=sum([2.4, 2.4, 2.4, 2.5, 2.6])=12.3, ϰ=[8.5, 8.0, 8.5, 9.7, 10.4], ∫ϰ²/L>=[15.0, 14.5, 16.9, 19.0, 19.5], C-C-Sep=0.08, ║∇J║=3.1e-04
Iteration 987/2000-----
currents: [100000.0, 99999.99998848049, 99999.99998460646, 99999.99998477555, 99999.99998482603]
J=1.2e-04, ⟨Jf⟩=1.1e-04, ⟨B·n⟩=3.0e-03, Len=sum([2.4, 2.4, 2.4, 2.5, 2.6])=12.3, ϰ=[8.5, 8.0, 8.6, 9.7, 10.4], ∫ϰ²/L>=[15.0, 14.5, 16.9, 19.0, 19.5], C-C-Sep=0.08, ║∇J║=3.0e-04
Iteration 988/2000-----
currents: [100000.0, 99999.9999884752, 99999.99998459923, 99999.99998476842, 99999.99998481887]
J=1.2e-04, ⟨Jf⟩=1.1e-04, ⟨B·n⟩=3.0e-03, Len=sum([2.4, 2.4, 2.4, 2.5, 2.6])=12.3, ϰ=[8.5, 8.0, 8.6, 9.8, 10.3], ∫ϰ²/L>=[15.0, 14.5, 16.9, 19.0, 19.5], C-C-Sep=0.08, ║∇J║=3.3e-04
Iteration 989/2000-----
currents: [100000.0, 99999.99998845768, 99999.99998457523, 99999.99998474488, 99999.9999847953]
J=1.2e-04, ⟨Jf⟩=1.1e-04, ⟨B·n⟩=3.0e-03, Len=sum([2.4, 2.4, 2.4, 2.5, 2.6])=12.3, ϰ=[8.4, 8.0, 8.6, 9.8, 10.3], ∫ϰ²/L>=[15.0, 14.5, 16.9, 19.0, 19.5], C-C-Sep=0.08, ║∇J║=3.9e-04
Iteration 990/2000-----
currents: [100000.0, 99999.99998843245, 99999.99998454071, 99999.99998471102, 99999.99998476129]
J=1.2e-04, ⟨Jf⟩=1.1e-04, ⟨B·n⟩=3.0e-03, Len=sum([2.4, 2.4, 2.4, 2.5, 2.6])=12.3, ϰ=[8.4, 8.0, 8.7, 9.8, 10.3], ∫ϰ²/L>=[15.1, 14.5, 16.9, 19.0, 19.5], C-C-Sep=0.08, ║∇J║=3.9e-04
Iteration 991/2000-----
currents: [100000.0, 99999.9999884148, 99999.9999845165, 99999.99998468727, 99999.99998473757]
J=1.2e-04, ⟨Jf⟩=1.1e-04, ⟨B·n⟩=3.0e-03, Len=sum([2.4, 2.4, 2.4, 2.5, 2.6])=12.3, ϰ=[8.4, 8.0, 8.7, 9.8, 10.3], ∫ϰ²/L>=[15.1, 14.5, 16.9, 19.0, 19.5], C-C-Sep=0.08, ║∇J║=2.8e-04
Iteration 992/2000-----
currents: [100000.0, 99999.99998838255, 99999.99998447236, 99999.99998464403, 99999.99998469435]
J=1.2e-04, ⟨Jf⟩=1.1e-04, ⟨B·n⟩=3.0e-03, Len=sum([2.4, 2.4, 2.4, 2.5, 2.6])=12.3, ϰ=[8.4, 8.0, 8.6, 9.8, 10.3], ∫ϰ²/L>=[15.1, 14.5, 16.9, 19.0, 19.5], C-C-Sep=0.08, ║∇J║=3.1e-04
Iteration 993/2000-----
currents: [100000.0, 99999.99998835863, 99999.99998443955, 99999.99998461186, 99999.9999846622]
J=1.2e-04, ⟨Jf⟩=1.1e-04, ⟨B·n⟩=3.0e-03, Len=sum([2.4, 2.4, 2.4, 2.5, 2.6])=12.3, ϰ=[8.4, 8.0, 8.6, 9.8, 10.3], ∫ϰ²/L>=[15.1, 14.5, 16.9, 19.0, 19.6], C-C-Sep=0.08, ║∇J║=3.6e-04
Iteration 994/2000-----
currents: [100000.0, 99999.9999883295, 99999.99998439972, 99999.99998457289, 99999.99998462322]
J=1.2e-04, ⟨Jf⟩=1.1e-04, ⟨B·n⟩=3.0e-03, Len=sum([2.4, 2.4, 2.4, 2.5, 2.6])=12.3, ϰ=[8.4, 8.0, 8.6, 9.8, 10.3], ∫ϰ²/L>=[15.1, 14.5, 16.9, 19.0, 19.6], C-C-Sep=0.08, ║∇J║=3.2e-04
Iteration 995/2000-----
currents: [100000.0, 99999.9999883364, 99999.99998440928, 99999.99998458232, 99999.99998463264]
J=1.2e-04, ⟨Jf⟩=1.1e-04, ⟨B·n⟩=3.0e-03, Len=sum([2.4, 2.4, 2.4, 2.5, 2.6])=12.3, ϰ=[8.4, 8.0, 8.6, 9.8, 10.3], ∫ϰ²/L>=[15.1, 14.5, 16.8, 19.0, 19.6], C-C-Sep=0.08, ║∇J║=3.5e-04
Iteration 996/2000-----
currents: [100000.0, 99999.999988296, 99999.99998435394, 99999.999984528, 99999.99998457823]
J=1.2e-04, ⟨Jf⟩=1.1e-04, ⟨B·n⟩=3.0e-03, Len=sum([2.4, 2.4, 2.4, 2.5, 2.6])=12.3, ϰ=[8.4, 7.9, 8.6, 9.9, 10.3], ∫ϰ²/L>=[15.1, 14.5, 16.8, 19.0, 19.6], C-C-Sep=0.08, ║∇J║=3.9e-04
Iteration 997/2000-----
currents: [100000.0, 99999.99998831858, 99999.99998438488, 99999.99998455835, 99999.99998460867]
J=1.2e-04, ⟨Jf⟩=1.1e-04, ⟨B·n⟩=3.0e-03, Len=sum([2.4, 2.4, 2.4, 2.5, 2.6])=12.3, ϰ=[8.4, 8.0, 8.6, 9.9, 10.3], ∫ϰ²/L>=[15.1, 14.5, 16.8, 19.0, 19.6], C-C-Sep=0.08, ║∇J║=4.0e-04
Iteration 998/2000-----
currents: [100000.0, 99999.99998831982, 99999.99998438657, 99999.99998455998, 99999.99998461026]
J=1.2e-04, ⟨Jf⟩=1.1e-04, ⟨B·n⟩=3.0e-03, Len=sum([2.4, 2.4, 2.4, 2.5, 2.6])=12.3, ϰ=[8.4, 8.0, 8.6, 9.9, 10.3], ∫ϰ²/L>=[15.1, 14.5, 16.9, 19.0, 19.6], C-C-Sep=0.08, ║∇J║=2.4e-04
Iteration 999/2000-----
currents: [100000.0, 99999.99998831462, 99999.99998437952, 99999.99998455304, 99999.9999846033]
J=1.2e-04, ⟨Jf⟩=1.1e-04, ⟨B·n⟩=3.0e-03, Len=sum([2.4, 2.4, 2.4, 2.5, 2.6])=12.3, ϰ=[8.4, 7.9, 8.6, 9.9, 10.3], ∫ϰ²/L>=[15.1, 14.5, 16.9, 19.0, 19.6], C-C-Sep=0.08, ║∇J║=2.3e-04
Iteration 1000/2000-----
currents: [100000.0, 99999.99998829499, 99999.99998435272, 99999.99998452672, 99999.99998457692]
J=1.2e-04, ⟨Jf⟩=1.1e-04, ⟨B·n⟩=3.0e-03, Len=sum([2.4, 2.4, 2.4, 2.5, 2.6])=12.3, ϰ=[8.3, 7.9, 8.6, 9.9, 10.2], ∫ϰ²/L>=[15.1, 14.5, 16.8, 19.0, 19.6], C-C-Sep=0.08, ║∇J║=3.3e-04
Iteration 1001/2000-----
currents: [100000.0, 99999.99998827906, 99999.99998433096, 99999.99998450532, 99999.9999845555]
J=1.2e-04, ⟨Jf⟩=1.1e-04, ⟨B·n⟩=3.0e-03, Len=sum([2.4, 2.4, 2.4, 2.5, 2.6])=12.3, ϰ=[8.3, 7.9, 8.6, 10.0, 10.2], ∫ϰ²/L>=[15.1, 14.5, 16.9, 19.0, 19.6], C-C-Sep=0.08, ║∇J║=4.8e-04
Iteration 1002/2000-----
currents: [100000.0, 99999.99998827362, 99999.99998432357, 99999.99998449805, 99999.99998454824]
J=1.2e-04, ⟨Jf⟩=1.1e-04, ⟨B·n⟩=3.0e-03, Len=sum([2.4, 2.4, 2.4, 2.5, 2.6])=12.3, ϰ=[8.3, 7.9, 8.6, 10.0, 10.2], ∫ϰ²/L>=[15.1, 14.5, 16.8, 19.0, 19.6], C-C-Sep=0.08, ║∇J║=2.9e-04
Iteration 1003/2000-----
currents: [100000.0, 99999.99998826474, 99999.99998431152, 99999.99998448626, 99999.99998453648]
J=1.2e-04, ⟨Jf⟩=1.1e-04, ⟨B·n⟩=3.0e-03, Len=sum([2.4, 2.4, 2.4, 2.5, 2.6])=12.3, ϰ=[8.3, 7.9, 8.6, 10.0, 10.2], ∫ϰ²/L>=[15.1, 14.5, 16.8, 19.0, 19.6], C-C-Sep=0.08, ║∇J║=2.7e-04
Iteration 1004/2000-----
currents: [100000.0, 99999.999988258, 99999.99998430237, 99999.99998447727, 99999.99998452752]
J=1.2e-04, ⟨Jf⟩=1.1e-04, ⟨B·n⟩=3.0e-03, Len=sum([2.4, 2.4, 2.4, 2.5, 2.6])=12.3, ϰ=[8.3, 7.9, 8.6, 10.0, 10.2], ∫ϰ²/L>=[15.1, 14.5, 16.8, 19.0, 19.6], C-C-Sep=0.08, ║∇J║=2.7e-04
Iteration 1005/2000-----
currents: [100000.0, 99999.9999882428, 99999.99998428173, 99999.99998445701, 99999.9999845073]
J=1.2e-04, ⟨Jf⟩=1.1e-04, ⟨B·n⟩=3.0e-03, Len=sum([2.4, 2.4, 2.4, 2.5, 2.6])=12.3, ϰ=[8.3, 8.0, 8.6, 10.0, 10.2], ∫ϰ²/L>=[15.1, 14.5, 16.9, 19.0, 19.6], C-C-Sep=0.08, ║∇J║=2.5e-04
Iteration 1006/2000-----
currents: [100000.0, 99999.99998822028, 99999.9999842511, 99999.99998442696, 99999.99998447734]
J=1.2e-04, ⟨Jf⟩=1.1e-04, ⟨B·n⟩=3.0e-03, Len=sum([2.4, 2.4, 2.4, 2.5, 2.6])=12.3, ϰ=[8.3, 8.0, 8.6, 10.0, 10.3], ∫ϰ²/L>=[15.1, 14.5, 16.9, 19.0, 19.6], C-C-Sep=0.08, ║∇J║=3.6e-04
Iteration 1007/2000-----
currents: [100000.0, 99999.99998819584, 99999.99998421773, 99999.99998439419, 99999.9999844446]
J=1.2e-04, ⟨Jf⟩=1.1e-04, ⟨B·n⟩=3.0e-03, Len=sum([2.4, 2.4, 2.4, 2.5, 2.6])=12.3, ϰ=[8.3, 8.0, 8.6, 10.0, 10.3], ∫ϰ²/L>=[15.1, 14.5, 16.9, 19.0, 19.6], C-C-Sep=0.08, ║∇J║=2.9e-04
Iteration 1008/2000-----
currents: [100000.0, 99999.99998814333, 99999.9999841461, 99999.99998432382, 99999.9999843742]
J=1.2e-04, ⟨Jf⟩=1.1e-04, ⟨B·n⟩=3.0e-03, Len=sum([2.4, 2.4, 2.4, 2.5, 2.6])=12.3, ϰ=[8.3, 8.0, 8.6, 10.0, 10.3], ∫ϰ²/L>=[15.2, 14.5, 16.9, 19.0, 19.6], C-C-Sep=0.08, ║∇J║=3.6e-04
Iteration 1009/2000-----
currents: [100000.0, 99999.99998813811, 99999.99998413894, 99999.99998431679, 99999.99998436721]
J=1.2e-04, ⟨Jf⟩=1.1e-04, ⟨B·n⟩=3.0e-03, Len=sum([2.4, 2.4, 2.4, 2.5, 2.6])=12.3, ϰ=[8.3, 8.0, 8.6, 10.0, 10.3], ∫ϰ²/L>=[15.2, 14.5, 16.9, 19.0, 19.6], C-C-Sep=0.08, ║∇J║=3.9e-04
Iteration 1010/2000-----
currents: [100000.0, 99999.9999881372, 99999.9999841377, 99999.99998431554, 99999.99998436592]
J=1.2e-04, ⟨Jf⟩=1.1e-04, ⟨B·n⟩=3.0e-03, Len=sum([2.4, 2.4, 2.4, 2.5, 2.6])=12.3, ϰ=[8.3, 8.0, 8.6, 10.0, 10.3], ∫ϰ²/L>=[15.2, 14.5, 16.9, 19.0, 19.6], C-C-Sep=0.08, ║∇J║=2.4e-04
Iteration 1011/2000-----
currents: [100000.0, 99999.99998810695, 99999.99998409642, 99999.99998427503, 99999.99998432539]
J=1.2e-04, ⟨Jf⟩=1.1e-04, ⟨B·n⟩=3.0e-03, Len=sum([2.4, 2.4, 2.4, 2.5, 2.6])=12.3, ϰ=[8.3, 8.0, 8.6, 10.0, 10.3], ∫ϰ²/L>=[15.2, 14.5, 16.9, 19.0, 19.6], C-C-Sep=0.08, ║∇J║=2.7e-04
Iteration 1012/2000-----
currents: [100000.0, 99999.99998808638, 99999.99998406839, 99999.99998424752, 99999.99998429789]
J=1.2e-04, ⟨Jf⟩=1.1e-04, ⟨B·n⟩=3.0e-03, Len=sum([2.4, 2.4, 2.4, 2.5, 2.6])=12.3, ϰ=[8.3, 8.0, 8.6, 10.0, 10.3], ∫ϰ²/L>=[15.2, 14.5, 16.9, 19.0, 19.6], C-C-Sep=0.08, ║∇J║=3.2e-04
Iteration 1013/2000-----
currents: [100000.0, 99999.99998805266, 99999.99998402235, 99999.99998420238, 99999.99998425276]
J=1.2e-04, ⟨Jf⟩=1.1e-04, ⟨B·n⟩=3.0e-03, Len=sum([2.4, 2.4, 2.4, 2.5, 2.6])=12.3, ϰ=[8.3, 8.0, 8.6, 10.0, 10.3], ∫ϰ²/L>=[15.2, 14.5, 16.9, 19.0, 19.6], C-C-Sep=0.08, ║∇J║=3.1e-04
Iteration 1014/2000-----
currents: [100000.0, 99999.99998801021, 99999.9999839644, 99999.99998414553, 99999.99998419594]
J=1.2e-04, ⟨Jf⟩=1.1e-04, ⟨B·n⟩=3.0e-03, Len=sum([2.4, 2.4, 2.4, 2.5, 2.6])=12.3, ϰ=[8.3, 8.0, 8.7, 10.0, 10.3], ∫ϰ²/L>=[15.2, 14.5, 16.9, 19.1, 19.6], C-C-Sep=0.08, ║∇J║=3.9e-04
Iteration 1015/2000-----
currents: [100000.0, 99999.99998796631, 99999.99998390442, 99999.99998408662, 99999.99998413702]
J=1.2e-04, ⟨Jf⟩=1.1e-04, ⟨B·n⟩=3.0e-03, Len=sum([2.4, 2.4, 2.4, 2.5, 2.6])=12.3, ϰ=[8.4, 8.1, 8.7, 10.0, 10.3], ∫ϰ²/L>=[15.2, 14.6, 16.9, 19.1, 19.6], C-C-Sep=0.08, ║∇J║=4.5e-04
Iteration 1016/2000-----
currents: [100000.0, 99999.99998800561, 99999.99998395806, 99999.99998413917, 99999.99998418953]
J=1.2e-04, ⟨Jf⟩=1.1e-04, ⟨B·n⟩=3.0e-03, Len=sum([2.4, 2.4, 2.4, 2.5, 2.6])=12.3, ϰ=[8.3, 8.1, 8.7, 10.0, 10.3], ∫ϰ²/L>=[15.2, 14.5, 16.9, 19.1, 19.6], C-C-Sep=0.08, ║∇J║=4.0e-04
Iteration 1017/2000-----
currents: [100000.0, 99999.99998798725, 99999.99998393292, 99999.9999841144, 99999.99998416474]
J=1.2e-04, ⟨Jf⟩=1.1e-04, ⟨B·n⟩=3.0e-03, Len=sum([2.4, 2.4, 2.4, 2.5, 2.6])=12.3, ϰ=[8.3, 8.1, 8.7, 10.0, 10.3], ∫ϰ²/L>=[15.2, 14.5, 16.9, 19.1, 19.6], C-C-Sep=0.08, ║∇J║=4.2e-04
Iteration 1018/2000-----
currents: [100000.0, 99999.99998797898, 99999.99998392162, 99999.99998410323, 99999.9999841536]
J=1.2e-04, ⟨Jf⟩=1.1e-04, ⟨B·n⟩=3.0e-03, Len=sum([2.4, 2.4, 2.4, 2.5, 2.6])=12.3, ϰ=[8.3, 8.1, 8.7, 10.0, 10.3], ∫ϰ²/L>=[15.2, 14.5, 16.9, 19.1, 19.6], C-C-Sep=0.08, ║∇J║=2.8e-04
Iteration 1019/2000-----
currents: [100000.0, 99999.99998796289, 99999.99998389964, 99999.99998408156, 99999.99998413194]
J=1.2e-04, ⟨Jf⟩=1.1e-04, ⟨B·n⟩=3.0e-03, Len=sum([2.4, 2.4, 2.4, 2.5, 2.6])=12.3, ϰ=[8.3, 8.1, 8.8, 10.0, 10.3], ∫ϰ²/L>=[15.2, 14.6, 16.9, 19.1, 19.6], C-C-Sep=0.08, ║∇J║=2.7e-04
Iteration 1020/2000-----
currents: [100000.0, 99999.99998795489, 99999.99998388866, 99999.99998407067, 99999.99998412111]
J=1.2e-04, ⟨Jf⟩=1.1e-04, ⟨B·n⟩=3.0e-03, Len=sum([2.4, 2.4, 2.4, 2.5, 2.6])=12.3, ϰ=[8.3, 8.1, 8.8, 10.0, 10.3], ∫ϰ²/L>=[15.2, 14.6, 16.9, 19.1, 19.6], C-C-Sep=0.08, ║∇J║=2.9e-04
Iteration 1021/2000-----
currents: [100000.0, 99999.99998794445, 99999.99998387437, 99999.99998405656, 99999.99998410701]
J=1.2e-04, ⟨Jf⟩=1.1e-04, ⟨B·n⟩=3.0e-03, Len=sum([2.4, 2.4, 2.4, 2.5, 2.6])=12.3, ϰ=[8.3, 8.1, 8.8, 9.9, 10.3], ∫ϰ²/L>=[15.2, 14.6, 16.9, 19.1, 19.6], C-C-Sep=0.08, ║∇J║=2.8e-04
Iteration 1022/2000-----
currents: [100000.0, 99999.99998793028, 99999.99998385491, 99999.99998403741, 99999.9999840879]
J=1.2e-04, ⟨Jf⟩=1.1e-04, ⟨B·n⟩=3.0e-03, Len=sum([2.4, 2.4, 2.4, 2.5, 2.6])=12.3, ϰ=[8.3, 8.1, 8.9, 9.9, 10.3], ∫ϰ²/L>=[15.2, 14.6, 17.0, 19.1, 19.6], C-C-Sep=0.08, ║∇J║=2.7e-04
Iteration 1023/2000-----
currents: [100000.0, 99999.99998791346, 99999.99998383189, 99999.99998401475, 99999.99998406527]
J=1.2e-04, ⟨Jf⟩=1.1e-04, ⟨B·n⟩=3.0e-03, Len=sum([2.4, 2.4, 2.4, 2.5, 2.6])=12.3, ϰ=[8.3, 8.0, 8.9, 9.9, 10.4], ∫ϰ²/L>=[15.3, 14.6, 17.0, 19.1, 19.6], C-C-Sep=0.08, ║∇J║=2.6e-04
Iteration 1024/2000-----
currents: [100000.0, 99999.99998788121, 99999.99998378781, 99999.99998397146, 99999.99998402204]
J=1.2e-04, ⟨Jf⟩=1.1e-04, ⟨B·n⟩=3.0e-03, Len=sum([2.4, 2.4, 2.4, 2.5, 2.6])=12.3, ϰ=[8.3, 8.0, 8.9, 10.0, 10.4], ∫ϰ²/L>=[15.3, 14.6, 17.0, 19.1, 19.6], C-C-Sep=0.08, ║∇J║=3.6e-04
Iteration 1025/2000-----
currents: [100000.0, 99999.99998785176, 99999.99998374759, 99999.99998393192, 99999.9999839826]
J=1.2e-04, ⟨Jf⟩=1.1e-04, ⟨B·n⟩=3.0e-03, Len=sum([2.4, 2.4, 2.4, 2.5, 2.6])=12.3, ϰ=[8.3, 8.0, 8.9, 10.0, 10.4], ∫ϰ²/L>=[15.3, 14.6, 17.0, 19.1, 19.6], C-C-Sep=0.08, ║∇J║=3.3e-04
Iteration 1026/2000-----
currents: [100000.0, 99999.99998783195, 99999.99998372066, 99999.99998390544, 99999.99998395621]
J=1.2e-04, ⟨Jf⟩=1.1e-04, ⟨B·n⟩=3.0e-03, Len=sum([2.4, 2.4, 2.4, 2.5, 2.6])=12.3, ϰ=[8.3, 8.0, 8.9, 10.0, 10.4], ∫ϰ²/L>=[15.3, 14.6, 17.0, 19.1, 19.6], C-C-Sep=0.08, ║∇J║=3.0e-04
Iteration 1027/2000-----
currents: [100000.0, 99999.99998781395, 99999.99998369618, 99999.9999838814, 99999.9999839323]
J=1.2e-04, ⟨Jf⟩=1.1e-04, ⟨B·n⟩=3.0e-03, Len=sum([2.4, 2.4, 2.4, 2.5, 2.6])=12.3, ϰ=[8.3, 7.9, 8.9, 10.0, 10.4], ∫ϰ²/L>=[15.3, 14.6, 17.0, 19.1, 19.6], C-C-Sep=0.08, ║∇J║=3.2e-04
Iteration 1028/2000-----
currents: [100000.0, 99999.99998781995, 99999.9999837045, 99999.99998388963, 99999.99998394062]
J=1.2e-04, ⟨Jf⟩=1.1e-04, ⟨B·n⟩=3.0e-03, Len=sum([2.4, 2.4, 2.4, 2.5, 2.6])=12.3, ϰ=[8.3, 7.9, 8.9, 10.0, 10.4], ∫ϰ²/L>=[15.3, 14.6, 17.0, 19.1, 19.6], C-C-Sep=0.08, ║∇J║=3.4e-04
Iteration 1029/2000-----
currents: [100000.0, 99999.99998777737, 99999.99998364646, 99999.99998383263, 99999.99998388381]
J=1.2e-04, ⟨Jf⟩=1.1e-04, ⟨B·n⟩=3.0e-03, Len=sum([2.4, 2.4, 2.4, 2.5, 2.6])=12.3, ϰ=[8.3, 7.9, 9.0, 10.0, 10.4], ∫ϰ²/L>=[15.3, 14.6, 17.0, 19.1, 19.6], C-C-Sep=0.08, ║∇J║=3.8e-04
Iteration 1030/2000-----
currents: [100000.0, 99999.999987765, 99999.99998362956, 99999.99998381604, 99999.99998386732]
J=1.2e-04, ⟨Jf⟩=1.1e-04, ⟨B·n⟩=3.0e-03, Len=sum([2.4, 2.4, 2.4, 2.5, 2.6])=12.3, ϰ=[8.3, 7.9, 9.0, 10.0, 10.4], ∫ϰ²/L>=[15.3, 14.6, 17.0, 19.1, 19.6], C-C-Sep=0.08, ║∇J║=3.1e-04
Iteration 1031/2000-----
currents: [100000.0, 99999.99998774118, 99999.99998359708, 99999.99998378419, 99999.99998383559]
J=1.2e-04, ⟨Jf⟩=1.1e-04, ⟨B·n⟩=3.0e-03, Len=sum([2.4, 2.4, 2.4, 2.5, 2.6])=12.3, ϰ=[8.3, 7.9, 9.0, 10.0, 10.3], ∫ϰ²/L>=[15.3, 14.6, 17.0, 19.1, 19.6], C-C-Sep=0.08, ║∇J║=3.0e-04
Iteration 1032/2000-----
currents: [100000.0, 99999.99998771508, 99999.9999835615, 99999.99998374925, 99999.9999838008]
J=1.2e-04, ⟨Jf⟩=1.1e-04, ⟨B·n⟩=3.0e-03, Len=sum([2.4, 2.4, 2.4, 2.5, 2.6])=12.3, ϰ=[8.3, 7.9, 8.9, 10.0, 10.3], ∫ϰ²/L>=[15.4, 14.6, 17.0, 19.1, 19.6], C-C-Sep=0.08, ║∇J║=3.3e-04
Iteration 1033/2000-----
currents: [100000.0, 99999.99998766792, 99999.9999834973, 99999.99998368621, 99999.99998373794]
J=1.2e-04, ⟨Jf⟩=1.1e-04, ⟨B·n⟩=3.0e-03, Len=sum([2.4, 2.4, 2.4, 2.5, 2.6])=12.3, ϰ=[8.3, 7.9, 8.9, 10.0, 10.3], ∫ϰ²/L>=[15.4, 14.6, 17.0, 19.1, 19.6], C-C-Sep=0.08, ║∇J║=3.4e-04
Iteration 1034/2000-----
currents: [100000.0, 99999.99998765717, 99999.99998348278, 99999.99998367195, 99999.99998372376]
J=1.2e-04, ⟨Jf⟩=1.1e-04, ⟨B·n⟩=3.0e-03, Len=sum([2.4, 2.4, 2.4, 2.5, 2.6])=12.3, ϰ=[8.3, 7.9, 8.9, 10.0, 10.3], ∫ϰ²/L>=[15.4, 14.6, 17.0, 19.1, 19.6], C-C-Sep=0.08, ║∇J║=3.3e-04
Iteration 1035/2000-----
currents: [100000.0, 99999.99998762763, 99999.9999834426, 99999.99998363246, 99999.99998368428]
J=1.2e-04, ⟨Jf⟩=1.1e-04, ⟨B·n⟩=3.0e-03, Len=sum([2.4, 2.4, 2.4, 2.5, 2.6])=12.3, ϰ=[8.3, 7.9, 9.0, 10.0, 10.3], ∫ϰ²/L>=[15.4, 14.6, 17.0, 19.1, 19.6], C-C-Sep=0.08, ║∇J║=3.9e-04
Iteration 1036/2000-----
currents: [100000.0, 99999.99998764186, 99999.99998346211, 99999.9999836517, 99999.99998370353]
J=1.2e-04, ⟨Jf⟩=1.1e-04, ⟨B·n⟩=3.0e-03, Len=sum([2.4, 2.4, 2.4, 2.5, 2.6])=12.3, ϰ=[8.3, 8.0, 9.0, 10.0, 10.3], ∫ϰ²/L>=[15.4, 14.6, 17.0, 19.1, 19.6], C-C-Sep=0.08, ║∇J║=3.5e-04
Iteration 1037/2000-----
currents: [100000.0, 99999.99998760955, 99999.999983418, 99999.99998360842, 99999.99998366034]
J=1.2e-04, ⟨Jf⟩=1.1e-04, ⟨B·n⟩=3.0e-03, Len=sum([2.4, 2.4, 2.4, 2.5, 2.6])=12.3, ϰ=[8.3, 8.0, 9.0, 10.0, 10.3], ∫ϰ²/L>=[15.4, 14.6, 17.0, 19.1, 19.6], C-C-Sep=0.08, ║∇J║=3.4e-04
Iteration 1038/2000-----
currents: [100000.0, 99999.99998759243, 99999.99998339468, 99999.99998358554, 99999.99998363756]
J=1.2e-04, ⟨Jf⟩=1.1e-04, ⟨B·n⟩=3.0e-03, Len=sum([2.4, 2.4, 2.4, 2.5, 2.6])=12.3, ϰ=[8.3, 8.0, 9.0, 10.1, 10.3], ∫ϰ²/L>=[15.4, 14.6, 17.0, 19.1, 19.6], C-C-Sep=0.08, ║∇J║=3.1e-04
Iteration 1039/2000-----
currents: [100000.0, 99999.99998757085, 99999.99998336527, 99999.99998355673, 99999.99998360885]
J=1.2e-04, ⟨Jf⟩=1.1e-04, ⟨B·n⟩=3.0e-03, Len=sum([2.4, 2.4, 2.4, 2.5, 2.6])=12.3, ϰ=[8.3, 8.0, 9.0, 10.1, 10.3], ∫ϰ²/L>=[15.4, 14.6, 17.0, 19.1, 19.6], C-C-Sep=0.08, ║∇J║=3.0e-04
Iteration 1040/2000-----
currents: [100000.0, 99999.99998753953, 99999.99998332266, 99999.99998351494, 99999.99998356722]
J=1.2e-04, ⟨Jf⟩=1.1e-04, ⟨B·n⟩=3.0e-03, Len=sum([2.4, 2.4, 2.4, 2.5, 2.6])=12.3, ϰ=[8.3, 8.0, 9.0, 10.1, 10.3], ∫ϰ²/L>=[15.4, 14.6, 17.0, 19.1, 19.6], C-C-Sep=0.08, ║∇J║=3.1e-04
Iteration 1041/2000-----
currents: [100000.0, 99999.99998750267, 99999.99998327253, 99999.99998346578, 99999.99998351822]
J=1.2e-04, ⟨Jf⟩=1.1e-04, ⟨B·n⟩=3.0e-03, Len=sum([2.4, 2.4, 2.4, 2.5, 2.6])=12.3, ϰ=[8.3, 8.0, 8.9, 10.1, 10.3], ∫ϰ²/L>=[15.4, 14.6, 17.0, 19.1, 19.6], C-C-Sep=0.08, ║∇J║=4.1e-04
Iteration 1042/2000-----
currents: [100000.0, 99999.99998747552, 99999.99998323564, 99999.99998342959, 99999.9999834821]
J=1.2e-04, ⟨Jf⟩=1.1e-04, ⟨B·n⟩=3.0e-03, Len=sum([2.4, 2.4, 2.4, 2.5, 2.6])=12.3, ϰ=[8.3, 8.0, 8.9, 10.1, 10.3], ∫ϰ²/L>=[15.4, 14.6, 17.0, 19.1, 19.6], C-C-Sep=0.08, ║∇J║=3.6e-04
Iteration 1043/2000-----
currents: [100000.0, 99999.9999874651, 99999.99998322153, 99999.99998341572, 99999.99998346834]
J=1.2e-04, ⟨Jf⟩=1.1e-04, ⟨B·n⟩=3.0e-03, Len=sum([2.4, 2.4, 2.4, 2.5, 2.6])=12.3, ϰ=[8.3, 8.0, 8.9, 10.1, 10.3], ∫ϰ²/L>=[15.4, 14.6, 17.0, 19.1, 19.6], C-C-Sep=0.08, ║∇J║=3.3e-04
Iteration 1044/2000-----
currents: [100000.0, 99999.99998744564, 99999.99998319508, 99999.99998338982, 99999.99998344254]
J=1.2e-04, ⟨Jf⟩=1.1e-04, ⟨B·n⟩=3.0e-03, Len=sum([2.4, 2.4, 2.4, 2.5, 2.6])=12.3, ϰ=[8.3, 8.0, 8.9, 10.2, 10.4], ∫ϰ²/L>=[15.4, 14.6, 17.0, 19.1, 19.6], C-C-Sep=0.08, ║∇J║=3.0e-04
Iteration 1045/2000-----
currents: [100000.0, 99999.99998745394, 99999.99998320646, 99999.99998340107, 99999.99998345372]
J=1.2e-04, ⟨Jf⟩=1.1e-04, ⟨B·n⟩=3.0e-03, Len=sum([2.4, 2.4, 2.4, 2.5, 2.6])=12.3, ϰ=[8.3, 8.0, 8.9, 10.2, 10.4], ∫ϰ²/L>=[15.4, 14.6, 17.0, 19.1, 19.6], C-C-Sep=0.08, ║∇J║=3.0e-04
Iteration 1046/2000-----
currents: [100000.0, 99999.9999874233, 99999.9999831649, 99999.99998336041, 99999.99998341325]
J=1.2e-04, ⟨Jf⟩=1.1e-04, ⟨B·n⟩=3.0e-03, Len=sum([2.4, 2.4, 2.4, 2.5, 2.6])=12.3, ϰ=[8.3, 8.1, 8.9, 10.2, 10.4], ∫ϰ²/L>=[15.4, 14.6, 17.1, 19.1, 19.6], C-C-Sep=0.08, ║∇J║=3.1e-04
Iteration 1047/2000-----
currents: [100000.0, 99999.99998740516, 99999.99998314037, 99999.9999833364, 99999.99998338932]
J=1.2e-04, ⟨Jf⟩=1.1e-04, ⟨B·n⟩=3.0e-03, Len=sum([2.4, 2.4, 2.4, 2.5, 2.6])=12.3, ϰ=[8.4, 8.1, 8.9, 10.2, 10.4], ∫ϰ²/L>=[15.4, 14.6, 17.1, 19.1, 19.6], C-C-Sep=0.08, ║∇J║=3.2e-04
Iteration 1048/2000-----
currents: [100000.0, 99999.99998737124, 99999.99998309439, 99999.99998329127, 99999.99998334429]
J=1.2e-04, ⟨Jf⟩=1.1e-04, ⟨B·n⟩=3.0e-03, Len=sum([2.4, 2.4, 2.4, 2.5, 2.6])=12.3, ϰ=[8.4, 8.2, 8.9, 10.2, 10.4], ∫ϰ²/L>=[15.4, 14.6, 17.1, 19.1, 19.6], C-C-Sep=0.08, ║∇J║=3.2e-04
Iteration 1049/2000-----
currents: [100000.0, 99999.99998731888, 99999.99998302336, 99999.99998322155, 99999.99998327467]
J=1.2e-04, ⟨Jf⟩=1.1e-04, ⟨B·n⟩=3.0e-03, Len=sum([2.4, 2.4, 2.4, 2.5, 2.6])=12.3, ϰ=[8.5, 8.2, 8.9, 10.2, 10.4], ∫ϰ²/L>=[15.4, 14.6, 17.1, 19.1, 19.6], C-C-Sep=0.08, ║∇J║=3.5e-04
Iteration 1050/2000-----
currents: [100000.0, 99999.99998730372, 99999.99998300277, 99999.99998320125, 99999.99998325435]
J=1.2e-04, ⟨Jf⟩=1.1e-04, ⟨B·n⟩=3.0e-03, Len=sum([2.4, 2.4, 2.4, 2.5, 2.6])=12.3, ϰ=[8.5, 8.2, 8.9, 10.2, 10.4], ∫ϰ²/L>=[15.4, 14.7, 17.1, 19.1, 19.6], C-C-Sep=0.08, ║∇J║=3.9e-04
Iteration 1051/2000-----
currents: [100000.0, 99999.99998728173, 99999.99998297288, 99999.99998317183, 99999.99998322492]
J=1.2e-04, ⟨Jf⟩=1.1e-04, ⟨B·n⟩=3.0e-03, Len=sum([2.4, 2.4, 2.4, 2.5, 2.6])=12.3, ϰ=[8.5, 8.2, 8.9, 10.2, 10.4], ∫ϰ²/L>=[15.4, 14.7, 17.1, 19.1, 19.6], C-C-Sep=0.08, ║∇J║=3.1e-04
Iteration 1052/2000-----
currents: [100000.0, 99999.99998729328, 99999.99998298852, 99999.99998318715, 99999.9999832401]
J=1.2e-04, ⟨Jf⟩=1.1e-04, ⟨B·n⟩=3.0e-03, Len=sum([2.4, 2.4, 2.4, 2.5, 2.6])=12.3, ϰ=[8.5, 8.2, 8.9, 10.2, 10.4], ∫ϰ²/L>=[15.4, 14.7, 17.1, 19.1, 19.6], C-C-Sep=0.08, ║∇J║=3.1e-04
Iteration 1053/2000-----
currents: [100000.0, 99999.99998725418, 99999.99998293529, 99999.99998313491, 99999.99998318787]
J=1.2e-04, ⟨Jf⟩=1.1e-04, ⟨B·n⟩=3.0e-03, Len=sum([2.4, 2.4, 2.4, 2.5, 2.6])=12.3, ϰ=[8.5, 8.2, 8.9, 10.2, 10.4], ∫ϰ²/L>=[15.4, 14.7, 17.1, 19.1, 19.6], C-C-Sep=0.08, ║∇J║=3.4e-04
Iteration 1054/2000-----
currents: [100000.0, 99999.99998724759, 99999.99998292644, 99999.99998312625, 99999.99998317914]
J=1.2e-04, ⟨Jf⟩=1.1e-04, ⟨B·n⟩=3.0e-03, Len=sum([2.4, 2.4, 2.4, 2.5, 2.6])=12.3, ϰ=[8.5, 8.2, 8.9, 10.2, 10.4], ∫ϰ²/L>=[15.4, 14.7, 17.1, 19.1, 19.6], C-C-Sep=0.08, ║∇J║=3.6e-04
Iteration 1055/2000-----
currents: [100000.0, 99999.99998722902, 99999.99998290121, 99999.9999831015, 99999.99998315428]
J=1.2e-04, ⟨Jf⟩=1.1e-04, ⟨B·n⟩=3.0e-03, Len=sum([2.4, 2.4, 2.4, 2.5, 2.6])=12.3, ϰ=[8.5, 8.2, 8.8, 10.3, 10.4], ∫ϰ²/L>=[15.4, 14.7, 17.1, 19.1, 19.6], C-C-Sep=0.08, ║∇J║=3.1e-04
Iteration 1056/2000-----
currents: [100000.0, 99999.99998721427, 99999.99998288113, 99999.99998308178, 99999.99998313445]
J=1.2e-04, ⟨Jf⟩=1.1e-04, ⟨B·n⟩=3.0e-03, Len=sum([2.4, 2.4, 2.4, 2.5, 2.6])=12.3, ϰ=[8.4, 8.2, 8.8, 10.3, 10.5], ∫ϰ²/L>=[15.4, 14.7, 17.1, 19.1, 19.6], C-C-Sep=0.08, ║∇J║=3.3e-04
Iteration 1057/2000-----
currents: [100000.0, 99999.99998718943, 99999.9999828474, 99999.99998304865, 99999.9999831012]
J=1.2e-04, ⟨Jf⟩=1.1e-04, ⟨B·n⟩=3.0e-03, Len=sum([2.4, 2.4, 2.4, 2.5, 2.6])=12.3, ϰ=[8.4, 8.2, 8.8, 10.3, 10.5], ∫ϰ²/L>=[15.4, 14.7, 17.1, 19.1, 19.6], C-C-Sep=0.08, ║∇J║=3.4e-04
Iteration 1058/2000-----
currents: [100000.0, 99999.99998716316, 99999.99998281164, 99999.99998301355, 99999.999983066]
J=1.2e-04, ⟨Jf⟩=1.1e-04, ⟨B·n⟩=3.0e-03, Len=sum([2.4, 2.4, 2.4, 2.5, 2.6])=12.3, ϰ=[8.4, 8.1, 8.8, 10.3, 10.5], ∫ϰ²/L>=[15.4, 14.7, 17.1, 19.1, 19.6], C-C-Sep=0.08, ║∇J║=3.0e-04
Iteration 1059/2000-----
currents: [100000.0, 99999.99998712695, 99999.99998276249, 99999.99998296535, 99999.99998301777]
J=1.2e-04, ⟨Jf⟩=1.1e-04, ⟨B·n⟩=3.0e-03, Len=sum([2.4, 2.4, 2.4, 2.5, 2.6])=12.3, ϰ=[8.5, 8.1, 8.9, 10.3, 10.5], ∫ϰ²/L>=[15.4, 14.7, 17.1, 19.1, 19.6], C-C-Sep=0.08, ║∇J║=3.2e-04
Iteration 1060/2000-----
currents: [100000.0, 99999.99998709158, 99999.9999827145, 99999.9999829183, 99999.99998297074]
J=1.2e-04, ⟨Jf⟩=1.1e-04, ⟨B·n⟩=3.0e-03, Len=sum([2.4, 2.4, 2.4, 2.5, 2.6])=12.3, ϰ=[8.5, 8.1, 8.9, 10.2, 10.5], ∫ϰ²/L>=[15.4, 14.7, 17.1, 19.1, 19.6], C-C-Sep=0.08, ║∇J║=3.8e-04
Iteration 1061/2000-----
currents: [100000.0, 99999.99998708966, 99999.99998271192, 99999.99998291579, 99999.99998296825]
J=1.2e-04, ⟨Jf⟩=1.1e-04, ⟨B·n⟩=3.0e-03, Len=sum([2.4, 2.4, 2.4, 2.5, 2.6])=12.3, ϰ=[8.5, 8.1, 8.9, 10.2, 10.5], ∫ϰ²/L>=[15.4, 14.7, 17.1, 19.1, 19.6], C-C-Sep=0.08, ║∇J║=3.0e-04
Iteration 1062/2000-----
currents: [100000.0, 99999.99998709082, 99999.99998271353, 99999.99998291738, 99999.99998296988]
J=1.2e-04, ⟨Jf⟩=1.1e-04, ⟨B·n⟩=3.0e-03, Len=sum([2.4, 2.4, 2.4, 2.5, 2.6])=12.3, ϰ=[8.5, 8.1, 8.9, 10.2, 10.5], ∫ϰ²/L>=[15.4, 14.6, 17.1, 19.1, 19.6], C-C-Sep=0.08, ║∇J║=3.0e-04
Iteration 1063/2000-----
currents: [100000.0, 99999.99998706293, 99999.99998267562, 99999.99998288022, 99999.99998293273]
J=1.2e-04, ⟨Jf⟩=1.1e-04, ⟨B·n⟩=3.0e-03, Len=sum([2.4, 2.4, 2.4, 2.5, 2.6])=12.3, ϰ=[8.5, 8.1, 8.9, 10.2, 10.5], ∫ϰ²/L>=[15.4, 14.6, 17.1, 19.1, 19.6], C-C-Sep=0.08, ║∇J║=3.2e-04
Iteration 1064/2000-----
currents: [100000.0, 99999.99998705572, 99999.99998266595, 99999.99998287071, 99999.99998292315]
J=1.2e-04, ⟨Jf⟩=1.1e-04, ⟨B·n⟩=3.0e-03, Len=sum([2.4, 2.4, 2.4, 2.5, 2.6])=12.3, ϰ=[8.4, 8.1, 8.9, 10.3, 10.5], ∫ϰ²/L>=[15.4, 14.6, 17.1, 19.1, 19.6], C-C-Sep=0.08, ║∇J║=2.9e-04
Iteration 1065/2000-----
currents: [100000.0, 99999.9999870253, 99999.99998262474, 99999.9999828302, 99999.99998288257]
J=1.2e-04, ⟨Jf⟩=1.1e-04, ⟨B·n⟩=3.0e-03, Len=sum([2.4, 2.4, 2.4, 2.5, 2.6])=12.3, ϰ=[8.4, 8.1, 8.9, 10.3, 10.6], ∫ϰ²/L>=[15.4, 14.7, 17.1, 19.1, 19.6], C-C-Sep=0.08, ║∇J║=3.2e-04
Iteration 1066/2000-----
currents: [100000.0, 99999.99998699407, 99999.99998258245, 99999.99998278872, 99999.9999828411]
J=1.2e-04, ⟨Jf⟩=1.1e-04, ⟨B·n⟩=3.0e-03, Len=sum([2.4, 2.4, 2.4, 2.5, 2.6])=12.3, ϰ=[8.4, 8.1, 8.8, 10.3, 10.6], ∫ϰ²/L>=[15.4, 14.7, 17.1, 19.1, 19.6], C-C-Sep=0.08, ║∇J║=3.4e-04
Iteration 1067/2000-----
currents: [100000.0, 99999.99998696563, 99999.99998254397, 99999.99998275102, 99999.99998280343]
J=1.2e-04, ⟨Jf⟩=1.1e-04, ⟨B·n⟩=3.0e-03, Len=sum([2.4, 2.4, 2.4, 2.5, 2.6])=12.3, ϰ=[8.4, 8.1, 8.8, 10.3, 10.6], ∫ϰ²/L>=[15.4, 14.6, 17.1, 19.1, 19.6], C-C-Sep=0.08, ║∇J║=3.4e-04
Iteration 1068/2000-----
currents: [100000.0, 99999.99998694156, 99999.99998251133, 99999.99998271903, 99999.99998277161]
J=1.2e-04, ⟨Jf⟩=1.1e-04, ⟨B·n⟩=3.0e-03, Len=sum([2.4, 2.4, 2.4, 2.5, 2.6])=12.3, ϰ=[8.4, 8.1, 8.9, 10.3, 10.6], ∫ϰ²/L>=[15.4, 14.6, 17.1, 19.1, 19.6], C-C-Sep=0.08, ║∇J║=3.3e-04
Iteration 1069/2000-----
currents: [100000.0, 99999.99998689885, 99999.99998245342, 99999.99998266227, 99999.999982715]
J=1.2e-04, ⟨Jf⟩=1.1e-04, ⟨B·n⟩=3.0e-03, Len=sum([2.4, 2.4, 2.4, 2.5, 2.6])=12.3, ϰ=[8.4, 8.1, 8.9, 10.4, 10.6], ∫ϰ²/L>=[15.4, 14.6, 17.2, 19.2, 19.6], C-C-Sep=0.08, ║∇J║=4.0e-04
Iteration 1070/2000-----
currents: [100000.0, 99999.99998692189, 99999.99998248469, 99999.999982693, 99999.99998274572]
J=1.2e-04, ⟨Jf⟩=1.1e-04, ⟨B·n⟩=3.0e-03, Len=sum([2.4, 2.4, 2.4, 2.5, 2.6])=12.3, ϰ=[8.4, 8.1, 8.9, 10.4, 10.5], ∫ϰ²/L>=[15.3, 14.6, 17.1, 19.1, 19.6], C-C-Sep=0.08, ║∇J║=4.5e-04
Iteration 1071/2000-----
currents: [100000.0, 99999.99998689115, 99999.99998244293, 99999.99998265195, 99999.99998270458]
J=1.2e-04, ⟨Jf⟩=1.1e-04, ⟨B·n⟩=3.0e-03, Len=sum([2.4, 2.4, 2.4, 2.5, 2.6])=12.3, ϰ=[8.4, 8.1, 8.9, 10.4, 10.6], ∫ϰ²/L>=[15.4, 14.6, 17.2, 19.2, 19.6], C-C-Sep=0.08, ║∇J║=4.4e-04
Iteration 1072/2000-----
currents: [100000.0, 99999.99998689888, 99999.99998245343, 99999.99998266224, 99999.99998271487]
J=1.2e-04, ⟨Jf⟩=1.1e-04, ⟨B·n⟩=3.0e-03, Len=sum([2.4, 2.4, 2.4, 2.5, 2.6])=12.3, ϰ=[8.4, 8.1, 8.9, 10.3, 10.6], ∫ϰ²/L>=[15.4, 14.6, 17.2, 19.2, 19.6], C-C-Sep=0.08, ║∇J║=2.5e-04
Iteration 1073/2000-----
currents: [100000.0, 99999.99998689536, 99999.99998244866, 99999.99998265755, 99999.99998271017]
J=1.2e-04, ⟨Jf⟩=1.1e-04, ⟨B·n⟩=3.0e-03, Len=sum([2.4, 2.4, 2.4, 2.5, 2.6])=12.3, ϰ=[8.4, 8.1, 8.9, 10.3, 10.5], ∫ϰ²/L>=[15.3, 14.6, 17.1, 19.2, 19.6], C-C-Sep=0.08, ║∇J║=2.3e-04
Iteration 1074/2000-----
currents: [100000.0, 99999.99998689898, 99999.99998245355, 99999.99998266235, 99999.99998271489]
J=1.2e-04, ⟨Jf⟩=1.1e-04, ⟨B·n⟩=3.0e-03, Len=sum([2.4, 2.4, 2.4, 2.5, 2.6])=12.3, ϰ=[8.4, 8.0, 8.9, 10.3, 10.5], ∫ϰ²/L>=[15.3, 14.6, 17.1, 19.2, 19.6], C-C-Sep=0.08, ║∇J║=3.0e-04
Iteration 1075/2000-----
currents: [100000.0, 99999.99998688833, 99999.99998243908, 99999.99998264822, 99999.99998270067]
J=1.2e-04, ⟨Jf⟩=1.1e-04, ⟨B·n⟩=3.0e-03, Len=sum([2.4, 2.4, 2.4, 2.5, 2.6])=12.3, ϰ=[8.4, 8.0, 8.9, 10.3, 10.5], ∫ϰ²/L>=[15.3, 14.6, 17.1, 19.2, 19.6], C-C-Sep=0.08, ║∇J║=3.4e-04
Iteration 1076/2000-----
currents: [100000.0, 99999.99998687704, 99999.99998242376, 99999.99998263322, 99999.99998268562]
J=1.2e-04, ⟨Jf⟩=1.1e-04, ⟨B·n⟩=3.0e-03, Len=sum([2.4, 2.4, 2.4, 2.5, 2.6])=12.3, ϰ=[8.4, 8.0, 8.9, 10.3, 10.5], ∫ϰ²/L>=[15.3, 14.6, 17.1, 19.2, 19.6], C-C-Sep=0.08, ║∇J║=2.8e-04
Iteration 1077/2000-----
currents: [100000.0, 99999.99998685725, 99999.99998239694, 99999.999982607, 99999.99998265931]
J=1.2e-04, ⟨Jf⟩=1.1e-04, ⟨B·n⟩=3.0e-03, Len=sum([2.4, 2.4, 2.4, 2.5, 2.6])=12.3, ϰ=[8.4, 8.0, 8.9, 10.3, 10.6], ∫ϰ²/L>=[15.2, 14.6, 17.1, 19.2, 19.6], C-C-Sep=0.08, ║∇J║=2.8e-04
Iteration 1078/2000-----
currents: [100000.0, 99999.9999868346, 99999.99998236632, 99999.99998257705, 99999.99998262935]
J=1.2e-04, ⟨Jf⟩=1.1e-04, ⟨B·n⟩=3.0e-03, Len=sum([2.4, 2.4, 2.4, 2.5, 2.6])=12.3, ϰ=[8.3, 8.1, 8.9, 10.3, 10.6], ∫ϰ²/L>=[15.2, 14.6, 17.2, 19.2, 19.6], C-C-Sep=0.08, ║∇J║=3.4e-04
Iteration 1079/2000-----
currents: [100000.0, 99999.99998679852, 99999.99998231749, 99999.99998252923, 99999.99998258147]
J=1.2e-04, ⟨Jf⟩=1.1e-04, ⟨B·n⟩=3.0e-03, Len=sum([2.4, 2.4, 2.4, 2.5, 2.6])=12.3, ϰ=[8.3, 8.1, 8.9, 10.2, 10.6], ∫ϰ²/L>=[15.2, 14.6, 17.2, 19.2, 19.6], C-C-Sep=0.08, ║∇J║=3.3e-04
Iteration 1080/2000-----
currents: [100000.0, 99999.99998674297, 99999.99998224227, 99999.99998245553, 99999.99998250774]
J=1.2e-04, ⟨Jf⟩=1.1e-04, ⟨B·n⟩=3.0e-03, Len=sum([2.4, 2.4, 2.4, 2.5, 2.6])=12.3, ϰ=[8.3, 8.1, 9.0, 10.2, 10.6], ∫ϰ²/L>=[15.2, 14.6, 17.2, 19.2, 19.6], C-C-Sep=0.08, ║∇J║=4.0e-04
Iteration 1081/2000-----
currents: [100000.0, 99999.99998671545, 99999.99998220499, 99999.99998241899, 99999.99998247111]
J=1.2e-04, ⟨Jf⟩=1.1e-04, ⟨B·n⟩=3.0e-03, Len=sum([2.4, 2.4, 2.4, 2.5, 2.6])=12.3, ϰ=[8.3, 8.1, 9.0, 10.2, 10.6], ∫ϰ²/L>=[15.2, 14.6, 17.2, 19.2, 19.6], C-C-Sep=0.08, ║∇J║=3.6e-04
Iteration 1082/2000-----
currents: [100000.0, 99999.99998673613, 99999.99998223301, 99999.99998244639, 99999.9999824985]
J=1.2e-04, ⟨Jf⟩=1.1e-04, ⟨B·n⟩=3.0e-03, Len=sum([2.4, 2.4, 2.4, 2.5, 2.6])=12.3, ϰ=[8.3, 8.1, 9.0, 10.2, 10.6], ∫ϰ²/L>=[15.2, 14.6, 17.2, 19.2, 19.6], C-C-Sep=0.08, ║∇J║=3.3e-04
Iteration 1083/2000-----
currents: [100000.0, 99999.99998670422, 99999.99998218972, 99999.99998240391, 99999.99998245602]
J=1.2e-04, ⟨Jf⟩=1.1e-04, ⟨B·n⟩=3.0e-03, Len=sum([2.4, 2.4, 2.4, 2.5, 2.6])=12.3, ϰ=[8.3, 8.0, 9.0, 10.3, 10.6], ∫ϰ²/L>=[15.2, 14.6, 17.2, 19.2, 19.6], C-C-Sep=0.08, ║∇J║=3.0e-04
Iteration 1084/2000-----
currents: [100000.0, 99999.99998669434, 99999.99998217638, 99999.9999823908, 99999.99998244293]
J=1.2e-04, ⟨Jf⟩=1.1e-04, ⟨B·n⟩=3.0e-03, Len=sum([2.4, 2.4, 2.4, 2.5, 2.6])=12.3, ϰ=[8.3, 8.0, 9.0, 10.3, 10.6], ∫ϰ²/L>=[15.2, 14.6, 17.2, 19.2, 19.6], C-C-Sep=0.08, ║∇J║=3.5e-04
Iteration 1085/2000-----
currents: [100000.0, 99999.99998667558, 99999.9999821511, 99999.999982366, 99999.99998241819]
J=1.2e-04, ⟨Jf⟩=1.1e-04, ⟨B·n⟩=3.0e-03, Len=sum([2.4, 2.4, 2.4, 2.5, 2.6])=12.3, ϰ=[8.3, 8.0, 9.0, 10.3, 10.6], ∫ϰ²/L>=[15.2, 14.6, 17.2, 19.2, 19.6], C-C-Sep=0.08, ║∇J║=3.2e-04
Iteration 1086/2000-----
currents: [100000.0, 99999.99998664274, 99999.99998210673, 99999.99998232245, 99999.99998237476]
J=1.2e-04, ⟨Jf⟩=1.1e-04, ⟨B·n⟩=3.0e-03, Len=sum([2.4, 2.4, 2.4, 2.5, 2.6])=12.3, ϰ=[8.3, 8.0, 9.1, 10.3, 10.6], ∫ϰ²/L>=[15.3, 14.5, 17.3, 19.2, 19.7], C-C-Sep=0.08, ║∇J║=3.1e-04
Iteration 1087/2000-----
currents: [100000.0, 99999.999986617, 99999.99998207198, 99999.99998228837, 99999.99998234081]
J=1.2e-04, ⟨Jf⟩=1.1e-04, ⟨B·n⟩=3.0e-03, Len=sum([2.4, 2.4, 2.4, 2.5, 2.6])=12.3, ϰ=[8.3, 8.0, 9.1, 10.3, 10.6], ∫ϰ²/L>=[15.3, 14.5, 17.3, 19.2, 19.7], C-C-Sep=0.08, ║∇J║=3.3e-04
Iteration 1088/2000-----
currents: [100000.0, 99999.99998659837, 99999.99998204681, 99999.99998226362, 99999.99998231616]
J=1.2e-04, ⟨Jf⟩=1.1e-04, ⟨B·n⟩=3.0e-03, Len=sum([2.4, 2.4, 2.4, 2.5, 2.6])=12.3, ϰ=[8.3, 8.0, 9.1, 10.3, 10.6], ∫ϰ²/L>=[15.3, 14.5, 17.3, 19.2, 19.7], C-C-Sep=0.08, ║∇J║=2.8e-04
Iteration 1089/2000-----
currents: [100000.0, 99999.99998656866, 99999.99998200648, 99999.99998222402, 99999.99998227663]
J=1.2e-04, ⟨Jf⟩=1.1e-04, ⟨B·n⟩=3.0e-03, Len=sum([2.4, 2.4, 2.4, 2.5, 2.6])=12.3, ϰ=[8.3, 8.0, 9.1, 10.4, 10.6], ∫ϰ²/L>=[15.3, 14.5, 17.3, 19.2, 19.7], C-C-Sep=0.08, ║∇J║=3.1e-04
Iteration 1090/2000-----
currents: [100000.0, 99999.99998653913, 99999.99998196645, 99999.99998218473, 99999.9999822373]
J=1.2e-04, ⟨Jf⟩=1.1e-04, ⟨B·n⟩=3.0e-03, Len=sum([2.4, 2.4, 2.4, 2.5, 2.6])=12.3, ϰ=[8.3, 8.0, 9.0, 10.4, 10.6], ∫ϰ²/L>=[15.2, 14.5, 17.3, 19.2, 19.7], C-C-Sep=0.08, ║∇J║=3.2e-04
Iteration 1091/2000-----
currents: [100000.0, 99999.99998653443, 99999.99998196009, 99999.9999821785, 99999.99998223102]
J=1.2e-04, ⟨Jf⟩=1.1e-04, ⟨B·n⟩=3.0e-03, Len=sum([2.4, 2.4, 2.4, 2.5, 2.6])=12.3, ϰ=[8.3, 8.0, 9.0, 10.4, 10.6], ∫ϰ²/L>=[15.2, 14.5, 17.3, 19.2, 19.7], C-C-Sep=0.08, ║∇J║=3.1e-04
Iteration 1092/2000-----
currents: [100000.0, 99999.99998651934, 99999.99998193966, 99999.9999821585, 99999.99998221098]
J=1.2e-04, ⟨Jf⟩=1.1e-04, ⟨B·n⟩=3.0e-03, Len=sum([2.4, 2.4, 2.4, 2.5, 2.6])=12.3, ϰ=[8.3, 8.0, 9.0, 10.4, 10.6], ∫ϰ²/L>=[15.2, 14.5, 17.3, 19.2, 19.7], C-C-Sep=0.08, ║∇J║=2.5e-04
Iteration 1093/2000-----
currents: [100000.0, 99999.99998651596, 99999.99998193512, 99999.99998215408, 99999.99998220662]
J=1.2e-04, ⟨Jf⟩=1.1e-04, ⟨B·n⟩=3.0e-03, Len=sum([2.4, 2.4, 2.4, 2.5, 2.6])=12.3, ϰ=[8.3, 8.0, 9.0, 10.4, 10.6], ∫ϰ²/L>=[15.2, 14.5, 17.3, 19.2, 19.7], C-C-Sep=0.08, ║∇J║=2.3e-04
Iteration 1094/2000-----
currents: [100000.0, 99999.99998648842, 99999.99998189784, 99999.99998211754, 99999.99998217015]
J=1.2e-04, ⟨Jf⟩=1.1e-04, ⟨B·n⟩=3.0e-03, Len=sum([2.4, 2.4, 2.4, 2.5, 2.6])=12.3, ϰ=[8.3, 8.0, 9.0, 10.4, 10.6], ∫ϰ²/L>=[15.2, 14.5, 17.3, 19.2, 19.7], C-C-Sep=0.08, ║∇J║=3.1e-04
Iteration 1095/2000-----
currents: [100000.0, 99999.99998648364, 99999.99998189135, 99999.99998211114, 99999.9999821637]
J=1.2e-04, ⟨Jf⟩=1.1e-04, ⟨B·n⟩=3.0e-03, Len=sum([2.4, 2.4, 2.4, 2.5, 2.6])=12.3, ϰ=[8.3, 8.0, 9.0, 10.4, 10.6], ∫ϰ²/L>=[15.2, 14.5, 17.3, 19.2, 19.7], C-C-Sep=0.08, ║∇J║=3.1e-04
Iteration 1096/2000-----
currents: [100000.0, 99999.99998645874, 99999.99998185763, 99999.999982078, 99999.9999821305]
J=1.2e-04, ⟨Jf⟩=1.1e-04, ⟨B·n⟩=3.0e-03, Len=sum([2.4, 2.4, 2.4, 2.5, 2.6])=12.3, ϰ=[8.3, 8.0, 9.0, 10.4, 10.6], ∫ϰ²/L>=[15.2, 14.5, 17.3, 19.2, 19.7], C-C-Sep=0.08, ║∇J║=3.1e-04
Iteration 1097/2000-----
currents: [100000.0, 99999.99998642158, 99999.99998180724, 99999.9999820285, 99999.99998208084]
J=1.2e-04, ⟨Jf⟩=1.1e-04, ⟨B·n⟩=3.0e-03, Len=sum([2.4, 2.4, 2.4, 2.5, 2.6])=12.3, ϰ=[8.3, 8.1, 9.0, 10.4, 10.6], ∫ϰ²/L>=[15.2, 14.5, 17.3, 19.2, 19.8], C-C-Sep=0.08, ║∇J║=3.4e-04
Iteration 1098/2000-----
currents: [100000.0, 99999.99998636643, 99999.99998173254, 99999.99998195516, 99999.99998200728]
J=1.2e-04, ⟨Jf⟩=1.1e-04, ⟨B·n⟩=3.0e-03, Len=sum([2.4, 2.4, 2.4, 2.5, 2.6])=12.3, ϰ=[8.3, 8.1, 9.0, 10.4, 10.6], ∫ϰ²/L>=[15.2, 14.6, 17.3, 19.2, 19.8], C-C-Sep=0.08, ║∇J║=3.8e-04
Iteration 1099/2000-----
currents: [100000.0, 99999.99998637893, 99999.99998174954, 99999.99998197191, 99999.99998202396]
J=1.2e-04, ⟨Jf⟩=1.1e-04, ⟨B·n⟩=3.0e-03, Len=sum([2.4, 2.4, 2.4, 2.5, 2.6])=12.3, ϰ=[8.3, 8.1, 9.0, 10.4, 10.6], ∫ϰ²/L>=[15.2, 14.6, 17.3, 19.2, 19.8], C-C-Sep=0.08, ║∇J║=3.5e-04
Iteration 1100/2000-----
currents: [100000.0, 99999.99998636563, 99999.99998173157, 99999.9999819544, 99999.99998200651]
J=1.2e-04, ⟨Jf⟩=1.1e-04, ⟨B·n⟩=3.0e-03, Len=sum([2.4, 2.4, 2.4, 2.5, 2.6])=12.3, ϰ=[8.3, 8.1, 9.0, 10.4, 10.6], ∫ϰ²/L>=[15.2, 14.6, 17.3, 19.2, 19.8], C-C-Sep=0.08, ║∇J║=3.4e-04
Iteration 1101/2000-----
currents: [100000.0, 99999.99998636534, 99999.99998173115, 99999.99998195402, 99999.99998200609]
J=1.2e-04, ⟨Jf⟩=1.1e-04, ⟨B·n⟩=3.0e-03, Len=sum([2.4, 2.4, 2.4, 2.5, 2.6])=12.3, ϰ=[8.3, 8.1, 9.0, 10.4, 10.6], ∫ϰ²/L>=[15.2, 14.6, 17.3, 19.2, 19.8], C-C-Sep=0.08, ║∇J║=3.1e-04
Iteration 1102/2000-----
currents: [100000.0, 99999.9999863422, 99999.99998169982, 99999.99998192333, 99999.99998197542]
J=1.2e-04, ⟨Jf⟩=1.1e-04, ⟨B·n⟩=3.0e-03, Len=sum([2.4, 2.4, 2.4, 2.5, 2.6])=12.3, ϰ=[8.3, 8.1, 9.0, 10.4, 10.6], ∫ϰ²/L>=[15.2, 14.6, 17.3, 19.2, 19.8], C-C-Sep=0.08, ║∇J║=2.8e-04
Iteration 1103/2000-----
currents: [100000.0, 99999.99998635215, 99999.99998171326, 99999.99998193652, 99999.99998198854]
J=1.2e-04, ⟨Jf⟩=1.1e-04, ⟨B·n⟩=3.0e-03, Len=sum([2.4, 2.4, 2.4, 2.5, 2.6])=12.3, ϰ=[8.3, 8.0, 9.0, 10.4, 10.6], ∫ϰ²/L>=[15.2, 14.6, 17.3, 19.2, 19.8], C-C-Sep=0.08, ║∇J║=2.8e-04
Iteration 1104/2000-----
currents: [100000.0, 99999.99998634316, 99999.9999817011, 99999.99998192456, 99999.9999819765]
J=1.2e-04, ⟨Jf⟩=1.1e-04, ⟨B·n⟩=3.0e-03, Len=sum([2.4, 2.4, 2.4, 2.5, 2.6])=12.3, ϰ=[8.3, 8.0, 9.0, 10.4, 10.6], ∫ϰ²/L>=[15.2, 14.6, 17.3, 19.2, 19.8], C-C-Sep=0.08, ║∇J║=2.9e-04
Iteration 1105/2000-----
currents: [100000.0, 99999.99998635055, 99999.99998171112, 99999.99998193444, 99999.99998198642]
J=1.2e-04, ⟨Jf⟩=1.1e-04, ⟨B·n⟩=3.0e-03, Len=sum([2.4, 2.4, 2.4, 2.5, 2.6])=12.3, ϰ=[8.3, 8.0, 9.0, 10.4, 10.6], ∫ϰ²/L>=[15.2, 14.6, 17.3, 19.2, 19.7], C-C-Sep=0.08, ║∇J║=2.5e-04
Iteration 1106/2000-----
currents: [100000.0, 99999.9999863475, 99999.99998170702, 99999.9999819305, 99999.99998198243]
J=1.2e-04, ⟨Jf⟩=1.1e-04, ⟨B·n⟩=3.0e-03, Len=sum([2.4, 2.4, 2.4, 2.5, 2.6])=12.3, ϰ=[8.3, 8.0, 9.0, 10.4, 10.6], ∫ϰ²/L>=[15.2, 14.6, 17.3, 19.2, 19.7], C-C-Sep=0.08, ║∇J║=2.4e-04
Iteration 1107/2000-----
currents: [100000.0, 99999.99998634626, 99999.99998170535, 99999.99998192892, 99999.99998198077]
J=1.2e-04, ⟨Jf⟩=1.1e-04, ⟨B·n⟩=3.0e-03, Len=sum([2.4, 2.4, 2.4, 2.5, 2.6])=12.3, ϰ=[8.2, 8.0, 9.0, 10.4, 10.6], ∫ϰ²/L>=[15.2, 14.6, 17.2, 19.2, 19.7], C-C-Sep=0.08, ║∇J║=2.9e-04
Iteration 1108/2000-----
currents: [100000.0, 99999.99998633422, 99999.99998168902, 99999.99998191303, 99999.99998196478]
J=1.2e-04, ⟨Jf⟩=1.1e-04, ⟨B·n⟩=3.0e-03, Len=sum([2.4, 2.4, 2.4, 2.5, 2.6])=12.3, ϰ=[8.2, 8.0, 9.0, 10.4, 10.5], ∫ϰ²/L>=[15.2, 14.6, 17.2, 19.2, 19.8], C-C-Sep=0.08, ║∇J║=2.6e-04
Iteration 1109/2000-----
currents: [100000.0, 99999.99998631854, 99999.99998166776, 99999.99998189225, 99999.99998194385]
J=1.2e-04, ⟨Jf⟩=1.1e-04, ⟨B·n⟩=3.0e-03, Len=sum([2.4, 2.4, 2.4, 2.5, 2.6])=12.3, ϰ=[8.2, 8.0, 9.0, 10.4, 10.5], ∫ϰ²/L>=[15.2, 14.6, 17.2, 19.2, 19.8], C-C-Sep=0.08, ║∇J║=2.3e-04
Iteration 1110/2000-----
currents: [100000.0, 99999.99998629368, 99999.99998163398, 99999.99998185918, 99999.99998191066]
J=1.2e-04, ⟨Jf⟩=1.1e-04, ⟨B·n⟩=3.0e-03, Len=sum([2.4, 2.4, 2.4, 2.5, 2.6])=12.3, ϰ=[8.2, 8.0, 8.9, 10.4, 10.5], ∫ϰ²/L>=[15.2, 14.6, 17.2, 19.2, 19.8], C-C-Sep=0.08, ║∇J║=2.7e-04
Iteration 1111/2000-----
currents: [100000.0, 99999.99998625372, 99999.9999815798, 99999.99998180609, 99999.99998185744]
J=1.2e-04, ⟨Jf⟩=1.1e-04, ⟨B·n⟩=3.0e-03, Len=sum([2.4, 2.4, 2.4, 2.5, 2.6])=12.3, ϰ=[8.2, 8.0, 8.9, 10.4, 10.5], ∫ϰ²/L>=[15.2, 14.6, 17.2, 19.2, 19.8], C-C-Sep=0.08, ║∇J║=3.0e-04
Iteration 1112/2000-----
currents: [100000.0, 99999.99998619087, 99999.99998149458, 99999.99998172259, 99999.99998177378]
J=1.2e-04, ⟨Jf⟩=1.1e-04, ⟨B·n⟩=3.0e-03, Len=sum([2.4, 2.4, 2.4, 2.5, 2.6])=12.3, ϰ=[8.2, 8.0, 9.0, 10.4, 10.5], ∫ϰ²/L>=[15.2, 14.6, 17.3, 19.2, 19.8], C-C-Sep=0.08, ║∇J║=3.8e-04
Iteration 1113/2000-----
currents: [100000.0, 99999.99998612906, 99999.99998141076, 99999.99998164045, 99999.99998169152]
J=1.2e-04, ⟨Jf⟩=1.1e-04, ⟨B·n⟩=3.0e-03, Len=sum([2.4, 2.4, 2.4, 2.5, 2.6])=12.3, ϰ=[8.2, 8.0, 8.9, 10.4, 10.6], ∫ϰ²/L>=[15.2, 14.6, 17.3, 19.2, 19.8], C-C-Sep=0.08, ║∇J║=4.1e-04
Iteration 1114/2000-----
currents: [100000.0, 99999.99998615522, 99999.99998144628, 99999.99998167525, 99999.99998172645]
J=1.2e-04, ⟨Jf⟩=1.1e-04, ⟨B·n⟩=3.0e-03, Len=sum([2.4, 2.4, 2.4, 2.5, 2.6])=12.3, ϰ=[8.2, 8.0, 9.0, 10.4, 10.6], ∫ϰ²/L>=[15.2, 14.6, 17.3, 19.2, 19.8], C-C-Sep=0.08, ║∇J║=4.6e-04
Iteration 1115/2000-----
currents: [100000.0, 99999.99998614175, 99999.99998142807, 99999.99998165744, 99999.99998170862]
J=1.2e-04, ⟨Jf⟩=1.1e-04, ⟨B·n⟩=3.0e-03, Len=sum([2.4, 2.4, 2.4, 2.5, 2.6])=12.3, ϰ=[8.2, 8.0, 8.9, 10.4, 10.6], ∫ϰ²/L>=[15.2, 14.6, 17.3, 19.2, 19.8], C-C-Sep=0.08, ║∇J║=2.9e-04
Iteration 1116/2000-----
currents: [100000.0, 99999.9999861218, 99999.99998140112, 99999.99998163102, 99999.99998168217]
J=1.2e-04, ⟨Jf⟩=1.1e-04, ⟨B·n⟩=3.0e-03, Len=sum([2.4, 2.4, 2.4, 2.5, 2.6])=12.3, ϰ=[8.2, 8.0, 8.9, 10.4, 10.6], ∫ϰ²/L>=[15.2, 14.6, 17.3, 19.2, 19.8], C-C-Sep=0.08, ║∇J║=2.3e-04
Iteration 1117/2000-----
currents: [100000.0, 99999.9999860807, 99999.99998134548, 99999.99998157646, 99999.99998162754]
J=1.2e-04, ⟨Jf⟩=1.1e-04, ⟨B·n⟩=3.0e-03, Len=sum([2.4, 2.4, 2.4, 2.5, 2.6])=12.3, ϰ=[8.2, 8.0, 8.9, 10.4, 10.6], ∫ϰ²/L>=[15.2, 14.6, 17.3, 19.2, 19.8], C-C-Sep=0.08, ║∇J║=2.6e-04
Iteration 1118/2000-----
currents: [100000.0, 99999.99998603518, 99999.99998128387, 99999.99998151608, 99999.99998156715]
J=1.2e-04, ⟨Jf⟩=1.1e-04, ⟨B·n⟩=3.0e-03, Len=sum([2.4, 2.4, 2.4, 2.5, 2.6])=12.3, ϰ=[8.2, 8.0, 9.0, 10.4, 10.6], ∫ϰ²/L>=[15.2, 14.6, 17.3, 19.2, 19.8], C-C-Sep=0.08, ║∇J║=3.2e-04
Iteration 1119/2000-----
currents: [100000.0, 99999.9999860228, 99999.99998126722, 99999.99998149984, 99999.99998155101]
J=1.2e-04, ⟨Jf⟩=1.1e-04, ⟨B·n⟩=3.0e-03, Len=sum([2.4, 2.4, 2.4, 2.5, 2.6])=12.3, ϰ=[8.3, 8.0, 9.0, 10.4, 10.6], ∫ϰ²/L>=[15.2, 14.6, 17.3, 19.2, 19.8], C-C-Sep=0.08, ║∇J║=3.6e-04
Iteration 1120/2000-----
currents: [100000.0, 99999.99998602818, 99999.9999812746, 99999.99998150714, 99999.99998155836]
J=1.2e-04, ⟨Jf⟩=1.1e-04, ⟨B·n⟩=3.0e-03, Len=sum([2.4, 2.4, 2.4, 2.5, 2.6])=12.3, ϰ=[8.3, 8.0, 9.0, 10.4, 10.6], ∫ϰ²/L>=[15.2, 14.6, 17.3, 19.2, 19.8], C-C-Sep=0.08, ║∇J║=3.0e-04
Iteration 1121/2000-----
currents: [100000.0, 99999.99998602223, 99999.99998126655, 99999.99998149932, 99999.99998155054]
J=1.2e-04, ⟨Jf⟩=1.1e-04, ⟨B·n⟩=3.0e-03, Len=sum([2.4, 2.4, 2.4, 2.5, 2.6])=12.3, ϰ=[8.3, 8.0, 9.0, 10.4, 10.6], ∫ϰ²/L>=[15.2, 14.6, 17.3, 19.2, 19.8], C-C-Sep=0.08, ║∇J║=2.8e-04
Iteration 1122/2000-----
currents: [100000.0, 99999.99998601445, 99999.99998125601, 99999.9999814891, 99999.99998154031]
J=1.2e-04, ⟨Jf⟩=1.1e-04, ⟨B·n⟩=3.0e-03, Len=sum([2.4, 2.4, 2.4, 2.5, 2.6])=12.3, ϰ=[8.3, 8.0, 9.0, 10.4, 10.6], ∫ϰ²/L>=[15.2, 14.6, 17.3, 19.2, 19.8], C-C-Sep=0.08, ║∇J║=2.9e-04
Iteration 1123/2000-----
currents: [100000.0, 99999.99998599045, 99999.99998122346, 99999.99998145722, 99999.99998150831]
J=1.2e-04, ⟨Jf⟩=1.1e-04, ⟨B·n⟩=3.0e-03, Len=sum([2.4, 2.4, 2.4, 2.5, 2.6])=12.3, ϰ=[8.2, 8.0, 9.1, 10.4, 10.6], ∫ϰ²/L>=[15.2, 14.6, 17.3, 19.3, 19.8], C-C-Sep=0.08, ║∇J║=2.8e-04
Iteration 1124/2000-----
currents: [100000.0, 99999.9999859524, 99999.99998117184, 99999.99998140673, 99999.99998145761]
J=1.2e-04, ⟨Jf⟩=1.1e-04, ⟨B·n⟩=3.0e-03, Len=sum([2.4, 2.4, 2.4, 2.5, 2.6])=12.3, ϰ=[8.2, 8.0, 9.0, 10.4, 10.6], ∫ϰ²/L>=[15.2, 14.6, 17.3, 19.3, 19.8], C-C-Sep=0.08, ║∇J║=3.5e-04
Iteration 1125/2000-----
currents: [100000.0, 99999.9999859512, 99999.99998117019, 99999.99998140516, 99999.99998145593]
J=1.2e-04, ⟨Jf⟩=1.1e-04, ⟨B·n⟩=3.0e-03, Len=sum([2.4, 2.4, 2.4, 2.5, 2.6])=12.3, ϰ=[8.2, 8.0, 9.0, 10.4, 10.6], ∫ϰ²/L>=[15.2, 14.6, 17.3, 19.3, 19.8], C-C-Sep=0.08, ║∇J║=3.8e-04
Iteration 1126/2000-----
currents: [100000.0, 99999.99998593185, 99999.99998114398, 99999.99998137951, 99999.99998143016]
J=1.2e-04, ⟨Jf⟩=1.1e-04, ⟨B·n⟩=3.0e-03, Len=sum([2.4, 2.4, 2.4, 2.5, 2.6])=12.3, ϰ=[8.2, 8.0, 9.0, 10.4, 10.6], ∫ϰ²/L>=[15.2, 14.6, 17.3, 19.3, 19.8], C-C-Sep=0.08, ║∇J║=2.8e-04
Iteration 1127/2000-----
currents: [100000.0, 99999.99998591415, 99999.99998112, 99999.99998135606, 99999.99998140664]
J=1.2e-04, ⟨Jf⟩=1.1e-04, ⟨B·n⟩=3.0e-03, Len=sum([2.4, 2.4, 2.4, 2.5, 2.6])=12.3, ϰ=[8.2, 8.0, 9.0, 10.4, 10.6], ∫ϰ²/L>=[15.2, 14.6, 17.3, 19.3, 19.8], C-C-Sep=0.08, ║∇J║=2.6e-04
Iteration 1128/2000-----
currents: [100000.0, 99999.99998585143, 99999.99998103513, 99999.99998127308, 99999.9999813235]
J=1.2e-04, ⟨Jf⟩=1.1e-04, ⟨B·n⟩=3.0e-03, Len=sum([2.4, 2.4, 2.4, 2.5, 2.6])=12.3, ϰ=[8.2, 8.0, 9.0, 10.4, 10.6], ∫ϰ²/L>=[15.2, 14.6, 17.3, 19.3, 19.8], C-C-Sep=0.08, ║∇J║=3.4e-04
Iteration 1129/2000-----
currents: [100000.0, 99999.99998581452, 99999.99998098513, 99999.99998122417, 99999.99998127448]
J=1.2e-04, ⟨Jf⟩=1.1e-04, ⟨B·n⟩=3.0e-03, Len=sum([2.4, 2.4, 2.4, 2.5, 2.6])=12.3, ϰ=[8.2, 8.0, 9.0, 10.4, 10.6], ∫ϰ²/L>=[15.2, 14.6, 17.3, 19.3, 19.8], C-C-Sep=0.08, ║∇J║=3.2e-04
Iteration 1130/2000-----
currents: [100000.0, 99999.99998580087, 99999.99998096665, 99999.99998120613, 99999.99998125635]
J=1.2e-04, ⟨Jf⟩=1.1e-04, ⟨B·n⟩=3.0e-03, Len=sum([2.4, 2.4, 2.4, 2.5, 2.6])=12.3, ϰ=[8.2, 8.0, 9.0, 10.4, 10.5], ∫ϰ²/L>=[15.2, 14.6, 17.3, 19.3, 19.8], C-C-Sep=0.08, ║∇J║=2.9e-04
Iteration 1131/2000-----
currents: [100000.0, 99999.99998576951, 99999.99998092413, 99999.99998116454, 99999.99998121469]
J=1.2e-04, ⟨Jf⟩=1.1e-04, ⟨B·n⟩=3.0e-03, Len=sum([2.4, 2.4, 2.4, 2.5, 2.6])=12.3, ϰ=[8.2, 8.0, 9.1, 10.4, 10.6], ∫ϰ²/L>=[15.2, 14.6, 17.3, 19.3, 19.8], C-C-Sep=0.08, ║∇J║=3.2e-04
Iteration 1132/2000-----
currents: [100000.0, 99999.9999857875, 99999.99998094841, 99999.99998118835, 99999.99998123848]
J=1.2e-04, ⟨Jf⟩=1.1e-04, ⟨B·n⟩=3.0e-03, Len=sum([2.4, 2.4, 2.4, 2.5, 2.6])=12.3, ϰ=[8.2, 8.0, 9.1, 10.4, 10.5], ∫ϰ²/L>=[15.2, 14.6, 17.3, 19.3, 19.8], C-C-Sep=0.08, ║∇J║=2.6e-04
Iteration 1133/2000-----
currents: [100000.0, 99999.9999857666, 99999.99998092013, 99999.9999811607, 99999.99998121073]
J=1.2e-04, ⟨Jf⟩=1.1e-04, ⟨B·n⟩=3.0e-03, Len=sum([2.4, 2.4, 2.4, 2.5, 2.6])=12.3, ϰ=[8.2, 8.0, 9.1, 10.4, 10.5], ∫ϰ²/L>=[15.2, 14.6, 17.3, 19.3, 19.8], C-C-Sep=0.08, ║∇J║=3.5e-04
Iteration 1134/2000-----
currents: [100000.0, 99999.99998577528, 99999.9999809319, 99999.99998117228, 99999.99998122235]
J=1.2e-04, ⟨Jf⟩=1.1e-04, ⟨B·n⟩=3.0e-03, Len=sum([2.4, 2.4, 2.4, 2.5, 2.6])=12.3, ϰ=[8.2, 8.0, 9.0, 10.4, 10.5], ∫ϰ²/L>=[15.2, 14.6, 17.3, 19.3, 19.8], C-C-Sep=0.08, ║∇J║=2.4e-04
Iteration 1135/2000-----
currents: [100000.0, 99999.9999857655, 99999.99998091863, 99999.9999811594, 99999.9999812094]
J=1.2e-04, ⟨Jf⟩=1.1e-04, ⟨B·n⟩=3.0e-03, Len=sum([2.4, 2.4, 2.4, 2.5, 2.6])=12.3, ϰ=[8.2, 7.9, 9.0, 10.4, 10.6], ∫ϰ²/L>=[15.2, 14.6, 17.3, 19.3, 19.8], C-C-Sep=0.08, ║∇J║=2.8e-04
Iteration 1136/2000-----
currents: [100000.0, 99999.99998576392, 99999.99998091647, 99999.99998115737, 99999.99998120737]
J=1.2e-04, ⟨Jf⟩=1.1e-04, ⟨B·n⟩=3.0e-03, Len=sum([2.4, 2.4, 2.4, 2.5, 2.6])=12.3, ϰ=[8.2, 7.9, 9.0, 10.4, 10.6], ∫ϰ²/L>=[15.2, 14.6, 17.3, 19.3, 19.8], C-C-Sep=0.08, ║∇J║=2.6e-04
Iteration 1137/2000-----
currents: [100000.0, 99999.9999857568, 99999.99998090681, 99999.99998114795, 99999.99998119795]
J=1.2e-04, ⟨Jf⟩=1.1e-04, ⟨B·n⟩=3.0e-03, Len=sum([2.4, 2.4, 2.4, 2.5, 2.6])=12.3, ϰ=[8.2, 7.9, 9.1, 10.4, 10.6], ∫ϰ²/L>=[15.2, 14.5, 17.3, 19.3, 19.8], C-C-Sep=0.08, ║∇J║=2.4e-04
Iteration 1138/2000-----
currents: [100000.0, 99999.99998574569, 99999.99998089169, 99999.99998113321, 99999.99998118312]
J=1.2e-04, ⟨Jf⟩=1.1e-04, ⟨B·n⟩=3.0e-03, Len=sum([2.4, 2.4, 2.4, 2.5, 2.6])=12.3, ϰ=[8.2, 8.0, 9.1, 10.4, 10.6], ∫ϰ²/L>=[15.2, 14.5, 17.3, 19.3, 19.8], C-C-Sep=0.08, ║∇J║=2.6e-04
Iteration 1139/2000-----
currents: [100000.0, 99999.99998572964, 99999.99998086989, 99999.9999811119, 99999.99998116179]
J=1.2e-04, ⟨Jf⟩=1.1e-04, ⟨B·n⟩=3.0e-03, Len=sum([2.4, 2.4, 2.4, 2.5, 2.6])=12.3, ϰ=[8.2, 8.0, 9.1, 10.4, 10.6], ∫ϰ²/L>=[15.2, 14.5, 17.3, 19.3, 19.8], C-C-Sep=0.08, ║∇J║=2.7e-04
Iteration 1140/2000-----
currents: [100000.0, 99999.99998571118, 99999.99998084488, 99999.99998108743, 99999.99998113727]
J=1.2e-04, ⟨Jf⟩=1.1e-04, ⟨B·n⟩=3.0e-03, Len=sum([2.4, 2.4, 2.4, 2.5, 2.6])=12.3, ϰ=[8.2, 8.0, 9.1, 10.4, 10.6], ∫ϰ²/L>=[15.2, 14.5, 17.3, 19.3, 19.8], C-C-Sep=0.08, ║∇J║=2.2e-04
Iteration 1141/2000-----
currents: [100000.0, 99999.99998569275, 99999.99998081995, 99999.99998106307, 99999.99998111288]
J=1.2e-04, ⟨Jf⟩=1.1e-04, ⟨B·n⟩=3.0e-03, Len=sum([2.4, 2.4, 2.4, 2.5, 2.6])=12.3, ϰ=[8.2, 8.0, 9.1, 10.4, 10.6], ∫ϰ²/L>=[15.2, 14.5, 17.3, 19.3, 19.8], C-C-Sep=0.08, ║∇J║=2.3e-04
Iteration 1142/2000-----
currents: [100000.0, 99999.99998566174, 99999.99998077807, 99999.99998102216, 99999.99998107187]
J=1.2e-04, ⟨Jf⟩=1.1e-04, ⟨B·n⟩=3.0e-03, Len=sum([2.4, 2.4, 2.4, 2.5, 2.6])=12.3, ϰ=[8.3, 8.0, 9.1, 10.4, 10.6], ∫ϰ²/L>=[15.2, 14.5, 17.3, 19.3, 19.8], C-C-Sep=0.08, ║∇J║=2.7e-04
Iteration 1143/2000-----
currents: [100000.0, 99999.99998563358, 99999.99998074012, 99999.99998098514, 99999.99998103475]
J=1.2e-04, ⟨Jf⟩=1.1e-04, ⟨B·n⟩=3.0e-03, Len=sum([2.4, 2.4, 2.4, 2.5, 2.6])=12.3, ϰ=[8.3, 8.0, 9.1, 10.4, 10.6], ∫ϰ²/L>=[15.2, 14.5, 17.3, 19.3, 19.8], C-C-Sep=0.08, ║∇J║=2.9e-04
Iteration 1144/2000-----
currents: [100000.0, 99999.99998559644, 99999.99998068997, 99999.99998093622, 99999.99998098561]
J=1.2e-04, ⟨Jf⟩=1.1e-04, ⟨B·n⟩=3.0e-03, Len=sum([2.4, 2.4, 2.4, 2.5, 2.6])=12.3, ϰ=[8.3, 8.1, 9.1, 10.4, 10.6], ∫ϰ²/L>=[15.2, 14.5, 17.3, 19.4, 19.8], C-C-Sep=0.08, ║∇J║=2.9e-04
Iteration 1145/2000-----
currents: [100000.0, 99999.99998555543, 99999.99998063463, 99999.99998088225, 99999.99998093133]
J=1.2e-04, ⟨Jf⟩=1.1e-04, ⟨B·n⟩=3.0e-03, Len=sum([2.4, 2.4, 2.4, 2.5, 2.6])=12.3, ϰ=[8.3, 8.0, 9.1, 10.5, 10.6], ∫ϰ²/L>=[15.2, 14.5, 17.3, 19.4, 19.8], C-C-Sep=0.08, ║∇J║=3.7e-04
Iteration 1146/2000-----
currents: [100000.0, 99999.99998557623, 99999.99998066283, 99999.99998090984, 99999.99998095888]
J=1.2e-04, ⟨Jf⟩=1.1e-04, ⟨B·n⟩=3.0e-03, Len=sum([2.4, 2.4, 2.4, 2.5, 2.6])=12.3, ϰ=[8.3, 8.0, 9.0, 10.5, 10.6], ∫ϰ²/L>=[15.2, 14.5, 17.2, 19.4, 19.8], C-C-Sep=0.08, ║∇J║=3.0e-04
Iteration 1147/2000-----
currents: [100000.0, 99999.99998555433, 99999.99998063313, 99999.99998088076, 99999.9999809297]
J=1.2e-04, ⟨Jf⟩=1.1e-04, ⟨B·n⟩=3.0e-03, Len=sum([2.4, 2.4, 2.4, 2.5, 2.6])=12.3, ϰ=[8.3, 8.0, 9.1, 10.5, 10.6], ∫ϰ²/L>=[15.2, 14.6, 17.3, 19.4, 19.8], C-C-Sep=0.08, ║∇J║=3.0e-04
Iteration 1148/2000-----
currents: [100000.0, 99999.99998554007, 99999.99998061392, 99999.999980862, 99999.9999809109]
J=1.2e-04, ⟨Jf⟩=1.1e-04, ⟨B·n⟩=3.0e-03, Len=sum([2.4, 2.4, 2.4, 2.5, 2.6])=12.3, ϰ=[8.3, 8.0, 9.1, 10.5, 10.6], ∫ϰ²/L>=[15.2, 14.6, 17.3, 19.4, 19.8], C-C-Sep=0.08, ║∇J║=2.2e-04
Iteration 1149/2000-----
currents: [100000.0, 99999.99998550292, 99999.99998056384, 99999.99998081315, 99999.99998086183]
J=1.2e-04, ⟨Jf⟩=1.1e-04, ⟨B·n⟩=3.0e-03, Len=sum([2.4, 2.4, 2.4, 2.5, 2.6])=12.3, ϰ=[8.3, 8.0, 9.1, 10.5, 10.6], ∫ϰ²/L>=[15.2, 14.6, 17.3, 19.4, 19.8], C-C-Sep=0.08, ║∇J║=2.7e-04
Iteration 1150/2000-----
currents: [100000.0, 99999.9999854637, 99999.99998051094, 99999.9999807615, 99999.99998080995]
J=1.2e-04, ⟨Jf⟩=1.1e-04, ⟨B·n⟩=3.0e-03, Len=sum([2.4, 2.4, 2.4, 2.5, 2.6])=12.3, ϰ=[8.3, 8.0, 9.1, 10.5, 10.6], ∫ϰ²/L>=[15.2, 14.6, 17.3, 19.4, 19.8], C-C-Sep=0.08, ║∇J║=3.0e-04
Iteration 1151/2000-----
currents: [100000.0, 99999.99998544925, 99999.99998049151, 99999.99998074255, 99999.99998079088]
J=1.2e-04, ⟨Jf⟩=1.1e-04, ⟨B·n⟩=3.0e-03, Len=sum([2.4, 2.4, 2.4, 2.5, 2.6])=12.3, ϰ=[8.3, 8.0, 9.0, 10.5, 10.6], ∫ϰ²/L>=[15.2, 14.6, 17.3, 19.4, 19.8], C-C-Sep=0.08, ║∇J║=2.9e-04
Iteration 1152/2000-----
currents: [100000.0, 99999.99998543087, 99999.99998046676, 99999.99998071839, 99999.99998076666]
J=1.2e-04, ⟨Jf⟩=1.1e-04, ⟨B·n⟩=3.0e-03, Len=sum([2.4, 2.4, 2.4, 2.5, 2.6])=12.3, ϰ=[8.3, 8.0, 9.0, 10.4, 10.6], ∫ϰ²/L>=[15.2, 14.6, 17.3, 19.4, 19.8], C-C-Sep=0.08, ║∇J║=2.6e-04
Iteration 1153/2000-----
currents: [100000.0, 99999.9999854232, 99999.9999804565, 99999.99998070834, 99999.99998075658]
J=1.2e-04, ⟨Jf⟩=1.1e-04, ⟨B·n⟩=3.0e-03, Len=sum([2.4, 2.4, 2.4, 2.5, 2.6])=12.3, ϰ=[8.3, 8.0, 9.1, 10.4, 10.6], ∫ϰ²/L>=[15.2, 14.6, 17.3, 19.4, 19.8], C-C-Sep=0.08, ║∇J║=3.0e-04
Iteration 1154/2000-----
currents: [100000.0, 99999.99998540271, 99999.99998042891, 99999.99998068139, 99999.99998072955]
J=1.2e-04, ⟨Jf⟩=1.1e-04, ⟨B·n⟩=3.0e-03, Len=sum([2.4, 2.4, 2.4, 2.5, 2.6])=12.3, ϰ=[8.3, 8.0, 9.1, 10.4, 10.6], ∫ϰ²/L>=[15.2, 14.6, 17.3, 19.4, 19.8], C-C-Sep=0.08, ║∇J║=3.0e-04
Iteration 1155/2000-----
currents: [100000.0, 99999.99998537982, 99999.99998039818, 99999.99998065144, 99999.9999806995]
J=1.2e-04, ⟨Jf⟩=1.1e-04, ⟨B·n⟩=3.0e-03, Len=sum([2.4, 2.4, 2.4, 2.5, 2.6])=12.3, ϰ=[8.3, 7.9, 9.1, 10.4, 10.6], ∫ϰ²/L>=[15.2, 14.6, 17.3, 19.4, 19.8], C-C-Sep=0.08, ║∇J║=2.6e-04
Iteration 1156/2000-----
currents: [100000.0, 99999.9999853622, 99999.99998037449, 99999.99998062836, 99999.99998067625]
J=1.2e-04, ⟨Jf⟩=1.1e-04, ⟨B·n⟩=3.0e-03, Len=sum([2.4, 2.4, 2.4, 2.5, 2.6])=12.3, ϰ=[8.3, 7.9, 9.1, 10.4, 10.6], ∫ϰ²/L>=[15.2, 14.6, 17.3, 19.4, 19.8], C-C-Sep=0.08, ║∇J║=2.6e-04
Iteration 1157/2000-----
currents: [100000.0, 99999.99998535041, 99999.99998035868, 99999.99998061302, 99999.9999806608]
J=1.2e-04, ⟨Jf⟩=1.1e-04, ⟨B·n⟩=3.0e-03, Len=sum([2.4, 2.4, 2.4, 2.5, 2.6])=12.3, ϰ=[8.3, 7.9, 9.1, 10.4, 10.6], ∫ϰ²/L>=[15.2, 14.6, 17.3, 19.4, 19.7], C-C-Sep=0.08, ║∇J║=2.6e-04
Iteration 1158/2000-----
currents: [100000.0, 99999.9999853141, 99999.99998030976, 99999.9999805653, 99999.99998061282]
J=1.2e-04, ⟨Jf⟩=1.1e-04, ⟨B·n⟩=3.0e-03, Len=sum([2.4, 2.4, 2.4, 2.5, 2.6])=12.3, ϰ=[8.2, 7.9, 9.1, 10.4, 10.6], ∫ϰ²/L>=[15.2, 14.6, 17.3, 19.4, 19.7], C-C-Sep=0.08, ║∇J║=2.5e-04
Iteration 1159/2000-----
currents: [100000.0, 99999.99998532166, 99999.99998032009, 99999.99998057546, 99999.99998062298]
J=1.2e-04, ⟨Jf⟩=1.1e-04, ⟨B·n⟩=3.0e-03, Len=sum([2.4, 2.4, 2.4, 2.5, 2.6])=12.3, ϰ=[8.2, 7.9, 9.0, 10.4, 10.6], ∫ϰ²/L>=[15.2, 14.6, 17.2, 19.4, 19.7], C-C-Sep=0.08, ║∇J║=3.4e-04
Iteration 1160/2000-----
currents: [100000.0, 99999.99998530412, 99999.99998029655, 99999.99998055253, 99999.99998059998]
J=1.2e-04, ⟨Jf⟩=1.1e-04, ⟨B·n⟩=3.0e-03, Len=sum([2.4, 2.4, 2.4, 2.5, 2.6])=12.3, ϰ=[8.2, 7.9, 9.0, 10.4, 10.6], ∫ϰ²/L>=[15.2, 14.5, 17.2, 19.4, 19.7], C-C-Sep=0.08, ║∇J║=2.8e-04
Iteration 1161/2000-----
currents: [100000.0, 99999.99998528912, 99999.99998027644, 99999.99998053297, 99999.99998058037]
J=1.2e-04, ⟨Jf⟩=1.1e-04, ⟨B·n⟩=3.0e-03, Len=sum([2.4, 2.4, 2.4, 2.5, 2.6])=12.3, ϰ=[8.2, 7.9, 9.0, 10.4, 10.6], ∫ϰ²/L>=[15.2, 14.5, 17.2, 19.4, 19.7], C-C-Sep=0.08, ║∇J║=2.4e-04
Iteration 1162/2000-----
currents: [100000.0, 99999.99998525712, 99999.99998023351, 99999.99998049121, 99999.99998053844]
J=1.2e-04, ⟨Jf⟩=1.1e-04, ⟨B·n⟩=3.0e-03, Len=sum([2.4, 2.4, 2.4, 2.5, 2.6])=12.3, ϰ=[8.2, 7.9, 9.0, 10.4, 10.6], ∫ϰ²/L>=[15.2, 14.5, 17.2, 19.4, 19.7], C-C-Sep=0.08, ║∇J║=2.5e-04
Iteration 1163/2000-----
currents: [100000.0, 99999.99998519376, 99999.99998014844, 99999.9999804084, 99999.99998045519]
J=1.2e-04, ⟨Jf⟩=1.1e-04, ⟨B·n⟩=3.0e-03, Len=sum([2.4, 2.4, 2.4, 2.5, 2.6])=12.3, ϰ=[8.2, 7.9, 9.0, 10.4, 10.6], ∫ϰ²/L>=[15.2, 14.5, 17.2, 19.4, 19.7], C-C-Sep=0.08, ║∇J║=3.1e-04
Iteration 1164/2000-----
currents: [100000.0, 99999.99998514757, 99999.99998008649, 99999.99998034815, 99999.99998039451]
J=1.2e-04, ⟨Jf⟩=1.1e-04, ⟨B·n⟩=3.0e-03, Len=sum([2.4, 2.4, 2.4, 2.5, 2.6])=12.3, ϰ=[8.2, 7.9, 9.0, 10.5, 10.6], ∫ϰ²/L>=[15.2, 14.5, 17.2, 19.5, 19.7], C-C-Sep=0.08, ║∇J║=4.0e-04
Iteration 1165/2000-----
currents: [100000.0, 99999.99998517931, 99999.99998012916, 99999.99998038971, 99999.99998043619]
J=1.2e-04, ⟨Jf⟩=1.1e-04, ⟨B·n⟩=3.0e-03, Len=sum([2.4, 2.4, 2.4, 2.5, 2.6])=12.3, ϰ=[8.2, 7.9, 9.0, 10.5, 10.6], ∫ϰ²/L>=[15.1, 14.5, 17.2, 19.4, 19.7], C-C-Sep=0.08, ║∇J║=2.9e-04
Iteration 1166/2000-----
currents: [100000.0, 99999.99998515248, 99999.99998009286, 99999.99998035417, 99999.99998040056]
J=1.2e-04, ⟨Jf⟩=1.1e-04, ⟨B·n⟩=3.0e-03, Len=sum([2.4, 2.4, 2.4, 2.5, 2.6])=12.3, ϰ=[8.2, 7.9, 9.0, 10.5, 10.6], ∫ϰ²/L>=[15.2, 14.5, 17.2, 19.4, 19.7], C-C-Sep=0.08, ║∇J║=3.9e-04
Iteration 1167/2000-----
currents: [100000.0, 99999.99998516217, 99999.99998010596, 99999.99998036693, 99999.99998041334]
J=1.2e-04, ⟨Jf⟩=1.1e-04, ⟨B·n⟩=3.0e-03, Len=sum([2.4, 2.4, 2.4, 2.5, 2.6])=12.3, ϰ=[8.2, 7.9, 9.0, 10.5, 10.5], ∫ϰ²/L>=[15.2, 14.5, 17.2, 19.4, 19.7], C-C-Sep=0.08, ║∇J║=2.3e-04
Iteration 1168/2000-----
currents: [100000.0, 99999.999985149, 99999.99998008838, 99999.99998034985, 99999.99998039614]
J=1.2e-04, ⟨Jf⟩=1.1e-04, ⟨B·n⟩=3.0e-03, Len=sum([2.4, 2.4, 2.4, 2.5, 2.6])=12.3, ϰ=[8.2, 8.0, 9.0, 10.5, 10.5], ∫ϰ²/L>=[15.2, 14.5, 17.2, 19.4, 19.7], C-C-Sep=0.08, ║∇J║=2.3e-04
Iteration 1169/2000-----
currents: [100000.0, 99999.99998513298, 99999.999980067, 99999.99998032904, 99999.99998037523]
J=1.2e-04, ⟨Jf⟩=1.1e-04, ⟨B·n⟩=3.0e-03, Len=sum([2.4, 2.4, 2.4, 2.5, 2.6])=12.3, ϰ=[8.2, 8.0, 9.0, 10.5, 10.5], ∫ϰ²/L>=[15.2, 14.5, 17.2, 19.4, 19.7], C-C-Sep=0.08, ║∇J║=2.4e-04
Iteration 1170/2000-----
currents: [100000.0, 99999.99998510073, 99999.99998002381, 99999.99998028696, 99999.9999803329]
J=1.2e-04, ⟨Jf⟩=1.1e-04, ⟨B·n⟩=3.0e-03, Len=sum([2.4, 2.4, 2.4, 2.5, 2.6])=12.3, ϰ=[8.2, 8.0, 9.0, 10.5, 10.5], ∫ϰ²/L>=[15.2, 14.5, 17.2, 19.4, 19.7], C-C-Sep=0.08, ║∇J║=2.9e-04
Iteration 1171/2000-----
currents: [100000.0, 99999.99998506514, 99999.9999799761, 99999.9999802405, 99999.99998028614]
J=1.2e-04, ⟨Jf⟩=1.1e-04, ⟨B·n⟩=3.0e-03, Len=sum([2.4, 2.4, 2.4, 2.5, 2.6])=12.3, ϰ=[8.2, 8.1, 9.0, 10.5, 10.5], ∫ϰ²/L>=[15.2, 14.5, 17.2, 19.4, 19.7], C-C-Sep=0.08, ║∇J║=2.9e-04
Iteration 1172/2000-----
currents: [100000.0, 99999.99998501643, 99999.99997991069, 99999.99998017686, 99999.99998022207]
J=1.2e-04, ⟨Jf⟩=1.1e-04, ⟨B·n⟩=3.0e-03, Len=sum([2.4, 2.4, 2.4, 2.5, 2.6])=12.3, ϰ=[8.2, 8.1, 9.0, 10.5, 10.6], ∫ϰ²/L>=[15.2, 14.5, 17.2, 19.4, 19.7], C-C-Sep=0.08, ║∇J║=3.5e-04
Iteration 1173/2000-----
currents: [100000.0, 99999.999984992, 99999.99997987789, 99999.99998014499, 99999.99998018991]
J=1.2e-04, ⟨Jf⟩=1.1e-04, ⟨B·n⟩=3.0e-03, Len=sum([2.4, 2.4, 2.4, 2.5, 2.6])=12.3, ϰ=[8.2, 8.1, 9.0, 10.5, 10.6], ∫ϰ²/L>=[15.2, 14.5, 17.2, 19.4, 19.7], C-C-Sep=0.08, ║∇J║=3.3e-04
Iteration 1174/2000-----
currents: [100000.0, 99999.99998497708, 99999.99997985773, 99999.99998012536, 99999.99998017006]
J=1.2e-04, ⟨Jf⟩=1.1e-04, ⟨B·n⟩=3.0e-03, Len=sum([2.4, 2.4, 2.4, 2.5, 2.6])=12.3, ϰ=[8.2, 8.1, 9.0, 10.5, 10.6], ∫ϰ²/L>=[15.2, 14.5, 17.2, 19.4, 19.7], C-C-Sep=0.08, ║∇J║=2.7e-04
Iteration 1175/2000-----
currents: [100000.0, 99999.9999849743, 99999.99997985396, 99999.99998012169, 99999.9999801663]
J=1.2e-04, ⟨Jf⟩=1.1e-04, ⟨B·n⟩=3.0e-03, Len=sum([2.4, 2.4, 2.4, 2.5, 2.6])=12.3, ϰ=[8.2, 8.1, 9.0, 10.5, 10.6], ∫ϰ²/L>=[15.2, 14.5, 17.2, 19.4, 19.7], C-C-Sep=0.08, ║∇J║=2.5e-04
Iteration 1176/2000-----
currents: [100000.0, 99999.99998493365, 99999.99997979931, 99999.9999800684, 99999.99998011271]
J=1.2e-04, ⟨Jf⟩=1.1e-04, ⟨B·n⟩=3.0e-03, Len=sum([2.4, 2.4, 2.4, 2.5, 2.6])=12.3, ϰ=[8.2, 8.1, 9.0, 10.5, 10.6], ∫ϰ²/L>=[15.2, 14.5, 17.2, 19.4, 19.7], C-C-Sep=0.08, ║∇J║=2.8e-04
Iteration 1177/2000-----
currents: [100000.0, 99999.99998492553, 99999.9999797885, 99999.99998005788, 99999.99998010216]
J=1.2e-04, ⟨Jf⟩=1.1e-04, ⟨B·n⟩=3.0e-03, Len=sum([2.4, 2.4, 2.4, 2.5, 2.6])=12.3, ϰ=[8.2, 8.2, 9.0, 10.5, 10.6], ∫ϰ²/L>=[15.2, 14.5, 17.2, 19.4, 19.7], C-C-Sep=0.08, ║∇J║=2.9e-04
Iteration 1178/2000-----
currents: [100000.0, 99999.99998490111, 99999.99997975574, 99999.99998002597, 99999.99998007]
J=1.2e-04, ⟨Jf⟩=1.1e-04, ⟨B·n⟩=3.0e-03, Len=sum([2.4, 2.4, 2.4, 2.5, 2.6])=12.3, ϰ=[8.3, 8.2, 9.0, 10.5, 10.6], ∫ϰ²/L>=[15.2, 14.5, 17.2, 19.4, 19.7], C-C-Sep=0.08, ║∇J║=2.5e-04
Iteration 1179/2000-----
currents: [100000.0, 99999.99998487924, 99999.99997972648, 99999.99997999746, 99999.99998004123]
J=1.2e-04, ⟨Jf⟩=1.1e-04, ⟨B·n⟩=3.0e-03, Len=sum([2.4, 2.4, 2.4, 2.5, 2.6])=12.3, ϰ=[8.3, 8.2, 9.0, 10.5, 10.6], ∫ϰ²/L>=[15.2, 14.5, 17.2, 19.4, 19.7], C-C-Sep=0.08, ║∇J║=2.4e-04
Iteration 1180/2000-----
currents: [100000.0, 99999.9999848383, 99999.9999796716, 99999.99997994407, 99999.99997998735]
J=1.2e-04, ⟨Jf⟩=1.1e-04, ⟨B·n⟩=3.0e-03, Len=sum([2.4, 2.4, 2.4, 2.5, 2.6])=12.3, ϰ=[8.3, 8.2, 9.0, 10.5, 10.6], ∫ϰ²/L>=[15.2, 14.5, 17.2, 19.4, 19.7], C-C-Sep=0.08, ║∇J║=2.8e-04
Iteration 1181/2000-----
currents: [100000.0, 99999.9999848143, 99999.9999796395, 99999.99997991284, 99999.99997995573]
J=1.2e-04, ⟨Jf⟩=1.1e-04, ⟨B·n⟩=3.0e-03, Len=sum([2.4, 2.4, 2.4, 2.5, 2.6])=12.3, ϰ=[8.3, 8.2, 9.0, 10.5, 10.6], ∫ϰ²/L>=[15.2, 14.5, 17.2, 19.4, 19.7], C-C-Sep=0.08, ║∇J║=3.3e-04
Iteration 1182/2000-----
currents: [100000.0, 99999.9999847896, 99999.99997960636, 99999.99997988064, 99999.99997992326]
J=1.2e-04, ⟨Jf⟩=1.1e-04, ⟨B·n⟩=3.0e-03, Len=sum([2.4, 2.4, 2.4, 2.5, 2.6])=12.3, ϰ=[8.3, 8.2, 9.0, 10.5, 10.6], ∫ϰ²/L>=[15.2, 14.5, 17.2, 19.4, 19.7], C-C-Sep=0.08, ║∇J║=2.8e-04
Iteration 1183/2000-----
currents: [100000.0, 99999.9999848108, 99999.99997963486, 99999.99997990842, 99999.99997995124]
J=1.2e-04, ⟨Jf⟩=1.1e-04, ⟨B·n⟩=3.0e-03, Len=sum([2.4, 2.4, 2.4, 2.5, 2.6])=12.3, ϰ=[8.3, 8.2, 9.0, 10.5, 10.6], ∫ϰ²/L>=[15.2, 14.5, 17.2, 19.4, 19.7], C-C-Sep=0.08, ║∇J║=3.1e-04
Iteration 1184/2000-----
currents: [100000.0, 99999.99998476547, 99999.999979574, 99999.99997984912, 99999.99997989155]
J=1.2e-04, ⟨Jf⟩=1.1e-04, ⟨B·n⟩=3.0e-03, Len=sum([2.4, 2.4, 2.4, 2.5, 2.6])=12.3, ϰ=[8.3, 8.2, 9.0, 10.5, 10.6], ∫ϰ²/L>=[15.2, 14.5, 17.2, 19.4, 19.7], C-C-Sep=0.08, ║∇J║=3.5e-04
Iteration 1185/2000-----
currents: [100000.0, 99999.99998476062, 99999.99997956752, 99999.99997984286, 99999.99997988524]
J=1.2e-04, ⟨Jf⟩=1.1e-04, ⟨B·n⟩=3.0e-03, Len=sum([2.4, 2.4, 2.4, 2.5, 2.6])=12.3, ϰ=[8.3, 8.2, 9.0, 10.5, 10.6], ∫ϰ²/L>=[15.2, 14.5, 17.2, 19.4, 19.7], C-C-Sep=0.08, ║∇J║=2.4e-04
Iteration 1186/2000-----
currents: [100000.0, 99999.99998475426, 99999.99997955907, 99999.99997983464, 99999.99997987693]
J=1.2e-04, ⟨Jf⟩=1.1e-04, ⟨B·n⟩=3.0e-03, Len=sum([2.4, 2.4, 2.4, 2.5, 2.6])=12.3, ϰ=[8.3, 8.2, 9.0, 10.5, 10.6], ∫ϰ²/L>=[15.2, 14.4, 17.2, 19.4, 19.7], C-C-Sep=0.08, ║∇J║=2.6e-04
Iteration 1187/2000-----
currents: [100000.0, 99999.99998472132, 99999.99997951505, 99999.99997979177, 99999.99997983366]
J=1.2e-04, ⟨Jf⟩=1.1e-04, ⟨B·n⟩=3.0e-03, Len=sum([2.4, 2.4, 2.4, 2.5, 2.6])=12.3, ϰ=[8.3, 8.2, 9.0, 10.6, 10.7], ∫ϰ²/L>=[15.2, 14.4, 17.2, 19.4, 19.7], C-C-Sep=0.08, ║∇J║=3.3e-04
Iteration 1188/2000-----
currents: [100000.0, 99999.99998467845, 99999.9999794577, 99999.99997973596, 99999.99997977742]
J=1.2e-04, ⟨Jf⟩=1.1e-04, ⟨B·n⟩=3.0e-03, Len=sum([2.4, 2.4, 2.4, 2.5, 2.6])=12.3, ϰ=[8.4, 8.2, 8.9, 10.6, 10.7], ∫ϰ²/L>=[15.2, 14.4, 17.2, 19.4, 19.7], C-C-Sep=0.08, ║∇J║=3.3e-04
Iteration 1189/2000-----
currents: [100000.0, 99999.99998463399, 99999.9999793981, 99999.99997967794, 99999.99997971897]
J=1.2e-04, ⟨Jf⟩=1.1e-04, ⟨B·n⟩=3.0e-03, Len=sum([2.4, 2.4, 2.4, 2.5, 2.6])=12.3, ϰ=[8.4, 8.2, 8.9, 10.6, 10.7], ∫ϰ²/L>=[15.3, 14.4, 17.2, 19.4, 19.7], C-C-Sep=0.08, ║∇J║=2.9e-04
Iteration 1190/2000-----
currents: [100000.0, 99999.9999846281, 99999.99997939024, 99999.9999796703, 99999.9999797113]
J=1.2e-04, ⟨Jf⟩=1.1e-04, ⟨B·n⟩=3.0e-03, Len=sum([2.4, 2.4, 2.4, 2.5, 2.6])=12.3, ϰ=[8.4, 8.2, 8.9, 10.6, 10.7], ∫ϰ²/L>=[15.2, 14.4, 17.2, 19.4, 19.7], C-C-Sep=0.08, ║∇J║=2.9e-04
Iteration 1191/2000-----
currents: [100000.0, 99999.99998460361, 99999.9999793574, 99999.99997963833, 99999.99997967915]
J=1.2e-04, ⟨Jf⟩=1.1e-04, ⟨B·n⟩=3.0e-03, Len=sum([2.4, 2.4, 2.4, 2.5, 2.6])=12.3, ϰ=[8.4, 8.2, 8.9, 10.6, 10.7], ∫ϰ²/L>=[15.2, 14.4, 17.2, 19.4, 19.7], C-C-Sep=0.08, ║∇J║=2.9e-04
Iteration 1192/2000-----
currents: [100000.0, 99999.9999845656, 99999.99997930649, 99999.99997958884, 99999.99997962933]
J=1.2e-04, ⟨Jf⟩=1.1e-04, ⟨B·n⟩=3.0e-03, Len=sum([2.4, 2.4, 2.4, 2.5, 2.6])=12.3, ϰ=[8.4, 8.2, 9.0, 10.6, 10.7], ∫ϰ²/L>=[15.2, 14.4, 17.2, 19.4, 19.7], C-C-Sep=0.08, ║∇J║=2.7e-04
Iteration 1193/2000-----
currents: [100000.0, 99999.99998458583, 99999.99997933359, 99999.99997961526, 99999.99997965594]
J=1.2e-04, ⟨Jf⟩=1.1e-04, ⟨B·n⟩=3.0e-03, Len=sum([2.4, 2.4, 2.4, 2.5, 2.6])=12.3, ϰ=[8.4, 8.1, 9.0, 10.6, 10.7], ∫ϰ²/L>=[15.2, 14.4, 17.1, 19.4, 19.7], C-C-Sep=0.08, ║∇J║=3.1e-04
Iteration 1194/2000-----
currents: [100000.0, 99999.9999845668, 99999.99997930808, 99999.99997959043, 99999.99997963091]
J=1.2e-04, ⟨Jf⟩=1.1e-04, ⟨B·n⟩=3.0e-03, Len=sum([2.4, 2.4, 2.4, 2.5, 2.6])=12.3, ϰ=[8.4, 8.1, 9.0, 10.6, 10.7], ∫ϰ²/L>=[15.2, 14.4, 17.1, 19.4, 19.7], C-C-Sep=0.08, ║∇J║=2.8e-04
Iteration 1195/2000-----
currents: [100000.0, 99999.99998456264, 99999.99997930245, 99999.99997958494, 99999.99997962533]
J=1.2e-04, ⟨Jf⟩=1.1e-04, ⟨B·n⟩=3.0e-03, Len=sum([2.4, 2.4, 2.4, 2.5, 2.6])=12.3, ϰ=[8.4, 8.1, 9.0, 10.6, 10.7], ∫ϰ²/L>=[15.2, 14.4, 17.1, 19.4, 19.7], C-C-Sep=0.08, ║∇J║=3.1e-04
Iteration 1196/2000-----
currents: [100000.0, 99999.99998454873, 99999.9999792838, 99999.99997956684, 99999.99997960705]
J=1.2e-04, ⟨Jf⟩=1.1e-04, ⟨B·n⟩=3.0e-03, Len=sum([2.4, 2.4, 2.4, 2.5, 2.6])=12.3, ϰ=[8.3, 8.1, 9.0, 10.6, 10.7], ∫ϰ²/L>=[15.2, 14.4, 17.1, 19.4, 19.8], C-C-Sep=0.08, ║∇J║=2.3e-04
Iteration 1197/2000-----
currents: [100000.0, 99999.9999845455, 99999.99997927948, 99999.99997956265, 99999.99997960281]
J=1.2e-04, ⟨Jf⟩=1.1e-04, ⟨B·n⟩=3.0e-03, Len=sum([2.4, 2.4, 2.4, 2.5, 2.6])=12.3, ϰ=[8.3, 8.1, 9.0, 10.6, 10.7], ∫ϰ²/L>=[15.2, 14.4, 17.1, 19.4, 19.8], C-C-Sep=0.08, ║∇J║=2.3e-04
Iteration 1198/2000-----
currents: [100000.0, 99999.99998454282, 99999.99997927596, 99999.99997955927, 99999.99997959941]
J=1.2e-04, ⟨Jf⟩=1.1e-04, ⟨B·n⟩=3.0e-03, Len=sum([2.4, 2.4, 2.4, 2.5, 2.6])=12.3, ϰ=[8.3, 8.1, 9.0, 10.6, 10.7], ∫ϰ²/L>=[15.2, 14.4, 17.1, 19.4, 19.8], C-C-Sep=0.08, ║∇J║=2.5e-04
Iteration 1199/2000-----
currents: [100000.0, 99999.99998453294, 99999.99997926284, 99999.99997954653, 99999.99997958668]
J=1.2e-04, ⟨Jf⟩=1.1e-04, ⟨B·n⟩=3.0e-03, Len=sum([2.4, 2.4, 2.4, 2.5, 2.6])=12.3, ϰ=[8.3, 8.1, 9.0, 10.5, 10.7], ∫ϰ²/L>=[15.2, 14.4, 17.1, 19.4, 19.8], C-C-Sep=0.08, ║∇J║=2.5e-04
Iteration 1200/2000-----
currents: [100000.0, 99999.99998451916, 99999.99997924457, 99999.99997952876, 99999.99997956882]
J=1.2e-04, ⟨Jf⟩=1.1e-04, ⟨B·n⟩=3.0e-03, Len=sum([2.4, 2.4, 2.4, 2.5, 2.6])=12.3, ϰ=[8.4, 8.0, 8.9, 10.5, 10.7], ∫ϰ²/L>=[15.2, 14.4, 17.1, 19.4, 19.8], C-C-Sep=0.08, ║∇J║=2.5e-04
Iteration 1201/2000-----
currents: [100000.0, 99999.99998449109, 99999.99997920715, 99999.9999794924, 99999.99997953225]
J=1.2e-04, ⟨Jf⟩=1.1e-04, ⟨B·n⟩=3.0e-03, Len=sum([2.4, 2.4, 2.4, 2.5, 2.6])=12.3, ϰ=[8.4, 8.0, 8.9, 10.5, 10.7], ∫ϰ²/L>=[15.2, 14.4, 17.1, 19.4, 19.8], C-C-Sep=0.08, ║∇J║=2.7e-04
Iteration 1202/2000-----
currents: [100000.0, 99999.99998447344, 99999.9999791837, 99999.99997946966, 99999.9999795093]
J=1.2e-04, ⟨Jf⟩=1.1e-04, ⟨B·n⟩=3.0e-03, Len=sum([2.4, 2.4, 2.4, 2.5, 2.6])=12.3, ϰ=[8.4, 8.0, 8.9, 10.5, 10.7], ∫ϰ²/L>=[15.2, 14.4, 17.1, 19.4, 19.8], C-C-Sep=0.08, ║∇J║=2.5e-04
Iteration 1203/2000-----
currents: [100000.0, 99999.99998444636, 99999.99997914761, 99999.99997943467, 99999.99997947396]
J=1.2e-04, ⟨Jf⟩=1.1e-04, ⟨B·n⟩=3.0e-03, Len=sum([2.4, 2.4, 2.4, 2.5, 2.6])=12.3, ϰ=[8.4, 8.0, 8.9, 10.5, 10.7], ∫ϰ²/L>=[15.2, 14.4, 17.1, 19.4, 19.8], C-C-Sep=0.08, ║∇J║=2.7e-04
Iteration 1204/2000-----
currents: [100000.0, 99999.99998441467, 99999.99997910527, 99999.99997939357, 99999.99997943244]
J=1.2e-04, ⟨Jf⟩=1.1e-04, ⟨B·n⟩=3.0e-03, Len=sum([2.4, 2.4, 2.4, 2.5, 2.6])=12.3, ϰ=[8.3, 8.0, 8.9, 10.5, 10.7], ∫ϰ²/L>=[15.2, 14.4, 17.1, 19.4, 19.8], C-C-Sep=0.08, ║∇J║=2.7e-04
Iteration 1205/2000-----
currents: [100000.0, 99999.9999843691, 99999.99997904437, 99999.99997933446, 99999.99997937279]
J=1.2e-04, ⟨Jf⟩=1.1e-04, ⟨B·n⟩=3.0e-03, Len=sum([2.4, 2.4, 2.4, 2.5, 2.6])=12.3, ϰ=[8.4, 8.0, 8.9, 10.5, 10.7], ∫ϰ²/L>=[15.3, 14.4, 17.1, 19.4, 19.8], C-C-Sep=0.08, ║∇J║=2.9e-04
Iteration 1206/2000-----
currents: [100000.0, 99999.99998432874, 99999.99997899043, 99999.99997928207, 99999.99997931995]
J=1.2e-04, ⟨Jf⟩=1.1e-04, ⟨B·n⟩=3.0e-03, Len=sum([2.4, 2.4, 2.4, 2.5, 2.6])=12.3, ϰ=[8.4, 8.0, 8.9, 10.5, 10.7], ∫ϰ²/L>=[15.3, 14.4, 17.1, 19.4, 19.8], C-C-Sep=0.08, ║∇J║=2.8e-04
Iteration 1207/2000-----
currents: [100000.0, 99999.99998436234, 99999.9999790354, 99999.99997932576, 99999.999979364]
J=1.2e-04, ⟨Jf⟩=1.1e-04, ⟨B·n⟩=3.0e-03, Len=sum([2.4, 2.4, 2.4, 2.5, 2.6])=12.3, ϰ=[8.4, 8.0, 8.8, 10.5, 10.7], ∫ϰ²/L>=[15.3, 14.4, 17.1, 19.4, 19.8], C-C-Sep=0.08, ║∇J║=2.7e-04
Iteration 1208/2000-----
currents: [100000.0, 99999.99998434634, 99999.99997901394, 99999.99997930482, 99999.99997934299]
J=1.2e-04, ⟨Jf⟩=1.1e-04, ⟨B·n⟩=3.0e-03, Len=sum([2.4, 2.4, 2.4, 2.5, 2.6])=12.3, ϰ=[8.4, 8.0, 8.9, 10.5, 10.7], ∫ϰ²/L>=[15.3, 14.4, 17.1, 19.4, 19.8], C-C-Sep=0.08, ║∇J║=2.8e-04
Iteration 1209/2000-----
currents: [100000.0, 99999.99998433706, 99999.99997900154, 99999.99997929277, 99999.99997933091]
J=1.2e-04, ⟨Jf⟩=1.1e-04, ⟨B·n⟩=3.0e-03, Len=sum([2.4, 2.4, 2.4, 2.5, 2.6])=12.3, ϰ=[8.4, 8.0, 8.8, 10.5, 10.7], ∫ϰ²/L>=[15.3, 14.4, 17.1, 19.4, 19.8], C-C-Sep=0.08, ║∇J║=1.8e-04
Iteration 1210/2000-----
currents: [100000.0, 99999.99998432325, 99999.99997898303, 99999.99997927475, 99999.99997931278]
J=1.2e-04, ⟨Jf⟩=1.1e-04, ⟨B·n⟩=3.0e-03, Len=sum([2.4, 2.4, 2.4, 2.5, 2.6])=12.3, ϰ=[8.4, 8.0, 8.8, 10.5, 10.7], ∫ϰ²/L>=[15.3, 14.4, 17.1, 19.4, 19.8], C-C-Sep=0.08, ║∇J║=1.9e-04
Iteration 1211/2000-----
currents: [100000.0, 99999.99998430743, 99999.99997896186, 99999.9999792541, 99999.99997929213]
J=1.2e-04, ⟨Jf⟩=1.1e-04, ⟨B·n⟩=3.0e-03, Len=sum([2.4, 2.4, 2.4, 2.5, 2.6])=12.3, ϰ=[8.4, 8.1, 8.8, 10.5, 10.7], ∫ϰ²/L>=[15.3, 14.3, 17.1, 19.4, 19.8], C-C-Sep=0.08, ║∇J║=2.6e-04
Iteration 1212/2000-----
currents: [100000.0, 99999.99998429159, 99999.99997894067, 99999.99997923346, 99999.99997927129]
J=1.2e-04, ⟨Jf⟩=1.1e-04, ⟨B·n⟩=3.0e-03, Len=sum([2.4, 2.4, 2.4, 2.5, 2.6])=12.3, ϰ=[8.4, 8.1, 8.8, 10.5, 10.7], ∫ϰ²/L>=[15.3, 14.3, 17.1, 19.4, 19.8], C-C-Sep=0.08, ║∇J║=2.1e-04
Iteration 1213/2000-----
currents: [100000.0, 99999.99998428287, 99999.999978929, 99999.9999792221, 99999.99997925985]
J=1.2e-04, ⟨Jf⟩=1.1e-04, ⟨B·n⟩=3.0e-03, Len=sum([2.4, 2.4, 2.4, 2.5, 2.6])=12.3, ϰ=[8.4, 8.1, 8.8, 10.5, 10.7], ∫ϰ²/L>=[15.3, 14.3, 17.1, 19.4, 19.7], C-C-Sep=0.08, ║∇J║=2.1e-04
Iteration 1214/2000-----
currents: [100000.0, 99999.99998427356, 99999.99997891657, 99999.99997920998, 99999.99997924763]
J=1.2e-04, ⟨Jf⟩=1.1e-04, ⟨B·n⟩=3.0e-03, Len=sum([2.4, 2.4, 2.4, 2.5, 2.6])=12.3, ϰ=[8.4, 8.1, 8.8, 10.5, 10.7], ∫ϰ²/L>=[15.3, 14.3, 17.1, 19.4, 19.7], C-C-Sep=0.08, ║∇J║=1.8e-04
Iteration 1215/2000-----
currents: [100000.0, 99999.9999842521, 99999.99997888794, 99999.99997918213, 99999.99997921957]
J=1.2e-04, ⟨Jf⟩=1.1e-04, ⟨B·n⟩=3.0e-03, Len=sum([2.4, 2.4, 2.4, 2.5, 2.6])=12.3, ϰ=[8.4, 8.1, 8.8, 10.5, 10.7], ∫ϰ²/L>=[15.2, 14.3, 17.1, 19.4, 19.7], C-C-Sep=0.08, ║∇J║=2.0e-04
Iteration 1216/2000-----
currents: [100000.0, 99999.99998422936, 99999.99997885754, 99999.99997915255, 99999.99997918977]
J=1.2e-04, ⟨Jf⟩=1.1e-04, ⟨B·n⟩=3.0e-03, Len=sum([2.4, 2.4, 2.4, 2.5, 2.6])=12.3, ϰ=[8.4, 8.1, 8.9, 10.5, 10.7], ∫ϰ²/L>=[15.2, 14.3, 17.1, 19.4, 19.7], C-C-Sep=0.08, ║∇J║=1.8e-04
Iteration 1217/2000-----
currents: [100000.0, 99999.99998419253, 99999.99997880835, 99999.99997910472, 99999.99997914158]
J=1.2e-04, ⟨Jf⟩=1.1e-04, ⟨B·n⟩=3.0e-03, Len=sum([2.4, 2.4, 2.4, 2.5, 2.6])=12.3, ϰ=[8.4, 8.0, 8.9, 10.5, 10.7], ∫ϰ²/L>=[15.2, 14.3, 17.1, 19.4, 19.7], C-C-Sep=0.08, ║∇J║=2.1e-04
Iteration 1218/2000-----
currents: [100000.0, 99999.99998415292, 99999.99997875547, 99999.9999790533, 99999.99997908976]
J=1.2e-04, ⟨Jf⟩=1.1e-04, ⟨B·n⟩=3.0e-03, Len=sum([2.4, 2.4, 2.4, 2.5, 2.6])=12.3, ϰ=[8.4, 8.0, 8.8, 10.5, 10.7], ∫ϰ²/L>=[15.2, 14.3, 17.1, 19.4, 19.7], C-C-Sep=0.08, ║∇J║=2.4e-04
Iteration 1219/2000-----
currents: [100000.0, 99999.99998416127, 99999.99997876667, 99999.9999790642, 99999.99997910073]
J=1.2e-04, ⟨Jf⟩=1.1e-04, ⟨B·n⟩=3.0e-03, Len=sum([2.4, 2.4, 2.4, 2.5, 2.6])=12.3, ϰ=[8.3, 8.0, 8.8, 10.5, 10.7], ∫ϰ²/L>=[15.2, 14.3, 17.1, 19.4, 19.7], C-C-Sep=0.08, ║∇J║=2.2e-04
Iteration 1220/2000-----
currents: [100000.0, 99999.99998416426, 99999.99997877069, 99999.9999790681, 99999.99997910466]
J=1.2e-04, ⟨Jf⟩=1.1e-04, ⟨B·n⟩=3.0e-03, Len=sum([2.4, 2.4, 2.4, 2.5, 2.6])=12.3, ϰ=[8.3, 8.0, 8.8, 10.5, 10.7], ∫ϰ²/L>=[15.2, 14.3, 17.1, 19.4, 19.7], C-C-Sep=0.08, ║∇J║=2.0e-04
Iteration 1221/2000-----
currents: [100000.0, 99999.99998415748, 99999.9999787616, 99999.99997905924, 99999.99997909575]
J=1.2e-04, ⟨Jf⟩=1.1e-04, ⟨B·n⟩=3.0e-03, Len=sum([2.4, 2.4, 2.4, 2.5, 2.6])=12.3, ϰ=[8.3, 8.0, 8.8, 10.5, 10.7], ∫ϰ²/L>=[15.2, 14.3, 17.1, 19.4, 19.7], C-C-Sep=0.08, ║∇J║=1.8e-04
Iteration 1222/2000-----
currents: [100000.0, 99999.99998414173, 99999.9999787405, 99999.99997903871, 99999.99997907507]
J=1.2e-04, ⟨Jf⟩=1.1e-04, ⟨B·n⟩=3.0e-03, Len=sum([2.4, 2.4, 2.4, 2.5, 2.6])=12.3, ϰ=[8.3, 8.0, 8.8, 10.5, 10.7], ∫ϰ²/L>=[15.2, 14.3, 17.1, 19.4, 19.7], C-C-Sep=0.08, ║∇J║=1.7e-04
Iteration 1223/2000-----
currents: [100000.0, 99999.9999841341, 99999.99997873018, 99999.9999790287, 99999.999979065]
J=1.2e-04, ⟨Jf⟩=1.1e-04, ⟨B·n⟩=3.0e-03, Len=sum([2.4, 2.4, 2.4, 2.5, 2.6])=12.3, ϰ=[8.3, 8.0, 8.8, 10.5, 10.7], ∫ϰ²/L>=[15.2, 14.3, 17.1, 19.4, 19.7], C-C-Sep=0.08, ║∇J║=2.2e-04
Iteration 1224/2000-----
currents: [100000.0, 99999.99998410072, 99999.99997868546, 99999.99997898529, 99999.99997902132]
J=1.2e-04, ⟨Jf⟩=1.1e-04, ⟨B·n⟩=3.0e-03, Len=sum([2.4, 2.4, 2.4, 2.5, 2.6])=12.3, ϰ=[8.3, 8.0, 8.8, 10.5, 10.8], ∫ϰ²/L>=[15.2, 14.3, 17.1, 19.4, 19.7], C-C-Sep=0.08, ║∇J║=2.8e-04
Iteration 1225/2000-----
currents: [100000.0, 99999.99998408758, 99999.99997866787, 99999.99997896828, 99999.99997900418]
J=1.2e-04, ⟨Jf⟩=1.1e-04, ⟨B·n⟩=3.0e-03, Len=sum([2.4, 2.4, 2.4, 2.5, 2.6])=12.3, ϰ=[8.3, 8.0, 8.8, 10.5, 10.8], ∫ϰ²/L>=[15.2, 14.3, 17.1, 19.4, 19.7], C-C-Sep=0.08, ║∇J║=2.4e-04
Iteration 1226/2000-----
currents: [100000.0, 99999.99998407203, 99999.99997864713, 99999.9999789482, 99999.99997898395]
J=1.2e-04, ⟨Jf⟩=1.1e-04, ⟨B·n⟩=3.0e-03, Len=sum([2.4, 2.4, 2.4, 2.5, 2.6])=12.3, ϰ=[8.3, 8.0, 8.8, 10.5, 10.8], ∫ϰ²/L>=[15.2, 14.3, 17.1, 19.4, 19.7], C-C-Sep=0.08, ║∇J║=2.1e-04
Iteration 1227/2000-----
currents: [100000.0, 99999.99998404154, 99999.99997860652, 99999.99997890877, 99999.99997894428]
J=1.2e-04, ⟨Jf⟩=1.1e-04, ⟨B·n⟩=3.0e-03, Len=sum([2.4, 2.4, 2.4, 2.5, 2.6])=12.3, ϰ=[8.3, 8.0, 8.8, 10.5, 10.8], ∫ϰ²/L>=[15.2, 14.3, 17.1, 19.4, 19.7], C-C-Sep=0.08, ║∇J║=2.2e-04
Iteration 1228/2000-----
currents: [100000.0, 99999.99998399621, 99999.99997854605, 99999.99997885004, 99999.99997888517]
J=1.2e-04, ⟨Jf⟩=1.1e-04, ⟨B·n⟩=3.0e-03, Len=sum([2.4, 2.4, 2.4, 2.5, 2.6])=12.3, ϰ=[8.3, 8.0, 8.8, 10.5, 10.8], ∫ϰ²/L>=[15.3, 14.3, 17.1, 19.4, 19.7], C-C-Sep=0.08, ║∇J║=2.6e-04
Iteration 1229/2000-----
currents: [100000.0, 99999.99998397601, 99999.99997851915, 99999.9999788239, 99999.99997885889]
J=1.2e-04, ⟨Jf⟩=1.1e-04, ⟨B·n⟩=3.0e-03, Len=sum([2.4, 2.4, 2.4, 2.5, 2.6])=12.3, ϰ=[8.3, 8.0, 8.8, 10.5, 10.8], ∫ϰ²/L>=[15.3, 14.3, 17.1, 19.4, 19.7], C-C-Sep=0.08, ║∇J║=2.6e-04
Iteration 1230/2000-----
currents: [100000.0, 99999.99998395894, 99999.99997849642, 99999.99997880176, 99999.99997883663]
J=1.2e-04, ⟨Jf⟩=1.1e-04, ⟨B·n⟩=3.0e-03, Len=sum([2.4, 2.4, 2.4, 2.5, 2.6])=12.3, ϰ=[8.3, 8.0, 8.8, 10.5, 10.8], ∫ϰ²/L>=[15.3, 14.3, 17.1, 19.4, 19.7], C-C-Sep=0.08, ║∇J║=2.5e-04
Iteration 1231/2000-----
currents: [100000.0, 99999.9999839834, 99999.99997852907, 99999.99997883353, 99999.99997886867]
J=1.2e-04, ⟨Jf⟩=1.1e-04, ⟨B·n⟩=3.0e-03, Len=sum([2.4, 2.4, 2.4, 2.5, 2.6])=12.3, ϰ=[8.3, 8.0, 8.8, 10.5, 10.8], ∫ϰ²/L>=[15.3, 14.3, 17.1, 19.4, 19.7], C-C-Sep=0.08, ║∇J║=2.5e-04
Iteration 1232/2000-----
currents: [100000.0, 99999.99998394326, 99999.99997847536, 99999.99997878139, 99999.99997881618]
J=1.2e-04, ⟨Jf⟩=1.1e-04, ⟨B·n⟩=3.0e-03, Len=sum([2.4, 2.4, 2.4, 2.5, 2.6])=12.3, ϰ=[8.4, 8.0, 8.8, 10.5, 10.8], ∫ϰ²/L>=[15.3, 14.3, 17.1, 19.4, 19.7], C-C-Sep=0.08, ║∇J║=3.3e-04
Iteration 1233/2000-----
currents: [100000.0, 99999.9999839521, 99999.9999784872, 99999.99997879294, 99999.99997882787]
J=1.2e-04, ⟨Jf⟩=1.1e-04, ⟨B·n⟩=3.0e-03, Len=sum([2.4, 2.4, 2.4, 2.5, 2.6])=12.3, ϰ=[8.4, 8.0, 8.8, 10.5, 10.8], ∫ϰ²/L>=[15.3, 14.3, 17.1, 19.4, 19.7], C-C-Sep=0.08, ║∇J║=3.2e-04
Iteration 1234/2000-----
currents: [100000.0, 99999.99998394973, 99999.99997848415, 99999.99997878999, 99999.99997882493]
J=1.2e-04, ⟨Jf⟩=1.1e-04, ⟨B·n⟩=3.0e-03, Len=sum([2.4, 2.4, 2.4, 2.5, 2.6])=12.3, ϰ=[8.4, 8.0, 8.8, 10.5, 10.8], ∫ϰ²/L>=[15.3, 14.3, 17.1, 19.4, 19.7], C-C-Sep=0.08, ║∇J║=2.0e-04
Iteration 1235/2000-----
currents: [100000.0, 99999.9999839442, 99999.99997847676, 99999.99997878281, 99999.99997881775]
J=1.2e-04, ⟨Jf⟩=1.1e-04, ⟨B·n⟩=3.0e-03, Len=sum([2.4, 2.4, 2.4, 2.5, 2.6])=12.3, ϰ=[8.4, 8.0, 8.8, 10.5, 10.8], ∫ϰ²/L>=[15.3, 14.3, 17.1, 19.4, 19.7], C-C-Sep=0.08, ║∇J║=1.7e-04
Iteration 1236/2000-----
currents: [100000.0, 99999.99998393747, 99999.99997846769, 99999.999978774, 99999.99997880898]
J=1.2e-04, ⟨Jf⟩=1.1e-04, ⟨B·n⟩=3.0e-03, Len=sum([2.4, 2.4, 2.4, 2.5, 2.6])=12.3, ϰ=[8.4, 8.0, 8.8, 10.5, 10.8], ∫ϰ²/L>=[15.3, 14.3, 17.1, 19.4, 19.7], C-C-Sep=0.08, ║∇J║=1.7e-04
Iteration 1237/2000-----
currents: [100000.0, 99999.99998393151, 99999.99997845964, 99999.99997876618, 99999.99997880122]
J=1.2e-04, ⟨Jf⟩=1.1e-04, ⟨B·n⟩=3.0e-03, Len=sum([2.4, 2.4, 2.4, 2.5, 2.6])=12.3, ϰ=[8.4, 8.0, 8.9, 10.5, 10.8], ∫ϰ²/L>=[15.3, 14.3, 17.1, 19.4, 19.7], C-C-Sep=0.08, ║∇J║=2.0e-04
Iteration 1238/2000-----
currents: [100000.0, 99999.99998392552, 99999.9999784515, 99999.99997875823, 99999.99997879325]
J=1.2e-04, ⟨Jf⟩=1.1e-04, ⟨B·n⟩=3.0e-03, Len=sum([2.4, 2.4, 2.4, 2.5, 2.6])=12.3, ϰ=[8.4, 8.0, 8.9, 10.5, 10.8], ∫ϰ²/L>=[15.3, 14.3, 17.1, 19.4, 19.7], C-C-Sep=0.08, ║∇J║=1.9e-04
Iteration 1239/2000-----
currents: [100000.0, 99999.9999839218, 99999.99997844646, 99999.99997875332, 99999.99997878833]
J=1.2e-04, ⟨Jf⟩=1.1e-04, ⟨B·n⟩=3.0e-03, Len=sum([2.4, 2.4, 2.4, 2.5, 2.6])=12.3, ϰ=[8.4, 8.0, 8.9, 10.5, 10.8], ∫ϰ²/L>=[15.3, 14.3, 17.1, 19.4, 19.7], C-C-Sep=0.08, ║∇J║=1.7e-04
Iteration 1240/2000-----
currents: [100000.0, 99999.99998391738, 99999.99997844051, 99999.99997874752, 99999.9999787825]
J=1.2e-04, ⟨Jf⟩=1.1e-04, ⟨B·n⟩=3.0e-03, Len=sum([2.4, 2.4, 2.4, 2.5, 2.6])=12.3, ϰ=[8.4, 8.0, 8.8, 10.5, 10.8], ∫ϰ²/L>=[15.3, 14.3, 17.1, 19.4, 19.7], C-C-Sep=0.08, ║∇J║=1.7e-04
Iteration 1241/2000-----
currents: [100000.0, 99999.9999839143, 99999.99997843638, 99999.9999787435, 99999.99997877846]
J=1.2e-04, ⟨Jf⟩=1.1e-04, ⟨B·n⟩=3.0e-03, Len=sum([2.4, 2.4, 2.4, 2.5, 2.6])=12.3, ϰ=[8.4, 8.0, 8.8, 10.5, 10.8], ∫ϰ²/L>=[15.3, 14.3, 17.1, 19.4, 19.7], C-C-Sep=0.08, ║∇J║=2.1e-04
Iteration 1242/2000-----
currents: [100000.0, 99999.99998390801, 99999.99997842796, 99999.99997873532, 99999.99997877027]
J=1.2e-04, ⟨Jf⟩=1.1e-04, ⟨B·n⟩=3.0e-03, Len=sum([2.4, 2.4, 2.4, 2.5, 2.6])=12.3, ϰ=[8.4, 8.0, 8.8, 10.5, 10.8], ∫ϰ²/L>=[15.3, 14.3, 17.1, 19.3, 19.7], C-C-Sep=0.08, ║∇J║=1.8e-04
Iteration 1243/2000-----
currents: [100000.0, 99999.99998389857, 99999.99997841535, 99999.99997872308, 99999.99997875796]
J=1.2e-04, ⟨Jf⟩=1.1e-04, ⟨B·n⟩=3.0e-03, Len=sum([2.4, 2.4, 2.4, 2.5, 2.6])=12.3, ϰ=[8.4, 8.0, 8.8, 10.5, 10.8], ∫ϰ²/L>=[15.3, 14.3, 17.1, 19.3, 19.7], C-C-Sep=0.08, ║∇J║=1.9e-04
Iteration 1244/2000-----
currents: [100000.0, 99999.9999838912, 99999.9999784055, 99999.99997871349, 99999.99997874832]
J=1.2e-04, ⟨Jf⟩=1.1e-04, ⟨B·n⟩=3.0e-03, Len=sum([2.4, 2.4, 2.4, 2.5, 2.6])=12.3, ϰ=[8.4, 8.0, 8.8, 10.6, 10.8], ∫ϰ²/L>=[15.3, 14.3, 17.1, 19.3, 19.7], C-C-Sep=0.08, ║∇J║=1.5e-04
Iteration 1245/2000-----
currents: [100000.0, 99999.99998387409, 99999.99997838259, 99999.99997869124, 99999.99997872593]
J=1.2e-04, ⟨Jf⟩=1.1e-04, ⟨B·n⟩=3.0e-03, Len=sum([2.4, 2.4, 2.4, 2.5, 2.6])=12.3, ϰ=[8.4, 8.0, 8.8, 10.6, 10.8], ∫ϰ²/L>=[15.3, 14.3, 17.1, 19.3, 19.7], C-C-Sep=0.08, ║∇J║=1.6e-04
Iteration 1246/2000-----
currents: [100000.0, 99999.99998383441, 99999.99997832955, 99999.99997863971, 99999.99997867407]
J=1.2e-04, ⟨Jf⟩=1.1e-04, ⟨B·n⟩=3.0e-03, Len=sum([2.4, 2.4, 2.4, 2.5, 2.6])=12.3, ϰ=[8.4, 8.0, 8.8, 10.5, 10.7], ∫ϰ²/L>=[15.3, 14.3, 17.1, 19.3, 19.7], C-C-Sep=0.08, ║∇J║=2.1e-04
Iteration 1247/2000-----
currents: [100000.0, 99999.9999837747, 99999.99997824982, 99999.99997856232, 99999.99997859617]
J=1.2e-04, ⟨Jf⟩=1.1e-04, ⟨B·n⟩=3.0e-03, Len=sum([2.4, 2.4, 2.4, 2.5, 2.6])=12.3, ϰ=[8.4, 8.1, 8.8, 10.6, 10.7], ∫ϰ²/L>=[15.3, 14.3, 17.1, 19.3, 19.7], C-C-Sep=0.08, ║∇J║=2.9e-04
Iteration 1248/2000-----
currents: [100000.0, 99999.99998374542, 99999.99997821073, 99999.99997852437, 99999.99997855797]
J=1.2e-04, ⟨Jf⟩=1.1e-04, ⟨B·n⟩=3.0e-03, Len=sum([2.4, 2.4, 2.4, 2.5, 2.6])=12.3, ϰ=[8.5, 8.1, 8.8, 10.5, 10.7], ∫ϰ²/L>=[15.3, 14.3, 17.1, 19.3, 19.7], C-C-Sep=0.08, ║∇J║=2.3e-04
Iteration 1249/2000-----
currents: [100000.0, 99999.99998369663, 99999.99997814576, 99999.99997846136, 99999.99997849455]
J=1.2e-04, ⟨Jf⟩=1.1e-04, ⟨B·n⟩=3.0e-03, Len=sum([2.4, 2.4, 2.4, 2.5, 2.6])=12.3, ϰ=[8.5, 8.1, 8.8, 10.5, 10.7], ∫ϰ²/L>=[15.4, 14.3, 17.1, 19.3, 19.7], C-C-Sep=0.08, ║∇J║=2.9e-04
Iteration 1250/2000-----
currents: [100000.0, 99999.99998373809, 99999.9999782012, 99999.99997851525, 99999.99997854875]
J=1.2e-04, ⟨Jf⟩=1.1e-04, ⟨B·n⟩=3.0e-03, Len=sum([2.4, 2.4, 2.4, 2.5, 2.6])=12.3, ϰ=[8.5, 8.1, 8.8, 10.5, 10.7], ∫ϰ²/L>=[15.3, 14.3, 17.1, 19.3, 19.7], C-C-Sep=0.08, ║∇J║=3.1e-04
Iteration 1251/2000-----
currents: [100000.0, 99999.99998371131, 99999.99997816533, 99999.99997848038, 99999.99997851366]
J=1.2e-04, ⟨Jf⟩=1.1e-04, ⟨B·n⟩=3.0e-03, Len=sum([2.4, 2.4, 2.4, 2.5, 2.6])=12.3, ϰ=[8.5, 8.1, 8.8, 10.5, 10.7], ∫ϰ²/L>=[15.4, 14.3, 17.1, 19.3, 19.7], C-C-Sep=0.08, ║∇J║=3.1e-04
Iteration 1252/2000-----
currents: [100000.0, 99999.99998369961, 99999.99997814979, 99999.99997846525, 99999.99997849838]
J=1.2e-04, ⟨Jf⟩=1.1e-04, ⟨B·n⟩=3.0e-03, Len=sum([2.4, 2.4, 2.4, 2.5, 2.6])=12.3, ϰ=[8.5, 8.1, 8.8, 10.5, 10.7], ∫ϰ²/L>=[15.4, 14.3, 17.1, 19.3, 19.7], C-C-Sep=0.08, ║∇J║=1.9e-04
Iteration 1253/2000-----
currents: [100000.0, 99999.9999836893, 99999.99997813605, 99999.99997845193, 99999.99997848492]
J=1.2e-04, ⟨Jf⟩=1.1e-04, ⟨B·n⟩=3.0e-03, Len=sum([2.4, 2.4, 2.4, 2.5, 2.6])=12.3, ϰ=[8.5, 8.1, 8.8, 10.5, 10.7], ∫ϰ²/L>=[15.4, 14.3, 17.1, 19.3, 19.7], C-C-Sep=0.08, ║∇J║=1.9e-04
Iteration 1254/2000-----
currents: [100000.0, 99999.99998366077, 99999.99997809804, 99999.99997841504, 99999.99997844768]
J=1.2e-04, ⟨Jf⟩=1.1e-04, ⟨B·n⟩=3.0e-03, Len=sum([2.4, 2.4, 2.4, 2.5, 2.6])=12.3, ϰ=[8.6, 8.1, 8.8, 10.5, 10.7], ∫ϰ²/L>=[15.4, 14.3, 17.1, 19.3, 19.7], C-C-Sep=0.08, ║∇J║=2.4e-04
Iteration 1255/2000-----
currents: [100000.0, 99999.99998362786, 99999.99997805417, 99999.99997837243, 99999.9999784047]
J=1.2e-04, ⟨Jf⟩=1.1e-04, ⟨B·n⟩=3.0e-03, Len=sum([2.4, 2.4, 2.4, 2.5, 2.6])=12.3, ϰ=[8.6, 8.1, 8.8, 10.5, 10.7], ∫ϰ²/L>=[15.4, 14.4, 17.1, 19.3, 19.7], C-C-Sep=0.08, ║∇J║=3.2e-04
Iteration 1256/2000-----
currents: [100000.0, 99999.99998358391, 99999.9999779955, 99999.99997831543, 99999.99997834724]
J=1.2e-04, ⟨Jf⟩=1.1e-04, ⟨B·n⟩=3.0e-03, Len=sum([2.4, 2.4, 2.4, 2.5, 2.6])=12.3, ϰ=[8.6, 8.1, 8.8, 10.5, 10.7], ∫ϰ²/L>=[15.4, 14.4, 17.1, 19.3, 19.7], C-C-Sep=0.08, ║∇J║=2.4e-04
Iteration 1257/2000-----
currents: [100000.0, 99999.99998358282, 99999.99997799398, 99999.99997831394, 99999.99997834578]
J=1.2e-04, ⟨Jf⟩=1.1e-04, ⟨B·n⟩=3.0e-03, Len=sum([2.4, 2.4, 2.4, 2.5, 2.6])=12.3, ϰ=[8.6, 8.1, 8.8, 10.5, 10.7], ∫ϰ²/L>=[15.4, 14.4, 17.1, 19.3, 19.7], C-C-Sep=0.08, ║∇J║=2.0e-04
Iteration 1258/2000-----
currents: [100000.0, 99999.99998357159, 99999.99997797895, 99999.9999782993, 99999.999978331]
J=1.2e-04, ⟨Jf⟩=1.1e-04, ⟨B·n⟩=3.0e-03, Len=sum([2.4, 2.4, 2.4, 2.5, 2.6])=12.3, ϰ=[8.6, 8.1, 8.8, 10.5, 10.7], ∫ϰ²/L>=[15.4, 14.4, 17.1, 19.3, 19.7], C-C-Sep=0.08, ║∇J║=2.0e-04
Iteration 1259/2000-----
currents: [100000.0, 99999.99998356012, 99999.99997796358, 99999.99997828431, 99999.9999783159]
J=1.2e-04, ⟨Jf⟩=1.1e-04, ⟨B·n⟩=3.0e-03, Len=sum([2.4, 2.4, 2.4, 2.5, 2.6])=12.3, ϰ=[8.6, 8.1, 8.9, 10.5, 10.7], ∫ϰ²/L>=[15.4, 14.4, 17.1, 19.3, 19.7], C-C-Sep=0.08, ║∇J║=2.4e-04
Iteration 1260/2000-----
currents: [100000.0, 99999.99998354612, 99999.99997794491, 99999.99997826615, 99999.99997829752]
J=1.2e-04, ⟨Jf⟩=1.1e-04, ⟨B·n⟩=3.0e-03, Len=sum([2.4, 2.4, 2.4, 2.5, 2.6])=12.3, ϰ=[8.6, 8.1, 8.9, 10.5, 10.7], ∫ϰ²/L>=[15.4, 14.4, 17.1, 19.3, 19.7], C-C-Sep=0.08, ║∇J║=2.1e-04
Iteration 1261/2000-----
currents: [100000.0, 99999.99998353183, 99999.99997792587, 99999.99997824761, 99999.99997827873]
J=1.2e-04, ⟨Jf⟩=1.1e-04, ⟨B·n⟩=3.0e-03, Len=sum([2.4, 2.4, 2.4, 2.5, 2.6])=12.3, ϰ=[8.6, 8.1, 8.9, 10.5, 10.7], ∫ϰ²/L>=[15.3, 14.4, 17.1, 19.3, 19.7], C-C-Sep=0.08, ║∇J║=1.8e-04
Iteration 1262/2000-----
currents: [100000.0, 99999.9999835065, 99999.99997789206, 99999.9999782148, 99999.99997824563]
J=1.2e-04, ⟨Jf⟩=1.1e-04, ⟨B·n⟩=3.0e-03, Len=sum([2.4, 2.4, 2.4, 2.5, 2.6])=12.3, ϰ=[8.6, 8.1, 8.9, 10.5, 10.7], ∫ϰ²/L>=[15.3, 14.4, 17.1, 19.3, 19.7], C-C-Sep=0.08, ║∇J║=2.0e-04
Iteration 1263/2000-----
currents: [100000.0, 99999.99998350783, 99999.99997789387, 99999.99997821658, 99999.99997824742]
J=1.2e-04, ⟨Jf⟩=1.1e-04, ⟨B·n⟩=3.0e-03, Len=sum([2.4, 2.4, 2.4, 2.5, 2.6])=12.3, ϰ=[8.6, 8.1, 8.9, 10.5, 10.7], ∫ϰ²/L>=[15.3, 14.4, 17.1, 19.3, 19.7], C-C-Sep=0.08, ║∇J║=1.9e-04
Iteration 1264/2000-----
currents: [100000.0, 99999.99998349002, 99999.9999778701, 99999.99997819356, 99999.99997822418]
J=1.2e-04, ⟨Jf⟩=1.1e-04, ⟨B·n⟩=3.0e-03, Len=sum([2.4, 2.4, 2.4, 2.5, 2.6])=12.3, ϰ=[8.6, 8.1, 8.9, 10.5, 10.7], ∫ϰ²/L>=[15.3, 14.4, 17.1, 19.3, 19.7], C-C-Sep=0.08, ║∇J║=1.8e-04
Iteration 1265/2000-----
currents: [100000.0, 99999.99998347193, 99999.99997784593, 99999.99997817013, 99999.99997820056]
J=1.2e-04, ⟨Jf⟩=1.1e-04, ⟨B·n⟩=3.0e-03, Len=sum([2.4, 2.4, 2.4, 2.5, 2.6])=12.3, ϰ=[8.6, 8.1, 8.9, 10.5, 10.7], ∫ϰ²/L>=[15.3, 14.4, 17.1, 19.3, 19.7], C-C-Sep=0.08, ║∇J║=2.3e-04
Iteration 1266/2000-----
currents: [100000.0, 99999.99998343989, 99999.99997780315, 99999.99997812862, 99999.99997815868]
J=1.2e-04, ⟨Jf⟩=1.1e-04, ⟨B·n⟩=3.0e-03, Len=sum([2.4, 2.4, 2.4, 2.5, 2.6])=12.3, ϰ=[8.6, 8.2, 8.9, 10.5, 10.7], ∫ϰ²/L>=[15.3, 14.4, 17.1, 19.3, 19.7], C-C-Sep=0.08, ║∇J║=2.1e-04
Iteration 1267/2000-----
currents: [100000.0, 99999.99998336607, 99999.99997770469, 99999.99997803305, 99999.99997806226]
J=1.2e-04, ⟨Jf⟩=1.1e-04, ⟨B·n⟩=3.0e-03, Len=sum([2.4, 2.4, 2.4, 2.5, 2.6])=12.3, ϰ=[8.6, 8.2, 8.9, 10.5, 10.6], ∫ϰ²/L>=[15.3, 14.4, 17.1, 19.3, 19.7], C-C-Sep=0.08, ║∇J║=2.7e-04
Iteration 1268/2000-----
currents: [100000.0, 99999.99998335438, 99999.99997768915, 99999.99997801795, 99999.999978047]
J=1.2e-04, ⟨Jf⟩=1.1e-04, ⟨B·n⟩=3.0e-03, Len=sum([2.4, 2.4, 2.4, 2.6, 2.6])=12.3, ϰ=[8.6, 8.2, 8.9, 10.5, 10.6], ∫ϰ²/L>=[15.3, 14.4, 17.1, 19.3, 19.7], C-C-Sep=0.08, ║∇J║=3.1e-04
Iteration 1269/2000-----
currents: [100000.0, 99999.99998334599, 99999.99997767803, 99999.99997800714, 99999.99997803614]
J=1.2e-04, ⟨Jf⟩=1.1e-04, ⟨B·n⟩=3.0e-03, Len=sum([2.4, 2.4, 2.4, 2.6, 2.6])=12.3, ϰ=[8.6, 8.2, 8.9, 10.5, 10.6], ∫ϰ²/L>=[15.3, 14.4, 17.1, 19.3, 19.7], C-C-Sep=0.08, ║∇J║=2.1e-04
Iteration 1270/2000-----
currents: [100000.0, 99999.99998328935, 99999.99997760254, 99999.99997793387, 99999.99997796229]
J=1.2e-04, ⟨Jf⟩=1.1e-04, ⟨B·n⟩=3.0e-03, Len=sum([2.4, 2.4, 2.4, 2.6, 2.6])=12.3, ϰ=[8.6, 8.2, 8.9, 10.5, 10.6], ∫ϰ²/L>=[15.3, 14.4, 17.1, 19.3, 19.7], C-C-Sep=0.08, ║∇J║=2.3e-04
Iteration 1271/2000-----
currents: [100000.0, 99999.99998330467, 99999.99997762304, 99999.99997795386, 99999.99997798243]
J=1.2e-04, ⟨Jf⟩=1.1e-04, ⟨B·n⟩=3.0e-03, Len=sum([2.4, 2.4, 2.4, 2.6, 2.6])=12.3, ϰ=[8.6, 8.2, 8.9, 10.5, 10.6], ∫ϰ²/L>=[15.3, 14.4, 17.1, 19.3, 19.7], C-C-Sep=0.08, ║∇J║=3.2e-04
Iteration 1272/2000-----
currents: [100000.0, 99999.9999832952, 99999.99997761041, 99999.9999779416, 99999.99997797006]
J=1.2e-04, ⟨Jf⟩=1.1e-04, ⟨B·n⟩=3.0e-03, Len=sum([2.4, 2.4, 2.4, 2.6, 2.6])=12.3, ϰ=[8.6, 8.2, 9.0, 10.5, 10.6], ∫ϰ²/L>=[15.3, 14.4, 17.1, 19.3, 19.7], C-C-Sep=0.08, ║∇J║=1.9e-04
Iteration 1273/2000-----
currents: [100000.0, 99999.99998328768, 99999.99997760041, 99999.99997793189, 99999.99997796022]
J=1.2e-04, ⟨Jf⟩=1.1e-04, ⟨B·n⟩=3.0e-03, Len=sum([2.4, 2.4, 2.4, 2.6, 2.6])=12.3, ϰ=[8.6, 8.2, 9.0, 10.5, 10.6], ∫ϰ²/L>=[15.3, 14.4, 17.1, 19.2, 19.7], C-C-Sep=0.08, ║∇J║=1.6e-04
Iteration 1274/2000-----
currents: [100000.0, 99999.99998327222, 99999.99997757986, 99999.99997791198, 99999.99997794008]
J=1.2e-04, ⟨Jf⟩=1.1e-04, ⟨B·n⟩=3.0e-03, Len=sum([2.4, 2.4, 2.4, 2.6, 2.6])=12.3, ϰ=[8.6, 8.2, 9.0, 10.5, 10.6], ∫ϰ²/L>=[15.3, 14.4, 17.1, 19.2, 19.7], C-C-Sep=0.08, ║∇J║=1.8e-04
Iteration 1275/2000-----
currents: [100000.0, 99999.99998324979, 99999.99997755003, 99999.9999778831, 99999.9999779109]
J=1.2e-04, ⟨Jf⟩=1.1e-04, ⟨B·n⟩=3.0e-03, Len=sum([2.4, 2.4, 2.4, 2.6, 2.6])=12.3, ϰ=[8.5, 8.2, 9.0, 10.4, 10.6], ∫ϰ²/L>=[15.3, 14.4, 17.1, 19.2, 19.7], C-C-Sep=0.08, ║∇J║=2.2e-04
Iteration 1276/2000-----
currents: [100000.0, 99999.99998321371, 99999.99997750198, 99999.99997783657, 99999.99997786392]
J=1.2e-04, ⟨Jf⟩=1.1e-04, ⟨B·n⟩=3.0e-03, Len=sum([2.4, 2.4, 2.4, 2.6, 2.6])=12.3, ϰ=[8.5, 8.2, 9.0, 10.4, 10.6], ∫ϰ²/L>=[15.3, 14.4, 17.1, 19.2, 19.7], C-C-Sep=0.08, ║∇J║=2.7e-04
Iteration 1277/2000-----
currents: [100000.0, 99999.99998319088, 99999.99997747157, 99999.9999778071, 99999.99997783412]
J=1.2e-04, ⟨Jf⟩=1.1e-04, ⟨B·n⟩=3.0e-03, Len=sum([2.4, 2.4, 2.4, 2.5, 2.6])=12.3, ϰ=[8.5, 8.2, 9.0, 10.4, 10.6], ∫ϰ²/L>=[15.3, 14.4, 17.1, 19.2, 19.7], C-C-Sep=0.08, ║∇J║=2.0e-04
Iteration 1278/2000-----
currents: [100000.0, 99999.99998317636, 99999.99997745221, 99999.99997778832, 99999.99997781518]
J=1.2e-04, ⟨Jf⟩=1.1e-04, ⟨B·n⟩=3.0e-03, Len=sum([2.4, 2.4, 2.4, 2.5, 2.6])=12.3, ϰ=[8.6, 8.2, 9.0, 10.4, 10.5], ∫ϰ²/L>=[15.3, 14.5, 17.1, 19.2, 19.7], C-C-Sep=0.08, ║∇J║=1.9e-04
Iteration 1279/2000-----
currents: [100000.0, 99999.99998314101, 99999.99997740507, 99999.99997774257, 99999.99997776905]
J=1.2e-04, ⟨Jf⟩=1.1e-04, ⟨B·n⟩=3.0e-03, Len=sum([2.4, 2.4, 2.4, 2.5, 2.6])=12.3, ϰ=[8.6, 8.2, 9.0, 10.4, 10.5], ∫ϰ²/L>=[15.3, 14.5, 17.1, 19.2, 19.7], C-C-Sep=0.08, ║∇J║=2.1e-04
Iteration 1280/2000-----
currents: [100000.0, 99999.99998312403, 99999.99997738241, 99999.99997772055, 99999.99997774688]
J=1.2e-04, ⟨Jf⟩=1.1e-04, ⟨B·n⟩=3.0e-03, Len=sum([2.4, 2.4, 2.4, 2.5, 2.6])=12.3, ϰ=[8.6, 8.2, 9.0, 10.4, 10.5], ∫ϰ²/L>=[15.3, 14.5, 17.1, 19.2, 19.7], C-C-Sep=0.08, ║∇J║=2.1e-04
Iteration 1281/2000-----
currents: [100000.0, 99999.99998306192, 99999.99997729968, 99999.99997764027, 99999.99997766601]
J=1.2e-04, ⟨Jf⟩=1.1e-04, ⟨B·n⟩=3.0e-03, Len=sum([2.4, 2.4, 2.4, 2.6, 2.6])=12.3, ϰ=[8.6, 8.2, 9.0, 10.3, 10.5], ∫ϰ²/L>=[15.4, 14.5, 17.1, 19.2, 19.7], C-C-Sep=0.08, ║∇J║=2.9e-04
Iteration 1282/2000-----
currents: [100000.0, 99999.99998309187, 99999.99997733958, 99999.99997767899, 99999.99997770514]
J=1.2e-04, ⟨Jf⟩=1.1e-04, ⟨B·n⟩=3.0e-03, Len=sum([2.4, 2.4, 2.4, 2.6, 2.6])=12.3, ϰ=[8.5, 8.2, 9.0, 10.4, 10.5], ∫ϰ²/L>=[15.3, 14.5, 17.1, 19.2, 19.7], C-C-Sep=0.08, ║∇J║=2.6e-04
Iteration 1283/2000-----
currents: [100000.0, 99999.99998307652, 99999.99997731912, 99999.99997765913, 99999.99997768512]
J=1.2e-04, ⟨Jf⟩=1.1e-04, ⟨B·n⟩=3.0e-03, Len=sum([2.4, 2.4, 2.4, 2.6, 2.6])=12.3, ϰ=[8.5, 8.2, 9.0, 10.4, 10.5], ∫ϰ²/L>=[15.3, 14.5, 17.1, 19.2, 19.7], C-C-Sep=0.08, ║∇J║=2.3e-04
Iteration 1284/2000-----
currents: [100000.0, 99999.99998305482, 99999.99997729021, 99999.99997763104, 99999.99997765683]
J=1.2e-04, ⟨Jf⟩=1.1e-04, ⟨B·n⟩=3.0e-03, Len=sum([2.4, 2.4, 2.4, 2.6, 2.6])=12.3, ϰ=[8.5, 8.2, 9.0, 10.4, 10.5], ∫ϰ²/L>=[15.3, 14.5, 17.1, 19.2, 19.7], C-C-Sep=0.08, ║∇J║=1.8e-04
Iteration 1285/2000-----
currents: [100000.0, 99999.99998304181, 99999.99997727285, 99999.99997761416, 99999.99997763989]
J=1.2e-04, ⟨Jf⟩=1.1e-04, ⟨B·n⟩=3.0e-03, Len=sum([2.4, 2.4, 2.4, 2.6, 2.6])=12.3, ϰ=[8.5, 8.2, 9.0, 10.4, 10.5], ∫ϰ²/L>=[15.3, 14.5, 17.1, 19.2, 19.7], C-C-Sep=0.08, ║∇J║=1.6e-04
Iteration 1286/2000-----
currents: [100000.0, 99999.99998303727, 99999.99997726677, 99999.99997760821, 99999.99997763395]
J=1.2e-04, ⟨Jf⟩=1.1e-04, ⟨B·n⟩=3.0e-03, Len=sum([2.4, 2.4, 2.4, 2.6, 2.6])=12.3, ϰ=[8.5, 8.2, 9.0, 10.4, 10.5], ∫ϰ²/L>=[15.3, 14.5, 17.1, 19.2, 19.7], C-C-Sep=0.08, ║∇J║=2.3e-04
Iteration 1287/2000-----
currents: [100000.0, 99999.99998302726, 99999.99997725338, 99999.99997759516, 99999.99997762084]
J=1.2e-04, ⟨Jf⟩=1.1e-04, ⟨B·n⟩=3.0e-03, Len=sum([2.4, 2.4, 2.4, 2.6, 2.6])=12.3, ϰ=[8.4, 8.2, 9.0, 10.4, 10.5], ∫ϰ²/L>=[15.3, 14.5, 17.1, 19.2, 19.7], C-C-Sep=0.08, ║∇J║=2.3e-04
Iteration 1288/2000-----
currents: [100000.0, 99999.99998302697, 99999.99997725306, 99999.99997759487, 99999.99997762054]
J=1.2e-04, ⟨Jf⟩=1.1e-04, ⟨B·n⟩=3.0e-03, Len=sum([2.4, 2.4, 2.4, 2.6, 2.6])=12.3, ϰ=[8.4, 8.2, 9.0, 10.4, 10.5], ∫ϰ²/L>=[15.3, 14.5, 17.1, 19.2, 19.7], C-C-Sep=0.08, ║∇J║=1.8e-04
Iteration 1289/2000-----
currents: [100000.0, 99999.999983029, 99999.99997725585, 99999.99997759759, 99999.99997762326]
J=1.2e-04, ⟨Jf⟩=1.1e-04, ⟨B·n⟩=3.0e-03, Len=sum([2.4, 2.4, 2.4, 2.6, 2.6])=12.3, ϰ=[8.4, 8.1, 9.0, 10.4, 10.5], ∫ϰ²/L>=[15.3, 14.5, 17.1, 19.2, 19.7], C-C-Sep=0.08, ║∇J║=1.7e-04
Iteration 1290/2000-----
currents: [100000.0, 99999.9999830253, 99999.99997725103, 99999.99997759293, 99999.99997761856]
J=1.2e-04, ⟨Jf⟩=1.1e-04, ⟨B·n⟩=3.0e-03, Len=sum([2.4, 2.4, 2.4, 2.6, 2.6])=12.3, ϰ=[8.4, 8.1, 8.9, 10.4, 10.5], ∫ϰ²/L>=[15.3, 14.5, 17.1, 19.2, 19.7], C-C-Sep=0.08, ║∇J║=1.6e-04
Iteration 1291/2000-----
currents: [100000.0, 99999.99998300904, 99999.99997722953, 99999.99997757205, 99999.99997759752]
J=1.2e-04, ⟨Jf⟩=1.1e-04, ⟨B·n⟩=3.0e-03, Len=sum([2.4, 2.4, 2.4, 2.6, 2.6])=12.3, ϰ=[8.4, 8.1, 8.9, 10.3, 10.5], ∫ϰ²/L>=[15.3, 14.5, 17.1, 19.2, 19.7], C-C-Sep=0.08, ║∇J║=1.9e-04
Iteration 1292/2000-----
currents: [100000.0, 99999.99998297938, 99999.99997719021, 99999.99997753387, 99999.99997755908]
J=1.2e-04, ⟨Jf⟩=1.1e-04, ⟨B·n⟩=3.0e-03, Len=sum([2.4, 2.4, 2.4, 2.6, 2.6])=12.3, ϰ=[8.4, 8.1, 8.9, 10.3, 10.5], ∫ϰ²/L>=[15.3, 14.5, 17.1, 19.2, 19.7], C-C-Sep=0.08, ║∇J║=1.8e-04
Iteration 1293/2000-----
currents: [100000.0, 99999.99998292986, 99999.99997712443, 99999.99997747001, 99999.99997749472]
J=1.2e-04, ⟨Jf⟩=1.1e-04, ⟨B·n⟩=3.0e-03, Len=sum([2.4, 2.4, 2.4, 2.6, 2.6])=12.3, ϰ=[8.4, 8.1, 8.9, 10.3, 10.5], ∫ϰ²/L>=[15.3, 14.5, 17.1, 19.2, 19.7], C-C-Sep=0.08, ║∇J║=2.2e-04
Iteration 1294/2000-----
currents: [100000.0, 99999.9999828155, 99999.99997697242, 99999.99997732248, 99999.99997734597]
J=1.2e-04, ⟨Jf⟩=1.1e-04, ⟨B·n⟩=3.0e-03, Len=sum([2.4, 2.4, 2.4, 2.6, 2.6])=12.3, ϰ=[8.4, 8.1, 8.9, 10.3, 10.5], ∫ϰ²/L>=[15.3, 14.5, 17.2, 19.1, 19.7], C-C-Sep=0.08, ║∇J║=3.6e-04
Iteration 1295/2000-----
currents: [100000.0, 99999.99998287315, 99999.99997704905, 99999.99997739684, 99999.99997742096]
J=1.2e-04, ⟨Jf⟩=1.1e-04, ⟨B·n⟩=3.0e-03, Len=sum([2.4, 2.4, 2.4, 2.6, 2.6])=12.3, ϰ=[8.4, 8.1, 8.9, 10.3, 10.5], ∫ϰ²/L>=[15.3, 14.5, 17.1, 19.1, 19.7], C-C-Sep=0.08, ║∇J║=2.6e-04
Iteration 1296/2000-----
currents: [100000.0, 99999.99998266443, 99999.99997677155, 99999.99997712743, 99999.99997714923]
J=1.2e-04, ⟨Jf⟩=1.1e-04, ⟨B·n⟩=3.0e-03, Len=sum([2.4, 2.4, 2.4, 2.6, 2.6])=12.3, ϰ=[8.3, 8.1, 8.9, 10.2, 10.5], ∫ϰ²/L>=[15.3, 14.5, 17.2, 19.1, 19.7], C-C-Sep=0.08, ║∇J║=6.7e-04
Iteration 1297/2000-----
currents: [100000.0, 99999.99998283033, 99999.99997699211, 99999.99997734156, 99999.99997736521]
J=1.2e-04, ⟨Jf⟩=1.1e-04, ⟨B·n⟩=3.0e-03, Len=sum([2.4, 2.4, 2.4, 2.6, 2.6])=12.3, ϰ=[8.4, 8.1, 8.9, 10.3, 10.5], ∫ϰ²/L>=[15.3, 14.5, 17.2, 19.1, 19.7], C-C-Sep=0.08, ║∇J║=2.7e-04
Iteration 1298/2000-----
currents: [100000.0, 99999.99998283057, 99999.9999769926, 99999.99997734203, 99999.99997736559]
J=1.2e-04, ⟨Jf⟩=1.1e-04, ⟨B·n⟩=3.0e-03, Len=sum([2.4, 2.4, 2.4, 2.6, 2.6])=12.3, ϰ=[8.4, 8.1, 8.9, 10.3, 10.5], ∫ϰ²/L>=[15.3, 14.5, 17.2, 19.1, 19.7], C-C-Sep=0.08, ║∇J║=6.1e-04
Iteration 1299/2000-----
currents: [100000.0, 99999.99998283044, 99999.99997699236, 99999.9999773418, 99999.9999773654]
J=1.2e-04, ⟨Jf⟩=1.1e-04, ⟨B·n⟩=3.0e-03, Len=sum([2.4, 2.4, 2.4, 2.6, 2.6])=12.3, ϰ=[8.4, 8.1, 8.9, 10.3, 10.5], ∫ϰ²/L>=[15.3, 14.5, 17.2, 19.1, 19.7], C-C-Sep=0.08, ║∇J║=3.4e-04
Iteration 1300/2000-----
currents: [100000.0, 99999.99998282845, 99999.9999769897, 99999.99997733922, 99999.99997736272]
J=1.2e-04, ⟨Jf⟩=1.1e-04, ⟨B·n⟩=3.0e-03, Len=sum([2.4, 2.4, 2.4, 2.6, 2.6])=12.3, ϰ=[8.4, 8.1, 8.9, 10.3, 10.5], ∫ϰ²/L>=[15.3, 14.5, 17.2, 19.1, 19.7], C-C-Sep=0.08, ║∇J║=2.2e-04
Iteration 1301/2000-----
currents: [100000.0, 99999.99998281537, 99999.9999769723, 99999.99997732237, 99999.9999773457]
J=1.2e-04, ⟨Jf⟩=1.1e-04, ⟨B·n⟩=3.0e-03, Len=sum([2.4, 2.4, 2.4, 2.6, 2.6])=12.3, ϰ=[8.4, 8.1, 8.9, 10.3, 10.5], ∫ϰ²/L>=[15.3, 14.5, 17.2, 19.1, 19.7], C-C-Sep=0.08, ║∇J║=2.1e-04
Iteration 1302/2000-----
currents: [100000.0, 99999.99998279379, 99999.99997694376, 99999.99997729463, 99999.99997731773]
J=1.2e-04, ⟨Jf⟩=1.1e-04, ⟨B·n⟩=3.0e-03, Len=sum([2.4, 2.4, 2.4, 2.6, 2.6])=12.3, ϰ=[8.4, 8.1, 9.0, 10.3, 10.5], ∫ϰ²/L>=[15.3, 14.5, 17.2, 19.1, 19.7], C-C-Sep=0.08, ║∇J║=2.5e-04
Iteration 1303/2000-----
currents: [100000.0, 99999.99998276353, 99999.99997690368, 99999.99997725568, 99999.99997727842]
J=1.2e-04, ⟨Jf⟩=1.1e-04, ⟨B·n⟩=3.0e-03, Len=sum([2.4, 2.4, 2.4, 2.6, 2.6])=12.3, ϰ=[8.4, 8.2, 9.0, 10.3, 10.5], ∫ϰ²/L>=[15.3, 14.5, 17.2, 19.1, 19.7], C-C-Sep=0.08, ║∇J║=2.1e-04
Iteration 1304/2000-----
currents: [100000.0, 99999.99998272864, 99999.9999768574, 99999.99997721062, 99999.999977233]
J=1.2e-04, ⟨Jf⟩=1.1e-04, ⟨B·n⟩=3.0e-03, Len=sum([2.4, 2.4, 2.4, 2.6, 2.6])=12.3, ϰ=[8.4, 8.2, 9.0, 10.3, 10.5], ∫ϰ²/L>=[15.3, 14.5, 17.2, 19.1, 19.7], C-C-Sep=0.08, ║∇J║=2.2e-04
Iteration 1305/2000-----
currents: [100000.0, 99999.9999826823, 99999.99997679598, 99999.9999771509, 99999.99997717282]
J=1.2e-04, ⟨Jf⟩=1.1e-04, ⟨B·n⟩=3.0e-03, Len=sum([2.4, 2.4, 2.4, 2.6, 2.6])=12.3, ϰ=[8.4, 8.2, 9.0, 10.3, 10.5], ∫ϰ²/L>=[15.3, 14.5, 17.2, 19.1, 19.7], C-C-Sep=0.08, ║∇J║=2.6e-04
Iteration 1306/2000-----
currents: [100000.0, 99999.99998266902, 99999.99997677839, 99999.99997713372, 99999.99997715549]
J=1.2e-04, ⟨Jf⟩=1.1e-04, ⟨B·n⟩=3.0e-03, Len=sum([2.4, 2.4, 2.4, 2.6, 2.6])=12.3, ϰ=[8.3, 8.2, 9.0, 10.3, 10.5], ∫ϰ²/L>=[15.3, 14.5, 17.2, 19.1, 19.7], C-C-Sep=0.08, ║∇J║=2.2e-04
Iteration 1307/2000-----
currents: [100000.0, 99999.99998263603, 99999.99997673459, 99999.99997709115, 99999.99997711257]
J=1.2e-04, ⟨Jf⟩=1.1e-04, ⟨B·n⟩=3.0e-03, Len=sum([2.4, 2.4, 2.4, 2.6, 2.6])=12.3, ϰ=[8.3, 8.1, 9.1, 10.2, 10.5], ∫ϰ²/L>=[15.3, 14.5, 17.2, 19.1, 19.7], C-C-Sep=0.08, ║∇J║=2.5e-04
Iteration 1308/2000-----
currents: [100000.0, 99999.99998263727, 99999.99997673628, 99999.99997709277, 99999.99997711419]
J=1.2e-04, ⟨Jf⟩=1.1e-04, ⟨B·n⟩=3.0e-03, Len=sum([2.4, 2.4, 2.4, 2.6, 2.6])=12.3, ϰ=[8.3, 8.1, 9.1, 10.2, 10.5], ∫ϰ²/L>=[15.3, 14.5, 17.2, 19.1, 19.7], C-C-Sep=0.08, ║∇J║=1.9e-04
Iteration 1309/2000-----
currents: [100000.0, 99999.99998262154, 99999.99997671544, 99999.99997707251, 99999.99997709377]
J=1.2e-04, ⟨Jf⟩=1.1e-04, ⟨B·n⟩=3.0e-03, Len=sum([2.4, 2.4, 2.4, 2.6, 2.6])=12.3, ϰ=[8.3, 8.1, 9.1, 10.3, 10.5], ∫ϰ²/L>=[15.3, 14.4, 17.2, 19.1, 19.7], C-C-Sep=0.08, ║∇J║=1.9e-04
Iteration 1310/2000-----
currents: [100000.0, 99999.99998263022, 99999.99997672706, 99999.99997708377, 99999.99997710517]
J=1.2e-04, ⟨Jf⟩=1.1e-04, ⟨B·n⟩=3.0e-03, Len=sum([2.4, 2.4, 2.4, 2.6, 2.6])=12.3, ϰ=[8.3, 8.1, 9.1, 10.3, 10.5], ∫ϰ²/L>=[15.3, 14.4, 17.2, 19.1, 19.7], C-C-Sep=0.08, ║∇J║=2.4e-04
Iteration 1311/2000-----
currents: [100000.0, 99999.99998260975, 99999.99997669994, 99999.99997705735, 99999.99997707857]
J=1.2e-04, ⟨Jf⟩=1.1e-04, ⟨B·n⟩=3.0e-03, Len=sum([2.4, 2.4, 2.4, 2.6, 2.6])=12.3, ϰ=[8.3, 8.1, 9.1, 10.3, 10.6], ∫ϰ²/L>=[15.3, 14.4, 17.2, 19.1, 19.7], C-C-Sep=0.08, ║∇J║=2.1e-04
Iteration 1312/2000-----
currents: [100000.0, 99999.99998260335, 99999.99997669151, 99999.99997704914, 99999.99997707034]
J=1.2e-04, ⟨Jf⟩=1.1e-04, ⟨B·n⟩=3.0e-03, Len=sum([2.4, 2.4, 2.4, 2.6, 2.6])=12.3, ϰ=[8.3, 8.1, 9.1, 10.3, 10.6], ∫ϰ²/L>=[15.3, 14.4, 17.2, 19.1, 19.7], C-C-Sep=0.08, ║∇J║=2.0e-04
Iteration 1313/2000-----
currents: [100000.0, 99999.99998260025, 99999.99997668744, 99999.99997704518, 99999.9999770664]
J=1.2e-04, ⟨Jf⟩=1.1e-04, ⟨B·n⟩=3.0e-03, Len=sum([2.4, 2.4, 2.4, 2.6, 2.6])=12.3, ϰ=[8.3, 8.1, 9.1, 10.3, 10.6], ∫ϰ²/L>=[15.3, 14.4, 17.2, 19.1, 19.7], C-C-Sep=0.08, ║∇J║=2.1e-04
Iteration 1314/2000-----
currents: [100000.0, 99999.99998258654, 99999.99997666932, 99999.99997702758, 99999.99997704866]
J=1.2e-04, ⟨Jf⟩=1.1e-04, ⟨B·n⟩=3.0e-03, Len=sum([2.4, 2.4, 2.4, 2.6, 2.6])=12.3, ϰ=[8.3, 8.1, 9.1, 10.3, 10.6], ∫ϰ²/L>=[15.3, 14.4, 17.2, 19.1, 19.7], C-C-Sep=0.08, ║∇J║=1.7e-04
Iteration 1315/2000-----
currents: [100000.0, 99999.99998257095, 99999.99997664867, 99999.9999770075, 99999.99997702845]
J=1.2e-04, ⟨Jf⟩=1.1e-04, ⟨B·n⟩=3.0e-03, Len=sum([2.4, 2.4, 2.4, 2.6, 2.6])=12.3, ϰ=[8.3, 8.1, 9.1, 10.3, 10.6], ∫ϰ²/L>=[15.3, 14.4, 17.2, 19.1, 19.7], C-C-Sep=0.08, ║∇J║=1.6e-04
Iteration 1316/2000-----
currents: [100000.0, 99999.99998252472, 99999.99997658737, 99999.99997694789, 99999.99997696842]
J=1.2e-04, ⟨Jf⟩=1.1e-04, ⟨B·n⟩=3.0e-03, Len=sum([2.4, 2.4, 2.4, 2.6, 2.6])=12.3, ϰ=[8.3, 8.1, 9.1, 10.3, 10.6], ∫ϰ²/L>=[15.3, 14.4, 17.2, 19.1, 19.7], C-C-Sep=0.08, ║∇J║=2.2e-04
Iteration 1317/2000-----
currents: [100000.0, 99999.99998245716, 99999.99997649774, 99999.9999768607, 99999.9999768806]
J=1.2e-04, ⟨Jf⟩=1.1e-04, ⟨B·n⟩=3.0e-03, Len=sum([2.4, 2.4, 2.4, 2.6, 2.6])=12.3, ϰ=[8.3, 8.1, 9.1, 10.3, 10.6], ∫ϰ²/L>=[15.2, 14.4, 17.2, 19.1, 19.7], C-C-Sep=0.08, ║∇J║=2.7e-04
Iteration 1318/2000-----
currents: [100000.0, 99999.99998245356, 99999.99997649298, 99999.99997685598, 99999.99997687592]
J=1.2e-04, ⟨Jf⟩=1.1e-04, ⟨B·n⟩=3.0e-03, Len=sum([2.4, 2.4, 2.4, 2.6, 2.6])=12.3, ϰ=[8.3, 8.1, 9.1, 10.3, 10.6], ∫ϰ²/L>=[15.2, 14.4, 17.2, 19.1, 19.7], C-C-Sep=0.08, ║∇J║=2.4e-04
Iteration 1319/2000-----
currents: [100000.0, 99999.99998241614, 99999.9999764433, 99999.9999768076, 99999.99997682718]
J=1.2e-04, ⟨Jf⟩=1.1e-04, ⟨B·n⟩=3.0e-03, Len=sum([2.4, 2.4, 2.4, 2.6, 2.6])=12.3, ϰ=[8.3, 8.1, 9.1, 10.3, 10.6], ∫ϰ²/L>=[15.2, 14.4, 17.2, 19.1, 19.7], C-C-Sep=0.08, ║∇J║=2.4e-04
Iteration 1320/2000-----
currents: [100000.0, 99999.99998235102, 99999.99997635696, 99999.99997672359, 99999.99997674258]
J=1.2e-04, ⟨Jf⟩=1.1e-04, ⟨B·n⟩=3.0e-03, Len=sum([2.4, 2.4, 2.4, 2.6, 2.6])=12.3, ϰ=[8.3, 8.0, 9.1, 10.2, 10.6], ∫ϰ²/L>=[15.2, 14.4, 17.2, 19.1, 19.7], C-C-Sep=0.08, ║∇J║=2.9e-04
Iteration 1321/2000-----
currents: [100000.0, 99999.99998238715, 99999.99997640493, 99999.99997677028, 99999.99997678956]
J=1.2e-04, ⟨Jf⟩=1.1e-04, ⟨B·n⟩=3.0e-03, Len=sum([2.4, 2.4, 2.4, 2.6, 2.6])=12.3, ϰ=[8.3, 8.0, 9.1, 10.2, 10.6], ∫ϰ²/L>=[15.2, 14.4, 17.2, 19.1, 19.7], C-C-Sep=0.08, ║∇J║=3.9e-04
Iteration 1322/2000-----
currents: [100000.0, 99999.99998239022, 99999.99997640899, 99999.99997677434, 99999.99997679362]
J=1.2e-04, ⟨Jf⟩=1.1e-04, ⟨B·n⟩=3.0e-03, Len=sum([2.4, 2.4, 2.4, 2.6, 2.6])=12.3, ϰ=[8.3, 8.0, 9.1, 10.3, 10.6], ∫ϰ²/L>=[15.2, 14.4, 17.2, 19.1, 19.7], C-C-Sep=0.08, ║∇J║=2.6e-04
Iteration 1323/2000-----
currents: [100000.0, 99999.9999823767, 99999.99997639097, 99999.99997675684, 99999.999976776]
J=1.2e-04, ⟨Jf⟩=1.1e-04, ⟨B·n⟩=3.0e-03, Len=sum([2.4, 2.4, 2.4, 2.6, 2.6])=12.3, ϰ=[8.3, 8.0, 9.1, 10.3, 10.6], ∫ϰ²/L>=[15.2, 14.4, 17.2, 19.1, 19.7], C-C-Sep=0.08, ║∇J║=1.6e-04
Iteration 1324/2000-----
currents: [100000.0, 99999.99998235554, 99999.99997636289, 99999.99997672952, 99999.99997674848]
J=1.2e-04, ⟨Jf⟩=1.1e-04, ⟨B·n⟩=3.0e-03, Len=sum([2.4, 2.4, 2.4, 2.6, 2.6])=12.3, ϰ=[8.3, 8.0, 9.2, 10.2, 10.6], ∫ϰ²/L>=[15.2, 14.4, 17.2, 19.1, 19.7], C-C-Sep=0.08, ║∇J║=1.6e-04
Iteration 1325/2000-----
currents: [100000.0, 99999.99998232638, 99999.9999763242, 99999.99997669192, 99999.99997671062]
J=1.2e-04, ⟨Jf⟩=1.1e-04, ⟨B·n⟩=3.0e-03, Len=sum([2.4, 2.4, 2.4, 2.6, 2.6])=12.3, ϰ=[8.3, 8.0, 9.2, 10.2, 10.6], ∫ϰ²/L>=[15.2, 14.4, 17.2, 19.1, 19.7], C-C-Sep=0.08, ║∇J║=2.7e-04
Iteration 1326/2000-----
currents: [100000.0, 99999.99998230717, 99999.99997629886, 99999.99997666731, 99999.99997668578]
J=1.2e-04, ⟨Jf⟩=1.1e-04, ⟨B·n⟩=3.0e-03, Len=sum([2.4, 2.4, 2.4, 2.6, 2.6])=12.3, ϰ=[8.2, 8.0, 9.2, 10.2, 10.6], ∫ϰ²/L>=[15.2, 14.4, 17.2, 19.1, 19.7], C-C-Sep=0.08, ║∇J║=2.5e-04
Iteration 1327/2000-----
currents: [100000.0, 99999.99998229729, 99999.99997628584, 99999.99997665464, 99999.99997667302]
J=1.2e-04, ⟨Jf⟩=1.1e-04, ⟨B·n⟩=3.0e-03, Len=sum([2.4, 2.4, 2.4, 2.6, 2.6])=12.3, ϰ=[8.2, 8.0, 9.2, 10.3, 10.6], ∫ϰ²/L>=[15.2, 14.4, 17.2, 19.1, 19.7], C-C-Sep=0.08, ║∇J║=2.1e-04
Iteration 1328/2000-----
currents: [100000.0, 99999.99998228438, 99999.9999762689, 99999.99997663817, 99999.99997665643]
J=1.2e-04, ⟨Jf⟩=1.1e-04, ⟨B·n⟩=3.0e-03, Len=sum([2.4, 2.4, 2.4, 2.6, 2.6])=12.3, ϰ=[8.2, 8.0, 9.1, 10.2, 10.6], ∫ϰ²/L>=[15.2, 14.4, 17.2, 19.1, 19.7], C-C-Sep=0.08, ║∇J║=1.9e-04
Iteration 1329/2000-----
currents: [100000.0, 99999.99998225964, 99999.99997623615, 99999.99997660633, 99999.99997662436]
J=1.2e-04, ⟨Jf⟩=1.1e-04, ⟨B·n⟩=3.0e-03, Len=sum([2.4, 2.4, 2.4, 2.6, 2.6])=12.3, ϰ=[8.2, 8.0, 9.1, 10.2, 10.6], ∫ϰ²/L>=[15.1, 14.4, 17.2, 19.1, 19.7], C-C-Sep=0.08, ║∇J║=2.0e-04
Iteration 1330/2000-----
currents: [100000.0, 99999.99998220398, 99999.99997616251, 99999.99997653476, 99999.9999765523]
J=1.2e-04, ⟨Jf⟩=1.1e-04, ⟨B·n⟩=3.0e-03, Len=sum([2.4, 2.4, 2.4, 2.6, 2.6])=12.3, ϰ=[8.2, 8.0, 9.1, 10.2, 10.6], ∫ϰ²/L>=[15.1, 14.4, 17.2, 19.1, 19.7], C-C-Sep=0.08, ║∇J║=2.5e-04
Iteration 1331/2000-----
currents: [100000.0, 99999.99998216619, 99999.9999761125, 99999.99997648616, 99999.99997650331]
J=1.2e-04, ⟨Jf⟩=1.1e-04, ⟨B·n⟩=3.0e-03, Len=sum([2.4, 2.4, 2.4, 2.6, 2.6])=12.3, ϰ=[8.2, 8.0, 9.1, 10.2, 10.6], ∫ϰ²/L>=[15.1, 14.4, 17.2, 19.1, 19.8], C-C-Sep=0.08, ║∇J║=2.9e-04
Iteration 1332/2000-----
currents: [100000.0, 99999.99998214313, 99999.99997608189, 99999.99997645635, 99999.99997647334]
J=1.2e-04, ⟨Jf⟩=1.1e-04, ⟨B·n⟩=3.0e-03, Len=sum([2.4, 2.4, 2.4, 2.6, 2.6])=12.3, ϰ=[8.2, 8.0, 9.1, 10.2, 10.6], ∫ϰ²/L>=[15.1, 14.4, 17.2, 19.1, 19.7], C-C-Sep=0.08, ║∇J║=2.6e-04
Iteration 1333/2000-----
currents: [100000.0, 99999.9999821533, 99999.99997609537, 99999.99997646944, 99999.99997648652]
J=1.2e-04, ⟨Jf⟩=1.1e-04, ⟨B·n⟩=3.0e-03, Len=sum([2.4, 2.4, 2.4, 2.6, 2.6])=12.3, ϰ=[8.2, 8.0, 9.1, 10.2, 10.6], ∫ϰ²/L>=[15.1, 14.4, 17.2, 19.1, 19.7], C-C-Sep=0.08, ║∇J║=2.3e-04
Iteration 1334/2000-----
currents: [100000.0, 99999.9999821255, 99999.99997605862, 99999.99997643373, 99999.99997645049]
J=1.2e-04, ⟨Jf⟩=1.1e-04, ⟨B·n⟩=3.0e-03, Len=sum([2.4, 2.4, 2.4, 2.6, 2.6])=12.3, ϰ=[8.2, 8.0, 9.1, 10.2, 10.6], ∫ϰ²/L>=[15.1, 14.4, 17.2, 19.1, 19.8], C-C-Sep=0.08, ║∇J║=2.1e-04
Iteration 1335/2000-----
currents: [100000.0, 99999.9999821242, 99999.999976057, 99999.9999764321, 99999.99997644889]
J=1.2e-04, ⟨Jf⟩=1.1e-04, ⟨B·n⟩=3.0e-03, Len=sum([2.4, 2.4, 2.4, 2.6, 2.6])=12.3, ϰ=[8.2, 8.0, 9.1, 10.2, 10.6], ∫ϰ²/L>=[15.1, 14.4, 17.2, 19.1, 19.8], C-C-Sep=0.08, ║∇J║=2.9e-04
Iteration 1336/2000-----
currents: [100000.0, 99999.99998209756, 99999.99997602189, 99999.99997639787, 99999.99997641449]
J=1.2e-04, ⟨Jf⟩=1.1e-04, ⟨B·n⟩=3.0e-03, Len=sum([2.4, 2.4, 2.4, 2.6, 2.6])=12.3, ϰ=[8.2, 8.0, 9.1, 10.2, 10.6], ∫ϰ²/L>=[15.1, 14.4, 17.2, 19.1, 19.8], C-C-Sep=0.08, ║∇J║=2.1e-04
Iteration 1337/2000-----
currents: [100000.0, 99999.99998207175, 99999.9999759879, 99999.99997636474, 99999.99997638114]
J=1.2e-04, ⟨Jf⟩=1.1e-04, ⟨B·n⟩=3.0e-03, Len=sum([2.4, 2.4, 2.4, 2.6, 2.6])=12.3, ϰ=[8.2, 8.0, 9.1, 10.2, 10.7], ∫ϰ²/L>=[15.1, 14.4, 17.2, 19.1, 19.8], C-C-Sep=0.08, ║∇J║=2.1e-04
Iteration 1338/2000-----
currents: [100000.0, 99999.9999820467, 99999.99997595491, 99999.9999763326, 99999.99997634883]
J=1.2e-04, ⟨Jf⟩=1.1e-04, ⟨B·n⟩=3.0e-03, Len=sum([2.4, 2.4, 2.4, 2.6, 2.6])=12.3, ϰ=[8.2, 8.1, 9.1, 10.2, 10.7], ∫ϰ²/L>=[15.1, 14.4, 17.2, 19.1, 19.8], C-C-Sep=0.08, ║∇J║=2.2e-04
Iteration 1339/2000-----
currents: [100000.0, 99999.99998203598, 99999.99997594084, 99999.99997631888, 99999.99997633508]
J=1.2e-04, ⟨Jf⟩=1.1e-04, ⟨B·n⟩=3.0e-03, Len=sum([2.4, 2.4, 2.4, 2.6, 2.6])=12.3, ϰ=[8.2, 8.1, 9.1, 10.2, 10.7], ∫ϰ²/L>=[15.1, 14.4, 17.2, 19.1, 19.8], C-C-Sep=0.08, ║∇J║=1.9e-04
Iteration 1340/2000-----
currents: [100000.0, 99999.99998200807, 99999.99997590398, 99999.99997628294, 99999.9999762989]
J=1.2e-04, ⟨Jf⟩=1.1e-04, ⟨B·n⟩=3.0e-03, Len=sum([2.4, 2.4, 2.4, 2.6, 2.6])=12.3, ϰ=[8.2, 8.1, 9.1, 10.2, 10.7], ∫ϰ²/L>=[15.1, 14.4, 17.2, 19.1, 19.8], C-C-Sep=0.08, ║∇J║=2.2e-04
Iteration 1341/2000-----
currents: [100000.0, 99999.9999819775, 99999.99997586363, 99999.99997624355, 99999.99997625922]
J=1.2e-04, ⟨Jf⟩=1.1e-04, ⟨B·n⟩=3.0e-03, Len=sum([2.4, 2.4, 2.4, 2.6, 2.6])=12.3, ϰ=[8.2, 8.1, 9.1, 10.2, 10.7], ∫ϰ²/L>=[15.1, 14.4, 17.2, 19.1, 19.8], C-C-Sep=0.08, ║∇J║=2.1e-04
Iteration 1342/2000-----
currents: [100000.0, 99999.99998193336, 99999.99997580532, 99999.99997618662, 99999.99997620186]
J=1.2e-04, ⟨Jf⟩=1.1e-04, ⟨B·n⟩=3.0e-03, Len=sum([2.4, 2.4, 2.4, 2.6, 2.6])=12.3, ϰ=[8.3, 8.1, 9.1, 10.2, 10.7], ∫ϰ²/L>=[15.1, 14.4, 17.2, 19.1, 19.8], C-C-Sep=0.08, ║∇J║=2.7e-04
Iteration 1343/2000-----
currents: [100000.0, 99999.99998191008, 99999.99997577454, 99999.99997615663, 99999.99997617159]
J=1.2e-04, ⟨Jf⟩=1.1e-04, ⟨B·n⟩=3.0e-03, Len=sum([2.4, 2.4, 2.4, 2.6, 2.6])=12.3, ϰ=[8.3, 8.1, 9.1, 10.2, 10.7], ∫ϰ²/L>=[15.1, 14.4, 17.2, 19.1, 19.8], C-C-Sep=0.08, ║∇J║=2.7e-04
Iteration 1344/2000-----
currents: [100000.0, 99999.99998194205, 99999.99997581675, 99999.99997619775, 99999.99997621299]
J=1.2e-04, ⟨Jf⟩=1.1e-04, ⟨B·n⟩=3.0e-03, Len=sum([2.4, 2.4, 2.4, 2.6, 2.6])=12.3, ϰ=[8.3, 8.1, 9.1, 10.2, 10.7], ∫ϰ²/L>=[15.1, 14.4, 17.2, 19.1, 19.8], C-C-Sep=0.08, ║∇J║=2.4e-04
Iteration 1345/2000-----
currents: [100000.0, 99999.99998190434, 99999.99997576684, 99999.99997614919, 99999.99997616414]
J=1.2e-04, ⟨Jf⟩=1.1e-04, ⟨B·n⟩=3.0e-03, Len=sum([2.4, 2.4, 2.4, 2.6, 2.6])=12.3, ϰ=[8.3, 8.1, 9.1, 10.2, 10.7], ∫ϰ²/L>=[15.1, 14.4, 17.2, 19.1, 19.8], C-C-Sep=0.08, ║∇J║=2.9e-04
Iteration 1346/2000-----
currents: [100000.0, 99999.99998190242, 99999.99997576438, 99999.99997614678, 99999.9999761617]
J=1.2e-04, ⟨Jf⟩=1.1e-04, ⟨B·n⟩=3.0e-03, Len=sum([2.4, 2.4, 2.4, 2.6, 2.6])=12.3, ϰ=[8.3, 8.1, 9.1, 10.2, 10.7], ∫ϰ²/L>=[15.1, 14.4, 17.2, 19.1, 19.8], C-C-Sep=0.08, ║∇J║=2.0e-04
Iteration 1347/2000-----
currents: [100000.0, 99999.99998189395, 99999.99997575322, 99999.99997613588, 99999.99997615072]
J=1.2e-04, ⟨Jf⟩=1.1e-04, ⟨B·n⟩=3.0e-03, Len=sum([2.4, 2.4, 2.4, 2.6, 2.6])=12.3, ϰ=[8.3, 8.1, 9.1, 10.2, 10.7], ∫ϰ²/L>=[15.1, 14.4, 17.2, 19.0, 19.8], C-C-Sep=0.08, ║∇J║=1.9e-04
Iteration 1348/2000-----
currents: [100000.0, 99999.99998189422, 99999.99997575358, 99999.99997613621, 99999.99997615107]
J=1.2e-04, ⟨Jf⟩=1.1e-04, ⟨B·n⟩=3.0e-03, Len=sum([2.4, 2.4, 2.4, 2.6, 2.6])=12.3, ϰ=[8.3, 8.1, 9.1, 10.2, 10.6], ∫ϰ²/L>=[15.1, 14.4, 17.2, 19.0, 19.8], C-C-Sep=0.08, ║∇J║=1.6e-04
Iteration 1349/2000-----
currents: [100000.0, 99999.99998188268, 99999.99997573838, 99999.99997612137, 99999.99997613614]
J=1.2e-04, ⟨Jf⟩=1.1e-04, ⟨B·n⟩=3.0e-03, Len=sum([2.4, 2.4, 2.4, 2.6, 2.6])=12.3, ϰ=[8.3, 8.1, 9.1, 10.2, 10.6], ∫ϰ²/L>=[15.1, 14.4, 17.2, 19.0, 19.8], C-C-Sep=0.08, ║∇J║=1.7e-04
Iteration 1350/2000-----
currents: [100000.0, 99999.99998188218, 99999.99997573778, 99999.99997612077, 99999.99997613559]
J=1.2e-04, ⟨Jf⟩=1.1e-04, ⟨B·n⟩=3.0e-03, Len=sum([2.4, 2.4, 2.4, 2.6, 2.6])=12.3, ϰ=[8.3, 8.1, 9.1, 10.2, 10.6], ∫ϰ²/L>=[15.1, 14.4, 17.2, 19.0, 19.8], C-C-Sep=0.08, ║∇J║=1.9e-04
Iteration 1351/2000-----
currents: [100000.0, 99999.99998187998, 99999.99997573497, 99999.99997611802, 99999.99997613285]
J=1.2e-04, ⟨Jf⟩=1.1e-04, ⟨B·n⟩=3.0e-03, Len=sum([2.4, 2.4, 2.4, 2.6, 2.6])=12.3, ϰ=[8.3, 8.1, 9.1, 10.2, 10.6], ∫ϰ²/L>=[15.1, 14.4, 17.2, 19.0, 19.8], C-C-Sep=0.08, ║∇J║=1.7e-04
Iteration 1352/2000-----
currents: [100000.0, 99999.99998187699, 99999.99997573107, 99999.99997611418, 99999.99997612904]
J=1.2e-04, ⟨Jf⟩=1.1e-04, ⟨B·n⟩=3.0e-03, Len=sum([2.4, 2.4, 2.4, 2.6, 2.6])=12.3, ϰ=[8.3, 8.1, 9.1, 10.2, 10.6], ∫ϰ²/L>=[15.1, 14.4, 17.2, 19.0, 19.8], C-C-Sep=0.08, ║∇J║=1.7e-04
Iteration 1353/2000-----
currents: [100000.0, 99999.99998187002, 99999.99997572198, 99999.99997610532, 99999.99997612012]
J=1.2e-04, ⟨Jf⟩=1.1e-04, ⟨B·n⟩=3.0e-03, Len=sum([2.4, 2.4, 2.4, 2.6, 2.6])=12.3, ϰ=[8.3, 8.1, 9.1, 10.2, 10.6], ∫ϰ²/L>=[15.1, 14.4, 17.2, 19.0, 19.8], C-C-Sep=0.08, ║∇J║=1.6e-04
Iteration 1354/2000-----
currents: [100000.0, 99999.99998185466, 99999.99997570178, 99999.99997608563, 99999.9999761003]
J=1.2e-04, ⟨Jf⟩=1.1e-04, ⟨B·n⟩=3.0e-03, Len=sum([2.4, 2.4, 2.4, 2.6, 2.6])=12.3, ϰ=[8.3, 8.1, 9.1, 10.2, 10.6], ∫ϰ²/L>=[15.1, 14.4, 17.2, 19.0, 19.8], C-C-Sep=0.08, ║∇J║=1.6e-04
Iteration 1355/2000-----
currents: [100000.0, 99999.99998183391, 99999.99997567454, 99999.99997605903, 99999.99997607354]
J=1.2e-04, ⟨Jf⟩=1.1e-04, ⟨B·n⟩=3.0e-03, Len=sum([2.4, 2.4, 2.4, 2.6, 2.6])=12.3, ϰ=[8.3, 8.1, 9.1, 10.2, 10.6], ∫ϰ²/L>=[15.1, 14.4, 17.2, 19.0, 19.8], C-C-Sep=0.08, ║∇J║=2.1e-04
Iteration 1356/2000-----
currents: [100000.0, 99999.99998180462, 99999.99997563598, 99999.99997602143, 99999.99997603567]
J=1.2e-04, ⟨Jf⟩=1.1e-04, ⟨B·n⟩=3.0e-03, Len=sum([2.4, 2.4, 2.4, 2.6, 2.6])=12.3, ϰ=[8.3, 8.1, 9.1, 10.2, 10.6], ∫ϰ²/L>=[15.1, 14.4, 17.2, 19.0, 19.8], C-C-Sep=0.08, ║∇J║=1.7e-04
Iteration 1357/2000-----
currents: [100000.0, 99999.99998173029, 99999.99997553808, 99999.999975926, 99999.99997593957]
J=1.2e-04, ⟨Jf⟩=1.1e-04, ⟨B·n⟩=3.0e-03, Len=sum([2.4, 2.4, 2.4, 2.6, 2.6])=12.3, ϰ=[8.4, 8.1, 9.0, 10.2, 10.6], ∫ϰ²/L>=[15.1, 14.4, 17.2, 19.0, 19.8], C-C-Sep=0.08, ║∇J║=2.4e-04
Iteration 1358/2000-----
currents: [100000.0, 99999.99998169977, 99999.9999754979, 99999.99997588682, 99999.99997590017]
J=1.2e-04, ⟨Jf⟩=1.1e-04, ⟨B·n⟩=3.0e-03, Len=sum([2.4, 2.4, 2.4, 2.6, 2.6])=12.3, ϰ=[8.4, 8.1, 9.0, 10.1, 10.6], ∫ϰ²/L>=[15.1, 14.4, 17.2, 19.1, 19.8], C-C-Sep=0.08, ║∇J║=2.6e-04
Iteration 1359/2000-----
currents: [100000.0, 99999.99998168356, 99999.99997547656, 99999.99997586606, 99999.99997587924]
J=1.2e-04, ⟨Jf⟩=1.1e-04, ⟨B·n⟩=3.0e-03, Len=sum([2.4, 2.4, 2.4, 2.6, 2.6])=12.3, ϰ=[8.4, 8.1, 9.0, 10.2, 10.7], ∫ϰ²/L>=[15.1, 14.4, 17.2, 19.1, 19.8], C-C-Sep=0.08, ║∇J║=2.0e-04
Iteration 1360/2000-----
currents: [100000.0, 99999.9999816558, 99999.99997543993, 99999.9999758304, 99999.99997584336]
J=1.2e-04, ⟨Jf⟩=1.1e-04, ⟨B·n⟩=3.0e-03, Len=sum([2.4, 2.4, 2.4, 2.6, 2.6])=12.3, ϰ=[8.4, 8.1, 9.0, 10.1, 10.7], ∫ϰ²/L>=[15.1, 14.4, 17.2, 19.1, 19.8], C-C-Sep=0.08, ║∇J║=2.0e-04
Iteration 1361/2000-----
currents: [100000.0, 99999.99998167861, 99999.99997547, 99999.99997585974, 99999.99997587291]
J=1.2e-04, ⟨Jf⟩=1.1e-04, ⟨B·n⟩=3.0e-03, Len=sum([2.4, 2.4, 2.4, 2.6, 2.6])=12.3, ϰ=[8.3, 8.1, 9.0, 10.1, 10.6], ∫ϰ²/L>=[15.1, 14.4, 17.2, 19.1, 19.8], C-C-Sep=0.08, ║∇J║=1.7e-04
Iteration 1362/2000-----
currents: [100000.0, 99999.9999816525, 99999.99997543557, 99999.9999758262, 99999.99997583912]
J=1.2e-04, ⟨Jf⟩=1.1e-04, ⟨B·n⟩=3.0e-03, Len=sum([2.4, 2.4, 2.4, 2.6, 2.6])=12.3, ϰ=[8.3, 8.1, 9.0, 10.2, 10.7], ∫ϰ²/L>=[15.1, 14.4, 17.2, 19.1, 19.8], C-C-Sep=0.08, ║∇J║=2.2e-04
Iteration 1363/2000-----
currents: [100000.0, 99999.99998165511, 99999.99997543904, 99999.99997582956, 99999.9999758425]
J=1.2e-04, ⟨Jf⟩=1.1e-04, ⟨B·n⟩=3.0e-03, Len=sum([2.4, 2.4, 2.4, 2.6, 2.6])=12.3, ϰ=[8.4, 8.1, 9.0, 10.2, 10.6], ∫ϰ²/L>=[15.1, 14.4, 17.2, 19.1, 19.8], C-C-Sep=0.08, ║∇J║=1.5e-04
Iteration 1364/2000-----
currents: [100000.0, 99999.9999816466, 99999.99997542783, 99999.99997581865, 99999.99997583152]
J=1.2e-04, ⟨Jf⟩=1.1e-04, ⟨B·n⟩=3.0e-03, Len=sum([2.4, 2.4, 2.4, 2.6, 2.6])=12.3, ϰ=[8.3, 8.1, 9.1, 10.2, 10.6], ∫ϰ²/L>=[15.1, 14.4, 17.2, 19.0, 19.8], C-C-Sep=0.08, ║∇J║=1.8e-04
Iteration 1365/2000-----
currents: [100000.0, 99999.99998164384, 99999.99997542423, 99999.99997581515, 99999.999975828]
J=1.2e-04, ⟨Jf⟩=1.1e-04, ⟨B·n⟩=3.0e-03, Len=sum([2.4, 2.4, 2.4, 2.6, 2.6])=12.3, ϰ=[8.4, 8.1, 9.1, 10.2, 10.6], ∫ϰ²/L>=[15.1, 14.4, 17.2, 19.0, 19.8], C-C-Sep=0.08, ║∇J║=1.6e-04
Iteration 1366/2000-----
currents: [100000.0, 99999.99998163081, 99999.99997540718, 99999.99997579856, 99999.99997581128]
J=1.2e-04, ⟨Jf⟩=1.1e-04, ⟨B·n⟩=3.0e-03, Len=sum([2.4, 2.4, 2.4, 2.6, 2.6])=12.3, ϰ=[8.4, 8.1, 9.0, 10.2, 10.6], ∫ϰ²/L>=[15.1, 14.4, 17.2, 19.1, 19.8], C-C-Sep=0.08, ║∇J║=1.5e-04
Iteration 1367/2000-----
currents: [100000.0, 99999.99998161604, 99999.9999753878, 99999.99997577969, 99999.99997579228]
J=1.2e-04, ⟨Jf⟩=1.1e-04, ⟨B·n⟩=3.0e-03, Len=sum([2.4, 2.4, 2.4, 2.6, 2.6])=12.3, ϰ=[8.4, 8.1, 9.0, 10.2, 10.6], ∫ϰ²/L>=[15.1, 14.4, 17.2, 19.1, 19.8], C-C-Sep=0.08, ║∇J║=1.4e-04
Iteration 1368/2000-----
currents: [100000.0, 99999.99998158422, 99999.99997534599, 99999.99997573896, 99999.99997575127]
J=1.2e-04, ⟨Jf⟩=1.1e-04, ⟨B·n⟩=3.0e-03, Len=sum([2.4, 2.4, 2.4, 2.6, 2.6])=12.3, ϰ=[8.3, 8.1, 9.0, 10.2, 10.6], ∫ϰ²/L>=[15.0, 14.4, 17.2, 19.1, 19.8], C-C-Sep=0.08, ║∇J║=1.8e-04
Iteration 1369/2000-----
currents: [100000.0, 99999.99998149008, 99999.9999752222, 99999.99997561834, 99999.99997562988]
J=1.2e-04, ⟨Jf⟩=1.1e-04, ⟨B·n⟩=3.0e-03, Len=sum([2.4, 2.4, 2.4, 2.6, 2.6])=12.3, ϰ=[8.3, 8.1, 9.0, 10.2, 10.6], ∫ϰ²/L>=[15.0, 14.4, 17.1, 19.1, 19.8], C-C-Sep=0.08, ║∇J║=2.7e-04
Iteration 1370/2000-----
currents: [100000.0, 99999.99998150498, 99999.99997524185, 99999.99997563743, 99999.9999756491]
J=1.2e-04, ⟨Jf⟩=1.1e-04, ⟨B·n⟩=3.0e-03, Len=sum([2.4, 2.4, 2.4, 2.6, 2.6])=12.3, ϰ=[8.3, 8.1, 9.0, 10.2, 10.6], ∫ϰ²/L>=[15.0, 14.4, 17.1, 19.1, 19.8], C-C-Sep=0.08, ║∇J║=2.7e-04
Iteration 1371/2000-----
currents: [100000.0, 99999.99998149525, 99999.99997522899, 99999.99997562487, 99999.99997563649]
J=1.2e-04, ⟨Jf⟩=1.1e-04, ⟨B·n⟩=3.0e-03, Len=sum([2.4, 2.4, 2.4, 2.6, 2.6])=12.3, ϰ=[8.3, 8.1, 9.0, 10.2, 10.6], ∫ϰ²/L>=[15.0, 14.4, 17.2, 19.1, 19.8], C-C-Sep=0.08, ║∇J║=1.6e-04
Iteration 1372/2000-----
currents: [100000.0, 99999.99998143621, 99999.99997515132, 99999.99997554914, 99999.99997556028]
J=1.2e-04, ⟨Jf⟩=1.1e-04, ⟨B·n⟩=3.0e-03, Len=sum([2.4, 2.4, 2.4, 2.6, 2.6])=12.3, ϰ=[8.3, 8.1, 9.0, 10.2, 10.6], ∫ϰ²/L>=[15.0, 14.4, 17.2, 19.1, 19.8], C-C-Sep=0.08, ║∇J║=1.9e-04
Iteration 1373/2000-----
currents: [100000.0, 99999.99998140892, 99999.99997511541, 99999.99997551413, 99999.99997552505]
J=1.2e-04, ⟨Jf⟩=1.1e-04, ⟨B·n⟩=3.0e-03, Len=sum([2.4, 2.4, 2.4, 2.6, 2.6])=12.3, ϰ=[8.3, 8.1, 9.0, 10.2, 10.6], ∫ϰ²/L>=[15.0, 14.4, 17.2, 19.1, 19.8], C-C-Sep=0.08, ║∇J║=2.0e-04
Iteration 1374/2000-----
currents: [100000.0, 99999.99998141408, 99999.99997512228, 99999.99997552086, 99999.99997553177]
J=1.2e-04, ⟨Jf⟩=1.1e-04, ⟨B·n⟩=3.0e-03, Len=sum([2.4, 2.4, 2.4, 2.6, 2.6])=12.3, ϰ=[8.3, 8.1, 9.0, 10.2, 10.6], ∫ϰ²/L>=[15.0, 14.4, 17.2, 19.1, 19.8], C-C-Sep=0.08, ║∇J║=1.9e-04
Iteration 1375/2000-----
currents: [100000.0, 99999.99998139066, 99999.9999750915, 99999.99997549097, 99999.99997550165]
J=1.2e-04, ⟨Jf⟩=1.1e-04, ⟨B·n⟩=3.0e-03, Len=sum([2.4, 2.4, 2.4, 2.6, 2.6])=12.3, ϰ=[8.3, 8.1, 9.0, 10.2, 10.6], ∫ϰ²/L>=[15.0, 14.4, 17.2, 19.1, 19.7], C-C-Sep=0.08, ║∇J║=2.4e-04
Iteration 1376/2000-----
currents: [100000.0, 99999.99998138938, 99999.9999750899, 99999.99997548954, 99999.9999755001]
J=1.2e-04, ⟨Jf⟩=1.1e-04, ⟨B·n⟩=3.0e-03, Len=sum([2.4, 2.4, 2.4, 2.6, 2.6])=12.3, ϰ=[8.3, 8.1, 9.0, 10.2, 10.6], ∫ϰ²/L>=[15.0, 14.4, 17.2, 19.1, 19.7], C-C-Sep=0.08, ║∇J║=1.9e-04
Iteration 1377/2000-----
currents: [100000.0, 99999.99998137841, 99999.99997507548, 99999.99997547556, 99999.99997548599]
J=1.2e-04, ⟨Jf⟩=1.1e-04, ⟨B·n⟩=3.0e-03, Len=sum([2.4, 2.4, 2.4, 2.6, 2.6])=12.3, ϰ=[8.3, 8.1, 9.0, 10.2, 10.6], ∫ϰ²/L>=[15.0, 14.4, 17.2, 19.1, 19.7], C-C-Sep=0.08, ║∇J║=1.5e-04
Iteration 1378/2000-----
currents: [100000.0, 99999.99998136301, 99999.9999750552, 99999.99997545592, 99999.99997546618]
J=1.2e-04, ⟨Jf⟩=1.1e-04, ⟨B·n⟩=3.0e-03, Len=sum([2.4, 2.4, 2.4, 2.6, 2.6])=12.3, ϰ=[8.3, 8.1, 9.0, 10.2, 10.5], ∫ϰ²/L>=[15.0, 14.5, 17.2, 19.1, 19.7], C-C-Sep=0.08, ║∇J║=1.6e-04
Iteration 1379/2000-----
currents: [100000.0, 99999.99998134475, 99999.99997503121, 99999.99997543266, 99999.99997544268]
J=1.2e-04, ⟨Jf⟩=1.1e-04, ⟨B·n⟩=3.0e-03, Len=sum([2.4, 2.4, 2.4, 2.6, 2.6])=12.3, ϰ=[8.3, 8.1, 9.0, 10.2, 10.5], ∫ϰ²/L>=[15.0, 14.5, 17.2, 19.1, 19.7], C-C-Sep=0.08, ║∇J║=1.6e-04
Iteration 1380/2000-----
currents: [100000.0, 99999.99998132714, 99999.99997500813, 99999.99997541029, 99999.99997542013]
J=1.2e-04, ⟨Jf⟩=1.1e-04, ⟨B·n⟩=3.0e-03, Len=sum([2.4, 2.4, 2.4, 2.6, 2.6])=12.3, ϰ=[8.3, 8.1, 9.0, 10.2, 10.5], ∫ϰ²/L>=[15.0, 14.5, 17.2, 19.1, 19.7], C-C-Sep=0.08, ║∇J║=1.6e-04
Iteration 1381/2000-----
currents: [100000.0, 99999.99998127644, 99999.99997494157, 99999.9999753456, 99999.99997535495]
J=1.2e-04, ⟨Jf⟩=1.1e-04, ⟨B·n⟩=3.0e-03, Len=sum([2.4, 2.4, 2.4, 2.6, 2.6])=12.3, ϰ=[8.3, 8.1, 9.0, 10.2, 10.5], ∫ϰ²/L>=[15.0, 14.5, 17.2, 19.1, 19.7], C-C-Sep=0.08, ║∇J║=2.0e-04
Iteration 1382/2000-----
currents: [100000.0, 99999.99998117138, 99999.99997480364, 99999.99997521145, 99999.99997521978]
J=1.2e-04, ⟨Jf⟩=1.1e-04, ⟨B·n⟩=3.0e-03, Len=sum([2.4, 2.4, 2.4, 2.6, 2.6])=12.3, ϰ=[8.2, 8.2, 9.0, 10.2, 10.5], ∫ϰ²/L>=[15.0, 14.5, 17.2, 19.1, 19.7], C-C-Sep=0.08, ║∇J║=3.2e-04
Iteration 1383/2000-----
currents: [100000.0, 99999.99998115363, 99999.99997478037, 99999.9999751888, 99999.99997519699]
J=1.2e-04, ⟨Jf⟩=1.1e-04, ⟨B·n⟩=3.0e-03, Len=sum([2.4, 2.4, 2.4, 2.6, 2.6])=12.3, ϰ=[8.2, 8.2, 9.0, 10.2, 10.5], ∫ϰ²/L>=[15.0, 14.5, 17.2, 19.1, 19.7], C-C-Sep=0.08, ║∇J║=2.8e-04
Iteration 1384/2000-----
currents: [100000.0, 99999.99998115883, 99999.99997478725, 99999.99997519539, 99999.99997520367]
J=1.2e-04, ⟨Jf⟩=1.1e-04, ⟨B·n⟩=3.0e-03, Len=sum([2.4, 2.4, 2.4, 2.6, 2.6])=12.3, ϰ=[8.3, 8.2, 9.0, 10.3, 10.5], ∫ϰ²/L>=[15.0, 14.5, 17.2, 19.1, 19.7], C-C-Sep=0.08, ║∇J║=2.7e-04
Iteration 1385/2000-----
currents: [100000.0, 99999.99998112342, 99999.99997474074, 99999.99997515016, 99999.99997515809]
J=1.2e-04, ⟨Jf⟩=1.1e-04, ⟨B·n⟩=3.0e-03, Len=sum([2.4, 2.4, 2.4, 2.6, 2.6])=12.3, ϰ=[8.2, 8.2, 9.0, 10.3, 10.5], ∫ϰ²/L>=[15.0, 14.5, 17.2, 19.1, 19.7], C-C-Sep=0.08, ║∇J║=2.2e-04
Iteration 1386/2000-----
currents: [100000.0, 99999.99998113744, 99999.99997475918, 99999.99997516813, 99999.99997517612]
J=1.2e-04, ⟨Jf⟩=1.1e-04, ⟨B·n⟩=3.0e-03, Len=sum([2.4, 2.4, 2.4, 2.6, 2.6])=12.3, ϰ=[8.3, 8.2, 9.0, 10.3, 10.5], ∫ϰ²/L>=[15.0, 14.5, 17.2, 19.1, 19.7], C-C-Sep=0.08, ║∇J║=2.4e-04
Iteration 1387/2000-----
currents: [100000.0, 99999.99998109255, 99999.99997470027, 99999.99997511081, 99999.99997511836]
J=1.2e-04, ⟨Jf⟩=1.1e-04, ⟨B·n⟩=3.0e-03, Len=sum([2.4, 2.4, 2.4, 2.6, 2.6])=12.3, ϰ=[8.2, 8.2, 9.0, 10.3, 10.5], ∫ϰ²/L>=[15.0, 14.5, 17.2, 19.1, 19.7], C-C-Sep=0.08, ║∇J║=2.7e-04
Iteration 1388/2000-----
currents: [100000.0, 99999.99998107599, 99999.99997467866, 99999.9999750898, 99999.99997509722]
J=1.2e-04, ⟨Jf⟩=1.1e-04, ⟨B·n⟩=3.0e-03, Len=sum([2.4, 2.4, 2.4, 2.6, 2.6])=12.3, ϰ=[8.2, 8.2, 9.0, 10.3, 10.5], ∫ϰ²/L>=[15.0, 14.5, 17.2, 19.1, 19.7], C-C-Sep=0.08, ║∇J║=2.0e-04
Iteration 1389/2000-----
currents: [100000.0, 99999.99998105028, 99999.99997464498, 99999.99997505707, 99999.99997506417]
J=1.2e-04, ⟨Jf⟩=1.1e-04, ⟨B·n⟩=3.0e-03, Len=sum([2.4, 2.4, 2.4, 2.6, 2.6])=12.3, ϰ=[8.2, 8.2, 9.0, 10.3, 10.6], ∫ϰ²/L>=[15.0, 14.5, 17.2, 19.1, 19.7], C-C-Sep=0.08, ║∇J║=2.0e-04
Iteration 1390/2000-----
currents: [100000.0, 99999.99998104661, 99999.99997464019, 99999.99997505246, 99999.99997505947]
J=1.2e-04, ⟨Jf⟩=1.1e-04, ⟨B·n⟩=3.0e-03, Len=sum([2.4, 2.4, 2.4, 2.6, 2.6])=12.3, ϰ=[8.2, 8.2, 9.0, 10.3, 10.6], ∫ϰ²/L>=[15.0, 14.5, 17.2, 19.1, 19.7], C-C-Sep=0.08, ║∇J║=1.9e-04
Iteration 1391/2000-----
currents: [100000.0, 99999.99998102023, 99999.99997460555, 99999.99997501884, 99999.9999750255]
J=1.2e-04, ⟨Jf⟩=1.1e-04, ⟨B·n⟩=3.0e-03, Len=sum([2.4, 2.4, 2.4, 2.6, 2.6])=12.3, ϰ=[8.2, 8.2, 9.0, 10.3, 10.6], ∫ϰ²/L>=[15.0, 14.5, 17.2, 19.1, 19.7], C-C-Sep=0.08, ║∇J║=1.9e-04
Iteration 1392/2000-----
currents: [100000.0, 99999.99998101566, 99999.99997459949, 99999.99997501304, 99999.99997501953]
J=1.2e-04, ⟨Jf⟩=1.1e-04, ⟨B·n⟩=3.0e-03, Len=sum([2.4, 2.4, 2.4, 2.6, 2.6])=12.3, ϰ=[8.2, 8.2, 9.0, 10.3, 10.6], ∫ϰ²/L>=[15.0, 14.5, 17.2, 19.1, 19.7], C-C-Sep=0.08, ║∇J║=2.1e-04
Iteration 1393/2000-----
currents: [100000.0, 99999.99998099625, 99999.99997457399, 99999.99997498828, 99999.99997499448]
J=1.2e-04, ⟨Jf⟩=1.1e-04, ⟨B·n⟩=3.0e-03, Len=sum([2.4, 2.4, 2.4, 2.6, 2.6])=12.3, ϰ=[8.2, 8.2, 9.0, 10.3, 10.6], ∫ϰ²/L>=[15.0, 14.5, 17.2, 19.1, 19.7], C-C-Sep=0.08, ║∇J║=1.6e-04
Iteration 1394/2000-----
currents: [100000.0, 99999.9999809666, 99999.99997453512, 99999.99997495057, 99999.99997495637]
J=1.2e-04, ⟨Jf⟩=1.1e-04, ⟨B·n⟩=3.0e-03, Len=sum([2.4, 2.4, 2.4, 2.6, 2.6])=12.3, ϰ=[8.2, 8.2, 9.0, 10.3, 10.6], ∫ϰ²/L>=[15.0, 14.5, 17.2, 19.1, 19.7], C-C-Sep=0.08, ║∇J║=1.8e-04
Iteration 1395/2000-----
currents: [100000.0, 99999.99998089865, 99999.99997444604, 99999.99997486407, 99999.99997486906]
J=1.2e-04, ⟨Jf⟩=1.1e-04, ⟨B·n⟩=3.0e-03, Len=sum([2.4, 2.4, 2.4, 2.6, 2.6])=12.3, ϰ=[8.2, 8.2, 9.0, 10.4, 10.6], ∫ϰ²/L>=[15.0, 14.6, 17.2, 19.1, 19.7], C-C-Sep=0.08, ║∇J║=2.2e-04
Iteration 1396/2000-----
currents: [100000.0, 99999.99998089627, 99999.999974443, 99999.99997486116, 99999.9999748661]
J=1.2e-04, ⟨Jf⟩=1.1e-04, ⟨B·n⟩=3.0e-03, Len=sum([2.4, 2.4, 2.4, 2.6, 2.6])=12.3, ϰ=[8.2, 8.2, 9.0, 10.4, 10.6], ∫ϰ²/L>=[15.0, 14.6, 17.2, 19.1, 19.7], C-C-Sep=0.08, ║∇J║=2.5e-04
Iteration 1397/2000-----
currents: [100000.0, 99999.99998089157, 99999.99997443688, 99999.99997485522, 99999.99997486021]
J=1.2e-04, ⟨Jf⟩=1.1e-04, ⟨B·n⟩=3.0e-03, Len=sum([2.4, 2.4, 2.4, 2.6, 2.6])=12.3, ϰ=[8.2, 8.2, 9.0, 10.4, 10.6], ∫ϰ²/L>=[15.0, 14.6, 17.2, 19.2, 19.7], C-C-Sep=0.08, ║∇J║=1.8e-04
Iteration 1398/2000-----
currents: [100000.0, 99999.99998088137, 99999.99997442351, 99999.99997484223, 99999.9999748471]
J=1.2e-04, ⟨Jf⟩=1.1e-04, ⟨B·n⟩=3.0e-03, Len=sum([2.4, 2.4, 2.4, 2.6, 2.6])=12.3, ϰ=[8.2, 8.2, 9.0, 10.4, 10.6], ∫ϰ²/L>=[15.0, 14.6, 17.2, 19.2, 19.7], C-C-Sep=0.08, ║∇J║=1.6e-04
Iteration 1399/2000-----
currents: [100000.0, 99999.99998083743, 99999.99997436587, 99999.9999747862, 99999.99997479063]
J=1.2e-04, ⟨Jf⟩=1.1e-04, ⟨B·n⟩=3.0e-03, Len=sum([2.4, 2.4, 2.4, 2.6, 2.6])=12.3, ϰ=[8.2, 8.2, 9.0, 10.4, 10.6], ∫ϰ²/L>=[15.0, 14.6, 17.2, 19.2, 19.7], C-C-Sep=0.08, ║∇J║=1.9e-04
Iteration 1400/2000-----
currents: [100000.0, 99999.99998081411, 99999.99997433531, 99999.99997475649, 99999.99997476069]
J=1.2e-04, ⟨Jf⟩=1.1e-04, ⟨B·n⟩=3.0e-03, Len=sum([2.4, 2.4, 2.4, 2.6, 2.6])=12.3, ϰ=[8.2, 8.2, 9.0, 10.4, 10.6], ∫ϰ²/L>=[15.0, 14.6, 17.2, 19.2, 19.7], C-C-Sep=0.08, ║∇J║=2.0e-04
Iteration 1401/2000-----
currents: [100000.0, 99999.99998073104, 99999.9999742264, 99999.99997465068, 99999.99997465403]
J=1.2e-04, ⟨Jf⟩=1.1e-04, ⟨B·n⟩=3.0e-03, Len=sum([2.4, 2.4, 2.4, 2.5, 2.6])=12.3, ϰ=[8.2, 8.2, 9.0, 10.4, 10.6], ∫ϰ²/L>=[15.0, 14.6, 17.2, 19.2, 19.7], C-C-Sep=0.08, ║∇J║=2.4e-04
Iteration 1402/2000-----
currents: [100000.0, 99999.99998059799, 99999.99997405206, 99999.99997448128, 99999.99997448314]
J=1.2e-04, ⟨Jf⟩=1.1e-04, ⟨B·n⟩=3.0e-03, Len=sum([2.4, 2.4, 2.4, 2.5, 2.6])=12.3, ϰ=[8.2, 8.2, 9.1, 10.4, 10.6], ∫ϰ²/L>=[14.9, 14.6, 17.2, 19.2, 19.8], C-C-Sep=0.08, ║∇J║=4.0e-04
Iteration 1403/2000-----
currents: [100000.0, 99999.99998068031, 99999.99997415995, 99999.9999745861, 99999.99997458888]
J=1.2e-04, ⟨Jf⟩=1.1e-04, ⟨B·n⟩=3.0e-03, Len=sum([2.4, 2.4, 2.4, 2.5, 2.6])=12.3, ϰ=[8.2, 8.2, 9.0, 10.4, 10.6], ∫ϰ²/L>=[14.9, 14.6, 17.2, 19.2, 19.7], C-C-Sep=0.08, ║∇J║=2.7e-04
Iteration 1404/2000-----
currents: [100000.0, 99999.99998067816, 99999.99997415736, 99999.99997458364, 99999.9999745863]
J=1.2e-04, ⟨Jf⟩=1.1e-04, ⟨B·n⟩=3.0e-03, Len=sum([2.4, 2.4, 2.4, 2.5, 2.6])=12.3, ϰ=[8.2, 8.2, 9.1, 10.4, 10.6], ∫ϰ²/L>=[14.9, 14.6, 17.2, 19.2, 19.7], C-C-Sep=0.08, ║∇J║=4.5e-04
Iteration 1405/2000-----
currents: [100000.0, 99999.99998064767, 99999.9999741174, 99999.9999745448, 99999.9999745471]
J=1.2e-04, ⟨Jf⟩=1.1e-04, ⟨B·n⟩=3.0e-03, Len=sum([2.4, 2.4, 2.4, 2.5, 2.6])=12.3, ϰ=[8.2, 8.2, 9.1, 10.4, 10.6], ∫ϰ²/L>=[14.9, 14.6, 17.2, 19.2, 19.7], C-C-Sep=0.08, ║∇J║=2.7e-04
Iteration 1406/2000-----
currents: [100000.0, 99999.99998066563, 99999.99997414091, 99999.99997456759, 99999.9999745701]
J=1.2e-04, ⟨Jf⟩=1.1e-04, ⟨B·n⟩=3.0e-03, Len=sum([2.4, 2.4, 2.4, 2.5, 2.6])=12.3, ϰ=[8.2, 8.2, 9.0, 10.4, 10.6], ∫ϰ²/L>=[14.9, 14.6, 17.2, 19.2, 19.7], C-C-Sep=0.08, ║∇J║=2.1e-04
Iteration 1407/2000-----
currents: [100000.0, 99999.99998063987, 99999.99997410721, 99999.9999745348, 99999.99997453703]
J=1.2e-04, ⟨Jf⟩=1.1e-04, ⟨B·n⟩=3.0e-03, Len=sum([2.4, 2.4, 2.4, 2.5, 2.6])=12.3, ϰ=[8.2, 8.2, 9.0, 10.4, 10.6], ∫ϰ²/L>=[14.9, 14.6, 17.2, 19.2, 19.7], C-C-Sep=0.08, ║∇J║=1.8e-04
Iteration 1408/2000-----
currents: [100000.0, 99999.99998063981, 99999.99997410727, 99999.99997453486, 99999.99997453706]
J=1.2e-04, ⟨Jf⟩=1.1e-04, ⟨B·n⟩=3.0e-03, Len=sum([2.4, 2.4, 2.4, 2.5, 2.6])=12.3, ϰ=[8.2, 8.2, 9.0, 10.4, 10.6], ∫ϰ²/L>=[14.9, 14.6, 17.2, 19.2, 19.7], C-C-Sep=0.08, ║∇J║=2.0e-04
Iteration 1409/2000-----
currents: [100000.0, 99999.99998062984, 99999.9999740943, 99999.99997452224, 99999.99997452434]
J=1.2e-04, ⟨Jf⟩=1.1e-04, ⟨B·n⟩=3.0e-03, Len=sum([2.4, 2.4, 2.4, 2.5, 2.6])=12.3, ϰ=[8.2, 8.2, 9.0, 10.4, 10.6], ∫ϰ²/L>=[14.9, 14.6, 17.2, 19.2, 19.7], C-C-Sep=0.08, ║∇J║=1.6e-04
Iteration 1410/2000-----
currents: [100000.0, 99999.99998062332, 99999.9999740858, 99999.99997451396, 99999.99997451599]
J=1.2e-04, ⟨Jf⟩=1.1e-04, ⟨B·n⟩=3.0e-03, Len=sum([2.4, 2.4, 2.4, 2.5, 2.6])=12.3, ϰ=[8.2, 8.2, 9.0, 10.4, 10.6], ∫ϰ²/L>=[14.9, 14.6, 17.2, 19.2, 19.7], C-C-Sep=0.08, ║∇J║=1.5e-04
Iteration 1411/2000-----
currents: [100000.0, 99999.99998060858, 99999.99997406655, 99999.99997449532, 99999.99997449714]
J=1.2e-04, ⟨Jf⟩=1.1e-04, ⟨B·n⟩=3.0e-03, Len=sum([2.4, 2.4, 2.4, 2.5, 2.6])=12.3, ϰ=[8.2, 8.2, 9.0, 10.4, 10.6], ∫ϰ²/L>=[14.9, 14.6, 17.2, 19.2, 19.7], C-C-Sep=0.08, ║∇J║=1.7e-04
Iteration 1412/2000-----
currents: [100000.0, 99999.99998059482, 99999.99997404861, 99999.99997447799, 99999.99997447962]
J=1.2e-04, ⟨Jf⟩=1.1e-04, ⟨B·n⟩=3.0e-03, Len=sum([2.4, 2.4, 2.4, 2.5, 2.6])=12.3, ϰ=[8.2, 8.2, 9.0, 10.4, 10.6], ∫ϰ²/L>=[14.9, 14.6, 17.2, 19.2, 19.7], C-C-Sep=0.08, ║∇J║=2.2e-04
Iteration 1413/2000-----
currents: [100000.0, 99999.99998058083, 99999.99997403032, 99999.99997446033, 99999.99997446175]
J=1.2e-04, ⟨Jf⟩=1.1e-04, ⟨B·n⟩=3.0e-03, Len=sum([2.4, 2.4, 2.4, 2.5, 2.6])=12.3, ϰ=[8.2, 8.2, 9.0, 10.4, 10.6], ∫ϰ²/L>=[15.0, 14.6, 17.2, 19.2, 19.8], C-C-Sep=0.08, ║∇J║=1.6e-04
Iteration 1414/2000-----
currents: [100000.0, 99999.99998056065, 99999.99997400393, 99999.99997443483, 99999.99997443601]
J=1.2e-04, ⟨Jf⟩=1.1e-04, ⟨B·n⟩=3.0e-03, Len=sum([2.4, 2.4, 2.4, 2.5, 2.6])=12.3, ϰ=[8.2, 8.2, 9.0, 10.5, 10.6], ∫ϰ²/L>=[14.9, 14.6, 17.2, 19.2, 19.8], C-C-Sep=0.08, ║∇J║=1.7e-04
Iteration 1415/2000-----
currents: [100000.0, 99999.99998053203, 99999.99997396657, 99999.9999743986, 99999.99997439943]
J=1.2e-04, ⟨Jf⟩=1.1e-04, ⟨B·n⟩=3.0e-03, Len=sum([2.4, 2.4, 2.4, 2.5, 2.6])=12.3, ϰ=[8.2, 8.2, 9.0, 10.5, 10.6], ∫ϰ²/L>=[14.9, 14.6, 17.2, 19.2, 19.8], C-C-Sep=0.08, ║∇J║=1.6e-04
Iteration 1416/2000-----
currents: [100000.0, 99999.99998048828, 99999.99997390945, 99999.99997434311, 99999.99997434346]
J=1.2e-04, ⟨Jf⟩=1.1e-04, ⟨B·n⟩=3.0e-03, Len=sum([2.4, 2.4, 2.4, 2.5, 2.6])=12.3, ϰ=[8.2, 8.2, 9.0, 10.5, 10.6], ∫ϰ²/L>=[14.9, 14.6, 17.2, 19.2, 19.8], C-C-Sep=0.08, ║∇J║=1.8e-04
Iteration 1417/2000-----
currents: [100000.0, 99999.99998041464, 99999.99997381338, 99999.99997424975, 99999.99997424927]
J=1.2e-04, ⟨Jf⟩=1.1e-04, ⟨B·n⟩=3.0e-03, Len=sum([2.4, 2.4, 2.4, 2.5, 2.6])=12.3, ϰ=[8.2, 8.2, 9.0, 10.5, 10.6], ∫ϰ²/L>=[14.9, 14.7, 17.2, 19.2, 19.8], C-C-Sep=0.08, ║∇J║=2.3e-04
Iteration 1418/2000-----
currents: [100000.0, 99999.99998039278, 99999.99997378494, 99999.99997422204, 99999.99997422134]
J=1.2e-04, ⟨Jf⟩=1.1e-04, ⟨B·n⟩=3.0e-03, Len=sum([2.4, 2.4, 2.4, 2.5, 2.6])=12.3, ϰ=[8.2, 8.2, 9.0, 10.5, 10.6], ∫ϰ²/L>=[14.9, 14.7, 17.2, 19.2, 19.8], C-C-Sep=0.08, ║∇J║=2.2e-04
Iteration 1419/2000-----
currents: [100000.0, 99999.99998039647, 99999.99997378986, 99999.9999742268, 99999.99997422614]
J=1.2e-04, ⟨Jf⟩=1.1e-04, ⟨B·n⟩=3.0e-03, Len=sum([2.4, 2.4, 2.4, 2.5, 2.6])=12.3, ϰ=[8.2, 8.2, 9.0, 10.5, 10.6], ∫ϰ²/L>=[14.9, 14.6, 17.2, 19.2, 19.8], C-C-Sep=0.08, ║∇J║=1.9e-04
Iteration 1420/2000-----
currents: [100000.0, 99999.99998036241, 99999.99997374538, 99999.99997418359, 99999.9999741825]
J=1.2e-04, ⟨Jf⟩=1.1e-04, ⟨B·n⟩=3.0e-03, Len=sum([2.4, 2.4, 2.4, 2.5, 2.6])=12.3, ϰ=[8.2, 8.2, 8.9, 10.5, 10.6], ∫ϰ²/L>=[14.9, 14.6, 17.2, 19.2, 19.8], C-C-Sep=0.08, ║∇J║=1.8e-04
Iteration 1421/2000-----
currents: [100000.0, 99999.99998038568, 99999.99997377583, 99999.99997421313, 99999.99997421226]
J=1.2e-04, ⟨Jf⟩=1.1e-04, ⟨B·n⟩=3.0e-03, Len=sum([2.4, 2.4, 2.4, 2.5, 2.6])=12.3, ϰ=[8.2, 8.2, 8.9, 10.5, 10.6], ∫ϰ²/L>=[14.9, 14.6, 17.2, 19.2, 19.8], C-C-Sep=0.08, ║∇J║=2.8e-04
Iteration 1422/2000-----
currents: [100000.0, 99999.99998036142, 99999.9999737442, 99999.9999741824, 99999.9999741813]
J=1.2e-04, ⟨Jf⟩=1.1e-04, ⟨B·n⟩=3.0e-03, Len=sum([2.4, 2.4, 2.4, 2.5, 2.6])=12.3, ϰ=[8.2, 8.2, 8.9, 10.5, 10.6], ∫ϰ²/L>=[14.9, 14.6, 17.2, 19.2, 19.8], C-C-Sep=0.08, ║∇J║=1.6e-04
Iteration 1423/2000-----
currents: [100000.0, 99999.9999803547, 99999.99997373536, 99999.99997417376, 99999.99997417264]
J=1.2e-04, ⟨Jf⟩=1.1e-04, ⟨B·n⟩=3.0e-03, Len=sum([2.4, 2.4, 2.4, 2.5, 2.6])=12.3, ϰ=[8.2, 8.2, 8.9, 10.5, 10.6], ∫ϰ²/L>=[14.9, 14.6, 17.2, 19.2, 19.8], C-C-Sep=0.08, ║∇J║=1.6e-04
Iteration 1424/2000-----
currents: [100000.0, 99999.99998034848, 99999.99997372727, 99999.99997416588, 99999.99997416472]
J=1.2e-04, ⟨Jf⟩=1.1e-04, ⟨B·n⟩=3.0e-03, Len=sum([2.4, 2.4, 2.4, 2.5, 2.6])=12.3, ϰ=[8.2, 8.2, 8.9, 10.5, 10.6], ∫ϰ²/L>=[14.9, 14.6, 17.2, 19.2, 19.8], C-C-Sep=0.08, ║∇J║=1.3e-04
Iteration 1425/2000-----
currents: [100000.0, 99999.99998033982, 99999.999973716, 99999.99997415491, 99999.99997415369]
J=1.2e-04, ⟨Jf⟩=1.1e-04, ⟨B·n⟩=3.0e-03, Len=sum([2.4, 2.4, 2.4, 2.5, 2.6])=12.3, ϰ=[8.2, 8.2, 8.9, 10.4, 10.6], ∫ϰ²/L>=[14.9, 14.6, 17.2, 19.2, 19.8], C-C-Sep=0.08, ║∇J║=1.3e-04
Iteration 1426/2000-----
currents: [100000.0, 99999.99998033002, 99999.99997370329, 99999.99997414261, 99999.99997414132]
J=1.2e-04, ⟨Jf⟩=1.1e-04, ⟨B·n⟩=3.0e-03, Len=sum([2.4, 2.4, 2.4, 2.5, 2.6])=12.3, ϰ=[8.2, 8.1, 8.9, 10.4, 10.7], ∫ϰ²/L>=[14.9, 14.6, 17.2, 19.2, 19.8], C-C-Sep=0.08, ║∇J║=2.0e-04
Iteration 1427/2000-----
currents: [100000.0, 99999.99998032313, 99999.99997369433, 99999.999974134, 99999.99997413265]
J=1.2e-04, ⟨Jf⟩=1.1e-04, ⟨B·n⟩=3.0e-03, Len=sum([2.4, 2.4, 2.4, 2.5, 2.6])=12.3, ϰ=[8.2, 8.1, 8.9, 10.4, 10.7], ∫ϰ²/L>=[14.9, 14.6, 17.2, 19.2, 19.8], C-C-Sep=0.08, ║∇J║=1.7e-04
Iteration 1428/2000-----
currents: [100000.0, 99999.99998031034, 99999.99997367765, 99999.9999741179, 99999.99997411642]
J=1.2e-04, ⟨Jf⟩=1.1e-04, ⟨B·n⟩=3.0e-03, Len=sum([2.4, 2.4, 2.4, 2.5, 2.6])=12.3, ϰ=[8.2, 8.1, 8.9, 10.4, 10.7], ∫ϰ²/L>=[14.9, 14.6, 17.2, 19.1, 19.8], C-C-Sep=0.08, ║∇J║=1.7e-04
Iteration 1429/2000-----
currents: [100000.0, 99999.99998030653, 99999.9999736727, 99999.99997411318, 99999.99997411166]
J=1.2e-04, ⟨Jf⟩=1.1e-04, ⟨B·n⟩=3.0e-03, Len=sum([2.4, 2.4, 2.4, 2.5, 2.6])=12.3, ϰ=[8.2, 8.1, 8.9, 10.5, 10.7], ∫ϰ²/L>=[14.9, 14.6, 17.2, 19.1, 19.8], C-C-Sep=0.08, ║∇J║=1.5e-04
Iteration 1430/2000-----
currents: [100000.0, 99999.99998029954, 99999.99997366362, 99999.99997410442, 99999.99997410282]
J=1.2e-04, ⟨Jf⟩=1.1e-04, ⟨B·n⟩=3.0e-03, Len=sum([2.4, 2.4, 2.4, 2.5, 2.6])=12.3, ϰ=[8.2, 8.1, 8.9, 10.4, 10.6], ∫ϰ²/L>=[14.9, 14.6, 17.2, 19.1, 19.8], C-C-Sep=0.08, ║∇J║=1.5e-04
Iteration 1431/2000-----
currents: [100000.0, 99999.99998028492, 99999.99997364465, 99999.99997408602, 99999.99997408426]
J=1.2e-04, ⟨Jf⟩=1.1e-04, ⟨B·n⟩=3.0e-03, Len=sum([2.4, 2.4, 2.4, 2.5, 2.6])=12.3, ϰ=[8.2, 8.1, 8.9, 10.4, 10.6], ∫ϰ²/L>=[14.9, 14.6, 17.2, 19.1, 19.8], C-C-Sep=0.08, ║∇J║=1.7e-04
Iteration 1432/2000-----
currents: [100000.0, 99999.99998026292, 99999.99997361592, 99999.99997405813, 99999.99997405613]
J=1.2e-04, ⟨Jf⟩=1.1e-04, ⟨B·n⟩=3.0e-03, Len=sum([2.4, 2.4, 2.4, 2.5, 2.6])=12.3, ϰ=[8.2, 8.1, 8.8, 10.4, 10.6], ∫ϰ²/L>=[14.9, 14.6, 17.2, 19.1, 19.8], C-C-Sep=0.08, ║∇J║=1.4e-04
Iteration 1433/2000-----
currents: [100000.0, 99999.99998021283, 99999.99997355061, 99999.99997399471, 99999.99997399215]
J=1.2e-04, ⟨Jf⟩=1.1e-04, ⟨B·n⟩=3.0e-03, Len=sum([2.4, 2.4, 2.4, 2.5, 2.6])=12.3, ϰ=[8.2, 8.1, 8.8, 10.4, 10.6], ∫ϰ²/L>=[14.9, 14.6, 17.2, 19.1, 19.8], C-C-Sep=0.08, ║∇J║=2.0e-04
Iteration 1434/2000-----
currents: [100000.0, 99999.9999799128, 99999.99997315939, 99999.99997361482, 99999.99997360891]
J=1.2e-04, ⟨Jf⟩=1.1e-04, ⟨B·n⟩=3.0e-03, Len=sum([2.4, 2.4, 2.4, 2.5, 2.6])=12.3, ϰ=[8.2, 8.1, 8.8, 10.4, 10.6], ∫ϰ²/L>=[15.0, 14.7, 17.2, 19.1, 19.8], C-C-Sep=0.08, ║∇J║=7.3e-04
Iteration 1435/2000-----
currents: [100000.0, 99999.99998016395, 99999.99997348689, 99999.99997393283, 99999.99997392972]
J=1.2e-04, ⟨Jf⟩=1.1e-04, ⟨B·n⟩=3.0e-03, Len=sum([2.4, 2.4, 2.4, 2.5, 2.6])=12.3, ϰ=[8.2, 8.1, 8.8, 10.4, 10.6], ∫ϰ²/L>=[15.0, 14.6, 17.2, 19.1, 19.8], C-C-Sep=0.08, ║∇J║=2.4e-04
Iteration 1436/2000-----
currents: [100000.0, 99999.9999800219, 99999.99997330178, 99999.99997375312, 99999.9999737484]
J=1.2e-04, ⟨Jf⟩=1.1e-04, ⟨B·n⟩=3.0e-03, Len=sum([2.4, 2.4, 2.4, 2.5, 2.6])=12.3, ϰ=[8.2, 8.1, 8.8, 10.4, 10.6], ∫ϰ²/L>=[15.0, 14.6, 17.2, 19.1, 19.8], C-C-Sep=0.08, ║∇J║=4.2e-04
Iteration 1437/2000-----
currents: [100000.0, 99999.99998011444, 99999.99997342238, 99999.9999738702, 99999.99997386654]
J=1.2e-04, ⟨Jf⟩=1.1e-04, ⟨B·n⟩=3.0e-03, Len=sum([2.4, 2.4, 2.4, 2.5, 2.6])=12.3, ϰ=[8.2, 8.1, 8.8, 10.4, 10.6], ∫ϰ²/L>=[15.0, 14.6, 17.2, 19.1, 19.8], C-C-Sep=0.08, ║∇J║=2.8e-04
Iteration 1438/2000-----
currents: [100000.0, 99999.99998009781, 99999.99997340082, 99999.9999738493, 99999.9999738454]
J=1.2e-04, ⟨Jf⟩=1.1e-04, ⟨B·n⟩=3.0e-03, Len=sum([2.4, 2.4, 2.4, 2.5, 2.6])=12.3, ϰ=[8.2, 8.1, 8.8, 10.4, 10.6], ∫ϰ²/L>=[15.0, 14.6, 17.2, 19.1, 19.8], C-C-Sep=0.08, ║∇J║=3.7e-04
Iteration 1439/2000-----
currents: [100000.0, 99999.99998009468, 99999.99997339668, 99999.99997384533, 99999.99997384142]
J=1.2e-04, ⟨Jf⟩=1.1e-04, ⟨B·n⟩=3.0e-03, Len=sum([2.4, 2.4, 2.4, 2.5, 2.6])=12.3, ϰ=[8.2, 8.1, 8.8, 10.4, 10.6], ∫ϰ²/L>=[15.0, 14.6, 17.2, 19.1, 19.8], C-C-Sep=0.08, ║∇J║=2.1e-04
Iteration 1440/2000-----
currents: [100000.0, 99999.99998009688, 99999.99997339952, 99999.99997384808, 99999.99997384423]
J=1.2e-04, ⟨Jf⟩=1.1e-04, ⟨B·n⟩=3.0e-03, Len=sum([2.4, 2.4, 2.4, 2.5, 2.6])=12.3, ϰ=[8.2, 8.1, 8.8, 10.4, 10.6], ∫ϰ²/L>=[15.0, 14.6, 17.2, 19.1, 19.8], C-C-Sep=0.08, ║∇J║=1.5e-04
Iteration 1441/2000-----
currents: [100000.0, 99999.99998007347, 99999.99997336895, 99999.99997381843, 99999.99997381434]
J=1.2e-04, ⟨Jf⟩=1.1e-04, ⟨B·n⟩=3.0e-03, Len=sum([2.4, 2.4, 2.4, 2.5, 2.6])=12.3, ϰ=[8.2, 8.1, 8.8, 10.4, 10.6], ∫ϰ²/L>=[15.0, 14.6, 17.2, 19.1, 19.8], C-C-Sep=0.08, ║∇J║=1.6e-04
Iteration 1442/2000-----
currents: [100000.0, 99999.99998006775, 99999.9999733615, 99999.9999738112, 99999.99997380705]
J=1.2e-04, ⟨Jf⟩=1.1e-04, ⟨B·n⟩=3.0e-03, Len=sum([2.4, 2.4, 2.4, 2.5, 2.6])=12.3, ϰ=[8.2, 8.1, 8.8, 10.4, 10.6], ∫ϰ²/L>=[14.9, 14.6, 17.2, 19.1, 19.8], C-C-Sep=0.08, ║∇J║=2.1e-04
Iteration 1443/2000-----
currents: [100000.0, 99999.99998004886, 99999.99997333686, 99999.99997378727, 99999.99997378295]
J=1.2e-04, ⟨Jf⟩=1.1e-04, ⟨B·n⟩=3.0e-03, Len=sum([2.4, 2.4, 2.4, 2.5, 2.6])=12.3, ϰ=[8.2, 8.1, 8.8, 10.4, 10.6], ∫ϰ²/L>=[14.9, 14.6, 17.2, 19.1, 19.8], C-C-Sep=0.08, ║∇J║=1.7e-04
Iteration 1444/2000-----
currents: [100000.0, 99999.99997999528, 99999.99997326703, 99999.99997371946, 99999.99997371461]
J=1.2e-04, ⟨Jf⟩=1.1e-04, ⟨B·n⟩=3.0e-03, Len=sum([2.4, 2.4, 2.4, 2.5, 2.6])=12.3, ϰ=[8.2, 8.2, 8.8, 10.4, 10.6], ∫ϰ²/L>=[14.9, 14.6, 17.2, 19.1, 19.8], C-C-Sep=0.08, ║∇J║=2.1e-04
Iteration 1445/2000-----
currents: [100000.0, 99999.99997995894, 99999.99997321963, 99999.99997367345, 99999.99997366831]
J=1.2e-04, ⟨Jf⟩=1.1e-04, ⟨B·n⟩=3.0e-03, Len=sum([2.4, 2.4, 2.4, 2.5, 2.6])=12.3, ϰ=[8.2, 8.2, 8.8, 10.4, 10.6], ∫ϰ²/L>=[14.9, 14.6, 17.2, 19.1, 19.8], C-C-Sep=0.08, ║∇J║=2.3e-04
Iteration 1446/2000-----
currents: [100000.0, 99999.99997994548, 99999.99997320211, 99999.99997365645, 99999.99997365123]
J=1.2e-04, ⟨Jf⟩=1.1e-04, ⟨B·n⟩=3.0e-03, Len=sum([2.4, 2.4, 2.4, 2.5, 2.6])=12.3, ϰ=[8.2, 8.2, 8.8, 10.4, 10.6], ∫ϰ²/L>=[14.9, 14.6, 17.2, 19.1, 19.8], C-C-Sep=0.08, ║∇J║=1.8e-04
Iteration 1447/2000-----
currents: [100000.0, 99999.9999799295, 99999.99997318127, 99999.99997363624, 99999.99997363091]
J=1.2e-04, ⟨Jf⟩=1.1e-04, ⟨B·n⟩=3.0e-03, Len=sum([2.4, 2.4, 2.4, 2.5, 2.6])=12.3, ϰ=[8.2, 8.2, 8.8, 10.4, 10.6], ∫ϰ²/L>=[14.9, 14.6, 17.2, 19.1, 19.8], C-C-Sep=0.08, ║∇J║=2.0e-04
Iteration 1448/2000-----
currents: [100000.0, 99999.99997992352, 99999.9999731735, 99999.9999736287, 99999.99997362337]
J=1.2e-04, ⟨Jf⟩=1.1e-04, ⟨B·n⟩=3.0e-03, Len=sum([2.4, 2.4, 2.4, 2.5, 2.6])=12.3, ϰ=[8.2, 8.2, 8.8, 10.4, 10.6], ∫ϰ²/L>=[14.9, 14.6, 17.2, 19.1, 19.8], C-C-Sep=0.08, ║∇J║=1.7e-04
Iteration 1449/2000-----
currents: [100000.0, 99999.99997989835, 99999.99997314066, 99999.99997359683, 99999.99997359129]
J=1.2e-04, ⟨Jf⟩=1.1e-04, ⟨B·n⟩=3.0e-03, Len=sum([2.4, 2.4, 2.4, 2.5, 2.6])=12.3, ϰ=[8.2, 8.2, 8.8, 10.4, 10.5], ∫ϰ²/L>=[14.9, 14.6, 17.2, 19.1, 19.8], C-C-Sep=0.08, ║∇J║=1.8e-04
Iteration 1450/2000-----
currents: [100000.0, 99999.99997985669, 99999.9999730864, 99999.9999735442, 99999.99997353824]
J=1.2e-04, ⟨Jf⟩=1.1e-04, ⟨B·n⟩=3.0e-03, Len=sum([2.4, 2.4, 2.4, 2.5, 2.6])=12.3, ϰ=[8.2, 8.2, 8.8, 10.4, 10.5], ∫ϰ²/L>=[14.9, 14.6, 17.2, 19.1, 19.8], C-C-Sep=0.08, ║∇J║=1.8e-04
Iteration 1451/2000-----
currents: [100000.0, 99999.99997977474, 99999.99997297965, 99999.99997344069, 99999.99997343383]
J=1.2e-04, ⟨Jf⟩=1.1e-04, ⟨B·n⟩=3.0e-03, Len=sum([2.4, 2.4, 2.4, 2.5, 2.6])=12.3, ϰ=[8.2, 8.2, 8.8, 10.4, 10.5], ∫ϰ²/L>=[15.0, 14.6, 17.2, 19.1, 19.8], C-C-Sep=0.08, ║∇J║=2.6e-04
Iteration 1452/2000-----
currents: [100000.0, 99999.99997980602, 99999.99997302049, 99999.9999734804, 99999.99997347381]
J=1.2e-04, ⟨Jf⟩=1.1e-04, ⟨B·n⟩=3.0e-03, Len=sum([2.4, 2.4, 2.4, 2.5, 2.6])=12.3, ϰ=[8.2, 8.2, 8.8, 10.4, 10.5], ∫ϰ²/L>=[14.9, 14.6, 17.2, 19.1, 19.8], C-C-Sep=0.08, ║∇J║=2.7e-04
Iteration 1453/2000-----
currents: [100000.0, 99999.9999798214, 99999.99997304054, 99999.99997349986, 99999.99997349334]
J=1.2e-04, ⟨Jf⟩=1.1e-04, ⟨B·n⟩=3.0e-03, Len=sum([2.4, 2.4, 2.4, 2.5, 2.6])=12.3, ϰ=[8.2, 8.2, 8.8, 10.4, 10.5], ∫ϰ²/L>=[14.9, 14.6, 17.2, 19.1, 19.8], C-C-Sep=0.08, ║∇J║=2.6e-04
Iteration 1454/2000-----
currents: [100000.0, 99999.99997980164, 99999.99997301477, 99999.99997347487, 99999.99997346813]
J=1.2e-04, ⟨Jf⟩=1.1e-04, ⟨B·n⟩=3.0e-03, Len=sum([2.4, 2.4, 2.4, 2.5, 2.6])=12.3, ϰ=[8.2, 8.2, 8.8, 10.4, 10.5], ∫ϰ²/L>=[14.9, 14.6, 17.2, 19.1, 19.8], C-C-Sep=0.08, ║∇J║=1.3e-04
Iteration 1455/2000-----
currents: [100000.0, 99999.99997977157, 99999.9999729756, 99999.9999734369, 99999.99997342983]
J=1.2e-04, ⟨Jf⟩=1.1e-04, ⟨B·n⟩=3.0e-03, Len=sum([2.4, 2.4, 2.4, 2.5, 2.6])=12.3, ϰ=[8.2, 8.2, 8.8, 10.4, 10.5], ∫ϰ²/L>=[14.9, 14.6, 17.2, 19.1, 19.8], C-C-Sep=0.08, ║∇J║=1.3e-04
Iteration 1456/2000-----
currents: [100000.0, 99999.99997971172, 99999.99997289763, 99999.99997336131, 99999.9999733536]
J=1.2e-04, ⟨Jf⟩=1.1e-04, ⟨B·n⟩=3.0e-03, Len=sum([2.4, 2.4, 2.4, 2.5, 2.6])=12.3, ϰ=[8.2, 8.2, 8.8, 10.4, 10.5], ∫ϰ²/L>=[15.0, 14.6, 17.2, 19.1, 19.8], C-C-Sep=0.08, ║∇J║=2.0e-04
Iteration 1457/2000-----
currents: [100000.0, 99999.99997965399, 99999.99997282238, 99999.99997328845, 99999.99997328004]
J=1.2e-04, ⟨Jf⟩=1.1e-04, ⟨B·n⟩=3.0e-03, Len=sum([2.4, 2.4, 2.4, 2.5, 2.6])=12.3, ϰ=[8.3, 8.2, 8.8, 10.4, 10.5], ∫ϰ²/L>=[15.0, 14.6, 17.2, 19.1, 19.8], C-C-Sep=0.08, ║∇J║=2.2e-04
Iteration 1458/2000-----
currents: [100000.0, 99999.99997956437, 99999.99997270573, 99999.99997317538, 99999.99997316596]
J=1.2e-04, ⟨Jf⟩=1.1e-04, ⟨B·n⟩=3.0e-03, Len=sum([2.4, 2.4, 2.4, 2.5, 2.6])=12.3, ϰ=[8.3, 8.2, 8.8, 10.4, 10.5], ∫ϰ²/L>=[15.0, 14.6, 17.3, 19.1, 19.8], C-C-Sep=0.08, ║∇J║=2.5e-04
Iteration 1459/2000-----
currents: [100000.0, 99999.99997960446, 99999.99997275813, 99999.99997322618, 99999.99997321721]
J=1.2e-04, ⟨Jf⟩=1.1e-04, ⟨B·n⟩=3.0e-03, Len=sum([2.4, 2.4, 2.4, 2.5, 2.6])=12.3, ϰ=[8.3, 8.2, 8.8, 10.4, 10.5], ∫ϰ²/L>=[15.0, 14.6, 17.2, 19.1, 19.8], C-C-Sep=0.08, ║∇J║=2.8e-04
Iteration 1460/2000-----
currents: [100000.0, 99999.999979601, 99999.99997275363, 99999.99997322177, 99999.99997321283]
J=1.2e-04, ⟨Jf⟩=1.1e-04, ⟨B·n⟩=3.0e-03, Len=sum([2.4, 2.4, 2.4, 2.5, 2.6])=12.3, ϰ=[8.3, 8.2, 8.8, 10.4, 10.5], ∫ϰ²/L>=[15.0, 14.6, 17.2, 19.1, 19.8], C-C-Sep=0.08, ║∇J║=2.2e-04
Iteration 1461/2000-----
currents: [100000.0, 99999.99997957207, 99999.99997271597, 99999.99997318526, 99999.99997317595]
J=1.2e-04, ⟨Jf⟩=1.1e-04, ⟨B·n⟩=3.0e-03, Len=sum([2.4, 2.4, 2.4, 2.5, 2.6])=12.3, ϰ=[8.3, 8.2, 8.7, 10.4, 10.5], ∫ϰ²/L>=[15.0, 14.6, 17.2, 19.1, 19.8], C-C-Sep=0.08, ║∇J║=1.5e-04
Iteration 1462/2000-----
currents: [100000.0, 99999.999979522, 99999.99997265088, 99999.99997312218, 99999.99997311225]
J=1.2e-04, ⟨Jf⟩=1.1e-04, ⟨B·n⟩=3.0e-03, Len=sum([2.4, 2.4, 2.4, 2.5, 2.6])=12.3, ϰ=[8.3, 8.2, 8.7, 10.4, 10.5], ∫ϰ²/L>=[15.0, 14.6, 17.3, 19.1, 19.8], C-C-Sep=0.08, ║∇J║=1.8e-04
Iteration 1463/2000-----
currents: [100000.0, 99999.99997953082, 99999.99997266244, 99999.99997313338, 99999.99997312353]
J=1.2e-04, ⟨Jf⟩=1.1e-04, ⟨B·n⟩=3.0e-03, Len=sum([2.4, 2.4, 2.4, 2.5, 2.6])=12.3, ϰ=[8.3, 8.2, 8.7, 10.4, 10.5], ∫ϰ²/L>=[15.0, 14.6, 17.3, 19.1, 19.8], C-C-Sep=0.08, ║∇J║=1.6e-04
Iteration 1464/2000-----
currents: [100000.0, 99999.99997951838, 99999.99997264636, 99999.99997311784, 99999.99997310783]
J=1.2e-04, ⟨Jf⟩=1.1e-04, ⟨B·n⟩=3.0e-03, Len=sum([2.4, 2.4, 2.4, 2.5, 2.6])=12.3, ϰ=[8.3, 8.2, 8.7, 10.4, 10.5], ∫ϰ²/L>=[15.0, 14.6, 17.3, 19.1, 19.8], C-C-Sep=0.08, ║∇J║=2.2e-04
Iteration 1465/2000-----
currents: [100000.0, 99999.99997950486, 99999.99997262884, 99999.99997310092, 99999.99997309074]
J=1.2e-04, ⟨Jf⟩=1.1e-04, ⟨B·n⟩=3.0e-03, Len=sum([2.4, 2.4, 2.4, 2.5, 2.6])=12.3, ϰ=[8.3, 8.2, 8.7, 10.5, 10.5], ∫ϰ²/L>=[15.0, 14.6, 17.3, 19.1, 19.8], C-C-Sep=0.08, ║∇J║=1.9e-04
Iteration 1466/2000-----
currents: [100000.0, 99999.9999794816, 99999.99997259851, 99999.99997307156, 99999.99997306113]
J=1.2e-04, ⟨Jf⟩=1.1e-04, ⟨B·n⟩=3.0e-03, Len=sum([2.4, 2.4, 2.4, 2.5, 2.6])=12.3, ϰ=[8.3, 8.2, 8.7, 10.5, 10.5], ∫ϰ²/L>=[15.0, 14.6, 17.3, 19.1, 19.8], C-C-Sep=0.08, ║∇J║=2.1e-04
Iteration 1467/2000-----
currents: [100000.0, 99999.99997945724, 99999.99997256671, 99999.99997304076, 99999.99997303003]
J=1.2e-04, ⟨Jf⟩=1.1e-04, ⟨B·n⟩=3.0e-03, Len=sum([2.4, 2.4, 2.4, 2.5, 2.6])=12.3, ϰ=[8.3, 8.2, 8.8, 10.5, 10.5], ∫ϰ²/L>=[14.9, 14.6, 17.3, 19.1, 19.8], C-C-Sep=0.08, ║∇J║=2.1e-04
Iteration 1468/2000-----
currents: [100000.0, 99999.9999794119, 99999.9999725077, 99999.99997298358, 99999.9999729723]
J=1.2e-04, ⟨Jf⟩=1.1e-04, ⟨B·n⟩=3.0e-03, Len=sum([2.4, 2.4, 2.4, 2.5, 2.6])=12.3, ϰ=[8.3, 8.2, 8.8, 10.5, 10.5], ∫ϰ²/L>=[15.0, 14.6, 17.3, 19.1, 19.8], C-C-Sep=0.08, ║∇J║=2.1e-04
Iteration 1469/2000-----
currents: [100000.0, 99999.9999793766, 99999.99997246175, 99999.99997293905, 99999.99997292727]
J=1.2e-04, ⟨Jf⟩=1.1e-04, ⟨B·n⟩=3.0e-03, Len=sum([2.4, 2.4, 2.4, 2.5, 2.6])=12.3, ϰ=[8.3, 8.2, 8.8, 10.5, 10.5], ∫ϰ²/L>=[15.0, 14.6, 17.3, 19.1, 19.8], C-C-Sep=0.08, ║∇J║=1.9e-04
Iteration 1470/2000-----
currents: [100000.0, 99999.99997932086, 99999.9999723893, 99999.99997286878, 99999.99997285627]
J=1.2e-04, ⟨Jf⟩=1.1e-04, ⟨B·n⟩=3.0e-03, Len=sum([2.4, 2.4, 2.4, 2.5, 2.6])=12.3, ϰ=[8.3, 8.2, 8.8, 10.5, 10.5], ∫ϰ²/L>=[15.0, 14.6, 17.3, 19.1, 19.8], C-C-Sep=0.08, ║∇J║=2.4e-04
Iteration 1471/2000-----
currents: [100000.0, 99999.99997930492, 99999.99997236869, 99999.99997284885, 99999.99997283609]
J=1.2e-04, ⟨Jf⟩=1.1e-04, ⟨B·n⟩=3.0e-03, Len=sum([2.4, 2.4, 2.4, 2.5, 2.6])=12.3, ϰ=[8.3, 8.2, 8.8, 10.5, 10.5], ∫ϰ²/L>=[15.0, 14.6, 17.3, 19.1, 19.8], C-C-Sep=0.08, ║∇J║=2.1e-04
Iteration 1472/2000-----
currents: [100000.0, 99999.999979239, 99999.99997228307, 99999.99997276589, 99999.99997275235]
J=1.2e-04, ⟨Jf⟩=1.1e-04, ⟨B·n⟩=3.0e-03, Len=sum([2.4, 2.4, 2.4, 2.5, 2.6])=12.3, ϰ=[8.4, 8.1, 8.8, 10.5, 10.5], ∫ϰ²/L>=[15.0, 14.6, 17.3, 19.1, 19.8], C-C-Sep=0.08, ║∇J║=2.9e-04
Iteration 1473/2000-----
currents: [100000.0, 99999.99997927924, 99999.99997233551, 99999.99997281679, 99999.99997280374]
J=1.2e-04, ⟨Jf⟩=1.1e-04, ⟨B·n⟩=3.0e-03, Len=sum([2.4, 2.4, 2.4, 2.5, 2.6])=12.3, ϰ=[8.3, 8.1, 8.8, 10.5, 10.5], ∫ϰ²/L>=[15.0, 14.6, 17.3, 19.1, 19.8], C-C-Sep=0.08, ║∇J║=2.6e-04
Iteration 1474/2000-----
currents: [100000.0, 99999.99997925544, 99999.99997230453, 99999.99997278678, 99999.99997277337]
J=1.2e-04, ⟨Jf⟩=1.1e-04, ⟨B·n⟩=3.0e-03, Len=sum([2.4, 2.4, 2.4, 2.5, 2.6])=12.3, ϰ=[8.3, 8.1, 8.8, 10.5, 10.5], ∫ϰ²/L>=[15.0, 14.6, 17.3, 19.1, 19.8], C-C-Sep=0.08, ║∇J║=2.6e-04
Iteration 1475/2000-----
currents: [100000.0, 99999.99997925466, 99999.99997230349, 99999.99997278576, 99999.9999727723]
J=1.2e-04, ⟨Jf⟩=1.1e-04, ⟨B·n⟩=3.0e-03, Len=sum([2.4, 2.4, 2.4, 2.5, 2.6])=12.3, ϰ=[8.3, 8.2, 8.8, 10.5, 10.5], ∫ϰ²/L>=[15.0, 14.6, 17.3, 19.1, 19.8], C-C-Sep=0.08, ║∇J║=2.0e-04
Iteration 1476/2000-----
currents: [100000.0, 99999.9999792412, 99999.999972286, 99999.99997276887, 99999.99997275519]
J=1.2e-04, ⟨Jf⟩=1.1e-04, ⟨B·n⟩=3.0e-03, Len=sum([2.4, 2.4, 2.4, 2.5, 2.6])=12.3, ϰ=[8.3, 8.1, 8.9, 10.4, 10.5], ∫ϰ²/L>=[15.0, 14.6, 17.3, 19.1, 19.8], C-C-Sep=0.08, ║∇J║=1.9e-04
Iteration 1477/2000-----
currents: [100000.0, 99999.99997923295, 99999.99997227534, 99999.99997275861, 99999.9999727447]
J=1.2e-04, ⟨Jf⟩=1.1e-04, ⟨B·n⟩=3.0e-03, Len=sum([2.4, 2.4, 2.4, 2.5, 2.6])=12.3, ϰ=[8.3, 8.1, 8.9, 10.4, 10.5], ∫ϰ²/L>=[15.0, 14.6, 17.3, 19.1, 19.8], C-C-Sep=0.08, ║∇J║=1.9e-04
Iteration 1478/2000-----
currents: [100000.0, 99999.99997923271, 99999.99997227507, 99999.99997275844, 99999.99997274436]
J=1.2e-04, ⟨Jf⟩=1.1e-04, ⟨B·n⟩=3.0e-03, Len=sum([2.4, 2.4, 2.4, 2.5, 2.6])=12.3, ϰ=[8.3, 8.1, 8.9, 10.4, 10.5], ∫ϰ²/L>=[15.0, 14.6, 17.3, 19.1, 19.8], C-C-Sep=0.08, ║∇J║=1.9e-04
Iteration 1479/2000-----
currents: [100000.0, 99999.99997923306, 99999.99997227555, 99999.999972759, 99999.99997274483]
J=1.2e-04, ⟨Jf⟩=1.1e-04, ⟨B·n⟩=3.0e-03, Len=sum([2.4, 2.4, 2.4, 2.5, 2.6])=12.3, ϰ=[8.3, 8.1, 8.9, 10.4, 10.5], ∫ϰ²/L>=[15.0, 14.6, 17.3, 19.1, 19.8], C-C-Sep=0.08, ║∇J║=2.1e-04
Iteration 1480/2000-----
currents: [100000.0, 99999.99997923453, 99999.99997227744, 99999.99997276087, 99999.99997274663]
J=1.2e-04, ⟨Jf⟩=1.1e-04, ⟨B·n⟩=3.0e-03, Len=sum([2.4, 2.4, 2.4, 2.5, 2.6])=12.3, ϰ=[8.3, 8.1, 8.9, 10.4, 10.5], ∫ϰ²/L>=[15.0, 14.6, 17.3, 19.1, 19.8], C-C-Sep=0.08, ║∇J║=1.9e-04
Iteration 1481/2000-----
currents: [100000.0, 99999.99997922643, 99999.9999722669, 99999.99997275074, 99999.99997273636]
J=1.2e-04, ⟨Jf⟩=1.1e-04, ⟨B·n⟩=3.0e-03, Len=sum([2.4, 2.4, 2.4, 2.5, 2.6])=12.3, ϰ=[8.3, 8.1, 8.9, 10.4, 10.5], ∫ϰ²/L>=[15.0, 14.6, 17.3, 19.1, 19.8], C-C-Sep=0.08, ║∇J║=1.8e-04
Iteration 1482/2000-----
currents: [100000.0, 99999.99997921482, 99999.9999722519, 99999.9999727363, 99999.9999727218]
J=1.2e-04, ⟨Jf⟩=1.1e-04, ⟨B·n⟩=3.0e-03, Len=sum([2.4, 2.4, 2.4, 2.5, 2.6])=12.3, ϰ=[8.3, 8.1, 8.9, 10.4, 10.6], ∫ϰ²/L>=[15.0, 14.6, 17.3, 19.1, 19.8], C-C-Sep=0.08, ║∇J║=1.8e-04
Iteration 1483/2000-----
currents: [100000.0, 99999.99997919289, 99999.9999722235, 99999.99997270892, 99999.99997269409]
J=1.2e-04, ⟨Jf⟩=1.1e-04, ⟨B·n⟩=3.0e-03, Len=sum([2.4, 2.4, 2.4, 2.5, 2.6])=12.3, ϰ=[8.3, 8.1, 8.9, 10.4, 10.6], ∫ϰ²/L>=[15.0, 14.6, 17.3, 19.1, 19.8], C-C-Sep=0.08, ║∇J║=2.0e-04
Iteration 1484/2000-----
currents: [100000.0, 99999.99997915741, 99999.99997217755, 99999.99997266455, 99999.99997264918]
J=1.2e-04, ⟨Jf⟩=1.1e-04, ⟨B·n⟩=3.0e-03, Len=sum([2.4, 2.4, 2.4, 2.5, 2.6])=12.3, ϰ=[8.3, 8.1, 9.0, 10.4, 10.6], ∫ϰ²/L>=[15.0, 14.6, 17.3, 19.1, 19.8], C-C-Sep=0.08, ║∇J║=2.0e-04
Iteration 1485/2000-----
currents: [100000.0, 99999.99997908242, 99999.9999720804, 99999.99997257077, 99999.99997255421]
J=1.2e-04, ⟨Jf⟩=1.1e-04, ⟨B·n⟩=3.0e-03, Len=sum([2.4, 2.4, 2.4, 2.5, 2.6])=12.3, ϰ=[8.4, 8.1, 9.0, 10.3, 10.6], ∫ϰ²/L>=[15.0, 14.5, 17.3, 19.1, 19.8], C-C-Sep=0.08, ║∇J║=2.3e-04
Iteration 1486/2000-----
currents: [100000.0, 99999.99997902193, 99999.999972002, 99999.99997249503, 99999.99997247757]
J=1.2e-04, ⟨Jf⟩=1.1e-04, ⟨B·n⟩=3.0e-03, Len=sum([2.4, 2.4, 2.4, 2.5, 2.6])=12.3, ϰ=[8.4, 8.1, 9.0, 10.3, 10.6], ∫ϰ²/L>=[15.0, 14.5, 17.3, 19.1, 19.8], C-C-Sep=0.08, ║∇J║=2.4e-04
Iteration 1487/2000-----
currents: [100000.0, 99999.99997894555, 99999.99997190287, 99999.9999723993, 99999.99997238065]
J=1.2e-04, ⟨Jf⟩=1.1e-04, ⟨B·n⟩=3.0e-03, Len=sum([2.4, 2.4, 2.4, 2.5, 2.6])=12.3, ϰ=[8.4, 8.1, 9.0, 10.4, 10.6], ∫ϰ²/L>=[15.0, 14.5, 17.3, 19.0, 19.9], C-C-Sep=0.08, ║∇J║=2.7e-04
Iteration 1488/2000-----
currents: [100000.0, 99999.99997895128, 99999.99997191025, 99999.99997240654, 99999.9999723879]
J=1.2e-04, ⟨Jf⟩=1.1e-04, ⟨B·n⟩=3.0e-03, Len=sum([2.4, 2.4, 2.4, 2.5, 2.6])=12.3, ϰ=[8.4, 8.1, 9.0, 10.4, 10.6], ∫ϰ²/L>=[15.0, 14.5, 17.3, 19.0, 19.9], C-C-Sep=0.08, ║∇J║=3.6e-04
Iteration 1489/2000-----
currents: [100000.0, 99999.99997890007, 99999.99997184379, 99999.99997234228, 99999.99997232294]
J=1.2e-04, ⟨Jf⟩=1.1e-04, ⟨B·n⟩=3.0e-03, Len=sum([2.4, 2.4, 2.4, 2.5, 2.6])=12.3, ϰ=[8.4, 8.1, 9.0, 10.3, 10.6], ∫ϰ²/L>=[15.0, 14.5, 17.3, 19.0, 19.9], C-C-Sep=0.08, ║∇J║=2.5e-04
Iteration 1490/2000-----
currents: [100000.0, 99999.99997894315, 99999.99997189974, 99999.99997239631, 99999.99997237763]
J=1.2e-04, ⟨Jf⟩=1.1e-04, ⟨B·n⟩=3.0e-03, Len=sum([2.4, 2.4, 2.4, 2.5, 2.6])=12.3, ϰ=[8.4, 8.1, 9.0, 10.3, 10.6], ∫ϰ²/L>=[15.0, 14.5, 17.3, 19.0, 19.9], C-C-Sep=0.08, ║∇J║=3.0e-04
Iteration 1491/2000-----
currents: [100000.0, 99999.99997891816, 99999.99997186735, 99999.99997236504, 99999.99997234593]
J=1.2e-04, ⟨Jf⟩=1.1e-04, ⟨B·n⟩=3.0e-03, Len=sum([2.4, 2.4, 2.4, 2.5, 2.6])=12.3, ϰ=[8.4, 8.1, 9.0, 10.3, 10.6], ∫ϰ²/L>=[15.0, 14.5, 17.3, 19.0, 19.9], C-C-Sep=0.08, ║∇J║=1.4e-04
Iteration 1492/2000-----
currents: [100000.0, 99999.99997889264, 99999.99997183426, 99999.9999723331, 99999.99997231358]
J=1.2e-04, ⟨Jf⟩=1.1e-04, ⟨B·n⟩=3.0e-03, Len=sum([2.4, 2.4, 2.4, 2.5, 2.6])=12.3, ϰ=[8.4, 8.1, 9.0, 10.3, 10.6], ∫ϰ²/L>=[15.0, 14.5, 17.3, 19.0, 19.9], C-C-Sep=0.08, ║∇J║=1.3e-04
Iteration 1493/2000-----
currents: [100000.0, 99999.9999788917, 99999.99997183312, 99999.99997233202, 99999.99997231243]
J=1.2e-04, ⟨Jf⟩=1.1e-04, ⟨B·n⟩=3.0e-03, Len=sum([2.4, 2.4, 2.4, 2.5, 2.6])=12.3, ϰ=[8.4, 8.2, 9.0, 10.3, 10.6], ∫ϰ²/L>=[15.0, 14.5, 17.3, 19.0, 19.9], C-C-Sep=0.08, ║∇J║=1.7e-04
Iteration 1494/2000-----
currents: [100000.0, 99999.99997885732, 99999.99997178871, 99999.9999722891, 99999.99997226888]
J=1.2e-04, ⟨Jf⟩=1.1e-04, ⟨B·n⟩=3.0e-03, Len=sum([2.4, 2.4, 2.4, 2.5, 2.6])=12.3, ϰ=[8.4, 8.2, 9.0, 10.3, 10.6], ∫ϰ²/L>=[15.0, 14.5, 17.3, 19.1, 19.8], C-C-Sep=0.08, ║∇J║=2.0e-04
Iteration 1495/2000-----
currents: [100000.0, 99999.99997885151, 99999.99997178129, 99999.99997228192, 99999.99997226156]
J=1.2e-04, ⟨Jf⟩=1.1e-04, ⟨B·n⟩=3.0e-03, Len=sum([2.4, 2.4, 2.4, 2.5, 2.6])=12.3, ϰ=[8.4, 8.2, 9.0, 10.3, 10.6], ∫ϰ²/L>=[15.0, 14.5, 17.3, 19.1, 19.8], C-C-Sep=0.08, ║∇J║=2.8e-04
Iteration 1496/2000-----
currents: [100000.0, 99999.99997884894, 99999.99997177796, 99999.99997227867, 99999.99997225823]
J=1.2e-04, ⟨Jf⟩=1.1e-04, ⟨B·n⟩=3.0e-03, Len=sum([2.4, 2.4, 2.4, 2.5, 2.6])=12.3, ϰ=[8.4, 8.2, 9.0, 10.3, 10.6], ∫ϰ²/L>=[15.0, 14.5, 17.3, 19.1, 19.8], C-C-Sep=0.08, ║∇J║=1.8e-04
Iteration 1497/2000-----
currents: [100000.0, 99999.99997882434, 99999.99997174615, 99999.9999722479, 99999.99997222701]
J=1.2e-04, ⟨Jf⟩=1.1e-04, ⟨B·n⟩=3.0e-03, Len=sum([2.4, 2.4, 2.4, 2.5, 2.6])=12.3, ϰ=[8.4, 8.2, 9.0, 10.3, 10.6], ∫ϰ²/L>=[15.1, 14.5, 17.3, 19.1, 19.8], C-C-Sep=0.08, ║∇J║=2.0e-04
Iteration 1498/2000-----
currents: [100000.0, 99999.9999788094, 99999.99997172676, 99999.99997222914, 99999.99997220802]
J=1.2e-04, ⟨Jf⟩=1.1e-04, ⟨B·n⟩=3.0e-03, Len=sum([2.4, 2.4, 2.4, 2.5, 2.6])=12.3, ϰ=[8.4, 8.2, 9.0, 10.3, 10.6], ∫ϰ²/L>=[15.1, 14.5, 17.3, 19.1, 19.8], C-C-Sep=0.08, ║∇J║=1.9e-04
Iteration 1499/2000-----
currents: [100000.0, 99999.99997879374, 99999.99997170651, 99999.99997220958, 99999.99997218819]
J=1.2e-04, ⟨Jf⟩=1.1e-04, ⟨B·n⟩=3.0e-03, Len=sum([2.4, 2.4, 2.4, 2.5, 2.6])=12.3, ϰ=[8.4, 8.2, 9.0, 10.4, 10.6], ∫ϰ²/L>=[15.1, 14.5, 17.3, 19.1, 19.8], C-C-Sep=0.08, ║∇J║=1.4e-04
Iteration 1500/2000-----
currents: [100000.0, 99999.99997874702, 99999.99997164597, 99999.99997215116, 99999.99997212898]
J=1.2e-04, ⟨Jf⟩=1.1e-04, ⟨B·n⟩=3.0e-03, Len=sum([2.4, 2.4, 2.4, 2.5, 2.6])=12.3, ϰ=[8.4, 8.2, 9.0, 10.4, 10.6], ∫ϰ²/L>=[15.1, 14.4, 17.3, 19.1, 19.8], C-C-Sep=0.08, ║∇J║=1.7e-04
Iteration 1501/2000-----
currents: [100000.0, 99999.99997869793, 99999.99997158241, 99999.99997208982, 99999.99997206684]
J=1.2e-04, ⟨Jf⟩=1.1e-04, ⟨B·n⟩=3.0e-03, Len=sum([2.4, 2.4, 2.4, 2.5, 2.6])=12.3, ϰ=[8.4, 8.2, 9.0, 10.4, 10.6], ∫ϰ²/L>=[15.1, 14.4, 17.3, 19.1, 19.8], C-C-Sep=0.08, ║∇J║=2.4e-04
Iteration 1502/2000-----
currents: [100000.0, 99999.99997861667, 99999.99997147704, 99999.99997198813, 99999.99997196386]
J=1.2e-04, ⟨Jf⟩=1.1e-04, ⟨B·n⟩=3.0e-03, Len=sum([2.4, 2.4, 2.4, 2.5, 2.6])=12.3, ϰ=[8.5, 8.2, 9.0, 10.4, 10.6], ∫ϰ²/L>=[15.1, 14.4, 17.3, 19.1, 19.8], C-C-Sep=0.08, ║∇J║=2.5e-04
Iteration 1503/2000-----
currents: [100000.0, 99999.9999786388, 99999.9999715057, 99999.99997201585, 99999.99997199191]
J=1.2e-04, ⟨Jf⟩=1.1e-04, ⟨B·n⟩=3.0e-03, Len=sum([2.4, 2.4, 2.4, 2.5, 2.6])=12.3, ϰ=[8.4, 8.2, 9.0, 10.3, 10.6], ∫ϰ²/L>=[15.1, 14.4, 17.3, 19.1, 19.8], C-C-Sep=0.08, ║∇J║=3.1e-04
Iteration 1504/2000-----
currents: [100000.0, 99999.99997863159, 99999.99997149629, 99999.9999720067, 99999.9999719827]
J=1.2e-04, ⟨Jf⟩=1.1e-04, ⟨B·n⟩=3.0e-03, Len=sum([2.4, 2.4, 2.4, 2.5, 2.6])=12.3, ϰ=[8.4, 8.2, 9.0, 10.4, 10.6], ∫ϰ²/L>=[15.1, 14.4, 17.3, 19.1, 19.8], C-C-Sep=0.08, ║∇J║=2.1e-04
Iteration 1505/2000-----
currents: [100000.0, 99999.99997860324, 99999.99997145956, 99999.99997197124, 99999.99997194679]
J=1.2e-04, ⟨Jf⟩=1.1e-04, ⟨B·n⟩=3.0e-03, Len=sum([2.4, 2.4, 2.4, 2.5, 2.6])=12.3, ϰ=[8.5, 8.2, 9.0, 10.3, 10.6], ∫ϰ²/L>=[15.1, 14.4, 17.3, 19.0, 19.8], C-C-Sep=0.08, ║∇J║=1.6e-04
Iteration 1506/2000-----
currents: [100000.0, 99999.99997859783, 99999.99997145253, 99999.9999719644, 99999.99997193989]
J=1.2e-04, ⟨Jf⟩=1.1e-04, ⟨B·n⟩=3.0e-03, Len=sum([2.4, 2.4, 2.4, 2.5, 2.6])=12.3, ϰ=[8.4, 8.2, 9.0, 10.4, 10.6], ∫ϰ²/L>=[15.1, 14.4, 17.3, 19.0, 19.8], C-C-Sep=0.08, ║∇J║=1.6e-04
Iteration 1507/2000-----
currents: [100000.0, 99999.99997859787, 99999.99997145259, 99999.99997196438, 99999.99997193996]
J=1.2e-04, ⟨Jf⟩=1.1e-04, ⟨B·n⟩=3.0e-03, Len=sum([2.4, 2.4, 2.4, 2.5, 2.6])=12.3, ϰ=[8.4, 8.2, 9.0, 10.4, 10.6], ∫ϰ²/L>=[15.1, 14.5, 17.3, 19.0, 19.8], C-C-Sep=0.08, ║∇J║=1.7e-04
Iteration 1508/2000-----
currents: [100000.0, 99999.99997860081, 99999.99997145626, 99999.99997196789, 99999.99997194353]
J=1.2e-04, ⟨Jf⟩=1.1e-04, ⟨B·n⟩=3.0e-03, Len=sum([2.4, 2.4, 2.4, 2.5, 2.6])=12.3, ϰ=[8.4, 8.2, 9.0, 10.4, 10.6], ∫ϰ²/L>=[15.1, 14.5, 17.3, 19.0, 19.8], C-C-Sep=0.08, ║∇J║=2.0e-04
Iteration 1509/2000-----
currents: [100000.0, 99999.99997858655, 99999.99997143768, 99999.9999719499, 99999.99997192535]
J=1.2e-04, ⟨Jf⟩=1.1e-04, ⟨B·n⟩=3.0e-03, Len=sum([2.4, 2.4, 2.4, 2.5, 2.6])=12.3, ϰ=[8.4, 8.2, 9.0, 10.4, 10.6], ∫ϰ²/L>=[15.1, 14.5, 17.3, 19.0, 19.8], C-C-Sep=0.08, ║∇J║=1.7e-04
Iteration 1510/2000-----
currents: [100000.0, 99999.99997857149, 99999.99997141807, 99999.99997193097, 99999.9999719062]
J=1.2e-04, ⟨Jf⟩=1.1e-04, ⟨B·n⟩=3.0e-03, Len=sum([2.4, 2.4, 2.4, 2.5, 2.6])=12.3, ϰ=[8.4, 8.2, 9.0, 10.4, 10.6], ∫ϰ²/L>=[15.1, 14.5, 17.3, 19.0, 19.8], C-C-Sep=0.08, ║∇J║=1.7e-04
Iteration 1511/2000-----
currents: [100000.0, 99999.99997856254, 99999.99997140646, 99999.99997191978, 99999.9999718949]
J=1.2e-04, ⟨Jf⟩=1.1e-04, ⟨B·n⟩=3.0e-03, Len=sum([2.4, 2.4, 2.4, 2.5, 2.6])=12.3, ϰ=[8.4, 8.2, 9.0, 10.4, 10.6], ∫ϰ²/L>=[15.1, 14.5, 17.3, 19.1, 19.8], C-C-Sep=0.08, ║∇J║=1.9e-04
Iteration 1512/2000-----
currents: [100000.0, 99999.99997854303, 99999.99997138116, 99999.99997189532, 99999.99997187016]
J=1.2e-04, ⟨Jf⟩=1.1e-04, ⟨B·n⟩=3.0e-03, Len=sum([2.4, 2.4, 2.4, 2.5, 2.6])=12.3, ϰ=[8.4, 8.2, 9.0, 10.4, 10.6], ∫ϰ²/L>=[15.0, 14.5, 17.3, 19.1, 19.8], C-C-Sep=0.08, ║∇J║=1.8e-04
Iteration 1513/2000-----
currents: [100000.0, 99999.9999785063, 99999.99997133359, 99999.99997184941, 99999.99997182372]
J=1.2e-04, ⟨Jf⟩=1.1e-04, ⟨B·n⟩=3.0e-03, Len=sum([2.4, 2.4, 2.4, 2.5, 2.6])=12.3, ϰ=[8.4, 8.2, 9.0, 10.4, 10.6], ∫ϰ²/L>=[15.0, 14.5, 17.3, 19.1, 19.8], C-C-Sep=0.08, ║∇J║=1.9e-04
Iteration 1514/2000-----
currents: [100000.0, 99999.99997848993, 99999.99997131241, 99999.99997182893, 99999.99997180302]
J=1.2e-04, ⟨Jf⟩=1.1e-04, ⟨B·n⟩=3.0e-03, Len=sum([2.4, 2.4, 2.4, 2.5, 2.6])=12.3, ϰ=[8.4, 8.2, 9.0, 10.4, 10.6], ∫ϰ²/L>=[15.0, 14.5, 17.3, 19.1, 19.8], C-C-Sep=0.08, ║∇J║=1.6e-04
Iteration 1515/2000-----
currents: [100000.0, 99999.99997847213, 99999.9999712894, 99999.99997180671, 99999.99997178052]
J=1.2e-04, ⟨Jf⟩=1.1e-04, ⟨B·n⟩=3.0e-03, Len=sum([2.4, 2.4, 2.4, 2.5, 2.6])=12.3, ϰ=[8.4, 8.2, 9.0, 10.4, 10.6], ∫ϰ²/L>=[15.1, 14.5, 17.3, 19.0, 19.8], C-C-Sep=0.08, ║∇J║=1.6e-04
Iteration 1516/2000-----
currents: [100000.0, 99999.9999784499, 99999.99997126061, 99999.99997177892, 99999.99997175239]
J=1.2e-04, ⟨Jf⟩=1.1e-04, ⟨B·n⟩=3.0e-03, Len=sum([2.4, 2.4, 2.4, 2.5, 2.6])=12.3, ϰ=[8.4, 8.2, 9.0, 10.3, 10.6], ∫ϰ²/L>=[15.1, 14.5, 17.3, 19.0, 19.8], C-C-Sep=0.08, ║∇J║=1.6e-04
Iteration 1517/2000-----
currents: [100000.0, 99999.99997840259, 99999.99997119927, 99999.99997171972, 99999.9999716925]
J=1.2e-04, ⟨Jf⟩=1.1e-04, ⟨B·n⟩=3.0e-03, Len=sum([2.4, 2.4, 2.4, 2.5, 2.6])=12.3, ϰ=[8.4, 8.2, 9.0, 10.3, 10.5], ∫ϰ²/L>=[15.1, 14.5, 17.3, 19.0, 19.8], C-C-Sep=0.08, ║∇J║=1.7e-04
Iteration 1518/2000-----
currents: [100000.0, 99999.99997828143, 99999.99997104227, 99999.99997156816, 99999.9999715391]
J=1.2e-04, ⟨Jf⟩=1.1e-04, ⟨B·n⟩=3.0e-03, Len=sum([2.4, 2.4, 2.4, 2.5, 2.6])=12.3, ϰ=[8.4, 8.3, 9.0, 10.3, 10.5], ∫ϰ²/L>=[15.1, 14.5, 17.3, 19.0, 19.8], C-C-Sep=0.08, ║∇J║=3.1e-04
Iteration 1519/2000-----
currents: [100000.0, 99999.99997827364, 99999.99997103222, 99999.99997155856, 99999.99997152941]
J=1.2e-04, ⟨Jf⟩=1.1e-04, ⟨B·n⟩=3.0e-03, Len=sum([2.4, 2.4, 2.4, 2.5, 2.6])=12.3, ϰ=[8.4, 8.3, 9.0, 10.3, 10.5], ∫ϰ²/L>=[15.1, 14.5, 17.3, 19.0, 19.8], C-C-Sep=0.08, ║∇J║=3.0e-04
Iteration 1520/2000-----
currents: [100000.0, 99999.99997824468, 99999.9999709948, 99999.99997152243, 99999.99997149283]
J=1.2e-04, ⟨Jf⟩=1.1e-04, ⟨B·n⟩=3.0e-03, Len=sum([2.4, 2.4, 2.4, 2.5, 2.6])=12.3, ϰ=[8.4, 8.3, 9.0, 10.3, 10.5], ∫ϰ²/L>=[15.1, 14.5, 17.3, 19.0, 19.8], C-C-Sep=0.08, ║∇J║=2.4e-04
Iteration 1521/2000-----
currents: [100000.0, 99999.99997825777, 99999.9999710118, 99999.99997153883, 99999.99997150943]
J=1.2e-04, ⟨Jf⟩=1.1e-04, ⟨B·n⟩=3.0e-03, Len=sum([2.4, 2.4, 2.4, 2.5, 2.6])=12.3, ϰ=[8.4, 8.3, 9.0, 10.3, 10.5], ∫ϰ²/L>=[15.1, 14.5, 17.3, 19.0, 19.8], C-C-Sep=0.08, ║∇J║=2.3e-04
Iteration 1522/2000-----
currents: [100000.0, 99999.99997819077, 99999.9999709251, 99999.99997145514, 99999.99997142474]
J=1.2e-04, ⟨Jf⟩=1.1e-04, ⟨B·n⟩=3.0e-03, Len=sum([2.4, 2.4, 2.4, 2.5, 2.6])=12.3, ϰ=[8.4, 8.3, 9.0, 10.3, 10.5], ∫ϰ²/L>=[15.1, 14.5, 17.3, 19.0, 19.8], C-C-Sep=0.08, ║∇J║=2.2e-04
Iteration 1523/2000-----
currents: [100000.0, 99999.99997819442, 99999.99997092989, 99999.99997145974, 99999.99997142938]
J=1.2e-04, ⟨Jf⟩=1.1e-04, ⟨B·n⟩=3.0e-03, Len=sum([2.4, 2.4, 2.4, 2.5, 2.6])=12.3, ϰ=[8.4, 8.3, 9.0, 10.3, 10.5], ∫ϰ²/L>=[15.1, 14.5, 17.3, 19.0, 19.8], C-C-Sep=0.08, ║∇J║=2.2e-04
Iteration 1524/2000-----
currents: [100000.0, 99999.99997818025, 99999.9999709115, 99999.999971442, 99999.99997141142]
J=1.2e-04, ⟨Jf⟩=1.1e-04, ⟨B·n⟩=3.0e-03, Len=sum([2.4, 2.4, 2.4, 2.5, 2.6])=12.3, ϰ=[8.4, 8.3, 9.0, 10.3, 10.5], ∫ϰ²/L>=[15.1, 14.5, 17.3, 19.0, 19.8], C-C-Sep=0.08, ║∇J║=1.5e-04
Iteration 1525/2000-----
currents: [100000.0, 99999.9999781702, 99999.99997089851, 99999.99997142941, 99999.99997139873]
J=1.2e-04, ⟨Jf⟩=1.1e-04, ⟨B·n⟩=3.0e-03, Len=sum([2.4, 2.4, 2.4, 2.5, 2.6])=12.3, ϰ=[8.4, 8.3, 9.0, 10.3, 10.5], ∫ϰ²/L>=[15.1, 14.5, 17.3, 19.0, 19.8], C-C-Sep=0.08, ║∇J║=1.6e-04
Iteration 1526/2000-----
currents: [100000.0, 99999.9999781391, 99999.99997085828, 99999.99997139053, 99999.99997135943]
J=1.2e-04, ⟨Jf⟩=1.1e-04, ⟨B·n⟩=3.0e-03, Len=sum([2.4, 2.4, 2.4, 2.5, 2.6])=12.3, ϰ=[8.4, 8.3, 9.0, 10.3, 10.5], ∫ϰ²/L>=[15.1, 14.5, 17.3, 19.0, 19.8], C-C-Sep=0.08, ║∇J║=1.9e-04
Iteration 1527/2000-----
currents: [100000.0, 99999.99997812818, 99999.99997084425, 99999.99997137692, 99999.99997134572]
J=1.2e-04, ⟨Jf⟩=1.1e-04, ⟨B·n⟩=3.0e-03, Len=sum([2.4, 2.4, 2.4, 2.5, 2.6])=12.3, ϰ=[8.4, 8.3, 9.0, 10.3, 10.5], ∫ϰ²/L>=[15.1, 14.5, 17.3, 19.0, 19.8], C-C-Sep=0.08, ║∇J║=1.9e-04
Iteration 1528/2000-----
currents: [100000.0, 99999.99997811281, 99999.99997082443, 99999.99997135767, 99999.99997132632]
J=1.2e-04, ⟨Jf⟩=1.1e-04, ⟨B·n⟩=3.0e-03, Len=sum([2.4, 2.4, 2.4, 2.5, 2.6])=12.3, ϰ=[8.4, 8.3, 9.0, 10.3, 10.5], ∫ϰ²/L>=[15.1, 14.5, 17.3, 19.1, 19.8], C-C-Sep=0.08, ║∇J║=1.6e-04
Iteration 1529/2000-----
currents: [100000.0, 99999.99997810612, 99999.9999708158, 99999.99997134927, 99999.99997131791]
J=1.2e-04, ⟨Jf⟩=1.1e-04, ⟨B·n⟩=3.0e-03, Len=sum([2.4, 2.4, 2.4, 2.5, 2.6])=12.3, ϰ=[8.4, 8.3, 9.1, 10.4, 10.6], ∫ϰ²/L>=[15.1, 14.5, 17.3, 19.1, 19.8], C-C-Sep=0.08, ║∇J║=1.8e-04
Iteration 1530/2000-----
currents: [100000.0, 99999.999978097, 99999.99997080401, 99999.99997133778, 99999.99997130636]
J=1.2e-04, ⟨Jf⟩=1.1e-04, ⟨B·n⟩=3.0e-03, Len=sum([2.4, 2.4, 2.4, 2.5, 2.6])=12.3, ϰ=[8.4, 8.3, 9.1, 10.4, 10.6], ∫ϰ²/L>=[15.1, 14.5, 17.3, 19.1, 19.8], C-C-Sep=0.08, ║∇J║=1.7e-04
Iteration 1531/2000-----
currents: [100000.0, 99999.99997806767, 99999.99997076606, 99999.99997130105, 99999.9999712693]
J=1.2e-04, ⟨Jf⟩=1.1e-04, ⟨B·n⟩=3.0e-03, Len=sum([2.4, 2.4, 2.4, 2.5, 2.6])=12.3, ϰ=[8.3, 8.3, 9.1, 10.4, 10.6], ∫ϰ²/L>=[15.1, 14.5, 17.3, 19.1, 19.8], C-C-Sep=0.08, ║∇J║=1.8e-04
Iteration 1532/2000-----
currents: [100000.0, 99999.99997804107, 99999.99997073172, 99999.99997126784, 99999.9999712358]
J=1.2e-04, ⟨Jf⟩=1.1e-04, ⟨B·n⟩=3.0e-03, Len=sum([2.4, 2.4, 2.4, 2.5, 2.6])=12.3, ϰ=[8.3, 8.3, 9.0, 10.4, 10.6], ∫ϰ²/L>=[15.1, 14.5, 17.3, 19.1, 19.8], C-C-Sep=0.08, ║∇J║=1.8e-04
Iteration 1533/2000-----
currents: [100000.0, 99999.99997799375, 99999.99997067057, 99999.99997120882, 99999.99997117613]
J=1.2e-04, ⟨Jf⟩=1.1e-04, ⟨B·n⟩=3.0e-03, Len=sum([2.4, 2.4, 2.4, 2.5, 2.6])=12.3, ϰ=[8.3, 8.3, 9.0, 10.4, 10.6], ∫ϰ²/L>=[15.1, 14.5, 17.3, 19.1, 19.8], C-C-Sep=0.08, ║∇J║=1.9e-04
Iteration 1534/2000-----
currents: [100000.0, 99999.9999778197, 99999.99997044551, 99999.9999709915, 99999.9999709564]
J=1.2e-04, ⟨Jf⟩=1.1e-04, ⟨B·n⟩=3.0e-03, Len=sum([2.4, 2.4, 2.4, 2.5, 2.6])=12.3, ϰ=[8.3, 8.3, 9.0, 10.4, 10.6], ∫ϰ²/L>=[15.1, 14.5, 17.2, 19.1, 19.9], C-C-Sep=0.08, ║∇J║=4.1e-04
Iteration 1535/2000-----
currents: [100000.0, 99999.99997793483, 99999.99997059439, 99999.99997113526, 99999.99997110176]
J=1.2e-04, ⟨Jf⟩=1.1e-04, ⟨B·n⟩=3.0e-03, Len=sum([2.4, 2.4, 2.4, 2.5, 2.6])=12.3, ϰ=[8.3, 8.3, 9.0, 10.4, 10.6], ∫ϰ²/L>=[15.1, 14.5, 17.2, 19.1, 19.8], C-C-Sep=0.08, ║∇J║=2.1e-04
Iteration 1536/2000-----
currents: [100000.0, 99999.99997790808, 99999.99997056, 99999.99997110212, 99999.9999710682]
J=1.2e-04, ⟨Jf⟩=1.1e-04, ⟨B·n⟩=3.0e-03, Len=sum([2.4, 2.4, 2.4, 2.5, 2.6])=12.3, ϰ=[8.3, 8.3, 9.0, 10.4, 10.6], ∫ϰ²/L>=[15.0, 14.5, 17.2, 19.1, 19.8], C-C-Sep=0.08, ║∇J║=3.4e-04
Iteration 1537/2000-----
currents: [100000.0, 99999.99997790578, 99999.9999705569, 99999.99997109915, 99999.99997106516]
J=1.2e-04, ⟨Jf⟩=1.1e-04, ⟨B·n⟩=3.0e-03, Len=sum([2.4, 2.4, 2.4, 2.5, 2.6])=12.3, ϰ=[8.3, 8.3, 9.0, 10.4, 10.6], ∫ϰ²/L>=[15.0, 14.5, 17.2, 19.1, 19.8], C-C-Sep=0.08, ║∇J║=2.1e-04
Iteration 1538/2000-----
currents: [100000.0, 99999.99997789651, 99999.99997054486, 99999.99997108751, 99999.99997105334]
J=1.2e-04, ⟨Jf⟩=1.1e-04, ⟨B·n⟩=3.0e-03, Len=sum([2.4, 2.4, 2.4, 2.5, 2.6])=12.3, ϰ=[8.3, 8.2, 9.0, 10.4, 10.6], ∫ϰ²/L>=[15.1, 14.5, 17.2, 19.1, 19.8], C-C-Sep=0.08, ║∇J║=2.2e-04
Iteration 1539/2000-----
currents: [100000.0, 99999.99997789729, 99999.99997054586, 99999.9999710884, 99999.99997105428]
J=1.2e-04, ⟨Jf⟩=1.1e-04, ⟨B·n⟩=3.0e-03, Len=sum([2.4, 2.4, 2.4, 2.5, 2.6])=12.3, ϰ=[8.4, 8.2, 9.0, 10.5, 10.6], ∫ϰ²/L>=[15.0, 14.5, 17.3, 19.1, 19.8], C-C-Sep=0.08, ║∇J║=1.6e-04
Iteration 1540/2000-----
currents: [100000.0, 99999.99997787294, 99999.99997051443, 99999.99997105803, 99999.99997102362]
J=1.2e-04, ⟨Jf⟩=1.1e-04, ⟨B·n⟩=3.0e-03, Len=sum([2.4, 2.4, 2.4, 2.5, 2.6])=12.3, ϰ=[8.4, 8.2, 9.0, 10.5, 10.7], ∫ϰ²/L>=[15.0, 14.5, 17.3, 19.1, 19.8], C-C-Sep=0.08, ║∇J║=1.8e-04
Iteration 1541/2000-----
currents: [100000.0, 99999.9999778414, 99999.99997047367, 99999.99997101867, 99999.99997098384]
J=1.2e-04, ⟨Jf⟩=1.1e-04, ⟨B·n⟩=3.0e-03, Len=sum([2.4, 2.4, 2.4, 2.5, 2.6])=12.3, ϰ=[8.4, 8.2, 9.0, 10.5, 10.7], ∫ϰ²/L>=[15.0, 14.5, 17.3, 19.1, 19.8], C-C-Sep=0.08, ║∇J║=2.1e-04
Iteration 1542/2000-----
currents: [100000.0, 99999.9999778218, 99999.99997044832, 99999.99997099418, 99999.99997095916]
J=1.2e-04, ⟨Jf⟩=1.1e-04, ⟨B·n⟩=3.0e-03, Len=sum([2.4, 2.4, 2.4, 2.5, 2.6])=12.3, ϰ=[8.4, 8.2, 9.0, 10.5, 10.7], ∫ϰ²/L>=[15.0, 14.5, 17.3, 19.1, 19.8], C-C-Sep=0.08, ║∇J║=1.7e-04
Iteration 1543/2000-----
currents: [100000.0, 99999.99997778195, 99999.99997039676, 99999.99997094438, 99999.99997090889]
J=1.2e-04, ⟨Jf⟩=1.1e-04, ⟨B·n⟩=3.0e-03, Len=sum([2.4, 2.4, 2.4, 2.5, 2.6])=12.3, ϰ=[8.4, 8.2, 9.0, 10.5, 10.7], ∫ϰ²/L>=[15.0, 14.5, 17.2, 19.2, 19.8], C-C-Sep=0.08, ║∇J║=1.8e-04
Iteration 1544/2000-----
currents: [100000.0, 99999.99997771045, 99999.9999703043, 99999.9999708551, 99999.99997081871]
J=1.2e-04, ⟨Jf⟩=1.1e-04, ⟨B·n⟩=3.0e-03, Len=sum([2.4, 2.4, 2.4, 2.5, 2.6])=12.3, ϰ=[8.4, 8.2, 9.0, 10.5, 10.7], ∫ϰ²/L>=[15.0, 14.5, 17.2, 19.2, 19.8], C-C-Sep=0.08, ║∇J║=2.4e-04
Iteration 1545/2000-----
currents: [100000.0, 99999.99997765686, 99999.99997023492, 99999.99997078817, 99999.99997075106]
J=1.2e-04, ⟨Jf⟩=1.1e-04, ⟨B·n⟩=3.0e-03, Len=sum([2.4, 2.4, 2.4, 2.5, 2.6])=12.3, ϰ=[8.4, 8.2, 9.0, 10.5, 10.6], ∫ϰ²/L>=[15.0, 14.5, 17.2, 19.2, 19.8], C-C-Sep=0.08, ║∇J║=2.6e-04
Iteration 1546/2000-----
currents: [100000.0, 99999.99997760307, 99999.99997016539, 99999.99997072112, 99999.99997068326]
J=1.2e-04, ⟨Jf⟩=1.1e-04, ⟨B·n⟩=3.0e-03, Len=sum([2.4, 2.4, 2.4, 2.5, 2.6])=12.3, ϰ=[8.4, 8.2, 9.0, 10.5, 10.6], ∫ϰ²/L>=[15.0, 14.5, 17.2, 19.2, 19.8], C-C-Sep=0.08, ║∇J║=2.5e-04
Iteration 1547/2000-----
currents: [100000.0, 99999.9999776385, 99999.99997021124, 99999.99997076544, 99999.999970728]
J=1.2e-04, ⟨Jf⟩=1.1e-04, ⟨B·n⟩=3.0e-03, Len=sum([2.4, 2.4, 2.4, 2.5, 2.6])=12.3, ϰ=[8.4, 8.2, 9.0, 10.5, 10.6], ∫ϰ²/L>=[15.0, 14.5, 17.2, 19.2, 19.8], C-C-Sep=0.08, ║∇J║=2.8e-04
Iteration 1548/2000-----
currents: [100000.0, 99999.9999775416, 99999.9999700859, 99999.9999706444, 99999.99997060561]
J=1.2e-04, ⟨Jf⟩=1.1e-04, ⟨B·n⟩=3.0e-03, Len=sum([2.4, 2.4, 2.4, 2.5, 2.6])=12.3, ϰ=[8.4, 8.2, 9.0, 10.5, 10.7], ∫ϰ²/L>=[15.0, 14.5, 17.2, 19.2, 19.8], C-C-Sep=0.08, ║∇J║=3.4e-04
Iteration 1549/2000-----
currents: [100000.0, 99999.99997757225, 99999.99997012549, 99999.9999706827, 99999.99997064433]
J=1.2e-04, ⟨Jf⟩=1.1e-04, ⟨B·n⟩=3.0e-03, Len=sum([2.4, 2.4, 2.4, 2.5, 2.6])=12.3, ϰ=[8.4, 8.2, 9.0, 10.5, 10.6], ∫ϰ²/L>=[15.0, 14.5, 17.2, 19.2, 19.8], C-C-Sep=0.08, ║∇J║=3.4e-04
Iteration 1550/2000-----
currents: [100000.0, 99999.99997756985, 99999.99997012246, 99999.99997067983, 99999.99997064144]
J=1.2e-04, ⟨Jf⟩=1.1e-04, ⟨B·n⟩=3.0e-03, Len=sum([2.4, 2.4, 2.4, 2.5, 2.6])=12.3, ϰ=[8.4, 8.2, 9.0, 10.5, 10.6], ∫ϰ²/L>=[15.0, 14.5, 17.2, 19.2, 19.8], C-C-Sep=0.08, ║∇J║=2.0e-04
Iteration 1551/2000-----
currents: [100000.0, 99999.99997756438, 99999.99997011536, 99999.99997067296, 99999.9999706345]
J=1.2e-04, ⟨Jf⟩=1.1e-04, ⟨B·n⟩=3.0e-03, Len=sum([2.4, 2.4, 2.4, 2.5, 2.6])=12.3, ϰ=[8.4, 8.2, 9.0, 10.5, 10.6], ∫ϰ²/L>=[15.0, 14.5, 17.2, 19.2, 19.8], C-C-Sep=0.08, ║∇J║=1.6e-04
Iteration 1552/2000-----
currents: [100000.0, 99999.99997755718, 99999.99997010604, 99999.99997066398, 99999.99997062545]
J=1.2e-04, ⟨Jf⟩=1.1e-04, ⟨B·n⟩=3.0e-03, Len=sum([2.4, 2.4, 2.4, 2.5, 2.6])=12.3, ϰ=[8.4, 8.2, 9.0, 10.5, 10.6], ∫ϰ²/L>=[15.0, 14.4, 17.2, 19.2, 19.8], C-C-Sep=0.08, ║∇J║=1.3e-04
Iteration 1553/2000-----
currents: [100000.0, 99999.9999775361, 99999.99997007879, 99999.99997063771, 99999.99997059899]
J=1.2e-04, ⟨Jf⟩=1.1e-04, ⟨B·n⟩=3.0e-03, Len=sum([2.4, 2.4, 2.4, 2.5, 2.6])=12.3, ϰ=[8.5, 8.2, 9.0, 10.5, 10.6], ∫ϰ²/L>=[15.0, 14.4, 17.2, 19.2, 19.8], C-C-Sep=0.08, ║∇J║=1.5e-04
Iteration 1554/2000-----
currents: [100000.0, 99999.99997751362, 99999.99997004971, 99999.99997060969, 99999.99997057075]
J=1.2e-04, ⟨Jf⟩=1.1e-04, ⟨B·n⟩=3.0e-03, Len=sum([2.4, 2.4, 2.4, 2.5, 2.6])=12.3, ϰ=[8.5, 8.2, 9.0, 10.5, 10.6], ∫ϰ²/L>=[15.0, 14.4, 17.2, 19.2, 19.8], C-C-Sep=0.08, ║∇J║=2.3e-04
Iteration 1555/2000-----
currents: [100000.0, 99999.99997748206, 99999.99997000892, 99999.99997057031, 99999.99997053102]
J=1.2e-04, ⟨Jf⟩=1.1e-04, ⟨B·n⟩=3.0e-03, Len=sum([2.4, 2.4, 2.4, 2.5, 2.6])=12.3, ϰ=[8.5, 8.2, 9.0, 10.5, 10.6], ∫ϰ²/L>=[15.0, 14.4, 17.2, 19.2, 19.8], C-C-Sep=0.08, ║∇J║=1.7e-04
Iteration 1556/2000-----
currents: [100000.0, 99999.99997741113, 99999.99996991726, 99999.9999704818, 99999.9999704417]
J=1.2e-04, ⟨Jf⟩=1.1e-04, ⟨B·n⟩=3.0e-03, Len=sum([2.4, 2.4, 2.4, 2.5, 2.6])=12.3, ϰ=[8.5, 8.2, 9.0, 10.5, 10.6], ∫ϰ²/L>=[15.0, 14.4, 17.2, 19.2, 19.8], C-C-Sep=0.08, ║∇J║=2.1e-04
Iteration 1557/2000-----
currents: [100000.0, 99999.99997741522, 99999.99996992259, 99999.9999704869, 99999.99997044686]
J=1.2e-04, ⟨Jf⟩=1.1e-04, ⟨B·n⟩=3.0e-03, Len=sum([2.4, 2.4, 2.4, 2.5, 2.6])=12.3, ϰ=[8.5, 8.2, 9.0, 10.5, 10.6], ∫ϰ²/L>=[15.0, 14.4, 17.2, 19.2, 19.8], C-C-Sep=0.08, ║∇J║=2.1e-04
Iteration 1558/2000-----
currents: [100000.0, 99999.99997739802, 99999.99996990043, 99999.99997046548, 99999.99997042517]
J=1.2e-04, ⟨Jf⟩=1.1e-04, ⟨B·n⟩=3.0e-03, Len=sum([2.4, 2.4, 2.4, 2.5, 2.6])=12.3, ϰ=[8.5, 8.2, 9.0, 10.5, 10.6], ∫ϰ²/L>=[15.0, 14.4, 17.2, 19.2, 19.8], C-C-Sep=0.08, ║∇J║=1.8e-04
Iteration 1559/2000-----
currents: [100000.0, 99999.99997736505, 99999.9999698578, 99999.99997042435, 99999.99997038365]
J=1.2e-04, ⟨Jf⟩=1.1e-04, ⟨B·n⟩=3.0e-03, Len=sum([2.4, 2.4, 2.4, 2.5, 2.6])=12.3, ϰ=[8.5, 8.2, 8.9, 10.5, 10.6], ∫ϰ²/L>=[15.0, 14.4, 17.2, 19.2, 19.8], C-C-Sep=0.08, ║∇J║=2.0e-04
Iteration 1560/2000-----
currents: [100000.0, 99999.99997731653, 99999.9999697952, 99999.99997036392, 99999.99997032256]
J=1.2e-04, ⟨Jf⟩=1.1e-04, ⟨B·n⟩=3.0e-03, Len=sum([2.4, 2.4, 2.4, 2.5, 2.6])=12.3, ϰ=[8.5, 8.2, 8.9, 10.5, 10.6], ∫ϰ²/L>=[15.0, 14.4, 17.2, 19.2, 19.8], C-C-Sep=0.08, ║∇J║=2.0e-04
Iteration 1561/2000-----
currents: [100000.0, 99999.9999772818, 99999.99996975034, 99999.9999703207, 99999.99997027886]
J=1.2e-04, ⟨Jf⟩=1.1e-04, ⟨B·n⟩=3.0e-03, Len=sum([2.4, 2.4, 2.4, 2.5, 2.6])=12.3, ϰ=[8.5, 8.2, 8.9, 10.5, 10.6], ∫ϰ²/L>=[15.0, 14.4, 17.2, 19.2, 19.8], C-C-Sep=0.08, ║∇J║=2.0e-04
Iteration 1562/2000-----
currents: [100000.0, 99999.9999772333, 99999.99996968776, 99999.99997026035, 99999.99997021786]
J=1.2e-04, ⟨Jf⟩=1.1e-04, ⟨B·n⟩=3.0e-03, Len=sum([2.4, 2.4, 2.4, 2.5, 2.6])=12.3, ϰ=[8.5, 8.2, 8.9, 10.5, 10.5], ∫ϰ²/L>=[15.0, 14.4, 17.2, 19.2, 19.7], C-C-Sep=0.08, ║∇J║=1.9e-04
Iteration 1563/2000-----
currents: [100000.0, 99999.99997725352, 99999.99996971397, 99999.99997028566, 99999.99997024339]
J=1.2e-04, ⟨Jf⟩=1.1e-04, ⟨B·n⟩=3.0e-03, Len=sum([2.4, 2.4, 2.4, 2.5, 2.6])=12.3, ϰ=[8.5, 8.2, 8.9, 10.5, 10.5], ∫ϰ²/L>=[15.0, 14.4, 17.2, 19.2, 19.8], C-C-Sep=0.08, ║∇J║=1.7e-04
Iteration 1564/2000-----
currents: [100000.0, 99999.9999772251, 99999.99996967726, 99999.99997025025, 99999.9999702076]
J=1.2e-04, ⟨Jf⟩=1.1e-04, ⟨B·n⟩=3.0e-03, Len=sum([2.4, 2.4, 2.4, 2.5, 2.6])=12.3, ϰ=[8.5, 8.2, 8.9, 10.5, 10.5], ∫ϰ²/L>=[15.0, 14.4, 17.2, 19.2, 19.8], C-C-Sep=0.08, ║∇J║=1.9e-04
Iteration 1565/2000-----
currents: [100000.0, 99999.99997721221, 99999.99996966064, 99999.99997023414, 99999.99997019133]
J=1.2e-04, ⟨Jf⟩=1.1e-04, ⟨B·n⟩=3.0e-03, Len=sum([2.4, 2.4, 2.4, 2.5, 2.6])=12.3, ϰ=[8.5, 8.2, 8.9, 10.5, 10.5], ∫ϰ²/L>=[15.0, 14.4, 17.2, 19.2, 19.8], C-C-Sep=0.08, ║∇J║=1.7e-04
Iteration 1566/2000-----
currents: [100000.0, 99999.9999771995, 99999.99996964424, 99999.99997021825, 99999.99997017528]
J=1.2e-04, ⟨Jf⟩=1.1e-04, ⟨B·n⟩=3.0e-03, Len=sum([2.4, 2.4, 2.4, 2.5, 2.6])=12.3, ϰ=[8.5, 8.2, 8.9, 10.5, 10.5], ∫ϰ²/L>=[15.0, 14.4, 17.2, 19.2, 19.7], C-C-Sep=0.08, ║∇J║=1.8e-04
Iteration 1567/2000-----
currents: [100000.0, 99999.99997718797, 99999.99996962934, 99999.99997020376, 99999.9999701607]
J=1.2e-04, ⟨Jf⟩=1.1e-04, ⟨B·n⟩=3.0e-03, Len=sum([2.4, 2.4, 2.4, 2.5, 2.6])=12.3, ϰ=[8.4, 8.2, 8.9, 10.5, 10.5], ∫ϰ²/L>=[15.0, 14.4, 17.2, 19.2, 19.7], C-C-Sep=0.08, ║∇J║=1.7e-04
Iteration 1568/2000-----
currents: [100000.0, 99999.99997718428, 99999.99996962461, 99999.99997019909, 99999.99997015602]
J=1.2e-04, ⟨Jf⟩=1.1e-04, ⟨B·n⟩=3.0e-03, Len=sum([2.4, 2.4, 2.4, 2.5, 2.6])=12.3, ϰ=[8.4, 8.2, 8.9, 10.5, 10.5], ∫ϰ²/L>=[15.0, 14.4, 17.2, 19.2, 19.7], C-C-Sep=0.08, ║∇J║=1.8e-04
Iteration 1569/2000-----
currents: [100000.0, 99999.99997717858, 99999.99996961725, 99999.99997019189, 99999.99997014886]
J=1.2e-04, ⟨Jf⟩=1.1e-04, ⟨B·n⟩=3.0e-03, Len=sum([2.4, 2.4, 2.4, 2.5, 2.6])=12.3, ϰ=[8.4, 8.1, 8.9, 10.5, 10.5], ∫ϰ²/L>=[15.0, 14.4, 17.2, 19.2, 19.7], C-C-Sep=0.08, ║∇J║=1.9e-04
Iteration 1570/2000-----
currents: [100000.0, 99999.99997717344, 99999.99996961064, 99999.99997018548, 99999.99997014248]
J=1.2e-04, ⟨Jf⟩=1.1e-04, ⟨B·n⟩=3.0e-03, Len=sum([2.4, 2.4, 2.4, 2.5, 2.6])=12.3, ϰ=[8.4, 8.1, 8.9, 10.5, 10.5], ∫ϰ²/L>=[15.0, 14.4, 17.2, 19.2, 19.7], C-C-Sep=0.08, ║∇J║=1.6e-04
Iteration 1571/2000-----
currents: [100000.0, 99999.9999771608, 99999.99996959436, 99999.99997016977, 99999.99997012662]
J=1.2e-04, ⟨Jf⟩=1.1e-04, ⟨B·n⟩=3.0e-03, Len=sum([2.4, 2.4, 2.4, 2.5, 2.6])=12.3, ϰ=[8.4, 8.2, 8.9, 10.5, 10.5], ∫ϰ²/L>=[15.0, 14.4, 17.2, 19.2, 19.7], C-C-Sep=0.08, ║∇J║=1.7e-04
Iteration 1572/2000-----
currents: [100000.0, 99999.99997713632, 99999.99996956282, 99999.99997013931, 99999.99997009592]
J=1.2e-04, ⟨Jf⟩=1.1e-04, ⟨B·n⟩=3.0e-03, Len=sum([2.4, 2.4, 2.4, 2.5, 2.6])=12.3, ϰ=[8.3, 8.1, 8.9, 10.5, 10.5], ∫ϰ²/L>=[14.9, 14.4, 17.2, 19.2, 19.7], C-C-Sep=0.08, ║∇J║=1.6e-04
Iteration 1573/2000-----
currents: [100000.0, 99999.99997707788, 99999.99996948744, 99999.99997006652, 99999.99997002244]
J=1.2e-04, ⟨Jf⟩=1.1e-04, ⟨B·n⟩=3.0e-03, Len=sum([2.4, 2.4, 2.4, 2.5, 2.6])=12.3, ϰ=[8.3, 8.2, 8.9, 10.5, 10.5], ∫ϰ²/L>=[14.9, 14.4, 17.2, 19.2, 19.7], C-C-Sep=0.08, ║∇J║=1.9e-04
Iteration 1574/2000-----
currents: [100000.0, 99999.99997700941, 99999.9999693991, 99999.9999699812, 99999.99996993631]
J=1.2e-04, ⟨Jf⟩=1.1e-04, ⟨B·n⟩=3.0e-03, Len=sum([2.4, 2.4, 2.4, 2.5, 2.6])=12.3, ϰ=[8.3, 8.1, 8.8, 10.5, 10.5], ∫ϰ²/L>=[14.9, 14.4, 17.2, 19.3, 19.7], C-C-Sep=0.08, ║∇J║=2.2e-04
Iteration 1575/2000-----
currents: [100000.0, 99999.9999769826, 99999.99996936448, 99999.99996994788, 99999.99996990255]
J=1.2e-04, ⟨Jf⟩=1.1e-04, ⟨B·n⟩=3.0e-03, Len=sum([2.4, 2.4, 2.4, 2.5, 2.6])=12.3, ϰ=[8.3, 8.1, 8.8, 10.6, 10.5], ∫ϰ²/L>=[14.9, 14.4, 17.2, 19.3, 19.7], C-C-Sep=0.08, ║∇J║=2.0e-04
Iteration 1576/2000-----
currents: [100000.0, 99999.99997694688, 99999.9999693184, 99999.99996990342, 99999.9999698576]
J=1.2e-04, ⟨Jf⟩=1.1e-04, ⟨B·n⟩=3.0e-03, Len=sum([2.4, 2.4, 2.4, 2.5, 2.6])=12.3, ϰ=[8.3, 8.1, 8.8, 10.6, 10.5], ∫ϰ²/L>=[14.9, 14.4, 17.2, 19.3, 19.7], C-C-Sep=0.08, ║∇J║=2.1e-04
Iteration 1577/2000-----
currents: [100000.0, 99999.99997690188, 99999.99996926035, 99999.99996984747, 99999.999969801]
J=1.2e-04, ⟨Jf⟩=1.1e-04, ⟨B·n⟩=3.0e-03, Len=sum([2.4, 2.4, 2.4, 2.5, 2.6])=12.3, ϰ=[8.3, 8.1, 8.8, 10.5, 10.5], ∫ϰ²/L>=[14.9, 14.4, 17.2, 19.3, 19.7], C-C-Sep=0.08, ║∇J║=2.1e-04
Iteration 1578/2000-----
currents: [100000.0, 99999.99997678761, 99999.99996911299, 99999.9999697054, 99999.99996965734]
J=1.2e-04, ⟨Jf⟩=1.1e-04, ⟨B·n⟩=3.0e-03, Len=sum([2.4, 2.4, 2.4, 2.5, 2.6])=12.3, ϰ=[8.3, 8.1, 8.8, 10.5, 10.5], ∫ϰ²/L>=[14.9, 14.4, 17.2, 19.3, 19.7], C-C-Sep=0.08, ║∇J║=2.9e-04
Iteration 1579/2000-----
currents: [100000.0, 99999.99997684684, 99999.99996918936, 99999.99996977903, 99999.9999697318]
J=1.2e-04, ⟨Jf⟩=1.1e-04, ⟨B·n⟩=3.0e-03, Len=sum([2.4, 2.4, 2.4, 2.5, 2.6])=12.3, ϰ=[8.3, 8.1, 8.8, 10.5, 10.5], ∫ϰ²/L>=[14.9, 14.4, 17.2, 19.3, 19.7], C-C-Sep=0.08, ║∇J║=2.2e-04
Iteration 1580/2000-----
currents: [100000.0, 99999.99997678724, 99999.99996911264, 99999.99996970521, 99999.99996965704]
J=1.2e-04, ⟨Jf⟩=1.1e-04, ⟨B·n⟩=3.0e-03, Len=sum([2.4, 2.4, 2.4, 2.5, 2.6])=12.3, ϰ=[8.3, 8.1, 8.9, 10.5, 10.5], ∫ϰ²/L>=[14.9, 14.4, 17.2, 19.3, 19.7], C-C-Sep=0.08, ║∇J║=4.0e-04
Iteration 1581/2000-----
currents: [100000.0, 99999.99997681672, 99999.9999691506, 99999.99996974174, 99999.99996969402]
J=1.2e-04, ⟨Jf⟩=1.1e-04, ⟨B·n⟩=3.0e-03, Len=sum([2.4, 2.4, 2.4, 2.5, 2.6])=12.3, ϰ=[8.3, 8.1, 8.8, 10.5, 10.5], ∫ϰ²/L>=[14.9, 14.4, 17.2, 19.3, 19.7], C-C-Sep=0.08, ║∇J║=2.6e-04
Iteration 1582/2000-----
currents: [100000.0, 99999.99997681384, 99999.99996914699, 99999.99996973826, 99999.99996969046]
J=1.2e-04, ⟨Jf⟩=1.1e-04, ⟨B·n⟩=3.0e-03, Len=sum([2.4, 2.4, 2.4, 2.5, 2.6])=12.3, ϰ=[8.3, 8.1, 8.9, 10.5, 10.5], ∫ϰ²/L>=[14.9, 14.4, 17.2, 19.3, 19.7], C-C-Sep=0.08, ║∇J║=2.1e-04
Iteration 1583/2000-----
currents: [100000.0, 99999.99997675388, 99999.99996906969, 99999.99996966365, 99999.99996961505]
J=1.2e-04, ⟨Jf⟩=1.1e-04, ⟨B·n⟩=3.0e-03, Len=sum([2.4, 2.4, 2.4, 2.5, 2.6])=12.3, ϰ=[8.3, 8.1, 8.9, 10.5, 10.5], ∫ϰ²/L>=[14.9, 14.4, 17.2, 19.3, 19.7], C-C-Sep=0.08, ║∇J║=2.7e-04
Iteration 1584/2000-----
currents: [100000.0, 99999.99997678776, 99999.99996911349, 99999.99996970594, 99999.99996965783]
J=1.2e-04, ⟨Jf⟩=1.1e-04, ⟨B·n⟩=3.0e-03, Len=sum([2.4, 2.4, 2.4, 2.5, 2.6])=12.3, ϰ=[8.3, 8.1, 8.9, 10.5, 10.5], ∫ϰ²/L>=[14.9, 14.4, 17.2, 19.3, 19.7], C-C-Sep=0.08, ║∇J║=3.2e-04
Iteration 1585/2000-----
currents: [100000.0, 99999.99997677465, 99999.99996909656, 99999.99996968958, 99999.99996964129]
J=1.2e-04, ⟨Jf⟩=1.1e-04, ⟨B·n⟩=3.0e-03, Len=sum([2.4, 2.4, 2.4, 2.5, 2.6])=12.3, ϰ=[8.3, 8.1, 8.9, 10.5, 10.5], ∫ϰ²/L>=[14.9, 14.4, 17.2, 19.3, 19.7], C-C-Sep=0.08, ║∇J║=2.4e-04
Iteration 1586/2000-----
currents: [100000.0, 99999.99997676969, 99999.99996909013, 99999.99996968341, 99999.99996963497]
J=1.2e-04, ⟨Jf⟩=1.1e-04, ⟨B·n⟩=3.0e-03, Len=sum([2.4, 2.4, 2.4, 2.5, 2.6])=12.3, ϰ=[8.3, 8.1, 8.9, 10.5, 10.5], ∫ϰ²/L>=[14.9, 14.4, 17.2, 19.3, 19.7], C-C-Sep=0.08, ║∇J║=1.5e-04
Iteration 1587/2000-----
currents: [100000.0, 99999.99997675528, 99999.9999690716, 99999.99996966554, 99999.99996961691]
J=1.2e-04, ⟨Jf⟩=1.1e-04, ⟨B·n⟩=3.0e-03, Len=sum([2.4, 2.4, 2.4, 2.5, 2.6])=12.3, ϰ=[8.3, 8.1, 8.9, 10.5, 10.5], ∫ϰ²/L>=[14.9, 14.4, 17.2, 19.3, 19.7], C-C-Sep=0.08, ║∇J║=1.3e-04
Iteration 1588/2000-----
currents: [100000.0, 99999.999976736, 99999.99996904684, 99999.99996964168, 99999.99996959278]
J=1.2e-04, ⟨Jf⟩=1.1e-04, ⟨B·n⟩=3.0e-03, Len=sum([2.4, 2.4, 2.4, 2.5, 2.6])=12.3, ϰ=[8.4, 8.1, 8.9, 10.5, 10.6], ∫ϰ²/L>=[14.9, 14.4, 17.2, 19.2, 19.7], C-C-Sep=0.08, ║∇J║=1.6e-04
Iteration 1589/2000-----
currents: [100000.0, 99999.99997670951, 99999.99996901283, 99999.99996960883, 99999.99996955963]
J=1.2e-04, ⟨Jf⟩=1.1e-04, ⟨B·n⟩=3.0e-03, Len=sum([2.4, 2.4, 2.4, 2.5, 2.6])=12.3, ϰ=[8.4, 8.1, 8.9, 10.5, 10.6], ∫ϰ²/L>=[14.9, 14.3, 17.3, 19.2, 19.7], C-C-Sep=0.08, ║∇J║=2.3e-04
Iteration 1590/2000-----
currents: [100000.0, 99999.99997667779, 99999.99996897201, 99999.99996956946, 99999.99996951991]
J=1.2e-04, ⟨Jf⟩=1.1e-04, ⟨B·n⟩=3.0e-03, Len=sum([2.4, 2.4, 2.4, 2.5, 2.6])=12.3, ϰ=[8.4, 8.1, 8.9, 10.5, 10.6], ∫ϰ²/L>=[14.9, 14.3, 17.3, 19.2, 19.7], C-C-Sep=0.08, ║∇J║=1.7e-04
Iteration 1591/2000-----
currents: [100000.0, 99999.99997660241, 99999.99996887495, 99999.99996947576, 99999.99996942532]
J=1.2e-04, ⟨Jf⟩=1.1e-04, ⟨B·n⟩=3.0e-03, Len=sum([2.4, 2.4, 2.4, 2.5, 2.6])=12.3, ϰ=[8.4, 8.1, 8.9, 10.5, 10.6], ∫ϰ²/L>=[14.9, 14.3, 17.3, 19.3, 19.7], C-C-Sep=0.08, ║∇J║=2.1e-04
Iteration 1592/2000-----
currents: [100000.0, 99999.99997656152, 99999.99996882225, 99999.99996942487, 99999.99996937397]
J=1.2e-04, ⟨Jf⟩=1.1e-04, ⟨B·n⟩=3.0e-03, Len=sum([2.4, 2.4, 2.4, 2.5, 2.6])=12.3, ϰ=[8.4, 8.1, 8.9, 10.4, 10.6], ∫ϰ²/L>=[14.9, 14.3, 17.3, 19.3, 19.7], C-C-Sep=0.08, ║∇J║=2.4e-04
Iteration 1593/2000-----
currents: [100000.0, 99999.99997650112, 99999.9999687444, 99999.99996934977, 99999.99996929815]
J=1.2e-04, ⟨Jf⟩=1.1e-04, ⟨B·n⟩=3.0e-03, Len=sum([2.4, 2.4, 2.4, 2.5, 2.6])=12.3, ϰ=[8.4, 8.1, 8.9, 10.4, 10.6], ∫ϰ²/L>=[14.9, 14.3, 17.2, 19.3, 19.7], C-C-Sep=0.08, ║∇J║=2.1e-04
Iteration 1594/2000-----
currents: [100000.0, 99999.99997624129, 99999.9999684095, 99999.99996902657, 99999.99996897177]
J=1.2e-04, ⟨Jf⟩=1.1e-04, ⟨B·n⟩=3.0e-03, Len=sum([2.4, 2.4, 2.4, 2.5, 2.6])=12.3, ϰ=[8.4, 8.1, 8.8, 10.4, 10.6], ∫ϰ²/L>=[14.9, 14.3, 17.2, 19.3, 19.7], C-C-Sep=0.08, ║∇J║=5.6e-04
Iteration 1595/2000-----
currents: [100000.0, 99999.99997643281, 99999.99996865635, 99999.9999692648, 99999.99996921234]
J=1.2e-04, ⟨Jf⟩=1.1e-04, ⟨B·n⟩=3.0e-03, Len=sum([2.4, 2.4, 2.4, 2.5, 2.6])=12.3, ϰ=[8.4, 8.1, 8.8, 10.4, 10.6], ∫ϰ²/L>=[14.9, 14.3, 17.2, 19.3, 19.7], C-C-Sep=0.08, ║∇J║=2.4e-04
Iteration 1596/2000-----
currents: [100000.0, 99999.999976415, 99999.99996863345, 99999.99996924266, 99999.99996918994]
J=1.2e-04, ⟨Jf⟩=1.1e-04, ⟨B·n⟩=3.0e-03, Len=sum([2.4, 2.4, 2.4, 2.5, 2.6])=12.3, ϰ=[8.4, 8.1, 8.8, 10.4, 10.6], ∫ϰ²/L>=[14.9, 14.3, 17.2, 19.3, 19.7], C-C-Sep=0.08, ║∇J║=4.5e-04
Iteration 1597/2000-----
currents: [100000.0, 99999.99997638771, 99999.9999685983, 99999.99996920877, 99999.99996915569]
J=1.2e-04, ⟨Jf⟩=1.1e-04, ⟨B·n⟩=3.0e-03, Len=sum([2.4, 2.4, 2.4, 2.5, 2.6])=12.3, ϰ=[8.4, 8.1, 8.9, 10.4, 10.6], ∫ϰ²/L>=[14.9, 14.3, 17.2, 19.3, 19.7], C-C-Sep=0.08, ║∇J║=2.1e-04
Iteration 1598/2000-----
currents: [100000.0, 99999.99997640072, 99999.99996861511, 99999.99996922501, 99999.99996917204]
J=1.2e-04, ⟨Jf⟩=1.1e-04, ⟨B·n⟩=3.0e-03, Len=sum([2.4, 2.4, 2.4, 2.5, 2.6])=12.3, ϰ=[8.4, 8.2, 8.8, 10.4, 10.6], ∫ϰ²/L>=[14.9, 14.3, 17.2, 19.3, 19.7], C-C-Sep=0.08, ║∇J║=1.8e-04
Iteration 1599/2000-----
currents: [100000.0, 99999.99997637593, 99999.99996858322, 99999.99996919425, 99999.99996914095]
J=1.2e-04, ⟨Jf⟩=1.1e-04, ⟨B·n⟩=3.0e-03, Len=sum([2.4, 2.4, 2.4, 2.5, 2.6])=12.3, ϰ=[8.4, 8.1, 8.8, 10.5, 10.6], ∫ϰ²/L>=[14.9, 14.3, 17.2, 19.3, 19.7], C-C-Sep=0.08, ║∇J║=2.0e-04
Iteration 1600/2000-----
currents: [100000.0, 99999.999976353, 99999.99996855369, 99999.99996916571, 99999.99996911216]
J=1.2e-04, ⟨Jf⟩=1.1e-04, ⟨B·n⟩=3.0e-03, Len=sum([2.4, 2.4, 2.4, 2.5, 2.6])=12.3, ϰ=[8.4, 8.2, 8.8, 10.5, 10.6], ∫ϰ²/L>=[14.9, 14.4, 17.2, 19.3, 19.7], C-C-Sep=0.08, ║∇J║=2.0e-04
Iteration 1601/2000-----
currents: [100000.0, 99999.99997632965, 99999.9999685237, 99999.9999691368, 99999.9999690829]
J=1.2e-04, ⟨Jf⟩=1.1e-04, ⟨B·n⟩=3.0e-03, Len=sum([2.4, 2.4, 2.4, 2.5, 2.6])=12.3, ϰ=[8.4, 8.2, 8.8, 10.5, 10.6], ∫ϰ²/L>=[14.9, 14.4, 17.2, 19.3, 19.8], C-C-Sep=0.08, ║∇J║=2.0e-04
Iteration 1602/2000-----
currents: [100000.0, 99999.99997632224, 99999.99996851421, 99999.99996912765, 99999.9999690737]
J=1.2e-04, ⟨Jf⟩=1.1e-04, ⟨B·n⟩=3.0e-03, Len=sum([2.4, 2.4, 2.4, 2.5, 2.6])=12.3, ϰ=[8.4, 8.2, 8.8, 10.5, 10.6], ∫ϰ²/L>=[14.9, 14.4, 17.2, 19.3, 19.8], C-C-Sep=0.08, ║∇J║=1.6e-04
Iteration 1603/2000-----
currents: [100000.0, 99999.99997629975, 99999.99996848527, 99999.99996909978, 99999.9999690456]
J=1.2e-04, ⟨Jf⟩=1.1e-04, ⟨B·n⟩=3.0e-03, Len=sum([2.4, 2.4, 2.4, 2.5, 2.6])=12.3, ϰ=[8.4, 8.2, 8.8, 10.5, 10.6], ∫ϰ²/L>=[14.9, 14.4, 17.2, 19.3, 19.8], C-C-Sep=0.08, ║∇J║=1.8e-04
Iteration 1604/2000-----
currents: [100000.0, 99999.99997628527, 99999.99996846668, 99999.99996908192, 99999.99996902754]
J=1.2e-04, ⟨Jf⟩=1.1e-04, ⟨B·n⟩=3.0e-03, Len=sum([2.4, 2.4, 2.4, 2.5, 2.6])=12.3, ϰ=[8.4, 8.2, 8.8, 10.5, 10.6], ∫ϰ²/L>=[14.9, 14.4, 17.2, 19.3, 19.8], C-C-Sep=0.08, ║∇J║=1.9e-04
Iteration 1605/2000-----
currents: [100000.0, 99999.99997627367, 99999.99996845178, 99999.99996906758, 99999.99996901302]
J=1.2e-04, ⟨Jf⟩=1.1e-04, ⟨B·n⟩=3.0e-03, Len=sum([2.4, 2.4, 2.4, 2.5, 2.6])=12.3, ϰ=[8.4, 8.1, 8.8, 10.5, 10.6], ∫ϰ²/L>=[14.9, 14.4, 17.2, 19.3, 19.8], C-C-Sep=0.08, ║∇J║=1.7e-04
Iteration 1606/2000-----
currents: [100000.0, 99999.99997625503, 99999.99996842783, 99999.99996904454, 99999.99996898966]
J=1.2e-04, ⟨Jf⟩=1.1e-04, ⟨B·n⟩=3.0e-03, Len=sum([2.4, 2.4, 2.4, 2.5, 2.6])=12.3, ϰ=[8.4, 8.2, 8.8, 10.5, 10.6], ∫ϰ²/L>=[14.9, 14.4, 17.2, 19.3, 19.8], C-C-Sep=0.08, ║∇J║=1.6e-04
Iteration 1607/2000-----
currents: [100000.0, 99999.99997623204, 99999.99996839822, 99999.99996901602, 99999.99996896085]
J=1.2e-04, ⟨Jf⟩=1.1e-04, ⟨B·n⟩=3.0e-03, Len=sum([2.4, 2.4, 2.4, 2.5, 2.6])=12.3, ϰ=[8.4, 8.1, 8.8, 10.5, 10.6], ∫ϰ²/L>=[14.9, 14.4, 17.2, 19.3, 19.8], C-C-Sep=0.08, ║∇J║=1.9e-04
Iteration 1608/2000-----
currents: [100000.0, 99999.99997620405, 99999.99996836222, 99999.99996898136, 99999.99996892587]
J=1.2e-04, ⟨Jf⟩=1.1e-04, ⟨B·n⟩=3.0e-03, Len=sum([2.4, 2.4, 2.4, 2.5, 2.6])=12.3, ϰ=[8.3, 8.1, 8.8, 10.5, 10.6], ∫ϰ²/L>=[14.9, 14.4, 17.2, 19.3, 19.8], C-C-Sep=0.08, ║∇J║=1.8e-04
Iteration 1609/2000-----
currents: [100000.0, 99999.99997616361, 99999.99996831013, 99999.99996893115, 99999.99996887526]
J=1.2e-04, ⟨Jf⟩=1.1e-04, ⟨B·n⟩=3.0e-03, Len=sum([2.4, 2.4, 2.4, 2.5, 2.6])=12.3, ϰ=[8.3, 8.1, 8.9, 10.5, 10.6], ∫ϰ²/L>=[14.8, 14.4, 17.2, 19.3, 19.8], C-C-Sep=0.08, ║∇J║=2.2e-04
Iteration 1610/2000-----
currents: [100000.0, 99999.99997605874, 99999.99996817518, 99999.99996880107, 99999.99996874398]
J=1.2e-04, ⟨Jf⟩=1.1e-04, ⟨B·n⟩=3.0e-03, Len=sum([2.4, 2.4, 2.4, 2.5, 2.6])=12.3, ϰ=[8.3, 8.1, 8.9, 10.4, 10.6], ∫ϰ²/L>=[14.8, 14.4, 17.2, 19.3, 19.8], C-C-Sep=0.08, ║∇J║=2.8e-04
Iteration 1611/2000-----
currents: [100000.0, 99999.99997590375, 99999.9999679757, 99999.99996860886, 99999.99996854988]
J=1.2e-04, ⟨Jf⟩=1.1e-04, ⟨B·n⟩=3.0e-03, Len=sum([2.4, 2.4, 2.4, 2.5, 2.6])=12.3, ϰ=[8.3, 8.1, 8.9, 10.4, 10.6], ∫ϰ²/L>=[14.8, 14.4, 17.2, 19.3, 19.8], C-C-Sep=0.08, ║∇J║=3.9e-04
Iteration 1612/2000-----
currents: [100000.0, 99999.99997599165, 99999.99996808883, 99999.99996871786, 99999.99996865996]
J=1.2e-04, ⟨Jf⟩=1.1e-04, ⟨B·n⟩=3.0e-03, Len=sum([2.4, 2.4, 2.4, 2.5, 2.6])=12.3, ϰ=[8.3, 8.1, 8.9, 10.4, 10.6], ∫ϰ²/L>=[14.8, 14.4, 17.2, 19.3, 19.8], C-C-Sep=0.08, ║∇J║=2.9e-04
Iteration 1613/2000-----
currents: [100000.0, 99999.99997593297, 99999.9999680134, 99999.99996864522, 99999.99996858658]
J=1.2e-04, ⟨Jf⟩=1.1e-04, ⟨B·n⟩=3.0e-03, Len=sum([2.4, 2.4, 2.4, 2.5, 2.6])=12.3, ϰ=[8.3, 8.1, 8.9, 10.4, 10.6], ∫ϰ²/L>=[14.8, 14.4, 17.2, 19.3, 19.8], C-C-Sep=0.08, ║∇J║=3.5e-04
Iteration 1614/2000-----
currents: [100000.0, 99999.99997589791, 99999.99996796825, 99999.99996860165, 99999.99996854256]
J=1.2e-04, ⟨Jf⟩=1.1e-04, ⟨B·n⟩=3.0e-03, Len=sum([2.4, 2.4, 2.4, 2.5, 2.6])=12.3, ϰ=[8.3, 8.1, 8.9, 10.4, 10.6], ∫ϰ²/L>=[14.8, 14.4, 17.2, 19.3, 19.8], C-C-Sep=0.08, ║∇J║=3.2e-04
Iteration 1615/2000-----
currents: [100000.0, 99999.99997591185, 99999.99996798624, 99999.99996861904, 99999.99996856006]
J=1.2e-04, ⟨Jf⟩=1.1e-04, ⟨B·n⟩=3.0e-03, Len=sum([2.4, 2.4, 2.4, 2.5, 2.6])=12.3, ϰ=[8.3, 8.1, 8.9, 10.4, 10.6], ∫ϰ²/L>=[14.8, 14.4, 17.2, 19.3, 19.8], C-C-Sep=0.08, ║∇J║=2.2e-04
Iteration 1616/2000-----
currents: [100000.0, 99999.99997584254, 99999.99996789705, 99999.9999685331, 99999.99996847325]
J=1.2e-04, ⟨Jf⟩=1.1e-04, ⟨B·n⟩=3.0e-03, Len=sum([2.4, 2.4, 2.4, 2.5, 2.6])=12.3, ϰ=[8.3, 8.1, 8.9, 10.4, 10.6], ∫ϰ²/L>=[14.8, 14.4, 17.2, 19.3, 19.8], C-C-Sep=0.08, ║∇J║=2.8e-04
Iteration 1617/2000-----
currents: [100000.0, 99999.99997584581, 99999.99996790121, 99999.99996853722, 99999.99996847742]
J=1.2e-04, ⟨Jf⟩=1.1e-04, ⟨B·n⟩=3.0e-03, Len=sum([2.4, 2.4, 2.4, 2.5, 2.6])=12.3, ϰ=[8.3, 8.1, 8.9, 10.4, 10.6], ∫ϰ²/L>=[14.8, 14.4, 17.2, 19.3, 19.8], C-C-Sep=0.08, ║∇J║=2.8e-04
Iteration 1618/2000-----
currents: [100000.0, 99999.9999758173, 99999.99996786453, 99999.9999685019, 99999.99996844174]
J=1.2e-04, ⟨Jf⟩=1.1e-04, ⟨B·n⟩=3.0e-03, Len=sum([2.4, 2.4, 2.4, 2.5, 2.6])=12.3, ϰ=[8.3, 8.1, 8.9, 10.4, 10.6], ∫ϰ²/L>=[14.8, 14.4, 17.2, 19.3, 19.8], C-C-Sep=0.08, ║∇J║=2.4e-04
Iteration 1619/2000-----
currents: [100000.0, 99999.99997578637, 99999.99996782465, 99999.99996846355, 99999.99996840293]
J=1.2e-04, ⟨Jf⟩=1.1e-04, ⟨B·n⟩=3.0e-03, Len=sum([2.4, 2.4, 2.4, 2.5, 2.6])=12.3, ϰ=[8.3, 8.1, 8.9, 10.4, 10.6], ∫ϰ²/L>=[14.8, 14.4, 17.2, 19.3, 19.8], C-C-Sep=0.08, ║∇J║=2.1e-04
Iteration 1620/2000-----
currents: [100000.0, 99999.9999756951, 99999.99996770712, 99999.99996835043, 99999.99996828858]
J=1.2e-04, ⟨Jf⟩=1.1e-04, ⟨B·n⟩=3.0e-03, Len=sum([2.4, 2.4, 2.4, 2.5, 2.6])=12.3, ϰ=[8.3, 8.1, 8.9, 10.5, 10.6], ∫ϰ²/L>=[14.8, 14.4, 17.2, 19.3, 19.8], C-C-Sep=0.08, ║∇J║=2.6e-04
Iteration 1621/2000-----
currents: [100000.0, 99999.99997570104, 99999.99996771476, 99999.99996835795, 99999.99996829608]
J=1.2e-04, ⟨Jf⟩=1.1e-04, ⟨B·n⟩=3.0e-03, Len=sum([2.4, 2.4, 2.4, 2.5, 2.6])=12.3, ϰ=[8.3, 8.1, 8.9, 10.5, 10.6], ∫ϰ²/L>=[14.8, 14.4, 17.2, 19.3, 19.8], C-C-Sep=0.08, ║∇J║=2.6e-04
Iteration 1622/2000-----
currents: [100000.0, 99999.99997569225, 99999.99996770345, 99999.99996834711, 99999.99996828505]
J=1.2e-04, ⟨Jf⟩=1.1e-04, ⟨B·n⟩=3.0e-03, Len=sum([2.4, 2.4, 2.4, 2.5, 2.6])=12.3, ϰ=[8.3, 8.1, 8.9, 10.5, 10.6], ∫ϰ²/L>=[14.8, 14.4, 17.2, 19.3, 19.8], C-C-Sep=0.08, ║∇J║=2.3e-04
Iteration 1623/2000-----
currents: [100000.0, 99999.99997566952, 99999.99996767419, 99999.999968319, 99999.99996825655]
J=1.2e-04, ⟨Jf⟩=1.1e-04, ⟨B·n⟩=3.0e-03, Len=sum([2.4, 2.4, 2.4, 2.5, 2.6])=12.3, ϰ=[8.3, 8.1, 8.9, 10.5, 10.6], ∫ϰ²/L>=[14.8, 14.4, 17.2, 19.3, 19.8], C-C-Sep=0.08, ║∇J║=1.9e-04
Iteration 1624/2000-----
currents: [100000.0, 99999.9999756178, 99999.99996760764, 99999.99996825501, 99999.99996819181]
J=1.2e-04, ⟨Jf⟩=1.1e-04, ⟨B·n⟩=3.0e-03, Len=sum([2.4, 2.4, 2.4, 2.5, 2.6])=12.3, ϰ=[8.3, 8.1, 8.8, 10.5, 10.6], ∫ϰ²/L>=[14.8, 14.4, 17.2, 19.3, 19.8], C-C-Sep=0.08, ║∇J║=2.0e-04
Iteration 1625/2000-----
currents: [100000.0, 99999.99997556042, 99999.99996753382, 99999.99996818406, 99999.99996812]
J=1.2e-04, ⟨Jf⟩=1.1e-04, ⟨B·n⟩=3.0e-03, Len=sum([2.4, 2.4, 2.4, 2.5, 2.6])=12.3, ϰ=[8.3, 8.1, 8.8, 10.5, 10.7], ∫ϰ²/L>=[14.8, 14.4, 17.2, 19.3, 19.8], C-C-Sep=0.08, ║∇J║=2.3e-04
Iteration 1626/2000-----
currents: [100000.0, 99999.99997552791, 99999.99996749207, 99999.99996814397, 99999.9999680794]
J=1.2e-04, ⟨Jf⟩=1.1e-04, ⟨B·n⟩=3.0e-03, Len=sum([2.4, 2.4, 2.4, 2.5, 2.6])=12.3, ϰ=[8.4, 8.2, 8.8, 10.5, 10.7], ∫ϰ²/L>=[14.8, 14.4, 17.2, 19.3, 19.8], C-C-Sep=0.08, ║∇J║=2.4e-04
Iteration 1627/2000-----
currents: [100000.0, 99999.99997549104, 99999.9999674447, 99999.99996809848, 99999.9999680334]
J=1.2e-04, ⟨Jf⟩=1.1e-04, ⟨B·n⟩=3.0e-03, Len=sum([2.4, 2.4, 2.4, 2.5, 2.6])=12.3, ϰ=[8.4, 8.2, 8.8, 10.5, 10.7], ∫ϰ²/L>=[14.9, 14.4, 17.2, 19.3, 19.8], C-C-Sep=0.08, ║∇J║=2.3e-04
Iteration 1628/2000-----
currents: [100000.0, 99999.9999755054, 99999.99996746321, 99999.99996811636, 99999.99996805143]
J=1.2e-04, ⟨Jf⟩=1.1e-04, ⟨B·n⟩=3.0e-03, Len=sum([2.4, 2.4, 2.4, 2.5, 2.6])=12.3, ϰ=[8.4, 8.2, 8.8, 10.5, 10.7], ∫ϰ²/L>=[14.9, 14.3, 17.2, 19.3, 19.8], C-C-Sep=0.08, ║∇J║=2.3e-04
Iteration 1629/2000-----
currents: [100000.0, 99999.99997545588, 99999.99996739943, 99999.999968055, 99999.99996798935]
J=1.2e-04, ⟨Jf⟩=1.1e-04, ⟨B·n⟩=3.0e-03, Len=sum([2.4, 2.4, 2.4, 2.5, 2.6])=12.3, ϰ=[8.4, 8.2, 8.8, 10.5, 10.7], ∫ϰ²/L>=[14.9, 14.4, 17.2, 19.3, 19.8], C-C-Sep=0.08, ║∇J║=2.4e-04
Iteration 1630/2000-----
currents: [100000.0, 99999.99997545332, 99999.9999673961, 99999.99996805187, 99999.99996798614]
J=1.2e-04, ⟨Jf⟩=1.1e-04, ⟨B·n⟩=3.0e-03, Len=sum([2.4, 2.4, 2.4, 2.5, 2.6])=12.3, ϰ=[8.4, 8.2, 8.8, 10.5, 10.7], ∫ϰ²/L>=[14.9, 14.3, 17.2, 19.3, 19.8], C-C-Sep=0.08, ║∇J║=2.6e-04
Iteration 1631/2000-----
currents: [100000.0, 99999.9999754412, 99999.99996738043, 99999.99996803692, 99999.99996797087]
J=1.2e-04, ⟨Jf⟩=1.1e-04, ⟨B·n⟩=3.0e-03, Len=sum([2.4, 2.4, 2.4, 2.5, 2.6])=12.3, ϰ=[8.4, 8.2, 8.8, 10.5, 10.6], ∫ϰ²/L>=[14.9, 14.3, 17.2, 19.3, 19.8], C-C-Sep=0.08, ║∇J║=2.1e-04
Iteration 1632/2000-----
currents: [100000.0, 99999.99997543218, 99999.99996736876, 99999.99996802572, 99999.99996795949]
J=1.2e-04, ⟨Jf⟩=1.1e-04, ⟨B·n⟩=3.0e-03, Len=sum([2.4, 2.4, 2.4, 2.5, 2.6])=12.3, ϰ=[8.4, 8.2, 8.8, 10.5, 10.6], ∫ϰ²/L>=[14.9, 14.4, 17.2, 19.3, 19.8], C-C-Sep=0.08, ║∇J║=2.1e-04
Iteration 1633/2000-----
currents: [100000.0, 99999.99997541223, 99999.9999673431, 99999.99996800115, 99999.9999679346]
J=1.2e-04, ⟨Jf⟩=1.1e-04, ⟨B·n⟩=3.0e-03, Len=sum([2.4, 2.4, 2.4, 2.5, 2.6])=12.3, ϰ=[8.4, 8.2, 8.8, 10.5, 10.6], ∫ϰ²/L>=[14.9, 14.4, 17.2, 19.3, 19.8], C-C-Sep=0.08, ║∇J║=1.9e-04
Iteration 1634/2000-----
currents: [100000.0, 99999.99997536854, 99999.99996728686, 99999.99996794711, 99999.99996787995]
J=1.2e-04, ⟨Jf⟩=1.1e-04, ⟨B·n⟩=3.0e-03, Len=sum([2.4, 2.4, 2.4, 2.5, 2.6])=12.3, ϰ=[8.4, 8.2, 8.8, 10.5, 10.6], ∫ϰ²/L>=[14.9, 14.4, 17.2, 19.3, 19.8], C-C-Sep=0.08, ║∇J║=2.1e-04
Iteration 1635/2000-----
currents: [100000.0, 99999.99997525306, 99999.99996713827, 99999.99996780427, 99999.99996773557]
J=1.2e-04, ⟨Jf⟩=1.1e-04, ⟨B·n⟩=3.0e-03, Len=sum([2.4, 2.4, 2.4, 2.5, 2.6])=12.3, ϰ=[8.4, 8.2, 8.8, 10.4, 10.6], ∫ϰ²/L>=[14.9, 14.4, 17.2, 19.3, 19.8], C-C-Sep=0.08, ║∇J║=2.8e-04
Iteration 1636/2000-----
currents: [100000.0, 99999.99997520886, 99999.99996708147, 99999.99996774971, 99999.99996768036]
J=1.2e-04, ⟨Jf⟩=1.1e-04, ⟨B·n⟩=3.0e-03, Len=sum([2.4, 2.4, 2.4, 2.5, 2.6])=12.3, ϰ=[8.4, 8.2, 8.9, 10.4, 10.6], ∫ϰ²/L>=[14.9, 14.4, 17.2, 19.3, 19.8], C-C-Sep=0.08, ║∇J║=4.0e-04
Iteration 1637/2000-----
currents: [100000.0, 99999.99997515888, 99999.99996701714, 99999.99996768794, 99999.99996761786]
J=1.2e-04, ⟨Jf⟩=1.1e-04, ⟨B·n⟩=3.0e-03, Len=sum([2.4, 2.4, 2.4, 2.5, 2.6])=12.3, ϰ=[8.5, 8.2, 8.9, 10.4, 10.6], ∫ϰ²/L>=[14.9, 14.4, 17.2, 19.3, 19.8], C-C-Sep=0.08, ║∇J║=2.6e-04
Iteration 1638/2000-----
currents: [100000.0, 99999.99997504387, 99999.99996686933, 99999.99996754587, 99999.99996747413]
J=1.2e-04, ⟨Jf⟩=1.1e-04, ⟨B·n⟩=3.0e-03, Len=sum([2.4, 2.4, 2.4, 2.5, 2.6])=12.3, ϰ=[8.5, 8.2, 8.9, 10.4, 10.6], ∫ϰ²/L>=[14.9, 14.4, 17.2, 19.3, 19.8], C-C-Sep=0.08, ║∇J║=3.9e-04
Iteration 1639/2000-----
currents: [100000.0, 99999.99997506163, 99999.99996689238, 99999.99996756818, 99999.9999674966]
J=1.2e-04, ⟨Jf⟩=1.1e-04, ⟨B·n⟩=3.0e-03, Len=sum([2.4, 2.4, 2.4, 2.5, 2.6])=12.3, ϰ=[8.5, 8.2, 9.0, 10.4, 10.6], ∫ϰ²/L>=[14.9, 14.4, 17.2, 19.3, 19.8], C-C-Sep=0.08, ║∇J║=4.4e-04
Iteration 1640/2000-----
currents: [100000.0, 99999.99997491905, 99999.99996670907, 99999.99996739211, 99999.99996731839]
J=1.2e-04, ⟨Jf⟩=1.1e-04, ⟨B·n⟩=3.0e-03, Len=sum([2.4, 2.4, 2.4, 2.5, 2.6])=12.3, ϰ=[8.5, 8.2, 9.0, 10.4, 10.6], ∫ϰ²/L>=[14.9, 14.4, 17.2, 19.3, 19.8], C-C-Sep=0.08, ║∇J║=5.2e-04
Iteration 1641/2000-----
currents: [100000.0, 99999.99997498006, 99999.99996678748, 99999.99996746742, 99999.99996739469]
J=1.2e-04, ⟨Jf⟩=1.1e-04, ⟨B·n⟩=3.0e-03, Len=sum([2.4, 2.4, 2.4, 2.5, 2.6])=12.3, ϰ=[8.4, 8.2, 8.9, 10.4, 10.6], ∫ϰ²/L>=[14.8, 14.4, 17.2, 19.3, 19.8], C-C-Sep=0.08, ║∇J║=4.0e-04
Iteration 1642/2000-----
currents: [100000.0, 99999.99997494518, 99999.99996674273, 99999.99996742445, 99999.99996735122]
J=1.2e-04, ⟨Jf⟩=1.1e-04, ⟨B·n⟩=3.0e-03, Len=sum([2.4, 2.4, 2.4, 2.5, 2.6])=12.3, ϰ=[8.4, 8.2, 9.0, 10.4, 10.6], ∫ϰ²/L>=[14.8, 14.4, 17.2, 19.3, 19.8], C-C-Sep=0.08, ║∇J║=3.0e-04
Iteration 1643/2000-----
currents: [100000.0, 99999.99997492525, 99999.99996671717, 99999.9999673999, 99999.99996732637]
J=1.2e-04, ⟨Jf⟩=1.1e-04, ⟨B·n⟩=3.0e-03, Len=sum([2.4, 2.4, 2.4, 2.5, 2.6])=12.3, ϰ=[8.4, 8.2, 9.0, 10.4, 10.6], ∫ϰ²/L>=[14.8, 14.4, 17.2, 19.3, 19.8], C-C-Sep=0.08, ║∇J║=2.3e-04
Iteration 1644/2000-----
currents: [100000.0, 99999.99997489643, 99999.99996668016, 99999.99996736442, 99999.99996729047]
J=1.2e-04, ⟨Jf⟩=1.1e-04, ⟨B·n⟩=3.0e-03, Len=sum([2.4, 2.4, 2.4, 2.5, 2.6])=12.3, ϰ=[8.4, 8.2, 9.0, 10.4, 10.6], ∫ϰ²/L>=[14.8, 14.4, 17.2, 19.3, 19.8], C-C-Sep=0.08, ║∇J║=2.5e-04
Iteration 1645/2000-----
currents: [100000.0, 99999.99997484237, 99999.99996661067, 99999.99996729773, 99999.999967223]
J=1.2e-04, ⟨Jf⟩=1.1e-04, ⟨B·n⟩=3.0e-03, Len=sum([2.4, 2.4, 2.4, 2.5, 2.6])=12.3, ϰ=[8.4, 8.2, 9.0, 10.4, 10.6], ∫ϰ²/L>=[14.8, 14.4, 17.2, 19.3, 19.8], C-C-Sep=0.08, ║∇J║=2.8e-04
Iteration 1646/2000-----
currents: [100000.0, 99999.99997479805, 99999.99996655372, 99999.99996724313, 99999.99996716778]
J=1.2e-04, ⟨Jf⟩=1.1e-04, ⟨B·n⟩=3.0e-03, Len=sum([2.4, 2.4, 2.4, 2.5, 2.6])=12.3, ϰ=[8.5, 8.2, 9.0, 10.4, 10.6], ∫ϰ²/L>=[14.8, 14.4, 17.2, 19.3, 19.8], C-C-Sep=0.08, ║∇J║=3.2e-04
Iteration 1647/2000-----
currents: [100000.0, 99999.9999747705, 99999.99996651834, 99999.99996720912, 99999.99996713336]
J=1.2e-04, ⟨Jf⟩=1.1e-04, ⟨B·n⟩=3.0e-03, Len=sum([2.4, 2.4, 2.4, 2.5, 2.6])=12.3, ϰ=[8.5, 8.2, 9.0, 10.4, 10.6], ∫ϰ²/L>=[14.8, 14.4, 17.2, 19.3, 19.8], C-C-Sep=0.08, ║∇J║=2.7e-04
Iteration 1648/2000-----
currents: [100000.0, 99999.99997472219, 99999.99996645631, 99999.9999671496, 99999.99996707309]
J=1.2e-04, ⟨Jf⟩=1.1e-04, ⟨B·n⟩=3.0e-03, Len=sum([2.4, 2.4, 2.4, 2.5, 2.6])=12.3, ϰ=[8.5, 8.2, 9.0, 10.4, 10.6], ∫ϰ²/L>=[14.8, 14.4, 17.2, 19.3, 19.8], C-C-Sep=0.08, ║∇J║=3.0e-04
Iteration 1649/2000-----
currents: [100000.0, 99999.99997464512, 99999.99996635724, 99999.99996705443, 99999.9999669768]
J=1.2e-04, ⟨Jf⟩=1.1e-04, ⟨B·n⟩=3.0e-03, Len=sum([2.4, 2.4, 2.4, 2.5, 2.6])=12.3, ϰ=[8.5, 8.2, 9.0, 10.4, 10.6], ∫ϰ²/L>=[14.8, 14.4, 17.2, 19.3, 19.9], C-C-Sep=0.08, ║∇J║=3.7e-04
Iteration 1650/2000-----
currents: [100000.0, 99999.9999746002, 99999.99996629955, 99999.99996699905, 99999.9999669208]
J=1.2e-04, ⟨Jf⟩=1.1e-04, ⟨B·n⟩=3.0e-03, Len=sum([2.4, 2.4, 2.4, 2.5, 2.6])=12.3, ϰ=[8.5, 8.2, 9.0, 10.4, 10.7], ∫ϰ²/L>=[14.8, 14.4, 17.2, 19.3, 19.9], C-C-Sep=0.08, ║∇J║=3.3e-04
Iteration 1651/2000-----
currents: [100000.0, 99999.99997455045, 99999.99996623573, 99999.99996693787, 99999.99996685886]
J=1.2e-04, ⟨Jf⟩=1.1e-04, ⟨B·n⟩=3.0e-03, Len=sum([2.4, 2.4, 2.4, 2.5, 2.6])=12.3, ϰ=[8.5, 8.2, 9.0, 10.4, 10.7], ∫ϰ²/L>=[14.8, 14.4, 17.2, 19.3, 19.9], C-C-Sep=0.08, ║∇J║=3.3e-04
Iteration 1652/2000-----
currents: [100000.0, 99999.99997453537, 99999.99996621629, 99999.99996691925, 99999.99996684004]
J=1.2e-04, ⟨Jf⟩=1.1e-04, ⟨B·n⟩=3.0e-03, Len=sum([2.4, 2.4, 2.4, 2.5, 2.6])=12.3, ϰ=[8.5, 8.2, 9.0, 10.4, 10.7], ∫ϰ²/L>=[14.8, 14.4, 17.2, 19.3, 19.9], C-C-Sep=0.08, ║∇J║=2.6e-04
Iteration 1653/2000-----
currents: [100000.0, 99999.99997446044, 99999.99996611998, 99999.99996682671, 99999.99996674652]
J=1.2e-04, ⟨Jf⟩=1.1e-04, ⟨B·n⟩=3.0e-03, Len=sum([2.4, 2.4, 2.4, 2.5, 2.6])=12.3, ϰ=[8.5, 8.2, 9.0, 10.4, 10.7], ∫ϰ²/L>=[14.8, 14.4, 17.2, 19.3, 19.9], C-C-Sep=0.08, ║∇J║=2.7e-04
Iteration 1654/2000-----
currents: [100000.0, 99999.99997447827, 99999.99996614293, 99999.99996684876, 99999.99996676884]
J=1.2e-04, ⟨Jf⟩=1.1e-04, ⟨B·n⟩=3.0e-03, Len=sum([2.4, 2.4, 2.4, 2.5, 2.6])=12.3, ϰ=[8.5, 8.2, 9.0, 10.4, 10.7], ∫ϰ²/L>=[14.8, 14.4, 17.2, 19.3, 19.9], C-C-Sep=0.08, ║∇J║=3.2e-04
Iteration 1655/2000-----
currents: [100000.0, 99999.99997441583, 99999.99996606263, 99999.99996677168, 99999.9999666909]
J=1.2e-04, ⟨Jf⟩=1.1e-04, ⟨B·n⟩=3.0e-03, Len=sum([2.4, 2.4, 2.4, 2.5, 2.6])=12.3, ϰ=[8.5, 8.2, 9.0, 10.5, 10.7], ∫ϰ²/L>=[14.8, 14.4, 17.2, 19.4, 19.9], C-C-Sep=0.08, ║∇J║=3.1e-04
Iteration 1656/2000-----
currents: [100000.0, 99999.99997439295, 99999.99996603333, 99999.99996674353, 99999.99996666242]
J=1.2e-04, ⟨Jf⟩=1.1e-04, ⟨B·n⟩=3.0e-03, Len=sum([2.4, 2.4, 2.4, 2.5, 2.6])=12.3, ϰ=[8.5, 8.2, 9.0, 10.5, 10.7], ∫ϰ²/L>=[14.8, 14.4, 17.2, 19.3, 19.9], C-C-Sep=0.08, ║∇J║=2.8e-04
Iteration 1657/2000-----
currents: [100000.0, 99999.99997437515, 99999.99996601044, 99999.99996672155, 99999.9999666403]
J=1.2e-04, ⟨Jf⟩=1.1e-04, ⟨B·n⟩=3.0e-03, Len=sum([2.4, 2.4, 2.4, 2.5, 2.6])=12.3, ϰ=[8.6, 8.2, 9.0, 10.5, 10.7], ∫ϰ²/L>=[14.8, 14.4, 17.2, 19.3, 19.9], C-C-Sep=0.08, ║∇J║=2.7e-04
Iteration 1658/2000-----
currents: [100000.0, 99999.99997433546, 99999.99996595942, 99999.99996667255, 99999.99996659081]
J=1.2e-04, ⟨Jf⟩=1.1e-04, ⟨B·n⟩=3.0e-03, Len=sum([2.4, 2.4, 2.4, 2.5, 2.6])=12.3, ϰ=[8.6, 8.2, 9.0, 10.5, 10.7], ∫ϰ²/L>=[14.8, 14.4, 17.2, 19.4, 19.9], C-C-Sep=0.08, ║∇J║=2.5e-04
Iteration 1659/2000-----
currents: [100000.0, 99999.9999742674, 99999.99996587199, 99999.99996658854, 99999.99996650599]
J=1.2e-04, ⟨Jf⟩=1.1e-04, ⟨B·n⟩=3.0e-03, Len=sum([2.4, 2.4, 2.4, 2.5, 2.6])=12.3, ϰ=[8.6, 8.2, 9.0, 10.5, 10.7], ∫ϰ²/L>=[14.8, 14.4, 17.2, 19.4, 19.9], C-C-Sep=0.08, ║∇J║=2.9e-04
Iteration 1660/2000-----
currents: [100000.0, 99999.99997415327, 99999.99996572548, 99999.99996644787, 99999.99996636383]
J=1.2e-04, ⟨Jf⟩=1.1e-04, ⟨B·n⟩=3.0e-03, Len=sum([2.4, 2.4, 2.4, 2.5, 2.6])=12.3, ϰ=[8.6, 8.2, 9.0, 10.5, 10.7], ∫ϰ²/L>=[14.7, 14.4, 17.2, 19.4, 19.9], C-C-Sep=0.08, ║∇J║=3.5e-04
Iteration 1661/2000-----
currents: [100000.0, 99999.99997417991, 99999.99996575968, 99999.99996648074, 99999.99996639704]
J=1.2e-04, ⟨Jf⟩=1.1e-04, ⟨B·n⟩=3.0e-03, Len=sum([2.4, 2.4, 2.4, 2.5, 2.6])=12.3, ϰ=[8.6, 8.2, 9.0, 10.5, 10.7], ∫ϰ²/L>=[14.7, 14.4, 17.2, 19.4, 19.9], C-C-Sep=0.08, ║∇J║=3.2e-04
Iteration 1662/2000-----
currents: [100000.0, 99999.99997415961, 99999.9999657336, 99999.99996645587, 99999.99996637178]
J=1.2e-04, ⟨Jf⟩=1.1e-04, ⟨B·n⟩=3.0e-03, Len=sum([2.4, 2.4, 2.4, 2.5, 2.6])=12.3, ϰ=[8.6, 8.2, 9.0, 10.5, 10.7], ∫ϰ²/L>=[14.8, 14.4, 17.2, 19.4, 19.9], C-C-Sep=0.08, ║∇J║=3.6e-04
Iteration 1663/2000-----
currents: [100000.0, 99999.99997412424, 99999.99996568824, 99999.99996641236, 99999.99996632777]
J=1.2e-04, ⟨Jf⟩=1.1e-04, ⟨B·n⟩=3.0e-03, Len=sum([2.4, 2.4, 2.4, 2.5, 2.6])=12.3, ϰ=[8.6, 8.2, 9.0, 10.4, 10.7], ∫ϰ²/L>=[14.8, 14.4, 17.2, 19.4, 19.9], C-C-Sep=0.08, ║∇J║=2.7e-04
Iteration 1664/2000-----
currents: [100000.0, 99999.99997405271, 99999.99996559636, 99999.99996632422, 99999.99996623865]
J=1.2e-04, ⟨Jf⟩=1.1e-04, ⟨B·n⟩=3.0e-03, Len=sum([2.4, 2.4, 2.4, 2.5, 2.6])=12.3, ϰ=[8.7, 8.2, 9.0, 10.5, 10.7], ∫ϰ²/L>=[14.8, 14.4, 17.2, 19.4, 19.9], C-C-Sep=0.08, ║∇J║=3.3e-04
Iteration 1665/2000-----
currents: [100000.0, 99999.99997403918, 99999.99996557905, 99999.99996630765, 99999.99996622195]
J=1.2e-04, ⟨Jf⟩=1.1e-04, ⟨B·n⟩=3.0e-03, Len=sum([2.4, 2.4, 2.4, 2.5, 2.6])=12.3, ϰ=[8.7, 8.2, 9.0, 10.5, 10.7], ∫ϰ²/L>=[14.8, 14.4, 17.2, 19.4, 19.9], C-C-Sep=0.08, ║∇J║=3.4e-04
Iteration 1666/2000-----
currents: [100000.0, 99999.9999740007, 99999.99996552963, 99999.99996626018, 99999.99996617399]
J=1.2e-04, ⟨Jf⟩=1.1e-04, ⟨B·n⟩=3.0e-03, Len=sum([2.4, 2.4, 2.4, 2.5, 2.6])=12.3, ϰ=[8.7, 8.2, 9.0, 10.5, 10.7], ∫ϰ²/L>=[14.8, 14.4, 17.2, 19.4, 19.9], C-C-Sep=0.08, ║∇J║=3.1e-04
Iteration 1667/2000-----
currents: [100000.0, 99999.99997400344, 99999.99996553312, 99999.99996626355, 99999.99996617751]
J=1.2e-04, ⟨Jf⟩=1.1e-04, ⟨B·n⟩=3.0e-03, Len=sum([2.4, 2.4, 2.4, 2.5, 2.6])=12.3, ϰ=[8.7, 8.2, 9.0, 10.5, 10.7], ∫ϰ²/L>=[14.8, 14.4, 17.2, 19.4, 19.9], C-C-Sep=0.08, ║∇J║=3.2e-04
Iteration 1668/2000-----
currents: [100000.0, 99999.9999739571, 99999.9999654736, 99999.99996620638, 99999.99996611972]
J=1.2e-04, ⟨Jf⟩=1.1e-04, ⟨B·n⟩=3.0e-03, Len=sum([2.4, 2.4, 2.4, 2.5, 2.6])=12.3, ϰ=[8.7, 8.2, 9.0, 10.5, 10.7], ∫ϰ²/L>=[14.8, 14.4, 17.2, 19.4, 19.9], C-C-Sep=0.08, ║∇J║=3.4e-04
Iteration 1669/2000-----
currents: [100000.0, 99999.99997394244, 99999.99996545482, 99999.99996618826, 99999.99996610149]
J=1.2e-04, ⟨Jf⟩=1.1e-04, ⟨B·n⟩=3.0e-03, Len=sum([2.4, 2.4, 2.4, 2.5, 2.6])=12.3, ϰ=[8.7, 8.2, 9.0, 10.5, 10.7], ∫ϰ²/L>=[14.8, 14.4, 17.2, 19.4, 19.9], C-C-Sep=0.08, ║∇J║=3.4e-04
Iteration 1670/2000-----
currents: [100000.0, 99999.99997388103, 99999.99996537596, 99999.99996611265, 99999.99996602506]
J=1.2e-04, ⟨Jf⟩=1.1e-04, ⟨B·n⟩=3.0e-03, Len=sum([2.4, 2.4, 2.4, 2.5, 2.6])=12.3, ϰ=[8.7, 8.2, 9.0, 10.5, 10.6], ∫ϰ²/L>=[14.8, 14.4, 17.2, 19.4, 19.9], C-C-Sep=0.08, ║∇J║=3.4e-04
Iteration 1671/2000-----
currents: [100000.0, 99999.99997386131, 99999.99996535073, 99999.99996608839, 99999.99996600056]
J=1.2e-04, ⟨Jf⟩=1.1e-04, ⟨B·n⟩=3.0e-03, Len=sum([2.4, 2.4, 2.4, 2.5, 2.6])=12.3, ϰ=[8.7, 8.2, 9.0, 10.5, 10.6], ∫ϰ²/L>=[14.8, 14.4, 17.2, 19.4, 19.9], C-C-Sep=0.08, ║∇J║=3.5e-04
Iteration 1672/2000-----
currents: [100000.0, 99999.99997380437, 99999.99996527768, 99999.9999660184, 99999.9999659296]
J=1.2e-04, ⟨Jf⟩=1.1e-04, ⟨B·n⟩=3.0e-03, Len=sum([2.4, 2.4, 2.4, 2.5, 2.6])=12.3, ϰ=[8.7, 8.2, 9.0, 10.5, 10.7], ∫ϰ²/L>=[14.8, 14.4, 17.2, 19.4, 19.9], C-C-Sep=0.08, ║∇J║=3.6e-04
Iteration 1673/2000-----
currents: [100000.0, 99999.9999737176, 99999.99996516622, 99999.99996591138, 99999.99996582133]
J=1.2e-04, ⟨Jf⟩=1.1e-04, ⟨B·n⟩=3.0e-03, Len=sum([2.4, 2.4, 2.4, 2.5, 2.6])=12.3, ϰ=[8.7, 8.2, 9.0, 10.5, 10.7], ∫ϰ²/L>=[14.8, 14.4, 17.2, 19.4, 20.0], C-C-Sep=0.08, ║∇J║=4.1e-04
Iteration 1674/2000-----
currents: [100000.0, 99999.99997368174, 99999.9999651202, 99999.99996586719, 99999.99996577657]
J=1.2e-04, ⟨Jf⟩=1.1e-04, ⟨B·n⟩=3.0e-03, Len=sum([2.4, 2.4, 2.4, 2.5, 2.6])=12.3, ϰ=[8.7, 8.2, 9.1, 10.5, 10.7], ∫ϰ²/L>=[14.8, 14.4, 17.2, 19.4, 19.9], C-C-Sep=0.08, ║∇J║=3.6e-04
Iteration 1675/2000-----
currents: [100000.0, 99999.99997356904, 99999.99996497552, 99999.99996572826, 99999.9999656362]
J=1.2e-04, ⟨Jf⟩=1.1e-04, ⟨B·n⟩=3.0e-03, Len=sum([2.4, 2.4, 2.4, 2.5, 2.6])=12.3, ϰ=[8.7, 8.2, 9.1, 10.5, 10.6], ∫ϰ²/L>=[14.8, 14.4, 17.2, 19.5, 20.0], C-C-Sep=0.08, ║∇J║=4.8e-04
Iteration 1676/2000-----
currents: [100000.0, 99999.99997361416, 99999.99996503352, 99999.999965784, 99999.99996569252]
J=1.2e-04, ⟨Jf⟩=1.1e-04, ⟨B·n⟩=3.0e-03, Len=sum([2.4, 2.4, 2.4, 2.5, 2.6])=12.3, ϰ=[8.7, 8.2, 9.1, 10.5, 10.6], ∫ϰ²/L>=[14.8, 14.4, 17.2, 19.4, 19.9], C-C-Sep=0.08, ║∇J║=5.3e-04
Iteration 1677/2000-----
currents: [100000.0, 99999.9999735625, 99999.99996496724, 99999.99996572039, 99999.99996562819]
J=1.2e-04, ⟨Jf⟩=1.1e-04, ⟨B·n⟩=3.0e-03, Len=sum([2.4, 2.4, 2.4, 2.5, 2.6])=12.3, ϰ=[8.7, 8.2, 9.1, 10.5, 10.6], ∫ϰ²/L>=[14.8, 14.4, 17.2, 19.4, 19.9], C-C-Sep=0.08, ║∇J║=4.8e-04
Iteration 1678/2000-----
currents: [100000.0, 99999.99997354632, 99999.99996494658, 99999.99996570058, 99999.99996560818]
J=1.2e-04, ⟨Jf⟩=1.1e-04, ⟨B·n⟩=3.0e-03, Len=sum([2.4, 2.4, 2.4, 2.5, 2.6])=12.3, ϰ=[8.7, 8.2, 9.1, 10.5, 10.6], ∫ϰ²/L>=[14.8, 14.4, 17.2, 19.4, 19.9], C-C-Sep=0.08, ║∇J║=3.8e-04
Iteration 1679/2000-----
currents: [100000.0, 99999.99997349514, 99999.99996488092, 99999.99996563754, 99999.9999655445]
J=1.2e-04, ⟨Jf⟩=1.1e-04, ⟨B·n⟩=3.0e-03, Len=sum([2.4, 2.4, 2.4, 2.5, 2.6])=12.3, ϰ=[8.7, 8.2, 9.1, 10.5, 10.6], ∫ϰ²/L>=[14.8, 14.4, 17.1, 19.5, 20.0], C-C-Sep=0.08, ║∇J║=3.8e-04
Iteration 1680/2000-----
currents: [100000.0, 99999.99997344983, 99999.99996482288, 99999.99996558188, 99999.99996548817]
J=1.2e-04, ⟨Jf⟩=1.1e-04, ⟨B·n⟩=3.0e-03, Len=sum([2.4, 2.4, 2.4, 2.5, 2.6])=12.3, ϰ=[8.7, 8.2, 9.1, 10.5, 10.6], ∫ϰ²/L>=[14.8, 14.4, 17.1, 19.5, 20.0], C-C-Sep=0.08, ║∇J║=3.8e-04
Iteration 1681/2000-----
currents: [100000.0, 99999.99997336103, 99999.99996470903, 99999.99996547261, 99999.99996537772]
J=1.2e-04, ⟨Jf⟩=1.1e-04, ⟨B·n⟩=3.0e-03, Len=sum([2.4, 2.4, 2.4, 2.5, 2.6])=12.3, ϰ=[8.7, 8.2, 9.1, 10.5, 10.7], ∫ϰ²/L>=[14.8, 14.4, 17.1, 19.5, 20.0], C-C-Sep=0.08, ║∇J║=3.6e-04
Iteration 1682/2000-----
currents: [100000.0, 99999.99997318756, 99999.99996448662, 99999.99996525924, 99999.99996516203]
J=1.2e-04, ⟨Jf⟩=1.1e-04, ⟨B·n⟩=3.0e-03, Len=sum([2.4, 2.4, 2.4, 2.5, 2.6])=12.3, ϰ=[8.7, 8.2, 9.2, 10.5, 10.7], ∫ϰ²/L>=[14.8, 14.4, 17.1, 19.5, 20.0], C-C-Sep=0.08, ║∇J║=5.1e-04
Iteration 1683/2000-----
currents: [100000.0, 99999.9999732738, 99999.9999645972, 99999.99996536534, 99999.99996526928]
J=1.2e-04, ⟨Jf⟩=1.1e-04, ⟨B·n⟩=3.0e-03, Len=sum([2.4, 2.4, 2.4, 2.5, 2.6])=12.3, ϰ=[8.7, 8.2, 9.2, 10.5, 10.7], ∫ϰ²/L>=[14.8, 14.4, 17.1, 19.5, 20.0], C-C-Sep=0.08, ║∇J║=3.6e-04
Iteration 1684/2000-----
currents: [100000.0, 99999.99997322395, 99999.9999645334, 99999.99996530412, 99999.99996520746]
J=1.2e-04, ⟨Jf⟩=1.1e-04, ⟨B·n⟩=3.0e-03, Len=sum([2.4, 2.4, 2.4, 2.5, 2.6])=12.3, ϰ=[8.7, 8.2, 9.1, 10.5, 10.7], ∫ϰ²/L>=[14.8, 14.4, 17.1, 19.5, 20.0], C-C-Sep=0.08, ║∇J║=5.3e-04
Iteration 1685/2000-----
currents: [100000.0, 99999.99997320151, 99999.99996450449, 99999.99996527644, 99999.99996517942]
J=1.2e-04, ⟨Jf⟩=1.1e-04, ⟨B·n⟩=3.0e-03, Len=sum([2.4, 2.4, 2.4, 2.5, 2.6])=12.3, ϰ=[8.7, 8.2, 9.1, 10.5, 10.7], ∫ϰ²/L>=[14.8, 14.4, 17.1, 19.5, 20.0], C-C-Sep=0.08, ║∇J║=3.4e-04
Iteration 1686/2000-----
currents: [100000.0, 99999.99997320761, 99999.99996451223, 99999.99996528386, 99999.9999651869]
J=1.2e-04, ⟨Jf⟩=1.1e-04, ⟨B·n⟩=3.0e-03, Len=sum([2.4, 2.4, 2.4, 2.5, 2.6])=12.3, ϰ=[8.7, 8.2, 9.1, 10.5, 10.7], ∫ϰ²/L>=[14.8, 14.4, 17.1, 19.5, 20.0], C-C-Sep=0.08, ║∇J║=3.1e-04
Iteration 1687/2000-----
currents: [100000.0, 99999.99997317091, 99999.99996446518, 99999.99996523873, 99999.99996514119]
J=1.2e-04, ⟨Jf⟩=1.1e-04, ⟨B·n⟩=3.0e-03, Len=sum([2.4, 2.4, 2.4, 2.5, 2.6])=12.3, ϰ=[8.7, 8.2, 9.1, 10.5, 10.7], ∫ϰ²/L>=[14.8, 14.4, 17.1, 19.5, 20.0], C-C-Sep=0.08, ║∇J║=3.4e-04
Iteration 1688/2000-----
currents: [100000.0, 99999.99997319058, 99999.99996449039, 99999.99996526296, 99999.99996516567]
J=1.2e-04, ⟨Jf⟩=1.1e-04, ⟨B·n⟩=3.0e-03, Len=sum([2.4, 2.4, 2.4, 2.5, 2.6])=12.3, ϰ=[8.7, 8.2, 9.1, 10.5, 10.7], ∫ϰ²/L>=[14.8, 14.4, 17.1, 19.5, 20.0], C-C-Sep=0.08, ║∇J║=3.3e-04
Iteration 1689/2000-----
currents: [100000.0, 99999.99997314415, 99999.99996443084, 99999.9999652059, 99999.99996510799]
J=1.2e-04, ⟨Jf⟩=1.1e-04, ⟨B·n⟩=3.0e-03, Len=sum([2.4, 2.4, 2.4, 2.5, 2.6])=12.3, ϰ=[8.7, 8.2, 9.1, 10.5, 10.7], ∫ϰ²/L>=[14.8, 14.4, 17.1, 19.5, 20.0], C-C-Sep=0.08, ║∇J║=2.8e-04
Iteration 1690/2000-----
currents: [100000.0, 99999.99997310672, 99999.99996438292, 99999.99996515994, 99999.99996506152]
J=1.2e-04, ⟨Jf⟩=1.1e-04, ⟨B·n⟩=3.0e-03, Len=sum([2.4, 2.4, 2.4, 2.5, 2.6])=12.3, ϰ=[8.7, 8.2, 9.1, 10.5, 10.7], ∫ϰ²/L>=[14.8, 14.4, 17.1, 19.5, 20.0], C-C-Sep=0.08, ║∇J║=3.2e-04
Iteration 1691/2000-----
currents: [100000.0, 99999.99997303903, 99999.99996429605, 99999.99996507668, 99999.99996497728]
J=1.2e-04, ⟨Jf⟩=1.1e-04, ⟨B·n⟩=3.0e-03, Len=sum([2.4, 2.4, 2.4, 2.5, 2.6])=12.3, ϰ=[8.7, 8.2, 9.1, 10.5, 10.7], ∫ϰ²/L>=[14.9, 14.4, 17.1, 19.5, 20.0], C-C-Sep=0.08, ║∇J║=3.0e-04
Iteration 1692/2000-----
currents: [100000.0, 99999.99997300182, 99999.99996424839, 99999.99996503108, 99999.99996493118]
J=1.2e-04, ⟨Jf⟩=1.1e-04, ⟨B·n⟩=3.0e-03, Len=sum([2.4, 2.4, 2.4, 2.5, 2.6])=12.3, ϰ=[8.7, 8.2, 9.1, 10.5, 10.7], ∫ϰ²/L>=[14.9, 14.4, 17.1, 19.5, 20.0], C-C-Sep=0.08, ║∇J║=3.1e-04
Iteration 1693/2000-----
currents: [100000.0, 99999.99997292888, 99999.99996415501, 99999.99996494161, 99999.99996484078]
J=1.2e-04, ⟨Jf⟩=1.1e-04, ⟨B·n⟩=3.0e-03, Len=sum([2.4, 2.4, 2.4, 2.5, 2.6])=12.3, ϰ=[8.7, 8.2, 9.1, 10.5, 10.7], ∫ϰ²/L>=[14.9, 14.4, 17.1, 19.5, 20.0], C-C-Sep=0.08, ║∇J║=3.2e-04
Iteration 1694/2000-----
currents: [100000.0, 99999.99997285765, 99999.99996406383, 99999.99996485432, 99999.99996475254]
J=1.2e-04, ⟨Jf⟩=1.1e-04, ⟨B·n⟩=3.0e-03, Len=sum([2.4, 2.4, 2.4, 2.5, 2.6])=12.3, ϰ=[8.7, 8.2, 9.1, 10.5, 10.7], ∫ϰ²/L>=[14.9, 14.4, 17.1, 19.5, 20.0], C-C-Sep=0.08, ║∇J║=3.3e-04
Iteration 1695/2000-----
currents: [100000.0, 99999.99997275845, 99999.99996393679, 99999.99996473257, 99999.99996462965]
J=1.2e-04, ⟨Jf⟩=1.1e-04, ⟨B·n⟩=3.0e-03, Len=sum([2.4, 2.4, 2.4, 2.5, 2.6])=12.3, ϰ=[8.7, 8.2, 9.1, 10.4, 10.7], ∫ϰ²/L>=[14.9, 14.4, 17.1, 19.5, 20.0], C-C-Sep=0.08, ║∇J║=3.6e-04
Iteration 1696/2000-----
currents: [100000.0, 99999.99997273824, 99999.99996391102, 99999.99996470801, 99999.99996460474]
J=1.2e-04, ⟨Jf⟩=1.1e-04, ⟨B·n⟩=3.0e-03, Len=sum([2.4, 2.4, 2.4, 2.5, 2.6])=12.3, ϰ=[8.7, 8.2, 9.1, 10.4, 10.7], ∫ϰ²/L>=[14.9, 14.4, 17.1, 19.5, 20.0], C-C-Sep=0.08, ║∇J║=3.1e-04
Iteration 1697/2000-----
currents: [100000.0, 99999.99997268037, 99999.99996383676, 99999.99996463688, 99999.99996453276]
J=1.2e-04, ⟨Jf⟩=1.1e-04, ⟨B·n⟩=3.0e-03, Len=sum([2.4, 2.4, 2.4, 2.5, 2.6])=12.3, ϰ=[8.7, 8.2, 9.1, 10.4, 10.7], ∫ϰ²/L>=[14.9, 14.5, 17.1, 19.5, 20.0], C-C-Sep=0.08, ║∇J║=3.9e-04
Iteration 1698/2000-----
currents: [100000.0, 99999.99997266193, 99999.99996381317, 99999.99996461441, 99999.99996451]
J=1.2e-04, ⟨Jf⟩=1.1e-04, ⟨B·n⟩=3.0e-03, Len=sum([2.4, 2.4, 2.4, 2.5, 2.6])=12.3, ϰ=[8.7, 8.2, 9.1, 10.4, 10.7], ∫ϰ²/L>=[14.9, 14.4, 17.1, 19.5, 20.0], C-C-Sep=0.08, ║∇J║=3.4e-04
Iteration 1699/2000-----
currents: [100000.0, 99999.99997249349, 99999.99996359744, 99999.99996440782, 99999.99996430115]
J=1.2e-04, ⟨Jf⟩=1.1e-04, ⟨B·n⟩=3.0e-03, Len=sum([2.4, 2.4, 2.4, 2.5, 2.6])=12.3, ϰ=[8.7, 8.2, 9.1, 10.4, 10.7], ∫ϰ²/L>=[14.9, 14.5, 17.1, 19.5, 20.1], C-C-Sep=0.08, ║∇J║=5.5e-04
Iteration 1700/2000-----
currents: [100000.0, 99999.99997257694, 99999.99996370432, 99999.99996451018, 99999.99996440463]
J=1.2e-04, ⟨Jf⟩=1.1e-04, ⟨B·n⟩=3.0e-03, Len=sum([2.4, 2.4, 2.4, 2.5, 2.6])=12.3, ϰ=[8.7, 8.2, 9.1, 10.4, 10.7], ∫ϰ²/L>=[14.9, 14.5, 17.1, 19.5, 20.1], C-C-Sep=0.08, ║∇J║=3.3e-04
Iteration 1701/2000-----
currents: [100000.0, 99999.99997254551, 99999.99996366428, 99999.99996447196, 99999.9999643661]
J=1.2e-04, ⟨Jf⟩=1.1e-04, ⟨B·n⟩=3.0e-03, Len=sum([2.4, 2.4, 2.4, 2.5, 2.6])=12.3, ϰ=[8.7, 8.2, 9.1, 10.4, 10.7], ∫ϰ²/L>=[14.9, 14.5, 17.1, 19.5, 20.0], C-C-Sep=0.08, ║∇J║=5.2e-04
Iteration 1702/2000-----
currents: [100000.0, 99999.99997249544, 99999.9999636001, 99999.99996441051, 99999.99996430395]
J=1.2e-04, ⟨Jf⟩=1.1e-04, ⟨B·n⟩=3.0e-03, Len=sum([2.4, 2.4, 2.4, 2.5, 2.6])=12.3, ϰ=[8.7, 8.2, 9.1, 10.4, 10.7], ∫ϰ²/L>=[14.9, 14.5, 17.1, 19.5, 20.1], C-C-Sep=0.08, ║∇J║=4.1e-04
Iteration 1703/2000-----
currents: [100000.0, 99999.99997255296, 99999.9999636737, 99999.99996448094, 99999.99996437528]
J=1.2e-04, ⟨Jf⟩=1.1e-04, ⟨B·n⟩=3.0e-03, Len=sum([2.4, 2.4, 2.4, 2.5, 2.6])=12.3, ϰ=[8.7, 8.2, 9.1, 10.4, 10.7], ∫ϰ²/L>=[14.9, 14.4, 17.1, 19.5, 20.1], C-C-Sep=0.08, ║∇J║=4.1e-04
Iteration 1704/2000-----
currents: [100000.0, 99999.99997249807, 99999.99996360335, 99999.99996441357, 99999.99996430721]
J=1.2e-04, ⟨Jf⟩=1.1e-04, ⟨B·n⟩=3.0e-03, Len=sum([2.4, 2.4, 2.4, 2.5, 2.6])=12.3, ϰ=[8.7, 8.2, 9.1, 10.4, 10.7], ∫ϰ²/L>=[14.9, 14.5, 17.1, 19.5, 20.1], C-C-Sep=0.08, ║∇J║=3.6e-04
Iteration 1705/2000-----
currents: [100000.0, 99999.99997247098, 99999.9999635687, 99999.99996438045, 99999.9999642737]
J=1.2e-04, ⟨Jf⟩=1.1e-04, ⟨B·n⟩=3.0e-03, Len=sum([2.4, 2.4, 2.4, 2.5, 2.6])=12.3, ϰ=[8.7, 8.2, 9.0, 10.4, 10.7], ∫ϰ²/L>=[14.9, 14.5, 17.1, 19.5, 20.1], C-C-Sep=0.08, ║∇J║=4.3e-04
Iteration 1706/2000-----
currents: [100000.0, 99999.99997245906, 99999.99996355336, 99999.99996436575, 99999.99996425892]
J=1.2e-04, ⟨Jf⟩=1.1e-04, ⟨B·n⟩=3.0e-03, Len=sum([2.4, 2.4, 2.4, 2.5, 2.6])=12.3, ϰ=[8.7, 8.2, 9.1, 10.4, 10.7], ∫ϰ²/L>=[14.9, 14.5, 17.1, 19.5, 20.1], C-C-Sep=0.08, ║∇J║=3.0e-04
Iteration 1707/2000-----
currents: [100000.0, 99999.99997245724, 99999.99996355092, 99999.99996436332, 99999.99996425658]
J=1.2e-04, ⟨Jf⟩=1.1e-04, ⟨B·n⟩=3.0e-03, Len=sum([2.4, 2.4, 2.4, 2.5, 2.6])=12.3, ϰ=[8.7, 8.2, 9.0, 10.4, 10.7], ∫ϰ²/L>=[14.9, 14.5, 17.1, 19.5, 20.1], C-C-Sep=0.08, ║∇J║=2.9e-04
Iteration 1708/2000-----
currents: [100000.0, 99999.99997244445, 99999.99996353443, 99999.99996434752, 99999.99996424065]
J=1.2e-04, ⟨Jf⟩=1.1e-04, ⟨B·n⟩=3.0e-03, Len=sum([2.4, 2.4, 2.4, 2.5, 2.6])=12.3, ϰ=[8.7, 8.2, 9.0, 10.4, 10.7], ∫ϰ²/L>=[14.9, 14.5, 17.1, 19.5, 20.1], C-C-Sep=0.08, ║∇J║=2.7e-04
Iteration 1709/2000-----
currents: [100000.0, 99999.99997239938, 99999.9999634766, 99999.99996429207, 99999.99996418465]
J=1.2e-04, ⟨Jf⟩=1.1e-04, ⟨B·n⟩=3.0e-03, Len=sum([2.4, 2.4, 2.4, 2.5, 2.6])=12.3, ϰ=[8.7, 8.3, 9.0, 10.4, 10.7], ∫ϰ²/L>=[14.9, 14.5, 17.1, 19.5, 20.1], C-C-Sep=0.08, ║∇J║=2.7e-04
Iteration 1710/2000-----
currents: [100000.0, 99999.99997236929, 99999.99996343793, 99999.99996425502, 99999.99996414731]
J=1.2e-04, ⟨Jf⟩=1.1e-04, ⟨B·n⟩=3.0e-03, Len=sum([2.4, 2.4, 2.4, 2.5, 2.6])=12.3, ϰ=[8.7, 8.3, 9.0, 10.4, 10.7], ∫ϰ²/L>=[14.9, 14.5, 17.1, 19.5, 20.1], C-C-Sep=0.08, ║∇J║=3.4e-04
Iteration 1711/2000-----
currents: [100000.0, 99999.99997233682, 99999.99996339626, 99999.99996421508, 99999.99996410692]
J=1.2e-04, ⟨Jf⟩=1.1e-04, ⟨B·n⟩=3.0e-03, Len=sum([2.4, 2.4, 2.4, 2.5, 2.6])=12.3, ϰ=[8.7, 8.3, 9.0, 10.5, 10.7], ∫ϰ²/L>=[14.9, 14.5, 17.0, 19.5, 20.1], C-C-Sep=0.08, ║∇J║=3.3e-04
Iteration 1712/2000-----
currents: [100000.0, 99999.99997232688, 99999.9999633835, 99999.99996420281, 99999.99996409456]
J=1.2e-04, ⟨Jf⟩=1.1e-04, ⟨B·n⟩=3.0e-03, Len=sum([2.4, 2.4, 2.4, 2.5, 2.6])=12.3, ϰ=[8.7, 8.3, 9.0, 10.5, 10.7], ∫ϰ²/L>=[14.9, 14.4, 17.0, 19.5, 20.1], C-C-Sep=0.08, ║∇J║=3.0e-04
Iteration 1713/2000-----
currents: [100000.0, 99999.99997230385, 99999.99996335409, 99999.99996417461, 99999.99996406608]
J=1.2e-04, ⟨Jf⟩=1.1e-04, ⟨B·n⟩=3.0e-03, Len=sum([2.4, 2.4, 2.4, 2.5, 2.6])=12.3, ϰ=[8.7, 8.2, 9.0, 10.5, 10.7], ∫ϰ²/L>=[14.9, 14.4, 17.0, 19.5, 20.1], C-C-Sep=0.08, ║∇J║=2.7e-04
Iteration 1714/2000-----
currents: [100000.0, 99999.99997229083, 99999.99996333735, 99999.99996415857, 99999.99996404987]
J=1.2e-04, ⟨Jf⟩=1.1e-04, ⟨B·n⟩=3.0e-03, Len=sum([2.4, 2.4, 2.4, 2.5, 2.6])=12.3, ϰ=[8.7, 8.2, 9.0, 10.5, 10.7], ∫ϰ²/L>=[14.9, 14.4, 17.0, 19.5, 20.1], C-C-Sep=0.08, ║∇J║=2.7e-04
Iteration 1715/2000-----
currents: [100000.0, 99999.99997225955, 99999.9999632972, 99999.99996412, 99999.99996401096]
J=1.2e-04, ⟨Jf⟩=1.1e-04, ⟨B·n⟩=3.0e-03, Len=sum([2.4, 2.4, 2.4, 2.5, 2.6])=12.3, ϰ=[8.7, 8.2, 9.0, 10.5, 10.8], ∫ϰ²/L>=[14.9, 14.5, 17.0, 19.5, 20.1], C-C-Sep=0.08, ║∇J║=2.7e-04
Iteration 1716/2000-----
currents: [100000.0, 99999.99997222025, 99999.99996324674, 99999.99996407166, 99999.99996396217]
J=1.2e-04, ⟨Jf⟩=1.1e-04, ⟨B·n⟩=3.0e-03, Len=sum([2.4, 2.4, 2.4, 2.5, 2.6])=12.3, ϰ=[8.7, 8.3, 9.0, 10.5, 10.8], ∫ϰ²/L>=[14.9, 14.5, 17.0, 19.5, 20.1], C-C-Sep=0.08, ║∇J║=2.8e-04
Iteration 1717/2000-----
currents: [100000.0, 99999.99997214248, 99999.99996314701, 99999.99996397605, 99999.99996386564]
J=1.2e-04, ⟨Jf⟩=1.1e-04, ⟨B·n⟩=3.0e-03, Len=sum([2.4, 2.4, 2.4, 2.5, 2.6])=12.3, ϰ=[8.7, 8.3, 9.0, 10.6, 10.8], ∫ϰ²/L>=[14.9, 14.5, 17.0, 19.5, 20.1], C-C-Sep=0.08, ║∇J║=3.0e-04
Iteration 1718/2000-----
currents: [100000.0, 99999.99997204953, 99999.99996302788, 99999.99996386193, 99999.99996375032]
J=1.2e-04, ⟨Jf⟩=1.1e-04, ⟨B·n⟩=3.0e-03, Len=sum([2.4, 2.4, 2.4, 2.5, 2.6])=12.3, ϰ=[8.7, 8.3, 9.0, 10.6, 10.8], ∫ϰ²/L>=[14.9, 14.5, 17.0, 19.5, 20.1], C-C-Sep=0.08, ║∇J║=3.7e-04
Iteration 1719/2000-----
currents: [100000.0, 99999.99997197755, 99999.99996293575, 99999.99996377382, 99999.99996366129]
J=1.2e-04, ⟨Jf⟩=1.1e-04, ⟨B·n⟩=3.0e-03, Len=sum([2.4, 2.4, 2.4, 2.5, 2.6])=12.3, ϰ=[8.8, 8.3, 9.0, 10.6, 10.8], ∫ϰ²/L>=[14.9, 14.5, 17.0, 19.6, 20.2], C-C-Sep=0.08, ║∇J║=3.6e-04
Iteration 1720/2000-----
currents: [100000.0, 99999.9999718738, 99999.99996280296, 99999.99996364681, 99999.99996353296]
J=1.2e-04, ⟨Jf⟩=1.1e-04, ⟨B·n⟩=3.0e-03, Len=sum([2.4, 2.4, 2.4, 2.5, 2.6])=12.3, ϰ=[8.8, 8.3, 8.9, 10.6, 10.9], ∫ϰ²/L>=[14.9, 14.5, 17.0, 19.6, 20.2], C-C-Sep=0.08, ║∇J║=4.2e-04
Iteration 1721/2000-----
currents: [100000.0, 99999.99997194619, 99999.99996289595, 99999.99996373587, 99999.99996362296]
J=1.2e-04, ⟨Jf⟩=1.1e-04, ⟨B·n⟩=3.0e-03, Len=sum([2.4, 2.4, 2.4, 2.5, 2.6])=12.3, ϰ=[8.7, 8.3, 8.9, 10.5, 10.8], ∫ϰ²/L>=[14.9, 14.4, 17.0, 19.5, 20.2], C-C-Sep=0.08, ║∇J║=3.7e-04
Iteration 1722/2000-----
currents: [100000.0, 99999.99997186022, 99999.99996278576, 99999.9999636302, 99999.99996351624]
J=1.2e-04, ⟨Jf⟩=1.1e-04, ⟨B·n⟩=3.0e-03, Len=sum([2.4, 2.4, 2.4, 2.5, 2.6])=12.3, ϰ=[8.7, 8.3, 8.9, 10.6, 10.8], ∫ϰ²/L>=[14.9, 14.5, 17.0, 19.6, 20.2], C-C-Sep=0.08, ║∇J║=4.9e-04
Iteration 1723/2000-----
currents: [100000.0, 99999.99997187805, 99999.99996280848, 99999.99996365198, 99999.99996353826]
J=1.2e-04, ⟨Jf⟩=1.1e-04, ⟨B·n⟩=3.0e-03, Len=sum([2.4, 2.4, 2.4, 2.5, 2.6])=12.3, ϰ=[8.8, 8.3, 8.9, 10.6, 10.8], ∫ϰ²/L>=[14.9, 14.5, 17.0, 19.6, 20.2], C-C-Sep=0.08, ║∇J║=3.0e-04
Iteration 1724/2000-----
currents: [100000.0, 99999.99997184097, 99999.99996276104, 99999.99996360653, 99999.99996349234]
J=1.2e-04, ⟨Jf⟩=1.1e-04, ⟨B·n⟩=3.0e-03, Len=sum([2.4, 2.4, 2.4, 2.5, 2.6])=12.3, ϰ=[8.8, 8.3, 8.9, 10.6, 10.9], ∫ϰ²/L>=[14.9, 14.5, 17.0, 19.6, 20.2], C-C-Sep=0.08, ║∇J║=2.9e-04
Iteration 1725/2000-----
currents: [100000.0, 99999.99997181701, 99999.9999627304, 99999.99996357723, 99999.99996346272]
J=1.2e-04, ⟨Jf⟩=1.1e-04, ⟨B·n⟩=3.0e-03, Len=sum([2.4, 2.4, 2.4, 2.5, 2.6])=12.3, ϰ=[8.8, 8.3, 8.9, 10.6, 10.9], ∫ϰ²/L>=[14.9, 14.5, 17.0, 19.6, 20.2], C-C-Sep=0.08, ║∇J║=2.7e-04
Iteration 1726/2000-----
currents: [100000.0, 99999.99997177608, 99999.99996267806, 99999.99996352707, 99999.99996341205]
J=1.2e-04, ⟨Jf⟩=1.1e-04, ⟨B·n⟩=3.0e-03, Len=sum([2.4, 2.4, 2.4, 2.5, 2.6])=12.3, ϰ=[8.8, 8.3, 8.9, 10.6, 10.9], ∫ϰ²/L>=[15.0, 14.5, 17.0, 19.6, 20.2], C-C-Sep=0.08, ║∇J║=3.4e-04
Iteration 1727/2000-----
currents: [100000.0, 99999.99997173749, 99999.9999626286, 99999.99996347964, 99999.99996336423]
J=1.2e-04, ⟨Jf⟩=1.1e-04, ⟨B·n⟩=3.0e-03, Len=sum([2.4, 2.4, 2.4, 2.5, 2.6])=12.3, ϰ=[8.8, 8.3, 8.9, 10.6, 10.8], ∫ϰ²/L>=[15.0, 14.5, 17.0, 19.6, 20.2], C-C-Sep=0.08, ║∇J║=4.0e-04
Iteration 1728/2000-----
currents: [100000.0, 99999.99997169555, 99999.99996257477, 99999.99996342818, 99999.99996331216]
J=1.2e-04, ⟨Jf⟩=1.1e-04, ⟨B·n⟩=3.0e-03, Len=sum([2.4, 2.4, 2.4, 2.5, 2.6])=12.3, ϰ=[8.8, 8.3, 8.9, 10.6, 10.9], ∫ϰ²/L>=[15.0, 14.5, 17.0, 19.6, 20.2], C-C-Sep=0.08, ║∇J║=3.2e-04
Iteration 1729/2000-----
currents: [100000.0, 99999.9999716335, 99999.99996249522, 99999.99996335208, 99999.99996323527]
J=1.2e-04, ⟨Jf⟩=1.1e-04, ⟨B·n⟩=3.0e-03, Len=sum([2.4, 2.4, 2.4, 2.5, 2.6])=12.3, ϰ=[8.8, 8.3, 8.9, 10.6, 10.9], ∫ϰ²/L>=[15.0, 14.5, 17.0, 19.6, 20.3], C-C-Sep=0.08, ║∇J║=3.3e-04
Iteration 1730/2000-----
currents: [100000.0, 99999.99997156013, 99999.99996240126, 99999.99996326216, 99999.99996314441]
J=1.2e-04, ⟨Jf⟩=1.1e-04, ⟨B·n⟩=3.0e-03, Len=sum([2.4, 2.4, 2.4, 2.5, 2.6])=12.3, ϰ=[8.9, 8.3, 8.8, 10.6, 10.9], ∫ϰ²/L>=[15.0, 14.5, 17.0, 19.6, 20.3], C-C-Sep=0.08, ║∇J║=3.2e-04
Iteration 1731/2000-----
currents: [100000.0, 99999.99997150747, 99999.99996233378, 99999.99996319754, 99999.99996307919]
J=1.2e-04, ⟨Jf⟩=1.1e-04, ⟨B·n⟩=3.0e-03, Len=sum([2.4, 2.4, 2.4, 2.5, 2.6])=12.3, ϰ=[8.9, 8.3, 8.8, 10.6, 10.9], ∫ϰ²/L>=[15.0, 14.5, 17.0, 19.6, 20.3], C-C-Sep=0.08, ║∇J║=3.4e-04
Iteration 1732/2000-----
currents: [100000.0, 99999.99997147497, 99999.99996229216, 99999.99996315772, 99999.99996303894]
J=1.2e-04, ⟨Jf⟩=1.1e-04, ⟨B·n⟩=3.0e-03, Len=sum([2.4, 2.4, 2.4, 2.5, 2.6])=12.3, ϰ=[8.9, 8.3, 8.8, 10.6, 10.9], ∫ϰ²/L>=[15.0, 14.5, 17.0, 19.6, 20.3], C-C-Sep=0.08, ║∇J║=3.6e-04
Iteration 1733/2000-----
currents: [100000.0, 99999.99997144927, 99999.99996225921, 99999.99996312601, 99999.99996300698]
J=1.2e-04, ⟨Jf⟩=1.1e-04, ⟨B·n⟩=3.0e-03, Len=sum([2.4, 2.4, 2.4, 2.5, 2.6])=12.3, ϰ=[8.9, 8.3, 8.8, 10.6, 10.9], ∫ϰ²/L>=[15.0, 14.5, 17.0, 19.6, 20.3], C-C-Sep=0.08, ║∇J║=3.0e-04
Iteration 1734/2000-----
currents: [100000.0, 99999.99997139833, 99999.99996219385, 99999.99996306334, 99999.9999629437]
J=1.2e-04, ⟨Jf⟩=1.1e-04, ⟨B·n⟩=3.0e-03, Len=sum([2.4, 2.4, 2.4, 2.5, 2.6])=12.3, ϰ=[8.9, 8.3, 8.8, 10.6, 10.9], ∫ϰ²/L>=[15.0, 14.5, 17.0, 19.6, 20.3], C-C-Sep=0.08, ║∇J║=3.6e-04
Iteration 1735/2000-----
currents: [100000.0, 99999.9999714294, 99999.99996223363, 99999.9999631014, 99999.9999629822]
J=1.2e-04, ⟨Jf⟩=1.1e-04, ⟨B·n⟩=3.0e-03, Len=sum([2.4, 2.4, 2.4, 2.5, 2.6])=12.3, ϰ=[8.9, 8.3, 8.8, 10.6, 10.9], ∫ϰ²/L>=[15.0, 14.5, 17.0, 19.6, 20.3], C-C-Sep=0.08, ║∇J║=3.0e-04
Iteration 1736/2000-----
currents: [100000.0, 99999.99997135397, 99999.99996213701, 99999.99996300887, 99999.99996288879]
J=1.2e-04, ⟨Jf⟩=1.1e-04, ⟨B·n⟩=3.0e-03, Len=sum([2.4, 2.4, 2.4, 2.5, 2.6])=12.3, ϰ=[8.9, 8.3, 8.8, 10.6, 10.9], ∫ϰ²/L>=[15.0, 14.5, 17.0, 19.6, 20.3], C-C-Sep=0.08, ║∇J║=4.2e-04
Iteration 1737/2000-----
currents: [100000.0, 99999.99997137704, 99999.99996216653, 99999.99996303713, 99999.99996291731]
J=1.2e-04, ⟨Jf⟩=1.1e-04, ⟨B·n⟩=3.0e-03, Len=sum([2.4, 2.4, 2.4, 2.5, 2.6])=12.3, ϰ=[8.9, 8.3, 8.8, 10.6, 10.9], ∫ϰ²/L>=[15.0, 14.5, 17.0, 19.6, 20.2], C-C-Sep=0.08, ║∇J║=4.0e-04
Iteration 1738/2000-----
currents: [100000.0, 99999.99997135572, 99999.99996213922, 99999.99996301094, 99999.99996289091]
J=1.2e-04, ⟨Jf⟩=1.1e-04, ⟨B·n⟩=3.0e-03, Len=sum([2.4, 2.4, 2.4, 2.5, 2.6])=12.3, ϰ=[8.9, 8.3, 8.8, 10.6, 10.9], ∫ϰ²/L>=[15.0, 14.5, 17.0, 19.6, 20.2], C-C-Sep=0.08, ║∇J║=3.4e-04
Iteration 1739/2000-----
currents: [100000.0, 99999.99997131989, 99999.99996209332, 99999.999962967, 99999.99996284653]
J=1.2e-04, ⟨Jf⟩=1.1e-04, ⟨B·n⟩=3.0e-03, Len=sum([2.4, 2.4, 2.4, 2.5, 2.6])=12.3, ϰ=[8.9, 8.3, 8.8, 10.7, 10.9], ∫ϰ²/L>=[15.0, 14.5, 17.0, 19.6, 20.2], C-C-Sep=0.08, ║∇J║=2.8e-04
Iteration 1740/2000-----
currents: [100000.0, 99999.9999712496, 99999.9999620033, 99999.99996288083, 99999.99996275944]
J=1.2e-04, ⟨Jf⟩=1.1e-04, ⟨B·n⟩=3.0e-03, Len=sum([2.4, 2.4, 2.4, 2.5, 2.6])=12.3, ϰ=[8.9, 8.3, 8.8, 10.7, 10.9], ∫ϰ²/L>=[15.0, 14.5, 17.0, 19.6, 20.2], C-C-Sep=0.08, ║∇J║=2.7e-04
Iteration 1741/2000-----
currents: [100000.0, 99999.9999711549, 99999.99996188204, 99999.9999627647, 99999.99996264212]
J=1.2e-04, ⟨Jf⟩=1.1e-04, ⟨B·n⟩=3.0e-03, Len=sum([2.4, 2.4, 2.4, 2.5, 2.6])=12.3, ϰ=[8.9, 8.3, 8.8, 10.7, 10.9], ∫ϰ²/L>=[15.0, 14.5, 17.0, 19.6, 20.3], C-C-Sep=0.08, ║∇J║=3.7e-04
Iteration 1742/2000-----
currents: [100000.0, 99999.9999711168, 99999.99996183335, 99999.99996271805, 99999.99996259506]
J=1.2e-04, ⟨Jf⟩=1.1e-04, ⟨B·n⟩=3.0e-03, Len=sum([2.4, 2.4, 2.4, 2.5, 2.6])=12.3, ϰ=[8.9, 8.3, 8.8, 10.7, 10.9], ∫ϰ²/L>=[15.0, 14.5, 16.9, 19.6, 20.2], C-C-Sep=0.08, ║∇J║=3.1e-04
Iteration 1743/2000-----
currents: [100000.0, 99999.99997108027, 99999.99996178663, 99999.9999626733, 99999.99996254992]
J=1.2e-04, ⟨Jf⟩=1.1e-04, ⟨B·n⟩=3.0e-03, Len=sum([2.4, 2.4, 2.4, 2.5, 2.6])=12.3, ϰ=[8.9, 8.3, 8.8, 10.7, 10.9], ∫ϰ²/L>=[15.0, 14.5, 16.9, 19.6, 20.3], C-C-Sep=0.08, ║∇J║=3.2e-04
Iteration 1744/2000-----
currents: [100000.0, 99999.999971057, 99999.99996175678, 99999.99996264477, 99999.99996252109]
J=1.2e-04, ⟨Jf⟩=1.1e-04, ⟨B·n⟩=3.0e-03, Len=sum([2.4, 2.4, 2.4, 2.5, 2.6])=12.3, ϰ=[8.9, 8.3, 8.8, 10.7, 10.9], ∫ϰ²/L>=[15.0, 14.5, 16.9, 19.6, 20.3], C-C-Sep=0.08, ║∇J║=3.1e-04
Iteration 1745/2000-----
currents: [100000.0, 99999.99997098366, 99999.9999616628, 99999.9999625548, 99999.99996243019]
J=1.2e-04, ⟨Jf⟩=1.1e-04, ⟨B·n⟩=3.0e-03, Len=sum([2.4, 2.4, 2.4, 2.5, 2.6])=12.3, ϰ=[8.9, 8.3, 8.8, 10.7, 10.9], ∫ϰ²/L>=[15.0, 14.5, 16.9, 19.6, 20.3], C-C-Sep=0.08, ║∇J║=3.4e-04
Iteration 1746/2000-----
currents: [100000.0, 99999.99997100803, 99999.99996169405, 99999.99996258468, 99999.99996246034]
J=1.2e-04, ⟨Jf⟩=1.1e-04, ⟨B·n⟩=3.0e-03, Len=sum([2.4, 2.4, 2.4, 2.5, 2.6])=12.3, ϰ=[8.9, 8.3, 8.8, 10.7, 10.9], ∫ϰ²/L>=[15.0, 14.5, 16.9, 19.6, 20.3], C-C-Sep=0.08, ║∇J║=3.6e-04
Iteration 1747/2000-----
currents: [100000.0, 99999.9999709709, 99999.99996164654, 99999.9999625392, 99999.99996241437]
J=1.2e-04, ⟨Jf⟩=1.1e-04, ⟨B·n⟩=3.0e-03, Len=sum([2.4, 2.4, 2.4, 2.5, 2.6])=12.3, ϰ=[8.9, 8.3, 8.8, 10.7, 10.9], ∫ϰ²/L>=[15.0, 14.5, 16.9, 19.6, 20.2], C-C-Sep=0.08, ║∇J║=3.2e-04
Iteration 1748/2000-----
currents: [100000.0, 99999.99997096414, 99999.99996163788, 99999.99996253096, 99999.99996240597]
J=1.2e-04, ⟨Jf⟩=1.1e-04, ⟨B·n⟩=3.0e-03, Len=sum([2.4, 2.4, 2.4, 2.5, 2.6])=12.3, ϰ=[8.9, 8.3, 8.8, 10.7, 10.9], ∫ϰ²/L>=[15.0, 14.5, 16.9, 19.6, 20.2], C-C-Sep=0.08, ║∇J║=3.0e-04
Iteration 1749/2000-----
currents: [100000.0, 99999.99997091168, 99999.99996157066, 99999.99996246652, 99999.99996234085]
J=1.2e-04, ⟨Jf⟩=1.1e-04, ⟨B·n⟩=3.0e-03, Len=sum([2.4, 2.4, 2.4, 2.5, 2.6])=12.3, ϰ=[8.8, 8.3, 8.8, 10.7, 10.9], ∫ϰ²/L>=[15.0, 14.5, 16.9, 19.6, 20.2], C-C-Sep=0.08, ║∇J║=3.2e-04
Iteration 1750/2000-----
currents: [100000.0, 99999.99997085221, 99999.99996149445, 99999.99996239346, 99999.99996226703]
J=1.2e-04, ⟨Jf⟩=1.1e-04, ⟨B·n⟩=3.0e-03, Len=sum([2.4, 2.4, 2.4, 2.5, 2.6])=12.3, ϰ=[8.8, 8.3, 8.8, 10.7, 10.9], ∫ϰ²/L>=[15.0, 14.5, 16.9, 19.6, 20.2], C-C-Sep=0.08, ║∇J║=3.2e-04
Iteration 1751/2000-----
currents: [100000.0, 99999.9999708351, 99999.99996147252, 99999.99996237244, 99999.99996224574]
J=1.2e-04, ⟨Jf⟩=1.1e-04, ⟨B·n⟩=3.0e-03, Len=sum([2.4, 2.4, 2.4, 2.5, 2.6])=12.3, ϰ=[8.8, 8.3, 8.9, 10.7, 10.9], ∫ϰ²/L>=[15.0, 14.5, 16.9, 19.6, 20.2], C-C-Sep=0.08, ║∇J║=3.4e-04
Iteration 1752/2000-----
currents: [100000.0, 99999.99997082868, 99999.99996146427, 99999.99996236454, 99999.99996223772]
J=1.2e-04, ⟨Jf⟩=1.1e-04, ⟨B·n⟩=3.0e-03, Len=sum([2.4, 2.4, 2.4, 2.5, 2.6])=12.3, ϰ=[8.8, 8.3, 8.9, 10.7, 10.9], ∫ϰ²/L>=[15.0, 14.5, 16.9, 19.6, 20.2], C-C-Sep=0.08, ║∇J║=3.4e-04
Iteration 1753/2000-----
currents: [100000.0, 99999.99997079052, 99999.99996141526, 99999.99996231755, 99999.99996219031]
J=1.2e-04, ⟨Jf⟩=1.1e-04, ⟨B·n⟩=3.0e-03, Len=sum([2.4, 2.4, 2.4, 2.5, 2.6])=12.3, ϰ=[8.8, 8.3, 8.9, 10.7, 10.9], ∫ϰ²/L>=[15.0, 14.4, 16.9, 19.6, 20.2], C-C-Sep=0.08, ║∇J║=3.5e-04
Iteration 1754/2000-----
currents: [100000.0, 99999.99997074138, 99999.9999613523, 99999.99996225728, 99999.9999621294]
J=1.2e-04, ⟨Jf⟩=1.1e-04, ⟨B·n⟩=3.0e-03, Len=sum([2.4, 2.4, 2.4, 2.5, 2.6])=12.3, ϰ=[8.8, 8.3, 8.9, 10.7, 10.9], ∫ϰ²/L>=[15.0, 14.4, 16.9, 19.6, 20.2], C-C-Sep=0.08, ║∇J║=3.2e-04
Iteration 1755/2000-----
currents: [100000.0, 99999.99997065385, 99999.99996124019, 99999.9999621499, 99999.99996202094]
J=1.2e-04, ⟨Jf⟩=1.1e-04, ⟨B·n⟩=3.0e-03, Len=sum([2.4, 2.4, 2.4, 2.5, 2.6])=12.3, ϰ=[8.7, 8.3, 8.9, 10.8, 10.9], ∫ϰ²/L>=[15.0, 14.5, 16.9, 19.6, 20.2], C-C-Sep=0.08, ║∇J║=3.7e-04
Iteration 1756/2000-----
currents: [100000.0, 99999.99997059385, 99999.99996116331, 99999.99996207628, 99999.99996194658]
J=1.2e-04, ⟨Jf⟩=1.1e-04, ⟨B·n⟩=3.0e-03, Len=sum([2.4, 2.4, 2.4, 2.5, 2.6])=12.3, ϰ=[8.7, 8.3, 8.9, 10.7, 10.9], ∫ϰ²/L>=[15.0, 14.4, 16.9, 19.7, 20.2], C-C-Sep=0.08, ║∇J║=3.2e-04
Iteration 1757/2000-----
currents: [100000.0, 99999.99997055477, 99999.99996111324, 99999.99996202833, 99999.99996189814]
J=1.2e-04, ⟨Jf⟩=1.1e-04, ⟨B·n⟩=3.0e-03, Len=sum([2.4, 2.4, 2.4, 2.5, 2.6])=12.3, ϰ=[8.7, 8.3, 9.0, 10.7, 10.9], ∫ϰ²/L>=[15.0, 14.5, 16.9, 19.7, 20.2], C-C-Sep=0.08, ║∇J║=3.3e-04
Iteration 1758/2000-----
currents: [100000.0, 99999.99997045114, 99999.99996098054, 99999.99996190128, 99999.99996176979]
J=1.2e-04, ⟨Jf⟩=1.1e-04, ⟨B·n⟩=3.0e-03, Len=sum([2.4, 2.4, 2.4, 2.5, 2.6])=12.3, ϰ=[8.7, 8.3, 8.9, 10.7, 10.9], ∫ϰ²/L>=[15.0, 14.5, 16.9, 19.7, 20.2], C-C-Sep=0.08, ║∇J║=3.8e-04
Iteration 1759/2000-----
currents: [100000.0, 99999.99997051385, 99999.99996106088, 99999.99996197817, 99999.99996184756]
J=1.2e-04, ⟨Jf⟩=1.1e-04, ⟨B·n⟩=3.0e-03, Len=sum([2.4, 2.4, 2.4, 2.5, 2.6])=12.3, ϰ=[8.7, 8.3, 8.9, 10.7, 10.9], ∫ϰ²/L>=[15.0, 14.4, 16.9, 19.7, 20.2], C-C-Sep=0.08, ║∇J║=5.5e-04
Iteration 1760/2000-----
currents: [100000.0, 99999.99997046062, 99999.99996099272, 99999.99996191292, 99999.99996178166]
J=1.2e-04, ⟨Jf⟩=1.1e-04, ⟨B·n⟩=3.0e-03, Len=sum([2.4, 2.4, 2.4, 2.5, 2.6])=12.3, ϰ=[8.7, 8.3, 8.9, 10.7, 10.9], ∫ϰ²/L>=[15.0, 14.4, 16.9, 19.7, 20.2], C-C-Sep=0.08, ║∇J║=4.9e-04
Iteration 1761/2000-----
currents: [100000.0, 99999.99997045167, 99999.99996098125, 99999.99996190189, 99999.99996177047]
J=1.2e-04, ⟨Jf⟩=1.1e-04, ⟨B·n⟩=3.0e-03, Len=sum([2.4, 2.4, 2.4, 2.5, 2.6])=12.3, ϰ=[8.7, 8.3, 8.9, 10.7, 10.9], ∫ϰ²/L>=[15.0, 14.4, 16.9, 19.7, 20.2], C-C-Sep=0.08, ║∇J║=3.6e-04
Iteration 1762/2000-----
currents: [100000.0, 99999.99997043521, 99999.9999609602, 99999.99996188172, 99999.99996175013]
J=1.2e-04, ⟨Jf⟩=1.1e-04, ⟨B·n⟩=3.0e-03, Len=sum([2.4, 2.4, 2.4, 2.5, 2.6])=12.3, ϰ=[8.7, 8.3, 8.9, 10.7, 10.9], ∫ϰ²/L>=[15.0, 14.4, 16.9, 19.7, 20.2], C-C-Sep=0.08, ║∇J║=2.3e-04
Iteration 1763/2000-----
currents: [100000.0, 99999.99997039678, 99999.99996091102, 99999.99996183458, 99999.99996170252]
J=1.2e-04, ⟨Jf⟩=1.1e-04, ⟨B·n⟩=3.0e-03, Len=sum([2.4, 2.4, 2.4, 2.5, 2.6])=12.3, ϰ=[8.6, 8.3, 8.9, 10.7, 10.9], ∫ϰ²/L>=[15.0, 14.4, 16.9, 19.7, 20.2], C-C-Sep=0.08, ║∇J║=2.9e-04
Iteration 1764/2000-----
currents: [100000.0, 99999.99997034449, 99999.99996084411, 99999.99996177039, 99999.99996163773]
J=1.2e-04, ⟨Jf⟩=1.1e-04, ⟨B·n⟩=3.0e-03, Len=sum([2.4, 2.4, 2.4, 2.5, 2.6])=12.3, ϰ=[8.6, 8.3, 8.9, 10.7, 10.9], ∫ϰ²/L>=[14.9, 14.4, 16.9, 19.7, 20.2], C-C-Sep=0.08, ║∇J║=3.4e-04
Iteration 1765/2000-----
currents: [100000.0, 99999.99997028719, 99999.99996077073, 99999.99996170001, 99999.99996156663]
J=1.2e-04, ⟨Jf⟩=1.1e-04, ⟨B·n⟩=3.0e-03, Len=sum([2.4, 2.4, 2.4, 2.5, 2.6])=12.3, ϰ=[8.6, 8.3, 8.9, 10.8, 10.9], ∫ϰ²/L>=[14.9, 14.4, 16.9, 19.7, 20.2], C-C-Sep=0.08, ║∇J║=3.3e-04
Iteration 1766/2000-----
currents: [100000.0, 99999.99997026163, 99999.99996073806, 99999.99996166865, 99999.9999615349]
J=1.2e-04, ⟨Jf⟩=1.1e-04, ⟨B·n⟩=3.0e-03, Len=sum([2.4, 2.4, 2.4, 2.5, 2.6])=12.3, ϰ=[8.6, 8.2, 8.9, 10.8, 10.9], ∫ϰ²/L>=[14.9, 14.4, 16.9, 19.7, 20.2], C-C-Sep=0.08, ║∇J║=3.2e-04
Iteration 1767/2000-----
currents: [100000.0, 99999.99997024237, 99999.99996071336, 99999.99996164507, 99999.99996151098]
J=1.2e-04, ⟨Jf⟩=1.1e-04, ⟨B·n⟩=3.0e-03, Len=sum([2.4, 2.4, 2.4, 2.5, 2.6])=12.3, ϰ=[8.6, 8.2, 8.9, 10.8, 10.9], ∫ϰ²/L>=[14.9, 14.4, 16.9, 19.7, 20.2], C-C-Sep=0.08, ║∇J║=3.5e-04
Iteration 1768/2000-----
currents: [100000.0, 99999.99997018752, 99999.99996064305, 99999.99996157768, 99999.99996144288]
J=1.2e-04, ⟨Jf⟩=1.1e-04, ⟨B·n⟩=3.0e-03, Len=sum([2.4, 2.4, 2.4, 2.5, 2.6])=12.3, ϰ=[8.6, 8.2, 8.9, 10.8, 10.9], ∫ϰ²/L>=[14.9, 14.4, 16.9, 19.7, 20.2], C-C-Sep=0.08, ║∇J║=3.2e-04
Iteration 1769/2000-----
currents: [100000.0, 99999.99997015117, 99999.99996059647, 99999.99996153313, 99999.99996139781]
J=1.2e-04, ⟨Jf⟩=1.1e-04, ⟨B·n⟩=3.0e-03, Len=sum([2.4, 2.4, 2.4, 2.5, 2.6])=12.3, ϰ=[8.6, 8.2, 8.9, 10.8, 10.9], ∫ϰ²/L>=[14.9, 14.4, 16.9, 19.7, 20.2], C-C-Sep=0.08, ║∇J║=3.4e-04
Iteration 1770/2000-----
currents: [100000.0, 99999.99997008518, 99999.99996051191, 99999.99996145217, 99999.999961316]
J=1.2e-04, ⟨Jf⟩=1.1e-04, ⟨B·n⟩=3.0e-03, Len=sum([2.4, 2.4, 2.4, 2.5, 2.6])=12.3, ϰ=[8.6, 8.2, 8.9, 10.8, 10.9], ∫ϰ²/L>=[14.9, 14.4, 16.9, 19.7, 20.2], C-C-Sep=0.08, ║∇J║=3.1e-04
Iteration 1771/2000-----
currents: [100000.0, 99999.9999700725, 99999.99996049558, 99999.99996143657, 99999.99996130016]
J=1.2e-04, ⟨Jf⟩=1.1e-04, ⟨B·n⟩=3.0e-03, Len=sum([2.4, 2.4, 2.4, 2.5, 2.6])=12.3, ϰ=[8.6, 8.2, 8.9, 10.8, 10.9], ∫ϰ²/L>=[14.9, 14.4, 16.9, 19.7, 20.2], C-C-Sep=0.08, ║∇J║=3.6e-04
Iteration 1772/2000-----
currents: [100000.0, 99999.9999700217, 99999.99996043045, 99999.99996137425, 99999.99996123707]
J=1.2e-04, ⟨Jf⟩=1.1e-04, ⟨B·n⟩=3.0e-03, Len=sum([2.4, 2.4, 2.4, 2.5, 2.6])=12.3, ϰ=[8.5, 8.2, 8.9, 10.8, 10.9], ∫ϰ²/L>=[14.9, 14.4, 16.9, 19.7, 20.2], C-C-Sep=0.08, ║∇J║=3.1e-04
Iteration 1773/2000-----
currents: [100000.0, 99999.9999700074, 99999.99996041218, 99999.99996135679, 99999.9999612194]
J=1.2e-04, ⟨Jf⟩=1.1e-04, ⟨B·n⟩=3.0e-03, Len=sum([2.4, 2.4, 2.4, 2.5, 2.6])=12.3, ϰ=[8.5, 8.2, 8.9, 10.8, 10.9], ∫ϰ²/L>=[14.9, 14.3, 16.9, 19.7, 20.2], C-C-Sep=0.08, ║∇J║=3.2e-04
Iteration 1774/2000-----
currents: [100000.0, 99999.99996996208, 99999.99996035414, 99999.99996130122, 99999.99996116318]
J=1.2e-04, ⟨Jf⟩=1.1e-04, ⟨B·n⟩=3.0e-03, Len=sum([2.4, 2.4, 2.4, 2.5, 2.6])=12.3, ϰ=[8.5, 8.2, 8.9, 10.8, 10.9], ∫ϰ²/L>=[14.9, 14.3, 16.9, 19.7, 20.2], C-C-Sep=0.08, ║∇J║=3.9e-04
Iteration 1775/2000-----
currents: [100000.0, 99999.99996994932, 99999.99996033778, 99999.99996128563, 99999.9999611473]
J=1.2e-04, ⟨Jf⟩=1.1e-04, ⟨B·n⟩=3.0e-03, Len=sum([2.4, 2.4, 2.4, 2.5, 2.6])=12.3, ϰ=[8.5, 8.1, 8.9, 10.8, 10.9], ∫ϰ²/L>=[14.9, 14.3, 16.9, 19.7, 20.2], C-C-Sep=0.08, ║∇J║=3.8e-04
Iteration 1776/2000-----
currents: [100000.0, 99999.99996991365, 99999.999960292, 99999.99996124177, 99999.99996110298]
J=1.2e-04, ⟨Jf⟩=1.1e-04, ⟨B·n⟩=3.0e-03, Len=sum([2.4, 2.4, 2.4, 2.5, 2.6])=12.3, ϰ=[8.5, 8.1, 8.9, 10.8, 10.9], ∫ϰ²/L>=[14.9, 14.3, 16.9, 19.7, 20.2], C-C-Sep=0.08, ║∇J║=3.4e-04
Iteration 1777/2000-----
currents: [100000.0, 99999.99996985744, 99999.99996021987, 99999.99996117271, 99999.99996103319]
J=1.2e-04, ⟨Jf⟩=1.1e-04, ⟨B·n⟩=3.0e-03, Len=sum([2.4, 2.4, 2.4, 2.5, 2.6])=12.3, ϰ=[8.5, 8.1, 8.9, 10.8, 10.9], ∫ϰ²/L>=[14.9, 14.3, 16.9, 19.7, 20.2], C-C-Sep=0.08, ║∇J║=3.4e-04
Iteration 1778/2000-----
currents: [100000.0, 99999.99996979804, 99999.99996014363, 99999.99996109973, 99999.99996095944]
J=1.2e-04, ⟨Jf⟩=1.1e-04, ⟨B·n⟩=3.0e-03, Len=sum([2.4, 2.4, 2.4, 2.5, 2.6])=12.3, ϰ=[8.5, 8.1, 8.9, 10.8, 10.9], ∫ϰ²/L>=[14.8, 14.3, 16.9, 19.7, 20.2], C-C-Sep=0.08, ║∇J║=4.2e-04
Iteration 1779/2000-----
currents: [100000.0, 99999.99996967414, 99999.99995998474, 99999.99996094758, 99999.99996080574]
J=1.2e-04, ⟨Jf⟩=1.1e-04, ⟨B·n⟩=3.0e-03, Len=sum([2.4, 2.4, 2.4, 2.5, 2.6])=12.3, ϰ=[8.5, 8.1, 8.9, 10.8, 10.9], ∫ϰ²/L>=[14.8, 14.3, 17.0, 19.8, 20.2], C-C-Sep=0.08, ║∇J║=4.5e-04
Iteration 1780/2000-----
currents: [100000.0, 99999.99996974484, 99999.99996007523, 99999.99996103428, 99999.99996089342]
J=1.2e-04, ⟨Jf⟩=1.1e-04, ⟨B·n⟩=3.0e-03, Len=sum([2.4, 2.4, 2.4, 2.5, 2.6])=12.3, ϰ=[8.5, 8.1, 8.8, 10.8, 10.9], ∫ϰ²/L>=[14.8, 14.3, 16.9, 19.8, 20.2], C-C-Sep=0.08, ║∇J║=6.3e-04
Iteration 1781/2000-----
currents: [100000.0, 99999.99996970309, 99999.99996002195, 99999.99996098329, 99999.99996084181]
J=1.2e-04, ⟨Jf⟩=1.1e-04, ⟨B·n⟩=3.0e-03, Len=sum([2.4, 2.4, 2.4, 2.5, 2.6])=12.3, ϰ=[8.5, 8.1, 8.8, 10.9, 10.9], ∫ϰ²/L>=[14.8, 14.3, 16.9, 19.8, 20.2], C-C-Sep=0.08, ║∇J║=4.9e-04
Iteration 1782/2000-----
currents: [100000.0, 99999.99996968808, 99999.99996000277, 99999.99996096488, 99999.99996082322]
J=1.2e-04, ⟨Jf⟩=1.1e-04, ⟨B·n⟩=3.0e-03, Len=sum([2.4, 2.4, 2.4, 2.5, 2.6])=12.3, ϰ=[8.5, 8.1, 8.8, 10.8, 10.9], ∫ϰ²/L>=[14.8, 14.3, 16.9, 19.8, 20.2], C-C-Sep=0.08, ║∇J║=3.7e-04
Iteration 1783/2000-----
currents: [100000.0, 99999.99996965325, 99999.99995995806, 99999.99996092201, 99999.99996077998]
J=1.2e-04, ⟨Jf⟩=1.1e-04, ⟨B·n⟩=3.0e-03, Len=sum([2.4, 2.4, 2.4, 2.5, 2.6])=12.3, ϰ=[8.5, 8.1, 8.8, 10.8, 10.9], ∫ϰ²/L>=[14.8, 14.3, 16.9, 19.8, 20.2], C-C-Sep=0.08, ║∇J║=2.9e-04
Iteration 1784/2000-----
currents: [100000.0, 99999.99996961256, 99999.99995990594, 99999.99996087211, 99999.99996072956]
J=1.2e-04, ⟨Jf⟩=1.1e-04, ⟨B·n⟩=3.0e-03, Len=sum([2.4, 2.4, 2.4, 2.5, 2.6])=12.3, ϰ=[8.5, 8.0, 8.8, 10.8, 10.9], ∫ϰ²/L>=[14.8, 14.3, 17.0, 19.8, 20.2], C-C-Sep=0.08, ║∇J║=3.4e-04
Iteration 1785/2000-----
currents: [100000.0, 99999.99996953316, 99999.9999598043, 99999.99996077476, 99999.99996063125]
J=1.2e-04, ⟨Jf⟩=1.1e-04, ⟨B·n⟩=3.0e-03, Len=sum([2.4, 2.4, 2.4, 2.5, 2.6])=12.3, ϰ=[8.4, 8.0, 8.8, 10.9, 10.9], ∫ϰ²/L>=[14.8, 14.3, 17.0, 19.8, 20.2], C-C-Sep=0.08, ║∇J║=4.2e-04
Iteration 1786/2000-----
currents: [100000.0, 99999.99996949158, 99999.99995975102, 99999.99996072364, 99999.99996057952]
J=1.2e-04, ⟨Jf⟩=1.1e-04, ⟨B·n⟩=3.0e-03, Len=sum([2.4, 2.4, 2.4, 2.5, 2.6])=12.3, ϰ=[8.4, 8.0, 8.8, 10.8, 10.9], ∫ϰ²/L>=[14.8, 14.3, 17.0, 19.8, 20.2], C-C-Sep=0.08, ║∇J║=3.6e-04
Iteration 1787/2000-----
currents: [100000.0, 99999.99996948038, 99999.99995973674, 99999.99996071, 99999.99996056568]
J=1.2e-04, ⟨Jf⟩=1.1e-04, ⟨B·n⟩=3.0e-03, Len=sum([2.4, 2.4, 2.4, 2.5, 2.6])=12.3, ϰ=[8.4, 8.0, 8.8, 10.8, 10.9], ∫ϰ²/L>=[14.8, 14.3, 17.0, 19.8, 20.2], C-C-Sep=0.08, ║∇J║=3.3e-04
Iteration 1788/2000-----
currents: [100000.0, 99999.99996945614, 99999.99995970567, 99999.9999606802, 99999.9999605355]
J=1.2e-04, ⟨Jf⟩=1.1e-04, ⟨B·n⟩=3.0e-03, Len=sum([2.4, 2.4, 2.4, 2.5, 2.6])=12.3, ϰ=[8.4, 8.0, 8.8, 10.8, 10.9], ∫ϰ²/L>=[14.8, 14.2, 17.0, 19.8, 20.2], C-C-Sep=0.08, ║∇J║=3.1e-04
Iteration 1789/2000-----
currents: [100000.0, 99999.99996939047, 99999.99995962149, 99999.99996059954, 99999.99996045392]
J=1.2e-04, ⟨Jf⟩=1.1e-04, ⟨B·n⟩=3.0e-03, Len=sum([2.4, 2.4, 2.4, 2.5, 2.6])=12.3, ϰ=[8.4, 8.0, 8.8, 10.8, 10.9], ∫ϰ²/L>=[14.8, 14.2, 17.0, 19.8, 20.2], C-C-Sep=0.08, ║∇J║=3.2e-04
Iteration 1790/2000-----
currents: [100000.0, 99999.99996937167, 99999.9999595974, 99999.99996057646, 99999.99996043055]
J=1.2e-04, ⟨Jf⟩=1.1e-04, ⟨B·n⟩=3.0e-03, Len=sum([2.4, 2.4, 2.4, 2.5, 2.6])=12.3, ϰ=[8.4, 8.0, 8.8, 10.8, 10.9], ∫ϰ²/L>=[14.8, 14.2, 17.0, 19.8, 20.2], C-C-Sep=0.08, ║∇J║=2.9e-04
Iteration 1791/2000-----
currents: [100000.0, 99999.99996933292, 99999.99995954776, 99999.99996052888, 99999.99996038248]
J=1.2e-04, ⟨Jf⟩=1.1e-04, ⟨B·n⟩=3.0e-03, Len=sum([2.4, 2.4, 2.4, 2.5, 2.6])=12.3, ϰ=[8.4, 8.0, 8.8, 10.8, 10.9], ∫ϰ²/L>=[14.8, 14.2, 17.0, 19.8, 20.2], C-C-Sep=0.08, ║∇J║=3.3e-04
Iteration 1792/2000-----
currents: [100000.0, 99999.99996930857, 99999.99995951657, 99999.99996049903, 99999.99996035232]
J=1.2e-04, ⟨Jf⟩=1.1e-04, ⟨B·n⟩=3.0e-03, Len=sum([2.4, 2.4, 2.4, 2.5, 2.6])=12.3, ϰ=[8.4, 8.0, 8.8, 10.8, 10.9], ∫ϰ²/L>=[14.8, 14.2, 17.0, 19.8, 20.2], C-C-Sep=0.08, ║∇J║=3.8e-04
Iteration 1793/2000-----
currents: [100000.0, 99999.99996927367, 99999.99995947185, 99999.99996045623, 99999.999960309]
J=1.2e-04, ⟨Jf⟩=1.1e-04, ⟨B·n⟩=3.0e-03, Len=sum([2.4, 2.4, 2.4, 2.5, 2.6])=12.3, ϰ=[8.4, 7.9, 8.8, 10.8, 10.9], ∫ϰ²/L>=[14.8, 14.2, 17.0, 19.8, 20.2], C-C-Sep=0.08, ║∇J║=3.4e-04
Iteration 1794/2000-----
currents: [100000.0, 99999.99996926743, 99999.99995946392, 99999.99996044858, 99999.99996030128]
J=1.2e-04, ⟨Jf⟩=1.1e-04, ⟨B·n⟩=3.0e-03, Len=sum([2.4, 2.4, 2.4, 2.5, 2.6])=12.3, ϰ=[8.4, 7.9, 8.8, 10.8, 10.9], ∫ϰ²/L>=[14.8, 14.2, 17.0, 19.8, 20.2], C-C-Sep=0.08, ║∇J║=3.4e-04
Iteration 1795/2000-----
currents: [100000.0, 99999.99996918862, 99999.99995936306, 99999.99996035195, 99999.99996020352]
J=1.2e-04, ⟨Jf⟩=1.1e-04, ⟨B·n⟩=3.0e-03, Len=sum([2.4, 2.4, 2.4, 2.5, 2.6])=12.3, ϰ=[8.4, 7.9, 8.8, 10.8, 10.9], ∫ϰ²/L>=[14.8, 14.2, 17.0, 19.8, 20.2], C-C-Sep=0.08, ║∇J║=4.0e-04
Iteration 1796/2000-----
currents: [100000.0, 99999.99996919106, 99999.99995936618, 99999.99996035492, 99999.9999602065]
J=1.2e-04, ⟨Jf⟩=1.1e-04, ⟨B·n⟩=3.0e-03, Len=sum([2.4, 2.4, 2.4, 2.5, 2.6])=12.3, ϰ=[8.4, 8.0, 8.8, 10.8, 10.9], ∫ϰ²/L>=[14.8, 14.2, 17.0, 19.8, 20.2], C-C-Sep=0.08, ║∇J║=4.2e-04
Iteration 1797/2000-----
currents: [100000.0, 99999.99996912706, 99999.99995928422, 99999.99996027652, 99999.99996012717]
J=1.2e-04, ⟨Jf⟩=1.1e-04, ⟨B·n⟩=3.0e-03, Len=sum([2.4, 2.4, 2.4, 2.5, 2.6])=12.3, ϰ=[8.4, 7.9, 8.8, 10.8, 10.9], ∫ϰ²/L>=[14.8, 14.2, 17.0, 19.8, 20.1], C-C-Sep=0.08, ║∇J║=3.9e-04
Iteration 1798/2000-----
currents: [100000.0, 99999.99996910077, 99999.99995925065, 99999.9999602445, 99999.99996009462]
J=1.2e-04, ⟨Jf⟩=1.1e-04, ⟨B·n⟩=3.0e-03, Len=sum([2.4, 2.4, 2.4, 2.5, 2.6])=12.3, ϰ=[8.4, 7.9, 8.8, 10.8, 10.9], ∫ϰ²/L>=[14.8, 14.2, 17.0, 19.8, 20.1], C-C-Sep=0.08, ║∇J║=3.7e-04
Iteration 1799/2000-----
currents: [100000.0, 99999.99996902468, 99999.99995915324, 99999.99996015124, 99999.9999600003]
J=1.2e-04, ⟨Jf⟩=1.1e-04, ⟨B·n⟩=3.0e-03, Len=sum([2.4, 2.4, 2.4, 2.5, 2.6])=12.3, ϰ=[8.4, 7.9, 8.7, 10.8, 10.9], ∫ϰ²/L>=[14.8, 14.2, 17.0, 19.8, 20.1], C-C-Sep=0.08, ║∇J║=3.4e-04
Iteration 1800/2000-----
currents: [100000.0, 99999.99996900801, 99999.99995913196, 99999.99996013094, 99999.9999599797]
J=1.2e-04, ⟨Jf⟩=1.1e-04, ⟨B·n⟩=3.0e-03, Len=sum([2.4, 2.4, 2.4, 2.5, 2.6])=12.3, ϰ=[8.4, 7.9, 8.8, 10.8, 10.9], ∫ϰ²/L>=[14.8, 14.2, 17.0, 19.8, 20.1], C-C-Sep=0.08, ║∇J║=4.0e-04
Iteration 1801/2000-----
currents: [100000.0, 99999.99996897209, 99999.999959086, 99999.99996008695, 99999.99995993516]
J=1.2e-04, ⟨Jf⟩=1.1e-04, ⟨B·n⟩=3.0e-03, Len=sum([2.4, 2.4, 2.4, 2.5, 2.6])=12.3, ϰ=[8.4, 7.9, 8.8, 10.8, 10.9], ∫ϰ²/L>=[14.8, 14.2, 17.1, 19.8, 20.1], C-C-Sep=0.08, ║∇J║=4.2e-04
Iteration 1802/2000-----
currents: [100000.0, 99999.99996897475, 99999.99995908946, 99999.99996009034, 99999.99995993858]
J=1.2e-04, ⟨Jf⟩=1.1e-04, ⟨B·n⟩=3.0e-03, Len=sum([2.4, 2.4, 2.4, 2.5, 2.6])=12.3, ϰ=[8.4, 8.0, 8.8, 10.8, 10.9], ∫ϰ²/L>=[14.8, 14.2, 17.0, 19.8, 20.1], C-C-Sep=0.08, ║∇J║=3.5e-04
Iteration 1803/2000-----
currents: [100000.0, 99999.99996892232, 99999.99995902233, 99999.9999600262, 99999.99995987366]
J=1.2e-04, ⟨Jf⟩=1.1e-04, ⟨B·n⟩=3.0e-03, Len=sum([2.4, 2.4, 2.4, 2.5, 2.6])=12.3, ϰ=[8.4, 8.0, 8.8, 10.9, 10.9], ∫ϰ²/L>=[14.8, 14.2, 17.1, 19.8, 20.1], C-C-Sep=0.08, ║∇J║=4.2e-04
Iteration 1804/2000-----
currents: [100000.0, 99999.99996890759, 99999.9999590035, 99999.99996000827, 99999.99995985554]
J=1.2e-04, ⟨Jf⟩=1.1e-04, ⟨B·n⟩=3.0e-03, Len=sum([2.4, 2.4, 2.4, 2.5, 2.6])=12.3, ϰ=[8.4, 8.0, 8.8, 10.9, 10.9], ∫ϰ²/L>=[14.8, 14.2, 17.1, 19.8, 20.1], C-C-Sep=0.08, ║∇J║=3.3e-04
Iteration 1805/2000-----
currents: [100000.0, 99999.99996883594, 99999.99995891174, 99999.99995992055, 99999.99995976688]
J=1.2e-04, ⟨Jf⟩=1.1e-04, ⟨B·n⟩=3.0e-03, Len=sum([2.4, 2.4, 2.4, 2.5, 2.6])=12.3, ϰ=[8.4, 8.0, 8.8, 10.8, 10.9], ∫ϰ²/L>=[14.8, 14.2, 17.1, 19.8, 20.1], C-C-Sep=0.08, ║∇J║=3.8e-04
Iteration 1806/2000-----
currents: [100000.0, 99999.99996875144, 99999.99995880353, 99999.99995981716, 99999.99995966228]
J=1.2e-04, ⟨Jf⟩=1.1e-04, ⟨B·n⟩=3.0e-03, Len=sum([2.4, 2.4, 2.4, 2.5, 2.6])=12.3, ϰ=[8.4, 8.0, 8.7, 10.8, 10.9], ∫ϰ²/L>=[14.8, 14.2, 17.1, 19.8, 20.1], C-C-Sep=0.08, ║∇J║=4.4e-04
Iteration 1807/2000-----
currents: [100000.0, 99999.9999687248, 99999.99995876943, 99999.9999597846, 99999.99995962938]
J=1.2e-04, ⟨Jf⟩=1.1e-04, ⟨B·n⟩=3.0e-03, Len=sum([2.4, 2.4, 2.4, 2.5, 2.6])=12.3, ϰ=[8.4, 8.0, 8.7, 10.8, 11.0], ∫ϰ²/L>=[14.8, 14.2, 17.1, 19.8, 20.1], C-C-Sep=0.08, ║∇J║=3.7e-04
Iteration 1808/2000-----
currents: [100000.0, 99999.9999686668, 99999.99995869519, 99999.9999597135, 99999.99995955758]
J=1.2e-04, ⟨Jf⟩=1.1e-04, ⟨B·n⟩=3.0e-03, Len=sum([2.4, 2.4, 2.4, 2.5, 2.6])=12.3, ϰ=[8.4, 8.0, 8.7, 10.8, 11.0], ∫ϰ²/L>=[14.8, 14.1, 17.1, 19.8, 20.1], C-C-Sep=0.08, ║∇J║=3.6e-04
Iteration 1809/2000-----
currents: [100000.0, 99999.99996863464, 99999.99995865407, 99999.99995967413, 99999.99995951781]
J=1.2e-04, ⟨Jf⟩=1.1e-04, ⟨B·n⟩=3.0e-03, Len=sum([2.4, 2.4, 2.4, 2.5, 2.6])=12.3, ϰ=[8.4, 8.0, 8.7, 10.8, 10.9], ∫ϰ²/L>=[14.8, 14.1, 17.1, 19.8, 20.1], C-C-Sep=0.08, ║∇J║=3.7e-04
Iteration 1810/2000-----
currents: [100000.0, 99999.99996856731, 99999.99995856798, 99999.99995959183, 99999.99995943464]
J=1.2e-04, ⟨Jf⟩=1.1e-04, ⟨B·n⟩=3.0e-03, Len=sum([2.4, 2.4, 2.4, 2.5, 2.6])=12.3, ϰ=[8.4, 8.0, 8.7, 10.8, 10.9], ∫ϰ²/L>=[14.8, 14.1, 17.1, 19.8, 20.1], C-C-Sep=0.08, ║∇J║=3.5e-04
Iteration 1811/2000-----
currents: [100000.0, 99999.9999684781, 99999.99995845383, 99999.99995948262, 99999.99995932437]
J=1.2e-04, ⟨Jf⟩=1.1e-04, ⟨B·n⟩=3.0e-03, Len=sum([2.4, 2.4, 2.4, 2.5, 2.6])=12.3, ϰ=[8.4, 8.0, 8.7, 10.8, 11.0], ∫ϰ²/L>=[14.8, 14.1, 17.1, 19.8, 20.0], C-C-Sep=0.08, ║∇J║=4.3e-04
Iteration 1812/2000-----
currents: [100000.0, 99999.9999683884, 99999.99995833903, 99999.99995937273, 99999.99995921346]
J=1.2e-04, ⟨Jf⟩=1.1e-04, ⟨B·n⟩=3.0e-03, Len=sum([2.4, 2.4, 2.4, 2.5, 2.6])=12.3, ϰ=[8.3, 8.0, 8.7, 10.8, 10.9], ∫ϰ²/L>=[14.7, 14.1, 17.1, 19.8, 20.0], C-C-Sep=0.08, ║∇J║=4.9e-04
Iteration 1813/2000-----
currents: [100000.0, 99999.99996839308, 99999.99995834516, 99999.9999593786, 99999.9999592194]
J=1.2e-04, ⟨Jf⟩=1.1e-04, ⟨B·n⟩=3.0e-03, Len=sum([2.4, 2.4, 2.4, 2.5, 2.6])=12.3, ϰ=[8.3, 8.0, 8.7, 10.8, 10.9], ∫ϰ²/L>=[14.7, 14.1, 17.1, 19.8, 20.0], C-C-Sep=0.08, ║∇J║=4.3e-04
Iteration 1814/2000-----
currents: [100000.0, 99999.99996830124, 99999.99995822752, 99999.99995926589, 99999.99995910552]
J=1.2e-04, ⟨Jf⟩=1.1e-04, ⟨B·n⟩=3.0e-03, Len=sum([2.4, 2.4, 2.4, 2.5, 2.6])=12.3, ϰ=[8.3, 8.0, 8.7, 10.8, 10.9], ∫ϰ²/L>=[14.7, 14.1, 17.1, 19.8, 20.0], C-C-Sep=0.08, ║∇J║=5.3e-04
Iteration 1815/2000-----
currents: [100000.0, 99999.99996836705, 99999.99995831179, 99999.99995934629, 99999.99995918703]
J=1.2e-04, ⟨Jf⟩=1.1e-04, ⟨B·n⟩=3.0e-03, Len=sum([2.4, 2.4, 2.4, 2.5, 2.6])=12.3, ϰ=[8.3, 8.0, 8.7, 10.8, 10.9], ∫ϰ²/L>=[14.7, 14.1, 17.1, 19.8, 20.0], C-C-Sep=0.08, ║∇J║=5.8e-04
Iteration 1816/2000-----
currents: [100000.0, 99999.99996828899, 99999.99995821192, 99999.99995925072, 99999.99995909048]
J=1.2e-04, ⟨Jf⟩=1.1e-04, ⟨B·n⟩=3.0e-03, Len=sum([2.4, 2.4, 2.4, 2.5, 2.6])=12.3, ϰ=[8.3, 8.0, 8.6, 10.8, 10.9], ∫ϰ²/L>=[14.7, 14.1, 17.1, 19.8, 20.0], C-C-Sep=0.08, ║∇J║=4.6e-04
Iteration 1817/2000-----
currents: [100000.0, 99999.99996825155, 99999.99995816396, 99999.99995920488, 99999.99995904416]
J=1.2e-04, ⟨Jf⟩=1.1e-04, ⟨B·n⟩=3.0e-03, Len=sum([2.4, 2.4, 2.4, 2.5, 2.6])=12.3, ϰ=[8.2, 8.0, 8.6, 10.8, 10.9], ∫ϰ²/L>=[14.7, 14.1, 17.1, 19.8, 20.0], C-C-Sep=0.08, ║∇J║=3.9e-04
Iteration 1818/2000-----
currents: [100000.0, 99999.9999682057, 99999.99995810525, 99999.99995914871, 99999.99995898748]
J=1.2e-04, ⟨Jf⟩=1.1e-04, ⟨B·n⟩=3.0e-03, Len=sum([2.4, 2.4, 2.4, 2.5, 2.6])=12.3, ϰ=[8.2, 8.0, 8.6, 10.8, 10.9], ∫ϰ²/L>=[14.7, 14.1, 17.1, 19.8, 20.0], C-C-Sep=0.08, ║∇J║=3.4e-04
Iteration 1819/2000-----
currents: [100000.0, 99999.99996813227, 99999.99995801129, 99999.99995905871, 99999.99995889672]
J=1.2e-04, ⟨Jf⟩=1.1e-04, ⟨B·n⟩=3.0e-03, Len=sum([2.4, 2.4, 2.4, 2.5, 2.6])=12.3, ϰ=[8.2, 8.0, 8.6, 10.8, 10.9], ∫ϰ²/L>=[14.7, 14.1, 17.1, 19.8, 20.0], C-C-Sep=0.08, ║∇J║=3.6e-04
Iteration 1820/2000-----
currents: [100000.0, 99999.99996805501, 99999.99995791231, 99999.9999589639, 99999.99995880117]
J=1.2e-04, ⟨Jf⟩=1.1e-04, ⟨B·n⟩=3.0e-03, Len=sum([2.4, 2.4, 2.4, 2.5, 2.6])=12.3, ϰ=[8.2, 8.0, 8.6, 10.8, 10.9], ∫ϰ²/L>=[14.7, 14.1, 17.2, 19.8, 20.0], C-C-Sep=0.08, ║∇J║=3.7e-04
Iteration 1821/2000-----
currents: [100000.0, 99999.99996797561, 99999.99995781068, 99999.99995886667, 99999.99995870299]
J=1.2e-04, ⟨Jf⟩=1.1e-04, ⟨B·n⟩=3.0e-03, Len=sum([2.4, 2.4, 2.4, 2.5, 2.6])=12.3, ϰ=[8.2, 8.1, 8.6, 10.8, 10.9], ∫ϰ²/L>=[14.7, 14.1, 17.2, 19.8, 20.0], C-C-Sep=0.08, ║∇J║=3.5e-04
Iteration 1822/2000-----
currents: [100000.0, 99999.99996796633, 99999.9999577987, 99999.99995885533, 99999.99995869157]
J=1.2e-04, ⟨Jf⟩=1.1e-04, ⟨B·n⟩=3.0e-03, Len=sum([2.4, 2.4, 2.4, 2.5, 2.6])=12.3, ϰ=[8.2, 8.1, 8.6, 10.7, 10.9], ∫ϰ²/L>=[14.7, 14.1, 17.2, 19.8, 20.0], C-C-Sep=0.08, ║∇J║=4.2e-04
Iteration 1823/2000-----
currents: [100000.0, 99999.9999678918, 99999.9999577033, 99999.99995876409, 99999.9999585994]
J=1.2e-04, ⟨Jf⟩=1.1e-04, ⟨B·n⟩=3.0e-03, Len=sum([2.4, 2.4, 2.4, 2.5, 2.6])=12.3, ϰ=[8.2, 8.0, 8.5, 10.7, 10.9], ∫ϰ²/L>=[14.7, 14.1, 17.2, 19.8, 20.0], C-C-Sep=0.08, ║∇J║=3.7e-04
Iteration 1824/2000-----
currents: [100000.0, 99999.99996787497, 99999.99995768168, 99999.99995874331, 99999.99995857853]
J=1.2e-04, ⟨Jf⟩=1.1e-04, ⟨B·n⟩=3.0e-03, Len=sum([2.4, 2.4, 2.4, 2.5, 2.6])=12.3, ϰ=[8.2, 8.0, 8.6, 10.7, 10.9], ∫ϰ²/L>=[14.7, 14.1, 17.2, 19.8, 20.0], C-C-Sep=0.08, ║∇J║=3.4e-04
Iteration 1825/2000-----
currents: [100000.0, 99999.99996782637, 99999.99995761932, 99999.99995868347, 99999.99995851831]
J=1.2e-04, ⟨Jf⟩=1.1e-04, ⟨B·n⟩=3.0e-03, Len=sum([2.4, 2.4, 2.4, 2.5, 2.6])=12.3, ϰ=[8.2, 8.0, 8.6, 10.7, 10.9], ∫ϰ²/L>=[14.7, 14.1, 17.2, 19.8, 20.1], C-C-Sep=0.08, ║∇J║=3.8e-04
Iteration 1826/2000-----
currents: [100000.0, 99999.99996781374, 99999.99995760308, 99999.99995866796, 99999.99995850284]
J=1.2e-04, ⟨Jf⟩=1.1e-04, ⟨B·n⟩=3.0e-03, Len=sum([2.4, 2.4, 2.4, 2.5, 2.6])=12.3, ϰ=[8.2, 8.0, 8.6, 10.7, 10.9], ∫ϰ²/L>=[14.7, 14.1, 17.2, 19.8, 20.1], C-C-Sep=0.08, ║∇J║=4.0e-04
Iteration 1827/2000-----
currents: [100000.0, 99999.99996773223, 99999.99995749869, 99999.99995856803, 99999.99995840214]
J=1.2e-04, ⟨Jf⟩=1.1e-04, ⟨B·n⟩=3.0e-03, Len=sum([2.4, 2.4, 2.4, 2.5, 2.6])=12.3, ϰ=[8.2, 8.0, 8.6, 10.7, 10.9], ∫ϰ²/L>=[14.8, 14.2, 17.2, 19.8, 20.1], C-C-Sep=0.08, ║∇J║=5.1e-04
Iteration 1828/2000-----
currents: [100000.0, 99999.99996770233, 99999.99995746036, 99999.9999585314, 99999.99995836518]
J=1.2e-04, ⟨Jf⟩=1.1e-04, ⟨B·n⟩=3.0e-03, Len=sum([2.4, 2.4, 2.4, 2.5, 2.6])=12.3, ϰ=[8.3, 8.0, 8.6, 10.7, 10.9], ∫ϰ²/L>=[14.8, 14.2, 17.2, 19.8, 20.1], C-C-Sep=0.08, ║∇J║=4.0e-04
Iteration 1829/2000-----
currents: [100000.0, 99999.99996768452, 99999.99995743758, 99999.99995850965, 99999.9999583432]
J=1.2e-04, ⟨Jf⟩=1.1e-04, ⟨B·n⟩=3.0e-03, Len=sum([2.4, 2.4, 2.4, 2.5, 2.6])=12.3, ϰ=[8.3, 7.9, 8.6, 10.7, 10.9], ∫ϰ²/L>=[14.8, 14.2, 17.2, 19.8, 20.1], C-C-Sep=0.08, ║∇J║=4.0e-04
Iteration 1830/2000-----
currents: [100000.0, 99999.99996761065, 99999.99995734295, 99999.99995841918, 99999.9999582519]
J=1.2e-04, ⟨Jf⟩=1.1e-04, ⟨B·n⟩=3.0e-03, Len=sum([2.4, 2.4, 2.4, 2.5, 2.6])=12.3, ϰ=[8.3, 7.9, 8.6, 10.7, 10.9], ∫ϰ²/L>=[14.8, 14.2, 17.2, 19.7, 20.1], C-C-Sep=0.08, ║∇J║=4.1e-04
Iteration 1831/2000-----
currents: [100000.0, 99999.99996752695, 99999.99995723579, 99999.99995831671, 99999.99995814859]
J=1.2e-04, ⟨Jf⟩=1.1e-04, ⟨B·n⟩=3.0e-03, Len=sum([2.4, 2.4, 2.4, 2.5, 2.6])=12.3, ϰ=[8.3, 7.9, 8.6, 10.7, 10.9], ∫ϰ²/L>=[14.8, 14.2, 17.2, 19.7, 20.1], C-C-Sep=0.08, ║∇J║=4.3e-04
Iteration 1832/2000-----
currents: [100000.0, 99999.99996746155, 99999.99995715205, 99999.99995823664, 99999.99995806787]
J=1.2e-04, ⟨Jf⟩=1.1e-04, ⟨B·n⟩=3.0e-03, Len=sum([2.4, 2.4, 2.4, 2.5, 2.6])=12.3, ϰ=[8.3, 7.9, 8.6, 10.7, 10.9], ∫ϰ²/L>=[14.8, 14.2, 17.3, 19.7, 20.1], C-C-Sep=0.08, ║∇J║=4.9e-04
Iteration 1833/2000-----
currents: [100000.0, 99999.9999673968, 99999.99995706914, 99999.99995815748, 99999.99995798798]
J=1.2e-04, ⟨Jf⟩=1.1e-04, ⟨B·n⟩=3.0e-03, Len=sum([2.4, 2.4, 2.4, 2.5, 2.6])=12.3, ϰ=[8.3, 7.9, 8.6, 10.6, 10.9], ∫ϰ²/L>=[14.8, 14.2, 17.3, 19.7, 20.1], C-C-Sep=0.08, ║∇J║=4.6e-04
Iteration 1834/2000-----
currents: [100000.0, 99999.99996738836, 99999.9999570582, 99999.99995814709, 99999.99995797749]
J=1.2e-04, ⟨Jf⟩=1.1e-04, ⟨B·n⟩=3.0e-03, Len=sum([2.4, 2.4, 2.4, 2.5, 2.6])=12.3, ϰ=[8.3, 7.9, 8.5, 10.7, 10.9], ∫ϰ²/L>=[14.8, 14.2, 17.3, 19.8, 20.1], C-C-Sep=0.08, ║∇J║=4.4e-04
Iteration 1835/2000-----
currents: [100000.0, 99999.99996729537, 99999.99995693914, 99999.99995803318, 99999.99995786253]
J=1.2e-04, ⟨Jf⟩=1.1e-04, ⟨B·n⟩=3.0e-03, Len=sum([2.4, 2.4, 2.4, 2.5, 2.6])=12.3, ϰ=[8.3, 7.9, 8.5, 10.6, 10.9], ∫ϰ²/L>=[14.8, 14.3, 17.3, 19.8, 20.1], C-C-Sep=0.08, ║∇J║=4.7e-04
Iteration 1836/2000-----
currents: [100000.0, 99999.999967372, 99999.99995703727, 99999.99995812704, 99999.99995795725]
J=1.2e-04, ⟨Jf⟩=1.1e-04, ⟨B·n⟩=3.0e-03, Len=sum([2.4, 2.4, 2.4, 2.5, 2.6])=12.3, ϰ=[8.3, 7.9, 8.5, 10.6, 10.9], ∫ϰ²/L>=[14.8, 14.2, 17.3, 19.7, 20.1], C-C-Sep=0.08, ║∇J║=6.9e-04
Iteration 1837/2000-----
currents: [100000.0, 99999.99996730563, 99999.99995695222, 99999.9999580457, 99999.99995787514]
J=1.2e-04, ⟨Jf⟩=1.1e-04, ⟨B·n⟩=3.0e-03, Len=sum([2.4, 2.4, 2.4, 2.5, 2.6])=12.3, ϰ=[8.3, 7.9, 8.5, 10.6, 10.9], ∫ϰ²/L>=[14.8, 14.3, 17.3, 19.7, 20.1], C-C-Sep=0.08, ║∇J║=4.8e-04
Iteration 1838/2000-----
currents: [100000.0, 99999.9999672766, 99999.999956915, 99999.99995801008, 99999.99995783927]
J=1.2e-04, ⟨Jf⟩=1.1e-04, ⟨B·n⟩=3.0e-03, Len=sum([2.4, 2.4, 2.4, 2.5, 2.6])=12.3, ϰ=[8.3, 7.9, 8.5, 10.6, 10.9], ∫ϰ²/L>=[14.8, 14.3, 17.3, 19.7, 20.1], C-C-Sep=0.08, ║∇J║=4.1e-04
Iteration 1839/2000-----
currents: [100000.0, 99999.99996724374, 99999.99995687293, 99999.99995796979, 99999.99995779862]
J=1.2e-04, ⟨Jf⟩=1.1e-04, ⟨B·n⟩=3.0e-03, Len=sum([2.4, 2.4, 2.4, 2.5, 2.6])=12.3, ϰ=[8.3, 7.9, 8.5, 10.6, 10.9], ∫ϰ²/L>=[14.8, 14.3, 17.3, 19.7, 20.2], C-C-Sep=0.08, ║∇J║=3.4e-04
Iteration 1840/2000-----
currents: [100000.0, 99999.99996717767, 99999.99995678838, 99999.9999578889, 99999.99995771704]
J=1.2e-04, ⟨Jf⟩=1.1e-04, ⟨B·n⟩=3.0e-03, Len=sum([2.4, 2.4, 2.4, 2.5, 2.6])=12.3, ϰ=[8.3, 7.9, 8.6, 10.6, 10.9], ∫ϰ²/L>=[14.8, 14.3, 17.3, 19.7, 20.2], C-C-Sep=0.08, ║∇J║=4.5e-04
Iteration 1841/2000-----
currents: [100000.0, 99999.99996713098, 99999.99995672864, 99999.9999578317, 99999.99995765934]
J=1.2e-04, ⟨Jf⟩=1.1e-04, ⟨B·n⟩=3.0e-03, Len=sum([2.4, 2.4, 2.4, 2.5, 2.6])=12.3, ϰ=[8.2, 7.9, 8.6, 10.6, 10.9], ∫ϰ²/L>=[14.8, 14.3, 17.3, 19.7, 20.2], C-C-Sep=0.08, ║∇J║=5.1e-04
Iteration 1842/2000-----
currents: [100000.0, 99999.9999670552, 99999.99995663167, 99999.99995773892, 99999.9999575658]
J=1.2e-04, ⟨Jf⟩=1.1e-04, ⟨B·n⟩=3.0e-03, Len=sum([2.4, 2.4, 2.4, 2.5, 2.6])=12.3, ϰ=[8.2, 7.9, 8.6, 10.6, 10.9], ∫ϰ²/L>=[14.8, 14.4, 17.3, 19.7, 20.2], C-C-Sep=0.08, ║∇J║=4.9e-04
Iteration 1843/2000-----
currents: [100000.0, 99999.9999670279, 99999.9999565969, 99999.99995770576, 99999.99995753229]
J=1.2e-04, ⟨Jf⟩=1.1e-04, ⟨B·n⟩=3.0e-03, Len=sum([2.4, 2.4, 2.4, 2.5, 2.6])=12.3, ϰ=[8.2, 7.9, 8.6, 10.6, 10.9], ∫ϰ²/L>=[14.7, 14.4, 17.3, 19.7, 20.2], C-C-Sep=0.08, ║∇J║=4.7e-04
Iteration 1844/2000-----
currents: [100000.0, 99999.99996699677, 99999.99995655715, 99999.99995766781, 99999.99995749396]
J=1.2e-04, ⟨Jf⟩=1.1e-04, ⟨B·n⟩=3.0e-03, Len=sum([2.4, 2.4, 2.4, 2.5, 2.6])=12.3, ϰ=[8.2, 7.9, 8.6, 10.6, 10.9], ∫ϰ²/L>=[14.7, 14.4, 17.3, 19.7, 20.2], C-C-Sep=0.08, ║∇J║=4.7e-04
Iteration 1845/2000-----
currents: [100000.0, 99999.99996695116, 99999.9999564988, 99999.99995761197, 99999.99995743753]
J=1.2e-04, ⟨Jf⟩=1.1e-04, ⟨B·n⟩=3.0e-03, Len=sum([2.4, 2.4, 2.4, 2.5, 2.6])=12.3, ϰ=[8.2, 7.9, 8.6, 10.6, 10.9], ∫ϰ²/L>=[14.7, 14.4, 17.3, 19.7, 20.2], C-C-Sep=0.08, ║∇J║=4.7e-04
Iteration 1846/2000-----
currents: [100000.0, 99999.99996693249, 99999.99995647486, 99999.99995758914, 99999.99995741437]
J=1.2e-04, ⟨Jf⟩=1.1e-04, ⟨B·n⟩=3.0e-03, Len=sum([2.4, 2.4, 2.4, 2.5, 2.6])=12.3, ϰ=[8.2, 7.9, 8.6, 10.6, 10.9], ∫ϰ²/L>=[14.8, 14.4, 17.3, 19.7, 20.2], C-C-Sep=0.08, ║∇J║=4.4e-04
Iteration 1847/2000-----
currents: [100000.0, 99999.99996688249, 99999.99995641076, 99999.99995752786, 99999.99995735241]
J=1.2e-04, ⟨Jf⟩=1.1e-04, ⟨B·n⟩=3.0e-03, Len=sum([2.4, 2.4, 2.4, 2.5, 2.6])=12.3, ϰ=[8.2, 7.9, 8.6, 10.6, 10.9], ∫ϰ²/L>=[14.8, 14.4, 17.3, 19.7, 20.2], C-C-Sep=0.08, ║∇J║=4.7e-04
Iteration 1848/2000-----
currents: [100000.0, 99999.9999668907, 99999.99995642109, 99999.99995753777, 99999.99995736238]
J=1.2e-04, ⟨Jf⟩=1.1e-04, ⟨B·n⟩=3.0e-03, Len=sum([2.4, 2.4, 2.4, 2.5, 2.6])=12.3, ϰ=[8.2, 7.9, 8.6, 10.6, 10.9], ∫ϰ²/L>=[14.7, 14.4, 17.3, 19.7, 20.2], C-C-Sep=0.08, ║∇J║=5.0e-04
Iteration 1849/2000-----
currents: [100000.0, 99999.99996682197, 99999.9999563329, 99999.99995745346, 99999.9999572772]
J=1.2e-04, ⟨Jf⟩=1.1e-04, ⟨B·n⟩=3.0e-03, Len=sum([2.4, 2.4, 2.4, 2.5, 2.6])=12.3, ϰ=[8.2, 8.0, 8.6, 10.6, 10.9], ∫ϰ²/L>=[14.8, 14.4, 17.3, 19.7, 20.2], C-C-Sep=0.08, ║∇J║=4.5e-04
Iteration 1850/2000-----
currents: [100000.0, 99999.99996681577, 99999.99995632493, 99999.99995744586, 99999.99995726948]
J=1.2e-04, ⟨Jf⟩=1.1e-04, ⟨B·n⟩=3.0e-03, Len=sum([2.4, 2.4, 2.4, 2.5, 2.6])=12.3, ϰ=[8.2, 8.0, 8.6, 10.6, 10.9], ∫ϰ²/L>=[14.8, 14.4, 17.3, 19.7, 20.2], C-C-Sep=0.08, ║∇J║=4.3e-04
Iteration 1851/2000-----
currents: [100000.0, 99999.99996667802, 99999.9999561485, 99999.99995727712, 99999.99995709921]
J=1.2e-04, ⟨Jf⟩=1.1e-04, ⟨B·n⟩=3.0e-03, Len=sum([2.4, 2.4, 2.4, 2.5, 2.6])=12.3, ϰ=[8.2, 8.0, 8.6, 10.6, 11.0], ∫ϰ²/L>=[14.8, 14.5, 17.3, 19.7, 20.3], C-C-Sep=0.08, ║∇J║=6.1e-04
Iteration 1852/2000-----
currents: [100000.0, 99999.99996661115, 99999.99995606285, 99999.99995719525, 99999.99995701648]
J=1.2e-04, ⟨Jf⟩=1.1e-04, ⟨B·n⟩=3.0e-03, Len=sum([2.4, 2.4, 2.4, 2.5, 2.6])=12.3, ϰ=[8.2, 8.0, 8.6, 10.7, 11.0], ∫ϰ²/L>=[14.8, 14.5, 17.3, 19.7, 20.3], C-C-Sep=0.08, ║∇J║=5.3e-04
Iteration 1853/2000-----
currents: [100000.0, 99999.99996655545, 99999.99995599149, 99999.99995712694, 99999.99995694752]
J=1.2e-04, ⟨Jf⟩=1.1e-04, ⟨B·n⟩=3.0e-03, Len=sum([2.4, 2.4, 2.4, 2.5, 2.6])=12.3, ϰ=[8.2, 8.0, 8.6, 10.7, 11.0], ∫ϰ²/L>=[14.8, 14.5, 17.3, 19.7, 20.3], C-C-Sep=0.08, ║∇J║=4.8e-04
Iteration 1854/2000-----
currents: [100000.0, 99999.99996653381, 99999.99995596374, 99999.99995710033, 99999.99995692076]
J=1.2e-04, ⟨Jf⟩=1.1e-04, ⟨B·n⟩=3.0e-03, Len=sum([2.4, 2.4, 2.4, 2.5, 2.6])=12.3, ϰ=[8.2, 8.0, 8.6, 10.7, 11.0], ∫ϰ²/L>=[14.8, 14.5, 17.3, 19.7, 20.3], C-C-Sep=0.08, ║∇J║=5.3e-04
Iteration 1855/2000-----
currents: [100000.0, 99999.99996644017, 99999.99995584389, 99999.9999569858, 99999.9999568051]
J=1.2e-04, ⟨Jf⟩=1.1e-04, ⟨B·n⟩=3.0e-03, Len=sum([2.4, 2.4, 2.4, 2.5, 2.6])=12.3, ϰ=[8.2, 8.0, 8.6, 10.7, 11.0], ∫ϰ²/L>=[14.8, 14.5, 17.3, 19.7, 20.3], C-C-Sep=0.08, ║∇J║=5.0e-04
Iteration 1856/2000-----
currents: [100000.0, 99999.99996637536, 99999.99995576091, 99999.99995690638, 99999.99995672499]
J=1.2e-04, ⟨Jf⟩=1.1e-04, ⟨B·n⟩=3.0e-03, Len=sum([2.4, 2.4, 2.4, 2.5, 2.6])=12.3, ϰ=[8.2, 8.0, 8.6, 10.7, 11.0], ∫ϰ²/L>=[14.8, 14.5, 17.3, 19.7, 20.3], C-C-Sep=0.08, ║∇J║=4.5e-04
Iteration 1857/2000-----
currents: [100000.0, 99999.99996633189, 99999.99995570518, 99999.999956853, 99999.9999566711]
J=1.2e-04, ⟨Jf⟩=1.1e-04, ⟨B·n⟩=3.0e-03, Len=sum([2.4, 2.4, 2.4, 2.5, 2.6])=12.3, ϰ=[8.2, 8.1, 8.6, 10.7, 11.0], ∫ϰ²/L>=[14.9, 14.5, 17.3, 19.7, 20.3], C-C-Sep=0.08, ║∇J║=4.9e-04
Iteration 1858/2000-----
currents: [100000.0, 99999.99996626188, 99999.99995561548, 99999.9999567672, 99999.99995658454]
J=1.2e-04, ⟨Jf⟩=1.1e-04, ⟨B·n⟩=3.0e-03, Len=sum([2.4, 2.4, 2.4, 2.5, 2.6])=12.3, ϰ=[8.2, 8.1, 8.5, 10.7, 11.0], ∫ϰ²/L>=[14.9, 14.6, 17.3, 19.8, 20.3], C-C-Sep=0.08, ║∇J║=4.8e-04
Iteration 1859/2000-----
currents: [100000.0, 99999.99996628324, 99999.99995564285, 99999.99995679338, 99999.99995661092]
J=1.2e-04, ⟨Jf⟩=1.1e-04, ⟨B·n⟩=3.0e-03, Len=sum([2.4, 2.4, 2.4, 2.5, 2.6])=12.3, ϰ=[8.2, 8.1, 8.5, 10.7, 11.0], ∫ϰ²/L>=[14.8, 14.5, 17.3, 19.7, 20.3], C-C-Sep=0.08, ║∇J║=6.3e-04
Iteration 1860/2000-----
currents: [100000.0, 99999.99996611332, 99999.99995542529, 99999.9999565852, 99999.99995640104]
J=1.2e-04, ⟨Jf⟩=1.1e-04, ⟨B·n⟩=3.0e-03, Len=sum([2.4, 2.4, 2.4, 2.5, 2.6])=12.3, ϰ=[8.2, 8.1, 8.5, 10.7, 11.1], ∫ϰ²/L>=[14.9, 14.6, 17.3, 19.8, 20.4], C-C-Sep=0.08, ║∇J║=8.6e-04
Iteration 1861/2000-----
currents: [100000.0, 99999.99996613414, 99999.99995545196, 99999.9999566107, 99999.99995642672]
J=1.2e-04, ⟨Jf⟩=1.1e-04, ⟨B·n⟩=3.0e-03, Len=sum([2.4, 2.4, 2.4, 2.5, 2.6])=12.3, ϰ=[8.2, 8.1, 8.5, 10.7, 11.1], ∫ϰ²/L>=[14.9, 14.6, 17.3, 19.8, 20.4], C-C-Sep=0.08, ║∇J║=5.4e-04
Iteration 1862/2000-----
currents: [100000.0, 99999.99996613017, 99999.99995544697, 99999.99995660594, 99999.99995642182]
J=1.2e-04, ⟨Jf⟩=1.1e-04, ⟨B·n⟩=3.0e-03, Len=sum([2.4, 2.4, 2.4, 2.5, 2.6])=12.3, ϰ=[8.2, 8.1, 8.5, 10.7, 11.1], ∫ϰ²/L>=[14.9, 14.6, 17.3, 19.8, 20.4], C-C-Sep=0.08, ║∇J║=4.0e-04
Iteration 1863/2000-----
currents: [100000.0, 99999.9999660593, 99999.99995535631, 99999.99995651921, 99999.99995633442]
J=1.2e-04, ⟨Jf⟩=1.1e-04, ⟨B·n⟩=3.0e-03, Len=sum([2.4, 2.4, 2.4, 2.5, 2.6])=12.3, ϰ=[8.2, 8.2, 8.5, 10.7, 11.1], ∫ϰ²/L>=[14.9, 14.6, 17.3, 19.8, 20.4], C-C-Sep=0.08, ║∇J║=4.1e-04
Iteration 1864/2000-----
currents: [100000.0, 99999.99996593637, 99999.99995519906, 99999.99995636867, 99999.99995618266]
J=1.2e-04, ⟨Jf⟩=1.1e-04, ⟨B·n⟩=3.0e-03, Len=sum([2.4, 2.4, 2.4, 2.5, 2.6])=12.3, ϰ=[8.1, 8.2, 8.5, 10.7, 11.1], ∫ϰ²/L>=[14.9, 14.6, 17.3, 19.8, 20.4], C-C-Sep=0.08, ║∇J║=5.3e-04
Iteration 1865/2000-----
currents: [100000.0, 99999.99996591994, 99999.99995517824, 99999.99995634874, 99999.99995616275]
J=1.2e-04, ⟨Jf⟩=1.1e-04, ⟨B·n⟩=3.0e-03, Len=sum([2.4, 2.4, 2.4, 2.5, 2.6])=12.3, ϰ=[8.2, 8.2, 8.5, 10.7, 11.1], ∫ϰ²/L>=[14.9, 14.6, 17.3, 19.8, 20.4], C-C-Sep=0.08, ║∇J║=5.4e-04
Iteration 1866/2000-----
currents: [100000.0, 99999.99996579516, 99999.99995501859, 99999.9999561961, 99999.9999560086]
J=1.2e-04, ⟨Jf⟩=1.1e-04, ⟨B·n⟩=3.0e-03, Len=sum([2.4, 2.4, 2.4, 2.5, 2.6])=12.3, ϰ=[8.2, 8.3, 8.5, 10.7, 11.1], ∫ϰ²/L>=[14.9, 14.6, 17.3, 19.8, 20.4], C-C-Sep=0.08, ║∇J║=7.3e-04
Iteration 1867/2000-----
currents: [100000.0, 99999.99996586857, 99999.99995511265, 99999.99995628599, 99999.99995609932]
J=1.2e-04, ⟨Jf⟩=1.1e-04, ⟨B·n⟩=3.0e-03, Len=sum([2.4, 2.4, 2.4, 2.5, 2.6])=12.3, ϰ=[8.1, 8.3, 8.5, 10.7, 11.1], ∫ϰ²/L>=[14.9, 14.6, 17.3, 19.8, 20.4], C-C-Sep=0.08, ║∇J║=6.9e-04
Iteration 1868/2000-----
currents: [100000.0, 99999.99996583258, 99999.9999550666, 99999.9999562419, 99999.99995605493]
J=1.2e-04, ⟨Jf⟩=1.1e-04, ⟨B·n⟩=3.0e-03, Len=sum([2.4, 2.4, 2.4, 2.5, 2.6])=12.3, ϰ=[8.1, 8.3, 8.5, 10.7, 11.1], ∫ϰ²/L>=[14.9, 14.6, 17.3, 19.8, 20.4], C-C-Sep=0.08, ║∇J║=5.1e-04
Iteration 1869/2000-----
currents: [100000.0, 99999.99996580453, 99999.99995503073, 99999.99995620763, 99999.99995602033]
J=1.2e-04, ⟨Jf⟩=1.1e-04, ⟨B·n⟩=3.0e-03, Len=sum([2.4, 2.4, 2.4, 2.5, 2.6])=12.3, ϰ=[8.2, 8.3, 8.5, 10.7, 11.1], ∫ϰ²/L>=[14.9, 14.6, 17.3, 19.8, 20.4], C-C-Sep=0.08, ║∇J║=4.0e-04
Iteration 1870/2000-----
currents: [100000.0, 99999.99996574922, 99999.99995495995, 99999.99995613999, 99999.9999559521]
J=1.2e-04, ⟨Jf⟩=1.1e-04, ⟨B·n⟩=3.0e-03, Len=sum([2.4, 2.4, 2.4, 2.5, 2.6])=12.3, ϰ=[8.2, 8.3, 8.5, 10.7, 11.0], ∫ϰ²/L>=[14.9, 14.6, 17.3, 19.8, 20.4], C-C-Sep=0.08, ║∇J║=4.5e-04
Iteration 1871/2000-----
currents: [100000.0, 99999.99996573481, 99999.99995494157, 99999.99995612245, 99999.99995593441]
J=1.2e-04, ⟨Jf⟩=1.1e-04, ⟨B·n⟩=3.0e-03, Len=sum([2.4, 2.4, 2.4, 2.5, 2.6])=12.3, ϰ=[8.2, 8.3, 8.6, 10.7, 11.0], ∫ϰ²/L>=[14.9, 14.6, 17.3, 19.8, 20.4], C-C-Sep=0.08, ║∇J║=4.8e-04
Iteration 1872/2000-----
currents: [100000.0, 99999.99996567296, 99999.99995486232, 99999.99995604662, 99999.99995585787]
J=1.2e-04, ⟨Jf⟩=1.1e-04, ⟨B·n⟩=3.0e-03, Len=sum([2.4, 2.4, 2.4, 2.5, 2.6])=12.3, ϰ=[8.2, 8.3, 8.6, 10.7, 11.0], ∫ϰ²/L>=[14.9, 14.6, 17.3, 19.8, 20.4], C-C-Sep=0.08, ║∇J║=3.8e-04
Iteration 1873/2000-----
currents: [100000.0, 99999.9999656235, 99999.99995479899, 99999.99995598603, 99999.99995579683]
J=1.2e-04, ⟨Jf⟩=1.1e-04, ⟨B·n⟩=3.0e-03, Len=sum([2.4, 2.4, 2.4, 2.5, 2.6])=12.3, ϰ=[8.1, 8.3, 8.6, 10.7, 11.0], ∫ϰ²/L>=[14.9, 14.6, 17.3, 19.8, 20.4], C-C-Sep=0.08, ║∇J║=4.1e-04
Iteration 1874/2000-----
currents: [100000.0, 99999.99996556637, 99999.9999547257, 99999.999955916, 99999.99995572619]
J=1.2e-04, ⟨Jf⟩=1.1e-04, ⟨B·n⟩=3.0e-03, Len=sum([2.4, 2.4, 2.4, 2.5, 2.6])=12.3, ϰ=[8.2, 8.3, 8.6, 10.8, 11.0], ∫ϰ²/L>=[14.9, 14.6, 17.3, 19.8, 20.4], C-C-Sep=0.08, ║∇J║=4.2e-04
Iteration 1875/2000-----
currents: [100000.0, 99999.99996548983, 99999.99995462754, 99999.99995582215, 99999.9999556315]
J=1.2e-04, ⟨Jf⟩=1.1e-04, ⟨B·n⟩=3.0e-03, Len=sum([2.4, 2.4, 2.4, 2.5, 2.6])=12.3, ϰ=[8.2, 8.3, 8.7, 10.8, 11.0], ∫ϰ²/L>=[14.9, 14.6, 17.3, 19.8, 20.4], C-C-Sep=0.08, ║∇J║=4.5e-04
Iteration 1876/2000-----
currents: [100000.0, 99999.99996546126, 99999.99995459082, 99999.99995578705, 99999.99995559618]
J=1.2e-04, ⟨Jf⟩=1.1e-04, ⟨B·n⟩=3.0e-03, Len=sum([2.4, 2.4, 2.4, 2.5, 2.6])=12.3, ϰ=[8.2, 8.3, 8.7, 10.8, 11.0], ∫ϰ²/L>=[14.9, 14.6, 17.3, 19.8, 20.4], C-C-Sep=0.08, ║∇J║=6.0e-04
Iteration 1877/2000-----
currents: [100000.0, 99999.99996542514, 99999.9999545446, 99999.99995574291, 99999.99995555174]
J=1.2e-04, ⟨Jf⟩=1.1e-04, ⟨B·n⟩=3.0e-03, Len=sum([2.4, 2.4, 2.4, 2.5, 2.6])=12.3, ϰ=[8.2, 8.3, 8.6, 10.8, 11.0], ∫ϰ²/L>=[14.9, 14.6, 17.3, 19.8, 20.4], C-C-Sep=0.08, ║∇J║=5.1e-04
Iteration 1878/2000-----
currents: [100000.0, 99999.99996538942, 99999.9999544989, 99999.9999556992, 99999.99995550768]
J=1.2e-04, ⟨Jf⟩=1.1e-04, ⟨B·n⟩=3.0e-03, Len=sum([2.4, 2.4, 2.4, 2.5, 2.6])=12.3, ϰ=[8.2, 8.3, 8.7, 10.8, 11.0], ∫ϰ²/L>=[14.9, 14.6, 17.3, 19.8, 20.4], C-C-Sep=0.08, ║∇J║=4.8e-04
Iteration 1879/2000-----
currents: [100000.0, 99999.99996534722, 99999.99995444487, 99999.9999556476, 99999.99995545567]
J=1.2e-04, ⟨Jf⟩=1.1e-04, ⟨B·n⟩=3.0e-03, Len=sum([2.4, 2.4, 2.4, 2.5, 2.6])=12.3, ϰ=[8.1, 8.3, 8.7, 10.8, 11.0], ∫ϰ²/L>=[14.9, 14.6, 17.3, 19.8, 20.4], C-C-Sep=0.08, ║∇J║=5.6e-04
Iteration 1880/2000-----
currents: [100000.0, 99999.99996533811, 99999.99995443315, 99999.99995563636, 99999.99995544442]
J=1.2e-04, ⟨Jf⟩=1.1e-04, ⟨B·n⟩=3.0e-03, Len=sum([2.4, 2.4, 2.4, 2.5, 2.6])=12.3, ϰ=[8.2, 8.3, 8.7, 10.8, 11.0], ∫ϰ²/L>=[14.9, 14.6, 17.3, 19.8, 20.4], C-C-Sep=0.08, ║∇J║=4.0e-04
Iteration 1881/2000-----
currents: [100000.0, 99999.99996528278, 99999.99995436241, 99999.9999555688, 99999.99995537623]
J=1.2e-04, ⟨Jf⟩=1.1e-04, ⟨B·n⟩=3.0e-03, Len=sum([2.4, 2.4, 2.4, 2.5, 2.6])=12.3, ϰ=[8.2, 8.3, 8.6, 10.8, 11.0], ∫ϰ²/L>=[14.9, 14.6, 17.3, 19.8, 20.4], C-C-Sep=0.08, ║∇J║=4.7e-04
Iteration 1882/2000-----
currents: [100000.0, 99999.99996532504, 99999.99995441666, 99999.9999556209, 99999.99995542863]
J=1.2e-04, ⟨Jf⟩=1.1e-04, ⟨B·n⟩=3.0e-03, Len=sum([2.4, 2.4, 2.4, 2.5, 2.6])=12.3, ϰ=[8.2, 8.2, 8.7, 10.8, 11.0], ∫ϰ²/L>=[14.9, 14.5, 17.2, 19.8, 20.4], C-C-Sep=0.08, ║∇J║=6.5e-04
Iteration 1883/2000-----
currents: [100000.0, 99999.9999652218, 99999.99995428453, 99999.9999554945, 99999.99995530113]
J=1.2e-04, ⟨Jf⟩=1.1e-04, ⟨B·n⟩=3.0e-03, Len=sum([2.4, 2.4, 2.4, 2.5, 2.6])=12.3, ϰ=[8.2, 8.3, 8.6, 10.9, 11.0], ∫ϰ²/L>=[14.9, 14.5, 17.3, 19.8, 20.4], C-C-Sep=0.08, ║∇J║=5.4e-04
Iteration 1884/2000-----
currents: [100000.0, 99999.99996518399, 99999.99995423606, 99999.9999554481, 99999.99995525436]
J=1.2e-04, ⟨Jf⟩=1.1e-04, ⟨B·n⟩=3.0e-03, Len=sum([2.4, 2.4, 2.4, 2.5, 2.6])=12.3, ϰ=[8.2, 8.2, 8.6, 10.9, 11.0], ∫ϰ²/L>=[14.9, 14.5, 17.2, 19.8, 20.4], C-C-Sep=0.08, ║∇J║=5.5e-04
Iteration 1885/2000-----
currents: [100000.0, 99999.99996518179, 99999.99995423335, 99999.9999554456, 99999.99995525183]
J=1.2e-04, ⟨Jf⟩=1.1e-04, ⟨B·n⟩=3.0e-03, Len=sum([2.4, 2.4, 2.4, 2.5, 2.6])=12.3, ϰ=[8.2, 8.2, 8.6, 10.9, 11.0], ∫ϰ²/L>=[14.9, 14.5, 17.2, 19.8, 20.4], C-C-Sep=0.08, ║∇J║=3.5e-04
Iteration 1886/2000-----
currents: [100000.0, 99999.99996515542, 99999.99995419964, 99999.99995541353, 99999.99995521935]
J=1.2e-04, ⟨Jf⟩=1.1e-04, ⟨B·n⟩=3.0e-03, Len=sum([2.4, 2.4, 2.4, 2.5, 2.6])=12.3, ϰ=[8.2, 8.2, 8.6, 10.9, 11.0], ∫ϰ²/L>=[14.9, 14.5, 17.2, 19.8, 20.4], C-C-Sep=0.08, ║∇J║=4.1e-04
Iteration 1887/2000-----
currents: [100000.0, 99999.99996508576, 99999.99995411055, 99999.9999553284, 99999.99995513345]
J=1.2e-04, ⟨Jf⟩=1.1e-04, ⟨B·n⟩=3.0e-03, Len=sum([2.4, 2.4, 2.4, 2.5, 2.6])=12.3, ϰ=[8.2, 8.2, 8.6, 10.9, 11.0], ∫ϰ²/L>=[14.9, 14.5, 17.2, 19.8, 20.4], C-C-Sep=0.08, ║∇J║=4.7e-04
Iteration 1888/2000-----
currents: [100000.0, 99999.99996500324, 99999.9999540049, 99999.99995522751, 99999.99995503153]
J=1.2e-04, ⟨Jf⟩=1.1e-04, ⟨B·n⟩=3.0e-03, Len=sum([2.4, 2.4, 2.4, 2.5, 2.6])=12.3, ϰ=[8.2, 8.2, 8.5, 10.9, 10.9], ∫ϰ²/L>=[14.9, 14.5, 17.2, 19.8, 20.4], C-C-Sep=0.08, ║∇J║=5.4e-04
Iteration 1889/2000-----
currents: [100000.0, 99999.99996492075, 99999.9999538994, 99999.9999551267, 99999.99995492982]
J=1.2e-04, ⟨Jf⟩=1.1e-04, ⟨B·n⟩=3.0e-03, Len=sum([2.4, 2.4, 2.4, 2.5, 2.6])=12.3, ϰ=[8.2, 8.1, 8.5, 10.9, 10.9], ∫ϰ²/L>=[14.9, 14.5, 17.2, 19.8, 20.4], C-C-Sep=0.08, ║∇J║=4.9e-04
Iteration 1890/2000-----
currents: [100000.0, 99999.99996493723, 99999.99995392046, 99999.99995514682, 99999.99995495006]
J=1.2e-04, ⟨Jf⟩=1.1e-04, ⟨B·n⟩=3.0e-03, Len=sum([2.4, 2.4, 2.4, 2.5, 2.6])=12.3, ϰ=[8.2, 8.1, 8.5, 10.9, 10.9], ∫ϰ²/L>=[14.9, 14.5, 17.2, 19.8, 20.4], C-C-Sep=0.08, ║∇J║=5.4e-04
Iteration 1891/2000-----
currents: [100000.0, 99999.99996489329, 99999.99995386422, 99999.99995509305, 99999.99995489571]
J=1.2e-04, ⟨Jf⟩=1.1e-04, ⟨B·n⟩=3.0e-03, Len=sum([2.4, 2.4, 2.4, 2.5, 2.6])=12.3, ϰ=[8.2, 8.2, 8.5, 10.9, 10.9], ∫ϰ²/L>=[14.9, 14.5, 17.2, 19.8, 20.4], C-C-Sep=0.08, ║∇J║=5.3e-04
Iteration 1892/2000-----
currents: [100000.0, 99999.99996487574, 99999.99995384176, 99999.99995507162, 99999.9999548741]
J=1.2e-04, ⟨Jf⟩=1.1e-04, ⟨B·n⟩=3.0e-03, Len=sum([2.4, 2.4, 2.4, 2.5, 2.6])=12.3, ϰ=[8.2, 8.2, 8.5, 10.9, 10.9], ∫ϰ²/L>=[14.9, 14.5, 17.2, 19.8, 20.4], C-C-Sep=0.08, ║∇J║=4.7e-04
Iteration 1893/2000-----
currents: [100000.0, 99999.99996480222, 99999.99995374776, 99999.9999549818, 99999.99995478346]
J=1.2e-04, ⟨Jf⟩=1.1e-04, ⟨B·n⟩=3.0e-03, Len=sum([2.4, 2.4, 2.4, 2.5, 2.6])=12.3, ϰ=[8.2, 8.2, 8.5, 10.9, 10.9], ∫ϰ²/L>=[14.9, 14.5, 17.2, 19.8, 20.4], C-C-Sep=0.08, ║∇J║=4.6e-04
Iteration 1894/2000-----
currents: [100000.0, 99999.99996477435, 99999.9999537121, 99999.99995494774, 99999.99995474907]
J=1.2e-04, ⟨Jf⟩=1.1e-04, ⟨B·n⟩=3.0e-03, Len=sum([2.4, 2.4, 2.4, 2.5, 2.6])=12.3, ϰ=[8.2, 8.1, 8.5, 10.9, 11.0], ∫ϰ²/L>=[14.9, 14.5, 17.2, 19.8, 20.4], C-C-Sep=0.08, ║∇J║=4.2e-04
Iteration 1895/2000-----
currents: [100000.0, 99999.99996466552, 99999.99995357271, 99999.99995481454, 99999.99995461464]
J=1.2e-04, ⟨Jf⟩=1.1e-04, ⟨B·n⟩=3.0e-03, Len=sum([2.4, 2.4, 2.4, 2.5, 2.6])=12.3, ϰ=[8.3, 8.1, 8.5, 10.9, 11.0], ∫ϰ²/L>=[15.0, 14.6, 17.2, 19.8, 20.4], C-C-Sep=0.08, ║∇J║=5.5e-04
Iteration 1896/2000-----
currents: [100000.0, 99999.99996462342, 99999.99995351888, 99999.99995476315, 99999.99995456272]
J=1.2e-04, ⟨Jf⟩=1.1e-04, ⟨B·n⟩=3.0e-03, Len=sum([2.4, 2.4, 2.4, 2.5, 2.6])=12.3, ϰ=[8.3, 8.1, 8.5, 10.9, 11.0], ∫ϰ²/L>=[15.0, 14.6, 17.2, 19.8, 20.4], C-C-Sep=0.08, ║∇J║=5.2e-04
Iteration 1897/2000-----
currents: [100000.0, 99999.99996455938, 99999.99995343685, 99999.9999546847, 99999.99995448357]
J=1.2e-04, ⟨Jf⟩=1.1e-04, ⟨B·n⟩=3.0e-03, Len=sum([2.4, 2.4, 2.4, 2.5, 2.6])=12.3, ϰ=[8.3, 8.1, 8.5, 10.9, 11.0], ∫ϰ²/L>=[15.0, 14.6, 17.2, 19.8, 20.4], C-C-Sep=0.08, ║∇J║=5.3e-04
Iteration 1898/2000-----
currents: [100000.0, 99999.99996457847, 99999.99995346124, 99999.99995470802, 99999.99995450713]
J=1.2e-04, ⟨Jf⟩=1.1e-04, ⟨B·n⟩=3.0e-03, Len=sum([2.4, 2.4, 2.4, 2.5, 2.6])=12.3, ϰ=[8.3, 8.1, 8.5, 10.9, 11.0], ∫ϰ²/L>=[15.0, 14.5, 17.2, 19.7, 20.4], C-C-Sep=0.08, ║∇J║=5.6e-04
Iteration 1899/2000-----
currents: [100000.0, 99999.99996448742, 99999.99995334474, 99999.99995459667, 99999.99995439479]
J=1.2e-04, ⟨Jf⟩=1.1e-04, ⟨B·n⟩=3.0e-03, Len=sum([2.4, 2.4, 2.4, 2.5, 2.6])=12.3, ϰ=[8.3, 8.1, 8.5, 10.9, 11.0], ∫ϰ²/L>=[15.0, 14.6, 17.2, 19.7, 20.4], C-C-Sep=0.08, ║∇J║=5.0e-04
Iteration 1900/2000-----
currents: [100000.0, 99999.99996449731, 99999.9999533574, 99999.99995460865, 99999.99995440686]
J=1.2e-04, ⟨Jf⟩=1.1e-04, ⟨B·n⟩=3.0e-03, Len=sum([2.4, 2.4, 2.4, 2.5, 2.6])=12.3, ϰ=[8.3, 8.1, 8.5, 10.9, 11.0], ∫ϰ²/L>=[15.0, 14.6, 17.2, 19.7, 20.4], C-C-Sep=0.08, ║∇J║=5.6e-04
Iteration 1901/2000-----
currents: [100000.0, 99999.99996446022, 99999.99995330992, 99999.99995456325, 99999.99995436103]
J=1.2e-04, ⟨Jf⟩=1.1e-04, ⟨B·n⟩=3.0e-03, Len=sum([2.4, 2.4, 2.4, 2.5, 2.6])=12.3, ϰ=[8.3, 8.0, 8.5, 10.9, 11.0], ∫ϰ²/L>=[15.0, 14.6, 17.2, 19.7, 20.4], C-C-Sep=0.08, ║∇J║=4.3e-04
Iteration 1902/2000-----
currents: [100000.0, 99999.99996444654, 99999.99995329235, 99999.99995454647, 99999.99995434406]
J=1.2e-04, ⟨Jf⟩=1.1e-04, ⟨B·n⟩=3.0e-03, Len=sum([2.4, 2.4, 2.4, 2.5, 2.6])=12.3, ϰ=[8.3, 8.0, 8.4, 10.8, 11.0], ∫ϰ²/L>=[15.0, 14.5, 17.2, 19.7, 20.4], C-C-Sep=0.08, ║∇J║=4.1e-04
Iteration 1903/2000-----
currents: [100000.0, 99999.99996437809, 99999.99995320471, 99999.99995446272, 99999.99995425949]
J=1.2e-04, ⟨Jf⟩=1.1e-04, ⟨B·n⟩=3.0e-03, Len=sum([2.4, 2.4, 2.4, 2.5, 2.6])=12.3, ϰ=[8.3, 8.0, 8.5, 10.8, 11.0], ∫ϰ²/L>=[15.0, 14.5, 17.2, 19.7, 20.5], C-C-Sep=0.08, ║∇J║=4.3e-04
Iteration 1904/2000-----
currents: [100000.0, 99999.99996432303, 99999.99995313426, 99999.99995439537, 99999.99995419147]
J=1.2e-04, ⟨Jf⟩=1.1e-04, ⟨B·n⟩=3.0e-03, Len=sum([2.4, 2.4, 2.4, 2.5, 2.6])=12.3, ϰ=[8.3, 8.0, 8.5, 10.8, 11.1], ∫ϰ²/L>=[15.0, 14.5, 17.2, 19.7, 20.5], C-C-Sep=0.08, ║∇J║=4.8e-04
Iteration 1905/2000-----
currents: [100000.0, 99999.99996422064, 99999.99995300309, 99999.99995427004, 99999.99995406499]
J=1.2e-04, ⟨Jf⟩=1.1e-04, ⟨B·n⟩=3.0e-03, Len=sum([2.4, 2.4, 2.5, 2.5, 2.6])=12.3, ϰ=[8.3, 8.0, 8.5, 10.8, 11.1], ∫ϰ²/L>=[15.0, 14.5, 17.2, 19.7, 20.5], C-C-Sep=0.08, ║∇J║=5.7e-04
Iteration 1906/2000-----
currents: [100000.0, 99999.99996419993, 99999.99995297666, 99999.99995424479, 99999.99995403946]
J=1.2e-04, ⟨Jf⟩=1.1e-04, ⟨B·n⟩=3.0e-03, Len=sum([2.4, 2.4, 2.5, 2.5, 2.6])=12.3, ϰ=[8.3, 8.0, 8.5, 10.8, 11.1], ∫ϰ²/L>=[15.0, 14.5, 17.2, 19.7, 20.5], C-C-Sep=0.08, ║∇J║=4.6e-04
Iteration 1907/2000-----
currents: [100000.0, 99999.99996414826, 99999.99995291058, 99999.9999541818, 99999.9999539758]
J=1.2e-04, ⟨Jf⟩=1.1e-04, ⟨B·n⟩=3.0e-03, Len=sum([2.4, 2.4, 2.5, 2.5, 2.6])=12.3, ϰ=[8.3, 8.0, 8.5, 10.9, 11.1], ∫ϰ²/L>=[15.0, 14.5, 17.3, 19.7, 20.5], C-C-Sep=0.08, ║∇J║=5.8e-04
Iteration 1908/2000-----
currents: [100000.0, 99999.99996410384, 99999.99995285377, 99999.99995412742, 99999.99995392094]
J=1.2e-04, ⟨Jf⟩=1.1e-04, ⟨B·n⟩=3.0e-03, Len=sum([2.4, 2.4, 2.5, 2.5, 2.6])=12.3, ϰ=[8.3, 8.0, 8.5, 10.9, 11.1], ∫ϰ²/L>=[15.0, 14.5, 17.3, 19.7, 20.5], C-C-Sep=0.08, ║∇J║=5.3e-04
Iteration 1909/2000-----
currents: [100000.0, 99999.99996406697, 99999.99995280654, 99999.99995408229, 99999.99995387538]
J=1.2e-04, ⟨Jf⟩=1.1e-04, ⟨B·n⟩=3.0e-03, Len=sum([2.4, 2.4, 2.5, 2.5, 2.6])=12.3, ϰ=[8.3, 8.0, 8.5, 10.8, 11.1], ∫ϰ²/L>=[15.0, 14.5, 17.3, 19.7, 20.5], C-C-Sep=0.08, ║∇J║=4.5e-04
Iteration 1910/2000-----
currents: [100000.0, 99999.99996402455, 99999.99995275225, 99999.99995403043, 99999.99995382293]
J=1.2e-04, ⟨Jf⟩=1.1e-04, ⟨B·n⟩=3.0e-03, Len=sum([2.4, 2.4, 2.5, 2.5, 2.6])=12.3, ϰ=[8.3, 8.0, 8.5, 10.8, 11.1], ∫ϰ²/L>=[15.0, 14.5, 17.3, 19.7, 20.5], C-C-Sep=0.08, ║∇J║=4.3e-04
Iteration 1911/2000-----
currents: [100000.0, 99999.999963989, 99999.99995270673, 99999.99995398696, 99999.99995377904]
J=1.2e-04, ⟨Jf⟩=1.1e-04, ⟨B·n⟩=3.0e-03, Len=sum([2.4, 2.4, 2.5, 2.5, 2.6])=12.3, ϰ=[8.3, 8.0, 8.5, 10.8, 11.1], ∫ϰ²/L>=[15.0, 14.5, 17.3, 19.6, 20.5], C-C-Sep=0.08, ║∇J║=4.4e-04
Iteration 1912/2000-----
currents: [100000.0, 99999.999963849, 99999.9999525275, 99999.99995381568, 99999.99995360614]
J=1.2e-04, ⟨Jf⟩=1.1e-04, ⟨B·n⟩=3.0e-03, Len=sum([2.4, 2.4, 2.5, 2.5, 2.6])=12.3, ϰ=[8.3, 8.0, 8.6, 10.8, 11.1], ∫ϰ²/L>=[15.0, 14.5, 17.3, 19.6, 20.5], C-C-Sep=0.08, ║∇J║=5.1e-04
Iteration 1913/2000-----
currents: [100000.0, 99999.9999638778, 99999.99995256442, 99999.9999538511, 99999.99995364182]
J=1.2e-04, ⟨Jf⟩=1.1e-04, ⟨B·n⟩=3.0e-03, Len=sum([2.4, 2.4, 2.5, 2.5, 2.6])=12.3, ϰ=[8.4, 8.1, 8.6, 10.8, 11.1], ∫ϰ²/L>=[15.0, 14.5, 17.3, 19.6, 20.5], C-C-Sep=0.08, ║∇J║=5.6e-04
Iteration 1914/2000-----
currents: [100000.0, 99999.9999638169, 99999.99995248659, 99999.99995377683, 99999.99995356686]
J=1.2e-04, ⟨Jf⟩=1.1e-04, ⟨B·n⟩=3.0e-03, Len=sum([2.4, 2.4, 2.5, 2.5, 2.6])=12.3, ϰ=[8.4, 8.1, 8.6, 10.8, 11.1], ∫ϰ²/L>=[15.0, 14.5, 17.3, 19.6, 20.5], C-C-Sep=0.08, ║∇J║=5.4e-04
Iteration 1915/2000-----
currents: [100000.0, 99999.9999638202, 99999.99995249078, 99999.99995378077, 99999.99995357098]
J=1.2e-04, ⟨Jf⟩=1.1e-04, ⟨B·n⟩=3.0e-03, Len=sum([2.4, 2.4, 2.5, 2.5, 2.6])=12.3, ϰ=[8.4, 8.1, 8.6, 10.8, 11.1], ∫ϰ²/L>=[15.0, 14.5, 17.3, 19.6, 20.5], C-C-Sep=0.08, ║∇J║=4.1e-04
Iteration 1916/2000-----
currents: [100000.0, 99999.99996378495, 99999.99995244567, 99999.99995373774, 99999.99995352745]
J=1.2e-04, ⟨Jf⟩=1.1e-04, ⟨B·n⟩=3.0e-03, Len=sum([2.4, 2.4, 2.5, 2.5, 2.6])=12.3, ϰ=[8.4, 8.1, 8.6, 10.8, 11.1], ∫ϰ²/L>=[15.0, 14.5, 17.3, 19.6, 20.5], C-C-Sep=0.08, ║∇J║=3.7e-04
Iteration 1917/2000-----
currents: [100000.0, 99999.99996377605, 99999.99995243439, 99999.99995372703, 99999.9999535167]
J=1.2e-04, ⟨Jf⟩=1.1e-04, ⟨B·n⟩=3.0e-03, Len=sum([2.4, 2.4, 2.5, 2.5, 2.6])=12.3, ϰ=[8.4, 8.1, 8.6, 10.8, 11.1], ∫ϰ²/L>=[15.0, 14.5, 17.3, 19.6, 20.5], C-C-Sep=0.08, ║∇J║=3.7e-04
Iteration 1918/2000-----
currents: [100000.0, 99999.99996377234, 99999.99995242975, 99999.99995372277, 99999.99995351242]
J=1.2e-04, ⟨Jf⟩=1.1e-04, ⟨B·n⟩=3.0e-03, Len=sum([2.4, 2.4, 2.5, 2.5, 2.6])=12.3, ϰ=[8.4, 8.1, 8.6, 10.8, 11.1], ∫ϰ²/L>=[15.0, 14.5, 17.3, 19.6, 20.5], C-C-Sep=0.08, ║∇J║=4.1e-04
Iteration 1919/2000-----
currents: [100000.0, 99999.9999637541, 99999.99995240662, 99999.99995370072, 99999.99995349022]
J=1.2e-04, ⟨Jf⟩=1.1e-04, ⟨B·n⟩=3.0e-03, Len=sum([2.4, 2.4, 2.5, 2.5, 2.6])=12.3, ϰ=[8.4, 8.2, 8.6, 10.8, 11.1], ∫ϰ²/L>=[15.0, 14.5, 17.3, 19.6, 20.5], C-C-Sep=0.08, ║∇J║=4.2e-04
Iteration 1920/2000-----
currents: [100000.0, 99999.9999637387, 99999.99995238705, 99999.9999536821, 99999.9999534714]
J=1.2e-04, ⟨Jf⟩=1.1e-04, ⟨B·n⟩=3.0e-03, Len=sum([2.4, 2.4, 2.5, 2.5, 2.6])=12.3, ϰ=[8.4, 8.2, 8.7, 10.8, 11.1], ∫ϰ²/L>=[15.0, 14.5, 17.3, 19.6, 20.5], C-C-Sep=0.08, ║∇J║=4.2e-04
Iteration 1921/2000-----
currents: [100000.0, 99999.99996370757, 99999.99995234731, 99999.99995364419, 99999.99995343314]
J=1.2e-04, ⟨Jf⟩=1.1e-04, ⟨B·n⟩=3.0e-03, Len=sum([2.4, 2.4, 2.5, 2.5, 2.6])=12.3, ϰ=[8.4, 8.2, 8.6, 10.8, 11.1], ∫ϰ²/L>=[15.0, 14.5, 17.3, 19.6, 20.5], C-C-Sep=0.08, ║∇J║=3.5e-04
Iteration 1922/2000-----
currents: [100000.0, 99999.99996368722, 99999.99995232138, 99999.9999536195, 99999.99995340814]
J=1.2e-04, ⟨Jf⟩=1.1e-04, ⟨B·n⟩=3.0e-03, Len=sum([2.4, 2.4, 2.5, 2.5, 2.6])=12.3, ϰ=[8.4, 8.2, 8.7, 10.8, 11.1], ∫ϰ²/L>=[15.0, 14.5, 17.3, 19.6, 20.5], C-C-Sep=0.08, ║∇J║=3.2e-04
Iteration 1923/2000-----
currents: [100000.0, 99999.99996365617, 99999.99995228168, 99999.99995358168, 99999.99995336993]
J=1.2e-04, ⟨Jf⟩=1.1e-04, ⟨B·n⟩=3.0e-03, Len=sum([2.4, 2.4, 2.5, 2.5, 2.6])=12.3, ϰ=[8.4, 8.2, 8.7, 10.8, 11.1], ∫ϰ²/L>=[15.0, 14.5, 17.3, 19.6, 20.5], C-C-Sep=0.08, ║∇J║=4.4e-04
Iteration 1924/2000-----
currents: [100000.0, 99999.99996359418, 99999.99995220252, 99999.9999535062, 99999.99995329366]
J=1.2e-04, ⟨Jf⟩=1.1e-04, ⟨B·n⟩=3.0e-03, Len=sum([2.4, 2.4, 2.5, 2.5, 2.6])=12.3, ϰ=[8.4, 8.2, 8.7, 10.8, 11.1], ∫ϰ²/L>=[15.0, 14.5, 17.3, 19.6, 20.5], C-C-Sep=0.08, ║∇J║=4.2e-04
Iteration 1925/2000-----
currents: [100000.0, 99999.99996356985, 99999.9999521714, 99999.99995347654, 99999.9999532638]
J=1.2e-04, ⟨Jf⟩=1.1e-04, ⟨B·n⟩=3.0e-03, Len=sum([2.4, 2.4, 2.5, 2.5, 2.6])=12.3, ϰ=[8.4, 8.2, 8.7, 10.8, 11.0], ∫ϰ²/L>=[15.0, 14.5, 17.3, 19.6, 20.5], C-C-Sep=0.08, ║∇J║=3.6e-04
Iteration 1926/2000-----
currents: [100000.0, 99999.99996350684, 99999.99995209071, 99999.99995339946, 99999.99995318605]
J=1.2e-04, ⟨Jf⟩=1.1e-04, ⟨B·n⟩=3.0e-03, Len=sum([2.4, 2.4, 2.5, 2.5, 2.6])=12.3, ϰ=[8.4, 8.2, 8.7, 10.8, 11.0], ∫ϰ²/L>=[15.0, 14.5, 17.3, 19.6, 20.5], C-C-Sep=0.08, ║∇J║=4.3e-04
Iteration 1927/2000-----
currents: [100000.0, 99999.99996348059, 99999.99995205717, 99999.99995336753, 99999.99995315379]
J=1.2e-04, ⟨Jf⟩=1.1e-04, ⟨B·n⟩=3.0e-03, Len=sum([2.4, 2.4, 2.5, 2.5, 2.6])=12.3, ϰ=[8.4, 8.2, 8.7, 10.8, 11.0], ∫ϰ²/L>=[15.0, 14.4, 17.3, 19.6, 20.5], C-C-Sep=0.08, ║∇J║=3.7e-04
Iteration 1928/2000-----
currents: [100000.0, 99999.99996341398, 99999.99995197196, 99999.99995328626, 99999.99995307182]
J=1.2e-04, ⟨Jf⟩=1.1e-04, ⟨B·n⟩=3.0e-03, Len=sum([2.4, 2.4, 2.5, 2.5, 2.6])=12.3, ϰ=[8.4, 8.2, 8.6, 10.8, 11.0], ∫ϰ²/L>=[15.0, 14.4, 17.3, 19.6, 20.5], C-C-Sep=0.08, ║∇J║=4.5e-04
Iteration 1929/2000-----
currents: [100000.0, 99999.99996336734, 99999.9999519123, 99999.99995322949, 99999.99995301446]
J=1.2e-04, ⟨Jf⟩=1.0e-04, ⟨B·n⟩=3.0e-03, Len=sum([2.4, 2.4, 2.5, 2.5, 2.6])=12.3, ϰ=[8.5, 8.2, 8.6, 10.8, 11.0], ∫ϰ²/L>=[15.0, 14.4, 17.3, 19.6, 20.5], C-C-Sep=0.08, ║∇J║=4.3e-04
Iteration 1930/2000-----
currents: [100000.0, 99999.99996329774, 99999.99995182315, 99999.9999531446, 99999.99995292879]
J=1.2e-04, ⟨Jf⟩=1.0e-04, ⟨B·n⟩=3.0e-03, Len=sum([2.4, 2.4, 2.5, 2.5, 2.6])=12.3, ϰ=[8.5, 8.3, 8.6, 10.8, 11.0], ∫ϰ²/L>=[15.0, 14.5, 17.3, 19.6, 20.5], C-C-Sep=0.08, ║∇J║=4.9e-04
Iteration 1931/2000-----
currents: [100000.0, 99999.99996330196, 99999.99995182842, 99999.99995314966, 99999.99995293394]
J=1.2e-04, ⟨Jf⟩=1.0e-04, ⟨B·n⟩=3.0e-03, Len=sum([2.4, 2.4, 2.5, 2.5, 2.6])=12.3, ϰ=[8.5, 8.3, 8.6, 10.8, 11.0], ∫ϰ²/L>=[15.0, 14.5, 17.3, 19.5, 20.5], C-C-Sep=0.08, ║∇J║=4.4e-04
Iteration 1932/2000-----
currents: [100000.0, 99999.99996323361, 99999.99995174083, 99999.99995306601, 99999.99995284955]
J=1.2e-04, ⟨Jf⟩=1.0e-04, ⟨B·n⟩=3.0e-03, Len=sum([2.4, 2.4, 2.5, 2.5, 2.6])=12.3, ϰ=[8.5, 8.3, 8.6, 10.8, 11.0], ∫ϰ²/L>=[15.0, 14.5, 17.3, 19.5, 20.5], C-C-Sep=0.08, ║∇J║=4.7e-04
Iteration 1933/2000-----
currents: [100000.0, 99999.99996324815, 99999.9999517593, 99999.99995308365, 99999.99995286744]
J=1.2e-04, ⟨Jf⟩=1.0e-04, ⟨B·n⟩=3.0e-03, Len=sum([2.4, 2.4, 2.5, 2.5, 2.6])=12.3, ϰ=[8.5, 8.3, 8.5, 10.8, 11.0], ∫ϰ²/L>=[15.0, 14.5, 17.3, 19.5, 20.5], C-C-Sep=0.08, ║∇J║=5.0e-04
Iteration 1934/2000-----
currents: [100000.0, 99999.99996318088, 99999.99995167331, 99999.99995300165, 99999.99995278465]
J=1.2e-04, ⟨Jf⟩=1.0e-04, ⟨B·n⟩=3.0e-03, Len=sum([2.4, 2.4, 2.5, 2.5, 2.6])=12.3, ϰ=[8.5, 8.3, 8.6, 10.8, 11.0], ∫ϰ²/L>=[15.0, 14.5, 17.3, 19.5, 20.5], C-C-Sep=0.08, ║∇J║=4.1e-04
Iteration 1935/2000-----
currents: [100000.0, 99999.99996318064, 99999.99995167305, 99999.99995300149, 99999.99995278448]
J=1.2e-04, ⟨Jf⟩=1.0e-04, ⟨B·n⟩=3.0e-03, Len=sum([2.4, 2.4, 2.5, 2.5, 2.6])=12.3, ϰ=[8.5, 8.3, 8.6, 10.8, 10.9], ∫ϰ²/L>=[15.0, 14.4, 17.3, 19.5, 20.5], C-C-Sep=0.08, ║∇J║=4.3e-04
Iteration 1936/2000-----
currents: [100000.0, 99999.99996312245, 99999.99995159851, 99999.99995293042, 99999.99995271281]
J=1.2e-04, ⟨Jf⟩=1.0e-04, ⟨B·n⟩=3.0e-03, Len=sum([2.4, 2.4, 2.5, 2.5, 2.6])=12.3, ϰ=[8.6, 8.3, 8.6, 10.8, 10.9], ∫ϰ²/L>=[15.0, 14.5, 17.3, 19.5, 20.5], C-C-Sep=0.08, ║∇J║=4.2e-04
Iteration 1937/2000-----
currents: [100000.0, 99999.99996309374, 99999.99995156181, 99999.9999528955, 99999.99995267755]
J=1.2e-04, ⟨Jf⟩=1.0e-04, ⟨B·n⟩=3.0e-03, Len=sum([2.4, 2.4, 2.5, 2.5, 2.6])=12.3, ϰ=[8.6, 8.3, 8.6, 10.8, 10.9], ∫ϰ²/L>=[15.0, 14.5, 17.3, 19.5, 20.5], C-C-Sep=0.08, ║∇J║=3.5e-04
Iteration 1938/2000-----
currents: [100000.0, 99999.9999630665, 99999.99995152697, 99999.99995286245, 99999.99995264411]
J=1.2e-04, ⟨Jf⟩=1.0e-04, ⟨B·n⟩=3.0e-03, Len=sum([2.4, 2.4, 2.5, 2.5, 2.6])=12.3, ϰ=[8.6, 8.3, 8.6, 10.8, 10.9], ∫ϰ²/L>=[15.1, 14.4, 17.3, 19.5, 20.5], C-C-Sep=0.08, ║∇J║=4.3e-04
Iteration 1939/2000-----
currents: [100000.0, 99999.99996303061, 99999.99995148116, 99999.9999528188, 99999.99995260005]
J=1.2e-04, ⟨Jf⟩=1.0e-04, ⟨B·n⟩=3.0e-03, Len=sum([2.4, 2.4, 2.5, 2.5, 2.6])=12.3, ϰ=[8.6, 8.3, 8.6, 10.7, 11.0], ∫ϰ²/L>=[15.1, 14.4, 17.3, 19.5, 20.5], C-C-Sep=0.08, ║∇J║=3.8e-04
Iteration 1940/2000-----
currents: [100000.0, 99999.99996301558, 99999.99995146198, 99999.99995280056, 99999.99995258158]
J=1.2e-04, ⟨Jf⟩=1.0e-04, ⟨B·n⟩=3.0e-03, Len=sum([2.4, 2.4, 2.5, 2.5, 2.6])=12.3, ϰ=[8.6, 8.2, 8.6, 10.8, 11.0], ∫ϰ²/L>=[15.1, 14.4, 17.3, 19.5, 20.5], C-C-Sep=0.08, ║∇J║=3.8e-04
Iteration 1941/2000-----
currents: [100000.0, 99999.99996293582, 99999.99995135996, 99999.99995270335, 99999.99995248335]
J=1.2e-04, ⟨Jf⟩=1.0e-04, ⟨B·n⟩=3.0e-03, Len=sum([2.4, 2.4, 2.5, 2.5, 2.6])=12.3, ϰ=[8.6, 8.2, 8.6, 10.8, 11.0], ∫ϰ²/L>=[15.1, 14.4, 17.3, 19.5, 20.5], C-C-Sep=0.08, ║∇J║=4.3e-04
Iteration 1942/2000-----
currents: [100000.0, 99999.99996290606, 99999.99995132175, 99999.99995266706, 99999.99995244667]
J=1.2e-04, ⟨Jf⟩=1.0e-04, ⟨B·n⟩=3.0e-03, Len=sum([2.4, 2.4, 2.5, 2.5, 2.6])=12.3, ϰ=[8.6, 8.1, 8.6, 10.7, 10.9], ∫ϰ²/L>=[15.1, 14.4, 17.3, 19.5, 20.5], C-C-Sep=0.08, ║∇J║=5.6e-04
Iteration 1943/2000-----
currents: [100000.0, 99999.99996286069, 99999.99995126369, 99999.99995261172, 99999.9999523908]
J=1.2e-04, ⟨Jf⟩=1.0e-04, ⟨B·n⟩=3.0e-03, Len=sum([2.4, 2.4, 2.5, 2.5, 2.6])=12.3, ϰ=[8.6, 8.1, 8.6, 10.7, 10.9], ∫ϰ²/L>=[15.1, 14.4, 17.3, 19.5, 20.5], C-C-Sep=0.08, ║∇J║=4.7e-04
Iteration 1944/2000-----
currents: [100000.0, 99999.99996283313, 99999.99995122832, 99999.99995257796, 99999.99995235667]
J=1.2e-04, ⟨Jf⟩=1.0e-04, ⟨B·n⟩=3.0e-03, Len=sum([2.4, 2.4, 2.5, 2.5, 2.6])=12.3, ϰ=[8.6, 8.1, 8.6, 10.7, 10.9], ∫ϰ²/L>=[15.1, 14.4, 17.3, 19.5, 20.5], C-C-Sep=0.08, ║∇J║=4.3e-04
Iteration 1945/2000-----
currents: [100000.0, 99999.99996276309, 99999.99995113866, 99999.99995249257, 99999.99995227043]
J=1.2e-04, ⟨Jf⟩=1.0e-04, ⟨B·n⟩=3.0e-03, Len=sum([2.4, 2.4, 2.5, 2.5, 2.6])=12.3, ϰ=[8.7, 8.1, 8.6, 10.7, 10.9], ∫ϰ²/L>=[15.1, 14.4, 17.3, 19.5, 20.5], C-C-Sep=0.08, ║∇J║=4.3e-04
Iteration 1946/2000-----
currents: [100000.0, 99999.99996273949, 99999.9999511083, 99999.9999524638, 99999.99995224133]
J=1.2e-04, ⟨Jf⟩=1.0e-04, ⟨B·n⟩=3.0e-03, Len=sum([2.4, 2.4, 2.5, 2.5, 2.6])=12.3, ϰ=[8.7, 8.1, 8.7, 10.7, 10.9], ∫ϰ²/L>=[15.1, 14.4, 17.3, 19.5, 20.5], C-C-Sep=0.08, ║∇J║=4.5e-04
Iteration 1947/2000-----
currents: [100000.0, 99999.99996265398, 99999.99995099871, 99999.99995235937, 99999.99995213584]
J=1.2e-04, ⟨Jf⟩=1.0e-04, ⟨B·n⟩=3.0e-03, Len=sum([2.4, 2.4, 2.5, 2.5, 2.6])=12.3, ϰ=[8.7, 8.0, 8.6, 10.7, 10.9], ∫ϰ²/L>=[15.1, 14.4, 17.3, 19.5, 20.6], C-C-Sep=0.08, ║∇J║=5.3e-04
Iteration 1948/2000-----
currents: [100000.0, 99999.99996268292, 99999.99995103577, 99999.99995239468, 99999.99995217152]
J=1.2e-04, ⟨Jf⟩=1.0e-04, ⟨B·n⟩=3.0e-03, Len=sum([2.4, 2.4, 2.5, 2.5, 2.6])=12.3, ϰ=[8.7, 8.0, 8.6, 10.6, 10.9], ∫ϰ²/L>=[15.1, 14.4, 17.3, 19.5, 20.5], C-C-Sep=0.08, ║∇J║=4.5e-04
Iteration 1949/2000-----
currents: [100000.0, 99999.99996265252, 99999.99995099682, 99999.99995235752, 99999.9999521341]
J=1.2e-04, ⟨Jf⟩=1.0e-04, ⟨B·n⟩=3.0e-03, Len=sum([2.4, 2.4, 2.5, 2.5, 2.6])=12.3, ϰ=[8.6, 8.1, 8.7, 10.6, 10.9], ∫ϰ²/L>=[15.1, 14.4, 17.3, 19.5, 20.5], C-C-Sep=0.08, ║∇J║=4.1e-04
Iteration 1950/2000-----
currents: [100000.0, 99999.99996264181, 99999.99995098292, 99999.9999523443, 99999.99995212076]
J=1.2e-04, ⟨Jf⟩=1.0e-04, ⟨B·n⟩=3.0e-03, Len=sum([2.4, 2.4, 2.5, 2.5, 2.6])=12.3, ϰ=[8.6, 8.0, 8.7, 10.6, 10.9], ∫ϰ²/L>=[15.1, 14.4, 17.3, 19.5, 20.5], C-C-Sep=0.08, ║∇J║=4.6e-04
Iteration 1951/2000-----
currents: [100000.0, 99999.99996258171, 99999.99995090594, 99999.99995227098, 99999.99995204674]
J=1.2e-04, ⟨Jf⟩=1.0e-04, ⟨B·n⟩=3.0e-03, Len=sum([2.4, 2.4, 2.5, 2.5, 2.6])=12.3, ϰ=[8.6, 8.0, 8.6, 10.6, 10.9], ∫ϰ²/L>=[15.1, 14.5, 17.3, 19.5, 20.5], C-C-Sep=0.08, ║∇J║=4.4e-04
Iteration 1952/2000-----
currents: [100000.0, 99999.99996252103, 99999.99995082822, 99999.99995219687, 99999.99995197191]
J=1.2e-04, ⟨Jf⟩=1.0e-04, ⟨B·n⟩=3.0e-03, Len=sum([2.4, 2.4, 2.5, 2.5, 2.6])=12.3, ϰ=[8.6, 8.0, 8.7, 10.6, 10.9], ∫ϰ²/L>=[15.1, 14.5, 17.3, 19.5, 20.5], C-C-Sep=0.08, ║∇J║=4.3e-04
Iteration 1953/2000-----
currents: [100000.0, 99999.99996248752, 99999.99995078526, 99999.99995215594, 99999.99995193056]
J=1.2e-04, ⟨Jf⟩=1.0e-04, ⟨B·n⟩=3.0e-03, Len=sum([2.4, 2.4, 2.5, 2.5, 2.6])=12.3, ϰ=[8.5, 8.0, 8.7, 10.6, 10.9], ∫ϰ²/L>=[15.1, 14.5, 17.3, 19.5, 20.5], C-C-Sep=0.08, ║∇J║=4.8e-04
Iteration 1954/2000-----
currents: [100000.0, 99999.99996240172, 99999.99995067537, 99999.99995205119, 99999.99995182482]
J=1.2e-04, ⟨Jf⟩=1.0e-04, ⟨B·n⟩=3.0e-03, Len=sum([2.4, 2.4, 2.5, 2.5, 2.6])=12.3, ϰ=[8.5, 8.0, 8.7, 10.6, 10.9], ∫ϰ²/L>=[15.1, 14.5, 17.3, 19.4, 20.5], C-C-Sep=0.08, ║∇J║=4.9e-04
Iteration 1955/2000-----
currents: [100000.0, 99999.99996230824, 99999.99995055556, 99999.99995193708, 99999.99995170956]
J=1.2e-04, ⟨Jf⟩=1.0e-04, ⟨B·n⟩=3.0e-03, Len=sum([2.4, 2.4, 2.5, 2.5, 2.6])=12.3, ϰ=[8.5, 8.0, 8.7, 10.5, 10.9], ∫ϰ²/L>=[15.2, 14.5, 17.3, 19.4, 20.5], C-C-Sep=0.08, ║∇J║=4.9e-04
Iteration 1956/2000-----
currents: [100000.0, 99999.99996230885, 99999.99995055623, 99999.99995193767, 99999.99995171017]
J=1.2e-04, ⟨Jf⟩=1.0e-04, ⟨B·n⟩=3.0e-03, Len=sum([2.4, 2.4, 2.5, 2.5, 2.6])=12.3, ϰ=[8.5, 8.0, 8.7, 10.5, 10.9], ∫ϰ²/L>=[15.2, 14.5, 17.3, 19.4, 20.5], C-C-Sep=0.08, ║∇J║=4.9e-04
Iteration 1957/2000-----
currents: [100000.0, 99999.99996224143, 99999.99995046973, 99999.99995185519, 99999.99995162697]
J=1.2e-04, ⟨Jf⟩=1.0e-04, ⟨B·n⟩=3.0e-03, Len=sum([2.4, 2.4, 2.5, 2.5, 2.6])=12.3, ϰ=[8.5, 8.0, 8.7, 10.5, 10.9], ∫ϰ²/L>=[15.2, 14.5, 17.3, 19.4, 20.5], C-C-Sep=0.08, ║∇J║=4.9e-04
Iteration 1958/2000-----
currents: [100000.0, 99999.99996226665, 99999.99995050186, 99999.99995188587, 99999.99995165791]
J=1.2e-04, ⟨Jf⟩=1.0e-04, ⟨B·n⟩=3.0e-03, Len=sum([2.4, 2.4, 2.5, 2.5, 2.6])=12.3, ϰ=[8.5, 8.0, 8.7, 10.5, 10.9], ∫ϰ²/L>=[15.2, 14.5, 17.3, 19.4, 20.5], C-C-Sep=0.08, ║∇J║=5.1e-04
Iteration 1959/2000-----
currents: [100000.0, 99999.99996219884, 99999.99995041493, 99999.99995180307, 99999.99995157424]
J=1.2e-04, ⟨Jf⟩=1.0e-04, ⟨B·n⟩=3.0e-03, Len=sum([2.4, 2.4, 2.5, 2.5, 2.6])=12.3, ϰ=[8.5, 8.1, 8.7, 10.4, 10.9], ∫ϰ²/L>=[15.2, 14.5, 17.3, 19.4, 20.5], C-C-Sep=0.08, ║∇J║=4.7e-04
Iteration 1960/2000-----
currents: [100000.0, 99999.99996215143, 99999.99995035402, 99999.99995174496, 99999.99995151555]
J=1.2e-04, ⟨Jf⟩=1.0e-04, ⟨B·n⟩=3.0e-03, Len=sum([2.4, 2.4, 2.5, 2.5, 2.6])=12.3, ϰ=[8.5, 8.1, 8.7, 10.4, 10.9], ∫ϰ²/L>=[15.2, 14.5, 17.3, 19.4, 20.5], C-C-Sep=0.08, ║∇J║=4.1e-04
Iteration 1961/2000-----
currents: [100000.0, 99999.99996210252, 99999.99995029111, 99999.99995168492, 99999.99995145493]
J=1.2e-04, ⟨Jf⟩=1.0e-04, ⟨B·n⟩=3.0e-03, Len=sum([2.4, 2.4, 2.5, 2.5, 2.6])=12.3, ϰ=[8.5, 8.1, 8.7, 10.4, 10.9], ∫ϰ²/L>=[15.2, 14.5, 17.3, 19.4, 20.5], C-C-Sep=0.08, ║∇J║=4.2e-04
Iteration 1962/2000-----
currents: [100000.0, 99999.9999620387, 99999.99995020914, 99999.99995160679, 99999.99995137603]
J=1.2e-04, ⟨Jf⟩=1.0e-04, ⟨B·n⟩=3.0e-03, Len=sum([2.4, 2.4, 2.5, 2.5, 2.6])=12.3, ϰ=[8.5, 8.1, 8.7, 10.4, 10.9], ∫ϰ²/L>=[15.2, 14.5, 17.3, 19.4, 20.5], C-C-Sep=0.08, ║∇J║=4.5e-04
Iteration 1963/2000-----
currents: [100000.0, 99999.9999619953, 99999.99995015342, 99999.99995155366, 99999.99995132237]
J=1.2e-04, ⟨Jf⟩=1.0e-04, ⟨B·n⟩=3.0e-03, Len=sum([2.4, 2.4, 2.5, 2.5, 2.6])=12.3, ϰ=[8.5, 8.1, 8.7, 10.4, 10.9], ∫ϰ²/L>=[15.2, 14.5, 17.3, 19.4, 20.5], C-C-Sep=0.08, ║∇J║=4.7e-04
Iteration 1964/2000-----
currents: [100000.0, 99999.99996192957, 99999.99995006909, 99999.99995147328, 99999.99995124122]
J=1.2e-04, ⟨Jf⟩=1.0e-04, ⟨B·n⟩=3.0e-03, Len=sum([2.4, 2.4, 2.5, 2.5, 2.6])=12.3, ϰ=[8.5, 8.1, 8.7, 10.3, 10.9], ∫ϰ²/L>=[15.2, 14.5, 17.3, 19.4, 20.5], C-C-Sep=0.08, ║∇J║=4.9e-04
Iteration 1965/2000-----
currents: [100000.0, 99999.9999618706, 99999.99994999343, 99999.9999514012, 99999.99995116843]
J=1.2e-04, ⟨Jf⟩=1.0e-04, ⟨B·n⟩=3.0e-03, Len=sum([2.4, 2.4, 2.5, 2.5, 2.6])=12.3, ϰ=[8.5, 8.1, 8.7, 10.3, 10.9], ∫ϰ²/L>=[15.2, 14.5, 17.3, 19.4, 20.5], C-C-Sep=0.08, ║∇J║=5.6e-04
Iteration 1966/2000-----
currents: [100000.0, 99999.99996186845, 99999.99994999055, 99999.99995139854, 99999.99995116571]
J=1.2e-04, ⟨Jf⟩=1.0e-04, ⟨B·n⟩=3.0e-03, Len=sum([2.4, 2.4, 2.5, 2.5, 2.6])=12.3, ϰ=[8.5, 8.1, 8.7, 10.4, 10.9], ∫ϰ²/L>=[15.2, 14.5, 17.3, 19.4, 20.5], C-C-Sep=0.08, ║∇J║=4.1e-04
Iteration 1967/2000-----
currents: [100000.0, 99999.99996184111, 99999.99994995544, 99999.99995136519, 99999.99995113203]
J=1.2e-04, ⟨Jf⟩=1.0e-04, ⟨B·n⟩=3.0e-03, Len=sum([2.4, 2.4, 2.5, 2.5, 2.6])=12.3, ϰ=[8.5, 8.1, 8.7, 10.3, 10.9], ∫ϰ²/L>=[15.1, 14.5, 17.3, 19.4, 20.5], C-C-Sep=0.08, ║∇J║=4.2e-04
Iteration 1968/2000-----
currents: [100000.0, 99999.9999618268, 99999.9999499369, 99999.9999513476, 99999.99995111433]
J=1.2e-04, ⟨Jf⟩=1.0e-04, ⟨B·n⟩=3.0e-03, Len=sum([2.4, 2.4, 2.5, 2.5, 2.6])=12.3, ϰ=[8.5, 8.1, 8.7, 10.3, 10.8], ∫ϰ²/L>=[15.1, 14.4, 17.3, 19.4, 20.5], C-C-Sep=0.08, ║∇J║=4.2e-04
Iteration 1969/2000-----
currents: [100000.0, 99999.99996172758, 99999.99994980941, 99999.9999512263, 99999.99995099178]
J=1.1e-04, ⟨Jf⟩=1.0e-04, ⟨B·n⟩=3.0e-03, Len=sum([2.4, 2.4, 2.5, 2.5, 2.6])=12.3, ϰ=[8.5, 8.1, 8.7, 10.3, 10.8], ∫ϰ²/L>=[15.1, 14.5, 17.3, 19.4, 20.4], C-C-Sep=0.08, ║∇J║=4.6e-04
Iteration 1970/2000-----
currents: [100000.0, 99999.99996173343, 99999.99994981664, 99999.99995123329, 99999.99995099891]
J=1.1e-04, ⟨Jf⟩=1.0e-04, ⟨B·n⟩=3.0e-03, Len=sum([2.4, 2.4, 2.5, 2.5, 2.6])=12.3, ϰ=[8.5, 8.1, 8.7, 10.3, 10.8], ∫ϰ²/L>=[15.1, 14.4, 17.3, 19.4, 20.4], C-C-Sep=0.08, ║∇J║=5.5e-04
Iteration 1971/2000-----
currents: [100000.0, 99999.99996167023, 99999.9999497355, 99999.99995115596, 99999.99995092087]
J=1.1e-04, ⟨Jf⟩=1.0e-04, ⟨B·n⟩=3.0e-03, Len=sum([2.4, 2.4, 2.5, 2.5, 2.6])=12.3, ϰ=[8.5, 8.1, 8.7, 10.3, 10.8], ∫ϰ²/L>=[15.1, 14.4, 17.3, 19.4, 20.5], C-C-Sep=0.08, ║∇J║=4.6e-04
Iteration 1972/2000-----
currents: [100000.0, 99999.99996164198, 99999.99994969933, 99999.99995112154, 99999.99995088617]
J=1.1e-04, ⟨Jf⟩=1.0e-04, ⟨B·n⟩=3.0e-03, Len=sum([2.4, 2.4, 2.5, 2.5, 2.6])=12.3, ϰ=[8.5, 8.1, 8.7, 10.3, 10.8], ∫ϰ²/L>=[15.1, 14.4, 17.3, 19.4, 20.5], C-C-Sep=0.08, ║∇J║=4.1e-04
Iteration 1973/2000-----
currents: [100000.0, 99999.99996164789, 99999.99994970688, 99999.99995112875, 99999.99995089347]
J=1.1e-04, ⟨Jf⟩=1.0e-04, ⟨B·n⟩=3.0e-03, Len=sum([2.4, 2.4, 2.5, 2.5, 2.6])=12.3, ϰ=[8.5, 8.1, 8.8, 10.3, 10.8], ∫ϰ²/L>=[15.1, 14.4, 17.3, 19.3, 20.5], C-C-Sep=0.08, ║∇J║=3.7e-04
Iteration 1974/2000-----
currents: [100000.0, 99999.99996156858, 99999.99994960499, 99999.99995103168, 99999.99995079568]
J=1.1e-04, ⟨Jf⟩=1.0e-04, ⟨B·n⟩=3.0e-03, Len=sum([2.4, 2.4, 2.5, 2.5, 2.6])=12.3, ϰ=[8.5, 8.1, 8.8, 10.3, 10.8], ∫ϰ²/L>=[15.1, 14.4, 17.3, 19.3, 20.5], C-C-Sep=0.08, ║∇J║=5.2e-04
Iteration 1975/2000-----
currents: [100000.0, 99999.99996157938, 99999.9999496187, 99999.99995104485, 99999.99995080904]
J=1.1e-04, ⟨Jf⟩=1.0e-04, ⟨B·n⟩=3.0e-03, Len=sum([2.4, 2.4, 2.5, 2.5, 2.6])=12.3, ϰ=[8.5, 8.1, 8.8, 10.4, 10.9], ∫ϰ²/L>=[15.1, 14.4, 17.3, 19.3, 20.5], C-C-Sep=0.08, ║∇J║=5.2e-04
Iteration 1976/2000-----
currents: [100000.0, 99999.99996154786, 99999.99994957825, 99999.99995100635, 99999.9999507701]
J=1.1e-04, ⟨Jf⟩=1.0e-04, ⟨B·n⟩=3.0e-03, Len=sum([2.4, 2.4, 2.5, 2.5, 2.6])=12.3, ϰ=[8.5, 8.1, 8.8, 10.4, 10.8], ∫ϰ²/L>=[15.1, 14.4, 17.3, 19.3, 20.5], C-C-Sep=0.08, ║∇J║=4.2e-04
Iteration 1977/2000-----
currents: [100000.0, 99999.99996151504, 99999.99994953608, 99999.9999509661, 99999.99995072943]
J=1.1e-04, ⟨Jf⟩=1.0e-04, ⟨B·n⟩=3.0e-03, Len=sum([2.4, 2.4, 2.5, 2.5, 2.6])=12.3, ϰ=[8.5, 8.1, 8.8, 10.3, 10.8], ∫ϰ²/L>=[15.1, 14.4, 17.3, 19.3, 20.5], C-C-Sep=0.08, ║∇J║=4.5e-04
Iteration 1978/2000-----
currents: [100000.0, 99999.99996148342, 99999.99994949542, 99999.99995092735, 99999.99995069034]
J=1.1e-04, ⟨Jf⟩=1.0e-04, ⟨B·n⟩=3.0e-03, Len=sum([2.4, 2.4, 2.5, 2.5, 2.6])=12.3, ϰ=[8.5, 8.1, 8.8, 10.3, 10.9], ∫ϰ²/L>=[15.1, 14.5, 17.3, 19.3, 20.5], C-C-Sep=0.08, ║∇J║=4.0e-04
Iteration 1979/2000-----
currents: [100000.0, 99999.999961438, 99999.99994943697, 99999.9999508716, 99999.99995063411]
J=1.1e-04, ⟨Jf⟩=1.0e-04, ⟨B·n⟩=3.0e-03, Len=sum([2.4, 2.4, 2.5, 2.5, 2.6])=12.3, ϰ=[8.5, 8.1, 8.8, 10.3, 10.9], ∫ϰ²/L>=[15.1, 14.5, 17.3, 19.4, 20.5], C-C-Sep=0.08, ║∇J║=3.6e-04
Iteration 1980/2000-----
currents: [100000.0, 99999.99996139844, 99999.9999493861, 99999.99995082316, 99999.99995058525]
J=1.1e-04, ⟨Jf⟩=1.0e-04, ⟨B·n⟩=3.0e-03, Len=sum([2.4, 2.4, 2.5, 2.5, 2.6])=12.3, ϰ=[8.5, 8.1, 8.8, 10.4, 10.9], ∫ϰ²/L>=[15.1, 14.5, 17.3, 19.4, 20.5], C-C-Sep=0.08, ║∇J║=4.2e-04
Iteration 1981/2000-----
currents: [100000.0, 99999.99996133691, 99999.99994930695, 99999.99995074766, 99999.99995050905]
J=1.1e-04, ⟨Jf⟩=1.0e-04, ⟨B·n⟩=3.1e-03, Len=sum([2.4, 2.4, 2.5, 2.5, 2.6])=12.3, ϰ=[8.4, 8.0, 8.8, 10.3, 10.9], ∫ϰ²/L>=[15.1, 14.5, 17.3, 19.4, 20.5], C-C-Sep=0.08, ║∇J║=4.4e-04
Iteration 1982/2000-----
currents: [100000.0, 99999.99996127274, 99999.99994922456, 99999.99995066924, 99999.99995042992]
J=1.1e-04, ⟨Jf⟩=1.0e-04, ⟨B·n⟩=3.1e-03, Len=sum([2.4, 2.4, 2.5, 2.5, 2.6])=12.3, ϰ=[8.4, 8.0, 8.8, 10.3, 10.9], ∫ϰ²/L>=[15.1, 14.5, 17.3, 19.4, 20.5], C-C-Sep=0.08, ║∇J║=4.3e-04
Iteration 1983/2000-----
currents: [100000.0, 99999.99996127706, 99999.99994923027, 99999.9999506748, 99999.9999504355]
J=1.1e-04, ⟨Jf⟩=1.0e-04, ⟨B·n⟩=3.1e-03, Len=sum([2.4, 2.4, 2.5, 2.5, 2.6])=12.3, ϰ=[8.4, 8.0, 8.8, 10.3, 10.9], ∫ϰ²/L>=[15.1, 14.5, 17.3, 19.4, 20.5], C-C-Sep=0.08, ║∇J║=4.4e-04
Iteration 1984/2000-----
currents: [100000.0, 99999.99996123661, 99999.99994917835, 99999.99995062537, 99999.99995038557]
J=1.1e-04, ⟨Jf⟩=1.0e-04, ⟨B·n⟩=3.1e-03, Len=sum([2.4, 2.4, 2.5, 2.5, 2.6])=12.3, ϰ=[8.5, 8.1, 8.8, 10.3, 10.9], ∫ϰ²/L>=[15.1, 14.5, 17.3, 19.4, 20.5], C-C-Sep=0.08, ║∇J║=4.5e-04
Iteration 1985/2000-----
currents: [100000.0, 99999.99996123856, 99999.99994918087, 99999.99995062787, 99999.99995038807]
J=1.1e-04, ⟨Jf⟩=1.0e-04, ⟨B·n⟩=3.1e-03, Len=sum([2.4, 2.4, 2.5, 2.5, 2.6])=12.3, ϰ=[8.5, 8.1, 8.8, 10.3, 10.9], ∫ϰ²/L>=[15.1, 14.5, 17.3, 19.4, 20.5], C-C-Sep=0.08, ║∇J║=3.7e-04
Iteration 1986/2000-----
currents: [100000.0, 99999.99996117524, 99999.99994909955, 99999.99995055061, 99999.99995031]
J=1.1e-04, ⟨Jf⟩=1.0e-04, ⟨B·n⟩=3.1e-03, Len=sum([2.4, 2.4, 2.5, 2.5, 2.6])=12.3, ϰ=[8.4, 8.1, 8.8, 10.3, 10.9], ∫ϰ²/L>=[15.1, 14.5, 17.3, 19.4, 20.5], C-C-Sep=0.08, ║∇J║=4.6e-04
Iteration 1987/2000-----
currents: [100000.0, 99999.99996112505, 99999.99994903505, 99999.9999504893, 99999.99995024805]
J=1.1e-04, ⟨Jf⟩=1.0e-04, ⟨B·n⟩=3.1e-03, Len=sum([2.4, 2.4, 2.5, 2.5, 2.6])=12.3, ϰ=[8.4, 8.1, 8.8, 10.3, 10.9], ∫ϰ²/L>=[15.1, 14.5, 17.3, 19.4, 20.5], C-C-Sep=0.08, ║∇J║=4.5e-04
Iteration 1988/2000-----
currents: [100000.0, 99999.99996106437, 99999.999948957, 99999.99995041512, 99999.99995017305]
J=1.1e-04, ⟨Jf⟩=1.0e-04, ⟨B·n⟩=3.1e-03, Len=sum([2.4, 2.4, 2.5, 2.5, 2.6])=12.3, ϰ=[8.4, 8.1, 8.8, 10.3, 10.9], ∫ϰ²/L>=[15.1, 14.5, 17.3, 19.4, 20.5], C-C-Sep=0.08, ║∇J║=4.5e-04
Iteration 1989/2000-----
currents: [100000.0, 99999.99996102619, 99999.99994890785, 99999.99995036845, 99999.99995012583]
J=1.1e-04, ⟨Jf⟩=1.0e-04, ⟨B·n⟩=3.1e-03, Len=sum([2.4, 2.4, 2.5, 2.5, 2.6])=12.3, ϰ=[8.4, 8.1, 8.9, 10.3, 11.0], ∫ϰ²/L>=[15.1, 14.5, 17.3, 19.4, 20.5], C-C-Sep=0.08, ║∇J║=4.5e-04
Iteration 1990/2000-----
currents: [100000.0, 99999.99996097272, 99999.9999488391, 99999.99995030311, 99999.99995005979]
J=1.1e-04, ⟨Jf⟩=1.0e-04, ⟨B·n⟩=3.1e-03, Len=sum([2.4, 2.4, 2.5, 2.5, 2.6])=12.3, ϰ=[8.4, 8.1, 8.9, 10.3, 11.0], ∫ϰ²/L>=[15.1, 14.5, 17.3, 19.4, 20.5], C-C-Sep=0.08, ║∇J║=4.6e-04
Iteration 1991/2000-----
currents: [100000.0, 99999.99996093678, 99999.99994879295, 99999.99995025927, 99999.99995001544]
J=1.1e-04, ⟨Jf⟩=1.0e-04, ⟨B·n⟩=3.1e-03, Len=sum([2.4, 2.4, 2.5, 2.5, 2.6])=12.3, ϰ=[8.4, 8.1, 8.9, 10.3, 11.0], ∫ϰ²/L>=[15.1, 14.5, 17.3, 19.4, 20.4], C-C-Sep=0.08, ║∇J║=4.5e-04
Iteration 1992/2000-----
currents: [100000.0, 99999.99996089436, 99999.99994873845, 99999.9999502075, 99999.99994996306]
J=1.1e-04, ⟨Jf⟩=1.0e-04, ⟨B·n⟩=3.1e-03, Len=sum([2.4, 2.4, 2.5, 2.5, 2.6])=12.3, ϰ=[8.4, 8.1, 8.8, 10.2, 11.0], ∫ϰ²/L>=[15.1, 14.5, 17.3, 19.4, 20.5], C-C-Sep=0.08, ║∇J║=5.0e-04
Iteration 1993/2000-----
currents: [100000.0, 99999.99996089975, 99999.99994874545, 99999.99995021425, 99999.99994996985]
J=1.1e-04, ⟨Jf⟩=1.0e-04, ⟨B·n⟩=3.1e-03, Len=sum([2.4, 2.4, 2.5, 2.5, 2.6])=12.3, ϰ=[8.4, 8.1, 8.9, 10.2, 11.0], ∫ϰ²/L>=[15.1, 14.5, 17.3, 19.4, 20.4], C-C-Sep=0.08, ║∇J║=4.3e-04
Iteration 1994/2000-----
currents: [100000.0, 99999.99996078831, 99999.99994860233, 99999.99995007811, 99999.99994983233]
J=1.1e-04, ⟨Jf⟩=1.0e-04, ⟨B·n⟩=3.1e-03, Len=sum([2.4, 2.4, 2.5, 2.5, 2.6])=12.3, ϰ=[8.4, 8.2, 8.9, 10.2, 11.0], ∫ϰ²/L>=[15.1, 14.5, 17.3, 19.4, 20.4], C-C-Sep=0.08, ║∇J║=6.1e-04
Iteration 1995/2000-----
currents: [100000.0, 99999.99996081872, 99999.9999486413, 99999.99995011516, 99999.99994986974]
J=1.1e-04, ⟨Jf⟩=1.0e-04, ⟨B·n⟩=3.1e-03, Len=sum([2.4, 2.4, 2.5, 2.5, 2.6])=12.3, ϰ=[8.4, 8.2, 8.9, 10.2, 11.0], ∫ϰ²/L>=[15.1, 14.5, 17.3, 19.4, 20.4], C-C-Sep=0.08, ║∇J║=5.2e-04
Iteration 1996/2000-----
currents: [100000.0, 99999.99996079372, 99999.9999486091, 99999.99995008453, 99999.99994983876]
J=1.1e-04, ⟨Jf⟩=1.0e-04, ⟨B·n⟩=3.1e-03, Len=sum([2.4, 2.4, 2.5, 2.5, 2.6])=12.3, ϰ=[8.4, 8.2, 8.9, 10.2, 11.0], ∫ϰ²/L>=[15.1, 14.5, 17.3, 19.4, 20.4], C-C-Sep=0.08, ║∇J║=4.1e-04
Iteration 1997/2000-----
currents: [100000.0, 99999.99996075932, 99999.99994856483, 99999.99995004247, 99999.99994979624]
J=1.1e-04, ⟨Jf⟩=1.0e-04, ⟨B·n⟩=3.1e-03, Len=sum([2.4, 2.4, 2.5, 2.5, 2.6])=12.3, ϰ=[8.4, 8.2, 8.8, 10.2, 11.0], ∫ϰ²/L>=[15.1, 14.5, 17.3, 19.4, 20.4], C-C-Sep=0.08, ║∇J║=3.8e-04
Iteration 1998/2000-----
currents: [100000.0, 99999.99996067525, 99999.9999484567, 99999.99994993967, 99999.99994969227]
J=1.1e-04, ⟨Jf⟩=1.0e-04, ⟨B·n⟩=3.1e-03, Len=sum([2.4, 2.4, 2.5, 2.5, 2.6])=12.3, ϰ=[8.4, 8.2, 8.9, 10.2, 11.0], ∫ϰ²/L>=[15.1, 14.5, 17.3, 19.4, 20.4], C-C-Sep=0.08, ║∇J║=4.3e-04
Iteration 1999/2000-----
currents: [100000.0, 99999.99996060033, 99999.9999483603, 99999.99994984802, 99999.99994959962]
J=1.1e-04, ⟨Jf⟩=1.0e-04, ⟨B·n⟩=3.1e-03, Len=sum([2.4, 2.4, 2.5, 2.5, 2.6])=12.3, ϰ=[8.4, 8.2, 8.8, 10.2, 11.0], ∫ϰ²/L>=[15.1, 14.5, 17.3, 19.4, 20.4], C-C-Sep=0.08, ║∇J║=4.4e-04
Iteration 2000/2000-----
currents: [100000.0, 99999.99996060814, 99999.9999483701, 99999.99994985737, 99999.999949609]
J=1.1e-04, ⟨Jf⟩=1.0e-04, ⟨B·n⟩=3.1e-03, Len=sum([2.4, 2.4, 2.5, 2.5, 2.6])=12.3, ϰ=[8.3, 8.2, 8.8, 10.2, 11.0], ∫ϰ²/L>=[15.1, 14.5, 17.3, 19.4, 20.4], C-C-Sep=0.08, ║∇J║=5.0e-04
Iteration 2001/2000-----
currents: [100000.0, 99999.9999605479, 99999.99994829255, 99999.9999497836, 99999.9999495345]
J=1.1e-04, ⟨Jf⟩=1.0e-04, ⟨B·n⟩=3.1e-03, Len=sum([2.4, 2.4, 2.5, 2.5, 2.6])=12.3, ϰ=[8.3, 8.3, 8.8, 10.2, 11.0], ∫ϰ²/L>=[15.1, 14.5, 17.3, 19.4, 20.4], C-C-Sep=0.08, ║∇J║=5.5e-04
Iteration 2002/2000-----
currents: [100000.0, 99999.99996055318, 99999.99994829923, 99999.99994978996, 99999.9999495409]
J=1.1e-04, ⟨Jf⟩=1.0e-04, ⟨B·n⟩=3.1e-03, Len=sum([2.4, 2.4, 2.5, 2.5, 2.6])=12.3, ϰ=[8.4, 8.3, 8.8, 10.2, 11.0], ∫ϰ²/L>=[15.1, 14.5, 17.3, 19.4, 20.4], C-C-Sep=0.08, ║∇J║=4.6e-04
Iteration 2003/2000-----
currents: [100000.0, 99999.99996051943, 99999.9999482558, 99999.99994974876, 99999.99994949931]
J=1.1e-04, ⟨Jf⟩=1.0e-04, ⟨B·n⟩=3.1e-03, Len=sum([2.4, 2.4, 2.5, 2.5, 2.6])=12.3, ϰ=[8.4, 8.3, 8.8, 10.2, 10.9], ∫ϰ²/L>=[15.1, 14.5, 17.3, 19.4, 20.4], C-C-Sep=0.08, ║∇J║=4.2e-04
Iteration 2004/2000-----
currents: [100000.0, 99999.99996050599, 99999.99994823852, 99999.99994973236, 99999.9999494828]
J=1.1e-04, ⟨Jf⟩=1.0e-04, ⟨B·n⟩=3.1e-03, Len=sum([2.4, 2.4, 2.4, 2.5, 2.6])=12.3, ϰ=[8.4, 8.3, 8.8, 10.2, 10.9], ∫ϰ²/L>=[15.1, 14.5, 17.3, 19.4, 20.4], C-C-Sep=0.08, ║∇J║=3.8e-04
Iteration 2005/2000-----
currents: [100000.0, 99999.99996045775, 99999.99994817638, 99999.99994967329, 99999.99994942315]
J=1.1e-04, ⟨Jf⟩=1.0e-04, ⟨B·n⟩=3.1e-03, Len=sum([2.4, 2.4, 2.4, 2.5, 2.6])=12.3, ϰ=[8.4, 8.3, 8.8, 10.2, 10.9], ∫ϰ²/L>=[15.1, 14.5, 17.3, 19.4, 20.3], C-C-Sep=0.08, ║∇J║=3.6e-04
Iteration 2006/2000-----
currents: [100000.0, 99999.99996040104, 99999.99994810345, 99999.99994960394, 99999.99994935309]
J=1.1e-04, ⟨Jf⟩=1.0e-04, ⟨B·n⟩=3.1e-03, Len=sum([2.4, 2.4, 2.4, 2.5, 2.6])=12.3, ϰ=[8.4, 8.3, 8.8, 10.2, 10.9], ∫ϰ²/L>=[15.1, 14.5, 17.3, 19.4, 20.3], C-C-Sep=0.08, ║∇J║=4.1e-04
Iteration 2007/2000-----
currents: [100000.0, 99999.9999603583, 99999.99994804848, 99999.99994955162, 99999.99994930025]
J=1.1e-04, ⟨Jf⟩=1.0e-04, ⟨B·n⟩=3.1e-03, Len=sum([2.4, 2.4, 2.4, 2.5, 2.6])=12.3, ϰ=[8.4, 8.3, 8.8, 10.2, 10.8], ∫ϰ²/L>=[15.1, 14.5, 17.3, 19.4, 20.3], C-C-Sep=0.08, ║∇J║=3.9e-04
Iteration 2008/2000-----
currents: [100000.0, 99999.99996033625, 99999.99994802014, 99999.99994952469, 99999.99994927306]
J=1.1e-04, ⟨Jf⟩=1.0e-04, ⟨B·n⟩=3.1e-03, Len=sum([2.4, 2.4, 2.4, 2.5, 2.6])=12.3, ϰ=[8.4, 8.3, 8.8, 10.2, 10.8], ∫ϰ²/L>=[15.1, 14.5, 17.3, 19.4, 20.3], C-C-Sep=0.08, ║∇J║=3.8e-04
Iteration 2009/2000-----
currents: [100000.0, 99999.99996028324, 99999.99994795196, 99999.99994945983, 99999.99994920754]
J=1.1e-04, ⟨Jf⟩=1.0e-04, ⟨B·n⟩=3.1e-03, Len=sum([2.4, 2.4, 2.4, 2.5, 2.6])=12.3, ϰ=[8.4, 8.3, 8.8, 10.2, 10.8], ∫ϰ²/L>=[15.1, 14.5, 17.3, 19.4, 20.3], C-C-Sep=0.08, ║∇J║=4.3e-04
Iteration 2010/2000-----
currents: [100000.0, 99999.99996025633, 99999.99994791737, 99999.99994942697, 99999.99994917432]
J=1.1e-04, ⟨Jf⟩=1.0e-04, ⟨B·n⟩=3.1e-03, Len=sum([2.4, 2.4, 2.4, 2.5, 2.6])=12.3, ϰ=[8.4, 8.3, 8.8, 10.2, 10.8], ∫ϰ²/L>=[15.1, 14.4, 17.3, 19.4, 20.3], C-C-Sep=0.08, ║∇J║=3.9e-04
Iteration 2011/2000-----
currents: [100000.0, 99999.99996024383, 99999.99994790126, 99999.99994941178, 99999.99994915885]
J=1.1e-04, ⟨Jf⟩=1.0e-04, ⟨B·n⟩=3.1e-03, Len=sum([2.4, 2.4, 2.4, 2.5, 2.6])=12.3, ϰ=[8.4, 8.3, 8.8, 10.2, 10.9], ∫ϰ²/L>=[15.1, 14.4, 17.3, 19.4, 20.3], C-C-Sep=0.08, ║∇J║=4.4e-04
Iteration 2012/2000-----
currents: [100000.0, 99999.99996016883, 99999.99994780467, 99999.99994932004, 99999.99994906613]
J=1.1e-04, ⟨Jf⟩=1.0e-04, ⟨B·n⟩=3.1e-03, Len=sum([2.4, 2.4, 2.4, 2.5, 2.6])=12.3, ϰ=[8.4, 8.3, 8.8, 10.2, 10.8], ∫ϰ²/L>=[15.1, 14.4, 17.3, 19.4, 20.3], C-C-Sep=0.08, ║∇J║=4.8e-04
Iteration 2013/2000-----
currents: [100000.0, 99999.9999601951, 99999.99994783846, 99999.9999493522, 99999.99994909862]
J=1.1e-04, ⟨Jf⟩=1.0e-04, ⟨B·n⟩=3.1e-03, Len=sum([2.4, 2.4, 2.4, 2.5, 2.6])=12.3, ϰ=[8.4, 8.3, 8.8, 10.2, 10.8], ∫ϰ²/L>=[15.1, 14.4, 17.3, 19.4, 20.3], C-C-Sep=0.08, ║∇J║=4.5e-04
Iteration 2014/2000-----
currents: [100000.0, 99999.9999601746, 99999.99994781215, 99999.99994932722, 99999.99994907327]
J=1.1e-04, ⟨Jf⟩=1.0e-04, ⟨B·n⟩=3.1e-03, Len=sum([2.4, 2.4, 2.4, 2.5, 2.6])=12.3, ϰ=[8.4, 8.3, 8.8, 10.2, 10.8], ∫ϰ²/L>=[15.1, 14.4, 17.3, 19.4, 20.3], C-C-Sep=0.08, ║∇J║=3.6e-04
Iteration 2015/2000-----
currents: [100000.0, 99999.99996015544, 99999.99994778747, 99999.99994930382, 99999.99994904955]
J=1.1e-04, ⟨Jf⟩=1.0e-04, ⟨B·n⟩=3.1e-03, Len=sum([2.4, 2.4, 2.4, 2.5, 2.6])=12.3, ϰ=[8.4, 8.3, 8.8, 10.2, 10.9], ∫ϰ²/L>=[15.0, 14.4, 17.3, 19.4, 20.3], C-C-Sep=0.08, ║∇J║=3.5e-04
Iteration 2016/2000-----
currents: [100000.0, 99999.99996011099, 99999.99994773022, 99999.99994924948, 99999.99994899462]
J=1.1e-04, ⟨Jf⟩=1.0e-04, ⟨B·n⟩=3.1e-03, Len=sum([2.4, 2.4, 2.4, 2.5, 2.6])=12.3, ϰ=[8.4, 8.3, 8.8, 10.2, 10.9], ∫ϰ²/L>=[15.0, 14.4, 17.3, 19.4, 20.3], C-C-Sep=0.08, ║∇J║=4.0e-04
Iteration 2017/2000-----
currents: [100000.0, 99999.99996006476, 99999.99994767064, 99999.99994919292, 99999.99994893742]
J=1.1e-04, ⟨Jf⟩=1.0e-04, ⟨B·n⟩=3.1e-03, Len=sum([2.4, 2.4, 2.4, 2.5, 2.6])=12.3, ϰ=[8.5, 8.3, 8.8, 10.3, 10.9], ∫ϰ²/L>=[15.0, 14.4, 17.2, 19.4, 20.3], C-C-Sep=0.08, ║∇J║=3.8e-04
Iteration 2018/2000-----
currents: [100000.0, 99999.99996006566, 99999.99994767166, 99999.9999491939, 99999.99994893845]
J=1.1e-04, ⟨Jf⟩=1.0e-04, ⟨B·n⟩=3.1e-03, Len=sum([2.4, 2.4, 2.4, 2.5, 2.6])=12.3, ϰ=[8.5, 8.3, 8.8, 10.3, 10.9], ∫ϰ²/L>=[15.0, 14.3, 17.2, 19.4, 20.3], C-C-Sep=0.08, ║∇J║=3.2e-04
Iteration 2019/2000-----
currents: [100000.0, 99999.99996002848, 99999.99994762368, 99999.99994914823, 99999.99994889225]
J=1.1e-04, ⟨Jf⟩=1.0e-04, ⟨B·n⟩=3.1e-03, Len=sum([2.4, 2.4, 2.4, 2.5, 2.6])=12.3, ϰ=[8.5, 8.2, 8.8, 10.3, 10.9], ∫ϰ²/L>=[15.0, 14.3, 17.2, 19.4, 20.3], C-C-Sep=0.08, ║∇J║=4.0e-04
Iteration 2020/2000-----
currents: [100000.0, 99999.99995999597, 99999.99994758176, 99999.99994910834, 99999.99994885191]
J=1.1e-04, ⟨Jf⟩=1.0e-04, ⟨B·n⟩=3.1e-03, Len=sum([2.4, 2.4, 2.4, 2.5, 2.6])=12.3, ϰ=[8.4, 8.2, 8.8, 10.3, 10.9], ∫ϰ²/L>=[15.0, 14.3, 17.2, 19.4, 20.3], C-C-Sep=0.08, ║∇J║=3.5e-04
Iteration 2021/2000-----
currents: [100000.0, 99999.9999599264, 99999.99994749221, 99999.99994902323, 99999.9999487658]
J=1.1e-04, ⟨Jf⟩=1.0e-04, ⟨B·n⟩=3.1e-03, Len=sum([2.4, 2.4, 2.4, 2.5, 2.6])=12.3, ϰ=[8.4, 8.2, 8.8, 10.3, 10.9], ∫ϰ²/L>=[15.0, 14.3, 17.2, 19.4, 20.3], C-C-Sep=0.08, ║∇J║=4.2e-04
Iteration 2022/2000-----
currents: [100000.0, 99999.9999598884, 99999.99994744317, 99999.99994897665, 99999.9999487186]
J=1.1e-04, ⟨Jf⟩=1.0e-04, ⟨B·n⟩=3.1e-03, Len=sum([2.4, 2.4, 2.4, 2.5, 2.6])=12.3, ϰ=[8.4, 8.2, 8.7, 10.4, 10.9], ∫ϰ²/L>=[15.0, 14.3, 17.2, 19.4, 20.3], C-C-Sep=0.08, ║∇J║=4.2e-04
Iteration 2023/2000-----
currents: [100000.0, 99999.99995988494, 99999.99994743866, 99999.99994897236, 99999.99994871426]
J=1.1e-04, ⟨Jf⟩=1.0e-04, ⟨B·n⟩=3.1e-03, Len=sum([2.4, 2.4, 2.4, 2.5, 2.6])=12.3, ϰ=[8.4, 8.2, 8.7, 10.4, 10.9], ∫ϰ²/L>=[15.0, 14.3, 17.2, 19.4, 20.3], C-C-Sep=0.08, ║∇J║=3.6e-04
Iteration 2024/2000-----
currents: [100000.0, 99999.99995981331, 99999.99994734644, 99999.99994888472, 99999.9999486257]
J=1.1e-04, ⟨Jf⟩=1.0e-04, ⟨B·n⟩=3.1e-03, Len=sum([2.4, 2.4, 2.4, 2.5, 2.6])=12.3, ϰ=[8.3, 8.2, 8.7, 10.4, 10.9], ∫ϰ²/L>=[15.0, 14.4, 17.2, 19.4, 20.3], C-C-Sep=0.08, ║∇J║=4.0e-04
--------------------------------JF.x shape after opt: (499,)
Final arclength variation max(|ℓ|)/min(|ℓ|) - 1=[2.73e-03, 1.75e-03, 1.24e-03, 2.45e-03, 1.94e-03]

################################################################################
### Evaluate the obtained coils ################################################
################################################################################

Finished 100/1000 Out-of-Sample Evaluations
Finished 200/1000 Out-of-Sample Evaluations
Finished 300/1000 Out-of-Sample Evaluations
Finished 400/1000 Out-of-Sample Evaluations
Finished 500/1000 Out-of-Sample Evaluations
Finished 600/1000 Out-of-Sample Evaluations
Finished 700/1000 Out-of-Sample Evaluations
Finished 800/1000 Out-of-Sample Evaluations
Finished 900/1000 Out-of-Sample Evaluations
Finished 1000/1000 Out-of-Sample Evaluations
Flux Objective for exact coils     : 4.231e-05
Out-of-sample flux value                  : 1.922e-04
Objective Gradient (||∇J||)              : 4.031e-04
Mean Flux Objective across perturbed coils: 1.043e-04
Quality Number: 0.220
<B_N>/<|B|> = 4.70e-03

Total time taken: 1113.64 seconds
