SLURM job ID: 6252129
Running initial guess perturbation scan
1
output_stage_two_optimization_stochastic_QH5_4nsamp_pert_init_curves
Starting N_SAMPLE LOOP

################################################################################
### Perform a Taylor test ######################################################
################################################################################

Iteration 1/2000-----
currents: [100000.0, 100000.0, 100000.0, 100000.0, 100000.0]
J=5.7e-01, ⟨Jf⟩=5.7e-01, ⟨B·n⟩=3.3e-01, Len=sum([3.1, 3.1, 3.2, 3.1, 3.1])=15.7, ϰ=[2.0, 2.0, 2.0, 2.0, 2.0], ∫ϰ²/L>=[4.0, 4.0, 4.0, 4.0, 4.0], C-C-Sep=0.07, ║∇J║=1.7e+00
Iteration 2/2000-----
currents: [100000.0, 100000.000417022, 100000.00072032449, 100000.00000011438, 100000.00030233257]
J=5.8e-01, ⟨Jf⟩=5.7e-01, ⟨B·n⟩=3.3e-01, Len=sum([3.1, 3.1, 3.2, 3.1, 3.1])=15.7, ϰ=[9.4, 8.4, 9.8, 9.9, 8.9], ∫ϰ²/L>=[7.3, 6.6, 7.5, 7.3, 6.7], C-C-Sep=0.07, ║∇J║=1.7e+00
Iteration 3/2000-----
currents: [100000.0, 99999.999582978, 99999.99927967551, 99999.99999988562, 99999.99969766743]
J=5.7e-01, ⟨Jf⟩=5.7e-01, ⟨B·n⟩=3.3e-01, Len=sum([3.1, 3.1, 3.2, 3.1, 3.1])=15.7, ϰ=[7.5, 6.6, 7.5, 8.1, 7.0], ∫ϰ²/L>=[6.9, 6.4, 7.3, 7.0, 6.4], C-C-Sep=0.07, ║∇J║=1.7e+00
err -0.04155520664298096
Iteration 4/2000-----
currents: [100000.0, 100000.0000417022, 100000.00007203245, 100000.00000001144, 100000.00003023326]
J=5.7e-01, ⟨Jf⟩=5.7e-01, ⟨B·n⟩=3.3e-01, Len=sum([3.1, 3.1, 3.2, 3.1, 3.1])=15.7, ϰ=[2.5, 2.5, 2.6, 2.6, 2.5], ∫ϰ²/L>=[4.0, 4.1, 4.0, 4.0, 4.0], C-C-Sep=0.07, ║∇J║=1.7e+00
Iteration 5/2000-----
currents: [100000.0, 99999.9999582978, 99999.99992796755, 99999.99999998856, 99999.99996976674]
J=5.7e-01, ⟨Jf⟩=5.7e-01, ⟨B·n⟩=3.3e-01, Len=sum([3.1, 3.1, 3.2, 3.1, 3.1])=15.7, ϰ=[2.5, 2.5, 2.6, 2.6, 2.5], ∫ϰ²/L>=[4.0, 4.1, 4.0, 4.0, 4.0], C-C-Sep=0.07, ║∇J║=1.7e+00
err -0.00036232506597966285
Iteration 6/2000-----
currents: [100000.0, 100000.00000417022, 100000.00000720324, 100000.00000000115, 100000.00000302332]
J=5.7e-01, ⟨Jf⟩=5.7e-01, ⟨B·n⟩=3.3e-01, Len=sum([3.1, 3.1, 3.2, 3.1, 3.1])=15.7, ϰ=[2.1, 2.1, 2.0, 2.0, 2.1], ∫ϰ²/L>=[4.0, 4.0, 4.0, 4.0, 4.0], C-C-Sep=0.07, ║∇J║=1.7e+00
Iteration 7/2000-----
currents: [100000.0, 99999.99999582978, 99999.99999279676, 99999.99999999885, 99999.99999697668]
J=5.7e-01, ⟨Jf⟩=5.7e-01, ⟨B·n⟩=3.3e-01, Len=sum([3.1, 3.1, 3.2, 3.1, 3.1])=15.7, ϰ=[2.1, 2.1, 2.0, 2.1, 2.0], ∫ϰ²/L>=[4.0, 4.0, 4.0, 4.0, 4.0], C-C-Sep=0.07, ║∇J║=1.7e+00
err -2.888284529989349e-06
Iteration 8/2000-----
currents: [100000.0, 100000.00000041703, 100000.00000072032, 100000.00000000012, 100000.00000030233]
J=5.7e-01, ⟨Jf⟩=5.7e-01, ⟨B·n⟩=3.3e-01, Len=sum([3.1, 3.1, 3.2, 3.1, 3.1])=15.7, ϰ=[2.0, 2.0, 2.0, 2.0, 2.0], ∫ϰ²/L>=[4.0, 4.0, 4.0, 4.0, 4.0], C-C-Sep=0.07, ║∇J║=1.7e+00
Iteration 9/2000-----
currents: [100000.0, 99999.99999958297, 99999.99999927968, 99999.99999999988, 99999.99999969767]
J=5.7e-01, ⟨Jf⟩=5.7e-01, ⟨B·n⟩=3.3e-01, Len=sum([3.1, 3.1, 3.2, 3.1, 3.1])=15.7, ϰ=[2.0, 2.0, 2.0, 2.0, 2.0], ∫ϰ²/L>=[4.0, 4.0, 4.0, 4.0, 4.0], C-C-Sep=0.07, ║∇J║=1.7e+00
err 1.9916927440633003e-08
Iteration 10/2000-----
currents: [100000.0, 100000.0000000417, 100000.00000007203, 100000.00000000001, 100000.00000003024]
J=5.7e-01, ⟨Jf⟩=5.7e-01, ⟨B·n⟩=3.3e-01, Len=sum([3.1, 3.1, 3.2, 3.1, 3.1])=15.7, ϰ=[2.0, 2.0, 2.0, 2.0, 2.0], ∫ϰ²/L>=[4.0, 4.0, 4.0, 4.0, 4.0], C-C-Sep=0.07, ║∇J║=1.7e+00
Iteration 11/2000-----
currents: [100000.0, 99999.9999999583, 99999.99999992797, 99999.99999999999, 99999.99999996976]
J=5.7e-01, ⟨Jf⟩=5.7e-01, ⟨B·n⟩=3.3e-01, Len=sum([3.1, 3.1, 3.2, 3.1, 3.1])=15.7, ϰ=[2.0, 2.0, 2.0, 2.0, 2.0], ∫ϰ²/L>=[4.0, 4.0, 4.0, 4.0, 4.0], C-C-Sep=0.07, ║∇J║=1.7e+00
err 5.990468121552794e-10

################################################################################
### Run the optimisation #######################################################
################################################################################

Iteration 1/2000-----
currents: [100000.0, 100000.0, 100000.0, 100000.0, 100000.0]
J=5.7e-01, ⟨Jf⟩=5.7e-01, ⟨B·n⟩=3.3e-01, Len=sum([3.1, 3.1, 3.2, 3.1, 3.1])=15.7, ϰ=[2.0, 2.0, 2.0, 2.0, 2.0], ∫ϰ²/L>=[4.0, 4.0, 4.0, 4.0, 4.0], C-C-Sep=0.07, ║∇J║=1.7e+00
Iteration 2/2000-----
currents: [100000.0, 99999.99999859495, 99999.9999986809, 99999.99999872858, 99999.99999876191]
J=1.2e+04, ⟨Jf⟩=6.3e-02, ⟨B·n⟩=1.1e-01, Len=sum([3.4, 3.8, 4.2, 5.0, 5.0])=21.3, ϰ=[23.2, 23.8, 4.8, 5.2, 4.1], ∫ϰ²/L>=[13.8, 12.4, 5.5, 4.8, 4.1], C-C-Sep=0.01, ║∇J║=3.8e+00
Iteration 3/2000-----
currents: [100000.0, 99999.99999999997, 99999.99999999997, 99999.99999999997, 99999.99999999997]
J=5.7e-01, ⟨Jf⟩=5.7e-01, ⟨B·n⟩=3.3e-01, Len=sum([3.1, 3.1, 3.2, 3.1, 3.1])=15.7, ϰ=[2.0, 2.0, 2.0, 2.0, 2.0], ∫ϰ²/L>=[4.0, 4.0, 4.0, 4.0, 4.0], C-C-Sep=0.07, ║∇J║=1.7e+00
Iteration 4/2000-----
currents: [100000.0, 99999.99999979511, 99999.99999980765, 99999.99999981461, 99999.99999981947]
J=4.1e-01, ⟨Jf⟩=3.9e-01, ⟨B·n⟩=2.8e-01, Len=sum([3.1, 3.1, 3.2, 3.2, 3.2])=15.9, ϰ=[2.5, 3.0, 3.2, 4.1, 4.4], ∫ϰ²/L>=[4.2, 4.3, 4.3, 5.0, 5.0], C-C-Sep=0.03, ║∇J║=1.5e+00
Iteration 5/2000-----
currents: [100000.0, 99999.99999933918, 99999.99999938859, 99999.99999942396, 99999.99999944105]
J=8.0e+02, ⟨Jf⟩=1.8e-01, ⟨B·n⟩=1.9e-01, Len=sum([3.2, 3.2, 3.4, 3.6, 3.6])=16.9, ϰ=[16.2, 8.7, 8.4, 9.8, 4.9], ∫ϰ²/L>=[13.8, 9.0, 7.6, 8.9, 5.9], C-C-Sep=0.01, ║∇J║=1.4e+00
Iteration 6/2000-----
currents: [100000.0, 99999.99999979508, 99999.99999980762, 99999.99999981458, 99999.99999981944]
J=4.1e-01, ⟨Jf⟩=3.9e-01, ⟨B·n⟩=2.8e-01, Len=sum([3.1, 3.1, 3.2, 3.2, 3.2])=15.9, ϰ=[2.5, 3.0, 3.2, 4.1, 4.4], ∫ϰ²/L>=[4.2, 4.3, 4.3, 5.0, 5.0], C-C-Sep=0.03, ║∇J║=1.5e+00
Iteration 7/2000-----
currents: [100000.0, 99999.99999968952, 99999.99999971059, 99999.99999972414, 99999.99999973182]
J=3.5e-01, ⟨Jf⟩=3.3e-01, ⟨B·n⟩=2.6e-01, Len=sum([3.1, 3.1, 3.2, 3.3, 3.3])=16.0, ϰ=[3.6, 3.1, 3.3, 4.4, 4.2], ∫ϰ²/L>=[4.6, 4.6, 4.7, 5.4, 5.2], C-C-Sep=0.03, ║∇J║=1.2e+00
Iteration 8/2000-----
currents: [100000.0, 99999.99999939579, 99999.99999944054, 99999.99999947182, 99999.99999948763]
J=2.4e-01, ⟨Jf⟩=2.0e-01, ⟨B·n⟩=2.0e-01, Len=sum([3.1, 3.2, 3.3, 3.5, 3.5])=16.7, ϰ=[8.3, 5.7, 3.5, 5.0, 4.2], ∫ϰ²/L>=[8.0, 7.0, 5.5, 6.4, 5.5], C-C-Sep=0.01, ║∇J║=1.2e+00
Iteration 9/2000-----
currents: [100000.0, 99999.99999870866, 99999.99999881152, 99999.99999888761, 99999.999998923]
J=4.4e+03, ⟨Jf⟩=3.0e-02, ⟨B·n⟩=7.9e-02, Len=sum([3.9, 3.8, 3.9, 4.1, 4.2])=19.8, ϰ=[165.6, 191.9, 27.5, 25.5, 31.9], ∫ϰ²/L>=[161.3, 93.8, 28.3, 21.7, 25.6], C-C-Sep=0.01, ║∇J║=2.7e+00
Iteration 10/2000-----
currents: [100000.0, 99999.99999939578, 99999.99999944054, 99999.99999947182, 99999.99999948763]
J=2.4e-01, ⟨Jf⟩=2.0e-01, ⟨B·n⟩=2.0e-01, Len=sum([3.1, 3.2, 3.3, 3.5, 3.5])=16.7, ϰ=[8.3, 5.8, 3.5, 5.0, 4.2], ∫ϰ²/L>=[8.0, 7.0, 5.5, 6.4, 5.5], C-C-Sep=0.01, ║∇J║=1.2e+00
Iteration 11/2000-----
currents: [100000.0, 99999.99999922722, 99999.99999928623, 99999.9999993285, 99999.99999934911]
J=8.0e+02, ⟨Jf⟩=1.4e-01, ⟨B·n⟩=1.7e-01, Len=sum([3.2, 3.3, 3.4, 3.6, 3.6])=17.1, ϰ=[30.4, 14.9, 8.1, 5.4, 6.4], ∫ϰ²/L>=[31.8, 15.5, 8.1, 6.6, 7.0], C-C-Sep=0.01, ║∇J║=1.2e+00
Iteration 12/2000-----
currents: [100000.0, 99999.99999939578, 99999.99999944052, 99999.99999947181, 99999.99999948761]
J=2.4e-01, ⟨Jf⟩=2.0e-01, ⟨B·n⟩=2.0e-01, Len=sum([3.1, 3.2, 3.3, 3.5, 3.5])=16.7, ϰ=[8.3, 5.8, 3.5, 5.0, 4.2], ∫ϰ²/L>=[8.0, 7.0, 5.5, 6.4, 5.5], C-C-Sep=0.01, ║∇J║=1.2e+00
Iteration 13/2000-----
currents: [100000.0, 99999.99999928453, 99999.99999933869, 99999.99999937722, 99999.9999993962]
J=2.1e-01, ⟨Jf⟩=1.6e-01, ⟨B·n⟩=1.8e-01, Len=sum([3.1, 3.2, 3.4, 3.6, 3.6])=16.9, ϰ=[19.6, 12.3, 6.6, 5.3, 5.1], ∫ϰ²/L>=[19.7, 11.3, 6.7, 6.1, 5.9], C-C-Sep=0.01, ║∇J║=1.3e+00
Iteration 14/2000-----
currents: [100000.0, 99999.99999903001, 99999.99999910643, 99999.99999916342, 99999.99999918978]
J=1.2e+03, ⟨Jf⟩=8.1e-02, ⟨B·n⟩=1.3e-01, Len=sum([3.3, 3.4, 3.5, 3.7, 3.8])=17.7, ϰ=[135.3, 38.4, 14.2, 10.2, 12.2], ∫ϰ²/L>=[96.2, 34.3, 12.3, 14.5, 14.6], C-C-Sep=0.01, ║∇J║=1.8e+00
Iteration 15/2000-----
currents: [100000.0, 99999.99999928453, 99999.99999933869, 99999.99999937722, 99999.9999993962]
J=2.1e-01, ⟨Jf⟩=1.6e-01, ⟨B·n⟩=1.8e-01, Len=sum([3.1, 3.2, 3.4, 3.6, 3.6])=16.9, ϰ=[19.6, 12.3, 6.6, 5.3, 5.1], ∫ϰ²/L>=[19.7, 11.3, 6.7, 6.1, 5.9], C-C-Sep=0.01, ║∇J║=1.3e+00
Iteration 16/2000-----
currents: [100000.0, 99999.99999918981, 99999.99999925225, 99999.99999929765, 99999.99999931938]
J=1.8e-01, ⟨Jf⟩=1.3e-01, ⟨B·n⟩=1.6e-01, Len=sum([3.2, 3.3, 3.4, 3.6, 3.6])=17.1, ϰ=[44.0, 17.6, 8.7, 5.8, 6.4], ∫ϰ²/L>=[39.3, 18.5, 8.3, 7.4, 7.8], C-C-Sep=0.01, ║∇J║=1.2e+00
Iteration 17/2000-----
currents: [100000.0, 99999.99999888478, 99999.99999897371, 99999.999999043, 99999.99999907335]
J=8.0e+02, ⟨Jf⟩=4.3e-02, ⟨B·n⟩=9.5e-02, Len=sum([3.5, 3.5, 3.6, 3.7, 3.8])=18.1, ϰ=[620.8, 40.8, 11.9, 14.4, 15.0], ∫ϰ²/L>=[380.0, 42.5, 14.4, 15.3, 19.5], C-C-Sep=0.01, ║∇J║=2.9e+00
Iteration 18/2000-----
currents: [100000.0, 99999.99999918981, 99999.99999925225, 99999.99999929765, 99999.99999931938]
J=1.8e-01, ⟨Jf⟩=1.3e-01, ⟨B·n⟩=1.6e-01, Len=sum([3.2, 3.3, 3.4, 3.6, 3.6])=17.1, ϰ=[44.0, 17.6, 8.7, 5.8, 6.4], ∫ϰ²/L>=[39.3, 18.5, 8.3, 7.4, 7.8], C-C-Sep=0.01, ║∇J║=1.2e+00
Iteration 19/2000-----
currents: [100000.0, 99999.99999903179, 99999.99999910795, 99999.99999916572, 99999.99999919192]
J=1.4e-01, ⟨Jf⟩=7.9e-02, ⟨B·n⟩=1.3e-01, Len=sum([3.3, 3.4, 3.5, 3.6, 3.7])=17.5, ϰ=[164.6, 33.8, 10.2, 9.4, 11.1], ∫ϰ²/L>=[102.8, 31.3, 10.0, 10.6, 12.9], C-C-Sep=0.02, ║∇J║=1.5e+00
Iteration 20/2000-----
currents: [100000.0, 99999.99999874226, 99999.99999884369, 99999.99999892745, 99999.99999896182]
J=1.2e-01, ⟨Jf⟩=3.6e-02, ⟨B·n⟩=7.6e-02, Len=sum([3.7, 3.7, 3.6, 3.7, 3.8])=18.4, ϰ=[1366.2, 36.0, 11.6, 17.2, 16.8], ∫ϰ²/L>=[1209.9, 50.0, 14.7, 20.2, 23.2], C-C-Sep=0.04, ║∇J║=3.2e+01
Iteration 21/2000-----
currents: [100000.0, 99999.99999892827, 99999.99999901347, 99999.99999908052, 99999.99999910964]
J=1.1e-01, ⟨Jf⟩=5.0e-02, ⟨B·n⟩=1.0e-01, Len=sum([3.4, 3.5, 3.5, 3.6, 3.7])=17.8, ϰ=[351.8, 38.7, 10.5, 10.7, 11.2], ∫ϰ²/L>=[209.5, 39.6, 10.5, 11.5, 14.5], C-C-Sep=0.05, ║∇J║=1.0e+00
Iteration 22/2000-----
currents: [100000.0, 99999.99999868665, 99999.9999987911, 99999.99999887936, 99999.99999891508]
J=2.7e-01, ⟨Jf⟩=2.0e-01, ⟨B·n⟩=7.7e-02, Len=sum([3.7, 3.7, 3.6, 3.7, 3.8])=18.5, ϰ=[800.9, 27.6, 9.9, 15.0, 17.6], ∫ϰ²/L>=[568.7, 42.7, 14.5, 15.6, 24.1], C-C-Sep=0.05, ║∇J║=7.4e+02
Iteration 23/2000-----
currents: [100000.0, 99999.99999883106, 99999.99999892402, 99999.9999989996, 99999.99999903137]
J=9.2e-02, ⟨Jf⟩=3.1e-02, ⟨B·n⟩=8.2e-02, Len=sum([3.5, 3.6, 3.5, 3.7, 3.7])=18.0, ϰ=[136.5, 28.4, 10.0, 11.2, 13.9], ∫ϰ²/L>=[122.0, 39.5, 11.0, 12.0, 17.3], C-C-Sep=0.05, ║∇J║=7.8e-01
Iteration 24/2000-----
currents: [100000.0, 99999.99999874063, 99999.99999884011, 99999.99999892547, 99999.99999895965]
J=8.0e-02, ⟨Jf⟩=2.6e-02, ⟨B·n⟩=6.9e-02, Len=sum([3.5, 3.6, 3.5, 3.7, 3.7])=18.0, ϰ=[162.3, 35.1, 10.0, 15.4, 19.3], ∫ϰ²/L>=[126.9, 42.9, 15.4, 18.1, 24.7], C-C-Sep=0.06, ║∇J║=1.9e+00
Iteration 25/2000-----
currents: [100000.0, 99999.9999988007, 99999.99999889506, 99999.99999897889, 99999.99999901131]
J=6.8e-02, ⟨Jf⟩=2.3e-02, ⟨B·n⟩=6.8e-02, Len=sum([3.4, 3.5, 3.5, 3.6, 3.6])=17.6, ϰ=[131.8, 41.2, 14.0, 22.8, 21.8], ∫ϰ²/L>=[123.0, 68.6, 24.6, 30.7, 34.0], C-C-Sep=0.02, ║∇J║=8.2e-01
Iteration 26/2000-----
currents: [100000.0, 99999.99999879157, 99999.99999888618, 99999.99999897189, 99999.99999900456]
J=6.0e-02, ⟨Jf⟩=2.1e-02, ⟨B·n⟩=6.6e-02, Len=sum([3.4, 3.5, 3.5, 3.6, 3.6])=17.5, ϰ=[66.4, 34.3, 15.4, 22.1, 21.3], ∫ϰ²/L>=[93.5, 63.1, 26.9, 30.3, 33.8], C-C-Sep=0.05, ║∇J║=5.5e-01
Iteration 27/2000-----
currents: [100000.0, 99999.99999875044, 99999.99999884579, 99999.99999894042, 99999.9999989742]
J=4.7e-02, ⟨Jf⟩=1.7e-02, ⟨B·n⟩=5.6e-02, Len=sum([3.4, 3.6, 3.4, 3.5, 3.5])=17.5, ϰ=[70.6, 48.5, 24.0, 23.6, 21.5], ∫ϰ²/L>=[102.5, 84.1, 44.7, 43.5, 43.2], C-C-Sep=0.06, ║∇J║=4.8e-01
Iteration 28/2000-----
currents: [100000.0, 99999.99999877374, 99999.99999886344, 99999.99999896159, 99999.99999899491]
J=3.9e-02, ⟨Jf⟩=1.6e-02, ⟨B·n⟩=5.6e-02, Len=sum([3.4, 3.6, 3.4, 3.4, 3.3])=17.1, ϰ=[78.8, 35.6, 28.0, 21.4, 14.5], ∫ϰ²/L>=[105.8, 88.7, 60.3, 53.0, 32.1], C-C-Sep=0.06, ║∇J║=4.9e-01
Iteration 29/2000-----
currents: [100000.0, 99999.99999874922, 99999.99999883717, 99999.99999894196, 99999.99999897614]
J=3.2e-02, ⟨Jf⟩=1.3e-02, ⟨B·n⟩=4.9e-02, Len=sum([3.4, 3.5, 3.4, 3.4, 3.3])=17.0, ϰ=[43.7, 41.3, 31.7, 25.5, 13.3], ∫ϰ²/L>=[91.5, 91.6, 70.4, 62.5, 27.7], C-C-Sep=0.06, ║∇J║=4.0e-01
Iteration 30/2000-----
currents: [100000.0, 99999.99999873502, 99999.99999882003, 99999.9999989302, 99999.99999896508]
J=2.7e-02, ⟨Jf⟩=1.1e-02, ⟨B·n⟩=4.5e-02, Len=sum([3.3, 3.5, 3.3, 3.4, 3.2])=16.7, ϰ=[34.2, 50.0, 29.9, 29.0, 14.7], ∫ϰ²/L>=[74.3, 88.3, 74.2, 64.9, 26.1], C-C-Sep=0.08, ║∇J║=2.9e-01
Iteration 31/2000-----
currents: [100000.0, 99999.99999873013, 99999.99999880923, 99999.99999892506, 99999.99999896077]
J=2.3e-02, ⟨Jf⟩=9.8e-03, ⟨B·n⟩=4.3e-02, Len=sum([3.2, 3.4, 3.2, 3.3, 3.2])=16.3, ϰ=[23.5, 48.7, 23.7, 28.0, 17.5], ∫ϰ²/L>=[72.7, 83.4, 75.0, 65.4, 31.6], C-C-Sep=0.07, ║∇J║=2.9e-01
Iteration 32/2000-----
currents: [100000.0, 99999.99999871943, 99999.99999879357, 99999.99999891383, 99999.99999895078]
J=2.0e-02, ⟨Jf⟩=8.9e-03, ⟨B·n⟩=4.1e-02, Len=sum([3.2, 3.3, 3.1, 3.2, 3.1])=16.1, ϰ=[25.4, 32.4, 23.0, 21.1, 14.1], ∫ϰ²/L>=[81.1, 82.2, 68.5, 59.1, 28.9], C-C-Sep=0.07, ║∇J║=3.1e-01
Iteration 33/2000-----
currents: [100000.0, 99999.99999871863, 99999.99999879113, 99999.99999891144, 99999.99999894894]
J=1.8e-02, ⟨Jf⟩=8.6e-03, ⟨B·n⟩=4.0e-02, Len=sum([3.2, 3.3, 3.1, 3.2, 3.1])=15.9, ϰ=[22.7, 29.5, 22.1, 18.3, 12.2], ∫ϰ²/L>=[72.9, 76.4, 58.7, 48.4, 24.5], C-C-Sep=0.07, ║∇J║=1.9e-01
Iteration 34/2000-----
currents: [100000.0, 99999.99999871047, 99999.99999877987, 99999.9999989018, 99999.99999894052]
J=1.6e-02, ⟨Jf⟩=8.0e-03, ⟨B·n⟩=3.9e-02, Len=sum([3.1, 3.3, 3.1, 3.2, 3.0])=15.6, ϰ=[25.0, 29.7, 20.7, 15.6, 13.2], ∫ϰ²/L>=[65.6, 74.2, 51.5, 38.6, 23.9], C-C-Sep=0.08, ║∇J║=1.8e-01
Iteration 35/2000-----
currents: [100000.0, 99999.99999869788, 99999.99999876213, 99999.99999888544, 99999.9999989263]
J=1.4e-02, ⟨Jf⟩=6.9e-03, ⟨B·n⟩=3.6e-02, Len=sum([3.0, 3.2, 3.0, 3.1, 3.0])=15.3, ϰ=[29.6, 27.9, 17.2, 13.8, 15.0], ∫ϰ²/L>=[67.6, 75.3, 45.8, 33.5, 26.9], C-C-Sep=0.07, ║∇J║=2.3e-01
Iteration 36/2000-----
currents: [100000.0, 99999.99999867918, 99999.99999873847, 99999.9999988626, 99999.99999890581]
J=1.2e-02, ⟨Jf⟩=5.7e-03, ⟨B·n⟩=3.3e-02, Len=sum([3.0, 3.2, 3.0, 3.0, 2.9])=15.1, ϰ=[33.2, 26.5, 18.5, 13.4, 14.3], ∫ϰ²/L>=[75.9, 78.5, 46.7, 41.4, 29.5], C-C-Sep=0.06, ║∇J║=3.5e-01
Iteration 37/2000-----
currents: [100000.0, 99999.99999867714, 99999.99999873624, 99999.99999886013, 99999.99999890343]
J=1.1e-02, ⟨Jf⟩=5.5e-03, ⟨B·n⟩=3.2e-02, Len=sum([3.0, 3.2, 2.9, 3.0, 2.9])=15.0, ϰ=[29.3, 23.4, 16.3, 12.5, 11.1], ∫ϰ²/L>=[70.3, 69.4, 40.6, 32.5, 21.2], C-C-Sep=0.07, ║∇J║=1.6e-01
Iteration 38/2000-----
currents: [100000.0, 99999.99999866693, 99999.99999872346, 99999.99999884736, 99999.99999889167]
J=9.3e-03, ⟨Jf⟩=4.8e-03, ⟨B·n⟩=3.0e-02, Len=sum([3.0, 3.1, 2.9, 3.0, 2.9])=14.9, ϰ=[25.9, 21.9, 15.1, 11.6, 11.1], ∫ϰ²/L>=[73.3, 69.1, 35.4, 28.2, 17.8], C-C-Sep=0.08, ║∇J║=1.4e-01
Iteration 39/2000-----
currents: [100000.0, 99999.99999865655, 99999.9999987107, 99999.99999883349, 99999.9999988788]
J=8.2e-03, ⟨Jf⟩=4.2e-03, ⟨B·n⟩=2.8e-02, Len=sum([3.0, 3.1, 2.9, 2.9, 2.8])=14.7, ϰ=[27.4, 26.5, 13.3, 10.9, 13.2], ∫ϰ²/L>=[78.7, 73.2, 29.3, 24.1, 20.3], C-C-Sep=0.08, ║∇J║=1.5e-01
Iteration 40/2000-----
currents: [100000.0, 99999.99999863748, 99999.99999868592, 99999.99999880542, 99999.99999885279]
J=7.6e-03, ⟨Jf⟩=3.2e-03, ⟨B·n⟩=2.5e-02, Len=sum([3.0, 3.1, 2.8, 2.9, 2.8])=14.5, ϰ=[24.4, 26.7, 10.7, 10.8, 16.9], ∫ϰ²/L>=[85.9, 80.7, 29.6, 26.7, 27.9], C-C-Sep=0.08, ║∇J║=3.6e-01
Iteration 41/2000-----
currents: [100000.0, 99999.99999863448, 99999.99999868183, 99999.99999880078, 99999.99999884852]
J=6.1e-03, ⟨Jf⟩=3.1e-03, ⟨B·n⟩=2.4e-02, Len=sum([2.9, 3.0, 2.8, 2.9, 2.8])=14.4, ϰ=[26.5, 24.9, 11.1, 10.5, 14.3], ∫ϰ²/L>=[81.2, 72.3, 29.3, 25.5, 25.1], C-C-Sep=0.08, ║∇J║=1.2e-01
Iteration 42/2000-----
currents: [100000.0, 99999.99999863362, 99999.99999868002, 99999.99999879807, 99999.99999884605]
J=5.6e-03, ⟨Jf⟩=2.9e-03, ⟨B·n⟩=2.4e-02, Len=sum([2.9, 3.0, 2.8, 2.9, 2.8])=14.3, ϰ=[27.3, 21.7, 10.8, 10.4, 13.1], ∫ϰ²/L>=[73.1, 62.2, 26.8, 22.7, 20.9], C-C-Sep=0.08, ║∇J║=1.0e-01
Iteration 43/2000-----
currents: [100000.0, 99999.99999862499, 99999.99999866763, 99999.99999878388, 99999.99999883301]
J=4.9e-03, ⟨Jf⟩=2.6e-03, ⟨B·n⟩=2.2e-02, Len=sum([2.9, 3.0, 2.7, 2.8, 2.7])=14.1, ϰ=[26.3, 21.6, 10.9, 10.9, 12.6], ∫ϰ²/L>=[68.6, 57.1, 28.1, 22.2, 21.8], C-C-Sep=0.08, ║∇J║=1.2e-01
Iteration 44/2000-----
currents: [100000.0, 99999.99999861974, 99999.99999865748, 99999.99999877047, 99999.99999882081]
J=4.2e-03, ⟨Jf⟩=2.2e-03, ⟨B·n⟩=2.0e-02, Len=sum([2.8, 2.9, 2.7, 2.8, 2.7])=13.9, ϰ=[26.6, 21.3, 10.0, 11.4, 9.3], ∫ϰ²/L>=[72.7, 61.1, 22.7, 22.5, 24.9], C-C-Sep=0.09, ║∇J║=1.6e-01
Iteration 45/2000-----
currents: [100000.0, 99999.99999860875, 99999.99999864204, 99999.99999875293, 99999.99999880473]
J=3.7e-03, ⟨Jf⟩=1.9e-03, ⟨B·n⟩=1.8e-02, Len=sum([2.8, 2.9, 2.6, 2.8, 2.7])=13.7, ϰ=[25.0, 19.0, 9.7, 11.1, 10.7], ∫ϰ²/L>=[80.1, 65.9, 24.1, 26.5, 27.3], C-C-Sep=0.09, ║∇J║=1.3e-01
Iteration 46/2000-----
currents: [100000.0, 99999.99999860751, 99999.99999864034, 99999.99999875118, 99999.9999988032]
J=3.4e-03, ⟨Jf⟩=1.8e-03, ⟨B·n⟩=1.8e-02, Len=sum([2.8, 2.9, 2.6, 2.8, 2.6])=13.7, ϰ=[23.5, 17.3, 9.4, 10.9, 11.3], ∫ϰ²/L>=[72.5, 55.9, 20.4, 23.2, 23.0], C-C-Sep=0.09, ║∇J║=7.6e-02
Iteration 47/2000-----
currents: [100000.0, 99999.99999860465, 99999.9999986354, 99999.99999874525, 99999.99999879794]
J=3.1e-03, ⟨Jf⟩=1.7e-03, ⟨B·n⟩=1.7e-02, Len=sum([2.8, 2.8, 2.6, 2.7, 2.6])=13.6, ϰ=[25.5, 18.2, 9.2, 10.8, 12.8], ∫ϰ²/L>=[67.4, 47.9, 18.4, 21.5, 20.7], C-C-Sep=0.09, ║∇J║=7.8e-02
Iteration 48/2000-----
currents: [100000.0, 99999.99999860083, 99999.9999986279, 99999.99999873592, 99999.99999878972]
J=2.7e-03, ⟨Jf⟩=1.5e-03, ⟨B·n⟩=1.6e-02, Len=sum([2.7, 2.8, 2.6, 2.7, 2.6])=13.5, ϰ=[25.3, 19.1, 9.4, 11.6, 14.1], ∫ϰ²/L>=[64.9, 45.7, 21.1, 22.2, 22.5], C-C-Sep=0.09, ║∇J║=1.0e-01
Iteration 49/2000-----
currents: [100000.0, 99999.99999859747, 99999.99999861846, 99999.99999872345, 99999.99999877892]
J=2.4e-03, ⟨Jf⟩=1.3e-03, ⟨B·n⟩=1.5e-02, Len=sum([2.7, 2.8, 2.6, 2.7, 2.6])=13.3, ϰ=[24.1, 17.9, 12.0, 13.1, 12.2], ∫ϰ²/L>=[66.9, 52.3, 31.9, 29.0, 29.2], C-C-Sep=0.08, ║∇J║=1.2e-01
Iteration 50/2000-----
currents: [100000.0, 99999.99999859676, 99999.99999861629, 99999.99999872065, 99999.9999987765]
J=2.1e-03, ⟨Jf⟩=1.2e-03, ⟨B·n⟩=1.5e-02, Len=sum([2.7, 2.8, 2.6, 2.7, 2.6])=13.3, ϰ=[22.0, 17.2, 10.8, 13.8, 11.6], ∫ϰ²/L>=[63.6, 49.8, 30.2, 29.8, 27.4], C-C-Sep=0.09, ║∇J║=6.5e-02
Iteration 51/2000-----
currents: [100000.0, 99999.99999859666, 99999.99999861434, 99999.99999871783, 99999.9999987741]
J=1.9e-03, ⟨Jf⟩=1.1e-03, ⟨B·n⟩=1.4e-02, Len=sum([2.7, 2.8, 2.5, 2.7, 2.6])=13.2, ϰ=[20.6, 16.6, 9.9, 14.2, 11.4], ∫ϰ²/L>=[59.2, 46.7, 27.0, 30.0, 25.2], C-C-Sep=0.09, ║∇J║=6.0e-02
Iteration 52/2000-----
currents: [100000.0, 99999.99999859616, 99999.99999861108, 99999.9999987134, 99999.99999877032]
J=1.7e-03, ⟨Jf⟩=1.1e-03, ⟨B·n⟩=1.4e-02, Len=sum([2.6, 2.8, 2.5, 2.7, 2.6])=13.1, ϰ=[21.2, 15.3, 9.5, 14.4, 11.1], ∫ϰ²/L>=[56.3, 45.8, 24.4, 29.3, 25.4], C-C-Sep=0.09, ║∇J║=7.0e-02
Iteration 53/2000-----
currents: [100000.0, 99999.99999859453, 99999.99999860447, 99999.99999870498, 99999.99999876296]
J=1.5e-03, ⟨Jf⟩=9.6e-04, ⟨B·n⟩=1.3e-02, Len=sum([2.6, 2.7, 2.5, 2.6, 2.5])=13.0, ϰ=[21.3, 17.1, 10.9, 14.3, 12.0], ∫ϰ²/L>=[56.8, 48.6, 24.0, 28.3, 27.7], C-C-Sep=0.08, ║∇J║=8.4e-02
Iteration 54/2000-----
currents: [100000.0, 99999.9999985958, 99999.99999860594, 99999.99999870677, 99999.99999876448]
J=1.4e-03, ⟨Jf⟩=9.5e-04, ⟨B·n⟩=1.3e-02, Len=sum([2.6, 2.7, 2.5, 2.6, 2.5])=12.9, ϰ=[19.8, 16.8, 9.9, 12.6, 10.7], ∫ϰ²/L>=[49.0, 43.9, 21.5, 24.4, 24.6], C-C-Sep=0.08, ║∇J║=4.6e-02
Iteration 55/2000-----
currents: [100000.0, 99999.99999859589, 99999.99999860402, 99999.99999870396, 99999.99999876192]
J=1.3e-03, ⟨Jf⟩=9.1e-04, ⟨B·n⟩=1.3e-02, Len=sum([2.6, 2.7, 2.5, 2.6, 2.5])=12.9, ϰ=[20.1, 16.0, 10.2, 11.7, 10.2], ∫ϰ²/L>=[47.1, 43.8, 21.1, 23.3, 23.7], C-C-Sep=0.08, ║∇J║=4.8e-02
Iteration 56/2000-----
currents: [100000.0, 99999.99999859714, 99999.99999860386, 99999.99999870356, 99999.99999876128]
J=1.2e-03, ⟨Jf⟩=8.8e-04, ⟨B·n⟩=1.2e-02, Len=sum([2.6, 2.7, 2.5, 2.6, 2.5])=12.8, ϰ=[18.7, 15.3, 10.6, 9.0, 8.6], ∫ϰ²/L>=[40.7, 40.5, 20.2, 20.2, 22.1], C-C-Sep=0.08, ║∇J║=4.5e-02
Iteration 57/2000-----
currents: [100000.0, 99999.99999859637, 99999.9999985979, 99999.99999869581, 99999.99999875382]
J=1.1e-03, ⟨Jf⟩=8.0e-04, ⟨B·n⟩=1.2e-02, Len=sum([2.6, 2.7, 2.5, 2.6, 2.5])=12.7, ϰ=[21.2, 15.7, 11.6, 9.9, 9.4], ∫ϰ²/L>=[45.7, 44.5, 25.3, 21.3, 23.9], C-C-Sep=0.08, ║∇J║=6.5e-02
Iteration 58/2000-----
currents: [100000.0, 99999.99999859807, 99999.99999859976, 99999.99999869823, 99999.99999875552]
J=1.0e-03, ⟨Jf⟩=7.9e-04, ⟨B·n⟩=1.2e-02, Len=sum([2.5, 2.7, 2.5, 2.6, 2.5])=12.7, ϰ=[19.3, 15.1, 10.6, 10.4, 9.3], ∫ϰ²/L>=[41.5, 39.8, 22.9, 19.8, 22.2], C-C-Sep=0.08, ║∇J║=4.6e-02
Iteration 59/2000-----
currents: [100000.0, 99999.99999859784, 99999.99999859795, 99999.99999869618, 99999.99999875325]
J=9.5e-04, ⟨Jf⟩=7.6e-04, ⟨B·n⟩=1.2e-02, Len=sum([2.5, 2.7, 2.5, 2.6, 2.5])=12.7, ϰ=[17.8, 14.2, 9.7, 10.4, 9.4], ∫ϰ²/L>=[40.3, 38.5, 21.2, 19.2, 22.2], C-C-Sep=0.08, ║∇J║=3.6e-02
Iteration 60/2000-----
currents: [100000.0, 99999.99999859683, 99999.99999859495, 99999.99999869273, 99999.99999874951]
J=8.9e-04, ⟨Jf⟩=7.2e-04, ⟨B·n⟩=1.2e-02, Len=sum([2.5, 2.7, 2.5, 2.5, 2.5])=12.7, ϰ=[16.6, 14.2, 8.9, 10.4, 9.9], ∫ϰ²/L>=[39.8, 38.0, 20.0, 19.2, 22.8], C-C-Sep=0.08, ║∇J║=3.4e-02
Iteration 61/2000-----
currents: [100000.0, 99999.99999859682, 99999.99999858961, 99999.99999868595, 99999.9999987418]
J=8.3e-04, ⟨Jf⟩=6.3e-04, ⟨B·n⟩=1.1e-02, Len=sum([2.5, 2.6, 2.4, 2.5, 2.5])=12.6, ϰ=[16.1, 16.2, 9.1, 10.1, 11.5], ∫ϰ²/L>=[44.8, 40.6, 18.7, 21.1, 26.5], C-C-Sep=0.08, ║∇J║=6.2e-02
Iteration 62/2000-----
currents: [100000.0, 99999.99999859656, 99999.99999858825, 99999.99999868436, 99999.99999873973]
J=7.7e-04, ⟨Jf⟩=6.1e-04, ⟨B·n⟩=1.1e-02, Len=sum([2.5, 2.6, 2.4, 2.5, 2.5])=12.6, ϰ=[15.7, 16.0, 8.8, 9.0, 11.5], ∫ϰ²/L>=[41.7, 38.4, 18.0, 20.5, 26.5], C-C-Sep=0.08, ║∇J║=4.1e-02
Iteration 63/2000-----
currents: [100000.0, 99999.99999859673, 99999.99999858877, 99999.99999868503, 99999.99999874039]
J=7.4e-04, ⟨Jf⟩=6.1e-04, ⟨B·n⟩=1.1e-02, Len=sum([2.5, 2.6, 2.4, 2.5, 2.5])=12.6, ϰ=[15.1, 15.3, 8.7, 8.7, 10.8], ∫ϰ²/L>=[38.2, 35.8, 17.2, 19.2, 25.4], C-C-Sep=0.08, ║∇J║=2.5e-02
Iteration 64/2000-----
currents: [100000.0, 99999.99999859795, 99999.9999985885, 99999.99999868446, 99999.99999873938]
J=6.9e-04, ⟨Jf⟩=5.8e-04, ⟨B·n⟩=1.1e-02, Len=sum([2.5, 2.6, 2.4, 2.5, 2.5])=12.6, ϰ=[15.4, 14.5, 8.9, 8.4, 10.8], ∫ϰ²/L>=[36.8, 33.9, 16.6, 18.9, 25.3], C-C-Sep=0.08, ║∇J║=2.6e-02
Iteration 65/2000-----
currents: [100000.0, 99999.99999859887, 99999.9999985863, 99999.99999868148, 99999.9999987356]
J=6.4e-04, ⟨Jf⟩=5.4e-04, ⟨B·n⟩=1.0e-02, Len=sum([2.5, 2.6, 2.4, 2.5, 2.5])=12.5, ϰ=[14.7, 13.1, 9.2, 7.7, 11.4], ∫ϰ²/L>=[34.7, 31.0, 16.9, 18.7, 25.7], C-C-Sep=0.08, ║∇J║=3.5e-02
Iteration 66/2000-----
currents: [100000.0, 99999.99999860112, 99999.99999858381, 99999.99999867767, 99999.99999873058]
J=6.0e-04, ⟨Jf⟩=4.8e-04, ⟨B·n⟩=9.3e-03, Len=sum([2.5, 2.6, 2.4, 2.5, 2.5])=12.5, ϰ=[15.4, 12.2, 9.6, 8.9, 13.0], ∫ϰ²/L>=[37.2, 30.8, 20.1, 21.1, 27.2], C-C-Sep=0.08, ║∇J║=4.5e-02
Iteration 67/2000-----
currents: [100000.0, 99999.99999860072, 99999.99999858259, 99999.99999867611, 99999.99999872879]
J=5.5e-04, ⟨Jf⟩=4.7e-04, ⟨B·n⟩=9.1e-03, Len=sum([2.5, 2.6, 2.4, 2.5, 2.5])=12.5, ϰ=[14.9, 11.3, 9.3, 9.0, 12.3], ∫ϰ²/L>=[34.7, 29.2, 19.7, 20.7, 26.9], C-C-Sep=0.08, ║∇J║=2.5e-02
Iteration 68/2000-----
currents: [100000.0, 99999.99999860082, 99999.9999985809, 99999.99999867374, 99999.99999872614]
J=5.3e-04, ⟨Jf⟩=4.5e-04, ⟨B·n⟩=8.9e-03, Len=sum([2.5, 2.6, 2.4, 2.5, 2.5])=12.5, ϰ=[14.5, 10.9, 9.0, 9.5, 11.7], ∫ϰ²/L>=[33.6, 28.6, 20.0, 21.0, 27.5], C-C-Sep=0.08, ║∇J║=2.1e-02
Iteration 69/2000-----
currents: [100000.0, 99999.9999986013, 99999.9999985792, 99999.99999867122, 99999.99999872326]
J=5.0e-04, ⟨Jf⟩=4.3e-04, ⟨B·n⟩=8.7e-03, Len=sum([2.5, 2.6, 2.4, 2.5, 2.5])=12.5, ϰ=[13.7, 9.9, 8.9, 10.4, 11.5], ∫ϰ²/L>=[30.4, 27.5, 19.9, 20.9, 28.0], C-C-Sep=0.08, ║∇J║=2.4e-02
Iteration 70/2000-----
currents: [100000.0, 99999.99999860257, 99999.99999857719, 99999.99999866814, 99999.99999871948]
J=4.7e-04, ⟨Jf⟩=4.1e-04, ⟨B·n⟩=8.4e-03, Len=sum([2.5, 2.6, 2.4, 2.5, 2.5])=12.5, ϰ=[12.5, 9.7, 8.9, 11.3, 11.4], ∫ϰ²/L>=[27.8, 27.4, 19.8, 21.3, 29.1], C-C-Sep=0.08, ║∇J║=2.4e-02
Iteration 71/2000-----
currents: [100000.0, 99999.99999860398, 99999.9999985764, 99999.99999866654, 99999.99999871732]
J=4.5e-04, ⟨Jf⟩=3.9e-04, ⟨B·n⟩=8.2e-03, Len=sum([2.5, 2.6, 2.4, 2.5, 2.5])=12.5, ϰ=[11.2, 10.8, 8.7, 11.5, 11.4], ∫ϰ²/L>=[24.9, 27.3, 19.1, 20.7, 29.6], C-C-Sep=0.08, ║∇J║=2.3e-02
Iteration 72/2000-----
currents: [100000.0, 99999.99999860494, 99999.99999857513, 99999.99999866451, 99999.99999871476]
J=4.3e-04, ⟨Jf⟩=3.8e-04, ⟨B·n⟩=7.9e-03, Len=sum([2.5, 2.6, 2.4, 2.5, 2.5])=12.5, ϰ=[11.0, 11.2, 8.4, 10.9, 11.4], ∫ϰ²/L>=[24.0, 27.4, 18.8, 20.6, 30.2], C-C-Sep=0.08, ║∇J║=1.9e-02
Iteration 73/2000-----
currents: [100000.0, 99999.99999860546, 99999.99999857432, 99999.99999866317, 99999.99999871312]
J=4.2e-04, ⟨Jf⟩=3.7e-04, ⟨B·n⟩=7.8e-03, Len=sum([2.5, 2.6, 2.4, 2.5, 2.5])=12.5, ϰ=[10.9, 10.9, 7.9, 10.2, 11.4], ∫ϰ²/L>=[22.9, 26.4, 18.2, 20.1, 30.1], C-C-Sep=0.08, ║∇J║=1.7e-02
Iteration 74/2000-----
currents: [100000.0, 99999.99999860601, 99999.99999857243, 99999.99999866032, 99999.9999987098]
J=4.0e-04, ⟨Jf⟩=3.5e-04, ⟨B·n⟩=7.6e-03, Len=sum([2.5, 2.6, 2.4, 2.5, 2.5])=12.5, ϰ=[10.8, 10.5, 7.9, 9.9, 11.2], ∫ϰ²/L>=[22.2, 25.2, 18.1, 19.9, 30.1], C-C-Sep=0.08, ║∇J║=1.7e-02
Iteration 75/2000-----
currents: [100000.0, 99999.99999860667, 99999.99999857078, 99999.9999986577, 99999.99999870671]
J=3.9e-04, ⟨Jf⟩=3.4e-04, ⟨B·n⟩=7.5e-03, Len=sum([2.4, 2.6, 2.4, 2.5, 2.5])=12.5, ϰ=[10.5, 10.2, 8.5, 10.0, 10.8], ∫ϰ²/L>=[21.5, 23.8, 18.3, 19.6, 29.7], C-C-Sep=0.08, ║∇J║=2.4e-02
Iteration 76/2000-----
currents: [100000.0, 99999.99999860713, 99999.99999857022, 99999.99999865671, 99999.99999870548]
J=3.8e-04, ⟨Jf⟩=3.3e-04, ⟨B·n⟩=7.4e-03, Len=sum([2.4, 2.6, 2.4, 2.5, 2.5])=12.5, ϰ=[10.3, 10.3, 8.5, 10.0, 10.8], ∫ϰ²/L>=[20.9, 23.2, 18.0, 19.3, 29.4], C-C-Sep=0.08, ║∇J║=1.4e-02
Iteration 77/2000-----
currents: [100000.0, 99999.99999860852, 99999.99999856864, 99999.99999865399, 99999.99999870195]
J=3.7e-04, ⟨Jf⟩=3.2e-04, ⟨B·n⟩=7.2e-03, Len=sum([2.4, 2.6, 2.4, 2.5, 2.5])=12.5, ϰ=[10.3, 10.1, 8.5, 10.2, 11.1], ∫ϰ²/L>=[21.3, 23.5, 18.0, 19.9, 29.9], C-C-Sep=0.08, ║∇J║=1.5e-02
Iteration 78/2000-----
currents: [100000.0, 99999.99999861054, 99999.99999856853, 99999.99999865273, 99999.99999869986]
J=3.5e-04, ⟨Jf⟩=3.1e-04, ⟨B·n⟩=6.9e-03, Len=sum([2.4, 2.6, 2.4, 2.5, 2.5])=12.5, ϰ=[10.2, 10.3, 8.0, 9.8, 11.4], ∫ϰ²/L>=[20.8, 22.5, 17.0, 20.3, 29.0], C-C-Sep=0.08, ║∇J║=2.3e-02
Iteration 79/2000-----
currents: [100000.0, 99999.99999861175, 99999.999998566, 99999.99999864871, 99999.99999869482]
J=3.4e-04, ⟨Jf⟩=3.0e-04, ⟨B·n⟩=6.8e-03, Len=sum([2.4, 2.6, 2.4, 2.5, 2.5])=12.5, ϰ=[10.3, 10.6, 7.9, 10.1, 11.9], ∫ϰ²/L>=[21.9, 23.1, 16.9, 21.3, 29.7], C-C-Sep=0.08, ║∇J║=1.9e-02
Iteration 80/2000-----
currents: [100000.0, 99999.99999861271, 99999.99999856527, 99999.99999864711, 99999.99999869264]
J=3.3e-04, ⟨Jf⟩=2.9e-04, ⟨B·n⟩=6.6e-03, Len=sum([2.4, 2.6, 2.4, 2.5, 2.5])=12.5, ϰ=[10.3, 10.2, 7.5, 10.4, 12.2], ∫ϰ²/L>=[22.4, 23.1, 16.5, 21.7, 29.8], C-C-Sep=0.08, ║∇J║=1.4e-02
Iteration 81/2000-----
currents: [100000.0, 99999.99999861333, 99999.99999856442, 99999.99999864545, 99999.99999869052]
J=3.2e-04, ⟨Jf⟩=2.9e-04, ⟨B·n⟩=6.5e-03, Len=sum([2.4, 2.6, 2.4, 2.5, 2.5])=12.5, ϰ=[10.2, 10.3, 7.1, 10.9, 12.4], ∫ϰ²/L>=[22.4, 22.9, 16.0, 21.8, 29.6], C-C-Sep=0.08, ║∇J║=1.2e-02
Iteration 82/2000-----
currents: [100000.0, 99999.99999861437, 99999.99999856303, 99999.99999864267, 99999.99999868698]
J=3.1e-04, ⟨Jf⟩=2.8e-04, ⟨B·n⟩=6.3e-03, Len=sum([2.4, 2.5, 2.4, 2.5, 2.5])=12.5, ϰ=[9.6, 10.3, 7.1, 11.4, 12.6], ∫ϰ²/L>=[22.1, 22.7, 15.1, 22.2, 29.3], C-C-Sep=0.08, ║∇J║=1.3e-02
Iteration 83/2000-----
currents: [100000.0, 99999.99999861582, 99999.99999856074, 99999.99999863844, 99999.99999868168]
J=3.1e-04, ⟨Jf⟩=2.7e-04, ⟨B·n⟩=6.2e-03, Len=sum([2.4, 2.5, 2.4, 2.5, 2.5])=12.5, ϰ=[8.9, 10.6, 7.0, 11.9, 12.9], ∫ϰ²/L>=[22.2, 23.2, 14.6, 22.7, 29.3], C-C-Sep=0.08, ║∇J║=1.9e-02
Iteration 84/2000-----
currents: [100000.0, 99999.99999861588, 99999.99999856063, 99999.99999863817, 99999.99999868138]
J=3.0e-04, ⟨Jf⟩=2.7e-04, ⟨B·n⟩=6.2e-03, Len=sum([2.4, 2.5, 2.4, 2.5, 2.5])=12.4, ϰ=[8.6, 10.7, 6.9, 11.5, 12.7], ∫ϰ²/L>=[21.0, 22.8, 14.2, 22.0, 28.8], C-C-Sep=0.08, ║∇J║=1.0e-02
Iteration 85/2000-----
currents: [100000.0, 99999.99999861662, 99999.99999855981, 99999.99999863663, 99999.99999867944]
J=3.0e-04, ⟨Jf⟩=2.7e-04, ⟨B·n⟩=6.2e-03, Len=sum([2.4, 2.5, 2.4, 2.5, 2.5])=12.4, ϰ=[8.3, 11.0, 7.1, 11.1, 13.1], ∫ϰ²/L>=[20.2, 22.7, 14.0, 21.6, 28.5], C-C-Sep=0.08, ║∇J║=9.7e-03
Iteration 86/2000-----
currents: [100000.0, 99999.9999986176, 99999.9999985589, 99999.99999863475, 99999.9999986771]
J=2.9e-04, ⟨Jf⟩=2.6e-04, ⟨B·n⟩=6.1e-03, Len=sum([2.4, 2.5, 2.4, 2.5, 2.5])=12.4, ϰ=[8.2, 11.4, 7.2, 10.5, 13.3], ∫ϰ²/L>=[19.0, 22.5, 13.5, 20.9, 28.0], C-C-Sep=0.08, ║∇J║=1.1e-02
Iteration 87/2000-----
currents: [100000.0, 99999.99999861958, 99999.99999855644, 99999.99999863005, 99999.99999867138]
J=2.9e-04, ⟨Jf⟩=2.5e-04, ⟨B·n⟩=6.0e-03, Len=sum([2.4, 2.5, 2.4, 2.5, 2.5])=12.4, ϰ=[8.1, 11.7, 7.3, 9.9, 13.5], ∫ϰ²/L>=[18.4, 22.5, 13.2, 20.3, 27.7], C-C-Sep=0.08, ║∇J║=2.1e-02
Iteration 88/2000-----
currents: [100000.0, 99999.99999862043, 99999.99999855587, 99999.99999862873, 99999.99999866971]
J=2.8e-04, ⟨Jf⟩=2.5e-04, ⟨B·n⟩=5.9e-03, Len=sum([2.4, 2.5, 2.4, 2.5, 2.6])=12.4, ϰ=[8.1, 11.7, 7.2, 9.9, 13.3], ∫ϰ²/L>=[18.5, 22.5, 13.1, 20.4, 27.7], C-C-Sep=0.08, ║∇J║=9.1e-03
Iteration 89/2000-----
currents: [100000.0, 99999.99999862077, 99999.99999855572, 99999.99999862823, 99999.99999866915]
J=2.8e-04, ⟨Jf⟩=2.5e-04, ⟨B·n⟩=5.9e-03, Len=sum([2.4, 2.5, 2.4, 2.5, 2.5])=12.4, ϰ=[8.2, 11.5, 7.1, 9.8, 13.0], ∫ϰ²/L>=[18.1, 22.2, 12.9, 20.1, 27.4], C-C-Sep=0.08, ║∇J║=8.2e-03
Iteration 90/2000-----
currents: [100000.0, 99999.99999862234, 99999.99999855434, 99999.99999862528, 99999.99999866555]
J=2.7e-04, ⟨Jf⟩=2.5e-04, ⟨B·n⟩=5.7e-03, Len=sum([2.4, 2.5, 2.4, 2.5, 2.6])=12.4, ϰ=[8.7, 11.1, 7.0, 10.0, 13.2], ∫ϰ²/L>=[18.5, 22.4, 13.0, 20.4, 27.4], C-C-Sep=0.08, ║∇J║=1.1e-02
Iteration 91/2000-----
currents: [100000.0, 99999.9999986246, 99999.99999855281, 99999.99999862153, 99999.99999866108]
J=2.7e-04, ⟨Jf⟩=2.4e-04, ⟨B·n⟩=5.5e-03, Len=sum([2.4, 2.5, 2.4, 2.5, 2.5])=12.4, ϰ=[9.1, 10.5, 6.9, 10.0, 13.1], ∫ϰ²/L>=[18.3, 22.0, 13.1, 20.6, 26.7], C-C-Sep=0.08, ║∇J║=1.9e-02
Iteration 92/2000-----
currents: [100000.0, 99999.99999862582, 99999.99999855175, 99999.99999861923, 99999.99999865833]
J=2.6e-04, ⟨Jf⟩=2.4e-04, ⟨B·n⟩=5.5e-03, Len=sum([2.4, 2.5, 2.4, 2.5, 2.6])=12.4, ϰ=[9.4, 10.4, 6.8, 10.1, 12.8], ∫ϰ²/L>=[18.5, 22.0, 13.2, 21.1, 26.5], C-C-Sep=0.08, ║∇J║=9.5e-03
Iteration 93/2000-----
currents: [100000.0, 99999.999998627, 99999.99999855043, 99999.99999861658, 99999.99999865516]
J=2.6e-04, ⟨Jf⟩=2.3e-04, ⟨B·n⟩=5.4e-03, Len=sum([2.4, 2.5, 2.4, 2.5, 2.6])=12.4, ϰ=[9.5, 10.2, 6.8, 10.1, 12.4], ∫ϰ²/L>=[18.7, 21.9, 13.1, 21.6, 26.5], C-C-Sep=0.08, ║∇J║=8.3e-03
Iteration 94/2000-----
currents: [100000.0, 99999.99999862812, 99999.99999854939, 99999.99999861428, 99999.99999865248]
J=2.5e-04, ⟨Jf⟩=2.3e-04, ⟨B·n⟩=5.4e-03, Len=sum([2.4, 2.5, 2.4, 2.5, 2.6])=12.4, ϰ=[9.3, 10.1, 6.5, 10.1, 12.4], ∫ϰ²/L>=[18.6, 21.5, 13.0, 21.9, 26.2], C-C-Sep=0.08, ║∇J║=1.0e-02
Iteration 95/2000-----
currents: [100000.0, 99999.99999863053, 99999.9999985468, 99999.9999986088, 99999.99999864605]
J=2.5e-04, ⟨Jf⟩=2.2e-04, ⟨B·n⟩=5.4e-03, Len=sum([2.4, 2.5, 2.4, 2.5, 2.6])=12.4, ϰ=[9.8, 10.3, 6.3, 10.3, 12.3], ∫ϰ²/L>=[19.5, 21.3, 13.2, 23.2, 26.1], C-C-Sep=0.08, ║∇J║=1.7e-02
Iteration 96/2000-----
currents: [100000.0, 99999.99999863103, 99999.99999854634, 99999.99999860769, 99999.99999864482]
J=2.4e-04, ⟨Jf⟩=2.2e-04, ⟨B·n⟩=5.3e-03, Len=sum([2.4, 2.5, 2.4, 2.5, 2.6])=12.4, ϰ=[10.0, 10.3, 6.7, 10.4, 12.4], ∫ϰ²/L>=[19.3, 21.1, 13.2, 23.2, 25.9], C-C-Sep=0.08, ║∇J║=7.7e-03
Iteration 97/2000-----
currents: [100000.0, 99999.99999863144, 99999.99999854615, 99999.99999860702, 99999.9999986441]
J=2.4e-04, ⟨Jf⟩=2.2e-04, ⟨B·n⟩=5.3e-03, Len=sum([2.4, 2.5, 2.4, 2.5, 2.6])=12.4, ϰ=[10.2, 10.4, 6.9, 10.4, 12.8], ∫ϰ²/L>=[19.0, 20.9, 13.2, 23.1, 25.6], C-C-Sep=0.08, ║∇J║=6.7e-03
Iteration 98/2000-----
currents: [100000.0, 99999.99999863263, 99999.99999854487, 99999.99999860422, 99999.99999864085]
J=2.4e-04, ⟨Jf⟩=2.2e-04, ⟨B·n⟩=5.2e-03, Len=sum([2.4, 2.5, 2.4, 2.5, 2.6])=12.4, ϰ=[10.4, 10.6, 7.1, 10.6, 13.3], ∫ϰ²/L>=[19.0, 20.9, 13.3, 23.3, 25.5], C-C-Sep=0.08, ║∇J║=9.1e-03
Iteration 99/2000-----
currents: [100000.0, 99999.99999863471, 99999.99999854332, 99999.99999860031, 99999.99999863625]
J=2.3e-04, ⟨Jf⟩=2.1e-04, ⟨B·n⟩=5.1e-03, Len=sum([2.4, 2.5, 2.4, 2.5, 2.6])=12.4, ϰ=[10.6, 10.5, 7.4, 10.7, 13.8], ∫ϰ²/L>=[18.8, 21.0, 13.3, 23.2, 25.4], C-C-Sep=0.08, ║∇J║=1.3e-02
Iteration 100/2000-----
currents: [100000.0, 99999.99999863587, 99999.999998542, 99999.99999859744, 99999.99999863289]
J=2.3e-04, ⟨Jf⟩=2.1e-04, ⟨B·n⟩=5.1e-03, Len=sum([2.4, 2.5, 2.4, 2.5, 2.6])=12.4, ϰ=[10.5, 10.6, 7.5, 11.0, 13.7], ∫ϰ²/L>=[18.8, 21.1, 13.3, 23.1, 25.5], C-C-Sep=0.08, ║∇J║=7.9e-03
Iteration 101/2000-----
currents: [100000.0, 99999.99999863745, 99999.99999854002, 99999.99999859335, 99999.99999862802]
J=2.3e-04, ⟨Jf⟩=2.0e-04, ⟨B·n⟩=5.1e-03, Len=sum([2.4, 2.5, 2.4, 2.5, 2.6])=12.4, ϰ=[10.4, 10.5, 7.4, 11.1, 13.4], ∫ϰ²/L>=[19.1, 21.3, 13.4, 23.3, 25.8], C-C-Sep=0.08, ║∇J║=7.2e-03
Iteration 102/2000-----
currents: [100000.0, 99999.9999986379, 99999.99999853956, 99999.9999985922, 99999.99999862659]
J=2.2e-04, ⟨Jf⟩=2.0e-04, ⟨B·n⟩=5.1e-03, Len=sum([2.4, 2.5, 2.4, 2.5, 2.6])=12.4, ϰ=[10.3, 10.4, 7.3, 10.9, 12.9], ∫ϰ²/L>=[18.6, 21.1, 13.0, 22.4, 25.6], C-C-Sep=0.08, ║∇J║=9.6e-03
Iteration 103/2000-----
currents: [100000.0, 99999.99999863954, 99999.99999853775, 99999.99999858828, 99999.9999986218]
J=2.2e-04, ⟨Jf⟩=2.0e-04, ⟨B·n⟩=5.1e-03, Len=sum([2.4, 2.5, 2.4, 2.5, 2.6])=12.4, ϰ=[10.8, 10.6, 7.3, 10.7, 12.9], ∫ϰ²/L>=[19.0, 21.3, 13.0, 22.5, 25.8], C-C-Sep=0.08, ║∇J║=7.9e-03
Iteration 104/2000-----
currents: [100000.0, 99999.99999864036, 99999.99999853673, 99999.99999858608, 99999.99999861913]
J=2.2e-04, ⟨Jf⟩=2.0e-04, ⟨B·n⟩=5.1e-03, Len=sum([2.4, 2.5, 2.4, 2.5, 2.6])=12.4, ϰ=[11.0, 11.0, 7.3, 10.5, 13.0], ∫ϰ²/L>=[19.0, 21.1, 12.8, 22.3, 25.7], C-C-Sep=0.08, ║∇J║=6.8e-03
Iteration 105/2000-----
currents: [100000.0, 99999.99999864146, 99999.99999853579, 99999.99999858385, 99999.99999861633]
J=2.1e-04, ⟨Jf⟩=1.9e-04, ⟨B·n⟩=5.0e-03, Len=sum([2.4, 2.5, 2.4, 2.5, 2.6])=12.4, ϰ=[11.0, 11.4, 7.3, 10.6, 13.5], ∫ϰ²/L>=[18.8, 21.0, 12.5, 22.0, 25.5], C-C-Sep=0.08, ║∇J║=7.6e-03
Iteration 106/2000-----
currents: [100000.0, 99999.99999864252, 99999.99999853408, 99999.99999858053, 99999.99999861236]
J=2.1e-04, ⟨Jf⟩=1.9e-04, ⟨B·n⟩=4.9e-03, Len=sum([2.4, 2.5, 2.4, 2.5, 2.6])=12.4, ϰ=[10.8, 11.5, 7.4, 10.8, 13.7], ∫ϰ²/L>=[18.7, 21.0, 12.5, 22.3, 25.6], C-C-Sep=0.08, ║∇J║=7.7e-03
Iteration 107/2000-----
currents: [100000.0, 99999.99999864306, 99999.9999985328, 99999.99999857818, 99999.99999860954]
J=2.1e-04, ⟨Jf⟩=1.9e-04, ⟨B·n⟩=4.9e-03, Len=sum([2.4, 2.5, 2.4, 2.5, 2.6])=12.4, ϰ=[10.5, 11.5, 7.4, 10.7, 13.7], ∫ϰ²/L>=[18.3, 20.8, 12.3, 22.1, 25.3], C-C-Sep=0.08, ║∇J║=6.7e-03
Iteration 108/2000-----
currents: [100000.0, 99999.99999864478, 99999.99999853045, 99999.99999857352, 99999.9999986039]
J=2.1e-04, ⟨Jf⟩=1.9e-04, ⟨B·n⟩=4.8e-03, Len=sum([2.4, 2.5, 2.4, 2.5, 2.6])=12.4, ϰ=[10.5, 11.3, 7.6, 11.1, 13.8], ∫ϰ²/L>=[18.4, 21.0, 12.4, 22.6, 25.6], C-C-Sep=0.08, ║∇J║=8.3e-03
Iteration 109/2000-----
currents: [100000.0, 99999.99999864398, 99999.99999853077, 99999.99999857457, 99999.99999860513]
J=2.1e-04, ⟨Jf⟩=1.9e-04, ⟨B·n⟩=4.8e-03, Len=sum([2.4, 2.5, 2.4, 2.5, 2.6])=12.4, ϰ=[10.2, 11.0, 7.4, 10.8, 13.6], ∫ϰ²/L>=[17.7, 20.6, 12.2, 21.9, 25.0], C-C-Sep=0.08, ║∇J║=7.0e-03
Iteration 110/2000-----
currents: [100000.0, 99999.99999864456, 99999.99999853005, 99999.99999857314, 99999.99999860335]
J=2.0e-04, ⟨Jf⟩=1.9e-04, ⟨B·n⟩=4.8e-03, Len=sum([2.4, 2.5, 2.4, 2.5, 2.6])=12.4, ϰ=[10.2, 10.9, 7.4, 10.7, 13.3], ∫ϰ²/L>=[17.5, 20.6, 12.1, 21.8, 24.9], C-C-Sep=0.08, ║∇J║=6.4e-03
Iteration 111/2000-----
currents: [100000.0, 99999.99999864507, 99999.99999852928, 99999.99999857166, 99999.9999986015]
J=2.0e-04, ⟨Jf⟩=1.8e-04, ⟨B·n⟩=4.7e-03, Len=sum([2.4, 2.5, 2.4, 2.5, 2.6])=12.4, ϰ=[10.2, 10.8, 7.2, 10.6, 13.2], ∫ϰ²/L>=[17.3, 20.6, 12.1, 21.7, 24.7], C-C-Sep=0.08, ║∇J║=5.5e-03
Iteration 112/2000-----
currents: [100000.0, 99999.99999864634, 99999.99999852736, 99999.9999985679, 99999.99999859698]
J=2.0e-04, ⟨Jf⟩=1.8e-04, ⟨B·n⟩=4.7e-03, Len=sum([2.4, 2.5, 2.4, 2.5, 2.6])=12.4, ϰ=[10.3, 10.8, 7.2, 10.7, 13.2], ∫ϰ²/L>=[17.1, 20.8, 12.2, 21.9, 24.7], C-C-Sep=0.08, ║∇J║=6.7e-03
Iteration 113/2000-----
currents: [100000.0, 99999.99999864695, 99999.99999852614, 99999.99999856563, 99999.99999859424]
J=2.0e-04, ⟨Jf⟩=1.8e-04, ⟨B·n⟩=4.6e-03, Len=sum([2.4, 2.5, 2.4, 2.5, 2.6])=12.4, ϰ=[10.3, 11.1, 6.9, 10.6, 13.3], ∫ϰ²/L>=[16.8, 20.8, 12.2, 21.7, 24.4], C-C-Sep=0.08, ║∇J║=7.5e-03
Iteration 114/2000-----
currents: [100000.0, 99999.99999864765, 99999.99999852499, 99999.99999856336, 99999.99999859156]
J=2.0e-04, ⟨Jf⟩=1.8e-04, ⟨B·n⟩=4.6e-03, Len=sum([2.4, 2.5, 2.4, 2.5, 2.6])=12.4, ϰ=[10.1, 11.3, 6.7, 10.7, 13.4], ∫ϰ²/L>=[16.9, 20.9, 12.3, 21.9, 24.4], C-C-Sep=0.08, ║∇J║=5.4e-03
Iteration 115/2000-----
currents: [100000.0, 99999.99999864768, 99999.99999852433, 99999.99999856227, 99999.99999859037]
J=2.0e-04, ⟨Jf⟩=1.8e-04, ⟨B·n⟩=4.6e-03, Len=sum([2.4, 2.5, 2.4, 2.5, 2.6])=12.4, ϰ=[10.0, 11.3, 6.5, 10.7, 13.6], ∫ϰ²/L>=[16.7, 20.7, 12.2, 21.8, 24.3], C-C-Sep=0.08, ║∇J║=5.1e-03
Iteration 116/2000-----
currents: [100000.0, 99999.99999864837, 99999.99999852295, 99999.99999855962, 99999.99999858729]
J=1.9e-04, ⟨Jf⟩=1.8e-04, ⟨B·n⟩=4.5e-03, Len=sum([2.4, 2.5, 2.4, 2.5, 2.6])=12.4, ϰ=[9.8, 11.3, 6.4, 10.8, 13.6], ∫ϰ²/L>=[16.8, 20.7, 12.3, 21.9, 24.3], C-C-Sep=0.08, ║∇J║=6.1e-03
Iteration 117/2000-----
currents: [100000.0, 99999.99999864875, 99999.99999852169, 99999.99999855735, 99999.99999858467]
J=1.9e-04, ⟨Jf⟩=1.7e-04, ⟨B·n⟩=4.5e-03, Len=sum([2.4, 2.5, 2.4, 2.5, 2.6])=12.4, ϰ=[9.7, 11.1, 6.3, 10.8, 13.5], ∫ϰ²/L>=[16.9, 20.5, 12.3, 21.7, 24.2], C-C-Sep=0.08, ║∇J║=5.7e-03
Iteration 118/2000-----
currents: [100000.0, 99999.99999864922, 99999.99999852046, 99999.99999855513, 99999.99999858208]
J=1.9e-04, ⟨Jf⟩=1.7e-04, ⟨B·n⟩=4.5e-03, Len=sum([2.4, 2.5, 2.4, 2.5, 2.6])=12.4, ϰ=[9.6, 10.9, 6.4, 10.9, 13.4], ∫ϰ²/L>=[17.1, 20.3, 12.4, 21.6, 24.1], C-C-Sep=0.08, ║∇J║=5.2e-03
Iteration 119/2000-----
currents: [100000.0, 99999.99999864944, 99999.99999851974, 99999.99999855385, 99999.99999858058]
J=1.9e-04, ⟨Jf⟩=1.7e-04, ⟨B·n⟩=4.5e-03, Len=sum([2.4, 2.5, 2.4, 2.5, 2.6])=12.4, ϰ=[9.4, 10.7, 6.6, 10.9, 13.4], ∫ϰ²/L>=[17.3, 20.2, 12.4, 21.4, 24.0], C-C-Sep=0.08, ║∇J║=4.6e-03
Iteration 120/2000-----
currents: [100000.0, 99999.99999865, 99999.99999851832, 99999.99999855125, 99999.99999857755]
J=1.9e-04, ⟨Jf⟩=1.7e-04, ⟨B·n⟩=4.5e-03, Len=sum([2.4, 2.5, 2.4, 2.5, 2.6])=12.4, ϰ=[9.1, 10.4, 6.7, 10.9, 13.5], ∫ϰ²/L>=[17.6, 20.0, 12.3, 21.4, 23.8], C-C-Sep=0.08, ║∇J║=5.4e-03
Iteration 121/2000-----
currents: [100000.0, 99999.99999864999, 99999.999998517, 99999.9999985491, 99999.99999857518]
J=1.9e-04, ⟨Jf⟩=1.7e-04, ⟨B·n⟩=4.4e-03, Len=sum([2.4, 2.5, 2.4, 2.5, 2.6])=12.4, ϰ=[8.7, 10.2, 6.7, 10.9, 13.4], ∫ϰ²/L>=[18.0, 19.7, 12.2, 21.1, 23.5], C-C-Sep=0.08, ║∇J║=7.4e-03
Iteration 122/2000-----
currents: [100000.0, 99999.9999986502, 99999.99999851565, 99999.99999854677, 99999.99999857254]
J=1.9e-04, ⟨Jf⟩=1.7e-04, ⟨B·n⟩=4.4e-03, Len=sum([2.4, 2.5, 2.4, 2.5, 2.6])=12.4, ϰ=[8.7, 10.2, 6.8, 10.9, 13.4], ∫ϰ²/L>=[18.2, 19.6, 12.3, 21.2, 23.4], C-C-Sep=0.08, ║∇J║=4.7e-03
Iteration 123/2000-----
currents: [100000.0, 99999.99999864993, 99999.9999985147, 99999.99999854535, 99999.99999857103]
J=1.8e-04, ⟨Jf⟩=1.7e-04, ⟨B·n⟩=4.4e-03, Len=sum([2.4, 2.5, 2.4, 2.5, 2.6])=12.4, ϰ=[8.9, 10.2, 6.7, 10.7, 13.4], ∫ϰ²/L>=[18.0, 19.4, 12.2, 21.0, 23.2], C-C-Sep=0.08, ║∇J║=4.7e-03
Iteration 124/2000-----
currents: [100000.0, 99999.99999864986, 99999.99999851297, 99999.99999854261, 99999.99999856798]
J=1.8e-04, ⟨Jf⟩=1.7e-04, ⟨B·n⟩=4.4e-03, Len=sum([2.4, 2.5, 2.4, 2.5, 2.6])=12.4, ϰ=[9.0, 10.3, 6.7, 10.7, 13.1], ∫ϰ²/L>=[18.1, 19.3, 12.2, 21.0, 23.1], C-C-Sep=0.08, ║∇J║=5.7e-03
Iteration 125/2000-----
currents: [100000.0, 99999.99999864925, 99999.99999851201, 99999.99999854139, 99999.99999856675]
J=1.8e-04, ⟨Jf⟩=1.7e-04, ⟨B·n⟩=4.4e-03, Len=sum([2.4, 2.5, 2.4, 2.5, 2.6])=12.4, ϰ=[9.1, 10.3, 6.6, 10.5, 12.9], ∫ϰ²/L>=[17.7, 19.1, 12.1, 20.8, 22.8], C-C-Sep=0.08, ║∇J║=4.8e-03
Iteration 126/2000-----
currents: [100000.0, 99999.99999864945, 99999.99999850965, 99999.99999853745, 99999.99999856233]
J=1.8e-04, ⟨Jf⟩=1.6e-04, ⟨B·n⟩=4.4e-03, Len=sum([2.4, 2.5, 2.4, 2.5, 2.6])=12.4, ϰ=[9.2, 10.2, 6.6, 10.6, 12.7], ∫ϰ²/L>=[17.8, 19.1, 12.2, 21.0, 22.8], C-C-Sep=0.08, ║∇J║=6.7e-03
Iteration 127/2000-----
currents: [100000.0, 99999.99999864903, 99999.99999850936, 99999.99999853729, 99999.99999856224]
J=1.8e-04, ⟨Jf⟩=1.6e-04, ⟨B·n⟩=4.4e-03, Len=sum([2.4, 2.5, 2.4, 2.5, 2.6])=12.4, ϰ=[9.0, 10.0, 6.7, 10.6, 12.7], ∫ϰ²/L>=[17.7, 18.9, 12.2, 20.8, 22.6], C-C-Sep=0.08, ║∇J║=4.9e-03
Iteration 128/2000-----
currents: [100000.0, 99999.99999864904, 99999.999998508, 99999.99999853512, 99999.99999855984]
J=1.8e-04, ⟨Jf⟩=1.6e-04, ⟨B·n⟩=4.4e-03, Len=sum([2.4, 2.5, 2.4, 2.5, 2.6])=12.4, ϰ=[8.7, 9.9, 6.8, 10.7, 12.5], ∫ϰ²/L>=[17.7, 18.8, 12.2, 20.9, 22.6], C-C-Sep=0.08, ║∇J║=5.1e-03
Iteration 129/2000-----
currents: [100000.0, 99999.99999864864, 99999.99999850766, 99999.99999853481, 99999.9999985596]
J=1.8e-04, ⟨Jf⟩=1.6e-04, ⟨B·n⟩=4.3e-03, Len=sum([2.4, 2.5, 2.4, 2.5, 2.6])=12.4, ϰ=[8.5, 9.9, 6.9, 10.7, 12.6], ∫ϰ²/L>=[17.5, 18.7, 12.2, 20.7, 22.3], C-C-Sep=0.08, ║∇J║=4.1e-03
Iteration 130/2000-----
currents: [100000.0, 99999.99999864824, 99999.9999985061, 99999.99999853254, 99999.99999855716]
J=1.8e-04, ⟨Jf⟩=1.6e-04, ⟨B·n⟩=4.3e-03, Len=sum([2.4, 2.5, 2.4, 2.5, 2.6])=12.4, ϰ=[8.5, 9.8, 6.9, 10.6, 12.7], ∫ϰ²/L>=[17.4, 18.6, 12.2, 20.7, 22.2], C-C-Sep=0.08, ║∇J║=4.1e-03
Iteration 131/2000-----
currents: [100000.0, 99999.99999864736, 99999.99999850451, 99999.99999853047, 99999.99999855508]
J=1.7e-04, ⟨Jf⟩=1.6e-04, ⟨B·n⟩=4.2e-03, Len=sum([2.4, 2.5, 2.4, 2.5, 2.6])=12.4, ϰ=[8.6, 9.7, 6.9, 10.5, 12.7], ∫ϰ²/L>=[17.1, 18.4, 12.3, 20.7, 21.9], C-C-Sep=0.08, ║∇J║=5.5e-03
Iteration 132/2000-----
currents: [100000.0, 99999.99999864674, 99999.99999850319, 99999.99999852868, 99999.99999855322]
J=1.7e-04, ⟨Jf⟩=1.6e-04, ⟨B·n⟩=4.2e-03, Len=sum([2.4, 2.5, 2.4, 2.5, 2.6])=12.4, ϰ=[8.5, 9.6, 6.8, 10.5, 12.5], ∫ϰ²/L>=[17.0, 18.4, 12.3, 20.7, 21.8], C-C-Sep=0.08, ║∇J║=4.6e-03
Iteration 133/2000-----
currents: [100000.0, 99999.99999864608, 99999.99999850216, 99999.9999985274, 99999.99999855192]
J=1.7e-04, ⟨Jf⟩=1.6e-04, ⟨B·n⟩=4.2e-03, Len=sum([2.4, 2.5, 2.4, 2.5, 2.6])=12.4, ϰ=[8.5, 9.5, 6.6, 10.4, 12.3], ∫ϰ²/L>=[16.7, 18.3, 12.3, 20.7, 21.8], C-C-Sep=0.08, ║∇J║=3.9e-03
Iteration 134/2000-----
currents: [100000.0, 99999.99999864532, 99999.9999985004, 99999.99999852502, 99999.99999854936]
J=1.7e-04, ⟨Jf⟩=1.6e-04, ⟨B·n⟩=4.2e-03, Len=sum([2.4, 2.5, 2.4, 2.5, 2.6])=12.4, ϰ=[8.4, 9.4, 6.5, 10.5, 12.0], ∫ϰ²/L>=[16.6, 18.1, 12.3, 20.7, 21.8], C-C-Sep=0.08, ║∇J║=5.3e-03
Iteration 135/2000-----
currents: [100000.0, 99999.99999864433, 99999.99999849913, 99999.99999852356, 99999.9999985479]
J=1.7e-04, ⟨Jf⟩=1.6e-04, ⟨B·n⟩=4.2e-03, Len=sum([2.4, 2.5, 2.4, 2.5, 2.6])=12.4, ϰ=[8.3, 9.3, 6.5, 10.7, 11.9], ∫ϰ²/L>=[16.5, 18.0, 12.3, 20.6, 21.8], C-C-Sep=0.08, ║∇J║=4.8e-03
Iteration 136/2000-----
currents: [100000.0, 99999.99999864417, 99999.99999849855, 99999.99999852273, 99999.99999854696]
J=1.7e-04, ⟨Jf⟩=1.6e-04, ⟨B·n⟩=4.2e-03, Len=sum([2.4, 2.5, 2.4, 2.5, 2.6])=12.4, ϰ=[8.3, 9.4, 6.4, 10.7, 11.9], ∫ϰ²/L>=[16.4, 17.9, 12.2, 20.6, 21.7], C-C-Sep=0.08, ║∇J║=3.5e-03
Iteration 137/2000-----
currents: [100000.0, 99999.99999864375, 99999.99999849682, 99999.99999852023, 99999.9999985442]
J=1.7e-04, ⟨Jf⟩=1.5e-04, ⟨B·n⟩=4.2e-03, Len=sum([2.4, 2.4, 2.4, 2.5, 2.6])=12.4, ϰ=[8.2, 9.5, 6.5, 10.8, 12.1], ∫ϰ²/L>=[16.5, 17.8, 12.2, 20.6, 21.7], C-C-Sep=0.08, ║∇J║=3.8e-03
Iteration 138/2000-----
currents: [100000.0, 99999.99999864324, 99999.99999849565, 99999.99999851872, 99999.99999854255]
J=1.7e-04, ⟨Jf⟩=1.5e-04, ⟨B·n⟩=4.2e-03, Len=sum([2.4, 2.4, 2.4, 2.5, 2.6])=12.4, ϰ=[8.3, 9.6, 6.5, 10.9, 12.0], ∫ϰ²/L>=[16.4, 17.6, 12.1, 20.5, 21.4], C-C-Sep=0.08, ║∇J║=5.3e-03
Iteration 139/2000-----
currents: [100000.0, 99999.99999864264, 99999.99999849293, 99999.99999851482, 99999.9999985382]
J=1.7e-04, ⟨Jf⟩=1.5e-04, ⟨B·n⟩=4.1e-03, Len=sum([2.4, 2.4, 2.4, 2.5, 2.6])=12.4, ϰ=[8.4, 9.5, 6.7, 10.9, 11.9], ∫ϰ²/L>=[16.8, 17.6, 12.3, 20.6, 21.5], C-C-Sep=0.08, ║∇J║=4.4e-03
Iteration 140/2000-----
currents: [100000.0, 99999.99999864167, 99999.99999849252, 99999.99999851485, 99999.99999853835]
J=1.7e-04, ⟨Jf⟩=1.5e-04, ⟨B·n⟩=4.1e-03, Len=sum([2.4, 2.4, 2.4, 2.5, 2.6])=12.4, ϰ=[8.6, 9.4, 6.9, 10.6, 11.8], ∫ϰ²/L>=[17.0, 17.4, 12.3, 20.2, 21.1], C-C-Sep=0.08, ║∇J║=6.3e-03
Iteration 141/2000-----
currents: [100000.0, 99999.99999864149, 99999.99999849102, 99999.9999985126, 99999.99999853582]
J=1.7e-04, ⟨Jf⟩=1.5e-04, ⟨B·n⟩=4.1e-03, Len=sum([2.4, 2.4, 2.4, 2.5, 2.6])=12.4, ϰ=[8.6, 9.3, 7.0, 10.7, 11.6], ∫ϰ²/L>=[17.2, 17.5, 12.4, 20.4, 21.4], C-C-Sep=0.08, ║∇J║=3.9e-03
Iteration 142/2000-----
currents: [100000.0, 99999.99999864148, 99999.99999849111, 99999.99999851278, 99999.99999853599]
J=1.6e-04, ⟨Jf⟩=1.5e-04, ⟨B·n⟩=4.1e-03, Len=sum([2.4, 2.4, 2.4, 2.5, 2.6])=12.4, ϰ=[8.6, 9.3, 6.9, 10.7, 11.5], ∫ϰ²/L>=[17.0, 17.4, 12.3, 20.3, 21.3], C-C-Sep=0.08, ║∇J║=3.4e-03
Iteration 143/2000-----
currents: [100000.0, 99999.9999986409, 99999.99999848973, 99999.99999851098, 99999.99999853401]
J=1.6e-04, ⟨Jf⟩=1.5e-04, ⟨B·n⟩=4.1e-03, Len=sum([2.4, 2.4, 2.4, 2.5, 2.6])=12.4, ϰ=[8.5, 9.3, 6.9, 10.7, 11.4], ∫ϰ²/L>=[17.1, 17.3, 12.3, 20.3, 21.3], C-C-Sep=0.08, ║∇J║=3.2e-03
Iteration 144/2000-----
currents: [100000.0, 99999.99999863947, 99999.99999848683, 99999.99999850738, 99999.99999853007]
J=1.6e-04, ⟨Jf⟩=1.5e-04, ⟨B·n⟩=4.1e-03, Len=sum([2.4, 2.4, 2.4, 2.5, 2.6])=12.4, ϰ=[8.4, 9.5, 7.0, 10.6, 11.2], ∫ϰ²/L>=[17.3, 17.2, 12.4, 20.0, 21.0], C-C-Sep=0.08, ║∇J║=6.2e-03
Iteration 145/2000-----
currents: [100000.0, 99999.99999863906, 99999.99999848576, 99999.99999850595, 99999.99999852851]
J=1.6e-04, ⟨Jf⟩=1.5e-04, ⟨B·n⟩=4.1e-03, Len=sum([2.4, 2.4, 2.4, 2.5, 2.6])=12.4, ϰ=[8.4, 9.5, 7.0, 10.6, 11.4], ∫ϰ²/L>=[17.2, 17.1, 12.4, 19.9, 21.0], C-C-Sep=0.08, ║∇J║=3.9e-03
Iteration 146/2000-----
currents: [100000.0, 99999.99999863886, 99999.99999848541, 99999.99999850552, 99999.99999852803]
J=1.6e-04, ⟨Jf⟩=1.5e-04, ⟨B·n⟩=4.1e-03, Len=sum([2.4, 2.4, 2.4, 2.5, 2.6])=12.4, ϰ=[8.4, 9.6, 6.9, 10.6, 11.5], ∫ϰ²/L>=[17.1, 17.1, 12.4, 19.9, 20.9], C-C-Sep=0.08, ║∇J║=3.4e-03
Iteration 147/2000-----
currents: [100000.0, 99999.99999863787, 99999.9999984832, 99999.99999850262, 99999.99999852487]
J=1.6e-04, ⟨Jf⟩=1.5e-04, ⟨B·n⟩=4.1e-03, Len=sum([2.4, 2.4, 2.4, 2.5, 2.6])=12.4, ϰ=[8.3, 9.7, 6.9, 10.7, 11.7], ∫ϰ²/L>=[17.1, 17.0, 12.5, 19.9, 20.8], C-C-Sep=0.08, ║∇J║=3.6e-03
Iteration 148/2000-----
currents: [100000.0, 99999.9999986364, 99999.9999984812, 99999.9999985004, 99999.99999852247]
J=1.6e-04, ⟨Jf⟩=1.5e-04, ⟨B·n⟩=4.0e-03, Len=sum([2.4, 2.4, 2.4, 2.5, 2.6])=12.4, ϰ=[8.6, 9.9, 7.0, 10.9, 11.7], ∫ϰ²/L>=[16.9, 17.1, 12.6, 19.9, 20.7], C-C-Sep=0.08, ║∇J║=5.6e-03
Iteration 149/2000-----
currents: [100000.0, 99999.99999863589, 99999.99999848031, 99999.9999984993, 99999.99999852128]
J=1.6e-04, ⟨Jf⟩=1.5e-04, ⟨B·n⟩=4.0e-03, Len=sum([2.4, 2.4, 2.4, 2.5, 2.6])=12.4, ϰ=[8.6, 9.9, 7.0, 10.9, 11.6], ∫ϰ²/L>=[17.0, 17.1, 12.6, 19.9, 20.7], C-C-Sep=0.08, ║∇J║=3.0e-03
Iteration 150/2000-----
currents: [100000.0, 99999.99999863518, 99999.9999984793, 99999.99999849816, 99999.99999852003]
J=1.6e-04, ⟨Jf⟩=1.5e-04, ⟨B·n⟩=4.0e-03, Len=sum([2.4, 2.4, 2.4, 2.5, 2.6])=12.4, ϰ=[8.5, 9.8, 7.1, 10.8, 11.5], ∫ϰ²/L>=[17.1, 17.1, 12.6, 19.9, 20.7], C-C-Sep=0.08, ║∇J║=2.7e-03
Iteration 151/2000-----
currents: [100000.0, 99999.99999863443, 99999.99999847851, 99999.99999849737, 99999.99999851917]
J=1.6e-04, ⟨Jf⟩=1.5e-04, ⟨B·n⟩=3.9e-03, Len=sum([2.4, 2.4, 2.4, 2.5, 2.6])=12.4, ϰ=[8.6, 9.7, 7.1, 10.8, 11.5], ∫ϰ²/L>=[17.1, 17.1, 12.6, 20.0, 20.6], C-C-Sep=0.08, ║∇J║=3.4e-03
Iteration 152/2000-----
currents: [100000.0, 99999.99999863272, 99999.99999847649, 99999.99999849526, 99999.99999851683]
J=1.6e-04, ⟨Jf⟩=1.5e-04, ⟨B·n⟩=3.9e-03, Len=sum([2.4, 2.4, 2.4, 2.5, 2.6])=12.4, ϰ=[8.6, 9.6, 7.0, 10.7, 11.4], ∫ϰ²/L>=[17.2, 17.2, 12.6, 20.2, 20.6], C-C-Sep=0.08, ║∇J║=4.3e-03
Iteration 153/2000-----
currents: [100000.0, 99999.99999863195, 99999.99999847585, 99999.99999849472, 99999.99999851618]
J=1.6e-04, ⟨Jf⟩=1.4e-04, ⟨B·n⟩=3.9e-03, Len=sum([2.4, 2.4, 2.4, 2.5, 2.6])=12.4, ϰ=[8.5, 9.8, 7.0, 10.6, 11.5], ∫ϰ²/L>=[17.1, 17.2, 12.5, 20.2, 20.5], C-C-Sep=0.08, ║∇J║=3.4e-03
Iteration 154/2000-----
currents: [100000.0, 99999.99999863116, 99999.99999847497, 99999.9999984938, 99999.99999851517]
J=1.6e-04, ⟨Jf⟩=1.4e-04, ⟨B·n⟩=3.9e-03, Len=sum([2.4, 2.4, 2.4, 2.5, 2.6])=12.4, ϰ=[8.4, 9.9, 7.0, 10.6, 11.6], ∫ϰ²/L>=[17.0, 17.2, 12.5, 20.3, 20.4], C-C-Sep=0.08, ║∇J║=3.0e-03
Iteration 155/2000-----
currents: [100000.0, 99999.99999863036, 99999.99999847428, 99999.9999984932, 99999.9999985144]
J=1.6e-04, ⟨Jf⟩=1.4e-04, ⟨B·n⟩=3.9e-03, Len=sum([2.4, 2.4, 2.4, 2.5, 2.6])=12.4, ϰ=[8.3, 10.1, 7.0, 10.5, 11.7], ∫ϰ²/L>=[16.9, 17.1, 12.5, 20.2, 20.3], C-C-Sep=0.08, ║∇J║=3.4e-03
Iteration 156/2000-----
currents: [100000.0, 99999.99999862866, 99999.9999984719, 99999.99999849047, 99999.99999851135]
J=1.6e-04, ⟨Jf⟩=1.4e-04, ⟨B·n⟩=3.9e-03, Len=sum([2.4, 2.4, 2.4, 2.5, 2.6])=12.4, ϰ=[8.2, 10.3, 7.1, 10.7, 11.7], ∫ϰ²/L>=[17.0, 17.3, 12.5, 20.5, 20.3], C-C-Sep=0.08, ║∇J║=4.0e-03
Iteration 157/2000-----
currents: [100000.0, 99999.99999862837, 99999.999998472, 99999.99999849079, 99999.99999851164]
J=1.6e-04, ⟨Jf⟩=1.4e-04, ⟨B·n⟩=3.9e-03, Len=sum([2.4, 2.4, 2.4, 2.5, 2.6])=12.4, ϰ=[8.2, 10.3, 7.1, 10.6, 11.6], ∫ϰ²/L>=[16.9, 17.2, 12.4, 20.2, 20.2], C-C-Sep=0.08, ║∇J║=3.1e-03
Iteration 158/2000-----
currents: [100000.0, 99999.99999862695, 99999.99999846976, 99999.99999848809, 99999.9999985086]
J=1.5e-04, ⟨Jf⟩=1.4e-04, ⟨B·n⟩=3.9e-03, Len=sum([2.4, 2.4, 2.4, 2.5, 2.6])=12.4, ϰ=[8.4, 10.2, 7.2, 10.6, 11.5], ∫ϰ²/L>=[17.1, 17.2, 12.5, 20.3, 20.3], C-C-Sep=0.08, ║∇J║=3.9e-03
Iteration 159/2000-----
currents: [100000.0, 99999.99999862684, 99999.99999846988, 99999.99999848832, 99999.99999850878]
J=1.5e-04, ⟨Jf⟩=1.4e-04, ⟨B·n⟩=3.9e-03, Len=sum([2.4, 2.4, 2.4, 2.5, 2.6])=12.4, ϰ=[8.5, 10.2, 7.2, 10.6, 11.5], ∫ϰ²/L>=[16.9, 17.1, 12.4, 20.1, 20.2], C-C-Sep=0.08, ║∇J║=3.3e-03
Iteration 160/2000-----
currents: [100000.0, 99999.99999862564, 99999.99999846834, 99999.99999848657, 99999.99999850681]
J=1.5e-04, ⟨Jf⟩=1.4e-04, ⟨B·n⟩=3.8e-03, Len=sum([2.4, 2.4, 2.4, 2.5, 2.6])=12.4, ϰ=[8.7, 10.1, 7.2, 10.5, 11.5], ∫ϰ²/L>=[16.9, 17.1, 12.4, 20.0, 20.2], C-C-Sep=0.08, ║∇J║=3.1e-03
Iteration 161/2000-----
currents: [100000.0, 99999.99999862407, 99999.99999846595, 99999.9999984837, 99999.99999850355]
J=1.5e-04, ⟨Jf⟩=1.4e-04, ⟨B·n⟩=3.8e-03, Len=sum([2.4, 2.4, 2.4, 2.5, 2.6])=12.4, ϰ=[8.8, 10.1, 7.2, 10.3, 11.7], ∫ϰ²/L>=[16.9, 17.3, 12.5, 20.0, 20.2], C-C-Sep=0.08, ║∇J║=3.2e-03
Iteration 162/2000-----
currents: [100000.0, 99999.99999862307, 99999.99999846469, 99999.99999848228, 99999.999998502]
J=1.5e-04, ⟨Jf⟩=1.4e-04, ⟨B·n⟩=3.8e-03, Len=sum([2.4, 2.4, 2.4, 2.5, 2.6])=12.4, ϰ=[8.9, 10.2, 7.1, 10.2, 11.7], ∫ϰ²/L>=[16.8, 17.2, 12.5, 20.0, 20.2], C-C-Sep=0.08, ║∇J║=3.2e-03
Iteration 163/2000-----
currents: [100000.0, 99999.99999862225, 99999.99999846387, 99999.99999848148, 99999.99999850111]
J=1.5e-04, ⟨Jf⟩=1.4e-04, ⟨B·n⟩=3.8e-03, Len=sum([2.4, 2.4, 2.4, 2.5, 2.6])=12.4, ϰ=[8.9, 10.3, 7.0, 10.1, 11.7], ∫ϰ²/L>=[16.8, 17.1, 12.5, 19.9, 20.1], C-C-Sep=0.08, ║∇J║=2.8e-03
Iteration 164/2000-----
currents: [100000.0, 99999.99999862003, 99999.99999846115, 99999.99999847851, 99999.99999849782]
J=1.5e-04, ⟨Jf⟩=1.4e-04, ⟨B·n⟩=3.8e-03, Len=sum([2.4, 2.4, 2.4, 2.5, 2.6])=12.4, ϰ=[8.9, 10.6, 7.0, 9.9, 11.7], ∫ϰ²/L>=[16.9, 17.2, 12.6, 20.0, 20.1], C-C-Sep=0.08, ║∇J║=3.6e-03
Iteration 165/2000-----
currents: [100000.0, 99999.99999861939, 99999.99999846086, 99999.99999847841, 99999.99999849778]
J=1.5e-04, ⟨Jf⟩=1.4e-04, ⟨B·n⟩=3.8e-03, Len=sum([2.4, 2.4, 2.4, 2.5, 2.6])=12.4, ϰ=[8.9, 10.6, 6.8, 9.9, 11.8], ∫ϰ²/L>=[16.8, 17.1, 12.5, 19.7, 20.0], C-C-Sep=0.08, ║∇J║=4.4e-03
Iteration 166/2000-----
currents: [100000.0, 99999.99999861882, 99999.9999984601, 99999.99999847756, 99999.99999849686]
J=1.5e-04, ⟨Jf⟩=1.4e-04, ⟨B·n⟩=3.8e-03, Len=sum([2.4, 2.4, 2.4, 2.5, 2.6])=12.4, ϰ=[8.9, 10.5, 6.9, 9.9, 11.8], ∫ϰ²/L>=[16.8, 17.1, 12.6, 19.7, 20.1], C-C-Sep=0.08, ║∇J║=2.7e-03
Iteration 167/2000-----
currents: [100000.0, 99999.99999861793, 99999.99999845917, 99999.9999984766, 99999.9999984959]
J=1.5e-04, ⟨Jf⟩=1.4e-04, ⟨B·n⟩=3.8e-03, Len=sum([2.4, 2.4, 2.4, 2.5, 2.6])=12.4, ϰ=[8.9, 10.4, 6.9, 9.9, 11.8], ∫ϰ²/L>=[16.8, 17.1, 12.6, 19.7, 20.1], C-C-Sep=0.08, ║∇J║=2.3e-03
Iteration 168/2000-----
currents: [100000.0, 99999.99999861632, 99999.99999845722, 99999.99999847448, 99999.99999849367]
J=1.5e-04, ⟨Jf⟩=1.4e-04, ⟨B·n⟩=3.8e-03, Len=sum([2.4, 2.4, 2.4, 2.5, 2.6])=12.4, ϰ=[9.0, 10.4, 7.0, 9.9, 11.8], ∫ϰ²/L>=[16.9, 17.1, 12.6, 19.6, 20.1], C-C-Sep=0.08, ║∇J║=2.9e-03
Iteration 169/2000-----
currents: [100000.0, 99999.99999861413, 99999.99999845515, 99999.99999847249, 99999.99999849178]
J=1.5e-04, ⟨Jf⟩=1.4e-04, ⟨B·n⟩=3.7e-03, Len=sum([2.4, 2.4, 2.4, 2.5, 2.6])=12.4, ϰ=[9.0, 10.3, 7.1, 9.9, 11.8], ∫ϰ²/L>=[17.0, 17.0, 12.6, 19.4, 20.1], C-C-Sep=0.08, ║∇J║=3.9e-03
Iteration 170/2000-----
currents: [100000.0, 99999.99999861208, 99999.99999845313, 99999.99999847052, 99999.99999848985]
J=1.5e-04, ⟨Jf⟩=1.4e-04, ⟨B·n⟩=3.7e-03, Len=sum([2.4, 2.4, 2.4, 2.5, 2.6])=12.4, ϰ=[9.0, 10.3, 7.2, 9.8, 11.8], ∫ϰ²/L>=[17.1, 17.1, 12.7, 19.4, 20.2], C-C-Sep=0.08, ║∇J║=3.0e-03
Iteration 171/2000-----
currents: [100000.0, 99999.99999861115, 99999.99999845211, 99999.99999846949, 99999.9999984888]
J=1.5e-04, ⟨Jf⟩=1.4e-04, ⟨B·n⟩=3.7e-03, Len=sum([2.4, 2.4, 2.4, 2.5, 2.6])=12.4, ϰ=[9.1, 10.3, 7.2, 9.7, 11.8], ∫ϰ²/L>=[17.2, 17.1, 12.7, 19.4, 20.2], C-C-Sep=0.08, ║∇J║=2.3e-03
Iteration 172/2000-----
currents: [100000.0, 99999.99999860988, 99999.99999845093, 99999.99999846841, 99999.99999848778]
J=1.5e-04, ⟨Jf⟩=1.4e-04, ⟨B·n⟩=3.7e-03, Len=sum([2.4, 2.4, 2.4, 2.5, 2.6])=12.4, ϰ=[9.2, 10.4, 7.2, 9.6, 11.8], ∫ϰ²/L>=[17.2, 17.1, 12.7, 19.4, 20.2], C-C-Sep=0.08, ║∇J║=2.6e-03
Iteration 173/2000-----
currents: [100000.0, 99999.99999860747, 99999.9999984483, 99999.99999846569, 99999.99999848503]
J=1.5e-04, ⟨Jf⟩=1.4e-04, ⟨B·n⟩=3.7e-03, Len=sum([2.4, 2.4, 2.4, 2.5, 2.6])=12.4, ϰ=[9.3, 10.5, 7.3, 9.5, 11.9], ∫ϰ²/L>=[17.2, 17.2, 12.8, 19.5, 20.4], C-C-Sep=0.08, ║∇J║=3.4e-03
Iteration 174/2000-----
currents: [100000.0, 99999.99999860665, 99999.99999844753, 99999.99999846496, 99999.99999848443]
J=1.5e-04, ⟨Jf⟩=1.4e-04, ⟨B·n⟩=3.7e-03, Len=sum([2.4, 2.4, 2.4, 2.5, 2.6])=12.4, ϰ=[9.4, 10.4, 7.2, 9.4, 11.9], ∫ϰ²/L>=[17.2, 17.1, 12.8, 19.4, 20.4], C-C-Sep=0.08, ║∇J║=2.5e-03
Iteration 175/2000-----
currents: [100000.0, 99999.99999860376, 99999.99999844455, 99999.99999846194, 99999.99999848142]
J=1.5e-04, ⟨Jf⟩=1.3e-04, ⟨B·n⟩=3.7e-03, Len=sum([2.4, 2.4, 2.4, 2.5, 2.6])=12.4, ϰ=[9.5, 10.3, 7.3, 9.6, 11.9], ∫ϰ²/L>=[17.3, 17.2, 12.9, 19.6, 20.6], C-C-Sep=0.08, ║∇J║=3.3e-03
Iteration 176/2000-----
currents: [100000.0, 99999.99999860395, 99999.99999844478, 99999.9999984621, 99999.99999848176]
J=1.5e-04, ⟨Jf⟩=1.3e-04, ⟨B·n⟩=3.7e-03, Len=sum([2.4, 2.4, 2.4, 2.5, 2.6])=12.3, ϰ=[9.5, 10.2, 7.2, 9.4, 11.8], ∫ϰ²/L>=[17.2, 17.0, 12.8, 19.3, 20.5], C-C-Sep=0.08, ║∇J║=3.0e-03
Iteration 177/2000-----
currents: [100000.0, 99999.99999860287, 99999.99999844376, 99999.99999846108, 99999.99999848081]
J=1.5e-04, ⟨Jf⟩=1.3e-04, ⟨B·n⟩=3.7e-03, Len=sum([2.4, 2.4, 2.4, 2.5, 2.6])=12.3, ϰ=[9.5, 10.2, 7.3, 9.4, 11.8], ∫ϰ²/L>=[17.3, 17.0, 12.8, 19.3, 20.5], C-C-Sep=0.08, ║∇J║=2.5e-03
Iteration 178/2000-----
currents: [100000.0, 99999.99999860054, 99999.99999844108, 99999.99999845814, 99999.99999847788]
J=1.5e-04, ⟨Jf⟩=1.3e-04, ⟨B·n⟩=3.7e-03, Len=sum([2.4, 2.4, 2.4, 2.5, 2.6])=12.4, ϰ=[9.4, 10.0, 7.5, 9.4, 11.7], ∫ϰ²/L>=[17.4, 17.1, 13.0, 19.3, 20.6], C-C-Sep=0.08, ║∇J║=2.4e-03
Iteration 179/2000-----
currents: [100000.0, 99999.99999859772, 99999.99999843838, 99999.99999845542, 99999.99999847537]
J=1.5e-04, ⟨Jf⟩=1.3e-04, ⟨B·n⟩=3.6e-03, Len=sum([2.4, 2.4, 2.4, 2.5, 2.6])=12.4, ϰ=[9.4, 9.9, 7.7, 9.4, 11.7], ∫ϰ²/L>=[17.6, 17.2, 13.1, 19.3, 20.7], C-C-Sep=0.08, ║∇J║=3.3e-03
Iteration 180/2000-----
currents: [100000.0, 99999.99999859554, 99999.99999843595, 99999.99999845274, 99999.99999847282]
J=1.4e-04, ⟨Jf⟩=1.3e-04, ⟨B·n⟩=3.7e-03, Len=sum([2.4, 2.4, 2.4, 2.5, 2.6])=12.3, ϰ=[9.4, 9.8, 7.8, 9.2, 11.6], ∫ϰ²/L>=[17.6, 17.3, 13.1, 19.2, 20.8], C-C-Sep=0.08, ║∇J║=2.8e-03
Iteration 181/2000-----
currents: [100000.0, 99999.99999859475, 99999.99999843487, 99999.99999845141, 99999.99999847158]
J=1.4e-04, ⟨Jf⟩=1.3e-04, ⟨B·n⟩=3.7e-03, Len=sum([2.4, 2.4, 2.4, 2.5, 2.6])=12.3, ϰ=[9.5, 9.7, 7.7, 9.1, 11.6], ∫ϰ²/L>=[17.6, 17.3, 13.1, 19.0, 20.8], C-C-Sep=0.08, ║∇J║=2.4e-03
Iteration 182/2000-----
currents: [100000.0, 99999.99999859247, 99999.99999843251, 99999.9999984489, 99999.99999846921]
J=1.4e-04, ⟨Jf⟩=1.3e-04, ⟨B·n⟩=3.6e-03, Len=sum([2.4, 2.4, 2.4, 2.5, 2.6])=12.3, ϰ=[9.7, 9.8, 7.6, 9.2, 11.5], ∫ϰ²/L>=[17.7, 17.4, 13.1, 19.0, 20.9], C-C-Sep=0.08, ║∇J║=2.9e-03
Iteration 183/2000-----
currents: [100000.0, 99999.99999859162, 99999.9999984318, 99999.99999844815, 99999.9999984686]
J=1.4e-04, ⟨Jf⟩=1.3e-04, ⟨B·n⟩=3.6e-03, Len=sum([2.4, 2.4, 2.4, 2.5, 2.6])=12.3, ϰ=[9.8, 9.8, 7.5, 9.1, 11.5], ∫ϰ²/L>=[17.7, 17.3, 13.0, 18.9, 20.8], C-C-Sep=0.08, ║∇J║=2.5e-03
Iteration 184/2000-----
currents: [100000.0, 99999.99999859047, 99999.99999843053, 99999.99999844673, 99999.99999846722]
J=1.4e-04, ⟨Jf⟩=1.3e-04, ⟨B·n⟩=3.7e-03, Len=sum([2.4, 2.4, 2.4, 2.5, 2.6])=12.3, ϰ=[9.9, 9.9, 7.6, 9.2, 11.5], ∫ϰ²/L>=[17.7, 17.4, 13.0, 18.8, 20.7], C-C-Sep=0.08, ║∇J║=2.2e-03
Iteration 185/2000-----
currents: [100000.0, 99999.9999985888, 99999.99999842902, 99999.99999844508, 99999.99999846578]
J=1.4e-04, ⟨Jf⟩=1.3e-04, ⟨B·n⟩=3.7e-03, Len=sum([2.4, 2.4, 2.4, 2.5, 2.6])=12.3, ϰ=[9.8, 10.0, 7.7, 9.2, 11.3], ∫ϰ²/L>=[17.6, 17.3, 12.9, 18.8, 20.6], C-C-Sep=0.08, ║∇J║=2.5e-03
Iteration 186/2000-----
currents: [100000.0, 99999.99999858566, 99999.9999984258, 99999.99999844164, 99999.99999846247]
J=1.4e-04, ⟨Jf⟩=1.3e-04, ⟨B·n⟩=3.6e-03, Len=sum([2.4, 2.4, 2.4, 2.5, 2.6])=12.3, ϰ=[9.9, 10.1, 8.0, 9.5, 11.3], ∫ϰ²/L>=[17.6, 17.6, 13.1, 19.0, 20.7], C-C-Sep=0.08, ║∇J║=3.2e-03
Iteration 187/2000-----
currents: [100000.0, 99999.99999858605, 99999.9999984262, 99999.99999844198, 99999.99999846288]
J=1.4e-04, ⟨Jf⟩=1.3e-04, ⟨B·n⟩=3.6e-03, Len=sum([2.4, 2.4, 2.4, 2.5, 2.6])=12.3, ϰ=[9.7, 10.0, 8.0, 9.3, 11.3], ∫ϰ²/L>=[17.5, 17.4, 13.0, 18.9, 20.6], C-C-Sep=0.08, ║∇J║=2.2e-03
Iteration 188/2000-----
currents: [100000.0, 99999.99999858422, 99999.99999842422, 99999.99999843977, 99999.99999846079]
J=1.4e-04, ⟨Jf⟩=1.3e-04, ⟨B·n⟩=3.6e-03, Len=sum([2.4, 2.4, 2.4, 2.5, 2.6])=12.3, ϰ=[9.6, 9.9, 8.1, 9.3, 11.2], ∫ϰ²/L>=[17.5, 17.5, 13.1, 18.9, 20.6], C-C-Sep=0.08, ║∇J║=2.3e-03
Iteration 189/2000-----
currents: [100000.0, 99999.99999858347, 99999.99999842359, 99999.99999843906, 99999.9999984602]
J=1.4e-04, ⟨Jf⟩=1.3e-04, ⟨B·n⟩=3.6e-03, Len=sum([2.4, 2.4, 2.4, 2.5, 2.6])=12.3, ϰ=[9.5, 9.9, 8.2, 9.2, 11.2], ∫ϰ²/L>=[17.4, 17.4, 13.1, 18.9, 20.5], C-C-Sep=0.08, ║∇J║=2.2e-03
Iteration 190/2000-----
currents: [100000.0, 99999.99999858013, 99999.9999984202, 99999.99999843528, 99999.99999845667]
J=1.4e-04, ⟨Jf⟩=1.3e-04, ⟨B·n⟩=3.6e-03, Len=sum([2.3, 2.4, 2.4, 2.5, 2.6])=12.3, ϰ=[9.3, 9.9, 8.4, 9.3, 11.1], ∫ϰ²/L>=[17.4, 17.4, 13.3, 19.0, 20.4], C-C-Sep=0.08, ║∇J║=2.5e-03
Iteration 191/2000-----
currents: [100000.0, 99999.99999857755, 99999.99999841771, 99999.99999843244, 99999.99999845403]
J=1.4e-04, ⟨Jf⟩=1.3e-04, ⟨B·n⟩=3.6e-03, Len=sum([2.3, 2.4, 2.4, 2.5, 2.6])=12.3, ϰ=[9.1, 10.0, 8.7, 9.3, 11.0], ∫ϰ²/L>=[17.4, 17.4, 13.4, 19.0, 20.3], C-C-Sep=0.08, ║∇J║=3.0e-03
Iteration 192/2000-----
currents: [100000.0, 99999.99999857754, 99999.99999841765, 99999.9999984323, 99999.99999845383]
J=1.4e-04, ⟨Jf⟩=1.3e-04, ⟨B·n⟩=3.6e-03, Len=sum([2.3, 2.4, 2.4, 2.5, 2.6])=12.3, ϰ=[9.1, 10.1, 8.6, 9.3, 11.0], ∫ϰ²/L>=[17.3, 17.3, 13.3, 18.9, 20.3], C-C-Sep=0.08, ║∇J║=1.9e-03
Iteration 193/2000-----
currents: [100000.0, 99999.99999857688, 99999.99999841682, 99999.99999843125, 99999.99999845274]
J=1.4e-04, ⟨Jf⟩=1.3e-04, ⟨B·n⟩=3.6e-03, Len=sum([2.3, 2.4, 2.4, 2.5, 2.6])=12.3, ϰ=[9.2, 10.2, 8.5, 9.3, 11.0], ∫ϰ²/L>=[17.3, 17.3, 13.3, 18.9, 20.2], C-C-Sep=0.08, ║∇J║=1.7e-03
Iteration 194/2000-----
currents: [100000.0, 99999.999998576, 99999.9999984158, 99999.99999842994, 99999.99999845137]
J=1.4e-04, ⟨Jf⟩=1.3e-04, ⟨B·n⟩=3.6e-03, Len=sum([2.3, 2.4, 2.4, 2.5, 2.6])=12.3, ϰ=[9.3, 10.2, 8.4, 9.2, 11.0], ∫ϰ²/L>=[17.3, 17.3, 13.2, 18.9, 20.2], C-C-Sep=0.08, ║∇J║=2.1e-03
Iteration 195/2000-----
currents: [100000.0, 99999.99999857355, 99999.99999841324, 99999.99999842692, 99999.9999984484]
J=1.4e-04, ⟨Jf⟩=1.3e-04, ⟨B·n⟩=3.6e-03, Len=sum([2.3, 2.4, 2.4, 2.5, 2.6])=12.3, ϰ=[9.3, 10.2, 8.5, 9.1, 10.9], ∫ϰ²/L>=[17.3, 17.3, 13.2, 18.9, 20.1], C-C-Sep=0.08, ║∇J║=2.3e-03
Iteration 196/2000-----
currents: [100000.0, 99999.99999857288, 99999.99999841272, 99999.99999842624, 99999.99999844775]
J=1.4e-04, ⟨Jf⟩=1.3e-04, ⟨B·n⟩=3.6e-03, Len=sum([2.3, 2.4, 2.4, 2.5, 2.6])=12.3, ϰ=[9.3, 10.1, 8.4, 9.0, 10.9], ∫ϰ²/L>=[17.2, 17.3, 13.1, 18.9, 20.0], C-C-Sep=0.08, ║∇J║=2.1e-03
Iteration 197/2000-----
currents: [100000.0, 99999.99999856902, 99999.99999840902, 99999.99999842203, 99999.99999844372]
J=1.4e-04, ⟨Jf⟩=1.3e-04, ⟨B·n⟩=3.6e-03, Len=sum([2.3, 2.4, 2.4, 2.5, 2.6])=12.3, ϰ=[9.2, 10.0, 8.6, 9.2, 10.8], ∫ϰ²/L>=[17.2, 17.5, 13.2, 19.0, 20.0], C-C-Sep=0.08, ║∇J║=2.7e-03
Iteration 198/2000-----
currents: [100000.0, 99999.99999856846, 99999.99999840857, 99999.99999842132, 99999.99999844295]
J=1.4e-04, ⟨Jf⟩=1.3e-04, ⟨B·n⟩=3.6e-03, Len=sum([2.3, 2.4, 2.4, 2.5, 2.6])=12.3, ϰ=[9.1, 10.0, 8.6, 8.9, 10.8], ∫ϰ²/L>=[17.1, 17.5, 13.1, 18.9, 19.9], C-C-Sep=0.08, ║∇J║=2.8e-03
Iteration 199/2000-----
currents: [100000.0, 99999.99999856678, 99999.99999840694, 99999.9999984194, 99999.99999844102]
J=1.4e-04, ⟨Jf⟩=1.3e-04, ⟨B·n⟩=3.6e-03, Len=sum([2.3, 2.4, 2.4, 2.5, 2.6])=12.3, ϰ=[9.1, 9.9, 8.7, 9.1, 10.7], ∫ϰ²/L>=[17.1, 17.5, 13.1, 19.0, 19.9], C-C-Sep=0.08, ║∇J║=1.9e-03
Iteration 200/2000-----
currents: [100000.0, 99999.99999856528, 99999.99999840528, 99999.9999984173, 99999.99999843884]
J=1.4e-04, ⟨Jf⟩=1.3e-04, ⟨B·n⟩=3.6e-03, Len=sum([2.3, 2.4, 2.4, 2.5, 2.6])=12.3, ϰ=[9.2, 9.8, 8.7, 9.1, 10.7], ∫ϰ²/L>=[17.1, 17.5, 13.1, 19.1, 19.9], C-C-Sep=0.08, ║∇J║=1.6e-03
Iteration 201/2000-----
currents: [100000.0, 99999.99999856301, 99999.99999840307, 99999.99999841476, 99999.99999843625]
J=1.4e-04, ⟨Jf⟩=1.3e-04, ⟨B·n⟩=3.6e-03, Len=sum([2.3, 2.4, 2.4, 2.5, 2.6])=12.3, ϰ=[9.2, 9.8, 8.7, 9.3, 10.7], ∫ϰ²/L>=[17.1, 17.6, 13.2, 19.2, 19.9], C-C-Sep=0.08, ║∇J║=2.0e-03
Iteration 202/2000-----
currents: [100000.0, 99999.99999856156, 99999.99999840153, 99999.99999841285, 99999.99999843423]
J=1.4e-04, ⟨Jf⟩=1.3e-04, ⟨B·n⟩=3.6e-03, Len=sum([2.3, 2.4, 2.4, 2.5, 2.6])=12.3, ϰ=[9.3, 9.7, 8.7, 9.3, 10.7], ∫ϰ²/L>=[17.2, 17.6, 13.2, 19.2, 19.9], C-C-Sep=0.08, ║∇J║=1.7e-03
Iteration 203/2000-----
currents: [100000.0, 99999.99999855949, 99999.99999839951, 99999.99999841038, 99999.99999843167]
J=1.4e-04, ⟨Jf⟩=1.3e-04, ⟨B·n⟩=3.6e-03, Len=sum([2.3, 2.4, 2.4, 2.5, 2.6])=12.3, ϰ=[9.4, 9.6, 8.6, 9.4, 10.7], ∫ϰ²/L>=[17.2, 17.7, 13.1, 19.2, 19.9], C-C-Sep=0.08, ║∇J║=2.0e-03
Iteration 204/2000-----
currents: [100000.0, 99999.99999855792, 99999.99999839798, 99999.9999984085, 99999.99999842973]
J=1.4e-04, ⟨Jf⟩=1.3e-04, ⟨B·n⟩=3.6e-03, Len=sum([2.3, 2.4, 2.4, 2.5, 2.6])=12.3, ϰ=[9.4, 9.5, 8.5, 9.3, 10.7], ∫ϰ²/L>=[17.2, 17.7, 13.1, 19.2, 19.9], C-C-Sep=0.08, ║∇J║=2.0e-03
Iteration 205/2000-----
currents: [100000.0, 99999.99999855601, 99999.999998396, 99999.9999984061, 99999.99999842724]
J=1.4e-04, ⟨Jf⟩=1.3e-04, ⟨B·n⟩=3.6e-03, Len=sum([2.3, 2.4, 2.4, 2.5, 2.6])=12.3, ϰ=[9.5, 9.5, 8.4, 9.4, 10.7], ∫ϰ²/L>=[17.1, 17.7, 13.1, 19.2, 19.9], C-C-Sep=0.08, ║∇J║=1.8e-03
Iteration 206/2000-----
currents: [100000.0, 99999.99999855335, 99999.99999839337, 99999.9999984029, 99999.99999842387]
J=1.4e-04, ⟨Jf⟩=1.3e-04, ⟨B·n⟩=3.6e-03, Len=sum([2.3, 2.4, 2.4, 2.5, 2.6])=12.3, ϰ=[9.6, 9.5, 8.4, 9.3, 10.6], ∫ϰ²/L>=[17.1, 17.7, 13.1, 19.2, 19.8], C-C-Sep=0.08, ║∇J║=2.2e-03
Iteration 207/2000-----
currents: [100000.0, 99999.99999855044, 99999.99999839035, 99999.99999839935, 99999.99999842017]
J=1.4e-04, ⟨Jf⟩=1.3e-04, ⟨B·n⟩=3.6e-03, Len=sum([2.3, 2.4, 2.4, 2.5, 2.6])=12.3, ϰ=[9.8, 9.5, 8.4, 9.4, 10.6], ∫ϰ²/L>=[17.1, 17.8, 13.1, 19.3, 19.9], C-C-Sep=0.08, ║∇J║=2.3e-03
Iteration 208/2000-----
currents: [100000.0, 99999.99999855038, 99999.99999839027, 99999.99999839922, 99999.99999841991]
J=1.4e-04, ⟨Jf⟩=1.3e-04, ⟨B·n⟩=3.6e-03, Len=sum([2.3, 2.4, 2.4, 2.5, 2.6])=12.3, ϰ=[9.8, 9.5, 8.4, 9.3, 10.6], ∫ϰ²/L>=[17.1, 17.7, 13.1, 19.2, 19.8], C-C-Sep=0.08, ║∇J║=1.6e-03
Iteration 209/2000-----
currents: [100000.0, 99999.99999854901, 99999.99999838894, 99999.99999839766, 99999.99999841818]
J=1.4e-04, ⟨Jf⟩=1.3e-04, ⟨B·n⟩=3.6e-03, Len=sum([2.3, 2.4, 2.4, 2.5, 2.6])=12.3, ϰ=[9.9, 9.4, 8.5, 9.2, 10.6], ∫ϰ²/L>=[17.0, 17.6, 13.1, 19.2, 19.8], C-C-Sep=0.08, ║∇J║=1.5e-03
Iteration 210/2000-----
currents: [100000.0, 99999.99999854727, 99999.99999838721, 99999.99999839561, 99999.99999841594]
J=1.4e-04, ⟨Jf⟩=1.3e-04, ⟨B·n⟩=3.6e-03, Len=sum([2.3, 2.4, 2.4, 2.5, 2.6])=12.3, ϰ=[10.0, 9.4, 8.4, 9.3, 10.6], ∫ϰ²/L>=[17.0, 17.5, 13.0, 19.1, 19.8], C-C-Sep=0.08, ║∇J║=1.8e-03
Iteration 211/2000-----
currents: [100000.0, 99999.99999854437, 99999.99999838432, 99999.99999839219, 99999.99999841236]
J=1.4e-04, ⟨Jf⟩=1.2e-04, ⟨B·n⟩=3.5e-03, Len=sum([2.3, 2.4, 2.4, 2.5, 2.6])=12.3, ϰ=[10.1, 9.3, 8.5, 9.3, 10.6], ∫ϰ²/L>=[17.1, 17.6, 13.0, 19.2, 19.9], C-C-Sep=0.08, ║∇J║=1.6e-03
Iteration 212/2000-----
currents: [100000.0, 99999.99999854215, 99999.99999838212, 99999.99999838963, 99999.99999840972]
J=1.4e-04, ⟨Jf⟩=1.2e-04, ⟨B·n⟩=3.5e-03, Len=sum([2.3, 2.4, 2.4, 2.5, 2.6])=12.3, ϰ=[10.2, 9.3, 8.5, 9.4, 10.5], ∫ϰ²/L>=[17.1, 17.6, 13.0, 19.2, 19.9], C-C-Sep=0.08, ║∇J║=1.4e-03
Iteration 213/2000-----
currents: [100000.0, 99999.9999985403, 99999.99999838023, 99999.99999838734, 99999.99999840744]
J=1.4e-04, ⟨Jf⟩=1.2e-04, ⟨B·n⟩=3.5e-03, Len=sum([2.3, 2.4, 2.4, 2.5, 2.6])=12.3, ϰ=[10.2, 9.3, 8.6, 9.4, 10.5], ∫ϰ²/L>=[17.2, 17.7, 13.0, 19.2, 19.9], C-C-Sep=0.08, ║∇J║=1.5e-03
Iteration 214/2000-----
currents: [100000.0, 99999.99999853843, 99999.99999837825, 99999.99999838496, 99999.99999840505]
J=1.4e-04, ⟨Jf⟩=1.2e-04, ⟨B·n⟩=3.5e-03, Len=sum([2.3, 2.4, 2.4, 2.5, 2.6])=12.3, ϰ=[10.2, 9.3, 8.6, 9.4, 10.4], ∫ϰ²/L>=[17.2, 17.7, 13.0, 19.2, 19.9], C-C-Sep=0.08, ║∇J║=1.7e-03
Iteration 215/2000-----
currents: [100000.0, 99999.99999853673, 99999.99999837647, 99999.99999838279, 99999.99999840287]
J=1.3e-04, ⟨Jf⟩=1.2e-04, ⟨B·n⟩=3.5e-03, Len=sum([2.3, 2.4, 2.4, 2.5, 2.6])=12.3, ϰ=[10.1, 9.4, 8.6, 9.4, 10.4], ∫ϰ²/L>=[17.1, 17.7, 13.1, 19.2, 19.9], C-C-Sep=0.08, ║∇J║=1.6e-03
Iteration 216/2000-----
currents: [100000.0, 99999.99999853487, 99999.99999837452, 99999.99999838044, 99999.99999840045]
J=1.3e-04, ⟨Jf⟩=1.2e-04, ⟨B·n⟩=3.5e-03, Len=sum([2.3, 2.4, 2.4, 2.5, 2.7])=12.3, ϰ=[10.0, 9.4, 8.6, 9.4, 10.3], ∫ϰ²/L>=[17.1, 17.7, 13.1, 19.1, 19.9], C-C-Sep=0.08, ║∇J║=1.5e-03
Iteration 217/2000-----
currents: [100000.0, 99999.99999853359, 99999.99999837324, 99999.99999837893, 99999.99999839884]
J=1.3e-04, ⟨Jf⟩=1.2e-04, ⟨B·n⟩=3.5e-03, Len=sum([2.3, 2.4, 2.4, 2.5, 2.7])=12.3, ϰ=[10.0, 9.4, 8.6, 9.5, 10.3], ∫ϰ²/L>=[17.1, 17.7, 13.1, 19.0, 19.9], C-C-Sep=0.08, ║∇J║=1.5e-03
Iteration 218/2000-----
currents: [100000.0, 99999.9999985308, 99999.99999837037, 99999.99999837553, 99999.99999839536]
J=1.3e-04, ⟨Jf⟩=1.2e-04, ⟨B·n⟩=3.4e-03, Len=sum([2.3, 2.4, 2.4, 2.5, 2.7])=12.3, ϰ=[10.0, 9.5, 8.6, 9.5, 10.3], ∫ϰ²/L>=[17.1, 17.7, 13.1, 19.0, 20.0], C-C-Sep=0.08, ║∇J║=1.6e-03
Iteration 219/2000-----
currents: [100000.0, 99999.99999852816, 99999.99999836778, 99999.99999837244, 99999.9999983922]
J=1.3e-04, ⟨Jf⟩=1.2e-04, ⟨B·n⟩=3.4e-03, Len=sum([2.3, 2.4, 2.4, 2.5, 2.7])=12.3, ϰ=[10.0, 9.6, 8.5, 9.6, 10.2], ∫ϰ²/L>=[17.0, 17.7, 13.1, 18.9, 20.0], C-C-Sep=0.08, ║∇J║=1.9e-03
Iteration 220/2000-----
currents: [100000.0, 99999.99999852414, 99999.99999836367, 99999.99999836754, 99999.99999838733]
J=1.3e-04, ⟨Jf⟩=1.2e-04, ⟨B·n⟩=3.4e-03, Len=sum([2.3, 2.4, 2.4, 2.5, 2.7])=12.3, ϰ=[10.0, 9.6, 8.4, 9.8, 10.1], ∫ϰ²/L>=[17.1, 17.8, 13.2, 18.9, 20.0], C-C-Sep=0.08, ║∇J║=1.8e-03
Iteration 221/2000-----
currents: [100000.0, 99999.99999852284, 99999.99999836224, 99999.99999836575, 99999.99999838564]
J=1.3e-04, ⟨Jf⟩=1.2e-04, ⟨B·n⟩=3.4e-03, Len=sum([2.3, 2.4, 2.4, 2.5, 2.7])=12.3, ϰ=[9.9, 9.6, 8.3, 9.8, 10.0], ∫ϰ²/L>=[17.1, 17.8, 13.3, 18.8, 19.9], C-C-Sep=0.08, ║∇J║=1.5e-03
Iteration 222/2000-----
currents: [100000.0, 99999.9999985205, 99999.99999835988, 99999.9999983629, 99999.99999838292]
J=1.3e-04, ⟨Jf⟩=1.2e-04, ⟨B·n⟩=3.4e-03, Len=sum([2.3, 2.4, 2.4, 2.5, 2.7])=12.3, ϰ=[9.9, 9.6, 8.2, 9.8, 10.0], ∫ϰ²/L>=[17.2, 17.8, 13.3, 18.8, 19.9], C-C-Sep=0.08, ║∇J║=1.6e-03
Iteration 223/2000-----
currents: [100000.0, 99999.99999851944, 99999.99999835872, 99999.99999836144, 99999.9999983815]
J=1.3e-04, ⟨Jf⟩=1.2e-04, ⟨B·n⟩=3.4e-03, Len=sum([2.3, 2.4, 2.4, 2.5, 2.7])=12.3, ϰ=[9.8, 9.6, 8.2, 9.8, 10.0], ∫ϰ²/L>=[17.2, 17.7, 13.3, 18.7, 19.8], C-C-Sep=0.08, ║∇J║=1.7e-03
Iteration 224/2000-----
currents: [100000.0, 99999.9999985167, 99999.9999983559, 99999.99999835802, 99999.99999837812]
J=1.3e-04, ⟨Jf⟩=1.2e-04, ⟨B·n⟩=3.4e-03, Len=sum([2.3, 2.4, 2.4, 2.5, 2.7])=12.3, ϰ=[9.7, 9.6, 8.1, 9.8, 10.0], ∫ϰ²/L>=[17.2, 17.7, 13.3, 18.7, 19.8], C-C-Sep=0.08, ║∇J║=1.6e-03
Iteration 225/2000-----
currents: [100000.0, 99999.99999851405, 99999.99999835329, 99999.99999835489, 99999.99999837507]
J=1.3e-04, ⟨Jf⟩=1.2e-04, ⟨B·n⟩=3.4e-03, Len=sum([2.3, 2.4, 2.4, 2.5, 2.7])=12.3, ϰ=[9.7, 9.6, 8.1, 9.8, 10.0], ∫ϰ²/L>=[17.1, 17.6, 13.3, 18.6, 19.8], C-C-Sep=0.08, ║∇J║=2.1e-03
Iteration 226/2000-----
currents: [100000.0, 99999.9999985104, 99999.99999834971, 99999.99999835066, 99999.99999837091]
J=1.3e-04, ⟨Jf⟩=1.2e-04, ⟨B·n⟩=3.5e-03, Len=sum([2.3, 2.4, 2.4, 2.5, 2.7])=12.3, ϰ=[9.7, 9.5, 8.1, 9.9, 9.9], ∫ϰ²/L>=[17.2, 17.6, 13.4, 18.6, 19.9], C-C-Sep=0.08, ║∇J║=1.6e-03
Iteration 227/2000-----
currents: [100000.0, 99999.9999985086, 99999.99999834785, 99999.99999834836, 99999.99999836869]
J=1.3e-04, ⟨Jf⟩=1.2e-04, ⟨B·n⟩=3.4e-03, Len=sum([2.3, 2.4, 2.4, 2.5, 2.7])=12.3, ϰ=[9.8, 9.6, 8.0, 9.9, 9.9], ∫ϰ²/L>=[17.1, 17.6, 13.3, 18.5, 19.8], C-C-Sep=0.08, ║∇J║=1.6e-03
Iteration 228/2000-----
currents: [100000.0, 99999.99999850488, 99999.99999834422, 99999.99999834408, 99999.99999836455]
J=1.3e-04, ⟨Jf⟩=1.2e-04, ⟨B·n⟩=3.4e-03, Len=sum([2.3, 2.4, 2.4, 2.5, 2.7])=12.3, ϰ=[9.8, 9.6, 7.9, 9.8, 9.8], ∫ϰ²/L>=[17.1, 17.5, 13.4, 18.4, 19.8], C-C-Sep=0.08, ║∇J║=1.9e-03
Iteration 229/2000-----
currents: [100000.0, 99999.99999850409, 99999.99999834341, 99999.99999834308, 99999.99999836367]
J=1.3e-04, ⟨Jf⟩=1.2e-04, ⟨B·n⟩=3.4e-03, Len=sum([2.3, 2.4, 2.4, 2.5, 2.7])=12.3, ϰ=[9.8, 9.6, 7.9, 9.7, 9.7], ∫ϰ²/L>=[17.1, 17.4, 13.3, 18.4, 19.8], C-C-Sep=0.08, ║∇J║=2.0e-03
Iteration 230/2000-----
currents: [100000.0, 99999.99999850271, 99999.99999834195, 99999.99999834131, 99999.99999836196]
J=1.3e-04, ⟨Jf⟩=1.2e-04, ⟨B·n⟩=3.4e-03, Len=sum([2.3, 2.4, 2.4, 2.5, 2.7])=12.3, ϰ=[9.8, 9.6, 7.9, 9.6, 9.7], ∫ϰ²/L>=[17.0, 17.4, 13.3, 18.4, 19.8], C-C-Sep=0.08, ║∇J║=1.4e-03
Iteration 231/2000-----
currents: [100000.0, 99999.99999850063, 99999.99999834, 99999.9999983391, 99999.99999835981]
J=1.3e-04, ⟨Jf⟩=1.2e-04, ⟨B·n⟩=3.4e-03, Len=sum([2.3, 2.4, 2.4, 2.5, 2.7])=12.3, ϰ=[9.7, 9.6, 7.8, 9.5, 9.7], ∫ϰ²/L>=[16.9, 17.3, 13.3, 18.4, 19.8], C-C-Sep=0.08, ║∇J║=1.3e-03
Iteration 232/2000-----
currents: [100000.0, 99999.9999984989, 99999.99999833832, 99999.99999833715, 99999.9999983579]
J=1.3e-04, ⟨Jf⟩=1.2e-04, ⟨B·n⟩=3.4e-03, Len=sum([2.3, 2.4, 2.4, 2.5, 2.7])=12.3, ϰ=[9.8, 9.5, 7.9, 9.5, 9.7], ∫ϰ²/L>=[16.9, 17.3, 13.3, 18.4, 19.8], C-C-Sep=0.08, ║∇J║=1.5e-03
Iteration 233/2000-----
currents: [100000.0, 99999.99999849711, 99999.99999833659, 99999.99999833516, 99999.99999835594]
J=1.3e-04, ⟨Jf⟩=1.2e-04, ⟨B·n⟩=3.4e-03, Len=sum([2.3, 2.4, 2.4, 2.5, 2.7])=12.3, ϰ=[9.8, 9.5, 7.9, 9.5, 9.7], ∫ϰ²/L>=[16.9, 17.2, 13.3, 18.4, 19.8], C-C-Sep=0.08, ║∇J║=1.2e-03
Iteration 234/2000-----
currents: [100000.0, 99999.9999984936, 99999.99999833315, 99999.99999833117, 99999.99999835205]
J=1.3e-04, ⟨Jf⟩=1.2e-04, ⟨B·n⟩=3.4e-03, Len=sum([2.3, 2.4, 2.4, 2.5, 2.7])=12.3, ϰ=[9.8, 9.5, 7.9, 9.5, 9.7], ∫ϰ²/L>=[16.9, 17.2, 13.2, 18.4, 19.8], C-C-Sep=0.08, ║∇J║=1.8e-03
Iteration 235/2000-----
currents: [100000.0, 99999.99999849152, 99999.99999833107, 99999.99999832873, 99999.99999834971]
J=1.3e-04, ⟨Jf⟩=1.2e-04, ⟨B·n⟩=3.4e-03, Len=sum([2.3, 2.4, 2.4, 2.5, 2.6])=12.3, ϰ=[9.8, 9.6, 8.0, 9.5, 9.6], ∫ϰ²/L>=[16.8, 17.2, 13.2, 18.3, 19.8], C-C-Sep=0.08, ║∇J║=1.4e-03
Iteration 236/2000-----
currents: [100000.0, 99999.9999984908, 99999.9999983302, 99999.99999832762, 99999.99999834863]
J=1.3e-04, ⟨Jf⟩=1.2e-04, ⟨B·n⟩=3.4e-03, Len=sum([2.3, 2.4, 2.4, 2.5, 2.6])=12.3, ϰ=[9.8, 9.6, 8.0, 9.5, 9.7], ∫ϰ²/L>=[16.8, 17.1, 13.2, 18.3, 19.8], C-C-Sep=0.08, ║∇J║=1.1e-03
Iteration 237/2000-----
currents: [100000.0, 99999.99999848829, 99999.99999832736, 99999.99999832414, 99999.99999834526]
J=1.3e-04, ⟨Jf⟩=1.2e-04, ⟨B·n⟩=3.5e-03, Len=sum([2.3, 2.4, 2.4, 2.5, 2.7])=12.3, ϰ=[9.8, 9.6, 8.0, 9.4, 9.7], ∫ϰ²/L>=[16.8, 17.1, 13.2, 18.3, 19.8], C-C-Sep=0.08, ║∇J║=1.3e-03
Iteration 238/2000-----
currents: [100000.0, 99999.99999848589, 99999.99999832467, 99999.99999832088, 99999.99999834204]
J=1.3e-04, ⟨Jf⟩=1.2e-04, ⟨B·n⟩=3.5e-03, Len=sum([2.3, 2.4, 2.4, 2.5, 2.7])=12.3, ϰ=[9.8, 9.5, 8.0, 9.4, 9.7], ∫ϰ²/L>=[16.7, 17.2, 13.2, 18.3, 19.8], C-C-Sep=0.08, ║∇J║=1.8e-03
Iteration 239/2000-----
currents: [100000.0, 99999.99999848404, 99999.99999832278, 99999.99999831864, 99999.9999983398]
J=1.3e-04, ⟨Jf⟩=1.2e-04, ⟨B·n⟩=3.5e-03, Len=sum([2.3, 2.4, 2.4, 2.5, 2.7])=12.3, ϰ=[9.8, 9.4, 7.9, 9.3, 9.8], ∫ϰ²/L>=[16.7, 17.2, 13.2, 18.3, 19.8], C-C-Sep=0.08, ║∇J║=1.4e-03
Iteration 240/2000-----
currents: [100000.0, 99999.99999847997, 99999.99999831863, 99999.99999831375, 99999.9999983349]
J=1.3e-04, ⟨Jf⟩=1.2e-04, ⟨B·n⟩=3.5e-03, Len=sum([2.3, 2.4, 2.4, 2.6, 2.7])=12.3, ϰ=[9.9, 9.3, 7.8, 9.2, 9.8], ∫ϰ²/L>=[16.6, 17.2, 13.2, 18.3, 19.8], C-C-Sep=0.08, ║∇J║=1.5e-03
Iteration 241/2000-----
currents: [100000.0, 99999.99999847908, 99999.99999831773, 99999.9999983127, 99999.99999833378]
J=1.3e-04, ⟨Jf⟩=1.2e-04, ⟨B·n⟩=3.5e-03, Len=sum([2.3, 2.4, 2.4, 2.6, 2.7])=12.3, ϰ=[10.0, 9.2, 7.6, 9.1, 9.7], ∫ϰ²/L>=[16.6, 17.2, 13.1, 18.3, 19.8], C-C-Sep=0.08, ║∇J║=1.5e-03
Iteration 242/2000-----
currents: [100000.0, 99999.99999847815, 99999.9999983167, 99999.99999831148, 99999.9999983325]
J=1.3e-04, ⟨Jf⟩=1.2e-04, ⟨B·n⟩=3.4e-03, Len=sum([2.3, 2.4, 2.4, 2.6, 2.7])=12.3, ϰ=[10.0, 9.3, 7.6, 9.2, 9.7], ∫ϰ²/L>=[16.6, 17.2, 13.1, 18.3, 19.8], C-C-Sep=0.08, ║∇J║=1.1e-03
Iteration 243/2000-----
currents: [100000.0, 99999.99999847656, 99999.99999831492, 99999.99999830933, 99999.99999833027]
J=1.3e-04, ⟨Jf⟩=1.2e-04, ⟨B·n⟩=3.4e-03, Len=sum([2.3, 2.4, 2.4, 2.6, 2.7])=12.3, ϰ=[9.9, 9.4, 7.5, 9.2, 9.7], ∫ϰ²/L>=[16.7, 17.2, 13.0, 18.3, 19.7], C-C-Sep=0.08, ║∇J║=1.1e-03
Iteration 244/2000-----
currents: [100000.0, 99999.99999847387, 99999.99999831204, 99999.9999983059, 99999.99999832676]
J=1.3e-04, ⟨Jf⟩=1.2e-04, ⟨B·n⟩=3.4e-03, Len=sum([2.3, 2.4, 2.4, 2.6, 2.7])=12.3, ϰ=[9.9, 9.4, 7.4, 9.2, 9.6], ∫ϰ²/L>=[16.7, 17.2, 13.0, 18.4, 19.7], C-C-Sep=0.08, ║∇J║=1.4e-03
Iteration 245/2000-----
currents: [100000.0, 99999.99999847295, 99999.99999831108, 99999.99999830486, 99999.99999832571]
J=1.3e-04, ⟨Jf⟩=1.2e-04, ⟨B·n⟩=3.4e-03, Len=sum([2.3, 2.4, 2.4, 2.6, 2.7])=12.3, ϰ=[9.9, 9.4, 7.3, 9.2, 9.6], ∫ϰ²/L>=[16.7, 17.2, 13.0, 18.4, 19.7], C-C-Sep=0.08, ║∇J║=1.3e-03
Iteration 246/2000-----
currents: [100000.0, 99999.9999984664, 99999.99999830443, 99999.9999982972, 99999.99999831805]
J=1.3e-04, ⟨Jf⟩=1.2e-04, ⟨B·n⟩=3.4e-03, Len=sum([2.3, 2.4, 2.4, 2.6, 2.7])=12.3, ϰ=[10.0, 9.4, 7.1, 9.3, 9.5], ∫ϰ²/L>=[16.8, 17.2, 13.0, 18.4, 19.7], C-C-Sep=0.08, ║∇J║=1.8e-03
Iteration 247/2000-----
currents: [100000.0, 99999.999998467, 99999.99999830514, 99999.99999829831, 99999.99999831925]
J=1.3e-04, ⟨Jf⟩=1.2e-04, ⟨B·n⟩=3.5e-03, Len=sum([2.3, 2.4, 2.4, 2.6, 2.6])=12.3, ϰ=[10.1, 9.4, 7.2, 9.1, 9.5], ∫ϰ²/L>=[16.8, 17.2, 13.0, 18.3, 19.6], C-C-Sep=0.08, ║∇J║=1.7e-03
Iteration 248/2000-----
currents: [100000.0, 99999.99999846597, 99999.99999830425, 99999.99999829738, 99999.99999831835]
J=1.3e-04, ⟨Jf⟩=1.2e-04, ⟨B·n⟩=3.5e-03, Len=sum([2.3, 2.4, 2.4, 2.6, 2.6])=12.3, ϰ=[10.1, 9.4, 7.2, 9.1, 9.5], ∫ϰ²/L>=[16.8, 17.2, 13.0, 18.3, 19.6], C-C-Sep=0.08, ║∇J║=1.2e-03
Iteration 249/2000-----
currents: [100000.0, 99999.99999846291, 99999.99999830138, 99999.99999829424, 99999.99999831531]
J=1.3e-04, ⟨Jf⟩=1.2e-04, ⟨B·n⟩=3.5e-03, Len=sum([2.3, 2.4, 2.4, 2.6, 2.6])=12.3, ϰ=[10.2, 9.4, 7.3, 9.2, 9.4], ∫ϰ²/L>=[16.8, 17.2, 13.0, 18.3, 19.6], C-C-Sep=0.08, ║∇J║=1.0e-03
Iteration 250/2000-----
currents: [100000.0, 99999.9999984604, 99999.99999829897, 99999.9999982916, 99999.99999831268]
J=1.3e-04, ⟨Jf⟩=1.2e-04, ⟨B·n⟩=3.4e-03, Len=sum([2.3, 2.4, 2.4, 2.6, 2.6])=12.3, ϰ=[10.3, 9.4, 7.4, 9.2, 9.4], ∫ϰ²/L>=[16.9, 17.2, 13.1, 18.3, 19.6], C-C-Sep=0.08, ║∇J║=1.4e-03
Iteration 251/2000-----
currents: [100000.0, 99999.99999845705, 99999.99999829564, 99999.99999828791, 99999.99999830901]
J=1.3e-04, ⟨Jf⟩=1.2e-04, ⟨B·n⟩=3.4e-03, Len=sum([2.3, 2.4, 2.4, 2.6, 2.6])=12.3, ϰ=[10.3, 9.5, 7.5, 9.2, 9.4], ∫ϰ²/L>=[17.0, 17.2, 13.1, 18.3, 19.5], C-C-Sep=0.08, ║∇J║=1.2e-03
Iteration 252/2000-----
currents: [100000.0, 99999.99999845444, 99999.99999829294, 99999.9999982849, 99999.99999830595]
J=1.3e-04, ⟨Jf⟩=1.2e-04, ⟨B·n⟩=3.4e-03, Len=sum([2.3, 2.4, 2.4, 2.6, 2.6])=12.3, ϰ=[10.2, 9.5, 7.5, 9.2, 9.4], ∫ϰ²/L>=[17.2, 17.2, 13.1, 18.2, 19.4], C-C-Sep=0.08, ║∇J║=1.6e-03
Iteration 253/2000-----
currents: [100000.0, 99999.99999845143, 99999.99999828973, 99999.99999828111, 99999.99999830205]
J=1.3e-04, ⟨Jf⟩=1.2e-04, ⟨B·n⟩=3.4e-03, Len=sum([2.3, 2.4, 2.4, 2.6, 2.6])=12.3, ϰ=[10.1, 9.6, 7.5, 9.3, 9.4], ∫ϰ²/L>=[17.2, 17.2, 13.1, 18.3, 19.4], C-C-Sep=0.08, ║∇J║=1.2e-03
Iteration 254/2000-----
currents: [100000.0, 99999.99999844933, 99999.99999828747, 99999.99999827842, 99999.99999829923]
J=1.3e-04, ⟨Jf⟩=1.2e-04, ⟨B·n⟩=3.4e-03, Len=sum([2.3, 2.4, 2.4, 2.6, 2.6])=12.3, ϰ=[10.1, 9.6, 7.5, 9.4, 9.3], ∫ϰ²/L>=[17.3, 17.2, 13.1, 18.2, 19.3], C-C-Sep=0.08, ║∇J║=1.2e-03
Iteration 255/2000-----
currents: [100000.0, 99999.99999844425, 99999.99999828225, 99999.99999827234, 99999.999998293]
J=1.3e-04, ⟨Jf⟩=1.2e-04, ⟨B·n⟩=3.4e-03, Len=sum([2.3, 2.4, 2.4, 2.6, 2.6])=12.3, ϰ=[10.1, 9.5, 7.4, 9.5, 9.3], ∫ϰ²/L>=[17.3, 17.2, 13.1, 18.3, 19.3], C-C-Sep=0.08, ║∇J║=1.4e-03
Iteration 256/2000-----
currents: [100000.0, 99999.99999844069, 99999.99999827861, 99999.99999826823, 99999.9999982888]
J=1.3e-04, ⟨Jf⟩=1.2e-04, ⟨B·n⟩=3.4e-03, Len=sum([2.3, 2.4, 2.4, 2.6, 2.6])=12.3, ϰ=[10.2, 9.5, 7.3, 9.6, 9.2], ∫ϰ²/L>=[17.4, 17.2, 13.2, 18.3, 19.2], C-C-Sep=0.08, ║∇J║=1.8e-03
Iteration 257/2000-----
currents: [100000.0, 99999.9999984375, 99999.99999827544, 99999.99999826468, 99999.99999828523]
J=1.3e-04, ⟨Jf⟩=1.2e-04, ⟨B·n⟩=3.4e-03, Len=sum([2.3, 2.4, 2.4, 2.6, 2.6])=12.3, ϰ=[10.3, 9.6, 7.3, 9.6, 9.2], ∫ϰ²/L>=[17.4, 17.3, 13.3, 18.3, 19.2], C-C-Sep=0.08, ║∇J║=1.2e-03
Iteration 258/2000-----
currents: [100000.0, 99999.99999843605, 99999.9999982741, 99999.99999826337, 99999.99999828398]
J=1.3e-04, ⟨Jf⟩=1.2e-04, ⟨B·n⟩=3.4e-03, Len=sum([2.3, 2.4, 2.4, 2.6, 2.6])=12.3, ϰ=[10.3, 9.7, 7.4, 9.6, 9.2], ∫ϰ²/L>=[17.4, 17.3, 13.3, 18.2, 19.2], C-C-Sep=0.08, ║∇J║=1.2e-03
Iteration 259/2000-----
currents: [100000.0, 99999.99999843215, 99999.99999827016, 99999.99999825908, 99999.99999827975]
J=1.3e-04, ⟨Jf⟩=1.2e-04, ⟨B·n⟩=3.4e-03, Len=sum([2.3, 2.4, 2.4, 2.6, 2.6])=12.3, ϰ=[10.3, 9.7, 7.5, 9.6, 9.1], ∫ϰ²/L>=[17.5, 17.3, 13.3, 18.2, 19.2], C-C-Sep=0.08, ║∇J║=1.4e-03
Iteration 260/2000-----
currents: [100000.0, 99999.99999843119, 99999.9999982692, 99999.99999825825, 99999.99999827892]
J=1.3e-04, ⟨Jf⟩=1.2e-04, ⟨B·n⟩=3.4e-03, Len=sum([2.3, 2.4, 2.4, 2.6, 2.6])=12.3, ϰ=[10.3, 9.7, 7.6, 9.6, 9.1], ∫ϰ²/L>=[17.4, 17.3, 13.3, 18.1, 19.2], C-C-Sep=0.08, ║∇J║=1.4e-03
Iteration 261/2000-----
currents: [100000.0, 99999.99999842847, 99999.99999826639, 99999.99999825505, 99999.99999827574]
J=1.3e-04, ⟨Jf⟩=1.2e-04, ⟨B·n⟩=3.4e-03, Len=sum([2.3, 2.4, 2.4, 2.6, 2.6])=12.3, ϰ=[10.1, 9.7, 7.6, 9.6, 9.1], ∫ϰ²/L>=[17.4, 17.3, 13.3, 18.1, 19.2], C-C-Sep=0.08, ║∇J║=1.2e-03
Iteration 262/2000-----
currents: [100000.0, 99999.99999842628, 99999.999998264, 99999.99999825227, 99999.9999982729]
J=1.3e-04, ⟨Jf⟩=1.2e-04, ⟨B·n⟩=3.4e-03, Len=sum([2.3, 2.4, 2.4, 2.6, 2.6])=12.3, ϰ=[10.1, 9.7, 7.6, 9.6, 9.1], ∫ϰ²/L>=[17.4, 17.3, 13.4, 18.1, 19.2], C-C-Sep=0.08, ║∇J║=1.1e-03
Iteration 263/2000-----
currents: [100000.0, 99999.9999984229, 99999.99999826051, 99999.99999824824, 99999.99999826892]
J=1.3e-04, ⟨Jf⟩=1.2e-04, ⟨B·n⟩=3.4e-03, Len=sum([2.3, 2.4, 2.4, 2.6, 2.6])=12.3, ϰ=[9.9, 9.7, 7.5, 9.6, 9.0], ∫ϰ²/L>=[17.4, 17.4, 13.4, 18.1, 19.2], C-C-Sep=0.08, ║∇J║=1.4e-03
Iteration 264/2000-----
currents: [100000.0, 99999.99999841851, 99999.999998256, 99999.99999824307, 99999.99999826381]
J=1.3e-04, ⟨Jf⟩=1.2e-04, ⟨B·n⟩=3.4e-03, Len=sum([2.3, 2.4, 2.4, 2.6, 2.6])=12.3, ϰ=[9.9, 9.8, 7.5, 9.7, 9.0], ∫ϰ²/L>=[17.5, 17.4, 13.4, 18.1, 19.2], C-C-Sep=0.08, ║∇J║=1.1e-03
Iteration 265/2000-----
currents: [100000.0, 99999.99999841582, 99999.99999825322, 99999.99999823996, 99999.99999826081]
J=1.3e-04, ⟨Jf⟩=1.2e-04, ⟨B·n⟩=3.4e-03, Len=sum([2.3, 2.4, 2.4, 2.6, 2.6])=12.3, ϰ=[9.8, 9.8, 7.5, 9.7, 8.9], ∫ϰ²/L>=[17.5, 17.4, 13.4, 18.1, 19.2], C-C-Sep=0.08, ║∇J║=1.3e-03
Iteration 266/2000-----
currents: [100000.0, 99999.99999841001, 99999.99999824715, 99999.99999823299, 99999.99999825396]
J=1.3e-04, ⟨Jf⟩=1.2e-04, ⟨B·n⟩=3.4e-03, Len=sum([2.3, 2.4, 2.4, 2.6, 2.6])=12.3, ϰ=[9.9, 9.8, 7.6, 9.7, 8.8], ∫ϰ²/L>=[17.5, 17.5, 13.5, 18.1, 19.2], C-C-Sep=0.08, ║∇J║=1.3e-03
Iteration 267/2000-----
currents: [100000.0, 99999.99999840846, 99999.99999824536, 99999.99999823088, 99999.99999825188]
J=1.3e-04, ⟨Jf⟩=1.2e-04, ⟨B·n⟩=3.3e-03, Len=sum([2.3, 2.4, 2.4, 2.6, 2.6])=12.3, ϰ=[9.9, 9.7, 7.6, 9.8, 8.8], ∫ϰ²/L>=[17.5, 17.4, 13.5, 18.1, 19.2], C-C-Sep=0.08, ║∇J║=1.3e-03
Iteration 268/2000-----
currents: [100000.0, 99999.99999840412, 99999.99999824046, 99999.99999822503, 99999.99999824604]
J=1.3e-04, ⟨Jf⟩=1.2e-04, ⟨B·n⟩=3.3e-03, Len=sum([2.3, 2.4, 2.4, 2.6, 2.6])=12.3, ϰ=[9.9, 9.7, 7.7, 9.8, 8.8], ∫ϰ²/L>=[17.5, 17.4, 13.5, 18.1, 19.2], C-C-Sep=0.08, ║∇J║=1.2e-03
Iteration 269/2000-----
currents: [100000.0, 99999.99999840243, 99999.99999823823, 99999.99999822231, 99999.99999824328]
J=1.3e-04, ⟨Jf⟩=1.2e-04, ⟨B·n⟩=3.4e-03, Len=sum([2.3, 2.4, 2.4, 2.6, 2.6])=12.3, ϰ=[9.9, 9.7, 7.7, 9.7, 8.8], ∫ϰ²/L>=[17.5, 17.4, 13.4, 18.1, 19.2], C-C-Sep=0.08, ║∇J║=1.6e-03
Iteration 270/2000-----
currents: [100000.0, 99999.99999839964, 99999.99999823514, 99999.99999821861, 99999.99999823954]
J=1.3e-04, ⟨Jf⟩=1.2e-04, ⟨B·n⟩=3.4e-03, Len=sum([2.3, 2.4, 2.4, 2.6, 2.6])=12.3, ϰ=[9.9, 9.8, 7.6, 9.7, 8.8], ∫ϰ²/L>=[17.5, 17.4, 13.4, 18.1, 19.2], C-C-Sep=0.08, ║∇J║=1.1e-03
Iteration 271/2000-----
currents: [100000.0, 99999.99999839798, 99999.99999823335, 99999.99999821655, 99999.99999823743]
J=1.3e-04, ⟨Jf⟩=1.2e-04, ⟨B·n⟩=3.4e-03, Len=sum([2.3, 2.4, 2.4, 2.6, 2.6])=12.3, ϰ=[9.9, 9.8, 7.6, 9.7, 8.7], ∫ϰ²/L>=[17.5, 17.4, 13.4, 18.1, 19.2], C-C-Sep=0.08, ║∇J║=9.4e-04
Iteration 272/2000-----
currents: [100000.0, 99999.99999839526, 99999.99999823044, 99999.99999821323, 99999.99999823411]
J=1.3e-04, ⟨Jf⟩=1.2e-04, ⟨B·n⟩=3.4e-03, Len=sum([2.3, 2.4, 2.4, 2.6, 2.6])=12.3, ϰ=[9.9, 9.9, 7.6, 9.7, 8.7], ∫ϰ²/L>=[17.5, 17.4, 13.5, 18.1, 19.2], C-C-Sep=0.08, ║∇J║=1.2e-03
Iteration 273/2000-----
currents: [100000.0, 99999.99999839044, 99999.99999822532, 99999.99999820735, 99999.99999822823]
J=1.3e-04, ⟨Jf⟩=1.2e-04, ⟨B·n⟩=3.4e-03, Len=sum([2.3, 2.4, 2.4, 2.6, 2.6])=12.3, ϰ=[9.8, 9.9, 7.6, 9.6, 8.6], ∫ϰ²/L>=[17.5, 17.4, 13.5, 18.1, 19.2], C-C-Sep=0.08, ║∇J║=1.4e-03
Iteration 274/2000-----
currents: [100000.0, 99999.99999838926, 99999.99999822398, 99999.99999820579, 99999.99999822672]
J=1.3e-04, ⟨Jf⟩=1.2e-04, ⟨B·n⟩=3.4e-03, Len=sum([2.3, 2.4, 2.4, 2.6, 2.6])=12.3, ϰ=[9.8, 9.9, 7.6, 9.5, 8.6], ∫ϰ²/L>=[17.5, 17.3, 13.5, 18.0, 19.3], C-C-Sep=0.08, ║∇J║=1.0e-03
Iteration 275/2000-----
currents: [100000.0, 99999.99999838498, 99999.99999821947, 99999.99999820054, 99999.99999822152]
J=1.3e-04, ⟨Jf⟩=1.2e-04, ⟨B·n⟩=3.3e-03, Len=sum([2.3, 2.4, 2.4, 2.6, 2.6])=12.3, ϰ=[9.8, 9.9, 7.6, 9.5, 8.6], ∫ϰ²/L>=[17.5, 17.3, 13.6, 18.0, 19.3], C-C-Sep=0.08, ║∇J║=1.0e-03
Iteration 276/2000-----
currents: [100000.0, 99999.99999838424, 99999.99999821853, 99999.99999819929, 99999.99999822032]
J=1.3e-04, ⟨Jf⟩=1.2e-04, ⟨B·n⟩=3.3e-03, Len=sum([2.3, 2.4, 2.4, 2.6, 2.6])=12.3, ϰ=[9.7, 9.8, 7.6, 9.4, 8.6], ∫ϰ²/L>=[17.5, 17.3, 13.5, 18.0, 19.3], C-C-Sep=0.08, ║∇J║=1.0e-03
Iteration 277/2000-----
currents: [100000.0, 99999.99999838129, 99999.9999982154, 99999.99999819552, 99999.99999821655]
J=1.3e-04, ⟨Jf⟩=1.2e-04, ⟨B·n⟩=3.3e-03, Len=sum([2.3, 2.4, 2.4, 2.6, 2.6])=12.3, ϰ=[9.7, 9.8, 7.6, 9.4, 8.6], ∫ϰ²/L>=[17.4, 17.3, 13.5, 18.0, 19.3], C-C-Sep=0.08, ║∇J║=1.0e-03
Iteration 278/2000-----
currents: [100000.0, 99999.999998378, 99999.99999821186, 99999.99999819124, 99999.9999982123]
J=1.3e-04, ⟨Jf⟩=1.2e-04, ⟨B·n⟩=3.4e-03, Len=sum([2.3, 2.4, 2.4, 2.6, 2.6])=12.3, ϰ=[9.7, 9.7, 7.6, 9.4, 8.6], ∫ϰ²/L>=[17.4, 17.2, 13.5, 18.0, 19.2], C-C-Sep=0.08, ║∇J║=1.1e-03
Iteration 279/2000-----
currents: [100000.0, 99999.99999837573, 99999.99999820947, 99999.99999818833, 99999.99999820934]
J=1.3e-04, ⟨Jf⟩=1.2e-04, ⟨B·n⟩=3.4e-03, Len=sum([2.3, 2.4, 2.4, 2.6, 2.6])=12.3, ϰ=[9.7, 9.7, 7.5, 9.4, 8.6], ∫ϰ²/L>=[17.4, 17.2, 13.5, 17.9, 19.2], C-C-Sep=0.08, ║∇J║=9.3e-04
Iteration 280/2000-----
currents: [100000.0, 99999.99999837339, 99999.99999820704, 99999.99999818549, 99999.99999820652]
J=1.3e-04, ⟨Jf⟩=1.2e-04, ⟨B·n⟩=3.4e-03, Len=sum([2.3, 2.4, 2.4, 2.6, 2.6])=12.3, ϰ=[9.7, 9.7, 7.5, 9.4, 8.5], ∫ϰ²/L>=[17.4, 17.2, 13.5, 17.9, 19.2], C-C-Sep=0.08, ║∇J║=9.0e-04
Iteration 281/2000-----
currents: [100000.0, 99999.99999837003, 99999.99999820361, 99999.99999818143, 99999.99999820247]
J=1.3e-04, ⟨Jf⟩=1.2e-04, ⟨B·n⟩=3.4e-03, Len=sum([2.3, 2.4, 2.4, 2.6, 2.6])=12.3, ϰ=[9.7, 9.7, 7.6, 9.4, 8.5], ∫ϰ²/L>=[17.3, 17.2, 13.5, 17.9, 19.2], C-C-Sep=0.08, ║∇J║=1.0e-03
Iteration 282/2000-----
currents: [100000.0, 99999.9999983666, 99999.99999819999, 99999.99999817717, 99999.99999819823]
J=1.3e-04, ⟨Jf⟩=1.2e-04, ⟨B·n⟩=3.4e-03, Len=sum([2.3, 2.4, 2.4, 2.6, 2.6])=12.3, ϰ=[9.7, 9.6, 7.6, 9.3, 8.5], ∫ϰ²/L>=[17.3, 17.2, 13.6, 17.9, 19.2], C-C-Sep=0.08, ║∇J║=9.7e-04
Iteration 283/2000-----
currents: [100000.0, 99999.99999836562, 99999.99999819891, 99999.99999817584, 99999.99999819693]
J=1.3e-04, ⟨Jf⟩=1.2e-04, ⟨B·n⟩=3.4e-03, Len=sum([2.3, 2.4, 2.4, 2.6, 2.6])=12.3, ϰ=[9.7, 9.6, 7.6, 9.2, 8.5], ∫ϰ²/L>=[17.3, 17.2, 13.6, 17.9, 19.2], C-C-Sep=0.08, ║∇J║=8.5e-04
Iteration 284/2000-----
currents: [100000.0, 99999.99999836212, 99999.99999819518, 99999.99999817135, 99999.99999819248]
J=1.3e-04, ⟨Jf⟩=1.2e-04, ⟨B·n⟩=3.4e-03, Len=sum([2.3, 2.4, 2.4, 2.6, 2.6])=12.3, ϰ=[9.7, 9.5, 7.6, 9.2, 8.5], ∫ϰ²/L>=[17.3, 17.2, 13.6, 17.8, 19.2], C-C-Sep=0.08, ║∇J║=9.3e-04
Iteration 285/2000-----
currents: [100000.0, 99999.99999835924, 99999.99999819203, 99999.99999816748, 99999.99999818865]
J=1.3e-04, ⟨Jf⟩=1.2e-04, ⟨B·n⟩=3.3e-03, Len=sum([2.3, 2.4, 2.4, 2.6, 2.6])=12.3, ϰ=[9.7, 9.4, 7.7, 9.1, 8.5], ∫ϰ²/L>=[17.3, 17.2, 13.6, 17.8, 19.2], C-C-Sep=0.08, ║∇J║=1.3e-03
Iteration 286/2000-----
currents: [100000.0, 99999.99999835671, 99999.99999818923, 99999.99999816401, 99999.99999818522]
J=1.3e-04, ⟨Jf⟩=1.2e-04, ⟨B·n⟩=3.3e-03, Len=sum([2.3, 2.4, 2.4, 2.6, 2.6])=12.3, ϰ=[9.8, 9.3, 7.6, 9.1, 8.5], ∫ϰ²/L>=[17.2, 17.2, 13.7, 17.8, 19.1], C-C-Sep=0.08, ║∇J║=9.3e-04
Iteration 287/2000-----
currents: [100000.0, 99999.99999835403, 99999.99999818637, 99999.99999816061, 99999.99999818185]
J=1.3e-04, ⟨Jf⟩=1.2e-04, ⟨B·n⟩=3.4e-03, Len=sum([2.3, 2.4, 2.4, 2.6, 2.6])=12.3, ϰ=[9.8, 9.3, 7.6, 9.0, 8.5], ∫ϰ²/L>=[17.2, 17.2, 13.7, 17.8, 19.1], C-C-Sep=0.08, ║∇J║=8.5e-04
Iteration 288/2000-----
currents: [100000.0, 99999.9999983532, 99999.99999818545, 99999.99999815944, 99999.99999818072]
J=1.3e-04, ⟨Jf⟩=1.2e-04, ⟨B·n⟩=3.4e-03, Len=sum([2.3, 2.4, 2.4, 2.6, 2.6])=12.3, ϰ=[9.8, 9.2, 7.6, 9.0, 8.5], ∫ϰ²/L>=[17.2, 17.2, 13.7, 17.7, 19.1], C-C-Sep=0.08, ║∇J║=9.1e-04
Iteration 289/2000-----
currents: [100000.0, 99999.99999835032, 99999.99999818236, 99999.99999815576, 99999.99999817705]
J=1.3e-04, ⟨Jf⟩=1.2e-04, ⟨B·n⟩=3.4e-03, Len=sum([2.3, 2.4, 2.4, 2.6, 2.6])=12.3, ϰ=[9.8, 9.2, 7.6, 8.9, 8.4], ∫ϰ²/L>=[17.1, 17.2, 13.7, 17.7, 19.1], C-C-Sep=0.08, ║∇J║=9.3e-04
Iteration 290/2000-----
currents: [100000.0, 99999.99999834738, 99999.99999817938, 99999.99999815221, 99999.99999817356]
J=1.3e-04, ⟨Jf⟩=1.2e-04, ⟨B·n⟩=3.4e-03, Len=sum([2.3, 2.4, 2.4, 2.6, 2.6])=12.3, ϰ=[9.8, 9.1, 7.5, 8.8, 8.4], ∫ϰ²/L>=[17.1, 17.1, 13.7, 17.7, 19.1], C-C-Sep=0.08, ║∇J║=9.7e-04
Iteration 291/2000-----
currents: [100000.0, 99999.99999834428, 99999.99999817612, 99999.99999814828, 99999.99999816963]
J=1.2e-04, ⟨Jf⟩=1.2e-04, ⟨B·n⟩=3.4e-03, Len=sum([2.3, 2.4, 2.4, 2.6, 2.6])=12.3, ϰ=[9.7, 9.1, 7.5, 8.8, 8.4], ∫ϰ²/L>=[17.1, 17.1, 13.7, 17.8, 19.1], C-C-Sep=0.08, ║∇J║=9.6e-04
Iteration 292/2000-----
currents: [100000.0, 99999.99999834204, 99999.99999817388, 99999.99999814562, 99999.99999816697]
J=1.2e-04, ⟨Jf⟩=1.2e-04, ⟨B·n⟩=3.3e-03, Len=sum([2.3, 2.4, 2.4, 2.6, 2.6])=12.3, ϰ=[9.7, 9.1, 7.5, 8.7, 8.3], ∫ϰ²/L>=[17.1, 17.1, 13.7, 17.8, 19.1], C-C-Sep=0.08, ║∇J║=8.4e-04
Iteration 293/2000-----
currents: [100000.0, 99999.9999983382, 99999.99999817001, 99999.99999814098, 99999.9999981624]
J=1.2e-04, ⟨Jf⟩=1.1e-04, ⟨B·n⟩=3.3e-03, Len=sum([2.3, 2.4, 2.4, 2.6, 2.6])=12.3, ϰ=[9.7, 9.0, 7.5, 8.7, 8.3], ∫ϰ²/L>=[17.0, 17.1, 13.7, 17.7, 19.1], C-C-Sep=0.08, ║∇J║=1.0e-03
Iteration 294/2000-----
currents: [100000.0, 99999.99999833267, 99999.9999981643, 99999.99999813418, 99999.99999815566]
J=1.2e-04, ⟨Jf⟩=1.1e-04, ⟨B·n⟩=3.3e-03, Len=sum([2.3, 2.4, 2.4, 2.6, 2.6])=12.3, ϰ=[9.6, 9.0, 7.4, 8.7, 8.3], ∫ϰ²/L>=[17.0, 17.1, 13.7, 17.7, 19.1], C-C-Sep=0.08, ║∇J║=1.4e-03
Iteration 295/2000-----
currents: [100000.0, 99999.999998332, 99999.99999816364, 99999.9999981333, 99999.99999815488]
J=1.2e-04, ⟨Jf⟩=1.1e-04, ⟨B·n⟩=3.3e-03, Len=sum([2.3, 2.4, 2.4, 2.6, 2.6])=12.3, ϰ=[9.6, 9.0, 7.4, 8.7, 8.3], ∫ϰ²/L>=[17.0, 17.1, 13.7, 17.7, 19.1], C-C-Sep=0.08, ║∇J║=8.5e-04
Iteration 296/2000-----
currents: [100000.0, 99999.99999832938, 99999.99999816081, 99999.9999981299, 99999.99999815157]
J=1.2e-04, ⟨Jf⟩=1.1e-04, ⟨B·n⟩=3.3e-03, Len=sum([2.3, 2.4, 2.4, 2.6, 2.6])=12.3, ϰ=[9.6, 9.0, 7.4, 8.6, 8.3], ∫ϰ²/L>=[17.0, 17.1, 13.7, 17.7, 19.1], C-C-Sep=0.08, ║∇J║=7.3e-04
Iteration 297/2000-----
currents: [100000.0, 99999.99999832948, 99999.99999816086, 99999.9999981298, 99999.99999815151]
J=1.2e-04, ⟨Jf⟩=1.1e-04, ⟨B·n⟩=3.3e-03, Len=sum([2.3, 2.4, 2.4, 2.6, 2.6])=12.3, ϰ=[9.6, 8.9, 7.4, 8.6, 8.3], ∫ϰ²/L>=[17.0, 17.1, 13.7, 17.7, 19.1], C-C-Sep=0.08, ║∇J║=8.4e-04
Iteration 298/2000-----
currents: [100000.0, 99999.99999832494, 99999.99999815617, 99999.99999812423, 99999.99999814604]
J=1.2e-04, ⟨Jf⟩=1.1e-04, ⟨B·n⟩=3.3e-03, Len=sum([2.3, 2.4, 2.4, 2.6, 2.6])=12.3, ϰ=[9.6, 8.9, 7.5, 8.6, 8.3], ∫ϰ²/L>=[17.0, 17.2, 13.7, 17.7, 19.1], C-C-Sep=0.08, ║∇J║=1.0e-03
Iteration 299/2000-----
currents: [100000.0, 99999.9999983217, 99999.9999981529, 99999.99999812024, 99999.99999814207]
J=1.2e-04, ⟨Jf⟩=1.1e-04, ⟨B·n⟩=3.3e-03, Len=sum([2.3, 2.4, 2.4, 2.6, 2.6])=12.3, ϰ=[9.5, 8.9, 7.5, 8.6, 8.3], ∫ϰ²/L>=[17.0, 17.2, 13.7, 17.6, 19.1], C-C-Sep=0.08, ║∇J║=9.5e-04
Iteration 300/2000-----
currents: [100000.0, 99999.99999831927, 99999.99999815061, 99999.9999981175, 99999.99999813936]
J=1.2e-04, ⟨Jf⟩=1.1e-04, ⟨B·n⟩=3.3e-03, Len=sum([2.3, 2.4, 2.4, 2.6, 2.6])=12.3, ϰ=[9.5, 8.9, 7.5, 8.7, 8.3], ∫ϰ²/L>=[16.9, 17.2, 13.6, 17.7, 19.1], C-C-Sep=0.08, ║∇J║=8.2e-04
Iteration 301/2000-----
currents: [100000.0, 99999.99999831604, 99999.9999981475, 99999.99999811381, 99999.99999813565]
J=1.2e-04, ⟨Jf⟩=1.1e-04, ⟨B·n⟩=3.3e-03, Len=sum([2.3, 2.4, 2.4, 2.6, 2.6])=12.3, ϰ=[9.5, 8.9, 7.5, 8.7, 8.3], ∫ϰ²/L>=[16.9, 17.2, 13.6, 17.7, 19.1], C-C-Sep=0.08, ║∇J║=7.9e-04
Iteration 302/2000-----
currents: [100000.0, 99999.99999831227, 99999.9999981438, 99999.9999981094, 99999.99999813126]
J=1.2e-04, ⟨Jf⟩=1.1e-04, ⟨B·n⟩=3.3e-03, Len=sum([2.3, 2.4, 2.4, 2.6, 2.6])=12.3, ϰ=[9.5, 8.9, 7.4, 8.8, 8.2], ∫ϰ²/L>=[16.9, 17.2, 13.6, 17.7, 19.1], C-C-Sep=0.08, ║∇J║=1.0e-03
Iteration 303/2000-----
currents: [100000.0, 99999.99999830955, 99999.99999814104, 99999.99999810608, 99999.99999812793]
J=1.2e-04, ⟨Jf⟩=1.1e-04, ⟨B·n⟩=3.3e-03, Len=sum([2.3, 2.4, 2.4, 2.6, 2.6])=12.3, ϰ=[9.6, 9.0, 7.4, 8.8, 8.2], ∫ϰ²/L>=[16.9, 17.3, 13.5, 17.7, 19.1], C-C-Sep=0.08, ║∇J║=7.4e-04
Iteration 304/2000-----
currents: [100000.0, 99999.99999830757, 99999.99999813897, 99999.99999810362, 99999.99999812548]
J=1.2e-04, ⟨Jf⟩=1.1e-04, ⟨B·n⟩=3.3e-03, Len=sum([2.3, 2.4, 2.4, 2.6, 2.6])=12.3, ϰ=[9.6, 9.0, 7.4, 8.9, 8.2], ∫ϰ²/L>=[16.9, 17.3, 13.6, 17.7, 19.1], C-C-Sep=0.08, ║∇J║=6.5e-04
Iteration 305/2000-----
currents: [100000.0, 99999.99999830507, 99999.9999981364, 99999.99999810057, 99999.99999812247]
J=1.2e-04, ⟨Jf⟩=1.1e-04, ⟨B·n⟩=3.3e-03, Len=sum([2.3, 2.4, 2.4, 2.6, 2.6])=12.3, ϰ=[9.6, 9.0, 7.4, 8.9, 8.2], ∫ϰ²/L>=[16.9, 17.3, 13.6, 17.7, 19.0], C-C-Sep=0.08, ║∇J║=7.1e-04
Iteration 306/2000-----
currents: [100000.0, 99999.99999830073, 99999.999998132, 99999.99999809536, 99999.99999811735]
J=1.2e-04, ⟨Jf⟩=1.1e-04, ⟨B·n⟩=3.3e-03, Len=sum([2.3, 2.4, 2.4, 2.6, 2.6])=12.3, ϰ=[9.6, 9.0, 7.4, 8.8, 8.3], ∫ϰ²/L>=[16.9, 17.3, 13.6, 17.7, 19.1], C-C-Sep=0.08, ║∇J║=8.0e-04
Iteration 307/2000-----
currents: [100000.0, 99999.99999829735, 99999.99999812874, 99999.99999809152, 99999.9999981136]
J=1.2e-04, ⟨Jf⟩=1.1e-04, ⟨B·n⟩=3.3e-03, Len=sum([2.3, 2.4, 2.4, 2.6, 2.6])=12.3, ϰ=[9.6, 9.0, 7.4, 8.8, 8.3], ∫ϰ²/L>=[16.9, 17.4, 13.6, 17.6, 19.1], C-C-Sep=0.08, ║∇J║=6.9e-04
Iteration 308/2000-----
currents: [100000.0, 99999.9999982938, 99999.9999981254, 99999.9999980876, 99999.99999810982]
J=1.2e-04, ⟨Jf⟩=1.1e-04, ⟨B·n⟩=3.3e-03, Len=sum([2.3, 2.4, 2.4, 2.6, 2.6])=12.3, ϰ=[9.6, 9.0, 7.3, 8.7, 8.3], ∫ϰ²/L>=[16.9, 17.4, 13.5, 17.6, 19.1], C-C-Sep=0.08, ║∇J║=7.7e-04
Iteration 309/2000-----
currents: [100000.0, 99999.99999829082, 99999.9999981225, 99999.99999808412, 99999.99999810646]
J=1.2e-04, ⟨Jf⟩=1.1e-04, ⟨B·n⟩=3.3e-03, Len=sum([2.3, 2.4, 2.4, 2.6, 2.6])=12.3, ϰ=[9.6, 8.9, 7.3, 8.7, 8.3], ∫ϰ²/L>=[16.9, 17.4, 13.5, 17.6, 19.1], C-C-Sep=0.08, ║∇J║=8.2e-04
Iteration 310/2000-----
currents: [100000.0, 99999.9999982901, 99999.99999812189, 99999.99999808331, 99999.99999810572]
J=1.2e-04, ⟨Jf⟩=1.1e-04, ⟨B·n⟩=3.3e-03, Len=sum([2.3, 2.4, 2.4, 2.6, 2.6])=12.3, ϰ=[9.6, 8.9, 7.3, 8.7, 8.4], ∫ϰ²/L>=[16.9, 17.4, 13.5, 17.6, 19.1], C-C-Sep=0.08, ║∇J║=7.5e-04
Iteration 311/2000-----
currents: [100000.0, 99999.99999828557, 99999.9999981173, 99999.99999807765, 99999.99999810023]
J=1.2e-04, ⟨Jf⟩=1.1e-04, ⟨B·n⟩=3.3e-03, Len=sum([2.3, 2.4, 2.4, 2.6, 2.6])=12.3, ϰ=[9.7, 8.8, 7.3, 8.7, 8.3], ∫ϰ²/L>=[16.9, 17.4, 13.5, 17.5, 19.1], C-C-Sep=0.08, ║∇J║=9.8e-04
Iteration 312/2000-----
currents: [100000.0, 99999.99999828398, 99999.99999811561, 99999.99999807542, 99999.99999809805]
J=1.2e-04, ⟨Jf⟩=1.1e-04, ⟨B·n⟩=3.3e-03, Len=sum([2.3, 2.4, 2.4, 2.6, 2.6])=12.3, ϰ=[9.7, 8.8, 7.2, 8.7, 8.3], ∫ϰ²/L>=[17.0, 17.4, 13.4, 17.5, 19.1], C-C-Sep=0.08, ║∇J║=7.7e-04
Iteration 313/2000-----
currents: [100000.0, 99999.99999828161, 99999.99999811314, 99999.99999807237, 99999.99999809502]
J=1.2e-04, ⟨Jf⟩=1.1e-04, ⟨B·n⟩=3.3e-03, Len=sum([2.3, 2.4, 2.4, 2.6, 2.6])=12.3, ϰ=[9.7, 8.8, 7.2, 8.8, 8.3], ∫ϰ²/L>=[17.0, 17.4, 13.4, 17.5, 19.1], C-C-Sep=0.08, ║∇J║=6.4e-04
Iteration 314/2000-----
currents: [100000.0, 99999.99999827848, 99999.99999811, 99999.99999806851, 99999.99999809124]
J=1.2e-04, ⟨Jf⟩=1.1e-04, ⟨B·n⟩=3.3e-03, Len=sum([2.3, 2.4, 2.4, 2.6, 2.6])=12.3, ϰ=[9.7, 8.9, 7.2, 8.9, 8.3], ∫ϰ²/L>=[17.0, 17.4, 13.5, 17.5, 19.1], C-C-Sep=0.08, ║∇J║=7.2e-04
Iteration 315/2000-----
currents: [100000.0, 99999.99999827489, 99999.99999810643, 99999.99999806414, 99999.99999808698]
J=1.2e-04, ⟨Jf⟩=1.1e-04, ⟨B·n⟩=3.3e-03, Len=sum([2.3, 2.4, 2.4, 2.6, 2.6])=12.3, ϰ=[9.7, 8.9, 7.2, 8.9, 8.3], ∫ϰ²/L>=[17.0, 17.3, 13.5, 17.5, 19.1], C-C-Sep=0.08, ║∇J║=6.7e-04
Iteration 316/2000-----
currents: [100000.0, 99999.99999827068, 99999.99999810227, 99999.99999805911, 99999.99999808209]
J=1.2e-04, ⟨Jf⟩=1.1e-04, ⟨B·n⟩=3.3e-03, Len=sum([2.3, 2.4, 2.4, 2.6, 2.6])=12.3, ϰ=[9.8, 8.9, 7.2, 8.9, 8.4], ∫ϰ²/L>=[17.0, 17.3, 13.5, 17.5, 19.1], C-C-Sep=0.08, ║∇J║=6.6e-04
Iteration 317/2000-----
currents: [100000.0, 99999.99999826649, 99999.9999980983, 99999.99999805418, 99999.99999807742]
J=1.2e-04, ⟨Jf⟩=1.1e-04, ⟨B·n⟩=3.3e-03, Len=sum([2.3, 2.4, 2.4, 2.6, 2.6])=12.3, ϰ=[9.8, 9.1, 7.2, 8.9, 8.4], ∫ϰ²/L>=[17.0, 17.3, 13.4, 17.5, 19.1], C-C-Sep=0.08, ║∇J║=8.3e-04
Iteration 318/2000-----
currents: [100000.0, 99999.99999826142, 99999.99999809316, 99999.99999804796, 99999.99999807142]
J=1.2e-04, ⟨Jf⟩=1.1e-04, ⟨B·n⟩=3.3e-03, Len=sum([2.3, 2.4, 2.4, 2.6, 2.6])=12.3, ϰ=[9.9, 9.1, 7.2, 8.9, 8.5], ∫ϰ²/L>=[17.0, 17.4, 13.4, 17.5, 19.1], C-C-Sep=0.08, ║∇J║=9.3e-04
Iteration 319/2000-----
currents: [100000.0, 99999.99999826142, 99999.99999809313, 99999.99999804788, 99999.99999807136]
J=1.2e-04, ⟨Jf⟩=1.1e-04, ⟨B·n⟩=3.3e-03, Len=sum([2.3, 2.4, 2.4, 2.6, 2.6])=12.3, ϰ=[9.9, 9.1, 7.2, 8.9, 8.5], ∫ϰ²/L>=[17.0, 17.4, 13.4, 17.5, 19.1], C-C-Sep=0.08, ║∇J║=5.9e-04
Iteration 320/2000-----
currents: [100000.0, 99999.9999982603, 99999.99999809204, 99999.99999804648, 99999.99999807005]
J=1.2e-04, ⟨Jf⟩=1.1e-04, ⟨B·n⟩=3.3e-03, Len=sum([2.3, 2.4, 2.4, 2.6, 2.6])=12.3, ϰ=[10.0, 9.1, 7.2, 8.9, 8.5], ∫ϰ²/L>=[17.0, 17.4, 13.4, 17.4, 19.1], C-C-Sep=0.08, ║∇J║=6.1e-04
Iteration 321/2000-----
currents: [100000.0, 99999.99999825803, 99999.9999980898, 99999.99999804373, 99999.99999806742]
J=1.2e-04, ⟨Jf⟩=1.1e-04, ⟨B·n⟩=3.3e-03, Len=sum([2.3, 2.4, 2.4, 2.6, 2.6])=12.3, ϰ=[10.0, 9.1, 7.2, 8.9, 8.5], ∫ϰ²/L>=[17.0, 17.4, 13.4, 17.4, 19.1], C-C-Sep=0.08, ║∇J║=6.5e-04
Iteration 322/2000-----
currents: [100000.0, 99999.99999825342, 99999.99999808542, 99999.99999803839, 99999.9999980623]
J=1.2e-04, ⟨Jf⟩=1.1e-04, ⟨B·n⟩=3.3e-03, Len=sum([2.3, 2.4, 2.4, 2.6, 2.6])=12.3, ϰ=[10.0, 9.1, 7.2, 8.9, 8.6], ∫ϰ²/L>=[17.0, 17.4, 13.4, 17.5, 19.1], C-C-Sep=0.08, ║∇J║=7.1e-04
Iteration 323/2000-----
currents: [100000.0, 99999.99999824833, 99999.99999808062, 99999.9999980325, 99999.99999805665]
J=1.2e-04, ⟨Jf⟩=1.1e-04, ⟨B·n⟩=3.3e-03, Len=sum([2.3, 2.4, 2.4, 2.6, 2.6])=12.3, ϰ=[10.0, 9.1, 7.1, 9.0, 8.6], ∫ϰ²/L>=[17.0, 17.5, 13.4, 17.5, 19.1], C-C-Sep=0.08, ║∇J║=9.2e-04
Iteration 324/2000-----
currents: [100000.0, 99999.99999825057, 99999.99999808309, 99999.99999803556, 99999.99999805968]
J=1.2e-04, ⟨Jf⟩=1.1e-04, ⟨B·n⟩=3.3e-03, Len=sum([2.3, 2.4, 2.4, 2.6, 2.6])=12.3, ϰ=[10.0, 9.1, 7.1, 9.0, 8.6], ∫ϰ²/L>=[17.0, 17.4, 13.3, 17.5, 19.1], C-C-Sep=0.08, ║∇J║=8.1e-04
Iteration 325/2000-----
currents: [100000.0, 99999.9999982448, 99999.99999807744, 99999.99999802877, 99999.99999805304]
J=1.2e-04, ⟨Jf⟩=1.1e-04, ⟨B·n⟩=3.3e-03, Len=sum([2.3, 2.4, 2.4, 2.6, 2.6])=12.3, ϰ=[9.9, 9.1, 7.1, 8.9, 8.6], ∫ϰ²/L>=[17.0, 17.4, 13.3, 17.5, 19.1], C-C-Sep=0.08, ║∇J║=9.9e-04
Iteration 326/2000-----
currents: [100000.0, 99999.99999824568, 99999.99999807842, 99999.99999802983, 99999.9999980541]
J=1.2e-04, ⟨Jf⟩=1.1e-04, ⟨B·n⟩=3.3e-03, Len=sum([2.3, 2.4, 2.4, 2.6, 2.6])=12.3, ϰ=[10.0, 9.1, 7.1, 8.9, 8.6], ∫ϰ²/L>=[17.0, 17.4, 13.3, 17.5, 19.1], C-C-Sep=0.08, ║∇J║=6.1e-04
Iteration 327/2000-----
currents: [100000.0, 99999.99999824227, 99999.99999807501, 99999.99999802564, 99999.99999805004]
J=1.2e-04, ⟨Jf⟩=1.1e-04, ⟨B·n⟩=3.3e-03, Len=sum([2.3, 2.4, 2.4, 2.6, 2.6])=12.3, ϰ=[10.0, 9.2, 7.1, 8.9, 8.6], ∫ϰ²/L>=[17.0, 17.5, 13.3, 17.5, 19.1], C-C-Sep=0.08, ║∇J║=6.0e-04
Iteration 328/2000-----
currents: [100000.0, 99999.9999982428, 99999.99999807567, 99999.9999980263, 99999.99999805073]
J=1.2e-04, ⟨Jf⟩=1.1e-04, ⟨B·n⟩=3.3e-03, Len=sum([2.3, 2.4, 2.4, 2.6, 2.6])=12.3, ϰ=[10.0, 9.2, 7.1, 8.9, 8.6], ∫ϰ²/L>=[16.9, 17.5, 13.3, 17.6, 19.1], C-C-Sep=0.08, ║∇J║=5.8e-04
Iteration 329/2000-----
currents: [100000.0, 99999.99999824117, 99999.99999807413, 99999.99999802437, 99999.99999804888]
J=1.2e-04, ⟨Jf⟩=1.1e-04, ⟨B·n⟩=3.3e-03, Len=sum([2.3, 2.4, 2.4, 2.6, 2.6])=12.3, ϰ=[9.9, 9.2, 7.1, 8.9, 8.6], ∫ϰ²/L>=[16.9, 17.5, 13.2, 17.6, 19.1], C-C-Sep=0.08, ║∇J║=5.2e-04
Iteration 330/2000-----
currents: [100000.0, 99999.9999982369, 99999.99999807001, 99999.99999801927, 99999.99999804392]
J=1.2e-04, ⟨Jf⟩=1.1e-04, ⟨B·n⟩=3.3e-03, Len=sum([2.3, 2.4, 2.4, 2.6, 2.6])=12.3, ϰ=[9.9, 9.2, 7.0, 8.9, 8.6], ∫ϰ²/L>=[16.9, 17.5, 13.2, 17.6, 19.1], C-C-Sep=0.08, ║∇J║=6.4e-04
Iteration 331/2000-----
currents: [100000.0, 99999.99999823367, 99999.99999806698, 99999.99999801547, 99999.9999980402]
J=1.2e-04, ⟨Jf⟩=1.1e-04, ⟨B·n⟩=3.3e-03, Len=sum([2.3, 2.4, 2.4, 2.6, 2.6])=12.3, ϰ=[9.9, 9.2, 7.0, 8.8, 8.6], ∫ϰ²/L>=[16.9, 17.5, 13.2, 17.6, 19.0], C-C-Sep=0.08, ║∇J║=7.5e-04
Iteration 332/2000-----
currents: [100000.0, 99999.99999822643, 99999.99999806022, 99999.999998007, 99999.999998032]
J=1.2e-04, ⟨Jf⟩=1.1e-04, ⟨B·n⟩=3.3e-03, Len=sum([2.3, 2.4, 2.4, 2.6, 2.6])=12.3, ϰ=[9.8, 9.2, 7.0, 8.8, 8.6], ∫ϰ²/L>=[16.9, 17.5, 13.2, 17.6, 19.1], C-C-Sep=0.08, ║∇J║=1.1e-03
Iteration 333/2000-----
currents: [100000.0, 99999.9999982259, 99999.99999805976, 99999.99999800646, 99999.99999803145]
J=1.2e-04, ⟨Jf⟩=1.1e-04, ⟨B·n⟩=3.3e-03, Len=sum([2.3, 2.4, 2.4, 2.6, 2.6])=12.3, ϰ=[9.9, 9.1, 7.0, 8.8, 8.6], ∫ϰ²/L>=[16.9, 17.5, 13.2, 17.6, 19.1], C-C-Sep=0.08, ║∇J║=5.2e-04
Iteration 334/2000-----
currents: [100000.0, 99999.99999822349, 99999.99999805748, 99999.99999800367, 99999.99999802872]
J=1.2e-04, ⟨Jf⟩=1.1e-04, ⟨B·n⟩=3.3e-03, Len=sum([2.3, 2.4, 2.4, 2.6, 2.6])=12.3, ϰ=[9.9, 9.1, 7.0, 8.8, 8.6], ∫ϰ²/L>=[16.9, 17.5, 13.2, 17.6, 19.1], C-C-Sep=0.08, ║∇J║=6.2e-04
Iteration 335/2000-----
currents: [100000.0, 99999.99999822282, 99999.99999805698, 99999.99999800303, 99999.99999802808]
J=1.2e-04, ⟨Jf⟩=1.1e-04, ⟨B·n⟩=3.3e-03, Len=sum([2.3, 2.4, 2.4, 2.6, 2.6])=12.3, ϰ=[9.9, 9.1, 7.0, 8.7, 8.6], ∫ϰ²/L>=[16.9, 17.5, 13.2, 17.6, 19.1], C-C-Sep=0.08, ║∇J║=6.4e-04
Iteration 336/2000-----
currents: [100000.0, 99999.9999982181, 99999.99999805265, 99999.99999799764, 99999.99999802287]
J=1.2e-04, ⟨Jf⟩=1.1e-04, ⟨B·n⟩=3.3e-03, Len=sum([2.3, 2.4, 2.4, 2.6, 2.6])=12.3, ϰ=[9.9, 9.1, 7.0, 8.7, 8.6], ∫ϰ²/L>=[16.9, 17.6, 13.1, 17.6, 19.1], C-C-Sep=0.08, ║∇J║=5.6e-04
Iteration 337/2000-----
currents: [100000.0, 99999.99999821029, 99999.99999804537, 99999.99999798853, 99999.99999801409]
J=1.2e-04, ⟨Jf⟩=1.1e-04, ⟨B·n⟩=3.3e-03, Len=sum([2.3, 2.4, 2.4, 2.6, 2.6])=12.3, ϰ=[9.9, 9.1, 6.9, 8.7, 8.7], ∫ϰ²/L>=[16.9, 17.6, 13.1, 17.6, 19.1], C-C-Sep=0.08, ║∇J║=5.9e-04
Iteration 338/2000-----
currents: [100000.0, 99999.99999820499, 99999.99999804044, 99999.99999798239, 99999.9999980082]
J=1.2e-04, ⟨Jf⟩=1.1e-04, ⟨B·n⟩=3.3e-03, Len=sum([2.3, 2.4, 2.4, 2.6, 2.6])=12.3, ϰ=[9.9, 9.1, 6.9, 8.7, 8.7], ∫ϰ²/L>=[16.8, 17.6, 13.1, 17.6, 19.1], C-C-Sep=0.08, ║∇J║=6.4e-04
Iteration 339/2000-----
currents: [100000.0, 99999.99999819846, 99999.9999980343, 99999.99999797474, 99999.99999800089]
J=1.2e-04, ⟨Jf⟩=1.1e-04, ⟨B·n⟩=3.3e-03, Len=sum([2.3, 2.4, 2.4, 2.6, 2.6])=12.3, ϰ=[9.9, 9.1, 6.9, 8.7, 8.7], ∫ϰ²/L>=[16.8, 17.6, 13.1, 17.6, 19.1], C-C-Sep=0.08, ║∇J║=6.1e-04
Iteration 340/2000-----
currents: [100000.0, 99999.99999819208, 99999.99999802832, 99999.99999796727, 99999.9999979938]
J=1.2e-04, ⟨Jf⟩=1.1e-04, ⟨B·n⟩=3.3e-03, Len=sum([2.4, 2.4, 2.4, 2.6, 2.6])=12.3, ϰ=[9.8, 9.1, 6.9, 8.7, 8.7], ∫ϰ²/L>=[16.8, 17.6, 13.1, 17.6, 19.1], C-C-Sep=0.08, ║∇J║=7.0e-04
Iteration 341/2000-----
currents: [100000.0, 99999.9999981892, 99999.99999802573, 99999.99999796401, 99999.99999799073]
J=1.2e-04, ⟨Jf⟩=1.1e-04, ⟨B·n⟩=3.3e-03, Len=sum([2.4, 2.4, 2.4, 2.6, 2.6])=12.3, ϰ=[9.8, 9.0, 6.9, 8.7, 8.7], ∫ϰ²/L>=[16.8, 17.6, 13.1, 17.6, 19.1], C-C-Sep=0.08, ║∇J║=6.9e-04
Iteration 342/2000-----
currents: [100000.0, 99999.99999818545, 99999.9999980224, 99999.99999795973, 99999.99999798667]
J=1.2e-04, ⟨Jf⟩=1.1e-04, ⟨B·n⟩=3.3e-03, Len=sum([2.4, 2.4, 2.4, 2.6, 2.6])=12.3, ϰ=[9.7, 9.0, 7.0, 8.7, 8.7], ∫ϰ²/L>=[16.8, 17.6, 13.1, 17.7, 19.1], C-C-Sep=0.08, ║∇J║=6.2e-04
Iteration 343/2000-----
currents: [100000.0, 99999.99999818121, 99999.99999801857, 99999.99999795499, 99999.99999798216]
J=1.2e-04, ⟨Jf⟩=1.1e-04, ⟨B·n⟩=3.3e-03, Len=sum([2.4, 2.4, 2.4, 2.6, 2.6])=12.3, ϰ=[9.7, 9.0, 7.0, 8.7, 8.8], ∫ϰ²/L>=[16.8, 17.6, 13.1, 17.7, 19.1], C-C-Sep=0.08, ║∇J║=6.2e-04
Iteration 344/2000-----
currents: [100000.0, 99999.99999817878, 99999.99999801638, 99999.99999795224, 99999.99999797951]
J=1.2e-04, ⟨Jf⟩=1.1e-04, ⟨B·n⟩=3.3e-03, Len=sum([2.4, 2.4, 2.4, 2.6, 2.6])=12.3, ϰ=[9.7, 8.9, 7.0, 8.7, 8.8], ∫ϰ²/L>=[16.9, 17.6, 13.1, 17.7, 19.1], C-C-Sep=0.08, ║∇J║=4.9e-04
Iteration 345/2000-----
currents: [100000.0, 99999.99999817373, 99999.99999801167, 99999.99999794643, 99999.99999797386]
J=1.2e-04, ⟨Jf⟩=1.1e-04, ⟨B·n⟩=3.3e-03, Len=sum([2.4, 2.4, 2.4, 2.6, 2.6])=12.3, ϰ=[9.7, 8.9, 7.0, 8.7, 8.8], ∫ϰ²/L>=[16.9, 17.6, 13.1, 17.7, 19.1], C-C-Sep=0.08, ║∇J║=5.4e-04
Iteration 346/2000-----
currents: [100000.0, 99999.99999817058, 99999.99999800883, 99999.99999794288, 99999.99999797044]
J=1.2e-04, ⟨Jf⟩=1.1e-04, ⟨B·n⟩=3.3e-03, Len=sum([2.4, 2.4, 2.4, 2.6, 2.6])=12.3, ϰ=[9.7, 8.9, 6.9, 8.7, 8.7], ∫ϰ²/L>=[16.9, 17.6, 13.1, 17.7, 19.1], C-C-Sep=0.08, ║∇J║=6.9e-04
Iteration 347/2000-----
currents: [100000.0, 99999.99999816323, 99999.99999800183, 99999.99999793431, 99999.9999979621]
J=1.2e-04, ⟨Jf⟩=1.1e-04, ⟨B·n⟩=3.3e-03, Len=sum([2.4, 2.4, 2.4, 2.6, 2.6])=12.3, ϰ=[9.7, 8.9, 7.0, 8.7, 8.7], ∫ϰ²/L>=[17.0, 17.6, 13.1, 17.7, 19.1], C-C-Sep=0.08, ║∇J║=6.9e-04
Iteration 348/2000-----
currents: [100000.0, 99999.99999815947, 99999.99999799844, 99999.99999793014, 99999.99999795813]
J=1.2e-04, ⟨Jf⟩=1.1e-04, ⟨B·n⟩=3.3e-03, Len=sum([2.4, 2.4, 2.4, 2.6, 2.6])=12.3, ϰ=[9.7, 8.8, 6.9, 8.7, 8.7], ∫ϰ²/L>=[17.0, 17.6, 13.1, 17.7, 19.1], C-C-Sep=0.08, ║∇J║=6.1e-04
Iteration 349/2000-----
currents: [100000.0, 99999.99999815246, 99999.99999799176, 99999.99999792193, 99999.99999795022]
J=1.2e-04, ⟨Jf⟩=1.1e-04, ⟨B·n⟩=3.3e-03, Len=sum([2.4, 2.4, 2.4, 2.6, 2.6])=12.3, ϰ=[9.7, 8.8, 7.0, 8.7, 8.7], ∫ϰ²/L>=[17.0, 17.6, 13.1, 17.8, 19.1], C-C-Sep=0.08, ║∇J║=6.8e-04
Iteration 350/2000-----
currents: [100000.0, 99999.99999815029, 99999.99999798984, 99999.99999791948, 99999.99999794795]
J=1.2e-04, ⟨Jf⟩=1.1e-04, ⟨B·n⟩=3.3e-03, Len=sum([2.4, 2.4, 2.4, 2.6, 2.6])=12.3, ϰ=[9.7, 8.8, 6.9, 8.7, 8.7], ∫ϰ²/L>=[17.0, 17.5, 13.1, 17.8, 19.1], C-C-Sep=0.08, ║∇J║=6.3e-04
Iteration 351/2000-----
currents: [100000.0, 99999.99999814303, 99999.999997983, 99999.99999791101, 99999.99999793978]
J=1.2e-04, ⟨Jf⟩=1.1e-04, ⟨B·n⟩=3.3e-03, Len=sum([2.4, 2.4, 2.4, 2.6, 2.6])=12.3, ϰ=[9.8, 8.7, 7.0, 8.7, 8.7], ∫ϰ²/L>=[17.0, 17.5, 13.1, 17.8, 19.1], C-C-Sep=0.08, ║∇J║=5.9e-04
Iteration 352/2000-----
currents: [100000.0, 99999.99999813769, 99999.99999797788, 99999.99999790466, 99999.99999793364]
J=1.2e-04, ⟨Jf⟩=1.1e-04, ⟨B·n⟩=3.3e-03, Len=sum([2.4, 2.4, 2.4, 2.6, 2.6])=12.3, ϰ=[9.8, 8.8, 7.0, 8.8, 8.7], ∫ϰ²/L>=[17.0, 17.5, 13.1, 17.8, 19.1], C-C-Sep=0.08, ║∇J║=6.0e-04
Iteration 353/2000-----
currents: [100000.0, 99999.99999813196, 99999.99999797237, 99999.99999789784, 99999.99999792705]
J=1.2e-04, ⟨Jf⟩=1.1e-04, ⟨B·n⟩=3.3e-03, Len=sum([2.4, 2.4, 2.4, 2.6, 2.6])=12.3, ϰ=[9.8, 8.8, 7.0, 8.8, 8.7], ∫ϰ²/L>=[17.1, 17.5, 13.1, 17.8, 19.2], C-C-Sep=0.08, ║∇J║=5.9e-04
Iteration 354/2000-----
currents: [100000.0, 99999.9999981243, 99999.99999796506, 99999.99999788887, 99999.9999979184]
J=1.2e-04, ⟨Jf⟩=1.1e-04, ⟨B·n⟩=3.3e-03, Len=sum([2.4, 2.4, 2.4, 2.6, 2.6])=12.3, ϰ=[9.7, 8.8, 7.0, 8.8, 8.7], ∫ϰ²/L>=[17.1, 17.4, 13.1, 17.8, 19.2], C-C-Sep=0.08, ║∇J║=6.5e-04
Iteration 355/2000-----
currents: [100000.0, 99999.99999811698, 99999.99999795806, 99999.99999788032, 99999.99999791021]
J=1.2e-04, ⟨Jf⟩=1.1e-04, ⟨B·n⟩=3.3e-03, Len=sum([2.4, 2.4, 2.4, 2.6, 2.6])=12.3, ϰ=[9.7, 8.8, 7.0, 8.8, 8.7], ∫ϰ²/L>=[17.0, 17.4, 13.2, 17.9, 19.2], C-C-Sep=0.08, ║∇J║=6.3e-04
Iteration 356/2000-----
currents: [100000.0, 99999.99999811294, 99999.99999795426, 99999.99999787577, 99999.99999790589]
J=1.2e-04, ⟨Jf⟩=1.1e-04, ⟨B·n⟩=3.2e-03, Len=sum([2.4, 2.4, 2.4, 2.6, 2.6])=12.3, ϰ=[9.7, 8.8, 7.0, 8.9, 8.7], ∫ϰ²/L>=[17.0, 17.4, 13.2, 17.9, 19.2], C-C-Sep=0.08, ║∇J║=5.7e-04
Iteration 357/2000-----
currents: [100000.0, 99999.9999981087, 99999.99999795032, 99999.999997871, 99999.99999790137]
J=1.2e-04, ⟨Jf⟩=1.1e-04, ⟨B·n⟩=3.2e-03, Len=sum([2.4, 2.4, 2.4, 2.6, 2.6])=12.3, ϰ=[9.7, 8.8, 7.0, 8.9, 8.7], ∫ϰ²/L>=[17.0, 17.4, 13.2, 17.9, 19.2], C-C-Sep=0.08, ║∇J║=5.5e-04
Iteration 358/2000-----
currents: [100000.0, 99999.99999810668, 99999.99999794847, 99999.99999786883, 99999.99999789936]
J=1.2e-04, ⟨Jf⟩=1.1e-04, ⟨B·n⟩=3.2e-03, Len=sum([2.4, 2.4, 2.4, 2.6, 2.6])=12.3, ϰ=[9.7, 8.8, 7.0, 9.0, 8.6], ∫ϰ²/L>=[17.0, 17.4, 13.2, 17.9, 19.2], C-C-Sep=0.08, ║∇J║=5.8e-04
Iteration 359/2000-----
currents: [100000.0, 99999.9999980986, 99999.99999794089, 99999.99999785954, 99999.99999789051]
J=1.2e-04, ⟨Jf⟩=1.1e-04, ⟨B·n⟩=3.2e-03, Len=sum([2.4, 2.4, 2.4, 2.6, 2.6])=12.3, ϰ=[9.8, 8.7, 7.0, 9.1, 8.6], ∫ϰ²/L>=[17.0, 17.4, 13.2, 18.0, 19.2], C-C-Sep=0.08, ║∇J║=6.1e-04
Iteration 360/2000-----
currents: [100000.0, 99999.9999980936, 99999.99999793613, 99999.99999785377, 99999.99999788502]
J=1.2e-04, ⟨Jf⟩=1.1e-04, ⟨B·n⟩=3.2e-03, Len=sum([2.4, 2.4, 2.4, 2.6, 2.6])=12.3, ϰ=[9.9, 8.7, 7.0, 9.1, 8.6], ∫ϰ²/L>=[17.0, 17.4, 13.2, 18.0, 19.2], C-C-Sep=0.08, ║∇J║=6.4e-04
Iteration 361/2000-----
currents: [100000.0, 99999.99999808664, 99999.99999792948, 99999.99999784559, 99999.9999978772]
J=1.2e-04, ⟨Jf⟩=1.1e-04, ⟨B·n⟩=3.2e-03, Len=sum([2.4, 2.4, 2.4, 2.6, 2.6])=12.3, ϰ=[9.9, 8.7, 7.0, 9.1, 8.6], ∫ϰ²/L>=[17.1, 17.4, 13.2, 18.0, 19.2], C-C-Sep=0.08, ║∇J║=5.2e-04
Iteration 362/2000-----
currents: [100000.0, 99999.99999808388, 99999.9999979268, 99999.99999784229, 99999.99999787407]
J=1.2e-04, ⟨Jf⟩=1.1e-04, ⟨B·n⟩=3.2e-03, Len=sum([2.4, 2.4, 2.4, 2.6, 2.6])=12.3, ϰ=[9.9, 8.7, 6.9, 9.1, 8.6], ∫ϰ²/L>=[17.1, 17.4, 13.2, 18.0, 19.2], C-C-Sep=0.08, ║∇J║=5.1e-04
Iteration 363/2000-----
currents: [100000.0, 99999.99999807839, 99999.99999792156, 99999.99999783585, 99999.99999786793]
J=1.2e-04, ⟨Jf⟩=1.1e-04, ⟨B·n⟩=3.2e-03, Len=sum([2.4, 2.4, 2.4, 2.6, 2.6])=12.3, ϰ=[9.9, 8.6, 6.9, 9.1, 8.6], ∫ϰ²/L>=[17.1, 17.4, 13.3, 18.0, 19.2], C-C-Sep=0.08, ║∇J║=5.2e-04
Iteration 364/2000-----
currents: [100000.0, 99999.99999807608, 99999.99999791937, 99999.99999783319, 99999.99999786547]
J=1.2e-04, ⟨Jf⟩=1.1e-04, ⟨B·n⟩=3.2e-03, Len=sum([2.4, 2.4, 2.4, 2.6, 2.6])=12.3, ϰ=[9.9, 8.6, 6.8, 9.1, 8.6], ∫ϰ²/L>=[17.1, 17.4, 13.3, 18.0, 19.2], C-C-Sep=0.08, ║∇J║=4.9e-04
Iteration 365/2000-----
currents: [100000.0, 99999.99999807008, 99999.99999791374, 99999.99999782632, 99999.99999785899]
J=1.2e-04, ⟨Jf⟩=1.1e-04, ⟨B·n⟩=3.2e-03, Len=sum([2.4, 2.4, 2.4, 2.6, 2.6])=12.3, ϰ=[10.0, 8.6, 6.9, 9.1, 8.7], ∫ϰ²/L>=[17.1, 17.4, 13.3, 18.0, 19.2], C-C-Sep=0.08, ║∇J║=5.7e-04
Iteration 366/2000-----
currents: [100000.0, 99999.99999806794, 99999.99999791174, 99999.99999782385, 99999.99999785669]
J=1.2e-04, ⟨Jf⟩=1.1e-04, ⟨B·n⟩=3.2e-03, Len=sum([2.4, 2.4, 2.4, 2.6, 2.6])=12.3, ϰ=[10.0, 8.6, 6.9, 9.1, 8.7], ∫ϰ²/L>=[17.1, 17.4, 13.3, 18.0, 19.2], C-C-Sep=0.08, ║∇J║=4.3e-04
Iteration 367/2000-----
currents: [100000.0, 99999.99999806483, 99999.99999790877, 99999.99999782021, 99999.99999785326]
J=1.2e-04, ⟨Jf⟩=1.1e-04, ⟨B·n⟩=3.2e-03, Len=sum([2.4, 2.4, 2.4, 2.5, 2.6])=12.3, ϰ=[10.0, 8.6, 7.0, 9.1, 8.8], ∫ϰ²/L>=[17.1, 17.5, 13.3, 18.0, 19.2], C-C-Sep=0.08, ║∇J║=4.2e-04
Iteration 368/2000-----
currents: [100000.0, 99999.99999806046, 99999.9999979046, 99999.99999781504, 99999.99999784835]
J=1.2e-04, ⟨Jf⟩=1.1e-04, ⟨B·n⟩=3.2e-03, Len=sum([2.4, 2.4, 2.4, 2.5, 2.6])=12.3, ϰ=[10.0, 8.6, 7.0, 9.0, 8.8], ∫ϰ²/L>=[17.1, 17.5, 13.3, 18.0, 19.2], C-C-Sep=0.08, ║∇J║=4.7e-04
Iteration 369/2000-----
currents: [100000.0, 99999.99999805234, 99999.99999789681, 99999.99999780548, 99999.99999783927]
J=1.2e-04, ⟨Jf⟩=1.1e-04, ⟨B·n⟩=3.2e-03, Len=sum([2.4, 2.4, 2.4, 2.5, 2.6])=12.3, ϰ=[10.0, 8.6, 7.1, 9.0, 8.8], ∫ϰ²/L>=[17.1, 17.5, 13.3, 18.0, 19.2], C-C-Sep=0.08, ║∇J║=5.3e-04
Iteration 370/2000-----
currents: [100000.0, 99999.99999804635, 99999.99999789111, 99999.99999779844, 99999.99999783262]
J=1.2e-04, ⟨Jf⟩=1.1e-04, ⟨B·n⟩=3.2e-03, Len=sum([2.4, 2.4, 2.4, 2.5, 2.6])=12.3, ϰ=[10.0, 8.6, 7.2, 8.9, 8.8], ∫ϰ²/L>=[17.1, 17.5, 13.3, 18.0, 19.2], C-C-Sep=0.08, ║∇J║=5.8e-04
Iteration 371/2000-----
currents: [100000.0, 99999.9999980403, 99999.99999788536, 99999.99999779138, 99999.99999782597]
J=1.2e-04, ⟨Jf⟩=1.1e-04, ⟨B·n⟩=3.2e-03, Len=sum([2.4, 2.4, 2.4, 2.5, 2.6])=12.3, ϰ=[10.0, 8.6, 7.2, 8.9, 8.8], ∫ϰ²/L>=[17.1, 17.5, 13.3, 17.9, 19.2], C-C-Sep=0.08, ║∇J║=4.7e-04
Iteration 372/2000-----
currents: [100000.0, 99999.99999803767, 99999.99999788293, 99999.99999778841, 99999.99999782321]
J=1.2e-04, ⟨Jf⟩=1.1e-04, ⟨B·n⟩=3.2e-03, Len=sum([2.4, 2.4, 2.4, 2.5, 2.6])=12.3, ϰ=[10.0, 8.6, 7.2, 8.9, 8.8], ∫ϰ²/L>=[17.1, 17.5, 13.3, 17.9, 19.2], C-C-Sep=0.08, ║∇J║=4.3e-04
Iteration 373/2000-----
currents: [100000.0, 99999.99999803658, 99999.99999788188, 99999.99999778715, 99999.99999782207]
J=1.2e-04, ⟨Jf⟩=1.1e-04, ⟨B·n⟩=3.2e-03, Len=sum([2.4, 2.4, 2.4, 2.5, 2.6])=12.3, ϰ=[10.0, 8.6, 7.2, 8.9, 8.8], ∫ϰ²/L>=[17.1, 17.5, 13.3, 17.9, 19.2], C-C-Sep=0.08, ║∇J║=4.2e-04
Iteration 374/2000-----
currents: [100000.0, 99999.99999803356, 99999.99999787903, 99999.99999778367, 99999.99999781884]
J=1.2e-04, ⟨Jf⟩=1.1e-04, ⟨B·n⟩=3.2e-03, Len=sum([2.4, 2.4, 2.4, 2.5, 2.6])=12.3, ϰ=[10.0, 8.7, 7.2, 9.0, 8.9], ∫ϰ²/L>=[17.1, 17.5, 13.3, 17.9, 19.2], C-C-Sep=0.08, ║∇J║=4.3e-04
Iteration 375/2000-----
currents: [100000.0, 99999.99999802919, 99999.99999787475, 99999.99999777848, 99999.99999781398]
J=1.2e-04, ⟨Jf⟩=1.1e-04, ⟨B·n⟩=3.2e-03, Len=sum([2.4, 2.4, 2.4, 2.5, 2.6])=12.3, ϰ=[10.0, 8.7, 7.2, 9.0, 8.9], ∫ϰ²/L>=[17.1, 17.5, 13.3, 17.8, 19.2], C-C-Sep=0.08, ║∇J║=5.8e-04
Iteration 376/2000-----
currents: [100000.0, 99999.99999802317, 99999.999997869, 99999.99999777137, 99999.99999780727]
J=1.2e-04, ⟨Jf⟩=1.1e-04, ⟨B·n⟩=3.2e-03, Len=sum([2.4, 2.4, 2.4, 2.5, 2.6])=12.3, ϰ=[10.0, 8.7, 7.2, 9.0, 8.9], ∫ϰ²/L>=[17.2, 17.5, 13.3, 17.8, 19.2], C-C-Sep=0.08, ║∇J║=4.4e-04
Iteration 377/2000-----
currents: [100000.0, 99999.99999801783, 99999.9999978638, 99999.999997765, 99999.9999978012]
J=1.2e-04, ⟨Jf⟩=1.1e-04, ⟨B·n⟩=3.2e-03, Len=sum([2.4, 2.4, 2.4, 2.5, 2.6])=12.3, ϰ=[10.0, 8.8, 7.2, 9.0, 8.9], ∫ϰ²/L>=[17.2, 17.5, 13.3, 17.8, 19.2], C-C-Sep=0.08, ║∇J║=4.3e-04
Iteration 378/2000-----
currents: [100000.0, 99999.99999801212, 99999.99999785826, 99999.99999775818, 99999.99999779474]
J=1.2e-04, ⟨Jf⟩=1.1e-04, ⟨B·n⟩=3.2e-03, Len=sum([2.4, 2.4, 2.4, 2.5, 2.6])=12.3, ϰ=[10.0, 8.8, 7.2, 9.0, 9.0], ∫ϰ²/L>=[17.2, 17.5, 13.3, 17.8, 19.2], C-C-Sep=0.08, ║∇J║=4.6e-04
Iteration 379/2000-----
currents: [100000.0, 99999.99999800557, 99999.99999785186, 99999.99999775036, 99999.99999778734]
J=1.2e-04, ⟨Jf⟩=1.1e-04, ⟨B·n⟩=3.2e-03, Len=sum([2.4, 2.4, 2.4, 2.5, 2.6])=12.3, ϰ=[10.0, 8.8, 7.2, 9.0, 8.9], ∫ϰ²/L>=[17.2, 17.5, 13.3, 17.8, 19.2], C-C-Sep=0.08, ║∇J║=4.7e-04
Iteration 380/2000-----
currents: [100000.0, 99999.99999799994, 99999.99999784639, 99999.99999774368, 99999.99999778105]
J=1.2e-04, ⟨Jf⟩=1.1e-04, ⟨B·n⟩=3.2e-03, Len=sum([2.4, 2.4, 2.4, 2.5, 2.6])=12.3, ϰ=[10.0, 8.8, 7.2, 9.0, 9.0], ∫ϰ²/L>=[17.2, 17.5, 13.3, 17.8, 19.2], C-C-Sep=0.08, ║∇J║=4.8e-04
Iteration 381/2000-----
currents: [100000.0, 99999.99999799585, 99999.99999784247, 99999.99999773891, 99999.99999777661]
J=1.2e-04, ⟨Jf⟩=1.1e-04, ⟨B·n⟩=3.2e-03, Len=sum([2.4, 2.4, 2.4, 2.5, 2.6])=12.3, ϰ=[10.0, 8.8, 7.1, 9.0, 9.0], ∫ϰ²/L>=[17.2, 17.5, 13.3, 17.8, 19.2], C-C-Sep=0.08, ║∇J║=4.6e-04
Iteration 382/2000-----
currents: [100000.0, 99999.99999799208, 99999.99999783887, 99999.99999773456, 99999.9999977726]
J=1.2e-04, ⟨Jf⟩=1.1e-04, ⟨B·n⟩=3.2e-03, Len=sum([2.4, 2.4, 2.4, 2.5, 2.6])=12.3, ϰ=[10.0, 8.9, 7.1, 9.0, 9.0], ∫ϰ²/L>=[17.2, 17.6, 13.3, 17.8, 19.2], C-C-Sep=0.08, ║∇J║=4.6e-04
Iteration 383/2000-----
currents: [100000.0, 99999.99999798834, 99999.99999783536, 99999.99999773031, 99999.99999776871]
J=1.2e-04, ⟨Jf⟩=1.1e-04, ⟨B·n⟩=3.2e-03, Len=sum([2.4, 2.4, 2.4, 2.5, 2.6])=12.3, ϰ=[10.0, 8.9, 7.0, 9.0, 9.1], ∫ϰ²/L>=[17.2, 17.6, 13.3, 17.9, 19.2], C-C-Sep=0.08, ║∇J║=4.9e-04
Iteration 384/2000-----
currents: [100000.0, 99999.99999798424, 99999.99999783143, 99999.99999772552, 99999.99999776429]
J=1.2e-04, ⟨Jf⟩=1.1e-04, ⟨B·n⟩=3.2e-03, Len=sum([2.4, 2.4, 2.4, 2.5, 2.6])=12.3, ϰ=[9.9, 8.9, 7.0, 9.1, 9.1], ∫ϰ²/L>=[17.2, 17.6, 13.3, 17.9, 19.2], C-C-Sep=0.08, ║∇J║=3.9e-04
Iteration 385/2000-----
currents: [100000.0, 99999.9999979798, 99999.99999782712, 99999.99999772027, 99999.99999775944]
J=1.2e-04, ⟨Jf⟩=1.1e-04, ⟨B·n⟩=3.2e-03, Len=sum([2.4, 2.4, 2.4, 2.5, 2.6])=12.3, ϰ=[9.9, 9.0, 7.0, 9.1, 9.1], ∫ϰ²/L>=[17.2, 17.6, 13.3, 17.9, 19.3], C-C-Sep=0.08, ║∇J║=3.7e-04
Iteration 386/2000-----
currents: [100000.0, 99999.99999797424, 99999.99999782175, 99999.99999771372, 99999.99999775337]
J=1.2e-04, ⟨Jf⟩=1.1e-04, ⟨B·n⟩=3.2e-03, Len=sum([2.4, 2.4, 2.4, 2.5, 2.6])=12.3, ϰ=[9.9, 8.9, 7.0, 9.1, 9.2], ∫ϰ²/L>=[17.2, 17.5, 13.3, 17.9, 19.3], C-C-Sep=0.08, ║∇J║=4.1e-04
Iteration 387/2000-----
currents: [100000.0, 99999.99999796759, 99999.9999978152, 99999.99999770569, 99999.99999774597]
J=1.2e-04, ⟨Jf⟩=1.1e-04, ⟨B·n⟩=3.2e-03, Len=sum([2.4, 2.4, 2.4, 2.5, 2.6])=12.3, ϰ=[9.8, 9.0, 7.0, 9.1, 9.2], ∫ϰ²/L>=[17.2, 17.5, 13.3, 17.9, 19.3], C-C-Sep=0.08, ║∇J║=6.0e-04
Iteration 388/2000-----
currents: [100000.0, 99999.99999796455, 99999.99999781212, 99999.99999770195, 99999.99999774253]
J=1.2e-04, ⟨Jf⟩=1.1e-04, ⟨B·n⟩=3.2e-03, Len=sum([2.4, 2.4, 2.4, 2.5, 2.6])=12.3, ϰ=[9.8, 8.9, 7.0, 9.1, 9.2], ∫ϰ²/L>=[17.2, 17.5, 13.2, 18.0, 19.3], C-C-Sep=0.08, ║∇J║=4.0e-04
Iteration 389/2000-----
currents: [100000.0, 99999.999997962, 99999.99999780957, 99999.99999769883, 99999.99999773968]
J=1.2e-04, ⟨Jf⟩=1.1e-04, ⟨B·n⟩=3.2e-03, Len=sum([2.4, 2.4, 2.4, 2.5, 2.6])=12.3, ϰ=[9.9, 8.9, 7.0, 9.1, 9.2], ∫ϰ²/L>=[17.2, 17.5, 13.2, 18.0, 19.3], C-C-Sep=0.08, ║∇J║=3.8e-04
Iteration 390/2000-----
currents: [100000.0, 99999.99999796199, 99999.99999780946, 99999.9999976987, 99999.99999773962]
J=1.2e-04, ⟨Jf⟩=1.1e-04, ⟨B·n⟩=3.2e-03, Len=sum([2.4, 2.4, 2.4, 2.5, 2.6])=12.3, ϰ=[9.9, 8.9, 6.9, 9.1, 9.2], ∫ϰ²/L>=[17.2, 17.6, 13.2, 18.0, 19.3], C-C-Sep=0.08, ║∇J║=4.0e-04
Iteration 391/2000-----
currents: [100000.0, 99999.99999795521, 99999.99999780279, 99999.99999769057, 99999.99999773197]
J=1.2e-04, ⟨Jf⟩=1.1e-04, ⟨B·n⟩=3.2e-03, Len=sum([2.4, 2.4, 2.4, 2.5, 2.6])=12.3, ϰ=[10.0, 9.0, 6.9, 9.1, 9.2], ∫ϰ²/L>=[17.2, 17.6, 13.2, 18.0, 19.3], C-C-Sep=0.08, ║∇J║=4.0e-04
Iteration 392/2000-----
currents: [100000.0, 99999.9999979552, 99999.9999978027, 99999.99999769052, 99999.99999773217]
J=1.2e-04, ⟨Jf⟩=1.1e-04, ⟨B·n⟩=3.2e-03, Len=sum([2.4, 2.4, 2.4, 2.5, 2.6])=12.3, ϰ=[10.0, 9.0, 6.9, 9.2, 9.3], ∫ϰ²/L>=[17.2, 17.6, 13.2, 18.0, 19.3], C-C-Sep=0.08, ║∇J║=4.6e-04
Iteration 393/2000-----
currents: [100000.0, 99999.9999979481, 99999.99999779591, 99999.99999768223, 99999.99999772436]
J=1.2e-04, ⟨Jf⟩=1.1e-04, ⟨B·n⟩=3.2e-03, Len=sum([2.4, 2.4, 2.4, 2.5, 2.6])=12.3, ϰ=[10.0, 9.0, 6.9, 9.2, 9.3], ∫ϰ²/L>=[17.2, 17.6, 13.2, 18.0, 19.3], C-C-Sep=0.08, ║∇J║=3.9e-04
Iteration 394/2000-----
currents: [100000.0, 99999.9999979455, 99999.99999779332, 99999.99999767909, 99999.9999977215]
J=1.2e-04, ⟨Jf⟩=1.1e-04, ⟨B·n⟩=3.2e-03, Len=sum([2.4, 2.4, 2.4, 2.5, 2.6])=12.3, ϰ=[9.9, 9.0, 6.9, 9.1, 9.3], ∫ϰ²/L>=[17.2, 17.6, 13.2, 18.0, 19.3], C-C-Sep=0.08, ║∇J║=3.7e-04
Iteration 395/2000-----
currents: [100000.0, 99999.99999794217, 99999.99999779012, 99999.99999767522, 99999.99999771794]
J=1.2e-04, ⟨Jf⟩=1.1e-04, ⟨B·n⟩=3.2e-03, Len=sum([2.4, 2.4, 2.4, 2.5, 2.6])=12.3, ϰ=[9.9, 9.0, 6.9, 9.1, 9.3], ∫ϰ²/L>=[17.2, 17.6, 13.1, 18.0, 19.3], C-C-Sep=0.08, ║∇J║=3.1e-04
Iteration 396/2000-----
currents: [100000.0, 99999.99999794191, 99999.99999778981, 99999.99999767488, 99999.99999771781]
J=1.2e-04, ⟨Jf⟩=1.1e-04, ⟨B·n⟩=3.2e-03, Len=sum([2.4, 2.4, 2.4, 2.5, 2.6])=12.3, ϰ=[9.9, 9.0, 6.9, 9.1, 9.4], ∫ϰ²/L>=[17.2, 17.6, 13.1, 18.0, 19.3], C-C-Sep=0.08, ║∇J║=3.3e-04
Iteration 397/2000-----
currents: [100000.0, 99999.99999793939, 99999.99999778731, 99999.9999976719, 99999.99999771513]
J=1.2e-04, ⟨Jf⟩=1.1e-04, ⟨B·n⟩=3.2e-03, Len=sum([2.4, 2.4, 2.4, 2.5, 2.6])=12.3, ϰ=[9.9, 9.0, 6.8, 9.1, 9.4], ∫ϰ²/L>=[17.1, 17.6, 13.1, 18.1, 19.3], C-C-Sep=0.08, ║∇J║=3.9e-04
Iteration 398/2000-----
currents: [100000.0, 99999.99999793491, 99999.99999778288, 99999.99999766653, 99999.99999771021]
J=1.2e-04, ⟨Jf⟩=1.1e-04, ⟨B·n⟩=3.2e-03, Len=sum([2.4, 2.4, 2.4, 2.5, 2.6])=12.3, ϰ=[9.9, 9.0, 6.8, 9.2, 9.4], ∫ϰ²/L>=[17.1, 17.6, 13.0, 18.1, 19.3], C-C-Sep=0.08, ║∇J║=3.6e-04
Iteration 399/2000-----
currents: [100000.0, 99999.9999979317, 99999.99999777976, 99999.99999766274, 99999.99999770672]
J=1.2e-04, ⟨Jf⟩=1.1e-04, ⟨B·n⟩=3.2e-03, Len=sum([2.4, 2.4, 2.4, 2.5, 2.6])=12.3, ϰ=[9.9, 9.0, 6.7, 9.2, 9.5], ∫ϰ²/L>=[17.1, 17.5, 13.0, 18.1, 19.4], C-C-Sep=0.08, ║∇J║=3.0e-04
Iteration 400/2000-----
currents: [100000.0, 99999.99999792587, 99999.9999977741, 99999.9999976558, 99999.99999770023]
J=1.2e-04, ⟨Jf⟩=1.1e-04, ⟨B·n⟩=3.2e-03, Len=sum([2.4, 2.4, 2.4, 2.5, 2.6])=12.3, ϰ=[9.9, 9.1, 6.7, 9.2, 9.5], ∫ϰ²/L>=[17.1, 17.5, 13.0, 18.1, 19.4], C-C-Sep=0.08, ║∇J║=3.3e-04
Iteration 401/2000-----
currents: [100000.0, 99999.99999791963, 99999.99999776806, 99999.99999764837, 99999.9999976933]
J=1.2e-04, ⟨Jf⟩=1.1e-04, ⟨B·n⟩=3.2e-03, Len=sum([2.4, 2.4, 2.4, 2.5, 2.6])=12.3, ϰ=[9.9, 9.1, 6.7, 9.2, 9.5], ∫ϰ²/L>=[17.1, 17.5, 13.0, 18.1, 19.4], C-C-Sep=0.08, ║∇J║=3.9e-04
Iteration 402/2000-----
currents: [100000.0, 99999.99999791112, 99999.99999775975, 99999.9999976381, 99999.99999768376]
J=1.2e-04, ⟨Jf⟩=1.1e-04, ⟨B·n⟩=3.2e-03, Len=sum([2.4, 2.4, 2.4, 2.5, 2.6])=12.3, ϰ=[9.9, 9.1, 6.8, 9.2, 9.6], ∫ϰ²/L>=[17.1, 17.5, 13.0, 18.1, 19.4], C-C-Sep=0.08, ║∇J║=3.9e-04
Iteration 403/2000-----
currents: [100000.0, 99999.99999790458, 99999.99999775336, 99999.99999763018, 99999.99999767645]
J=1.2e-04, ⟨Jf⟩=1.1e-04, ⟨B·n⟩=3.2e-03, Len=sum([2.4, 2.4, 2.4, 2.5, 2.6])=12.3, ϰ=[9.9, 9.1, 6.8, 9.2, 9.7], ∫ϰ²/L>=[17.1, 17.5, 13.0, 18.1, 19.5], C-C-Sep=0.08, ║∇J║=3.8e-04
Iteration 404/2000-----
currents: [100000.0, 99999.99999789984, 99999.99999774863, 99999.9999976243, 99999.99999767107]
J=1.2e-04, ⟨Jf⟩=1.1e-04, ⟨B·n⟩=3.2e-03, Len=sum([2.4, 2.4, 2.4, 2.5, 2.6])=12.3, ϰ=[9.9, 9.1, 6.8, 9.2, 9.7], ∫ϰ²/L>=[17.1, 17.5, 13.0, 18.1, 19.5], C-C-Sep=0.08, ║∇J║=3.3e-04
Iteration 405/2000-----
currents: [100000.0, 99999.99999789774, 99999.99999774649, 99999.99999762162, 99999.99999766867]
J=1.2e-04, ⟨Jf⟩=1.1e-04, ⟨B·n⟩=3.2e-03, Len=sum([2.4, 2.4, 2.4, 2.5, 2.6])=12.3, ϰ=[9.9, 9.1, 6.8, 9.2, 9.7], ∫ϰ²/L>=[17.1, 17.5, 13.0, 18.1, 19.5], C-C-Sep=0.08, ║∇J║=3.3e-04
Iteration 406/2000-----
currents: [100000.0, 99999.99999789605, 99999.99999774477, 99999.9999976195, 99999.99999766675]
J=1.2e-04, ⟨Jf⟩=1.1e-04, ⟨B·n⟩=3.2e-03, Len=sum([2.4, 2.4, 2.4, 2.5, 2.6])=12.3, ϰ=[9.9, 9.0, 6.7, 9.2, 9.7], ∫ϰ²/L>=[17.1, 17.5, 13.0, 18.1, 19.5], C-C-Sep=0.08, ║∇J║=3.0e-04
Iteration 407/2000-----
currents: [100000.0, 99999.99999789518, 99999.99999774387, 99999.99999761838, 99999.99999766577]
J=1.2e-04, ⟨Jf⟩=1.1e-04, ⟨B·n⟩=3.2e-03, Len=sum([2.4, 2.4, 2.4, 2.5, 2.6])=12.3, ϰ=[9.9, 9.0, 6.7, 9.2, 9.7], ∫ϰ²/L>=[17.1, 17.5, 13.0, 18.1, 19.5], C-C-Sep=0.08, ║∇J║=3.0e-04
Iteration 408/2000-----
currents: [100000.0, 99999.99999789093, 99999.9999977397, 99999.99999761324, 99999.9999976611]
J=1.2e-04, ⟨Jf⟩=1.1e-04, ⟨B·n⟩=3.2e-03, Len=sum([2.4, 2.4, 2.4, 2.5, 2.6])=12.3, ϰ=[9.9, 9.0, 6.6, 9.2, 9.8], ∫ϰ²/L>=[17.0, 17.5, 13.0, 18.1, 19.5], C-C-Sep=0.08, ║∇J║=3.1e-04
Iteration 409/2000-----
currents: [100000.0, 99999.99999788706, 99999.99999773591, 99999.99999760854, 99999.99999765687]
J=1.2e-04, ⟨Jf⟩=1.1e-04, ⟨B·n⟩=3.2e-03, Len=sum([2.4, 2.4, 2.4, 2.5, 2.6])=12.3, ϰ=[9.8, 9.0, 6.5, 9.2, 9.8], ∫ϰ²/L>=[17.0, 17.5, 12.9, 18.1, 19.5], C-C-Sep=0.08, ║∇J║=3.7e-04
Iteration 410/2000-----
currents: [100000.0, 99999.99999788134, 99999.99999773034, 99999.99999760164, 99999.99999765058]
J=1.2e-04, ⟨Jf⟩=1.1e-04, ⟨B·n⟩=3.2e-03, Len=sum([2.4, 2.4, 2.4, 2.5, 2.6])=12.3, ϰ=[9.8, 8.9, 6.5, 9.2, 9.8], ∫ϰ²/L>=[17.0, 17.5, 12.9, 18.2, 19.5], C-C-Sep=0.08, ║∇J║=2.6e-04
Iteration 411/2000-----
currents: [100000.0, 99999.99999787947, 99999.9999977285, 99999.9999975993, 99999.99999764848]
J=1.2e-04, ⟨Jf⟩=1.1e-04, ⟨B·n⟩=3.2e-03, Len=sum([2.4, 2.4, 2.4, 2.5, 2.6])=12.3, ϰ=[9.8, 8.9, 6.6, 9.2, 9.8], ∫ϰ²/L>=[17.0, 17.5, 12.9, 18.2, 19.5], C-C-Sep=0.08, ║∇J║=2.5e-04
Iteration 412/2000-----
currents: [100000.0, 99999.99999787688, 99999.99999772597, 99999.99999759608, 99999.99999764556]
J=1.2e-04, ⟨Jf⟩=1.1e-04, ⟨B·n⟩=3.2e-03, Len=sum([2.4, 2.4, 2.4, 2.5, 2.6])=12.3, ϰ=[9.8, 8.9, 6.6, 9.2, 9.9], ∫ϰ²/L>=[17.0, 17.5, 12.9, 18.2, 19.5], C-C-Sep=0.08, ║∇J║=2.9e-04
Iteration 413/2000-----
currents: [100000.0, 99999.99999787474, 99999.99999772383, 99999.99999759329, 99999.99999764306]
J=1.2e-04, ⟨Jf⟩=1.1e-04, ⟨B·n⟩=3.2e-03, Len=sum([2.4, 2.4, 2.4, 2.6, 2.6])=12.3, ϰ=[9.9, 8.9, 6.5, 9.2, 9.9], ∫ϰ²/L>=[16.9, 17.5, 12.9, 18.2, 19.5], C-C-Sep=0.08, ║∇J║=3.3e-04
Iteration 414/2000-----
currents: [100000.0, 99999.9999978688, 99999.999997718, 99999.99999758587, 99999.99999763626]
J=1.2e-04, ⟨Jf⟩=1.1e-04, ⟨B·n⟩=3.2e-03, Len=sum([2.4, 2.4, 2.4, 2.6, 2.6])=12.3, ϰ=[9.9, 9.0, 6.5, 9.2, 9.9], ∫ϰ²/L>=[16.9, 17.5, 12.9, 18.2, 19.5], C-C-Sep=0.08, ║∇J║=3.2e-04
Iteration 415/2000-----
currents: [100000.0, 99999.99999786448, 99999.99999771372, 99999.99999758044, 99999.99999763131]
J=1.2e-04, ⟨Jf⟩=1.1e-04, ⟨B·n⟩=3.2e-03, Len=sum([2.4, 2.4, 2.4, 2.6, 2.6])=12.3, ϰ=[9.8, 9.0, 6.5, 9.2, 9.9], ∫ϰ²/L>=[16.9, 17.5, 12.9, 18.2, 19.6], C-C-Sep=0.08, ║∇J║=2.7e-04
Iteration 416/2000-----
currents: [100000.0, 99999.99999785991, 99999.99999770925, 99999.9999975748, 99999.99999762613]
J=1.2e-04, ⟨Jf⟩=1.1e-04, ⟨B·n⟩=3.2e-03, Len=sum([2.4, 2.4, 2.4, 2.6, 2.6])=12.3, ϰ=[9.8, 9.0, 6.6, 9.2, 9.9], ∫ϰ²/L>=[16.9, 17.5, 12.9, 18.2, 19.6], C-C-Sep=0.08, ║∇J║=2.6e-04
Iteration 417/2000-----
currents: [100000.0, 99999.99999785553, 99999.99999770493, 99999.9999975694, 99999.99999762117]
J=1.2e-04, ⟨Jf⟩=1.1e-04, ⟨B·n⟩=3.2e-03, Len=sum([2.4, 2.4, 2.4, 2.6, 2.6])=12.3, ϰ=[9.8, 9.0, 6.6, 9.3, 10.0], ∫ϰ²/L>=[16.9, 17.5, 12.9, 18.2, 19.6], C-C-Sep=0.08, ║∇J║=2.8e-04
Iteration 418/2000-----
currents: [100000.0, 99999.99999784923, 99999.99999769877, 99999.9999975617, 99999.9999976141]
J=1.2e-04, ⟨Jf⟩=1.1e-04, ⟨B·n⟩=3.2e-03, Len=sum([2.4, 2.4, 2.4, 2.6, 2.6])=12.3, ϰ=[9.8, 9.0, 6.6, 9.3, 10.0], ∫ϰ²/L>=[16.9, 17.5, 12.9, 18.2, 19.6], C-C-Sep=0.08, ║∇J║=2.5e-04
Iteration 419/2000-----
currents: [100000.0, 99999.99999784668, 99999.99999769617, 99999.99999755839, 99999.99999761111]
J=1.2e-04, ⟨Jf⟩=1.1e-04, ⟨B·n⟩=3.2e-03, Len=sum([2.4, 2.4, 2.4, 2.6, 2.6])=12.3, ϰ=[9.8, 9.1, 6.6, 9.3, 10.0], ∫ϰ²/L>=[16.9, 17.5, 12.9, 18.2, 19.6], C-C-Sep=0.08, ║∇J║=2.5e-04
Iteration 420/2000-----
currents: [100000.0, 99999.99999784256, 99999.99999769208, 99999.99999755324, 99999.99999760643]
J=1.2e-04, ⟨Jf⟩=1.1e-04, ⟨B·n⟩=3.2e-03, Len=sum([2.4, 2.4, 2.4, 2.6, 2.6])=12.3, ϰ=[9.8, 9.1, 6.6, 9.3, 10.0], ∫ϰ²/L>=[16.9, 17.5, 12.9, 18.2, 19.6], C-C-Sep=0.08, ║∇J║=2.5e-04
Iteration 421/2000-----
currents: [100000.0, 99999.99999784115, 99999.99999769057, 99999.99999755123, 99999.99999760468]
J=1.2e-04, ⟨Jf⟩=1.1e-04, ⟨B·n⟩=3.2e-03, Len=sum([2.4, 2.4, 2.4, 2.6, 2.6])=12.3, ϰ=[9.8, 9.0, 6.6, 9.3, 10.0], ∫ϰ²/L>=[16.9, 17.5, 12.9, 18.2, 19.6], C-C-Sep=0.08, ║∇J║=2.8e-04
Iteration 422/2000-----
currents: [100000.0, 99999.99999783421, 99999.99999768367, 99999.99999754253, 99999.99999759677]
J=1.2e-04, ⟨Jf⟩=1.1e-04, ⟨B·n⟩=3.2e-03, Len=sum([2.4, 2.4, 2.4, 2.6, 2.6])=12.3, ϰ=[9.8, 9.1, 6.6, 9.4, 10.1], ∫ϰ²/L>=[16.9, 17.5, 12.9, 18.3, 19.7], C-C-Sep=0.08, ║∇J║=3.2e-04
Iteration 423/2000-----
currents: [100000.0, 99999.99999783354, 99999.99999768288, 99999.99999754135, 99999.99999759579]
J=1.2e-04, ⟨Jf⟩=1.1e-04, ⟨B·n⟩=3.2e-03, Len=sum([2.4, 2.4, 2.4, 2.6, 2.6])=12.3, ϰ=[9.8, 9.0, 6.6, 9.4, 10.0], ∫ϰ²/L>=[16.9, 17.5, 12.9, 18.2, 19.7], C-C-Sep=0.08, ║∇J║=2.8e-04
Iteration 424/2000-----
currents: [100000.0, 99999.99999782939, 99999.99999767875, 99999.99999753614, 99999.99999759109]
J=1.2e-04, ⟨Jf⟩=1.1e-04, ⟨B·n⟩=3.2e-03, Len=sum([2.4, 2.4, 2.4, 2.6, 2.6])=12.3, ϰ=[9.8, 9.1, 6.6, 9.4, 10.1], ∫ϰ²/L>=[16.9, 17.5, 12.9, 18.2, 19.7], C-C-Sep=0.08, ║∇J║=2.6e-04
Iteration 425/2000-----
currents: [100000.0, 99999.99999782743, 99999.99999767682, 99999.9999975336, 99999.99999758883]
J=1.2e-04, ⟨Jf⟩=1.1e-04, ⟨B·n⟩=3.2e-03, Len=sum([2.4, 2.4, 2.4, 2.6, 2.6])=12.3, ϰ=[9.7, 9.1, 6.6, 9.4, 10.1], ∫ϰ²/L>=[16.9, 17.5, 12.9, 18.2, 19.7], C-C-Sep=0.08, ║∇J║=2.6e-04
Iteration 426/2000-----
currents: [100000.0, 99999.99999782407, 99999.99999767348, 99999.99999752938, 99999.99999758505]
J=1.2e-04, ⟨Jf⟩=1.1e-04, ⟨B·n⟩=3.2e-03, Len=sum([2.4, 2.4, 2.4, 2.6, 2.6])=12.3, ϰ=[9.7, 9.1, 6.6, 9.4, 10.1], ∫ϰ²/L>=[16.9, 17.5, 12.9, 18.2, 19.7], C-C-Sep=0.08, ║∇J║=2.5e-04
Iteration 427/2000-----
currents: [100000.0, 99999.99999781938, 99999.99999766883, 99999.99999752341, 99999.99999757973]
J=1.2e-04, ⟨Jf⟩=1.1e-04, ⟨B·n⟩=3.2e-03, Len=sum([2.4, 2.4, 2.4, 2.6, 2.6])=12.3, ϰ=[9.7, 9.1, 6.7, 9.5, 10.1], ∫ϰ²/L>=[16.9, 17.5, 12.9, 18.3, 19.7], C-C-Sep=0.08, ║∇J║=2.7e-04
Iteration 428/2000-----
currents: [100000.0, 99999.99999781414, 99999.99999766354, 99999.99999751666, 99999.99999757369]
J=1.2e-04, ⟨Jf⟩=1.1e-04, ⟨B·n⟩=3.2e-03, Len=sum([2.4, 2.4, 2.4, 2.6, 2.6])=12.3, ϰ=[9.7, 9.1, 6.7, 9.5, 10.1], ∫ϰ²/L>=[16.9, 17.5, 12.9, 18.3, 19.7], C-C-Sep=0.08, ║∇J║=2.9e-04
Iteration 429/2000-----
currents: [100000.0, 99999.99999780818, 99999.9999976576, 99999.99999750906, 99999.99999756685]
J=1.2e-04, ⟨Jf⟩=1.1e-04, ⟨B·n⟩=3.2e-03, Len=sum([2.4, 2.4, 2.4, 2.6, 2.6])=12.3, ϰ=[9.7, 9.1, 6.7, 9.5, 10.2], ∫ϰ²/L>=[16.9, 17.5, 12.9, 18.3, 19.7], C-C-Sep=0.08, ║∇J║=2.4e-04
Iteration 430/2000-----
currents: [100000.0, 99999.99999780409, 99999.99999765347, 99999.99999750381, 99999.99999756207]
J=1.2e-04, ⟨Jf⟩=1.1e-04, ⟨B·n⟩=3.2e-03, Len=sum([2.4, 2.4, 2.4, 2.6, 2.6])=12.3, ϰ=[9.7, 9.1, 6.7, 9.6, 10.2], ∫ϰ²/L>=[16.9, 17.5, 12.9, 18.3, 19.7], C-C-Sep=0.08, ║∇J║=2.1e-04
Iteration 431/2000-----
currents: [100000.0, 99999.99999779991, 99999.9999976493, 99999.99999749847, 99999.99999755718]
J=1.2e-04, ⟨Jf⟩=1.1e-04, ⟨B·n⟩=3.2e-03, Len=sum([2.4, 2.4, 2.4, 2.6, 2.6])=12.3, ϰ=[9.7, 9.1, 6.7, 9.6, 10.2], ∫ϰ²/L>=[16.9, 17.5, 12.9, 18.3, 19.7], C-C-Sep=0.08, ║∇J║=2.6e-04
Iteration 432/2000-----
currents: [100000.0, 99999.99999779536, 99999.99999764476, 99999.99999749266, 99999.99999755186]
J=1.2e-04, ⟨Jf⟩=1.1e-04, ⟨B·n⟩=3.2e-03, Len=sum([2.4, 2.4, 2.4, 2.6, 2.6])=12.3, ϰ=[9.7, 9.1, 6.7, 9.6, 10.3], ∫ϰ²/L>=[16.8, 17.5, 13.0, 18.3, 19.7], C-C-Sep=0.08, ║∇J║=2.5e-04
Iteration 433/2000-----
currents: [100000.0, 99999.99999779045, 99999.99999763982, 99999.99999748629, 99999.99999754608]
J=1.2e-04, ⟨Jf⟩=1.1e-04, ⟨B·n⟩=3.2e-03, Len=sum([2.4, 2.4, 2.4, 2.6, 2.6])=12.3, ϰ=[9.7, 9.1, 6.7, 9.6, 10.3], ∫ϰ²/L>=[16.8, 17.5, 13.0, 18.3, 19.7], C-C-Sep=0.08, ║∇J║=2.6e-04
Iteration 434/2000-----
currents: [100000.0, 99999.9999977852, 99999.99999763451, 99999.99999747942, 99999.99999753991]
J=1.2e-04, ⟨Jf⟩=1.1e-04, ⟨B·n⟩=3.2e-03, Len=sum([2.4, 2.4, 2.4, 2.6, 2.6])=12.3, ϰ=[9.7, 9.2, 6.7, 9.7, 10.3], ∫ϰ²/L>=[16.8, 17.5, 13.0, 18.3, 19.7], C-C-Sep=0.08, ║∇J║=3.2e-04
Iteration 435/2000-----
currents: [100000.0, 99999.99999778139, 99999.99999763061, 99999.99999747437, 99999.99999753544]
J=1.2e-04, ⟨Jf⟩=1.1e-04, ⟨B·n⟩=3.2e-03, Len=sum([2.4, 2.4, 2.4, 2.6, 2.6])=12.3, ϰ=[9.8, 9.2, 6.7, 9.7, 10.3], ∫ϰ²/L>=[16.8, 17.5, 13.0, 18.3, 19.7], C-C-Sep=0.08, ║∇J║=3.0e-04
Iteration 436/2000-----
currents: [100000.0, 99999.99999777843, 99999.99999762751, 99999.99999747032, 99999.99999753195]
J=1.2e-04, ⟨Jf⟩=1.1e-04, ⟨B·n⟩=3.2e-03, Len=sum([2.4, 2.4, 2.4, 2.6, 2.6])=12.3, ϰ=[9.8, 9.2, 6.7, 9.7, 10.3], ∫ϰ²/L>=[16.8, 17.5, 13.0, 18.4, 19.7], C-C-Sep=0.08, ║∇J║=3.4e-04
Iteration 437/2000-----
currents: [100000.0, 99999.99999777686, 99999.99999762586, 99999.99999746816, 99999.99999753012]
J=1.2e-04, ⟨Jf⟩=1.1e-04, ⟨B·n⟩=3.2e-03, Len=sum([2.4, 2.4, 2.4, 2.6, 2.6])=12.3, ϰ=[9.8, 9.3, 6.7, 9.7, 10.3], ∫ϰ²/L>=[16.9, 17.5, 13.0, 18.4, 19.7], C-C-Sep=0.08, ║∇J║=2.5e-04
Iteration 438/2000-----
currents: [100000.0, 99999.99999777578, 99999.99999762472, 99999.99999746672, 99999.99999752887]
J=1.2e-04, ⟨Jf⟩=1.1e-04, ⟨B·n⟩=3.2e-03, Len=sum([2.4, 2.4, 2.4, 2.6, 2.6])=12.3, ϰ=[9.8, 9.3, 6.7, 9.7, 10.3], ∫ϰ²/L>=[16.9, 17.5, 13.0, 18.4, 19.7], C-C-Sep=0.08, ║∇J║=2.1e-04
Iteration 439/2000-----
currents: [100000.0, 99999.9999977739, 99999.9999976228, 99999.99999746424, 99999.99999752668]
J=1.2e-04, ⟨Jf⟩=1.1e-04, ⟨B·n⟩=3.2e-03, Len=sum([2.4, 2.4, 2.4, 2.6, 2.6])=12.3, ϰ=[9.8, 9.3, 6.7, 9.7, 10.3], ∫ϰ²/L>=[16.8, 17.5, 13.0, 18.4, 19.7], C-C-Sep=0.08, ║∇J║=2.3e-04
Iteration 440/2000-----
currents: [100000.0, 99999.99999777033, 99999.99999761915, 99999.99999745953, 99999.99999752246]
J=1.2e-04, ⟨Jf⟩=1.1e-04, ⟨B·n⟩=3.2e-03, Len=sum([2.4, 2.4, 2.4, 2.6, 2.6])=12.3, ϰ=[9.8, 9.3, 6.7, 9.8, 10.3], ∫ϰ²/L>=[16.8, 17.5, 13.0, 18.4, 19.8], C-C-Sep=0.08, ║∇J║=3.5e-04
Iteration 441/2000-----
currents: [100000.0, 99999.99999776705, 99999.99999761584, 99999.99999745522, 99999.99999751861]
J=1.2e-04, ⟨Jf⟩=1.1e-04, ⟨B·n⟩=3.2e-03, Len=sum([2.4, 2.4, 2.4, 2.6, 2.6])=12.3, ϰ=[9.8, 9.2, 6.7, 9.8, 10.3], ∫ϰ²/L>=[16.8, 17.5, 13.0, 18.4, 19.8], C-C-Sep=0.08, ║∇J║=2.3e-04
Iteration 442/2000-----
currents: [100000.0, 99999.99999776394, 99999.99999761271, 99999.99999745116, 99999.99999751495]
J=1.2e-04, ⟨Jf⟩=1.1e-04, ⟨B·n⟩=3.1e-03, Len=sum([2.4, 2.4, 2.4, 2.6, 2.6])=12.3, ϰ=[9.7, 9.2, 6.7, 9.8, 10.3], ∫ϰ²/L>=[16.8, 17.5, 13.0, 18.4, 19.8], C-C-Sep=0.08, ║∇J║=1.8e-04
Iteration 443/2000-----
currents: [100000.0, 99999.99999776171, 99999.99999761042, 99999.99999744816, 99999.99999751228]
J=1.2e-04, ⟨Jf⟩=1.1e-04, ⟨B·n⟩=3.1e-03, Len=sum([2.4, 2.4, 2.4, 2.6, 2.6])=12.3, ϰ=[9.7, 9.2, 6.7, 9.8, 10.4], ∫ϰ²/L>=[16.8, 17.5, 13.0, 18.4, 19.8], C-C-Sep=0.08, ║∇J║=2.9e-04
Iteration 444/2000-----
currents: [100000.0, 99999.99999775924, 99999.99999760791, 99999.99999744499, 99999.99999750941]
J=1.2e-04, ⟨Jf⟩=1.1e-04, ⟨B·n⟩=3.1e-03, Len=sum([2.4, 2.4, 2.4, 2.6, 2.6])=12.3, ϰ=[9.7, 9.2, 6.8, 9.8, 10.4], ∫ϰ²/L>=[16.8, 17.5, 13.0, 18.4, 19.8], C-C-Sep=0.08, ║∇J║=2.2e-04
Iteration 445/2000-----
currents: [100000.0, 99999.99999775681, 99999.99999760544, 99999.99999744188, 99999.99999750659]
J=1.2e-04, ⟨Jf⟩=1.1e-04, ⟨B·n⟩=3.1e-03, Len=sum([2.4, 2.4, 2.4, 2.6, 2.6])=12.3, ϰ=[9.7, 9.3, 6.8, 9.8, 10.4], ∫ϰ²/L>=[16.8, 17.5, 13.0, 18.4, 19.8], C-C-Sep=0.08, ║∇J║=2.0e-04
Iteration 446/2000-----
currents: [100000.0, 99999.99999775269, 99999.99999760126, 99999.99999743661, 99999.9999975018]
J=1.2e-04, ⟨Jf⟩=1.1e-04, ⟨B·n⟩=3.2e-03, Len=sum([2.4, 2.4, 2.4, 2.6, 2.6])=12.3, ϰ=[9.7, 9.2, 6.8, 9.8, 10.4], ∫ϰ²/L>=[16.8, 17.5, 13.0, 18.4, 19.8], C-C-Sep=0.08, ║∇J║=2.5e-04
Iteration 447/2000-----
currents: [100000.0, 99999.9999977493, 99999.99999759783, 99999.99999743223, 99999.99999749786]
J=1.2e-04, ⟨Jf⟩=1.1e-04, ⟨B·n⟩=3.2e-03, Len=sum([2.4, 2.4, 2.4, 2.6, 2.6])=12.3, ϰ=[9.7, 9.2, 6.8, 9.8, 10.4], ∫ϰ²/L>=[16.8, 17.5, 13.0, 18.4, 19.8], C-C-Sep=0.08, ║∇J║=3.1e-04
Iteration 448/2000-----
currents: [100000.0, 99999.99999774595, 99999.99999759448, 99999.99999742796, 99999.99999749397]
J=1.2e-04, ⟨Jf⟩=1.1e-04, ⟨B·n⟩=3.2e-03, Len=sum([2.4, 2.4, 2.4, 2.6, 2.6])=12.3, ϰ=[9.7, 9.2, 6.8, 9.8, 10.4], ∫ϰ²/L>=[16.8, 17.6, 13.0, 18.4, 19.8], C-C-Sep=0.08, ║∇J║=2.3e-04
Iteration 449/2000-----
currents: [100000.0, 99999.99999774396, 99999.99999759249, 99999.99999742537, 99999.99999749163]
J=1.2e-04, ⟨Jf⟩=1.1e-04, ⟨B·n⟩=3.2e-03, Len=sum([2.4, 2.4, 2.4, 2.6, 2.6])=12.3, ϰ=[9.7, 9.2, 6.8, 9.8, 10.4], ∫ϰ²/L>=[16.8, 17.6, 13.0, 18.4, 19.8], C-C-Sep=0.08, ║∇J║=2.0e-04
Iteration 450/2000-----
currents: [100000.0, 99999.99999774009, 99999.99999758866, 99999.99999742047, 99999.99999748715]
J=1.2e-04, ⟨Jf⟩=1.1e-04, ⟨B·n⟩=3.1e-03, Len=sum([2.4, 2.4, 2.4, 2.6, 2.6])=12.3, ϰ=[9.7, 9.2, 6.8, 9.8, 10.4], ∫ϰ²/L>=[16.8, 17.6, 13.0, 18.4, 19.8], C-C-Sep=0.08, ║∇J║=3.0e-04
Iteration 451/2000-----
currents: [100000.0, 99999.99999773623, 99999.9999975848, 99999.99999741554, 99999.9999974826]
J=1.2e-04, ⟨Jf⟩=1.1e-04, ⟨B·n⟩=3.1e-03, Len=sum([2.4, 2.4, 2.4, 2.6, 2.6])=12.3, ϰ=[9.7, 9.2, 6.8, 9.8, 10.4], ∫ϰ²/L>=[16.7, 17.6, 13.0, 18.5, 19.8], C-C-Sep=0.08, ║∇J║=3.5e-04
Iteration 452/2000-----
currents: [100000.0, 99999.99999773536, 99999.9999975839, 99999.99999741442, 99999.99999748157]
J=1.2e-04, ⟨Jf⟩=1.1e-04, ⟨B·n⟩=3.1e-03, Len=sum([2.4, 2.4, 2.4, 2.6, 2.6])=12.3, ϰ=[9.7, 9.2, 6.8, 9.8, 10.4], ∫ϰ²/L>=[16.7, 17.6, 13.0, 18.5, 19.8], C-C-Sep=0.08, ║∇J║=2.1e-04
Iteration 453/2000-----
currents: [100000.0, 99999.99999773118, 99999.99999757973, 99999.99999740919, 99999.99999747676]
J=1.2e-04, ⟨Jf⟩=1.1e-04, ⟨B·n⟩=3.1e-03, Len=sum([2.4, 2.4, 2.4, 2.6, 2.6])=12.3, ϰ=[9.7, 9.2, 6.9, 9.8, 10.5], ∫ϰ²/L>=[16.7, 17.6, 13.0, 18.5, 19.8], C-C-Sep=0.08, ║∇J║=1.9e-04
Iteration 454/2000-----
currents: [100000.0, 99999.9999977298, 99999.99999757828, 99999.99999740736, 99999.99999747508]
J=1.2e-04, ⟨Jf⟩=1.1e-04, ⟨B·n⟩=3.1e-03, Len=sum([2.4, 2.4, 2.4, 2.6, 2.6])=12.3, ϰ=[9.7, 9.2, 6.9, 9.8, 10.5], ∫ϰ²/L>=[16.7, 17.6, 13.0, 18.5, 19.9], C-C-Sep=0.08, ║∇J║=2.1e-04
Iteration 455/2000-----
currents: [100000.0, 99999.99999772143, 99999.99999756987, 99999.99999739672, 99999.99999746535]
J=1.2e-04, ⟨Jf⟩=1.1e-04, ⟨B·n⟩=3.1e-03, Len=sum([2.4, 2.4, 2.4, 2.6, 2.6])=12.3, ϰ=[9.7, 9.2, 6.9, 9.8, 10.5], ∫ϰ²/L>=[16.7, 17.5, 13.0, 18.5, 19.9], C-C-Sep=0.08, ║∇J║=2.5e-04
Iteration 456/2000-----
currents: [100000.0, 99999.99999771881, 99999.99999756707, 99999.99999739305, 99999.99999746204]
J=1.2e-04, ⟨Jf⟩=1.1e-04, ⟨B·n⟩=3.1e-03, Len=sum([2.4, 2.4, 2.4, 2.6, 2.6])=12.3, ϰ=[9.7, 9.2, 6.9, 9.8, 10.5], ∫ϰ²/L>=[16.7, 17.5, 13.0, 18.5, 19.9], C-C-Sep=0.08, ║∇J║=9.5e-04
Iteration 457/2000-----
currents: [100000.0, 99999.99999772034, 99999.9999975687, 99999.99999739519, 99999.99999746396]
J=1.2e-04, ⟨Jf⟩=1.1e-04, ⟨B·n⟩=3.1e-03, Len=sum([2.4, 2.4, 2.4, 2.6, 2.6])=12.3, ϰ=[9.7, 9.2, 6.9, 9.8, 10.5], ∫ϰ²/L>=[16.7, 17.5, 13.0, 18.5, 19.9], C-C-Sep=0.08, ║∇J║=3.9e-04
Iteration 458/2000-----
currents: [100000.0, 99999.9999977193, 99999.99999756756, 99999.99999739366, 99999.99999746258]
J=1.2e-04, ⟨Jf⟩=1.1e-04, ⟨B·n⟩=3.1e-03, Len=sum([2.4, 2.4, 2.4, 2.6, 2.6])=12.3, ϰ=[9.7, 9.2, 6.9, 9.8, 10.5], ∫ϰ²/L>=[16.7, 17.5, 13.0, 18.5, 19.9], C-C-Sep=0.08, ║∇J║=2.0e-04
Iteration 459/2000-----
currents: [100000.0, 99999.99999771624, 99999.99999756448, 99999.99999738974, 99999.999997459]
J=1.2e-04, ⟨Jf⟩=1.1e-04, ⟨B·n⟩=3.1e-03, Len=sum([2.4, 2.4, 2.4, 2.6, 2.6])=12.3, ϰ=[9.7, 9.2, 6.9, 9.8, 10.5], ∫ϰ²/L>=[16.7, 17.5, 13.0, 18.5, 19.9], C-C-Sep=0.08, ║∇J║=1.6e-04
Iteration 460/2000-----
currents: [100000.0, 99999.99999771682, 99999.99999756498, 99999.99999739032, 99999.99999745954]
J=1.2e-04, ⟨Jf⟩=1.1e-04, ⟨B·n⟩=3.1e-03, Len=sum([2.4, 2.4, 2.4, 2.6, 2.6])=12.3, ϰ=[9.7, 9.2, 6.9, 9.8, 10.5], ∫ϰ²/L>=[16.7, 17.5, 13.0, 18.5, 19.9], C-C-Sep=0.08, ║∇J║=1.6e-04
Iteration 461/2000-----
currents: [100000.0, 99999.99999771533, 99999.99999756341, 99999.99999738828, 99999.99999745768]
J=1.2e-04, ⟨Jf⟩=1.1e-04, ⟨B·n⟩=3.1e-03, Len=sum([2.4, 2.4, 2.4, 2.6, 2.6])=12.3, ϰ=[9.7, 9.2, 6.9, 9.8, 10.5], ∫ϰ²/L>=[16.7, 17.5, 13.0, 18.5, 19.9], C-C-Sep=0.08, ║∇J║=1.9e-04
Iteration 462/2000-----
currents: [100000.0, 99999.99999771253, 99999.9999975605, 99999.99999738453, 99999.99999745423]
J=1.2e-04, ⟨Jf⟩=1.1e-04, ⟨B·n⟩=3.1e-03, Len=sum([2.4, 2.4, 2.4, 2.6, 2.6])=12.3, ϰ=[9.7, 9.2, 6.9, 9.8, 10.5], ∫ϰ²/L>=[16.7, 17.5, 13.0, 18.5, 19.9], C-C-Sep=0.08, ║∇J║=4.0e-04
Iteration 463/2000-----
currents: [100000.0, 99999.99999771173, 99999.99999755972, 99999.99999738354, 99999.99999745331]
J=1.2e-04, ⟨Jf⟩=1.1e-04, ⟨B·n⟩=3.1e-03, Len=sum([2.4, 2.4, 2.4, 2.6, 2.6])=12.3, ϰ=[9.7, 9.2, 6.9, 9.8, 10.4], ∫ϰ²/L>=[16.7, 17.5, 13.0, 18.5, 19.9], C-C-Sep=0.08, ║∇J║=1.8e-04
Iteration 464/2000-----
currents: [100000.0, 99999.99999770983, 99999.99999755785, 99999.99999738121, 99999.99999745116]
J=1.2e-04, ⟨Jf⟩=1.1e-04, ⟨B·n⟩=3.1e-03, Len=sum([2.4, 2.4, 2.4, 2.6, 2.6])=12.3, ϰ=[9.7, 9.2, 6.9, 9.8, 10.4], ∫ϰ²/L>=[16.7, 17.5, 13.0, 18.5, 19.9], C-C-Sep=0.08, ║∇J║=1.8e-04
Iteration 465/2000-----
currents: [100000.0, 99999.99999770631, 99999.99999755438, 99999.99999737681, 99999.9999974471]
J=1.2e-04, ⟨Jf⟩=1.1e-04, ⟨B·n⟩=3.1e-03, Len=sum([2.4, 2.4, 2.4, 2.6, 2.6])=12.3, ϰ=[9.7, 9.2, 6.9, 9.8, 10.5], ∫ϰ²/L>=[16.7, 17.5, 13.0, 18.6, 19.9], C-C-Sep=0.08, ║∇J║=2.0e-04
Iteration 466/2000-----
currents: [100000.0, 99999.99999770198, 99999.9999975501, 99999.99999737139, 99999.99999744206]
J=1.2e-04, ⟨Jf⟩=1.1e-04, ⟨B·n⟩=3.1e-03, Len=sum([2.4, 2.4, 2.4, 2.6, 2.6])=12.3, ϰ=[9.7, 9.2, 6.9, 9.8, 10.5], ∫ϰ²/L>=[16.7, 17.5, 13.0, 18.6, 19.9], C-C-Sep=0.08, ║∇J║=4.2e-04
Iteration 467/2000-----
currents: [100000.0, 99999.99999769952, 99999.99999754765, 99999.99999736829, 99999.9999974392]
J=1.2e-04, ⟨Jf⟩=1.1e-04, ⟨B·n⟩=3.1e-03, Len=sum([2.4, 2.4, 2.4, 2.6, 2.6])=12.3, ϰ=[9.7, 9.2, 6.9, 9.8, 10.5], ∫ϰ²/L>=[16.7, 17.5, 13.0, 18.6, 19.9], C-C-Sep=0.08, ║∇J║=1.7e-04
Iteration 468/2000-----
currents: [100000.0, 99999.99999769803, 99999.99999754617, 99999.9999973664, 99999.99999743744]
J=1.2e-04, ⟨Jf⟩=1.1e-04, ⟨B·n⟩=3.1e-03, Len=sum([2.4, 2.4, 2.4, 2.6, 2.6])=12.3, ϰ=[9.7, 9.2, 6.9, 9.8, 10.5], ∫ϰ²/L>=[16.7, 17.5, 13.0, 18.6, 19.9], C-C-Sep=0.08, ║∇J║=1.6e-04
Iteration 469/2000-----
currents: [100000.0, 99999.99999769552, 99999.99999754365, 99999.9999973632, 99999.99999743447]
J=1.2e-04, ⟨Jf⟩=1.1e-04, ⟨B·n⟩=3.1e-03, Len=sum([2.4, 2.4, 2.4, 2.6, 2.6])=12.3, ϰ=[9.7, 9.2, 6.9, 9.8, 10.5], ∫ϰ²/L>=[16.7, 17.5, 13.0, 18.6, 19.9], C-C-Sep=0.08, ║∇J║=2.0e-04
Iteration 470/2000-----
currents: [100000.0, 99999.99999769169, 99999.99999753981, 99999.99999735832, 99999.99999742996]
J=1.2e-04, ⟨Jf⟩=1.1e-04, ⟨B·n⟩=3.1e-03, Len=sum([2.4, 2.4, 2.4, 2.6, 2.6])=12.3, ϰ=[9.6, 9.2, 6.9, 9.8, 10.5], ∫ϰ²/L>=[16.7, 17.5, 13.0, 18.6, 19.9], C-C-Sep=0.08, ║∇J║=2.0e-04
Iteration 471/2000-----
currents: [100000.0, 99999.99999768657, 99999.99999753464, 99999.99999735171, 99999.99999742387]
J=1.2e-04, ⟨Jf⟩=1.1e-04, ⟨B·n⟩=3.1e-03, Len=sum([2.4, 2.4, 2.4, 2.6, 2.6])=12.3, ϰ=[9.6, 9.2, 6.9, 9.8, 10.5], ∫ϰ²/L>=[16.7, 17.5, 13.0, 18.6, 19.9], C-C-Sep=0.08, ║∇J║=4.0e-04
Iteration 472/2000-----
currents: [100000.0, 99999.99999768514, 99999.99999753319, 99999.99999734986, 99999.9999974222]
J=1.2e-04, ⟨Jf⟩=1.1e-04, ⟨B·n⟩=3.1e-03, Len=sum([2.4, 2.4, 2.4, 2.6, 2.6])=12.3, ϰ=[9.6, 9.1, 6.8, 9.8, 10.5], ∫ϰ²/L>=[16.7, 17.5, 13.0, 18.6, 19.9], C-C-Sep=0.08, ║∇J║=1.5e-04
Iteration 473/2000-----
currents: [100000.0, 99999.99999768536, 99999.99999753338, 99999.99999735007, 99999.9999974224]
J=1.2e-04, ⟨Jf⟩=1.1e-04, ⟨B·n⟩=3.1e-03, Len=sum([2.4, 2.4, 2.4, 2.6, 2.6])=12.3, ϰ=[9.6, 9.1, 6.8, 9.8, 10.5], ∫ϰ²/L>=[16.7, 17.5, 13.0, 18.6, 19.9], C-C-Sep=0.08, ║∇J║=1.5e-04
Iteration 474/2000-----
currents: [100000.0, 99999.999997684, 99999.99999753197, 99999.9999973482, 99999.99999742073]
J=1.2e-04, ⟨Jf⟩=1.1e-04, ⟨B·n⟩=3.1e-03, Len=sum([2.4, 2.4, 2.4, 2.6, 2.6])=12.3, ϰ=[9.6, 9.1, 6.8, 9.8, 10.5], ∫ϰ²/L>=[16.7, 17.5, 13.0, 18.6, 19.9], C-C-Sep=0.08, ║∇J║=1.8e-04
Iteration 475/2000-----
currents: [100000.0, 99999.99999768144, 99999.99999752932, 99999.99999734473, 99999.99999741756]
J=1.2e-04, ⟨Jf⟩=1.1e-04, ⟨B·n⟩=3.1e-03, Len=sum([2.4, 2.4, 2.4, 2.6, 2.6])=12.3, ϰ=[9.6, 9.1, 6.8, 9.8, 10.5], ∫ϰ²/L>=[16.7, 17.5, 13.0, 18.6, 19.9], C-C-Sep=0.08, ║∇J║=3.3e-04
Iteration 476/2000-----
currents: [100000.0, 99999.9999976781, 99999.9999975259, 99999.99999734029, 99999.99999741347]
J=1.2e-04, ⟨Jf⟩=1.1e-04, ⟨B·n⟩=3.1e-03, Len=sum([2.4, 2.4, 2.4, 2.6, 2.6])=12.3, ϰ=[9.6, 9.1, 6.8, 9.8, 10.5], ∫ϰ²/L>=[16.7, 17.5, 13.0, 18.6, 19.9], C-C-Sep=0.08, ║∇J║=1.9e-04
Iteration 477/2000-----
currents: [100000.0, 99999.99999767622, 99999.99999752399, 99999.99999733784, 99999.9999974112]
J=1.2e-04, ⟨Jf⟩=1.1e-04, ⟨B·n⟩=3.1e-03, Len=sum([2.4, 2.4, 2.4, 2.6, 2.6])=12.3, ϰ=[9.6, 9.1, 6.8, 9.8, 10.5], ∫ϰ²/L>=[16.7, 17.5, 13.0, 18.6, 19.9], C-C-Sep=0.08, ║∇J║=1.5e-04
Iteration 478/2000-----
currents: [100000.0, 99999.99999767356, 99999.99999752131, 99999.99999733445, 99999.999997408]
J=1.2e-04, ⟨Jf⟩=1.1e-04, ⟨B·n⟩=3.1e-03, Len=sum([2.4, 2.4, 2.4, 2.6, 2.6])=12.3, ϰ=[9.6, 9.1, 6.8, 9.8, 10.5], ∫ϰ²/L>=[16.7, 17.5, 13.0, 18.6, 19.9], C-C-Sep=0.08, ║∇J║=1.9e-04
Iteration 479/2000-----
currents: [100000.0, 99999.99999767137, 99999.99999751912, 99999.99999733164, 99999.99999740536]
J=1.2e-04, ⟨Jf⟩=1.1e-04, ⟨B·n⟩=3.1e-03, Len=sum([2.4, 2.4, 2.4, 2.6, 2.6])=12.3, ϰ=[9.6, 9.1, 6.8, 9.8, 10.5], ∫ϰ²/L>=[16.7, 17.5, 13.0, 18.6, 19.9], C-C-Sep=0.08, ║∇J║=3.1e-04
Iteration 480/2000-----
currents: [100000.0, 99999.99999767031, 99999.99999751803, 99999.99999733026, 99999.9999974041]
J=1.2e-04, ⟨Jf⟩=1.1e-04, ⟨B·n⟩=3.1e-03, Len=sum([2.4, 2.4, 2.4, 2.6, 2.6])=12.3, ϰ=[9.6, 9.1, 6.8, 9.8, 10.5], ∫ϰ²/L>=[16.7, 17.5, 13.0, 18.6, 19.9], C-C-Sep=0.08, ║∇J║=1.6e-04
Iteration 481/2000-----
currents: [100000.0, 99999.99999766867, 99999.99999751634, 99999.99999732811, 99999.99999740213]
J=1.2e-04, ⟨Jf⟩=1.1e-04, ⟨B·n⟩=3.1e-03, Len=sum([2.4, 2.4, 2.4, 2.6, 2.6])=12.3, ϰ=[9.6, 9.1, 6.8, 9.8, 10.5], ∫ϰ²/L>=[16.7, 17.5, 13.0, 18.6, 19.9], C-C-Sep=0.08, ║∇J║=1.6e-04
Iteration 482/2000-----
currents: [100000.0, 99999.99999766718, 99999.99999751481, 99999.99999732614, 99999.99999740034]
J=1.2e-04, ⟨Jf⟩=1.1e-04, ⟨B·n⟩=3.1e-03, Len=sum([2.4, 2.4, 2.4, 2.6, 2.6])=12.3, ϰ=[9.6, 9.1, 6.8, 9.8, 10.5], ∫ϰ²/L>=[16.7, 17.5, 13.0, 18.6, 19.9], C-C-Sep=0.08, ║∇J║=1.8e-04
Iteration 483/2000-----
currents: [100000.0, 99999.99999766318, 99999.99999751073, 99999.99999732092, 99999.99999739554]
J=1.2e-04, ⟨Jf⟩=1.1e-04, ⟨B·n⟩=3.1e-03, Len=sum([2.4, 2.4, 2.4, 2.6, 2.6])=12.3, ϰ=[9.6, 9.1, 6.8, 9.8, 10.5], ∫ϰ²/L>=[16.6, 17.4, 13.0, 18.6, 19.9], C-C-Sep=0.08, ║∇J║=2.4e-04
Iteration 484/2000-----
currents: [100000.0, 99999.99999765595, 99999.99999750343, 99999.99999731153, 99999.99999738688]
J=1.2e-04, ⟨Jf⟩=1.1e-04, ⟨B·n⟩=3.1e-03, Len=sum([2.4, 2.4, 2.4, 2.6, 2.6])=12.3, ϰ=[9.6, 9.0, 6.8, 9.8, 10.5], ∫ϰ²/L>=[16.6, 17.4, 13.0, 18.7, 19.9], C-C-Sep=0.08, ║∇J║=4.5e-04
Iteration 485/2000-----
currents: [100000.0, 99999.99999765721, 99999.99999750472, 99999.99999731318, 99999.9999973884]
J=1.2e-04, ⟨Jf⟩=1.1e-04, ⟨B·n⟩=3.1e-03, Len=sum([2.4, 2.4, 2.4, 2.6, 2.6])=12.3, ϰ=[9.6, 9.0, 6.8, 9.8, 10.5], ∫ϰ²/L>=[16.6, 17.4, 13.0, 18.7, 19.9], C-C-Sep=0.08, ║∇J║=1.6e-04
Iteration 486/2000-----
currents: [100000.0, 99999.99999765646, 99999.999997504, 99999.99999731225, 99999.99999738751]
J=1.2e-04, ⟨Jf⟩=1.1e-04, ⟨B·n⟩=3.1e-03, Len=sum([2.4, 2.4, 2.4, 2.6, 2.6])=12.3, ϰ=[9.6, 9.1, 6.8, 9.8, 10.5], ∫ϰ²/L>=[16.6, 17.4, 13.0, 18.7, 19.9], C-C-Sep=0.08, ║∇J║=1.4e-04
Iteration 487/2000-----
currents: [100000.0, 99999.99999765436, 99999.99999750192, 99999.99999730957, 99999.99999738499]
J=1.2e-04, ⟨Jf⟩=1.1e-04, ⟨B·n⟩=3.1e-03, Len=sum([2.4, 2.4, 2.4, 2.6, 2.6])=12.3, ϰ=[9.6, 9.1, 6.8, 9.8, 10.5], ∫ϰ²/L>=[16.6, 17.4, 13.0, 18.7, 19.9], C-C-Sep=0.08, ║∇J║=1.8e-04
Iteration 488/2000-----
currents: [100000.0, 99999.99999764907, 99999.99999749662, 99999.9999973028, 99999.99999737868]
J=1.2e-04, ⟨Jf⟩=1.1e-04, ⟨B·n⟩=3.1e-03, Len=sum([2.4, 2.4, 2.4, 2.6, 2.6])=12.3, ϰ=[9.5, 9.1, 6.8, 9.8, 10.5], ∫ϰ²/L>=[16.6, 17.4, 13.0, 18.7, 19.9], C-C-Sep=0.08, ║∇J║=2.4e-04
Iteration 489/2000-----
currents: [100000.0, 99999.9999976398, 99999.99999748734, 99999.99999729097, 99999.99999736767]
J=1.2e-04, ⟨Jf⟩=1.1e-04, ⟨B·n⟩=3.1e-03, Len=sum([2.4, 2.4, 2.4, 2.6, 2.6])=12.3, ϰ=[9.5, 9.1, 6.8, 9.9, 10.5], ∫ϰ²/L>=[16.6, 17.4, 13.0, 18.7, 19.9], C-C-Sep=0.08, ║∇J║=4.3e-04
Iteration 490/2000-----
currents: [100000.0, 99999.99999763981, 99999.99999748732, 99999.99999729097, 99999.99999736769]
J=1.2e-04, ⟨Jf⟩=1.1e-04, ⟨B·n⟩=3.1e-03, Len=sum([2.4, 2.4, 2.4, 2.6, 2.6])=12.3, ϰ=[9.5, 9.1, 6.8, 9.8, 10.5], ∫ϰ²/L>=[16.6, 17.4, 13.0, 18.7, 19.9], C-C-Sep=0.08, ║∇J║=1.5e-04
Iteration 491/2000-----
currents: [100000.0, 99999.99999763853, 99999.99999748601, 99999.99999728934, 99999.9999973662]
J=1.2e-04, ⟨Jf⟩=1.1e-04, ⟨B·n⟩=3.1e-03, Len=sum([2.4, 2.4, 2.4, 2.6, 2.6])=12.3, ϰ=[9.5, 9.1, 6.8, 9.8, 10.5], ∫ϰ²/L>=[16.6, 17.4, 13.0, 18.7, 19.9], C-C-Sep=0.08, ║∇J║=1.4e-04
Iteration 492/2000-----
currents: [100000.0, 99999.99999763616, 99999.99999748362, 99999.99999728634, 99999.99999736343]
J=1.2e-04, ⟨Jf⟩=1.1e-04, ⟨B·n⟩=3.1e-03, Len=sum([2.4, 2.4, 2.4, 2.6, 2.6])=12.3, ϰ=[9.5, 9.1, 6.8, 9.8, 10.5], ∫ϰ²/L>=[16.6, 17.4, 13.0, 18.7, 19.9], C-C-Sep=0.08, ║∇J║=1.7e-04
Iteration 493/2000-----
currents: [100000.0, 99999.99999762997, 99999.99999747743, 99999.99999727849, 99999.99999735614]
J=1.2e-04, ⟨Jf⟩=1.1e-04, ⟨B·n⟩=3.1e-03, Len=sum([2.4, 2.4, 2.4, 2.6, 2.6])=12.3, ϰ=[9.5, 9.1, 6.8, 9.9, 10.5], ∫ϰ²/L>=[16.6, 17.4, 13.0, 18.7, 20.0], C-C-Sep=0.08, ║∇J║=2.4e-04
Iteration 494/2000-----
currents: [100000.0, 99999.99999761954, 99999.99999746698, 99999.99999726521, 99999.99999734378]
J=1.2e-04, ⟨Jf⟩=1.1e-04, ⟨B·n⟩=3.1e-03, Len=sum([2.4, 2.4, 2.4, 2.6, 2.6])=12.3, ϰ=[9.5, 9.1, 6.8, 9.9, 10.5], ∫ϰ²/L>=[16.6, 17.4, 13.0, 18.7, 20.0], C-C-Sep=0.08, ║∇J║=3.9e-04
Iteration 495/2000-----
currents: [100000.0, 99999.9999976188, 99999.99999746624, 99999.99999726423, 99999.99999734283]
J=1.2e-04, ⟨Jf⟩=1.1e-04, ⟨B·n⟩=3.1e-03, Len=sum([2.4, 2.4, 2.4, 2.6, 2.6])=12.3, ϰ=[9.5, 9.1, 6.8, 9.9, 10.5], ∫ϰ²/L>=[16.6, 17.4, 13.0, 18.8, 20.0], C-C-Sep=0.08, ║∇J║=1.9e-04
Iteration 496/2000-----
currents: [100000.0, 99999.99999761794, 99999.99999746536, 99999.99999726302, 99999.99999734171]
J=1.2e-04, ⟨Jf⟩=1.1e-04, ⟨B·n⟩=3.1e-03, Len=sum([2.4, 2.4, 2.4, 2.6, 2.6])=12.3, ϰ=[9.5, 9.1, 6.8, 9.9, 10.5], ∫ϰ²/L>=[16.6, 17.4, 13.0, 18.8, 20.0], C-C-Sep=0.08, ║∇J║=1.8e-04
Iteration 497/2000-----
currents: [100000.0, 99999.99999761528, 99999.99999746266, 99999.99999725948, 99999.99999733844]
J=1.2e-04, ⟨Jf⟩=1.1e-04, ⟨B·n⟩=3.1e-03, Len=sum([2.4, 2.4, 2.4, 2.6, 2.6])=12.3, ϰ=[9.5, 9.2, 6.8, 9.9, 10.5], ∫ϰ²/L>=[16.6, 17.4, 13.0, 18.8, 20.0], C-C-Sep=0.08, ║∇J║=1.9e-04
Iteration 498/2000-----
currents: [100000.0, 99999.9999976078, 99999.99999745507, 99999.99999724967, 99999.99999732937]
J=1.2e-04, ⟨Jf⟩=1.1e-04, ⟨B·n⟩=3.1e-03, Len=sum([2.4, 2.4, 2.4, 2.6, 2.6])=12.3, ϰ=[9.5, 9.2, 6.8, 9.9, 10.5], ∫ϰ²/L>=[16.6, 17.4, 13.0, 18.8, 20.0], C-C-Sep=0.08, ║∇J║=3.7e-04
Iteration 499/2000-----
currents: [100000.0, 99999.99999760298, 99999.99999745018, 99999.9999972434, 99999.99999732358]
J=1.2e-04, ⟨Jf⟩=1.1e-04, ⟨B·n⟩=3.1e-03, Len=sum([2.4, 2.4, 2.4, 2.6, 2.6])=12.3, ϰ=[9.5, 9.2, 6.8, 9.9, 10.6], ∫ϰ²/L>=[16.6, 17.4, 13.0, 18.8, 20.0], C-C-Sep=0.08, ║∇J║=1.8e-04
Iteration 500/2000-----
currents: [100000.0, 99999.99999759918, 99999.99999744631, 99999.99999723847, 99999.999997319]
J=1.2e-04, ⟨Jf⟩=1.1e-04, ⟨B·n⟩=3.1e-03, Len=sum([2.4, 2.4, 2.4, 2.6, 2.6])=12.3, ϰ=[9.5, 9.2, 6.8, 9.9, 10.6], ∫ϰ²/L>=[16.6, 17.4, 13.0, 18.8, 20.0], C-C-Sep=0.08, ║∇J║=1.8e-04
Iteration 501/2000-----
currents: [100000.0, 99999.99999759269, 99999.99999743977, 99999.99999723012, 99999.99999731124]
J=1.2e-04, ⟨Jf⟩=1.1e-04, ⟨B·n⟩=3.1e-03, Len=sum([2.4, 2.4, 2.4, 2.6, 2.6])=12.3, ϰ=[9.5, 9.1, 6.8, 9.9, 10.6], ∫ϰ²/L>=[16.6, 17.4, 13.0, 18.8, 20.0], C-C-Sep=0.08, ║∇J║=2.1e-04
Iteration 502/2000-----
currents: [100000.0, 99999.99999758512, 99999.99999743217, 99999.99999722037, 99999.99999730213]
J=1.2e-04, ⟨Jf⟩=1.1e-04, ⟨B·n⟩=3.1e-03, Len=sum([2.4, 2.4, 2.4, 2.6, 2.6])=12.3, ϰ=[9.5, 9.1, 6.8, 10.0, 10.6], ∫ϰ²/L>=[16.5, 17.4, 13.0, 18.8, 20.0], C-C-Sep=0.08, ║∇J║=4.6e-04
Iteration 503/2000-----
currents: [100000.0, 99999.99999758392, 99999.99999743099, 99999.99999721884, 99999.9999973006]
J=1.2e-04, ⟨Jf⟩=1.1e-04, ⟨B·n⟩=3.1e-03, Len=sum([2.4, 2.4, 2.4, 2.6, 2.6])=12.3, ϰ=[9.5, 9.1, 6.8, 9.9, 10.6], ∫ϰ²/L>=[16.6, 17.4, 13.0, 18.8, 20.0], C-C-Sep=0.08, ║∇J║=1.9e-04
Iteration 504/2000-----
currents: [100000.0, 99999.99999758395, 99999.99999743114, 99999.999997219, 99999.99999730069]
J=1.2e-04, ⟨Jf⟩=1.1e-04, ⟨B·n⟩=3.1e-03, Len=sum([2.4, 2.4, 2.4, 2.6, 2.6])=12.3, ϰ=[9.5, 9.1, 6.8, 9.9, 10.6], ∫ϰ²/L>=[16.6, 17.4, 13.0, 18.8, 20.0], C-C-Sep=0.08, ║∇J║=1.6e-04
Iteration 505/2000-----
currents: [100000.0, 99999.99999758182, 99999.9999974291, 99999.9999972163, 99999.99999729809]
J=1.2e-04, ⟨Jf⟩=1.1e-04, ⟨B·n⟩=3.1e-03, Len=sum([2.4, 2.4, 2.4, 2.6, 2.6])=12.3, ϰ=[9.5, 9.1, 6.8, 9.9, 10.6], ∫ϰ²/L>=[16.6, 17.4, 13.0, 18.8, 20.0], C-C-Sep=0.08, ║∇J║=1.8e-04
Iteration 506/2000-----
currents: [100000.0, 99999.99999758336, 99999.99999743076, 99999.99999721833, 99999.99999729985]
J=1.2e-04, ⟨Jf⟩=1.1e-04, ⟨B·n⟩=3.1e-03, Len=sum([2.4, 2.4, 2.4, 2.6, 2.6])=12.3, ϰ=[9.5, 9.1, 6.8, 9.9, 10.6], ∫ϰ²/L>=[16.6, 17.4, 13.0, 18.8, 20.0], C-C-Sep=0.08, ║∇J║=2.2e-04
Iteration 507/2000-----
currents: [100000.0, 99999.99999757964, 99999.99999742708, 99999.99999721357, 99999.99999729541]
J=1.2e-04, ⟨Jf⟩=1.1e-04, ⟨B·n⟩=3.1e-03, Len=sum([2.4, 2.4, 2.4, 2.6, 2.6])=12.3, ϰ=[9.5, 9.1, 6.8, 10.0, 10.6], ∫ϰ²/L>=[16.6, 17.4, 13.0, 18.8, 20.0], C-C-Sep=0.08, ║∇J║=1.5e-04
Iteration 508/2000-----
currents: [100000.0, 99999.99999757479, 99999.9999974222, 99999.99999720731, 99999.99999728956]
J=1.2e-04, ⟨Jf⟩=1.1e-04, ⟨B·n⟩=3.1e-03, Len=sum([2.4, 2.4, 2.4, 2.6, 2.6])=12.3, ϰ=[9.5, 9.1, 6.8, 10.0, 10.6], ∫ϰ²/L>=[16.6, 17.4, 13.0, 18.8, 20.0], C-C-Sep=0.08, ║∇J║=1.7e-04
Iteration 509/2000-----
currents: [100000.0, 99999.99999757469, 99999.99999742206, 99999.9999972071, 99999.99999728931]
J=1.2e-04, ⟨Jf⟩=1.1e-04, ⟨B·n⟩=3.1e-03, Len=sum([2.4, 2.4, 2.4, 2.6, 2.6])=12.3, ϰ=[9.5, 9.2, 6.8, 10.0, 10.5], ∫ϰ²/L>=[16.6, 17.4, 13.0, 18.8, 20.0], C-C-Sep=0.08, ║∇J║=2.2e-04
Iteration 510/2000-----
currents: [100000.0, 99999.99999756976, 99999.99999741708, 99999.9999972007, 99999.9999972834]
J=1.2e-04, ⟨Jf⟩=1.1e-04, ⟨B·n⟩=3.1e-03, Len=sum([2.4, 2.4, 2.4, 2.6, 2.6])=12.3, ϰ=[9.5, 9.2, 6.8, 10.0, 10.6], ∫ϰ²/L>=[16.6, 17.4, 13.0, 18.8, 20.0], C-C-Sep=0.08, ║∇J║=1.7e-04
Iteration 511/2000-----
currents: [100000.0, 99999.99999756616, 99999.99999741347, 99999.99999719602, 99999.99999727904]
J=1.2e-04, ⟨Jf⟩=1.1e-04, ⟨B·n⟩=3.1e-03, Len=sum([2.4, 2.4, 2.4, 2.6, 2.6])=12.3, ϰ=[9.5, 9.2, 6.8, 10.0, 10.6], ∫ϰ²/L>=[16.6, 17.4, 13.0, 18.8, 20.0], C-C-Sep=0.08, ║∇J║=1.9e-04
Iteration 512/2000-----
currents: [100000.0, 99999.99999756532, 99999.99999741265, 99999.99999719487, 99999.99999727792]
J=1.2e-04, ⟨Jf⟩=1.1e-04, ⟨B·n⟩=3.1e-03, Len=sum([2.4, 2.4, 2.4, 2.6, 2.6])=12.3, ϰ=[9.5, 9.2, 6.8, 10.0, 10.6], ∫ϰ²/L>=[16.6, 17.4, 13.0, 18.8, 20.0], C-C-Sep=0.08, ║∇J║=2.4e-04
Iteration 513/2000-----
currents: [100000.0, 99999.99999756132, 99999.99999740867, 99999.99999718969, 99999.99999727307]
J=1.2e-04, ⟨Jf⟩=1.1e-04, ⟨B·n⟩=3.1e-03, Len=sum([2.4, 2.4, 2.4, 2.6, 2.6])=12.3, ϰ=[9.5, 9.2, 6.8, 10.0, 10.6], ∫ϰ²/L>=[16.6, 17.4, 13.0, 18.8, 20.0], C-C-Sep=0.08, ║∇J║=1.9e-04
Iteration 514/2000-----
currents: [100000.0, 99999.9999975576, 99999.999997405, 99999.9999971849, 99999.99999726853]
J=1.2e-04, ⟨Jf⟩=1.1e-04, ⟨B·n⟩=3.1e-03, Len=sum([2.4, 2.4, 2.4, 2.6, 2.6])=12.3, ϰ=[9.6, 9.2, 6.8, 10.0, 10.5], ∫ϰ²/L>=[16.6, 17.4, 13.0, 18.8, 20.0], C-C-Sep=0.08, ║∇J║=2.0e-04
Iteration 515/2000-----
currents: [100000.0, 99999.99999755662, 99999.99999740403, 99999.99999718354, 99999.99999726712]
J=1.2e-04, ⟨Jf⟩=1.1e-04, ⟨B·n⟩=3.1e-03, Len=sum([2.4, 2.4, 2.4, 2.6, 2.6])=12.3, ϰ=[9.6, 9.2, 6.8, 10.0, 10.5], ∫ϰ²/L>=[16.6, 17.4, 13.0, 18.8, 20.0], C-C-Sep=0.08, ║∇J║=4.4e-04
Iteration 516/2000-----
currents: [100000.0, 99999.99999755474, 99999.9999974021, 99999.99999718108, 99999.99999726484]
J=1.2e-04, ⟨Jf⟩=1.1e-04, ⟨B·n⟩=3.1e-03, Len=sum([2.4, 2.4, 2.4, 2.6, 2.6])=12.3, ϰ=[9.6, 9.2, 6.8, 10.0, 10.5], ∫ϰ²/L>=[16.6, 17.4, 13.0, 18.8, 20.0], C-C-Sep=0.08, ║∇J║=1.7e-04
Iteration 517/2000-----
currents: [100000.0, 99999.99999755442, 99999.99999740177, 99999.99999718064, 99999.99999726441]
J=1.2e-04, ⟨Jf⟩=1.1e-04, ⟨B·n⟩=3.1e-03, Len=sum([2.4, 2.4, 2.4, 2.6, 2.6])=12.3, ϰ=[9.6, 9.2, 6.8, 10.0, 10.5], ∫ϰ²/L>=[16.6, 17.4, 13.0, 18.8, 20.0], C-C-Sep=0.08, ║∇J║=1.4e-04
Iteration 518/2000-----
currents: [100000.0, 99999.99999755269, 99999.99999740001, 99999.99999717833, 99999.99999726222]
J=1.2e-04, ⟨Jf⟩=1.1e-04, ⟨B·n⟩=3.1e-03, Len=sum([2.4, 2.4, 2.4, 2.6, 2.6])=12.3, ϰ=[9.6, 9.2, 6.8, 10.0, 10.5], ∫ϰ²/L>=[16.6, 17.4, 13.0, 18.8, 20.0], C-C-Sep=0.08, ║∇J║=1.7e-04
Iteration 519/2000-----
currents: [100000.0, 99999.99999755087, 99999.99999739819, 99999.99999717591, 99999.99999725992]
J=1.2e-04, ⟨Jf⟩=1.1e-04, ⟨B·n⟩=3.1e-03, Len=sum([2.4, 2.4, 2.4, 2.6, 2.6])=12.3, ϰ=[9.6, 9.2, 6.8, 10.0, 10.5], ∫ϰ²/L>=[16.6, 17.4, 13.0, 18.8, 20.0], C-C-Sep=0.08, ║∇J║=1.8e-04
Iteration 520/2000-----
currents: [100000.0, 99999.99999754294, 99999.99999739023, 99999.99999716559, 99999.99999725026]
J=1.2e-04, ⟨Jf⟩=1.1e-04, ⟨B·n⟩=3.1e-03, Len=sum([2.4, 2.4, 2.4, 2.6, 2.6])=12.3, ϰ=[9.6, 9.3, 6.8, 9.9, 10.5], ∫ϰ²/L>=[16.6, 17.4, 13.0, 18.8, 20.0], C-C-Sep=0.08, ║∇J║=5.2e-04
Iteration 521/2000-----
currents: [100000.0, 99999.99999754294, 99999.99999739026, 99999.9999971656, 99999.99999725026]
J=1.2e-04, ⟨Jf⟩=1.1e-04, ⟨B·n⟩=3.1e-03, Len=sum([2.4, 2.4, 2.4, 2.6, 2.6])=12.3, ϰ=[9.6, 9.3, 6.8, 10.0, 10.5], ∫ϰ²/L>=[16.6, 17.4, 13.0, 18.8, 20.0], C-C-Sep=0.08, ║∇J║=1.6e-04
Iteration 522/2000-----
currents: [100000.0, 99999.99999754233, 99999.99999738968, 99999.99999716488, 99999.99999724957]
J=1.2e-04, ⟨Jf⟩=1.1e-04, ⟨B·n⟩=3.1e-03, Len=sum([2.4, 2.4, 2.4, 2.6, 2.6])=12.3, ϰ=[9.6, 9.2, 6.8, 10.0, 10.5], ∫ϰ²/L>=[16.6, 17.4, 13.0, 18.8, 20.0], C-C-Sep=0.08, ║∇J║=1.4e-04
Iteration 523/2000-----
currents: [100000.0, 99999.99999753851, 99999.9999973859, 99999.99999716006, 99999.99999724506]
J=1.2e-04, ⟨Jf⟩=1.1e-04, ⟨B·n⟩=3.1e-03, Len=sum([2.4, 2.4, 2.4, 2.6, 2.6])=12.3, ϰ=[9.6, 9.2, 6.8, 10.0, 10.5], ∫ϰ²/L>=[16.6, 17.4, 13.0, 18.8, 20.0], C-C-Sep=0.08, ║∇J║=1.7e-04
Iteration 524/2000-----
currents: [100000.0, 99999.99999753648, 99999.9999973839, 99999.99999715755, 99999.99999724263]
J=1.2e-04, ⟨Jf⟩=1.1e-04, ⟨B·n⟩=3.1e-03, Len=sum([2.4, 2.4, 2.4, 2.5, 2.6])=12.3, ϰ=[9.6, 9.3, 6.7, 10.0, 10.5], ∫ϰ²/L>=[16.6, 17.4, 13.0, 18.8, 20.0], C-C-Sep=0.08, ║∇J║=2.2e-04
Iteration 525/2000-----
currents: [100000.0, 99999.99999752814, 99999.99999737562, 99999.99999714698, 99999.99999723274]
J=1.2e-04, ⟨Jf⟩=1.1e-04, ⟨B·n⟩=3.1e-03, Len=sum([2.4, 2.4, 2.4, 2.5, 2.6])=12.3, ϰ=[9.6, 9.3, 6.7, 10.0, 10.5], ∫ϰ²/L>=[16.6, 17.4, 13.0, 18.8, 20.0], C-C-Sep=0.08, ║∇J║=2.5e-04
Iteration 526/2000-----
currents: [100000.0, 99999.99999752697, 99999.99999737446, 99999.99999714547, 99999.9999972313]
J=1.2e-04, ⟨Jf⟩=1.1e-04, ⟨B·n⟩=3.1e-03, Len=sum([2.4, 2.4, 2.4, 2.5, 2.6])=12.3, ϰ=[9.6, 9.3, 6.7, 10.0, 10.5], ∫ϰ²/L>=[16.6, 17.4, 13.0, 18.8, 20.0], C-C-Sep=0.08, ║∇J║=1.4e-04
Iteration 527/2000-----
currents: [100000.0, 99999.99999752812, 99999.9999973756, 99999.9999971469, 99999.99999723259]
J=1.2e-04, ⟨Jf⟩=1.1e-04, ⟨B·n⟩=3.1e-03, Len=sum([2.4, 2.4, 2.4, 2.5, 2.6])=12.3, ϰ=[9.6, 9.3, 6.7, 10.0, 10.5], ∫ϰ²/L>=[16.6, 17.4, 13.0, 18.8, 20.0], C-C-Sep=0.08, ║∇J║=1.5e-04
Iteration 528/2000-----
currents: [100000.0, 99999.99999752574, 99999.99999737323, 99999.99999714382, 99999.99999722971]
J=1.2e-04, ⟨Jf⟩=1.1e-04, ⟨B·n⟩=3.1e-03, Len=sum([2.4, 2.4, 2.4, 2.5, 2.6])=12.3, ϰ=[9.6, 9.3, 6.7, 10.0, 10.5], ∫ϰ²/L>=[16.6, 17.4, 13.0, 18.8, 20.0], C-C-Sep=0.08, ║∇J║=1.8e-04
Iteration 529/2000-----
currents: [100000.0, 99999.99999752165, 99999.99999736919, 99999.99999713857, 99999.9999972247]
J=1.2e-04, ⟨Jf⟩=1.1e-04, ⟨B·n⟩=3.1e-03, Len=sum([2.4, 2.4, 2.4, 2.5, 2.6])=12.3, ϰ=[9.6, 9.3, 6.7, 9.9, 10.5], ∫ϰ²/L>=[16.6, 17.4, 13.0, 18.8, 20.0], C-C-Sep=0.08, ║∇J║=3.2e-04
Iteration 530/2000-----
currents: [100000.0, 99999.99999751618, 99999.99999736372, 99999.99999713156, 99999.99999721817]
J=1.2e-04, ⟨Jf⟩=1.1e-04, ⟨B·n⟩=3.1e-03, Len=sum([2.4, 2.4, 2.4, 2.5, 2.6])=12.3, ϰ=[9.6, 9.3, 6.7, 9.9, 10.5], ∫ϰ²/L>=[16.6, 17.4, 12.9, 18.8, 20.0], C-C-Sep=0.08, ║∇J║=1.7e-04
Iteration 531/2000-----
currents: [100000.0, 99999.9999975095, 99999.99999735701, 99999.99999712296, 99999.99999721014]
J=1.2e-04, ⟨Jf⟩=1.1e-04, ⟨B·n⟩=3.1e-03, Len=sum([2.4, 2.4, 2.4, 2.5, 2.6])=12.3, ϰ=[9.6, 9.2, 6.7, 10.0, 10.5], ∫ϰ²/L>=[16.6, 17.4, 12.9, 18.8, 20.0], C-C-Sep=0.08, ║∇J║=1.5e-04
Iteration 532/2000-----
currents: [100000.0, 99999.99999750157, 99999.99999734905, 99999.99999711271, 99999.99999720052]
J=1.2e-04, ⟨Jf⟩=1.1e-04, ⟨B·n⟩=3.1e-03, Len=sum([2.4, 2.4, 2.4, 2.5, 2.6])=12.3, ϰ=[9.6, 9.2, 6.6, 10.0, 10.5], ∫ϰ²/L>=[16.6, 17.4, 12.9, 18.8, 20.0], C-C-Sep=0.08, ║∇J║=2.5e-04
Iteration 533/2000-----
currents: [100000.0, 99999.9999974944, 99999.99999734182, 99999.99999710337, 99999.99999719174]
J=1.2e-04, ⟨Jf⟩=1.1e-04, ⟨B·n⟩=3.1e-03, Len=sum([2.4, 2.4, 2.4, 2.5, 2.6])=12.3, ϰ=[9.7, 9.2, 6.6, 10.0, 10.5], ∫ϰ²/L>=[16.6, 17.4, 12.9, 18.9, 20.0], C-C-Sep=0.08, ║∇J║=2.2e-04
Iteration 534/2000-----
currents: [100000.0, 99999.99999749065, 99999.99999733805, 99999.99999709846, 99999.99999718713]
J=1.2e-04, ⟨Jf⟩=1.1e-04, ⟨B·n⟩=3.1e-03, Len=sum([2.4, 2.4, 2.4, 2.5, 2.6])=12.3, ϰ=[9.7, 9.2, 6.6, 10.0, 10.5], ∫ϰ²/L>=[16.6, 17.4, 12.9, 18.9, 20.0], C-C-Sep=0.08, ║∇J║=1.6e-04
Iteration 535/2000-----
currents: [100000.0, 99999.99999748367, 99999.99999733103, 99999.99999708933, 99999.99999717853]
J=1.2e-04, ⟨Jf⟩=1.1e-04, ⟨B·n⟩=3.1e-03, Len=sum([2.4, 2.4, 2.4, 2.5, 2.6])=12.3, ϰ=[9.6, 9.2, 6.6, 10.0, 10.5], ∫ϰ²/L>=[16.6, 17.5, 12.9, 18.9, 20.0], C-C-Sep=0.08, ║∇J║=1.7e-04
Iteration 536/2000-----
currents: [100000.0, 99999.99999747766, 99999.99999732504, 99999.99999708156, 99999.99999717125]
J=1.2e-04, ⟨Jf⟩=1.1e-04, ⟨B·n⟩=3.1e-03, Len=sum([2.4, 2.4, 2.4, 2.5, 2.6])=12.3, ϰ=[9.6, 9.2, 6.6, 10.0, 10.5], ∫ϰ²/L>=[16.6, 17.5, 12.9, 18.9, 20.0], C-C-Sep=0.08, ║∇J║=2.3e-04
Iteration 537/2000-----
currents: [100000.0, 99999.99999746705, 99999.99999731446, 99999.99999706792, 99999.99999715853]
J=1.2e-04, ⟨Jf⟩=1.1e-04, ⟨B·n⟩=3.1e-03, Len=sum([2.4, 2.4, 2.4, 2.5, 2.6])=12.3, ϰ=[9.6, 9.2, 6.6, 10.0, 10.6], ∫ϰ²/L>=[16.6, 17.5, 13.0, 18.9, 20.0], C-C-Sep=0.08, ║∇J║=1.9e-04
Iteration 538/2000-----
currents: [100000.0, 99999.99999744704, 99999.99999729451, 99999.99999704219, 99999.99999713452]
J=1.2e-04, ⟨Jf⟩=1.1e-04, ⟨B·n⟩=3.1e-03, Len=sum([2.4, 2.4, 2.4, 2.5, 2.6])=12.3, ϰ=[9.6, 9.2, 6.6, 10.1, 10.6], ∫ϰ²/L>=[16.6, 17.5, 13.0, 18.9, 20.0], C-C-Sep=0.08, ║∇J║=3.0e-04
Iteration 539/2000-----
currents: [100000.0, 99999.9999974407, 99999.99999728819, 99999.99999703406, 99999.99999712694]
J=1.2e-04, ⟨Jf⟩=1.1e-04, ⟨B·n⟩=3.1e-03, Len=sum([2.4, 2.4, 2.4, 2.5, 2.6])=12.3, ϰ=[9.6, 9.2, 6.6, 10.1, 10.6], ∫ϰ²/L>=[16.6, 17.5, 13.0, 18.9, 20.0], C-C-Sep=0.08, ║∇J║=2.1e-04
Iteration 540/2000-----
currents: [100000.0, 99999.99999744115, 99999.99999728864, 99999.99999703465, 99999.99999712754]
J=1.2e-04, ⟨Jf⟩=1.1e-04, ⟨B·n⟩=3.1e-03, Len=sum([2.4, 2.4, 2.4, 2.5, 2.6])=12.3, ϰ=[9.7, 9.2, 6.6, 10.1, 10.6], ∫ϰ²/L>=[16.6, 17.5, 12.9, 18.9, 20.0], C-C-Sep=0.08, ║∇J║=1.8e-04
Iteration 541/2000-----
currents: [100000.0, 99999.99999743178, 99999.99999727921, 99999.99999702245, 99999.9999971162]
J=1.2e-04, ⟨Jf⟩=1.1e-04, ⟨B·n⟩=3.1e-03, Len=sum([2.4, 2.4, 2.4, 2.5, 2.6])=12.3, ϰ=[9.7, 9.2, 6.5, 10.1, 10.6], ∫ϰ²/L>=[16.6, 17.4, 12.9, 18.9, 20.0], C-C-Sep=0.08, ║∇J║=2.1e-04
Iteration 542/2000-----
currents: [100000.0, 99999.99999742732, 99999.99999727476, 99999.9999970165, 99999.9999971106]
J=1.2e-04, ⟨Jf⟩=1.1e-04, ⟨B·n⟩=3.1e-03, Len=sum([2.4, 2.4, 2.4, 2.5, 2.6])=12.3, ϰ=[9.7, 9.2, 6.5, 10.1, 10.6], ∫ϰ²/L>=[16.6, 17.4, 12.9, 18.9, 20.0], C-C-Sep=0.08, ║∇J║=4.6e-04
Iteration 543/2000-----
currents: [100000.0, 99999.99999742692, 99999.99999727434, 99999.99999701587, 99999.99999711003]
J=1.2e-04, ⟨Jf⟩=1.1e-04, ⟨B·n⟩=3.1e-03, Len=sum([2.4, 2.4, 2.4, 2.5, 2.6])=12.3, ϰ=[9.7, 9.2, 6.5, 10.1, 10.6], ∫ϰ²/L>=[16.6, 17.4, 12.9, 18.9, 20.0], C-C-Sep=0.08, ║∇J║=2.5e-04
Iteration 544/2000-----
currents: [100000.0, 99999.99999741482, 99999.99999726228, 99999.99999700014, 99999.99999709529]
J=1.2e-04, ⟨Jf⟩=1.1e-04, ⟨B·n⟩=3.1e-03, Len=sum([2.4, 2.4, 2.4, 2.5, 2.6])=12.3, ϰ=[9.7, 9.2, 6.5, 10.1, 10.6], ∫ϰ²/L>=[16.6, 17.5, 12.9, 18.9, 20.0], C-C-Sep=0.08, ║∇J║=1.9e-04
Iteration 545/2000-----
currents: [100000.0, 99999.99999742396, 99999.99999727149, 99999.99999701187, 99999.99999710616]
J=1.2e-04, ⟨Jf⟩=1.1e-04, ⟨B·n⟩=3.1e-03, Len=sum([2.4, 2.4, 2.4, 2.5, 2.6])=12.3, ϰ=[9.7, 9.2, 6.6, 10.1, 10.6], ∫ϰ²/L>=[16.6, 17.5, 12.9, 18.9, 20.0], C-C-Sep=0.08, ║∇J║=2.0e-04
Iteration 546/2000-----
currents: [100000.0, 99999.99999741472, 99999.99999726232, 99999.99999699998, 99999.99999709504]
J=1.2e-04, ⟨Jf⟩=1.1e-04, ⟨B·n⟩=3.1e-03, Len=sum([2.4, 2.4, 2.4, 2.5, 2.6])=12.3, ϰ=[9.7, 9.2, 6.6, 10.1, 10.6], ∫ϰ²/L>=[16.6, 17.5, 12.9, 18.9, 20.0], C-C-Sep=0.08, ║∇J║=2.6e-04
Iteration 547/2000-----
currents: [100000.0, 99999.99999740359, 99999.99999725129, 99999.99999698569, 99999.99999708164]
J=1.2e-04, ⟨Jf⟩=1.1e-04, ⟨B·n⟩=3.1e-03, Len=sum([2.4, 2.4, 2.4, 2.5, 2.6])=12.3, ϰ=[9.7, 9.2, 6.6, 10.1, 10.6], ∫ϰ²/L>=[16.6, 17.4, 12.9, 18.9, 20.0], C-C-Sep=0.08, ║∇J║=2.2e-04
Iteration 548/2000-----
currents: [100000.0, 99999.99999739531, 99999.99999724308, 99999.9999969751, 99999.99999707176]
J=1.2e-04, ⟨Jf⟩=1.1e-04, ⟨B·n⟩=3.1e-03, Len=sum([2.4, 2.4, 2.4, 2.5, 2.6])=12.3, ϰ=[9.7, 9.2, 6.6, 10.1, 10.6], ∫ϰ²/L>=[16.6, 17.4, 12.9, 18.9, 20.0], C-C-Sep=0.08, ║∇J║=2.6e-04
Iteration 549/2000-----
currents: [100000.0, 99999.99999738176, 99999.99999722952, 99999.99999695759, 99999.99999705554]
J=1.2e-04, ⟨Jf⟩=1.1e-04, ⟨B·n⟩=3.1e-03, Len=sum([2.4, 2.4, 2.4, 2.5, 2.6])=12.3, ϰ=[9.7, 9.2, 6.7, 10.1, 10.6], ∫ϰ²/L>=[16.6, 17.4, 12.9, 18.9, 20.0], C-C-Sep=0.08, ║∇J║=4.0e-04
Iteration 550/2000-----
currents: [100000.0, 99999.99999738035, 99999.99999722812, 99999.99999695575, 99999.9999970538]
J=1.2e-04, ⟨Jf⟩=1.1e-04, ⟨B·n⟩=3.1e-03, Len=sum([2.4, 2.4, 2.4, 2.5, 2.6])=12.3, ϰ=[9.7, 9.2, 6.6, 10.1, 10.6], ∫ϰ²/L>=[16.6, 17.4, 12.9, 18.9, 20.0], C-C-Sep=0.08, ║∇J║=1.8e-04
Iteration 551/2000-----
currents: [100000.0, 99999.99999738153, 99999.99999722927, 99999.99999695718, 99999.9999970552]
J=1.2e-04, ⟨Jf⟩=1.1e-04, ⟨B·n⟩=3.1e-03, Len=sum([2.4, 2.4, 2.4, 2.5, 2.6])=12.3, ϰ=[9.6, 9.2, 6.7, 10.1, 10.6], ∫ϰ²/L>=[16.6, 17.4, 13.0, 18.9, 20.0], C-C-Sep=0.08, ║∇J║=1.6e-04
Iteration 552/2000-----
currents: [100000.0, 99999.99999737926, 99999.99999722702, 99999.99999695426, 99999.9999970525]
J=1.2e-04, ⟨Jf⟩=1.1e-04, ⟨B·n⟩=3.1e-03, Len=sum([2.4, 2.4, 2.4, 2.5, 2.6])=12.3, ϰ=[9.6, 9.2, 6.7, 10.1, 10.6], ∫ϰ²/L>=[16.6, 17.4, 13.0, 18.9, 20.0], C-C-Sep=0.08, ║∇J║=1.9e-04
Iteration 553/2000-----
currents: [100000.0, 99999.99999737578, 99999.99999722357, 99999.99999694969, 99999.99999704823]
J=1.2e-04, ⟨Jf⟩=1.1e-04, ⟨B·n⟩=3.1e-03, Len=sum([2.4, 2.4, 2.4, 2.5, 2.6])=12.3, ϰ=[9.6, 9.2, 6.7, 10.1, 10.6], ∫ϰ²/L>=[16.6, 17.4, 13.0, 18.9, 20.0], C-C-Sep=0.08, ║∇J║=2.6e-04
Iteration 554/2000-----
currents: [100000.0, 99999.99999736749, 99999.9999972153, 99999.99999693889, 99999.99999703813]
J=1.2e-04, ⟨Jf⟩=1.1e-04, ⟨B·n⟩=3.1e-03, Len=sum([2.4, 2.4, 2.4, 2.5, 2.6])=12.3, ϰ=[9.6, 9.2, 6.7, 10.1, 10.6], ∫ϰ²/L>=[16.6, 17.4, 13.0, 18.9, 20.0], C-C-Sep=0.08, ║∇J║=2.5e-04
Iteration 555/2000-----
currents: [100000.0, 99999.9999973633, 99999.99999721115, 99999.99999693349, 99999.99999703302]
J=1.2e-04, ⟨Jf⟩=1.1e-04, ⟨B·n⟩=3.1e-03, Len=sum([2.4, 2.4, 2.4, 2.5, 2.6])=12.3, ϰ=[9.6, 9.2, 6.7, 10.1, 10.5], ∫ϰ²/L>=[16.6, 17.4, 13.0, 18.9, 20.0], C-C-Sep=0.08, ║∇J║=1.8e-04
Iteration 556/2000-----
currents: [100000.0, 99999.99999735814, 99999.99999720599, 99999.99999692665, 99999.99999702655]
J=1.2e-04, ⟨Jf⟩=1.1e-04, ⟨B·n⟩=3.1e-03, Len=sum([2.4, 2.4, 2.4, 2.5, 2.6])=12.3, ϰ=[9.6, 9.2, 6.7, 10.1, 10.5], ∫ϰ²/L>=[16.6, 17.4, 13.0, 18.9, 20.0], C-C-Sep=0.08, ║∇J║=1.9e-04
Iteration 557/2000-----
currents: [100000.0, 99999.99999735488, 99999.99999720266, 99999.99999692215, 99999.99999702233]
J=1.2e-04, ⟨Jf⟩=1.1e-04, ⟨B·n⟩=3.1e-03, Len=sum([2.4, 2.4, 2.4, 2.5, 2.6])=12.3, ϰ=[9.6, 9.1, 6.8, 10.1, 10.5], ∫ϰ²/L>=[16.6, 17.4, 13.0, 18.9, 20.0], C-C-Sep=0.08, ║∇J║=3.9e-04
Iteration 558/2000-----
currents: [100000.0, 99999.99999735263, 99999.99999720039, 99999.9999969192, 99999.99999701961]
J=1.2e-04, ⟨Jf⟩=1.1e-04, ⟨B·n⟩=3.1e-03, Len=sum([2.4, 2.4, 2.4, 2.5, 2.6])=12.3, ϰ=[9.6, 9.1, 6.8, 10.1, 10.5], ∫ϰ²/L>=[16.6, 17.4, 13.0, 18.9, 20.0], C-C-Sep=0.08, ║∇J║=1.8e-04
Iteration 559/2000-----
currents: [100000.0, 99999.9999973479, 99999.99999719561, 99999.99999691293, 99999.9999970138]
J=1.2e-04, ⟨Jf⟩=1.1e-04, ⟨B·n⟩=3.1e-03, Len=sum([2.4, 2.4, 2.4, 2.5, 2.6])=12.3, ϰ=[9.6, 9.1, 6.8, 10.1, 10.5], ∫ϰ²/L>=[16.6, 17.4, 13.0, 18.9, 20.0], C-C-Sep=0.08, ║∇J║=1.4e-04
Iteration 560/2000-----
currents: [100000.0, 99999.9999973407, 99999.99999718838, 99999.99999690348, 99999.99999700503]
J=1.2e-04, ⟨Jf⟩=1.1e-04, ⟨B·n⟩=3.1e-03, Len=sum([2.4, 2.4, 2.4, 2.5, 2.6])=12.3, ϰ=[9.6, 9.1, 6.8, 10.1, 10.5], ∫ϰ²/L>=[16.6, 17.4, 13.0, 19.0, 20.0], C-C-Sep=0.08, ║∇J║=1.8e-04
Iteration 561/2000-----
currents: [100000.0, 99999.99999732286, 99999.99999717053, 99999.99999688024, 99999.99999698336]
J=1.2e-04, ⟨Jf⟩=1.1e-04, ⟨B·n⟩=3.1e-03, Len=sum([2.4, 2.4, 2.4, 2.5, 2.6])=12.3, ϰ=[9.6, 9.2, 6.8, 10.1, 10.5], ∫ϰ²/L>=[16.6, 17.4, 13.0, 19.0, 20.0], C-C-Sep=0.08, ║∇J║=2.5e-04
Iteration 562/2000-----
currents: [100000.0, 99999.99999727654, 99999.99999712422, 99999.99999681996, 99999.99999692713]
J=1.2e-04, ⟨Jf⟩=1.1e-04, ⟨B·n⟩=3.1e-03, Len=sum([2.4, 2.4, 2.4, 2.5, 2.6])=12.3, ϰ=[9.6, 9.2, 6.9, 10.2, 10.5], ∫ϰ²/L>=[16.6, 17.4, 13.0, 19.0, 20.0], C-C-Sep=0.08, ║∇J║=4.8e-04
Iteration 563/2000-----
currents: [100000.0, 99999.99999726123, 99999.99999710899, 99999.99999680027, 99999.9999969087]
J=1.2e-04, ⟨Jf⟩=1.1e-04, ⟨B·n⟩=3.1e-03, Len=sum([2.4, 2.4, 2.4, 2.5, 2.6])=12.3, ϰ=[9.6, 9.2, 6.9, 10.2, 10.5], ∫ϰ²/L>=[16.6, 17.4, 13.0, 19.1, 20.0], C-C-Sep=0.08, ║∇J║=2.3e-04
Iteration 564/2000-----
currents: [100000.0, 99999.999997284, 99999.99999713186, 99999.99999683011, 99999.99999693647]
J=1.2e-04, ⟨Jf⟩=1.1e-04, ⟨B·n⟩=3.1e-03, Len=sum([2.4, 2.4, 2.4, 2.5, 2.6])=12.3, ϰ=[9.6, 9.2, 6.8, 10.2, 10.5], ∫ϰ²/L>=[16.6, 17.4, 13.0, 19.0, 20.0], C-C-Sep=0.08, ║∇J║=3.0e-04
Iteration 565/2000-----
currents: [100000.0, 99999.99999726347, 99999.99999711139, 99999.99999680357, 99999.99999691168]
J=1.2e-04, ⟨Jf⟩=1.1e-04, ⟨B·n⟩=3.1e-03, Len=sum([2.4, 2.4, 2.4, 2.5, 2.6])=12.3, ϰ=[9.6, 9.2, 6.8, 10.2, 10.5], ∫ϰ²/L>=[16.6, 17.4, 13.0, 19.0, 20.0], C-C-Sep=0.08, ║∇J║=2.4e-04
Iteration 566/2000-----
currents: [100000.0, 99999.99999724774, 99999.99999709569, 99999.99999678315, 99999.99999689266]
J=1.2e-04, ⟨Jf⟩=1.1e-04, ⟨B·n⟩=3.1e-03, Len=sum([2.4, 2.4, 2.4, 2.5, 2.6])=12.3, ϰ=[9.6, 9.2, 6.8, 10.2, 10.5], ∫ϰ²/L>=[16.6, 17.4, 13.0, 19.1, 20.0], C-C-Sep=0.08, ║∇J║=2.0e-04
Iteration 567/2000-----
currents: [100000.0, 99999.99999724879, 99999.99999709679, 99999.99999678458, 99999.99999689398]
J=1.2e-04, ⟨Jf⟩=1.1e-04, ⟨B·n⟩=3.1e-03, Len=sum([2.4, 2.4, 2.4, 2.5, 2.6])=12.3, ϰ=[9.6, 9.2, 6.8, 10.2, 10.5], ∫ϰ²/L>=[16.5, 17.4, 13.0, 19.0, 20.0], C-C-Sep=0.08, ║∇J║=2.3e-04
Iteration 568/2000-----
currents: [100000.0, 99999.99999724694, 99999.99999709503, 99999.99999678215, 99999.99999689171]
J=1.2e-04, ⟨Jf⟩=1.1e-04, ⟨B·n⟩=3.1e-03, Len=sum([2.4, 2.4, 2.4, 2.5, 2.6])=12.3, ϰ=[9.5, 9.1, 6.9, 10.2, 10.6], ∫ϰ²/L>=[16.5, 17.4, 13.0, 19.0, 20.0], C-C-Sep=0.08, ║∇J║=3.5e-04
Iteration 569/2000-----
currents: [100000.0, 99999.99999724719, 99999.99999709534, 99999.99999678244, 99999.999996892]
J=1.2e-04, ⟨Jf⟩=1.1e-04, ⟨B·n⟩=3.1e-03, Len=sum([2.4, 2.4, 2.4, 2.5, 2.6])=12.3, ϰ=[9.5, 9.1, 6.9, 10.2, 10.6], ∫ϰ²/L>=[16.5, 17.4, 13.0, 19.0, 20.0], C-C-Sep=0.08, ║∇J║=3.9e-04
Iteration 570/2000-----
currents: [100000.0, 99999.99999724759, 99999.9999970957, 99999.99999678279, 99999.99999689231]
J=1.2e-04, ⟨Jf⟩=1.1e-04, ⟨B·n⟩=3.1e-03, Len=sum([2.4, 2.4, 2.4, 2.5, 2.6])=12.3, ϰ=[9.5, 9.1, 6.9, 10.2, 10.6], ∫ϰ²/L>=[16.5, 17.4, 13.0, 19.0, 20.0], C-C-Sep=0.08, ║∇J║=2.0e-04
Iteration 571/2000-----
currents: [100000.0, 99999.99999724055, 99999.99999708861, 99999.99999677349, 99999.99999688355]
J=1.2e-04, ⟨Jf⟩=1.1e-04, ⟨B·n⟩=3.1e-03, Len=sum([2.4, 2.4, 2.4, 2.5, 2.6])=12.3, ϰ=[9.5, 9.1, 6.9, 10.1, 10.6], ∫ϰ²/L>=[16.5, 17.4, 13.0, 19.0, 20.0], C-C-Sep=0.08, ║∇J║=1.9e-04
Iteration 572/2000-----
currents: [100000.0, 99999.9999972364, 99999.99999708444, 99999.99999676798, 99999.99999687838]
J=1.2e-04, ⟨Jf⟩=1.1e-04, ⟨B·n⟩=3.1e-03, Len=sum([2.4, 2.4, 2.4, 2.5, 2.6])=12.3, ϰ=[9.5, 9.1, 6.9, 10.1, 10.6], ∫ϰ²/L>=[16.5, 17.4, 13.0, 19.0, 20.0], C-C-Sep=0.08, ║∇J║=1.9e-04
Iteration 573/2000-----
currents: [100000.0, 99999.99999722536, 99999.99999707345, 99999.99999675361, 99999.99999686489]
J=1.2e-04, ⟨Jf⟩=1.1e-04, ⟨B·n⟩=3.1e-03, Len=sum([2.4, 2.4, 2.4, 2.5, 2.6])=12.3, ϰ=[9.5, 9.1, 6.9, 10.1, 10.6], ∫ϰ²/L>=[16.5, 17.4, 13.0, 19.0, 20.0], C-C-Sep=0.08, ║∇J║=2.8e-04
Iteration 574/2000-----
currents: [100000.0, 99999.99999721549, 99999.99999706364, 99999.9999967409, 99999.99999685306]
J=1.2e-04, ⟨Jf⟩=1.1e-04, ⟨B·n⟩=3.1e-03, Len=sum([2.4, 2.4, 2.4, 2.5, 2.6])=12.3, ϰ=[9.5, 9.1, 6.9, 10.1, 10.6], ∫ϰ²/L>=[16.5, 17.4, 13.0, 19.0, 20.0], C-C-Sep=0.08, ║∇J║=2.6e-04
Iteration 575/2000-----
currents: [100000.0, 99999.99999721388, 99999.99999706207, 99999.99999673884, 99999.99999685121]
J=1.2e-04, ⟨Jf⟩=1.1e-04, ⟨B·n⟩=3.1e-03, Len=sum([2.4, 2.4, 2.4, 2.5, 2.6])=12.3, ϰ=[9.5, 9.1, 6.9, 10.1, 10.6], ∫ϰ²/L>=[16.5, 17.4, 13.0, 19.0, 20.0], C-C-Sep=0.08, ║∇J║=2.0e-04
Iteration 576/2000-----
currents: [100000.0, 99999.9999972067, 99999.99999705504, 99999.99999672975, 99999.99999684282]
J=1.2e-04, ⟨Jf⟩=1.1e-04, ⟨B·n⟩=3.1e-03, Len=sum([2.4, 2.4, 2.4, 2.5, 2.6])=12.3, ϰ=[9.5, 9.1, 6.9, 10.1, 10.6], ∫ϰ²/L>=[16.5, 17.4, 13.0, 19.0, 20.1], C-C-Sep=0.08, ║∇J║=2.6e-04
Iteration 577/2000-----
currents: [100000.0, 99999.9999972019, 99999.9999970503, 99999.99999672356, 99999.9999968371]
J=1.2e-04, ⟨Jf⟩=1.1e-04, ⟨B·n⟩=3.1e-03, Len=sum([2.4, 2.4, 2.4, 2.5, 2.6])=12.3, ϰ=[9.5, 9.1, 6.9, 10.1, 10.7], ∫ϰ²/L>=[16.5, 17.4, 13.0, 19.0, 20.1], C-C-Sep=0.08, ║∇J║=2.8e-04
Iteration 578/2000-----
currents: [100000.0, 99999.99999719995, 99999.99999704835, 99999.99999672096, 99999.99999683465]
J=1.2e-04, ⟨Jf⟩=1.1e-04, ⟨B·n⟩=3.1e-03, Len=sum([2.4, 2.4, 2.4, 2.5, 2.6])=12.3, ϰ=[9.5, 9.1, 6.9, 10.1, 10.7], ∫ϰ²/L>=[16.5, 17.4, 13.0, 19.0, 20.1], C-C-Sep=0.08, ║∇J║=2.0e-04
Iteration 579/2000-----
currents: [100000.0, 99999.9999971895, 99999.99999703794, 99999.99999670719, 99999.99999682177]
J=1.2e-04, ⟨Jf⟩=1.1e-04, ⟨B·n⟩=3.1e-03, Len=sum([2.4, 2.4, 2.4, 2.5, 2.6])=12.3, ϰ=[9.6, 9.1, 7.0, 10.1, 10.7], ∫ϰ²/L>=[16.6, 17.4, 13.0, 19.0, 20.1], C-C-Sep=0.08, ║∇J║=2.1e-04
Iteration 580/2000-----
currents: [100000.0, 99999.99999717833, 99999.99999702684, 99999.99999669264, 99999.99999680815]
J=1.2e-04, ⟨Jf⟩=1.1e-04, ⟨B·n⟩=3.1e-03, Len=sum([2.4, 2.4, 2.4, 2.5, 2.6])=12.3, ϰ=[9.6, 9.1, 7.0, 10.1, 10.7], ∫ϰ²/L>=[16.6, 17.3, 13.1, 19.0, 20.1], C-C-Sep=0.08, ║∇J║=2.7e-04
Iteration 581/2000-----
currents: [100000.0, 99999.99999715578, 99999.99999700439, 99999.99999666326, 99999.99999678072]
J=1.2e-04, ⟨Jf⟩=1.1e-04, ⟨B·n⟩=3.1e-03, Len=sum([2.4, 2.4, 2.4, 2.5, 2.6])=12.3, ϰ=[9.6, 9.1, 6.9, 10.1, 10.7], ∫ϰ²/L>=[16.6, 17.3, 13.1, 19.0, 20.1], C-C-Sep=0.08, ║∇J║=2.5e-04
Iteration 582/2000-----
currents: [100000.0, 99999.999997113, 99999.99999696172, 99999.99999660763, 99999.9999967289]
J=1.2e-04, ⟨Jf⟩=1.1e-04, ⟨B·n⟩=3.1e-03, Len=sum([2.4, 2.4, 2.4, 2.5, 2.6])=12.3, ϰ=[9.6, 9.1, 6.9, 10.2, 10.7], ∫ϰ²/L>=[16.6, 17.3, 13.1, 19.0, 20.1], C-C-Sep=0.08, ║∇J║=4.7e-04
Iteration 583/2000-----
currents: [100000.0, 99999.99999709084, 99999.99999693951, 99999.99999657896, 99999.9999967023]
J=1.2e-04, ⟨Jf⟩=1.1e-04, ⟨B·n⟩=3.1e-03, Len=sum([2.4, 2.4, 2.4, 2.5, 2.5])=12.3, ϰ=[9.6, 9.0, 6.9, 10.2, 10.7], ∫ϰ²/L>=[16.6, 17.3, 13.1, 19.0, 20.2], C-C-Sep=0.08, ║∇J║=3.1e-04
Iteration 584/2000-----
currents: [100000.0, 99999.99999708546, 99999.99999693414, 99999.999996572, 99999.99999669575]
J=1.2e-04, ⟨Jf⟩=1.1e-04, ⟨B·n⟩=3.1e-03, Len=sum([2.4, 2.4, 2.4, 2.5, 2.5])=12.3, ϰ=[9.5, 9.0, 6.9, 10.2, 10.7], ∫ϰ²/L>=[16.5, 17.3, 13.1, 19.0, 20.2], C-C-Sep=0.08, ║∇J║=3.0e-04
Iteration 585/2000-----
currents: [100000.0, 99999.99999707828, 99999.9999969269, 99999.9999965627, 99999.99999668723]
J=1.2e-04, ⟨Jf⟩=1.1e-04, ⟨B·n⟩=3.1e-03, Len=sum([2.4, 2.4, 2.4, 2.5, 2.5])=12.3, ϰ=[9.5, 9.0, 6.9, 10.2, 10.8], ∫ϰ²/L>=[16.5, 17.3, 13.1, 19.0, 20.2], C-C-Sep=0.08, ║∇J║=1.9e-04
Iteration 586/2000-----
currents: [100000.0, 99999.99999704382, 99999.9999968925, 99999.99999651797, 99999.99999664558]
J=1.2e-04, ⟨Jf⟩=1.1e-04, ⟨B·n⟩=3.1e-03, Len=sum([2.4, 2.4, 2.4, 2.5, 2.5])=12.3, ϰ=[9.5, 9.0, 7.0, 10.2, 10.8], ∫ϰ²/L>=[16.5, 17.3, 13.1, 19.1, 20.2], C-C-Sep=0.08, ║∇J║=2.0e-04
Iteration 587/2000-----
currents: [100000.0, 99999.99999705152, 99999.99999690018, 99999.99999652796, 99999.99999665486]
J=1.2e-04, ⟨Jf⟩=1.1e-04, ⟨B·n⟩=3.1e-03, Len=sum([2.4, 2.4, 2.4, 2.5, 2.5])=12.3, ϰ=[9.5, 9.0, 6.9, 10.2, 10.8], ∫ϰ²/L>=[16.5, 17.3, 13.1, 19.0, 20.2], C-C-Sep=0.08, ║∇J║=2.9e-04
Iteration 588/2000-----
currents: [100000.0, 99999.99999705594, 99999.99999690468, 99999.99999653376, 99999.99999666025]
J=1.2e-04, ⟨Jf⟩=1.1e-04, ⟨B·n⟩=3.1e-03, Len=sum([2.4, 2.4, 2.4, 2.5, 2.5])=12.3, ϰ=[9.5, 9.0, 6.9, 10.2, 10.8], ∫ϰ²/L>=[16.5, 17.3, 13.1, 19.0, 20.2], C-C-Sep=0.08, ║∇J║=1.9e-04
Iteration 589/2000-----
currents: [100000.0, 99999.99999705117, 99999.99999690003, 99999.99999652752, 99999.99999665435]
J=1.2e-04, ⟨Jf⟩=1.1e-04, ⟨B·n⟩=3.1e-03, Len=sum([2.4, 2.4, 2.4, 2.5, 2.5])=12.3, ϰ=[9.5, 9.0, 6.9, 10.2, 10.8], ∫ϰ²/L>=[16.5, 17.3, 13.1, 19.0, 20.2], C-C-Sep=0.08, ║∇J║=2.5e-04
Iteration 590/2000-----
currents: [100000.0, 99999.99999705215, 99999.99999690105, 99999.99999652857, 99999.99999665533]
J=1.2e-04, ⟨Jf⟩=1.1e-04, ⟨B·n⟩=3.1e-03, Len=sum([2.4, 2.4, 2.4, 2.5, 2.5])=12.3, ϰ=[9.5, 9.0, 6.9, 10.2, 10.8], ∫ϰ²/L>=[16.5, 17.3, 13.1, 19.0, 20.2], C-C-Sep=0.08, ║∇J║=3.6e-04
Iteration 591/2000-----
currents: [100000.0, 99999.99999704117, 99999.99999689015, 99999.99999651426, 99999.99999664201]
J=1.2e-04, ⟨Jf⟩=1.1e-04, ⟨B·n⟩=3.1e-03, Len=sum([2.4, 2.4, 2.4, 2.5, 2.5])=12.3, ϰ=[9.5, 9.0, 6.9, 10.2, 10.8], ∫ϰ²/L>=[16.6, 17.3, 13.1, 19.0, 20.2], C-C-Sep=0.08, ║∇J║=2.0e-04
Iteration 592/2000-----
currents: [100000.0, 99999.99999703461, 99999.99999688352, 99999.99999650539, 99999.9999966338]
J=1.2e-04, ⟨Jf⟩=1.1e-04, ⟨B·n⟩=3.1e-03, Len=sum([2.4, 2.4, 2.4, 2.5, 2.5])=12.3, ϰ=[9.5, 9.0, 6.9, 10.2, 10.8], ∫ϰ²/L>=[16.6, 17.3, 13.1, 19.0, 20.2], C-C-Sep=0.08, ║∇J║=1.6e-04
Iteration 593/2000-----
currents: [100000.0, 99999.99999703137, 99999.99999688029, 99999.9999965011, 99999.99999662979]
J=1.2e-04, ⟨Jf⟩=1.1e-04, ⟨B·n⟩=3.1e-03, Len=sum([2.4, 2.4, 2.4, 2.5, 2.5])=12.3, ϰ=[9.5, 9.0, 6.9, 10.2, 10.8], ∫ϰ²/L>=[16.6, 17.3, 13.1, 19.0, 20.2], C-C-Sep=0.08, ║∇J║=1.9e-04
Iteration 594/2000-----
currents: [100000.0, 99999.99999702946, 99999.99999687837, 99999.99999649836, 99999.9999966272]
J=1.2e-04, ⟨Jf⟩=1.1e-04, ⟨B·n⟩=3.1e-03, Len=sum([2.4, 2.4, 2.4, 2.5, 2.5])=12.3, ϰ=[9.6, 9.0, 6.9, 10.1, 10.8], ∫ϰ²/L>=[16.6, 17.3, 13.1, 19.0, 20.2], C-C-Sep=0.08, ║∇J║=2.2e-04
Iteration 595/2000-----
currents: [100000.0, 99999.9999970161, 99999.99999686498, 99999.99999648066, 99999.99999661068]
J=1.2e-04, ⟨Jf⟩=1.1e-04, ⟨B·n⟩=3.1e-03, Len=sum([2.4, 2.4, 2.4, 2.5, 2.5])=12.3, ϰ=[9.6, 9.0, 6.9, 10.1, 10.8], ∫ϰ²/L>=[16.6, 17.3, 13.1, 19.0, 20.2], C-C-Sep=0.08, ║∇J║=3.4e-04
Iteration 596/2000-----
currents: [100000.0, 99999.99999700458, 99999.99999685354, 99999.9999964656, 99999.99999659654]
J=1.2e-04, ⟨Jf⟩=1.1e-04, ⟨B·n⟩=3.1e-03, Len=sum([2.4, 2.4, 2.4, 2.5, 2.5])=12.3, ϰ=[9.6, 9.0, 6.9, 10.1, 10.8], ∫ϰ²/L>=[16.6, 17.3, 13.1, 19.0, 20.2], C-C-Sep=0.08, ║∇J║=2.4e-04
Iteration 597/2000-----
currents: [100000.0, 99999.99999698499, 99999.99999683401, 99999.99999644005, 99999.99999657265]
J=1.2e-04, ⟨Jf⟩=1.1e-04, ⟨B·n⟩=3.1e-03, Len=sum([2.4, 2.4, 2.4, 2.5, 2.5])=12.3, ϰ=[9.6, 9.0, 6.8, 10.1, 10.8], ∫ϰ²/L>=[16.6, 17.3, 13.1, 19.0, 20.2], C-C-Sep=0.08, ║∇J║=2.0e-04
Iteration 598/2000-----
currents: [100000.0, 99999.99999694304, 99999.99999679215, 99999.99999638544, 99999.99999652171]
J=1.2e-04, ⟨Jf⟩=1.1e-04, ⟨B·n⟩=3.1e-03, Len=sum([2.4, 2.4, 2.5, 2.5, 2.5])=12.3, ϰ=[9.6, 8.9, 6.8, 10.2, 10.9], ∫ϰ²/L>=[16.6, 17.3, 13.1, 19.0, 20.2], C-C-Sep=0.08, ║∇J║=2.5e-04
Iteration 599/2000-----
currents: [100000.0, 99999.99999689557, 99999.99999674478, 99999.99999632356, 99999.99999646402]
J=1.2e-04, ⟨Jf⟩=1.1e-04, ⟨B·n⟩=3.1e-03, Len=sum([2.4, 2.4, 2.5, 2.5, 2.5])=12.3, ϰ=[9.6, 8.9, 6.8, 10.2, 10.9], ∫ϰ²/L>=[16.5, 17.2, 13.1, 19.0, 20.3], C-C-Sep=0.08, ║∇J║=3.2e-04
Iteration 600/2000-----
currents: [100000.0, 99999.99999690485, 99999.9999967541, 99999.99999633575, 99999.9999964754]
J=1.2e-04, ⟨Jf⟩=1.1e-04, ⟨B·n⟩=3.1e-03, Len=sum([2.4, 2.4, 2.5, 2.5, 2.5])=12.3, ϰ=[9.6, 8.9, 6.8, 10.2, 10.9], ∫ϰ²/L>=[16.5, 17.2, 13.1, 19.0, 20.2], C-C-Sep=0.08, ║∇J║=2.3e-04
Iteration 601/2000-----
currents: [100000.0, 99999.99999691315, 99999.99999676242, 99999.99999634647, 99999.99999648535]
J=1.2e-04, ⟨Jf⟩=1.1e-04, ⟨B·n⟩=3.1e-03, Len=sum([2.4, 2.4, 2.5, 2.5, 2.5])=12.3, ϰ=[9.6, 8.9, 6.9, 10.1, 10.9], ∫ϰ²/L>=[16.5, 17.2, 13.1, 19.0, 20.2], C-C-Sep=0.08, ║∇J║=2.4e-04
Iteration 602/2000-----
currents: [100000.0, 99999.99999690184, 99999.99999675123, 99999.9999963317, 99999.99999647154]
J=1.2e-04, ⟨Jf⟩=1.1e-04, ⟨B·n⟩=3.1e-03, Len=sum([2.4, 2.4, 2.5, 2.5, 2.5])=12.3, ϰ=[9.6, 9.0, 6.9, 10.1, 10.9], ∫ϰ²/L>=[16.5, 17.2, 13.1, 19.0, 20.2], C-C-Sep=0.08, ║∇J║=3.1e-04
Iteration 603/2000-----
currents: [100000.0, 99999.99999689186, 99999.99999674136, 99999.9999963186, 99999.9999964593]
J=1.2e-04, ⟨Jf⟩=1.1e-04, ⟨B·n⟩=3.1e-03, Len=sum([2.4, 2.4, 2.5, 2.5, 2.5])=12.3, ϰ=[9.6, 8.9, 6.9, 10.1, 10.9], ∫ϰ²/L>=[16.6, 17.2, 13.1, 19.0, 20.2], C-C-Sep=0.08, ║∇J║=2.5e-04
Iteration 604/2000-----
currents: [100000.0, 99999.9999968769, 99999.99999672656, 99999.999996299, 99999.99999644095]
J=1.2e-04, ⟨Jf⟩=1.1e-04, ⟨B·n⟩=3.1e-03, Len=sum([2.4, 2.4, 2.5, 2.5, 2.5])=12.3, ϰ=[9.6, 8.9, 6.9, 10.1, 10.9], ∫ϰ²/L>=[16.6, 17.2, 13.1, 19.1, 20.2], C-C-Sep=0.08, ║∇J║=3.7e-04
Iteration 605/2000-----
currents: [100000.0, 99999.9999968683, 99999.999996718, 99999.99999628775, 99999.99999643049]
J=1.2e-04, ⟨Jf⟩=1.1e-04, ⟨B·n⟩=3.1e-03, Len=sum([2.4, 2.4, 2.5, 2.5, 2.5])=12.3, ϰ=[9.7, 8.9, 7.0, 10.1, 10.9], ∫ϰ²/L>=[16.6, 17.2, 13.1, 19.1, 20.3], C-C-Sep=0.08, ║∇J║=2.7e-04
Iteration 606/2000-----
currents: [100000.0, 99999.9999968742, 99999.99999672387, 99999.9999962954, 99999.99999643769]
J=1.2e-04, ⟨Jf⟩=1.1e-04, ⟨B·n⟩=3.1e-03, Len=sum([2.4, 2.4, 2.5, 2.5, 2.5])=12.3, ϰ=[9.6, 8.9, 7.0, 10.1, 10.9], ∫ϰ²/L>=[16.5, 17.2, 13.1, 19.1, 20.3], C-C-Sep=0.08, ║∇J║=1.9e-04
Iteration 607/2000-----
currents: [100000.0, 99999.99999687784, 99999.9999967275, 99999.99999630015, 99999.99999644216]
J=1.2e-04, ⟨Jf⟩=1.1e-04, ⟨B·n⟩=3.1e-03, Len=sum([2.4, 2.4, 2.5, 2.5, 2.5])=12.3, ϰ=[9.6, 8.9, 6.9, 10.1, 10.9], ∫ϰ²/L>=[16.5, 17.2, 13.1, 19.1, 20.3], C-C-Sep=0.08, ║∇J║=2.0e-04
Iteration 608/2000-----
currents: [100000.0, 99999.99999688414, 99999.99999673382, 99999.99999630818, 99999.99999644965]
J=1.2e-04, ⟨Jf⟩=1.1e-04, ⟨B·n⟩=3.1e-03, Len=sum([2.4, 2.4, 2.5, 2.5, 2.5])=12.3, ϰ=[9.6, 8.9, 6.9, 10.1, 10.9], ∫ϰ²/L>=[16.5, 17.2, 13.1, 19.1, 20.3], C-C-Sep=0.08, ║∇J║=2.6e-04
Iteration 609/2000-----
currents: [100000.0, 99999.99999688093, 99999.99999673064, 99999.99999630374, 99999.99999644549]
J=1.2e-04, ⟨Jf⟩=1.1e-04, ⟨B·n⟩=3.1e-03, Len=sum([2.4, 2.4, 2.5, 2.5, 2.5])=12.3, ϰ=[9.6, 8.9, 7.0, 10.1, 10.9], ∫ϰ²/L>=[16.5, 17.2, 13.1, 19.1, 20.3], C-C-Sep=0.08, ║∇J║=2.4e-04
Iteration 610/2000-----
currents: [100000.0, 99999.99999686018, 99999.99999670997, 99999.9999962763, 99999.99999641975]
J=1.2e-04, ⟨Jf⟩=1.1e-04, ⟨B·n⟩=3.1e-03, Len=sum([2.4, 2.4, 2.5, 2.5, 2.5])=12.3, ϰ=[9.6, 9.0, 6.9, 10.1, 10.9], ∫ϰ²/L>=[16.5, 17.2, 13.1, 19.1, 20.3], C-C-Sep=0.08, ║∇J║=3.5e-04
Iteration 611/2000-----
currents: [100000.0, 99999.99999684654, 99999.99999669641, 99999.99999625827, 99999.99999640274]
J=1.2e-04, ⟨Jf⟩=1.1e-04, ⟨B·n⟩=3.1e-03, Len=sum([2.4, 2.4, 2.5, 2.5, 2.5])=12.3, ϰ=[9.6, 9.0, 7.0, 10.0, 10.9], ∫ϰ²/L>=[16.5, 17.2, 13.1, 19.0, 20.2], C-C-Sep=0.08, ║∇J║=3.8e-04
Iteration 612/2000-----
currents: [100000.0, 99999.99999683784, 99999.99999668768, 99999.99999624693, 99999.99999639219]
J=1.2e-04, ⟨Jf⟩=1.1e-04, ⟨B·n⟩=3.1e-03, Len=sum([2.4, 2.4, 2.5, 2.5, 2.5])=12.3, ϰ=[9.6, 9.0, 7.0, 10.1, 10.9], ∫ϰ²/L>=[16.5, 17.2, 13.1, 19.0, 20.3], C-C-Sep=0.08, ║∇J║=1.9e-04
Iteration 613/2000-----
currents: [100000.0, 99999.99999681975, 99999.99999666959, 99999.9999962234, 99999.99999637023]
J=1.2e-04, ⟨Jf⟩=1.1e-04, ⟨B·n⟩=3.1e-03, Len=sum([2.4, 2.4, 2.5, 2.5, 2.5])=12.3, ϰ=[9.6, 8.9, 7.0, 10.1, 10.9], ∫ϰ²/L>=[16.5, 17.2, 13.1, 19.1, 20.3], C-C-Sep=0.08, ║∇J║=1.7e-04
Iteration 614/2000-----
currents: [100000.0, 99999.99999678711, 99999.99999663702, 99999.99999618076, 99999.99999633041]
J=1.2e-04, ⟨Jf⟩=1.1e-04, ⟨B·n⟩=3.1e-03, Len=sum([2.4, 2.4, 2.5, 2.5, 2.5])=12.3, ϰ=[9.6, 8.9, 7.0, 10.1, 10.9], ∫ϰ²/L>=[16.5, 17.2, 13.1, 19.1, 20.3], C-C-Sep=0.08, ║∇J║=2.3e-04
Iteration 615/2000-----
currents: [100000.0, 99999.99999609623, 99999.9999959477, 99999.99999527821, 99999.99999548765]
J=1.2e-04, ⟨Jf⟩=1.1e-04, ⟨B·n⟩=3.2e-03, Len=sum([2.4, 2.4, 2.5, 2.5, 2.5])=12.3, ϰ=[9.8, 8.5, 7.0, 10.3, 11.3], ∫ϰ²/L>=[17.1, 17.1, 13.3, 19.5, 20.7], C-C-Sep=0.08, ║∇J║=5.5e-03
Iteration 616/2000-----
currents: [100000.0, 99999.999996713, 99999.99999656309, 99999.99999608395, 99999.99999624002]
J=1.2e-04, ⟨Jf⟩=1.1e-04, ⟨B·n⟩=3.1e-03, Len=sum([2.4, 2.4, 2.5, 2.5, 2.5])=12.3, ϰ=[9.6, 8.9, 7.0, 10.1, 11.0], ∫ϰ²/L>=[16.5, 17.2, 13.1, 19.1, 20.3], C-C-Sep=0.08, ║∇J║=4.4e-04
Iteration 617/2000-----
currents: [100000.0, 99999.99999675177, 99999.99999660175, 99999.99999613457, 99999.99999628728]
J=1.2e-04, ⟨Jf⟩=1.1e-04, ⟨B·n⟩=3.1e-03, Len=sum([2.4, 2.4, 2.5, 2.5, 2.5])=12.3, ϰ=[9.6, 8.9, 7.0, 10.1, 11.0], ∫ϰ²/L>=[16.5, 17.2, 13.1, 19.1, 20.3], C-C-Sep=0.08, ║∇J║=3.3e-04
Iteration 618/2000-----
currents: [100000.0, 99999.99999673586, 99999.99999658592, 99999.99999611363, 99999.99999626768]
J=1.2e-04, ⟨Jf⟩=1.1e-04, ⟨B·n⟩=3.1e-03, Len=sum([2.4, 2.4, 2.5, 2.5, 2.5])=12.3, ϰ=[9.6, 8.9, 7.0, 10.1, 11.0], ∫ϰ²/L>=[16.5, 17.2, 13.1, 19.1, 20.3], C-C-Sep=0.08, ║∇J║=4.9e-04
Iteration 619/2000-----
currents: [100000.0, 99999.99999673839, 99999.99999658852, 99999.9999961169, 99999.9999962707]
J=1.2e-04, ⟨Jf⟩=1.1e-04, ⟨B·n⟩=3.1e-03, Len=sum([2.4, 2.4, 2.5, 2.5, 2.5])=12.3, ϰ=[9.6, 8.9, 7.0, 10.1, 11.0], ∫ϰ²/L>=[16.5, 17.2, 13.1, 19.1, 20.3], C-C-Sep=0.08, ║∇J║=3.2e-04
Iteration 620/2000-----
currents: [100000.0, 99999.99999672329, 99999.9999965736, 99999.99999609687, 99999.99999625186]
J=1.2e-04, ⟨Jf⟩=1.1e-04, ⟨B·n⟩=3.1e-03, Len=sum([2.4, 2.4, 2.5, 2.5, 2.5])=12.3, ϰ=[9.5, 8.9, 7.0, 10.1, 10.9], ∫ϰ²/L>=[16.5, 17.2, 13.1, 19.1, 20.3], C-C-Sep=0.08, ║∇J║=3.9e-04
Iteration 621/2000-----
currents: [100000.0, 99999.99999671146, 99999.9999965619, 99999.99999608111, 99999.99999623706]
J=1.2e-04, ⟨Jf⟩=1.1e-04, ⟨B·n⟩=3.1e-03, Len=sum([2.4, 2.4, 2.5, 2.5, 2.5])=12.3, ϰ=[9.6, 8.9, 7.0, 10.1, 10.9], ∫ϰ²/L>=[16.6, 17.2, 13.1, 19.0, 20.3], C-C-Sep=0.08, ║∇J║=3.4e-04
Iteration 622/2000-----
currents: [100000.0, 99999.9999966988, 99999.99999654933, 99999.99999606445, 99999.99999622148]
J=1.2e-04, ⟨Jf⟩=1.1e-04, ⟨B·n⟩=3.1e-03, Len=sum([2.4, 2.4, 2.5, 2.5, 2.5])=12.3, ϰ=[9.6, 8.9, 6.9, 10.1, 10.9], ∫ϰ²/L>=[16.5, 17.2, 13.1, 19.1, 20.3], C-C-Sep=0.08, ║∇J║=2.7e-04
Iteration 623/2000-----
currents: [100000.0, 99999.99999667701, 99999.99999652764, 99999.99999603575, 99999.99999619459]
J=1.2e-04, ⟨Jf⟩=1.1e-04, ⟨B·n⟩=3.1e-03, Len=sum([2.4, 2.4, 2.5, 2.5, 2.5])=12.3, ϰ=[9.6, 8.9, 6.9, 10.1, 10.9], ∫ϰ²/L>=[16.5, 17.2, 13.1, 19.1, 20.2], C-C-Sep=0.08, ║∇J║=2.7e-04
Iteration 624/2000-----
currents: [100000.0, 99999.99999666742, 99999.99999651806, 99999.99999602309, 99999.99999618276]
J=1.2e-04, ⟨Jf⟩=1.1e-04, ⟨B·n⟩=3.1e-03, Len=sum([2.4, 2.4, 2.5, 2.5, 2.5])=12.3, ϰ=[9.5, 8.9, 6.9, 10.1, 10.9], ∫ϰ²/L>=[16.5, 17.2, 13.1, 19.1, 20.2], C-C-Sep=0.08, ║∇J║=3.2e-04
Iteration 625/2000-----
currents: [100000.0, 99999.99999664984, 99999.99999650056, 99999.99999600013, 99999.99999616136]
J=1.2e-04, ⟨Jf⟩=1.1e-04, ⟨B·n⟩=3.1e-03, Len=sum([2.4, 2.4, 2.5, 2.5, 2.5])=12.3, ϰ=[9.6, 8.9, 6.9, 10.1, 10.9], ∫ϰ²/L>=[16.5, 17.2, 13.1, 19.1, 20.2], C-C-Sep=0.08, ║∇J║=2.6e-04
Iteration 626/2000-----
currents: [100000.0, 99999.99999661928, 99999.9999964702, 99999.99999596013, 99999.99999612401]
J=1.2e-04, ⟨Jf⟩=1.1e-04, ⟨B·n⟩=3.1e-03, Len=sum([2.4, 2.4, 2.5, 2.5, 2.5])=12.3, ϰ=[9.6, 8.9, 6.9, 10.1, 10.9], ∫ϰ²/L>=[16.5, 17.2, 13.1, 19.1, 20.2], C-C-Sep=0.08, ║∇J║=2.9e-04
Iteration 627/2000-----
currents: [100000.0, 99999.99999656218, 99999.99999641349, 99999.9999958854, 99999.99999605415]
J=1.2e-04, ⟨Jf⟩=1.1e-04, ⟨B·n⟩=3.1e-03, Len=sum([2.4, 2.4, 2.5, 2.5, 2.5])=12.3, ϰ=[9.7, 8.9, 6.9, 10.1, 10.9], ∫ϰ²/L>=[16.5, 17.2, 13.1, 19.1, 20.3], C-C-Sep=0.08, ║∇J║=4.9e-04
Iteration 628/2000-----
currents: [100000.0, 99999.99999652214, 99999.9999963738, 99999.99999583302, 99999.9999960052]
J=1.2e-04, ⟨Jf⟩=1.1e-04, ⟨B·n⟩=3.1e-03, Len=sum([2.4, 2.4, 2.5, 2.5, 2.5])=12.3, ϰ=[9.7, 8.9, 6.9, 10.1, 10.9], ∫ϰ²/L>=[16.5, 17.2, 13.1, 19.1, 20.3], C-C-Sep=0.08, ║∇J║=4.5e-04
Iteration 629/2000-----
currents: [100000.0, 99999.99999653742, 99999.99999638934, 99999.99999585291, 99999.99999602363]
J=1.2e-04, ⟨Jf⟩=1.1e-04, ⟨B·n⟩=3.1e-03, Len=sum([2.4, 2.4, 2.5, 2.5, 2.5])=12.3, ϰ=[9.7, 9.0, 6.8, 10.0, 10.9], ∫ϰ²/L>=[16.5, 17.2, 13.0, 19.1, 20.3], C-C-Sep=0.08, ║∇J║=4.2e-04
Iteration 630/2000-----
currents: [100000.0, 99999.99999650283, 99999.99999635502, 99999.99999580788, 99999.99999598149]
J=1.2e-04, ⟨Jf⟩=1.1e-04, ⟨B·n⟩=3.1e-03, Len=sum([2.4, 2.4, 2.5, 2.5, 2.5])=12.3, ϰ=[9.7, 8.9, 6.8, 10.1, 10.9], ∫ϰ²/L>=[16.5, 17.2, 13.0, 19.1, 20.3], C-C-Sep=0.08, ║∇J║=3.6e-04
Iteration 631/2000-----
currents: [100000.0, 99999.99999649997, 99999.99999635226, 99999.99999580446, 99999.99999597826]
J=1.2e-04, ⟨Jf⟩=1.1e-04, ⟨B·n⟩=3.1e-03, Len=sum([2.4, 2.4, 2.5, 2.5, 2.5])=12.3, ϰ=[9.7, 8.9, 6.8, 10.1, 10.9], ∫ϰ²/L>=[16.5, 17.2, 13.0, 19.1, 20.3], C-C-Sep=0.08, ║∇J║=3.3e-04
Iteration 632/2000-----
currents: [100000.0, 99999.99999649636, 99999.99999634878, 99999.99999579998, 99999.99999597402]
J=1.2e-04, ⟨Jf⟩=1.1e-04, ⟨B·n⟩=3.1e-03, Len=sum([2.4, 2.4, 2.5, 2.5, 2.5])=12.3, ϰ=[9.7, 9.0, 6.8, 10.1, 10.9], ∫ϰ²/L>=[16.5, 17.2, 13.0, 19.1, 20.3], C-C-Sep=0.08, ║∇J║=2.7e-04
Iteration 633/2000-----
currents: [100000.0, 99999.99999649005, 99999.99999634271, 99999.99999579196, 99999.99999596634]
J=1.2e-04, ⟨Jf⟩=1.1e-04, ⟨B·n⟩=3.1e-03, Len=sum([2.4, 2.4, 2.5, 2.5, 2.5])=12.3, ϰ=[9.7, 9.0, 6.8, 10.0, 10.9], ∫ϰ²/L>=[16.6, 17.2, 13.0, 19.1, 20.3], C-C-Sep=0.08, ║∇J║=3.0e-04
Iteration 634/2000-----
currents: [100000.0, 99999.9999964719, 99999.99999632475, 99999.9999957682, 99999.99999594408]
J=1.2e-04, ⟨Jf⟩=1.1e-04, ⟨B·n⟩=3.1e-03, Len=sum([2.4, 2.4, 2.5, 2.5, 2.5])=12.3, ϰ=[9.7, 9.0, 6.8, 10.1, 10.9], ∫ϰ²/L>=[16.6, 17.2, 13.0, 19.1, 20.3], C-C-Sep=0.08, ║∇J║=4.6e-04
Iteration 635/2000-----
currents: [100000.0, 99999.99999645895, 99999.99999631186, 99999.9999957509, 99999.99999592773]
J=1.2e-04, ⟨Jf⟩=1.1e-04, ⟨B·n⟩=3.1e-03, Len=sum([2.4, 2.4, 2.5, 2.5, 2.5])=12.3, ϰ=[9.7, 9.1, 6.8, 10.1, 10.9], ∫ϰ²/L>=[16.6, 17.2, 13.0, 19.1, 20.2], C-C-Sep=0.08, ║∇J║=3.6e-04
Iteration 636/2000-----
currents: [100000.0, 99999.99999642253, 99999.99999627561, 99999.9999957029, 99999.9999958827]
J=1.2e-04, ⟨Jf⟩=1.1e-04, ⟨B·n⟩=3.1e-03, Len=sum([2.4, 2.4, 2.5, 2.5, 2.5])=12.3, ϰ=[9.8, 9.1, 6.8, 10.1, 10.9], ∫ϰ²/L>=[16.6, 17.2, 13.0, 19.1, 20.2], C-C-Sep=0.08, ║∇J║=3.6e-04
Iteration 637/2000-----
currents: [100000.0, 99999.99999638824, 99999.99999624131, 99999.99999565723, 99999.99999583981]
J=1.2e-04, ⟨Jf⟩=1.1e-04, ⟨B·n⟩=3.1e-03, Len=sum([2.4, 2.4, 2.5, 2.5, 2.5])=12.3, ϰ=[9.8, 9.0, 6.7, 10.1, 10.8], ∫ϰ²/L>=[16.6, 17.2, 13.0, 19.1, 20.2], C-C-Sep=0.08, ║∇J║=4.7e-04
Iteration 638/2000-----
currents: [100000.0, 99999.99999632435, 99999.99999617763, 99999.999995573, 99999.99999576095]
J=1.2e-04, ⟨Jf⟩=1.1e-04, ⟨B·n⟩=3.1e-03, Len=sum([2.4, 2.4, 2.5, 2.5, 2.5])=12.3, ϰ=[9.9, 9.0, 6.7, 10.1, 10.8], ∫ϰ²/L>=[16.6, 17.3, 13.0, 19.1, 20.2], C-C-Sep=0.08, ║∇J║=4.2e-04
Iteration 639/2000-----
currents: [100000.0, 99999.99999632018, 99999.99999617356, 99999.99999556782, 99999.99999575625]
J=1.2e-04, ⟨Jf⟩=1.1e-04, ⟨B·n⟩=3.1e-03, Len=sum([2.4, 2.4, 2.5, 2.5, 2.5])=12.3, ϰ=[9.8, 9.0, 6.7, 10.1, 10.9], ∫ϰ²/L>=[16.6, 17.3, 13.0, 19.1, 20.2], C-C-Sep=0.08, ║∇J║=4.2e-04
Iteration 640/2000-----
currents: [100000.0, 99999.99999631563, 99999.99999616906, 99999.9999955619, 99999.99999575071]
J=1.2e-04, ⟨Jf⟩=1.1e-04, ⟨B·n⟩=3.1e-03, Len=sum([2.4, 2.4, 2.5, 2.5, 2.5])=12.3, ϰ=[9.8, 9.0, 6.7, 10.1, 10.9], ∫ϰ²/L>=[16.6, 17.2, 13.0, 19.1, 20.2], C-C-Sep=0.08, ║∇J║=2.9e-04
Iteration 641/2000-----
currents: [100000.0, 99999.99999630218, 99999.99999615565, 99999.99999554419, 99999.99999573418]
J=1.2e-04, ⟨Jf⟩=1.1e-04, ⟨B·n⟩=3.1e-03, Len=sum([2.4, 2.4, 2.5, 2.5, 2.5])=12.3, ϰ=[9.8, 9.0, 6.7, 10.1, 10.9], ∫ϰ²/L>=[16.6, 17.2, 13.0, 19.1, 20.2], C-C-Sep=0.08, ║∇J║=2.7e-04
Iteration 642/2000-----
currents: [100000.0, 99999.99999627104, 99999.99999612453, 99999.99999550282, 99999.99999569546]
J=1.2e-04, ⟨Jf⟩=1.1e-04, ⟨B·n⟩=3.1e-03, Len=sum([2.4, 2.4, 2.5, 2.5, 2.5])=12.3, ϰ=[9.8, 9.0, 6.8, 10.1, 10.9], ∫ϰ²/L>=[16.6, 17.2, 13.0, 19.1, 20.2], C-C-Sep=0.08, ║∇J║=3.3e-04
Iteration 643/2000-----
currents: [100000.0, 99999.99999624712, 99999.9999961006, 99999.99999547112, 99999.99999566584]
J=1.2e-04, ⟨Jf⟩=1.1e-04, ⟨B·n⟩=3.1e-03, Len=sum([2.4, 2.4, 2.5, 2.5, 2.5])=12.3, ϰ=[9.7, 9.0, 6.7, 10.1, 10.9], ∫ϰ²/L>=[16.6, 17.2, 13.0, 19.1, 20.2], C-C-Sep=0.08, ║∇J║=4.8e-04
Iteration 644/2000-----
currents: [100000.0, 99999.99999621854, 99999.99999607226, 99999.99999543367, 99999.99999563071]
J=1.2e-04, ⟨Jf⟩=1.1e-04, ⟨B·n⟩=3.1e-03, Len=sum([2.4, 2.4, 2.5, 2.5, 2.5])=12.3, ϰ=[9.8, 9.0, 6.7, 10.1, 10.9], ∫ϰ²/L>=[16.6, 17.2, 13.0, 19.1, 20.3], C-C-Sep=0.08, ║∇J║=3.7e-04
Iteration 645/2000-----
currents: [100000.0, 99999.9999961121, 99999.9999959665, 99999.999995294, 99999.99999549978]
J=1.2e-04, ⟨Jf⟩=1.1e-04, ⟨B·n⟩=3.1e-03, Len=sum([2.4, 2.4, 2.5, 2.6, 2.5])=12.3, ϰ=[9.8, 9.0, 6.7, 10.1, 11.0], ∫ϰ²/L>=[16.7, 17.2, 13.0, 19.1, 20.3], C-C-Sep=0.08, ║∇J║=6.9e-04
Iteration 646/2000-----
currents: [100000.0, 99999.99999615323, 99999.99999600746, 99999.99999534796, 99999.99999555008]
J=1.2e-04, ⟨Jf⟩=1.1e-04, ⟨B·n⟩=3.1e-03, Len=sum([2.4, 2.4, 2.5, 2.5, 2.5])=12.3, ϰ=[9.8, 9.0, 6.7, 10.1, 10.9], ∫ϰ²/L>=[16.6, 17.2, 13.0, 19.1, 20.3], C-C-Sep=0.08, ║∇J║=6.1e-04
Iteration 647/2000-----
currents: [100000.0, 99999.99999614434, 99999.99999599882, 99999.99999533668, 99999.99999553949]
J=1.2e-04, ⟨Jf⟩=1.1e-04, ⟨B·n⟩=3.1e-03, Len=sum([2.4, 2.4, 2.5, 2.5, 2.5])=12.3, ϰ=[9.8, 9.0, 6.6, 10.1, 10.9], ∫ϰ²/L>=[16.6, 17.2, 13.0, 19.1, 20.3], C-C-Sep=0.08, ║∇J║=4.9e-04
Iteration 648/2000-----
currents: [100000.0, 99999.99999611445, 99999.9999959691, 99999.99999529764, 99999.9999955027]
J=1.2e-04, ⟨Jf⟩=1.1e-04, ⟨B·n⟩=3.1e-03, Len=sum([2.4, 2.4, 2.5, 2.5, 2.5])=12.3, ϰ=[9.8, 9.0, 6.6, 10.1, 10.9], ∫ϰ²/L>=[16.7, 17.2, 13.0, 19.1, 20.3], C-C-Sep=0.08, ║∇J║=3.4e-04
Iteration 649/2000-----
currents: [100000.0, 99999.9999960849, 99999.9999959398, 99999.99999525881, 99999.99999546618]
J=1.2e-04, ⟨Jf⟩=1.1e-04, ⟨B·n⟩=3.1e-03, Len=sum([2.4, 2.4, 2.5, 2.5, 2.5])=12.3, ϰ=[9.8, 9.0, 6.6, 10.1, 10.9], ∫ϰ²/L>=[16.7, 17.2, 13.0, 19.1, 20.3], C-C-Sep=0.08, ║∇J║=3.5e-04
Iteration 650/2000-----
currents: [100000.0, 99999.99999607702, 99999.99999593198, 99999.99999524854, 99999.99999545635]
J=1.2e-04, ⟨Jf⟩=1.1e-04, ⟨B·n⟩=3.1e-03, Len=sum([2.4, 2.4, 2.5, 2.5, 2.5])=12.3, ϰ=[9.8, 9.0, 6.6, 10.1, 10.9], ∫ϰ²/L>=[16.7, 17.2, 12.9, 19.1, 20.3], C-C-Sep=0.08, ║∇J║=2.8e-04
Iteration 651/2000-----
currents: [100000.0, 99999.99999605477, 99999.99999590994, 99999.99999521939, 99999.99999542885]
J=1.2e-04, ⟨Jf⟩=1.1e-04, ⟨B·n⟩=3.1e-03, Len=sum([2.4, 2.4, 2.5, 2.5, 2.5])=12.3, ϰ=[9.8, 9.0, 6.5, 10.1, 10.9], ∫ϰ²/L>=[16.7, 17.2, 12.9, 19.1, 20.3], C-C-Sep=0.08, ║∇J║=3.6e-04
Iteration 652/2000-----
currents: [100000.0, 99999.99999602731, 99999.99999588275, 99999.99999518332, 99999.99999539486]
J=1.2e-04, ⟨Jf⟩=1.1e-04, ⟨B·n⟩=3.1e-03, Len=sum([2.4, 2.4, 2.5, 2.5, 2.5])=12.3, ϰ=[9.8, 9.0, 6.5, 10.1, 10.9], ∫ϰ²/L>=[16.7, 17.2, 12.9, 19.1, 20.3], C-C-Sep=0.08, ║∇J║=4.4e-04
Iteration 653/2000-----
currents: [100000.0, 99999.9999959863, 99999.999995842, 99999.99999512927, 99999.99999534403]
J=1.2e-04, ⟨Jf⟩=1.1e-04, ⟨B·n⟩=3.1e-03, Len=sum([2.4, 2.4, 2.5, 2.5, 2.5])=12.3, ϰ=[9.8, 9.0, 6.4, 10.1, 10.9], ∫ϰ²/L>=[16.7, 17.2, 12.9, 19.1, 20.3], C-C-Sep=0.08, ║∇J║=5.3e-04
Iteration 654/2000-----
currents: [100000.0, 99999.99999590902, 99999.99999576522, 99999.99999502774, 99999.99999524871]
J=1.2e-04, ⟨Jf⟩=1.1e-04, ⟨B·n⟩=3.1e-03, Len=sum([2.4, 2.4, 2.5, 2.6, 2.5])=12.3, ϰ=[9.9, 9.0, 6.4, 10.1, 11.0], ∫ϰ²/L>=[16.7, 17.2, 12.9, 19.2, 20.3], C-C-Sep=0.08, ║∇J║=6.1e-04
Iteration 655/2000-----
currents: [100000.0, 99999.99999590933, 99999.99999576542, 99999.99999502828, 99999.99999524934]
J=1.2e-04, ⟨Jf⟩=1.1e-04, ⟨B·n⟩=3.1e-03, Len=sum([2.4, 2.4, 2.5, 2.6, 2.5])=12.3, ϰ=[9.8, 9.0, 6.4, 10.1, 11.0], ∫ϰ²/L>=[16.6, 17.2, 12.9, 19.2, 20.3], C-C-Sep=0.08, ║∇J║=5.3e-04
Iteration 656/2000-----
currents: [100000.0, 99999.9999959015, 99999.99999575767, 99999.99999501815, 99999.99999523979]
J=1.2e-04, ⟨Jf⟩=1.1e-04, ⟨B·n⟩=3.1e-03, Len=sum([2.4, 2.4, 2.5, 2.6, 2.5])=12.3, ϰ=[9.9, 9.0, 6.3, 10.1, 11.0], ∫ϰ²/L>=[16.6, 17.2, 12.9, 19.2, 20.3], C-C-Sep=0.08, ║∇J║=4.0e-04
Iteration 657/2000-----
currents: [100000.0, 99999.99999588325, 99999.99999573945, 99999.99999499423, 99999.99999521745]
J=1.2e-04, ⟨Jf⟩=1.1e-04, ⟨B·n⟩=3.1e-03, Len=sum([2.4, 2.4, 2.5, 2.6, 2.5])=12.3, ϰ=[9.9, 9.0, 6.4, 10.1, 11.0], ∫ϰ²/L>=[16.6, 17.2, 12.9, 19.2, 20.4], C-C-Sep=0.08, ║∇J║=3.2e-04
Iteration 658/2000-----
currents: [100000.0, 99999.99999585988, 99999.99999571613, 99999.99999496358, 99999.99999518879]
J=1.2e-04, ⟨Jf⟩=1.1e-04, ⟨B·n⟩=3.1e-03, Len=sum([2.4, 2.4, 2.5, 2.6, 2.5])=12.3, ϰ=[9.9, 9.0, 6.3, 10.1, 11.1], ∫ϰ²/L>=[16.7, 17.2, 12.9, 19.2, 20.4], C-C-Sep=0.08, ║∇J║=3.3e-04
Iteration 659/2000-----
currents: [100000.0, 99999.99999583857, 99999.99999569486, 99999.9999949355, 99999.9999951624]
J=1.2e-04, ⟨Jf⟩=1.1e-04, ⟨B·n⟩=3.1e-03, Len=sum([2.4, 2.4, 2.5, 2.5, 2.5])=12.3, ϰ=[9.9, 9.0, 6.4, 10.1, 11.1], ∫ϰ²/L>=[16.7, 17.2, 12.9, 19.2, 20.4], C-C-Sep=0.08, ║∇J║=4.5e-04
Iteration 660/2000-----
currents: [100000.0, 99999.99999579118, 99999.99999564765, 99999.99999487304, 99999.999995104]
J=1.2e-04, ⟨Jf⟩=1.1e-04, ⟨B·n⟩=3.1e-03, Len=sum([2.4, 2.4, 2.5, 2.6, 2.5])=12.3, ϰ=[9.9, 9.0, 6.3, 10.1, 11.1], ∫ϰ²/L>=[16.7, 17.3, 12.9, 19.2, 20.4], C-C-Sep=0.08, ║∇J║=4.1e-04
Iteration 661/2000-----
currents: [100000.0, 99999.99999565212, 99999.99999550928, 99999.99999468996, 99999.99999493232]
J=1.2e-04, ⟨Jf⟩=1.1e-04, ⟨B·n⟩=3.1e-03, Len=sum([2.4, 2.4, 2.5, 2.6, 2.5])=12.3, ϰ=[9.9, 9.0, 6.3, 10.2, 11.1], ∫ϰ²/L>=[16.8, 17.3, 13.0, 19.3, 20.5], C-C-Sep=0.08, ║∇J║=7.3e-04
Iteration 662/2000-----
currents: [100000.0, 99999.99999572113, 99999.99999557795, 99999.99999478081, 99999.99999501751]
J=1.2e-04, ⟨Jf⟩=1.1e-04, ⟨B·n⟩=3.1e-03, Len=sum([2.4, 2.4, 2.5, 2.6, 2.5])=12.3, ϰ=[9.9, 9.0, 6.3, 10.1, 11.1], ∫ϰ²/L>=[16.7, 17.3, 12.9, 19.2, 20.5], C-C-Sep=0.08, ║∇J║=4.6e-04
Iteration 663/2000-----
currents: [100000.0, 99999.999995706, 99999.99999556295, 99999.9999947608, 99999.99999499881]
J=1.2e-04, ⟨Jf⟩=1.1e-04, ⟨B·n⟩=3.1e-03, Len=sum([2.4, 2.4, 2.5, 2.6, 2.5])=12.3, ϰ=[9.9, 9.1, 6.3, 10.2, 11.1], ∫ϰ²/L>=[16.7, 17.3, 12.9, 19.2, 20.5], C-C-Sep=0.08, ║∇J║=7.6e-04
Iteration 664/2000-----
currents: [100000.0, 99999.9999957038, 99999.99999556081, 99999.99999475786, 99999.99999499596]
J=1.2e-04, ⟨Jf⟩=1.1e-04, ⟨B·n⟩=3.1e-03, Len=sum([2.4, 2.4, 2.5, 2.5, 2.5])=12.3, ϰ=[9.9, 9.1, 6.4, 10.2, 11.1], ∫ϰ²/L>=[16.7, 17.3, 12.9, 19.2, 20.4], C-C-Sep=0.08, ║∇J║=4.5e-04
Iteration 665/2000-----
currents: [100000.0, 99999.9999956859, 99999.99999554302, 99999.99999473442, 99999.99999497399]
J=1.2e-04, ⟨Jf⟩=1.1e-04, ⟨B·n⟩=3.1e-03, Len=sum([2.4, 2.4, 2.5, 2.6, 2.5])=12.3, ϰ=[9.9, 9.1, 6.4, 10.2, 11.1], ∫ϰ²/L>=[16.7, 17.3, 12.9, 19.3, 20.4], C-C-Sep=0.08, ║∇J║=4.3e-04
Iteration 666/2000-----
currents: [100000.0, 99999.99999567548, 99999.99999553266, 99999.99999472081, 99999.99999496124]
J=1.2e-04, ⟨Jf⟩=1.1e-04, ⟨B·n⟩=3.1e-03, Len=sum([2.4, 2.4, 2.5, 2.6, 2.5])=12.3, ϰ=[9.9, 9.0, 6.4, 10.2, 11.1], ∫ϰ²/L>=[16.7, 17.3, 12.9, 19.2, 20.4], C-C-Sep=0.08, ║∇J║=3.9e-04
Iteration 667/2000-----
currents: [100000.0, 99999.99999563984, 99999.99999549722, 99999.9999946741, 99999.99999491734]
J=1.2e-04, ⟨Jf⟩=1.1e-04, ⟨B·n⟩=3.1e-03, Len=sum([2.4, 2.4, 2.5, 2.5, 2.5])=12.3, ϰ=[9.8, 9.1, 6.5, 10.2, 11.0], ∫ϰ²/L>=[16.7, 17.2, 12.9, 19.3, 20.4], C-C-Sep=0.08, ║∇J║=5.3e-04
Iteration 668/2000-----
currents: [100000.0, 99999.99999557578, 99999.9999954335, 99999.99999459043, 99999.99999483892]
J=1.2e-04, ⟨Jf⟩=1.1e-04, ⟨B·n⟩=3.1e-03, Len=sum([2.4, 2.4, 2.5, 2.5, 2.5])=12.3, ϰ=[9.9, 9.1, 6.5, 10.2, 11.1], ∫ϰ²/L>=[16.7, 17.3, 12.9, 19.3, 20.5], C-C-Sep=0.08, ║∇J║=5.3e-04
Iteration 669/2000-----
currents: [100000.0, 99999.99999552353, 99999.99999538148, 99999.99999452128, 99999.99999477381]
J=1.2e-04, ⟨Jf⟩=1.1e-04, ⟨B·n⟩=3.1e-03, Len=sum([2.4, 2.4, 2.5, 2.5, 2.5])=12.3, ϰ=[9.8, 9.1, 6.6, 10.2, 11.1], ∫ϰ²/L>=[16.7, 17.3, 12.9, 19.3, 20.5], C-C-Sep=0.08, ║∇J║=5.8e-04
Iteration 670/2000-----
currents: [100000.0, 99999.99999551156, 99999.99999536954, 99999.99999450595, 99999.99999475945]
J=1.2e-04, ⟨Jf⟩=1.1e-04, ⟨B·n⟩=3.1e-03, Len=sum([2.4, 2.4, 2.5, 2.5, 2.5])=12.3, ϰ=[9.8, 9.1, 6.6, 10.2, 11.1], ∫ϰ²/L>=[16.6, 17.3, 12.9, 19.3, 20.5], C-C-Sep=0.08, ║∇J║=5.8e-04
Iteration 671/2000-----
currents: [100000.0, 99999.99999550357, 99999.99999536185, 99999.99999449584, 99999.99999474984]
J=1.2e-04, ⟨Jf⟩=1.1e-04, ⟨B·n⟩=3.1e-03, Len=sum([2.4, 2.4, 2.5, 2.5, 2.5])=12.3, ϰ=[9.8, 9.1, 6.5, 10.2, 11.1], ∫ϰ²/L>=[16.7, 17.3, 12.9, 19.3, 20.5], C-C-Sep=0.08, ║∇J║=4.0e-04
Iteration 672/2000-----
currents: [100000.0, 99999.9999955045, 99999.99999536283, 99999.99999449716, 99999.99999475112]
J=1.2e-04, ⟨Jf⟩=1.1e-04, ⟨B·n⟩=3.1e-03, Len=sum([2.4, 2.4, 2.5, 2.5, 2.5])=12.3, ϰ=[9.8, 9.1, 6.6, 10.3, 11.1], ∫ϰ²/L>=[16.6, 17.3, 12.9, 19.3, 20.5], C-C-Sep=0.08, ║∇J║=4.4e-04
Iteration 673/2000-----
currents: [100000.0, 99999.99999543639, 99999.99999529531, 99999.99999440832, 99999.99999466764]
J=1.2e-04, ⟨Jf⟩=1.1e-04, ⟨B·n⟩=3.1e-03, Len=sum([2.4, 2.4, 2.5, 2.5, 2.5])=12.3, ϰ=[9.8, 9.1, 6.6, 10.3, 11.1], ∫ϰ²/L>=[16.6, 17.3, 12.9, 19.3, 20.5], C-C-Sep=0.08, ║∇J║=6.0e-04
Iteration 674/2000-----
currents: [100000.0, 99999.99999544099, 99999.99999529992, 99999.9999944145, 99999.9999946734]
J=1.2e-04, ⟨Jf⟩=1.1e-04, ⟨B·n⟩=3.1e-03, Len=sum([2.4, 2.4, 2.5, 2.5, 2.5])=12.3, ϰ=[9.8, 9.1, 6.7, 10.3, 11.1], ∫ϰ²/L>=[16.6, 17.3, 12.9, 19.3, 20.5], C-C-Sep=0.08, ║∇J║=5.4e-04
Iteration 675/2000-----
currents: [100000.0, 99999.99999542645, 99999.99999528537, 99999.99999439548, 99999.99999465577]
J=1.2e-04, ⟨Jf⟩=1.1e-04, ⟨B·n⟩=3.1e-03, Len=sum([2.4, 2.4, 2.5, 2.5, 2.5])=12.3, ϰ=[9.8, 9.1, 6.6, 10.3, 11.1], ∫ϰ²/L>=[16.5, 17.3, 12.9, 19.3, 20.6], C-C-Sep=0.08, ║∇J║=4.4e-04
Iteration 676/2000-----
currents: [100000.0, 99999.99999539899, 99999.99999525804, 99999.99999435934, 99999.99999462184]
J=1.2e-04, ⟨Jf⟩=1.1e-04, ⟨B·n⟩=3.1e-03, Len=sum([2.4, 2.4, 2.5, 2.5, 2.5])=12.3, ϰ=[9.8, 9.0, 6.6, 10.4, 11.1], ∫ϰ²/L>=[16.5, 17.2, 12.9, 19.3, 20.6], C-C-Sep=0.08, ║∇J║=4.6e-04
Iteration 677/2000-----
currents: [100000.0, 99999.9999952571, 99999.99999511687, 99999.99999417292, 99999.99999444712]
J=1.2e-04, ⟨Jf⟩=1.1e-04, ⟨B·n⟩=3.1e-03, Len=sum([2.4, 2.4, 2.5, 2.5, 2.5])=12.3, ϰ=[9.8, 9.0, 6.6, 10.4, 11.1], ∫ϰ²/L>=[16.5, 17.2, 13.0, 19.4, 20.7], C-C-Sep=0.08, ║∇J║=8.5e-04
Iteration 678/2000-----
currents: [100000.0, 99999.99999527377, 99999.99999513368, 99999.99999419512, 99999.99999446768]
J=1.2e-04, ⟨Jf⟩=1.1e-04, ⟨B·n⟩=3.1e-03, Len=sum([2.4, 2.4, 2.5, 2.5, 2.5])=12.3, ϰ=[9.8, 8.9, 6.6, 10.4, 11.1], ∫ϰ²/L>=[16.5, 17.2, 13.0, 19.4, 20.7], C-C-Sep=0.08, ║∇J║=8.4e-04
Iteration 679/2000-----
currents: [100000.0, 99999.99999530382, 99999.99999516341, 99999.99999423424, 99999.99999450447]
J=1.2e-04, ⟨Jf⟩=1.1e-04, ⟨B·n⟩=3.1e-03, Len=sum([2.4, 2.4, 2.5, 2.5, 2.5])=12.3, ϰ=[9.8, 8.9, 6.6, 10.4, 11.1], ∫ϰ²/L>=[16.5, 17.2, 12.9, 19.4, 20.6], C-C-Sep=0.08, ║∇J║=5.5e-04
Iteration 680/2000-----
currents: [100000.0, 99999.9999952572, 99999.99999511702, 99999.9999941731, 99999.9999944471]
J=1.2e-04, ⟨Jf⟩=1.1e-04, ⟨B·n⟩=3.1e-03, Len=sum([2.4, 2.4, 2.5, 2.5, 2.5])=12.3, ϰ=[9.8, 8.9, 6.6, 10.4, 11.1], ∫ϰ²/L>=[16.5, 17.2, 12.9, 19.4, 20.6], C-C-Sep=0.08, ║∇J║=4.6e-04
Iteration 681/2000-----
currents: [100000.0, 99999.99999520098, 99999.99999506092, 99999.99999409901, 99999.99999437772]
J=1.2e-04, ⟨Jf⟩=1.1e-04, ⟨B·n⟩=3.1e-03, Len=sum([2.4, 2.4, 2.5, 2.5, 2.5])=12.3, ϰ=[9.8, 8.9, 6.6, 10.4, 11.1], ∫ϰ²/L>=[16.5, 17.2, 12.9, 19.4, 20.7], C-C-Sep=0.08, ║∇J║=4.7e-04
Iteration 682/2000-----
currents: [100000.0, 99999.99999512547, 99999.99999498567, 99999.99999399993, 99999.9999942848]
J=1.2e-04, ⟨Jf⟩=1.1e-04, ⟨B·n⟩=3.1e-03, Len=sum([2.4, 2.4, 2.5, 2.5, 2.5])=12.3, ϰ=[9.8, 8.8, 6.6, 10.4, 11.1], ∫ϰ²/L>=[16.5, 17.1, 12.9, 19.5, 20.7], C-C-Sep=0.08, ║∇J║=5.5e-04
Iteration 683/2000-----
currents: [100000.0, 99999.99999505817, 99999.99999491853, 99999.99999391132, 99999.99999420161]
J=1.2e-04, ⟨Jf⟩=1.1e-04, ⟨B·n⟩=3.1e-03, Len=sum([2.4, 2.4, 2.5, 2.5, 2.5])=12.3, ϰ=[9.8, 8.8, 6.6, 10.4, 11.1], ∫ϰ²/L>=[16.5, 17.1, 12.9, 19.5, 20.7], C-C-Sep=0.08, ║∇J║=6.2e-04
Iteration 684/2000-----
currents: [100000.0, 99999.99999507473, 99999.99999493513, 99999.99999393322, 99999.99999422206]
J=1.2e-04, ⟨Jf⟩=1.1e-04, ⟨B·n⟩=3.1e-03, Len=sum([2.4, 2.4, 2.5, 2.5, 2.5])=12.3, ϰ=[9.8, 8.9, 6.6, 10.4, 11.1], ∫ϰ²/L>=[16.5, 17.1, 12.9, 19.5, 20.7], C-C-Sep=0.08, ║∇J║=5.2e-04
Iteration 685/2000-----
currents: [100000.0, 99999.99999504974, 99999.99999491051, 99999.99999390056, 99999.99999419117]
J=1.2e-04, ⟨Jf⟩=1.1e-04, ⟨B·n⟩=3.1e-03, Len=sum([2.4, 2.4, 2.5, 2.5, 2.5])=12.3, ϰ=[9.8, 8.9, 6.6, 10.4, 11.1], ∫ϰ²/L>=[16.5, 17.1, 12.9, 19.5, 20.7], C-C-Sep=0.08, ║∇J║=6.0e-04
Iteration 686/2000-----
currents: [100000.0, 99999.99999504673, 99999.99999490762, 99999.99999389694, 99999.9999941877]
J=1.2e-04, ⟨Jf⟩=1.1e-04, ⟨B·n⟩=3.1e-03, Len=sum([2.4, 2.4, 2.5, 2.5, 2.5])=12.3, ϰ=[9.8, 8.9, 6.6, 10.4, 11.1], ∫ϰ²/L>=[16.5, 17.1, 12.9, 19.5, 20.7], C-C-Sep=0.08, ║∇J║=5.3e-04
Iteration 687/2000-----
currents: [100000.0, 99999.99999502444, 99999.99999488531, 99999.99999386737, 99999.99999416003]
J=1.2e-04, ⟨Jf⟩=1.1e-04, ⟨B·n⟩=3.1e-03, Len=sum([2.4, 2.4, 2.5, 2.5, 2.5])=12.3, ϰ=[9.8, 8.9, 6.6, 10.4, 11.0], ∫ϰ²/L>=[16.5, 17.1, 12.9, 19.5, 20.7], C-C-Sep=0.08, ║∇J║=4.3e-04
Iteration 688/2000-----
currents: [100000.0, 99999.9999949698, 99999.99999483104, 99999.99999379583, 99999.99999409266]
J=1.2e-04, ⟨Jf⟩=1.1e-04, ⟨B·n⟩=3.1e-03, Len=sum([2.4, 2.4, 2.5, 2.5, 2.5])=12.3, ϰ=[9.8, 8.9, 6.6, 10.4, 11.0], ∫ϰ²/L>=[16.5, 17.1, 12.9, 19.5, 20.7], C-C-Sep=0.08, ║∇J║=5.0e-04
Iteration 689/2000-----
currents: [100000.0, 99999.99999492118, 99999.99999478273, 99999.9999937316, 99999.99999403214]
J=1.2e-04, ⟨Jf⟩=1.1e-04, ⟨B·n⟩=3.1e-03, Len=sum([2.4, 2.4, 2.5, 2.5, 2.5])=12.3, ϰ=[9.8, 8.9, 6.7, 10.3, 11.0], ∫ϰ²/L>=[16.6, 17.2, 12.9, 19.5, 20.7], C-C-Sep=0.08, ║∇J║=5.4e-04
Iteration 690/2000-----
currents: [100000.0, 99999.99999489609, 99999.99999475795, 99999.99999369898, 99999.9999940014]
J=1.2e-04, ⟨Jf⟩=1.1e-04, ⟨B·n⟩=3.1e-03, Len=sum([2.4, 2.4, 2.5, 2.5, 2.5])=12.3, ϰ=[9.8, 9.0, 6.7, 10.3, 10.9], ∫ϰ²/L>=[16.6, 17.2, 13.0, 19.5, 20.7], C-C-Sep=0.08, ║∇J║=4.9e-04
Iteration 691/2000-----
currents: [100000.0, 99999.99999487758, 99999.99999473957, 99999.99999367462, 99999.99999397865]
J=1.2e-04, ⟨Jf⟩=1.1e-04, ⟨B·n⟩=3.1e-03, Len=sum([2.4, 2.4, 2.5, 2.5, 2.5])=12.3, ϰ=[9.8, 9.0, 6.8, 10.3, 11.0], ∫ϰ²/L>=[16.6, 17.2, 13.0, 19.5, 20.7], C-C-Sep=0.08, ║∇J║=5.2e-04
Iteration 692/2000-----
currents: [100000.0, 99999.9999949155, 99999.99999477739, 99999.99999372465, 99999.99999402565]
J=1.2e-04, ⟨Jf⟩=1.1e-04, ⟨B·n⟩=3.1e-03, Len=sum([2.4, 2.4, 2.5, 2.5, 2.5])=12.3, ϰ=[9.8, 9.0, 6.8, 10.3, 10.9], ∫ϰ²/L>=[16.5, 17.2, 13.0, 19.4, 20.7], C-C-Sep=0.08, ║∇J║=7.4e-04
Iteration 693/2000-----
currents: [100000.0, 99999.99999485536, 99999.99999471765, 99999.9999936459, 99999.99999395166]
J=1.2e-04, ⟨Jf⟩=1.1e-04, ⟨B·n⟩=3.1e-03, Len=sum([2.4, 2.4, 2.5, 2.5, 2.5])=12.3, ϰ=[9.8, 9.0, 6.8, 10.3, 10.9], ∫ϰ²/L>=[16.6, 17.2, 13.0, 19.4, 20.7], C-C-Sep=0.08, ║∇J║=6.0e-04
Iteration 694/2000-----
currents: [100000.0, 99999.999994853, 99999.99999471515, 99999.99999364268, 99999.9999939487]
J=1.2e-04, ⟨Jf⟩=1.1e-04, ⟨B·n⟩=3.1e-03, Len=sum([2.4, 2.4, 2.5, 2.5, 2.5])=12.3, ϰ=[9.8, 9.0, 6.8, 10.3, 10.9], ∫ϰ²/L>=[16.5, 17.2, 13.0, 19.4, 20.7], C-C-Sep=0.08, ║∇J║=5.7e-04
Iteration 695/2000-----
currents: [100000.0, 99999.99999485294, 99999.99999471512, 99999.9999936427, 99999.99999394869]
J=1.2e-04, ⟨Jf⟩=1.1e-04, ⟨B·n⟩=3.1e-03, Len=sum([2.4, 2.4, 2.5, 2.5, 2.5])=12.3, ϰ=[9.8, 9.0, 6.7, 10.3, 10.9], ∫ϰ²/L>=[16.5, 17.2, 13.0, 19.4, 20.7], C-C-Sep=0.08, ║∇J║=3.9e-04
Iteration 696/2000-----
currents: [100000.0, 99999.99999483665, 99999.9999946989, 99999.99999362172, 99999.99999392894]
J=1.2e-04, ⟨Jf⟩=1.1e-04, ⟨B·n⟩=3.1e-03, Len=sum([2.4, 2.4, 2.5, 2.5, 2.5])=12.3, ϰ=[9.8, 9.0, 6.7, 10.3, 10.9], ∫ϰ²/L>=[16.5, 17.2, 13.0, 19.4, 20.7], C-C-Sep=0.08, ║∇J║=4.7e-04
Iteration 697/2000-----
currents: [100000.0, 99999.99999482514, 99999.99999468755, 99999.99999360683, 99999.99999391487]
J=1.2e-04, ⟨Jf⟩=1.1e-04, ⟨B·n⟩=3.1e-03, Len=sum([2.4, 2.4, 2.5, 2.5, 2.5])=12.3, ϰ=[9.8, 9.0, 6.7, 10.3, 10.9], ∫ϰ²/L>=[16.5, 17.2, 13.0, 19.4, 20.7], C-C-Sep=0.08, ║∇J║=4.4e-04
Iteration 698/2000-----
currents: [100000.0, 99999.9999947864, 99999.99999464903, 99999.99999355625, 99999.99999386731]
J=1.2e-04, ⟨Jf⟩=1.1e-04, ⟨B·n⟩=3.1e-03, Len=sum([2.4, 2.4, 2.5, 2.5, 2.5])=12.3, ϰ=[9.8, 9.0, 6.8, 10.3, 11.0], ∫ϰ²/L>=[16.5, 17.2, 13.0, 19.5, 20.7], C-C-Sep=0.08, ║∇J║=4.0e-04
Iteration 699/2000-----
currents: [100000.0, 99999.99999468151, 99999.99999454475, 99999.99999341877, 99999.99999373798]
J=1.2e-04, ⟨Jf⟩=1.1e-04, ⟨B·n⟩=3.1e-03, Len=sum([2.4, 2.4, 2.5, 2.5, 2.5])=12.3, ϰ=[9.8, 9.1, 6.8, 10.3, 11.0], ∫ϰ²/L>=[16.6, 17.2, 13.0, 19.5, 20.8], C-C-Sep=0.08, ║∇J║=6.6e-04
Iteration 700/2000-----
currents: [100000.0, 99999.99999471004, 99999.99999457302, 99999.99999345606, 99999.99999377309]
J=1.2e-04, ⟨Jf⟩=1.1e-04, ⟨B·n⟩=3.1e-03, Len=sum([2.4, 2.4, 2.5, 2.5, 2.5])=12.3, ϰ=[9.8, 9.1, 6.8, 10.3, 11.0], ∫ϰ²/L>=[16.5, 17.2, 13.0, 19.5, 20.7], C-C-Sep=0.08, ║∇J║=7.7e-04
Iteration 701/2000-----
currents: [100000.0, 99999.99999469797, 99999.99999456108, 99999.99999344032, 99999.99999375836]
J=1.2e-04, ⟨Jf⟩=1.1e-04, ⟨B·n⟩=3.1e-03, Len=sum([2.4, 2.4, 2.5, 2.5, 2.5])=12.3, ϰ=[9.8, 9.1, 6.8, 10.4, 10.9], ∫ϰ²/L>=[16.5, 17.2, 13.0, 19.5, 20.8], C-C-Sep=0.08, ║∇J║=5.7e-04
Iteration 702/2000-----
currents: [100000.0, 99999.99999466773, 99999.99999453108, 99999.99999340042, 99999.99999372076]
J=1.2e-04, ⟨Jf⟩=1.1e-04, ⟨B·n⟩=3.1e-03, Len=sum([2.4, 2.4, 2.5, 2.5, 2.5])=12.3, ϰ=[9.8, 9.1, 6.8, 10.4, 10.9], ∫ϰ²/L>=[16.5, 17.2, 13.0, 19.5, 20.7], C-C-Sep=0.08, ║∇J║=4.5e-04
Iteration 703/2000-----
currents: [100000.0, 99999.99999459545, 99999.99999445921, 99999.99999330545, 99999.99999363154]
J=1.2e-04, ⟨Jf⟩=1.1e-04, ⟨B·n⟩=3.1e-03, Len=sum([2.4, 2.4, 2.5, 2.5, 2.5])=12.3, ϰ=[9.8, 9.2, 6.8, 10.4, 10.9], ∫ϰ²/L>=[16.5, 17.2, 13.0, 19.5, 20.8], C-C-Sep=0.08, ║∇J║=6.3e-04
Iteration 704/2000-----
currents: [100000.0, 99999.99999458407, 99999.99999444801, 99999.99999329036, 99999.9999936173]
J=1.2e-04, ⟨Jf⟩=1.1e-04, ⟨B·n⟩=3.1e-03, Len=sum([2.4, 2.4, 2.5, 2.5, 2.5])=12.3, ϰ=[9.8, 9.2, 6.8, 10.3, 10.9], ∫ϰ²/L>=[16.5, 17.2, 13.0, 19.4, 20.8], C-C-Sep=0.08, ║∇J║=5.7e-04
Iteration 705/2000-----
currents: [100000.0, 99999.99999455355, 99999.99999441777, 99999.99999325018, 99999.99999357942]
J=1.2e-04, ⟨Jf⟩=1.1e-04, ⟨B·n⟩=3.1e-03, Len=sum([2.4, 2.4, 2.5, 2.5, 2.5])=12.3, ϰ=[9.8, 9.1, 6.8, 10.3, 10.9], ∫ϰ²/L>=[16.5, 17.2, 13.0, 19.4, 20.7], C-C-Sep=0.08, ║∇J║=5.1e-04
Iteration 706/2000-----
currents: [100000.0, 99999.9999944951, 99999.99999435969, 99999.9999931734, 99999.99999350723]
J=1.2e-04, ⟨Jf⟩=1.1e-04, ⟨B·n⟩=3.1e-03, Len=sum([2.4, 2.4, 2.5, 2.5, 2.5])=12.3, ϰ=[9.8, 9.1, 6.9, 10.3, 10.9], ∫ϰ²/L>=[16.5, 17.2, 13.1, 19.5, 20.8], C-C-Sep=0.08, ║∇J║=6.0e-04
Iteration 707/2000-----
currents: [100000.0, 99999.99999448453, 99999.99999434927, 99999.99999315958, 99999.99999349416]
J=1.2e-04, ⟨Jf⟩=1.1e-04, ⟨B·n⟩=3.1e-03, Len=sum([2.4, 2.4, 2.5, 2.5, 2.5])=12.3, ϰ=[9.8, 9.1, 6.9, 10.3, 10.9], ∫ϰ²/L>=[16.5, 17.2, 13.1, 19.4, 20.7], C-C-Sep=0.08, ║∇J║=5.4e-04
Iteration 708/2000-----
currents: [100000.0, 99999.99999445904, 99999.99999432403, 99999.99999312613, 99999.99999346274]
J=1.2e-04, ⟨Jf⟩=1.1e-04, ⟨B·n⟩=3.1e-03, Len=sum([2.4, 2.4, 2.5, 2.5, 2.5])=12.3, ϰ=[9.7, 9.1, 6.9, 10.3, 10.9], ∫ϰ²/L>=[16.5, 17.2, 13.1, 19.4, 20.8], C-C-Sep=0.08, ║∇J║=5.3e-04
Iteration 709/2000-----
currents: [100000.0, 99999.99999444096, 99999.99999430611, 99999.99999310236, 99999.99999344039]
J=1.2e-04, ⟨Jf⟩=1.1e-04, ⟨B·n⟩=3.1e-03, Len=sum([2.4, 2.4, 2.5, 2.5, 2.5])=12.3, ϰ=[9.7, 9.1, 6.9, 10.3, 10.9], ∫ϰ²/L>=[16.5, 17.2, 13.1, 19.4, 20.8], C-C-Sep=0.08, ║∇J║=5.2e-04
Iteration 710/2000-----
currents: [100000.0, 99999.99999439536, 99999.99999426081, 99999.99999304228, 99999.99999338386]
J=1.2e-04, ⟨Jf⟩=1.1e-04, ⟨B·n⟩=3.1e-03, Len=sum([2.4, 2.4, 2.5, 2.5, 2.5])=12.3, ϰ=[9.7, 9.1, 7.0, 10.3, 11.0], ∫ϰ²/L>=[16.5, 17.1, 13.1, 19.4, 20.8], C-C-Sep=0.08, ║∇J║=5.6e-04
Iteration 711/2000-----
currents: [100000.0, 99999.9999943234, 99999.99999418922, 99999.99999294739, 99999.99999329443]
J=1.2e-04, ⟨Jf⟩=1.1e-04, ⟨B·n⟩=3.1e-03, Len=sum([2.4, 2.4, 2.5, 2.5, 2.5])=12.3, ϰ=[9.7, 9.1, 6.9, 10.3, 11.0], ∫ϰ²/L>=[16.5, 17.1, 13.1, 19.4, 20.8], C-C-Sep=0.08, ║∇J║=6.2e-04
Iteration 712/2000-----
currents: [100000.0, 99999.99999423506, 99999.99999410145, 99999.99999283132, 99999.99999318516]
J=1.2e-04, ⟨Jf⟩=1.1e-04, ⟨B·n⟩=3.1e-03, Len=sum([2.4, 2.4, 2.5, 2.5, 2.5])=12.3, ϰ=[9.7, 9.1, 7.0, 10.3, 11.0], ∫ϰ²/L>=[16.5, 17.1, 13.2, 19.4, 20.8], C-C-Sep=0.08, ║∇J║=7.2e-04
Iteration 713/2000-----
currents: [100000.0, 99999.99999427643, 99999.99999414249, 99999.99999288518, 99999.99999323582]
J=1.2e-04, ⟨Jf⟩=1.1e-04, ⟨B·n⟩=3.1e-03, Len=sum([2.4, 2.4, 2.5, 2.5, 2.5])=12.3, ϰ=[9.7, 9.1, 7.0, 10.2, 11.0], ∫ϰ²/L>=[16.4, 17.1, 13.1, 19.4, 20.8], C-C-Sep=0.08, ║∇J║=1.0e-03
Iteration 714/2000-----
currents: [100000.0, 99999.99999425375, 99999.99999411988, 99999.99999285526, 99999.99999320769]
J=1.2e-04, ⟨Jf⟩=1.1e-04, ⟨B·n⟩=3.1e-03, Len=sum([2.4, 2.4, 2.5, 2.5, 2.5])=12.3, ϰ=[9.8, 9.1, 6.9, 10.2, 10.9], ∫ϰ²/L>=[16.5, 17.2, 13.1, 19.4, 20.8], C-C-Sep=0.08, ║∇J║=9.0e-04
Iteration 715/2000-----
currents: [100000.0, 99999.99999424478, 99999.99999411109, 99999.99999284375, 99999.99999319685]
J=1.2e-04, ⟨Jf⟩=1.1e-04, ⟨B·n⟩=3.1e-03, Len=sum([2.4, 2.4, 2.5, 2.5, 2.5])=12.3, ϰ=[9.8, 9.1, 7.0, 10.2, 11.0], ∫ϰ²/L>=[16.5, 17.1, 13.1, 19.4, 20.8], C-C-Sep=0.08, ║∇J║=6.0e-04
Iteration 716/2000-----
currents: [100000.0, 99999.99999421243, 99999.9999940789, 99999.99999280107, 99999.99999315682]
J=1.2e-04, ⟨Jf⟩=1.1e-04, ⟨B·n⟩=3.1e-03, Len=sum([2.4, 2.4, 2.5, 2.5, 2.5])=12.3, ϰ=[9.8, 9.1, 7.0, 10.2, 11.0], ∫ϰ²/L>=[16.5, 17.1, 13.1, 19.4, 20.8], C-C-Sep=0.08, ║∇J║=3.9e-04
Iteration 717/2000-----
currents: [100000.0, 99999.99999417504, 99999.99999404172, 99999.99999275155, 99999.9999931102]
J=1.2e-04, ⟨Jf⟩=1.1e-04, ⟨B·n⟩=3.1e-03, Len=sum([2.4, 2.4, 2.5, 2.5, 2.5])=12.3, ϰ=[9.7, 9.1, 7.0, 10.2, 10.9], ∫ϰ²/L>=[16.5, 17.1, 13.1, 19.4, 20.8], C-C-Sep=0.08, ║∇J║=5.6e-04
Iteration 718/2000-----
currents: [100000.0, 99999.99999408807, 99999.9999939553, 99999.99999263698, 99999.99999300248]
J=1.2e-04, ⟨Jf⟩=1.1e-04, ⟨B·n⟩=3.1e-03, Len=sum([2.4, 2.4, 2.5, 2.5, 2.5])=12.3, ϰ=[9.8, 9.1, 7.0, 10.2, 10.9], ∫ϰ²/L>=[16.6, 17.2, 13.1, 19.4, 20.7], C-C-Sep=0.08, ║∇J║=7.0e-04
Iteration 719/2000-----
currents: [100000.0, 99999.99999407993, 99999.99999394725, 99999.99999262618, 99999.99999299232]
J=1.2e-04, ⟨Jf⟩=1.1e-04, ⟨B·n⟩=3.1e-03, Len=sum([2.4, 2.4, 2.5, 2.5, 2.5])=12.3, ϰ=[9.8, 9.1, 7.0, 10.2, 10.9], ∫ϰ²/L>=[16.5, 17.2, 13.1, 19.4, 20.7], C-C-Sep=0.08, ║∇J║=6.1e-04
Iteration 720/2000-----
currents: [100000.0, 99999.99999409237, 99999.99999395975, 99999.99999264293, 99999.99999300802]
J=1.2e-04, ⟨Jf⟩=1.1e-04, ⟨B·n⟩=3.1e-03, Len=sum([2.4, 2.4, 2.5, 2.5, 2.5])=12.3, ϰ=[9.7, 9.1, 7.0, 10.2, 10.9], ∫ϰ²/L>=[16.5, 17.1, 13.1, 19.4, 20.7], C-C-Sep=0.08, ║∇J║=6.1e-04
Iteration 721/2000-----
currents: [100000.0, 99999.99999403805, 99999.99999390588, 99999.99999257157, 99999.99999294085]
J=1.2e-04, ⟨Jf⟩=1.1e-04, ⟨B·n⟩=3.1e-03, Len=sum([2.4, 2.4, 2.4, 2.5, 2.5])=12.3, ϰ=[9.7, 9.1, 7.1, 10.2, 10.9], ∫ϰ²/L>=[16.5, 17.1, 13.1, 19.4, 20.7], C-C-Sep=0.08, ║∇J║=6.7e-04
Iteration 722/2000-----
currents: [100000.0, 99999.99999398536, 99999.9999938534, 99999.99999250255, 99999.99999287612]
J=1.2e-04, ⟨Jf⟩=1.1e-04, ⟨B·n⟩=3.1e-03, Len=sum([2.4, 2.4, 2.4, 2.5, 2.5])=12.3, ϰ=[9.7, 9.1, 7.1, 10.2, 10.8], ∫ϰ²/L>=[16.5, 17.1, 13.1, 19.4, 20.7], C-C-Sep=0.08, ║∇J║=6.2e-04
Iteration 723/2000-----
currents: [100000.0, 99999.99999382687, 99999.99999369596, 99999.9999922943, 99999.99999268046]
J=1.2e-04, ⟨Jf⟩=1.1e-04, ⟨B·n⟩=3.1e-03, Len=sum([2.4, 2.4, 2.4, 2.5, 2.5])=12.3, ϰ=[9.6, 9.1, 7.2, 10.1, 10.8], ∫ϰ²/L>=[16.6, 17.1, 13.2, 19.4, 20.8], C-C-Sep=0.08, ║∇J║=9.8e-04
Iteration 724/2000-----
currents: [100000.0, 99999.99999390697, 99999.99999377553, 99999.99999239955, 99999.99999277935]
J=1.2e-04, ⟨Jf⟩=1.1e-04, ⟨B·n⟩=3.1e-03, Len=sum([2.4, 2.4, 2.4, 2.5, 2.5])=12.3, ϰ=[9.6, 9.1, 7.1, 10.1, 10.8], ∫ϰ²/L>=[16.6, 17.1, 13.2, 19.4, 20.8], C-C-Sep=0.08, ║∇J║=6.2e-04
Iteration 725/2000-----
currents: [100000.0, 99999.99999387855, 99999.99999374725, 99999.99999236251, 99999.99999274452]
J=1.2e-04, ⟨Jf⟩=1.1e-04, ⟨B·n⟩=3.1e-03, Len=sum([2.4, 2.4, 2.4, 2.5, 2.5])=12.3, ϰ=[9.6, 9.1, 7.1, 10.1, 10.8], ∫ϰ²/L>=[16.6, 17.1, 13.2, 19.4, 20.8], C-C-Sep=0.08, ║∇J║=8.3e-04
Iteration 726/2000-----
currents: [100000.0, 99999.99999386544, 99999.99999373427, 99999.99999234534, 99999.99999272844]
J=1.2e-04, ⟨Jf⟩=1.1e-04, ⟨B·n⟩=3.1e-03, Len=sum([2.4, 2.4, 2.4, 2.5, 2.5])=12.3, ϰ=[9.6, 9.1, 7.2, 10.1, 10.9], ∫ϰ²/L>=[16.6, 17.1, 13.2, 19.4, 20.8], C-C-Sep=0.08, ║∇J║=6.2e-04
Iteration 727/2000-----
currents: [100000.0, 99999.99999385134, 99999.99999372034, 99999.9999923269, 99999.9999927112]
J=1.2e-04, ⟨Jf⟩=1.1e-04, ⟨B·n⟩=3.1e-03, Len=sum([2.4, 2.4, 2.4, 2.5, 2.5])=12.3, ϰ=[9.6, 9.1, 7.2, 10.1, 10.9], ∫ϰ²/L>=[16.6, 17.1, 13.2, 19.4, 20.8], C-C-Sep=0.08, ║∇J║=5.5e-04
Iteration 728/2000-----
currents: [100000.0, 99999.9999938172, 99999.99999368652, 99999.99999228273, 99999.99999266968]
J=1.2e-04, ⟨Jf⟩=1.1e-04, ⟨B·n⟩=3.1e-03, Len=sum([2.4, 2.4, 2.4, 2.5, 2.5])=12.3, ϰ=[9.6, 9.1, 7.2, 10.0, 10.9], ∫ϰ²/L>=[16.6, 17.1, 13.2, 19.4, 20.8], C-C-Sep=0.08, ║∇J║=6.3e-04
Iteration 729/2000-----
currents: [100000.0, 99999.99999372501, 99999.999993595, 99999.99999216202, 99999.99999255638]
J=1.2e-04, ⟨Jf⟩=1.1e-04, ⟨B·n⟩=3.1e-03, Len=sum([2.4, 2.4, 2.4, 2.5, 2.5])=12.3, ϰ=[9.6, 9.1, 7.1, 10.0, 11.0], ∫ϰ²/L>=[16.6, 17.1, 13.3, 19.3, 20.8], C-C-Sep=0.08, ║∇J║=7.3e-04
Iteration 730/2000-----
currents: [100000.0, 99999.99999367625, 99999.99999354649, 99999.99999209786, 99999.9999924961]
J=1.2e-04, ⟨Jf⟩=1.1e-04, ⟨B·n⟩=3.1e-03, Len=sum([2.4, 2.4, 2.4, 2.5, 2.5])=12.3, ϰ=[9.5, 9.1, 7.1, 9.9, 11.0], ∫ϰ²/L>=[16.6, 17.0, 13.3, 19.3, 20.8], C-C-Sep=0.08, ║∇J║=8.3e-04
Iteration 731/2000-----
currents: [100000.0, 99999.99999368074, 99999.99999355103, 99999.99999210384, 99999.99999250166]
J=1.2e-04, ⟨Jf⟩=1.1e-04, ⟨B·n⟩=3.1e-03, Len=sum([2.4, 2.4, 2.4, 2.5, 2.5])=12.3, ϰ=[9.5, 9.1, 7.1, 9.9, 11.0], ∫ϰ²/L>=[16.5, 17.0, 13.3, 19.3, 20.8], C-C-Sep=0.08, ║∇J║=7.8e-04
Iteration 732/2000-----
currents: [100000.0, 99999.99999366232, 99999.99999353275, 99999.99999207947, 99999.99999247861]
J=1.2e-04, ⟨Jf⟩=1.1e-04, ⟨B·n⟩=3.1e-03, Len=sum([2.4, 2.4, 2.4, 2.5, 2.5])=12.3, ϰ=[9.6, 9.1, 7.1, 9.9, 11.0], ∫ϰ²/L>=[16.5, 17.0, 13.3, 19.3, 20.8], C-C-Sep=0.08, ║∇J║=5.6e-04
Iteration 733/2000-----
currents: [100000.0, 99999.99999366832, 99999.99999353885, 99999.9999920874, 99999.99999248607]
J=1.2e-04, ⟨Jf⟩=1.1e-04, ⟨B·n⟩=3.1e-03, Len=sum([2.4, 2.4, 2.4, 2.5, 2.5])=12.3, ϰ=[9.6, 9.1, 7.1, 9.9, 11.0], ∫ϰ²/L>=[16.5, 17.0, 13.3, 19.3, 20.8], C-C-Sep=0.08, ║∇J║=5.5e-04
Iteration 734/2000-----
currents: [100000.0, 99999.99999361462, 99999.99999348541, 99999.99999201695, 99999.99999241975]
J=1.2e-04, ⟨Jf⟩=1.1e-04, ⟨B·n⟩=3.1e-03, Len=sum([2.4, 2.4, 2.4, 2.5, 2.5])=12.3, ϰ=[9.6, 9.1, 7.0, 9.9, 11.0], ∫ϰ²/L>=[16.5, 17.0, 13.3, 19.3, 20.8], C-C-Sep=0.08, ║∇J║=7.4e-04
Iteration 735/2000-----
currents: [100000.0, 99999.99999360384, 99999.99999347469, 99999.99999200292, 99999.99999240662]
J=1.2e-04, ⟨Jf⟩=1.1e-04, ⟨B·n⟩=3.1e-03, Len=sum([2.4, 2.4, 2.4, 2.5, 2.5])=12.3, ϰ=[9.6, 9.0, 7.0, 9.8, 11.0], ∫ϰ²/L>=[16.4, 17.0, 13.3, 19.3, 20.8], C-C-Sep=0.08, ║∇J║=6.0e-04
Iteration 736/2000-----
currents: [100000.0, 99999.99999353239, 99999.9999934038, 99999.99999190918, 99999.99999231835]
J=1.2e-04, ⟨Jf⟩=1.1e-04, ⟨B·n⟩=3.1e-03, Len=sum([2.4, 2.4, 2.4, 2.5, 2.5])=12.3, ϰ=[9.6, 9.0, 7.0, 9.8, 11.0], ∫ϰ²/L>=[16.4, 17.0, 13.4, 19.3, 20.8], C-C-Sep=0.08, ║∇J║=7.4e-04
Iteration 737/2000-----
currents: [100000.0, 99999.99999353949, 99999.99999341094, 99999.99999191858, 99999.99999232707]
J=1.2e-04, ⟨Jf⟩=1.1e-04, ⟨B·n⟩=3.1e-03, Len=sum([2.4, 2.4, 2.4, 2.5, 2.5])=12.3, ϰ=[9.6, 9.0, 6.9, 9.8, 11.0], ∫ϰ²/L>=[16.4, 17.0, 13.3, 19.3, 20.8], C-C-Sep=0.08, ║∇J║=5.4e-04
Iteration 738/2000-----
currents: [100000.0, 99999.99999349582, 99999.99999336764, 99999.99999186161, 99999.99999227344]
J=1.2e-04, ⟨Jf⟩=1.1e-04, ⟨B·n⟩=3.1e-03, Len=sum([2.4, 2.4, 2.4, 2.5, 2.5])=12.3, ϰ=[9.6, 9.0, 6.9, 9.8, 11.0], ∫ϰ²/L>=[16.4, 17.0, 13.3, 19.3, 20.7], C-C-Sep=0.08, ║∇J║=6.1e-04
Iteration 739/2000-----
currents: [100000.0, 99999.99999349864, 99999.99999337053, 99999.9999918652, 99999.99999227659]
J=1.2e-04, ⟨Jf⟩=1.1e-04, ⟨B·n⟩=3.1e-03, Len=sum([2.4, 2.4, 2.4, 2.5, 2.5])=12.3, ϰ=[9.6, 9.0, 6.9, 9.9, 11.0], ∫ϰ²/L>=[16.4, 17.0, 13.3, 19.3, 20.7], C-C-Sep=0.08, ║∇J║=5.3e-04
Iteration 740/2000-----
currents: [100000.0, 99999.99999346647, 99999.99999333877, 99999.99999182332, 99999.99999223699]
J=1.2e-04, ⟨Jf⟩=1.1e-04, ⟨B·n⟩=3.1e-03, Len=sum([2.4, 2.4, 2.4, 2.5, 2.5])=12.3, ϰ=[9.6, 9.1, 6.9, 9.9, 10.9], ∫ϰ²/L>=[16.4, 17.0, 13.3, 19.2, 20.7], C-C-Sep=0.08, ║∇J║=4.8e-04
Iteration 741/2000-----
currents: [100000.0, 99999.99999344515, 99999.99999331757, 99999.99999179534, 99999.99999221067]
J=1.2e-04, ⟨Jf⟩=1.1e-04, ⟨B·n⟩=3.1e-03, Len=sum([2.4, 2.4, 2.4, 2.5, 2.5])=12.3, ϰ=[9.6, 9.0, 6.9, 9.9, 10.9], ∫ϰ²/L>=[16.4, 17.0, 13.3, 19.2, 20.7], C-C-Sep=0.08, ║∇J║=6.8e-04
Iteration 742/2000-----
currents: [100000.0, 99999.99999340434, 99999.9999932772, 99999.99999174202, 99999.99999216017]
J=1.2e-04, ⟨Jf⟩=1.1e-04, ⟨B·n⟩=3.1e-03, Len=sum([2.4, 2.4, 2.4, 2.5, 2.5])=12.3, ϰ=[9.6, 9.0, 6.9, 9.9, 10.9], ∫ϰ²/L>=[16.5, 17.0, 13.3, 19.2, 20.7], C-C-Sep=0.08, ║∇J║=6.0e-04
Iteration 743/2000-----
currents: [100000.0, 99999.9999933384, 99999.99999321168, 99999.99999165538, 99999.99999207855]
J=1.2e-04, ⟨Jf⟩=1.1e-04, ⟨B·n⟩=3.1e-03, Len=sum([2.4, 2.4, 2.4, 2.5, 2.5])=12.3, ϰ=[9.6, 9.0, 6.9, 9.9, 10.9], ∫ϰ²/L>=[16.5, 17.1, 13.3, 19.2, 20.7], C-C-Sep=0.08, ║∇J║=6.3e-04
Iteration 744/2000-----
currents: [100000.0, 99999.99999333051, 99999.99999320392, 99999.99999164516, 99999.99999206883]
J=1.2e-04, ⟨Jf⟩=1.1e-04, ⟨B·n⟩=3.1e-03, Len=sum([2.4, 2.4, 2.4, 2.5, 2.5])=12.3, ϰ=[9.6, 9.0, 6.9, 9.9, 10.9], ∫ϰ²/L>=[16.5, 17.0, 13.3, 19.2, 20.7], C-C-Sep=0.08, ║∇J║=6.7e-04
Iteration 745/2000-----
currents: [100000.0, 99999.99999331747, 99999.99999319103, 99999.99999162796, 99999.99999205262]
J=1.2e-04, ⟨Jf⟩=1.1e-04, ⟨B·n⟩=3.1e-03, Len=sum([2.4, 2.4, 2.4, 2.5, 2.5])=12.3, ϰ=[9.6, 9.0, 6.8, 9.9, 10.9], ∫ϰ²/L>=[16.5, 17.0, 13.3, 19.2, 20.7], C-C-Sep=0.08, ║∇J║=6.0e-04
Iteration 746/2000-----
currents: [100000.0, 99999.99999331645, 99999.99999319, 99999.99999162654, 99999.99999205138]
J=1.2e-04, ⟨Jf⟩=1.1e-04, ⟨B·n⟩=3.1e-03, Len=sum([2.4, 2.4, 2.4, 2.5, 2.5])=12.3, ϰ=[9.6, 9.0, 6.9, 9.9, 10.9], ∫ϰ²/L>=[16.5, 17.0, 13.3, 19.2, 20.7], C-C-Sep=0.08, ║∇J║=4.6e-04
Iteration 747/2000-----
currents: [100000.0, 99999.99999328498, 99999.9999931587, 99999.99999158521, 99999.99999201261]
J=1.2e-04, ⟨Jf⟩=1.1e-04, ⟨B·n⟩=3.1e-03, Len=sum([2.4, 2.4, 2.4, 2.5, 2.5])=12.3, ϰ=[9.6, 9.0, 6.9, 9.9, 10.9], ∫ϰ²/L>=[16.5, 17.0, 13.4, 19.2, 20.6], C-C-Sep=0.08, ║∇J║=4.4e-04
Iteration 748/2000-----
currents: [100000.0, 99999.99999327977, 99999.99999315356, 99999.9999915785, 99999.99999200633]
J=1.2e-04, ⟨Jf⟩=1.1e-04, ⟨B·n⟩=3.1e-03, Len=sum([2.4, 2.4, 2.4, 2.5, 2.5])=12.3, ϰ=[9.6, 9.0, 6.9, 9.9, 10.9], ∫ϰ²/L>=[16.5, 17.0, 13.3, 19.2, 20.6], C-C-Sep=0.08, ║∇J║=4.2e-04
Iteration 749/2000-----
currents: [100000.0, 99999.99999324368, 99999.99999311779, 99999.9999915311, 99999.99999196177]
J=1.2e-04, ⟨Jf⟩=1.1e-04, ⟨B·n⟩=3.1e-03, Len=sum([2.4, 2.4, 2.4, 2.5, 2.5])=12.3, ϰ=[9.7, 9.0, 6.9, 9.9, 10.8], ∫ϰ²/L>=[16.5, 17.0, 13.4, 19.2, 20.6], C-C-Sep=0.08, ║∇J║=5.1e-04
Iteration 750/2000-----
currents: [100000.0, 99999.99999323447, 99999.99999310859, 99999.99999151907, 99999.99999195048]
J=1.2e-04, ⟨Jf⟩=1.1e-04, ⟨B·n⟩=3.1e-03, Len=sum([2.4, 2.4, 2.4, 2.5, 2.5])=12.3, ϰ=[9.8, 9.1, 6.9, 9.9, 10.8], ∫ϰ²/L>=[16.4, 17.0, 13.3, 19.2, 20.6], C-C-Sep=0.08, ║∇J║=5.6e-04
Iteration 751/2000-----
currents: [100000.0, 99999.99999318604, 99999.99999306057, 99999.99999145571, 99999.99999189096]
J=1.2e-04, ⟨Jf⟩=1.1e-04, ⟨B·n⟩=3.1e-03, Len=sum([2.4, 2.4, 2.4, 2.5, 2.5])=12.3, ϰ=[9.8, 9.1, 6.9, 9.9, 10.8], ∫ϰ²/L>=[16.5, 17.0, 13.3, 19.2, 20.6], C-C-Sep=0.08, ║∇J║=6.5e-04
Iteration 752/2000-----
currents: [100000.0, 99999.99999310792, 99999.99999298289, 99999.99999135321, 99999.9999917947]
J=1.2e-04, ⟨Jf⟩=1.1e-04, ⟨B·n⟩=3.1e-03, Len=sum([2.4, 2.4, 2.4, 2.5, 2.5])=12.3, ϰ=[9.8, 9.2, 6.8, 9.8, 10.8], ∫ϰ²/L>=[16.5, 17.0, 13.4, 19.2, 20.6], C-C-Sep=0.08, ║∇J║=7.0e-04
Iteration 753/2000-----
currents: [100000.0, 99999.99999307742, 99999.9999929526, 99999.99999131323, 99999.99999175714]
J=1.2e-04, ⟨Jf⟩=1.1e-04, ⟨B·n⟩=3.1e-03, Len=sum([2.4, 2.4, 2.4, 2.5, 2.5])=12.3, ϰ=[9.8, 9.2, 6.8, 9.9, 10.8], ∫ϰ²/L>=[16.4, 17.0, 13.4, 19.2, 20.6], C-C-Sep=0.08, ║∇J║=7.4e-04
Iteration 754/2000-----
currents: [100000.0, 99999.99999308483, 99999.99999296003, 99999.99999132306, 99999.99999176628]
J=1.2e-04, ⟨Jf⟩=1.1e-04, ⟨B·n⟩=3.1e-03, Len=sum([2.4, 2.4, 2.4, 2.5, 2.5])=12.3, ϰ=[9.8, 9.2, 6.8, 9.9, 10.8], ∫ϰ²/L>=[16.4, 17.0, 13.4, 19.2, 20.6], C-C-Sep=0.08, ║∇J║=5.1e-04
Iteration 755/2000-----
currents: [100000.0, 99999.99999305092, 99999.9999929264, 99999.99999127851, 99999.99999172424]
J=1.2e-04, ⟨Jf⟩=1.1e-04, ⟨B·n⟩=3.1e-03, Len=sum([2.4, 2.4, 2.4, 2.5, 2.5])=12.3, ϰ=[9.7, 9.2, 6.9, 9.9, 10.8], ∫ϰ²/L>=[16.4, 17.0, 13.4, 19.1, 20.6], C-C-Sep=0.08, ║∇J║=5.0e-04
Iteration 756/2000-----
currents: [100000.0, 99999.99999304012, 99999.99999291559, 99999.99999126431, 99999.99999171098]
J=1.2e-04, ⟨Jf⟩=1.1e-04, ⟨B·n⟩=3.1e-03, Len=sum([2.4, 2.4, 2.4, 2.5, 2.5])=12.3, ϰ=[9.7, 9.3, 6.9, 9.9, 10.8], ∫ϰ²/L>=[16.4, 17.0, 13.4, 19.1, 20.6], C-C-Sep=0.08, ║∇J║=5.6e-04
Iteration 757/2000-----
currents: [100000.0, 99999.99999300743, 99999.99999288317, 99999.99999122141, 99999.99999167056]
J=1.2e-04, ⟨Jf⟩=1.1e-04, ⟨B·n⟩=3.1e-03, Len=sum([2.4, 2.4, 2.4, 2.5, 2.5])=12.3, ϰ=[9.8, 9.3, 6.9, 9.9, 10.7], ∫ϰ²/L>=[16.4, 17.0, 13.4, 19.1, 20.6], C-C-Sep=0.08, ║∇J║=5.6e-04
Iteration 758/2000-----
currents: [100000.0, 99999.99999299178, 99999.99999286763, 99999.99999120105, 99999.99999165132]
J=1.2e-04, ⟨Jf⟩=1.1e-04, ⟨B·n⟩=3.1e-03, Len=sum([2.4, 2.4, 2.4, 2.5, 2.5])=12.3, ϰ=[9.7, 9.3, 6.9, 9.9, 10.7], ∫ϰ²/L>=[16.4, 17.0, 13.4, 19.1, 20.6], C-C-Sep=0.08, ║∇J║=4.5e-04
Iteration 759/2000-----
currents: [100000.0, 99999.99999295369, 99999.99999282966, 99999.999991151, 99999.99999160413]
J=1.2e-04, ⟨Jf⟩=1.1e-04, ⟨B·n⟩=3.1e-03, Len=sum([2.4, 2.4, 2.4, 2.5, 2.5])=12.3, ϰ=[9.7, 9.3, 6.9, 9.8, 10.7], ∫ϰ²/L>=[16.4, 17.1, 13.4, 19.2, 20.6], C-C-Sep=0.08, ║∇J║=5.2e-04
Iteration 760/2000-----
currents: [100000.0, 99999.99999293765, 99999.99999281364, 99999.99999113008, 99999.9999915844]
J=1.2e-04, ⟨Jf⟩=1.1e-04, ⟨B·n⟩=3.1e-03, Len=sum([2.4, 2.4, 2.4, 2.5, 2.5])=12.3, ϰ=[9.7, 9.3, 6.9, 9.8, 10.7], ∫ϰ²/L>=[16.4, 17.1, 13.4, 19.2, 20.6], C-C-Sep=0.08, ║∇J║=5.5e-04
Iteration 761/2000-----
currents: [100000.0, 99999.99999290898, 99999.9999927852, 99999.99999109285, 99999.9999915492]
J=1.2e-04, ⟨Jf⟩=1.1e-04, ⟨B·n⟩=3.1e-03, Len=sum([2.4, 2.4, 2.4, 2.5, 2.5])=12.3, ϰ=[9.7, 9.3, 6.9, 9.8, 10.6], ∫ϰ²/L>=[16.4, 17.1, 13.4, 19.2, 20.6], C-C-Sep=0.08, ║∇J║=6.7e-04
Iteration 762/2000-----
currents: [100000.0, 99999.99999293579, 99999.99999281178, 99999.99999112778, 99999.99999158204]
J=1.2e-04, ⟨Jf⟩=1.1e-04, ⟨B·n⟩=3.1e-03, Len=sum([2.4, 2.4, 2.4, 2.5, 2.5])=12.3, ϰ=[9.7, 9.2, 6.9, 9.8, 10.6], ∫ϰ²/L>=[16.4, 17.1, 13.4, 19.2, 20.6], C-C-Sep=0.08, ║∇J║=6.4e-04
Iteration 763/2000-----
currents: [100000.0, 99999.99999287618, 99999.99999275268, 99999.99999104989, 99999.99999150861]
J=1.2e-04, ⟨Jf⟩=1.1e-04, ⟨B·n⟩=3.1e-03, Len=sum([2.4, 2.4, 2.4, 2.5, 2.5])=12.3, ϰ=[9.7, 9.2, 6.9, 9.8, 10.6], ∫ϰ²/L>=[16.4, 17.1, 13.4, 19.2, 20.5], C-C-Sep=0.08, ║∇J║=6.8e-04
Iteration 764/2000-----
currents: [100000.0, 99999.9999928605, 99999.99999273723, 99999.99999102978, 99999.99999148955]
J=1.2e-04, ⟨Jf⟩=1.1e-04, ⟨B·n⟩=3.1e-03, Len=sum([2.4, 2.4, 2.4, 2.5, 2.5])=12.3, ϰ=[9.7, 9.2, 7.0, 9.8, 10.6], ∫ϰ²/L>=[16.4, 17.1, 13.4, 19.2, 20.5], C-C-Sep=0.08, ║∇J║=6.4e-04
Iteration 765/2000-----
currents: [100000.0, 99999.99999282413, 99999.99999270114, 99999.99999098222, 99999.99999144464]
J=1.2e-04, ⟨Jf⟩=1.1e-04, ⟨B·n⟩=3.1e-03, Len=sum([2.4, 2.4, 2.4, 2.5, 2.5])=12.3, ϰ=[9.7, 9.2, 7.0, 9.8, 10.5], ∫ϰ²/L>=[16.4, 17.1, 13.3, 19.2, 20.5], C-C-Sep=0.08, ║∇J║=5.7e-04
Iteration 766/2000-----
currents: [100000.0, 99999.99999277318, 99999.99999265056, 99999.9999909158, 99999.99999138183]
J=1.2e-04, ⟨Jf⟩=1.1e-04, ⟨B·n⟩=3.1e-03, Len=sum([2.4, 2.4, 2.4, 2.5, 2.5])=12.3, ϰ=[9.7, 9.2, 7.0, 9.9, 10.5], ∫ϰ²/L>=[16.3, 17.1, 13.3, 19.2, 20.5], C-C-Sep=0.08, ║∇J║=6.5e-04
Iteration 767/2000-----
currents: [100000.0, 99999.99999267893, 99999.99999255696, 99999.99999079252, 99999.9999912655]
J=1.2e-04, ⟨Jf⟩=1.1e-04, ⟨B·n⟩=3.1e-03, Len=sum([2.4, 2.4, 2.4, 2.5, 2.5])=12.3, ϰ=[9.7, 9.2, 7.0, 9.9, 10.4], ∫ϰ²/L>=[16.4, 17.1, 13.4, 19.2, 20.4], C-C-Sep=0.08, ║∇J║=8.4e-04
Iteration 768/2000-----
currents: [100000.0, 99999.99999272474, 99999.9999926024, 99999.99999085223, 99999.99999132178]
J=1.2e-04, ⟨Jf⟩=1.1e-04, ⟨B·n⟩=3.1e-03, Len=sum([2.4, 2.4, 2.4, 2.5, 2.5])=12.3, ϰ=[9.8, 9.2, 6.9, 9.9, 10.4], ∫ϰ²/L>=[16.3, 17.1, 13.3, 19.2, 20.4], C-C-Sep=0.08, ║∇J║=6.0e-04
Iteration 769/2000-----
currents: [100000.0, 99999.99999273696, 99999.9999926146, 99999.99999086827, 99999.99999133697]
J=1.2e-04, ⟨Jf⟩=1.1e-04, ⟨B·n⟩=3.1e-03, Len=sum([2.4, 2.4, 2.4, 2.5, 2.5])=12.3, ϰ=[9.8, 9.3, 6.9, 9.9, 10.5], ∫ϰ²/L>=[16.3, 17.1, 13.3, 19.2, 20.4], C-C-Sep=0.08, ║∇J║=4.6e-04
Iteration 770/2000-----
currents: [100000.0, 99999.99999272342, 99999.99999260104, 99999.99999085047, 99999.99999132028]
J=1.2e-04, ⟨Jf⟩=1.1e-04, ⟨B·n⟩=3.1e-03, Len=sum([2.4, 2.4, 2.4, 2.5, 2.5])=12.3, ϰ=[9.8, 9.3, 6.9, 9.9, 10.5], ∫ϰ²/L>=[16.3, 17.0, 13.3, 19.2, 20.4], C-C-Sep=0.08, ║∇J║=4.0e-04
Iteration 771/2000-----
currents: [100000.0, 99999.99999269607, 99999.99999257387, 99999.9999908147, 99999.9999912865]
J=1.2e-04, ⟨Jf⟩=1.1e-04, ⟨B·n⟩=3.1e-03, Len=sum([2.4, 2.4, 2.4, 2.5, 2.5])=12.3, ϰ=[9.8, 9.2, 6.9, 9.9, 10.5], ∫ϰ²/L>=[16.3, 17.0, 13.3, 19.2, 20.4], C-C-Sep=0.08, ║∇J║=4.3e-04
Iteration 772/2000-----
currents: [100000.0, 99999.99999268037, 99999.99999255814, 99999.99999079407, 99999.99999126716]
J=1.2e-04, ⟨Jf⟩=1.1e-04, ⟨B·n⟩=3.1e-03, Len=sum([2.4, 2.4, 2.4, 2.5, 2.5])=12.3, ϰ=[9.8, 9.2, 6.8, 9.9, 10.5], ∫ϰ²/L>=[16.3, 17.0, 13.3, 19.2, 20.4], C-C-Sep=0.08, ║∇J║=4.5e-04
Iteration 773/2000-----
currents: [100000.0, 99999.9999926679, 99999.99999254565, 99999.9999907777, 99999.99999125185]
J=1.2e-04, ⟨Jf⟩=1.1e-04, ⟨B·n⟩=3.1e-03, Len=sum([2.4, 2.4, 2.4, 2.5, 2.5])=12.3, ϰ=[9.8, 9.2, 6.8, 9.9, 10.5], ∫ϰ²/L>=[16.3, 17.0, 13.3, 19.3, 20.5], C-C-Sep=0.08, ║∇J║=4.0e-04
Iteration 774/2000-----
currents: [100000.0, 99999.99999265335, 99999.99999253103, 99999.99999075863, 99999.999991234]
J=1.2e-04, ⟨Jf⟩=1.1e-04, ⟨B·n⟩=3.1e-03, Len=sum([2.4, 2.4, 2.4, 2.5, 2.5])=12.3, ϰ=[9.8, 9.2, 6.8, 9.8, 10.5], ∫ϰ²/L>=[16.3, 17.0, 13.3, 19.2, 20.5], C-C-Sep=0.08, ║∇J║=3.7e-04
Iteration 775/2000-----
currents: [100000.0, 99999.99999263026, 99999.99999250796, 99999.99999072845, 99999.9999912057]
J=1.2e-04, ⟨Jf⟩=1.1e-04, ⟨B·n⟩=3.1e-03, Len=sum([2.4, 2.4, 2.4, 2.5, 2.5])=12.3, ϰ=[9.8, 9.2, 6.9, 9.8, 10.5], ∫ϰ²/L>=[16.3, 17.0, 13.3, 19.2, 20.5], C-C-Sep=0.08, ║∇J║=4.2e-04
Iteration 776/2000-----
currents: [100000.0, 99999.99999256739, 99999.99999244534, 99999.99999064625, 99999.99999112838]
J=1.2e-04, ⟨Jf⟩=1.1e-04, ⟨B·n⟩=3.1e-03, Len=sum([2.4, 2.4, 2.4, 2.5, 2.5])=12.3, ϰ=[9.8, 9.2, 7.0, 9.9, 10.5], ∫ϰ²/L>=[16.3, 17.0, 13.3, 19.2, 20.5], C-C-Sep=0.08, ║∇J║=6.5e-04
Iteration 777/2000-----
currents: [100000.0, 99999.9999925006, 99999.99999237877, 99999.99999055876, 99999.99999104606]
J=1.2e-04, ⟨Jf⟩=1.1e-04, ⟨B·n⟩=3.1e-03, Len=sum([2.4, 2.4, 2.4, 2.5, 2.5])=12.3, ϰ=[9.7, 9.2, 7.0, 9.9, 10.5], ∫ϰ²/L>=[16.3, 17.0, 13.3, 19.2, 20.4], C-C-Sep=0.08, ║∇J║=6.3e-04
Iteration 778/2000-----
currents: [100000.0, 99999.99999251902, 99999.99999239703, 99999.99999058306, 99999.99999106898]
J=1.2e-04, ⟨Jf⟩=1.1e-04, ⟨B·n⟩=3.1e-03, Len=sum([2.4, 2.4, 2.4, 2.5, 2.5])=12.3, ϰ=[9.7, 9.2, 7.1, 9.9, 10.6], ∫ϰ²/L>=[16.3, 17.0, 13.3, 19.2, 20.4], C-C-Sep=0.08, ║∇J║=7.9e-04
Iteration 779/2000-----
currents: [100000.0, 99999.99999249801, 99999.99999237627, 99999.99999055527, 99999.9999910426]
J=1.2e-04, ⟨Jf⟩=1.1e-04, ⟨B·n⟩=3.1e-03, Len=sum([2.4, 2.4, 2.4, 2.5, 2.5])=12.3, ϰ=[9.7, 9.3, 7.1, 9.9, 10.5], ∫ϰ²/L>=[16.3, 17.0, 13.3, 19.2, 20.4], C-C-Sep=0.08, ║∇J║=6.8e-04
Iteration 780/2000-----
currents: [100000.0, 99999.99999247331, 99999.99999235162, 99999.99999052289, 99999.99999101202]
J=1.2e-04, ⟨Jf⟩=1.1e-04, ⟨B·n⟩=3.1e-03, Len=sum([2.4, 2.4, 2.4, 2.5, 2.5])=12.3, ϰ=[9.7, 9.3, 7.1, 9.9, 10.5], ∫ϰ²/L>=[16.3, 17.0, 13.3, 19.1, 20.4], C-C-Sep=0.08, ║∇J║=5.6e-04
Iteration 781/2000-----
currents: [100000.0, 99999.99999244022, 99999.99999231852, 99999.99999047953, 99999.99999097128]
J=1.2e-04, ⟨Jf⟩=1.1e-04, ⟨B·n⟩=3.1e-03, Len=sum([2.4, 2.4, 2.4, 2.5, 2.5])=12.3, ϰ=[9.7, 9.3, 7.1, 9.9, 10.6], ∫ϰ²/L>=[16.3, 17.0, 13.3, 19.1, 20.4], C-C-Sep=0.08, ║∇J║=5.7e-04
Iteration 782/2000-----
currents: [100000.0, 99999.9999923571, 99999.99999223555, 99999.99999037046, 99999.99999086866]
J=1.2e-04, ⟨Jf⟩=1.1e-04, ⟨B·n⟩=3.1e-03, Len=sum([2.4, 2.4, 2.4, 2.5, 2.5])=12.3, ϰ=[9.7, 9.4, 7.1, 9.9, 10.5], ∫ϰ²/L>=[16.3, 17.0, 13.3, 19.1, 20.3], C-C-Sep=0.08, ║∇J║=6.2e-04
Iteration 783/2000-----
currents: [100000.0, 99999.99999234914, 99999.99999222757, 99999.99999036011, 99999.9999908587]
J=1.2e-04, ⟨Jf⟩=1.1e-04, ⟨B·n⟩=3.1e-03, Len=sum([2.4, 2.4, 2.4, 2.5, 2.5])=12.3, ϰ=[9.6, 9.3, 7.1, 9.8, 10.5], ∫ϰ²/L>=[16.3, 17.0, 13.3, 19.1, 20.3], C-C-Sep=0.08, ║∇J║=6.7e-04
Iteration 784/2000-----
currents: [100000.0, 99999.99999234374, 99999.99999222226, 99999.9999903532, 99999.99999085224]
J=1.2e-04, ⟨Jf⟩=1.1e-04, ⟨B·n⟩=3.1e-03, Len=sum([2.4, 2.4, 2.4, 2.5, 2.5])=12.3, ϰ=[9.6, 9.3, 7.1, 9.8, 10.5], ∫ϰ²/L>=[16.3, 17.0, 13.3, 19.1, 20.3], C-C-Sep=0.08, ║∇J║=4.8e-04
Iteration 785/2000-----
currents: [100000.0, 99999.99999233773, 99999.9999922163, 99999.99999034528, 99999.99999084472]
J=1.2e-04, ⟨Jf⟩=1.1e-04, ⟨B·n⟩=3.1e-03, Len=sum([2.4, 2.4, 2.4, 2.5, 2.5])=12.3, ϰ=[9.6, 9.3, 7.1, 9.8, 10.5], ∫ϰ²/L>=[16.3, 17.0, 13.2, 19.0, 20.3], C-C-Sep=0.08, ║∇J║=4.7e-04
Iteration 786/2000-----
currents: [100000.0, 99999.99999229622, 99999.99999217512, 99999.99999029118, 99999.99999079366]
J=1.2e-04, ⟨Jf⟩=1.1e-04, ⟨B·n⟩=3.1e-03, Len=sum([2.4, 2.4, 2.4, 2.5, 2.5])=12.3, ϰ=[9.6, 9.3, 7.1, 9.8, 10.6], ∫ϰ²/L>=[16.3, 17.0, 13.2, 19.0, 20.3], C-C-Sep=0.08, ║∇J║=5.2e-04
Iteration 787/2000-----
currents: [100000.0, 99999.999992289, 99999.99999216784, 99999.99999028159, 99999.99999078468]
J=1.2e-04, ⟨Jf⟩=1.1e-04, ⟨B·n⟩=3.1e-03, Len=sum([2.4, 2.4, 2.4, 2.5, 2.5])=12.3, ϰ=[9.7, 9.3, 7.1, 9.8, 10.6], ∫ϰ²/L>=[16.3, 17.0, 13.2, 19.0, 20.3], C-C-Sep=0.08, ║∇J║=5.7e-04
Iteration 788/2000-----
currents: [100000.0, 99999.99999226695, 99999.99999214582, 99999.99999025278, 99999.99999075741]
J=1.2e-04, ⟨Jf⟩=1.1e-04, ⟨B·n⟩=3.1e-03, Len=sum([2.4, 2.4, 2.4, 2.5, 2.5])=12.3, ϰ=[9.7, 9.2, 7.1, 9.8, 10.6], ∫ϰ²/L>=[16.3, 17.0, 13.2, 19.0, 20.3], C-C-Sep=0.08, ║∇J║=4.3e-04
Iteration 789/2000-----
currents: [100000.0, 99999.9999922017, 99999.99999208072, 99999.99999016747, 99999.99999067698]
J=1.2e-04, ⟨Jf⟩=1.1e-04, ⟨B·n⟩=3.1e-03, Len=sum([2.4, 2.4, 2.4, 2.5, 2.6])=12.3, ϰ=[9.7, 9.2, 7.1, 9.9, 10.5], ∫ϰ²/L>=[16.4, 16.9, 13.2, 19.0, 20.3], C-C-Sep=0.08, ║∇J║=5.0e-04
Iteration 790/2000-----
currents: [100000.0, 99999.99999211532, 99999.9999919945, 99999.99999005445, 99999.99999057046]
J=1.2e-04, ⟨Jf⟩=1.1e-04, ⟨B·n⟩=3.1e-03, Len=sum([2.4, 2.4, 2.4, 2.5, 2.6])=12.3, ϰ=[9.7, 9.2, 7.1, 9.9, 10.5], ∫ϰ²/L>=[16.4, 16.9, 13.2, 19.0, 20.3], C-C-Sep=0.08, ║∇J║=6.4e-04
Iteration 791/2000-----
currents: [100000.0, 99999.9999921495, 99999.99999202846, 99999.99999009928, 99999.99999061276]
J=1.2e-04, ⟨Jf⟩=1.1e-04, ⟨B·n⟩=3.1e-03, Len=sum([2.4, 2.4, 2.4, 2.5, 2.6])=12.3, ϰ=[9.8, 9.2, 7.1, 9.9, 10.5], ∫ϰ²/L>=[16.4, 16.9, 13.2, 19.0, 20.3], C-C-Sep=0.08, ║∇J║=8.6e-04
Iteration 792/2000-----
currents: [100000.0, 99999.99999215714, 99999.99999203606, 99999.99999010931, 99999.9999906223]
J=1.2e-04, ⟨Jf⟩=1.1e-04, ⟨B·n⟩=3.1e-03, Len=sum([2.4, 2.4, 2.4, 2.5, 2.6])=12.3, ϰ=[9.8, 9.2, 7.1, 9.9, 10.5], ∫ϰ²/L>=[16.4, 16.9, 13.2, 19.0, 20.3], C-C-Sep=0.08, ║∇J║=4.6e-04
Iteration 793/2000-----
currents: [100000.0, 99999.9999921459, 99999.99999202476, 99999.99999009457, 99999.99999060854]
J=1.2e-04, ⟨Jf⟩=1.1e-04, ⟨B·n⟩=3.1e-03, Len=sum([2.4, 2.4, 2.4, 2.5, 2.6])=12.3, ϰ=[9.8, 9.2, 7.1, 9.9, 10.5], ∫ϰ²/L>=[16.4, 16.9, 13.2, 19.0, 20.3], C-C-Sep=0.08, ║∇J║=3.8e-04
Iteration 794/2000-----
currents: [100000.0, 99999.99999211472, 99999.99999199355, 99999.99999005375, 99999.99999057018]
J=1.2e-04, ⟨Jf⟩=1.1e-04, ⟨B·n⟩=3.1e-03, Len=sum([2.4, 2.4, 2.4, 2.5, 2.6])=12.3, ϰ=[9.8, 9.2, 7.1, 9.8, 10.5], ∫ϰ²/L>=[16.4, 16.9, 13.2, 19.0, 20.3], C-C-Sep=0.08, ║∇J║=3.9e-04
Iteration 795/2000-----
currents: [100000.0, 99999.9999920854, 99999.99999196408, 99999.99999001538, 99999.99999053424]
J=1.2e-04, ⟨Jf⟩=1.1e-04, ⟨B·n⟩=3.1e-03, Len=sum([2.4, 2.4, 2.4, 2.5, 2.6])=12.3, ϰ=[9.8, 9.2, 7.1, 9.8, 10.6], ∫ϰ²/L>=[16.4, 16.9, 13.2, 19.0, 20.3], C-C-Sep=0.08, ║∇J║=4.4e-04
Iteration 796/2000-----
currents: [100000.0, 99999.99999206614, 99999.99999194466, 99999.99998998994, 99999.99999051042]
J=1.2e-04, ⟨Jf⟩=1.1e-04, ⟨B·n⟩=3.1e-03, Len=sum([2.4, 2.4, 2.4, 2.5, 2.6])=12.3, ϰ=[9.8, 9.2, 7.2, 9.8, 10.6], ∫ϰ²/L>=[16.3, 16.9, 13.2, 19.0, 20.3], C-C-Sep=0.08, ║∇J║=5.2e-04
Iteration 797/2000-----
currents: [100000.0, 99999.99999204511, 99999.99999192363, 99999.99998996237, 99999.9999904845]
J=1.2e-04, ⟨Jf⟩=1.1e-04, ⟨B·n⟩=3.1e-03, Len=sum([2.4, 2.4, 2.4, 2.5, 2.6])=12.3, ϰ=[9.8, 9.1, 7.2, 9.8, 10.6], ∫ϰ²/L>=[16.4, 16.9, 13.2, 19.0, 20.3], C-C-Sep=0.08, ║∇J║=4.3e-04
Iteration 798/2000-----
currents: [100000.0, 99999.99999201305, 99999.9999918916, 99999.9999899203, 99999.999990445]
J=1.2e-04, ⟨Jf⟩=1.1e-04, ⟨B·n⟩=3.1e-03, Len=sum([2.4, 2.4, 2.4, 2.5, 2.6])=12.3, ϰ=[9.8, 9.1, 7.1, 9.8, 10.6], ∫ϰ²/L>=[16.4, 16.9, 13.2, 19.0, 20.3], C-C-Sep=0.08, ║∇J║=4.4e-04
Iteration 799/2000-----
currents: [100000.0, 99999.99999198045, 99999.999991859, 99999.9999898776, 99999.99999040482]
J=1.2e-04, ⟨Jf⟩=1.1e-04, ⟨B·n⟩=3.1e-03, Len=sum([2.4, 2.4, 2.4, 2.5, 2.6])=12.3, ϰ=[9.8, 9.1, 7.1, 9.7, 10.6], ∫ϰ²/L>=[16.4, 16.9, 13.2, 18.9, 20.3], C-C-Sep=0.08, ║∇J║=5.7e-04
Iteration 800/2000-----
currents: [100000.0, 99999.99999197613, 99999.99999185471, 99999.99998987197, 99999.99999039964]
J=1.2e-04, ⟨Jf⟩=1.1e-04, ⟨B·n⟩=3.1e-03, Len=sum([2.4, 2.4, 2.4, 2.5, 2.6])=12.3, ϰ=[9.8, 9.1, 7.0, 9.7, 10.6], ∫ϰ²/L>=[16.4, 16.9, 13.2, 18.9, 20.3], C-C-Sep=0.08, ║∇J║=4.6e-04
Iteration 801/2000-----
currents: [100000.0, 99999.99999196145, 99999.99999184006, 99999.99998985282, 99999.9999903816]
J=1.2e-04, ⟨Jf⟩=1.1e-04, ⟨B·n⟩=3.1e-03, Len=sum([2.4, 2.4, 2.4, 2.5, 2.6])=12.3, ϰ=[9.9, 9.2, 7.0, 9.7, 10.6], ∫ϰ²/L>=[16.4, 16.9, 13.2, 18.9, 20.2], C-C-Sep=0.08, ║∇J║=4.6e-04
Iteration 802/2000-----
currents: [100000.0, 99999.99999193875, 99999.9999918174, 99999.99998982313, 99999.99999035367]
J=1.2e-04, ⟨Jf⟩=1.1e-04, ⟨B·n⟩=3.1e-03, Len=sum([2.4, 2.4, 2.4, 2.5, 2.6])=12.3, ϰ=[9.9, 9.2, 7.0, 9.7, 10.6], ∫ϰ²/L>=[16.4, 16.9, 13.2, 18.9, 20.2], C-C-Sep=0.08, ║∇J║=4.3e-04
Iteration 803/2000-----
currents: [100000.0, 99999.9999919219, 99999.9999918005, 99999.99998980112, 99999.99999033294]
J=1.2e-04, ⟨Jf⟩=1.1e-04, ⟨B·n⟩=3.1e-03, Len=sum([2.4, 2.4, 2.4, 2.5, 2.6])=12.3, ϰ=[9.9, 9.3, 7.0, 9.8, 10.6], ∫ϰ²/L>=[16.4, 16.9, 13.2, 19.0, 20.2], C-C-Sep=0.08, ║∇J║=4.4e-04
Iteration 804/2000-----
currents: [100000.0, 99999.9999918851, 99999.99999176367, 99999.99998975275, 99999.99999028743]
J=1.2e-04, ⟨Jf⟩=1.1e-04, ⟨B·n⟩=3.1e-03, Len=sum([2.4, 2.4, 2.4, 2.5, 2.6])=12.3, ϰ=[9.9, 9.3, 7.0, 9.8, 10.6], ∫ϰ²/L>=[16.4, 16.9, 13.2, 18.9, 20.2], C-C-Sep=0.08, ║∇J║=5.0e-04
Iteration 805/2000-----
currents: [100000.0, 99999.9999918723, 99999.99999175081, 99999.99998973595, 99999.99999027171]
J=1.2e-04, ⟨Jf⟩=1.1e-04, ⟨B·n⟩=3.1e-03, Len=sum([2.4, 2.4, 2.4, 2.5, 2.6])=12.3, ϰ=[9.9, 9.3, 7.0, 9.8, 10.6], ∫ϰ²/L>=[16.4, 16.9, 13.2, 18.9, 20.2], C-C-Sep=0.08, ║∇J║=5.1e-04
Iteration 806/2000-----
currents: [100000.0, 99999.99999185932, 99999.9999917378, 99999.99998971877, 99999.99999025557]
J=1.2e-04, ⟨Jf⟩=1.1e-04, ⟨B·n⟩=3.1e-03, Len=sum([2.4, 2.4, 2.4, 2.5, 2.6])=12.3, ϰ=[9.9, 9.3, 7.0, 9.8, 10.6], ∫ϰ²/L>=[16.4, 16.9, 13.2, 18.9, 20.2], C-C-Sep=0.08, ║∇J║=3.5e-04
Iteration 807/2000-----
currents: [100000.0, 99999.99999183556, 99999.99999171407, 99999.99998968757, 99999.99999022626]
J=1.2e-04, ⟨Jf⟩=1.1e-04, ⟨B·n⟩=3.1e-03, Len=sum([2.4, 2.4, 2.4, 2.5, 2.6])=12.3, ϰ=[9.9, 9.2, 7.0, 9.8, 10.5], ∫ϰ²/L>=[16.4, 16.9, 13.2, 18.9, 20.2], C-C-Sep=0.08, ║∇J║=4.1e-04
Iteration 808/2000-----
currents: [100000.0, 99999.99999179141, 99999.99999166984, 99999.99998962948, 99999.99999017175]
J=1.2e-04, ⟨Jf⟩=1.1e-04, ⟨B·n⟩=3.1e-03, Len=sum([2.4, 2.4, 2.4, 2.5, 2.6])=12.3, ϰ=[9.9, 9.2, 6.9, 9.8, 10.5], ∫ϰ²/L>=[16.5, 16.9, 13.2, 18.9, 20.1], C-C-Sep=0.08, ║∇J║=4.6e-04
Iteration 809/2000-----
currents: [100000.0, 99999.99999176186, 99999.99999164017, 99999.99998959072, 99999.99999013539]
J=1.2e-04, ⟨Jf⟩=1.1e-04, ⟨B·n⟩=3.1e-03, Len=sum([2.4, 2.4, 2.4, 2.5, 2.6])=12.3, ϰ=[9.9, 9.2, 6.9, 9.8, 10.5], ∫ϰ²/L>=[16.5, 16.9, 13.1, 18.9, 20.1], C-C-Sep=0.08, ║∇J║=5.1e-04
Iteration 810/2000-----
currents: [100000.0, 99999.99999176773, 99999.99999164601, 99999.99998959838, 99999.99999014262]
J=1.2e-04, ⟨Jf⟩=1.1e-04, ⟨B·n⟩=3.1e-03, Len=sum([2.4, 2.4, 2.4, 2.5, 2.6])=12.3, ϰ=[9.9, 9.2, 6.9, 9.8, 10.5], ∫ϰ²/L>=[16.4, 16.9, 13.1, 18.9, 20.1], C-C-Sep=0.08, ║∇J║=4.5e-04
Iteration 811/2000-----
currents: [100000.0, 99999.9999917141, 99999.99999159237, 99999.9999895282, 99999.99999007673]
J=1.2e-04, ⟨Jf⟩=1.1e-04, ⟨B·n⟩=3.1e-03, Len=sum([2.4, 2.4, 2.4, 2.5, 2.6])=12.3, ϰ=[9.9, 9.3, 7.0, 9.8, 10.5], ∫ϰ²/L>=[16.5, 16.9, 13.1, 18.9, 20.1], C-C-Sep=0.08, ║∇J║=6.8e-04
Iteration 812/2000-----
currents: [100000.0, 99999.99999173787, 99999.99999161605, 99999.99998955918, 99999.99999010592]
J=1.2e-04, ⟨Jf⟩=1.1e-04, ⟨B·n⟩=3.1e-03, Len=sum([2.4, 2.4, 2.4, 2.5, 2.6])=12.3, ϰ=[9.9, 9.3, 7.0, 9.8, 10.5], ∫ϰ²/L>=[16.5, 16.9, 13.1, 18.9, 20.1], C-C-Sep=0.08, ║∇J║=5.7e-04
Iteration 813/2000-----
currents: [100000.0, 99999.99999172566, 99999.99999160385, 99999.99998954304, 99999.99999009071]
J=1.2e-04, ⟨Jf⟩=1.1e-04, ⟨B·n⟩=3.1e-03, Len=sum([2.4, 2.4, 2.4, 2.5, 2.6])=12.3, ϰ=[9.9, 9.3, 6.9, 9.8, 10.5], ∫ϰ²/L>=[16.5, 16.9, 13.1, 18.9, 20.1], C-C-Sep=0.08, ║∇J║=3.8e-04
Iteration 814/2000-----
currents: [100000.0, 99999.99999170625, 99999.99999158437, 99999.9999895175, 99999.99999006676]
J=1.2e-04, ⟨Jf⟩=1.1e-04, ⟨B·n⟩=3.1e-03, Len=sum([2.4, 2.4, 2.4, 2.5, 2.6])=12.3, ϰ=[9.9, 9.3, 6.9, 9.8, 10.5], ∫ϰ²/L>=[16.5, 16.9, 13.1, 18.9, 20.1], C-C-Sep=0.08, ║∇J║=3.6e-04
Iteration 815/2000-----
currents: [100000.0, 99999.99999165483, 99999.99999153285, 99999.99998945, 99999.9999900034]
J=1.2e-04, ⟨Jf⟩=1.1e-04, ⟨B·n⟩=3.1e-03, Len=sum([2.4, 2.4, 2.4, 2.5, 2.6])=12.3, ϰ=[9.9, 9.3, 6.9, 9.8, 10.4], ∫ϰ²/L>=[16.5, 16.9, 13.1, 18.9, 20.1], C-C-Sep=0.08, ║∇J║=4.4e-04
Iteration 816/2000-----
currents: [100000.0, 99999.99999159006, 99999.99999146792, 99999.99998936498, 99999.99998992358]
J=1.2e-04, ⟨Jf⟩=1.1e-04, ⟨B·n⟩=3.1e-03, Len=sum([2.4, 2.4, 2.4, 2.5, 2.6])=12.3, ϰ=[9.9, 9.3, 6.8, 9.8, 10.4], ∫ϰ²/L>=[16.5, 16.9, 13.1, 18.9, 20.1], C-C-Sep=0.08, ║∇J║=5.7e-04
Iteration 817/2000-----
currents: [100000.0, 99999.99999156174, 99999.99999143934, 99999.99998932776, 99999.99998988872]
J=1.2e-04, ⟨Jf⟩=1.1e-04, ⟨B·n⟩=3.1e-03, Len=sum([2.4, 2.4, 2.4, 2.5, 2.6])=12.3, ϰ=[9.9, 9.3, 6.8, 9.8, 10.4], ∫ϰ²/L>=[16.5, 16.9, 13.1, 18.9, 20.1], C-C-Sep=0.08, ║∇J║=4.4e-04
Iteration 818/2000-----
currents: [100000.0, 99999.99999156054, 99999.999991438, 99999.99998932607, 99999.99998988712]
J=1.2e-04, ⟨Jf⟩=1.1e-04, ⟨B·n⟩=3.1e-03, Len=sum([2.4, 2.4, 2.4, 2.5, 2.6])=12.3, ϰ=[10.0, 9.3, 6.8, 9.8, 10.4], ∫ϰ²/L>=[16.5, 16.9, 13.1, 18.9, 20.1], C-C-Sep=0.08, ║∇J║=4.7e-04
Iteration 819/2000-----
currents: [100000.0, 99999.99999153534, 99999.99999141268, 99999.99998929299, 99999.99998985598]
J=1.2e-04, ⟨Jf⟩=1.1e-04, ⟨B·n⟩=3.1e-03, Len=sum([2.4, 2.4, 2.4, 2.5, 2.6])=12.3, ϰ=[9.9, 9.2, 6.8, 9.8, 10.4], ∫ϰ²/L>=[16.5, 16.9, 13.1, 18.9, 20.1], C-C-Sep=0.08, ║∇J║=4.5e-04
Iteration 820/2000-----
currents: [100000.0, 99999.99999151273, 99999.99999139, 99999.99998926336, 99999.99998982802]
J=1.2e-04, ⟨Jf⟩=1.1e-04, ⟨B·n⟩=3.1e-03, Len=sum([2.4, 2.4, 2.4, 2.5, 2.6])=12.3, ϰ=[10.0, 9.2, 6.8, 9.9, 10.4], ∫ϰ²/L>=[16.5, 16.9, 13.1, 18.9, 20.1], C-C-Sep=0.08, ║∇J║=4.0e-04
Iteration 821/2000-----
currents: [100000.0, 99999.99999150127, 99999.9999913785, 99999.99998924822, 99999.99998981372]
J=1.2e-04, ⟨Jf⟩=1.1e-04, ⟨B·n⟩=3.1e-03, Len=sum([2.4, 2.4, 2.4, 2.5, 2.6])=12.3, ϰ=[10.0, 9.1, 6.8, 9.9, 10.4], ∫ϰ²/L>=[16.5, 16.9, 13.1, 18.9, 20.1], C-C-Sep=0.08, ║∇J║=5.7e-04
Iteration 822/2000-----
currents: [100000.0, 99999.99999148659, 99999.99999136379, 99999.99998922896, 99999.99998979557]
J=1.2e-04, ⟨Jf⟩=1.1e-04, ⟨B·n⟩=3.1e-03, Len=sum([2.4, 2.4, 2.4, 2.5, 2.6])=12.3, ϰ=[10.0, 9.1, 6.8, 9.9, 10.4], ∫ϰ²/L>=[16.5, 16.9, 13.2, 18.9, 20.1], C-C-Sep=0.08, ║∇J║=4.3e-04
Iteration 823/2000-----
currents: [100000.0, 99999.99999147984, 99999.99999135696, 99999.99998922014, 99999.99998978733]
J=1.2e-04, ⟨Jf⟩=1.1e-04, ⟨B·n⟩=3.1e-03, Len=sum([2.4, 2.4, 2.4, 2.5, 2.6])=12.3, ϰ=[10.0, 9.1, 6.7, 10.0, 10.4], ∫ϰ²/L>=[16.5, 16.9, 13.2, 18.9, 20.1], C-C-Sep=0.08, ║∇J║=4.2e-04
Iteration 824/2000-----
currents: [100000.0, 99999.99999144055, 99999.99999131756, 99999.99998916849, 99999.99998973886]
J=1.2e-04, ⟨Jf⟩=1.1e-04, ⟨B·n⟩=3.1e-03, Len=sum([2.4, 2.4, 2.4, 2.5, 2.6])=12.3, ϰ=[10.0, 9.1, 6.7, 10.0, 10.4], ∫ϰ²/L>=[16.6, 16.9, 13.2, 18.9, 20.1], C-C-Sep=0.08, ║∇J║=5.2e-04
Iteration 825/2000-----
currents: [100000.0, 99999.99999142741, 99999.9999913042, 99999.99998915111, 99999.99998972267]
J=1.2e-04, ⟨Jf⟩=1.1e-04, ⟨B·n⟩=3.1e-03, Len=sum([2.4, 2.4, 2.4, 2.5, 2.6])=12.3, ϰ=[10.0, 9.1, 6.6, 10.0, 10.4], ∫ϰ²/L>=[16.6, 17.0, 13.2, 18.9, 20.1], C-C-Sep=0.08, ║∇J║=5.2e-04
Iteration 826/2000-----
currents: [100000.0, 99999.99999136999, 99999.99999124644, 99999.99998907557, 99999.9999896518]
J=1.2e-04, ⟨Jf⟩=1.1e-04, ⟨B·n⟩=3.1e-03, Len=sum([2.4, 2.4, 2.4, 2.5, 2.6])=12.3, ϰ=[10.0, 9.1, 6.7, 10.0, 10.4], ∫ϰ²/L>=[16.6, 17.0, 13.2, 18.9, 20.0], C-C-Sep=0.08, ║∇J║=5.6e-04
Iteration 827/2000-----
currents: [100000.0, 99999.99999138608, 99999.99999126239, 99999.99998909654, 99999.99998967149]
J=1.2e-04, ⟨Jf⟩=1.1e-04, ⟨B·n⟩=3.1e-03, Len=sum([2.4, 2.4, 2.4, 2.5, 2.6])=12.3, ϰ=[10.0, 9.1, 6.7, 10.1, 10.4], ∫ϰ²/L>=[16.6, 17.0, 13.2, 18.9, 20.0], C-C-Sep=0.08, ║∇J║=5.4e-04
Iteration 828/2000-----
currents: [100000.0, 99999.99999135318, 99999.99999122934, 99999.99998905328, 99999.99998963081]
J=1.2e-04, ⟨Jf⟩=1.1e-04, ⟨B·n⟩=3.1e-03, Len=sum([2.4, 2.4, 2.4, 2.5, 2.6])=12.3, ϰ=[10.0, 9.1, 6.7, 10.1, 10.4], ∫ϰ²/L>=[16.6, 17.0, 13.2, 18.9, 20.0], C-C-Sep=0.08, ║∇J║=4.7e-04
Iteration 829/2000-----
currents: [100000.0, 99999.99999134739, 99999.99999122352, 99999.99998904568, 99999.99998962365]
J=1.2e-04, ⟨Jf⟩=1.1e-04, ⟨B·n⟩=3.1e-03, Len=sum([2.4, 2.4, 2.4, 2.5, 2.6])=12.3, ϰ=[10.0, 9.1, 6.6, 10.1, 10.5], ∫ϰ²/L>=[16.6, 17.0, 13.1, 18.9, 20.0], C-C-Sep=0.08, ║∇J║=4.4e-04
Iteration 830/2000-----
currents: [100000.0, 99999.99999133025, 99999.99999120623, 99999.99998902313, 99999.99998960245]
J=1.2e-04, ⟨Jf⟩=1.1e-04, ⟨B·n⟩=3.1e-03, Len=sum([2.4, 2.4, 2.4, 2.5, 2.6])=12.3, ϰ=[10.0, 9.1, 6.6, 10.1, 10.4], ∫ϰ²/L>=[16.6, 17.0, 13.1, 18.9, 20.0], C-C-Sep=0.08, ║∇J║=4.2e-04
Iteration 831/2000-----
currents: [100000.0, 99999.99999131805, 99999.99999119395, 99999.99998900715, 99999.99998958746]
J=1.2e-04, ⟨Jf⟩=1.1e-04, ⟨B·n⟩=3.1e-03, Len=sum([2.4, 2.4, 2.4, 2.5, 2.6])=12.3, ϰ=[10.0, 9.2, 6.6, 10.1, 10.5], ∫ϰ²/L>=[16.6, 17.0, 13.2, 18.9, 20.0], C-C-Sep=0.08, ║∇J║=4.0e-04
Iteration 832/2000-----
currents: [100000.0, 99999.99999128575, 99999.99999116141, 99999.99998896474, 99999.9999895477]
J=1.2e-04, ⟨Jf⟩=1.1e-04, ⟨B·n⟩=3.1e-03, Len=sum([2.4, 2.4, 2.4, 2.5, 2.6])=12.3, ϰ=[10.0, 9.2, 6.6, 10.1, 10.5], ∫ϰ²/L>=[16.6, 17.0, 13.2, 18.9, 20.0], C-C-Sep=0.08, ║∇J║=4.4e-04
Iteration 833/2000-----
currents: [100000.0, 99999.99999124411, 99999.99999111956, 99999.99998891003, 99999.99998949633]
J=1.2e-04, ⟨Jf⟩=1.1e-04, ⟨B·n⟩=3.1e-03, Len=sum([2.4, 2.4, 2.4, 2.5, 2.6])=12.3, ϰ=[10.0, 9.2, 6.6, 10.1, 10.4], ∫ϰ²/L>=[16.6, 17.0, 13.2, 18.9, 20.0], C-C-Sep=0.08, ║∇J║=4.7e-04
Iteration 834/2000-----
currents: [100000.0, 99999.9999911791, 99999.99999105422, 99999.99998882477, 99999.99998941616]
J=1.2e-04, ⟨Jf⟩=1.1e-04, ⟨B·n⟩=3.1e-03, Len=sum([2.4, 2.4, 2.4, 2.5, 2.6])=12.3, ϰ=[10.0, 9.1, 6.7, 10.1, 10.4], ∫ϰ²/L>=[16.7, 17.0, 13.2, 19.0, 20.0], C-C-Sep=0.08, ║∇J║=6.0e-04
Iteration 835/2000-----
currents: [100000.0, 99999.99999117624, 99999.99999105134, 99999.99998882107, 99999.9999894127]
J=1.2e-04, ⟨Jf⟩=1.1e-04, ⟨B·n⟩=3.1e-03, Len=sum([2.4, 2.4, 2.4, 2.5, 2.6])=12.3, ϰ=[10.1, 9.1, 6.7, 10.0, 10.4], ∫ϰ²/L>=[16.7, 17.0, 13.2, 19.0, 20.0], C-C-Sep=0.08, ║∇J║=6.3e-04
Iteration 836/2000-----
currents: [100000.0, 99999.99999116757, 99999.99999104277, 99999.99998880974, 99999.99998940191]
J=1.2e-04, ⟨Jf⟩=1.1e-04, ⟨B·n⟩=3.1e-03, Len=sum([2.4, 2.4, 2.4, 2.5, 2.6])=12.3, ϰ=[10.1, 9.2, 6.7, 10.1, 10.4], ∫ϰ²/L>=[16.7, 17.0, 13.2, 18.9, 20.0], C-C-Sep=0.08, ║∇J║=5.4e-04
Iteration 837/2000-----
currents: [100000.0, 99999.99999116008, 99999.99999103513, 99999.99998879991, 99999.99998939264]
J=1.2e-04, ⟨Jf⟩=1.1e-04, ⟨B·n⟩=3.1e-03, Len=sum([2.4, 2.4, 2.4, 2.5, 2.6])=12.3, ϰ=[10.1, 9.2, 6.6, 10.1, 10.4], ∫ϰ²/L>=[16.7, 17.0, 13.2, 19.0, 20.0], C-C-Sep=0.08, ║∇J║=4.2e-04
Iteration 838/2000-----
currents: [100000.0, 99999.99999111734, 99999.99999099219, 99999.9999887439, 99999.99998933997]
J=1.2e-04, ⟨Jf⟩=1.1e-04, ⟨B·n⟩=3.1e-03, Len=sum([2.4, 2.4, 2.4, 2.5, 2.6])=12.3, ϰ=[10.1, 9.2, 6.6, 10.1, 10.4], ∫ϰ²/L>=[16.7, 17.0, 13.2, 19.0, 20.0], C-C-Sep=0.08, ║∇J║=4.2e-04
Iteration 839/2000-----
currents: [100000.0, 99999.99999110764, 99999.99999098234, 99999.99998873116, 99999.99998932802]
J=1.2e-04, ⟨Jf⟩=1.1e-04, ⟨B·n⟩=3.1e-03, Len=sum([2.4, 2.4, 2.4, 2.5, 2.6])=12.3, ϰ=[10.1, 9.2, 6.6, 10.1, 10.4], ∫ϰ²/L>=[16.7, 17.0, 13.2, 19.0, 20.0], C-C-Sep=0.08, ║∇J║=4.5e-04
Iteration 840/2000-----
currents: [100000.0, 99999.99999107937, 99999.99999095387, 99999.9999886941, 99999.99998929328]
J=1.2e-04, ⟨Jf⟩=1.1e-04, ⟨B·n⟩=3.1e-03, Len=sum([2.4, 2.4, 2.4, 2.5, 2.6])=12.3, ϰ=[10.1, 9.2, 6.7, 10.1, 10.4], ∫ϰ²/L>=[16.7, 17.0, 13.2, 19.0, 20.0], C-C-Sep=0.08, ║∇J║=3.9e-04
Iteration 841/2000-----
currents: [100000.0, 99999.999991043, 99999.99999091722, 99999.99998864639, 99999.99998924849]
J=1.2e-04, ⟨Jf⟩=1.1e-04, ⟨B·n⟩=3.1e-03, Len=sum([2.4, 2.4, 2.4, 2.5, 2.6])=12.3, ϰ=[10.1, 9.2, 6.7, 10.1, 10.4], ∫ϰ²/L>=[16.7, 17.1, 13.2, 19.0, 19.9], C-C-Sep=0.08, ║∇J║=4.3e-04
Iteration 842/2000-----
currents: [100000.0, 99999.99999097551, 99999.99999084922, 99999.99998855783, 99999.99998916552]
J=1.2e-04, ⟨Jf⟩=1.1e-04, ⟨B·n⟩=3.1e-03, Len=sum([2.4, 2.4, 2.4, 2.5, 2.6])=12.3, ϰ=[10.1, 9.1, 6.8, 10.1, 10.4], ∫ϰ²/L>=[16.8, 17.1, 13.2, 19.0, 19.9], C-C-Sep=0.08, ║∇J║=6.6e-04
Iteration 843/2000-----
currents: [100000.0, 99999.99999099979, 99999.99999087356, 99999.99998858974, 99999.99998919544]
J=1.2e-04, ⟨Jf⟩=1.1e-04, ⟨B·n⟩=3.1e-03, Len=sum([2.4, 2.4, 2.4, 2.5, 2.6])=12.3, ϰ=[10.1, 9.1, 6.8, 10.1, 10.4], ∫ϰ²/L>=[16.7, 17.1, 13.2, 19.0, 19.9], C-C-Sep=0.08, ║∇J║=5.8e-04
Iteration 844/2000-----
currents: [100000.0, 99999.99999099868, 99999.9999908723, 99999.9999885882, 99999.99998919405]
J=1.2e-04, ⟨Jf⟩=1.1e-04, ⟨B·n⟩=3.1e-03, Len=sum([2.4, 2.4, 2.4, 2.5, 2.6])=12.3, ϰ=[10.1, 9.2, 6.8, 10.1, 10.4], ∫ϰ²/L>=[16.7, 17.1, 13.2, 19.0, 19.9], C-C-Sep=0.08, ║∇J║=4.7e-04
Iteration 845/2000-----
currents: [100000.0, 99999.99999097957, 99999.99999085287, 99999.99998856301, 99999.99998917045]
J=1.2e-04, ⟨Jf⟩=1.1e-04, ⟨B·n⟩=3.1e-03, Len=sum([2.4, 2.4, 2.4, 2.5, 2.6])=12.3, ϰ=[10.1, 9.2, 6.8, 10.1, 10.4], ∫ϰ²/L>=[16.7, 17.1, 13.2, 19.0, 19.9], C-C-Sep=0.08, ║∇J║=4.4e-04
Iteration 846/2000-----
currents: [100000.0, 99999.99999096016, 99999.99999083317, 99999.99998853749, 99999.99998914663]
J=1.2e-04, ⟨Jf⟩=1.1e-04, ⟨B·n⟩=3.1e-03, Len=sum([2.4, 2.4, 2.4, 2.5, 2.6])=12.3, ϰ=[10.1, 9.2, 6.8, 10.2, 10.4], ∫ϰ²/L>=[16.7, 17.1, 13.2, 19.1, 19.9], C-C-Sep=0.08, ║∇J║=4.7e-04
Iteration 847/2000-----
currents: [100000.0, 99999.99999093347, 99999.9999908062, 99999.99998850237, 99999.99998911371]
J=1.2e-04, ⟨Jf⟩=1.1e-04, ⟨B·n⟩=3.1e-03, Len=sum([2.4, 2.4, 2.4, 2.5, 2.6])=12.3, ϰ=[10.1, 9.2, 6.9, 10.2, 10.4], ∫ϰ²/L>=[16.7, 17.1, 13.2, 19.1, 19.9], C-C-Sep=0.08, ║∇J║=4.4e-04
Iteration 848/2000-----
currents: [100000.0, 99999.99999092825, 99999.99999080095, 99999.9999884956, 99999.99998910741]
J=1.2e-04, ⟨Jf⟩=1.1e-04, ⟨B·n⟩=3.1e-03, Len=sum([2.4, 2.4, 2.4, 2.5, 2.6])=12.3, ϰ=[10.1, 9.2, 6.9, 10.2, 10.4], ∫ϰ²/L>=[16.7, 17.1, 13.2, 19.1, 19.9], C-C-Sep=0.08, ║∇J║=4.5e-04
Iteration 849/2000-----
currents: [100000.0, 99999.9999908995, 99999.999990772, 99999.99998845778, 99999.99998907189]
J=1.2e-04, ⟨Jf⟩=1.1e-04, ⟨B·n⟩=3.1e-03, Len=sum([2.4, 2.4, 2.4, 2.5, 2.6])=12.3, ϰ=[10.2, 9.2, 6.9, 10.2, 10.4], ∫ϰ²/L>=[16.7, 17.1, 13.2, 19.1, 19.9], C-C-Sep=0.08, ║∇J║=4.6e-04
Iteration 850/2000-----
currents: [100000.0, 99999.99999089635, 99999.99999076893, 99999.99998845383, 99999.99998906818]
J=1.2e-04, ⟨Jf⟩=1.1e-04, ⟨B·n⟩=3.1e-03, Len=sum([2.4, 2.4, 2.4, 2.5, 2.6])=12.3, ϰ=[10.2, 9.2, 7.0, 10.2, 10.4], ∫ϰ²/L>=[16.7, 17.1, 13.2, 19.1, 19.9], C-C-Sep=0.08, ║∇J║=3.8e-04
Iteration 851/2000-----
currents: [100000.0, 99999.99999088695, 99999.99999075945, 99999.99998844143, 99999.99998905665]
J=1.2e-04, ⟨Jf⟩=1.1e-04, ⟨B·n⟩=3.1e-03, Len=sum([2.4, 2.4, 2.4, 2.5, 2.6])=12.3, ϰ=[10.2, 9.2, 7.0, 10.2, 10.4], ∫ϰ²/L>=[16.7, 17.1, 13.2, 19.1, 19.9], C-C-Sep=0.08, ║∇J║=3.6e-04
Iteration 852/2000-----
currents: [100000.0, 99999.99999085217, 99999.9999907244, 99999.99998839575, 99999.99998901373]
J=1.2e-04, ⟨Jf⟩=1.1e-04, ⟨B·n⟩=3.1e-03, Len=sum([2.4, 2.4, 2.4, 2.5, 2.6])=12.3, ϰ=[10.2, 9.2, 7.0, 10.3, 10.3], ∫ϰ²/L>=[16.7, 17.1, 13.3, 19.1, 19.9], C-C-Sep=0.08, ║∇J║=4.3e-04
Iteration 853/2000-----
currents: [100000.0, 99999.99999078934, 99999.99999066096, 99999.99998831305, 99999.99998893627]
J=1.2e-04, ⟨Jf⟩=1.1e-04, ⟨B·n⟩=3.1e-03, Len=sum([2.4, 2.4, 2.4, 2.5, 2.6])=12.3, ϰ=[10.2, 9.1, 7.1, 10.3, 10.3], ∫ϰ²/L>=[16.8, 17.1, 13.3, 19.1, 19.9], C-C-Sep=0.08, ║∇J║=5.5e-04
Iteration 854/2000-----
currents: [100000.0, 99999.99999080296, 99999.99999067455, 99999.99998833079, 99999.99998895302]
J=1.2e-04, ⟨Jf⟩=1.1e-04, ⟨B·n⟩=3.1e-03, Len=sum([2.4, 2.4, 2.4, 2.5, 2.6])=12.3, ϰ=[10.2, 9.1, 7.0, 10.3, 10.3], ∫ϰ²/L>=[16.7, 17.1, 13.3, 19.1, 19.9], C-C-Sep=0.08, ║∇J║=6.6e-04
Iteration 855/2000-----
currents: [100000.0, 99999.99999080121, 99999.99999067278, 99999.99998832852, 99999.99998895085]
J=1.2e-04, ⟨Jf⟩=1.1e-04, ⟨B·n⟩=3.1e-03, Len=sum([2.4, 2.4, 2.4, 2.5, 2.6])=12.3, ϰ=[10.2, 9.1, 7.0, 10.3, 10.3], ∫ϰ²/L>=[16.7, 17.1, 13.3, 19.1, 19.9], C-C-Sep=0.08, ║∇J║=3.9e-04
Iteration 856/2000-----
currents: [100000.0, 99999.99999078794, 99999.99999065945, 99999.99998831112, 99999.99998893443]
J=1.2e-04, ⟨Jf⟩=1.1e-04, ⟨B·n⟩=3.1e-03, Len=sum([2.4, 2.4, 2.4, 2.5, 2.6])=12.3, ϰ=[10.2, 9.1, 7.0, 10.2, 10.2], ∫ϰ²/L>=[16.7, 17.1, 13.3, 19.1, 19.8], C-C-Sep=0.08, ║∇J║=3.2e-04
Iteration 857/2000-----
currents: [100000.0, 99999.99999075408, 99999.99999062541, 99999.99998826678, 99999.99998889284]
J=1.2e-04, ⟨Jf⟩=1.1e-04, ⟨B·n⟩=3.1e-03, Len=sum([2.4, 2.4, 2.4, 2.5, 2.6])=12.3, ϰ=[10.2, 9.1, 7.0, 10.2, 10.2], ∫ϰ²/L>=[16.7, 17.1, 13.3, 19.0, 19.8], C-C-Sep=0.08, ║∇J║=3.9e-04
Iteration 858/2000-----
currents: [100000.0, 99999.99999073856, 99999.99999060993, 99999.99998824648, 99999.99998887377]
J=1.2e-04, ⟨Jf⟩=1.1e-04, ⟨B·n⟩=3.1e-03, Len=sum([2.4, 2.4, 2.4, 2.5, 2.6])=12.3, ϰ=[10.1, 9.1, 7.1, 10.2, 10.2], ∫ϰ²/L>=[16.7, 17.1, 13.3, 19.0, 19.8], C-C-Sep=0.08, ║∇J║=5.7e-04
Iteration 859/2000-----
currents: [100000.0, 99999.99999072672, 99999.99999059811, 99999.99998823117, 99999.99998885942]
J=1.2e-04, ⟨Jf⟩=1.1e-04, ⟨B·n⟩=3.1e-03, Len=sum([2.4, 2.4, 2.4, 2.5, 2.6])=12.3, ϰ=[10.1, 9.1, 7.0, 10.2, 10.2], ∫ϰ²/L>=[16.7, 17.1, 13.3, 19.0, 19.8], C-C-Sep=0.08, ║∇J║=3.9e-04
Iteration 860/2000-----
currents: [100000.0, 99999.99999071566, 99999.99999058711, 99999.9999882168, 99999.99998884593]
J=1.2e-04, ⟨Jf⟩=1.1e-04, ⟨B·n⟩=3.1e-03, Len=sum([2.4, 2.4, 2.4, 2.5, 2.6])=12.3, ϰ=[10.1, 9.2, 7.0, 10.2, 10.2], ∫ϰ²/L>=[16.7, 17.1, 13.3, 19.0, 19.8], C-C-Sep=0.08, ║∇J║=3.8e-04
Iteration 861/2000-----
currents: [100000.0, 99999.9999906989, 99999.99999057029, 99999.9999881949, 99999.9999888254]
J=1.2e-04, ⟨Jf⟩=1.1e-04, ⟨B·n⟩=3.1e-03, Len=sum([2.4, 2.4, 2.4, 2.5, 2.6])=12.3, ϰ=[10.1, 9.2, 7.0, 10.2, 10.1], ∫ϰ²/L>=[16.7, 17.1, 13.3, 19.0, 19.8], C-C-Sep=0.08, ║∇J║=3.8e-04
Iteration 862/2000-----
currents: [100000.0, 99999.99999065266, 99999.999990524, 99999.99998813454, 99999.9999887687]
J=1.2e-04, ⟨Jf⟩=1.1e-04, ⟨B·n⟩=3.1e-03, Len=sum([2.4, 2.4, 2.4, 2.5, 2.6])=12.3, ϰ=[10.1, 9.2, 7.0, 10.2, 10.1], ∫ϰ²/L>=[16.7, 17.2, 13.3, 19.0, 19.7], C-C-Sep=0.08, ║∇J║=5.6e-04
Iteration 863/2000-----
currents: [100000.0, 99999.99999063357, 99999.99999050485, 99999.9999881095, 99999.99998874521]
J=1.2e-04, ⟨Jf⟩=1.1e-04, ⟨B·n⟩=3.1e-03, Len=sum([2.4, 2.4, 2.4, 2.5, 2.6])=12.3, ϰ=[10.1, 9.2, 7.1, 10.1, 10.1], ∫ϰ²/L>=[16.6, 17.2, 13.3, 19.0, 19.7], C-C-Sep=0.08, ║∇J║=5.1e-04
Iteration 864/2000-----
currents: [100000.0, 99999.99999060167, 99999.99999047276, 99999.99998806759, 99999.99998870594]
J=1.2e-04, ⟨Jf⟩=1.1e-04, ⟨B·n⟩=3.1e-03, Len=sum([2.4, 2.4, 2.4, 2.5, 2.6])=12.3, ϰ=[10.1, 9.2, 7.1, 10.1, 10.1], ∫ϰ²/L>=[16.6, 17.2, 13.3, 19.0, 19.7], C-C-Sep=0.08, ║∇J║=4.5e-04
Iteration 865/2000-----
currents: [100000.0, 99999.9999905826, 99999.99999045357, 99999.99998804262, 99999.99998868261]
J=1.2e-04, ⟨Jf⟩=1.1e-04, ⟨B·n⟩=3.1e-03, Len=sum([2.4, 2.4, 2.4, 2.5, 2.6])=12.3, ϰ=[10.1, 9.2, 7.1, 10.1, 10.1], ∫ϰ²/L>=[16.6, 17.2, 13.3, 19.0, 19.7], C-C-Sep=0.08, ║∇J║=4.1e-04
Iteration 866/2000-----
currents: [100000.0, 99999.99999056362, 99999.99999043452, 99999.99998801769, 99999.99998865926]
J=1.2e-04, ⟨Jf⟩=1.1e-04, ⟨B·n⟩=3.1e-03, Len=sum([2.4, 2.4, 2.4, 2.5, 2.6])=12.3, ϰ=[10.1, 9.2, 7.1, 10.1, 10.1], ∫ϰ²/L>=[16.6, 17.2, 13.3, 19.0, 19.7], C-C-Sep=0.08, ║∇J║=4.7e-04
Iteration 867/2000-----
currents: [100000.0, 99999.99999055108, 99999.99999042189, 99999.9999880012, 99999.99998864382]
J=1.2e-04, ⟨Jf⟩=1.1e-04, ⟨B·n⟩=3.1e-03, Len=sum([2.4, 2.4, 2.4, 2.5, 2.6])=12.3, ϰ=[10.1, 9.2, 7.0, 10.1, 10.1], ∫ϰ²/L>=[16.6, 17.2, 13.3, 19.0, 19.7], C-C-Sep=0.08, ║∇J║=5.5e-04
Iteration 868/2000-----
currents: [100000.0, 99999.99999052775, 99999.99999039847, 99999.99998797063, 99999.99998861512]
J=1.2e-04, ⟨Jf⟩=1.1e-04, ⟨B·n⟩=3.1e-03, Len=sum([2.4, 2.4, 2.4, 2.5, 2.6])=12.3, ϰ=[10.1, 9.3, 7.0, 10.1, 10.2], ∫ϰ²/L>=[16.6, 17.2, 13.3, 19.0, 19.7], C-C-Sep=0.08, ║∇J║=3.9e-04
Iteration 869/2000-----
currents: [100000.0, 99999.99999051662, 99999.99999038732, 99999.99998795606, 99999.99998860141]
J=1.2e-04, ⟨Jf⟩=1.1e-04, ⟨B·n⟩=3.1e-03, Len=sum([2.4, 2.4, 2.4, 2.5, 2.6])=12.3, ϰ=[10.1, 9.3, 7.0, 10.0, 10.2], ∫ϰ²/L>=[16.6, 17.2, 13.3, 19.0, 19.7], C-C-Sep=0.08, ║∇J║=4.4e-04
Iteration 870/2000-----
currents: [100000.0, 99999.99999047621, 99999.99999034665, 99999.99998790292, 99999.99998855156]
J=1.2e-04, ⟨Jf⟩=1.1e-04, ⟨B·n⟩=3.1e-03, Len=sum([2.4, 2.4, 2.4, 2.5, 2.6])=12.3, ϰ=[10.0, 9.3, 6.9, 10.0, 10.2], ∫ϰ²/L>=[16.6, 17.2, 13.3, 19.0, 19.7], C-C-Sep=0.08, ║∇J║=5.3e-04
Iteration 871/2000-----
currents: [100000.0, 99999.99999044223, 99999.99999031243, 99999.99998785816, 99999.99998850962]
J=1.2e-04, ⟨Jf⟩=1.1e-04, ⟨B·n⟩=3.1e-03, Len=sum([2.4, 2.4, 2.4, 2.5, 2.6])=12.3, ϰ=[10.0, 9.3, 6.9, 9.9, 10.1], ∫ϰ²/L>=[16.6, 17.2, 13.3, 19.0, 19.7], C-C-Sep=0.08, ║∇J║=4.7e-04
Iteration 872/2000-----
currents: [100000.0, 99999.99999032539, 99999.99999019486, 99999.99998770471, 99999.9999883658]
J=1.2e-04, ⟨Jf⟩=1.1e-04, ⟨B·n⟩=3.1e-03, Len=sum([2.4, 2.4, 2.4, 2.5, 2.6])=12.3, ϰ=[10.1, 9.2, 6.9, 9.8, 10.1], ∫ϰ²/L>=[16.7, 17.3, 13.3, 19.0, 19.7], C-C-Sep=0.08, ║∇J║=6.2e-04
Iteration 873/2000-----
currents: [100000.0, 99999.99999038604, 99999.99999025589, 99999.99998778437, 99999.99998844045]
J=1.2e-04, ⟨Jf⟩=1.1e-04, ⟨B·n⟩=3.1e-03, Len=sum([2.4, 2.4, 2.4, 2.5, 2.6])=12.3, ϰ=[10.0, 9.3, 6.9, 9.9, 10.1], ∫ϰ²/L>=[16.6, 17.2, 13.3, 18.9, 19.7], C-C-Sep=0.08, ║∇J║=4.7e-04
Iteration 874/2000-----
currents: [100000.0, 99999.99999037599, 99999.99999024585, 99999.99998777114, 99999.9999884282]
J=1.2e-04, ⟨Jf⟩=1.1e-04, ⟨B·n⟩=3.1e-03, Len=sum([2.4, 2.4, 2.4, 2.5, 2.6])=12.3, ϰ=[10.0, 9.2, 6.9, 9.9, 10.1], ∫ϰ²/L>=[16.6, 17.2, 13.3, 18.9, 19.7], C-C-Sep=0.08, ║∇J║=8.1e-04
Iteration 875/2000-----
currents: [100000.0, 99999.99999037117, 99999.99999024095, 99999.99998776475, 99999.99998842219]
J=1.2e-04, ⟨Jf⟩=1.1e-04, ⟨B·n⟩=3.1e-03, Len=sum([2.4, 2.4, 2.4, 2.5, 2.6])=12.3, ϰ=[10.1, 9.2, 6.9, 9.9, 10.1], ∫ϰ²/L>=[16.6, 17.2, 13.3, 18.9, 19.7], C-C-Sep=0.08, ║∇J║=4.5e-04
Iteration 876/2000-----
currents: [100000.0, 99999.99999035767, 99999.99999022737, 99999.99998774697, 99999.99998840551]
J=1.2e-04, ⟨Jf⟩=1.1e-04, ⟨B·n⟩=3.1e-03, Len=sum([2.4, 2.4, 2.4, 2.5, 2.6])=12.3, ϰ=[10.1, 9.2, 6.9, 9.9, 10.1], ∫ϰ²/L>=[16.6, 17.3, 13.3, 18.9, 19.7], C-C-Sep=0.08, ║∇J║=3.8e-04
Iteration 877/2000-----
currents: [100000.0, 99999.99999034392, 99999.99999021358, 99999.99998772884, 99999.99998838856]
J=1.2e-04, ⟨Jf⟩=1.1e-04, ⟨B·n⟩=3.1e-03, Len=sum([2.4, 2.4, 2.4, 2.5, 2.6])=12.3, ϰ=[10.1, 9.2, 6.9, 9.9, 10.1], ∫ϰ²/L>=[16.6, 17.3, 13.3, 18.9, 19.7], C-C-Sep=0.08, ║∇J║=5.4e-04
Iteration 878/2000-----
currents: [100000.0, 99999.99999032721, 99999.99999019683, 99999.9999877068, 99999.99998836794]
J=1.2e-04, ⟨Jf⟩=1.1e-04, ⟨B·n⟩=3.1e-03, Len=sum([2.4, 2.4, 2.4, 2.5, 2.6])=12.3, ϰ=[10.1, 9.2, 6.9, 9.9, 10.0], ∫ϰ²/L>=[16.6, 17.3, 13.3, 18.9, 19.7], C-C-Sep=0.08, ║∇J║=4.1e-04
Iteration 879/2000-----
currents: [100000.0, 99999.99999030789, 99999.99999017749, 99999.99998768148, 99999.99998834428]
J=1.2e-04, ⟨Jf⟩=1.1e-04, ⟨B·n⟩=3.1e-03, Len=sum([2.4, 2.4, 2.4, 2.5, 2.6])=12.3, ϰ=[10.1, 9.2, 6.9, 9.9, 10.1], ∫ϰ²/L>=[16.6, 17.3, 13.3, 18.9, 19.7], C-C-Sep=0.08, ║∇J║=4.1e-04
Iteration 880/2000-----
currents: [100000.0, 99999.99999026305, 99999.99999013255, 99999.9999876226, 99999.99998828916]
J=1.2e-04, ⟨Jf⟩=1.1e-04, ⟨B·n⟩=3.1e-03, Len=sum([2.4, 2.4, 2.4, 2.5, 2.6])=12.3, ϰ=[10.0, 9.2, 6.8, 9.8, 10.0], ∫ϰ²/L>=[16.6, 17.3, 13.3, 18.9, 19.7], C-C-Sep=0.08, ║∇J║=5.1e-04
Iteration 881/2000-----
currents: [100000.0, 99999.99999022044, 99999.99999008985, 99999.99998756686, 99999.99998823697]
J=1.2e-04, ⟨Jf⟩=1.1e-04, ⟨B·n⟩=3.1e-03, Len=sum([2.4, 2.4, 2.4, 2.5, 2.6])=12.3, ϰ=[10.1, 9.2, 6.9, 9.8, 10.1], ∫ϰ²/L>=[16.6, 17.2, 13.3, 18.9, 19.7], C-C-Sep=0.08, ║∇J║=5.2e-04
Iteration 882/2000-----
currents: [100000.0, 99999.99999020054, 99999.9999900699, 99999.99998754077, 99999.99998821257]
J=1.2e-04, ⟨Jf⟩=1.1e-04, ⟨B·n⟩=3.1e-03, Len=sum([2.4, 2.4, 2.4, 2.5, 2.6])=12.3, ϰ=[10.0, 9.2, 6.9, 9.8, 10.0], ∫ϰ²/L>=[16.6, 17.3, 13.3, 18.9, 19.7], C-C-Sep=0.08, ║∇J║=4.6e-04
Iteration 883/2000-----
currents: [100000.0, 99999.99999020116, 99999.99999007059, 99999.99998754168, 99999.99998821343]
J=1.2e-04, ⟨Jf⟩=1.1e-04, ⟨B·n⟩=3.1e-03, Len=sum([2.4, 2.4, 2.4, 2.5, 2.6])=12.3, ϰ=[10.1, 9.2, 6.9, 9.8, 10.1], ∫ϰ²/L>=[16.6, 17.3, 13.3, 18.9, 19.7], C-C-Sep=0.08, ║∇J║=4.8e-04
Iteration 884/2000-----
currents: [100000.0, 99999.9999901754, 99999.99999004474, 99999.99998750805, 99999.99998818191]
J=1.2e-04, ⟨Jf⟩=1.1e-04, ⟨B·n⟩=3.1e-03, Len=sum([2.4, 2.4, 2.4, 2.5, 2.6])=12.3, ϰ=[10.1, 9.2, 7.0, 9.8, 10.1], ∫ϰ²/L>=[16.6, 17.3, 13.3, 18.9, 19.7], C-C-Sep=0.08, ║∇J║=4.4e-04
Iteration 885/2000-----
currents: [100000.0, 99999.99999018163, 99999.99999005107, 99999.99998751639, 99999.9999881897]
J=1.2e-04, ⟨Jf⟩=1.1e-04, ⟨B·n⟩=3.1e-03, Len=sum([2.4, 2.4, 2.4, 2.5, 2.6])=12.3, ϰ=[10.1, 9.2, 6.9, 9.8, 10.1], ∫ϰ²/L>=[16.6, 17.3, 13.3, 18.9, 19.7], C-C-Sep=0.08, ║∇J║=4.6e-04
Iteration 886/2000-----
currents: [100000.0, 99999.99999015513, 99999.99999002452, 99999.99998748166, 99999.99998815714]
J=1.2e-04, ⟨Jf⟩=1.1e-04, ⟨B·n⟩=3.1e-03, Len=sum([2.4, 2.4, 2.4, 2.5, 2.6])=12.3, ϰ=[10.1, 9.2, 6.9, 9.9, 10.1], ∫ϰ²/L>=[16.6, 17.3, 13.3, 18.9, 19.7], C-C-Sep=0.08, ║∇J║=4.0e-04
Iteration 887/2000-----
currents: [100000.0, 99999.99999014582, 99999.99999001517, 99999.9999874694, 99999.99998814568]
J=1.2e-04, ⟨Jf⟩=1.1e-04, ⟨B·n⟩=3.1e-03, Len=sum([2.4, 2.4, 2.4, 2.5, 2.6])=12.3, ϰ=[10.1, 9.2, 6.9, 9.9, 10.1], ∫ϰ²/L>=[16.6, 17.3, 13.3, 18.9, 19.7], C-C-Sep=0.08, ║∇J║=4.2e-04
Iteration 888/2000-----
currents: [100000.0, 99999.99999012573, 99999.99998999499, 99999.99998744293, 99999.99998812088]
J=1.2e-04, ⟨Jf⟩=1.1e-04, ⟨B·n⟩=3.1e-03, Len=sum([2.4, 2.4, 2.4, 2.5, 2.6])=12.3, ϰ=[10.1, 9.2, 6.9, 9.9, 10.1], ∫ϰ²/L>=[16.6, 17.3, 13.3, 18.9, 19.7], C-C-Sep=0.08, ║∇J║=4.2e-04
Iteration 889/2000-----
currents: [100000.0, 99999.99999009352, 99999.99998996279, 99999.99998740072, 99999.99998808127]
J=1.2e-04, ⟨Jf⟩=1.1e-04, ⟨B·n⟩=3.1e-03, Len=sum([2.4, 2.4, 2.4, 2.5, 2.6])=12.3, ϰ=[10.0, 9.2, 6.9, 9.8, 10.1], ∫ϰ²/L>=[16.6, 17.3, 13.3, 18.9, 19.7], C-C-Sep=0.08, ║∇J║=4.3e-04
Iteration 890/2000-----
currents: [100000.0, 99999.99999005772, 99999.9999899269, 99999.99998735385, 99999.9999880373]
J=1.2e-04, ⟨Jf⟩=1.1e-04, ⟨B·n⟩=3.1e-03, Len=sum([2.4, 2.4, 2.4, 2.5, 2.6])=12.3, ϰ=[10.0, 9.3, 7.0, 9.8, 10.1], ∫ϰ²/L>=[16.6, 17.3, 13.3, 18.9, 19.7], C-C-Sep=0.08, ║∇J║=4.4e-04
Iteration 891/2000-----
currents: [100000.0, 99999.99999002203, 99999.99998989113, 99999.99998730712, 99999.9999879935]
J=1.2e-04, ⟨Jf⟩=1.1e-04, ⟨B·n⟩=3.1e-03, Len=sum([2.4, 2.4, 2.4, 2.5, 2.6])=12.3, ϰ=[10.0, 9.3, 7.0, 9.8, 10.1], ∫ϰ²/L>=[16.6, 17.2, 13.3, 18.9, 19.7], C-C-Sep=0.08, ║∇J║=4.1e-04
Iteration 892/2000-----
currents: [100000.0, 99999.9999899364, 99999.99998980529, 99999.99998719504, 99999.99998788846]
J=1.2e-04, ⟨Jf⟩=1.1e-04, ⟨B·n⟩=3.1e-03, Len=sum([2.4, 2.4, 2.4, 2.5, 2.6])=12.3, ϰ=[10.1, 9.2, 7.1, 9.8, 10.1], ∫ϰ²/L>=[16.6, 17.3, 13.4, 18.9, 19.7], C-C-Sep=0.08, ║∇J║=5.6e-04
Iteration 893/2000-----
currents: [100000.0, 99999.99998995685, 99999.99998982598, 99999.99998722212, 99999.99998791375]
J=1.2e-04, ⟨Jf⟩=1.1e-04, ⟨B·n⟩=3.1e-03, Len=sum([2.4, 2.4, 2.4, 2.5, 2.6])=12.3, ϰ=[10.1, 9.2, 7.1, 9.8, 10.2], ∫ϰ²/L>=[16.5, 17.2, 13.3, 18.9, 19.8], C-C-Sep=0.08, ║∇J║=8.4e-04
Iteration 894/2000-----
currents: [100000.0, 99999.99998994119, 99999.99998981027, 99999.99998720156, 99999.99998789444]
J=1.2e-04, ⟨Jf⟩=1.1e-04, ⟨B·n⟩=3.1e-03, Len=sum([2.4, 2.4, 2.4, 2.5, 2.6])=12.3, ϰ=[10.1, 9.2, 7.0, 9.8, 10.2], ∫ϰ²/L>=[16.5, 17.2, 13.3, 18.9, 19.8], C-C-Sep=0.08, ║∇J║=5.7e-04
Iteration 895/2000-----
currents: [100000.0, 99999.9999899188, 99999.9999897878, 99999.99998717214, 99999.99998786686]
J=1.2e-04, ⟨Jf⟩=1.1e-04, ⟨B·n⟩=3.1e-03, Len=sum([2.4, 2.4, 2.4, 2.5, 2.6])=12.3, ϰ=[10.1, 9.2, 7.0, 9.8, 10.2], ∫ϰ²/L>=[16.6, 17.2, 13.3, 18.9, 19.7], C-C-Sep=0.08, ║∇J║=4.7e-04
Iteration 896/2000-----
currents: [100000.0, 99999.99998989052, 99999.99998975954, 99999.99998713516, 99999.99998783221]
J=1.2e-04, ⟨Jf⟩=1.1e-04, ⟨B·n⟩=3.1e-03, Len=sum([2.4, 2.4, 2.4, 2.5, 2.6])=12.3, ϰ=[10.1, 9.2, 7.0, 9.8, 10.2], ∫ϰ²/L>=[16.6, 17.2, 13.3, 18.9, 19.8], C-C-Sep=0.08, ║∇J║=4.2e-04
Iteration 897/2000-----
currents: [100000.0, 99999.99998985822, 99999.9999897273, 99999.99998709295, 99999.99998779266]
J=1.2e-04, ⟨Jf⟩=1.1e-04, ⟨B·n⟩=3.1e-03, Len=sum([2.4, 2.4, 2.4, 2.5, 2.6])=12.3, ϰ=[10.1, 9.2, 7.0, 9.8, 10.2], ∫ϰ²/L>=[16.6, 17.2, 13.3, 18.9, 19.8], C-C-Sep=0.08, ║∇J║=4.0e-04
Iteration 898/2000-----
currents: [100000.0, 99999.99998980461, 99999.99998967368, 99999.9999870227, 99999.99998772683]
J=1.2e-04, ⟨Jf⟩=1.1e-04, ⟨B·n⟩=3.1e-03, Len=sum([2.4, 2.4, 2.4, 2.5, 2.6])=12.3, ϰ=[10.1, 9.2, 7.0, 9.7, 10.2], ∫ϰ²/L>=[16.6, 17.2, 13.3, 18.9, 19.8], C-C-Sep=0.08, ║∇J║=5.5e-04
Iteration 899/2000-----
currents: [100000.0, 99999.99998973588, 99999.99998960482, 99999.99998693261, 99999.9999876425]
J=1.2e-04, ⟨Jf⟩=1.1e-04, ⟨B·n⟩=3.1e-03, Len=sum([2.4, 2.4, 2.4, 2.5, 2.6])=12.3, ϰ=[10.1, 9.2, 7.0, 9.7, 10.2], ∫ϰ²/L>=[16.6, 17.2, 13.3, 18.9, 19.8], C-C-Sep=0.08, ║∇J║=5.6e-04
Iteration 900/2000-----
currents: [100000.0, 99999.99998973677, 99999.99998960564, 99999.99998693366, 99999.99998764359]
J=1.2e-04, ⟨Jf⟩=1.1e-04, ⟨B·n⟩=3.1e-03, Len=sum([2.4, 2.4, 2.4, 2.5, 2.6])=12.3, ϰ=[10.1, 9.1, 7.0, 9.7, 10.2], ∫ϰ²/L>=[16.6, 17.2, 13.3, 18.9, 19.8], C-C-Sep=0.08, ║∇J║=4.7e-04
Iteration 901/2000-----
currents: [100000.0, 99999.99998971903, 99999.99998958776, 99999.99998691026, 99999.99998762166]
J=1.2e-04, ⟨Jf⟩=1.1e-04, ⟨B·n⟩=3.1e-03, Len=sum([2.4, 2.4, 2.4, 2.5, 2.6])=12.3, ϰ=[10.1, 9.1, 6.9, 9.7, 10.2], ∫ϰ²/L>=[16.6, 17.2, 13.3, 18.9, 19.8], C-C-Sep=0.08, ║∇J║=5.7e-04
Iteration 902/2000-----
currents: [100000.0, 99999.99998970576, 99999.99998957438, 99999.99998689281, 99999.9999876054]
J=1.2e-04, ⟨Jf⟩=1.1e-04, ⟨B·n⟩=3.1e-03, Len=sum([2.4, 2.4, 2.4, 2.5, 2.6])=12.3, ϰ=[10.0, 9.1, 6.9, 9.7, 10.2], ∫ϰ²/L>=[16.6, 17.2, 13.3, 18.9, 19.7], C-C-Sep=0.08, ║∇J║=7.1e-04
Iteration 903/2000-----
currents: [100000.0, 99999.99998967869, 99999.99998954724, 99999.99998685738, 99999.9999875723]
J=1.2e-04, ⟨Jf⟩=1.1e-04, ⟨B·n⟩=3.1e-03, Len=sum([2.4, 2.4, 2.4, 2.5, 2.6])=12.3, ϰ=[10.1, 9.1, 7.0, 9.7, 10.2], ∫ϰ²/L>=[16.6, 17.2, 13.3, 18.9, 19.8], C-C-Sep=0.08, ║∇J║=4.7e-04
Iteration 904/2000-----
currents: [100000.0, 99999.99998964409, 99999.99998951274, 99999.99998681233, 99999.99998753007]
J=1.2e-04, ⟨Jf⟩=1.1e-04, ⟨B·n⟩=3.1e-03, Len=sum([2.4, 2.4, 2.4, 2.5, 2.6])=12.3, ϰ=[10.0, 9.1, 7.0, 9.7, 10.2], ∫ϰ²/L>=[16.6, 17.2, 13.3, 18.9, 19.8], C-C-Sep=0.08, ║∇J║=4.4e-04
Iteration 905/2000-----
currents: [100000.0, 99999.99998961593, 99999.99998948451, 99999.99998677542, 99999.99998749555]
J=1.2e-04, ⟨Jf⟩=1.1e-04, ⟨B·n⟩=3.1e-03, Len=sum([2.4, 2.4, 2.4, 2.5, 2.6])=12.3, ϰ=[10.0, 9.1, 7.0, 9.8, 10.2], ∫ϰ²/L>=[16.6, 17.2, 13.3, 18.9, 19.8], C-C-Sep=0.08, ║∇J║=4.7e-04
Iteration 906/2000-----
currents: [100000.0, 99999.99998956911, 99999.99998943767, 99999.99998671409, 99999.99998743819]
J=1.2e-04, ⟨Jf⟩=1.1e-04, ⟨B·n⟩=3.1e-03, Len=sum([2.4, 2.4, 2.4, 2.5, 2.6])=12.3, ϰ=[10.0, 9.1, 7.0, 9.8, 10.2], ∫ϰ²/L>=[16.6, 17.2, 13.3, 18.9, 19.8], C-C-Sep=0.08, ║∇J║=4.1e-04
Iteration 907/2000-----
currents: [100000.0, 99999.99998953349, 99999.99998940207, 99999.99998666745, 99999.99998739455]
J=1.2e-04, ⟨Jf⟩=1.1e-04, ⟨B·n⟩=3.1e-03, Len=sum([2.4, 2.4, 2.4, 2.5, 2.6])=12.3, ϰ=[10.0, 9.1, 7.0, 9.8, 10.2], ∫ϰ²/L>=[16.6, 17.2, 13.3, 18.9, 19.8], C-C-Sep=0.08, ║∇J║=4.9e-04
Iteration 908/2000-----
currents: [100000.0, 99999.9999895007, 99999.99998936933, 99999.9999866245, 99999.99998735436]
J=1.2e-04, ⟨Jf⟩=1.1e-04, ⟨B·n⟩=3.1e-03, Len=sum([2.4, 2.4, 2.4, 2.5, 2.6])=12.3, ϰ=[10.0, 9.1, 6.9, 9.8, 10.3], ∫ϰ²/L>=[16.6, 17.3, 13.3, 18.9, 19.8], C-C-Sep=0.08, ║∇J║=6.4e-04
Iteration 909/2000-----
currents: [100000.0, 99999.99998954067, 99999.99998940936, 99999.99998667685, 99999.99998740345]
J=1.2e-04, ⟨Jf⟩=1.1e-04, ⟨B·n⟩=3.1e-03, Len=sum([2.4, 2.4, 2.4, 2.5, 2.6])=12.3, ϰ=[10.0, 9.2, 6.9, 9.8, 10.3], ∫ϰ²/L>=[16.5, 17.3, 13.3, 18.9, 19.8], C-C-Sep=0.08, ║∇J║=5.8e-04
Iteration 910/2000-----
currents: [100000.0, 99999.99998948537, 99999.99998935389, 99999.99998660434, 99999.99998733558]
J=1.2e-04, ⟨Jf⟩=1.1e-04, ⟨B·n⟩=3.1e-03, Len=sum([2.4, 2.4, 2.4, 2.5, 2.6])=12.3, ϰ=[10.0, 9.2, 6.9, 9.8, 10.3], ∫ϰ²/L>=[16.6, 17.3, 13.3, 18.9, 19.8], C-C-Sep=0.08, ║∇J║=7.3e-04
Iteration 911/2000-----
currents: [100000.0, 99999.99998949128, 99999.99998935986, 99999.9999866122, 99999.99998734293]
J=1.2e-04, ⟨Jf⟩=1.1e-04, ⟨B·n⟩=3.1e-03, Len=sum([2.4, 2.4, 2.4, 2.5, 2.6])=12.3, ϰ=[10.0, 9.2, 6.9, 9.8, 10.3], ∫ϰ²/L>=[16.6, 17.3, 13.3, 18.9, 19.8], C-C-Sep=0.08, ║∇J║=3.8e-04
Iteration 912/2000-----
currents: [100000.0, 99999.99998948108, 99999.99998934964, 99999.99998659888, 99999.99998733055]
J=1.2e-04, ⟨Jf⟩=1.1e-04, ⟨B·n⟩=3.1e-03, Len=sum([2.4, 2.4, 2.4, 2.5, 2.6])=12.3, ϰ=[10.0, 9.2, 6.9, 9.8, 10.3], ∫ϰ²/L>=[16.5, 17.3, 13.3, 18.9, 19.8], C-C-Sep=0.08, ║∇J║=3.5e-04
Iteration 913/2000-----
currents: [100000.0, 99999.9999894556, 99999.99998932415, 99999.99998656561, 99999.99998729952]
J=1.2e-04, ⟨Jf⟩=1.1e-04, ⟨B·n⟩=3.1e-03, Len=sum([2.4, 2.4, 2.4, 2.5, 2.6])=12.3, ϰ=[10.0, 9.2, 6.9, 9.9, 10.3], ∫ϰ²/L>=[16.5, 17.3, 13.3, 18.9, 19.8], C-C-Sep=0.08, ║∇J║=4.3e-04
Iteration 914/2000-----
currents: [100000.0, 99999.99998940309, 99999.99998927151, 99999.99998649681, 99999.99998723522]
J=1.2e-04, ⟨Jf⟩=1.1e-04, ⟨B·n⟩=3.1e-03, Len=sum([2.4, 2.4, 2.4, 2.5, 2.6])=12.3, ϰ=[10.0, 9.2, 6.9, 9.9, 10.4], ∫ϰ²/L>=[16.5, 17.3, 13.3, 19.0, 19.9], C-C-Sep=0.08, ║∇J║=5.2e-04
Iteration 915/2000-----
currents: [100000.0, 99999.99998937726, 99999.99998924565, 99999.99998646295, 99999.99998720351]
J=1.2e-04, ⟨Jf⟩=1.1e-04, ⟨B·n⟩=3.0e-03, Len=sum([2.4, 2.4, 2.4, 2.5, 2.6])=12.3, ϰ=[10.0, 9.2, 6.9, 9.9, 10.4], ∫ϰ²/L>=[16.6, 17.3, 13.3, 19.0, 19.9], C-C-Sep=0.08, ║∇J║=5.4e-04
Iteration 916/2000-----
currents: [100000.0, 99999.99998937367, 99999.99998924206, 99999.99998645824, 99999.99998719907]
J=1.2e-04, ⟨Jf⟩=1.1e-04, ⟨B·n⟩=3.0e-03, Len=sum([2.4, 2.4, 2.4, 2.5, 2.6])=12.3, ϰ=[10.0, 9.2, 6.9, 9.9, 10.4], ∫ϰ²/L>=[16.5, 17.3, 13.3, 19.0, 19.9], C-C-Sep=0.08, ║∇J║=3.8e-04
Iteration 917/2000-----
currents: [100000.0, 99999.99998936629, 99999.99998923468, 99999.99998644854, 99999.99998718998]
J=1.2e-04, ⟨Jf⟩=1.1e-04, ⟨B·n⟩=3.1e-03, Len=sum([2.4, 2.4, 2.4, 2.5, 2.6])=12.3, ϰ=[10.0, 9.2, 6.9, 9.9, 10.4], ∫ϰ²/L>=[16.5, 17.3, 13.3, 19.0, 19.9], C-C-Sep=0.08, ║∇J║=3.3e-04
Iteration 918/2000-----
currents: [100000.0, 99999.9999893308, 99999.9999891992, 99999.99998640205, 99999.99998714635]
J=1.2e-04, ⟨Jf⟩=1.1e-04, ⟨B·n⟩=3.0e-03, Len=sum([2.4, 2.4, 2.4, 2.5, 2.6])=12.3, ϰ=[10.0, 9.2, 6.9, 9.9, 10.4], ∫ϰ²/L>=[16.5, 17.3, 13.3, 19.0, 19.9], C-C-Sep=0.08, ║∇J║=5.0e-04
Iteration 919/2000-----
currents: [100000.0, 99999.99998932153, 99999.99998918988, 99999.99998638994, 99999.99998713503]
J=1.2e-04, ⟨Jf⟩=1.1e-04, ⟨B·n⟩=3.1e-03, Len=sum([2.4, 2.4, 2.4, 2.5, 2.6])=12.3, ϰ=[10.0, 9.2, 6.8, 9.9, 10.4], ∫ϰ²/L>=[16.5, 17.4, 13.3, 19.0, 19.9], C-C-Sep=0.08, ║∇J║=4.7e-04
Iteration 920/2000-----
currents: [100000.0, 99999.99998932335, 99999.99998919165, 99999.99998639239, 99999.99998713731]
J=1.2e-04, ⟨Jf⟩=1.1e-04, ⟨B·n⟩=3.1e-03, Len=sum([2.4, 2.4, 2.4, 2.5, 2.6])=12.3, ϰ=[10.0, 9.2, 6.9, 9.9, 10.4], ∫ϰ²/L>=[16.5, 17.4, 13.3, 19.0, 19.8], C-C-Sep=0.08, ║∇J║=4.2e-04
Iteration 921/2000-----
currents: [100000.0, 99999.99998929747, 99999.99998916578, 99999.99998635861, 99999.99998710568]
J=1.2e-04, ⟨Jf⟩=1.1e-04, ⟨B·n⟩=3.1e-03, Len=sum([2.4, 2.4, 2.4, 2.5, 2.6])=12.3, ϰ=[10.0, 9.2, 6.9, 10.0, 10.4], ∫ϰ²/L>=[16.5, 17.4, 13.3, 19.0, 19.8], C-C-Sep=0.08, ║∇J║=4.1e-04
Iteration 922/2000-----
currents: [100000.0, 99999.99998930098, 99999.99998916929, 99999.99998636334, 99999.99998710999]
J=1.2e-04, ⟨Jf⟩=1.1e-04, ⟨B·n⟩=3.1e-03, Len=sum([2.4, 2.4, 2.4, 2.5, 2.6])=12.3, ϰ=[10.0, 9.2, 6.9, 10.0, 10.3], ∫ϰ²/L>=[16.5, 17.3, 13.3, 19.0, 19.8], C-C-Sep=0.08, ║∇J║=4.6e-04
Iteration 923/2000-----
currents: [100000.0, 99999.99998928081, 99999.99998914906, 99999.99998633696, 99999.99998708528]
J=1.2e-04, ⟨Jf⟩=1.1e-04, ⟨B·n⟩=3.1e-03, Len=sum([2.4, 2.4, 2.4, 2.5, 2.6])=12.3, ϰ=[10.0, 9.2, 6.9, 10.0, 10.3], ∫ϰ²/L>=[16.5, 17.3, 13.2, 19.0, 19.8], C-C-Sep=0.08, ║∇J║=4.3e-04
Iteration 924/2000-----
currents: [100000.0, 99999.99998925207, 99999.9999891203, 99999.99998629937, 99999.9999870501]
J=1.2e-04, ⟨Jf⟩=1.1e-04, ⟨B·n⟩=3.1e-03, Len=sum([2.4, 2.4, 2.4, 2.5, 2.6])=12.3, ϰ=[10.0, 9.2, 6.9, 10.0, 10.3], ∫ϰ²/L>=[16.5, 17.3, 13.2, 19.0, 19.9], C-C-Sep=0.08, ║∇J║=4.1e-04
Iteration 925/2000-----
currents: [100000.0, 99999.99998921726, 99999.99998908555, 99999.99998625394, 99999.99998700753]
J=1.2e-04, ⟨Jf⟩=1.1e-04, ⟨B·n⟩=3.1e-03, Len=sum([2.4, 2.4, 2.4, 2.5, 2.6])=12.3, ϰ=[10.0, 9.2, 6.9, 10.0, 10.3], ∫ϰ²/L>=[16.5, 17.3, 13.2, 19.0, 19.9], C-C-Sep=0.08, ║∇J║=5.0e-04
Iteration 926/2000-----
currents: [100000.0, 99999.9999891899, 99999.99998905814, 99999.99998621813, 99999.99998697414]
J=1.2e-04, ⟨Jf⟩=1.1e-04, ⟨B·n⟩=3.1e-03, Len=sum([2.4, 2.4, 2.4, 2.5, 2.6])=12.3, ϰ=[9.9, 9.2, 6.9, 10.0, 10.3], ∫ϰ²/L>=[16.5, 17.3, 13.2, 19.0, 19.9], C-C-Sep=0.08, ║∇J║=4.4e-04
Iteration 927/2000-----
currents: [100000.0, 99999.99998912268, 99999.99998899085, 99999.99998613022, 99999.99998689204]
J=1.2e-04, ⟨Jf⟩=1.1e-04, ⟨B·n⟩=3.0e-03, Len=sum([2.4, 2.4, 2.4, 2.5, 2.6])=12.3, ϰ=[10.0, 9.2, 6.9, 10.0, 10.4], ∫ϰ²/L>=[16.6, 17.3, 13.2, 19.0, 19.9], C-C-Sep=0.08, ║∇J║=6.0e-04
Iteration 928/2000-----
currents: [100000.0, 99999.99998914046, 99999.99998900873, 99999.99998615355, 99999.999986914]
J=1.2e-04, ⟨Jf⟩=1.1e-04, ⟨B·n⟩=3.0e-03, Len=sum([2.4, 2.4, 2.4, 2.5, 2.6])=12.3, ϰ=[10.0, 9.2, 6.9, 10.0, 10.3], ∫ϰ²/L>=[16.5, 17.3, 13.2, 19.0, 19.9], C-C-Sep=0.08, ║∇J║=5.9e-04
Iteration 929/2000-----
currents: [100000.0, 99999.99998910427, 99999.99998897246, 99999.9999861062, 99999.99998686975]
J=1.2e-04, ⟨Jf⟩=1.1e-04, ⟨B·n⟩=3.0e-03, Len=sum([2.4, 2.4, 2.4, 2.5, 2.6])=12.3, ϰ=[10.0, 9.2, 6.9, 10.0, 10.3], ∫ϰ²/L>=[16.6, 17.3, 13.2, 19.0, 19.9], C-C-Sep=0.08, ║∇J║=6.2e-04
Iteration 930/2000-----
currents: [100000.0, 99999.9999891067, 99999.99998897487, 99999.99998610934, 99999.99998687266]
J=1.2e-04, ⟨Jf⟩=1.1e-04, ⟨B·n⟩=3.1e-03, Len=sum([2.4, 2.4, 2.4, 2.5, 2.6])=12.3, ϰ=[10.0, 9.2, 6.9, 9.9, 10.3], ∫ϰ²/L>=[16.6, 17.3, 13.2, 19.0, 19.9], C-C-Sep=0.08, ║∇J║=5.4e-04
Iteration 931/2000-----
currents: [100000.0, 99999.99998908666, 99999.9999889548, 99999.99998608312, 99999.99998684811]
J=1.2e-04, ⟨Jf⟩=1.1e-04, ⟨B·n⟩=3.1e-03, Len=sum([2.4, 2.4, 2.4, 2.5, 2.6])=12.3, ϰ=[10.0, 9.2, 6.9, 9.9, 10.3], ∫ϰ²/L>=[16.6, 17.3, 13.2, 19.0, 19.9], C-C-Sep=0.08, ║∇J║=3.9e-04
Iteration 932/2000-----
currents: [100000.0, 99999.99998906015, 99999.99998892825, 99999.99998604838, 99999.99998681566]
J=1.2e-04, ⟨Jf⟩=1.1e-04, ⟨B·n⟩=3.1e-03, Len=sum([2.4, 2.4, 2.4, 2.5, 2.6])=12.3, ϰ=[10.0, 9.2, 6.9, 9.9, 10.3], ∫ϰ²/L>=[16.6, 17.3, 13.2, 19.0, 19.9], C-C-Sep=0.08, ║∇J║=4.2e-04
Iteration 933/2000-----
currents: [100000.0, 99999.99998902272, 99999.99998889072, 99999.99998599933, 99999.9999867697]
J=1.2e-04, ⟨Jf⟩=1.1e-04, ⟨B·n⟩=3.0e-03, Len=sum([2.4, 2.4, 2.4, 2.5, 2.6])=12.3, ϰ=[10.0, 9.2, 6.9, 9.8, 10.3], ∫ϰ²/L>=[16.6, 17.3, 13.2, 19.0, 19.9], C-C-Sep=0.08, ║∇J║=5.2e-04
Iteration 934/2000-----
currents: [100000.0, 99999.99998897292, 99999.99998884085, 99999.9999859341, 99999.99998670863]
J=1.2e-04, ⟨Jf⟩=1.1e-04, ⟨B·n⟩=3.0e-03, Len=sum([2.4, 2.4, 2.4, 2.5, 2.6])=12.3, ϰ=[10.0, 9.2, 6.9, 9.8, 10.3], ∫ϰ²/L>=[16.6, 17.3, 13.2, 19.0, 19.9], C-C-Sep=0.08, ║∇J║=5.2e-04
Iteration 935/2000-----
currents: [100000.0, 99999.99998894225, 99999.99998881012, 99999.99998589382, 99999.99998667082]
J=1.2e-04, ⟨Jf⟩=1.1e-04, ⟨B·n⟩=3.0e-03, Len=sum([2.4, 2.4, 2.4, 2.5, 2.6])=12.3, ϰ=[10.0, 9.3, 6.8, 9.9, 10.3], ∫ϰ²/L>=[16.7, 17.3, 13.2, 19.0, 19.9], C-C-Sep=0.08, ║∇J║=4.9e-04
Iteration 936/2000-----
currents: [100000.0, 99999.9999889477, 99999.99998881553, 99999.99998590082, 99999.99998667727]
J=1.2e-04, ⟨Jf⟩=1.1e-04, ⟨B·n⟩=3.0e-03, Len=sum([2.4, 2.4, 2.4, 2.5, 2.6])=12.3, ϰ=[10.0, 9.3, 6.8, 9.9, 10.3], ∫ϰ²/L>=[16.6, 17.3, 13.2, 19.0, 19.9], C-C-Sep=0.08, ║∇J║=4.1e-04
Iteration 937/2000-----
currents: [100000.0, 99999.99998894031, 99999.99998880805, 99999.99998589106, 99999.99998666815]
J=1.2e-04, ⟨Jf⟩=1.1e-04, ⟨B·n⟩=3.0e-03, Len=sum([2.4, 2.4, 2.4, 2.5, 2.6])=12.3, ϰ=[10.0, 9.3, 6.8, 9.9, 10.3], ∫ϰ²/L>=[16.6, 17.3, 13.2, 19.0, 19.9], C-C-Sep=0.08, ║∇J║=3.6e-04
Iteration 938/2000-----
currents: [100000.0, 99999.99998891291, 99999.99998878055, 99999.99998585507, 99999.99998663444]
J=1.2e-04, ⟨Jf⟩=1.1e-04, ⟨B·n⟩=3.0e-03, Len=sum([2.4, 2.4, 2.4, 2.5, 2.6])=12.3, ϰ=[9.9, 9.3, 6.8, 9.9, 10.3], ∫ϰ²/L>=[16.6, 17.3, 13.2, 19.0, 19.9], C-C-Sep=0.08, ║∇J║=3.8e-04
Iteration 939/2000-----
currents: [100000.0, 99999.99998889088, 99999.99998875831, 99999.999985826, 99999.99998660728]
J=1.2e-04, ⟨Jf⟩=1.1e-04, ⟨B·n⟩=3.0e-03, Len=sum([2.4, 2.4, 2.4, 2.5, 2.6])=12.3, ϰ=[9.9, 9.3, 6.8, 9.9, 10.3], ∫ϰ²/L>=[16.6, 17.3, 13.2, 19.0, 19.9], C-C-Sep=0.08, ║∇J║=4.1e-04
Iteration 940/2000-----
currents: [100000.0, 99999.99998884201, 99999.99998870914, 99999.99998576166, 99999.99998654719]
J=1.2e-04, ⟨Jf⟩=1.1e-04, ⟨B·n⟩=3.0e-03, Len=sum([2.4, 2.4, 2.4, 2.5, 2.6])=12.3, ϰ=[9.9, 9.3, 6.8, 10.0, 10.3], ∫ϰ²/L>=[16.6, 17.3, 13.2, 19.0, 19.9], C-C-Sep=0.08, ║∇J║=7.0e-04
Iteration 941/2000-----
currents: [100000.0, 99999.99998882518, 99999.99998869216, 99999.99998573947, 99999.99998652648]
J=1.2e-04, ⟨Jf⟩=1.1e-04, ⟨B·n⟩=3.0e-03, Len=sum([2.4, 2.4, 2.4, 2.5, 2.6])=12.3, ϰ=[9.9, 9.3, 6.8, 10.0, 10.4], ∫ϰ²/L>=[16.6, 17.3, 13.2, 19.0, 19.9], C-C-Sep=0.08, ║∇J║=4.7e-04
Iteration 942/2000-----
currents: [100000.0, 99999.99998877443, 99999.99998864134, 99999.99998567293, 99999.99998646422]
J=1.2e-04, ⟨Jf⟩=1.1e-04, ⟨B·n⟩=3.0e-03, Len=sum([2.4, 2.4, 2.4, 2.5, 2.6])=12.3, ϰ=[9.9, 9.3, 6.8, 10.1, 10.4], ∫ϰ²/L>=[16.7, 17.3, 13.2, 19.0, 19.9], C-C-Sep=0.08, ║∇J║=5.7e-04
Iteration 943/2000-----
currents: [100000.0, 99999.99998878324, 99999.99998865022, 99999.99998568447, 99999.99998647501]
J=1.2e-04, ⟨Jf⟩=1.1e-04, ⟨B·n⟩=3.0e-03, Len=sum([2.4, 2.4, 2.4, 2.5, 2.6])=12.3, ϰ=[10.0, 9.3, 6.8, 10.0, 10.4], ∫ϰ²/L>=[16.6, 17.3, 13.2, 19.0, 19.9], C-C-Sep=0.08, ║∇J║=4.9e-04
Iteration 944/2000-----
currents: [100000.0, 99999.9999887498, 99999.99998861668, 99999.99998564058, 99999.99998643395]
J=1.2e-04, ⟨Jf⟩=1.1e-04, ⟨B·n⟩=3.0e-03, Len=sum([2.4, 2.4, 2.4, 2.5, 2.6])=12.3, ϰ=[9.9, 9.3, 6.8, 10.0, 10.4], ∫ϰ²/L>=[16.6, 17.3, 13.2, 19.0, 19.9], C-C-Sep=0.08, ║∇J║=5.1e-04
Iteration 945/2000-----
currents: [100000.0, 99999.99998871835, 99999.99998858511, 99999.99998559935, 99999.9999863954]
J=1.2e-04, ⟨Jf⟩=1.1e-04, ⟨B·n⟩=3.0e-03, Len=sum([2.4, 2.4, 2.4, 2.5, 2.6])=12.3, ϰ=[10.0, 9.2, 6.8, 10.0, 10.4], ∫ϰ²/L>=[16.6, 17.3, 13.2, 19.0, 20.0], C-C-Sep=0.08, ║∇J║=4.7e-04
Iteration 946/2000-----
currents: [100000.0, 99999.99998867838, 99999.99998854511, 99999.99998554705, 99999.99998634639]
J=1.2e-04, ⟨Jf⟩=1.1e-04, ⟨B·n⟩=3.0e-03, Len=sum([2.4, 2.4, 2.4, 2.5, 2.6])=12.3, ϰ=[10.0, 9.2, 6.8, 10.0, 10.4], ∫ϰ²/L>=[16.6, 17.3, 13.2, 18.9, 20.0], C-C-Sep=0.08, ║∇J║=4.4e-04
Iteration 947/2000-----
currents: [100000.0, 99999.99998868113, 99999.99998854782, 99999.99998555063, 99999.99998634965]
J=1.2e-04, ⟨Jf⟩=1.1e-04, ⟨B·n⟩=3.0e-03, Len=sum([2.4, 2.4, 2.4, 2.5, 2.6])=12.3, ϰ=[10.0, 9.2, 6.9, 10.0, 10.4], ∫ϰ²/L>=[16.6, 17.3, 13.2, 18.9, 20.0], C-C-Sep=0.08, ║∇J║=4.8e-04
Iteration 948/2000-----
currents: [100000.0, 99999.99998864502, 99999.99998851163, 99999.9999855034, 99999.99998630544]
J=1.2e-04, ⟨Jf⟩=1.1e-04, ⟨B·n⟩=3.0e-03, Len=sum([2.4, 2.4, 2.4, 2.5, 2.6])=12.3, ϰ=[10.0, 9.2, 6.9, 10.0, 10.4], ∫ϰ²/L>=[16.6, 17.3, 13.2, 18.9, 20.0], C-C-Sep=0.08, ║∇J║=4.6e-04
Iteration 949/2000-----
currents: [100000.0, 99999.99998863119, 99999.99998849783, 99999.99998548544, 99999.99998628855]
J=1.2e-04, ⟨Jf⟩=1.1e-04, ⟨B·n⟩=3.0e-03, Len=sum([2.4, 2.4, 2.4, 2.5, 2.6])=12.3, ϰ=[10.0, 9.2, 6.8, 9.9, 10.4], ∫ϰ²/L>=[16.6, 17.4, 13.2, 18.9, 19.9], C-C-Sep=0.08, ║∇J║=4.7e-04
Iteration 950/2000-----
currents: [100000.0, 99999.99998859917, 99999.99998846563, 99999.99998544341, 99999.99998624921]
J=1.2e-04, ⟨Jf⟩=1.1e-04, ⟨B·n⟩=3.0e-03, Len=sum([2.4, 2.4, 2.4, 2.5, 2.6])=12.3, ϰ=[10.0, 9.2, 6.8, 9.9, 10.4], ∫ϰ²/L>=[16.6, 17.4, 13.2, 18.9, 20.0], C-C-Sep=0.08, ║∇J║=4.2e-04
Iteration 951/2000-----
currents: [100000.0, 99999.99998857528, 99999.99998844159, 99999.99998541194, 99999.99998621977]
J=1.2e-04, ⟨Jf⟩=1.1e-04, ⟨B·n⟩=3.0e-03, Len=sum([2.4, 2.4, 2.4, 2.5, 2.6])=12.3, ϰ=[10.0, 9.1, 6.8, 9.9, 10.4], ∫ϰ²/L>=[16.6, 17.4, 13.2, 18.9, 19.9], C-C-Sep=0.08, ║∇J║=3.9e-04
Iteration 952/2000-----
currents: [100000.0, 99999.9999885476, 99999.99998841377, 99999.9999853757, 99999.99998618584]
J=1.2e-04, ⟨Jf⟩=1.1e-04, ⟨B·n⟩=3.0e-03, Len=sum([2.4, 2.4, 2.4, 2.5, 2.6])=12.3, ϰ=[10.1, 9.1, 6.7, 9.9, 10.4], ∫ϰ²/L>=[16.6, 17.4, 13.2, 18.9, 19.9], C-C-Sep=0.08, ║∇J║=4.6e-04
Iteration 953/2000-----
currents: [100000.0, 99999.99998853254, 99999.99998839857, 99999.99998535584, 99999.99998616731]
J=1.2e-04, ⟨Jf⟩=1.1e-04, ⟨B·n⟩=3.0e-03, Len=sum([2.4, 2.4, 2.4, 2.5, 2.6])=12.3, ϰ=[10.1, 9.1, 6.7, 9.9, 10.4], ∫ϰ²/L>=[16.6, 17.4, 13.1, 18.9, 20.0], C-C-Sep=0.08, ║∇J║=3.5e-04
Iteration 954/2000-----
currents: [100000.0, 99999.99998851631, 99999.99998838225, 99999.9999853346, 99999.99998614744]
J=1.2e-04, ⟨Jf⟩=1.1e-04, ⟨B·n⟩=3.0e-03, Len=sum([2.4, 2.4, 2.4, 2.5, 2.6])=12.3, ϰ=[10.1, 9.1, 6.7, 9.9, 10.4], ∫ϰ²/L>=[16.6, 17.4, 13.1, 18.9, 20.0], C-C-Sep=0.08, ║∇J║=4.0e-04
Iteration 955/2000-----
currents: [100000.0, 99999.99998851209, 99999.99998837808, 99999.99998532917, 99999.99998614239]
J=1.2e-04, ⟨Jf⟩=1.1e-04, ⟨B·n⟩=3.0e-03, Len=sum([2.4, 2.4, 2.4, 2.5, 2.6])=12.3, ϰ=[10.1, 9.1, 6.7, 9.9, 10.4], ∫ϰ²/L>=[16.6, 17.4, 13.1, 18.9, 20.0], C-C-Sep=0.08, ║∇J║=4.5e-04
Iteration 956/2000-----
currents: [100000.0, 99999.99998848178, 99999.99998834767, 99999.99998528947, 99999.99998610525]
J=1.2e-04, ⟨Jf⟩=1.1e-04, ⟨B·n⟩=3.0e-03, Len=sum([2.4, 2.4, 2.4, 2.5, 2.6])=12.3, ϰ=[10.1, 9.1, 6.7, 9.9, 10.4], ∫ϰ²/L>=[16.6, 17.4, 13.1, 18.9, 20.0], C-C-Sep=0.08, ║∇J║=3.9e-04
Iteration 957/2000-----
currents: [100000.0, 99999.99998846755, 99999.9999883334, 99999.99998527087, 99999.9999860878]
J=1.2e-04, ⟨Jf⟩=1.1e-04, ⟨B·n⟩=3.0e-03, Len=sum([2.4, 2.4, 2.4, 2.5, 2.6])=12.3, ϰ=[10.1, 9.1, 6.7, 9.9, 10.3], ∫ϰ²/L>=[16.6, 17.4, 13.1, 18.9, 20.0], C-C-Sep=0.08, ║∇J║=4.0e-04
Iteration 958/2000-----
currents: [100000.0, 99999.99998842936, 99999.99998829515, 99999.99998522094, 99999.99998604109]
J=1.2e-04, ⟨Jf⟩=1.1e-04, ⟨B·n⟩=3.0e-03, Len=sum([2.4, 2.4, 2.4, 2.5, 2.6])=12.3, ϰ=[10.1, 9.1, 6.8, 9.9, 10.3], ∫ϰ²/L>=[16.6, 17.4, 13.1, 18.9, 20.0], C-C-Sep=0.08, ║∇J║=3.8e-04
Iteration 959/2000-----
currents: [100000.0, 99999.99998842271, 99999.99998828849, 99999.99998521215, 99999.99998603291]
J=1.2e-04, ⟨Jf⟩=1.1e-04, ⟨B·n⟩=3.0e-03, Len=sum([2.4, 2.4, 2.4, 2.5, 2.6])=12.3, ϰ=[10.1, 9.1, 6.8, 9.9, 10.3], ∫ϰ²/L>=[16.6, 17.4, 13.1, 18.9, 20.0], C-C-Sep=0.08, ║∇J║=3.6e-04
Iteration 960/2000-----
currents: [100000.0, 99999.99998839018, 99999.99998825586, 99999.99998516949, 99999.99998599297]
J=1.2e-04, ⟨Jf⟩=1.1e-04, ⟨B·n⟩=3.0e-03, Len=sum([2.4, 2.4, 2.4, 2.5, 2.6])=12.3, ϰ=[10.1, 9.1, 6.8, 9.9, 10.3], ∫ϰ²/L>=[16.7, 17.4, 13.1, 18.9, 20.0], C-C-Sep=0.08, ║∇J║=3.4e-04
Iteration 961/2000-----
currents: [100000.0, 99999.99998835943, 99999.999988225, 99999.99998512924, 99999.99998595536]
J=1.2e-04, ⟨Jf⟩=1.1e-04, ⟨B·n⟩=3.0e-03, Len=sum([2.4, 2.4, 2.4, 2.5, 2.6])=12.3, ϰ=[10.1, 9.1, 6.9, 9.9, 10.3], ∫ϰ²/L>=[16.7, 17.4, 13.1, 18.9, 20.0], C-C-Sep=0.08, ║∇J║=4.0e-04
Iteration 962/2000-----
currents: [100000.0, 99999.99998833353, 99999.99998819904, 99999.99998509535, 99999.99998592369]
J=1.2e-04, ⟨Jf⟩=1.1e-04, ⟨B·n⟩=3.0e-03, Len=sum([2.4, 2.4, 2.4, 2.5, 2.6])=12.3, ϰ=[10.1, 9.1, 6.9, 9.9, 10.3], ∫ϰ²/L>=[16.7, 17.4, 13.1, 18.9, 20.0], C-C-Sep=0.08, ║∇J║=3.9e-04
Iteration 963/2000-----
currents: [100000.0, 99999.9999883264, 99999.99998819194, 99999.99998508612, 99999.99998591504]
J=1.2e-04, ⟨Jf⟩=1.1e-04, ⟨B·n⟩=3.0e-03, Len=sum([2.4, 2.4, 2.4, 2.5, 2.6])=12.3, ϰ=[10.1, 9.1, 6.9, 9.9, 10.3], ∫ϰ²/L>=[16.6, 17.4, 13.1, 18.9, 20.0], C-C-Sep=0.08, ║∇J║=3.4e-04
Iteration 964/2000-----
currents: [100000.0, 99999.99998829141, 99999.99998815695, 99999.99998504047, 99999.99998587235]
J=1.2e-04, ⟨Jf⟩=1.1e-04, ⟨B·n⟩=3.0e-03, Len=sum([2.4, 2.4, 2.4, 2.5, 2.6])=12.3, ϰ=[10.1, 9.1, 6.9, 9.9, 10.4], ∫ϰ²/L>=[16.7, 17.4, 13.1, 18.9, 20.0], C-C-Sep=0.08, ║∇J║=4.2e-04
Iteration 965/2000-----
currents: [100000.0, 99999.99998830497, 99999.99998817065, 99999.99998505843, 99999.99998588915]
J=1.2e-04, ⟨Jf⟩=1.1e-04, ⟨B·n⟩=3.0e-03, Len=sum([2.4, 2.4, 2.4, 2.5, 2.6])=12.3, ϰ=[10.1, 9.2, 6.9, 9.9, 10.4], ∫ϰ²/L>=[16.6, 17.4, 13.1, 18.8, 20.0], C-C-Sep=0.08, ║∇J║=5.5e-04
Iteration 966/2000-----
currents: [100000.0, 99999.99998827993, 99999.99998814554, 99999.99998502561, 99999.99998585845]
J=1.2e-04, ⟨Jf⟩=1.1e-04, ⟨B·n⟩=3.0e-03, Len=sum([2.4, 2.4, 2.4, 2.5, 2.6])=12.3, ϰ=[10.1, 9.2, 6.9, 9.9, 10.3], ∫ϰ²/L>=[16.6, 17.4, 13.1, 18.8, 20.0], C-C-Sep=0.08, ║∇J║=3.9e-04
Iteration 967/2000-----
currents: [100000.0, 99999.99998826029, 99999.99998812584, 99999.99998500002, 99999.99998583451]
J=1.2e-04, ⟨Jf⟩=1.1e-04, ⟨B·n⟩=3.0e-03, Len=sum([2.4, 2.4, 2.4, 2.5, 2.6])=12.3, ϰ=[10.1, 9.2, 6.9, 9.9, 10.3], ∫ϰ²/L>=[16.6, 17.4, 13.1, 18.8, 20.0], C-C-Sep=0.08, ║∇J║=4.2e-04
Iteration 968/2000-----
currents: [100000.0, 99999.99998822573, 99999.9999880912, 99999.99998495483, 99999.99998579224]
J=1.2e-04, ⟨Jf⟩=1.1e-04, ⟨B·n⟩=3.0e-03, Len=sum([2.4, 2.4, 2.4, 2.5, 2.6])=12.3, ϰ=[10.1, 9.2, 7.0, 9.9, 10.3], ∫ϰ²/L>=[16.7, 17.4, 13.1, 18.8, 20.0], C-C-Sep=0.08, ║∇J║=3.9e-04
Iteration 969/2000-----
currents: [100000.0, 99999.99998818638, 99999.9999880517, 99999.9999849035, 99999.99998574426]
J=1.2e-04, ⟨Jf⟩=1.1e-04, ⟨B·n⟩=3.0e-03, Len=sum([2.4, 2.4, 2.4, 2.5, 2.6])=12.3, ϰ=[10.1, 9.2, 7.0, 9.9, 10.3], ∫ϰ²/L>=[16.7, 17.5, 13.1, 18.8, 20.0], C-C-Sep=0.08, ║∇J║=4.3e-04
Iteration 970/2000-----
currents: [100000.0, 99999.99998814132, 99999.99998800652, 99999.99998484469, 99999.99998568927]
J=1.2e-04, ⟨Jf⟩=1.1e-04, ⟨B·n⟩=3.0e-03, Len=sum([2.4, 2.4, 2.4, 2.5, 2.6])=12.3, ϰ=[10.2, 9.2, 7.0, 9.9, 10.3], ∫ϰ²/L>=[16.7, 17.5, 13.1, 18.8, 20.0], C-C-Sep=0.08, ║∇J║=4.5e-04
Iteration 971/2000-----
currents: [100000.0, 99999.99998810815, 99999.99998797323, 99999.99998480131, 99999.9999856487]
J=1.2e-04, ⟨Jf⟩=1.1e-04, ⟨B·n⟩=3.0e-03, Len=sum([2.4, 2.4, 2.4, 2.5, 2.6])=12.3, ϰ=[10.2, 9.2, 7.0, 9.9, 10.3], ∫ϰ²/L>=[16.7, 17.5, 13.1, 18.8, 20.0], C-C-Sep=0.08, ║∇J║=3.5e-04
Iteration 972/2000-----
currents: [100000.0, 99999.99998811573, 99999.99998798085, 99999.9999848113, 99999.99998565801]
J=1.2e-04, ⟨Jf⟩=1.1e-04, ⟨B·n⟩=3.0e-03, Len=sum([2.4, 2.4, 2.4, 2.5, 2.6])=12.3, ϰ=[10.2, 9.2, 6.9, 9.9, 10.3], ∫ϰ²/L>=[16.7, 17.5, 13.1, 18.8, 20.0], C-C-Sep=0.08, ║∇J║=4.8e-04
Iteration 973/2000-----
currents: [100000.0, 99999.99998807268, 99999.99998793773, 99999.99998475493, 99999.99998560527]
J=1.2e-04, ⟨Jf⟩=1.0e-04, ⟨B·n⟩=3.0e-03, Len=sum([2.4, 2.4, 2.4, 2.5, 2.6])=12.3, ϰ=[10.2, 9.2, 6.9, 9.9, 10.3], ∫ϰ²/L>=[16.7, 17.5, 13.1, 18.8, 20.0], C-C-Sep=0.08, ║∇J║=4.0e-04
Iteration 974/2000-----
currents: [100000.0, 99999.99998808985, 99999.99998795502, 99999.99998477747, 99999.99998562636]
J=1.2e-04, ⟨Jf⟩=1.0e-04, ⟨B·n⟩=3.0e-03, Len=sum([2.4, 2.4, 2.4, 2.5, 2.6])=12.3, ϰ=[10.2, 9.2, 6.9, 9.9, 10.3], ∫ϰ²/L>=[16.7, 17.5, 13.1, 18.8, 20.0], C-C-Sep=0.08, ║∇J║=3.9e-04
Iteration 975/2000-----
currents: [100000.0, 99999.99998808185, 99999.99998794704, 99999.99998476717, 99999.99998561668]
J=1.2e-04, ⟨Jf⟩=1.0e-04, ⟨B·n⟩=3.0e-03, Len=sum([2.4, 2.4, 2.4, 2.5, 2.6])=12.3, ϰ=[10.2, 9.2, 6.9, 9.9, 10.3], ∫ϰ²/L>=[16.7, 17.5, 13.1, 18.8, 20.0], C-C-Sep=0.08, ║∇J║=3.0e-04
Iteration 976/2000-----
currents: [100000.0, 99999.99998806692, 99999.99998793208, 99999.99998474789, 99999.99998559862]
J=1.2e-04, ⟨Jf⟩=1.0e-04, ⟨B·n⟩=3.0e-03, Len=sum([2.4, 2.4, 2.4, 2.5, 2.6])=12.3, ϰ=[10.2, 9.2, 6.9, 9.9, 10.3], ∫ϰ²/L>=[16.7, 17.5, 13.1, 18.8, 20.0], C-C-Sep=0.08, ║∇J║=3.7e-04
Iteration 977/2000-----
currents: [100000.0, 99999.99998802526, 99999.9999878903, 99999.99998469361, 99999.99998554781]
J=1.2e-04, ⟨Jf⟩=1.0e-04, ⟨B·n⟩=3.0e-03, Len=sum([2.4, 2.4, 2.4, 2.5, 2.6])=12.3, ϰ=[10.2, 9.2, 6.9, 9.9, 10.3], ∫ϰ²/L>=[16.7, 17.5, 13.1, 18.8, 19.9], C-C-Sep=0.08, ║∇J║=4.5e-04
Iteration 978/2000-----
currents: [100000.0, 99999.99998797307, 99999.9999878379, 99999.99998462568, 99999.99998548423]
J=1.2e-04, ⟨Jf⟩=1.0e-04, ⟨B·n⟩=3.0e-03, Len=sum([2.4, 2.4, 2.4, 2.5, 2.6])=12.3, ϰ=[10.2, 9.1, 6.9, 9.9, 10.3], ∫ϰ²/L>=[16.7, 17.5, 13.1, 18.8, 19.9], C-C-Sep=0.08, ║∇J║=4.5e-04
Iteration 979/2000-----
currents: [100000.0, 99999.99998786775, 99999.99998773215, 99999.99998448836, 99999.99998535572]
J=1.2e-04, ⟨Jf⟩=1.0e-04, ⟨B·n⟩=3.0e-03, Len=sum([2.4, 2.4, 2.4, 2.5, 2.6])=12.3, ϰ=[10.3, 9.1, 6.9, 9.9, 10.3], ∫ϰ²/L>=[16.7, 17.5, 13.2, 18.8, 19.9], C-C-Sep=0.08, ║∇J║=5.7e-04
Iteration 980/2000-----
currents: [100000.0, 99999.99998790416, 99999.99998776862, 99999.99998453593, 99999.99998540031]
J=1.2e-04, ⟨Jf⟩=1.0e-04, ⟨B·n⟩=3.0e-03, Len=sum([2.4, 2.4, 2.4, 2.5, 2.6])=12.3, ϰ=[10.3, 9.1, 6.9, 9.9, 10.3], ∫ϰ²/L>=[16.7, 17.4, 13.2, 18.8, 19.9], C-C-Sep=0.08, ║∇J║=4.8e-04
Iteration 981/2000-----
currents: [100000.0, 99999.99998789534, 99999.99998775974, 99999.99998452434, 99999.99998538953]
J=1.2e-04, ⟨Jf⟩=1.0e-04, ⟨B·n⟩=3.0e-03, Len=sum([2.4, 2.4, 2.4, 2.5, 2.6])=12.3, ϰ=[10.3, 9.1, 6.9, 9.9, 10.3], ∫ϰ²/L>=[16.7, 17.4, 13.2, 18.8, 19.9], C-C-Sep=0.08, ║∇J║=3.8e-04
Iteration 982/2000-----
currents: [100000.0, 99999.99998789029, 99999.99998775471, 99999.99998451785, 99999.99998538343]
J=1.1e-04, ⟨Jf⟩=1.0e-04, ⟨B·n⟩=3.0e-03, Len=sum([2.4, 2.4, 2.4, 2.5, 2.6])=12.3, ϰ=[10.3, 9.0, 6.8, 9.9, 10.3], ∫ϰ²/L>=[16.7, 17.4, 13.2, 18.8, 19.9], C-C-Sep=0.08, ║∇J║=3.1e-04
Iteration 983/2000-----
currents: [100000.0, 99999.9999878659, 99999.99998773023, 99999.99998448614, 99999.99998535374]
J=1.1e-04, ⟨Jf⟩=1.0e-04, ⟨B·n⟩=3.0e-03, Len=sum([2.4, 2.4, 2.4, 2.5, 2.6])=12.3, ϰ=[10.3, 9.0, 6.8, 9.9, 10.3], ∫ϰ²/L>=[16.7, 17.4, 13.2, 18.8, 19.9], C-C-Sep=0.08, ║∇J║=3.9e-04
Iteration 984/2000-----
currents: [100000.0, 99999.99998786375, 99999.99998772806, 99999.99998448344, 99999.99998535121]
J=1.1e-04, ⟨Jf⟩=1.0e-04, ⟨B·n⟩=3.0e-03, Len=sum([2.4, 2.4, 2.4, 2.5, 2.6])=12.3, ϰ=[10.2, 9.0, 6.8, 9.9, 10.3], ∫ϰ²/L>=[16.7, 17.4, 13.2, 18.8, 19.9], C-C-Sep=0.08, ║∇J║=3.0e-04
Iteration 985/2000-----
currents: [100000.0, 99999.9999878564, 99999.99998772072, 99999.99998447398, 99999.99998534237]
J=1.1e-04, ⟨Jf⟩=1.0e-04, ⟨B·n⟩=3.0e-03, Len=sum([2.4, 2.4, 2.4, 2.5, 2.6])=12.3, ϰ=[10.2, 9.0, 6.8, 9.9, 10.3], ∫ϰ²/L>=[16.7, 17.4, 13.2, 18.8, 19.9], C-C-Sep=0.08, ║∇J║=3.2e-04
Iteration 986/2000-----
currents: [100000.0, 99999.99998785059, 99999.99998771488, 99999.99998446646, 99999.9999853353]
J=1.1e-04, ⟨Jf⟩=1.0e-04, ⟨B·n⟩=3.0e-03, Len=sum([2.4, 2.4, 2.4, 2.5, 2.6])=12.3, ϰ=[10.2, 9.1, 6.8, 9.9, 10.3], ∫ϰ²/L>=[16.6, 17.4, 13.2, 18.8, 19.9], C-C-Sep=0.08, ║∇J║=3.8e-04
Iteration 987/2000-----
currents: [100000.0, 99999.99998783032, 99999.99998769457, 99999.99998444007, 99999.99998531058]
J=1.1e-04, ⟨Jf⟩=1.0e-04, ⟨B·n⟩=3.0e-03, Len=sum([2.4, 2.4, 2.4, 2.5, 2.6])=12.3, ϰ=[10.2, 9.1, 6.8, 9.9, 10.3], ∫ϰ²/L>=[16.6, 17.4, 13.2, 18.8, 19.9], C-C-Sep=0.08, ║∇J║=3.6e-04
Iteration 988/2000-----
currents: [100000.0, 99999.99998780683, 99999.99998767106, 99999.99998440946, 99999.99998528189]
J=1.1e-04, ⟨Jf⟩=1.0e-04, ⟨B·n⟩=3.0e-03, Len=sum([2.4, 2.4, 2.4, 2.5, 2.6])=12.3, ϰ=[10.2, 9.1, 6.8, 9.9, 10.3], ∫ϰ²/L>=[16.6, 17.4, 13.2, 18.8, 19.9], C-C-Sep=0.08, ║∇J║=3.5e-04
Iteration 989/2000-----
currents: [100000.0, 99999.99998778144, 99999.99998764566, 99999.99998437645, 99999.99998525095]
J=1.1e-04, ⟨Jf⟩=1.0e-04, ⟨B·n⟩=3.0e-03, Len=sum([2.4, 2.4, 2.4, 2.5, 2.6])=12.3, ϰ=[10.2, 9.1, 6.9, 9.9, 10.3], ∫ϰ²/L>=[16.6, 17.4, 13.2, 18.8, 19.9], C-C-Sep=0.08, ║∇J║=3.5e-04
Iteration 990/2000-----
currents: [100000.0, 99999.99998776178, 99999.99998762603, 99999.99998435093, 99999.99998522704]
J=1.1e-04, ⟨Jf⟩=1.0e-04, ⟨B·n⟩=3.0e-03, Len=sum([2.4, 2.4, 2.4, 2.5, 2.6])=12.3, ϰ=[10.2, 9.1, 6.9, 9.9, 10.3], ∫ϰ²/L>=[16.6, 17.4, 13.2, 18.8, 19.9], C-C-Sep=0.08, ║∇J║=4.1e-04
Iteration 991/2000-----
currents: [100000.0, 99999.99998772562, 99999.99998758985, 99999.99998430393, 99999.99998518308]
J=1.1e-04, ⟨Jf⟩=1.0e-04, ⟨B·n⟩=3.0e-03, Len=sum([2.4, 2.4, 2.4, 2.5, 2.6])=12.3, ϰ=[10.2, 9.1, 6.9, 9.9, 10.3], ∫ϰ²/L>=[16.6, 17.4, 13.2, 18.8, 19.9], C-C-Sep=0.08, ║∇J║=3.7e-04
Iteration 992/2000-----
currents: [100000.0, 99999.99998767921, 99999.99998754337, 99999.99998424356, 99999.99998512662]
J=1.1e-04, ⟨Jf⟩=1.0e-04, ⟨B·n⟩=3.0e-03, Len=sum([2.4, 2.4, 2.4, 2.5, 2.6])=12.3, ϰ=[10.2, 9.1, 6.8, 9.9, 10.3], ∫ϰ²/L>=[16.6, 17.4, 13.2, 18.9, 19.9], C-C-Sep=0.08, ║∇J║=4.0e-04
Iteration 993/2000-----
currents: [100000.0, 99999.99998768666, 99999.99998755092, 99999.99998425345, 99999.99998513586]
J=1.1e-04, ⟨Jf⟩=1.0e-04, ⟨B·n⟩=3.0e-03, Len=sum([2.4, 2.4, 2.4, 2.5, 2.6])=12.3, ϰ=[10.1, 9.0, 6.8, 9.9, 10.3], ∫ϰ²/L>=[16.6, 17.4, 13.2, 18.8, 19.9], C-C-Sep=0.08, ║∇J║=4.8e-04
Iteration 994/2000-----
currents: [100000.0, 99999.99998766063, 99999.99998752488, 99999.99998421951, 99999.99998510414]
J=1.1e-04, ⟨Jf⟩=1.0e-04, ⟨B·n⟩=3.0e-03, Len=sum([2.4, 2.4, 2.4, 2.5, 2.6])=12.3, ϰ=[10.1, 9.1, 6.8, 9.9, 10.3], ∫ϰ²/L>=[16.6, 17.4, 13.2, 18.8, 19.9], C-C-Sep=0.08, ║∇J║=3.5e-04
Iteration 995/2000-----
currents: [100000.0, 99999.99998765552, 99999.99998751975, 99999.99998421274, 99999.9999850978]
J=1.1e-04, ⟨Jf⟩=1.0e-04, ⟨B·n⟩=3.0e-03, Len=sum([2.4, 2.4, 2.4, 2.5, 2.6])=12.3, ϰ=[10.1, 9.1, 6.8, 9.9, 10.3], ∫ϰ²/L>=[16.6, 17.4, 13.2, 18.8, 19.9], C-C-Sep=0.08, ║∇J║=3.7e-04
Iteration 996/2000-----
currents: [100000.0, 99999.99998762403, 99999.99998748819, 99999.99998417166, 99999.99998505937]
J=1.1e-04, ⟨Jf⟩=1.0e-04, ⟨B·n⟩=3.0e-03, Len=sum([2.4, 2.4, 2.4, 2.5, 2.6])=12.3, ϰ=[10.1, 9.0, 6.8, 9.9, 10.3], ∫ϰ²/L>=[16.6, 17.4, 13.2, 18.8, 19.9], C-C-Sep=0.08, ║∇J║=3.6e-04
Iteration 997/2000-----
currents: [100000.0, 99999.99998758204, 99999.99998744615, 99999.99998411702, 99999.99998500822]
J=1.1e-04, ⟨Jf⟩=1.0e-04, ⟨B·n⟩=3.0e-03, Len=sum([2.4, 2.4, 2.4, 2.5, 2.6])=12.3, ϰ=[10.1, 9.0, 6.8, 9.9, 10.3], ∫ϰ²/L>=[16.6, 17.4, 13.2, 18.8, 19.9], C-C-Sep=0.08, ║∇J║=3.9e-04
Iteration 998/2000-----
currents: [100000.0, 99999.9999875233, 99999.99998738739, 99999.99998404065, 99999.99998493676]
J=1.1e-04, ⟨Jf⟩=1.0e-04, ⟨B·n⟩=3.0e-03, Len=sum([2.4, 2.4, 2.4, 2.5, 2.6])=12.3, ϰ=[10.0, 8.9, 6.8, 9.9, 10.3], ∫ϰ²/L>=[16.6, 17.4, 13.2, 18.8, 20.0], C-C-Sep=0.08, ║∇J║=4.6e-04
Iteration 999/2000-----
currents: [100000.0, 99999.9999874749, 99999.99998733874, 99999.99998397748, 99999.99998487777]
J=1.1e-04, ⟨Jf⟩=1.0e-04, ⟨B·n⟩=3.0e-03, Len=sum([2.4, 2.4, 2.4, 2.5, 2.6])=12.3, ϰ=[10.1, 8.9, 6.8, 9.9, 10.4], ∫ϰ²/L>=[16.6, 17.4, 13.2, 18.9, 20.0], C-C-Sep=0.08, ║∇J║=4.3e-04
Iteration 1000/2000-----
currents: [100000.0, 99999.99998748026, 99999.99998734407, 99999.99998398441, 99999.99998488424]
J=1.1e-04, ⟨Jf⟩=1.0e-04, ⟨B·n⟩=3.0e-03, Len=sum([2.4, 2.4, 2.4, 2.5, 2.6])=12.3, ϰ=[10.1, 8.9, 6.8, 9.9, 10.4], ∫ϰ²/L>=[16.6, 17.4, 13.2, 18.8, 20.0], C-C-Sep=0.08, ║∇J║=3.5e-04
Iteration 1001/2000-----
currents: [100000.0, 99999.99998744867, 99999.99998731237, 99999.9999839431, 99999.99998484558]
J=1.1e-04, ⟨Jf⟩=1.0e-04, ⟨B·n⟩=3.0e-03, Len=sum([2.4, 2.4, 2.4, 2.5, 2.6])=12.3, ϰ=[10.1, 8.9, 6.8, 9.9, 10.4], ∫ϰ²/L>=[16.6, 17.4, 13.2, 18.8, 20.0], C-C-Sep=0.08, ║∇J║=3.4e-04
Iteration 1002/2000-----
currents: [100000.0, 99999.99998746562, 99999.99998732931, 99999.99998396503, 99999.99998486612]
J=1.1e-04, ⟨Jf⟩=1.0e-04, ⟨B·n⟩=3.0e-03, Len=sum([2.4, 2.4, 2.4, 2.5, 2.6])=12.3, ϰ=[10.1, 8.9, 6.9, 9.9, 10.4], ∫ϰ²/L>=[16.6, 17.4, 13.2, 18.8, 20.0], C-C-Sep=0.08, ║∇J║=4.8e-04
Iteration 1003/2000-----
currents: [100000.0, 99999.99998743524, 99999.99998729891, 99999.99998392546, 99999.9999848291]
J=1.1e-04, ⟨Jf⟩=1.0e-04, ⟨B·n⟩=3.0e-03, Len=sum([2.4, 2.4, 2.4, 2.5, 2.6])=12.3, ϰ=[10.1, 8.9, 6.9, 9.9, 10.4], ∫ϰ²/L>=[16.6, 17.4, 13.2, 18.8, 20.0], C-C-Sep=0.08, ║∇J║=2.9e-04
Iteration 1004/2000-----
currents: [100000.0, 99999.99998741515, 99999.99998727876, 99999.9999838992, 99999.99998480454]
J=1.1e-04, ⟨Jf⟩=1.0e-04, ⟨B·n⟩=3.0e-03, Len=sum([2.4, 2.4, 2.4, 2.5, 2.6])=12.3, ϰ=[10.1, 8.9, 6.9, 9.9, 10.4], ∫ϰ²/L>=[16.6, 17.4, 13.2, 18.8, 20.0], C-C-Sep=0.08, ║∇J║=3.2e-04
Iteration 1005/2000-----
currents: [100000.0, 99999.99998738235, 99999.99998724586, 99999.99998385641, 99999.99998476454]
J=1.1e-04, ⟨Jf⟩=1.0e-04, ⟨B·n⟩=3.0e-03, Len=sum([2.4, 2.4, 2.4, 2.5, 2.6])=12.3, ϰ=[10.0, 8.9, 6.9, 9.9, 10.4], ∫ϰ²/L>=[16.6, 17.4, 13.3, 18.8, 20.0], C-C-Sep=0.08, ║∇J║=3.4e-04
Iteration 1006/2000-----
currents: [100000.0, 99999.9999873352, 99999.99998719853, 99999.9999837949, 99999.99998470707]
J=1.1e-04, ⟨Jf⟩=1.0e-04, ⟨B·n⟩=3.0e-03, Len=sum([2.4, 2.4, 2.4, 2.5, 2.6])=12.3, ϰ=[10.0, 8.9, 6.9, 9.9, 10.5], ∫ϰ²/L>=[16.6, 17.4, 13.3, 18.9, 20.0], C-C-Sep=0.08, ║∇J║=3.5e-04
Iteration 1007/2000-----
currents: [100000.0, 99999.99998728163, 99999.99998714466, 99999.99998372493, 99999.99998464173]
J=1.1e-04, ⟨Jf⟩=1.0e-04, ⟨B·n⟩=3.0e-03, Len=sum([2.4, 2.4, 2.4, 2.5, 2.6])=12.3, ϰ=[10.0, 8.9, 7.0, 9.9, 10.5], ∫ϰ²/L>=[16.6, 17.4, 13.3, 18.9, 20.0], C-C-Sep=0.08, ║∇J║=4.8e-04
Iteration 1008/2000-----
currents: [100000.0, 99999.99998728318, 99999.99998714615, 99999.999983727, 99999.9999846438]
J=1.1e-04, ⟨Jf⟩=1.0e-04, ⟨B·n⟩=3.0e-03, Len=sum([2.4, 2.4, 2.4, 2.5, 2.6])=12.3, ϰ=[10.0, 8.9, 7.0, 9.9, 10.5], ∫ϰ²/L>=[16.6, 17.4, 13.3, 18.9, 20.0], C-C-Sep=0.08, ║∇J║=3.9e-04
Iteration 1009/2000-----
currents: [100000.0, 99999.99998725844, 99999.99998712137, 99999.99998369491, 99999.99998461384]
J=1.1e-04, ⟨Jf⟩=1.0e-04, ⟨B·n⟩=3.0e-03, Len=sum([2.4, 2.4, 2.4, 2.5, 2.6])=12.3, ϰ=[10.0, 9.0, 7.0, 9.9, 10.5], ∫ϰ²/L>=[16.6, 17.4, 13.3, 18.9, 20.0], C-C-Sep=0.08, ║∇J║=4.7e-04
Iteration 1010/2000-----
currents: [100000.0, 99999.9999872761, 99999.99998713909, 99999.99998371802, 99999.99998463548]
J=1.1e-04, ⟨Jf⟩=1.0e-04, ⟨B·n⟩=3.0e-03, Len=sum([2.4, 2.4, 2.4, 2.5, 2.6])=12.3, ϰ=[10.0, 9.0, 7.0, 9.9, 10.5], ∫ϰ²/L>=[16.6, 17.4, 13.3, 18.9, 20.0], C-C-Sep=0.08, ║∇J║=4.0e-04
Iteration 1011/2000-----
currents: [100000.0, 99999.99998724293, 99999.99998710587, 99999.99998367492, 99999.99998459524]
J=1.1e-04, ⟨Jf⟩=1.0e-04, ⟨B·n⟩=3.0e-03, Len=sum([2.4, 2.4, 2.4, 2.5, 2.6])=12.3, ϰ=[10.0, 9.0, 7.0, 9.9, 10.5], ∫ϰ²/L>=[16.6, 17.4, 13.3, 18.9, 20.0], C-C-Sep=0.08, ║∇J║=3.5e-04
Iteration 1012/2000-----
currents: [100000.0, 99999.99998723445, 99999.99998709743, 99999.99998366399, 99999.99998458503]
J=1.1e-04, ⟨Jf⟩=1.0e-04, ⟨B·n⟩=3.0e-03, Len=sum([2.4, 2.4, 2.4, 2.5, 2.6])=12.3, ϰ=[10.0, 9.0, 7.0, 9.9, 10.5], ∫ϰ²/L>=[16.6, 17.4, 13.3, 18.9, 20.0], C-C-Sep=0.08, ║∇J║=3.6e-04
Iteration 1013/2000-----
currents: [100000.0, 99999.99998721901, 99999.99998708196, 99999.9999836439, 99999.9999845663]
J=1.1e-04, ⟨Jf⟩=1.0e-04, ⟨B·n⟩=3.0e-03, Len=sum([2.4, 2.4, 2.4, 2.5, 2.6])=12.3, ϰ=[10.0, 9.0, 7.0, 9.9, 10.5], ∫ϰ²/L>=[16.5, 17.4, 13.3, 18.9, 20.0], C-C-Sep=0.08, ║∇J║=3.5e-04
Iteration 1014/2000-----
currents: [100000.0, 99999.9999871861, 99999.999987049, 99999.99998360114, 99999.99998452638]
J=1.1e-04, ⟨Jf⟩=1.0e-04, ⟨B·n⟩=3.0e-03, Len=sum([2.4, 2.4, 2.4, 2.5, 2.6])=12.3, ϰ=[10.0, 9.0, 6.9, 9.9, 10.5], ∫ϰ²/L>=[16.5, 17.4, 13.3, 18.9, 20.1], C-C-Sep=0.08, ║∇J║=4.0e-04
Iteration 1015/2000-----
currents: [100000.0, 99999.99998717415, 99999.9999870371, 99999.99998358564, 99999.99998451189]
J=1.1e-04, ⟨Jf⟩=1.0e-04, ⟨B·n⟩=3.0e-03, Len=sum([2.4, 2.4, 2.4, 2.5, 2.6])=12.3, ϰ=[10.0, 9.0, 6.9, 9.9, 10.5], ∫ϰ²/L>=[16.5, 17.4, 13.3, 18.9, 20.0], C-C-Sep=0.08, ║∇J║=3.5e-04
Iteration 1016/2000-----
currents: [100000.0, 99999.99998714344, 99999.99998700638, 99999.99998354568, 99999.99998447455]
J=1.1e-04, ⟨Jf⟩=1.0e-04, ⟨B·n⟩=3.0e-03, Len=sum([2.4, 2.4, 2.4, 2.5, 2.6])=12.3, ϰ=[10.0, 8.9, 6.9, 9.9, 10.5], ∫ϰ²/L>=[16.5, 17.4, 13.3, 18.9, 20.0], C-C-Sep=0.08, ║∇J║=3.7e-04
Iteration 1017/2000-----
currents: [100000.0, 99999.99998710662, 99999.99998696959, 99999.99998349782, 99999.99998442979]
J=1.1e-04, ⟨Jf⟩=1.0e-04, ⟨B·n⟩=3.0e-03, Len=sum([2.4, 2.4, 2.4, 2.5, 2.6])=12.3, ϰ=[10.0, 8.9, 6.9, 9.9, 10.5], ∫ϰ²/L>=[16.5, 17.4, 13.3, 18.9, 20.0], C-C-Sep=0.08, ║∇J║=4.2e-04
Iteration 1018/2000-----
currents: [100000.0, 99999.99998706386, 99999.99998692682, 99999.9999834422, 99999.99998437779]
J=1.1e-04, ⟨Jf⟩=1.0e-04, ⟨B·n⟩=3.0e-03, Len=sum([2.4, 2.4, 2.4, 2.5, 2.6])=12.3, ϰ=[10.0, 8.9, 6.9, 9.9, 10.4], ∫ϰ²/L>=[16.6, 17.4, 13.3, 18.9, 20.0], C-C-Sep=0.08, ║∇J║=4.0e-04
Iteration 1019/2000-----
currents: [100000.0, 99999.99998705718, 99999.99998692013, 99999.99998343352, 99999.99998436967]
J=1.1e-04, ⟨Jf⟩=1.0e-04, ⟨B·n⟩=3.0e-03, Len=sum([2.4, 2.4, 2.4, 2.5, 2.6])=12.3, ϰ=[10.0, 8.9, 6.9, 9.9, 10.4], ∫ϰ²/L>=[16.5, 17.4, 13.3, 18.9, 20.0], C-C-Sep=0.08, ║∇J║=3.8e-04
Iteration 1020/2000-----
currents: [100000.0, 99999.99998701253, 99999.99998687538, 99999.99998337538, 99999.99998431528]
J=1.1e-04, ⟨Jf⟩=1.0e-04, ⟨B·n⟩=3.0e-03, Len=sum([2.4, 2.4, 2.4, 2.5, 2.6])=12.3, ϰ=[10.0, 8.9, 7.0, 9.8, 10.4], ∫ϰ²/L>=[16.6, 17.4, 13.3, 18.9, 20.0], C-C-Sep=0.08, ║∇J║=3.9e-04
Iteration 1021/2000-----
currents: [100000.0, 99999.99998700724, 99999.99998687001, 99999.99998336846, 99999.99998430874]
J=1.1e-04, ⟨Jf⟩=1.0e-04, ⟨B·n⟩=3.0e-03, Len=sum([2.4, 2.4, 2.4, 2.5, 2.6])=12.3, ϰ=[10.0, 8.9, 7.0, 9.8, 10.4], ∫ϰ²/L>=[16.5, 17.3, 13.2, 18.9, 20.0], C-C-Sep=0.08, ║∇J║=3.8e-04
Iteration 1022/2000-----
currents: [100000.0, 99999.99998696917, 99999.9999868318, 99999.99998331879, 99999.99998426223]
J=1.1e-04, ⟨Jf⟩=1.0e-04, ⟨B·n⟩=3.0e-03, Len=sum([2.4, 2.4, 2.4, 2.5, 2.6])=12.3, ϰ=[10.0, 8.9, 7.0, 9.8, 10.4], ∫ϰ²/L>=[16.6, 17.3, 13.2, 18.9, 20.0], C-C-Sep=0.08, ║∇J║=4.2e-04
Iteration 1023/2000-----
currents: [100000.0, 99999.99998690918, 99999.99998677161, 99999.99998324059, 99999.99998418901]
J=1.1e-04, ⟨Jf⟩=1.0e-04, ⟨B·n⟩=3.0e-03, Len=sum([2.4, 2.4, 2.4, 2.5, 2.6])=12.3, ϰ=[10.0, 8.8, 6.9, 9.7, 10.4], ∫ϰ²/L>=[16.6, 17.3, 13.2, 18.9, 20.0], C-C-Sep=0.08, ║∇J║=4.2e-04
Iteration 1024/2000-----
currents: [100000.0, 99999.9999868714, 99999.99998673376, 99999.99998319126, 99999.9999841428]
J=1.1e-04, ⟨Jf⟩=1.0e-04, ⟨B·n⟩=3.0e-03, Len=sum([2.4, 2.4, 2.4, 2.5, 2.6])=12.3, ϰ=[10.0, 8.9, 6.9, 9.7, 10.4], ∫ϰ²/L>=[16.6, 17.3, 13.2, 18.9, 20.0], C-C-Sep=0.08, ║∇J║=4.3e-04
Iteration 1025/2000-----
currents: [100000.0, 99999.99998686556, 99999.99998672785, 99999.99998318356, 99999.99998413562]
J=1.1e-04, ⟨Jf⟩=1.0e-04, ⟨B·n⟩=3.0e-03, Len=sum([2.4, 2.4, 2.4, 2.5, 2.6])=12.3, ϰ=[10.0, 8.9, 6.9, 9.7, 10.4], ∫ϰ²/L>=[16.6, 17.3, 13.2, 18.9, 20.0], C-C-Sep=0.08, ║∇J║=3.5e-04
Iteration 1026/2000-----
currents: [100000.0, 99999.99998683023, 99999.99998669239, 99999.99998313753, 99999.99998409265]
J=1.1e-04, ⟨Jf⟩=1.0e-04, ⟨B·n⟩=3.0e-03, Len=sum([2.4, 2.4, 2.4, 2.5, 2.6])=12.3, ϰ=[10.0, 8.9, 6.9, 9.7, 10.4], ∫ϰ²/L>=[16.6, 17.3, 13.2, 18.9, 20.0], C-C-Sep=0.08, ║∇J║=4.2e-04
Iteration 1027/2000-----
currents: [100000.0, 99999.99998685553, 99999.99998671774, 99999.99998317056, 99999.9999841236]
J=1.1e-04, ⟨Jf⟩=1.0e-04, ⟨B·n⟩=3.0e-03, Len=sum([2.4, 2.4, 2.4, 2.5, 2.6])=12.3, ϰ=[10.0, 8.9, 6.9, 9.7, 10.4], ∫ϰ²/L>=[16.6, 17.3, 13.2, 18.9, 20.0], C-C-Sep=0.08, ║∇J║=4.7e-04
Iteration 1028/2000-----
currents: [100000.0, 99999.99998682295, 99999.99998668498, 99999.99998312803, 99999.99998408389]
J=1.1e-04, ⟨Jf⟩=1.0e-04, ⟨B·n⟩=3.0e-03, Len=sum([2.4, 2.4, 2.4, 2.5, 2.6])=12.3, ϰ=[10.0, 8.9, 7.0, 9.8, 10.4], ∫ϰ²/L>=[16.6, 17.3, 13.2, 18.9, 20.0], C-C-Sep=0.08, ║∇J║=4.0e-04
Iteration 1029/2000-----
currents: [100000.0, 99999.99998681628, 99999.99998667825, 99999.99998311936, 99999.99998407585]
J=1.1e-04, ⟨Jf⟩=1.0e-04, ⟨B·n⟩=3.0e-03, Len=sum([2.4, 2.4, 2.4, 2.5, 2.6])=12.3, ϰ=[10.0, 8.9, 7.0, 9.8, 10.4], ∫ϰ²/L>=[16.6, 17.3, 13.2, 18.9, 20.0], C-C-Sep=0.08, ║∇J║=3.6e-04
Iteration 1030/2000-----
currents: [100000.0, 99999.99998679885, 99999.99998666075, 99999.99998309673, 99999.99998405475]
J=1.1e-04, ⟨Jf⟩=1.0e-04, ⟨B·n⟩=3.0e-03, Len=sum([2.4, 2.4, 2.4, 2.5, 2.6])=12.3, ϰ=[10.0, 8.9, 7.0, 9.8, 10.4], ∫ϰ²/L>=[16.6, 17.3, 13.2, 18.9, 20.0], C-C-Sep=0.08, ║∇J║=3.6e-04
Iteration 1031/2000-----
currents: [100000.0, 99999.99998678459, 99999.99998664639, 99999.99998307817, 99999.99998403747]
J=1.1e-04, ⟨Jf⟩=1.0e-04, ⟨B·n⟩=3.0e-03, Len=sum([2.4, 2.4, 2.4, 2.5, 2.6])=12.3, ϰ=[10.0, 8.9, 7.0, 9.8, 10.4], ∫ϰ²/L>=[16.6, 17.3, 13.2, 18.9, 20.0], C-C-Sep=0.08, ║∇J║=3.0e-04
Iteration 1032/2000-----
currents: [100000.0, 99999.99998676473, 99999.99998662647, 99999.99998305236, 99999.99998401338]
J=1.1e-04, ⟨Jf⟩=1.0e-04, ⟨B·n⟩=3.0e-03, Len=sum([2.4, 2.4, 2.4, 2.5, 2.6])=12.3, ϰ=[10.0, 9.0, 7.0, 9.9, 10.4], ∫ϰ²/L>=[16.6, 17.3, 13.2, 18.9, 20.0], C-C-Sep=0.08, ║∇J║=3.0e-04
Iteration 1033/2000-----
currents: [100000.0, 99999.99998673383, 99999.99998659555, 99999.99998301224, 99999.9999839759]
J=1.1e-04, ⟨Jf⟩=1.0e-04, ⟨B·n⟩=3.0e-03, Len=sum([2.4, 2.4, 2.4, 2.5, 2.6])=12.3, ϰ=[10.0, 9.0, 7.1, 9.9, 10.4], ∫ϰ²/L>=[16.6, 17.3, 13.2, 18.9, 20.0], C-C-Sep=0.08, ║∇J║=3.4e-04
Iteration 1034/2000-----
currents: [100000.0, 99999.99998669232, 99999.99998655394, 99999.99998295822, 99999.99998392543]
J=1.1e-04, ⟨Jf⟩=1.0e-04, ⟨B·n⟩=3.0e-03, Len=sum([2.4, 2.4, 2.4, 2.5, 2.6])=12.3, ϰ=[10.0, 9.0, 7.1, 9.9, 10.4], ∫ϰ²/L>=[16.6, 17.3, 13.2, 18.9, 20.0], C-C-Sep=0.08, ║∇J║=3.7e-04
Iteration 1035/2000-----
currents: [100000.0, 99999.99998662922, 99999.99998649069, 99999.99998287616, 99999.9999838488]
J=1.1e-04, ⟨Jf⟩=1.0e-04, ⟨B·n⟩=3.0e-03, Len=sum([2.4, 2.4, 2.4, 2.5, 2.6])=12.3, ϰ=[10.0, 9.0, 7.1, 9.9, 10.4], ∫ϰ²/L>=[16.7, 17.3, 13.2, 18.9, 20.0], C-C-Sep=0.08, ║∇J║=4.0e-04
Iteration 1036/2000-----
currents: [100000.0, 99999.99998664073, 99999.99998650225, 99999.99998289127, 99999.99998386293]
J=1.1e-04, ⟨Jf⟩=1.0e-04, ⟨B·n⟩=3.0e-03, Len=sum([2.4, 2.4, 2.4, 2.5, 2.6])=12.3, ϰ=[10.0, 8.9, 7.1, 9.9, 10.4], ∫ϰ²/L>=[16.6, 17.3, 13.3, 18.9, 20.0], C-C-Sep=0.08, ║∇J║=4.1e-04
Iteration 1037/2000-----
currents: [100000.0, 99999.99998663228, 99999.9999864938, 99999.99998288043, 99999.9999838528]
J=1.1e-04, ⟨Jf⟩=1.0e-04, ⟨B·n⟩=3.0e-03, Len=sum([2.4, 2.4, 2.4, 2.5, 2.6])=12.3, ϰ=[10.0, 8.9, 7.1, 9.9, 10.4], ∫ϰ²/L>=[16.6, 17.3, 13.3, 18.9, 20.0], C-C-Sep=0.08, ║∇J║=3.6e-04
Iteration 1038/2000-----
currents: [100000.0, 99999.99998660454, 99999.99998646603, 99999.99998284447, 99999.9999838191]
J=1.1e-04, ⟨Jf⟩=1.0e-04, ⟨B·n⟩=3.0e-03, Len=sum([2.4, 2.4, 2.4, 2.5, 2.6])=12.3, ϰ=[10.0, 8.9, 7.1, 9.9, 10.4], ∫ϰ²/L>=[16.6, 17.3, 13.3, 18.9, 20.0], C-C-Sep=0.08, ║∇J║=3.2e-04
Iteration 1039/2000-----
currents: [100000.0, 99999.99998656948, 99999.99998643094, 99999.99998279901, 99999.99998377654]
J=1.1e-04, ⟨Jf⟩=1.0e-04, ⟨B·n⟩=3.0e-03, Len=sum([2.4, 2.4, 2.4, 2.5, 2.6])=12.3, ϰ=[10.1, 8.8, 7.1, 9.9, 10.4], ∫ϰ²/L>=[16.7, 17.3, 13.3, 18.9, 20.0], C-C-Sep=0.08, ║∇J║=3.1e-04
Iteration 1040/2000-----
currents: [100000.0, 99999.99998652498, 99999.99998638647, 99999.99998274141, 99999.99998372262]
J=1.1e-04, ⟨Jf⟩=1.0e-04, ⟨B·n⟩=3.0e-03, Len=sum([2.4, 2.4, 2.4, 2.5, 2.6])=12.3, ϰ=[10.1, 8.8, 7.1, 10.0, 10.5], ∫ϰ²/L>=[16.7, 17.3, 13.3, 18.9, 20.0], C-C-Sep=0.08, ║∇J║=3.7e-04
Iteration 1041/2000-----
currents: [100000.0, 99999.99998647656, 99999.99998633802, 99999.99998267856, 99999.99998366383]
J=1.1e-04, ⟨Jf⟩=1.0e-04, ⟨B·n⟩=3.0e-03, Len=sum([2.4, 2.4, 2.4, 2.5, 2.6])=12.3, ϰ=[10.1, 8.9, 7.2, 10.0, 10.4], ∫ϰ²/L>=[16.7, 17.3, 13.3, 18.9, 19.9], C-C-Sep=0.08, ║∇J║=3.8e-04
Iteration 1042/2000-----
currents: [100000.0, 99999.99998642984, 99999.99998629128, 99999.99998261791, 99999.99998360711]
J=1.1e-04, ⟨Jf⟩=1.0e-04, ⟨B·n⟩=3.0e-03, Len=sum([2.4, 2.4, 2.4, 2.5, 2.6])=12.3, ϰ=[10.1, 8.9, 7.1, 10.0, 10.4], ∫ϰ²/L>=[16.7, 17.4, 13.3, 18.9, 19.9], C-C-Sep=0.08, ║∇J║=3.5e-04
Iteration 1043/2000-----
currents: [100000.0, 99999.99998641136, 99999.99998627273, 99999.99998259383, 99999.99998358462]
J=1.1e-04, ⟨Jf⟩=1.0e-04, ⟨B·n⟩=3.0e-03, Len=sum([2.4, 2.4, 2.4, 2.5, 2.6])=12.3, ϰ=[10.1, 9.0, 7.1, 10.0, 10.4], ∫ϰ²/L>=[16.7, 17.4, 13.3, 18.9, 19.9], C-C-Sep=0.08, ║∇J║=5.7e-04
Iteration 1044/2000-----
currents: [100000.0, 99999.99998637526, 99999.99998623658, 99999.99998254696, 99999.99998354087]
J=1.1e-04, ⟨Jf⟩=1.0e-04, ⟨B·n⟩=3.0e-03, Len=sum([2.4, 2.4, 2.4, 2.6, 2.6])=12.3, ϰ=[10.1, 9.0, 7.0, 10.0, 10.4], ∫ϰ²/L>=[16.7, 17.4, 13.3, 18.9, 19.9], C-C-Sep=0.08, ║∇J║=5.1e-04
Iteration 1045/2000-----
currents: [100000.0, 99999.99998637362, 99999.99998623494, 99999.9999825448, 99999.99998353883]
J=1.1e-04, ⟨Jf⟩=1.0e-04, ⟨B·n⟩=3.0e-03, Len=sum([2.4, 2.4, 2.4, 2.6, 2.6])=12.3, ϰ=[10.1, 9.0, 7.0, 10.0, 10.5], ∫ϰ²/L>=[16.7, 17.3, 13.3, 18.9, 19.9], C-C-Sep=0.08, ║∇J║=3.8e-04
Iteration 1046/2000-----
currents: [100000.0, 99999.99998634587, 99999.99998620717, 99999.99998250874, 99999.99998350504]
J=1.1e-04, ⟨Jf⟩=1.0e-04, ⟨B·n⟩=3.0e-03, Len=sum([2.4, 2.4, 2.4, 2.6, 2.6])=12.3, ϰ=[10.1, 9.0, 7.1, 10.0, 10.5], ∫ϰ²/L>=[16.7, 17.3, 13.3, 18.9, 19.9], C-C-Sep=0.08, ║∇J║=4.0e-04
Iteration 1047/2000-----
currents: [100000.0, 99999.99998633325, 99999.9999861946, 99999.99998249243, 99999.99998348982]
J=1.1e-04, ⟨Jf⟩=1.0e-04, ⟨B·n⟩=3.0e-03, Len=sum([2.4, 2.4, 2.4, 2.6, 2.6])=12.3, ϰ=[10.1, 9.0, 7.1, 10.0, 10.5], ∫ϰ²/L>=[16.7, 17.3, 13.3, 18.9, 19.9], C-C-Sep=0.08, ║∇J║=3.9e-04
Iteration 1048/2000-----
currents: [100000.0, 99999.99998626793, 99999.99998612927, 99999.99998240764, 99999.99998341057]
J=1.1e-04, ⟨Jf⟩=1.0e-04, ⟨B·n⟩=3.0e-03, Len=sum([2.4, 2.4, 2.4, 2.6, 2.6])=12.3, ϰ=[10.1, 9.0, 7.1, 10.1, 10.5], ∫ϰ²/L>=[16.7, 17.3, 13.3, 18.9, 19.9], C-C-Sep=0.08, ║∇J║=3.9e-04
Iteration 1049/2000-----
currents: [100000.0, 99999.9999862095, 99999.99998607088, 99999.9999823319, 99999.99998333975]
J=1.1e-04, ⟨Jf⟩=1.0e-04, ⟨B·n⟩=3.0e-03, Len=sum([2.4, 2.4, 2.4, 2.6, 2.6])=12.3, ϰ=[10.1, 9.0, 7.1, 10.1, 10.5], ∫ϰ²/L>=[16.7, 17.4, 13.3, 18.9, 19.9], C-C-Sep=0.08, ║∇J║=3.8e-04
Iteration 1050/2000-----
currents: [100000.0, 99999.99998622118, 99999.99998608264, 99999.99998234706, 99999.99998335389]
J=1.1e-04, ⟨Jf⟩=1.0e-04, ⟨B·n⟩=3.0e-03, Len=sum([2.4, 2.4, 2.4, 2.6, 2.6])=12.3, ϰ=[10.0, 9.0, 7.1, 10.0, 10.5], ∫ϰ²/L>=[16.7, 17.4, 13.3, 18.9, 19.9], C-C-Sep=0.08, ║∇J║=3.9e-04
Iteration 1051/2000-----
currents: [100000.0, 99999.99998617804, 99999.99998603937, 99999.99998229097, 99999.99998330149]
J=1.1e-04, ⟨Jf⟩=1.0e-04, ⟨B·n⟩=3.0e-03, Len=sum([2.4, 2.4, 2.4, 2.6, 2.6])=12.3, ϰ=[10.0, 9.0, 7.1, 10.0, 10.4], ∫ϰ²/L>=[16.7, 17.3, 13.3, 18.9, 19.9], C-C-Sep=0.08, ║∇J║=5.2e-04
Iteration 1052/2000-----
currents: [100000.0, 99999.99998621007, 99999.99998607142, 99999.99998233258, 99999.99998334043]
J=1.1e-04, ⟨Jf⟩=1.0e-04, ⟨B·n⟩=3.0e-03, Len=sum([2.4, 2.4, 2.4, 2.6, 2.6])=12.3, ϰ=[10.0, 9.0, 7.1, 10.0, 10.4], ∫ϰ²/L>=[16.7, 17.3, 13.3, 18.9, 19.9], C-C-Sep=0.08, ║∇J║=5.5e-04
Iteration 1053/2000-----
currents: [100000.0, 99999.99998618771, 99999.99998604906, 99999.99998230356, 99999.99998331323]
J=1.1e-04, ⟨Jf⟩=1.0e-04, ⟨B·n⟩=3.0e-03, Len=sum([2.4, 2.4, 2.4, 2.6, 2.6])=12.3, ϰ=[10.0, 9.0, 7.1, 10.0, 10.4], ∫ϰ²/L>=[16.7, 17.3, 13.3, 18.9, 19.9], C-C-Sep=0.08, ║∇J║=3.0e-04
Iteration 1054/2000-----
currents: [100000.0, 99999.99998617262, 99999.99998603403, 99999.99998228408, 99999.99998329503]
J=1.1e-04, ⟨Jf⟩=1.0e-04, ⟨B·n⟩=3.0e-03, Len=sum([2.4, 2.4, 2.4, 2.6, 2.6])=12.3, ϰ=[10.0, 9.0, 7.1, 10.0, 10.4], ∫ϰ²/L>=[16.7, 17.3, 13.3, 18.9, 19.9], C-C-Sep=0.08, ║∇J║=3.0e-04
Iteration 1055/2000-----
currents: [100000.0, 99999.99998614093, 99999.99998600235, 99999.99998224297, 99999.9999832566]
J=1.1e-04, ⟨Jf⟩=1.0e-04, ⟨B·n⟩=3.0e-03, Len=sum([2.4, 2.4, 2.4, 2.6, 2.6])=12.3, ϰ=[10.0, 9.0, 7.1, 10.0, 10.4], ∫ϰ²/L>=[16.7, 17.3, 13.3, 18.9, 19.9], C-C-Sep=0.08, ║∇J║=3.2e-04
Iteration 1056/2000-----
currents: [100000.0, 99999.99998612098, 99999.9999859825, 99999.99998221715, 99999.99998323248]
J=1.1e-04, ⟨Jf⟩=1.0e-04, ⟨B·n⟩=3.0e-03, Len=sum([2.4, 2.4, 2.4, 2.6, 2.6])=12.3, ϰ=[10.0, 9.0, 7.1, 10.0, 10.4], ∫ϰ²/L>=[16.7, 17.3, 13.3, 18.9, 19.9], C-C-Sep=0.08, ║∇J║=3.9e-04
Iteration 1057/2000-----
currents: [100000.0, 99999.99998610097, 99999.9999859626, 99999.99998219124, 99999.99998320822]
J=1.1e-04, ⟨Jf⟩=1.0e-04, ⟨B·n⟩=3.0e-03, Len=sum([2.4, 2.4, 2.4, 2.6, 2.6])=12.3, ϰ=[9.9, 9.0, 7.1, 10.0, 10.5], ∫ϰ²/L>=[16.7, 17.3, 13.3, 18.9, 19.9], C-C-Sep=0.08, ║∇J║=3.0e-04
Iteration 1058/2000-----
currents: [100000.0, 99999.9999860681, 99999.99998592974, 99999.99998214853, 99999.99998316834]
J=1.1e-04, ⟨Jf⟩=1.0e-04, ⟨B·n⟩=3.0e-03, Len=sum([2.4, 2.4, 2.4, 2.6, 2.6])=12.3, ϰ=[9.9, 9.0, 7.1, 10.0, 10.5], ∫ϰ²/L>=[16.7, 17.3, 13.3, 18.8, 19.9], C-C-Sep=0.08, ║∇J║=3.8e-04
Iteration 1059/2000-----
currents: [100000.0, 99999.99998600018, 99999.99998586194, 99999.99998206047, 99999.99998308603]
J=1.1e-04, ⟨Jf⟩=1.0e-04, ⟨B·n⟩=3.0e-03, Len=sum([2.4, 2.4, 2.4, 2.6, 2.6])=12.3, ϰ=[9.9, 9.0, 7.0, 10.0, 10.5], ∫ϰ²/L>=[16.7, 17.3, 13.3, 18.8, 19.9], C-C-Sep=0.08, ║∇J║=4.5e-04
Iteration 1060/2000-----
currents: [100000.0, 99999.99998599975, 99999.9999858615, 99999.99998205995, 99999.99998308555]
J=1.1e-04, ⟨Jf⟩=1.0e-04, ⟨B·n⟩=3.0e-03, Len=sum([2.4, 2.4, 2.4, 2.6, 2.6])=12.3, ϰ=[9.9, 9.0, 7.0, 10.0, 10.5], ∫ϰ²/L>=[16.7, 17.3, 13.3, 18.8, 19.9], C-C-Sep=0.08, ║∇J║=4.1e-04
Iteration 1061/2000-----
currents: [100000.0, 99999.99998598335, 99999.9999858451, 99999.99998203877, 99999.99998306583]
J=1.1e-04, ⟨Jf⟩=1.0e-04, ⟨B·n⟩=3.0e-03, Len=sum([2.4, 2.4, 2.4, 2.6, 2.6])=12.3, ϰ=[10.0, 9.0, 7.0, 10.0, 10.5], ∫ϰ²/L>=[16.7, 17.3, 13.3, 18.8, 19.9], C-C-Sep=0.08, ║∇J║=3.6e-04
Iteration 1062/2000-----
currents: [100000.0, 99999.99998596773, 99999.99998582948, 99999.99998201863, 99999.99998304699]
J=1.1e-04, ⟨Jf⟩=1.0e-04, ⟨B·n⟩=3.0e-03, Len=sum([2.4, 2.4, 2.4, 2.6, 2.6])=12.3, ϰ=[10.0, 9.0, 6.9, 10.0, 10.5], ∫ϰ²/L>=[16.7, 17.3, 13.3, 18.8, 19.9], C-C-Sep=0.08, ║∇J║=4.0e-04
Iteration 1063/2000-----
currents: [100000.0, 99999.99998591942, 99999.99998578118, 99999.99998195602, 99999.99998298842]
J=1.1e-04, ⟨Jf⟩=1.0e-04, ⟨B·n⟩=3.0e-03, Len=sum([2.4, 2.4, 2.4, 2.6, 2.6])=12.3, ϰ=[10.0, 9.0, 6.9, 10.0, 10.5], ∫ϰ²/L>=[16.8, 17.3, 13.3, 18.8, 19.9], C-C-Sep=0.08, ║∇J║=3.9e-04
Iteration 1064/2000-----
currents: [100000.0, 99999.99998589774, 99999.9999857596, 99999.99998192803, 99999.99998296224]
J=1.1e-04, ⟨Jf⟩=1.0e-04, ⟨B·n⟩=3.0e-03, Len=sum([2.4, 2.4, 2.4, 2.6, 2.6])=12.3, ϰ=[10.0, 9.0, 6.9, 10.0, 10.5], ∫ϰ²/L>=[16.8, 17.3, 13.3, 18.8, 20.0], C-C-Sep=0.08, ║∇J║=3.6e-04
Iteration 1065/2000-----
currents: [100000.0, 99999.99998586891, 99999.99998573089, 99999.99998189077, 99999.99998292736]
J=1.1e-04, ⟨Jf⟩=1.0e-04, ⟨B·n⟩=3.0e-03, Len=sum([2.4, 2.4, 2.4, 2.6, 2.6])=12.3, ϰ=[10.0, 8.9, 6.9, 10.0, 10.5], ∫ϰ²/L>=[16.8, 17.3, 13.3, 18.8, 20.0], C-C-Sep=0.08, ║∇J║=4.0e-04
Iteration 1066/2000-----
currents: [100000.0, 99999.99998583381, 99999.99998569587, 99999.99998184529, 99999.99998288481]
J=1.1e-04, ⟨Jf⟩=1.0e-04, ⟨B·n⟩=3.0e-03, Len=sum([2.4, 2.4, 2.4, 2.6, 2.6])=12.3, ϰ=[10.0, 8.9, 6.9, 10.0, 10.5], ∫ϰ²/L>=[16.8, 17.3, 13.3, 18.8, 20.0], C-C-Sep=0.08, ║∇J║=3.7e-04
Iteration 1067/2000-----
currents: [100000.0, 99999.99998581676, 99999.99998567885, 99999.99998182323, 99999.9999828642]
J=1.1e-04, ⟨Jf⟩=1.0e-04, ⟨B·n⟩=3.0e-03, Len=sum([2.4, 2.4, 2.4, 2.6, 2.6])=12.3, ϰ=[10.0, 9.0, 6.9, 9.9, 10.5], ∫ϰ²/L>=[16.8, 17.3, 13.3, 18.8, 20.0], C-C-Sep=0.08, ║∇J║=3.7e-04
Iteration 1068/2000-----
currents: [100000.0, 99999.99998578531, 99999.99998564745, 99999.99998178254, 99999.99998282621]
J=1.1e-04, ⟨Jf⟩=1.0e-04, ⟨B·n⟩=3.0e-03, Len=sum([2.4, 2.4, 2.4, 2.6, 2.6])=12.3, ϰ=[9.9, 9.0, 6.9, 10.0, 10.6], ∫ϰ²/L>=[16.8, 17.3, 13.3, 18.8, 20.0], C-C-Sep=0.08, ║∇J║=3.7e-04
Iteration 1069/2000-----
currents: [100000.0, 99999.99998579809, 99999.99998566025, 99999.9999817992, 99999.9999828418]
J=1.1e-04, ⟨Jf⟩=1.0e-04, ⟨B·n⟩=3.0e-03, Len=sum([2.4, 2.4, 2.4, 2.6, 2.6])=12.3, ϰ=[10.0, 9.0, 6.9, 9.9, 10.5], ∫ϰ²/L>=[16.8, 17.3, 13.3, 18.8, 20.0], C-C-Sep=0.08, ║∇J║=3.9e-04
Iteration 1070/2000-----
currents: [100000.0, 99999.9999857631, 99999.99998562528, 99999.99998175379, 99999.9999827994]
J=1.1e-04, ⟨Jf⟩=1.0e-04, ⟨B·n⟩=3.0e-03, Len=sum([2.4, 2.4, 2.4, 2.6, 2.6])=12.3, ϰ=[10.0, 9.1, 6.8, 9.9, 10.5], ∫ϰ²/L>=[16.8, 17.3, 13.3, 18.8, 20.0], C-C-Sep=0.08, ║∇J║=4.2e-04
Iteration 1071/2000-----
currents: [100000.0, 99999.99998575482, 99999.99998561702, 99999.99998174307, 99999.99998278939]
J=1.1e-04, ⟨Jf⟩=1.0e-04, ⟨B·n⟩=3.0e-03, Len=sum([2.4, 2.4, 2.4, 2.6, 2.6])=12.3, ϰ=[10.0, 9.1, 6.8, 9.9, 10.5], ∫ϰ²/L>=[16.8, 17.3, 13.3, 18.8, 20.0], C-C-Sep=0.08, ║∇J║=4.6e-04
Iteration 1072/2000-----
currents: [100000.0, 99999.99998571158, 99999.99998557387, 99999.99998168694, 99999.9999827369]
J=1.1e-04, ⟨Jf⟩=1.0e-04, ⟨B·n⟩=3.0e-03, Len=sum([2.4, 2.4, 2.4, 2.6, 2.6])=12.3, ϰ=[10.0, 9.1, 6.9, 9.9, 10.5], ∫ϰ²/L>=[16.8, 17.3, 13.3, 18.8, 20.0], C-C-Sep=0.08, ║∇J║=4.2e-04
Iteration 1073/2000-----
currents: [100000.0, 99999.99998564193, 99999.99998550442, 99999.99998159664, 99999.99998265249]
J=1.1e-04, ⟨Jf⟩=1.0e-04, ⟨B·n⟩=3.0e-03, Len=sum([2.4, 2.4, 2.4, 2.6, 2.6])=12.3, ϰ=[10.0, 9.1, 6.9, 9.8, 10.5], ∫ϰ²/L>=[16.8, 17.3, 13.4, 18.8, 20.0], C-C-Sep=0.08, ║∇J║=4.2e-04
Iteration 1074/2000-----
currents: [100000.0, 99999.99998557492, 99999.99998543761, 99999.9999815097, 99999.9999825712]
J=1.1e-04, ⟨Jf⟩=1.0e-04, ⟨B·n⟩=3.0e-03, Len=sum([2.4, 2.4, 2.4, 2.6, 2.6])=12.3, ϰ=[10.0, 9.1, 6.9, 9.8, 10.4], ∫ϰ²/L>=[16.8, 17.4, 13.4, 18.8, 20.0], C-C-Sep=0.08, ║∇J║=4.7e-04
Iteration 1075/2000-----
currents: [100000.0, 99999.9999855924, 99999.99998545508, 99999.9999815323, 99999.99998259237]
J=1.1e-04, ⟨Jf⟩=1.0e-04, ⟨B·n⟩=3.0e-03, Len=sum([2.4, 2.4, 2.4, 2.6, 2.6])=12.3, ϰ=[10.0, 9.1, 6.9, 9.8, 10.4], ∫ϰ²/L>=[16.8, 17.4, 13.3, 18.8, 20.0], C-C-Sep=0.08, ║∇J║=4.7e-04
Iteration 1076/2000-----
currents: [100000.0, 99999.99998556895, 99999.9999854316, 99999.99998150188, 99999.9999825639]
J=1.1e-04, ⟨Jf⟩=1.0e-04, ⟨B·n⟩=3.0e-03, Len=sum([2.4, 2.4, 2.4, 2.6, 2.6])=12.3, ϰ=[10.0, 9.1, 6.9, 9.8, 10.4], ∫ϰ²/L>=[16.8, 17.4, 13.3, 18.7, 20.0], C-C-Sep=0.08, ║∇J║=4.8e-04
Iteration 1077/2000-----
currents: [100000.0, 99999.99998556779, 99999.99998543043, 99999.99998150032, 99999.99998256247]
J=1.1e-04, ⟨Jf⟩=1.0e-04, ⟨B·n⟩=3.0e-03, Len=sum([2.4, 2.4, 2.4, 2.6, 2.6])=12.3, ϰ=[10.0, 9.1, 6.9, 9.8, 10.4], ∫ϰ²/L>=[16.8, 17.4, 13.3, 18.7, 20.0], C-C-Sep=0.08, ║∇J║=3.2e-04
Iteration 1078/2000-----
currents: [100000.0, 99999.99998552504, 99999.99998538775, 99999.99998144491, 99999.99998251072]
J=1.1e-04, ⟨Jf⟩=1.0e-04, ⟨B·n⟩=3.0e-03, Len=sum([2.4, 2.4, 2.4, 2.6, 2.6])=12.3, ϰ=[10.0, 9.2, 6.9, 9.8, 10.4], ∫ϰ²/L>=[16.8, 17.4, 13.3, 18.7, 20.0], C-C-Sep=0.08, ║∇J║=4.0e-04
Iteration 1079/2000-----
currents: [100000.0, 99999.99998550175, 99999.99998536448, 99999.9999814146, 99999.99998248249]
J=1.1e-04, ⟨Jf⟩=1.0e-04, ⟨B·n⟩=3.0e-03, Len=sum([2.4, 2.4, 2.4, 2.6, 2.6])=12.3, ϰ=[10.0, 9.2, 7.0, 9.8, 10.4], ∫ϰ²/L>=[16.8, 17.4, 13.4, 18.7, 20.0], C-C-Sep=0.08, ║∇J║=3.8e-04
Iteration 1080/2000-----
currents: [100000.0, 99999.99998546284, 99999.99998532567, 99999.99998136435, 99999.9999824355]
J=1.1e-04, ⟨Jf⟩=1.0e-04, ⟨B·n⟩=3.0e-03, Len=sum([2.4, 2.4, 2.4, 2.6, 2.6])=12.3, ϰ=[10.0, 9.2, 7.0, 9.8, 10.4], ∫ϰ²/L>=[16.8, 17.4, 13.4, 18.7, 20.0], C-C-Sep=0.08, ║∇J║=3.8e-04
Iteration 1081/2000-----
currents: [100000.0, 99999.99998540636, 99999.99998526937, 99999.9999812912, 99999.99998236715]
J=1.1e-04, ⟨Jf⟩=1.0e-04, ⟨B·n⟩=3.0e-03, Len=sum([2.4, 2.4, 2.4, 2.6, 2.6])=12.3, ϰ=[10.1, 9.2, 7.0, 9.7, 10.4], ∫ϰ²/L>=[16.9, 17.4, 13.4, 18.7, 20.0], C-C-Sep=0.08, ║∇J║=3.9e-04
Iteration 1082/2000-----
currents: [100000.0, 99999.99998535957, 99999.9999852227, 99999.99998123063, 99999.99998231058]
J=1.1e-04, ⟨Jf⟩=1.0e-04, ⟨B·n⟩=3.0e-03, Len=sum([2.4, 2.4, 2.4, 2.6, 2.6])=12.3, ϰ=[10.1, 9.2, 7.0, 9.7, 10.4], ∫ϰ²/L>=[16.9, 17.3, 13.4, 18.7, 20.0], C-C-Sep=0.08, ║∇J║=3.7e-04
Iteration 1083/2000-----
currents: [100000.0, 99999.99998534836, 99999.99998521157, 99999.99998121611, 99999.99998229701]
J=1.1e-04, ⟨Jf⟩=1.0e-04, ⟨B·n⟩=3.0e-03, Len=sum([2.4, 2.4, 2.4, 2.6, 2.6])=12.3, ϰ=[10.1, 9.2, 6.9, 9.7, 10.4], ∫ϰ²/L>=[16.9, 17.3, 13.4, 18.7, 20.0], C-C-Sep=0.08, ║∇J║=3.7e-04
Iteration 1084/2000-----
currents: [100000.0, 99999.99998531336, 99999.99998517669, 99999.99998117078, 99999.99998225467]
J=1.1e-04, ⟨Jf⟩=1.0e-04, ⟨B·n⟩=3.0e-03, Len=sum([2.4, 2.4, 2.4, 2.6, 2.6])=12.3, ϰ=[10.1, 9.1, 6.9, 9.7, 10.4], ∫ϰ²/L>=[16.9, 17.3, 13.4, 18.7, 20.0], C-C-Sep=0.08, ║∇J║=3.5e-04
Iteration 1085/2000-----
currents: [100000.0, 99999.99998530182, 99999.99998516517, 99999.99998115584, 99999.99998224065]
J=1.1e-04, ⟨Jf⟩=1.0e-04, ⟨B·n⟩=3.0e-03, Len=sum([2.4, 2.4, 2.4, 2.6, 2.6])=12.3, ϰ=[10.0, 9.1, 6.9, 9.7, 10.5], ∫ϰ²/L>=[16.9, 17.3, 13.3, 18.7, 20.0], C-C-Sep=0.08, ║∇J║=4.0e-04
Iteration 1086/2000-----
currents: [100000.0, 99999.99998524539, 99999.99998510873, 99999.99998108258, 99999.9999821722]
J=1.1e-04, ⟨Jf⟩=1.0e-04, ⟨B·n⟩=3.0e-03, Len=sum([2.4, 2.4, 2.4, 2.6, 2.6])=12.3, ϰ=[10.0, 9.1, 6.9, 9.7, 10.5], ∫ϰ²/L>=[16.9, 17.3, 13.3, 18.7, 20.1], C-C-Sep=0.08, ║∇J║=3.8e-04
Iteration 1087/2000-----
currents: [100000.0, 99999.9999852319, 99999.99998509522, 99999.9999810651, 99999.99998215593]
J=1.1e-04, ⟨Jf⟩=1.0e-04, ⟨B·n⟩=3.0e-03, Len=sum([2.4, 2.4, 2.4, 2.6, 2.6])=12.3, ϰ=[10.0, 9.1, 6.8, 9.6, 10.5], ∫ϰ²/L>=[16.9, 17.3, 13.3, 18.7, 20.1], C-C-Sep=0.08, ║∇J║=4.1e-04
Iteration 1088/2000-----
currents: [100000.0, 99999.99998520632, 99999.99998506969, 99999.99998103204, 99999.9999821251]
J=1.1e-04, ⟨Jf⟩=1.0e-04, ⟨B·n⟩=3.0e-03, Len=sum([2.4, 2.4, 2.4, 2.6, 2.6])=12.3, ϰ=[10.0, 9.2, 6.8, 9.6, 10.5], ∫ϰ²/L>=[16.9, 17.3, 13.3, 18.7, 20.1], C-C-Sep=0.08, ║∇J║=3.6e-04
Iteration 1089/2000-----
currents: [100000.0, 99999.99998518148, 99999.99998504492, 99999.99998099991, 99999.99998209509]
J=1.1e-04, ⟨Jf⟩=1.0e-04, ⟨B·n⟩=3.0e-03, Len=sum([2.4, 2.4, 2.4, 2.6, 2.6])=12.3, ϰ=[10.0, 9.2, 6.8, 9.6, 10.5], ∫ϰ²/L>=[16.9, 17.3, 13.4, 18.7, 20.1], C-C-Sep=0.08, ║∇J║=3.3e-04
Iteration 1090/2000-----
currents: [100000.0, 99999.99998517963, 99999.99998504312, 99999.99998099766, 99999.99998209301]
J=1.1e-04, ⟨Jf⟩=1.0e-04, ⟨B·n⟩=3.0e-03, Len=sum([2.4, 2.4, 2.4, 2.6, 2.6])=12.3, ϰ=[10.0, 9.2, 6.9, 9.7, 10.5], ∫ϰ²/L>=[16.9, 17.3, 13.4, 18.7, 20.1], C-C-Sep=0.08, ║∇J║=3.7e-04
Iteration 1091/2000-----
currents: [100000.0, 99999.99998515203, 99999.99998501575, 99999.99998096224, 99999.9999820599]
J=1.1e-04, ⟨Jf⟩=1.0e-04, ⟨B·n⟩=3.0e-03, Len=sum([2.4, 2.4, 2.4, 2.6, 2.6])=12.3, ϰ=[10.0, 9.2, 6.9, 9.7, 10.5], ∫ϰ²/L>=[16.9, 17.3, 13.4, 18.8, 20.1], C-C-Sep=0.08, ║∇J║=4.0e-04
Iteration 1092/2000-----
currents: [100000.0, 99999.99998518366, 99999.99998504753, 99999.99998100351, 99999.99998209842]
J=1.1e-04, ⟨Jf⟩=1.0e-04, ⟨B·n⟩=3.0e-03, Len=sum([2.4, 2.4, 2.4, 2.6, 2.6])=12.3, ϰ=[10.0, 9.2, 6.9, 9.7, 10.5], ∫ϰ²/L>=[16.9, 17.3, 13.4, 18.8, 20.1], C-C-Sep=0.08, ║∇J║=4.6e-04
Iteration 1093/2000-----
currents: [100000.0, 99999.99998514378, 99999.99998500776, 99999.99998095192, 99999.99998205023]
J=1.1e-04, ⟨Jf⟩=1.0e-04, ⟨B·n⟩=3.0e-03, Len=sum([2.4, 2.4, 2.4, 2.6, 2.6])=12.3, ϰ=[10.0, 9.2, 6.9, 9.7, 10.5], ∫ϰ²/L>=[16.9, 17.3, 13.4, 18.8, 20.1], C-C-Sep=0.08, ║∇J║=4.8e-04
Iteration 1094/2000-----
currents: [100000.0, 99999.99998512909, 99999.99998499306, 99999.99998093296, 99999.99998203256]
J=1.1e-04, ⟨Jf⟩=1.0e-04, ⟨B·n⟩=3.0e-03, Len=sum([2.4, 2.4, 2.4, 2.6, 2.6])=12.3, ϰ=[10.0, 9.2, 6.9, 9.7, 10.5], ∫ϰ²/L>=[16.9, 17.3, 13.4, 18.8, 20.1], C-C-Sep=0.08, ║∇J║=4.5e-04
Iteration 1095/2000-----
currents: [100000.0, 99999.9999851138, 99999.99998497783, 99999.99998091317, 99999.99998201405]
J=1.1e-04, ⟨Jf⟩=1.0e-04, ⟨B·n⟩=3.0e-03, Len=sum([2.4, 2.4, 2.4, 2.6, 2.6])=12.3, ϰ=[10.0, 9.2, 6.9, 9.7, 10.5], ∫ϰ²/L>=[16.9, 17.3, 13.4, 18.8, 20.1], C-C-Sep=0.08, ║∇J║=3.5e-04
Iteration 1096/2000-----
currents: [100000.0, 99999.99998510482, 99999.9999849689, 99999.9999809016, 99999.99998200325]
J=1.1e-04, ⟨Jf⟩=1.0e-04, ⟨B·n⟩=3.0e-03, Len=sum([2.4, 2.4, 2.4, 2.6, 2.6])=12.3, ϰ=[10.0, 9.2, 6.9, 9.7, 10.5], ∫ϰ²/L>=[16.9, 17.3, 13.4, 18.8, 20.1], C-C-Sep=0.08, ║∇J║=3.2e-04
Iteration 1097/2000-----
currents: [100000.0, 99999.99998508047, 99999.99998494465, 99999.99998087013, 99999.99998197387]
J=1.1e-04, ⟨Jf⟩=1.0e-04, ⟨B·n⟩=3.0e-03, Len=sum([2.4, 2.4, 2.4, 2.6, 2.6])=12.3, ϰ=[10.0, 9.2, 6.9, 9.7, 10.5], ∫ϰ²/L>=[16.9, 17.3, 13.4, 18.8, 20.1], C-C-Sep=0.08, ║∇J║=2.9e-04
Iteration 1098/2000-----
currents: [100000.0, 99999.99998504845, 99999.9999849127, 99999.99998082867, 99999.99998193515]
J=1.1e-04, ⟨Jf⟩=1.0e-04, ⟨B·n⟩=3.0e-03, Len=sum([2.4, 2.4, 2.4, 2.6, 2.6])=12.3, ϰ=[10.0, 9.2, 6.9, 9.7, 10.5], ∫ϰ²/L>=[16.9, 17.3, 13.4, 18.8, 20.1], C-C-Sep=0.08, ║∇J║=3.2e-04
Iteration 1099/2000-----
currents: [100000.0, 99999.99998501698, 99999.99998488135, 99999.99998078796, 99999.99998189708]
J=1.1e-04, ⟨Jf⟩=1.0e-04, ⟨B·n⟩=3.0e-03, Len=sum([2.4, 2.4, 2.4, 2.6, 2.6])=12.3, ϰ=[10.0, 9.2, 6.9, 9.7, 10.5], ∫ϰ²/L>=[16.9, 17.3, 13.4, 18.8, 20.1], C-C-Sep=0.08, ║∇J║=3.4e-04
Iteration 1100/2000-----
currents: [100000.0, 99999.99998498337, 99999.9999848479, 99999.9999807445, 99999.99998185642]
J=1.1e-04, ⟨Jf⟩=1.0e-04, ⟨B·n⟩=3.0e-03, Len=sum([2.4, 2.4, 2.4, 2.6, 2.6])=12.3, ϰ=[10.0, 9.2, 6.9, 9.7, 10.5], ∫ϰ²/L>=[16.9, 17.3, 13.4, 18.7, 20.1], C-C-Sep=0.08, ║∇J║=3.5e-04
Iteration 1101/2000-----
currents: [100000.0, 99999.99998498148, 99999.99998484606, 99999.99998074217, 99999.9999818542]
J=1.1e-04, ⟨Jf⟩=1.0e-04, ⟨B·n⟩=3.0e-03, Len=sum([2.4, 2.4, 2.4, 2.6, 2.6])=12.3, ϰ=[10.0, 9.2, 6.9, 9.7, 10.5], ∫ϰ²/L>=[16.8, 17.3, 13.3, 18.7, 20.1], C-C-Sep=0.08, ║∇J║=3.8e-04
Iteration 1102/2000-----
currents: [100000.0, 99999.99998496729, 99999.99998483196, 99999.99998072394, 99999.99998183716]
J=1.1e-04, ⟨Jf⟩=1.0e-04, ⟨B·n⟩=3.0e-03, Len=sum([2.4, 2.4, 2.4, 2.6, 2.6])=12.3, ϰ=[10.0, 9.2, 7.0, 9.7, 10.5], ∫ϰ²/L>=[16.8, 17.3, 13.3, 18.7, 20.1], C-C-Sep=0.08, ║∇J║=3.4e-04
Iteration 1103/2000-----
currents: [100000.0, 99999.9999849563, 99999.99998482112, 99999.99998070992, 99999.99998182406]
J=1.1e-04, ⟨Jf⟩=1.0e-04, ⟨B·n⟩=3.0e-03, Len=sum([2.4, 2.4, 2.4, 2.6, 2.6])=12.3, ϰ=[9.9, 9.2, 7.0, 9.7, 10.5], ∫ϰ²/L>=[16.8, 17.3, 13.3, 18.7, 20.1], C-C-Sep=0.08, ║∇J║=3.3e-04
Iteration 1104/2000-----
currents: [100000.0, 99999.99998493346, 99999.99998479839, 99999.99998068053, 99999.99998179663]
J=1.1e-04, ⟨Jf⟩=1.0e-04, ⟨B·n⟩=3.0e-03, Len=sum([2.4, 2.4, 2.4, 2.6, 2.6])=12.3, ϰ=[9.9, 9.2, 7.0, 9.7, 10.5], ∫ϰ²/L>=[16.8, 17.3, 13.3, 18.7, 20.1], C-C-Sep=0.08, ║∇J║=3.0e-04
Iteration 1105/2000-----
currents: [100000.0, 99999.99998492392, 99999.99998478894, 99999.9999806684, 99999.99998178534]
J=1.1e-04, ⟨Jf⟩=1.0e-04, ⟨B·n⟩=3.0e-03, Len=sum([2.4, 2.4, 2.4, 2.6, 2.6])=12.3, ϰ=[9.9, 9.2, 7.1, 9.7, 10.5], ∫ϰ²/L>=[16.8, 17.3, 13.3, 18.7, 20.1], C-C-Sep=0.08, ║∇J║=3.3e-04
Iteration 1106/2000-----
currents: [100000.0, 99999.99998486077, 99999.99998472605, 99999.99998058708, 99999.99998170939]
J=1.1e-04, ⟨Jf⟩=1.0e-04, ⟨B·n⟩=3.0e-03, Len=sum([2.4, 2.4, 2.4, 2.6, 2.6])=12.3, ϰ=[9.9, 9.2, 7.1, 9.7, 10.5], ∫ϰ²/L>=[16.8, 17.3, 13.4, 18.8, 20.1], C-C-Sep=0.08, ║∇J║=4.4e-04
Iteration 1107/2000-----
currents: [100000.0, 99999.99998480239, 99999.99998466799, 99999.99998051203, 99999.99998163927]
J=1.1e-04, ⟨Jf⟩=1.0e-04, ⟨B·n⟩=3.0e-03, Len=sum([2.4, 2.4, 2.4, 2.6, 2.6])=12.3, ϰ=[9.9, 9.2, 7.1, 9.8, 10.5], ∫ϰ²/L>=[16.8, 17.3, 13.4, 18.8, 20.2], C-C-Sep=0.08, ║∇J║=4.6e-04
Iteration 1108/2000-----
currents: [100000.0, 99999.99998476548, 99999.99998463127, 99999.9999804647, 99999.99998159504]
J=1.1e-04, ⟨Jf⟩=1.0e-04, ⟨B·n⟩=3.0e-03, Len=sum([2.4, 2.4, 2.4, 2.6, 2.6])=12.3, ϰ=[9.9, 9.2, 7.1, 9.8, 10.5], ∫ϰ²/L>=[16.8, 17.3, 13.4, 18.8, 20.2], C-C-Sep=0.08, ║∇J║=4.2e-04
Iteration 1109/2000-----
currents: [100000.0, 99999.99998473683, 99999.99998460275, 99999.99998042775, 99999.9999815605]
J=1.1e-04, ⟨Jf⟩=1.0e-04, ⟨B·n⟩=3.0e-03, Len=sum([2.4, 2.4, 2.4, 2.6, 2.6])=12.3, ϰ=[9.9, 9.1, 7.1, 9.8, 10.5], ∫ϰ²/L>=[16.8, 17.3, 13.3, 18.8, 20.2], C-C-Sep=0.08, ║∇J║=4.3e-04
Iteration 1110/2000-----
currents: [100000.0, 99999.99998477081, 99999.99998463657, 99999.99998047168, 99999.99998160156]
J=1.1e-04, ⟨Jf⟩=1.0e-04, ⟨B·n⟩=3.0e-03, Len=sum([2.4, 2.4, 2.4, 2.6, 2.6])=12.3, ϰ=[9.9, 9.1, 7.0, 9.8, 10.5], ∫ϰ²/L>=[16.8, 17.3, 13.3, 18.8, 20.1], C-C-Sep=0.08, ║∇J║=4.0e-04
Iteration 1111/2000-----
currents: [100000.0, 99999.99998472126, 99999.99998458715, 99999.99998040767, 99999.99998154177]
J=1.1e-04, ⟨Jf⟩=1.0e-04, ⟨B·n⟩=3.0e-03, Len=sum([2.4, 2.4, 2.4, 2.6, 2.6])=12.3, ϰ=[9.9, 9.1, 7.0, 9.8, 10.5], ∫ϰ²/L>=[16.8, 17.3, 13.3, 18.8, 20.1], C-C-Sep=0.08, ║∇J║=4.2e-04
Iteration 1112/2000-----
currents: [100000.0, 99999.99998470851, 99999.99998457452, 99999.99998039134, 99999.99998152649]
J=1.1e-04, ⟨Jf⟩=1.0e-04, ⟨B·n⟩=3.0e-03, Len=sum([2.4, 2.4, 2.4, 2.6, 2.6])=12.3, ϰ=[9.9, 9.2, 7.0, 9.8, 10.5], ∫ϰ²/L>=[16.8, 17.3, 13.3, 18.8, 20.1], C-C-Sep=0.08, ║∇J║=4.2e-04
Iteration 1113/2000-----
currents: [100000.0, 99999.99998468124, 99999.99998454736, 99999.99998035627, 99999.99998149372]
J=1.1e-04, ⟨Jf⟩=1.0e-04, ⟨B·n⟩=3.0e-03, Len=sum([2.4, 2.4, 2.4, 2.6, 2.6])=12.3, ϰ=[9.9, 9.2, 7.0, 9.8, 10.5], ∫ϰ²/L>=[16.8, 17.3, 13.3, 18.8, 20.1], C-C-Sep=0.08, ║∇J║=3.4e-04
Iteration 1114/2000-----
currents: [100000.0, 99999.99998466045, 99999.99998452667, 99999.99998032955, 99999.99998146873]
J=1.1e-04, ⟨Jf⟩=1.0e-04, ⟨B·n⟩=3.0e-03, Len=sum([2.4, 2.4, 2.4, 2.6, 2.6])=12.3, ϰ=[9.9, 9.2, 7.0, 9.8, 10.5], ∫ϰ²/L>=[16.8, 17.3, 13.3, 18.8, 20.1], C-C-Sep=0.08, ║∇J║=2.8e-04
Iteration 1115/2000-----
currents: [100000.0, 99999.99998462484, 99999.99998449122, 99999.99998028371, 99999.99998142588]
J=1.1e-04, ⟨Jf⟩=1.0e-04, ⟨B·n⟩=3.0e-03, Len=sum([2.4, 2.4, 2.4, 2.6, 2.6])=12.3, ϰ=[9.9, 9.1, 6.9, 9.8, 10.5], ∫ϰ²/L>=[16.8, 17.3, 13.3, 18.8, 20.1], C-C-Sep=0.08, ║∇J║=3.5e-04
Iteration 1116/2000-----
currents: [100000.0, 99999.99998458772, 99999.99998445433, 99999.99998023594, 99999.9999813812]
J=1.1e-04, ⟨Jf⟩=1.0e-04, ⟨B·n⟩=3.0e-03, Len=sum([2.4, 2.4, 2.4, 2.6, 2.6])=12.3, ϰ=[9.9, 9.2, 6.9, 9.8, 10.5], ∫ϰ²/L>=[16.8, 17.3, 13.3, 18.8, 20.1], C-C-Sep=0.08, ║∇J║=3.0e-04
Iteration 1117/2000-----
currents: [100000.0, 99999.99998457615, 99999.9999844429, 99999.99998022102, 99999.99998136726]
J=1.1e-04, ⟨Jf⟩=1.0e-04, ⟨B·n⟩=3.0e-03, Len=sum([2.4, 2.4, 2.4, 2.6, 2.6])=12.3, ϰ=[9.9, 9.2, 6.9, 9.8, 10.5], ∫ϰ²/L>=[16.8, 17.3, 13.3, 18.8, 20.1], C-C-Sep=0.08, ║∇J║=3.1e-04
Iteration 1118/2000-----
currents: [100000.0, 99999.99998453635, 99999.9999844034, 99999.9999801698, 99999.99998131939]
J=1.1e-04, ⟨Jf⟩=1.0e-04, ⟨B·n⟩=3.0e-03, Len=sum([2.4, 2.4, 2.4, 2.6, 2.6])=12.3, ϰ=[9.9, 9.2, 6.9, 9.8, 10.5], ∫ϰ²/L>=[16.8, 17.3, 13.3, 18.8, 20.1], C-C-Sep=0.08, ║∇J║=3.7e-04
Iteration 1119/2000-----
currents: [100000.0, 99999.99998454869, 99999.99998441573, 99999.99998018559, 99999.99998133413]
J=1.1e-04, ⟨Jf⟩=1.0e-04, ⟨B·n⟩=3.0e-03, Len=sum([2.4, 2.4, 2.4, 2.6, 2.6])=12.3, ϰ=[9.9, 9.2, 6.9, 9.8, 10.5], ∫ϰ²/L>=[16.8, 17.3, 13.3, 18.8, 20.1], C-C-Sep=0.08, ║∇J║=4.0e-04
Iteration 1120/2000-----
currents: [100000.0, 99999.99998453404, 99999.99998440115, 99999.9999801667, 99999.99998131643]
J=1.1e-04, ⟨Jf⟩=1.0e-04, ⟨B·n⟩=3.0e-03, Len=sum([2.4, 2.4, 2.4, 2.6, 2.6])=12.3, ϰ=[9.9, 9.2, 6.9, 9.8, 10.5], ∫ϰ²/L>=[16.8, 17.3, 13.3, 18.8, 20.1], C-C-Sep=0.08, ║∇J║=3.2e-04
Iteration 1121/2000-----
currents: [100000.0, 99999.99998452143, 99999.99998438862, 99999.99998015049, 99999.99998130124]
J=1.1e-04, ⟨Jf⟩=1.0e-04, ⟨B·n⟩=3.0e-03, Len=sum([2.4, 2.4, 2.4, 2.6, 2.6])=12.3, ϰ=[9.9, 9.2, 6.9, 9.8, 10.5], ∫ϰ²/L>=[16.8, 17.3, 13.3, 18.8, 20.1], C-C-Sep=0.08, ║∇J║=2.6e-04
Iteration 1122/2000-----
currents: [100000.0, 99999.9999844894, 99999.99998435678, 99999.99998010926, 99999.99998126269]
J=1.1e-04, ⟨Jf⟩=1.0e-04, ⟨B·n⟩=3.0e-03, Len=sum([2.4, 2.4, 2.4, 2.6, 2.6])=12.3, ϰ=[9.9, 9.2, 6.9, 9.9, 10.5], ∫ϰ²/L>=[16.9, 17.3, 13.3, 18.8, 20.1], C-C-Sep=0.08, ║∇J║=2.8e-04
Iteration 1123/2000-----
currents: [100000.0, 99999.99998446093, 99999.9999843285, 99999.99998007264, 99999.99998122838]
J=1.1e-04, ⟨Jf⟩=1.0e-04, ⟨B·n⟩=3.0e-03, Len=sum([2.4, 2.4, 2.4, 2.6, 2.6])=12.3, ϰ=[9.9, 9.2, 6.9, 9.9, 10.5], ∫ϰ²/L>=[16.9, 17.3, 13.3, 18.8, 20.1], C-C-Sep=0.08, ║∇J║=3.0e-04
Iteration 1124/2000-----
currents: [100000.0, 99999.99998442552, 99999.99998429338, 99999.99998002716, 99999.99998118587]
J=1.1e-04, ⟨Jf⟩=1.0e-04, ⟨B·n⟩=3.0e-03, Len=sum([2.4, 2.4, 2.4, 2.6, 2.6])=12.3, ϰ=[9.9, 9.2, 6.9, 9.9, 10.5], ∫ϰ²/L>=[16.9, 17.3, 13.3, 18.8, 20.1], C-C-Sep=0.08, ║∇J║=3.1e-04
Iteration 1125/2000-----
currents: [100000.0, 99999.9999843656, 99999.99998423384, 99999.99997995001, 99999.9999811138]
J=1.1e-04, ⟨Jf⟩=1.0e-04, ⟨B·n⟩=3.0e-03, Len=sum([2.4, 2.4, 2.4, 2.6, 2.6])=12.3, ϰ=[9.9, 9.2, 6.8, 9.9, 10.5], ∫ϰ²/L>=[16.9, 17.3, 13.3, 18.8, 20.2], C-C-Sep=0.08, ║∇J║=3.5e-04
Iteration 1126/2000-----
currents: [100000.0, 99999.99998438006, 99999.99998424831, 99999.99997996887, 99999.99998113145]
J=1.1e-04, ⟨Jf⟩=1.0e-04, ⟨B·n⟩=3.0e-03, Len=sum([2.4, 2.4, 2.4, 2.6, 2.6])=12.3, ϰ=[9.9, 9.2, 6.8, 9.9, 10.5], ∫ϰ²/L>=[16.8, 17.3, 13.3, 18.8, 20.2], C-C-Sep=0.08, ║∇J║=4.5e-04
Iteration 1127/2000-----
currents: [100000.0, 99999.99998435203, 99999.9999842204, 99999.99997993279, 99999.99998109776]
J=1.1e-04, ⟨Jf⟩=1.0e-04, ⟨B·n⟩=3.0e-03, Len=sum([2.4, 2.4, 2.4, 2.6, 2.6])=12.3, ϰ=[9.9, 9.1, 6.8, 9.9, 10.5], ∫ϰ²/L>=[16.8, 17.3, 13.3, 18.8, 20.2], C-C-Sep=0.08, ║∇J║=3.7e-04
Iteration 1128/2000-----
currents: [100000.0, 99999.99998435705, 99999.99998422536, 99999.99997993914, 99999.99998110371]
J=1.1e-04, ⟨Jf⟩=1.0e-04, ⟨B·n⟩=3.0e-03, Len=sum([2.4, 2.4, 2.4, 2.6, 2.6])=12.3, ϰ=[9.9, 9.1, 6.8, 9.9, 10.5], ∫ϰ²/L>=[16.8, 17.3, 13.3, 18.8, 20.2], C-C-Sep=0.08, ║∇J║=4.1e-04
Iteration 1129/2000-----
currents: [100000.0, 99999.99998432913, 99999.9999841976, 99999.99997990318, 99999.9999810701]
J=1.1e-04, ⟨Jf⟩=1.0e-04, ⟨B·n⟩=3.0e-03, Len=sum([2.4, 2.4, 2.4, 2.6, 2.6])=12.3, ϰ=[9.9, 9.1, 6.8, 9.9, 10.5], ∫ϰ²/L>=[16.9, 17.3, 13.3, 18.8, 20.2], C-C-Sep=0.08, ║∇J║=3.0e-04
Iteration 1130/2000-----
currents: [100000.0, 99999.99998431465, 99999.99998418325, 99999.99997988461, 99999.9999810527]
J=1.1e-04, ⟨Jf⟩=1.0e-04, ⟨B·n⟩=3.0e-03, Len=sum([2.4, 2.4, 2.4, 2.6, 2.6])=12.3, ϰ=[9.9, 9.1, 6.8, 9.9, 10.5], ∫ϰ²/L>=[16.9, 17.2, 13.3, 18.8, 20.2], C-C-Sep=0.08, ║∇J║=2.6e-04
Iteration 1131/2000-----
currents: [100000.0, 99999.9999842926, 99999.99998416139, 99999.99997985635, 99999.99998102625]
J=1.1e-04, ⟨Jf⟩=1.0e-04, ⟨B·n⟩=3.0e-03, Len=sum([2.4, 2.4, 2.4, 2.6, 2.6])=12.3, ϰ=[10.0, 9.1, 6.9, 9.9, 10.5], ∫ϰ²/L>=[16.9, 17.2, 13.3, 18.8, 20.2], C-C-Sep=0.08, ║∇J║=2.7e-04
Iteration 1132/2000-----
currents: [100000.0, 99999.99998426344, 99999.99998413245, 99999.99997981894, 99999.9999809912]
J=1.1e-04, ⟨Jf⟩=1.0e-04, ⟨B·n⟩=3.0e-03, Len=sum([2.4, 2.4, 2.4, 2.6, 2.6])=12.3, ϰ=[10.0, 9.1, 6.9, 9.9, 10.5], ∫ϰ²/L>=[16.9, 17.2, 13.3, 18.8, 20.2], C-C-Sep=0.08, ║∇J║=3.2e-04
Iteration 1133/2000-----
currents: [100000.0, 99999.9999842393, 99999.99998410851, 99999.99997978802, 99999.99998096225]
J=1.1e-04, ⟨Jf⟩=1.0e-04, ⟨B·n⟩=3.0e-03, Len=sum([2.4, 2.4, 2.4, 2.6, 2.6])=12.3, ϰ=[10.0, 9.1, 6.9, 9.9, 10.5], ∫ϰ²/L>=[16.9, 17.2, 13.3, 18.8, 20.2], C-C-Sep=0.08, ║∇J║=3.1e-04
Iteration 1134/2000-----
currents: [100000.0, 99999.9999842224, 99999.99998409174, 99999.99997976636, 99999.99998094197]
J=1.1e-04, ⟨Jf⟩=1.0e-04, ⟨B·n⟩=3.0e-03, Len=sum([2.4, 2.4, 2.4, 2.6, 2.6])=12.3, ϰ=[10.0, 9.1, 6.8, 9.9, 10.5], ∫ϰ²/L>=[16.9, 17.3, 13.3, 18.8, 20.2], C-C-Sep=0.08, ║∇J║=3.0e-04
Iteration 1135/2000-----
currents: [100000.0, 99999.99998419211, 99999.99998406164, 99999.99997972746, 99999.99998090556]
J=1.1e-04, ⟨Jf⟩=1.0e-04, ⟨B·n⟩=3.0e-03, Len=sum([2.4, 2.4, 2.4, 2.6, 2.6])=12.3, ϰ=[10.0, 9.1, 6.8, 9.9, 10.5], ∫ϰ²/L>=[16.9, 17.3, 13.3, 18.8, 20.2], C-C-Sep=0.08, ║∇J║=3.2e-04
Iteration 1136/2000-----
currents: [100000.0, 99999.99998414972, 99999.99998401957, 99999.99997967313, 99999.99998085466]
J=1.1e-04, ⟨Jf⟩=1.0e-04, ⟨B·n⟩=3.0e-03, Len=sum([2.4, 2.4, 2.4, 2.6, 2.6])=12.3, ϰ=[10.0, 9.1, 6.8, 9.9, 10.5], ∫ϰ²/L>=[16.9, 17.3, 13.3, 18.8, 20.2], C-C-Sep=0.08, ║∇J║=3.7e-04
Iteration 1137/2000-----
currents: [100000.0, 99999.99998412449, 99999.99998399455, 99999.99997964074, 99999.9999808243]
J=1.1e-04, ⟨Jf⟩=1.0e-04, ⟨B·n⟩=3.0e-03, Len=sum([2.4, 2.4, 2.4, 2.6, 2.6])=12.3, ϰ=[10.0, 9.1, 6.8, 9.9, 10.5], ∫ϰ²/L>=[16.9, 17.3, 13.3, 18.8, 20.2], C-C-Sep=0.08, ║∇J║=3.0e-04
Iteration 1138/2000-----
currents: [100000.0, 99999.99998412067, 99999.99998399078, 99999.9999796359, 99999.99998081978]
J=1.1e-04, ⟨Jf⟩=1.0e-04, ⟨B·n⟩=3.0e-03, Len=sum([2.4, 2.4, 2.4, 2.5, 2.6])=12.3, ϰ=[10.0, 9.0, 6.8, 9.9, 10.5], ∫ϰ²/L>=[16.8, 17.3, 13.3, 18.8, 20.2], C-C-Sep=0.08, ║∇J║=3.5e-04
Iteration 1139/2000-----
currents: [100000.0, 99999.9999840809, 99999.99998395136, 99999.99997958486, 99999.99998077197]
J=1.1e-04, ⟨Jf⟩=1.0e-04, ⟨B·n⟩=3.0e-03, Len=sum([2.4, 2.4, 2.4, 2.5, 2.6])=12.3, ϰ=[10.0, 9.0, 6.8, 9.9, 10.6], ∫ϰ²/L>=[16.9, 17.2, 13.3, 18.8, 20.2], C-C-Sep=0.08, ║∇J║=3.5e-04
Iteration 1140/2000-----
currents: [100000.0, 99999.99998407478, 99999.9999839453, 99999.99997957701, 99999.99998076461]
J=1.1e-04, ⟨Jf⟩=1.0e-04, ⟨B·n⟩=3.0e-03, Len=sum([2.4, 2.4, 2.4, 2.5, 2.6])=12.3, ϰ=[10.0, 9.0, 6.8, 9.9, 10.6], ∫ϰ²/L>=[16.9, 17.2, 13.3, 18.8, 20.2], C-C-Sep=0.08, ║∇J║=3.2e-04
Iteration 1141/2000-----
currents: [100000.0, 99999.99998406168, 99999.99998393233, 99999.99997956022, 99999.9999807489]
J=1.1e-04, ⟨Jf⟩=1.0e-04, ⟨B·n⟩=3.0e-03, Len=sum([2.4, 2.4, 2.4, 2.5, 2.6])=12.3, ϰ=[10.0, 9.0, 6.8, 9.9, 10.6], ∫ϰ²/L>=[16.9, 17.2, 13.3, 18.8, 20.2], C-C-Sep=0.08, ║∇J║=2.6e-04
Iteration 1142/2000-----
currents: [100000.0, 99999.99998405052, 99999.99998392127, 99999.99997954594, 99999.99998073553]
J=1.1e-04, ⟨Jf⟩=1.0e-04, ⟨B·n⟩=3.0e-03, Len=sum([2.4, 2.4, 2.4, 2.5, 2.6])=12.3, ϰ=[10.0, 9.0, 6.8, 9.9, 10.6], ∫ϰ²/L>=[16.8, 17.2, 13.3, 18.8, 20.3], C-C-Sep=0.08, ║∇J║=2.6e-04
Iteration 1143/2000-----
currents: [100000.0, 99999.99998402962, 99999.99998390059, 99999.9999795192, 99999.99998071052]
J=1.1e-04, ⟨Jf⟩=1.0e-04, ⟨B·n⟩=3.0e-03, Len=sum([2.4, 2.4, 2.4, 2.5, 2.6])=12.3, ϰ=[10.1, 9.0, 6.8, 9.9, 10.6], ∫ϰ²/L>=[16.8, 17.2, 13.3, 18.8, 20.3], C-C-Sep=0.08, ║∇J║=2.6e-04
Iteration 1144/2000-----
currents: [100000.0, 99999.99998400263, 99999.99998387381, 99999.99997948462, 99999.9999806782]
J=1.1e-04, ⟨Jf⟩=1.0e-04, ⟨B·n⟩=3.0e-03, Len=sum([2.4, 2.4, 2.4, 2.6, 2.6])=12.3, ϰ=[10.1, 9.0, 6.8, 9.9, 10.6], ∫ϰ²/L>=[16.8, 17.2, 13.3, 18.8, 20.3], C-C-Sep=0.08, ║∇J║=2.7e-04
Iteration 1145/2000-----
currents: [100000.0, 99999.9999839535, 99999.99998382505, 99999.99997942166, 99999.99998061934]
J=1.1e-04, ⟨Jf⟩=1.0e-04, ⟨B·n⟩=3.0e-03, Len=sum([2.4, 2.4, 2.4, 2.6, 2.6])=12.3, ϰ=[10.1, 9.0, 6.9, 9.8, 10.6], ∫ϰ²/L>=[16.9, 17.2, 13.3, 18.8, 20.3], C-C-Sep=0.08, ║∇J║=3.0e-04
Iteration 1146/2000-----
currents: [100000.0, 99999.99998394192, 99999.99998381358, 99999.99997940694, 99999.99998060554]
J=1.1e-04, ⟨Jf⟩=1.0e-04, ⟨B·n⟩=3.0e-03, Len=sum([2.4, 2.4, 2.4, 2.6, 2.6])=12.3, ϰ=[10.1, 8.9, 6.9, 9.8, 10.7], ∫ϰ²/L>=[16.8, 17.3, 13.3, 18.8, 20.3], C-C-Sep=0.08, ║∇J║=3.9e-04
Iteration 1147/2000-----
currents: [100000.0, 99999.99998391441, 99999.99998378621, 99999.99997937166, 99999.99998057257]
J=1.1e-04, ⟨Jf⟩=1.0e-04, ⟨B·n⟩=3.0e-03, Len=sum([2.4, 2.4, 2.4, 2.6, 2.6])=12.3, ϰ=[10.1, 9.0, 6.9, 9.9, 10.7], ∫ϰ²/L>=[16.8, 17.3, 13.3, 18.8, 20.3], C-C-Sep=0.08, ║∇J║=3.2e-04
Iteration 1148/2000-----
currents: [100000.0, 99999.99998393863, 99999.99998381014, 99999.99997940261, 99999.99998060157]
J=1.1e-04, ⟨Jf⟩=1.0e-04, ⟨B·n⟩=3.0e-03, Len=sum([2.4, 2.4, 2.4, 2.6, 2.6])=12.3, ϰ=[10.1, 9.0, 6.9, 9.9, 10.7], ∫ϰ²/L>=[16.8, 17.3, 13.3, 18.8, 20.3], C-C-Sep=0.08, ║∇J║=3.5e-04
Iteration 1149/2000-----
currents: [100000.0, 99999.99998390976, 99999.99998378147, 99999.99997936553, 99999.99998056688]
J=1.1e-04, ⟨Jf⟩=1.0e-04, ⟨B·n⟩=3.0e-03, Len=sum([2.4, 2.4, 2.4, 2.6, 2.6])=12.3, ϰ=[10.1, 9.0, 6.9, 9.9, 10.7], ∫ϰ²/L>=[16.8, 17.3, 13.3, 18.8, 20.3], C-C-Sep=0.08, ║∇J║=2.9e-04
Iteration 1150/2000-----
currents: [100000.0, 99999.99998390774, 99999.99998377942, 99999.9999793629, 99999.99998056442]
J=1.1e-04, ⟨Jf⟩=1.0e-04, ⟨B·n⟩=3.0e-03, Len=sum([2.4, 2.4, 2.4, 2.6, 2.6])=12.3, ϰ=[10.1, 9.0, 6.9, 9.8, 10.7], ∫ϰ²/L>=[16.8, 17.3, 13.3, 18.8, 20.3], C-C-Sep=0.08, ║∇J║=2.5e-04
Iteration 1151/2000-----
currents: [100000.0, 99999.99998389282, 99999.9999837646, 99999.99997934377, 99999.99998054658]
J=1.1e-04, ⟨Jf⟩=1.0e-04, ⟨B·n⟩=3.0e-03, Len=sum([2.4, 2.4, 2.4, 2.6, 2.6])=12.3, ϰ=[10.1, 9.0, 6.9, 9.8, 10.7], ∫ϰ²/L>=[16.8, 17.3, 13.3, 18.8, 20.3], C-C-Sep=0.08, ║∇J║=2.6e-04
Iteration 1152/2000-----
currents: [100000.0, 99999.99998388773, 99999.99998375955, 99999.99997933731, 99999.99998054058]
J=1.1e-04, ⟨Jf⟩=1.0e-04, ⟨B·n⟩=3.0e-03, Len=sum([2.4, 2.4, 2.4, 2.6, 2.6])=12.3, ϰ=[10.0, 9.0, 6.9, 9.8, 10.7], ∫ϰ²/L>=[16.8, 17.3, 13.3, 18.8, 20.3], C-C-Sep=0.08, ║∇J║=2.2e-04
Iteration 1153/2000-----
currents: [100000.0, 99999.9999838728, 99999.99998374472, 99999.99997931827, 99999.9999805228]
J=1.1e-04, ⟨Jf⟩=1.0e-04, ⟨B·n⟩=3.0e-03, Len=sum([2.4, 2.4, 2.4, 2.6, 2.6])=12.3, ϰ=[10.1, 9.0, 6.9, 9.8, 10.7], ∫ϰ²/L>=[16.8, 17.3, 13.3, 18.8, 20.3], C-C-Sep=0.08, ║∇J║=2.5e-04
Iteration 1154/2000-----
currents: [100000.0, 99999.9999838499, 99999.99998372204, 99999.99997928907, 99999.99998049552]
J=1.1e-04, ⟨Jf⟩=1.0e-04, ⟨B·n⟩=3.0e-03, Len=sum([2.4, 2.4, 2.4, 2.6, 2.6])=12.3, ϰ=[10.1, 9.0, 6.9, 9.9, 10.7], ∫ϰ²/L>=[16.8, 17.3, 13.3, 18.8, 20.3], C-C-Sep=0.08, ║∇J║=2.4e-04
Iteration 1155/2000-----
currents: [100000.0, 99999.9999838219, 99999.9999836943, 99999.99997925335, 99999.99998046207]
J=1.1e-04, ⟨Jf⟩=1.0e-04, ⟨B·n⟩=3.0e-03, Len=sum([2.4, 2.4, 2.4, 2.6, 2.6])=12.3, ϰ=[10.1, 9.0, 6.9, 9.9, 10.7], ∫ϰ²/L>=[16.9, 17.3, 13.3, 18.8, 20.3], C-C-Sep=0.08, ║∇J║=2.7e-04
Iteration 1156/2000-----
currents: [100000.0, 99999.9999837638, 99999.99998363666, 99999.99997917908, 99999.99998039256]
J=1.1e-04, ⟨Jf⟩=1.0e-04, ⟨B·n⟩=3.0e-03, Len=sum([2.4, 2.4, 2.4, 2.6, 2.6])=12.3, ϰ=[10.1, 9.0, 7.0, 9.9, 10.7], ∫ϰ²/L>=[16.9, 17.3, 13.3, 18.8, 20.3], C-C-Sep=0.08, ║∇J║=3.0e-04
Iteration 1157/2000-----
currents: [100000.0, 99999.99998370974, 99999.99998358302, 99999.9999791099, 99999.99998032785]
J=1.1e-04, ⟨Jf⟩=1.0e-04, ⟨B·n⟩=3.0e-03, Len=sum([2.4, 2.4, 2.4, 2.6, 2.6])=12.3, ϰ=[10.1, 8.9, 7.0, 9.9, 10.7], ∫ϰ²/L>=[16.9, 17.3, 13.3, 18.8, 20.3], C-C-Sep=0.08, ║∇J║=3.3e-04
Iteration 1158/2000-----
currents: [100000.0, 99999.99998371508, 99999.99998358838, 99999.99997911675, 99999.99998033418]
J=1.1e-04, ⟨Jf⟩=1.0e-04, ⟨B·n⟩=3.0e-03, Len=sum([2.4, 2.4, 2.4, 2.6, 2.6])=12.3, ϰ=[10.1, 8.9, 7.0, 9.9, 10.7], ∫ϰ²/L>=[16.9, 17.3, 13.3, 18.8, 20.3], C-C-Sep=0.08, ║∇J║=3.4e-04
Iteration 1159/2000-----
currents: [100000.0, 99999.99998369417, 99999.99998356761, 99999.99997908981, 99999.99998030894]
J=1.1e-04, ⟨Jf⟩=1.0e-04, ⟨B·n⟩=3.0e-03, Len=sum([2.4, 2.4, 2.4, 2.6, 2.6])=12.3, ϰ=[10.1, 8.9, 7.0, 9.9, 10.7], ∫ϰ²/L>=[16.9, 17.3, 13.3, 18.8, 20.3], C-C-Sep=0.08, ║∇J║=3.6e-04
Iteration 1160/2000-----
currents: [100000.0, 99999.99998369614, 99999.99998356956, 99999.9999790923, 99999.99998031124]
J=1.1e-04, ⟨Jf⟩=1.0e-04, ⟨B·n⟩=3.0e-03, Len=sum([2.4, 2.4, 2.4, 2.6, 2.6])=12.3, ϰ=[10.1, 9.0, 6.9, 9.9, 10.7], ∫ϰ²/L>=[16.9, 17.3, 13.3, 18.8, 20.3], C-C-Sep=0.08, ║∇J║=2.7e-04
Iteration 1161/2000-----
currents: [100000.0, 99999.99998366047, 99999.99998353423, 99999.99997904665, 99999.99998026845]
J=1.1e-04, ⟨Jf⟩=1.0e-04, ⟨B·n⟩=3.0e-03, Len=sum([2.4, 2.4, 2.4, 2.6, 2.6])=12.3, ϰ=[10.2, 9.0, 6.9, 9.9, 10.7], ∫ϰ²/L>=[16.9, 17.3, 13.3, 18.8, 20.3], C-C-Sep=0.08, ║∇J║=2.8e-04
Iteration 1162/2000-----
currents: [100000.0, 99999.99998365525, 99999.99998352905, 99999.99997903999, 99999.99998026215]
J=1.1e-04, ⟨Jf⟩=1.0e-04, ⟨B·n⟩=3.0e-03, Len=sum([2.4, 2.4, 2.4, 2.6, 2.6])=12.3, ϰ=[10.2, 9.0, 6.9, 9.9, 10.7], ∫ϰ²/L>=[16.9, 17.3, 13.3, 18.8, 20.3], C-C-Sep=0.08, ║∇J║=3.0e-04
Iteration 1163/2000-----
currents: [100000.0, 99999.99998363224, 99999.99998350623, 99999.99997901055, 99999.99998023451]
J=1.1e-04, ⟨Jf⟩=1.0e-04, ⟨B·n⟩=3.0e-03, Len=sum([2.4, 2.4, 2.4, 2.6, 2.6])=12.3, ϰ=[10.2, 9.0, 6.8, 9.9, 10.7], ∫ϰ²/L>=[16.9, 17.3, 13.3, 18.8, 20.3], C-C-Sep=0.08, ║∇J║=2.6e-04
Iteration 1164/2000-----
currents: [100000.0, 99999.9999836265, 99999.99998350054, 99999.99997900323, 99999.9999802276]
J=1.1e-04, ⟨Jf⟩=1.0e-04, ⟨B·n⟩=3.0e-03, Len=sum([2.4, 2.4, 2.4, 2.6, 2.6])=12.3, ϰ=[10.2, 9.0, 6.8, 10.0, 10.7], ∫ϰ²/L>=[16.9, 17.3, 13.3, 18.8, 20.3], C-C-Sep=0.08, ║∇J║=2.4e-04
Iteration 1165/2000-----
currents: [100000.0, 99999.99998361347, 99999.99998348759, 99999.99997898647, 99999.99998021187]
J=1.1e-04, ⟨Jf⟩=1.0e-04, ⟨B·n⟩=3.0e-03, Len=sum([2.4, 2.4, 2.4, 2.6, 2.6])=12.3, ϰ=[10.2, 8.9, 6.8, 10.0, 10.7], ∫ϰ²/L>=[16.9, 17.3, 13.3, 18.8, 20.3], C-C-Sep=0.08, ║∇J║=2.4e-04
Iteration 1166/2000-----
currents: [100000.0, 99999.99998359411, 99999.99998346833, 99999.99997896151, 99999.99998018846]
J=1.1e-04, ⟨Jf⟩=1.0e-04, ⟨B·n⟩=3.0e-03, Len=sum([2.4, 2.4, 2.4, 2.6, 2.6])=12.3, ϰ=[10.2, 8.9, 6.8, 10.0, 10.7], ∫ϰ²/L>=[16.9, 17.3, 13.3, 18.8, 20.3], C-C-Sep=0.08, ║∇J║=2.8e-04
Iteration 1167/2000-----
currents: [100000.0, 99999.99998355894, 99999.99998343343, 99999.99997891638, 99999.99998014608]
J=1.1e-04, ⟨Jf⟩=1.0e-04, ⟨B·n⟩=3.0e-03, Len=sum([2.4, 2.4, 2.4, 2.6, 2.6])=12.3, ϰ=[10.2, 8.9, 6.9, 10.0, 10.7], ∫ϰ²/L>=[17.0, 17.3, 13.3, 18.8, 20.3], C-C-Sep=0.08, ║∇J║=3.1e-04
Iteration 1168/2000-----
currents: [100000.0, 99999.99998352601, 99999.99998340078, 99999.99997887411, 99999.99998010641]
J=1.1e-04, ⟨Jf⟩=1.0e-04, ⟨B·n⟩=3.0e-03, Len=sum([2.4, 2.4, 2.4, 2.6, 2.6])=12.3, ϰ=[10.2, 8.9, 6.9, 10.0, 10.7], ∫ϰ²/L>=[17.0, 17.3, 13.3, 18.8, 20.3], C-C-Sep=0.08, ║∇J║=2.8e-04
Iteration 1169/2000-----
currents: [100000.0, 99999.99998347621, 99999.99998335143, 99999.99997881036, 99999.99998004657]
J=1.1e-04, ⟨Jf⟩=1.0e-04, ⟨B·n⟩=3.0e-03, Len=sum([2.4, 2.4, 2.4, 2.6, 2.6])=12.3, ϰ=[10.3, 8.9, 6.9, 10.0, 10.7], ∫ϰ²/L>=[17.0, 17.3, 13.3, 18.9, 20.3], C-C-Sep=0.08, ║∇J║=3.0e-04
Iteration 1170/2000-----
currents: [100000.0, 99999.99998344766, 99999.99998332317, 99999.99997877395, 99999.9999800124]
J=1.1e-04, ⟨Jf⟩=1.0e-04, ⟨B·n⟩=3.0e-03, Len=sum([2.4, 2.4, 2.4, 2.6, 2.6])=12.3, ϰ=[10.3, 8.9, 7.0, 10.0, 10.7], ∫ϰ²/L>=[17.0, 17.3, 13.3, 18.9, 20.3], C-C-Sep=0.08, ║∇J║=3.2e-04
Iteration 1171/2000-----
currents: [100000.0, 99999.99998342643, 99999.99998330223, 99999.99997874697, 99999.999979987]
J=1.1e-04, ⟨Jf⟩=1.0e-04, ⟨B·n⟩=3.0e-03, Len=sum([2.4, 2.4, 2.4, 2.6, 2.6])=12.3, ϰ=[10.3, 8.9, 7.0, 10.0, 10.7], ∫ϰ²/L>=[17.0, 17.3, 13.3, 18.8, 20.3], C-C-Sep=0.08, ║∇J║=2.8e-04
Iteration 1172/2000-----
currents: [100000.0, 99999.99998338163, 99999.99998325783, 99999.99997868975, 99999.99997993335]
J=1.1e-04, ⟨Jf⟩=1.0e-04, ⟨B·n⟩=3.0e-03, Len=sum([2.4, 2.4, 2.4, 2.6, 2.6])=12.3, ϰ=[10.3, 8.9, 7.0, 10.0, 10.6], ∫ϰ²/L>=[17.0, 17.3, 13.3, 18.9, 20.3], C-C-Sep=0.08, ║∇J║=2.9e-04
Iteration 1173/2000-----
currents: [100000.0, 99999.99998338395, 99999.99998326019, 99999.99997869278, 99999.9999799361]
J=1.1e-04, ⟨Jf⟩=1.0e-04, ⟨B·n⟩=3.0e-03, Len=sum([2.4, 2.4, 2.4, 2.6, 2.6])=12.3, ϰ=[10.2, 8.9, 7.0, 10.0, 10.6], ∫ϰ²/L>=[17.0, 17.3, 13.3, 18.9, 20.3], C-C-Sep=0.08, ║∇J║=3.3e-04
Iteration 1174/2000-----
currents: [100000.0, 99999.99998334408, 99999.99998322061, 99999.99997864163, 99999.99997988815]
J=1.1e-04, ⟨Jf⟩=1.0e-04, ⟨B·n⟩=3.0e-03, Len=sum([2.4, 2.4, 2.4, 2.6, 2.6])=12.3, ϰ=[10.2, 8.9, 7.0, 10.0, 10.6], ∫ϰ²/L>=[17.0, 17.2, 13.3, 18.9, 20.3], C-C-Sep=0.08, ║∇J║=3.1e-04
Iteration 1175/2000-----
currents: [100000.0, 99999.99998334341, 99999.99998321992, 99999.99997864071, 99999.9999798873]
J=1.1e-04, ⟨Jf⟩=1.0e-04, ⟨B·n⟩=3.0e-03, Len=sum([2.4, 2.4, 2.4, 2.6, 2.6])=12.3, ϰ=[10.2, 8.9, 7.0, 10.0, 10.6], ∫ϰ²/L>=[17.0, 17.2, 13.3, 18.9, 20.3], C-C-Sep=0.08, ║∇J║=2.7e-04
Iteration 1176/2000-----
currents: [100000.0, 99999.99998331274, 99999.99998318953, 99999.99997860145, 99999.99997985052]
J=1.1e-04, ⟨Jf⟩=1.0e-04, ⟨B·n⟩=3.0e-03, Len=sum([2.4, 2.4, 2.4, 2.6, 2.6])=12.3, ϰ=[10.2, 8.9, 7.0, 10.0, 10.6], ∫ϰ²/L>=[17.0, 17.2, 13.3, 18.9, 20.3], C-C-Sep=0.08, ║∇J║=2.8e-04
Iteration 1177/2000-----
currents: [100000.0, 99999.99998329123, 99999.9999831682, 99999.9999785739, 99999.99997982469]
J=1.1e-04, ⟨Jf⟩=1.0e-04, ⟨B·n⟩=3.0e-03, Len=sum([2.4, 2.4, 2.4, 2.6, 2.6])=12.3, ϰ=[10.2, 8.8, 7.1, 10.0, 10.6], ∫ϰ²/L>=[17.0, 17.2, 13.3, 18.9, 20.3], C-C-Sep=0.08, ║∇J║=2.3e-04
Iteration 1178/2000-----
currents: [100000.0, 99999.99998325852, 99999.99998313579, 99999.99997853201, 99999.99997978543]
J=1.1e-04, ⟨Jf⟩=1.0e-04, ⟨B·n⟩=3.0e-03, Len=sum([2.4, 2.4, 2.4, 2.6, 2.6])=12.3, ϰ=[10.2, 8.8, 7.1, 10.0, 10.6], ∫ϰ²/L>=[17.0, 17.2, 13.3, 18.9, 20.3], C-C-Sep=0.08, ║∇J║=2.4e-04
Iteration 1179/2000-----
currents: [100000.0, 99999.99998323637, 99999.99998311383, 99999.99997850363, 99999.99997975884]
J=1.1e-04, ⟨Jf⟩=1.0e-04, ⟨B·n⟩=3.0e-03, Len=sum([2.4, 2.4, 2.4, 2.6, 2.6])=12.3, ϰ=[10.3, 8.9, 7.1, 10.0, 10.7], ∫ϰ²/L>=[17.0, 17.2, 13.3, 18.9, 20.3], C-C-Sep=0.08, ║∇J║=3.0e-04
Iteration 1180/2000-----
currents: [100000.0, 99999.99998323363, 99999.99998311105, 99999.9999785, 99999.99997975549]
J=1.1e-04, ⟨Jf⟩=1.0e-04, ⟨B·n⟩=3.0e-03, Len=sum([2.4, 2.4, 2.4, 2.6, 2.6])=12.3, ϰ=[10.3, 8.9, 7.1, 10.0, 10.7], ∫ϰ²/L>=[17.0, 17.3, 13.3, 18.9, 20.3], C-C-Sep=0.08, ║∇J║=2.6e-04
Iteration 1181/2000-----
currents: [100000.0, 99999.9999831991, 99999.99998307675, 99999.99997845573, 99999.99997971408]
J=1.1e-04, ⟨Jf⟩=1.0e-04, ⟨B·n⟩=3.0e-03, Len=sum([2.4, 2.4, 2.4, 2.6, 2.6])=12.3, ϰ=[10.3, 8.9, 7.1, 10.0, 10.7], ∫ϰ²/L>=[17.0, 17.3, 13.3, 18.9, 20.3], C-C-Sep=0.08, ║∇J║=3.0e-04
Iteration 1182/2000-----
currents: [100000.0, 99999.99998320355, 99999.99998308104, 99999.99997846132, 99999.99997971943]
J=1.1e-04, ⟨Jf⟩=1.0e-04, ⟨B·n⟩=3.0e-03, Len=sum([2.4, 2.4, 2.4, 2.6, 2.6])=12.3, ϰ=[10.3, 8.9, 7.0, 10.0, 10.7], ∫ϰ²/L>=[17.0, 17.3, 13.3, 18.9, 20.3], C-C-Sep=0.08, ║∇J║=2.8e-04
Iteration 1183/2000-----
currents: [100000.0, 99999.9999831773, 99999.99998305498, 99999.99997842766, 99999.9999796879]
J=1.1e-04, ⟨Jf⟩=1.0e-04, ⟨B·n⟩=3.0e-03, Len=sum([2.4, 2.4, 2.4, 2.6, 2.6])=12.3, ϰ=[10.3, 8.9, 7.0, 10.0, 10.7], ∫ϰ²/L>=[17.0, 17.3, 13.3, 18.9, 20.3], C-C-Sep=0.08, ║∇J║=2.8e-04
Iteration 1184/2000-----
currents: [100000.0, 99999.9999831664, 99999.99998304411, 99999.99997841372, 99999.99997967485]
J=1.1e-04, ⟨Jf⟩=1.0e-04, ⟨B·n⟩=3.0e-03, Len=sum([2.4, 2.4, 2.4, 2.6, 2.6])=12.3, ϰ=[10.3, 8.9, 7.0, 10.0, 10.7], ∫ϰ²/L>=[17.0, 17.2, 13.3, 18.9, 20.3], C-C-Sep=0.08, ║∇J║=2.6e-04
Iteration 1185/2000-----
currents: [100000.0, 99999.99998313379, 99999.99998301173, 99999.99997837198, 99999.99997963574]
J=1.1e-04, ⟨Jf⟩=1.0e-04, ⟨B·n⟩=3.0e-03, Len=sum([2.4, 2.4, 2.4, 2.6, 2.6])=12.3, ϰ=[10.3, 8.9, 7.0, 10.0, 10.7], ∫ϰ²/L>=[17.0, 17.2, 13.3, 19.0, 20.3], C-C-Sep=0.08, ║∇J║=2.5e-04
Iteration 1186/2000-----
currents: [100000.0, 99999.99998309293, 99999.99998297115, 99999.99997831963, 99999.99997958666]
J=1.1e-04, ⟨Jf⟩=1.0e-04, ⟨B·n⟩=3.0e-03, Len=sum([2.4, 2.4, 2.4, 2.6, 2.6])=12.3, ϰ=[10.3, 8.9, 7.1, 10.0, 10.7], ∫ϰ²/L>=[17.0, 17.3, 13.3, 19.0, 20.3], C-C-Sep=0.08, ║∇J║=2.2e-04
Iteration 1187/2000-----
currents: [100000.0, 99999.99998301562, 99999.99998289433, 99999.99997822054, 99999.9999794938]
J=1.1e-04, ⟨Jf⟩=1.0e-04, ⟨B·n⟩=3.0e-03, Len=sum([2.4, 2.4, 2.4, 2.6, 2.6])=12.3, ϰ=[10.3, 8.9, 7.1, 10.0, 10.7], ∫ϰ²/L>=[17.1, 17.3, 13.3, 19.0, 20.3], C-C-Sep=0.08, ║∇J║=3.4e-04
Iteration 1188/2000-----
currents: [100000.0, 99999.99998302155, 99999.99998290016, 99999.99997822812, 99999.99997950089]
J=1.1e-04, ⟨Jf⟩=1.0e-04, ⟨B·n⟩=3.0e-03, Len=sum([2.4, 2.4, 2.4, 2.6, 2.6])=12.3, ϰ=[10.3, 8.9, 7.1, 10.0, 10.7], ∫ϰ²/L>=[17.0, 17.3, 13.3, 19.0, 20.3], C-C-Sep=0.08, ║∇J║=4.2e-04
Iteration 1189/2000-----
currents: [100000.0, 99999.99998301487, 99999.99998289351, 99999.99997821952, 99999.99997949279]
J=1.1e-04, ⟨Jf⟩=1.0e-04, ⟨B·n⟩=3.0e-03, Len=sum([2.4, 2.4, 2.4, 2.6, 2.6])=12.3, ϰ=[10.3, 8.9, 7.1, 10.0, 10.7], ∫ϰ²/L>=[17.0, 17.3, 13.3, 19.0, 20.3], C-C-Sep=0.08, ║∇J║=3.0e-04
Iteration 1190/2000-----
currents: [100000.0, 99999.99998300048, 99999.99998287915, 99999.99997820109, 99999.99997947548]
J=1.1e-04, ⟨Jf⟩=1.0e-04, ⟨B·n⟩=3.0e-03, Len=sum([2.4, 2.4, 2.4, 2.6, 2.6])=12.3, ϰ=[10.3, 8.9, 7.1, 10.1, 10.7], ∫ϰ²/L>=[17.0, 17.3, 13.3, 19.0, 20.3], C-C-Sep=0.08, ║∇J║=3.2e-04
Iteration 1191/2000-----
currents: [100000.0, 99999.99998298498, 99999.99998286368, 99999.9999781812, 99999.99997945684]
J=1.1e-04, ⟨Jf⟩=1.0e-04, ⟨B·n⟩=3.0e-03, Len=sum([2.4, 2.4, 2.4, 2.6, 2.6])=12.3, ϰ=[10.3, 8.9, 7.0, 10.1, 10.7], ∫ϰ²/L>=[17.0, 17.3, 13.3, 19.0, 20.3], C-C-Sep=0.08, ║∇J║=3.3e-04
Iteration 1192/2000-----
currents: [100000.0, 99999.9999829633, 99999.99998284203, 99999.99997815331, 99999.99997943074]
J=1.1e-04, ⟨Jf⟩=1.0e-04, ⟨B·n⟩=3.0e-03, Len=sum([2.4, 2.4, 2.4, 2.6, 2.6])=12.3, ϰ=[10.3, 8.9, 7.0, 10.1, 10.7], ∫ϰ²/L>=[17.0, 17.3, 13.3, 19.0, 20.2], C-C-Sep=0.08, ║∇J║=3.0e-04
Iteration 1193/2000-----
currents: [100000.0, 99999.99998295153, 99999.99998283021, 99999.99997813812, 99999.99997941653]
J=1.1e-04, ⟨Jf⟩=1.0e-04, ⟨B·n⟩=3.0e-03, Len=sum([2.4, 2.4, 2.4, 2.6, 2.6])=12.3, ϰ=[10.3, 8.9, 7.0, 10.1, 10.7], ∫ϰ²/L>=[17.0, 17.3, 13.3, 19.0, 20.2], C-C-Sep=0.08, ║∇J║=2.5e-04
Iteration 1194/2000-----
currents: [100000.0, 99999.99998292846, 99999.99998280726, 99999.99997810846, 99999.99997938874]
J=1.1e-04, ⟨Jf⟩=1.0e-04, ⟨B·n⟩=3.0e-03, Len=sum([2.4, 2.4, 2.4, 2.6, 2.6])=12.3, ϰ=[10.3, 8.9, 7.0, 10.1, 10.7], ∫ϰ²/L>=[17.0, 17.3, 13.3, 19.1, 20.2], C-C-Sep=0.08, ║∇J║=2.4e-04
Iteration 1195/2000-----
currents: [100000.0, 99999.99998290966, 99999.99998278858, 99999.99997808422, 99999.999979366]
J=1.1e-04, ⟨Jf⟩=1.0e-04, ⟨B·n⟩=3.0e-03, Len=sum([2.4, 2.4, 2.4, 2.6, 2.6])=12.3, ϰ=[10.3, 8.9, 7.0, 10.1, 10.7], ∫ϰ²/L>=[17.0, 17.3, 13.3, 19.1, 20.2], C-C-Sep=0.08, ║∇J║=2.7e-04
Iteration 1196/2000-----
currents: [100000.0, 99999.99998287707, 99999.9999827562, 99999.99997804235, 99999.99997932672]
J=1.1e-04, ⟨Jf⟩=1.0e-04, ⟨B·n⟩=3.0e-03, Len=sum([2.4, 2.4, 2.4, 2.6, 2.6])=12.3, ϰ=[10.3, 8.9, 7.0, 10.1, 10.7], ∫ϰ²/L>=[17.0, 17.3, 13.3, 19.1, 20.2], C-C-Sep=0.08, ║∇J║=2.5e-04
Iteration 1197/2000-----
currents: [100000.0, 99999.9999828565, 99999.99998273578, 99999.99997801599, 99999.99997930197]
J=1.1e-04, ⟨Jf⟩=1.0e-04, ⟨B·n⟩=3.0e-03, Len=sum([2.4, 2.4, 2.4, 2.6, 2.6])=12.3, ϰ=[10.3, 8.9, 7.0, 10.1, 10.6], ∫ϰ²/L>=[17.0, 17.3, 13.3, 19.1, 20.2], C-C-Sep=0.08, ║∇J║=2.4e-04
Iteration 1198/2000-----
currents: [100000.0, 99999.9999828114, 99999.99998269104, 99999.99997795823, 99999.99997924783]
J=1.1e-04, ⟨Jf⟩=1.0e-04, ⟨B·n⟩=3.0e-03, Len=sum([2.4, 2.4, 2.4, 2.6, 2.6])=12.3, ϰ=[10.3, 8.9, 7.0, 10.1, 10.6], ∫ϰ²/L>=[17.0, 17.3, 13.3, 19.1, 20.2], C-C-Sep=0.08, ║∇J║=2.7e-04
Iteration 1199/2000-----
currents: [100000.0, 99999.99998279622, 99999.99998267597, 99999.99997793879, 99999.99997922964]
J=1.1e-04, ⟨Jf⟩=1.0e-04, ⟨B·n⟩=3.0e-03, Len=sum([2.4, 2.4, 2.4, 2.6, 2.6])=12.3, ϰ=[10.3, 8.9, 7.0, 10.1, 10.6], ∫ϰ²/L>=[17.0, 17.3, 13.3, 19.1, 20.2], C-C-Sep=0.08, ║∇J║=3.4e-04
Iteration 1200/2000-----
currents: [100000.0, 99999.9999827485, 99999.99998262865, 99999.99997787773, 99999.99997917244]
J=1.1e-04, ⟨Jf⟩=1.0e-04, ⟨B·n⟩=3.0e-03, Len=sum([2.4, 2.4, 2.4, 2.6, 2.6])=12.3, ϰ=[10.3, 8.9, 7.0, 10.2, 10.6], ∫ϰ²/L>=[17.0, 17.3, 13.3, 19.1, 20.2], C-C-Sep=0.08, ║∇J║=3.1e-04
Iteration 1201/2000-----
currents: [100000.0, 99999.99998275065, 99999.99998263089, 99999.99997788065, 99999.99997917523]
J=1.1e-04, ⟨Jf⟩=1.0e-04, ⟨B·n⟩=3.0e-03, Len=sum([2.4, 2.4, 2.4, 2.6, 2.6])=12.3, ϰ=[10.3, 8.9, 7.0, 10.2, 10.7], ∫ϰ²/L>=[17.0, 17.3, 13.3, 19.1, 20.2], C-C-Sep=0.08, ║∇J║=3.1e-04
Iteration 1202/2000-----
currents: [100000.0, 99999.9999827159, 99999.9999825964, 99999.9999778361, 99999.99997913351]
J=1.1e-04, ⟨Jf⟩=1.0e-04, ⟨B·n⟩=3.0e-03, Len=sum([2.4, 2.4, 2.4, 2.6, 2.6])=12.3, ϰ=[10.3, 8.9, 7.0, 10.2, 10.7], ∫ϰ²/L>=[17.0, 17.3, 13.3, 19.1, 20.2], C-C-Sep=0.08, ║∇J║=2.8e-04
Iteration 1203/2000-----
currents: [100000.0, 99999.99998268824, 99999.999982569, 99999.9999778007, 99999.99997910041]
J=1.1e-04, ⟨Jf⟩=1.0e-04, ⟨B·n⟩=3.0e-03, Len=sum([2.4, 2.4, 2.4, 2.6, 2.6])=12.3, ϰ=[10.3, 8.9, 7.0, 10.2, 10.7], ∫ϰ²/L>=[17.0, 17.3, 13.3, 19.1, 20.2], C-C-Sep=0.08, ║∇J║=2.7e-04
Iteration 1204/2000-----
currents: [100000.0, 99999.99998264227, 99999.99998252346, 99999.99997774183, 99999.99997904524]
J=1.1e-04, ⟨Jf⟩=1.0e-04, ⟨B·n⟩=3.0e-03, Len=sum([2.4, 2.4, 2.4, 2.6, 2.6])=12.3, ϰ=[10.3, 8.9, 7.0, 10.2, 10.7], ∫ϰ²/L>=[17.0, 17.3, 13.3, 19.1, 20.2], C-C-Sep=0.08, ║∇J║=3.1e-04
Iteration 1205/2000-----
currents: [100000.0, 99999.99998258188, 99999.9999824636, 99999.99997766459, 99999.99997897292]
J=1.1e-04, ⟨Jf⟩=1.0e-04, ⟨B·n⟩=3.0e-03, Len=sum([2.4, 2.4, 2.4, 2.6, 2.6])=12.3, ϰ=[10.3, 8.9, 7.0, 10.2, 10.7], ∫ϰ²/L>=[17.0, 17.3, 13.3, 19.1, 20.2], C-C-Sep=0.08, ║∇J║=3.2e-04
Iteration 1206/2000-----
currents: [100000.0, 99999.99998257097, 99999.99998245278, 99999.99997765064, 99999.99997895991]
J=1.1e-04, ⟨Jf⟩=1.0e-04, ⟨B·n⟩=3.0e-03, Len=sum([2.4, 2.4, 2.4, 2.6, 2.6])=12.3, ϰ=[10.3, 8.9, 7.0, 10.2, 10.7], ∫ϰ²/L>=[17.0, 17.3, 13.3, 19.1, 20.2], C-C-Sep=0.08, ║∇J║=2.9e-04
Iteration 1207/2000-----
currents: [100000.0, 99999.99998254456, 99999.99998242653, 99999.99997761681, 99999.99997892823]
J=1.1e-04, ⟨Jf⟩=1.0e-04, ⟨B·n⟩=3.0e-03, Len=sum([2.4, 2.4, 2.4, 2.6, 2.6])=12.3, ϰ=[10.3, 8.9, 7.0, 10.2, 10.7], ∫ϰ²/L>=[17.0, 17.3, 13.3, 19.1, 20.2], C-C-Sep=0.08, ║∇J║=3.0e-04
Iteration 1208/2000-----
currents: [100000.0, 99999.99998257661, 99999.99998245832, 99999.99997765789, 99999.99997896675]
J=1.1e-04, ⟨Jf⟩=1.0e-04, ⟨B·n⟩=3.0e-03, Len=sum([2.4, 2.4, 2.4, 2.6, 2.6])=12.3, ϰ=[10.3, 8.9, 7.0, 10.2, 10.7], ∫ϰ²/L>=[17.0, 17.3, 13.3, 19.1, 20.2], C-C-Sep=0.08, ║∇J║=2.8e-04
Iteration 1209/2000-----
currents: [100000.0, 99999.99998253495, 99999.999982417, 99999.99997760454, 99999.99997891682]
J=1.1e-04, ⟨Jf⟩=1.0e-04, ⟨B·n⟩=3.0e-03, Len=sum([2.4, 2.4, 2.4, 2.6, 2.6])=12.3, ϰ=[10.3, 8.9, 7.0, 10.2, 10.7], ∫ϰ²/L>=[17.0, 17.3, 13.3, 19.1, 20.2], C-C-Sep=0.08, ║∇J║=2.6e-04
Iteration 1210/2000-----
currents: [100000.0, 99999.99998251892, 99999.99998240112, 99999.999977584, 99999.99997889763]
J=1.1e-04, ⟨Jf⟩=1.0e-04, ⟨B·n⟩=3.0e-03, Len=sum([2.4, 2.4, 2.4, 2.6, 2.6])=12.3, ϰ=[10.3, 8.9, 7.0, 10.2, 10.8], ∫ϰ²/L>=[17.0, 17.3, 13.3, 19.1, 20.2], C-C-Sep=0.08, ║∇J║=2.3e-04
Iteration 1211/2000-----
currents: [100000.0, 99999.99998249406, 99999.99998237654, 99999.99997755227, 99999.99997886797]
J=1.1e-04, ⟨Jf⟩=1.0e-04, ⟨B·n⟩=3.0e-03, Len=sum([2.4, 2.4, 2.4, 2.6, 2.6])=12.3, ϰ=[10.3, 8.9, 7.0, 10.2, 10.8], ∫ϰ²/L>=[17.0, 17.3, 13.3, 19.1, 20.2], C-C-Sep=0.08, ║∇J║=2.9e-04
Iteration 1212/2000-----
currents: [100000.0, 99999.99998248162, 99999.99998236423, 99999.99997753638, 99999.99997885321]
J=1.1e-04, ⟨Jf⟩=1.0e-04, ⟨B·n⟩=3.0e-03, Len=sum([2.4, 2.4, 2.4, 2.6, 2.6])=12.3, ϰ=[10.3, 9.0, 7.0, 10.2, 10.8], ∫ϰ²/L>=[16.9, 17.3, 13.3, 19.1, 20.2], C-C-Sep=0.08, ║∇J║=2.4e-04
Iteration 1213/2000-----
currents: [100000.0, 99999.99998246928, 99999.99998235202, 99999.99997752054, 99999.99997883847]
J=1.1e-04, ⟨Jf⟩=1.0e-04, ⟨B·n⟩=3.0e-03, Len=sum([2.4, 2.4, 2.4, 2.6, 2.6])=12.3, ϰ=[10.3, 9.0, 7.0, 10.2, 10.8], ∫ϰ²/L>=[16.9, 17.3, 13.3, 19.1, 20.2], C-C-Sep=0.08, ║∇J║=2.4e-04
Iteration 1214/2000-----
currents: [100000.0, 99999.99998244968, 99999.9999823326, 99999.99997749543, 99999.99997881506]
J=1.1e-04, ⟨Jf⟩=1.0e-04, ⟨B·n⟩=3.0e-03, Len=sum([2.4, 2.4, 2.4, 2.6, 2.6])=12.3, ϰ=[10.3, 9.0, 6.9, 10.2, 10.8], ∫ϰ²/L>=[16.9, 17.3, 13.3, 19.1, 20.2], C-C-Sep=0.08, ║∇J║=2.3e-04
Iteration 1215/2000-----
currents: [100000.0, 99999.9999824211, 99999.99998230427, 99999.99997745873, 99999.99997878076]
J=1.1e-04, ⟨Jf⟩=1.0e-04, ⟨B·n⟩=3.0e-03, Len=sum([2.4, 2.4, 2.4, 2.6, 2.6])=12.3, ϰ=[10.3, 9.0, 6.9, 10.2, 10.8], ∫ϰ²/L>=[16.9, 17.3, 13.3, 19.1, 20.2], C-C-Sep=0.08, ║∇J║=2.6e-04
Iteration 1216/2000-----
currents: [100000.0, 99999.99998237082, 99999.9999822544, 99999.99997739425, 99999.99997872043]
J=1.1e-04, ⟨Jf⟩=1.0e-04, ⟨B·n⟩=3.0e-03, Len=sum([2.4, 2.4, 2.4, 2.6, 2.6])=12.3, ϰ=[10.3, 9.0, 6.9, 10.2, 10.8], ∫ϰ²/L>=[16.9, 17.3, 13.3, 19.1, 20.2], C-C-Sep=0.08, ║∇J║=2.9e-04
Iteration 1217/2000-----
currents: [100000.0, 99999.99998234704, 99999.99998223085, 99999.99997736378, 99999.99997869189]
J=1.1e-04, ⟨Jf⟩=1.0e-04, ⟨B·n⟩=3.0e-03, Len=sum([2.4, 2.4, 2.4, 2.6, 2.6])=12.3, ϰ=[10.3, 9.0, 6.9, 10.2, 10.8], ∫ϰ²/L>=[16.9, 17.3, 13.3, 19.1, 20.2], C-C-Sep=0.08, ║∇J║=2.7e-04
Iteration 1218/2000-----
currents: [100000.0, 99999.99998234106, 99999.99998222488, 99999.99997735606, 99999.99997868462]
J=1.1e-04, ⟨Jf⟩=1.0e-04, ⟨B·n⟩=3.0e-03, Len=sum([2.4, 2.4, 2.4, 2.6, 2.6])=12.3, ϰ=[10.3, 9.0, 6.9, 10.2, 10.8], ∫ϰ²/L>=[16.9, 17.3, 13.3, 19.1, 20.2], C-C-Sep=0.08, ║∇J║=2.5e-04
Iteration 1219/2000-----
currents: [100000.0, 99999.99998231872, 99999.99998220273, 99999.99997732743, 99999.9999786578]
J=1.1e-04, ⟨Jf⟩=1.0e-04, ⟨B·n⟩=3.0e-03, Len=sum([2.4, 2.4, 2.4, 2.6, 2.6])=12.3, ϰ=[10.3, 9.0, 7.0, 10.3, 10.7], ∫ϰ²/L>=[16.9, 17.3, 13.3, 19.1, 20.2], C-C-Sep=0.08, ║∇J║=2.3e-04
Iteration 1220/2000-----
currents: [100000.0, 99999.99998230375, 99999.99998218792, 99999.9999773083, 99999.99997863988]
J=1.1e-04, ⟨Jf⟩=1.0e-04, ⟨B·n⟩=3.0e-03, Len=sum([2.4, 2.4, 2.4, 2.6, 2.6])=12.3, ϰ=[10.3, 9.0, 6.9, 10.2, 10.7], ∫ϰ²/L>=[16.9, 17.3, 13.3, 19.1, 20.2], C-C-Sep=0.08, ║∇J║=2.4e-04
Iteration 1221/2000-----
currents: [100000.0, 99999.99998229463, 99999.99998217891, 99999.99997729663, 99999.99997862896]
J=1.1e-04, ⟨Jf⟩=1.0e-04, ⟨B·n⟩=3.0e-03, Len=sum([2.4, 2.4, 2.4, 2.6, 2.6])=12.3, ϰ=[10.3, 9.0, 7.0, 10.2, 10.7], ∫ϰ²/L>=[16.9, 17.3, 13.3, 19.1, 20.2], C-C-Sep=0.08, ║∇J║=2.4e-04
Iteration 1222/2000-----
currents: [100000.0, 99999.99998227495, 99999.99998215942, 99999.99997727147, 99999.9999786054]
J=1.1e-04, ⟨Jf⟩=1.0e-04, ⟨B·n⟩=3.0e-03, Len=sum([2.4, 2.4, 2.4, 2.6, 2.6])=12.3, ϰ=[10.3, 9.0, 7.0, 10.3, 10.7], ∫ϰ²/L>=[16.9, 17.3, 13.3, 19.1, 20.2], C-C-Sep=0.08, ║∇J║=2.3e-04
Iteration 1223/2000-----
currents: [100000.0, 99999.99998225599, 99999.99998214064, 99999.99997724722, 99999.99997858271]
J=1.1e-04, ⟨Jf⟩=1.0e-04, ⟨B·n⟩=3.0e-03, Len=sum([2.4, 2.4, 2.4, 2.6, 2.6])=12.3, ϰ=[10.3, 9.0, 6.9, 10.3, 10.7], ∫ϰ²/L>=[16.9, 17.3, 13.3, 19.1, 20.2], C-C-Sep=0.08, ║∇J║=2.3e-04
Iteration 1224/2000-----
currents: [100000.0, 99999.99998223683, 99999.9999821217, 99999.99997722283, 99999.99997855989]
J=1.1e-04, ⟨Jf⟩=1.0e-04, ⟨B·n⟩=3.0e-03, Len=sum([2.4, 2.4, 2.4, 2.6, 2.6])=12.3, ϰ=[10.4, 9.0, 6.9, 10.3, 10.7], ∫ϰ²/L>=[16.9, 17.3, 13.3, 19.1, 20.2], C-C-Sep=0.08, ║∇J║=2.3e-04
Iteration 1225/2000-----
currents: [100000.0, 99999.99998220484, 99999.99998209006, 99999.99997718197, 99999.9999785217]
J=1.1e-04, ⟨Jf⟩=1.0e-04, ⟨B·n⟩=3.0e-03, Len=sum([2.4, 2.4, 2.4, 2.6, 2.6])=12.3, ϰ=[10.4, 9.0, 6.9, 10.3, 10.7], ∫ϰ²/L>=[16.9, 17.4, 13.3, 19.1, 20.2], C-C-Sep=0.08, ║∇J║=2.3e-04
Iteration 1226/2000-----
currents: [100000.0, 99999.99998213795, 99999.99998202379, 99999.99997709635, 99999.99997844166]
J=1.1e-04, ⟨Jf⟩=1.0e-04, ⟨B·n⟩=3.0e-03, Len=sum([2.4, 2.4, 2.4, 2.6, 2.6])=12.3, ϰ=[10.4, 9.1, 6.9, 10.3, 10.7], ∫ϰ²/L>=[16.9, 17.4, 13.3, 19.1, 20.2], C-C-Sep=0.08, ║∇J║=3.2e-04
Iteration 1227/2000-----
currents: [100000.0, 99999.99998211494, 99999.99998200104, 99999.99997706688, 99999.99997841415]
J=1.1e-04, ⟨Jf⟩=1.0e-04, ⟨B·n⟩=3.0e-03, Len=sum([2.4, 2.4, 2.4, 2.6, 2.6])=12.3, ϰ=[10.3, 9.1, 6.9, 10.3, 10.7], ∫ϰ²/L>=[16.8, 17.4, 13.3, 19.1, 20.2], C-C-Sep=0.08, ║∇J║=2.8e-04
Iteration 1228/2000-----
currents: [100000.0, 99999.99998211424, 99999.99998200033, 99999.99997706588, 99999.99997841322]
J=1.1e-04, ⟨Jf⟩=1.0e-04, ⟨B·n⟩=3.0e-03, Len=sum([2.4, 2.4, 2.4, 2.6, 2.6])=12.3, ϰ=[10.3, 9.1, 6.9, 10.3, 10.7], ∫ϰ²/L>=[16.8, 17.4, 13.2, 19.1, 20.2], C-C-Sep=0.08, ║∇J║=2.3e-04
Iteration 1229/2000-----
currents: [100000.0, 99999.99998210258, 99999.99998198876, 99999.9999770509, 99999.9999783992]
J=1.1e-04, ⟨Jf⟩=1.0e-04, ⟨B·n⟩=3.0e-03, Len=sum([2.4, 2.4, 2.4, 2.6, 2.6])=12.3, ϰ=[10.3, 9.1, 6.9, 10.3, 10.7], ∫ϰ²/L>=[16.8, 17.4, 13.2, 19.2, 20.2], C-C-Sep=0.08, ║∇J║=2.0e-04
Iteration 1230/2000-----
currents: [100000.0, 99999.99998209844, 99999.99998198467, 99999.99997704559, 99999.99997839419]
J=1.1e-04, ⟨Jf⟩=1.0e-04, ⟨B·n⟩=3.0e-03, Len=sum([2.4, 2.4, 2.4, 2.6, 2.6])=12.3, ϰ=[10.3, 9.1, 6.9, 10.3, 10.7], ∫ϰ²/L>=[16.8, 17.4, 13.2, 19.2, 20.2], C-C-Sep=0.08, ║∇J║=2.0e-04
Iteration 1231/2000-----
currents: [100000.0, 99999.99998206484, 99999.99998195139, 99999.99997700262, 99999.99997835398]
J=1.1e-04, ⟨Jf⟩=1.0e-04, ⟨B·n⟩=3.0e-03, Len=sum([2.4, 2.4, 2.4, 2.6, 2.6])=12.3, ϰ=[10.3, 9.1, 6.9, 10.3, 10.7], ∫ϰ²/L>=[16.8, 17.4, 13.2, 19.2, 20.2], C-C-Sep=0.08, ║∇J║=2.4e-04
Iteration 1232/2000-----
currents: [100000.0, 99999.99998208515, 99999.99998197157, 99999.99997702871, 99999.99997837843]
J=1.1e-04, ⟨Jf⟩=1.0e-04, ⟨B·n⟩=3.0e-03, Len=sum([2.4, 2.4, 2.4, 2.6, 2.6])=12.3, ϰ=[10.3, 9.1, 6.9, 10.3, 10.7], ∫ϰ²/L>=[16.8, 17.4, 13.2, 19.2, 20.2], C-C-Sep=0.08, ║∇J║=2.6e-04
Iteration 1233/2000-----
currents: [100000.0, 99999.99998205675, 99999.99998194346, 99999.99997699237, 99999.99997834444]
J=1.1e-04, ⟨Jf⟩=1.0e-04, ⟨B·n⟩=3.0e-03, Len=sum([2.4, 2.4, 2.4, 2.6, 2.6])=12.3, ϰ=[10.3, 9.1, 6.9, 10.4, 10.7], ∫ϰ²/L>=[16.8, 17.4, 13.2, 19.2, 20.2], C-C-Sep=0.08, ║∇J║=2.5e-04
Iteration 1234/2000-----
currents: [100000.0, 99999.99998204333, 99999.99998193019, 99999.9999769752, 99999.99997832836]
J=1.1e-04, ⟨Jf⟩=1.0e-04, ⟨B·n⟩=3.0e-03, Len=sum([2.4, 2.4, 2.4, 2.6, 2.6])=12.3, ϰ=[10.3, 9.1, 6.9, 10.4, 10.7], ∫ϰ²/L>=[16.8, 17.4, 13.2, 19.2, 20.2], C-C-Sep=0.08, ║∇J║=2.0e-04
Iteration 1235/2000-----
currents: [100000.0, 99999.99998202069, 99999.99998190778, 99999.99997694623, 99999.99997830126]
J=1.1e-04, ⟨Jf⟩=1.0e-04, ⟨B·n⟩=3.0e-03, Len=sum([2.4, 2.4, 2.4, 2.6, 2.6])=12.3, ϰ=[10.3, 9.1, 6.9, 10.4, 10.7], ∫ϰ²/L>=[16.8, 17.4, 13.2, 19.2, 20.2], C-C-Sep=0.08, ║∇J║=1.9e-04
Iteration 1236/2000-----
currents: [100000.0, 99999.99998198217, 99999.99998186964, 99999.9999768969, 99999.9999782551]
J=1.1e-04, ⟨Jf⟩=1.0e-04, ⟨B·n⟩=3.0e-03, Len=sum([2.4, 2.4, 2.4, 2.6, 2.6])=12.3, ϰ=[10.3, 9.1, 6.9, 10.4, 10.7], ∫ϰ²/L>=[16.8, 17.3, 13.2, 19.2, 20.2], C-C-Sep=0.08, ║∇J║=2.2e-04
Iteration 1237/2000-----
currents: [100000.0, 99999.9999819242, 99999.99998181226, 99999.99997682267, 99999.99997818569]
J=1.1e-04, ⟨Jf⟩=1.0e-04, ⟨B·n⟩=3.0e-03, Len=sum([2.4, 2.4, 2.4, 2.6, 2.6])=12.3, ϰ=[10.3, 9.1, 6.8, 10.4, 10.8], ∫ϰ²/L>=[16.7, 17.3, 13.2, 19.3, 20.2], C-C-Sep=0.08, ║∇J║=2.5e-04
Iteration 1238/2000-----
currents: [100000.0, 99999.99998187904, 99999.99998176759, 99999.99997676487, 99999.99997813161]
J=1.1e-04, ⟨Jf⟩=1.0e-04, ⟨B·n⟩=3.0e-03, Len=sum([2.4, 2.4, 2.4, 2.6, 2.6])=12.3, ϰ=[10.3, 9.1, 6.8, 10.4, 10.8], ∫ϰ²/L>=[16.7, 17.4, 13.2, 19.3, 20.2], C-C-Sep=0.08, ║∇J║=2.8e-04
Iteration 1239/2000-----
currents: [100000.0, 99999.99998189806, 99999.9999817864, 99999.99997678914, 99999.99997815433]
J=1.1e-04, ⟨Jf⟩=1.0e-04, ⟨B·n⟩=3.0e-03, Len=sum([2.4, 2.4, 2.4, 2.6, 2.6])=12.3, ϰ=[10.3, 9.1, 6.8, 10.4, 10.8], ∫ϰ²/L>=[16.7, 17.3, 13.2, 19.3, 20.2], C-C-Sep=0.08, ║∇J║=2.5e-04
Iteration 1240/2000-----
currents: [100000.0, 99999.99998188353, 99999.99998177197, 99999.99997677057, 99999.99997813694]
J=1.1e-04, ⟨Jf⟩=1.0e-04, ⟨B·n⟩=3.0e-03, Len=sum([2.4, 2.4, 2.4, 2.6, 2.6])=12.3, ϰ=[10.3, 9.1, 6.9, 10.4, 10.8], ∫ϰ²/L>=[16.7, 17.3, 13.2, 19.3, 20.2], C-C-Sep=0.08, ║∇J║=2.0e-04
Iteration 1241/2000-----
currents: [100000.0, 99999.99998186027, 99999.99998174886, 99999.99997674079, 99999.99997810912]
J=1.1e-04, ⟨Jf⟩=1.0e-04, ⟨B·n⟩=3.0e-03, Len=sum([2.4, 2.4, 2.4, 2.6, 2.6])=12.3, ϰ=[10.3, 9.0, 6.9, 10.4, 10.8], ∫ϰ²/L>=[16.7, 17.3, 13.2, 19.3, 20.2], C-C-Sep=0.08, ║∇J║=2.1e-04
Iteration 1242/2000-----
currents: [100000.0, 99999.99998183615, 99999.99998172496, 99999.99997670997, 99999.99997808029]
J=1.1e-04, ⟨Jf⟩=1.0e-04, ⟨B·n⟩=3.0e-03, Len=sum([2.4, 2.4, 2.4, 2.6, 2.6])=12.3, ϰ=[10.3, 9.0, 6.9, 10.4, 10.8], ∫ϰ²/L>=[16.7, 17.3, 13.2, 19.3, 20.2], C-C-Sep=0.08, ║∇J║=2.2e-04
Iteration 1243/2000-----
currents: [100000.0, 99999.99998177779, 99999.99998166719, 99999.99997663534, 99999.99997801053]
J=1.1e-04, ⟨Jf⟩=1.0e-04, ⟨B·n⟩=3.0e-03, Len=sum([2.4, 2.4, 2.4, 2.6, 2.6])=12.3, ϰ=[10.3, 9.0, 6.9, 10.4, 10.8], ∫ϰ²/L>=[16.7, 17.3, 13.2, 19.3, 20.2], C-C-Sep=0.08, ║∇J║=2.8e-04
Iteration 1244/2000-----
currents: [100000.0, 99999.99998170299, 99999.99998159318, 99999.99997653966, 99999.99997792109]
J=1.1e-04, ⟨Jf⟩=1.0e-04, ⟨B·n⟩=3.0e-03, Len=sum([2.4, 2.4, 2.4, 2.6, 2.6])=12.3, ϰ=[10.2, 9.0, 7.0, 10.5, 10.8], ∫ϰ²/L>=[16.7, 17.3, 13.2, 19.3, 20.2], C-C-Sep=0.08, ║∇J║=2.8e-04
Iteration 1245/2000-----
currents: [100000.0, 99999.99998166162, 99999.99998155235, 99999.99997648681, 99999.99997787173]
J=1.1e-04, ⟨Jf⟩=1.0e-04, ⟨B·n⟩=3.0e-03, Len=sum([2.4, 2.4, 2.4, 2.6, 2.6])=12.3, ϰ=[10.2, 9.0, 7.0, 10.5, 10.8], ∫ϰ²/L>=[16.7, 17.3, 13.2, 19.3, 20.2], C-C-Sep=0.08, ║∇J║=2.8e-04
Iteration 1246/2000-----
currents: [100000.0, 99999.99998165299, 99999.99998154386, 99999.9999764758, 99999.99997786143]
J=1.1e-04, ⟨Jf⟩=1.0e-04, ⟨B·n⟩=3.0e-03, Len=sum([2.4, 2.4, 2.4, 2.6, 2.6])=12.3, ϰ=[10.2, 9.0, 7.0, 10.5, 10.8], ∫ϰ²/L>=[16.7, 17.3, 13.2, 19.3, 20.2], C-C-Sep=0.08, ║∇J║=2.1e-04
Iteration 1247/2000-----
currents: [100000.0, 99999.99998168266, 99999.99998157324, 99999.99997651375, 99999.99997789686]
J=1.1e-04, ⟨Jf⟩=1.0e-04, ⟨B·n⟩=3.0e-03, Len=sum([2.4, 2.4, 2.4, 2.6, 2.6])=12.3, ϰ=[10.2, 9.0, 6.9, 10.4, 10.8], ∫ϰ²/L>=[16.7, 17.3, 13.2, 19.3, 20.2], C-C-Sep=0.08, ║∇J║=2.2e-04
Iteration 1248/2000-----
currents: [100000.0, 99999.9999816081, 99999.99998149942, 99999.99997641832, 99999.99997780759]
J=1.1e-04, ⟨Jf⟩=1.0e-04, ⟨B·n⟩=3.0e-03, Len=sum([2.4, 2.4, 2.4, 2.6, 2.6])=12.3, ϰ=[10.2, 9.0, 6.9, 10.5, 10.8], ∫ϰ²/L>=[16.7, 17.3, 13.2, 19.3, 20.2], C-C-Sep=0.08, ║∇J║=3.4e-04
Iteration 1249/2000-----
currents: [100000.0, 99999.99998161991, 99999.99998151114, 99999.99997643358, 99999.99997782189]
J=1.1e-04, ⟨Jf⟩=1.0e-04, ⟨B·n⟩=3.0e-03, Len=sum([2.4, 2.4, 2.4, 2.6, 2.6])=12.3, ϰ=[10.2, 9.0, 7.0, 10.5, 10.8], ∫ϰ²/L>=[16.7, 17.3, 13.2, 19.3, 20.2], C-C-Sep=0.08, ║∇J║=3.0e-04
Iteration 1250/2000-----
currents: [100000.0, 99999.99998162464, 99999.99998151585, 99999.99997643966, 99999.99997782751]
J=1.1e-04, ⟨Jf⟩=1.0e-04, ⟨B·n⟩=3.0e-03, Len=sum([2.4, 2.4, 2.4, 2.6, 2.6])=12.3, ϰ=[10.2, 9.0, 7.0, 10.5, 10.8], ∫ϰ²/L>=[16.7, 17.3, 13.2, 19.3, 20.2], C-C-Sep=0.08, ║∇J║=1.9e-04
Iteration 1251/2000-----
currents: [100000.0, 99999.99998162054, 99999.99998151184, 99999.99997643453, 99999.99997782266]
J=1.1e-04, ⟨Jf⟩=1.0e-04, ⟨B·n⟩=3.0e-03, Len=sum([2.4, 2.4, 2.4, 2.6, 2.6])=12.3, ϰ=[10.2, 9.0, 7.0, 10.5, 10.8], ∫ϰ²/L>=[16.7, 17.3, 13.2, 19.3, 20.2], C-C-Sep=0.08, ║∇J║=1.6e-04
Iteration 1252/2000-----
currents: [100000.0, 99999.99998159238, 99999.99998148411, 99999.99997639874, 99999.99997778908]
J=1.1e-04, ⟨Jf⟩=1.0e-04, ⟨B·n⟩=3.0e-03, Len=sum([2.4, 2.4, 2.4, 2.6, 2.6])=12.3, ϰ=[10.2, 9.0, 7.0, 10.5, 10.8], ∫ϰ²/L>=[16.7, 17.3, 13.2, 19.3, 20.2], C-C-Sep=0.08, ║∇J║=1.9e-04
Iteration 1253/2000-----
currents: [100000.0, 99999.99998156069, 99999.99998145293, 99999.9999763584, 99999.99997775126]
J=1.1e-04, ⟨Jf⟩=1.0e-04, ⟨B·n⟩=3.0e-03, Len=sum([2.4, 2.4, 2.4, 2.6, 2.6])=12.3, ϰ=[10.2, 9.0, 7.0, 10.4, 10.8], ∫ϰ²/L>=[16.7, 17.3, 13.2, 19.3, 20.3], C-C-Sep=0.08, ║∇J║=3.7e-04
Iteration 1254/2000-----
currents: [100000.0, 99999.99998153433, 99999.99998142703, 99999.99997632489, 99999.99997771991]
J=1.1e-04, ⟨Jf⟩=1.0e-04, ⟨B·n⟩=3.0e-03, Len=sum([2.4, 2.4, 2.4, 2.6, 2.6])=12.3, ϰ=[10.2, 9.0, 7.0, 10.5, 10.8], ∫ϰ²/L>=[16.7, 17.3, 13.2, 19.3, 20.3], C-C-Sep=0.08, ║∇J║=2.2e-04
Iteration 1255/2000-----
currents: [100000.0, 99999.99998150051, 99999.99998139369, 99999.99997628163, 99999.99997767946]
J=1.1e-04, ⟨Jf⟩=1.0e-04, ⟨B·n⟩=3.0e-03, Len=sum([2.4, 2.4, 2.4, 2.6, 2.6])=12.3, ϰ=[10.2, 9.0, 7.0, 10.5, 10.8], ∫ϰ²/L>=[16.7, 17.3, 13.2, 19.3, 20.3], C-C-Sep=0.08, ║∇J║=2.2e-04
Iteration 1256/2000-----
currents: [100000.0, 99999.99998146629, 99999.99998135996, 99999.99997623793, 99999.99997763862]
J=1.1e-04, ⟨Jf⟩=1.0e-04, ⟨B·n⟩=3.0e-03, Len=sum([2.4, 2.4, 2.4, 2.6, 2.6])=12.3, ϰ=[10.2, 9.0, 7.0, 10.4, 10.8], ∫ϰ²/L>=[16.7, 17.3, 13.2, 19.3, 20.3], C-C-Sep=0.08, ║∇J║=2.2e-04
Iteration 1257/2000-----
currents: [100000.0, 99999.9999814273, 99999.99998132147, 99999.99997618803, 99999.999977592]
J=1.1e-04, ⟨Jf⟩=1.0e-04, ⟨B·n⟩=3.0e-03, Len=sum([2.4, 2.4, 2.4, 2.6, 2.6])=12.3, ϰ=[10.2, 9.0, 7.0, 10.4, 10.8], ∫ϰ²/L>=[16.7, 17.3, 13.2, 19.3, 20.3], C-C-Sep=0.08, ║∇J║=2.7e-04
Iteration 1258/2000-----
currents: [100000.0, 99999.99998144033, 99999.9999813343, 99999.99997620459, 99999.99997760748]
J=1.1e-04, ⟨Jf⟩=1.0e-04, ⟨B·n⟩=3.0e-03, Len=sum([2.4, 2.4, 2.4, 2.6, 2.6])=12.3, ϰ=[10.2, 9.0, 7.0, 10.4, 10.8], ∫ϰ²/L>=[16.7, 17.3, 13.1, 19.3, 20.3], C-C-Sep=0.08, ║∇J║=2.4e-04
Iteration 1259/2000-----
currents: [100000.0, 99999.99998141083, 99999.99998130507, 99999.99997616692, 99999.99997757222]
J=1.1e-04, ⟨Jf⟩=1.0e-04, ⟨B·n⟩=3.0e-03, Len=sum([2.4, 2.4, 2.4, 2.6, 2.6])=12.3, ϰ=[10.2, 9.0, 7.0, 10.4, 10.8], ∫ϰ²/L>=[16.7, 17.4, 13.1, 19.3, 20.3], C-C-Sep=0.08, ║∇J║=2.6e-04
Iteration 1260/2000-----
currents: [100000.0, 99999.99998140761, 99999.99998130188, 99999.99997616277, 99999.99997756834]
J=1.1e-04, ⟨Jf⟩=1.0e-04, ⟨B·n⟩=3.0e-03, Len=sum([2.4, 2.4, 2.4, 2.6, 2.6])=12.3, ϰ=[10.2, 9.0, 6.9, 10.4, 10.8], ∫ϰ²/L>=[16.7, 17.4, 13.1, 19.3, 20.3], C-C-Sep=0.08, ║∇J║=2.2e-04
Iteration 1261/2000-----
currents: [100000.0, 99999.9999813837, 99999.99998127829, 99999.99997613223, 99999.99997753973]
J=1.1e-04, ⟨Jf⟩=1.0e-04, ⟨B·n⟩=3.0e-03, Len=sum([2.4, 2.4, 2.4, 2.6, 2.6])=12.3, ϰ=[10.2, 9.1, 6.9, 10.4, 10.8], ∫ϰ²/L>=[16.7, 17.4, 13.1, 19.3, 20.3], C-C-Sep=0.08, ║∇J║=2.1e-04
Iteration 1262/2000-----
currents: [100000.0, 99999.99998136693, 99999.99998126172, 99999.99997611082, 99999.99997751972]
J=1.1e-04, ⟨Jf⟩=1.0e-04, ⟨B·n⟩=3.0e-03, Len=sum([2.4, 2.4, 2.4, 2.6, 2.6])=12.3, ϰ=[10.2, 9.1, 6.9, 10.4, 10.8], ∫ϰ²/L>=[16.7, 17.4, 13.1, 19.3, 20.3], C-C-Sep=0.08, ║∇J║=2.5e-04
Iteration 1263/2000-----
currents: [100000.0, 99999.99998133059, 99999.9999812258, 99999.99997606437, 99999.99997747625]
J=1.1e-04, ⟨Jf⟩=1.0e-04, ⟨B·n⟩=3.0e-03, Len=sum([2.4, 2.4, 2.4, 2.6, 2.6])=12.3, ϰ=[10.2, 9.1, 6.9, 10.4, 10.8], ∫ϰ²/L>=[16.7, 17.4, 13.1, 19.3, 20.3], C-C-Sep=0.08, ║∇J║=2.2e-04
Iteration 1264/2000-----
currents: [100000.0, 99999.9999812919, 99999.99998118759, 99999.99997601497, 99999.99997743005]
J=1.1e-04, ⟨Jf⟩=1.0e-04, ⟨B·n⟩=3.0e-03, Len=sum([2.4, 2.4, 2.4, 2.6, 2.6])=12.3, ϰ=[10.2, 9.1, 6.9, 10.4, 10.8], ∫ϰ²/L>=[16.7, 17.4, 13.1, 19.3, 20.3], C-C-Sep=0.08, ║∇J║=2.5e-04
Iteration 1265/2000-----
currents: [100000.0, 99999.99998122083, 99999.99998111739, 99999.99997592423, 99999.99997734523]
J=1.1e-04, ⟨Jf⟩=1.0e-04, ⟨B·n⟩=3.0e-03, Len=sum([2.4, 2.4, 2.4, 2.6, 2.6])=12.3, ϰ=[10.2, 9.1, 6.9, 10.4, 10.8], ∫ϰ²/L>=[16.7, 17.4, 13.1, 19.3, 20.3], C-C-Sep=0.08, ║∇J║=3.0e-04
Iteration 1266/2000-----
currents: [100000.0, 99999.99998121533, 99999.99998111204, 99999.99997591735, 99999.99997733881]
J=1.1e-04, ⟨Jf⟩=1.0e-04, ⟨B·n⟩=3.0e-03, Len=sum([2.4, 2.4, 2.4, 2.6, 2.6])=12.3, ϰ=[10.2, 9.1, 6.9, 10.4, 10.8], ∫ϰ²/L>=[16.7, 17.4, 13.1, 19.3, 20.3], C-C-Sep=0.08, ║∇J║=2.8e-04
Iteration 1267/2000-----
currents: [100000.0, 99999.999981177, 99999.99998107426, 99999.99997586854, 99999.99997729322]
J=1.1e-04, ⟨Jf⟩=1.0e-04, ⟨B·n⟩=3.0e-03, Len=sum([2.4, 2.4, 2.4, 2.6, 2.6])=12.3, ϰ=[10.2, 9.1, 6.9, 10.4, 10.9], ∫ϰ²/L>=[16.7, 17.4, 13.1, 19.3, 20.3], C-C-Sep=0.08, ║∇J║=3.0e-04
Iteration 1268/2000-----
currents: [100000.0, 99999.99998119414, 99999.9999810912, 99999.99997589053, 99999.99997731377]
J=1.1e-04, ⟨Jf⟩=1.0e-04, ⟨B·n⟩=3.0e-03, Len=sum([2.4, 2.4, 2.4, 2.6, 2.6])=12.3, ϰ=[10.2, 9.1, 6.9, 10.4, 10.8], ∫ϰ²/L>=[16.7, 17.4, 13.1, 19.3, 20.3], C-C-Sep=0.08, ║∇J║=2.7e-04
Iteration 1269/2000-----
currents: [100000.0, 99999.99998117145, 99999.99998106879, 99999.99997586162, 99999.99997728667]
J=1.1e-04, ⟨Jf⟩=1.0e-04, ⟨B·n⟩=3.0e-03, Len=sum([2.4, 2.4, 2.4, 2.6, 2.6])=12.3, ϰ=[10.2, 9.1, 6.9, 10.4, 10.8], ∫ϰ²/L>=[16.7, 17.4, 13.1, 19.3, 20.3], C-C-Sep=0.08, ║∇J║=2.0e-04
Iteration 1270/2000-----
currents: [100000.0, 99999.99998114716, 99999.99998104478, 99999.99997583064, 99999.99997725771]
J=1.1e-04, ⟨Jf⟩=1.0e-04, ⟨B·n⟩=3.0e-03, Len=sum([2.4, 2.4, 2.4, 2.6, 2.6])=12.3, ϰ=[10.2, 9.1, 7.0, 10.4, 10.8], ∫ϰ²/L>=[16.7, 17.4, 13.1, 19.3, 20.3], C-C-Sep=0.08, ║∇J║=2.1e-04
Iteration 1271/2000-----
currents: [100000.0, 99999.99998111084, 99999.99998100895, 99999.99997578443, 99999.99997721451]
J=1.1e-04, ⟨Jf⟩=1.0e-04, ⟨B·n⟩=3.0e-03, Len=sum([2.4, 2.4, 2.4, 2.6, 2.6])=12.3, ϰ=[10.2, 9.1, 7.0, 10.4, 10.8], ∫ϰ²/L>=[16.7, 17.4, 13.2, 19.3, 20.3], C-C-Sep=0.08, ║∇J║=2.3e-04
Iteration 1272/2000-----
currents: [100000.0, 99999.99998107227, 99999.99998097093, 99999.99997573534, 99999.9999771686]
J=1.1e-04, ⟨Jf⟩=1.0e-04, ⟨B·n⟩=3.0e-03, Len=sum([2.4, 2.4, 2.4, 2.6, 2.6])=12.3, ϰ=[10.2, 9.1, 7.0, 10.4, 10.8], ∫ϰ²/L>=[16.7, 17.4, 13.2, 19.3, 20.3], C-C-Sep=0.08, ║∇J║=2.3e-04
Iteration 1273/2000-----
currents: [100000.0, 99999.99998099194, 99999.9999808917, 99999.99997563304, 99999.99997707299]
J=1.1e-04, ⟨Jf⟩=1.0e-04, ⟨B·n⟩=3.0e-03, Len=sum([2.4, 2.4, 2.4, 2.6, 2.6])=12.3, ϰ=[10.2, 9.1, 7.0, 10.4, 10.8], ∫ϰ²/L>=[16.7, 17.4, 13.2, 19.3, 20.3], C-C-Sep=0.08, ║∇J║=2.6e-04
Iteration 1274/2000-----
currents: [100000.0, 99999.99998097963, 99999.99998087961, 99999.9999756175, 99999.99997705853]
J=1.1e-04, ⟨Jf⟩=1.0e-04, ⟨B·n⟩=3.0e-03, Len=sum([2.4, 2.4, 2.4, 2.6, 2.6])=12.3, ϰ=[10.2, 9.1, 7.1, 10.4, 10.8], ∫ϰ²/L>=[16.7, 17.4, 13.2, 19.3, 20.3], C-C-Sep=0.08, ║∇J║=4.0e-04
Iteration 1275/2000-----
currents: [100000.0, 99999.99998096871, 99999.99998086884, 99999.99997560351, 99999.99997704543]
J=1.1e-04, ⟨Jf⟩=1.0e-04, ⟨B·n⟩=3.0e-03, Len=sum([2.4, 2.4, 2.4, 2.6, 2.6])=12.3, ϰ=[10.2, 9.1, 7.0, 10.4, 10.8], ∫ϰ²/L>=[16.7, 17.4, 13.2, 19.3, 20.3], C-C-Sep=0.08, ║∇J║=2.3e-04
Iteration 1276/2000-----
currents: [100000.0, 99999.99998097525, 99999.99998087523, 99999.99997561175, 99999.9999770531]
J=1.1e-04, ⟨Jf⟩=1.0e-04, ⟨B·n⟩=3.0e-03, Len=sum([2.4, 2.4, 2.4, 2.6, 2.6])=12.3, ϰ=[10.2, 9.0, 7.0, 10.4, 10.8], ∫ϰ²/L>=[16.7, 17.4, 13.2, 19.3, 20.3], C-C-Sep=0.08, ║∇J║=1.9e-04
Iteration 1277/2000-----
currents: [100000.0, 99999.99998093072, 99999.99998083127, 99999.99997555498, 99999.999977]
J=1.1e-04, ⟨Jf⟩=1.0e-04, ⟨B·n⟩=3.0e-03, Len=sum([2.4, 2.4, 2.4, 2.6, 2.6])=12.3, ϰ=[10.2, 9.0, 7.0, 10.4, 10.8], ∫ϰ²/L>=[16.7, 17.4, 13.2, 19.3, 20.3], C-C-Sep=0.08, ║∇J║=2.2e-04
Iteration 1278/2000-----
currents: [100000.0, 99999.99998093558, 99999.99998083607, 99999.99997556131, 99999.99997700591]
J=1.1e-04, ⟨Jf⟩=1.0e-04, ⟨B·n⟩=3.0e-03, Len=sum([2.4, 2.4, 2.4, 2.6, 2.6])=12.3, ϰ=[10.2, 9.0, 7.0, 10.4, 10.8], ∫ϰ²/L>=[16.7, 17.4, 13.2, 19.3, 20.3], C-C-Sep=0.08, ║∇J║=3.1e-04
Iteration 1279/2000-----
currents: [100000.0, 99999.99998092289, 99999.99998082356, 99999.99997554526, 99999.99997699089]
J=1.1e-04, ⟨Jf⟩=1.0e-04, ⟨B·n⟩=3.0e-03, Len=sum([2.4, 2.4, 2.4, 2.6, 2.6])=12.3, ϰ=[10.2, 9.0, 7.0, 10.4, 10.8], ∫ϰ²/L>=[16.7, 17.4, 13.1, 19.4, 20.3], C-C-Sep=0.08, ║∇J║=2.3e-04
Iteration 1280/2000-----
currents: [100000.0, 99999.99998090943, 99999.99998081032, 99999.99997552829, 99999.99997697498]
J=1.1e-04, ⟨Jf⟩=1.0e-04, ⟨B·n⟩=3.0e-03, Len=sum([2.4, 2.4, 2.4, 2.6, 2.6])=12.3, ϰ=[10.2, 9.0, 7.0, 10.4, 10.8], ∫ϰ²/L>=[16.6, 17.4, 13.1, 19.4, 20.3], C-C-Sep=0.08, ║∇J║=2.1e-04
Iteration 1281/2000-----
currents: [100000.0, 99999.99998089057, 99999.99998079176, 99999.99997550446, 99999.99997695265]
J=1.1e-04, ⟨Jf⟩=1.0e-04, ⟨B·n⟩=3.0e-03, Len=sum([2.4, 2.4, 2.4, 2.6, 2.6])=12.3, ϰ=[10.2, 9.0, 7.0, 10.4, 10.8], ∫ϰ²/L>=[16.6, 17.4, 13.1, 19.4, 20.3], C-C-Sep=0.08, ║∇J║=1.9e-04
Iteration 1282/2000-----
currents: [100000.0, 99999.9999808716, 99999.99998077306, 99999.9999754804, 99999.99997693014]
J=1.1e-04, ⟨Jf⟩=1.0e-04, ⟨B·n⟩=3.0e-03, Len=sum([2.4, 2.4, 2.4, 2.6, 2.6])=12.3, ϰ=[10.2, 9.1, 7.0, 10.4, 10.8], ∫ϰ²/L>=[16.6, 17.4, 13.1, 19.4, 20.2], C-C-Sep=0.08, ║∇J║=1.8e-04
Iteration 1283/2000-----
currents: [100000.0, 99999.99998085672, 99999.9999807584, 99999.99997546148, 99999.99997691241]
J=1.1e-04, ⟨Jf⟩=1.0e-04, ⟨B·n⟩=3.0e-03, Len=sum([2.4, 2.4, 2.4, 2.6, 2.6])=12.3, ϰ=[10.2, 9.1, 6.9, 10.4, 10.8], ∫ϰ²/L>=[16.6, 17.4, 13.1, 19.4, 20.2], C-C-Sep=0.08, ║∇J║=1.9e-04
Iteration 1284/2000-----
currents: [100000.0, 99999.99998082653, 99999.9999807286, 99999.99997542295, 99999.99997687637]
J=1.1e-04, ⟨Jf⟩=1.0e-04, ⟨B·n⟩=3.0e-03, Len=sum([2.4, 2.4, 2.4, 2.6, 2.6])=12.3, ϰ=[10.2, 9.1, 6.9, 10.4, 10.8], ∫ϰ²/L>=[16.6, 17.4, 13.1, 19.3, 20.2], C-C-Sep=0.08, ║∇J║=2.5e-04
Iteration 1285/2000-----
currents: [100000.0, 99999.99998078305, 99999.99998068566, 99999.9999753675, 99999.99997682446]
J=1.1e-04, ⟨Jf⟩=1.0e-04, ⟨B·n⟩=3.0e-03, Len=sum([2.4, 2.4, 2.4, 2.6, 2.6])=12.3, ϰ=[10.2, 9.0, 7.0, 10.4, 10.8], ∫ϰ²/L>=[16.6, 17.4, 13.1, 19.3, 20.2], C-C-Sep=0.08, ║∇J║=2.9e-04
Iteration 1286/2000-----
currents: [100000.0, 99999.99998071331, 99999.99998061685, 99999.99997527854, 99999.99997674127]
J=1.1e-04, ⟨Jf⟩=1.0e-04, ⟨B·n⟩=3.0e-03, Len=sum([2.4, 2.4, 2.4, 2.6, 2.6])=12.3, ϰ=[10.2, 9.0, 7.0, 10.4, 10.8], ∫ϰ²/L>=[16.6, 17.4, 13.1, 19.4, 20.3], C-C-Sep=0.08, ║∇J║=3.1e-04
Iteration 1287/2000-----
currents: [100000.0, 99999.99998070239, 99999.99998060614, 99999.99997526463, 99999.99997672824]
J=1.1e-04, ⟨Jf⟩=1.0e-04, ⟨B·n⟩=3.0e-03, Len=sum([2.4, 2.4, 2.4, 2.6, 2.6])=12.3, ϰ=[10.2, 9.0, 7.0, 10.4, 10.8], ∫ϰ²/L>=[16.6, 17.4, 13.1, 19.4, 20.3], C-C-Sep=0.08, ║∇J║=3.1e-04
Iteration 1288/2000-----
currents: [100000.0, 99999.99998068402, 99999.99998058807, 99999.99997524128, 99999.99997670641]
J=1.1e-04, ⟨Jf⟩=1.0e-04, ⟨B·n⟩=3.0e-03, Len=sum([2.4, 2.4, 2.4, 2.6, 2.6])=12.3, ϰ=[10.2, 9.0, 7.0, 10.4, 10.8], ∫ϰ²/L>=[16.6, 17.3, 13.1, 19.4, 20.3], C-C-Sep=0.08, ║∇J║=2.6e-04
Iteration 1289/2000-----
currents: [100000.0, 99999.99998067561, 99999.99998057981, 99999.99997523062, 99999.99997669643]
J=1.1e-04, ⟨Jf⟩=1.0e-04, ⟨B·n⟩=3.0e-03, Len=sum([2.4, 2.4, 2.4, 2.6, 2.6])=12.3, ϰ=[10.2, 9.0, 7.0, 10.4, 10.8], ∫ϰ²/L>=[16.6, 17.3, 13.1, 19.4, 20.3], C-C-Sep=0.08, ║∇J║=1.9e-04
Iteration 1290/2000-----
currents: [100000.0, 99999.99998065777, 99999.99998056226, 99999.99997520796, 99999.99997667524]
J=1.1e-04, ⟨Jf⟩=1.0e-04, ⟨B·n⟩=3.0e-03, Len=sum([2.4, 2.4, 2.4, 2.6, 2.6])=12.3, ϰ=[10.2, 9.0, 7.0, 10.4, 10.8], ∫ϰ²/L>=[16.6, 17.3, 13.1, 19.3, 20.3], C-C-Sep=0.08, ║∇J║=2.0e-04
Iteration 1291/2000-----
currents: [100000.0, 99999.99998065057, 99999.99998055519, 99999.9999751988, 99999.99997666667]
J=1.1e-04, ⟨Jf⟩=1.0e-04, ⟨B·n⟩=3.0e-03, Len=sum([2.4, 2.4, 2.4, 2.6, 2.6])=12.3, ϰ=[10.2, 9.0, 7.0, 10.4, 10.8], ∫ϰ²/L>=[16.6, 17.3, 13.1, 19.3, 20.3], C-C-Sep=0.08, ║∇J║=2.0e-04
Iteration 1292/2000-----
currents: [100000.0, 99999.99998061304, 99999.99998051822, 99999.99997515102, 99999.999976622]
J=1.1e-04, ⟨Jf⟩=1.0e-04, ⟨B·n⟩=3.0e-03, Len=sum([2.4, 2.4, 2.4, 2.6, 2.6])=12.3, ϰ=[10.2, 9.0, 7.0, 10.4, 10.8], ∫ϰ²/L>=[16.6, 17.3, 13.1, 19.3, 20.3], C-C-Sep=0.08, ║∇J║=2.4e-04
Iteration 1293/2000-----
currents: [100000.0, 99999.999980559, 99999.999980465, 99999.99997508226, 99999.99997655768]
J=1.1e-04, ⟨Jf⟩=1.0e-04, ⟨B·n⟩=3.0e-03, Len=sum([2.4, 2.4, 2.4, 2.6, 2.6])=12.3, ϰ=[10.2, 9.0, 7.0, 10.4, 10.7], ∫ϰ²/L>=[16.6, 17.3, 13.1, 19.3, 20.2], C-C-Sep=0.08, ║∇J║=2.5e-04
Iteration 1294/2000-----
currents: [100000.0, 99999.99998051675, 99999.99998042337, 99999.9999750285, 99999.9999765074]
J=1.1e-04, ⟨Jf⟩=1.0e-04, ⟨B·n⟩=3.0e-03, Len=sum([2.4, 2.4, 2.4, 2.6, 2.6])=12.3, ϰ=[10.2, 9.0, 7.0, 10.4, 10.7], ∫ϰ²/L>=[16.6, 17.3, 13.1, 19.4, 20.2], C-C-Sep=0.08, ║∇J║=2.8e-04
Iteration 1295/2000-----
currents: [100000.0, 99999.99998052987, 99999.99998043639, 99999.99997504539, 99999.99997652318]
J=1.1e-04, ⟨Jf⟩=1.0e-04, ⟨B·n⟩=3.0e-03, Len=sum([2.4, 2.4, 2.4, 2.6, 2.6])=12.3, ϰ=[10.3, 9.0, 6.9, 10.4, 10.7], ∫ϰ²/L>=[16.6, 17.3, 13.1, 19.4, 20.2], C-C-Sep=0.08, ║∇J║=2.8e-04
Iteration 1296/2000-----
currents: [100000.0, 99999.99998047533, 99999.99998038266, 99999.9999749761, 99999.99997645832]
J=1.1e-04, ⟨Jf⟩=1.0e-04, ⟨B·n⟩=3.0e-03, Len=sum([2.4, 2.4, 2.4, 2.6, 2.6])=12.3, ϰ=[10.3, 9.0, 6.9, 10.4, 10.7], ∫ϰ²/L>=[16.6, 17.3, 13.1, 19.4, 20.2], C-C-Sep=0.08, ║∇J║=3.6e-04
Iteration 1297/2000-----
currents: [100000.0, 99999.99998049776, 99999.99998040475, 99999.99997500461, 99999.99997648498]
J=1.1e-04, ⟨Jf⟩=1.0e-04, ⟨B·n⟩=3.0e-03, Len=sum([2.4, 2.4, 2.4, 2.6, 2.6])=12.3, ϰ=[10.2, 9.0, 6.9, 10.4, 10.7], ∫ϰ²/L>=[16.6, 17.3, 13.1, 19.4, 20.2], C-C-Sep=0.08, ║∇J║=2.1e-04
Iteration 1298/2000-----
currents: [100000.0, 99999.99998049357, 99999.99998040061, 99999.99997499926, 99999.99997648]
J=1.1e-04, ⟨Jf⟩=1.0e-04, ⟨B·n⟩=3.0e-03, Len=sum([2.4, 2.4, 2.4, 2.6, 2.6])=12.3, ϰ=[10.2, 9.0, 6.9, 10.4, 10.7], ∫ϰ²/L>=[16.6, 17.3, 13.1, 19.4, 20.2], C-C-Sep=0.08, ║∇J║=2.0e-04
Iteration 1299/2000-----
currents: [100000.0, 99999.99998047906, 99999.99998038632, 99999.9999749808, 99999.99997646274]
J=1.1e-04, ⟨Jf⟩=1.0e-04, ⟨B·n⟩=3.0e-03, Len=sum([2.4, 2.4, 2.4, 2.6, 2.6])=12.3, ϰ=[10.2, 9.0, 6.9, 10.5, 10.7], ∫ϰ²/L>=[16.6, 17.3, 13.1, 19.4, 20.2], C-C-Sep=0.08, ║∇J║=1.9e-04
Iteration 1300/2000-----
currents: [100000.0, 99999.99998044895, 99999.99998035668, 99999.99997494256, 99999.99997642695]
J=1.1e-04, ⟨Jf⟩=1.0e-04, ⟨B·n⟩=3.0e-03, Len=sum([2.4, 2.4, 2.4, 2.6, 2.6])=12.3, ϰ=[10.2, 9.0, 6.9, 10.5, 10.7], ∫ϰ²/L>=[16.6, 17.3, 13.1, 19.4, 20.2], C-C-Sep=0.08, ║∇J║=2.0e-04
Iteration 1301/2000-----
currents: [100000.0, 99999.99998042607, 99999.99998033413, 99999.99997491344, 99999.99997639972]
J=1.1e-04, ⟨Jf⟩=1.0e-04, ⟨B·n⟩=3.0e-03, Len=sum([2.4, 2.4, 2.4, 2.6, 2.6])=12.3, ϰ=[10.2, 9.0, 6.9, 10.5, 10.7], ∫ϰ²/L>=[16.6, 17.3, 13.1, 19.4, 20.2], C-C-Sep=0.08, ║∇J║=2.0e-04
Iteration 1302/2000-----
currents: [100000.0, 99999.99998039985, 99999.9999803083, 99999.9999748801, 99999.99997636856]
J=1.1e-04, ⟨Jf⟩=1.0e-04, ⟨B·n⟩=3.0e-03, Len=sum([2.4, 2.4, 2.4, 2.6, 2.6])=12.3, ϰ=[10.2, 9.0, 6.9, 10.5, 10.7], ∫ϰ²/L>=[16.6, 17.3, 13.1, 19.4, 20.2], C-C-Sep=0.08, ║∇J║=2.1e-04
Iteration 1303/2000-----
currents: [100000.0, 99999.99998038735, 99999.99998029601, 99999.99997486427, 99999.9999763538]
J=1.1e-04, ⟨Jf⟩=1.0e-04, ⟨B·n⟩=3.0e-03, Len=sum([2.4, 2.4, 2.4, 2.6, 2.6])=12.3, ϰ=[10.2, 9.0, 6.9, 10.5, 10.7], ∫ϰ²/L>=[16.6, 17.3, 13.1, 19.3, 20.2], C-C-Sep=0.08, ║∇J║=2.4e-04
Iteration 1304/2000-----
currents: [100000.0, 99999.99998035684, 99999.99998026594, 99999.99997482545, 99999.99997631754]
J=1.1e-04, ⟨Jf⟩=1.0e-04, ⟨B·n⟩=3.0e-03, Len=sum([2.4, 2.4, 2.4, 2.6, 2.6])=12.3, ϰ=[10.2, 9.0, 6.9, 10.4, 10.7], ∫ϰ²/L>=[16.6, 17.3, 13.1, 19.3, 20.2], C-C-Sep=0.08, ║∇J║=3.0e-04
Iteration 1305/2000-----
currents: [100000.0, 99999.999980324, 99999.9999802336, 99999.99997478364, 99999.99997627847]
J=1.1e-04, ⟨Jf⟩=1.0e-04, ⟨B·n⟩=3.0e-03, Len=sum([2.4, 2.4, 2.4, 2.6, 2.6])=12.3, ϰ=[10.2, 9.0, 6.9, 10.4, 10.7], ∫ϰ²/L>=[16.6, 17.3, 13.1, 19.3, 20.2], C-C-Sep=0.08, ║∇J║=2.2e-04
Iteration 1306/2000-----
currents: [100000.0, 99999.9999802906, 99999.9999802007, 99999.99997474109, 99999.99997623873]
J=1.1e-04, ⟨Jf⟩=1.0e-04, ⟨B·n⟩=3.0e-03, Len=sum([2.4, 2.4, 2.4, 2.6, 2.6])=12.3, ϰ=[10.2, 9.0, 6.9, 10.4, 10.7], ∫ϰ²/L>=[16.6, 17.3, 13.1, 19.3, 20.2], C-C-Sep=0.08, ║∇J║=2.3e-04
Iteration 1307/2000-----
currents: [100000.0, 99999.9999802322, 99999.99998014321, 99999.99997466682, 99999.9999761693]
J=1.1e-04, ⟨Jf⟩=1.0e-04, ⟨B·n⟩=3.0e-03, Len=sum([2.4, 2.4, 2.4, 2.6, 2.6])=12.3, ϰ=[10.2, 9.0, 6.9, 10.4, 10.7], ∫ϰ²/L>=[16.6, 17.3, 13.1, 19.3, 20.2], C-C-Sep=0.08, ║∇J║=2.7e-04
Iteration 1308/2000-----
currents: [100000.0, 99999.99998025387, 99999.99998016456, 99999.9999746944, 99999.99997619512]
J=1.1e-04, ⟨Jf⟩=1.0e-04, ⟨B·n⟩=3.0e-03, Len=sum([2.4, 2.4, 2.4, 2.6, 2.6])=12.3, ϰ=[10.2, 9.0, 6.9, 10.4, 10.7], ∫ϰ²/L>=[16.5, 17.3, 13.1, 19.3, 20.2], C-C-Sep=0.08, ║∇J║=2.7e-04
Iteration 1309/2000-----
currents: [100000.0, 99999.9999802264, 99999.99998013751, 99999.9999746595, 99999.99997616251]
J=1.1e-04, ⟨Jf⟩=1.0e-04, ⟨B·n⟩=3.0e-03, Len=sum([2.4, 2.4, 2.4, 2.6, 2.6])=12.3, ϰ=[10.2, 9.1, 6.9, 10.4, 10.7], ∫ϰ²/L>=[16.6, 17.3, 13.1, 19.3, 20.3], C-C-Sep=0.08, ║∇J║=2.5e-04
Iteration 1310/2000-----
currents: [100000.0, 99999.99998021765, 99999.9999801289, 99999.9999746484, 99999.9999761521]
J=1.1e-04, ⟨Jf⟩=1.0e-04, ⟨B·n⟩=3.0e-03, Len=sum([2.4, 2.4, 2.4, 2.6, 2.6])=12.3, ϰ=[10.2, 9.0, 6.9, 10.4, 10.7], ∫ϰ²/L>=[16.6, 17.3, 13.1, 19.3, 20.2], C-C-Sep=0.08, ║∇J║=2.2e-04
Iteration 1311/2000-----
currents: [100000.0, 99999.99998019973, 99999.99998011124, 99999.99997462565, 99999.99997613087]
J=1.1e-04, ⟨Jf⟩=1.0e-04, ⟨B·n⟩=3.0e-03, Len=sum([2.4, 2.4, 2.4, 2.6, 2.6])=12.3, ϰ=[10.2, 9.1, 6.9, 10.4, 10.8], ∫ϰ²/L>=[16.6, 17.3, 13.1, 19.3, 20.3], C-C-Sep=0.08, ║∇J║=2.1e-04
Iteration 1312/2000-----
currents: [100000.0, 99999.99998017556, 99999.99998008746, 99999.99997459496, 99999.99997610218]
J=1.1e-04, ⟨Jf⟩=1.0e-04, ⟨B·n⟩=3.0e-03, Len=sum([2.4, 2.4, 2.4, 2.6, 2.6])=12.3, ϰ=[10.1, 9.1, 6.9, 10.4, 10.8], ∫ϰ²/L>=[16.6, 17.3, 13.1, 19.3, 20.3], C-C-Sep=0.08, ║∇J║=2.6e-04
Iteration 1313/2000-----
currents: [100000.0, 99999.99998016014, 99999.99998007229, 99999.99997457537, 99999.99997608388]
J=1.1e-04, ⟨Jf⟩=1.0e-04, ⟨B·n⟩=3.0e-03, Len=sum([2.4, 2.4, 2.4, 2.6, 2.6])=12.3, ϰ=[10.2, 9.1, 6.9, 10.4, 10.8], ∫ϰ²/L>=[16.6, 17.3, 13.1, 19.3, 20.3], C-C-Sep=0.08, ║∇J║=2.2e-04
Iteration 1314/2000-----
currents: [100000.0, 99999.99998014471, 99999.9999800571, 99999.99997455576, 99999.99997606552]
J=1.1e-04, ⟨Jf⟩=1.0e-04, ⟨B·n⟩=3.0e-03, Len=sum([2.4, 2.4, 2.4, 2.6, 2.6])=12.3, ϰ=[10.2, 9.1, 6.9, 10.4, 10.8], ∫ϰ²/L>=[16.6, 17.3, 13.1, 19.3, 20.3], C-C-Sep=0.08, ║∇J║=1.8e-04
Iteration 1315/2000-----
currents: [100000.0, 99999.9999801266, 99999.99998003927, 99999.99997453274, 99999.99997604392]
J=1.1e-04, ⟨Jf⟩=1.0e-04, ⟨B·n⟩=3.0e-03, Len=sum([2.4, 2.4, 2.4, 2.6, 2.6])=12.3, ϰ=[10.2, 9.1, 6.9, 10.4, 10.8], ∫ϰ²/L>=[16.6, 17.3, 13.1, 19.3, 20.3], C-C-Sep=0.08, ║∇J║=1.9e-04
Iteration 1316/2000-----
currents: [100000.0, 99999.99998009113, 99999.99998000432, 99999.99997448763, 99999.99997600168]
J=1.1e-04, ⟨Jf⟩=1.0e-04, ⟨B·n⟩=3.0e-03, Len=sum([2.4, 2.4, 2.4, 2.6, 2.6])=12.3, ϰ=[10.2, 9.1, 6.9, 10.4, 10.8], ∫ϰ²/L>=[16.6, 17.3, 13.1, 19.3, 20.3], C-C-Sep=0.08, ║∇J║=2.5e-04
Iteration 1317/2000-----
currents: [100000.0, 99999.99998006206, 99999.99997997568, 99999.99997445071, 99999.99997596712]
J=1.1e-04, ⟨Jf⟩=1.0e-04, ⟨B·n⟩=3.0e-03, Len=sum([2.4, 2.4, 2.4, 2.6, 2.6])=12.3, ϰ=[10.2, 9.1, 6.8, 10.4, 10.8], ∫ϰ²/L>=[16.6, 17.2, 13.1, 19.3, 20.3], C-C-Sep=0.08, ║∇J║=2.1e-04
Iteration 1318/2000-----
currents: [100000.0, 99999.99998001462, 99999.99997992895, 99999.99997439043, 99999.99997591073]
J=1.1e-04, ⟨Jf⟩=1.0e-04, ⟨B·n⟩=3.0e-03, Len=sum([2.4, 2.4, 2.4, 2.6, 2.6])=12.3, ϰ=[10.2, 9.2, 6.8, 10.3, 10.8], ∫ϰ²/L>=[16.6, 17.2, 13.1, 19.3, 20.3], C-C-Sep=0.08, ║∇J║=2.4e-04
Iteration 1319/2000-----
currents: [100000.0, 99999.9999799827, 99999.99997989753, 99999.99997435, 99999.99997587292]
J=1.1e-04, ⟨Jf⟩=1.0e-04, ⟨B·n⟩=3.0e-03, Len=sum([2.4, 2.4, 2.4, 2.6, 2.6])=12.3, ϰ=[10.2, 9.2, 6.8, 10.3, 10.8], ∫ϰ²/L>=[16.6, 17.2, 13.1, 19.3, 20.3], C-C-Sep=0.08, ║∇J║=2.5e-04
Iteration 1320/2000-----
currents: [100000.0, 99999.99997996038, 99999.99997987557, 99999.99997432173, 99999.99997584651]
J=1.1e-04, ⟨Jf⟩=1.0e-04, ⟨B·n⟩=3.0e-03, Len=sum([2.4, 2.4, 2.4, 2.6, 2.6])=12.3, ϰ=[10.2, 9.2, 6.9, 10.3, 10.8], ∫ϰ²/L>=[16.6, 17.2, 13.1, 19.3, 20.3], C-C-Sep=0.08, ║∇J║=2.2e-04
Iteration 1321/2000-----
currents: [100000.0, 99999.99997993576, 99999.99997985137, 99999.99997429061, 99999.99997581738]
J=1.1e-04, ⟨Jf⟩=1.0e-04, ⟨B·n⟩=3.0e-03, Len=sum([2.4, 2.4, 2.4, 2.6, 2.6])=12.3, ϰ=[10.2, 9.1, 6.9, 10.3, 10.8], ∫ϰ²/L>=[16.6, 17.2, 13.1, 19.3, 20.3], C-C-Sep=0.08, ║∇J║=2.3e-04
Iteration 1322/2000-----
currents: [100000.0, 99999.99997992007, 99999.99997983595, 99999.99997427079, 99999.99997579881]
J=1.1e-04, ⟨Jf⟩=1.0e-04, ⟨B·n⟩=3.0e-03, Len=sum([2.4, 2.4, 2.4, 2.6, 2.6])=12.3, ϰ=[10.2, 9.1, 6.9, 10.4, 10.8], ∫ϰ²/L>=[16.6, 17.2, 13.1, 19.3, 20.3], C-C-Sep=0.08, ║∇J║=2.4e-04
Iteration 1323/2000-----
currents: [100000.0, 99999.99997990017, 99999.99997981638, 99999.9999742456, 99999.99997577518]
J=1.1e-04, ⟨Jf⟩=1.0e-04, ⟨B·n⟩=3.0e-03, Len=sum([2.4, 2.4, 2.4, 2.6, 2.6])=12.3, ϰ=[10.3, 9.1, 6.9, 10.4, 10.8], ∫ϰ²/L>=[16.6, 17.2, 13.1, 19.3, 20.3], C-C-Sep=0.08, ║∇J║=2.0e-04
Iteration 1324/2000-----
currents: [100000.0, 99999.99997991162, 99999.99997982768, 99999.99997426025, 99999.99997578884]
J=1.1e-04, ⟨Jf⟩=1.0e-04, ⟨B·n⟩=3.0e-03, Len=sum([2.4, 2.4, 2.4, 2.6, 2.6])=12.3, ϰ=[10.3, 9.1, 6.9, 10.4, 10.8], ∫ϰ²/L>=[16.6, 17.2, 13.1, 19.3, 20.3], C-C-Sep=0.08, ║∇J║=2.0e-04
Iteration 1325/2000-----
currents: [100000.0, 99999.99997983922, 99999.9999797564, 99999.99997416831, 99999.99997570281]
J=1.1e-04, ⟨Jf⟩=1.0e-04, ⟨B·n⟩=3.0e-03, Len=sum([2.4, 2.4, 2.4, 2.6, 2.6])=12.3, ϰ=[10.3, 9.1, 6.9, 10.3, 10.8], ∫ϰ²/L>=[16.7, 17.2, 13.0, 19.3, 20.3], C-C-Sep=0.08, ║∇J║=3.5e-04
Iteration 1326/2000-----
currents: [100000.0, 99999.99997986383, 99999.99997978058, 99999.99997419948, 99999.99997573197]
J=1.1e-04, ⟨Jf⟩=1.0e-04, ⟨B·n⟩=3.0e-03, Len=sum([2.4, 2.4, 2.4, 2.6, 2.6])=12.3, ϰ=[10.3, 9.1, 6.9, 10.3, 10.8], ∫ϰ²/L>=[16.7, 17.2, 13.0, 19.3, 20.3], C-C-Sep=0.08, ║∇J║=2.2e-04
Iteration 1327/2000-----
currents: [100000.0, 99999.9999798659, 99999.9999797826, 99999.9999742021, 99999.99997573446]
J=1.1e-04, ⟨Jf⟩=1.0e-04, ⟨B·n⟩=3.0e-03, Len=sum([2.4, 2.4, 2.4, 2.6, 2.6])=12.3, ϰ=[10.3, 9.1, 6.9, 10.3, 10.8], ∫ϰ²/L>=[16.6, 17.2, 13.0, 19.3, 20.3], C-C-Sep=0.08, ║∇J║=1.8e-04
Iteration 1328/2000-----
currents: [100000.0, 99999.99997985456, 99999.99997977143, 99999.99997418773, 99999.99997572099]
J=1.1e-04, ⟨Jf⟩=1.0e-04, ⟨B·n⟩=3.0e-03, Len=sum([2.4, 2.4, 2.4, 2.6, 2.6])=12.3, ϰ=[10.3, 9.1, 7.0, 10.3, 10.8], ∫ϰ²/L>=[16.6, 17.2, 13.0, 19.3, 20.3], C-C-Sep=0.08, ║∇J║=1.6e-04
Iteration 1329/2000-----
currents: [100000.0, 99999.9999798025, 99999.99997972004, 99999.99997412157, 99999.99997565904]
J=1.1e-04, ⟨Jf⟩=1.0e-04, ⟨B·n⟩=3.0e-03, Len=sum([2.4, 2.4, 2.4, 2.6, 2.6])=12.3, ϰ=[10.3, 9.1, 7.0, 10.3, 10.8], ∫ϰ²/L>=[16.7, 17.2, 13.0, 19.3, 20.3], C-C-Sep=0.08, ║∇J║=2.2e-04
Iteration 1330/2000-----
currents: [100000.0, 99999.99997977317, 99999.99997969113, 99999.9999740844, 99999.9999756242]
J=1.1e-04, ⟨Jf⟩=1.0e-04, ⟨B·n⟩=3.0e-03, Len=sum([2.4, 2.4, 2.4, 2.6, 2.6])=12.3, ϰ=[10.3, 9.1, 7.0, 10.3, 10.8], ∫ϰ²/L>=[16.7, 17.2, 13.0, 19.3, 20.3], C-C-Sep=0.08, ║∇J║=3.3e-04
Iteration 1331/2000-----
currents: [100000.0, 99999.99997976891, 99999.99997968688, 99999.99997407901, 99999.99997561912]
J=1.1e-04, ⟨Jf⟩=1.0e-04, ⟨B·n⟩=3.0e-03, Len=sum([2.4, 2.4, 2.4, 2.6, 2.6])=12.3, ϰ=[10.3, 9.1, 7.0, 10.3, 10.8], ∫ϰ²/L>=[16.7, 17.3, 13.0, 19.3, 20.3], C-C-Sep=0.08, ║∇J║=2.1e-04
Iteration 1332/2000-----
currents: [100000.0, 99999.99997976075, 99999.99997967877, 99999.99997406868, 99999.99997560943]
J=1.1e-04, ⟨Jf⟩=1.0e-04, ⟨B·n⟩=3.0e-03, Len=sum([2.4, 2.4, 2.4, 2.6, 2.6])=12.3, ϰ=[10.3, 9.1, 6.9, 10.3, 10.8], ∫ϰ²/L>=[16.7, 17.2, 13.0, 19.3, 20.3], C-C-Sep=0.08, ║∇J║=1.8e-04
Iteration 1333/2000-----
currents: [100000.0, 99999.99997975375, 99999.99997967183, 99999.99997405981, 99999.9999756011]
J=1.1e-04, ⟨Jf⟩=1.0e-04, ⟨B·n⟩=3.0e-03, Len=sum([2.4, 2.4, 2.4, 2.6, 2.6])=12.3, ϰ=[10.3, 9.1, 6.9, 10.3, 10.8], ∫ϰ²/L>=[16.7, 17.2, 13.0, 19.3, 20.3], C-C-Sep=0.08, ║∇J║=2.1e-04
Iteration 1334/2000-----
currents: [100000.0, 99999.99997973311, 99999.9999796515, 99999.99997403372, 99999.9999755766]
J=1.1e-04, ⟨Jf⟩=1.0e-04, ⟨B·n⟩=3.0e-03, Len=sum([2.4, 2.4, 2.4, 2.6, 2.6])=12.3, ϰ=[10.3, 9.0, 6.9, 10.3, 10.8], ∫ϰ²/L>=[16.7, 17.2, 13.0, 19.3, 20.2], C-C-Sep=0.08, ║∇J║=1.9e-04
Iteration 1335/2000-----
currents: [100000.0, 99999.9999797214, 99999.99997963996, 99999.99997401895, 99999.99997556266]
J=1.1e-04, ⟨Jf⟩=1.0e-04, ⟨B·n⟩=3.0e-03, Len=sum([2.4, 2.4, 2.4, 2.6, 2.6])=12.3, ϰ=[10.3, 9.0, 7.0, 10.3, 10.8], ∫ϰ²/L>=[16.7, 17.2, 13.0, 19.3, 20.2], C-C-Sep=0.08, ║∇J║=2.0e-04
Iteration 1336/2000-----
currents: [100000.0, 99999.99997969564, 99999.99997961464, 99999.99997398637, 99999.99997553209]
J=1.1e-04, ⟨Jf⟩=1.0e-04, ⟨B·n⟩=3.0e-03, Len=sum([2.4, 2.4, 2.4, 2.6, 2.6])=12.3, ϰ=[10.3, 9.1, 7.0, 10.3, 10.8], ∫ϰ²/L>=[16.7, 17.2, 13.0, 19.3, 20.2], C-C-Sep=0.08, ║∇J║=2.1e-04
Iteration 1337/2000-----
currents: [100000.0, 99999.99997968263, 99999.9999796019, 99999.99997396994, 99999.99997551666]
J=1.1e-04, ⟨Jf⟩=1.0e-04, ⟨B·n⟩=3.0e-03, Len=sum([2.4, 2.4, 2.4, 2.6, 2.6])=12.3, ϰ=[10.3, 9.1, 7.0, 10.3, 10.8], ∫ϰ²/L>=[16.7, 17.2, 13.0, 19.3, 20.2], C-C-Sep=0.08, ║∇J║=1.6e-04
Iteration 1338/2000-----
currents: [100000.0, 99999.99997966916, 99999.99997958867, 99999.99997395293, 99999.99997550067]
J=1.1e-04, ⟨Jf⟩=1.0e-04, ⟨B·n⟩=3.0e-03, Len=sum([2.4, 2.4, 2.4, 2.6, 2.6])=12.3, ϰ=[10.3, 9.1, 7.0, 10.3, 10.8], ∫ϰ²/L>=[16.7, 17.2, 13.0, 19.3, 20.2], C-C-Sep=0.08, ║∇J║=1.6e-04
Iteration 1339/2000-----
currents: [100000.0, 99999.99997964593, 99999.99997956581, 99999.99997392346, 99999.99997547308]
J=1.1e-04, ⟨Jf⟩=1.0e-04, ⟨B·n⟩=3.0e-03, Len=sum([2.4, 2.4, 2.4, 2.6, 2.6])=12.3, ϰ=[10.3, 9.1, 7.0, 10.3, 10.8], ∫ϰ²/L>=[16.7, 17.2, 13.0, 19.3, 20.2], C-C-Sep=0.08, ║∇J║=1.7e-04
Iteration 1340/2000-----
currents: [100000.0, 99999.99997960142, 99999.99997952196, 99999.99997386703, 99999.99997542019]
J=1.1e-04, ⟨Jf⟩=1.0e-04, ⟨B·n⟩=3.0e-03, Len=sum([2.4, 2.4, 2.4, 2.6, 2.6])=12.3, ϰ=[10.4, 9.1, 7.0, 10.3, 10.8], ∫ϰ²/L>=[16.7, 17.2, 13.0, 19.2, 20.2], C-C-Sep=0.08, ║∇J║=2.1e-04
Iteration 1341/2000-----
currents: [100000.0, 99999.99997941776, 99999.99997934108, 99999.99997363417, 99999.99997520196]
J=1.1e-04, ⟨Jf⟩=1.0e-04, ⟨B·n⟩=3.0e-03, Len=sum([2.4, 2.4, 2.4, 2.6, 2.6])=12.3, ϰ=[10.4, 9.1, 7.0, 10.2, 10.7], ∫ϰ²/L>=[16.8, 17.2, 13.0, 19.2, 20.2], C-C-Sep=0.08, ║∇J║=4.9e-04
Iteration 1342/2000-----
currents: [100000.0, 99999.999979542, 99999.99997946345, 99999.9999737917, 99999.9999753496]
J=1.1e-04, ⟨Jf⟩=1.0e-04, ⟨B·n⟩=3.0e-03, Len=sum([2.4, 2.4, 2.4, 2.6, 2.6])=12.3, ϰ=[10.4, 9.1, 7.0, 10.3, 10.8], ∫ϰ²/L>=[16.7, 17.2, 13.0, 19.2, 20.2], C-C-Sep=0.08, ║∇J║=2.4e-04
Iteration 1343/2000-----
currents: [100000.0, 99999.99997950549, 99999.99997942752, 99999.99997374551, 99999.99997530624]
J=1.1e-04, ⟨Jf⟩=1.0e-04, ⟨B·n⟩=3.0e-03, Len=sum([2.4, 2.4, 2.4, 2.6, 2.6])=12.3, ϰ=[10.4, 9.1, 7.0, 10.3, 10.7], ∫ϰ²/L>=[16.7, 17.2, 13.0, 19.2, 20.2], C-C-Sep=0.08, ║∇J║=3.9e-04
Iteration 1344/2000-----
currents: [100000.0, 99999.99997948663, 99999.99997940894, 99999.99997372157, 99999.99997528383]
J=1.1e-04, ⟨Jf⟩=1.0e-04, ⟨B·n⟩=3.0e-03, Len=sum([2.4, 2.4, 2.4, 2.6, 2.6])=12.3, ϰ=[10.4, 9.0, 7.0, 10.3, 10.7], ∫ϰ²/L>=[16.7, 17.2, 13.0, 19.2, 20.2], C-C-Sep=0.08, ║∇J║=2.2e-04
Iteration 1345/2000-----
currents: [100000.0, 99999.99997948084, 99999.99997940326, 99999.99997371418, 99999.9999752769]
J=1.1e-04, ⟨Jf⟩=1.0e-04, ⟨B·n⟩=3.0e-03, Len=sum([2.4, 2.4, 2.4, 2.6, 2.6])=12.3, ϰ=[10.4, 9.0, 7.0, 10.2, 10.7], ∫ϰ²/L>=[16.7, 17.2, 13.0, 19.2, 20.2], C-C-Sep=0.08, ║∇J║=2.1e-04
Iteration 1346/2000-----
currents: [100000.0, 99999.99997945045, 99999.9999793734, 99999.99997367569, 99999.99997524085]
J=1.1e-04, ⟨Jf⟩=1.0e-04, ⟨B·n⟩=3.0e-03, Len=sum([2.4, 2.4, 2.4, 2.6, 2.6])=12.3, ϰ=[10.4, 9.0, 7.0, 10.2, 10.7], ∫ϰ²/L>=[16.8, 17.2, 13.0, 19.2, 20.2], C-C-Sep=0.08, ║∇J║=2.2e-04
Iteration 1347/2000-----
currents: [100000.0, 99999.99997942772, 99999.99997935115, 99999.999973647, 99999.99997521391]
J=1.1e-04, ⟨Jf⟩=1.0e-04, ⟨B·n⟩=3.0e-03, Len=sum([2.4, 2.4, 2.4, 2.6, 2.6])=12.3, ϰ=[10.4, 9.1, 7.0, 10.2, 10.7], ∫ϰ²/L>=[16.7, 17.2, 13.0, 19.2, 20.2], C-C-Sep=0.08, ║∇J║=2.2e-04
Iteration 1348/2000-----
currents: [100000.0, 99999.99997938206, 99999.99997930626, 99999.99997358919, 99999.9999751597]
J=1.1e-04, ⟨Jf⟩=1.0e-04, ⟨B·n⟩=3.0e-03, Len=sum([2.4, 2.4, 2.4, 2.6, 2.6])=12.3, ϰ=[10.4, 9.1, 7.0, 10.2, 10.7], ∫ϰ²/L>=[16.8, 17.2, 13.0, 19.2, 20.2], C-C-Sep=0.08, ║∇J║=2.0e-04
Iteration 1349/2000-----
currents: [100000.0, 99999.99997937286, 99999.99997929725, 99999.99997357761, 99999.99997514884]
J=1.1e-04, ⟨Jf⟩=1.0e-04, ⟨B·n⟩=3.0e-03, Len=sum([2.4, 2.4, 2.4, 2.6, 2.6])=12.3, ϰ=[10.4, 9.1, 7.0, 10.2, 10.7], ∫ϰ²/L>=[16.8, 17.2, 13.0, 19.2, 20.2], C-C-Sep=0.08, ║∇J║=2.2e-04
Iteration 1350/2000-----
currents: [100000.0, 99999.99997935176, 99999.9999792765, 99999.99997355086, 99999.99997512379]
J=1.1e-04, ⟨Jf⟩=1.0e-04, ⟨B·n⟩=3.0e-03, Len=sum([2.4, 2.4, 2.4, 2.6, 2.6])=12.3, ϰ=[10.4, 9.0, 7.0, 10.2, 10.7], ∫ϰ²/L>=[16.8, 17.2, 13.0, 19.2, 20.2], C-C-Sep=0.08, ║∇J║=1.8e-04
Iteration 1351/2000-----
currents: [100000.0, 99999.99997931883, 99999.99997924412, 99999.99997350914, 99999.9999750847]
J=1.1e-04, ⟨Jf⟩=1.0e-04, ⟨B·n⟩=3.0e-03, Len=sum([2.4, 2.4, 2.4, 2.6, 2.6])=12.3, ϰ=[10.4, 9.0, 7.0, 10.2, 10.7], ∫ϰ²/L>=[16.8, 17.2, 13.0, 19.2, 20.2], C-C-Sep=0.08, ║∇J║=1.7e-04
Iteration 1352/2000-----
currents: [100000.0, 99999.99997925476, 99999.99997918113, 99999.99997342797, 99999.99997500867]
J=1.1e-04, ⟨Jf⟩=1.0e-04, ⟨B·n⟩=3.0e-03, Len=sum([2.4, 2.4, 2.4, 2.6, 2.6])=12.3, ϰ=[10.4, 9.0, 7.0, 10.1, 10.7], ∫ϰ²/L>=[16.8, 17.2, 13.0, 19.2, 20.2], C-C-Sep=0.08, ║∇J║=2.6e-04
Iteration 1353/2000-----
currents: [100000.0, 99999.9999792509, 99999.99997917736, 99999.9999734231, 99999.99997500412]
J=1.1e-04, ⟨Jf⟩=1.0e-04, ⟨B·n⟩=3.0e-03, Len=sum([2.4, 2.4, 2.4, 2.6, 2.6])=12.3, ϰ=[10.4, 9.0, 7.1, 10.1, 10.7], ∫ϰ²/L>=[16.8, 17.2, 13.0, 19.2, 20.2], C-C-Sep=0.08, ║∇J║=2.4e-04
Iteration 1354/2000-----
currents: [100000.0, 99999.99997921444, 99999.99997914144, 99999.99997337691, 99999.99997496084]
J=1.1e-04, ⟨Jf⟩=1.0e-04, ⟨B·n⟩=3.0e-03, Len=sum([2.4, 2.4, 2.4, 2.6, 2.6])=12.3, ϰ=[10.4, 9.0, 7.1, 10.1, 10.7], ∫ϰ²/L>=[16.8, 17.2, 13.0, 19.2, 20.2], C-C-Sep=0.08, ║∇J║=2.8e-04
Iteration 1355/2000-----
currents: [100000.0, 99999.99997926169, 99999.99997918792, 99999.99997343683, 99999.99997501698]
J=1.1e-04, ⟨Jf⟩=1.0e-04, ⟨B·n⟩=3.0e-03, Len=sum([2.4, 2.4, 2.4, 2.6, 2.6])=12.3, ϰ=[10.4, 9.0, 7.0, 10.1, 10.7], ∫ϰ²/L>=[16.8, 17.2, 13.0, 19.2, 20.2], C-C-Sep=0.08, ║∇J║=3.5e-04
Iteration 1356/2000-----
currents: [100000.0, 99999.99997921387, 99999.99997914092, 99999.99997337627, 99999.99997496023]
J=1.1e-04, ⟨Jf⟩=1.0e-04, ⟨B·n⟩=3.0e-03, Len=sum([2.4, 2.4, 2.4, 2.6, 2.6])=12.3, ϰ=[10.4, 9.0, 7.1, 10.1, 10.7], ∫ϰ²/L>=[16.8, 17.2, 13.0, 19.2, 20.2], C-C-Sep=0.08, ║∇J║=2.2e-04
Iteration 1357/2000-----
currents: [100000.0, 99999.99997919262, 99999.99997912001, 99999.99997334927, 99999.99997493497]
J=1.1e-04, ⟨Jf⟩=1.0e-04, ⟨B·n⟩=3.0e-03, Len=sum([2.4, 2.4, 2.4, 2.6, 2.6])=12.3, ϰ=[10.4, 9.0, 7.0, 10.1, 10.7], ∫ϰ²/L>=[16.8, 17.2, 13.0, 19.2, 20.2], C-C-Sep=0.08, ║∇J║=2.2e-04
Iteration 1358/2000-----
currents: [100000.0, 99999.99997918084, 99999.99997910846, 99999.99997333443, 99999.99997492105]
J=1.1e-04, ⟨Jf⟩=1.0e-04, ⟨B·n⟩=3.0e-03, Len=sum([2.4, 2.4, 2.4, 2.6, 2.6])=12.3, ϰ=[10.4, 9.0, 7.0, 10.1, 10.7], ∫ϰ²/L>=[16.8, 17.2, 13.0, 19.2, 20.2], C-C-Sep=0.08, ║∇J║=1.7e-04
Iteration 1359/2000-----
currents: [100000.0, 99999.99997916809, 99999.99997909597, 99999.99997331832, 99999.99997490602]
J=1.1e-04, ⟨Jf⟩=1.0e-04, ⟨B·n⟩=3.0e-03, Len=sum([2.4, 2.4, 2.4, 2.6, 2.6])=12.3, ϰ=[10.4, 8.9, 7.0, 10.1, 10.7], ∫ϰ²/L>=[16.8, 17.2, 13.0, 19.2, 20.2], C-C-Sep=0.08, ║∇J║=1.9e-04
Iteration 1360/2000-----
currents: [100000.0, 99999.99997915378, 99999.99997908194, 99999.99997330023, 99999.99997488907]
J=1.1e-04, ⟨Jf⟩=1.0e-04, ⟨B·n⟩=3.0e-03, Len=sum([2.4, 2.4, 2.4, 2.6, 2.6])=12.3, ϰ=[10.4, 8.9, 7.0, 10.2, 10.7], ∫ϰ²/L>=[16.8, 17.2, 13.0, 19.2, 20.2], C-C-Sep=0.08, ║∇J║=2.2e-04
Iteration 1361/2000-----
currents: [100000.0, 99999.9999791452, 99999.9999790735, 99999.99997328935, 99999.99997487891]
J=1.1e-04, ⟨Jf⟩=1.0e-04, ⟨B·n⟩=3.0e-03, Len=sum([2.4, 2.4, 2.4, 2.6, 2.6])=12.3, ϰ=[10.4, 8.9, 7.0, 10.2, 10.7], ∫ϰ²/L>=[16.8, 17.2, 13.0, 19.2, 20.2], C-C-Sep=0.08, ║∇J║=1.6e-04
Iteration 1362/2000-----
currents: [100000.0, 99999.99997913431, 99999.9999790628, 99999.99997327551, 99999.99997486598]
J=1.1e-04, ⟨Jf⟩=1.0e-04, ⟨B·n⟩=3.0e-03, Len=sum([2.4, 2.4, 2.4, 2.6, 2.6])=12.3, ϰ=[10.4, 9.0, 7.0, 10.2, 10.7], ∫ϰ²/L>=[16.8, 17.2, 13.0, 19.2, 20.2], C-C-Sep=0.08, ║∇J║=1.7e-04
Iteration 1363/2000-----
currents: [100000.0, 99999.99997913139, 99999.99997905994, 99999.99997327178, 99999.9999748625]
J=1.1e-04, ⟨Jf⟩=1.0e-04, ⟨B·n⟩=3.0e-03, Len=sum([2.4, 2.4, 2.4, 2.6, 2.6])=12.3, ϰ=[10.4, 9.0, 7.0, 10.2, 10.7], ∫ϰ²/L>=[16.8, 17.2, 13.0, 19.2, 20.2], C-C-Sep=0.08, ║∇J║=2.3e-04
Iteration 1364/2000-----
currents: [100000.0, 99999.9999791239, 99999.99997905258, 99999.99997326228, 99999.99997485358]
J=1.1e-04, ⟨Jf⟩=1.0e-04, ⟨B·n⟩=3.0e-03, Len=sum([2.4, 2.4, 2.4, 2.6, 2.6])=12.3, ϰ=[10.4, 9.0, 7.0, 10.2, 10.7], ∫ϰ²/L>=[16.7, 17.2, 13.0, 19.2, 20.2], C-C-Sep=0.08, ║∇J║=1.7e-04
Iteration 1365/2000-----
currents: [100000.0, 99999.9999791153, 99999.99997904417, 99999.99997325135, 99999.99997484332]
J=1.1e-04, ⟨Jf⟩=1.0e-04, ⟨B·n⟩=3.0e-03, Len=sum([2.4, 2.4, 2.4, 2.6, 2.6])=12.3, ϰ=[10.4, 9.0, 7.0, 10.2, 10.7], ∫ϰ²/L>=[16.7, 17.2, 13.0, 19.2, 20.2], C-C-Sep=0.08, ║∇J║=1.8e-04
Iteration 1366/2000-----
currents: [100000.0, 99999.99997910482, 99999.99997903389, 99999.99997323805, 99999.99997483085]
J=1.1e-04, ⟨Jf⟩=1.0e-04, ⟨B·n⟩=3.0e-03, Len=sum([2.4, 2.4, 2.4, 2.6, 2.6])=12.3, ϰ=[10.4, 9.0, 7.0, 10.2, 10.7], ∫ϰ²/L>=[16.7, 17.2, 13.0, 19.2, 20.2], C-C-Sep=0.08, ║∇J║=1.8e-04
Iteration 1367/2000-----
currents: [100000.0, 99999.99997908933, 99999.9999790187, 99999.99997321841, 99999.99997481242]
J=1.1e-04, ⟨Jf⟩=1.0e-04, ⟨B·n⟩=3.0e-03, Len=sum([2.4, 2.4, 2.4, 2.6, 2.6])=12.3, ϰ=[10.4, 9.0, 7.0, 10.2, 10.7], ∫ϰ²/L>=[16.7, 17.2, 13.0, 19.2, 20.3], C-C-Sep=0.08, ║∇J║=1.5e-04
Iteration 1368/2000-----
currents: [100000.0, 99999.99997905569, 99999.9999789857, 99999.99997317583, 99999.9999747725]
J=1.1e-04, ⟨Jf⟩=1.0e-04, ⟨B·n⟩=3.0e-03, Len=sum([2.4, 2.4, 2.4, 2.6, 2.6])=12.3, ϰ=[10.4, 8.9, 7.0, 10.2, 10.7], ∫ϰ²/L>=[16.7, 17.2, 13.0, 19.2, 20.3], C-C-Sep=0.08, ║∇J║=1.6e-04
Iteration 1369/2000-----
currents: [100000.0, 99999.99997901094, 99999.99997894179, 99999.99997311924, 99999.99997471938]
J=1.1e-04, ⟨Jf⟩=1.0e-04, ⟨B·n⟩=3.0e-03, Len=sum([2.4, 2.4, 2.4, 2.6, 2.6])=12.3, ϰ=[10.4, 8.9, 6.9, 10.1, 10.7], ∫ϰ²/L>=[16.7, 17.2, 13.0, 19.2, 20.3], C-C-Sep=0.08, ║∇J║=2.4e-04
Iteration 1370/2000-----
currents: [100000.0, 99999.99997898554, 99999.9999789169, 99999.9999730872, 99999.99997468926]
J=1.1e-04, ⟨Jf⟩=1.0e-04, ⟨B·n⟩=3.0e-03, Len=sum([2.4, 2.4, 2.4, 2.6, 2.6])=12.3, ϰ=[10.4, 8.9, 6.9, 10.1, 10.8], ∫ϰ²/L>=[16.7, 17.2, 13.0, 19.2, 20.3], C-C-Sep=0.08, ║∇J║=1.9e-04
Iteration 1371/2000-----
currents: [100000.0, 99999.99997898316, 99999.99997891461, 99999.99997308437, 99999.99997468649]
J=1.1e-04, ⟨Jf⟩=1.0e-04, ⟨B·n⟩=3.0e-03, Len=sum([2.4, 2.4, 2.4, 2.6, 2.6])=12.3, ϰ=[10.4, 8.9, 6.9, 10.1, 10.7], ∫ϰ²/L>=[16.7, 17.2, 13.0, 19.2, 20.3], C-C-Sep=0.08, ║∇J║=1.8e-04
Iteration 1372/2000-----
currents: [100000.0, 99999.99997896963, 99999.99997890138, 99999.99997306745, 99999.99997467054]
J=1.1e-04, ⟨Jf⟩=1.0e-04, ⟨B·n⟩=3.0e-03, Len=sum([2.4, 2.4, 2.4, 2.6, 2.6])=12.3, ϰ=[10.4, 9.0, 6.9, 10.1, 10.7], ∫ϰ²/L>=[16.7, 17.2, 13.0, 19.2, 20.3], C-C-Sep=0.08, ║∇J║=2.0e-04
Iteration 1373/2000-----
currents: [100000.0, 99999.99997894846, 99999.99997888062, 99999.99997304071, 99999.99997464541]
J=1.1e-04, ⟨Jf⟩=1.0e-04, ⟨B·n⟩=3.0e-03, Len=sum([2.4, 2.4, 2.4, 2.6, 2.6])=12.3, ϰ=[10.4, 9.0, 6.9, 10.1, 10.7], ∫ϰ²/L>=[16.7, 17.2, 13.0, 19.2, 20.3], C-C-Sep=0.08, ║∇J║=1.9e-04
Iteration 1374/2000-----
currents: [100000.0, 99999.99997892004, 99999.99997885284, 99999.99997300486, 99999.99997461171]
J=1.1e-04, ⟨Jf⟩=1.0e-04, ⟨B·n⟩=3.0e-03, Len=sum([2.4, 2.4, 2.4, 2.6, 2.6])=12.3, ϰ=[10.4, 9.0, 7.0, 10.2, 10.7], ∫ϰ²/L>=[16.7, 17.2, 13.0, 19.2, 20.3], C-C-Sep=0.08, ║∇J║=1.6e-04
Iteration 1375/2000-----
currents: [100000.0, 99999.99997888993, 99999.99997882344, 99999.99997296694, 99999.99997457604]
J=1.1e-04, ⟨Jf⟩=1.0e-04, ⟨B·n⟩=3.0e-03, Len=sum([2.4, 2.4, 2.4, 2.6, 2.6])=12.3, ϰ=[10.4, 9.0, 7.0, 10.2, 10.8], ∫ϰ²/L>=[16.7, 17.2, 13.0, 19.2, 20.3], C-C-Sep=0.08, ║∇J║=2.1e-04
Iteration 1376/2000-----
currents: [100000.0, 99999.9999788607, 99999.9999787948, 99999.99997292995, 99999.99997454131]
J=1.1e-04, ⟨Jf⟩=1.0e-04, ⟨B·n⟩=3.0e-03, Len=sum([2.4, 2.4, 2.4, 2.6, 2.6])=12.3, ϰ=[10.4, 9.0, 7.0, 10.2, 10.8], ∫ϰ²/L>=[16.7, 17.2, 13.0, 19.2, 20.3], C-C-Sep=0.08, ║∇J║=1.9e-04
Iteration 1377/2000-----
currents: [100000.0, 99999.99997881842, 99999.9999787534, 99999.99997287655, 99999.99997449113]
J=1.1e-04, ⟨Jf⟩=1.0e-04, ⟨B·n⟩=3.0e-03, Len=sum([2.4, 2.4, 2.4, 2.6, 2.6])=12.3, ϰ=[10.4, 9.0, 7.0, 10.1, 10.8], ∫ϰ²/L>=[16.7, 17.2, 13.0, 19.2, 20.3], C-C-Sep=0.08, ║∇J║=2.1e-04
Iteration 1378/2000-----
currents: [100000.0, 99999.99997880745, 99999.99997874274, 99999.9999728628, 99999.99997447812]
J=1.1e-04, ⟨Jf⟩=1.0e-04, ⟨B·n⟩=3.0e-03, Len=sum([2.4, 2.4, 2.4, 2.6, 2.6])=12.3, ϰ=[10.4, 9.0, 7.0, 10.1, 10.8], ∫ϰ²/L>=[16.7, 17.2, 13.0, 19.2, 20.3], C-C-Sep=0.08, ║∇J║=2.2e-04
Iteration 1379/2000-----
currents: [100000.0, 99999.99997872648, 99999.99997866334, 99999.99997276058, 99999.99997438211]
J=1.1e-04, ⟨Jf⟩=1.0e-04, ⟨B·n⟩=3.0e-03, Len=sum([2.4, 2.4, 2.4, 2.6, 2.6])=12.3, ϰ=[10.4, 9.0, 7.0, 10.1, 10.8], ∫ϰ²/L>=[16.7, 17.2, 13.1, 19.2, 20.3], C-C-Sep=0.08, ║∇J║=3.0e-04
Iteration 1380/2000-----
currents: [100000.0, 99999.99997876237, 99999.99997869854, 99999.99997280595, 99999.99997442466]
J=1.1e-04, ⟨Jf⟩=1.0e-04, ⟨B·n⟩=3.0e-03, Len=sum([2.4, 2.4, 2.4, 2.6, 2.6])=12.3, ϰ=[10.4, 9.0, 6.9, 10.1, 10.8], ∫ϰ²/L>=[16.7, 17.2, 13.0, 19.2, 20.3], C-C-Sep=0.08, ║∇J║=3.5e-04
Iteration 1381/2000-----
currents: [100000.0, 99999.99997876603, 99999.99997870215, 99999.99997281053, 99999.99997442898]
J=1.1e-04, ⟨Jf⟩=1.0e-04, ⟨B·n⟩=3.0e-03, Len=sum([2.4, 2.4, 2.4, 2.6, 2.6])=12.3, ϰ=[10.4, 9.0, 7.0, 10.1, 10.8], ∫ϰ²/L>=[16.7, 17.2, 13.0, 19.2, 20.3], C-C-Sep=0.08, ║∇J║=1.6e-04
Iteration 1382/2000-----
currents: [100000.0, 99999.99997873961, 99999.99997867631, 99999.9999727772, 99999.99997439764]
J=1.1e-04, ⟨Jf⟩=1.0e-04, ⟨B·n⟩=3.0e-03, Len=sum([2.4, 2.4, 2.4, 2.6, 2.6])=12.3, ϰ=[10.4, 9.0, 7.0, 10.1, 10.8], ∫ϰ²/L>=[16.7, 17.2, 13.0, 19.2, 20.3], C-C-Sep=0.08, ║∇J║=1.5e-04
Iteration 1383/2000-----
currents: [100000.0, 99999.9999787126, 99999.99997864991, 99999.99997274314, 99999.99997436561]
J=1.1e-04, ⟨Jf⟩=1.0e-04, ⟨B·n⟩=3.0e-03, Len=sum([2.4, 2.4, 2.4, 2.6, 2.6])=12.3, ϰ=[10.4, 9.0, 7.0, 10.1, 10.8], ∫ϰ²/L>=[16.6, 17.2, 13.0, 19.2, 20.3], C-C-Sep=0.08, ║∇J║=1.6e-04
Iteration 1384/2000-----
currents: [100000.0, 99999.99997868498, 99999.99997862296, 99999.99997270833, 99999.99997433281]
J=1.1e-04, ⟨Jf⟩=1.0e-04, ⟨B·n⟩=3.0e-03, Len=sum([2.4, 2.4, 2.4, 2.6, 2.6])=12.3, ϰ=[10.4, 9.0, 7.0, 10.1, 10.8], ∫ϰ²/L>=[16.6, 17.2, 13.0, 19.2, 20.4], C-C-Sep=0.08, ║∇J║=2.2e-04
Iteration 1385/2000-----
currents: [100000.0, 99999.99997868323, 99999.99997862133, 99999.99997270621, 99999.99997433076]
J=1.1e-04, ⟨Jf⟩=1.0e-04, ⟨B·n⟩=3.0e-03, Len=sum([2.4, 2.4, 2.4, 2.6, 2.6])=12.3, ϰ=[10.4, 9.0, 7.0, 10.1, 10.8], ∫ϰ²/L>=[16.6, 17.2, 13.0, 19.2, 20.4], C-C-Sep=0.08, ║∇J║=2.0e-04
Iteration 1386/2000-----
currents: [100000.0, 99999.99997868077, 99999.99997861897, 99999.99997270317, 99999.99997432787]
J=1.1e-04, ⟨Jf⟩=1.0e-04, ⟨B·n⟩=3.0e-03, Len=sum([2.4, 2.4, 2.4, 2.6, 2.6])=12.3, ϰ=[10.4, 9.0, 6.9, 10.1, 10.8], ∫ϰ²/L>=[16.6, 17.2, 13.0, 19.2, 20.4], C-C-Sep=0.08, ║∇J║=1.8e-04
Iteration 1387/2000-----
currents: [100000.0, 99999.99997867834, 99999.9999786166, 99999.99997270013, 99999.99997432501]
J=1.1e-04, ⟨Jf⟩=1.0e-04, ⟨B·n⟩=3.0e-03, Len=sum([2.4, 2.4, 2.4, 2.6, 2.6])=12.3, ϰ=[10.4, 8.9, 6.9, 10.1, 10.8], ∫ϰ²/L>=[16.6, 17.2, 13.0, 19.2, 20.3], C-C-Sep=0.08, ║∇J║=1.6e-04
Iteration 1388/2000-----
currents: [100000.0, 99999.99997866023, 99999.99997859888, 99999.9999726773, 99999.99997430354]
J=1.1e-04, ⟨Jf⟩=1.0e-04, ⟨B·n⟩=3.0e-03, Len=sum([2.4, 2.4, 2.4, 2.6, 2.6])=12.3, ϰ=[10.4, 8.9, 6.9, 10.1, 10.8], ∫ϰ²/L>=[16.6, 17.2, 13.1, 19.2, 20.3], C-C-Sep=0.08, ║∇J║=2.0e-04
Iteration 1389/2000-----
currents: [100000.0, 99999.99997864166, 99999.9999785807, 99999.9999726539, 99999.99997428153]
J=1.1e-04, ⟨Jf⟩=1.0e-04, ⟨B·n⟩=3.0e-03, Len=sum([2.4, 2.4, 2.4, 2.6, 2.6])=12.3, ϰ=[10.4, 8.9, 6.9, 10.1, 10.7], ∫ϰ²/L>=[16.6, 17.2, 13.1, 19.2, 20.3], C-C-Sep=0.08, ║∇J║=1.8e-04
Iteration 1390/2000-----
currents: [100000.0, 99999.99997860815, 99999.99997854789, 99999.99997261167, 99999.99997424179]
J=1.1e-04, ⟨Jf⟩=1.0e-04, ⟨B·n⟩=3.0e-03, Len=sum([2.4, 2.4, 2.4, 2.6, 2.6])=12.3, ϰ=[10.4, 8.9, 6.9, 10.1, 10.7], ∫ϰ²/L>=[16.6, 17.2, 13.1, 19.2, 20.3], C-C-Sep=0.08, ║∇J║=1.7e-04
Iteration 1391/2000-----
currents: [100000.0, 99999.99997849103, 99999.9999784332, 99999.99997246393, 99999.9999741028]
J=1.1e-04, ⟨Jf⟩=1.0e-04, ⟨B·n⟩=3.0e-03, Len=sum([2.4, 2.4, 2.4, 2.6, 2.6])=12.3, ϰ=[10.4, 8.9, 7.0, 10.0, 10.7], ∫ϰ²/L>=[16.6, 17.1, 13.1, 19.1, 20.4], C-C-Sep=0.08, ║∇J║=2.9e-04
Iteration 1392/2000-----
currents: [100000.0, 99999.99997850627, 99999.99997844816, 99999.99997248323, 99999.99997412086]
J=1.1e-04, ⟨Jf⟩=1.0e-04, ⟨B·n⟩=3.0e-03, Len=sum([2.4, 2.4, 2.4, 2.6, 2.6])=12.3, ϰ=[10.4, 8.9, 6.9, 10.0, 10.7], ∫ϰ²/L>=[16.6, 17.1, 13.1, 19.1, 20.3], C-C-Sep=0.08, ║∇J║=3.0e-04
Iteration 1393/2000-----
currents: [100000.0, 99999.99997850682, 99999.99997844873, 99999.99997248394, 99999.99997412151]
J=1.1e-04, ⟨Jf⟩=1.0e-04, ⟨B·n⟩=3.0e-03, Len=sum([2.4, 2.4, 2.4, 2.6, 2.6])=12.3, ϰ=[10.4, 8.9, 6.9, 10.0, 10.7], ∫ϰ²/L>=[16.6, 17.2, 13.1, 19.1, 20.3], C-C-Sep=0.08, ║∇J║=1.8e-04
Iteration 1394/2000-----
currents: [100000.0, 99999.9999784596, 99999.9999784025, 99999.99997242437, 99999.99997406547]
J=1.1e-04, ⟨Jf⟩=1.0e-04, ⟨B·n⟩=3.0e-03, Len=sum([2.4, 2.4, 2.4, 2.6, 2.6])=12.3, ϰ=[10.4, 8.9, 6.9, 10.0, 10.7], ∫ϰ²/L>=[16.6, 17.1, 13.1, 19.1, 20.3], C-C-Sep=0.08, ║∇J║=1.7e-04
Iteration 1395/2000-----
currents: [100000.0, 99999.99997845649, 99999.99997839941, 99999.99997242041, 99999.99997406178]
J=1.1e-04, ⟨Jf⟩=1.0e-04, ⟨B·n⟩=3.0e-03, Len=sum([2.4, 2.4, 2.4, 2.6, 2.6])=12.3, ϰ=[10.4, 8.9, 7.0, 10.0, 10.7], ∫ϰ²/L>=[16.6, 17.1, 13.1, 19.1, 20.3], C-C-Sep=0.08, ║∇J║=2.3e-04
Iteration 1396/2000-----
currents: [100000.0, 99999.99997844113, 99999.99997838438, 99999.9999724011, 99999.99997404365]
J=1.1e-04, ⟨Jf⟩=1.0e-04, ⟨B·n⟩=3.0e-03, Len=sum([2.4, 2.4, 2.4, 2.6, 2.6])=12.3, ϰ=[10.4, 8.9, 7.0, 10.0, 10.7], ∫ϰ²/L>=[16.6, 17.1, 13.1, 19.1, 20.3], C-C-Sep=0.08, ║∇J║=2.0e-04
Iteration 1397/2000-----
currents: [100000.0, 99999.99997842079, 99999.99997836447, 99999.99997237547, 99999.99997401956]
J=1.1e-04, ⟨Jf⟩=1.0e-04, ⟨B·n⟩=3.0e-03, Len=sum([2.4, 2.4, 2.4, 2.6, 2.6])=12.3, ϰ=[10.3, 8.9, 7.0, 10.0, 10.7], ∫ϰ²/L>=[16.6, 17.1, 13.1, 19.1, 20.3], C-C-Sep=0.08, ║∇J║=1.8e-04
Iteration 1398/2000-----
currents: [100000.0, 99999.99997839765, 99999.99997834186, 99999.9999723464, 99999.9999739922]
J=1.1e-04, ⟨Jf⟩=1.0e-04, ⟨B·n⟩=3.0e-03, Len=sum([2.4, 2.4, 2.4, 2.6, 2.6])=12.3, ϰ=[10.3, 8.9, 7.0, 10.0, 10.7], ∫ϰ²/L>=[16.6, 17.1, 13.1, 19.1, 20.3], C-C-Sep=0.08, ║∇J║=1.9e-04
Iteration 1399/2000-----
currents: [100000.0, 99999.99997839189, 99999.99997833627, 99999.99997233918, 99999.9999739854]
J=1.1e-04, ⟨Jf⟩=1.0e-04, ⟨B·n⟩=3.0e-03, Len=sum([2.4, 2.4, 2.4, 2.6, 2.6])=12.3, ϰ=[10.3, 8.9, 7.0, 10.0, 10.7], ∫ϰ²/L>=[16.6, 17.1, 13.1, 19.1, 20.3], C-C-Sep=0.08, ║∇J║=1.5e-04
Iteration 1400/2000-----
currents: [100000.0, 99999.99997838528, 99999.99997832988, 99999.9999723309, 99999.99997397761]
J=1.1e-04, ⟨Jf⟩=1.0e-04, ⟨B·n⟩=3.0e-03, Len=sum([2.4, 2.4, 2.4, 2.6, 2.6])=12.3, ϰ=[10.3, 8.9, 6.9, 10.0, 10.7], ∫ϰ²/L>=[16.6, 17.1, 13.1, 19.1, 20.3], C-C-Sep=0.08, ║∇J║=1.6e-04
Iteration 1401/2000-----
currents: [100000.0, 99999.99997838399, 99999.9999783287, 99999.99997232926, 99999.99997397605]
J=1.1e-04, ⟨Jf⟩=1.0e-04, ⟨B·n⟩=3.0e-03, Len=sum([2.4, 2.4, 2.4, 2.6, 2.6])=12.3, ϰ=[10.3, 8.9, 6.9, 10.1, 10.7], ∫ϰ²/L>=[16.6, 17.1, 13.1, 19.1, 20.3], C-C-Sep=0.08, ║∇J║=2.0e-04
Iteration 1402/2000-----
currents: [100000.0, 99999.99997837735, 99999.99997832223, 99999.99997232083, 99999.99997396815]
J=1.1e-04, ⟨Jf⟩=1.0e-04, ⟨B·n⟩=3.0e-03, Len=sum([2.4, 2.4, 2.4, 2.6, 2.6])=12.3, ϰ=[10.3, 8.9, 6.9, 10.1, 10.7], ∫ϰ²/L>=[16.6, 17.1, 13.1, 19.1, 20.3], C-C-Sep=0.08, ║∇J║=1.4e-04
Iteration 1403/2000-----
currents: [100000.0, 99999.99997836881, 99999.99997831385, 99999.99997230998, 99999.999973958]
J=1.1e-04, ⟨Jf⟩=1.0e-04, ⟨B·n⟩=3.0e-03, Len=sum([2.4, 2.4, 2.4, 2.6, 2.6])=12.3, ϰ=[10.3, 8.9, 6.9, 10.0, 10.7], ∫ϰ²/L>=[16.6, 17.1, 13.1, 19.1, 20.3], C-C-Sep=0.08, ║∇J║=1.5e-04
Iteration 1404/2000-----
currents: [100000.0, 99999.99997835973, 99999.99997830496, 99999.9999722985, 99999.99997394723]
J=1.1e-04, ⟨Jf⟩=1.0e-04, ⟨B·n⟩=3.0e-03, Len=sum([2.4, 2.4, 2.4, 2.6, 2.6])=12.3, ϰ=[10.3, 8.9, 6.9, 10.0, 10.7], ∫ϰ²/L>=[16.6, 17.1, 13.1, 19.1, 20.3], C-C-Sep=0.08, ║∇J║=1.4e-04
Iteration 1405/2000-----
currents: [100000.0, 99999.99997833664, 99999.99997828234, 99999.99997226936, 99999.99997391982]
J=1.1e-04, ⟨Jf⟩=1.0e-04, ⟨B·n⟩=3.0e-03, Len=sum([2.4, 2.4, 2.4, 2.6, 2.6])=12.3, ϰ=[10.3, 8.9, 6.9, 10.0, 10.7], ∫ϰ²/L>=[16.6, 17.1, 13.1, 19.1, 20.3], C-C-Sep=0.08, ║∇J║=1.4e-04
Iteration 1406/2000-----
currents: [100000.0, 99999.99997828221, 99999.99997822914, 99999.99997220078, 99999.99997385527]
J=1.1e-04, ⟨Jf⟩=1.0e-04, ⟨B·n⟩=3.0e-03, Len=sum([2.4, 2.4, 2.4, 2.6, 2.6])=12.3, ϰ=[10.3, 8.9, 6.9, 10.0, 10.6], ∫ϰ²/L>=[16.6, 17.1, 13.1, 19.1, 20.3], C-C-Sep=0.08, ║∇J║=2.0e-04
Iteration 1407/2000-----
currents: [100000.0, 99999.99997820577, 99999.99997815442, 99999.99997210447, 99999.99997376458]
J=1.1e-04, ⟨Jf⟩=1.0e-04, ⟨B·n⟩=3.0e-03, Len=sum([2.4, 2.4, 2.4, 2.6, 2.6])=12.3, ϰ=[10.3, 8.9, 6.9, 10.0, 10.6], ∫ϰ²/L>=[16.6, 17.1, 13.1, 19.1, 20.3], C-C-Sep=0.08, ║∇J║=2.8e-04
Iteration 1408/2000-----
currents: [100000.0, 99999.99997820525, 99999.99997815397, 99999.99997210389, 99999.99997376397]
J=1.1e-04, ⟨Jf⟩=1.0e-04, ⟨B·n⟩=3.0e-03, Len=sum([2.4, 2.4, 2.4, 2.6, 2.6])=12.3, ϰ=[10.3, 8.9, 6.9, 10.0, 10.6], ∫ϰ²/L>=[16.6, 17.1, 13.1, 19.1, 20.3], C-C-Sep=0.08, ║∇J║=2.3e-04
Iteration 1409/2000-----
currents: [100000.0, 99999.9999781605, 99999.99997811025, 99999.99997204756, 99999.99997371095]
J=1.1e-04, ⟨Jf⟩=1.0e-04, ⟨B·n⟩=3.0e-03, Len=sum([2.4, 2.4, 2.4, 2.6, 2.6])=12.3, ϰ=[10.3, 8.9, 6.9, 10.0, 10.6], ∫ϰ²/L>=[16.6, 17.1, 13.1, 19.1, 20.3], C-C-Sep=0.08, ║∇J║=2.3e-04
Iteration 1410/2000-----
currents: [100000.0, 99999.99997818207, 99999.99997813138, 99999.99997207477, 99999.99997373659]
J=1.1e-04, ⟨Jf⟩=1.0e-04, ⟨B·n⟩=3.0e-03, Len=sum([2.4, 2.4, 2.4, 2.6, 2.6])=12.3, ϰ=[10.3, 8.9, 6.9, 10.0, 10.6], ∫ϰ²/L>=[16.5, 17.1, 13.1, 19.1, 20.3], C-C-Sep=0.08, ║∇J║=2.5e-04
Iteration 1411/2000-----
currents: [100000.0, 99999.99997815625, 99999.9999781061, 99999.99997204219, 99999.99997370594]
J=1.1e-04, ⟨Jf⟩=1.0e-04, ⟨B·n⟩=3.0e-03, Len=sum([2.4, 2.4, 2.4, 2.6, 2.6])=12.3, ϰ=[10.3, 8.9, 6.9, 10.0, 10.6], ∫ϰ²/L>=[16.6, 17.1, 13.1, 19.1, 20.3], C-C-Sep=0.08, ║∇J║=1.9e-04
Iteration 1412/2000-----
currents: [100000.0, 99999.99997814202, 99999.99997809216, 99999.99997202422, 99999.99997368909]
J=1.1e-04, ⟨Jf⟩=1.0e-04, ⟨B·n⟩=3.0e-03, Len=sum([2.4, 2.4, 2.4, 2.6, 2.6])=12.3, ϰ=[10.3, 8.9, 6.9, 10.0, 10.6], ∫ϰ²/L>=[16.6, 17.1, 13.1, 19.1, 20.3], C-C-Sep=0.08, ║∇J║=1.5e-04
Iteration 1413/2000-----
currents: [100000.0, 99999.9999781204, 99999.999978071, 99999.99997199698, 99999.9999736635]
J=1.1e-04, ⟨Jf⟩=1.0e-04, ⟨B·n⟩=3.0e-03, Len=sum([2.4, 2.4, 2.4, 2.6, 2.6])=12.3, ϰ=[10.3, 8.9, 6.9, 10.0, 10.6], ∫ϰ²/L>=[16.6, 17.1, 13.1, 19.1, 20.3], C-C-Sep=0.08, ║∇J║=1.5e-04
Iteration 1414/2000-----
currents: [100000.0, 99999.99997810698, 99999.99997805788, 99999.99997198007, 99999.99997364767]
J=1.1e-04, ⟨Jf⟩=1.0e-04, ⟨B·n⟩=3.0e-03, Len=sum([2.4, 2.4, 2.4, 2.6, 2.6])=12.3, ϰ=[10.3, 8.9, 6.9, 10.0, 10.6], ∫ϰ²/L>=[16.6, 17.1, 13.1, 19.1, 20.3], C-C-Sep=0.08, ║∇J║=1.7e-04
Iteration 1415/2000-----
currents: [100000.0, 99999.99997808717, 99999.99997803853, 99999.99997195514, 99999.99997362428]
J=1.1e-04, ⟨Jf⟩=1.0e-04, ⟨B·n⟩=3.0e-03, Len=sum([2.4, 2.4, 2.4, 2.6, 2.6])=12.3, ϰ=[10.3, 8.9, 6.8, 10.0, 10.6], ∫ϰ²/L>=[16.6, 17.1, 13.1, 19.0, 20.3], C-C-Sep=0.08, ║∇J║=2.3e-04
Iteration 1416/2000-----
currents: [100000.0, 99999.99997808084, 99999.99997803239, 99999.9999719472, 99999.9999736168]
J=1.1e-04, ⟨Jf⟩=1.0e-04, ⟨B·n⟩=3.0e-03, Len=sum([2.4, 2.4, 2.4, 2.6, 2.6])=12.3, ϰ=[10.3, 8.9, 6.8, 10.0, 10.6], ∫ϰ²/L>=[16.6, 17.1, 13.1, 19.0, 20.3], C-C-Sep=0.08, ║∇J║=1.7e-04
Iteration 1417/2000-----
currents: [100000.0, 99999.9999780759, 99999.99997802764, 99999.99997194104, 99999.99997361099]
J=1.1e-04, ⟨Jf⟩=1.0e-04, ⟨B·n⟩=3.0e-03, Len=sum([2.4, 2.4, 2.4, 2.6, 2.6])=12.3, ϰ=[10.3, 8.9, 6.9, 10.0, 10.6], ∫ϰ²/L>=[16.6, 17.1, 13.1, 19.0, 20.3], C-C-Sep=0.08, ║∇J║=1.6e-04
Iteration 1418/2000-----
currents: [100000.0, 99999.99997806491, 99999.99997801693, 99999.99997192719, 99999.999973598]
J=1.1e-04, ⟨Jf⟩=1.0e-04, ⟨B·n⟩=3.0e-03, Len=sum([2.4, 2.4, 2.4, 2.6, 2.6])=12.3, ϰ=[10.3, 8.9, 6.8, 10.0, 10.6], ∫ϰ²/L>=[16.6, 17.1, 13.1, 19.0, 20.3], C-C-Sep=0.08, ║∇J║=1.8e-04
Iteration 1419/2000-----
currents: [100000.0, 99999.99997805478, 99999.99997800704, 99999.9999719144, 99999.999973586]
J=1.1e-04, ⟨Jf⟩=1.0e-04, ⟨B·n⟩=3.0e-03, Len=sum([2.4, 2.4, 2.4, 2.6, 2.6])=12.3, ϰ=[10.3, 8.9, 6.8, 10.1, 10.6], ∫ϰ²/L>=[16.6, 17.1, 13.1, 19.0, 20.3], C-C-Sep=0.08, ║∇J║=1.4e-04
Iteration 1420/2000-----
currents: [100000.0, 99999.99997802688, 99999.9999779798, 99999.99997187925, 99999.99997355303]
J=1.1e-04, ⟨Jf⟩=1.0e-04, ⟨B·n⟩=3.0e-03, Len=sum([2.4, 2.4, 2.4, 2.6, 2.6])=12.3, ϰ=[10.3, 8.9, 6.8, 10.1, 10.6], ∫ϰ²/L>=[16.6, 17.1, 13.1, 19.0, 20.3], C-C-Sep=0.08, ║∇J║=1.7e-04
Iteration 1421/2000-----
currents: [100000.0, 99999.99997800634, 99999.99997795968, 99999.9999718533, 99999.99997352867]
J=1.1e-04, ⟨Jf⟩=1.0e-04, ⟨B·n⟩=3.0e-03, Len=sum([2.4, 2.4, 2.4, 2.6, 2.6])=12.3, ϰ=[10.3, 8.9, 6.8, 10.1, 10.6], ∫ϰ²/L>=[16.6, 17.1, 13.1, 19.0, 20.3], C-C-Sep=0.08, ║∇J║=1.6e-04
Iteration 1422/2000-----
currents: [100000.0, 99999.99997796307, 99999.99997791742, 99999.99997179881, 99999.99997347739]
J=1.1e-04, ⟨Jf⟩=1.0e-04, ⟨B·n⟩=3.0e-03, Len=sum([2.4, 2.4, 2.4, 2.6, 2.6])=12.3, ϰ=[10.3, 8.9, 6.8, 10.1, 10.6], ∫ϰ²/L>=[16.6, 17.1, 13.1, 19.0, 20.3], C-C-Sep=0.08, ║∇J║=1.6e-04
Iteration 1423/2000-----
currents: [100000.0, 99999.99997782249, 99999.99997778013, 99999.99997162174, 99999.99997331078]
J=1.1e-04, ⟨Jf⟩=1.0e-04, ⟨B·n⟩=3.0e-03, Len=sum([2.4, 2.4, 2.4, 2.6, 2.6])=12.3, ϰ=[10.3, 8.9, 6.9, 10.1, 10.6], ∫ϰ²/L>=[16.6, 17.1, 13.1, 19.0, 20.3], C-C-Sep=0.08, ║∇J║=3.4e-04
Iteration 1424/2000-----
currents: [100000.0, 99999.9999778975, 99999.99997785338, 99999.99997171621, 99999.99997339968]
J=1.1e-04, ⟨Jf⟩=1.0e-04, ⟨B·n⟩=3.0e-03, Len=sum([2.4, 2.4, 2.4, 2.6, 2.6])=12.3, ϰ=[10.3, 8.9, 6.9, 10.1, 10.6], ∫ϰ²/L>=[16.5, 17.1, 13.1, 19.0, 20.3], C-C-Sep=0.08, ║∇J║=2.0e-04
Iteration 1425/2000-----
currents: [100000.0, 99999.9999778889, 99999.99997784507, 99999.9999717055, 99999.99997338955]
J=1.1e-04, ⟨Jf⟩=1.0e-04, ⟨B·n⟩=3.0e-03, Len=sum([2.4, 2.4, 2.4, 2.6, 2.6])=12.3, ϰ=[10.3, 8.9, 6.9, 10.1, 10.6], ∫ϰ²/L>=[16.5, 17.1, 13.1, 19.0, 20.3], C-C-Sep=0.08, ║∇J║=2.4e-04
Iteration 1426/2000-----
currents: [100000.0, 99999.9999778588, 99999.9999778157, 99999.99997166767, 99999.99997335393]
J=1.1e-04, ⟨Jf⟩=1.0e-04, ⟨B·n⟩=3.0e-03, Len=sum([2.4, 2.4, 2.4, 2.6, 2.6])=12.3, ϰ=[10.3, 8.9, 6.9, 10.1, 10.6], ∫ϰ²/L>=[16.5, 17.1, 13.1, 19.0, 20.3], C-C-Sep=0.08, ║∇J║=2.1e-04
Iteration 1427/2000-----
currents: [100000.0, 99999.99997783721, 99999.9999777947, 99999.99997164059, 99999.99997332845]
J=1.1e-04, ⟨Jf⟩=1.0e-04, ⟨B·n⟩=3.0e-03, Len=sum([2.4, 2.4, 2.4, 2.6, 2.6])=12.3, ϰ=[10.3, 8.9, 6.9, 10.1, 10.6], ∫ϰ²/L>=[16.5, 17.1, 13.1, 19.0, 20.3], C-C-Sep=0.08, ║∇J║=1.9e-04
Iteration 1428/2000-----
currents: [100000.0, 99999.99997779074, 99999.99997774936, 99999.99997158218, 99999.99997327352]
J=1.1e-04, ⟨Jf⟩=1.0e-04, ⟨B·n⟩=3.0e-03, Len=sum([2.4, 2.4, 2.4, 2.6, 2.6])=12.3, ϰ=[10.3, 8.9, 6.9, 10.1, 10.6], ∫ϰ²/L>=[16.6, 17.1, 13.1, 19.0, 20.3], C-C-Sep=0.08, ║∇J║=2.0e-04
Iteration 1429/2000-----
currents: [100000.0, 99999.9999777761, 99999.9999777351, 99999.99997156381, 99999.99997325629]
J=1.1e-04, ⟨Jf⟩=1.0e-04, ⟨B·n⟩=3.0e-03, Len=sum([2.4, 2.4, 2.4, 2.6, 2.6])=12.3, ϰ=[10.3, 8.8, 6.9, 10.1, 10.6], ∫ϰ²/L>=[16.5, 17.1, 13.1, 19.0, 20.3], C-C-Sep=0.08, ║∇J║=1.9e-04
Iteration 1430/2000-----
currents: [100000.0, 99999.99997771038, 99999.99997767097, 99999.99997148124, 99999.99997317864]
J=1.1e-04, ⟨Jf⟩=1.0e-04, ⟨B·n⟩=3.0e-03, Len=sum([2.4, 2.4, 2.4, 2.6, 2.6])=12.3, ϰ=[10.3, 8.8, 6.8, 10.1, 10.6], ∫ϰ²/L>=[16.6, 17.1, 13.1, 19.0, 20.3], C-C-Sep=0.08, ║∇J║=2.5e-04
Iteration 1431/2000-----
currents: [100000.0, 99999.99997768915, 99999.99997765027, 99999.99997145464, 99999.9999731536]
J=1.1e-04, ⟨Jf⟩=1.0e-04, ⟨B·n⟩=3.0e-03, Len=sum([2.4, 2.4, 2.4, 2.6, 2.6])=12.3, ϰ=[10.3, 8.8, 6.8, 10.1, 10.6], ∫ϰ²/L>=[16.6, 17.1, 13.1, 19.0, 20.3], C-C-Sep=0.08, ║∇J║=2.2e-04
Iteration 1432/2000-----
currents: [100000.0, 99999.99997768278, 99999.99997764404, 99999.99997144662, 99999.99997314603]
J=1.1e-04, ⟨Jf⟩=1.0e-04, ⟨B·n⟩=3.0e-03, Len=sum([2.4, 2.4, 2.4, 2.6, 2.6])=12.3, ϰ=[10.3, 8.8, 6.8, 10.1, 10.6], ∫ϰ²/L>=[16.6, 17.1, 13.1, 19.0, 20.3], C-C-Sep=0.08, ║∇J║=1.9e-04
Iteration 1433/2000-----
currents: [100000.0, 99999.99997765881, 99999.99997762061, 99999.99997141653, 99999.99997311771]
J=1.1e-04, ⟨Jf⟩=1.0e-04, ⟨B·n⟩=3.0e-03, Len=sum([2.4, 2.4, 2.4, 2.6, 2.6])=12.3, ϰ=[10.3, 8.8, 6.8, 10.1, 10.6], ∫ϰ²/L>=[16.6, 17.1, 13.1, 19.0, 20.3], C-C-Sep=0.08, ║∇J║=1.7e-04
Iteration 1434/2000-----
currents: [100000.0, 99999.99997766022, 99999.99997762199, 99999.99997141841, 99999.99997311947]
J=1.1e-04, ⟨Jf⟩=1.0e-04, ⟨B·n⟩=3.0e-03, Len=sum([2.4, 2.4, 2.4, 2.6, 2.6])=12.3, ϰ=[10.3, 8.8, 6.8, 10.1, 10.6], ∫ϰ²/L>=[16.6, 17.1, 13.1, 19.0, 20.3], C-C-Sep=0.08, ║∇J║=2.2e-04
Iteration 1435/2000-----
currents: [100000.0, 99999.99997761604, 99999.99997757885, 99999.99997136285, 99999.9999730672]
J=1.1e-04, ⟨Jf⟩=1.0e-04, ⟨B·n⟩=3.0e-03, Len=sum([2.4, 2.4, 2.4, 2.6, 2.6])=12.3, ϰ=[10.3, 8.8, 6.8, 10.1, 10.6], ∫ϰ²/L>=[16.6, 17.1, 13.1, 19.0, 20.3], C-C-Sep=0.08, ║∇J║=2.2e-04
Iteration 1436/2000-----
currents: [100000.0, 99999.99997761838, 99999.99997758114, 99999.99997136585, 99999.99997307002]
J=1.1e-04, ⟨Jf⟩=1.0e-04, ⟨B·n⟩=3.0e-03, Len=sum([2.4, 2.4, 2.4, 2.6, 2.6])=12.3, ϰ=[10.3, 8.8, 6.8, 10.1, 10.6], ∫ϰ²/L>=[16.6, 17.1, 13.1, 19.0, 20.3], C-C-Sep=0.08, ║∇J║=1.8e-04
Iteration 1437/2000-----
currents: [100000.0, 99999.99997759968, 99999.99997756291, 99999.99997134236, 99999.9999730479]
J=1.1e-04, ⟨Jf⟩=1.0e-04, ⟨B·n⟩=3.0e-03, Len=sum([2.4, 2.4, 2.4, 2.6, 2.6])=12.3, ϰ=[10.3, 8.8, 6.8, 10.1, 10.7], ∫ϰ²/L>=[16.6, 17.1, 13.1, 19.0, 20.3], C-C-Sep=0.08, ║∇J║=1.7e-04
Iteration 1438/2000-----
currents: [100000.0, 99999.99997759079, 99999.99997755427, 99999.99997133121, 99999.99997303743]
J=1.1e-04, ⟨Jf⟩=1.0e-04, ⟨B·n⟩=3.0e-03, Len=sum([2.4, 2.4, 2.4, 2.6, 2.6])=12.3, ϰ=[10.3, 8.8, 6.8, 10.1, 10.7], ∫ϰ²/L>=[16.6, 17.1, 13.1, 19.0, 20.3], C-C-Sep=0.08, ║∇J║=1.6e-04
Iteration 1439/2000-----
currents: [100000.0, 99999.99997757838, 99999.99997754217, 99999.99997131563, 99999.99997302279]
J=1.1e-04, ⟨Jf⟩=1.0e-04, ⟨B·n⟩=3.0e-03, Len=sum([2.4, 2.4, 2.4, 2.6, 2.6])=12.3, ϰ=[10.3, 8.8, 6.8, 10.0, 10.7], ∫ϰ²/L>=[16.6, 17.1, 13.1, 19.0, 20.3], C-C-Sep=0.08, ║∇J║=1.5e-04
Iteration 1440/2000-----
currents: [100000.0, 99999.9999775718, 99999.9999775357, 99999.99997130732, 99999.999973015]
J=1.1e-04, ⟨Jf⟩=1.0e-04, ⟨B·n⟩=3.0e-03, Len=sum([2.4, 2.4, 2.4, 2.6, 2.6])=12.3, ϰ=[10.3, 8.8, 6.8, 10.1, 10.7], ∫ϰ²/L>=[16.6, 17.1, 13.1, 19.0, 20.3], C-C-Sep=0.08, ║∇J║=1.5e-04
Iteration 1441/2000-----
currents: [100000.0, 99999.99997756761, 99999.99997753157, 99999.99997130201, 99999.99997301005]
J=1.1e-04, ⟨Jf⟩=1.0e-04, ⟨B·n⟩=3.0e-03, Len=sum([2.4, 2.4, 2.4, 2.6, 2.6])=12.3, ϰ=[10.3, 8.9, 6.8, 10.1, 10.7], ∫ϰ²/L>=[16.6, 17.1, 13.1, 19.0, 20.3], C-C-Sep=0.08, ║∇J║=1.7e-04
Iteration 1442/2000-----
currents: [100000.0, 99999.99997756159, 99999.99997752566, 99999.99997129446, 99999.99997300298]
J=1.1e-04, ⟨Jf⟩=1.0e-04, ⟨B·n⟩=3.0e-03, Len=sum([2.4, 2.4, 2.4, 2.6, 2.6])=12.3, ϰ=[10.3, 8.9, 6.8, 10.1, 10.7], ∫ϰ²/L>=[16.6, 17.1, 13.1, 19.0, 20.3], C-C-Sep=0.08, ║∇J║=1.2e-04
Iteration 1443/2000-----
currents: [100000.0, 99999.99997755428, 99999.99997751847, 99999.99997128529, 99999.99997299441]
J=1.1e-04, ⟨Jf⟩=1.0e-04, ⟨B·n⟩=3.0e-03, Len=sum([2.4, 2.4, 2.4, 2.6, 2.6])=12.3, ϰ=[10.3, 8.9, 6.8, 10.1, 10.7], ∫ϰ²/L>=[16.6, 17.1, 13.1, 19.0, 20.3], C-C-Sep=0.08, ║∇J║=1.7e-04
Iteration 1444/2000-----
currents: [100000.0, 99999.99997754316, 99999.99997750761, 99999.99997127136, 99999.99997298133]
J=1.1e-04, ⟨Jf⟩=1.0e-04, ⟨B·n⟩=3.0e-03, Len=sum([2.4, 2.4, 2.4, 2.6, 2.6])=12.3, ϰ=[10.3, 8.9, 6.8, 10.1, 10.6], ∫ϰ²/L>=[16.6, 17.1, 13.1, 19.0, 20.3], C-C-Sep=0.08, ║∇J║=1.6e-04
Iteration 1445/2000-----
currents: [100000.0, 99999.99997753676, 99999.99997750139, 99999.99997126334, 99999.99997297378]
J=1.1e-04, ⟨Jf⟩=1.0e-04, ⟨B·n⟩=3.0e-03, Len=sum([2.4, 2.4, 2.4, 2.6, 2.6])=12.3, ϰ=[10.3, 8.9, 6.8, 10.1, 10.6], ∫ϰ²/L>=[16.6, 17.1, 13.1, 19.0, 20.3], C-C-Sep=0.08, ║∇J║=1.2e-04
Iteration 1446/2000-----
currents: [100000.0, 99999.99997752062, 99999.99997748564, 99999.99997124307, 99999.99997295468]
J=1.1e-04, ⟨Jf⟩=1.0e-04, ⟨B·n⟩=3.0e-03, Len=sum([2.4, 2.4, 2.4, 2.6, 2.6])=12.3, ϰ=[10.3, 8.9, 6.8, 10.1, 10.6], ∫ϰ²/L>=[16.6, 17.1, 13.1, 19.0, 20.3], C-C-Sep=0.08, ║∇J║=1.3e-04
Iteration 1447/2000-----
currents: [100000.0, 99999.99997752244, 99999.9999774874, 99999.9999712454, 99999.99997295687]
J=1.1e-04, ⟨Jf⟩=1.0e-04, ⟨B·n⟩=3.0e-03, Len=sum([2.4, 2.4, 2.4, 2.6, 2.6])=12.3, ϰ=[10.3, 8.9, 6.8, 10.1, 10.7], ∫ϰ²/L>=[16.6, 17.1, 13.1, 19.0, 20.3], C-C-Sep=0.08, ║∇J║=1.3e-04
Iteration 1448/2000-----
currents: [100000.0, 99999.99997750623, 99999.99997747153, 99999.99997122503, 99999.99997293769]
J=1.1e-04, ⟨Jf⟩=1.0e-04, ⟨B·n⟩=3.0e-03, Len=sum([2.4, 2.4, 2.4, 2.6, 2.6])=12.3, ϰ=[10.3, 8.9, 6.8, 10.1, 10.6], ∫ϰ²/L>=[16.6, 17.1, 13.1, 19.0, 20.3], C-C-Sep=0.08, ║∇J║=1.3e-04
Iteration 1449/2000-----
currents: [100000.0, 99999.9999774989, 99999.99997746426, 99999.99997121583, 99999.99997292903]
J=1.1e-04, ⟨Jf⟩=1.0e-04, ⟨B·n⟩=3.0e-03, Len=sum([2.4, 2.4, 2.4, 2.6, 2.6])=12.3, ϰ=[10.3, 8.9, 6.8, 10.1, 10.6], ∫ϰ²/L>=[16.6, 17.1, 13.1, 19.0, 20.3], C-C-Sep=0.08, ║∇J║=1.6e-04
Iteration 1450/2000-----
currents: [100000.0, 99999.99997747935, 99999.99997744514, 99999.99997119127, 99999.99997290595]
J=1.1e-04, ⟨Jf⟩=1.0e-04, ⟨B·n⟩=3.0e-03, Len=sum([2.4, 2.4, 2.4, 2.6, 2.6])=12.3, ϰ=[10.3, 8.9, 6.8, 10.1, 10.6], ∫ϰ²/L>=[16.6, 17.1, 13.1, 19.0, 20.3], C-C-Sep=0.08, ║∇J║=1.8e-04
Iteration 1451/2000-----
currents: [100000.0, 99999.99997746332, 99999.99997742948, 99999.99997117114, 99999.99997288703]
J=1.1e-04, ⟨Jf⟩=1.0e-04, ⟨B·n⟩=3.0e-03, Len=sum([2.4, 2.4, 2.4, 2.6, 2.6])=12.3, ϰ=[10.3, 8.9, 6.8, 10.1, 10.6], ∫ϰ²/L>=[16.6, 17.1, 13.1, 19.0, 20.3], C-C-Sep=0.08, ║∇J║=1.3e-04
Iteration 1452/2000-----
currents: [100000.0, 99999.99997741658, 99999.9999773839, 99999.99997111248, 99999.99997283184]
J=1.1e-04, ⟨Jf⟩=1.0e-04, ⟨B·n⟩=3.0e-03, Len=sum([2.4, 2.4, 2.4, 2.6, 2.6])=12.3, ϰ=[10.3, 8.9, 6.9, 10.1, 10.6], ∫ϰ²/L>=[16.6, 17.1, 13.1, 19.1, 20.3], C-C-Sep=0.08, ║∇J║=1.4e-04
Iteration 1453/2000-----
currents: [100000.0, 99999.99997730042, 99999.99997727056, 99999.99997096673, 99999.99997269467]
J=1.1e-04, ⟨Jf⟩=1.0e-04, ⟨B·n⟩=3.0e-03, Len=sum([2.4, 2.4, 2.4, 2.6, 2.6])=12.3, ϰ=[10.4, 8.8, 6.9, 10.1, 10.6], ∫ϰ²/L>=[16.6, 17.2, 13.1, 19.1, 20.3], C-C-Sep=0.08, ║∇J║=3.0e-04
Iteration 1454/2000-----
currents: [100000.0, 99999.99997736668, 99999.9999773352, 99999.99997104987, 99999.99997277292]
J=1.1e-04, ⟨Jf⟩=1.0e-04, ⟨B·n⟩=3.0e-03, Len=sum([2.4, 2.4, 2.4, 2.6, 2.6])=12.3, ϰ=[10.3, 8.9, 6.9, 10.1, 10.6], ∫ϰ²/L>=[16.6, 17.1, 13.1, 19.1, 20.3], C-C-Sep=0.08, ║∇J║=1.8e-04
Iteration 1455/2000-----
currents: [100000.0, 99999.99997728443, 99999.99997725502, 99999.99997094681, 99999.99997267585]
J=1.1e-04, ⟨Jf⟩=1.0e-04, ⟨B·n⟩=3.0e-03, Len=sum([2.4, 2.4, 2.4, 2.6, 2.6])=12.3, ϰ=[10.4, 8.8, 6.9, 10.1, 10.6], ∫ϰ²/L>=[16.6, 17.2, 13.1, 19.1, 20.3], C-C-Sep=0.08, ║∇J║=2.4e-04
Iteration 1456/2000-----
currents: [100000.0, 99999.99997730444, 99999.9999772746, 99999.99997097204, 99999.99997269954]
J=1.1e-04, ⟨Jf⟩=1.0e-04, ⟨B·n⟩=3.0e-03, Len=sum([2.4, 2.4, 2.4, 2.6, 2.6])=12.3, ϰ=[10.4, 8.8, 6.9, 10.1, 10.6], ∫ϰ²/L>=[16.6, 17.2, 13.1, 19.1, 20.2], C-C-Sep=0.08, ║∇J║=2.5e-04
Iteration 1457/2000-----
currents: [100000.0, 99999.9999772959, 99999.99997726627, 99999.99997096135, 99999.99997268942]
J=1.1e-04, ⟨Jf⟩=1.0e-04, ⟨B·n⟩=3.0e-03, Len=sum([2.4, 2.4, 2.4, 2.6, 2.6])=12.3, ϰ=[10.4, 8.8, 6.9, 10.1, 10.6], ∫ϰ²/L>=[16.6, 17.1, 13.1, 19.1, 20.2], C-C-Sep=0.08, ║∇J║=1.7e-04
Iteration 1458/2000-----
currents: [100000.0, 99999.99997728626, 99999.9999772569, 99999.99997094936, 99999.99997267802]
J=1.1e-04, ⟨Jf⟩=1.0e-04, ⟨B·n⟩=3.0e-03, Len=sum([2.4, 2.4, 2.4, 2.6, 2.6])=12.3, ϰ=[10.3, 8.8, 6.9, 10.1, 10.6], ∫ϰ²/L>=[16.5, 17.1, 13.1, 19.1, 20.2], C-C-Sep=0.08, ║∇J║=1.7e-04
Iteration 1459/2000-----
currents: [100000.0, 99999.99997723525, 99999.99997720716, 99999.99997088544, 99999.99997261776]
J=1.1e-04, ⟨Jf⟩=1.0e-04, ⟨B·n⟩=3.0e-03, Len=sum([2.4, 2.4, 2.4, 2.6, 2.6])=12.3, ϰ=[10.4, 8.8, 6.8, 10.1, 10.6], ∫ϰ²/L>=[16.5, 17.1, 13.1, 19.1, 20.2], C-C-Sep=0.08, ║∇J║=1.7e-04
Iteration 1460/2000-----
currents: [100000.0, 99999.9999772068, 99999.99997717945, 99999.99997084988, 99999.99997258418]
J=1.1e-04, ⟨Jf⟩=1.0e-04, ⟨B·n⟩=3.0e-03, Len=sum([2.4, 2.4, 2.4, 2.6, 2.6])=12.3, ϰ=[10.3, 8.8, 6.8, 10.1, 10.6], ∫ϰ²/L>=[16.5, 17.1, 13.1, 19.1, 20.2], C-C-Sep=0.08, ║∇J║=1.6e-04
Iteration 1461/2000-----
currents: [100000.0, 99999.99997717011, 99999.99997714371, 99999.99997080397, 99999.99997254089]
J=1.1e-04, ⟨Jf⟩=1.0e-04, ⟨B·n⟩=3.0e-03, Len=sum([2.4, 2.4, 2.4, 2.6, 2.6])=12.3, ϰ=[10.4, 8.8, 6.8, 10.1, 10.6], ∫ϰ²/L>=[16.5, 17.1, 13.1, 19.1, 20.2], C-C-Sep=0.08, ║∇J║=1.4e-04
Iteration 1462/2000-----
currents: [100000.0, 99999.99997713455, 99999.99997710907, 99999.99997075948, 99999.99997249892]
J=1.1e-04, ⟨Jf⟩=1.0e-04, ⟨B·n⟩=3.0e-03, Len=sum([2.4, 2.4, 2.4, 2.6, 2.6])=12.3, ϰ=[10.3, 8.8, 6.8, 10.2, 10.6], ∫ϰ²/L>=[16.5, 17.1, 13.1, 19.1, 20.2], C-C-Sep=0.08, ║∇J║=1.6e-04
Iteration 1463/2000-----
currents: [100000.0, 99999.99997697944, 99999.99997695781, 99999.99997056517, 99999.99997231577]
J=1.1e-04, ⟨Jf⟩=1.0e-04, ⟨B·n⟩=3.0e-03, Len=sum([2.4, 2.4, 2.4, 2.6, 2.6])=12.3, ϰ=[10.3, 8.8, 6.8, 10.2, 10.7], ∫ϰ²/L>=[16.5, 17.2, 13.1, 19.1, 20.2], C-C-Sep=0.08, ║∇J║=3.2e-04
Iteration 1464/2000-----
currents: [100000.0, 99999.9999770673, 99999.9999770435, 99999.99997067524, 99999.99997241951]
J=1.1e-04, ⟨Jf⟩=1.0e-04, ⟨B·n⟩=3.0e-03, Len=sum([2.4, 2.4, 2.4, 2.6, 2.6])=12.3, ϰ=[10.3, 8.8, 6.8, 10.2, 10.6], ∫ϰ²/L>=[16.5, 17.2, 13.1, 19.1, 20.2], C-C-Sep=0.08, ║∇J║=2.0e-04
Iteration 1465/2000-----
currents: [100000.0, 99999.99997641468, 99999.99997640711, 99999.99996985779, 99999.99997164897]
J=1.1e-04, ⟨Jf⟩=1.0e-04, ⟨B·n⟩=3.0e-03, Len=sum([2.4, 2.4, 2.4, 2.6, 2.6])=12.3, ϰ=[10.4, 8.6, 6.8, 10.2, 10.7], ∫ϰ²/L>=[16.7, 17.2, 13.1, 19.2, 20.3], C-C-Sep=0.08, ║∇J║=2.2e-03
Iteration 1466/2000-----
currents: [100000.0, 99999.99997701435, 99999.99997699185, 99999.99997060891, 99999.99997235698]
J=1.1e-04, ⟨Jf⟩=1.0e-04, ⟨B·n⟩=3.0e-03, Len=sum([2.4, 2.4, 2.4, 2.6, 2.6])=12.3, ϰ=[10.3, 8.8, 6.8, 10.2, 10.7], ∫ϰ²/L>=[16.5, 17.2, 13.1, 19.1, 20.2], C-C-Sep=0.08, ║∇J║=2.4e-04
Iteration 1467/2000-----
currents: [100000.0, 99999.99997698463, 99999.99997696282, 99999.99997057175, 99999.99997232195]
J=1.1e-04, ⟨Jf⟩=1.0e-04, ⟨B·n⟩=3.0e-03, Len=sum([2.4, 2.4, 2.4, 2.6, 2.6])=12.3, ϰ=[10.3, 8.8, 6.8, 10.2, 10.7], ∫ϰ²/L>=[16.5, 17.2, 13.1, 19.1, 20.2], C-C-Sep=0.08, ║∇J║=3.6e-04
Iteration 1468/2000-----
currents: [100000.0, 99999.99997698277, 99999.99997696096, 99999.99997056935, 99999.99997231973]
J=1.1e-04, ⟨Jf⟩=1.0e-04, ⟨B·n⟩=3.0e-03, Len=sum([2.4, 2.4, 2.4, 2.6, 2.6])=12.3, ϰ=[10.3, 8.8, 6.8, 10.2, 10.7], ∫ϰ²/L>=[16.5, 17.1, 13.1, 19.1, 20.2], C-C-Sep=0.08, ║∇J║=1.9e-04
Iteration 1469/2000-----
currents: [100000.0, 99999.9999769888, 99999.99997696682, 99999.99997057689, 99999.99997232686]
J=1.1e-04, ⟨Jf⟩=1.0e-04, ⟨B·n⟩=3.0e-03, Len=sum([2.4, 2.4, 2.4, 2.6, 2.6])=12.3, ϰ=[10.3, 8.8, 6.8, 10.2, 10.6], ∫ϰ²/L>=[16.5, 17.1, 13.1, 19.1, 20.2], C-C-Sep=0.08, ║∇J║=1.8e-04
Iteration 1470/2000-----
currents: [100000.0, 99999.99997696624, 99999.99997694477, 99999.99997054861, 99999.99997230024]
J=1.1e-04, ⟨Jf⟩=1.0e-04, ⟨B·n⟩=3.0e-03, Len=sum([2.4, 2.4, 2.4, 2.6, 2.6])=12.3, ϰ=[10.3, 8.8, 6.8, 10.2, 10.6], ∫ϰ²/L>=[16.5, 17.1, 13.1, 19.1, 20.2], C-C-Sep=0.08, ║∇J║=1.8e-04
Iteration 1471/2000-----
currents: [100000.0, 99999.99997695701, 99999.99997693577, 99999.99997053709, 99999.99997228941]
J=1.1e-04, ⟨Jf⟩=1.0e-04, ⟨B·n⟩=3.0e-03, Len=sum([2.4, 2.4, 2.4, 2.6, 2.6])=12.3, ϰ=[10.3, 8.8, 6.8, 10.2, 10.6], ∫ϰ²/L>=[16.5, 17.1, 13.1, 19.1, 20.2], C-C-Sep=0.08, ║∇J║=1.6e-04
Iteration 1472/2000-----
currents: [100000.0, 99999.99997693182, 99999.9999769112, 99999.99997050561, 99999.99997225977]
J=1.1e-04, ⟨Jf⟩=1.0e-04, ⟨B·n⟩=3.0e-03, Len=sum([2.4, 2.4, 2.4, 2.6, 2.6])=12.3, ϰ=[10.4, 8.8, 6.7, 10.2, 10.6], ∫ϰ²/L>=[16.5, 17.1, 13.1, 19.1, 20.2], C-C-Sep=0.08, ║∇J║=1.7e-04
Iteration 1473/2000-----
currents: [100000.0, 99999.99997692143, 99999.99997690109, 99999.99997049263, 99999.99997224758]
J=1.1e-04, ⟨Jf⟩=1.0e-04, ⟨B·n⟩=3.0e-03, Len=sum([2.4, 2.4, 2.4, 2.6, 2.6])=12.3, ϰ=[10.4, 8.8, 6.7, 10.2, 10.6], ∫ϰ²/L>=[16.5, 17.1, 13.1, 19.1, 20.2], C-C-Sep=0.08, ║∇J║=2.0e-04
Iteration 1474/2000-----
currents: [100000.0, 99999.99997690936, 99999.9999768893, 99999.9999704775, 99999.99997223336]
J=1.1e-04, ⟨Jf⟩=1.0e-04, ⟨B·n⟩=3.0e-03, Len=sum([2.4, 2.4, 2.4, 2.6, 2.6])=12.3, ϰ=[10.4, 8.8, 6.7, 10.2, 10.7], ∫ϰ²/L>=[16.5, 17.1, 13.1, 19.1, 20.2], C-C-Sep=0.08, ║∇J║=1.5e-04
Iteration 1475/2000-----
currents: [100000.0, 99999.99997690882, 99999.99997688876, 99999.9999704768, 99999.99997223276]
J=1.1e-04, ⟨Jf⟩=1.0e-04, ⟨B·n⟩=3.0e-03, Len=sum([2.4, 2.4, 2.4, 2.6, 2.6])=12.3, ϰ=[10.4, 8.8, 6.7, 10.2, 10.7], ∫ϰ²/L>=[16.5, 17.1, 13.1, 19.1, 20.2], C-C-Sep=0.08, ║∇J║=1.5e-04
Iteration 1476/2000-----
currents: [100000.0, 99999.99997689582, 99999.99997687605, 99999.99997046047, 99999.99997221747]
J=1.1e-04, ⟨Jf⟩=1.0e-04, ⟨B·n⟩=3.0e-03, Len=sum([2.4, 2.4, 2.4, 2.6, 2.6])=12.3, ϰ=[10.4, 8.8, 6.7, 10.2, 10.7], ∫ϰ²/L>=[16.5, 17.1, 13.1, 19.1, 20.2], C-C-Sep=0.08, ║∇J║=1.6e-04
Iteration 1477/2000-----
currents: [100000.0, 99999.99997689736, 99999.99997687749, 99999.9999704623, 99999.99997221926]
J=1.1e-04, ⟨Jf⟩=1.0e-04, ⟨B·n⟩=3.0e-03, Len=sum([2.4, 2.4, 2.4, 2.6, 2.6])=12.3, ϰ=[10.4, 8.8, 6.7, 10.2, 10.7], ∫ϰ²/L>=[16.5, 17.1, 13.1, 19.1, 20.2], C-C-Sep=0.08, ║∇J║=1.6e-04
Iteration 1478/2000-----
currents: [100000.0, 99999.99997688812, 99999.99997686844, 99999.99997045066, 99999.9999722083]
J=1.1e-04, ⟨Jf⟩=1.0e-04, ⟨B·n⟩=3.0e-03, Len=sum([2.4, 2.4, 2.4, 2.6, 2.6])=12.3, ϰ=[10.4, 8.8, 6.7, 10.2, 10.7], ∫ϰ²/L>=[16.6, 17.1, 13.1, 19.1, 20.2], C-C-Sep=0.08, ║∇J║=1.4e-04
Iteration 1479/2000-----
currents: [100000.0, 99999.99997688657, 99999.9999768669, 99999.99997044871, 99999.99997220642]
J=1.1e-04, ⟨Jf⟩=1.0e-04, ⟨B·n⟩=3.0e-03, Len=sum([2.4, 2.4, 2.4, 2.6, 2.6])=12.3, ϰ=[10.4, 8.8, 6.8, 10.2, 10.7], ∫ϰ²/L>=[16.6, 17.1, 13.1, 19.1, 20.2], C-C-Sep=0.08, ║∇J║=1.5e-04
Iteration 1480/2000-----
currents: [100000.0, 99999.99997687282, 99999.99997685342, 99999.9999704314, 99999.99997219011]
J=1.1e-04, ⟨Jf⟩=1.0e-04, ⟨B·n⟩=3.0e-03, Len=sum([2.4, 2.4, 2.4, 2.6, 2.6])=12.3, ϰ=[10.4, 8.8, 6.8, 10.1, 10.6], ∫ϰ²/L>=[16.6, 17.1, 13.1, 19.1, 20.2], C-C-Sep=0.08, ║∇J║=1.6e-04
Iteration 1481/2000-----
currents: [100000.0, 99999.99997685653, 99999.9999768375, 99999.999970411, 99999.99997217087]
J=1.1e-04, ⟨Jf⟩=1.0e-04, ⟨B·n⟩=3.0e-03, Len=sum([2.4, 2.4, 2.4, 2.6, 2.6])=12.3, ϰ=[10.4, 8.8, 6.8, 10.1, 10.6], ∫ϰ²/L>=[16.6, 17.1, 13.1, 19.1, 20.2], C-C-Sep=0.08, ║∇J║=1.5e-04
Iteration 1482/2000-----
currents: [100000.0, 99999.9999768434, 99999.99997682466, 99999.99997039457, 99999.99997215542]
J=1.1e-04, ⟨Jf⟩=1.0e-04, ⟨B·n⟩=3.0e-03, Len=sum([2.4, 2.4, 2.4, 2.6, 2.6])=12.3, ϰ=[10.4, 8.8, 6.8, 10.1, 10.6], ∫ϰ²/L>=[16.6, 17.1, 13.1, 19.1, 20.2], C-C-Sep=0.08, ║∇J║=1.2e-04
Iteration 1483/2000-----
currents: [100000.0, 99999.99997683722, 99999.99997681861, 99999.99997038682, 99999.99997214819]
J=1.1e-04, ⟨Jf⟩=1.0e-04, ⟨B·n⟩=3.0e-03, Len=sum([2.4, 2.4, 2.4, 2.6, 2.6])=12.3, ϰ=[10.4, 8.8, 6.8, 10.1, 10.6], ∫ϰ²/L>=[16.6, 17.1, 13.1, 19.1, 20.2], C-C-Sep=0.08, ║∇J║=1.2e-04
Iteration 1484/2000-----
currents: [100000.0, 99999.99997682263, 99999.99997680436, 99999.99997036859, 99999.99997213105]
J=1.1e-04, ⟨Jf⟩=1.0e-04, ⟨B·n⟩=3.0e-03, Len=sum([2.4, 2.4, 2.4, 2.6, 2.6])=12.3, ϰ=[10.4, 8.8, 6.8, 10.1, 10.6], ∫ϰ²/L>=[16.6, 17.1, 13.1, 19.1, 20.2], C-C-Sep=0.08, ║∇J║=1.6e-04
Iteration 1485/2000-----
currents: [100000.0, 99999.99997680608, 99999.99997678821, 99999.99997034784, 99999.99997211152]
J=1.1e-04, ⟨Jf⟩=1.0e-04, ⟨B·n⟩=3.0e-03, Len=sum([2.4, 2.4, 2.4, 2.6, 2.6])=12.3, ϰ=[10.4, 8.8, 6.8, 10.1, 10.7], ∫ϰ²/L>=[16.6, 17.1, 13.1, 19.1, 20.2], C-C-Sep=0.08, ║∇J║=1.3e-04
Iteration 1486/2000-----
currents: [100000.0, 99999.9999767896, 99999.99997677216, 99999.9999703272, 99999.99997209205]
J=1.1e-04, ⟨Jf⟩=1.0e-04, ⟨B·n⟩=3.0e-03, Len=sum([2.4, 2.4, 2.4, 2.6, 2.6])=12.3, ϰ=[10.4, 8.8, 6.8, 10.1, 10.7], ∫ϰ²/L>=[16.6, 17.1, 13.1, 19.1, 20.2], C-C-Sep=0.08, ║∇J║=1.2e-04
Iteration 1487/2000-----
currents: [100000.0, 99999.99997674594, 99999.99997672962, 99999.99997027255, 99999.99997204049]
J=1.1e-04, ⟨Jf⟩=1.0e-04, ⟨B·n⟩=3.0e-03, Len=sum([2.4, 2.4, 2.4, 2.6, 2.6])=12.3, ϰ=[10.4, 8.8, 6.8, 10.1, 10.7], ∫ϰ²/L>=[16.6, 17.1, 13.1, 19.1, 20.2], C-C-Sep=0.08, ║∇J║=1.4e-04
Iteration 1488/2000-----
currents: [100000.0, 99999.99997666727, 99999.99997665295, 99999.99997017407, 99999.9999719476]
J=1.1e-04, ⟨Jf⟩=1.0e-04, ⟨B·n⟩=3.0e-03, Len=sum([2.4, 2.4, 2.4, 2.6, 2.6])=12.3, ϰ=[10.4, 8.8, 6.9, 10.1, 10.7], ∫ϰ²/L>=[16.6, 17.1, 13.1, 19.1, 20.2], C-C-Sep=0.08, ║∇J║=2.1e-04
Iteration 1489/2000-----
currents: [100000.0, 99999.9999766529, 99999.99997663895, 99999.99997015612, 99999.99997193068]
J=1.1e-04, ⟨Jf⟩=1.0e-04, ⟨B·n⟩=3.0e-03, Len=sum([2.4, 2.4, 2.4, 2.6, 2.6])=12.3, ϰ=[10.4, 8.8, 6.9, 10.1, 10.7], ∫ϰ²/L>=[16.6, 17.1, 13.1, 19.1, 20.2], C-C-Sep=0.08, ║∇J║=1.6e-04
Iteration 1490/2000-----
currents: [100000.0, 99999.99997661494, 99999.99997660196, 99999.99997010866, 99999.99997188595]
J=1.1e-04, ⟨Jf⟩=1.0e-04, ⟨B·n⟩=3.0e-03, Len=sum([2.4, 2.4, 2.4, 2.6, 2.6])=12.3, ϰ=[10.4, 8.8, 6.9, 10.2, 10.7], ∫ϰ²/L>=[16.6, 17.1, 13.1, 19.1, 20.2], C-C-Sep=0.08, ║∇J║=1.6e-04
Iteration 1491/2000-----
currents: [100000.0, 99999.99997656578, 99999.99997655409, 99999.99997004721, 99999.99997182803]
J=1.1e-04, ⟨Jf⟩=1.0e-04, ⟨B·n⟩=3.0e-03, Len=sum([2.4, 2.4, 2.4, 2.6, 2.6])=12.3, ϰ=[10.4, 8.8, 6.9, 10.2, 10.7], ∫ϰ²/L>=[16.5, 17.1, 13.1, 19.1, 20.2], C-C-Sep=0.08, ║∇J║=1.7e-04
Iteration 1492/2000-----
currents: [100000.0, 99999.99997639595, 99999.99997638859, 99999.99996983472, 99999.99997162775]
J=1.1e-04, ⟨Jf⟩=1.0e-04, ⟨B·n⟩=3.0e-03, Len=sum([2.4, 2.4, 2.4, 2.6, 2.6])=12.3, ϰ=[10.5, 8.8, 6.9, 10.2, 10.7], ∫ϰ²/L>=[16.6, 17.1, 13.1, 19.2, 20.2], C-C-Sep=0.08, ║∇J║=3.5e-04
Iteration 1493/2000-----
currents: [100000.0, 99999.99997649259, 99999.99997648275, 99999.99996995564, 99999.99997174171]
J=1.1e-04, ⟨Jf⟩=1.0e-04, ⟨B·n⟩=3.0e-03, Len=sum([2.4, 2.4, 2.4, 2.6, 2.6])=12.3, ϰ=[10.5, 8.8, 6.9, 10.2, 10.7], ∫ϰ²/L>=[16.6, 17.1, 13.1, 19.1, 20.2], C-C-Sep=0.08, ║∇J║=2.0e-04
Iteration 1494/2000-----
currents: [100000.0, 99999.99997642895, 99999.99997642079, 99999.99996987611, 99999.9999716667]
J=1.1e-04, ⟨Jf⟩=1.0e-04, ⟨B·n⟩=3.0e-03, Len=sum([2.4, 2.4, 2.4, 2.6, 2.6])=12.3, ϰ=[10.5, 8.8, 6.9, 10.2, 10.7], ∫ϰ²/L>=[16.5, 17.1, 13.1, 19.2, 20.2], C-C-Sep=0.08, ║∇J║=2.6e-04
Iteration 1495/2000-----
currents: [100000.0, 99999.99997642913, 99999.999976421, 99999.99996987637, 99999.99997166696]
J=1.1e-04, ⟨Jf⟩=1.0e-04, ⟨B·n⟩=3.0e-03, Len=sum([2.4, 2.4, 2.4, 2.6, 2.6])=12.3, ϰ=[10.5, 8.8, 6.9, 10.2, 10.7], ∫ϰ²/L>=[16.5, 17.1, 13.1, 19.2, 20.2], C-C-Sep=0.08, ║∇J║=1.9e-04
Iteration 1496/2000-----
currents: [100000.0, 99999.99997640793, 99999.9999764003, 99999.99996984974, 99999.99997164185]
J=1.1e-04, ⟨Jf⟩=1.0e-04, ⟨B·n⟩=3.0e-03, Len=sum([2.4, 2.4, 2.4, 2.6, 2.6])=12.3, ϰ=[10.5, 8.8, 6.9, 10.2, 10.7], ∫ϰ²/L>=[16.5, 17.1, 13.1, 19.1, 20.2], C-C-Sep=0.08, ║∇J║=1.6e-04
Iteration 1497/2000-----
currents: [100000.0, 99999.99997642181, 99999.99997641383, 99999.99996986707, 99999.99997165818]
J=1.1e-04, ⟨Jf⟩=1.0e-04, ⟨B·n⟩=3.0e-03, Len=sum([2.4, 2.4, 2.4, 2.6, 2.6])=12.3, ϰ=[10.5, 8.8, 6.9, 10.2, 10.7], ∫ϰ²/L>=[16.5, 17.1, 13.1, 19.1, 20.2], C-C-Sep=0.08, ║∇J║=1.6e-04
Iteration 1498/2000-----
currents: [100000.0, 99999.99997637267, 99999.99997636596, 99999.99996980555, 99999.99997160016]
J=1.1e-04, ⟨Jf⟩=1.0e-04, ⟨B·n⟩=3.0e-03, Len=sum([2.4, 2.4, 2.4, 2.6, 2.6])=12.3, ϰ=[10.5, 8.8, 6.9, 10.2, 10.7], ∫ϰ²/L>=[16.6, 17.1, 13.1, 19.1, 20.2], C-C-Sep=0.08, ║∇J║=1.7e-04
Iteration 1499/2000-----
currents: [100000.0, 99999.99997636679, 99999.9999763602, 99999.99996979807, 99999.99997159309]
J=1.1e-04, ⟨Jf⟩=1.0e-04, ⟨B·n⟩=3.0e-03, Len=sum([2.4, 2.4, 2.4, 2.6, 2.6])=12.3, ϰ=[10.4, 8.8, 6.9, 10.2, 10.7], ∫ϰ²/L>=[16.6, 17.1, 13.1, 19.1, 20.2], C-C-Sep=0.08, ║∇J║=2.1e-04
Iteration 1500/2000-----
currents: [100000.0, 99999.99997635891, 99999.99997635253, 99999.99996978819, 99999.99997158376]
J=1.1e-04, ⟨Jf⟩=1.0e-04, ⟨B·n⟩=3.0e-03, Len=sum([2.4, 2.4, 2.4, 2.6, 2.6])=12.3, ϰ=[10.5, 8.8, 6.9, 10.2, 10.7], ∫ϰ²/L>=[16.6, 17.1, 13.1, 19.1, 20.2], C-C-Sep=0.08, ║∇J║=1.4e-04
Iteration 1501/2000-----
currents: [100000.0, 99999.9999763588, 99999.99997635242, 99999.99996978806, 99999.99997158359]
J=1.1e-04, ⟨Jf⟩=1.0e-04, ⟨B·n⟩=3.0e-03, Len=sum([2.4, 2.4, 2.4, 2.6, 2.6])=12.3, ϰ=[10.4, 8.8, 6.9, 10.2, 10.7], ∫ϰ²/L>=[16.6, 17.1, 13.1, 19.1, 20.2], C-C-Sep=0.08, ║∇J║=1.4e-04
Iteration 1502/2000-----
currents: [100000.0, 99999.99997634662, 99999.99997634055, 99999.9999697728, 99999.9999715692]
J=1.1e-04, ⟨Jf⟩=1.0e-04, ⟨B·n⟩=3.0e-03, Len=sum([2.4, 2.4, 2.4, 2.6, 2.6])=12.3, ϰ=[10.4, 8.8, 6.9, 10.2, 10.7], ∫ϰ²/L>=[16.6, 17.1, 13.1, 19.1, 20.2], C-C-Sep=0.08, ║∇J║=1.5e-04
Iteration 1503/2000-----
currents: [100000.0, 99999.99997633848, 99999.99997633258, 99999.99996976263, 99999.99997155958]
J=1.1e-04, ⟨Jf⟩=1.0e-04, ⟨B·n⟩=3.0e-03, Len=sum([2.4, 2.4, 2.4, 2.6, 2.6])=12.3, ϰ=[10.4, 8.8, 6.9, 10.2, 10.7], ∫ϰ²/L>=[16.5, 17.1, 13.1, 19.1, 20.2], C-C-Sep=0.08, ║∇J║=1.6e-04
Iteration 1504/2000-----
currents: [100000.0, 99999.9999763249, 99999.99997631933, 99999.9999697457, 99999.99997154361]
J=1.1e-04, ⟨Jf⟩=1.0e-04, ⟨B·n⟩=3.0e-03, Len=sum([2.4, 2.4, 2.4, 2.6, 2.6])=12.3, ϰ=[10.4, 8.8, 7.0, 10.2, 10.7], ∫ϰ²/L>=[16.5, 17.1, 13.1, 19.1, 20.2], C-C-Sep=0.08, ║∇J║=1.5e-04
Iteration 1505/2000-----
currents: [100000.0, 99999.99997630254, 99999.9999762975, 99999.99996971777, 99999.9999715173]
J=1.1e-04, ⟨Jf⟩=1.0e-04, ⟨B·n⟩=3.0e-03, Len=sum([2.4, 2.4, 2.4, 2.6, 2.6])=12.3, ϰ=[10.4, 8.8, 7.0, 10.2, 10.7], ∫ϰ²/L>=[16.5, 17.1, 13.1, 19.1, 20.2], C-C-Sep=0.08, ║∇J║=1.4e-04
Iteration 1506/2000-----
currents: [100000.0, 99999.99997628364, 99999.99997627908, 99999.9999696942, 99999.99997149508]
J=1.1e-04, ⟨Jf⟩=1.0e-04, ⟨B·n⟩=3.0e-03, Len=sum([2.4, 2.4, 2.4, 2.6, 2.6])=12.3, ϰ=[10.4, 8.8, 7.0, 10.2, 10.7], ∫ϰ²/L>=[16.5, 17.1, 13.1, 19.1, 20.3], C-C-Sep=0.08, ║∇J║=1.4e-04
Iteration 1507/2000-----
currents: [100000.0, 99999.99997628153, 99999.999976277, 99999.99996969162, 99999.99997149265]
J=1.1e-04, ⟨Jf⟩=1.0e-04, ⟨B·n⟩=3.0e-03, Len=sum([2.4, 2.4, 2.4, 2.6, 2.6])=12.3, ϰ=[10.4, 8.8, 7.0, 10.2, 10.7], ∫ϰ²/L>=[16.5, 17.1, 13.1, 19.1, 20.3], C-C-Sep=0.08, ║∇J║=1.4e-04
Iteration 1508/2000-----
currents: [100000.0, 99999.99997627235, 99999.99997626808, 99999.9999696802, 99999.99997148186]
J=1.1e-04, ⟨Jf⟩=1.0e-04, ⟨B·n⟩=3.0e-03, Len=sum([2.4, 2.4, 2.4, 2.6, 2.6])=12.3, ϰ=[10.4, 8.8, 7.0, 10.2, 10.7], ∫ϰ²/L>=[16.5, 17.1, 13.1, 19.1, 20.3], C-C-Sep=0.08, ║∇J║=1.2e-04
Iteration 1509/2000-----
currents: [100000.0, 99999.99997627368, 99999.9999762694, 99999.9999696819, 99999.99997148346]
J=1.1e-04, ⟨Jf⟩=1.0e-04, ⟨B·n⟩=3.0e-03, Len=sum([2.4, 2.4, 2.4, 2.6, 2.6])=12.3, ϰ=[10.4, 8.8, 7.0, 10.2, 10.7], ∫ϰ²/L>=[16.5, 17.1, 13.1, 19.1, 20.3], C-C-Sep=0.08, ║∇J║=1.3e-04
Iteration 1510/2000-----
currents: [100000.0, 99999.99997626184, 99999.9999762579, 99999.99996966714, 99999.99997146954]
J=1.1e-04, ⟨Jf⟩=1.0e-04, ⟨B·n⟩=3.0e-03, Len=sum([2.4, 2.4, 2.4, 2.6, 2.6])=12.3, ϰ=[10.4, 8.8, 7.0, 10.2, 10.7], ∫ϰ²/L>=[16.5, 17.1, 13.1, 19.1, 20.3], C-C-Sep=0.08, ║∇J║=1.1e-04
Iteration 1511/2000-----
currents: [100000.0, 99999.9999762626, 99999.99997625867, 99999.99996966819, 99999.99997147052]
J=1.1e-04, ⟨Jf⟩=1.0e-04, ⟨B·n⟩=3.0e-03, Len=sum([2.4, 2.4, 2.4, 2.6, 2.6])=12.3, ϰ=[10.4, 8.8, 7.0, 10.2, 10.7], ∫ϰ²/L>=[16.5, 17.1, 13.1, 19.1, 20.3], C-C-Sep=0.08, ║∇J║=1.2e-04
Iteration 1512/2000-----
currents: [100000.0, 99999.99997624889, 99999.99997624534, 99999.99996965117, 99999.99997145445]
J=1.1e-04, ⟨Jf⟩=1.0e-04, ⟨B·n⟩=3.0e-03, Len=sum([2.4, 2.4, 2.4, 2.6, 2.6])=12.3, ϰ=[10.4, 8.8, 7.0, 10.2, 10.7], ∫ϰ²/L>=[16.5, 17.1, 13.1, 19.1, 20.3], C-C-Sep=0.08, ║∇J║=1.2e-04
Iteration 1513/2000-----
currents: [100000.0, 99999.99997625031, 99999.99997624675, 99999.99996965304, 99999.99997145619]
J=1.1e-04, ⟨Jf⟩=1.0e-04, ⟨B·n⟩=3.0e-03, Len=sum([2.4, 2.4, 2.4, 2.6, 2.6])=12.3, ϰ=[10.4, 8.8, 7.0, 10.2, 10.7], ∫ϰ²/L>=[16.5, 17.1, 13.1, 19.1, 20.3], C-C-Sep=0.08, ║∇J║=1.1e-04
Iteration 1514/2000-----
currents: [100000.0, 99999.99997624473, 99999.99997624129, 99999.9999696461, 99999.9999714496]
J=1.1e-04, ⟨Jf⟩=1.0e-04, ⟨B·n⟩=3.0e-03, Len=sum([2.4, 2.4, 2.4, 2.6, 2.6])=12.3, ϰ=[10.4, 8.8, 7.0, 10.2, 10.7], ∫ϰ²/L>=[16.5, 17.1, 13.1, 19.1, 20.3], C-C-Sep=0.08, ║∇J║=9.9e-05
Iteration 1515/2000-----
currents: [100000.0, 99999.99997623844, 99999.99997623517, 99999.9999696383, 99999.99997144217]
J=1.1e-04, ⟨Jf⟩=1.0e-04, ⟨B·n⟩=3.0e-03, Len=sum([2.4, 2.4, 2.4, 2.6, 2.6])=12.3, ϰ=[10.4, 8.8, 7.0, 10.2, 10.7], ∫ϰ²/L>=[16.5, 17.1, 13.1, 19.1, 20.3], C-C-Sep=0.08, ║∇J║=9.8e-05
Iteration 1516/2000-----
currents: [100000.0, 99999.9999762307, 99999.99997622761, 99999.99996962867, 99999.99997143303]
J=1.1e-04, ⟨Jf⟩=1.0e-04, ⟨B·n⟩=3.0e-03, Len=sum([2.4, 2.4, 2.4, 2.6, 2.6])=12.3, ϰ=[10.4, 8.8, 7.0, 10.2, 10.7], ∫ϰ²/L>=[16.5, 17.1, 13.1, 19.1, 20.3], C-C-Sep=0.08, ║∇J║=9.7e-05
Iteration 1517/2000-----
currents: [100000.0, 99999.99997621591, 99999.99997621319, 99999.99996961025, 99999.99997141561]
J=1.1e-04, ⟨Jf⟩=1.0e-04, ⟨B·n⟩=3.0e-03, Len=sum([2.4, 2.4, 2.4, 2.6, 2.6])=12.3, ϰ=[10.4, 8.8, 7.0, 10.2, 10.7], ∫ϰ²/L>=[16.5, 17.1, 13.1, 19.1, 20.3], C-C-Sep=0.08, ║∇J║=9.1e-05
Iteration 1518/2000-----
currents: [100000.0, 99999.99997620244, 99999.99997620007, 99999.99996959348, 99999.99997139974]
J=1.1e-04, ⟨Jf⟩=1.0e-04, ⟨B·n⟩=3.0e-03, Len=sum([2.4, 2.4, 2.4, 2.6, 2.6])=12.3, ϰ=[10.4, 8.8, 7.0, 10.2, 10.7], ∫ϰ²/L>=[16.5, 17.1, 13.1, 19.1, 20.3], C-C-Sep=0.08, ║∇J║=1.2e-04
Iteration 1519/2000-----
currents: [100000.0, 99999.99997617975, 99999.99997617796, 99999.99996956521, 99999.99997137302]
J=1.1e-04, ⟨Jf⟩=1.0e-04, ⟨B·n⟩=3.0e-03, Len=sum([2.4, 2.4, 2.4, 2.6, 2.6])=12.3, ϰ=[10.4, 8.8, 7.0, 10.2, 10.7], ∫ϰ²/L>=[16.5, 17.1, 13.1, 19.1, 20.3], C-C-Sep=0.08, ║∇J║=1.3e-04
Iteration 1520/2000-----
currents: [100000.0, 99999.9999761457, 99999.99997614481, 99999.9999695227, 99999.99997133286]
J=1.1e-04, ⟨Jf⟩=1.0e-04, ⟨B·n⟩=3.0e-03, Len=sum([2.4, 2.4, 2.4, 2.6, 2.6])=12.3, ϰ=[10.4, 8.8, 7.0, 10.2, 10.7], ∫ϰ²/L>=[16.5, 17.1, 13.1, 19.1, 20.3], C-C-Sep=0.08, ║∇J║=1.1e-04
Iteration 1521/2000-----
currents: [100000.0, 99999.99997605395, 99999.99997605546, 99999.99996940818, 99999.99997122466]
J=1.1e-04, ⟨Jf⟩=1.0e-04, ⟨B·n⟩=3.0e-03, Len=sum([2.4, 2.4, 2.4, 2.6, 2.6])=12.3, ϰ=[10.4, 8.8, 7.0, 10.2, 10.7], ∫ϰ²/L>=[16.5, 17.1, 13.1, 19.1, 20.3], C-C-Sep=0.08, ║∇J║=1.7e-04
Iteration 1522/2000-----
currents: [100000.0, 99999.99997597445, 99999.99997597809, 99999.99996930902, 99999.99997113094]
J=1.1e-04, ⟨Jf⟩=1.0e-04, ⟨B·n⟩=3.0e-03, Len=sum([2.4, 2.4, 2.4, 2.6, 2.6])=12.3, ϰ=[10.4, 8.8, 7.0, 10.2, 10.7], ∫ϰ²/L>=[16.5, 17.1, 13.1, 19.1, 20.3], C-C-Sep=0.08, ║∇J║=2.2e-04
Iteration 1523/2000-----
currents: [100000.0, 99999.99997598867, 99999.99997599199, 99999.9999693269, 99999.99997114773]
J=1.1e-04, ⟨Jf⟩=1.0e-04, ⟨B·n⟩=3.0e-03, Len=sum([2.4, 2.4, 2.4, 2.6, 2.6])=12.3, ϰ=[10.4, 8.8, 7.0, 10.2, 10.8], ∫ϰ²/L>=[16.5, 17.1, 13.1, 19.1, 20.3], C-C-Sep=0.08, ║∇J║=2.2e-04
Iteration 1524/2000-----
currents: [100000.0, 99999.99997595647, 99999.99997596059, 99999.99996928668, 99999.99997110979]
J=1.1e-04, ⟨Jf⟩=1.0e-04, ⟨B·n⟩=3.0e-03, Len=sum([2.4, 2.4, 2.4, 2.6, 2.6])=12.3, ϰ=[10.4, 8.8, 7.0, 10.2, 10.8], ∫ϰ²/L>=[16.5, 17.1, 13.1, 19.1, 20.3], C-C-Sep=0.08, ║∇J║=1.7e-04
Iteration 1525/2000-----
currents: [100000.0, 99999.99997593461, 99999.9999759393, 99999.99996925946, 99999.9999710841]
J=1.1e-04, ⟨Jf⟩=1.0e-04, ⟨B·n⟩=3.0e-03, Len=sum([2.4, 2.4, 2.4, 2.6, 2.6])=12.3, ϰ=[10.4, 8.8, 7.0, 10.2, 10.8], ∫ϰ²/L>=[16.5, 17.1, 13.1, 19.1, 20.3], C-C-Sep=0.08, ║∇J║=1.3e-04
Iteration 1526/2000-----
currents: [100000.0, 99999.99997589808, 99999.99997590373, 99999.999969214, 99999.99997104114]
J=1.1e-04, ⟨Jf⟩=1.0e-04, ⟨B·n⟩=3.0e-03, Len=sum([2.4, 2.4, 2.4, 2.6, 2.6])=12.3, ϰ=[10.4, 8.8, 7.0, 10.2, 10.8], ∫ϰ²/L>=[16.5, 17.1, 13.1, 19.1, 20.3], C-C-Sep=0.08, ║∇J║=1.2e-04
Iteration 1527/2000-----
currents: [100000.0, 99999.9999758393, 99999.99997584651, 99999.9999691409, 99999.99997097203]
J=1.1e-04, ⟨Jf⟩=1.0e-04, ⟨B·n⟩=3.0e-03, Len=sum([2.4, 2.4, 2.4, 2.6, 2.6])=12.3, ϰ=[10.4, 8.8, 7.0, 10.2, 10.8], ∫ϰ²/L>=[16.5, 17.1, 13.1, 19.1, 20.3], C-C-Sep=0.08, ║∇J║=1.8e-04
Iteration 1528/2000-----
currents: [100000.0, 99999.99997580945, 99999.99997581751, 99999.99996910382, 99999.99997093696]
J=1.1e-04, ⟨Jf⟩=1.0e-04, ⟨B·n⟩=3.0e-03, Len=sum([2.4, 2.4, 2.4, 2.6, 2.6])=12.3, ϰ=[10.4, 8.8, 7.0, 10.2, 10.8], ∫ϰ²/L>=[16.5, 17.2, 13.1, 19.1, 20.3], C-C-Sep=0.08, ║∇J║=1.7e-04
Iteration 1529/2000-----
currents: [100000.0, 99999.99997583251, 99999.99997584002, 99999.99996913267, 99999.99997096413]
J=1.1e-04, ⟨Jf⟩=1.0e-04, ⟨B·n⟩=3.0e-03, Len=sum([2.4, 2.4, 2.4, 2.6, 2.6])=12.3, ϰ=[10.4, 8.8, 7.0, 10.2, 10.8], ∫ϰ²/L>=[16.5, 17.2, 13.1, 19.1, 20.3], C-C-Sep=0.08, ║∇J║=1.6e-04
Iteration 1530/2000-----
currents: [100000.0, 99999.99997579385, 99999.99997580242, 99999.9999690845, 99999.99997091855]
J=1.1e-04, ⟨Jf⟩=1.0e-04, ⟨B·n⟩=3.0e-03, Len=sum([2.4, 2.4, 2.4, 2.6, 2.6])=12.3, ϰ=[10.4, 8.8, 7.0, 10.2, 10.8], ∫ϰ²/L>=[16.5, 17.2, 13.1, 19.1, 20.3], C-C-Sep=0.08, ║∇J║=2.2e-04
Iteration 1531/2000-----
currents: [100000.0, 99999.9999757903, 99999.99997579897, 99999.9999690801, 99999.99997091434]
J=1.1e-04, ⟨Jf⟩=1.0e-04, ⟨B·n⟩=3.0e-03, Len=sum([2.4, 2.4, 2.4, 2.6, 2.6])=12.3, ϰ=[10.4, 8.8, 7.0, 10.2, 10.8], ∫ϰ²/L>=[16.5, 17.2, 13.1, 19.1, 20.3], C-C-Sep=0.08, ║∇J║=1.6e-04
Iteration 1532/2000-----
currents: [100000.0, 99999.99997577413, 99999.9999757832, 99999.99996905995, 99999.99997089521]
J=1.1e-04, ⟨Jf⟩=1.0e-04, ⟨B·n⟩=3.0e-03, Len=sum([2.4, 2.4, 2.4, 2.6, 2.6])=12.3, ϰ=[10.4, 8.8, 7.0, 10.2, 10.8], ∫ϰ²/L>=[16.5, 17.2, 13.1, 19.1, 20.3], C-C-Sep=0.08, ║∇J║=1.4e-04
Iteration 1533/2000-----
currents: [100000.0, 99999.99997575824, 99999.99997576777, 99999.99996904022, 99999.99997087647]
J=1.1e-04, ⟨Jf⟩=1.0e-04, ⟨B·n⟩=3.0e-03, Len=sum([2.4, 2.4, 2.4, 2.6, 2.6])=12.3, ϰ=[10.4, 8.8, 7.0, 10.2, 10.8], ∫ϰ²/L>=[16.5, 17.2, 13.1, 19.1, 20.3], C-C-Sep=0.08, ║∇J║=1.4e-04
Iteration 1534/2000-----
currents: [100000.0, 99999.99997571415, 99999.99997572483, 99999.99996898527, 99999.99997082444]
J=1.1e-04, ⟨Jf⟩=1.0e-04, ⟨B·n⟩=3.0e-03, Len=sum([2.4, 2.4, 2.4, 2.6, 2.6])=12.3, ϰ=[10.4, 8.8, 7.0, 10.2, 10.8], ∫ϰ²/L>=[16.5, 17.2, 13.1, 19.1, 20.3], C-C-Sep=0.08, ║∇J║=1.8e-04
Iteration 1535/2000-----
currents: [100000.0, 99999.9999756439, 99999.99997565648, 99999.99996889786, 99999.99997074169]
J=1.1e-04, ⟨Jf⟩=1.0e-04, ⟨B·n⟩=3.0e-03, Len=sum([2.4, 2.4, 2.4, 2.6, 2.6])=12.3, ϰ=[10.4, 8.8, 7.0, 10.2, 10.8], ∫ϰ²/L>=[16.5, 17.2, 13.1, 19.1, 20.3], C-C-Sep=0.08, ║∇J║=1.7e-04
Iteration 1536/2000-----
currents: [100000.0, 99999.99997544345, 99999.9999754614, 99999.99996864834, 99999.99997050554]
J=1.1e-04, ⟨Jf⟩=1.0e-04, ⟨B·n⟩=3.0e-03, Len=sum([2.4, 2.4, 2.4, 2.6, 2.6])=12.3, ϰ=[10.4, 8.8, 7.0, 10.2, 10.8], ∫ϰ²/L>=[16.6, 17.2, 13.1, 19.2, 20.3], C-C-Sep=0.08, ║∇J║=3.6e-04
Iteration 1537/2000-----
currents: [100000.0, 99999.99997557719, 99999.99997559155, 99999.99996881481, 99999.99997066309]
J=1.1e-04, ⟨Jf⟩=1.0e-04, ⟨B·n⟩=3.0e-03, Len=sum([2.4, 2.4, 2.4, 2.6, 2.6])=12.3, ϰ=[10.4, 8.8, 7.0, 10.2, 10.8], ∫ϰ²/L>=[16.5, 17.2, 13.1, 19.1, 20.3], C-C-Sep=0.08, ║∇J║=2.0e-04
Iteration 1538/2000-----
currents: [100000.0, 99999.99997555418, 99999.9999755692, 99999.99996878633, 99999.99997063605]
J=1.1e-04, ⟨Jf⟩=1.0e-04, ⟨B·n⟩=3.0e-03, Len=sum([2.4, 2.4, 2.4, 2.6, 2.6])=12.3, ϰ=[10.4, 8.8, 7.0, 10.2, 10.8], ∫ϰ²/L>=[16.5, 17.2, 13.1, 19.1, 20.3], C-C-Sep=0.08, ║∇J║=2.6e-04
Iteration 1539/2000-----
currents: [100000.0, 99999.99997552986, 99999.99997554558, 99999.99996875618, 99999.99997060752]
J=1.1e-04, ⟨Jf⟩=1.0e-04, ⟨B·n⟩=3.0e-03, Len=sum([2.4, 2.4, 2.4, 2.6, 2.6])=12.3, ϰ=[10.4, 8.8, 7.0, 10.3, 10.8], ∫ϰ²/L>=[16.5, 17.2, 13.1, 19.1, 20.3], C-C-Sep=0.08, ║∇J║=2.0e-04
Iteration 1540/2000-----
currents: [100000.0, 99999.99997552906, 99999.99997554478, 99999.99996875515, 99999.99997060657]
J=1.1e-04, ⟨Jf⟩=1.0e-04, ⟨B·n⟩=3.0e-03, Len=sum([2.4, 2.4, 2.4, 2.6, 2.6])=12.3, ϰ=[10.4, 8.8, 7.0, 10.3, 10.8], ∫ϰ²/L>=[16.5, 17.2, 13.1, 19.1, 20.3], C-C-Sep=0.08, ║∇J║=1.6e-04
Iteration 1541/2000-----
currents: [100000.0, 99999.99997551655, 99999.9999755326, 99999.99996873955, 99999.99997059183]
J=1.1e-04, ⟨Jf⟩=1.0e-04, ⟨B·n⟩=3.0e-03, Len=sum([2.4, 2.4, 2.4, 2.6, 2.6])=12.3, ϰ=[10.4, 8.8, 7.0, 10.3, 10.7], ∫ϰ²/L>=[16.5, 17.2, 13.1, 19.1, 20.3], C-C-Sep=0.08, ║∇J║=1.6e-04
Iteration 1542/2000-----
currents: [100000.0, 99999.99997551882, 99999.99997553478, 99999.99996874246, 99999.99997059457]
J=1.1e-04, ⟨Jf⟩=1.0e-04, ⟨B·n⟩=3.0e-03, Len=sum([2.4, 2.4, 2.4, 2.6, 2.6])=12.3, ϰ=[10.4, 8.8, 7.0, 10.3, 10.7], ∫ϰ²/L>=[16.5, 17.2, 13.1, 19.1, 20.3], C-C-Sep=0.08, ║∇J║=1.6e-04
Iteration 1543/2000-----
currents: [100000.0, 99999.99997549357, 99999.99997551022, 99999.9999687111, 99999.99997056484]
J=1.1e-04, ⟨Jf⟩=1.0e-04, ⟨B·n⟩=3.0e-03, Len=sum([2.4, 2.4, 2.4, 2.6, 2.6])=12.3, ϰ=[10.4, 8.8, 7.0, 10.3, 10.7], ∫ϰ²/L>=[16.5, 17.2, 13.1, 19.1, 20.3], C-C-Sep=0.08, ║∇J║=1.5e-04
Iteration 1544/2000-----
currents: [100000.0, 99999.9999754956, 99999.99997551218, 99999.9999687136, 99999.99997056722]
J=1.1e-04, ⟨Jf⟩=1.0e-04, ⟨B·n⟩=3.0e-03, Len=sum([2.4, 2.4, 2.4, 2.6, 2.6])=12.3, ϰ=[10.4, 8.8, 7.0, 10.3, 10.7], ∫ϰ²/L>=[16.5, 17.2, 13.1, 19.1, 20.3], C-C-Sep=0.08, ║∇J║=1.2e-04
Iteration 1545/2000-----
currents: [100000.0, 99999.99997548087, 99999.99997549786, 99999.9999686953, 99999.9999705499]
J=1.1e-04, ⟨Jf⟩=1.0e-04, ⟨B·n⟩=3.0e-03, Len=sum([2.4, 2.4, 2.4, 2.6, 2.6])=12.3, ϰ=[10.4, 8.8, 7.0, 10.3, 10.7], ∫ϰ²/L>=[16.5, 17.2, 13.1, 19.1, 20.3], C-C-Sep=0.08, ║∇J║=1.1e-04
Iteration 1546/2000-----
currents: [100000.0, 99999.9999754856, 99999.99997550249, 99999.99996870122, 99999.99997055552]
J=1.1e-04, ⟨Jf⟩=1.0e-04, ⟨B·n⟩=3.0e-03, Len=sum([2.4, 2.4, 2.4, 2.6, 2.6])=12.3, ϰ=[10.4, 8.8, 7.0, 10.3, 10.7], ∫ϰ²/L>=[16.5, 17.2, 13.1, 19.1, 20.3], C-C-Sep=0.08, ║∇J║=1.2e-04
Iteration 1547/2000-----
currents: [100000.0, 99999.99997547071, 99999.99997548804, 99999.99996868269, 99999.99997053803]
J=1.1e-04, ⟨Jf⟩=1.0e-04, ⟨B·n⟩=3.0e-03, Len=sum([2.4, 2.4, 2.4, 2.6, 2.6])=12.3, ϰ=[10.4, 8.8, 7.0, 10.3, 10.7], ∫ϰ²/L>=[16.5, 17.2, 13.1, 19.1, 20.3], C-C-Sep=0.08, ║∇J║=1.3e-04
Iteration 1548/2000-----
currents: [100000.0, 99999.99997546578, 99999.99997548331, 99999.99996867658, 99999.99997053231]
J=1.1e-04, ⟨Jf⟩=1.0e-04, ⟨B·n⟩=3.0e-03, Len=sum([2.4, 2.4, 2.4, 2.6, 2.6])=12.3, ϰ=[10.4, 8.8, 7.0, 10.3, 10.7], ∫ϰ²/L>=[16.5, 17.2, 13.1, 19.1, 20.3], C-C-Sep=0.08, ║∇J║=1.4e-04
Iteration 1549/2000-----
currents: [100000.0, 99999.99997545072, 99999.9999754687, 99999.99996865782, 99999.99997051462]
J=1.1e-04, ⟨Jf⟩=1.0e-04, ⟨B·n⟩=3.0e-03, Len=sum([2.4, 2.4, 2.4, 2.6, 2.6])=12.3, ϰ=[10.4, 8.8, 7.0, 10.3, 10.7], ∫ϰ²/L>=[16.5, 17.2, 13.1, 19.1, 20.3], C-C-Sep=0.08, ║∇J║=1.3e-04
Iteration 1550/2000-----
currents: [100000.0, 99999.9999754429, 99999.99997546116, 99999.99996864813, 99999.9999705055]
J=1.1e-04, ⟨Jf⟩=1.0e-04, ⟨B·n⟩=3.0e-03, Len=sum([2.4, 2.4, 2.4, 2.5, 2.6])=12.3, ϰ=[10.4, 8.8, 7.0, 10.3, 10.7], ∫ϰ²/L>=[16.5, 17.2, 13.1, 19.1, 20.3], C-C-Sep=0.08, ║∇J║=1.2e-04
Iteration 1551/2000-----
currents: [100000.0, 99999.99997543509, 99999.99997545361, 99999.99996863845, 99999.99997049638]
J=1.1e-04, ⟨Jf⟩=1.0e-04, ⟨B·n⟩=3.0e-03, Len=sum([2.4, 2.4, 2.4, 2.6, 2.6])=12.3, ϰ=[10.4, 8.8, 7.0, 10.3, 10.7], ∫ϰ²/L>=[16.5, 17.2, 13.1, 19.1, 20.3], C-C-Sep=0.08, ║∇J║=1.2e-04
Iteration 1552/2000-----
currents: [100000.0, 99999.99997542246, 99999.9999754414, 99999.99996862283, 99999.99997048164]
J=1.1e-04, ⟨Jf⟩=1.0e-04, ⟨B·n⟩=3.0e-03, Len=sum([2.4, 2.4, 2.4, 2.5, 2.6])=12.3, ϰ=[10.4, 8.8, 7.0, 10.3, 10.7], ∫ϰ²/L>=[16.5, 17.2, 13.1, 19.1, 20.3], C-C-Sep=0.08, ║∇J║=1.2e-04
Iteration 1553/2000-----
currents: [100000.0, 99999.99997541253, 99999.99997543187, 99999.99996861063, 99999.99997047016]
J=1.1e-04, ⟨Jf⟩=1.0e-04, ⟨B·n⟩=3.0e-03, Len=sum([2.4, 2.4, 2.4, 2.5, 2.6])=12.3, ϰ=[10.4, 8.8, 7.0, 10.3, 10.7], ∫ϰ²/L>=[16.5, 17.2, 13.1, 19.1, 20.3], C-C-Sep=0.08, ║∇J║=1.4e-04
Iteration 1554/2000-----
currents: [100000.0, 99999.99997539865, 99999.99997541844, 99999.99996859349, 99999.99997045398]
J=1.1e-04, ⟨Jf⟩=1.0e-04, ⟨B·n⟩=3.0e-03, Len=sum([2.4, 2.4, 2.4, 2.5, 2.6])=12.3, ϰ=[10.4, 8.8, 6.9, 10.3, 10.7], ∫ϰ²/L>=[16.5, 17.2, 13.1, 19.1, 20.3], C-C-Sep=0.08, ║∇J║=1.5e-04
Iteration 1555/2000-----
currents: [100000.0, 99999.99997537714, 99999.99997539757, 99999.99996856683, 99999.9999704288]
J=1.1e-04, ⟨Jf⟩=1.0e-04, ⟨B·n⟩=3.0e-03, Len=sum([2.4, 2.4, 2.4, 2.5, 2.6])=12.3, ϰ=[10.4, 8.8, 6.9, 10.3, 10.8], ∫ϰ²/L>=[16.5, 17.2, 13.1, 19.1, 20.4], C-C-Sep=0.08, ║∇J║=1.2e-04
Iteration 1556/2000-----
currents: [100000.0, 99999.99997533823, 99999.9999753598, 99999.99996851853, 99999.99997038313]
J=1.1e-04, ⟨Jf⟩=1.0e-04, ⟨B·n⟩=3.0e-03, Len=sum([2.4, 2.4, 2.4, 2.5, 2.6])=12.3, ϰ=[10.4, 8.8, 6.9, 10.3, 10.8], ∫ϰ²/L>=[16.5, 17.2, 13.1, 19.1, 20.4], C-C-Sep=0.08, ║∇J║=1.2e-04
Iteration 1557/2000-----
currents: [100000.0, 99999.99997529182, 99999.99997531473, 99999.99996846096, 99999.99997032867]
J=1.1e-04, ⟨Jf⟩=1.0e-04, ⟨B·n⟩=3.0e-03, Len=sum([2.4, 2.4, 2.4, 2.5, 2.6])=12.3, ϰ=[10.4, 8.8, 6.9, 10.3, 10.8], ∫ϰ²/L>=[16.5, 17.2, 13.1, 19.1, 20.4], C-C-Sep=0.08, ║∇J║=1.5e-04
Iteration 1558/2000-----
currents: [100000.0, 99999.99997523193, 99999.99997525658, 99999.99996838662, 99999.99997025834]
J=1.1e-04, ⟨Jf⟩=1.0e-04, ⟨B·n⟩=3.0e-03, Len=sum([2.4, 2.4, 2.4, 2.5, 2.6])=12.3, ϰ=[10.4, 8.8, 6.9, 10.3, 10.8], ∫ϰ²/L>=[16.5, 17.2, 13.1, 19.1, 20.4], C-C-Sep=0.08, ║∇J║=1.4e-04
Iteration 1559/2000-----
currents: [100000.0, 99999.99997506809, 99999.99997509755, 99999.99996818336, 99999.99997006604]
J=1.1e-04, ⟨Jf⟩=1.0e-04, ⟨B·n⟩=3.0e-03, Len=sum([2.4, 2.4, 2.4, 2.5, 2.6])=12.3, ϰ=[10.5, 8.8, 6.9, 10.3, 10.7], ∫ϰ²/L>=[16.5, 17.2, 13.1, 19.1, 20.4], C-C-Sep=0.08, ║∇J║=2.9e-04
Iteration 1560/2000-----
currents: [100000.0, 99999.99997514949, 99999.99997517657, 99999.99996828436, 99999.99997016159]
J=1.1e-04, ⟨Jf⟩=1.0e-04, ⟨B·n⟩=3.0e-03, Len=sum([2.4, 2.4, 2.4, 2.5, 2.6])=12.3, ϰ=[10.4, 8.8, 6.9, 10.3, 10.8], ∫ϰ²/L>=[16.5, 17.2, 13.1, 19.1, 20.4], C-C-Sep=0.08, ║∇J║=1.8e-04
Iteration 1561/2000-----
currents: [100000.0, 99999.99997510586, 99999.99997513433, 99999.99996823039, 99999.99997011045]
J=1.1e-04, ⟨Jf⟩=1.0e-04, ⟨B·n⟩=3.0e-03, Len=sum([2.4, 2.4, 2.4, 2.5, 2.6])=12.3, ϰ=[10.4, 8.8, 6.9, 10.3, 10.7], ∫ϰ²/L>=[16.5, 17.2, 13.1, 19.1, 20.4], C-C-Sep=0.08, ║∇J║=2.0e-04
Iteration 1562/2000-----
currents: [100000.0, 99999.9999750664, 99999.9999750961, 99999.99996818163, 99999.99997006428]
J=1.1e-04, ⟨Jf⟩=1.0e-04, ⟨B·n⟩=3.0e-03, Len=sum([2.4, 2.4, 2.4, 2.5, 2.6])=12.3, ϰ=[10.4, 8.8, 7.0, 10.3, 10.8], ∫ϰ²/L>=[16.5, 17.2, 13.1, 19.1, 20.4], C-C-Sep=0.08, ║∇J║=1.8e-04
Iteration 1563/2000-----
currents: [100000.0, 99999.99997507526, 99999.99997510477, 99999.99996819271, 99999.99997007477]
J=1.1e-04, ⟨Jf⟩=1.0e-04, ⟨B·n⟩=3.0e-03, Len=sum([2.4, 2.4, 2.4, 2.5, 2.6])=12.3, ϰ=[10.4, 8.8, 7.0, 10.3, 10.8], ∫ϰ²/L>=[16.5, 17.2, 13.1, 19.1, 20.4], C-C-Sep=0.08, ║∇J║=1.5e-04
Iteration 1564/2000-----
currents: [100000.0, 99999.99997501147, 99999.99997504284, 99999.99996811355, 99999.99996999995]
J=1.1e-04, ⟨Jf⟩=1.0e-04, ⟨B·n⟩=3.0e-03, Len=sum([2.4, 2.4, 2.4, 2.5, 2.6])=12.3, ϰ=[10.4, 8.8, 7.0, 10.3, 10.8], ∫ϰ²/L>=[16.5, 17.2, 13.1, 19.1, 20.4], C-C-Sep=0.08, ║∇J║=1.8e-04
Iteration 1565/2000-----
currents: [100000.0, 99999.99997502501, 99999.99997505602, 99999.99996813043, 99999.99997001594]
J=1.1e-04, ⟨Jf⟩=1.0e-04, ⟨B·n⟩=3.0e-03, Len=sum([2.4, 2.4, 2.4, 2.5, 2.6])=12.3, ϰ=[10.4, 8.8, 7.0, 10.3, 10.8], ∫ϰ²/L>=[16.5, 17.2, 13.1, 19.1, 20.4], C-C-Sep=0.08, ║∇J║=1.6e-04
Iteration 1566/2000-----
currents: [100000.0, 99999.99997500457, 99999.99997503622, 99999.99996810514, 99999.99996999203]
J=1.1e-04, ⟨Jf⟩=1.0e-04, ⟨B·n⟩=3.0e-03, Len=sum([2.4, 2.4, 2.4, 2.5, 2.6])=12.3, ϰ=[10.4, 8.8, 7.0, 10.3, 10.8], ∫ϰ²/L>=[16.5, 17.2, 13.1, 19.1, 20.4], C-C-Sep=0.08, ║∇J║=1.5e-04
Iteration 1567/2000-----
currents: [100000.0, 99999.99997497837, 99999.99997501088, 99999.99996807276, 99999.99996996144]
J=1.1e-04, ⟨Jf⟩=1.0e-04, ⟨B·n⟩=3.0e-03, Len=sum([2.4, 2.4, 2.4, 2.5, 2.6])=12.3, ϰ=[10.4, 8.8, 6.9, 10.3, 10.7], ∫ϰ²/L>=[16.5, 17.2, 13.1, 19.1, 20.4], C-C-Sep=0.08, ║∇J║=1.3e-04
Iteration 1568/2000-----
currents: [100000.0, 99999.99997493502, 99999.99997496892, 99999.9999680191, 99999.99996991074]
J=1.1e-04, ⟨Jf⟩=1.0e-04, ⟨B·n⟩=3.0e-03, Len=sum([2.4, 2.4, 2.4, 2.5, 2.6])=12.3, ϰ=[10.4, 8.8, 6.9, 10.3, 10.7], ∫ϰ²/L>=[16.5, 17.2, 13.1, 19.1, 20.4], C-C-Sep=0.08, ║∇J║=1.5e-04
Iteration 1569/2000-----
currents: [100000.0, 99999.99997483414, 99999.9999748712, 99999.99996789412, 99999.99996979263]
J=1.1e-04, ⟨Jf⟩=1.0e-04, ⟨B·n⟩=3.0e-03, Len=sum([2.4, 2.4, 2.4, 2.5, 2.6])=12.3, ϰ=[10.4, 8.9, 6.9, 10.3, 10.7], ∫ϰ²/L>=[16.5, 17.2, 13.1, 19.1, 20.4], C-C-Sep=0.08, ║∇J║=1.9e-04
Iteration 1570/2000-----
currents: [100000.0, 99999.999974816, 99999.9999748537, 99999.99996787179, 99999.99996977148]
J=1.1e-04, ⟨Jf⟩=1.0e-04, ⟨B·n⟩=3.0e-03, Len=sum([2.4, 2.4, 2.4, 2.5, 2.6])=12.3, ϰ=[10.4, 8.9, 6.9, 10.3, 10.7], ∫ϰ²/L>=[16.5, 17.2, 13.1, 19.1, 20.4], C-C-Sep=0.08, ║∇J║=2.0e-04
Iteration 1571/2000-----
currents: [100000.0, 99999.99997477376, 99999.99997481283, 99999.99996781957, 99999.99996972205]
J=1.1e-04, ⟨Jf⟩=1.0e-04, ⟨B·n⟩=3.0e-03, Len=sum([2.4, 2.4, 2.4, 2.5, 2.6])=12.3, ϰ=[10.4, 8.9, 6.9, 10.3, 10.7], ∫ϰ²/L>=[16.5, 17.3, 13.1, 19.1, 20.4], C-C-Sep=0.08, ║∇J║=1.8e-04
Iteration 1572/2000-----
currents: [100000.0, 99999.99997473597, 99999.99997477628, 99999.99996777289, 99999.99996967782]
J=1.1e-04, ⟨Jf⟩=1.0e-04, ⟨B·n⟩=3.0e-03, Len=sum([2.4, 2.4, 2.4, 2.5, 2.6])=12.3, ϰ=[10.4, 8.9, 6.9, 10.3, 10.7], ∫ϰ²/L>=[16.5, 17.2, 13.1, 19.1, 20.4], C-C-Sep=0.08, ║∇J║=2.0e-04
Iteration 1573/2000-----
currents: [100000.0, 99999.99997463333, 99999.99997467683, 99999.9999676458, 99999.9999695576]
J=1.1e-04, ⟨Jf⟩=1.0e-04, ⟨B·n⟩=3.0e-03, Len=sum([2.4, 2.4, 2.4, 2.5, 2.6])=12.3, ϰ=[10.5, 8.9, 6.9, 10.3, 10.7], ∫ϰ²/L>=[16.5, 17.3, 13.1, 19.1, 20.5], C-C-Sep=0.08, ║∇J║=2.2e-04
Iteration 1574/2000-----
currents: [100000.0, 99999.99997468504, 99999.99997472693, 99999.99996770982, 99999.99996961816]
J=1.1e-04, ⟨Jf⟩=1.0e-04, ⟨B·n⟩=3.0e-03, Len=sum([2.4, 2.4, 2.4, 2.5, 2.6])=12.3, ϰ=[10.4, 8.9, 6.9, 10.3, 10.7], ∫ϰ²/L>=[16.5, 17.2, 13.1, 19.1, 20.5], C-C-Sep=0.08, ║∇J║=1.8e-04
Iteration 1575/2000-----
currents: [100000.0, 99999.999974678, 99999.99997472008, 99999.99996770103, 99999.99996960987]
J=1.1e-04, ⟨Jf⟩=1.0e-04, ⟨B·n⟩=3.0e-03, Len=sum([2.4, 2.4, 2.4, 2.5, 2.6])=12.3, ϰ=[10.4, 8.9, 6.9, 10.3, 10.7], ∫ϰ²/L>=[16.5, 17.2, 13.1, 19.1, 20.5], C-C-Sep=0.08, ║∇J║=3.3e-04
Iteration 1576/2000-----
currents: [100000.0, 99999.99997464556, 99999.99997468863, 99999.99996766086, 99999.99996957186]
J=1.1e-04, ⟨Jf⟩=1.0e-04, ⟨B·n⟩=3.0e-03, Len=sum([2.4, 2.4, 2.4, 2.5, 2.6])=12.3, ϰ=[10.4, 8.8, 6.9, 10.3, 10.7], ∫ϰ²/L>=[16.5, 17.2, 13.1, 19.1, 20.5], C-C-Sep=0.08, ║∇J║=2.0e-04
Iteration 1577/2000-----
currents: [100000.0, 99999.999974667, 99999.9999747094, 99999.9999676874, 99999.99996959699]
J=1.1e-04, ⟨Jf⟩=1.0e-04, ⟨B·n⟩=3.0e-03, Len=sum([2.4, 2.4, 2.4, 2.5, 2.6])=12.3, ϰ=[10.5, 8.8, 6.9, 10.3, 10.7], ∫ϰ²/L>=[16.5, 17.2, 13.1, 19.1, 20.5], C-C-Sep=0.08, ║∇J║=1.7e-04
Iteration 1578/2000-----
currents: [100000.0, 99999.99997465215, 99999.99997469502, 99999.999967669, 99999.99996957963]
J=1.1e-04, ⟨Jf⟩=1.0e-04, ⟨B·n⟩=3.0e-03, Len=sum([2.4, 2.4, 2.4, 2.5, 2.6])=12.3, ϰ=[10.5, 8.8, 6.9, 10.3, 10.7], ∫ϰ²/L>=[16.5, 17.2, 13.1, 19.1, 20.5], C-C-Sep=0.08, ║∇J║=1.5e-04
Iteration 1579/2000-----
currents: [100000.0, 99999.99997464278, 99999.99997468594, 99999.99996765732, 99999.99996956871]
J=1.1e-04, ⟨Jf⟩=1.0e-04, ⟨B·n⟩=3.0e-03, Len=sum([2.4, 2.4, 2.4, 2.5, 2.6])=12.3, ϰ=[10.5, 8.8, 6.9, 10.3, 10.7], ∫ϰ²/L>=[16.5, 17.2, 13.1, 19.1, 20.4], C-C-Sep=0.08, ║∇J║=1.5e-04
Iteration 1580/2000-----
currents: [100000.0, 99999.99997460435, 99999.99997464866, 99999.99996760963, 99999.99996952372]
J=1.1e-04, ⟨Jf⟩=1.0e-04, ⟨B·n⟩=3.0e-03, Len=sum([2.4, 2.4, 2.4, 2.5, 2.6])=12.3, ϰ=[10.4, 8.8, 6.9, 10.3, 10.7], ∫ϰ²/L>=[16.5, 17.2, 13.1, 19.1, 20.4], C-C-Sep=0.08, ║∇J║=1.6e-04
Iteration 1581/2000-----
currents: [100000.0, 99999.99997461356, 99999.9999746576, 99999.99996762101, 99999.99996953458]
J=1.1e-04, ⟨Jf⟩=1.0e-04, ⟨B·n⟩=3.0e-03, Len=sum([2.4, 2.4, 2.4, 2.5, 2.6])=12.3, ϰ=[10.4, 8.8, 6.9, 10.4, 10.7], ∫ϰ²/L>=[16.4, 17.2, 13.1, 19.1, 20.4], C-C-Sep=0.08, ║∇J║=1.5e-04
Iteration 1582/2000-----
currents: [100000.0, 99999.99997460248, 99999.99997464691, 99999.9999676073, 99999.99996952174]
J=1.1e-04, ⟨Jf⟩=1.0e-04, ⟨B·n⟩=3.0e-03, Len=sum([2.4, 2.4, 2.4, 2.5, 2.6])=12.3, ϰ=[10.4, 8.8, 6.9, 10.4, 10.7], ∫ϰ²/L>=[16.4, 17.2, 13.1, 19.1, 20.4], C-C-Sep=0.08, ║∇J║=1.6e-04
Iteration 1583/2000-----
currents: [100000.0, 99999.99997460553, 99999.99997464987, 99999.99996761107, 99999.99996952535]
J=1.1e-04, ⟨Jf⟩=1.0e-04, ⟨B·n⟩=3.0e-03, Len=sum([2.4, 2.4, 2.4, 2.5, 2.6])=12.3, ϰ=[10.4, 8.9, 6.9, 10.4, 10.7], ∫ϰ²/L>=[16.4, 17.2, 13.1, 19.1, 20.4], C-C-Sep=0.08, ║∇J║=1.4e-04
Iteration 1584/2000-----
currents: [100000.0, 99999.99997460199, 99999.99997464646, 99999.99996760672, 99999.99996952126]
J=1.1e-04, ⟨Jf⟩=1.0e-04, ⟨B·n⟩=3.0e-03, Len=sum([2.4, 2.4, 2.4, 2.5, 2.6])=12.3, ϰ=[10.4, 8.9, 6.9, 10.4, 10.7], ∫ϰ²/L>=[16.4, 17.2, 13.1, 19.1, 20.4], C-C-Sep=0.08, ║∇J║=1.3e-04
Iteration 1585/2000-----
currents: [100000.0, 99999.99997458856, 99999.99997463347, 99999.9999675901, 99999.99996950557]
J=1.1e-04, ⟨Jf⟩=1.0e-04, ⟨B·n⟩=3.0e-03, Len=sum([2.4, 2.4, 2.4, 2.5, 2.6])=12.3, ϰ=[10.4, 8.9, 6.9, 10.4, 10.7], ∫ϰ²/L>=[16.4, 17.2, 13.1, 19.1, 20.4], C-C-Sep=0.08, ║∇J║=1.4e-04
Iteration 1586/2000-----
currents: [100000.0, 99999.99997457373, 99999.99997461915, 99999.99996757178, 99999.9999694883]
J=1.1e-04, ⟨Jf⟩=1.0e-04, ⟨B·n⟩=3.0e-03, Len=sum([2.4, 2.4, 2.4, 2.5, 2.6])=12.3, ϰ=[10.4, 8.8, 6.9, 10.4, 10.7], ∫ϰ²/L>=[16.4, 17.2, 13.1, 19.1, 20.4], C-C-Sep=0.08, ║∇J║=1.3e-04
Iteration 1587/2000-----
currents: [100000.0, 99999.9999745495, 99999.9999745957, 99999.9999675418, 99999.99996946001]
J=1.1e-04, ⟨Jf⟩=1.0e-04, ⟨B·n⟩=3.0e-03, Len=sum([2.4, 2.4, 2.4, 2.5, 2.6])=12.3, ϰ=[10.4, 8.9, 6.9, 10.4, 10.7], ∫ϰ²/L>=[16.4, 17.2, 13.1, 19.1, 20.4], C-C-Sep=0.08, ║∇J║=1.3e-04
Iteration 1588/2000-----
currents: [100000.0, 99999.9999745132, 99999.99997456057, 99999.99996749686, 99999.99996941764]
J=1.1e-04, ⟨Jf⟩=1.0e-04, ⟨B·n⟩=3.0e-03, Len=sum([2.4, 2.4, 2.4, 2.5, 2.6])=12.3, ϰ=[10.4, 8.9, 6.9, 10.3, 10.7], ∫ϰ²/L>=[16.4, 17.2, 13.1, 19.1, 20.4], C-C-Sep=0.08, ║∇J║=1.4e-04
Iteration 1589/2000-----
currents: [100000.0, 99999.9999744537, 99999.99997450298, 99999.99996742321, 99999.99996934812]
J=1.1e-04, ⟨Jf⟩=1.0e-04, ⟨B·n⟩=3.0e-03, Len=sum([2.4, 2.4, 2.4, 2.5, 2.6])=12.3, ϰ=[10.4, 8.9, 6.9, 10.3, 10.8], ∫ϰ²/L>=[16.4, 17.2, 13.1, 19.1, 20.5], C-C-Sep=0.08, ║∇J║=1.8e-04
Iteration 1590/2000-----
currents: [100000.0, 99999.999974423, 99999.99997447322, 99999.99996738521, 99999.99996931227]
J=1.1e-04, ⟨Jf⟩=1.0e-04, ⟨B·n⟩=3.0e-03, Len=sum([2.4, 2.4, 2.4, 2.5, 2.6])=12.3, ϰ=[10.4, 8.9, 6.9, 10.3, 10.8], ∫ϰ²/L>=[16.4, 17.2, 13.1, 19.1, 20.5], C-C-Sep=0.08, ║∇J║=1.5e-04
Iteration 1591/2000-----
currents: [100000.0, 99999.99997436405, 99999.99997441609, 99999.99996731227, 99999.99996924336]
J=1.1e-04, ⟨Jf⟩=1.0e-04, ⟨B·n⟩=3.0e-03, Len=sum([2.4, 2.4, 2.4, 2.5, 2.6])=12.3, ϰ=[10.4, 8.9, 6.9, 10.3, 10.8], ∫ϰ²/L>=[16.4, 17.2, 13.1, 19.1, 20.5], C-C-Sep=0.08, ║∇J║=1.6e-04
Iteration 1592/2000-----
currents: [100000.0, 99999.99997427041, 99999.9999743254, 99999.99996719645, 99999.9999691339]
J=1.1e-04, ⟨Jf⟩=1.0e-04, ⟨B·n⟩=3.0e-03, Len=sum([2.4, 2.4, 2.4, 2.5, 2.6])=12.3, ϰ=[10.4, 8.9, 6.9, 10.3, 10.8], ∫ϰ²/L>=[16.4, 17.2, 13.1, 19.1, 20.5], C-C-Sep=0.08, ║∇J║=2.3e-04
Iteration 1593/2000-----
currents: [100000.0, 99999.99997417067, 99999.9999742288, 99999.9999670731, 99999.99996901728]
J=1.1e-04, ⟨Jf⟩=1.0e-04, ⟨B·n⟩=3.0e-03, Len=sum([2.4, 2.4, 2.4, 2.5, 2.6])=12.3, ϰ=[10.4, 8.9, 6.9, 10.4, 10.8], ∫ϰ²/L>=[16.4, 17.3, 13.1, 19.1, 20.5], C-C-Sep=0.08, ║∇J║=2.4e-04
Iteration 1594/2000-----
currents: [100000.0, 99999.99997419058, 99999.99997424807, 99999.99996709781, 99999.99996904054]
J=1.1e-04, ⟨Jf⟩=1.0e-04, ⟨B·n⟩=3.0e-03, Len=sum([2.4, 2.4, 2.4, 2.5, 2.6])=12.3, ϰ=[10.4, 8.9, 6.9, 10.4, 10.8], ∫ϰ²/L>=[16.4, 17.2, 13.1, 19.1, 20.5], C-C-Sep=0.08, ║∇J║=2.9e-04
Iteration 1595/2000-----
currents: [100000.0, 99999.99997412307, 99999.99997418268, 99999.99996701427, 99999.99996896158]
J=1.1e-04, ⟨Jf⟩=1.0e-04, ⟨B·n⟩=3.0e-03, Len=sum([2.4, 2.4, 2.4, 2.5, 2.6])=12.3, ϰ=[10.4, 8.9, 6.9, 10.4, 10.8], ∫ϰ²/L>=[16.4, 17.3, 13.1, 19.1, 20.5], C-C-Sep=0.08, ║∇J║=2.3e-04
Iteration 1596/2000-----
currents: [100000.0, 99999.99997412087, 99999.99997418052, 99999.99996701152, 99999.99996895896]
J=1.1e-04, ⟨Jf⟩=1.0e-04, ⟨B·n⟩=3.0e-03, Len=sum([2.4, 2.4, 2.4, 2.5, 2.6])=12.3, ϰ=[10.4, 8.9, 6.9, 10.4, 10.8], ∫ϰ²/L>=[16.4, 17.3, 13.1, 19.1, 20.5], C-C-Sep=0.08, ║∇J║=2.0e-04
Iteration 1597/2000-----
currents: [100000.0, 99999.99997409183, 99999.9999741524, 99999.99996697559, 99999.99996892497]
J=1.1e-04, ⟨Jf⟩=1.0e-04, ⟨B·n⟩=3.0e-03, Len=sum([2.4, 2.4, 2.4, 2.5, 2.6])=12.3, ϰ=[10.4, 8.9, 6.9, 10.4, 10.8], ∫ϰ²/L>=[16.4, 17.3, 13.1, 19.1, 20.5], C-C-Sep=0.08, ║∇J║=1.6e-04
Iteration 1598/2000-----
currents: [100000.0, 99999.99997404331, 99999.99997410535, 99999.99996691558, 99999.99996886817]
J=1.1e-04, ⟨Jf⟩=1.0e-04, ⟨B·n⟩=3.0e-03, Len=sum([2.4, 2.4, 2.4, 2.5, 2.6])=12.3, ϰ=[10.4, 8.9, 6.9, 10.4, 10.8], ∫ϰ²/L>=[16.4, 17.3, 13.1, 19.2, 20.5], C-C-Sep=0.08, ║∇J║=1.9e-04
Iteration 1599/2000-----
currents: [100000.0, 99999.99997399948, 99999.99997406284, 99999.99996686127, 99999.99996881683]
J=1.1e-04, ⟨Jf⟩=1.0e-04, ⟨B·n⟩=3.0e-03, Len=sum([2.4, 2.4, 2.4, 2.5, 2.6])=12.3, ϰ=[10.4, 8.9, 6.9, 10.4, 10.8], ∫ϰ²/L>=[16.4, 17.3, 13.1, 19.2, 20.5], C-C-Sep=0.08, ║∇J║=1.9e-04
Iteration 1600/2000-----
currents: [100000.0, 99999.99997398611, 99999.99997404986, 99999.99996684468, 99999.99996880117]
J=1.1e-04, ⟨Jf⟩=1.0e-04, ⟨B·n⟩=3.0e-03, Len=sum([2.4, 2.4, 2.4, 2.5, 2.6])=12.3, ϰ=[10.4, 8.9, 6.9, 10.4, 10.8], ∫ϰ²/L>=[16.4, 17.3, 13.1, 19.2, 20.5], C-C-Sep=0.08, ║∇J║=1.5e-04
Iteration 1601/2000-----
currents: [100000.0, 99999.99997396313, 99999.99997402757, 99999.99996681622, 99999.9999687743]
J=1.1e-04, ⟨Jf⟩=1.0e-04, ⟨B·n⟩=3.0e-03, Len=sum([2.4, 2.4, 2.4, 2.5, 2.6])=12.3, ϰ=[10.4, 8.9, 6.9, 10.4, 10.8], ∫ϰ²/L>=[16.4, 17.3, 13.1, 19.2, 20.5], C-C-Sep=0.08, ║∇J║=1.5e-04
Iteration 1602/2000-----
currents: [100000.0, 99999.99997396182, 99999.99997402627, 99999.99996681453, 99999.99996877271]
J=1.1e-04, ⟨Jf⟩=1.0e-04, ⟨B·n⟩=3.0e-03, Len=sum([2.4, 2.4, 2.4, 2.5, 2.6])=12.3, ϰ=[10.4, 8.9, 6.9, 10.5, 10.8], ∫ϰ²/L>=[16.4, 17.3, 13.1, 19.2, 20.5], C-C-Sep=0.08, ║∇J║=1.8e-04
Iteration 1603/2000-----
currents: [100000.0, 99999.99997392464, 99999.99997399023, 99999.99996676845, 99999.99996872916]
J=1.1e-04, ⟨Jf⟩=1.0e-04, ⟨B·n⟩=3.0e-03, Len=sum([2.4, 2.4, 2.4, 2.5, 2.6])=12.3, ϰ=[10.4, 8.9, 6.9, 10.5, 10.8], ∫ϰ²/L>=[16.4, 17.3, 13.1, 19.2, 20.5], C-C-Sep=0.08, ║∇J║=1.8e-04
Iteration 1604/2000-----
currents: [100000.0, 99999.99997389787, 99999.99997396427, 99999.99996673533, 99999.9999686978]
J=1.1e-04, ⟨Jf⟩=1.0e-04, ⟨B·n⟩=3.0e-03, Len=sum([2.4, 2.4, 2.4, 2.5, 2.6])=12.3, ϰ=[10.4, 8.9, 6.9, 10.5, 10.8], ∫ϰ²/L>=[16.4, 17.3, 13.1, 19.2, 20.5], C-C-Sep=0.08, ║∇J║=1.7e-04
Iteration 1605/2000-----
currents: [100000.0, 99999.99997385357, 99999.99997392134, 99999.99996668048, 99999.99996864596]
J=1.1e-04, ⟨Jf⟩=1.0e-04, ⟨B·n⟩=3.0e-03, Len=sum([2.4, 2.4, 2.4, 2.5, 2.6])=12.3, ϰ=[10.4, 8.9, 6.9, 10.5, 10.8], ∫ϰ²/L>=[16.4, 17.3, 13.1, 19.2, 20.5], C-C-Sep=0.08, ║∇J║=1.7e-04
Iteration 1606/2000-----
currents: [100000.0, 99999.99997386814, 99999.99997393542, 99999.99996669851, 99999.99996866297]
J=1.1e-04, ⟨Jf⟩=1.0e-04, ⟨B·n⟩=3.0e-03, Len=sum([2.4, 2.4, 2.4, 2.5, 2.6])=12.3, ϰ=[10.4, 8.9, 6.9, 10.5, 10.9], ∫ϰ²/L>=[16.4, 17.3, 13.1, 19.2, 20.5], C-C-Sep=0.08, ║∇J║=1.6e-04
Iteration 1607/2000-----
currents: [100000.0, 99999.99997384592, 99999.99997391384, 99999.99996667099, 99999.999968637]
J=1.1e-04, ⟨Jf⟩=1.0e-04, ⟨B·n⟩=3.0e-03, Len=sum([2.4, 2.4, 2.4, 2.5, 2.6])=12.3, ϰ=[10.4, 8.9, 6.9, 10.5, 10.8], ∫ϰ²/L>=[16.4, 17.3, 13.1, 19.2, 20.4], C-C-Sep=0.08, ║∇J║=1.9e-04
Iteration 1608/2000-----
currents: [100000.0, 99999.99997385102, 99999.9999739188, 99999.99996667732, 99999.99996864298]
J=1.1e-04, ⟨Jf⟩=1.0e-04, ⟨B·n⟩=3.0e-03, Len=sum([2.4, 2.4, 2.4, 2.5, 2.6])=12.3, ϰ=[10.4, 8.9, 6.9, 10.5, 10.9], ∫ϰ²/L>=[16.4, 17.3, 13.1, 19.2, 20.4], C-C-Sep=0.08, ║∇J║=1.4e-04
Iteration 1609/2000-----
currents: [100000.0, 99999.99997384305, 99999.99997391106, 99999.99996666738, 99999.99996863361]
J=1.1e-04, ⟨Jf⟩=1.0e-04, ⟨B·n⟩=3.0e-03, Len=sum([2.4, 2.4, 2.4, 2.5, 2.6])=12.3, ϰ=[10.4, 8.9, 6.9, 10.5, 10.9], ∫ϰ²/L>=[16.4, 17.3, 13.1, 19.2, 20.4], C-C-Sep=0.08, ║∇J║=1.4e-04
Iteration 1610/2000-----
currents: [100000.0, 99999.99997383074, 99999.99997389912, 99999.99996665206, 99999.99996861916]
J=1.1e-04, ⟨Jf⟩=1.0e-04, ⟨B·n⟩=3.0e-03, Len=sum([2.4, 2.4, 2.4, 2.5, 2.6])=12.3, ϰ=[10.4, 8.9, 6.9, 10.4, 10.9], ∫ϰ²/L>=[16.4, 17.3, 13.1, 19.2, 20.4], C-C-Sep=0.08, ║∇J║=1.4e-04
Iteration 1611/2000-----
currents: [100000.0, 99999.99997379766, 99999.99997386703, 99999.99996661104, 99999.99996858039]
J=1.1e-04, ⟨Jf⟩=1.0e-04, ⟨B·n⟩=3.0e-03, Len=sum([2.4, 2.4, 2.4, 2.5, 2.6])=12.3, ϰ=[10.4, 8.9, 6.9, 10.4, 10.9], ∫ϰ²/L>=[16.4, 17.3, 13.1, 19.2, 20.4], C-C-Sep=0.08, ║∇J║=1.4e-04
Iteration 1612/2000-----
currents: [100000.0, 99999.9999737524, 99999.99997382321, 99999.99996655494, 99999.9999685274]
J=1.1e-04, ⟨Jf⟩=1.0e-04, ⟨B·n⟩=3.0e-03, Len=sum([2.4, 2.4, 2.4, 2.5, 2.6])=12.3, ϰ=[10.4, 8.9, 6.9, 10.4, 10.9], ∫ϰ²/L>=[16.4, 17.3, 13.1, 19.2, 20.4], C-C-Sep=0.08, ║∇J║=1.9e-04
Iteration 1613/2000-----
currents: [100000.0, 99999.99997371258, 99999.99997378468, 99999.99996650567, 99999.9999684808]
J=1.1e-04, ⟨Jf⟩=1.0e-04, ⟨B·n⟩=3.0e-03, Len=sum([2.4, 2.4, 2.4, 2.5, 2.6])=12.3, ϰ=[10.4, 8.9, 6.9, 10.4, 10.9], ∫ϰ²/L>=[16.4, 17.3, 13.1, 19.2, 20.4], C-C-Sep=0.08, ║∇J║=1.6e-04
Iteration 1614/2000-----
currents: [100000.0, 99999.99997361182, 99999.99997368718, 99999.99996638102, 99999.99996836299]
J=1.1e-04, ⟨Jf⟩=1.0e-04, ⟨B·n⟩=3.0e-03, Len=sum([2.4, 2.4, 2.4, 2.5, 2.6])=12.3, ϰ=[10.4, 8.9, 6.9, 10.5, 10.9], ∫ϰ²/L>=[16.4, 17.3, 13.1, 19.2, 20.4], C-C-Sep=0.08, ║∇J║=2.2e-04
Iteration 1615/2000-----
currents: [100000.0, 99999.99997349143, 99999.99997357074, 99999.9999662322, 99999.9999682223]
J=1.1e-04, ⟨Jf⟩=1.0e-04, ⟨B·n⟩=3.0e-03, Len=sum([2.4, 2.4, 2.4, 2.5, 2.6])=12.3, ϰ=[10.4, 8.9, 6.9, 10.5, 10.9], ∫ϰ²/L>=[16.4, 17.3, 13.1, 19.2, 20.4], C-C-Sep=0.08, ║∇J║=3.0e-04
Iteration 1616/2000-----
currents: [100000.0, 99999.99997353822, 99999.99997361614, 99999.9999662902, 99999.99996827713]
J=1.1e-04, ⟨Jf⟩=1.0e-04, ⟨B·n⟩=3.0e-03, Len=sum([2.4, 2.4, 2.4, 2.5, 2.6])=12.3, ϰ=[10.4, 8.9, 6.9, 10.5, 10.9], ∫ϰ²/L>=[16.4, 17.3, 13.1, 19.2, 20.4], C-C-Sep=0.08, ║∇J║=2.5e-04
Iteration 1617/2000-----
currents: [100000.0, 99999.9999735067, 99999.99997358558, 99999.99996625123, 99999.99996824018]
J=1.1e-04, ⟨Jf⟩=1.0e-04, ⟨B·n⟩=3.0e-03, Len=sum([2.4, 2.4, 2.4, 2.5, 2.6])=12.3, ϰ=[10.4, 8.9, 6.9, 10.5, 10.9], ∫ϰ²/L>=[16.4, 17.3, 13.1, 19.2, 20.4], C-C-Sep=0.08, ║∇J║=2.7e-04
Iteration 1618/2000-----
currents: [100000.0, 99999.99997347532, 99999.99997355517, 99999.99996621245, 99999.99996820351]
J=1.1e-04, ⟨Jf⟩=1.0e-04, ⟨B·n⟩=3.0e-03, Len=sum([2.4, 2.4, 2.4, 2.5, 2.6])=12.3, ϰ=[10.4, 8.9, 6.9, 10.5, 10.9], ∫ϰ²/L>=[16.4, 17.3, 13.1, 19.2, 20.4], C-C-Sep=0.08, ║∇J║=1.9e-04
Iteration 1619/2000-----
currents: [100000.0, 99999.999973434, 99999.99997351518, 99999.99996616143, 99999.99996815526]
J=1.1e-04, ⟨Jf⟩=1.0e-04, ⟨B·n⟩=3.0e-03, Len=sum([2.4, 2.4, 2.4, 2.5, 2.6])=12.3, ϰ=[10.4, 8.9, 6.9, 10.5, 10.9], ∫ϰ²/L>=[16.4, 17.3, 13.1, 19.2, 20.4], C-C-Sep=0.08, ║∇J║=1.6e-04
Iteration 1620/2000-----
currents: [100000.0, 99999.99997339456, 99999.99997347704, 99999.9999661128, 99999.99996810916]
J=1.1e-04, ⟨Jf⟩=1.0e-04, ⟨B·n⟩=3.0e-03, Len=sum([2.4, 2.4, 2.4, 2.5, 2.6])=12.3, ϰ=[10.4, 8.9, 6.9, 10.4, 10.9], ∫ϰ²/L>=[16.4, 17.3, 13.1, 19.2, 20.4], C-C-Sep=0.08, ║∇J║=1.7e-04
Iteration 1621/2000-----
currents: [100000.0, 99999.9999733354, 99999.99997341985, 99999.99996603985, 99999.99996804]
J=1.1e-04, ⟨Jf⟩=1.0e-04, ⟨B·n⟩=3.0e-03, Len=sum([2.4, 2.4, 2.4, 2.5, 2.6])=12.3, ϰ=[10.4, 8.9, 6.9, 10.4, 10.9], ∫ϰ²/L>=[16.4, 17.3, 13.1, 19.2, 20.4], C-C-Sep=0.08, ║∇J║=2.6e-04
Iteration 1622/2000-----
currents: [100000.0, 99999.99997326818, 99999.9999733548, 99999.99996595681, 99999.99996796141]
J=1.1e-04, ⟨Jf⟩=1.0e-04, ⟨B·n⟩=3.0e-03, Len=sum([2.4, 2.4, 2.4, 2.5, 2.6])=12.3, ϰ=[10.5, 8.9, 6.9, 10.4, 10.9], ∫ϰ²/L>=[16.4, 17.3, 13.1, 19.2, 20.4], C-C-Sep=0.08, ║∇J║=1.8e-04
Iteration 1623/2000-----
currents: [100000.0, 99999.99997315543, 99999.9999732457, 99999.99996581746, 99999.99996782953]
J=1.1e-04, ⟨Jf⟩=1.0e-04, ⟨B·n⟩=3.0e-03, Len=sum([2.4, 2.4, 2.4, 2.5, 2.6])=12.3, ϰ=[10.5, 8.9, 6.9, 10.4, 10.9], ∫ϰ²/L>=[16.4, 17.3, 13.1, 19.2, 20.4], C-C-Sep=0.08, ║∇J║=2.7e-04
Iteration 1624/2000-----
currents: [100000.0, 99999.99997304931, 99999.99997314297, 99999.99996568631, 99999.99996770544]
J=1.1e-04, ⟨Jf⟩=1.0e-04, ⟨B·n⟩=3.0e-03, Len=sum([2.4, 2.4, 2.4, 2.6, 2.6])=12.3, ϰ=[10.5, 8.9, 6.9, 10.4, 10.9], ∫ϰ²/L>=[16.4, 17.3, 13.1, 19.2, 20.4], C-C-Sep=0.08, ║∇J║=3.2e-04
Iteration 1625/2000-----
currents: [100000.0, 99999.99997312484, 99999.99997321605, 99999.9999657797, 99999.99996779379]
J=1.1e-04, ⟨Jf⟩=1.0e-04, ⟨B·n⟩=3.0e-03, Len=sum([2.4, 2.4, 2.4, 2.5, 2.6])=12.3, ϰ=[10.5, 8.9, 6.9, 10.4, 10.9], ∫ϰ²/L>=[16.4, 17.2, 13.1, 19.2, 20.4], C-C-Sep=0.08, ║∇J║=3.6e-04
Iteration 1626/2000-----
currents: [100000.0, 99999.99997307478, 99999.9999731676, 99999.99996571781, 99999.99996773529]
J=1.1e-04, ⟨Jf⟩=1.0e-04, ⟨B·n⟩=3.0e-03, Len=sum([2.4, 2.4, 2.4, 2.6, 2.6])=12.3, ϰ=[10.5, 8.9, 6.9, 10.4, 10.9], ∫ϰ²/L>=[16.4, 17.3, 13.1, 19.2, 20.4], C-C-Sep=0.08, ║∇J║=2.6e-04
Iteration 1627/2000-----
currents: [100000.0, 99999.99997303839, 99999.99997313242, 99999.99996567288, 99999.99996769273]
J=1.1e-04, ⟨Jf⟩=1.0e-04, ⟨B·n⟩=3.0e-03, Len=sum([2.4, 2.4, 2.4, 2.6, 2.6])=12.3, ϰ=[10.5, 8.9, 6.9, 10.4, 10.9], ∫ϰ²/L>=[16.4, 17.3, 13.1, 19.2, 20.4], C-C-Sep=0.08, ║∇J║=2.2e-04
Iteration 1628/2000-----
currents: [100000.0, 99999.99997302763, 99999.99997312197, 99999.9999656596, 99999.9999676802]
J=1.1e-04, ⟨Jf⟩=1.0e-04, ⟨B·n⟩=3.0e-03, Len=sum([2.4, 2.4, 2.4, 2.6, 2.6])=12.3, ϰ=[10.5, 8.9, 6.9, 10.4, 10.9], ∫ϰ²/L>=[16.4, 17.3, 13.1, 19.2, 20.4], C-C-Sep=0.08, ║∇J║=1.6e-04
Iteration 1629/2000-----
currents: [100000.0, 99999.999973009, 99999.99997310394, 99999.99996563661, 99999.9999676584]
J=1.1e-04, ⟨Jf⟩=1.0e-04, ⟨B·n⟩=3.0e-03, Len=sum([2.4, 2.4, 2.4, 2.6, 2.6])=12.3, ϰ=[10.5, 8.9, 6.9, 10.4, 10.9], ∫ϰ²/L>=[16.4, 17.3, 13.1, 19.2, 20.4], C-C-Sep=0.08, ║∇J║=1.6e-04
Iteration 1630/2000-----
currents: [100000.0, 99999.99997298892, 99999.99997308453, 99999.9999656119, 99999.99996763495]
J=1.1e-04, ⟨Jf⟩=1.0e-04, ⟨B·n⟩=3.0e-03, Len=sum([2.4, 2.4, 2.4, 2.6, 2.6])=12.3, ϰ=[10.5, 8.9, 6.9, 10.5, 10.9], ∫ϰ²/L>=[16.4, 17.3, 13.1, 19.2, 20.4], C-C-Sep=0.08, ║∇J║=1.7e-04
Iteration 1631/2000-----
currents: [100000.0, 99999.99997297069, 99999.99997306694, 99999.99996558945, 99999.99996761364]
J=1.1e-04, ⟨Jf⟩=1.0e-04, ⟨B·n⟩=3.0e-03, Len=sum([2.4, 2.4, 2.4, 2.6, 2.6])=12.3, ϰ=[10.5, 8.9, 6.9, 10.5, 10.9], ∫ϰ²/L>=[16.4, 17.3, 13.1, 19.2, 20.4], C-C-Sep=0.08, ║∇J║=1.6e-04
Iteration 1632/2000-----
currents: [100000.0, 99999.99997294882, 99999.99997304578, 99999.99996556246, 99999.999967588]
J=1.1e-04, ⟨Jf⟩=1.0e-04, ⟨B·n⟩=3.0e-03, Len=sum([2.4, 2.4, 2.4, 2.6, 2.6])=12.3, ϰ=[10.5, 8.9, 6.9, 10.5, 10.9], ∫ϰ²/L>=[16.4, 17.3, 13.1, 19.2, 20.4], C-C-Sep=0.08, ║∇J║=1.7e-04
Iteration 1633/2000-----
currents: [100000.0, 99999.99997295573, 99999.99997305247, 99999.99996557098, 99999.99996759598]
J=1.1e-04, ⟨Jf⟩=1.0e-04, ⟨B·n⟩=3.0e-03, Len=sum([2.4, 2.4, 2.4, 2.5, 2.6])=12.3, ϰ=[10.5, 8.9, 6.9, 10.5, 10.9], ∫ϰ²/L>=[16.4, 17.3, 13.1, 19.2, 20.4], C-C-Sep=0.08, ║∇J║=1.8e-04
Iteration 1634/2000-----
currents: [100000.0, 99999.99997294515, 99999.99997304224, 99999.99996555789, 99999.99996758353]
J=1.1e-04, ⟨Jf⟩=1.0e-04, ⟨B·n⟩=3.0e-03, Len=sum([2.4, 2.4, 2.4, 2.5, 2.6])=12.3, ϰ=[10.5, 8.9, 6.9, 10.5, 10.9], ∫ϰ²/L>=[16.4, 17.3, 13.1, 19.2, 20.4], C-C-Sep=0.08, ║∇J║=1.7e-04
Iteration 1635/2000-----
currents: [100000.0, 99999.99997295883, 99999.99997305543, 99999.99996557475, 99999.99996759946]
J=1.1e-04, ⟨Jf⟩=1.0e-04, ⟨B·n⟩=3.0e-03, Len=sum([2.4, 2.4, 2.4, 2.5, 2.6])=12.3, ϰ=[10.5, 8.9, 6.9, 10.4, 10.9], ∫ϰ²/L>=[16.4, 17.2, 13.1, 19.2, 20.4], C-C-Sep=0.08, ║∇J║=1.7e-04
Iteration 1636/2000-----
currents: [100000.0, 99999.99997294834, 99999.99997304527, 99999.99996556176, 99999.99996758712]
J=1.1e-04, ⟨Jf⟩=1.0e-04, ⟨B·n⟩=3.0e-03, Len=sum([2.4, 2.4, 2.4, 2.5, 2.6])=12.3, ϰ=[10.5, 8.9, 6.9, 10.5, 10.9], ∫ϰ²/L>=[16.4, 17.2, 13.1, 19.2, 20.4], C-C-Sep=0.08, ║∇J║=1.4e-04
Iteration 1637/2000-----
currents: [100000.0, 99999.99997293334, 99999.9999730307, 99999.99996554319, 99999.99996756947]
J=1.1e-04, ⟨Jf⟩=1.0e-04, ⟨B·n⟩=3.0e-03, Len=sum([2.4, 2.4, 2.4, 2.5, 2.6])=12.3, ϰ=[10.5, 8.9, 6.9, 10.4, 10.9], ∫ϰ²/L>=[16.4, 17.3, 13.1, 19.2, 20.4], C-C-Sep=0.08, ║∇J║=1.4e-04
Iteration 1638/2000-----
currents: [100000.0, 99999.99997291897, 99999.99997301679, 99999.9999655254, 99999.99996755255]
J=1.1e-04, ⟨Jf⟩=1.0e-04, ⟨B·n⟩=3.0e-03, Len=sum([2.4, 2.4, 2.4, 2.5, 2.6])=12.3, ϰ=[10.5, 8.9, 6.9, 10.5, 10.9], ∫ϰ²/L>=[16.4, 17.3, 13.1, 19.2, 20.4], C-C-Sep=0.08, ║∇J║=1.8e-04
Iteration 1639/2000-----
currents: [100000.0, 99999.99997290211, 99999.99997300045, 99999.99996550454, 99999.99996753274]
J=1.1e-04, ⟨Jf⟩=1.0e-04, ⟨B·n⟩=3.0e-03, Len=sum([2.4, 2.4, 2.4, 2.5, 2.6])=12.3, ϰ=[10.5, 8.9, 6.9, 10.4, 10.9], ∫ϰ²/L>=[16.4, 17.3, 13.1, 19.2, 20.4], C-C-Sep=0.08, ║∇J║=1.4e-04
Iteration 1640/2000-----
currents: [100000.0, 99999.99997289614, 99999.99997299467, 99999.99996549712, 99999.9999675257]
J=1.1e-04, ⟨Jf⟩=1.0e-04, ⟨B·n⟩=3.0e-03, Len=sum([2.4, 2.4, 2.4, 2.5, 2.6])=12.3, ϰ=[10.5, 9.0, 6.9, 10.4, 10.9], ∫ϰ²/L>=[16.4, 17.3, 13.1, 19.2, 20.4], C-C-Sep=0.08, ║∇J║=1.5e-04
Iteration 1641/2000-----
currents: [100000.0, 99999.99997288152, 99999.99997298048, 99999.99996547896, 99999.9999675085]
J=1.1e-04, ⟨Jf⟩=1.0e-04, ⟨B·n⟩=3.0e-03, Len=sum([2.4, 2.4, 2.4, 2.5, 2.6])=12.3, ϰ=[10.5, 9.0, 6.9, 10.4, 10.9], ∫ϰ²/L>=[16.4, 17.3, 13.1, 19.2, 20.4], C-C-Sep=0.08, ║∇J║=1.6e-04
Iteration 1642/2000-----
currents: [100000.0, 99999.99997287664, 99999.99997297578, 99999.99996547287, 99999.99996750275]
J=1.1e-04, ⟨Jf⟩=1.0e-04, ⟨B·n⟩=3.0e-03, Len=sum([2.4, 2.4, 2.4, 2.5, 2.6])=12.3, ϰ=[10.5, 9.0, 6.9, 10.4, 10.9], ∫ϰ²/L>=[16.4, 17.3, 13.1, 19.2, 20.4], C-C-Sep=0.08, ║∇J║=1.2e-04
Iteration 1643/2000-----
currents: [100000.0, 99999.99997286161, 99999.99997296126, 99999.9999654542, 99999.99996748508]
J=1.1e-04, ⟨Jf⟩=1.0e-04, ⟨B·n⟩=3.0e-03, Len=sum([2.4, 2.4, 2.4, 2.5, 2.6])=12.3, ϰ=[10.5, 9.0, 6.9, 10.4, 10.9], ∫ϰ²/L>=[16.4, 17.3, 13.1, 19.2, 20.4], C-C-Sep=0.08, ║∇J║=1.4e-04
Iteration 1644/2000-----
currents: [100000.0, 99999.99997281661, 99999.99997291775, 99999.9999653985, 99999.99996743235]
J=1.1e-04, ⟨Jf⟩=1.0e-04, ⟨B·n⟩=3.0e-03, Len=sum([2.4, 2.4, 2.4, 2.5, 2.6])=12.3, ϰ=[10.5, 9.0, 6.9, 10.4, 10.8], ∫ϰ²/L>=[16.4, 17.3, 13.1, 19.2, 20.4], C-C-Sep=0.08, ║∇J║=1.8e-04
Iteration 1645/2000-----
currents: [100000.0, 99999.99997270634, 99999.99997281104, 99999.99996526209, 99999.99996730314]
J=1.1e-04, ⟨Jf⟩=1.0e-04, ⟨B·n⟩=3.0e-03, Len=sum([2.4, 2.4, 2.4, 2.6, 2.6])=12.3, ϰ=[10.5, 9.0, 6.9, 10.5, 10.8], ∫ϰ²/L>=[16.4, 17.3, 13.1, 19.2, 20.4], C-C-Sep=0.08, ║∇J║=2.3e-04
Iteration 1646/2000-----
currents: [100000.0, 99999.99997229651, 99999.99997241453, 99999.9999647554, 99999.99996682322]
J=1.1e-04, ⟨Jf⟩=1.0e-04, ⟨B·n⟩=3.0e-03, Len=sum([2.4, 2.4, 2.4, 2.6, 2.6])=12.3, ϰ=[10.5, 9.1, 7.0, 10.5, 10.8], ∫ϰ²/L>=[16.5, 17.3, 13.2, 19.2, 20.4], C-C-Sep=0.08, ║∇J║=8.7e-04
Iteration 1647/2000-----
currents: [100000.0, 99999.99997264605, 99999.99997275272, 99999.99996518756, 99999.99996723255]
J=1.1e-04, ⟨Jf⟩=1.0e-04, ⟨B·n⟩=3.0e-03, Len=sum([2.4, 2.4, 2.4, 2.6, 2.6])=12.3, ϰ=[10.5, 9.0, 6.9, 10.5, 10.8], ∫ϰ²/L>=[16.4, 17.3, 13.1, 19.2, 20.4], C-C-Sep=0.08, ║∇J║=2.7e-04
Iteration 1648/2000-----
currents: [100000.0, 99999.99997244224, 99999.99997255555, 99999.99996493569, 99999.9999669939]
J=1.1e-04, ⟨Jf⟩=1.0e-04, ⟨B·n⟩=3.0e-03, Len=sum([2.4, 2.4, 2.4, 2.6, 2.6])=12.3, ϰ=[10.5, 9.1, 7.0, 10.5, 10.8], ∫ϰ²/L>=[16.4, 17.3, 13.2, 19.2, 20.4], C-C-Sep=0.08, ║∇J║=4.2e-04
Iteration 1649/2000-----
currents: [100000.0, 99999.99997256402, 99999.99997267335, 99999.99996508617, 99999.9999671365]
J=1.1e-04, ⟨Jf⟩=1.0e-04, ⟨B·n⟩=3.0e-03, Len=sum([2.4, 2.4, 2.4, 2.6, 2.6])=12.3, ϰ=[10.5, 9.0, 7.0, 10.5, 10.8], ∫ϰ²/L>=[16.4, 17.3, 13.1, 19.2, 20.4], C-C-Sep=0.08, ║∇J║=2.9e-04
Iteration 1650/2000-----
currents: [100000.0, 99999.99997255631, 99999.999972666, 99999.99996507686, 99999.9999671276]
J=1.1e-04, ⟨Jf⟩=1.0e-04, ⟨B·n⟩=3.0e-03, Len=sum([2.4, 2.4, 2.4, 2.6, 2.6])=12.3, ϰ=[10.5, 9.0, 6.9, 10.5, 10.8], ∫ϰ²/L>=[16.4, 17.3, 13.1, 19.2, 20.4], C-C-Sep=0.08, ║∇J║=3.6e-04
Iteration 1651/2000-----
currents: [100000.0, 99999.99997253716, 99999.9999726475, 99999.99996505343, 99999.99996710544]
J=1.1e-04, ⟨Jf⟩=1.0e-04, ⟨B·n⟩=3.0e-03, Len=sum([2.4, 2.4, 2.4, 2.6, 2.6])=12.3, ϰ=[10.5, 9.0, 7.0, 10.5, 10.8], ∫ϰ²/L>=[16.4, 17.3, 13.1, 19.2, 20.4], C-C-Sep=0.08, ║∇J║=2.4e-04
Iteration 1652/2000-----
currents: [100000.0, 99999.99997250969, 99999.9999726209, 99999.99996501945, 99999.99996707328]
J=1.1e-04, ⟨Jf⟩=1.0e-04, ⟨B·n⟩=3.0e-03, Len=sum([2.4, 2.4, 2.4, 2.6, 2.6])=12.3, ϰ=[10.4, 9.0, 7.0, 10.5, 10.9], ∫ϰ²/L>=[16.4, 17.3, 13.1, 19.2, 20.4], C-C-Sep=0.08, ║∇J║=2.2e-04
Iteration 1653/2000-----
currents: [100000.0, 99999.99997248688, 99999.99997259892, 99999.99996499141, 99999.99996704675]
J=1.1e-04, ⟨Jf⟩=1.0e-04, ⟨B·n⟩=3.0e-03, Len=sum([2.4, 2.4, 2.4, 2.6, 2.6])=12.3, ϰ=[10.4, 9.0, 7.0, 10.5, 10.8], ∫ϰ²/L>=[16.4, 17.3, 13.1, 19.2, 20.4], C-C-Sep=0.08, ║∇J║=1.7e-04
Iteration 1654/2000-----
currents: [100000.0, 99999.99997247318, 99999.99997258575, 99999.9999649746, 99999.99996703079]
J=1.1e-04, ⟨Jf⟩=1.0e-04, ⟨B·n⟩=3.0e-03, Len=sum([2.4, 2.4, 2.4, 2.6, 2.6])=12.3, ϰ=[10.4, 9.0, 7.0, 10.5, 10.8], ∫ϰ²/L>=[16.3, 17.3, 13.1, 19.2, 20.4], C-C-Sep=0.08, ║∇J║=1.7e-04
Iteration 1655/2000-----
currents: [100000.0, 99999.99997245391, 99999.99997256714, 99999.99996495082, 99999.99996700828]
J=1.1e-04, ⟨Jf⟩=1.0e-04, ⟨B·n⟩=3.0e-03, Len=sum([2.4, 2.4, 2.4, 2.6, 2.6])=12.3, ϰ=[10.4, 9.0, 7.0, 10.5, 10.8], ∫ϰ²/L>=[16.3, 17.3, 13.1, 19.2, 20.4], C-C-Sep=0.08, ║∇J║=1.6e-04
Iteration 1656/2000-----
currents: [100000.0, 99999.99997241139, 99999.99997252609, 99999.99996489842, 99999.99996695867]
J=1.1e-04, ⟨Jf⟩=1.0e-04, ⟨B·n⟩=3.0e-03, Len=sum([2.4, 2.4, 2.4, 2.6, 2.6])=12.3, ϰ=[10.4, 9.0, 7.0, 10.5, 10.8], ∫ϰ²/L>=[16.3, 17.3, 13.1, 19.2, 20.4], C-C-Sep=0.08, ║∇J║=1.5e-04
Iteration 1657/2000-----
currents: [100000.0, 99999.99997239199, 99999.9999725074, 99999.99996487462, 99999.9999669361]
J=1.1e-04, ⟨Jf⟩=1.0e-04, ⟨B·n⟩=3.0e-03, Len=sum([2.4, 2.4, 2.4, 2.6, 2.6])=12.3, ϰ=[10.4, 9.0, 7.0, 10.5, 10.8], ∫ϰ²/L>=[16.3, 17.3, 13.1, 19.2, 20.4], C-C-Sep=0.08, ║∇J║=1.6e-04
Iteration 1658/2000-----
currents: [100000.0, 99999.99997236632, 99999.99997248259, 99999.99996484304, 99999.99996690618]
J=1.1e-04, ⟨Jf⟩=1.0e-04, ⟨B·n⟩=3.0e-03, Len=sum([2.4, 2.4, 2.4, 2.6, 2.6])=12.3, ϰ=[10.4, 9.0, 7.0, 10.5, 10.8], ∫ϰ²/L>=[16.3, 17.3, 13.2, 19.2, 20.4], C-C-Sep=0.08, ║∇J║=1.6e-04
Iteration 1659/2000-----
currents: [100000.0, 99999.9999723521, 99999.99997246887, 99999.99996482569, 99999.99996688969]
J=1.1e-04, ⟨Jf⟩=1.0e-04, ⟨B·n⟩=3.0e-03, Len=sum([2.4, 2.4, 2.4, 2.6, 2.6])=12.3, ϰ=[10.4, 9.0, 7.0, 10.5, 10.8], ∫ϰ²/L>=[16.3, 17.3, 13.2, 19.2, 20.4], C-C-Sep=0.08, ║∇J║=1.7e-04
Iteration 1660/2000-----
currents: [100000.0, 99999.99997230264, 99999.99997242106, 99999.99996476498, 99999.99996683207]
J=1.1e-04, ⟨Jf⟩=1.0e-04, ⟨B·n⟩=3.0e-03, Len=sum([2.4, 2.4, 2.4, 2.6, 2.6])=12.3, ϰ=[10.4, 9.0, 7.0, 10.5, 10.8], ∫ϰ²/L>=[16.3, 17.3, 13.2, 19.2, 20.4], C-C-Sep=0.08, ║∇J║=2.0e-04
Iteration 1661/2000-----
currents: [100000.0, 99999.99997228073, 99999.99997239978, 99999.99996473803, 99999.9999668064]
J=1.1e-04, ⟨Jf⟩=1.0e-04, ⟨B·n⟩=3.0e-03, Len=sum([2.4, 2.4, 2.4, 2.6, 2.6])=12.3, ϰ=[10.4, 9.0, 7.0, 10.4, 10.8], ∫ϰ²/L>=[16.3, 17.3, 13.2, 19.2, 20.4], C-C-Sep=0.08, ║∇J║=1.9e-04
Iteration 1662/2000-----
currents: [100000.0, 99999.99997220677, 99999.99997232817, 99999.99996464688, 99999.99996671989]
J=1.1e-04, ⟨Jf⟩=1.0e-04, ⟨B·n⟩=3.0e-03, Len=sum([2.4, 2.4, 2.4, 2.6, 2.6])=12.3, ϰ=[10.4, 9.0, 7.0, 10.4, 10.8], ∫ϰ²/L>=[16.3, 17.3, 13.2, 19.2, 20.4], C-C-Sep=0.08, ║∇J║=2.1e-04
Iteration 1663/2000-----
currents: [100000.0, 99999.99997209242, 99999.99997221745, 99999.99996450578, 99999.99996658601]
J=1.1e-04, ⟨Jf⟩=1.0e-04, ⟨B·n⟩=3.0e-03, Len=sum([2.4, 2.4, 2.4, 2.6, 2.6])=12.3, ϰ=[10.4, 9.1, 7.1, 10.4, 10.8], ∫ϰ²/L>=[16.3, 17.3, 13.2, 19.2, 20.4], C-C-Sep=0.08, ║∇J║=2.5e-04
Iteration 1664/2000-----
currents: [100000.0, 99999.99997204152, 99999.99997216818, 99999.99996444298, 99999.99996652645]
J=1.1e-04, ⟨Jf⟩=1.0e-04, ⟨B·n⟩=3.0e-03, Len=sum([2.4, 2.4, 2.4, 2.6, 2.6])=12.3, ϰ=[10.4, 9.1, 7.1, 10.4, 10.8], ∫ϰ²/L>=[16.3, 17.3, 13.2, 19.2, 20.4], C-C-Sep=0.08, ║∇J║=2.2e-04
Iteration 1665/2000-----
currents: [100000.0, 99999.9999720586, 99999.99997218474, 99999.999964464, 99999.99996654641]
J=1.1e-04, ⟨Jf⟩=1.0e-04, ⟨B·n⟩=3.0e-03, Len=sum([2.4, 2.4, 2.4, 2.6, 2.6])=12.3, ϰ=[10.4, 9.1, 7.1, 10.4, 10.8], ∫ϰ²/L>=[16.3, 17.3, 13.2, 19.2, 20.4], C-C-Sep=0.08, ║∇J║=1.9e-04
Iteration 1666/2000-----
currents: [100000.0, 99999.99997197179, 99999.99997210076, 99999.99996435698, 99999.9999664449]
J=1.1e-04, ⟨Jf⟩=1.0e-04, ⟨B·n⟩=3.0e-03, Len=sum([2.4, 2.4, 2.4, 2.6, 2.6])=12.3, ϰ=[10.4, 9.1, 7.1, 10.4, 10.8], ∫ϰ²/L>=[16.4, 17.3, 13.2, 19.2, 20.4], C-C-Sep=0.08, ║∇J║=2.5e-04
Iteration 1667/2000-----
currents: [100000.0, 99999.99997195018, 99999.99997207981, 99999.99996433032, 99999.99996641955]
J=1.1e-04, ⟨Jf⟩=1.0e-04, ⟨B·n⟩=3.0e-03, Len=sum([2.4, 2.4, 2.4, 2.6, 2.6])=12.3, ϰ=[10.4, 9.1, 7.0, 10.4, 10.8], ∫ϰ²/L>=[16.4, 17.3, 13.2, 19.2, 20.4], C-C-Sep=0.08, ║∇J║=1.9e-04
Iteration 1668/2000-----
currents: [100000.0, 99999.9999718884, 99999.99997202003, 99999.9999642542, 99999.99996634723]
J=1.1e-04, ⟨Jf⟩=1.0e-04, ⟨B·n⟩=3.0e-03, Len=sum([2.4, 2.4, 2.4, 2.6, 2.6])=12.3, ϰ=[10.4, 9.1, 7.1, 10.4, 10.8], ∫ϰ²/L>=[16.4, 17.3, 13.2, 19.2, 20.4], C-C-Sep=0.08, ║∇J║=2.3e-04
Iteration 1669/2000-----
currents: [100000.0, 99999.99997184545, 99999.99997197835, 99999.99996420124, 99999.99996629695]
J=1.1e-04, ⟨Jf⟩=1.0e-04, ⟨B·n⟩=3.0e-03, Len=sum([2.4, 2.4, 2.4, 2.6, 2.6])=12.3, ϰ=[10.4, 9.1, 7.1, 10.4, 10.8], ∫ϰ²/L>=[16.4, 17.4, 13.2, 19.2, 20.4], C-C-Sep=0.08, ║∇J║=2.2e-04
Iteration 1670/2000-----
currents: [100000.0, 99999.9999717951, 99999.9999719296, 99999.99996413913, 99999.99996623804]
J=1.1e-04, ⟨Jf⟩=1.0e-04, ⟨B·n⟩=3.0e-03, Len=sum([2.4, 2.4, 2.4, 2.6, 2.6])=12.3, ϰ=[10.4, 9.2, 7.1, 10.4, 10.8], ∫ϰ²/L>=[16.4, 17.4, 13.2, 19.2, 20.4], C-C-Sep=0.08, ║∇J║=1.8e-04
Iteration 1671/2000-----
currents: [100000.0, 99999.9999717534, 99999.99997188925, 99999.99996408775, 99999.99996618928]
J=1.1e-04, ⟨Jf⟩=1.0e-04, ⟨B·n⟩=3.0e-03, Len=sum([2.4, 2.4, 2.4, 2.6, 2.6])=12.3, ϰ=[10.4, 9.2, 7.1, 10.4, 10.8], ∫ϰ²/L>=[16.4, 17.4, 13.2, 19.2, 20.4], C-C-Sep=0.08, ║∇J║=2.0e-04
Iteration 1672/2000-----
currents: [100000.0, 99999.9999716778, 99999.99997181616, 99999.99996399462, 99999.99996610102]
J=1.1e-04, ⟨Jf⟩=1.0e-04, ⟨B·n⟩=3.0e-03, Len=sum([2.4, 2.4, 2.4, 2.6, 2.6])=12.3, ϰ=[10.4, 9.2, 7.1, 10.4, 10.8], ∫ϰ²/L>=[16.4, 17.4, 13.2, 19.2, 20.4], C-C-Sep=0.08, ║∇J║=2.4e-04
Iteration 1673/2000-----
currents: [100000.0, 99999.99997169613, 99999.99997183398, 99999.99996401742, 99999.99996612262]
J=1.1e-04, ⟨Jf⟩=1.0e-04, ⟨B·n⟩=3.0e-03, Len=sum([2.4, 2.4, 2.4, 2.5, 2.6])=12.3, ϰ=[10.4, 9.1, 7.1, 10.4, 10.8], ∫ϰ²/L>=[16.4, 17.4, 13.2, 19.2, 20.4], C-C-Sep=0.08, ║∇J║=3.0e-04
Iteration 1674/2000-----
currents: [100000.0, 99999.99997162362, 99999.99997176387, 99999.9999639281, 99999.99996603797]
J=1.1e-04, ⟨Jf⟩=1.0e-04, ⟨B·n⟩=3.0e-03, Len=sum([2.4, 2.4, 2.4, 2.5, 2.6])=12.3, ϰ=[10.4, 9.1, 7.1, 10.4, 10.9], ∫ϰ²/L>=[16.4, 17.4, 13.2, 19.2, 20.4], C-C-Sep=0.08, ║∇J║=2.7e-04
Iteration 1675/2000-----
currents: [100000.0, 99999.9999716094, 99999.9999717501, 99999.99996391055, 99999.9999660213]
J=1.1e-04, ⟨Jf⟩=1.0e-04, ⟨B·n⟩=3.0e-03, Len=sum([2.4, 2.4, 2.4, 2.5, 2.6])=12.3, ϰ=[10.4, 9.1, 7.1, 10.4, 10.8], ∫ϰ²/L>=[16.4, 17.4, 13.2, 19.2, 20.4], C-C-Sep=0.08, ║∇J║=2.6e-04
Iteration 1676/2000-----
currents: [100000.0, 99999.99997158913, 99999.9999717305, 99999.99996388561, 99999.99996599765]
J=1.1e-04, ⟨Jf⟩=1.0e-04, ⟨B·n⟩=3.0e-03, Len=sum([2.4, 2.4, 2.4, 2.5, 2.6])=12.3, ϰ=[10.5, 9.1, 7.1, 10.4, 10.8], ∫ϰ²/L>=[16.4, 17.4, 13.2, 19.2, 20.4], C-C-Sep=0.08, ║∇J║=1.8e-04
Iteration 1677/2000-----
currents: [100000.0, 99999.99997154102, 99999.99997168394, 99999.99996382634, 99999.9999659414]
J=1.1e-04, ⟨Jf⟩=1.0e-04, ⟨B·n⟩=3.0e-03, Len=sum([2.4, 2.4, 2.4, 2.5, 2.6])=12.3, ϰ=[10.4, 9.1, 7.1, 10.4, 10.8], ∫ϰ²/L>=[16.4, 17.4, 13.2, 19.2, 20.4], C-C-Sep=0.08, ║∇J║=1.7e-04
Iteration 1678/2000-----
currents: [100000.0, 99999.99997147908, 99999.99997162404, 99999.99996375016, 99999.99996586915]
J=1.1e-04, ⟨Jf⟩=1.0e-04, ⟨B·n⟩=3.0e-03, Len=sum([2.4, 2.4, 2.4, 2.5, 2.6])=12.3, ϰ=[10.5, 9.2, 7.1, 10.4, 10.8], ∫ϰ²/L>=[16.5, 17.4, 13.2, 19.2, 20.4], C-C-Sep=0.08, ║∇J║=2.5e-04
Iteration 1679/2000-----
currents: [100000.0, 99999.99997143478, 99999.99997158122, 99999.99996369566, 99999.99996581746]
J=1.1e-04, ⟨Jf⟩=1.0e-04, ⟨B·n⟩=3.0e-03, Len=sum([2.4, 2.4, 2.4, 2.5, 2.6])=12.3, ϰ=[10.5, 9.2, 7.1, 10.4, 10.8], ∫ϰ²/L>=[16.5, 17.4, 13.2, 19.2, 20.4], C-C-Sep=0.08, ║∇J║=1.7e-04
Iteration 1680/2000-----
currents: [100000.0, 99999.99997143979, 99999.99997158603, 99999.99996370183, 99999.99996582334]
J=1.1e-04, ⟨Jf⟩=1.0e-04, ⟨B·n⟩=3.0e-03, Len=sum([2.4, 2.4, 2.4, 2.5, 2.6])=12.3, ϰ=[10.5, 9.2, 7.1, 10.4, 10.8], ∫ϰ²/L>=[16.5, 17.3, 13.2, 19.2, 20.4], C-C-Sep=0.08, ║∇J║=2.0e-04
Iteration 1681/2000-----
currents: [100000.0, 99999.99997137567, 99999.99997152403, 99999.99996362285, 99999.99996574841]
J=1.1e-04, ⟨Jf⟩=1.0e-04, ⟨B·n⟩=3.0e-03, Len=sum([2.4, 2.4, 2.4, 2.5, 2.6])=12.3, ϰ=[10.5, 9.2, 7.1, 10.4, 10.8], ∫ϰ²/L>=[16.5, 17.4, 13.2, 19.2, 20.4], C-C-Sep=0.08, ║∇J║=2.3e-04
Iteration 1682/2000-----
currents: [100000.0, 99999.99997140108, 99999.99997154869, 99999.99996365423, 99999.99996577825]
J=1.1e-04, ⟨Jf⟩=1.0e-04, ⟨B·n⟩=3.0e-03, Len=sum([2.4, 2.4, 2.4, 2.5, 2.6])=12.3, ϰ=[10.5, 9.2, 7.1, 10.4, 10.8], ∫ϰ²/L>=[16.5, 17.3, 13.2, 19.2, 20.4], C-C-Sep=0.08, ║∇J║=2.1e-04
Iteration 1683/2000-----
currents: [100000.0, 99999.99997140051, 99999.99997154818, 99999.99996365361, 99999.99996577768]
J=1.1e-04, ⟨Jf⟩=1.0e-04, ⟨B·n⟩=3.0e-03, Len=sum([2.4, 2.4, 2.4, 2.5, 2.6])=12.3, ϰ=[10.5, 9.2, 7.1, 10.4, 10.8], ∫ϰ²/L>=[16.5, 17.3, 13.2, 19.2, 20.4], C-C-Sep=0.08, ║∇J║=1.8e-04
Iteration 1684/2000-----
currents: [100000.0, 99999.99997139306, 99999.99997154101, 99999.99996364447, 99999.99996576906]
J=1.1e-04, ⟨Jf⟩=1.0e-04, ⟨B·n⟩=3.0e-03, Len=sum([2.4, 2.4, 2.4, 2.5, 2.6])=12.3, ϰ=[10.5, 9.2, 7.1, 10.4, 10.8], ∫ϰ²/L>=[16.5, 17.3, 13.2, 19.2, 20.4], C-C-Sep=0.08, ║∇J║=1.4e-04
Iteration 1685/2000-----
currents: [100000.0, 99999.99997135285, 99999.99997150215, 99999.99996359502, 99999.9999657221]
J=1.1e-04, ⟨Jf⟩=1.0e-04, ⟨B·n⟩=3.0e-03, Len=sum([2.4, 2.4, 2.4, 2.5, 2.6])=12.3, ϰ=[10.5, 9.2, 7.1, 10.4, 10.8], ∫ϰ²/L>=[16.5, 17.3, 13.2, 19.2, 20.4], C-C-Sep=0.08, ║∇J║=1.9e-04
Iteration 1686/2000-----
currents: [100000.0, 99999.9999712961, 99999.99997144731, 99999.9999635252, 99999.99996565594]
J=1.1e-04, ⟨Jf⟩=1.0e-04, ⟨B·n⟩=3.0e-03, Len=sum([2.4, 2.4, 2.4, 2.5, 2.6])=12.3, ϰ=[10.5, 9.2, 7.1, 10.4, 10.8], ∫ϰ²/L>=[16.5, 17.3, 13.2, 19.2, 20.4], C-C-Sep=0.08, ║∇J║=1.9e-04
Iteration 1687/2000-----
currents: [100000.0, 99999.99997124172, 99999.9999713947, 99999.99996345832, 99999.99996559245]
J=1.1e-04, ⟨Jf⟩=1.0e-04, ⟨B·n⟩=3.0e-03, Len=sum([2.4, 2.4, 2.4, 2.5, 2.6])=12.3, ϰ=[10.4, 9.2, 7.2, 10.4, 10.8], ∫ϰ²/L>=[16.5, 17.3, 13.2, 19.2, 20.4], C-C-Sep=0.08, ║∇J║=2.0e-04
Iteration 1688/2000-----
currents: [100000.0, 99999.99997119534, 99999.99997134984, 99999.99996340135, 99999.99996553827]
J=1.1e-04, ⟨Jf⟩=1.0e-04, ⟨B·n⟩=3.0e-03, Len=sum([2.4, 2.4, 2.4, 2.5, 2.6])=12.3, ϰ=[10.4, 9.2, 7.2, 10.4, 10.8], ∫ϰ²/L>=[16.5, 17.3, 13.2, 19.2, 20.4], C-C-Sep=0.08, ║∇J║=1.9e-04
Iteration 1689/2000-----
currents: [100000.0, 99999.9999711825, 99999.99997133743, 99999.99996338559, 99999.9999655232]
J=1.1e-04, ⟨Jf⟩=1.0e-04, ⟨B·n⟩=3.0e-03, Len=sum([2.4, 2.4, 2.4, 2.5, 2.6])=12.3, ϰ=[10.4, 9.2, 7.2, 10.5, 10.8], ∫ϰ²/L>=[16.5, 17.3, 13.2, 19.2, 20.4], C-C-Sep=0.08, ║∇J║=2.0e-04
Iteration 1690/2000-----
currents: [100000.0, 99999.99997115164, 99999.99997130768, 99999.99996334776, 99999.99996548721]
J=1.1e-04, ⟨Jf⟩=1.0e-04, ⟨B·n⟩=3.0e-03, Len=sum([2.4, 2.4, 2.4, 2.5, 2.6])=12.3, ϰ=[10.4, 9.2, 7.2, 10.5, 10.8], ∫ϰ²/L>=[16.5, 17.3, 13.2, 19.2, 20.4], C-C-Sep=0.08, ║∇J║=1.7e-04
Iteration 1691/2000-----
currents: [100000.0, 99999.99997106972, 99999.99997122854, 99999.99996324698, 99999.99996539157]
J=1.1e-04, ⟨Jf⟩=1.0e-04, ⟨B·n⟩=3.0e-03, Len=sum([2.4, 2.4, 2.4, 2.5, 2.6])=12.3, ϰ=[10.4, 9.2, 7.2, 10.5, 10.8], ∫ϰ²/L>=[16.5, 17.3, 13.2, 19.2, 20.4], C-C-Sep=0.08, ║∇J║=2.3e-04
Iteration 1692/2000-----
currents: [100000.0, 99999.99997100048, 99999.99997116168, 99999.99996316203, 99999.99996531081]
J=1.1e-04, ⟨Jf⟩=1.0e-04, ⟨B·n⟩=3.0e-03, Len=sum([2.4, 2.4, 2.4, 2.5, 2.6])=12.3, ϰ=[10.4, 9.2, 7.1, 10.5, 10.8], ∫ϰ²/L>=[16.5, 17.3, 13.2, 19.2, 20.4], C-C-Sep=0.08, ║∇J║=2.6e-04
Iteration 1693/2000-----
currents: [100000.0, 99999.99997095832, 99999.99997112097, 99999.99996311034, 99999.99996526165]
J=1.1e-04, ⟨Jf⟩=1.0e-04, ⟨B·n⟩=3.0e-03, Len=sum([2.4, 2.4, 2.4, 2.5, 2.6])=12.3, ϰ=[10.4, 9.2, 7.1, 10.5, 10.8], ∫ϰ²/L>=[16.5, 17.3, 13.2, 19.2, 20.4], C-C-Sep=0.08, ║∇J║=2.3e-04
Iteration 1694/2000-----
currents: [100000.0, 99999.99997087703, 99999.99997104236, 99999.99996301049, 99999.9999651668]
J=1.1e-04, ⟨Jf⟩=1.0e-04, ⟨B·n⟩=3.0e-03, Len=sum([2.4, 2.4, 2.4, 2.5, 2.6])=12.3, ϰ=[10.4, 9.2, 7.1, 10.5, 10.8], ∫ϰ²/L>=[16.5, 17.3, 13.2, 19.2, 20.4], C-C-Sep=0.08, ║∇J║=2.2e-04
Iteration 1695/2000-----
currents: [100000.0, 99999.99997082536, 99999.99997099239, 99999.99996294711, 99999.99996510659]
J=1.1e-04, ⟨Jf⟩=1.0e-04, ⟨B·n⟩=3.0e-03, Len=sum([2.4, 2.4, 2.4, 2.5, 2.6])=12.3, ϰ=[10.4, 9.2, 7.1, 10.5, 10.8], ∫ϰ²/L>=[16.5, 17.3, 13.2, 19.2, 20.3], C-C-Sep=0.08, ║∇J║=2.7e-04
Iteration 1696/2000-----
currents: [100000.0, 99999.99997054454, 99999.99997072089, 99999.99996260194, 99999.99996477882]
J=1.1e-04, ⟨Jf⟩=1.0e-04, ⟨B·n⟩=3.0e-03, Len=sum([2.4, 2.4, 2.4, 2.5, 2.6])=12.3, ϰ=[10.4, 9.2, 7.1, 10.5, 10.8], ∫ϰ²/L>=[16.6, 17.4, 13.2, 19.3, 20.3], C-C-Sep=0.08, ║∇J║=5.8e-04
Iteration 1697/2000-----
currents: [100000.0, 99999.9999707326, 99999.99997090272, 99999.9999628331, 99999.99996499832]
J=1.1e-04, ⟨Jf⟩=1.0e-04, ⟨B·n⟩=3.0e-03, Len=sum([2.4, 2.4, 2.4, 2.5, 2.6])=12.3, ϰ=[10.4, 9.2, 7.1, 10.5, 10.8], ∫ϰ²/L>=[16.5, 17.4, 13.2, 19.2, 20.3], C-C-Sep=0.08, ║∇J║=3.0e-04
Iteration 1698/2000-----
currents: [100000.0, 99999.99997064252, 99999.99997081568, 99999.99996272246, 99999.99996489327]
J=1.1e-04, ⟨Jf⟩=1.0e-04, ⟨B·n⟩=3.0e-03, Len=sum([2.4, 2.4, 2.4, 2.5, 2.6])=12.3, ϰ=[10.4, 9.2, 7.1, 10.5, 10.8], ∫ϰ²/L>=[16.5, 17.4, 13.2, 19.2, 20.3], C-C-Sep=0.08, ║∇J║=3.7e-04
Iteration 1699/2000-----
currents: [100000.0, 99999.99997061356, 99999.99997078769, 99999.9999626869, 99999.99996485937]
J=1.1e-04, ⟨Jf⟩=1.0e-04, ⟨B·n⟩=3.0e-03, Len=sum([2.4, 2.4, 2.4, 2.5, 2.6])=12.3, ϰ=[10.4, 9.2, 7.1, 10.5, 10.8], ∫ϰ²/L>=[16.5, 17.4, 13.2, 19.2, 20.3], C-C-Sep=0.08, ║∇J║=3.1e-04
Iteration 1700/2000-----
currents: [100000.0, 99999.99997063525, 99999.99997080871, 99999.9999627135, 99999.99996488473]
J=1.1e-04, ⟨Jf⟩=1.0e-04, ⟨B·n⟩=3.0e-03, Len=sum([2.4, 2.4, 2.4, 2.5, 2.6])=12.3, ϰ=[10.4, 9.2, 7.1, 10.5, 10.8], ∫ϰ²/L>=[16.5, 17.4, 13.2, 19.2, 20.3], C-C-Sep=0.08, ║∇J║=3.0e-04
Iteration 1701/2000-----
currents: [100000.0, 99999.99997061046, 99999.99997078482, 99999.99996268311, 99999.99996485589]
J=1.1e-04, ⟨Jf⟩=1.0e-04, ⟨B·n⟩=3.0e-03, Len=sum([2.4, 2.4, 2.4, 2.5, 2.6])=12.3, ϰ=[10.4, 9.2, 7.1, 10.5, 10.8], ∫ϰ²/L>=[16.5, 17.4, 13.2, 19.2, 20.3], C-C-Sep=0.08, ║∇J║=2.1e-04
Iteration 1702/2000-----
currents: [100000.0, 99999.99997057884, 99999.99997075429, 99999.99996264424, 99999.99996481897]
J=1.1e-04, ⟨Jf⟩=1.0e-04, ⟨B·n⟩=3.0e-03, Len=sum([2.4, 2.4, 2.4, 2.5, 2.6])=12.3, ϰ=[10.5, 9.2, 7.1, 10.5, 10.8], ∫ϰ²/L>=[16.5, 17.4, 13.2, 19.2, 20.3], C-C-Sep=0.08, ║∇J║=2.2e-04
Iteration 1703/2000-----
currents: [100000.0, 99999.99997051201, 99999.99997068978, 99999.99996256226, 99999.99996474112]
J=1.1e-04, ⟨Jf⟩=1.0e-04, ⟨B·n⟩=3.0e-03, Len=sum([2.4, 2.4, 2.4, 2.5, 2.6])=12.3, ϰ=[10.5, 9.2, 7.1, 10.5, 10.8], ∫ϰ²/L>=[16.5, 17.4, 13.2, 19.2, 20.3], C-C-Sep=0.08, ║∇J║=1.9e-04
Iteration 1704/2000-----
currents: [100000.0, 99999.99997045721, 99999.99997063683, 99999.99996249503, 99999.99996467723]
J=1.1e-04, ⟨Jf⟩=1.0e-04, ⟨B·n⟩=3.0e-03, Len=sum([2.4, 2.4, 2.4, 2.5, 2.6])=12.3, ϰ=[10.5, 9.2, 7.1, 10.5, 10.8], ∫ϰ²/L>=[16.5, 17.4, 13.2, 19.2, 20.3], C-C-Sep=0.08, ║∇J║=2.1e-04
Iteration 1705/2000-----
currents: [100000.0, 99999.99997044011, 99999.99997062041, 99999.99996247423, 99999.99996465743]
J=1.1e-04, ⟨Jf⟩=1.0e-04, ⟨B·n⟩=3.0e-03, Len=sum([2.4, 2.4, 2.4, 2.5, 2.6])=12.3, ϰ=[10.5, 9.2, 7.1, 10.5, 10.9], ∫ϰ²/L>=[16.5, 17.4, 13.2, 19.2, 20.3], C-C-Sep=0.08, ║∇J║=2.1e-04
Iteration 1706/2000-----
currents: [100000.0, 99999.99997039151, 99999.99997057352, 99999.99996241472, 99999.99996460081]
J=1.1e-04, ⟨Jf⟩=1.0e-04, ⟨B·n⟩=3.0e-03, Len=sum([2.4, 2.4, 2.4, 2.5, 2.6])=12.3, ϰ=[10.5, 9.2, 7.1, 10.5, 10.9], ∫ϰ²/L>=[16.5, 17.4, 13.2, 19.2, 20.3], C-C-Sep=0.08, ║∇J║=2.0e-04
Iteration 1707/2000-----
currents: [100000.0, 99999.9999702867, 99999.9999704722, 99999.99996228608, 99999.99996447851]
J=1.1e-04, ⟨Jf⟩=1.0e-04, ⟨B·n⟩=3.0e-03, Len=sum([2.4, 2.4, 2.4, 2.5, 2.6])=12.3, ϰ=[10.5, 9.2, 7.1, 10.5, 10.9], ∫ϰ²/L>=[16.5, 17.4, 13.2, 19.3, 20.3], C-C-Sep=0.08, ║∇J║=2.7e-04
Iteration 1708/2000-----
currents: [100000.0, 99999.99997016898, 99999.99997035849, 99999.99996214178, 99999.99996434129]
J=1.1e-04, ⟨Jf⟩=1.0e-04, ⟨B·n⟩=3.0e-03, Len=sum([2.4, 2.4, 2.4, 2.5, 2.6])=12.3, ϰ=[10.5, 9.2, 7.1, 10.5, 10.9], ∫ϰ²/L>=[16.6, 17.4, 13.2, 19.3, 20.3], C-C-Sep=0.08, ║∇J║=3.3e-04
Iteration 1709/2000-----
currents: [100000.0, 99999.9999701797, 99999.99997036887, 99999.9999621551, 99999.99996435382]
J=1.1e-04, ⟨Jf⟩=1.0e-04, ⟨B·n⟩=3.0e-03, Len=sum([2.4, 2.4, 2.4, 2.5, 2.6])=12.3, ϰ=[10.5, 9.2, 7.1, 10.5, 10.9], ∫ϰ²/L>=[16.5, 17.4, 13.2, 19.3, 20.3], C-C-Sep=0.08, ║∇J║=4.5e-04
Iteration 1710/2000-----
currents: [100000.0, 99999.99997001585, 99999.9999702106, 99999.99996195394, 99999.99996416268]
J=1.1e-04, ⟨Jf⟩=1.0e-04, ⟨B·n⟩=3.0e-03, Len=sum([2.4, 2.4, 2.4, 2.5, 2.6])=12.3, ϰ=[10.5, 9.2, 7.1, 10.5, 10.9], ∫ϰ²/L>=[16.6, 17.4, 13.2, 19.3, 20.3], C-C-Sep=0.08, ║∇J║=4.7e-04
Iteration 1711/2000-----
currents: [100000.0, 99999.9999701191, 99999.99997031025, 99999.99996208059, 99999.99996428294]
J=1.1e-04, ⟨Jf⟩=1.0e-04, ⟨B·n⟩=3.0e-03, Len=sum([2.4, 2.4, 2.4, 2.5, 2.6])=12.3, ϰ=[10.5, 9.2, 7.1, 10.5, 10.9], ∫ϰ²/L>=[16.5, 17.4, 13.2, 19.3, 20.3], C-C-Sep=0.08, ║∇J║=4.4e-04
Iteration 1712/2000-----
currents: [100000.0, 99999.99997010818, 99999.99997029972, 99999.99996206722, 99999.99996427025]
J=1.1e-04, ⟨Jf⟩=1.0e-04, ⟨B·n⟩=3.0e-03, Len=sum([2.4, 2.4, 2.4, 2.5, 2.6])=12.3, ϰ=[10.5, 9.2, 7.1, 10.5, 10.9], ∫ϰ²/L>=[16.5, 17.4, 13.2, 19.3, 20.3], C-C-Sep=0.08, ║∇J║=2.2e-04
Iteration 1713/2000-----
currents: [100000.0, 99999.99997007652, 99999.99997026917, 99999.99996202844, 99999.9999642333]
J=1.1e-04, ⟨Jf⟩=1.0e-04, ⟨B·n⟩=3.0e-03, Len=sum([2.4, 2.4, 2.4, 2.5, 2.6])=12.3, ϰ=[10.5, 9.2, 7.1, 10.5, 10.9], ∫ϰ²/L>=[16.5, 17.4, 13.2, 19.3, 20.3], C-C-Sep=0.08, ║∇J║=1.8e-04
Iteration 1714/2000-----
currents: [100000.0, 99999.99997002189, 99999.9999702164, 99999.99996196144, 99999.99996416955]
J=1.1e-04, ⟨Jf⟩=1.0e-04, ⟨B·n⟩=3.0e-03, Len=sum([2.4, 2.4, 2.4, 2.5, 2.6])=12.3, ϰ=[10.5, 9.2, 7.1, 10.5, 10.9], ∫ϰ²/L>=[16.6, 17.4, 13.2, 19.3, 20.3], C-C-Sep=0.08, ║∇J║=2.0e-04
Iteration 1715/2000-----
currents: [100000.0, 99999.99996994984, 99999.99997014683, 99999.99996187311, 99999.99996408542]
J=1.1e-04, ⟨Jf⟩=1.0e-04, ⟨B·n⟩=3.0e-03, Len=sum([2.4, 2.4, 2.4, 2.5, 2.6])=12.3, ϰ=[10.5, 9.3, 7.1, 10.5, 10.9], ∫ϰ²/L>=[16.6, 17.4, 13.2, 19.3, 20.3], C-C-Sep=0.08, ║∇J║=2.5e-04
Iteration 1716/2000-----
currents: [100000.0, 99999.99996988394, 99999.99997008314, 99999.99996179223, 99999.99996400843]
J=1.1e-04, ⟨Jf⟩=1.0e-04, ⟨B·n⟩=3.0e-03, Len=sum([2.4, 2.4, 2.4, 2.5, 2.6])=12.3, ϰ=[10.5, 9.3, 7.1, 10.5, 10.8], ∫ϰ²/L>=[16.6, 17.4, 13.2, 19.3, 20.3], C-C-Sep=0.08, ║∇J║=2.7e-04
Iteration 1717/2000-----
currents: [100000.0, 99999.99996989482, 99999.99997009366, 99999.99996180563, 99999.99996402116]
J=1.1e-04, ⟨Jf⟩=1.0e-04, ⟨B·n⟩=3.0e-03, Len=sum([2.4, 2.4, 2.4, 2.5, 2.6])=12.3, ϰ=[10.5, 9.3, 7.1, 10.5, 10.8], ∫ϰ²/L>=[16.5, 17.4, 13.2, 19.3, 20.3], C-C-Sep=0.08, ║∇J║=2.7e-04
Iteration 1718/2000-----
currents: [100000.0, 99999.99996987183, 99999.99997007151, 99999.99996177739, 99999.99996399439]
J=1.1e-04, ⟨Jf⟩=1.0e-04, ⟨B·n⟩=3.0e-03, Len=sum([2.4, 2.4, 2.4, 2.5, 2.6])=12.3, ϰ=[10.5, 9.3, 7.1, 10.5, 10.9], ∫ϰ²/L>=[16.5, 17.4, 13.2, 19.3, 20.3], C-C-Sep=0.08, ║∇J║=2.3e-04
Iteration 1719/2000-----
currents: [100000.0, 99999.99996982525, 99999.99997002652, 99999.99996172017, 99999.99996394006]
J=1.1e-04, ⟨Jf⟩=1.0e-04, ⟨B·n⟩=3.0e-03, Len=sum([2.4, 2.4, 2.4, 2.5, 2.6])=12.3, ϰ=[10.5, 9.3, 7.1, 10.5, 10.8], ∫ϰ²/L>=[16.5, 17.4, 13.2, 19.3, 20.3], C-C-Sep=0.08, ║∇J║=2.4e-04
Iteration 1720/2000-----
currents: [100000.0, 99999.99996978494, 99999.99996998758, 99999.9999616706, 99999.99996389307]
J=1.1e-04, ⟨Jf⟩=1.0e-04, ⟨B·n⟩=3.0e-03, Len=sum([2.4, 2.4, 2.4, 2.5, 2.6])=12.3, ϰ=[10.5, 9.3, 7.1, 10.5, 10.8], ∫ϰ²/L>=[16.5, 17.4, 13.2, 19.3, 20.3], C-C-Sep=0.08, ║∇J║=2.5e-04
Iteration 1721/2000-----
currents: [100000.0, 99999.9999697482, 99999.99996995201, 99999.99996162539, 99999.9999638501]
J=1.1e-04, ⟨Jf⟩=1.0e-04, ⟨B·n⟩=3.0e-03, Len=sum([2.4, 2.4, 2.4, 2.5, 2.6])=12.3, ϰ=[10.5, 9.3, 7.1, 10.5, 10.8], ∫ϰ²/L>=[16.5, 17.4, 13.2, 19.3, 20.3], C-C-Sep=0.08, ║∇J║=2.1e-04
Iteration 1722/2000-----
currents: [100000.0, 99999.99996969315, 99999.9999698988, 99999.99996155786, 99999.99996378587]
J=1.1e-04, ⟨Jf⟩=1.0e-04, ⟨B·n⟩=3.0e-03, Len=sum([2.4, 2.4, 2.4, 2.5, 2.6])=12.3, ϰ=[10.5, 9.3, 7.1, 10.5, 10.8], ∫ϰ²/L>=[16.5, 17.4, 13.2, 19.3, 20.3], C-C-Sep=0.08, ║∇J║=2.4e-04
Iteration 1723/2000-----
currents: [100000.0, 99999.99996968532, 99999.99996989124, 99999.99996154828, 99999.99996377688]
J=1.1e-04, ⟨Jf⟩=1.0e-04, ⟨B·n⟩=3.0e-03, Len=sum([2.4, 2.4, 2.4, 2.5, 2.6])=12.3, ϰ=[10.5, 9.3, 7.1, 10.6, 10.8], ∫ϰ²/L>=[16.5, 17.4, 13.2, 19.3, 20.3], C-C-Sep=0.08, ║∇J║=2.7e-04
Iteration 1724/2000-----
currents: [100000.0, 99999.99996959552, 99999.99996980446, 99999.99996143796, 99999.99996367218]
J=1.1e-04, ⟨Jf⟩=1.0e-04, ⟨B·n⟩=3.0e-03, Len=sum([2.4, 2.4, 2.4, 2.5, 2.6])=12.3, ϰ=[10.5, 9.3, 7.0, 10.6, 10.8], ∫ϰ²/L>=[16.5, 17.4, 13.2, 19.3, 20.3], C-C-Sep=0.08, ║∇J║=3.3e-04
Iteration 1725/2000-----
currents: [100000.0, 99999.999969634, 99999.9999698416, 99999.99996148518, 99999.99996371711]
J=1.1e-04, ⟨Jf⟩=1.0e-04, ⟨B·n⟩=3.0e-03, Len=sum([2.4, 2.4, 2.4, 2.5, 2.6])=12.3, ϰ=[10.5, 9.3, 7.0, 10.6, 10.8], ∫ϰ²/L>=[16.5, 17.4, 13.2, 19.3, 20.3], C-C-Sep=0.08, ║∇J║=2.6e-04
Iteration 1726/2000-----
currents: [100000.0, 99999.9999696483, 99999.99996985545, 99999.99996150276, 99999.9999637338]
J=1.1e-04, ⟨Jf⟩=1.0e-04, ⟨B·n⟩=3.0e-03, Len=sum([2.4, 2.4, 2.4, 2.5, 2.6])=12.3, ϰ=[10.5, 9.3, 7.1, 10.6, 10.8], ∫ϰ²/L>=[16.5, 17.4, 13.2, 19.3, 20.3], C-C-Sep=0.08, ║∇J║=2.5e-04
Iteration 1727/2000-----
currents: [100000.0, 99999.9999696291, 99999.99996983688, 99999.99996147914, 99999.99996371134]
J=1.1e-04, ⟨Jf⟩=1.0e-04, ⟨B·n⟩=3.0e-03, Len=sum([2.4, 2.4, 2.4, 2.5, 2.6])=12.3, ϰ=[10.5, 9.3, 7.1, 10.6, 10.8], ∫ϰ²/L>=[16.5, 17.4, 13.2, 19.3, 20.3], C-C-Sep=0.08, ║∇J║=2.2e-04
Iteration 1728/2000-----
currents: [100000.0, 99999.9999695628, 99999.99996977283, 99999.99996139777, 99999.99996363408]
J=1.1e-04, ⟨Jf⟩=1.0e-04, ⟨B·n⟩=3.0e-03, Len=sum([2.4, 2.4, 2.4, 2.5, 2.6])=12.3, ϰ=[10.5, 9.3, 7.1, 10.6, 10.8], ∫ϰ²/L>=[16.5, 17.4, 13.2, 19.3, 20.3], C-C-Sep=0.08, ║∇J║=2.1e-04
Iteration 1729/2000-----
currents: [100000.0, 99999.9999694521, 99999.99996966592, 99999.99996126202, 99999.99996350499]
J=1.1e-04, ⟨Jf⟩=1.0e-04, ⟨B·n⟩=3.0e-03, Len=sum([2.4, 2.4, 2.4, 2.5, 2.6])=12.3, ϰ=[10.5, 9.3, 7.1, 10.6, 10.8], ∫ϰ²/L>=[16.5, 17.4, 13.2, 19.3, 20.3], C-C-Sep=0.08, ║∇J║=2.8e-04
Iteration 1730/2000-----
currents: [100000.0, 99999.99996936887, 99999.99996958557, 99999.9999611601, 99999.9999634079]
J=1.1e-04, ⟨Jf⟩=1.0e-04, ⟨B·n⟩=3.0e-03, Len=sum([2.4, 2.4, 2.4, 2.5, 2.6])=12.3, ϰ=[10.5, 9.3, 7.1, 10.6, 10.8], ∫ϰ²/L>=[16.5, 17.4, 13.2, 19.3, 20.3], C-C-Sep=0.08, ║∇J║=3.3e-04
Iteration 1731/2000-----
currents: [100000.0, 99999.99996927615, 99999.99996949607, 99999.99996104668, 99999.99996329992]
J=1.1e-04, ⟨Jf⟩=1.0e-04, ⟨B·n⟩=3.0e-03, Len=sum([2.4, 2.4, 2.4, 2.5, 2.6])=12.3, ϰ=[10.5, 9.3, 7.1, 10.6, 10.9], ∫ϰ²/L>=[16.5, 17.4, 13.2, 19.3, 20.3], C-C-Sep=0.08, ║∇J║=3.0e-04
Iteration 1732/2000-----
currents: [100000.0, 99999.99996921756, 99999.9999694397, 99999.9999609753, 99999.99996323192]
J=1.1e-04, ⟨Jf⟩=1.0e-04, ⟨B·n⟩=3.0e-03, Len=sum([2.4, 2.4, 2.4, 2.5, 2.6])=12.3, ϰ=[10.6, 9.3, 7.1, 10.6, 10.9], ∫ϰ²/L>=[16.5, 17.4, 13.2, 19.3, 20.4], C-C-Sep=0.08, ║∇J║=3.5e-04
Iteration 1733/2000-----
currents: [100000.0, 99999.99996913376, 99999.99996935885, 99999.99996087277, 99999.9999631343]
J=1.1e-04, ⟨Jf⟩=1.0e-04, ⟨B·n⟩=3.0e-03, Len=sum([2.4, 2.4, 2.4, 2.5, 2.6])=12.3, ϰ=[10.6, 9.3, 7.1, 10.6, 10.9], ∫ϰ²/L>=[16.6, 17.4, 13.2, 19.3, 20.4], C-C-Sep=0.08, ║∇J║=3.1e-04
Iteration 1734/2000-----
currents: [100000.0, 99999.99996919287, 99999.999969416, 99999.99996094537, 99999.99996320334]
J=1.1e-04, ⟨Jf⟩=1.0e-04, ⟨B·n⟩=3.0e-03, Len=sum([2.4, 2.4, 2.4, 2.5, 2.6])=12.3, ϰ=[10.6, 9.3, 7.1, 10.6, 10.9], ∫ϰ²/L>=[16.5, 17.4, 13.2, 19.3, 20.4], C-C-Sep=0.08, ║∇J║=4.1e-04
Iteration 1735/2000-----
currents: [100000.0, 99999.99996907462, 99999.99996930183, 99999.99996080047, 99999.99996306565]
J=1.1e-04, ⟨Jf⟩=1.0e-04, ⟨B·n⟩=3.0e-03, Len=sum([2.4, 2.4, 2.4, 2.5, 2.6])=12.3, ϰ=[10.5, 9.3, 7.1, 10.6, 10.9], ∫ϰ²/L>=[16.6, 17.4, 13.2, 19.3, 20.4], C-C-Sep=0.08, ║∇J║=3.7e-04
Iteration 1736/2000-----
currents: [100000.0, 99999.99996908772, 99999.99996931442, 99999.99996081642, 99999.99996308086]
J=1.1e-04, ⟨Jf⟩=1.0e-04, ⟨B·n⟩=3.0e-03, Len=sum([2.4, 2.4, 2.4, 2.5, 2.6])=12.3, ϰ=[10.6, 9.3, 7.1, 10.6, 10.9], ∫ϰ²/L>=[16.5, 17.4, 13.2, 19.3, 20.4], C-C-Sep=0.08, ║∇J║=3.5e-04
Iteration 1737/2000-----
currents: [100000.0, 99999.99996908412, 99999.99996931099, 99999.9999608122, 99999.99996307676]
J=1.1e-04, ⟨Jf⟩=1.0e-04, ⟨B·n⟩=3.0e-03, Len=sum([2.4, 2.4, 2.4, 2.5, 2.6])=12.3, ϰ=[10.6, 9.3, 7.1, 10.6, 10.9], ∫ϰ²/L>=[16.5, 17.4, 13.2, 19.3, 20.4], C-C-Sep=0.08, ║∇J║=2.4e-04
Iteration 1738/2000-----
currents: [100000.0, 99999.9999690501, 99999.9999692782, 99999.99996077058, 99999.99996303719]
J=1.1e-04, ⟨Jf⟩=1.0e-04, ⟨B·n⟩=3.0e-03, Len=sum([2.4, 2.4, 2.4, 2.5, 2.6])=12.3, ϰ=[10.5, 9.3, 7.1, 10.6, 10.9], ∫ϰ²/L>=[16.5, 17.4, 13.2, 19.3, 20.4], C-C-Sep=0.08, ║∇J║=2.3e-04
Iteration 1739/2000-----
currents: [100000.0, 99999.99996901528, 99999.99996924457, 99999.99996072796, 99999.99996299662]
J=1.1e-04, ⟨Jf⟩=1.0e-04, ⟨B·n⟩=3.0e-03, Len=sum([2.4, 2.4, 2.4, 2.5, 2.6])=12.3, ϰ=[10.5, 9.3, 7.1, 10.6, 10.9], ∫ϰ²/L>=[16.5, 17.4, 13.2, 19.3, 20.4], C-C-Sep=0.08, ║∇J║=2.1e-04
Iteration 1740/2000-----
currents: [100000.0, 99999.99996895433, 99999.9999691857, 99999.9999606533, 99999.99996292558]
J=1.1e-04, ⟨Jf⟩=1.0e-04, ⟨B·n⟩=3.0e-03, Len=sum([2.4, 2.4, 2.4, 2.5, 2.6])=12.3, ϰ=[10.5, 9.3, 7.0, 10.6, 10.9], ∫ϰ²/L>=[16.6, 17.4, 13.2, 19.3, 20.4], C-C-Sep=0.08, ║∇J║=2.3e-04
Iteration 1741/2000-----
currents: [100000.0, 99999.9999689616, 99999.99996919274, 99999.9999606623, 99999.99996293405]
J=1.1e-04, ⟨Jf⟩=1.0e-04, ⟨B·n⟩=3.0e-03, Len=sum([2.4, 2.4, 2.4, 2.5, 2.6])=12.3, ϰ=[10.5, 9.3, 7.0, 10.5, 10.8], ∫ϰ²/L>=[16.5, 17.4, 13.2, 19.3, 20.4], C-C-Sep=0.08, ║∇J║=3.0e-04
Iteration 1742/2000-----
currents: [100000.0, 99999.99996896042, 99999.99996919162, 99999.99996066083, 99999.99996293262]
J=1.1e-04, ⟨Jf⟩=1.0e-04, ⟨B·n⟩=3.0e-03, Len=sum([2.4, 2.4, 2.4, 2.5, 2.6])=12.3, ϰ=[10.5, 9.3, 7.0, 10.5, 10.8], ∫ϰ²/L>=[16.6, 17.4, 13.2, 19.3, 20.4], C-C-Sep=0.08, ║∇J║=2.4e-04
Iteration 1743/2000-----
currents: [100000.0, 99999.99996894336, 99999.99996917525, 99999.99996063998, 99999.99996291271]
J=1.1e-04, ⟨Jf⟩=1.0e-04, ⟨B·n⟩=3.0e-03, Len=sum([2.4, 2.4, 2.4, 2.5, 2.6])=12.3, ϰ=[10.5, 9.3, 7.0, 10.5, 10.8], ∫ϰ²/L>=[16.5, 17.4, 13.2, 19.3, 20.3], C-C-Sep=0.08, ║∇J║=2.4e-04
Iteration 1744/2000-----
currents: [100000.0, 99999.9999689254, 99999.99996915797, 99999.99996061798, 99999.99996289179]
J=1.1e-04, ⟨Jf⟩=1.0e-04, ⟨B·n⟩=3.0e-03, Len=sum([2.4, 2.4, 2.4, 2.5, 2.6])=12.3, ϰ=[10.5, 9.3, 7.1, 10.5, 10.8], ∫ϰ²/L>=[16.5, 17.4, 13.2, 19.3, 20.3], C-C-Sep=0.08, ║∇J║=2.2e-04
Iteration 1745/2000-----
currents: [100000.0, 99999.99996887826, 99999.99996911257, 99999.99996056031, 99999.99996283694]
J=1.1e-04, ⟨Jf⟩=1.0e-04, ⟨B·n⟩=3.0e-03, Len=sum([2.4, 2.4, 2.4, 2.5, 2.6])=12.3, ϰ=[10.5, 9.3, 7.1, 10.6, 10.8], ∫ϰ²/L>=[16.5, 17.4, 13.2, 19.3, 20.3], C-C-Sep=0.08, ║∇J║=2.5e-04
Iteration 1746/2000-----
currents: [100000.0, 99999.99996882523, 99999.99996906145, 99999.99996049546, 99999.99996277525]
J=1.1e-04, ⟨Jf⟩=1.0e-04, ⟨B·n⟩=3.0e-03, Len=sum([2.4, 2.4, 2.4, 2.5, 2.6])=12.3, ϰ=[10.5, 9.3, 7.1, 10.6, 10.8], ∫ϰ²/L>=[16.5, 17.4, 13.2, 19.3, 20.3], C-C-Sep=0.08, ║∇J║=1.9e-04
Iteration 1747/2000-----
currents: [100000.0, 99999.99996874893, 99999.9999689879, 99999.99996040225, 99999.99996268649]
J=1.1e-04, ⟨Jf⟩=1.0e-04, ⟨B·n⟩=3.0e-03, Len=sum([2.4, 2.4, 2.4, 2.5, 2.6])=12.3, ϰ=[10.5, 9.2, 7.1, 10.5, 10.8], ∫ϰ²/L>=[16.5, 17.4, 13.2, 19.3, 20.4], C-C-Sep=0.08, ║∇J║=2.2e-04
Iteration 1748/2000-----
currents: [100000.0, 99999.99996858349, 99999.99996882834, 99999.9999602001, 99999.99996249394]
J=1.1e-04, ⟨Jf⟩=1.0e-04, ⟨B·n⟩=3.0e-03, Len=sum([2.4, 2.4, 2.4, 2.5, 2.6])=12.3, ϰ=[10.5, 9.2, 7.1, 10.5, 10.8], ∫ϰ²/L>=[16.5, 17.4, 13.2, 19.3, 20.4], C-C-Sep=0.08, ║∇J║=3.2e-04
Iteration 1749/2000-----
currents: [100000.0, 99999.99996860193, 99999.9999688462, 99999.99996022283, 99999.99996251543]
J=1.1e-04, ⟨Jf⟩=1.0e-04, ⟨B·n⟩=3.0e-03, Len=sum([2.4, 2.4, 2.4, 2.5, 2.6])=12.3, ϰ=[10.5, 9.2, 7.1, 10.5, 10.8], ∫ϰ²/L>=[16.5, 17.4, 13.2, 19.3, 20.4], C-C-Sep=0.08, ║∇J║=4.0e-04
Iteration 1750/2000-----
currents: [100000.0, 99999.99996858473, 99999.99996882962, 99999.99996020162, 99999.9999624953]
J=1.1e-04, ⟨Jf⟩=1.0e-04, ⟨B·n⟩=3.0e-03, Len=sum([2.4, 2.4, 2.4, 2.5, 2.6])=12.3, ϰ=[10.5, 9.2, 7.1, 10.6, 10.8], ∫ϰ²/L>=[16.5, 17.4, 13.2, 19.3, 20.4], C-C-Sep=0.08, ║∇J║=2.7e-04
Iteration 1751/2000-----
currents: [100000.0, 99999.99996852144, 99999.99996876862, 99999.99996012429, 99999.99996242166]
J=1.1e-04, ⟨Jf⟩=1.0e-04, ⟨B·n⟩=3.0e-03, Len=sum([2.4, 2.4, 2.4, 2.5, 2.6])=12.3, ϰ=[10.5, 9.2, 7.1, 10.6, 10.8], ∫ϰ²/L>=[16.5, 17.4, 13.2, 19.3, 20.4], C-C-Sep=0.08, ║∇J║=2.6e-04
Iteration 1752/2000-----
currents: [100000.0, 99999.99996842747, 99999.99996867802, 99999.99996000955, 99999.9999623123]
J=1.1e-04, ⟨Jf⟩=1.0e-04, ⟨B·n⟩=3.0e-03, Len=sum([2.4, 2.4, 2.4, 2.5, 2.6])=12.3, ϰ=[10.5, 9.2, 7.1, 10.6, 10.8], ∫ϰ²/L>=[16.5, 17.5, 13.2, 19.3, 20.4], C-C-Sep=0.08, ║∇J║=2.9e-04
Iteration 1753/2000-----
currents: [100000.0, 99999.99996840223, 99999.99996865373, 99999.99995997886, 99999.99996228298]
J=1.1e-04, ⟨Jf⟩=1.0e-04, ⟨B·n⟩=3.0e-03, Len=sum([2.4, 2.4, 2.4, 2.5, 2.6])=12.3, ϰ=[10.5, 9.2, 7.2, 10.6, 10.8], ∫ϰ²/L>=[16.5, 17.4, 13.2, 19.3, 20.4], C-C-Sep=0.08, ║∇J║=2.8e-04
Iteration 1754/2000-----
currents: [100000.0, 99999.99996832483, 99999.99996857916, 99999.9999598843, 99999.99996219296]
J=1.1e-04, ⟨Jf⟩=1.0e-04, ⟨B·n⟩=3.0e-03, Len=sum([2.4, 2.4, 2.4, 2.5, 2.6])=12.3, ϰ=[10.5, 9.2, 7.2, 10.6, 10.8], ∫ϰ²/L>=[16.5, 17.4, 13.2, 19.3, 20.4], C-C-Sep=0.08, ║∇J║=3.9e-04
Iteration 1755/2000-----
currents: [100000.0, 99999.99996839582, 99999.99996864767, 99999.99995997136, 99999.99996227585]
J=1.1e-04, ⟨Jf⟩=1.0e-04, ⟨B·n⟩=3.0e-03, Len=sum([2.4, 2.4, 2.4, 2.5, 2.6])=12.3, ϰ=[10.4, 9.2, 7.1, 10.6, 10.8], ∫ϰ²/L>=[16.4, 17.4, 13.2, 19.3, 20.4], C-C-Sep=0.08, ║∇J║=4.3e-04
Iteration 1756/2000-----
currents: [100000.0, 99999.99996831971, 99999.99996857435, 99999.99995987839, 99999.99996218733]
J=1.1e-04, ⟨Jf⟩=1.0e-04, ⟨B·n⟩=3.0e-03, Len=sum([2.4, 2.4, 2.4, 2.5, 2.6])=12.3, ϰ=[10.4, 9.2, 7.2, 10.6, 10.8], ∫ϰ²/L>=[16.5, 17.5, 13.2, 19.3, 20.4], C-C-Sep=0.08, ║∇J║=3.9e-04
Iteration 1757/2000-----
currents: [100000.0, 99999.99996830615, 99999.99996856124, 99999.99995986152, 99999.99996217132]
J=1.1e-04, ⟨Jf⟩=1.0e-04, ⟨B·n⟩=3.0e-03, Len=sum([2.4, 2.4, 2.4, 2.5, 2.6])=12.3, ϰ=[10.4, 9.2, 7.1, 10.6, 10.8], ∫ϰ²/L>=[16.5, 17.5, 13.2, 19.3, 20.4], C-C-Sep=0.08, ║∇J║=3.6e-04
Iteration 1758/2000-----
currents: [100000.0, 99999.99996829935, 99999.99996855472, 99999.99995985327, 99999.99996216346]
J=1.1e-04, ⟨Jf⟩=1.0e-04, ⟨B·n⟩=3.0e-03, Len=sum([2.4, 2.4, 2.4, 2.5, 2.6])=12.3, ϰ=[10.4, 9.2, 7.1, 10.6, 10.8], ∫ϰ²/L>=[16.5, 17.5, 13.2, 19.3, 20.4], C-C-Sep=0.08, ║∇J║=2.4e-04
Iteration 1759/2000-----
currents: [100000.0, 99999.99996829458, 99999.99996855017, 99999.99995984757, 99999.999962158]
J=1.1e-04, ⟨Jf⟩=1.0e-04, ⟨B·n⟩=3.0e-03, Len=sum([2.4, 2.4, 2.4, 2.5, 2.6])=12.3, ϰ=[10.4, 9.2, 7.1, 10.6, 10.8], ∫ϰ²/L>=[16.5, 17.5, 13.2, 19.3, 20.4], C-C-Sep=0.08, ║∇J║=2.5e-04
Iteration 1760/2000-----
currents: [100000.0, 99999.99996828196, 99999.99996853809, 99999.9999598321, 99999.99996214331]
J=1.1e-04, ⟨Jf⟩=1.0e-04, ⟨B·n⟩=3.0e-03, Len=sum([2.4, 2.4, 2.4, 2.5, 2.6])=12.3, ϰ=[10.4, 9.2, 7.1, 10.6, 10.8], ∫ϰ²/L>=[16.5, 17.5, 13.2, 19.3, 20.4], C-C-Sep=0.08, ║∇J║=2.1e-04
Iteration 1761/2000-----
currents: [100000.0, 99999.9999682245, 99999.99996848276, 99999.99995976177, 99999.99996207637]
J=1.1e-04, ⟨Jf⟩=1.0e-04, ⟨B·n⟩=3.0e-03, Len=sum([2.4, 2.4, 2.4, 2.5, 2.6])=12.3, ϰ=[10.4, 9.2, 7.1, 10.6, 10.8], ∫ϰ²/L>=[16.5, 17.5, 13.2, 19.3, 20.4], C-C-Sep=0.08, ║∇J║=2.5e-04
Iteration 1762/2000-----
currents: [100000.0, 99999.9999681991, 99999.99996845839, 99999.99995973076, 99999.99996204682]
J=1.1e-04, ⟨Jf⟩=1.0e-04, ⟨B·n⟩=3.0e-03, Len=sum([2.4, 2.4, 2.4, 2.5, 2.6])=12.3, ϰ=[10.4, 9.3, 7.2, 10.6, 10.8], ∫ϰ²/L>=[16.5, 17.5, 13.2, 19.3, 20.4], C-C-Sep=0.08, ║∇J║=2.4e-04
Iteration 1763/2000-----
currents: [100000.0, 99999.99996814765, 99999.99996840887, 99999.99995966787, 99999.99996198693]
J=1.1e-04, ⟨Jf⟩=1.0e-04, ⟨B·n⟩=3.0e-03, Len=sum([2.4, 2.4, 2.4, 2.5, 2.6])=12.3, ϰ=[10.4, 9.2, 7.2, 10.6, 10.8], ∫ϰ²/L>=[16.5, 17.5, 13.2, 19.3, 20.4], C-C-Sep=0.08, ║∇J║=2.2e-04
Iteration 1764/2000-----
currents: [100000.0, 99999.9999680756, 99999.99996833956, 99999.99995957999, 99999.99996190316]
J=1.1e-04, ⟨Jf⟩=1.0e-04, ⟨B·n⟩=3.0e-03, Len=sum([2.4, 2.4, 2.4, 2.5, 2.6])=12.3, ϰ=[10.4, 9.2, 7.2, 10.6, 10.8], ∫ϰ²/L>=[16.5, 17.5, 13.3, 19.3, 20.4], C-C-Sep=0.08, ║∇J║=3.1e-04
Iteration 1765/2000-----
currents: [100000.0, 99999.99996799286, 99999.99996825993, 99999.99995947901, 99999.999961807]
J=1.1e-04, ⟨Jf⟩=1.0e-04, ⟨B·n⟩=3.0e-03, Len=sum([2.4, 2.4, 2.4, 2.5, 2.6])=12.3, ϰ=[10.4, 9.2, 7.2, 10.6, 10.8], ∫ϰ²/L>=[16.5, 17.5, 13.3, 19.3, 20.4], C-C-Sep=0.08, ║∇J║=2.7e-04
Iteration 1766/2000-----
currents: [100000.0, 99999.99996793894, 99999.99996820795, 99999.99995941314, 99999.99996174427]
J=1.1e-04, ⟨Jf⟩=1.0e-04, ⟨B·n⟩=3.0e-03, Len=sum([2.4, 2.4, 2.4, 2.5, 2.6])=12.3, ϰ=[10.4, 9.2, 7.2, 10.6, 10.9], ∫ϰ²/L>=[16.5, 17.5, 13.3, 19.3, 20.4], C-C-Sep=0.08, ║∇J║=2.9e-04
Iteration 1767/2000-----
currents: [100000.0, 99999.99996780333, 99999.99996807722, 99999.99995924746, 99999.99996158647]
J=1.1e-04, ⟨Jf⟩=1.0e-04, ⟨B·n⟩=3.0e-03, Len=sum([2.4, 2.4, 2.4, 2.5, 2.6])=12.3, ϰ=[10.4, 9.2, 7.2, 10.6, 10.9], ∫ϰ²/L>=[16.5, 17.5, 13.3, 19.3, 20.5], C-C-Sep=0.08, ║∇J║=3.8e-04
Iteration 1768/2000-----
currents: [100000.0, 99999.99996785248, 99999.99996812458, 99999.99995930764, 99999.99996164376]
J=1.1e-04, ⟨Jf⟩=1.0e-04, ⟨B·n⟩=3.0e-03, Len=sum([2.4, 2.4, 2.4, 2.5, 2.6])=12.3, ϰ=[10.4, 9.2, 7.1, 10.6, 10.8], ∫ϰ²/L>=[16.5, 17.5, 13.3, 19.3, 20.4], C-C-Sep=0.08, ║∇J║=3.9e-04
Iteration 1769/2000-----
currents: [100000.0, 99999.99996778349, 99999.99996805807, 99999.99995922335, 99999.99996156349]
J=1.1e-04, ⟨Jf⟩=1.0e-04, ⟨B·n⟩=3.0e-03, Len=sum([2.4, 2.4, 2.4, 2.5, 2.6])=12.3, ϰ=[10.4, 9.2, 7.1, 10.6, 10.8], ∫ϰ²/L>=[16.5, 17.5, 13.3, 19.3, 20.5], C-C-Sep=0.08, ║∇J║=4.0e-04
Iteration 1770/2000-----
currents: [100000.0, 99999.99996777932, 99999.99996805398, 99999.99995921818, 99999.99996155857]
J=1.1e-04, ⟨Jf⟩=1.0e-04, ⟨B·n⟩=3.0e-03, Len=sum([2.4, 2.4, 2.4, 2.5, 2.6])=12.3, ϰ=[10.4, 9.2, 7.1, 10.6, 10.9], ∫ϰ²/L>=[16.5, 17.5, 13.3, 19.3, 20.5], C-C-Sep=0.08, ║∇J║=3.2e-04
Iteration 1771/2000-----
currents: [100000.0, 99999.99996773012, 99999.99996800654, 99999.99995915803, 99999.99996150125]
J=1.1e-04, ⟨Jf⟩=1.0e-04, ⟨B·n⟩=3.0e-03, Len=sum([2.4, 2.4, 2.4, 2.5, 2.6])=12.3, ϰ=[10.4, 9.2, 7.1, 10.6, 10.9], ∫ϰ²/L>=[16.5, 17.5, 13.3, 19.3, 20.5], C-C-Sep=0.08, ║∇J║=2.6e-04
Iteration 1772/2000-----
currents: [100000.0, 99999.99996769955, 99999.999967977, 99999.9999591207, 99999.99996146573]
J=1.1e-04, ⟨Jf⟩=1.0e-04, ⟨B·n⟩=3.0e-03, Len=sum([2.4, 2.4, 2.4, 2.5, 2.6])=12.3, ϰ=[10.4, 9.2, 7.1, 10.6, 10.8], ∫ϰ²/L>=[16.5, 17.5, 13.3, 19.3, 20.5], C-C-Sep=0.08, ║∇J║=2.8e-04
Iteration 1773/2000-----
currents: [100000.0, 99999.999967638, 99999.99996791763, 99999.99995904556, 99999.99996139412]
J=1.1e-04, ⟨Jf⟩=1.0e-04, ⟨B·n⟩=3.0e-03, Len=sum([2.4, 2.4, 2.4, 2.5, 2.6])=12.3, ϰ=[10.4, 9.2, 7.1, 10.6, 10.8], ∫ϰ²/L>=[16.5, 17.5, 13.3, 19.3, 20.5], C-C-Sep=0.08, ║∇J║=3.1e-04
Iteration 1774/2000-----
currents: [100000.0, 99999.99996761604, 99999.9999678964, 99999.99995901874, 99999.99996136854]
J=1.1e-04, ⟨Jf⟩=1.0e-04, ⟨B·n⟩=3.0e-03, Len=sum([2.4, 2.4, 2.4, 2.5, 2.6])=12.3, ϰ=[10.4, 9.2, 7.1, 10.6, 10.8], ∫ϰ²/L>=[16.5, 17.5, 13.3, 19.3, 20.5], C-C-Sep=0.08, ║∇J║=2.5e-04
Iteration 1775/2000-----
currents: [100000.0, 99999.99996757916, 99999.9999678608, 99999.99995897367, 99999.9999613256]
J=1.1e-04, ⟨Jf⟩=1.0e-04, ⟨B·n⟩=3.0e-03, Len=sum([2.4, 2.4, 2.4, 2.5, 2.6])=12.3, ϰ=[10.4, 9.2, 7.1, 10.6, 10.8], ∫ϰ²/L>=[16.5, 17.5, 13.3, 19.3, 20.4], C-C-Sep=0.08, ║∇J║=2.6e-04
Iteration 1776/2000-----
currents: [100000.0, 99999.99996756738, 99999.99996784935, 99999.99995895928, 99999.9999613118]
J=1.1e-04, ⟨Jf⟩=1.0e-04, ⟨B·n⟩=3.0e-03, Len=sum([2.4, 2.4, 2.4, 2.5, 2.6])=12.3, ϰ=[10.4, 9.2, 7.1, 10.6, 10.8], ∫ϰ²/L>=[16.5, 17.5, 13.3, 19.3, 20.4], C-C-Sep=0.08, ║∇J║=3.0e-04
Iteration 1777/2000-----
currents: [100000.0, 99999.9999675158, 99999.99996779968, 99999.9999588963, 99999.99996125183]
J=1.1e-04, ⟨Jf⟩=1.0e-04, ⟨B·n⟩=3.0e-03, Len=sum([2.4, 2.4, 2.4, 2.5, 2.6])=12.3, ϰ=[10.4, 9.3, 7.1, 10.6, 10.8], ∫ϰ²/L>=[16.5, 17.5, 13.3, 19.3, 20.4], C-C-Sep=0.08, ║∇J║=2.6e-04
Iteration 1778/2000-----
currents: [100000.0, 99999.9999675102, 99999.99996779428, 99999.99995888946, 99999.99996124525]
J=1.1e-04, ⟨Jf⟩=1.0e-04, ⟨B·n⟩=3.0e-03, Len=sum([2.4, 2.4, 2.4, 2.5, 2.6])=12.3, ϰ=[10.4, 9.3, 7.1, 10.6, 10.8], ∫ϰ²/L>=[16.5, 17.5, 13.3, 19.3, 20.4], C-C-Sep=0.08, ║∇J║=2.7e-04
Iteration 1779/2000-----
currents: [100000.0, 99999.99996746279, 99999.99996774858, 99999.99995883158, 99999.99996119004]
J=1.1e-04, ⟨Jf⟩=1.0e-04, ⟨B·n⟩=3.0e-03, Len=sum([2.4, 2.4, 2.4, 2.5, 2.6])=12.3, ϰ=[10.4, 9.3, 7.1, 10.6, 10.8], ∫ϰ²/L>=[16.6, 17.5, 13.3, 19.3, 20.4], C-C-Sep=0.08, ║∇J║=2.4e-04
Iteration 1780/2000-----
currents: [100000.0, 99999.99996742865, 99999.99996771564, 99999.99995878986, 99999.99996115032]
J=1.1e-04, ⟨Jf⟩=1.0e-04, ⟨B·n⟩=3.0e-03, Len=sum([2.4, 2.4, 2.4, 2.5, 2.6])=12.3, ϰ=[10.4, 9.3, 7.1, 10.6, 10.8], ∫ϰ²/L>=[16.5, 17.5, 13.3, 19.3, 20.4], C-C-Sep=0.08, ║∇J║=2.4e-04
Iteration 1781/2000-----
currents: [100000.0, 99999.99996734671, 99999.99996763676, 99999.9999586899, 99999.99996105503]
J=1.1e-04, ⟨Jf⟩=1.0e-04, ⟨B·n⟩=3.0e-03, Len=sum([2.4, 2.4, 2.4, 2.5, 2.6])=12.3, ϰ=[10.5, 9.3, 7.1, 10.6, 10.8], ∫ϰ²/L>=[16.6, 17.5, 13.3, 19.3, 20.4], C-C-Sep=0.08, ║∇J║=2.7e-04
Iteration 1782/2000-----
currents: [100000.0, 99999.9999672749, 99999.99996756761, 99999.99995860228, 99999.99996097155]
J=1.1e-04, ⟨Jf⟩=1.0e-04, ⟨B·n⟩=3.0e-03, Len=sum([2.4, 2.4, 2.4, 2.5, 2.6])=12.3, ϰ=[10.5, 9.3, 7.1, 10.6, 10.8], ∫ϰ²/L>=[16.6, 17.5, 13.3, 19.2, 20.4], C-C-Sep=0.08, ║∇J║=2.9e-04
Iteration 1783/2000-----
currents: [100000.0, 99999.99996721168, 99999.99996750672, 99999.99995852521, 99999.99996089806]
J=1.1e-04, ⟨Jf⟩=1.0e-04, ⟨B·n⟩=3.0e-03, Len=sum([2.4, 2.4, 2.4, 2.5, 2.6])=12.3, ϰ=[10.5, 9.3, 7.1, 10.6, 10.8], ∫ϰ²/L>=[16.6, 17.5, 13.3, 19.2, 20.4], C-C-Sep=0.08, ║∇J║=2.7e-04
Iteration 1784/2000-----
currents: [100000.0, 99999.99996712644, 99999.99996742465, 99999.99995842132, 99999.99996079893]
J=1.1e-04, ⟨Jf⟩=1.0e-04, ⟨B·n⟩=3.0e-03, Len=sum([2.4, 2.4, 2.4, 2.5, 2.6])=12.3, ϰ=[10.5, 9.3, 7.2, 10.6, 10.8], ∫ϰ²/L>=[16.6, 17.5, 13.3, 19.2, 20.4], C-C-Sep=0.08, ║∇J║=3.1e-04
Iteration 1785/2000-----
currents: [100000.0, 99999.99996708016, 99999.99996738005, 99999.99995836505, 99999.99996074518]
J=1.1e-04, ⟨Jf⟩=1.0e-04, ⟨B·n⟩=3.0e-03, Len=sum([2.4, 2.4, 2.4, 2.5, 2.6])=12.3, ϰ=[10.5, 9.3, 7.1, 10.6, 10.8], ∫ϰ²/L>=[16.6, 17.5, 13.3, 19.2, 20.4], C-C-Sep=0.08, ║∇J║=3.1e-04
Iteration 1786/2000-----
currents: [100000.0, 99999.99996698124, 99999.99996728475, 99999.99995824453, 99999.99996063014]
J=1.1e-04, ⟨Jf⟩=1.0e-04, ⟨B·n⟩=3.0e-03, Len=sum([2.4, 2.4, 2.4, 2.5, 2.6])=12.3, ϰ=[10.5, 9.3, 7.1, 10.6, 10.8], ∫ϰ²/L>=[16.6, 17.5, 13.3, 19.2, 20.5], C-C-Sep=0.08, ║∇J║=3.2e-04
Iteration 1787/2000-----
currents: [100000.0, 99999.99996675679, 99999.99996706862, 99999.9999579712, 99999.99996036924]
J=1.1e-04, ⟨Jf⟩=1.0e-04, ⟨B·n⟩=3.0e-03, Len=sum([2.4, 2.4, 2.4, 2.5, 2.6])=12.3, ϰ=[10.6, 9.2, 7.1, 10.6, 10.7], ∫ϰ²/L>=[16.6, 17.5, 13.3, 19.2, 20.5], C-C-Sep=0.08, ║∇J║=4.9e-04
Iteration 1788/2000-----
currents: [100000.0, 99999.99996687938, 99999.99996718667, 99999.99995812049, 99999.99996051175]
J=1.1e-04, ⟨Jf⟩=1.0e-04, ⟨B·n⟩=3.0e-03, Len=sum([2.4, 2.4, 2.4, 2.5, 2.6])=12.3, ϰ=[10.6, 9.3, 7.1, 10.6, 10.7], ∫ϰ²/L>=[16.6, 17.5, 13.3, 19.2, 20.5], C-C-Sep=0.08, ║∇J║=3.2e-04
Iteration 1789/2000-----
currents: [100000.0, 99999.9999669088, 99999.99996721522, 99999.999958157, 99999.99996054619]
J=1.1e-04, ⟨Jf⟩=1.0e-04, ⟨B·n⟩=3.0e-03, Len=sum([2.4, 2.4, 2.4, 2.5, 2.6])=12.3, ϰ=[10.6, 9.2, 7.1, 10.6, 10.7], ∫ϰ²/L>=[16.6, 17.4, 13.3, 19.2, 20.4], C-C-Sep=0.08, ║∇J║=7.0e-04
Iteration 1790/2000-----
currents: [100000.0, 99999.99996688937, 99999.99996719636, 99999.99995813289, 99999.99996052345]
J=1.1e-04, ⟨Jf⟩=1.0e-04, ⟨B·n⟩=3.0e-03, Len=sum([2.4, 2.4, 2.4, 2.5, 2.6])=12.3, ϰ=[10.6, 9.2, 7.1, 10.6, 10.7], ∫ϰ²/L>=[16.6, 17.5, 13.3, 19.2, 20.5], C-C-Sep=0.08, ║∇J║=3.1e-04
Iteration 1791/2000-----
currents: [100000.0, 99999.99996682486, 99999.99996713424, 99999.99995805435, 99999.99996044856]
J=1.1e-04, ⟨Jf⟩=1.0e-04, ⟨B·n⟩=3.0e-03, Len=sum([2.4, 2.4, 2.4, 2.5, 2.6])=12.3, ϰ=[10.6, 9.2, 7.1, 10.6, 10.7], ∫ϰ²/L>=[16.6, 17.4, 13.3, 19.3, 20.5], C-C-Sep=0.08, ║∇J║=4.0e-04
Iteration 1792/2000-----
currents: [100000.0, 99999.99996682568, 99999.99996713504, 99999.99995805533, 99999.99996044957]
J=1.1e-04, ⟨Jf⟩=1.0e-04, ⟨B·n⟩=3.0e-03, Len=sum([2.4, 2.4, 2.4, 2.5, 2.6])=12.3, ϰ=[10.6, 9.2, 7.1, 10.6, 10.7], ∫ϰ²/L>=[16.6, 17.4, 13.3, 19.2, 20.5], C-C-Sep=0.08, ║∇J║=3.6e-04
Iteration 1793/2000-----
currents: [100000.0, 99999.99996681037, 99999.99996712028, 99999.99995803671, 99999.99996043184]
J=1.1e-04, ⟨Jf⟩=1.0e-04, ⟨B·n⟩=3.0e-03, Len=sum([2.4, 2.4, 2.4, 2.5, 2.6])=12.3, ϰ=[10.6, 9.2, 7.1, 10.6, 10.7], ∫ϰ²/L>=[16.6, 17.4, 13.3, 19.2, 20.5], C-C-Sep=0.08, ║∇J║=2.3e-04
Iteration 1794/2000-----
currents: [100000.0, 99999.9999667772, 99999.99996708836, 99999.99995799632, 99999.99996039331]
J=1.1e-04, ⟨Jf⟩=1.0e-04, ⟨B·n⟩=3.0e-03, Len=sum([2.4, 2.4, 2.4, 2.5, 2.6])=12.3, ϰ=[10.6, 9.2, 7.1, 10.6, 10.7], ∫ϰ²/L>=[16.6, 17.4, 13.3, 19.2, 20.5], C-C-Sep=0.08, ║∇J║=2.5e-04
Iteration 1795/2000-----
currents: [100000.0, 99999.99996675175, 99999.99996706388, 99999.99995796544, 99999.99996036393]
J=1.1e-04, ⟨Jf⟩=1.0e-04, ⟨B·n⟩=3.0e-03, Len=sum([2.4, 2.4, 2.4, 2.5, 2.6])=12.3, ϰ=[10.6, 9.2, 7.2, 10.6, 10.7], ∫ϰ²/L>=[16.6, 17.4, 13.3, 19.2, 20.5], C-C-Sep=0.08, ║∇J║=3.1e-04
Iteration 1796/2000-----
currents: [100000.0, 99999.99996674112, 99999.9999670536, 99999.99995795243, 99999.9999603515]
J=1.1e-04, ⟨Jf⟩=1.0e-04, ⟨B·n⟩=3.0e-03, Len=sum([2.4, 2.4, 2.4, 2.5, 2.6])=12.3, ϰ=[10.6, 9.2, 7.1, 10.6, 10.7], ∫ϰ²/L>=[16.6, 17.4, 13.3, 19.2, 20.5], C-C-Sep=0.08, ║∇J║=2.3e-04
Iteration 1797/2000-----
currents: [100000.0, 99999.99996672824, 99999.99996704119, 99999.99995793668, 99999.99996033648]
J=1.1e-04, ⟨Jf⟩=1.0e-04, ⟨B·n⟩=3.0e-03, Len=sum([2.4, 2.4, 2.4, 2.5, 2.6])=12.3, ϰ=[10.6, 9.2, 7.2, 10.6, 10.7], ∫ϰ²/L>=[16.6, 17.4, 13.3, 19.2, 20.5], C-C-Sep=0.08, ║∇J║=2.4e-04
Iteration 1798/2000-----
currents: [100000.0, 99999.99996670119, 99999.99996701519, 99999.99995790375, 99999.9999603051]
J=1.1e-04, ⟨Jf⟩=1.0e-04, ⟨B·n⟩=3.0e-03, Len=sum([2.4, 2.4, 2.4, 2.5, 2.6])=12.3, ϰ=[10.6, 9.2, 7.2, 10.6, 10.7], ∫ϰ²/L>=[16.6, 17.4, 13.3, 19.2, 20.5], C-C-Sep=0.08, ║∇J║=2.5e-04
Iteration 1799/2000-----
currents: [100000.0, 99999.99996664844, 99999.99996696447, 99999.99995783948, 99999.99996024385]
J=1.1e-04, ⟨Jf⟩=1.0e-04, ⟨B·n⟩=3.0e-03, Len=sum([2.4, 2.4, 2.4, 2.5, 2.6])=12.3, ϰ=[10.6, 9.2, 7.2, 10.7, 10.7], ∫ϰ²/L>=[16.6, 17.4, 13.3, 19.2, 20.5], C-C-Sep=0.08, ║∇J║=2.7e-04
Iteration 1800/2000-----
currents: [100000.0, 99999.99996663726, 99999.99996695372, 99999.99995782586, 99999.9999602309]
J=1.1e-04, ⟨Jf⟩=1.0e-04, ⟨B·n⟩=3.0e-03, Len=sum([2.4, 2.4, 2.4, 2.5, 2.6])=12.3, ϰ=[10.6, 9.2, 7.2, 10.7, 10.7], ∫ϰ²/L>=[16.6, 17.4, 13.3, 19.2, 20.5], C-C-Sep=0.08, ║∇J║=2.6e-04
Iteration 1801/2000-----
currents: [100000.0, 99999.99996664458, 99999.99996696074, 99999.99995783468, 99999.99996023937]
J=1.1e-04, ⟨Jf⟩=1.0e-04, ⟨B·n⟩=3.0e-03, Len=sum([2.4, 2.4, 2.4, 2.5, 2.6])=12.3, ϰ=[10.6, 9.2, 7.2, 10.7, 10.7], ∫ϰ²/L>=[16.6, 17.4, 13.3, 19.2, 20.5], C-C-Sep=0.08, ║∇J║=2.2e-04
Iteration 1802/2000-----
currents: [100000.0, 99999.99996661895, 99999.99996693598, 99999.99995780335, 99999.99996020958]
J=1.1e-04, ⟨Jf⟩=1.0e-04, ⟨B·n⟩=3.0e-03, Len=sum([2.4, 2.4, 2.4, 2.5, 2.6])=12.3, ϰ=[10.6, 9.2, 7.2, 10.6, 10.7], ∫ϰ²/L>=[16.6, 17.4, 13.3, 19.2, 20.5], C-C-Sep=0.08, ║∇J║=2.6e-04
Iteration 1803/2000-----
currents: [100000.0, 99999.99996658931, 99999.9999669074, 99999.99995776716, 99999.99996017503]
J=1.1e-04, ⟨Jf⟩=1.0e-04, ⟨B·n⟩=3.0e-03, Len=sum([2.4, 2.4, 2.4, 2.6, 2.6])=12.3, ϰ=[10.6, 9.2, 7.2, 10.6, 10.7], ∫ϰ²/L>=[16.6, 17.4, 13.3, 19.2, 20.5], C-C-Sep=0.08, ║∇J║=2.3e-04
Iteration 1804/2000-----
currents: [100000.0, 99999.99996656674, 99999.99996688559, 99999.9999577396, 99999.99996014877]
J=1.1e-04, ⟨Jf⟩=1.0e-04, ⟨B·n⟩=3.0e-03, Len=sum([2.4, 2.4, 2.4, 2.6, 2.6])=12.3, ϰ=[10.6, 9.2, 7.2, 10.6, 10.7], ∫ϰ²/L>=[16.6, 17.4, 13.3, 19.2, 20.5], C-C-Sep=0.08, ║∇J║=2.2e-04
Iteration 1805/2000-----
currents: [100000.0, 99999.9999664971, 99999.99996681845, 99999.99995765471, 99999.99996006777]
J=1.1e-04, ⟨Jf⟩=1.0e-04, ⟨B·n⟩=3.0e-03, Len=sum([2.4, 2.4, 2.4, 2.6, 2.6])=12.3, ϰ=[10.6, 9.2, 7.2, 10.6, 10.7], ∫ϰ²/L>=[16.6, 17.4, 13.3, 19.2, 20.5], C-C-Sep=0.08, ║∇J║=2.4e-04
Iteration 1806/2000-----
currents: [100000.0, 99999.99996636825, 99999.99996669427, 99999.99995749773, 99999.99995991802]
J=1.1e-04, ⟨Jf⟩=1.0e-04, ⟨B·n⟩=3.0e-03, Len=sum([2.4, 2.4, 2.4, 2.6, 2.6])=12.3, ϰ=[10.6, 9.1, 7.2, 10.6, 10.7], ∫ϰ²/L>=[16.6, 17.3, 13.3, 19.2, 20.5], C-C-Sep=0.08, ║∇J║=3.2e-04
Iteration 1807/2000-----
currents: [100000.0, 99999.9999663413, 99999.99996666839, 99999.99995746501, 99999.99995988673]
J=1.1e-04, ⟨Jf⟩=1.0e-04, ⟨B·n⟩=3.0e-03, Len=sum([2.4, 2.4, 2.4, 2.6, 2.6])=12.3, ϰ=[10.6, 9.1, 7.2, 10.6, 10.7], ∫ϰ²/L>=[16.6, 17.3, 13.3, 19.2, 20.5], C-C-Sep=0.08, ║∇J║=2.9e-04
Iteration 1808/2000-----
currents: [100000.0, 99999.9999663042, 99999.99996663266, 99999.99995741982, 99999.99995984354]
J=1.1e-04, ⟨Jf⟩=1.0e-04, ⟨B·n⟩=3.0e-03, Len=sum([2.4, 2.4, 2.4, 2.6, 2.6])=12.3, ϰ=[10.6, 9.1, 7.2, 10.6, 10.6], ∫ϰ²/L>=[16.6, 17.3, 13.3, 19.2, 20.5], C-C-Sep=0.08, ║∇J║=3.0e-04
Iteration 1809/2000-----
currents: [100000.0, 99999.99996621754, 99999.99996654919, 99999.99995731427, 99999.99995974274]
J=1.1e-04, ⟨Jf⟩=1.0e-04, ⟨B·n⟩=3.0e-03, Len=sum([2.4, 2.4, 2.4, 2.6, 2.6])=12.3, ϰ=[10.6, 9.1, 7.2, 10.6, 10.6], ∫ϰ²/L>=[16.6, 17.3, 13.3, 19.2, 20.5], C-C-Sep=0.08, ║∇J║=2.5e-04
Iteration 1810/2000-----
currents: [100000.0, 99999.99996610843, 99999.99996644403, 99999.99995718141, 99999.99995961598]
J=1.1e-04, ⟨Jf⟩=1.0e-04, ⟨B·n⟩=3.0e-03, Len=sum([2.4, 2.4, 2.4, 2.6, 2.6])=12.3, ϰ=[10.6, 9.1, 7.1, 10.5, 10.6], ∫ϰ²/L>=[16.6, 17.3, 13.3, 19.2, 20.5], C-C-Sep=0.08, ║∇J║=3.6e-04
Iteration 1811/2000-----
currents: [100000.0, 99999.99996610549, 99999.99996644113, 99999.99995717783, 99999.99995961243]
J=1.1e-04, ⟨Jf⟩=1.0e-04, ⟨B·n⟩=3.0e-03, Len=sum([2.4, 2.4, 2.4, 2.6, 2.6])=12.3, ϰ=[10.6, 9.1, 7.1, 10.5, 10.6], ∫ϰ²/L>=[16.6, 17.3, 13.3, 19.2, 20.5], C-C-Sep=0.08, ║∇J║=3.1e-04
Iteration 1812/2000-----
currents: [100000.0, 99999.9999659828, 99999.999966323, 99999.99995702844, 99999.99995946977]
J=1.1e-04, ⟨Jf⟩=1.0e-04, ⟨B·n⟩=3.0e-03, Len=sum([2.4, 2.4, 2.4, 2.6, 2.6])=12.3, ϰ=[10.6, 9.1, 7.1, 10.5, 10.6], ∫ϰ²/L>=[16.7, 17.3, 13.3, 19.2, 20.5], C-C-Sep=0.08, ║∇J║=5.3e-04
Iteration 1813/2000-----
currents: [100000.0, 99999.9999660413, 99999.99996637931, 99999.99995709966, 99999.99995953779]
J=1.1e-04, ⟨Jf⟩=1.0e-04, ⟨B·n⟩=3.0e-03, Len=sum([2.4, 2.4, 2.4, 2.6, 2.6])=12.3, ϰ=[10.6, 9.1, 7.1, 10.5, 10.6], ∫ϰ²/L>=[16.7, 17.3, 13.3, 19.2, 20.5], C-C-Sep=0.08, ║∇J║=3.1e-04
Iteration 1814/2000-----
currents: [100000.0, 99999.99996602353, 99999.99996636232, 99999.99995707828, 99999.99995951726]
J=1.1e-04, ⟨Jf⟩=1.0e-04, ⟨B·n⟩=3.0e-03, Len=sum([2.4, 2.4, 2.4, 2.6, 2.6])=12.3, ϰ=[10.6, 9.1, 7.1, 10.5, 10.7], ∫ϰ²/L>=[16.6, 17.3, 13.3, 19.2, 20.5], C-C-Sep=0.08, ║∇J║=4.0e-04
Iteration 1815/2000-----
currents: [100000.0, 99999.99996590946, 99999.99996625236, 99999.99995693935, 99999.99995938457]
J=1.1e-04, ⟨Jf⟩=1.0e-04, ⟨B·n⟩=3.0e-03, Len=sum([2.4, 2.4, 2.4, 2.6, 2.6])=12.3, ϰ=[10.6, 9.1, 7.1, 10.5, 10.7], ∫ϰ²/L>=[16.7, 17.3, 13.4, 19.2, 20.5], C-C-Sep=0.08, ║∇J║=3.8e-04
Iteration 1816/2000-----
currents: [100000.0, 99999.9999658097, 99999.99996615622, 99999.99995681786, 99999.99995926856]
J=1.1e-04, ⟨Jf⟩=1.0e-04, ⟨B·n⟩=3.0e-03, Len=sum([2.4, 2.4, 2.4, 2.6, 2.6])=12.3, ϰ=[10.6, 9.1, 7.1, 10.5, 10.7], ∫ϰ²/L>=[16.7, 17.3, 13.4, 19.2, 20.5], C-C-Sep=0.08, ║∇J║=3.5e-04
Iteration 1817/2000-----
currents: [100000.0, 99999.99996577625, 99999.9999661241, 99999.9999567773, 99999.99995922987]
J=1.1e-04, ⟨Jf⟩=1.0e-04, ⟨B·n⟩=3.0e-03, Len=sum([2.4, 2.4, 2.4, 2.6, 2.6])=12.3, ϰ=[10.6, 9.0, 7.1, 10.5, 10.7], ∫ϰ²/L>=[16.7, 17.3, 13.4, 19.2, 20.5], C-C-Sep=0.08, ║∇J║=3.3e-04
Iteration 1818/2000-----
currents: [100000.0, 99999.99996571091, 99999.9999660613, 99999.99995669798, 99999.99995915401]
J=1.1e-04, ⟨Jf⟩=1.0e-04, ⟨B·n⟩=3.0e-03, Len=sum([2.4, 2.4, 2.4, 2.6, 2.6])=12.3, ϰ=[10.6, 9.0, 7.1, 10.5, 10.7], ∫ϰ²/L>=[16.7, 17.3, 13.4, 19.2, 20.5], C-C-Sep=0.08, ║∇J║=3.1e-04
Iteration 1819/2000-----
currents: [100000.0, 99999.99996564917, 99999.99996600188, 99999.99995662287, 99999.99995908234]
J=1.1e-04, ⟨Jf⟩=1.0e-04, ⟨B·n⟩=3.0e-03, Len=sum([2.4, 2.4, 2.4, 2.6, 2.6])=12.3, ϰ=[10.6, 9.0, 7.1, 10.5, 10.7], ∫ϰ²/L>=[16.7, 17.3, 13.4, 19.2, 20.5], C-C-Sep=0.08, ║∇J║=3.1e-04
Iteration 1820/2000-----
currents: [100000.0, 99999.99996550588, 99999.99996586396, 99999.99995644859, 99999.99995891601]
J=1.1e-04, ⟨Jf⟩=1.0e-04, ⟨B·n⟩=3.0e-03, Len=sum([2.4, 2.4, 2.4, 2.6, 2.6])=12.3, ϰ=[10.6, 9.0, 7.1, 10.4, 10.7], ∫ϰ²/L>=[16.7, 17.3, 13.4, 19.2, 20.6], C-C-Sep=0.08, ║∇J║=4.4e-04
Iteration 1821/2000-----
currents: [100000.0, 99999.9999655787, 99999.99996593411, 99999.99995653724, 99999.99995900074]
J=1.1e-04, ⟨Jf⟩=1.0e-04, ⟨B·n⟩=3.0e-03, Len=sum([2.4, 2.4, 2.4, 2.6, 2.6])=12.3, ϰ=[10.6, 9.0, 7.1, 10.4, 10.7], ∫ϰ²/L>=[16.7, 17.3, 13.4, 19.2, 20.5], C-C-Sep=0.08, ║∇J║=4.9e-04
Iteration 1822/2000-----
currents: [100000.0, 99999.99996550383, 99999.99996586192, 99999.99995644594, 99999.99995891363]
J=1.1e-04, ⟨Jf⟩=1.0e-04, ⟨B·n⟩=3.0e-03, Len=sum([2.4, 2.4, 2.4, 2.6, 2.6])=12.3, ϰ=[10.6, 9.0, 7.1, 10.4, 10.7], ∫ϰ²/L>=[16.7, 17.3, 13.4, 19.2, 20.5], C-C-Sep=0.08, ║∇J║=5.3e-04
Iteration 1823/2000-----
currents: [100000.0, 99999.99996550362, 99999.99996586185, 99999.99995644587, 99999.99995891342]
J=1.1e-04, ⟨Jf⟩=1.0e-04, ⟨B·n⟩=3.0e-03, Len=sum([2.4, 2.4, 2.4, 2.6, 2.6])=12.3, ϰ=[10.6, 9.0, 7.1, 10.4, 10.7], ∫ϰ²/L>=[16.7, 17.3, 13.4, 19.2, 20.5], C-C-Sep=0.08, ║∇J║=3.5e-04
Iteration 1824/2000-----
currents: [100000.0, 99999.99996545317, 99999.99996581333, 99999.9999563845, 99999.99995885493]
J=1.1e-04, ⟨Jf⟩=1.0e-04, ⟨B·n⟩=3.0e-03, Len=sum([2.4, 2.4, 2.4, 2.6, 2.6])=12.3, ϰ=[10.6, 9.0, 7.1, 10.4, 10.7], ∫ϰ²/L>=[16.6, 17.3, 13.4, 19.2, 20.5], C-C-Sep=0.08, ║∇J║=3.0e-04
Iteration 1825/2000-----
currents: [100000.0, 99999.99996546042, 99999.99996582033, 99999.99995639327, 99999.99995886334]
J=1.1e-04, ⟨Jf⟩=1.0e-04, ⟨B·n⟩=3.0e-03, Len=sum([2.4, 2.4, 2.4, 2.6, 2.6])=12.3, ϰ=[10.6, 9.0, 7.1, 10.4, 10.7], ∫ϰ²/L>=[16.6, 17.3, 13.4, 19.2, 20.5], C-C-Sep=0.08, ║∇J║=3.0e-04
Iteration 1826/2000-----
currents: [100000.0, 99999.9999654434, 99999.99996580395, 99999.99995637247, 99999.99995884344]
J=1.1e-04, ⟨Jf⟩=1.0e-04, ⟨B·n⟩=3.0e-03, Len=sum([2.4, 2.4, 2.4, 2.6, 2.6])=12.3, ϰ=[10.5, 9.0, 7.1, 10.4, 10.7], ∫ϰ²/L>=[16.6, 17.3, 13.4, 19.2, 20.5], C-C-Sep=0.08, ║∇J║=3.1e-04
Iteration 1827/2000-----
currents: [100000.0, 99999.99996543389, 99999.99996579482, 99999.99995636083, 99999.99995883241]
J=1.1e-04, ⟨Jf⟩=1.0e-04, ⟨B·n⟩=3.0e-03, Len=sum([2.4, 2.4, 2.4, 2.6, 2.6])=12.3, ϰ=[10.5, 9.0, 7.1, 10.4, 10.7], ∫ϰ²/L>=[16.6, 17.3, 13.4, 19.2, 20.5], C-C-Sep=0.08, ║∇J║=2.9e-04
Iteration 1828/2000-----
currents: [100000.0, 99999.99996535257, 99999.99996571659, 99999.99995626182, 99999.99995873791]
J=1.1e-04, ⟨Jf⟩=1.0e-04, ⟨B·n⟩=3.0e-03, Len=sum([2.4, 2.4, 2.4, 2.6, 2.6])=12.3, ϰ=[10.5, 9.0, 7.1, 10.4, 10.8], ∫ϰ²/L>=[16.6, 17.3, 13.4, 19.2, 20.5], C-C-Sep=0.08, ║∇J║=2.9e-04
Iteration 1829/2000-----
currents: [100000.0, 99999.99996527389, 99999.99996564079, 99999.99995616592, 99999.99995864631]
J=1.1e-04, ⟨Jf⟩=1.0e-04, ⟨B·n⟩=3.0e-03, Len=sum([2.4, 2.4, 2.4, 2.6, 2.6])=12.3, ϰ=[10.5, 8.9, 7.2, 10.4, 10.8], ∫ϰ²/L>=[16.6, 17.2, 13.4, 19.2, 20.5], C-C-Sep=0.08, ║∇J║=3.5e-04
Iteration 1830/2000-----
currents: [100000.0, 99999.99996517613, 99999.99996554661, 99999.99995604681, 99999.99995853261]
J=1.1e-04, ⟨Jf⟩=1.0e-04, ⟨B·n⟩=3.0e-03, Len=sum([2.4, 2.4, 2.4, 2.6, 2.6])=12.3, ϰ=[10.5, 8.9, 7.1, 10.4, 10.8], ∫ϰ²/L>=[16.6, 17.2, 13.4, 19.2, 20.6], C-C-Sep=0.08, ║∇J║=3.1e-04
Iteration 1831/2000-----
currents: [100000.0, 99999.999965064, 99999.99996543863, 99999.99995591043, 99999.99995840223]
J=1.1e-04, ⟨Jf⟩=1.0e-04, ⟨B·n⟩=3.0e-03, Len=sum([2.4, 2.4, 2.4, 2.6, 2.6])=12.3, ϰ=[10.5, 8.9, 7.1, 10.3, 10.8], ∫ϰ²/L>=[16.6, 17.2, 13.4, 19.2, 20.6], C-C-Sep=0.08, ║∇J║=3.9e-04
Iteration 1832/2000-----
currents: [100000.0, 99999.99996508234, 99999.99996545631, 99999.99995593281, 99999.99995842345]
J=1.1e-04, ⟨Jf⟩=1.0e-04, ⟨B·n⟩=3.0e-03, Len=sum([2.4, 2.4, 2.4, 2.6, 2.6])=12.3, ϰ=[10.5, 8.9, 7.1, 10.3, 10.8], ∫ϰ²/L>=[16.6, 17.2, 13.4, 19.2, 20.5], C-C-Sep=0.08, ║∇J║=3.8e-04
Iteration 1833/2000-----
currents: [100000.0, 99999.99996502422, 99999.99996540025, 99999.99995586209, 99999.99995835581]
J=1.1e-04, ⟨Jf⟩=1.0e-04, ⟨B·n⟩=3.0e-03, Len=sum([2.4, 2.4, 2.4, 2.6, 2.6])=12.3, ϰ=[10.6, 8.9, 7.1, 10.3, 10.8], ∫ϰ²/L>=[16.6, 17.2, 13.4, 19.2, 20.6], C-C-Sep=0.08, ║∇J║=2.7e-04
Iteration 1834/2000-----
currents: [100000.0, 99999.99996503763, 99999.99996541314, 99999.99995587852, 99999.99995837138]
J=1.1e-04, ⟨Jf⟩=1.0e-04, ⟨B·n⟩=3.0e-03, Len=sum([2.4, 2.4, 2.4, 2.6, 2.6])=12.3, ϰ=[10.6, 8.9, 7.1, 10.3, 10.8], ∫ϰ²/L>=[16.6, 17.2, 13.4, 19.2, 20.6], C-C-Sep=0.08, ║∇J║=3.4e-04
Iteration 1835/2000-----
currents: [100000.0, 99999.99996496369, 99999.99996534204, 99999.99995578859, 99999.9999582854]
J=1.1e-04, ⟨Jf⟩=1.0e-04, ⟨B·n⟩=3.0e-03, Len=sum([2.4, 2.4, 2.4, 2.6, 2.6])=12.3, ϰ=[10.6, 8.9, 7.1, 10.3, 10.8], ∫ϰ²/L>=[16.6, 17.2, 13.4, 19.2, 20.6], C-C-Sep=0.08, ║∇J║=2.7e-04
Iteration 1836/2000-----
currents: [100000.0, 99999.9999649535, 99999.99996533222, 99999.99995577619, 99999.99995827352]
J=1.1e-04, ⟨Jf⟩=1.0e-04, ⟨B·n⟩=3.0e-03, Len=sum([2.4, 2.4, 2.4, 2.6, 2.6])=12.3, ϰ=[10.6, 8.9, 7.1, 10.3, 10.8], ∫ϰ²/L>=[16.6, 17.2, 13.4, 19.2, 20.5], C-C-Sep=0.08, ║∇J║=2.6e-04
Iteration 1837/2000-----
currents: [100000.0, 99999.99996491174, 99999.99996529208, 99999.99995572543, 99999.99995822506]
J=1.1e-04, ⟨Jf⟩=1.0e-04, ⟨B·n⟩=3.0e-03, Len=sum([2.4, 2.4, 2.4, 2.6, 2.6])=12.3, ϰ=[10.6, 8.9, 7.1, 10.4, 10.8], ∫ϰ²/L>=[16.6, 17.2, 13.4, 19.2, 20.5], C-C-Sep=0.08, ║∇J║=2.7e-04
Iteration 1838/2000-----
currents: [100000.0, 99999.99996486942, 99999.99996525144, 99999.99995567411, 99999.99995817593]
J=1.1e-04, ⟨Jf⟩=1.0e-04, ⟨B·n⟩=3.0e-03, Len=sum([2.4, 2.4, 2.4, 2.6, 2.6])=12.3, ϰ=[10.6, 8.8, 7.2, 10.4, 10.8], ∫ϰ²/L>=[16.6, 17.2, 13.4, 19.2, 20.5], C-C-Sep=0.08, ║∇J║=2.7e-04
Iteration 1839/2000-----
currents: [100000.0, 99999.9999647883, 99999.99996517335, 99999.99995557543, 99999.99995808155]
J=1.1e-04, ⟨Jf⟩=1.0e-04, ⟨B·n⟩=3.0e-03, Len=sum([2.4, 2.4, 2.4, 2.6, 2.6])=12.3, ϰ=[10.6, 8.8, 7.2, 10.4, 10.8], ∫ϰ²/L>=[16.6, 17.2, 13.4, 19.2, 20.5], C-C-Sep=0.08, ║∇J║=3.3e-04
Iteration 1840/2000-----
currents: [100000.0, 99999.99996467674, 99999.99996506599, 99999.99995543974, 99999.99995795186]
J=1.1e-04, ⟨Jf⟩=1.0e-04, ⟨B·n⟩=3.0e-03, Len=sum([2.4, 2.4, 2.4, 2.6, 2.6])=12.3, ϰ=[10.6, 8.8, 7.2, 10.4, 10.8], ∫ϰ²/L>=[16.6, 17.2, 13.4, 19.2, 20.5], C-C-Sep=0.08, ║∇J║=3.5e-04
Iteration 1841/2000-----
currents: [100000.0, 99999.99996445357, 99999.99996485119, 99999.99995516828, 99999.99995769236]
J=1.1e-04, ⟨Jf⟩=1.0e-04, ⟨B·n⟩=3.0e-03, Len=sum([2.4, 2.4, 2.4, 2.6, 2.6])=12.3, ϰ=[10.6, 8.7, 7.3, 10.4, 10.8], ∫ϰ²/L>=[16.6, 17.3, 13.4, 19.1, 20.5], C-C-Sep=0.08, ║∇J║=5.6e-04
Iteration 1842/2000-----
currents: [100000.0, 99999.99996456236, 99999.9999649559, 99999.99995530062, 99999.99995781887]
J=1.1e-04, ⟨Jf⟩=1.0e-04, ⟨B·n⟩=3.0e-03, Len=sum([2.4, 2.4, 2.4, 2.6, 2.6])=12.3, ϰ=[10.6, 8.8, 7.3, 10.4, 10.8], ∫ϰ²/L>=[16.6, 17.3, 13.4, 19.1, 20.5], C-C-Sep=0.08, ║∇J║=3.8e-04
Iteration 1843/2000-----
currents: [100000.0, 99999.99996452163, 99999.99996491667, 99999.99995525114, 99999.99995777148]
J=1.1e-04, ⟨Jf⟩=1.0e-04, ⟨B·n⟩=3.0e-03, Len=sum([2.4, 2.4, 2.4, 2.6, 2.6])=12.3, ϰ=[10.6, 8.8, 7.3, 10.4, 10.8], ∫ϰ²/L>=[16.6, 17.3, 13.4, 19.1, 20.5], C-C-Sep=0.08, ║∇J║=4.9e-04
Iteration 1844/2000-----
currents: [100000.0, 99999.99996448334, 99999.99996487988, 99999.99995520468, 99999.99995772708]
J=1.1e-04, ⟨Jf⟩=1.0e-04, ⟨B·n⟩=3.0e-03, Len=sum([2.4, 2.4, 2.4, 2.6, 2.6])=12.3, ϰ=[10.6, 8.8, 7.3, 10.4, 10.8], ∫ϰ²/L>=[16.6, 17.3, 13.4, 19.1, 20.5], C-C-Sep=0.08, ║∇J║=3.9e-04
Iteration 1845/2000-----
currents: [100000.0, 99999.9999645106, 99999.99996490622, 99999.99995523786, 99999.9999577588]
J=1.1e-04, ⟨Jf⟩=1.0e-04, ⟨B·n⟩=3.0e-03, Len=sum([2.4, 2.4, 2.4, 2.6, 2.6])=12.3, ϰ=[10.6, 8.8, 7.3, 10.4, 10.8], ∫ϰ²/L>=[16.6, 17.3, 13.4, 19.1, 20.5], C-C-Sep=0.08, ║∇J║=3.3e-04
Iteration 1846/2000-----
currents: [100000.0, 99999.99996443419, 99999.99996483274, 99999.99995514506, 99999.99995767005]
J=1.1e-04, ⟨Jf⟩=1.0e-04, ⟨B·n⟩=3.0e-03, Len=sum([2.4, 2.4, 2.4, 2.6, 2.6])=12.3, ϰ=[10.6, 8.7, 7.3, 10.4, 10.7], ∫ϰ²/L>=[16.6, 17.3, 13.4, 19.1, 20.5], C-C-Sep=0.08, ║∇J║=3.6e-04
Iteration 1847/2000-----
currents: [100000.0, 99999.99996444705, 99999.99996484522, 99999.99995516079, 99999.99995768518]
J=1.1e-04, ⟨Jf⟩=1.0e-04, ⟨B·n⟩=3.0e-03, Len=sum([2.4, 2.4, 2.4, 2.6, 2.6])=12.3, ϰ=[10.6, 8.8, 7.3, 10.4, 10.7], ∫ϰ²/L>=[16.6, 17.3, 13.4, 19.1, 20.5], C-C-Sep=0.08, ║∇J║=3.5e-04
Iteration 1848/2000-----
currents: [100000.0, 99999.99996441911, 99999.9999648183, 99999.99995512677, 99999.99995765275]
J=1.1e-04, ⟨Jf⟩=1.0e-04, ⟨B·n⟩=3.0e-03, Len=sum([2.4, 2.4, 2.4, 2.6, 2.6])=12.3, ϰ=[10.6, 8.8, 7.3, 10.4, 10.7], ∫ϰ²/L>=[16.6, 17.3, 13.4, 19.2, 20.5], C-C-Sep=0.08, ║∇J║=2.9e-04
Iteration 1849/2000-----
currents: [100000.0, 99999.99996440262, 99999.99996480244, 99999.99995510674, 99999.99995763364]
J=1.1e-04, ⟨Jf⟩=1.0e-04, ⟨B·n⟩=3.0e-03, Len=sum([2.4, 2.4, 2.4, 2.6, 2.6])=12.3, ϰ=[10.6, 8.8, 7.2, 10.4, 10.7], ∫ϰ²/L>=[16.6, 17.3, 13.4, 19.2, 20.5], C-C-Sep=0.08, ║∇J║=2.7e-04
Iteration 1850/2000-----
currents: [100000.0, 99999.99996434836, 99999.99996475027, 99999.99995504081, 99999.9999575707]
J=1.1e-04, ⟨Jf⟩=1.0e-04, ⟨B·n⟩=3.0e-03, Len=sum([2.4, 2.4, 2.4, 2.6, 2.6])=12.3, ϰ=[10.6, 8.8, 7.2, 10.4, 10.7], ∫ϰ²/L>=[16.6, 17.3, 13.4, 19.2, 20.5], C-C-Sep=0.08, ║∇J║=2.7e-04
Iteration 1851/2000-----
currents: [100000.0, 99999.99996431575, 99999.99996471887, 99999.99995500119, 99999.99995753296]
J=1.1e-04, ⟨Jf⟩=1.0e-04, ⟨B·n⟩=3.0e-03, Len=sum([2.4, 2.4, 2.4, 2.6, 2.6])=12.3, ϰ=[10.6, 8.9, 7.2, 10.4, 10.7], ∫ϰ²/L>=[16.6, 17.3, 13.4, 19.2, 20.5], C-C-Sep=0.08, ║∇J║=2.9e-04
Iteration 1852/2000-----
currents: [100000.0, 99999.99996427455, 99999.99996467923, 99999.9999549511, 99999.99995748514]
J=1.1e-04, ⟨Jf⟩=1.0e-04, ⟨B·n⟩=3.0e-03, Len=sum([2.4, 2.4, 2.4, 2.6, 2.6])=12.3, ϰ=[10.6, 8.9, 7.2, 10.4, 10.7], ∫ϰ²/L>=[16.6, 17.3, 13.4, 19.2, 20.5], C-C-Sep=0.08, ║∇J║=2.5e-04
Iteration 1853/2000-----
currents: [100000.0, 99999.99996424328, 99999.9999646492, 99999.99995491323, 99999.99995744899]
J=1.1e-04, ⟨Jf⟩=1.0e-04, ⟨B·n⟩=3.0e-03, Len=sum([2.4, 2.4, 2.4, 2.6, 2.6])=12.3, ϰ=[10.6, 8.9, 7.2, 10.4, 10.7], ∫ϰ²/L>=[16.6, 17.3, 13.4, 19.2, 20.5], C-C-Sep=0.08, ║∇J║=2.5e-04
Iteration 1854/2000-----
currents: [100000.0, 99999.99996419362, 99999.99996460145, 99999.99995485294, 99999.9999573914]
J=1.1e-04, ⟨Jf⟩=1.0e-04, ⟨B·n⟩=3.0e-03, Len=sum([2.4, 2.4, 2.4, 2.6, 2.6])=12.3, ϰ=[10.6, 8.9, 7.2, 10.4, 10.7], ∫ϰ²/L>=[16.5, 17.3, 13.4, 19.2, 20.5], C-C-Sep=0.08, ║∇J║=2.9e-04
Iteration 1855/2000-----
currents: [100000.0, 99999.99996417314, 99999.99996458179, 99999.9999548282, 99999.99995736775]
J=1.1e-04, ⟨Jf⟩=1.0e-04, ⟨B·n⟩=3.0e-03, Len=sum([2.4, 2.4, 2.4, 2.6, 2.6])=12.3, ϰ=[10.6, 8.9, 7.2, 10.4, 10.7], ∫ϰ²/L>=[16.5, 17.3, 13.4, 19.2, 20.5], C-C-Sep=0.08, ║∇J║=2.8e-04
Iteration 1856/2000-----
currents: [100000.0, 99999.99996413445, 99999.99996454458, 99999.99995478119, 99999.9999573228]
J=1.1e-04, ⟨Jf⟩=1.0e-04, ⟨B·n⟩=3.0e-03, Len=sum([2.4, 2.4, 2.4, 2.6, 2.6])=12.3, ϰ=[10.5, 9.0, 7.2, 10.4, 10.7], ∫ϰ²/L>=[16.5, 17.3, 13.4, 19.2, 20.5], C-C-Sep=0.08, ║∇J║=2.6e-04
Iteration 1857/2000-----
currents: [100000.0, 99999.99996409658, 99999.99996450813, 99999.99995473519, 99999.99995727884]
J=1.1e-04, ⟨Jf⟩=1.0e-04, ⟨B·n⟩=3.0e-03, Len=sum([2.4, 2.4, 2.4, 2.6, 2.6])=12.3, ϰ=[10.5, 9.0, 7.2, 10.4, 10.7], ∫ϰ²/L>=[16.5, 17.3, 13.4, 19.2, 20.5], C-C-Sep=0.08, ║∇J║=2.8e-04
Iteration 1858/2000-----
currents: [100000.0, 99999.99996399842, 99999.99996441368, 99999.9999546159, 99999.99995716487]
J=1.1e-04, ⟨Jf⟩=1.0e-04, ⟨B·n⟩=3.0e-03, Len=sum([2.4, 2.4, 2.4, 2.6, 2.6])=12.3, ϰ=[10.5, 9.0, 7.2, 10.4, 10.7], ∫ϰ²/L>=[16.5, 17.3, 13.4, 19.2, 20.5], C-C-Sep=0.08, ║∇J║=3.3e-04
Iteration 1859/2000-----
currents: [100000.0, 99999.99996388942, 99999.99996430892, 99999.99995448359, 99999.99995703835]
J=1.1e-04, ⟨Jf⟩=1.0e-04, ⟨B·n⟩=3.0e-03, Len=sum([2.4, 2.4, 2.4, 2.6, 2.6])=12.3, ϰ=[10.5, 9.0, 7.2, 10.4, 10.7], ∫ϰ²/L>=[16.5, 17.4, 13.4, 19.2, 20.5], C-C-Sep=0.08, ║∇J║=3.4e-04
Iteration 1860/2000-----
currents: [100000.0, 99999.99996383436, 99999.999964256, 99999.9999544168, 99999.99995697453]
J=1.1e-04, ⟨Jf⟩=1.0e-04, ⟨B·n⟩=3.0e-03, Len=sum([2.4, 2.4, 2.4, 2.6, 2.6])=12.3, ϰ=[10.4, 9.0, 7.2, 10.4, 10.7], ∫ϰ²/L>=[16.4, 17.4, 13.4, 19.2, 20.5], C-C-Sep=0.08, ║∇J║=4.4e-04
Iteration 1861/2000-----
currents: [100000.0, 99999.9999637586, 99999.99996418328, 99999.99995432499, 99999.99995688676]
J=1.1e-04, ⟨Jf⟩=1.0e-04, ⟨B·n⟩=3.0e-03, Len=sum([2.4, 2.4, 2.4, 2.6, 2.6])=12.3, ϰ=[10.4, 9.0, 7.2, 10.4, 10.7], ∫ϰ²/L>=[16.4, 17.4, 13.4, 19.2, 20.5], C-C-Sep=0.08, ║∇J║=3.5e-04
Iteration 1862/2000-----
currents: [100000.0, 99999.99996379447, 99999.99996421786, 99999.99995436872, 99999.99995692851]
J=1.1e-04, ⟨Jf⟩=1.0e-04, ⟨B·n⟩=3.0e-03, Len=sum([2.4, 2.4, 2.4, 2.6, 2.6])=12.3, ϰ=[10.4, 9.0, 7.1, 10.3, 10.7], ∫ϰ²/L>=[16.4, 17.3, 13.4, 19.2, 20.5], C-C-Sep=0.08, ║∇J║=3.5e-04
Iteration 1863/2000-----
currents: [100000.0, 99999.99996365744, 99999.99996408602, 99999.99995420229, 99999.99995676946]
J=1.1e-04, ⟨Jf⟩=1.0e-04, ⟨B·n⟩=3.0e-03, Len=sum([2.4, 2.4, 2.4, 2.6, 2.6])=12.3, ϰ=[10.4, 9.0, 7.1, 10.3, 10.7], ∫ϰ²/L>=[16.4, 17.4, 13.4, 19.2, 20.5], C-C-Sep=0.08, ║∇J║=4.1e-04
Iteration 1864/2000-----
currents: [100000.0, 99999.99996366644, 99999.9999640947, 99999.99995421333, 99999.99995677992]
J=1.1e-04, ⟨Jf⟩=1.0e-04, ⟨B·n⟩=3.0e-03, Len=sum([2.4, 2.4, 2.4, 2.6, 2.6])=12.3, ϰ=[10.4, 9.0, 7.1, 10.3, 10.7], ∫ϰ²/L>=[16.5, 17.4, 13.4, 19.2, 20.5], C-C-Sep=0.08, ║∇J║=4.1e-04
Iteration 1865/2000-----
currents: [100000.0, 99999.99996365554, 99999.99996408426, 99999.99995420022, 99999.99995676732]
J=1.1e-04, ⟨Jf⟩=1.0e-04, ⟨B·n⟩=3.0e-03, Len=sum([2.4, 2.4, 2.4, 2.6, 2.6])=12.3, ϰ=[10.4, 9.0, 7.1, 10.3, 10.7], ∫ϰ²/L>=[16.5, 17.3, 13.4, 19.2, 20.5], C-C-Sep=0.08, ║∇J║=3.0e-04
Iteration 1866/2000-----
currents: [100000.0, 99999.9999635984, 99999.99996402931, 99999.99995413086, 99999.99995670104]
J=1.1e-04, ⟨Jf⟩=1.0e-04, ⟨B·n⟩=3.0e-03, Len=sum([2.4, 2.4, 2.4, 2.6, 2.6])=12.3, ϰ=[10.4, 9.0, 7.1, 10.3, 10.7], ∫ϰ²/L>=[16.4, 17.4, 13.4, 19.2, 20.5], C-C-Sep=0.08, ║∇J║=2.9e-04
Iteration 1867/2000-----
currents: [100000.0, 99999.99996351008, 99999.99996394438, 99999.99995402373, 99999.99995659855]
J=1.1e-04, ⟨Jf⟩=1.0e-04, ⟨B·n⟩=3.0e-03, Len=sum([2.4, 2.4, 2.4, 2.6, 2.6])=12.3, ϰ=[10.4, 9.0, 7.1, 10.3, 10.7], ∫ϰ²/L>=[16.4, 17.3, 13.4, 19.2, 20.5], C-C-Sep=0.08, ║∇J║=3.5e-04
Iteration 1868/2000-----
currents: [100000.0, 99999.99996346561, 99999.99996390172, 99999.99995396985, 99999.99995654705]
J=1.1e-04, ⟨Jf⟩=1.0e-04, ⟨B·n⟩=3.0e-03, Len=sum([2.4, 2.4, 2.4, 2.6, 2.6])=12.3, ϰ=[10.4, 9.0, 7.1, 10.3, 10.7], ∫ϰ²/L>=[16.4, 17.3, 13.4, 19.2, 20.5], C-C-Sep=0.08, ║∇J║=3.2e-04
Iteration 1869/2000-----
currents: [100000.0, 99999.99996343309, 99999.99996387053, 99999.99995393047, 99999.99995650939]
J=1.1e-04, ⟨Jf⟩=1.0e-04, ⟨B·n⟩=3.0e-03, Len=sum([2.4, 2.4, 2.4, 2.6, 2.6])=12.3, ϰ=[10.4, 9.0, 7.1, 10.3, 10.7], ∫ϰ²/L>=[16.4, 17.3, 13.3, 19.2, 20.5], C-C-Sep=0.08, ║∇J║=3.0e-04
Iteration 1870/2000-----
currents: [100000.0, 99999.99996338325, 99999.99996382273, 99999.99995386998, 99999.9999564516]
J=1.1e-04, ⟨Jf⟩=1.0e-04, ⟨B·n⟩=3.0e-03, Len=sum([2.4, 2.4, 2.4, 2.6, 2.6])=12.3, ϰ=[10.4, 9.0, 7.1, 10.3, 10.7], ∫ϰ²/L>=[16.4, 17.3, 13.3, 19.2, 20.5], C-C-Sep=0.08, ║∇J║=3.6e-04
Iteration 1871/2000-----
currents: [100000.0, 99999.99996334253, 99999.99996378364, 99999.9999538206, 99999.99995640435]
J=1.1e-04, ⟨Jf⟩=1.0e-04, ⟨B·n⟩=3.0e-03, Len=sum([2.4, 2.4, 2.4, 2.6, 2.6])=12.3, ϰ=[10.4, 9.0, 7.2, 10.3, 10.8], ∫ϰ²/L>=[16.4, 17.3, 13.3, 19.2, 20.5], C-C-Sep=0.08, ║∇J║=3.3e-04
Iteration 1872/2000-----
currents: [100000.0, 99999.99996330286, 99999.9999637456, 99999.9999537726, 99999.99995635837]
J=1.1e-04, ⟨Jf⟩=1.0e-04, ⟨B·n⟩=3.0e-03, Len=sum([2.4, 2.4, 2.4, 2.6, 2.6])=12.3, ϰ=[10.4, 9.0, 7.1, 10.3, 10.8], ∫ϰ²/L>=[16.4, 17.3, 13.3, 19.2, 20.5], C-C-Sep=0.08, ║∇J║=3.4e-04
Iteration 1873/2000-----
currents: [100000.0, 99999.99996328342, 99999.99996372692, 99999.99995374902, 99999.99995633571]
J=1.1e-04, ⟨Jf⟩=1.0e-04, ⟨B·n⟩=3.0e-03, Len=sum([2.4, 2.4, 2.4, 2.6, 2.6])=12.3, ϰ=[10.4, 9.0, 7.1, 10.3, 10.8], ∫ϰ²/L>=[16.4, 17.3, 13.3, 19.2, 20.5], C-C-Sep=0.08, ║∇J║=3.3e-04
Iteration 1874/2000-----
currents: [100000.0, 99999.99996321349, 99999.99996365984, 99999.99995366436, 99999.99995625467]
J=1.1e-04, ⟨Jf⟩=1.0e-04, ⟨B·n⟩=3.0e-03, Len=sum([2.4, 2.4, 2.4, 2.6, 2.6])=12.3, ϰ=[10.5, 9.0, 7.1, 10.3, 10.7], ∫ϰ²/L>=[16.4, 17.3, 13.3, 19.2, 20.5], C-C-Sep=0.08, ║∇J║=3.2e-04
Iteration 1875/2000-----
currents: [100000.0, 99999.99996321081, 99999.99996365732, 99999.9999536612, 99999.99995625151]
J=1.1e-04, ⟨Jf⟩=1.0e-04, ⟨B·n⟩=3.0e-03, Len=sum([2.4, 2.4, 2.4, 2.6, 2.6])=12.3, ϰ=[10.5, 9.0, 7.1, 10.3, 10.7], ∫ϰ²/L>=[16.4, 17.3, 13.3, 19.2, 20.5], C-C-Sep=0.08, ║∇J║=3.2e-04
Iteration 1876/2000-----
currents: [100000.0, 99999.9999631109, 99999.99996356132, 99999.99995353997, 99999.9999561355]
J=1.1e-04, ⟨Jf⟩=1.0e-04, ⟨B·n⟩=3.0e-03, Len=sum([2.4, 2.4, 2.4, 2.6, 2.6])=12.3, ϰ=[10.5, 9.0, 7.1, 10.3, 10.7], ∫ϰ²/L>=[16.4, 17.3, 13.3, 19.2, 20.5], C-C-Sep=0.08, ║∇J║=3.6e-04
Iteration 1877/2000-----
currents: [100000.0, 99999.99996309263, 99999.99996354389, 99999.9999535179, 99999.9999561143]
J=1.1e-04, ⟨Jf⟩=1.0e-04, ⟨B·n⟩=3.0e-03, Len=sum([2.4, 2.4, 2.4, 2.6, 2.6])=12.3, ϰ=[10.5, 9.0, 7.2, 10.3, 10.7], ∫ϰ²/L>=[16.4, 17.3, 13.3, 19.2, 20.5], C-C-Sep=0.08, ║∇J║=3.9e-04
Iteration 1878/2000-----
currents: [100000.0, 99999.99996304161, 99999.99996349488, 99999.99995345593, 99999.99995605495]
J=1.1e-04, ⟨Jf⟩=1.0e-04, ⟨B·n⟩=3.0e-03, Len=sum([2.4, 2.4, 2.4, 2.6, 2.6])=12.3, ϰ=[10.5, 9.0, 7.2, 10.3, 10.7], ∫ϰ²/L>=[16.4, 17.3, 13.3, 19.2, 20.5], C-C-Sep=0.08, ║∇J║=3.6e-04
Iteration 1879/2000-----
currents: [100000.0, 99999.9999630512, 99999.99996350407, 99999.99995346766, 99999.99995606615]
J=1.1e-04, ⟨Jf⟩=1.0e-04, ⟨B·n⟩=3.0e-03, Len=sum([2.4, 2.4, 2.4, 2.6, 2.6])=12.3, ϰ=[10.5, 9.0, 7.1, 10.3, 10.7], ∫ϰ²/L>=[16.4, 17.3, 13.3, 19.2, 20.5], C-C-Sep=0.08, ║∇J║=3.8e-04
Iteration 1880/2000-----
currents: [100000.0, 99999.999962978, 99999.99996343371, 99999.99995337887, 99999.99995598121]
J=1.1e-04, ⟨Jf⟩=1.0e-04, ⟨B·n⟩=3.0e-03, Len=sum([2.4, 2.4, 2.4, 2.6, 2.6])=12.3, ϰ=[10.5, 9.0, 7.1, 10.3, 10.7], ∫ϰ²/L>=[16.4, 17.4, 13.3, 19.2, 20.5], C-C-Sep=0.08, ║∇J║=3.9e-04
Iteration 1881/2000-----
currents: [100000.0, 99999.99996297977, 99999.99996343542, 99999.99995338096, 99999.99995598312]
J=1.1e-04, ⟨Jf⟩=1.0e-04, ⟨B·n⟩=3.0e-03, Len=sum([2.4, 2.4, 2.4, 2.6, 2.6])=12.3, ϰ=[10.5, 9.0, 7.1, 10.3, 10.7], ∫ϰ²/L>=[16.4, 17.4, 13.3, 19.2, 20.5], C-C-Sep=0.08, ║∇J║=3.9e-04
Iteration 1882/2000-----
currents: [100000.0, 99999.99996291783, 99999.99996337594, 99999.99995330587, 99999.99995591122]
J=1.1e-04, ⟨Jf⟩=1.0e-04, ⟨B·n⟩=3.0e-03, Len=sum([2.4, 2.4, 2.4, 2.6, 2.6])=12.3, ϰ=[10.5, 9.0, 7.1, 10.3, 10.7], ∫ϰ²/L>=[16.4, 17.4, 13.3, 19.2, 20.4], C-C-Sep=0.08, ║∇J║=3.3e-04
Iteration 1883/2000-----
currents: [100000.0, 99999.99996286008, 99999.9999633205, 99999.99995323588, 99999.99995584427]
J=1.1e-04, ⟨Jf⟩=1.0e-04, ⟨B·n⟩=3.0e-03, Len=sum([2.4, 2.4, 2.4, 2.6, 2.6])=12.3, ϰ=[10.5, 9.0, 7.1, 10.3, 10.7], ∫ϰ²/L>=[16.4, 17.4, 13.3, 19.2, 20.4], C-C-Sep=0.08, ║∇J║=2.7e-04
Iteration 1884/2000-----
currents: [100000.0, 99999.99996272413, 99999.99996318994, 99999.99995307116, 99999.99995568661]
J=1.1e-04, ⟨Jf⟩=1.0e-04, ⟨B·n⟩=3.0e-03, Len=sum([2.4, 2.4, 2.4, 2.6, 2.6])=12.3, ϰ=[10.5, 9.0, 7.1, 10.3, 10.7], ∫ϰ²/L>=[16.4, 17.4, 13.3, 19.2, 20.4], C-C-Sep=0.08, ║∇J║=3.8e-04
Iteration 1885/2000-----
currents: [100000.0, 99999.99996270674, 99999.99996317331, 99999.99995305014, 99999.99995566641]
J=1.1e-04, ⟨Jf⟩=1.0e-04, ⟨B·n⟩=3.0e-03, Len=sum([2.4, 2.4, 2.4, 2.6, 2.6])=12.3, ϰ=[10.5, 9.0, 7.1, 10.3, 10.7], ∫ϰ²/L>=[16.4, 17.4, 13.3, 19.2, 20.4], C-C-Sep=0.08, ║∇J║=4.6e-04
Iteration 1886/2000-----
currents: [100000.0, 99999.99996266654, 99999.99996313473, 99999.99995300139, 99999.99995561974]
J=1.1e-04, ⟨Jf⟩=1.0e-04, ⟨B·n⟩=3.0e-03, Len=sum([2.4, 2.4, 2.4, 2.6, 2.6])=12.3, ϰ=[10.4, 9.0, 7.0, 10.3, 10.7], ∫ϰ²/L>=[16.4, 17.4, 13.3, 19.2, 20.4], C-C-Sep=0.08, ║∇J║=3.9e-04
Iteration 1887/2000-----
currents: [100000.0, 99999.99996260194, 99999.99996307274, 99999.99995292319, 99999.9999555448]
J=1.1e-04, ⟨Jf⟩=1.0e-04, ⟨B·n⟩=3.0e-03, Len=sum([2.4, 2.4, 2.4, 2.6, 2.6])=12.3, ϰ=[10.4, 9.0, 7.1, 10.3, 10.7], ∫ϰ²/L>=[16.4, 17.4, 13.2, 19.2, 20.4], C-C-Sep=0.08, ║∇J║=4.3e-04
Iteration 1888/2000-----
currents: [100000.0, 99999.99996252698, 99999.99996300078, 99999.99995283241, 99999.99995545785]
J=1.1e-04, ⟨Jf⟩=1.0e-04, ⟨B·n⟩=3.0e-03, Len=sum([2.4, 2.4, 2.4, 2.6, 2.6])=12.3, ϰ=[10.4, 9.0, 7.1, 10.3, 10.7], ∫ϰ²/L>=[16.4, 17.4, 13.2, 19.2, 20.5], C-C-Sep=0.08, ║∇J║=3.4e-04
Iteration 1889/2000-----
currents: [100000.0, 99999.99996255763, 99999.99996303022, 99999.99995286955, 99999.99995549337]
J=1.1e-04, ⟨Jf⟩=1.0e-04, ⟨B·n⟩=3.0e-03, Len=sum([2.4, 2.4, 2.4, 2.6, 2.6])=12.3, ϰ=[10.4, 9.0, 7.1, 10.3, 10.7], ∫ϰ²/L>=[16.4, 17.4, 13.2, 19.2, 20.4], C-C-Sep=0.08, ║∇J║=3.2e-04
Iteration 1890/2000-----
currents: [100000.0, 99999.99996248573, 99999.9999629612, 99999.99995278237, 99999.99995540996]
J=1.1e-04, ⟨Jf⟩=1.0e-04, ⟨B·n⟩=3.0e-03, Len=sum([2.4, 2.4, 2.4, 2.6, 2.6])=12.3, ϰ=[10.4, 9.0, 7.1, 10.3, 10.7], ∫ϰ²/L>=[16.4, 17.4, 13.2, 19.2, 20.5], C-C-Sep=0.08, ║∇J║=4.2e-04
Iteration 1891/2000-----
currents: [100000.0, 99999.99996242994, 99999.99996290759, 99999.99995271469, 99999.99995534513]
J=1.1e-04, ⟨Jf⟩=1.0e-04, ⟨B·n⟩=3.0e-03, Len=sum([2.4, 2.4, 2.4, 2.6, 2.6])=12.3, ϰ=[10.4, 9.0, 7.1, 10.3, 10.7], ∫ϰ²/L>=[16.4, 17.4, 13.2, 19.2, 20.5], C-C-Sep=0.08, ║∇J║=3.4e-04
Iteration 1892/2000-----
currents: [100000.0, 99999.99996233612, 99999.99996281751, 99999.99995260096, 99999.99995523623]
J=1.1e-04, ⟨Jf⟩=1.0e-04, ⟨B·n⟩=3.0e-03, Len=sum([2.4, 2.4, 2.4, 2.6, 2.6])=12.3, ϰ=[10.4, 9.0, 7.1, 10.3, 10.7], ∫ϰ²/L>=[16.4, 17.4, 13.2, 19.2, 20.5], C-C-Sep=0.08, ║∇J║=3.9e-04
Iteration 1893/2000-----
currents: [100000.0, 99999.9999622261, 99999.99996271191, 99999.99995246774, 99999.99995510861]
J=1.1e-04, ⟨Jf⟩=1.0e-04, ⟨B·n⟩=3.0e-03, Len=sum([2.4, 2.4, 2.4, 2.6, 2.6])=12.3, ϰ=[10.4, 9.0, 7.1, 10.3, 10.7], ∫ϰ²/L>=[16.4, 17.4, 13.2, 19.2, 20.5], C-C-Sep=0.08, ║∇J║=4.3e-04
Iteration 1894/2000-----
currents: [100000.0, 99999.99996227594, 99999.99996275976, 99999.9999525282, 99999.99995516641]
J=1.1e-04, ⟨Jf⟩=1.0e-04, ⟨B·n⟩=3.0e-03, Len=sum([2.4, 2.4, 2.4, 2.6, 2.6])=12.3, ϰ=[10.4, 9.0, 7.1, 10.3, 10.7], ∫ϰ²/L>=[16.4, 17.4, 13.2, 19.2, 20.5], C-C-Sep=0.08, ║∇J║=3.9e-04
Iteration 1895/2000-----
currents: [100000.0, 99999.99996222385, 99999.99996270973, 99999.99995246489, 99999.9999551058]
J=1.1e-04, ⟨Jf⟩=1.0e-04, ⟨B·n⟩=3.0e-03, Len=sum([2.4, 2.4, 2.4, 2.6, 2.6])=12.3, ϰ=[10.4, 9.0, 7.0, 10.3, 10.7], ∫ϰ²/L>=[16.4, 17.4, 13.2, 19.2, 20.5], C-C-Sep=0.08, ║∇J║=4.9e-04
Iteration 1896/2000-----
currents: [100000.0, 99999.99996221846, 99999.99996270452, 99999.9999524584, 99999.99995509963]
J=1.1e-04, ⟨Jf⟩=1.0e-04, ⟨B·n⟩=3.0e-03, Len=sum([2.4, 2.4, 2.4, 2.6, 2.6])=12.3, ϰ=[10.4, 9.0, 7.0, 10.3, 10.7], ∫ϰ²/L>=[16.4, 17.4, 13.2, 19.2, 20.5], C-C-Sep=0.08, ║∇J║=3.3e-04
Iteration 1897/2000-----
currents: [100000.0, 99999.9999621799, 99999.99996266753, 99999.9999524118, 99999.99995505498]
J=1.1e-04, ⟨Jf⟩=1.0e-04, ⟨B·n⟩=3.0e-03, Len=sum([2.4, 2.4, 2.4, 2.6, 2.6])=12.3, ϰ=[10.4, 9.0, 7.0, 10.3, 10.8], ∫ϰ²/L>=[16.4, 17.4, 13.2, 19.2, 20.5], C-C-Sep=0.08, ║∇J║=2.5e-04
Iteration 1898/2000-----
currents: [100000.0, 99999.99996214054, 99999.99996262969, 99999.99995236396, 99999.9999550092]
J=1.1e-04, ⟨Jf⟩=1.0e-04, ⟨B·n⟩=3.0e-03, Len=sum([2.4, 2.4, 2.4, 2.6, 2.6])=12.3, ϰ=[10.4, 9.0, 7.0, 10.3, 10.8], ∫ϰ²/L>=[16.4, 17.4, 13.2, 19.2, 20.5], C-C-Sep=0.08, ║∇J║=2.8e-04
Iteration 1899/2000-----
currents: [100000.0, 99999.99996204762, 99999.9999625404, 99999.9999522511, 99999.99995490118]
J=1.1e-04, ⟨Jf⟩=1.0e-04, ⟨B·n⟩=3.0e-03, Len=sum([2.4, 2.4, 2.4, 2.6, 2.6])=12.3, ϰ=[10.4, 9.0, 7.0, 10.3, 10.8], ∫ϰ²/L>=[16.4, 17.5, 13.2, 19.2, 20.5], C-C-Sep=0.08, ║∇J║=3.4e-04
Iteration 1900/2000-----
currents: [100000.0, 99999.99996204115, 99999.99996253416, 99999.99995224307, 99999.9999548936]
J=1.1e-04, ⟨Jf⟩=1.0e-04, ⟨B·n⟩=3.0e-03, Len=sum([2.4, 2.4, 2.4, 2.6, 2.6])=12.3, ϰ=[10.4, 9.0, 7.0, 10.3, 10.8], ∫ϰ²/L>=[16.4, 17.5, 13.2, 19.2, 20.5], C-C-Sep=0.08, ║∇J║=4.0e-04
Iteration 1901/2000-----
currents: [100000.0, 99999.9999620289, 99999.9999625224, 99999.99995222822, 99999.99995487941]
J=1.1e-04, ⟨Jf⟩=1.0e-04, ⟨B·n⟩=3.0e-03, Len=sum([2.4, 2.4, 2.4, 2.6, 2.6])=12.3, ϰ=[10.4, 9.0, 7.0, 10.3, 10.8], ∫ϰ²/L>=[16.4, 17.5, 13.2, 19.2, 20.5], C-C-Sep=0.08, ║∇J║=2.7e-04
Iteration 1902/2000-----
currents: [100000.0, 99999.99996200314, 99999.9999624976, 99999.99995219691, 99999.99995484951]
J=1.1e-04, ⟨Jf⟩=1.0e-04, ⟨B·n⟩=3.0e-03, Len=sum([2.4, 2.4, 2.4, 2.6, 2.6])=12.3, ϰ=[10.4, 9.1, 7.0, 10.3, 10.8], ∫ϰ²/L>=[16.4, 17.5, 13.2, 19.2, 20.5], C-C-Sep=0.08, ║∇J║=2.4e-04
Iteration 1903/2000-----
currents: [100000.0, 99999.99996197301, 99999.99996246869, 99999.99995216037, 99999.9999548146]
J=1.1e-04, ⟨Jf⟩=1.0e-04, ⟨B·n⟩=3.0e-03, Len=sum([2.4, 2.4, 2.4, 2.6, 2.6])=12.3, ϰ=[10.4, 9.1, 7.0, 10.3, 10.8], ∫ϰ²/L>=[16.4, 17.5, 13.2, 19.2, 20.5], C-C-Sep=0.08, ║∇J║=2.9e-04
Iteration 1904/2000-----
currents: [100000.0, 99999.99996190239, 99999.9999624008, 99999.99995207468, 99999.99995473263]
J=1.1e-04, ⟨Jf⟩=1.0e-04, ⟨B·n⟩=3.0e-03, Len=sum([2.4, 2.4, 2.4, 2.6, 2.6])=12.3, ϰ=[10.4, 9.1, 6.9, 10.3, 10.8], ∫ϰ²/L>=[16.4, 17.5, 13.1, 19.2, 20.5], C-C-Sep=0.08, ║∇J║=3.0e-04
Iteration 1905/2000-----
currents: [100000.0, 99999.99996179089, 99999.99996229366, 99999.99995193942, 99999.99995460323]
J=1.1e-04, ⟨Jf⟩=1.0e-04, ⟨B·n⟩=3.0e-03, Len=sum([2.4, 2.4, 2.4, 2.6, 2.6])=12.3, ϰ=[10.4, 9.1, 6.9, 10.3, 10.8], ∫ϰ²/L>=[16.4, 17.5, 13.1, 19.2, 20.5], C-C-Sep=0.08, ║∇J║=3.4e-04
Iteration 1906/2000-----
currents: [100000.0, 99999.99996179764, 99999.99996230018, 99999.99995194773, 99999.99995461115]
J=1.1e-04, ⟨Jf⟩=1.0e-04, ⟨B·n⟩=3.0e-03, Len=sum([2.4, 2.4, 2.4, 2.6, 2.6])=12.3, ϰ=[10.4, 9.1, 6.9, 10.3, 10.8], ∫ϰ²/L>=[16.4, 17.5, 13.1, 19.2, 20.5], C-C-Sep=0.08, ║∇J║=3.3e-04
Iteration 1907/2000-----
currents: [100000.0, 99999.9999617316, 99999.9999622368, 99999.99995186793, 99999.99995453471]
J=1.1e-04, ⟨Jf⟩=1.0e-04, ⟨B·n⟩=3.0e-03, Len=sum([2.4, 2.4, 2.4, 2.6, 2.6])=12.3, ϰ=[10.4, 9.1, 6.9, 10.3, 10.8], ∫ϰ²/L>=[16.4, 17.5, 13.1, 19.2, 20.5], C-C-Sep=0.08, ║∇J║=4.5e-04
Iteration 1908/2000-----
currents: [100000.0, 99999.99996173847, 99999.99996224335, 99999.99995187629, 99999.99995454271]
J=1.1e-04, ⟨Jf⟩=1.0e-04, ⟨B·n⟩=3.0e-03, Len=sum([2.4, 2.4, 2.4, 2.6, 2.6])=12.3, ϰ=[10.4, 9.0, 6.9, 10.3, 10.8], ∫ϰ²/L>=[16.4, 17.5, 13.1, 19.2, 20.5], C-C-Sep=0.08, ║∇J║=3.2e-04
Iteration 1909/2000-----
currents: [100000.0, 99999.99996167619, 99999.9999621835, 99999.99995180067, 99999.99995447038]
J=1.1e-04, ⟨Jf⟩=1.0e-04, ⟨B·n⟩=3.0e-03, Len=sum([2.4, 2.4, 2.4, 2.6, 2.6])=12.3, ϰ=[10.4, 9.1, 6.9, 10.3, 10.8], ∫ϰ²/L>=[16.4, 17.5, 13.1, 19.2, 20.5], C-C-Sep=0.08, ║∇J║=3.2e-04
Iteration 1910/2000-----
currents: [100000.0, 99999.99996166548, 99999.99996217318, 99999.99995178753, 99999.99995445793]
J=1.1e-04, ⟨Jf⟩=1.0e-04, ⟨B·n⟩=3.0e-03, Len=sum([2.4, 2.4, 2.4, 2.6, 2.6])=12.3, ϰ=[10.4, 9.1, 6.9, 10.3, 10.8], ∫ϰ²/L>=[16.4, 17.5, 13.1, 19.2, 20.5], C-C-Sep=0.08, ║∇J║=3.3e-04
Iteration 1911/2000-----
currents: [100000.0, 99999.99996162753, 99999.99996213669, 99999.99995174147, 99999.99995441399]
J=1.1e-04, ⟨Jf⟩=1.0e-04, ⟨B·n⟩=3.0e-03, Len=sum([2.4, 2.4, 2.4, 2.6, 2.6])=12.3, ϰ=[10.4, 9.1, 7.0, 10.3, 10.8], ∫ϰ²/L>=[16.4, 17.5, 13.1, 19.2, 20.5], C-C-Sep=0.08, ║∇J║=3.0e-04
Iteration 1912/2000-----
currents: [100000.0, 99999.99996157926, 99999.99996209028, 99999.99995168297, 99999.99995435806]
J=1.1e-04, ⟨Jf⟩=1.0e-04, ⟨B·n⟩=3.0e-03, Len=sum([2.4, 2.4, 2.4, 2.6, 2.6])=12.3, ϰ=[10.4, 9.1, 7.0, 10.3, 10.8], ∫ϰ²/L>=[16.3, 17.5, 13.1, 19.2, 20.5], C-C-Sep=0.08, ║∇J║=2.9e-04
Iteration 1913/2000-----
currents: [100000.0, 99999.99996150941, 99999.99996202317, 99999.99995159835, 99999.99995427707]
J=1.1e-04, ⟨Jf⟩=1.0e-04, ⟨B·n⟩=3.0e-03, Len=sum([2.4, 2.4, 2.4, 2.6, 2.6])=12.3, ϰ=[10.4, 9.1, 7.0, 10.3, 10.8], ∫ϰ²/L>=[16.3, 17.5, 13.1, 19.2, 20.5], C-C-Sep=0.08, ║∇J║=3.0e-04
Iteration 1914/2000-----
currents: [100000.0, 99999.99996141932, 99999.99996193663, 99999.99995148915, 99999.99995417263]
J=1.1e-04, ⟨Jf⟩=1.0e-04, ⟨B·n⟩=3.0e-03, Len=sum([2.3, 2.4, 2.4, 2.6, 2.6])=12.3, ϰ=[10.4, 9.1, 7.0, 10.3, 10.8], ∫ϰ²/L>=[16.3, 17.5, 13.1, 19.2, 20.5], C-C-Sep=0.08, ║∇J║=3.2e-04
Iteration 1915/2000-----
currents: [100000.0, 99999.99996126468, 99999.9999617881, 99999.99995130172, 99999.99995399329]
J=1.1e-04, ⟨Jf⟩=1.0e-04, ⟨B·n⟩=3.0e-03, Len=sum([2.3, 2.4, 2.4, 2.6, 2.6])=12.3, ϰ=[10.4, 9.1, 7.0, 10.3, 10.8], ∫ϰ²/L>=[16.3, 17.6, 13.1, 19.2, 20.6], C-C-Sep=0.08, ║∇J║=4.2e-04
Iteration 1916/2000-----
currents: [100000.0, 99999.99996131378, 99999.99996183522, 99999.99995136126, 99999.99995405023]
J=1.1e-04, ⟨Jf⟩=1.0e-04, ⟨B·n⟩=3.0e-03, Len=sum([2.3, 2.4, 2.4, 2.6, 2.6])=12.3, ϰ=[10.4, 9.1, 7.0, 10.3, 10.8], ∫ϰ²/L>=[16.3, 17.5, 13.1, 19.2, 20.6], C-C-Sep=0.08, ║∇J║=4.9e-04
Iteration 1917/2000-----
currents: [100000.0, 99999.99996127847, 99999.99996180127, 99999.9999513184, 99999.99995400917]
J=1.1e-04, ⟨Jf⟩=1.0e-04, ⟨B·n⟩=3.0e-03, Len=sum([2.3, 2.4, 2.4, 2.6, 2.6])=12.3, ϰ=[10.4, 9.1, 7.0, 10.3, 10.8], ∫ϰ²/L>=[16.3, 17.5, 13.1, 19.2, 20.6], C-C-Sep=0.08, ║∇J║=4.1e-04
Iteration 1918/2000-----
currents: [100000.0, 99999.99996126525, 99999.9999617886, 99999.99995130241, 99999.99995399389]
J=1.1e-04, ⟨Jf⟩=1.0e-04, ⟨B·n⟩=3.0e-03, Len=sum([2.3, 2.4, 2.4, 2.6, 2.6])=12.3, ϰ=[10.4, 9.1, 7.0, 10.3, 10.8], ∫ϰ²/L>=[16.3, 17.6, 13.1, 19.2, 20.5], C-C-Sep=0.08, ║∇J║=3.1e-04
Iteration 1919/2000-----
currents: [100000.0, 99999.99996119486, 99999.99996172094, 99999.99995121708, 99999.99995391222]
J=1.1e-04, ⟨Jf⟩=1.0e-04, ⟨B·n⟩=3.0e-03, Len=sum([2.3, 2.4, 2.4, 2.6, 2.6])=12.3, ϰ=[10.4, 9.1, 7.0, 10.3, 10.8], ∫ϰ²/L>=[16.3, 17.6, 13.1, 19.2, 20.5], C-C-Sep=0.08, ║∇J║=2.9e-04
Iteration 1920/2000-----
currents: [100000.0, 99999.99996116327, 99999.99996169056, 99999.99995117875, 99999.99995387554]
J=1.1e-04, ⟨Jf⟩=1.0e-04, ⟨B·n⟩=3.0e-03, Len=sum([2.3, 2.4, 2.4, 2.6, 2.6])=12.3, ϰ=[10.3, 9.2, 6.9, 10.4, 10.8], ∫ϰ²/L>=[16.3, 17.6, 13.1, 19.2, 20.5], C-C-Sep=0.08, ║∇J║=2.9e-04
Iteration 1921/2000-----
currents: [100000.0, 99999.99996112297, 99999.99996165176, 99999.99995112982, 99999.99995382877]
J=1.1e-04, ⟨Jf⟩=1.0e-04, ⟨B·n⟩=3.0e-03, Len=sum([2.3, 2.4, 2.4, 2.6, 2.6])=12.3, ϰ=[10.3, 9.1, 6.9, 10.4, 10.8], ∫ϰ²/L>=[16.3, 17.5, 13.1, 19.2, 20.5], C-C-Sep=0.08, ║∇J║=3.4e-04
Iteration 1922/2000-----
currents: [100000.0, 99999.99996107408, 99999.99996160476, 99999.99995107045, 99999.99995377209]
J=1.1e-04, ⟨Jf⟩=1.0e-04, ⟨B·n⟩=3.0e-03, Len=sum([2.3, 2.4, 2.4, 2.6, 2.6])=12.3, ϰ=[10.3, 9.2, 6.9, 10.4, 10.8], ∫ϰ²/L>=[16.3, 17.6, 13.1, 19.2, 20.5], C-C-Sep=0.08, ║∇J║=2.7e-04
Iteration 1923/2000-----
currents: [100000.0, 99999.9999610831, 99999.99996161342, 99999.99995108138, 99999.99995378262]
J=1.1e-04, ⟨Jf⟩=1.0e-04, ⟨B·n⟩=3.0e-03, Len=sum([2.3, 2.4, 2.4, 2.6, 2.6])=12.3, ϰ=[10.3, 9.2, 6.9, 10.4, 10.8], ∫ϰ²/L>=[16.3, 17.5, 13.1, 19.2, 20.5], C-C-Sep=0.08, ║∇J║=2.8e-04
Iteration 1924/2000-----
currents: [100000.0, 99999.99996105758, 99999.99996158885, 99999.9999510503, 99999.99995375301]
J=1.1e-04, ⟨Jf⟩=1.0e-04, ⟨B·n⟩=3.0e-03, Len=sum([2.3, 2.4, 2.4, 2.6, 2.6])=12.3, ϰ=[10.4, 9.2, 6.9, 10.4, 10.8], ∫ϰ²/L>=[16.3, 17.6, 13.1, 19.2, 20.5], C-C-Sep=0.08, ║∇J║=3.1e-04
Iteration 1925/2000-----
currents: [100000.0, 99999.99996106357, 99999.99996159451, 99999.99995105747, 99999.99995375992]
J=1.1e-04, ⟨Jf⟩=1.0e-04, ⟨B·n⟩=3.0e-03, Len=sum([2.3, 2.4, 2.4, 2.6, 2.6])=12.3, ϰ=[10.4, 9.2, 6.9, 10.4, 10.8], ∫ϰ²/L>=[16.3, 17.6, 13.1, 19.2, 20.5], C-C-Sep=0.08, ║∇J║=3.3e-04
Iteration 1926/2000-----
currents: [100000.0, 99999.99996103691, 99999.99996156887, 99999.99995102518, 99999.99995372907]
J=1.1e-04, ⟨Jf⟩=1.0e-04, ⟨B·n⟩=3.0e-03, Len=sum([2.3, 2.4, 2.4, 2.6, 2.6])=12.3, ϰ=[10.4, 9.2, 6.9, 10.4, 10.7], ∫ϰ²/L>=[16.3, 17.6, 13.1, 19.2, 20.5], C-C-Sep=0.08, ║∇J║=2.8e-04
Iteration 1927/2000-----
currents: [100000.0, 99999.99996098033, 99999.9999615144, 99999.99995095644, 99999.99995366341]
J=1.1e-04, ⟨Jf⟩=1.0e-04, ⟨B·n⟩=3.0e-03, Len=sum([2.3, 2.4, 2.4, 2.6, 2.6])=12.3, ϰ=[10.4, 9.2, 7.0, 10.4, 10.7], ∫ϰ²/L>=[16.3, 17.6, 13.1, 19.3, 20.5], C-C-Sep=0.08, ║∇J║=3.0e-04
Iteration 1928/2000-----
currents: [100000.0, 99999.99996086987, 99999.99996140809, 99999.99995082241, 99999.99995353527]
J=1.1e-04, ⟨Jf⟩=1.0e-04, ⟨B·n⟩=3.0e-03, Len=sum([2.3, 2.4, 2.4, 2.6, 2.6])=12.3, ϰ=[10.4, 9.2, 7.0, 10.5, 10.7], ∫ϰ²/L>=[16.4, 17.6, 13.1, 19.3, 20.5], C-C-Sep=0.08, ║∇J║=3.5e-04
Iteration 1929/2000-----
currents: [100000.0, 99999.99996084407, 99999.99996138322, 99999.99995079108, 99999.99995350532]
J=1.1e-04, ⟨Jf⟩=1.0e-04, ⟨B·n⟩=3.0e-03, Len=sum([2.3, 2.4, 2.4, 2.6, 2.6])=12.3, ϰ=[10.4, 9.2, 7.0, 10.5, 10.8], ∫ϰ²/L>=[16.4, 17.6, 13.1, 19.3, 20.5], C-C-Sep=0.08, ║∇J║=3.4e-04
Iteration 1930/2000-----
currents: [100000.0, 99999.99996078748, 99999.99996132888, 99999.99995072241, 99999.99995343978]
J=1.1e-04, ⟨Jf⟩=1.0e-04, ⟨B·n⟩=3.0e-03, Len=sum([2.3, 2.4, 2.4, 2.6, 2.6])=12.3, ϰ=[10.4, 9.2, 7.1, 10.5, 10.8], ∫ϰ²/L>=[16.4, 17.6, 13.1, 19.3, 20.5], C-C-Sep=0.08, ║∇J║=3.2e-04
Iteration 1931/2000-----
currents: [100000.0, 99999.99996073302, 99999.99996127654, 99999.99995065638, 99999.99995337662]
J=1.1e-04, ⟨Jf⟩=1.0e-04, ⟨B·n⟩=3.0e-03, Len=sum([2.3, 2.4, 2.4, 2.6, 2.6])=12.3, ϰ=[10.4, 9.2, 7.1, 10.5, 10.8], ∫ϰ²/L>=[16.4, 17.6, 13.1, 19.3, 20.5], C-C-Sep=0.08, ║∇J║=3.4e-04
Iteration 1932/2000-----
currents: [100000.0, 99999.9999606129, 99999.99996116116, 99999.99995051087, 99999.99995323733]
J=1.1e-04, ⟨Jf⟩=1.0e-04, ⟨B·n⟩=3.0e-03, Len=sum([2.3, 2.4, 2.4, 2.6, 2.6])=12.3, ϰ=[10.4, 9.2, 7.1, 10.5, 10.8], ∫ϰ²/L>=[16.4, 17.7, 13.1, 19.3, 20.5], C-C-Sep=0.08, ║∇J║=4.1e-04
Iteration 1933/2000-----
currents: [100000.0, 99999.99996062036, 99999.99996116836, 99999.99995051997, 99999.99995324595]
J=1.1e-04, ⟨Jf⟩=1.0e-04, ⟨B·n⟩=3.0e-03, Len=sum([2.3, 2.4, 2.4, 2.6, 2.6])=12.3, ϰ=[10.5, 9.2, 7.1, 10.5, 10.8], ∫ϰ²/L>=[16.4, 17.7, 13.1, 19.3, 20.5], C-C-Sep=0.08, ║∇J║=3.6e-04
Iteration 1934/2000-----
currents: [100000.0, 99999.99996058301, 99999.99996113246, 99999.99995047478, 99999.99995320267]
J=1.1e-04, ⟨Jf⟩=1.0e-04, ⟨B·n⟩=3.0e-03, Len=sum([2.3, 2.4, 2.4, 2.6, 2.6])=12.3, ϰ=[10.5, 9.2, 7.1, 10.5, 10.8], ∫ϰ²/L>=[16.4, 17.7, 13.1, 19.3, 20.5], C-C-Sep=0.08, ║∇J║=3.2e-04
Iteration 1935/2000-----
currents: [100000.0, 99999.99996056787, 99999.99996111792, 99999.9999504564, 99999.99995318515]
J=1.1e-04, ⟨Jf⟩=1.0e-04, ⟨B·n⟩=3.0e-03, Len=sum([2.3, 2.4, 2.4, 2.6, 2.6])=12.3, ϰ=[10.5, 9.2, 7.1, 10.5, 10.8], ∫ϰ²/L>=[16.4, 17.7, 13.1, 19.3, 20.5], C-C-Sep=0.08, ║∇J║=3.5e-04
Iteration 1936/2000-----
currents: [100000.0, 99999.99996045839, 99999.99996101265, 99999.99995032366, 99999.9999530581]
J=1.1e-04, ⟨Jf⟩=1.0e-04, ⟨B·n⟩=3.0e-03, Len=sum([2.3, 2.4, 2.4, 2.6, 2.6])=12.3, ϰ=[10.5, 9.2, 7.1, 10.5, 10.8], ∫ϰ²/L>=[16.4, 17.7, 13.1, 19.3, 20.5], C-C-Sep=0.08, ║∇J║=4.0e-04
Iteration 1937/2000-----
currents: [100000.0, 99999.99996044103, 99999.99996099588, 99999.99995030263, 99999.999953038]
J=1.1e-04, ⟨Jf⟩=1.0e-04, ⟨B·n⟩=3.0e-03, Len=sum([2.3, 2.4, 2.4, 2.6, 2.6])=12.3, ϰ=[10.5, 9.2, 7.1, 10.5, 10.8], ∫ϰ²/L>=[16.4, 17.7, 13.1, 19.3, 20.5], C-C-Sep=0.08, ║∇J║=3.6e-04
Iteration 1938/2000-----
currents: [100000.0, 99999.99996038455, 99999.99996094148, 99999.99995023396, 99999.99995297237]
J=1.1e-04, ⟨Jf⟩=1.0e-04, ⟨B·n⟩=3.0e-03, Len=sum([2.3, 2.4, 2.4, 2.6, 2.6])=12.3, ϰ=[10.5, 9.2, 7.1, 10.5, 10.8], ∫ϰ²/L>=[16.4, 17.8, 13.0, 19.3, 20.5], C-C-Sep=0.08, ║∇J║=3.2e-04
Iteration 1939/2000-----
currents: [100000.0, 99999.99996037764, 99999.99996093476, 99999.9999502255, 99999.99995296425]
J=1.1e-04, ⟨Jf⟩=1.0e-04, ⟨B·n⟩=3.0e-03, Len=sum([2.3, 2.4, 2.4, 2.6, 2.6])=12.3, ϰ=[10.5, 9.2, 7.1, 10.5, 10.8], ∫ϰ²/L>=[16.4, 17.8, 13.0, 19.3, 20.5], C-C-Sep=0.08, ║∇J║=2.7e-04
Iteration 1940/2000-----
currents: [100000.0, 99999.99996027791, 99999.9999608387, 99999.99995010433, 99999.99995284836]
J=1.1e-04, ⟨Jf⟩=1.0e-04, ⟨B·n⟩=3.0e-03, Len=sum([2.3, 2.4, 2.4, 2.6, 2.6])=12.3, ϰ=[10.5, 9.2, 7.1, 10.5, 10.8], ∫ϰ²/L>=[16.4, 17.8, 13.0, 19.3, 20.5], C-C-Sep=0.08, ║∇J║=3.5e-04
Iteration 1941/2000-----
currents: [100000.0, 99999.99996027832, 99999.99996083906, 99999.99995010473, 99999.99995284861]
J=1.1e-04, ⟨Jf⟩=1.0e-04, ⟨B·n⟩=3.0e-03, Len=sum([2.3, 2.4, 2.4, 2.6, 2.6])=12.3, ϰ=[10.4, 9.2, 7.1, 10.5, 10.8], ∫ϰ²/L>=[16.4, 17.8, 13.0, 19.3, 20.5], C-C-Sep=0.08, ║∇J║=3.5e-04
Iteration 1942/2000-----
currents: [100000.0, 99999.99996025978, 99999.9999608213, 99999.99995008226, 99999.99995282704]
J=1.1e-04, ⟨Jf⟩=1.0e-04, ⟨B·n⟩=3.0e-03, Len=sum([2.3, 2.4, 2.4, 2.6, 2.6])=12.3, ϰ=[10.5, 9.2, 7.1, 10.6, 10.8], ∫ϰ²/L>=[16.4, 17.8, 13.0, 19.3, 20.5], C-C-Sep=0.08, ║∇J║=3.4e-04
Iteration 1943/2000-----
currents: [100000.0, 99999.99996026262, 99999.99996082413, 99999.99995008584, 99999.99995283039]
J=1.1e-04, ⟨Jf⟩=1.0e-04, ⟨B·n⟩=3.0e-03, Len=sum([2.3, 2.4, 2.4, 2.6, 2.6])=12.3, ϰ=[10.5, 9.2, 7.1, 10.6, 10.8], ∫ϰ²/L>=[16.4, 17.8, 13.0, 19.3, 20.5], C-C-Sep=0.08, ║∇J║=3.4e-04
Iteration 1944/2000-----
currents: [100000.0, 99999.9999602154, 99999.99996077876, 99999.99995002858, 99999.99995277556]
J=1.1e-04, ⟨Jf⟩=1.0e-04, ⟨B·n⟩=3.0e-03, Len=sum([2.3, 2.4, 2.4, 2.6, 2.6])=12.3, ϰ=[10.5, 9.3, 7.1, 10.6, 10.8], ∫ϰ²/L>=[16.4, 17.8, 13.0, 19.3, 20.5], C-C-Sep=0.08, ║∇J║=3.5e-04
Iteration 1945/2000-----
currents: [100000.0, 99999.99996015252, 99999.99996071837, 99999.99994995235, 99999.9999527025]
J=1.1e-04, ⟨Jf⟩=1.0e-04, ⟨B·n⟩=3.0e-03, Len=sum([2.3, 2.4, 2.4, 2.6, 2.6])=12.3, ϰ=[10.5, 9.3, 7.1, 10.6, 10.9], ∫ϰ²/L>=[16.4, 17.8, 13.0, 19.3, 20.5], C-C-Sep=0.08, ║∇J║=3.6e-04
Iteration 1946/2000-----
currents: [100000.0, 99999.99996012016, 99999.99996068726, 99999.99994991311, 99999.99995266493]
J=1.1e-04, ⟨Jf⟩=1.0e-04, ⟨B·n⟩=3.0e-03, Len=sum([2.3, 2.4, 2.4, 2.6, 2.6])=12.3, ϰ=[10.5, 9.3, 7.1, 10.6, 10.9], ∫ϰ²/L>=[16.4, 17.8, 13.0, 19.3, 20.5], C-C-Sep=0.08, ║∇J║=3.2e-04
Iteration 1947/2000-----
currents: [100000.0, 99999.99996006806, 99999.99996063716, 99999.99994984992, 99999.9999526045]
J=1.1e-04, ⟨Jf⟩=1.0e-04, ⟨B·n⟩=3.0e-03, Len=sum([2.3, 2.4, 2.4, 2.6, 2.6])=12.3, ϰ=[10.5, 9.3, 7.1, 10.6, 10.9], ∫ϰ²/L>=[16.4, 17.9, 13.0, 19.3, 20.5], C-C-Sep=0.08, ║∇J║=3.5e-04
Iteration 1948/2000-----
currents: [100000.0, 99999.9999600307, 99999.99996060129, 99999.99994980458, 99999.99995256124]
J=1.1e-04, ⟨Jf⟩=1.0e-04, ⟨B·n⟩=3.0e-03, Len=sum([2.3, 2.4, 2.4, 2.6, 2.6])=12.3, ϰ=[10.5, 9.3, 7.1, 10.6, 10.9], ∫ϰ²/L>=[16.4, 17.9, 13.0, 19.3, 20.5], C-C-Sep=0.08, ║∇J║=3.4e-04
Iteration 1949/2000-----
currents: [100000.0, 99999.99995997414, 99999.99996054695, 99999.99994973601, 99999.99995249571]
J=1.1e-04, ⟨Jf⟩=1.0e-04, ⟨B·n⟩=3.0e-03, Len=sum([2.3, 2.4, 2.4, 2.6, 2.6])=12.3, ϰ=[10.5, 9.3, 7.1, 10.6, 10.9], ∫ϰ²/L>=[16.4, 17.9, 13.0, 19.3, 20.5], C-C-Sep=0.08, ║∇J║=2.8e-04
Iteration 1950/2000-----
currents: [100000.0, 99999.99995997366, 99999.99996054648, 99999.99994973536, 99999.99995249514]
J=1.1e-04, ⟨Jf⟩=1.0e-04, ⟨B·n⟩=3.0e-03, Len=sum([2.3, 2.4, 2.4, 2.6, 2.6])=12.3, ϰ=[10.5, 9.3, 7.1, 10.6, 10.9], ∫ϰ²/L>=[16.3, 17.9, 13.0, 19.3, 20.5], C-C-Sep=0.08, ║∇J║=3.2e-04
Iteration 1951/2000-----
currents: [100000.0, 99999.99995992193, 99999.99996049673, 99999.99994967256, 99999.99995243507]
J=1.1e-04, ⟨Jf⟩=1.0e-04, ⟨B·n⟩=3.0e-03, Len=sum([2.3, 2.4, 2.4, 2.6, 2.6])=12.3, ϰ=[10.5, 9.3, 7.1, 10.6, 10.9], ∫ϰ²/L>=[16.3, 17.9, 13.0, 19.4, 20.5], C-C-Sep=0.08, ║∇J║=3.2e-04
Iteration 1952/2000-----
currents: [100000.0, 99999.99995991684, 99999.99996049174, 99999.99994966635, 99999.9999524291]
J=1.1e-04, ⟨Jf⟩=1.0e-04, ⟨B·n⟩=3.0e-03, Len=sum([2.3, 2.4, 2.4, 2.6, 2.6])=12.3, ϰ=[10.5, 9.3, 7.1, 10.6, 10.9], ∫ϰ²/L>=[16.3, 17.9, 13.0, 19.3, 20.5], C-C-Sep=0.08, ║∇J║=3.5e-04
Iteration 1953/2000-----
currents: [100000.0, 99999.99995987119, 99999.9999604478, 99999.9999496109, 99999.99995237599]
J=1.1e-04, ⟨Jf⟩=1.0e-04, ⟨B·n⟩=3.0e-03, Len=sum([2.3, 2.4, 2.4, 2.6, 2.6])=12.3, ϰ=[10.5, 9.3, 7.1, 10.5, 10.9], ∫ϰ²/L>=[16.4, 17.9, 13.0, 19.3, 20.5], C-C-Sep=0.08, ║∇J║=3.4e-04
Iteration 1954/2000-----
currents: [100000.0, 99999.99995983181, 99999.99996040988, 99999.99994956303, 99999.99995233015]
J=1.1e-04, ⟨Jf⟩=1.0e-04, ⟨B·n⟩=3.0e-03, Len=sum([2.3, 2.4, 2.4, 2.6, 2.6])=12.3, ϰ=[10.5, 9.3, 7.1, 10.5, 10.9], ∫ϰ²/L>=[16.3, 17.9, 13.0, 19.4, 20.6], C-C-Sep=0.08, ║∇J║=3.2e-04
Iteration 1955/2000-----
currents: [100000.0, 99999.99995975906, 99999.99996033985, 99999.99994947478, 99999.9999522456]
J=1.1e-04, ⟨Jf⟩=1.0e-04, ⟨B·n⟩=3.0e-03, Len=sum([2.3, 2.4, 2.4, 2.6, 2.6])=12.3, ϰ=[10.5, 9.3, 7.1, 10.5, 10.9], ∫ϰ²/L>=[16.4, 17.9, 13.0, 19.4, 20.6], C-C-Sep=0.08, ║∇J║=3.5e-04
Iteration 1956/2000-----
currents: [100000.0, 99999.99995968767, 99999.99996027115, 99999.99994938818, 99999.99995216262]
J=1.1e-04, ⟨Jf⟩=1.0e-04, ⟨B·n⟩=3.0e-03, Len=sum([2.3, 2.4, 2.4, 2.6, 2.6])=12.3, ϰ=[10.6, 9.3, 7.1, 10.5, 10.9], ∫ϰ²/L>=[16.4, 17.9, 13.0, 19.3, 20.6], C-C-Sep=0.08, ║∇J║=3.7e-04
Iteration 1957/2000-----
currents: [100000.0, 99999.99995962098, 99999.99996020697, 99999.99994930727, 99999.99995208517]
J=1.1e-04, ⟨Jf⟩=1.0e-04, ⟨B·n⟩=3.0e-03, Len=sum([2.3, 2.4, 2.4, 2.6, 2.6])=12.3, ϰ=[10.6, 9.3, 7.1, 10.5, 10.9], ∫ϰ²/L>=[16.4, 17.9, 13.0, 19.3, 20.6], C-C-Sep=0.08, ║∇J║=4.1e-04
Iteration 1958/2000-----
currents: [100000.0, 99999.9999595507, 99999.99996013941, 99999.99994922218, 99999.99995200364]
J=1.1e-04, ⟨Jf⟩=1.0e-04, ⟨B·n⟩=3.0e-03, Len=sum([2.3, 2.4, 2.4, 2.6, 2.6])=12.3, ϰ=[10.6, 9.3, 7.1, 10.6, 10.9], ∫ϰ²/L>=[16.4, 17.9, 13.0, 19.4, 20.6], C-C-Sep=0.08, ║∇J║=4.0e-04
Iteration 1959/2000-----
currents: [100000.0, 99999.99995957926, 99999.99996016694, 99999.99994925682, 99999.99995203674]
J=1.1e-04, ⟨Jf⟩=1.0e-04, ⟨B·n⟩=3.0e-03, Len=sum([2.3, 2.4, 2.4, 2.6, 2.6])=12.3, ϰ=[10.6, 9.3, 7.1, 10.6, 10.9], ∫ϰ²/L>=[16.4, 17.9, 13.0, 19.3, 20.6], C-C-Sep=0.08, ║∇J║=4.5e-04
Iteration 1960/2000-----
currents: [100000.0, 99999.99995943051, 99999.99996002392, 99999.99994907614, 99999.99995186407]
J=1.1e-04, ⟨Jf⟩=1.0e-04, ⟨B·n⟩=3.0e-03, Len=sum([2.3, 2.4, 2.4, 2.6, 2.6])=12.3, ϰ=[10.6, 9.3, 7.2, 10.6, 10.9], ∫ϰ²/L>=[16.3, 17.9, 13.0, 19.4, 20.6], C-C-Sep=0.08, ║∇J║=6.3e-04
Iteration 1961/2000-----
currents: [100000.0, 99999.99995950438, 99999.99996009494, 99999.99994916587, 99999.99995194981]
J=1.1e-04, ⟨Jf⟩=1.0e-04, ⟨B·n⟩=3.0e-03, Len=sum([2.3, 2.4, 2.4, 2.6, 2.6])=12.3, ϰ=[10.6, 9.3, 7.1, 10.6, 10.9], ∫ϰ²/L>=[16.4, 17.9, 13.0, 19.3, 20.6], C-C-Sep=0.08, ║∇J║=4.2e-04
Iteration 1962/2000-----
currents: [100000.0, 99999.99995948398, 99999.9999600753, 99999.999949141, 99999.99995192606]
J=1.1e-04, ⟨Jf⟩=1.0e-04, ⟨B·n⟩=3.0e-03, Len=sum([2.3, 2.4, 2.4, 2.6, 2.6])=12.3, ϰ=[10.5, 9.2, 7.2, 10.5, 10.9], ∫ϰ²/L>=[16.3, 17.9, 13.0, 19.3, 20.6], C-C-Sep=0.08, ║∇J║=4.0e-04
Iteration 1963/2000-----
currents: [100000.0, 99999.99995944422, 99999.99996003705, 99999.9999490927, 99999.99995187984]
J=1.1e-04, ⟨Jf⟩=1.0e-04, ⟨B·n⟩=3.0e-03, Len=sum([2.3, 2.4, 2.4, 2.6, 2.6])=12.3, ϰ=[10.6, 9.3, 7.1, 10.5, 10.9], ∫ϰ²/L>=[16.3, 17.9, 13.0, 19.4, 20.6], C-C-Sep=0.08, ║∇J║=3.3e-04
Iteration 1964/2000-----
currents: [100000.0, 99999.99995941021, 99999.9999600043, 99999.99994905133, 99999.9999518402]
J=1.1e-04, ⟨Jf⟩=1.0e-04, ⟨B·n⟩=3.0e-03, Len=sum([2.3, 2.4, 2.4, 2.6, 2.6])=12.3, ϰ=[10.6, 9.2, 7.1, 10.5, 10.9], ∫ϰ²/L>=[16.3, 17.9, 13.0, 19.4, 20.6], C-C-Sep=0.08, ║∇J║=3.2e-04
Iteration 1965/2000-----
currents: [100000.0, 99999.99995937986, 99999.99995997512, 99999.99994901448, 99999.99995180484]
J=1.1e-04, ⟨Jf⟩=1.0e-04, ⟨B·n⟩=3.0e-03, Len=sum([2.3, 2.4, 2.4, 2.6, 2.6])=12.3, ϰ=[10.6, 9.2, 7.1, 10.5, 10.9], ∫ϰ²/L>=[16.3, 17.8, 13.0, 19.4, 20.6], C-C-Sep=0.08, ║∇J║=3.4e-04
Iteration 1966/2000-----
currents: [100000.0, 99999.99995932997, 99999.9999599271, 99999.99994895386, 99999.99995174678]
J=1.1e-04, ⟨Jf⟩=1.0e-04, ⟨B·n⟩=3.0e-03, Len=sum([2.3, 2.4, 2.4, 2.6, 2.6])=12.3, ϰ=[10.6, 9.2, 7.1, 10.5, 10.9], ∫ϰ²/L>=[16.3, 17.8, 13.1, 19.4, 20.6], C-C-Sep=0.08, ║∇J║=3.0e-04
Iteration 1967/2000-----
currents: [100000.0, 99999.99995927038, 99999.99995986976, 99999.99994888151, 99999.99995167744]
J=1.1e-04, ⟨Jf⟩=1.0e-04, ⟨B·n⟩=3.0e-03, Len=sum([2.3, 2.4, 2.4, 2.6, 2.6])=12.3, ϰ=[10.5, 9.2, 7.1, 10.5, 10.9], ∫ϰ²/L>=[16.3, 17.8, 13.1, 19.4, 20.6], C-C-Sep=0.08, ║∇J║=3.6e-04
Iteration 1968/2000-----
currents: [100000.0, 99999.99995919816, 99999.9999598003, 99999.9999487939, 99999.99995159359]
J=1.1e-04, ⟨Jf⟩=1.0e-04, ⟨B·n⟩=3.0e-03, Len=sum([2.3, 2.4, 2.4, 2.6, 2.6])=12.3, ϰ=[10.5, 9.2, 7.1, 10.5, 10.9], ∫ϰ²/L>=[16.3, 17.8, 13.1, 19.4, 20.6], C-C-Sep=0.08, ║∇J║=3.7e-04
Iteration 1969/2000-----
currents: [100000.0, 99999.9999591288, 99999.99995973348, 99999.99994870962, 99999.9999515129]
J=1.1e-04, ⟨Jf⟩=1.0e-04, ⟨B·n⟩=3.0e-03, Len=sum([2.3, 2.4, 2.4, 2.6, 2.6])=12.3, ϰ=[10.5, 9.2, 7.1, 10.5, 10.9], ∫ϰ²/L>=[16.3, 17.8, 13.1, 19.4, 20.6], C-C-Sep=0.08, ║∇J║=3.5e-04
Iteration 1970/2000-----
currents: [100000.0, 99999.99995904134, 99999.99995964926, 99999.99994860332, 99999.99995141113]
J=1.1e-04, ⟨Jf⟩=1.0e-04, ⟨B·n⟩=3.0e-03, Len=sum([2.3, 2.4, 2.4, 2.6, 2.6])=12.3, ϰ=[10.5, 9.1, 7.2, 10.5, 10.9], ∫ϰ²/L>=[16.3, 17.8, 13.1, 19.4, 20.7], C-C-Sep=0.08, ║∇J║=3.8e-04
Iteration 1971/2000-----
currents: [100000.0, 99999.99995902501, 99999.99995963345, 99999.99994858331, 99999.999951392]
J=1.1e-04, ⟨Jf⟩=1.0e-04, ⟨B·n⟩=3.0e-03, Len=sum([2.3, 2.4, 2.4, 2.6, 2.6])=12.3, ϰ=[10.5, 9.1, 7.2, 10.5, 10.9], ∫ϰ²/L>=[16.3, 17.8, 13.1, 19.3, 20.7], C-C-Sep=0.08, ║∇J║=4.2e-04
Iteration 1972/2000-----
currents: [100000.0, 99999.99995892821, 99999.99995954028, 99999.99994846582, 99999.99995127949]
J=1.1e-04, ⟨Jf⟩=1.0e-04, ⟨B·n⟩=3.0e-03, Len=sum([2.3, 2.4, 2.4, 2.6, 2.6])=12.3, ϰ=[10.5, 9.1, 7.3, 10.5, 10.9], ∫ϰ²/L>=[16.3, 17.8, 13.1, 19.3, 20.7], C-C-Sep=0.08, ║∇J║=4.1e-04
Iteration 1973/2000-----
currents: [100000.0, 99999.99995891876, 99999.99995953104, 99999.9999484541, 99999.99995126834]
J=1.1e-04, ⟨Jf⟩=1.0e-04, ⟨B·n⟩=3.0e-03, Len=sum([2.3, 2.4, 2.4, 2.6, 2.6])=12.3, ϰ=[10.5, 9.2, 7.3, 10.5, 10.9], ∫ϰ²/L>=[16.3, 17.8, 13.1, 19.3, 20.7], C-C-Sep=0.08, ║∇J║=5.1e-04
Iteration 1974/2000-----
currents: [100000.0, 99999.99995883767, 99999.99995945295, 99999.99994835565, 99999.99995117402]
J=1.1e-04, ⟨Jf⟩=1.0e-04, ⟨B·n⟩=3.0e-03, Len=sum([2.3, 2.4, 2.4, 2.6, 2.6])=12.3, ϰ=[10.5, 9.1, 7.3, 10.5, 10.9], ∫ϰ²/L>=[16.3, 17.8, 13.1, 19.3, 20.7], C-C-Sep=0.08, ║∇J║=3.9e-04
Iteration 1975/2000-----
currents: [100000.0, 99999.99995885332, 99999.99995946803, 99999.99994837481, 99999.99995119228]
J=1.1e-04, ⟨Jf⟩=1.0e-04, ⟨B·n⟩=3.0e-03, Len=sum([2.3, 2.4, 2.4, 2.6, 2.6])=12.3, ϰ=[10.5, 9.1, 7.3, 10.5, 10.9], ∫ϰ²/L>=[16.3, 17.8, 13.1, 19.3, 20.7], C-C-Sep=0.08, ║∇J║=4.2e-04
Iteration 1976/2000-----
currents: [100000.0, 99999.99995877726, 99999.99995939479, 99999.99994828242, 99999.99995110388]
J=1.1e-04, ⟨Jf⟩=1.0e-04, ⟨B·n⟩=3.0e-03, Len=sum([2.3, 2.4, 2.4, 2.6, 2.6])=12.3, ϰ=[10.5, 9.1, 7.3, 10.5, 10.9], ∫ϰ²/L>=[16.3, 17.8, 13.1, 19.3, 20.7], C-C-Sep=0.08, ║∇J║=3.4e-04
Iteration 1977/2000-----
currents: [100000.0, 99999.99995872294, 99999.99995934243, 99999.9999482164, 99999.99995104069]
J=1.1e-04, ⟨Jf⟩=1.0e-04, ⟨B·n⟩=3.0e-03, Len=sum([2.3, 2.4, 2.4, 2.6, 2.6])=12.3, ϰ=[10.4, 9.1, 7.3, 10.5, 10.9], ∫ϰ²/L>=[16.3, 17.8, 13.1, 19.3, 20.7], C-C-Sep=0.08, ║∇J║=3.9e-04
Iteration 1978/2000-----
currents: [100000.0, 99999.9999586226, 99999.99995924573, 99999.99994809445, 99999.99995092397]
J=1.1e-04, ⟨Jf⟩=1.0e-04, ⟨B·n⟩=3.0e-03, Len=sum([2.3, 2.4, 2.4, 2.6, 2.6])=12.3, ϰ=[10.4, 9.1, 7.3, 10.5, 10.9], ∫ϰ²/L>=[16.3, 17.8, 13.1, 19.3, 20.7], C-C-Sep=0.08, ║∇J║=3.6e-04
Iteration 1979/2000-----
currents: [100000.0, 99999.99995859501, 99999.99995921915, 99999.99994806097, 99999.99995089196]
J=1.1e-04, ⟨Jf⟩=1.0e-04, ⟨B·n⟩=3.0e-03, Len=sum([2.3, 2.4, 2.4, 2.6, 2.6])=12.3, ϰ=[10.4, 9.1, 7.3, 10.5, 10.9], ∫ϰ²/L>=[16.3, 17.8, 13.1, 19.3, 20.7], C-C-Sep=0.08, ║∇J║=3.5e-04
Iteration 1980/2000-----
currents: [100000.0, 99999.99995855239, 99999.99995917815, 99999.99994800927, 99999.99995084235]
J=1.1e-04, ⟨Jf⟩=1.0e-04, ⟨B·n⟩=3.0e-03, Len=sum([2.3, 2.4, 2.4, 2.6, 2.6])=12.3, ϰ=[10.4, 9.1, 7.3, 10.5, 10.9], ∫ϰ²/L>=[16.3, 17.8, 13.1, 19.3, 20.7], C-C-Sep=0.08, ║∇J║=3.5e-04
Iteration 1981/2000-----
currents: [100000.0, 99999.9999584897, 99999.99995911788, 99999.99994793332, 99999.99995076968]
J=1.1e-04, ⟨Jf⟩=1.0e-04, ⟨B·n⟩=3.0e-03, Len=sum([2.3, 2.4, 2.4, 2.6, 2.6])=12.3, ϰ=[10.4, 9.1, 7.3, 10.5, 10.9], ∫ϰ²/L>=[16.3, 17.8, 13.1, 19.3, 20.7], C-C-Sep=0.08, ║∇J║=4.3e-04
Iteration 1982/2000-----
currents: [100000.0, 99999.99995839901, 99999.99995903054, 99999.99994782306, 99999.99995066418]
J=1.1e-04, ⟨Jf⟩=1.0e-04, ⟨B·n⟩=3.0e-03, Len=sum([2.3, 2.4, 2.4, 2.6, 2.6])=12.3, ϰ=[10.5, 9.1, 7.3, 10.5, 10.9], ∫ϰ²/L>=[16.4, 17.8, 13.1, 19.3, 20.7], C-C-Sep=0.08, ║∇J║=3.7e-04
Iteration 1983/2000-----
currents: [100000.0, 99999.99995838763, 99999.99995901946, 99999.99994780908, 99999.99995065072]
J=1.1e-04, ⟨Jf⟩=1.0e-04, ⟨B·n⟩=3.0e-03, Len=sum([2.3, 2.4, 2.4, 2.6, 2.6])=12.3, ϰ=[10.5, 9.1, 7.3, 10.5, 10.9], ∫ϰ²/L>=[16.4, 17.8, 13.1, 19.3, 20.7], C-C-Sep=0.08, ║∇J║=4.8e-04
Iteration 1984/2000-----
currents: [100000.0, 99999.99995829468, 99999.99995892988, 99999.999947696, 99999.99995054252]
J=1.1e-04, ⟨Jf⟩=1.0e-04, ⟨B·n⟩=3.0e-03, Len=sum([2.3, 2.4, 2.4, 2.6, 2.6])=12.3, ϰ=[10.5, 9.1, 7.3, 10.5, 10.9], ∫ϰ²/L>=[16.4, 17.8, 13.1, 19.3, 20.7], C-C-Sep=0.08, ║∇J║=4.1e-04
Iteration 1985/2000-----
currents: [100000.0, 99999.99995827179, 99999.99995890773, 99999.99994766804, 99999.99995051575]
J=1.1e-04, ⟨Jf⟩=1.0e-04, ⟨B·n⟩=3.0e-03, Len=sum([2.4, 2.4, 2.4, 2.6, 2.6])=12.3, ϰ=[10.5, 9.1, 7.3, 10.5, 10.8], ∫ϰ²/L>=[16.4, 17.8, 13.1, 19.3, 20.7], C-C-Sep=0.08, ║∇J║=4.1e-04
Iteration 1986/2000-----
currents: [100000.0, 99999.9999581811, 99999.99995882029, 99999.99994755781, 99999.99995041011]
J=1.1e-04, ⟨Jf⟩=1.0e-04, ⟨B·n⟩=3.0e-03, Len=sum([2.4, 2.4, 2.4, 2.6, 2.6])=12.3, ϰ=[10.5, 9.1, 7.3, 10.5, 10.8], ∫ϰ²/L>=[16.4, 17.9, 13.2, 19.3, 20.7], C-C-Sep=0.08, ║∇J║=3.8e-04
Iteration 1987/2000-----
currents: [100000.0, 99999.99995819718, 99999.99995883561, 99999.99994757715, 99999.99995042857]
J=1.1e-04, ⟨Jf⟩=1.0e-04, ⟨B·n⟩=3.0e-03, Len=sum([2.4, 2.4, 2.4, 2.6, 2.6])=12.3, ϰ=[10.4, 9.2, 7.3, 10.5, 10.8], ∫ϰ²/L>=[16.4, 17.8, 13.2, 19.3, 20.7], C-C-Sep=0.08, ║∇J║=4.6e-04
Iteration 1988/2000-----
currents: [100000.0, 99999.99995813312, 99999.99995877378, 99999.9999474993, 99999.99995035381]
J=1.1e-04, ⟨Jf⟩=1.0e-04, ⟨B·n⟩=3.0e-03, Len=sum([2.4, 2.4, 2.4, 2.6, 2.6])=12.3, ϰ=[10.5, 9.2, 7.3, 10.5, 10.8], ∫ϰ²/L>=[16.4, 17.8, 13.2, 19.3, 20.7], C-C-Sep=0.08, ║∇J║=4.2e-04
Iteration 1989/2000-----
currents: [100000.0, 99999.9999580934, 99999.99995873545, 99999.99994745103, 99999.99995030754]
J=1.1e-04, ⟨Jf⟩=1.0e-04, ⟨B·n⟩=3.0e-03, Len=sum([2.4, 2.4, 2.4, 2.6, 2.6])=12.3, ϰ=[10.5, 9.1, 7.3, 10.5, 10.8], ∫ϰ²/L>=[16.4, 17.9, 13.2, 19.2, 20.7], C-C-Sep=0.08, ║∇J║=4.0e-04
Iteration 1990/2000-----
currents: [100000.0, 99999.99995805068, 99999.99995869414, 99999.99994739913, 99999.9999502578]
J=1.1e-04, ⟨Jf⟩=1.0e-04, ⟨B·n⟩=3.0e-03, Len=sum([2.4, 2.4, 2.4, 2.6, 2.6])=12.3, ϰ=[10.5, 9.1, 7.3, 10.5, 10.8], ∫ϰ²/L>=[16.4, 17.9, 13.2, 19.2, 20.7], C-C-Sep=0.08, ║∇J║=3.6e-04
Iteration 1991/2000-----
currents: [100000.0, 99999.99995797435, 99999.99995862044, 99999.99994730634, 99999.99995016876]
J=1.1e-04, ⟨Jf⟩=1.0e-04, ⟨B·n⟩=3.0e-03, Len=sum([2.4, 2.4, 2.4, 2.6, 2.6])=12.3, ϰ=[10.5, 9.1, 7.3, 10.5, 10.8], ∫ϰ²/L>=[16.4, 17.9, 13.2, 19.2, 20.7], C-C-Sep=0.08, ║∇J║=4.3e-04
Iteration 1992/2000-----
currents: [100000.0, 99999.99995789898, 99999.99995854756, 99999.99994721466, 99999.99995008079]
J=1.1e-04, ⟨Jf⟩=1.0e-04, ⟨B·n⟩=3.0e-03, Len=sum([2.4, 2.4, 2.4, 2.6, 2.6])=12.3, ϰ=[10.5, 9.1, 7.3, 10.4, 10.8], ∫ϰ²/L>=[16.4, 17.9, 13.2, 19.2, 20.7], C-C-Sep=0.08, ║∇J║=4.2e-04
Iteration 1993/2000-----
currents: [100000.0, 99999.99995790177, 99999.99995855014, 99999.99994721802, 99999.99995008392]
J=1.1e-04, ⟨Jf⟩=1.0e-04, ⟨B·n⟩=3.0e-03, Len=sum([2.4, 2.4, 2.4, 2.6, 2.6])=12.3, ϰ=[10.5, 9.1, 7.3, 10.4, 10.8], ∫ϰ²/L>=[16.4, 17.8, 13.2, 19.2, 20.7], C-C-Sep=0.08, ║∇J║=4.1e-04
Iteration 1994/2000-----
currents: [100000.0, 99999.99995786787, 99999.99995851754, 99999.99994717682, 99999.99995004442]
J=1.1e-04, ⟨Jf⟩=1.0e-04, ⟨B·n⟩=3.0e-03, Len=sum([2.4, 2.4, 2.4, 2.6, 2.6])=12.3, ϰ=[10.5, 9.1, 7.3, 10.4, 10.8], ∫ϰ²/L>=[16.5, 17.8, 13.2, 19.2, 20.7], C-C-Sep=0.08, ║∇J║=4.2e-04
Iteration 1995/2000-----
currents: [100000.0, 99999.99995778275, 99999.99995843541, 99999.99994707326, 99999.99994994527]
J=1.1e-04, ⟨Jf⟩=1.0e-04, ⟨B·n⟩=3.0e-03, Len=sum([2.4, 2.4, 2.4, 2.6, 2.6])=12.3, ϰ=[10.5, 9.1, 7.3, 10.4, 10.8], ∫ϰ²/L>=[16.5, 17.8, 13.2, 19.2, 20.7], C-C-Sep=0.08, ║∇J║=4.3e-04
Iteration 1996/2000-----
currents: [100000.0, 99999.99995778184, 99999.99995843438, 99999.99994707202, 99999.99994994409]
J=1.1e-04, ⟨Jf⟩=1.0e-04, ⟨B·n⟩=3.0e-03, Len=sum([2.4, 2.4, 2.4, 2.6, 2.6])=12.3, ϰ=[10.5, 9.1, 7.3, 10.4, 10.8], ∫ϰ²/L>=[16.5, 17.8, 13.2, 19.2, 20.7], C-C-Sep=0.08, ║∇J║=4.4e-04
Iteration 1997/2000-----
currents: [100000.0, 99999.99995770141, 99999.99995835673, 99999.99994697428, 99999.99994985043]
J=1.1e-04, ⟨Jf⟩=1.0e-04, ⟨B·n⟩=3.0e-03, Len=sum([2.4, 2.4, 2.4, 2.6, 2.6])=12.3, ϰ=[10.5, 9.2, 7.3, 10.4, 10.9], ∫ϰ²/L>=[16.5, 17.8, 13.2, 19.2, 20.7], C-C-Sep=0.08, ║∇J║=3.8e-04
Iteration 1998/2000-----
currents: [100000.0, 99999.99995767586, 99999.99995833202, 99999.99994694325, 99999.99994982059]
J=1.1e-04, ⟨Jf⟩=1.0e-04, ⟨B·n⟩=3.0e-03, Len=sum([2.4, 2.4, 2.4, 2.6, 2.6])=12.3, ϰ=[10.5, 9.2, 7.3, 10.4, 10.9], ∫ϰ²/L>=[16.5, 17.8, 13.2, 19.2, 20.7], C-C-Sep=0.08, ║∇J║=3.7e-04
Iteration 1999/2000-----
currents: [100000.0, 99999.99995759105, 99999.99995825013, 99999.99994684, 99999.99994972166]
J=1.1e-04, ⟨Jf⟩=1.0e-04, ⟨B·n⟩=3.0e-03, Len=sum([2.4, 2.4, 2.4, 2.6, 2.6])=12.3, ϰ=[10.5, 9.2, 7.3, 10.4, 10.9], ∫ϰ²/L>=[16.5, 17.8, 13.2, 19.2, 20.7], C-C-Sep=0.08, ║∇J║=4.4e-04
Iteration 2000/2000-----
currents: [100000.0, 99999.99995757623, 99999.99995823586, 99999.99994682187, 99999.99994970436]
J=1.1e-04, ⟨Jf⟩=1.0e-04, ⟨B·n⟩=3.0e-03, Len=sum([2.4, 2.4, 2.4, 2.6, 2.6])=12.3, ϰ=[10.4, 9.2, 7.3, 10.4, 10.9], ∫ϰ²/L>=[16.5, 17.8, 13.2, 19.2, 20.7], C-C-Sep=0.08, ║∇J║=4.2e-04
Iteration 2001/2000-----
currents: [100000.0, 99999.99995753463, 99999.99995819578, 99999.9999467714, 99999.99994965587]
J=1.1e-04, ⟨Jf⟩=1.0e-04, ⟨B·n⟩=3.0e-03, Len=sum([2.4, 2.4, 2.4, 2.6, 2.6])=12.3, ϰ=[10.4, 9.2, 7.3, 10.4, 10.9], ∫ϰ²/L>=[16.5, 17.8, 13.2, 19.2, 20.7], C-C-Sep=0.08, ║∇J║=3.9e-04
Iteration 2002/2000-----
currents: [100000.0, 99999.999957495, 99999.9999581576, 99999.99994672333, 99999.9999496098]
J=1.1e-04, ⟨Jf⟩=1.0e-04, ⟨B·n⟩=3.0e-03, Len=sum([2.4, 2.4, 2.4, 2.6, 2.6])=12.3, ϰ=[10.5, 9.2, 7.3, 10.4, 10.9], ∫ϰ²/L>=[16.5, 17.8, 13.2, 19.2, 20.7], C-C-Sep=0.08, ║∇J║=4.1e-04
Iteration 2003/2000-----
currents: [100000.0, 99999.9999574913, 99999.99995815402, 99999.99994671877, 99999.99994960542]
J=1.1e-04, ⟨Jf⟩=1.0e-04, ⟨B·n⟩=3.0e-03, Len=sum([2.4, 2.4, 2.4, 2.6, 2.6])=12.3, ϰ=[10.5, 9.2, 7.3, 10.4, 10.9], ∫ϰ²/L>=[16.5, 17.8, 13.2, 19.2, 20.7], C-C-Sep=0.08, ║∇J║=3.4e-04
Iteration 2004/2000-----
currents: [100000.0, 99999.9999574464, 99999.99995811078, 99999.9999466642, 99999.99994955322]
J=1.1e-04, ⟨Jf⟩=1.0e-04, ⟨B·n⟩=3.0e-03, Len=sum([2.4, 2.4, 2.4, 2.6, 2.6])=12.3, ϰ=[10.5, 9.2, 7.3, 10.4, 10.8], ∫ϰ²/L>=[16.5, 17.8, 13.2, 19.2, 20.7], C-C-Sep=0.08, ║∇J║=3.6e-04
Iteration 2005/2000-----
currents: [100000.0, 99999.99995743646, 99999.99995810125, 99999.99994665217, 99999.99994954169]
J=1.1e-04, ⟨Jf⟩=1.0e-04, ⟨B·n⟩=3.0e-03, Len=sum([2.4, 2.4, 2.4, 2.6, 2.6])=12.3, ϰ=[10.5, 9.3, 7.3, 10.4, 10.9], ∫ϰ²/L>=[16.5, 17.8, 13.2, 19.2, 20.7], C-C-Sep=0.08, ║∇J║=3.5e-04
Iteration 2006/2000-----
currents: [100000.0, 99999.99995738249, 99999.9999580493, 99999.99994658663, 99999.99994947888]
J=1.1e-04, ⟨Jf⟩=1.0e-04, ⟨B·n⟩=3.0e-03, Len=sum([2.4, 2.4, 2.4, 2.6, 2.6])=12.3, ϰ=[10.5, 9.3, 7.3, 10.4, 10.9], ∫ϰ²/L>=[16.5, 17.8, 13.2, 19.2, 20.7], C-C-Sep=0.08, ║∇J║=3.3e-04
Iteration 2007/2000-----
currents: [100000.0, 99999.99995733604, 99999.99995800448, 99999.99994653015, 99999.99994942485]
J=1.1e-04, ⟨Jf⟩=1.0e-04, ⟨B·n⟩=3.0e-03, Len=sum([2.4, 2.4, 2.4, 2.6, 2.6])=12.3, ϰ=[10.5, 9.3, 7.2, 10.4, 10.9], ∫ϰ²/L>=[16.5, 17.8, 13.2, 19.2, 20.7], C-C-Sep=0.08, ║∇J║=3.6e-04
Iteration 2008/2000-----
currents: [100000.0, 99999.99995728141, 99999.99995795186, 99999.99994646388, 99999.99994936131]
J=1.1e-04, ⟨Jf⟩=1.0e-04, ⟨B·n⟩=3.0e-03, Len=sum([2.4, 2.4, 2.4, 2.6, 2.6])=12.3, ϰ=[10.5, 9.3, 7.2, 10.4, 10.9], ∫ϰ²/L>=[16.5, 17.8, 13.2, 19.2, 20.7], C-C-Sep=0.08, ║∇J║=3.7e-04
Iteration 2009/2000-----
currents: [100000.0, 99999.99995724806, 99999.99995791963, 99999.99994642331, 99999.9999493224]
J=1.1e-04, ⟨Jf⟩=1.0e-04, ⟨B·n⟩=3.0e-03, Len=sum([2.4, 2.4, 2.4, 2.6, 2.6])=12.3, ϰ=[10.5, 9.3, 7.2, 10.5, 10.9], ∫ϰ²/L>=[16.5, 17.8, 13.2, 19.2, 20.7], C-C-Sep=0.08, ║∇J║=3.4e-04
Iteration 2010/2000-----
currents: [100000.0, 99999.9999571904, 99999.999957864, 99999.9999463532, 99999.99994925514]
J=1.1e-04, ⟨Jf⟩=1.0e-04, ⟨B·n⟩=3.1e-03, Len=sum([2.4, 2.4, 2.4, 2.6, 2.6])=12.3, ϰ=[10.5, 9.3, 7.2, 10.5, 10.9], ∫ϰ²/L>=[16.5, 17.8, 13.2, 19.2, 20.8], C-C-Sep=0.08, ║∇J║=3.5e-04
Iteration 2011/2000-----
currents: [100000.0, 99999.99995713186, 99999.99995780751, 99999.999946282, 99999.99994918676]
J=1.1e-04, ⟨Jf⟩=1.0e-04, ⟨B·n⟩=3.1e-03, Len=sum([2.4, 2.4, 2.4, 2.6, 2.6])=12.3, ϰ=[10.5, 9.3, 7.1, 10.5, 10.9], ∫ϰ²/L>=[16.5, 17.8, 13.2, 19.2, 20.7], C-C-Sep=0.08, ║∇J║=4.0e-04
Iteration 2012/2000-----
currents: [100000.0, 99999.9999570025, 99999.99995768268, 99999.99994612462, 99999.99994903576]
J=1.1e-04, ⟨Jf⟩=1.0e-04, ⟨B·n⟩=3.1e-03, Len=sum([2.4, 2.4, 2.4, 2.6, 2.6])=12.3, ϰ=[10.5, 9.3, 7.2, 10.5, 10.9], ∫ϰ²/L>=[16.5, 17.7, 13.2, 19.2, 20.7], C-C-Sep=0.08, ║∇J║=4.4e-04
Iteration 2013/2000-----
currents: [100000.0, 99999.99995699312, 99999.9999576737, 99999.9999461132, 99999.99994902464]
J=1.1e-04, ⟨Jf⟩=1.0e-04, ⟨B·n⟩=3.1e-03, Len=sum([2.4, 2.4, 2.4, 2.6, 2.6])=12.3, ϰ=[10.5, 9.3, 7.2, 10.5, 10.9], ∫ϰ²/L>=[16.5, 17.7, 13.2, 19.2, 20.7], C-C-Sep=0.08, ║∇J║=7.4e-04
Iteration 2014/2000-----
currents: [100000.0, 99999.99995686708, 99999.9999575522, 99999.99994595996, 99999.99994887786]
J=1.1e-04, ⟨Jf⟩=1.0e-04, ⟨B·n⟩=3.1e-03, Len=sum([2.4, 2.4, 2.4, 2.6, 2.6])=12.3, ϰ=[10.5, 9.3, 7.2, 10.5, 10.9], ∫ϰ²/L>=[16.5, 17.7, 13.2, 19.2, 20.7], C-C-Sep=0.08, ║∇J║=5.5e-04
Iteration 2015/2000-----
currents: [100000.0, 99999.99995691986, 99999.99995760305, 99999.99994602408, 99999.9999489394]
J=1.1e-04, ⟨Jf⟩=1.0e-04, ⟨B·n⟩=3.1e-03, Len=sum([2.4, 2.4, 2.4, 2.6, 2.6])=12.3, ϰ=[10.5, 9.3, 7.2, 10.5, 10.9], ∫ϰ²/L>=[16.5, 17.7, 13.2, 19.2, 20.7], C-C-Sep=0.08, ║∇J║=5.2e-04
Iteration 2016/2000-----
currents: [100000.0, 99999.99995687639, 99999.99995756122, 99999.9999459714, 99999.99994888878]
J=1.1e-04, ⟨Jf⟩=1.0e-04, ⟨B·n⟩=3.1e-03, Len=sum([2.4, 2.4, 2.4, 2.6, 2.6])=12.3, ϰ=[10.5, 9.3, 7.2, 10.5, 10.9], ∫ϰ²/L>=[16.5, 17.7, 13.2, 19.2, 20.7], C-C-Sep=0.08, ║∇J║=3.7e-04
Iteration 2017/2000-----
currents: [100000.0, 99999.99995681763, 99999.9999575046, 99999.99994590002, 99999.99994882019]
J=1.1e-04, ⟨Jf⟩=1.0e-04, ⟨B·n⟩=3.1e-03, Len=sum([2.4, 2.4, 2.4, 2.6, 2.6])=12.3, ϰ=[10.5, 9.2, 7.2, 10.5, 10.9], ∫ϰ²/L>=[16.5, 17.7, 13.2, 19.2, 20.7], C-C-Sep=0.08, ║∇J║=4.0e-04
Iteration 2018/2000-----
currents: [100000.0, 99999.99995677345, 99999.99995746207, 99999.99994584639, 99999.99994876866]
J=1.1e-04, ⟨Jf⟩=1.0e-04, ⟨B·n⟩=3.1e-03, Len=sum([2.4, 2.4, 2.4, 2.6, 2.6])=12.3, ϰ=[10.5, 9.2, 7.2, 10.5, 10.9], ∫ϰ²/L>=[16.5, 17.7, 13.2, 19.2, 20.7], C-C-Sep=0.08, ║∇J║=3.6e-04
Iteration 2019/2000-----
currents: [100000.0, 99999.99995673726, 99999.9999574272, 99999.99994580253, 99999.99994872643]
J=1.1e-04, ⟨Jf⟩=1.0e-04, ⟨B·n⟩=3.1e-03, Len=sum([2.4, 2.4, 2.4, 2.6, 2.6])=12.3, ϰ=[10.5, 9.2, 7.2, 10.5, 10.9], ∫ϰ²/L>=[16.5, 17.6, 13.2, 19.2, 20.7], C-C-Sep=0.08, ║∇J║=3.7e-04
Iteration 2020/2000-----
currents: [100000.0, 99999.99995671057, 99999.99995740147, 99999.9999457701, 99999.99994869532]
J=1.1e-04, ⟨Jf⟩=1.0e-04, ⟨B·n⟩=3.1e-03, Len=sum([2.4, 2.4, 2.4, 2.6, 2.6])=12.3, ϰ=[10.5, 9.2, 7.2, 10.5, 10.9], ∫ϰ²/L>=[16.5, 17.6, 13.2, 19.2, 20.7], C-C-Sep=0.08, ║∇J║=4.4e-04
Iteration 2021/2000-----
currents: [100000.0, 99999.99995669037, 99999.999957382, 99999.99994574561, 99999.99994867173]
J=1.1e-04, ⟨Jf⟩=1.0e-04, ⟨B·n⟩=3.1e-03, Len=sum([2.4, 2.4, 2.4, 2.6, 2.6])=12.3, ϰ=[10.5, 9.2, 7.2, 10.5, 10.9], ∫ϰ²/L>=[16.5, 17.6, 13.2, 19.2, 20.7], C-C-Sep=0.08, ║∇J║=4.4e-04
Iteration 2022/2000-----
currents: [100000.0, 99999.99995666908, 99999.99995736143, 99999.99994571976, 99999.99994864682]
J=1.1e-04, ⟨Jf⟩=1.0e-04, ⟨B·n⟩=3.1e-03, Len=sum([2.4, 2.4, 2.4, 2.6, 2.6])=12.3, ϰ=[10.5, 9.2, 7.2, 10.4, 10.9], ∫ϰ²/L>=[16.5, 17.6, 13.2, 19.2, 20.7], C-C-Sep=0.08, ║∇J║=4.2e-04
Iteration 2023/2000-----
currents: [100000.0, 99999.99995663624, 99999.99995732977, 99999.99994567991, 99999.99994860853]
J=1.1e-04, ⟨Jf⟩=1.0e-04, ⟨B·n⟩=3.1e-03, Len=sum([2.4, 2.4, 2.4, 2.6, 2.6])=12.3, ϰ=[10.5, 9.2, 7.2, 10.4, 10.9], ∫ϰ²/L>=[16.5, 17.6, 13.2, 19.2, 20.7], C-C-Sep=0.08, ║∇J║=3.5e-04
Iteration 2024/2000-----
currents: [100000.0, 99999.99995664193, 99999.99995733533, 99999.99994568696, 99999.99994861522]
J=1.1e-04, ⟨Jf⟩=1.0e-04, ⟨B·n⟩=3.1e-03, Len=sum([2.4, 2.4, 2.4, 2.6, 2.6])=12.3, ϰ=[10.5, 9.2, 7.2, 10.4, 10.9], ∫ϰ²/L>=[16.5, 17.6, 13.2, 19.2, 20.7], C-C-Sep=0.08, ║∇J║=3.1e-04
Iteration 2025/2000-----
currents: [100000.0, 99999.99995659, 99999.9999572854, 99999.999945624, 99999.9999485548]
J=1.1e-04, ⟨Jf⟩=1.0e-04, ⟨B·n⟩=3.1e-03, Len=sum([2.4, 2.4, 2.4, 2.6, 2.6])=12.3, ϰ=[10.5, 9.2, 7.2, 10.4, 10.9], ∫ϰ²/L>=[16.5, 17.6, 13.2, 19.2, 20.7], C-C-Sep=0.08, ║∇J║=3.6e-04
Iteration 2026/2000-----
currents: [100000.0, 99999.9999565668, 99999.99995726309, 99999.99994559596, 99999.99994852772]
J=1.1e-04, ⟨Jf⟩=1.0e-04, ⟨B·n⟩=3.1e-03, Len=sum([2.4, 2.4, 2.4, 2.6, 2.6])=12.3, ϰ=[10.5, 9.2, 7.2, 10.4, 10.9], ∫ϰ²/L>=[16.5, 17.5, 13.2, 19.2, 20.7], C-C-Sep=0.08, ║∇J║=3.7e-04
Iteration 2027/2000-----
currents: [100000.0, 99999.99995648062, 99999.99995718, 99999.99994549139, 99999.99994842718]
J=1.1e-04, ⟨Jf⟩=1.0e-04, ⟨B·n⟩=3.1e-03, Len=sum([2.4, 2.4, 2.4, 2.6, 2.6])=12.3, ϰ=[10.5, 9.2, 7.2, 10.4, 10.9], ∫ϰ²/L>=[16.5, 17.5, 13.2, 19.2, 20.7], C-C-Sep=0.08, ║∇J║=4.6e-04
Iteration 2028/2000-----
currents: [100000.0, 99999.99995641218, 99999.99995711407, 99999.9999454084, 99999.99994834734]
J=1.1e-04, ⟨Jf⟩=1.0e-04, ⟨B·n⟩=3.1e-03, Len=sum([2.4, 2.4, 2.4, 2.6, 2.6])=12.3, ϰ=[10.5, 9.2, 7.2, 10.4, 10.9], ∫ϰ²/L>=[16.5, 17.5, 13.2, 19.2, 20.7], C-C-Sep=0.08, ║∇J║=4.2e-04
Iteration 2029/2000-----
currents: [100000.0, 99999.99995634668, 99999.99995705084, 99999.99994532879, 99999.99994827085]
J=1.1e-04, ⟨Jf⟩=1.0e-04, ⟨B·n⟩=3.1e-03, Len=sum([2.4, 2.4, 2.4, 2.6, 2.6])=12.3, ϰ=[10.5, 9.2, 7.2, 10.4, 10.9], ∫ϰ²/L>=[16.5, 17.5, 13.2, 19.2, 20.7], C-C-Sep=0.08, ║∇J║=3.6e-04
Iteration 2030/2000-----
currents: [100000.0, 99999.99995632851, 99999.9999570333, 99999.99994530677, 99999.99994824955]
J=1.1e-04, ⟨Jf⟩=1.0e-04, ⟨B·n⟩=3.1e-03, Len=sum([2.4, 2.4, 2.4, 2.6, 2.6])=12.3, ϰ=[10.5, 9.3, 7.2, 10.4, 10.9], ∫ϰ²/L>=[16.5, 17.5, 13.2, 19.3, 20.7], C-C-Sep=0.08, ║∇J║=4.5e-04
Iteration 2031/2000-----
currents: [100000.0, 99999.9999561983, 99999.99995690766, 99999.99994514852, 99999.9999480975]
J=1.1e-04, ⟨Jf⟩=1.0e-04, ⟨B·n⟩=3.1e-03, Len=sum([2.4, 2.4, 2.4, 2.6, 2.6])=12.3, ϰ=[10.5, 9.3, 7.2, 10.4, 10.9], ∫ϰ²/L>=[16.5, 17.5, 13.2, 19.3, 20.7], C-C-Sep=0.08, ║∇J║=5.3e-04
Iteration 2032/2000-----
currents: [100000.0, 99999.9999562701, 99999.99995697694, 99999.99994523582, 99999.99994818123]
J=1.1e-04, ⟨Jf⟩=1.0e-04, ⟨B·n⟩=3.1e-03, Len=sum([2.4, 2.4, 2.4, 2.6, 2.6])=12.3, ϰ=[10.5, 9.2, 7.2, 10.4, 10.9], ∫ϰ²/L>=[16.5, 17.5, 13.2, 19.3, 20.7], C-C-Sep=0.08, ║∇J║=4.4e-04
Iteration 2033/2000-----
currents: [100000.0, 99999.9999562372, 99999.99995694536, 99999.99994519605, 99999.99994814304]
J=1.1e-04, ⟨Jf⟩=1.0e-04, ⟨B·n⟩=3.1e-03, Len=sum([2.4, 2.4, 2.4, 2.6, 2.6])=12.3, ϰ=[10.5, 9.2, 7.2, 10.4, 10.9], ∫ϰ²/L>=[16.5, 17.5, 13.2, 19.3, 20.7], C-C-Sep=0.08, ║∇J║=4.5e-04
Iteration 2034/2000-----
currents: [100000.0, 99999.99995621755, 99999.99995692639, 99999.99994517217, 99999.9999481201]
J=1.1e-04, ⟨Jf⟩=1.0e-04, ⟨B·n⟩=3.1e-03, Len=sum([2.4, 2.4, 2.4, 2.6, 2.6])=12.3, ϰ=[10.5, 9.2, 7.2, 10.4, 10.9], ∫ϰ²/L>=[16.5, 17.5, 13.2, 19.3, 20.7], C-C-Sep=0.08, ║∇J║=3.3e-04
Iteration 2035/2000-----
currents: [100000.0, 99999.99995615508, 99999.99995686613, 99999.99994509631, 99999.99994804723]
J=1.1e-04, ⟨Jf⟩=1.0e-04, ⟨B·n⟩=3.1e-03, Len=sum([2.4, 2.4, 2.4, 2.6, 2.6])=12.3, ϰ=[10.4, 9.2, 7.2, 10.4, 10.9], ∫ϰ²/L>=[16.5, 17.5, 13.2, 19.3, 20.7], C-C-Sep=0.08, ║∇J║=4.4e-04
Iteration 2036/2000-----
currents: [100000.0, 99999.99995613223, 99999.99995684414, 99999.9999450687, 99999.99994802073]
J=1.1e-04, ⟨Jf⟩=1.0e-04, ⟨B·n⟩=3.1e-03, Len=sum([2.4, 2.4, 2.4, 2.6, 2.6])=12.3, ϰ=[10.4, 9.2, 7.3, 10.4, 10.9], ∫ϰ²/L>=[16.5, 17.5, 13.2, 19.3, 20.7], C-C-Sep=0.08, ║∇J║=5.0e-04
Iteration 2037/2000-----
currents: [100000.0, 99999.99995612976, 99999.99995684177, 99999.99994506584, 99999.99994801806]
J=1.1e-04, ⟨Jf⟩=1.0e-04, ⟨B·n⟩=3.1e-03, Len=sum([2.4, 2.4, 2.4, 2.6, 2.6])=12.3, ϰ=[10.4, 9.2, 7.2, 10.4, 10.9], ∫ϰ²/L>=[16.5, 17.5, 13.2, 19.3, 20.7], C-C-Sep=0.08, ║∇J║=4.4e-04
Iteration 2038/2000-----
currents: [100000.0, 99999.99995609661, 99999.99995680989, 99999.99994502582, 99999.99994797965]
J=1.1e-04, ⟨Jf⟩=1.0e-04, ⟨B·n⟩=3.1e-03, Len=sum([2.4, 2.4, 2.4, 2.6, 2.6])=12.3, ϰ=[10.4, 9.2, 7.2, 10.4, 10.9], ∫ϰ²/L>=[16.5, 17.5, 13.2, 19.3, 20.7], C-C-Sep=0.08, ║∇J║=3.8e-04
--------------------------------JF.x shape after opt: (499,)
Final arclength variation max(|ℓ|)/min(|ℓ|) - 1=[4.39e-03, 2.91e-03, 9.07e-04, 1.95e-03, 1.99e-03]

################################################################################
### Evaluate the obtained coils ################################################
################################################################################

Finished 100/1000 Out-of-Sample Evaluations
Finished 200/1000 Out-of-Sample Evaluations
Finished 300/1000 Out-of-Sample Evaluations
Finished 400/1000 Out-of-Sample Evaluations
Finished 500/1000 Out-of-Sample Evaluations
Finished 600/1000 Out-of-Sample Evaluations
Finished 700/1000 Out-of-Sample Evaluations
Finished 800/1000 Out-of-Sample Evaluations
Finished 900/1000 Out-of-Sample Evaluations
Finished 1000/1000 Out-of-Sample Evaluations
Flux Objective for exact coils     : 4.286e-05
Out-of-sample flux value                  : 1.949e-04
Objective Gradient (||∇J||)              : 3.784e-04
Mean Flux Objective across perturbed coils: 1.002e-04
Quality Number: 0.220
<B_N>/<|B|> = 4.70e-03

Total time taken: 1100.02 seconds
